/**
 * generated by fontconvert.py
 * name: bookerly_10_bold
 * size: 10
 * mode: 2-bit  compressed: zopfli
 * hinting: auto (FT_LOAD_FORCE_AUTOHINT — grid-fits stems to whole pixels)
 * Command used: fontconvert.py bookerly_10_bold 10 ../builtinFonts/source/Bookerly/Bookerly-Bold.ttf --2bit --compress --zopfli
 */
#pragma once
#include "EpdFontData.h"
#include "shared_tables.h"

static const uint8_t bookerly_10_boldBitmaps[21761] = {
    0x8D, 0x56, 0x01, 0x84, 0x6E, 0xC7, 0x15, 0xFE, 0xEE, 0xBD, 0xCD, 0x5E, 0xC9, 0xA5, 0x13, 0x44,
    0x85, 0xA5, 0x03, 0x41, 0x2B, 0x6D, 0x07, 0x8A, 0xE0, 0xDF, 0x9D, 0x49, 0x83, 0x87, 0x20, 0x0F,
    0x80, 0x42, 0x51, 0x80, 0xDA, 0x22, 0x28, 0xFE, 0xDD, 0xB9, 0x69, 0xF0, 0xB0, 0x10, 0x00, 0xA0,
    0x01, 0x00, 0x1A, 0x04, 0x0F, 0x9B, 0xFF, 0x4E, 0x12, 0x14, 0x0F, 0x99, 0x97, 0x45, 0x11, 0xBC,
    0x79, 0xCD, 0x56, 0xF0, 0x54, 0x26, 0x2F, 0xF3, 0x9A, 0xFB, 0xFA, 0x66, 0xEE, 0xE9, 0xB9, 0xFF,
    0xBF, 0xBF, 0xB7, 0xCF, 0xEE, 0xF6, 0x75, 0xCE, 0xF7, 0x9D, 0x9D, 0x7B, 0xE6, 0xCC, 0x39, 0x73,
    0xCF, 0x3D, 0x6B, 0xFE, 0xC3, 0x72, 0x3E, 0x3E, 0x39, 0x7C, 0x0D, 0x27, 0xE5, 0x64, 0xB9, 0xCC,
    0x3C, 0xC6, 0xF5, 0xB8, 0x79, 0x13, 0xAF, 0xBD, 0x0A, 0xDC, 0x5E, 0x00, 0x69, 0x09, 0xC4, 0x25,
    0x14, 0x91, 0x7B, 0xFD, 0x3F, 0x93, 0x69, 0xEE, 0x46, 0x34, 0x9F, 0x05, 0x0C, 0x34, 0x81, 0xA8,
    0x40, 0xDC, 0x70, 0x10, 0x5D, 0x0F, 0x29, 0x0C, 0xF0, 0x33, 0x60, 0x31, 0xA3, 0xA6, 0x0F, 0x04,
    0xA5, 0x5F, 0x2D, 0xF2, 0x62, 0xF1, 0xEE, 0xFE, 0x02, 0x2A, 0x43, 0x50, 0x5F, 0x53, 0xC4, 0x93,
    0xF1, 0xD7, 0xDF, 0xE5, 0x3F, 0xC5, 0xF1, 0xF0, 0x61, 0xD2, 0xE4, 0x77, 0x1E, 0x03, 0x71, 0x8B,
    0x9B, 0x00, 0x60, 0x20, 0x03, 0x22, 0xF4, 0x58, 0x07, 0xDC, 0x3E, 0x69, 0x1D, 0xE2, 0x42, 0x18,
    0x56, 0x12, 0x18, 0x97, 0x0B, 0xDD, 0xDB, 0xF4, 0x31, 0x79, 0x75, 0xFF, 0xE1, 0x3F, 0x22, 0x9A,
    0xCF, 0x7D, 0x44, 0xF7, 0xBE, 0x8B, 0x10, 0x0D, 0xAB, 0xBD, 0x86, 0x6D, 0x27, 0x15, 0x79, 0x24,
    0x58, 0x83, 0x97, 0x01, 0x60, 0xE8, 0xD1, 0x12, 0x3B, 0xDD, 0x67, 0x7E, 0xEA, 0xF9, 0xD8, 0x40,
    0xE7, 0xF5, 0xA8, 0xA3, 0x1E, 0x57, 0xCB, 0xD6, 0x15, 0xF5, 0x96, 0x2B, 0xDD, 0x03, 0x47, 0x35,
    0xF5, 0x43, 0x4F, 0x67, 0x9A, 0x88, 0x76, 0xE8, 0xCF, 0x99, 0xEB, 0x30, 0x97, 0x00, 0x40, 0x6C,
    0x62, 0xE7, 0x64, 0xAF, 0xB1, 0x8F, 0x13, 0xE4, 0xAD, 0xF0, 0xFC, 0x08, 0x1A, 0xD2, 0x08, 0xD7,
    0x44, 0xA4, 0x39, 0xD7, 0x12, 0x16, 0xB2, 0xEF, 0x7C, 0xC3, 0x3B, 0xAA, 0x84, 0xF1, 0xDC, 0x71,
    0xAC, 0x52, 0x1D, 0x9B, 0xD0, 0x39, 0xC1, 0x31, 0x96, 0xB3, 0x63, 0xDC, 0x8B, 0xBB, 0x0F, 0x76,
    0xBF, 0xFD, 0x65, 0xC4, 0x2C, 0x1B, 0x10, 0x39, 0x06, 0x22, 0xB0, 0xC5, 0x0B, 0x10, 0x8E, 0xA5,
    0x97, 0xD8, 0xC3, 0xBB, 0x00, 0x28, 0x51, 0xE2, 0x2F, 0x84, 0xEA, 0x43, 0x70, 0xC6, 0xD6, 0xF3,
    0x32, 0x44, 0x0F, 0x05, 0xEC, 0x03, 0x27, 0xC0, 0x88, 0x2A, 0x5D, 0xB1, 0x52, 0x91, 0x11, 0x14,
    0xF5, 0xAD, 0xD1, 0xD6, 0x79, 0x85, 0x5C, 0x50, 0xB6, 0xC8, 0x53, 0x95, 0x87, 0x7A, 0xD4, 0xB7,
    0xA2, 0xE4, 0xCF, 0x30, 0x01, 0x00, 0x96, 0xD8, 0x2D, 0xD0, 0x05, 0x3F, 0x29, 0xC0, 0x35, 0x60,
    0x67, 0x4D, 0xBE, 0xA2, 0x9E, 0xC3, 0xAA, 0xD3, 0xAC, 0xDF, 0xCB, 0xEA, 0xCD, 0x8C, 0x66, 0x44,
    0x1B, 0x21, 0x03, 0x6C, 0x5F, 0x4D, 0x68, 0x47, 0xA8, 0x00, 0x4D, 0x45, 0x51, 0xDE, 0x21, 0xA3,
    0x29, 0x1E, 0x75, 0xE9, 0x8D, 0x26, 0xCD, 0x3E, 0xAA, 0x6F, 0x89, 0x11, 0xC1, 0x8F, 0x8C, 0x2E,
    0x56, 0xD6, 0x5B, 0xEA, 0xD5, 0x08, 0xD4, 0x1F, 0x03, 0x22, 0x01, 0x8A, 0x69, 0x99, 0xC4, 0x1E,
    0xDF, 0xB3, 0xCB, 0x69, 0x82, 0x7C, 0x3F, 0x41, 0xB3, 0xBB, 0x25, 0xEA, 0x35, 0x13, 0x3C, 0xBF,
    0x48, 0x41, 0x69, 0x86, 0xC3, 0x8C, 0x33, 0x48, 0xEA, 0x5F, 0xA2, 0x80, 0xEE, 0x69, 0x16, 0xCC,
    0x59, 0x8C, 0x3A, 0x03, 0x54, 0xA8, 0x28, 0x76, 0x93, 0x91, 0x1E, 0xDA, 0x80, 0x8D, 0x44, 0xBE,
    0x88, 0x58, 0x9A, 0xC4, 0x18, 0x9A, 0x68, 0x8F, 0xA3, 0x22, 0xC7, 0x05, 0x19, 0x28, 0x11, 0xA5,
    0xB1, 0x89, 0x51, 0xB8, 0x97, 0x65, 0x0F, 0x0D, 0x14, 0x54, 0x19, 0x9B, 0xF7, 0xE8, 0x02, 0xC4,
    0xBA, 0xD4, 0x9D, 0x43, 0xCD, 0xD1, 0x28, 0xE8, 0xE3, 0x68, 0x9B, 0xA4, 0x9B, 0xA8, 0xEE, 0xF9,
    0x8E, 0x8C, 0x18, 0xBC, 0xEE, 0xCE, 0xC3, 0xD2, 0xDB, 0xD1, 0x92, 0xEF, 0x26, 0x70, 0xDD, 0x3A,
    0x8A, 0xF2, 0x6F, 0xA3, 0x7E, 0x33, 0x6B, 0x53, 0x74, 0x5F, 0x14, 0x27, 0xA7, 0x5C, 0xD3, 0x3A,
    0xAE, 0x8C, 0x2F, 0x90, 0xD3, 0xD3, 0xFC, 0x0A, 0xF3, 0xB7, 0x06, 0x30, 0xFF, 0x55, 0xD0, 0x46,
    0x61, 0x3B, 0x5E, 0x84, 0x32, 0xD2, 0x48, 0xEC, 0x63, 0x89, 0x8F, 0x80, 0x0A, 0x90, 0xAE, 0x22,
    0x23, 0x03, 0x26, 0x80, 0x0C, 0x64, 0x02, 0x3F, 0xB2, 0x11, 0x95, 0x39, 0x6F, 0xAB, 0xF5, 0xD8,
    0xCC, 0x7F, 0x04, 0x68, 0x40, 0x05, 0x54, 0x13, 0x20, 0xD7, 0x25, 0x1A, 0xFA, 0x2E, 0x71, 0x06,
    0xBC, 0x02, 0xD8, 0x9E, 0x12, 0x15, 0x0E, 0x2D, 0xA0, 0x76, 0x8B, 0x0E, 0x7B, 0xF8, 0x05, 0x80,
    0xF3, 0xFC, 0x3B, 0xF4, 0x01, 0x30, 0x50, 0x41, 0x33, 0x19, 0x6B, 0x04, 0xEF, 0x75, 0xEA, 0xBD,
    0x55, 0x13, 0x74, 0x47, 0xEF, 0xC5, 0x43, 0x71, 0xEC, 0xE2, 0x49, 0xD5, 0xB8, 0x98, 0x31, 0xB0,
    0x6A, 0xBF, 0x61, 0x25, 0x3E, 0xFF, 0x2C, 0x64, 0x71, 0xE7, 0x73, 0xFF, 0x89, 0x20, 0xEA, 0xB9,
    0x38, 0x13, 0x94, 0x03, 0x20, 0x1E, 0xE3, 0x0F, 0xA8, 0x89, 0x32, 0xA0, 0x38, 0xE8, 0x66, 0xD4,
    0x11, 0xE8, 0x98, 0x62, 0x04, 0x7E, 0x9A, 0x81, 0x45, 0x01, 0x96, 0x16, 0x48, 0x1A, 0x88, 0xBA,
    0x67, 0x77, 0xD7, 0x10, 0xF9, 0xCE, 0x75, 0x41, 0xF4, 0x6D, 0xB4, 0x41, 0x4E, 0x14, 0x35, 0xFD,
    0x95, 0x03, 0x10, 0x8D, 0x10, 0x5F, 0x66, 0x08, 0x5F, 0x98, 0xFC, 0xF7, 0x2E, 0x93, 0x22, 0xB3,
    0xF0, 0x7C, 0x60, 0x9B, 0x36, 0x6B, 0xDE, 0x25, 0x58, 0x2A, 0x20, 0x0A, 0x80, 0x1D, 0x5B, 0x2A,
    0xD2, 0xEF, 0x69, 0xB3, 0x77, 0x84, 0x57, 0x57, 0xDB, 0x0E, 0x9F, 0x00, 0x02, 0xAC, 0x81, 0x3E,
    0xDB, 0x11, 0x44, 0xD5, 0x30, 0x0E, 0x74, 0x06, 0x22, 0x9A, 0x23, 0x39, 0xE1, 0x65, 0x10, 0xBE,
    0x8B, 0xC2, 0x37, 0xE9, 0x02, 0xF9, 0xB9, 0x65, 0xCE, 0x62, 0xFB, 0x4D, 0x86, 0xF9, 0x54, 0x34,
    0x10, 0xF1, 0x0E, 0x36, 0x0B, 0x8F, 0x19, 0x94, 0x18, 0xE7, 0xF3, 0xD9, 0x28, 0x2D, 0xF1, 0x98,
    0x88, 0xF2, 0x40, 0x59, 0xF8, 0xA5, 0xF0, 0x8B, 0xAD, 0x67, 0x9C, 0xE1, 0xB1, 0x05, 0x6C, 0x01,
    0x15, 0xE0, 0x60, 0x32, 0x0D, 0x91, 0x13, 0x67, 0xC2, 0x69, 0xD3, 0x39, 0x8B, 0x1D, 0xAC, 0x00,
    0x94, 0x99, 0x15, 0xF9, 0x89, 0x49, 0x98, 0x4F, 0x21, 0xBC, 0x7E, 0x7C, 0xE0, 0x05, 0x91, 0xAF,
    0x86, 0xC7, 0xA0, 0xAC, 0xC8, 0x0C, 0x49, 0x4E, 0x98, 0x4F, 0x7C, 0x49, 0x11, 0x6D, 0xD4, 0x95,
    0xAB, 0x07, 0x63, 0x37, 0x6D, 0x02, 0x50, 0x19, 0x46, 0xE1, 0x2F, 0xCB, 0xC1, 0x48, 0x45, 0x90,
    0xEF, 0xA8, 0x47, 0xC1, 0x73, 0x90, 0x51, 0x65, 0xD4, 0x19, 0x5D, 0x82, 0xF5, 0x50, 0x06, 0x94,
    0xED, 0x38, 0x24, 0xC5, 0x65, 0xD5, 0x9B, 0x8F, 0x77, 0x1A, 0x21, 0xBE, 0xED, 0x21, 0x08, 0x4C,
    0x07, 0x71, 0x2F, 0xB2, 0x8D, 0xED, 0x9B, 0x17, 0xE3, 0x64, 0x72, 0xA4, 0x5C, 0x27, 0xCA, 0x18,
    0x12, 0x5B, 0xAE, 0xC4, 0x4B, 0xEB, 0xF2, 0xAA, 0x4D, 0x79, 0x05, 0xC1, 0xA6, 0x96, 0xCC, 0x10,
    0x2A, 0xEA, 0xC9, 0x55, 0xE4, 0xC8, 0xD5, 0x0F, 0x3E, 0x7D, 0xE0, 0xEA, 0x6F, 0x4E, 0xBF, 0xF2,
    0xCD, 0xD7, 0x5F, 0xDF, 0xF1, 0xCD, 0xE9, 0x0F, 0xC7, 0xBE, 0xB9, 0x4B, 0x37, 0x42, 0xE3, 0xA9,
    0x0D, 0xAD, 0x9B, 0x66, 0x75, 0xD8, 0x44, 0x79, 0xF6, 0xC6, 0x6E, 0xD1, 0x19, 0x8A, 0x55, 0x43,
    0x41, 0x16, 0x0E, 0xD1, 0x10, 0x34, 0x1A, 0x72, 0xB3, 0x0A, 0xAC, 0x9E, 0x24, 0x56, 0xDF, 0x67,
    0x56, 0x71, 0x9A, 0x95, 0xB5, 0xAC, 0x14, 0xB1, 0x12, 0xB3, 0x6A, 0x08, 0xF3, 0x36, 0xE8, 0x09,
    0x03, 0x00, 0xBC, 0x0C, 0x2E, 0x29, 0x5A, 0x22, 0x23, 0xBD, 0xE5, 0x20, 0x22, 0x1E, 0xA1, 0x8D,
    0x05, 0x4D, 0xDA, 0x72, 0x42, 0x13, 0x07, 0xB6, 0xD9, 0xB9, 0x6B, 0x83, 0xED, 0x05, 0x4D, 0xA8,
    0x86, 0x80, 0x03, 0x0A, 0x44, 0x59, 0xDC, 0x9D, 0x84, 0x1F, 0xB8, 0x14, 0xB3, 0xFE, 0xB2, 0xAC,
    0x9B, 0xAA, 0xDF, 0xBE, 0x38, 0x87, 0xDE, 0xF4, 0x49, 0x42, 0x43, 0x04, 0x31, 0x67, 0x30, 0x22,
    0x58, 0x74, 0x71, 0x85, 0xE6, 0xEA, 0x2C, 0xBC, 0x59, 0x9D, 0xD9, 0xBE, 0xA3, 0x09, 0x18, 0xCE,
    0x00, 0xE1, 0x80, 0xA6, 0x18, 0xC0, 0x16, 0xA0, 0x1D, 0x07, 0x0A, 0x18, 0x68, 0xFE, 0xAF, 0x5A,
    0xC7, 0x63, 0x0E, 0x3C, 0x2F, 0xE0, 0xC4, 0x4C, 0x07, 0xF1, 0x95, 0x87, 0x38, 0x4D, 0x6C, 0xCB,
    0xF3, 0xBA, 0xB1, 0x59, 0x05, 0xCA, 0x6D, 0xAC, 0x28, 0xB0, 0x8B, 0xBA, 0x9B, 0xB4, 0x49, 0xBA,
    0xBF, 0xA9, 0xD2, 0xF6, 0x17, 0x80, 0x1C, 0x17, 0x75, 0x5E, 0x56, 0xD9, 0xDE, 0x18, 0x2D, 0x85,
    0xDD, 0xC9, 0x10, 0x91, 0x9B, 0x39, 0xEA, 0xB7, 0x5C, 0x64, 0xFE, 0x4E, 0xFF, 0xC6, 0x40, 0x1B,
    0x5C, 0x47, 0x8E, 0x8C, 0x86, 0xD2, 0xBA, 0x29, 0x31, 0xA4, 0xDD, 0xB2, 0x6E, 0xD4, 0xE7, 0xA9,
    0x30, 0xAB, 0xD8, 0x46, 0xB4, 0xE5, 0x20, 0xA0, 0x26, 0x72, 0xC0, 0xC1, 0x63, 0x60, 0x28, 0x82,
    0xEC, 0xD8, 0x15, 0x31, 0x5F, 0xF5, 0xCC, 0x36, 0xB5, 0xBE, 0x19, 0x85, 0xAB, 0xB2, 0xE8, 0x51,
    0x14, 0xB0, 0xDA, 0x07, 0xF4, 0x21, 0x33, 0x03, 0x32, 0x01, 0x22, 0x02, 0x5D, 0x80, 0x2D, 0x9D,
    0xB7, 0xA3, 0x1E, 0x45, 0x50, 0x51, 0xCC, 0xE2, 0xBA, 0x28, 0xA3, 0xE8, 0xDB, 0xA4, 0x92, 0x34,
    0x0D, 0xAF, 0x28, 0xD4, 0x79, 0x2F, 0xEF, 0xA3, 0xCA, 0xCB, 0xB2, 0x07, 0x94, 0xDB, 0xAB, 0x25,
    0xB0, 0x8A, 0xFA, 0x36, 0xA0, 0xA3, 0x4E, 0xAC, 0x79, 0x2B, 0xA0, 0x9C, 0x08, 0x80, 0x70, 0xC2,
    0x43, 0x93, 0x9C, 0x54, 0xE9, 0xC6, 0x26, 0x77, 0x1E, 0x93, 0xEC, 0x61, 0x8F, 0x00, 0x95, 0x37,
    0x39, 0xC5, 0x08, 0xE8, 0x09, 0x38, 0xB1, 0xA6, 0x4A, 0xCA, 0xB5, 0x9C, 0x53, 0x8D, 0x72, 0x1A,
    0xB2, 0x26, 0x66, 0xB6, 0xA3, 0x4C, 0xF3, 0x29, 0x1A, 0xCE, 0x5E, 0x73, 0x56, 0x94, 0x25, 0x60,
    0x13, 0x30, 0xE7, 0x10, 0xFE, 0x59, 0xDA, 0x11, 0xA0, 0x02, 0x4D, 0x45, 0xD3, 0xB4, 0x57, 0xE7,
    0x45, 0x3B, 0x57, 0x08, 0xDA, 0x61, 0x40, 0x35, 0xA1, 0xC9, 0xE8, 0xE2, 0x8B, 0xD2, 0x0B, 0xDD,
    0x2B, 0x4B, 0x13, 0xBB, 0x01, 0x20, 0x47, 0x2E, 0xE3, 0x7F, 0xCB, 0xEC, 0xF3, 0x73, 0x40, 0x03,
    0xD2, 0x40, 0xF4, 0xE8, 0x1C, 0x9A, 0x80, 0x3A, 0x02, 0x23, 0x90, 0x81, 0xC3, 0x2B, 0xD6, 0x34,
    0x4B, 0xF3, 0x1C, 0xD1, 0x2C, 0xF8, 0x3D, 0x90, 0x51, 0x15, 0x34, 0xDF, 0xA2, 0xFD, 0xC2, 0x74,
    0xC7, 0xBD, 0x68, 0x9D, 0x6A, 0xC2, 0x7E, 0x1D, 0x97, 0x55, 0x02, 0x40, 0x14, 0x19, 0xC0, 0x1F,
    0x91, 0x71, 0x04, 0x81, 0x0A, 0xDD, 0x04, 0x4B, 0xAE, 0x48, 0xFF, 0x8A, 0xF0, 0x3B, 0xE4, 0x35,
    0xF9, 0x95, 0xF0, 0x59, 0xF8, 0xA2, 0xC2, 0x40, 0x59, 0x9D, 0x26, 0xE5, 0x01, 0x62, 0xCA, 0x8B,
    0xF5, 0xF9, 0x2A, 0x41, 0xD0, 0x04, 0x11, 0xB7, 0x0D, 0xAF, 0xCD, 0x39, 0x37, 0xCF, 0xF7, 0x79,
    0x8D, 0x46, 0xBC, 0x44, 0x1E, 0x35, 0x19, 0x49, 0x4E, 0xBF, 0xE3, 0x57, 0x9D, 0x2B, 0xD5, 0x85,
    0x0B, 0xC4, 0xDF, 0xE4, 0x64, 0x2D, 0x19, 0x74, 0x09, 0xD0, 0xCC, 0x96, 0xD9, 0x6C, 0x58, 0x53,
    0x82, 0x64, 0xEA, 0xB7, 0x12, 0x56, 0xFC, 0x5C, 0x2E, 0x70, 0x62, 0x0E, 0x6F, 0xF3, 0x1A, 0x4D,
    0x46, 0x3C, 0x22, 0x53, 0x4F, 0x58, 0x27, 0x08, 0x9F, 0xB4, 0x91, 0x68, 0xC6, 0x04, 0x30, 0x86,
    0x9E, 0x13, 0x84, 0x39, 0x81, 0xE4, 0x0D, 0xA5, 0xCA, 0x8B, 0x3A, 0xCD, 0xB1, 0x77, 0xD7, 0x6F,
    0xC9, 0x93, 0xCB, 0xE8, 0x26, 0xA8, 0x39, 0xE0, 0x20, 0x89, 0xF4, 0xF1, 0x3F, 0x6D, 0xB3, 0xFE,
    0xBD, 0x72, 0x1C, 0x25, 0x05, 0x49, 0x46, 0x03, 0x9A, 0x92, 0xA2, 0xBC, 0x42, 0x29, 0xC8, 0x74,
    0x23, 0x5B, 0x8A, 0xFC, 0xCF, 0x79, 0x75, 0x85, 0xC6, 0xCD, 0xE5, 0x9A, 0xB6, 0x15, 0xBA, 0x4C,
    0x15, 0x87, 0xDE, 0x3E, 0x9A, 0x2F, 0x6C, 0xC1, 0x04, 0x80, 0x03, 0x3F, 0x78, 0xF1, 0x8C, 0xA8,
    0x64, 0x47, 0x9C, 0xA0, 0x30, 0x01, 0xEC, 0x94, 0xAE, 0xE0, 0xB2, 0xE4, 0x2A, 0xB7, 0x49, 0x07,
    0xB5, 0x3D, 0x09, 0xC4, 0x45, 0x9E, 0x12, 0x5F, 0xEB, 0x13, 0xC4, 0x97, 0x89, 0x4F, 0xE5, 0x20,
    0xA8, 0x87, 0xB8, 0xE7, 0x21, 0xFE, 0xBE, 0xBD, 0x35, 0x26, 0x70, 0x96, 0xDE, 0x8E, 0xB2, 0x57,
    0x9E, 0xBC, 0xB8, 0x46, 0x54, 0x1A, 0xF2, 0xC1, 0x9D, 0x51, 0xF5, 0xC4, 0x23, 0x8A, 0x44, 0xB7,
    0xA2, 0xF0, 0x5C, 0x9E, 0x6B, 0x15, 0xBF, 0xDE, 0x8D, 0x32, 0x7C, 0x47, 0x5F, 0xD0, 0xC1, 0x9D,
    0x04, 0xFA, 0x3F, 0x8A, 0x31, 0x70, 0x31, 0xD6, 0xED, 0x12, 0xF5, 0xDB, 0x69, 0x55, 0xE7, 0x52,
    0x9D, 0x63, 0xAA, 0x47, 0x7B, 0x2B, 0xCE, 0xED, 0x32, 0x41, 0x71, 0xB0, 0xE1, 0x69, 0xEF, 0x99,
    0x6B, 0x7A, 0x8F, 0xE9, 0x9F, 0xA9, 0x83, 0x1E, 0x01, 0x9B, 0x81, 0x7A, 0xFE, 0x96, 0x49, 0xDF,
    0x48, 0xDC, 0x57, 0x65, 0x0B, 0xEE, 0x29, 0x6E, 0x29, 0x4D, 0xA9, 0xFB, 0xE1, 0x42, 0x3B, 0x88,
    0x02, 0x3D, 0xBD, 0x7E, 0xCB, 0xD3, 0x3D, 0x2F, 0xC9, 0x89, 0x00, 0xE1, 0x9F, 0x81, 0x1A, 0x31,
    0x14, 0x74, 0x8F, 0x61, 0x09, 0x93, 0xC4, 0xF4, 0x63, 0x0C, 0x01, 0x6A, 0x42, 0x45, 0x7D, 0x54,
    0x6E, 0x54, 0x8E, 0xC8, 0x1C, 0x8C, 0x68, 0x3C, 0xBA, 0xB5, 0xBF, 0x25, 0xB6, 0xF4, 0x57, 0xDC,
    0xC6, 0x8F, 0xFA, 0x8E, 0x5C, 0x3D, 0x41, 0xDD, 0x27, 0x0C, 0xA7, 0xD7, 0x16, 0x89, 0x1D, 0x09,
    0x2D, 0x51, 0xA8, 0x26, 0x15, 0x86, 0x3C, 0x78, 0x1D, 0x34, 0x87, 0x53, 0xE8, 0xE2, 0x3E, 0x9A,
    0xB8, 0x44, 0x93, 0x46, 0x54, 0x63, 0x04, 0x26, 0xA6, 0xF5, 0x80, 0x76, 0x80, 0x32, 0xB0, 0x69,
    0x21, 0x93, 0x0E, 0x87, 0x5D, 0x14, 0x6E, 0x6A, 0x9D, 0xF0, 0xD4, 0xB9, 0xF6, 0x3E, 0x09, 0xD3,
    0x3C, 0xBC, 0xF7, 0x0E, 0xEA, 0xEF, 0xBF, 0xF8, 0x0B, 0xAA, 0x27, 0xC7, 0xFF, 0x02, 0xA8, 0xCD,
    0xC0, 0xD0, 0x8C, 0xC0, 0x51, 0x9D, 0xA0, 0x47, 0x72, 0x32, 0x6A, 0x0E, 0x7B, 0xF2, 0x34, 0xA4,
    0x72, 0x80, 0x0D, 0xC0, 0x5C, 0xA8, 0x50, 0x20, 0x03, 0xF5, 0xFA, 0x21, 0x39, 0x4A, 0xE4, 0x6C,
    0xB0, 0x46, 0xBA, 0x7D, 0x08, 0xBF, 0x44, 0x17, 0x46, 0x34, 0x31, 0xA1, 0xFE, 0x77, 0x04, 0x9E,
    0x78, 0x80, 0xE6, 0x7D, 0x3D, 0xA0, 0x01, 0xEC, 0x33, 0x39, 0xE4, 0x6F, 0x13, 0x40, 0x01, 0x58,
    0x19, 0x40, 0x53, 0xD0, 0x14, 0x17, 0xD2, 0xBF, 0xA1, 0x0D, 0x26, 0xD4, 0x19, 0x6D, 0x84, 0xF0,
    0x1F, 0xE9, 0x3E, 0x0E, 0x14, 0x79, 0xB5, 0x4E, 0x32, 0x69, 0xA3, 0xF1, 0x54, 0x0A, 0x8B, 0x7E,
    0x46, 0x64, 0x6A, 0x13, 0x90, 0x2F, 0x8D, 0x02, 0xE2, 0x83, 0x89, 0x0B, 0xD2, 0xB2, 0xA7, 0x78,
    0xC6, 0x42, 0xA6, 0x60, 0x3D, 0x54, 0xFF, 0xE1, 0xF0, 0x28, 0x3E, 0xA2, 0xF0, 0xA1, 0xEA, 0x01,
    0xFC, 0x17, 0xB5, 0x97, 0x01, 0x84, 0x27, 0xD7, 0x1D, 0xC7, 0x3F, 0x33, 0x73, 0xD9, 0x49, 0x32,
    0x77, 0xF7, 0xFE, 0x48, 0x9B, 0x4B, 0xEF, 0x7A, 0x0F, 0x8A, 0x43, 0xEE, 0x66, 0x4B, 0xCA, 0x62,
    0x77, 0xDF, 0x44, 0x68, 0x10, 0x24, 0x00, 0x54, 0x35, 0x05, 0xAA, 0xE8, 0x15, 0xC1, 0xE2, 0xBF,
    0x3B, 0x23, 0x41, 0x68, 0x90, 0x44, 0x01, 0xA0, 0x28, 0x0A, 0x92, 0x2B, 0x47, 0x57, 0xFB, 0xDF,
    0x9D, 0x97, 0x04, 0xA5, 0x45, 0xE7, 0x12, 0x04, 0x69, 0xDD, 0x44, 0x0E, 0xD5, 0xA2, 0x4F, 0xEF,
    0x5D, 0x33, 0x97, 0xCC, 0xCC, 0xAF, 0xF3, 0x6C, 0xFE, 0x77, 0x2B, 0x77, 0x97, 0x6C, 0x73, 0xCD,
    0x6F, 0xBE, 0xBF, 0xEF, 0xBE, 0x7D, 0xEF, 0xF7, 0xFD, 0xFE, 0xE6, 0xCD, 0x0C, 0x6F, 0x77, 0x47,
    0xF6, 0x38, 0xB5, 0xBD, 0xB3, 0x53, 0x4E, 0x51, 0xD7, 0xF5, 0x1E, 0xC0, 0xDA, 0x12, 0xDB, 0x64,
    0xD2, 0xE6, 0xBF, 0xF3, 0xE5, 0xAA, 0xDF, 0x5F, 0x7D, 0x6E, 0x58, 0xE5, 0x00, 0xE3, 0x2A, 0xF5,
    0x6F, 0x5F, 0x30, 0xE2, 0x33, 0x79, 0x0D, 0xC7, 0x6D, 0x3C, 0x07, 0xDA, 0x53, 0x8E, 0x0C, 0x79,
    0xDC, 0x9D, 0x4C, 0x3C, 0x89, 0xA3, 0x14, 0x57, 0x8B, 0x4B, 0x1D, 0x69, 0x4B, 0xD6, 0xA0, 0xEC,
    0x23, 0x22, 0xFD, 0xCE, 0x9B, 0xDD, 0x8C, 0x07, 0x37, 0xEA, 0x6D, 0x2D, 0x5D, 0xF6, 0xB6, 0x53,
    0x04, 0xA8, 0x17, 0x9D, 0x16, 0xBF, 0x29, 0xDB, 0x8F, 0xF0, 0x60, 0xD9, 0x1B, 0x9F, 0x7B, 0xDD,
    0x66, 0xAD, 0xAA, 0x12, 0xA7, 0x89, 0xBB, 0x4D, 0xE8, 0xE7, 0x64, 0xA3, 0xD8, 0xF8, 0xCD, 0x4F,
    0x8A, 0x54, 0xA4, 0x4A, 0x44, 0x0A, 0x54, 0x03, 0x21, 0xCB, 0x0E, 0x64, 0xA0, 0x3F, 0x08, 0x60,
    0x39, 0x8C, 0x7B, 0xB4, 0xB0, 0x91, 0xB3, 0x50, 0x0C, 0x20, 0x15, 0xD7, 0x3D, 0x7E, 0x9F, 0x6D,
    0x5D, 0xE4, 0x2F, 0xDB, 0xEC, 0xBA, 0x8D, 0xC4, 0xCE, 0x72, 0xBB, 0xAB, 0x8A, 0x3E, 0xA7, 0xEE,
    0xC9, 0x5B, 0x80, 0xAD, 0xAD, 0x61, 0x58, 0x2C, 0xD0, 0x37, 0x89, 0xAE, 0xAD, 0xD8, 0x14, 0x7E,
    0x7E, 0x3C, 0xEB, 0xCE, 0x9C, 0xDB, 0x58, 0x3F, 0xF1, 0xC4, 0x0B, 0xA7, 0x56, 0x56, 0x1D, 0xE9,
    0x94, 0xC9, 0xAA, 0x27, 0x7D, 0x62, 0x38, 0xB6, 0x72, 0xAE, 0xEC, 0x4F, 0x1C, 0x3F, 0xED, 0xCF,
    0x84, 0xBA, 0x50, 0x1F, 0x74, 0xB9, 0xFD, 0xBD, 0x9B, 0x39, 0xE3, 0x6E, 0xBA, 0x1B, 0xBE, 0xDE,
    0x3B, 0x36, 0xFB, 0xE9, 0x6F, 0xA4, 0x8B, 0x9A, 0xB5, 0xEC, 0x2D, 0x6F, 0xB2, 0x76, 0xD0, 0xD5,
    0x84, 0x69, 0xA0, 0xDE, 0xF2, 0x71, 0xB3, 0x05, 0x88, 0xD8, 0x09, 0x24, 0x4B, 0x20, 0x5E, 0x7C,
    0x3C, 0xF2, 0xED, 0xA8, 0x59, 0x65, 0xF5, 0x97, 0xDD, 0x29, 0xFB, 0xD7, 0xE3, 0xF6, 0xEF, 0xC7,
    0xAD, 0x3F, 0xFE, 0xFA, 0xDF, 0x4E, 0x7D, 0xF7, 0xF5, 0xD5, 0x69, 0x7E, 0x5A, 0x05, 0x23, 0x46,
    0x40, 0xB7, 0x65, 0xD7, 0xCD, 0xDD, 0x7A, 0x37, 0x2F, 0xBD, 0x6E, 0x96, 0x2F, 0x64, 0x69, 0xEA,
    0xB8, 0x8D, 0x65, 0xA7, 0xB4, 0x23, 0x1F, 0xD9, 0xCC, 0x79, 0xCC, 0xC0, 0x9C, 0xD8, 0x93, 0x59,
    0x8C, 0x14, 0x13, 0xB4, 0x2F, 0x87, 0x27, 0x36, 0xA2, 0x4E, 0x75, 0x6C, 0xB3, 0x57, 0xF6, 0xA6,
    0xE1, 0x64, 0xBE, 0x71, 0x79, 0x06, 0xB0, 0x9F, 0x38, 0x86, 0xF4, 0xEE, 0x39, 0x66, 0x0E, 0xD1,
    0x1D, 0x32, 0x48, 0x35, 0xFA, 0x1D, 0x7A, 0x08, 0xC9, 0x70, 0x90, 0x74, 0x40, 0x54, 0x8F, 0x4A,
    0x06, 0xD3, 0xBB, 0x09, 0xE5, 0x12, 0xD3, 0x58, 0xF7, 0x2E, 0x5A, 0x77, 0x7C, 0x1E, 0x15, 0x6B,
    0x00, 0x8B, 0x61, 0x01, 0x3B, 0x94, 0x28, 0x2E, 0xB0, 0x05, 0xAC, 0x34, 0xA6, 0x7D, 0xB4, 0x4D,
    0x3E, 0xBB, 0xB2, 0xCE, 0xF4, 0xBA, 0xDD, 0xE9, 0xDC, 0xF4, 0x04, 0xDC, 0xFA, 0xEE, 0xAE, 0x69,
    0x23, 0xBE, 0xF1, 0x13, 0xD3, 0xAD, 0x29, 0x4C, 0xD6, 0xA8, 0xB7, 0xBB, 0xC4, 0x0D, 0x13, 0xA6,
    0xC1, 0xF4, 0xEB, 0x34, 0x09, 0x00, 0x14, 0xA8, 0x02, 0xDD, 0xA0, 0xC1, 0x58, 0x36, 0x21, 0xB1,
    0xCC, 0x03, 0xE3, 0x03, 0xC7, 0xED, 0xCA, 0xC4, 0x89, 0x35, 0x13, 0x67, 0x85, 0x90, 0xF7, 0x3A,
    0xFE, 0x17, 0xDF, 0xFA, 0xF5, 0x46, 0xF6, 0x2A, 0xB0, 0x38, 0xAB, 0x00, 0x67, 0xC4, 0x12, 0xB7,
    0x7A, 0xE2, 0xD4, 0xA2, 0x40, 0x15, 0x81, 0x33, 0xEE, 0x8C, 0x13, 0xB0, 0x62, 0xC9, 0x43, 0x2F,
    0xD6, 0xE1, 0x51, 0x4B, 0x17, 0xBA, 0x44, 0x2E, 0x70, 0xD2, 0x04, 0x4E, 0x5F, 0x1C, 0x27, 0x56,
    0x4A, 0xAA, 0xA4, 0x39, 0xAF, 0x9E, 0xB5, 0xA6, 0x9F, 0xAF, 0xA8, 0x0A, 0x3C, 0x9B, 0x10, 0xBB,
    0x03, 0x41, 0xDA, 0x40, 0x56, 0x29, 0xB1, 0x68, 0xA6, 0x4A, 0xCE, 0x73, 0x38, 0x1E, 0x82, 0xAC,
    0x45, 0x15, 0x98, 0x9E, 0x1C, 0xB6, 0xE6, 0xAC, 0xC3, 0x6C, 0xCE, 0x2E, 0xA4, 0x2E, 0xF4, 0x7A,
    0xB8, 0x4F, 0x9A, 0x15, 0x58, 0x4F, 0xAD, 0x21, 0x5A, 0xA8, 0x42, 0x28, 0xFD, 0xD9, 0xF8, 0x2A,
    0xA6, 0x59, 0x0F, 0xFB, 0x62, 0x77, 0xB9, 0xAF, 0x96, 0xA4, 0xD5, 0xD2, 0xDE, 0x6B, 0x5F, 0xB1,
    0x4B, 0x7C, 0xEC, 0x80, 0xE7, 0xB9, 0x14, 0xFB, 0xDC, 0xD7, 0x6E, 0xC0, 0xE1, 0x59, 0x60, 0x46,
    0x25, 0xF1, 0x00, 0x00, 0x8F, 0x03, 0x98, 0x0A, 0xD0, 0x0E, 0x88, 0x7E, 0x05, 0x00, 0x10, 0x39,
    0x20, 0xE9, 0x80, 0xAC, 0x07, 0xD4, 0x1E, 0x70, 0xB6, 0x04, 0x36, 0x0C, 0x30, 0xCF, 0x2B, 0xE8,
    0xB4, 0x05, 0x91, 0x86, 0x58, 0xC4, 0x91, 0x34, 0xA9, 0x23, 0xB3, 0x49, 0x47, 0xDE, 0x66, 0x23,
    0x65, 0x97, 0x4B, 0x01, 0x00, 0x6B, 0x10, 0xF7, 0xA0, 0x3C, 0x3C, 0x5C, 0x2C, 0x6F, 0x0E, 0x52,
    0x0F, 0xAA, 0x83, 0xB3, 0x3D, 0x6C, 0xEC, 0xC1, 0xBC, 0x84, 0x5D, 0x03, 0x2E, 0xAF, 0x26, 0x43,
    0x9B, 0x88, 0x34, 0xA9, 0xCD, 0x9C, 0xAA, 0x52, 0x97, 0xB7, 0xA7, 0x47, 0x71, 0x46, 0x00, 0x20,
    0x69, 0x01, 0xD5, 0x03, 0x17, 0x36, 0x81, 0xAD, 0x93, 0x00, 0x7C, 0x0D, 0x37, 0xAE, 0x7F, 0x01,
    0x18, 0x01, 0xCE, 0xED, 0x71, 0x38, 0xD8, 0x05, 0x92, 0x3E, 0xD0, 0x00, 0x64, 0xFB, 0x80, 0x32,
    0xC0, 0x85, 0x60, 0xBF, 0x1E, 0xEC, 0xE7, 0xAA, 0x01, 0x91, 0x96, 0x48, 0x42, 0x8F, 0x36, 0xF1,
    0x24, 0x4D, 0xDC, 0xA3, 0x7D, 0x2A, 0x85, 0xE9, 0x95, 0x54, 0xCC, 0x2F, 0x00, 0x43, 0x09, 0x2C,
    0x36, 0xEF, 0xDC, 0x42, 0xEA, 0x6F, 0x6D, 0x61, 0x00, 0xCE, 0xEF, 0x03, 0xEB, 0x06, 0xD8, 0x35,
    0x05, 0x78, 0x6D, 0x83, 0xB3, 0x25, 0x09, 0x3D, 0x52, 0x9B, 0x3A, 0x94, 0x4D, 0xFC, 0xC1, 0x16,
    0x6A, 0x9F, 0x0B, 0x64, 0x6D, 0x90, 0xED, 0x06, 0xD9, 0x7A, 0xA0, 0x35, 0x40, 0xB5, 0x77, 0xF6,
    0x50, 0x3D, 0xA0, 0xFB, 0x3B, 0x7B, 0xB8, 0xDC, 0x12, 0x7F, 0xAE, 0x47, 0x95, 0x78, 0x2E, 0x86,
    0x1E, 0xE2, 0x72, 0x21, 0xAC, 0x08, 0x44, 0x81, 0xE1, 0x0F, 0x5E, 0x41, 0x74, 0xDD, 0x9F, 0x84,
    0xE4, 0x23, 0x0F, 0x64, 0xEF, 0x04, 0x56, 0x4F, 0x49, 0x0F, 0x79, 0x22, 0x1D, 0x94, 0xE2, 0x01,
    0x11, 0x1F, 0x11, 0xB9, 0xC4, 0xA7, 0x45, 0x78, 0x30, 0xAA, 0xD0, 0x9D, 0x96, 0xF0, 0x54, 0x8C,
    0x08, 0x94, 0x5D, 0x2A, 0x83, 0x6E, 0x36, 0x4C, 0x71, 0xBE, 0xE4, 0xD4, 0x3E, 0x0C, 0x01, 0x8C,
    0x10, 0x16, 0x0B, 0xCC, 0xB5, 0x15, 0x25, 0x12, 0xD5, 0x1D, 0x79, 0x41, 0x6E, 0x49, 0x2D, 0x59,
    0xC1, 0x06, 0x14, 0x24, 0x2D, 0xC9, 0x00, 0x35, 0x44, 0x00, 0x22, 0x52, 0x8B, 0xA8, 0x46, 0xAB,
    0x46, 0xA9, 0x86, 0x00, 0xF1, 0x01, 0x07, 0xE3, 0x30, 0xA9, 0x4B, 0x99, 0x62, 0x84, 0x82, 0xB4,
    0x21, 0x6F, 0xD8, 0x2F, 0xE0, 0x5E, 0xDA, 0xEE, 0x6E, 0x5A, 0x01, 0xD8, 0x04, 0xB1, 0xF1, 0x47,
    0x6D, 0x5A, 0xB5, 0xF0, 0x05, 0xAD, 0xDD, 0x9D, 0xAD, 0xD3, 0xB7, 0x5B, 0xF5, 0xBE, 0xCB, 0xDE,
    0x39, 0x8A, 0xF0, 0xD8, 0x61, 0xE1, 0x8C, 0x6D, 0xCA, 0xEA, 0x74, 0x0B, 0x20, 0x43, 0xDD, 0xA9,
    0xE6, 0xCE, 0xEB, 0x62, 0x27, 0x03, 0x33, 0x16, 0x69, 0xAF, 0xDA, 0x63, 0x5F, 0x56, 0x07, 0x91,
    0x27, 0x1D, 0xD0, 0x9A, 0xF5, 0x14, 0x00, 0x30, 0x52, 0xE4, 0x23, 0x89, 0xFF, 0x22, 0x9C, 0x1E,
    0x43, 0xD9, 0xFC, 0xC2, 0x50, 0x1E, 0x7C, 0xC7, 0xF5, 0x58, 0xDE, 0xB5, 0x49, 0x3E, 0xD4, 0x63,
    0x2D, 0xD7, 0x10, 0x91, 0x4A, 0x5D, 0xA9, 0x5B, 0xD5, 0x64, 0x5E, 0x35, 0xC9, 0x54, 0x1B, 0xF7,
    0x22, 0x51, 0xC8, 0x3E, 0x8C, 0xA7, 0xB9, 0x69, 0x3E, 0x75, 0xD3, 0x6D, 0xD9, 0x52, 0x84, 0x5A,
    0x5A, 0x00, 0x40, 0xFF, 0x09, 0x30, 0x02, 0x9C, 0xD9, 0xE6, 0x50, 0x98, 0x2E, 0x91, 0x56, 0x0F,
    0xB1, 0x54, 0x89, 0x60, 0x48, 0xC4, 0x06, 0x6A, 0x27, 0xFA, 0xD4, 0x4F, 0x74, 0xBD, 0x9F, 0xC8,
    0x8D, 0x81, 0xCA, 0x72, 0xA2, 0x5C, 0x26, 0x52, 0x81, 0x12, 0x41, 0x0F, 0x91, 0x60, 0x46, 0x6A,
    0x80, 0x19, 0x00, 0x5C, 0x02, 0x46, 0xA0, 0xB4, 0xB0, 0x52, 0x01, 0xC0, 0xC5, 0x8E, 0x54, 0xA4,
    0xD0, 0x4D, 0x69, 0x0D, 0xCA, 0xED, 0x90, 0xBA, 0x81, 0xC4, 0x2F, 0x73, 0x24, 0x71, 0x35, 0xA9,
    0x2B, 0x0B, 0xD5, 0x98, 0xB6, 0xAC, 0x94, 0x8C, 0x44, 0x75, 0xCB, 0x2D, 0xC3, 0xC4, 0x83, 0x6E,
    0xE1, 0x31, 0xEE, 0xDF, 0x4F, 0x55, 0x60, 0x1C, 0xEC, 0xF6, 0x44, 0xED, 0x39, 0xE0, 0x3E, 0x3D,
    0x37, 0xBE, 0x03, 0x32, 0x87, 0x8F, 0x7B, 0xF8, 0xB1, 0xBB, 0x6F, 0xBF, 0xD8, 0x2D, 0x08, 0x15,
    0x71, 0xBB, 0x7B, 0xDF, 0x5E, 0xC0, 0x5A, 0xC6, 0x7E, 0x1E, 0x3E, 0xC3, 0xAC, 0x23, 0xF3, 0xE4,
    0x03, 0x3B, 0x79, 0x31, 0x4D, 0x2E, 0xE3, 0xF4, 0xF8, 0x50, 0x24, 0x32, 0xA4, 0x5E, 0x7B, 0x65,
    0xD3, 0x5E, 0x57, 0xBA, 0x37, 0xC5, 0xF6, 0x60, 0x9E, 0x74, 0x83, 0x79, 0xDA, 0x0E, 0xE6, 0x0D,
    0x7A, 0xD3, 0x45, 0xBD, 0x76, 0x89, 0x57, 0x9D, 0x6E, 0x8D, 0x48, 0xB5, 0x7A, 0xB1, 0xE3, 0x76,
    0x6C, 0x02, 0x18, 0x0B, 0x64, 0x8E, 0x43, 0x21, 0x7D, 0x2E, 0xD4, 0xFE, 0xF4, 0x40, 0xF8, 0x24,
    0xBF, 0x8C, 0xDA, 0x40, 0x2E, 0x75, 0xA4, 0xC3, 0xC5, 0x96, 0x58, 0xC4, 0xC2, 0xC5, 0x9B, 0x00,
    0xC7, 0x00, 0x16, 0xCB, 0x23, 0x43, 0xB5, 0x61, 0xEA, 0xFF, 0xDC, 0xE3, 0xD0, 0xC1, 0xD8, 0xDD,
    0x3A, 0x18, 0x4F, 0x7C, 0x0D, 0x9B, 0x59, 0x6C, 0x2E, 0x0F, 0xAD, 0xDD, 0x8D, 0xAF, 0xC1, 0x9E,
    0x19, 0xE0, 0x21, 0xF5, 0xA0, 0x9B, 0x5B, 0xCF, 0xA9, 0xEE, 0x4D, 0x5F, 0x76, 0xB9, 0x57, 0x2E,
    0x9C, 0x72, 0xBA, 0x88, 0xFB, 0x4D, 0x18, 0xE6, 0x50, 0x7A, 0xC8, 0x1D, 0xA8, 0xE6, 0x70, 0x2E,
    0xFF, 0xDB, 0x08, 0x40, 0xB7, 0xA0, 0x3E, 0x79, 0x0D, 0x25, 0x3D, 0xAA, 0x91, 0x29, 0x4D, 0x71,
    0x90, 0x25, 0xEA, 0x8A, 0x1C, 0xCC, 0xCB, 0xB4, 0xDE, 0x40, 0x7E, 0x20, 0x83, 0xDC, 0x13, 0xC9,
    0x48, 0xD2, 0xD5, 0x64, 0xAD, 0x41, 0x35, 0x21, 0x3B, 0xD4, 0x7B, 0xED, 0x94, 0x16, 0xF5, 0xBE,
    0x9F, 0x7E, 0x8E, 0xC1, 0xAF, 0x9A, 0xD6, 0xAC, 0xBA, 0xA2, 0x1A, 0x75, 0x55, 0x59, 0x73, 0x55,
    0xAA, 0xFA, 0x8F, 0x37, 0x01, 0x32, 0x50, 0x15, 0x59, 0x43, 0xE4, 0x60, 0x06, 0x90, 0x8D, 0x94,
    0x62, 0x07, 0xDD, 0x3C, 0xA2, 0x9A, 0x15, 0x69, 0x8C, 0x34, 0xFB, 0xAA, 0xE9, 0x55, 0x33, 0xE4,
    0x6D, 0x2D, 0x7D, 0xFE, 0x9E, 0x07, 0x78, 0x1C, 0xB6, 0xA1, 0x27, 0xA8, 0x8A, 0xA3, 0xA9, 0x2E,
    0x91, 0xF4, 0x64, 0x6F, 0xA0, 0x15, 0xC7, 0xA2, 0x23, 0x49, 0xD4, 0xF7, 0x31, 0x7F, 0x66, 0x43,
    0x38, 0xB7, 0x7D, 0x84, 0xFA, 0x97, 0x7C, 0xAE, 0x2A, 0xF3, 0x23, 0x7B, 0x36, 0x2B, 0xE0, 0x48,
    0xFE, 0x71, 0x47, 0xF6, 0x33, 0x94, 0x42, 0x9D, 0x25, 0xE9, 0x8E, 0x24, 0x49, 0x07, 0xDD, 0x1A,
    0x91, 0x7E, 0xCC, 0xDD, 0xB8, 0xD0, 0xB6, 0x24, 0xFF, 0x87, 0x64, 0x22, 0x9F, 0x94, 0x6F, 0x5A,
    0xA6, 0x3A, 0x06, 0xED, 0x1F, 0xA8, 0x45, 0xC6, 0xFC, 0x5A, 0xE9, 0x63, 0x29, 0xB4, 0x58, 0xF3,
    0x6C, 0xB3, 0x9F, 0xD9, 0x21, 0x3A, 0xF4, 0xC7, 0x41, 0xF3, 0xDC, 0x64, 0x9C, 0x4A, 0x41, 0x47,
    0xD4, 0xC3, 0x3A, 0xEC, 0x12, 0xB5, 0x00, 0x49, 0x38, 0xDF, 0x49, 0x5C, 0x98, 0x61, 0x06, 0x10,
    0x8F, 0xE8, 0x60, 0xD2, 0xEE, 0xA5, 0x4E, 0x24, 0x60, 0x84, 0x09, 0x75, 0x35, 0x99, 0xB4, 0xC1,
    0x04, 0x38, 0x03, 0x9B, 0x30, 0x87, 0x4B, 0xC0, 0xD1, 0x54, 0x97, 0x89, 0x06, 0x92, 0xAB, 0x64,
    0xCF, 0x14, 0x0F, 0x44, 0x47, 0x92, 0xA8, 0x57, 0x2B, 0x7D, 0xD5, 0x4E, 0xF5, 0x47, 0x6D, 0xC1,
    0x1A, 0xDB, 0xE4, 0x45, 0x5A, 0x01, 0x5C, 0x6C, 0xEA, 0xCF, 0x9F, 0xB3, 0xBE, 0xEE, 0x81, 0x36,
    0x76, 0x49, 0x93, 0x16, 0xF7, 0xAC, 0xE9, 0x56, 0xAC, 0x72, 0x17, 0xBA, 0xAD, 0xF5, 0xD9, 0xB1,
    0x7B, 0xB9, 0x2C, 0x16, 0xC3, 0xB0, 0xB5, 0x75, 0x2F, 0x87, 0xB2, 0xE7, 0x49, 0xE2, 0x7F, 0x16,
    0xF1, 0x40, 0x2C, 0x24, 0xDA, 0x92, 0x35, 0xE9, 0xA7, 0x2E, 0x17, 0x6F, 0x9E, 0xE9, 0xF6, 0x93,
    0x7E, 0x88, 0x3E, 0x83, 0xC4, 0x5D, 0xF9, 0xB2, 0x0B, 0xAF, 0x66, 0x04, 0xFF, 0x3C, 0xC9, 0x70,
    0x89, 0xE4, 0x03, 0x47, 0xF4, 0x4E, 0x03, 0xC1, 0xFC, 0x15, 0x8F, 0xC8, 0x80, 0xF2, 0x82, 0x6A,
    0xCA, 0xBB, 0x66, 0xEE, 0xEA, 0xAA, 0xBE, 0x21, 0x0D, 0x90, 0x54, 0xA4, 0x0D, 0xF1, 0xC1, 0xBB,
    0x04, 0x20, 0x7C, 0x10, 0xE2, 0xCC, 0x33, 0x7E, 0x3F, 0xBE, 0xDD, 0x75, 0x3C, 0xDC, 0x15, 0x38,
    0x01, 0x39, 0x6C, 0xC0, 0x65, 0x98, 0x1D, 0x4D, 0xB5, 0x05, 0x23, 0xC9, 0xD5, 0x22, 0x7D, 0xC9,
    0x46, 0xD1, 0x91, 0x24, 0xC9, 0xBB, 0x85, 0xBA, 0x6E, 0x55, 0x69, 0x1F, 0xD6, 0xC5, 0x51, 0xEA,
    0xD5, 0x2B, 0x56, 0xFF, 0xA5, 0xC9, 0x9E, 0xAE, 0x8E, 0xB8, 0x91, 0xD8, 0x91, 0x78, 0xA2, 0x16,
    0x11, 0x3B, 0x01, 0xC2, 0x38, 0xF1, 0x61, 0x9E, 0xFA, 0x5D, 0x52, 0x11, 0xD4, 0x95, 0x81, 0xBC,
    0x12, 0xCC, 0x53, 0x53, 0xFE, 0xB0, 0xC4, 0xF8, 0x92, 0xBC, 0xD9, 0x47, 0x5F, 0xE9, 0xC9, 0xC5,
    0xF3, 0x3D, 0xA9, 0xB8, 0x15, 0x97, 0x81, 0x1E, 0x30, 0x40, 0xC6, 0xAD, 0xC8, 0x3F, 0x14, 0xEA,
    0xF7, 0xEE, 0xFD, 0x36, 0xD4, 0x0D, 0x09, 0xBD, 0xDA, 0x68, 0xCC, 0x5B, 0x00, 0x62, 0x0B, 0x69,
    0x03, 0xAA, 0x82, 0x93, 0x5F, 0xD1, 0x27, 0x03, 0x72, 0x0B, 0x3B, 0x0E, 0xDC, 0x65, 0x28, 0x66,
    0xFF, 0xB3, 0x47, 0xEC, 0x3A, 0x92, 0x1B, 0x3D, 0x51, 0x7B, 0xF9, 0xAB, 0xEF, 0x25, 0x2B, 0x40,
    0x4F, 0xB9, 0x09, 0xAC, 0x71, 0x2B, 0xC4, 0x8B, 0x2D, 0xDB, 0xB2, 0xD0, 0x76, 0x13, 0xD5, 0xCC,
    0xC9, 0xDA, 0x8E, 0xC4, 0x79, 0xE2, 0xFF, 0x38, 0xA2, 0x4F, 0x1B, 0x10, 0x0B, 0x65, 0x05, 0x86,
    0x03, 0xED, 0x02, 0x7E, 0xE0, 0x41, 0x5A, 0xD8, 0x2F, 0x20, 0x6F, 0x40, 0xA6, 0xD4, 0x87, 0x8F,
    0xAA, 0x0F, 0x3C, 0x4A, 0x46, 0x94, 0x93, 0x70, 0x2F, 0xE1, 0x5C, 0x5A, 0xE6, 0xC1, 0xBD, 0x7D,
    0x38, 0xA2, 0xA4, 0x9B, 0xB2, 0x41, 0x1D, 0xD2, 0x99, 0x0E, 0xCA, 0x1E, 0xE2, 0x7F, 0x3B, 0x92,
    0x8F, 0x3D, 0xD1, 0x87, 0x2D, 0xCB, 0x28, 0xFB, 0xDA, 0xE5, 0x3E, 0x6F, 0x94, 0xCB, 0xAB, 0xD4,
    0x19, 0x12, 0xBF, 0x43, 0xD4, 0xF5, 0xD0, 0x77, 0xB0, 0xE3, 0xC1, 0x38, 0xC8, 0x83, 0x91, 0x05,
    0x55, 0x80, 0x81, 0x6F, 0xF6, 0x50, 0x86, 0xA5, 0x0A, 0xFE, 0x0B, 0xB5, 0x52, 0x31, 0x8F, 0xDD,
    0xC6, 0x11, 0x1E, 0x92, 0x27, 0x11, 0x16, 0x61, 0xED, 0x15, 0x07, 0xC4, 0x81, 0x64, 0xD1, 0x45,
    0x0A, 0x07, 0x96, 0xB5, 0x29, 0x5C, 0x5C, 0x80, 0xBB, 0x5B, 0x46, 0x06, 0xA2, 0x42, 0x85, 0xD4,
    0xA7, 0x88, 0xFF, 0xC1, 0xB9, 0x50, 0x00, 0x17, 0x27, 0x2D, 0x01, 0x17, 0x2E, 0xD4, 0xF8, 0x1F,
    0x38, 0x01, 0xD2, 0x47, 0x08, 0x54, 0x18, 0xC8, 0xE9, 0xB8, 0x80, 0x0A, 0x17, 0x2E, 0xB2, 0xB2,
    0x90, 0xA8, 0x70, 0x21, 0x1A, 0x56, 0x80, 0x34, 0x89, 0x69, 0x79, 0xE5, 0x50, 0x10, 0xC9, 0xC9,
    0x37, 0xE4, 0xBD, 0xD3, 0xD3, 0xE9, 0x4E, 0x7A, 0x92, 0xED, 0x7D, 0x3B, 0xF3, 0xC8, 0xE5, 0xCE,
    0x7C, 0xDF, 0xCC, 0x7C, 0x44, 0xB2, 0x0C, 0xCF, 0xDC, 0xDC, 0xFA, 0x14, 0x96, 0x74, 0xE2, 0x7A,
    0xB8, 0x6C, 0x07, 0x4E, 0x19, 0xB8, 0x33, 0xBA, 0x24, 0x5A, 0xCB, 0x1D, 0xD1, 0x96, 0xF2, 0x44,
    0xCC, 0x35, 0x45, 0xCC, 0x0D, 0x25, 0x75, 0xD2, 0x52, 0xEA, 0xE3, 0x8E, 0xF2, 0x90, 0x72, 0x61,
    0x3A, 0xC5, 0xB8, 0x48, 0x9A, 0x4B, 0xC3, 0xC5, 0x94, 0x32, 0x1B, 0xC8, 0xB2, 0xEB, 0x73, 0xBF,
    0xA2, 0xFC, 0x51, 0xF6, 0x86, 0xFD, 0x8E, 0xF2, 0x9D, 0xF2, 0xBD, 0xAE, 0x2B, 0xEE, 0xF4, 0xED,
    0x40, 0x4B, 0x11, 0xAE, 0xAD, 0x67, 0x12, 0x37, 0x48, 0x40, 0xBB, 0x28, 0xA7, 0xE2, 0x30, 0x4E,
    0x61, 0x3F, 0x27, 0x40, 0x00, 0x00, 0xE9, 0xB3, 0xB0, 0x00, 0xA7, 0x0F, 0x03, 0xC5, 0x0D, 0xAE,
    0xA5, 0x72, 0x59, 0x09, 0x74, 0xDE, 0xCD, 0xD8, 0xAD, 0x57, 0x70, 0xDB, 0x16, 0xD0, 0xAD, 0x71,
    0x14, 0x07, 0xED, 0x28, 0x11, 0xE8, 0x54, 0xA0, 0x95, 0x43, 0x88, 0x76, 0xE9, 0x40, 0x55, 0x33,
    0x36, 0x20, 0xAE, 0x05, 0xCD, 0x49, 0x1A, 0x37, 0xCB, 0x25, 0x1D, 0x1B, 0xD0, 0x79, 0x37, 0xE4,
    0x7E, 0x1B, 0xCC, 0x67, 0x14, 0x7A, 0xE0, 0xE7, 0x23, 0xFE, 0x47, 0xE0, 0xEF, 0x48, 0x15, 0xE3,
    0xFE, 0x37, 0xC5, 0x53, 0x43, 0x80, 0xD1, 0x90, 0xF1, 0xF4, 0xCB, 0xF1, 0xCD, 0xB6, 0x29, 0xA3,
    0x80, 0xCB, 0x86, 0xD6, 0xAF, 0xD0, 0x9B, 0x37, 0x88, 0xFA, 0x71, 0x83, 0x22, 0x46, 0x0A, 0x7A,
    0xE6, 0xDE, 0x51, 0xC5, 0x1C, 0x55, 0x63, 0xEC, 0x49, 0xF0, 0x06, 0x6B, 0xA2, 0x66, 0xB7, 0xA7,
    0x31, 0x17, 0x39, 0x3B, 0x73, 0xC1, 0xEF, 0x64, 0xAE, 0x8F, 0xE6, 0x02, 0xFD, 0x45, 0x30, 0x49,
    0xA7, 0xD9, 0xA9, 0x92, 0x4C, 0x43, 0x6D, 0x1B, 0xFB, 0xD5, 0xDD, 0xB0, 0x5D, 0xD0, 0x75, 0x53,
    0xBC, 0x6D, 0xE9, 0xB5, 0x9D, 0x67, 0x80, 0x5E, 0xA7, 0xA8, 0xA3, 0xE4, 0x2E, 0xA9, 0xF3, 0xC5,
    0x91, 0x68, 0x31, 0x44, 0xC0, 0x61, 0x98, 0xAA, 0x7C, 0x3C, 0xF9, 0xC5, 0xE1, 0x50, 0x5A, 0x37,
    0x29, 0x65, 0x0E, 0xEB, 0xBC, 0xDF, 0x49, 0x0E, 0xC6, 0x8A, 0xCB, 0x4B, 0x49, 0xDD, 0xD0, 0x23,
    0x4F, 0x16, 0xA0, 0xFB, 0xB0, 0x4E, 0x5F, 0x21, 0x7A, 0x06, 0xD6, 0xF1, 0xB4, 0x50, 0xBF, 0xA7,
    0xB4, 0xA3, 0x28, 0x2C, 0xDA, 0xCC, 0xA4, 0xB8, 0x46, 0xC9, 0x17, 0x90, 0xE7, 0x23, 0x88, 0xC0,
    0x22, 0xE2, 0xE7, 0x53, 0x60, 0xC5, 0xF7, 0x20, 0x5B, 0x26, 0x75, 0xAB, 0x72, 0xCA, 0xE7, 0xB5,
    0xF2, 0x59, 0xA3, 0x7C, 0x12, 0xE6, 0x0C, 0xEF, 0x29, 0x4C, 0x7E, 0xB6, 0xB4, 0xDC, 0xE3, 0xFE,
    0xC7, 0x53, 0x70, 0x16, 0xFE, 0x48, 0x26, 0x34, 0x10, 0x69, 0x4D, 0x49, 0xF0, 0x30, 0x17, 0x73,
    0xA0, 0x1C, 0x66, 0xDE, 0x0D, 0xB4, 0x93, 0x04, 0xEA, 0xE7, 0x6C, 0x80, 0x55, 0xE7, 0xF1, 0x8D,
    0x87, 0x42, 0x3D, 0xE0, 0x62, 0x17, 0xBB, 0x04, 0xB6, 0xE0, 0x0A, 0x56, 0xAB, 0x7C, 0xDC, 0xA1,
    0xC6, 0xD1, 0xE4, 0x79, 0xE2, 0x20, 0xF8, 0x9B, 0xCE, 0x82, 0x67, 0x05, 0x9D, 0xD3, 0x31, 0xE4,
    0x08, 0x40, 0x43, 0x34, 0xFC, 0x51, 0x0E, 0x40, 0x04, 0x20, 0xF0, 0xFA, 0xD9, 0x06, 0x16, 0xA0,
    0x80, 0x94, 0x3D, 0x18, 0x44, 0xF0, 0xEC, 0xB1, 0x27, 0xD6, 0x80, 0xAC, 0x98, 0x51, 0x2C, 0x2A,
    0x52, 0x9E, 0x64, 0x73, 0x50, 0xDC, 0x8C, 0xCF, 0x4B, 0xE3, 0x61, 0x0E, 0x28, 0x66, 0x09, 0x54,
    0xA0, 0xC7, 0xBB, 0x7A, 0x88, 0x07, 0x1A, 0x9B, 0x5C, 0xDF, 0x48, 0x1B, 0x66, 0xD9, 0xC3, 0xD8,
    0xE7, 0xAA, 0x44, 0x93, 0x6B, 0xD1, 0x4F, 0xB1, 0x9C, 0xF8, 0x6B, 0x31, 0x28, 0x56, 0xE5, 0x93,
    0x58, 0x6A, 0x0E, 0xAB, 0x15, 0xB8, 0xE9, 0xD9, 0x67, 0x33, 0x2C, 0x3E, 0x42, 0x85, 0x3A, 0xEB,
    0x32, 0x2E, 0xE3, 0x7E, 0x11, 0xAC, 0x92, 0x36, 0xC6, 0x39, 0x6E, 0xD0, 0x33, 0x8B, 0xDA, 0x03,
    0x9A, 0x2B, 0xAA, 0xA5, 0x08, 0x42, 0x6D, 0x69, 0xC1, 0xA2, 0x9E, 0xCC, 0xBC, 0x74, 0x78, 0x66,
    0xA6, 0xB8, 0xA6, 0xD4, 0xC9, 0x69, 0xD6, 0x53, 0xDC, 0xEE, 0x65, 0xDE, 0xC9, 0x9A, 0x7E, 0x96,
    0x1C, 0xC5, 0x55, 0x85, 0x64, 0xCE, 0xD8, 0xD1, 0x29, 0xA2, 0xB5, 0xB1, 0x04, 0x53, 0x23, 0x2A,
    0xA5, 0x26, 0xBB, 0x89, 0x31, 0x95, 0x02, 0xBF, 0xF2, 0x62, 0x45, 0x1D, 0x4B, 0x0B, 0xF5, 0x09,
    0x25, 0xA8, 0x2B, 0xCC, 0xD7, 0xE5, 0xCD, 0x85, 0xE6, 0xC6, 0x1C, 0xF4, 0x13, 0xC3, 0x1A, 0x15,
    0xEC, 0x88, 0x72, 0x84, 0x6C, 0x6D, 0x11, 0x35, 0x27, 0x69, 0x6F, 0x6D, 0x0E, 0x45, 0xC2, 0xEC,
    0xD4, 0x3D, 0xE5, 0x4C, 0x91, 0x39, 0x4B, 0x47, 0x69, 0x07, 0xC7, 0x32, 0x9A, 0x3E, 0x62, 0x3F,
    0xC0, 0x18, 0x04, 0x6C, 0xA9, 0xBC, 0x79, 0xB8, 0xE9, 0x15, 0xB3, 0x8F, 0xAA, 0x87, 0x44, 0xCB,
    0x44, 0x1D, 0x45, 0x50, 0xE5, 0xE7, 0x65, 0x96, 0x94, 0x23, 0x8D, 0x2A, 0x67, 0x36, 0x57, 0xFF,
    0x65, 0x93, 0xC6, 0x26, 0xC1, 0x5C, 0x6D, 0x72, 0xAE, 0x73, 0x2E, 0x0C, 0x8A, 0xE6, 0xA0, 0xB9,
    0xDB, 0xA1, 0xBE, 0xA7, 0x8E, 0xCF, 0x75, 0x96, 0x9B, 0x13, 0x43, 0x41, 0x17, 0x97, 0x50, 0x03,
    0xBA, 0x52, 0x61, 0x40, 0xDA, 0x1F, 0xC6, 0xA8, 0x5C, 0x94, 0x91, 0xC8, 0xEA, 0xDD, 0x79, 0x59,
    0x4D, 0x74, 0x1E, 0x80, 0xCB, 0x42, 0x74, 0xA4, 0x41, 0xE8, 0xF5, 0xF8, 0x3F, 0xBF, 0x9E, 0xD5,
    0x20, 0x02, 0x1D, 0x3A, 0xA4, 0x41, 0xFB, 0xC5, 0xF7, 0x9C, 0xEE, 0xDC, 0xD8, 0x47, 0xE7, 0x65,
    0x61, 0x65, 0xA5, 0x28, 0x23, 0x69, 0x60, 0xF8, 0x57, 0x18, 0xFF, 0x9B, 0x44, 0x97, 0x30, 0xF5,
    0x71, 0x43, 0x02, 0xD7, 0xE9, 0x65, 0xC6, 0x35, 0xAE, 0xA4, 0x16, 0x29, 0x49, 0x51, 0x67, 0x20,
    0x66, 0x5A, 0x7D, 0x75, 0xBE, 0x53, 0xDC, 0x69, 0x2E, 0xAA, 0x90, 0x0F, 0xE0, 0x95, 0x84, 0xA7,
    0x1C, 0xF3, 0xCC, 0x1D, 0xF0, 0x75, 0xB3, 0xCD, 0x86, 0x29, 0x01, 0x5D, 0x04, 0x0C, 0x10, 0x14,
    0xCA, 0x3D, 0xA3, 0x88, 0x56, 0x22, 0x20, 0x82, 0xB5, 0x81, 0xA5, 0xB0, 0x64, 0x66, 0xDF, 0x0F,
    0x84, 0x0E, 0x15, 0x49, 0x6F, 0x5C, 0x12, 0xF2, 0x03, 0x2D, 0xEB, 0x74, 0x9D, 0xF7, 0x36, 0x54,
    0x7D, 0xCE, 0xE5, 0x66, 0xC8, 0x84, 0x19, 0xA6, 0xC2, 0x2C, 0x9D, 0x95, 0xA7, 0xC9, 0x31, 0xCF,
    0xDC, 0xE3, 0xB3, 0x3D, 0x07, 0x66, 0x5C, 0x4A, 0x02, 0x77, 0x02, 0xED, 0x33, 0xB0, 0x54, 0xFE,
    0xD9, 0x8D, 0xFF, 0xE9, 0xFD, 0x9E, 0x52, 0xB0, 0x48, 0x5B, 0xE3, 0xD2, 0x26, 0x3F, 0xD0, 0xF2,
    0xD6, 0x34, 0xBA, 0x13, 0xFE, 0xF6, 0x4D, 0xEE, 0xFE, 0x1A, 0xA6, 0x5E, 0x55, 0x41, 0xF9, 0xA7,
    0x7F, 0x9B, 0x2D, 0x77, 0xEB, 0xAF, 0xF1, 0xE9, 0xFF, 0x75, 0x7F, 0xC2, 0xBD, 0x4D, 0x5F, 0xED,
    0xFB, 0xAE, 0x43, 0x05, 0x55, 0x55, 0x3D, 0xC8, 0x4A, 0x96, 0xBE, 0x6A, 0x0F, 0xC9, 0x82, 0x1B,
    0xD3, 0x9D, 0x03, 0x73, 0xB4, 0xCB, 0x4B, 0xE1, 0x74, 0xD5, 0xEA, 0xFA, 0x79, 0x5C, 0x76, 0xEF,
    0xF9, 0xC3, 0xB8, 0xD8, 0xDE, 0x1E, 0xC8, 0x40, 0xB7, 0xB6, 0xCF, 0x4A, 0x4D, 0x86, 0x4C, 0xAD,
    0x5C, 0x86, 0x6E, 0x67, 0xEE, 0x30, 0x36, 0xB6, 0xA5, 0x6B, 0xB1, 0x8F, 0xEB, 0xB8, 0xA3, 0xF6,
    0xF1, 0xCD, 0x67, 0xD5, 0x76, 0x30, 0x17, 0xEE, 0x2D, 0x13, 0xC8, 0xF6, 0x18, 0x1C, 0x66, 0xF3,
    0x42, 0x6E, 0xB3, 0x85, 0xE3, 0x5E, 0x46, 0x4A, 0x99, 0x74, 0x45, 0xA1, 0x64, 0xB2, 0x60, 0x12,
    0x33, 0x1E, 0x22, 0x08, 0x12, 0xD4, 0x4A, 0xE5, 0x73, 0x29, 0xA6, 0x9C, 0x49, 0x1E, 0x44, 0x5C,
    0xE5, 0x45, 0x4C, 0xF9, 0xA1, 0xA6, 0xDB, 0xDC, 0xD9, 0x2E, 0x47, 0x2A, 0x31, 0x53, 0x60, 0x7C,
    0xD0, 0x4D, 0x0F, 0x05, 0x8F, 0xDD, 0xA7, 0xCB, 0x14, 0x41, 0xC5, 0x9F, 0xB9, 0x2C, 0x92, 0xBA,
    0x15, 0x7B, 0xE8, 0x8D, 0xF0, 0xF9, 0xD9, 0xBB, 0x23, 0x68, 0x13, 0x1D, 0xCB, 0x02, 0x59, 0x4F,
    0x1A, 0x59, 0x97, 0x88, 0x6E, 0x20, 0x15, 0x21, 0x55, 0x7A, 0x56, 0x52, 0x1D, 0xED, 0x29, 0x5B,
    0x20, 0x49, 0x1A, 0x30, 0x23, 0xC9, 0xC0, 0x9D, 0x81, 0x12, 0xF2, 0x5A, 0x79, 0x53, 0x28, 0x8F,
    0x2E, 0xDE, 0x46, 0x73, 0xEE, 0x3A, 0x50, 0x2A, 0x84, 0x16, 0xA9, 0x2F, 0xF1, 0x7E, 0xBB, 0x43,
    0x6B, 0x18, 0xDF, 0x0D, 0x26, 0xA1, 0xA0, 0xB1, 0x78, 0xD4, 0x33, 0xA5, 0xE8, 0x57, 0x82, 0xEE,
    0x25, 0xF8, 0xCF, 0x4A, 0x12, 0xC5, 0x20, 0x64, 0x6C, 0xE3, 0x9E, 0xDD, 0x41, 0xDC, 0xAD, 0x61,
    0xCA, 0xFB, 0xA5, 0xE4, 0x2D, 0x91, 0x1F, 0x79, 0xEF, 0x48, 0xDE, 0x16, 0x77, 0x06, 0xD2, 0x8D,
    0x2D, 0x6D, 0xC8, 0xA7, 0x06, 0xE7, 0xA8, 0x4A, 0xA1, 0x12, 0xE9, 0xF7, 0x29, 0x34, 0xFB, 0x36,
    0x17, 0xD5, 0x17, 0x88, 0xBF, 0x15, 0x10, 0x53, 0x93, 0xFA, 0x06, 0xF1, 0xEC, 0x76, 0x79, 0x21,
    0x1E, 0xB9, 0xA1, 0x83, 0xD2, 0xB6, 0x88, 0x5F, 0x26, 0xDA, 0xA6, 0x14, 0x64, 0x6B, 0x69, 0xCC,
    0xA8, 0x27, 0x68, 0x43, 0x78, 0x1C, 0xB4, 0x8F, 0x41, 0x43, 0x10, 0x91, 0x65, 0xAC, 0x01, 0x97,
    0x2F, 0xA5, 0x41, 0xD7, 0x2B, 0x78, 0xD0, 0x9E, 0xBD, 0x3A, 0xE4, 0x37, 0x6A, 0x6E, 0x78, 0x81,
    0xAC, 0x18, 0x35, 0x19, 0xA2, 0x75, 0xA2, 0x40, 0x6F, 0x39, 0xA8, 0xE6, 0x90, 0x9F, 0xAE, 0x2B,
    0xD1, 0x5B, 0x99, 0xBA, 0xB4, 0x3C, 0x8E, 0xB0, 0x5F, 0x10, 0x6D, 0x71, 0xF7, 0x41, 0x15, 0x2E,
    0x29, 0xFF, 0xFE, 0x22, 0x40, 0xFA, 0x76, 0xC9, 0x77, 0x9C, 0xBA, 0x53, 0xAA, 0x3B, 0xA4, 0xFE,
    0x79, 0x18, 0x3D, 0xD9, 0x3A, 0x08, 0x7F, 0xF4, 0x66, 0x33, 0xEC, 0x1D, 0x6E, 0x28, 0x6F, 0x47,
    0x3F, 0xBD, 0xAA, 0xF9, 0xE4, 0x6F, 0x79, 0x19, 0x6B, 0xBE, 0x3F, 0x4F, 0xAB, 0x6E, 0x75, 0xE2,
    0xF7, 0x65, 0xEE, 0xC8, 0x30, 0xD8, 0x88, 0xD6, 0xC3, 0xCC, 0x3E, 0xA6, 0x04, 0x19, 0x12, 0x9C,
    0xE1, 0x06, 0xFD, 0x6D, 0x3C, 0x8B, 0xCB, 0x24, 0x24, 0x2E, 0x09, 0x99, 0xCB, 0x99, 0x9D, 0x61,
    0x2E, 0x21, 0x6B, 0x13, 0x24, 0x62, 0x77, 0x7F, 0x8F, 0x28, 0x4A, 0x46, 0xB1, 0x22, 0xEC, 0x67,
    0x73, 0x9F, 0x20, 0x71, 0x0D, 0x10, 0x8A, 0xA4, 0xC1, 0x7A, 0x9C, 0x34, 0x2C, 0x69, 0x67, 0x47,
    0xB2, 0x4C, 0x97, 0x70, 0x9D, 0xF7, 0x11, 0x97, 0xC8, 0x62, 0x90, 0xCA, 0x89, 0xAB, 0xE1, 0x1E,
    0x05, 0xB8, 0xEF, 0x3A, 0xB8, 0x66, 0x10, 0x67, 0x2D, 0x1C, 0xF2, 0x25, 0x8D, 0x12, 0x87, 0xEB,
    0x12, 0x46, 0x06, 0x63, 0x96, 0x44, 0xCB, 0x53, 0xBE, 0xD8, 0xED, 0x0A, 0x5D, 0xC4, 0x89, 0xF7,
    0x49, 0x61, 0xB4, 0xF9, 0x79, 0x20, 0x46, 0x2F, 0x55, 0x60, 0x74, 0xC0, 0x1E, 0x68, 0xBA, 0xA9,
    0xCA, 0xEA, 0x01, 0x7B, 0xD3, 0x8E, 0x94, 0xE2, 0x97, 0xA2, 0xD4, 0x0A, 0xA5, 0x7E, 0x8F, 0x52,
    0x14, 0xE4, 0xA1, 0x13, 0x37, 0x96, 0x5D, 0xCF, 0x53, 0xA9, 0x00, 0x6B, 0x0E, 0xB4, 0x91, 0x4A,
    0x83, 0x61, 0xC8, 0xCA, 0x0B, 0x94, 0x22, 0xE5, 0x94, 0x44, 0x67, 0xF0, 0x7E, 0x3A, 0xC5, 0xC1,
    0x99, 0x1C, 0x4F, 0x4A, 0x12, 0x27, 0x23, 0xC4, 0xC5, 0x9F, 0xA0, 0x9F, 0xFE, 0x1A, 0xD1, 0xB7,
    0x60, 0x5C, 0x01, 0x5C, 0x03, 0xF3, 0xC8, 0x8B, 0xF7, 0x52, 0xB8, 0x53, 0xEE, 0x68, 0x62, 0x4F,
    0xF9, 0xB1, 0xFB, 0x03, 0xAD, 0x8B, 0x92, 0x20, 0x33, 0x0D, 0x17, 0x20, 0xC7, 0x43, 0x5D, 0xD6,
    0xE5, 0x81, 0x54, 0x6F, 0xBA, 0xA7, 0x8A, 0x2A, 0xC5, 0x79, 0x29, 0xAA, 0x91, 0xA2, 0x5A, 0xA9,
    0xA7, 0x1F, 0x8B, 0x12, 0x67, 0xAA, 0x59, 0x51, 0xA9, 0x14, 0x15, 0x8F, 0x45, 0x0D, 0x42, 0xFD,
    0x06, 0x6C, 0x5D, 0x9A, 0x66, 0xA5, 0x69, 0xDA, 0x4B, 0x2D, 0x28, 0x05, 0x95, 0x80, 0xF4, 0xBE,
    0xAD, 0x1B, 0x5B, 0x05, 0x8B, 0xAB, 0x84, 0xD8, 0xB8, 0x23, 0xE1, 0x52, 0x12, 0xB7, 0x14, 0x71,
    0x4B, 0x4F, 0xAC, 0xCD, 0x96, 0x52, 0xE6, 0x22, 0xF7, 0x16, 0xCD, 0x56, 0xCD, 0x15, 0x4A, 0x9B,
    0x1E, 0x15, 0xCC, 0x6C, 0x00, 0x91, 0x0A, 0x67, 0xB6, 0xC0, 0x68, 0x6B, 0x5B, 0x2A, 0x1E, 0x28,
    0xAA, 0x6A, 0x89, 0x54, 0xEC, 0xB0, 0x77, 0x95, 0x8B, 0x0C, 0xDC, 0x98, 0xF3, 0x61, 0x27, 0xEE,
    0xFA, 0x68, 0x77, 0x0F, 0x71, 0x6B, 0x3F, 0x6A, 0x0C, 0xFB, 0x14, 0xFC, 0x2F, 0x42, 0xCC, 0x61,
    0x0D, 0xF3, 0x68, 0x47, 0xEE, 0x3F, 0x14, 0x3F, 0xA2, 0x42, 0x9D, 0x75, 0x19, 0x97, 0x71, 0xBF,
    0x18, 0x7E, 0x14, 0x81, 0xF1, 0x39, 0x47, 0xE6, 0x82, 0xA3, 0xED, 0x0D, 0xE8, 0xE3, 0x9D, 0x1F,
    0x5A, 0x3F, 0x7D, 0xEB, 0xE9, 0x7E, 0x1D, 0x7F, 0xED, 0x92, 0xCF, 0x8A, 0x28, 0x5E, 0x8C, 0xC5,
    0x26, 0x73, 0x07, 0x38, 0x86, 0x38, 0x72, 0xB7, 0x66, 0xCA, 0xDC, 0x9D, 0xB6, 0x22, 0xB1, 0x41,
    0x5C, 0x4F, 0x88, 0x16, 0x57, 0x8F, 0xAF, 0x15, 0xDC, 0x92, 0xC5, 0x95, 0xD7, 0x75, 0xC8, 0xFF,
    0x71, 0x59, 0xC2, 0x7A, 0x49, 0x00, 0x4D, 0xFC, 0x56, 0x6E, 0x7D, 0x03, 0x25, 0x9D, 0x1F, 0xB4,
    0x03, 0x98, 0xF2, 0xD0, 0x17, 0x8F, 0xCE, 0x01, 0x12, 0x43, 0x97, 0xB6, 0xD8, 0x73, 0x5C, 0x14,
    0x06, 0x61, 0x2E, 0x1D, 0xD2, 0x61, 0x2A, 0x37, 0xC5, 0xC0, 0xA0, 0xDD, 0x51, 0x51, 0x17, 0xA7,
    0xA3, 0x8A, 0x6B, 0x58, 0x47, 0xEA, 0x16, 0x13, 0xA4, 0x03, 0xAB, 0xF0, 0xDC, 0x63, 0xBE, 0x41,
    0x66, 0x4C, 0xEA, 0x4B, 0x4F, 0xEA, 0x36, 0x9E, 0x6F, 0x75, 0xF2, 0xBD, 0xB0, 0x9D, 0xAE, 0x51,
    0x45, 0x23, 0xB1, 0xC7, 0x91, 0x0D, 0xAA, 0x24, 0xBA, 0x4E, 0xB4, 0x2C, 0x07, 0x6F, 0x7D, 0xE4,
    0xF9, 0xAE, 0xCF, 0x21, 0x8D, 0x1A, 0x97, 0x9F, 0xD8, 0xBA, 0xA5, 0xAA, 0x7F, 0x3E, 0xDA, 0xDD,
    0x79, 0xB4, 0xAA, 0xB0, 0x2D, 0xD0, 0xDA, 0x09, 0x8D, 0xF2, 0x02, 0x43, 0x04, 0x7B, 0x68, 0x99,
    0x4E, 0x01, 0xEC, 0xBC, 0xE7, 0xBF, 0x8C, 0x60, 0x5E, 0x8E, 0xE7, 0xB7, 0x80, 0x75, 0x12, 0x92,
    0x95, 0x52, 0x73, 0x5A, 0x0A, 0xD5, 0x2C, 0xF2, 0x94, 0x7D, 0xE6, 0x28, 0x61, 0x7C, 0xD8, 0x7E,
    0xAC, 0xC1, 0x97, 0xED, 0xC0, 0xB1, 0xA4, 0x54, 0x17, 0x8A, 0xE4, 0xBF, 0x24, 0x2D, 0x7F, 0x6F,
    0xA1, 0xF2, 0x65, 0x25, 0xA5, 0x8C, 0x97, 0x0B, 0xFA, 0xB3, 0xBC, 0x45, 0x5C, 0x03, 0x47, 0xDF,
    0x0A, 0xA6, 0x08, 0xA6, 0xBC, 0xA8, 0x05, 0xB2, 0x8C, 0xB9, 0xA1, 0xBC, 0x5D, 0x8B, 0xBB, 0xAD,
    0xA8, 0xB3, 0xE7, 0x5A, 0xCB, 0xF5, 0x89, 0xA1, 0x90, 0xDB, 0xBF, 0x1A, 0x5B, 0xDD, 0x50, 0x8C,
    0x2E, 0x8C, 0x07, 0xD9, 0x43, 0xB2, 0x4C, 0x43, 0x4E, 0xC3, 0x71, 0x82, 0x2E, 0x35, 0xE4, 0xC9,
    0x65, 0xA3, 0x5D, 0xAB, 0x1D, 0x64, 0x0D, 0x75, 0xCB, 0x82, 0xDE, 0xB9, 0x4C, 0x6E, 0xFB, 0xB4,
    0xF0, 0x53, 0xC5, 0x8B, 0x83, 0xC6, 0x35, 0xA5, 0xF8, 0xBA, 0x45, 0xEB, 0xA7, 0x68, 0x65, 0x69,
    0x21, 0xC4, 0x31, 0x79, 0xAB, 0x7D, 0x6B, 0x8A, 0xEB, 0xCF, 0xA9, 0xE8, 0x32, 0x9A, 0x8F, 0xB1,
    0x12, 0xBD, 0x2D, 0x75, 0x3D, 0x37, 0x73, 0x52, 0x53, 0xD2, 0x8C, 0xE5, 0xD7, 0x32, 0xD2, 0x34,
    0xAA, 0xB3, 0x0F, 0x7D, 0xF2, 0x4D, 0x11, 0x41, 0xCE, 0x5B, 0xFB, 0xEA, 0x6A, 0x4C, 0x49, 0xFB,
    0xA0, 0x2F, 0xCF, 0x41, 0xAF, 0x9E, 0xA4, 0x8D, 0x55, 0x52, 0x0D, 0x25, 0xBB, 0x2D, 0x79, 0x3E,
    0x3A, 0x33, 0x3B, 0xB1, 0xD6, 0xBC, 0xEB, 0x1A, 0xD8, 0x7B, 0xE6, 0x6C, 0x41, 0x06, 0x53, 0x38,
    0xC4, 0x40, 0x06, 0x52, 0x0B, 0x53, 0x76, 0x2D, 0x67, 0x18, 0x1A, 0xC4, 0x28, 0xF5, 0xD2, 0x0A,
    0x09, 0x72, 0x36, 0x4A, 0xC3, 0x4A, 0xDE, 0x72, 0x9F, 0x5E, 0x64, 0x3F, 0x28, 0x33, 0x76, 0x31,
    0x8A, 0xC3, 0x18, 0x21, 0xB1, 0x35, 0xA2, 0x55, 0xA2, 0x9A, 0xE2, 0xF2, 0x3A, 0x25, 0x5F, 0x35,
    0x14, 0x3D, 0x42, 0x32, 0x8B, 0xC4, 0xAF, 0x4C, 0x18, 0x2F, 0x4D, 0x10, 0x8A, 0x04, 0xAF, 0xB4,
    0x4C, 0xEE, 0x14, 0xD9, 0x9D, 0x85, 0x18, 0x59, 0xE6, 0xA6, 0x82, 0x7D, 0x60, 0x7E, 0xD3, 0x5C,
    0x42, 0xB3, 0x97, 0x4D, 0x31, 0x42, 0x25, 0xDC, 0x8D, 0xF6, 0x14, 0x54, 0x75, 0x6F, 0x3C, 0x8F,
    0x1A, 0x99, 0x20, 0xB6, 0x66, 0x6F, 0xD8, 0xA7, 0x0D, 0x4D, 0xDB, 0xB0, 0xDB, 0x7D, 0x7E, 0xF8,
    0x71, 0xC2, 0x3E, 0xE2, 0x82, 0xF2, 0x57, 0x51, 0x92, 0xF9, 0x04, 0xEE, 0xD7, 0x0C, 0xF7, 0xC6,
    0x36, 0xCD, 0x2D, 0xEE, 0x34, 0x53, 0x15, 0x4E, 0xF4, 0x60, 0x95, 0x84, 0xE7, 0xB9, 0x5A, 0x5C,
    0x23, 0xD9, 0xFB, 0x4D, 0xB4, 0x0F, 0x2D, 0x22, 0xDA, 0x7C, 0x88, 0x34, 0xE1, 0x0D, 0x4A, 0xFA,
    0x6B, 0x94, 0xDC, 0x45, 0x33, 0x6F, 0x4E, 0x42, 0xD0, 0x5F, 0x21, 0xF1, 0x6D, 0x46, 0xA4, 0x3D,
    0xD8, 0x1E, 0x30, 0xA5, 0xCC, 0x75, 0x34, 0x98, 0x9A, 0x4C, 0x2F, 0x1C, 0x3B, 0xDA, 0xBF, 0x7E,
    0x1C, 0x7A, 0x11, 0x66, 0x13, 0xCD, 0x04, 0xF4, 0x42, 0xD4, 0x74, 0x4D, 0x2B, 0x47, 0x10, 0xB1,
    0x2E, 0x52, 0x83, 0x92, 0xA1, 0xEE, 0xF0, 0x13, 0xB4, 0xAF, 0x58, 0x86, 0x88, 0xAF, 0xE1, 0xA4,
    0x26, 0xAA, 0x8A, 0x17, 0x6F, 0x5F, 0x8A, 0x38, 0x7A, 0x7D, 0x0B, 0xEE, 0xF4, 0x9A, 0x3C, 0xAD,
    0x0A, 0xD1, 0xE6, 0x27, 0x20, 0xAA, 0x4B, 0xA2, 0x3F, 0x00, 0xAC, 0x41, 0xF2, 0xEB, 0xF8, 0x37,
    0xE5, 0x8B, 0x37, 0x74, 0x5C, 0x91, 0xC3, 0x43, 0x7A, 0x13, 0xCD, 0x54, 0x57, 0x6B, 0xE9, 0x2F,
    0xAA, 0x5E, 0x5E, 0xFA, 0x71, 0xC9, 0x4A, 0xBA, 0x53, 0xE8, 0xC7, 0x06, 0x1A, 0xB3, 0x06, 0xA4,
    0x4B, 0x00, 0x5A, 0x7E, 0x71, 0x05, 0x70, 0x97, 0x0B, 0x9B, 0x6C, 0x31, 0x36, 0x7E, 0x8E, 0x4D,
    0x33, 0x63, 0xC3, 0x82, 0xD9, 0xC2, 0x62, 0x19, 0x4A, 0x22, 0x12, 0x4A, 0xC6, 0xB3, 0x7E, 0xA2,
    0x62, 0xBF, 0x58, 0x70, 0xD0, 0xA4, 0x10, 0x74, 0x06, 0x66, 0xC4, 0x90, 0x4C, 0xF9, 0xD9, 0x84,
    0xD5, 0x38, 0x0A, 0x33, 0x4E, 0xFD, 0x53, 0xC1, 0x8A, 0xEA, 0x55, 0x7A, 0x62, 0x55, 0xBD, 0x72,
    0x36, 0xD8, 0x56, 0x79, 0x5D, 0xAB, 0x3A, 0xAF, 0x95, 0x53, 0x8D, 0x6E, 0xF2, 0x22, 0x6D, 0x4C,
    0xA3, 0xC1, 0xCA, 0xB4, 0x86, 0x92, 0xF6, 0x72, 0xB7, 0x4E, 0x51, 0xF7, 0x69, 0x87, 0xA6, 0x75,
    0xE1, 0xC6, 0x36, 0xD1, 0xD0, 0x5C, 0x01, 0x61, 0x5B, 0x4B, 0x6A, 0xE3, 0x35, 0xBC, 0x76, 0x39,
    0x60, 0xF3, 0x52, 0x39, 0xC1, 0x12, 0xA8, 0x5E, 0x2A, 0xBA, 0x2B, 0xAA, 0x3B, 0x07, 0x1A, 0x47,
    0xA2, 0x5D, 0x44, 0x1B, 0xD6, 0xF2, 0x60, 0xEA, 0xCB, 0x59, 0xA3, 0xDC, 0x90, 0x3A, 0xE5, 0x39,
    0x73, 0xE9, 0x57, 0xAC, 0x8A, 0xE4, 0xFE, 0xDD, 0x0B, 0x14, 0x7F, 0xF7, 0xF7, 0x4F, 0x28, 0x7A,
    0x74, 0xF5, 0x3F, 0x98, 0x78, 0xDA, 0x81, 0x5F, 0x02, 0xDA, 0x57, 0xE2, 0x30, 0xC5, 0x66, 0x48,
    0xAE, 0xF1, 0xBC, 0x05, 0x0A, 0xCD, 0xC9, 0xC7, 0x45, 0x74, 0xA6, 0xB3, 0x6D, 0x1E, 0x14, 0x52,
    0x26, 0x21, 0x2F, 0xE2, 0x6E, 0x03, 0x6D, 0xDC, 0x12, 0x2C, 0xDC, 0xDF, 0xED, 0xC8, 0xBC, 0x59,
    0x24, 0xE5, 0x7E, 0x52, 0x83, 0x74, 0x8D, 0x4B, 0x8A, 0xBF, 0xF6, 0x94, 0x94, 0x53, 0xE7, 0x38,
    0xB0, 0xB3, 0xB5, 0x2D, 0x72, 0xB7, 0x81, 0xEB, 0x5B, 0x94, 0xD5, 0x2D, 0x25, 0x4D, 0xA0, 0xF8,
    0x7B, 0xE4, 0x7A, 0x84, 0x3B, 0x32, 0x40, 0x5B, 0x4E, 0xB1, 0x80, 0x22, 0xD0, 0xF9, 0x1D, 0xA0,
    0x18, 0xC3, 0xD8, 0x81, 0x68, 0x69, 0x0B, 0xE3, 0xE8, 0x2D, 0xCE, 0x37, 0xF6, 0x38, 0x1A, 0xCE,
    0x7B, 0xDD, 0x67, 0x6D, 0x1A, 0x52, 0x1F, 0x77, 0xE8, 0x52, 0x0F, 0x79, 0x5B, 0x7C, 0xD7, 0x08,
    0x56, 0x08, 0x86, 0x3C, 0x9E, 0x30, 0x3D, 0xA0, 0x30, 0x11, 0x44, 0x41, 0xA9, 0x27, 0xED, 0x25,
    0xF3, 0xF2, 0x94, 0xA9, 0x37, 0x3C, 0xAC, 0xC7, 0xDD, 0xDA, 0xA8, 0x74, 0x74, 0x9E, 0x6C, 0x41,
    0x03, 0x25, 0x1D, 0x65, 0xCD, 0x91, 0xDC, 0x2B, 0xE3, 0x72, 0xCB, 0x83, 0x91, 0x02, 0xC7, 0x12,
    0xF3, 0x91, 0x28, 0xDA, 0x71, 0x6D, 0x8F, 0x4B, 0x83, 0xBD, 0xAE, 0xFC, 0xAA, 0x2E, 0xA9, 0xC2,
    0x64, 0x69, 0xCC, 0xF4, 0xBE, 0x2E, 0x9B, 0xF1, 0x13, 0x72, 0xCA, 0x2D, 0x54, 0xA2, 0x1F, 0x2B,
    0x25, 0x67, 0x9E, 0x2C, 0x1A, 0xE8, 0x75, 0x60, 0x2D, 0x65, 0x20, 0x29, 0x33, 0x37, 0x68, 0x06,
    0x78, 0xC6, 0x80, 0x4B, 0xDB, 0xA3, 0x10, 0x7A, 0x56, 0x68, 0xAF, 0x0A, 0x83, 0xBB, 0x9A, 0x79,
    0x0A, 0xDE, 0x1E, 0x65, 0xBD, 0xBD, 0x97, 0xAA, 0xC9, 0x39, 0x9C, 0x52, 0xF5, 0x49, 0xE1, 0x2E,
    0x9F, 0x30, 0xE5, 0xAC, 0x79, 0x47, 0xBB, 0xEB, 0x86, 0x83, 0xE6, 0x26, 0xA5, 0x3A, 0xBD, 0xE9,
    0x63, 0x2E, 0x68, 0x87, 0x68, 0xE5, 0xC9, 0xA2, 0xD3, 0xA7, 0x8B, 0x7E, 0x45, 0x8A, 0x2E, 0xF5,
    0x5E, 0xD1, 0xC7, 0xD2, 0x42, 0x5D, 0xA0, 0xA4, 0xA7, 0x08, 0x73, 0x7E, 0x4F, 0xC2, 0xF5, 0x54,
    0x71, 0xEE, 0x57, 0x8D, 0x54, 0x1C, 0x77, 0x24, 0x69, 0xFC, 0x35, 0x53, 0x36, 0x76, 0xAA, 0xD8,
    0x02, 0x2E, 0xA4, 0xDF, 0x86, 0xAC, 0x5E, 0x86, 0x42, 0x9E, 0xB1, 0x75, 0x4B, 0x55, 0x4F, 0xFF,
    0x07, 0xB5, 0x57, 0x3D, 0x8C, 0xDC, 0xC6, 0x15, 0x7E, 0x24, 0x4F, 0xC7, 0xD8, 0x4C, 0x34, 0x57,
    0xA8, 0x30, 0x70, 0xD6, 0xD1, 0x4D, 0x00, 0x03, 0x91, 0x34, 0x2E, 0x2E, 0x80, 0x8B, 0x3D, 0x0D,
    0x13, 0x01, 0x71, 0x61, 0x20, 0x56, 0x93, 0x74, 0x49, 0x5C, 0xA4, 0xCE, 0xAA, 0x50, 0xA1, 0x62,
    0x25, 0xD2, 0x76, 0xA1, 0x42, 0x85, 0xD5, 0xA4, 0x08, 0xD2, 0xB8, 0x48, 0x6D, 0xAB, 0x70, 0x21,
    0x20, 0xA7, 0x23, 0x11, 0x17, 0x29, 0xDC, 0x50, 0x12, 0x82, 0x14, 0x2E, 0x44, 0xC1, 0x4A, 0x93,
    0xC2, 0xA1, 0xED, 0x39, 0x87, 0x72, 0x48, 0x4E, 0xBE, 0xF7, 0x66, 0xF7, 0x6E, 0x75, 0xB6, 0xCE,
    0x67, 0x4B, 0xE6, 0xED, 0xCC, 0xEC, 0xED, 0xCE, 0xCE, 0x7B, 0xF3, 0x7E, 0xBE, 0xF7, 0x3D, 0x22,
    0x3A, 0x41, 0x44, 0x25, 0x46, 0x8E, 0xB1, 0x43, 0xD3, 0xAE, 0x8F, 0x9D, 0xB3, 0x69, 0x9D, 0xD7,
    0x86, 0x54, 0x7B, 0x85, 0xE2, 0x76, 0xA0, 0xC8, 0x2E, 0xC6, 0x48, 0x51, 0x5B, 0xE2, 0xB3, 0x3C,
    0x53, 0xB5, 0x69, 0xF2, 0x42, 0xB9, 0x91, 0x82, 0xB2, 0x21, 0x39, 0xE6, 0x2C, 0x5E, 0xA1, 0xBB,
    0x95, 0x3A, 0x6B, 0x5E, 0xB5, 0x3B, 0x61, 0x3F, 0x04, 0xF3, 0xD7, 0x18, 0x76, 0xF9, 0xD5, 0xD6,
    0xB8, 0x3A, 0x1E, 0xB1, 0x93, 0x8E, 0xF1, 0xA4, 0x2B, 0x4C, 0x29, 0x4F, 0xBA, 0x70, 0xBD, 0x76,
    0x54, 0xDA, 0xF5, 0x8E, 0x54, 0x1D, 0xD9, 0x6F, 0x9A, 0x1A, 0x9E, 0xDA, 0xB8, 0xA5, 0x78, 0x98,
    0x36, 0x14, 0x3A, 0x87, 0x43, 0xA6, 0x0F, 0xF9, 0xCC, 0x20, 0x23, 0xE8, 0xC7, 0x43, 0xDF, 0x77,
    0x75, 0x79, 0xD7, 0xE1, 0x17, 0xF9, 0xD7, 0x8F, 0x5D, 0x47, 0xB8, 0x67, 0x13, 0x8C, 0x86, 0x95,
    0xA7, 0xE7, 0xA3, 0x82, 0x97, 0x54, 0x65, 0xBC, 0x24, 0x03, 0xCF, 0x14, 0x76, 0xB2, 0xD0, 0x79,
    0x9A, 0x3F, 0xA5, 0x7B, 0x40, 0x30, 0x4E, 0xE9, 0x1C, 0x96, 0x4E, 0xDD, 0x2E, 0x2B, 0x9B, 0xB4,
    0xAA, 0x4E, 0x9B, 0x36, 0xAD, 0x55, 0x9D, 0xB4, 0x64, 0x0A, 0x51, 0xB1, 0x14, 0x4D, 0x83, 0x41,
    0x96, 0x48, 0x6E, 0xD5, 0xAA, 0x16, 0x4B, 0xDC, 0xEA, 0xEA, 0x45, 0x85, 0xBD, 0x79, 0x36, 0xC1,
    0x54, 0x8C, 0xB4, 0x9D, 0xBB, 0x21, 0xC0, 0x61, 0xCE, 0x5D, 0xE7, 0xA3, 0x69, 0xFF, 0x79, 0xF1,
    0xA4, 0x2C, 0x93, 0x89, 0x2C, 0xE9, 0x25, 0x91, 0x8E, 0x53, 0x1C, 0xA4, 0x47, 0x35, 0xB1, 0x74,
    0x7C, 0xCE, 0xD2, 0x4B, 0x57, 0xB1, 0x74, 0xC7, 0x4B, 0x64, 0x2D, 0xFB, 0x26, 0xB2, 0xCD, 0x28,
    0xD2, 0xC3, 0x5E, 0xA4, 0x27, 0x5E, 0x3A, 0xEC, 0xCD, 0xD2, 0xCD, 0xCF, 0x2B, 0x91, 0x1E, 0x55,
    0x5E, 0x7A, 0xE5, 0xA5, 0xB3, 0x09, 0x9E, 0x85, 0x21, 0x12, 0xAB, 0xDE, 0xCE, 0xC8, 0xD8, 0x08,
    0xDE, 0x8A, 0x6D, 0xD0, 0xC3, 0xA0, 0x96, 0xD6, 0x64, 0x86, 0x51, 0x9C, 0xD5, 0xAE, 0x65, 0x1F,
    0xBB, 0xD6, 0x9C, 0xB3, 0x5B, 0xAA, 0xDE, 0x89, 0xEC, 0x44, 0x17, 0x03, 0xBE, 0xCD, 0x09, 0x33,
    0xF6, 0x63, 0xC6, 0x7F, 0x63, 0x64, 0x55, 0x7D, 0xB1, 0xFC, 0xB3, 0xD5, 0xFF, 0xC0, 0x66, 0x97,
    0x3B, 0x0B, 0xAB, 0xE7, 0xAE, 0x75, 0x3D, 0xE5, 0xEC, 0x6E, 0xD2, 0x6C, 0x20, 0x04, 0xD3, 0x11,
    0xE7, 0x67, 0x65, 0x56, 0x32, 0x6B, 0xCC, 0xB9, 0x1B, 0x63, 0x36, 0x07, 0xCF, 0xEC, 0x34, 0x71,
    0x24, 0x36, 0x73, 0x2C, 0x57, 0xA2, 0xA9, 0xC4, 0x84, 0x77, 0x62, 0xE2, 0x8D, 0x05, 0xD9, 0x49,
    0x95, 0x36, 0x8B, 0x8D, 0x98, 0xA6, 0xB0, 0x07, 0x95, 0x3C, 0xA9, 0xAF, 0x4E, 0x09, 0x4F, 0x8A,
    0x27, 0x0D, 0x83, 0x39, 0x87, 0x03, 0xDC, 0xE8, 0x7F, 0xB9, 0x17, 0xBE, 0x39, 0x07, 0x1D, 0xC7,
    0x75, 0x68, 0x71, 0x98, 0xC6, 0x59, 0x06, 0x0E, 0xD0, 0x22, 0x40, 0xC6, 0xED, 0x32, 0x53, 0x77,
    0x1C, 0x27, 0xCC, 0x63, 0x87, 0xB6, 0x26, 0x2B, 0x7B, 0x83, 0x93, 0x8C, 0xCF, 0x44, 0xC4, 0x0E,
    0x29, 0x68, 0x9E, 0xD4, 0x64, 0xFA, 0xC8, 0xDD, 0x73, 0x55, 0x0A, 0x47, 0x5D, 0x73, 0x59, 0xE4,
    0xC8, 0xC0, 0xC2, 0x91, 0xAB, 0xFC, 0xD2, 0xC8, 0xF2, 0x3F, 0x2B, 0xCB, 0xE7, 0xBD, 0x2C, 0xED,
    0xE8, 0x97, 0x3C, 0x97, 0x45, 0x3B, 0x59, 0x94, 0x5F, 0x22, 0x5E, 0xF8, 0x30, 0x2C, 0x66, 0xA4,
    0x92, 0xDD, 0x4B, 0xB4, 0x36, 0x8F, 0xF5, 0xC8, 0x47, 0x60, 0xDA, 0xFA, 0x78, 0xAF, 0x64, 0xB9,
    0xE2, 0x03, 0x32, 0x6C, 0xFD, 0x0E, 0x56, 0xE8, 0x4E, 0x1B, 0x0F, 0xAC, 0x2B, 0xAB, 0x43, 0xA2,
    0xCD, 0xBA, 0x65, 0x65, 0xB4, 0x8D, 0xFE, 0x6B, 0x0D, 0xDC, 0xFF, 0x59, 0xCF, 0x33, 0x34, 0xE1,
    0x39, 0xCF, 0x79, 0xD6, 0x8E, 0x67, 0x25, 0x73, 0x84, 0x99, 0x95, 0xC0, 0x69, 0xD0, 0x41, 0xA4,
    0xAE, 0x45, 0x72, 0xBE, 0x77, 0x66, 0x2A, 0x6E, 0x94, 0x88, 0xA4, 0x5B, 0x22, 0x9D, 0xF5, 0xF3,
    0xBA, 0x76, 0xFB, 0x39, 0xA2, 0x3F, 0xB4, 0x49, 0x5F, 0xBA, 0x41, 0xF5, 0xCA, 0xE2, 0x42, 0xF0,
    0xD1, 0x21, 0x93, 0x6E, 0xCB, 0x37, 0xFA, 0x7C, 0xD7, 0xDD, 0xEE, 0x17, 0x47, 0x89, 0xDC, 0x84,
    0x05, 0xE6, 0x2C, 0x0F, 0xF8, 0xF5, 0x0E, 0x92, 0xAE, 0x9B, 0xE1, 0x6D, 0xEB, 0x75, 0x08, 0xB3,
    0xFD, 0xBB, 0xC7, 0xD6, 0xFB, 0x64, 0x03, 0x3F, 0xDD, 0x82, 0x52, 0x33, 0xF8, 0xE9, 0x26, 0x6E,
    0xDF, 0xEA, 0x82, 0x41, 0x28, 0x72, 0xC0, 0xB7, 0x0A, 0x78, 0x50, 0x20, 0xCB, 0x9B, 0xF5, 0x11,
    0xE9, 0xE1, 0x4E, 0x25, 0xA4, 0xCF, 0x50, 0xD2, 0xCF, 0x6D, 0xC7, 0xD2, 0x46, 0xC4, 0x6D, 0x35,
    0xA4, 0xF5, 0x09, 0x55, 0xAF, 0xBA, 0x1A, 0x98, 0xB8, 0xA3, 0x6A, 0xE8, 0x37, 0x68, 0xA4, 0x71,
    0xAF, 0xEF, 0xDA, 0xEB, 0x27, 0xED, 0xEC, 0x2C, 0xF0, 0x84, 0x25, 0xBB, 0xA1, 0xEC, 0x24, 0x02,
    0x0F, 0xFC, 0x4D, 0x3B, 0x37, 0xDC, 0x98, 0x74, 0x37, 0xB1, 0xAF, 0x5A, 0xC5, 0xBE, 0x69, 0x5D,
    0x1E, 0xD8, 0xA1, 0x6D, 0xD9, 0x07, 0xD5, 0x84, 0x82, 0x16, 0x4A, 0x97, 0xB8, 0x48, 0x9A, 0xED,
    0x5B, 0x6D, 0xDA, 0x31, 0xF6, 0x65, 0xC0, 0xF8, 0xEA, 0xDB, 0x60, 0x7C, 0x12, 0x15, 0xC9, 0xDB,
    0x14, 0x0D, 0xFB, 0x1E, 0x08, 0x71, 0x08, 0xAE, 0x79, 0x08, 0xD8, 0x5F, 0xD8, 0xC0, 0xB6, 0xD9,
    0x8C, 0x5D, 0xC5, 0x16, 0x88, 0xAB, 0x25, 0x80, 0xA3, 0x05, 0xEC, 0x0F, 0x4F, 0x06, 0xFB, 0xF5,
    0x0D, 0xA2, 0xCF, 0x1A, 0x9F, 0xF4, 0xE9, 0x52, 0x6C, 0xDC, 0xC7, 0xE1, 0x47, 0x2A, 0x01, 0xBA,
    0xA1, 0x9C, 0x13, 0xB8, 0x1C, 0x17, 0xBF, 0xDD, 0x46, 0x28, 0x50, 0x7F, 0x96, 0x0E, 0x3E, 0x4F,
    0x47, 0xE3, 0xD0, 0x71, 0xE6, 0x4A, 0x2C, 0x53, 0xD0, 0xBC, 0x4F, 0xD1, 0x2E, 0x07, 0x48, 0xF7,
    0xDD, 0x34, 0xF7, 0xCF, 0x69, 0xF6, 0x06, 0x57, 0xAD, 0xE8, 0x3A, 0xAB, 0xAF, 0x17, 0xD3, 0xD3,
    0xB6, 0xB5, 0x3C, 0xED, 0x3C, 0x1F, 0x10, 0x56, 0xAB, 0x4F, 0xE1, 0x06, 0x2B, 0x2B, 0xF8, 0xC5,
    0xD6, 0x64, 0x91, 0x8A, 0x3F, 0xFE, 0x13, 0xA6, 0x81, 0xB1, 0xF0, 0xFB, 0xB8, 0x41, 0x58, 0x5D,
    0xA2, 0x70, 0xD7, 0x7A, 0x6C, 0xD3, 0x19, 0x05, 0xEF, 0xFC, 0xE5, 0x29, 0xD8, 0xFF, 0xA6, 0x14,
    0x1D, 0x46, 0xAB, 0xD5, 0xEA, 0x7B, 0xB7, 0x7F, 0x3B, 0xC7, 0xC0, 0xCB, 0x18, 0xCF, 0x3C, 0xB9,
    0xFD, 0xA1, 0x12, 0x08, 0x04, 0x18, 0x1F, 0x9B, 0x3F, 0x06, 0x8B, 0xE0, 0xD7, 0x10, 0x37, 0xA5,
    0xAA, 0x8C, 0xCB, 0x92, 0x8E, 0x69, 0xCF, 0xA3, 0xC9, 0x61, 0x16, 0x19, 0xB2, 0xFF, 0x04, 0x92,
    0xDD, 0xAC, 0x40, 0xC2, 0x71, 0xAD, 0x38, 0x14, 0x4F, 0xEF, 0x30, 0x7D, 0xE1, 0xCD, 0x37, 0x0D,
    0x4C, 0x63, 0x51, 0x2D, 0xC1, 0x35, 0x6A, 0x84, 0xBE, 0x6B, 0x80, 0x04, 0x5C, 0xC7, 0x2B, 0xDC,
    0x53, 0x37, 0xC0, 0x44, 0x87, 0xEA, 0x90, 0x69, 0x94, 0x11, 0xBE, 0x29, 0x6D, 0x24, 0x99, 0xF9,
    0x5D, 0xA5, 0x55, 0x71, 0x44, 0xCC, 0xA4, 0x1C, 0x42, 0xF3, 0xCE, 0x57, 0x79, 0xAE, 0xB9, 0xC9,
    0x12, 0xCE, 0x84, 0x8D, 0x0F, 0x2C, 0x65, 0x3D, 0x74, 0x4F, 0xA0, 0xDB, 0x0C, 0xAA, 0x59, 0x03,
    0xAD, 0x4D, 0x36, 0x87, 0xEE, 0x2A, 0xA9, 0x54, 0xA3, 0x8A, 0xA4, 0xCD, 0x9B, 0x74, 0x00, 0xA6,
    0xF1, 0x6D, 0x45, 0xA5, 0x39, 0xFA, 0x43, 0xD1, 0xA3, 0x62, 0xF8, 0x5B, 0x7B, 0x2C, 0x2E, 0x74,
    0xFC, 0x93, 0xC8, 0xB5, 0x8F, 0xA2, 0x48, 0xC4, 0x14, 0x8E, 0x6D, 0xC1, 0x87, 0xFF, 0xD5, 0x2A,
    0xBC, 0xFF, 0xDC, 0x1E, 0xC7, 0xE7, 0x1F, 0x4B, 0x3D, 0xFA, 0x80, 0x67, 0x75, 0x8E, 0x01, 0x42,
    0x47, 0x0E, 0xB7, 0xCA, 0x85, 0x17, 0x82, 0x1D, 0x06, 0xD0, 0x38, 0xB2, 0x71, 0x16, 0x21, 0x3E,
    0x54, 0x96, 0x76, 0x29, 0x50, 0xDC, 0xF4, 0x46, 0xCE, 0xE1, 0x00, 0x84, 0xD2, 0xE5, 0xB0, 0x27,
    0x26, 0x1E, 0xD2, 0x06, 0xDF, 0xF5, 0xA3, 0x6E, 0xC7, 0xED, 0xB4, 0xCA, 0x49, 0xFF, 0xDB, 0x25,
    0xCE, 0x7D, 0x99, 0xBF, 0x57, 0x11, 0xB4, 0xA5, 0x21, 0xB5, 0xC7, 0x40, 0x65, 0x47, 0xFD, 0x20,
    0x07, 0x73, 0x19, 0x33, 0xB6, 0x82, 0x7A, 0x00, 0xAF, 0x17, 0x49, 0x91, 0x53, 0x40, 0xEC, 0xBE,
    0x81, 0x7E, 0x75, 0x1E, 0x65, 0x1A, 0x64, 0x32, 0xAD, 0x40, 0x7A, 0x7B, 0xA9, 0x09, 0x0F, 0xD2,
    0x4A, 0x61, 0x6F, 0x50, 0x7E, 0x09, 0x79, 0xEF, 0x49, 0xE1, 0x4B, 0x3E, 0xEB, 0x41, 0x7D, 0x39,
    0xB8, 0x07, 0xC2, 0x7B, 0x62, 0xBD, 0x23, 0x57, 0x7B, 0x02, 0x84, 0xFA, 0x81, 0x60, 0x2B, 0xD2,
    0x2C, 0x2D, 0x70, 0xE7, 0xD6, 0xFC, 0xB1, 0xA4, 0x14, 0xB7, 0x5B, 0x05, 0xE9, 0xA4, 0x1A, 0xC8,
    0x65, 0xF9, 0x8E, 0xF0, 0xD2, 0xC2, 0xDF, 0x52, 0xA3, 0x96, 0xF4, 0xC9, 0x12, 0x28, 0xBF, 0x3A,
    0xD7, 0x07, 0x23, 0x70, 0xF5, 0x88, 0x21, 0xE1, 0x0D, 0xA9, 0xE6, 0x21, 0x38, 0x1C, 0x74, 0x08,
    0xCA, 0x87, 0x14, 0x04, 0x99, 0x7A, 0xB5, 0x88, 0x3F, 0x91, 0xFA, 0xFE, 0xBA, 0xF8, 0x60, 0x2C,
    0x61, 0x26, 0x73, 0xED, 0x5F, 0x39, 0x78, 0x08, 0xE8, 0xC6, 0x35, 0x70, 0xD7, 0x26, 0x85, 0xDD,
    0xC4, 0xAE, 0xDA, 0xF5, 0x57, 0x7E, 0x3D, 0x0C, 0xD4, 0xBB, 0x18, 0x3C, 0xA2, 0x5D, 0x1F, 0x33,
    0x6A, 0x4E, 0x21, 0xBD, 0xA0, 0x91, 0x79, 0x54, 0x23, 0xDC, 0xBD, 0x2B, 0xAD, 0x6E, 0x14, 0xF7,
    0x45, 0x35, 0x58, 0xF5, 0x5D, 0xC4, 0xEF, 0x7F, 0x0A, 0xDC, 0x8E, 0x6F, 0x08, 0x5E, 0x7D, 0x0F,
    0xFF, 0xDF, 0x65, 0xB6, 0x2D, 0x7A, 0xA1, 0x46, 0xA7, 0x9D, 0xEB, 0x43, 0xBB, 0x16, 0x20, 0xDC,
    0x50, 0x96, 0xCC, 0x36, 0x5C, 0x0B, 0x3F, 0x06, 0xD7, 0xE7, 0x41, 0x84, 0xF7, 0xC6, 0x7A, 0x0E,
    0xB2, 0x3F, 0x1C, 0xD2, 0x3F, 0x2F, 0x22, 0x7B, 0x8B, 0xA2, 0x2F, 0x5A, 0xA6, 0x77, 0x04, 0x3E,
    0x25, 0xE9, 0x8D, 0xEF, 0x98, 0x7B, 0x15, 0x09, 0xBC, 0xAA, 0xC7, 0xB8, 0xA1, 0xA9, 0x5D, 0xAE,
    0xE2, 0xCD, 0x21, 0x55, 0xBC, 0x41, 0x15, 0xAF, 0xE0, 0xF9, 0x2C, 0x28, 0x99, 0xCB, 0x37, 0x9E,
    0xBD, 0x8A, 0x6B, 0x7A, 0xA1, 0xAD, 0x8F, 0xAB, 0xE3, 0xE5, 0x55, 0x10, 0xF7, 0x26, 0x71, 0x19,
    0xCD, 0x04, 0x76, 0xA0, 0xA2, 0x13, 0x3A, 0x08, 0xEF, 0x06, 0x6E, 0x89, 0x87, 0x3D, 0x45, 0x5D,
    0x48, 0xCC, 0xA9, 0x5C, 0x75, 0x08, 0xBF, 0x78, 0x9C, 0x5E, 0x49, 0xD0, 0x24, 0x7F, 0xAF, 0x98,
    0xF7, 0x6F, 0xCF, 0x15, 0x33, 0x0E, 0xE9, 0x31, 0x6C, 0x85, 0xDD, 0x04, 0x16, 0x4B, 0x0B, 0xA6,
    0xD6, 0xB0, 0x29, 0x08, 0x10, 0xC7, 0xC7, 0xB0, 0x49, 0xFD, 0x95, 0x18, 0x1B, 0x5A, 0x1C, 0xB5,
    0x82, 0xC8, 0x49, 0xB2, 0xE4, 0x13, 0x0A, 0x17, 0x91, 0x83, 0x56, 0x05, 0xAF, 0x9B, 0xAA, 0xBE,
    0x80, 0x3A, 0x71, 0x8B, 0x1B, 0x89, 0xE8, 0x21, 0x53, 0x5D, 0x9A, 0x32, 0x4E, 0xB2, 0xC3, 0x22,
    0x7B, 0x03, 0x17, 0xC5, 0xAD, 0x5D, 0xB1, 0xEE, 0x63, 0xEF, 0x95, 0x2A, 0xBE, 0x27, 0x67, 0xFF,
    0x9E, 0x4F, 0x58, 0x1D, 0xA4, 0x95, 0x3C, 0xE4, 0xD5, 0xF3, 0x66, 0x10, 0x4B, 0x04, 0x1B, 0x84,
    0x70, 0x87, 0x97, 0xBB, 0x9E, 0xFB, 0x4B, 0x2C, 0xDC, 0xE1, 0xCD, 0xA2, 0x8E, 0x3B, 0xBC, 0x8B,
    0xAA, 0x95, 0xFE, 0x52, 0x4B, 0x87, 0x47, 0xBE, 0xC3, 0xA3, 0x47, 0x3A, 0xBC, 0xD8, 0x4A, 0x87,
    0xA7, 0x9A, 0xE7, 0xA4, 0xC3, 0xAB, 0x4E, 0x73, 0x72, 0x94, 0xD9, 0x16, 0x3A, 0x3C, 0x40, 0x47,
    0xCF, 0x1D, 0x5E, 0x39, 0xE7, 0x1C, 0xBE, 0x91, 0x15, 0x48, 0x11, 0xE4, 0x58, 0x6A, 0x25, 0x73,
    0x27, 0x8D, 0x6C, 0xEE, 0x1A, 0x3E, 0xFA, 0x92, 0x97, 0x77, 0xC1, 0xF8, 0xB2, 0x24, 0xB5, 0xAB,
    0x95, 0x7E, 0x36, 0x6E, 0xD1, 0x6E, 0xB1, 0xA0, 0xB4, 0x6A, 0x59, 0x90, 0xF9, 0x59, 0xCB, 0x82,
    0x4A, 0x2E, 0x1E, 0xD7, 0xA1, 0x7C, 0x2D, 0xF1, 0xED, 0x23, 0xDC, 0x33, 0xE7, 0x45, 0x6F, 0xB1,
    0x68, 0x22, 0x53, 0x69, 0x22, 0xB9, 0x8F, 0x3C, 0x67, 0x37, 0x54, 0x83, 0x26, 0xF2, 0x79, 0x5D,
    0xED, 0x35, 0x91, 0x90, 0xB5, 0xD7, 0x44, 0x26, 0xCD, 0xE6, 0x81, 0x26, 0x52, 0x2F, 0x10, 0xF5,
    0x22, 0x8E, 0x42, 0x18, 0xAA, 0x56, 0x2A, 0xE1, 0x93, 0x00, 0x07, 0x3F, 0x3F, 0x02, 0xE0, 0x82,
    0x89, 0x48, 0x39, 0x5F, 0x5B, 0xC6, 0x8E, 0x5D, 0x00, 0xC7, 0x01, 0xEC, 0x30, 0x82, 0x1D, 0x3B,
    0x74, 0x8B, 0xB1, 0xE3, 0x17, 0x7D, 0xEE, 0xB1, 0x63, 0x45, 0xCC, 0xC9, 0x54, 0x9B, 0x55, 0xA2,
    0xB0, 0x5B, 0x86, 0x7D, 0xEE, 0x9B, 0x1A, 0x6E, 0x7A, 0x0A, 0xE9, 0x9A, 0xB8, 0x69, 0x92, 0x06,
    0x4E, 0xDA, 0x37, 0x69, 0xDE, 0xA4, 0x75, 0x93, 0xC6, 0x4D, 0xDA, 0x36, 0x69, 0xDA, 0xA4, 0x65,
    0x93, 0x86, 0x4D, 0xDA, 0x35, 0x69, 0xD6, 0xFC, 0x79, 0x17, 0x98, 0xA3, 0xCE, 0xDB, 0x33, 0x96,
    0x19, 0xCC, 0x0D, 0xF0, 0xA1, 0x85, 0x63, 0xE1, 0x2B, 0xFB, 0xF8, 0xFA, 0x8F, 0x56, 0xA8, 0x28,
    0x77, 0x5D, 0x3D, 0xD7, 0xEC, 0x14, 0xEB, 0xCA, 0x47, 0x25, 0xCD, 0x5E, 0xE9, 0x92, 0x5A, 0xFE,
    0x5B, 0x3E, 0x5A, 0xF1, 0xF4, 0x2E, 0xBB, 0x8E, 0x8D, 0x18, 0x73, 0xC8, 0x28, 0xD6, 0x23, 0xE5,
    0xAA, 0x7E, 0x46, 0x23, 0x74, 0xB6, 0x38, 0x7F, 0xB7, 0x55, 0xC3, 0x11, 0xD5, 0x72, 0x61, 0x43,
    0x6A, 0x34, 0x38, 0x30, 0xAE, 0xB9, 0xD7, 0xB4, 0xAB, 0xAE, 0x30, 0x3D, 0x67, 0xF4, 0x0A, 0x05,
    0xDB, 0xF3, 0x60, 0xC0, 0xF9, 0xC9, 0x1F, 0xF8, 0x6C, 0xB5, 0x41, 0x51, 0x77, 0xB4, 0x2A, 0x8F,
    0x27, 0xDB, 0x6F, 0x44, 0x7D, 0x8F, 0x6A, 0x8A, 0x25, 0x8B, 0x3C, 0xAE, 0xB6, 0x3E, 0xFB, 0xE4,
    0xB5, 0x95, 0x43, 0x8D, 0x59, 0x17, 0xCB, 0x8E, 0xAA, 0x3D, 0x63, 0x7F, 0xAB, 0x1A, 0xBB, 0x67,
    0xEB, 0xC1, 0x73, 0xA5, 0xD5, 0x79, 0x4F, 0xB6, 0x3E, 0x3E, 0x03, 0x85, 0x87, 0xD8, 0xA6, 0x56,
    0x55, 0x71, 0x9F, 0x16, 0x69, 0x6F, 0xB2, 0xCB, 0x03, 0x72, 0x6A, 0x30, 0xAF, 0x14, 0x83, 0x79,
    0x97, 0x7A, 0xD3, 0x05, 0x7D, 0xCA, 0x9A, 0x75, 0x22, 0xAF, 0x78, 0x69, 0xBA, 0x14, 0x5A, 0x11,
    0xCE, 0x49, 0x0A, 0x1F, 0x04, 0xDC, 0x08, 0xAC, 0x2C, 0xB2, 0xFC, 0x0E, 0xA3, 0x32, 0xD2, 0x7B,
    0x20, 0x5D, 0x20, 0x7C, 0xCE, 0x61, 0xFC, 0x26, 0x47, 0x4E, 0x42, 0xCD, 0x7A, 0x87, 0xD2, 0xDB,
    0x3D, 0x28, 0x8E, 0xA5, 0x9F, 0x3A, 0x5F, 0xE5, 0x02, 0xDC, 0x09, 0x00, 0x46, 0xC9, 0x3F, 0x5B,
    0x4F, 0x26, 0x5F, 0x7A, 0xEE, 0x00, 0x83, 0xEA, 0x96, 0x18, 0xD4, 0x15, 0x61, 0x50, 0xB4, 0xCF,
    0xA0, 0x6A, 0xCF, 0xA0, 0xE2, 0x76, 0xEA, 0x19, 0x14, 0x1B, 0xEE, 0xE2, 0x0D, 0xDA, 0xEE, 0x68,
    0x6B, 0x46, 0x1B, 0xA7, 0x69, 0xE5, 0x07, 0x47, 0xF6, 0x32, 0xB6, 0xF1, 0xF5, 0x34, 0x93, 0xB0,
    0x97, 0xB9, 0xA5, 0x5B, 0x5B, 0xD9, 0xBB, 0x2C, 0x53, 0xED, 0xA8, 0x5F, 0x44, 0x63, 0xC2, 0xB9,
    0xAD, 0x98, 0x63, 0x9E, 0x01, 0x7E, 0xD2, 0x04, 0x1C, 0x93, 0x66, 0x1C, 0x8D, 0xCC, 0x31, 0x03,
    0x8E, 0x46, 0xF6, 0x27, 0x02, 0x31, 0xE4, 0x40, 0x8C, 0xD9, 0xA5, 0xCA, 0x15, 0x30, 0x3E, 0xCE,
    0x7E, 0x59, 0xD3, 0xDA, 0xB1, 0xA3, 0xF2, 0xB9, 0xCD, 0xE7, 0x69, 0x66, 0xC8, 0xA4, 0x45, 0xF2,
    0x66, 0x4D, 0x59, 0x26, 0x18, 0x0A, 0x34, 0x72, 0x40, 0x40, 0xC0, 0xA0, 0x12, 0xA6, 0xA3, 0x00,
    0x4E, 0x78, 0xF9, 0xF7, 0xFC, 0x61, 0xAA, 0x9D, 0x2B, 0x1D, 0xDF, 0xE2, 0xD4, 0x26, 0x9D, 0x9D,
    0x51, 0x3A, 0xA1, 0xE4, 0x97, 0x14, 0xAE, 0x78, 0x6C, 0x01, 0x09, 0xAA, 0xCC, 0x6B, 0xCD, 0xAD,
    0x05, 0xE7, 0xC6, 0x3E, 0x26, 0x70, 0xC5, 0x79, 0xD4, 0x36, 0x68, 0x2A, 0x1E, 0x2C, 0x42, 0xD7,
    0x44, 0x6F, 0xB4, 0x3E, 0xF0, 0x1D, 0x9F, 0xE6, 0xE4, 0xE4, 0x3D, 0x89, 0xDD, 0x92, 0xC4, 0x04,
    0x12, 0xA1, 0x12, 0x9E, 0x60, 0xA4, 0xC4, 0x15, 0xC7, 0x93, 0x0A, 0x55, 0xED, 0x08, 0xB2, 0xD8,
    0xFF, 0x17, 0x36, 0xA9, 0xBB, 0x4C, 0x57, 0x4C, 0xA6, 0xE2, 0x2A, 0x10, 0x71, 0x0A, 0x2E, 0xC5,
    0x57, 0x87, 0x16, 0x30, 0xA4, 0xB6, 0x62, 0x18, 0x79, 0xBF, 0xED, 0xED, 0xE4, 0xD2, 0xC9, 0x09,
    0xF7, 0x72, 0xEB, 0x56, 0xDB, 0xE8, 0x91, 0xBF, 0x64, 0x60, 0x57, 0xC2, 0x9A, 0x5D, 0x33, 0xCB,
    0xD6, 0x98, 0x4B, 0x95, 0x96, 0x8B, 0xC7, 0xC1, 0xBF, 0x29, 0x18, 0x53, 0xCA, 0xBB, 0xB6, 0xB3,
    0x13, 0x00, 0xB2, 0xBA, 0x3C, 0xF0, 0xBD, 0xB6, 0x65, 0xBF, 0x82, 0x28, 0xDD, 0x40, 0xA4, 0xA7,
    0x6F, 0xD7, 0x14, 0xDF, 0x81, 0x65, 0xDE, 0xD9, 0x9C, 0xE3, 0x5E, 0xB7, 0xCC, 0x41, 0xDA, 0x43,
    0x38, 0x48, 0x0D, 0x0E, 0x52, 0x30, 0x2B, 0x0D, 0x4A, 0xC1, 0xBB, 0x93, 0x13, 0x3A, 0x33, 0x21,
    0x75, 0x86, 0xE2, 0xD7, 0x28, 0x0C, 0xE8, 0x10, 0xE2, 0x91, 0x5F, 0x45, 0x5C, 0xD7, 0x31, 0x2E,
    0x93, 0x36, 0xBE, 0xE3, 0xB0, 0x60, 0x20, 0xD5, 0x89, 0x25, 0x26, 0xF4, 0xDD, 0xB4, 0x38, 0xE8,
    0xB0, 0x6F, 0x94, 0x8F, 0xE7, 0xB9, 0x55, 0xA2, 0xB3, 0xB0, 0x84, 0xBE, 0x56, 0x51, 0x74, 0x1F,
    0x96, 0x38, 0xFF, 0x82, 0x6F, 0xFE, 0x80, 0x6B, 0x8C, 0x5B, 0xA8, 0x59, 0xE8, 0xAF, 0x52, 0x0C,
    0x8D, 0x91, 0xA3, 0x2C, 0x0E, 0xD2, 0x8B, 0x44, 0x5F, 0xD8, 0xB9, 0x36, 0x28, 0x33, 0xE8, 0xFB,
    0x52, 0x97, 0x74, 0xC6, 0x31, 0x69, 0xA1, 0x53, 0x13, 0x3A, 0x3B, 0xA1, 0xF4, 0x0C, 0x25, 0x0B,
    0x4B, 0xFC, 0xE4, 0x6A, 0xED, 0xEE, 0x61, 0x0B, 0x72, 0x9B, 0x16, 0x71, 0x36, 0x7F, 0xE9, 0x8E,
    0xBB, 0x0D, 0x68, 0x4E, 0x1C, 0x41, 0x8C, 0x1C, 0x3F, 0x0C, 0xB2, 0x3D, 0x43, 0x94, 0x48, 0x40,
    0x26, 0x1C, 0xEA, 0xF6, 0xA2, 0x0C, 0x95, 0x82, 0x44, 0x88, 0x57, 0xCF, 0x97, 0x3F, 0xC2, 0x21,
    0x48, 0x77, 0x75, 0x9B, 0xF9, 0x4B, 0x9E, 0xE5, 0xBD, 0x6E, 0x5C, 0x1F, 0xB7, 0xFB, 0x96, 0x08,
    0xB3, 0xA3, 0xC8, 0xF7, 0x08, 0x18, 0x16, 0x0C, 0xEE, 0xF0, 0x49, 0xF4, 0x29, 0x67, 0xEB, 0xCD,
    0x09, 0xC3, 0xE0, 0xCA, 0x1E, 0x75, 0x47, 0x2D, 0x2D, 0xED, 0xFA, 0xE0, 0x69, 0xCC, 0x37, 0x4C,
    0x8C, 0x17, 0xAA, 0x05, 0xC1, 0x8B, 0x87, 0x69, 0x43, 0x0C, 0x6E, 0xF0, 0x2A, 0x13, 0x04, 0xD8,
    0x23, 0xFA, 0x30, 0xA3, 0xE8, 0xA3, 0x82, 0xC2, 0x8F, 0xF1, 0xE1, 0xA7, 0xF5, 0xA2, 0x20, 0x91,
    0xBE, 0x0F, 0x01, 0x77, 0x1F, 0x5F, 0x6F, 0xC1, 0x59, 0x38, 0x2C, 0x9A, 0x60, 0xD4, 0x8D, 0x40,
    0x3F, 0xA5, 0x82, 0x6D, 0xA0, 0x1B, 0xF4, 0xC2, 0xB1, 0x65, 0x92, 0xF0, 0x94, 0x74, 0xCD, 0xA1,
    0x23, 0x37, 0x0F, 0x6F, 0x72, 0x91, 0x3C, 0xFF, 0x2D, 0x75, 0x34, 0x0D, 0x3A, 0x3E, 0x40, 0x8B,
    0xAE, 0x3B, 0x93, 0xBD, 0x6F, 0x8A, 0xF3, 0x9A, 0x5D, 0x56, 0x70, 0x37, 0x9B, 0x76, 0x93, 0xB0,
    0x9F, 0x51, 0x9F, 0x9F, 0xEB, 0xC0, 0x11, 0x99, 0xF2, 0xE0, 0xB9, 0x8C, 0x32, 0x3C, 0xE7, 0x4D,
    0xC9, 0x43, 0x40, 0x29, 0x8D, 0x29, 0x8D, 0xC7, 0x09, 0x61, 0x8D, 0xB4, 0x07, 0xDD, 0x69, 0x75,
    0xD5, 0xE9, 0x0A, 0x59, 0xE1, 0x8B, 0x16, 0x48, 0x7F, 0xD4, 0xCA, 0x5C, 0x30, 0xA4, 0x55, 0x3C,
    0x3A, 0xF3, 0x41, 0xD5, 0x62, 0xBC, 0x6E, 0xFE, 0x96, 0x91, 0xC1, 0x2D, 0x1E, 0x33, 0x02, 0x8E,
    0x5F, 0x37, 0x2F, 0x12, 0x69, 0x36, 0xEF, 0x1E, 0x32, 0x91, 0x1E, 0x81, 0x74, 0x4A, 0x60, 0xE4,
    0x7C, 0x66, 0x71, 0x20, 0x5A, 0xF8, 0xB5, 0x5B, 0x24, 0xAE, 0x0A, 0x25, 0x7B, 0x02, 0x2B, 0xE4,
    0x09, 0x8D, 0x40, 0x03, 0x10, 0xCB, 0x00, 0x83, 0x97, 0x93, 0xF6, 0x52, 0x64, 0x37, 0xB9, 0x5A,
    0xE0, 0x9E, 0x35, 0x01, 0x7C, 0x00, 0xAD, 0x77, 0x85, 0xA1, 0xE3, 0x05, 0x92, 0x92, 0xB4, 0x41,
    0x09, 0xAE, 0x9F, 0x99, 0x07, 0x4C, 0xEB, 0xF1, 0x66, 0x34, 0x15, 0x8A, 0xFE, 0x09, 0x50, 0x20,
    0xC3, 0x79, 0x90, 0xBA, 0x42, 0xA3, 0xEE, 0xB3, 0xA4, 0x0A, 0x54, 0x1D, 0x34, 0x1D, 0x99, 0x0A,
    0x65, 0x4B, 0x04, 0xE7, 0x4B, 0xC7, 0x21, 0x74, 0xB6, 0xC5, 0x7E, 0xB0, 0x0B, 0xA2, 0xB5, 0x97,
    0x2D, 0xEC, 0xF4, 0xAC, 0xB4, 0xE9, 0xF8, 0xF5, 0x5E, 0x76, 0x6E, 0x31, 0x7D, 0xCD, 0xB7, 0xD3,
    0x0E, 0xE5, 0x4B, 0x0E, 0xE0, 0x62, 0x26, 0x9D, 0x26, 0x20, 0x49, 0x59, 0xDF, 0x5C, 0x2D, 0x77,
    0x9A, 0xF1, 0x72, 0xA7, 0xF9, 0xC5, 0xC8, 0x54, 0x29, 0x8B, 0x06, 0x33, 0xC7, 0x88, 0xAF, 0x8E,
    0x04, 0x19, 0xA9, 0x87, 0xDC, 0xFE, 0x1F, 0x55, 0x8F, 0xC5, 0x41, 0x44, 0x31, 0x14, 0x45, 0x0F,
    0xEE, 0xEE, 0xCE, 0x0E, 0x27, 0x4B, 0x9C, 0xA4, 0x84, 0xE9, 0x04, 0x87, 0xF1, 0x49, 0x09, 0xD4,
    0x40, 0x03, 0x38, 0xAB, 0x6F, 0x25, 0xFC, 0x12, 0x52, 0xC2, 0x1B, 0xDC, 0xDD, 0xEF, 0xFA, 0xDA,
    0x81, 0x55, 0x1E, 0xC9, 0xD3, 0x44, 0x09, 0x34, 0xAA, 0xA5, 0x93, 0x66, 0x4C, 0x95, 0x6B, 0xBA,
    0x9D, 0x5A, 0x9C, 0xED, 0x87, 0xFC, 0xE8, 0xCB, 0xE3, 0xDE, 0x25, 0xE8, 0x17, 0xFD, 0x92, 0x28,
    0xBF, 0x9D, 0x0C, 0x2F, 0x55, 0xEC, 0x3D, 0x79, 0xC9, 0xE4, 0xD3, 0x93, 0xE7, 0xA9, 0x38, 0x25,
    0xC3, 0x52, 0x17, 0x35, 0x02, 0xCA, 0x9E, 0x39, 0x91, 0xA2, 0xD3, 0x16, 0x60, 0x72, 0x76, 0xC9,
    0xF3, 0x2E, 0x8B, 0x2E, 0x61, 0x9B, 0xDB, 0x25, 0xE9, 0x8B, 0x8E, 0x9B, 0x2C, 0x1C, 0xB8, 0x3B,
    0xC9, 0xBE, 0x15, 0x57, 0xB7, 0xC3, 0x90, 0x0B, 0x6F, 0x5D, 0xD6, 0xB4, 0x4F, 0x26, 0x4F, 0xE4,
    0x36, 0x59, 0x81, 0xB2, 0x4D, 0x51, 0x93, 0x55, 0x2C, 0xD2, 0xCE, 0x33, 0x8F, 0x78, 0x2C, 0x31,
    0xC4, 0xC1, 0xA5, 0xB8, 0x28, 0xBB, 0x98, 0x14, 0xF3, 0x33, 0xAA, 0xCD, 0x45, 0x74, 0x11, 0x15,
    0x18, 0x32, 0x6F, 0x01, 0x33, 0x05, 0xE4, 0x29, 0xD0, 0xC4, 0x34, 0x49, 0xBA, 0xD9, 0xE4, 0x92,
    0x17, 0x53, 0x40, 0xDE, 0x05, 0x65, 0x52, 0xF7, 0x38, 0x34, 0xBD, 0x58, 0xFB, 0x7D, 0xFD, 0x3F,
    0xD0, 0xEF, 0x0B, 0x76, 0x91, 0x12, 0x29, 0x8B, 0x4B, 0xCC, 0xE7, 0x88, 0xC8, 0x53, 0xF6, 0x15,
    0xAD, 0x57, 0xCF, 0x6F, 0xDD, 0xD6, 0x95, 0x3E, 0x7C, 0x8C, 0x4D, 0x4C, 0x89, 0x29, 0x85, 0x41,
    0x80, 0x29, 0xA0, 0x8C, 0xB9, 0x99, 0x45, 0x81, 0xA9, 0xC3, 0x2E, 0x02, 0x34, 0x0B, 0x49, 0x97,
    0xB6, 0x17, 0x5A, 0x04, 0x18, 0xFB, 0x3F, 0x70, 0x30, 0xFF, 0xC0, 0xCB, 0xA2, 0x0B, 0x61, 0x20,
    0xEB, 0xB2, 0xE9, 0xC2, 0x8B, 0x2C, 0xEA, 0xF9, 0x0B, 0xDA, 0xFF, 0x20, 0x01, 0xEA, 0x85, 0x81,
    0x91, 0x44, 0x3A, 0x5E, 0x64, 0x91, 0x0E, 0x42, 0x49, 0x03, 0x04, 0x18, 0x63, 0x10, 0xBA, 0xD6,
    0xA0, 0x40, 0x13, 0x34, 0xD7, 0x36, 0x0D, 0xD3, 0x29, 0xC9, 0x3B, 0xDF, 0x77, 0xC9, 0x27, 0xBD,
    0x67, 0xC9, 0xB6, 0x9A, 0x56, 0xE1, 0x3D, 0x79, 0xE6, 0x8F, 0x7B, 0xCF, 0x3D, 0xF7, 0x9C, 0xEF,
    0xFB, 0x8E, 0xA4, 0xE2, 0x57, 0xE2, 0x77, 0x22, 0xB9, 0x88, 0x27, 0xF8, 0xB3, 0xD6, 0xE6, 0xD6,
    0x46, 0x65, 0x1C, 0x95, 0x51, 0x54, 0x0A, 0x2F, 0x5B, 0xF3, 0x1A, 0x7E, 0xF3, 0x66, 0xAC, 0xF1,
    0x92, 0xED, 0x83, 0x4F, 0xAB, 0xE8, 0x4B, 0x13, 0xDE, 0xAB, 0x44, 0x5E, 0xF1, 0xA1, 0x71, 0xBF,
    0xDF, 0x98, 0xFF, 0x10, 0xA3, 0x14, 0x67, 0x1A, 0x75, 0xA5, 0x94, 0x5A, 0x5D, 0x29, 0xE4, 0x13,
    0x1A, 0x51, 0xA9, 0xCC, 0x8C, 0xAD, 0x68, 0x5A, 0x98, 0x4B, 0x96, 0xF7, 0x34, 0x0D, 0x1E, 0xE9,
    0x5B, 0x2A, 0xF5, 0xAD, 0x71, 0x2F, 0x69, 0xAE, 0xDB, 0x63, 0x04, 0x2D, 0x1D, 0x30, 0xBC, 0x95,
    0x39, 0x67, 0xC2, 0x42, 0x54, 0xC1, 0x47, 0xE9, 0xE0, 0x5A, 0x97, 0xDB, 0x2E, 0x2A, 0x6F, 0x44,
    0xE5, 0x8A, 0xBB, 0xE4, 0xE4, 0x35, 0x6D, 0xC4, 0x22, 0x0C, 0xBA, 0x96, 0xC0, 0x5A, 0x89, 0x0F,
    0x13, 0x2C, 0x17, 0x61, 0x85, 0xBF, 0x93, 0x5D, 0x37, 0x43, 0xE1, 0x06, 0x17, 0x83, 0x3B, 0x92,
    0x67, 0x61, 0xAA, 0xAA, 0x69, 0x1A, 0xE1, 0x5D, 0x2F, 0x3F, 0x14, 0xCF, 0x56, 0xD8, 0x6D, 0xB2,
    0x57, 0xAB, 0xB4, 0x56, 0xD9, 0xB5, 0xA4, 0xC6, 0xE6, 0xB3, 0x09, 0x3C, 0x8A, 0x9B, 0x95, 0x49,
    0xBB, 0xE9, 0xB5, 0x7A, 0xBD, 0xD1, 0xB6, 0x5A, 0xEE, 0x53, 0xB8, 0xD2, 0x20, 0x18, 0x27, 0xFE,
    0x9B, 0x36, 0xB6, 0xDB, 0x7C, 0xBB, 0xD3, 0xDB, 0x6B, 0xF4, 0x38, 0xEF, 0xF5, 0xA9, 0x6F, 0x25,
    0x5D, 0xDE, 0x47, 0xB6, 0x0C, 0x6D, 0x26, 0x70, 0xF6, 0xD5, 0x57, 0x2B, 0x5E, 0x2B, 0x93, 0x56,
    0xC2, 0x5A, 0x74, 0x29, 0x09, 0x4E, 0xDA, 0x22, 0x9E, 0x13, 0x6B, 0x1B, 0x91, 0x55, 0xEC, 0x58,
    0x56, 0xE6, 0x8C, 0xBD, 0x25, 0x9B, 0x11, 0x1E, 0x6F, 0x44, 0x7B, 0xBD, 0xDC, 0x8E, 0xCA, 0x5C,
    0x70, 0x70, 0xFA, 0x1F, 0x60, 0x72, 0x5D, 0x46, 0xFB, 0x9D, 0xCE, 0x72, 0xDB, 0xAC, 0x79, 0xD6,
    0xDE, 0xB2, 0xAD, 0x42, 0x04, 0xF2, 0x3A, 0xC1, 0x12, 0x51, 0x19, 0x98, 0x17, 0x6C, 0x15, 0xD2,
    0x5A, 0xAE, 0x42, 0x6B, 0x53, 0xDE, 0xD7, 0x05, 0x6D, 0xEC, 0x6C, 0xE2, 0xAC, 0xCE, 0x74, 0x9B,
    0x20, 0x78, 0x9C, 0xED, 0x90, 0xC9, 0x50, 0x0D, 0x66, 0x96, 0x11, 0xA5, 0xBC, 0xAF, 0x2E, 0xA5,
    0xB3, 0x64, 0xC8, 0x1B, 0x26, 0x03, 0x82, 0xAF, 0x32, 0x3B, 0xE6, 0xC1, 0x91, 0x41, 0xE8, 0xF3,
    0xCA, 0xB7, 0x8F, 0xDD, 0xF1, 0xE3, 0x6F, 0x43, 0xB8, 0x69, 0x89, 0x6A, 0xC1, 0xD9, 0x0D, 0x99,
    0xD9, 0x86, 0x45, 0xDE, 0x24, 0x08, 0x1F, 0xB6, 0x52, 0xC2, 0xAF, 0x7D, 0x03, 0xDF, 0x0A, 0x8C,
    0x4A, 0xA2, 0x03, 0xFC, 0xDE, 0xC7, 0xBD, 0xB2, 0x13, 0xEE, 0x3A, 0x2A, 0x55, 0xA1, 0xDB, 0xB8,
    0xB2, 0x6D, 0x50, 0xCB, 0x1B, 0xFC, 0xFA, 0x6D, 0x9A, 0xA4, 0x60, 0x52, 0xB9, 0x15, 0x96, 0x64,
    0x36, 0xAB, 0xB2, 0x69, 0x5E, 0xC7, 0x3D, 0xBE, 0xF1, 0x71, 0xDE, 0x65, 0x48, 0xC3, 0x93, 0x2F,
    0x73, 0x98, 0xFD, 0x27, 0x30, 0xF7, 0xEF, 0x31, 0x11, 0xF8, 0xB4, 0xA5, 0x31, 0xEE, 0x3D, 0x98,
    0x69, 0x13, 0xF6, 0xC3, 0x04, 0x62, 0x56, 0x44, 0xEA, 0x4D, 0x97, 0x78, 0xF3, 0x7F, 0x79, 0xAB,
    0x1A, 0x5D, 0x27, 0x55, 0x54, 0x45, 0x19, 0x22, 0x27, 0x7E, 0xBD, 0x86, 0xE3, 0xC4, 0x7B, 0xDB,
    0x78, 0x4F, 0xC1, 0x91, 0x04, 0xC7, 0x16, 0xC1, 0xAB, 0x08, 0x7E, 0x21, 0x43, 0x23, 0x6C, 0x39,
    0x40, 0xC9, 0xD8, 0x4E, 0x59, 0xEC, 0xB5, 0x63, 0x8C, 0xCF, 0x32, 0xF4, 0x50, 0x8F, 0x56, 0x42,
    0xCC, 0x17, 0x70, 0x60, 0x4E, 0x7F, 0x1C, 0x13, 0x33, 0x6C, 0x3A, 0x42, 0xF8, 0x2F, 0x60, 0x81,
    0x15, 0x1C, 0xF9, 0x26, 0x8A, 0xAE, 0x56, 0x22, 0x46, 0x21, 0xBF, 0x6D, 0x81, 0x9C, 0x2A, 0xC3,
    0x22, 0x74, 0x5E, 0xEA, 0x2A, 0xEE, 0x51, 0x99, 0x2C, 0x71, 0xC9, 0x2D, 0xE3, 0xB2, 0x8A, 0xF1,
    0x13, 0x56, 0x17, 0xA2, 0x40, 0x3C, 0x40, 0x8C, 0xF7, 0x2C, 0x63, 0x9C, 0x8E, 0xC3, 0xFD, 0x5B,
    0x23, 0xEF, 0x90, 0x58, 0xF2, 0x31, 0x86, 0xCB, 0x9B, 0xFD, 0x76, 0x3C, 0x0F, 0xFC, 0x7F, 0x0F,
    0xC3, 0x9A, 0xF1, 0xDB, 0xFC, 0xF8, 0x5B, 0xF7, 0x5D, 0x27, 0x43, 0xE2, 0xF4, 0x58, 0x0E, 0xAB,
    0xB9, 0xEB, 0x27, 0xAF, 0x28, 0x6F, 0x56, 0x80, 0xCF, 0x25, 0x98, 0xFF, 0x2B, 0xE3, 0xD8, 0xC4,
    0xD8, 0xC0, 0xB8, 0x83, 0x41, 0x98, 0x43, 0x5C, 0xBC, 0x0A, 0xC7, 0x84, 0x5C, 0x09, 0xC7, 0xE8,
    0x60, 0xEF, 0x5B, 0x18, 0x6B, 0xDB, 0xA8, 0x1C, 0xE4, 0xD7, 0xCA, 0x3B, 0x22, 0x6F, 0x9D, 0x1D,
    0x28, 0xA3, 0x2C, 0x47, 0x06, 0xC6, 0x86, 0x39, 0x18, 0x37, 0xCC, 0x42, 0xD9, 0x66, 0x1E, 0x4A,
    0xC2, 0x4C, 0x64, 0x99, 0x20, 0xD6, 0x31, 0xF1, 0x50, 0x14, 0xF3, 0x51, 0x76, 0x99, 0x91, 0x5E,
    0xCB, 0x18, 0xF8, 0x0D, 0xB3, 0x32, 0x34, 0xCC, 0xCB, 0xA4, 0x64, 0x66, 0xEA, 0x94, 0xB9, 0x79,
    0xDE, 0x96, 0x89, 0x6D, 0x93, 0xCB, 0xDD, 0x45, 0x94, 0xFA, 0xA4, 0xF1, 0x10, 0x22, 0x78, 0xE9,
    0xA1, 0x44, 0xF2, 0xB7, 0x44, 0x6F, 0x49, 0xAE, 0x3F, 0x44, 0x26, 0xD4, 0x81, 0xCD, 0xFE, 0x46,
    0x79, 0xFA, 0xE6, 0x39, 0x21, 0x4E, 0xC0, 0xAC, 0x25, 0x32, 0xE4, 0xDB, 0xF1, 0xDF, 0xDF, 0x66,
    0x8D, 0x97, 0xD7, 0x69, 0xF9, 0xCA, 0x3A, 0x1D, 0x4F, 0xB5, 0x3E, 0x3A, 0xD1, 0xF9, 0x53, 0xBD,
    0x3D, 0x9C, 0xAA, 0x87, 0x08, 0x5E, 0xC1, 0xA9, 0xDA, 0x22, 0xAA, 0xB8, 0xD2, 0x0D, 0xCF, 0xB6,
    0x11, 0x52, 0x08, 0x11, 0x4A, 0xF3, 0xCA, 0x43, 0x98, 0x0A, 0xCF, 0x16, 0xB6, 0x98, 0x7C, 0x7D,
    0xF7, 0xEB, 0x62, 0xF2, 0x87, 0x83, 0xFB, 0xA5, 0xFF, 0xF0, 0xE1, 0xE7, 0xA5, 0x7F, 0xF0, 0xEC,
    0xA3, 0xD2, 0xDF, 0xB3, 0xEB, 0x95, 0x5F, 0xDA, 0xA0, 0x0A, 0x8A, 0x9E, 0xE6, 0x86, 0x6F, 0xE2,
    0xC3, 0x77, 0x97, 0x3B, 0xD5, 0x4A, 0xD2, 0xE1, 0x14, 0x16, 0xF7, 0xBE, 0x68, 0xE8, 0xD7, 0x60,
    0x4E, 0x79, 0x3A, 0xEE, 0x1D, 0x13, 0x30, 0x41, 0x41, 0x3C, 0x69, 0x5C, 0xEA, 0x02, 0x55, 0x61,
    0xB6, 0x24, 0x30, 0x38, 0xFD, 0x7A, 0x36, 0x7A, 0xF1, 0x4D, 0x8E, 0x7B, 0x9A, 0xD9, 0x5F, 0xE9,
    0x2C, 0x42, 0x7D, 0x79, 0xB9, 0x03, 0x4D, 0xA6, 0x61, 0x47, 0xDC, 0x3D, 0x4B, 0xBD, 0x4F, 0x1B,
    0xD4, 0x28, 0x82, 0x3D, 0xB5, 0x15, 0xA2, 0x06, 0xB0, 0x47, 0x30, 0x11, 0x6F, 0xDA, 0xFD, 0xCE,
    0x25, 0x70, 0x76, 0x82, 0x12, 0x9B, 0xC0, 0x76, 0x71, 0xB9, 0xAA, 0xD2, 0xD5, 0x2D, 0xF9, 0xD1,
    0xEE, 0x8C, 0x5E, 0x7A, 0xC7, 0x84, 0x1A, 0x20, 0x7C, 0x78, 0x1E, 0x1B, 0xF4, 0xF2, 0x06, 0xAE,
    0x14, 0x1C, 0xC0, 0xF0, 0xC2, 0x60, 0xBC, 0xAF, 0x2E, 0xA7, 0x0E, 0xC0, 0x5F, 0x32, 0x80, 0xDC,
    0xA8, 0xC8, 0x9A, 0x58, 0xD7, 0xEA, 0x3A, 0xAE, 0x81, 0x75, 0x05, 0xBC, 0x4C, 0xFD, 0x06, 0x19,
    0xD6, 0xAE, 0x8A, 0xEC, 0xDC, 0x19, 0xB1, 0xAE, 0x1A, 0xB1, 0x2E, 0x95, 0x30, 0x3F, 0xC6, 0x3A,
    0x7C, 0xE8, 0x9E, 0x79, 0xD3, 0xE7, 0x0C, 0x71, 0xA5, 0x7E, 0xF5, 0x65, 0xB3, 0x0B, 0xC0, 0x00,
    0xF8, 0x75, 0x1C, 0x3D, 0x7E, 0xEB, 0x5F, 0x7D, 0x49, 0x9E, 0x31, 0x88, 0x6D, 0xE6, 0x80, 0x28,
    0x69, 0xDC, 0x77, 0xCA, 0xC6, 0x7D, 0xD2, 0x85, 0x8D, 0xDF, 0x02, 0xF8, 0xFA, 0x38, 0x63, 0xCD,
    0x48, 0x42, 0xDE, 0x18, 0xF1, 0x4E, 0x61, 0x7F, 0xDB, 0x3A, 0xF5, 0xEA, 0x84, 0x3E, 0x99, 0x04,
    0x71, 0x83, 0x9F, 0x96, 0xF8, 0x2A, 0x48, 0xD2, 0x97, 0x9C, 0xF6, 0x2B, 0x0D, 0xD1, 0x20, 0xE5,
    0x81, 0x91, 0x4C, 0x62, 0x0A, 0x95, 0xC8, 0x19, 0x52, 0x1C, 0x0B, 0x4B, 0x02, 0xE4, 0x42, 0xDE,
    0xE6, 0xB5, 0xAE, 0x17, 0x58, 0x1F, 0x69, 0x1B, 0x3E, 0xBF, 0x5E, 0x12, 0x6A, 0x25, 0xFF, 0x96,
    0x60, 0x3A, 0x37, 0x70, 0x48, 0xF8, 0xCA, 0x76, 0xF6, 0x89, 0x35, 0xF9, 0x53, 0xBB, 0x6F, 0x6F,
    0x11, 0x1E, 0xB5, 0x7C, 0x3F, 0xEB, 0x00, 0xAB, 0xA2, 0xB1, 0xE6, 0x6F, 0x3A, 0xA7, 0x71, 0x73,
    0x3A, 0x8E, 0x9B, 0x0C, 0xD6, 0x91, 0xA9, 0x37, 0x90, 0xF6, 0x60, 0xB1, 0xAE, 0x71, 0x80, 0x0E,
    0x15, 0x25, 0xE6, 0x28, 0x51, 0x7A, 0x24, 0x11, 0x1E, 0xA8, 0xF5, 0x46, 0xD4, 0x65, 0x9C, 0xDC,
    0xA5, 0x76, 0xF8, 0xFF, 0x7B, 0x35, 0xE4, 0x08, 0x98, 0x1F, 0x9A, 0xAA, 0xC5, 0x22, 0xD3, 0x1A,
    0x67, 0x8B, 0x88, 0x30, 0xCF, 0x8F, 0x8C, 0xBD, 0x45, 0xD3, 0xC2, 0xEC, 0xF5, 0xBC, 0x97, 0xD3,
    0xE8, 0xD9, 0xAF, 0xFD, 0x8E, 0x04, 0x88, 0xC3, 0x04, 0xFB, 0x68, 0x87, 0xF2, 0x98, 0x64, 0x21,
    0xBA, 0x4E, 0x22, 0x9C, 0xA0, 0x2D, 0xBD, 0x40, 0x5B, 0xCB, 0xA8, 0x5E, 0x8D, 0xAD, 0xDD, 0x38,
    0xDF, 0xC9, 0x26, 0x75, 0xB4, 0x28, 0x0A, 0xC6, 0xD4, 0x8D, 0x31, 0xD7, 0xDF, 0xC1, 0xFD, 0x16,
    0x25, 0xD3, 0x07, 0x74, 0xD5, 0x48, 0x88, 0x4D, 0xD9, 0xCE, 0x15, 0x70, 0xE3, 0xE6, 0x2F, 0xD5,
    0x5E, 0xEE, 0x66, 0x56, 0x90, 0x47, 0xBD, 0x40, 0x2A, 0xB9, 0xBB, 0xA3, 0x2D, 0x07, 0x8B, 0xA4,
    0xC3, 0xD3, 0x5D, 0x3E, 0xC5, 0x9B, 0x09, 0xBD, 0x01, 0x14, 0x6A, 0x00, 0x19, 0x2A, 0xB5, 0xF5,
    0xE0, 0x8B, 0x4C, 0xAD, 0x41, 0x9E, 0x54, 0x61, 0x7D, 0x44, 0xB1, 0x29, 0x7F, 0x4F, 0xAC, 0x73,
    0x32, 0x95, 0x1D, 0x08, 0xA6, 0x16, 0x0A, 0x9A, 0xCF, 0x11, 0xE2, 0xE4, 0xAE, 0xAD, 0xB6, 0x20,
    0xA7, 0x01, 0x43, 0xDA, 0x16, 0xA8, 0xF2, 0x37, 0xA3, 0x12, 0xD4, 0xA2, 0x6C, 0xB9, 0x0B, 0xF6,
    0xC5, 0xBA, 0x49, 0x95, 0x03, 0x9F, 0x0E, 0x06, 0x71, 0xF2, 0x63, 0x0F, 0x44, 0x66, 0xEB, 0x18,
    0x07, 0x92, 0x67, 0xD8, 0x46, 0xBE, 0xDE, 0x74, 0x93, 0xB6, 0xF3, 0xDA, 0xDE, 0x5D, 0xF9, 0xA4,
    0x51, 0x37, 0x4D, 0x62, 0xCB, 0x80, 0xB3, 0x95, 0x88, 0x2C, 0x98, 0x3C, 0xDA, 0x6B, 0xD8, 0x04,
    0xE0, 0xF7, 0x1E, 0xE7, 0xC3, 0x1D, 0x65, 0x1B, 0xF7, 0x14, 0xA1, 0xC7, 0xB1, 0xE0, 0x28, 0x70,
    0x95, 0xF3, 0x5C, 0x8D, 0x12, 0xD5, 0x9D, 0x80, 0x7B, 0x0B, 0x22, 0xA2, 0x00, 0x07, 0x67, 0xC3,
    0xAB, 0x40, 0x76, 0x64, 0xC5, 0xA2, 0x83, 0x50, 0xE9, 0x90, 0x17, 0x9C, 0xC8, 0x96, 0x9B, 0x90,
    0x2E, 0x2B, 0xB8, 0xB3, 0x82, 0x27, 0x4B, 0xE2, 0xA5, 0x13, 0x44, 0xD0, 0x16, 0xEA, 0x6A, 0xB5,
    0x13, 0x18, 0x97, 0x7B, 0xA6, 0x77, 0x80, 0x95, 0x67, 0xD7, 0xD0, 0x58, 0x00, 0xF2, 0x13, 0xDF,
    0x5E, 0x29, 0xD4, 0xDD, 0x9E, 0x34, 0xDF, 0x5D, 0xE0, 0xDC, 0x90, 0x61, 0x77, 0x3A, 0x70, 0x3B,
    0x64, 0xAE, 0x78, 0xCF, 0xFB, 0x6D, 0xE0, 0x6D, 0xA7, 0x24, 0xAC, 0xBA, 0x04, 0x41, 0xEA, 0xA3,
    0x42, 0xE3, 0x8B, 0x6A, 0x08, 0xD3, 0x46, 0x0C, 0x37, 0xA1, 0x7C, 0x00, 0x5E, 0x99, 0xC4, 0xE5,
    0x07, 0x0C, 0x53, 0x91, 0x03, 0xBB, 0xE1, 0x77, 0x6D, 0x4D, 0x52, 0x91, 0xBE, 0x18, 0x7B, 0x88,
    0xDF, 0x03, 0x8C, 0xAF, 0x00, 0xDA, 0x1D, 0xFE, 0xCD, 0x98, 0x57, 0x88, 0x39, 0x9E, 0xF3, 0xBD,
    0x49, 0x61, 0xC4, 0x2F, 0x8D, 0x4C, 0x7E, 0x8F, 0xF4, 0xCF, 0x0B, 0x17, 0x61, 0xFD, 0x80, 0xDF,
    0xE7, 0xAF, 0xF9, 0x3E, 0x2F, 0xF9, 0x9E, 0xAE, 0xDF, 0x06, 0xFA, 0x91, 0x0A, 0x49, 0x8D, 0x70,
    0xE9, 0xCB, 0x62, 0xA0, 0xCB, 0x3F, 0x8C, 0xB2, 0x16, 0xD2, 0x29, 0xA9, 0x76, 0xE1, 0x53, 0x92,
    0x9E, 0x1A, 0x4C, 0x8C, 0x09, 0x02, 0x8A, 0x08, 0x20, 0xEB, 0x3A, 0xD1, 0xEB, 0x36, 0x5B, 0x0B,
    0x11, 0x36, 0x13, 0x5A, 0x59, 0x6E, 0x22, 0x3C, 0x69, 0xE3, 0x1A, 0xCD, 0xA1, 0x82, 0xF9, 0xD3,
    0xCF, 0x60, 0xBE, 0xF8, 0x2D, 0xCD, 0x43, 0x98, 0xCF, 0x40, 0xE6, 0xFE, 0x3D, 0x98, 0xB0, 0x0A,
    0xF0, 0xB5, 0x89, 0xAD, 0xDB, 0xBA, 0x36, 0x33, 0xD7, 0xC7, 0x41, 0xFD, 0xFF, 0x5D, 0x7E, 0xF4,
    0x6F, 0xA8, 0x97, 0x5B, 0x6E, 0xEB, 0x08, 0x16, 0x94, 0xE2, 0x7B, 0xF5, 0xAE, 0x4B, 0x9F, 0xE1,
    0xEA, 0x27, 0x8D, 0xBE, 0x09, 0xF9, 0x38, 0xA4, 0x8F, 0x3B, 0x58, 0x97, 0xE7, 0x2F, 0x1B, 0xD8,
    0x7B, 0xA6, 0x9F, 0x42, 0x07, 0x7D, 0x5E, 0x0F, 0x72, 0xD3, 0xB0, 0x46, 0x75, 0xBA, 0x20, 0x2F,
    0xF9, 0xEE, 0x03, 0x3C, 0x73, 0xED, 0x48, 0xB9, 0x50, 0xDB, 0x0A, 0xC8, 0xA9, 0x51, 0xF3, 0xCE,
    0x19, 0x24, 0x4B, 0xB9, 0x1B, 0x16, 0x9D, 0x37, 0x47, 0x6D, 0xE5, 0x35, 0x3A, 0x43, 0xC8, 0x06,
    0x40, 0xF4, 0x75, 0xB7, 0x6A, 0xBA, 0x8B, 0xEF, 0x77, 0x3F, 0x9A, 0x6F, 0xB2, 0x26, 0x36, 0x43,
    0xC4, 0xF2, 0x06, 0x27, 0x52, 0x29, 0x30, 0x67, 0x82, 0x80, 0xAC, 0x01, 0x78, 0x36, 0x41, 0xD9,
    0xC8, 0xA3, 0x06, 0x75, 0xD3, 0xF3, 0x74, 0xB9, 0x1C, 0x4E, 0x18, 0x4D, 0x98, 0x80, 0xDB, 0x96,
    0x6E, 0x88, 0x7C, 0x47, 0xDC, 0x06, 0x89, 0x6D, 0x11, 0xFD, 0xA7, 0x05, 0xC8, 0xB0, 0x18, 0xDA,
    0x8C, 0x78, 0x18, 0x5E, 0xEE, 0x48, 0xAD, 0x50, 0xBF, 0xFE, 0xC2, 0xE4, 0xF1, 0xBD, 0xA6, 0x8F,
    0x3F, 0x6D, 0xBB, 0xF8, 0xAE, 0x1B, 0xF8, 0xDD, 0xE8, 0xF8, 0xB3, 0x5A, 0xD9, 0x6F, 0x29, 0x51,
    0x53, 0xD7, 0x0C, 0x8C, 0xDF, 0x89, 0x3E, 0xC4, 0xC4, 0x80, 0xCA, 0xC6, 0x42, 0x72, 0x2A, 0xF8,
    0xB1, 0x3D, 0xF8, 0xA0, 0xCB, 0x61, 0x7E, 0x8D, 0x45, 0x9F, 0xE1, 0xF4, 0x70, 0xF2, 0x90, 0x4F,
    0x99, 0x7A, 0x6C, 0x0B, 0x17, 0xC5, 0x8A, 0xCC, 0xFF, 0x8A, 0x68, 0x03, 0x55, 0x34, 0x01, 0x1A,
    0x85, 0x81, 0x98, 0x61, 0x12, 0x8F, 0x14, 0x9C, 0xEA, 0x67, 0xB6, 0x48, 0x1E, 0xB0, 0xCD, 0xEB,
    0x06, 0x71, 0x86, 0x79, 0xA1, 0x17, 0xB0, 0x1F, 0x04, 0x48, 0xC6, 0x81, 0x10, 0x33, 0x35, 0xF1,
    0x6E, 0x6E, 0x92, 0xDF, 0x77, 0xA8, 0x8F, 0xBD, 0x16, 0xE1, 0x7A, 0xA5, 0x49, 0xEC, 0xB0, 0x22,
    0xB2, 0xEA, 0x2F, 0xFD, 0xEC, 0x50, 0xBB, 0xFE, 0x13, 0x2E, 0xD2, 0x48, 0x7D, 0x44, 0x31, 0x4B,
    0xE4, 0x5E, 0x06, 0xAC, 0x1E, 0xCB, 0xE0, 0x1A, 0x9B, 0x4A, 0x4A, 0x03, 0x54, 0xB0, 0x74, 0x08,
    0x5F, 0xA7, 0x5C, 0x9D, 0x84, 0xF8, 0x5C, 0xB7, 0x13, 0x84, 0x05, 0x24, 0x43, 0x45, 0xC4, 0x20,
    0xD0, 0x58, 0x86, 0xC3, 0xD6, 0x9A, 0x4D, 0x0A, 0x69, 0x80, 0xE6, 0x00, 0x46, 0xD9, 0xA7, 0xCC,
    0xD8, 0x0F, 0x61, 0x50, 0x75, 0xF5, 0x0C, 0xCC, 0x6C, 0x49, 0x4D, 0x45, 0x14, 0x6C, 0xF1, 0x1A,
    0x04, 0xB9, 0x46, 0xC2, 0x38, 0x74, 0xDC, 0x88, 0x51, 0xFD, 0xC0, 0xEA, 0x9A, 0x0A, 0xC8, 0x37,
    0x3F, 0x85, 0xDC, 0xC3, 0x71, 0xD8, 0x2C, 0x7E, 0x2E, 0xDA, 0x2C, 0x63, 0x75, 0x03, 0x44, 0x89,
    0xF6, 0x3A, 0x5D, 0x40, 0xF6, 0x92, 0x0E, 0xA8, 0x09, 0x9C, 0x39, 0xA8, 0xC1, 0x02, 0x07, 0x0D,
    0xCC, 0x5E, 0x97, 0x64, 0xCA, 0x60, 0x0B, 0xDA, 0x60, 0x49, 0x14, 0x41, 0x0A, 0xDF, 0x91, 0xEF,
    0x43, 0xDB, 0x14, 0x3E, 0x6D, 0x81, 0x50, 0xAD, 0xB8, 0xC6, 0xE0, 0x11, 0x7E, 0xF3, 0xFE, 0xA7,
    0xBD, 0x28, 0x9F, 0xBC, 0x24, 0x7E, 0xCA, 0x7E, 0x8F, 0x87, 0x79, 0x67, 0x6C, 0x6A, 0x5F, 0x8B,
    0x9A, 0xD1, 0xAF, 0xB2, 0xF8, 0xAB, 0x22, 0x7C, 0x2F, 0x1D, 0x54, 0xFF, 0x6B, 0xDF, 0xF7, 0xAE,
    0x0D, 0xFA, 0x8D, 0x3D, 0xA4, 0x42, 0xE4, 0xF9, 0xFF, 0x80, 0xE3, 0x31, 0x73, 0xC4, 0x4A, 0xD0,
    0x68, 0xB4, 0x8D, 0x14, 0x58, 0xF1, 0xC2, 0x88, 0xB0, 0xE1, 0xA4, 0x4D, 0xB2, 0x91, 0x3D, 0xC5,
    0xF5, 0x35, 0x40, 0x57, 0x57, 0xB6, 0x6F, 0x38, 0xB1, 0x84, 0x9B, 0x9B, 0x22, 0x1F, 0x8C, 0xFD,
    0xC7, 0x22, 0x99, 0xDC, 0x3A, 0x49, 0x26, 0xA8, 0x53, 0x02, 0xCE, 0x65, 0xB3, 0x23, 0x29, 0xBB,
    0xC6, 0x6E, 0xAC, 0xF1, 0x3C, 0x7B, 0x1F, 0xDA, 0x22, 0xC4, 0xA1, 0x20, 0xEC, 0x16, 0x42, 0x50,
    0xFA, 0x1F, 0x0A, 0x58, 0x19, 0xFA, 0x0E, 0xE7, 0x0E, 0xD7, 0x9A, 0x04, 0x92, 0x36, 0x85, 0xC8,
    0x0A, 0x81, 0x45, 0xA1, 0x03, 0xE9, 0x69, 0x99, 0x97, 0x0B, 0xFA, 0x0C, 0x49, 0xA2, 0x9B, 0x8D,
    0x8D, 0xAE, 0xDB, 0xDE, 0x7E, 0xE9, 0xF3, 0x56, 0xB6, 0x51, 0x08, 0xEE, 0xF9, 0xF9, 0x2E, 0xEC,
    0xE4, 0xE4, 0x7F, 0xAD, 0x87, 0x56, 0x46, 0x55, 0x0E, 0xAB, 0xC5, 0x85, 0x47, 0xE4, 0x51, 0x7B,
    0x64, 0x48, 0x4B, 0x8F, 0x70, 0x73, 0xF2, 0x00, 0xD9, 0xE6, 0x23, 0xD3, 0x53, 0x75, 0x17, 0xBF,
    0xF4, 0x4D, 0x1C, 0xFF, 0x5A, 0x80, 0x1C, 0x42, 0x11, 0x17, 0xC2, 0x2A, 0x76, 0xE5, 0x7A, 0x64,
    0x88, 0x7D, 0x36, 0x47, 0xFE, 0x58, 0x6A, 0x07, 0x4D, 0x77, 0x74, 0x5C, 0xA8, 0x1A, 0xA9, 0x86,
    0x2F, 0x3A, 0x59, 0x36, 0xC3, 0x19, 0x05, 0xE3, 0x19, 0x05, 0x8B, 0x67, 0x94, 0x06, 0x8D, 0x3A,
    0x71, 0x3E, 0xC3, 0x19, 0xC1, 0x57, 0x68, 0x55, 0x17, 0x7F, 0x0F, 0x81, 0xF1, 0x71, 0x36, 0x0C,
    0x50, 0x74, 0xDC, 0x16, 0xFE, 0x25, 0x0C, 0xE5, 0x52, 0x10, 0xFC, 0x2B, 0x3B, 0xE2, 0x30, 0x52,
    0x82, 0x74, 0x6E, 0x9E, 0xB3, 0xB3, 0xAA, 0x97, 0x5E, 0x83, 0x08, 0x40, 0x6D, 0x3D, 0xC0, 0x26,
    0x80, 0xF8, 0xFC, 0x43, 0x7B, 0x81, 0x33, 0x48, 0xB2, 0xA8, 0x4A, 0xB0, 0xB7, 0x35, 0x24, 0xFD,
    0xA6, 0x4C, 0x1A, 0x1C, 0x46, 0x0B, 0xF7, 0x77, 0xCD, 0x80, 0x89, 0xC4, 0x67, 0x8A, 0xF2, 0x18,
    0xD5, 0xB0, 0x26, 0xF2, 0xEF, 0x88, 0xBA, 0x36, 0x43, 0x06, 0x9E, 0x11, 0x1F, 0x0B, 0xB2, 0x16,
    0xBF, 0x77, 0x31, 0xE0, 0xF8, 0x01, 0xC2, 0x02, 0xC8, 0xF4, 0xE8, 0x87, 0xA2, 0x00, 0x03, 0x57,
    0x60, 0x6C, 0xA0, 0x39, 0xFA, 0x39, 0xC6, 0x90, 0xDE, 0x38, 0xB1, 0x41, 0xDF, 0xCE, 0x69, 0xDB,
    0xF5, 0x06, 0xDA, 0xD6, 0x50, 0xDB, 0x42, 0x54, 0xFE, 0xC0, 0x51, 0x0D, 0xD4, 0x33, 0x2E, 0xD3,
    0xDD, 0x36, 0xDD, 0x27, 0xC4, 0x54, 0x6A, 0xBE, 0x5E, 0xBA, 0x5C, 0x3A, 0x3D, 0xE9, 0xD1, 0xBA,
    0x1D, 0x1E, 0xB7, 0x90, 0x53, 0xB4, 0x90, 0x21, 0x5A, 0x48, 0x9F, 0xAA, 0xBB, 0xE6, 0xE8, 0xE7,
    0x5B, 0xC8, 0x6C, 0xB1, 0x85, 0x1C, 0x6B, 0x63, 0xBD, 0xDD, 0x95, 0x16, 0xFD, 0x0D, 0x2E, 0x24,
    0xA3, 0xF5, 0x5A, 0x7D, 0xB3, 0x66, 0x19, 0xF7, 0x69, 0xDE, 0xC9, 0x4E, 0x0E, 0x30, 0x8C, 0x21,
    0xB6, 0x23, 0x13, 0xB2, 0x93, 0x2C, 0xFC, 0x3A, 0xCE, 0x26, 0x2D, 0xFB, 0x34, 0x54, 0x62, 0x8F,
    0x5E, 0x4D, 0x6F, 0x0E, 0x8C, 0x4A, 0x20, 0x62, 0x0F, 0x15, 0x56, 0x00, 0xD0, 0xA0, 0x54, 0x75,
    0x64, 0x10, 0x76, 0x13, 0xCE, 0xC2, 0x5E, 0x03, 0x6D, 0x5A, 0x73, 0x4C, 0x49, 0xB3, 0xB0, 0x5F,
    0x3B, 0x87, 0x78, 0xB1, 0xF1, 0x63, 0xB9, 0xCE, 0xFD, 0xB1, 0x59, 0x95, 0xBC, 0x8E, 0xBB, 0x59,
    0x23, 0x15, 0xD2, 0x38, 0x84, 0x45, 0xF2, 0x45, 0xFB, 0x4F, 0x60, 0xEE, 0x43, 0x88, 0x44, 0x96,
    0x4F, 0x5B, 0x1A, 0x33, 0x6B, 0xB8, 0xA6, 0x0D, 0xB0, 0x96, 0x13, 0xA4, 0x83, 0x28, 0x17, 0x59,
    0xA3, 0xD9, 0x94, 0x31, 0xD5, 0x80, 0x1F, 0x2F, 0x11, 0x61, 0x15, 0xD2, 0xB6, 0x78, 0x8D, 0x08,
    0xAB, 0x28, 0xC2, 0xB0, 0xD1, 0xF2, 0xA8, 0x39, 0x95, 0x73, 0x44, 0x16, 0xC9, 0xC7, 0x26, 0x82,
    0x25, 0x7C, 0xFD, 0xFF, 0x5E, 0xD6, 0x44, 0xA8, 0x85, 0x26, 0x22, 0x31, 0xBC, 0x50, 0x78, 0xD8,
    0x6D, 0x60, 0x66, 0x17, 0xFB, 0xD6, 0x36, 0x78, 0x84, 0xFE, 0x05, 0x9D, 0x4A, 0x1B, 0xFF, 0xB9,
    0x51, 0xF6, 0xD6, 0x94, 0xFD, 0x19, 0x08, 0x05, 0xDA, 0x35, 0x67, 0x41, 0xFF, 0xCF, 0x6E, 0xF4,
    0x65, 0x4B, 0x66, 0xB0, 0xE8, 0x13, 0x7F, 0x3A, 0x80, 0x1E, 0x32, 0x01, 0xEB, 0xBD, 0x54, 0x18,
    0xED, 0x61, 0xED, 0xFB, 0x48, 0xDB, 0x87, 0xDD, 0x28, 0x8C, 0x50, 0x8A, 0xE5, 0xBB, 0x27, 0x84,
    0x91, 0xC8, 0xBB, 0x2E, 0x58, 0xDB, 0x58, 0x0F, 0xB2, 0x78, 0x1E, 0x55, 0x4F, 0x5E, 0xC3, 0x92,
    0x10, 0x04, 0xA4, 0x5A, 0xCF, 0x8C, 0x88, 0x7C, 0xDA, 0x9B, 0x03, 0x22, 0x43, 0x51, 0xE5, 0xB6,
    0x8B, 0xCA, 0xD5, 0xA8, 0x5C, 0x89, 0xCA, 0x1F, 0xE3, 0x3E, 0xC2, 0x45, 0xF6, 0x3A, 0x31, 0x67,
    0x8E, 0x46, 0xC3, 0x9A, 0xF8, 0x2E, 0x40, 0x07, 0x17, 0x9B, 0x3D, 0xF0, 0xF4, 0x70, 0xE9, 0x46,
    0x72, 0xC6, 0xAF, 0xC5, 0x4B, 0x20, 0xB7, 0x72, 0x1B, 0x63, 0x65, 0x61, 0x2F, 0xC3, 0xFE, 0xDC,
    0xFE, 0x71, 0x9E, 0x6C, 0x9C, 0x60, 0x0F, 0x71, 0xAA, 0x6D, 0x34, 0x6A, 0x26, 0x95, 0xA1, 0x3E,
    0x89, 0x11, 0xF8, 0x67, 0x35, 0x63, 0x12, 0xD2, 0xC8, 0x6F, 0x1C, 0x81, 0x57, 0xD1, 0x2C, 0xD8,
    0x10, 0xAF, 0x1A, 0xC4, 0xCF, 0x0E, 0x0F, 0x84, 0xE2, 0x58, 0x3E, 0xCE, 0xA2, 0x0C, 0x2D, 0x51,
    0x11, 0x57, 0x79, 0x13, 0x97, 0xB1, 0x61, 0x43, 0x26, 0x2D, 0xFD, 0x90, 0x55, 0x82, 0x9E, 0x24,
    0xD1, 0x7E, 0x25, 0x4E, 0xC7, 0x61, 0x76, 0xB6, 0xB6, 0xA2, 0x08, 0x7C, 0xD2, 0x43, 0x13, 0x60,
    0x0E, 0x0A, 0xA6, 0x00, 0x9C, 0x9E, 0x63, 0xE9, 0x04, 0x40, 0xAB, 0x33, 0xDB, 0xC6, 0x4E, 0xA9,
    0x04, 0x2E, 0xFE, 0xD2, 0xCC, 0xD9, 0xDB, 0xCE, 0x7E, 0xF0, 0xBD, 0x5A, 0x97, 0x75, 0x4E, 0xEA,
    0x99, 0x23, 0x21, 0x54, 0x39, 0x35, 0x34, 0xB1, 0xB7, 0x62, 0xDB, 0x24, 0x97, 0xDB, 0x8B, 0x02,
    0x59, 0x0B, 0x87, 0x80, 0x3A, 0xC6, 0xC9, 0x85, 0xFE, 0x0D, 0xD1, 0xAB, 0x92, 0xEB, 0x5F, 0x74,
    0xE8, 0xD6, 0x42, 0x72, 0x0A, 0x01, 0xCD, 0xBB, 0x2E, 0x7E, 0x4F, 0x51, 0x35, 0xEB, 0x83, 0x70,
    0x08, 0x59, 0x30, 0xF6, 0x41, 0xC5, 0x7C, 0x1F, 0x84, 0x55, 0xCE, 0x19, 0xCA, 0x52, 0x94, 0xB6,
    0x45, 0x80, 0x18, 0x1E, 0x06, 0x67, 0x38, 0x22, 0xB2, 0x41, 0x35, 0x30, 0x81, 0x1D, 0x99, 0x60,
    0xBF, 0x1D, 0xD4, 0x23, 0x42, 0xC1, 0x40, 0x0C, 0x61, 0x70, 0x41, 0x68, 0xC6, 0xC1, 0xED, 0x7F,
    0x70, 0x36, 0x46, 0x81, 0x77, 0x35, 0x8E, 0x55, 0x22, 0x8C, 0x10, 0x09, 0x19, 0x70, 0xF3, 0x00,
    0x4C, 0xE0, 0x5F, 0x1D, 0xD5, 0x44, 0x8F, 0xE8, 0x9B, 0x2D, 0x89, 0xBE, 0x19, 0x53, 0x9F, 0x29,
    0xF2, 0x0D, 0xD6, 0xFF, 0x06, 0xF3, 0x7E, 0xE3, 0xCA, 0x84, 0x69, 0x82, 0xFE, 0x2A, 0x6C, 0x6C,
    0x3D, 0xE9, 0xB4, 0x89, 0xB0, 0x13, 0x94, 0x4D, 0xB1, 0x21, 0xD1, 0xEF, 0xF0, 0xFE, 0x7F, 0x55,
    0x83, 0xDF, 0xFF, 0x8B, 0xDF, 0xBF, 0xC3, 0x77, 0xC5, 0x0D, 0xAC, 0xA9, 0xC0, 0x16, 0x51, 0xC1,
    0xBD, 0x22, 0xA2, 0x48, 0x2F, 0x9D, 0x5D, 0x3F, 0xC4, 0xBC, 0xFB, 0xE6, 0xA5, 0xFB, 0xE4, 0x3A,
    0xBA, 0x85, 0xE8, 0x03, 0xEF, 0xFF, 0x0B, 0x73, 0x65, 0xC6, 0xC2, 0x6D, 0x4C, 0x94, 0x4E, 0x03,
    0x53, 0x4B, 0xF0, 0xA8, 0x92, 0xE0, 0x09, 0x58, 0x99, 0xCC, 0xFC, 0x04, 0x88, 0xF0, 0x18, 0x18,
    0x0F, 0xE1, 0x1A, 0x23, 0x11, 0x15, 0x54, 0x12, 0x72, 0x35, 0xC1, 0xB9, 0x03, 0xA4, 0x36, 0xD5,
    0x65, 0x9B, 0x6E, 0xA8, 0x75, 0xA6, 0xD8, 0x55, 0x2A, 0x27, 0xEA, 0x07, 0x87, 0x7C, 0xEA, 0x3A,
    0xB3, 0xFC, 0x2A, 0x1F, 0xAC, 0x03, 0x99, 0xD4, 0x95, 0x96, 0x64, 0x64, 0x91, 0xF5, 0xA0, 0x02,
    0xD0, 0x53, 0x5C, 0x5A, 0x7B, 0x19, 0x98, 0x12, 0x9A, 0xBA, 0x8B, 0x90, 0x4E, 0x17, 0xE5, 0x37,
    0x4C, 0x29, 0x2A, 0xC7, 0x6E, 0x0B, 0x03, 0xC0, 0x09, 0x65, 0x3C, 0xB1, 0x61, 0x15, 0xDA, 0xCB,
    0xB5, 0x6D, 0x13, 0xD4, 0x69, 0x93, 0xD8, 0x19, 0x1E, 0x9F, 0x62, 0x40, 0x38, 0xA3, 0x59, 0x7C,
    0x10, 0x1F, 0x06, 0xCF, 0x85, 0x13, 0x10, 0x67, 0x09, 0xFA, 0xEE, 0x84, 0x1C, 0x72, 0x0E, 0xB2,
    0x21, 0x38, 0x6B, 0x17, 0x59, 0xE1, 0x3D, 0xEC, 0xC5, 0xAB, 0xC7, 0xAC, 0xE6, 0xB8, 0xC6, 0x99,
    0x5B, 0x64, 0x1A, 0x6B, 0xDB, 0xAF, 0x57, 0x8E, 0xCC, 0x3F, 0xBF, 0xDA, 0xAB, 0x91, 0x2A, 0x96,
    0xFB, 0x94, 0x54, 0x91, 0x61, 0x66, 0x4B, 0xF1, 0x8D, 0x95, 0xAE, 0x8E, 0xE3, 0x5F, 0x4F, 0xF1,
    0x80, 0xEF, 0x21, 0x68, 0x0E, 0xEF, 0x5D, 0xB3, 0x41, 0x64, 0x79, 0x89, 0x65, 0x82, 0x95, 0x6E,
    0x8E, 0x72, 0xC0, 0x21, 0xFC, 0x57, 0xD1, 0x86, 0x86, 0x36, 0x30, 0xD3, 0x3A, 0x69, 0xA0, 0xA1,
    0x5B, 0x60, 0x89, 0x2B, 0xCF, 0xC8, 0xE9, 0x16, 0x76, 0x6B, 0x38, 0x25, 0x47, 0x5E, 0x8E, 0x13,
    0x13, 0xE2, 0x13, 0xB4, 0x04, 0x75, 0xC4, 0xA2, 0xCA, 0x73, 0x26, 0xA7, 0x40, 0x21, 0x78, 0xE9,
    0x75, 0x80, 0xB5, 0x9E, 0x20, 0xB7, 0xF2, 0x4B, 0x2D, 0xC4, 0xCB, 0x5D, 0xD6, 0xD1, 0x84, 0xC6,
    0x67, 0x25, 0x39, 0x84, 0x71, 0xD2, 0x08, 0xC7, 0x4B, 0x95, 0x3D, 0xA9, 0xC1, 0xC4, 0xD1, 0xA7,
    0x08, 0x8D, 0xF2, 0x1F, 0xB7, 0xB2, 0x15, 0x56, 0xAD, 0xEC, 0x30, 0x4D, 0xBB, 0xD1, 0xB4, 0x00,
    0x2C, 0x98, 0x3C, 0x78, 0x00, 0xEC, 0xBE, 0x82, 0x3C, 0x44, 0xC7, 0x07, 0x39, 0x6F, 0xD9, 0x4A,
    0xE5, 0x7F, 0x06, 0x24, 0xC0, 0xBD, 0xE8, 0xCB, 0x4E, 0x54, 0x6C, 0xD3, 0x5D, 0x35, 0x2D, 0x3A,
    0x48, 0x4C, 0x8E, 0x5E, 0xC5, 0x59, 0xAE, 0x12, 0xD1, 0x57, 0x77, 0x00, 0x7F, 0xFD, 0x6F, 0x26,
    0x50, 0xA2, 0x08, 0xB5, 0x4F, 0xE0, 0xBF, 0xA1, 0x64, 0x55, 0xCB, 0x8F, 0x77, 0x5D, 0x83, 0x38,
    0x5C, 0xBD, 0x03, 0x57, 0x5D, 0x7A, 0x0A, 0x6A, 0xD5, 0xF6, 0x5E, 0x7E, 0xC8, 0xB4, 0xB8, 0x0A,
    0x85, 0x42, 0xD0, 0x41, 0x13, 0xE9, 0xDA, 0x8D, 0x72, 0x37, 0x2C, 0x3A, 0x6F, 0x7C, 0x9F, 0x1A,
    0xBE, 0x44, 0xBB, 0x51, 0x12, 0xA4, 0x90, 0xB5, 0x40, 0xFF, 0x86, 0xDA, 0x03, 0xAE, 0x15, 0x1C,
    0x0D, 0x64, 0x96, 0xC1, 0x78, 0x5F, 0x5D, 0x4E, 0x07, 0xB9, 0x75, 0xFA, 0xF0, 0xD8, 0x85, 0xF1,
    0x18, 0x5D, 0xCB, 0x58, 0x8F, 0xC3, 0x38, 0x8D, 0x00, 0xAA, 0xC2, 0x55, 0x77, 0xAB, 0xA8, 0x8D,
    0xF7, 0x01, 0x94, 0xDD, 0xB1, 0xCB, 0xD0, 0x4E, 0x21, 0x22, 0x09, 0xDD, 0x1B, 0x14, 0x90, 0x9D,
    0xE2, 0xA5, 0x79, 0x0B, 0xB5, 0xD9, 0xC4, 0x94, 0x3D, 0x14, 0x49, 0xE9, 0xA4, 0x85, 0xE6, 0xE8,
    0x36, 0x29, 0x62, 0x87, 0x12, 0x3F, 0x62, 0xA6, 0x71, 0x80, 0xC3, 0xC8, 0x72, 0xAA, 0x87, 0x42,
    0x6D, 0xE2, 0x2A, 0x34, 0x21, 0xBE, 0x8B, 0xB2, 0x09, 0xB4, 0x90, 0xE7, 0xBE, 0xBD, 0x81, 0x73,
    0x02, 0xA1, 0xA8, 0xD9, 0xF7, 0xD5, 0xE2, 0xF7, 0x14, 0x5C, 0x8E, 0x07, 0x55, 0xA3, 0x9B, 0xA4,
    0xC2, 0xBA, 0x59, 0x50, 0xC7, 0x72, 0xBC, 0xEE, 0x6D, 0x27, 0xF0, 0x7D, 0xF6, 0x0E, 0x1F, 0xFF,
    0xF1, 0xF8, 0xBB, 0x69, 0xE3, 0x6A, 0x3C, 0x6F, 0x20, 0x64, 0xAA, 0xA4, 0x88, 0x8A, 0x04, 0xB7,
    0xD7, 0x24, 0xA8, 0x36, 0xC1, 0x1F, 0xE0, 0x82, 0x1A, 0xF3, 0x7E, 0x37, 0x68, 0x68, 0x2F, 0xFF,
    0xEF, 0xA1, 0x93, 0x9C, 0x0F, 0x1A, 0x94, 0x23, 0xD9, 0x42, 0x59, 0x48, 0xB3, 0xA4, 0x0B, 0x1B,
    0xF1, 0x5B, 0x4A, 0xA1, 0x3E, 0xA6, 0x60, 0xDE, 0x62, 0xB6, 0x32, 0xE1, 0x28, 0x05, 0x79, 0x24,
    0x63, 0x0A, 0x6F, 0xEB, 0x14, 0x33, 0x2B, 0xB6, 0x19, 0x78, 0x82, 0xFD, 0xF6, 0x74, 0xDC, 0xCA,
    0x4C, 0x9F, 0x39, 0xF3, 0x36, 0xCD, 0x05, 0x9A, 0xBF, 0x07, 0xC8, 0xD9, 0x22, 0x36, 0x0A, 0xF2,
    0x75, 0xFB, 0x58, 0x33, 0xB2, 0x30, 0x28, 0xD9, 0x9F, 0xE1, 0xCC, 0x2A, 0x80, 0x21, 0xA4, 0xB9,
    0x7A, 0xCC, 0x84, 0xC6, 0x21, 0xB8, 0x81, 0x93, 0xC0, 0x51, 0x40, 0x5B, 0xD9, 0x0A, 0xC2, 0xC0,
    0x96, 0x1B, 0xDD, 0x8A, 0x96, 0x9F, 0xD3, 0x2C, 0x75, 0x4B, 0x9A, 0x07, 0xF7, 0x3A, 0x03, 0x21,
    0x8D, 0x4A, 0xA2, 0x74, 0x66, 0xE9, 0x38, 0xF3, 0x22, 0x85, 0x5A, 0xFB, 0x6D, 0xCD, 0xF1, 0xE4,
    0xD9, 0x57, 0xC5, 0xC3, 0x67, 0xBF, 0x2E, 0xFC, 0xA7, 0x31, 0x4F, 0x7C, 0x61, 0xA0, 0x44, 0x80,
    0x47, 0x0C, 0x9D, 0x70, 0xDC, 0x19, 0x85, 0xE7, 0x12, 0x4B, 0xDD, 0x36, 0x79, 0x13, 0xBD, 0xD0,
    0x29, 0x12, 0x16, 0xC2, 0xE7, 0xD7, 0x4B, 0x9F, 0x65, 0x9E, 0x7F, 0x3B, 0x77, 0xCC, 0xF1, 0xE1,
    0x20, 0x28, 0x59, 0xB3, 0x4E, 0xC6, 0x42, 0x73, 0x33, 0xE1, 0xE5, 0x2D, 0xFD, 0xCC, 0x16, 0xA8,
    0xC7, 0x74, 0xE0, 0x15, 0x8C, 0x8A, 0x9D, 0x5B, 0x87, 0xD3, 0x61, 0xC4, 0xC7, 0x31, 0x71, 0x24,
    0xC4, 0x10, 0x95, 0x43, 0x78, 0x86, 0x10, 0x21, 0x38, 0xE8, 0xE1, 0xC0, 0x8A, 0xF3, 0x3E, 0x3C,
    0x84, 0x0F, 0xCF, 0xE2, 0x63, 0x1F, 0xFC, 0x68, 0x18, 0x43, 0xDA, 0xD4, 0x98, 0x18, 0x19, 0x6E,
    0x4B, 0x65, 0xE6, 0x3A, 0xA2, 0x87, 0x2E, 0x64, 0xC8, 0x14, 0xB8, 0xE8, 0xEB, 0x61, 0x48, 0x9E,
    0x22, 0x6D, 0x4A, 0xEE, 0x7E, 0x26, 0x89, 0x8F, 0x65, 0x99, 0xEB, 0x4B, 0xD1, 0x91, 0xA9, 0xE2,
    0xC5, 0x18, 0x20, 0x8B, 0x1B, 0xC6, 0x27, 0x29, 0x07, 0x94, 0x8A, 0xE7, 0xBF, 0xBB, 0xDF, 0x0C,
    0x52, 0xBA, 0xB6, 0x2F, 0xEF, 0xC4, 0x4C, 0xCE, 0xD6, 0xB6, 0x74, 0xCD, 0x0D, 0xDE, 0x66, 0xDE,
    0xFE, 0xC2, 0xE2, 0xF8, 0x91, 0x5D, 0x75, 0x4B, 0xEA, 0x23, 0x6E, 0x01, 0x43, 0xE1, 0x2E, 0x0F,
    0xC5, 0x19, 0x62, 0x89, 0x43, 0x1F, 0xBC, 0x5C, 0xFD, 0xA3, 0x13, 0x6B, 0x0C, 0x1A, 0x82, 0xBE,
    0xDC, 0x10, 0xE1, 0xE5, 0xDF, 0x1A, 0x95, 0x3D, 0x81, 0xFE, 0xB4, 0x43, 0x9F, 0x57, 0x90, 0xA9,
    0xC1, 0x1B, 0xE2, 0x77, 0x5E, 0x8A, 0x5E, 0x2D, 0x43, 0x0D, 0x70, 0x02, 0xF8, 0x18, 0x72, 0xC5,
    0xE4, 0x3F, 0x7A, 0x79, 0x47, 0x23, 0x91, 0x0C, 0x57, 0x3C, 0x5E, 0x56, 0xBD, 0xB0, 0xAC, 0xC3,
    0xF5, 0x21, 0xFF, 0xCB, 0xF3, 0x47, 0xCB, 0x36, 0x0B, 0xFD, 0xCA, 0x45, 0x9A, 0xB7, 0xE4, 0xEC,
    0xAE, 0x68, 0x6C, 0xC6, 0xC7, 0xDE, 0xFD, 0xF1, 0xAC, 0x27, 0x05, 0x10, 0xE6, 0x94, 0x64, 0xC3,
    0x7F, 0xD3, 0x86, 0x59, 0x62, 0x98, 0x48, 0x52, 0xBB, 0xC6, 0x88, 0x38, 0x75, 0xF2, 0x2F, 0x80,
    0x84, 0x0B, 0x9D, 0x28, 0x4A, 0x4C, 0x04, 0x7E, 0xD5, 0x46, 0x6E, 0x90, 0x12, 0x24, 0x76, 0x7A,
    0x36, 0x74, 0x0A, 0x37, 0x62, 0xC6, 0x48, 0x72, 0x95, 0x77, 0x34, 0xA5, 0xCE, 0x40, 0x20, 0xD4,
    0xB9, 0xB9, 0xD3, 0xB9, 0x38, 0xEC, 0x0A, 0xE0, 0x68, 0x54, 0x96, 0x37, 0x01, 0x4E, 0x92, 0xCE,
    0x45, 0x37, 0x99, 0x8D, 0x8E, 0xE5, 0x66, 0x7F, 0xD1, 0x15, 0x08, 0x92, 0x18, 0xD2, 0xD5, 0x4C,
    0x4C, 0x17, 0xC3, 0x31, 0xEA, 0x91, 0x4D, 0x4A, 0x5C, 0xCD, 0xD0, 0x74, 0xFD, 0x0E, 0x4A, 0x12,
    0xBA, 0x04, 0x4A, 0x28, 0xC9, 0x28, 0xCE, 0xAB, 0xE4, 0x8A, 0xBD, 0x02, 0x69, 0x12, 0x54, 0x28,
    0x37, 0xAA, 0x70, 0x94, 0xD1, 0x1D, 0x88, 0x41, 0x08, 0xAE, 0x83, 0x62, 0xAE, 0x07, 0x20, 0x43,
    0x26, 0xC5, 0xF1, 0xDE, 0x5D, 0x1F, 0x50, 0x2C, 0xF4, 0x01, 0xC9, 0xD8, 0x07, 0xD4, 0x6F, 0x43,
    0x67, 0x46, 0xE5, 0xA3, 0x68, 0xBF, 0x88, 0x0E, 0x32, 0x94, 0x4E, 0xC4, 0x0E, 0xA8, 0x5B, 0xEC,
    0x03, 0xFA, 0xB1, 0x0F, 0x88, 0xA0, 0xA3, 0x20, 0x2F, 0x89, 0x16, 0x50, 0x1C, 0x47, 0x63, 0x13,
    0x63, 0x03, 0xE3, 0x36, 0x06, 0x76, 0xEF, 0xC1, 0xB3, 0x2B, 0xF0, 0xCC, 0x22, 0x0A, 0x16, 0xA5,
    0x77, 0xC3, 0xB3, 0x33, 0x81, 0x6B, 0x06, 0x68, 0x99, 0x94, 0x3C, 0x2C, 0x16, 0x46, 0xC8, 0x44,
    0x78, 0xD4, 0x1E, 0x0D, 0xEF, 0x01, 0x20, 0x19, 0xC3, 0x87, 0xC0, 0xCD, 0xC1, 0xE7, 0x76, 0xDD,
    0x16, 0x3B, 0x54, 0x96, 0x92, 0x20, 0x72, 0xC9, 0x88, 0x05, 0x6F, 0xCA, 0x5F, 0x27, 0xCF, 0x60,
    0x6C, 0xCB, 0x54, 0x02, 0x05, 0xC8, 0xA0, 0x46, 0x29, 0xE2, 0x9D, 0xC0, 0x97, 0x49, 0x27, 0xA3,
    0x3C, 0xB3, 0x27, 0xE5, 0x99, 0x13, 0x37, 0x33, 0x71, 0xA4, 0x52, 0xE8, 0xEF, 0x74, 0x48, 0x61,
    0x04, 0xCA, 0xEB, 0x87, 0xB0, 0x82, 0xB9, 0xE8, 0x5E, 0x46, 0xF7, 0xD2, 0xBF, 0x52, 0x3D, 0x52,
    0xDE, 0x0F, 0x25, 0x72, 0x43, 0x46, 0x60, 0x95, 0x4F, 0xE8, 0x5E, 0x75, 0x06, 0xF5, 0x58, 0x72,
    0x1B, 0x43, 0x89, 0x90, 0x2D, 0xD8, 0x22, 0xA0, 0x3D, 0xF8, 0x7E, 0x90, 0xDC, 0x3A, 0xC5, 0x70,
    0xA4, 0x1A, 0xCC, 0xE0, 0xC7, 0xD9, 0x20, 0x39, 0x75, 0xBD, 0x41, 0xB8, 0xD0, 0xA5, 0xE0, 0x16,
    0xB6, 0x11, 0xD8, 0x34, 0xAF, 0x3C, 0x84, 0xAA, 0xF0, 0xA0, 0x63, 0x8A, 0xC9, 0xD7, 0x77, 0xBF,
    0x2E, 0x26, 0x7F, 0x38, 0xB8, 0x5F, 0xFA, 0x0F, 0x1F, 0x7E, 0x5E, 0xFA, 0x07, 0xCF, 0x3E, 0x2A,
    0xFD, 0x3D, 0xBB, 0x5E, 0xF9, 0xA5, 0x0D, 0xAA, 0xA0, 0xE8, 0x69, 0x6E, 0xF8, 0x26, 0x3E, 0x7C,
    0x77, 0xD9, 0xA0, 0x93, 0x4D, 0xEC, 0x11, 0x9A, 0x75, 0xB3, 0x06, 0xD2, 0x51, 0x97, 0x07, 0xD4,
    0x0E, 0xED, 0x72, 0x13, 0x75, 0x7E, 0x1B, 0xD7, 0x7E, 0xA7, 0x6A, 0xFF, 0x4F, 0x3F, 0xAB, 0xFD,
    0x2F, 0x7E, 0x8B, 0xF1, 0xB0, 0xF6, 0x3F, 0xBB, 0x57, 0xFB, 0xF7, 0xEE, 0xD5, 0x61, 0x15, 0xF4,
    0xCA, 0xC4, 0x76, 0x8C, 0xEE, 0xF6, 0xD8, 0x7D, 0x2D, 0xE5, 0xED, 0xB4, 0x3E, 0x0D, 0x44, 0xF8,
    0x5F, 0xD2, 0xE4, 0xAD, 0x5C, 0x3B, 0xC7, 0x30, 0xC4, 0x64, 0x3B, 0x9E, 0x4D, 0xD2, 0x2C, 0x60,
    0x88, 0xF3, 0x20, 0xE0, 0xBD, 0xD0, 0x49, 0x03, 0xBA, 0x76, 0x91, 0x3C, 0xB1, 0xC2, 0x97, 0xEF,
    0xF0, 0x48, 0x81, 0x6A, 0x88, 0x0B, 0x02, 0x8D, 0x68, 0xA3, 0xDB, 0x21, 0xB4, 0xA1, 0xB6, 0x1A,
    0x99, 0x56, 0x68, 0x39, 0xD1, 0xEB, 0xD8, 0x74, 0x25, 0x92, 0xB5, 0x78, 0xF8, 0xD6, 0xE1, 0x52,
    0x0F, 0x05, 0x52, 0xF4, 0x71, 0x89, 0x5A, 0x3B, 0x0F, 0x4E, 0xB2, 0xE5, 0x2E, 0x60, 0x89, 0x9D,
    0x28, 0x99, 0x3F, 0xF9, 0x65, 0x2D, 0x9B, 0x94, 0x13, 0x1D, 0x97, 0xD9, 0x5E, 0x3B, 0xC5, 0x9D,
    0x7A, 0xD1, 0x9D, 0xDD, 0x63, 0x77, 0x52, 0x6E, 0x05, 0x92, 0x8E, 0xD0, 0x06, 0x77, 0xAA, 0xD1,
    0x1D, 0xF0, 0x3A, 0x84, 0x38, 0xDC, 0xC9, 0x6B, 0x84, 0x39, 0x89, 0x32, 0xF4, 0x57, 0x17, 0xC2,
    0x11, 0xBE, 0x70, 0x5B, 0xDB, 0xA2, 0x8B, 0xCB, 0x37, 0x4F, 0x75, 0xE7, 0x80, 0x22, 0x93, 0x95,
    0xED, 0x39, 0x2B, 0xFF, 0x59, 0x43, 0xDF, 0x7A, 0x4F, 0xEA, 0x1F, 0x22, 0x19, 0x1F, 0x3A, 0x4F,
    0xEE, 0xD5, 0x03, 0xFE, 0x91, 0x42, 0x9C, 0x1E, 0xD5, 0x4E, 0x81, 0xA0, 0x1C, 0x3C, 0x38, 0xEC,
    0xD7, 0x41, 0xEA, 0x57, 0x90, 0x87, 0x69, 0x4C, 0x59, 0x91, 0x2A, 0x68, 0x27, 0x2B, 0x41, 0x87,
    0x92, 0x83, 0xC8, 0xE8, 0x13, 0xD3, 0x6F, 0xA3, 0x27, 0x94, 0xE4, 0x8F, 0x16, 0xF8, 0xF1, 0x9D,
    0xFE, 0xB8, 0x10, 0xAC, 0x8D, 0xEE, 0xAD, 0x3E, 0x87, 0x1E, 0xA5, 0x4F, 0x0E, 0x75, 0x7D, 0x4E,
    0xAE, 0x45, 0x97, 0x4C, 0x74, 0xCF, 0x4C, 0x58, 0xD2, 0x8E, 0x7C, 0xAC, 0xC5, 0xC3, 0xA8, 0x8C,
    0x71, 0x8A, 0x78, 0x99, 0x97, 0xAD, 0x79, 0x0D, 0xBF, 0x79, 0x33, 0x26, 0x59, 0xDA, 0x1E, 0x70,
    0x1D, 0xBD, 0x57, 0x04, 0x76, 0x8C, 0xDF, 0xA4, 0x07, 0x5D, 0x95, 0xEA, 0x3D, 0xB3, 0xE3, 0x1B,
    0x9C, 0x16, 0xAE, 0x51, 0xC2, 0x67, 0xD0, 0xE3, 0x55, 0x40, 0x0C, 0x4B, 0xE1, 0xBE, 0x91, 0x2E,
    0x40, 0x66, 0x38, 0x82, 0xE5, 0x29, 0x38, 0x22, 0x74, 0x83, 0x84, 0x4C, 0xAD, 0xB5, 0x4B, 0xFB,
    0x21, 0xB3, 0xB6, 0x92, 0xF3, 0x7D, 0x2A, 0xCB, 0x1D, 0x58, 0xAE, 0xA8, 0xC1, 0xFB, 0xE8, 0x86,
    0x82, 0xD9, 0xDC, 0x01, 0xE0, 0xB8, 0x40, 0x43, 0x0B, 0xA5, 0x19, 0xDE, 0xAB, 0xD0, 0x6E, 0x18,
    0x09, 0x7F, 0x59, 0x1E, 0x9D, 0xE6, 0xF7, 0x5D, 0x6C, 0x0D, 0xDD, 0x89, 0x4A, 0x2F, 0x5E, 0x18,
    0xA7, 0x79, 0xED, 0xDA, 0xB3, 0x34, 0x72, 0x19, 0x25, 0x77, 0x56, 0x5F, 0xA0, 0xC9, 0x52, 0x77,
    0x01, 0x69, 0x92, 0x34, 0x84, 0xD8, 0x2B, 0x47, 0x93, 0x3B, 0xA4, 0xC9, 0xBD, 0xDA, 0xD1, 0xA4,
    0x93, 0x24, 0x44, 0x9F, 0xE4, 0xEA, 0x3E, 0x66, 0x53, 0x8E, 0x44, 0x7B, 0x12, 0x24, 0x69, 0x52,
    0x65, 0xA4, 0xC9, 0x04, 0x33, 0xA8, 0x2E, 0x22, 0x4D, 0x76, 0x20, 0x98, 0xF0, 0x73, 0xD2, 0xE4,
    0x57, 0x14, 0x6F, 0x37, 0xB3, 0x53, 0x68, 0x32, 0x34, 0x5E, 0x45, 0x9A, 0xFC, 0x84, 0x34, 0xB9,
    0x72, 0x2A, 0x4D, 0xC6, 0x73, 0x34, 0x89, 0xE8, 0x21, 0x78, 0x47, 0xB1, 0x43, 0x9A, 0xC6, 0x48,
    0xCD, 0x4B, 0xDD, 0x05, 0x44, 0x06, 0xA2, 0x04, 0xBE, 0x11, 0xD4, 0x78, 0x90, 0xFF, 0x24, 0x5A,
    0x4B, 0xAE, 0x3F, 0xEC, 0x94, 0x05, 0x22, 0x65, 0x49, 0x22, 0x4A, 0xA7, 0x17, 0x66, 0xA1, 0x0A,
    0x5D, 0xE9, 0x6D, 0x20, 0x54, 0xD0, 0xBA, 0xD6, 0x71, 0x44, 0x5C, 0x7C, 0xC0, 0x5C, 0x2F, 0x72,
    0xB4, 0x6A, 0x0D, 0x9E, 0x22, 0x3D, 0xBB, 0xD5, 0x49, 0xB3, 0x12, 0x54, 0x12, 0x67, 0x3C, 0x10,
    0x6C, 0x1F, 0x7D, 0x07, 0xA5, 0x4F, 0xF7, 0x8E, 0xB4, 0x5B, 0x01, 0x5E, 0x00, 0x1E, 0x41, 0x8C,
    0x19, 0x5C, 0x77, 0xA2, 0xF2, 0x03, 0xB0, 0xD9, 0x0E, 0xD1, 0xD4, 0x7F, 0x8E, 0x09, 0xD1, 0x2B,
    0xF2, 0x10, 0x28, 0x6E, 0xFC, 0xFA, 0x13, 0x6E, 0x03, 0xFD, 0x6D, 0xB6, 0xFC, 0x7C, 0x74, 0xC0,
    0x75, 0x14, 0xAA, 0x9B, 0x8F, 0x3F, 0x57, 0x4C, 0xF3, 0x1A, 0x6D, 0xC5, 0xC8, 0x1B, 0x21, 0x0D,
    0x19, 0xBA, 0x84, 0x04, 0x8D, 0xF6, 0x9F, 0xC0, 0xDC, 0xBF, 0x47, 0x7E, 0xE1, 0x53, 0x52, 0x5D,
    0x64, 0x66, 0xFC, 0x32, 0x6D, 0x88, 0x31, 0x9C, 0x00, 0x04, 0x8A, 0x0A, 0x3D, 0x06, 0x2F, 0xD2,
    0x45, 0x02, 0xDA, 0x18, 0x28, 0x04, 0xB0, 0x7E, 0x80, 0xF1, 0x95, 0x4E, 0xA3, 0x0E, 0xFF, 0x06,
    0xD3, 0x41, 0xC5, 0xA6, 0xC9, 0x8C, 0x56, 0x5E, 0x86, 0x37, 0xA3, 0x6B, 0xC9, 0xF7, 0x73, 0x6D,
    0x79, 0x74, 0xCD, 0xAB, 0x6E, 0x8B, 0xFF, 0x14, 0x5A, 0xC0, 0xCC, 0xB9, 0x67, 0xE8, 0x5E, 0xFE,
    0x7A, 0xF7, 0xF0, 0xDE, 0xC4, 0x6C, 0x23, 0x96, 0xD0, 0x64, 0xD5, 0x9D, 0x63, 0xD7, 0x70, 0x24,
    0x10, 0xEF, 0x29, 0xA2, 0x5B, 0x28, 0xAC, 0xBA, 0xC5, 0x8C, 0x71, 0x6F, 0x0D, 0xA3, 0x87, 0x1A,
    0x80, 0x7E, 0x33, 0x9A, 0xFC, 0x59, 0xE9, 0x8C, 0xE2, 0x9D, 0xDA, 0x3A, 0xFA, 0xA8, 0x88, 0xBF,
    0x28, 0xC3, 0xF5, 0x31, 0x27, 0xC1, 0x67, 0xB1, 0x35, 0xEA, 0xBD, 0x7A, 0x77, 0xD2, 0x76, 0xDE,
    0x78, 0xF5, 0x93, 0x46, 0xDF, 0x34, 0xC0, 0x41, 0x00, 0xF5, 0xF1, 0x3A, 0x53, 0xAC, 0x13, 0x62,
    0x1D, 0x02, 0x87, 0xAD, 0x39, 0xFA, 0xF9, 0x75, 0xB2, 0xC5, 0x75, 0x00, 0x55, 0x9C, 0x78, 0xBD,
    0xDD, 0x95, 0xD6, 0xDA, 0x0E, 0x57, 0x87, 0x1F, 0x5E, 0xAB, 0x6F, 0xD6, 0x04, 0x1A, 0x14, 0x31,
    0x23, 0xCD, 0x90, 0xCF, 0x97, 0x63, 0xF2, 0x9C, 0x4C, 0x52, 0x44, 0x87, 0xB1, 0x89, 0x33, 0x1F,
    0x61, 0x80, 0x27, 0x00, 0x49, 0x37, 0x52, 0xCF, 0x0D, 0x95, 0xA1, 0x17, 0x2D, 0x03, 0x13, 0xA3,
    0xDE, 0xE9, 0x98, 0xE4, 0x87, 0x27, 0x37, 0xF5, 0x9A, 0xB5, 0x4F, 0xC3, 0xA2, 0xF3, 0xF6, 0x16,
    0x92, 0x1F, 0x88, 0x73, 0x29, 0x47, 0x33, 0xCB, 0x6E, 0x15, 0x22, 0x53, 0x83, 0xD5, 0x94, 0x9D,
    0x49, 0x87, 0xF2, 0x2D, 0xDC, 0xDF, 0x82, 0x8C, 0xD1, 0x68, 0x4D, 0x14, 0x72, 0x8D, 0xDF, 0x9C,
    0x2C, 0x30, 0x7C, 0xB4, 0x11, 0xA3, 0x00, 0x8C, 0x6F, 0x6B, 0x5C, 0xF8, 0xF1, 0x0E, 0xCB, 0x00,
    0xBD, 0x67, 0x16, 0xA3, 0x0C, 0x74, 0x3B, 0x8C, 0xB9, 0xBF, 0xBC, 0x55, 0xAD, 0xAE, 0xE3, 0x3A,
    0x32, 0x51, 0x11, 0xD4, 0x31, 0x76, 0x0D, 0x71, 0xD8, 0x02, 0x18, 0x76, 0x70, 0xE0, 0x80, 0x23,
    0x8A, 0x5B, 0xBA, 0xE3, 0x45, 0xA9, 0x84, 0x60, 0xBB, 0x08, 0x9F, 0x07, 0xEC, 0x15, 0x90, 0xBA,
    0x1C, 0x47, 0xF3, 0x34, 0x79, 0xA9, 0x79, 0x08, 0x65, 0x22, 0x61, 0xB5, 0x86, 0x63, 0xD9, 0xC4,
    0x11, 0xA1, 0x2E, 0x1A, 0xE0, 0x58, 0x6F, 0x86, 0x56, 0x47, 0x1D, 0xEB, 0xCF, 0x25, 0x28, 0x85,
    0xEF, 0x1A, 0x57, 0xE1, 0xB2, 0x95, 0x8E, 0xD9, 0xFF, 0xC2, 0x99, 0xE4, 0x5D, 0xDC, 0xE9, 0x26,
    0x6C, 0x22, 0x13, 0x20, 0xAB, 0xA3, 0x62, 0xD2, 0x02, 0xB5, 0x3A, 0xBC, 0xB7, 0x85, 0xCE, 0x43,
    0x61, 0xDE, 0x98, 0xAD, 0x04, 0x1A, 0x37, 0x48, 0xA2, 0xF0, 0xE3, 0x63, 0xDF, 0xBC, 0x07, 0x95,
    0xF8, 0xCF, 0x6A, 0x99, 0x3C, 0x3E, 0xF6, 0x4F, 0xB5, 0xB9, 0x49, 0x70, 0x7A, 0xA1, 0x49, 0x32,
    0xDF, 0x28, 0xF8, 0xB6, 0x05, 0xDF, 0xF0, 0x41, 0x8B, 0xB1, 0x55, 0x0F, 0x7B, 0xA5, 0x76, 0xA5,
    0xBE, 0xC7, 0x5E, 0x97, 0x40, 0xEA, 0x5B, 0x0C, 0x97, 0x19, 0xC5, 0x23, 0xFF, 0xFC, 0x4B, 0xE8,
    0x0E, 0x3E, 0x2B, 0x81, 0xC5, 0x85, 0x6C, 0xC0, 0xCF, 0xA5, 0xA5, 0xC5, 0x18, 0x56, 0x88, 0xA1,
    0x89, 0x52, 0xBF, 0x66, 0x0C, 0x57, 0x8F, 0x63, 0x98, 0x54, 0x47, 0xF3, 0x46, 0x73, 0x31, 0x74,
    0xDF, 0xAF, 0x40, 0x2A, 0x6D, 0x62, 0xFD, 0x47, 0xB8, 0xF1, 0xA0, 0x38, 0x25, 0x9E, 0x28, 0xB1,
    0x8A, 0x25, 0x86, 0x42, 0x44, 0x11, 0x7B, 0x4F, 0xF1, 0xEE, 0x9F, 0xCF, 0x10, 0xCF, 0x3B, 0x9B,
    0xC0, 0x4D, 0x80, 0x5D, 0xB3, 0x3D, 0x07, 0x29, 0x10, 0xAD, 0x75, 0x5E, 0x9F, 0x4D, 0xAE, 0x72,
    0x4C, 0x39, 0x63, 0x7B, 0x5A, 0x3C, 0x9D, 0x64, 0xFD, 0xFD, 0x19, 0x24, 0x6B, 0x08, 0x41, 0x6A,
    0xFB, 0x1C, 0x72, 0xA0, 0x5C, 0x75, 0xD7, 0x4F, 0x66, 0x4A, 0x61, 0xE1, 0x9A, 0x76, 0x42, 0x89,
    0xB3, 0xE5, 0x7A, 0xD8, 0x55, 0xD7, 0x9E, 0xBC, 0x25, 0x03, 0xCE, 0xA3, 0x2F, 0x8B, 0x4A, 0x5C,
    0xE5, 0xFC, 0xFB, 0xD0, 0x8A, 0x1A, 0x2B, 0x6C, 0xBA, 0x37, 0x57, 0xD8, 0xCA, 0x38, 0x9A, 0x77,
    0xB5, 0xB5, 0x50, 0x5C, 0x4E, 0x73, 0x6B, 0x3B, 0x85, 0x0A, 0x83, 0x56, 0x47, 0x1C, 0xE7, 0x8C,
    0xBD, 0x45, 0xD3, 0xC2, 0xEC, 0xF5, 0xBC, 0x97, 0xD3, 0xE8, 0xD9, 0xAF, 0xFD, 0x0E, 0xD8, 0x82,
    0xE6, 0xA3, 0xB7, 0xF6, 0x96, 0xB6, 0xF2, 0x43, 0x8A, 0xB6, 0xE4, 0x3A, 0xDB, 0xBF, 0x68, 0x9E,
    0x56, 0x75, 0x3B, 0xB1, 0xC0, 0x65, 0xA8, 0x6F, 0x4C, 0xAA, 0x65, 0x30, 0xB6, 0xA4, 0x41, 0xDB,
    0x87, 0xB6, 0x16, 0x66, 0x8F, 0xE6, 0x00, 0x46, 0xD9, 0xA7, 0x78, 0x64, 0x3F, 0xB4, 0x25, 0x70,
    0x05, 0x12, 0x2F, 0x2A, 0xB7, 0x23, 0x6A, 0xD1, 0x77, 0xA3, 0x72, 0x09, 0x5F, 0x22, 0x04, 0xAE,
    0xF1, 0x1C, 0x2F, 0x74, 0x0C, 0xC0, 0x34, 0x89, 0xDC, 0x75, 0xDD, 0x91, 0x6C, 0x03, 0xBD, 0x61,
    0x70, 0xC5, 0xC5, 0x70, 0xA1, 0x2F, 0x64, 0x3B, 0x3A, 0x5C, 0xFA, 0xB9, 0xE4, 0xEE, 0x7D, 0x2F,
    0x16, 0x1F, 0xA0, 0x8D, 0x26, 0xC8, 0x5E, 0xC5, 0x7C, 0x7D, 0x80, 0x83, 0xE9, 0xD8, 0x9E, 0xE5,
    0x4C, 0x43, 0xF5, 0xB1, 0x0C, 0x49, 0x38, 0xA7, 0xAE, 0x9D, 0x7A, 0xDF, 0x62, 0xA6, 0xB7, 0x60,
    0x68, 0xDF, 0x44, 0x46, 0xE2, 0x06, 0x4A, 0x5A, 0x51, 0x51, 0xCC, 0xFA, 0x02, 0x1A, 0x92, 0x31,
    0x7B, 0x58, 0x4C, 0x03, 0xD4, 0x6A, 0xA0, 0x06, 0x00, 0xF4, 0x7E, 0xBD, 0x3D, 0x54, 0xB9, 0x66,
    0x46, 0x62, 0x12, 0x5D, 0x89, 0x87, 0x8C, 0xF1, 0x91, 0x15, 0xA0, 0x09, 0x14, 0x01, 0x53, 0x35,
    0x2E, 0xC6, 0xCC, 0x02, 0x9C, 0xE4, 0x19, 0x1B, 0x44, 0x65, 0x93, 0x2E, 0x79, 0x1E, 0x61, 0x21,
    0xDC, 0xEB, 0x90, 0xCA, 0x7A, 0xC7, 0xB5, 0x01, 0xC8, 0xC6, 0xC2, 0x9B, 0x3E, 0x87, 0xDC, 0xC2,
    0x92, 0x2D, 0xB4, 0x0E, 0xBE, 0x0F, 0xAA, 0x18, 0x15, 0x9C, 0xF4, 0x39, 0x30, 0x59, 0x3F, 0xB2,
    0xA0, 0xA8, 0x5D, 0x90, 0x02, 0xB2, 0xF2, 0x19, 0x8E, 0x1D, 0x62, 0x22, 0xA2, 0x08, 0x46, 0x12,
    0xF3, 0xDF, 0xE1, 0xA7, 0x8D, 0x24, 0x77, 0xFB, 0xD4, 0x1E, 0xD8, 0xEC, 0xFF, 0x01, 0xB5, 0x55,
    0x3D, 0x8F, 0xDC, 0xC6, 0x19, 0x7E, 0x49, 0x9E, 0xC4, 0x60, 0x89, 0x78, 0x4E, 0xC8, 0xC2, 0x11,
    0xE0, 0xB3, 0x46, 0x85, 0x02, 0x5C, 0x21, 0x89, 0x45, 0x1A, 0x1B, 0xB8, 0x3D, 0x32, 0x09, 0x90,
    0x14, 0x02, 0xE2, 0x83, 0x91, 0x2E, 0x85, 0xE3, 0x1F, 0x10, 0x5C, 0x0A, 0x17, 0x2E, 0xD6, 0x47,
    0x02, 0x2E, 0x04, 0xD8, 0x45, 0x02, 0xE4, 0x07, 0x48, 0xC8, 0x1F, 0x88, 0x0B, 0x07, 0xB8, 0x00,
    0x77, 0xBB, 0xE3, 0xB8, 0x70, 0xA1, 0xC2, 0x63, 0xAB, 0x50, 0xBA, 0xD0, 0x70, 0x7A, 0x33, 0xCE,
    0x18, 0x62, 0x20, 0x72, 0x27, 0xCF, 0x3B, 0x5C, 0xEE, 0xC7, 0xDD, 0x49, 0xDA, 0xBD, 0x93, 0x79,
    0x3B, 0x73, 0xFC, 0x98, 0x99, 0xF7, 0x99, 0xE7, 0x7D, 0xDE, 0x67, 0xC8, 0x2F, 0x88, 0xA2, 0x92,
    0x48, 0x18, 0xA2, 0x6B, 0x35, 0xD1, 0x0E, 0xDA, 0x70, 0x44, 0x64, 0x12, 0xF2, 0xCA, 0x24, 0xF5,
    0xAD, 0x55, 0x01, 0x5A, 0xA4, 0x44, 0x21, 0xF2, 0xA8, 0xCC, 0x0A, 0xD9, 0xD8, 0x32, 0x99, 0x50,
    0x77, 0x45, 0x0A, 0x73, 0xB5, 0xFB, 0x1F, 0x4E, 0x28, 0xB1, 0x6A, 0x22, 0xF5, 0x11, 0x5E, 0x08,
    0x1D, 0x59, 0x9D, 0x59, 0xDD, 0x08, 0xDD, 0xC8, 0x62, 0x6C, 0xEB, 0xF8, 0xA1, 0x99, 0x4E, 0xA9,
    0xC8, 0xAB, 0xB9, 0xA7, 0x08, 0xB1, 0x69, 0x30, 0x44, 0x77, 0x73, 0xA7, 0xFD, 0x40, 0x14, 0xF2,
    0xBB, 0x20, 0xEF, 0x96, 0xF7, 0x4A, 0x7E, 0xC7, 0x1F, 0x22, 0xCC, 0x21, 0xD1, 0xA0, 0xBB, 0x75,
    0x80, 0x6E, 0x27, 0x41, 0x77, 0x98, 0xA4, 0x40, 0x2A, 0x15, 0x79, 0xD6, 0x6A, 0x02, 0xCE, 0x82,
    0x42, 0x15, 0x96, 0x24, 0xF2, 0xC0, 0x50, 0x5C, 0x44, 0x13, 0xB2, 0x26, 0xB6, 0x3C, 0x5F, 0xBC,
    0x45, 0x3D, 0x41, 0x74, 0x44, 0x1E, 0xD6, 0x4F, 0x1D, 0xF0, 0x09, 0x65, 0x56, 0x35, 0x52, 0xF7,
    0x85, 0xBE, 0x6C, 0x75, 0x62, 0xF5, 0x48, 0xE8, 0x1A, 0x68, 0xE3, 0x65, 0xB4, 0xF4, 0x0E, 0x77,
    0x78, 0xF2, 0x7E, 0xC1, 0xDB, 0xFC, 0x16, 0x0F, 0xF2, 0x08, 0xDD, 0x6B, 0x5B, 0xCB, 0x18, 0xCD,
    0x32, 0xC6, 0xD1, 0x32, 0xC6, 0x78, 0x09, 0xA3, 0x66, 0x8C, 0xAA, 0xC3, 0x38, 0x06, 0x46, 0x8C,
    0xD9, 0x74, 0xA1, 0x0C, 0x23, 0x7C, 0x33, 0x0F, 0x2A, 0x06, 0x18, 0x8B, 0xB4, 0xEF, 0xAD, 0x02,
    0xB6, 0xE8, 0xB2, 0xC1, 0x9D, 0x60, 0xF6, 0xDE, 0x04, 0xD8, 0xA0, 0xC2, 0x9D, 0x60, 0xB6, 0x6E,
    0xBD, 0x34, 0x4B, 0xD8, 0x21, 0x9A, 0xCF, 0x38, 0x03, 0xC6, 0x19, 0x8D, 0x79, 0x02, 0xE3, 0xBC,
    0x1D, 0x63, 0xF0, 0x00, 0x5C, 0xD2, 0x90, 0xF3, 0x69, 0x6D, 0xC9, 0x88, 0x4B, 0x0A, 0x4A, 0x60,
    0x09, 0x34, 0x52, 0x26, 0x4D, 0x68, 0xD3, 0xA4, 0x16, 0x16, 0x7B, 0xC1, 0x24, 0x17, 0x28, 0x50,
    0xB4, 0xA7, 0xD6, 0x04, 0x6B, 0x5A, 0xC5, 0xD0, 0x36, 0xF3, 0xE6, 0xE3, 0x2E, 0x7C, 0xC4, 0xA4,
    0x32, 0x81, 0x3B, 0x2C, 0x86, 0xEB, 0xBC, 0x88, 0xCF, 0x1F, 0x59, 0x98, 0x24, 0x38, 0xFB, 0x2C,
    0x4D, 0xDA, 0x61, 0xC4, 0xC3, 0x8C, 0x9C, 0x3A, 0x89, 0xCA, 0x24, 0x27, 0xD6, 0x27, 0x93, 0xAA,
    0x21, 0x40, 0xC1, 0x89, 0x07, 0xB3, 0xD0, 0x28, 0x12, 0x5F, 0x26, 0xD6, 0x65, 0x45, 0x0C, 0xC9,
    0x83, 0xBA, 0xB0, 0x0B, 0x05, 0x60, 0x52, 0xA6, 0xDB, 0xFE, 0x6A, 0x8C, 0xCA, 0x0F, 0x58, 0x9D,
    0xA3, 0x8E, 0xB7, 0xC0, 0x74, 0xB9, 0x8D, 0x25, 0xBA, 0xAB, 0x33, 0x32, 0x83, 0x39, 0x99, 0xA3,
    0x39, 0x99, 0x48, 0xE8, 0xCE, 0x02, 0x99, 0xC5, 0x94, 0xCC, 0x02, 0xCB, 0x84, 0xDA, 0x5F, 0x20,
    0x93, 0x93, 0x85, 0x50, 0x40, 0x7B, 0xF3, 0xD8, 0xC5, 0x01, 0x99, 0x16, 0x64, 0xE6, 0x57, 0x57,
    0x21, 0xF3, 0x7D, 0xE8, 0x05, 0xA1, 0xB0, 0x75, 0xBA, 0x0D, 0x1C, 0x87, 0x03, 0xE8, 0x68, 0xA3,
    0x05, 0x7C, 0xBE, 0xCA, 0xB6, 0x67, 0x55, 0x36, 0xB4, 0xE9, 0x57, 0xBC, 0x47, 0xF1, 0x06, 0xBD,
    0x1A, 0xF2, 0xC7, 0xB5, 0x6B, 0x7D, 0xA1, 0x96, 0x38, 0xA9, 0x3F, 0xF9, 0x92, 0xC9, 0x65, 0x22,
    0xE3, 0x49, 0x57, 0x3D, 0xED, 0xF5, 0x71, 0x47, 0x69, 0xE8, 0x8A, 0x69, 0x4E, 0x69, 0xD2, 0x51,
    0x7A, 0xF4, 0x54, 0x4A, 0x23, 0xA6, 0x54, 0x82, 0x52, 0x50, 0x70, 0x13, 0xBB, 0xE5, 0x58, 0xFD,
    0x9F, 0xD1, 0x20, 0xE2, 0x28, 0x91, 0x59, 0x8D, 0x4F, 0x77, 0x85, 0xEC, 0x11, 0x10, 0x37, 0xD1,
    0x8D, 0xA7, 0x22, 0x7D, 0x5A, 0xF2, 0x6F, 0x41, 0x97, 0x2D, 0xD2, 0x77, 0x4F, 0x22, 0xAD, 0x16,
    0x93, 0x5F, 0x21, 0xF9, 0xC8, 0x71, 0x08, 0x01, 0x6B, 0x87, 0xF4, 0xCA, 0x9A, 0x48, 0x9D, 0x24,
    0x7B, 0x3B, 0x1D, 0x6B, 0x57, 0xFE, 0xC1, 0x35, 0x22, 0x58, 0x4F, 0x33, 0xC2, 0xD9, 0xB8, 0x4E,
    0xD2, 0x79, 0x8D, 0x2B, 0x68, 0xE0, 0xE8, 0x84, 0x2D, 0xD1, 0xA1, 0x50, 0x2D, 0x48, 0xDF, 0x81,
    0xD4, 0x4C, 0xA7, 0x02, 0x48, 0x78, 0x93, 0x4D, 0xB3, 0x0A, 0x74, 0xE2, 0x01, 0xFE, 0xE9, 0x5D,
    0xE3, 0x44, 0xF6, 0xDF, 0xA6, 0x41, 0x48, 0x71, 0xB3, 0x1A, 0xC8, 0x4E, 0x07, 0xF2, 0x32, 0xBA,
    0xE4, 0x73, 0xB6, 0x4D, 0x16, 0xD8, 0x8D, 0x6C, 0xC6, 0xA9, 0xA3, 0xCE, 0x5C, 0xD4, 0x9D, 0x96,
    0x0A, 0x4A, 0xFC, 0x92, 0x92, 0x07, 0x34, 0xB0, 0xB4, 0x35, 0xA0, 0x3E, 0x39, 0xB8, 0xAB, 0x73,
    0xBA, 0xC1, 0x55, 0x37, 0x88, 0xBA, 0x74, 0x47, 0x73, 0x26, 0xE7, 0x74, 0x56, 0x4B, 0x74, 0xCA,
    0x36, 0xE7, 0x8E, 0x4E, 0x80, 0x3C, 0x94, 0xEA, 0xB4, 0x3A, 0x83, 0x4E, 0x9D, 0x4C, 0xE7, 0xC2,
    0x72, 0x01, 0x1B, 0x77, 0x58, 0x4E, 0xEF, 0x10, 0x7B, 0x51, 0x00, 0xEB, 0xD6, 0x98, 0xB5, 0x76,
    0x6C, 0xAD, 0xD0, 0x52, 0x68, 0x21, 0xF4, 0x06, 0x4F, 0xB2, 0x86, 0x7F, 0x3C, 0x9B, 0xDC, 0x4B,
    0x99, 0x61, 0x90, 0x9D, 0x4C, 0x27, 0xEE, 0x12, 0x65, 0xDC, 0xFB, 0xF0, 0x45, 0xAB, 0x92, 0x37,
    0x8A, 0x51, 0x54, 0x36, 0x61, 0x09, 0xDC, 0xF8, 0x61, 0xD0, 0x38, 0xDD, 0x4B, 0x6C, 0x11, 0xCE,
    0x10, 0xCF, 0x8A, 0x79, 0x44, 0xFE, 0x23, 0xE5, 0x7D, 0xAA, 0x48, 0xA6, 0x04, 0xC7, 0xB9, 0xC1,
    0x1F, 0x97, 0xA3, 0x53, 0x17, 0xBD, 0x3C, 0x1D, 0xDD, 0x6B, 0x28, 0xBC, 0x47, 0x3E, 0x84, 0xFA,
    0x9E, 0x33, 0x83, 0x4D, 0xE7, 0x56, 0x1D, 0x86, 0xE3, 0x05, 0x00, 0x8C, 0x21, 0x6F, 0x31, 0x70,
    0x3D, 0x7A, 0x55, 0x11, 0xD8, 0xD2, 0xFF, 0x50, 0xB7, 0x70, 0xBA, 0x88, 0x62, 0x21, 0x62, 0xC5,
    0xBF, 0x69, 0xC4, 0xA8, 0x8B, 0x68, 0xC3, 0x4F, 0x53, 0xF1, 0xB5, 0x12, 0x99, 0xEA, 0xC9, 0x74,
    0x85, 0x58, 0xF9, 0xDC, 0x03, 0x44, 0x4A, 0x7D, 0xEC, 0x30, 0xBB, 0x4E, 0xDE, 0x63, 0xD4, 0xE9,
    0x27, 0xAA, 0x8B, 0x4C, 0x08, 0x8D, 0x18, 0x92, 0x77, 0xE6, 0x6C, 0xD2, 0x35, 0x8B, 0xF3, 0x06,
    0x59, 0x9F, 0x3D, 0xBB, 0x6F, 0x12, 0x9A, 0xB3, 0xD4, 0xD2, 0x8E, 0xBD, 0xA2, 0x5E, 0x8F, 0xE0,
    0xC0, 0x74, 0x45, 0x81, 0xCD, 0xE0, 0x1B, 0x12, 0x77, 0xF2, 0x4B, 0xDE, 0xAA, 0x14, 0x90, 0xA7,
    0x79, 0x6E, 0x7F, 0x48, 0xD9, 0x0F, 0xBC, 0x27, 0xAA, 0x05, 0xB4, 0x3A, 0xF5, 0x84, 0x40, 0x51,
    0xCA, 0x96, 0x0E, 0xCB, 0xD9, 0x2C, 0xD6, 0x07, 0x80, 0x8C, 0x3D, 0x82, 0x83, 0x50, 0xB2, 0x45,
    0x4F, 0x74, 0xF0, 0x45, 0xB1, 0x9C, 0x86, 0xA8, 0x8B, 0x5E, 0x2F, 0xA7, 0x41, 0xB4, 0x69, 0x20,
    0x1F, 0x9E, 0x35, 0x24, 0x0F, 0x0C, 0x14, 0x54, 0xE3, 0xF4, 0xA1, 0xE8, 0x41, 0xDA, 0xF3, 0x17,
    0x42, 0xDF, 0x29, 0x8E, 0x83, 0x36, 0x74, 0xD1, 0x4C, 0x43, 0xA7, 0xA8, 0x81, 0x68, 0x92, 0x7A,
    0xD5, 0xFD, 0xE0, 0x1E, 0x87, 0xA3, 0x2C, 0x3D, 0x2B, 0xF4, 0xA2, 0x02, 0xCC, 0x69, 0x05, 0x70,
    0x3A, 0x1F, 0xE6, 0xC2, 0xAA, 0x5E, 0xEC, 0x68, 0xC4, 0xC6, 0x6D, 0x1A, 0xDD, 0x55, 0x3D, 0x6F,
    0x35, 0x41, 0x5C, 0xE5, 0xB8, 0xDE, 0x13, 0x1D, 0x7E, 0x52, 0x7A, 0x94, 0x9E, 0xE2, 0x7C, 0x8D,
    0x62, 0x63, 0x09, 0xD4, 0x1C, 0x31, 0xFC, 0x63, 0x1A, 0x05, 0x4B, 0xD1, 0x57, 0x2C, 0xBF, 0xA8,
    0x18, 0x0C, 0xB7, 0x77, 0x3C, 0x13, 0x2A, 0x9E, 0x6E, 0x9B, 0x31, 0xA8, 0x3E, 0xFD, 0xB7, 0x5F,
    0x59, 0xF8, 0xDC, 0xEB, 0x65, 0xBF, 0x0C, 0x75, 0xC4, 0x79, 0xA7, 0x7D, 0x3D, 0x3E, 0x31, 0x26,
    0x2E, 0x33, 0xF3, 0xAC, 0xF9, 0xCE, 0x32, 0x15, 0x78, 0x54, 0x6D, 0x4F, 0x67, 0xAF, 0x62, 0xB2,
    0x6A, 0x3E, 0x92, 0xF6, 0x71, 0xC8, 0x59, 0x9B, 0x4A, 0x9D, 0xE9, 0x24, 0x15, 0xE5, 0x01, 0x8E,
    0xA9, 0x06, 0x9E, 0xD9, 0xB5, 0x09, 0x9E, 0xC7, 0xF0, 0xED, 0x2C, 0x8D, 0x8A, 0xA4, 0x88, 0x95,
    0x60, 0x55, 0x8E, 0xFF, 0x3D, 0xF7, 0x44, 0x81, 0xFD, 0xB2, 0x87, 0xE2, 0xBF, 0x6F, 0x73, 0x69,
    0xCB, 0xE4, 0x57, 0xF5, 0xC8, 0xAB, 0x1B, 0x6A, 0xDC, 0xAF, 0x9E, 0x78, 0x75, 0x76, 0xD7, 0x30,
    0x33, 0x93, 0x74, 0x3A, 0xE5, 0x88, 0xA8, 0x71, 0x3D, 0x1B, 0xF0, 0xDF, 0x61, 0x29, 0x1F, 0xA1,
    0xF9, 0x65, 0xBB, 0xD6, 0x4B, 0xD3, 0x41, 0x73, 0x5C, 0x2A, 0x21, 0xC6, 0x15, 0x96, 0x4D, 0x8B,
    0xCD, 0x35, 0xE0, 0x2A, 0xC7, 0x78, 0x97, 0xA5, 0x42, 0x27, 0x45, 0x96, 0xB7, 0xB8, 0x60, 0xE3,
    0xF8, 0x38, 0x73, 0xAB, 0x8F, 0x3A, 0xB7, 0xC2, 0x3A, 0x00, 0x76, 0xC7, 0x8C, 0xFC, 0xBA, 0xF1,
    0xA6, 0xBF, 0x89, 0x5F, 0x65, 0x77, 0x4B, 0x9C, 0x29, 0xA1, 0xCB, 0x39, 0x42, 0xFB, 0xF0, 0x80,
    0x50, 0x91, 0xF8, 0x80, 0x28, 0x81, 0x5E, 0xAB, 0x8F, 0x89, 0xF6, 0x36, 0x2F, 0x84, 0xC6, 0x5D,
    0xCE, 0x41, 0xE0, 0x9C, 0x9B, 0x0A, 0xDB, 0x0E, 0xBE, 0x61, 0x1D, 0x4F, 0x0B, 0xF8, 0xF9, 0xB0,
    0xAE, 0xB7, 0xF3, 0xE9, 0x36, 0xC8, 0xF9, 0xF0, 0x85, 0xC2, 0x0A, 0x73, 0x0A, 0x14, 0xF9, 0x05,
    0x6D, 0xDE, 0x5F, 0x1F, 0x16, 0x57, 0xE5, 0x4F, 0x91, 0xF4, 0x1F, 0x29, 0xEA, 0xFD, 0x1A, 0xF9,
    0xFF, 0x27, 0x4A, 0x05, 0xF9, 0x33, 0xEF, 0x00, 0xDA, 0x05, 0x60, 0xB1, 0xC1, 0xBD, 0x45, 0xDE,
    0x35, 0x2E, 0x9B, 0xFA, 0xBE, 0x6F, 0x29, 0x7C, 0xA0, 0x7A, 0x7E, 0xBA, 0x12, 0xA6, 0x21, 0x6A,
    0xFE, 0x31, 0xA8, 0xFA, 0xCA, 0x4C, 0x75, 0x89, 0x64, 0x26, 0xB8, 0xAF, 0x87, 0x44, 0x7F, 0xBA,
    0x10, 0x55, 0xE1, 0xD7, 0x0B, 0x4E, 0x84, 0xB1, 0x36, 0x8F, 0x3E, 0xD3, 0x3D, 0x5A, 0x0D, 0xD6,
    0x65, 0x0C, 0x93, 0x80, 0x72, 0x60, 0xC8, 0x33, 0x80, 0x97, 0xD2, 0xC5, 0x05, 0x75, 0xA2, 0xEC,
    0x68, 0x83, 0xE8, 0x98, 0x3C, 0x4B, 0xC1, 0x67, 0x2A, 0xFA, 0xB9, 0x72, 0xB0, 0xD6, 0x2C, 0x44,
    0x77, 0x21, 0x81, 0x21, 0x08, 0x8B, 0x8B, 0x3E, 0xF5, 0x69, 0x4C, 0xCE, 0x00, 0x69, 0x04, 0xA4,
    0x35, 0x90, 0x1A, 0x67, 0x10, 0xEB, 0x20, 0xDD, 0x70, 0xB5, 0x9C, 0x20, 0x33, 0x44, 0x7F, 0xE8,
    0x3B, 0x2F, 0xDD, 0xF5, 0xED, 0xB1, 0xB4, 0xE6, 0xD9, 0x85, 0x08, 0x19, 0x91, 0xB3, 0x73, 0xCA,
    0x54, 0x9F, 0x2E, 0xE7, 0x17, 0x47, 0x42, 0x14, 0xE4, 0x14, 0x16, 0x7C, 0x9E, 0xD1, 0xBB, 0x2B,
    0x23, 0x39, 0x6D, 0x4E, 0xBF, 0xC7, 0x86, 0x32, 0x87, 0x66, 0xBF, 0x6A, 0xCE, 0x83, 0x64, 0xD9,
    0x9C, 0x36, 0x68, 0xF3, 0x00, 0x04, 0xF9, 0x93, 0xE7, 0x21, 0x19, 0xDC, 0xC0, 0xB9, 0x01, 0x16,
    0x1F, 0xD7, 0x1B, 0xF4, 0x76, 0xD9, 0xF1, 0x71, 0x70, 0x5E, 0x3E, 0x82, 0x2F, 0x53, 0xF1, 0x5F,
    0x25, 0x32, 0xD5, 0x93, 0xBF, 0xE1, 0xF8, 0x76, 0x24, 0x6D, 0xF5, 0xEC, 0x9C, 0x1C, 0x4C, 0x63,
    0x9E, 0x7B, 0xE7, 0x67, 0xEA, 0x96, 0x06, 0x2E, 0xFC, 0x2A, 0x92, 0x98, 0x6B, 0xD5, 0x36, 0xD2,
    0xD2, 0xB8, 0x8A, 0x1A, 0x54, 0x78, 0x60, 0x9E, 0xD7, 0x15, 0xDC, 0x95, 0x61, 0x49, 0x61, 0xB3,
    0x0F, 0x01, 0x58, 0x8B, 0xD0, 0xFB, 0xFF, 0xA3, 0xC5, 0x2B, 0x60, 0x74, 0x18, 0xD1, 0xDE, 0xC5,
    0x5F, 0x61, 0xF5, 0x87, 0x16, 0xD3, 0xB3, 0xB3, 0xDB, 0x77, 0x96, 0x0B, 0xB7, 0xF0, 0x26, 0xF1,
    0x7C, 0x57, 0x31, 0x5A, 0x92, 0xB6, 0xFF, 0x23, 0x7E, 0x7D, 0x0B, 0xD9, 0xA2, 0x2D, 0x36, 0x6E,
    0x8F, 0xC5, 0x1C, 0x68, 0x2E, 0xCA, 0xAE, 0xEA, 0x6C, 0x1D, 0x23, 0x86, 0x79, 0xE5, 0x82, 0x3B,
    0x88, 0x71, 0xF3, 0x37, 0xC0, 0xFE, 0x1D, 0x5A, 0xA4, 0x5C, 0xB1, 0x71, 0xCD, 0x39, 0x3C, 0xEB,
    0x6F, 0x82, 0x01, 0xFB, 0x35, 0x27, 0xC8, 0x5C, 0x22, 0xBA, 0xE4, 0x56, 0x77, 0x89, 0x42, 0x1D,
    0x74, 0x80, 0xAB, 0x8B, 0x53, 0x8E, 0x23, 0xC7, 0x81, 0x15, 0x20, 0xE3, 0x55, 0x0F, 0x5D, 0x50,
    0x72, 0x03, 0x60, 0xBD, 0x1A, 0xE0, 0x64, 0x0A, 0x78, 0xC0, 0x5D, 0xC2, 0x22, 0x92, 0x05, 0x00,
    0xD3, 0xDE, 0xF7, 0x04, 0x98, 0x75, 0x51, 0x4D, 0x2B, 0x40, 0x9C, 0x13, 0xF0, 0xD9, 0x92, 0x90,
    0x39, 0x24, 0xF1, 0x62, 0x01, 0x67, 0xC0, 0xF7, 0x18, 0x0F, 0x7F, 0x46, 0x93, 0xB8, 0xDF, 0x02,
    0xE0, 0x8D, 0x29, 0xE0, 0x2F, 0xD6, 0x00, 0x2C, 0x7F, 0xC8, 0xE4, 0xDE, 0x43, 0xF7, 0xBA, 0xF5,
    0x88, 0xAE, 0x1F, 0xC9, 0x17, 0x4F, 0xAE, 0xD9, 0xA3, 0xA0, 0x2E, 0x29, 0xF8, 0xBC, 0x24, 0xFF,
    0xAE, 0x76, 0xC4, 0xC6, 0xC5, 0x8F, 0x8B, 0x35, 0x64, 0x2B, 0xF3, 0x19, 0x28, 0xD5, 0xB9, 0x42,
    0xF5, 0xFD, 0xB8, 0x42, 0xDB, 0x73, 0xDA, 0xFF, 0xBA, 0xA6, 0x4E, 0x4F, 0xB8, 0xC3, 0xE6, 0xB4,
    0xD4, 0x38, 0x53, 0xAF, 0xB0, 0x2B, 0xB4, 0xA6, 0x90, 0xD5, 0x49, 0x9D, 0x54, 0xD2, 0x44, 0xA5,
    0x50, 0x81, 0x91, 0xA9, 0x57, 0xE3, 0x8C, 0x6A, 0x30, 0x30, 0x81, 0x56, 0x62, 0x3E, 0x7C, 0xF4,
    0x72, 0xCB, 0xA0, 0x49, 0xDB, 0xB8, 0xE9, 0xBE, 0x6E, 0x45, 0x49, 0x5C, 0xBD, 0x37, 0xE7, 0x3B,
    0xB0, 0xC6, 0xAA, 0x4C, 0x67, 0x90, 0xD8, 0x2E, 0xA6, 0x1C, 0x41, 0x85, 0x15, 0x05, 0xFF, 0x31,
    0x14, 0x7C, 0x5B, 0x92, 0xF7, 0x04, 0x93, 0x78, 0xD7, 0x19, 0x38, 0x4C, 0x30, 0x78, 0xB7, 0x75,
    0xD8, 0xDF, 0x22, 0x9C, 0x05, 0xF2, 0x51, 0xDA, 0x62, 0x8A, 0x3B, 0x4C, 0xD5, 0x1A, 0x98, 0xBA,
    0xCB, 0xD5, 0xB9, 0x76, 0xFF, 0xB1, 0x56, 0x99, 0x98, 0x58, 0x8B, 0x42, 0xE6, 0x61, 0x19, 0xE3,
    0xA0, 0xD8, 0x25, 0xBF, 0x1A, 0x92, 0x57, 0x1F, 0x02, 0x37, 0xD6, 0xCB, 0xB0, 0x5E, 0xA2, 0x5B,
    0x53, 0x63, 0x6F, 0x90, 0x44, 0x2F, 0xD7, 0x31, 0x65, 0x26, 0x49, 0x93, 0x3C, 0x6E, 0x5D, 0x75,
    0x80, 0xD8, 0xDB, 0x3B, 0x6D, 0xFD, 0xB0, 0xA3, 0x4E, 0x0D, 0x35, 0xB1, 0xB2, 0x89, 0x9B, 0xA8,
    0x0A, 0x4D, 0xA0, 0xFD, 0x1A, 0xC1, 0x1A, 0x2C, 0x90, 0xDD, 0xC6, 0x5A, 0x47, 0xEC, 0x66, 0x6D,
    0x16, 0x17, 0x5B, 0x8C, 0x33, 0x65, 0x6C, 0xD1, 0xB0, 0xC4, 0x23, 0xC4, 0x7B, 0x5F, 0xB5, 0xB9,
    0x79, 0xED, 0x04, 0x77, 0x45, 0xC7, 0xDD, 0x10, 0xD3, 0x0E, 0xC1, 0xB1, 0x21, 0xFF, 0x3B, 0xCC,
    0x5F, 0x81, 0x3B, 0x77, 0x1D, 0x6C, 0xB3, 0xD7, 0x13, 0xFD, 0xC5, 0xCC, 0xD6, 0x1D, 0x83, 0xD3,
    0x0C, 0x9C, 0x8A, 0x69, 0x9E, 0xFD, 0x8E, 0xD3, 0xEC, 0x39, 0x9C, 0x76, 0xD5, 0xF2, 0x2F, 0x57,
    0x2D, 0x53, 0xCD, 0x64, 0x3A, 0x2E, 0xE3, 0x5C, 0xE8, 0x18, 0xF8, 0x76, 0x81, 0x6F, 0x48, 0xBE,
    0x01, 0x90, 0x0A, 0x6B, 0x4D, 0xB0, 0x56, 0x86, 0x71, 0x09, 0xEF, 0x2D, 0x77, 0x7C, 0xB2, 0x85,
    0xBD, 0x5C, 0x4F, 0xA9, 0xC6, 0xAB, 0xFF, 0x03, 0x8D, 0x92, 0xBD, 0x8E, 0x1C, 0x45, 0x14, 0x85,
    0xBF, 0xE9, 0x5E, 0x33, 0x41, 0x4B, 0x2E, 0x07, 0xCE, 0x2C, 0x6F, 0x39, 0x70, 0xB8, 0xBB, 0x9D,
    0x10, 0x6C, 0xD0, 0xB3, 0x55, 0x12, 0x0F, 0xE0, 0x47, 0x21, 0x9D, 0xA0, 0x87, 0x29, 0x41, 0x40,
    0xB8, 0x6F, 0x41, 0x0A, 0x81, 0x03, 0x07, 0x3D, 0xE2, 0x22, 0x82, 0x49, 0x5B, 0xE2, 0x01, 0x18,
    0x7E, 0x44, 0x4A, 0x01, 0x8D, 0x18, 0xA3, 0x2E, 0x8A, 0xDB, 0x3D, 0x5A, 0xB4, 0x2B, 0x3B, 0xE0,
    0xF4, 0xFD, 0xAB, 0x73, 0xCE, 0x94, 0x46, 0xAA, 0x0B, 0x79, 0xC8, 0xC3, 0x5D, 0x25, 0xE7, 0xA8,
    0x71, 0x7F, 0x98, 0x67, 0x85, 0x9C, 0xEA, 0xBB, 0xCC, 0xF8, 0xBF, 0xF1, 0xEE, 0xFD, 0x67, 0x57,
    0x4D, 0x37, 0xA6, 0xF6, 0x11, 0x75, 0xB0, 0x62, 0x82, 0xF1, 0x35, 0x0D, 0x0F, 0x4F, 0x4F, 0x77,
    0xE3, 0xD8, 0xAE, 0x1E, 0x9F, 0x9D, 0x5D, 0x5E, 0xB5, 0x4D, 0xD7, 0x8D, 0x63, 0x4A, 0x6D, 0xFB,
    0x48, 0x3D, 0x5F, 0x06, 0xFB, 0xBD, 0x98, 0xDB, 0x60, 0x5E, 0xF9, 0xDA, 0xD2, 0x5C, 0xF0, 0x5E,
    0xF2, 0xC9, 0xD3, 0xB4, 0x1B, 0x15, 0x5D, 0xBB, 0x5A, 0x3D, 0x7F, 0xBC, 0x18, 0xD0, 0x60, 0xE0,
    0xE5, 0x9F, 0x61, 0x9B, 0xFB, 0x4F, 0xFE, 0xEE, 0x89, 0x3C, 0x88, 0x59, 0x2D, 0xE3, 0x14, 0xC5,
    0x81, 0x2F, 0x7E, 0x09, 0x39, 0x8B, 0x56, 0x9D, 0xDF, 0xCB, 0x68, 0x6C, 0x7D, 0x96, 0x2C, 0x5B,
    0xEF, 0x39, 0x92, 0x43, 0x3E, 0xEA, 0x17, 0x8E, 0x40, 0x97, 0xBA, 0xCE, 0x84, 0x64, 0x45, 0x6B,
    0x57, 0xC4, 0x4A, 0x52, 0x39, 0x98, 0x7E, 0x9E, 0x54, 0x02, 0x3C, 0x60, 0x0F, 0x44, 0xC0, 0x1D,
    0xF5, 0x3A, 0x78, 0xD3, 0x2D, 0x05, 0x88, 0x8D, 0xF1, 0x73, 0xB3, 0x28, 0x8E, 0x6D, 0xE3, 0x82,
    0xED, 0xB7, 0xC3, 0xEB, 0xAC, 0xA5, 0xFE, 0xE1, 0xF7, 0x1F, 0xE3, 0xB1, 0xA3, 0xFC, 0xB6, 0x8F,
    0xB1, 0xA5, 0xFA, 0x4C, 0x62, 0x6C, 0x30, 0xA5, 0x4C, 0xA7, 0x55, 0xA9, 0xDA, 0x1B, 0xBA, 0x85,
    0x3A, 0x23, 0x03, 0x5B, 0x5F, 0x0B, 0x4F, 0x38, 0xA1, 0x0A, 0x46, 0x6C, 0x70, 0x6C, 0x58, 0x33,
    0x43, 0x7F, 0x6B, 0xF6, 0xBD, 0xBD, 0x15, 0x67, 0xFD, 0xC6, 0xB1, 0x6E, 0xE0, 0x4E, 0xF8, 0xE6,
    0x60, 0xF6, 0xDF, 0x45, 0x7B, 0xBB, 0x3F, 0x38, 0xFB, 0x4A, 0x36, 0x6A, 0x58, 0x37, 0xE7, 0x9C,
    0xF0, 0x9A, 0x91, 0x1D, 0x0E, 0xEB, 0x2B, 0x7F, 0x22, 0x1A, 0xC6, 0x0D, 0x3B, 0x87, 0xDA, 0xD4,
    0x5D, 0x7D, 0x24, 0xC0, 0x49, 0xB8, 0x64, 0x54, 0x7E, 0x77, 0xE3, 0xBC, 0xAB, 0x8D, 0x58, 0xF3,
    0x79, 0x5F, 0x95, 0x9F, 0xF6, 0x70, 0xC2, 0x57, 0x14, 0x23, 0xD5, 0xAF, 0xD4, 0x4B, 0x29, 0xC4,
    0x88, 0x63, 0xD4, 0xCF, 0x61, 0xF4, 0x74, 0x3D, 0xF7, 0x32, 0x96, 0x71, 0xE2, 0xAF, 0x79, 0xC1,
    0x82, 0xF5, 0xD5, 0xD2, 0x3F, 0xAF, 0xCF, 0xA9, 0x7C, 0x43, 0x21, 0x11, 0xFE, 0x10, 0xAE, 0x9C,
    0xE5, 0x46, 0x93, 0xBF, 0x84, 0xA2, 0x8F, 0xAA, 0x5D, 0x73, 0xAE, 0x9E, 0xC9, 0xFB, 0x82, 0x82,
    0x4D, 0x25, 0xC9, 0x48, 0xB2, 0x0F, 0xC3, 0x4C, 0xB1, 0x33, 0xB2, 0x31, 0xF2, 0xF2, 0x03, 0x0F,
    0xFC, 0xF7, 0x50, 0xF7, 0x56, 0x74, 0x7A, 0x55, 0x26, 0x7C, 0xA8, 0x3A, 0x0C, 0x4C, 0x2F, 0x2E,
    0x54, 0x01, 0x03, 0x97, 0xD0, 0x4E, 0xDC, 0xE2, 0x8E, 0xB3, 0x70, 0x03, 0x0D, 0x13, 0xB6, 0xC1,
    0xFC, 0x4C, 0x1E, 0x6C, 0x22, 0x27, 0x9B, 0xBD, 0x0A, 0x26, 0x60, 0x26, 0x63, 0x4D, 0x25, 0xCF,
    0x52, 0x91, 0xBD, 0x3B, 0x2C, 0xDF, 0xB2, 0x9A, 0xA8, 0x0B, 0xCA, 0xC0, 0x8C, 0x9A, 0xF2, 0x80,
    0xF3, 0xCB, 0x78, 0x9A, 0xA0, 0x52, 0xC1, 0xC8, 0x36, 0x58, 0xC9, 0x83, 0x66, 0xB2, 0xC2, 0x8D,
    0xA6, 0xD1, 0xFC, 0xD8, 0x4A, 0x9D, 0x8C, 0xB8, 0x83, 0x91, 0x95, 0x7A, 0x2E, 0x66, 0x2F, 0xD4,
    0x98, 0xE0, 0xBC, 0x6A, 0xDA, 0x5B, 0x20, 0x4D, 0x59, 0x1D, 0x99, 0xFE, 0x46, 0x32, 0x59, 0x92,
    0x5E, 0x9C, 0x20, 0x26, 0x8A, 0x98, 0x16, 0x5F, 0xF7, 0xBB, 0xF2, 0x1F, 0x36, 0x65, 0x4F, 0x5B,
    0x08, 0x13, 0x74, 0x3B, 0xD1, 0x35, 0x9D, 0xFB, 0x04, 0xFB, 0xD6, 0xE0, 0x72, 0x66, 0xFD, 0xEC,
    0x08, 0xF7, 0xD7, 0x23, 0xEA, 0x7E, 0xFC, 0x36, 0xE8, 0x82, 0xFC, 0x14, 0x75, 0x43, 0xF6, 0xFD,
    0x46, 0xAB, 0xE8, 0x8E, 0x18, 0x66, 0xFC, 0x0B, 0x64, 0x8E, 0x81, 0x66, 0x04, 0x31, 0x14, 0x45,
    0xEF, 0xCC, 0xD2, 0xC5, 0xD0, 0x00, 0xAA, 0x96, 0x0D, 0x80, 0x82, 0x40, 0x01, 0x9B, 0x24, 0x9F,
    0x55, 0xEC, 0x6E, 0xF2, 0x07, 0xFD, 0xA1, 0xE9, 0x66, 0xFF, 0xA4, 0xEF, 0x13, 0x82, 0xE0, 0xE1,
    0xCD, 0xA4, 0x69, 0xD5, 0xC0, 0x7A, 0xC7, 0x03, 0xEE, 0xBD, 0x67, 0x62, 0xF8, 0x86, 0x59, 0x07,
    0x56, 0x9D, 0xD4, 0xBF, 0x18, 0xC4, 0x15, 0xBA, 0x02, 0x6F, 0xC0, 0x0D, 0xC3, 0x8A, 0xFD, 0x0D,
    0xCF, 0x0E, 0x27, 0x87, 0xDC, 0x42, 0x6C, 0x09, 0x0E, 0x1D, 0xCF, 0xBE, 0x9E, 0x10, 0xD3, 0xA1,
    0xA0, 0x0E, 0xB5, 0x95, 0x1C, 0x06, 0x51, 0xC9, 0x53, 0x16, 0xBE, 0xB0, 0x13, 0x1B, 0x45, 0x53,
    0x93, 0x26, 0xA5, 0x8C, 0xB4, 0xBB, 0x4F, 0x49, 0x41, 0xE3, 0x88, 0xA9, 0xFA, 0x65, 0xB6, 0xF6,
    0x7C, 0xAC, 0x1F, 0x96, 0x5D, 0x13, 0x43, 0xFA, 0x2F, 0x21, 0x2E, 0x2F, 0x07, 0x19, 0x39, 0xD3,
    0x35, 0x98, 0x6B, 0x57, 0x0A, 0xEA, 0x33, 0x6D, 0xF8, 0x6F, 0x7A, 0xF4, 0x9C, 0x37, 0x4F, 0x3C,
    0x91, 0xA7, 0x17, 0xDA, 0xFD, 0x5F, 0xDF, 0x90, 0x3D, 0xC3, 0xAC, 0x70, 0x06, 0xAF, 0x1E, 0x38,
    0x63, 0xAC, 0x98, 0xEE, 0xBF, 0xAD, 0x1D, 0x5D, 0xE3, 0xF2, 0x6E, 0x07, 0x56, 0x8C, 0x0B, 0xBE,
    0xA2, 0xFC, 0xCC, 0xFE, 0xC2, 0xC0, 0x78, 0xB4, 0xDE, 0x01, 0x00, 0x1D, 0x8A, 0x01, 0x66, 0x05,
    0x41, 0x10, 0x44, 0xEB, 0x67, 0x12, 0x83, 0x11, 0x0D, 0x10, 0x60, 0x21, 0x00, 0x0C, 0x40, 0xF0,
    0xD9, 0xBD, 0xD1, 0xBF, 0x40, 0x62, 0xF6, 0x08, 0x39, 0x50, 0xF8, 0x7B, 0x84, 0x91, 0x13, 0xEC,
    0x11, 0x1A, 0x1F, 0x1D, 0x66, 0xB6, 0xD2, 0x3B, 0x74, 0xD7, 0x2B, 0x55, 0x35, 0x93, 0x99, 0x8C,
    0x3A, 0x45, 0x95, 0xA8, 0xCF, 0x51, 0x11, 0xD9, 0x22, 0xCD, 0xCD, 0x4C, 0xB8, 0xFA, 0x65, 0x9E,
    0x1E, 0x93, 0xE1, 0x7E, 0xA0, 0xE7, 0x27, 0x7B, 0x0D, 0x0F, 0x4F, 0xD4, 0xAB, 0xA0, 0x28, 0xDC,
    0xD3, 0x8E, 0xB4, 0x41, 0xB6, 0x37, 0xB2, 0x15, 0xDA, 0x8D, 0xDF, 0x00, 0x40, 0xDA, 0x09, 0xF9,
    0x6D, 0x03, 0xB5, 0x87, 0x3A, 0x90, 0xEA, 0x08, 0x6F, 0x9C, 0x4C, 0xF8, 0xE0, 0x71, 0xBD, 0x0A,
    0x57, 0xA9, 0x5F, 0xEF, 0x52, 0xBD, 0x9E, 0xEB, 0x40, 0xB2, 0x01, 0xFC, 0x0C, 0x7C, 0x7C, 0x96,
    0x06, 0x61, 0x31, 0x36, 0x84, 0x9E, 0x2B, 0xE2, 0x01, 0x14, 0xAE, 0x97, 0x2E, 0x4B, 0xD0, 0x84,
    0xB8, 0x03, 0x33, 0x7D, 0xB9, 0x61, 0xFC, 0x9D, 0x2B, 0xA4, 0x02, 0x49, 0xE1, 0xFB, 0x97, 0xE5,
    0x42, 0x2E, 0xC8, 0x7F, 0xF8, 0x07, 0x75, 0x8E, 0x81, 0x66, 0x1C, 0x51, 0x18, 0x85, 0xBF, 0x99,
    0x1B, 0x26, 0x4C, 0xB9, 0x41, 0x51, 0x60, 0x01, 0x0A, 0x66, 0x5E, 0x60, 0x76, 0xF6, 0xD2, 0x17,
    0xE8, 0xE3, 0x14, 0xD5, 0xFD, 0x1F, 0xA1, 0x8F, 0x50, 0x05, 0xA4, 0x10, 0x6C, 0xA9, 0xA6, 0x95,
    0x1F, 0x85, 0x02, 0x13, 0x79, 0x80, 0xEE, 0x1B, 0xE4, 0x36, 0x77, 0xD9, 0xD0, 0xD9, 0xFD, 0x7B,
    0xC7, 0xEA, 0x6A, 0x48, 0xAE, 0x73, 0xFC, 0x87, 0xC3, 0x77, 0x0F, 0x80, 0x53, 0xF0, 0x02, 0x3D,
    0x60, 0x66, 0x32, 0x79, 0xCA, 0x5E, 0x0F, 0x1D, 0x00, 0x11, 0x37, 0xE2, 0x8D, 0xFE, 0x8F, 0x76,
    0x77, 0x4A, 0xE4, 0x71, 0x01, 0x04, 0x28, 0xD6, 0xC0, 0x3D, 0xD0, 0xFC, 0x23, 0x06, 0xE8, 0xA1,
    0xB8, 0x3F, 0x74, 0xC0, 0x53, 0x88, 0x4C, 0xEF, 0xB7, 0x83, 0x37, 0xDC, 0x78, 0x24, 0x82, 0x93,
    0x0B, 0xBC, 0x7C, 0x63, 0x4E, 0x3B, 0x11, 0x75, 0xF2, 0x94, 0xBD, 0x8C, 0xB8, 0x70, 0xF1, 0x70,
    0xE3, 0x7C, 0xAB, 0x2F, 0xEF, 0xE4, 0x48, 0x3C, 0xF9, 0x4D, 0x97, 0xB4, 0x35, 0xA9, 0xF6, 0x4C,
    0x03, 0x5E, 0x03, 0xB0, 0xA2, 0xDC, 0xE3, 0x4D, 0x9A, 0xCB, 0xE1, 0x74, 0x25, 0xAC, 0xC8, 0x7A,
    0xF6, 0x59, 0xDB, 0xCB, 0xA1, 0xB6, 0x50, 0xEE, 0x60, 0xC5, 0xD2, 0x62, 0x16, 0x45, 0xC0, 0x29,
    0x47, 0xBD, 0xD2, 0xF2, 0x46, 0xEB, 0x1B, 0x6D, 0x9C, 0x2E, 0x4D, 0xAF, 0x4C, 0x1B, 0xA8, 0x95,
    0x72, 0x80, 0xC0, 0x73, 0xE8, 0xFE, 0xD7, 0x19, 0xDD, 0x1B, 0xBA, 0x77, 0x74, 0xB5, 0x2C, 0x6C,
    0x58, 0xD8, 0x9A, 0x5A, 0xE8, 0xE1, 0x2D, 0x9C, 0x01, 0x00, 0x1E, 0x82, 0xA7, 0x88, 0x9E, 0x6A,
    0xF0, 0xCC, 0x72, 0x5E, 0x98, 0x4D, 0xC6, 0x07, 0xA8, 0xD6, 0xE4, 0x0E, 0x08, 0xC0, 0xFB, 0x43,
    0xAE, 0x14, 0x66, 0xB7, 0x96, 0xBF, 0x37, 0x8D, 0x40, 0xBE, 0xD2, 0xE6, 0x5C, 0x2B, 0x94, 0x11,
    0xF8, 0x00, 0x00, 0x9C, 0x02, 0x0B, 0x60, 0xAB, 0x54, 0x69, 0xC3, 0x2C, 0xED, 0x98, 0xA7, 0x5F,
    0x9C, 0xA4, 0x1F, 0x90, 0xF4, 0x71, 0x03, 0x94, 0x01, 0xDC, 0x00, 0x6C, 0xB0, 0xFD, 0x88, 0x99,
    0x01, 0x95, 0xE6, 0x1B, 0xCC, 0x76, 0xC0, 0xE6, 0xD0, 0x97, 0x01, 0x00, 0x3E, 0xCA, 0x93, 0xBC,
    0x17, 0xE9, 0x27, 0x7D, 0xBA, 0xC5, 0xA7, 0x91, 0x32, 0xAD, 0xE1, 0x4A, 0xA0, 0xE1, 0xF8, 0x8A,
    0xEB, 0x81, 0x4A, 0x37, 0xCC, 0xCE, 0xBF, 0xB3, 0xCC, 0xFC, 0x88, 0xD3, 0xAF, 0xE7, 0x9F, 0xA4,
    0xB5, 0x3D, 0x5E, 0xBE, 0xE0, 0xAE, 0x23, 0x88, 0xF0, 0x17, 0xA5, 0x95, 0x01, 0x84, 0x24, 0xCB,
    0x19, 0xC7, 0x7F, 0xDD, 0x7D, 0x7B, 0x2D, 0x69, 0xB9, 0x5A, 0xDC, 0xF1, 0xBC, 0x88, 0x0A, 0x80,
    0xB8, 0x5C, 0x05, 0x87, 0x60, 0x76, 0xAA, 0x9E, 0x00, 0xE0, 0x0D, 0x4C, 0x1E, 0x42, 0x2E, 0x00,
    0x02, 0x07, 0xC1, 0x89, 0xDD, 0xED, 0x4E, 0x00, 0xC0, 0xC1, 0x03, 0x20, 0x08, 0xD8, 0x90, 0xC0,
    0xE1, 0x30, 0x3B, 0x53, 0x40, 0x00, 0x9A, 0x24, 0xE0, 0x41, 0xE1, 0x25, 0x8F, 0x40, 0x2A, 0xD1,
    0x47, 0xEF, 0x7B, 0x3D, 0x53, 0xF9, 0xCA, 0xEC, 0xED, 0x8E, 0x64, 0xEF, 0x24, 0xC9, 0x4C, 0xFD,
    0xAA, 0xBF, 0xFA, 0xBE, 0xEF, 0xFF, 0x7D, 0xA5, 0xD1, 0x1F, 0x40, 0x4B, 0x39, 0x58, 0x57, 0x45,
    0xE3, 0xEB, 0x5E, 0xFB, 0xC6, 0xAB, 0x94, 0xBA, 0x26, 0x25, 0xEA, 0xF8, 0x84, 0x6A, 0x38, 0xA1,
    0x9C, 0x4E, 0x61, 0x1A, 0x60, 0x17, 0xA1, 0x0D, 0x60, 0x3D, 0x98, 0x0E, 0xBE, 0x06, 0xE5, 0x0E,
    0x95, 0xFC, 0x07, 0xAA, 0xA7, 0x0E, 0x54, 0xB1, 0xF8, 0x2A, 0x36, 0x29, 0xEA, 0x5F, 0x46, 0x5B,
    0xC6, 0xB3, 0x32, 0xAC, 0xAA, 0x7E, 0xAA, 0xFD, 0xA4, 0xBA, 0x4B, 0x43, 0x3B, 0xA1, 0x03, 0x00,
    0xD0, 0xA6, 0xD8, 0xA6, 0x81, 0xEA, 0x76, 0xD9, 0x94, 0xD7, 0xA1, 0x67, 0x93, 0x64, 0x45, 0x00,
    0xF8, 0xE6, 0xAE, 0x81, 0x4D, 0xDA, 0x52, 0x5D, 0x35, 0x23, 0x4D, 0xA8, 0x26, 0x94, 0x6F, 0xB6,
    0x68, 0xF7, 0x64, 0x8E, 0xE1, 0xB5, 0xC5, 0x96, 0x41, 0xB6, 0xC6, 0xCF, 0xB1, 0x9A, 0x73, 0xCC,
    0x8A, 0x15, 0x2A, 0x16, 0x92, 0x3C, 0x34, 0x11, 0x9D, 0x92, 0x67, 0xD6, 0x6E, 0xE1, 0x18, 0x80,
    0xD2, 0x83, 0x0A, 0x60, 0x22, 0xD8, 0x01, 0xCE, 0x47, 0x78, 0x33, 0x51, 0xC4, 0x2D, 0x65, 0x58,
    0x53, 0xF5, 0x2D, 0x8D, 0xB7, 0x4E, 0x75, 0xC6, 0x6B, 0xB4, 0xB7, 0x92, 0x6C, 0x93, 0xDC, 0x59,
    0x00, 0xC8, 0xB6, 0x70, 0xFB, 0xC2, 0x7A, 0xD5, 0x35, 0x51, 0x53, 0x47, 0x73, 0xF0, 0xC2, 0xC6,
    0x7F, 0x79, 0x61, 0xC2, 0x87, 0xC0, 0xD1, 0x72, 0x51, 0x88, 0xB6, 0x11, 0x74, 0x0F, 0xD6, 0xC1,
    0x39, 0x70, 0x09, 0x6C, 0xC4, 0x97, 0x11, 0x5B, 0x7C, 0xFB, 0x98, 0xBA, 0x5A, 0x2E, 0x2A, 0xF1,
    0xF1, 0x5C, 0x00, 0x40, 0x75, 0x1C, 0x3D, 0x7B, 0x79, 0x5B, 0xE3, 0x14, 0xCB, 0x8A, 0x73, 0x46,
    0xD6, 0x3F, 0xBC, 0x5A, 0xDC, 0xD4, 0xA8, 0x3D, 0xE7, 0x92, 0x6A, 0x3F, 0x76, 0xE8, 0xB4, 0x5C,
    0xD4, 0xE2, 0x63, 0x23, 0xAC, 0x80, 0x57, 0x00, 0x90, 0x6B, 0x28, 0xC1, 0xFE, 0x11, 0x5A, 0x60,
    0x7D, 0x70, 0x87, 0x6C, 0x5B, 0xC0, 0xFC, 0x79, 0xB9, 0xC8, 0x7D, 0x0A, 0xD1, 0x2E, 0x97, 0x90,
    0xD2, 0x20, 0x24, 0xA0, 0xED, 0x40, 0xF5, 0x50, 0x07, 0xA8, 0xA2, 0xF8, 0x32, 0x31, 0xDB, 0xD0,
    0x04, 0xD0, 0x7E, 0xB9, 0xDC, 0xB8, 0x94, 0xB6, 0x92, 0x1F, 0x00, 0xD0, 0xC0, 0xB3, 0x4F, 0x6F,
    0x6B, 0x54, 0xA1, 0xED, 0xCA, 0xA8, 0xFA, 0x62, 0xA8, 0xC3, 0xF2, 0xEA, 0x93, 0xDB, 0x1A, 0xF3,
    0x2A, 0xA2, 0xA5, 0xAE, 0xFA, 0xD8, 0x2F, 0x9F, 0xA5, 0xEB, 0x1A, 0x11, 0x4A, 0x81, 0x0C, 0x72,
    0x1E, 0xDF, 0xDE, 0xC3, 0xEF, 0xFB, 0xD5, 0xB7, 0x7A, 0xB1, 0x41, 0xF5, 0xD2, 0xDF, 0xCB, 0x59,
    0xF2, 0x3E, 0x07, 0x00, 0x2B, 0x27, 0x6F, 0x64, 0x73, 0x75, 0x2C, 0x26, 0xFE, 0xAF, 0x6D, 0x28,
    0xB6, 0xD8, 0xA4, 0x92, 0xFF, 0xCE, 0xC5, 0xD7, 0x2F, 0x3A, 0x00, 0x29, 0xDC, 0x59, 0x41, 0xFB,
    0xA6, 0x53, 0xB1, 0xEA, 0xAA, 0xB1, 0x40, 0x32, 0x61, 0x03, 0xD8, 0x0E, 0xB4, 0x07, 0x0B, 0x5C,
    0x42, 0x31, 0x42, 0x15, 0x4B, 0xAF, 0x7C, 0xE5, 0x8D, 0xFB, 0x91, 0x17, 0x5D, 0xA6, 0x83, 0x02,
    0x9B, 0xA2, 0x2C, 0xCA, 0x48, 0x15, 0x68, 0x3C, 0xCA, 0xA3, 0x1D, 0x16, 0x4E, 0x60, 0x05, 0xE3,
    0x75, 0xA4, 0xEE, 0xAF, 0x23, 0x06, 0xE6, 0x79, 0x61, 0x40, 0xB9, 0xEC, 0x94, 0x50, 0x95, 0x0B,
    0xC0, 0x98, 0x25, 0x39, 0x66, 0x41, 0xDF, 0xC4, 0x42, 0x8E, 0x45, 0x8E, 0xA3, 0x9B, 0xFD, 0xC3,
    0xB7, 0xA9, 0xAF, 0xB7, 0xE8, 0xE4, 0xDA, 0xAF, 0xC2, 0xD3, 0xBF, 0x7B, 0x22, 0xFC, 0x8A, 0x7A,
    0x40, 0x6F, 0x39, 0x31, 0xCC, 0x54, 0x5E, 0x73, 0x93, 0x8F, 0x75, 0xE4, 0x5E, 0xBB, 0x39, 0x83,
    0x22, 0x40, 0xD5, 0x0B, 0x1E, 0x6A, 0xA1, 0xE9, 0x40, 0x01, 0x1A, 0x78, 0x42, 0xEB, 0x4F, 0x68,
    0xFB, 0x19, 0x75, 0x78, 0x41, 0x15, 0x07, 0xCA, 0x18, 0x29, 0xDE, 0x04, 0xF8, 0xB2, 0x87, 0x8D,
    0x87, 0x56, 0xB0, 0x0E, 0x0C, 0x70, 0x04, 0x40, 0x1D, 0x1F, 0xEB, 0x69, 0x3A, 0x31, 0xFD, 0x4C,
    0x75, 0xB2, 0x9B, 0x71, 0x6A, 0xC2, 0x0C, 0x00, 0x30, 0xBF, 0x98, 0x68, 0xBF, 0xD8, 0x31, 0xAC,
    0x35, 0x71, 0xA6, 0x18, 0x36, 0x9A, 0xCD, 0x67, 0x3B, 0xCC, 0x47, 0x23, 0x00, 0x0B, 0x60, 0xFC,
    0x2F, 0xD8, 0x5D, 0x5C, 0xB8, 0x94, 0x52, 0x97, 0x01, 0x00, 0x8A, 0x00, 0xD4, 0x11, 0x50, 0x9E,
    0xFD, 0xDD, 0x58, 0x03, 0xC5, 0xF8, 0x3E, 0xFF, 0x97, 0x17, 0x17, 0x28, 0xA9, 0x82, 0xCD, 0xDB,
    0x78, 0xC7, 0x6F, 0x18, 0x57, 0xFF, 0xD9, 0x7F, 0x38, 0xE5, 0xC8, 0xED, 0xBB, 0xE8, 0x1E, 0x6C,
    0xDC, 0xB3, 0x1A, 0x61, 0x5C, 0x51, 0x0C, 0x67, 0x54, 0xD1, 0x52, 0xF7, 0xDA, 0x35, 0x5E, 0x75,
    0xAA, 0x6B, 0xBC, 0x76, 0x75, 0xB0, 0xE2, 0x3D, 0xA7, 0x1C, 0x1E, 0xC2, 0x62, 0x4E, 0x19, 0x0D,
    0x55, 0xD0, 0x5D, 0xDD, 0x2B, 0xAF, 0x7C, 0xD3, 0xEB, 0xAE, 0x0A, 0x46, 0xBC, 0xF3, 0xAC, 0x87,
    0x69, 0x82, 0xB3, 0x61, 0x5F, 0xD7, 0x04, 0x50, 0xBD, 0xE0, 0x29, 0x53, 0xA7, 0xD2, 0x60, 0xFF,
    0xB2, 0x9D, 0x33, 0x3F, 0xC5, 0xAC, 0xDE, 0xBD, 0x4E, 0xD1, 0x0F, 0x39, 0x7A, 0x6F, 0x82, 0x39,
    0xC3, 0xDA, 0x8F, 0xB6, 0x3A, 0x4D, 0x75, 0x0A, 0x3C, 0x02, 0x80, 0x72, 0x0B, 0x2A, 0x81, 0xF9,
    0x31, 0x58, 0xFE, 0x67, 0x4E, 0xCE, 0xC1, 0x4E, 0xA0, 0x03, 0x70, 0xEF, 0x20, 0x36, 0xE7, 0xCE,
    0xDF, 0x19, 0xDA, 0xED, 0xB0, 0x7E, 0x8B, 0xE9, 0x8E, 0xB3, 0x80, 0x82, 0xB5, 0xD8, 0xD9, 0x77,
    0x29, 0xB1, 0x3B, 0x45, 0x4F, 0x0E, 0xEA, 0x8A, 0xE4, 0x7C, 0xB3, 0x06, 0xC8, 0x4F, 0x39, 0x65,
    0xBD, 0xF6, 0x3B, 0xCC, 0x3B, 0xF5, 0xD2, 0xB3, 0x93, 0xF8, 0x75, 0xCF, 0x82, 0xC2, 0x15, 0x98,
    0xAD, 0x12, 0x7D, 0xE2, 0x7B, 0xF7, 0x47, 0x80, 0x43, 0x1F, 0x4F, 0xEB, 0x11, 0x6E, 0x66, 0x62,
    0xCA, 0xFC, 0xDB, 0xB9, 0xE9, 0x7E, 0x62, 0x87, 0xE1, 0x6C, 0x13, 0x9F, 0x6A, 0x7F, 0xDF, 0x1D,
    0xBF, 0xB5, 0x7B, 0xE0, 0x25, 0x1F, 0xA4, 0x34, 0x3D, 0x7F, 0xFB, 0x75, 0x13, 0x43, 0x8E, 0xE2,
    0x04, 0xA8, 0x1C, 0x75, 0x77, 0xFD, 0x25, 0x39, 0x85, 0xC8, 0xDE, 0x6E, 0x1C, 0xF7, 0xEF, 0x68,
    0xF7, 0xFE, 0x73, 0x19, 0x30, 0x7D, 0xB9, 0x95, 0x0D, 0xDB, 0xD1, 0x8C, 0xB0, 0x91, 0x47, 0x84,
    0x97, 0x70, 0x5D, 0xF7, 0x1E, 0x18, 0x87, 0x1E, 0x28, 0x92, 0x3C, 0x02, 0x75, 0x94, 0x1C, 0xC9,
    0xB4, 0x8E, 0x87, 0x70, 0x93, 0x06, 0x0B, 0x3A, 0x09, 0x36, 0x3D, 0x6D, 0xB7, 0x71, 0xCD, 0xD8,
    0x0C, 0x92, 0xD2, 0x3A, 0x4C, 0x6F, 0x3B, 0xAA, 0x6D, 0x3D, 0x42, 0xDB, 0xB7, 0x7E, 0x9F, 0x82,
    0xC3, 0x7D, 0x9B, 0x05, 0xAC, 0xD9, 0x82, 0x09, 0xCF, 0x7B, 0x8A, 0x5D, 0x29, 0xA6, 0xF6, 0xC6,
    0xD3, 0xFA, 0xB6, 0xAB, 0x45, 0x21, 0x82, 0x4D, 0xC7, 0x25, 0x23, 0x1C, 0xB3, 0xE0, 0x1D, 0xD3,
    0xA1, 0x8A, 0x07, 0xDC, 0x3D, 0x1D, 0x50, 0x1D, 0x68, 0xC0, 0xDE, 0x4E, 0xC6, 0x3F, 0x5D, 0xB9,
    0x96, 0x81, 0xA9, 0x8C, 0x4C, 0x55, 0x60, 0xAA, 0x7B, 0x2E, 0x1B, 0x4F, 0x2B, 0xA9, 0xF6, 0x6F,
    0x9F, 0x2E, 0xD4, 0xF5, 0x64, 0xE4, 0x14, 0x18, 0x81, 0x01, 0x28, 0xAE, 0x27, 0x55, 0xD5, 0xDF,
    0xDC, 0xE3, 0xD1, 0xB3, 0x8D, 0xC7, 0x34, 0x21, 0x4F, 0x36, 0xCE, 0x84, 0x95, 0x30, 0x56, 0xB1,
    0x88, 0xAA, 0xFF, 0xE4, 0xCD, 0xED, 0x3D, 0x94, 0x07, 0xE5, 0x40, 0x03, 0x3C, 0x5A, 0xBA, 0x3A,
    0xCF, 0x2B, 0xA1, 0x75, 0xB0, 0x05, 0xA6, 0x6B, 0xB2, 0xDD, 0x76, 0x90, 0x63, 0xF7, 0x05, 0x8A,
    0xA5, 0x7B, 0xB4, 0x5C, 0xBA, 0x56, 0xEC, 0xCC, 0x7E, 0x52, 0x8F, 0x87, 0x93, 0xDA, 0x1F, 0x92,
    0x7D, 0x29, 0xED, 0x24, 0x3E, 0xB0, 0x5C, 0xC0, 0x52, 0x04, 0x37, 0xDF, 0xC4, 0x0F, 0x7F, 0x4D,
    0x91, 0x47, 0xE4, 0x1F, 0x7E, 0x1F, 0x74, 0xE5, 0x5F, 0xCD, 0x2A, 0x3F, 0xFB, 0x7E, 0xE5, 0xBF,
    0xF5, 0xB3, 0xCA, 0x3F, 0xD8, 0x88, 0xE8, 0xE7, 0xBF, 0xF9, 0xEB, 0x6F, 0xC5, 0xFE, 0x86, 0xF8,
    0x1E, 0x7F, 0x57, 0x62, 0xEA, 0x07, 0x3E, 0x56, 0x5F, 0x7C, 0xD6, 0xB3, 0xD9, 0x41, 0xE1, 0x84,
    0x05, 0xB4, 0xC9, 0x95, 0x9F, 0xD7, 0xA1, 0x71, 0xBC, 0x7E, 0x00, 0x8F, 0x1F, 0xC3, 0x83, 0x19,
    0x28, 0x2B, 0x0D, 0xE6, 0x17, 0x17, 0xBF, 0xCB, 0x76, 0xF6, 0x49, 0x6C, 0xD6, 0x74, 0xBC, 0x2E,
    0x87, 0x3A, 0x64, 0x4D, 0xD6, 0x72, 0x24, 0x8F, 0xB4, 0x25, 0x7F, 0xC1, 0x0C, 0x55, 0xB0, 0x5E,
    0xC5, 0x57, 0x71, 0xF6, 0x22, 0x9E, 0xC4, 0x59, 0x54, 0x7E, 0x8F, 0xD8, 0xAF, 0xE2, 0xE9, 0x0B,
    0xEB, 0x75, 0x34, 0xAE, 0x0E, 0x39, 0x37, 0x6B, 0xB2, 0xF6, 0x50, 0xFF, 0x44, 0xF4, 0x33, 0x44,
    0x8F, 0xE8, 0x11, 0x7D, 0x95, 0xF5, 0xCC, 0xE2, 0x0C, 0xD1, 0x23, 0x7A, 0xA2, 0xA1, 0x0C, 0xCD,
    0xCB, 0x03, 0xFD, 0x43, 0x38, 0x79, 0xFF, 0xE2, 0xA7, 0xEB, 0x8B, 0x94, 0xF2, 0x2F, 0xCF, 0xC3,
    0x63, 0x1C, 0xAC, 0xCB, 0xB1, 0x09, 0xBB, 0x6A, 0x54, 0xE1, 0xB2, 0x1C, 0x9A, 0xFE, 0x9F, 0x9C,
    0x91, 0x01, 0x66, 0x74, 0x31, 0x14, 0x85, 0xCF, 0xE4, 0xF7, 0xAB, 0x0A, 0x52, 0x00, 0x06, 0x6F,
    0x03, 0xD5, 0x6C, 0xA0, 0xE4, 0x99, 0x0D, 0x74, 0x49, 0x19, 0xBA, 0x91, 0x2E, 0xA1, 0x3B, 0x98,
    0xC7, 0x6C, 0x20, 0x4B, 0x78, 0x4B, 0x08, 0x52, 0x6E, 0x49, 0x72, 0x7B, 0xD2, 0x67, 0x28, 0xB4,
    0x1D, 0x45, 0x3E, 0x22, 0xB9, 0x9F, 0x73, 0x5C, 0xD8, 0xF7, 0x98, 0x10, 0x55, 0x0B, 0xDA, 0x94,
    0xB3, 0x11, 0x9B, 0xF0, 0xAF, 0xB8, 0x84, 0xBD, 0xAA, 0xCE, 0x61, 0xE0, 0xF3, 0xFA, 0x33, 0x6C,
    0x9D, 0x04, 0xBE, 0x85, 0x06, 0xD8, 0x0E, 0x04, 0x5D, 0x68, 0x5B, 0x8C, 0x18, 0x0E, 0x63, 0xA8,
    0x52, 0xE0, 0xE1, 0xD7, 0x6F, 0x0F, 0x0D, 0x85, 0x02, 0x81, 0xD5, 0x84, 0xC0, 0xD3, 0x5C, 0xDA,
    0xC9, 0xF6, 0xB6, 0xD7, 0x27, 0xCE, 0xBB, 0x6B, 0xE6, 0x2B, 0xFB, 0x78, 0xC1, 0x28, 0xA4, 0x60,
    0x86, 0x12, 0xC1, 0x4A, 0xEB, 0xED, 0x16, 0x93, 0x49, 0x2E, 0xAD, 0xB6, 0x5A, 0xE1, 0x2A, 0xDA,
    0xEA, 0x73, 0x4C, 0xBE, 0xC5, 0xA2, 0xEB, 0xF0, 0xEB, 0x3C, 0xFC, 0x24, 0xFD, 0x61, 0x36, 0x72,
    0xB3, 0x5E, 0x7E, 0xD2, 0xDF, 0xC2, 0xF0, 0xD7, 0xF0, 0x37, 0x7F, 0xC6, 0xB4, 0x02, 0x38, 0x09,
    0x51, 0x5F, 0x67, 0x98, 0xF2, 0x75, 0x1F, 0x4B, 0x20, 0x8E, 0xBF, 0xEE, 0xE3, 0xED, 0xE8, 0xD4,
    0xEA, 0xE2, 0xF5, 0xD0, 0x01, 0xC3, 0x9C, 0x70, 0x0C, 0x8E, 0x07, 0x97, 0x81, 0xC7, 0xB1, 0x90,
    0x7B, 0xC2, 0x76, 0xAB, 0x6B, 0x54, 0xBE, 0xF4, 0x89, 0xD7, 0xFE, 0x9F, 0x38, 0x25, 0x62, 0xEA,
    0xC4, 0x4E, 0x9F, 0x0B, 0x5E, 0xFC, 0xB9, 0x40, 0xFC, 0x59, 0xEE, 0x54, 0x0F, 0x9A, 0x3F, 0x96,
    0xFF, 0x83, 0x61, 0xFF, 0x04, 0x00, 0x35, 0x88, 0x45, 0x01, 0x82, 0x41, 0x10, 0x85, 0x3F, 0xDC,
    0x21, 0x00, 0x52, 0x00, 0x8B, 0xB0, 0xCD, 0x70, 0xA9, 0x43, 0x01, 0xDC, 0x21, 0x06, 0xDC, 0xD9,
    0x33, 0xF6, 0x7E, 0x9F, 0x79, 0x4E, 0x78, 0x35, 0x4F, 0xE8, 0x7B, 0x12, 0xD3, 0x06, 0xC8, 0xB0,
    0x00, 0x1A, 0xB4, 0xBC, 0x79, 0x55, 0xF1, 0x66, 0x9D, 0x37, 0x24, 0x5C, 0xB5, 0x54, 0xA4, 0xF9,
    0x17, 0xA3, 0x67, 0x41, 0x54, 0x34, 0xE8, 0x7E, 0xDD, 0x7D, 0x24, 0x0B, 0xBA, 0x6B, 0x03, 0xE6,
    0x25, 0xA0, 0xF2, 0xF9, 0x02, 0x89, 0x9D, 0x05, 0x78, 0x6C, 0x3C, 0x35, 0x9E, 0x50, 0x24, 0x3A,
    0x07,
};

static const EpdGlyph bookerly_10_boldGlyphs[] = {
    { 0, 0, 0, 0, 0, 0, 0 }, // U+0000
    { 0, 0, 0, 0, 0, 0, 0 }, // U+0008
    { 0, 0, 72, 0, 0, 0, 0 }, // U+0009
    { 0, 0, 72, 0, 0, 0, 0 }, // U+000D
    { 0, 0, 0, 0, 0, 0, 0 }, // U+001D
    { 0, 0, 72, 0, 0, 0, 0 }, // U+0020
    { 4, 16, 97, 1, 16, 16, 0 }, // !
    { 7, 7, 140, 1, 14, 13, 16 }, // "
    { 13, 13, 208, 0, 12, 43, 29 }, // #
    { 11, 21, 208, 1, 17, 58, 72 }, // $
    { 19, 16, 323, 1, 15, 76, 130 }, // %
    { 16, 14, 266, 1, 14, 56, 206 }, // &
    { 3, 7, 77, 1, 14, 6, 262 }, // '
    { 7, 21, 126, 1, 17, 37, 268 }, // (
    { 7, 21, 126, 0, 17, 37, 305 }, // )
    { 8, 6, 130, 0, 14, 12, 342 }, // *
    { 9, 9, 208, 2, 11, 21, 354 }, // +
    { 5, 7, 97, 0, 3, 9, 375 }, // ,
    { 7, 3, 127, 1, 7, 6, 384 }, // -
    { 4, 3, 97, 1, 3, 3, 390 }, // .
    { 11, 16, 176, 0, 15, 44, 393 }, // /
    { 12, 14, 208, 1, 14, 42, 437 }, // 0
    { 10, 15, 208, 1, 15, 38, 479 }, // 1
    { 12, 14, 208, 0, 14, 42, 517 }, // 2
    { 11, 14, 208, 1, 14, 39, 559 }, // 3
    { 13, 15, 208, 0, 15, 49, 598 }, // 4
    { 11, 14, 208, 1, 14, 39, 647 }, // 5
    { 11, 14, 208, 1, 14, 39, 686 }, // 6
    { 11, 14, 208, 1, 14, 39, 725 }, // 7
    { 11, 14, 208, 1, 14, 39, 764 }, // 8
    { 12, 14, 208, 0, 14, 42, 803 }, // 9
    { 4, 11, 97, 1, 11, 11, 845 }, // :
    { 5, 14, 97, 0, 11, 18, 856 }, // ;
    { 10, 10, 208, 2, 12, 25, 874 }, // <
    { 9, 6, 208, 2, 10, 14, 899 }, // =
    { 10, 10, 208, 1, 12, 25, 913 }, // >
    { 8, 14, 164, 1, 14, 28, 938 }, // ?
    { 19, 19, 330, 1, 14, 91, 966 }, // @
    { 16, 14, 257, 0, 14, 56, 1057 }, // A
    { 13, 14, 216, 1, 14, 46, 1113 }, // B
    { 12, 14, 219, 1, 14, 42, 1159 }, // C
    { 15, 14, 259, 1, 14, 53, 1201 }, // D
    { 12, 14, 217, 1, 14, 42, 1254 }, // E
    { 11, 14, 197, 1, 14, 39, 1296 }, // F
    { 14, 14, 247, 1, 14, 49, 1335 }, // G
    { 17, 14, 287, 1, 14, 60, 1384 }, // H
    { 8, 14, 139, 1, 14, 28, 1444 }, // I
    { 10, 19, 131, -1, 14, 48, 1472 }, // J
    { 15, 14, 253, 1, 14, 53, 1520 }, // K
    { 12, 14, 207, 1, 14, 42, 1573 }, // L
    { 20, 14, 317, 0, 14, 70, 1615 }, // M
    { 18, 15, 268, 0, 14, 68, 1685 }, // N
    { 15, 14, 260, 1, 14, 53, 1753 }, // O
    { 12, 14, 209, 1, 14, 42, 1806 }, // P
    { 16, 19, 260, 1, 14, 76, 1848 }, // Q
    { 15, 14, 237, 1, 14, 53, 1924 }, // R
    { 11, 14, 195, 1, 14, 39, 1977 }, // S
    { 14, 14, 239, 1, 14, 49, 2016 }, // T
    { 17, 14, 268, 1, 14, 60, 2065 }, // U
    { 16, 14, 260, 0, 14, 56, 2125 }, // V
    { 23, 14, 371, 0, 14, 81, 2181 }, // W
    { 16, 14, 256, 0, 14, 56, 2262 }, // X
    { 15, 14, 241, 0, 14, 53, 2318 }, // Y
    { 12, 15, 203, 0, 14, 45, 2371 }, // Z
    { 6, 20, 113, 1, 16, 30, 2416 }, // [
    { 11, 16, 176, 0, 15, 44, 2446 }, // <backslash>
    { 6, 20, 113, 0, 16, 30, 2490 }, // ]
    { 11, 10, 208, 1, 14, 28, 2520 }, // ^
    { 10, 3, 167, 0, 0, 8, 2548 }, // _
    { 5, 6, 225, 5, 18, 8, 2556 }, // `
    { 12, 11, 189, 1, 11, 33, 2564 }, // a
    { 13, 16, 206, 0, 16, 52, 2597 }, // b
    { 10, 11, 173, 1, 11, 28, 2649 }, // c
    { 13, 16, 209, 1, 16, 52, 2677 }, // d
    { 10, 11, 182, 1, 11, 28, 2729 }, // e
    { 12, 16, 144, -1, 16, 48, 2757 }, // f
    { 12, 16, 201, 1, 11, 48, 2805 }, // g
    { 14, 16, 221, 0, 16, 56, 2853 }, // h
    { 7, 16, 118, 0, 16, 28, 2909 }, // i
    { 8, 21, 106, -2, 16, 42, 2937 }, // j
    { 14, 16, 211, 0, 16, 56, 2979 }, // k
    { 7, 16, 116, 0, 16, 28, 3035 }, // l
    { 20, 11, 330, 1, 11, 55, 3063 }, // m
    { 14, 11, 225, 1, 11, 39, 3118 }, // n
    { 11, 11, 201, 1, 11, 31, 3157 }, // o
    { 13, 16, 208, 0, 11, 52, 3188 }, // p
    { 12, 16, 200, 1, 11, 48, 3240 }, // q
    { 10, 11, 159, 0, 11, 28, 3288 }, // r
    { 9, 11, 167, 1, 11, 25, 3316 }, // s
    { 9, 14, 142, 0, 14, 32, 3341 }, // t
    { 14, 11, 218, 0, 11, 39, 3373 }, // u
    { 14, 11, 217, 0, 11, 39, 3412 }, // v
    { 19, 11, 302, 0, 11, 53, 3451 }, // w
    { 14, 11, 207, -1, 11, 39, 3504 }, // x
    { 13, 16, 217, 1, 11, 52, 3543 }, // y
    { 11, 11, 172, 0, 11, 31, 3595 }, // z
    { 7, 21, 134, 1, 16, 37, 3626 }, // {
    { 3, 18, 105, 2, 16, 14, 3663 }, // |
    { 7, 21, 134, 1, 16, 37, 3677 }, // }
    { 10, 6, 208, 2, 10, 15, 3714 }, // ~
    { 0, 0, 72, 0, 0, 0, 0 }, // U+00A0
    { 4, 16, 97, 1, 11, 16, 0 }, // U+00A1
    { 11, 21, 208, 1, 17, 58, 16 }, // U+00A2
    { 12, 14, 208, 1, 14, 42, 74 }, // U+00A3
    { 12, 10, 208, 0, 12, 30, 116 }, // U+00A4
    { 15, 14, 208, -1, 14, 53, 146 }, // U+00A5
    { 3, 18, 105, 2, 16, 14, 199 }, // U+00A6
    { 9, 18, 173, 1, 14, 41, 213 }, // U+00A7
    { 8, 3, 225, 3, 16, 6, 254 }, // U+00A8
    { 16, 15, 261, 0, 15, 60, 260 }, // U+00A9
    { 8, 10, 147, 1, 15, 20, 320 }, // U+00AA
    { 11, 8, 195, 1, 9, 22, 340 }, // U+00AB
    { 10, 6, 208, 2, 10, 15, 362 }, // U+00AC
    { 7, 3, 127, 1, 7, 6, 377 }, // U+00AD
    { 11, 11, 194, 1, 16, 31, 383 }, // U+00AE
    { 8, 3, 225, 3, 16, 6, 414 }, // U+00AF
    { 8, 8, 176, 2, 15, 16, 420 }, // U+00B0
    { 9, 12, 208, 2, 12, 27, 436 }, // U+00B1
    { 9, 9, 149, 0, 17, 21, 463 }, // U+00B2
    { 8, 9, 149, 1, 17, 18, 484 }, // U+00B3
    { 4, 6, 225, 5, 18, 6, 502 }, // U+00B4
    { 13, 17, 219, 1, 12, 56, 508 }, // U+00B5
    { 12, 18, 198, 0, 14, 54, 564 }, // U+00B6
    { 4, 3, 97, 1, 7, 3, 618 }, // U+00B7
    { 5, 6, 225, 5, 1, 8, 621 }, // U+00B8
    { 8, 10, 149, 1, 18, 20, 629 }, // U+00B9
    { 8, 10, 147, 1, 15, 20, 649 }, // U+00BA
    { 12, 8, 195, 0, 9, 24, 669 }, // U+00BB
    { 21, 18, 359, 1, 16, 95, 693 }, // U+00BC
    { 21, 18, 359, 1, 16, 95, 788 }, // U+00BD
    { 22, 18, 359, 1, 16, 99, 883 }, // U+00BE
    { 8, 16, 164, 1, 11, 32, 982 }, // U+00BF
    { 17, 20, 257, 0, 20, 85, 1014 }, // U+00C0
    { 16, 20, 257, 0, 20, 80, 1099 }, // U+00C1
    { 17, 21, 257, 0, 21, 90, 1179 }, // U+00C2
    { 17, 20, 257, -1, 20, 85, 1269 }, // U+00C3
    { 17, 19, 257, 0, 19, 81, 1354 }, // U+00C4
    { 17, 20, 257, 0, 20, 85, 1435 }, // U+00C5
    { 21, 14, 327, -1, 14, 74, 1520 }, // U+00C6
    { 12, 19, 219, 1, 14, 57, 1594 }, // U+00C7
    { 12, 20, 217, 1, 20, 60, 1651 }, // U+00C8
    { 12, 20, 217, 1, 20, 60, 1711 }, // U+00C9
    { 12, 21, 217, 1, 21, 63, 1771 }, // U+00CA
    { 12, 19, 217, 1, 19, 57, 1834 }, // U+00CB
    { 8, 20, 139, 1, 20, 40, 1891 }, // U+00CC
    { 8, 20, 139, 1, 20, 40, 1931 }, // U+00CD
    { 9, 21, 139, 0, 21, 48, 1971 }, // U+00CE
    { 8, 19, 139, 1, 19, 38, 2019 }, // U+00CF
    { 15, 14, 259, 1, 14, 53, 2057 }, // U+00D0
    { 18, 21, 268, 0, 20, 95, 2110 }, // U+00D1
    { 15, 20, 260, 1, 20, 75, 2205 }, // U+00D2
    { 15, 20, 260, 1, 20, 75, 2280 }, // U+00D3
    { 15, 21, 260, 1, 21, 79, 2355 }, // U+00D4
    { 15, 20, 260, 1, 20, 75, 2434 }, // U+00D5
    { 15, 19, 260, 1, 19, 72, 2509 }, // U+00D6
    { 9, 10, 208, 2, 12, 23, 2581 }, // U+00D7
    { 16, 16, 260, 0, 15, 64, 2604 }, // U+00D8
    { 17, 20, 268, 1, 20, 85, 2668 }, // U+00D9
    { 17, 20, 268, 1, 20, 85, 2753 }, // U+00DA
    { 17, 21, 268, 1, 21, 90, 2838 }, // U+00DB
    { 17, 19, 268, 1, 19, 81, 2928 }, // U+00DC
    { 15, 20, 241, 0, 20, 75, 3009 }, // U+00DD
    { 13, 14, 216, 1, 14, 46, 3084 }, // U+00DE
    { 14, 16, 223, 0, 16, 56, 3130 }, // U+00DF
    { 12, 18, 189, 1, 18, 54, 3186 }, // U+00E0
    { 12, 18, 189, 1, 18, 54, 3240 }, // U+00E1
    { 12, 17, 189, 1, 17, 51, 3294 }, // U+00E2
    { 12, 16, 189, 1, 16, 48, 3345 }, // U+00E3
    { 12, 16, 189, 1, 16, 48, 3393 }, // U+00E4
    { 12, 17, 189, 1, 17, 51, 3441 }, // U+00E5
    { 16, 11, 276, 1, 11, 44, 3492 }, // U+00E6
    { 10, 16, 173, 1, 11, 40, 3536 }, // U+00E7
    { 10, 18, 182, 1, 18, 45, 3576 }, // U+00E8
    { 10, 18, 182, 1, 18, 45, 3621 }, // U+00E9
    { 10, 17, 182, 1, 17, 43, 3666 }, // U+00EA
    { 10, 16, 182, 1, 16, 40, 3709 }, // U+00EB
    { 7, 18, 118, 0, 18, 32, 3749 }, // U+00EC
    { 7, 18, 118, 0, 18, 32, 3781 }, // U+00ED
    { 8, 17, 118, 0, 17, 34, 3813 }, // U+00EE
    { 8, 16, 118, 1, 16, 32, 3847 }, // U+00EF
    { 11, 17, 201, 1, 17, 47, 3879 }, // U+00F0
    { 14, 16, 225, 1, 16, 56, 3926 }, // U+00F1
    { 11, 18, 201, 1, 18, 50, 3982 }, // U+00F2
    { 11, 18, 201, 1, 18, 50, 4032 }, // U+00F3
    { 11, 17, 201, 1, 17, 47, 4082 }, // U+00F4
    { 11, 16, 201, 1, 16, 44, 4129 }, // U+00F5
    { 11, 16, 201, 1, 16, 44, 4173 }, // U+00F6
    { 9, 9, 208, 2, 11, 21, 4217 }, // U+00F7
    { 13, 12, 202, 0, 11, 39, 4238 }, // U+00F8
    { 14, 18, 218, 0, 18, 63, 4277 }, // U+00F9
    { 14, 18, 218, 0, 18, 63, 4340 }, // U+00FA
    { 14, 17, 218, 0, 17, 60, 4403 }, // U+00FB
    { 14, 16, 218, 0, 16, 56, 4463 }, // U+00FC
    { 13, 23, 217, 1, 18, 75, 4519 }, // U+00FD
    { 13, 21, 208, 0, 16, 69, 4594 }, // U+00FE
    { 14, 21, 217, 0, 16, 74, 4663 }, // U+00FF
    { 17, 19, 257, -1, 19, 81, 0 }, // U+0100
    { 12, 16, 189, 1, 16, 48, 81 }, // U+0101
    { 17, 20, 257, -1, 20, 85, 129 }, // U+0102
    { 12, 16, 189, 1, 16, 48, 214 }, // U+0103
    { 17, 19, 257, 0, 14, 81, 262 }, // U+0104
    { 12, 16, 189, 1, 11, 48, 343 }, // U+0105
    { 12, 20, 219, 1, 20, 60, 391 }, // U+0106
    { 10, 18, 173, 1, 18, 45, 451 }, // U+0107
    { 12, 21, 219, 1, 21, 63, 496 }, // U+0108
    { 10, 17, 173, 1, 17, 43, 559 }, // U+0109
    { 12, 20, 219, 1, 20, 60, 602 }, // U+010A
    { 10, 16, 173, 1, 16, 40, 662 }, // U+010B
    { 12, 20, 219, 1, 20, 60, 702 }, // U+010C
    { 10, 17, 173, 1, 17, 43, 762 }, // U+010D
    { 15, 20, 259, 1, 20, 75, 805 }, // U+010E
    { 14, 17, 216, 1, 17, 60, 880 }, // U+010F
    { 15, 14, 259, 1, 14, 53, 940 }, // U+0110
    { 12, 16, 209, 1, 16, 48, 993 }, // U+0111
    { 12, 19, 217, 1, 19, 57, 1041 }, // U+0112
    { 10, 16, 182, 1, 16, 40, 1098 }, // U+0113
    { 12, 20, 217, 1, 20, 60, 1138 }, // U+0114
    { 10, 16, 182, 1, 16, 40, 1198 }, // U+0115
    { 12, 19, 217, 1, 19, 57, 1238 }, // U+0116
    { 10, 16, 182, 1, 16, 40, 1295 }, // U+0117
    { 12, 19, 217, 1, 14, 57, 1335 }, // U+0118
    { 10, 16, 182, 1, 11, 40, 1392 }, // U+0119
    { 12, 20, 217, 1, 20, 60, 1432 }, // U+011A
    { 10, 17, 182, 1, 17, 43, 1492 }, // U+011B
    { 14, 21, 247, 1, 21, 74, 1535 }, // U+011C
    { 12, 22, 201, 1, 17, 66, 1609 }, // U+011D
    { 14, 20, 247, 1, 20, 70, 1675 }, // U+011E
    { 12, 21, 201, 1, 16, 63, 1745 }, // U+011F
    { 14, 20, 247, 1, 20, 70, 1808 }, // U+0120
    { 12, 21, 201, 1, 16, 63, 1878 }, // U+0121
    { 14, 19, 247, 1, 14, 67, 1941 }, // U+0122
    { 12, 23, 201, 1, 18, 69, 2008 }, // U+0123
    { 17, 21, 287, 1, 21, 90, 2077 }, // U+0124
    { 15, 21, 221, -1, 21, 79, 2167 }, // U+0125
    { 17, 14, 287, 1, 14, 60, 2246 }, // U+0126
    { 15, 16, 221, 0, 16, 60, 2306 }, // U+0127
    { 7, 20, 139, 1, 20, 35, 2366 }, // U+0128
    { 7, 16, 118, 1, 16, 28, 2401 }, // U+0129
    { 8, 19, 139, 1, 19, 38, 2429 }, // U+012A
    { 7, 15, 118, 0, 15, 27, 2467 }, // U+012B
    { 7, 20, 139, 1, 20, 35, 2494 }, // U+012C
    { 7, 16, 118, 1, 16, 28, 2529 }, // U+012D
    { 8, 19, 139, 0, 14, 38, 2557 }, // U+012E
    { 8, 21, 118, 0, 16, 42, 2595 }, // U+012F
    { 8, 19, 139, 1, 19, 38, 2637 }, // U+0130
    { 7, 11, 118, 0, 11, 20, 2675 }, // U+0131
    { 17, 19, 270, 1, 14, 81, 2695 }, // U+0132
    { 13, 21, 224, 0, 16, 69, 2776 }, // U+0133
    { 10, 25, 131, -1, 20, 63, 2845 }, // U+0134
    { 10, 22, 106, -2, 17, 55, 2908 }, // U+0135
    { 16, 19, 253, 1, 14, 76, 2963 }, // U+0136
    { 14, 21, 211, 0, 16, 74, 3039 }, // U+0137
    { 14, 11, 216, 0, 11, 39, 3113 }, // U+0138
    { 12, 20, 207, 1, 20, 60, 3152 }, // U+0139
    { 7, 22, 116, 0, 22, 39, 3212 }, // U+013A
    { 12, 19, 207, 1, 14, 57, 3251 }, // U+013B
    { 7, 21, 116, 0, 16, 37, 3308 }, // U+013C
    { 12, 16, 207, 1, 16, 48, 3345 }, // U+013D
    { 9, 17, 123, 0, 17, 39, 3393 }, // U+013E
    { 12, 14, 207, 1, 14, 42, 3432 }, // U+013F
    { 11, 16, 178, 0, 16, 44, 3474 }, // U+0140
    { 13, 14, 207, 0, 14, 46, 3518 }, // U+0141
    { 9, 16, 116, -1, 16, 36, 3564 }, // U+0142
    { 18, 21, 268, 0, 20, 95, 3600 }, // U+0143
    { 14, 18, 225, 1, 18, 63, 3695 }, // U+0144
    { 18, 19, 268, 0, 14, 86, 3758 }, // U+0145
    { 14, 16, 225, 1, 11, 56, 3844 }, // U+0146
    { 18, 21, 268, 0, 20, 95, 3900 }, // U+0147
    { 14, 17, 225, 1, 17, 60, 3995 }, // U+0148
    { 19, 14, 303, 0, 14, 67, 4055 }, // U+0149
    { 18, 18, 268, 0, 14, 81, 4122 }, // U+014A
    { 12, 16, 218, 1, 11, 48, 4203 }, // U+014B
    { 15, 19, 260, 1, 19, 72, 4251 }, // U+014C
    { 11, 16, 201, 1, 16, 44, 4323 }, // U+014D
    { 15, 20, 260, 1, 20, 75, 4367 }, // U+014E
    { 11, 16, 201, 1, 16, 44, 4442 }, // U+014F
    { 15, 20, 260, 1, 20, 75, 4486 }, // U+0150
    { 11, 18, 201, 1, 18, 50, 4561 }, // U+0151
    { 20, 14, 337, 1, 14, 70, 4611 }, // U+0152
    { 18, 11, 304, 1, 11, 50, 4681 }, // U+0153
    { 15, 20, 237, 1, 20, 75, 4731 }, // U+0154
    { 10, 18, 159, 0, 18, 45, 4806 }, // U+0155
    { 15, 19, 237, 1, 14, 72, 4851 }, // U+0156
    { 10, 16, 159, 0, 11, 40, 4923 }, // U+0157
    { 15, 20, 237, 1, 20, 75, 4963 }, // U+0158
    { 10, 17, 159, 0, 17, 43, 5038 }, // U+0159
    { 11, 20, 195, 1, 20, 55, 5081 }, // U+015A
    { 9, 18, 167, 1, 18, 41, 5136 }, // U+015B
    { 11, 21, 195, 1, 21, 58, 5177 }, // U+015C
    { 9, 17, 167, 1, 17, 39, 5235 }, // U+015D
    { 11, 19, 195, 1, 14, 53, 5274 }, // U+015E
    { 9, 16, 167, 1, 11, 36, 5327 }, // U+015F
    { 11, 20, 195, 1, 20, 55, 5363 }, // U+0160
    { 9, 17, 167, 1, 17, 39, 5418 }, // U+0161
    { 14, 20, 239, 1, 14, 70, 5457 }, // U+0162
    { 9, 19, 142, 0, 14, 43, 5527 }, // U+0163
    { 14, 20, 239, 1, 20, 70, 5570 }, // U+0164
    { 9, 17, 142, 0, 17, 39, 5640 }, // U+0165
    { 14, 14, 239, 0, 14, 49, 5679 }, // U+0166
    { 10, 14, 142, 0, 14, 35, 5728 }, // U+0167
    { 17, 20, 268, 1, 20, 85, 5763 }, // U+0168
    { 14, 16, 218, 0, 16, 56, 5848 }, // U+0169
    { 17, 19, 268, 1, 19, 81, 5904 }, // U+016A
    { 14, 15, 218, 0, 15, 53, 5985 }, // U+016B
    { 17, 20, 268, 1, 20, 85, 6038 }, // U+016C
    { 14, 16, 218, 0, 16, 56, 6123 }, // U+016D
    { 17, 21, 268, 1, 21, 90, 6179 }, // U+016E
    { 14, 17, 218, 0, 17, 60, 6269 }, // U+016F
    { 17, 21, 268, 1, 21, 90, 6329 }, // U+0170
    { 14, 18, 218, 0, 18, 63, 6419 }, // U+0171
    { 17, 19, 268, 1, 14, 81, 6482 }, // U+0172
    { 14, 16, 218, 0, 11, 56, 6563 }, // U+0173
    { 23, 21, 371, 0, 21, 121, 6619 }, // U+0174
    { 19, 17, 302, 0, 17, 81, 6740 }, // U+0175
    { 15, 21, 241, 0, 21, 79, 6821 }, // U+0176
    { 13, 22, 217, 1, 17, 72, 6900 }, // U+0177
    { 16, 19, 241, -1, 19, 76, 6972 }, // U+0178
    { 12, 21, 203, 0, 20, 63, 7048 }, // U+0179
    { 11, 18, 172, 0, 18, 50, 7111 }, // U+017A
    { 13, 20, 203, 0, 19, 65, 7161 }, // U+017B
    { 11, 16, 172, -1, 16, 44, 7226 }, // U+017C
    { 12, 21, 203, 0, 20, 63, 7270 }, // U+017D
    { 11, 17, 172, 0, 17, 47, 7333 }, // U+017E
    { 11, 16, 138, 0, 16, 44, 7380 }, // U+017F
    { 16, 18, 260, 1, 18, 72, 0 }, // U+01A0
    { 12, 14, 201, 1, 14, 42, 72 }, // U+01A1
    { 17, 18, 268, 1, 18, 77, 114 }, // U+01AF
    { 14, 14, 218, 0, 14, 49, 191 }, // U+01B0
    { 27, 21, 453, 1, 20, 142, 240 }, // U+01C4
    { 26, 17, 422, 1, 17, 111, 382 }, // U+01C5
    { 23, 17, 380, 1, 17, 98, 493 }, // U+01C6
    { 21, 19, 338, 1, 14, 100, 591 }, // U+01C7
    { 18, 21, 313, 1, 16, 95, 691 }, // U+01C8
    { 13, 21, 222, 0, 16, 69, 786 }, // U+01C9
    { 26, 19, 399, 0, 14, 124, 855 }, // U+01CA
    { 23, 21, 373, 0, 16, 121, 979 }, // U+01CB
    { 19, 21, 331, 0, 16, 100, 1100 }, // U+01CC
    { 16, 20, 257, 0, 20, 80, 1200 }, // U+01CD
    { 12, 17, 189, 1, 17, 51, 1280 }, // U+01CE
    { 8, 20, 139, 1, 20, 40, 1331 }, // U+01CF
    { 8, 17, 118, 1, 17, 34, 1371 }, // U+01D0
    { 15, 20, 260, 1, 20, 75, 1405 }, // U+01D1
    { 11, 17, 201, 1, 17, 47, 1480 }, // U+01D2
    { 17, 20, 268, 1, 20, 85, 1527 }, // U+01D3
    { 14, 17, 218, 0, 17, 60, 1612 }, // U+01D4
    { 17, 22, 268, 1, 22, 94, 1672 }, // U+01D5
    { 14, 19, 218, 0, 19, 67, 1766 }, // U+01D6
    { 17, 22, 268, 1, 22, 94, 1833 }, // U+01D7
    { 14, 21, 218, 0, 21, 74, 1927 }, // U+01D8
    { 17, 22, 268, 1, 22, 94, 2001 }, // U+01D9
    { 14, 20, 218, 0, 20, 70, 2095 }, // U+01DA
    { 17, 22, 268, 1, 22, 94, 2165 }, // U+01DB
    { 14, 21, 218, 0, 21, 74, 2259 }, // U+01DC
    { 10, 11, 182, 1, 11, 28, 2333 }, // U+01DD
    { 17, 21, 257, 0, 21, 90, 2361 }, // U+01DE
    { 12, 19, 189, 1, 19, 57, 2451 }, // U+01DF
    { 16, 21, 257, 0, 21, 84, 2508 }, // U+01E0
    { 12, 20, 189, 1, 20, 60, 2592 }, // U+01E1
    { 21, 19, 327, -1, 19, 100, 2652 }, // U+01E2
    { 16, 16, 276, 1, 16, 64, 2752 }, // U+01E3
    { 15, 14, 247, 1, 14, 53, 2816 }, // U+01E4
    { 14, 16, 201, -1, 11, 56, 2869 }, // U+01E5
    { 14, 20, 247, 1, 20, 70, 2925 }, // U+01E6
    { 12, 22, 201, 1, 17, 66, 2995 }, // U+01E7
    { 15, 20, 253, 1, 20, 75, 3061 }, // U+01E8
    { 15, 22, 211, -1, 22, 83, 3136 }, // U+01E9
    { 15, 19, 260, 1, 14, 72, 3219 }, // U+01EA
    { 11, 16, 201, 1, 11, 44, 3291 }, // U+01EB
    { 15, 23, 260, 1, 18, 87, 3335 }, // U+01EC
    { 11, 20, 201, 1, 15, 55, 3422 }, // U+01ED
    { 12, 20, 194, 0, 20, 60, 3477 }, // U+01EE
    { 11, 22, 180, 1, 17, 61, 3537 }, // U+01EF
    { 10, 22, 106, -1, 17, 55, 3598 }, // U+01F0
    { 28, 15, 462, 1, 14, 105, 3653 }, // U+01F1
    { 26, 14, 431, 1, 14, 91, 3758 }, // U+01F2
    { 23, 16, 381, 1, 16, 92, 3849 }, // U+01F3
    { 14, 20, 247, 1, 20, 70, 3941 }, // U+01F4
    { 12, 23, 201, 1, 18, 69, 4011 }, // U+01F5
    { 18, 21, 268, 0, 20, 95, 4080 }, // U+01F8
    { 14, 18, 225, 1, 18, 63, 4175 }, // U+01F9
    { 18, 22, 257, -1, 22, 99, 4238 }, // U+01FA
    { 12, 21, 189, 1, 21, 63, 4337 }, // U+01FB
    { 21, 20, 327, -1, 20, 105, 4400 }, // U+01FC
    { 16, 18, 276, 1, 18, 72, 4505 }, // U+01FD
    { 16, 21, 260, 0, 20, 84, 4577 }, // U+01FE
    { 13, 19, 202, 0, 18, 62, 4661 }, // U+01FF
    { 16, 20, 257, 0, 20, 80, 4723 }, // U+0200
    { 12, 18, 189, 1, 18, 54, 4803 }, // U+0201
    { 17, 20, 257, -1, 20, 85, 4857 }, // U+0202
    { 12, 16, 189, 1, 16, 48, 4942 }, // U+0203
    { 12, 21, 217, 0, 21, 63, 4990 }, // U+0204
    { 10, 18, 182, 1, 18, 45, 5053 }, // U+0205
    { 12, 20, 217, 1, 20, 60, 5098 }, // U+0206
    { 10, 16, 182, 1, 16, 40, 5158 }, // U+0207
    { 10, 21, 139, -1, 21, 53, 5198 }, // U+0208
    { 8, 18, 118, 0, 18, 36, 5251 }, // U+0209
    { 7, 20, 139, 1, 20, 35, 5287 }, // U+020A
    { 7, 16, 118, 1, 16, 28, 5322 }, // U+020B
    { 15, 20, 260, 1, 20, 75, 5350 }, // U+020C
    { 11, 18, 201, 1, 18, 50, 5425 }, // U+020D
    { 15, 20, 260, 1, 20, 75, 5475 }, // U+020E
    { 11, 16, 201, 1, 16, 44, 5550 }, // U+020F
    { 16, 21, 237, 0, 21, 84, 5594 }, // U+0210
    { 10, 18, 159, 0, 18, 45, 5678 }, // U+0211
    { 15, 20, 237, 1, 20, 75, 5723 }, // U+0212
    { 10, 16, 159, 0, 16, 40, 5798 }, // U+0213
    { 17, 21, 268, 1, 21, 90, 5838 }, // U+0214
    { 14, 18, 218, 0, 18, 63, 5928 }, // U+0215
    { 17, 20, 268, 1, 20, 85, 5991 }, // U+0216
    { 14, 16, 218, 0, 16, 56, 6076 }, // U+0217
    { 11, 19, 195, 1, 14, 53, 6132 }, // U+0218
    { 9, 16, 167, 1, 11, 36, 6185 }, // U+0219
    { 14, 19, 239, 1, 14, 67, 6221 }, // U+021A
    { 9, 19, 142, 0, 14, 43, 6288 }, // U+021B
    { 11, 17, 199, 1, 14, 47, 6331 }, // U+021C
    { 10, 16, 173, 1, 11, 40, 6378 }, // U+021D
    { 17, 20, 287, 1, 20, 85, 6418 }, // U+021E
    { 15, 22, 221, -1, 22, 83, 6503 }, // U+021F
    { 5, 6, 0, -3, 18, 8, 0 }, // U+0300
    { 4, 6, 0, -2, 18, 6, 8 }, // U+0301
    { 8, 5, 0, -4, 17, 10, 14 }, // U+0302
    { 7, 4, 0, -3, 17, 7, 24 }, // U+0303
    { 8, 3, 0, -4, 16, 6, 31 }, // U+0304
    { 7, 4, 0, -3, 16, 7, 37 }, // U+0306
    { 4, 3, 0, -2, 16, 3, 44 }, // U+0307
    { 8, 3, 0, -4, 16, 6, 47 }, // U+0308
    { 7, 6, 0, -3, 18, 11, 53 }, // U+0309
    { 6, 6, 0, -3, 17, 9, 64 }, // U+030A
    { 7, 6, 0, -2, 18, 11, 73 }, // U+030B
    { 8, 5, 0, -3, 18, 10, 84 }, // U+030C
    { 7, 6, 0, -4, 18, 11, 94 }, // U+030F
    { 7, 5, 0, -3, 17, 9, 105 }, // U+0311
    { 4, 6, 0, -2, 18, 6, 114 }, // U+0312
    { 5, 6, 0, -2, 19, 8, 120 }, // U+0313
    { 5, 6, 0, -2, 19, 8, 128 }, // U+0314
    { 3, 5, 0, -1, 18, 4, 136 }, // U+0315
    { 4, 5, 0, -2, 13, 5, 140 }, // U+031B
    { 4, 3, 0, -2, -2, 3, 145 }, // U+0323
    { 8, 3, 0, -4, -2, 6, 148 }, // U+0324
    { 5, 4, 0, -2, -1, 5, 154 }, // U+0325
    { 5, 4, 0, -3, -1, 5, 159 }, // U+0326
    { 5, 6, 0, -2, 1, 8, 164 }, // U+0327
    { 5, 5, 0, -2, 1, 7, 172 }, // U+0328
    { 3, 5, 93, 2, -1, 4, 179 }, // U+0329
    { 8, 5, 0, -4, 0, 10, 183 }, // U+032D
    { 7, 4, 0, -3, -1, 7, 193 }, // U+032E
    { 7, 4, 0, -3, -1, 7, 200 }, // U+0330
    { 8, 3, 0, -4, -1, 6, 207 }, // U+0331
    { 7, 5, 0, -3, 17, 9, 213 }, // U+0342
    { 8, 8, 0, -4, 21, 16, 222 }, // U+0344
    { 4, 4, 0, -1, -1, 4, 238 }, // U+0345
    { 0, 0, 0, 0, 0, 0, 242 }, // U+034F
    { 12, 20, 217, 1, 20, 60, 0 }, // U+0400
    { 12, 19, 217, 1, 19, 57, 60 }, // U+0401
    { 17, 19, 287, 1, 14, 81, 117 }, // U+0402
    { 12, 20, 208, 1, 20, 60, 198 }, // U+0403
    { 13, 14, 228, 1, 14, 46, 258 }, // U+0404
    { 11, 14, 195, 1, 14, 39, 304 }, // U+0405
    { 8, 14, 139, 1, 14, 28, 343 }, // U+0406
    { 8, 19, 139, 1, 19, 38, 371 }, // U+0407
    { 10, 19, 131, -1, 14, 48, 409 }, // U+0408
    { 20, 14, 331, 0, 14, 70, 457 }, // U+0409
    { 21, 14, 354, 1, 14, 74, 527 }, // U+040A
    { 18, 14, 305, 1, 14, 63, 601 }, // U+040B
    { 15, 20, 254, 1, 20, 75, 664 }, // U+040C
    { 17, 20, 284, 1, 20, 85, 739 }, // U+040D
    { 15, 20, 241, 0, 20, 75, 824 }, // U+040E
    { 16, 19, 274, 1, 14, 76, 899 }, // U+040F
    { 16, 14, 257, 0, 14, 56, 975 }, // U+0410
    { 13, 14, 217, 1, 14, 46, 1031 }, // U+0411
    { 13, 14, 216, 1, 14, 46, 1077 }, // U+0412
    { 12, 14, 208, 1, 14, 42, 1123 }, // U+0413
    { 16, 19, 264, 1, 14, 76, 1165 }, // U+0414
    { 12, 14, 217, 1, 14, 42, 1241 }, // U+0415
    { 23, 14, 370, 0, 14, 81, 1283 }, // U+0416
    { 12, 14, 208, 0, 14, 42, 1364 }, // U+0417
    { 17, 14, 284, 1, 14, 60, 1406 }, // U+0418
    { 17, 20, 284, 1, 20, 85, 1466 }, // U+0419
    { 15, 14, 254, 1, 14, 53, 1551 }, // U+041A
    { 15, 14, 258, 1, 14, 53, 1604 }, // U+041B
    { 20, 14, 317, 0, 14, 70, 1657 }, // U+041C
    { 17, 14, 287, 1, 14, 60, 1727 }, // U+041D
    { 15, 14, 260, 1, 14, 53, 1787 }, // U+041E
    { 16, 14, 279, 1, 14, 56, 1840 }, // U+041F
    { 12, 14, 209, 1, 14, 42, 1896 }, // U+0420
    { 12, 14, 219, 1, 14, 42, 1938 }, // U+0421
    { 14, 14, 239, 1, 14, 49, 1980 }, // U+0422
    { 15, 14, 241, 0, 14, 53, 2029 }, // U+0423
    { 16, 15, 269, 1, 15, 60, 2082 }, // U+0424
    { 16, 14, 256, 0, 14, 56, 2142 }, // U+0425
    { 17, 19, 278, 1, 14, 81, 2198 }, // U+0426
    { 15, 14, 258, 1, 14, 53, 2279 }, // U+0427
    { 22, 14, 371, 1, 14, 77, 2332 }, // U+0428
    { 23, 19, 375, 1, 14, 110, 2409 }, // U+0429
    { 15, 14, 262, 1, 14, 53, 2519 }, // U+042A
    { 20, 14, 340, 1, 14, 70, 2572 }, // U+042B
    { 13, 14, 217, 1, 14, 46, 2642 }, // U+042C
    { 13, 14, 229, 1, 14, 46, 2688 }, // U+042D
    { 22, 14, 369, 1, 14, 77, 2734 }, // U+042E
    { 14, 14, 239, 0, 14, 49, 2811 }, // U+042F
    { 12, 11, 189, 1, 11, 33, 2860 }, // U+0430
    { 11, 16, 199, 1, 16, 44, 2893 }, // U+0431
    { 12, 11, 193, 0, 11, 33, 2937 }, // U+0432
    { 10, 11, 177, 0, 11, 28, 2970 }, // U+0433
    { 14, 15, 225, 0, 11, 53, 2998 }, // U+0434
    { 10, 11, 182, 1, 11, 28, 3051 }, // U+0435
    { 19, 11, 300, 0, 11, 53, 3079 }, // U+0436
    { 10, 11, 172, 1, 11, 28, 3132 }, // U+0437
    { 14, 11, 232, 0, 11, 39, 3160 }, // U+0438
    { 14, 16, 232, 0, 16, 56, 3199 }, // U+0439
    { 13, 11, 213, 0, 11, 36, 3255 }, // U+043A
    { 13, 11, 215, 0, 11, 36, 3291 }, // U+043B
    { 17, 11, 262, 0, 11, 47, 3327 }, // U+043C
    { 14, 11, 234, 0, 11, 39, 3374 }, // U+043D
    { 11, 11, 201, 1, 11, 31, 3413 }, // U+043E
    { 14, 11, 232, 0, 11, 39, 3444 }, // U+043F
    { 13, 16, 208, 0, 11, 52, 3483 }, // U+0440
    { 10, 11, 173, 1, 11, 28, 3535 }, // U+0441
    { 12, 11, 205, 1, 11, 33, 3563 }, // U+0442
    { 14, 16, 217, 1, 11, 56, 3596 }, // U+0443
    { 15, 21, 261, 1, 16, 79, 3652 }, // U+0444
    { 14, 11, 207, -1, 11, 39, 3731 }, // U+0445
    { 15, 15, 234, 0, 11, 57, 3770 }, // U+0446
    { 13, 11, 214, 0, 11, 36, 3827 }, // U+0447
    { 19, 11, 306, 0, 11, 53, 3863 }, // U+0448
    { 19, 15, 310, 0, 11, 72, 3916 }, // U+0449
    { 13, 11, 222, 1, 11, 36, 3988 }, // U+044A
    { 18, 11, 292, 0, 11, 50, 4024 }, // U+044B
    { 11, 11, 183, 0, 11, 31, 4074 }, // U+044C
    { 11, 11, 182, 1, 11, 31, 4105 }, // U+044D
    { 18, 11, 296, 0, 11, 50, 4136 }, // U+044E
    { 13, 11, 203, 0, 11, 36, 4186 }, // U+044F
    { 10, 18, 182, 1, 18, 45, 4222 }, // U+0450
    { 10, 16, 182, 1, 16, 40, 4267 }, // U+0451
    { 13, 21, 214, 0, 16, 69, 4307 }, // U+0452
    { 10, 18, 177, 0, 18, 45, 4376 }, // U+0453
    { 10, 11, 178, 1, 11, 28, 4421 }, // U+0454
    { 9, 11, 167, 1, 11, 25, 4449 }, // U+0455
    { 7, 16, 118, 0, 16, 28, 4474 }, // U+0456
    { 8, 16, 118, 1, 16, 32, 4502 }, // U+0457
    { 8, 21, 106, -2, 16, 42, 4534 }, // U+0458
    { 17, 11, 268, 0, 11, 47, 4576 }, // U+0459
    { 18, 11, 291, 0, 11, 50, 4623 }, // U+045A
    { 15, 16, 221, 0, 16, 60, 4673 }, // U+045B
    { 13, 18, 213, 0, 18, 59, 4733 }, // U+045C
    { 14, 18, 232, 0, 18, 63, 4792 }, // U+045D
    { 14, 21, 217, 0, 16, 74, 4855 }, // U+045E
    { 14, 15, 230, 0, 11, 53, 4929 }, // U+045F
    { 15, 16, 252, 0, 16, 60, 4982 }, // U+0462
    { 12, 14, 216, 1, 14, 42, 5042 }, // U+0463
    { 15, 14, 260, 1, 14, 53, 5084 }, // U+0472
    { 12, 11, 201, 1, 11, 33, 5137 }, // U+0473
    { 16, 14, 262, 0, 14, 56, 5170 }, // U+0474
    { 14, 11, 222, 0, 11, 39, 5226 }, // U+0475
    { 17, 24, 283, 1, 19, 102, 5265 }, // U+048A
    { 14, 20, 228, 0, 16, 70, 5367 }, // U+048B
    { 13, 14, 217, 1, 14, 46, 5437 }, // U+048C
    { 12, 14, 181, 0, 14, 42, 5483 }, // U+048D
    { 12, 14, 209, 1, 14, 42, 5525 }, // U+048E
    { 13, 16, 208, 0, 11, 52, 5567 }, // U+048F
    { 11, 17, 192, 1, 17, 47, 5619 }, // U+0490
    { 10, 14, 170, 0, 14, 35, 5666 }, // U+0491
    { 12, 14, 206, 1, 14, 42, 5701 }, // U+0492
    { 10, 11, 179, 1, 11, 28, 5743 }, // U+0493
    { 14, 19, 241, 1, 14, 67, 5771 }, // U+0494
    { 12, 16, 206, 0, 11, 48, 5838 }, // U+0495
    { 23, 19, 370, 0, 14, 110, 5886 }, // U+0496
    { 19, 15, 300, 0, 11, 72, 5996 }, // U+0497
    { 12, 19, 208, 0, 14, 57, 6068 }, // U+0498
    { 10, 15, 172, 1, 11, 38, 6125 }, // U+0499
    { 15, 19, 255, 1, 14, 72, 6163 }, // U+049A
    { 13, 15, 213, 0, 11, 49, 6235 }, // U+049B
    { 16, 14, 268, 1, 14, 56, 6284 }, // U+049C
    { 14, 11, 221, 0, 11, 39, 6340 }, // U+049D
    { 15, 14, 254, 1, 14, 53, 6379 }, // U+049E
    { 14, 14, 212, 0, 14, 49, 6432 }, // U+049F
    { 18, 14, 291, 0, 14, 63, 6481 }, // U+04A0
    { 15, 11, 254, 1, 11, 42, 6544 }, // U+04A1
    { 17, 19, 290, 1, 14, 81, 6586 }, // U+04A2
    { 15, 15, 238, 0, 11, 57, 6667 }, // U+04A3
    { 20, 14, 330, 1, 14, 70, 6724 }, // U+04A4
    { 16, 11, 273, 0, 11, 44, 6794 }, // U+04A5
    { 22, 19, 372, 1, 14, 105, 6838 }, // U+04A6
    { 19, 16, 314, 0, 11, 76, 6943 }, // U+04A7
    { 17, 14, 284, 1, 14, 60, 7019 }, // U+04A8
    { 14, 11, 233, 1, 11, 39, 7079 }, // U+04A9
    { 12, 19, 219, 1, 14, 57, 7118 }, // U+04AA
    { 10, 15, 173, 1, 11, 38, 7175 }, // U+04AB
    { 14, 19, 239, 1, 14, 67, 7213 }, // U+04AC
    { 12, 15, 205, 1, 11, 45, 7280 }, // U+04AD
    { 15, 14, 241, 0, 14, 53, 7325 }, // U+04AE
    { 15, 16, 217, -1, 11, 60, 7378 }, // U+04AF
    { 15, 14, 241, 0, 14, 53, 7438 }, // U+04B0
    { 14, 16, 217, 0, 11, 56, 7491 }, // U+04B1
    { 17, 19, 261, 0, 14, 81, 7547 }, // U+04B2
    { 14, 15, 210, -1, 11, 53, 7628 }, // U+04B3
    { 19, 19, 308, 0, 14, 91, 7681 }, // U+04B4
    { 16, 15, 269, 1, 11, 60, 7772 }, // U+04B5
    { 16, 19, 262, 1, 14, 76, 7832 }, // U+04B6
    { 14, 15, 218, 0, 11, 53, 7908 }, // U+04B7
    { 15, 14, 258, 1, 14, 53, 7961 }, // U+04B8
    { 14, 11, 218, 0, 11, 39, 8014 }, // U+04B9
    { 15, 14, 259, 1, 14, 53, 8053 }, // U+04BA
    { 14, 16, 221, 0, 16, 56, 8106 }, // U+04BB
    { 17, 14, 283, 1, 14, 60, 8162 }, // U+04BC
    { 13, 11, 223, 1, 11, 36, 8222 }, // U+04BD
    { 17, 19, 283, 1, 14, 81, 8258 }, // U+04BE
    { 13, 15, 223, 1, 11, 49, 8339 }, // U+04BF
    { 8, 14, 139, 1, 14, 28, 8388 }, // U+04C0
    { 24, 20, 370, 0, 20, 120, 8416 }, // U+04C1
    { 19, 16, 300, 0, 16, 76, 8536 }, // U+04C2
    { 14, 19, 247, 1, 14, 67, 8612 }, // U+04C3
    { 12, 16, 209, 0, 11, 48, 8679 }, // U+04C4
    { 15, 19, 258, 1, 14, 72, 8727 }, // U+04C5
    { 13, 15, 216, 1, 11, 49, 8799 }, // U+04C6
    { 17, 19, 281, 1, 14, 81, 8848 }, // U+04C7
    { 14, 16, 232, 0, 11, 56, 8929 }, // U+04C8
    { 17, 19, 286, 1, 14, 81, 8985 }, // U+04C9
    { 14, 15, 234, 0, 11, 53, 9066 }, // U+04CA
    { 15, 19, 258, 1, 14, 72, 9119 }, // U+04CB
    { 13, 15, 214, 0, 11, 49, 9191 }, // U+04CC
    { 20, 19, 322, 0, 14, 95, 9240 }, // U+04CD
    { 16, 15, 262, 0, 11, 60, 9335 }, // U+04CE
    { 8, 16, 139, 1, 16, 32, 9395 }, // U+04CF
    { 17, 20, 257, 0, 20, 85, 9427 }, // U+04D0
    { 12, 16, 189, 1, 16, 48, 9512 }, // U+04D1
    { 17, 19, 257, 0, 19, 81, 9560 }, // U+04D2
    { 12, 16, 189, 1, 16, 48, 9641 }, // U+04D3
    { 21, 14, 327, -1, 14, 74, 9689 }, // U+04D4
    { 16, 11, 276, 1, 11, 44, 9763 }, // U+04D5
    { 12, 20, 217, 1, 20, 60, 9807 }, // U+04D6
    { 10, 16, 182, 1, 16, 40, 9867 }, // U+04D7
    { 13, 14, 233, 1, 14, 46, 9907 }, // U+04D8
    { 10, 11, 182, 1, 11, 28, 9953 }, // U+04D9
    { 13, 19, 233, 1, 19, 62, 9981 }, // U+04DA
    { 10, 16, 182, 1, 16, 40, 10043 }, // U+04DB
    { 24, 19, 370, 0, 19, 114, 10083 }, // U+04DC
    { 19, 16, 300, 0, 16, 76, 10197 }, // U+04DD
    { 12, 19, 208, 0, 19, 57, 10273 }, // U+04DE
    { 10, 16, 172, 1, 16, 40, 10330 }, // U+04DF
    { 12, 14, 194, 0, 14, 42, 10370 }, // U+04E0
    { 11, 16, 180, 1, 11, 44, 10412 }, // U+04E1
    { 17, 19, 284, 1, 19, 81, 10456 }, // U+04E2
    { 14, 15, 232, 0, 15, 53, 10537 }, // U+04E3
    { 17, 19, 284, 1, 19, 81, 10590 }, // U+04E4
    { 14, 16, 232, 0, 16, 56, 10671 }, // U+04E5
    { 15, 19, 260, 1, 19, 72, 10727 }, // U+04E6
    { 11, 16, 201, 1, 16, 44, 10799 }, // U+04E7
    { 15, 14, 260, 1, 14, 53, 10843 }, // U+04E8
    { 12, 11, 201, 1, 11, 33, 10896 }, // U+04E9
    { 15, 19, 260, 0, 19, 72, 10929 }, // U+04EA
    { 12, 16, 201, 1, 16, 48, 11001 }, // U+04EB
    { 14, 19, 229, 0, 19, 67, 11049 }, // U+04EC
    { 11, 16, 182, 1, 16, 44, 11116 }, // U+04ED
    { 15, 19, 241, 0, 19, 72, 11160 }, // U+04EE
    { 14, 20, 217, 1, 15, 70, 11232 }, // U+04EF
    { 16, 19, 241, 0, 19, 76, 11302 }, // U+04F0
    { 14, 21, 217, 0, 16, 74, 11378 }, // U+04F1
    { 15, 21, 241, 0, 21, 79, 11452 }, // U+04F2
    { 14, 23, 217, 1, 18, 81, 11531 }, // U+04F3
    { 15, 19, 258, 1, 19, 72, 11612 }, // U+04F4
    { 13, 16, 214, 0, 16, 52, 11684 }, // U+04F5
    { 12, 19, 208, 1, 14, 57, 11736 }, // U+04F6
    { 10, 15, 177, 0, 11, 38, 11793 }, // U+04F7
    { 20, 19, 340, 1, 19, 95, 11831 }, // U+04F8
    { 18, 16, 292, 0, 16, 72, 11926 }, // U+04F9
    { 12, 19, 206, 1, 14, 57, 11998 }, // U+04FA
    { 10, 15, 177, 1, 11, 38, 12055 }, // U+04FB
    { 17, 19, 250, -1, 14, 81, 12093 }, // U+04FC
    { 14, 16, 204, 0, 11, 56, 12174 }, // U+04FD
    { 16, 14, 256, 0, 14, 56, 12230 }, // U+04FE
    { 13, 11, 207, 0, 11, 36, 12286 }, // U+04FF
    { 16, 19, 257, 0, 14, 76, 0 }, // U+1EA0
    { 12, 16, 189, 1, 11, 48, 76 }, // U+1EA1
    { 17, 21, 257, 0, 21, 90, 124 }, // U+1EA2
    { 12, 18, 189, 1, 18, 54, 214 }, // U+1EA3
    { 17, 22, 257, 0, 22, 94, 268 }, // U+1EA4
    { 11, 21, 189, 1, 21, 58, 362 }, // U+1EA5
    { 17, 22, 257, -1, 22, 94, 420 }, // U+1EA6
    { 12, 21, 189, 1, 21, 63, 514 }, // U+1EA7
    { 17, 21, 257, 0, 21, 90, 577 }, // U+1EA8
    { 11, 20, 189, 1, 20, 55, 667 }, // U+1EA9
    { 17, 21, 257, -1, 21, 90, 722 }, // U+1EAA
    { 12, 21, 189, 1, 21, 63, 812 }, // U+1EAB
    { 16, 25, 257, 0, 20, 100, 875 }, // U+1EAC
    { 12, 22, 189, 1, 17, 66, 975 }, // U+1EAD
    { 17, 22, 257, -1, 22, 94, 1041 }, // U+1EAE
    { 12, 20, 189, 1, 20, 60, 1135 }, // U+1EAF
    { 17, 22, 257, -1, 22, 94, 1195 }, // U+1EB0
    { 12, 20, 189, 1, 20, 60, 1289 }, // U+1EB1
    { 17, 21, 257, 0, 21, 90, 1349 }, // U+1EB2
    { 12, 20, 189, 1, 20, 60, 1439 }, // U+1EB3
    { 17, 23, 257, -1, 23, 98, 1499 }, // U+1EB4
    { 12, 20, 189, 1, 20, 60, 1597 }, // U+1EB5
    { 17, 25, 257, -1, 20, 107, 1657 }, // U+1EB6
    { 12, 21, 189, 1, 16, 63, 1764 }, // U+1EB7
    { 12, 19, 217, 1, 14, 57, 1827 }, // U+1EB8
    { 10, 16, 182, 1, 11, 40, 1884 }, // U+1EB9
    { 12, 21, 217, 1, 21, 63, 1924 }, // U+1EBA
    { 10, 18, 182, 1, 18, 45, 1987 }, // U+1EBB
    { 12, 20, 217, 1, 20, 60, 2032 }, // U+1EBC
    { 10, 16, 182, 1, 16, 40, 2092 }, // U+1EBD
    { 13, 22, 217, 1, 22, 72, 2132 }, // U+1EBE
    { 11, 21, 182, 1, 21, 58, 2204 }, // U+1EBF
    { 12, 22, 217, 1, 22, 66, 2262 }, // U+1EC0
    { 10, 21, 182, 1, 21, 53, 2328 }, // U+1EC1
    { 12, 21, 217, 1, 21, 63, 2381 }, // U+1EC2
    { 11, 20, 182, 1, 20, 55, 2444 }, // U+1EC3
    { 12, 21, 217, 1, 21, 63, 2499 }, // U+1EC4
    { 10, 21, 182, 1, 21, 53, 2562 }, // U+1EC5
    { 12, 25, 217, 1, 20, 75, 2615 }, // U+1EC6
    { 10, 22, 182, 1, 17, 55, 2690 }, // U+1EC7
    { 8, 21, 139, 1, 21, 42, 2745 }, // U+1EC8
    { 7, 18, 118, 0, 18, 32, 2787 }, // U+1EC9
    { 8, 19, 139, 1, 14, 38, 2819 }, // U+1ECA
    { 7, 21, 118, 0, 16, 37, 2857 }, // U+1ECB
    { 15, 19, 260, 1, 14, 72, 2894 }, // U+1ECC
    { 12, 16, 201, 1, 11, 48, 2966 }, // U+1ECD
    { 15, 21, 260, 1, 21, 79, 3014 }, // U+1ECE
    { 11, 18, 201, 1, 18, 50, 3093 }, // U+1ECF
    { 15, 22, 260, 1, 22, 83, 3143 }, // U+1ED0
    { 11, 21, 201, 1, 21, 58, 3226 }, // U+1ED1
    { 15, 22, 260, 1, 22, 83, 3284 }, // U+1ED2
    { 11, 21, 201, 1, 21, 58, 3367 }, // U+1ED3
    { 15, 22, 260, 1, 22, 83, 3425 }, // U+1ED4
    { 12, 20, 201, 1, 20, 60, 3508 }, // U+1ED5
    { 15, 22, 260, 1, 22, 83, 3568 }, // U+1ED6
    { 11, 21, 201, 1, 21, 58, 3651 }, // U+1ED7
    { 15, 25, 260, 1, 20, 94, 3709 }, // U+1ED8
    { 12, 22, 201, 1, 17, 66, 3803 }, // U+1ED9
    { 16, 21, 260, 1, 21, 84, 3869 }, // U+1EDA
    { 12, 18, 201, 1, 18, 54, 3953 }, // U+1EDB
    { 16, 21, 260, 1, 21, 84, 4007 }, // U+1EDC
    { 12, 18, 201, 1, 18, 54, 4091 }, // U+1EDD
    { 16, 21, 260, 1, 21, 84, 4145 }, // U+1EDE
    { 12, 18, 201, 1, 18, 54, 4229 }, // U+1EDF
    { 16, 20, 260, 1, 20, 80, 4283 }, // U+1EE0
    { 12, 16, 201, 1, 16, 48, 4363 }, // U+1EE1
    { 16, 22, 260, 1, 17, 88, 4411 }, // U+1EE2
    { 12, 18, 201, 1, 13, 54, 4499 }, // U+1EE3
    { 17, 19, 268, 1, 14, 81, 4553 }, // U+1EE4
    { 14, 16, 218, 0, 11, 56, 4634 }, // U+1EE5
    { 17, 21, 268, 1, 21, 90, 4690 }, // U+1EE6
    { 14, 18, 218, 0, 18, 63, 4780 }, // U+1EE7
    { 17, 21, 268, 1, 21, 90, 4843 }, // U+1EE8
    { 14, 18, 218, 0, 18, 63, 4933 }, // U+1EE9
    { 17, 21, 268, 1, 21, 90, 4996 }, // U+1EEA
    { 14, 18, 218, 0, 18, 63, 5086 }, // U+1EEB
    { 17, 21, 268, 1, 21, 90, 5149 }, // U+1EEC
    { 14, 18, 218, 0, 18, 63, 5239 }, // U+1EED
    { 17, 20, 268, 1, 20, 85, 5302 }, // U+1EEE
    { 14, 16, 218, 0, 16, 56, 5387 }, // U+1EEF
    { 17, 22, 268, 1, 17, 94, 5443 }, // U+1EF0
    { 14, 18, 218, 0, 13, 63, 5537 }, // U+1EF1
    { 15, 20, 241, 0, 20, 75, 5600 }, // U+1EF2
    { 13, 23, 217, 1, 18, 75, 5675 }, // U+1EF3
    { 15, 19, 241, 0, 14, 72, 5750 }, // U+1EF4
    { 14, 16, 217, 0, 11, 56, 5822 }, // U+1EF5
    { 16, 21, 241, 0, 21, 84, 5878 }, // U+1EF6
    { 13, 23, 217, 1, 18, 75, 5962 }, // U+1EF7
    { 15, 20, 241, 0, 20, 75, 6037 }, // U+1EF8
    { 14, 21, 217, 0, 16, 74, 6112 }, // U+1EF9
    { 0, 0, 167, 0, 0, 0, 0 }, // U+2000
    { 0, 0, 333, 0, 0, 0, 0 }, // U+2001
    { 0, 0, 167, 0, 0, 0, 0 }, // U+2002
    { 0, 0, 333, 0, 0, 0, 0 }, // U+2003
    { 0, 0, 111, 0, 0, 0, 0 }, // U+2004
    { 0, 0, 83, 0, 0, 0, 0 }, // U+2005
    { 0, 0, 55, 0, 0, 0, 0 }, // U+2006
    { 0, 0, 208, 0, 0, 0, 0 }, // U+2007
    { 0, 0, 97, 0, 0, 0, 0 }, // U+2008
    { 0, 0, 67, 0, 0, 0, 0 }, // U+2009
    { 0, 0, 17, 0, 0, 0, 0 }, // U+200A
    { 0, 0, 0, 0, 0, 0, 0 }, // U+200B
    { 0, 0, 0, 0, 0, 0, 0 }, // U+200C
    { 0, 0, 0, 0, 0, 0, 0 }, // U+200D
    { 0, 0, 0, 0, 0, 0, 0 }, // U+200E
    { 0, 0, 0, 0, 0, 0, 0 }, // U+200F
    { 7, 3, 127, 1, 7, 6, 0 }, // U+2010
    { 7, 3, 127, 1, 7, 6, 6 }, // U+2011
    { 10, 3, 208, 1, 9, 8, 12 }, // U+2012
    { 10, 3, 167, 0, 7, 8, 20 }, // U+2013
    { 21, 3, 333, 0, 7, 16, 28 }, // U+2014
    { 21, 3, 333, 0, 7, 16, 44 }, // U+2015
    { 7, 21, 167, 2, 16, 37, 60 }, // U+2016
    { 10, 6, 167, 0, 0, 15, 97 }, // U+2017
    { 4, 7, 82, 1, 16, 7, 112 }, // U+2018
    { 5, 7, 82, 0, 16, 9, 119 }, // U+2019
    { 5, 7, 82, 0, 3, 9, 128 }, // U+201A
    { 4, 7, 82, 1, 16, 7, 137 }, // U+201B
    { 8, 7, 149, 1, 16, 14, 144 }, // U+201C
    { 9, 7, 149, 0, 16, 16, 158 }, // U+201D
    { 9, 7, 149, 0, 3, 16, 174 }, // U+201E
    { 8, 7, 149, 1, 16, 14, 190 }, // U+201F
    { 10, 13, 165, 0, 14, 33, 204 }, // U+2020
    { 9, 15, 166, 1, 14, 34, 237 }, // U+2021
    { 5, 4, 100, 1, 7, 5, 271 }, // U+2022
    { 7, 8, 208, 3, 11, 14, 276 }, // U+2023
    { 4, 3, 97, 1, 3, 3, 290 }, // U+2024
    { 9, 3, 167, 1, 3, 7, 293 }, // U+2025
    { 18, 3, 333, 2, 3, 14, 300 }, // U+2026
    { 4, 3, 97, 1, 7, 3, 314 }, // U+2027
    { 0, 0, 0, 0, 0, 0, 317 }, // U+2028
    { 0, 0, 0, 0, 0, 0, 317 }, // U+2029
    { 0, 0, 0, 0, 0, 0, 317 }, // U+202A
    { 0, 0, 0, 0, 0, 0, 317 }, // U+202B
    { 0, 0, 0, 0, 0, 0, 317 }, // U+202C
    { 0, 0, 0, 0, 0, 0, 317 }, // U+202D
    { 0, 0, 0, 0, 0, 0, 317 }, // U+202E
    { 0, 0, 36, 0, 0, 0, 317 }, // U+202F
    { 27, 16, 463, 1, 15, 108, 317 }, // U+2030
    { 5, 8, 91, 0, 15, 10, 425 }, // U+2032
    { 10, 8, 164, 0, 15, 20, 435 }, // U+2033
    { 14, 8, 236, 0, 15, 28, 455 }, // U+2034
    { 5, 8, 91, 1, 15, 10, 483 }, // U+2035
    { 9, 8, 170, 1, 15, 18, 493 }, // U+2036
    { 14, 8, 243, 1, 15, 28, 511 }, // U+2037
    { 10, 5, 166, 0, 0, 13, 539 }, // U+2038
    { 6, 8, 111, 1, 9, 12, 552 }, // U+2039
    { 6, 8, 111, 0, 9, 12, 564 }, // U+203A
    { 13, 14, 208, 0, 14, 46, 576 }, // U+203B
    { 9, 16, 193, 1, 16, 36, 622 }, // U+203C
    { 10, 3, 167, 0, 18, 8, 658 }, // U+203E
    { 5, 3, 100, 1, 7, 4, 666 }, // U+2043
    { 12, 18, 61, -4, 16, 54, 670 }, // U+2044
    { 17, 14, 312, 1, 14, 60, 724 }, // U+2047
    { 13, 16, 257, 1, 16, 52, 784 }, // U+2048
    { 14, 16, 257, 1, 16, 56, 836 }, // U+2049
    { 13, 5, 333, 4, 8, 17, 892 }, // U+2053
    { 19, 8, 309, 0, 15, 38, 909 }, // U+2057
    { 0, 0, 74, 0, 0, 0, 947 }, // U+205F
    { 0, 0, 0, 0, 0, 0, 947 }, // U+2060
    { 0, 0, 0, 0, 0, 0, 947 }, // U+2061
    { 0, 0, 0, 0, 0, 0, 947 }, // U+2062
    { 0, 0, 0, 0, 0, 0, 947 }, // U+2063
    { 0, 0, 0, 0, 0, 0, 947 }, // U+2064
    { 0, 0, 0, 0, 0, 0, 947 }, // U+2065
    { 0, 0, 0, 0, 0, 0, 947 }, // U+206A
    { 0, 0, 0, 0, 0, 0, 947 }, // U+206B
    { 0, 0, 0, 0, 0, 0, 947 }, // U+206C
    { 0, 0, 0, 0, 0, 0, 947 }, // U+206D
    { 0, 0, 0, 0, 0, 0, 947 }, // U+206E
    { 0, 0, 0, 0, 0, 0, 947 }, // U+206F
    { 9, 9, 149, 1, 17, 21, 0 }, // U+2070
    { 9, 10, 149, 0, 18, 23, 21 }, // U+2074
    { 7, 9, 149, 1, 17, 16, 44 }, // U+2075
    { 8, 9, 149, 1, 17, 18, 60 }, // U+2076
    { 7, 9, 149, 1, 17, 16, 78 }, // U+2077
    { 8, 9, 149, 1, 17, 18, 94 }, // U+2078
    { 8, 9, 149, 1, 17, 18, 112 }, // U+2079
    { 10, 7, 188, 1, 15, 18, 130 }, // U+207F
    { 9, 9, 149, 1, 6, 21, 148 }, // U+2080
    { 8, 10, 149, 1, 7, 20, 169 }, // U+2081
    { 9, 9, 149, 0, 6, 21, 189 }, // U+2082
    { 8, 9, 149, 1, 6, 18, 210 }, // U+2083
    { 9, 10, 149, 0, 7, 23, 228 }, // U+2084
    { 7, 9, 149, 1, 6, 16, 251 }, // U+2085
    { 8, 9, 149, 1, 6, 18, 267 }, // U+2086
    { 7, 9, 149, 1, 6, 16, 285 }, // U+2087
    { 8, 9, 149, 1, 6, 18, 301 }, // U+2088
    { 8, 9, 149, 1, 6, 18, 319 }, // U+2089
    { 12, 14, 208, 0, 14, 42, 0 }, // U+20A3
    { 12, 14, 208, 1, 14, 42, 42 }, // U+20A4
    { 27, 14, 453, 0, 14, 95, 84 }, // U+20A7
    { 13, 14, 208, 0, 14, 46, 179 }, // U+20AC
    { 13, 10, 333, 4, 12, 33, 0 }, // U+2190
    { 10, 14, 333, 5, 14, 35, 33 }, // U+2191
    { 13, 10, 333, 4, 12, 33, 68 }, // U+2192
    { 10, 14, 333, 5, 14, 35, 101 }, // U+2193
    { 13, 10, 333, 4, 12, 33, 136 }, // U+2194
    { 10, 14, 333, 5, 14, 35, 169 }, // U+2195
    { 11, 15, 333, 5, 15, 42, 204 }, // U+21A8
    { 10, 15, 333, 6, 15, 38, 246 }, // U+21B2
    { 10, 15, 333, 5, 15, 38, 284 }, // U+21B3
    { 13, 12, 333, 4, 13, 39, 322 }, // U+21B5
    { 13, 12, 333, 4, 13, 39, 361 }, // U+21D0
    { 13, 14, 333, 4, 14, 46, 400 }, // U+21D1
    { 13, 12, 333, 4, 13, 39, 446 }, // U+21D2
    { 13, 14, 333, 4, 14, 46, 485 }, // U+21D3
    { 13, 11, 333, 4, 13, 36, 531 }, // U+21D4
    { 15, 16, 333, 3, 15, 60, 0 }, // U+2200
    { 10, 17, 208, 1, 16, 43, 60 }, // U+2202
    { 11, 15, 333, 5, 15, 42, 103 }, // U+2203
    { 17, 17, 333, 2, 16, 73, 145 }, // U+2205
    { 14, 15, 228, 0, 15, 53, 218 }, // U+2206
    { 14, 16, 333, 3, 15, 56, 271 }, // U+2207
    { 15, 15, 333, 3, 15, 57, 327 }, // U+2208
    { 15, 19, 333, 3, 17, 72, 384 }, // U+2209
    { 15, 13, 333, 3, 14, 49, 456 }, // U+220A
    { 14, 15, 333, 3, 15, 53, 505 }, // U+220B
    { 14, 19, 333, 3, 17, 67, 558 }, // U+220C
    { 14, 13, 333, 3, 14, 46, 625 }, // U+220D
    { 17, 19, 279, 0, 15, 81, 671 }, // U+220F
    { 14, 19, 222, 0, 15, 67, 752 }, // U+2211
    { 11, 2, 208, 1, 8, 6, 819 }, // U+2212
    { 11, 16, 176, 0, 15, 44, 825 }, // U+2215
    { 11, 16, 176, 0, 15, 44, 869 }, // U+2216
    { 10, 10, 208, 1, 12, 25, 913 }, // U+2217
    { 9, 8, 208, 2, 11, 18, 938 }, // U+2218
    { 4, 4, 208, 4, 8, 4, 956 }, // U+2219
    { 14, 20, 208, -1, 17, 70, 960 }, // U+221A
    { 11, 9, 208, 1, 11, 25, 1030 }, // U+221D
    { 13, 9, 208, 0, 11, 30, 1055 }, // U+221E
    { 13, 15, 333, 4, 15, 49, 1085 }, // U+221F
    { 17, 15, 333, 2, 15, 64, 1134 }, // U+2220
    { 3, 21, 167, 4, 16, 16, 1198 }, // U+2223
    { 7, 21, 167, 2, 16, 37, 1214 }, // U+2225
    { 15, 15, 333, 3, 15, 57, 1251 }, // U+2227
    { 15, 15, 333, 3, 15, 57, 1308 }, // U+2228
    { 12, 15, 333, 4, 15, 45, 1365 }, // U+2229
    { 12, 16, 333, 4, 15, 48, 1410 }, // U+222A
    { 13, 22, 208, 0, 17, 72, 1458 }, // U+222B
    { 13, 13, 333, 4, 12, 43, 1530 }, // U+2234
    { 13, 13, 333, 4, 12, 43, 1573 }, // U+2235
    { 4, 12, 104, 1, 13, 12, 1616 }, // U+2236
    { 13, 13, 333, 4, 12, 43, 1628 }, // U+2237
    { 13, 5, 333, 4, 8, 17, 1671 }, // U+223C
    { 13, 12, 333, 4, 13, 39, 1688 }, // U+2245
    { 11, 9, 208, 1, 11, 25, 1727 }, // U+2248
    { 11, 8, 333, 5, 10, 22, 1752 }, // U+224D
    { 11, 12, 208, 1, 13, 33, 1774 }, // U+2260
    { 13, 10, 333, 4, 11, 33, 1807 }, // U+2261
    { 11, 13, 208, 1, 13, 36, 1840 }, // U+2264
    { 11, 13, 208, 1, 13, 36, 1876 }, // U+2265
    { 18, 10, 333, 1, 12, 45, 1912 }, // U+226A
    { 17, 10, 333, 2, 12, 43, 1957 }, // U+226B
    { 14, 13, 333, 3, 14, 46, 2000 }, // U+2283
    { 14, 19, 333, 3, 17, 67, 2046 }, // U+2284
    { 14, 18, 333, 3, 16, 63, 2113 }, // U+2285
    { 14, 15, 333, 4, 15, 53, 2176 }, // U+2286
    { 14, 15, 333, 4, 15, 53, 2229 }, // U+2287
    { 16, 16, 333, 2, 15, 64, 2282 }, // U+2295
    { 16, 16, 333, 2, 15, 64, 2346 }, // U+2296
    { 15, 16, 333, 3, 15, 60, 2410 }, // U+2297
    { 15, 16, 333, 3, 15, 60, 2470 }, // U+2298
    { 12, 15, 333, 4, 15, 45, 2530 }, // U+22A5
    { 4, 4, 208, 4, 8, 4, 2575 }, // U+22C5
    { 18, 4, 333, 2, 8, 18, 2579 }, // U+22EF
    { 19, 16, 258, -1, 16, 76, 0 }, // U+FB00
    { 15, 16, 233, -1, 16, 60, 76 }, // U+FB01
    { 15, 16, 234, -1, 16, 60, 136 }, // U+FB02
    { 22, 16, 347, -1, 16, 88, 196 }, // U+FB03
    { 22, 16, 348, -1, 16, 88, 284 }, // U+FB04
    { 17, 16, 264, -1, 16, 68, 372 }, // U+FB05
    { 18, 16, 309, 1, 16, 72, 440 }, // U+FB06
    { 21, 21, 333, 0, 18, 111, 0 }, // U+FFFD
};


static const EpdFontGroup bookerly_10_boldGroups[] = {
    { 0, 2114, 4098, 100, 2224, 0 },
    { 2114, 2137, 5233, 96, 3182, 100 },
    { 4251, 3030, 8228, 128, 755, 196 },
    { 7281, 2966, 7204, 94, 3792, 324 },
    { 10247, 217, 281, 34, 209, 418 },
    { 10464, 6142, 13492, 220, 3808, 452 },
    { 16606, 2138, 6732, 90, 1765, 672 },
    { 18744, 608, 1110, 81, 679, 762 },
    { 19352, 195, 380, 18, 233, 843 },
    { 19547, 171, 238, 4, 48, 861 },
    { 19718, 356, 681, 15, 164, 865 },
    { 20074, 1349, 2904, 58, 1962, 880 },
    { 21423, 247, 560, 7, 401, 938 },
    { 21670, 91, 126, 1, 24, 945 },
};







static const int8_t bookerly_10_boldKernSparseValues[] = {
     -17,  -13,   13,  -13,  -13,  -17,  -10,   20,   -7,   -7,   17,   10,   10,  -10,   -7,   -7,
      -7,   10,   10,   -7,   -7,   -7,   -7,   -7,   -7,   -7,   17,  -10,   20,   -7,   -7,   10,
      10,   17,   10,   10,  -27,    7,   10,    7,   -7,  -10,  -45,   -7,   -7,   -7,   -7,   -7,
      -7,  -10,  -10,  -23,  -27,   10,   -7,    7,    7,  -45,   10,  -13,   10,  -27,  -13,  -43,
     -30,   -5,   -3,   -5,  -10,  -13,  -30,  -30,  -13,   -5,   -5,   -5,   -5,   -5,   -5,   -7,
      -3,  -27,  -13,   10,  -13,   10,   -7,  -33,   -5,   -5,  -17,  -23,    7,  -23,  -23,  -43,
     -30,  -23,  -13,  -23,  -27,  -13,  -10,   -7,   -7,  -17,   -7,  -17,   -5,   -5,  -10,  -10,
      -7,   -7,  -10,   -7,   -7,    7,   -7,   -7,   -5,   -5,  -17,  -17,  -10,   -5,  -33,  -13,
     -10,   -7,  -33,  -30,  -13,  -30,  -17,  -17,  -30,  -10,   -7,  -13,   -7,  -13,  -47,  -13,
     -33,  -33,  -30,    7,    7,  -30,  -30,  -33,  -33,  -30,  -30,  -30,  -30,  -17,  -30,  -30,
     -13,  -30,  -10,  -23,  -13,  -10,  -13,  -33,  -13,  -13,  -33,   -7,  -35,  -30,  -17,  -10,
     -22,  -17,  -10,   -7,  -13,  -10,  -30,  -30,    7,   -7,   -7,  -47,  -10,   -7,   -5,   -5,
      -5,   -5,   -7,   -7,  -17,  -30,  -10,    7,  -18,    8,   -5,  -35,  -20,  -38,    3,  -34,
       3,  -33,   -5,   -5,   -7,  -28,    7,  -28,  -10,   10,  -37,  -27,   -7,   -7,  -10,   -5,
      -8,   -5,  -10,  -13,    5,    3,   -8,    5,    5,    5,    5,    5,    5,   -7,   -7,   -8,
      -5,   -5,   -5,   -5,   -4,   -4,   -4,   -8,   -5,   -5,   -5,   -5,   -5,   -5,   -5,   -5,
      -5,   -5,   -5,   -5,   -5,   -5,  -10,  -17,  -17,  -13,   -9,   -5,   -7,   -3,   -5,   -7,
     -12,   -8,   -4,  -10,   -3,   10,  -23,   -7,   -3,   -3,    7,   13,  -23,  -23,  -28,  -29,
      -7,  -10,    3,   -7,  -13,    3,  -10,   -7,  -38,  -10,  -10,   -7,   13,   13,   -7,   -7,
       3,  -10,  -10,   -7,   -7,   -7,  -13,    3,   13,    3,  -10,  -10,   -7,  -13,    7,    7,
      -7,   -7,   -7,   -4,   -3,   -3,   -7,   -4,   -4,   -5,   -5,   -4,   -3,   -3,   -7,   -5,
      -5,    7,    7,   -5,   -5,   -5,   -5,   -5,  -13,   -7,  -13,  -13,  -10,  -10,  -13,   -5,
     -10,    3,   -7,   -7,    3,    5,   -6,   -3,   -5,   -7,   -5,   -5,  -17,   -5,  -10,  -10,
      -7,   10,   10,   -7,   -7,    3,  -10,  -10,   -7,   -7,   -7,   -7,    3,    3,   -6,   -6,
      -5,   -7,  -10,    6,  -13,    7,    3,   -5,    3,   -8,    3,   -3,   -4,  -10,  -12,  -20,
       3,  -20,    3,  -13,   -5,   -5,   -8,   10,   10,   -8,   -8,    3,   -5,   -5,   -8,   -8,
      -8,    3,   10,    3,   -4,   -4,   -7,  -13,   10,  -18,   -8,  -27,    7,  -27,  -37,  -17,
     -17,  -17,  -10,   -3,   -8,   -5,  -10,   10,   -7,   -3,   -5,   -5,   -3,    7,    7,    7,
      -7,   13,  -12,   -7,  -12,  -10,   -5,    7,    5,   -7,    7,   -5,  -10,    7,   -8,   -5,
      -3,   -5,   -3,  -13,   -5,   -7,   -7,   -5,   20,   20,   -5,   -5,    7,   -7,   -7,   -5,
      -5,   -5,  -10,    7,   20,    7,   -8,   -8,   -3,  -10,  -10,    7,   19,  -33,  -33,  -33,
     -37,   -3,   -5,    3,   -3,   -5,   -5,   -9,   10,   -6,    7,    7,    8,    8,  -45,   -5,
      -5,   -5,    7,    7,   -5,   -5,   -5,   -5,   -5,   -5,   -5,   -9,    7,   -6,   -6,   -9,
       7,   10,    3,   -7,  -17,  -13,   10,   -9,   -5,   23,   -3,   -5,   -7,  -12,   -8,   -4,
     -10,   17,    2,   30,   10,   10,   20,  -23,   -7,    2,   30,   13,    7,  -10,  -10,  -10,
      10,  -10,    7,  -20,  -13,  -22,   10,  -25,   -5,   -7,   -7,  -10,    7,  -10,   10,  -10,
      -7,  -20,  -13,   -7,   -7,   -7,   -8,   -5,   -4,   -5,  -13,   -7,   -3,   -7,  -10,  -13,
     -13,   -7,  -33,   -7,  -33,  -42,   -7,   -7,  -40,  -10,   -8,   -5,   -3,  -18,  -20,  -21,
     -23,   -7,  -10,   -7,  -33,  -10,  -18,  -18,  -20,   10,   10,  -20,  -20,  -18,  -18,  -20,
     -20,  -20,  -21,  -23,  -23,   -7,   -7,  -21,   -7,    7,    7,  -13,  -13,  -19,  -22,   -5,
      -5,   -5,   -5,   -7,    3,   -5,  -13,    3,   -8,   -7,   -8,   -7,   -7,   -7,  -23,   -5,
     -10,   -7,   -7,   -5,   12,   12,   -5,   -5,    3,   -7,   -7,   -5,   -5,   -5,  -13,    3,
       7,    3,   -8,   -8,   -7,  -13,   10,  -43,  -17,  -43,  -45,   -7,   -7,  -47,  -17,  -12,
     -12,    3,    7,  -25,   10,  -25,   -7,  -28,   10,  -10,   -7,  -23,   -9,  -10,   -8,  -10,
     -10,   10,  -13,  -10,  -47,  -17,  -43,  -38,  -25,   20,   20,  -25,  -25,   10,  -38,  -43,
     -25,  -25,  -25,  -46,   10,   20,   10,  -10,  -23,  -23,  -10,  -28,  -20,    7,   10,   -7,
       3,  -12,    5,    3,    7,   -3,    7,   -7,  -12,    7,  -12,   10,   -5,   -3,   13,   13,
      -3,   -3,    7,   -3,   -3,   -3,    7,   17,    7,    7,  -30,  -17,  -30,  -35,  -10,  -10,
     -37,  -20,   -5,  -15,    3,    7,  -27,    7,  -27,   -5,  -32,    7,  -17,  -13,  -25,   -3,
     -11,  -10,  -17,  -10,  -17,    7,  -17,  -13,  -33,  -20,  -27,  -40,  -27,   20,   20,  -27,
     -27,    7,  -37,  -37,  -27,  -27,  -27,  -32,    7,   13,    7,  -17,  -25,  -25,  -17,  -13,
     -32,   -7,  -13,    7,   -3,   -3,    7,    7,   10,   13,   15,   17,   10,   10,   15,   13,
      17,   10,   15,   17,   17,  -10,  -27,  -17,  -33,  -27,   -7,    7,   -7,  -10,  -10,  -10,
     -10,   -7,   -7,   -7,   -7,   -7,   -7,    7,    7,  -27,  -10,  -13,  -33,   -7,  -10,  -10,
     -10,  -10,  -33,  -27,  -22,  -10,  -13,   -8,  -33,   -3,   -5,  -13,  -13,   -4,  -13,  -10,
     -10,   -7,  -10,  -10,  -13,   -5,  -20,   -3,   -3,    3,   -7,   -8,   -7,   -3,   -3,    8,
     -13,   -7,  -20,   -3,   -5,   -3,   -3,   -3,   -3,   -3,   -3,   -3,   -5,   -5,    7,   -7,
       3,   -7,   -7,   -7,  -13,   -3,   -7,   -7,   -3,   -3,   -3,   -3,   10,   -7,   34,   33,
      33,  -10,  -10,  -10,   20,   33,   28,   -4,   -5,   -6,    7,   17,   -6,    3,    3,   33,
       7,   12,    8,   37,   72,   42,   -3,   -5,    6,    2,   -2,   -7,   -1,   35,   33,   10,
       1,    3,   15,   -6,   27,   30,   10,    7,  -10,   -7,   -8,   -3,    6,    5,    8,    3,
       3,   -7,   -7,   -8,   -8,   -8,   -7,   -7,   -8,   -8,   -8,   -3,    6,   13,   13,   13,
     -13,   -5,  -30,   -3,   -3,  -19,  -19,   -7,  -17,  -10,    5,   -7,   -7,    5,    5,   -7,
      -7,   -7,   -3,   -7,   -7,   -7,   -5,   -7,   -7,   -7,   -8,   -7,   -5,  -10,    3,  -10,
      -7,   -7,   -8,   -8,   -5,   -7,   -7,   -8,   -8,   -8,   -7,   -5,   -5,   -7,  -10,   -6,
      -6,  -10,   -7,   -5,  -17,   23,    4,   -5,   10,   23,  -10,    7,  -23,   -7,  -23,  -20,
      -7,  -12,   -7,   -7,  -10,   -7,   -8,    5,  -12,  -12,   -7,   -7,   -7,   -7,  -12,  -12,
      -7,   -7,   -7,  -10,   -7,   -7,   -8,   -8,  -10,   10,   10,   -5,   -5,   -7,   -5,  -10,
      -5,   -5,   -5,   -5,   -5,   -5,   -5,   -5,   -5,   -5,   -5,   -7,  -10,    7,   -3,   -3,
       5,    7,   -5,  -13,    3,  -12,    7,  -12,    3,    3,   -7,   -5,   10,  -30,   -5,  -30,
     -18,  -10,   -8,  -10,    5,  -15,   -8,    3,    7,    3,    7,  -11,    7,    4,  -10,  -10,
     -10,    3,  -10,  -10,   -8,  -10,  -10,  -10,  -10,  -10,  -15,   -8,   13,   -8,    3,  -11,
     -11,  -15,   13,   13,    7,   -8,   -3,    5,   -3,    7,    3,   -8,   -8,   -8,   -8,   -8,
      -8,   -3,   -3,   -3,   -3,   10,   13,  -10,   -3,   -3,   -3,   23,   10,    7,   18,    7,
       7,   10,   10,   18,    7,   23,    7,   10,   18,    7,   10,    7,    7,   13,  -10,   -7,
      13,   13,   13,  -10,   -7,   -7,   -7,  -10,  -13,  -10,   -7,   -3,   -7,  -10,  -13,   -7,
      -7,  -10,   -7,  -10,  -13,  -17,  -17,   -7,  -10,   -7,  -10,  -10,  -10,  -10,  -13,  -17,
     -17,   -7,   -8,   10,  -13,  -10,  -23,  -20,  -10,  -10,  -10,   -7,  -10,   10,   -7,  -13,
      -7,   -7,  -10,  -10,  -13,  -10,   -8,  -10,  -10,  -10,  -10,  -10,  -10,  -10,  -10,  -10,
     -10,  -10,  -10,  -10,  -10,   -7,  -13,  -13,  -10,   -7,  -13,   -8,   10,  -10,  -10,  -10,
     -10,  -10,  -13,   10,  -13,  -20,  -13,  -10,  -10,  -17,  -17,  -13,   -9,   -5,   -7,   -3,
      -5,   -7,   -8,   -8,   -4,  -10,   -3,   10,  -23,   -7,   -3,   -3,  -10,  -27,  -27,  -37,
      -7,  -27,  -15,  -13,  -17,   -8,  -10,  -12,  -23,  -23,  -25,  -20,  -10,   -5,   -6,  -10,
      -6,   -5,   -4,  -37,   -5,   -5,   -6,   -5,   -5,  -10,   -6,   -6,   -5,   -5,  -10,  -13,
      -7,   -7,   -7,  -10,   -7,   -7,   -7,  -13,  -13,   -7,  -13,  -10,   10,   10,    7,   10,
      18,   18,   10,   17,   17,   18,   18,   18,    7,   10,  -17,  -30,  -10,    7,  -18,    8,
      -5,    7,  -35,  -20,  -38,    3,  -34,    3,  -33,   -5,   13,   -5,   -7,  -28,    7,  -28,
     -10,   10,   13,  -37,  -27,  -13,   -8,  -33,   -3,   30,   -5,  -13,  -13,   -4,   30,  -13,
     -10,   30,   23,   17,   20,   20,   37,   13,   37,   17,   17,    3,    7,    3,   10,    7,
      10,   27,   13,   17,   37,   37,   30,   37,   13,   10,   12,   20,   27,   -7,    3,   -7,
      -3,    7,    7,   -7,  -13,   -3,   13,   -7,   -7,   -3,   -3,   -3,   -3,   13,   10,   -7,
       5,   32,   -7,   -7,    5,   32,    5,   -7,   17,   -7,   17,   17,   -7,   17,   17,   -7,
     -10,    7,   10,   10,   10,   13,   13,    7,    7,    7,    7,   10,   10,  -10,   -7,  -10,
      20,   -3,   -3,    5,    7,    7,   -5,  -13,    3,   27,  -12,    7,  -12,    3,   27,    3,
      -7,   -5,   13,  -13,   -9,    3,   10,   10,   13,    3,   10,    3,   10,    7,   17,   -3,
      17,   10,   10,  -23,   17,   -3,   17,   17,   -3,   10,   10,   13,  -10,  -10,  -13,   10,
       7,   10,    7,   10,   10,    7,   13,    7,   13,   10,   10,   10,    7,   20,   13,   17,
      10,  -13,  -13,  -19,  -22,    3,   -5,   -5,    3,   10,   10,   13,   13,   10,   -7,   17,
      -5,  -13,   17,   -8,   -7,   13,   -7,  -23,   -5,   -7,   -7,   -5,   22,   22,   -5,   -5,
      17,   -7,   -7,   -5,   -5,   -5,  -13,   17,   17,   -8,   -8,   -7,  -13,   10,   13,    7,
       7,    7,    7,    7,   10,   10,    7,  -10,   -7,   -8,   17,    6,    5,    8,    3,    3,
      -7,   -7,   -8,   -8,   -8,   -7,   -7,   -8,   -8,   -8,   17,    6,   13,   13,   13,   -5,
      -5,   -5,   -5,   -5,   -5,   -5,  -17,    7,    7,    7,    7,    7,    7,    7,   -3,  -10,
       7,  -13,  -33,  -17,  -17,   -7,  -20,  -10,  -10,  -10,  -23,  -20,  -10,  -10,  -10,   -7,
      -8,   -3,  -10,   -7,   -7,   -7,   -8,   -7,   -4,   -7,  -13,  -10,   -7,   -3,   -7,   -7,
      -5,  -10,   -7,   -7,   -5,  -13,   -5,  -10,   -3,  -10,    7,   -3,  -17,  -20,   -3,  -13,
      -7,  -13,  -13,  -10,  -10,   -5,  -13,  -13,  -10,   -3,  -10,   -7,   -7,   -7,   -7,   -7,
      -3,   -7,   -7,   -5,   -7,   -7,  -10,    3,   -6,   10,    5,   -5,  -13,  -13,  -17,   -5,
     -17,    7,  -22,   -3,  -23,  -10,  -23,  -10,  -10,   -3,  -33,  -10,    7,    7,   -3,   -7,
       7,   -8,   -7,  -13,   -8,   -7,   -7,  -13,  -23,  -30,   -7,  -13,  -13,   -7,  -30,  -47,
     -25,   -7,  -20,  -13,  -40,   -7,   -3,  -13,  -28,  -23,  -28,  -30,  -32,  -23,  -15,  -28,
     -17,  -17,   -7,  -10,  -13,  -17,  -10,    5,  -10,  -25,    4,  -13,  -10,  -10,  -20,  -17,
       3,  -20,   -4,  -17,  -10,  -10,  -25,  -30,  -10,   -7,  -17,   -7,  -42,  -17,  -42,  -32,
     -27,  -17,  -25,  -15,  -30,    7,  -57,  -33,   -7,  -15,  -17,  -23,   -7,  -27,  -33,   -3,
     -27,  -40,  -37,  -27,  -30,  -33,  -10,  -17,  -13,  -20,  -17,  -30,  -50,    7,  -27,   20,
     -13,    5,    7,   13,  -10,  -37,  -57,   -7,  -27,  -13,    7,  -17,  -30,  -10,    7,  -18,
     -33,  -10,  -35,   -5,    3,  -17,    8,    7,    5,  -17,    3,  -42,   -7,    5,   10,  -17,
     -13,    7,  -23,  -13,  -38,  -30,  -30,  -17,   10,  -13,  -37,  -27,  -10,   -7,  -10,   -7,
      -7,   -7,   -7,   -7,  -12,   -7,   -7,  -13,   -5,   -3,  -10,   -7,   -7,  -10,   -5,   -8,
       7,   -7,    5,   -3,    3,   -8,   -7,   -8,  -33,   -7,  -33,  -42,   -7,   -7,  -10,   -7,
     -10,   -5,  -27,  -40,  -27,   -7,   -8,  -10,  -17,  -18,  -30,  -20,   -7,  -27,   -7,  -27,
     -23,   10,   -7,  -30,  -33,   -7,    7,    7,   -7,   -5,   13,    5,  -13,    5,   -5,  -10,
     -10,   13,  -17,  -20,   -8,   -3,    7,   -7,  -11,   10,   -7,   -5,    7,   -5,   -7,   -7,
     -10,  -10,   -5,   -7,  -10,  -17,  -17,  -13,  -10,   -5,   -7,  -10,   -7,   -9,  -17,  -17,
      -7,   -3,  -12,  -10,  -10,  -13,  -13,  -13,   -7,   -8,  -23,    7,   19,  -33,  -33,  -33,
      -5,    3,  -18,  -37,  -27,  -10,   -5,   -3,   -8,   -5,  -20,   -5,   -7,   10,  -17,   -6,
       7,   10,   10,  -45,   10,    7,   10,   -7,   -8,  -10,   -7,   -5,   -5,   -4,   -5,   -4,
      -4,  -17,    7,  -17,  -20,  -10,   -3,  -17,  -13,  -25,  -30,  -25,  -10,  -10,  -20,  -10,
      -7,  -20,  -13,  -10,   -7,  -12,  -10,  -23,   10,   -7,  -12,    3,    3,    7,    5,  -20,
      10,   10,   -3,   10,  -20,  -12,    7,  -20,    7,   13,  -12,  -23,  -20,   10,   -3,  -12,
     -13,   -8,  -33,    7,   -7,  -13,  -13,  -13,  -10,  -13,  -13,  -10,  -10,   -7,  -10,  -10,
     -13,   -5,  -20,   -3,   -7,  -10,   -4,   -7,   -7,   -8,   -4,   -8,   -7,   -7,  -13,   -7,
      -3,   -3,   -7,   -9,   -5,   -7,   -9,   -3,   -9,  -17,  -17,  -13,   -5,    3,  -17,   -3,
     -17,    7,  -13,   -3,   -3,    7,    3,    3,   -7,   -3,   13,   10,  -10,   10,   -7,  -13,
      -3,   -3,   -7,   -7,   -7,   -7,  -10,   -9,   -5,  -12,   -3,   -3,   -7,   -3,   -7,  -20,
      -7,   -7,   -7,  -17,   -7,   -5,   -5,   -5,   -5,   -5,   -7,   -3,   -3,   -3,   -4,   -3,
     -10,   -3,  -20,   -3,   -3,   -7,   -3,   -3,    7,   10,  -30,   -5,  -30,  -18,  -10,  -20,
     -10,   -3,   -3,  -20,    3,    7,    3,    3,    7,   -3,  -18,   -5,  -10,    7,   13,    3,
       3,   13,   13,    7,    3,    3,   -3,   -8,    7,    5,    3,   -3,    5,   -7,    5,   10,
      13,  -10,  -40,   -3,   -3,   -3,   -7,  -17,  -23,   -7,  -23,   -7,  -23,   -7,   -3,  -23,
     -10,  -13,  -13,   -5,  -30,  -14,  -17,  -10,  -14,  -10,   -7,  -14,  -17,  -10,   -5,   -5,
      -7,   -5,  -10,   -5,   -4,   -3,   -3,   -5,   -7,   -3,   -3,   -7,  -10,   -7,  -10,   -7,
     -10,   -7,   -7,   10,   10,    7,   10,   10,   18,   17,    7,   10,  -13,   -5,  -30,  -14,
     -17,  -14,  -10,   -7,  -14,  -17,  -10,    7,  -13,  -10,  -17,   -7,  -13,  -13,  -20,  -10,
      -7,   -7,  -10,  -10,  -13,   -7,  -10,  -10,   -7,  -33,  -17,  -33,  -10,  -10,   -7,  -27,
       7,  -43,  -35,  -13,  -10,  -17,  -17,  -18,  -13,  -27,  -27,  -17,  -23,  -23,  -10,   -3,
      -7,   -7,  -23,  -30,  -23,   -3,    7,  -17,  -30,  -53,  -17,   -3,    7,    7,  -13,  -13,
     -10,  -13,  -10,   10,   13,   10,   -7,   12,   13,   13,   10,   12,    7,  -13,  -13,  -28,
       3,  -10,  -13,  -23,  -37,  -30,   -7,  -17,  -20,  -27,  -20,  -30,  -23,  -17,  -20,  -25,
     -17,  -17,  -10,  -13,  -20,  -20,  -30,  -27,  -10,  -30,  -37,  -37,  -17,  -13,  -10,    7,
      10,  -20,  -20,  -17,   -7,  -17,  -13,   -7,   10,   13,  -23,  -23,  -28,  -20,  -29,  -30,
      -7,  -13,  -10,  -23,   -7,  -17,  -23,    3,  -10,   13,   -7,  -10,  -38,    7,    7,  -10,
     -13,  -10,   13,  -10,  -10,  -25,   10,  -13,   -7,  -10,  -20,   10,  -20,   13,   10,  -10,
     -25,  -30,   10,  -10,   -7,   10,   -7,  -10,   -3,   -7,    7,   13,    7,  -20,    7,  -13,
      -7,  -17,  -13,  -13,  -13,   -7,  -13,   -7,  -10,  -10,  -10,  -10,  -13,    7,  -30,  -17,
     -30,  -35,  -10,  -10,    7,  -17,  -13,  -17,   -9,  -23,   10,  -28,  -23,  -10,   -5,  -10,
     -20,  -20,  -10,  -23,  -20,  -20,  -17,  -23,   -7,  -17,  -10,  -17,  -10,  -17,  -33,    7,
     -15,   20,  -10,   10,    7,  -17,  -23,  -33,  -13,   -7,  -10,    7,   10,    3,   -7,    3,
     -12,   20,    3,    3,    7,    7,    5,  -20,   10,    7,   10,   -3,   13,   10,  -20,    3,
       7,  -20,    7,    7,    7,   13,   20,    3,   13,  -23,  -20,   10,   -3,    3,    7,    3,
       3,   -3,   -8,    7,    5,    3,   -3,   10,    5,   -7,    5,   10,   13,  -48,  -30,   -7,
     -20,  -13,  -40,   -3,   -3,  -17,  -20,  -23,  -20,  -33,  -33,  -17,  -13,  -20,   -7,  -10,
     -10,   -7,  -10,   -7,  -10,  -13,  -13,  -10,  -17,   -7,   -3,   -3,  -13,   -3,  -13,  -10,
      -7,  -10,  -10,   -5,   -5,   -5,  -10,   -7,   -7,   -3,   -7,   -5,   -7,   10,   -7,  -25,
       3,    7,    5,  -20,   10,  -13,  -10,   10,  -10,   10,  -20,  -12,    7,  -20,   -7,    7,
     -10,   13,  -12,  -23,  -53,    7,   -3,   -7,  -12,    7,    3,    3,   -3,   -8,    7,    5,
       3,   -3,   13,    5,   -7,    5,   10,   13,  -27,  -27,  -27,   13,    7,    7,    7,  -10,
     -17,    7,    3,  -10,   13,   13,   13,  -37,  -40,  -10,   10,   10,  -10,  -10,    7,  -10,
     -10,  -10,  -17,    7,   10,    7,  -10,  -10,  -17,   13,  -18,    7,  -27,  -22,  -10,  -10,
     -10,  -13,   13,   13,  -17,    7,  -10,   10,    3,   13,    7,    7,    7,  -40,   13,  -27,
     -27,  -40,  -13,   -7,    7,    7,  -13,    7,  -23,  -28,    7,  -23,    3,   -7,  -55,  -13,
     -13,  -13,  -23,   10,   10,  -23,  -23,    7,  -13,  -13,  -23,  -23,  -23,  -28,   17,   10,
       7,  -23,  -23,   -7,  -28,  -13,   -7,  -25,  -40,  -28,   -7,  -13,  -13,  -23,  -23,  -23,
     -23,    7,  -23,   10,    7,    7,  -10,  -55,   10,  -13,   10,  -27,  -13,  -43,  -30,   -5,
      -3,   -5,  -10,  -13,  -30,  -40,  -13,   -5,   -5,   -5,   -5,   -5,   -5,   -7,   -3,  -27,
     -13,   10,  -13,   10,   -7,  -33,   -5,   -5,  -17,  -33,    7,  -23,  -33,  -43,  -30,  -23,
     -13,  -33,  -27,  -13,
};


static const EpdFontData bookerly_10_bold = {
    bookerly_10_boldBitmaps,
    bookerly_10_boldGlyphs,
    epdSharedFontIntervals_428f867c6270,
    72,
    27,
    23,
    -6,
    true,
    bookerly_10_boldGroups,
    14,
    nullptr,
    nullptr,  // kernLeftClasses: built-in fonts use the split arrays below
    nullptr,  // kernRightClasses
    epdSharedFontKernLeftCodepoints_2ca5692b9b5f,
    epdSharedFontKernLeftClassIds_b32b5b808bad,
    epdSharedFontKernRightCodepoints_ed08579fd527,
    epdSharedFontKernRightClassIds_5dea3a3f70bd,
    nullptr,  // kernMatrix: built-in fonts use the sparse form below
    epdSharedFontKernRowOffsets_4f51a905ae32,
    epdSharedFontKernSparseCols_73b4983fa7bd,
    bookerly_10_boldKernSparseValues,
    676,
    682,
    147,
    127,
    epdSharedFontLigaturePairs_607bf6e70845,
    5,
};
