/**
 * generated by fontconvert.py
 * name: bookerly_18_bold
 * size: 18
 * mode: 2-bit  compressed: zopfli
 * hinting: auto (FT_LOAD_FORCE_AUTOHINT — grid-fits stems to whole pixels)
 * Command used: fontconvert.py bookerly_18_bold 18 ../builtinFonts/source/Bookerly/Bookerly-Bold.ttf --2bit --compress --zopfli
 */
#pragma once
#include "EpdFontData.h"
#include "shared_tables.h"

static const uint8_t bookerly_18_boldBitmaps[47876] = {
    0x9D, 0x95, 0x01, 0xA7, 0x25, 0xD9, 0x11, 0xC7, 0xFF, 0xDD, 0x9D, 0x99, 0xCE, 0x3A, 0xA2, 0x21,
    0x22, 0xF2, 0x42, 0x03, 0x10, 0xB2, 0x0D, 0x10, 0x90, 0xD3, 0x09, 0x04, 0x81, 0x21, 0x99, 0x4F,
    0xB1, 0x61, 0xBE, 0xC1, 0x76, 0xB3, 0x5F, 0x60, 0x20, 0x20, 0x10, 0x0C, 0x42, 0xB0, 0x00, 0x16,
    0xD9, 0x73, 0x36, 0x8B, 0x00, 0x34, 0xC8, 0x62, 0xA0, 0x31, 0x12, 0x01, 0x39, 0xA2, 0x49, 0xBF,
    0xCC, 0xE9, 0xFE, 0xA7, 0xAA, 0xCE, 0x7D, 0x7B, 0xE7, 0xBD, 0xC9, 0xEC, 0x90, 0xEA, 0x3E, 0xBF,
    0x53, 0xB7, 0xBB, 0xAA, 0xBA, 0x6E, 0x75, 0xDD, 0xBA, 0x7D, 0x9A, 0x52, 0x48, 0x4C, 0x5C, 0xB9,
    0xC8, 0x11, 0xDF, 0x3C, 0x82, 0x1C, 0x93, 0x1C, 0x3E, 0xFA, 0x19, 0x22, 0x8F, 0x46, 0xBF, 0x31,
    0xEB, 0x31, 0xA5, 0x47, 0xE3, 0x10, 0x03, 0xC2, 0x9F, 0x09, 0x7E, 0xF9, 0x60, 0x7D, 0xA2, 0xEB,
    0xB4, 0x15, 0x7E, 0x5E, 0xD6, 0x67, 0xF5, 0x2B, 0x14, 0xE1, 0x18, 0x46, 0x21, 0x08, 0x54, 0xC6,
    0xFA, 0xAC, 0x94, 0x47, 0x7D, 0x02, 0x4D, 0x6E, 0x0E, 0xB4, 0x14, 0xC9, 0xCE, 0xD8, 0x29, 0x77,
    0x74, 0xA9, 0xDB, 0xA0, 0x4C, 0x40, 0xBF, 0xF6, 0xC2, 0x61, 0x19, 0x56, 0x40, 0x12, 0x5B, 0xE0,
    0xD5, 0x26, 0x06, 0xA3, 0x82, 0xF3, 0x83, 0xF0, 0x1A, 0xF8, 0xA8, 0x0F, 0x0B, 0x9F, 0x81, 0xFA,
    0x45, 0xF5, 0x02, 0x77, 0xF2, 0x1B, 0x45, 0x7E, 0x1B, 0x37, 0x94, 0x84, 0x49, 0x8E, 0x8D, 0x60,
    0xE9, 0x6E, 0x73, 0x48, 0xC3, 0x9A, 0x7D, 0xF2, 0x31, 0xF7, 0xAB, 0xA0, 0x9B, 0xFD, 0x9A, 0x01,
    0x7F, 0x2B, 0x18, 0x28, 0xE8, 0xC4, 0x16, 0x62, 0xBC, 0xA9, 0xDB, 0x09, 0xF4, 0x64, 0xD4, 0xCF,
    0x0B, 0x9A, 0x7F, 0x33, 0xFD, 0xB8, 0x91, 0x22, 0x7F, 0xDC, 0x24, 0x9F, 0x78, 0xC1, 0xB4, 0xF2,
    0xCB, 0xC4, 0x18, 0x5E, 0xBF, 0xE6, 0xE8, 0xD5, 0xC3, 0x99, 0xEF, 0x47, 0xB7, 0x00, 0x9A, 0xF4,
    0x4D, 0xA8, 0x9F, 0xE3, 0x81, 0xB4, 0x8A, 0x49, 0x12, 0xEE, 0x56, 0xA0, 0xB5, 0xA7, 0xAF, 0x96,
    0xD1, 0x0C, 0x1F, 0x01, 0xBF, 0x4C, 0x11, 0x5A, 0xF5, 0x69, 0x1E, 0x56, 0x10, 0x90, 0x0F, 0x5D,
    0xD2, 0x82, 0x80, 0xE8, 0x52, 0xB3, 0x5F, 0x14, 0x97, 0x2E, 0x8A, 0x7A, 0x9B, 0xA2, 0xDE, 0xA0,
    0x44, 0x9B, 0x46, 0xF5, 0x9A, 0x87, 0x85, 0x08, 0x8B, 0x04, 0x0C, 0x5F, 0x1C, 0x2D, 0x33, 0x06,
    0xB2, 0xD9, 0x7B, 0x12, 0x8E, 0xD9, 0x89, 0x35, 0x47, 0x84, 0xE7, 0x9D, 0x58, 0x4F, 0x33, 0x00,
    0x1F, 0x83, 0x2C, 0xE8, 0x73, 0x59, 0x14, 0xA2, 0x28, 0xF5, 0x71, 0x51, 0x9A, 0x7C, 0x51, 0xDC,
    0x06, 0x9A, 0x57, 0x9F, 0x10, 0xC4, 0x5C, 0xB3, 0x86, 0xFF, 0xDB, 0xA9, 0xDE, 0x11, 0x3D, 0xB3,
    0x79, 0xA3, 0xA5, 0xA6, 0xF6, 0x53, 0x59, 0x4F, 0x21, 0xF2, 0x2D, 0x5C, 0xE4, 0xA6, 0xB4, 0x57,
    0x4D, 0x8E, 0xBA, 0x77, 0x64, 0xD4, 0x7D, 0xA0, 0xD9, 0xC3, 0x6F, 0x3E, 0xE9, 0x1E, 0x96, 0xCE,
    0x76, 0xC6, 0xAF, 0xF7, 0xB5, 0xEC, 0x43, 0x2C, 0xBB, 0x9F, 0x8B, 0xDD, 0x09, 0xF3, 0x4B, 0x7B,
    0xD9, 0x37, 0xDB, 0x2A, 0x66, 0x90, 0x09, 0x2D, 0x0F, 0xDB, 0x7B, 0x12, 0xFA, 0x04, 0xFF, 0x2F,
    0x46, 0x97, 0x81, 0x69, 0x61, 0x6A, 0xB2, 0x85, 0xC9, 0x65, 0xEF, 0x59, 0xF6, 0x96, 0x2F, 0x75,
    0x5F, 0x2A, 0x72, 0x07, 0x98, 0x30, 0xC9, 0xC2, 0x94, 0xD1, 0xF1, 0x00, 0x3C, 0x7F, 0xFB, 0x8C,
    0xBC, 0xD5, 0x78, 0x2A, 0x68, 0x05, 0xFF, 0xE4, 0x09, 0x4C, 0x3C, 0xF5, 0x99, 0xA8, 0x9E, 0x8E,
    0x78, 0xF4, 0x04, 0x43, 0x0C, 0x91, 0xD7, 0x63, 0xE6, 0x1C, 0xE4, 0xF8, 0x0C, 0x2A, 0xBF, 0x47,
    0xBD, 0xC3, 0x1D, 0x18, 0x32, 0xA6, 0x04, 0xC6, 0x5A, 0x5B, 0x17, 0x2E, 0xA3, 0xDB, 0xD1, 0x6F,
    0xF0, 0x09, 0x7E, 0x95, 0x04, 0xF5, 0xF5, 0x31, 0xBE, 0x7D, 0xEA, 0xF5, 0x69, 0x35, 0xB3, 0x84,
    0x61, 0x47, 0x97, 0xE1, 0x4E, 0x34, 0x44, 0xA5, 0xB7, 0x57, 0xAD, 0x40, 0x7F, 0xA0, 0x3D, 0x00,
    0xAD, 0xC8, 0x07, 0x80, 0x9F, 0x11, 0xE4, 0xB2, 0x58, 0xCA, 0x65, 0xA2, 0xE6, 0x0C, 0x4A, 0x88,
    0x64, 0x96, 0xEA, 0xAF, 0x37, 0x9C, 0xDC, 0xD3, 0x28, 0x6F, 0x9D, 0x27, 0x5A, 0xBB, 0xDB, 0x5D,
    0xF3, 0xD3, 0xE4, 0x2C, 0x6D, 0xF1, 0xE8, 0xB3, 0x65, 0xB2, 0xA0, 0x87, 0x49, 0xB3, 0xE2, 0x71,
    0x2B, 0xA6, 0xBF, 0xD8, 0x30, 0x7C, 0xB5, 0xC2, 0xBF, 0x8E, 0x63, 0x4B, 0x7D, 0x1C, 0x97, 0xC7,
    0x0C, 0x8B, 0x7F, 0xFD, 0x45, 0x1C, 0x5E, 0x2E, 0xE8, 0x7E, 0x99, 0x50, 0xB9, 0x0D, 0x70, 0x8B,
    0x4E, 0x0B, 0xBC, 0x07, 0x14, 0x89, 0x0F, 0xF0, 0x1E, 0xB7, 0xCF, 0xD1, 0x70, 0xAE, 0x19, 0xAD,
    0x2A, 0x73, 0xC5, 0xB1, 0x26, 0x9A, 0x03, 0x6E, 0xD7, 0xBE, 0xF5, 0x11, 0x1F, 0x02, 0x13, 0x33,
    0x79, 0xC8, 0x19, 0x98, 0xEF, 0x0F, 0x4C, 0x00, 0x3F, 0x9A, 0x05, 0x8C, 0x0A, 0xD1, 0x6A, 0x8E,
    0xD0, 0x72, 0x40, 0x4B, 0x01, 0x2D, 0x06, 0xB4, 0x76, 0x80, 0x75, 0xEB, 0xB4, 0x0A, 0x82, 0xD9,
    0x0A, 0xAE, 0xB6, 0xED, 0x43, 0x5B, 0x85, 0xD9, 0x2E, 0x6F, 0xDB, 0x9E, 0xF7, 0x6C, 0x07, 0xB3,
    0x55, 0x98, 0x2D, 0xAA, 0x4F, 0x5F, 0xE8, 0x2D, 0xAA, 0x7D, 0x20, 0x57, 0xD4, 0x36, 0x6E, 0x1D,
    0x63, 0xD0, 0xD6, 0xC4, 0x70, 0x62, 0x38, 0x54, 0xF1, 0x19, 0x8E, 0xE3, 0xB4, 0xA3, 0xE5, 0x1C,
    0x36, 0x61, 0x14, 0x36, 0x8C, 0x4C, 0xEF, 0xE1, 0x9D, 0xFD, 0x18, 0x34, 0x6C, 0xE9, 0x78, 0xF8,
    0x43, 0x9B, 0x69, 0xB0, 0xB0, 0x1D, 0xFF, 0x4A, 0x35, 0x20, 0x17, 0x54, 0xB4, 0x4C, 0x06, 0xEE,
    0xB8, 0xFB, 0x85, 0xE3, 0xFB, 0x80, 0x0E, 0xF0, 0x67, 0x1C, 0x07, 0x52, 0x93, 0xC4, 0x24, 0xCB,
    0xCB, 0x42, 0xF7, 0xFF, 0xAF, 0x2A, 0x70, 0x1F, 0x48, 0xFA, 0xB2, 0x4E, 0xB9, 0xF0, 0x02, 0x16,
    0xB9, 0xCC, 0x7B, 0x41, 0xEA, 0x59, 0x71, 0xF7, 0x19, 0x21, 0xFB, 0x0D, 0x3E, 0xFB, 0x24, 0xE8,
    0x15, 0xD5, 0x13, 0x4C, 0x9A, 0x21, 0x13, 0x50, 0xD1, 0x46, 0x6E, 0x2C, 0x91, 0xE5, 0xE6, 0xE5,
    0x7A, 0x63, 0x97, 0x4E, 0xBD, 0x64, 0xA6, 0x8B, 0x5A, 0x95, 0x5A, 0x97, 0xA7, 0x16, 0x68, 0x0E,
    0xA7, 0xB3, 0xA2, 0xDF, 0x94, 0xF2, 0x9F, 0x66, 0x12, 0xF5, 0xEE, 0x3A, 0x6D, 0x0D, 0xD3, 0x14,
    0xC1, 0xE4, 0x21, 0xF8, 0x40, 0x01, 0xD4, 0x1A, 0xCC, 0x51, 0xE7, 0xF9, 0x01, 0x71, 0xB3, 0x4E,
    0x3E, 0x14, 0x9C, 0x11, 0x3E, 0xE5, 0xA2, 0x26, 0x6B, 0xC9, 0xE3, 0x8A, 0x72, 0xCD, 0x69, 0x5A,
    0x13, 0xE7, 0xA7, 0xCF, 0x4A, 0x31, 0x33, 0xBC, 0x16, 0x7E, 0xE0, 0x51, 0x86, 0xCC, 0x55, 0x7E,
    0x90, 0xA0, 0x3E, 0xCA, 0xD6, 0xD8, 0x19, 0xBD, 0x31, 0x28, 0x2B, 0x2A, 0x1B, 0x63, 0x97, 0x95,
    0xC3, 0xA6, 0x9C, 0x56, 0xE5, 0xA5, 0x07, 0x20, 0x74, 0x87, 0xB2, 0xDF, 0x95, 0x3E, 0x29, 0x03,
    0x45, 0x52, 0xA1, 0x37, 0xF6, 0xC6, 0x92, 0xEA, 0x37, 0xB3, 0x56, 0x43, 0x43, 0x73, 0x87, 0xD5,
    0x7A, 0xFD, 0x01, 0x5A, 0x9E, 0xA3, 0x80, 0x9B, 0xE2, 0x84, 0xB3, 0xF2, 0x54, 0xA1, 0xBC, 0x89,
    0x55, 0xD3, 0x4F, 0xEF, 0xA9, 0xD1, 0x47, 0x77, 0x35, 0x9A, 0xDE, 0xA8, 0x11, 0x54, 0x1E, 0x73,
    0x56, 0x93, 0x84, 0x46, 0x6F, 0xF7, 0xC5, 0x66, 0x43, 0xC5, 0x53, 0x1F, 0xBE, 0x5D, 0x62, 0x74,
    0xD6, 0xCC, 0xD6, 0x03, 0xE4, 0xAA, 0x51, 0x4E, 0x84, 0xBB, 0x49, 0x93, 0xF4, 0x4B, 0x68, 0xBD,
    0xB8, 0x0B, 0xA6, 0x2C, 0xF0, 0x99, 0x9B, 0x20, 0xEC, 0x82, 0x49, 0x22, 0xEE, 0x5E, 0xEC, 0xB7,
    0x9E, 0x5F, 0x31, 0x39, 0x75, 0xAB, 0x04, 0xC0, 0xC0, 0xAD, 0xE4, 0x31, 0x91, 0xDC, 0x82, 0x20,
    0x1B, 0x28, 0xB2, 0x73, 0xC4, 0x94, 0x68, 0xD5, 0xD7, 0x49, 0xF5, 0x31, 0x9C, 0x35, 0xDD, 0x71,
    0xD7, 0x87, 0x21, 0x95, 0x66, 0x2C, 0xFD, 0xD9, 0x6A, 0x82, 0xDD, 0xD5, 0x22, 0x0B, 0x26, 0x33,
    0xDB, 0xAE, 0xED, 0xAD, 0x58, 0x14, 0xF1, 0x02, 0x18, 0xBE, 0x37, 0x5A, 0x1D, 0x5E, 0x59, 0x1E,
    0xA3, 0xBD, 0x05, 0x27, 0xD8, 0xFA, 0xA3, 0xE2, 0x3E, 0x6C, 0x98, 0xCA, 0x0F, 0xA6, 0x60, 0xD7,
    0xEF, 0x71, 0x56, 0xFA, 0x3D, 0xFE, 0xCE, 0xA8, 0x5D, 0xAE, 0x6E, 0x87, 0x82, 0x73, 0xAD, 0xBE,
    0xDD, 0xE9, 0xB8, 0xF9, 0x2C, 0xBE, 0xD3, 0x86, 0x50, 0xAA, 0x51, 0xB0, 0x29, 0x32, 0xB8, 0x4D,
    0xFC, 0x1D, 0xD3, 0x40, 0x32, 0x3A, 0x81, 0xBE, 0xCA, 0x0D, 0x78, 0xA4, 0x2F, 0xA4, 0xFA, 0xFC,
    0xB9, 0x70, 0xD0, 0xA8, 0x95, 0xDE, 0x47, 0x2B, 0x4C, 0xE8, 0xF8, 0x33, 0xEE, 0xE8, 0x4F, 0x4C,
    0x59, 0xC7, 0x98, 0x97, 0x33, 0xCB, 0x47, 0x65, 0xC7, 0x3B, 0x1E, 0xCA, 0x81, 0xCA, 0x9E, 0xB1,
    0x53, 0x85, 0x65, 0x0C, 0x68, 0xB8, 0x40, 0xCD, 0xD2, 0x91, 0x19, 0x22, 0x61, 0xC7, 0x5D, 0xDF,
    0xB4, 0x5C, 0x84, 0x43, 0x99, 0xE2, 0x94, 0x72, 0x04, 0xE6, 0xF2, 0x9E, 0xEF, 0xE6, 0xA9, 0xE3,
    0xF6, 0xF5, 0x14, 0xEB, 0xD7, 0xB0, 0x33, 0x33, 0x87, 0x7D, 0x58, 0x71, 0x4F, 0xEE, 0xFF, 0x43,
    0xD4, 0x19, 0x8E, 0xE8, 0xEC, 0x74, 0x27, 0xEA, 0x1D, 0xEF, 0x94, 0x3F, 0x5C, 0xFF, 0x59, 0x6B,
    0xA1, 0xE8, 0xE2, 0xBB, 0xA3, 0x4B, 0x18, 0x56, 0xF8, 0x88, 0x00, 0x7C, 0xF7, 0x6A, 0xFD, 0x43,
    0x59, 0xF5, 0x69, 0x19, 0x6B, 0xC2, 0x47, 0x49, 0xBD, 0xE6, 0x5E, 0x14, 0x68, 0xAE, 0x05, 0xC1,
    0x72, 0x7F, 0x5B, 0x15, 0x38, 0x05, 0xFE, 0x64, 0x53, 0xF9, 0x7F, 0xFF, 0x79, 0xDE, 0x97, 0x77,
    0x9A, 0x7C, 0x47, 0x31, 0x2C, 0x02, 0x7F, 0xA8, 0x56, 0x46, 0xD6, 0x1B, 0x6A, 0xBE, 0xD6, 0x36,
    0x02, 0x4E, 0x50, 0xE9, 0xED, 0x9E, 0x4B, 0x51, 0xD4, 0xAC, 0xF8, 0x5A, 0x94, 0x6F, 0x5B, 0x8D,
    0x6F, 0x35, 0xCD, 0x05, 0xE4, 0x8E, 0xCB, 0x2F, 0x6D, 0xFC, 0x89, 0x35, 0xAC, 0x17, 0x9B, 0x5E,
    0x87, 0xD4, 0x65, 0x4D, 0x49, 0x87, 0x6D, 0x4B, 0x7D, 0xDD, 0x5A, 0xEA, 0x0D, 0xDD, 0x39, 0xC2,
    0x25, 0xA0, 0x95, 0xD5, 0xC8, 0xAA, 0x70, 0x91, 0x5F, 0x97, 0xBF, 0xD0, 0x8E, 0xD7, 0x65, 0x7F,
    0xBF, 0x4F, 0xA0, 0x72, 0xC3, 0x5B, 0xDB, 0x5B, 0x92, 0xAB, 0x2A, 0xA1, 0x74, 0x0D, 0x1A, 0xAA,
    0x44, 0xCD, 0xF8, 0x55, 0x19, 0x9F, 0xD3, 0xDD, 0x4F, 0xD0, 0x0C, 0xDD, 0x21, 0x26, 0xB3, 0x19,
    0xC2, 0x11, 0x8F, 0x39, 0x56, 0x44, 0x97, 0x6D, 0xA4, 0x70, 0x1C, 0xF6, 0x8A, 0xDC, 0x30, 0xCD,
    0x3E, 0x35, 0xD9, 0x65, 0xF8, 0x38, 0xAD, 0xCD, 0xD6, 0xA8, 0x12, 0x96, 0x2A, 0x15, 0x25, 0x02,
    0xA6, 0x30, 0x8A, 0xFB, 0x45, 0x09, 0xCC, 0xE2, 0xC5, 0xD8, 0xF0, 0x57, 0x19, 0x61, 0x64, 0x74,
    0x59, 0x6C, 0x08, 0xC6, 0x4E, 0x94, 0xFA, 0x00, 0x97, 0xEE, 0x70, 0xA7, 0x93, 0x9B, 0xAB, 0x2B,
    0x03, 0x77, 0x4A, 0x0D, 0x33, 0x39, 0xC3, 0x6F, 0x08, 0xCB, 0xB0, 0x97, 0x29, 0x60, 0xD2, 0x9F,
    0x28, 0xE2, 0x2C, 0x55, 0x5C, 0x46, 0x1B, 0x3E, 0x94, 0x45, 0x3E, 0xC7, 0x0D, 0xCB, 0x64, 0x23,
    0x8F, 0x4B, 0x0D, 0xEC, 0x36, 0x26, 0xB2, 0x38, 0x54, 0x41, 0xAC, 0x60, 0xDA, 0x58, 0x76, 0xBF,
    0x96, 0x9D, 0xA9, 0x5C, 0xE6, 0x76, 0x89, 0xBB, 0x5F, 0xEA, 0x98, 0x6D, 0xEF, 0x78, 0x5C, 0x76,
    0xDA, 0x3E, 0xBC, 0x2C, 0xBB, 0xFF, 0x4B, 0x09, 0x3C, 0x7D, 0x52, 0x1A, 0x89, 0xB5, 0xED, 0x15,
    0x2B, 0xAE, 0xA5, 0xC1, 0x2D, 0x70, 0x93, 0xCB, 0x00, 0x73, 0x3A, 0x43, 0x4B, 0x18, 0x0B, 0xDC,
    0x97, 0x54, 0x4B, 0xCE, 0x96, 0x68, 0xD9, 0x43, 0x2C, 0x5F, 0x51, 0x56, 0xCB, 0x88, 0x9A, 0x9A,
    0xD1, 0x22, 0xAB, 0x7C, 0x63, 0xCF, 0x1D, 0xCF, 0xC8, 0x51, 0x83, 0xF0, 0x8D, 0xFD, 0xD1, 0x1F,
    0xF9, 0x8F, 0x12, 0x64, 0x35, 0x1E, 0x97, 0xC0, 0x15, 0xD3, 0x0D, 0x67, 0x30, 0x49, 0x76, 0x42,
    0xDC, 0xA3, 0x5E, 0xAF, 0x38, 0x0A, 0x9B, 0x13, 0x20, 0xB9, 0x1B, 0x37, 0x23, 0x0B, 0x23, 0x34,
    0xC2, 0x62, 0x11, 0x12, 0xDE, 0x7D, 0xD6, 0x5C, 0x85, 0xCE, 0x06, 0x2A, 0x39, 0x7B, 0xC1, 0x69,
    0x99, 0x6C, 0xCA, 0xFF, 0x00, 0xFF, 0x05, 0xBD, 0x96, 0x57, 0xB2, 0xF5, 0x38, 0x15, 0x85, 0xB7,
    0xCF, 0xA9, 0xBE, 0xAE, 0x6A, 0x3F, 0xF8, 0x85, 0x9C, 0xF4, 0x4E, 0xF2, 0x0C, 0x90, 0x47, 0x40,
    0xCE, 0x0C, 0xE2, 0x8E, 0x80, 0x92, 0x7B, 0x04, 0xDC, 0x11, 0x90, 0x5F, 0xC8, 0x43, 0xB0, 0xA1,
    0xDF, 0x88, 0x6E, 0x18, 0x40, 0x9B, 0x9C, 0xC1, 0xD0, 0xAE, 0xFA, 0x0D, 0x25, 0x6B, 0xB5, 0xD7,
    0x92, 0xCF, 0x7F, 0x4F, 0xE7, 0xDC, 0x37, 0xAC, 0x6F, 0xDF, 0x20, 0x79, 0x69, 0x6B, 0x4B, 0xDE,
    0x66, 0x6F, 0x4B, 0x77, 0x66, 0x05, 0x80, 0xCE, 0x1C, 0x80, 0xC1, 0x02, 0xB5, 0xC0, 0x62, 0x18,
    0x4A, 0x74, 0x16, 0x86, 0x3A, 0xD9, 0xAE, 0x2E, 0x9A, 0xF9, 0xCE, 0xEF, 0xFA, 0x11, 0xF3, 0x8B,
    0x99, 0x59, 0x90, 0xF6, 0x33, 0x15, 0x2F, 0xA4, 0x8B, 0x74, 0xA5, 0xF6, 0x51, 0xA3, 0x12, 0xD5,
    0xA3, 0xDD, 0xB5, 0xC1, 0x64, 0xF6, 0xF1, 0x1A, 0xF8, 0xEE, 0x8F, 0xA6, 0x12, 0x00, 0xC6, 0x02,
    0x0F, 0x3D, 0xB4, 0x76, 0x03, 0x0D, 0x7C, 0xE4, 0x33, 0xFB, 0xF7, 0xF7, 0xF0, 0xB7, 0xD6, 0xF4,
    0xFB, 0xD4, 0x0A, 0x98, 0xCC, 0x13, 0x9B, 0x15, 0x98, 0x6F, 0xF8, 0xEF, 0x98, 0xCD, 0x63, 0x20,
    0x2A, 0x4C, 0xC4, 0x19, 0x33, 0x41, 0x13, 0xC2, 0x2A, 0x84, 0x78, 0x0D, 0xFF, 0x22, 0x08, 0xAB,
    0xD0, 0x2F, 0x42, 0x9E, 0xAC, 0xB8, 0x4C, 0x3D, 0x10, 0xB5, 0x1E, 0x5B, 0xF4, 0x34, 0x01, 0x60,
    0xB1, 0xE6, 0xDE, 0xFF, 0xFF, 0x8C, 0xF8, 0xFF, 0xE1, 0x1A, 0xE3, 0xB5, 0xDE, 0x50, 0x35, 0x91,
    0x1B, 0x35, 0x4F, 0xD6, 0x6C, 0xBE, 0x7B, 0xBE, 0x3C, 0x02, 0xF1, 0x4A, 0x57, 0xE9, 0xF2, 0x02,
    0x79, 0x2F, 0x47, 0xCD, 0x33, 0x6B, 0x4E, 0x69, 0x33, 0xCB, 0xDF, 0x2C, 0x7B, 0xD3, 0x95, 0x93,
    0x41, 0x7A, 0x2F, 0x32, 0xC6, 0x11, 0x92, 0x9E, 0x12, 0x28, 0x5F, 0xA6, 0xD8, 0x73, 0x84, 0x1E,
    0x0E, 0xE1, 0x98, 0x63, 0x4D, 0xF6, 0xC2, 0x42, 0xCF, 0x8E, 0xFF, 0x16, 0x38, 0x40, 0x62, 0x76,
    0xD3, 0xFF, 0x55, 0xF5, 0xA1, 0x75, 0x55, 0x79, 0x91, 0x3E, 0x03, 0x9B, 0xB9, 0x68, 0x67, 0x8C,
    0x56, 0x45, 0x66, 0x9B, 0x70, 0xC9, 0xAC, 0x8C, 0xDC, 0x24, 0x3B, 0x2F, 0xE6, 0x57, 0xB3, 0x42,
    0xC5, 0x98, 0xAB, 0x51, 0xC0, 0xB3, 0xB0, 0xD7, 0xD0, 0x67, 0x5A, 0xED, 0x17, 0x06, 0x2C, 0x07,
    0xF8, 0xA8, 0xAE, 0x5F, 0x69, 0x88, 0xD5, 0x60, 0x35, 0xCC, 0x27, 0xA1, 0x41, 0x4B, 0xD4, 0x98,
    0x88, 0x12, 0xE9, 0x33, 0xB7, 0xC8, 0x3B, 0x8C, 0xEC, 0x2C, 0x19, 0x8B, 0x13, 0x77, 0xAA, 0xCE,
    0xBC, 0xC3, 0x93, 0x03, 0xE6, 0x9D, 0xE3, 0xC1, 0xCE, 0x69, 0x9F, 0x17, 0x63, 0x75, 0x1C, 0x55,
    0xF5, 0x2A, 0xC8, 0x8F, 0x17, 0xE4, 0xAB, 0x9E, 0xB7, 0x50, 0x75, 0x6E, 0x2C, 0xD7, 0xB1, 0xBA,
    0xF6, 0x7D, 0xC5, 0xE3, 0xBB, 0xBB, 0xC9, 0x75, 0xF6, 0xBA, 0x7C, 0xF3, 0xB9, 0xCD, 0xFD, 0xDC,
    0x3A, 0xEE, 0xDD, 0x43, 0x31, 0x7B, 0x37, 0x46, 0xE3, 0xD9, 0x7A, 0x73, 0xA4, 0x44, 0xC7, 0x7A,
    0x6B, 0xB5, 0xE7, 0xA6, 0xCD, 0x37, 0x44, 0xFE, 0x6A, 0xE1, 0x36, 0x4F, 0xA6, 0x42, 0xB0, 0x6A,
    0x35, 0xED, 0xF0, 0x00, 0xAC, 0x3B, 0x1E, 0x03, 0x96, 0x80, 0x64, 0x81, 0xDB, 0x3B, 0x5B, 0x93,
    0x77, 0xB7, 0x5F, 0x88, 0x02, 0x03, 0x51, 0xC2, 0x08, 0x17, 0x85, 0x30, 0x0B, 0x18, 0x88, 0x07,
    0xC9, 0x08, 0xC4, 0x8C, 0x2D, 0x03, 0xC2, 0x03, 0x0C, 0xC4, 0x7F, 0x71, 0x0C, 0x38, 0x86, 0x27,
    0xA1, 0x41, 0x47, 0xD4, 0x98, 0x88, 0x33, 0x56, 0xC2, 0xC0, 0xBA, 0x5C, 0xE8, 0xA5, 0x01, 0x06,
    0x27, 0x83, 0x43, 0x89, 0x48, 0xC8, 0x13, 0x2B, 0xB4, 0x65, 0xAA, 0xCD, 0x2E, 0xCA, 0x89, 0x1E,
    0xC1, 0x62, 0x9A, 0xF6, 0x75, 0xD6, 0xE7, 0x5E, 0x3D, 0xEE, 0xFA, 0x02, 0x9A, 0x9E, 0x7B, 0x01,
    0x9D, 0xC0, 0x61, 0x97, 0xA0, 0xA2, 0x6F, 0xE4, 0x23, 0xDA, 0x9A, 0xC3, 0xAA, 0x6F, 0xAB, 0x11,
    0xAD, 0xC1, 0x92, 0x03, 0x9F, 0x83, 0xCD, 0x3C, 0x17, 0xE8, 0xFE, 0x9E, 0x2C, 0x04, 0x9E, 0xE2,
    0x3F, 0xC3, 0xD0, 0xEC, 0x41, 0xF3, 0x7B, 0x06, 0x71, 0x0F, 0x7E, 0x8D, 0xC7, 0x36, 0x06, 0xFE,
    0x09, 0xFC, 0x24, 0x2A, 0x18, 0xF1, 0x78, 0x74, 0x39, 0xF8, 0xCD, 0xA2, 0x60, 0x08, 0x7F, 0x9F,
    0x73, 0xE0, 0x31, 0xD7, 0x9B, 0x59, 0xD8, 0x83, 0x31, 0x07, 0x0E, 0x03, 0x83, 0x7E, 0xA8, 0xF7,
    0x20, 0x31, 0xA8, 0xD0, 0x31, 0x40, 0x57, 0xC2, 0x6A, 0x30, 0x38, 0x5F, 0x82, 0x53, 0xE2, 0x05,
    0xE5, 0x90, 0xEC, 0x2F, 0xD6, 0x23, 0x7A, 0xC0, 0xEC, 0x04, 0x06, 0x29, 0x07, 0x01, 0x8B, 0x95,
    0x2A, 0x9E, 0x28, 0x7A, 0x80, 0x9C, 0x6E, 0xB4, 0x54, 0x96, 0x11, 0x06, 0xAB, 0x23, 0x39, 0x1F,
    0x5C, 0x0F, 0xC6, 0x83, 0xC8, 0x7C, 0x12, 0x9D, 0xF8, 0x33, 0x8C, 0xE2, 0xE3, 0x98, 0xC5, 0x1F,
    0x63, 0x15, 0x87, 0x7E, 0xCB, 0xF4, 0xC8, 0xAC, 0xF1, 0x15, 0xB1, 0xC4, 0x93, 0xE2, 0x19, 0x10,
    0xED, 0xC2, 0x70, 0xB0, 0xC9, 0x54, 0x9E, 0x0B, 0x8C, 0x56, 0x2A, 0xF1, 0xB0, 0xD3, 0xCE, 0x40,
    0x9F, 0x3B, 0x7B, 0xD2, 0x47, 0xD3, 0xC7, 0x3B, 0xDB, 0x5D, 0xDE, 0xC5, 0x1E, 0xC2, 0x0A, 0x20,
    0xED, 0x70, 0x00, 0x26, 0xD5, 0x19, 0x56, 0x16, 0xE7, 0x09, 0x49, 0x27, 0xCD, 0xA3, 0x65, 0xA2,
    0x6A, 0x74, 0x4C, 0x77, 0x89, 0x41, 0x17, 0x38, 0x46, 0xBF, 0x30, 0x3D, 0x53, 0xD8, 0x51, 0x60,
    0xEE, 0x8F, 0xDA, 0x7F, 0x31, 0x2C, 0xC4, 0x84, 0xD5, 0x68, 0xB1, 0x8F, 0xC4, 0x10, 0x34, 0xD9,
    0xE0, 0x13, 0xA7, 0x6E, 0x1F, 0x5E, 0xE0, 0x23, 0x8D, 0x96, 0x48, 0x9F, 0xC5, 0x62, 0x47, 0x6F,
    0x61, 0x3E, 0xFB, 0xBC, 0x91, 0x4D, 0xB3, 0xB7, 0x7E, 0x9A, 0xF2, 0x23, 0xA4, 0x2E, 0x7B, 0x96,
    0xE2, 0xF2, 0x26, 0xC7, 0xEC, 0x30, 0xEA, 0xC0, 0x4D, 0x3A, 0xDF, 0xB3, 0x3D, 0xDF, 0xD7, 0x49,
    0x7F, 0x2D, 0xF5, 0xFF, 0xB7, 0xE8, 0x0C, 0x7A, 0x04, 0x67, 0x93, 0xDE, 0x51, 0xBF, 0xFD, 0xD2,
    0xE7, 0x67, 0x51, 0xFA, 0x8E, 0x53, 0x3A, 0x1D, 0xFA, 0xD2, 0xF9, 0xDD, 0xEC, 0xAC, 0xFC, 0xDA,
    0xEB, 0x99, 0x5F, 0xA1, 0xC0, 0x94, 0xF3, 0x3B, 0x5E, 0xE7, 0x17, 0xDD, 0xD5, 0x0B, 0xD2, 0x6F,
    0xCC, 0xEF, 0x97, 0xE4, 0x25, 0x3B, 0xF3, 0x60, 0x81, 0x5C, 0xBA, 0x37, 0x73, 0xA9, 0x25, 0x4A,
    0x10, 0x34, 0x4C, 0x98, 0xC7, 0x1D, 0x51, 0x01, 0x20, 0x0F, 0x38, 0x6C, 0x84, 0xDD, 0x2E, 0x1F,
    0x00, 0x38, 0x4E, 0xAB, 0x14, 0xF4, 0x7A, 0x20, 0x74, 0xC3, 0x56, 0x98, 0x88, 0x13, 0x66, 0xC2,
    0x9E, 0x0F, 0xC5, 0xE5, 0xA6, 0x1C, 0x08, 0x3A, 0x36, 0xB5, 0x8B, 0xC2, 0x92, 0xD1, 0x66, 0x74,
    0xC4, 0x7F, 0x30, 0x11, 0x73, 0xBF, 0x08, 0x7E, 0x13, 0x6A, 0x10, 0xDA, 0x5A, 0x3D, 0x6F, 0xD1,
    0x0A, 0x90, 0x58, 0x1F, 0xBC, 0x28, 0xC2, 0x8E, 0x0A, 0x0B, 0xA1, 0x07, 0xB2, 0x96, 0x5A, 0x2B,
    0xFA, 0x6F, 0x1B, 0xFF, 0x63, 0x2A, 0x00, 0x0E, 0x06, 0x27, 0xEA, 0xFC, 0xDC, 0x24, 0x73, 0xB3,
    0x8F, 0x59, 0xEA, 0xC9, 0x6F, 0xF6, 0x68, 0xEB, 0xE9, 0xA2, 0xC9, 0x8D, 0x91, 0xD2, 0x8A, 0xC5,
    0xCE, 0x5A, 0x6E, 0x0F, 0x8C, 0xCC, 0xD0, 0xCC, 0x50, 0xAD, 0x51, 0x74, 0x3C, 0x81, 0xA1, 0xB3,
    0x10, 0xC3, 0x60, 0x9E, 0x12, 0xD6, 0xC0, 0x15, 0x87, 0x7D, 0x0B, 0xA6, 0x00, 0x99, 0x42, 0x62,
    0xA6, 0xFE, 0x90, 0x3B, 0x67, 0xBC, 0xD0, 0x47, 0xEB, 0xA3, 0x01, 0x76, 0xAF, 0x3D, 0x35, 0x7D,
    0x88, 0xBA, 0x1A, 0xD5, 0x5E, 0x3F, 0x0D, 0xDC, 0xCC, 0x4A, 0x7B, 0xD9, 0x5C, 0xFA, 0xBB, 0x55,
    0xF5, 0x5D, 0x1F, 0xAD, 0x80, 0xCB, 0xEC, 0x78, 0xF1, 0xAB, 0xE5, 0x08, 0x47, 0xDB, 0xE1, 0xE7,
    0x37, 0x91, 0x4B, 0x66, 0xCF, 0x9A, 0x9B, 0x76, 0x46, 0x33, 0x8C, 0x6A, 0x0D, 0x4E, 0x18, 0xE8,
    0xFD, 0x8F, 0xB7, 0xEA, 0x17, 0xF2, 0x01, 0xD7, 0x3E, 0x2D, 0x2A, 0x58, 0xA0, 0x23, 0xED, 0x33,
    0x1F, 0xDF, 0xE5, 0xD8, 0x86, 0x0B, 0x75, 0x63, 0x36, 0x6C, 0x65, 0x55, 0x3E, 0x93, 0x9D, 0x31,
    0xEF, 0x1C, 0xC4, 0x13, 0x3A, 0x95, 0xD4, 0x59, 0x05, 0xBA, 0x5A, 0x09, 0xD3, 0x73, 0x2B, 0xCE,
    0xEF, 0x37, 0xAB, 0x23, 0x99, 0xCC, 0xAD, 0x3A, 0x1F, 0xD6, 0xF0, 0x79, 0x35, 0x5A, 0xDA, 0xB4,
    0x0A, 0x5D, 0x18, 0xE5, 0x63, 0xA0, 0x3D, 0x3B, 0x61, 0x94, 0x8F, 0x02, 0xBF, 0xCD, 0xC7, 0x0D,
    0x4F, 0x81, 0xB0, 0xFE, 0xC1, 0x26, 0x7A, 0x44, 0xB1, 0xC1, 0x2A, 0x3A, 0xCC, 0x62, 0x7D, 0xB0,
    0xC4, 0x48, 0x70, 0x42, 0x91, 0xEE, 0xF2, 0x11, 0x79, 0xF4, 0xDB, 0xE6, 0x73, 0xDD, 0xD4, 0x91,
    0x51, 0x8F, 0x64, 0x8E, 0x1D, 0xE4, 0xE6, 0x30, 0x59, 0x93, 0x78, 0x49, 0x70, 0xB4, 0x87, 0x5E,
    0x30, 0x6A, 0xF1, 0xAD, 0x40, 0xC7, 0x23, 0xDA, 0xA3, 0x3D, 0xC1, 0x74, 0x79, 0xA2, 0x3B, 0x43,
    0x79, 0x06, 0x86, 0x73, 0x62, 0xA6, 0x0B, 0x60, 0x2C, 0xA3, 0x59, 0x88, 0x27, 0x96, 0x03, 0x6B,
    0x23, 0x9E, 0x37, 0xCC, 0x35, 0x6B, 0x65, 0x3B, 0xC7, 0x7E, 0x76, 0x3C, 0x1B, 0xA9, 0x5C, 0xC3,
    0xD2, 0xCC, 0xB4, 0x5A, 0x2D, 0x7E, 0xF5, 0x13, 0x57, 0x5F, 0xCF, 0x4D, 0xF4, 0x23, 0x6D, 0x7F,
    0x6C, 0x76, 0x5B, 0x50, 0x63, 0xF7, 0xB5, 0xB1, 0x4E, 0x7D, 0x47, 0xEB, 0xFF, 0x1E, 0x2A, 0x1D,
    0xF1, 0x42, 0x3D, 0x91, 0x12, 0xA1, 0xE7, 0x27, 0x65, 0x04, 0x76, 0x82, 0x92, 0x22, 0x9F, 0xB9,
    0x56, 0x93, 0xB6, 0xC0, 0xF8, 0x60, 0x3B, 0xDA, 0x27, 0x47, 0x6B, 0xB3, 0x8A, 0x37, 0x3A, 0x80,
    0x5B, 0xBF, 0x36, 0x3B, 0x2B, 0xD5, 0x6E, 0xD2, 0x44, 0x05, 0xB3, 0xE6, 0x38, 0xB5, 0xAA, 0x7C,
    0xAC, 0x72, 0x6D, 0xCC, 0x1C, 0xCB, 0x19, 0xFD, 0x4C, 0x86, 0x0D, 0x03, 0xD9, 0xC8, 0x94, 0x5A,
    0x98, 0x23, 0xD7, 0xAB, 0x5D, 0x5F, 0x8D, 0x27, 0x44, 0xB1, 0x04, 0x44, 0x77, 0xD4, 0x96, 0x7F,
    0x0A, 0x23, 0x89, 0x27, 0xB0, 0xE4, 0xAD, 0xE9, 0xA3, 0xFE, 0x4D, 0xBE, 0x69, 0xD4, 0x71, 0x62,
    0xBF, 0x5A, 0x8D, 0x51, 0xD9, 0x2E, 0xB1, 0x68, 0x74, 0xC8, 0x75, 0x38, 0x20, 0xB3, 0x23, 0x9F,
    0x06, 0xB5, 0x97, 0x21, 0x8C, 0xE4, 0xC8, 0x15, 0x86, 0x7F, 0xB7, 0x35, 0xD7, 0x52, 0x0C, 0x4C,
    0xB2, 0xE4, 0x36, 0x92, 0x39, 0x32, 0x47, 0xD5, 0xE1, 0x64, 0xC0, 0x0D, 0xC9, 0x80, 0x04, 0x87,
    0x0C, 0x97, 0x22, 0xB9, 0x59, 0xE8, 0x92, 0x6C, 0x40, 0x48, 0x38, 0x59, 0x2E, 0x45, 0x71, 0xF1,
    0x80, 0x98, 0x44, 0x81, 0x67, 0xB0, 0xC7, 0x2B, 0x17, 0x03, 0x4F, 0x62, 0xFB, 0x4B, 0xFD, 0x72,
    0xB7, 0x66, 0xF6, 0x74, 0x73, 0xC9, 0x5E, 0x76, 0xAD, 0x7A, 0x5F, 0x95, 0xBA, 0x5F, 0xBF, 0x7A,
    0x7F, 0xBD, 0xAE, 0x7E, 0x33, 0xC0, 0xCF, 0x21, 0x01, 0x07, 0x48, 0x3D, 0x5B, 0x01, 0x43, 0xC5,
    0xA8, 0x7A, 0x55, 0x99, 0xA7, 0x66, 0x96, 0x48, 0x0A, 0x49, 0xEA, 0x67, 0x75, 0x83, 0x14, 0x16,
    0x11, 0xA5, 0x26, 0x7B, 0x4A, 0xAA, 0x29, 0x37, 0x49, 0x25, 0xBF, 0x5D, 0x24, 0x1D, 0xF8, 0xEB,
    0x24, 0x49, 0x90, 0x3C, 0x75, 0x44, 0x4F, 0x81, 0xB3, 0xEC, 0x8A, 0x3E, 0x6E, 0x6A, 0x78, 0xE3,
    0x98, 0x80, 0xA4, 0xEA, 0xF9, 0xD4, 0x00, 0xAB, 0x5A, 0x00, 0x05, 0xF3, 0x64, 0xA2, 0x30, 0x28,
    0xAC, 0x0A, 0x51, 0xCC, 0x0A, 0xE7, 0x03, 0x49, 0x8D, 0x8E, 0x0C, 0x0E, 0x89, 0x73, 0x68, 0x91,
    0xD3, 0x5A, 0x4D, 0x66, 0xE7, 0x4D, 0x72, 0x50, 0xA2, 0x1C, 0xF4, 0xE4, 0x64, 0x2D, 0x47, 0xBD,
    0xD5, 0x14, 0x4C, 0xFA, 0x89, 0x4F, 0x41, 0x6D, 0xAC, 0x89, 0x0A, 0xD1, 0x9F, 0xEF, 0x62, 0xB7,
    0x49, 0x44, 0xFC, 0x9C, 0x7B, 0xF3, 0xD4, 0x3D, 0x65, 0xA2, 0xFD, 0x81, 0xD3, 0xD3, 0x88, 0xFA,
    0xF4, 0xE3, 0x59, 0xFC, 0x5F, 0x5B, 0x5A, 0x37, 0x66, 0xB8, 0x4C, 0x6A, 0x26, 0xEB, 0x5D, 0xAC,
    0xCB, 0x42, 0x5D, 0x1F, 0x1D, 0xB0, 0x1E, 0xEC, 0x48, 0xB4, 0xF7, 0x70, 0xF5, 0x6E, 0x9F, 0xBC,
    0x8D, 0x4B, 0x35, 0x7F, 0xD8, 0x7B, 0x36, 0xEC, 0x7D, 0x7C, 0xE6, 0x7D, 0xBA, 0x7A, 0xF7, 0x03,
    0xC4, 0x7D, 0xF4, 0x9F, 0x45, 0xBA, 0xC3, 0x72, 0x1D, 0xBB, 0xB4, 0xD2, 0xDB, 0x1F, 0x9D, 0xB1,
    0x0B, 0xA5, 0x86, 0x51, 0x6A, 0xBF, 0x4E, 0x52, 0xF8, 0xCB, 0x24, 0xF5, 0xFE, 0x72, 0x52, 0x2E,
    0x2A, 0x38, 0x6C, 0x2A, 0xD7, 0x02, 0x95, 0x8B, 0x38, 0x67, 0xC5, 0x7D, 0xAC, 0x27, 0x85, 0xA1,
    0xF1, 0x57, 0x3C, 0x8C, 0x6A, 0x52, 0x18, 0xB2, 0x3E, 0x80, 0xE5, 0x3B, 0x90, 0x7E, 0xA6, 0x4E,
    0x9C, 0x19, 0x42, 0xAA, 0x97, 0xC3, 0xAA, 0xDF, 0x58, 0xF6, 0xDD, 0x49, 0xEA, 0x98, 0x75, 0x04,
    0xD4, 0x00, 0xA7, 0xB0, 0xFD, 0x92, 0x18, 0xA6, 0x92, 0x58, 0xA5, 0x0C, 0xC9, 0xF8, 0xE2, 0x1D,
    0xB1, 0x00, 0x62, 0x6D, 0x04, 0xA3, 0x5B, 0x4B, 0x22, 0x93, 0x91, 0xAE, 0x60, 0x7D, 0xE0, 0x7D,
    0x0F, 0xAC, 0x81, 0x85, 0xA5, 0x62, 0xEC, 0x92, 0xEE, 0x74, 0x23, 0x3D, 0x24, 0x49, 0x2D, 0x66,
    0xF7, 0x8C, 0x37, 0x98, 0x7A, 0x99, 0x37, 0xB7, 0x12, 0xDF, 0xB2, 0x49, 0x00, 0xD1, 0x64, 0x14,
    0xDC, 0x93, 0xC4, 0x54, 0x30, 0xD9, 0xB3, 0x9F, 0xCD, 0x6E, 0x31, 0xC3, 0x4B, 0xDC, 0x7D, 0x76,
    0xFF, 0x94, 0x59, 0x38, 0xCE, 0xE3, 0xFD, 0x25, 0xE6, 0xC9, 0xEA, 0x56, 0xA9, 0x77, 0x78, 0xE9,
    0xEE, 0x2B, 0x99, 0x27, 0x97, 0x62, 0x96, 0x00, 0x95, 0xC0, 0xB9, 0xE6, 0x0F, 0xC4, 0x76, 0x3D,
    0x10, 0x1D, 0xEF, 0xEC, 0x70, 0x8E, 0x76, 0xEB, 0xA8, 0x7A, 0x8E, 0xC9, 0x98, 0xAF, 0x37, 0xB1,
    0x23, 0x23, 0xF0, 0xCD, 0xFD, 0x7E, 0x7E, 0xA5, 0x43, 0xA9, 0x63, 0xBD, 0x14, 0x40, 0xBA, 0xB7,
    0x57, 0x85, 0xD9, 0x3C, 0x63, 0xD1, 0x99, 0x0A, 0xDF, 0xCF, 0x3B, 0xBF, 0xDB, 0xC2, 0xA2, 0x02,
    0xF3, 0x88, 0x59, 0xF3, 0xBB, 0x7E, 0x51, 0xBB, 0xDA, 0x27, 0xCC, 0x66, 0x37, 0x99, 0x7D, 0x32,
    0x79, 0x89, 0xBB, 0xCF, 0xEE, 0xBF, 0xFA, 0x2C, 0x03, 0xBF, 0x67, 0x71, 0x78, 0x78, 0x53, 0xC3,
    0xD7, 0xA4, 0x03, 0x5B, 0x4D, 0xD2, 0xAB, 0xDB, 0x9B, 0x3B, 0x49, 0xB6, 0x96, 0xD9, 0x7B, 0xE3,
    0xAD, 0x89, 0x35, 0x6F, 0x19, 0xDA, 0x45, 0xFD, 0x18, 0x26, 0x85, 0xD4, 0xA5, 0x8C, 0x1E, 0x48,
    0x7C, 0x80, 0xF1, 0xE9, 0x84, 0xFA, 0x59, 0xF2, 0x76, 0xFB, 0xE1, 0x8C, 0x8D, 0xDF, 0x75, 0xA8,
    0xA8, 0x9E, 0xED, 0x7A, 0x38, 0xAF, 0x39, 0x4B, 0x30, 0xA9, 0x84, 0x55, 0xB5, 0xD1, 0xAE, 0x47,
    0x8B, 0x2B, 0x66, 0x6B, 0xBB, 0xB5, 0x34, 0xED, 0x20, 0xE3, 0x0B, 0x7B, 0x74, 0x46, 0x7F, 0xC1,
    0x22, 0xBF, 0xF1, 0x63, 0x71, 0x84, 0x37, 0x6A, 0xF1, 0x39, 0x19, 0x56, 0xFE, 0xEA, 0xE4, 0x17,
    0x18, 0x84, 0x59, 0x9A, 0xB1, 0xE2, 0x2D, 0x7F, 0x3F, 0xD7, 0xAB, 0xBA, 0x51, 0xF5, 0xA2, 0x90,
    0x2E, 0xAC, 0x70, 0x14, 0xAB, 0x1A, 0x55, 0xD8, 0x51, 0xBB, 0xB8, 0x83, 0x5F, 0x50, 0xD6, 0x21,
    0xD9, 0xD3, 0x5C, 0x65, 0xDA, 0xF3, 0x52, 0x4B, 0x47, 0xDE, 0x54, 0x6F, 0x80, 0x82, 0x0F, 0x40,
    0x7D, 0x32, 0x99, 0x54, 0x6D, 0xC2, 0x75, 0xB2, 0x3E, 0x17, 0xCF, 0x89, 0xF8, 0xB3, 0x3E, 0xB6,
    0x9E, 0x37, 0xDA, 0xAF, 0xDC, 0xF5, 0xCE, 0xA9, 0x7B, 0x9A, 0x9E, 0xAE, 0x9D, 0x7E, 0x78, 0xF2,
    0xDD, 0x13, 0xFF, 0x60, 0xF3, 0xF4, 0x6F, 0x67, 0xBE, 0xEB, 0xD5, 0xE5, 0xFE, 0x89, 0xB9, 0xF0,
    0x94, 0xED, 0x93, 0x4D, 0x15, 0x5B, 0x09, 0x6A, 0xA1, 0xDE, 0xBB, 0xA2, 0x27, 0x75, 0x67, 0x1D,
    0x18, 0xE5, 0x6E, 0x67, 0xF3, 0x5A, 0xFD, 0x49, 0x1F, 0x3C, 0xAF, 0xFE, 0xA8, 0xC6, 0x35, 0xBA,
    0x98, 0x33, 0xD3, 0x47, 0xDA, 0x6B, 0x50, 0x70, 0x3B, 0xCC, 0xA6, 0xE3, 0x2C, 0xB5, 0x9B, 0x14,
    0xB0, 0xED, 0xEB, 0x6A, 0xD2, 0x07, 0x4F, 0xF1, 0x0B, 0x97, 0x51, 0xE5, 0xC5, 0xD4, 0x20, 0xD5,
    0xFF, 0x8F, 0x6D, 0x52, 0xB3, 0xEE, 0xD7, 0x9B, 0x49, 0x47, 0x92, 0x3A, 0xA2, 0x82, 0x5F, 0x7E,
    0x2F, 0x15, 0x2F, 0xFC, 0x8A, 0x16, 0x98, 0xFA, 0x6F, 0xEC, 0x98, 0x32, 0x7B, 0xCC, 0x86, 0x21,
    0xB3, 0x5E, 0x95, 0x19, 0x26, 0xB3, 0x77, 0x5D, 0xBF, 0x45, 0xAE, 0xF5, 0x6A, 0x82, 0xF9, 0x4F,
    0xCE, 0x7E, 0x9D, 0x68, 0x1F, 0x92, 0xD9, 0x2D, 0x66, 0xD8, 0xCC, 0x9A, 0x73, 0x66, 0xC5, 0x50,
    0xB1, 0x96, 0xCC, 0x2D, 0x88, 0xCD, 0xB4, 0x04, 0xA9, 0xB8, 0x75, 0xCE, 0xAD, 0x75, 0x5C, 0x4C,
    0x9F, 0xC9, 0xAE, 0xB5, 0xB3, 0xE9, 0x55, 0xBE, 0xA1, 0x1E, 0x2D, 0x47, 0xE6, 0x3C, 0x04, 0x3D,
    0x04, 0x36, 0x71, 0x79, 0x4E, 0x25, 0xEB, 0x83, 0xC7, 0xB9, 0x74, 0xEE, 0x63, 0x45, 0x2C, 0x3F,
    0xFF, 0x68, 0x99, 0x1A, 0x8F, 0xA5, 0x63, 0x0E, 0x1E, 0x6B, 0x7F, 0x5D, 0x38, 0xE7, 0x4B, 0xC2,
    0x82, 0x0E, 0xF4, 0x94, 0xA7, 0x3F, 0x3B, 0x1C, 0x3F, 0x4D, 0x02, 0x73, 0xED, 0xDD, 0x17, 0x6F,
    0x8D, 0x79, 0xED, 0x72, 0xAE, 0x26, 0xDE, 0x05, 0x17, 0xF5, 0x2D, 0x8B, 0x7F, 0xC8, 0x57, 0x37,
    0x90, 0xAD, 0x9B, 0xD4, 0xD0, 0xA7, 0x0C, 0x92, 0xEA, 0xE7, 0x98, 0x54, 0x6F, 0x19, 0xCD, 0xEA,
    0x8E, 0xB3, 0x74, 0xAB, 0xC2, 0x1C, 0x78, 0xEB, 0x00, 0x97, 0x50, 0x52, 0xCF, 0xE4, 0x1F, 0x72,
    0xE9, 0x2A, 0xB0, 0xBA, 0x96, 0x43, 0xF8, 0x39, 0x1F, 0xAF, 0x02, 0x4B, 0xC6, 0x92, 0x78, 0xC0,
    0x2C, 0x48, 0x99, 0x7A, 0x81, 0xC5, 0xC5, 0x67, 0xC8, 0xDC, 0xC7, 0xD1, 0x75, 0xFC, 0xE6, 0x01,
    0x95, 0xC0, 0x6A, 0x92, 0x4C, 0xCE, 0x99, 0x7F, 0xBB, 0x95, 0xFC, 0xD9, 0xEF, 0xA3, 0x85, 0x4B,
    0xBE, 0xF0, 0x26, 0xF2, 0x73, 0x97, 0xFD, 0xD5, 0xC2, 0xFB, 0xEF, 0xF6, 0x55, 0xAE, 0x7D, 0xD5,
    0xE3, 0x47, 0xF4, 0x55, 0x8F, 0xA7, 0xBE, 0x9A, 0x59, 0x61, 0x1E, 0xD8, 0xC2, 0xA2, 0xDC, 0x57,
    0x4D, 0xE9, 0x05, 0x16, 0xE0, 0x42, 0x41, 0xDC, 0xE9, 0xF3, 0x54, 0x4B, 0x56, 0x0E, 0x2D, 0x11,
    0xF0, 0x31, 0xE0, 0x83, 0xD8, 0xDE, 0xA9, 0x64, 0x94, 0x25, 0x7E, 0x0C, 0x06, 0xAB, 0xE6, 0xA4,
    0x1E, 0xE2, 0x0E, 0xDD, 0x7C, 0xE5, 0x0A, 0xBE, 0x2F, 0x61, 0xA9, 0xB7, 0x77, 0x4B, 0x3B, 0x95,
    0x4B, 0x48, 0x5A, 0xC2, 0xAC, 0x29, 0xE0, 0x6A, 0x3E, 0xAA, 0xDE, 0xF7, 0x9D, 0xD4, 0xB3, 0xAA,
    0x62, 0xFB, 0xA9, 0x3A, 0xFE, 0xE4, 0x85, 0x4A, 0x38, 0x1D, 0x57, 0xFE, 0xF5, 0x6E, 0x01, 0xD2,
    0x83, 0x43, 0xFB, 0x68, 0x8B, 0x5F, 0x49, 0x4D, 0x92, 0x42, 0xB6, 0x2E, 0x5B, 0xBF, 0x9B, 0x73,
    0x0F, 0xBB, 0x6D, 0xD9, 0xD6, 0xFF, 0xFD, 0xF2, 0x4F, 0x12, 0xEB, 0xBD, 0x33, 0x56, 0x00, 0x35,
    0xCC, 0xFE, 0x52, 0x7F, 0xC9, 0xF0, 0x25, 0xD6, 0x31, 0xF4, 0x44, 0x41, 0xB4, 0xA0, 0x07, 0xE2,
    0x6B, 0xA2, 0x05, 0x97, 0x9F, 0x62, 0x1A, 0x3D, 0x1D, 0x78, 0xCC, 0x61, 0x5D, 0x1F, 0x78, 0x94,
    0x9B, 0xBB, 0x95, 0x36, 0x8C, 0x9E, 0x8A, 0x3B, 0xFF, 0x2D, 0xD9, 0x41, 0x09, 0x3B, 0x5B, 0x77,
    0xCD, 0xD9, 0xA7, 0x1D, 0x92, 0x1B, 0x59, 0x3F, 0x58, 0x85, 0x53, 0x9C, 0x0A, 0xB7, 0xBA, 0xF9,
    0x80, 0x2B, 0x5E, 0xAE, 0x6E, 0x05, 0xD5, 0xE2, 0xA6, 0x50, 0xCF, 0x52, 0x85, 0xCF, 0xAC, 0xA4,
    0x1D, 0xA5, 0x03, 0x7D, 0x94, 0x04, 0x67, 0x79, 0xBF, 0x0C, 0x75, 0xDB, 0xD3, 0xD7, 0xA5, 0xC9,
    0xEC, 0x58, 0x8A, 0x4D, 0x3D, 0x31, 0x2F, 0x4A, 0x2C, 0xBF, 0xF1, 0x75, 0x51, 0x83, 0x4A, 0xDF,
    0xB9, 0x53, 0xBD, 0x58, 0x46, 0xC5, 0x39, 0x07, 0x3F, 0x10, 0x6B, 0xA2, 0xE3, 0x33, 0x34, 0xC4,
    0xD6, 0x8B, 0xB1, 0x65, 0x08, 0x83, 0x2B, 0x14, 0xBA, 0xB1, 0x8B, 0x2E, 0x57, 0x17, 0x52, 0x7F,
    0x96, 0xDA, 0xE9, 0xCF, 0x4D, 0xC2, 0xFB, 0xCC, 0x6B, 0x3D, 0x79, 0x51, 0x2F, 0x4B, 0xFD, 0xB8,
    0xCA, 0x49, 0xCE, 0x47, 0x9C, 0x43, 0xC9, 0x54, 0x5E, 0xFF, 0x41, 0x2D, 0xAF, 0x3D, 0xEA, 0xE0,
    0x85, 0xF7, 0xF0, 0x70, 0xE6, 0xD1, 0xB2, 0xF5, 0x1F, 0xA5, 0x8E, 0x01, 0xA6, 0xE6, 0x30, 0x14,
    0x85, 0xBF, 0xBF, 0x45, 0x11, 0x74, 0x01, 0x0F, 0xDD, 0xC0, 0x98, 0x2E, 0x21, 0x05, 0x66, 0x39,
    0xB3, 0x84, 0x74, 0x67, 0xC9, 0x12, 0xB2, 0x84, 0x60, 0x16, 0x10, 0x14, 0x1D, 0x92, 0x9C, 0xE9,
    0x65, 0x9E, 0xFF, 0x01, 0xF0, 0xE4, 0xF3, 0xE1, 0xDC, 0x7B, 0xE2, 0x6E, 0xEA, 0xAB, 0xDA, 0x2E,
    0xB3, 0x53, 0x9D, 0x94, 0xD1, 0x35, 0x0B, 0x7C, 0x73, 0x0D, 0x56, 0x6D, 0x15, 0x16, 0xC5, 0x04,
    0x2F, 0xE9, 0x00, 0x42, 0x07, 0x1B, 0x9B, 0xA3, 0xC0, 0xF2, 0x04, 0x4B, 0x57, 0x81, 0xED, 0x0E,
    0x37, 0x84, 0xB2, 0x77, 0x50, 0x5A, 0x75, 0x38, 0x65, 0xA7, 0xCB, 0xEB, 0x0A, 0x6A, 0x5E, 0xF5,
    0x71, 0xD4, 0x58, 0xD4, 0xA5, 0xEE, 0xD4, 0x9F, 0x7C, 0xD2, 0xE5, 0x94, 0x88, 0x79, 0x56, 0x46,
    0x69, 0x52, 0x79, 0xE9, 0x40, 0x75, 0x16, 0xC4, 0x6B, 0xEE, 0xE0, 0x6F, 0xBB, 0x64, 0x6F, 0xEB,
    0x05, 0x5B, 0xB3, 0x7B, 0xD6, 0xB1, 0x17, 0x58, 0xE4, 0x13, 0xCC, 0x8A, 0x27, 0xBC, 0x24, 0x00,
    0x0D, 0x73, 0x6C, 0x60, 0x35, 0xF3, 0x7E, 0x61, 0xAE, 0xE6, 0x90, 0xB0, 0xCD, 0x13, 0xF8, 0x10,
    0x20, 0x35, 0xCC, 0xD5, 0x6C, 0x31, 0xFB, 0x8D, 0x59, 0xD2, 0x69, 0x4A, 0x5E, 0x52, 0x36, 0x9D,
    0xFE, 0x5C, 0x07, 0x1E, 0xDF, 0xF8, 0x89, 0x15, 0x26, 0x25, 0x70, 0x3A, 0x60, 0x1B, 0x40, 0xB0,
    0xA2, 0xEA, 0xEB, 0x98, 0x95, 0x96, 0xBC, 0x8A, 0x35, 0xEF, 0x9D, 0x2D, 0x07, 0x49, 0x59, 0x92,
    0x52, 0xFC, 0xFC, 0xEF, 0xC0, 0x35, 0x62, 0x9F, 0xD4, 0x17, 0x75, 0xDB, 0x6C, 0x6F, 0x5C, 0x67,
    0x79, 0x18, 0xCC, 0xFA, 0x8F, 0x13, 0xBF, 0x3B, 0xBA, 0x8C, 0xD0, 0x71, 0x7A, 0x8F, 0x96, 0x61,
    0xCB, 0xAE, 0xBF, 0xEB, 0xC6, 0x13, 0xAA, 0xCF, 0xEA, 0x3C, 0x7C, 0x34, 0xA5, 0xEF, 0xBE, 0xF0,
    0x07, 0x0D, 0xA4, 0x24, 0x65, 0x62, 0xC5, 0x7F, 0x21, 0x14, 0xC2, 0x13, 0x66, 0x94, 0x3E, 0x79,
    0x92, 0x9B, 0x6D, 0x18, 0xE1, 0x46, 0xE5, 0x3D, 0x8A, 0x99, 0xF0, 0x50, 0xBE, 0xD4, 0x2B, 0x2A,
    0x51, 0x59, 0x3A, 0x35, 0x88, 0x85, 0xD7, 0x5F, 0xA6, 0x63, 0x53, 0x5E, 0xAA, 0xD7, 0xBD, 0xD6,
    0x28, 0xA9, 0xEA, 0x97, 0x94, 0x07, 0x41, 0xC7, 0x0F, 0xDC, 0x0D, 0x00, 0xFF, 0x00, 0xE5, 0x55,
    0x3D, 0x8C, 0xE4, 0x56, 0x72, 0x2E, 0x92, 0x3B, 0x43, 0x59, 0x84, 0x4D, 0x05, 0x5A, 0x43, 0xD6,
    0x00, 0xA2, 0x03, 0x45, 0x07, 0x9F, 0x98, 0x38, 0xB8, 0x60, 0xA5, 0x47, 0x9D, 0x02, 0x87, 0xB7,
    0xC1, 0xEE, 0x25, 0x0A, 0x74, 0xA1, 0x61, 0x03, 0xDE, 0x54, 0x81, 0x4E, 0x8F, 0x86, 0x83, 0x0B,
    0x35, 0x80, 0xE1, 0x73, 0xE0, 0x44, 0xC1, 0x19, 0x38, 0xEC, 0x19, 0xD8, 0x44, 0xC1, 0x06, 0xF6,
    0x92, 0xD2, 0x06, 0x0A, 0x14, 0x88, 0xFE, 0x81, 0x1D, 0x38, 0x10, 0x61, 0x48, 0x0E, 0x2C, 0xC0,
    0xA2, 0x2D, 0xDE, 0x99, 0xA3, 0x25, 0x59, 0xFE, 0xAA, 0xEA, 0xF5, 0x74, 0xCF, 0xEC, 0xB4, 0x6E,
    0x25, 0x59, 0xBB, 0x3E, 0x5D, 0xF7, 0x74, 0x15, 0xA7, 0xFB, 0xBD, 0x7A, 0x55, 0xDF, 0xFB, 0xEA,
    0xAB, 0x83, 0xCA, 0x8D, 0x3C, 0xCB, 0xDB, 0x0F, 0x07, 0x15, 0x11, 0x3D, 0x91, 0x0F, 0x78, 0x8F,
    0x78, 0x4F, 0x78, 0xCF, 0xDB, 0x77, 0x81, 0x77, 0x89, 0xB7, 0x9B, 0xDC, 0xE8, 0x3A, 0xA2, 0x08,
    0x8B, 0xC9, 0x7D, 0xAE, 0xF1, 0x57, 0x89, 0x0A, 0xE6, 0x8A, 0x98, 0xB9, 0x4F, 0x60, 0xC6, 0x7C,
    0x71, 0xC5, 0x58, 0x8E, 0x2E, 0x1F, 0x5D, 0xEF, 0xD2, 0xDE, 0x77, 0x2E, 0xAA, 0x9A, 0x16, 0x8B,
    0xF9, 0x22, 0xD3, 0xC1, 0x34, 0x03, 0x8C, 0x9F, 0x1C, 0x5D, 0x72, 0xEC, 0xA3, 0xA9, 0xD4, 0x28,
    0x62, 0x62, 0x98, 0x8E, 0x4A, 0x3E, 0xC1, 0x41, 0x33, 0x3D, 0x98, 0xD1, 0x57, 0x74, 0xE7, 0x98,
    0x24, 0x2F, 0xF9, 0xA6, 0x61, 0xC6, 0x17, 0x88, 0x54, 0x53, 0xC2, 0x2F, 0x71, 0x4B, 0xD9, 0x12,
    0xC1, 0xE6, 0x33, 0x89, 0x9D, 0x08, 0xBF, 0x16, 0x23, 0xFD, 0x84, 0xA8, 0x1C, 0xB5, 0xAA, 0xE1,
    0x9C, 0x75, 0xD8, 0xDA, 0xAA, 0xAD, 0xD4, 0x4A, 0xC8, 0x5E, 0x7E, 0x6D, 0x3A, 0xB1, 0xF8, 0x6D,
    0x63, 0x23, 0x1C, 0x41, 0x14, 0xCB, 0x0A, 0xFA, 0x63, 0xBE, 0x79, 0xF3, 0x56, 0xCB, 0xF2, 0x0A,
    0xB6, 0x11, 0x5B, 0xBB, 0xCF, 0x24, 0x04, 0xAE, 0xE1, 0xE0, 0x1A, 0x3D, 0x86, 0x75, 0x8F, 0x51,
    0x49, 0x97, 0xAB, 0x17, 0xC8, 0xFF, 0x0B, 0x9F, 0x70, 0x25, 0xA5, 0xAF, 0x94, 0x4A, 0xED, 0x88,
    0xF6, 0xEF, 0x28, 0x1E, 0xD1, 0x5C, 0x4F, 0xC9, 0x42, 0xC5, 0x40, 0xC9, 0x4C, 0xF9, 0x59, 0x1B,
    0xAF, 0x54, 0xF6, 0x72, 0x2E, 0x72, 0x11, 0xF0, 0x07, 0xB9, 0x0B, 0x5E, 0xC8, 0x7F, 0xC2, 0x9F,
    0x71, 0xE5, 0x5E, 0xBC, 0x53, 0x37, 0xF4, 0x9B, 0x38, 0xE5, 0xF7, 0x02, 0x2E, 0x7F, 0x74, 0xF3,
    0xA7, 0xF1, 0xCD, 0x9B, 0x15, 0x96, 0xA4, 0x9A, 0xD7, 0x0C, 0x57, 0x15, 0x38, 0xC6, 0x4F, 0xD8,
    0xDF, 0xCA, 0x51, 0x11, 0xF7, 0xD4, 0xA0, 0x1A, 0xC4, 0x92, 0x72, 0xDC, 0xA8, 0xF5, 0x94, 0x33,
    0x52, 0x20, 0xCA, 0x97, 0x54, 0x20, 0x4D, 0x39, 0x07, 0x56, 0xF1, 0xCF, 0xB8, 0xF8, 0xEC, 0x4D,
    0x64, 0xC8, 0x0D, 0x16, 0x0B, 0xC2, 0xDC, 0x2B, 0x5E, 0x7A, 0x54, 0xB9, 0x28, 0x2E, 0x7A, 0x83,
    0xEA, 0x10, 0xD3, 0x9B, 0x13, 0xEC, 0xE9, 0x3E, 0x57, 0xE8, 0x86, 0x54, 0xD2, 0xC7, 0x77, 0xBB,
    0x0E, 0x99, 0xEE, 0x79, 0xD3, 0x99, 0xD7, 0xE7, 0xAC, 0x3B, 0x94, 0x5A, 0x3C, 0x4F, 0x92, 0xED,
    0x42, 0xD9, 0x98, 0xAF, 0x54, 0x74, 0x40, 0x0F, 0x2C, 0x9F, 0xC9, 0xF7, 0xF4, 0x26, 0x35, 0x93,
    0xA6, 0x0B, 0xB3, 0x48, 0x19, 0xB3, 0x5F, 0x61, 0x04, 0x9A, 0x3B, 0x31, 0x2E, 0xC3, 0x57, 0xA8,
    0xC7, 0x81, 0xE0, 0x92, 0x66, 0x53, 0x65, 0xE0, 0x6D, 0x1D, 0xF1, 0x94, 0x0B, 0x31, 0xBE, 0xD7,
    0x22, 0xEB, 0xF7, 0xB5, 0xBC, 0x5A, 0x52, 0xAE, 0x1C, 0xB0, 0xC4, 0xA2, 0x64, 0x45, 0x46, 0xB8,
    0x27, 0x90, 0x79, 0x90, 0xD2, 0x85, 0xC9, 0xAB, 0xF0, 0x03, 0xE1, 0xCB, 0xB6, 0x6C, 0x79, 0xD8,
    0xBE, 0x5D, 0xED, 0xB0, 0xF7, 0x88, 0x8F, 0x95, 0x40, 0xB2, 0x8C, 0xCA, 0x0F, 0xE9, 0x06, 0x56,
    0xDE, 0xC1, 0x17, 0x48, 0x5B, 0xB8, 0xF9, 0x3A, 0x65, 0x8A, 0x5E, 0x9D, 0x57, 0x87, 0x7C, 0x9C,
    0xB6, 0xCF, 0xE1, 0xF0, 0x21, 0xEE, 0xAF, 0x90, 0x5C, 0xFC, 0xF0, 0x5A, 0xB2, 0xC4, 0x03, 0x8D,
    0xB7, 0xD3, 0x29, 0x1A, 0xE8, 0xF6, 0x98, 0x0D, 0x54, 0xD1, 0x6B, 0x68, 0x74, 0xEC, 0xB8, 0x72,
    0xD6, 0x8D, 0x72, 0x7B, 0xF4, 0xDA, 0xED, 0x4C, 0x80, 0xBF, 0xFD, 0x5A, 0xCA, 0xD5, 0x93, 0x34,
    0x5E, 0xC1, 0xB1, 0x13, 0x0D, 0xCF, 0xA1, 0x5F, 0x10, 0x33, 0xAF, 0x8E, 0xB8, 0x4E, 0xDB, 0x70,
    0x5E, 0x38, 0x3D, 0xE4, 0xB2, 0xC9, 0x2C, 0xE4, 0x69, 0x59, 0xC7, 0xA8, 0xBD, 0x40, 0x1A, 0xFE,
    0x13, 0x80, 0x95, 0x4C, 0xF4, 0x1C, 0x3E, 0x42, 0xD2, 0x43, 0xF4, 0xA0, 0xC3, 0x87, 0xF1, 0xBC,
    0x0A, 0x18, 0x60, 0x80, 0x5F, 0xB9, 0x2D, 0xFA, 0xD7, 0x4F, 0xEF, 0x0D, 0xAC, 0x97, 0xEF, 0x49,
    0x12, 0xA0, 0xB4, 0xA6, 0x11, 0xA4, 0x4E, 0xA5, 0x3D, 0xCB, 0x31, 0x05, 0x90, 0x5D, 0x31, 0x27,
    0x60, 0x38, 0x24, 0x81, 0xB8, 0x2F, 0x67, 0x33, 0xFA, 0x6F, 0x29, 0x3F, 0x60, 0x09, 0x77, 0x91,
    0x2C, 0xC6, 0x05, 0x61, 0x1B, 0x72, 0x1E, 0xFD, 0xA6, 0xE1, 0x76, 0x8C, 0x50, 0x73, 0x9F, 0xF9,
    0x56, 0xED, 0xA1, 0x8F, 0xBC, 0xE0, 0xAF, 0x41, 0xB2, 0xF1, 0x1D, 0x65, 0xCB, 0x42, 0xF1, 0x09,
    0xF9, 0x3A, 0xEB, 0x28, 0xED, 0x0B, 0xAC, 0x1A, 0xAF, 0x14, 0x2B, 0xBD, 0xF6, 0x6A, 0xC1, 0xED,
    0xF3, 0x6F, 0x25, 0xEF, 0xB6, 0xCF, 0x0C, 0xC9, 0xDD, 0x36, 0x1F, 0x92, 0xF7, 0x6A, 0x98, 0x15,
    0xED, 0x98, 0xFC, 0x27, 0xE5, 0x6F, 0x25, 0xEF, 0xD7, 0xCF, 0xBC, 0x9A, 0xDE, 0x1D, 0xBE, 0x7D,
    0xA5, 0xFC, 0xF9, 0x7C, 0x45, 0xB7, 0x21, 0xA3, 0xA4, 0x07, 0x70, 0x65, 0xAD, 0x41, 0x81, 0xC9,
    0xB1, 0xF0, 0xA1, 0x6E, 0x4C, 0x1B, 0x5A, 0xD5, 0xA6, 0xE6, 0x43, 0xCA, 0x80, 0x01, 0xB0, 0x68,
    0xA1, 0x32, 0x1D, 0x14, 0x73, 0x60, 0xC4, 0x3C, 0xFD, 0xB4, 0xAE, 0xF7, 0xF6, 0x5B, 0x9D, 0x03,
    0xF7, 0x48, 0x34, 0x48, 0xAF, 0x73, 0x9F, 0x39, 0x95, 0x9E, 0x1D, 0xF3, 0xF9, 0x3B, 0xCC, 0x6C,
    0xDA, 0xF6, 0xBE, 0xBD, 0xD0, 0x08, 0x93, 0x0B, 0x64, 0x71, 0xD2, 0x74, 0x6E, 0x70, 0x7D, 0xD9,
    0xBB, 0x2E, 0xAA, 0xBC, 0xC8, 0x05, 0xD4, 0x15, 0x6C, 0x28, 0x70, 0x83, 0x68, 0xA7, 0x18, 0x5A,
    0x99, 0xAF, 0xD7, 0xAF, 0x22, 0xDB, 0x09, 0x9F, 0x11, 0x7B, 0xFA, 0x08, 0x15, 0x16, 0xC8, 0x1C,
    0xFF, 0x57, 0xFE, 0xC7, 0x5C, 0x3F, 0x4F, 0x5C, 0x5D, 0x8A, 0xD0, 0x70, 0xA0, 0xA1, 0xB4, 0x58,
    0x22, 0x55, 0x7D, 0x5F, 0x5A, 0x48, 0xE5, 0x47, 0x9A, 0x0A, 0xB7, 0xC2, 0x40, 0x4A, 0x18, 0xD4,
    0x89, 0x60, 0xE2, 0x95, 0xB4, 0x29, 0x46, 0x17, 0xC6, 0x4B, 0xDF, 0xD4, 0x2B, 0xBD, 0x8A, 0x6F,
    0x0E, 0x6F, 0xD3, 0xE1, 0x5B, 0xD2, 0xBE, 0xCD, 0x88, 0x56, 0xDB, 0xFC, 0x0D, 0x5F, 0xED, 0x6F,
    0x8C, 0x24, 0x08, 0xE8, 0x85, 0xF9, 0xC0, 0xAF, 0xF0, 0x7A, 0x0D, 0x08, 0x7C, 0x2C, 0x14, 0xE1,
    0x77, 0x79, 0xE2, 0x4F, 0x56, 0x34, 0x31, 0xBF, 0x7D, 0x95, 0x2E, 0x13, 0xDB, 0x10, 0xD0, 0x81,
    0xC0, 0xC3, 0x1E, 0x5B, 0xDB, 0x50, 0xBA, 0x25, 0x28, 0x8A, 0xC4, 0xB7, 0x2A, 0x96, 0xAD, 0xE8,
    0xFC, 0x89, 0x68, 0x5C, 0x32, 0xC8, 0xD7, 0xB0, 0x6E, 0xC7, 0xFA, 0x3D, 0xD6, 0xED, 0xAC, 0xB7,
    0xBD, 0xA9, 0xDA, 0x88, 0x1B, 0x58, 0x7A, 0xCA, 0x25, 0x3A, 0xB5, 0xBE, 0xA4, 0x55, 0x05, 0x8F,
    0x25, 0x61, 0xA7, 0x49, 0x3F, 0xAF, 0xF6, 0x49, 0xD1, 0xE7, 0xBE, 0x99, 0x80, 0xC0, 0xDC, 0x4C,
    0x65, 0x9F, 0xF5, 0x6E, 0x71, 0x8C, 0xCB, 0x5B, 0xE3, 0x25, 0x9F, 0x5C, 0x77, 0x80, 0xEA, 0xB0,
    0x07, 0xAA, 0x70, 0x04, 0x28, 0x1C, 0x3E, 0x85, 0x40, 0xE2, 0x7E, 0xF9, 0xE7, 0xD0, 0x18, 0x55,
    0xA3, 0x9E, 0x4A, 0x38, 0x9D, 0xA1, 0x41, 0xCA, 0x7B, 0xB8, 0xF5, 0xBA, 0xC1, 0xEC, 0x72, 0x2D,
    0x9F, 0xFD, 0xC8, 0xB7, 0x95, 0xBB, 0x07, 0xF5, 0x56, 0x2D, 0x3F, 0x3E, 0xD5, 0x90, 0xC7, 0x6F,
    0xDE, 0x12, 0x64, 0xF0, 0x81, 0xF6, 0x50, 0xDA, 0x82, 0x44, 0x50, 0x39, 0x37, 0xA6, 0x68, 0xCC,
    0x25, 0x86, 0x0E, 0xA3, 0xDD, 0x06, 0xCC, 0x36, 0x07, 0xE9, 0x18, 0xA0, 0xFE, 0x62, 0xF4, 0xDF,
    0x84, 0x2B, 0x3C, 0x2F, 0x11, 0xD7, 0x6E, 0xC0, 0xE2, 0xA6, 0xC6, 0xB6, 0x6F, 0x8B, 0x0A, 0x9D,
    0x7F, 0x5D, 0x11, 0x13, 0x8B, 0xF1, 0xF2, 0xE3, 0x0D, 0xD1, 0x0D, 0xD0, 0x1C, 0x15, 0xE3, 0x29,
    0x16, 0x25, 0x74, 0xF2, 0x94, 0x88, 0xA8, 0x16, 0xF2, 0x94, 0xC9, 0x44, 0x51, 0x7D, 0xB1, 0xBE,
    0x92, 0xA7, 0xB2, 0xDB, 0x3C, 0xA9, 0xEE, 0xA8, 0x6D, 0xAA, 0xCD, 0x13, 0x82, 0xFC, 0xA1, 0x3E,
    0x21, 0x88, 0x88, 0x33, 0x9E, 0xD2, 0x89, 0x0A, 0x7B, 0x42, 0x10, 0x67, 0x4F, 0x45, 0x07, 0x6A,
    0x02, 0x39, 0xF4, 0x52, 0x1B, 0xDF, 0x9B, 0x71, 0x9A, 0x8C, 0x9B, 0xEC, 0xD3, 0x59, 0x95, 0x14,
    0xD8, 0xDC, 0x9D, 0xB5, 0x55, 0xD0, 0x37, 0x2F, 0xE9, 0x13, 0x82, 0xAC, 0x9A, 0x17, 0x82, 0xC4,
    0xB3, 0x3D, 0x41, 0x62, 0x99, 0x95, 0x9F, 0x0E, 0xE0, 0xD8, 0x53, 0x53, 0x45, 0xF6, 0x24, 0x6D,
    0x69, 0x95, 0x24, 0xCB, 0xE6, 0x49, 0xA7, 0x85, 0x3E, 0xE9, 0xF8, 0x88, 0x7F, 0x2A, 0xA6, 0xA7,
    0x5F, 0xF2, 0x1A, 0x37, 0xA8, 0x45, 0x3A, 0x2B, 0x04, 0x35, 0xD1, 0x09, 0x43, 0x2D, 0x9D, 0x37,
    0xA8, 0x69, 0x48, 0x45, 0xAD, 0xE8, 0x2F, 0x40, 0xA8, 0xDE, 0x3C, 0x31, 0x85, 0xA7, 0x78, 0xD9,
    0x3C, 0x25, 0xB3, 0x6A, 0x21, 0x9E, 0xB2, 0x41, 0xF4, 0x45, 0xB1, 0x12, 0xAD, 0xAC, 0xE4, 0x09,
    0xAC, 0x79, 0x47, 0xB4, 0xEB, 0x9F, 0xC8, 0x57, 0x5C, 0x71, 0x9B, 0xCB, 0x9C, 0xA1, 0x06, 0xFA,
    0x02, 0xD4, 0x10, 0xE4, 0x00, 0x17, 0xFF, 0xF4, 0xCD, 0x9B, 0x52, 0x57, 0xA2, 0xC1, 0x33, 0x94,
    0x9F, 0x6B, 0x70, 0xC9, 0xC4, 0x8D, 0xA7, 0x27, 0x6B, 0x36, 0xC8, 0x24, 0x5D, 0x4D, 0x22, 0xB1,
    0xC0, 0x8A, 0xC3, 0x62, 0x28, 0x79, 0x67, 0xE5, 0xB0, 0x3E, 0x49, 0x39, 0xF6, 0x54, 0x0E, 0xA4,
    0x5A, 0x8F, 0x20, 0xDD, 0x06, 0x93, 0xEC, 0x94, 0x5C, 0xD1, 0x1E, 0xD4, 0xBE, 0x23, 0xBF, 0x35,
    0xC7, 0x64, 0xE4, 0x28, 0x78, 0xB6, 0x03, 0x81, 0xD5, 0x6A, 0x07, 0x92, 0x7F, 0x91, 0x03, 0x7E,
    0xCF, 0xCB, 0x2F, 0x8A, 0xDF, 0x25, 0xC1, 0xD8, 0xF0, 0x0B, 0xEC, 0x91, 0x28, 0x63, 0x20, 0xAC,
    0xE8, 0xAB, 0xE1, 0x17, 0x7F, 0xCC, 0x75, 0xB4, 0x50, 0xF4, 0x37, 0x12, 0xA7, 0x0D, 0x5C, 0xC3,
    0xF2, 0x74, 0x54, 0xAE, 0x49, 0xEB, 0x18, 0xD7, 0x8E, 0xD0, 0x9B, 0xAD, 0x70, 0xAD, 0x41, 0x57,
    0xBA, 0x5A, 0xB8, 0xE6, 0xA1, 0x8B, 0x0D, 0xA5, 0xC2, 0xB5, 0xB5, 0x02, 0xD7, 0xF2, 0x0B, 0xB8,
    0x76, 0xE7, 0x7E, 0xAE, 0x25, 0x86, 0x46, 0xE0, 0x5A, 0x7F, 0xCA, 0xB5, 0xFE, 0x62, 0xAE, 0xA5,
    0x17, 0x71, 0x6D, 0xB8, 0x1F, 0xA7, 0xAB, 0x58, 0x8A, 0x4D, 0x39, 0x6F, 0x3F, 0x19, 0xFE, 0x8F,
    0xAE, 0xEE, 0xAC, 0xF9, 0x5B, 0x7C, 0x24, 0x30, 0xAA, 0x4F, 0x59, 0xAE, 0x0A, 0x1A, 0xC3, 0xDA,
    0x29, 0x9E, 0x3F, 0x24, 0x08, 0xB0, 0xEA, 0x33, 0x07, 0x84, 0x05, 0x6F, 0x99, 0x67, 0x6E, 0x8A,
    0x84, 0x21, 0x3D, 0xD6, 0x0E, 0xB1, 0xF4, 0x84, 0x67, 0x11, 0xAB, 0x6A, 0x1B, 0xF7, 0xF1, 0xE0,
    0xCB, 0xD6, 0xBC, 0x9B, 0x82, 0x37, 0x8E, 0xE2, 0xD6, 0xEC, 0xC2, 0x0F, 0x39, 0x24, 0x7E, 0x34,
    0xEC, 0xB9, 0xED, 0x90, 0x6D, 0xBE, 0x09, 0x30, 0x9B, 0x6F, 0x8C, 0xE2, 0xC4, 0x46, 0x38, 0xC0,
    0xA5, 0x3E, 0x61, 0xCB, 0x22, 0xB9, 0x67, 0x94, 0xCC, 0x7E, 0x61, 0x3E, 0xFF, 0x2F, 0x9B, 0x42,
    0x65, 0xCF, 0x41, 0x6E, 0x1A, 0xF5, 0xBE, 0xF5, 0x1A, 0x98, 0x2B, 0x0D, 0x0C, 0xB8, 0x4B, 0x09,
    0x0C, 0xC5, 0x2A, 0x56, 0x0B, 0xA7, 0x81, 0x33, 0xF1, 0x95, 0x60, 0x28, 0xA3, 0x49, 0xD2, 0x37,
    0xEF, 0x06, 0xE8, 0x2C, 0x02, 0xFB, 0x0E, 0x5B, 0x07, 0x21, 0x07, 0x42, 0x8D, 0x78, 0x16, 0xBF,
    0x90, 0x74, 0xDC, 0x11, 0xEE, 0xD6, 0xB4, 0x77, 0xEB, 0x77, 0xEB, 0x7B, 0x2A, 0xF8, 0x3B, 0xE6,
    0xD2, 0x00, 0x50, 0x19, 0x3C, 0x2F, 0xA1, 0xAE, 0xD1, 0xFC, 0xC9, 0x1E, 0x98, 0x36, 0xB7, 0x5A,
    0x06, 0x1C, 0x9B, 0x31, 0xEC, 0x9F, 0x03, 0x3E, 0x73, 0x88, 0xB3, 0x84, 0x63, 0x2C, 0x7E, 0x76,
    0xCF, 0x7C, 0xFE, 0x29, 0x6B, 0xDF, 0x95, 0xFF, 0x68, 0x78, 0xB9, 0x77, 0x2C, 0x4B, 0xDF, 0x1A,
    0x6E, 0x50, 0x87, 0xC1, 0x1A, 0x5B, 0x03, 0x03, 0x1F, 0x17, 0x48, 0xA9, 0x5E, 0xD4, 0x52, 0xF0,
    0xCA, 0x03, 0x5E, 0x45, 0xC0, 0xCB, 0x89, 0xAF, 0x75, 0x96, 0xA5, 0x12, 0x18, 0xF8, 0x24, 0x12,
    0x18, 0xCF, 0x31, 0x0B, 0x76, 0x35, 0x32, 0x1B, 0xB5, 0x87, 0xC1, 0xB9, 0xD6, 0x21, 0x3B, 0xE8,
    0x41, 0xEB, 0x83, 0x17, 0x4D, 0x0C, 0xE5, 0x05, 0xD0, 0x36, 0x38, 0xE4, 0xF7, 0x82, 0xC4, 0xFD,
    0x83, 0xDD, 0x37, 0x57, 0xC2, 0x4B, 0xE9, 0xFE, 0xA2, 0x36, 0xD6, 0x5C, 0x3A, 0x87, 0x4F, 0x75,
    0x16, 0x9F, 0xC0, 0xBB, 0x68, 0x83, 0xEB, 0x29, 0x3E, 0xE6, 0xB3, 0xC0, 0xAB, 0x3C, 0xE0, 0x54,
    0xFC, 0xAB, 0x9D, 0xE3, 0xEE, 0x1A, 0x4E, 0xFE, 0xCF, 0x0C, 0x27, 0xFE, 0xAE, 0x25, 0x06, 0xDD,
    0xEC, 0x0D, 0x17, 0x0D, 0x8C, 0xEE, 0xF4, 0xA3, 0x29, 0x8D, 0xE2, 0x23, 0xB8, 0xCC, 0x01, 0x97,
    0x95, 0x02, 0x2E, 0x1B, 0x5F, 0x29, 0x2E, 0xA9, 0x36, 0x5A, 0x8D, 0x0C, 0x04, 0x1B, 0x52, 0x9C,
    0x44, 0x74, 0x63, 0x64, 0xE8, 0x78, 0x12, 0x7C, 0x2A, 0x56, 0xB5, 0xD9, 0x7A, 0xB4, 0xCD, 0xF8,
    0x5B, 0x9A, 0x9F, 0x5F, 0x0B, 0xCB, 0x87, 0xF9, 0x8C, 0xFF, 0xBB, 0xC2, 0xF2, 0x7E, 0x2A, 0x9E,
    0xF6, 0xF0, 0xE6, 0x07, 0xA1, 0x21, 0x03, 0x5F, 0xFC, 0x74, 0x8E, 0x37, 0x86, 0x73, 0xBC, 0xED,
    0xAF, 0x0D, 0x6F, 0xEA, 0xC0, 0x1B, 0x3D, 0xA7, 0xF8, 0xB7, 0xC0, 0x9B, 0xB7, 0x8D, 0x2F, 0xE0,
    0x8D, 0x02, 0xDC, 0x54, 0x46, 0x44, 0xB6, 0xC0, 0x3B, 0xBC, 0xD1, 0x3E, 0xFB, 0x5C, 0xDE, 0xB4,
    0x3A, 0x16, 0x92, 0xC0, 0x1B, 0xED, 0x33, 0xC5, 0xC8, 0x78, 0x43, 0x8A, 0xC9, 0x2C, 0x5B, 0x94,
    0x2F, 0x6E, 0xC7, 0x63, 0x03, 0xDE, 0x9A, 0xEE, 0x5D, 0xCD, 0xEB, 0xBC, 0x87, 0xDE, 0xAD, 0x7B,
    0xF0, 0xD8, 0xF0, 0xA4, 0xFF, 0x72, 0x3C, 0xF9, 0xF8, 0x1C, 0x4F, 0xEE, 0xDE, 0xC7, 0x93, 0x21,
    0xF0, 0x64, 0x34, 0x1C, 0x9A, 0xC9, 0x24, 0xFD, 0x94, 0x27, 0xCB, 0x06, 0x07, 0x55, 0x81, 0x1D,
    0x9E, 0xD4, 0x8A, 0x43, 0xA6, 0xDA, 0x62, 0x7D, 0x14, 0xE1, 0xB0, 0x04, 0xB8, 0x24, 0xF0, 0xC2,
    0x93, 0xD2, 0x78, 0xD2, 0x36, 0xC6, 0x0F, 0xF5, 0x06, 0x64, 0xD4, 0xD4, 0x21, 0x5F, 0xAB, 0xA7,
    0xF8, 0x91, 0xDD, 0xB3, 0x8B, 0xAC, 0x0E, 0x47, 0x67, 0x7D, 0xF9, 0x4E, 0xE8, 0x33, 0xBB, 0x4E,
    0x44, 0xAF, 0xCE, 0xE2, 0x74, 0x78, 0x1C, 0xF8, 0x72, 0xBE, 0x9F, 0xA6, 0x33, 0xF8, 0xA4, 0x81,
    0x3F, 0xE7, 0x71, 0x2A, 0xF7, 0xF5, 0xD3, 0x8B, 0xF7, 0xE1, 0xB4, 0xE9, 0xA7, 0xE9, 0xCB, 0xF7,
    0x93, 0xE1, 0x74, 0x7F, 0x3F, 0x35, 0xF7, 0xF5, 0x93, 0x0A, 0xBE, 0x5C, 0x4D, 0xBA, 0x79, 0x88,
    0x37, 0x0F, 0x76, 0x19, 0xFA, 0xF0, 0x09, 0x53, 0x2A, 0x0F, 0xFE, 0x7D, 0xA6, 0x44, 0x1E, 0xF8,
    0x0D, 0x3C, 0x0C, 0x52, 0x7E, 0xCE, 0x14, 0xD5, 0x72, 0xB1, 0x79, 0x68, 0x94, 0x39, 0x3C, 0xE4,
    0x63, 0x78, 0x28, 0x87, 0xDC, 0x92, 0xF4, 0x5D, 0x78, 0xE0, 0x3A, 0xD7, 0xF4, 0x31, 0x7D, 0x72,
    0xAD, 0x67, 0x33, 0x76, 0x6C, 0xEE, 0xD0, 0x4E, 0x83, 0x6C, 0x18, 0x71, 0x9B, 0x7C, 0x4F, 0x12,
    0x70, 0x11, 0x2E, 0xC8, 0xA1, 0x8B, 0x14, 0x89, 0x87, 0x64, 0x91, 0x2A, 0x05, 0x98, 0xC5, 0xF3,
    0xA4, 0xD9, 0xCF, 0xF8, 0x4B, 0x36, 0x0F, 0x5A, 0x18, 0xB0, 0xFC, 0xED, 0xF5, 0x58, 0x4E, 0x14,
    0x5A, 0x15, 0xCA, 0x11, 0x2F, 0x56, 0x78, 0xCE, 0xAD, 0x60, 0xE7, 0xDB, 0x7C, 0x95, 0x3E, 0x2E,
    0x80, 0xB3, 0xAB, 0x05, 0xF5, 0x17, 0xC8, 0x29, 0x29, 0x54, 0xD9, 0xA8, 0x19, 0xB6, 0xD7, 0x7E,
    0x81, 0xB5, 0xAE, 0x57, 0x32, 0x34, 0xB3, 0x29, 0x94, 0xDE, 0xB7, 0x5E, 0x7B, 0x29, 0xAC, 0xBA,
    0x8A, 0x9A, 0x6E, 0xDE, 0xEA, 0x35, 0x9F, 0x2E, 0xE2, 0xD3, 0x1C, 0x2A, 0x3A, 0xD4, 0x04, 0xE9,
    0xE0, 0xFA, 0x96, 0x6E, 0x99, 0xC6, 0x2B, 0x35, 0x46, 0x61, 0x38, 0xAA, 0x8D, 0xF4, 0x9B, 0x54,
    0x4F, 0x70, 0x4A, 0xD5, 0x83, 0xED, 0xA6, 0x44, 0x29, 0x96, 0xEB, 0xD7, 0xF9, 0x62, 0x30, 0xD6,
    0xA7, 0x4D, 0x10, 0xA8, 0x7A, 0x78, 0xA1, 0x30, 0x7A, 0xCD, 0x6A, 0xD7, 0x1E, 0x8A, 0xED, 0xA5,
    0xBC, 0xA2, 0x13, 0x9B, 0x9B, 0x6D, 0xC5, 0x66, 0xF5, 0x45, 0x10, 0x28, 0x45, 0x4F, 0xED, 0xA4,
    0x76, 0xDC, 0x03, 0x59, 0xAA, 0xD1, 0xB2, 0x41, 0x63, 0xAA, 0x2D, 0x07, 0xC5, 0x64, 0xD0, 0x0B,
    0xEF, 0x77, 0x32, 0x69, 0xB7, 0xA0, 0x58, 0xCB, 0xD6, 0x5A, 0x4C, 0xAB, 0xE5, 0xB5, 0x9A, 0x7B,
    0x75, 0x8A, 0xFD, 0x5A, 0x7D, 0xD1, 0xEA, 0xCA, 0x47, 0x5E, 0xDD, 0xE3, 0x7A, 0x61, 0xDA, 0xE7,
    0xE8, 0x4A, 0x1B, 0x3E, 0xAD, 0x74, 0x92, 0x1B, 0xB4, 0x7B, 0x70, 0x8A, 0x6B, 0xA5, 0xDB, 0x70,
    0xD5, 0xD5, 0x97, 0xBA, 0xB5, 0x4C, 0x6D, 0xFA, 0x00, 0x75, 0x6D, 0xAB, 0x7B, 0xB0, 0xBA, 0x8A,
    0xFD, 0x75, 0x95, 0x2D, 0x16, 0x62, 0x8D, 0x14, 0xB6, 0x6B, 0x5D, 0x9D, 0xF7, 0x5F, 0xF0, 0x8E,
    0xCE, 0x54, 0xA1, 0x36, 0x79, 0xE0, 0x5A, 0xE6, 0x3D, 0xB5, 0x24, 0x5F, 0xA4, 0x96, 0x40, 0xBE,
    0x02, 0x89, 0x97, 0xB3, 0xF4, 0x73, 0x0D, 0xEE, 0x0D, 0x98, 0x32, 0xB8, 0x9B, 0xC3, 0xE1, 0x7C,
    0x1D, 0x5D, 0xF8, 0xD4, 0x87, 0x1B, 0x86, 0xFC, 0x1F, 0x7C, 0x22, 0x3E, 0x11, 0x31, 0xDC, 0xC4,
    0xEE, 0xEC, 0xB4, 0x67, 0x84, 0x33, 0x22, 0xA0, 0x15, 0x7E, 0xAC, 0x08, 0x62, 0x1A, 0xF1, 0x87,
    0x44, 0x27, 0xF4, 0x68, 0x72, 0x3A, 0xEA, 0x4C, 0x2E, 0x91, 0x47, 0xB2, 0x72, 0x95, 0x8F, 0xBE,
    0x73, 0x5D, 0x31, 0xF8, 0x2A, 0xED, 0x2F, 0x51, 0xF4, 0xD0, 0xF3, 0x29, 0xDB, 0xB2, 0xE5, 0x61,
    0xFB, 0x86, 0xAE, 0xD7, 0x0F, 0x19, 0x17, 0xE1, 0x51, 0x77, 0xF0, 0x33, 0xFE, 0x8F, 0xCA, 0x28,
    0xBE, 0x4A, 0x8F, 0x2B, 0xAF, 0x95, 0x5A, 0x0B, 0xD6, 0x0E, 0xA9, 0x0C, 0x01, 0x6C, 0x73, 0x6C,
    0xFA, 0x63, 0xA4, 0x4F, 0x78, 0xB0, 0x78, 0xA3, 0xB9, 0x49, 0x9D, 0x9F, 0x83, 0x53, 0x6A, 0xBB,
    0x73, 0x4E, 0x7F, 0x0B, 0xCE, 0xDB, 0x86, 0x66, 0xDC, 0x64, 0xA5, 0x89, 0x85, 0xD0, 0x7A, 0x50,
    0xAE, 0xC7, 0x46, 0xCD, 0x22, 0x8A, 0x23, 0x6A, 0x56, 0x6E, 0xA7, 0xD2, 0x89, 0xE6, 0xF9, 0x99,
    0xEA, 0xCD, 0xD1, 0xF8, 0xB8, 0xC1, 0xB5, 0x16, 0x6D, 0xE8, 0xB3, 0x33, 0xFE, 0x4E, 0xAE, 0x0A,
    0x4C, 0x4F, 0xC5, 0x17, 0xCE, 0x96, 0x53, 0xB0, 0x47, 0x1C, 0xCC, 0xA3, 0x47, 0xA6, 0xE2, 0x1D,
    0xB3, 0xF8, 0xFE, 0x50, 0xAA, 0x2F, 0x16, 0x09, 0xD7, 0x52, 0xAE, 0x4D, 0x3B, 0x04, 0x3F, 0x05,
    0x3F, 0x07, 0xCF, 0xE6, 0x3F, 0xE0, 0x5A, 0xFD, 0x7B, 0xDC, 0xA9, 0xBF, 0xCB, 0x83, 0xFA, 0xB7,
    0x79, 0x52, 0xDF, 0x36, 0x8B, 0x79, 0xC7, 0xE6, 0x73, 0x7E, 0x43, 0x7D, 0xCA, 0x1F, 0xA8, 0x4F,
    0x4C, 0x16, 0x5A, 0xDA, 0x78, 0x1F, 0x7C, 0x19, 0x7C, 0x0E, 0x1F, 0x81, 0xCF, 0x29, 0x3C, 0x40,
    0xA9, 0x62, 0x78, 0xAF, 0xB7, 0x34, 0x0B, 0x2C, 0x55, 0x50, 0x6B, 0xA2, 0xDF, 0xD9, 0x11, 0x64,
    0xD3, 0x81, 0x78, 0x55, 0x97, 0x58, 0x87, 0xC6, 0x36, 0x96, 0x70, 0x90, 0xBA, 0x23, 0x36, 0xFE,
    0xDD, 0xB8, 0x00, 0x9F, 0xA7, 0xD7, 0x63, 0x1D, 0x6C, 0x42, 0x11, 0x2A, 0x94, 0x22, 0x7A, 0x13,
    0x13, 0xBE, 0x1B, 0x63, 0x7C, 0x9B, 0x62, 0xB3, 0x43, 0x53, 0xB1, 0x0C, 0xBE, 0xBA, 0x40, 0x06,
    0x29, 0x4A, 0x9C, 0xF5, 0x2C, 0x37, 0xCA, 0x59, 0xBD, 0xF4, 0x1E, 0x08, 0xD5, 0x0C, 0xAA, 0x71,
    0xFC, 0x79, 0x6E, 0x14, 0xD7, 0x4B, 0x7A, 0x28, 0xB4, 0x99, 0xC5, 0xB5, 0x5E, 0x83, 0xB5, 0x6E,
    0x95, 0xD0, 0x95, 0x08, 0x0A, 0x0E, 0xCB, 0x51, 0x09, 0x4E, 0x49, 0x79, 0xFD, 0x3E, 0x36, 0x45,
    0x41, 0x10, 0x9D, 0xE5, 0x79, 0xA8, 0x69, 0x12, 0x5D, 0xBE, 0x76, 0xB6, 0x18, 0xC3, 0x22, 0xB3,
    0xE2, 0x0D, 0x2C, 0xC1, 0x90, 0x48, 0x75, 0x53, 0x0A, 0x5C, 0x15, 0xB9, 0xFC, 0xF8, 0x9B, 0x8A,
    0xC4, 0x93, 0x81, 0x06, 0x64, 0x45, 0x6B, 0xA3, 0x94, 0x56, 0x7B, 0xF3, 0xFE, 0xAC, 0x78, 0xE8,
    0x8F, 0x19, 0xBA, 0x55, 0x16, 0xF6, 0xF4, 0x9D, 0x6F, 0x26, 0x12, 0x65, 0xFD, 0xAC, 0x76, 0xC0,
    0xF0, 0x82, 0xF5, 0x83, 0x57, 0x58, 0xB4, 0x21, 0x92, 0xA9, 0x91, 0x0D, 0xF1, 0x60, 0x0C, 0xF9,
    0x41, 0xD6, 0x7F, 0x23, 0x21, 0x88, 0xE7, 0x78, 0x56, 0x12, 0x48, 0x8E, 0xE7, 0x5C, 0x32, 0x25,
    0xD3, 0x37, 0x56, 0x0B, 0xD2, 0x9A, 0x5E, 0xA5, 0xA2, 0x8F, 0x56, 0x72, 0x53, 0x8A, 0xDD, 0x6B,
    0x21, 0xD2, 0x8F, 0x89, 0x04, 0x3D, 0xEC, 0x64, 0x5F, 0x25, 0x42, 0xA0, 0xB3, 0xA1, 0x96, 0x68,
    0x3D, 0x7E, 0xC5, 0xD8, 0xCA, 0x97, 0x1C, 0x3B, 0x46, 0xB4, 0x47, 0xDE, 0xD1, 0x42, 0x49, 0x45,
    0xBF, 0xBF, 0x89, 0x18, 0x35, 0x3F, 0x91, 0xCE, 0x02, 0x16, 0xDD, 0x0F, 0x91, 0x06, 0x0E, 0x5E,
    0x14, 0x1F, 0x64, 0xE3, 0x97, 0xA8, 0x41, 0x54, 0x04, 0x29, 0xB8, 0x4B, 0x10, 0x30, 0xE5, 0x21,
    0x55, 0x7C, 0x06, 0x81, 0xC9, 0x61, 0x38, 0xE8, 0x90, 0x99, 0x30, 0x6B, 0x92, 0xD5, 0xCF, 0xE5,
    0x0C, 0x7D, 0x72, 0x33, 0xCA, 0x29, 0x7B, 0x75, 0x4D, 0x2D, 0x0E, 0xFA, 0x2D, 0x0E, 0xD2, 0x05,
    0xB7, 0x94, 0x3D, 0x52, 0x77, 0x6B, 0x53, 0x93, 0x1F, 0x4B, 0xA9, 0xD2, 0x0F, 0x85, 0xE0, 0x24,
    0x31, 0x7B, 0x41, 0x2B, 0xD7, 0xA4, 0x31, 0x51, 0x26, 0xC1, 0x07, 0x19, 0xFD, 0x45, 0x13, 0x32,
    0x1A, 0xC8, 0xBF, 0x02, 0x57, 0xD3, 0x0F, 0x23, 0xB6, 0x29, 0x70, 0x70, 0xFD, 0xCC, 0x25, 0x67,
    0x61, 0x76, 0x14, 0x81, 0xF5, 0xE5, 0x12, 0xFE, 0x0F, 0x43, 0x22, 0x28, 0x25, 0x6A, 0x0E, 0x0C,
    0x89, 0x46, 0xDA, 0xFF, 0x02, 0x24, 0x7D, 0x0E, 0x58, 0x04, 0x9A, 0xC2, 0x7C, 0x8D, 0xFF, 0xAB,
    0x43, 0xB9, 0x5D, 0xE1, 0x82, 0x44, 0x73, 0xC3, 0x43, 0xF4, 0xA3, 0x79, 0xC9, 0xDE, 0xA3, 0x44,
    0xE1, 0x95, 0xDE, 0xFA, 0x0A, 0x76, 0xB6, 0x22, 0x86, 0x1F, 0xDD, 0x10, 0x02, 0xE4, 0x6C, 0xF4,
    0x49, 0xF4, 0x16, 0xF1, 0xBA, 0xC1, 0x01, 0x80, 0xEB, 0x57, 0xCF, 0xD5, 0x98, 0x6D, 0x6A, 0x55,
    0x35, 0xB5, 0x30, 0x0A, 0x98, 0xF9, 0x86, 0x0D, 0x51, 0x0E, 0x78, 0x9D, 0xD0, 0xAF, 0x27, 0x5E,
    0x51, 0x20, 0x56, 0x69, 0xFC, 0xD1, 0x48, 0x26, 0x27, 0xD6, 0x95, 0xB3, 0xE1, 0x55, 0x0C, 0xB6,
    0xC0, 0xB7, 0x99, 0xFA, 0xE7, 0x28, 0x3E, 0xFE, 0x75, 0xC4, 0xAB, 0xAC, 0xCB, 0x96, 0xB6, 0x7A,
    0x78, 0x9F, 0x77, 0xB5, 0xAB, 0xF7, 0xE3, 0xF2, 0xAD, 0x9B, 0x37, 0x8F, 0x9F, 0xC6, 0x47, 0x70,
    0x29, 0x0D, 0x97, 0x16, 0xBE, 0x3D, 0xE2, 0x13, 0x3A, 0x68, 0xA6, 0x6F, 0x40, 0xDF, 0x45, 0x9D,
    0x35, 0x9F, 0xB1, 0xC9, 0x8F, 0xD6, 0x7A, 0xA3, 0x75, 0x9E, 0x6A, 0x97, 0x5B, 0x95, 0x71, 0xCF,
    0x54, 0xFB, 0x40, 0xC2, 0x11, 0x2F, 0x42, 0x11, 0xE1, 0x62, 0xB8, 0x86, 0x57, 0x70, 0xB1, 0xCB,
    0xB0, 0x19, 0x92, 0x9C, 0x88, 0x62, 0x1B, 0x4E, 0x21, 0x6D, 0x2F, 0xD9, 0xCE, 0x24, 0xC9, 0x16,
    0x58, 0xA9, 0x52, 0x98, 0x58, 0xAA, 0x3F, 0x9A, 0xF5, 0xF0, 0xF7, 0x47, 0x8B, 0x6A, 0xFC, 0x35,
    0x3A, 0x3B, 0xCB, 0x3E, 0x67, 0xFA, 0x62, 0xAE, 0xE0, 0x63, 0x8D, 0xA9, 0xDD, 0x91, 0xED, 0x3A,
    0xAF, 0x53, 0xCA, 0x87, 0x19, 0xB7, 0x6A, 0x0B, 0x05, 0x66, 0xD8, 0xF1, 0x52, 0x36, 0xAB, 0xB8,
    0x8B, 0xE0, 0x57, 0xF8, 0x5E, 0xA4, 0x88, 0x07, 0x29, 0x89, 0x07, 0x59, 0xBC, 0xFF, 0x2F, 0xD6,
    0x35, 0x89, 0xAE, 0x2F, 0x65, 0x2F, 0xB3, 0x8E, 0x27, 0x41, 0x94, 0xF9, 0x64, 0x7B, 0xCA, 0x60,
    0xF9, 0xD4, 0x92, 0xC3, 0x36, 0x1F, 0xA2, 0x23, 0xC9, 0x1B, 0x38, 0xCE, 0x9B, 0x74, 0x4B, 0x9D,
    0x36, 0x7E, 0xB1, 0x98, 0x02, 0x9F, 0x1C, 0xD1, 0xC6, 0xD8, 0xD4, 0xB4, 0xFA, 0x65, 0x05, 0x9B,
    0x0A, 0xE2, 0x6D, 0x31, 0x8A, 0x85, 0x8E, 0xC2, 0xE2, 0xF0, 0x84, 0xDF, 0x66, 0x52, 0xDB, 0xAA,
    0x1D, 0xF4, 0x7B, 0x5D, 0xE9, 0x75, 0x57, 0xC1, 0x9D, 0xEC, 0x0D, 0x09, 0x4F, 0x62, 0xDD, 0x0C,
    0x5B, 0x15, 0xB0, 0x77, 0xBB, 0x1C, 0xF6, 0xDD, 0xA1, 0x98, 0x32, 0x7E, 0x6F, 0xF1, 0xA3, 0xE7,
    0xF7, 0xF4, 0x96, 0xDF, 0x45, 0xA6, 0xCC, 0x7F, 0xCA, 0x3A, 0xD7, 0x2E, 0x03, 0xAB, 0x4B, 0xF2,
    0xF0, 0xBC, 0x56, 0xA5, 0x46, 0xEA, 0x50, 0x06, 0x39, 0xB9, 0xCF, 0x4C, 0xEE, 0x36, 0x52, 0xAD,
    0x7A, 0xF6, 0x2C, 0x01, 0xAF, 0x57, 0x52, 0xF6, 0x44, 0xA9, 0xD4, 0x59, 0x08, 0xD4, 0x6E, 0x7D,
    0x85, 0x5B, 0x37, 0x22, 0x83, 0x4C, 0x53, 0x92, 0x4C, 0xE9, 0xF0, 0x16, 0xB7, 0x00, 0x84, 0x5B,
    0xA1, 0x76, 0xEB, 0xC4, 0x28, 0x1A, 0x2C, 0xEB, 0x34, 0x75, 0x33, 0xCB, 0x0D, 0xFE, 0xB0, 0x11,
    0xBC, 0x1D, 0xCF, 0x3C, 0x83, 0x86, 0x7E, 0xA0, 0xEB, 0x74, 0x80, 0x93, 0x7E, 0x43, 0x79, 0x21,
    0x3C, 0x72, 0x42, 0x7A, 0x21, 0xA2, 0x66, 0x19, 0x49, 0xC3, 0x24, 0x52, 0x47, 0xA2, 0xCC, 0x3B,
    0x7E, 0x44, 0xF9, 0x3D, 0x29, 0x19, 0xAC, 0x4A, 0x88, 0x5A, 0x08, 0x2C, 0x8D, 0xF2, 0x81, 0x34,
    0xCD, 0x1F, 0xCC, 0x14, 0xAD, 0x31, 0x2E, 0x6C, 0x22, 0x64, 0x79, 0x95, 0x9E, 0x78, 0x24, 0xF9,
    0xF9, 0xFA, 0x4D, 0x69, 0x91, 0x59, 0x34, 0x65, 0x63, 0x86, 0x06, 0x88, 0x1D, 0x1F, 0xDD, 0xAF,
    0xA0, 0x5F, 0x77, 0x56, 0x5D, 0xC8, 0x2A, 0x9E, 0x81, 0x4B, 0xCE, 0xE8, 0x76, 0x33, 0x2B, 0x4C,
    0x3A, 0x01, 0xA8, 0x0B, 0x5F, 0x0F, 0xEF, 0x2E, 0xE5, 0x95, 0xCA, 0x5D, 0x96, 0x12, 0xF3, 0xF5,
    0x1C, 0x7D, 0x30, 0x27, 0xC3, 0xA9, 0x11, 0xE5, 0xCE, 0xBA, 0x20, 0x6B, 0xD9, 0xF2, 0x48, 0xA0,
    0xC3, 0x41, 0x14, 0x5D, 0x93, 0xC9, 0x80, 0xB1, 0x56, 0x43, 0x22, 0x7F, 0x81, 0xBE, 0x96, 0x58,
    0xB8, 0xD9, 0x12, 0x07, 0x9E, 0xF8, 0xC5, 0x4D, 0x29, 0x8E, 0x5C, 0x1D, 0xE2, 0x40, 0x27, 0xE4,
    0x6C, 0x9C, 0x2C, 0xA7, 0x5F, 0xBE, 0xC5, 0x14, 0xDD, 0x90, 0xA5, 0x24, 0xA1, 0x79, 0x15, 0x91,
    0xFA, 0xEB, 0x0A, 0xF5, 0xFC, 0xB9, 0x34, 0x7F, 0x33, 0xC9, 0x32, 0xD5, 0xC1, 0x9A, 0x54, 0x2C,
    0x51, 0xAB, 0x24, 0xB2, 0x5E, 0xBF, 0xA3, 0xEB, 0x79, 0x45, 0xBE, 0x6F, 0xE0, 0xA0, 0x9C, 0x97,
    0x48, 0x54, 0x11, 0x35, 0x1F, 0x5C, 0x93, 0xE9, 0x54, 0x89, 0x66, 0x9B, 0xE6, 0xEA, 0xF0, 0xAA,
    0x73, 0xFE, 0x2B, 0x6E, 0x4B, 0x29, 0xCC, 0x4D, 0x11, 0xD7, 0x7E, 0x8C, 0x56, 0x6A, 0x06, 0x74,
    0x81, 0x6A, 0xE7, 0x8E, 0x91, 0xDE, 0x95, 0x9D, 0xD4, 0xCC, 0x3A, 0x37, 0x74, 0x6A, 0x7C, 0xF4,
    0xB2, 0xC1, 0x93, 0x98, 0x7C, 0x8A, 0x5A, 0x29, 0xBE, 0xFA, 0x8A, 0x05, 0xF8, 0x54, 0x52, 0x54,
    0x50, 0xC9, 0x89, 0xF1, 0x75, 0x50, 0xB0, 0x54, 0xC2, 0x64, 0x22, 0x60, 0x7A, 0xA1, 0x85, 0x4E,
    0x23, 0x59, 0xD1, 0xC8, 0x71, 0x4E, 0x4E, 0xCA, 0x17, 0x1D, 0x2E, 0xFA, 0x0B, 0x6D, 0x14, 0x66,
    0xFB, 0xBA, 0xAE, 0xF7, 0x3F, 0x89, 0x8E, 0xB3, 0xDE, 0x26, 0x72, 0xF9, 0x31, 0x77, 0xE5, 0x4C,
    0x4D, 0x0F, 0x51, 0x74, 0x03, 0x6E, 0xC2, 0x0D, 0x02, 0xC8, 0xC0, 0x67, 0x4C, 0xBF, 0xAD, 0xA8,
    0x91, 0x73, 0xFC, 0x12, 0x8A, 0xE9, 0x85, 0x0E, 0xBD, 0x86, 0x02, 0xF0, 0xEB, 0xA6, 0x98, 0x48,
    0x8C, 0x90, 0x8A, 0x32, 0xD9, 0x53, 0x88, 0x71, 0x12, 0xA2, 0x69, 0x37, 0x72, 0xAC, 0xCA, 0xFB,
    0xBB, 0x8F, 0x28, 0x3F, 0x05, 0x50, 0x70, 0x96, 0x71, 0x85, 0x93, 0xB0, 0x3B, 0xFF, 0x1F, 0x64,
    0xE4, 0xDE, 0xC1, 0xC6, 0xA6, 0x6A, 0x88, 0x56, 0x72, 0x26, 0x80, 0x8F, 0x20, 0x3F, 0x68, 0xC8,
    0xFC, 0xE0, 0x1A, 0xF2, 0xA5, 0xB2, 0xEA, 0xC5, 0x74, 0xFB, 0xB2, 0xEA, 0x24, 0xAB, 0x6E, 0x93,
    0xD5, 0x0E, 0x45, 0x63, 0x38, 0x91, 0x89, 0x02, 0x1B, 0x0B, 0xE0, 0x95, 0xAD, 0x02, 0x61, 0x6D,
    0x3C, 0xCC, 0x64, 0x74, 0xED, 0xE4, 0x75, 0xF9, 0x4D, 0x74, 0x0E, 0x8E, 0x0E, 0x9F, 0x48, 0x4E,
    0xFB, 0x82, 0x1F, 0x74, 0x31, 0xF6, 0x42, 0x6F, 0xF0, 0xB1, 0xA0, 0x6F, 0xE2, 0x0C, 0x1C, 0x9C,
    0x2C, 0x26, 0x53, 0xF9, 0x6C, 0xC4, 0x92, 0x4E, 0xC1, 0x85, 0xD1, 0xA5, 0xAF, 0xF1, 0x7C, 0x21,
    0xB5, 0x43, 0xF1, 0x18, 0x31, 0x91, 0xCC, 0x9A, 0x85, 0x29, 0x1B, 0x9A, 0xAA, 0xE8, 0x5C, 0xEB,
    0xEA, 0xBC, 0x3D, 0xA0, 0xAF, 0xEF, 0xEC, 0xB2, 0x2D, 0x21, 0x9E, 0xDB, 0xB7, 0xAB, 0xDD, 0xFD,
    0x23, 0x0E, 0x67, 0x96, 0xD8, 0xE7, 0xBF, 0xDA, 0x99, 0xB5, 0x33, 0xF1, 0x96, 0x46, 0x7D, 0x0C,
    0xBD, 0xD1, 0xBD, 0x8E, 0xAB, 0xFE, 0x6C, 0x25, 0x8D, 0x89, 0x05, 0x6D, 0xE8, 0x17, 0x88, 0x37,
    0xD1, 0x0B, 0x60, 0x26, 0x3D, 0x99, 0x08, 0x03, 0x22, 0xFC, 0x12, 0x5D, 0x6B, 0xE4, 0xEC, 0x66,
    0x84, 0x78, 0xF3, 0x24, 0x12, 0x3C, 0x17, 0xFC, 0x97, 0x10, 0x7A, 0x50, 0x71, 0xF5, 0x13, 0xB9,
    0x15, 0xD8, 0x95, 0xA0, 0xA0, 0x4C, 0x91, 0x01, 0xEC, 0xDE, 0x31, 0x23, 0x78, 0x0E, 0x12, 0x17,
    0x0B, 0xD4, 0xB2, 0x9C, 0xDD, 0x4A, 0x7E, 0x2A, 0xF9, 0x9F, 0x6D, 0x00, 0xA8, 0x5A, 0x8A, 0x84,
    0x8E, 0x3A, 0x24, 0x60, 0xD6, 0xB8, 0x96, 0x3C, 0xEE, 0x4A, 0xE3, 0x32, 0x6F, 0xED, 0x3B, 0xD2,
    0xCF, 0x51, 0xFD, 0x27, 0x17, 0x36, 0xCA, 0x65, 0xBA, 0x5C, 0xE1, 0xF8, 0x14, 0xC7, 0x30, 0xA3,
    0x1F, 0x48, 0x95, 0x1F, 0x83, 0x04, 0x83, 0x00, 0x47, 0x80, 0xF0, 0xB0, 0x5F, 0xF5, 0x0F, 0x9D,
    0x98, 0xF3, 0xEC, 0x79, 0x76, 0xBC, 0x34, 0x6A, 0x77, 0xE4, 0xDA, 0x04, 0xFD, 0x81, 0xE5, 0x5A,
    0x67, 0xCF, 0xAA, 0xB3, 0x47, 0xBB, 0x71, 0x90, 0xC6, 0x9E, 0xA5, 0xB1, 0x17, 0x27, 0x68, 0xFA,
    0x11, 0xBF, 0x37, 0x7B, 0xD1, 0x1C, 0x37, 0x68, 0xA2, 0xB1, 0xDD, 0xE4, 0xB0, 0x57, 0xD1, 0xD4,
    0x50, 0xA0, 0xF1, 0x29, 0x9A, 0x3B, 0x72, 0x9D, 0x9F, 0x93, 0xEB, 0x4E, 0x04, 0xA2, 0xDA, 0x27,
    0xD7, 0x0F, 0x2B, 0xBF, 0xB3, 0x72, 0x9D, 0xC8, 0x0F, 0x2A, 0xD7, 0xE5, 0xDF, 0xE3, 0x70, 0x5F,
    0x6F, 0xE5, 0xFA, 0xD2, 0x23, 0xC9, 0xAF, 0xE8, 0x9F, 0x42, 0x1A, 0xB3, 0xD3, 0x83, 0x82, 0x99,
    0x1D, 0xEE, 0xF6, 0xD9, 0xB4, 0xBF, 0x40, 0xAE, 0x1F, 0x52, 0x56, 0x0D, 0xDE, 0x09, 0xDF, 0x15,
    0x52, 0x6E, 0x0C, 0x60, 0x5A, 0xF7, 0x0D, 0x91, 0x87, 0x94, 0x55, 0x2C, 0xDC, 0x12, 0xD5, 0x0E,
    0x46, 0xDA, 0x20, 0x19, 0x42, 0x12, 0xD2, 0x8E, 0xED, 0x39, 0xB3, 0x93, 0x63, 0x3C, 0xEC, 0xDB,
    0x7B, 0xF9, 0x2A, 0x89, 0x1C, 0xF0, 0x4B, 0x15, 0x44, 0x02, 0x9B, 0x22, 0xD9, 0x5A, 0x27, 0xFC,
    0x51, 0xC3, 0xC8, 0xB0, 0x2A, 0x60, 0x57, 0x3C, 0xD4, 0x25, 0x92, 0x83, 0xBA, 0xCD, 0x91, 0x68,
    0xDC, 0x9C, 0x7E, 0x2A, 0xB6, 0xB8, 0x2B, 0xF6, 0x4E, 0x22, 0xAA, 0x37, 0x69, 0x03, 0xF7, 0x29,
    0xD7, 0x05, 0x57, 0x99, 0xEC, 0xAD, 0x8B, 0x15, 0xA2, 0xF7, 0x73, 0x94, 0x86, 0xC2, 0x51, 0x85,
    0xD3, 0x9C, 0x9E, 0x2B, 0xD0, 0xD6, 0x60, 0xDB, 0x75, 0x9D, 0x4A, 0x4F, 0x58, 0x7A, 0x56, 0x45,
    0xA2, 0x9D, 0x42, 0xA9, 0x01, 0x9D, 0x84, 0xB9, 0x15, 0xEA, 0x28, 0x6D, 0x4D, 0x1A, 0x0A, 0x3E,
    0xDE, 0x73, 0x19, 0xF4, 0x34, 0x77, 0x4F, 0x63, 0x4B, 0xC3, 0x5D, 0x03, 0xA7, 0x50, 0xB4, 0x04,
    0x91, 0x3A, 0x82, 0x33, 0x99, 0xF9, 0xEA, 0xAE, 0x17, 0x17, 0xF3, 0xC9, 0x0D, 0x11, 0x6E, 0xC1,
    0xEB, 0x44, 0xEE, 0x69, 0x95, 0x49, 0x57, 0x70, 0xAF, 0x03, 0xEF, 0x3A, 0x5D, 0xBF, 0xB6, 0x53,
    0xE0, 0x0B, 0xE1, 0x96, 0xD4, 0x46, 0x1C, 0x0A, 0xB4, 0x8A, 0xAC, 0x6A, 0x95, 0x0F, 0x38, 0xAB,
    0x36, 0xA1, 0x5F, 0x91, 0xFA, 0xEC, 0x75, 0x68, 0xB7, 0x52, 0x58, 0x29, 0xCE, 0x2E, 0xB0, 0x11,
    0xD9, 0x81, 0xBE, 0xA8, 0x72, 0x27, 0x73, 0x2E, 0x6B, 0xB2, 0x41, 0x2F, 0x30, 0xED, 0xE2, 0xE3,
    0x5F, 0x85, 0xFA, 0xB2, 0x21, 0xD3, 0x89, 0x33, 0xBB, 0x79, 0xC7, 0x4D, 0xEA, 0x8A, 0x3E, 0xEF,
    0xE9, 0x41, 0x5E, 0xFF, 0xCF, 0x6E, 0xCC, 0x80, 0xD7, 0x9B, 0x8A, 0x17, 0x25, 0xA0, 0x5A, 0xD5,
    0x05, 0x2A, 0xF4, 0x22, 0xF5, 0xC6, 0xA8, 0xD4, 0x85, 0x8F, 0x5D, 0x58, 0x13, 0x62, 0xA7, 0xBC,
    0x30, 0x2F, 0x19, 0x2F, 0x8E, 0xC7, 0x98, 0xC7, 0x54, 0x4A, 0xEC, 0x12, 0x4C, 0x19, 0x6E, 0x63,
    0xEE, 0x23, 0x1C, 0xC9, 0x43, 0x2C, 0x02, 0x36, 0x26, 0x8B, 0x80, 0x26, 0x3C, 0x2F, 0x67, 0xA1,
    0x79, 0xBE, 0xC8, 0x31, 0xF9, 0x5A, 0xF6, 0xA2, 0x3C, 0x72, 0x58, 0xC2, 0x4D, 0x2D, 0x7D, 0xA1,
    0x1D, 0xC1, 0x4A, 0x1F, 0xAF, 0xF9, 0xB8, 0x49, 0x33, 0x19, 0xB7, 0x0A, 0xE0, 0x5B, 0xED, 0x20,
    0xA1, 0x56, 0xC6, 0x2A, 0x7C, 0xB3, 0xDA, 0x41, 0xAD, 0x7C, 0x5D, 0xEA, 0x1E, 0xBA, 0x21, 0xDF,
    0x94, 0xFA, 0xBD, 0xDF, 0xB1, 0x07, 0x6A, 0x69, 0xBF, 0x3D, 0x80, 0x20, 0xF2, 0x7F, 0x07, 0x3D,
    0xD7, 0x0B, 0x63, 0xEE, 0x61, 0x5F, 0xC6, 0x02, 0xA8, 0x18, 0x4F, 0xB2, 0xB2, 0x51, 0x8B, 0x1C,
    0x61, 0xDD, 0x1E, 0xEB, 0x6D, 0xCD, 0x28, 0x56, 0xFF, 0x22, 0x89, 0x73, 0xF2, 0x72, 0x88, 0x59,
    0x89, 0x9D, 0xF5, 0x14, 0xE0, 0xC0, 0x3F, 0xBF, 0xB6, 0x3F, 0xAB, 0x54, 0x0B, 0x2B, 0x31, 0x13,
    0x48, 0x54, 0xB4, 0xA5, 0x7D, 0xCC, 0x34, 0x97, 0x3F, 0x28, 0x33, 0x11, 0xEB, 0x45, 0x24, 0x02,
    0xF7, 0x5D, 0x16, 0xA9, 0x5F, 0x30, 0xB1, 0x70, 0x17, 0x83, 0xD0, 0x20, 0x12, 0xC5, 0x96, 0xC4,
    0x26, 0xF2, 0x9D, 0x5E, 0x47, 0xD3, 0x92, 0x56, 0x26, 0xE3, 0x6E, 0x95, 0x9B, 0x85, 0xC6, 0xCB,
    0xD5, 0x22, 0x3D, 0xD5, 0xB0, 0x84, 0xBF, 0x37, 0xEA, 0xDD, 0xBC, 0x61, 0x99, 0x7F, 0xD2, 0xE9,
    0x7D, 0x99, 0x7E, 0x3B, 0x13, 0x83, 0xC2, 0x34, 0x2F, 0x37, 0x85, 0xC8, 0x4C, 0x2F, 0x32, 0xBB,
    0x30, 0xE3, 0x9E, 0x9E, 0x06, 0x45, 0xD1, 0xF5, 0xDE, 0x18, 0xE1, 0x79, 0x32, 0xA7, 0x3F, 0x15,
    0x27, 0xAA, 0x9B, 0xFF, 0x0B, 0xDD, 0x57, 0x31, 0x93, 0xDD, 0xD6, 0x75, 0xBE, 0x00, 0xC4, 0x85,
    0x4D, 0xCC, 0xE4, 0xB2, 0x10, 0x13, 0x59, 0x9C, 0x04, 0x29, 0x9D, 0x89, 0x25, 0x34, 0x29, 0x63,
    0x01, 0xC9, 0x1F, 0x30, 0x0B, 0xAD, 0x8A, 0xA8, 0x90, 0xDA, 0x34, 0xD9, 0x26, 0x85, 0x8B, 0x38,
    0x80, 0x9D, 0xC2, 0x45, 0x0A, 0xB1, 0x91, 0x53, 0xA4, 0x88, 0x0A, 0x17, 0x99, 0xA4, 0x90, 0x8A,
    0x14, 0xCA, 0x8C, 0x45, 0x40, 0x52, 0xE1, 0xC2, 0x85, 0xA1, 0x78, 0xC6, 0x29, 0x52, 0x08, 0x89,
    0xA9, 0xC9, 0xC4, 0x8D, 0x60, 0x0B, 0x8A, 0x1E, 0x2D, 0x00, 0xD7, 0xE7, 0xFB, 0xCE, 0xC5, 0x7B,
    0x6F, 0x77, 0xDF, 0x23, 0xB9, 0xD4, 0xEE, 0x92, 0xD4, 0x23, 0xDF, 0x3D, 0x58, 0x3C, 0xE0, 0xDE,
    0x7B, 0xBE, 0xF3, 0x9D, 0x73, 0xBE, 0x6B, 0x4C, 0xE9, 0x9C, 0xC1, 0xA7, 0x76, 0xAE, 0x80, 0x75,
    0xDE, 0xD6, 0xFE, 0xFE, 0xDE, 0xCF, 0xC1, 0x1B, 0x6A, 0xF3, 0x5E, 0xAD, 0x1B, 0xBC, 0x1D, 0x69,
    0x42, 0x6F, 0x23, 0x37, 0xD3, 0xC6, 0x7E, 0x3E, 0xFB, 0xB9, 0xCE, 0x9F, 0x7E, 0xE2, 0x2A, 0xD8,
    0xEC, 0x67, 0xAE, 0xE1, 0x34, 0xEF, 0xB9, 0x96, 0xEB, 0x56, 0x8E, 0x13, 0xBA, 0x82, 0x36, 0x70,
    0xA6, 0x5E, 0x61, 0x9A, 0xD9, 0xE4, 0x98, 0x30, 0x1E, 0x4D, 0x3E, 0x89, 0x4D, 0x64, 0x9F, 0x98,
    0xD8, 0x8A, 0xC5, 0xC4, 0x99, 0xD3, 0x8D, 0xE7, 0xB0, 0x32, 0x71, 0xD9, 0xCA, 0x8A, 0x32, 0xB1,
    0x7C, 0x23, 0x4C, 0x2C, 0xF7, 0x42, 0x99, 0x30, 0x94, 0x67, 0x02, 0xB7, 0x92, 0xC7, 0x47, 0xBC,
    0xD2, 0x94, 0x6E, 0x02, 0x02, 0x4D, 0xED, 0x6D, 0xE4, 0xE4, 0x22, 0xC2, 0xD4, 0xB1, 0xBF, 0x1A,
    0x4F, 0x39, 0x1E, 0x1C, 0xCA, 0x3A, 0xA5, 0x4C, 0x12, 0x63, 0xE9, 0x14, 0xEB, 0xE6, 0xF3, 0x2B,
    0xAE, 0xC9, 0x87, 0xC8, 0x35, 0x49, 0x1F, 0x61, 0x59, 0x0C, 0x07, 0x6F, 0xBA, 0x26, 0x90, 0x5F,
    0x1B, 0xEC, 0xB1, 0xC1, 0xC6, 0x9A, 0x72, 0x92, 0x1F, 0x1C, 0x9E, 0x73, 0xFD, 0x7A, 0x98, 0x8E,
    0xDC, 0x1D, 0x41, 0xDB, 0x4D, 0xB9, 0x1B, 0xDD, 0x98, 0xB8, 0xAE, 0xEC, 0xCD, 0xA1, 0xB9, 0x22,
    0x2B, 0x3D, 0x63, 0x02, 0xAE, 0xF8, 0x8E, 0x89, 0x89, 0x91, 0xAB, 0xB2, 0xC6, 0xC7, 0x88, 0xD8,
    0x2D, 0xB1, 0x4B, 0xD7, 0x98, 0xDF, 0xDA, 0x1D, 0xAB, 0xC0, 0xC7, 0x2A, 0xF3, 0x31, 0x2A, 0x57,
    0xC7, 0x62, 0x15, 0xB8, 0xC9, 0xC7, 0xCA, 0x1D, 0xB3, 0xC9, 0xE7, 0xBA, 0x8E, 0xFD, 0x44, 0x63,
    0x94, 0xFD, 0x8F, 0x8F, 0xD5, 0xBB, 0xAE, 0xE3, 0x34, 0xCD, 0x12, 0xAB, 0x9A, 0x13, 0x3B, 0x9D,
    0x38, 0xF4, 0xB1, 0x8A, 0x26, 0x93, 0xED, 0x8A, 0x55, 0xBA, 0x1D, 0xAB, 0x86, 0xB1, 0x22, 0x68,
    0x75, 0x23, 0x1E, 0x74, 0x8C, 0x95, 0xF1, 0xB1, 0x32, 0x3E, 0x56, 0xA9, 0x8F, 0x55, 0xBE, 0x65,
    0xD5, 0x85, 0x37, 0x04, 0xA5, 0x68, 0x30, 0x7F, 0x2A, 0x0C, 0x09, 0x46, 0x79, 0x47, 0x5E, 0x10,
    0x7C, 0x7A, 0x80, 0x23, 0xD3, 0x1C, 0xAC, 0x2E, 0x35, 0x74, 0xED, 0x3A, 0x74, 0x26, 0xEE, 0x76,
    0xA6, 0x47, 0x70, 0x61, 0xE9, 0x51, 0x7A, 0xC8, 0xF3, 0xFB, 0x42, 0xBE, 0x95, 0x1E, 0xF5, 0xC9,
    0xF4, 0xA8, 0x64, 0xCA, 0xBB, 0xA7, 0xD2, 0x63, 0xB1, 0x4A, 0x9E, 0xD6, 0x7B, 0xA0, 0x8E, 0xC5,
    0x3E, 0x43, 0xEC, 0x62, 0x67, 0x6F, 0xBD, 0x87, 0xF1, 0x92, 0x42, 0x75, 0x77, 0xA1, 0x01, 0xF8,
    0x7F, 0x37, 0x5A, 0xB9, 0xD3, 0x99, 0x17, 0x4D, 0x09, 0x08, 0xB1, 0x8D, 0x90, 0x98, 0x8C, 0x0A,
    0x10, 0x66, 0x9E, 0x16, 0xB2, 0x2F, 0x99, 0x00, 0x0C, 0xE9, 0x8F, 0x25, 0xAC, 0xE4, 0x71, 0xC4,
    0x58, 0xA5, 0xE4, 0x78, 0x4E, 0x6F, 0x9E, 0x2F, 0x4E, 0x66, 0xD4, 0xEF, 0xCE, 0xB7, 0x30, 0x15,
    0xC0, 0x4C, 0xC9, 0xE2, 0x12, 0x63, 0x20, 0x6F, 0xD6, 0x4D, 0x2C, 0x37, 0xCB, 0x06, 0x38, 0xE4,
    0x4D, 0x2A, 0x8B, 0xE7, 0x15, 0xD2, 0xE1, 0x05, 0x93, 0x73, 0xCD, 0x92, 0x63, 0xAD, 0x51, 0xDC,
    0x37, 0x6A, 0x3A, 0x91, 0xBC, 0x35, 0xE1, 0x2B, 0xB9, 0x8F, 0x9C, 0xE4, 0xC8, 0xB0, 0xB3, 0x9B,
    0x82, 0xCC, 0xBF, 0xBC, 0xD9, 0x01, 0x47, 0xD7, 0x06, 0x6E, 0xBD, 0x87, 0xC2, 0x1C, 0x30, 0x07,
    0xCC, 0x95, 0x43, 0xBC, 0x41, 0x2E, 0x5A, 0x78, 0x98, 0xF5, 0x0B, 0x1B, 0x11, 0xF0, 0x00, 0x2C,
    0x50, 0x50, 0xB8, 0xD6, 0x89, 0xC2, 0x81, 0x30, 0xA5, 0x9A, 0x4A, 0x0E, 0xE5, 0xC0, 0x55, 0xD6,
    0xFD, 0xA3, 0x6B, 0xB2, 0x29, 0x94, 0x68, 0xAC, 0x84, 0x2E, 0xE2, 0x85, 0x83, 0x13, 0x37, 0x75,
    0xC7, 0x5B, 0xC3, 0xB0, 0xEC, 0x9C, 0x1B, 0x2F, 0x1D, 0xB7, 0xFD, 0xD1, 0xCB, 0x1A, 0x49, 0x4E,
    0x65, 0x4A, 0xC6, 0x01, 0x6B, 0x98, 0xF0, 0x6D, 0xE5, 0x0A, 0xB9, 0x4E, 0x82, 0xD5, 0x98, 0x26,
    0x70, 0xA0, 0x53, 0x32, 0x0A, 0x9F, 0x11, 0x19, 0xB9, 0x0E, 0x0A, 0x73, 0xED, 0x01, 0xD0, 0x77,
    0x44, 0xBF, 0x26, 0xFA, 0xE5, 0x23, 0x47, 0xFF, 0xE9, 0x25, 0x4F, 0x48, 0x6C, 0x8B, 0x37, 0xD3,
    0x0F, 0x65, 0xF6, 0xFC, 0xEF, 0x64, 0x5A, 0x17, 0x4C, 0x46, 0x4A, 0xD6, 0x3B, 0x46, 0x1C, 0xBB,
    0xF6, 0x88, 0xD0, 0xA7, 0x8F, 0xC9, 0xBC, 0x89, 0x81, 0x1F, 0x79, 0x27, 0x5A, 0x7D, 0x71, 0xD6,
    0x3F, 0xFF, 0x28, 0x70, 0x67, 0xDA, 0xC7, 0x6E, 0x71, 0x87, 0x43, 0xE2, 0xD6, 0xFE, 0x9A, 0xFB,
    0x73, 0xFD, 0x9F, 0x04, 0xED, 0x31, 0x02, 0xDA, 0x21, 0xD0, 0x0E, 0xE6, 0x73, 0x40, 0x3B, 0x2E,
    0x8C, 0x90, 0x3D, 0x6D, 0xC9, 0xE9, 0xC1, 0xCA, 0xBB, 0xF1, 0x9C, 0xB7, 0x20, 0x08, 0xFD, 0x53,
    0x5F, 0x53, 0xEE, 0x30, 0xB8, 0x69, 0x1E, 0x98, 0xEB, 0xE5, 0xE3, 0xC1, 0xF5, 0x6B, 0x42, 0xF6,
    0x70, 0x90, 0xAA, 0x1B, 0x8D, 0x52, 0x70, 0x25, 0x7F, 0x65, 0xFA, 0xFA, 0xE3, 0x16, 0x73, 0x54,
    0x0B, 0xFA, 0xE3, 0x03, 0xA2, 0x7F, 0x11, 0x5C, 0x4F, 0x0C, 0xD0, 0x37, 0x69, 0x03, 0xF8, 0x4D,
    0xDA, 0x03, 0x7F, 0x93, 0x4C, 0x08, 0xC0, 0x12, 0x01, 0x53, 0x6B, 0xEB, 0xD2, 0x18, 0x98, 0x70,
    0xAB, 0x26, 0x5E, 0xF9, 0x57, 0xF7, 0x4B, 0x76, 0x2E, 0x69, 0xAB, 0x05, 0x8D, 0x20, 0xC3, 0x66,
    0x2A, 0x39, 0xEC, 0xFA, 0x03, 0x4C, 0x20, 0x9B, 0xCA, 0x05, 0x1A, 0x31, 0xA2, 0xE1, 0x60, 0x22,
    0xF9, 0x62, 0xA7, 0x08, 0x55, 0xCF, 0xAD, 0x52, 0x97, 0x8C, 0xDB, 0x26, 0xBF, 0x87, 0x29, 0xF5,
    0x85, 0xDA, 0xBF, 0xCE, 0xC9, 0x82, 0x65, 0x6A, 0x2E, 0x64, 0xB9, 0x6C, 0x50, 0x4F, 0x24, 0x88,
    0xAC, 0x93, 0x6D, 0xC2, 0x73, 0x97, 0xDB, 0xFD, 0xCD, 0xB1, 0xCE, 0xF5, 0xF2, 0x98, 0x32, 0x18,
    0x63, 0xDA, 0x52, 0x35, 0x66, 0x1B, 0x13, 0x94, 0x63, 0x8E, 0xF2, 0x9B, 0x8F, 0x79, 0xA5, 0xC6,
    0x6C, 0x9B, 0x6F, 0x22, 0x54, 0xE5, 0xF8, 0x0C, 0x95, 0xF6, 0xA8, 0x84, 0x1C, 0x29, 0x5B, 0x60,
    0xAC, 0x7B, 0x1D, 0x31, 0x10, 0xB5, 0x07, 0xFE, 0x49, 0xD8, 0x60, 0x24, 0x70, 0x30, 0x12, 0x3A,
    0x18, 0x77, 0x2F, 0xE3, 0x9F, 0xF4, 0xEF, 0x4D, 0xD4, 0x32, 0xB9, 0xFB, 0x07, 0x4C, 0x4D, 0x8F,
    0x6E, 0x41, 0xC8, 0x7C, 0x48, 0x81, 0x32, 0x5B, 0x80, 0x71, 0xFD, 0x26, 0x48, 0xB7, 0x1D, 0x15,
    0x9E, 0x58, 0x10, 0x95, 0x72, 0x1D, 0x95, 0xF8, 0x61, 0xA2, 0x42, 0x87, 0xF2, 0x13, 0xE6, 0x61,
    0xA3, 0x12, 0xEE, 0x8A, 0x4A, 0xBD, 0x8E, 0xCA, 0x8D, 0x91, 0x85, 0x69, 0x5C, 0x4B, 0x78, 0x2F,
    0xE4, 0x29, 0xE5, 0x54, 0x43, 0x3B, 0x6A, 0x59, 0x1D, 0xF5, 0x0E, 0xC7, 0x03, 0x07, 0xBC, 0x6B,
    0xEC, 0x2E, 0xE2, 0x1E, 0x2D, 0xC7, 0x8C, 0xCA, 0x5B, 0xFF, 0x2B, 0xFC, 0x8A, 0xBE, 0xDB, 0x37,
    0xEA, 0x33, 0xC4, 0x5D, 0x61, 0x57, 0xD4, 0x15, 0x74, 0xC5, 0xDC, 0x43, 0xAE, 0x88, 0x5B, 0x8A,
    0x40, 0xF9, 0xB9, 0xDD, 0x1A, 0x9B, 0xBD, 0x67, 0x44, 0xC6, 0xA2, 0xDD, 0x1E, 0x0F, 0x34, 0x48,
    0x32, 0xA1, 0x90, 0x0E, 0x58, 0xE9, 0xA8, 0x01, 0xAA, 0x76, 0x15, 0x28, 0x12, 0x6C, 0x3D, 0x6A,
    0xA1, 0x18, 0xF6, 0x14, 0xB4, 0x98, 0xB3, 0x25, 0x8C, 0x89, 0xE5, 0x98, 0xF5, 0xCC, 0x8C, 0x9E,
    0x1E, 0x75, 0x5B, 0x3B, 0x69, 0x58, 0x70, 0xF0, 0x23, 0xA3, 0x84, 0xAB, 0x79, 0x47, 0x75, 0x62,
    0x11, 0x5C, 0xE9, 0x73, 0xB1, 0x0A, 0xD2, 0x1F, 0xB8, 0x36, 0x13, 0xD0, 0x3A, 0x29, 0xB2, 0x79,
    0x2F, 0x82, 0x3F, 0xEF, 0xC1, 0xBC, 0xDE, 0x1D, 0x1B, 0xBA, 0x4D, 0x89, 0xA2, 0x40, 0x2F, 0x27,
    0x5F, 0x9D, 0x3A, 0x14, 0x71, 0x16, 0xD3, 0x46, 0xE2, 0x37, 0xFB, 0xEA, 0x74, 0x60, 0x8C, 0x8C,
    0x59, 0x11, 0x80, 0x67, 0x5D, 0xD2, 0x53, 0xA9, 0x77, 0xD4, 0xED, 0xCD, 0xFA, 0x70, 0x50, 0xDF,
    0x39, 0x2B, 0xC6, 0xE9, 0x43, 0x61, 0x3C, 0x9E, 0x11, 0xE3, 0x74, 0x3F, 0xC6, 0xFC, 0xBC, 0x65,
    0xBE, 0x02, 0x2D, 0xF1, 0x60, 0x47, 0xB4, 0x87, 0x82, 0xBC, 0xE3, 0x9A, 0xFB, 0x20, 0x6F, 0x01,
    0x79, 0xBB, 0x40, 0xBE, 0x16, 0x3F, 0x59, 0xB5, 0xBB, 0x3D, 0xD6, 0x3C, 0xB9, 0xE9, 0xAF, 0x67,
    0x27, 0x74, 0xBA, 0x05, 0xB6, 0x2D, 0x1E, 0x94, 0xD0, 0xFD, 0x79, 0x10, 0x9A, 0xEA, 0x26, 0x39,
    0x21, 0x7B, 0xE6, 0xBD, 0xB2, 0xE7, 0x82, 0x71, 0xF6, 0xD4, 0x3E, 0x8D, 0xD8, 0x95, 0x7B, 0xD1,
    0xB3, 0xB8, 0x64, 0x7A, 0xC6, 0x84, 0x26, 0x63, 0xC8, 0x4B, 0xF2, 0x55, 0x59, 0xCB, 0xC3, 0x9F,
    0xF1, 0xCA, 0x8C, 0x63, 0x32, 0x5D, 0x08, 0x68, 0x9D, 0x3D, 0x09, 0xDA, 0xCB, 0x54, 0x26, 0x1D,
    0xC5, 0x0A, 0x1E, 0xE2, 0xC0, 0xB3, 0xA8, 0x63, 0xBB, 0xA6, 0x64, 0x2C, 0xCC, 0x73, 0x26, 0x92,
    0xAB, 0x92, 0x07, 0xD7, 0xBC, 0xC5, 0x53, 0xD9, 0xE0, 0xD6, 0xFD, 0x24, 0x54, 0x61, 0x57, 0xD2,
    0x8D, 0xAB, 0xC5, 0x45, 0x97, 0x8C, 0x73, 0x2C, 0xCB, 0x10, 0x92, 0x52, 0x26, 0x6A, 0x13, 0xCC,
    0x72, 0x40, 0x32, 0xEE, 0xFB, 0x32, 0x77, 0xF9, 0x71, 0x0F, 0xCF, 0x59, 0x0A, 0xE1, 0x8B, 0x33,
    0x8F, 0xAE, 0x54, 0x1B, 0xF3, 0xA6, 0xCA, 0x43, 0x25, 0x4A, 0xAC, 0x5E, 0xA6, 0x9F, 0x6B, 0xE7,
    0xFE, 0x0F, 0x6C, 0x2D, 0x70, 0x45, 0x2D, 0x4F, 0x8A, 0x0E, 0xCE, 0xF0, 0xC2, 0x4D, 0xF3, 0xD4,
    0xD6, 0x3E, 0x0F, 0xEA, 0xFF, 0x63, 0x95, 0x21, 0x68, 0x89, 0x22, 0x98, 0x7B, 0x20, 0x27, 0x93,
    0xA2, 0xA1, 0xB7, 0x72, 0xF2, 0xA5, 0x8A, 0x10, 0x93, 0xCA, 0xBA, 0x31, 0x1B, 0xBA, 0x89, 0x06,
    0x48, 0x2B, 0x13, 0x2C, 0xCA, 0xDE, 0xD7, 0x2E, 0x8F, 0xF3, 0x96, 0xB9, 0x72, 0x78, 0x58, 0x50,
    0x87, 0xB8, 0x46, 0xDC, 0xF2, 0x46, 0x96, 0xAA, 0xE0, 0x5F, 0xEA, 0xA8, 0x2F, 0xA4, 0x3A, 0xE4,
    0x33, 0x4D, 0x26, 0x0B, 0x89, 0xC1, 0xE9, 0xD4, 0x02, 0xB9, 0xF9, 0xF0, 0x48, 0x1B, 0x23, 0xBA,
    0x4E, 0xAE, 0xDA, 0xEA, 0x80, 0x22, 0x0C, 0x52, 0x7F, 0x8B, 0x4A, 0x47, 0x66, 0x9D, 0x2F, 0x11,
    0xF3, 0x25, 0xA6, 0x1A, 0xB7, 0xBF, 0x00, 0x14, 0x59, 0x03, 0x24, 0x4A, 0xF9, 0x67, 0xCC, 0x37,
    0xCD, 0x1F, 0xED, 0xD6, 0x07, 0x87, 0xE6, 0x7A, 0x41, 0xB1, 0xD1, 0x1A, 0x52, 0x20, 0x22, 0x05,
    0x12, 0x89, 0xDB, 0x7F, 0x56, 0x76, 0x02, 0x7B, 0xAD, 0xB8, 0xDE, 0xFB, 0x51, 0x4A, 0x1B, 0xC8,
    0x44, 0xA6, 0x06, 0x9A, 0xBF, 0x0C, 0x4B, 0xC8, 0x56, 0x19, 0x33, 0x00, 0x56, 0xC7, 0x49, 0xCF,
    0xB2, 0xF8, 0x41, 0x25, 0x6A, 0x44, 0x3F, 0xEC, 0x0C, 0xA7, 0x84, 0x0D, 0x11, 0x8F, 0x14, 0x32,
    0x02, 0x98, 0x19, 0xC0, 0x0B, 0x26, 0x35, 0x29, 0x9C, 0x73, 0x3B, 0x96, 0x6E, 0x07, 0x35, 0xBD,
    0x36, 0xAF, 0x32, 0x82, 0x72, 0xBC, 0x49, 0xE1, 0xEB, 0x24, 0xE4, 0x84, 0xCB, 0x14, 0x0C, 0x81,
    0xF3, 0x9A, 0x4D, 0xE1, 0x4F, 0xE6, 0xE2, 0xB4, 0x9B, 0x5F, 0x9A, 0x90, 0x7F, 0x1D, 0x42, 0x45,
    0xCE, 0x78, 0x16, 0x8B, 0x56, 0xA5, 0xF1, 0x01, 0x90, 0x57, 0x54, 0xBD, 0x82, 0x04, 0xC1, 0x6D,
    0x73, 0xD6, 0x60, 0xFF, 0xF8, 0xB1, 0x0A, 0xB6, 0xB9, 0xED, 0xF3, 0x9B, 0x0A, 0x20, 0xD2, 0x34,
    0x5F, 0x9B, 0x6A, 0xEB, 0x91, 0x2F, 0x5F, 0x94, 0x6F, 0x6F, 0x3C, 0x8F, 0x7C, 0x62, 0x37, 0x1B,
    0x2C, 0xCE, 0x1E, 0xD9, 0xC7, 0x2B, 0x8D, 0xCF, 0x12, 0xA1, 0xF8, 0xB1, 0x2E, 0xBD, 0xB2, 0x0F,
    0x25, 0xA2, 0xEA, 0x94, 0x65, 0x3B, 0xB9, 0x37, 0xFE, 0x26, 0x29, 0x1B, 0xB0, 0x63, 0x2E, 0x1A,
    0xD0, 0xF2, 0x8F, 0x9C, 0x63, 0xCD, 0x3B, 0xC4, 0x38, 0x24, 0xDE, 0xD1, 0xF6, 0x38, 0x2B, 0x15,
    0xF8, 0xE4, 0x3B, 0x4F, 0x78, 0xE0, 0xCD, 0x55, 0x45, 0x84, 0xB1, 0x54, 0x0A, 0xF8, 0x1C, 0xD7,
    0xB4, 0x4E, 0x46, 0x45, 0x2E, 0xEB, 0x2D, 0xC3, 0x9B, 0x37, 0x11, 0xFF, 0xBE, 0xC2, 0x63, 0xD9,
    0x8E, 0x43, 0x00, 0xA4, 0x41, 0x2F, 0xB6, 0xF5, 0xB6, 0x4A, 0x29, 0xA2, 0x06, 0x59, 0x71, 0x52,
    0x3A, 0x60, 0xA5, 0x33, 0x5B, 0xB7, 0x16, 0x54, 0xBB, 0xED, 0xC3, 0xCD, 0x1B, 0xB8, 0xBB, 0x54,
    0x35, 0x12, 0xA8, 0x36, 0x39, 0xBE, 0x6F, 0x5A, 0xE9, 0xD5, 0x5B, 0x24, 0x0A, 0xB4, 0x9F, 0xF9,
    0x33, 0xA7, 0x1D, 0xC8, 0xA2, 0xBC, 0x95, 0xD3, 0x8D, 0x3C, 0x51, 0x24, 0xF8, 0xEB, 0x69, 0x24,
    0xC2, 0x96, 0x0E, 0x50, 0xEC, 0x34, 0x09, 0xCA, 0x63, 0xE6, 0x8A, 0xDB, 0x93, 0x27, 0xC7, 0xCC,
    0x95, 0x9B, 0x30, 0xBF, 0x62, 0x2B, 0x71, 0x9F, 0x33, 0x26, 0xA4, 0x13, 0xCC, 0xCB, 0x3C, 0x1B,
    0xAD, 0x02, 0x7F, 0x44, 0x3A, 0x37, 0x93, 0xB8, 0x59, 0x38, 0x05, 0x4C, 0x04, 0x92, 0x42, 0x48,
    0x23, 0x8C, 0x29, 0x3C, 0x22, 0x9D, 0x30, 0xA9, 0xCD, 0x54, 0x98, 0x22, 0xB2, 0xCD, 0xBE, 0xC8,
    0x3A, 0xFD, 0xF4, 0x8B, 0x3D, 0x74, 0x9F, 0x1E, 0x1E, 0x96, 0xD3, 0xCD, 0xCB, 0x8B, 0xEC, 0xA7,
    0xDB, 0x91, 0xED, 0x4E, 0xEE, 0x3F, 0xD8, 0x15, 0x9A, 0x7C, 0x57, 0x14, 0x72, 0x95, 0x31, 0xDE,
    0x9C, 0x8A, 0xD0, 0x11, 0xAA, 0x87, 0xFB, 0x84, 0xE7, 0x21, 0x7F, 0x74, 0xD2, 0x13, 0x83, 0xA4,
    0x5E, 0xA4, 0xA0, 0x9E, 0x57, 0x84, 0x06, 0x1F, 0x1A, 0x00, 0x2F, 0x24, 0x6C, 0x32, 0x35, 0xC9,
    0x70, 0xD5, 0x94, 0xB3, 0x6D, 0xB0, 0x38, 0xBE, 0xB7, 0xA5, 0x48, 0x3F, 0x73, 0xE2, 0x60, 0xBB,
    0xFC, 0x26, 0xDF, 0xE2, 0x60, 0x39, 0x8D, 0x9C, 0xC3, 0x17, 0x30, 0x97, 0x9B, 0xB9, 0x9B, 0x78,
    0x75, 0x20, 0xB5, 0xDC, 0x36, 0x82, 0x16, 0xBF, 0x2F, 0xC8, 0x5E, 0xBE, 0x1A, 0x1C, 0xDF, 0x8B,
    0xB9, 0xFE, 0x86, 0x3C, 0xD3, 0x13, 0xED, 0x9C, 0x73, 0x9C, 0x7D, 0x5D, 0xF1, 0xBB, 0x10, 0x14,
    0xAA, 0xCC, 0x7F, 0x97, 0xF5, 0xE4, 0x5B, 0xED, 0x28, 0x4A, 0xAD, 0xFF, 0x56, 0xE7, 0xEB, 0xFB,
    0x5D, 0xD2, 0xCB, 0xCF, 0xCD, 0xF5, 0xCB, 0xCD, 0xB7, 0x38, 0x6F, 0x9F, 0x13, 0x4D, 0x4A, 0x64,
    0x64, 0x21, 0xE5, 0xB7, 0xCA, 0x8A, 0xB0, 0xCF, 0xDB, 0xA4, 0xCF, 0xB5, 0xE8, 0x36, 0xAC, 0x4B,
    0xF5, 0x9D, 0x63, 0xCB, 0xE6, 0x5A, 0xCC, 0xF0, 0xBD, 0x75, 0x01, 0xBE, 0x2F, 0x73, 0x33, 0x19,
    0xAE, 0x9A, 0xA0, 0xCA, 0x8B, 0xA8, 0xC9, 0xBB, 0x14, 0xD4, 0xAC, 0x2C, 0x4F, 0x9B, 0x12, 0xFB,
    0xA3, 0xEA, 0xC2, 0x62, 0xBF, 0xE1, 0xF5, 0x5C, 0xFC, 0x9E, 0x94, 0x45, 0x88, 0xB2, 0xF3, 0xF8,
    0xC6, 0xEE, 0xCE, 0x31, 0x5E, 0x07, 0x52, 0x80, 0x13, 0xE8, 0x94, 0x5E, 0xA5, 0x04, 0x24, 0x0F,
    0xF6, 0x0F, 0x5F, 0x28, 0x01, 0x45, 0x74, 0x84, 0x92, 0xF4, 0xC8, 0xF8, 0x88, 0xF7, 0x3A, 0xF4,
    0x84, 0x73, 0xE7, 0xFD, 0x0D, 0x34, 0x79, 0x2D, 0xC7, 0x05, 0x55, 0x67, 0x24, 0x1B, 0x89, 0x25,
    0xAE, 0xB6, 0x47, 0x47, 0x82, 0x32, 0xC0, 0xE6, 0x1B, 0x99, 0x5C, 0x8A, 0x5B, 0xA5, 0x9D, 0x6B,
    0x79, 0xBF, 0xEE, 0xF4, 0xDE, 0xE5, 0xE7, 0x46, 0x7B, 0x5E, 0xFC, 0xCF, 0x3D, 0xFF, 0x65, 0xCE,
    0x0F, 0x24, 0x2E, 0x95, 0xD8, 0xF7, 0xBC, 0xFD, 0x2E, 0x04, 0x10, 0x7C, 0xB8, 0xC1, 0xF6, 0xD8,
    0xAB, 0x40, 0x7F, 0x4C, 0x2C, 0xF0, 0x80, 0xCD, 0x28, 0x05, 0x1B, 0xE2, 0xEE, 0xAD, 0xE4, 0xAD,
    0xC6, 0x24, 0xF1, 0x25, 0xC3, 0x3A, 0x9F, 0xBB, 0xB3, 0xAF, 0xDD, 0xA3, 0xFF, 0x79, 0xF0, 0x29,
    0xAD, 0x8A, 0x2D, 0xF3, 0x8F, 0x27, 0x2B, 0x2F, 0x7A, 0xD3, 0x0E, 0xAC, 0xAB, 0x57, 0xE0, 0x9F,
    0x1B, 0x75, 0xD4, 0x3B, 0x60, 0x22, 0x55, 0xCA, 0xC9, 0x8F, 0x44, 0xE5, 0xFA, 0x1B, 0x12, 0x17,
    0xF9, 0x9F, 0x6F, 0xFD, 0x0F, 0xB4, 0x67, 0x9D, 0xD3, 0x7F, 0x70, 0x16, 0xD3, 0xBA, 0x82, 0xB5,
    0xA2, 0xD0, 0x6A, 0x41, 0x2F, 0x02, 0x84, 0xCA, 0x9F, 0xA4, 0x2C, 0xFD, 0x29, 0x1D, 0x15, 0xD6,
    0xC8, 0xDB, 0x7C, 0x64, 0xC6, 0xED, 0x23, 0x0C, 0x78, 0x38, 0x42, 0x41, 0xB1, 0x9F, 0x8B, 0xE0,
    0xC8, 0x3F, 0x90, 0x17, 0x84, 0x09, 0x4D, 0x20, 0x07, 0x94, 0xCA, 0x5C, 0x33, 0x4F, 0x6D, 0x39,
    0x46, 0x11, 0x8D, 0xA1, 0xC2, 0x50, 0x28, 0x27, 0xB8, 0xCE, 0x65, 0x0C, 0x8C, 0x28, 0xC3, 0xC9,
    0x58, 0x32, 0x90, 0x70, 0x89, 0x21, 0x64, 0xFC, 0x18, 0xBC, 0x64, 0xDD, 0x17, 0x83, 0x1F, 0xE1,
    0x25, 0x3C, 0x5E, 0xC9, 0x4F, 0xAD, 0x29, 0x5F, 0x13, 0xE0, 0xA2, 0x55, 0x34, 0x06, 0x63, 0x30,
    0x98, 0x1F, 0x1E, 0x8B, 0x59, 0xF0, 0x17, 0x10, 0xE7, 0x90, 0xFD, 0xFC, 0xE2, 0xE8, 0xC4, 0x65,
    0x1E, 0xFA, 0x2B, 0xBB, 0x4B, 0x27, 0x2F, 0x9E, 0x06, 0xD9, 0x46, 0x2F, 0x41, 0x68, 0xB8, 0xE9,
    0xF4, 0x0E, 0x2B, 0x44, 0x53, 0xBB, 0x51, 0x8B, 0x21, 0x4C, 0x71, 0xE4, 0xBA, 0x03, 0x1C, 0xE4,
    0x66, 0xB2, 0x1B, 0x95, 0x10, 0x61, 0x86, 0xE0, 0xE9, 0x23, 0xAA, 0xA0, 0x9E, 0x87, 0x14, 0x09,
    0xF9, 0x40, 0xC3, 0x18, 0x8B, 0x42, 0x52, 0x1D, 0xA2, 0x22, 0x8A, 0x82, 0x16, 0xAA, 0x04, 0xD4,
    0x77, 0x9F, 0xE9, 0x23, 0xBF, 0x76, 0xFE, 0x85, 0x51, 0x5F, 0x77, 0x34, 0xA9, 0xA6, 0x51, 0xAC,
    0x55, 0x20, 0xF4, 0x9A, 0x50, 0xF6, 0x81, 0x9C, 0x12, 0x30, 0x25, 0xA5, 0x1A, 0xEB, 0x26, 0x6C,
    0x30, 0x52, 0x03, 0xC6, 0x53, 0x62, 0x17, 0x67, 0x3A, 0x14, 0x96, 0xDB, 0x87, 0x42, 0x6A, 0x16,
    0x15, 0x89, 0xAA, 0x11, 0xCB, 0xAD, 0x31, 0xF0, 0x14, 0xBE, 0xCF, 0x88, 0x33, 0xD7, 0x32, 0xA6,
    0x38, 0x08, 0xF6, 0x29, 0x85, 0x72, 0x4E, 0x4F, 0xE8, 0xD6, 0xAF, 0xE9, 0xE3, 0xE7, 0xE3, 0x1A,
    0x13, 0xC1, 0xA2, 0x20, 0x5A, 0x74, 0x5A, 0x51, 0xAD, 0x09, 0x71, 0x3E, 0x29, 0x1A, 0x05, 0x00,
    0xC6, 0x51, 0x52, 0x52, 0x7C, 0xC8, 0xDC, 0x14, 0xB8, 0x29, 0x13, 0x50, 0xF2, 0xD5, 0x71, 0x97,
    0x63, 0xFE, 0x6D, 0x67, 0x2D, 0x1D, 0x3C, 0xB7, 0x6E, 0x8F, 0xD3, 0xA6, 0x74, 0xC4, 0x00, 0xFF,
    0xB0, 0xA2, 0x77, 0xEF, 0x4A, 0x5D, 0x62, 0x49, 0x6D, 0x29, 0x62, 0xA4, 0xA7, 0x36, 0x32, 0xB1,
    0x90, 0xBA, 0x46, 0x6F, 0x7B, 0x57, 0xC2, 0x15, 0xB9, 0xF7, 0x67, 0xCC, 0xF2, 0xD3, 0x01, 0xA3,
    0xE3, 0xF8, 0xF1, 0xC8, 0x3B, 0x0E, 0xE3, 0x8F, 0xF9, 0xCC, 0x7B, 0xDA, 0x8B, 0x1D, 0xCE, 0xA3,
    0x8D, 0xC8, 0xF0, 0x08, 0xF2, 0x48, 0xBA, 0xF6, 0x60, 0xD1, 0x0F, 0x64, 0xE7, 0x2B, 0x19, 0x3D,
    0x50, 0x9B, 0x3D, 0xFF, 0x81, 0x06, 0x47, 0xB7, 0x59, 0xAC, 0x6B, 0x1C, 0x81, 0x09, 0x1C, 0x95,
    0xCD, 0x5D, 0xB3, 0xF3, 0xC3, 0xB0, 0x6F, 0xC6, 0x02, 0xE7, 0xAB, 0xE1, 0x41, 0x62, 0x74, 0xE6,
    0x31, 0x6E, 0xD9, 0x8B, 0x58, 0xDB, 0x2C, 0xC7, 0x94, 0x63, 0xD6, 0x07, 0xD4, 0xFD, 0x19, 0xC7,
    0x92, 0xA7, 0xB4, 0xD2, 0x1F, 0x08, 0xF0, 0x79, 0xCE, 0x48, 0xDA, 0xC2, 0x23, 0xF1, 0x64, 0x96,
    0x88, 0xAC, 0x4C, 0x22, 0x95, 0x6D, 0xFB, 0xB4, 0x08, 0xB6, 0x65, 0xCC, 0x3E, 0xFD, 0x9A, 0x0B,
    0xFA, 0xDE, 0x38, 0xDE, 0x47, 0x3B, 0x55, 0x01, 0x1C, 0xAB, 0x8B, 0xC3, 0x2D, 0x3A, 0x85, 0x9B,
    0x7D, 0x20, 0xDC, 0x8E, 0x27, 0xB0, 0xE6, 0xAF, 0xA6, 0xAF, 0x66, 0xAF, 0x26, 0x6F, 0xDD, 0xAC,
    0x53, 0x77, 0x9D, 0xB9, 0x97, 0x8D, 0xE5, 0x7A, 0xAB, 0xD2, 0x8D, 0xB8, 0xAD, 0xAC, 0xF7, 0xBA,
    0x0C, 0xD7, 0x8D, 0xEA, 0xC1, 0x63, 0x47, 0xA1, 0x49, 0x6B, 0x92, 0x1F, 0x11, 0x85, 0x19, 0xE3,
    0xBB, 0x13, 0xC6, 0xEF, 0x8E, 0x50, 0x33, 0x01, 0x73, 0x3F, 0xD0, 0x73, 0x64, 0xF7, 0x68, 0x39,
    0x2C, 0xA0, 0xE6, 0x85, 0xA0, 0x9A, 0x4B, 0x65, 0xD0, 0x41, 0x82, 0x22, 0x03, 0x2A, 0x52, 0x89,
    0x89, 0xBF, 0x83, 0xE1, 0x6F, 0x30, 0xFC, 0xB5, 0x5F, 0xED, 0x9C, 0x07, 0xC0, 0x4D, 0xBC, 0x75,
    0x58, 0xB3, 0xB7, 0x5B, 0xD8, 0x7B, 0x70, 0x5F, 0xF6, 0x66, 0xD8, 0x32, 0xA4, 0xF0, 0x49, 0x9D,
    0xC2, 0x3B, 0x79, 0xB5, 0xFB, 0xAD, 0x90, 0x88, 0x45, 0xFD, 0x69, 0xDC, 0x88, 0x58, 0xBF, 0x85,
    0x98, 0xC7, 0x8D, 0xBD, 0x03, 0x52, 0x57, 0xF9, 0x57, 0x9E, 0xD1, 0xD7, 0x70, 0x25, 0x43, 0x32,
    0xB3, 0xD6, 0xAF, 0x87, 0x79, 0xF9, 0xE1, 0x41, 0xC1, 0x22, 0x4E, 0x0D, 0x86, 0x0A, 0xC7, 0xA6,
    0xC9, 0x6C, 0x46, 0x10, 0xF1, 0x15, 0x92, 0x56, 0xF5, 0xE6, 0xAE, 0x31, 0xEC, 0x30, 0xC2, 0x11,
    0xCB, 0x0A, 0x61, 0xF1, 0xAE, 0x8C, 0xB7, 0x84, 0x0B, 0x35, 0x9E, 0x49, 0x9D, 0xD3, 0x43, 0x26,
    0x8A, 0xF7, 0xE6, 0xDD, 0xEF, 0x70, 0xAC, 0x39, 0x3A, 0x8C, 0x01, 0x47, 0xA9, 0x7F, 0xF2, 0x82,
    0x9B, 0x43, 0x00, 0x34, 0xC7, 0x18, 0x27, 0x8E, 0xE3, 0x83, 0xA7, 0xEB, 0x67, 0x12, 0x20, 0xF1,
    0x08, 0xAE, 0x79, 0x25, 0x10, 0xFA, 0x63, 0x58, 0x2D, 0xDF, 0x17, 0xE4, 0x7B, 0xED, 0xAC, 0xE9,
    0x2A, 0x9F, 0xDF, 0xF7, 0xD6, 0x2B, 0xEF, 0xD8, 0xDB, 0xCC, 0x5B, 0x55, 0x2B, 0x7A, 0xA8, 0x43,
    0x1E, 0xDC, 0x31, 0xF7, 0xF8, 0x94, 0x14, 0x51, 0x6E, 0x40, 0x83, 0x83, 0xCD, 0x55, 0xA8, 0x89,
    0x66, 0x92, 0x35, 0x29, 0x00, 0x64, 0xFF, 0x16, 0x7B, 0x07, 0x8B, 0x68, 0x57, 0xDE, 0x8E, 0xDE,
    0x3A, 0xB5, 0x1F, 0xBA, 0x8A, 0xF6, 0x27, 0xAE, 0xA5, 0x7D, 0x5F, 0x28, 0x00, 0xFB, 0xAE, 0x5B,
    0xD1, 0x36, 0xF5, 0xA4, 0x36, 0x77, 0x6A, 0xAD, 0x7B, 0x8D, 0x36, 0x76, 0x1F, 0xD2, 0x46, 0x94,
    0x5B, 0x84, 0x4B, 0x6D, 0xE9, 0x6D, 0xE6, 0xAD, 0x15, 0x0B, 0x0D, 0x0E, 0xC1, 0x2D, 0x14, 0x2E,
    0xA0, 0xAE, 0x4A, 0x8F, 0x6D, 0x4D, 0xFA, 0xE8, 0xD9, 0xC3, 0x7C, 0x8D, 0x70, 0xFD, 0x21, 0xAF,
    0x5F, 0xD8, 0x40, 0x15, 0x6C, 0x49, 0x8A, 0x98, 0x8F, 0x5A, 0x66, 0x4C, 0xC2, 0x82, 0x11, 0x9E,
    0x3A, 0x6E, 0x98, 0xEB, 0x72, 0x10, 0x71, 0xB1, 0x38, 0xEC, 0x5C, 0x89, 0x63, 0x01, 0x3E, 0x85,
    0xC8, 0xB6, 0x23, 0x6C, 0xB6, 0x8D, 0x31, 0x7E, 0xD1, 0xFF, 0x99, 0xA0, 0x03, 0xA1, 0x3A, 0xE6,
    0x6E, 0xAA, 0x39, 0x82, 0x51, 0xD6, 0x47, 0xC4, 0x32, 0x22, 0x68, 0xC0, 0x3E, 0x22, 0xAF, 0x1C,
    0x8B, 0x48, 0xE7, 0xED, 0xB0, 0x2F, 0x22, 0x85, 0x8F, 0x48, 0x73, 0x29, 0x11, 0x99, 0x8D, 0x8F,
    0x88, 0xD1, 0x88, 0xCC, 0xE6, 0x44, 0x44, 0x4E, 0xC8, 0xDB, 0x45, 0xDF, 0x2E, 0x02, 0x77, 0x51,
    0xB8, 0x8B, 0xC4, 0xF5, 0x1A, 0x57, 0x9E, 0xF3, 0x6F, 0xAF, 0x2E, 0x33, 0x2E, 0x22, 0x5E, 0x25,
    0x2E, 0x03, 0xE3, 0x22, 0xEA, 0x7E, 0x3A, 0x4E, 0x8E, 0x94, 0x5B, 0x54, 0x19, 0x9B, 0x29, 0x97,
    0x74, 0xE4, 0x9D, 0x94, 0x75, 0x3D, 0xE7, 0x21, 0x36, 0xE3, 0xE6, 0xBF, 0x6D, 0x92, 0x4A, 0x9B,
    0xA8, 0xDE, 0x95, 0x83, 0x25, 0xEF, 0x97, 0xBF, 0xD0, 0x89, 0x53, 0x6D, 0x05, 0x82, 0xA4, 0xCF,
    0xDA, 0x45, 0x51, 0x7C, 0xED, 0x41, 0xB3, 0x36, 0x7E, 0x32, 0xB2, 0xD6, 0xDC, 0x3B, 0x6B, 0x8B,
    0x00, 0xE7, 0xD0, 0x26, 0xA1, 0x18, 0x49, 0x5B, 0xA8, 0x7E, 0xE9, 0x72, 0x26, 0x9A, 0xF5, 0x40,
    0xC6, 0x47, 0x79, 0x52, 0xA3, 0x4E, 0xD9, 0xF1, 0x79, 0x44, 0x59, 0x1B, 0x2E, 0x52, 0x29, 0x5D,
    0x88, 0x62, 0x7D, 0x39, 0xF6, 0xE7, 0x99, 0x75, 0xE5, 0xC1, 0xC5, 0xBC, 0x5C, 0x2C, 0x0F, 0x4B,
    0x39, 0x0A, 0x6E, 0x06, 0x2F, 0xCA, 0xC3, 0x83, 0x9C, 0x56, 0x4B, 0x69, 0x80, 0x56, 0xBA, 0xE8,
    0x67, 0x48, 0xF1, 0x5C, 0x20, 0x77, 0xC8, 0xF1, 0xAB, 0x88, 0xFB, 0xCF, 0xD9, 0x0A, 0x8D, 0x1C,
    0xAF, 0x6A, 0xC5, 0x62, 0xF4, 0xF8, 0x5D, 0xD8, 0x85, 0xF4, 0xBF, 0x8A, 0x9A, 0x4A, 0x8A, 0xD0,
    0xFB, 0x6C, 0xAC, 0xFE, 0xE2, 0x34, 0x09, 0xE7, 0x7D, 0x24, 0xDC, 0x57, 0xA8, 0xE6, 0x85, 0x84,
    0xE6, 0x44, 0xA1, 0xEA, 0x3C, 0x09, 0x7B, 0x4F, 0xC2, 0xD1, 0x93, 0xD0, 0x93, 0x31, 0xF5, 0x64,
    0x4C, 0x3C, 0x19, 0x23, 0x4F, 0xC6, 0x60, 0x21, 0x61, 0xED, 0x6D, 0x7E, 0x82, 0x84, 0x89, 0x27,
    0x61, 0x74, 0x92, 0x84, 0xA5, 0x8F, 0x9F, 0x72, 0x2B, 0x68, 0xB4, 0x14, 0x25, 0x7D, 0xD9, 0x69,
    0x2C, 0x35, 0x1D, 0xAD, 0xEF, 0xC4, 0xF1, 0x52, 0x0E, 0xEA, 0xEE, 0x12, 0x29, 0x87, 0xC3, 0x29,
    0x4E, 0xA3, 0x4D, 0xCD, 0x91, 0x8C, 0xAA, 0xB8, 0x9B, 0x8D, 0x30, 0xCA, 0x67, 0x86, 0x6C, 0x64,
    0x49, 0xE9, 0x79, 0x9B, 0x8F, 0xDC, 0xD5, 0x48, 0x8E, 0x7C, 0x89, 0xBB, 0x8F, 0xD7, 0x7F, 0x8D,
    0x7B, 0xD5, 0xC1, 0xB3, 0xF3, 0x2D, 0xD6, 0x22, 0x4A, 0x0A, 0xA8, 0x21, 0x95, 0xAE, 0xE2, 0x68,
    0xE0, 0x86, 0x90, 0xF1, 0xAE, 0x04, 0xE3, 0x02, 0x6B, 0xCB, 0x42, 0xE9, 0x88, 0x69, 0x1B, 0xD0,
    0x46, 0xDC, 0x06, 0x94, 0x22, 0x42, 0xCA, 0x01, 0x33, 0xF4, 0xB5, 0x0A, 0x3D, 0x77, 0x2F, 0x33,
    0xB0, 0x27, 0x80, 0xE1, 0x12, 0x2B, 0xF0, 0x5B, 0xAA, 0x60, 0xC9, 0xC9, 0x1A, 0xF8, 0x25, 0x7E,
    0x66, 0xE2, 0xAA, 0x85, 0x3C, 0x6B, 0x41, 0xCE, 0xD8, 0xCD, 0x2F, 0xC9, 0x4B, 0x81, 0x17, 0xFD,
    0xB9, 0xEE, 0xF3, 0xC0, 0x69, 0x0D, 0xBD, 0xFE, 0x22, 0x4B, 0x06, 0xA3, 0x2C, 0x03, 0x9E, 0xD2,
    0xC2, 0x77, 0xEA, 0x73, 0x58, 0xC0, 0xBB, 0x99, 0xBF, 0xB6, 0xD0, 0x78, 0x92, 0x7B, 0x3F, 0x70,
    0xA3, 0xD4, 0xF5, 0x7A, 0x92, 0x12, 0x9F, 0xCF, 0xE2, 0x43, 0xEA, 0x6A, 0x28, 0x37, 0x6D, 0xCE,
    0x9B, 0x41, 0x18, 0x3D, 0xCB, 0x90, 0x4E, 0xB2, 0xDD, 0x6C, 0x2C, 0xA5, 0xBC, 0xAF, 0x72, 0x79,
    0xB7, 0xB7, 0xCB, 0x54, 0xC2, 0x11, 0xF8, 0x15, 0x1C, 0x62, 0xA1, 0x57, 0xCD, 0x53, 0x88, 0x83,
    0x3C, 0xAF, 0x55, 0xA0, 0xD6, 0x00, 0xCC, 0x0A, 0xF2, 0xA8, 0xA5, 0x5D, 0x99, 0x37, 0x17, 0x5F,
    0xCA, 0x70, 0xF0, 0xF3, 0x75, 0x73, 0x80, 0x4E, 0x68, 0x65, 0xFA, 0xAA, 0x34, 0x5E, 0x29, 0xC0,
    0xFD, 0x14, 0x8F, 0x06, 0xB7, 0x1F, 0x51, 0x74, 0x96, 0xCF, 0x5B, 0xE6, 0x4F, 0x00, 0xF3, 0xC8,
    0x13, 0x6F, 0x3C, 0xB1, 0x5A, 0xA7, 0x93, 0x85, 0x29, 0x87, 0x0C, 0x85, 0x42, 0x52, 0x50, 0xEA,
    0x60, 0x38, 0x19, 0x66, 0x5B, 0x67, 0x58, 0x34, 0x8A, 0x2F, 0x5D, 0xAC, 0x6E, 0x5D, 0x01, 0x0C,
    0xB6, 0x15, 0x4F, 0x53, 0x39, 0x4F, 0x8E, 0xA2, 0xCB, 0xA4, 0x1D, 0x4B, 0x35, 0xED, 0x6B, 0xA9,
    0xF0, 0xAD, 0xBC, 0x91, 0x55, 0xB2, 0x86, 0x35, 0xFF, 0xF6, 0x68, 0x02, 0x76, 0x50, 0xF3, 0x08,
    0xAB, 0x5E, 0x38, 0x9E, 0xAC, 0xFC, 0x45, 0xED, 0x7E, 0xC9, 0x8B, 0x50, 0x10, 0x11, 0x6F, 0xD3,
    0x3E, 0x46, 0x33, 0x18, 0xD9, 0x55, 0xD9, 0xDA, 0x6C, 0x97, 0x4D, 0xBC, 0x38, 0x28, 0x80, 0x39,
    0x3B, 0x1D, 0x7A, 0x00, 0x2F, 0xEA, 0xC1, 0x5F, 0x00, 0xDD, 0x1C, 0x89, 0xE9, 0x2F, 0xA6, 0x53,
    0x17, 0xFE, 0x27, 0x3E, 0xBC, 0xBC, 0x55, 0x2F, 0xF3, 0x94, 0x3A, 0x73, 0x38, 0xE4, 0x2A, 0x85,
    0xA3, 0x31, 0x45, 0xD0, 0x05, 0xFD, 0x31, 0x91, 0xA7, 0xB1, 0x0D, 0x29, 0xE4, 0xEE, 0x75, 0xF0,
    0x82, 0x7D, 0xC8, 0x91, 0x20, 0xDE, 0x8B, 0x01, 0xC7, 0x56, 0x75, 0xC7, 0x04, 0x2F, 0xBD, 0xBE,
    0xC6, 0xF6, 0xFA, 0x4D, 0xCA, 0xC5, 0xD0, 0x23, 0x8C, 0xDE, 0x14, 0x7B, 0xBF, 0x81, 0xB3, 0xFB,
    0xA8, 0x1E, 0x32, 0x74, 0x37, 0x93, 0xAD, 0x80, 0xB6, 0xE4, 0xD9, 0x08, 0xC0, 0xB1, 0x58, 0x4D,
    0x90, 0xDD, 0xE8, 0x76, 0xDB, 0x95, 0x6F, 0xD0, 0x70, 0x25, 0xA5, 0x27, 0x12, 0x05, 0xD2, 0x7E,
    0x06, 0x55, 0xE1, 0xF0, 0xCF, 0x9D, 0xBB, 0xFB, 0xD2, 0xCA, 0xFA, 0xAD, 0xCA, 0xBA, 0x53, 0xA6,
    0x78, 0x77, 0x72, 0x5D, 0x31, 0x2E, 0xD8, 0x9F, 0x31, 0x5F, 0xF5, 0xFD, 0xD4, 0xAB, 0xD9, 0xCA,
    0xAC, 0x7B, 0x11, 0xB6, 0xC6, 0xCA, 0xAC, 0x2D, 0xD7, 0x17, 0xBA, 0x1D, 0xE5, 0xEE, 0x8F, 0x85,
    0x94, 0xC5, 0x92, 0x35, 0x34, 0xF2, 0xE2, 0x0D, 0xCF, 0x58, 0xD7, 0x27, 0xE0, 0x2A, 0x42, 0xDC,
    0x33, 0x50, 0xBB, 0x4C, 0xA0, 0x8F, 0x44, 0xFA, 0x02, 0x32, 0x00, 0x88, 0x4D, 0xDA, 0x16, 0x86,
    0xA5, 0x3B, 0xD0, 0x60, 0x67, 0xEE, 0x57, 0xA4, 0xBF, 0x64, 0x1C, 0x7F, 0xEB, 0x73, 0x3E, 0x49,
    0xCA, 0x88, 0x89, 0x75, 0x96, 0x90, 0x69, 0x33, 0x18, 0x81, 0x5F, 0x5C, 0x17, 0x5D, 0x2C, 0x42,
    0x08, 0x4A, 0x64, 0x80, 0x09, 0xBC, 0x7C, 0x17, 0x41, 0xA0, 0x07, 0xCA, 0x04, 0x6A, 0x3F, 0xED,
    0x97, 0xC3, 0x0D, 0xF5, 0x02, 0xE6, 0x09, 0x59, 0x39, 0x88, 0xC0, 0x1B, 0x27, 0xF5, 0x2B, 0xB5,
    0x84, 0x68, 0xAE, 0xCC, 0x35, 0x74, 0x16, 0xD1, 0xAD, 0x22, 0x37, 0xBF, 0x29, 0xD9, 0xDC, 0x31,
    0xA5, 0xCF, 0x32, 0xC8, 0x06, 0x32, 0x78, 0x59, 0x3B, 0xEA, 0x22, 0x19, 0x1E, 0x17, 0x5C, 0x53,
    0xC5, 0x35, 0xB9, 0x17, 0xAE, 0x56, 0x71, 0x0D, 0x17, 0x5C, 0x37, 0x40, 0x05, 0xB3, 0x17, 0xD5,
    0xE4, 0x54, 0xE8, 0xCF, 0x4B, 0x8B, 0xA9, 0x94, 0x76, 0xDB, 0x2A, 0x3B, 0xEA, 0x16, 0x7C, 0x53,
    0xC5, 0xF7, 0xE8, 0x82, 0xF0, 0xDD, 0xFA, 0xFC, 0xED, 0x7A, 0x33, 0x3C, 0xCB, 0xE6, 0xEB, 0xA1,
    0x2C, 0xD8, 0x3F, 0x64, 0x02, 0xB6, 0xFB, 0x6F, 0x98, 0x18, 0x77, 0x9D, 0x9E, 0x2B, 0xEB, 0xA6,
    0xC4, 0x2B, 0xF9, 0xA7, 0xB3, 0x66, 0xCD, 0xA8, 0x8E, 0xF6, 0x2A, 0x39, 0x5B, 0xED, 0x2F, 0xC5,
    0x97, 0x2C, 0x5F, 0xAE, 0x99, 0xA7, 0x4D, 0x28, 0x1B, 0x91, 0x2A, 0x19, 0x41, 0xAC, 0x5B, 0x99,
    0xB3, 0xFE, 0xB8, 0x43, 0xD1, 0xA9, 0xBC, 0xBA, 0x5D, 0x1F, 0x97, 0x2E, 0x37, 0x5F, 0x96, 0xCF,
    0xB7, 0xC1, 0x33, 0xC4, 0x82, 0x52, 0xA0, 0x9E, 0xC0, 0xBA, 0x15, 0x5E, 0x91, 0x4E, 0x1F, 0xDD,
    0x39, 0xB6, 0xAB, 0xA0, 0xFE, 0x21, 0xA7, 0xE9, 0xD0, 0x9A, 0x7A, 0xDF, 0x03, 0xAB, 0xBC, 0x97,
    0x6A, 0x9A, 0xF6, 0x6C, 0x48, 0xEC, 0x41, 0x02, 0xD8, 0xD5, 0x82, 0x95, 0x35, 0x03, 0xBC, 0xA9,
    0x63, 0x8F, 0x96, 0xCB, 0xC8, 0xB7, 0x3A, 0x1E, 0x59, 0x10, 0x9B, 0x1A, 0x2B, 0xC9, 0xE9, 0x25,
    0xC5, 0x91, 0x45, 0xD8, 0x51, 0x8E, 0x25, 0x1A, 0x9A, 0x0C, 0xE5, 0xAA, 0x44, 0xF8, 0xCA, 0xF9,
    0x65, 0x11, 0x0C, 0x8E, 0x08, 0x0B, 0xD4, 0x12, 0x76, 0xD9, 0xD1, 0x15, 0xB6, 0xC9, 0xA7, 0x7C,
    0x1D, 0x06, 0xE7, 0x64, 0x81, 0xD0, 0x41, 0xD5, 0x88, 0x17, 0x83, 0x96, 0xA7, 0x70, 0x8B, 0x49,
    0x57, 0x5E, 0xC4, 0x52, 0x77, 0x70, 0x28, 0xB0, 0xF3, 0x9B, 0x63, 0x36, 0x48, 0xD3, 0xEF, 0xCD,
    0x28, 0x7D, 0x64, 0xC0, 0x36, 0x33, 0x77, 0xD7, 0xF8, 0x7E, 0x33, 0xC8, 0x73, 0x93, 0xEC, 0x68,
    0x7E, 0x5A, 0x98, 0xF6, 0x23, 0x5C, 0x60, 0xD3, 0x45, 0x3C, 0xB9, 0xDF, 0xBC, 0x39, 0xC2, 0xDF,
    0x23, 0x38, 0x73, 0x88, 0x5E, 0x70, 0x65, 0x49, 0x02, 0x86, 0x23, 0x81, 0x27, 0xD9, 0xFF, 0xCE,
    0xA0, 0xB9, 0x2B, 0x64, 0x33, 0x79, 0x65, 0xDE, 0x36, 0xBF, 0xF3, 0xD8, 0xA2, 0x27, 0x1E, 0xA0,
    0x27, 0xA6, 0xD4, 0xA8, 0xF2, 0x7E, 0xD9, 0x84, 0x73, 0xDA, 0xC6, 0xAB, 0xA4, 0xB7, 0x7D, 0xD4,
    0x07, 0xC5, 0x56, 0xE7, 0xBA, 0x08, 0xF4, 0x76, 0x63, 0x51, 0x02, 0x8B, 0x6C, 0x8D, 0x45, 0x7A,
    0x49, 0x58, 0xFC, 0x3B, 0xEB, 0x50, 0xE1, 0x73, 0x65, 0xAB, 0x9C, 0x89, 0x1E, 0xD4, 0x6A, 0x1B,
    0xA3, 0xA5, 0x05, 0xC5, 0x45, 0x51, 0x49, 0x3E, 0x99, 0x50, 0x36, 0xF7, 0x0A, 0x2B, 0x1A, 0x75,
    0x45, 0xDB, 0x6B, 0x81, 0xBD, 0x4D, 0xF5, 0x9E, 0xE2, 0x7E, 0x5D, 0x85, 0x0E, 0x4D, 0xD6, 0xFD,
    0x04, 0xCF, 0x82, 0x78, 0x96, 0x7D, 0x97, 0x2D, 0xE1, 0xC5, 0x7B, 0x33, 0xAD, 0x3C, 0xC1, 0x34,
    0x14, 0x36, 0xDB, 0x9C, 0x09, 0xDD, 0x67, 0x65, 0xE5, 0x31, 0x3F, 0x0B, 0xBA, 0x81, 0xC0, 0x66,
    0x9B, 0xB8, 0xB7, 0x5D, 0xDA, 0x8A, 0xCA, 0x96, 0x02, 0x26, 0xA7, 0x43, 0xD4, 0xDE, 0xDC, 0x3B,
    0xB8, 0xFD, 0xB9, 0x00, 0x70, 0xDD, 0xBE, 0x0F, 0x04, 0xB2, 0x78, 0xB9, 0x19, 0x6B, 0x8C, 0xF3,
    0x73, 0x18, 0x17, 0xA5, 0x7B, 0x6E, 0x63, 0x89, 0x0E, 0x96, 0xB0, 0x81, 0x65, 0x10, 0xC5, 0xD0,
    0xD8, 0xAB, 0x13, 0x25, 0x3F, 0xE5, 0x71, 0x2B, 0x67, 0x73, 0xCC, 0xBC, 0x96, 0xDC, 0x28, 0x82,
    0x98, 0xF3, 0x64, 0xFA, 0x0C, 0xBA, 0x54, 0xF0, 0xAA, 0x2A, 0x30, 0x08, 0xB0, 0x12, 0x21, 0xD2,
    0x2F, 0x82, 0x9D, 0xEB, 0x77, 0x5E, 0x2B, 0xFA, 0x07, 0xFA, 0x0E, 0x88, 0xCB, 0xCB, 0x88, 0x3A,
    0x76, 0x27, 0x6C, 0x58, 0xE9, 0x99, 0xC7, 0x68, 0x22, 0x84, 0x3C, 0x91, 0xF4, 0x1A, 0x34, 0xDB,
    0x31, 0x43, 0x90, 0x1B, 0x50, 0x7B, 0x89, 0x09, 0xE4, 0xED, 0xAC, 0xC1, 0x26, 0xD3, 0x1E, 0xBB,
    0xB2, 0xE0, 0x06, 0x42, 0x42, 0x37, 0xB6, 0xF6, 0x7E, 0x70, 0xEB, 0xB8, 0xD7, 0x67, 0x8D, 0xCF,
    0xF3, 0x97, 0x13, 0x9F, 0xCC, 0xC7, 0x07, 0xCD, 0xB1, 0xDE, 0xFA, 0xCE, 0x82, 0x3B, 0xF2, 0x67,
    0x14, 0xDC, 0x07, 0xC1, 0xFD, 0xE6, 0x45, 0xE1, 0xBE, 0x17, 0x97, 0xEA, 0x24, 0x2E, 0x1C, 0xE7,
    0x17, 0x30, 0x8E, 0x3B, 0x7C, 0xCB, 0x17, 0xBE, 0xAD, 0xC7, 0xB3, 0xE0, 0x02, 0x69, 0x92, 0x50,
    0x24, 0x65, 0x0B, 0x3A, 0x32, 0x06, 0x22, 0xEE, 0xB3, 0x9D, 0xDC, 0x9B, 0x72, 0xFF, 0x2D, 0x97,
    0x43, 0xE4, 0xD6, 0x17, 0xCB, 0x2F, 0xDF, 0xD3, 0x38, 0x9C, 0xC0, 0x20, 0x00, 0xF7, 0xC2, 0x41,
    0xDB, 0xB8, 0x9D, 0xE3, 0x4E, 0xF3, 0xE2, 0xEF, 0x59, 0x32, 0x72, 0xA7, 0xB2, 0x31, 0xFF, 0x96,
    0x2A, 0xAD, 0x4C, 0x2B, 0xB7, 0xF4, 0xE4, 0xDB, 0x66, 0xFF, 0x47, 0xDE, 0x6A, 0xA5, 0x7E, 0x40,
    0xA9, 0xB5, 0xA9, 0xDA, 0x46, 0x6C, 0xF5, 0xAC, 0xD4, 0x95, 0x00, 0x62, 0xCF, 0x79, 0x9F, 0x2E,
    0xCD, 0x0E, 0x6A, 0x6B, 0x08, 0xDB, 0x8E, 0x07, 0x53, 0x03, 0xA5, 0x26, 0x45, 0x80, 0xCA, 0x3F,
    0x73, 0x1F, 0x1D, 0xA1, 0x3C, 0xE3, 0x60, 0x3A, 0xB3, 0x49, 0xA9, 0x5E, 0x35, 0x47, 0xAA, 0x54,
    0x8D, 0x6F, 0x1F, 0xC1, 0x1C, 0xE2, 0xCF, 0xD8, 0xBD, 0xDF, 0x53, 0x59, 0xBB, 0x6D, 0xF3, 0x1E,
    0x66, 0x14, 0x39, 0xF4, 0x57, 0xE6, 0xDE, 0x9F, 0x67, 0x5D, 0xFB, 0x2C, 0xB5, 0x61, 0x5B, 0x8B,
    0x71, 0x50, 0x9D, 0x8D, 0x2C, 0xD4, 0xDC, 0x10, 0x23, 0xF0, 0x46, 0xE7, 0x61, 0x3A, 0x98, 0xD0,
    0xDD, 0x95, 0x69, 0x0D, 0x7A, 0x93, 0x00, 0x2F, 0x0B, 0xCE, 0xA8, 0xD5, 0xA9, 0xEB, 0x60, 0x82,
    0x43, 0x73, 0x88, 0x3E, 0x86, 0xF8, 0xF8, 0x98, 0x75, 0x4B, 0xEC, 0xBC, 0x6D, 0xCC, 0x7D, 0x3F,
    0x12, 0xD9, 0xEE, 0x44, 0xA4, 0x2B, 0xF9, 0xBB, 0x38, 0x00, 0x7C, 0xE5, 0x63, 0x10, 0xE9, 0xF2,
    0x21, 0x23, 0x9D, 0xAC, 0x63, 0x3B, 0x28, 0x48, 0x5B, 0x91, 0x7E, 0x62, 0x62, 0x2B, 0xCA, 0x99,
    0x3E, 0x65, 0x45, 0xA8, 0x59, 0xDC, 0x26, 0xFD, 0x76, 0xAC, 0x53, 0x1F, 0xE3, 0x58, 0xDB, 0x87,
    0x4C, 0x73, 0xE7, 0x6C, 0xB1, 0x6E, 0xE4, 0xEF, 0xEA, 0x00, 0x45, 0xE4, 0x49, 0xCE, 0x6A, 0xFF,
    0x91, 0xD4, 0x7E, 0x15, 0x41, 0x6E, 0x0D, 0x63, 0xBD, 0x8A, 0x7B, 0xE5, 0x41, 0xA7, 0xAF, 0x02,
    0xA9, 0x80, 0xF3, 0x18, 0x73, 0xA3, 0x7B, 0x32, 0x08, 0x60, 0x8E, 0x74, 0xA3, 0xA1, 0x2A, 0x03,
    0x13, 0xFF, 0xB7, 0xEE, 0x3F, 0x69, 0x4A, 0x5A, 0x51, 0xA5, 0x6A, 0x5B, 0xB5, 0xC9, 0xF0, 0x0E,
    0x6D, 0xB4, 0x88, 0xA6, 0xFA, 0xD6, 0x6E, 0x22, 0xAC, 0x09, 0x90, 0xA9, 0x2D, 0xA0, 0x69, 0x03,
    0x26, 0x7D, 0xFF, 0xE4, 0x26, 0xBD, 0xB9, 0xA1, 0x6E, 0xD7, 0xAA, 0x07, 0x57, 0x25, 0x7E, 0x8C,
    0xFA, 0xB4, 0xA1, 0xB1, 0x5B, 0x26, 0x1C, 0x33, 0xF6, 0x4B, 0xCF, 0x07, 0x95, 0x5C, 0xF7, 0xE4,
    0x43, 0xF3, 0x58, 0xF0, 0x61, 0xF9, 0xC4, 0x45, 0xA4, 0xFD, 0xBE, 0xA1, 0x3B, 0x26, 0xEF, 0x32,
    0x32, 0xC5, 0x75, 0xB5, 0xD2, 0xFD, 0x7B, 0xE4, 0xBB, 0x9D, 0x62, 0x3A, 0x98, 0x76, 0x7A, 0x82,
    0x48, 0x0B, 0x4B, 0xBC, 0x9E, 0x7A, 0x32, 0x9B, 0xC1, 0x43, 0x17, 0x88, 0xAF, 0x18, 0x5A, 0x5B,
    0xA9, 0xC0, 0xFE, 0x80, 0xA0, 0xE4, 0xEF, 0x4F, 0xF4, 0xFA, 0xFB, 0xBC, 0xE9, 0x12, 0xBE, 0x39,
    0x41, 0xB1, 0x0B, 0x75, 0x14, 0xD6, 0x3E, 0x79, 0x12, 0xEA, 0x84, 0x97, 0x67, 0x27, 0xF3, 0xB9,
    0x7A, 0xA2, 0xE2, 0xB6, 0xF2, 0x71, 0x53, 0xD1, 0xF2, 0x92, 0xE6, 0xA5, 0x49, 0x7C, 0x1D, 0x4B,
    0x7D, 0xDF, 0xCE, 0x17, 0xBB, 0x5A, 0x94, 0xAA, 0x66, 0xAE, 0xF5, 0x8D, 0x3D, 0x74, 0xB7, 0x96,
    0xD8, 0x68, 0x68, 0x34, 0x32, 0x1A, 0x98, 0xE8, 0x0B, 0xFD, 0x47, 0x34, 0x34, 0x18, 0x3E, 0x16,
    0xB5, 0x9B, 0x28, 0xC1, 0xBB, 0x7A, 0x46, 0x20, 0x7C, 0x6B, 0xE6, 0xFE, 0x4B, 0x2D, 0x2E, 0x3A,
    0x56, 0x7A, 0x7C, 0xD3, 0x0C, 0xDB, 0x38, 0x75, 0x75, 0xDD, 0x83, 0xB2, 0x71, 0xB9, 0xAA, 0x7D,
    0x1F, 0x47, 0xB8, 0xBD, 0x7A, 0x8B, 0xC7, 0xC5, 0xE7, 0xB4, 0xB7, 0xBE, 0x4C, 0xE5, 0x4D, 0xE4,
    0xEF, 0x89, 0x42, 0x28, 0xF6, 0x30, 0x14, 0x47, 0xA0, 0xAB, 0xFF, 0x0C, 0xAD, 0x80, 0x43, 0xA2,
    0x1D, 0x71, 0x25, 0xEC, 0x31, 0xE9, 0x24, 0xF8, 0x4F, 0xB2, 0x6D, 0x93, 0xC9, 0xBE, 0x5D, 0x2B,
    0x9E, 0xC9, 0x4F, 0xF2, 0xBC, 0xF8, 0x88, 0xA3, 0x87, 0xDC, 0xAB, 0x42, 0xB9, 0x2A, 0x61, 0x18,
    0xCB, 0x1A, 0x3F, 0xC9, 0xD5, 0x0A, 0x3C, 0x8F, 0x66, 0xC4, 0x53, 0xF6, 0xD7, 0xE2, 0x10, 0x5B,
    0x8E, 0xA1, 0x14, 0x8D, 0x04, 0x47, 0xA6, 0x29, 0x9A, 0x5C, 0x6F, 0x71, 0xF4, 0x99, 0xA3, 0xB1,
    0xE6, 0x5E, 0x53, 0x27, 0xBB, 0x1F, 0x78, 0xCC, 0x95, 0xF4, 0xCA, 0x47, 0xD4, 0xA8, 0xC4, 0x7D,
    0xAB, 0xCF, 0xC6, 0xBC, 0x85, 0x6A, 0x79, 0xAD, 0xB7, 0x13, 0x00, 0x8B, 0xDC, 0x87, 0x9D, 0x9D,
    0x51, 0xAD, 0x43, 0xF7, 0x71, 0x93, 0xB8, 0xBA, 0x50, 0x04, 0x22, 0x45, 0x4D, 0x1C, 0x89, 0xB4,
    0x50, 0xD7, 0xAE, 0x08, 0xDD, 0xB4, 0x20, 0xA9, 0x4D, 0x51, 0x48, 0x65, 0x94, 0x3D, 0x99, 0xFC,
    0x52, 0x13, 0xA2, 0x74, 0xDC, 0x50, 0x65, 0x91, 0x08, 0xC9, 0x82, 0xB2, 0x9D, 0xD7, 0xC7, 0x9C,
    0xCA, 0xC3, 0x5E, 0xB6, 0x7A, 0x31, 0x6B, 0x99, 0x34, 0xD1, 0x18, 0x2B, 0xD4, 0x71, 0x1F, 0x7A,
    0xCC, 0x8B, 0xBD, 0x40, 0xAF, 0xAB, 0xE7, 0x18, 0xCC, 0xC0, 0x4A, 0x2E, 0x04, 0x2E, 0xE6, 0xA4,
    0x80, 0x2B, 0x20, 0x88, 0x7F, 0x55, 0xCC, 0x10, 0x08, 0x85, 0x12, 0xA9, 0xA9, 0x2B, 0xA4, 0x81,
    0x95, 0x07, 0x90, 0x2B, 0x52, 0x6A, 0x1B, 0x9C, 0x11, 0x5D, 0x97, 0xB9, 0x16, 0xB8, 0x94, 0x7D,
    0x5E, 0x76, 0x65, 0x03, 0x0F, 0xCA, 0xBC, 0xAF, 0x2B, 0xB4, 0xA7, 0xDB, 0x69, 0x0F, 0x28, 0xD2,
    0xD5, 0x64, 0x07, 0x5C, 0xD8, 0x71, 0xB4, 0x77, 0xF5, 0xCC, 0xB9, 0x8A, 0x89, 0x43, 0xE4, 0x06,
    0xED, 0xFA, 0x12, 0xC5, 0x88, 0xD9, 0x10, 0xB8, 0x3E, 0xD4, 0xB4, 0x90, 0xDC, 0xD3, 0x43, 0x41,
    0x2D, 0xA5, 0x8A, 0xBC, 0x0A, 0xDF, 0x56, 0x4C, 0x94, 0x6F, 0xA9, 0xDE, 0x2C, 0xFD, 0x6B, 0x76,
    0x24, 0xEF, 0x42, 0xCC, 0x2F, 0x80, 0xE0, 0xAF, 0xA0, 0x30, 0xD7, 0x76, 0x10, 0xEC, 0xCF, 0x44,
    0x50, 0x8B, 0x11, 0x0E, 0xF4, 0x42, 0x2D, 0x90, 0x22, 0x11, 0x36, 0xD9, 0x09, 0xC5, 0x4B, 0x36,
    0xAB, 0x87, 0x59, 0x2D, 0x04, 0x80, 0x38, 0x1F, 0xB9, 0x7C, 0x2A, 0x4F, 0x32, 0x67, 0x23, 0x4D,
    0x7E, 0x16, 0xE0, 0xD0, 0xFD, 0x74, 0xD0, 0x59, 0x7B, 0xDD, 0x4B, 0xB3, 0x15, 0x22, 0xEB, 0xCC,
    0xD9, 0x4C, 0x8A, 0x3A, 0x20, 0x73, 0x92, 0x40, 0xC9, 0xDA, 0xCC, 0x9B, 0xDD, 0xDF, 0xD0, 0x53,
    0x12, 0xD7, 0xAC, 0x47, 0x4D, 0x39, 0x46, 0x1E, 0x80, 0xDB, 0x1E, 0xB4, 0xCC, 0x5A, 0xD1, 0x92,
    0xD2, 0x33, 0xE3, 0x6A, 0x6F, 0xD0, 0x6B, 0xE7, 0x22, 0x94, 0x81, 0x39, 0x76, 0x93, 0xD4, 0x22,
    0x51, 0x50, 0xB1, 0x6C, 0xBC, 0x94, 0xB8, 0xB7, 0x02, 0xB6, 0x44, 0x00, 0x45, 0xC0, 0xF5, 0xF0,
    0xB7, 0x1E, 0xA2, 0x09, 0x10, 0x20, 0x6D, 0xB2, 0x11, 0xDD, 0xC6, 0x4E, 0xA0, 0x5B, 0x32, 0xA7,
    0x1D, 0x50, 0xD0, 0x44, 0xC0, 0xEA, 0x81, 0xA7, 0x3D, 0x77, 0x5B, 0x8E, 0x9B, 0x7A, 0x97, 0x0E,
    0x9B, 0x5A, 0xA8, 0x85, 0x86, 0xF0, 0x30, 0x8A, 0x8E, 0x2C, 0x50, 0xF4, 0xB4, 0xFB, 0x65, 0x5A,
    0x23, 0xC3, 0x31, 0x1C, 0x09, 0x8C, 0x75, 0xA7, 0x4C, 0xB4, 0x8A, 0x56, 0xFB, 0x4F, 0x0B, 0xDF,
    0x95, 0xD9, 0xC4, 0x7C, 0x4F, 0x4C, 0xAE, 0xD1, 0x8D, 0x11, 0x5D, 0x54, 0x8D, 0x5E, 0xA3, 0x3B,
    0x18, 0x30, 0x57, 0xB6, 0x08, 0xDE, 0xE6, 0x13, 0xF8, 0x85, 0x08, 0xA0, 0xF0, 0x25, 0xEE, 0xCF,
    0x35, 0xBA, 0xEF, 0x2B, 0xB8, 0xFF, 0x75, 0x51, 0xD1, 0x8D, 0x8F, 0x99, 0xE5, 0xF3, 0x0D, 0xCD,
    0x67, 0x3D, 0x1D, 0xE9, 0x5A, 0xDC, 0xC6, 0xC4, 0x3D, 0x51, 0x23, 0xDD, 0xDD, 0xE9, 0xB7, 0x34,
    0x4E, 0x87, 0x0A, 0x89, 0xE9, 0x58, 0x3B, 0x8B, 0x5C, 0xAF, 0x5B, 0x53, 0x4E, 0x40, 0x5D, 0x92,
    0x2C, 0x67, 0x81, 0x4C, 0x65, 0xE6, 0x96, 0x9B, 0xAA, 0x96, 0xF9, 0x4D, 0x3D, 0x71, 0x15, 0x9F,
    0x87, 0x8C, 0x4D, 0xC3, 0x49, 0x0B, 0x5F, 0xA9, 0x7C, 0xD5, 0x0A, 0x05, 0xBA, 0xAB, 0xDC, 0x48,
    0x86, 0x42, 0x20, 0xF3, 0x66, 0xF2, 0x7E, 0xD9, 0x94, 0x28, 0x66, 0x0D, 0x4B, 0x76, 0xA5, 0x85,
    0xBB, 0xDE, 0xEC, 0x64, 0x73, 0xD2, 0x61, 0xEE, 0xB6, 0x9A, 0x9E, 0xBE, 0xD2, 0xB1, 0x84, 0x61,
    0x27, 0xC1, 0x4C, 0x01, 0x83, 0x47, 0x5E, 0x3D, 0xE5, 0x1D, 0x52, 0xA1, 0xC5, 0xD0, 0xDB, 0x65,
    0x68, 0x6D, 0x17, 0x4B, 0x4D, 0x6A, 0x24, 0xAE, 0x49, 0x95, 0x93, 0x44, 0x3D, 0x36, 0xD8, 0xE2,
    0xE9, 0x02, 0xD9, 0xAA, 0xFC, 0xBB, 0x29, 0xF7, 0xC3, 0x01, 0xAD, 0x70, 0x90, 0xFB, 0xC9, 0x00,
    0x88, 0x06, 0xEC, 0xAB, 0xCF, 0xD6, 0x53, 0x09, 0xE9, 0x18, 0xD1, 0x5A, 0xCB, 0xCE, 0xD6, 0x48,
    0x59, 0xEA, 0x7F, 0x3D, 0xF9, 0xB1, 0x74, 0x8E, 0x23, 0x74, 0xCC, 0x66, 0xEC, 0x25, 0x0E, 0xA2,
    0x5D, 0x01, 0xBC, 0x68, 0x78, 0x01, 0xCE, 0x36, 0x0B, 0xAA, 0xF7, 0x05, 0xDE, 0x12, 0xF8, 0x4C,
    0x81, 0x77, 0x1E, 0xF8, 0x83, 0x0A, 0xC0, 0xDB, 0x9E, 0x3C, 0xEE, 0xF1, 0x48, 0x26, 0xD4, 0x2E,
    0x50, 0x69, 0xB1, 0x62, 0x47, 0x98, 0xDB, 0x7C, 0xB3, 0x07, 0xEE, 0x37, 0x10, 0x38, 0x56, 0x4B,
    0x9E, 0xD9, 0xF5, 0x90, 0x00, 0x98, 0x70, 0x4F, 0xFE, 0xC0, 0x9B, 0x06, 0x43, 0x97, 0x2E, 0x43,
    0x93, 0xCA, 0x0D, 0x93, 0x56, 0xD2, 0xA6, 0x2C, 0xFB, 0x54, 0x00, 0x1E, 0xC6, 0x58, 0x83, 0xF3,
    0x29, 0xF6, 0x43, 0x20, 0x2D, 0xAE, 0x8D, 0x64, 0x8B, 0x55, 0xD2, 0x0B, 0xF6, 0x52, 0x8A, 0x9C,
    0xE6, 0xA1, 0x6E, 0xAF, 0x05, 0xDA, 0x8D, 0x79, 0x4B, 0xC4, 0xAC, 0x09, 0x46, 0x83, 0x3E, 0x21,
    0x09, 0x07, 0x04, 0x7E, 0x36, 0xD2, 0xE1, 0x0D, 0x3E, 0xA1, 0x6E, 0xFF, 0x2F, 0x4F, 0x6C, 0x2D,
    0x23, 0xC3, 0xF3, 0x2D, 0x5E, 0xF9, 0xB1, 0x41, 0x0A, 0x7B, 0x86, 0x17, 0xFB, 0x18, 0xAE, 0xF5,
    0x88, 0xB2, 0x6B, 0x1F, 0xC3, 0x7D, 0x39, 0xDD, 0xC3, 0xF0, 0x69, 0xC3, 0x70, 0x72, 0xBB, 0x28,
    0x4F, 0x31, 0x3C, 0x68, 0x83, 0x41, 0x5A, 0x6F, 0xBC, 0x92, 0x2E, 0x24, 0x0C, 0x0F, 0xE7, 0x0C,
    0x5E, 0x42, 0x15, 0x70, 0x81, 0x94, 0xFD, 0x69, 0xCF, 0x91, 0x0D, 0xDE, 0x55, 0xC4, 0x28, 0x5F,
    0x62, 0x59, 0xE5, 0x95, 0x90, 0x3B, 0x07, 0xC0, 0xCF, 0xEF, 0x22, 0x77, 0xB9, 0x22, 0x4D, 0x83,
    0x42, 0xC8, 0x1D, 0x4B, 0x76, 0x14, 0xB6, 0x95, 0x18, 0xA5, 0xD0, 0xD1, 0xAE, 0x25, 0x17, 0xEA,
    0x65, 0x3E, 0x79, 0xE5, 0x68, 0x66, 0xB1, 0xE9, 0x50, 0x29, 0x06, 0x94, 0xC9, 0x41, 0xD0, 0x48,
    0xA5, 0xC4, 0x77, 0x51, 0x8B, 0x89, 0x31, 0x0B, 0xB0, 0xB9, 0xA8, 0x21, 0x03, 0x2B, 0x6B, 0xC7,
    0x53, 0x87, 0x6B, 0xCC, 0x6F, 0x01, 0xED, 0x57, 0x3D, 0x90, 0xE5, 0x56, 0x95, 0xBE, 0x92, 0xDC,
    0x2D, 0x40, 0x85, 0x35, 0x81, 0x87, 0x82, 0x99, 0xDA, 0xD2, 0x06, 0x1B, 0x50, 0xC5, 0x2E, 0x4A,
    0x09, 0x80, 0xAB, 0x62, 0x03, 0xD2, 0x09, 0xA6, 0x1D, 0x30, 0x81, 0x37, 0x34, 0xC5, 0x56, 0x75,
    0x4A, 0x02, 0x12, 0xE5, 0x90, 0xC0, 0x5D, 0x45, 0xD9, 0xB1, 0x03, 0x13, 0x51, 0x5B, 0x43, 0xB0,
    0x81, 0x03, 0x18, 0x09, 0x1C, 0x6C, 0xE0, 0xC0, 0xA2, 0x08, 0x36, 0x20, 0xB0, 0x80, 0x71, 0xD5,
    0x2E, 0x1B, 0x58, 0x60, 0x2D, 0xA8, 0x6D, 0x49, 0x77, 0xBF, 0xEF, 0x9C, 0x2B, 0xBD, 0xF7, 0x7A,
    0xBA, 0xC7, 0x66, 0x6C, 0x8C, 0xED, 0x45, 0xDD, 0xEF, 0x9E, 0xA3, 0xF7, 0xA4, 0xFB, 0x73, 0x7E,
    0xBE, 0xF3, 0x1D, 0x63, 0x70, 0x25, 0x23, 0x47, 0x93, 0xBA, 0x8B, 0xE2, 0xC6, 0x72, 0x96, 0xCD,
    0x26, 0x70, 0xCE, 0x9D, 0x4E, 0x26, 0x83, 0x70, 0xBD, 0x29, 0x29, 0xAA, 0xD0, 0x0D, 0xA1, 0x5B,
    0x4C, 0xEC, 0x2A, 0x63, 0x9D, 0x3C, 0x9B, 0xBA, 0x26, 0x9B, 0x0C, 0xBE, 0x69, 0x2C, 0x44, 0xE4,
    0x3A, 0x3B, 0x18, 0x13, 0xBA, 0xAE, 0x84, 0x08, 0x5C, 0x5F, 0xF7, 0x98, 0xD3, 0xF5, 0xEE, 0x61,
    0x62, 0xA0, 0xE8, 0xDC, 0xC8, 0x17, 0xDA, 0x7A, 0xA2, 0x68, 0x4A, 0x99, 0xAC, 0xB1, 0x0B, 0xA7,
    0x2E, 0x72, 0x57, 0x70, 0xB1, 0xD4, 0xB5, 0x06, 0xAB, 0xC4, 0x6E, 0x79, 0x12, 0x2F, 0x71, 0x7F,
    0xAE, 0x31, 0xD8, 0x08, 0x76, 0x64, 0xCC, 0xB1, 0x73, 0x1D, 0x0F, 0x70, 0xFD, 0xB6, 0xD1, 0xAB,
    0xE6, 0x10, 0xF0, 0x09, 0x4C, 0xBF, 0x8D, 0x27, 0x05, 0xF6, 0x9E, 0xE3, 0x4D, 0x79, 0x7F, 0xC6,
    0x64, 0x0E, 0x73, 0xA5, 0xEE, 0x79, 0xAC, 0x9F, 0x4F, 0x06, 0xCB, 0xDB, 0xD1, 0x60, 0x59, 0xEC,
    0x3F, 0x73, 0x06, 0xDB, 0xC7, 0x88, 0x8D, 0xA6, 0x17, 0x46, 0xBC, 0xB2, 0x70, 0x84, 0x9D, 0xF0,
    0x0A, 0x5E, 0x2C, 0x67, 0x79, 0x11, 0xF3, 0xF0, 0x01, 0x87, 0x9D, 0x72, 0x66, 0x6E, 0x43, 0xCE,
    0x17, 0x9C, 0x98, 0xF5, 0x4A, 0x7A, 0x95, 0xE9, 0x74, 0xB9, 0xCC, 0x47, 0xD8, 0xBA, 0xC3, 0x1C,
    0x3D, 0x64, 0x0B, 0xF3, 0x37, 0x90, 0x55, 0x8A, 0xBD, 0x1E, 0x73, 0xAA, 0xB2, 0xA7, 0xD1, 0x70,
    0xEC, 0x0F, 0x52, 0x0E, 0x2A, 0x6B, 0xF8, 0xA8, 0x84, 0x95, 0xE9, 0x24, 0x9C, 0x90, 0x76, 0x0A,
    0x69, 0xD4, 0xDC, 0xBD, 0x7E, 0x0A, 0x17, 0xC9, 0xC1, 0xE9, 0x8B, 0x48, 0x8C, 0x8A, 0xEB, 0x14,
    0x3B, 0x97, 0x43, 0x9D, 0xDC, 0xF2, 0xA7, 0x0F, 0xEE, 0x89, 0x08, 0xD5, 0x23, 0xE6, 0x40, 0x1C,
    0xBB, 0xEA, 0x86, 0x6B, 0x6F, 0xC2, 0x6C, 0x35, 0x02, 0xC1, 0x4D, 0x06, 0x67, 0x87, 0x86, 0x59,
    0x9A, 0x9B, 0x78, 0x02, 0xF1, 0x10, 0xBD, 0x1F, 0xA2, 0xA3, 0x08, 0xDD, 0x39, 0xA6, 0xD5, 0x20,
    0x7A, 0xAB, 0xC0, 0x82, 0x0B, 0x83, 0x29, 0x43, 0x1C, 0x62, 0xC7, 0xF0, 0xD6, 0xC9, 0xED, 0xCD,
    0x61, 0x4F, 0x9B, 0xA4, 0xD9, 0x6E, 0x16, 0x93, 0x77, 0xDB, 0x4D, 0x5D, 0xD5, 0xD5, 0x76, 0x63,
    0x7F, 0xB3, 0x6C, 0x3A, 0x26, 0x1A, 0x77, 0x37, 0xB1, 0xEB, 0x77, 0x37, 0xEB, 0x91, 0xF5, 0xBA,
    0x61, 0x2E, 0x5C, 0x47, 0x3F, 0x72, 0xBF, 0x2B, 0xD6, 0x1B, 0x26, 0xDD, 0x52, 0x48, 0xB8, 0x3A,
    0xCD, 0xC0, 0x4E, 0x6F, 0x2A, 0xEB, 0x24, 0x7A, 0x45, 0x34, 0xC8, 0x33, 0x44, 0x7F, 0x21, 0x37,
    0x15, 0x9D, 0x66, 0x91, 0x39, 0x1D, 0x33, 0x94, 0x37, 0x09, 0x72, 0xB2, 0x51, 0x97, 0xF5, 0x38,
    0x7D, 0x8F, 0x1B, 0x3A, 0xC7, 0x89, 0x5F, 0xB3, 0x22, 0x62, 0xDA, 0xC8, 0x0D, 0x76, 0x9C, 0x70,
    0x73, 0xBC, 0x61, 0xFE, 0x65, 0x74, 0xE9, 0x7A, 0xC3, 0x4C, 0xD4, 0x78, 0xE0, 0x44, 0xD3, 0xEE,
    0x26, 0xF0, 0x69, 0x2C, 0x37, 0x32, 0xD9, 0x7A, 0x93, 0xCA, 0x49, 0x65, 0x02, 0xE4, 0x96, 0xC0,
    0x0B, 0x6F, 0xEA, 0x81, 0xC9, 0xE2, 0x6F, 0xF0, 0xC1, 0xBA, 0x89, 0xEC, 0x3A, 0x70, 0x5D, 0xC8,
    0xEC, 0x69, 0x75, 0xA3, 0x4D, 0x0C, 0xD7, 0x67, 0xAD, 0x66, 0x5C, 0x91, 0x12, 0x72, 0x78, 0x13,
    0xD4, 0xB3, 0x9C, 0xAC, 0x6C, 0xC5, 0x77, 0x83, 0xDA, 0xA5, 0xC9, 0x15, 0x0D, 0xD4, 0x20, 0xFC,
    0xEA, 0xDC, 0xE8, 0x4D, 0x55, 0x8A, 0x83, 0x15, 0xC7, 0x0A, 0x73, 0xD9, 0x55, 0x98, 0x35, 0x3A,
    0x4D, 0xD4, 0x47, 0x9B, 0xE3, 0xE2, 0x31, 0xDD, 0xFC, 0x16, 0x2D, 0x58, 0x7C, 0xF5, 0x0D, 0xAD,
    0xEC, 0x5D, 0x03, 0x69, 0x56, 0xCF, 0x18, 0x02, 0xA1, 0x77, 0x8C, 0x89, 0x15, 0xFF, 0x8E, 0xB7,
    0x35, 0xD5, 0x2D, 0x9B, 0x9E, 0xB8, 0x6E, 0xD3, 0xA3, 0x35, 0x3E, 0xD4, 0x27, 0xF9, 0xEA, 0x46,
    0x98, 0x26, 0x97, 0x53, 0xA9, 0x13, 0xAC, 0xC0, 0xCA, 0x4E, 0xAF, 0xBC, 0xA1, 0x6D, 0x05, 0x2C,
    0x5A, 0x75, 0xF5, 0x8F, 0xE8, 0x5F, 0x5C, 0x2D, 0xCC, 0xEF, 0x42, 0xE6, 0xAB, 0xF7, 0x45, 0xB2,
    0x3A, 0x16, 0xAE, 0xC8, 0x96, 0x9D, 0x27, 0xCA, 0x51, 0x75, 0x38, 0x82, 0x86, 0xF6, 0x7B, 0x63,
    0xD6, 0xC4, 0xAB, 0x1B, 0xF0, 0x6A, 0xBA, 0x7A, 0x21, 0x9F, 0xE1, 0x9E, 0x3D, 0x27, 0xB4, 0xDE,
    0x07, 0xFB, 0x2E, 0xA8, 0xBD, 0x4E, 0x0F, 0xD8, 0x9D, 0x03, 0x02, 0x13, 0xAC, 0xAE, 0x48, 0x9B,
    0x54, 0x2C, 0x71, 0x07, 0xA5, 0xA6, 0xCD, 0x69, 0xA0, 0x04, 0xE1, 0x95, 0x0E, 0x65, 0x21, 0x69,
    0x04, 0xB8, 0x9F, 0x17, 0xE3, 0xD5, 0x50, 0x02, 0xCF, 0x04, 0x0C, 0xC8, 0x7A, 0xD0, 0xAC, 0xA3,
    0xCD, 0xBB, 0x4D, 0x3D, 0x2A, 0x36, 0x75, 0x4D, 0xCB, 0x4D, 0x3D, 0x29, 0x57, 0x15, 0x1B, 0x9D,
    0xB8, 0xB5, 0x45, 0xF2, 0x5F, 0x54, 0x27, 0x78, 0x3D, 0xC9, 0xE6, 0x11, 0x6C, 0xCF, 0x21, 0x5F,
    0xDC, 0x73, 0xE5, 0xC2, 0x43, 0x62, 0x86, 0x99, 0xD0, 0x47, 0x7C, 0x9F, 0xCC, 0xC4, 0x80, 0x47,
    0x75, 0x80, 0xFA, 0x12, 0x81, 0x04, 0x25, 0x82, 0x4B, 0xC0, 0x36, 0xE2, 0x62, 0x6E, 0x67, 0x36,
    0xAB, 0x4A, 0xC0, 0x54, 0x35, 0xF0, 0x69, 0x26, 0xF5, 0xAB, 0x39, 0x62, 0x0A, 0x4A, 0x8A, 0x98,
    0xAC, 0x60, 0xCD, 0x99, 0xF8, 0x96, 0x2D, 0xB0, 0x20, 0xB7, 0x03, 0x7B, 0x4A, 0x36, 0x4F, 0xA1,
    0x6C, 0x47, 0xEC, 0xFA, 0x5B, 0x01, 0x01, 0x20, 0xEC, 0xAB, 0xEE, 0x0F, 0xA2, 0x86, 0x6E, 0x4E,
    0x09, 0x57, 0x8C, 0xB6, 0xEB, 0xC5, 0xD1, 0xC9, 0x06, 0x19, 0xAD, 0x9C, 0xAA, 0x12, 0x2D, 0xF4,
    0x5A, 0x25, 0x9A, 0x39, 0x12, 0x58, 0xBE, 0xB9, 0xC6, 0x02, 0xBD, 0xFB, 0x57, 0xD5, 0xA2, 0x76,
    0xD5, 0x92, 0x7E, 0xD5, 0xD2, 0x4B, 0xB4, 0x5C, 0x34, 0x89, 0x35, 0xD1, 0xC4, 0x22, 0x82, 0xE3,
    0x92, 0x7B, 0xED, 0xA6, 0x35, 0xB1, 0x5B, 0x11, 0x39, 0xD9, 0xB2, 0xDD, 0x53, 0x1B, 0xE3, 0x51,
    0x4C, 0x53, 0x6D, 0xDA, 0x1E, 0x1B, 0xD6, 0x1F, 0xD7, 0x94, 0x34, 0xF9, 0xF6, 0x6A, 0xB2, 0x83,
    0xF1, 0xD8, 0xAB, 0xF9, 0xB2, 0x3E, 0x2E, 0x16, 0xDE, 0x64, 0xBE, 0x88, 0x9D, 0x4D, 0x32, 0x1C,
    0xAF, 0x53, 0xEE, 0xE7, 0xF5, 0x26, 0x83, 0x6F, 0x88, 0x84, 0x3F, 0x44, 0xC6, 0x5E, 0x46, 0x5E,
    0x7A, 0xC2, 0x61, 0x3C, 0xD9, 0x78, 0xB7, 0x32, 0xAE, 0x54, 0x26, 0x9D, 0x27, 0x29, 0xBD, 0xCA,
    0xCC, 0xCB, 0x1C, 0xDF, 0x8B, 0xFD, 0x20, 0xC5, 0x7A, 0x6D, 0xEA, 0xD4, 0x62, 0x3B, 0xE9, 0x4B,
    0x97, 0x3F, 0x5F, 0x3E, 0x1F, 0x26, 0x90, 0x3F, 0x54, 0xE2, 0x0F, 0x53, 0x7A, 0x30, 0x5B, 0x4D,
    0x9A, 0x75, 0x26, 0x38, 0xC5, 0x7A, 0x5D, 0x8E, 0x07, 0x6A, 0x70, 0x18, 0x20, 0xFB, 0xA4, 0xA3,
    0x91, 0x6F, 0x64, 0x17, 0xAD, 0xB7, 0xC5, 0x85, 0xF1, 0xE8, 0x69, 0x8C, 0x89, 0x3C, 0x99, 0xC9,
    0x98, 0xEA, 0x5B, 0xE5, 0xE4, 0x73, 0xE6, 0x3D, 0x8F, 0x37, 0x59, 0x20, 0x09, 0x9B, 0xD5, 0x3A,
    0xCA, 0x21, 0xC4, 0xA7, 0x0A, 0x25, 0x3E, 0x30, 0x5B, 0xF1, 0x7F, 0x43, 0xF4, 0xD6, 0x92, 0x25,
    0x8F, 0x94, 0x44, 0xFC, 0x81, 0xCE, 0x7A, 0x13, 0xB0, 0x51, 0x12, 0x96, 0x54, 0xB5, 0x8A, 0x1C,
    0xBF, 0x44, 0xB2, 0x0A, 0xD6, 0x83, 0x10, 0x92, 0x0A, 0x11, 0x07, 0x53, 0xC9, 0x6F, 0x43, 0xF6,
    0xBC, 0xA9, 0xE3, 0x4E, 0x9D, 0x76, 0xAA, 0xDB, 0xD4, 0xD7, 0xC0, 0xF4, 0xBC, 0xFA, 0x0A, 0x5C,
    0xE4, 0xD5, 0x97, 0x61, 0x10, 0xAF, 0xFE, 0xCC, 0x8D, 0xAB, 0xDA, 0xD4, 0xF3, 0xA6, 0x5A, 0xB7,
    0xA9, 0xA9, 0x7B, 0x76, 0x55, 0x63, 0xF7, 0xDA, 0xAA, 0x46, 0xB2, 0xA0, 0xA8, 0x66, 0x4F, 0x2D,
    0x77, 0x6A, 0xBE, 0x53, 0x53, 0x55, 0x03, 0x61, 0xB1, 0xA2, 0xE6, 0x02, 0x38, 0xA2, 0x96, 0x3C,
    0xA6, 0xAA, 0x35, 0x55, 0x58, 0x72, 0x0D, 0x99, 0xCF, 0x15, 0x5B, 0xD4, 0x1C, 0x82, 0xF0, 0x8E,
    0x0D, 0x45, 0x3B, 0x2E, 0x94, 0x8B, 0xAD, 0xF5, 0xF7, 0x2D, 0x6B, 0x4D, 0xBD, 0x9B, 0x60, 0x8F,
    0x69, 0x6D, 0xD9, 0xB7, 0xCB, 0x3F, 0xCD, 0x3C, 0xF1, 0x49, 0x4F, 0x4D, 0x5C, 0xD2, 0xE7, 0xAB,
    0x47, 0xBA, 0x64, 0x88, 0xB9, 0xBD, 0xA7, 0x94, 0x6B, 0xA8, 0x3F, 0xCC, 0xE6, 0x0E, 0xD1, 0x06,
    0x6A, 0x8C, 0x3D, 0x71, 0x46, 0xAC, 0xF0, 0x0F, 0x4D, 0xA2, 0xEF, 0x0D, 0xBA, 0x42, 0xB4, 0x57,
    0x61, 0xD4, 0x49, 0x62, 0x51, 0x1D, 0xC1, 0x98, 0x52, 0x3F, 0x50, 0x6B, 0xEA, 0x69, 0xD5, 0xC4,
    0x0B, 0xA2, 0x65, 0x74, 0x82, 0x68, 0x09, 0x7D, 0x20, 0x9A, 0xB8, 0x40, 0x34, 0xB3, 0xD3, 0xCA,
    0x4D, 0xB3, 0x9B, 0x96, 0x8A, 0xB6, 0x5A, 0xDF, 0x4E, 0xAB, 0xF1, 0xED, 0xB4, 0xDA, 0xDE, 0x4E,
    0xAB, 0xE9, 0xBD, 0x91, 0x61, 0x79, 0xBB, 0x59, 0xA8, 0x1C, 0x36, 0xBB, 0xF6, 0x9B, 0xD9, 0xDB,
    0x8D, 0x99, 0x7A, 0x12, 0xE2, 0xE3, 0xFB, 0xD0, 0x3D, 0xE5, 0xD9, 0xA6, 0x79, 0x8F, 0x84, 0x2B,
    0x2A, 0x6E, 0x9E, 0xDB, 0x94, 0xED, 0x27, 0x53, 0x5F, 0x4E, 0xAC, 0xFC, 0x75, 0x1D, 0xF5, 0x09,
    0xE5, 0xF7, 0x85, 0xDC, 0xC5, 0xEC, 0xB2, 0xD0, 0xF2, 0xB9, 0x5A, 0x08, 0x6D, 0xEF, 0x7C, 0x7D,
    0x03, 0xA8, 0xCF, 0xA7, 0x42, 0x74, 0xB0, 0xD1, 0xD8, 0x2B, 0x42, 0xD7, 0xFF, 0x92, 0x4A, 0x0E,
    0x1F, 0xA2, 0x7A, 0xB2, 0xD1, 0x02, 0x26, 0xA0, 0xF4, 0xF6, 0x35, 0x95, 0x79, 0x33, 0x5B, 0xB0,
    0x1E, 0x30, 0x5C, 0xCD, 0x17, 0xAD, 0xD6, 0x4B, 0xD7, 0x12, 0x51, 0xBB, 0x95, 0xE4, 0x4F, 0xEB,
    0x23, 0xFE, 0xA5, 0x80, 0xFC, 0x30, 0x78, 0xC1, 0xE4, 0xF2, 0xED, 0x68, 0xA4, 0x57, 0x08, 0x97,
    0x50, 0xE3, 0xD7, 0x7D, 0x7F, 0xF4, 0x38, 0xDA, 0x1D, 0xF8, 0x25, 0x72, 0x5B, 0xDB, 0x71, 0x78,
    0xAD, 0x8C, 0xC9, 0x76, 0x07, 0xBE, 0x0D, 0x3C, 0x2E, 0x47, 0xDE, 0x89, 0xEB, 0x3E, 0x78, 0x32,
    0x95, 0x3A, 0x61, 0xFE, 0x2B, 0x95, 0xF6, 0x3F, 0x34, 0xD7, 0xCA, 0x67, 0x74, 0x41, 0xA7, 0xAD,
    0x58, 0xE0, 0xF4, 0xB0, 0x91, 0x3F, 0x7D, 0x34, 0x29, 0x2C, 0x26, 0x93, 0x82, 0x64, 0x2A, 0xEC,
    0x48, 0x69, 0xF4, 0x6C, 0x3C, 0xCF, 0xF5, 0x2D, 0x8A, 0xB4, 0xB9, 0x0D, 0x2A, 0x03, 0x26, 0xC6,
    0x27, 0x96, 0xF6, 0x4A, 0x63, 0x2E, 0x12, 0x49, 0x7E, 0x38, 0xB2, 0x19, 0x2C, 0x3C, 0xC5, 0xDA,
    0xA4, 0xB9, 0x06, 0xEE, 0x1D, 0xF5, 0xC1, 0x8C, 0x05, 0x91, 0xE2, 0xE1, 0x42, 0xCA, 0xED, 0x30,
    0x99, 0x70, 0x7C, 0x93, 0xCE, 0x6A, 0xBA, 0x07, 0xAE, 0xE0, 0x44, 0xB8, 0xF7, 0x28, 0xAC, 0x4D,
    0x36, 0x55, 0xD8, 0xE5, 0x29, 0x64, 0xE0, 0x00, 0x0F, 0x79, 0x2E, 0xC1, 0xE1, 0xF8, 0x2E, 0xDB,
    0x23, 0xA9, 0x6E, 0x8E, 0xF9, 0x49, 0x36, 0x3A, 0xE3, 0x07, 0xC7, 0xE7, 0x24, 0x14, 0x74, 0x40,
    0xF4, 0xDD, 0x27, 0x0B, 0x9C, 0x91, 0x85, 0x6E, 0x02, 0x39, 0x2F, 0x7B, 0x73, 0x62, 0x8E, 0xCC,
    0xE7, 0x4D, 0xDC, 0xB0, 0xE5, 0x63, 0xA7, 0x67, 0x7F, 0xBF, 0x48, 0x6A, 0x4A, 0xFC, 0x73, 0x81,
    0x1B, 0xBB, 0xA8, 0x27, 0x05, 0xC0, 0xFB, 0x2D, 0x29, 0xC0, 0xF1, 0xD6, 0x5E, 0xBD, 0xF7, 0x4F,
    0x00, 0x12, 0x9D, 0xEB, 0xBC, 0x32, 0xFF, 0x63, 0xD8, 0x13, 0x38, 0x7E, 0x55, 0x56, 0xB5, 0xB1,
    0xBF, 0x98, 0x4D, 0xFA, 0xF6, 0x28, 0xED, 0x25, 0xC1, 0x62, 0x4B, 0xD9, 0x2D, 0xEF, 0x5E, 0x80,
    0x65, 0xD8, 0x76, 0xE8, 0x27, 0x78, 0x84, 0xF5, 0x13, 0x58, 0xD7, 0x6A, 0x6F, 0x59, 0x98, 0xE3,
    0xCA, 0x7C, 0x87, 0x4E, 0xE9, 0x42, 0xF1, 0xCD, 0x18, 0x4F, 0x12, 0x77, 0x59, 0xAF, 0x68, 0xD2,
    0xA8, 0x21, 0x34, 0xEA, 0x34, 0xF8, 0x82, 0x17, 0xF7, 0xF7, 0x73, 0x63, 0x39, 0xD3, 0x27, 0x17,
    0x1F, 0x48, 0x9D, 0xC6, 0xCF, 0xC8, 0x20, 0x0E, 0xF1, 0x2D, 0xC9, 0x9B, 0x25, 0xFD, 0x66, 0xBC,
    0x55, 0x6C, 0xA7, 0x10, 0x4B, 0x44, 0x38, 0x84, 0x92, 0x1D, 0x04, 0x70, 0x4A, 0xED, 0xAB, 0x6A,
    0x6D, 0x3A, 0xDD, 0xC3, 0x04, 0xC3, 0x17, 0x04, 0x79, 0xE4, 0x0B, 0x2D, 0x48, 0x36, 0x44, 0x53,
    0xCA, 0x64, 0x0D, 0x49, 0x4B, 0x4C, 0xE0, 0x29, 0x58, 0xC6, 0x52, 0x18, 0x4F, 0x78, 0xF9, 0xF2,
    0x24, 0x5E, 0x0A, 0xB4, 0x8B, 0xE1, 0xB1, 0xB9, 0xCF, 0x63, 0xA7, 0x09, 0x7A, 0xFD, 0x36, 0xC7,
    0x6B, 0xE6, 0x09, 0x63, 0x90, 0x1A, 0xC6, 0x2C, 0x01, 0x69, 0xFE, 0x33, 0x98, 0xDD, 0xBE, 0xD1,
    0x1B, 0x6D, 0x76, 0x23, 0x01, 0x05, 0x77, 0x09, 0x04, 0x9E, 0x48, 0x07, 0xBA, 0x48, 0xB1, 0x6F,
    0x19, 0xB3, 0x60, 0x38, 0xCF, 0xBB, 0x29, 0xC7, 0x54, 0x33, 0xFB, 0x8A, 0x05, 0xE7, 0xCA, 0x1C,
    0x4E, 0x95, 0x49, 0x7D, 0xDA, 0x1F, 0x50, 0xA4, 0x16, 0x0C, 0xD9, 0x8C, 0x23, 0xE4, 0x53, 0x89,
    0x36, 0x61, 0xB4, 0x78, 0xB7, 0x4F, 0xD7, 0xA9, 0x88, 0x41, 0xB4, 0x8A, 0x74, 0x00, 0xFF, 0x68,
    0x62, 0x81, 0xAA, 0xDA, 0x88, 0x5B, 0x90, 0x97, 0xA5, 0xF8, 0xC5, 0xFE, 0xDE, 0x3B, 0xC6, 0xC3,
    0x43, 0xB4, 0x72, 0xD4, 0xDA, 0x23, 0xDB, 0x8D, 0xCB, 0x20, 0xBC, 0x14, 0xBE, 0xA8, 0xE1, 0x97,
    0xF9, 0xF0, 0xC6, 0x7D, 0x21, 0x21, 0x5E, 0xFA, 0x30, 0xB7, 0xFD, 0x07, 0x28, 0x07, 0x95, 0x6C,
    0xAC, 0x4A, 0xF8, 0x85, 0x6E, 0x15, 0x12, 0xBE, 0x18, 0xC1, 0xB1, 0xDC, 0xBD, 0x4E, 0xFA, 0x25,
    0x70, 0xB5, 0xC8, 0x31, 0x9D, 0x1E, 0xF4, 0x74, 0xA5, 0x18, 0x27, 0xB7, 0x44, 0x14, 0x02, 0xA7,
    0x29, 0xB0, 0x42, 0x22, 0x3A, 0xA3, 0x15, 0xD2, 0xC1, 0x56, 0x02, 0x81, 0x4E, 0x81, 0x55, 0x63,
    0x58, 0x39, 0x22, 0x5A, 0x10, 0x11, 0xC7, 0xD5, 0x55, 0x55, 0xEE, 0x86, 0x6B, 0x6F, 0xB0, 0x1F,
    0x64, 0xA2, 0xB2, 0xC2, 0x37, 0x8C, 0x22, 0x14, 0xB5, 0x9B, 0x10, 0xBE, 0xE4, 0xBC, 0x67, 0x21,
    0x2D, 0x4F, 0xE8, 0xCE, 0x4F, 0xD7, 0x6E, 0xE8, 0x9C, 0xCE, 0x5F, 0x84, 0x78, 0xB2, 0x17, 0x2C,
    0x18, 0x05, 0x27, 0xB7, 0x15, 0x9F, 0x3B, 0xEF, 0x41, 0x8D, 0x83, 0xDD, 0x7D, 0xBB, 0xBF, 0xEB,
    0xBC, 0xC9, 0x25, 0x3E, 0x6A, 0x4D, 0xA9, 0x35, 0x7D, 0x36, 0x69, 0xAB, 0xBC, 0xBA, 0xBA, 0xB2,
    0xEF, 0xC5, 0x45, 0xEB, 0x61, 0xAA, 0x81, 0xAC, 0x3E, 0xC3, 0x9C, 0xAE, 0x3F, 0xC2, 0xF1, 0x91,
    0x39, 0x29, 0xA7, 0xB9, 0x16, 0x3D, 0xAB, 0x77, 0x99, 0xDB, 0x7A, 0x45, 0x56, 0xC6, 0x5E, 0x62,
    0x07, 0xED, 0xC4, 0xB4, 0x27, 0x46, 0x11, 0x59, 0x97, 0x76, 0xE6, 0xA1, 0xD7, 0x87, 0x2B, 0x5A,
    0xF6, 0x0A, 0xAB, 0xE7, 0x37, 0x59, 0xEB, 0xD9, 0x45, 0xEB, 0x61, 0x43, 0xBF, 0xCF, 0xCE, 0xF5,
    0xE7, 0xC7, 0x15, 0x2D, 0xF2, 0x4A, 0xA3, 0xC7, 0x5D, 0x8C, 0x9E, 0xEE, 0x61, 0xD1, 0x43, 0x54,
    0xF1, 0xD1, 0xD2, 0x59, 0x1F, 0x3D, 0x56, 0xA2, 0xE6, 0xFC, 0xA3, 0x1D, 0x35, 0xBB, 0x6E, 0x45,
    0xBF, 0xF5, 0x41, 0x60, 0x15, 0x3A, 0xEA, 0x4E, 0x2D, 0x2A, 0xBF, 0x45, 0x0A, 0x2E, 0x91, 0x27,
    0x71, 0xD5, 0xC7, 0x2D, 0xA2, 0x92, 0x22, 0xAD, 0x34, 0x8E, 0x04, 0x53, 0x81, 0xAD, 0xCB, 0x01,
    0x4D, 0xDD, 0xEA, 0x4E, 0x56, 0xFD, 0x2D, 0x92, 0x1E, 0x8C, 0xA4, 0xA4, 0x08, 0xF8, 0xB5, 0x6D,
    0x13, 0x89, 0x81, 0x41, 0xAA, 0x4F, 0x3A, 0x93, 0x18, 0xF3, 0x1D, 0x6D, 0x00, 0xA6, 0x83, 0xC2,
    0x74, 0x76, 0x75, 0x08, 0xA9, 0x48, 0x3F, 0xA2, 0xA0, 0xF4, 0xA5, 0xD5, 0xD9, 0xC5, 0x61, 0x7B,
    0x6B, 0xB7, 0xCE, 0xCB, 0xFF, 0x70, 0xD3, 0xFC, 0x2D, 0x94, 0xAE, 0x04, 0xA5, 0xB0, 0xF1, 0x55,
    0x4B, 0x91, 0x49, 0xB3, 0x30, 0x99, 0x7D, 0x7B, 0xEB, 0x6D, 0xA0, 0xCF, 0xA4, 0x2A, 0xC2, 0x8F,
    0x5B, 0x99, 0x3B, 0xBA, 0xCD, 0xA3, 0xC2, 0x86, 0x19, 0xCB, 0x3A, 0x3B, 0x0F, 0x53, 0x3F, 0x87,
    0xB7, 0xBE, 0x8D, 0x10, 0x6A, 0xA5, 0xBB, 0x30, 0x6A, 0x7E, 0x86, 0x0E, 0x39, 0xBA, 0x3B, 0x18,
    0x3A, 0x9E, 0xA0, 0x65, 0x3F, 0xD9, 0xD4, 0x58, 0xB3, 0x2A, 0xD1, 0x34, 0x92, 0x1A, 0xCC, 0xCA,
    0xD2, 0x43, 0x31, 0xFB, 0x91, 0xD8, 0xDC, 0xA9, 0x0B, 0x02, 0x2F, 0xC3, 0xBD, 0xFB, 0x03, 0x9A,
    0x5D, 0x9B, 0x7B, 0x6A, 0xFF, 0x97, 0x9D, 0x66, 0xF6, 0x4E, 0x8A, 0x0B, 0x17, 0xB3, 0x5C, 0x6E,
    0xD7, 0xC0, 0x47, 0xB0, 0xF5, 0xF6, 0x77, 0xBE, 0x8E, 0x78, 0x82, 0x12, 0x79, 0x6C, 0x88, 0xBD,
    0x4C, 0xDC, 0xE2, 0xCB, 0xB8, 0x7A, 0x3A, 0xFF, 0x95, 0x4A, 0xEB, 0xD7, 0x29, 0x75, 0x5D, 0xE3,
    0xBE, 0x26, 0xF5, 0x3E, 0x70, 0x46, 0x6C, 0x11, 0x2E, 0x3A, 0x31, 0x8A, 0x15, 0x33, 0xC0, 0x00,
    0x8C, 0xCA, 0x49, 0xA7, 0x91, 0x89, 0x33, 0x1F, 0x7A, 0xD6, 0x49, 0x1B, 0xA2, 0xB2, 0x60, 0xD3,
    0x81, 0x15, 0x31, 0x31, 0x3E, 0xEA, 0x9B, 0x82, 0x1D, 0x1C, 0x3E, 0x3C, 0xEA, 0x80, 0xC7, 0x46,
    0x32, 0xAB, 0xA2, 0xC6, 0x24, 0x7C, 0xC1, 0x79, 0x19, 0x73, 0xB6, 0x84, 0x53, 0x71, 0x01, 0x6A,
    0xFB, 0xA7, 0x0F, 0xA7, 0x90, 0x96, 0x4E, 0xF8, 0x2B, 0x9B, 0xB6, 0x05, 0x43, 0x3C, 0x46, 0xE3,
    0x83, 0xB6, 0x61, 0xB3, 0x55, 0x62, 0x0D, 0x69, 0x8E, 0xB8, 0xC7, 0xC2, 0x2E, 0x4F, 0xA1, 0xE9,
    0x1B, 0xB0, 0x99, 0xA4, 0x8F, 0xB4, 0x53, 0x6B, 0xCC, 0xF1, 0x5D, 0xFA, 0x12, 0x01, 0xC9, 0xD5,
    0x1A, 0xEE, 0xBD, 0x29, 0x67, 0xFC, 0xE0, 0xF8, 0x9C, 0xEB, 0xB7, 0x01, 0x6E, 0xBE, 0xCF, 0x70,
    0x98, 0xAD, 0x9B, 0xDC, 0x94, 0xA0, 0x07, 0xED, 0xCD, 0x89, 0x39, 0x12, 0x52, 0xAD, 0x1B, 0x74,
    0x2B, 0x22, 0xFB, 0x96, 0xE1, 0x81, 0xAB, 0x36, 0xDE, 0x2D, 0xCD, 0xA5, 0xF2, 0x2A, 0x2F, 0x9B,
    0x63, 0x5F, 0x24, 0xCB, 0xFE, 0xC0, 0xCD, 0xA1, 0x2F, 0xA2, 0x3B, 0x37, 0xCF, 0xDE, 0xBD, 0x17,
    0xDC, 0xFC, 0x3F, 0x1A, 0x6E, 0xD6, 0xBB, 0xB7, 0xDE, 0xB9, 0xB9, 0xF3, 0x6E, 0x16, 0xF7, 0x2E,
    0x02, 0x36, 0xE2, 0xE6, 0x51, 0xDD, 0x6C, 0x57, 0x37, 0xCF, 0xDE, 0xCD, 0x6E, 0xCF, 0xCD, 0xCC,
    0x1C, 0xBA, 0x57, 0xDC, 0xDC, 0x78, 0x37, 0xB7, 0xDE, 0xCD, 0xBD, 0x77, 0xF3, 0x28, 0x2E, 0xC8,
    0x25, 0xE5, 0x27, 0xB6, 0x1F, 0x9B, 0x0C, 0xA9, 0x44, 0x9C, 0x3A, 0xF2, 0xDA, 0xB4, 0x7F, 0xE6,
    0x50, 0xB6, 0xB0, 0xC8, 0xFA, 0xEB, 0x20, 0xB7, 0xE1, 0x68, 0x3E, 0x70, 0x5F, 0xB7, 0x9B, 0xAF,
    0x05, 0x60, 0x7B, 0x6F, 0x6E, 0x9F, 0x66, 0xC9, 0xAA, 0xC4, 0xEB, 0x4F, 0xEF, 0x7C, 0x11, 0xA6,
    0xE5, 0xB5, 0x78, 0x55, 0xC2, 0x55, 0xA1, 0xB5, 0xBC, 0xF2, 0x06, 0xC2, 0x9F, 0x4A, 0xF9, 0x2A,
    0x82, 0x9C, 0x8A, 0x7B, 0xD6, 0x09, 0x59, 0x0C, 0x18, 0xFB, 0xEC, 0x5D, 0xA3, 0x39, 0x55, 0x27,
    0x27, 0x93, 0x57, 0xD2, 0xC1, 0x2B, 0x79, 0x9F, 0x6A, 0x1E, 0x96, 0xAD, 0x57, 0x5C, 0x25, 0x19,
    0x45, 0x8F, 0xA7, 0x92, 0x55, 0x91, 0x77, 0xA5, 0xA4, 0x9B, 0xF3, 0x31, 0xA3, 0x4A, 0xAE, 0xCA,
    0x4B, 0x2C, 0x3A, 0x9C, 0x70, 0x36, 0xB0, 0x1F, 0x17, 0x9D, 0x03, 0x4C, 0x05, 0x25, 0x9A, 0xE9,
    0x61, 0xDA, 0x7A, 0x86, 0xE5, 0x65, 0xF7, 0x13, 0xFE, 0xA3, 0x55, 0x91, 0x83, 0x8D, 0x12, 0x2E,
    0x8D, 0xD9, 0x44, 0xB9, 0xDD, 0x5D, 0xD5, 0x4F, 0x02, 0xA5, 0x83, 0xDB, 0x2C, 0x5F, 0xA8, 0xBD,
    0x15, 0xA6, 0xFD, 0x23, 0x8C, 0x2A, 0xBB, 0x72, 0x53, 0x0E, 0x9F, 0x9E, 0x97, 0xB3, 0x1D, 0x63,
    0x78, 0x75, 0xB1, 0x70, 0x55, 0x11, 0x39, 0xBA, 0x57, 0x82, 0x2D, 0x72, 0xD7, 0xEF, 0x62, 0x7F,
    0xA7, 0xB2, 0x71, 0x7A, 0xCF, 0x2D, 0x3C, 0xD6, 0x0F, 0x0B, 0xAC, 0xF6, 0x03, 0x9E, 0xA9, 0x1E,
    0xF9, 0x18, 0x82, 0x3D, 0x14, 0x54, 0xEA, 0xA5, 0xAB, 0xA1, 0xAF, 0x97, 0x93, 0x7B, 0xF2, 0xBC,
    0x5B, 0xB0, 0xAF, 0x67, 0xB1, 0x50, 0xEA, 0x70, 0x4A, 0x24, 0x07, 0xC2, 0x8A, 0xD5, 0xC2, 0x1C,
    0xD7, 0x3F, 0xF4, 0xB8, 0xDD, 0xA9, 0x89, 0x06, 0x0D, 0x7F, 0xB4, 0xB7, 0x88, 0xDF, 0x6C, 0x94,
    0xC0, 0x4F, 0x07, 0xFC, 0x54, 0x50, 0x64, 0x8B, 0x54, 0x58, 0x66, 0x4F, 0xDC, 0xA1, 0x4A, 0xEE,
    0xF3, 0x15, 0x25, 0x23, 0x6B, 0x0A, 0xEF, 0x44, 0xC2, 0xD4, 0xE8, 0x39, 0x39, 0xA2, 0x51, 0x52,
    0x97, 0x8B, 0x9C, 0x4E, 0x92, 0x8B, 0xA9, 0x20, 0x2E, 0x53, 0x04, 0x65, 0x9F, 0x22, 0x77, 0x45,
    0xF0, 0xD4, 0x7C, 0x3B, 0xC5, 0x7E, 0xF0, 0x5B, 0x8C, 0x13, 0x80, 0x17, 0xA8, 0x0F, 0x74, 0x67,
    0x10, 0xC7, 0x38, 0x0F, 0x8D, 0x7C, 0x74, 0x22, 0xD9, 0x7F, 0x74, 0x2B, 0xD0, 0xC2, 0x47, 0xC7,
    0x7B, 0x37, 0x5B, 0xBD, 0xAB, 0xCF, 0x4F, 0xA7, 0x7F, 0x25, 0xAD, 0x88, 0x99, 0x60, 0x2C, 0xA8,
    0x3B, 0x51, 0xF7, 0xA9, 0x4F, 0xF6, 0x45, 0x31, 0x60, 0xD2, 0x70, 0xE9, 0xE4, 0x4E, 0x80, 0xC6,
    0x2A, 0x7C, 0xD5, 0x2A, 0x3C, 0x98, 0x61, 0xE6, 0xB7, 0x04, 0x1B, 0xE5, 0x51, 0x46, 0x53, 0xAF,
    0x77, 0x03, 0x81, 0x86, 0x36, 0x13, 0x8B, 0x13, 0x0F, 0x44, 0xA4, 0x8B, 0xB4, 0x46, 0x89, 0x3B,
    0x8B, 0xA5, 0x9C, 0xEB, 0x7A, 0x3E, 0x11, 0x12, 0x27, 0x0D, 0x67, 0xD0, 0x99, 0x2F, 0x32, 0x77,
    0x06, 0x53, 0x33, 0xF4, 0x97, 0x70, 0x16, 0xAF, 0x7C, 0x7F, 0x50, 0xE6, 0x26, 0x45, 0x30, 0xD3,
    0xF5, 0x23, 0xCF, 0x65, 0x9E, 0x3E, 0xC0, 0xD1, 0xFA, 0xBF, 0x8D, 0xEE, 0x69, 0xD4, 0x90, 0x9F,
    0xD4, 0x04, 0xA4, 0x54, 0x70, 0xE3, 0x24, 0x6E, 0x04, 0xEC, 0xD1, 0x8D, 0x10, 0x74, 0x63, 0xAC,
    0x20, 0x88, 0x25, 0xE9, 0xC6, 0xE0, 0x1D, 0xDD, 0x78, 0x74, 0x72, 0x52, 0x1C, 0xB8, 0x91, 0x02,
    0x4B, 0x55, 0x74, 0x63, 0xE6, 0xA4, 0x70, 0xC2, 0xA0, 0x56, 0x7C, 0x00, 0xB3, 0x48, 0x2A, 0x89,
    0x1B, 0x9D, 0xB8, 0x11, 0x5C, 0x42, 0xC8, 0xCB, 0xCE, 0x39, 0x70, 0xA3, 0x3B, 0xDB, 0xDC, 0xF8,
    0x98, 0x79, 0x02, 0xE3, 0x4F, 0xA5, 0x94, 0xB8, 0x80, 0xE7, 0xAF, 0x9F, 0x61, 0x7C, 0xD9, 0xD7,
    0x7A, 0x39, 0x7C, 0x2B, 0x30, 0x54, 0xED, 0xD8, 0xDC, 0x37, 0xAF, 0x48, 0xB3, 0x13, 0x73, 0xBD,
    0x10, 0xB7, 0xB4, 0xE2, 0x88, 0x56, 0xF2, 0xB6, 0x49, 0xDC, 0xF3, 0xEE, 0x3F, 0xAB, 0x74, 0x96,
    0xAC, 0x9F, 0x48, 0x3C, 0x75, 0x4C, 0xA4, 0x46, 0xC4, 0xE2, 0x4C, 0x01, 0x50, 0x5F, 0xF5, 0x42,
    0xF1, 0x6E, 0x2C, 0xC8, 0x9D, 0xEA, 0x38, 0xAF, 0x30, 0xD2, 0xC9, 0xF3, 0x93, 0xF7, 0x65, 0xBA,
    0xF0, 0x50, 0x76, 0xA0, 0x67, 0x6A, 0xA9, 0x0E, 0x34, 0xCC, 0x42, 0xC3, 0x97, 0x93, 0x0F, 0x0C,
    0x2B, 0xDB, 0x51, 0x68, 0x0A, 0x6A, 0x39, 0xB5, 0xF9, 0xB1, 0xC9, 0xA4, 0xEA, 0x9B, 0xBA, 0xA2,
    0xAF, 0x43, 0x89, 0xB8, 0xFA, 0x95, 0x51, 0xA9, 0x7F, 0xA7, 0x8B, 0x35, 0xFB, 0xF4, 0xF5, 0x9B,
    0x97, 0x91, 0x7A, 0x84, 0xD9, 0x08, 0xF1, 0x3D, 0x2C, 0x53, 0x62, 0xFA, 0xD2, 0xB5, 0xC7, 0x38,
    0x50, 0x3E, 0x8B, 0xD3, 0x94, 0xD7, 0x07, 0x52, 0xC4, 0xFA, 0x58, 0x31, 0x22, 0x9B, 0x44, 0x94,
    0xCA, 0x03, 0x65, 0x05, 0xF7, 0xA7, 0x45, 0x23, 0x7B, 0xDA, 0xAB, 0xF2, 0x1E, 0x2E, 0xDD, 0x9F,
    0xF4, 0x91, 0x3F, 0x78, 0xE2, 0xE8, 0xFC, 0xEB, 0x12, 0xC4, 0x7D, 0xAE, 0x80, 0x43, 0x3F, 0x1B,
    0x56, 0x98, 0x51, 0x96, 0x75, 0x4E, 0x98, 0x1A, 0xF6, 0xC2, 0xFA, 0x98, 0xC9, 0x06, 0x1B, 0x70,
    0x35, 0xC1, 0xC8, 0x5A, 0xE3, 0xEC, 0xA8, 0x78, 0x4C, 0xEA, 0xCE, 0x3D, 0x93, 0x13, 0xAC, 0x2A,
    0x5A, 0xA1, 0xFC, 0xB5, 0x13, 0x80, 0xD6, 0x4C, 0x1C, 0xCC, 0xCA, 0x59, 0x57, 0xE2, 0xBE, 0x77,
    0x7D, 0xAB, 0x97, 0x27, 0x85, 0xBA, 0xEF, 0x8D, 0x81, 0x6F, 0x85, 0xDE, 0x61, 0x2C, 0x31, 0x39,
    0x39, 0x30, 0x47, 0x86, 0x16, 0x4E, 0x20, 0x06, 0xB3, 0x62, 0xAF, 0xBA, 0x95, 0xF3, 0xF2, 0xC9,
    0xB7, 0xE7, 0xCD, 0x12, 0xEE, 0x4D, 0x39, 0xEB, 0x1F, 0xD4, 0x98, 0x4E, 0x3A, 0x19, 0x06, 0x3D,
    0xDE, 0x5A, 0xD4, 0x06, 0x15, 0x46, 0x94, 0x54, 0xB0, 0x15, 0x18, 0x22, 0x23, 0xD0, 0x2D, 0x39,
    0x43, 0x43, 0xAC, 0x1A, 0x80, 0x38, 0xDF, 0x58, 0xCE, 0x14, 0x6D, 0x3D, 0xE2, 0xF0, 0x70, 0x2B,
    0xDA, 0x0E, 0x21, 0xBE, 0x65, 0x80, 0x5B, 0x72, 0x3F, 0xFA, 0xBE, 0xA2, 0xA7, 0x80, 0x19, 0x92,
    0xA6, 0x68, 0xD6, 0xA4, 0x94, 0x76, 0x4C, 0xD3, 0xC0, 0xB7, 0x7E, 0xBE, 0xF3, 0xBB, 0x4A, 0x0C,
    0x2A, 0x98, 0xDE, 0xAE, 0x63, 0x7B, 0x15, 0xA2, 0xF4, 0xC8, 0x64, 0x0D, 0xB7, 0x8C, 0xC5, 0xB2,
    0x35, 0x4D, 0x5B, 0x63, 0x49, 0x57, 0x96, 0x27, 0x65, 0x2F, 0x3B, 0x68, 0x2B, 0x24, 0x13, 0x24,
    0x26, 0x8F, 0x4A, 0x25, 0x6B, 0x75, 0xB1, 0x17, 0x93, 0xD1, 0x2A, 0x2A, 0x5F, 0xFB, 0x15, 0x2E,
    0x94, 0xA6, 0xE5, 0xF2, 0x1E, 0xB3, 0x5B, 0xF0, 0x94, 0x39, 0xC0, 0xC4, 0x81, 0xA5, 0x9E, 0x07,
    0xD0, 0x23, 0xF0, 0x51, 0xF0, 0x00, 0x18, 0x38, 0x51, 0xE6, 0x70, 0x9E, 0xCC, 0x29, 0xBE, 0xEC,
    0x86, 0x81, 0xC9, 0x85, 0x5F, 0x67, 0x6C, 0x3E, 0x9F, 0xCA, 0x99, 0x7D, 0x19, 0xDE, 0xED, 0x33,
    0xCD, 0x68, 0x09, 0x33, 0x9E, 0xF2, 0x98, 0xFB, 0x8C, 0x68, 0x66, 0xE1, 0x12, 0x69, 0x2F, 0x6C,
    0x41, 0x82, 0x68, 0xE4, 0xAE, 0xA8, 0xD6, 0xD2, 0x01, 0x49, 0x68, 0x45, 0x1A, 0xE1, 0xB1, 0x8A,
    0x8B, 0xFC, 0xEC, 0xB0, 0xBF, 0xFB, 0x7F, 0xE8, 0x31, 0x99, 0x84, 0x43, 0x20, 0x81, 0xBF, 0x92,
    0xFF, 0x43, 0x90, 0xFD, 0xF0, 0x38, 0xF5, 0xC7, 0x26, 0xAD, 0x4C, 0x00, 0x30, 0x67, 0xD6, 0x1A,
    0x69, 0xCF, 0x7E, 0x39, 0x09, 0x38, 0xE8, 0xC3, 0xDA, 0xF0, 0x55, 0x97, 0x01, 0xA8, 0x36, 0x00,
    0x4A, 0xFF, 0xF3, 0x6D, 0x5C, 0x4C, 0xDE, 0x61, 0x67, 0xC4, 0x25, 0x1C, 0x20, 0x07, 0x9F, 0x07,
    0x3F, 0x6C, 0x04, 0x3D, 0x8D, 0x80, 0x27, 0xEB, 0x06, 0xED, 0xD4, 0x89, 0x01, 0x17, 0x35, 0x63,
    0x27, 0x23, 0xED, 0xF7, 0x0D, 0xC5, 0x4F, 0xBB, 0x68, 0xD5, 0x36, 0x2B, 0xC9, 0xE7, 0xF8, 0x69,
    0x2D, 0x92, 0x05, 0x4B, 0x30, 0x2A, 0x11, 0x5C, 0x58, 0x8A, 0x07, 0xAD, 0xD0, 0x88, 0x4C, 0xFA,
    0x8E, 0x40, 0xA7, 0x39, 0x3A, 0xE1, 0x3B, 0xDF, 0x36, 0x5F, 0x15, 0x8A, 0x8A, 0xE5, 0x68, 0x8B,
    0xF2, 0x95, 0x81, 0x27, 0xEB, 0x8C, 0x76, 0x26, 0xEA, 0xD3, 0x2B, 0x2A, 0xA1, 0xD0, 0xB9, 0x4C,
    0xE8, 0xE5, 0x3A, 0xF4, 0x39, 0xBA, 0x84, 0x26, 0x47, 0x27, 0x8A, 0xE2, 0x23, 0x67, 0xD1, 0x32,
    0xD0, 0xF8, 0xB8, 0x48, 0xB5, 0x1D, 0x92, 0x8A, 0x2E, 0x81, 0xA6, 0x2B, 0xC9, 0x33, 0xDC, 0x13,
    0x63, 0x51, 0xF1, 0xCC, 0x4E, 0x47, 0x1C, 0x72, 0x7C, 0x37, 0x02, 0x9D, 0x51, 0x7C, 0x90, 0x0E,
    0x9D, 0x34, 0x1E, 0x5C, 0xD2, 0xF7, 0x10, 0xA7, 0x0B, 0xDC, 0x51, 0x98, 0x5B, 0x51, 0x1F, 0x4E,
    0xF1, 0x88, 0x6E, 0x76, 0x4E, 0x51, 0x8D, 0xF0, 0x7C, 0xED, 0x58, 0xA3, 0xA5, 0x15, 0x33, 0xC1,
    0x8B, 0x17, 0x78, 0xF2, 0x37, 0x18, 0xC1, 0x12, 0x9A, 0x12, 0x9E, 0x34, 0x61, 0xFA, 0x5E, 0x3E,
    0x64, 0x65, 0xB3, 0xEE, 0x1B, 0x9B, 0x8A, 0x71, 0x9C, 0x12, 0x27, 0xA6, 0x7F, 0xB2, 0xFB, 0xB0,
    0xF3, 0x8F, 0xDC, 0xEF, 0x8A, 0xBD, 0x82, 0xEA, 0xB0, 0x67, 0xE9, 0x1A, 0xAA, 0x52, 0xD3, 0x4A,
    0x28, 0x65, 0x2B, 0xCD, 0xE1, 0xAC, 0x37, 0x1D, 0xD2, 0x19, 0xEC, 0xA5, 0xD0, 0x5F, 0x58, 0x55,
    0x2C, 0x78, 0x1E, 0x59, 0x51, 0xA5, 0x8C, 0xB7, 0x43, 0xB4, 0xF2, 0x78, 0xD2, 0x2D, 0xF6, 0x69,
    0x67, 0xB4, 0x50, 0x70, 0xFD, 0xB8, 0x11, 0xFE, 0x2B, 0x37, 0x12, 0xC7, 0x9D, 0xDE, 0xF0, 0x09,
    0xED, 0x36, 0xFD, 0x4D, 0x2A, 0x8D, 0x4D, 0xAF, 0xFB, 0xB6, 0x8B, 0xD9, 0xDD, 0xD4, 0xD3, 0xEE,
    0x26, 0xF0, 0x98, 0x21, 0x37, 0x32, 0x99, 0x4E, 0x30, 0xEA, 0x64, 0x72, 0x53, 0x0F, 0x3E, 0x0C,
    0xB5, 0x68, 0x31, 0xEA, 0xC2, 0x8E, 0x0A, 0x40, 0xC6, 0x90, 0xC7, 0x0C, 0xBA, 0x51, 0x44, 0x7A,
    0xCF, 0xB6, 0x4C, 0xF2, 0x14, 0x31, 0x22, 0xCC, 0x1F, 0xF4, 0xA1, 0x9E, 0xE5, 0x64, 0xD9, 0x10,
    0x68, 0xFF, 0x26, 0xA9, 0xD2, 0xCB, 0xD8, 0x68, 0xF6, 0xF4, 0x34, 0xD5, 0xB9, 0x67, 0xDF, 0x1D,
    0x6E, 0xDE, 0x2A, 0x7C, 0xEB, 0xD5, 0x1E, 0xB8, 0x76, 0xDF, 0xD6, 0xDE, 0xD4, 0x9B, 0xAE, 0x95,
    0x5E, 0xD9, 0xA1, 0x66, 0x90, 0xC0, 0xE6, 0xB1, 0x40, 0x9A, 0xDF, 0xBD, 0xF5, 0x1C, 0xDC, 0x5B,
    0x79, 0xD3, 0xA3, 0xB5, 0x3D, 0x55, 0x1B, 0x27, 0x32, 0x9B, 0x9A, 0x38, 0x91, 0x2D, 0xAB, 0x51,
    0xD3, 0x0B, 0x7A, 0xE7, 0x0D, 0x97, 0x76, 0x38, 0xFC, 0xAA, 0x37, 0xA9, 0x5B, 0x0D, 0x9A, 0x34,
    0xF9, 0xB4, 0x33, 0x7B, 0x39, 0x6C, 0xB6, 0x0D, 0x56, 0xAF, 0xD5, 0x83, 0x22, 0xA9, 0xB7, 0x6C,
    0xAA, 0x14, 0x4B, 0x7E, 0xC7, 0x2B, 0xD7, 0xBC, 0x5D, 0x89, 0x23, 0x93, 0x37, 0x2B, 0x10, 0x3D,
    0x9C, 0xBC, 0x55, 0x81, 0xE7, 0xD1, 0xE4, 0x8D, 0x9A, 0xAE, 0x39, 0x8A, 0xC7, 0x29, 0x46, 0x6F,
    0x52, 0xDA, 0x77, 0xD8, 0xB3, 0x28, 0x0F, 0x7A, 0x67, 0x2B, 0x58, 0xC9, 0xAE, 0x76, 0x65, 0x97,
    0xAA, 0x41, 0xB9, 0x2B, 0x6E, 0xF6, 0xDD, 0xAB, 0x27, 0xDB, 0x6B, 0x39, 0xCB, 0x63, 0x4D, 0x54,
    0x0C, 0x9C, 0x57, 0x9D, 0xE7, 0xBF, 0xDC, 0x2C, 0x72, 0xE0, 0x39, 0xC4, 0xA3, 0x7B, 0x0E, 0x84,
    0x10, 0xA4, 0x13, 0x33, 0xCC, 0x6C, 0xEC, 0x58, 0x03, 0x26, 0x33, 0x91, 0x8E, 0xC1, 0x6C, 0x50,
    0x5F, 0x8A, 0xD5, 0x0C, 0x56, 0xDB, 0x04, 0x71, 0x26, 0xE3, 0x7A, 0xDE, 0xD4, 0x7A, 0x5C, 0xD5,
    0xD5, 0xBA, 0x96, 0x0D, 0x60, 0x73, 0xC4, 0x7C, 0xB1, 0xEC, 0x5D, 0x4C, 0x56, 0xD4, 0xD2, 0xB5,
    0xF0, 0xBF, 0xC0, 0x82, 0xDC, 0x0E, 0x68, 0x66, 0x21, 0xAD, 0x8E, 0x34, 0x89, 0x85, 0x58, 0xF0,
    0xB7, 0x82, 0xE5, 0xB0, 0xE8, 0xAB, 0xA0, 0x6B, 0x54, 0x43, 0x37, 0x83, 0xA2, 0x6A, 0x5C, 0x5D,
    0x2F, 0x14, 0x59, 0x0F, 0xAE, 0x7F, 0xD7, 0xA2, 0xA8, 0x87, 0xCE, 0x34, 0xFA, 0xD4, 0x88, 0x5A,
    0x68, 0x60, 0x68, 0xA9, 0x20, 0xF1, 0xD9, 0x25, 0x40, 0xFB, 0x31, 0xE8, 0xBE, 0x4C, 0x28, 0x63,
    0xA4, 0x6D, 0x87, 0xEC, 0x25, 0x1B, 0x76, 0xA5, 0xAE, 0x96, 0xB4, 0x53, 0x1E, 0xA0, 0x36, 0xFA,
    0xFB, 0xAB, 0xFA, 0xAE, 0xB7, 0x3F, 0xEC, 0x7D, 0xD7, 0x7A, 0x3D, 0xBE, 0x06, 0xB8, 0x87, 0x28,
    0x3B, 0xAE, 0xF8, 0x53, 0xF8, 0x24, 0xD2, 0x1F, 0xC2, 0x15, 0x5B, 0x8E, 0x3B, 0x73, 0xF5, 0x55,
    0x4A, 0x65, 0x61, 0xA6, 0x4E, 0x22, 0xAD, 0x66, 0x49, 0x27, 0xF0, 0xC5, 0x80, 0xE2, 0x11, 0x79,
    0x20, 0x61, 0x41, 0x22, 0x47, 0x2F, 0x27, 0x2F, 0x9D, 0xCA, 0xD7, 0x5C, 0x25, 0xF2, 0x15, 0xD7,
    0x8A, 0x7C, 0x19, 0x05, 0x84, 0xF2, 0x67, 0x6E, 0x14, 0xD9, 0xD4, 0xB3, 0x4A, 0xEB, 0x54, 0xA6,
    0xEE, 0x59, 0x91, 0xB1, 0x7B, 0x4D, 0xA4, 0x12, 0x5A, 0x02, 0x9A, 0x97, 0xA5, 0x97, 0xB9, 0x97,
    0xA9, 0x63, 0x8E, 0xB5, 0xD8, 0xDF, 0xC4, 0xF4, 0xC6, 0x09, 0x27, 0x22, 0x70, 0x61, 0x34, 0xBD,
    0x8B, 0x0D, 0x07, 0x3E, 0x47, 0x4B, 0x5C, 0x13, 0x75, 0xD8, 0xE5, 0x87, 0x32, 0xC8, 0x50, 0x13,
    0xA2, 0x16, 0x23, 0xE5, 0x62, 0xA2, 0x58, 0x0D, 0x75, 0x31, 0x45, 0xAE, 0x6B, 0x60, 0xC4, 0x38,
    0xB0, 0x73, 0x35, 0xDB, 0x22, 0xC9, 0xD4, 0xC8, 0xCD, 0xA7, 0xDC, 0x2C, 0xE8, 0x23, 0xC6, 0xF7,
    0xFA, 0x9F, 0xC3, 0x3A, 0x6C, 0x30, 0x01, 0xA1, 0x73, 0xED, 0x26, 0xAB, 0x15, 0xC4, 0x47, 0x69,
    0xE8, 0x5D, 0x9B, 0x4F, 0xDE, 0xA3, 0x93, 0x07, 0x4F, 0xF5, 0x68, 0xEA, 0xAB, 0xCD, 0x71, 0x71,
    0xD1, 0xA9, 0x9D, 0xE7, 0xCA, 0xFA, 0x7C, 0xDC, 0x29, 0x4B, 0x4E, 0x1B, 0x7B, 0x28, 0xDB, 0x52,
    0xE7, 0x7B, 0x6B, 0x3E, 0x78, 0x3E, 0xF0, 0x65, 0x2C, 0xF4, 0xEC, 0x7A, 0x25, 0xDB, 0xC9, 0xDB,
    0x1A, 0x62, 0xE9, 0x9B, 0x6A, 0xC3, 0xEC, 0x37, 0x5A, 0xD6, 0xEC, 0xCF, 0x34, 0xE4, 0xCA, 0x46,
    0x43, 0xAE, 0x2E, 0x14, 0x0E, 0x1C, 0x4B, 0x0E, 0xA6, 0x59, 0xD4, 0x31, 0xD1, 0x4C, 0xA4, 0x95,
    0xFE, 0x45, 0x26, 0x4E, 0x35, 0xAF, 0xB5, 0x12, 0x17, 0xDA, 0x05, 0x70, 0x42, 0xDB, 0x49, 0xED,
    0x61, 0xF2, 0x86, 0x82, 0xA8, 0x0D, 0xEB, 0xA9, 0x3A, 0x0E, 0xBE, 0x60, 0x91, 0xC0, 0x2B, 0x08,
    0xA3, 0x85, 0x79, 0xD2, 0x94, 0xD8, 0xAD, 0x95, 0x17, 0x03, 0xB1, 0x55, 0x25, 0xAD, 0x0C, 0xA7,
    0xAB, 0x7C, 0x72, 0x3C, 0xB1, 0x19, 0x26, 0x5E, 0xA4, 0x32, 0xE0, 0xD7, 0xEF, 0x82, 0xDC, 0x98,
    0x29, 0xEA, 0xB7, 0x01, 0xB7, 0x75, 0xD2, 0x32, 0x8D, 0xF0, 0x5A, 0x32, 0x1F, 0x32, 0x3B, 0x62,
    0x4D, 0x89, 0xB5, 0xB9, 0x75, 0xD9, 0x6F, 0x61, 0x97, 0xA7, 0xB0, 0x85, 0x01, 0x1B, 0x4D, 0xFA,
    0x48, 0x79, 0x68, 0x63, 0x8E, 0xEF, 0xBA, 0x46, 0x40, 0x81, 0x47, 0x6B, 0x84, 0x54, 0x96, 0x73,
    0x44, 0xCC, 0xE3, 0xD0, 0x6F, 0x03, 0x02, 0xE8, 0x3E, 0x13, 0x7D, 0xB6, 0x6E, 0x72, 0x13, 0xDC,
    0x09, 0x36, 0x7B, 0x62, 0x8E, 0x2E, 0xE6, 0x66, 0xD0, 0xAC, 0x8C, 0x78, 0xCD, 0xE0, 0xD2, 0xA7,
    0xF4, 0x96, 0xDB, 0xE9, 0x4A, 0x54, 0x94, 0xB5, 0xF3, 0x74, 0x67, 0xE6, 0xE1, 0x97, 0xE0, 0x1B,
    0x8B, 0x43, 0xBC, 0x2A, 0xE1, 0xAA, 0xA8, 0x0B, 0x44, 0x79, 0xC3, 0x91, 0x51, 0x61, 0xC5, 0x57,
    0x9D, 0xF6, 0x31, 0xEE, 0x59, 0xD0, 0xDA, 0x9E, 0xC1, 0x01, 0x68, 0x0E, 0xD8, 0xE2, 0xCC, 0xA9,
    0x0F, 0x8B, 0xC9, 0x2B, 0xE9, 0xE0, 0x95, 0xBC, 0x4F, 0xD5, 0xA5, 0x65, 0xEB, 0x15, 0x60, 0x83,
    0x38, 0x3B, 0x70, 0x1E, 0xD5, 0x22, 0xEF, 0x7C, 0x65, 0x5B, 0x66, 0x2F, 0x1C, 0x7C, 0x47, 0x63,
    0x5E, 0x12, 0xE8, 0x75, 0xD2, 0x45, 0x30, 0xF7, 0x4D, 0x30, 0x07, 0x5A, 0x1F, 0xA2, 0x39, 0x72,
    0x1A, 0x36, 0x33, 0x9C, 0x22, 0xBB, 0x9F, 0xF0, 0x1F, 0xAD, 0x8A, 0x1C, 0x4C, 0x52, 0xA7, 0x52,
    0x3B, 0x0E, 0xFB, 0x55, 0x32, 0x51, 0x91, 0x8E, 0x66, 0x87, 0x00, 0xC6, 0xAA, 0xA9, 0x35, 0x2F,
    0xCC, 0x27, 0x1E, 0xB4, 0x5A, 0x70, 0x62, 0x82, 0xDB, 0x68, 0x0C, 0xD0, 0xD7, 0xBA, 0x0A, 0x4B,
    0xFE, 0x51, 0x5A, 0x47, 0x59, 0x31, 0x47, 0x28, 0x9C, 0x97, 0x68, 0x1F, 0x11, 0x76, 0xC9, 0x62,
    0xE1, 0x61, 0x60, 0x04, 0xA3, 0x42, 0x10, 0x27, 0x72, 0xD7, 0xEF, 0x62, 0xEF, 0xA7, 0x72, 0x28,
    0x3A, 0xDD, 0x2D, 0x3C, 0xF2, 0x0F, 0x81, 0x56, 0xEE, 0x07, 0x3C, 0x6F, 0x3D, 0x46, 0xCA, 0xBE,
    0x34, 0xC0, 0x7B, 0x22, 0x9C, 0x61, 0x88, 0x2C, 0x27, 0xF7, 0xE4, 0x79, 0xB7, 0x20, 0x92, 0x9E,
    0xC5, 0x42, 0xA9, 0x83, 0x05, 0x90, 0x11, 0x88, 0xC6, 0xA3, 0xDB, 0xFB, 0x9B, 0xFB, 0xB2, 0x06,
    0x85, 0xCF, 0x72, 0xF5, 0x41, 0xED, 0xF6, 0x52, 0x3A, 0xD6, 0x12, 0x12, 0xDD, 0xBF, 0x24, 0x1E,
    0x82, 0xFA, 0x45, 0x66, 0x08, 0x80, 0xB4, 0xFD, 0x8E, 0xE6, 0xA6, 0x6F, 0x2D, 0xC1, 0x50, 0x66,
    0x14, 0x9F, 0x96, 0x0D, 0x63, 0xC6, 0xBA, 0x58, 0xB1, 0x07, 0x89, 0xA5, 0x3B, 0xE9, 0x53, 0xA9,
    0xC8, 0x63, 0x2A, 0x15, 0x62, 0x44, 0xA1, 0x88, 0x96, 0x72, 0x02, 0x4E, 0x25, 0xA3, 0x9D, 0x90,
    0xED, 0x79, 0x27, 0xA2, 0xAE, 0x28, 0x04, 0x00, 0xC0, 0x4A, 0xC9, 0xAD, 0xEC, 0x8C, 0x26, 0xD5,
    0x8E, 0x76, 0xA9, 0x2B, 0x70, 0x87, 0x9C, 0xA1, 0x50, 0xF6, 0xD2, 0xB9, 0x71, 0x4E, 0xD6, 0xD4,
    0x96, 0x42, 0xC0, 0x71, 0x54, 0x16, 0x00, 0xA2, 0xE6, 0x77, 0x04, 0x52, 0xF6, 0x94, 0xB4, 0x9A,
    0xDF, 0xF1, 0xBD, 0xA6, 0x59, 0x29, 0xD1, 0x2D, 0x19, 0xE5, 0xAB, 0x50, 0x72, 0x37, 0x9E, 0x77,
    0x95, 0x38, 0xEB, 0x77, 0x2E, 0xB6, 0x57, 0x38, 0xF8, 0xFA, 0x2D, 0x45, 0xA6, 0x7F, 0x2E, 0x84,
    0xD4, 0x4B, 0x1A, 0x83, 0xE5, 0xBA, 0xD7, 0x6B, 0x46, 0x6C, 0x01, 0xAA, 0x82, 0x76, 0x0C, 0xDD,
    0x04, 0xB9, 0x22, 0x52, 0x9B, 0xEC, 0x17, 0x63, 0xFC, 0x26, 0xC7, 0xEC, 0x65, 0x8E, 0xF7, 0x22,
    0xA6, 0xFC, 0x28, 0x98, 0xDE, 0x81, 0x21, 0x67, 0xAE, 0x48, 0xF8, 0x6E, 0x05, 0xDE, 0x94, 0xB8,
    0xFF, 0xAD, 0x27, 0xA5, 0xC4, 0x52, 0xDB, 0x1B, 0xF3, 0xC5, 0x8C, 0x20, 0xFB, 0x98, 0x11, 0x16,
    0xF3, 0x59, 0xBF, 0xA1, 0xEF, 0x9A, 0x5C, 0x89, 0x53, 0x51, 0x2A, 0x71, 0x69, 0x35, 0xE1, 0xCB,
    0x41, 0x8B, 0x7C, 0x3A, 0x25, 0x8B, 0xA6, 0xBF, 0x51, 0x24, 0xB6, 0x26, 0x17, 0xF9, 0x98, 0x09,
    0x2F, 0x9C, 0xE7, 0x96, 0x67, 0xD4, 0x83, 0x07, 0x0E, 0x5F, 0x49, 0x56, 0x82, 0xBD, 0x21, 0xBC,
    0xBB, 0x0A, 0xE1, 0x9B, 0x0B, 0x08, 0xDF, 0xA9, 0x0D, 0x37, 0x84, 0x1F, 0x3E, 0x08, 0x84, 0x9F,
    0x0F, 0x10, 0x3E, 0x28, 0x3E, 0x8B, 0xB9, 0x1A, 0xAC, 0x60, 0x7F, 0xB1, 0x30, 0x75, 0x19, 0x8A,
    0x03, 0x02, 0x09, 0x41, 0xD7, 0x20, 0xBD, 0x53, 0x24, 0xCE, 0x94, 0x60, 0xBE, 0x6F, 0x47, 0xCD,
    0x5F, 0x07, 0xBE, 0x83, 0xDA, 0x57, 0x66, 0x6F, 0x5F, 0xEB, 0x9B, 0xC0, 0xDA, 0xA9, 0x1D, 0x17,
    0xCF, 0x48, 0xD1, 0xD8, 0x0A, 0x34, 0x5D, 0x33, 0x9F, 0xBC, 0x1C, 0xA4, 0x93, 0xFE, 0x1D, 0xFC,
    0xB6, 0xBC, 0x5B, 0xBF, 0xBD, 0x1F, 0x95, 0xD9, 0xAE, 0x7E, 0x6B, 0x2F, 0xF8, 0x4D, 0x3B, 0xC8,
    0x50, 0x10, 0x7E, 0x10, 0x9E, 0x96, 0xED, 0xF9, 0x6B, 0xAB, 0xCC, 0xE1, 0x5B, 0x02, 0xEB, 0xC4,
    0x35, 0x3C, 0x26, 0xB9, 0x1B, 0x8D, 0xC0, 0xE1, 0xA8, 0x0D, 0x26, 0x32, 0xF8, 0x17, 0x2E, 0x81,
    0xDB, 0xBF, 0xAC, 0xCB, 0xDA, 0x83, 0x8A, 0x7B, 0x6C, 0x22, 0x9E, 0xB6, 0x4A, 0x25, 0x36, 0x59,
    0x12, 0xEC, 0x40, 0xCE, 0x95, 0x49, 0x89, 0x8B, 0xDC, 0xD7, 0x78, 0xD0, 0xB2, 0xC1, 0xF1, 0x4D,
    0xD2, 0xC4, 0xAD, 0x30, 0x8D, 0xE2, 0x02, 0x8D, 0x26, 0x63, 0xDF, 0x1F, 0xD9, 0xA7, 0xC0, 0x46,
    0x30, 0x4F, 0xD6, 0x72, 0x4C, 0x75, 0x6C, 0x38, 0x26, 0x95, 0x6F, 0x91, 0x0E, 0x46, 0xA5, 0xBD,
    0x87, 0xE3, 0x60, 0x2E, 0x7B, 0x12, 0x0D, 0x88, 0xCC, 0x86, 0x28, 0xE1, 0x9C, 0x32, 0x66, 0xBD,
    0x40, 0x56, 0x2F, 0x39, 0xD6, 0xED, 0xED, 0xA4, 0x31, 0x67, 0xC7, 0x0C, 0x28, 0x8B, 0xDA, 0xD9,
    0x97, 0x15, 0x0A, 0x1F, 0x92, 0x25, 0x9E, 0x00, 0xC3, 0xE1, 0x82, 0x57, 0x8D, 0x63, 0x79, 0xB7,
    0x21, 0x86, 0xBF, 0x33, 0xDD, 0x85, 0xCE, 0x88, 0x5E, 0x1B, 0xA5, 0xCF, 0x11, 0x47, 0xC0, 0xCA,
    0xCF, 0xBB, 0x16, 0x96, 0xA9, 0x3B, 0xF4, 0x2F, 0xB6, 0x87, 0x11, 0x6D, 0x4F, 0xB3, 0xF6, 0xEE,
    0x60, 0xE8, 0x64, 0x9F, 0x42, 0x24, 0xD8, 0xE7, 0xA1, 0x8E, 0x48, 0x2E, 0xBC, 0x7E, 0xA7, 0xA3,
    0x27, 0x3B, 0x99, 0x4A, 0xDB, 0x26, 0xF1, 0xB3, 0x39, 0x1D, 0x35, 0x96, 0x0B, 0x09, 0xBD, 0x56,
    0x80, 0x82, 0x4E, 0xA8, 0xE8, 0x8A, 0xAF, 0x80, 0xBF, 0xEE, 0x3A, 0xBD, 0x8F, 0x86, 0xC5, 0xAF,
    0x0C, 0xF8, 0x8E, 0x01, 0x5F, 0x5D, 0x12, 0xF0, 0x8F, 0x64, 0xEC, 0x4E, 0xD6, 0xBC, 0xCA, 0xD8,
    0x2D, 0x8D, 0xDD, 0xAE, 0xC6, 0x9E, 0x57, 0x63, 0xE3, 0xFA, 0xB4, 0x49, 0xF0, 0x48, 0x01, 0xAA,
    0x5C, 0xB6, 0xC0, 0xE2, 0xB2, 0x47, 0x79, 0xC9, 0x27, 0xD4, 0xF2, 0xD8, 0x31, 0x97, 0x6B, 0x96,
    0x9F, 0xB4, 0x80, 0xCD, 0x82, 0x8B, 0xCD, 0x22, 0x8E, 0x54, 0x73, 0x28, 0x59, 0x85, 0x8F, 0x65,
    0x51, 0x5D, 0xFE, 0x2F, 0x30, 0x04, 0xEE, 0x5C, 0x22, 0xA1, 0xDD, 0x5B, 0xD7, 0x30, 0x4A, 0x7F,
    0x6C, 0xEA, 0x68, 0x30, 0xEE, 0xEB, 0x30, 0xCD, 0x33, 0x93, 0xB1, 0x3F, 0x5F, 0x4C, 0xD6, 0x39,
    0x89, 0xF0, 0xA8, 0xCF, 0x0A, 0xD3, 0xEC, 0x61, 0xEA, 0xD1, 0xD3, 0xD2, 0x2D, 0xA6, 0xFE, 0x63,
    0x4A, 0x7C, 0xEC, 0x9F, 0xF7, 0x09, 0x15, 0x5D, 0x5A, 0x89, 0x4C, 0x44, 0x2A, 0xE3, 0x94, 0x3A,
    0x63, 0x14, 0x36, 0xEC, 0xBF, 0x2C, 0xF1, 0xB9, 0x8B, 0x4E, 0x80, 0x50, 0x5F, 0xEA, 0xE7, 0xEC,
    0x78, 0x0D, 0xA7, 0xF7, 0xE1, 0x43, 0x73, 0xE4, 0xBB, 0xB9, 0x7B, 0x93, 0xBF, 0x80, 0xBD, 0xCD,
    0xCC, 0x98, 0x02, 0xDF, 0x57, 0xB6, 0xA8, 0x9B, 0x2F, 0x9B, 0xBC, 0xF9, 0x07, 0xF3, 0xA9, 0x0B,
    0xD4, 0xE6, 0x05, 0x00, 0x28, 0x82, 0xC7, 0x7F, 0x82, 0x47, 0x58, 0x1B, 0x41, 0x04, 0x0A, 0x04,
    0xF6, 0xE3, 0xB4, 0xF3, 0xE3, 0xD5, 0xC2, 0x0F, 0xC8, 0xDA, 0x21, 0x64, 0x05, 0x89, 0xA7, 0x68,
    0x91, 0x1C, 0x26, 0x4B, 0xC4, 0x12, 0x8D, 0xF0, 0x85, 0xB2, 0xCF, 0x19, 0x21, 0xC9, 0x10, 0x4F,
    0x5A, 0xF5, 0x7E, 0xF2, 0x60, 0xDC, 0xDF, 0x58, 0xCE, 0xA4, 0xE5, 0x94, 0xC2, 0x23, 0xF0, 0xA0,
    0xB9, 0xCD, 0x4C, 0x18, 0x58, 0xE7, 0x40, 0xA5, 0xB0, 0xEF, 0x22, 0x15, 0xDE, 0x59, 0x65, 0x93,
    0xB4, 0x77, 0xF4, 0x4D, 0xE4, 0x5A, 0x2B, 0xDD, 0x4B, 0x57, 0x0E, 0x9C, 0xA1, 0xAF, 0x35, 0x72,
    0xDC, 0xC3, 0x84, 0x44, 0x6C, 0x47, 0xF2, 0x08, 0xA6, 0x09, 0x4E, 0xC6, 0xBD, 0x96, 0x32, 0x59,
    0xC3, 0x16, 0x2A, 0xA6, 0x2D, 0xA5, 0xC9, 0x60, 0x67, 0x85, 0x55, 0x62, 0xB7, 0x3C, 0xA9, 0x29,
    0xAC, 0x15, 0x50, 0xF7, 0x79, 0xEC, 0x94, 0x0F, 0x5D, 0x17, 0x1A, 0x7E, 0x0B, 0xF8, 0x1A, 0x0B,
    0xBE, 0x0E, 0xE5, 0x46, 0x46, 0x80, 0xAF, 0x81, 0xE0, 0x6B, 0xBD, 0x87, 0xAF, 0xFD, 0x61, 0xCA,
    0x17, 0x3C, 0xF1, 0x22, 0xB0, 0x23, 0x79, 0xDA, 0x33, 0xE5, 0xC9, 0xA2, 0x6B, 0x74, 0x13, 0x68,
    0xE9, 0x70, 0xAE, 0xCC, 0xE1, 0x54, 0x19, 0xDD, 0x9D, 0xEE, 0x0F, 0x03, 0xE8, 0x28, 0x86, 0x6C,
    0xC6, 0x11, 0xF2, 0x09, 0x29, 0x0F, 0x4A, 0x8D, 0x77, 0xA5, 0x25, 0x91, 0xA9, 0xC8, 0x39, 0x06,
    0x69, 0x5B, 0x08, 0x9D, 0xF7, 0x0A, 0x6D, 0xAC, 0x94, 0xB4, 0x09, 0x99, 0x08, 0xF5, 0x24, 0xD1,
    0x79, 0xC8, 0x4A, 0x1F, 0x75, 0xA6, 0xA6, 0x1B, 0x2A, 0xF3, 0xF9, 0x8F, 0xA5, 0x8B, 0xCC, 0xBD,
    0x8A, 0xAD, 0x26, 0x3D, 0x41, 0x24, 0x2C, 0xF9, 0xC8, 0xC2, 0x93, 0xA3, 0xA5, 0x30, 0xE6, 0xEC,
    0xB2, 0x53, 0x7F, 0x40, 0xDE, 0xF9, 0x84, 0x52, 0xF7, 0xDC, 0xA4, 0x95, 0x10, 0xB5, 0xBC, 0xDD,
    0x25, 0x8E, 0x9D, 0xA4, 0x81, 0x49, 0x9C, 0x74, 0x88, 0xA0, 0x5B, 0x35, 0x9F, 0xC9, 0x1A, 0x21,
    0x8F, 0xE1, 0x03, 0x9C, 0xDF, 0x98, 0x2F, 0xE0, 0xEC, 0xC5, 0xEA, 0x1C, 0x2D, 0x91, 0xC6, 0xDC,
    0xF4, 0x86, 0x71, 0x7D, 0x22, 0xA4, 0x0D, 0x8D, 0xA6, 0x66, 0xF5, 0x65, 0x22, 0xD0, 0x47, 0x22,
    0x7D, 0x21, 0x17, 0x66, 0xE7, 0x84, 0x75, 0x6A, 0x6D, 0x34, 0xCA, 0x08, 0x8D, 0x53, 0x24, 0x70,
    0xBF, 0x17, 0x2B, 0xC3, 0xB1, 0x5A, 0x0A, 0xAC, 0x3C, 0x29, 0xDD, 0xA1, 0x61, 0xAF, 0xD8, 0xE8,
    0x7A, 0xF4, 0x0E, 0x10, 0x7B, 0x21, 0x80, 0x81, 0xA5, 0xB1, 0x4C, 0x36, 0xF0, 0x46, 0x29, 0x8D,
    0x96, 0x92, 0x8E, 0xEB, 0x45, 0x50, 0x00, 0xB8, 0xD3, 0x06, 0x71, 0x08, 0x38, 0x2F, 0x50, 0x5E,
    0xB1, 0x42, 0x32, 0x94, 0x6B, 0x32, 0x4D, 0x4C, 0xA6, 0x9F, 0x46, 0x18, 0xBE, 0x14, 0x1C, 0xF0,
    0x94, 0xEB, 0xF8, 0xCB, 0x1D, 0x62, 0xD0, 0xB9, 0x1C, 0xC0, 0xC3, 0xC3, 0xC6, 0xDA, 0xBC, 0x2D,
    0x77, 0x11, 0x34, 0x9D, 0x32, 0xC5, 0x3F, 0x63, 0x50, 0x02, 0x52, 0x28, 0x6B, 0xF7, 0xD4, 0xFD,
    0xE6, 0x7D, 0xDF, 0x2F, 0x15, 0xCA, 0x8F, 0x1B, 0xC9, 0x27, 0xD9, 0xBB, 0x6D, 0x49, 0x53, 0xCC,
    0x57, 0x95, 0xB4, 0x7F, 0x9E, 0xF5, 0xFD, 0xF2, 0xEB, 0x23, 0xED, 0x9D, 0x4B, 0x39, 0xCD, 0x40,
    0x4E, 0xD3, 0xA0, 0x02, 0x44, 0x97, 0x91, 0xF8, 0x07, 0x1D, 0x53, 0x49, 0xF0, 0xC3, 0x31, 0xFF,
    0xF6, 0xE8, 0x8E, 0x59, 0xA4, 0x9D, 0x12, 0xEF, 0xEC, 0xAD, 0xF5, 0xB8, 0x89, 0xB5, 0xFA, 0x16,
    0x99, 0x74, 0x3E, 0x20, 0x36, 0x02, 0xB6, 0x4A, 0xE4, 0x85, 0xCA, 0x2F, 0xDA, 0x31, 0x85, 0x5A,
    0xC2, 0xCA, 0xCA, 0xCA, 0x83, 0x49, 0x15, 0x8B, 0x0C, 0x2E, 0x75, 0x19, 0x6C, 0xD0, 0xA5, 0xCA,
    0xEB, 0x48, 0xA7, 0x28, 0x2B, 0x16, 0x5C, 0x29, 0xEC, 0xA5, 0x2F, 0xEE, 0xB6, 0xFF, 0x00, 0xE5,
    0xA0, 0x92, 0x54, 0xAF, 0x84, 0x05, 0x89, 0x8F, 0xB4, 0x0B, 0x90, 0x31, 0xA4, 0x91, 0x72, 0xF7,
    0xFA, 0xA9, 0xE7, 0xD1, 0x8A, 0xEF, 0x3E, 0x30, 0xCC, 0xE9, 0x5A, 0xBA, 0x4F, 0x6E, 0x09, 0x31,
    0x32, 0x22, 0xCA, 0x50, 0xF9, 0xED, 0xD7, 0xA5, 0xCF, 0xAC, 0x5F, 0x16, 0x5B, 0xD9, 0x9F, 0x4B,
    0x97, 0x49, 0x52, 0xC5, 0x60, 0xEF, 0x4B, 0x31, 0x5C, 0x9F, 0x33, 0xB2, 0x82, 0xEE, 0xF1, 0x2B,
    0xA2, 0xDB, 0xDC, 0x70, 0xED, 0x0D, 0x49, 0x98, 0xB6, 0x86, 0x70, 0xF4, 0x78, 0x83, 0x65, 0x9B,
    0x9B, 0x10, 0x70, 0x60, 0xF4, 0x7E, 0x88, 0x8E, 0x22, 0x74, 0xE7, 0x98, 0x56, 0x01, 0xFF, 0x9C,
    0xD1, 0xB0, 0x30, 0x1E, 0x32, 0xD2, 0xE1, 0x82, 0x98, 0x7A, 0x22, 0x90, 0xFF, 0x05, 0xC9, 0xD8,
    0x35, 0x65, 0xD7, 0x9C, 0x5D, 0x93, 0x16, 0xCD, 0xC5, 0xA9, 0x1C, 0xFD, 0x2B, 0x9A, 0xB6, 0xE6,
    0x89, 0xAB, 0xF3, 0xF6, 0x21, 0x71, 0x70, 0x24, 0x71, 0xD0, 0xFF, 0xF5, 0xE3, 0xA0, 0x7C, 0xC4,
    0x38, 0x30, 0xC9, 0x7F, 0x89, 0xA8, 0xC5, 0x4A, 0x91, 0x72, 0xEC, 0x58, 0x6D, 0x94, 0x76, 0x02,
    0x6C, 0x69, 0x11, 0x53, 0x7C, 0xF2, 0xA1, 0x06, 0xFA, 0xD0, 0x05, 0x40, 0x50, 0xBF, 0xA8, 0xCE,
    0xE6, 0x53, 0xBD, 0xAF, 0xDF, 0x68, 0x28, 0x73, 0x74, 0x0B, 0x3D, 0x58, 0x43, 0x2A, 0x43, 0x07,
    0x48, 0xFC, 0x54, 0x61, 0x79, 0x78, 0x61, 0x47, 0x99, 0x13, 0x6A, 0x01, 0x35, 0xF2, 0x65, 0x1A,
    0x06, 0x49, 0xA4, 0x1B, 0xAD, 0x09, 0xDA, 0x89, 0x9B, 0xD0, 0x61, 0xB8, 0x09, 0x3C, 0xCF, 0x4E,
    0x28, 0x4D, 0x3A, 0x8C, 0x25, 0x01, 0xBA, 0x5C, 0xEE, 0x68, 0x1B, 0xD8, 0x08, 0x05, 0x01, 0xB0,
    0x23, 0x02, 0x8F, 0x4E, 0x56, 0xEB, 0x04, 0xEA, 0x86, 0xCA, 0xA8, 0x83, 0x8C, 0x0E, 0xC2, 0x96,
    0xF9, 0xC3, 0x2C, 0x64, 0x9A, 0x99, 0x79, 0x9B, 0x6B, 0xDD, 0xC7, 0xFA, 0x53, 0xBA, 0xDC, 0x9D,
    0xF2, 0x21, 0x9A, 0xE0, 0xE8, 0x09, 0x94, 0x63, 0xE0, 0x3E, 0x73, 0x9C, 0x38, 0xD5, 0x12, 0x37,
    0x48, 0x5B, 0x97, 0xB8, 0xE5, 0x09, 0xC4, 0xE7, 0x4F, 0xA8, 0x48, 0x73, 0x12, 0xCF, 0xEE, 0xAD,
    0xBB, 0x13, 0x0F, 0x7C, 0xCA, 0xD3, 0x78, 0x3F, 0x23, 0x9D, 0x11, 0x1D, 0x38, 0x02, 0xF1, 0x90,
    0xB4, 0x22, 0x85, 0x9E, 0x31, 0x9A, 0xE0, 0xF1, 0xEF, 0x4A, 0xC9, 0xB8, 0xFC, 0x2A, 0x60, 0x27,
    0x98, 0x62, 0x37, 0xD6, 0x1C, 0x97, 0x7F, 0xE2, 0x38, 0x6A, 0x97, 0xF4, 0xFE, 0x8D, 0x25, 0x0B,
    0x64, 0x22, 0xF5, 0x31, 0x97, 0xD1, 0xCA, 0x78, 0x70, 0x65, 0x9A, 0xBF, 0xF2, 0xB5, 0x82, 0x7B,
    0xAA, 0xA3, 0x7C, 0x93, 0x29, 0xEC, 0xB7, 0x5A, 0x0C, 0x68, 0xF7, 0x7F, 0xF1, 0xE7, 0xEC, 0x35,
    0x53, 0x6B, 0xFD, 0x30, 0x22, 0xAC, 0x7E, 0x16, 0xCB, 0x1A, 0xFA, 0xAE, 0xDB, 0x21, 0xA2, 0xFE,
    0x7C, 0x47, 0xEA, 0x0F, 0x5E, 0x44, 0xC8, 0x8C, 0x4A, 0x16, 0xB5, 0xAA, 0x90, 0xBB, 0xEA, 0x22,
    0x5C, 0xD0, 0x32, 0x35, 0x19, 0xA9, 0xA8, 0x9F, 0x78, 0xEC, 0x33, 0x60, 0xD2, 0x21, 0x17, 0xCB,
    0xC5, 0xB0, 0x8C, 0x95, 0xF2, 0x7E, 0x8C, 0xA8, 0x41, 0xA1, 0xED, 0xCB, 0x82, 0x41, 0x24, 0x75,
    0x5A, 0x57, 0x0A, 0xB6, 0x12, 0x99, 0x30, 0x4E, 0x72, 0xC7, 0xAF, 0x16, 0xB1, 0x4C, 0xC3, 0xF0,
    0x04, 0x0F, 0x58, 0x48, 0xC0, 0x2B, 0x80, 0xC0, 0x35, 0x35, 0xE0, 0x6E, 0x20, 0x20, 0x08, 0x3A,
    0x48, 0xBF, 0x17, 0x73, 0x2A, 0x14, 0x61, 0x1E, 0x9B, 0x60, 0x36, 0x09, 0xA2, 0x61, 0xFF, 0xB0,
    0x77, 0xE2, 0xCE, 0x04, 0x0F, 0x04, 0x1C, 0x24, 0xF0, 0x17, 0x81, 0x0D, 0xEC, 0xEF, 0x0E, 0xDA,
    0xCA, 0x11, 0xF4, 0x1B, 0x38, 0x00, 0x4A, 0xD0, 0x4B, 0xCC, 0x06, 0xDC, 0x8B, 0x10, 0xD2, 0x84,
    0x31, 0x5B, 0x8E, 0x9C, 0x7D, 0x91, 0x64, 0xC4, 0xAE, 0xDE, 0x76, 0x6D, 0xE0, 0xBE, 0x87, 0x25,
    0xAF, 0x19, 0xCF, 0xE7, 0xFD, 0x10, 0x72, 0x07, 0x42, 0x39, 0x32, 0x4E, 0x50, 0x3B, 0xAE, 0x26,
    0xDB, 0xE8, 0x39, 0xB0, 0x81, 0x60, 0x40, 0x2E, 0x62, 0xC8, 0x7F, 0x32, 0xA1, 0x38, 0xB9, 0x44,
    0x4B, 0xA5, 0xEE, 0x54, 0x87, 0xE6, 0x83, 0x82, 0x79, 0x22, 0x9C, 0x87, 0x93, 0xFA, 0xE0, 0x28,
    0x3D, 0x23, 0xFC, 0x54, 0x71, 0x05, 0x78, 0x93, 0xA4, 0x7B, 0xF0, 0xA6, 0xAC, 0x08, 0xE2, 0x2C,
    0xE2, 0x41, 0x3D, 0x7B, 0x50, 0x9D, 0x1E, 0x41, 0xF2, 0x7A, 0x98, 0x7C, 0xB4, 0x79, 0x03, 0x82,
    0x5A, 0x29, 0x41, 0xD2, 0x26, 0x87, 0xFB, 0x16, 0xF9, 0x18, 0xAA, 0x37, 0x5B, 0x1A, 0x23, 0xBD,
    0x82, 0x2B, 0x6A, 0x22, 0x49, 0xF9, 0x6B, 0xA7, 0xE5, 0x6D, 0x52, 0x03, 0x0D, 0x6A, 0x9F, 0x76,
    0x0B, 0xCB, 0x07, 0xAE, 0x6F, 0xF5, 0xFA, 0x82, 0x26, 0xCC, 0x81, 0x38, 0x52, 0x61, 0x1E, 0x2E,
    0x8E, 0x6E, 0x29, 0xC7, 0x24, 0xB0, 0xC1, 0xF1, 0x42, 0x27, 0x9D, 0x53, 0x86, 0x78, 0x47, 0x52,
    0x65, 0x0C, 0x1E, 0x42, 0x66, 0x1F, 0x49, 0x00, 0xE4, 0x22, 0x49, 0x3A, 0xC7, 0xF2, 0x9B, 0xAB,
    0xF8, 0x3F, 0x85, 0x92, 0x01, 0x86, 0x5D, 0x31, 0x14, 0x86, 0xFF, 0x7B, 0xAF, 0x71, 0x69, 0x90,
    0x05, 0xB4, 0xA4, 0x80, 0x47, 0xEB, 0x65, 0x05, 0x95, 0x14, 0x0C, 0xA0, 0xDB, 0x19, 0xB4, 0x93,
    0x2C, 0xA1, 0x4B, 0x29, 0x0A, 0x30, 0x2F, 0x69, 0xBB, 0x81, 0x74, 0x07, 0x59, 0x42, 0x70, 0x91,
    0x92, 0xE4, 0xEF, 0x7D, 0xEF, 0x4D, 0x15, 0x66, 0xCC, 0xF7, 0x9D, 0x10, 0x47, 0x82, 0xF3, 0x27,
    0xC0, 0x1B, 0x38, 0xD0, 0x33, 0x99, 0x22, 0xDB, 0xDC, 0xF1, 0x19, 0x00, 0x96, 0xB8, 0x16, 0xB9,
    0xE9, 0xCD, 0xE4, 0xE0, 0x07, 0xEE, 0xF0, 0xC8, 0xBB, 0x08, 0x84, 0x0C, 0xB0, 0x62, 0x66, 0xC7,
    0xBA, 0x11, 0x32, 0x3B, 0x6F, 0xA2, 0x8E, 0x1A, 0xAF, 0xAC, 0xCA, 0x07, 0xD7, 0x0C, 0x2F, 0x34,
    0xDD, 0x0F, 0x62, 0x73, 0xA4, 0x0F, 0x64, 0xE4, 0x75, 0xF9, 0x03, 0xA6, 0x07, 0x48, 0x5A, 0x47,
    0x0E, 0xC7, 0xA6, 0x58, 0xE6, 0x61, 0xB5, 0x0F, 0x85, 0xBB, 0x21, 0x6B, 0xAF, 0xA3, 0x8E, 0x2C,
    0xFF, 0x35, 0xDE, 0xF8, 0xE9, 0x64, 0xD5, 0xBE, 0x63, 0x75, 0xB7, 0xED, 0x7E, 0x69, 0xC7, 0xA5,
    0x42, 0x96, 0x29, 0xC4, 0xB9, 0x63, 0x2A, 0xC0, 0x5E, 0xC0, 0x3A, 0xA0, 0x19, 0xEF, 0x65, 0x6E,
    0x4B, 0xB9, 0x56, 0xF8, 0x94, 0x0C, 0xBD, 0xF8, 0x83, 0x33, 0xC2, 0x7F, 0x80, 0x2C, 0xCE, 0xAA,
    0x42, 0x6B, 0x7E, 0x13, 0xE6, 0x67, 0x47, 0x58, 0x2A, 0xC6, 0x5A, 0xD0, 0xD6, 0x84, 0xB7, 0x93,
    0xC5, 0x7B, 0x1C, 0x31, 0x10, 0xC0, 0x8F, 0x1D, 0xEE, 0x57, 0x85, 0x66, 0x81, 0x60, 0xC2, 0x4C,
    0x0F, 0x10, 0x17, 0x8E, 0x53, 0x01, 0xD7, 0x0D, 0xBC, 0x6D, 0xFB, 0x99, 0x0E, 0xF3, 0x63, 0x40,
    0xE6, 0x00, 0x51, 0x8C, 0x5D, 0x8A, 0xB2, 0xF0, 0x37, 0xC0, 0xC9, 0x0B, 0x6E, 0x86, 0x3D, 0x70,
    0x8C, 0x99, 0x05, 0xEE, 0x2B, 0x0E, 0x00, 0x96, 0x24, 0x93, 0x89, 0xC6, 0x06, 0xF0, 0xAC, 0x0F,
    0x49, 0xDB, 0xB5, 0xEA, 0x21, 0xB9, 0x9C, 0xED, 0x6B, 0xDB, 0x13, 0xDF, 0x7B, 0x3A, 0x85, 0xCA,
    0xCC, 0xC8, 0xE8, 0xA2, 0x49, 0xAA, 0x88, 0x3A, 0xD5, 0x2F, 0x70, 0x36, 0x5C, 0x6E, 0x76, 0x34,
    0x54, 0x7C, 0x83, 0x8A, 0xAA, 0xC8, 0x5D, 0x9D, 0x9C, 0x3F, 0xE1, 0x3B, 0x80, 0x97, 0x62, 0x14,
    0x15, 0x86, 0x78, 0xD0, 0xBE, 0xC9, 0xB8, 0xD7, 0xD0, 0xD6, 0x11, 0x7B, 0x53, 0x65, 0x53, 0x75,
    0x93, 0x4D, 0x56, 0x55, 0x5C, 0x3A, 0x41, 0x64, 0xD3, 0x0D, 0x27, 0x62, 0xCC, 0x5D, 0x56, 0x93,
    0x6E, 0x20, 0x36, 0x13, 0x83, 0x25, 0x68, 0x49, 0xC7, 0xD7, 0x95, 0xFF, 0xC0, 0x64, 0x01, 0x5D,
    0x00, 0xD7, 0x01, 0x12, 0x4B, 0x67, 0xDC, 0x87, 0xC8, 0x3A, 0x89, 0xA2, 0xEC, 0x9C, 0x9E, 0x7C,
    0xEE, 0x97, 0x7F, 0xC9, 0x73, 0x09, 0x5E, 0xB9, 0x03, 0x40, 0x60, 0x26, 0xB0, 0x10, 0x10, 0x0D,
    0x90, 0x1B, 0xA0, 0x12, 0x20, 0x2D, 0xCE, 0x3C, 0x35, 0xFD, 0x63, 0xEA, 0x96, 0xCD, 0x35, 0x95,
    0xFF, 0x02, 0xE5, 0x77, 0x3D, 0xB0, 0xE5, 0xC8, 0x75, 0x5E, 0xE3, 0x82, 0xEF, 0x41, 0x5C, 0xD8,
    0xC4, 0x06, 0x33, 0xB2, 0x6B, 0x5F, 0x00, 0x85, 0xB2, 0x5C, 0x2A, 0x28, 0x74, 0x20, 0x4D, 0x83,
    0xCB, 0x50, 0x01, 0xA7, 0x5C, 0xF3, 0xE8, 0x2A, 0x6D, 0xC0, 0xD4, 0x55, 0x1B, 0x4C, 0xE2, 0x40,
    0x89, 0x04, 0xD0, 0x0C, 0x14, 0x38, 0xE0, 0x54, 0xB9, 0x44, 0x07, 0x0A, 0xB8, 0x01, 0xED, 0xB2,
    0x56, 0x72, 0x8D, 0x43, 0x07, 0xE2, 0x00, 0xBB, 0x13, 0x28, 0x50, 0x40, 0x50, 0x2A, 0x2A, 0x90,
    0x03, 0xC1, 0xB5, 0xB3, 0x25, 0x2D, 0x37, 0x20, 0x44, 0x82, 0x5A, 0xBC, 0x25, 0x80, 0xF6, 0xF9,
    0xBE, 0xD3, 0x7D, 0x2F, 0xEE, 0xFB, 0x9B, 0x99, 0xE5, 0x52, 0x5A, 0xD9, 0x77, 0xE6, 0x9D, 0xD3,
    0xEF, 0x5D, 0xA0, 0xFB, 0xF4, 0xF9, 0xF9, 0xCE, 0x77, 0x8C, 0xE1, 0x27, 0x2E, 0x21, 0xB3, 0x9E,
    0x72, 0xA1, 0x74, 0xB5, 0xC8, 0xD4, 0x0D, 0x22, 0x23, 0x37, 0xE1, 0x4F, 0xA7, 0x93, 0xB9, 0xE6,
    0x53, 0x39, 0xF9, 0x74, 0x5B, 0x79, 0x0A, 0xD9, 0x1B, 0x79, 0x35, 0xEF, 0x20, 0x33, 0x95, 0x2D,
    0x64, 0x5A, 0x1B, 0x6E, 0x79, 0x2C, 0x9D, 0x9B, 0x37, 0x72, 0xA2, 0x1C, 0xCD, 0x75, 0x4F, 0x0E,
    0x26, 0xE1, 0x6E, 0xE9, 0xC0, 0x3D, 0x29, 0x8B, 0x21, 0xC2, 0x89, 0x43, 0xC1, 0x73, 0x37, 0x96,
    0xB4, 0xA6, 0x68, 0xE5, 0x41, 0x79, 0xC6, 0xCE, 0xC7, 0xD2, 0xD6, 0x7A, 0xD7, 0x97, 0xB8, 0x8B,
    0xDE, 0x22, 0xED, 0x0E, 0x36, 0xC4, 0x2F, 0x70, 0x97, 0x83, 0xBC, 0xEE, 0x2E, 0xF1, 0x95, 0xBB,
    0xE4, 0x37, 0xDE, 0x85, 0x52, 0x82, 0x12, 0x74, 0x73, 0xA4, 0x4B, 0x53, 0xB5, 0x72, 0x31, 0xE8,
    0xDA, 0xEB, 0x12, 0x5A, 0xAE, 0x6A, 0x54, 0x9F, 0x40, 0x3F, 0xC0, 0xC1, 0x70, 0xC0, 0x91, 0x5E,
    0x9A, 0x95, 0x1A, 0x07, 0x7B, 0xBD, 0x78, 0xED, 0xF4, 0xB9, 0x4A, 0x7C, 0x09, 0x9D, 0x7A, 0x1D,
    0x8B, 0x4F, 0xA0, 0x77, 0x78, 0x41, 0x74, 0xE4, 0xB5, 0xD9, 0xEA, 0x6A, 0xA5, 0x4E, 0xB1, 0x2B,
    0xC2, 0x24, 0x3A, 0x92, 0xF7, 0xA0, 0x77, 0xAE, 0xD3, 0xBC, 0xC3, 0x7E, 0xF2, 0x49, 0x98, 0x6D,
    0xC8, 0x3A, 0x1F, 0x88, 0xC5, 0xFF, 0x79, 0x52, 0xA5, 0x8F, 0x27, 0x8E, 0x76, 0x1A, 0xEC, 0x72,
    0xF8, 0xA4, 0xFA, 0x06, 0x36, 0xD8, 0x71, 0xBB, 0x9C, 0xB2, 0x11, 0x1F, 0x84, 0xCC, 0x5D, 0xCC,
    0x4B, 0x64, 0x2E, 0x63, 0x52, 0x31, 0x5B, 0xED, 0x55, 0x59, 0x42, 0x7E, 0xEE, 0x86, 0x78, 0xBE,
    0xBC, 0x8C, 0xDC, 0x85, 0xC8, 0x82, 0x8E, 0xAF, 0x36, 0xD2, 0x98, 0xD7, 0xD6, 0x47, 0xF8, 0x1A,
    0xA1, 0xCD, 0x18, 0x18, 0x98, 0x38, 0xE0, 0x42, 0xCD, 0x00, 0xB7, 0x15, 0x03, 0x9C, 0x95, 0x0F,
    0xB9, 0x5C, 0x2E, 0x63, 0x52, 0x67, 0xBD, 0x95, 0xDB, 0xBE, 0x52, 0x56, 0x23, 0xDE, 0x6F, 0x46,
    0x9F, 0x8E, 0x2B, 0xA5, 0xDB, 0xAC, 0xE5, 0x0D, 0xA7, 0xDF, 0xD2, 0x3B, 0x0D, 0xF3, 0xA0, 0x12,
    0xB9, 0x6B, 0xAD, 0x3C, 0x17, 0x0F, 0x56, 0xC2, 0x91, 0x8D, 0x39, 0x82, 0x35, 0xA6, 0x6E, 0xFD,
    0x8A, 0x93, 0x13, 0x59, 0x07, 0x0D, 0xED, 0x49, 0x58, 0xA3, 0xE6, 0xEE, 0x39, 0x2E, 0xD0, 0x7C,
    0x9B, 0xF6, 0xF7, 0x30, 0x75, 0x48, 0x20, 0x04, 0x3A, 0xEC, 0x50, 0xAC, 0x62, 0x9B, 0x58, 0x45,
    0x21, 0x96, 0x2D, 0x62, 0x98, 0x45, 0x48, 0x0A, 0x1C, 0x9D, 0xFB, 0x6B, 0x8D, 0x26, 0xA6, 0x69,
    0x0D, 0xDC, 0xCE, 0x44, 0x91, 0xE5, 0x04, 0xDC, 0x99, 0x73, 0xF1, 0xF4, 0x2C, 0x51, 0xAD, 0x66,
    0x89, 0x85, 0x85, 0xA8, 0xA6, 0x0A, 0x89, 0x54, 0xAD, 0x6F, 0x68, 0x65, 0x88, 0xB1, 0x72, 0xA1,
    0x33, 0xE7, 0x9E, 0x49, 0x76, 0x9F, 0xD3, 0x73, 0x9D, 0xFF, 0xA9, 0x4F, 0x03, 0x7E, 0x7C, 0x0A,
    0x3F, 0x88, 0x51, 0x71, 0xD8, 0xBB, 0x2B, 0xDA, 0xA2, 0x75, 0xC3, 0xE1, 0x9F, 0xAD, 0x6D, 0x7D,
    0x29, 0xAF, 0x7E, 0xDE, 0x76, 0xE0, 0xFE, 0x1D, 0x3C, 0x5E, 0xEF, 0x85, 0x11, 0x4F, 0x74, 0xBE,
    0xA2, 0xFE, 0x21, 0x04, 0x4B, 0x36, 0x45, 0x44, 0x59, 0xB4, 0x16, 0xA5, 0x09, 0xA0, 0x4B, 0x71,
    0x63, 0x8B, 0x0A, 0x2D, 0xF0, 0x65, 0xCA, 0x14, 0x23, 0x9C, 0x2D, 0xFB, 0xD5, 0xBC, 0x5F, 0xF1,
    0xDB, 0x93, 0x86, 0x48, 0x46, 0x0C, 0x6A, 0x03, 0x04, 0xBC, 0xF0, 0xAA, 0xDE, 0xAE, 0x50, 0x34,
    0x12, 0x81, 0x32, 0x63, 0xA2, 0x86, 0x15, 0xE0, 0xA2, 0x61, 0x19, 0xE1, 0x3C, 0x27, 0xAB, 0x88,
    0xD6, 0x60, 0x45, 0xCB, 0xA3, 0x15, 0xAB, 0x5C, 0x36, 0xDA, 0x2D, 0x58, 0x61, 0xCB, 0x78, 0x0E,
    0xAB, 0x24, 0xAC, 0x7E, 0x39, 0x1B, 0xA1, 0x24, 0xB7, 0x6D, 0x33, 0x60, 0xD5, 0x00, 0x1A, 0x3B,
    0xF3, 0x90, 0xFD, 0xAA, 0x72, 0x75, 0xAA, 0x65, 0x52, 0x39, 0x1E, 0x26, 0xAF, 0x16, 0x13, 0x57,
    0x62, 0xD5, 0x49, 0x79, 0x29, 0x3F, 0xDA, 0x4B, 0xAB, 0xBA, 0xA2, 0x13, 0x4E, 0xC5, 0xC6, 0x53,
    0x5F, 0x9E, 0xC3, 0x16, 0x2B, 0x3E, 0xF1, 0x8A, 0x9F, 0xB5, 0x0C, 0x2B, 0xDF, 0x5F, 0xDD, 0x1E,
    0x14, 0x9C, 0xF6, 0x4A, 0x7D, 0x23, 0x55, 0xFC, 0x33, 0xC0, 0xE8, 0x21, 0xEC, 0x72, 0xEB, 0x6A,
    0xA7, 0xFD, 0x51, 0xDF, 0xDD, 0xC9, 0x41, 0x3B, 0x36, 0x26, 0x29, 0xCE, 0xCE, 0x12, 0x72, 0xFC,
    0x2D, 0xE9, 0x21, 0xAE, 0xC4, 0x96, 0xCA, 0x1F, 0x7F, 0x58, 0x34, 0x57, 0x16, 0xE8, 0x68, 0x11,
    0x17, 0xB5, 0xB6, 0x30, 0xED, 0x69, 0x48, 0x34, 0x36, 0x35, 0x44, 0xF0, 0xD0, 0xD5, 0xF6, 0xED,
    0x6C, 0xBB, 0x78, 0xB8, 0x96, 0xA1, 0xB3, 0x8D, 0x66, 0xD3, 0xDA, 0xF6, 0xBD, 0x0D, 0xD1, 0x2F,
    0x98, 0x7B, 0xA1, 0xBB, 0x61, 0x91, 0x84, 0x45, 0xFC, 0xBC, 0x85, 0x34, 0xAA, 0x04, 0xF8, 0x93,
    0x6A, 0x4D, 0xB6, 0x84, 0x72, 0x77, 0xB4, 0x90, 0xCF, 0xE7, 0xD4, 0x9E, 0x7B, 0x94, 0x3B, 0xA7,
    0x64, 0x4B, 0x55, 0xE3, 0xF4, 0x6F, 0x8B, 0xB6, 0x43, 0x56, 0x41, 0xF4, 0xE8, 0x4A, 0xAF, 0xBA,
    0x7B, 0x7E, 0x5E, 0x46, 0x74, 0x65, 0x9B, 0x6A, 0xA6, 0x48, 0x97, 0x3B, 0x93, 0x50, 0x5A, 0x8D,
    0x1C, 0x52, 0x07, 0xDD, 0xE1, 0x6B, 0xE8, 0x4F, 0xB1, 0x63, 0x02, 0xA4, 0x33, 0x55, 0x36, 0x52,
    0xD9, 0x5E, 0x73, 0xA1, 0x3D, 0x52, 0xFE, 0x8F, 0x03, 0x1F, 0xA9, 0xF4, 0x05, 0xCB, 0xD2, 0x18,
    0x72, 0xDD, 0x85, 0x44, 0x10, 0xC8, 0xDE, 0x19, 0x6E, 0xCD, 0x48, 0x47, 0x9E, 0xD2, 0x08, 0x71,
    0x00, 0x2A, 0x09, 0xB0, 0xCB, 0x75, 0xDB, 0x5C, 0xB3, 0x39, 0x75, 0x13, 0x54, 0xA4, 0x65, 0x6E,
    0xEE, 0x96, 0x87, 0x6B, 0x24, 0x7E, 0x1D, 0xD8, 0x57, 0xEE, 0x43, 0x95, 0xAB, 0x33, 0xC4, 0x8D,
    0xFA, 0x45, 0xD4, 0x0C, 0xFA, 0xC5, 0xE9, 0x60, 0x6E, 0xFE, 0x54, 0xDA, 0x03, 0x86, 0x8D, 0x96,
    0x1E, 0xE3, 0x1E, 0xA1, 0x7C, 0xA2, 0x4B, 0xC0, 0x1B, 0x79, 0x9D, 0x78, 0x9D, 0x79, 0x6D, 0x43,
    0x3A, 0xAB, 0x8E, 0xBD, 0xCE, 0x66, 0xD5, 0x76, 0x50, 0xED, 0x5A, 0xEA, 0x1F, 0x3B, 0xDD, 0x4F,
    0xAE, 0xA6, 0xDA, 0x17, 0x41, 0x28, 0x1F, 0xE7, 0xCF, 0x5B, 0xBC, 0xBE, 0x6C, 0xC3, 0x18, 0x40,
    0x5C, 0x7C, 0x75, 0x64, 0x37, 0xB5, 0x31, 0xF7, 0x25, 0xA1, 0x25, 0x1B, 0x66, 0x83, 0x8E, 0x12,
    0x2F, 0xA0, 0x21, 0x92, 0x14, 0x5F, 0x44, 0xB4, 0xA2, 0x80, 0x68, 0x9A, 0x2A, 0xA7, 0xEE, 0xD1,
    0xAD, 0x5E, 0x59, 0x2A, 0x72, 0xC6, 0x45, 0xF6, 0x95, 0xD8, 0x4C, 0xB8, 0xF6, 0x0E, 0x8D, 0x42,
    0x48, 0x27, 0xFA, 0xED, 0x64, 0xD2, 0x85, 0x69, 0x9C, 0x49, 0x04, 0x8A, 0xC5, 0xE4, 0x23, 0x71,
    0xDC, 0x0E, 0xC4, 0x74, 0x3D, 0xB6, 0x46, 0xE4, 0x23, 0xF7, 0x0E, 0x33, 0xD4, 0xBD, 0x47, 0xEE,
    0x55, 0x7D, 0x34, 0x6B, 0xF9, 0x8C, 0x1A, 0xB6, 0x41, 0x53, 0xB9, 0xDB, 0x90, 0xB9, 0x1D, 0x9F,
    0x7F, 0x35, 0xE6, 0xF3, 0xBF, 0xCD, 0x24, 0x34, 0x8E, 0x6C, 0x24, 0xD2, 0x7C, 0x8B, 0x7C, 0x55,
    0x68, 0x01, 0xC2, 0x16, 0x36, 0x81, 0x32, 0x60, 0xA3, 0x67, 0xBB, 0xAD, 0xD7, 0x35, 0x00, 0xE3,
    0x44, 0x0E, 0xF4, 0x29, 0xA8, 0xE7, 0x7C, 0x46, 0x34, 0xB1, 0x8E, 0x15, 0xE0, 0x36, 0x2C, 0xFD,
    0xA0, 0x71, 0x4D, 0xA5, 0xB8, 0x07, 0xED, 0xC9, 0x42, 0x13, 0xB4, 0xAF, 0x89, 0x2A, 0xA0, 0x96,
    0xD7, 0x85, 0xD7, 0x91, 0xFF, 0xDE, 0xFA, 0x9A, 0x51, 0x9F, 0x6B, 0x82, 0xD3, 0xEB, 0x93, 0xE7,
    0xCA, 0xB3, 0xA7, 0xD0, 0x8B, 0xD7, 0xEA, 0xDE, 0xE2, 0x7F, 0xAB, 0xB6, 0x7F, 0xAA, 0x07, 0x57,
    0x5F, 0xF7, 0xDE, 0x57, 0xB2, 0x1C, 0x39, 0x65, 0xD3, 0xBB, 0x55, 0x37, 0x96, 0xAE, 0xC7, 0x58,
    0x49, 0xDC, 0xAA, 0x49, 0xB7, 0xE1, 0xC6, 0xF9, 0xA5, 0xA1, 0xA0, 0x0A, 0x68, 0xDD, 0x4A, 0xC2,
    0xD4, 0xBC, 0x55, 0x42, 0x7F, 0xC0, 0xA2, 0x8E, 0x49, 0x16, 0x8B, 0x85, 0x56, 0xAC, 0x93, 0xEE,
    0x58, 0xB2, 0x62, 0x36, 0xBA, 0x3A, 0xCC, 0x37, 0x83, 0xAE, 0x0F, 0x93, 0x96, 0xED, 0x0E, 0xB2,
    0xA0, 0xCC, 0xDB, 0x4B, 0x33, 0xD6, 0x07, 0xE5, 0x66, 0x52, 0x04, 0xF4, 0xF9, 0x77, 0x13, 0x39,
    0x12, 0x35, 0x39, 0x91, 0xC3, 0xB3, 0x48, 0xED, 0x46, 0xEA, 0x5F, 0xF8, 0x6D, 0x82, 0xC6, 0xE5,
    0x7C, 0x8F, 0x52, 0x7B, 0x26, 0xA3, 0xBD, 0xE9, 0xE4, 0x8F, 0xDC, 0x07, 0x7A, 0xC1, 0x9E, 0x72,
    0xF1, 0x97, 0x96, 0xE2, 0x39, 0x23, 0xCC, 0xEE, 0x3C, 0xE6, 0x6E, 0xA5, 0xC2, 0x2F, 0xD1, 0x77,
    0xBD, 0x34, 0xC5, 0xEE, 0xFB, 0x2C, 0x9E, 0x3C, 0x63, 0x7F, 0xDD, 0xED, 0x1B, 0xE8, 0x75, 0xFF,
    0xB5, 0xA3, 0x4A, 0x37, 0xDA, 0x77, 0x52, 0xED, 0xA2, 0xDA, 0x41, 0x3F, 0xBE, 0x71, 0x72, 0x69,
    0x0F, 0x93, 0xCB, 0xD1, 0xFC, 0x52, 0xFF, 0x83, 0x4E, 0x2E, 0x9E, 0xE1, 0xD9, 0x8D, 0x9A, 0xCC,
    0x2B, 0x4E, 0x59, 0x90, 0xE7, 0x6D, 0xD7, 0xAA, 0xCA, 0x2B, 0x25, 0x74, 0x8D, 0x2A, 0x57, 0xAA,
    0x32, 0x1B, 0x15, 0xA9, 0xDA, 0xAD, 0xCA, 0xD3, 0x96, 0x0D, 0x5D, 0x43, 0xDE, 0x42, 0x29, 0x51,
    0x93, 0x21, 0x89, 0xAA, 0xEA, 0xA1, 0xE8, 0x23, 0xF7, 0xAC, 0x71, 0xD7, 0x7D, 0x98, 0xFB, 0xAE,
    0x41, 0x29, 0xC4, 0x6B, 0x05, 0x3C, 0x8B, 0x17, 0x8B, 0x02, 0xD9, 0x79, 0x35, 0x53, 0x45, 0x73,
    0xC1, 0x72, 0x9C, 0x4F, 0x58, 0x54, 0x77, 0x6E, 0x88, 0x04, 0xF3, 0x38, 0x67, 0xEE, 0x66, 0x2A,
    0x19, 0x89, 0xB4, 0xBE, 0xCE, 0x9B, 0x2C, 0xB0, 0xBD, 0x3C, 0xE4, 0xCD, 0x75, 0x7E, 0x4F, 0xB8,
    0x5B, 0xCA, 0x44, 0xC9, 0x28, 0x8B, 0x21, 0xA2, 0xFD, 0xC5, 0xA1, 0xA2, 0xD4, 0x92, 0xD6, 0x3C,
    0x29, 0xA3, 0xF3, 0xF3, 0x07, 0x26, 0xEF, 0xA5, 0x2C, 0xBB, 0x18, 0x07, 0x08, 0xD6, 0x4A, 0x55,
    0xCA, 0x72, 0x42, 0x77, 0x8E, 0xDD, 0x1C, 0x3D, 0x76, 0xB5, 0x28, 0x79, 0x60, 0x55, 0x8E, 0x2B,
    0xC7, 0xBF, 0x4E, 0xF7, 0xE6, 0xD3, 0xAB, 0x04, 0x2D, 0x74, 0x05, 0x22, 0x8F, 0xED, 0x40, 0x78,
    0x89, 0x1D, 0x39, 0x66, 0x4F, 0x6D, 0xD9, 0xE9, 0x94, 0x39, 0x85, 0x7A, 0x8E, 0x72, 0x1E, 0x84,
    0x36, 0x4B, 0x52, 0xE2, 0xD5, 0x77, 0xF9, 0xC0, 0xBA, 0xA4, 0x1E, 0xE5, 0x35, 0x05, 0xA2, 0x46,
    0x76, 0xD8, 0x69, 0x07, 0x01, 0xDB, 0x88, 0x7C, 0x28, 0x7A, 0x1C, 0x31, 0x71, 0x03, 0xD8, 0x50,
    0x2D, 0x04, 0x23, 0x24, 0x85, 0x65, 0xCE, 0x38, 0xB5, 0x57, 0xB6, 0x68, 0x68, 0x3A, 0xA8, 0xC3,
    0x4E, 0xCE, 0xCC, 0xDD, 0xA3, 0x98, 0xCD, 0x62, 0x94, 0xEA, 0x99, 0xC1, 0xF3, 0x0B, 0xD7, 0x25,
    0xBC, 0x3C, 0x4A, 0xA9, 0xE4, 0x52, 0xC8, 0x53, 0xF4, 0xC0, 0xC3, 0xAB, 0xE8, 0xE8, 0xF1, 0x33,
    0xDF, 0x38, 0x31, 0xDB, 0xBA, 0xD1, 0xA3, 0x5E, 0xB6, 0x72, 0xEF, 0x01, 0x83, 0x41, 0xC6, 0x4C,
    0xCA, 0x98, 0x48, 0x69, 0x07, 0x29, 0xB8, 0x9C, 0xAF, 0x07, 0xBE, 0x59, 0xB1, 0x83, 0xE2, 0x1E,
    0x29, 0xDB, 0x1C, 0xCF, 0x61, 0x7F, 0xD0, 0x61, 0xA7, 0xD4, 0xAB, 0x68, 0x9F, 0x4C, 0x5A, 0xC8,
    0x1C, 0x38, 0xD9, 0x4A, 0xCF, 0x05, 0xA5, 0x83, 0x51, 0x62, 0xC2, 0xEF, 0x8B, 0xAF, 0x2C, 0xD3,
    0x00, 0x36, 0x74, 0x68, 0x96, 0xE4, 0xB9, 0xE7, 0xE5, 0xFF, 0x8B, 0x7C, 0xE7, 0x8E, 0xEF, 0x6E,
    0x8D, 0x67, 0x84, 0xAE, 0xCC, 0x35, 0xD3, 0xE1, 0x15, 0x9D, 0x05, 0x3A, 0x3F, 0x2B, 0xD6, 0xCA,
    0x2D, 0xA6, 0xFF, 0x8F, 0xF8, 0xE0, 0x0B, 0x93, 0x7E, 0xE3, 0xDB, 0xCE, 0x27, 0x21, 0xFD, 0x56,
    0x5F, 0x28, 0x9E, 0x4F, 0xFA, 0xCD, 0xCB, 0x91, 0x7E, 0x7B, 0xB5, 0x0F, 0x8C, 0xE6, 0xA4, 0x51,
    0x1A, 0x7B, 0x5B, 0x1F, 0x08, 0xAA, 0xDE, 0xAA, 0x4A, 0xFB, 0x40, 0xE3, 0x95, 0xB9, 0xA6, 0x2B,
    0x5C, 0xDB, 0x0E, 0x50, 0x47, 0xE6, 0xD7, 0xB4, 0x1D, 0x3C, 0x69, 0x58, 0xC4, 0xC8, 0xA9, 0xC2,
    0x3D, 0x12, 0xEF, 0xA1, 0x46, 0x09, 0x7C, 0x6E, 0xAE, 0x58, 0xF4, 0xB3, 0xB2, 0x50, 0x94, 0x2D,
    0x52, 0x83, 0x1D, 0x18, 0xE5, 0x09, 0x7F, 0x2B, 0x2C, 0x48, 0xD1, 0x4B, 0x00, 0xF0, 0x23, 0xBF,
    0xCD, 0xB2, 0xCF, 0xA8, 0x0B, 0xAB, 0x0B, 0xE1, 0x0A, 0xA0, 0x4F, 0xF9, 0x87, 0x12, 0x36, 0xF0,
    0xA7, 0xFC, 0x6F, 0xE4, 0xBC, 0x42, 0x16, 0xC5, 0x7B, 0x58, 0x80, 0x6C, 0xFF, 0xB9, 0xFB, 0xDA,
    0x82, 0x85, 0xFD, 0x9E, 0x7B, 0x77, 0xE6, 0xA2, 0x73, 0x4F, 0xE7, 0x5C, 0x17, 0x7F, 0x31, 0x72,
    0xD1, 0x56, 0x1F, 0x0E, 0xBA, 0x90, 0x7C, 0xCC, 0x16, 0xF4, 0x46, 0xEB, 0x3A, 0x5D, 0x48, 0x0E,
    0x60, 0xD1, 0x88, 0x97, 0x5A, 0x41, 0x28, 0x59, 0x48, 0x72, 0x60, 0x81, 0xFB, 0xF0, 0xD2, 0x80,
    0x74, 0xBF, 0x60, 0x8F, 0x2C, 0x73, 0xB9, 0xE4, 0xDF, 0x4A, 0x31, 0xCD, 0x16, 0x19, 0x09, 0x5C,
    0xB4, 0x80, 0x64, 0x2C, 0x24, 0x68, 0xBD, 0xCF, 0xBD, 0xCE, 0x6B, 0xC9, 0x32, 0xB4, 0x31, 0xC9,
    0xCD, 0xC6, 0xE7, 0xAD, 0x9D, 0x3F, 0x81, 0x76, 0xFB, 0x96, 0x76, 0xBD, 0xFE, 0x64, 0xFB, 0x92,
    0x76, 0x54, 0x00, 0x75, 0xD7, 0xA5, 0xC7, 0x76, 0x53, 0x1B, 0xF3, 0xDA, 0xFA, 0x48, 0x87, 0x8C,
    0xD5, 0xB7, 0x9C, 0x5E, 0x09, 0xD3, 0x84, 0x7A, 0x43, 0x9F, 0x4B, 0x24, 0xB9, 0xAD, 0xF2, 0x0A,
    0xC9, 0x73, 0xB8, 0x59, 0x98, 0x2B, 0x8E, 0x10, 0xE2, 0x6A, 0x47, 0xB8, 0xA5, 0x07, 0x98, 0x0B,
    0x42, 0x34, 0x5A, 0x22, 0xEE, 0x36, 0xC5, 0x42, 0xEB, 0x91, 0x0F, 0x91, 0xEB, 0x9A, 0x19, 0xAA,
    0xAD, 0xB8, 0x59, 0x6B, 0x57, 0x6C, 0x5D, 0x02, 0xFB, 0xD9, 0xAB, 0x3A, 0x5C, 0x20, 0x71, 0xEB,
    0x57, 0x58, 0xF7, 0x5A, 0x8F, 0x56, 0xED, 0x3C, 0xD5, 0xAA, 0x34, 0x77, 0x1F, 0x04, 0x6E, 0x1D,
    0xDA, 0xF8, 0x41, 0xD7, 0x4A, 0x60, 0xA6, 0x23, 0x0C, 0xF9, 0x2C, 0xFC, 0x20, 0x26, 0x91, 0xFB,
    0x09, 0x63, 0x52, 0xA8, 0xBD, 0x47, 0x3F, 0x77, 0x1F, 0xBB, 0xB5, 0x36, 0x7B, 0x8A, 0x2D, 0x39,
    0x58, 0x04, 0xBA, 0x9A, 0x93, 0x0E, 0xC7, 0x24, 0x4C, 0xD1, 0xAD, 0x74, 0x38, 0xE1, 0xF3, 0x0F,
    0x95, 0xEC, 0x6F, 0x29, 0xF6, 0x23, 0xC8, 0x6F, 0x3F, 0x9F, 0xB4, 0x8E, 0x9A, 0x0E, 0x1D, 0xFD,
    0xDB, 0x07, 0x69, 0xCC, 0x2F, 0x22, 0x5F, 0x22, 0x8E, 0x11, 0x39, 0xAD, 0x82, 0x89, 0x2D, 0xB0,
    0x59, 0xFA, 0xB4, 0xFC, 0xB1, 0x62, 0x95, 0x49, 0xDD, 0xA1, 0x1E, 0x6B, 0xE4, 0xC9, 0x3D, 0x63,
    0xC7, 0xD0, 0xF2, 0xA5, 0xFE, 0x9E, 0x7F, 0xAC, 0x12, 0x19, 0xD3, 0x28, 0x51, 0x50, 0xD2, 0x40,
    0x42, 0x50, 0xC0, 0x84, 0xFB, 0x02, 0x2B, 0x6F, 0x3F, 0xEE, 0x13, 0xC6, 0xDA, 0xE7, 0x45, 0x45,
    0x98, 0x3C, 0xE5, 0x1D, 0xA5, 0xF9, 0xFB, 0xB2, 0xB9, 0xEE, 0x53, 0x62, 0xB4, 0x71, 0xE6, 0x20,
    0x1B, 0xC8, 0xF5, 0x57, 0x21, 0xA7, 0x40, 0x4E, 0x3E, 0x2D, 0x59, 0xC9, 0x78, 0x04, 0x38, 0x9C,
    0xD8, 0x92, 0x67, 0xA6, 0xEF, 0xC4, 0x81, 0xAE, 0x71, 0x93, 0xCE, 0x77, 0x53, 0xC3, 0x61, 0xA5,
    0x07, 0x1F, 0x13, 0x3C, 0x42, 0xF0, 0x52, 0x85, 0x91, 0x6C, 0x02, 0xD9, 0x03, 0x27, 0xC7, 0x6E,
    0x68, 0x4D, 0xD2, 0x74, 0x40, 0x28, 0x81, 0xC9, 0x35, 0x4A, 0xE5, 0x8B, 0x8E, 0xF4, 0xE8, 0xEB,
    0x0B, 0x0B, 0xF8, 0x4F, 0x79, 0xA4, 0xFB, 0xA1, 0xFA, 0x5A, 0xDD, 0x69, 0x95, 0x33, 0x66, 0x4A,
    0x07, 0x52, 0x25, 0x93, 0x9E, 0x7F, 0xB2, 0xF5, 0x99, 0x21, 0x1F, 0x39, 0xCE, 0x2A, 0x95, 0x77,
    0x9E, 0x71, 0xD1, 0xDB, 0x3B, 0x52, 0xA9, 0x10, 0x13, 0xF4, 0x28, 0xE3, 0x09, 0xF8, 0x91, 0xE2,
    0x43, 0x89, 0x1E, 0xA4, 0x1C, 0xF5, 0x54, 0xD3, 0xAC, 0x61, 0xE6, 0x25, 0x5A, 0x94, 0xB9, 0xFB,
    0xBA, 0x7B, 0xD7, 0x8D, 0x76, 0x91, 0x47, 0x9A, 0xB9, 0x9A, 0x51, 0xEF, 0x0B, 0xB8, 0x35, 0x5B,
    0x79, 0x0C, 0xD2, 0x7A, 0x49, 0xE9, 0x77, 0xFE, 0x49, 0xBB, 0xF2, 0x3D, 0xBF, 0x8B, 0xDF, 0xD3,
    0x9F, 0x10, 0xCE, 0xF3, 0xA7, 0x07, 0x95, 0x73, 0xE2, 0xBA, 0x64, 0xEE, 0xDB, 0x6F, 0xFF, 0x21,
    0x23, 0x22, 0x3B, 0x01, 0x62, 0xDC, 0x24, 0x71, 0x21, 0x03, 0xCD, 0xB0, 0x51, 0x83, 0xA9, 0xB5,
    0xC3, 0xAB, 0xD2, 0x12, 0x18, 0xBA, 0x2E, 0x5D, 0xB9, 0x23, 0xDB, 0x0B, 0x12, 0x53, 0x89, 0x56,
    0xB5, 0xE8, 0x19, 0x85, 0x7A, 0x8A, 0x9D, 0x4C, 0x8F, 0x56, 0xC2, 0x15, 0x79, 0x9F, 0xED, 0x7C,
    0x7F, 0x4F, 0x3C, 0x8F, 0xCF, 0x3D, 0x31, 0xB3, 0x3F, 0xF6, 0x0C, 0xFE, 0x7B, 0x7C, 0x70, 0xE7,
    0x6A, 0x26, 0xBB, 0x24, 0x80, 0x25, 0x0C, 0x83, 0xDD, 0xA2, 0xED, 0x4F, 0x84, 0xC1, 0x88, 0xDD,
    0x75, 0xE4, 0xDB, 0x9E, 0xEC, 0xB4, 0x4E, 0x75, 0x0D, 0x0D, 0xD0, 0xF0, 0x1A, 0x7F, 0x27, 0xF5,
    0x81, 0x63, 0x4E, 0x48, 0xEC, 0xC9, 0x49, 0xD4, 0x29, 0x9F, 0x11, 0xBD, 0x63, 0xF8, 0x3E, 0x2E,
    0xAD, 0x9F, 0x25, 0xAB, 0x4B, 0xDA, 0xE7, 0x59, 0xEF, 0x75, 0x77, 0xAC, 0x75, 0xA6, 0x02, 0xC4,
    0xA8, 0xB6, 0xB5, 0xD7, 0x3E, 0x3F, 0x4F, 0x80, 0x06, 0xEF, 0x4A, 0x5E, 0x8A, 0x7A, 0xAA, 0xEA,
    0x4B, 0x12, 0xE8, 0x53, 0x09, 0x0D, 0xE1, 0x50, 0x67, 0xDC, 0x17, 0x51, 0x64, 0x41, 0x80, 0x21,
    0xA8, 0x0A, 0xBC, 0xC0, 0x28, 0x31, 0xF3, 0xB3, 0x99, 0x1F, 0xDC, 0xE4, 0xCC, 0x37, 0x7F, 0xF0,
    0x65, 0x0D, 0x70, 0xF6, 0x7C, 0xC5, 0xC8, 0x86, 0x41, 0x25, 0x56, 0x95, 0xA8, 0x9D, 0x7F, 0xE6,
    0xDC, 0x8F, 0x74, 0xF5, 0x0D, 0xE7, 0xDE, 0xD3, 0xD5, 0x6F, 0x3A, 0xF7, 0xE7, 0x62, 0x3E, 0x62,
    0x29, 0x7D, 0x1C, 0x2F, 0x83, 0x76, 0xCF, 0xC1, 0xD0, 0x7F, 0x1A, 0xAB, 0x5D, 0x80, 0xDF, 0x67,
    0x36, 0xAC, 0x96, 0xEA, 0xFA, 0x95, 0xF7, 0x81, 0x39, 0x38, 0xC1, 0x1C, 0xBC, 0x60, 0x36, 0x6E,
    0xD8, 0x9C, 0xF3, 0x4F, 0x78, 0xB9, 0xF7, 0xCC, 0x07, 0xC6, 0x1E, 0x9A, 0x54, 0x75, 0xED, 0x32,
    0x0C, 0x6E, 0x89, 0xDB, 0xCF, 0x70, 0xF1, 0xF5, 0xCB, 0x75, 0xBF, 0xDC, 0x2D, 0xFB, 0x65, 0x74,
    0x58, 0x9A, 0xF9, 0xB0, 0xBC, 0x63, 0x74, 0xD6, 0x30, 0xBE, 0xF6, 0x9C, 0x72, 0x40, 0x85, 0x56,
    0xC3, 0x86, 0x89, 0x99, 0x61, 0xAB, 0x9E, 0xA8, 0xBA, 0xE3, 0xDB, 0xDC, 0x5E, 0x49, 0x4D, 0x53,
    0x31, 0xA7, 0x2D, 0x39, 0x02, 0x55, 0x8F, 0x47, 0x80, 0x60, 0xEC, 0xB8, 0xDA, 0x66, 0x41, 0xFA,
    0xD0, 0xD7, 0xAE, 0x53, 0x0D, 0x1F, 0xD9, 0xC1, 0x9A, 0x86, 0xAF, 0xA7, 0x6E, 0x4F, 0x38, 0x16,
    0x16, 0x9F, 0x12, 0xA4, 0x8E, 0xEE, 0x03, 0xEC, 0x85, 0x45, 0x89, 0xC5, 0xA2, 0xF0, 0x9B, 0x90,
    0x2C, 0xF9, 0x86, 0xF0, 0x72, 0x0B, 0x89, 0x86, 0x5F, 0xC8, 0x4E, 0x7E, 0xB1, 0x86, 0x05, 0x9A,
    0x83, 0x27, 0x63, 0xBA, 0x10, 0x3E, 0xA6, 0x8B, 0x88, 0xBD, 0x4B, 0x69, 0xD8, 0x4D, 0x8B, 0x5D,
    0x78, 0x38, 0x75, 0x6D, 0xCC, 0x89, 0x49, 0x36, 0x3C, 0xD3, 0xC2, 0x58, 0x23, 0xBD, 0x05, 0x9E,
    0xE2, 0xE2, 0x22, 0xDC, 0x4B, 0x09, 0x98, 0x92, 0xB1, 0x7A, 0xDF, 0x5F, 0x9E, 0x43, 0xE1, 0x54,
    0x32, 0x28, 0xEA, 0x38, 0xF5, 0xA2, 0x06, 0x18, 0x14, 0x71, 0xA4, 0x61, 0x13, 0xA4, 0x84, 0x43,
    0x93, 0xF2, 0x92, 0xE4, 0xB7, 0x89, 0x1A, 0x24, 0x7C, 0x7F, 0x9F, 0x92, 0xA4, 0xA6, 0xA0, 0x37,
    0xBF, 0xF8, 0xE4, 0x91, 0x66, 0x71, 0x49, 0x9A, 0x3A, 0x32, 0xE0, 0x32, 0xD7, 0x09, 0x57, 0x91,
    0xDC, 0x01, 0x92, 0xB6, 0xB6, 0x13, 0xD7, 0xF5, 0x16, 0xD1, 0x1A, 0x0A, 0xB4, 0x81, 0x31, 0x6D,
    0x2F, 0x91, 0xBC, 0x99, 0x50, 0x3A, 0x73, 0xA3, 0x99, 0xF4, 0x72, 0x66, 0xEC, 0xF5, 0x5B, 0x7D,
    0x72, 0xD2, 0x4B, 0xA5, 0x94, 0x82, 0xFA, 0x3B, 0x19, 0x20, 0x3A, 0x30, 0x0F, 0x39, 0xB4, 0x00,
    0x97, 0xFA, 0x8A, 0x62, 0x85, 0x76, 0x4A, 0xCD, 0x89, 0x0B, 0xCF, 0x07, 0xFD, 0xE7, 0xCD, 0x0F,
    0x3C, 0x91, 0x25, 0xB3, 0xAD, 0x3C, 0x87, 0xC0, 0x5C, 0xBA, 0x96, 0x1E, 0xCB, 0x09, 0xFE, 0xF5,
    0x43, 0x0D, 0x9A, 0xCC, 0x9B, 0xA9, 0x66, 0x91, 0x50, 0xD8, 0x9D, 0x32, 0x6C, 0x10, 0x58, 0xEF,
    0xB9, 0xDE, 0xA8, 0x7F, 0x48, 0x1A, 0x9A, 0x99, 0xD1, 0x6D, 0x8D, 0xFA, 0x92, 0x0D, 0x8F, 0x34,
    0xD3, 0xBD, 0xD8, 0xCA, 0xBF, 0x31, 0x71, 0xD5, 0xED, 0x57, 0x3D, 0x89, 0x33, 0x76, 0x1E, 0x48,
    0x9E, 0x71, 0xDA, 0xC8, 0x6E, 0x08, 0x0B, 0xE0, 0x31, 0x5A, 0x2A, 0xD4, 0x25, 0x41, 0x6F, 0x80,
    0xFF, 0xDF, 0x6F, 0x56, 0x5E, 0x30, 0x0B, 0x71, 0xEA, 0x77, 0x6E, 0x7F, 0xDF, 0x87, 0x2E, 0xC0,
    0x40, 0x74, 0x4E, 0x44, 0x39, 0x63, 0xD9, 0x47, 0x5A, 0xFD, 0xA9, 0x26, 0x47, 0xA1, 0xD5, 0x6F,
    0xB5, 0xFA, 0x1B, 0x2D, 0x4C, 0xEC, 0x3D, 0x07, 0xEC, 0xDA, 0x2B, 0xFD, 0xA3, 0x7F, 0xC4, 0x3A,
    0x32, 0xFE, 0x5C, 0xE3, 0xA7, 0x21, 0xA5, 0xC7, 0x67, 0x05, 0x84, 0x99, 0x03, 0x80, 0xE5, 0xD8,
    0xD7, 0x59, 0x3F, 0xF6, 0xCD, 0x68, 0x8D, 0x3C, 0xA8, 0x50, 0x7C, 0x11, 0x80, 0xE7, 0xE8, 0x3A,
    0x81, 0xFC, 0x27, 0xA8, 0x14, 0xC9, 0x1B, 0x25, 0x8A, 0x96, 0x37, 0x1B, 0xA2, 0xFB, 0x9B, 0x2B,
    0x54, 0xF2, 0x20, 0x18, 0x21, 0x8F, 0x2D, 0xED, 0xFA, 0x55, 0xD9, 0x13, 0xE4, 0x31, 0x55, 0x8F,
    0x42, 0x9C, 0x3E, 0xC6, 0x88, 0xE2, 0xC8, 0x2B, 0xC9, 0x9B, 0x84, 0x2C, 0x81, 0x89, 0x92, 0x64,
    0xD2, 0xF3, 0x2A, 0x96, 0x87, 0xEE, 0x19, 0x10, 0x67, 0xB1, 0x6E, 0x76, 0xB3, 0x70, 0xF2, 0x6A,
    0x30, 0xE7, 0xC2, 0x28, 0xF6, 0x9F, 0x7F, 0x86, 0x43, 0xBF, 0x83, 0xD4, 0x5C, 0x41, 0x1F, 0x41,
    0xDD, 0xC5, 0x9F, 0xB8, 0x67, 0xEC, 0xBE, 0xFF, 0xB8, 0x27, 0xC3, 0xCE, 0xE0, 0xE0, 0x82, 0x37,
    0x9E, 0x1E, 0x3E, 0x63, 0x3D, 0xB0, 0x64, 0x7A, 0xEC, 0x3C, 0xA2, 0xC8, 0x67, 0x38, 0x6F, 0x41,
    0x7E, 0xAD, 0x22, 0x70, 0x21, 0x6C, 0x36, 0x06, 0xD1, 0x80, 0xF6, 0x49, 0x12, 0xE5, 0xAB, 0x54,
    0x51, 0xB1, 0x88, 0x57, 0xAA, 0x39, 0x73, 0x7F, 0x89, 0x3A, 0xF4, 0x23, 0x0F, 0x6A, 0x6D, 0xC4,
    0xF5, 0xE9, 0xDC, 0x0B, 0x66, 0x3D, 0x8B, 0x53, 0xEE, 0x23, 0xBE, 0x13, 0x91, 0xED, 0x45, 0x3E,
    0x22, 0x0E, 0x1D, 0x44, 0x0B, 0x21, 0x17, 0x95, 0x8A, 0xC2, 0x17, 0x97, 0x9E, 0xC3, 0xDF, 0x9A,
    0x11, 0xA1, 0xEF, 0x2B, 0x4F, 0x23, 0xFF, 0x96, 0x3B, 0xF7, 0x07, 0x81, 0xFC, 0x00, 0x7E, 0x15,
    0x5D, 0x10, 0x39, 0x44, 0x06, 0x28, 0xFB, 0xBC, 0xD9, 0xFB, 0xFB, 0x66, 0x91, 0x23, 0xAF, 0x08,
    0xD4, 0x14, 0x2C, 0x80, 0x99, 0xC9, 0x37, 0x11, 0xEB, 0x05, 0x2A, 0x66, 0xF4, 0xC5, 0xAB, 0x32,
    0x99, 0x20, 0x53, 0xCA, 0x6C, 0xA4, 0x1C, 0x20, 0x73, 0xCA, 0xA2, 0x87, 0xB4, 0x2D, 0x19, 0x5B,
    0x4D, 0xCA, 0x51, 0x8A, 0x7C, 0x48, 0x5A, 0x71, 0x34, 0x01, 0x4A, 0x41, 0xA5, 0xAB, 0x00, 0x87,
    0x49, 0x56, 0x50, 0xC8, 0x78, 0xB1, 0x90, 0x33, 0x68, 0xA4, 0x48, 0x31, 0x69, 0x37, 0x17, 0x08,
    0xB5, 0xC0, 0xCD, 0x39, 0x29, 0xFE, 0xC4, 0xE2, 0x60, 0x8A, 0xC9, 0xF6, 0xDF, 0x74, 0x9D, 0xC4,
    0xB6, 0xE9, 0x05, 0x10, 0xEC, 0x20, 0xE9, 0x61, 0x07, 0x98, 0x3D, 0xB8, 0x23, 0xD1, 0x13, 0x7B,
    0x09, 0xD2, 0x84, 0xAD, 0x4A, 0x1B, 0xE2, 0xFB, 0x6F, 0xF4, 0xC8, 0x51, 0xCE, 0xAE, 0x2D, 0x73,
    0x88, 0x19, 0xAC, 0xD9, 0x2C, 0x32, 0x03, 0x20, 0xB4, 0x19, 0xD8, 0x3F, 0x16, 0x16, 0x44, 0x47,
    0x98, 0x7C, 0xDD, 0x60, 0xD1, 0xE5, 0xE2, 0xA7, 0xC5, 0x7C, 0xA1, 0x19, 0x10, 0xAE, 0x3F, 0xA6,
    0x13, 0xE6, 0x04, 0x69, 0x26, 0xFE, 0x99, 0xB3, 0x81, 0x1D, 0x3E, 0x9B, 0x8B, 0x4E, 0xD9, 0xE5,
    0x7E, 0x94, 0x53, 0x42, 0x9D, 0xBA, 0xC7, 0x2B, 0x4D, 0xC9, 0xE4, 0x19, 0x0E, 0x33, 0x16, 0x6F,
    0x21, 0x5F, 0x2B, 0xEC, 0xA3, 0x84, 0x0A, 0x3B, 0xB7, 0xF2, 0x52, 0x97, 0xCD, 0x91, 0x02, 0x61,
    0xC1, 0xD1, 0xC4, 0xAA, 0x3D, 0x8E, 0xD0, 0x06, 0x2F, 0x94, 0x27, 0x6A, 0xF3, 0x03, 0x4D, 0xC2,
    0x08, 0xE1, 0x43, 0x6D, 0x31, 0xDB, 0x5B, 0x7B, 0x21, 0xF8, 0x59, 0x84, 0xA8, 0xD7, 0x3A, 0x79,
    0x5A, 0x00, 0x8F, 0x25, 0x09, 0xC0, 0xC5, 0x73, 0xA7, 0x13, 0x56, 0x7B, 0x42, 0x10, 0x80, 0x68,
    0xEA, 0x44, 0xAE, 0x2B, 0xEF, 0x96, 0x0D, 0x4A, 0xCB, 0x3A, 0x2D, 0x6C, 0x79, 0xFF, 0xEE, 0x7D,
    0x8E, 0xB4, 0x19, 0x18, 0x22, 0x64, 0xE1, 0xBA, 0x53, 0xE6, 0xBA, 0x41, 0x4E, 0xCB, 0xF1, 0x90,
    0x6C, 0xA8, 0x12, 0x2F, 0x48, 0xE6, 0x7A, 0xBC, 0x42, 0xE6, 0x23, 0x64, 0xD5, 0x32, 0xFB, 0xF9,
    0xFC, 0x44, 0xD9, 0x53, 0x96, 0xBA, 0x83, 0x01, 0xBC, 0x3C, 0x4A, 0xDC, 0xB4, 0x3D, 0xC5, 0xE4,
    0x75, 0xDA, 0x31, 0xA9, 0xC4, 0x83, 0xB6, 0xCB, 0x21, 0x07, 0x0C, 0x80, 0xEC, 0x1E, 0xC0, 0xCA,
    0x7A, 0xDF, 0x97, 0x2E, 0x7F, 0x2A, 0x40, 0x16, 0xF6, 0xB1, 0xB0, 0xB6, 0x4E, 0x7F, 0x6E, 0xD6,
    0xF2, 0x94, 0xDE, 0x2A, 0xAA, 0x9F, 0x88, 0xD3, 0x24, 0x39, 0x05, 0x0A, 0xC0, 0x9E, 0xAC, 0x9B,
    0x04, 0x3D, 0x4F, 0x11, 0x2F, 0x69, 0x15, 0x6D, 0xB1, 0xBE, 0x65, 0xD8, 0x8C, 0x0D, 0x5C, 0x2D,
    0xF2, 0x1D, 0x52, 0x51, 0xA5, 0x79, 0x5A, 0x8C, 0x1F, 0x72, 0x4A, 0x6B, 0xD9, 0xD8, 0xDA, 0x06,
    0x6D, 0x86, 0xF0, 0x8C, 0x77, 0x21, 0x25, 0xEE, 0x29, 0xF6, 0xD4, 0xFD, 0x47, 0x9E, 0xC5, 0xDB,
    0x9F, 0x68, 0xF7, 0x1C, 0x54, 0xFA, 0xEC, 0xD3, 0xF2, 0xBC, 0x2A, 0xB5, 0x60, 0xF3, 0xFE, 0x50,
    0xB6, 0x45, 0xC7, 0xE2, 0xA5, 0xAC, 0x50, 0xC2, 0xAF, 0x36, 0x90, 0xBF, 0xCB, 0x12, 0x16, 0x37,
    0x40, 0x0A, 0xA9, 0x93, 0xB2, 0x92, 0x44, 0x95, 0x39, 0x11, 0x05, 0x34, 0x9C, 0x78, 0xCE, 0x09,
    0x82, 0x36, 0xCB, 0x55, 0xC5, 0xA3, 0xF3, 0x99, 0x03, 0xAB, 0x96, 0x76, 0x89, 0x36, 0x01, 0xB2,
    0x26, 0xDF, 0x43, 0x09, 0xFE, 0x8A, 0x6A, 0xDA, 0x05, 0xCA, 0xBE, 0x33, 0x43, 0x15, 0xEF, 0x4D,
    0x50, 0xF9, 0x47, 0x03, 0x54, 0x26, 0x9B, 0x8B, 0x02, 0x9B, 0x10, 0x25, 0x49, 0x0B, 0xB5, 0x43,
    0x04, 0x84, 0xF4, 0x7A, 0xF5, 0x1D, 0x51, 0x20, 0x95, 0xA7, 0xB8, 0xBA, 0x80, 0x37, 0x8E, 0x1D,
    0xE0, 0x71, 0xE9, 0x40, 0x02, 0x9B, 0xC6, 0x2B, 0x0B, 0x6A, 0x38, 0x21, 0xA1, 0xB5, 0x98, 0x6E,
    0x53, 0x74, 0xD4, 0x65, 0xF5, 0xDC, 0xF7, 0x72, 0x61, 0x50, 0xE4, 0x3A, 0xDB, 0x63, 0x05, 0xAE,
    0x4A, 0x8F, 0xAF, 0xC0, 0x51, 0x60, 0xCC, 0x00, 0xB8, 0x9A, 0x01, 0x57, 0x8B, 0xB0, 0x09, 0xBB,
    0x56, 0x60, 0x46, 0xCD, 0xA1, 0xE3, 0x1C, 0x84, 0xB4, 0x9D, 0x15, 0xBC, 0x69, 0x91, 0x62, 0x2F,
    0x66, 0x34, 0xE0, 0xC9, 0xCA, 0xBB, 0x43, 0x16, 0xB6, 0x42, 0xCB, 0x3B, 0x74, 0x9C, 0x30, 0xB4,
    0xA9, 0x9C, 0xCF, 0x9C, 0x6F, 0x0B, 0x9F, 0xCA, 0x7F, 0xDE, 0x4E, 0x52, 0x7B, 0x66, 0x6A, 0xCF,
    0x48, 0xED, 0xBB, 0xE6, 0x2E, 0x5A, 0x5E, 0x8A, 0x62, 0x70, 0x0D, 0x0A, 0x83, 0x54, 0x36, 0x41,
    0xC3, 0x96, 0x57, 0x3A, 0x65, 0xE0, 0x4A, 0xAD, 0xF7, 0x24, 0xFC, 0x5A, 0x19, 0xF9, 0x67, 0xBA,
    0xFD, 0x71, 0x09, 0xF8, 0xFC, 0xFB, 0x0F, 0x1D, 0xFD, 0xBF, 0x50, 0x0E, 0x94, 0xB5, 0xC8, 0xEF,
    0xDF, 0xF7, 0x7D, 0xEB, 0x1A, 0x49, 0x57, 0xFB, 0x36, 0x56, 0x39, 0x9D, 0xBE, 0x34, 0x04, 0x13,
    0x43, 0xA0, 0x9B, 0x64, 0xEE, 0x0F, 0xA4, 0x7C, 0x16, 0xA1, 0x69, 0x20, 0x74, 0x35, 0xB8, 0x1C,
    0x68, 0xDC, 0x7D, 0xA5, 0xE7, 0x1B, 0x81, 0x66, 0x41, 0x4E, 0xDC, 0x28, 0x67, 0xF2, 0x1D, 0x43,
    0x29, 0x8B, 0xDA, 0x53, 0xA1, 0xCA, 0xD1, 0x31, 0xE8, 0xF6, 0x56, 0x65, 0xB3, 0x95, 0xB5, 0x54,
    0x7D, 0x5B, 0xA9, 0x2C, 0x21, 0xAD, 0xEC, 0x5E, 0x94, 0x2F, 0x38, 0x2A, 0x1C, 0x64, 0x4A, 0x6E,
    0x6F, 0x95, 0x9C, 0x42, 0xCA, 0x59, 0x31, 0x27, 0x11, 0x91, 0xC2, 0x3D, 0xA2, 0x66, 0x02, 0x49,
    0xB5, 0x18, 0x67, 0x04, 0x6F, 0xC8, 0x45, 0xA5, 0xA3, 0x8D, 0x91, 0x38, 0xC3, 0x82, 0x48, 0x48,
    0x16, 0x25, 0x0B, 0xBA, 0x4D, 0x3A, 0xA3, 0xDF, 0x66, 0x23, 0xBC, 0x06, 0x04, 0x15, 0x70, 0xEB,
    0xD9, 0x30, 0x5A, 0xC2, 0x4E, 0x1D, 0xEE, 0x2A, 0xE9, 0x09, 0xC9, 0xD6, 0x64, 0x32, 0xA2, 0x0A,
    0xA0, 0xF6, 0x0E, 0x59, 0xF6, 0xBD, 0x04, 0x8F, 0x37, 0x4E, 0x01, 0x8B, 0x93, 0x28, 0xCD, 0x6C,
    0xF8, 0x7E, 0x3E, 0x2A, 0xE6, 0x9E, 0x6A, 0x0C, 0x34, 0x14, 0x91, 0x8F, 0x48, 0xA3, 0x2A, 0x7E,
    0xBE, 0x7A, 0x88, 0xA9, 0x8F, 0x24, 0xB2, 0x57, 0x5E, 0x02, 0xF2, 0xF9, 0x53, 0x49, 0x37, 0x89,
    0xE1, 0x97, 0x04, 0x19, 0x7A, 0x2B, 0x94, 0x51, 0xB2, 0x8B, 0xE4, 0xC9, 0x4D, 0x0D, 0x10, 0xBD,
    0x9A, 0xC9, 0xA7, 0xEC, 0x0D, 0x8A, 0x8F, 0x4C, 0x0D, 0xE8, 0x95, 0x60, 0x86, 0xBE, 0x5E, 0xB8,
    0xAF, 0x03, 0x66, 0x52, 0x6E, 0x5D, 0x72, 0xAE, 0x22, 0xF5, 0x65, 0x4F, 0x89, 0x1E, 0xBB, 0x6F,
    0xBF, 0xB0, 0xB9, 0x93, 0x5E, 0x73, 0x51, 0x45, 0xDE, 0xBD, 0x64, 0x2C, 0x9B, 0x0C, 0xE4, 0x55,
    0x62, 0x23, 0x81, 0x61, 0xDF, 0xB1, 0x73, 0x4A, 0x96, 0x8D, 0x00, 0x24, 0x82, 0x83, 0x7C, 0xA1,
    0x0C, 0xC4, 0x84, 0xA4, 0xDB, 0x7B, 0x4A, 0x03, 0x93, 0x2C, 0xF0, 0x41, 0x3E, 0x61, 0xF2, 0xAA,
    0xFA, 0x62, 0xD9, 0x83, 0x7F, 0x97, 0x02, 0xFB, 0x46, 0x96, 0xE5, 0x50, 0x01, 0xF9, 0x58, 0x9F,
    0x5E, 0x11, 0xF9, 0xC6, 0x17, 0x43, 0xBE, 0x4F, 0xA6, 0x72, 0x8D, 0x0B, 0x33, 0x5F, 0x59, 0xB5,
    0xDE, 0x03, 0x74, 0x4F, 0xA3, 0xAE, 0xA9, 0x70, 0xAC, 0x56, 0x55, 0xDF, 0x51, 0xF5, 0x1B, 0x30,
    0xB7, 0x21, 0x6A, 0x37, 0xF0, 0x96, 0x30, 0x5B, 0x60, 0x42, 0x86, 0x82, 0xBD, 0x2A, 0x3B, 0x72,
    0x49, 0xB4, 0xAC, 0xC8, 0x79, 0x1C, 0x84, 0x2C, 0x28, 0x77, 0x4F, 0xBE, 0xC5, 0x23, 0xB2, 0x2B,
    0x52, 0x06, 0x09, 0xB2, 0xAF, 0x19, 0x0E, 0xC7, 0x59, 0xC2, 0x0B, 0xFF, 0x13, 0xC1, 0x5A, 0x16,
    0xDF, 0x60, 0x97, 0xE8, 0x9A, 0x35, 0x61, 0x9F, 0x20, 0xEF, 0x6B, 0xFF, 0x41, 0x17, 0xB9, 0x72,
    0xE1, 0x0B, 0xEF, 0x49, 0x1A, 0xB6, 0x5F, 0x1C, 0x9B, 0xBA, 0x7E, 0x36, 0x4C, 0x0D, 0xD1, 0x0E,
    0xB8, 0xE7, 0x09, 0x2E, 0x63, 0x5E, 0x7B, 0xD2, 0x75, 0x58, 0x94, 0xE6, 0x28, 0x01, 0x24, 0x6A,
    0x7B, 0x62, 0x16, 0x16, 0xF7, 0x78, 0xE5, 0x10, 0x4F, 0x32, 0x4E, 0x48, 0xC9, 0x7B, 0x41, 0xCE,
    0x16, 0x0F, 0x42, 0x16, 0x06, 0x5E, 0x22, 0x1E, 0xB4, 0x94, 0x03, 0x6A, 0xA1, 0x22, 0x35, 0xCA,
    0x49, 0x8D, 0xB2, 0x2B, 0x32, 0x9F, 0xFC, 0x33, 0x8A, 0x25, 0x1C, 0x00, 0x71, 0xD8, 0x33, 0x24,
    0x1E, 0x92, 0x62, 0x0C, 0xFA, 0xCC, 0x3D, 0x42, 0xAA, 0xD4, 0x2C, 0x69, 0xA6, 0xDB, 0x65, 0x2D,
    0x2F, 0xA9, 0x76, 0x41, 0x6B, 0x5A, 0x46, 0x4C, 0x4C, 0xC0, 0xCB, 0xA0, 0xDA, 0xDE, 0xA0, 0xAB,
    0x7E, 0xF3, 0x3C, 0xB2, 0xB6, 0x6E, 0x50, 0xB9, 0x6E, 0x55, 0x3B, 0xDC, 0xA3, 0x60, 0x0F, 0x8D,
    0x33, 0xB4, 0x88, 0xC7, 0x6F, 0x85, 0x58, 0x11, 0x87, 0x8E, 0xD6, 0x62, 0xB3, 0x9E, 0x27, 0xF3,
    0x98, 0x23, 0x51, 0xF5, 0x3C, 0xAA, 0xF0, 0xF3, 0x23, 0x90, 0x01, 0x1B, 0x82, 0x36, 0x88, 0x73,
    0xC1, 0xD1, 0xC4, 0x17, 0xC4, 0x3A, 0x7B, 0xF1, 0x86, 0xA0, 0x85, 0x10, 0xDA, 0xF1, 0x73, 0x72,
    0xF4, 0xA4, 0x28, 0x54, 0xA0, 0x60, 0x72, 0x47, 0x16, 0x27, 0x22, 0x55, 0xAC, 0xB7, 0x73, 0x24,
    0x62, 0xCA, 0x6B, 0x69, 0x30, 0x16, 0xBD, 0xA6, 0x5A, 0xDE, 0x70, 0x1D, 0x67, 0xD4, 0x02, 0x67,
    0x9C, 0x32, 0x6A, 0x77, 0x1F, 0xF8, 0xC0, 0xB2, 0x3F, 0x4E, 0x1C, 0xDC, 0x44, 0x03, 0x60, 0x4B,
    0x01, 0xA6, 0x54, 0x4D, 0x17, 0x76, 0xF1, 0x06, 0x89, 0x80, 0x6C, 0x0A, 0x6C, 0x6C, 0xE5, 0x68,
    0x37, 0xC5, 0x64, 0xBB, 0xD5, 0xAC, 0xCD, 0x3F, 0x68, 0x7B, 0x8D, 0x6E, 0x05, 0xDF, 0xD0, 0xE0,
    0xA0, 0x2B, 0xBC, 0x2F, 0xDD, 0xBA, 0xC1, 0x7E, 0x82, 0xA4, 0x84, 0x11, 0xEB, 0xFE, 0x8B, 0xF4,
    0x7B, 0x37, 0xE6, 0x9A, 0xB2, 0x13, 0xAA, 0x9F, 0xF6, 0x34, 0xC0, 0x77, 0x70, 0x65, 0xD8, 0x19,
    0x35, 0x80, 0x7B, 0x05, 0x7D, 0x24, 0x60, 0x2D, 0xC6, 0x64, 0xB3, 0x4E, 0x5E, 0x84, 0x9E, 0x20,
    0xA5, 0xBF, 0x8A, 0x94, 0xC1, 0x2F, 0x63, 0x84, 0xE0, 0x0F, 0xF5, 0x8A, 0x62, 0x4B, 0xCA, 0xBF,
    0xE7, 0x33, 0xA4, 0x1D, 0x99, 0x7E, 0x32, 0xC4, 0x09, 0xE4, 0x88, 0x09, 0xE2, 0x9C, 0x12, 0x8E,
    0x16, 0xC3, 0x5C, 0xA7, 0xF3, 0x9A, 0x21, 0x69, 0xCE, 0x59, 0x07, 0xA8, 0x9E, 0x06, 0x4D, 0xD4,
    0xEA, 0x58, 0x48, 0x10, 0xDD, 0x57, 0xC8, 0xE7, 0x8F, 0xC7, 0x19, 0xC4, 0x0F, 0x0E, 0x05, 0x06,
    0x9A, 0x44, 0xB3, 0xF0, 0x9B, 0x12, 0x67, 0xB9, 0x7C, 0x6F, 0xC5, 0x23, 0x43, 0x25, 0xEE, 0x19,
    0x70, 0x93, 0xC1, 0x1D, 0x89, 0xFE, 0x40, 0x6E, 0x38, 0x2A, 0xB0, 0xE1, 0x80, 0xD7, 0xF4, 0x2C,
    0x0E, 0x6E, 0x25, 0x1E, 0x58, 0x95, 0xD7, 0xEC, 0xE6, 0x1D, 0x42, 0x9F, 0x39, 0x2F, 0x56, 0x11,
    0xC9, 0x14, 0x5F, 0x33, 0x61, 0x7D, 0x12, 0x83, 0x7A, 0x88, 0xEE, 0x26, 0x83, 0xBA, 0x3C, 0x70,
    0x5D, 0x18, 0xE4, 0x89, 0x96, 0xA1, 0xDF, 0x52, 0xBE, 0x63, 0x29, 0x2B, 0xCA, 0x93, 0x0D, 0x57,
    0xB2, 0x04, 0x10, 0x95, 0x77, 0xDD, 0x4F, 0xCE, 0xAF, 0xF0, 0xA9, 0x87, 0xC0, 0x83, 0x8F, 0xC0,
    0x75, 0x68, 0x00, 0xA5, 0xF0, 0xA5, 0x35, 0xC2, 0xA4, 0x32, 0x82, 0xF4, 0x21, 0xE9, 0x54, 0xCE,
    0x86, 0x89, 0xF6, 0x22, 0x32, 0x62, 0x2A, 0x66, 0x40, 0x6A, 0x64, 0x9B, 0x48, 0x8C, 0x01, 0x8D,
    0x1E, 0xDA, 0x53, 0x76, 0x0C, 0x6A, 0xCB, 0x2B, 0x94, 0xC8, 0xBA, 0x95, 0xF6, 0x4E, 0x74, 0x1E,
    0xBE, 0x4C, 0xD9, 0x1A, 0x4F, 0xD9, 0xB7, 0xC8, 0x69, 0xF1, 0x47, 0x8C, 0x88, 0xA6, 0x69, 0x3D,
    0x8E, 0xEE, 0xC8, 0x2F, 0x48, 0xB1, 0xEE, 0x5F, 0x33, 0xE6, 0x3A, 0xF4, 0xCF, 0x20, 0x52, 0x3F,
    0x07, 0x58, 0xD0, 0xEB, 0x02, 0x22, 0xA7, 0x40, 0xE1, 0x7D, 0x5E, 0x69, 0xF3, 0xED, 0x82, 0x9C,
    0xBA, 0xF2, 0x78, 0x59, 0x7A, 0x42, 0x2D, 0x84, 0x86, 0x71, 0x6E, 0x11, 0x9C, 0x8E, 0x71, 0x06,
    0x56, 0xB4, 0x12, 0xE7, 0x2F, 0x08, 0x0A, 0x11, 0x5A, 0xD4, 0xB9, 0xED, 0x5E, 0xD4, 0x1B, 0x56,
    0xAD, 0x84, 0x7A, 0xDD, 0x26, 0xDE, 0xD5, 0x38, 0x3F, 0xC0, 0x2E, 0xCF, 0x50, 0x55, 0xD9, 0xFA,
    0x78, 0x2E, 0xC6, 0x78, 0x16, 0xFA, 0x39, 0x4B, 0x6D, 0x08, 0xDF, 0xC1, 0xEC, 0x71, 0x01, 0x48,
    0x82, 0x05, 0x23, 0xDF, 0x12, 0x82, 0x7C, 0x47, 0x6C, 0xFC, 0x13, 0x2C, 0x50, 0x8B, 0xA5, 0x50,
    0xA6, 0x8F, 0x1F, 0xCF, 0x88, 0xEC, 0x43, 0x58, 0x7E, 0x2E, 0xBE, 0xAA, 0x6A, 0x94, 0xAF, 0x7C,
    0x3B, 0xF0, 0x07, 0x6B, 0xD3, 0x94, 0xC7, 0x0E, 0xBC, 0xFB, 0x96, 0xDC, 0x79, 0x30, 0xD6, 0xFF,
    0x44, 0xEC, 0x2F, 0x2F, 0xF7, 0x73, 0x46, 0x36, 0xC1, 0xFE, 0x58, 0x16, 0x6D, 0xD1, 0x4A, 0xB2,
    0xEF, 0xFF, 0xD9, 0xDA, 0xD6, 0x97, 0xCF, 0x2B, 0x90, 0x67, 0x3F, 0xC3, 0x79, 0x12, 0xE4, 0x1A,
    0x33, 0x01, 0xE7, 0x82, 0x44, 0x72, 0xA9, 0x58, 0xE1, 0x59, 0xFD, 0xC1, 0x3A, 0x1D, 0xAF, 0xD6,
    0x6B, 0xF4, 0x5B, 0x72, 0x7F, 0x36, 0x10, 0xFE, 0xC8, 0xA5, 0x95, 0x29, 0x7D, 0xE2, 0x1F, 0x39,
    0x27, 0x5F, 0x94, 0xBA, 0x4A, 0x48, 0x12, 0xDE, 0xA9, 0xE5, 0x10, 0x91, 0x3F, 0xD3, 0x7E, 0xAD,
    0x09, 0xE0, 0xC2, 0xA4, 0xA0, 0xF9, 0x14, 0x13, 0x2A, 0xAF, 0xD5, 0xEC, 0x54, 0xC9, 0x9C, 0x29,
    0x69, 0x43, 0x61, 0xC9, 0x39, 0xE9, 0x94, 0xCD, 0x32, 0x21, 0x9A, 0x4C, 0xC0, 0x35, 0x92, 0x03,
    0xB2, 0xC1, 0xB3, 0x12, 0xD5, 0x9F, 0xB3, 0x3D, 0xF5, 0x3D, 0x00, 0x77, 0x84, 0x9E, 0xD7, 0xE2,
    0x79, 0x89, 0x05, 0xC2, 0xB1, 0x22, 0xEB, 0x64, 0x9B, 0x09, 0x18, 0xEB, 0x30, 0x52, 0x9D, 0x94,
    0xA1, 0x6E, 0x66, 0x14, 0x2B, 0x1A, 0x83, 0x55, 0xF4, 0x18, 0x38, 0x36, 0x7A, 0x9A, 0x7B, 0x8B,
    0x56, 0xDA, 0xA6, 0x1A, 0x53, 0x2C, 0x3F, 0x43, 0xAC, 0xC4, 0x68, 0xD2, 0xE7, 0xF2, 0x59, 0x75,
    0x76, 0x49, 0x87, 0xBF, 0x03, 0x2F, 0x46, 0xDC, 0x6F, 0x20, 0x71, 0x67, 0xAF, 0x86, 0x1D, 0xCF,
    0x4C, 0xF4, 0x90, 0xF0, 0x51, 0x28, 0x74, 0x29, 0xD6, 0x79, 0xE0, 0x0B, 0x78, 0x66, 0xC2, 0x1F,
    0x9D, 0x3B, 0x28, 0x73, 0xDD, 0x23, 0xA2, 0xCE, 0x18, 0x8B, 0x1F, 0xF9, 0xC1, 0x2D, 0x70, 0x28,
    0x0E, 0x58, 0x6B, 0xC2, 0x7C, 0x1A, 0x43, 0x0A, 0xFE, 0x0C, 0x2A, 0x25, 0x9B, 0xA9, 0xA5, 0xB0,
    0xA5, 0x3E, 0xA5, 0xF3, 0x51, 0xC9, 0x89, 0xBF, 0x40, 0x2B, 0x8A, 0x72, 0xDF, 0xEF, 0x48, 0xE9,
    0xFC, 0xAC, 0x10, 0x13, 0xFA, 0x52, 0xF6, 0x96, 0x94, 0x70, 0xB9, 0xAB, 0xAF, 0xE6, 0xED, 0x89,
    0xDC, 0x50, 0x7A, 0x4A, 0x27, 0x52, 0xA6, 0x00, 0x8B, 0x7E, 0x3E, 0x9C, 0xA2, 0xD9, 0x60, 0xE0,
    0x2D, 0xD6, 0xB7, 0x0C, 0xC0, 0x0E, 0xFB, 0x36, 0xF2, 0xB2, 0x7B, 0x47, 0xEF, 0xB9, 0xEA, 0x6D,
    0xE5, 0x14, 0xF7, 0x21, 0xAF, 0xDC, 0xF2, 0xC6, 0xE0, 0x18, 0x78, 0x9E, 0x24, 0x11, 0x85, 0xE2,
    0x87, 0x2A, 0xD9, 0x53, 0xF7, 0x1F, 0x79, 0x16, 0x2D, 0x42, 0xA2, 0xD0, 0x9C, 0x1D, 0x5D, 0x99,
    0x30, 0x49, 0x53, 0xA7, 0xF3, 0x5F, 0x7D, 0x80, 0xF8, 0x82, 0xB5, 0x16, 0x6B, 0xC5, 0x5D, 0xC5,
    0x67, 0x0D, 0x62, 0xE6, 0x16, 0x95, 0x02, 0xFA, 0xA7, 0x3A, 0x11, 0x22, 0x0F, 0xA4, 0xFA, 0x21,
    0x53, 0xCA, 0x82, 0x92, 0x1C, 0x29, 0x5E, 0x21, 0xF3, 0x11, 0xB2, 0x6A, 0x21, 0x1D, 0x9F, 0x9F,
    0x28, 0x7B, 0xCA, 0x52, 0x77, 0x00, 0xDB, 0x75, 0x8F, 0x64, 0x36, 0xD8, 0x9E, 0x22, 0x4E, 0x8B,
    0x00, 0xDB, 0x6D, 0xD6, 0xA3, 0x99, 0x60, 0xE8, 0xB4, 0x83, 0xA0, 0x29, 0xF8, 0x4E, 0x4F, 0xFE,
    0x52, 0xA3, 0x17, 0x5D, 0x98, 0x1B, 0x3F, 0x52, 0x3B, 0x72, 0xA8, 0x4A, 0xE9, 0xF2, 0x51, 0x33,
    0xE1, 0x5C, 0x2B, 0x13, 0xED, 0x20, 0xB1, 0x60, 0xD4, 0x05, 0xBC, 0xA7, 0x48, 0xCC, 0x00, 0x29,
    0x93, 0x9D, 0xE7, 0x78, 0x01, 0x28, 0xA4, 0xE4, 0x47, 0xD9, 0x08, 0x2F, 0xE1, 0xDC, 0x9D, 0x6B,
    0x7A, 0x06, 0x83, 0x6C, 0x87, 0x8E, 0xB3, 0x74, 0x62, 0xC1, 0xE8, 0xE7, 0x74, 0x6B, 0x46, 0x8F,
    0x17, 0xF2, 0xF8, 0x1D, 0x83, 0xC7, 0xEF, 0x25, 0x78, 0xBC, 0xF1, 0x49, 0x3B, 0x53, 0x0E, 0xFB,
    0xF7, 0xF3, 0xD1, 0x17, 0xB0, 0xC5, 0x7D, 0x21, 0x75, 0xEC, 0xD5, 0xD2, 0xFA, 0xB4, 0xFE, 0x73,
    0xEA, 0x99, 0x38, 0xE9, 0x2C, 0x2A, 0xC3, 0xC9, 0xD9, 0x70, 0x59, 0x6A, 0xF6, 0x26, 0xA4, 0x97,
    0x31, 0xE4, 0x2B, 0x6F, 0xBF, 0xFD, 0x16, 0x2C, 0x55, 0xB3, 0x0B, 0x55, 0xA7, 0xC0, 0x1F, 0xA5,
    0xD9, 0x7B, 0xA5, 0x93, 0x14, 0xC1, 0xF1, 0x8A, 0xAA, 0x4A, 0x10, 0x0D, 0x61, 0x83, 0x07, 0xB5,
    0x9A, 0xD7, 0xA0, 0xFE, 0xFB, 0x66, 0x17, 0xB7, 0xAA, 0x4F, 0xC9, 0x29, 0x74, 0xD2, 0xA1, 0x6A,
    0xF1, 0x48, 0x82, 0x70, 0x83, 0xA8, 0x0C, 0xC6, 0xB3, 0x96, 0x2B, 0x2A, 0xD2, 0x47, 0x52, 0xEF,
    0x71, 0x20, 0xAD, 0x63, 0x01, 0xC1, 0x01, 0x23, 0xD5, 0xC7, 0x30, 0xFB, 0xAE, 0xC2, 0x12, 0xC7,
    0xBD, 0x83, 0x34, 0x6F, 0xFA, 0x8A, 0xB8, 0x24, 0xF5, 0x06, 0x07, 0xB9, 0x1A, 0x01, 0x08, 0xF3,
    0xC4, 0x2C, 0x94, 0x7F, 0x22, 0xF2, 0x77, 0xCC, 0x9D, 0xE3, 0xB7, 0x04, 0xFC, 0x88, 0xAA, 0xA5,
    0x0E, 0x39, 0xF8, 0x3B, 0x7B, 0xB7, 0x64, 0xDD, 0x41, 0x56, 0x83, 0x8E, 0x52, 0x74, 0x1C, 0x19,
    0xC7, 0xC2, 0xC3, 0xA4, 0x71, 0x98, 0xD7, 0xD6, 0x47, 0x6A, 0xD7, 0xAA, 0xAE, 0xE7, 0x24, 0x49,
    0xF0, 0x8F, 0x00, 0x72, 0x2B, 0x48, 0xB9, 0xB8, 0xA6, 0xD4, 0x0E, 0x56, 0xA3, 0x79, 0x25, 0x0A,
    0x06, 0xC2, 0xFA, 0xC1, 0xC1, 0x85, 0x1F, 0x60, 0xAE, 0x14, 0xC7, 0x34, 0xAA, 0x3C, 0xB6, 0x5F,
    0xAF, 0xF8, 0x48, 0x4F, 0xB7, 0xBB, 0x0E, 0x0C, 0x47, 0x8A, 0x59, 0xD8, 0x23, 0xE8, 0x1E, 0x9A,
    0x60, 0x8C, 0x31, 0xAB, 0x04, 0x62, 0x64, 0x62, 0x48, 0x81, 0x71, 0x62, 0xFD, 0x8A, 0xBC, 0x14,
    0x79, 0x14, 0xB6, 0x6A, 0xA7, 0x8E, 0x4E, 0x7E, 0x28, 0x51, 0xB6, 0xA5, 0x1C, 0xCC, 0x90, 0xA9,
    0x26, 0x0C, 0x02, 0x18, 0xD7, 0x8C, 0x3D, 0x84, 0x2B, 0x8B, 0xA1, 0x52, 0x3A, 0xE2, 0x87, 0x9C,
    0x54, 0x33, 0x73, 0x57, 0x7C, 0xED, 0x10, 0x59, 0xFC, 0x7D, 0x44, 0x93, 0x16, 0xCB, 0xF2, 0xF0,
    0xA2, 0x75, 0x7F, 0xC9, 0xAF, 0xC2, 0xCE, 0x2C, 0x29, 0xDC, 0x83, 0xE3, 0x21, 0x3F, 0xBB, 0x55,
    0x19, 0x5C, 0xEE, 0x6A, 0x6A, 0xE9, 0xA7, 0x15, 0xCC, 0x91, 0x75, 0x4A, 0xBA, 0xE2, 0x6A, 0xA5,
    0x53, 0xBF, 0x27, 0x17, 0x45, 0xDB, 0x87, 0xA5, 0x93, 0xD2, 0x58, 0x4C, 0x8D, 0xB3, 0x32, 0x7A,
    0x6A, 0x71, 0x03, 0x2B, 0xA6, 0x60, 0xF4, 0xE0, 0xF4, 0xD2, 0xEB, 0xBA, 0x42, 0x95, 0x88, 0xF7,
    0x49, 0x72, 0xC5, 0xFD, 0x2C, 0x6C, 0xF1, 0x3F, 0x1B, 0x83, 0x71, 0x7F, 0xE7, 0xB4, 0x7D, 0xFD,
    0x68, 0x55, 0x34, 0xFA, 0xE9, 0xE2, 0x93, 0x5D, 0x93, 0xBE, 0x70, 0x3A, 0x90, 0x64, 0x4E, 0x61,
    0x37, 0xF5, 0xED, 0x2E, 0x51, 0x5F, 0x62, 0x43, 0xBD, 0x0C, 0x51, 0x87, 0xEC, 0xE7, 0x3E, 0x32,
    0x25, 0x9B, 0x81, 0x26, 0x56, 0x70, 0xED, 0x99, 0x5C, 0x3C, 0x25, 0x51, 0x95, 0x52, 0xDF, 0xB9,
    0xFF, 0xB1, 0x43, 0x27, 0x97, 0xDB, 0xF5, 0x09, 0xF2, 0x69, 0x00, 0x8A, 0x55, 0x23, 0x50, 0x4C,
    0xA6, 0x5E, 0xE0, 0xE6, 0x5C, 0xF4, 0x18, 0xD1, 0x6C, 0x0B, 0xC6, 0x2E, 0xB4, 0x52, 0x8E, 0x68,
    0x34, 0x6B, 0x99, 0x72, 0x34, 0x4F, 0x8D, 0xAB, 0x68, 0x1A, 0xEF, 0x29, 0x68, 0x16, 0xF1, 0x3E,
    0x8D, 0xC9, 0x74, 0x1C, 0x28, 0x73, 0x1D, 0x0E, 0x5A, 0xFD, 0x9E, 0x33, 0xA8, 0x02, 0x84, 0xB6,
    0x1A, 0x37, 0x99, 0x5B, 0x31, 0x19, 0x94, 0x6F, 0xF0, 0x1A, 0x84, 0xBF, 0x14, 0xFD, 0xE8, 0x94,
    0x59, 0x35, 0x1E, 0x51, 0xC4, 0xD0, 0xD3, 0x13, 0xAF, 0x33, 0xAF, 0x6D, 0xE8, 0xD9, 0xAA, 0x63,
    0xAF, 0xC5, 0x31, 0xD4, 0x76, 0x50, 0x2D, 0xFD, 0x12, 0xFA, 0xC7, 0x4E, 0xF7, 0x73, 0xB3, 0xD7,
    0xBE, 0xE7, 0xC3, 0x71, 0xD4, 0xFE, 0xBC, 0xC5, 0xEB, 0xCB, 0x36, 0xC0, 0xAE, 0x0B, 0xDC, 0x0E,
    0x68, 0x1A, 0xEC, 0x1E, 0xC3, 0x3D, 0xF4, 0x56, 0x3E, 0x64, 0x91, 0x0F, 0x95, 0x52, 0x83, 0x80,
    0x0A, 0xA0, 0x85, 0xAA, 0x13, 0x4F, 0x69, 0x93, 0xDE, 0x07, 0x54, 0x1E, 0xCB, 0xEB, 0x94, 0xD3,
    0x52, 0x4B, 0x14, 0xD6, 0x3E, 0xE7, 0x1B, 0x1D, 0xEA, 0x9F, 0xE3, 0x95, 0xF7, 0x6C, 0x33, 0xDD,
    0xEC, 0xD5, 0xA1, 0x00, 0x4F, 0x04, 0xB7, 0x58, 0xC5, 0xD6, 0x5A, 0xE8, 0x80, 0xD1, 0xC6, 0x6A,
    0xB4, 0x43, 0x1B, 0x6D, 0xD1, 0x46, 0x7B, 0xB4, 0xD1, 0x26, 0x6D, 0xB4, 0x4B, 0x1B, 0x6D, 0xD3,
    0x46, 0xFB, 0xB4, 0xD1, 0x46, 0x6D, 0xB4, 0x53, 0x1B, 0x6D, 0xD5, 0x46, 0x7B, 0x75, 0xD8, 0x93,
    0xDD, 0xDA, 0xE9, 0xB1, 0xE0, 0xA8, 0x83, 0x55, 0x20, 0x25, 0xA9, 0x86, 0xD2, 0x54, 0x57, 0x52,
    0x6C, 0x34, 0x5F, 0x4C, 0xAE, 0xB7, 0x2E, 0xD4, 0x47, 0x79, 0x69, 0xF6, 0x4C, 0xAE, 0x0E, 0x74,
    0x27, 0xE1, 0x7D, 0xC9, 0x51, 0xCD, 0x1F, 0xB9, 0x1F, 0xBC, 0xC5, 0x6F, 0x87, 0x20, 0xF5, 0xEF,
    0x41, 0xBA, 0x0F, 0x14, 0x6A, 0x47, 0xCA, 0x55, 0xC9, 0x6C, 0xCD, 0xA6, 0xD7, 0xB1, 0xFB, 0x61,
    0x84, 0x8C, 0x90, 0x1E, 0xAD, 0xB9, 0x22, 0xF5, 0xDB, 0x1C, 0x78, 0xA0, 0xC4, 0x15, 0x3B, 0x28,
    0xCB, 0x27, 0x33, 0x56, 0xEA, 0xC4, 0x7E, 0x52, 0xED, 0xC5, 0x6B, 0x3C, 0xF9, 0x58, 0x30, 0x07,
    0x34, 0x11, 0xAE, 0xF9, 0xD6, 0x70, 0xAF, 0x30, 0x4D, 0x82, 0x6F, 0x54, 0x70, 0x6A, 0x0E, 0xB2,
    0x9F, 0x1D, 0x8B, 0x1C, 0x5F, 0x54, 0xE3, 0x19, 0x20, 0x9F, 0x1D, 0x90, 0x4C, 0xFA, 0xEE, 0x63,
    0xB4, 0x46, 0x6D, 0x00, 0x6C, 0xB3, 0x48, 0x44, 0x4D, 0x5D, 0xB9, 0x26, 0xEF, 0x82, 0x74, 0x8E,
    0x34, 0xA9, 0x37, 0xFF, 0xEF, 0x43, 0xFE, 0xE8, 0x47, 0x08, 0xDE, 0xA0, 0xCF, 0x37, 0x8E, 0x1E,
    0x27, 0x0C, 0x32, 0xC9, 0x95, 0x40, 0xBB, 0xFF, 0xA6, 0x09, 0x3F, 0x51, 0xBE, 0x1A, 0x58, 0xF7,
    0x91, 0x1C, 0xF7, 0xB9, 0x58, 0x85, 0x86, 0xD4, 0xB3, 0x9B, 0xDE, 0xC5, 0x4C, 0x8B, 0x5C, 0x73,
    0xAE, 0x09, 0xC0, 0x5D, 0x27, 0xEE, 0xE2, 0x21, 0x3C, 0xDC, 0xA9, 0x93, 0x77, 0xB7, 0x06, 0x42,
    0xE5, 0xD7, 0xF0, 0xCC, 0xD3, 0xFF, 0x83, 0x57, 0xDE, 0xFD, 0x88, 0xCC, 0x85, 0xA1, 0x7C, 0xBF,
    0xE1, 0x9C, 0x27, 0xA5, 0x19, 0xD3, 0x7D, 0x31, 0x6D, 0x8E, 0xDD, 0xF7, 0xFF, 0xED, 0xC8, 0x34,
    0x98, 0x29, 0x7F, 0xE9, 0x28, 0x31, 0xB4, 0xEF, 0x54, 0xA4, 0x10, 0x95, 0xCF, 0x4A, 0x63, 0xFE,
    0x04, 0x82, 0x38, 0xEC, 0x82, 0x88, 0x1C, 0x1D, 0xBA, 0x17, 0xEB, 0x29, 0x4F, 0xD2, 0x79, 0xEF,
    0xE7, 0x20, 0x80, 0x22, 0xCA, 0xA2, 0xAA, 0xBD, 0xE0, 0x68, 0x00, 0xA3, 0xEB, 0x50, 0x18, 0x76,
    0x23, 0x2A, 0x4E, 0x63, 0x41, 0xD4, 0xA9, 0xCF, 0x6F, 0x7F, 0xD3, 0x97, 0x17, 0x74, 0x0D, 0x3D,
    0x43, 0x41, 0x86, 0x56, 0xBA, 0x8D, 0x3C, 0x63, 0x86, 0x31, 0x66, 0x86, 0x31, 0xE3, 0x7B, 0x2A,
    0x57, 0xCA, 0x85, 0xF2, 0xFE, 0x91, 0xC7, 0xB7, 0x25, 0x7A, 0x5D, 0xA1, 0xDE, 0x26, 0xB5, 0xE0,
    0x2B, 0x0F, 0x01, 0x1E, 0x0E, 0x5A, 0xA5, 0x3C, 0x43, 0xA3, 0xB3, 0xA5, 0x88, 0x54, 0xA7, 0x53,
    0xC1, 0xC8, 0x20, 0x52, 0x24, 0x55, 0xA2, 0xE3, 0x6C, 0xA8, 0xAF, 0xF6, 0xE6, 0xAB, 0xB3, 0x39,
    0x01, 0xB3, 0x71, 0xEB, 0x56, 0x4B, 0x49, 0xEB, 0xEA, 0xF0, 0xDB, 0xA9, 0xF3, 0x50, 0x24, 0x95,
    0xA3, 0xAA, 0x29, 0xA9, 0x2A, 0x8D, 0xA0, 0x55, 0x75, 0xE7, 0xEA, 0x80, 0xFA, 0xF7, 0x4A, 0xA0,
    0x0E, 0x93, 0xA9, 0x96, 0x17, 0x7A, 0x29, 0x6A, 0x53, 0x3B, 0x4C, 0xE1, 0x7C, 0x13, 0xAB, 0x75,
    0xD8, 0x6C, 0xB5, 0xB5, 0x51, 0xC5, 0x7B, 0x15, 0x11, 0xB8, 0x31, 0x7D, 0xE2, 0x6E, 0xB0, 0x38,
    0x21, 0x3C, 0x09, 0x50, 0x95, 0x1B, 0x80, 0xCD, 0xD7, 0x03, 0xFD, 0xD6, 0xBE, 0x89, 0xF0, 0xF6,
    0x5A, 0xA7, 0x4A, 0xBF, 0x26, 0x25, 0x13, 0xB5, 0x3A, 0xB3, 0xF7, 0xB2, 0xF0, 0x25, 0x84, 0x66,
    0x0E, 0xD9, 0x41, 0x9E, 0x1C, 0x08, 0x6C, 0xF3, 0xB1, 0xD9, 0x97, 0x19, 0x2E, 0x10, 0xFB, 0x94,
    0x90, 0xD7, 0x4B, 0x3C, 0x8F, 0x0C, 0x84, 0xD5, 0x31, 0xB3, 0x42, 0x65, 0xC1, 0x0A, 0xAF, 0x18,
    0x21, 0xCA, 0x9A, 0x27, 0x97, 0xFB, 0x59, 0x33, 0xA3, 0xB5, 0xC5, 0xBC, 0xB7, 0xB5, 0x61, 0xD8,
    0xD5, 0xD2, 0x42, 0x28, 0xB3, 0x79, 0x52, 0x46, 0xE7, 0xE7, 0x0F, 0xD0, 0x22, 0x48, 0x62, 0x74,
    0x80, 0x8D, 0x31, 0x0E, 0xC9, 0xDC, 0x46, 0x33, 0xE6, 0xE8, 0x31, 0xCE, 0x9E, 0xE5, 0x81, 0x15,
    0x5E, 0xC8, 0x70, 0xC1, 0xD7, 0xA1, 0x4D, 0x3E, 0xBD, 0x4A, 0xBC, 0x95, 0xA5, 0x65, 0x8F, 0xB1,
    0x9D, 0x2C, 0xC9, 0xCA, 0xA4, 0xF7, 0x80, 0x44, 0xD2, 0x75, 0xE9, 0x94, 0x49, 0xBB, 0xF3, 0x8D,
    0x59, 0xA3, 0x73, 0xBC, 0x4C, 0x95, 0xE4, 0x1B, 0xCF, 0xBC, 0x3D, 0x78, 0xD8, 0x39, 0x73, 0x9A,
    0xAC, 0x62, 0x13, 0x96, 0x9D, 0x86, 0x3E, 0x73, 0xE4, 0x27, 0x68, 0x90, 0x38, 0x62, 0xE6, 0x06,
    0xB0, 0xA1, 0x5A, 0x94, 0x1E, 0xC2, 0x1C, 0xA7, 0xA3, 0x22, 0x8C, 0xE4, 0x6C, 0x42, 0xD3, 0xC1,
    0xF4, 0x76, 0xF2, 0x82, 0x74, 0x51, 0x34, 0xD9, 0xC4, 0x8D, 0x3B, 0x31, 0x21, 0x62, 0xE7, 0xEE,
    0x12, 0x5E, 0x1E, 0xE4, 0xA2, 0xE4, 0x52, 0x60, 0x3E, 0x7A, 0xE0, 0xE9, 0x82, 0x67, 0x84, 0x34,
    0xA5, 0xBD, 0x6E, 0x59, 0x1D, 0x96, 0xB6, 0x3E, 0x2C, 0xCB, 0xFD, 0xB2, 0x38, 0x70, 0x86, 0x13,
    0xE1, 0x93, 0xCA, 0x2A, 0xD1, 0xA7, 0x1D, 0xDB, 0x50, 0x4E, 0x5A, 0x60, 0x17, 0x65, 0xCE, 0x75,
    0x83, 0x45, 0x97, 0xCF, 0xE0, 0x86, 0x5F, 0x68, 0x84, 0x60, 0xC5, 0xEE, 0x8F, 0xE5, 0x6A, 0x63,
    0x36, 0x27, 0x33, 0x69, 0x4D, 0x36, 0x93, 0xB5, 0x44, 0x4B, 0x36, 0x17, 0x9D, 0xCE, 0x2D, 0x2E,
    0xB4, 0x67, 0xC5, 0xB7, 0xD4, 0x3D, 0x5E, 0xC9, 0x5B, 0x32, 0x79, 0x26, 0x9F, 0xD5, 0x9F, 0x33,
    0xB3, 0xB8, 0xC2, 0x3E, 0x5A, 0x69, 0xD8, 0x19, 0x99, 0xD8, 0x65, 0x1C, 0xF3, 0xC4, 0x79, 0xC2,
    0x61, 0x1A, 0xB0, 0x5C, 0xDA, 0x23, 0x3E, 0x55, 0x0B, 0x5D, 0x7B, 0xA2, 0x36, 0xBB, 0x70, 0x3B,
    0x17, 0xEE, 0xD6, 0xEC, 0x17, 0x7B, 0x67, 0x84, 0xC5, 0xBD, 0xC3, 0x95, 0xCD, 0x49, 0xF3, 0x4C,
    0x39, 0x6B, 0xCD, 0x70, 0x8F, 0x8C, 0xB4, 0x5C, 0x7C, 0x41, 0x6C, 0x0A, 0x56, 0xA9, 0xB0, 0x64,
    0xB1, 0x4F, 0xD0, 0x18, 0x59, 0x46, 0x29, 0x3C, 0x4D, 0x0B, 0x4E, 0xEB, 0xAD, 0x19, 0x43, 0x3B,
    0xCC, 0xD8, 0x08, 0x33, 0x26, 0x90, 0x9F, 0x45, 0x4C, 0xE1, 0x13, 0xDF, 0x83, 0x5C, 0x5A, 0x43,
    0x5A, 0x62, 0x53, 0xD3, 0xCB, 0xDF, 0x6B, 0x09, 0x39, 0xFD, 0xFC, 0x4D, 0x32, 0x36, 0xC7, 0x5F,
    0xB1, 0xDB, 0x8E, 0x73, 0xA0, 0x39, 0x79, 0xC8, 0x1C, 0xA6, 0x63, 0x55, 0xDE, 0x51, 0x6A, 0xE8,
    0x54, 0x92, 0x2D, 0xF2, 0xFE, 0xE9, 0x05, 0x7D, 0x81, 0x71, 0xAB, 0x61, 0x1E, 0x39, 0xC7, 0xAD,
    0xDA, 0x02, 0x0D, 0x38, 0x2F, 0x0F, 0xF0, 0x87, 0x62, 0x04, 0x41, 0x54, 0x58, 0x20, 0x44, 0xA4,
    0xBC, 0x80, 0xD0, 0x87, 0x08, 0x01, 0x00, 0x1B, 0x1B, 0x6C, 0x87, 0xE1, 0x71, 0xF9, 0x2A, 0x99,
    0xAD, 0xD0, 0x7C, 0xD8, 0xB3, 0xE3, 0x63, 0xBF, 0xC8, 0x7B, 0x07, 0x11, 0xFD, 0x47, 0x8E, 0x9B,
    0x13, 0x5F, 0x07, 0xDB, 0x85, 0x49, 0x4F, 0x40, 0x08, 0xCE, 0xCF, 0xCB, 0x88, 0x97, 0xF2, 0xA8,
    0x55, 0x4B, 0xD6, 0x9F, 0x39, 0xCC, 0x6C, 0xC4, 0xB7, 0x46, 0xB1, 0xCF, 0x7D, 0x0D, 0xA7, 0xED,
    0x38, 0x75, 0x0D, 0xE4, 0xC6, 0x92, 0x01, 0x44, 0xD0, 0x21, 0xD7, 0x6E, 0x69, 0x15, 0x1E, 0x42,
    0x7B, 0xF1, 0xAA, 0x37, 0x81, 0xBB, 0xE0, 0x11, 0x7D, 0xAF, 0x58, 0x7D, 0x31, 0x12, 0xAA, 0xE9,
    0x75, 0x25, 0x45, 0x3C, 0x41, 0x49, 0x0D, 0xA9, 0xFD, 0x08, 0x04, 0xCB, 0xE1, 0x1C, 0xD7, 0x55,
    0xCC, 0x25, 0x72, 0xF8, 0x58, 0xC7, 0x1E, 0xF3, 0xF0, 0x88, 0xB1, 0xA6, 0xAA, 0x12, 0x0F, 0x11,
    0xCA, 0xBB, 0x63, 0x65, 0xEF, 0x3B, 0xCF, 0xF9, 0xEF, 0x6B, 0x46, 0x61, 0x9C, 0x6B, 0x3A, 0x91,
    0x3B, 0xB0, 0xE0, 0x49, 0x66, 0x95, 0x53, 0x6C, 0x0E, 0xAE, 0x57, 0xAC, 0x6F, 0x61, 0x4A, 0xEA,
    0x80, 0x4D, 0x0D, 0xF2, 0xFC, 0x1D, 0x5E, 0x99, 0x10, 0xA3, 0xC9, 0xE2, 0x3E, 0xA4, 0xC1, 0x2D,
    0x99, 0x58, 0xDB, 0x90, 0x44, 0xE2, 0x62, 0x78, 0x57, 0x11, 0xAD, 0x14, 0x76, 0x95, 0x22, 0x20,
    0x52, 0x21, 0x23, 0xCE, 0x52, 0x7B, 0x59, 0x49, 0xDE, 0x4C, 0xB5, 0x52, 0x8D, 0xF4, 0x92, 0x96,
    0x46, 0x03, 0xE2, 0x61, 0xA4, 0x30, 0x2B, 0x3F, 0xEC, 0xE8, 0x85, 0x47, 0x73, 0xA6, 0xA8, 0x73,
    0x34, 0x54, 0x65, 0xE3, 0x2F, 0x69, 0x9B, 0xA2, 0xEB, 0x87, 0x81, 0x1C, 0x44, 0x34, 0x0C, 0x87,
    0x56, 0xDE, 0x34, 0xFC, 0x9D, 0x92, 0x28, 0x0F, 0x99, 0x01, 0x2F, 0x03, 0x58, 0xFA, 0x0E, 0x2A,
    0xCF, 0xFD, 0xC8, 0xF9, 0x7D, 0x3C, 0xFF, 0x19, 0xB4, 0x45, 0x0E, 0x43, 0x35, 0xFB, 0x6E, 0xAA,
    0xE1, 0x07, 0xD2, 0x18, 0x6D, 0x88, 0x9D, 0x94, 0xF5, 0x4F, 0x98, 0x52, 0xE8, 0x7E, 0x00, 0x48,
    0xDF, 0xB0, 0x4B, 0xEA, 0xC2, 0x97, 0xBA, 0x47, 0x43, 0xA9, 0x49, 0x8B, 0xF2, 0x1D, 0xA9, 0xAA,
    0x99, 0xF5, 0x21, 0xEF, 0x9C, 0xA2, 0x87, 0xD2, 0x85, 0xB1, 0xFB, 0xB6, 0xA8, 0xEF, 0x26, 0x3C,
    0xF8, 0xBB, 0xAC, 0x21, 0xF7, 0xDD, 0xFC, 0x9A, 0x94, 0xFA, 0xE1, 0x63, 0xFD, 0x8E, 0xC1, 0x77,
    0xDF, 0x4D, 0x17, 0xAA, 0x84, 0x06, 0x7A, 0x86, 0x21, 0x7B, 0xF6, 0xC4, 0xED, 0x06, 0xE7, 0x49,
    0x42, 0xAF, 0x3C, 0xD6, 0x77, 0x63, 0x81, 0xD0, 0xF3, 0xF3, 0x73, 0xB3, 0x5B, 0x8C, 0x96, 0x20,
    0x95, 0x00, 0x78, 0x01, 0xFA, 0x8D, 0xBE, 0xD9, 0x82, 0x04, 0xFC, 0x3B, 0xF7, 0xFD, 0xD8, 0x45,
    0xF8, 0x0E, 0x71, 0x13, 0x95, 0x8D, 0x2C, 0x4F, 0xF4, 0x2C, 0x74, 0xCE, 0x56, 0x61, 0xD3, 0x1C,
    0x29, 0xFF, 0x47, 0x96, 0x6A, 0xEB, 0xB9, 0x55, 0x33, 0xE9, 0x7B, 0x8B, 0xD1, 0xEE, 0x4B, 0x05,
    0x5E, 0x01, 0xB8, 0x21, 0x8E, 0xB6, 0x71, 0x60, 0x13, 0xB3, 0x04, 0xFA, 0x99, 0xE1, 0xAC, 0x06,
    0x93, 0x5A, 0x35, 0x70, 0xD0, 0xA6, 0xAE, 0x09, 0x7D, 0xAE, 0xC3, 0x8E, 0x87, 0xAC, 0x6A, 0x23,
    0xFF, 0xB5, 0xB6, 0xBD, 0x4B, 0x12, 0x39, 0xEF, 0x98, 0xF3, 0x6E, 0xC7, 0x3C, 0x4F, 0x28, 0x8F,
    0x72, 0x5E, 0xF3, 0x59, 0x73, 0x7B, 0x9B, 0xF3, 0xE5, 0x9E, 0xE6, 0x85, 0x9C, 0x1F, 0xAF, 0xE6,
    0xBC, 0x30, 0xDD, 0x51, 0x88, 0x21, 0x6B, 0x6A, 0x62, 0x7D, 0x31, 0xD9, 0x4E, 0xC8, 0x52, 0x5B,
    0xF5, 0x32, 0x3B, 0x2D, 0x49, 0x6B, 0x41, 0xF6, 0xCA, 0xF2, 0x96, 0x7F, 0x98, 0xDF, 0x84, 0xB1,
    0x82, 0x76, 0xBD, 0x4E, 0x1D, 0x2F, 0x68, 0x09, 0x02, 0x0D, 0xE2, 0xB4, 0x5F, 0x05, 0x52, 0xF8,
    0xC1, 0xA6, 0xF0, 0x6D, 0x5C, 0x5B, 0xA6, 0x9A, 0x16, 0x86, 0x51, 0x6A, 0xFF, 0x7D, 0xE3, 0x9F,
    0xB7, 0x93, 0x7F, 0x6F, 0x09, 0xED, 0x5F, 0x75, 0xEA, 0x13, 0x3E, 0xF6, 0x09, 0xBF, 0x0B, 0x84,
    0x1F, 0x49, 0x08, 0xCE, 0x5F, 0x39, 0xD2, 0xCF, 0x16, 0x18, 0x68, 0x15, 0x78, 0x98, 0xD8, 0x3B,
    0xEF, 0x7E, 0x0C, 0x51, 0x0A, 0x25, 0x15, 0x5B, 0x7F, 0x27, 0xCD, 0x09, 0x60, 0x22, 0x0A, 0x68,
    0x22, 0x4A, 0xD8, 0x8C, 0x94, 0x21, 0x7D, 0x5B, 0x95, 0x04, 0x94, 0x4A, 0x11, 0xE5, 0x35, 0x0F,
    0x29, 0xE6, 0x50, 0x86, 0x66, 0x93, 0xDE, 0xAD, 0xA6, 0x37, 0x71, 0xC5, 0x3B, 0xD9, 0x7B, 0x59,
    0xA1, 0x45, 0x22, 0x3E, 0x22, 0x5F, 0xE8, 0x68, 0x18, 0x45, 0xD6, 0xA5, 0xAE, 0xC6, 0x88, 0x97,
    0x2B, 0xFD, 0xEE, 0xBC, 0xAE, 0xD1, 0xF3, 0x4E, 0xE5, 0xC1, 0xA8, 0x59, 0x94, 0xFB, 0x32, 0x6C,
    0x2F, 0xAB, 0x03, 0x31, 0xBE, 0x49, 0x7F, 0xB2, 0x7D, 0x39, 0x5D, 0x55, 0x8B, 0x64, 0x83, 0xEB,
    0xA4, 0xB5, 0x4D, 0xDE, 0xEE, 0x39, 0x68, 0x75, 0x75, 0xEE, 0x75, 0x36, 0x79, 0x3D, 0x1E, 0xEB,
    0xD4, 0x63, 0x7B, 0xE2, 0x75, 0xEC, 0xB5, 0xB9, 0x5F, 0xB9, 0xA9, 0x60, 0x15, 0x4D, 0xE8, 0xA3,
    0x82, 0x35, 0xB9, 0x12, 0xF5, 0x58, 0xA7, 0x8E, 0x5B, 0x94, 0x1F, 0x4C, 0x8E, 0xD5, 0x73, 0xDF,
    0xCB, 0x11, 0x1A, 0x20, 0x1F, 0x8E, 0x6D, 0xBD, 0x62, 0xFB, 0xD1, 0x04, 0x0D, 0x0C, 0xC8, 0x83,
    0xA2, 0x9F, 0x73, 0xDD, 0x11, 0x05, 0xBA, 0x67, 0xFC, 0xED, 0xF7, 0x6E, 0xE0, 0xA2, 0xE5, 0xE2,
    0x54, 0xEC, 0x8F, 0x90, 0x6A, 0xDE, 0x83, 0xF1, 0xD5, 0xC5, 0x14, 0x16, 0xA3, 0x5F, 0xEC, 0xDE,
    0xDA, 0xBB, 0x7D, 0xB3, 0x08, 0x04, 0xFA, 0xB6, 0xC5, 0xD5, 0xB7, 0x5E, 0x62, 0x11, 0x62, 0x6B,
    0x7C, 0x70, 0xC7, 0x70, 0xAF, 0xA3, 0x05, 0x3C, 0x04, 0xD2, 0x11, 0xF4, 0x48, 0x9D, 0x92, 0x51,
    0x13, 0x83, 0x81, 0x9C, 0x5E, 0x57, 0x41, 0x7B, 0x77, 0xDF, 0x0B, 0x91, 0xB9, 0x46, 0xB7, 0xF1,
    0x8B, 0x68, 0xC6, 0x6B, 0x31, 0xDE, 0x8E, 0xAD, 0x0E, 0x93, 0xC4, 0xE5, 0x15, 0xCA, 0x90, 0x23,
    0x27, 0xAB, 0x34, 0x4C, 0x81, 0x9F, 0x7C, 0xF5, 0x57, 0x1F, 0x97, 0x7E, 0xE5, 0x3C, 0xEF, 0xD1,
    0xD9, 0x6D, 0xBF, 0x0A, 0x23, 0x26, 0xE6, 0x44, 0x5D, 0xA1, 0x4B, 0x84, 0xE9, 0x73, 0x0A, 0xAB,
    0x66, 0x0E, 0xAB, 0x6A, 0xBF, 0xB2, 0xD7, 0xAE, 0x76, 0x12, 0x97, 0x54, 0xBA, 0x8B, 0x9D, 0x91,
    0x9C, 0x0D, 0xEA, 0x82, 0xF9, 0x85, 0x53, 0xAB, 0x49, 0x57, 0xC2, 0x06, 0xC7, 0x40, 0xBF, 0xDD,
    0xB0, 0x5F, 0xF5, 0x7E, 0xE1, 0x2F, 0xC0, 0x81, 0xC9, 0x13, 0xF8, 0xA8, 0x59, 0x03, 0x93, 0x77,
    0xD3, 0x7E, 0x15, 0x26, 0x9F, 0xE2, 0xC2, 0xFB, 0x6F, 0x32, 0x97, 0x17, 0x38, 0xE7, 0xCC, 0x79,
    0x24, 0xE7, 0x64, 0x6A, 0xAE, 0x2C, 0xCE, 0x56, 0xBF, 0xD0, 0x09, 0x77, 0x3F, 0xE4, 0x72, 0xB1,
    0xEA, 0x42, 0x30, 0xC4, 0xBF, 0xA5, 0xD3, 0xEE, 0x66, 0xE0, 0xDD, 0xCF, 0xBC, 0x47, 0x8B, 0x02,
    0x68, 0x30, 0x20, 0x9D, 0x40, 0x01, 0xB7, 0x0B, 0x3F, 0xA5, 0x24, 0xE1, 0x6E, 0xA9, 0x0B, 0xB7,
    0x0D, 0x77, 0xB4, 0x73, 0x98, 0xED, 0xC6, 0x4B, 0x57, 0x6D, 0xC2, 0x4B, 0xC5, 0xB3, 0xD0, 0xA6,
    0x75, 0xBC, 0xF0, 0x30, 0xA0, 0xCF, 0xE5, 0x4E, 0xBF, 0x15, 0xA7, 0x3D, 0x9C, 0xB0, 0x8D, 0x34,
    0x20, 0x39, 0x36, 0x01, 0xC0, 0x3B, 0x0E, 0x32, 0x76, 0x14, 0x50, 0xC7, 0x7C, 0x03, 0xCA, 0x8C,
    0xF0, 0x75, 0xD2, 0xC2, 0xAA, 0x49, 0x86, 0x49, 0x99, 0x69, 0x1A, 0x19, 0x3D, 0xD9, 0x49, 0x87,
    0xF8, 0xF9, 0x5A, 0x9E, 0x77, 0x23, 0xEE, 0x2B, 0x9B, 0x4D, 0xC2, 0xFA, 0x0B, 0xDD, 0xAF, 0xB7,
    0xE4, 0x43, 0xCD, 0x50, 0x81, 0xCD, 0x95, 0x76, 0x12, 0xCB, 0x52, 0x96, 0x65, 0x2D, 0x66, 0x0A,
    0x7B, 0x5D, 0x79, 0x9B, 0x0F, 0xDD, 0xF2, 0x5B, 0x1D, 0xE7, 0x13, 0x98, 0x2E, 0xD0, 0xF3, 0x53,
    0xF6, 0xDA, 0xE8, 0xDC, 0xDC, 0x7D, 0x10, 0xBA, 0x60, 0xEA, 0x1E, 0xE1, 0xD9, 0xFE, 0x0C, 0xD8,
    0x6A, 0x50, 0xBE, 0x42, 0x7B, 0xA5, 0x11, 0x0D, 0xE9, 0x6C, 0x07, 0xDB, 0x67, 0x63, 0x31, 0x55,
    0x5D, 0x21, 0xE3, 0x62, 0xD3, 0x5A, 0x91, 0xEE, 0xAA, 0xEC, 0xEC, 0x90, 0x4F, 0x4D, 0x9F, 0x8F,
    0x85, 0x98, 0x93, 0xCD, 0x56, 0x8C, 0x4B, 0x57, 0xE4, 0xBC, 0xEC, 0x23, 0xDB, 0xBF, 0xEF, 0x96,
    0x37, 0x22, 0xAD, 0xC3, 0x42, 0xB1, 0xE9, 0xBC, 0xC4, 0xC9, 0x67, 0x70, 0xE3, 0x8E, 0xDD, 0x9F,
    0x13, 0x14, 0x26, 0x44, 0xB4, 0xE8, 0x9E, 0xF4, 0xA6, 0x34, 0x4D, 0x8B, 0x88, 0x55, 0x2D, 0x1A,
    0x88, 0xAD, 0xC1, 0x05, 0xEE, 0x89, 0x63, 0x39, 0x65, 0x52, 0x06, 0x96, 0x70, 0x83, 0xE4, 0x33,
    0x9A, 0xCD, 0xCA, 0x65, 0x2A, 0x1D, 0x27, 0x19, 0xE2, 0x02, 0x67, 0xDF, 0x97, 0x70, 0xFD, 0xA0,
    0xE9, 0x53, 0x7A, 0x67, 0xA7, 0xE5, 0x5A, 0x31, 0x97, 0x13, 0xCD, 0xEC, 0x54, 0x99, 0xFD, 0xBC,
    0x97, 0x3B, 0xCA, 0x94, 0xF8, 0x9A, 0xE9, 0x23, 0x2C, 0xAB, 0xDD, 0xCA, 0xBC, 0xC1, 0x54, 0xC8,
    0x69, 0x4F, 0xA9, 0x9E, 0xDC, 0x2C, 0x73, 0x7F, 0x80, 0xD8, 0x49, 0xC0, 0xC5, 0x7E, 0x41, 0x48,
    0x41, 0x75, 0xB5, 0xDB, 0x5D, 0x12, 0x63, 0x30, 0x96, 0xB6, 0x82, 0xBF, 0x88, 0xA5, 0x17, 0x6F,
    0x22, 0xA3, 0xE0, 0x0D, 0x38, 0x09, 0xC5, 0x2E, 0xE8, 0x85, 0x68, 0x59, 0xE3, 0xC5, 0xFD, 0x0A,
    0xEF, 0x91, 0x5D, 0x2C, 0x61, 0x87, 0xAA, 0xF3, 0x5D, 0xE0, 0xBA, 0x4F, 0x89, 0xEC, 0x71, 0xE6,
    0x20, 0x1B, 0xC8, 0xF5, 0x57, 0x21, 0xA7, 0x50, 0x1A, 0x9F, 0x96, 0xAC, 0xE0, 0x96, 0x94, 0x21,
    0x2F, 0x30, 0xD8, 0x82, 0x8B, 0x2D, 0x87, 0x91, 0x6F, 0x2B, 0xD5, 0xD5, 0xC9, 0x78, 0x18, 0xA5,
    0x3C, 0x0F, 0xB8, 0xAF, 0x40, 0xD3, 0xAA, 0x6C, 0xB6, 0xB2, 0x96, 0x8A, 0x6F, 0x2B, 0x95, 0xC2,
    0x42, 0x8B, 0xD6, 0x82, 0x2B, 0x96, 0xB7, 0xE4, 0xC4, 0xF5, 0x32, 0x65, 0x51, 0x58, 0x56, 0xB7,
    0x0D, 0x24, 0x94, 0xB2, 0x61, 0xDD, 0x2B, 0x5D, 0xB5, 0x2A, 0x09, 0x2F, 0x96, 0xE1, 0xCE, 0xE9,
    0xE7, 0x2F, 0x3A, 0x52, 0x7B, 0xC9, 0x1F, 0xE1, 0x8D, 0x6B, 0xC4, 0x76, 0x29, 0x20, 0xB0, 0x48,
    0x02, 0xF4, 0x26, 0xD7, 0xAE, 0x60, 0xE5, 0x18, 0x41, 0x04, 0x44, 0x06, 0x3E, 0x47, 0xEF, 0x92,
    0x27, 0x99, 0x44, 0xF1, 0x4A, 0x9C, 0xFC, 0x3D, 0xA6, 0x97, 0xFB, 0xAE, 0x66, 0xAD, 0x1A, 0xA7,
    0x03, 0x81, 0x98, 0x54, 0x2B, 0x58, 0x9B, 0x97, 0x53, 0x39, 0x53, 0x65, 0xA7, 0xFD, 0x2F, 0xDD,
    0x2A, 0xB9, 0xE4, 0x97, 0x90, 0x0A, 0x0E, 0x15, 0x5A, 0xE6, 0xEE, 0x02, 0xEC, 0x72, 0xE7, 0xED,
    0xC4, 0xCC, 0xDA, 0x33, 0x23, 0x71, 0xFB, 0x0A, 0x69, 0x0B, 0xAB, 0x23, 0xD4, 0x4D, 0xBE, 0x10,
    0xD7, 0xB3, 0x35, 0x59, 0xB8, 0x19, 0x86, 0x2A, 0x31, 0x9E, 0x54, 0x6E, 0xE7, 0xBE, 0xAA, 0x2E,
    0xF5, 0x0E, 0x54, 0xE3, 0x2B, 0x45, 0x54, 0xEB, 0x4D, 0x5A, 0xCC, 0x21, 0xE4, 0x2F, 0xA2, 0x1A,
    0xDE, 0x7D, 0xA7, 0xFD, 0x5A, 0xF1, 0x57, 0x5D, 0x3E, 0xA9, 0xCB, 0x47, 0x75, 0x79, 0x7F, 0xA6,
    0xB8, 0x0B, 0x97, 0x67, 0x20, 0xA6, 0x32, 0xCF, 0x8E, 0x74, 0xB9, 0x55, 0x3E, 0x83, 0xAB, 0x08,
    0x84, 0x62, 0xB7, 0x4C, 0xDE, 0x63, 0x7F, 0xF8, 0xD2, 0x42, 0xE3, 0xFF, 0x4C, 0x87, 0x8C, 0xBF,
    0x1E, 0xF4, 0xBC, 0x5E, 0xCD, 0x6D, 0x29, 0x19, 0x08, 0xAF, 0x7E, 0xE5, 0xB1, 0x7B, 0xFB, 0xAD,
    0xE7, 0xBA, 0xBC, 0x3C, 0x76, 0x79, 0x19, 0x5C, 0xDE, 0xB8, 0x25, 0x73, 0x8B, 0x94, 0x82, 0x48,
    0xEB, 0x9E, 0x9D, 0x82, 0xBA, 0x08, 0xE2, 0x91, 0xC8, 0xB8, 0x5A, 0x80, 0x1D, 0xE9, 0xE0, 0x7A,
    0x64, 0x43, 0x33, 0x00, 0x65, 0xEC, 0x88, 0x92, 0xB0, 0x13, 0x66, 0xA7, 0x7C, 0xCE, 0x7B, 0xB8,
    0x04, 0x29, 0x98, 0x2C, 0x48, 0xC1, 0x78, 0x6D, 0x78, 0x90, 0x8E, 0x20, 0xF0, 0xD5, 0x5D, 0xB7,
    0x3C, 0xA0, 0xAD, 0x73, 0x90, 0xBC, 0xFB, 0x8D, 0x32, 0xA2, 0x71, 0x09, 0xC3, 0x94, 0x42, 0xA2,
    0x4E, 0x05, 0x87, 0xE5, 0x2A, 0x4A, 0xA3, 0xE4, 0xF7, 0x3E, 0xC3, 0x01, 0x8D, 0x93, 0x87, 0x3B,
    0x5C, 0x4E, 0x3A, 0x33, 0x2F, 0xD4, 0xA5, 0x9A, 0xB4, 0x83, 0x72, 0x7B, 0x19, 0x18, 0x35, 0x5F,
    0x17, 0x8D, 0x79, 0xE1, 0x07, 0xBB, 0x4C, 0x8B, 0x5D, 0x1E, 0x9C, 0x8E, 0xFA, 0xED, 0xCE, 0x8F,
    0x06, 0x89, 0x0B, 0x5E, 0xD3, 0x0C, 0xB7, 0x3F, 0xF6, 0xB4, 0xEC, 0x7B, 0x4E, 0x13, 0xAA, 0x26,
    0x18, 0x26, 0x4E, 0xD3, 0x47, 0x0E, 0xCB, 0x99, 0x8B, 0x93, 0xEC, 0xDC, 0x31, 0xC8, 0x89, 0xFB,
    0x09, 0xDF, 0xAE, 0x38, 0xEB, 0x91, 0x05, 0xC9, 0x08, 0xEB, 0xEA, 0x30, 0x4A, 0x86, 0x3A, 0x36,
    0x26, 0x70, 0x9E, 0xA0, 0x1B, 0x4F, 0x13, 0x2A, 0xAF, 0xAD, 0x6F, 0xFC, 0xD6, 0x73, 0x84, 0x13,
    0xD9, 0x57, 0x22, 0x26, 0x2C, 0x0B, 0x32, 0x45, 0x8B, 0xEF, 0xD8, 0x89, 0x91, 0x4E, 0x48, 0xFB,
    0xCC, 0xE5, 0x03, 0x6C, 0x43, 0x66, 0xA9, 0x2F, 0xE5, 0xFE, 0x07, 0xE8, 0x6B, 0x9C, 0xFA, 0x98,
    0x11, 0xC3, 0xB5, 0xF2, 0x49, 0x4A, 0x49, 0x2A, 0x0B, 0xA3, 0x20, 0x27, 0x41, 0xB8, 0xD1, 0xCD,
    0xD6, 0x8D, 0x15, 0x32, 0x42, 0x86, 0x3D, 0xBE, 0x9D, 0xAA, 0xE4, 0x1E, 0xC9, 0xBC, 0x69, 0x3F,
    0x74, 0xE1, 0x4E, 0x1D, 0x39, 0x02, 0x0C, 0xE5, 0x55, 0x67, 0xF6, 0x8B, 0xE6, 0x68, 0x91, 0x83,
    0x9D, 0xC7, 0xEE, 0xE9, 0x4C, 0x4A, 0xB9, 0x5D, 0x4C, 0x58, 0xDC, 0x93, 0xC5, 0x10, 0xA8, 0xB4,
    0xF9, 0xC7, 0x5B, 0x90, 0x39, 0xBA, 0x0F, 0x4C, 0xE4, 0x9B, 0x53, 0x17, 0x5F, 0x59, 0x04, 0xA6,
    0x16, 0x28, 0xEB, 0xD5, 0x45, 0x88, 0xA4, 0x69, 0x7C, 0x08, 0x4D, 0x15, 0x16, 0x21, 0x98, 0x12,
    0x4D, 0x38, 0x0A, 0xC3, 0x02, 0x34, 0xF2, 0xB2, 0xE1, 0xEF, 0x93, 0x69, 0xA4, 0xAA, 0xB0, 0x57,
    0xE5, 0xF5, 0xEF, 0x66, 0xF3, 0x3D, 0xE8, 0x7F, 0x95, 0xCD, 0xBF, 0xCC, 0x33, 0x00, 0x44, 0x3F,
    0x8B, 0x06, 0xE5, 0xC1, 0x2C, 0xE5, 0xDB, 0xAF, 0xBF, 0x6A, 0xB9, 0xF3, 0xDA, 0x5F, 0xAF, 0x3C,
    0x9A, 0x25, 0xAF, 0xE8, 0x27, 0x5E, 0xFF, 0x8E, 0xD7, 0xBF, 0x81, 0x7B, 0xBC, 0xEB, 0xF4, 0x3E,
    0x4F, 0xBD, 0xFE, 0x12, 0x78, 0x39, 0x46, 0xCC, 0x87, 0xA8, 0x12, 0xA9, 0x0E, 0x82, 0xD2, 0x0B,
    0xEB, 0x51, 0xB5, 0x94, 0x5C, 0xA6, 0x03, 0x93, 0x34, 0x06, 0x0F, 0x82, 0x4E, 0x8B, 0x94, 0xDA,
    0x0F, 0x38, 0xC6, 0xBC, 0xF9, 0x83, 0x2F, 0x3B, 0xB3, 0x05, 0xBF, 0xE7, 0xEA, 0xDC, 0xDD, 0xD7,
    0xDB, 0x3A, 0x3F, 0x1C, 0xE8, 0xFD, 0x93, 0xBD, 0x1F, 0xE2, 0xBD, 0x36, 0x47, 0x7A, 0xE7, 0x99,
    0x7B, 0x14, 0x18, 0xFC, 0xE2, 0xB5, 0x27, 0xF2, 0xE6, 0x8E, 0x98, 0x3B, 0x37, 0x4E, 0x26, 0xA1,
    0xA9, 0x01, 0x7A, 0xF5, 0x95, 0x40, 0x29, 0x49, 0xF4, 0x75, 0xB2, 0x13, 0x29, 0xDD, 0x2E, 0x73,
    0x9A, 0x78, 0x86, 0xC9, 0xA0, 0x91, 0x92, 0xB3, 0x9E, 0x7C, 0xCB, 0x1D, 0x8C, 0xDE, 0xCA, 0x87,
    0x08, 0x63, 0xCC, 0x87, 0x12, 0x7F, 0x05, 0x9D, 0x2D, 0x12, 0x9A, 0x15, 0x2F, 0x87, 0x6A, 0xDD,
    0x51, 0x46, 0x6A, 0xDE, 0xE4, 0x63, 0x74, 0x50, 0x88, 0x94, 0x74, 0x00, 0x06, 0xCA, 0xFB, 0xFF,
    0x56, 0x35, 0xFE, 0x3A, 0xD5, 0x44, 0xD5, 0x2C, 0x54, 0x3E, 0x2E, 0x3E, 0x2C, 0x89, 0x8F, 0xCA,
    0xC3, 0x55, 0x83, 0xF2, 0xEB, 0xD9, 0xCD, 0xEA, 0xA6, 0x9E, 0xB5, 0x68, 0x2C, 0x82, 0x12, 0x5F,
    0x5A, 0x7A, 0x54, 0xE4, 0x19, 0x3B, 0x2C, 0xE7, 0xAF, 0x4B, 0xFF, 0x9F, 0x3E, 0x85, 0xFC, 0x8B,
    0xA7, 0x20, 0xEE, 0xEF, 0x89, 0x8C, 0xDC, 0x81, 0xCA, 0xD3, 0xA3, 0xAD, 0xA4, 0xE4, 0xDF, 0xB0,
    0xEA, 0x9F, 0xB2, 0x64, 0x75, 0xFA, 0x4C, 0x58, 0xD9, 0x0D, 0x1A, 0xC1, 0xCE, 0x05, 0x59, 0x69,
    0xBD, 0x57, 0x4A, 0x1D, 0x2A, 0xED, 0x0A, 0xA1, 0x69, 0xF8, 0x41, 0xF6, 0x76, 0xF5, 0xE6, 0x07,
    0x46, 0x2B, 0xCD, 0x53, 0xE0, 0x51, 0x15, 0x4A, 0xF1, 0x22, 0xC2, 0xCD, 0xC0, 0x71, 0x56, 0xAA,
    0xFC, 0x79, 0x4E, 0xDF, 0xAA, 0x48, 0x42, 0x2F, 0x74, 0x4A, 0xEE, 0xF3, 0x8E, 0x6C, 0xA7, 0x81,
    0x0C, 0xCA, 0x3C, 0x1C, 0xB4, 0xE9, 0x79, 0xCE, 0xB6, 0x55, 0x27, 0x2F, 0x64, 0xF5, 0x09, 0xCA,
    0xC2, 0xFD, 0x9D, 0xD2, 0xF8, 0x9F, 0xF2, 0xF6, 0xFB, 0x3B, 0xBC, 0x81, 0xA7, 0xDC, 0x14, 0x39,
    0x65, 0x66, 0x9F, 0x9A, 0x92, 0x09, 0x31, 0xD6, 0x81, 0x2C, 0x53, 0x26, 0x98, 0xF9, 0x22, 0xA4,
    0x0B, 0x49, 0x09, 0x7A, 0xED, 0x63, 0x6E, 0xDE, 0x54, 0x7D, 0xE6, 0xEA, 0x02, 0x61, 0x11, 0x2E,
    0x25, 0xE3, 0x6E, 0x8A, 0x81, 0x46, 0x1A, 0xA3, 0x15, 0xF6, 0x8D, 0x7E, 0xDC, 0xB0, 0xDD, 0x0A,
    0x1D, 0xDE, 0xF1, 0x0E, 0x83, 0xFB, 0xBA, 0xD7, 0xFA, 0x19, 0x1A, 0xAF, 0xAD, 0xD7, 0x89, 0xEA,
    0xDE, 0x27, 0x85, 0xD9, 0xE8, 0xCE, 0x33, 0x85, 0xDE, 0xEB, 0xD1, 0x03, 0xA2, 0xAF, 0x7C, 0xE6,
    0xC6, 0x23, 0xF8, 0x79, 0x7D, 0xBB, 0xE9, 0x3C, 0xCA, 0x76, 0x4A, 0xB6, 0xB0, 0xC7, 0x2E, 0xA0,
    0x94, 0x7C, 0xF1, 0x8C, 0x6F, 0x9C, 0x3F, 0xA0, 0xF2, 0x23, 0xEF, 0x1A, 0xF2, 0x0C, 0xF9, 0x3A,
    0x9C, 0xC4, 0xEE, 0xFD, 0x66, 0xB4, 0x12, 0xE8, 0x62, 0x6A, 0x84, 0xB9, 0xCB, 0x4C, 0xFB, 0x70,
    0x86, 0x64, 0xF2, 0xA8, 0xE4, 0xFC, 0x31, 0xBF, 0x02, 0x39, 0x85, 0x21, 0x87, 0xC6, 0x14, 0xEB,
    0xA1, 0x8A, 0x32, 0x77, 0xF1, 0x95, 0x89, 0xC5, 0x38, 0xE9, 0xCE, 0x34, 0x00, 0x69, 0x7C, 0xAE,
    0xD0, 0xD7, 0x5C, 0x04, 0xC6, 0xA3, 0x4C, 0xE7, 0xB2, 0x77, 0x4B, 0x32, 0x9C, 0x62, 0x86, 0x77,
    0xF3, 0xBA, 0x1A, 0xE0, 0x01, 0xE9, 0x4B, 0x3D, 0xBD, 0x1B, 0xBD, 0x94, 0x77, 0xFB, 0xD3, 0xD0,
    0x42, 0x6F, 0xF6, 0xEE, 0xE0, 0xDB, 0xCF, 0xE4, 0xBD, 0xEA, 0xF1, 0xB5, 0x11, 0x9F, 0xBD, 0xD6,
    0x79, 0x8C, 0xE9, 0x3C, 0xC8, 0xB4, 0x1E, 0x65, 0x4A, 0xB5, 0x9B, 0xAF, 0xBC, 0xE2, 0x2E, 0x14,
    0xB1, 0xAB, 0xDE, 0xB7, 0x5E, 0xDF, 0xB0, 0x6D, 0xD0, 0xBE, 0x4B, 0x17, 0x41, 0xFB, 0x66, 0x9D,
    0xD5, 0x37, 0x46, 0xA3, 0x47, 0x34, 0xDC, 0x68, 0xD3, 0x4D, 0x34, 0xF2, 0xEB, 0xA3, 0x71, 0x76,
    0x14, 0x0D, 0x95, 0xAB, 0x46, 0x5D, 0x01, 0xEE, 0x99, 0xF9, 0xF7, 0x4C, 0x89, 0x89, 0x2E, 0x1E,
    0x99, 0xCE, 0x3D, 0x4F, 0x24, 0x5F, 0x53, 0x36, 0xDC, 0x1F, 0x0C, 0x56, 0xA9, 0xC6, 0xE6, 0x94,
    0x69, 0x0B, 0xCB, 0x3A, 0xFF, 0x53, 0x9F, 0x12, 0x52, 0x86, 0x4F, 0xE5, 0x07, 0xA0, 0x52, 0x1C,
    0xF6, 0xC6, 0xD1, 0x51, 0x29, 0xAD, 0x4C, 0x3F, 0xE9, 0x60, 0x42, 0xB7, 0xCB, 0xC6, 0x28, 0x10,
    0x81, 0x6C, 0x49, 0xC2, 0xD2, 0x43, 0xB5, 0xEF, 0xA8, 0x63, 0xA0, 0x3A, 0x67, 0x6B, 0x60, 0x3F,
    0xCF, 0xF9, 0x3C, 0x31, 0xD1, 0xB9, 0x14, 0xC5, 0x59, 0x8F, 0x0A, 0x8E, 0xC9, 0x21, 0xE0, 0x26,
    0xA1, 0xB8, 0x4E, 0x86, 0xBD, 0x59, 0x96, 0x73, 0xF4, 0x18, 0x94, 0x7F, 0xE6, 0x9C, 0x91, 0x61,
    0x22, 0x90, 0xA0, 0xBF, 0x8E, 0x09, 0xC1, 0x64, 0x13, 0xEC, 0x74, 0xB5, 0x2C, 0xFD, 0x4C, 0x81,
    0xA6, 0x5A, 0xA9, 0xE3, 0xD0, 0x59, 0xFD, 0x04, 0x30, 0xF9, 0x69, 0xCB, 0xE7, 0xF8, 0x7C, 0x79,
    0x99, 0x61, 0xB9, 0x86, 0x9A, 0x08, 0x44, 0xC0, 0xCA, 0x94, 0xE4, 0x93, 0xB5, 0x19, 0xB1, 0x83,
    0x16, 0x0B, 0xF7, 0x1D, 0xB8, 0x81, 0x4C, 0x26, 0x86, 0xC3, 0x41, 0xCA, 0x9E, 0xCE, 0xA8, 0x67,
    0x34, 0xA7, 0x50, 0xD2, 0x42, 0x23, 0xB1, 0x85, 0x4C, 0xB6, 0xB2, 0x4C, 0x5C, 0xCF, 0xB1, 0x43,
    0x40, 0x1C, 0xD3, 0x48, 0x02, 0x3E, 0x2F, 0xBF, 0xCA, 0xA5, 0x0B, 0xD7, 0x25, 0x58, 0x56, 0xAE,
    0xB6, 0x20, 0xE5, 0x7C, 0xA8, 0x8D, 0x1E, 0x78, 0xCF, 0x42, 0x27, 0xFD, 0x4E, 0xDD, 0x9B, 0x0D,
    0xB1, 0x37, 0x7B, 0x4C, 0xC2, 0x98, 0x9A, 0xED, 0x67, 0x99, 0x30, 0xDC, 0x78, 0xCC, 0xF2, 0xC0,
    0x70, 0xF5, 0x13, 0xDD, 0xF7, 0x52, 0x5E, 0x95, 0xA4, 0xCF, 0x70, 0x20, 0x16, 0x02, 0x27, 0x39,
    0x46, 0x97, 0xBA, 0xC1, 0xA2, 0xCB, 0x67, 0x74, 0xAC, 0x2F, 0x34, 0x43, 0x26, 0xE4, 0xFD, 0x8F,
    0x71, 0x66, 0x36, 0xF3, 0xD4, 0x58, 0xCE, 0xCC, 0x38, 0xC2, 0xAD, 0xD9, 0x5C, 0x74, 0x1E, 0x47,
    0x7C, 0x73, 0x55, 0xD0, 0x11, 0xB7, 0x3C, 0x5E, 0x9B, 0x89, 0x09, 0x93, 0xCD, 0x9C, 0xD2, 0x2C,
    0xDE, 0x22, 0xB1, 0xC3, 0x3E, 0xF0, 0xB3, 0xE3, 0xCE, 0x2D, 0x09, 0xD1, 0x1C, 0xB1, 0xD1, 0xB5,
    0x05, 0x67, 0x2E, 0xAB, 0xF6, 0x48, 0x40, 0xD5, 0x42, 0x57, 0x9E, 0xDC, 0xF7, 0xDE, 0x90, 0xFD,
    0x6B, 0xA1, 0x61, 0x50, 0x19, 0x8C, 0x5D, 0xE5, 0xE1, 0xF6, 0x4C, 0x92, 0xB7, 0x21, 0x21, 0xC0,
    0xC4, 0x43, 0x5E, 0x50, 0x97, 0x60, 0x5B, 0x0B, 0x41, 0x27, 0x1F, 0xA9, 0x50, 0x68, 0xA2, 0x1A,
    0x4E, 0x00, 0x7F, 0x85, 0x7C, 0x8F, 0x35, 0xE2, 0x71, 0x68, 0x02, 0xBE, 0x52, 0xDB, 0x53, 0xB9,
    0x38, 0x07, 0x16, 0x72, 0x36, 0x60, 0x2B, 0x54, 0x86, 0x64, 0x6C, 0x81, 0x8C, 0x7E, 0x80, 0x38,
    0x56, 0x89, 0x7B, 0x1F, 0x0A, 0x55, 0x1A, 0x73, 0x12, 0xAC, 0x13, 0x0E, 0x82, 0x12, 0xD3, 0x72,
    0x4B, 0x77, 0xB4, 0x68, 0x2A, 0x65, 0x68, 0x8A, 0x80, 0x39, 0x8B, 0xCF, 0x6A, 0xF6, 0x59, 0x85,
    0xB6, 0x34, 0xD4, 0xD1, 0x89, 0xFC, 0x65, 0x36, 0x8D, 0xCC, 0x95, 0xE2, 0x2D, 0x01, 0xD7, 0x49,
    0x86, 0xC1, 0x53, 0xB9, 0x14, 0xFA, 0x68, 0x6B, 0x3F, 0x7E, 0xCB, 0xE8, 0x95, 0xE4, 0x48, 0x0D,
    0x44, 0x49, 0xA9, 0xCC, 0x83, 0xB3, 0x1E, 0x1A, 0x26, 0xCC, 0x6B, 0x0D, 0x6C, 0x95, 0x29, 0xB2,
    0x8D, 0xF8, 0xAE, 0x09, 0x32, 0x97, 0x13, 0xB1, 0xF3, 0x1C, 0x64, 0x4F, 0xD3, 0x3A, 0x66, 0x93,
    0x86, 0xB5, 0xDE, 0x5F, 0x80, 0x43, 0x66, 0x41, 0x1B, 0x0B, 0x3E, 0x92, 0x5E, 0x04, 0x96, 0xBE,
    0x1C, 0xA9, 0xC9, 0x9C, 0xA0, 0x23, 0xD4, 0x00, 0x61, 0xBE, 0x7A, 0xAB, 0xAA, 0xB7, 0xAA, 0x2A,
    0x75, 0x14, 0xF0, 0xCA, 0x0F, 0x08, 0x5B, 0x15, 0x11, 0x10, 0xC0, 0x79, 0xA9, 0x74, 0x66, 0x48,
    0x27, 0xA8, 0x5F, 0xCB, 0x38, 0x49, 0x3C, 0x69, 0xC8, 0x9C, 0x80, 0x6B, 0x85, 0x7B, 0xC4, 0x68,
    0xD0, 0x21, 0xA8, 0xF8, 0x0A, 0x4F, 0xB8, 0xF5, 0x04, 0x1E, 0xCE, 0xB5, 0x7E, 0x0A, 0x6D, 0x41,
    0x0A, 0x26, 0xA1, 0x7D, 0x54, 0xDA, 0x25, 0x9A, 0x23, 0xD2, 0x7F, 0x47, 0x13, 0x65, 0xD4, 0x5C,
    0x8F, 0xB4, 0x45, 0x65, 0xC0, 0x86, 0x6B, 0x64, 0xAE, 0x12, 0x70, 0x61, 0x0A, 0x95, 0x1D, 0xD9,
    0x33, 0x65, 0x85, 0xCB, 0xBF, 0xDA, 0x40, 0xFE, 0xAE, 0x2B, 0x69, 0x2D, 0x7A, 0xB0, 0x5B, 0x64,
    0xD7, 0xC9, 0xCD, 0xC0, 0x85, 0xAA, 0x17, 0x39, 0x9D, 0xC0, 0x42, 0xD6, 0x77, 0x31, 0x6C, 0xBA,
    0x45, 0x7B, 0x98, 0x36, 0xAB, 0xFD, 0x1C, 0x22, 0x95, 0x2B, 0xD6, 0x6D, 0x74, 0x9D, 0xB3, 0x19,
    0x8F, 0xD2, 0xFD, 0x95, 0x81, 0xB2, 0x55, 0xBD, 0xB4, 0x0E, 0x44, 0xF6, 0x26, 0xFD, 0xC9, 0xF6,
    0x45, 0x13, 0x82, 0x46, 0x23, 0x82, 0xAE, 0x8E, 0xB4, 0xE7, 0x05, 0x95, 0xEF, 0x2E, 0xCD, 0x60,
    0xB6, 0xCC, 0x35, 0xF0, 0x08, 0xCE, 0x9B, 0xC8, 0x41, 0x05, 0x3C, 0x5F, 0x40, 0x5A, 0x41, 0x32,
    0x97, 0x15, 0x6E, 0xE5, 0x14, 0x21, 0xAD, 0x4B, 0xA0, 0xB6, 0xBB, 0x6E, 0x8A, 0x70, 0xEE, 0x7A,
    0xF9, 0xFC, 0xFF, 0x52, 0x09, 0x2C, 0xFA, 0x99, 0x72, 0x8A, 0x8F, 0x66, 0x8C, 0x7A, 0x3F, 0xA2,
    0xDD, 0x54, 0x3B, 0x0B, 0x89, 0x47, 0x2F, 0x11, 0x1A, 0x7C, 0xC4, 0x06, 0x1F, 0xB1, 0xEE, 0x33,
    0x1D, 0xB1, 0x6A, 0x29, 0x11, 0xB1, 0xF4, 0x60, 0x77, 0xC8, 0x38, 0x1F, 0xA2, 0xCA, 0xEB, 0xC6,
    0x13, 0x31, 0xE7, 0x89, 0x97, 0x67, 0x0F, 0x91, 0xEF, 0x4D, 0x3A, 0xA8, 0x8A, 0xC7, 0x02, 0x7F,
    0xB8, 0x2F, 0xFE, 0x98, 0x24, 0x62, 0x41, 0x59, 0x85, 0xA7, 0xF8, 0x06, 0xD0, 0x3D, 0x52, 0x6C,
    0x42, 0x97, 0xD5, 0x73, 0xDF, 0xCB, 0xDD, 0x98, 0x86, 0xF3, 0x5C, 0xA9, 0xCA, 0x8F, 0x20, 0x9E,
    0xF2, 0xF8, 0x4E, 0xEB, 0x5B, 0xB0, 0xA2, 0xB8, 0xF6, 0x58, 0xE5, 0x68, 0x26, 0x2B, 0x11, 0xC5,
    0x77, 0x39, 0xB4, 0x62, 0x26, 0x83, 0xFA, 0x92, 0x94, 0xED, 0xA9, 0x58, 0x8E, 0xE4, 0x7C, 0xE1,
    0x39, 0xCF, 0x38, 0x62, 0x17, 0xA8, 0x05, 0xF1, 0x01, 0x7C, 0xDC, 0x83, 0xAB, 0x27, 0x28, 0x07,
    0xB2, 0xFE, 0xE6, 0x0F, 0xBE, 0xEC, 0x0D, 0x7C, 0xBE, 0xD2, 0xE9, 0x60, 0xA7, 0x8C, 0x2D, 0x53,
    0x95, 0xFB, 0xDF, 0x8E, 0xAF, 0xA7, 0x2A, 0xD5, 0x0A, 0x4A, 0xC6, 0x6D, 0x70, 0xE2, 0x21, 0x84,
    0x08, 0x55, 0xB5, 0xFF, 0x5F, 0x08, 0x57, 0x76, 0x7D, 0x4C, 0x1E, 0x74, 0x9D, 0x04, 0xD2, 0xED,
    0xC8, 0x9D, 0x22, 0xB5, 0xBC, 0xA1, 0x2C, 0x28, 0x77, 0x4F, 0xBE, 0xB5, 0xA9, 0x8F, 0xAD, 0x7C,
    0x88, 0xB9, 0x29, 0x66, 0xA2, 0x7A, 0xB9, 0x1C, 0x12, 0x46, 0x65, 0x34, 0x1D, 0xA4, 0x51, 0x1B,
    0xFF, 0x27, 0x6F, 0x39, 0xE0, 0x95, 0x96, 0x8B, 0x14, 0x59, 0xE0, 0xE8, 0x56, 0xF1, 0x01, 0x52,
    0x29, 0x43, 0xFD, 0x65, 0xA4, 0x59, 0xA3, 0x2E, 0x0A, 0xFD, 0x8B, 0xF4, 0xAD, 0x1F, 0xCA, 0x22,
    0xFF, 0x50, 0x92, 0xE1, 0x31, 0x16, 0x7F, 0x23, 0x1C, 0x4F, 0xE6, 0x30, 0x53, 0xBC, 0x27, 0x98,
    0x8C, 0x3E, 0x51, 0xFC, 0xB9, 0xAB, 0x57, 0x2C, 0xEC, 0xF7, 0xDC, 0xBB, 0x0B, 0x17, 0x9D, 0x7B,
    0x4A, 0x0A, 0x66, 0xBB, 0xE6, 0x2F, 0x26, 0x2E, 0xDA, 0xEA, 0xA3, 0x11, 0x4E, 0xB5, 0x42, 0x60,
    0x06, 0x2C, 0x2A, 0x01, 0x89, 0x5E, 0x17, 0xD2, 0xE8, 0x33, 0xC9, 0x7C, 0x20, 0x7E, 0xAB, 0x8B,
    0xD4, 0xD5, 0x29, 0xBA, 0xB4, 0xB4, 0xA7, 0x12, 0x09, 0x07, 0xF2, 0x60, 0x74, 0xB1, 0x5B, 0x65,
    0xF1, 0x28, 0x97, 0xDC, 0xFC, 0x5B, 0xF1, 0xD9, 0x62, 0xE1, 0x2F, 0x71, 0xE1, 0x42, 0x9C, 0x8B,
    0x02, 0x83, 0xDD, 0xB7, 0xAE, 0x7D, 0xF3, 0x0A, 0x23, 0x05, 0xAA, 0xD0, 0x8F, 0x3D, 0xD2, 0x4A,
    0xFD, 0x62, 0xCF, 0x09, 0xC3, 0xDB, 0xE6, 0x81, 0xE4, 0xD7, 0x08, 0xB6, 0x4D, 0xE0, 0x4C, 0x45,
    0x9F, 0x39, 0xA4, 0xDF, 0xC8, 0x79, 0x2C, 0xE7, 0x8C, 0xE7, 0xC0, 0xB2, 0xA0, 0xA5, 0x3E, 0xA0,
    0x9B, 0x76, 0xA1, 0xB6, 0xEF, 0xCC, 0xD4, 0xC5, 0x7B, 0x13, 0x75, 0xFE, 0xD1, 0x40, 0x9D, 0xB9,
    0x9E, 0x5A, 0x48, 0x07, 0xB5, 0x10, 0x08, 0x6A, 0xE1, 0xE2, 0xD4, 0x26, 0xE8, 0xEF, 0x18, 0x32,
    0xAA, 0xCE, 0x9C, 0x6A, 0xAD, 0x23, 0x2D, 0x4A, 0x68, 0x4F, 0x86, 0x80, 0xA2, 0x7E, 0x1E, 0xF1,
    0xED, 0x37, 0x9D, 0xC3, 0x50, 0xE2, 0xB5, 0xBF, 0x6B, 0xE6, 0xAF, 0x9A, 0xD6, 0x78, 0xB7, 0xC6,
    0x4F, 0x41, 0xFE, 0x33, 0xFC, 0x5C, 0x7E, 0x52, 0xFA, 0x04, 0xB6, 0xC2, 0xCE, 0x3B, 0x98, 0x9C,
    0x94, 0xAA, 0xE8, 0xA8, 0x50, 0xE6, 0x8C, 0x85, 0x10, 0xB4, 0x41, 0x07, 0x5A, 0x6D, 0x55, 0x85,
    0x53, 0x1C, 0xDC, 0x85, 0x89, 0xF7, 0xCA, 0xE7, 0xC1, 0xF1, 0x2D, 0xAD, 0xD7, 0x95, 0x8F, 0x9B,
    0x87, 0x26, 0xE3, 0xBD, 0xB3, 0xF3, 0xFB, 0xC5, 0x4A, 0xBF, 0x4D, 0xFA, 0xF7, 0x7A, 0x4E, 0x36,
    0xE8, 0x10, 0x90, 0xF7, 0xCE, 0xF3, 0x05, 0x6D, 0xA1, 0x55, 0xAB, 0x1B, 0x36, 0xB5, 0x6A, 0x67,
    0xF2, 0x95, 0xDB, 0x68, 0xD1, 0x05, 0x68, 0x21, 0x55, 0xAA, 0xFD, 0x74, 0xD4, 0x7A, 0xE4, 0xE9,
    0x98, 0x60, 0x11, 0x36, 0x46, 0x7E, 0x61, 0x63, 0xF0, 0xCE, 0x06, 0x79, 0xA2, 0x73, 0x0E, 0x52,
    0x55, 0xFC, 0xD2, 0x21, 0x53, 0x8B, 0x8D, 0xE6, 0xFC, 0xC2, 0xD9, 0x85, 0x73, 0x0B, 0x67, 0x16,
    0xCE, 0x2B, 0x3A, 0xAB, 0x5C, 0x9A, 0x53, 0xA2, 0x73, 0xB6, 0xED, 0x89, 0x56, 0xF0, 0xE8, 0xD2,
    0xAE, 0x5F, 0x15, 0x4F, 0x8E, 0x40, 0x94, 0x81, 0xBD, 0x15, 0xE2, 0xF4, 0x31, 0xE9, 0x3E, 0x50,
    0x86, 0xC3, 0x82, 0x88, 0x6A, 0x01, 0xF3, 0xC6, 0x73, 0x6E, 0xD8, 0x8B, 0x45, 0x90, 0x04, 0x90,
    0x23, 0x75, 0x73, 0xE1, 0x64, 0x04, 0xE9, 0x84, 0x45, 0x3C, 0x30, 0x77, 0x19, 0xAD, 0x46, 0x9D,
    0xF7, 0xD4, 0x77, 0xED, 0x63, 0x2D, 0xB5, 0x72, 0xD3, 0x04, 0xE5, 0xAB, 0xA9, 0xE8, 0x8F, 0xF8,
    0x48, 0xE4, 0x47, 0xB0, 0x78, 0x3F, 0x67, 0x7A, 0x34, 0xF5, 0xC4, 0x24, 0xF3, 0xD1, 0xCB, 0x3F,
    0xF4, 0x63, 0xE6, 0x53, 0x8D, 0x5E, 0xE5, 0xCF, 0x73, 0xAF, 0x6B, 0xF4, 0xFC, 0x94, 0x29, 0xF5,
    0xCF, 0x0D, 0x05, 0xF8, 0x38, 0x4A, 0x89, 0xEB, 0x18, 0xB5, 0xCC, 0xED, 0x01, 0x9C, 0x1B, 0x16,
    0x5E, 0x5B, 0x1F, 0x35, 0x89, 0x4A, 0xCA, 0xEA, 0xE2, 0x68, 0x25, 0x56, 0x61, 0xC2, 0xC1, 0x78,
    0x53, 0x8A, 0xC3, 0x47, 0xA2, 0x9D, 0xBC, 0xD2, 0x36, 0x98, 0x2A, 0xBC, 0x86, 0xF3, 0x76, 0xF3,
    0x0E, 0x6C, 0x9A, 0x73, 0x2B, 0xC4, 0x8A, 0xB1, 0x75, 0x8A, 0xAF, 0x26, 0xEA, 0xAD, 0x01, 0x4A,
    0x7F, 0xA6, 0x00, 0xCD, 0x6E, 0x4E, 0x5D, 0x2F, 0xDC, 0xE1, 0xDC, 0x9C, 0x84, 0x7C, 0x84, 0x0F,
    0x92, 0xB0, 0xD8, 0x85, 0x85, 0xDE, 0x9A, 0x8B, 0x1F, 0x3A, 0x6D, 0x54, 0xD5, 0x77, 0x9D, 0xB6,
    0x2A, 0xF7, 0x0D, 0xC7, 0x66, 0x15, 0xE1, 0x1E, 0x51, 0x0D, 0x0F, 0xFA, 0x3E, 0x98, 0xCE, 0xA1,
    0x2F, 0x8E, 0x7E, 0x51, 0x0C, 0x99, 0xCE, 0x4C, 0x55, 0xE7, 0x17, 0x18, 0x2C, 0x15, 0x6A, 0x39,
    0x24, 0x1C, 0xAA, 0x02, 0xB9, 0xED, 0x7C, 0x87, 0xF2, 0x0B, 0xEF, 0xFA, 0xFF, 0x65, 0xAA, 0x9E,
    0x15, 0xB4, 0x18, 0xCE, 0x89, 0x26, 0x5A, 0xE0, 0x75, 0xB4, 0x3F, 0xB9, 0xB0, 0x46, 0x4A, 0x38,
    0xC1, 0x44, 0xEB, 0x67, 0x07, 0xB2, 0xE8, 0x17, 0x89, 0x4E, 0x4A, 0xD1, 0x39, 0x66, 0x5B, 0xE9,
    0x79, 0x5D, 0x25, 0xB8, 0xEF, 0xDC, 0xDF, 0x3B, 0x47, 0xBB, 0xE4, 0x89, 0x42, 0x5C, 0x7B, 0x51,
    0x2D, 0x76, 0x12, 0x2C, 0x4D, 0x57, 0x2B, 0x1E, 0x93, 0x61, 0x14, 0x5E, 0x36, 0x31, 0xC9, 0xC0,
    0xDD, 0xC7, 0x72, 0xDC, 0x43, 0xDA, 0xD1, 0x70, 0xC2, 0x81, 0x95, 0xFF, 0xB5, 0x94, 0x6C, 0xF8,
    0xCF, 0x1C, 0x9E, 0xA6, 0x98, 0x53, 0xD3, 0xB0, 0x43, 0x6A, 0x60, 0x5E, 0x91, 0x14, 0x83, 0xCB,
    0xD7, 0xF3, 0x27, 0x7C, 0xDE, 0xAD, 0x12, 0x99, 0x6F, 0x38, 0x54, 0x06, 0xC6, 0x8E, 0xDE, 0x48,
    0x74, 0x4F, 0x1E, 0x04, 0x48, 0x53, 0x40, 0x53, 0x38, 0x53, 0x30, 0x53, 0x28, 0x53, 0x20, 0xBB,
    0x01, 0xC6, 0x2A, 0xC2, 0xC5, 0x56, 0x9E, 0x42, 0xF6, 0x48, 0xEB, 0xA2, 0x23, 0xD5, 0x51, 0xC9,
    0x11, 0x34, 0x2D, 0x7D, 0xFD, 0x1C, 0xC9, 0xC0, 0x54, 0x55, 0x4E, 0xFB, 0x99, 0xF6, 0xEA, 0x93,
    0x83, 0x49, 0xB8, 0x5B, 0x3A, 0x70, 0x4F, 0xCA, 0x42, 0xE7, 0xB2, 0x81, 0xF1, 0xE9, 0x37, 0x96,
    0xB4, 0xC2, 0x16, 0xBE, 0x83, 0x79, 0x11, 0xA1, 0x89, 0xE0, 0xC3, 0x98, 0xBC, 0x64, 0xC1, 0xC5,
    0x26, 0x84, 0xB8, 0x3E, 0xBA, 0xCA, 0xB9, 0x27, 0xEC, 0xD8, 0x8E, 0x59, 0x28, 0xC9, 0xFC, 0x4D,
    0xD7, 0x15, 0x52, 0x3A, 0xBD, 0x1D, 0x05, 0x10, 0x25, 0x57, 0xED, 0x00, 0x47, 0x0E, 0x2E, 0x88,
    0x9E, 0xC7, 0xD1, 0x3A, 0x26, 0x28, 0x8B, 0x97, 0xD4, 0xDF, 0xBA, 0xF7, 0xDF, 0x00, 0xD7, 0xC7,
    0x1C, 0x02, 0x60, 0x6D, 0xD8, 0xC9, 0x51, 0x4E, 0xA7, 0xCD, 0xB7, 0xB5, 0x4D, 0xD4, 0xCC, 0xB2,
    0x91, 0x99, 0xB5, 0xE0, 0xAD, 0xC6, 0x95, 0xC2, 0xA1, 0x85, 0x2F, 0x58, 0x44, 0xBB, 0xFF, 0x05,
    0x24, 0xA6, 0x5E, 0x9C, 0x60, 0xC3, 0xCD, 0x4D, 0x35, 0x1F, 0x9A, 0x85, 0x9D, 0x1B, 0x9F, 0x5D,
    0x97, 0xE4, 0x84, 0xF7, 0x2A, 0x95, 0x03, 0xE1, 0x7B, 0x20, 0x78, 0x77, 0xF2, 0xF6, 0x4E, 0xF6,
    0x07, 0x78, 0x0B, 0xAB, 0x7F, 0x5F, 0x90, 0x5C, 0x6D, 0xD8, 0x29, 0xFA, 0x17, 0x20, 0xFC, 0x6A,
    0x26, 0x33, 0x63, 0x87, 0x0C, 0xC8, 0x11, 0x9A, 0x8A, 0x59, 0xF7, 0xFB, 0x0F, 0x5D, 0xFB, 0xDB,
    0x6C, 0xE2, 0xF2, 0x55, 0x1F, 0x02, 0xE3, 0x2E, 0x79, 0xC5, 0xBB, 0x46, 0x42, 0xDE, 0x01, 0x16,
    0xDA, 0x46, 0x28, 0x63, 0x5D, 0x49, 0x22, 0x02, 0xB7, 0x00, 0x3C, 0x7A, 0xA0, 0xB8, 0xFF, 0xE4,
    0x3E, 0x9C, 0x5E, 0x17, 0x80, 0xB0, 0x41, 0xDB, 0xED, 0x41, 0xDA, 0xDA, 0x1E, 0x47, 0xE8, 0x46,
    0xD7, 0x5D, 0xD0, 0x75, 0x28, 0xC7, 0xF6, 0xDE, 0x67, 0xC0, 0x75, 0xE9, 0x90, 0x4A, 0xBE, 0xCC,
    0x76, 0xDE, 0x88, 0xAC, 0x0F, 0xEC, 0x65, 0xF3, 0xB9, 0xD6, 0xC5, 0x42, 0xBB, 0xFE, 0xC3, 0xA7,
    0xED, 0x62, 0xD0, 0xE8, 0x30, 0x7F, 0x29, 0xE6, 0xDF, 0xB6, 0x8C, 0xAF, 0x6B, 0x05, 0xD7, 0x7E,
    0x9A, 0x32, 0x3A, 0x3F, 0x7F, 0x60, 0xCE, 0x7A, 0xD8, 0x4A, 0xEE, 0x5E, 0x61, 0x80, 0x1B, 0xB1,
    0x8C, 0xE4, 0x37, 0xB4, 0xC5, 0xC7, 0xE0, 0xB9, 0xF0, 0xDD, 0x0A, 0x94, 0x4C, 0x51, 0x7A, 0xAF,
    0xBB, 0x52, 0x96, 0xF9, 0xF4, 0xAA, 0x51, 0x82, 0xEC, 0xE9, 0xAC, 0xED, 0x65, 0xA9, 0x3C, 0x36,
    0xC7, 0x10, 0xA1, 0xAD, 0x13, 0x40, 0xBE, 0x5B, 0x7D, 0x97, 0x75, 0x6E, 0xDF, 0x70, 0xF7, 0x4B,
    0x62, 0xF5, 0xBE, 0xED, 0x7A, 0xB8, 0x16, 0xAF, 0x67, 0x2E, 0xD6, 0x66, 0x5B, 0x4D, 0xB2, 0x83,
    0xEF, 0xB7, 0x68, 0x06, 0xDA, 0x72, 0x39, 0xA7, 0x68, 0xB7, 0xE5, 0xE0, 0x62, 0x75, 0x60, 0x82,
    0x39, 0x85, 0xF6, 0x58, 0xC3, 0x06, 0x09, 0xC2, 0xE3, 0x4D, 0xEF, 0x4D, 0xC4, 0x61, 0xE2, 0x91,
    0x5C, 0x51, 0xDE, 0x1A, 0x23, 0x5E, 0x73, 0x91, 0xE7, 0x3B, 0xBD, 0x3C, 0xC8, 0x68, 0xC9, 0xA5,
    0x90, 0xE9, 0xC8, 0x13, 0x3C, 0xEA, 0xBD, 0xFF, 0xF7, 0x7E, 0xBE, 0xBA, 0x78, 0x01, 0xBF, 0xDF,
    0xF7, 0x32, 0x91, 0xF6, 0xE3, 0xBA, 0x14, 0x91, 0xC6, 0xA2, 0xA0, 0xA1, 0xE4, 0xC2, 0xB2, 0xE8,
    0x73, 0xB4, 0x79, 0xF3, 0x4A, 0x33, 0x64, 0x62, 0xDE, 0x0F, 0x30, 0xE3, 0x65, 0x73, 0x0C, 0x0F,
    0xC5, 0xC2, 0xC7, 0x94, 0x6F, 0xAE, 0x42, 0xCD, 0x02, 0xFC, 0x7A, 0x7F, 0x28, 0xF8, 0x8A, 0x67,
    0x1F, 0xAF, 0x8F, 0x49, 0x3E, 0xF0, 0x0C, 0x2C, 0xCB, 0xF1, 0x16, 0x82, 0x61, 0xB1, 0x0F, 0xF9,
    0x06, 0x77, 0x1E, 0x10, 0x75, 0x21, 0x78, 0xE4, 0x07, 0x32, 0xF9, 0x48, 0x02, 0x62, 0xFC, 0xA4,
    0x3D, 0x65, 0xA1, 0x16, 0xBA, 0x3A, 0xBA, 0x1F, 0xD8, 0x2E, 0x49, 0x98, 0x52, 0xAE, 0xAD, 0xBC,
    0x86, 0x7C, 0x45, 0x8F, 0x9F, 0x69, 0x73, 0x69, 0x89, 0xC4, 0x1C, 0xE9, 0x30, 0xA9, 0xAC, 0x60,
    0xC7, 0x32, 0x0E, 0xE4, 0x0E, 0xE8, 0x9F, 0x05, 0x99, 0x6A, 0x4B, 0x2E, 0x95, 0xE2, 0xFA, 0x0A,
    0x47, 0xD5, 0xA6, 0xEC, 0x60, 0x09, 0xB9, 0xA7, 0x8E, 0x96, 0xBB, 0x7D, 0x3B, 0xAF, 0x99, 0x3A,
    0xCA, 0x02, 0xDB, 0x53, 0x18, 0xD3, 0xE6, 0xA0, 0x4E, 0x42, 0x6E, 0xE4, 0x0D, 0x7F, 0x97, 0xCA,
    0xFD, 0x7E, 0xB3, 0x92, 0x6E, 0x4D, 0xB4, 0xA1, 0xF3, 0x1D, 0xC4, 0x9C, 0xA0, 0xD0, 0x19, 0xD4,
    0x0D, 0x8F, 0x82, 0x88, 0xAF, 0xE7, 0x51, 0x1C, 0xE3, 0x74, 0x0F, 0x6E, 0x57, 0xDB, 0x0B, 0xC1,
    0xD2, 0xA2, 0x4C, 0x94, 0x42, 0xD5, 0x86, 0x93, 0x60, 0x81, 0xBD, 0x0B, 0x60, 0x16, 0x08, 0xB6,
    0x0E, 0xB2, 0x30, 0x32, 0xA2, 0x5D, 0x10, 0x1C, 0x23, 0x9D, 0xBC, 0x5B, 0x36, 0x8E, 0x73, 0x94,
    0x92, 0x33, 0x79, 0xFF, 0xEE, 0xFD, 0xC0, 0x17, 0x95, 0x2D, 0x16, 0x7B, 0xB9, 0x82, 0xBD, 0x4A,
    0x1F, 0x93, 0x86, 0x2C, 0x84, 0xB8, 0x68, 0x77, 0x60, 0x2E, 0xAD, 0x4E, 0x5B, 0xF9, 0x7C, 0x18,
    0x27, 0x09, 0x37, 0x31, 0x4B, 0x29, 0x0E, 0x2E, 0xC3, 0x5D, 0x7E, 0x8B, 0x37, 0x36, 0x96, 0xCE,
    0xCD, 0x3D, 0x2D, 0xF2, 0xF2, 0x9F, 0x53, 0x5A, 0xBA, 0x5E, 0x98, 0x91, 0x14, 0x51, 0xB5, 0x7E,
    0x45, 0xDE, 0xB2, 0x4C, 0xAB, 0x9C, 0x34, 0x35, 0xD2, 0x6D, 0x4E, 0xCE, 0x7D, 0x85, 0x8E, 0x39,
    0xD9, 0x4E, 0x10, 0x43, 0x01, 0x04, 0x83, 0x2B, 0x4C, 0xAE, 0xF6, 0x54, 0x84, 0x3C, 0x3A, 0x06,
    0xAF, 0x28, 0x03, 0x9E, 0x48, 0xAE, 0x40, 0xB5, 0x60, 0x5A, 0xAA, 0xB0, 0x38, 0x05, 0x58, 0xB7,
    0x2A, 0x4E, 0x20, 0x0A, 0x94, 0xBC, 0xE0, 0x88, 0x1B, 0xAB, 0x51, 0x32, 0x94, 0x74, 0x34, 0xF7,
    0x5D, 0x5D, 0x5C, 0xFB, 0x70, 0x2D, 0x8D, 0xDF, 0x4B, 0x79, 0x1D, 0x41, 0xC2, 0xFA, 0xF9, 0xAA,
    0x08, 0xD3, 0xE8, 0xAD, 0x9F, 0x4A, 0x69, 0xEE, 0xB0, 0xD1, 0x98, 0x0F, 0x1F, 0x9D, 0xCA, 0x01,
    0x51, 0x60, 0x2F, 0xFE, 0x27, 0xF2, 0x3A, 0xF1, 0x3A, 0xF3, 0xDA, 0x7A, 0xED, 0x54, 0xC7, 0x5E,
    0x67, 0xB3, 0x6A, 0x1B, 0x5A, 0x61, 0x4B, 0xFD, 0x63, 0xC5, 0x2D, 0x24, 0xB1, 0xEA, 0xC1, 0xEB,
    0xD6, 0x6B, 0x7F, 0xDE, 0xE2, 0xF5, 0x65, 0x1B, 0x60, 0xD7, 0x05, 0x6F, 0x9B, 0x1F, 0xDB, 0x4D,
    0xAD, 0x1D, 0x03, 0x4E, 0x99, 0xE8, 0x02, 0x5D, 0x0F, 0xB7, 0xDC, 0x5F, 0xD0, 0x73, 0x51, 0x59,
    0x80, 0xF4, 0x8D, 0x08, 0x95, 0x6B, 0x49, 0xB1, 0x20, 0x53, 0xCA, 0x82, 0xD2, 0x41, 0xC6, 0x2B,
    0x64, 0x3E, 0x42, 0x56, 0x2D, 0xA4, 0xE3, 0xF3, 0x13, 0x65, 0x4F, 0x59, 0xEA, 0x0E, 0x06, 0x36,
    0x3E, 0x4A, 0xDC, 0xB4, 0x3D, 0x45, 0xCC, 0x6A, 0x0B, 0x9D, 0x9D, 0x86, 0x40, 0x07, 0x8F, 0xF5,
    0x55, 0xBE, 0x70, 0x29, 0x62, 0xDD, 0xA5, 0x88, 0xD5, 0xFF, 0xC4, 0x22, 0x76, 0x64, 0x3F, 0x58,
    0x06, 0x48, 0x12, 0xC8, 0xC5, 0x91, 0xBC, 0x96, 0x69, 0x1C, 0xBC, 0x30, 0xD2, 0xA3, 0x52, 0x82,
    0x88, 0x5B, 0xFA, 0xE9, 0xC7, 0xAD, 0x67, 0xDC, 0xB0, 0xBF, 0xC4, 0x4D, 0x64, 0xE8, 0x7C, 0xBE,
    0xCB, 0x1D, 0xAB, 0xEB, 0x3B, 0xDE, 0x6B, 0xEB, 0x23, 0x43, 0xBC, 0x5C, 0xB5, 0x4E, 0x51, 0xEF,
    0x95, 0x0E, 0x4F, 0x6E, 0x04, 0x8F, 0x10, 0x78, 0x96, 0x58, 0x80, 0x43, 0xC8, 0x46, 0x35, 0x20,
    0x43, 0x60, 0x14, 0x77, 0x8F, 0xC5, 0x47, 0x1C, 0x1D, 0xFB, 0x6A, 0x24, 0x05, 0x6C, 0x86, 0x43,
    0x82, 0xDC, 0xA4, 0x38, 0x47, 0xF6, 0x48, 0x7C, 0x99, 0x98, 0x9A, 0x19, 0xAA, 0xAD, 0xB8, 0x19,
    0xD8, 0x9E, 0x6C, 0x2D, 0x74, 0xAF, 0x54, 0x2E, 0xD0, 0x01, 0x67, 0x12, 0x27, 0x08, 0x37, 0x72,
    0x4E, 0x00, 0x74, 0x58, 0xB5, 0xF3, 0x94, 0x66, 0x0A, 0x0C, 0xB3, 0xEB, 0xA3, 0xD5, 0xB1, 0xBB,
    0x1D, 0xC4, 0x35, 0x6D, 0x0E, 0x53, 0x47, 0xE9, 0xB1, 0x3E, 0x8C, 0x0A, 0x03, 0xA6, 0x8E, 0x19,
    0x53, 0x87, 0x0C, 0x82, 0x82, 0xB9, 0x15, 0xBA, 0x5D, 0x33, 0x68, 0x39, 0x66, 0x5B, 0x21, 0x5D,
    0x71, 0x15, 0x91, 0x2F, 0x62, 0x73, 0x31, 0x4B, 0xBF, 0xB2, 0x93, 0x95, 0x77, 0x39, 0x4D, 0x72,
    0x2B, 0x50, 0xE5, 0x51, 0x9B, 0xCF, 0x73, 0x9C, 0x1A, 0xD1, 0xA9, 0xED, 0xD6, 0xA9, 0xCB, 0x91,
    0x53, 0xA7, 0xBD, 0x53, 0x41, 0x45, 0x55, 0x91, 0x6B, 0xDD, 0xA4, 0x0E, 0x4E, 0x35, 0x47, 0x4E,
    0x55, 0x0A, 0x2D, 0x7B, 0xD2, 0xA9, 0x29, 0xE9, 0x0A, 0x7A, 0x53, 0x7C, 0xAB, 0x53, 0x4F, 0x1E,
    0xEC, 0x9D, 0xA5, 0xDE, 0xA2, 0xBB, 0xF6, 0xDC, 0x40, 0x1C, 0x86, 0x3D, 0xE8, 0x02, 0x53, 0xAC,
    0xE8, 0x1F, 0xD2, 0xA6, 0x9A, 0x41, 0xD9, 0x11, 0x3C, 0x71, 0x24, 0xF5, 0xEF, 0x70, 0x9F, 0x11,
    0xCB, 0xF2, 0xF0, 0xA2, 0x75, 0x7F, 0xA9, 0x8E, 0xF5, 0x3B, 0x1B, 0xEF, 0x3F, 0xEF, 0xC0, 0x9F,
    0x7F, 0x1E, 0x7F, 0x06, 0x5D, 0xFE, 0xE2, 0x94, 0x6D, 0x93, 0xCF, 0xFF, 0x68, 0x21, 0x7A, 0x71,
    0x6B, 0x39, 0x49, 0x46, 0x64, 0x27, 0x39, 0x23, 0xE2, 0xD9, 0xD2, 0x2A, 0x8C, 0xAF, 0x2D, 0x46,
    0x70, 0xFD, 0x62, 0x90, 0xD7, 0x87, 0x9C, 0xC8, 0x0C, 0x44, 0x6D, 0xE6, 0xD3, 0x6E, 0x3F, 0x43,
    0x2E, 0x5E, 0x46, 0x24, 0x5C, 0x66, 0x2B, 0x2B, 0xE7, 0xE9, 0xD2, 0x66, 0xDA, 0xAC, 0xA6, 0xA4,
    0xC6, 0x3E, 0xD2, 0xC0, 0x22, 0xF4, 0x09, 0x04, 0xB8, 0x02, 0x1B, 0x6C, 0x85, 0x60, 0x7A, 0x46,
    0x38, 0xF3, 0x5E, 0x32, 0x62, 0x34, 0x7C, 0x3F, 0x7A, 0x69, 0x82, 0x29, 0xAE, 0x98, 0x38, 0x0C,
    0x95, 0xB8, 0x4C, 0x6B, 0x2F, 0xDE, 0x10, 0xF3, 0x4B, 0xF6, 0x15, 0x8C, 0x65, 0xB4, 0x25, 0xD7,
    0xD9, 0x44, 0x0F, 0x9B, 0xF1, 0xB4, 0xF2, 0xA6, 0x08, 0x8F, 0xE4, 0xB5, 0x04, 0xC4, 0x76, 0x62,
    0x61, 0xB5, 0xBC, 0x01, 0xD3, 0x74, 0xAB, 0xC5, 0xE7, 0x04, 0x91, 0x2D, 0xD2, 0x37, 0x76, 0x7A,
    0xC9, 0x58, 0xD5, 0x2E, 0x8C, 0x62, 0x37, 0x7E, 0xB0, 0x95, 0x24, 0x82, 0x57, 0x95, 0xBC, 0x55,
    0x01, 0xA3, 0x3A, 0x93, 0xAE, 0x1C, 0x73, 0x65, 0x8A, 0x40, 0xD0, 0x73, 0xB1, 0x55, 0x46, 0x32,
    0xCB, 0xC6, 0x66, 0x2A, 0xF1, 0xB7, 0x8C, 0x11, 0x4D, 0x4B, 0x8E, 0xA9, 0x54, 0x78, 0xC7, 0x72,
    0x73, 0x5F, 0x9F, 0x69, 0xCB, 0x9F, 0xD2, 0x13, 0xEE, 0x87, 0x83, 0xF6, 0xB6, 0x5E, 0x89, 0x9C,
    0x4E, 0x90, 0x4A, 0xE7, 0xFC, 0x68, 0x95, 0x30, 0x24, 0xA5, 0xCE, 0x3E, 0x03, 0x8E, 0x31, 0xBB,
    0xB5, 0x51, 0xBE, 0xEB, 0x67, 0x00, 0x3E, 0xB8, 0xD3, 0xD8, 0x19, 0x4F, 0x7D, 0xEE, 0xAA, 0xF5,
    0x39, 0xEF, 0x5F, 0xB0, 0xDD, 0xDB, 0x20, 0xFB, 0xE7, 0x53, 0x44, 0xD9, 0x54, 0x25, 0x28, 0x7D,
    0x33, 0xC5, 0xE8, 0x1F, 0x83, 0x0C, 0x9E, 0xB8, 0x19, 0xD8, 0x40, 0x2B, 0x43, 0x4A, 0x24, 0xF7,
    0xB2, 0x33, 0xAE, 0x55, 0xCC, 0xF1, 0x02, 0xB6, 0x0B, 0x23, 0x53, 0x27, 0x53, 0x8E, 0x18, 0x85,
    0xF4, 0xDB, 0x39, 0x1A, 0xAA, 0x76, 0x36, 0xBC, 0x56, 0xE5, 0x36, 0x84, 0x9C, 0x77, 0xCA, 0xA6,
    0xC0, 0xE3, 0xEF, 0x18, 0x3C, 0x7E, 0x8F, 0x83, 0x45, 0xC3, 0x5B, 0x69, 0x74, 0x94, 0xCE, 0xE9,
    0xFB, 0x74, 0x40, 0x28, 0x98, 0x50, 0x25, 0xC7, 0xEA, 0xE6, 0x12, 0xC7, 0xE5, 0x85, 0x82, 0xCC,
    0x60, 0x22, 0x8D, 0x9B, 0x41, 0x9C, 0x2B, 0x37, 0x25, 0x72, 0x45, 0x99, 0x63, 0x22, 0x2A, 0x54,
    0x8B, 0x91, 0xE9, 0x14, 0x51, 0x44, 0x68, 0xA5, 0xE0, 0xA5, 0xA8, 0x38, 0x29, 0xF4, 0xEC, 0xA8,
    0x15, 0x0F, 0x6A, 0x61, 0x4C, 0xE4, 0xDE, 0xE1, 0x6D, 0xDC, 0x7B, 0x5A, 0x36, 0x1F, 0xCD, 0x4A,
    0xC3, 0x47, 0x0D, 0x1F, 0x03, 0x91, 0x62, 0x8C, 0xF3, 0x73, 0x12, 0xDE, 0x80, 0x7C, 0x95, 0x13,
    0xAD, 0xF9, 0x6D, 0x8D, 0xA9, 0x7B, 0x3C, 0x6A, 0x76, 0xF6, 0xAA, 0x94, 0x29, 0x6A, 0xF0, 0x2B,
    0xAD, 0x97, 0x13, 0xE5, 0xF5, 0xCA, 0x9B, 0x3C, 0x59, 0xBA, 0xA4, 0x6E, 0xE5, 0x4E, 0x97, 0x5C,
    0xF0, 0x45, 0xA5, 0xFC, 0xAF, 0x3B, 0x00, 0xF8, 0x05, 0x00, 0x0A, 0x91, 0xC5, 0x35, 0xC5, 0x74,
    0x04, 0x42, 0x12, 0x19, 0x19, 0x2C, 0x1B, 0xC3, 0x9A, 0x62, 0x41, 0xA4, 0x05, 0xD0, 0x98, 0xC1,
    0xA9, 0x8B, 0xB5, 0x7E, 0x7E, 0x53, 0xAB, 0xE9, 0x1B, 0xBC, 0xAD, 0xFB, 0x6B, 0xDE, 0xB6, 0x39,
    0x4A, 0xE4, 0xE2, 0x28, 0x91, 0x53, 0x0D, 0x4A, 0xA2, 0xF5, 0xC6, 0xA8, 0xFF, 0x82, 0x8E, 0x6F,
    0xC5, 0xEB, 0x74, 0x92, 0x9F, 0x63, 0x2A, 0x42, 0xB0, 0xA8, 0x69, 0xB3, 0x55, 0x7A, 0x71, 0xE9,
    0x1A, 0xFF, 0x46, 0xFE, 0xC9, 0x67, 0x31, 0xDF, 0xA1, 0x15, 0xDE, 0x34, 0x4C, 0xA2, 0x92, 0x56,
    0x3A, 0x8A, 0xF5, 0x15, 0x93, 0xAF, 0xE4, 0x54, 0x34, 0x99, 0xE9, 0xE6, 0x02, 0xAF, 0x9B, 0x7D,
    0x81, 0x37, 0x72, 0x7A, 0x05, 0x2A, 0xD8, 0x9B, 0x64, 0xA5, 0x5F, 0x10, 0x25, 0xE0, 0xF9, 0xC4,
    0xD4, 0x28, 0xB4, 0xC0, 0xAD, 0x18, 0x2C, 0x73, 0xE3, 0xA6, 0xC0, 0x13, 0x71, 0xAB, 0x66, 0xE4,
    0xB2, 0x29, 0xF0, 0xE6, 0x43, 0x25, 0xF8, 0xEA, 0x97, 0x42, 0x2F, 0x93, 0xA9, 0x5F, 0x52, 0xF5,
    0x4B, 0xBC, 0x6C, 0xFC, 0x32, 0x64, 0x2F, 0x59, 0xE0, 0xE6, 0x5F, 0x1A, 0xB4, 0x6A, 0xFB, 0x35,
    0xC2, 0xE4, 0x53, 0x6C, 0xD2, 0xFC, 0x1E, 0x1B, 0x29, 0x72, 0x25, 0x5A, 0x91, 0x15, 0xF1, 0x9C,
    0x23, 0x69, 0x01, 0xA9, 0x26, 0xEA, 0x5E, 0x79, 0x7E, 0xC9, 0x4F, 0x2C, 0xF9, 0xDE, 0x97, 0x7C,
    0xB3, 0x2F, 0xF9, 0x49, 0x4B, 0x3E, 0x3E, 0x94, 0xFC, 0xFA, 0x02, 0x25, 0x6F, 0x69, 0x7E, 0xC1,
    0xA8, 0x66, 0x9B, 0x92, 0x2F, 0x5E, 0xB2, 0xE4, 0x9F, 0x7C, 0xA2, 0x92, 0xFF, 0x95, 0xB7, 0xDF,
    0xFE, 0xDA, 0xDB, 0x6F, 0xFF, 0xA1, 0x5C, 0xED, 0xA9, 0x03, 0xB3, 0x87, 0x9A, 0xCF, 0xC4, 0x97,
    0x8D, 0xEB, 0x7C, 0xB7, 0x7E, 0x21, 0x35, 0x52, 0x35, 0x33, 0x55, 0xE5, 0x4A, 0xE1, 0x00, 0x6C,
    0x7E, 0x4E, 0x09, 0x92, 0x63, 0x9C, 0x78, 0x83, 0x37, 0x7F, 0xF0, 0x65, 0x8D, 0x6C, 0xF6, 0x7C,
    0x95, 0x33, 0x39, 0xA3, 0xA3, 0x9E, 0x94, 0x40, 0xA5, 0x03, 0x46, 0x46, 0xCB, 0xF9, 0x6C, 0x2B,
    0xB3, 0xFE, 0x96, 0x51, 0xB1, 0x72, 0xB3, 0x03, 0xBA, 0x41, 0x16, 0xC8, 0xE5, 0x5E, 0x90, 0x0A,
    0x8D, 0xF7, 0x1A, 0xD9, 0x89, 0xDC, 0x81, 0x72, 0x2B, 0x8D, 0xA2, 0xFB, 0x1D, 0x5B, 0x85, 0xC8,
    0xDD, 0x93, 0x6F, 0xB9, 0x83, 0x95, 0x5B, 0xF9, 0xD0, 0x3D, 0x0B, 0x5D, 0x33, 0xE6, 0x59, 0x60,
    0x34, 0x1B, 0xD9, 0x9E, 0x2A, 0x29, 0x43, 0xDE, 0x50, 0x56, 0x94, 0x56, 0x65, 0x4D, 0x49, 0xA7,
    0x7E, 0x2E, 0x64, 0xF2, 0xCF, 0x2C, 0x65, 0xD6, 0x2C, 0x43, 0x8F, 0xAB, 0xC0, 0xD9, 0xBC, 0x14,
    0x97, 0x8D, 0xA1, 0xB5, 0x04, 0x59, 0xB0, 0x0E, 0x73, 0xCA, 0x8C, 0xC8, 0x9C, 0xB1, 0x24, 0xA3,
    0x52, 0x09, 0x6E, 0x7F, 0x10, 0xE0, 0x23, 0xF0, 0x9F, 0xED, 0x44, 0x14, 0x10, 0x39, 0x44, 0x26,
    0x33, 0x51, 0xFB, 0x79, 0xB8, 0xD1, 0x3C, 0x47, 0x90, 0x4B, 0xCA, 0x56, 0xA5, 0x0A, 0x13, 0xA9,
    0xA0, 0xDD, 0x7B, 0xF1, 0x04, 0x02, 0x18, 0x66, 0x7E, 0x63, 0xD3, 0xD7, 0x0E, 0x89, 0x7D, 0xCD,
    0xE2, 0x96, 0x64, 0x3F, 0x54, 0x73, 0xCB, 0x74, 0xDC, 0x2E, 0x4A, 0x52, 0x9F, 0x88, 0x9E, 0xF9,
    0x17, 0x9A, 0xFB, 0x6A, 0xE8, 0xCB, 0x2D, 0xDC, 0x07, 0x61, 0xC1, 0x7E, 0xC9, 0xC5, 0x1A, 0x16,
    0xAE, 0xD6, 0x87, 0x73, 0xD7, 0xE9, 0x22, 0xA6, 0x0B, 0x65, 0x11, 0x61, 0xCD, 0x7D, 0x6E, 0x5E,
    0xEC, 0xC2, 0xC3, 0x29, 0x06, 0xCF, 0x76, 0xC7, 0x0D, 0xCF, 0xDC, 0x33, 0x94, 0xD9, 0x1A, 0xE9,
    0x2D, 0xF0, 0x14, 0x17, 0x17, 0xBC, 0x97, 0x44, 0xB4, 0x2D, 0xB4, 0x63, 0x0E, 0x21, 0x25, 0xBC,
    0xEE, 0x55, 0xDB, 0xFA, 0x96, 0x82, 0xB9, 0xAE, 0x82, 0xB0, 0xEF, 0x18, 0xF4, 0x99, 0x7B, 0x84,
    0x9C, 0xAF, 0x63, 0x1D, 0x99, 0xCC, 0x55, 0x2D, 0xF5, 0xA0, 0xDA, 0x05, 0xAD, 0xF5, 0x15, 0xB1,
    0xC2, 0xE4, 0xB9, 0x6A, 0x50, 0x6D, 0x6F, 0xD0, 0x55, 0xBF, 0x79, 0xBE, 0xD0, 0x6E, 0x34, 0xC8,
    0x05, 0x57, 0xB5, 0xC3, 0x3D, 0x8A, 0xD9, 0x96, 0xF0, 0x85, 0xDB, 0xC8, 0xB3, 0x83, 0xBB, 0xCB,
    0x8D, 0x64, 0x24, 0x1A, 0xCA, 0x27, 0x94, 0x77, 0x34, 0x19, 0xBD, 0x74, 0xAC, 0x92, 0xAD, 0xDC,
    0x7E, 0x7B, 0xBB, 0x4C, 0xD8, 0xA5, 0x2B, 0x12, 0x15, 0x46, 0xDF, 0x70, 0xFE, 0xC0, 0xF7, 0xF3,
    0x25, 0xF9, 0xF9, 0x54, 0x07, 0xCE, 0x69, 0x4F, 0x84, 0x32, 0xBE, 0xBC, 0xBB, 0xD0, 0x1D, 0x64,
    0x2C, 0x84, 0xE0, 0x0A, 0x75, 0x86, 0x04, 0xB0, 0x10, 0x05, 0x44, 0x4E, 0xD8, 0xE2, 0xDD, 0x8C,
    0x82, 0x89, 0xA6, 0xF1, 0x0D, 0x75, 0x56, 0xF8, 0x12, 0xAB, 0x01, 0x61, 0x6D, 0x28, 0x69, 0x88,
    0xCF, 0xE5, 0xAD, 0xA7, 0xD3, 0x98, 0x1F, 0xD1, 0xB0, 0xA5, 0x59, 0x8D, 0x68, 0x58, 0x6E, 0x2A,
    0xC8, 0x7E, 0x64, 0xB0, 0x91, 0xC0, 0xC9, 0xEF, 0x3D, 0xAB, 0xB5, 0x01, 0x26, 0x76, 0x84, 0xE5,
    0x44, 0x59, 0x7B, 0x9B, 0xAD, 0x74, 0x40, 0x5F, 0x28, 0x61, 0x1F, 0x2B, 0x65, 0xEC, 0x73, 0xA0,
    0x38, 0x01, 0xCE, 0x17, 0x5F, 0xB6, 0xDA, 0xAC, 0x22, 0xAF, 0x63, 0x3F, 0x5E, 0xA4, 0x2E, 0xE0,
    0xBD, 0xF6, 0x7E, 0xFB, 0x63, 0xE5, 0x85, 0xEE, 0x5D, 0x5F, 0x59, 0x25, 0x1F, 0x14, 0x8E, 0x44,
    0x6A, 0x2C, 0x04, 0x86, 0x16, 0x5B, 0x74, 0x1D, 0x4E, 0x5E, 0x06, 0x8C, 0x04, 0x6F, 0xA3, 0x23,
    0x5B, 0x3A, 0x65, 0x52, 0xC6, 0xD4, 0xF8, 0x01, 0xC6, 0xDE, 0xA0, 0x1B, 0x25, 0x3E, 0x89, 0x96,
    0x43, 0xEC, 0x02, 0x21, 0x75, 0xFE, 0xEB, 0x67, 0x44, 0xAA, 0xCC, 0xCD, 0xB9, 0x5B, 0x44, 0xA6,
    0x4E, 0x88, 0xBD, 0xA0, 0xC3, 0x88, 0x14, 0xB7, 0x33, 0x02, 0x99, 0xB1, 0xB3, 0xC7, 0x4E, 0x88,
    0x00, 0x9A, 0x05, 0x3A, 0x56, 0xB5, 0x19, 0x14, 0x49, 0xE9, 0x95, 0xB8, 0x26, 0x0B, 0x4E, 0xC9,
    0x27, 0x19, 0x78, 0x91, 0xDF, 0x72, 0x15, 0xD7, 0x8A, 0x23, 0x85, 0x04, 0xEF, 0x40, 0xBC, 0x47,
    0x4C, 0x69, 0xB0, 0x9F, 0xCE, 0x29, 0xE6, 0x0D, 0x23, 0x98, 0x0F, 0x03, 0x41, 0x85, 0x6F, 0x1F,
    0xD3, 0x5C, 0xF5, 0x56, 0xC1, 0xE1, 0x70, 0xCA, 0x59, 0x62, 0x8C, 0x1C, 0x7E, 0x1F, 0x10, 0xB1,
    0x88, 0x11, 0xEB, 0x19, 0xE5, 0xF8, 0x38, 0x62, 0x43, 0xEE, 0x23, 0x66, 0x2F, 0x47, 0xAC, 0xDC,
    0x44, 0xEC, 0x95, 0x3F, 0x72, 0xEB, 0xDB, 0xFC, 0x55, 0x9B, 0x77, 0xD0, 0xE2, 0xAF, 0xD5, 0x47,
    0x56, 0x9F, 0x97, 0x88, 0xF1, 0xFD, 0xE6, 0x7B, 0xB4, 0x6C, 0x27, 0x75, 0x38, 0xF1, 0x31, 0x8D,
    0x58, 0xB6, 0xF8, 0x88, 0x4D, 0x9B, 0x88, 0x8D, 0x8C, 0x58, 0xC5, 0xA1, 0x43, 0x46, 0x06, 0xD5,
    0xA8, 0xDF, 0xB6, 0xA0, 0xAF, 0x0B, 0xEF, 0xF1, 0x61, 0xA7, 0x1E, 0x5F, 0xE1, 0x52, 0x90, 0xA3,
    0xCC, 0xA1, 0x51, 0xC5, 0x7A, 0x7D, 0x1A, 0xA2, 0x66, 0xA9, 0x3C, 0x77, 0xEE, 0x9C, 0x1E, 0xAF,
    0x41, 0x1B, 0x79, 0xFB, 0x11, 0x1E, 0xAF, 0xFA, 0x7C, 0x91, 0x3F, 0x0B, 0xFE, 0xC0, 0xE3, 0xA9,
    0x9B, 0x2C, 0x81, 0xAC, 0x42, 0xA1, 0xCD, 0xFF, 0x17, 0xE5, 0x57, 0x3D, 0x90, 0xDD, 0xD4, 0x15,
    0xBE, 0x92, 0xEC, 0xD5, 0xB0, 0x4A, 0x22, 0x0A, 0x92, 0x71, 0xBC, 0x33, 0x51, 0x0A, 0x0A, 0x4F,
    0x48, 0x50, 0x93, 0x82, 0x02, 0xB8, 0xC2, 0x2E, 0x28, 0x28, 0x70, 0xC1, 0x66, 0x32, 0x93, 0x02,
    0x0A, 0x8A, 0x90, 0x64, 0x66, 0x29, 0x28, 0x28, 0x08, 0x92, 0xA1, 0xA0, 0x48, 0xB3, 0x55, 0x6A,
    0x97, 0x84, 0x86, 0x14, 0x14, 0x14, 0xCE, 0x4A, 0x40, 0x41, 0x91, 0x02, 0x01, 0x05, 0x05, 0x45,
    0x44, 0x58, 0x2A, 0x0A, 0x8B, 0x41, 0x33, 0xD1, 0x82, 0xA4, 0x9B, 0xF3, 0x77, 0xF5, 0xA4, 0xB7,
    0x6F, 0xED, 0x35, 0xD8, 0xFB, 0x63, 0xDE, 0x8C, 0x75, 0xD6, 0xEF, 0x5D, 0xDD, 0x7B, 0xEE, 0xF9,
    0xCE, 0xF9, 0xCE, 0x77, 0x94, 0x52, 0x4E, 0xA2, 0xE8, 0x13, 0x57, 0x6C, 0x4D, 0x4D, 0xC6, 0x31,
    0x0D, 0x59, 0xD7, 0xB4, 0x64, 0x3D, 0xD3, 0x91, 0x0D, 0x4C, 0x4F, 0x36, 0x34, 0x86, 0x6C, 0xF4,
    0x25, 0xDB, 0xF8, 0x3D, 0x93, 0xA1, 0xD5, 0xEF, 0x99, 0x02, 0x6D, 0xFE, 0x8A, 0x29, 0x69, 0x3B,
    0xC7, 0x54, 0xB4, 0x1D, 0x6F, 0xEC, 0xF6, 0x2A, 0xC7, 0x8D, 0xBD, 0x4E, 0xA5, 0x1D, 0x6D, 0x67,
    0x68, 0x63, 0xD8, 0xCE, 0x0C, 0xB8, 0x1D, 0x58, 0xDC, 0x50, 0xA3, 0x05, 0xCF, 0x74, 0x09, 0x4B,
    0x60, 0xE3, 0xBC, 0x50, 0x3E, 0x6E, 0x0C, 0x7F, 0x7B, 0xB0, 0xB1, 0x03, 0xBF, 0x79, 0xB0, 0xA1,
    0x67, 0xB6, 0xE1, 0xFB, 0x3D, 0x15, 0xC3, 0x26, 0xA9, 0x31, 0x45, 0x0A, 0x36, 0x07, 0x9B, 0x83,
    0x85, 0x0D, 0x0A, 0xB5, 0xFF, 0xB3, 0xA3, 0xE4, 0x5E, 0x85, 0xDC, 0x6B, 0x6E, 0x5D, 0xBE, 0x86,
    0x5D, 0xE7, 0x6C, 0x82, 0x13, 0x29, 0xC4, 0xC0, 0x47, 0xBF, 0xD0, 0xBB, 0x44, 0x0F, 0x4F, 0x9B,
    0x42, 0x37, 0xF0, 0x42, 0x50, 0xD3, 0x5B, 0xF8, 0x58, 0x83, 0xC3, 0x5C, 0x3C, 0x11, 0x2F, 0x52,
    0xA0, 0xF7, 0x45, 0xDA, 0xC3, 0x0F, 0xA6, 0x9E, 0x3F, 0xFA, 0x2D, 0xB3, 0x0B, 0x0E, 0x9A, 0x5E,
    0x9B, 0xD6, 0x74, 0x81, 0x29, 0xF3, 0x5A, 0x3D, 0xA5, 0xCE, 0x8A, 0x6F, 0x6E, 0x4B, 0x21, 0xA1,
    0x78, 0xD8, 0x47, 0x30, 0xD8, 0x1F, 0x94, 0xB3, 0x93, 0x48, 0xEC, 0x19, 0xA3, 0x58, 0xB0, 0xD1,
    0xAF, 0x31, 0x36, 0xDA, 0x63, 0xBB, 0xEE, 0xF3, 0xF7, 0x2A, 0xB2, 0x58, 0xCA, 0x9D, 0xE4, 0x6B,
    0xD5, 0x88, 0xBD, 0x57, 0xAC, 0xCD, 0x01, 0x5D, 0xCE, 0x72, 0xC0, 0x15, 0xEB, 0xC9, 0x39, 0xBE,
    0xE4, 0x40, 0xB8, 0x94, 0x03, 0xF1, 0xA7, 0x6C, 0xF5, 0xFB, 0x7C, 0x50, 0xFA, 0x2A, 0x07, 0xD3,
    0x5C, 0xA2, 0x1C, 0x70, 0x24, 0x07, 0xDC, 0x81, 0x37, 0xF6, 0x7A, 0x45, 0xC9, 0xE5, 0x03, 0x56,
    0x16, 0xFB, 0x5E, 0xB0, 0x1F, 0xE8, 0x5A, 0xF3, 0x1C, 0x00, 0xEC, 0x43, 0xC2, 0x9E, 0x73, 0x80,
    0xB1, 0xAF, 0xE0, 0x1F, 0xDA, 0x86, 0xA2, 0x90, 0x4E, 0x30, 0x1F, 0xB1, 0xA7, 0xC8, 0x69, 0x7C,
    0x33, 0xC7, 0xF3, 0x07, 0x8C, 0x46, 0x17, 0xC2, 0xE3, 0xD7, 0x21, 0xBA, 0xA3, 0x0B, 0xBC, 0x21,
    0xFA, 0x43, 0x09, 0x49, 0x9E, 0x66, 0xB3, 0x54, 0x39, 0x34, 0xF8, 0x6F, 0x9A, 0xC2, 0x59, 0x05,
    0x7E, 0x73, 0x20, 0xF8, 0x1D, 0x81, 0x9F, 0xD6, 0x6A, 0xD3, 0x82, 0xEF, 0xC8, 0xA1, 0xBE, 0xF8,
    0x10, 0x96, 0x73, 0x4C, 0x72, 0xF9, 0x7E, 0x60, 0x84, 0xAE, 0x34, 0x8C, 0x4C, 0x55, 0x72, 0x55,
    0x32, 0x42, 0xF1, 0xE7, 0x83, 0x2C, 0xCE, 0xC9, 0xFE, 0x4B, 0x5D, 0x98, 0x23, 0x1C, 0xD7, 0x2B,
    0xAB, 0xDC, 0x56, 0xF7, 0xA2, 0xCA, 0x87, 0x79, 0x95, 0x7F, 0x6A, 0x12, 0xA9, 0xEE, 0x39, 0xC2,
    0x17, 0xA5, 0xCA, 0xD5, 0x1C, 0x61, 0xA8, 0x46, 0xDC, 0x38, 0xE8, 0x94, 0xB6, 0x08, 0x77, 0x13,
    0x84, 0xF5, 0x7E, 0x84, 0x7D, 0xDC, 0x98, 0xAA, 0xBB, 0x20, 0x54, 0xB0, 0xCA, 0x3D, 0x83, 0x08,
    0x35, 0xB0, 0xAC, 0xC5, 0xA4, 0x48, 0x0C, 0x57, 0xF7, 0x68, 0x47, 0xA0, 0xF0, 0x4C, 0xA7, 0xE3,
    0x83, 0x21, 0x82, 0x18, 0x0B, 0xC4, 0x59, 0x45, 0xE8, 0x64, 0x8C, 0x99, 0xF6, 0x23, 0x74, 0x22,
    0xC1, 0xDC, 0x02, 0x7F, 0xD3, 0xEB, 0x0D, 0xDC, 0x1C, 0x9C, 0xF3, 0x7A, 0xE0, 0x23, 0xB7, 0x56,
    0x57, 0x8F, 0x12, 0xF5, 0x6A, 0x82, 0xFA, 0x19, 0x39, 0xF3, 0x41, 0xB1, 0xA9, 0xDC, 0x29, 0x2D,
    0xE6, 0xA4, 0x1C, 0x30, 0x5C, 0xE6, 0x31, 0x8B, 0xFA, 0xF3, 0x33, 0xD4, 0x3F, 0x16, 0xD4, 0x13,
    0x23, 0xA8, 0x3F, 0xB4, 0x54, 0xD7, 0xD5, 0x01, 0xA8, 0xCF, 0xEB, 0x3A, 0x38, 0x6C, 0x5D, 0x5F,
    0x5C, 0x5D, 0xD7, 0x1D, 0x73, 0x3B, 0x04, 0x36, 0x6D, 0x97, 0x50, 0xEF, 0x27, 0xA8, 0xA7, 0x62,
    0x01, 0xF5, 0xE0, 0x26, 0xA8, 0x6F, 0x09, 0xDA, 0x66, 0x62, 0x2D, 0x6F, 0x35, 0x16, 0x6F, 0xAF,
    0x57, 0x52, 0xC9, 0x8A, 0x7E, 0xC5, 0xC2, 0x56, 0x21, 0xA4, 0x54, 0xE7, 0x25, 0x27, 0x12, 0xF5,
    0xB5, 0x5E, 0xE8, 0x59, 0x78, 0x59, 0x3F, 0xCD, 0x70, 0x3F, 0x18, 0x0A, 0xEC, 0x9A, 0x70, 0x3B,
    0x7F, 0x91, 0xD7, 0x99, 0x0F, 0x6B, 0x66, 0xE3, 0xE6, 0x32, 0xA1, 0xF4, 0x6D, 0x2F, 0xB9, 0xC1,
    0xE8, 0xA4, 0x99, 0x26, 0xFB, 0x73, 0x9B, 0x4D, 0xAE, 0x5C, 0x4C, 0x4B, 0xAD, 0xE7, 0x42, 0xFB,
    0x82, 0xB2, 0x23, 0x28, 0x7B, 0x52, 0xE3, 0xBE, 0xA0, 0x1D, 0x7C, 0xCB, 0x15, 0x15, 0x7E, 0xCD,
    0x6E, 0xC5, 0x1F, 0x33, 0xDA, 0xFA, 0x1D, 0xAE, 0xF1, 0xB4, 0xE0, 0xF4, 0x01, 0x24, 0x6A, 0xEE,
    0xE8, 0x84, 0x32, 0xA0, 0xAF, 0x05, 0x05, 0xDD, 0x4B, 0x47, 0x1F, 0x04, 0x7D, 0x63, 0x3B, 0x7A,
    0x22, 0xE8, 0x67, 0xC4, 0x67, 0x14, 0x4C, 0x40, 0x1F, 0xD1, 0x46, 0xF4, 0xB1, 0xCF, 0x60, 0xDF,
    0x75, 0xA8, 0xCE, 0x3B, 0x7C, 0x05, 0x3A, 0x79, 0x2F, 0x1D, 0x9D, 0xAD, 0xC5, 0x09, 0x79, 0xC5,
    0xC5, 0x03, 0xBC, 0x26, 0x85, 0xBF, 0x6A, 0xBA, 0xFB, 0xCB, 0x18, 0x54, 0x4A, 0xB5, 0x0A, 0x50,
    0x0F, 0xB1, 0x5F, 0x3C, 0x9E, 0x2D, 0x50, 0x57, 0x82, 0x7A, 0xA7, 0xFC, 0x46, 0xBD, 0x75, 0x87,
    0x51, 0xFF, 0x02, 0x51, 0x37, 0x88, 0xFA, 0x80, 0xA8, 0x37, 0x88, 0x3A, 0x1C, 0x12, 0x54, 0xEB,
    0xEC, 0x7F, 0xCF, 0x20, 0x5B, 0x75, 0xD2, 0xC7, 0x1C, 0xF5, 0xBF, 0xB8, 0xFD, 0x5C, 0xA7, 0x8C,
    0x7A, 0xA4, 0x9D, 0x31, 0xB2, 0xFE, 0x8A, 0xD1, 0x01, 0x2F, 0x68, 0xC1, 0x73, 0xEA, 0x1E, 0xB9,
    0x8A, 0xA0, 0x1E, 0x4B, 0x73, 0x4F, 0x0F, 0x42, 0xDD, 0xCC, 0x2C, 0xA0, 0x9E, 0x09, 0xEA, 0xB4,
    0x5F, 0xF4, 0xDF, 0x11, 0xF5, 0x6A, 0x8E, 0x3A, 0xD5, 0xB6, 0xDA, 0x8F, 0x7A, 0x6C, 0x51, 0x37,
    0x07, 0xA1, 0x5E, 0xCC, 0x50, 0x77, 0x71, 0x63, 0xAA, 0x7B, 0x46, 0x5D, 0x2D, 0xA1, 0xAE, 0x27,
    0x16, 0x08, 0xF1, 0x2A, 0xB8, 0x5E, 0x75, 0xE8, 0xAF, 0x7D, 0xD4, 0xE8, 0xC9, 0x76, 0x54, 0xDA,
    0x48, 0xFD, 0x9E, 0xCE, 0x4F, 0xF0, 0xD0, 0x4A, 0x11, 0x6D, 0x28, 0xF3, 0xC4, 0xA0, 0xBC, 0x01,
    0x52, 0x14, 0x7A, 0xFB, 0x8B, 0xC7, 0x54, 0xE6, 0x5B, 0x72, 0x22, 0x57, 0x0F, 0x49, 0x15, 0x0A,
    0xB4, 0x94, 0xAF, 0xFE, 0x90, 0x81, 0x37, 0x09, 0x91, 0xBD, 0xD3, 0xAB, 0x28, 0x63, 0x4D, 0x76,
    0x66, 0x9E, 0x08, 0xA7, 0x56, 0xA0, 0xBB, 0x47, 0x21, 0xD0, 0x39, 0x16, 0xD7, 0x88, 0xC7, 0xC8,
    0xCD, 0x02, 0xE9, 0x1E, 0x6E, 0x94, 0x3E, 0x09, 0xD7, 0x18, 0x40, 0x63, 0xBA, 0x1D, 0x48, 0x03,
    0xA7, 0x9E, 0x17, 0xFE, 0xC9, 0x13, 0xF7, 0x4A, 0xC9, 0xBD, 0x5C, 0xA1, 0x6D, 0x2B, 0xE2, 0x43,
    0x29, 0xE8, 0x98, 0xF3, 0xE8, 0x45, 0xED, 0xD2, 0xC2, 0xFE, 0x9C, 0xCF, 0x44, 0x92, 0xC5, 0x64,
    0x53, 0x11, 0x44, 0xB1, 0xE0, 0xEF, 0x42, 0xE4, 0xE7, 0xB7, 0x7D, 0x46, 0xBA, 0x8E, 0x25, 0x88,
    0x6E, 0x89, 0x20, 0x06, 0x79, 0xEF, 0xA6, 0x04, 0x51, 0xAE, 0x22, 0x88, 0x7C, 0x24, 0x08, 0xBD,
    0x44, 0x10, 0x51, 0xCF, 0x5D, 0xE6, 0xB0, 0x04, 0xE1, 0xCC, 0x08, 0x22, 0xB9, 0x31, 0x41, 0x48,
    0xAC, 0x12, 0xAB, 0x98, 0x29, 0x4A, 0x44, 0x8D, 0xE4, 0x7E, 0x67, 0xE5, 0x61, 0xA9, 0xCE, 0x01,
    0x73, 0xA8, 0x97, 0xB8, 0x0F, 0xC0, 0x25, 0x6B, 0x1C, 0x0B, 0x60, 0xF1, 0x46, 0xAF, 0xBE, 0x7B,
    0x62, 0x7C, 0x7F, 0xE1, 0x7F, 0x79, 0x0E, 0xBA, 0x27, 0xE0, 0xB8, 0x02, 0x8E, 0xC8, 0x7D, 0xF5,
    0x82, 0xF6, 0xC8, 0x76, 0xF7, 0x84, 0x96, 0x35, 0x12, 0x41, 0x5D, 0x46, 0xC1, 0xEE, 0x00, 0xD4,
    0xB7, 0xE7, 0x62, 0x60, 0x64, 0x8F, 0x56, 0xD6, 0x5B, 0xE1, 0xDF, 0xAF, 0x16, 0xFE, 0x5F, 0x8E,
    0xC2, 0xBF, 0x98, 0xB1, 0xC7, 0x45, 0x46, 0x5F, 0x58, 0xC3, 0x19, 0x78, 0xA4, 0x03, 0xB4, 0x49,
    0x6D, 0xF8, 0x22, 0xFC, 0x03, 0x91, 0x7E, 0x16, 0xF5, 0xD9, 0x68, 0x07, 0x08, 0xA7, 0xA5, 0xB0,
    0xC6, 0x54, 0x0C, 0x54, 0x84, 0xBA, 0x23, 0xA3, 0x5D, 0x3C, 0x61, 0x8D, 0x74, 0xC6, 0x1A, 0x01,
    0x5D, 0x3C, 0xB3, 0xA0, 0xD3, 0xB0, 0x4B, 0x45, 0x43, 0xA3, 0x00, 0x69, 0xE0, 0x93, 0x8A, 0xBA,
    0x0C, 0x73, 0x3E, 0x07, 0x51, 0x85, 0x9F, 0x30, 0x2A, 0xFE, 0xAB, 0x82, 0x52, 0x60, 0x87, 0x3E,
    0x36, 0xCF, 0xBF, 0xF4, 0x13, 0xB2, 0xED, 0x7D, 0xB1, 0x24, 0x05, 0xFF, 0x90, 0x0A, 0x7A, 0xB1,
    0xEC, 0xE3, 0x7E, 0x63, 0xEF, 0x92, 0xCC, 0x38, 0x43, 0xD9, 0xDF, 0x05, 0x7D, 0xDB, 0x8B, 0xAC,
    0xF0, 0x0F, 0xC5, 0x46, 0xD7, 0x19, 0xFD, 0xF8, 0x03, 0x11, 0xFE, 0xFF, 0x66, 0xF4, 0xF3, 0x4B,
    0x22, 0x3A, 0x98, 0x84, 0x9D, 0xC1, 0x25, 0x0E, 0x00, 0xB4, 0x69, 0x43, 0x40, 0x9B, 0x6C, 0xD0,
    0x32, 0xFA, 0x56, 0xF8, 0xC7, 0x13, 0xE1, 0x3F, 0x4C, 0x84, 0xBF, 0x29, 0x58, 0x96, 0xC3, 0xA6,
    0xC1, 0x28, 0xFC, 0x0B, 0x12, 0xFE, 0x9E, 0xD9, 0x85, 0x65, 0x0D, 0xB1, 0xD9, 0x42, 0xF8, 0xB7,
    0x2C, 0xFC, 0x83, 0x3D, 0xDA, 0x04, 0xDE, 0x1C, 0x70, 0xB2, 0xBB, 0x86, 0x4A, 0xEA, 0x0C, 0x76,
    0x4D, 0x07, 0xC3, 0xE1, 0xE1, 0xD1, 0x1E, 0xFA, 0xF1, 0xCE, 0xF6, 0x6F, 0x95, 0x57, 0x41, 0xED,
    0x7B, 0x2D, 0xE4, 0x03, 0xA3, 0x6E, 0xD0, 0xE3, 0xE8, 0x68, 0x51, 0x5F, 0x6A, 0x02, 0x1B, 0xDB,
    0xE7, 0x44, 0x99, 0x31, 0x8A, 0x46, 0x6A, 0xAC, 0xD3, 0x1C, 0xF5, 0x67, 0x2D, 0xE3, 0x2B, 0x87,
    0x51, 0x57, 0x21, 0x59, 0x10, 0xC0, 0xB2, 0x5E, 0x94, 0x83, 0xD4, 0xEE, 0x9A, 0xED, 0x84, 0xCB,
    0xB5, 0x1E, 0x5B, 0xE1, 0x2F, 0x64, 0x72, 0x40, 0xAD, 0x5B, 0xE1, 0x1F, 0x7E, 0x2B, 0xF6, 0x7F,
    0x4B, 0xC2, 0xFF, 0x5D, 0x11, 0xFE, 0x57, 0xA4, 0xD6, 0x47, 0xE1, 0x4F, 0x1B, 0x03, 0xC3, 0x53,
    0x0B, 0xF1, 0x26, 0xB5, 0x7E, 0x23, 0xE1, 0x6F, 0x6B, 0x7D, 0xA5, 0xF0, 0x6F, 0x88, 0xC1, 0xE2,
    0x99, 0xF0, 0x67, 0xC5, 0x00, 0xE2, 0xFE, 0x32, 0x8A, 0x81, 0x06, 0xDE, 0xFE, 0xAA, 0xC5, 0x53,
    0xE0, 0xF1, 0x15, 0xBC, 0xE0, 0xA1, 0xD6, 0x52, 0xDB, 0x01, 0x08, 0x8E, 0x8C, 0xD9, 0xFF, 0x61,
    0x15, 0xB6, 0x50, 0xFB, 0xB0, 0xA4, 0x41, 0xD4, 0xE1, 0x8C, 0x78, 0xEF, 0x38, 0xCB, 0xFC, 0x82,
    0x72, 0x05, 0xC0, 0x40, 0x5A, 0x75, 0xCA, 0xE4, 0x69, 0x44, 0x8A, 0x59, 0x00, 0x04, 0x20, 0x67,
    0x27, 0x51, 0x2B, 0x3F, 0x96, 0x0E, 0xD2, 0xD5, 0x24, 0x6E, 0xA5, 0x9F, 0xBF, 0x4C, 0xE2, 0x0B,
    0xE9, 0x37, 0x23, 0xF1, 0xF4, 0x15, 0xB6, 0x22, 0xFD, 0xD4, 0x0A, 0xE9, 0xD7, 0x4A, 0xCB, 0xB6,
    0xD2, 0x6F, 0x25, 0x89, 0x23, 0xA0, 0x08, 0x6C, 0xC1, 0xAD, 0x9B, 0x4A, 0x99, 0xA5, 0x1F, 0x6E,
    0x8C, 0xD2, 0x6F, 0x4D, 0x5A, 0x77, 0x7A, 0x20, 0x89, 0x7F, 0x0F, 0xE9, 0x77, 0x55, 0xDD, 0xA7,
    0xDC, 0x06, 0x50, 0xF7, 0x7A, 0x87, 0x66, 0x83, 0x16, 0xCE, 0xC5, 0x9B, 0xA4, 0xB8, 0x3E, 0xF8,
    0x3E, 0xD0, 0xDF, 0x79, 0xC1, 0x47, 0x5C, 0x58, 0x4E, 0x9F, 0x6B, 0xF8, 0xAC, 0x10, 0x0A, 0x18,
    0x6D, 0xE0, 0x19, 0x4E, 0x9E, 0x90, 0xE4, 0x32, 0x86, 0x4D, 0x9F, 0x86, 0x46, 0x1D, 0x02, 0x69,
    0x7C, 0x36, 0x6A, 0xD5, 0x4A, 0x28, 0x33, 0xDA, 0xC1, 0xA7, 0xFD, 0xC3, 0x7A, 0xF1, 0x8C, 0x6B,
    0xCC, 0x71, 0x53, 0x13, 0xA8, 0xD5, 0xC4, 0x9F, 0x25, 0x7C, 0x02, 0xCA, 0x94, 0x98, 0x12, 0x8E,
    0xCA, 0xDD, 0x3E, 0xE9, 0x9B, 0x90, 0x7E, 0xC5, 0xE8, 0xC6, 0x8C, 0x82, 0xA1, 0x10, 0x43, 0xFC,
    0xFE, 0x6E, 0x4A, 0x78, 0x29, 0xAD, 0x40, 0x7F, 0xE8, 0x1A, 0x37, 0xAE, 0x31, 0x60, 0xB5, 0xB1,
    0x8F, 0x8A, 0x3C, 0xE4, 0x07, 0x26, 0x5F, 0x8E, 0xBB, 0xA6, 0x03, 0x55, 0xC7, 0x17, 0x7F, 0x28,
    0x11, 0xA3, 0x92, 0xB6, 0x82, 0xDC, 0xE9, 0x05, 0xC1, 0xC3, 0xC8, 0xE9, 0x07, 0x76, 0x47, 0x0D,
    0x1B, 0x50, 0xB9, 0x85, 0x35, 0x16, 0x5F, 0x58, 0xA0, 0x36, 0x74, 0xB3, 0x34, 0xA3, 0x7C, 0xA2,
    0x6A, 0x20, 0x96, 0xD4, 0x2C, 0x9E, 0xE9, 0xB9, 0x18, 0xC0, 0x0E, 0x8D, 0x52, 0x71, 0x23, 0x94,
    0xBA, 0x43, 0xA3, 0xE4, 0x33, 0xDA, 0x13, 0x7C, 0xA2, 0x83, 0xF1, 0xA1, 0x72, 0x88, 0xF0, 0x5D,
    0xEA, 0x08, 0xFA, 0x71, 0xD8, 0x5B, 0x43, 0xF1, 0xAA, 0xF3, 0xD4, 0x48, 0x42, 0xDC, 0x14, 0xC8,
    0x16, 0x47, 0x4B, 0xF8, 0x34, 0x5C, 0x32, 0xB3, 0xCF, 0xA6, 0x5A, 0x0D, 0x18, 0x14, 0x6A, 0xA5,
    0x1B, 0x04, 0x0C, 0x51, 0x9B, 0x03, 0x36, 0x45, 0x8D, 0x00, 0xC3, 0xB3, 0xD2, 0x5E, 0x00, 0xAB,
    0x10, 0xB0, 0xCA, 0x02, 0x36, 0x08, 0x60, 0x6B, 0xBD, 0x47, 0xAE, 0xBE, 0x46, 0xBE, 0x9A, 0xF1,
    0x19, 0x3F, 0x8E, 0x24, 0xBD, 0x36, 0x1D, 0xE5, 0xD4, 0xE9, 0x88, 0xFD, 0x56, 0x79, 0x3F, 0xD2,
    0xEF, 0x4B, 0x98, 0x62, 0x1D, 0x3F, 0xDC, 0x16, 0x42, 0xA6, 0x9E, 0x0D, 0xB6, 0xF7, 0x5F, 0xE5,
    0xBB, 0xC4, 0xB9, 0xA2, 0xE3, 0x0E, 0x8A, 0xF3, 0xC1, 0x85, 0x41, 0xC6, 0xA1, 0x4B, 0x79, 0x54,
    0xA1, 0x3E, 0x3D, 0x29, 0x1B, 0x14, 0x8E, 0x8A, 0x71, 0xAD, 0x69, 0xA7, 0x73, 0x14, 0xA0, 0x04,
    0x97, 0x51, 0x65, 0xD4, 0x10, 0x54, 0x15, 0x66, 0x7E, 0x72, 0x1A, 0xE2, 0x0F, 0x9F, 0x7B, 0xF1,
    0xF1, 0x22, 0xF7, 0x57, 0x49, 0x72, 0x9A, 0x9A, 0x68, 0x84, 0x22, 0xBA, 0x0A, 0x70, 0x96, 0x74,
    0xA5, 0x7F, 0x84, 0x94, 0x70, 0xDF, 0xC2, 0x8A, 0xF4, 0xDD, 0x81, 0x44, 0x8C, 0x72, 0xAE, 0xD1,
    0x90, 0x70, 0xF4, 0xF5, 0x60, 0x61, 0xF2, 0x8B, 0x05, 0x34, 0x61, 0xB3, 0x80, 0x8C, 0xA6, 0x3E,
    0xC1, 0xA9, 0xBB, 0xE7, 0x74, 0xE3, 0x44, 0x64, 0xFA, 0xF0, 0x38, 0xCA, 0x9A, 0x71, 0xFC, 0x41,
    0x22, 0x46, 0xD7, 0x14, 0x6A, 0x75, 0xC7, 0x38, 0xD9, 0x49, 0xC4, 0xC9, 0xC9, 0x93, 0x71, 0x4E,
    0xE3, 0x29, 0x2D, 0xE0, 0x19, 0x0D, 0x25, 0xD9, 0xD9, 0xED, 0x14, 0xF5, 0x6D, 0x83, 0xB7, 0xCB,
    0xFB, 0x0B, 0x28, 0xC8, 0x10, 0x27, 0xBF, 0xC3, 0xAB, 0x45, 0x35, 0x8E, 0x27, 0xEB, 0x89, 0xBB,
    0x82, 0xCF, 0x38, 0x46, 0xD5, 0x04, 0x27, 0xEE, 0xCB, 0xD5, 0xCD, 0x3B, 0xFE, 0xE1, 0x71, 0xF2,
    0x6E, 0xB1, 0x9E, 0x6C, 0x2F, 0x74, 0xF0, 0xFA, 0x5E, 0x0B, 0x33, 0x87, 0x4B, 0x19, 0x08, 0x02,
    0x1C, 0x38, 0xBA, 0xE3, 0x2E, 0xEF, 0xF6, 0x21, 0x0E, 0x6D, 0x97, 0x12, 0xC0, 0x09, 0x22, 0xA0,
    0xAF, 0xC3, 0x0B, 0xF9, 0x6B, 0x1D, 0xD6, 0x59, 0xAF, 0x40, 0x85, 0xBD, 0x75, 0x87, 0x79, 0xAF,
    0x40, 0x9C, 0x0A, 0x9F, 0x26, 0x8A, 0x05, 0xEF, 0xB9, 0xAD, 0x4B, 0xFD, 0xE5, 0xD2, 0xA2, 0xBF,
    0x50, 0x67, 0xD9, 0x50, 0xF9, 0x42, 0x51, 0xF3, 0x54, 0x94, 0x93, 0x44, 0x20, 0x45, 0x10, 0x74,
    0x29, 0xC0, 0xAA, 0x6B, 0xAC, 0xBF, 0x8D, 0xC4, 0x3D, 0x15, 0xF5, 0x94, 0x66, 0xBF, 0xC4, 0x69,
    0xE9, 0xE1, 0x59, 0xDF, 0x41, 0xD4, 0x5E, 0xB0, 0x33, 0x82, 0x52, 0x3F, 0x53, 0x33, 0xCA, 0xC3,
    0xE3, 0xF3, 0x8F, 0x06, 0xB8, 0x74, 0x92, 0xA3, 0xC6, 0xBF, 0x70, 0x3C, 0xAD, 0x69, 0x9D, 0x05,
    0x64, 0xC7, 0x03, 0x10, 0x4D, 0x2F, 0xE8, 0x23, 0x14, 0x0B, 0x3A, 0x59, 0x23, 0xFD, 0xE9, 0xC2,
    0x83, 0xBF, 0xCF, 0x0A, 0x39, 0xDE, 0xB2, 0x10, 0x08, 0x6E, 0x51, 0x2A, 0xB7, 0xC7, 0x28, 0x95,
    0xE9, 0xF3, 0x26, 0x45, 0x21, 0x43, 0xB4, 0x4A, 0x41, 0x2B, 0xFA, 0x04, 0x45, 0xDC, 0x95, 0x1E,
    0x89, 0x12, 0x54, 0xD1, 0x32, 0xF1, 0xA9, 0x13, 0x26, 0xB3, 0xB7, 0xB6, 0x69, 0xF8, 0xC4, 0x81,
    0x33, 0xFC, 0xCC, 0x40, 0x49, 0x18, 0xE5, 0x5C, 0x19, 0x58, 0x73, 0xA4, 0x70, 0xA7, 0x47, 0x61,
    0xCD, 0x23, 0x33, 0x24, 0x4B, 0xF9, 0x97, 0xAD, 0xD9, 0x82, 0xB8, 0x0D, 0xFF, 0x1C, 0xB3, 0x87,
    0x53, 0xA9, 0xDD, 0xBB, 0x9C, 0xF9, 0xF5, 0x21, 0xFB, 0xE5, 0xA3, 0x5F, 0xD8, 0x5E, 0xB7, 0xE0,
    0x9D, 0x97, 0x13, 0xF6, 0x6B, 0x5A, 0x0B, 0x3F, 0xBD, 0x4A, 0x62, 0x5A, 0xCB, 0x3F, 0xE7, 0x3B,
    0xF8, 0x01, 0x93, 0x06, 0xFA, 0x91, 0xE0, 0xBF, 0x23, 0xBB, 0xEB, 0xC8, 0x6F, 0x90, 0x48, 0xF9,
    0x64, 0x6D, 0x5E, 0xF1, 0x77, 0x30, 0xEA, 0xB8, 0x50, 0x2C, 0x1E, 0xB6, 0x04, 0xCC, 0x6E, 0xEC,
    0x65, 0xF9, 0xBC, 0xC2, 0x6E, 0xC7, 0xDD, 0x37, 0xE0, 0xEE, 0x9A, 0xEF, 0x9D, 0xDC, 0xD4, 0x27,
    0x58, 0x5D, 0x31, 0x0F, 0xE3, 0x62, 0xEA, 0xBD, 0xC8, 0x0A, 0x44, 0x67, 0x66, 0x17, 0x3B, 0x90,
    0x0F, 0x75, 0xA1, 0x4D, 0x12, 0x0E, 0x98, 0x73, 0x45, 0xD4, 0x61, 0x13, 0x2E, 0xB0, 0x82, 0xA0,
    0x56, 0x50, 0x67, 0xC3, 0x35, 0xB8, 0x59, 0xD5, 0x39, 0x67, 0xB6, 0xB9, 0x91, 0xC1, 0x94, 0x87,
    0x1A, 0x68, 0xF1, 0x85, 0x12, 0x73, 0xDF, 0x35, 0x45, 0xDA, 0x11, 0x4D, 0x6A, 0x4C, 0x57, 0x84,
    0x0C, 0x5B, 0x1A, 0x75, 0x35, 0x8D, 0xC4, 0x3A, 0xFC, 0x0E, 0x5E, 0x72, 0xA4, 0xBA, 0xE1, 0x5E,
    0x98, 0xF2, 0x6B, 0xE4, 0x26, 0x44, 0xEB, 0xA9, 0x69, 0xEC, 0x78, 0xDE, 0xE4, 0x1A, 0x91, 0x02,
    0x19, 0x0D, 0x55, 0xCA, 0xB8, 0x64, 0x93, 0xEE, 0x3A, 0x10, 0xF9, 0x50, 0xB5, 0xD5, 0x58, 0xB8,
    0x1D, 0x72, 0x6D, 0x0F, 0x57, 0xD3, 0x03, 0xDC, 0x28, 0x32, 0x70, 0x9F, 0x08, 0x7B, 0x58, 0x38,
    0x7D, 0x34, 0x2A, 0x1C, 0xE0, 0x11, 0xF5, 0xE0, 0x7C, 0xDC, 0x01, 0xD7, 0xEA, 0x56, 0xC3, 0xBB,
    0xB0, 0x81, 0x6C, 0x85, 0xE1, 0xC3, 0x78, 0x6C, 0x8E, 0x7E, 0xED, 0x50, 0x80, 0x33, 0xE9, 0x05,
    0xF2, 0xC8, 0xE4, 0x07, 0xE5, 0xB3, 0x67, 0x9A, 0xC9, 0xCB, 0x30, 0xF9, 0x0D, 0x11, 0x99, 0x6B,
    0xAC, 0x48, 0xEF, 0x8B, 0x98, 0xAA, 0x48, 0xAD, 0x29, 0x7F, 0x8F, 0xFE, 0xE3, 0x71, 0xC2, 0xB9,
    0xE5, 0x34, 0x04, 0xE7, 0x87, 0x6D, 0x26, 0x74, 0xDC, 0x54, 0xD0, 0x4C, 0x89, 0x61, 0xA1, 0x57,
    0xB9, 0x13, 0x34, 0x0D, 0x46, 0x26, 0xB3, 0x68, 0x76, 0xB7, 0x0B, 0x4D, 0xE7, 0xC6, 0x68, 0xFA,
    0x87, 0x40, 0x93, 0x22, 0x15, 0xF2, 0x68, 0xDA, 0xA2, 0x7E, 0x40, 0x1E, 0x46, 0xBA, 0x58, 0xF7,
    0x5A, 0xAB, 0xD1, 0xF3, 0x42, 0xE6, 0x0C, 0x45, 0x5A, 0xFD, 0x99, 0xFD, 0xB4, 0x7C, 0x74, 0xE8,
    0xD2, 0xE7, 0xC7, 0x52, 0x65, 0xC2, 0xAE, 0x5C, 0x77, 0x9C, 0x79, 0x34, 0x0A, 0x39, 0xAF, 0x63,
    0x43, 0x85, 0xFB, 0x5F, 0x2A, 0x08, 0x98, 0x0F, 0x09, 0xF2, 0xEB, 0xE4, 0xBD, 0xA1, 0xB9, 0x10,
    0x6E, 0x48, 0xB9, 0x79, 0xF9, 0xAE, 0x01, 0xD2, 0x4E, 0x86, 0x34, 0x72, 0xE4, 0x36, 0x20, 0xEE,
    0x60, 0x87, 0xAB, 0xA0, 0x96, 0xC9, 0x30, 0xF7, 0xA4, 0xF1, 0x06, 0xE8, 0x47, 0xC4, 0x13, 0x87,
    0xC1, 0xE5, 0x39, 0x36, 0xDE, 0x0B, 0xC7, 0x0C, 0xAE, 0x9C, 0xCF, 0xF3, 0xA0, 0x80, 0xAA, 0xA8,
    0x7E, 0x65, 0x74, 0x72, 0x5E, 0x27, 0xA1, 0xE1, 0x9B, 0x8B, 0x15, 0x81, 0x55, 0x26, 0x3F, 0x04,
    0x70, 0x69, 0x9C, 0x7C, 0x64, 0x0C, 0x09, 0xF5, 0x1A, 0xAC, 0x4B, 0xA5, 0x4B, 0x2B, 0xAE, 0x20,
    0xE7, 0x9D, 0x5C, 0x95, 0x27, 0x12, 0xDC, 0xA8, 0x51, 0xE3, 0x14, 0x02, 0xE0, 0xA6, 0x64, 0x1A,
    0x1A, 0xB3, 0x98, 0x5A, 0x9C, 0x3F, 0x06, 0x0D, 0xA1, 0xEA, 0x17, 0xD4, 0x46, 0x3E, 0x5A, 0x81,
    0xAA, 0x43, 0x49, 0xB1, 0xCD, 0xB8, 0xDE, 0x1D, 0x25, 0xCB, 0xC1, 0xE9, 0x79, 0x38, 0xC0, 0x24,
    0xEF, 0xA3, 0x82, 0x3A, 0x11, 0xB5, 0xA7, 0x08, 0xBF, 0x71, 0xA8, 0x98, 0x7D, 0x3A, 0xD9, 0xAB,
    0xF0, 0xC4, 0x77, 0x08, 0xDF, 0x9A, 0xEE, 0x8D, 0x21, 0xD1, 0xEF, 0x19, 0x4A, 0x09, 0x43, 0xB1,
    0x7C, 0x68, 0x95, 0x6E, 0x66, 0x9C, 0x09, 0x68, 0x92, 0xCE, 0x08, 0x22, 0x40, 0xAD, 0x08, 0x6B,
    0x45, 0x60, 0x2B, 0x42, 0x5B, 0x11, 0xDC, 0x24, 0xFE, 0x97, 0x9E, 0x08, 0xB9, 0x22, 0xCC, 0x15,
    0x81, 0xAE, 0x52, 0x7E, 0x11, 0x61, 0x57, 0xE1, 0xB8, 0xB3, 0x12, 0xE4, 0x2D, 0xF4, 0x71, 0xF6,
    0x08, 0xE1, 0x44, 0x60, 0x7B, 0xBC, 0xC0, 0x6B, 0x68, 0x6A, 0x72, 0xFE, 0x19, 0xEC, 0x4E, 0xFC,
    0xF4, 0x58, 0x40, 0x85, 0x1C, 0x22, 0x6A, 0x47, 0xF0, 0xDE, 0xFB, 0x03, 0x77, 0x6D, 0x1A, 0x9D,
    0xAE, 0xAA, 0xFB, 0xEF, 0x12, 0xEC, 0xA3, 0x12, 0x6A, 0x31, 0x6D, 0x35, 0x61, 0x22, 0x8F, 0x56,
    0x43, 0x54, 0xEE, 0xF7, 0x9B, 0xE9, 0x40, 0xEB, 0x62, 0x31, 0xFB, 0x78, 0x76, 0x88, 0xBB, 0xE8,
    0x8F, 0xE0, 0x24, 0x93, 0x81, 0xB6, 0xDD, 0x51, 0xBF, 0x38, 0x9E, 0x62, 0x76, 0xAE, 0xD1, 0x79,
    0x3E, 0xA3, 0x15, 0x09, 0x5A, 0xD7, 0x89, 0x71, 0xCD, 0xE3, 0x88, 0xAB, 0xDF, 0x3B, 0x34, 0x2E,
    0x35, 0xEA, 0x65, 0x5C, 0x9F, 0x70, 0x63, 0x9A, 0x7F, 0x7E, 0x90, 0x42, 0x98, 0x3E, 0x5B, 0x94,
    0xBA, 0xA4, 0x4A, 0x6B, 0x7C, 0x0B, 0x7E, 0x8A, 0x3E, 0xEF, 0xB1, 0xB9, 0x61, 0x9C, 0x15, 0x50,
    0xE3, 0x5F, 0xD5, 0x6F, 0xF6, 0x07, 0xEC, 0x24, 0x89, 0xE8, 0xF1, 0x53, 0xF3, 0x25, 0xF9, 0x76,
    0xBA, 0x63, 0x41, 0xD9, 0xF1, 0xFD, 0xE9, 0xB7, 0x68, 0x48, 0xF0, 0xD7, 0x70, 0x7B, 0x29, 0x2E,
    0x68, 0xA0, 0x8A, 0x81, 0x4B, 0x30, 0xC4, 0x5B, 0x1D, 0xA5, 0x00, 0xBC, 0x82, 0x55, 0x6C, 0x32,
    0x77, 0x5A, 0xC5, 0x8A, 0xAB, 0xB8, 0x98, 0x55, 0x71, 0x75, 0xA2, 0x18, 0xDC, 0xE3, 0x49, 0x81,
    0x6E, 0x1C, 0x52, 0xF9, 0xC6, 0xF4, 0xB7, 0xAE, 0x16, 0xE2, 0x85, 0x13, 0xE1, 0x6D, 0x92, 0x66,
    0xF7, 0x3A, 0x32, 0x7E, 0x8C, 0xCF, 0xCD, 0x04, 0x56, 0xC5, 0x08, 0x05, 0x9E, 0xD7, 0x13, 0x93,
    0x36, 0xC4, 0xD1, 0x2D, 0x71, 0x74, 0x77, 0x47, 0x39, 0x7A, 0x86, 0xA6, 0x3B, 0x08, 0x1B, 0x97,
    0x0C, 0x27, 0x83, 0x6B, 0x8C, 0x94, 0x6D, 0x46, 0x68, 0x6F, 0xDD, 0xCD, 0x78, 0xAE, 0x4B, 0xE3,
    0xA2, 0xE1, 0x82, 0xA2, 0xA0, 0x39, 0x99, 0xBB, 0xC9, 0x04, 0x69, 0x64, 0x04, 0xA1, 0xEE, 0x7C,
    0xC2, 0xF0, 0xFC, 0x2E, 0x43, 0xEE, 0x7A, 0x4B, 0x43, 0x2E, 0x82, 0xE3, 0x96, 0x77, 0x19, 0xAC,
    0xC4, 0x64, 0x42, 0x49, 0xAC, 0x2B, 0x68, 0xCE, 0xE5, 0x41, 0x57, 0x26, 0x5D, 0x1E, 0x75, 0x59,
    0x53, 0xF3, 0xB0, 0x0B, 0xD3, 0xEE, 0x9F, 0x70, 0xDC, 0xE5, 0xB7, 0x4F, 0x0C, 0xB8, 0x71, 0x46,
    0x1A, 0xC8, 0xD4, 0x8F, 0x72, 0x79, 0xA6, 0x13, 0x5D, 0xD5, 0x92, 0xC0, 0x76, 0x6B, 0xDD, 0x05,
    0x70, 0xB3, 0x67, 0x82, 0xEA, 0xAE, 0xAC, 0xD2, 0xA8, 0x3A, 0x87, 0x95, 0xD9, 0x69, 0x25, 0xC2,
    0x49, 0x9E, 0x1D, 0xEA, 0x27, 0x10, 0x50, 0xD5, 0x73, 0x5C, 0x93, 0xAB, 0x60, 0x83, 0x16, 0xCA,
    0x72, 0xEB, 0x18, 0x38, 0xD6, 0xE1, 0x81, 0x34, 0x1A, 0x56, 0x08, 0x05, 0xD4, 0x39, 0x1B, 0x66,
    0x17, 0x36, 0x45, 0x4D, 0x94, 0xB6, 0x0C, 0x4D, 0x45, 0x9A, 0xC8, 0x24, 0x37, 0xD7, 0x44, 0x02,
    0x4D, 0x7D, 0x5B, 0x34, 0x51, 0x36, 0x85, 0x66, 0x98, 0x69, 0xA2, 0xFA, 0xF6, 0x6B, 0xA2, 0x9D,
    0x45, 0x89, 0xAE, 0xE2, 0xD1, 0xE4, 0xB8, 0xFB, 0xE2, 0xC4, 0x3F, 0x12, 0x42, 0xE3, 0x33, 0xB3,
    0xBF, 0xFE, 0xEA, 0x8D, 0x37, 0xB6, 0xCF, 0xBF, 0xF1, 0x46, 0x06, 0x75, 0x54, 0x82, 0xB3, 0x25,
    0x5A, 0x08, 0x4F, 0x11, 0x43, 0x84, 0x02, 0xF0, 0x1A, 0xDD, 0xA0, 0x1E, 0x72, 0xE4, 0xB6, 0x61,
    0x9B, 0x43, 0xAC, 0x53, 0x1C, 0x92, 0x00, 0x5E, 0xEC, 0xEB, 0x10, 0x31, 0x17, 0x2F, 0x11, 0x9B,
    0x2F, 0xB6, 0x50, 0x80, 0x87, 0x14, 0x5C, 0xD6, 0xE3, 0xA4, 0x5F, 0xB6, 0x0C, 0xDF, 0x4E, 0x6D,
    0x5E, 0x9E, 0xCB, 0x50, 0xEE, 0x8A, 0x4A, 0xE5, 0x2C, 0x16, 0x94, 0x59, 0xB2, 0x79, 0x35, 0x59,
    0x77, 0xDE, 0x94, 0xEB, 0x70, 0x4C, 0x0E, 0xE9, 0x05, 0x06, 0x02, 0x82, 0x89, 0xB3, 0x65, 0x8A,
    0x0D, 0x30, 0x10, 0x44, 0xEF, 0x76, 0x98, 0x0A, 0x8D, 0x6B, 0xF6, 0x60, 0x5B, 0x4E, 0xCD, 0x3D,
    0x04, 0x71, 0xC0, 0xB9, 0x02, 0x66, 0x13, 0x34, 0x00, 0xE6, 0xE6, 0x24, 0x39, 0x03, 0xF6, 0x30,
    0x9E, 0x8A, 0xD6, 0xD1, 0xB4, 0xD3, 0x25, 0xF6, 0x32, 0x1E, 0x4B, 0x5A, 0x9E, 0xC0, 0xD0, 0x7E,
    0x26, 0xF9, 0x5C, 0xB0, 0x75, 0xAE, 0xF0, 0xF7, 0xCA, 0xE7, 0x75, 0x22, 0x1A, 0x94, 0x7A, 0x54,
    0x8E, 0x7C, 0x44, 0xEC, 0x99, 0x69, 0x24, 0xF5, 0x3C, 0x59, 0xD0, 0x16, 0x60, 0xB3, 0x0D, 0xB8,
    0xC1, 0xD9, 0xBC, 0x39, 0xFE, 0x64, 0xC9, 0x6F, 0x90, 0x2C, 0x83, 0x34, 0x9D, 0x95, 0xC9, 0xB2,
    0xB1, 0x3B, 0x91, 0x8C, 0x2E, 0xFF, 0xE8, 0xB5, 0x29, 0x15, 0x4D, 0xAD, 0xA9, 0xC1, 0xD6, 0x3A,
    0x9B, 0xA8, 0xA8, 0x40, 0xE2, 0xCB, 0x61, 0x0B, 0x13, 0x0E, 0x66, 0xA2, 0x0E, 0xF8, 0x40, 0x5A,
    0x9D, 0x3F, 0x71, 0x69, 0x85, 0xD7, 0x10, 0x4B, 0x37, 0x55, 0x1C, 0x34, 0xE4, 0x7B, 0xB1, 0xB9,
    0xE1, 0x1B, 0x41, 0xD0, 0x02, 0xAC, 0x16, 0xD8, 0x31, 0x94, 0x84, 0x59, 0xB6, 0x71, 0x0B, 0xD9,
    0x50, 0xE1, 0xFC, 0x86, 0xD9, 0x01, 0xAD, 0xA0, 0x00, 0x9B, 0x85, 0x50, 0xA3, 0x6B, 0x18, 0xF2,
    0xB4, 0x3E, 0xC5, 0xD9, 0x61, 0x3F, 0x2F, 0xB0, 0xE9, 0x67, 0x43, 0xC7, 0x30, 0xCB, 0x07, 0xE6,
    0x94, 0x98, 0xC3, 0x17, 0x2A, 0x67, 0x67, 0x16, 0xD7, 0x99, 0x59, 0x33, 0x19, 0xA4, 0xC5, 0x06,
    0xE4, 0x1C, 0xA5, 0x45, 0x87, 0x69, 0x01, 0x7F, 0xDD, 0xF1, 0xB4, 0xF8, 0x26, 0xE1, 0xB4, 0x28,
    0x38, 0x2D, 0xB2, 0x7D, 0x69, 0x11, 0x48, 0x1A, 0x47, 0x96, 0x18, 0x7B, 0xF9, 0xBF, 0x44, 0x25,
    0xE0, 0x28, 0x29, 0x07, 0x02, 0x4B, 0x69, 0xE1, 0xBC, 0xF5, 0x43, 0x4E, 0x0B, 0xA6, 0x00, 0x8F,
    0x91, 0x0F, 0x99, 0x8E, 0xC3, 0x5E, 0x68, 0x38, 0x99, 0xE2, 0x1E, 0xF3, 0x52, 0xBF, 0x38, 0x5D,
    0x69, 0xF1, 0x3D, 0x7A, 0xCA, 0xDA, 0x55, 0xEE, 0x29, 0x51, 0xCB, 0x3D, 0x85, 0xD2, 0xE2, 0xCC,
    0x22, 0x3D, 0xA2, 0x56, 0x7A, 0x4A, 0x3D, 0xEF, 0x29, 0x83, 0xE2, 0x9E, 0x72, 0x9A, 0xD3, 0xE3,
    0x81, 0x5D, 0xD6, 0xF4, 0x14, 0x1D, 0x9F, 0x7F, 0x0C, 0x1A, 0x62, 0xDA, 0xA0, 0xA2, 0x9E, 0xE2,
    0x56, 0xB3, 0x9E, 0xB2, 0xD1, 0x4D, 0xB3, 0x24, 0x4A, 0xD4, 0x73, 0xC4, 0x21, 0x32, 0xCC, 0xCD,
    0xB3, 0xC4, 0xA5, 0x2C, 0x09, 0x38, 0x4B, 0xD2, 0x23, 0xC9, 0x12, 0xB5, 0x9C, 0x25, 0x4D, 0x8A,
    0x9E, 0x6D, 0xB2, 0x8E, 0x76, 0x1B, 0x37, 0xE1, 0xA9, 0xC0, 0xA7, 0x74, 0x89, 0xCD, 0xDF, 0x6A,
    0xD1, 0x0C, 0x6C, 0x9F, 0x64, 0xD1, 0x1D, 0xC3, 0x8E, 0x48, 0x1A, 0x67, 0x41, 0x86, 0x1E, 0x44,
    0x1A, 0x9C, 0x15, 0x13, 0xD2, 0xA0, 0xAC, 0x80, 0x39, 0x08, 0xFA, 0xE8, 0x1E, 0xD0, 0xCE, 0x29,
    0xCE, 0x0A, 0xBF, 0xF5, 0x99, 0x4A, 0x9F, 0x2C, 0x38, 0x38, 0x13, 0x13, 0x3F, 0x41, 0x74, 0xB1,
    0xE6, 0xBC, 0xED, 0xFC, 0x43, 0x2A, 0x2E, 0x3B, 0x89, 0xFC, 0x10, 0xEF, 0x6F, 0x1B, 0x32, 0x27,
    0x72, 0x9D, 0xAF, 0x42, 0xB4, 0xE3, 0x81, 0x23, 0x6F, 0x64, 0xE0, 0xA8, 0xA4, 0xDE, 0x13, 0x1E,
    0x38, 0x9A, 0x1F, 0xEC, 0xC0, 0xB1, 0x98, 0xD7, 0x6C, 0xA1, 0x3B, 0x2B, 0xBA, 0x82, 0xF3, 0x67,
    0x93, 0x9C, 0xC7, 0xC0, 0x0D, 0x8C, 0x7A, 0x7B, 0x52, 0xC4, 0xC2, 0x2D, 0x8C, 0x26, 0xFC, 0xE1,
    0xFF, 0xB8, 0xFD, 0x34, 0xC1, 0x3D, 0x0E, 0xA8, 0x23, 0x8D, 0x25, 0x66, 0x3A, 0x54, 0x5B, 0x07,
    0xA9, 0x69, 0xF0, 0xEB, 0x31, 0x20, 0x07, 0x30, 0x00, 0x46, 0x0D, 0xFE, 0x81, 0xAB, 0xC0, 0x85,
    0x15, 0xB6, 0x5D, 0xB8, 0x03, 0x65, 0x21, 0x04, 0x5B, 0x50, 0xC5, 0xD1, 0x06, 0x3C, 0xC2, 0x38,
    0x46, 0xB0, 0x92, 0x3A, 0x98, 0xC7, 0x35, 0xFA, 0x5A, 0x47, 0x61, 0xFF, 0xA0, 0xE1, 0x5D, 0x09,
    0x9F, 0x94, 0xE3, 0xAE, 0xD9, 0xB5, 0x50, 0x7A, 0xDC, 0xA1, 0x4D, 0x64, 0xB6, 0x25, 0x49, 0x48,
    0x29, 0x4D, 0x8D, 0x43, 0x04, 0xE9, 0x97, 0x0B, 0xA1, 0x18, 0x75, 0x8B, 0x37, 0x05, 0x7D, 0x1E,
    0xC4, 0x78, 0xAE, 0x70, 0x56, 0xCE, 0x13, 0x70, 0x5F, 0xCF, 0xF4, 0x40, 0x33, 0xBE, 0xE9, 0xB5,
    0x69, 0x1C, 0xD3, 0xF8, 0xE0, 0x72, 0x5A, 0x7A, 0x90, 0x0E, 0xA6, 0x70, 0xE1, 0xFE, 0x90, 0xAE,
    0xA6, 0x76, 0x61, 0xD7, 0xBC, 0xF1, 0x7A, 0xC4, 0x01, 0x3B, 0x72, 0xDC, 0x05, 0x0D, 0x0A, 0x13,
    0x3C, 0x39, 0x1C, 0xE2, 0x0A, 0x7B, 0x12, 0x76, 0x21, 0xCF, 0xE4, 0xD9, 0xD8, 0xA6, 0x18, 0x81,
    0xBC, 0x5B, 0xC0, 0x17, 0x53, 0x6C, 0xE2, 0x7A, 0x9C, 0x12, 0x1C, 0xF2, 0x73, 0xC3, 0x50, 0xC4,
    0xBA, 0x31, 0x6E, 0x5C, 0x0C, 0x9C, 0x07, 0x29, 0xC9, 0x3C, 0x54, 0x7E, 0x90, 0xA3, 0xC8, 0xE5,
    0x49, 0x6A, 0x2A, 0x1F, 0x40, 0xF6, 0x0D, 0xCF, 0x12, 0x3D, 0x9D, 0x81, 0x5A, 0x49, 0xF7, 0xB4,
    0x77, 0x64, 0x94, 0xAE, 0x30, 0x50, 0x49, 0x4E, 0x2E, 0x15, 0x58, 0x71, 0x8E, 0x61, 0x85, 0x61,
    0xBE, 0x66, 0x7F, 0x0C, 0x3B, 0xC4, 0x30, 0x85, 0xA6, 0xE4, 0xBE, 0x5A, 0x70, 0x06, 0x1D, 0xD6,
    0x04, 0x66, 0x97, 0xBB, 0x32, 0x9E, 0xE0, 0xCD, 0xCC, 0xD2, 0xC7, 0x11, 0x65, 0x6F, 0x13, 0xA1,
    0x98, 0x18, 0xF9, 0x92, 0xD2, 0x78, 0x8A, 0x47, 0x6C, 0x76, 0x05, 0x8F, 0x5C, 0xF0, 0x70, 0x4C,
    0xED, 0x8C, 0x78, 0xA4, 0x8C, 0x47, 0x17, 0x10, 0x1E, 0x21, 0xE1, 0x11, 0xD5, 0xB8, 0x1D, 0xE2,
    0xE1, 0x11, 0x1E, 0x32, 0x7D, 0x32, 0x1E, 0xF9, 0xB0, 0xA8, 0x27, 0x8E, 0x6D, 0x44, 0x78, 0x68,
    0x8A, 0x41, 0x5E, 0xEC, 0xE0, 0x55, 0x5E, 0x81, 0xE3, 0x36, 0x0C, 0x06, 0xCD, 0x74, 0xF4, 0x84,
    0xB3, 0x32, 0xDC, 0x65, 0xC7, 0xD6, 0xA5, 0x5A, 0xDB, 0xE3, 0x8A, 0x64, 0xEF, 0x73, 0x6E, 0xC5,
    0x43, 0x44, 0xBB, 0x74, 0x9C, 0x8B, 0xE7, 0x44, 0xEE, 0xF3, 0x28, 0xE8, 0x49, 0x81, 0xF2, 0x77,
    0x4E, 0xB9, 0x2F, 0x3A, 0x00, 0x6E, 0x92, 0x13, 0xC6, 0x89, 0x21, 0x8C, 0x71, 0x57, 0xC4, 0x38,
    0x64, 0x8C, 0x23, 0xC6, 0x18, 0x93, 0x08, 0xDC, 0x47, 0x9D, 0x1F, 0x0D, 0xCA, 0x10, 0xC6, 0x44,
    0x70, 0x9E, 0xB9, 0xC4, 0x18, 0xBF, 0xCF, 0x18, 0xFF, 0xE7, 0x88, 0x30, 0xDE, 0xD8, 0x1D, 0x45,
    0x99, 0x47, 0x91, 0xF6, 0x1B, 0x4C, 0x39, 0x9F, 0x14, 0x99, 0xC7, 0xBA, 0x4C, 0xE5, 0xB8, 0xD2,
    0xE7, 0xD8, 0x73, 0xFE, 0xB3, 0xB6, 0x49, 0xD4, 0x81, 0x1F, 0x4D, 0x64, 0x04, 0xE1, 0x80, 0x5D,
    0x63, 0xB8, 0x45, 0xDE, 0x22, 0xFE, 0x1A, 0xC0, 0x07, 0x22, 0x2A, 0x91, 0x8E, 0xE0, 0x98, 0xBC,
    0xC1, 0xDA, 0xD4, 0x1D, 0xB2, 0x50, 0xDC, 0x61, 0x8C, 0xC3, 0x1E, 0x6B, 0x33, 0x1C, 0x82, 0x16,
    0xEF, 0x89, 0x48, 0x78, 0x66, 0xAB, 0x42, 0x0F, 0xD1, 0x2B, 0xA9, 0xAA, 0x94, 0x42, 0xA4, 0xC9,
    0x9F, 0xB8, 0x5B, 0xF4, 0xD5, 0x90, 0x73, 0xA1, 0xE2, 0x5C, 0xA0, 0x48, 0x25, 0xB8, 0x7A, 0xA0,
    0x77, 0x5A, 0x7A, 0x62, 0x04, 0xA3, 0x3D, 0x21, 0xD4, 0xF2, 0x21, 0xBA, 0x7C, 0x9B, 0x8A, 0x42,
    0x59, 0x18, 0xB7, 0x49, 0x09, 0xF1, 0x67, 0xE6, 0x6C, 0x3D, 0x07, 0x7C, 0x75, 0x51, 0x7B, 0x08,
    0x78, 0xAB, 0xFC, 0x49, 0x51, 0x0F, 0x2A, 0x9A, 0x16, 0x75, 0x96, 0x1E, 0x5F, 0x51, 0xFB, 0x7B,
    0xEB, 0xB4, 0x3F, 0x2E, 0xD4, 0xF6, 0x09, 0x41, 0x5D, 0x5F, 0xEB, 0xD5, 0x4D, 0x3E, 0x39, 0x96,
    0x34, 0x76, 0x7D, 0xE0, 0x6F, 0x20, 0x5A, 0xD7, 0xB4, 0x54, 0xD8, 0xD5, 0x48, 0xB4, 0x98, 0xC8,
    0xA6, 0xC6, 0x21, 0x0F, 0x88, 0xD6, 0x20, 0x63, 0x22, 0xB3, 0x41, 0x61, 0x23, 0xA4, 0x1D, 0x56,
    0x6A, 0x38, 0x60, 0xA5, 0x02, 0xD1, 0x96, 0x44, 0xB4, 0x05, 0x39, 0x99, 0xDC, 0xA0, 0xBC, 0x85,
    0x68, 0xAB, 0x51, 0x07, 0x08, 0xD1, 0xF6, 0xF4, 0x6C, 0x96, 0x88, 0xF6, 0xFF, 0xCD, 0x55, 0x37,
    0xD0, 0xF5, 0x38, 0x15, 0x3D, 0x7E, 0xE6, 0x5B, 0x17, 0x2E, 0x44, 0x6C, 0x48, 0xEE, 0x87, 0xE0,
    0x92, 0x8C, 0x05, 0xDB, 0x91, 0x63, 0xDF, 0x6C, 0xBD, 0xF4, 0x95, 0x0C, 0xF4, 0x33, 0x5F, 0xDF,
    0x10, 0xEB, 0x6D, 0xC9, 0xC8, 0xBB, 0xDB, 0xCF, 0x98, 0xDC, 0x9A, 0x58, 0x6B, 0xC1, 0xCC, 0x78,
    0x67, 0x64, 0x1F, 0x8E, 0xEE, 0x3C, 0xFF, 0xDF, 0xFB, 0xC8, 0x19, 0xAE, 0x7C, 0x75, 0x2C, 0xDD,
    0xEB, 0xF3, 0xCE, 0x79, 0x49, 0x81, 0x99, 0xDC, 0x75, 0x45, 0xE6, 0xDB, 0x7B, 0x2A, 0xD2, 0x9F,
    0x99, 0xF2, 0x9F, 0x99, 0x2C, 0xD2, 0xBF, 0xE9, 0x6E, 0xFA, 0xFF, 0x1B, 0x7F, 0xCE, 0x37, 0x9E,
    0xC4, 0x9F, 0xAD, 0x7E, 0xA2, 0xCE, 0xED, 0xDA, 0xA5, 0x61, 0x0E, 0x53, 0x2C, 0x0C, 0x33, 0x53,
    0x58, 0xFB, 0x11, 0x9F, 0x68, 0x73, 0x77, 0xB4, 0x6C, 0x58, 0xB3, 0x3E, 0x9A, 0xDC, 0x6E, 0x2E,
    0xF5, 0x73, 0xE7, 0xFF, 0xD2, 0xFE, 0x1D, 0x86, 0x25, 0xAE, 0x5C, 0xC4, 0x20, 0x9E, 0x61, 0xEE,
    0x17, 0x97, 0x9A, 0xAD, 0x5A, 0xE1, 0x2B, 0x5F, 0xAF, 0x2E, 0xA9, 0x4B, 0x7B, 0x41, 0x15, 0xFA,
    0xF0, 0x3C, 0x11, 0x5F, 0x20, 0xF8, 0xA2, 0xF2, 0x47, 0xF4, 0xFC, 0x1D, 0xA7, 0xF0, 0x7B, 0xCE,
    0xFD, 0xF8, 0x7D, 0xE0, 0x13, 0x95, 0x6F, 0x73, 0x9F, 0xBA, 0x23, 0x6C, 0x2D, 0xFB, 0xDC, 0xB0,
    0xCB, 0x35, 0x5D, 0xAE, 0x0F, 0xB7, 0x35, 0xD9, 0xA5, 0x76, 0xEB, 0xC4, 0x35, 0x4C, 0xFD, 0x3C,
    0x8C, 0x9D, 0x7F, 0xFB, 0x3F, 0xDC, 0x7F, 0x87, 0xD7, 0x42, 0x1A, 0xC6, 0xF8, 0x5B, 0x39, 0xFD,
    0x25, 0xC7, 0xA2, 0x41, 0x69, 0x7A, 0x86, 0x89, 0x7E, 0x98, 0xE3, 0xD8, 0xA9, 0xBF, 0x4D, 0xDD,
    0x72, 0x59, 0x9A, 0x19, 0xDD, 0x06, 0xF4, 0xD7, 0xEC, 0x56, 0xC0, 0x25, 0xCB, 0x6F, 0xB9, 0xF4,
    0x2C, 0x6F, 0xE2, 0xFB, 0x1F, 0x7F, 0xE9, 0xFB, 0x56, 0xFB, 0xBB, 0x53, 0x5C, 0xED, 0x6A, 0x9C,
    0xB7, 0xDC, 0x67, 0x7E, 0xFB, 0xE3, 0x2F, 0x3D, 0xC7, 0x9B, 0xF8, 0x56, 0xBB, 0x3C, 0xFB, 0x97,
    0xB8, 0x4A, 0xED, 0x51, 0xEF, 0x87, 0x7F, 0xFE, 0xDC, 0x6D, 0xFD, 0xF6, 0x35, 0xDC, 0x3A, 0xEC,
    0x91, 0xB4, 0x08, 0x7B, 0x29, 0xE0, 0x9B, 0x00, 0x47, 0x70, 0x03, 0xE9, 0xC9, 0xF5, 0x64, 0xD9,
    0xC8, 0xB1, 0x6C, 0x8E, 0x6A, 0x28, 0x71, 0xE7, 0x87, 0x95, 0xB9, 0x8C, 0x90, 0xEE, 0xFC, 0x9D,
    0xAF, 0x3E, 0x31, 0xAC, 0x6E, 0x67, 0x1E, 0x78, 0x66, 0x48, 0x5D, 0x2E, 0xFB, 0x77, 0x5E, 0xCD,
    0xD6, 0x0F, 0xBB, 0x98, 0x61, 0xD7, 0x1F, 0x63, 0x48, 0xB0, 0xEB, 0xEC, 0xEF, 0x96, 0xB8, 0x95,
    0x6A, 0xDC, 0xFA, 0x05, 0x7F, 0x12, 0xCD, 0x79, 0x13, 0x7E, 0x05, 0xB8, 0x6B, 0x43, 0xC3, 0x43,
    0xB6, 0xAE, 0x0B, 0x47, 0x8E, 0x18, 0x26, 0x58, 0x94, 0x2F, 0x34, 0xA2, 0x87, 0x45, 0x18, 0xC5,
    0x48, 0x58, 0x68, 0xD3, 0xA5, 0xCB, 0x7E, 0x5D, 0x10, 0x2E, 0xD5, 0xDB, 0xCD, 0xA2, 0x4D, 0x37,
    0x0B, 0x63, 0x3E, 0x17, 0x27, 0x33, 0x88, 0x6E, 0x09, 0xFE, 0x64, 0x1B, 0xFB, 0x99, 0x88, 0x33,
    0x2A, 0xDE, 0x63, 0x98, 0xE3, 0xF3, 0x7B, 0xC3, 0x8C, 0x4E, 0xD9, 0x93, 0xF5, 0xD6, 0x91, 0x08,
    0x3C, 0xD0, 0x32, 0xB7, 0x62, 0xA0, 0xE7, 0x07, 0xE8, 0x11, 0xEF, 0x9D, 0x18, 0xC2, 0xE7, 0x0F,
    0x29, 0x03, 0xA4, 0x39, 0x62, 0x78, 0x21, 0x0B, 0x4D, 0x2B, 0x31, 0xBC, 0x78, 0x5D, 0x10, 0x0F,
    0x0B, 0x69, 0x7E, 0x58, 0xD4, 0xF9, 0x66, 0xD1, 0xAE, 0xA0, 0x0F, 0x5F, 0xDC, 0x8D, 0xAD, 0x4B,
    0xD2, 0xC4, 0x8A, 0xA0, 0xBD, 0x0B, 0x18, 0x7E, 0x73, 0x80, 0x3F, 0x3B, 0x0A, 0xF3, 0x64, 0xBA,
    0x82, 0x12, 0xA5, 0xDA, 0x70, 0x41, 0xA7, 0x04, 0xDE, 0xAF, 0xFC, 0xEC, 0x35, 0xF1, 0x0A, 0x3C,
    0xC4, 0x7D, 0xB5, 0xD7, 0x6C, 0xE8, 0x0E, 0x97, 0xFB, 0x75, 0x48, 0x51, 0x06, 0x0E, 0xBC, 0xD5,
    0x2A, 0xF8, 0x32, 0xAA, 0x1D, 0x07, 0x6A, 0x5E, 0xE8, 0x1B, 0xD6, 0xF4, 0xEE, 0x68, 0x09, 0x97,
    0xDD, 0x81, 0x7E, 0xED, 0xA5, 0x2C, 0x0D, 0x92, 0x32, 0xC5, 0x05, 0xF4, 0x1C, 0xD5, 0x49, 0xE0,
    0xAD, 0x1A, 0xB0, 0xD0, 0xE3, 0x5F, 0xC7, 0x33, 0xA8, 0x0E, 0x68, 0x18, 0x89, 0xDE, 0x98, 0x5A,
    0x34, 0x4F, 0xD3, 0xB7, 0x6C, 0x34, 0xE0, 0x76, 0x31, 0x8A, 0x6C, 0xEB, 0xB2, 0x33, 0xBA, 0xB5,
    0x5F, 0x11, 0xE7, 0xB0, 0x0C, 0xA2, 0x1C, 0xE3, 0x24, 0x3F, 0x44, 0x44, 0x80, 0xD1, 0xBE, 0x09,
    0x67, 0x3C, 0x85, 0xE0, 0x39, 0x71, 0x8E, 0x12, 0xD0, 0x6F, 0xE5, 0xBF, 0xA0, 0x2A, 0x7D, 0xEF,
    0x55, 0x45, 0x43, 0xC5, 0x30, 0x42, 0xF5, 0x09, 0x9C, 0xE5, 0x3E, 0xA6, 0x98, 0x0A, 0xF9, 0x66,
    0x2F, 0x24, 0xFD, 0xAD, 0xE4, 0x1C, 0x35, 0x51, 0xB1, 0xA2, 0x2F, 0xFC, 0x5E, 0x8F, 0xBE, 0x0D,
    0x16, 0x22, 0xF0, 0x17, 0x8F, 0x30, 0x0E, 0x53, 0x3F, 0x89, 0x44, 0x6A, 0x66, 0x70, 0x89, 0x66,
    0x55, 0x02, 0xED, 0xFB, 0xDE, 0xE7, 0x6E, 0x83, 0x34, 0x6B, 0xC8, 0x43, 0x73, 0x34, 0xE6, 0x4F,
    0x43, 0x94, 0xE0, 0x68, 0xA4, 0xC3, 0x38, 0x78, 0x91, 0xBE, 0xF9, 0x46, 0x36, 0xBC, 0xF2, 0xB2,
    0x68, 0x6A, 0x37, 0x4D, 0xC3, 0xA1, 0x89, 0x1C, 0x51, 0xEF, 0xF2, 0xEB, 0x36, 0xB7, 0x61, 0x58,
    0x6A, 0x6D, 0x36, 0x23, 0xFA, 0x05, 0x9C, 0x1A, 0x42, 0x7A, 0xE3, 0x0A, 0x2E, 0xBA, 0xCA, 0x4D,
    0x9F, 0xA1, 0xCD, 0x8A, 0x93, 0x3A, 0xD1, 0x8E, 0x6F, 0x07, 0xA2, 0x6E, 0x57, 0x89, 0x40, 0xCD,
    0xB1, 0x32, 0xB3, 0xBA, 0x74, 0x53, 0xD3, 0x6B, 0xB3, 0x88, 0x1E, 0x4F, 0x6B, 0x0A, 0xA7, 0x94,
    0xD7, 0x61, 0x94, 0x8A, 0x08, 0xB7, 0xB4, 0xDB, 0x45, 0x8C, 0xAB, 0xCB, 0xCD, 0x8A, 0x6A, 0x6F,
    0xB7, 0x6E, 0x16, 0xE3, 0x65, 0x19, 0x46, 0x40, 0xEE, 0x8B, 0x3E, 0x97, 0xEA, 0x2C, 0xA8, 0xB3,
    0x4B, 0x50, 0x1C, 0xDA, 0x96, 0x85, 0x40, 0x11, 0xA8, 0x5D, 0x8F, 0xC0, 0x95, 0x23, 0x22, 0x9F,
    0xAB, 0x5A, 0xB5, 0x0F, 0xCA, 0x62, 0x75, 0xF4, 0xE2, 0x42, 0xB3, 0xB5, 0xAB, 0xA0, 0x5B, 0xEC,
    0xF7, 0x18, 0xBE, 0xB0, 0x44, 0x2F, 0x92, 0x76, 0x13, 0x8D, 0x28, 0x73, 0x9B, 0xE0, 0x92, 0x89,
    0x18, 0x26, 0x31, 0xF2, 0x14, 0x78, 0x8D, 0x2E, 0x21, 0x4C, 0x21, 0xC9, 0x6F, 0x4C, 0x17, 0x4E,
    0x4C, 0xB5, 0x26, 0x59, 0x1B, 0x39, 0xCB, 0x9F, 0x4D, 0x9C, 0x6A, 0xE2, 0xAF, 0x4F, 0x71, 0xBA,
    0x5C, 0xA7, 0x30, 0x55, 0xD7, 0x69, 0x98, 0xA0, 0x69, 0x34, 0x8B, 0x67, 0xDC, 0x79, 0xBC, 0x0E,
    0xC3, 0x0A, 0xCE, 0xCC, 0x35, 0xD3, 0xC3, 0x64, 0x0A, 0xAC, 0xFA, 0xE7, 0x0E, 0xD8, 0x40, 0x90,
    0x5E, 0x57, 0xE4, 0x03, 0xD7, 0xAA, 0xAC, 0x0A, 0x79, 0xBD, 0x9F, 0x1F, 0xB7, 0xBD, 0x81, 0xF6,
    0xBF, 0x67, 0x3F, 0xFC, 0xE8, 0x35, 0x51, 0x69, 0xEF, 0x4C, 0xBD, 0x95, 0xB6, 0xD2, 0xE1, 0x9E,
    0x74, 0x84, 0xB3, 0xA3, 0xB2, 0x8E, 0x5C, 0x3A, 0xD6, 0xC7, 0x1D, 0xE3, 0xC9, 0x71, 0x9C, 0x1D,
    0xCE, 0xDE, 0xEE, 0x54, 0x3A, 0x66, 0x4D, 0xED, 0x74, 0x7E, 0xEF, 0xBA, 0x97, 0x81, 0xE6, 0xF0,
    0x88, 0x9C, 0x31, 0x70, 0x05, 0xB9, 0x09, 0x0F, 0xE1, 0x21, 0xE4, 0x18, 0x49, 0x2F, 0x9C, 0xDF,
    0x29, 0xAF, 0x6F, 0x42, 0x4C, 0x85, 0xC0, 0xE8, 0x8C, 0xAD, 0xC9, 0x30, 0x03, 0xF5, 0x0D, 0x06,
    0x61, 0x97, 0xF1, 0x06, 0x2E, 0x78, 0x8A, 0x5B, 0x43, 0x4E, 0x15, 0x99, 0x1C, 0x89, 0x5A, 0xF7,
    0x8E, 0xAB, 0x70, 0x87, 0x3B, 0xBC, 0xF0, 0x1E, 0xED, 0xF5, 0xA9, 0x46, 0x78, 0xD9, 0x74, 0x2F,
    0xAC, 0x36, 0xE5, 0x29, 0xF0, 0x8C, 0xCF, 0x28, 0x5F, 0x5B, 0xB4, 0xAA, 0x46, 0x0F, 0x47, 0xF5,
    0x72, 0xFA, 0x13, 0x6C, 0x76, 0xF1, 0xA8, 0x8E, 0x4F, 0xD8, 0x33, 0x16, 0x15, 0x61, 0x36, 0x69,
    0x2E, 0x5B, 0x9A, 0x49, 0x47, 0xF3, 0xE8, 0x0E, 0x6D, 0xDA, 0x8F, 0xA2, 0x38, 0x14, 0x14, 0x83,
    0x2E, 0xDB, 0xBB, 0x65, 0xE0, 0x1E, 0x41, 0x30, 0x90, 0x37, 0x41, 0xB1, 0x26, 0x28, 0xCE, 0xDA,
    0x02, 0xAB, 0xC0, 0x7C, 0x35, 0xD9, 0x6C, 0x09, 0x1A, 0x73, 0x87, 0xDA, 0xC0, 0x3C, 0x55, 0xB7,
    0x8E, 0x94, 0x66, 0xA8, 0x96, 0x00, 0x42, 0x14, 0xD3, 0x63, 0x28, 0x66, 0x1A, 0x9E, 0x5E, 0x3A,
    0xB1, 0x98, 0x04, 0x3B, 0x09, 0x63, 0xAA, 0x49, 0x0F, 0x0A, 0xEC, 0x7F, 0x40, 0xB0, 0x81, 0xB3,
    0x60, 0x17, 0x54, 0x73, 0xB1, 0x69, 0x27, 0x89, 0x37, 0x08, 0x93, 0xC1, 0x70, 0x0B, 0x15, 0x0D,
    0x3E, 0xC7, 0x51, 0xD0, 0x91, 0xF6, 0xAF, 0xC1, 0x6C, 0xC0, 0x19, 0x41, 0xF0, 0x32, 0x0C, 0xD4,
    0xA5, 0xEC, 0x47, 0x03, 0x27, 0x78, 0xE5, 0xA3, 0xE3, 0xE2, 0xCE, 0xA3, 0xF2, 0xAA, 0xAD, 0xE8,
    0x56, 0x40, 0x0C, 0x43, 0x7E, 0x0C, 0xA6, 0xBA, 0x5F, 0xAD, 0x53, 0xD7, 0x19, 0x61, 0xC3, 0x65,
    0xAA, 0xC9, 0xB9, 0x4D, 0x8E, 0x8A, 0xD4, 0x53, 0xB1, 0x0C, 0xF3, 0x1B, 0xC8, 0xD1, 0x49, 0xD9,
    0x06, 0xC5, 0x79, 0xEA, 0x3C, 0xA3, 0x51, 0xED, 0xB8, 0x39, 0x38, 0x34, 0xEC, 0x04, 0x7A, 0x5A,
    0xC3, 0xBB, 0xE3, 0x3C, 0x3E, 0xB2, 0x6E, 0x35, 0xEC, 0x34, 0x72, 0x1A, 0x76, 0x22, 0x69, 0xB1,
    0xDA, 0xA9, 0x34, 0x68, 0xD8, 0xC9, 0x14, 0x26, 0x59, 0x3B, 0x40, 0x84, 0x27, 0x47, 0x89, 0xC6,
    0x43, 0xFC, 0x01, 0xAD, 0xD2, 0x01, 0x86, 0x1C, 0x4F, 0x14, 0xC7, 0xF1, 0xDF, 0x74, 0xDB, 0x6D,
    0xFE, 0x8D, 0x02, 0x7F, 0xC2, 0xA2, 0x01, 0x48, 0x30, 0x47, 0x78, 0x7D, 0x84, 0x45, 0x06, 0x04,
    0x72, 0x83, 0xB9, 0x40, 0xA4, 0xEA, 0x08, 0x01, 0x39, 0x4D, 0xA8, 0x27, 0x27, 0x28, 0x24, 0x00,
    0x52, 0xC8, 0x06, 0xC0, 0xA0, 0x97, 0x1E, 0xDB, 0x5D, 0xBF, 0x54, 0x57, 0xF7, 0xDA, 0x95, 0xDD,
    0x08, 0x91, 0x19, 0x5F, 0x4D, 0x41, 0xBD, 0x57, 0x3E, 0x38, 0x9E, 0x51, 0x93, 0xCE, 0x90, 0x71,
    0x7F, 0xB6, 0x27, 0x09, 0x66, 0xF4, 0x6A, 0x26, 0x6A, 0x3B, 0xD1, 0x3D, 0xAE, 0x9C, 0x0F, 0x36,
    0xCA, 0x49, 0xC8, 0x60, 0x48, 0x57, 0x73, 0x06, 0xFE, 0xEF, 0xB1, 0xFE, 0x5E, 0x29, 0x40, 0x45,
    0x95, 0x6B, 0x72, 0x5D, 0x4E, 0xAC, 0x22, 0x89, 0x56, 0x93, 0x68, 0x73, 0x12, 0x35, 0x41, 0x54,
    0xBE, 0xDA, 0x2F, 0x96, 0x4C, 0x92, 0xEB, 0x72, 0x80, 0xE8, 0x43, 0x2F, 0x5D, 0x4B, 0x62, 0xC9,
    0x2C, 0xDD, 0x1E, 0x60, 0x22, 0x60, 0xCE, 0x39, 0x0E, 0xE8, 0x38, 0x03, 0x57, 0x04, 0x76, 0xEC,
    0x01, 0xBA, 0xF2, 0x6D, 0x08, 0xCB, 0x94, 0x1B, 0x21, 0x74, 0xB8, 0x78, 0x0D, 0x94, 0xF3, 0x3D,
    0x15, 0x3C, 0xA3, 0x49, 0x80, 0x19, 0x00, 0xE1, 0x00, 0x4B, 0xC2, 0x93, 0x4A, 0xC7, 0x40, 0x67,
    0x73, 0x12, 0xA9, 0x12, 0x7C, 0xF4, 0x2A, 0xA4, 0x76, 0x24, 0x1A, 0x8E, 0x65, 0x27, 0x4F, 0x3A,
    0x92, 0xBA, 0x94, 0x0E, 0xEC, 0xA7, 0x5D, 0xC2, 0xBB, 0x7A, 0x02, 0xCC, 0x09, 0xD8, 0xC7, 0x75,
    0x5C, 0xBF, 0x8C, 0x00, 0xD4, 0x29, 0x37, 0x03, 0xCD, 0xB4, 0x56, 0x8F, 0x00, 0xDE, 0x02, 0x3B,
    0xFF, 0xBD, 0xEC, 0x21, 0x5C, 0x6E, 0xB3, 0xEA, 0x55, 0xD4, 0xAA, 0xB8, 0xEE, 0x94, 0x50, 0x71,
    0x44, 0x73, 0x37, 0x43, 0x94, 0xCE, 0x3B, 0xD9, 0x66, 0xF1, 0xC1, 0x93, 0x2A, 0x64, 0x6F, 0x38,
    0x02, 0x87, 0x1E, 0x15, 0x63, 0xD9, 0x7B, 0x39, 0xF3, 0x37, 0xD4, 0x6D, 0xEE, 0xC0, 0x1B, 0x1B,
    0x2D, 0x19, 0xF6, 0xB9, 0x8A, 0xE5, 0xDD, 0x1D, 0x5A, 0x02, 0x36, 0xE1, 0x0D, 0x47, 0x78, 0x46,
    0x48, 0x02, 0x2E, 0xAE, 0x81, 0xAB, 0xCF, 0x09, 0xFC, 0x56, 0x76, 0x89, 0xDD, 0x7C, 0x3C, 0x99,
    0xDF, 0xFC, 0xED, 0x24, 0x89, 0x93, 0x4D, 0x38, 0x8E, 0xA8, 0x56, 0x13, 0xA1, 0x98, 0x88, 0xDD,
    0x60, 0xD5, 0x8C, 0xFE, 0x89, 0x89, 0x5C, 0x39, 0xEF, 0x1E, 0xBB, 0xE8, 0xAB, 0x7B, 0x17, 0x3B,
    0x07, 0x1C, 0x23, 0xAE, 0x18, 0x21, 0xB9, 0x2E, 0x07, 0xF9, 0x73, 0x97, 0x64, 0xDF, 0x91, 0x6E,
    0x9F, 0xBF, 0x38, 0x0E, 0x68, 0x56, 0x0F, 0x2A, 0x67, 0x1F, 0x24, 0x4F, 0xB3, 0x8F, 0x12, 0x2F,
    0x3F, 0xD8, 0xB0, 0x79, 0xEB, 0xD1, 0xCE, 0xC0, 0x7E, 0x00, 0x7C, 0x40, 0xCD, 0x1E, 0x26, 0x1D,
    0xAE, 0x85, 0x1C, 0x73, 0x43, 0x47, 0xC6, 0x9D, 0x5F, 0xEE, 0x4E, 0xE5, 0x0D, 0xED, 0x47, 0xBA,
    0xF7, 0x60, 0xFF, 0x02, 0x44, 0xC1, 0x61, 0x07, 0xD4, 0x9C, 0x50, 0xB1, 0x98, 0x52, 0xC0, 0xE7,
    0x8A, 0x61, 0x67, 0x49, 0x58, 0x4E, 0x10, 0x86, 0xE2, 0xEA, 0x59, 0xE7, 0xE6, 0x1F, 0x3A, 0xBF,
    0xCD, 0x31, 0xE6, 0x26, 0xFC, 0xE7, 0x09, 0x34, 0x9B, 0xF3, 0x7B, 0xEB, 0x2D, 0x61, 0x39, 0xE7,
    0x86, 0xC7, 0xD6, 0xB1, 0x5A, 0xA7, 0xAB, 0x19, 0x60, 0xCA, 0x53, 0x3C, 0x78, 0xE7, 0x5F, 0x7A,
    0x9F, 0xB3, 0xF7, 0x4F, 0x8B, 0xF7, 0x76, 0x00, 0xBA, 0xCD, 0xBB, 0x75, 0x00, 0xFB, 0x07, 0xF3,
    0xC5, 0x7B, 0x6E, 0xFC, 0xD5, 0x7C, 0x7A, 0x62, 0x5E, 0x4E, 0x44, 0xCB, 0xA9, 0xB8, 0x37, 0x77,
    0x84, 0x28, 0xF5, 0x19, 0xF7, 0x68, 0x37, 0xF7, 0xBB, 0x65, 0x97, 0xD5, 0x3D, 0xFC, 0x0F, 0x2A,
    0xD5, 0x6A, 0x71, 0xAF, 0x12, 0x7D, 0xB6, 0xBF, 0x58, 0xEB, 0x9E, 0xD8, 0x9F, 0x37, 0xFB, 0x61,
    0xB5, 0xDF, 0x03, 0x3F, 0x01, 0x65, 0xD1, 0x21, 0x8C, 0xDB, 0x30, 0x18, 0x86, 0xE1, 0x2F, 0x8D,
    0x6E, 0x37, 0xAD, 0xA0, 0x68, 0xD8, 0x1C, 0x99, 0x23, 0x47, 0x9A, 0x34, 0x0E, 0xDA, 0x49, 0x63,
    0xE3, 0x07, 0xC6, 0x51, 0xCC, 0xD1, 0xC8, 0x38, 0x3F, 0x32, 0x8E, 0x12, 0x8E, 0xCA, 0x51, 0xC1,
    0xC8, 0x98, 0x41, 0x40, 0x3A, 0x39, 0x7D, 0xCF, 0xBF, 0x74, 0x49, 0x52, 0x35, 0xE0, 0x91, 0x5E,
    0xE5, 0x97, 0x0C, 0xBE, 0x00, 0xD0, 0x6F, 0xFD, 0x80, 0x29, 0x92, 0xC2, 0x46, 0x6F, 0xCA, 0x35,
    0xA6, 0x74, 0x2F, 0xE4, 0x07, 0x87, 0xBB, 0x9B, 0x00, 0xE9, 0x5E, 0x19, 0x8B, 0x43, 0xC1, 0x3D,
    0xDE, 0xA8, 0xEA, 0x7E, 0x15, 0x3D, 0xB9, 0xD8, 0x81, 0xB4, 0x03, 0xA2, 0x6A, 0xBE, 0xD0, 0x6B,
    0x3F, 0x55, 0xC5, 0x43, 0x16, 0x51, 0x6E, 0x14, 0x92, 0x1F, 0x74, 0x2C, 0x26, 0xD9, 0x93, 0xE6,
    0x1E, 0xEC, 0x04, 0x88, 0x26, 0x8D, 0xD4, 0x26, 0xA9, 0x78, 0x29, 0x78, 0x40, 0x0A, 0x70, 0x33,
    0x99, 0x24, 0xD1, 0xCB, 0x8C, 0xF6, 0x36, 0x05, 0xBD, 0xF0, 0xFA, 0xFA, 0xA7, 0x07, 0xE0, 0xDD,
    0xCE, 0x8C, 0xC1, 0xD4, 0x53, 0x53, 0x9D, 0x8E, 0xAA, 0x5E, 0xF8, 0xA7, 0xF9, 0x0B, 0xC0, 0x65,
    0x8E, 0x16, 0xC8, 0xDB, 0x3F, 0xCC, 0xF1, 0x44, 0x72, 0x34, 0x73, 0x91, 0x76, 0xF4, 0x6B, 0x88,
    0xBE, 0xFA, 0xB1, 0x09, 0x97, 0x36, 0x11, 0x96, 0xA8, 0x88, 0x6B, 0xD4, 0x7C, 0xED, 0x18, 0xD5,
    0x5D, 0x2D, 0x1C, 0x01, 0xF2, 0x33, 0x44, 0x01, 0x93, 0x87, 0xC1, 0xFD, 0xFD, 0x69, 0xC1, 0xA0,
    0x60, 0x9B, 0xDA, 0x92, 0x70, 0x96, 0xC5, 0xF9, 0x20, 0xC1, 0x28, 0x59, 0x5C, 0x97, 0xCD, 0x92,
    0x3C, 0xE7, 0x35, 0x0E, 0xE4, 0x35, 0x6A, 0x58, 0x43, 0x9E, 0xB8, 0xC4, 0x27, 0x1B, 0x65, 0x8E,
    0xA0, 0xD0, 0x57, 0xFC, 0x6F, 0x4A, 0x4C, 0xDF, 0x2D, 0x3C, 0xD8, 0x3D, 0x53, 0xFB, 0x9B, 0xA6,
    0xC5, 0x86, 0x77, 0xE4, 0x96, 0x9B, 0x4A, 0x24, 0x1B, 0x6C, 0xF0, 0x0C, 0x7A, 0xFF, 0x4E, 0x8D,
    0x4E, 0xB2, 0xCF, 0xDD, 0xA2, 0x6D, 0x4F, 0x96, 0x3C, 0x36, 0x54, 0x07, 0x59, 0x3B, 0x2E, 0x75,
    0xD6, 0x33, 0x4D, 0xF1, 0x90, 0x55, 0x8F, 0x72, 0xA3, 0xEA, 0xA4, 0xB0, 0x4E, 0x6C, 0xA3, 0xF7,
    0x72, 0x8B, 0x8D, 0x4D, 0xBC, 0x9D, 0x9E, 0x65, 0xFA, 0xEE, 0x22, 0x33, 0x99, 0x61, 0x90, 0x99,
    0x4D, 0x9B, 0xE9, 0xA3, 0xF6, 0x5C, 0xBF, 0x65, 0xD5, 0x40, 0xB6, 0xD7, 0x19, 0xA4, 0x3D, 0x44,
    0x49, 0x9F, 0x8F, 0x7A, 0x03, 0xAD, 0x94, 0x01, 0x87, 0xDD, 0x40, 0x10, 0xC7, 0xE7, 0x65, 0x8F,
    0x3C, 0x8D, 0xB3, 0x05, 0x28, 0x08, 0x14, 0xA0, 0xB6, 0x9F, 0xE0, 0x36, 0x14, 0x05, 0x28, 0xFA,
    0xB8, 0x0F, 0x52, 0x14, 0x48, 0x80, 0x02, 0xFA, 0x15, 0x0E, 0x70, 0x5F, 0xA2, 0x12, 0x0E, 0x05,
    0x5C, 0xE8, 0x17, 0x88, 0x16, 0x45, 0x71, 0xA9, 0x4B, 0x5D, 0x78, 0x9B, 0x4C, 0xE7, 0xBF, 0xF3,
    0xFA, 0x12, 0x75, 0x54, 0xAF, 0x1D, 0xF2, 0x93, 0xCC, 0xCE, 0xFC, 0x67, 0x77, 0x76, 0x37, 0xA4,
    0x96, 0x46, 0xE6, 0x0D, 0x58, 0xF6, 0x82, 0x0D, 0x57, 0x42, 0x33, 0x09, 0xC8, 0xF6, 0xA0, 0x67,
    0xB1, 0xC0, 0x2B, 0xAA, 0x47, 0x47, 0xD3, 0x89, 0x34, 0x4B, 0x15, 0x16, 0xB5, 0x94, 0x56, 0x76,
    0x01, 0xCD, 0x20, 0xB0, 0x1C, 0x15, 0x25, 0x82, 0xB9, 0x27, 0x23, 0x32, 0x94, 0xDF, 0x4D, 0x4C,
    0xFE, 0x4B, 0xA8, 0x9B, 0xFC, 0x2A, 0xF8, 0x22, 0x35, 0xE1, 0x54, 0x83, 0xFF, 0x15, 0x8B, 0x99,
    0x0A, 0xB4, 0x1D, 0xE8, 0x46, 0x30, 0x3B, 0x4C, 0xBB, 0x10, 0x92, 0x6F, 0x19, 0x36, 0x44, 0x86,
    0x15, 0x07, 0x1D, 0xD5, 0xC8, 0x98, 0xB5, 0x28, 0x40, 0x4D, 0x95, 0xD5, 0x92, 0xCB, 0xFF, 0x30,
    0xE3, 0xC4, 0x84, 0x2D, 0xD9, 0x17, 0xC1, 0x91, 0xFF, 0x14, 0xCA, 0xC6, 0xDD, 0x06, 0xAE, 0xB2,
    0x3D, 0xCF, 0x94, 0xC4, 0xC9, 0xD4, 0xDC, 0x12, 0x39, 0x2E, 0x0E, 0x6D, 0xDF, 0x0C, 0x82, 0x13,
    0x22, 0xF9, 0xCE, 0x29, 0xE9, 0x89, 0xCA, 0x26, 0x0B, 0xD8, 0x8B, 0x74, 0x8E, 0x01, 0x5C, 0xE5,
    0xE2, 0x74, 0x5D, 0xC9, 0x62, 0x23, 0xC0, 0x93, 0x32, 0x7A, 0x82, 0xEB, 0x24, 0xB1, 0x97, 0x14,
    0xAA, 0x9B, 0x84, 0x0B, 0xC3, 0x78, 0xC1, 0xA7, 0x8B, 0x6A, 0x5B, 0xA2, 0xC3, 0xEA, 0x32, 0x94,
    0x45, 0xFD, 0x09, 0x13, 0x29, 0x32, 0xE6, 0xCE, 0xDF, 0xF0, 0x58, 0x5F, 0xDF, 0x4E, 0xDE, 0x7E,
    0x1F, 0x4F, 0x6D, 0x7F, 0x81, 0xC3, 0x72, 0xDF, 0x83, 0x31, 0xC4, 0xC4, 0xD8, 0x9B, 0xFD, 0x68,
    0x25, 0x57, 0x34, 0x2A, 0xAA, 0x67, 0xD5, 0x84, 0x76, 0xB4, 0x57, 0x38, 0x34, 0x83, 0x20, 0x9F,
    0x04, 0x35, 0x57, 0xA8, 0xD5, 0x91, 0x14, 0x1B, 0xC9, 0xDD, 0xDD, 0x31, 0xB9, 0x8F, 0xC3, 0x4C,
    0xD9, 0xCB, 0xE1, 0x2D, 0x6D, 0xD2, 0xE1, 0xB1, 0x06, 0x2F, 0x30, 0xE9, 0xF0, 0x94, 0xEC, 0xBB,
    0xE1, 0x03, 0xF9, 0xAF, 0x3F, 0x98, 0xF2, 0xFD, 0x7E, 0x22, 0x13, 0xBB, 0xC6, 0x38, 0x6E, 0x9E,
    0xB1, 0x67, 0xB1, 0xCF, 0x3D, 0x5C, 0xE2, 0xFC, 0x0D, 0x24, 0x6E, 0x02, 0x0A, 0x80, 0xFE, 0x00,
    0x03, 0xD8, 0x46, 0xE0, 0x7B, 0x81, 0x68, 0x90, 0x99, 0xC5, 0x67, 0x07, 0x01, 0x2E, 0x08, 0xD5,
    0x47, 0x78, 0xC0, 0xF6, 0x7A, 0xAF, 0xF4, 0xB2, 0x1C, 0xEE, 0x4A, 0xDE, 0x0A, 0xD2, 0x82, 0xD4,
    0x7C, 0xF3, 0x57, 0x78, 0x0E, 0x04, 0xC1, 0x15, 0xE3, 0x8D, 0x1B, 0x81, 0xEB, 0x05, 0x69, 0xD0,
    0x92, 0x40, 0x75, 0xC4, 0xAF, 0xF2, 0xF9, 0x20, 0xA8, 0x5B, 0xF9, 0xC2, 0x4A, 0x37, 0x70, 0xD1,
    0x1B, 0x60, 0x3D, 0x8B, 0x85, 0xA6, 0x00, 0x6D, 0x0B, 0xFA, 0x1E, 0x64, 0xBC, 0x9B, 0x58, 0x33,
    0x1B, 0x41, 0x17, 0xFB, 0x57, 0xAE, 0xE8, 0x23, 0x2D, 0x2A, 0xA1, 0x2D, 0x30, 0x56, 0xC1, 0xFE,
    0xBE, 0xBB, 0x83, 0xDD, 0x8F, 0xD4, 0x84, 0x00, 0xDA, 0xE5, 0xF2, 0x61, 0x4B, 0x76, 0xE7, 0x06,
    0x9A, 0x93, 0x8D, 0xF4, 0x91, 0x35, 0xC1, 0x94, 0x7E, 0x35, 0x6A, 0x22, 0x25, 0x6B, 0xB3, 0x3B,
    0x3F, 0x28, 0xD8, 0x95, 0xF2, 0x66, 0x58, 0x55, 0x7C, 0x12, 0x59, 0x16, 0xF0, 0x73, 0x27, 0x4C,
    0x79, 0x14, 0xBA, 0xCF, 0x73, 0xEC, 0x52, 0x3C, 0x85, 0x2D, 0x8E, 0xA1, 0x70, 0x24, 0x77, 0xD3,
    0xCE, 0x33, 0x95, 0xD7, 0x6D, 0xA8, 0x8B, 0xDC, 0xB6, 0xE1, 0x8C, 0x4E, 0x84, 0x27, 0x44, 0x42,
    0x7A, 0x38, 0x27, 0xE1, 0xA3, 0xEA, 0x92, 0x60, 0xDB, 0xC8, 0xB3, 0xC8, 0xBA, 0x02, 0x7D, 0x07,
    0xDA, 0x91, 0x76, 0xAF, 0x29, 0x99, 0x89, 0x61, 0x55, 0x64, 0xB7, 0xFC, 0xA5, 0x92, 0xA0, 0x54,
    0xCF, 0x6A, 0xB4, 0xDA, 0xED, 0x90, 0x25, 0x96, 0x8D, 0xAA, 0xA6, 0xCA, 0x4B, 0x95, 0xAD, 0x56,
    0xD7, 0x99, 0x28, 0x1F, 0xBA, 0x16, 0xED, 0x46, 0x2E, 0x7C, 0x46, 0xE5, 0x7B, 0x74, 0xC9, 0x7D,
    0x6B, 0x67, 0x3E, 0x74, 0x4F, 0x3B, 0xA9, 0x5D, 0xD5, 0x0E, 0xCB, 0xC0, 0x78, 0xEC, 0x3C, 0x95,
    0xD5, 0x71, 0x47, 0x92, 0x22, 0xC1, 0x68, 0x6B, 0x1B, 0x89, 0xEC, 0xDD, 0xF2, 0x6F, 0xC3, 0x5A,
    0xD2, 0xB8, 0xAE, 0x1C, 0x3C, 0xFC, 0xDB, 0x66, 0x88, 0x4C, 0x4A, 0xF5, 0xE8, 0xA8, 0x46, 0x6A,
    0x96, 0x2A, 0x50, 0x0E, 0x35, 0x55, 0xD6, 0x2A, 0x3F, 0x01, 0xD5, 0x52, 0xBD, 0x92, 0xE6, 0x56,
    0x11, 0x6D, 0x49, 0xDE, 0x15, 0x58, 0x55, 0xBE, 0x04, 0x6C, 0xE2, 0x2D, 0xAC, 0x84, 0x84, 0x48,
    0x8F, 0x70, 0xC5, 0x13, 0xB0, 0x01, 0xDF, 0x12, 0x38, 0x70, 0x0A, 0x43, 0x30, 0x6F, 0xE0, 0x2B,
    0x78, 0x82, 0x49, 0x88, 0x21, 0x20, 0xB0, 0x3F, 0x02, 0xF3, 0x02, 0xF6, 0x15, 0x10, 0x38, 0x20,
    0x51, 0x41, 0x11, 0xA3, 0x2A, 0x66, 0xA1, 0xCA, 0x09, 0x37, 0x90, 0xAB, 0x34, 0xB3, 0x92, 0x9A,
    0xD3, 0x7D, 0xEF, 0x37, 0xF3, 0xCD, 0x0F, 0xB3, 0x06, 0x16, 0x6C, 0x34, 0xA3, 0x3E, 0xFA, 0xA4,
    0xBE, 0xA7, 0xCF, 0xE9, 0x6E, 0xBB, 0x11, 0x51, 0x33, 0xD5, 0x0C, 0xB0, 0xC1, 0x70, 0x4B, 0xE4,
    0x06, 0xC3, 0x1D, 0x11, 0xF7, 0x25, 0xF7, 0x80, 0xAE, 0xE0, 0x81, 0x72, 0xC6, 0xFF, 0x48, 0x05,
    0x53, 0xC6, 0x97, 0xFB, 0x8F, 0x56, 0xBC, 0xC7, 0xB5, 0x10, 0x79, 0xC0, 0x8C, 0xA3, 0x80, 0x00,
    0x58, 0xA9, 0x19, 0x89, 0xEA, 0x8D, 0xEC, 0x40, 0x64, 0x98, 0x1C, 0x18, 0x2A, 0x6E, 0x85, 0xB6,
    0xE4, 0x4E, 0x8A, 0x14, 0xFC, 0x5B, 0x29, 0x99, 0xF3, 0x1F, 0x71, 0x1A, 0x34, 0x7F, 0x9B, 0x15,
    0x5E, 0x4E, 0x02, 0x4E, 0x48, 0x84, 0x6D, 0x10, 0x68, 0xA4, 0x3E, 0xD8, 0x44, 0x8D, 0xB2, 0xC9,
    0x55, 0xAD, 0x0A, 0xF9, 0x99, 0xC2, 0x37, 0xE5, 0x0D, 0x84, 0x41, 0xC7, 0x0A, 0x4E, 0xE6, 0xB6,
    0xB8, 0xA8, 0xB8, 0xCF, 0xBB, 0x4C, 0x29, 0xE4, 0x0B, 0xB9, 0xA0, 0xDE, 0x52, 0xD8, 0xD9, 0x09,
    0x27, 0x78, 0x12, 0xC9, 0x93, 0xB8, 0x08, 0x05, 0x77, 0x3E, 0x80, 0xB6, 0x09, 0xF5, 0x8C, 0x14,
    0x24, 0xC5, 0x30, 0xBA, 0x11, 0xBD, 0xF0, 0x03, 0xF9, 0x1E, 0x64, 0x50, 0xDF, 0x13, 0x9C, 0xF4,
    0x68, 0x05, 0x0F, 0xC5, 0x0A, 0x6E, 0xB3, 0x90, 0x9F, 0x24, 0x93, 0xF1, 0xBD, 0x41, 0x6D, 0x10,
    0x8B, 0x9B, 0x93, 0x36, 0xF6, 0x65, 0x90, 0x10, 0xAE, 0xC3, 0x37, 0x20, 0x48, 0x64, 0x3C, 0x10,
    0xB4, 0x8F, 0xB7, 0xC2, 0xC3, 0x27, 0x9E, 0x49, 0x90, 0x61, 0xDC, 0x0A, 0xDA, 0x41, 0xA2, 0x37,
    0x70, 0x67, 0xFE, 0x82, 0x6A, 0xED, 0x27, 0x8F, 0xAE, 0xD3, 0x36, 0x6D, 0x9B, 0xF4, 0x2D, 0xCE,
    0xAE, 0xE1, 0xB3, 0xA7, 0x42, 0xE6, 0x16, 0x0C, 0x37, 0xC4, 0xA6, 0xE1, 0x7D, 0x0E, 0xBF, 0x05,
    0x46, 0x5C, 0xC0, 0x97, 0x41, 0x77, 0x4B, 0xF4, 0xDF, 0xFE, 0x7E, 0xA3, 0x0A, 0x47, 0x3D, 0x7E,
    0x18, 0x34, 0x7C, 0x15, 0x5C, 0xA8, 0x9A, 0x0A, 0xC5, 0x66, 0x88, 0xE8, 0x5A, 0xC5, 0x6C, 0x23,
    0xFD, 0x5E, 0xCE, 0x54, 0x6E, 0x40, 0x33, 0xCA, 0xF4, 0xCC, 0x66, 0x3B, 0x3D, 0xC4, 0x20, 0xAC,
    0x17, 0xAD, 0x41, 0x18, 0x4A, 0xA1, 0xB5, 0xE3, 0x2D, 0x2B, 0x47, 0xBC, 0xB5, 0xA7, 0x1C, 0xE5,
    0xB2, 0xC8, 0x7D, 0xC9, 0x32, 0x31, 0x14, 0x01, 0x62, 0x23, 0x9A, 0xF6, 0x4D, 0x3E, 0x87, 0xAB,
    0x47, 0x74, 0x75, 0xFD, 0xF0, 0x7A, 0x41, 0x1A, 0x8E, 0x8B, 0x24, 0xD1, 0xEB, 0x02, 0xB1, 0x6C,
    0x53, 0xA6, 0x8D, 0x29, 0x56, 0xF1, 0x58, 0xCC, 0x52, 0xAD, 0x9A, 0x3C, 0x48, 0x4D, 0xB0, 0xE8,
    0x44, 0x3D, 0x5A, 0xD1, 0x32, 0x34, 0xA0, 0x70, 0xBD, 0x2C, 0x1C, 0x77, 0x1A, 0x21, 0xB6, 0xC3,
    0xDC, 0x0B, 0xEE, 0x31, 0x78, 0x88, 0x2B, 0x17, 0xC8, 0x1A, 0xCD, 0x2C, 0x62, 0x6B, 0x1C, 0xE7,
    0xA9, 0x01, 0x95, 0x5F, 0x2C, 0x68, 0xED, 0xE2, 0x5F, 0xEC, 0x76, 0x6E, 0xE3, 0x3B, 0x97, 0x93,
    0xB0, 0xE8, 0x63, 0xFC, 0xBA, 0x79, 0xDE, 0xEF, 0xFD, 0x82, 0xC6, 0x93, 0x99, 0x2D, 0x8A, 0xD6,
    0x93, 0xE8, 0xB6, 0x41, 0x8A, 0xDA, 0xC1, 0xA0, 0xF3, 0xBE, 0x2F, 0x65, 0xEF, 0x3A, 0x94, 0xCE,
    0x18, 0x45, 0x07, 0xC8, 0xC0, 0x94, 0x20, 0x03, 0xA5, 0x21, 0x03, 0x1B, 0x58, 0xCD, 0x52, 0xD4,
    0x04, 0x89, 0x35, 0x04, 0xD4, 0xAB, 0x85, 0x47, 0xC3, 0xB6, 0x97, 0x19, 0x7B, 0x2C, 0x63, 0x29,
    0xAD, 0x86, 0x6E, 0x74, 0x11, 0x14, 0x8B, 0xF4, 0x44, 0x17, 0x95, 0xA4, 0x9F, 0xB0, 0xAA, 0xBB,
    0xF2, 0x1D, 0x6D, 0xE1, 0x53, 0x96, 0x3E, 0x95, 0xAC, 0xD0, 0x44, 0x50, 0xAD, 0x7D, 0xC1, 0x17,
    0xBB, 0xDD, 0xAE, 0xAD, 0xB4, 0x99, 0x98, 0xA2, 0xA6, 0x37, 0x4A, 0x26, 0xE3, 0x53, 0xA2, 0xA0,
    0xE0, 0x13, 0xC4, 0x73, 0xF7, 0xC3, 0x78, 0x7C, 0x20, 0x1D, 0x4F, 0x64, 0x89, 0x3A, 0x15, 0x4A,
    0x65, 0x93, 0x88, 0x83, 0xA4, 0x24, 0x30, 0xC9, 0x95, 0xEC, 0x74, 0x36, 0x32, 0xD5, 0xE1, 0x55,
    0x56, 0x9E, 0xB3, 0x5A, 0x41, 0x37, 0xA5, 0x5E, 0xB1, 0x69, 0xF5, 0x32, 0x6E, 0x22, 0x96, 0x53,
    0x94, 0x09, 0x17, 0xAC, 0x34, 0xD3, 0xAB, 0xAC, 0x64, 0x98, 0x13, 0x0E, 0x08, 0x17, 0x8E, 0x0B,
    0x17, 0x26, 0x21, 0x5C, 0x54, 0x6F, 0xAA, 0xCB, 0xF0, 0xCF, 0x27, 0xB5, 0xC2, 0x9F, 0x1F, 0x59,
    0xB1, 0x37, 0xAD, 0x44, 0x50, 0x2E, 0x99, 0x92, 0xFA, 0x28, 0x36, 0x3A, 0xBE, 0x4E, 0x35, 0xA5,
    0x8E, 0x99, 0x3E, 0x59, 0x51, 0x30, 0xFC, 0x42, 0xBA, 0x54, 0xC7, 0x63, 0x36, 0x4D, 0x25, 0xDC,
    0x98, 0xCA, 0x03, 0x1E, 0x0E, 0x73, 0x08, 0xC7, 0xC7, 0x13, 0x59, 0xA2, 0x4E, 0x85, 0x52, 0xD9,
    0x83, 0x88, 0x28, 0x09, 0xF7, 0x25, 0x45, 0x07, 0x53, 0x04, 0x4E, 0x30, 0x10, 0xCE, 0xBE, 0xCB,
    0x49, 0x41, 0xE2, 0x5D, 0xD3, 0x7C, 0xA3, 0xC5, 0x68, 0xB8, 0x88, 0xD3, 0xCE, 0x95, 0x2C, 0x71,
    0xDE, 0x05, 0x49, 0xC9, 0x22, 0xE4, 0x87, 0xF5, 0x68, 0x8F, 0xC8, 0x12, 0x35, 0x0A, 0xA5, 0xB2,
    0x49, 0xC4, 0x91, 0xA4, 0x28, 0xF0, 0xF2, 0x7A, 0x65, 0x8A, 0xF5, 0xB8, 0xD5, 0x0F, 0x5A, 0x71,
    0x2F, 0xD4, 0x4A, 0x13, 0xD4, 0x4A, 0x3D, 0x69, 0x3D, 0x33, 0x6B, 0x75, 0xB0, 0x89, 0x16, 0xB0,
    0x89, 0x15, 0xB0, 0xBD, 0xD2, 0x8A, 0x1D, 0xD5, 0x4A, 0x13, 0xD4, 0x4A, 0x3D, 0xA9, 0x15, 0x33,
    0xAB, 0x95, 0x6A, 0xA9, 0x37, 0xD5, 0xA6, 0x56, 0x7E, 0x20, 0x62, 0x8E, 0xAD, 0xC4, 0x1D, 0x9A,
    0x0F, 0x4B, 0xA3, 0x43, 0x1B, 0x15, 0x9A, 0xD8, 0xEA, 0x7A, 0xBA, 0x5A, 0x1A, 0x49, 0x39, 0x8B,
    0xB0, 0xD2, 0x61, 0xF7, 0x14, 0x82, 0x74, 0xE9, 0x39, 0xC7, 0x36, 0x34, 0xDB, 0x3D, 0x53, 0x81,
    0xB2, 0x57, 0x8D, 0xE3, 0xDE, 0x39, 0x80, 0x2C, 0x51, 0xA7, 0x42, 0x47, 0x65, 0xD7, 0x2B, 0x49,
    0x2E, 0xD2, 0x0C, 0xB7, 0xB0, 0x7B, 0xCC, 0xDB, 0xFE, 0x57, 0xDA, 0xFE, 0xF0, 0x7F, 0x7D, 0xE7,
    0x7C, 0xA1, 0xB7, 0x85, 0x37, 0x1B, 0xFD, 0x1D, 0xEE, 0x5E, 0x6E, 0x23, 0x6E, 0x47, 0x7B, 0x1D,
    0x83, 0xE5, 0xFD, 0xDE, 0x87, 0x1A, 0xBD, 0xAC, 0x43, 0x85, 0x7E, 0x99, 0x50, 0xF0, 0x48, 0x55,
    0xC8, 0xC0, 0x56, 0x0C, 0xBA, 0x75, 0x98, 0xB4, 0x2E, 0x6C, 0xCD, 0xB1, 0xDF, 0x9D, 0x36, 0x7F,
    0x40, 0x94, 0x24, 0x5C, 0x7E, 0xD6, 0xA4, 0x98, 0xAA, 0xCF, 0x3E, 0xE8, 0xD7, 0xFE, 0x6A, 0x4C,
    0x46, 0x67, 0xDD, 0x68, 0x8A, 0xC3, 0xC7, 0x67, 0x04, 0x82, 0x7C, 0xD6, 0xC5, 0x5D, 0x64, 0x84,
    0xE5, 0x52, 0x2F, 0xB2, 0x8B, 0xF6, 0x62, 0xF7, 0xFC, 0xA3, 0xD9, 0x8B, 0xB6, 0x49, 0x63, 0xD0,
    0x19, 0x85, 0x46, 0x35, 0xEB, 0xA8, 0xDB, 0x93, 0xFD, 0x7E, 0xDF, 0xC9, 0xC7, 0xFE, 0x3A, 0x48,
    0x51, 0x91, 0x24, 0x4F, 0x99, 0x94, 0x2C, 0x44, 0x6D, 0xB9, 0xE9, 0x66, 0x8B, 0x00, 0xD1, 0xD5,
    0xC8, 0x8E, 0x5A, 0xD1, 0xE6, 0xAE, 0x73, 0xBB, 0x94, 0x5B, 0x68, 0xAE, 0x38, 0x35, 0xCB, 0xCD,
    0xDC, 0xF1, 0x38, 0x37, 0xD7, 0x5C, 0xBE, 0x91, 0x5B, 0xDF, 0xCC, 0x3D, 0xE9, 0x0E, 0x6A, 0xF4,
    0x5D, 0x23, 0xA1, 0x9E, 0x0F, 0xC9, 0xE5, 0x7A, 0x20, 0xC8, 0xB5, 0x35, 0x51, 0xBB, 0x04, 0x3B,
    0x1E, 0x8E, 0x3C, 0x90, 0xDD, 0x1D, 0x8E, 0xB8, 0xEB, 0xEC, 0xE9, 0x90, 0x5D, 0x1D, 0x65, 0x53,
    0x12, 0x1C, 0xB3, 0x4F, 0xCE, 0x28, 0x7B, 0x26, 0x1F, 0xE7, 0x14, 0xDE, 0x28, 0xE6, 0x8C, 0xEA,
    0x62, 0xAA, 0xC9, 0xFE, 0x65, 0xE2, 0x4E, 0xBA, 0xDC, 0xD7, 0xCC, 0x1B, 0x0E, 0x49, 0x9F, 0x2D,
    0xAA, 0xE5, 0x98, 0x01, 0x49, 0xE3, 0x5B, 0xF7, 0xF2, 0x25, 0xF7, 0xF6, 0x77, 0x93, 0x6F, 0xDF,
    0x29, 0x26, 0x73, 0xC4, 0x12, 0x83, 0x8E, 0xFC, 0x1C, 0xAB, 0xB1, 0x49, 0x7A, 0x67, 0xFF, 0xCA,
    0x83, 0x6F, 0x9B, 0x91, 0xC9, 0xC8, 0x1D, 0x14, 0xBB, 0x66, 0x70, 0x2F, 0x40, 0x02, 0x36, 0xC3,
    0x2B, 0xAA, 0xC4, 0x61, 0xD6, 0xA3, 0x9B, 0xFD, 0xE2, 0x17, 0x37, 0x37, 0x03, 0x1D, 0x5D, 0xBA,
    0x6B, 0x94, 0xEB, 0xDA, 0x50, 0xB1, 0x46, 0xD0, 0xF5, 0xC1, 0xAA, 0x28, 0x54, 0x93, 0x82, 0x09,
    0x91, 0x27, 0x42, 0x13, 0x59, 0x6D, 0x7F, 0x0C, 0xAE, 0x8B, 0x0A, 0xDB, 0x03, 0xB3, 0x63, 0xCA,
    0x36, 0x81, 0x36, 0x5F, 0x05, 0x3A, 0x61, 0x76, 0xDC, 0xAB, 0x19, 0xEE, 0xCB, 0x49, 0xE7, 0x67,
    0xE2, 0x40, 0x15, 0x6C, 0xA8, 0x07, 0x1D, 0x65, 0xD3, 0x6B, 0xC3, 0x95, 0x19, 0xDB, 0xDA, 0xE9,
    0x7E, 0xF9, 0x28, 0x8B, 0xA3, 0x56, 0xD5, 0x9C, 0xB3, 0x6A, 0xCE, 0x38, 0x8A, 0xE5, 0xD8, 0x26,
    0x8E, 0x9A, 0x5D, 0x14, 0x6B, 0xA3, 0xD8, 0x27, 0xED, 0x95, 0xEB, 0x13, 0xA2, 0x5F, 0x97, 0x3C,
    0x94, 0xA1, 0xE6, 0xA9, 0x0E, 0x96, 0x17, 0x37, 0xFA, 0xDF, 0xA0, 0xAB, 0x4C, 0x6E, 0x46, 0xC0,
    0x26, 0xA5, 0xE0, 0x16, 0xF2, 0x3F, 0x61, 0x20, 0x2F, 0x3C, 0x5A, 0x0E, 0x36, 0x18, 0xEE, 0x4C,
    0xC8, 0x3E, 0xA0, 0x2C, 0x72, 0xD3, 0x8F, 0x88, 0x3E, 0x24, 0x70, 0x55, 0x32, 0xD6, 0xA9, 0x61,
    0x61, 0xF3, 0x1C, 0x1C, 0xE8, 0x2A, 0xCC, 0xD1, 0x4D, 0xC5, 0xEC, 0xA1, 0x40, 0x62, 0x13, 0x24,
    0xBA, 0xB9, 0x98, 0xDD, 0x4F, 0xE5, 0xAB, 0xE5, 0x99, 0x39, 0xE8, 0x91, 0x41, 0x68, 0xB9, 0xCB,
    0x3E, 0x24, 0x50, 0xEB, 0x92, 0x7E, 0x79, 0xF1, 0xB3, 0xFD, 0x7E, 0xFF, 0x81, 0xC7, 0x3A, 0x8A,
    0x91, 0xDB, 0xF1, 0x78, 0x77, 0xE8, 0xDB, 0x09, 0xDF, 0x8F, 0x90, 0x71, 0xDC, 0x83, 0x22, 0xA1,
    0x89, 0xCB, 0x45, 0x4D, 0x3A, 0xE5, 0xA6, 0x94, 0x36, 0xA6, 0xB4, 0xEE, 0xB5, 0xA4, 0x0D, 0x0F,
    0xA7, 0x6D, 0xB0, 0xB3, 0x6F, 0x33, 0xD6, 0xAB, 0x2B, 0x12, 0x9A, 0x84, 0x4D, 0xC2, 0xD7, 0xF7,
    0xB7, 0x6F, 0x7D, 0xCF, 0xDD, 0x57, 0xED, 0x3E, 0x81, 0x2E, 0xA2, 0x32, 0x36, 0xA5, 0xDA, 0x8E,
    0x5B, 0xD5, 0x70, 0x2B, 0x60, 0xE3, 0xD4, 0x5C, 0x04, 0x8E, 0xDD, 0x67, 0x2F, 0x6B, 0x9E, 0xF3,
    0x7B, 0x93, 0xB6, 0xD8, 0xC8, 0xF9, 0x72, 0xAD, 0x04, 0xCC, 0x52, 0x08, 0x8D, 0x99, 0x0B, 0xA1,
    0x69, 0xA6, 0x4C, 0x68, 0x6C, 0x20, 0x39, 0xEF, 0x46, 0xF2, 0x18, 0x0B, 0x1E, 0xF1, 0x24, 0x6B,
    0x81, 0xF7, 0x39, 0xBE, 0x37, 0x33, 0x49, 0x36, 0x68, 0x4A, 0x9C, 0xAD, 0x56, 0x79, 0x92, 0xC7,
    0x7A, 0x11, 0x76, 0x90, 0x48, 0xAD, 0xCE, 0x4A, 0x4D, 0xEE, 0xBD, 0x28, 0xE0, 0x21, 0x41, 0x7A,
    0x99, 0x52, 0xD2, 0x81, 0x74, 0x3C, 0x91, 0x25, 0xEA, 0x54, 0x28, 0xC3, 0x42, 0xC8, 0xA1, 0x28,
    0xE2, 0x20, 0x29, 0x09, 0x4C, 0x72, 0x93, 0xF8, 0x64, 0x05, 0xC6, 0xD6, 0x6B, 0x9B, 0xC9, 0x74,
    0x6A, 0xC1, 0xA1, 0x21, 0xA9, 0x3D, 0xA9, 0x59, 0xA9, 0x75, 0xA9, 0x91, 0xA9, 0xAD, 0xB1, 0xC9,
    0x8F, 0xF9, 0x5C, 0xD3, 0xA1, 0x22, 0xC7, 0x82, 0x05, 0xAA, 0x10, 0x17, 0xAA, 0xF9, 0x67, 0x7E,
    0x23, 0x3B, 0x53, 0xC9, 0xB1, 0x29, 0x9D, 0x93, 0x46, 0x75, 0xAE, 0x57, 0xCB, 0x88, 0xFE, 0xBF,
    0x1E, 0xA5, 0x96, 0xEB, 0x9F, 0x40, 0xFA, 0x93, 0xF6, 0x7F, 0x57, 0x11, 0x51, 0x57, 0xC2, 0xCA,
    0x46, 0x74, 0x76, 0x42, 0x9F, 0xDB, 0x7A, 0x6B, 0x6B, 0x4C, 0x11, 0x9D, 0x91, 0xE9, 0x31, 0xCF,
    0xD2, 0x67, 0x46, 0xDA, 0x53, 0xD6, 0x5E, 0x3E, 0xD1, 0x86, 0xD2, 0xE9, 0xAC, 0xF3, 0xD0, 0x89,
    0xB1, 0x8E, 0x4F, 0xA3, 0x9D, 0x5C, 0x07, 0xDE, 0xF0, 0x2D, 0x19, 0x4F, 0x1C, 0xD2, 0x57, 0x21,
    0x8E, 0x87, 0x98, 0x91, 0x58, 0x31, 0xDF, 0x55, 0xAD, 0x7F, 0x90, 0xE8, 0xD4, 0x83, 0x65, 0x59,
    0xB3, 0x9A, 0x65, 0xBD, 0xB2, 0x7D, 0x1B, 0x97, 0x66, 0x56, 0x68, 0x56, 0x05, 0xBB, 0x1D, 0x43,
    0x7A, 0x59, 0x4D, 0xF4, 0xBA, 0xAE, 0x06, 0xEA, 0xF2, 0x8D, 0x3C, 0x18, 0x2B, 0x6E, 0xA5, 0xED,
    0x86, 0xBB, 0x04, 0xE9, 0x65, 0x03, 0xE9, 0xF9, 0x4A, 0xB5, 0xF8, 0xF8, 0x42, 0x99, 0xAF, 0xEB,
    0xAA, 0xBE, 0x60, 0x27, 0xEA, 0xD1, 0xCD, 0x7E, 0xF1, 0x8B, 0x9B, 0x9B, 0xF1, 0x36, 0xC7, 0xF1,
    0x37, 0x71, 0x50, 0xCE, 0xA2, 0xB5, 0xDE, 0x44, 0x78, 0xC3, 0x31, 0xC6, 0x37, 0x22, 0x3E, 0x55,
    0xFC, 0x0F, 0x7A, 0xF9, 0x0A, 0xFE, 0xC3, 0xE0, 0x4E, 0xCF, 0x29, 0xEB, 0xB1, 0xE7, 0x6D, 0x19,
    0xB0, 0xC7, 0x17, 0xA7, 0xA1, 0xB9, 0xC4, 0xBA, 0x8F, 0xB6, 0xAF, 0x98, 0x3B, 0x83, 0x55, 0x5E,
    0xB1, 0x33, 0x47, 0x97, 0x9F, 0x29, 0x1F, 0x4A, 0xE6, 0xB3, 0x72, 0x42, 0xFE, 0xE6, 0x83, 0xFD,
    0xDC, 0x23, 0xBF, 0xE9, 0xF0, 0xAE, 0xAB, 0x50, 0xE4, 0x3E, 0xE1, 0xA8, 0xCF, 0x1C, 0x8E, 0xE3,
    0xDB, 0x7B, 0x5C, 0xBF, 0xF8, 0x17, 0x33, 0x33, 0x6E, 0xB3, 0xA1, 0xE2, 0x50, 0x4C, 0x0D, 0x6F,
    0xD5, 0x6C, 0xF1, 0x79, 0xB2, 0x3D, 0x72, 0x2C, 0xCE, 0xF5, 0x8F, 0x29, 0xBF, 0x88, 0x24, 0x39,
    0x77, 0xF9, 0x68, 0x78, 0x2A, 0xE6, 0x3B, 0x79, 0xF5, 0x71, 0xDE, 0x39, 0xEE, 0xA7, 0x7C, 0xB9,
    0xFF, 0x88, 0xF5, 0x82, 0x0F, 0xDE, 0x1E, 0x79, 0xDE, 0xDA, 0x5B, 0xA2, 0xF0, 0xEE, 0xB2, 0xD5,
    0xAF, 0x31, 0xF1, 0x72, 0xEF, 0x59, 0xCF, 0x1E, 0x12, 0xE4, 0x40, 0x16, 0x10, 0x0A, 0x71, 0x5F,
    0x05, 0x92, 0xE4, 0xFE, 0x3A, 0x9C, 0xEC, 0x79, 0xDF, 0x51, 0xBE, 0xE0, 0x63, 0x29, 0x8D, 0x37,
    0xC8, 0xBD, 0x95, 0xF2, 0xE3, 0x6D, 0xBF, 0xEF, 0x0A, 0xC9, 0x28, 0x74, 0x34, 0x57, 0xFB, 0x23,
    0x5F, 0x63, 0xCE, 0x21, 0x9E, 0x48, 0x47, 0xBA, 0xBB, 0xBD, 0x7B, 0x7D, 0x99, 0x8D, 0x36, 0xB1,
    0x95, 0x71, 0x40, 0x36, 0x5F, 0x1C, 0x1E, 0x74, 0x89, 0xF0, 0x5A, 0xF6, 0x88, 0xDC, 0xAA, 0xF3,
    0x1A, 0x24, 0xF5, 0xCE, 0x63, 0x97, 0x08, 0xC8, 0x6A, 0x03, 0x23, 0xAD, 0x14, 0xE9, 0x6E, 0xF9,
    0xFE, 0x9A, 0x7C, 0xA8, 0xA5, 0xB2, 0x95, 0xDE, 0x59, 0x39, 0x59, 0x4A, 0x21, 0x72, 0xF1, 0x51,
    0x4B, 0x09, 0x55, 0xC9, 0x7D, 0x0A, 0x6E, 0x43, 0x93, 0x19, 0x1D, 0xF2, 0x87, 0x07, 0xBB, 0xA5,
    0xAD, 0xA7, 0xB7, 0x6E, 0x3A, 0xBD, 0xAF, 0xE4, 0xD1, 0xE7, 0x77, 0x30, 0xB7, 0x51, 0x16, 0x0B,
    0x1A, 0x30, 0x93, 0x9A, 0xBB, 0x0C, 0x05, 0x33, 0x98, 0xA8, 0xE1, 0x06, 0xB7, 0xF8, 0x91, 0x9F,
    0xE2, 0xA8, 0xE6, 0x33, 0x6D, 0x81, 0x9B, 0x51, 0xB4, 0x4B, 0x18, 0x9B, 0x54, 0x88, 0x4C, 0xF9,
    0xA8, 0xA2, 0x11, 0xD4, 0x42, 0x79, 0xE3, 0xC5, 0x24, 0x2F, 0x5A, 0x72, 0x6A, 0x48, 0xB7, 0x24,
    0x36, 0xE6, 0xEC, 0x20, 0xE6, 0xAD, 0x28, 0x46, 0x7C, 0xE4, 0xE2, 0x07, 0xA6, 0x0A, 0x31, 0x07,
    0x87, 0x99, 0x38, 0x15, 0xBB, 0xEA, 0x56, 0xB8, 0xF4, 0x05, 0xFA, 0x92, 0x5E, 0xF4, 0xE4, 0x16,
    0x51, 0x10, 0x31, 0xD5, 0x8B, 0xF5, 0xDB, 0x83, 0x9E, 0x83, 0x1C, 0x9B, 0xE4, 0xA1, 0xE1, 0x85,
    0xA8, 0xAB, 0x07, 0xCA, 0xA5, 0xE1, 0x5F, 0xC7, 0xDD, 0xA5, 0xED, 0x38, 0x8B, 0xB0, 0xA5, 0x5D,
    0x19, 0x22, 0x4C, 0xF4, 0x64, 0xB7, 0x7B, 0xCE, 0x8B, 0xCA, 0xAD, 0x59, 0xA1, 0xD4, 0x31, 0x47,
    0x26, 0xE9, 0x64, 0x6C, 0xEF, 0x03, 0x90, 0x52, 0xD2, 0x81, 0x74, 0x1C, 0x64, 0x89, 0x3A, 0x15,
    0x3A, 0x2A, 0xBB, 0x5D, 0x49, 0x92, 0xEB, 0xCD, 0x5F, 0x2A, 0x98, 0x29, 0x6E, 0x6A, 0x50, 0xB0,
    0xA3, 0x82, 0x1B, 0x84, 0x7F, 0xE7, 0xFF, 0xD4, 0xD2, 0x63, 0x5D, 0x6B, 0xF8, 0x15, 0xC8, 0x59,
    0xA1, 0x8A, 0x80, 0x39, 0x96, 0xB0, 0x60, 0x17, 0x32, 0x32, 0xCD, 0x49, 0xB9, 0x7C, 0x50, 0x2E,
    0x94, 0x14, 0x2E, 0x80, 0xEB, 0x15, 0x7C, 0x04, 0x11, 0x8B, 0x31, 0x88, 0x65, 0x1F, 0x0A, 0x01,
    0x3B, 0x15, 0xAB, 0x0E, 0xA9, 0x92, 0x76, 0x18, 0xFE, 0xFB, 0xBA, 0xDB, 0xB5, 0x65, 0xAC, 0x90,
    0x45, 0xC0, 0x66, 0x28, 0x64, 0x11, 0x94, 0x4B, 0xDA, 0xD0, 0xC6, 0x36, 0xE8, 0x8F, 0x62, 0x8B,
    0xB0, 0x2A, 0x64, 0xDF, 0xA7, 0x1B, 0x2E, 0xEB, 0x7B, 0x5D, 0x82, 0x06, 0xCD, 0x52, 0x46, 0x10,
    0x9F, 0xA7, 0x19, 0xB5, 0x11, 0xC6, 0x08, 0x22, 0xAA, 0x5A, 0x75, 0x4B, 0xCC, 0x6C, 0x58, 0xB9,
    0xB4, 0xE5, 0x4D, 0x90, 0x2D, 0x01, 0x97, 0xCE, 0x01, 0x5C, 0x02, 0x9C, 0xA0, 0x15, 0xC8, 0x59,
    0x67, 0x04, 0x65, 0x39, 0x0E, 0x94, 0xAB, 0xCE, 0x08, 0x2E, 0x65, 0x46, 0xEF, 0x5D, 0x3C, 0xE7,
    0xF5, 0xE1, 0x19, 0xC5, 0xB9, 0x26, 0x97, 0xF9, 0x0D, 0x97, 0xE5, 0x2D, 0x97, 0xA7, 0x38, 0xD2,
    0x81, 0x57, 0x41, 0xD9, 0xBA, 0x42, 0x5B, 0xD7, 0x55, 0xFC, 0x62, 0xB7, 0xDB, 0x91, 0x89, 0xC7,
    0x9B, 0xB8, 0x71, 0x36, 0x76, 0xC3, 0x86, 0xFB, 0x60, 0x3A, 0xCE, 0xAC, 0x63, 0x3D, 0xC3, 0x43,
    0x5C, 0xB5, 0x58, 0x21, 0x41, 0x13, 0x21, 0xF3, 0x0A, 0xDA, 0xCB, 0xA4, 0x87, 0x1E, 0xED, 0x76,
    0xB1, 0xAC, 0xA6, 0xDC, 0x0B, 0x62, 0xB6, 0x55, 0xAA, 0x39, 0x12, 0xB6, 0x1A, 0x07, 0x9C, 0x7B,
    0x97, 0x55, 0x84, 0x53, 0x0D, 0xB5, 0x46, 0xA3, 0x42, 0xAA, 0x2D, 0xAE, 0xFA, 0xF5, 0x73, 0x7C,
    0x6F, 0xB4, 0x1F, 0x56, 0x32, 0x1F, 0xF3, 0xA4, 0x3C, 0xE3, 0x55, 0x15, 0xF4, 0x99, 0xB5, 0xA5,
    0xBB, 0xDD, 0xA1, 0x5F, 0x44, 0xAA, 0xEF, 0x99, 0xE6, 0xCC, 0x77, 0xE3, 0x55, 0x1A, 0x55, 0xE9,
    0x47, 0x5C, 0x3C, 0xFC, 0x8C, 0x5F, 0xED, 0x64, 0x55, 0x05, 0xB7, 0x56, 0x46, 0x9F, 0x2F, 0x64,
    0xC9, 0x8C, 0x54, 0x4C, 0xC0, 0x32, 0xC8, 0xA3, 0xA5, 0x7C, 0x26, 0xD3, 0x03, 0x09, 0x13, 0xEF,
    0x04, 0x3F, 0xA1, 0xA6, 0x15, 0x7C, 0x5F, 0x82, 0xFE, 0x5B, 0x2D, 0xC7, 0x77, 0x31, 0x7D, 0x3F,
    0xE4, 0xC7, 0xF3, 0x1F, 0x5F, 0xF1, 0x55, 0x89, 0xFF, 0x50, 0x2F, 0x5F, 0x81, 0x35, 0xB6, 0xDA,
    0x8B, 0x1E, 0x59, 0x4E, 0xE8, 0xDB, 0x8E, 0xF4, 0xCA, 0x52, 0xE8, 0x3A, 0x3D, 0x96, 0x35, 0xC7,
    0xF5, 0xF6, 0x26, 0x2B, 0x96, 0xE9, 0xC2, 0xE9, 0xE2, 0x60, 0xC0, 0x6E, 0x22, 0x37, 0x63, 0xD3,
    0x5A, 0xC2, 0xD9, 0x52, 0x8E, 0xF9, 0xD6, 0xC8, 0x56, 0xD8, 0xBE, 0x11, 0xF3, 0x66, 0xB4, 0xB2,
    0x8B, 0x65, 0x70, 0xBA, 0x0C, 0xD3, 0x27, 0xBA, 0x98, 0xB3, 0xF6, 0x3E, 0x5B, 0xE2, 0xC2, 0x2C,
    0xD1, 0xC1, 0x2D, 0x88, 0xEB, 0xBA, 0x7C, 0xAC, 0x99, 0xB3, 0x1E, 0xCF, 0x27, 0xAB, 0x2C, 0x41,
    0xA9, 0xAB, 0x11, 0x2D, 0x83, 0x90, 0x5E, 0xCB, 0xBA, 0x36, 0x87, 0x2C, 0xB9, 0xFD, 0x39, 0x9D,
    0xCE, 0x57, 0x02, 0x93, 0xDC, 0x24, 0xFE, 0x9F, 0x79, 0x38, 0x15, 0x0F, 0x60, 0x86, 0x87, 0x45,
    0x3E, 0xB7, 0x86, 0x65, 0x67, 0xFA, 0x06, 0x13, 0x34, 0x3C, 0xDA, 0xEF, 0x05, 0xB2, 0x9F, 0x06,
    0x57, 0x2C, 0xC4, 0xE2, 0x81, 0x8B, 0x25, 0x83, 0x07, 0xFB, 0xE7, 0x20, 0x1E, 0x0C, 0x92, 0x00,
    0x05, 0x8E, 0x5C, 0x83, 0xBE, 0x4C, 0x29, 0x38, 0x50, 0x2E, 0xF9, 0x8C, 0xE3, 0x19, 0x8E, 0x0B,
    0x99, 0xFB, 0x34, 0x08, 0x75, 0xCD, 0x63, 0x2A, 0x94, 0xCA, 0x26, 0x11, 0xFF, 0x86, 0x87, 0xF3,
    0x63, 0x0F, 0x73, 0xF4, 0x30, 0x46, 0x0F, 0x68, 0x96, 0x78, 0xC0, 0x1C, 0xC4, 0x83, 0x6C, 0xA0,
    0xCE, 0x21, 0x7A, 0x20, 0xA3, 0x1E, 0x30, 0x2F, 0x51, 0x4D, 0xC9, 0xC3, 0x12, 0x3D, 0x60, 0x90,
    0xE2, 0x01, 0x04, 0xE2, 0x41, 0x06, 0x27, 0x2D, 0xA0, 0xE8, 0x01, 0x43, 0x15, 0x0F, 0x18, 0xB1,
    0x78, 0xA0, 0xA6, 0x2F, 0x57, 0x1D, 0xFF, 0x17, 0xF2, 0xE0, 0xFB, 0x2F, 0x2F, 0xEE, 0xF7, 0xFC,
    0xD9, 0xBE, 0xD3, 0x2D, 0xEB, 0xEF, 0xC6, 0x7A, 0x74, 0xB3, 0x5F, 0xFC, 0xE2, 0xE6, 0x66, 0x68,
    0x46, 0xAA, 0x47, 0xB4, 0xC1, 0xEB, 0x96, 0xDB, 0x85, 0x67, 0xF2, 0x0B, 0xB9, 0x2B, 0x3C, 0xBC,
    0x6F, 0x06, 0xC2, 0x7F, 0x3D, 0xFE, 0x03, 0xC5, 0x94, 0x01, 0x86, 0x1C, 0x41, 0x18, 0x85, 0xDF,
    0xCC, 0xC8, 0x34, 0x06, 0x15, 0x00, 0x16, 0x7D, 0x84, 0x3E, 0x42, 0x95, 0x9C, 0x20, 0xB0, 0x41,
    0x60, 0x8F, 0xB0, 0x17, 0x08, 0xBD, 0xE4, 0x02, 0x7B, 0x93, 0x5C, 0x20, 0xD4, 0x90, 0x0B, 0xEC,
    0x11, 0x1A, 0x39, 0x40, 0xA3, 0x30, 0x1B, 0xD5, 0xFD, 0x65, 0xEB, 0xAF, 0x6A, 0x91, 0x58, 0x01,
    0xD9, 0x4D, 0xC3, 0xF7, 0x29, 0xD3, 0xA3, 0xDF, 0xEB, 0xA7, 0xA5, 0x23, 0xDF, 0x8F, 0xDC, 0x4B,
    0x1E, 0x22, 0x59, 0x3B, 0xEC, 0x52, 0xD7, 0xE8, 0x50, 0x64, 0xBF, 0x6A, 0xC8, 0xEA, 0x17, 0x7D,
    0x92, 0xBF, 0xA8, 0xCF, 0x7A, 0xAB, 0x31, 0x95, 0x23, 0x29, 0xCE, 0xF2, 0x85, 0x54, 0x9E, 0xB0,
    0x2B, 0x8C, 0x8D, 0xB1, 0x52, 0x95, 0xEB, 0xF6, 0xBB, 0x17, 0x63, 0xC7, 0xBA, 0x8B, 0x4C, 0x1A,
    0xE0, 0x00, 0x49, 0xBE, 0x51, 0xDA, 0xC5, 0x47, 0x49, 0x1A, 0x60, 0x92, 0x04, 0x5C, 0xA4, 0x03,
    0x90, 0x25, 0x47, 0x18, 0xB3, 0x4A, 0x1E, 0x77, 0x51, 0x49, 0xD8, 0x4D, 0x2A, 0x01, 0x65, 0xF9,
    0x0C, 0x18, 0x8E, 0xD8, 0x0D, 0x63, 0x45, 0xFC, 0x0D, 0xF6, 0x04, 0xFF, 0x18, 0x35, 0xCD, 0x5D,
    0x0D, 0xF3, 0xE0, 0x2B, 0x4A, 0x14, 0xB2, 0x45, 0x31, 0x60, 0x68, 0x51, 0x4E, 0x35, 0x4A, 0x9F,
    0xE5, 0xB3, 0x45, 0x31, 0x24, 0xC3, 0x38, 0x1B, 0xA2, 0xE1, 0x08, 0xF3, 0x13, 0xC6, 0x8A, 0x08,
    0x53, 0xC5, 0x83, 0x7F, 0xC5, 0x28, 0xB6, 0x3E, 0x7D, 0x59, 0x83, 0x6C, 0x7F, 0x37, 0x90, 0xB4,
    0x2D, 0x70, 0xD1, 0xB6, 0x41, 0x54, 0x57, 0x78, 0xF6, 0xC8, 0x76, 0x88, 0xDC, 0x6A, 0xE1, 0xDC,
    0xA2, 0x2E, 0x69, 0xDB, 0xA2, 0x5A, 0x36, 0x33, 0x9A, 0x6D, 0x8B, 0xC4, 0xB2, 0x36, 0x8B, 0xCF,
    0x58, 0xBB, 0xC3, 0xBF, 0xAE, 0x59, 0x31, 0x7B, 0x08, 0x91, 0x69, 0x80, 0x13, 0x7C, 0x83, 0xE4,
    0xC1, 0x55, 0xB3, 0x86, 0xDA, 0xFB, 0xAE, 0x0D, 0xE5, 0xD6, 0x90, 0x59, 0xB7, 0x59, 0x6B, 0x68,
    0x9B, 0x31, 0xDB, 0xEB, 0x77, 0xAB, 0xD9, 0x98, 0xEA, 0x24, 0xAC, 0xA1, 0xE1, 0x8F, 0x27, 0xA8,
    0x0D, 0xD9, 0x1A, 0xCC, 0x92, 0x2D, 0xA1, 0x9D, 0x35, 0x9B, 0xFC, 0x7F, 0x6D, 0x68, 0xF7, 0x7C,
    0x43, 0x9F, 0x61, 0x96, 0xAE, 0x56, 0xD9, 0x65, 0x83, 0x92, 0x0E, 0x76, 0x28, 0xB9, 0xC6, 0x3E,
    0x3B, 0x3B, 0xF7, 0xA9, 0x7B, 0x97, 0x0B, 0x67, 0xB9, 0xC2, 0x71, 0x2E, 0x9D, 0xB4, 0x46, 0x7E,
    0x2D, 0xE6, 0xF8, 0xD7, 0x2F, 0x18, 0x2F, 0xFB, 0x05, 0xE3, 0xC3, 0xF9, 0xC8, 0x1A, 0x06, 0x38,
    0x0F, 0x30, 0xBB, 0x27, 0xFA, 0x27, 0x76, 0xB4, 0x88, 0xD7, 0xEF, 0x25, 0xE9, 0x8A, 0xFB, 0x02,
    0xED, 0x20, 0x9B, 0x74, 0x80, 0x5A, 0x66, 0xCE, 0x45, 0x86, 0xE9, 0x44, 0x4D, 0x7D, 0xB7, 0x67,
    0x32, 0xD1, 0x8E, 0xB9, 0x8A, 0xAA, 0xF4, 0x4D, 0xDE, 0xDC, 0x9C, 0xAB, 0x44, 0x52, 0x49, 0xAF,
    0x03, 0x64, 0x57, 0xC4, 0xAD, 0xB7, 0xB9, 0x87, 0x55, 0x43, 0xDA, 0x17, 0x59, 0x4A, 0x79, 0x59,
    0xCC, 0xB6, 0xAD, 0x4B, 0x15, 0x42, 0x30, 0x19, 0x78, 0x94, 0x49, 0x79, 0x6A, 0x13, 0xFB, 0xF2,
    0xB6, 0x7F, 0x5E, 0xAA, 0x94, 0x24, 0x26, 0x1A, 0x31, 0xF9, 0xAA, 0xAE, 0xCA, 0xA2, 0x03, 0x22,
    0x49, 0x84, 0x6E, 0x11, 0xCB, 0xC7, 0xC0, 0x8F, 0x68, 0xF3, 0x0B, 0x60, 0xDD, 0x10, 0x6E, 0x21,
    0xA8, 0x67, 0x69, 0x45, 0x5C, 0x07, 0xFD, 0x04, 0x4D, 0xCD, 0x01, 0xC6, 0xC3, 0x40, 0x14, 0xC4,
    0xF1, 0x49, 0xC2, 0xF7, 0x01, 0xF6, 0x08, 0x3D, 0xC2, 0x42, 0x51, 0x60, 0xAB, 0x27, 0xCB, 0xC9,
    0xDA, 0x1C, 0x21, 0x40, 0x01, 0x82, 0x1E, 0xA0, 0x08, 0x82, 0xF4, 0x4D, 0x67, 0x3C, 0x25, 0x03,
    0xFE, 0x76, 0x7F, 0x3C, 0x1C, 0x77, 0xF9, 0x45, 0x20, 0x37, 0x70, 0xCC, 0x28, 0x5C, 0x32, 0x1A,
    0xB7, 0x8C, 0xB5, 0x8F, 0x24, 0x13, 0xAA, 0x90, 0xC8, 0x84, 0x7F, 0x21, 0x91, 0x09, 0x9D, 0x11,
    0xF8, 0x0C, 0xDC, 0x4D, 0x48, 0xCE, 0x4D, 0xA8, 0x28, 0xDE, 0x4D, 0xA8, 0x29, 0xD6, 0x2A, 0x44,
    0x6D, 0xAB, 0x61, 0xE2, 0x17, 0x8E, 0x22, 0xC2, 0x95, 0x8B, 0xC9, 0xCB, 0xE7, 0x14, 0x1F, 0xE0,
    0xC1, 0xB5, 0x48, 0xA0, 0xD7, 0xEF, 0xE0, 0xA8, 0xE4, 0x15, 0xE4, 0xF6, 0xE7, 0x6F, 0xBB, 0x93,
    0x5F, 0x75, 0x62, 0x57, 0xCC, 0x3E, 0xBA, 0x17, 0x93, 0xBC, 0x21, 0x62, 0x64, 0x02, 0xA3, 0x9B,
    0x89, 0x50, 0x74, 0x26, 0x5A, 0x74, 0x26, 0x46, 0x83, 0x89, 0x51, 0x12, 0xA1, 0x24, 0x5A, 0x12,
    0xED, 0x8C, 0xE3, 0xBE,
};

static const EpdGlyphPacked bookerly_18_boldGlyphs[] = {
    { 0, 0, 0, 0, 0 }, // U+0000
    { 0, 0, 0, 0, 0 }, // U+0008
    { 0, 0, 129, 0, 0 }, // U+0009
    { 0, 0, 129, 0, 0 }, // U+000D
    { 0, 0, 0, 0, 0 }, // U+001D
    { 0, 0, 129, 0, 0 }, // U+0020
    { 7, 29, 174, 3, 28 }, // !
    { 13, 13, 252, 2, 27 }, // "
    { 24, 23, 374, 0, 21 }, // #
    { 18, 38, 374, 3, 31 }, // $
    { 33, 30, 581, 2, 28 }, // %
    { 29, 29, 479, 1, 28 }, // &
    { 6, 13, 138, 2, 27 }, // '
    { 12, 37, 227, 2, 30 }, // (
    { 12, 37, 227, 1, 30 }, // )
    { 14, 13, 234, 0, 28 }, // *
    { 17, 17, 374, 3, 21 }, // +
    { 9, 12, 174, 0, 5 }, // ,
    { 12, 4, 228, 1, 11 }, // -
    { 7, 7, 174, 2, 6 }, // .
    { 18, 29, 316, 1, 27 }, // /
    { 21, 27, 374, 1, 26 }, // 0
    { 16, 26, 374, 3, 26 }, // 1
    { 20, 26, 374, 1, 26 }, // 2
    { 19, 27, 374, 2, 26 }, // 3
    { 22, 27, 374, 1, 27 }, // 4
    { 19, 26, 374, 2, 25 }, // 5
    { 20, 27, 374, 2, 26 }, // 6
    { 19, 26, 374, 3, 25 }, // 7
    { 20, 27, 374, 2, 26 }, // 8
    { 21, 27, 374, 1, 26 }, // 9
    { 7, 20, 174, 2, 19 }, // :
    { 9, 27, 174, 0, 19 }, // ;
    { 17, 18, 374, 3, 22 }, // <
    { 17, 11, 374, 3, 18 }, // =
    { 17, 18, 374, 3, 22 }, // >
    { 14, 28, 295, 2, 27 }, // ?
    { 33, 33, 595, 2, 26 }, // @
    { 29, 27, 463, 0, 27 }, // A
    { 23, 27, 389, 1, 27 }, // B
    { 22, 28, 394, 2, 27 }, // C
    { 27, 27, 466, 1, 27 }, // D
    { 22, 26, 390, 1, 26 }, // E
    { 20, 26, 355, 1, 26 }, // F
    { 25, 28, 445, 2, 27 }, // G
    { 30, 26, 516, 1, 26 }, // H
    { 14, 26, 251, 1, 26 }, // I
    { 17, 34, 236, -3, 26 }, // J
    { 28, 27, 455, 1, 26 }, // K
    { 22, 26, 373, 1, 26 }, // L
    { 35, 26, 570, 0, 26 }, // M
    { 31, 27, 482, 1, 26 }, // N
    { 27, 28, 469, 2, 27 }, // O
    { 22, 26, 376, 1, 26 }, // P
    { 28, 35, 469, 2, 27 }, // Q
    { 27, 27, 427, 1, 26 }, // R
    { 19, 28, 352, 1, 27 }, // S
    { 24, 26, 431, 1, 26 }, // T
    { 30, 27, 482, 0, 26 }, // U
    { 29, 26, 467, 1, 26 }, // V
    { 40, 26, 668, 1, 26 }, // W
    { 29, 26, 461, -1, 26 }, // X
    { 27, 26, 434, 1, 26 }, // Y
    { 21, 27, 365, 1, 26 }, // Z
    { 9, 36, 203, 2, 29 }, // [
    { 18, 29, 316, 1, 27 }, // <backslash>
    { 9, 36, 203, 2, 29 }, // ]
    { 19, 17, 374, 2, 24 }, // ^
    { 19, 4, 300, 0, -1 }, // _
    { 8, 10, 405, 8, 32 }, // `
    { 20, 21, 341, 1, 20 }, // a
    { 23, 30, 371, 0, 29 }, // b
    { 17, 21, 312, 1, 20 }, // c
    { 22, 30, 377, 1, 29 }, // d
    { 18, 21, 327, 1, 20 }, // e
    { 20, 29, 260, 0, 29 }, // f
    { 22, 28, 362, 1, 20 }, // g
    { 25, 29, 398, 0, 29 }, // h
    { 13, 29, 213, 0, 29 }, // i
    { 13, 37, 190, -2, 29 }, // j
    { 24, 30, 380, 0, 29 }, // k
    { 13, 29, 209, 0, 29 }, // l
    { 36, 20, 595, 1, 20 }, // m
    { 24, 20, 405, 1, 20 }, // n
    { 20, 21, 362, 1, 20 }, // o
    { 22, 28, 375, 1, 20 }, // p
    { 21, 28, 359, 1, 20 }, // q
    { 17, 20, 286, 1, 20 }, // r
    { 16, 21, 301, 2, 20 }, // s
    { 16, 26, 255, -1, 25 }, // t
    { 25, 20, 392, 1, 19 }, // u
    { 24, 19, 391, 0, 19 }, // v
    { 33, 19, 544, 0, 19 }, // w
    { 23, 19, 373, 0, 19 }, // x
    { 24, 27, 391, 1, 19 }, // y
    { 18, 19, 310, 1, 19 }, // z
    { 12, 36, 241, 2, 30 }, // {
    { 5, 33, 190, 4, 29 }, // |
    { 12, 36, 241, 1, 30 }, // }
    { 18, 8, 374, 3, 16 }, // ~
    { 0, 0, 129, 0, 0 }, // U+00A0
    { 7, 28, 174, 1, 20 }, // U+00A1
    { 19, 37, 374, 2, 29 }, // U+00A2
    { 21, 28, 374, 1, 27 }, // U+00A3
    { 21, 19, 374, 1, 21 }, // U+00A4
    { 25, 26, 374, 0, 26 }, // U+00A5
    { 5, 33, 190, 4, 29 }, // U+00A6
    { 17, 29, 311, 1, 26 }, // U+00A7
    { 14, 5, 405, 6, 28 }, // U+00A8
    { 27, 27, 469, 1, 26 }, // U+00A9
    { 13, 18, 264, 2, 27 }, // U+00AA
    { 20, 14, 352, 1, 17 }, // U+00AB
    { 17, 10, 374, 3, 18 }, // U+00AC
    { 12, 4, 228, 1, 11 }, // U+00AD
    { 20, 20, 349, 1, 29 }, // U+00AE
    { 13, 4, 405, 6, 27 }, // U+00AF
    { 14, 13, 317, 3, 26 }, // U+00B0
    { 17, 22, 374, 3, 22 }, // U+00B1
    { 15, 16, 268, 1, 30 }, // U+00B2
    { 13, 17, 268, 2, 30 }, // U+00B3
    { 7, 10, 405, 9, 32 }, // U+00B4
    { 23, 28, 394, 2, 20 }, // U+00B5
    { 22, 32, 356, 0, 26 }, // U+00B6
    { 7, 6, 174, 2, 13 }, // U+00B7
    { 8, 9, 405, 9, -2 }, // U+00B8
    { 13, 17, 268, 2, 31 }, // U+00B9
    { 13, 18, 264, 2, 27 }, // U+00BA
    { 20, 14, 352, 1, 17 }, // U+00BB
    { 38, 31, 646, 2, 28 }, // U+00BC
    { 38, 31, 646, 2, 28 }, // U+00BD
    { 38, 31, 646, 2, 28 }, // U+00BE
    { 14, 29, 295, 2, 20 }, // U+00BF
    { 30, 37, 463, -1, 37 }, // U+00C0
    { 29, 37, 463, -1, 37 }, // U+00C1
    { 29, 36, 463, 0, 36 }, // U+00C2
    { 29, 35, 463, 0, 35 }, // U+00C3
    { 29, 34, 463, 0, 34 }, // U+00C4
    { 29, 37, 463, 0, 37 }, // U+00C5
    { 36, 26, 589, 0, 26 }, // U+00C6
    { 22, 37, 394, 2, 27 }, // U+00C7
    { 22, 37, 390, 1, 37 }, // U+00C8
    { 22, 37, 390, 1, 37 }, // U+00C9
    { 22, 36, 390, 1, 36 }, // U+00CA
    { 22, 34, 390, 1, 34 }, // U+00CB
    { 14, 37, 251, 1, 37 }, // U+00CC
    { 14, 37, 251, 1, 37 }, // U+00CD
    { 14, 36, 251, 1, 36 }, // U+00CE
    { 15, 34, 251, 1, 34 }, // U+00CF
    { 27, 27, 466, 1, 27 }, // U+00D0
    { 31, 36, 482, 1, 35 }, // U+00D1
    { 27, 38, 469, 2, 37 }, // U+00D2
    { 27, 38, 469, 2, 37 }, // U+00D3
    { 27, 38, 469, 2, 37 }, // U+00D4
    { 27, 37, 469, 2, 36 }, // U+00D5
    { 27, 35, 469, 2, 34 }, // U+00D6
    { 17, 17, 374, 3, 21 }, // U+00D7
    { 28, 28, 469, 1, 27 }, // U+00D8
    { 30, 38, 482, 0, 37 }, // U+00D9
    { 30, 38, 482, 0, 37 }, // U+00DA
    { 30, 38, 482, 0, 37 }, // U+00DB
    { 30, 35, 482, 0, 34 }, // U+00DC
    { 27, 37, 434, 1, 37 }, // U+00DD
    { 23, 26, 388, 1, 26 }, // U+00DE
    { 23, 30, 401, 0, 29 }, // U+00DF
    { 20, 32, 341, 1, 31 }, // U+00E0
    { 20, 32, 341, 1, 31 }, // U+00E1
    { 20, 32, 341, 1, 31 }, // U+00E2
    { 20, 30, 341, 1, 29 }, // U+00E3
    { 20, 30, 341, 1, 29 }, // U+00E4
    { 20, 33, 341, 1, 32 }, // U+00E5
    { 28, 21, 497, 1, 20 }, // U+00E6
    { 17, 30, 312, 1, 20 }, // U+00E7
    { 18, 32, 327, 1, 31 }, // U+00E8
    { 18, 32, 327, 1, 31 }, // U+00E9
    { 18, 32, 327, 1, 31 }, // U+00EA
    { 18, 30, 327, 1, 29 }, // U+00EB
    { 13, 32, 213, 0, 32 }, // U+00EC
    { 13, 32, 213, 0, 32 }, // U+00ED
    { 13, 31, 213, 0, 31 }, // U+00EE
    { 14, 29, 213, 1, 29 }, // U+00EF
    { 20, 31, 362, 1, 30 }, // U+00F0
    { 24, 29, 405, 1, 29 }, // U+00F1
    { 20, 32, 362, 1, 31 }, // U+00F2
    { 20, 32, 362, 1, 31 }, // U+00F3
    { 20, 32, 362, 1, 31 }, // U+00F4
    { 20, 30, 362, 1, 29 }, // U+00F5
    { 20, 30, 362, 1, 29 }, // U+00F6
    { 17, 17, 374, 3, 21 }, // U+00F7
    { 22, 21, 363, 0, 20 }, // U+00F8
    { 25, 32, 392, 1, 31 }, // U+00F9
    { 25, 32, 392, 1, 31 }, // U+00FA
    { 25, 32, 392, 1, 31 }, // U+00FB
    { 25, 30, 392, 1, 29 }, // U+00FC
    { 24, 39, 391, 1, 31 }, // U+00FD
    { 23, 37, 375, 0, 29 }, // U+00FE
    { 25, 37, 391, 0, 29 }, // U+00FF
    { 29, 34, 463, 0, 34 }, // U+0100
    { 20, 28, 341, 1, 27 }, // U+0101
    { 29, 36, 463, 0, 36 }, // U+0102
    { 20, 31, 341, 1, 30 }, // U+0103
    { 29, 35, 463, 0, 27 }, // U+0104
    { 20, 28, 341, 1, 20 }, // U+0105
    { 22, 38, 394, 2, 37 }, // U+0106
    { 17, 32, 312, 1, 31 }, // U+0107
    { 22, 37, 394, 2, 36 }, // U+0108
    { 17, 32, 312, 1, 31 }, // U+0109
    { 22, 36, 394, 2, 35 }, // U+010A
    { 17, 30, 312, 1, 29 }, // U+010B
    { 22, 37, 394, 2, 36 }, // U+010C
    { 17, 32, 312, 1, 31 }, // U+010D
    { 27, 36, 466, 1, 36 }, // U+010E
    { 26, 31, 389, 1, 30 }, // U+010F
    { 27, 27, 466, 1, 27 }, // U+0110
    { 22, 30, 377, 1, 29 }, // U+0111
    { 22, 34, 390, 1, 34 }, // U+0112
    { 18, 28, 327, 1, 27 }, // U+0113
    { 22, 36, 390, 1, 36 }, // U+0114
    { 18, 31, 327, 1, 30 }, // U+0115
    { 22, 35, 390, 1, 35 }, // U+0116
    { 18, 30, 327, 1, 29 }, // U+0117
    { 22, 34, 390, 1, 26 }, // U+0118
    { 18, 28, 327, 1, 20 }, // U+0119
    { 22, 36, 390, 1, 36 }, // U+011A
    { 18, 32, 327, 1, 31 }, // U+011B
    { 25, 37, 445, 2, 36 }, // U+011C
    { 22, 40, 362, 1, 32 }, // U+011D
    { 25, 37, 445, 2, 36 }, // U+011E
    { 22, 39, 362, 1, 31 }, // U+011F
    { 25, 36, 445, 2, 35 }, // U+0120
    { 22, 37, 362, 1, 29 }, // U+0121
    { 25, 37, 445, 2, 27 }, // U+0122
    { 22, 41, 362, 1, 33 }, // U+0123
    { 30, 36, 516, 1, 36 }, // U+0124
    { 25, 38, 398, 0, 38 }, // U+0125
    { 30, 26, 516, 1, 26 }, // U+0126
    { 25, 29, 398, 0, 29 }, // U+0127
    { 13, 35, 251, 1, 35 }, // U+0128
    { 13, 29, 213, 0, 29 }, // U+0129
    { 14, 34, 251, 1, 34 }, // U+012A
    { 13, 27, 213, 0, 27 }, // U+012B
    { 14, 36, 251, 1, 36 }, // U+012C
    { 13, 30, 213, 0, 30 }, // U+012D
    { 13, 34, 251, 1, 26 }, // U+012E
    { 13, 37, 213, 0, 29 }, // U+012F
    { 14, 35, 251, 1, 35 }, // U+0130
    { 13, 20, 213, 0, 20 }, // U+0131
    { 29, 34, 487, 1, 26 }, // U+0132
    { 23, 37, 403, 0, 29 }, // U+0133
    { 17, 44, 236, -3, 36 }, // U+0134
    { 15, 40, 190, -3, 32 }, // U+0135
    { 28, 36, 455, 1, 26 }, // U+0136
    { 24, 39, 380, 0, 29 }, // U+0137
    { 23, 21, 388, 1, 20 }, // U+0138
    { 22, 37, 373, 1, 37 }, // U+0139
    { 13, 39, 209, 0, 39 }, // U+013A
    { 22, 36, 373, 1, 26 }, // U+013B
    { 13, 39, 209, 0, 29 }, // U+013C
    { 22, 30, 373, 1, 30 }, // U+013D
    { 17, 30, 221, 0, 30 }, // U+013E
    { 22, 26, 373, 1, 26 }, // U+013F
    { 20, 29, 321, 0, 29 }, // U+0140
    { 24, 26, 373, -1, 26 }, // U+0141
    { 14, 29, 209, 0, 29 }, // U+0142
    { 31, 38, 482, 1, 37 }, // U+0143
    { 24, 31, 405, 1, 31 }, // U+0144
    { 31, 36, 482, 1, 26 }, // U+0145
    { 24, 30, 405, 1, 20 }, // U+0146
    { 31, 37, 482, 1, 36 }, // U+0147
    { 24, 31, 405, 1, 31 }, // U+0148
    { 34, 27, 545, 0, 27 }, // U+0149
    { 31, 33, 482, 1, 26 }, // U+014A
    { 22, 28, 392, 1, 20 }, // U+014B
    { 27, 35, 469, 2, 34 }, // U+014C
    { 20, 28, 362, 1, 27 }, // U+014D
    { 27, 37, 469, 2, 36 }, // U+014E
    { 20, 31, 362, 1, 30 }, // U+014F
    { 27, 39, 469, 2, 38 }, // U+0150
    { 20, 32, 362, 1, 31 }, // U+0151
    { 35, 27, 607, 2, 26 }, // U+0152
    { 31, 21, 547, 1, 20 }, // U+0153
    { 27, 37, 427, 1, 36 }, // U+0154
    { 17, 31, 286, 1, 31 }, // U+0155
    { 27, 36, 427, 1, 26 }, // U+0156
    { 17, 30, 286, 1, 20 }, // U+0157
    { 27, 37, 427, 1, 36 }, // U+0158
    { 17, 31, 286, 1, 31 }, // U+0159
    { 19, 38, 352, 1, 37 }, // U+015A
    { 16, 32, 301, 2, 31 }, // U+015B
    { 19, 38, 352, 1, 37 }, // U+015C
    { 16, 32, 301, 2, 31 }, // U+015D
    { 19, 37, 352, 1, 27 }, // U+015E
    { 16, 30, 301, 2, 20 }, // U+015F
    { 19, 37, 352, 1, 36 }, // U+0160
    { 16, 32, 301, 2, 31 }, // U+0161
    { 24, 36, 431, 1, 26 }, // U+0162
    { 16, 35, 255, -1, 25 }, // U+0163
    { 24, 36, 431, 1, 36 }, // U+0164
    { 16, 31, 255, -1, 30 }, // U+0165
    { 24, 26, 431, 1, 26 }, // U+0166
    { 16, 26, 255, 0, 25 }, // U+0167
    { 30, 37, 482, 0, 36 }, // U+0168
    { 25, 30, 392, 1, 29 }, // U+0169
    { 30, 35, 482, 0, 34 }, // U+016A
    { 25, 28, 392, 1, 27 }, // U+016B
    { 30, 37, 482, 0, 36 }, // U+016C
    { 25, 31, 392, 1, 30 }, // U+016D
    { 30, 38, 482, 0, 37 }, // U+016E
    { 25, 32, 392, 1, 31 }, // U+016F
    { 30, 39, 482, 0, 38 }, // U+0170
    { 25, 32, 392, 1, 31 }, // U+0171
    { 30, 34, 482, 0, 26 }, // U+0172
    { 24, 27, 392, 1, 19 }, // U+0173
    { 40, 36, 668, 1, 36 }, // U+0174
    { 33, 31, 544, 0, 31 }, // U+0175
    { 27, 36, 434, 1, 36 }, // U+0176
    { 24, 40, 391, 1, 32 }, // U+0177
    { 27, 34, 434, 0, 34 }, // U+0178
    { 21, 38, 365, 1, 37 }, // U+0179
    { 19, 31, 310, 0, 31 }, // U+017A
    { 22, 36, 365, 0, 35 }, // U+017B
    { 18, 29, 310, 0, 29 }, // U+017C
    { 21, 37, 365, 1, 36 }, // U+017D
    { 18, 31, 310, 1, 31 }, // U+017E
    { 19, 29, 248, 0, 29 }, // U+017F
    { 28, 32, 469, 2, 31 }, // U+01A0
    { 21, 25, 362, 1, 24 }, // U+01A1
    { 31, 32, 482, 0, 31 }, // U+01AF
    { 25, 25, 392, 1, 24 }, // U+01B0
    { 50, 37, 815, 1, 36 }, // U+01C4
    { 46, 31, 759, 1, 31 }, // U+01C5
    { 41, 32, 683, 1, 31 }, // U+01C6
    { 37, 34, 608, 1, 26 }, // U+01C7
    { 32, 37, 563, 1, 29 }, // U+01C8
    { 23, 37, 400, 0, 29 }, // U+01C9
    { 44, 34, 718, 1, 26 }, // U+01CA
    { 40, 37, 672, 1, 29 }, // U+01CB
    { 34, 37, 595, 1, 29 }, // U+01CC
    { 29, 36, 463, 0, 36 }, // U+01CD
    { 20, 32, 341, 1, 31 }, // U+01CE
    { 15, 36, 251, 1, 36 }, // U+01CF
    { 13, 31, 213, 0, 31 }, // U+01D0
    { 27, 37, 469, 2, 36 }, // U+01D1
    { 20, 32, 362, 1, 31 }, // U+01D2
    { 30, 37, 482, 0, 36 }, // U+01D3
    { 25, 32, 392, 1, 31 }, // U+01D4
    { 30, 40, 482, 0, 39 }, // U+01D5
    { 25, 34, 392, 1, 33 }, // U+01D6
    { 30, 41, 482, 0, 40 }, // U+01D7
    { 25, 38, 392, 1, 37 }, // U+01D8
    { 30, 40, 482, 0, 39 }, // U+01D9
    { 25, 37, 392, 1, 36 }, // U+01DA
    { 30, 41, 482, 0, 40 }, // U+01DB
    { 25, 38, 392, 1, 37 }, // U+01DC
    { 18, 21, 327, 1, 20 }, // U+01DD
    { 29, 39, 463, 0, 39 }, // U+01DE
    { 20, 35, 341, 1, 34 }, // U+01DF
    { 29, 39, 463, 0, 39 }, // U+01E0
    { 20, 36, 341, 1, 35 }, // U+01E1
    { 36, 34, 589, 0, 34 }, // U+01E2
    { 28, 28, 497, 1, 27 }, // U+01E3
    { 27, 28, 445, 2, 27 }, // U+01E4
    { 25, 28, 362, -1, 20 }, // U+01E5
    { 25, 37, 445, 2, 36 }, // U+01E6
    { 22, 40, 362, 1, 32 }, // U+01E7
    { 28, 37, 455, 1, 36 }, // U+01E8
    { 24, 40, 380, 0, 39 }, // U+01E9
    { 27, 35, 469, 2, 27 }, // U+01EA
    { 20, 28, 362, 1, 20 }, // U+01EB
    { 27, 42, 469, 2, 34 }, // U+01EC
    { 20, 35, 362, 1, 27 }, // U+01ED
    { 21, 37, 350, 1, 36 }, // U+01EE
    { 20, 39, 324, 0, 31 }, // U+01EF
    { 16, 40, 190, -2, 32 }, // U+01F0
    { 51, 28, 831, 1, 27 }, // U+01F1
    { 47, 27, 775, 1, 27 }, // U+01F2
    { 41, 30, 686, 1, 29 }, // U+01F3
    { 25, 38, 445, 2, 37 }, // U+01F4
    { 22, 39, 362, 1, 31 }, // U+01F5
    { 31, 38, 482, 1, 37 }, // U+01F8
    { 24, 31, 405, 1, 31 }, // U+01F9
    { 29, 39, 463, -1, 39 }, // U+01FA
    { 20, 39, 341, 1, 38 }, // U+01FB
    { 36, 37, 589, 0, 37 }, // U+01FC
    { 28, 32, 497, 1, 31 }, // U+01FD
    { 28, 38, 469, 1, 37 }, // U+01FE
    { 22, 32, 363, 0, 31 }, // U+01FF
    { 29, 37, 463, 0, 37 }, // U+0200
    { 20, 32, 341, 1, 31 }, // U+0201
    { 29, 35, 463, 0, 35 }, // U+0202
    { 20, 31, 341, 1, 30 }, // U+0203
    { 22, 38, 390, 1, 38 }, // U+0204
    { 18, 32, 327, 1, 31 }, // U+0205
    { 22, 35, 390, 1, 35 }, // U+0206
    { 18, 31, 327, 1, 30 }, // U+0207
    { 18, 38, 251, -3, 38 }, // U+0208
    { 14, 32, 213, -1, 32 }, // U+0209
    { 14, 35, 251, 1, 35 }, // U+020A
    { 13, 30, 213, 0, 30 }, // U+020B
    { 27, 39, 469, 2, 38 }, // U+020C
    { 20, 32, 362, 1, 31 }, // U+020D
    { 27, 37, 469, 2, 36 }, // U+020E
    { 20, 31, 362, 1, 30 }, // U+020F
    { 27, 38, 427, 1, 37 }, // U+0210
    { 17, 31, 286, 1, 31 }, // U+0211
    { 27, 37, 427, 1, 36 }, // U+0212
    { 17, 30, 286, 1, 30 }, // U+0213
    { 30, 39, 482, 0, 38 }, // U+0214
    { 25, 32, 392, 1, 31 }, // U+0215
    { 30, 37, 482, 0, 36 }, // U+0216
    { 25, 31, 392, 1, 30 }, // U+0217
    { 19, 37, 352, 1, 27 }, // U+0218
    { 16, 30, 301, 2, 20 }, // U+0219
    { 24, 36, 431, 1, 26 }, // U+021A
    { 16, 35, 255, -1, 25 }, // U+021B
    { 19, 31, 358, 1, 27 }, // U+021C
    { 19, 28, 311, 0, 20 }, // U+021D
    { 30, 36, 516, 1, 36 }, // U+021E
    { 25, 39, 398, 0, 39 }, // U+021F
    { 8, 10, 0, -5, 32 }, // U+0300
    { 7, 10, 0, -2, 32 }, // U+0301
    { 13, 9, 0, -7, 31 }, // U+0302
    { 12, 6, 0, -6, 29 }, // U+0303
    { 13, 4, 0, -6, 27 }, // U+0304
    { 12, 7, 0, -6, 30 }, // U+0306
    { 7, 6, 0, -3, 29 }, // U+0307
    { 14, 5, 0, -7, 28 }, // U+0308
    { 11, 11, 0, -5, 33 }, // U+0309
    { 10, 10, 0, -5, 32 }, // U+030A
    { 13, 10, 0, -4, 32 }, // U+030B
    { 13, 8, 0, -6, 31 }, // U+030C
    { 13, 10, 0, -8, 32 }, // U+030F
    { 12, 8, 0, -6, 30 }, // U+0311
    { 6, 10, 0, -3, 32 }, // U+0312
    { 8, 10, 0, -3, 33 }, // U+0313
    { 8, 10, 0, -4, 33 }, // U+0314
    { 5, 9, 0, -2, 32 }, // U+0315
    { 6, 9, 0, -3, 24 }, // U+031B
    { 7, 6, 0, -3, -3 }, // U+0323
    { 14, 5, 0, -7, -3 }, // U+0324
    { 9, 8, 0, -4, -2 }, // U+0325
    { 7, 8, 0, -3, -2 }, // U+0326
    { 8, 9, 0, -4, -2 }, // U+0327
    { 8, 8, 0, -4, 0 }, // U+0328
    { 4, 9, 168, 3, -2 }, // U+0329
    { 14, 8, 0, -7, -2 }, // U+032D
    { 12, 7, 0, -6, -2 }, // U+032E
    { 12, 6, 0, -6, -3 }, // U+0330
    { 13, 4, 0, -6, -3 }, // U+0331
    { 12, 8, 0, -6, 30 }, // U+0342
    { 14, 15, 0, -7, 39 }, // U+0344
    { 7, 7, 0, -2, -2 }, // U+0345
    { 0, 0, 0, 0, 0 }, // U+034F
    { 22, 37, 390, 1, 37 }, // U+0400
    { 22, 34, 390, 1, 34 }, // U+0401
    { 30, 34, 516, 1, 26 }, // U+0402
    { 22, 37, 374, 1, 37 }, // U+0403
    { 23, 28, 411, 2, 27 }, // U+0404
    { 19, 28, 352, 1, 27 }, // U+0405
    { 14, 26, 251, 1, 26 }, // U+0406
    { 15, 34, 251, 1, 34 }, // U+0407
    { 17, 34, 236, -3, 26 }, // U+0408
    { 37, 27, 596, 0, 26 }, // U+0409
    { 38, 26, 637, 1, 26 }, // U+040A
    { 33, 26, 548, 1, 26 }, // U+040B
    { 28, 37, 458, 1, 36 }, // U+040C
    { 30, 37, 511, 1, 37 }, // U+040D
    { 28, 37, 433, 0, 36 }, // U+040E
    { 29, 34, 494, 1, 26 }, // U+040F
    { 29, 27, 463, 0, 27 }, // U+0410
    { 24, 26, 391, 1, 26 }, // U+0411
    { 23, 27, 389, 1, 27 }, // U+0412
    { 22, 26, 374, 1, 26 }, // U+0413
    { 28, 34, 476, 1, 26 }, // U+0414
    { 22, 26, 390, 1, 26 }, // U+0415
    { 42, 27, 665, 0, 26 }, // U+0416
    { 21, 28, 374, 1, 27 }, // U+0417
    { 30, 26, 511, 1, 26 }, // U+0418
    { 30, 36, 511, 1, 36 }, // U+0419
    { 28, 27, 458, 1, 26 }, // U+041A
    { 27, 27, 465, 1, 26 }, // U+041B
    { 35, 26, 570, 0, 26 }, // U+041C
    { 30, 26, 516, 1, 26 }, // U+041D
    { 27, 28, 469, 2, 27 }, // U+041E
    { 30, 26, 502, 1, 26 }, // U+041F
    { 22, 26, 376, 1, 26 }, // U+0420
    { 22, 28, 394, 2, 27 }, // U+0421
    { 24, 26, 431, 1, 26 }, // U+0422
    { 27, 27, 433, 1, 26 }, // U+0423
    { 28, 28, 485, 1, 27 }, // U+0424
    { 29, 26, 461, -1, 26 }, // U+0425
    { 30, 34, 500, 1, 26 }, // U+0426
    { 28, 26, 465, 0, 26 }, // U+0427
    { 40, 26, 668, 1, 26 }, // U+0428
    { 41, 34, 674, 1, 26 }, // U+0429
    { 28, 26, 472, 1, 26 }, // U+042A
    { 36, 26, 612, 1, 26 }, // U+042B
    { 24, 26, 391, 1, 26 }, // U+042C
    { 23, 28, 412, 1, 27 }, // U+042D
    { 40, 28, 664, 1, 27 }, // U+042E
    { 26, 27, 430, 0, 26 }, // U+042F
    { 20, 21, 341, 1, 20 }, // U+0430
    { 20, 31, 358, 1, 30 }, // U+0431
    { 19, 19, 348, 1, 19 }, // U+0432
    { 18, 19, 319, 1, 19 }, // U+0433
    { 24, 26, 406, 1, 19 }, // U+0434
    { 18, 21, 327, 1, 20 }, // U+0435
    { 33, 21, 539, 0, 20 }, // U+0436
    { 18, 21, 310, 1, 20 }, // U+0437
    { 24, 19, 417, 1, 19 }, // U+0438
    { 24, 29, 417, 1, 29 }, // U+0439
    { 24, 21, 384, 0, 20 }, // U+043A
    { 23, 20, 387, 1, 19 }, // U+043B
    { 27, 19, 471, 1, 19 }, // U+043C
    { 25, 19, 421, 1, 19 }, // U+043D
    { 20, 21, 362, 1, 20 }, // U+043E
    { 24, 19, 417, 1, 19 }, // U+043F
    { 22, 28, 375, 1, 20 }, // U+0440
    { 17, 21, 312, 1, 20 }, // U+0441
    { 21, 19, 369, 1, 19 }, // U+0442
    { 24, 27, 391, 1, 19 }, // U+0443
    { 27, 37, 469, 1, 29 }, // U+0444
    { 23, 19, 373, 0, 19 }, // U+0445
    { 25, 26, 421, 1, 19 }, // U+0446
    { 24, 19, 385, 0, 19 }, // U+0447
    { 33, 19, 550, 1, 19 }, // U+0448
    { 33, 26, 558, 1, 19 }, // U+0449
    { 23, 19, 400, 1, 19 }, // U+044A
    { 31, 19, 526, 1, 19 }, // U+044B
    { 18, 19, 329, 1, 19 }, // U+044C
    { 20, 21, 327, 0, 20 }, // U+044D
    { 31, 21, 532, 1, 20 }, // U+044E
    { 22, 20, 366, 0, 19 }, // U+044F
    { 18, 32, 327, 1, 31 }, // U+0450
    { 18, 29, 327, 1, 28 }, // U+0451
    { 23, 38, 385, 0, 30 }, // U+0452
    { 18, 31, 319, 1, 31 }, // U+0453
    { 18, 21, 321, 1, 20 }, // U+0454
    { 16, 21, 301, 2, 20 }, // U+0455
    { 13, 29, 213, 0, 29 }, // U+0456
    { 14, 28, 213, 1, 28 }, // U+0457
    { 13, 38, 190, -2, 30 }, // U+0458
    { 29, 20, 483, 0, 19 }, // U+0459
    { 31, 19, 524, 1, 19 }, // U+045A
    { 25, 29, 398, 0, 29 }, // U+045B
    { 24, 32, 384, 0, 31 }, // U+045C
    { 24, 31, 417, 1, 31 }, // U+045D
    { 24, 38, 391, 1, 30 }, // U+045E
    { 24, 26, 413, 1, 19 }, // U+045F
    { 26, 30, 454, 1, 30 }, // U+0462
    { 22, 27, 389, 1, 27 }, // U+0463
    { 27, 28, 469, 2, 27 }, // U+0472
    { 21, 21, 362, 1, 20 }, // U+0473
    { 29, 27, 472, 1, 27 }, // U+0474
    { 24, 20, 400, 1, 20 }, // U+0475
    { 31, 44, 510, 1, 36 }, // U+048A
    { 25, 36, 411, 1, 29 }, // U+048B
    { 23, 26, 391, 1, 26 }, // U+048C
    { 19, 27, 326, 0, 27 }, // U+048D
    { 22, 26, 376, 1, 26 }, // U+048E
    { 22, 28, 375, 1, 20 }, // U+048F
    { 20, 31, 346, 1, 31 }, // U+0490
    { 17, 25, 306, 1, 25 }, // U+0491
    { 21, 26, 371, 1, 26 }, // U+0492
    { 18, 19, 322, 1, 19 }, // U+0493
    { 25, 34, 434, 1, 26 }, // U+0494
    { 22, 27, 371, 1, 19 }, // U+0495
    { 42, 34, 665, 0, 26 }, // U+0496
    { 33, 27, 539, 0, 20 }, // U+0497
    { 21, 35, 374, 1, 27 }, // U+0498
    { 18, 28, 310, 0, 20 }, // U+0499
    { 28, 34, 458, 1, 26 }, // U+049A
    { 24, 27, 384, 0, 20 }, // U+049B
    { 30, 27, 482, 1, 26 }, // U+049C
    { 25, 21, 398, 0, 20 }, // U+049D
    { 27, 27, 458, 1, 26 }, // U+049E
    { 24, 28, 382, 0, 27 }, // U+049F
    { 32, 27, 524, 1, 26 }, // U+04A0
    { 28, 21, 457, 1, 20 }, // U+04A1
    { 31, 34, 523, 1, 26 }, // U+04A2
    { 25, 26, 428, 1, 19 }, // U+04A3
    { 35, 26, 595, 1, 26 }, // U+04A4
    { 29, 19, 492, 1, 19 }, // U+04A5
    { 40, 34, 670, 1, 26 }, // U+04A6
    { 34, 27, 565, 1, 19 }, // U+04A7
    { 30, 28, 512, 2, 27 }, // U+04A8
    { 24, 21, 419, 1, 20 }, // U+04A9
    { 22, 35, 394, 2, 27 }, // U+04AA
    { 17, 28, 312, 1, 20 }, // U+04AB
    { 24, 34, 431, 1, 26 }, // U+04AC
    { 21, 26, 369, 1, 19 }, // U+04AD
    { 27, 26, 434, 1, 26 }, // U+04AE
    { 25, 27, 391, 0, 19 }, // U+04AF
    { 27, 26, 434, 1, 26 }, // U+04B0
    { 24, 27, 391, 1, 19 }, // U+04B1
    { 30, 34, 469, -1, 26 }, // U+04B2
    { 24, 26, 379, 0, 19 }, // U+04B3
    { 34, 34, 555, 1, 26 }, // U+04B4
    { 29, 26, 484, 1, 19 }, // U+04B5
    { 29, 34, 472, 0, 26 }, // U+04B6
    { 24, 26, 392, 0, 19 }, // U+04B7
    { 28, 26, 465, 0, 26 }, // U+04B8
    { 24, 19, 392, 0, 19 }, // U+04B9
    { 28, 26, 467, 1, 26 }, // U+04BA
    { 25, 29, 398, 0, 29 }, // U+04BB
    { 30, 28, 509, 1, 27 }, // U+04BC
    { 23, 21, 401, 1, 20 }, // U+04BD
    { 30, 34, 509, 1, 26 }, // U+04BE
    { 23, 28, 401, 1, 20 }, // U+04BF
    { 14, 26, 251, 1, 26 }, // U+04C0
    { 42, 37, 665, 0, 36 }, // U+04C1
    { 33, 30, 539, 0, 29 }, // U+04C2
    { 26, 34, 445, 1, 26 }, // U+04C3
    { 22, 28, 376, 0, 20 }, // U+04C4
    { 28, 34, 464, 1, 26 }, // U+04C5
    { 23, 26, 388, 1, 19 }, // U+04C6
    { 31, 34, 506, 1, 26 }, // U+04C7
    { 24, 27, 418, 1, 19 }, // U+04C8
    { 31, 34, 515, 1, 26 }, // U+04C9
    { 25, 26, 422, 1, 19 }, // U+04CA
    { 28, 34, 465, 0, 26 }, // U+04CB
    { 24, 26, 385, 0, 19 }, // U+04CC
    { 36, 34, 579, 0, 26 }, // U+04CD
    { 29, 26, 472, 1, 19 }, // U+04CE
    { 13, 28, 251, 1, 28 }, // U+04CF
    { 30, 36, 463, -1, 36 }, // U+04D0
    { 20, 30, 341, 1, 29 }, // U+04D1
    { 29, 34, 463, 0, 34 }, // U+04D2
    { 20, 29, 341, 1, 28 }, // U+04D3
    { 36, 26, 589, 0, 26 }, // U+04D4
    { 28, 21, 497, 1, 20 }, // U+04D5
    { 22, 36, 390, 1, 36 }, // U+04D6
    { 18, 30, 327, 1, 29 }, // U+04D7
    { 23, 28, 419, 2, 27 }, // U+04D8
    { 18, 21, 327, 1, 20 }, // U+04D9
    { 23, 35, 419, 2, 34 }, // U+04DA
    { 18, 29, 327, 1, 28 }, // U+04DB
    { 42, 35, 665, 0, 34 }, // U+04DC
    { 34, 29, 539, 0, 28 }, // U+04DD
    { 22, 35, 374, 1, 34 }, // U+04DE
    { 17, 29, 310, 1, 28 }, // U+04DF
    { 21, 27, 350, 1, 26 }, // U+04E0
    { 20, 27, 324, 0, 19 }, // U+04E1
    { 30, 34, 511, 1, 34 }, // U+04E2
    { 24, 27, 417, 1, 27 }, // U+04E3
    { 30, 34, 511, 1, 34 }, // U+04E4
    { 24, 28, 417, 1, 28 }, // U+04E5
    { 27, 35, 469, 2, 34 }, // U+04E6
    { 20, 29, 362, 1, 28 }, // U+04E7
    { 27, 28, 469, 2, 27 }, // U+04E8
    { 21, 21, 362, 1, 20 }, // U+04E9
    { 27, 35, 469, 2, 34 }, // U+04EA
    { 21, 29, 362, 1, 28 }, // U+04EB
    { 24, 35, 412, 1, 34 }, // U+04EC
    { 19, 29, 327, 0, 28 }, // U+04ED
    { 27, 35, 433, 1, 34 }, // U+04EE
    { 24, 36, 391, 1, 28 }, // U+04EF
    { 28, 35, 433, 0, 34 }, // U+04F0
    { 25, 37, 391, 0, 29 }, // U+04F1
    { 27, 39, 433, 1, 38 }, // U+04F2
    { 24, 39, 391, 1, 31 }, // U+04F3
    { 28, 34, 465, 0, 34 }, // U+04F4
    { 24, 28, 385, 0, 28 }, // U+04F5
    { 22, 34, 374, 1, 26 }, // U+04F6
    { 18, 26, 319, 1, 19 }, // U+04F7
    { 36, 34, 612, 1, 34 }, // U+04F8
    { 31, 29, 526, 1, 29 }, // U+04F9
    { 21, 34, 371, 1, 26 }, // U+04FA
    { 18, 26, 319, 1, 19 }, // U+04FB
    { 29, 34, 450, -1, 26 }, // U+04FC
    { 23, 27, 367, 0, 19 }, // U+04FD
    { 29, 26, 461, -1, 26 }, // U+04FE
    { 23, 19, 373, 0, 19 }, // U+04FF
    { 29, 36, 463, 0, 28 }, // U+1EA0
    { 20, 28, 341, 1, 20 }, // U+1EA1
    { 29, 38, 463, 0, 38 }, // U+1EA2
    { 20, 34, 341, 1, 33 }, // U+1EA3
    { 29, 39, 463, 0, 39 }, // U+1EA4
    { 20, 38, 341, 1, 37 }, // U+1EA5
    { 29, 39, 463, 0, 39 }, // U+1EA6
    { 20, 38, 341, 1, 37 }, // U+1EA7
    { 29, 39, 463, 0, 39 }, // U+1EA8
    { 20, 38, 341, 1, 37 }, // U+1EA9
    { 29, 39, 463, 0, 39 }, // U+1EAA
    { 20, 37, 341, 1, 36 }, // U+1EAB
    { 29, 45, 463, 0, 37 }, // U+1EAC
    { 20, 40, 341, 1, 32 }, // U+1EAD
    { 29, 39, 463, 0, 39 }, // U+1EAE
    { 20, 38, 341, 1, 37 }, // U+1EAF
    { 29, 39, 463, 0, 39 }, // U+1EB0
    { 20, 38, 341, 1, 37 }, // U+1EB1
    { 29, 39, 463, 0, 39 }, // U+1EB2
    { 20, 38, 341, 1, 37 }, // U+1EB3
    { 29, 39, 463, 0, 39 }, // U+1EB4
    { 20, 37, 341, 1, 36 }, // U+1EB5
    { 29, 44, 463, 0, 36 }, // U+1EB6
    { 20, 38, 341, 1, 30 }, // U+1EB7
    { 22, 35, 390, 1, 27 }, // U+1EB8
    { 18, 28, 327, 1, 20 }, // U+1EB9
    { 22, 38, 390, 1, 38 }, // U+1EBA
    { 18, 34, 327, 1, 33 }, // U+1EBB
    { 22, 35, 390, 1, 35 }, // U+1EBC
    { 18, 30, 327, 1, 29 }, // U+1EBD
    { 23, 39, 390, 1, 39 }, // U+1EBE
    { 20, 38, 327, 1, 37 }, // U+1EBF
    { 22, 39, 390, 1, 39 }, // U+1EC0
    { 18, 38, 327, 1, 37 }, // U+1EC1
    { 22, 39, 390, 1, 39 }, // U+1EC2
    { 20, 38, 327, 1, 37 }, // U+1EC3
    { 22, 39, 390, 1, 39 }, // U+1EC4
    { 18, 37, 327, 1, 36 }, // U+1EC5
    { 22, 45, 390, 1, 37 }, // U+1EC6
    { 18, 40, 327, 1, 32 }, // U+1EC7
    { 14, 38, 251, 1, 38 }, // U+1EC8
    { 13, 33, 213, 0, 33 }, // U+1EC9
    { 14, 34, 251, 1, 26 }, // U+1ECA
    { 13, 37, 213, 0, 29 }, // U+1ECB
    { 27, 35, 469, 2, 27 }, // U+1ECC
    { 20, 28, 362, 1, 20 }, // U+1ECD
    { 27, 39, 469, 2, 38 }, // U+1ECE
    { 20, 34, 362, 1, 33 }, // U+1ECF
    { 27, 41, 469, 2, 40 }, // U+1ED0
    { 20, 38, 362, 1, 37 }, // U+1ED1
    { 27, 41, 469, 2, 40 }, // U+1ED2
    { 20, 38, 362, 1, 37 }, // U+1ED3
    { 27, 40, 469, 2, 39 }, // U+1ED4
    { 21, 38, 362, 1, 37 }, // U+1ED5
    { 27, 40, 469, 2, 39 }, // U+1ED6
    { 20, 37, 362, 1, 36 }, // U+1ED7
    { 27, 45, 469, 2, 37 }, // U+1ED8
    { 20, 40, 362, 1, 32 }, // U+1ED9
    { 28, 38, 469, 2, 37 }, // U+1EDA
    { 21, 33, 362, 1, 32 }, // U+1EDB
    { 28, 38, 469, 2, 37 }, // U+1EDC
    { 21, 33, 362, 1, 32 }, // U+1EDD
    { 28, 39, 469, 2, 38 }, // U+1EDE
    { 21, 34, 362, 1, 33 }, // U+1EDF
    { 28, 37, 469, 2, 36 }, // U+1EE0
    { 21, 30, 362, 1, 29 }, // U+1EE1
    { 28, 40, 469, 2, 32 }, // U+1EE2
    { 21, 33, 362, 1, 25 }, // U+1EE3
    { 30, 35, 482, 0, 27 }, // U+1EE4
    { 25, 27, 392, 1, 19 }, // U+1EE5
    { 30, 39, 482, 0, 38 }, // U+1EE6
    { 25, 34, 392, 1, 33 }, // U+1EE7
    { 31, 38, 482, 0, 37 }, // U+1EE8
    { 25, 33, 392, 1, 32 }, // U+1EE9
    { 31, 38, 482, 0, 37 }, // U+1EEA
    { 25, 33, 392, 1, 32 }, // U+1EEB
    { 31, 39, 482, 0, 38 }, // U+1EEC
    { 25, 34, 392, 1, 33 }, // U+1EED
    { 31, 37, 482, 0, 36 }, // U+1EEE
    { 25, 30, 392, 1, 29 }, // U+1EEF
    { 31, 40, 482, 0, 32 }, // U+1EF0
    { 25, 33, 392, 1, 25 }, // U+1EF1
    { 27, 37, 434, 1, 37 }, // U+1EF2
    { 24, 39, 391, 1, 31 }, // U+1EF3
    { 27, 34, 434, 0, 26 }, // U+1EF4
    { 24, 27, 391, 1, 19 }, // U+1EF5
    { 27, 38, 434, 0, 38 }, // U+1EF6
    { 24, 42, 391, 0, 34 }, // U+1EF7
    { 27, 35, 434, 0, 35 }, // U+1EF8
    { 24, 37, 391, 1, 29 }, // U+1EF9
    { 0, 0, 300, 0, 0 }, // U+2000
    { 0, 0, 600, 0, 0 }, // U+2001
    { 0, 0, 300, 0, 0 }, // U+2002
    { 0, 0, 600, 0, 0 }, // U+2003
    { 0, 0, 200, 0, 0 }, // U+2004
    { 0, 0, 150, 0, 0 }, // U+2005
    { 0, 0, 100, 0, 0 }, // U+2006
    { 0, 0, 374, 0, 0 }, // U+2007
    { 0, 0, 174, 0, 0 }, // U+2008
    { 0, 0, 120, 0, 0 }, // U+2009
    { 0, 0, 30, 0, 0 }, // U+200A
    { 0, 0, 0, 0, 0 }, // U+200B
    { 0, 0, 0, 0, 0 }, // U+200C
    { 0, 0, 0, 0, 0 }, // U+200D
    { 0, 0, 0, 0, 0 }, // U+200E
    { 0, 0, 0, 0, 0 }, // U+200F
    { 12, 4, 228, 1, 11 }, // U+2010
    { 12, 4, 228, 1, 11 }, // U+2011
    { 18, 4, 374, 3, 14 }, // U+2012
    { 19, 4, 300, 0, 12 }, // U+2013
    { 38, 4, 600, 0, 12 }, // U+2014
    { 38, 4, 600, 0, 12 }, // U+2015
    { 13, 37, 300, 3, 29 }, // U+2016
    { 19, 10, 300, 0, -1 }, // U+2017
    { 8, 12, 148, 1, 28 }, // U+2018
    { 8, 12, 148, 0, 28 }, // U+2019
    { 8, 12, 148, 0, 5 }, // U+201A
    { 8, 12, 148, 1, 28 }, // U+201B
    { 15, 12, 268, 1, 28 }, // U+201C
    { 15, 12, 268, 0, 28 }, // U+201D
    { 15, 12, 268, 0, 5 }, // U+201E
    { 15, 12, 268, 1, 28 }, // U+201F
    { 16, 24, 298, 1, 27 }, // U+2020
    { 16, 28, 299, 1, 26 }, // U+2021
    { 8, 8, 180, 1, 14 }, // U+2022
    { 12, 14, 374, 5, 20 }, // U+2023
    { 7, 7, 174, 2, 6 }, // U+2024
    { 16, 7, 300, 1, 6 }, // U+2025
    { 31, 7, 600, 3, 6 }, // U+2026
    { 7, 6, 174, 2, 13 }, // U+2027
    { 0, 0, 0, 0, 0 }, // U+2028
    { 0, 0, 0, 0, 0 }, // U+2029
    { 0, 0, 0, 0, 0 }, // U+202A
    { 0, 0, 0, 0, 0 }, // U+202B
    { 0, 0, 0, 0, 0 }, // U+202C
    { 0, 0, 0, 0, 0 }, // U+202D
    { 0, 0, 0, 0, 0 }, // U+202E
    { 0, 0, 64, 0, 0 }, // U+202F
    { 49, 30, 833, 2, 28 }, // U+2030
    { 8, 13, 164, 1, 26 }, // U+2032
    { 17, 13, 295, 1, 26 }, // U+2033
    { 25, 13, 425, 1, 26 }, // U+2034
    { 8, 13, 164, 1, 26 }, // U+2035
    { 17, 13, 307, 1, 26 }, // U+2036
    { 25, 13, 437, 1, 26 }, // U+2037
    { 17, 8, 299, 1, 0 }, // U+2038
    { 10, 14, 200, 1, 17 }, // U+2039
    { 10, 14, 200, 1, 17 }, // U+203A
    { 25, 26, 374, -1, 25 }, // U+203B
    { 18, 29, 348, 3, 28 }, // U+203C
    { 19, 4, 300, 0, 32 }, // U+203E
    { 9, 4, 180, 1, 11 }, // U+2043
    { 20, 31, 109, -7, 28 }, // U+2044
    { 31, 28, 562, 2, 27 }, // U+2047
    { 25, 29, 463, 2, 28 }, // U+2048
    { 25, 29, 463, 3, 28 }, // U+2049
    { 23, 8, 600, 7, 15 }, // U+2053
    { 33, 13, 556, 1, 26 }, // U+2057
    { 0, 0, 133, 0, 0 }, // U+205F
    { 0, 0, 0, 0, 0 }, // U+2060
    { 0, 0, 0, 0, 0 }, // U+2061
    { 0, 0, 0, 0, 0 }, // U+2062
    { 0, 0, 0, 0, 0 }, // U+2063
    { 0, 0, 0, 0, 0 }, // U+2064
    { 0, 0, 0, 0, 0 }, // U+2065
    { 0, 0, 0, 0, 0 }, // U+206A
    { 0, 0, 0, 0, 0 }, // U+206B
    { 0, 0, 0, 0, 0 }, // U+206C
    { 0, 0, 0, 0, 0 }, // U+206D
    { 0, 0, 0, 0, 0 }, // U+206E
    { 0, 0, 0, 0, 0 }, // U+206F
    { 15, 17, 268, 1, 30 }, // U+2070
    { 16, 19, 268, 0, 32 }, // U+2074
    { 13, 17, 268, 2, 30 }, // U+2075
    { 14, 17, 268, 2, 30 }, // U+2076
    { 13, 17, 268, 2, 30 }, // U+2077
    { 14, 17, 268, 2, 30 }, // U+2078
    { 14, 17, 268, 2, 30 }, // U+2079
    { 16, 12, 339, 3, 26 }, // U+207F
    { 15, 18, 268, 1, 12 }, // U+2080
    { 13, 17, 268, 2, 12 }, // U+2081
    { 15, 17, 268, 1, 12 }, // U+2082
    { 13, 18, 268, 2, 12 }, // U+2083
    { 16, 19, 268, 0, 13 }, // U+2084
    { 13, 18, 268, 2, 12 }, // U+2085
    { 14, 18, 268, 2, 12 }, // U+2086
    { 13, 18, 268, 2, 12 }, // U+2087
    { 14, 18, 268, 2, 12 }, // U+2088
    { 14, 18, 268, 2, 12 }, // U+2089
    { 21, 26, 374, 1, 26 }, // U+20A3
    { 21, 28, 374, 1, 27 }, // U+20A4
    { 49, 27, 815, 0, 26 }, // U+20A7
    { 24, 27, 374, -1, 26 }, // U+20AC
    { 23, 18, 600, 7, 22 }, // U+2190
    { 18, 24, 600, 10, 25 }, // U+2191
    { 23, 18, 600, 7, 22 }, // U+2192
    { 18, 24, 600, 10, 25 }, // U+2193
    { 24, 16, 600, 7, 21 }, // U+2194
    { 16, 26, 600, 11, 26 }, // U+2195
    { 17, 26, 600, 10, 26 }, // U+21A8
    { 17, 26, 600, 10, 26 }, // U+21B2
    { 17, 26, 600, 10, 26 }, // U+21B3
    { 22, 20, 600, 8, 23 }, // U+21B5
    { 24, 20, 600, 7, 23 }, // U+21D0
    { 21, 24, 600, 8, 25 }, // U+21D1
    { 24, 20, 600, 7, 23 }, // U+21D2
    { 21, 24, 600, 8, 25 }, // U+21D3
    { 24, 18, 600, 7, 22 }, // U+21D4
    { 27, 27, 600, 5, 26 }, // U+2200
    { 19, 31, 374, 2, 30 }, // U+2202
    { 18, 26, 600, 10, 26 }, // U+2203
    { 29, 30, 600, 4, 28 }, // U+2205
    { 24, 27, 410, 1, 27 }, // U+2206
    { 24, 27, 600, 7, 26 }, // U+2207
    { 26, 26, 600, 6, 26 }, // U+2208
    { 26, 33, 600, 6, 29 }, // U+2209
    { 26, 22, 600, 6, 24 }, // U+220A
    { 25, 26, 600, 6, 26 }, // U+220B
    { 25, 33, 600, 6, 29 }, // U+220C
    { 25, 22, 600, 6, 24 }, // U+220D
    { 30, 32, 502, 1, 26 }, // U+220F
    { 23, 33, 399, 1, 26 }, // U+2211
    { 17, 4, 374, 3, 15 }, // U+2212
    { 18, 29, 316, 1, 27 }, // U+2215
    { 18, 29, 316, 1, 27 }, // U+2216
    { 18, 18, 374, 3, 22 }, // U+2217
    { 14, 15, 374, 5, 20 }, // U+2218
    { 7, 6, 374, 8, 13 }, // U+2219
    { 25, 36, 374, -1, 31 }, // U+221A
    { 18, 16, 374, 3, 20 }, // U+221D
    { 23, 14, 374, 0, 19 }, // U+221E
    { 23, 26, 600, 7, 26 }, // U+221F
    { 29, 27, 600, 4, 27 }, // U+2220
    { 5, 38, 300, 7, 29 }, // U+2223
    { 13, 38, 300, 3, 29 }, // U+2225
    { 26, 26, 600, 6, 26 }, // U+2227
    { 26, 26, 600, 6, 26 }, // U+2228
    { 21, 27, 600, 8, 27 }, // U+2229
    { 21, 28, 600, 8, 27 }, // U+222A
    { 22, 38, 374, 1, 29 }, // U+222B
    { 25, 22, 600, 7, 21 }, // U+2234
    { 25, 22, 600, 7, 21 }, // U+2235
    { 7, 20, 187, 2, 23 }, // U+2236
    { 24, 22, 600, 7, 21 }, // U+2237
    { 23, 8, 600, 7, 15 }, // U+223C
    { 23, 21, 600, 7, 23 }, // U+2245
    { 19, 16, 374, 2, 21 }, // U+2248
    { 20, 15, 600, 9, 18 }, // U+224D
    { 17, 19, 374, 3, 22 }, // U+2260
    { 21, 18, 600, 8, 20 }, // U+2261
    { 17, 23, 374, 3, 23 }, // U+2264
    { 17, 23, 374, 3, 23 }, // U+2265
    { 31, 18, 600, 3, 22 }, // U+226A
    { 31, 18, 600, 3, 22 }, // U+226B
    { 26, 22, 600, 6, 24 }, // U+2283
    { 25, 33, 600, 6, 29 }, // U+2284
    { 26, 33, 600, 6, 29 }, // U+2285
    { 25, 26, 600, 6, 26 }, // U+2286
    { 24, 26, 600, 7, 26 }, // U+2287
    { 29, 28, 600, 4, 27 }, // U+2295
    { 28, 28, 600, 5, 27 }, // U+2296
    { 28, 28, 600, 5, 27 }, // U+2297
    { 28, 28, 600, 5, 27 }, // U+2298
    { 22, 26, 600, 8, 26 }, // U+22A5
    { 7, 6, 374, 8, 13 }, // U+22C5
    { 32, 6, 600, 3, 13 }, // U+22EF
    { 32, 29, 464, 0, 29 }, // U+FB00
    { 26, 29, 419, 0, 29 }, // U+FB01
    { 26, 29, 422, 0, 29 }, // U+FB02
    { 39, 29, 624, 0, 29 }, // U+FB03
    { 39, 29, 626, 0, 29 }, // U+FB04
    { 29, 30, 476, 0, 29 }, // U+FB05
    { 33, 30, 556, 2, 29 }, // U+FB06
    { 36, 36, 600, 1, 31 }, // U+FFFD
};


static const EpdFontGroup bookerly_18_boldGroups[] = {
    { 0, 1687, 4060, 40, 1919, 0 },
    { 1687, 1418, 4090, 22, 3043, 40 },
    { 3105, 1368, 4035, 31, 3745, 62 },
    { 4473, 325, 693, 7, 144, 93 },
    { 4798, 4823, 16161, 96, 1785, 100 },
    { 9621, 6193, 25595, 128, 3834, 196 },
    { 15814, 6924, 22327, 94, 3821, 324 },
    { 22738, 416, 758, 34, 550, 418 },
    { 23154, 13895, 41948, 220, 3831, 452 },
    { 37049, 4516, 21013, 90, 3823, 672 },
    { 41565, 1302, 3193, 81, 1889, 762 },
    { 42867, 546, 1248, 18, 764, 843 },
    { 43413, 352, 837, 4, 508, 861 },
    { 43765, 661, 1802, 15, 1244, 865 },
    { 44426, 2813, 8548, 58, 758, 880 },
    { 47239, 481, 1728, 7, 1402, 938 },
    { 47720, 156, 324, 1, 117, 945 },
};







static const int8_t bookerly_18_boldKernSparseValues[] = {
     -30,  -24,   24,  -24,  -24,  -30,  -18,   36,  -12,  -12,   31,   18,   18,  -18,  -12,  -12,
     -12,   18,   18,  -12,  -12,  -12,  -12,  -12,  -12,  -12,   31,  -18,   36,  -12,  -12,   18,
      18,   31,   18,   18,  -48,   12,   18,   12,  -12,  -18,  -81,  -12,  -12,  -12,  -12,  -12,
     -12,  -18,  -18,  -42,  -48,   18,  -12,   12,   12,  -81,   18,  -24,   18,  -48,  -24,  -78,
     -54,   -9,   -6,   -9,  -17,  -23,  -54,  -54,  -24,   -9,   -9,   -9,   -9,   -9,   -9,  -12,
      -6,  -48,  -24,   18,  -24,   18,  -12,  -60,   -9,   -9,  -30,  -42,   12,  -42,  -42,  -78,
     -54,  -42,  -24,  -42,  -48,  -24,  -18,  -12,  -12,  -30,  -12,  -30,   -9,   -9,  -18,  -18,
     -12,  -12,  -18,  -12,  -12,   12,  -12,  -12,   -9,   -9,  -30,  -30,  -18,   -9,  -60,  -24,
     -18,  -12,  -60,  -54,  -24,  -54,  -30,  -30,  -54,  -18,  -12,  -24,  -12,  -24,  -84,  -24,
     -60,  -60,  -54,   12,   12,  -54,  -54,  -60,  -60,  -54,  -54,  -54,  -54,  -30,  -54,  -54,
     -24,  -54,  -18,  -42,  -24,  -18,  -24,  -60,  -24,  -24,  -60,  -12,  -63,  -54,  -30,  -18,
     -39,  -30,  -18,  -12,  -24,  -18,  -54,  -54,   12,  -12,  -12,  -84,  -18,  -12,   -9,   -9,
      -9,   -9,  -12,  -12,  -30,  -54,  -18,   12,  -33,   15,   -9,  -63,  -36,  -69,    6,  -62,
       6,  -60,   -9,   -9,  -12,  -51,   12,  -51,  -18,   18,  -66,  -48,  -12,  -12,  -18,   -9,
     -15,   -9,  -18,  -24,    9,    6,  -15,    9,    9,    9,    9,    9,    9,  -12,  -12,  -14,
      -9,   -9,   -9,   -9,   -8,   -8,   -8,  -14,   -9,   -9,   -9,   -9,   -9,   -9,   -9,   -9,
      -9,   -9,   -9,   -9,   -9,   -9,  -18,  -30,  -30,  -24,  -17,   -9,  -12,   -6,   -9,  -12,
     -21,  -15,   -8,  -18,   -6,   18,  -42,  -12,   -6,   -6,   12,   24,  -42,  -42,  -51,  -52,
     -12,  -18,    6,  -12,  -24,    6,  -18,  -12,  -69,  -18,  -18,  -12,   24,   24,  -12,  -12,
       6,  -18,  -18,  -12,  -12,  -12,  -24,    6,   24,    6,  -18,  -18,  -12,  -24,   12,   12,
     -12,  -12,  -12,   -8,   -6,   -6,  -12,   -8,   -8,   -9,   -9,   -7,   -6,   -6,  -12,   -9,
      -9,   12,   12,   -9,   -9,   -9,   -9,   -9,  -24,  -12,  -24,  -23,  -17,  -17,  -24,   -9,
     -18,    6,  -12,  -12,    6,    9,  -10,   -6,   -9,  -12,   -9,   -9,  -30,   -9,  -18,  -18,
     -12,   18,   18,  -12,  -12,    6,  -18,  -18,  -12,  -12,  -12,  -12,    6,    6,  -10,  -10,
      -9,  -12,  -18,   11,  -24,   12,    6,   -8,    6,  -14,    6,   -6,   -7,  -18,  -21,  -36,
       6,  -36,    6,  -24,   -8,   -8,  -14,   18,   18,  -14,  -14,    6,   -8,   -8,  -14,  -14,
     -14,    6,   18,    6,   -7,   -7,  -12,  -24,   18,  -33,  -15,  -48,   12,  -48,  -66,  -30,
     -30,  -30,  -18,   -6,  -15,   -9,  -18,   18,  -12,   -6,   -9,   -9,   -6,   12,   12,   12,
     -12,   24,  -21,  -12,  -21,  -18,   -9,   12,    9,  -13,   12,   -9,  -18,   12,  -15,   -9,
      -6,   -9,   -6,  -24,   -9,  -13,  -13,   -9,   36,   36,   -9,   -9,   12,  -13,  -13,   -9,
      -9,   -9,  -18,   12,   36,   12,  -15,  -15,   -6,  -18,  -18,   12,   34,  -60,  -60,  -59,
     -66,   -6,   -9,    6,   -6,   -9,   -9,  -17,   18,  -11,   12,   12,   14,   14,  -81,   -9,
      -9,   -9,   12,   12,   -9,   -9,   -9,   -9,   -9,   -9,   -9,  -17,   12,  -11,  -11,  -17,
      12,   18,    6,  -12,  -30,  -24,   18,  -17,   -9,   42,   -6,   -9,  -12,  -21,  -15,   -8,
     -18,   30,    3,   54,   18,   18,   36,  -42,  -12,    3,   54,   24,   12,  -18,  -18,  -18,
      18,  -18,   12,  -36,  -24,  -39,   18,  -45,   -9,  -12,  -12,  -18,   12,  -18,   18,  -18,
     -12,  -36,  -24,  -12,  -12,  -12,  -15,   -9,   -8,   -9,  -24,  -12,   -6,  -12,  -18,  -24,
     -24,  -12,  -60,  -12,  -60,  -75,  -12,  -12,  -72,  -18,  -15,   -9,   -6,  -33,  -36,  -38,
     -42,  -12,  -18,  -12,  -60,  -18,  -33,  -33,  -36,   18,   18,  -36,  -36,  -33,  -33,  -36,
     -36,  -36,  -38,  -42,  -42,  -12,  -12,  -38,  -12,   12,   12,  -24,  -24,  -35,  -39,   -9,
      -9,   -9,   -9,  -12,    6,   -9,  -24,    6,  -15,  -12,  -14,  -12,  -12,  -12,  -42,   -9,
     -18,  -12,  -12,   -9,   21,   21,   -9,   -9,    6,  -12,  -12,   -9,   -9,   -9,  -24,    6,
      12,    6,  -15,  -15,  -12,  -24,   18,  -78,  -30,  -78,  -81,  -12,  -12,  -84,  -30,  -21,
     -21,    6,   12,  -45,   18,  -45,  -12,  -51,   18,  -18,  -12,  -42,  -16,  -18,  -14,  -18,
     -18,   18,  -24,  -18,  -84,  -30,  -77,  -69,  -45,   36,   36,  -45,  -45,   18,  -69,  -77,
     -45,  -45,  -45,  -83,   18,   36,   18,  -18,  -42,  -42,  -18,  -51,  -36,   12,   18,  -12,
       6,  -21,    9,    6,   12,   -6,   12,  -12,  -21,   12,  -21,   18,   -9,   -6,   24,   24,
      -6,   -6,   12,   -6,   -6,   -6,   12,   30,   12,   12,  -54,  -30,  -54,  -63,  -18,  -18,
     -66,  -36,   -9,  -27,    6,   12,  -48,   12,  -48,   -8,  -57,   12,  -30,  -24,  -46,   -6,
     -20,  -18,  -30,  -18,  -30,   12,  -30,  -24,  -60,  -36,  -48,  -72,  -48,   36,   36,  -48,
     -48,   12,  -66,  -66,  -48,  -48,  -48,  -57,   12,   24,   12,  -30,  -46,  -46,  -30,  -24,
     -57,  -12,  -24,   12,   -6,   -6,   12,   12,   18,   24,   27,   30,   18,   18,   27,   24,
      30,   18,   27,   30,   30,  -18,  -48,  -30,  -60,  -48,  -12,   12,  -12,  -18,  -18,  -18,
     -18,  -12,  -12,  -12,  -12,  -12,  -12,   12,   12,  -48,  -18,  -24,  -60,  -12,  -18,  -18,
     -18,  -18,  -60,  -48,  -39,  -18,  -24,  -15,  -60,   -6,   -9,  -24,  -24,   -8,  -24,  -18,
     -18,  -12,  -18,  -18,  -24,   -9,  -36,   -6,   -6,    6,  -12,  -15,  -12,   -6,   -6,   15,
     -24,  -12,  -36,   -6,   -9,   -6,   -6,   -6,   -6,   -6,   -6,   -6,   -9,   -9,   12,  -12,
       6,  -12,  -12,  -12,  -24,   -6,  -12,  -12,   -6,   -6,   -6,   -6,   18,  -12,   61,   60,
      60,  -18,  -18,  -18,   36,   60,   51,   -8,   -9,  -11,   12,   30,  -10,    6,    6,   60,
      13,   22,   15,   66,  127,   75,   -6,   -9,   10,    4,   -3,  -12,   -2,   63,   60,   18,
       2,    5,   27,  -11,   48,   55,   17,   12,  -18,  -12,  -15,   -6,   11,    8,   15,    6,
       6,  -12,  -12,  -15,  -15,  -15,  -12,  -12,  -15,  -15,  -15,   -6,   11,   24,   23,   24,
     -24,  -10,  -54,   -6,   -6,  -34,  -34,  -12,  -30,  -18,    9,  -12,  -12,    9,    9,  -12,
     -12,  -12,   -6,  -12,  -12,  -12,   -9,  -12,  -12,  -12,  -15,  -12,   -9,  -18,    6,  -18,
     -12,  -12,  -15,  -15,   -9,  -12,  -12,  -15,  -15,  -15,  -12,   -9,   -9,  -12,  -18,  -11,
     -11,  -18,  -12,   -9,  -30,   42,    8,   -9,   18,   42,  -18,   12,  -42,  -12,  -42,  -36,
     -12,  -21,  -12,  -12,  -18,  -12,  -15,    9,  -21,  -21,  -12,  -12,  -12,  -12,  -21,  -21,
     -12,  -12,  -12,  -18,  -12,  -12,  -15,  -15,  -18,   18,   18,   -9,   -9,  -12,   -9,  -18,
      -8,   -9,   -8,  -10,   -8,   -8,   -8,   -8,   -8,   -9,   -9,  -12,  -18,   12,   -6,   -6,
       9,   12,   -9,  -24,    6,  -21,   12,  -21,    6,    6,  -12,   -9,   18,  -54,   -9,  -54,
     -33,  -18,  -15,  -18,    9,  -26,  -15,    6,   12,    6,   12,  -20,   12,    7,  -18,  -18,
     -18,    6,  -18,  -18,  -15,  -18,  -18,  -18,  -18,  -18,  -26,  -15,   24,  -15,    6,  -20,
     -20,  -26,   24,   24,   12,  -15,   -6,    9,   -6,   12,    6,  -15,  -15,  -15,  -15,  -15,
     -15,   -6,   -6,   -6,   -6,   18,   24,  -18,   -6,   -6,   -6,   42,   18,   12,   33,   12,
      12,   18,   18,   33,   12,   42,   12,   18,   33,   12,   18,   12,   12,   24,  -18,  -12,
      24,   24,   24,  -18,  -12,  -12,  -12,  -18,  -24,  -18,  -12,   -6,  -12,  -18,  -24,  -12,
     -12,  -18,  -12,  -18,  -24,  -30,  -30,  -12,  -18,  -12,  -18,  -18,  -18,  -18,  -24,  -30,
     -30,  -12,  -15,   18,  -24,  -18,  -42,  -36,  -18,  -18,  -18,  -12,  -18,   18,  -12,  -24,
     -12,  -12,  -18,  -18,  -24,  -18,  -15,  -18,  -18,  -18,  -18,  -18,  -18,  -18,  -18,  -18,
     -18,  -18,  -18,  -18,  -18,  -12,  -24,  -24,  -18,  -12,  -24,  -15,   18,  -18,  -18,  -18,
     -18,  -18,  -24,   18,  -24,  -36,  -24,  -18,  -18,  -30,  -30,  -24,  -17,   -9,  -12,   -6,
      -9,  -12,  -15,  -15,   -8,  -18,   -6,   18,  -42,  -12,   -6,   -6,  -18,  -48,  -48,  -66,
     -12,  -48,  -27,  -24,  -30,  -15,  -18,  -21,  -42,  -42,  -45,  -36,  -18,   -8,  -11,  -18,
     -11,   -8,   -8,  -66,   -8,   -8,  -11,   -8,   -8,  -18,  -11,  -11,   -8,   -8,  -18,  -24,
     -12,  -12,  -12,  -18,  -12,  -12,  -12,  -24,  -24,  -12,  -24,  -18,   18,   18,   12,   18,
      33,   33,   18,   30,   30,   33,   33,   33,   12,   18,  -30,  -54,  -18,   12,  -33,   15,
      -9,   12,  -63,  -36,  -69,    6,  -62,    6,  -60,   -9,   24,   -9,  -12,  -51,   12,  -51,
     -18,   18,   24,  -66,  -48,  -24,  -15,  -60,   -6,   54,   -9,  -24,  -24,   -8,   54,  -24,
     -18,   54,   42,   30,   36,   36,   66,   24,   66,   30,   30,    6,   12,    6,   18,   12,
      18,   48,   24,   30,   66,   66,   54,   66,   24,   18,   21,   36,   48,  -12,    6,  -12,
      -6,   12,   12,  -12,  -24,   -6,   24,  -12,  -12,   -6,   -6,   -6,   -6,   24,   18,  -12,
       9,   57,  -12,  -12,    9,   57,    9,  -12,   30,  -12,   30,   30,  -12,   30,   30,  -12,
     -18,   12,   18,   18,   18,   24,   24,   12,   13,   12,   13,   18,   18,  -18,  -12,  -18,
      36,   -6,   -6,    9,   12,   12,   -9,  -24,    6,   48,  -21,   12,  -21,    6,   48,    6,
     -12,   -9,   24,  -24,  -17,    6,   18,   18,   24,    6,   18,    6,   18,   12,   30,   -6,
      30,   18,   18,  -42,   30,   -6,   30,   30,   -6,   18,   18,   24,  -18,  -18,  -24,   18,
      12,   18,   12,   18,   18,   12,   24,   12,   24,   18,   18,   18,   12,   36,   24,   30,
      18,  -24,  -24,  -35,  -39,    6,   -9,   -9,    6,   18,   18,   24,   24,   18,  -12,   30,
      -9,  -24,   30,  -15,  -12,   24,  -12,  -42,   -9,  -12,  -12,   -9,   39,   39,   -9,   -9,
      30,  -12,  -12,   -9,   -9,   -9,  -24,   30,   30,  -15,  -15,  -12,  -24,   18,   24,   12,
      12,   12,   12,   12,   18,   17,   12,  -18,  -12,  -15,   30,   11,    8,   15,    6,    6,
     -12,  -12,  -15,  -15,  -15,  -12,  -12,  -15,  -15,  -15,   30,   11,   24,   23,   24,   -8,
      -8,   -8,   -8,   -8,   -8,   -8,  -30,   12,   12,   12,   12,   12,   12,   12,   -6,  -18,
      12,  -24,  -60,  -30,  -30,  -12,  -36,  -18,  -18,  -18,  -42,  -36,  -18,  -18,  -18,  -12,
     -14,   -6,  -18,  -12,  -12,  -12,  -15,  -12,   -8,  -12,  -24,  -18,  -12,   -6,  -12,  -12,
      -9,  -18,  -12,  -12,   -9,  -24,   -9,  -18,   -6,  -18,   12,   -6,  -30,  -36,   -6,  -24,
     -12,  -24,  -23,  -17,  -17,   -9,  -24,  -24,  -18,   -6,  -18,  -12,  -12,  -12,  -12,  -12,
      -6,  -12,  -12,   -9,  -12,  -12,  -18,    6,  -10,   18,    9,   -9,  -24,  -24,  -30,   -9,
     -30,   12,  -39,   -6,  -42,  -18,  -42,  -18,  -18,   -6,  -60,  -18,   12,   12,   -6,  -12,
      12,  -15,  -12,  -24,  -15,  -12,  -12,  -24,  -42,  -54,  -12,  -24,  -24,  -12,  -54,  -84,
     -45,  -12,  -36,  -24,  -72,  -12,   -6,  -24,  -51,  -42,  -51,  -54,  -57,  -42,  -27,  -51,
     -30,  -30,  -12,  -18,  -24,  -30,  -18,    9,  -18,  -45,    7,  -24,  -18,  -18,  -36,  -30,
       6,  -36,   -7,  -30,  -18,  -17,  -45,  -54,  -18,  -12,  -30,  -12,  -75,  -30,  -75,  -57,
     -48,  -30,  -45,  -27,  -54,   12, -102,  -60,  -12,  -27,  -30,  -42,  -12,  -48,  -60,   -6,
     -48,  -72,  -66,  -48,  -54,  -60,  -18,  -30,  -24,  -36,  -30,  -54,  -90,   12,  -48,   36,
     -24,    9,   12,   24,  -18,  -66, -102,  -12,  -48,  -24,   12,  -30,  -54,  -18,   12,  -33,
     -60,  -18,  -63,   -9,    6,  -30,   15,   12,    9,  -30,    6,  -75,  -12,    9,   18,  -30,
     -24,   12,  -42,  -24,  -69,  -54,  -54,  -30,   18,  -24,  -66,  -48,  -18,  -12,  -18,  -12,
     -12,  -12,  -12,  -12,  -21,  -12,  -12,  -24,   -9,   -6,  -18,  -12,  -12,  -18,   -9,  -15,
      12,  -12,    9,   -6,    6,  -15,  -12,  -15,  -60,  -12,  -60,  -75,  -12,  -12,  -18,  -12,
     -18,   -9,  -48,  -72,  -48,  -12,  -15,  -18,  -30,  -33,  -54,  -36,  -12,  -48,  -12,  -48,
     -42,   18,  -12,  -54,  -60,  -12,   12,   12,  -12,   -9,   24,    9,  -24,    9,   -9,  -18,
     -18,   24,  -30,  -36,  -15,   -6,   12,  -12,  -20,   18,  -12,   -9,   12,   -9,  -12,  -12,
     -18,  -18,   -9,  -12,  -18,  -30,  -30,  -24,  -18,   -9,  -12,  -18,  -12,  -17,  -30,  -30,
     -12,   -6,  -21,  -18,  -18,  -24,  -24,  -24,  -12,  -15,  -42,   12,   34,  -60,  -60,  -59,
      -9,    6,  -33,  -66,  -48,  -18,   -9,   -6,  -15,   -9,  -36,   -9,  -12,   19,  -30,  -11,
      12,   18,   19,  -81,   19,   12,   18,  -12,  -14,  -18,  -12,   -9,   -9,   -8,   -9,   -8,
      -8,  -30,   12,  -30,  -36,  -18,   -6,  -30,  -24,  -46,  -54,  -45,  -18,  -18,  -36,  -18,
     -12,  -36,  -24,  -18,  -12,  -21,  -18,  -42,   18,  -12,  -21,    6,    6,   12,    9,  -36,
      18,   18,   -6,   18,  -36,  -21,   12,  -36,   12,   24,  -21,  -42,  -36,   18,   -6,  -21,
     -24,  -15,  -60,   12,  -12,  -24,  -24,  -24,  -18,  -24,  -24,  -18,  -18,  -12,  -18,  -18,
     -24,   -9,  -36,   -6,  -12,  -18,   -7,  -12,  -12,  -15,   -7,  -14,  -12,  -12,  -24,  -12,
      -6,   -6,  -12,  -16,   -9,  -12,  -16,   -6,  -16,  -30,  -30,  -24,   -8,    6,  -30,   -6,
     -30,   12,  -24,   -6,   -6,   12,    6,    6,  -12,   -6,   24,   18,  -18,   18,  -12,  -24,
      -6,   -6,  -12,  -12,  -12,  -12,  -18,  -16,   -9,  -22,   -6,   -6,  -12,   -6,  -12,  -36,
     -12,  -12,  -12,  -30,  -12,   -8,   -9,   -9,   -9,   -9,  -12,   -6,   -6,   -6,   -7,   -6,
     -18,   -6,  -36,   -6,   -6,  -12,   -6,   -6,   12,   18,  -54,   -9,  -54,  -33,  -18,  -36,
     -18,   -6,   -6,  -36,    6,   12,    6,    6,   12,   -6,  -33,   -9,  -18,   12,   24,    6,
       6,   24,   24,   12,    6,    6,   -6,  -15,   12,    9,    6,   -6,    9,  -12,    9,   18,
      24,  -18,  -72,   -6,   -6,   -6,  -12,  -30,  -42,  -12,  -42,  -12,  -42,  -12,   -6,  -42,
     -18,  -24,  -24,  -10,  -54,  -25,  -30,  -18,  -25,  -18,  -12,  -25,  -30,  -18,   -9,   -9,
     -12,   -9,  -18,   -8,   -8,   -6,   -6,  -10,  -12,   -6,   -6,  -12,  -18,  -12,  -18,  -12,
     -18,  -12,  -12,   18,   18,   12,   18,   18,   33,   30,   12,   18,  -24,  -10,  -54,  -25,
     -30,  -25,  -18,  -12,  -25,  -30,  -18,   12,  -24,  -18,  -30,  -12,  -24,  -24,  -36,  -18,
     -12,  -12,  -18,  -18,  -24,  -12,  -18,  -18,  -12,  -60,  -30,  -60,  -18,  -18,  -12,  -48,
      12,  -78,  -63,  -24,  -18,  -30,  -30,  -33,  -24,  -48,  -48,  -30,  -42,  -42,  -18,   -6,
     -12,  -12,  -42,  -54,  -42,   -6,   12,  -30,  -54,  -96,  -30,   -6,   12,   12,  -24,  -24,
     -18,  -24,  -18,   18,   24,   18,  -12,   21,   24,   24,   18,   21,   12,  -24,  -24,  -51,
       6,  -18,  -24,  -42,  -66,  -54,  -12,  -30,  -36,  -48,  -36,  -54,  -42,  -30,  -36,  -45,
     -30,  -30,  -18,  -24,  -36,  -36,  -54,  -48,  -18,  -54,  -66,  -66,  -30,  -24,  -18,   12,
      18,  -36,  -36,  -30,  -12,  -30,  -24,  -12,   18,   24,  -42,  -42,  -51,  -36,  -52,  -54,
     -12,  -24,  -18,  -42,  -12,  -30,  -42,    6,  -18,   24,  -12,  -18,  -69,   12,   12,  -18,
     -24,  -18,   24,  -18,  -18,  -45,   18,  -24,  -12,  -18,  -36,   18,  -36,   24,   18,  -18,
     -45,  -54,   18,  -18,  -12,   18,  -12,  -18,   -6,  -12,   12,   24,   12,  -36,   12,  -24,
     -12,  -30,  -24,  -24,  -24,  -12,  -24,  -12,  -18,  -18,  -18,  -18,  -24,   12,  -54,  -30,
     -54,  -63,  -18,  -18,   12,  -30,  -24,  -30,  -16,  -42,   18,  -51,  -42,  -17,   -9,  -18,
     -36,  -36,  -18,  -42,  -36,  -36,  -30,  -42,  -12,  -30,  -18,  -30,  -18,  -30,  -60,   12,
     -28,   36,  -18,   18,   12,  -30,  -42,  -60,  -24,  -12,  -18,   12,   18,    6,  -12,    6,
     -21,   36,    6,    6,   12,   12,    9,  -36,   18,   12,   19,   -6,   24,   18,  -36,    6,
      12,  -36,   12,   12,   12,   24,   36,    6,   24,  -42,  -36,   18,   -6,    6,   12,    6,
       6,   -6,  -15,   12,    9,    6,   -6,   18,    9,  -12,    9,   18,   24,  -87,  -54,  -12,
     -36,  -24,  -72,   -6,   -6,  -30,  -36,  -42,  -36,  -60,  -60,  -30,  -24,  -36,  -12,  -18,
     -18,  -12,  -18,  -12,  -18,  -24,  -24,  -18,  -30,  -12,   -6,   -6,  -24,   -6,  -24,  -18,
     -12,  -18,  -18,   -9,   -9,   -9,  -18,  -12,  -12,   -6,  -12,   -8,  -12,   18,  -12,  -45,
       6,   12,    9,  -36,   18,  -24,  -18,   18,  -18,   18,  -36,  -21,   12,  -36,  -12,   12,
     -18,   24,  -21,  -42,  -96,   12,   -6,  -12,  -21,   12,    6,    6,   -6,  -15,   12,    9,
       6,   -6,   24,    9,  -12,    9,   18,   24,  -48,  -48,  -48,   24,   12,   12,   12,  -18,
     -30,   12,    6,  -18,   24,   24,   24,  -66,  -72,  -18,   18,   18,  -18,  -18,   12,  -18,
     -18,  -18,  -30,   12,   18,   12,  -18,  -18,  -30,   24,  -33,   12,  -48,  -39,  -18,  -18,
     -18,  -24,   24,   24,  -30,   12,  -18,   18,    6,   24,   12,   12,   12,  -72,   24,  -48,
     -48,  -72,  -24,  -12,   12,   12,  -24,   12,  -42,  -51,   12,  -42,    6,  -12,  -99,  -24,
     -24,  -24,  -42,   18,   18,  -42,  -42,   12,  -24,  -24,  -42,  -42,  -42,  -51,   30,   18,
      12,  -42,  -42,  -12,  -51,  -24,  -12,  -45,  -72,  -51,  -12,  -24,  -24,  -42,  -42,  -42,
     -42,   12,  -42,   18,   12,   12,  -18,  -99,   18,  -24,   18,  -48,  -24,  -78,  -54,   -9,
      -6,   -9,  -17,  -23,  -54,  -72,  -24,   -9,   -9,   -9,   -9,   -9,   -9,  -12,   -6,  -48,
     -24,   18,  -24,   18,  -12,  -60,   -9,   -9,  -30,  -60,   12,  -42,  -60,  -78,  -54,  -42,
     -24,  -60,  -48,  -24,
};


static const EpdFontData bookerly_18_bold = {
    bookerly_18_boldBitmaps,
    nullptr,  // glyph: the 16-byte EpdGlyph array is the .cpfont form, SD-card fonts only
    bookerly_18_boldGlyphs,
    nullptr,  // bitmapOffsets: a compressed font recovers the offset from the group walk
    epdSharedFontIntervals_428f867c6270,
    72,
    49,
    40,
    -10,
    true,
    bookerly_18_boldGroups,
    17,
    nullptr,
    nullptr,  // kernLeftClasses: built-in fonts use the split arrays below
    nullptr,  // kernRightClasses
    epdSharedFontKernLeftCodepoints_2ca5692b9b5f,
    epdSharedFontKernLeftClassIds_b32b5b808bad,
    epdSharedFontKernRightCodepoints_ed08579fd527,
    epdSharedFontKernRightClassIds_5dea3a3f70bd,
    nullptr,  // kernMatrix: built-in fonts use the sparse form below
    epdSharedFontKernRowOffsets_4f51a905ae32,
    epdSharedFontKernSparseCols_73b4983fa7bd,
    bookerly_18_boldKernSparseValues,
    676,
    682,
    147,
    127,
    epdSharedFontLigaturePairs_607bf6e70845,
    5,
};
