/**
 * generated by fontconvert.py
 * name: bookerly_12_italic
 * size: 12
 * mode: 2-bit  compressed: zopfli
 * hinting: auto (FT_LOAD_FORCE_AUTOHINT — grid-fits stems to whole pixels)
 * Command used: fontconvert.py bookerly_12_italic 12 ../builtinFonts/source/Bookerly/Bookerly-Italic.ttf --2bit --compress --zopfli
 */
#pragma once
#include "EpdFontData.h"
#include "shared_tables.h"

static const uint8_t bookerly_12_italicBitmaps[27892] = {
    0x8D, 0xD7, 0x01, 0x84, 0x24, 0xEB, 0x76, 0x07, 0xF0, 0x5F, 0xD5, 0xC7, 0x2D, 0x52, 0xB9, 0x5B,
    0x41, 0x42, 0xD8, 0xDC, 0xAD, 0x8B, 0x8B, 0x87, 0x9D, 0x69, 0x58, 0x2C, 0xAA, 0xBB, 0x8B, 0x00,
    0x1E, 0x49, 0x00, 0x20, 0xF2, 0x00, 0x10, 0xD9, 0x2B, 0x36, 0x4C, 0xE8, 0xDD, 0xAE, 0x08, 0x1E,
    0xC0, 0x02, 0x00, 0x2E, 0x02, 0x82, 0x64, 0x30, 0x61, 0xF2, 0x32, 0x77, 0xBB, 0xBC, 0x0B, 0x78,
    0x48, 0x79, 0x10, 0x80, 0x22, 0x03, 0x44, 0xDC, 0x4F, 0x14, 0xA9, 0x95, 0x9E, 0xAE, 0x74, 0x15,
    0x2D, 0xAE, 0x8B, 0xBC, 0x9E, 0x73, 0xCE, 0xF9, 0x66, 0xA6, 0xBE, 0xF3, 0xFD, 0xCF, 0xE9, 0x73,
    0xFE, 0x9F, 0x72, 0x9F, 0x0C, 0x69, 0x0C, 0x7D, 0xE8, 0xB2, 0x36, 0x6B, 0xF2, 0xBA, 0x50, 0x78,
    0xE6, 0x73, 0x5F, 0xF8, 0x03, 0x70, 0xE5, 0x9D, 0x1B, 0x45, 0xEE, 0xBA, 0x54, 0x5D, 0xAB, 0xAE,
    0xBC, 0xAE, 0xBC, 0x7D, 0xED, 0xEB, 0x57, 0xFC, 0x0E, 0xCF, 0x42, 0xEB, 0xF3, 0xD0, 0xF8, 0x22,
    0xD4, 0x5E, 0x66, 0x8A, 0x69, 0x3A, 0xFE, 0xD6, 0x2F, 0xFE, 0xF1, 0xEF, 0xBC, 0xFD, 0x9C, 0xDB,
    0x97, 0xF4, 0x95, 0xED, 0x34, 0xF5, 0xFB, 0xB3, 0xA6, 0xED, 0xD7, 0x42, 0x7B, 0x2B, 0x34, 0x51,
    0x56, 0xF7, 0x80, 0x2F, 0xF0, 0xD2, 0xA2, 0xD9, 0x89, 0xED, 0xD4, 0x19, 0xFF, 0x32, 0x26, 0xF1,
    0x76, 0x48, 0x62, 0xFF, 0x4D, 0x12, 0x3B, 0x4E, 0x2D, 0xFB, 0x96, 0x62, 0x24, 0x9C, 0xC8, 0xB6,
    0xF5, 0xEF, 0xE7, 0x45, 0x53, 0x3D, 0x2B, 0x9A, 0xF5, 0x17, 0x45, 0xBD, 0xFD, 0xF3, 0xAD, 0x62,
    0x3A, 0x4A, 0x0E, 0x1F, 0x78, 0x8B, 0x5B, 0x44, 0xF4, 0xA8, 0x61, 0x41, 0xFA, 0x91, 0x28, 0x9B,
    0xDA, 0xB4, 0x53, 0xFC, 0x61, 0x9B, 0x35, 0xAE, 0xD2, 0xAE, 0xA0, 0x4A, 0xBB, 0x8A, 0xD7, 0xA1,
    0xBD, 0xE3, 0x26, 0xFB, 0x9B, 0xFE, 0x2F, 0x54, 0x45, 0xF8, 0x6E, 0x6A, 0xB7, 0x4F, 0x45, 0xFE,
    0xB7, 0x5D, 0xDE, 0x5F, 0x95, 0x49, 0xC7, 0xCD, 0xD5, 0x6C, 0xE3, 0xF9, 0x61, 0xA1, 0xAD, 0x42,
    0x2B, 0xAF, 0xAB, 0xAC, 0xF1, 0x42, 0x55, 0xB0, 0xB3, 0x7A, 0x22, 0xCA, 0x1F, 0xF9, 0x13, 0xE0,
    0x1A, 0x92, 0xA9, 0x45, 0xF6, 0x5D, 0x87, 0x22, 0xED, 0x50, 0x86, 0x16, 0xD7, 0x79, 0x8D, 0xAB,
    0xB5, 0x94, 0x55, 0x94, 0xB3, 0xAF, 0x93, 0x8F, 0xC2, 0xE4, 0x30, 0x28, 0xFE, 0x38, 0x9C, 0x78,
    0x51, 0xFC, 0xFC, 0x4F, 0xA9, 0xB2, 0xF6, 0x25, 0x55, 0x88, 0x33, 0x42, 0xE3, 0x2D, 0x95, 0x7D,
    0xCF, 0xD6, 0xAA, 0x35, 0xD7, 0x7A, 0x24, 0x9D, 0x3E, 0x1C, 0x1E, 0x21, 0x1F, 0x14, 0xD7, 0x55,
    0xF5, 0xFA, 0xED, 0xD7, 0xF8, 0x52, 0x12, 0xE5, 0x8D, 0x35, 0x83, 0xB4, 0x97, 0xB5, 0x0A, 0x5E,
    0xB0, 0xA6, 0xE2, 0x86, 0x7B, 0xEE, 0x2E, 0x72, 0xCF, 0x8E, 0x8A, 0x2B, 0x0A, 0xF2, 0x5A, 0xE8,
    0x88, 0x7C, 0xB9, 0xC8, 0x8E, 0x17, 0x96, 0xBF, 0xB6, 0xD2, 0x9E, 0x48, 0xB4, 0xEC, 0xBB, 0xC8,
    0x1D, 0x91, 0x28, 0xE9, 0x85, 0x56, 0xD6, 0x28, 0xB8, 0xE2, 0x5E, 0xDA, 0xCB, 0x1B, 0xEF, 0xF8,
    0x19, 0xEE, 0xBC, 0xBE, 0xF3, 0xAE, 0x97, 0x7F, 0x5F, 0xE7, 0xFF, 0x51, 0x9F, 0x17, 0xAF, 0x6E,
    0x99, 0x93, 0xFA, 0x81, 0xEC, 0xA7, 0xE3, 0x59, 0x54, 0x5C, 0x24, 0xED, 0x43, 0x4C, 0x63, 0xE8,
    0xB2, 0xE6, 0x85, 0x1B, 0x87, 0xE3, 0x74, 0xBC, 0xDE, 0x57, 0x24, 0x3D, 0xA1, 0x5D, 0x80, 0x29,
    0xB0, 0xC6, 0x0D, 0x22, 0x69, 0x47, 0x68, 0x29, 0x6A, 0x5E, 0xA0, 0xC2, 0x1D, 0x22, 0xA1, 0x23,
    0x6B, 0x28, 0x70, 0x85, 0x0A, 0xD2, 0xA9, 0x56, 0x4E, 0xBD, 0x6F, 0xC3, 0x90, 0x44, 0x63, 0xE8,
    0x8C, 0x79, 0xEB, 0x58, 0xD4, 0xC6, 0x92, 0x71, 0xCB, 0xB0, 0x91, 0xC4, 0xB5, 0xD0, 0x9F, 0xB5,
    0x5B, 0x2B, 0xDA, 0x8D, 0xD2, 0xB6, 0xFE, 0x56, 0x31, 0x45, 0xE9, 0xA9, 0x06, 0x9F, 0xB5, 0xC9,
    0xA1, 0xCD, 0xA6, 0x46, 0x71, 0x96, 0x5A, 0xC9, 0x8A, 0xCD, 0xA5, 0xE8, 0x3B, 0x1E, 0x18, 0x19,
    0x24, 0xD1, 0xF3, 0x93, 0xC3, 0x54, 0xFB, 0xEC, 0xC4, 0x7E, 0x6A, 0x8D, 0x59, 0x1F, 0xE6, 0x34,
    0xDB, 0x10, 0x09, 0x3D, 0x79, 0xC7, 0xAA, 0xE1, 0x40, 0x7A, 0x24, 0x8F, 0x6C, 0x1B, 0xC9, 0x93,
    0x65, 0xB9, 0xFC, 0x67, 0x9A, 0xEA, 0xC3, 0x74, 0x22, 0x5B, 0x62, 0xB4, 0xC9, 0x90, 0x75, 0x69,
    0x17, 0x3A, 0x75, 0xD6, 0x52, 0x34, 0xBC, 0x27, 0x1B, 0xD8, 0x3F, 0xF1, 0x7B, 0x7B, 0x94, 0xF5,
    0xA2, 0x56, 0xF8, 0xC8, 0xF3, 0xD1, 0x7E, 0xEA, 0xAC, 0x3E, 0x41, 0xDA, 0x53, 0x74, 0x6C, 0x3B,
    0xFE, 0xBB, 0x15, 0xFE, 0xAD, 0x55, 0xFC, 0xB4, 0xB1, 0x99, 0x6B, 0x50, 0x08, 0x7D, 0xA9, 0x68,
    0xAE, 0x6D, 0x6C, 0xE6, 0x73, 0xE3, 0xFE, 0xAC, 0xEC, 0x70, 0x8F, 0x01, 0x71, 0xC1, 0xE0, 0x30,
    0x35, 0x22, 0x49, 0x5C, 0x22, 0x0A, 0x9F, 0x08, 0x53, 0x47, 0x19, 0x49, 0x46, 0x1C, 0xF1, 0xB0,
    0x78, 0xC9, 0x40, 0x16, 0xD9, 0xB7, 0x0E, 0x27, 0xE6, 0xF1, 0xE5, 0x79, 0x2F, 0x9D, 0xA2, 0x72,
    0xC6, 0x5D, 0x2F, 0x5B, 0x42, 0x47, 0x31, 0xF5, 0xCA, 0xE9, 0x68, 0xE3, 0xA3, 0xB5, 0xAD, 0x9D,
    0x95, 0x45, 0x6D, 0xBC, 0xF3, 0xCE, 0x36, 0x19, 0x95, 0x53, 0xBF, 0x7C, 0x13, 0xE5, 0x34, 0x35,
    0xDB, 0xB3, 0x56, 0xB6, 0xDE, 0x7A, 0xF0, 0xB3, 0x34, 0xB2, 0x94, 0xA4, 0x66, 0x83, 0x87, 0xE5,
    0x68, 0xA1, 0xA7, 0x68, 0x29, 0x6B, 0xB6, 0x78, 0x87, 0x07, 0xDC, 0x40, 0xFE, 0xC4, 0x7E, 0x6A,
    0x92, 0x31, 0x6F, 0x67, 0x6E, 0x9C, 0xD9, 0x31, 0x74, 0x45, 0x9D, 0x0E, 0x6B, 0x0E, 0x03, 0x87,
    0x5E, 0xF6, 0xEB, 0x51, 0xE9, 0x5B, 0x95, 0xAD, 0x87, 0x45, 0x37, 0xDE, 0x3B, 0xDA, 0x4E, 0x51,
    0x76, 0xAA, 0x5D, 0x62, 0x18, 0xB3, 0x2E, 0xC4, 0xF3, 0x4F, 0x97, 0xC6, 0xAC, 0x3D, 0x6B, 0x97,
    0xCE, 0xBF, 0xF5, 0xE9, 0x34, 0x75, 0xDE, 0x7C, 0xDF, 0xB2, 0xAA, 0xF9, 0x48, 0x7A, 0xA4, 0x88,
    0x92, 0x43, 0xE3, 0xF0, 0xC4, 0xF6, 0x03, 0xC9, 0xB2, 0xCF, 0x0F, 0x3E, 0xD7, 0xF6, 0x2A, 0x4A,
    0xB6, 0xAC, 0xFD, 0xF8, 0x93, 0xF6, 0x42, 0x5C, 0x6C, 0x27, 0x6F, 0xBC, 0xE0, 0x06, 0xBE, 0x92,
    0x8E, 0x56, 0x5D, 0xFA, 0x64, 0xF5, 0xC1, 0x7B, 0xCA, 0xB9, 0x5C, 0xAC, 0xFA, 0xE5, 0xE0, 0xAF,
    0xB8, 0x8C, 0x1E, 0x2E, 0xEB, 0xAF, 0xD8, 0xD7, 0xCA, 0x41, 0x72, 0x5A, 0x36, 0x24, 0x47, 0xD9,
    0x68, 0xDF, 0xE4, 0xA3, 0x6D, 0xE3, 0x27, 0xA0, 0xE8, 0xB7, 0xC7, 0x57, 0xD7, 0x0A, 0x2F, 0x54,
    0x62, 0xD6, 0x96, 0x2A, 0xFB, 0x66, 0x05, 0x2A, 0x47, 0x77, 0xC8, 0xA7, 0x9E, 0x64, 0x9A, 0x4E,
    0x14, 0x8F, 0xCA, 0xD6, 0x7B, 0x42, 0x67, 0x58, 0x32, 0xEC, 0xF2, 0x7F, 0x6F, 0x62, 0xDE, 0x6C,
    0xA7, 0xFA, 0xB6, 0x30, 0x96, 0xEE, 0xAE, 0x92, 0xFE, 0x99, 0x58, 0x85, 0xF6, 0x8B, 0xC5, 0xBE,
    0x4C, 0xFA, 0x9B, 0xAC, 0x39, 0x2F, 0x6E, 0xF2, 0xE6, 0x98, 0x35, 0x37, 0xD9, 0x77, 0x0F, 0x2B,
    0x37, 0xD9, 0xB4, 0x3D, 0xDA, 0xA5, 0x43, 0xD9, 0x59, 0x83, 0x15, 0x28, 0x1A, 0x09, 0xD9, 0x27,
    0x6F, 0x30, 0x4D, 0x47, 0x7C, 0xF6, 0x8B, 0x1A, 0xDC, 0x22, 0x44, 0x64, 0x03, 0x9E, 0xDD, 0xE3,
    0xE5, 0x0E, 0xAF, 0x67, 0x13, 0x2B, 0x92, 0x6E, 0x4D, 0x68, 0x37, 0xE4, 0xF5, 0x6A, 0x21, 0x58,
    0x36, 0x7F, 0x7F, 0xE0, 0x46, 0x51, 0x8B, 0x8A, 0x26, 0xED, 0x15, 0x6D, 0xF6, 0xA8, 0x7C, 0xDC,
    0x1E, 0x4D, 0x47, 0x6F, 0xA6, 0x26, 0x99, 0xA6, 0x41, 0x99, 0x1C, 0x95, 0x76, 0xAE, 0xED, 0xAC,
    0xDD, 0xAB, 0xD2, 0x38, 0x8F, 0xC3, 0x59, 0x7B, 0xF7, 0xE9, 0x60, 0x30, 0x8A, 0xEE, 0x93, 0x68,
    0x4C, 0xFB, 0x64, 0x08, 0x5D, 0xD6, 0x3F, 0x9F, 0xA6, 0x66, 0x3F, 0x8D, 0x7C, 0x36, 0x7D, 0x70,
    0x5E, 0xA4, 0xA3, 0x21, 0x6F, 0xDD, 0x96, 0xB5, 0xDB, 0x0D, 0x2A, 0x3C, 0x60, 0xBC, 0xE8, 0x65,
    0x78, 0xF0, 0x9E, 0x66, 0xDB, 0x64, 0x6D, 0x31, 0x9D, 0x24, 0x87, 0x9E, 0x37, 0xD3, 0x37, 0x97,
    0xF2, 0xDA, 0x37, 0x4A, 0x79, 0x67, 0x25, 0x44, 0x1B, 0x69, 0xB4, 0x9E, 0xCD, 0xCE, 0xC5, 0xDC,
    0x0B, 0xD1, 0x20, 0x74, 0xA2, 0xBC, 0x4D, 0xA2, 0xB2, 0x4E, 0xA3, 0xF7, 0x42, 0x9F, 0x8E, 0xCE,
    0xB0, 0x3A, 0x0B, 0x2E, 0xD3, 0x34, 0xF1, 0x66, 0x36, 0xA5, 0x67, 0x94, 0x7E, 0x9B, 0x6B, 0x58,
    0x43, 0x85, 0xA5, 0xBD, 0x1D, 0x66, 0x33, 0xC2, 0x00, 0x11, 0x49, 0xF4, 0xB5, 0x34, 0x8A, 0x42,
    0x9F, 0xF4, 0x97, 0xA0, 0x53, 0xCB, 0xB4, 0x54, 0xED, 0xA8, 0xF4, 0x5A, 0xE9, 0x95, 0x6B, 0xAC,
    0x51, 0x2D, 0xD1, 0xEA, 0x85, 0x14, 0x47, 0x0C, 0xB8, 0x10, 0xC9, 0x42, 0x89, 0x3C, 0xFF, 0xC4,
    0x7E, 0x32, 0x57, 0xEC, 0x71, 0xEE, 0xCF, 0x74, 0xB4, 0xCB, 0x5B, 0x55, 0x59, 0x7B, 0xF5, 0xE3,
    0x8A, 0x6D, 0x9F, 0x46, 0xCF, 0xC7, 0x23, 0xF1, 0x41, 0x12, 0xDF, 0x4B, 0xFB, 0x55, 0x13, 0xFA,
    0x7C, 0x9A, 0xDA, 0xE4, 0xF0, 0x89, 0x69, 0x0C, 0xF3, 0xF8, 0x75, 0xC9, 0xCC, 0x18, 0x3C, 0x50,
    0x32, 0x72, 0xCD, 0xC0, 0x86, 0xC8, 0x5A, 0x12, 0x99, 0xB9, 0x6E, 0x61, 0xDB, 0x9E, 0x7B, 0xA1,
    0x63, 0x90, 0xB5, 0x96, 0xE2, 0x59, 0xAE, 0x59, 0x69, 0x54, 0xD4, 0x42, 0x3F, 0xDB, 0x99, 0x55,
    0x3F, 0xD8, 0x3F, 0xA5, 0x53, 0x64, 0x4E, 0xB6, 0x53, 0x50, 0x72, 0xCD, 0x86, 0xF5, 0xE5, 0x22,
    0xB8, 0x67, 0x20, 0x4A, 0xA2, 0x34, 0x0A, 0xFD, 0xB2, 0xF1, 0xC9, 0xB2, 0xC7, 0x9B, 0x9E, 0xA2,
    0xA6, 0x40, 0x89, 0x6B, 0x6C, 0xB0, 0xC6, 0x0E, 0x0F, 0x17, 0xE6, 0x5D, 0xF4, 0x07, 0x55, 0x0A,
    0x9D, 0x0B, 0xDB, 0xFD, 0x64, 0xC5, 0xF6, 0xC8, 0xF3, 0x0F, 0x98, 0xC6, 0xED, 0x0C, 0xA6, 0xEC,
    0x15, 0x56, 0x94, 0x4B, 0xB2, 0xA1, 0x67, 0x53, 0xD6, 0xAC, 0x77, 0x78, 0x1F, 0x71, 0xE8, 0xF1,
    0xCF, 0x4B, 0xE0, 0x07, 0xC4, 0x2D, 0x49, 0x2C, 0xE7, 0x1C, 0xF3, 0x5E, 0xE8, 0xC3, 0x38, 0x7F,
    0x0F, 0x53, 0xBD, 0x3F, 0x59, 0x35, 0x16, 0xAC, 0xDD, 0x6F, 0x86, 0x33, 0x92, 0x44, 0xAF, 0xD2,
    0xE8, 0x36, 0xF4, 0xE2, 0xDC, 0x13, 0x4B, 0x4B, 0x94, 0x47, 0x61, 0x22, 0x7B, 0x52, 0x8C, 0x84,
    0x27, 0x65, 0x24, 0x9C, 0x6C, 0x22, 0xD9, 0x3F, 0xF8, 0xAB, 0x48, 0xFE, 0x67, 0xFE, 0xAB, 0xA7,
    0x28, 0xD3, 0x5F, 0xF7, 0x94, 0x45, 0xF8, 0x65, 0xCF, 0x55, 0xF1, 0xD3, 0xD0, 0x51, 0x15, 0x7F,
    0xB4, 0xB8, 0xFC, 0x61, 0x76, 0xF7, 0xD9, 0x30, 0xBB, 0x21, 0xC4, 0xD0, 0x12, 0x43, 0x17, 0x5A,
    0x49, 0x9F, 0x36, 0x59, 0x2B, 0x1B, 0x78, 0xFE, 0xB8, 0x14, 0xE4, 0x70, 0x64, 0x92, 0x4D, 0x8D,
    0x37, 0x4D, 0xF2, 0x44, 0xD9, 0xBA, 0x63, 0xD5, 0x89, 0xAC, 0xA2, 0x48, 0x35, 0x24, 0x3D, 0xD5,
    0x43, 0xDA, 0x73, 0xB3, 0x4E, 0x3B, 0xEE, 0xB6, 0x4B, 0xC4, 0x72, 0xB1, 0xC5, 0xCF, 0x1B, 0x62,
    0xF6, 0xAB, 0x5A, 0xD2, 0x87, 0xEF, 0x6B, 0x69, 0x97, 0x4C, 0x84, 0xD6, 0x44, 0xFE, 0xE8, 0x23,
    0xFB, 0xA3, 0x35, 0xF8, 0xDD, 0xA5, 0x61, 0x1B, 0xF6, 0xD3, 0x20, 0x19, 0x3D, 0xC9, 0x3A, 0x5B,
    0x45, 0x6D, 0x65, 0x4B, 0x59, 0xAF, 0x29, 0xEA, 0x87, 0xD9, 0x8C, 0x94, 0xB3, 0x59, 0x19, 0xD9,
    0x18, 0x79, 0xE7, 0x81, 0xD1, 0x3B, 0x21, 0xDA, 0xD6, 0x65, 0x6B, 0x9E, 0x78, 0xC9, 0xD4, 0xE1,
    0xC2, 0x3D, 0x85, 0xA3, 0xD2, 0xDA, 0xB5, 0xB5, 0xB5, 0x9D, 0xCA, 0x68, 0x97, 0xC5, 0x65, 0x36,
    0x0F, 0xE3, 0xFF, 0x37, 0x49, 0x0D, 0x0B, 0x32, 0xC9, 0xE8, 0x48, 0xD6, 0xD9, 0xB0, 0x80, 0x9B,
    0xA5, 0xAC, 0x2D, 0xF0, 0xEC, 0x16, 0x7B, 0x4F, 0xC9, 0x82, 0x70, 0x81, 0xB8, 0xD8, 0x1D, 0x47,
    0x46, 0xBE, 0x15, 0x22, 0x0B, 0x4C, 0xE5, 0x74, 0xBA, 0xD0, 0xBE, 0xE4, 0x04, 0x56, 0x3D, 0x64,
    0x27, 0xB0, 0x7F, 0xB4, 0x1C, 0x3F, 0xC1, 0xF3, 0xA7, 0x39, 0x9B, 0x5A, 0xB2, 0x4C, 0x5A, 0x99,
    0x8C, 0x94, 0x1E, 0x2C, 0x6C, 0xBA, 0xD0, 0xA9, 0x2A, 0x89, 0xEC, 0x9E, 0x77, 0xEC, 0x4F, 0xF8,
    0xF8, 0x7F, 0xED, 0xB9, 0x26, 0x89, 0x2B, 0xD2, 0xBE, 0x68, 0x85, 0x3E, 0xEB, 0xCF, 0xC9, 0x25,
    0xC7, 0xF9, 0xB1, 0x2D, 0xAB, 0x4F, 0x73, 0xCC, 0x26, 0xF4, 0x45, 0x9D, 0xB7, 0xB9, 0xBC, 0x7D,
    0x76, 0x56, 0xB2, 0xC8, 0x02, 0x6A, 0xDF, 0x91, 0x0F, 0x38, 0xFA, 0xD2, 0x3B, 0x6F, 0x97, 0xC3,
    0x76, 0x1E, 0x92, 0x71, 0x61, 0xEE, 0xFC, 0x54, 0x9F, 0xFD, 0x34, 0x1E, 0xA6, 0x69, 0x88, 0x45,
    0x7D, 0x1B, 0x4B, 0xB7, 0xDF, 0x94, 0x3E, 0x5C, 0x48, 0xEB, 0x07, 0x6D, 0xFE, 0x63, 0xD2, 0x72,
    0x29, 0xF3, 0xFE, 0x98, 0x4C, 0x71, 0xD5, 0x3B, 0x9C, 0x51, 0x58, 0x2B, 0x1A, 0x95, 0xA2, 0x56,
    0x29, 0xB9, 0x51, 0x72, 0xE7, 0x9A, 0xC1, 0x9A, 0xA8, 0x22, 0xDA, 0x49, 0x7A, 0x3B, 0xA1, 0xF3,
    0x20, 0xB4, 0xDE, 0x29, 0x6A, 0xDB, 0xFA, 0x3D, 0xE5, 0x34, 0x92, 0x4E, 0x0D, 0xDB, 0x53, 0x32,
    0xC5, 0x72, 0x70, 0x98, 0x7B, 0x7B, 0xBD, 0x3C, 0x3A, 0x9B, 0x41, 0xE8, 0xD3, 0x5E, 0xDA, 0x87,
    0x76, 0x1E, 0xD9, 0x46, 0x12, 0x0B, 0xC4, 0x35, 0xE2, 0x0E, 0xC3, 0x80, 0x7F, 0xEA, 0xF1, 0x2F,
    0x2D, 0xF6, 0x0D, 0xB6, 0xB0, 0xC6, 0xE1, 0x98, 0xF4, 0xD9, 0xD4, 0xAE, 0xBA, 0x10, 0x93, 0x8F,
    0x8A, 0x26, 0x44, 0xE3, 0xD9, 0xE5, 0x31, 0x89, 0x67, 0x57, 0xC4, 0xD0, 0x9F, 0xDD, 0x75, 0x0C,
    0xAD, 0xBC, 0xA9, 0xE6, 0xE8, 0x79, 0x7B, 0x37, 0x14, 0xCE, 0x2E, 0x0E, 0xD7, 0x64, 0xBF, 0xEC,
    0x86, 0x8A, 0xEC, 0xBB, 0xF6, 0xFE, 0x86, 0xF3, 0x78, 0xDC, 0x47, 0xC2, 0xBF, 0xFA, 0xEB, 0x9E,
    0xF0, 0x9F, 0xF6, 0x2D, 0xE1, 0xB8, 0x1C, 0x19, 0x06, 0x5B, 0x84, 0xDE, 0x06, 0xA6, 0x71, 0x75,
    0xB2, 0xEF, 0xF2, 0x61, 0x3E, 0xAC, 0x91, 0xB5, 0x2B, 0x42, 0xBF, 0x23, 0x89, 0x11, 0xFF, 0xB3,
    0x20, 0x75, 0x31, 0x53, 0x4D, 0xF8, 0x55, 0x4B, 0x11, 0x3A, 0xD6, 0x69, 0x64, 0x34, 0x48, 0x7B,
    0x0F, 0xCA, 0xC7, 0xE4, 0x54, 0x4F, 0xC7, 0x7C, 0xEA, 0xF6, 0x4F, 0xF9, 0xD4, 0xAC, 0x1E, 0x3F,
    0x7B, 0xB2, 0x5C, 0x72, 0x0B, 0x15, 0xCC, 0x9D, 0x20, 0x89, 0xD7, 0x18, 0x76, 0x78, 0x88, 0xD8,
    0x76, 0xD8, 0x36, 0x58, 0xF1, 0xA3, 0x2B, 0x6E, 0x87, 0xF4, 0x54, 0x53, 0x4C, 0x2D, 0xA6, 0xE9,
    0x98, 0x9C, 0x35, 0xED, 0x92, 0x21, 0xB4, 0xA1, 0x4B, 0xEB, 0xA2, 0x61, 0x8B, 0x07, 0xD2, 0x48,
    0xD6, 0x51, 0xD6, 0x6C, 0x30, 0x12, 0xA2, 0xAF, 0xF3, 0x56, 0x5C, 0x49, 0xFA, 0xED, 0x34, 0x75,
    0x67, 0x6D, 0x2F, 0xD3, 0xB0, 0xED, 0x54, 0x66, 0xB9, 0xF9, 0xC1, 0x1B, 0xD4, 0xF2, 0x8E, 0xB9,
    0x48, 0x23, 0xAB, 0xE5, 0xB5, 0x82, 0x82, 0x17, 0x5C, 0x71, 0xD9, 0xE1, 0x50, 0xCF, 0x52, 0xF1,
    0x92, 0x17, 0x2E, 0xEF, 0x6D, 0x8D, 0xD0, 0x4A, 0x3A, 0x22, 0xB7, 0xDC, 0x50, 0x71, 0xC5, 0x33,
    0x0A, 0xB2, 0x5A, 0x68, 0xA5, 0xAD, 0xA4, 0xFF, 0x5F, 0x7D, 0x95, 0x01, 0xA7, 0x24, 0xC7, 0x16,
    0xC7, 0x7F, 0xDD, 0xF5, 0xBC, 0x7A, 0xB6, 0x50, 0x0B, 0x78, 0x1E, 0x3B, 0xBD, 0x80, 0x87, 0x7B,
    0xA7, 0x21, 0xD8, 0x50, 0x3D, 0x5D, 0x12, 0x40, 0x20, 0xDF, 0x20, 0xF9, 0x06, 0x17, 0x82, 0x1B,
    0x7A, 0x4D, 0x65, 0x03, 0x08, 0xB1, 0xDF, 0x60, 0xBF, 0xC2, 0xC5, 0x90, 0x8E, 0xCC, 0xBD, 0x53,
    0xB2, 0x58, 0x2C, 0x52, 0x12, 0x04, 0x89, 0xA4, 0xD6, 0x2E, 0x09, 0x21, 0x6A, 0xB3, 0x1D, 0x69,
    0xCC, 0x4C, 0x65, 0xB4, 0x71, 0xB3, 0x97, 0xC8, 0xCC, 0xFF, 0x9C, 0x46, 0x57, 0x9D, 0xFE, 0x57,
    0x9D, 0x73, 0xFE, 0x87, 0x3A, 0x52, 0x07, 0x84, 0x9F, 0xE0, 0x90, 0x16, 0x05, 0x7A, 0xC2, 0x0C,
    0x4E, 0xC1, 0x4C, 0x38, 0x87, 0x15, 0x24, 0x48, 0x14, 0x07, 0x44, 0xCA, 0xE3, 0x26, 0x96, 0x8E,
    0x6C, 0xA1, 0x83, 0x1D, 0x45, 0xA6, 0xFC, 0xCE, 0x8A, 0x27, 0x4E, 0xBD, 0xED, 0x75, 0x19, 0x67,
    0xA4, 0x86, 0x95, 0xA1, 0xEB, 0x31, 0x39, 0x67, 0x7B, 0x30, 0x07, 0x6F, 0xB0, 0x66, 0x41, 0x65,
    0x85, 0x07, 0xEA, 0x4F, 0x6C, 0x99, 0x33, 0x32, 0x5C, 0xA1, 0x69, 0x58, 0x60, 0x30, 0x9C, 0xD3,
    0xD3, 0x33, 0x14, 0x03, 0x83, 0x48, 0x0C, 0x2A, 0xD9, 0xF1, 0xE4, 0x95, 0xDF, 0xA4, 0x4C, 0xED,
    0x7A, 0xFE, 0xBD, 0x85, 0x5B, 0x07, 0xA3, 0x03, 0x7A, 0x60, 0x00, 0x12, 0x14, 0xF1, 0x8A, 0xE2,
    0x9B, 0x6C, 0xCB, 0x1F, 0xB4, 0x13, 0xA3, 0xF2, 0x22, 0x29, 0x2F, 0x83, 0x72, 0xCA, 0x6B, 0x7B,
    0xF8, 0xA3, 0x99, 0x33, 0xC3, 0xB0, 0x28, 0x06, 0xDA, 0x1C, 0x78, 0x73, 0x0F, 0x9C, 0xF9, 0x32,
    0x07, 0x6D, 0xDD, 0x0C, 0x0C, 0x74, 0xD0, 0xC3, 0x30, 0x61, 0xC4, 0xAE, 0xA5, 0x6B, 0xF7, 0x54,
    0x71, 0x5A, 0x07, 0x1B, 0x0F, 0xD2, 0x83, 0x72, 0xA0, 0x2D, 0x68, 0xA8, 0x1F, 0x51, 0xE4, 0x3D,
    0x32, 0x5C, 0xA2, 0x31, 0xCC, 0x27, 0xFA, 0xDD, 0x74, 0x80, 0xD5, 0x0D, 0xFA, 0xBF, 0x5D, 0xD3,
    0xE7, 0xCC, 0x95, 0x39, 0xA9, 0x8F, 0x52, 0x55, 0x24, 0x23, 0x42, 0xA7, 0xDD, 0xE7, 0x97, 0xE4,
    0xC0, 0x08, 0x03, 0x87, 0x4F, 0xFA, 0x65, 0xA6, 0x7A, 0x01, 0x50, 0x07, 0x20, 0x27, 0x10, 0xE1,
    0x21, 0x48, 0x07, 0x68, 0x0B, 0x68, 0xA0, 0xD8, 0xEC, 0x40, 0xE4, 0x2D, 0xD0, 0x00, 0x98, 0x6B,
    0xD7, 0x01, 0xF4, 0x00, 0x03, 0x40, 0x02, 0x8A, 0xC9, 0x45, 0xA0, 0x8C, 0x80, 0x08, 0x80, 0xF0,
    0x80, 0xF4, 0x80, 0xB2, 0xF0, 0xFF, 0x0A, 0x68, 0x77, 0x40, 0x15, 0x01, 0xD8, 0x64, 0x87, 0xCC,
    0x7B, 0xA8, 0xDE, 0x8A, 0xD0, 0x14, 0x09, 0x4C, 0x11, 0xE1, 0xC0, 0x18, 0x16, 0x95, 0x83, 0x6A,
    0x07, 0xC8, 0x08, 0xCC, 0x00, 0xEA, 0xC9, 0x45, 0x28, 0xA7, 0x5D, 0xAE, 0xF6, 0x2C, 0x90, 0x81,
    0x06, 0x11, 0x68, 0x6D, 0xE5, 0xD1, 0x39, 0x43, 0x99, 0x5F, 0xF0, 0x0F, 0x19, 0x5C, 0x52, 0x7E,
    0x9D, 0x9D, 0x78, 0xFA, 0x8E, 0x17, 0xDF, 0x2B, 0x27, 0x07, 0x6D, 0x65, 0xD4, 0x28, 0x5F, 0xA1,
    0xDD, 0x1C, 0x4D, 0x43, 0x85, 0xB9, 0x3D, 0xC7, 0x5C, 0x34, 0x2C, 0xBD, 0x61, 0x01, 0x7D, 0xB1,
    0x25, 0x01, 0x40, 0xED, 0x97, 0x5E, 0x78, 0xE9, 0x95, 0xD3, 0xB6, 0x62, 0x4E, 0x83, 0xB9, 0x7B,
    0x3F, 0x6D, 0xFC, 0x7D, 0x40, 0x39, 0x98, 0x68, 0x73, 0xE3, 0x57, 0x6E, 0x41, 0x1D, 0x0C, 0xF3,
    0x37, 0x74, 0x26, 0x4A, 0x50, 0x06, 0x10, 0x1E, 0xC4, 0xCD, 0xDC, 0x73, 0x0A, 0x77, 0x0D, 0x2C,
    0x13, 0xB4, 0x0E, 0xD4, 0xC0, 0xFF, 0x86, 0x63, 0x83, 0x94, 0x11, 0x11, 0x10, 0x5F, 0x8E, 0xE2,
    0xC7, 0x9D, 0x1C, 0x4F, 0x55, 0x30, 0xDA, 0xF6, 0x5A, 0xC5, 0x2A, 0xDB, 0x7A, 0xA0, 0xE9, 0x30,
    0x2D, 0x9D, 0x0E, 0xE7, 0x72, 0xBF, 0x62, 0xA7, 0x52, 0x9D, 0x8A, 0x54, 0x46, 0x11, 0xC4, 0x35,
    0x7D, 0xCD, 0xF1, 0x00, 0x74, 0xF4, 0x31, 0xFB, 0xFB, 0x9C, 0xB9, 0xCB, 0x72, 0x64, 0xF3, 0x38,
    0xEB, 0x2D, 0xF2, 0xD3, 0xEA, 0x9E, 0x41, 0xF5, 0xB3, 0xD4, 0xA1, 0x53, 0xED, 0x0F, 0xDE, 0xB7,
    0xB6, 0x47, 0xBB, 0x05, 0x03, 0x15, 0x1D, 0x89, 0x39, 0xEB, 0x22, 0xD1, 0x30, 0x94, 0xCF, 0x30,
    0x24, 0xF1, 0xAD, 0xED, 0x0E, 0x7E, 0x47, 0x5F, 0xC4, 0x72, 0xE0, 0xCC, 0x5D, 0x71, 0x88, 0x75,
    0x88, 0xA4, 0xAD, 0xEA, 0x35, 0x3A, 0x55, 0x68, 0x3F, 0x47, 0xBB, 0xE9, 0x8A, 0x99, 0xD3, 0xD1,
    0xD0, 0x63, 0xF8, 0x3D, 0x74, 0x64, 0xD7, 0x73, 0x09, 0x67, 0xB1, 0xCC, 0xA3, 0xF6, 0xEB, 0x9A,
    0xA6, 0x61, 0xD1, 0xD1, 0xF4, 0x34, 0x03, 0xDD, 0x40, 0x3F, 0x16, 0x69, 0x2D, 0x43, 0x9B, 0xAD,
    0x1A, 0x29, 0xAE, 0x64, 0x2A, 0xF7, 0xF5, 0x96, 0xD9, 0xAA, 0x63, 0xEE, 0x1B, 0x5A, 0x6B, 0x68,
    0x31, 0x34, 0x74, 0x74, 0xF4, 0xAC, 0x48, 0xA4, 0x32, 0x32, 0x28, 0x4F, 0xCE, 0x14, 0xBF, 0x0C,
    0x37, 0xAE, 0x58, 0x3A, 0xA8, 0x7E, 0x3E, 0x96, 0xE3, 0x72, 0xD2, 0x07, 0x94, 0xBF, 0xA2, 0xA2,
    0xA1, 0xE1, 0xBA, 0xBD, 0x5E, 0xD7, 0x07, 0xC6, 0xD3, 0xC8, 0xE6, 0x65, 0xA0, 0x7E, 0xF0, 0x7A,
    0xA0, 0xA3, 0x9D, 0x45, 0xC8, 0xE9, 0xF0, 0x2E, 0xE5, 0xA7, 0x49, 0x3C, 0x4A, 0x72, 0x8D, 0xBA,
    0x40, 0x07, 0xB4, 0xA7, 0xB2, 0xD4, 0xD0, 0x5C, 0xCB, 0xDC, 0x51, 0x12, 0xA2, 0x74, 0x0F, 0xB5,
    0x45, 0x79, 0xC4, 0x00, 0x7B, 0xA8, 0x2D, 0xDA, 0xDF, 0x95, 0x6E, 0x54, 0x76, 0x33, 0x49, 0x02,
    0xFF, 0xE2, 0x5A, 0x14, 0xAB, 0x1C, 0xDB, 0x1C, 0x8E, 0x39, 0xF7, 0x48, 0x8F, 0x72, 0x28, 0x8B,
    0x3E, 0xA0, 0xF4, 0xD5, 0x7B, 0x4E, 0xEF, 0x91, 0x91, 0xDA, 0x2B, 0xB7, 0xF1, 0xDA, 0x0A, 0xAF,
    0x91, 0xBE, 0x42, 0xFD, 0x55, 0xD2, 0xCC, 0xD9, 0xD2, 0x14, 0x23, 0x8D, 0xEC, 0xDF, 0x6D, 0x66,
    0x1F, 0x86, 0x76, 0x5C, 0xBA, 0x2A, 0x34, 0xD4, 0x76, 0xCE, 0xD2, 0xD7, 0xD3, 0x7A, 0x11, 0x34,
    0x65, 0x9C, 0x1D, 0xAC, 0xA1, 0x48, 0x06, 0x52, 0x82, 0x97, 0x11, 0xFE, 0xF0, 0x90, 0x81, 0x2D,
    0x70, 0x01, 0x00, 0xB5, 0x35, 0x45, 0xDA, 0xF8, 0x05, 0xA3, 0x0C, 0x35, 0xA3, 0x08, 0x15, 0x43,
    0x19, 0x6B, 0x9B, 0x8A, 0xD4, 0xDA, 0x44, 0x5A, 0x3E, 0x08, 0xA4, 0xCF, 0x3E, 0xF6, 0xBC, 0x7C,
    0xFE, 0xC4, 0xF2, 0xEA, 0xF1, 0x57, 0xF0, 0x85, 0xD8, 0xC2, 0xA5, 0x48, 0xB0, 0x12, 0x1E, 0x00,
    0x8A, 0x91, 0xB5, 0xDA, 0x89, 0x2D, 0x73, 0x0D, 0xD5, 0x09, 0xE8, 0x01, 0x54, 0x04, 0x11, 0x98,
    0x9E, 0xB3, 0x04, 0xE7, 0x03, 0xB7, 0xD3, 0x9A, 0xD6, 0xB7, 0x69, 0x41, 0x6D, 0xB9, 0xA2, 0x2B,
    0x32, 0x8B, 0xA9, 0x63, 0x95, 0x3F, 0x45, 0x78, 0x83, 0x08, 0x86, 0x32, 0x7C, 0x40, 0x19, 0x13,
    0xC5, 0xB3, 0x40, 0xF1, 0xDC, 0xC3, 0x4F, 0x16, 0x7E, 0x85, 0x62, 0x0B, 0x45, 0x3A, 0xA6, 0xCC,
    0x72, 0xFB, 0x04, 0xDA, 0x04, 0xAD, 0x05, 0x35, 0xDE, 0xA9, 0xF2, 0xE5, 0x89, 0x1C, 0xFE, 0x2B,
    0x22, 0xCA, 0x51, 0xC3, 0x9A, 0x22, 0x21, 0x3D, 0xDA, 0xD2, 0x72, 0x2F, 0xE7, 0xF1, 0xE2, 0x2C,
    0x22, 0x03, 0xB5, 0xA7, 0x3B, 0xA6, 0xE3, 0x88, 0x78, 0x1C, 0x53, 0xCA, 0x33, 0x07, 0x0D, 0xCA,
    0x1E, 0x70, 0x63, 0xB0, 0x9D, 0x73, 0x44, 0xEB, 0xA9, 0x1C, 0xDC, 0xE3, 0x9C, 0xA9, 0x3A, 0x89,
    0x45, 0x28, 0xA7, 0x76, 0x14, 0x4E, 0x5A, 0x85, 0x46, 0x33, 0xE3, 0x0E, 0x27, 0x18, 0xCC, 0xB4,
    0x88, 0xDA, 0xD2, 0x7A, 0x44, 0xB8, 0x9E, 0x84, 0xC7, 0xE0, 0x15, 0xCC, 0xA0, 0xE2, 0x58, 0x5D,
    0xE6, 0x06, 0xA9, 0x23, 0xA6, 0x4A, 0x59, 0x3A, 0x2E, 0xE1, 0x96, 0xFB, 0x4F, 0x3B, 0x9E, 0xAE,
    0x96, 0xDB, 0xF7, 0x55, 0xFC, 0x13, 0xBD, 0xD5, 0x81, 0x87, 0x2C, 0x6B, 0x7A, 0xC7, 0xF1, 0x4F,
    0xD5, 0x7B, 0x4C, 0xC9, 0xAD, 0x3D, 0x53, 0x07, 0x8B, 0x6B, 0x77, 0xEF, 0x54, 0xB0, 0x20, 0x66,
    0xBA, 0x0F, 0x06, 0xBD, 0xD1, 0x3D, 0x5D, 0x9B, 0x8B, 0x8B, 0x20, 0x81, 0x85, 0xC8, 0xFF, 0x70,
    0x06, 0x87, 0x4C, 0x98, 0x73, 0xBB, 0x56, 0x44, 0x40, 0x62, 0xFF, 0x84, 0x83, 0x80, 0x03, 0x3B,
    0x61, 0x30, 0x98, 0x73, 0xFB, 0x15, 0x80, 0x25, 0x5B, 0x2B, 0x22, 0x80, 0x14, 0x39, 0x20, 0x21,
    0xB7, 0xE4, 0xD6, 0x8D, 0x8E, 0xDB, 0x33, 0x6F, 0xA6, 0xE4, 0x1E, 0xCE, 0x25, 0x40, 0x32, 0x69,
    0xEF, 0xFB, 0xF5, 0xAA, 0xFA, 0x3D, 0xBF, 0x5F, 0x3F, 0xDD, 0x5D, 0xFD, 0xB8, 0xB4, 0x37, 0x82,
    0x73, 0x57, 0x7A, 0x7D, 0xD6, 0xE5, 0x5D, 0x88, 0x21, 0x16, 0xB1, 0x6C, 0xAB, 0xA6, 0x36, 0xB7,
    0x04, 0x7A, 0x59, 0x27, 0x8F, 0x42, 0x54, 0x74, 0xB6, 0x77, 0x21, 0x7D, 0x51, 0xFD, 0xFE, 0x93,
    0xB3, 0x43, 0x97, 0x4F, 0xDD, 0xFC, 0xC8, 0x78, 0x6C, 0x5C, 0xD8, 0x9D, 0xBA, 0x3D, 0xFF, 0x78,
    0xFD, 0x37, 0xBB, 0x3A, 0x75, 0xC5, 0x1D, 0x9D, 0x2C, 0x9A, 0x8A, 0x5A, 0xA1, 0x91, 0x41, 0xB9,
    0xC3, 0x26, 0x61, 0xA8, 0x09, 0x5D, 0x45, 0x11, 0x9F, 0x50, 0x35, 0xA8, 0x90, 0xA7, 0xD4, 0x0A,
    0x13, 0x9C, 0xC1, 0x0A, 0x2E, 0xE1, 0x06, 0x46, 0x18, 0xB0, 0x4E, 0x69, 0x70, 0xF6, 0x47, 0xA9,
    0x03, 0x07, 0x7C, 0x5C, 0x7E, 0xB6, 0xBB, 0xC9, 0x53, 0xEA, 0x8C, 0x55, 0x93, 0x75, 0x45, 0x1B,
    0xE2, 0xB4, 0xCB, 0x26, 0xC4, 0x4A, 0xE8, 0x5F, 0xA9, 0x53, 0x72, 0x3D, 0xFB, 0x34, 0x3E, 0xC3,
    0x76, 0x5F, 0x25, 0x9B, 0xBE, 0xD8, 0xA9, 0x1E, 0x34, 0xCA, 0x07, 0x99, 0x10, 0x8F, 0x08, 0xFD,
    0x92, 0x6C, 0x18, 0x58, 0xFF, 0x47, 0x6A, 0xFD, 0x20, 0xFD, 0x0B, 0xD6, 0x98, 0xA7, 0x7B, 0xEA,
    0xB4, 0xFF, 0xCE, 0xBB, 0xD9, 0xE1, 0xE0, 0xDE, 0x74, 0xB7, 0xC5, 0xC2, 0x85, 0x6B, 0x83, 0xC1,
    0xF4, 0x41, 0xC6, 0xAC, 0x05, 0xA8, 0x1C, 0x3A, 0x72, 0xE2, 0xD8, 0xF2, 0x5B, 0x91, 0xBA, 0x97,
    0x76, 0x21, 0xDE, 0x56, 0xED, 0xB2, 0x8E, 0xCF, 0x7E, 0xD2, 0x5B, 0xDC, 0x58, 0xCC, 0x2C, 0x8B,
    0x78, 0x94, 0x0D, 0x65, 0x7C, 0x99, 0x0F, 0x0B, 0x97, 0x0B, 0xF5, 0x42, 0xF1, 0xF2, 0x3C, 0x0C,
    0x63, 0xE8, 0xF7, 0x65, 0xDC, 0xDC, 0xFB, 0xE8, 0xB5, 0x93, 0xB2, 0x39, 0x7B, 0x28, 0xAB, 0x38,
    0x48, 0xBF, 0x60, 0x93, 0x76, 0xF2, 0xD1, 0x0B, 0x45, 0xAB, 0x88, 0x55, 0xB6, 0xFD, 0x69, 0x7F,
    0x5C, 0xA4, 0xF6, 0x6A, 0x51, 0x85, 0xF6, 0xF4, 0xF4, 0x24, 0xB3, 0x38, 0x3D, 0x66, 0xF9, 0xDF,
    0x38, 0x61, 0xB1, 0xA8, 0x39, 0x3D, 0xAE, 0x52, 0xBC, 0xAA, 0xF2, 0xF4, 0xD3, 0x7E, 0x2A, 0x8B,
    0xF9, 0x68, 0x3E, 0x59, 0xED, 0x4D, 0xA6, 0xB2, 0x6F, 0xDA, 0xF2, 0x97, 0xCD, 0x51, 0xE9, 0xF8,
    0xD0, 0xE2, 0xA9, 0xC5, 0xB1, 0x8B, 0xCB, 0xE6, 0xEC, 0xDF, 0xE2, 0xBC, 0x82, 0xDF, 0x79, 0x23,
    0xDD, 0x73, 0x5C, 0x32, 0xAE, 0x84, 0x6E, 0x54, 0x7F, 0xD6, 0x39, 0xAB, 0x5A, 0xEB, 0x2A, 0xAA,
    0x3E, 0xED, 0x84, 0x38, 0xD0, 0x9D, 0x4E, 0x86, 0x93, 0xA7, 0xE5, 0xFB, 0xF5, 0xFD, 0xED, 0x3E,
    0xED, 0x6D, 0x7A, 0xA1, 0x3B, 0x72, 0x28, 0x34, 0xC7, 0x9B, 0x9F, 0xC7, 0xD3, 0x45, 0xDF, 0x3D,
    0x5F, 0x74, 0xAF, 0x9F, 0xAF, 0xDB, 0xAB, 0xE7, 0xBF, 0x1B, 0x5F, 0x9F, 0x2E, 0x86, 0xEE, 0xF8,
    0xED, 0x4F, 0xE2, 0x74, 0x7F, 0xD2, 0x4D, 0xFA, 0x79, 0xB2, 0x4E, 0x4D, 0xB1, 0x9B, 0x0E, 0xCB,
    0xB2, 0x79, 0x59, 0xB4, 0x0F, 0xEB, 0xE1, 0x30, 0xBF, 0x57, 0x8E, 0x2C, 0x3F, 0x5C, 0xEF, 0x63,
    0x3F, 0xBC, 0x08, 0xEF, 0xAF, 0x6F, 0xDA, 0xFC, 0x9B, 0xBE, 0xF8, 0xF9, 0x90, 0x67, 0xBD, 0x10,
    0x55, 0x8D, 0x95, 0x6C, 0x50, 0xB6, 0xD6, 0x6F, 0xDA, 0x75, 0x6A, 0xB3, 0x3B, 0x65, 0xF2, 0xB4,
    0xA4, 0xE2, 0x52, 0xB1, 0x67, 0x36, 0x2D, 0x97, 0x7E, 0x39, 0xDA, 0xB6, 0x08, 0xB1, 0x8C, 0xB5,
    0xA5, 0x2B, 0x80, 0x0B, 0x83, 0x31, 0x1B, 0x0C, 0x79, 0x6F, 0x08, 0x5D, 0x36, 0x84, 0x98, 0xF7,
    0x21, 0x86, 0xAE, 0x88, 0x0F, 0xDA, 0x36, 0xC4, 0xAA, 0x29, 0xE2, 0xBC, 0x29, 0xFB, 0x3F, 0xF9,
    0xF3, 0x32, 0xFD, 0xFD, 0x5D, 0xB5, 0xF9, 0xBD, 0xE1, 0x10, 0x47, 0x98, 0x61, 0x35, 0x6D, 0xFC,
    0x18, 0xB2, 0xED, 0xBD, 0x3A, 0xED, 0x6C, 0xBE, 0x8E, 0xD2, 0xBF, 0xC7, 0x3C, 0x7D, 0x15, 0x43,
    0xFA, 0xAA, 0x0D, 0xE9, 0x9F, 0x9B, 0x90, 0xFE, 0x51, 0x48, 0xBF, 0x92, 0xA7, 0x5F, 0xB3, 0xFD,
    0x3B, 0xC2, 0x5F, 0x12, 0xFE, 0x98, 0xE2, 0x98, 0x72, 0xC9, 0xE1, 0x82, 0xA7, 0xE7, 0x9C, 0xF4,
    0x9E, 0x6D, 0x5A, 0xDB, 0x77, 0xAC, 0x1B, 0x56, 0x77, 0x37, 0x65, 0x53, 0xC7, 0xE9, 0x99, 0xA8,
    0x5D, 0xF0, 0xEC, 0x60, 0xA8, 0x07, 0x43, 0xD6, 0x7F, 0xFB, 0xBC, 0xB7, 0x45, 0x53, 0xFF, 0x62,
    0x3B, 0xF8, 0x42, 0xF8, 0xD7, 0xB6, 0xFC, 0x34, 0x56, 0x21, 0x1E, 0x85, 0x78, 0x52, 0xB4, 0x9F,
    0x54, 0xAA, 0xB7, 0x8A, 0x11, 0x7E, 0xF0, 0xC6, 0xF4, 0x0B, 0xCC, 0xDB, 0x10, 0x87, 0x7C, 0xB8,
    0xB5, 0x3B, 0xB3, 0x5F, 0xE7, 0xE3, 0xDB, 0xF2, 0x6F, 0x87, 0x59, 0xD9, 0x9E, 0x3E, 0x05, 0x78,
    0xC6, 0x53, 0xC5, 0xC0, 0x4A, 0x3D, 0x70, 0x23, 0xEB, 0x65, 0xC3, 0xC4, 0x10, 0xE5, 0x9D, 0xB2,
    0x99, 0x0E, 0x47, 0x26, 0x2E, 0xAD, 0x8A, 0xD6, 0x60, 0x5F, 0x36, 0x79, 0x17, 0x2E, 0xE7, 0x5D,
    0xD1, 0x1E, 0x2E, 0xB6, 0x7D, 0x65, 0xF1, 0x92, 0xA5, 0xFE, 0x8A, 0xEB, 0xF0, 0x0F, 0x5F, 0xCB,
    0x86, 0x32, 0xDD, 0x0B, 0x31, 0xFB, 0xD9, 0x3B, 0x55, 0x23, 0xEB, 0xCC, 0xC8, 0xA3, 0x1F, 0xE1,
    0x83, 0xDC, 0x53, 0x07, 0x03, 0xD7, 0xEA, 0x29, 0x8E, 0x41, 0x88, 0xD3, 0xA1, 0x32, 0xE5, 0x9E,
    0x10, 0xA2, 0x0B, 0x13, 0x87, 0x72, 0x2C, 0xDA, 0x3C, 0xAE, 0xEF, 0xA6, 0xD6, 0xAF, 0x67, 0x75,
    0x7B, 0xE8, 0x0F, 0x4F, 0xB6, 0xC3, 0x92, 0x25, 0xD7, 0x4C, 0xF5, 0x8A, 0x38, 0x49, 0x67, 0x54,
    0x8C, 0xCC, 0x84, 0xB4, 0x73, 0xF9, 0xC0, 0xD1, 0x39, 0x00, 0x90, 0xE1, 0x86, 0x92, 0x22, 0x71,
    0xC4, 0x61, 0xD5, 0x58, 0xF2, 0xA4, 0x64, 0xC4, 0x89, 0xBC, 0x27, 0xDF, 0x09, 0x91, 0xE2, 0xAD,
    0xCA, 0x01, 0x47, 0x4E, 0xD4, 0xCC, 0x5C, 0xD8, 0x70, 0x6B, 0xC8, 0xFE, 0xC9, 0x76, 0xCC, 0x63,
    0xF1, 0x57, 0xB6, 0x6D, 0xD1, 0x1C, 0x7E, 0x82, 0x43, 0x8B, 0x63, 0x2C, 0x7D, 0xFD, 0xAA, 0xE1,
    0x7A, 0xFA, 0x7B, 0x94, 0xF5, 0x7E, 0xF6, 0xA7, 0x84, 0xC8, 0x4B, 0xAA, 0x86, 0x2B, 0x3E, 0x02,
    0x2A, 0xD6, 0xCC, 0x00, 0x6E, 0x65, 0xF7, 0x1C, 0x71, 0x29, 0x1B, 0x15, 0x51, 0xCD, 0x92, 0x0B,
    0x5E, 0xF2, 0xEA, 0x13, 0xF3, 0x3B, 0xC5, 0x88, 0xDF, 0x82, 0xAA, 0x9D, 0xD0, 0x23, 0xDF, 0xC1,
    0xF7, 0x01, 0x5C, 0x21, 0x0C, 0x98, 0xC4, 0x0E, 0x6F, 0x70, 0x7C, 0x89, 0xC5, 0x84, 0x61, 0x49,
    0xD6, 0xAD, 0x08, 0xF1, 0x8C, 0xB2, 0x99, 0x53, 0xA5, 0xC4, 0xD9, 0x9B, 0x2D, 0x17, 0xAA, 0xC6,
    0xA0, 0x6A, 0xF3, 0x5E, 0x15, 0x8B, 0x77, 0xEA, 0x77, 0xEB, 0xBD, 0xB4, 0x07, 0xC8, 0x5B, 0xD4,
    0x11, 0xDB, 0x86, 0xB0, 0x43, 0xE6, 0x71, 0x73, 0x7F, 0x0C, 0x77, 0x08, 0x5F, 0x36, 0xD4, 0x9F,
    0x45, 0x96, 0x59, 0xC4, 0xE3, 0xE6, 0x96, 0xBF, 0x89, 0xCC, 0x53, 0xE4, 0xE3, 0x33, 0xE0, 0xD1,
    0x23, 0xEB, 0x10, 0x59, 0x57, 0x1D, 0xAB, 0xB2, 0xFD, 0xFF, 0x89, 0x74, 0x83, 0x70, 0x8F, 0xF2,
    0x0F, 0x50, 0x15, 0x13, 0x2A, 0x14, 0x77, 0xC8, 0xFE, 0xFA, 0x51, 0xC3, 0xF3, 0x34, 0x89, 0xD8,
    0xA4, 0x04, 0xDB, 0xF6, 0x10, 0xD9, 0x97, 0xCD, 0x53, 0x84, 0x5F, 0x83, 0xAA, 0x06, 0xAB, 0x19,
    0xB8, 0x59, 0xA7, 0x48, 0x36, 0xAC, 0x53, 0x4B, 0x88, 0x4B, 0xA8, 0x26, 0x27, 0xE6, 0x69, 0x07,
    0xB7, 0x76, 0x9E, 0xC9, 0x06, 0xA3, 0x2B, 0x21, 0x1A, 0x0C, 0xEA, 0xAE, 0x48, 0xA9, 0xB3, 0x7D,
    0x28, 0x4B, 0xD1, 0x34, 0x30, 0xA7, 0x21, 0x9C, 0xEF, 0x8C, 0x65, 0x74, 0x55, 0x37, 0xAE, 0xCE,
    0xB0, 0xC4, 0x2D, 0x76, 0x1F, 0xEC, 0x3D, 0x6E, 0xF1, 0x39, 0xED, 0xBA, 0x2D, 0x62, 0x95, 0xEE,
    0x65, 0xDB, 0x1E, 0x98, 0x63, 0xDD, 0x52, 0x36, 0xCC, 0x30, 0x02, 0xB8, 0x86, 0x3B, 0xD8, 0xB4,
    0x38, 0x88, 0x00, 0x30, 0xF5, 0xEC, 0xC5, 0x84, 0xDA, 0xE1, 0x84, 0xEF, 0x31, 0x83, 0x15, 0x2C,
    0x61, 0x93, 0x5A, 0xB6, 0x13, 0x76, 0x30, 0xC2, 0x80, 0x6C, 0x70, 0x2E, 0x1F, 0x0C, 0x42, 0x9F,
    0xF5, 0x7E, 0x38, 0x75, 0xB5, 0x99, 0x7A, 0xC2, 0x13, 0x58, 0x22, 0xDF, 0xA3, 0x1E, 0x71, 0xE6,
    0xF1, 0x73, 0xF3, 0x16, 0xE5, 0x80, 0xD9, 0x0E, 0xBB, 0x15, 0x79, 0xF7, 0xBD, 0xC7, 0xCF, 0x1D,
    0x4F, 0xC8, 0xC7, 0xCF, 0xC9, 0xFA, 0x4B, 0xF0, 0xF8, 0x91, 0x1C, 0xB3, 0xA6, 0xEE, 0x26, 0x15,
    0x90, 0xF6, 0x5E, 0x74, 0x2A, 0x6A, 0x66, 0x9C, 0xB1, 0xE2, 0x92, 0x5B, 0x6E, 0x18, 0x19, 0x26,
    0x6D, 0x3E, 0xB9, 0xF9, 0xE1, 0xCE, 0xE6, 0x0E, 0xA8, 0xD9, 0x2A, 0x76, 0x0E, 0x9B, 0xFF, 0x85,
    0xCF, 0x6B, 0xC2, 0x8E, 0xEA, 0x2D, 0xAB, 0x9A, 0xB1, 0x00, 0xEF, 0xED, 0x26, 0x3F, 0x15, 0x6A,
    0xCC, 0x70, 0x86, 0x15, 0x2E, 0x71, 0x8B, 0x1B, 0x8C, 0x18, 0x4C, 0xD6, 0x93, 0xF7, 0x64, 0x3E,
    0xB9, 0x9B, 0xEC, 0x5D, 0x56, 0x8D, 0xFD, 0xBC, 0x71, 0x73, 0x04, 0xFF, 0xB7, 0xDE, 0x2F, 0xD2,
    0x6B, 0x59, 0x4A, 0xF7, 0x54, 0x36, 0xAD, 0x5A, 0xD9, 0x99, 0x09, 0x83, 0xD5, 0xA4, 0x5D, 0x3E,
    0xA0, 0x4A, 0xFB, 0x7C, 0xA8, 0x27, 0xD8, 0x09, 0x83, 0x51, 0xE8, 0x0C, 0xCA, 0x98, 0x0D, 0xEA,
    0x26, 0x1F, 0x7C, 0x2E, 0xF4, 0xF9, 0xEE, 0xFD, 0x17, 0xB4, 0x83, 0xEA, 0xCF, 0x1A, 0xAC, 0xD3,
    0xC4, 0xE7, 0x6F, 0xFD, 0x4F, 0xAF, 0xA4, 0x48, 0xAD, 0x17, 0x6D, 0x76, 0x47, 0x1D, 0x5D, 0x33,
    0x9F, 0x6C, 0xCD, 0x87, 0x89, 0xCB, 0x31, 0xEB, 0x59, 0xDE, 0xE6, 0x3D, 0x17, 0xAB, 0xBC, 0xE3,
    0x7A, 0x1D, 0x22, 0x43, 0x3D, 0x71, 0xA8, 0xFE, 0xA2, 0x65, 0x28, 0x7E, 0xD5, 0xC8, 0xFA, 0x69,
    0x16, 0xE5, 0x5D, 0x96, 0x08, 0x51, 0xA2, 0x7C, 0xE7, 0x0B, 0x36, 0x7B, 0x2B, 0xDF, 0x19, 0xC5,
    0x79, 0x8B, 0x30, 0x20, 0xDF, 0xC3, 0x0B, 0x00, 0x70, 0x90, 0x5A, 0x36, 0x69, 0x94, 0xED, 0xDC,
    0x29, 0x3A, 0x6B, 0x55, 0x63, 0x6E, 0x4D, 0xDD, 0xAC, 0xA8, 0x9A, 0xDB, 0x09, 0x3B, 0xEA, 0x09,
    0x73, 0x3B, 0xCE, 0x26, 0xBC, 0x72, 0xCB, 0xCE, 0x2B, 0x61, 0xB0, 0x6E, 0xEA, 0xA8, 0x4A, 0xF7,
    0x64, 0xA9, 0xFB, 0xEE, 0xB4, 0x28, 0x06, 0xAC, 0x3B, 0xFC, 0xA7, 0xC7, 0xCF, 0xFD, 0x08, 0xD6,
    0x2D, 0xBE, 0xE9, 0x08, 0xBF, 0x19, 0x26, 0x8F, 0xF3, 0xC7, 0xCF, 0x7D, 0xFD, 0xDB, 0x84, 0xFD,
    0x39, 0x65, 0x3D, 0x70, 0x50, 0xB6, 0xE0, 0xB1, 0x73, 0xFF, 0x0B, 0xBD, 0xD6, 0x01, 0x84, 0x24,
    0xD9, 0x1D, 0xC0, 0xE1, 0xAF, 0xAA, 0x62, 0x2B, 0xA7, 0x6C, 0x6A, 0x01, 0x47, 0xEE, 0xA6, 0x02,
    0x08, 0x76, 0xBB, 0x83, 0x43, 0x50, 0xB5, 0x5D, 0x72, 0x00, 0x10, 0x00, 0x40, 0x10, 0x00, 0xD9,
    0x60, 0x31, 0x91, 0x9E, 0x4C, 0x9D, 0x43, 0x70, 0xC4, 0x01, 0x00, 0x09, 0x00, 0x90, 0x0D, 0x87,
    0x3E, 0xFA, 0x6E, 0x5E, 0x72, 0x80, 0xE0, 0x2A, 0x00, 0x82, 0x54, 0x64, 0x09, 0x10, 0x4F, 0xAE,
    0x42, 0x49, 0x7A, 0xA6, 0xF2, 0x58, 0xC3, 0x65, 0x81, 0xC9, 0xB8, 0xAB, 0xEE, 0xFF, 0x43, 0xF1,
    0xFB, 0x4A, 0x3F, 0xDD, 0x4F, 0x2B, 0xC3, 0x4C, 0xFD, 0x87, 0x99, 0xEA, 0xBD, 0xC9, 0xEB, 0xD7,
    0x83, 0x75, 0xE0, 0x72, 0x9D, 0x65, 0x8B, 0x6B, 0xE5, 0x68, 0xA7, 0xEE, 0x6D, 0xED, 0x68, 0xFA,
    0x8E, 0xBA, 0x3F, 0x4A, 0xCB, 0x42, 0x93, 0x16, 0x5B, 0x0B, 0x4F, 0x2D, 0x5C, 0x38, 0xB2, 0xB8,
    0x50, 0x44, 0xBB, 0xBE, 0x09, 0xEA, 0xF5, 0x86, 0x6C, 0x1D, 0xC1, 0x8B, 0x2C, 0xEC, 0xCB, 0xD0,
    0x34, 0xCA, 0x93, 0x3C, 0xA6, 0x55, 0xD3, 0xD8, 0x57, 0xE1, 0x45, 0x3E, 0x02, 0xF0, 0x6C, 0x79,
    0xA8, 0x5C, 0xD7, 0xA3, 0x66, 0xA8, 0xA3, 0x0B, 0x65, 0xCC, 0x66, 0x4D, 0x4C, 0xE0, 0xC7, 0x73,
    0x39, 0xE6, 0xE3, 0x5C, 0x85, 0xAA, 0x9F, 0xEB, 0xA1, 0xCB, 0xD2, 0x12, 0xF3, 0x58, 0xBF, 0x1F,
    0x8A, 0xA9, 0xFE, 0xB5, 0x72, 0xAC, 0x4E, 0xEA, 0xA1, 0x8C, 0x76, 0xAA, 0x39, 0x3B, 0xD9, 0xAC,
    0xEB, 0xE4, 0x9D, 0xE6, 0xDA, 0x97, 0xAF, 0x22, 0x20, 0x59, 0xE4, 0x27, 0x38, 0x03, 0x80, 0xCB,
    0x53, 0xB6, 0xC6, 0xED, 0xE4, 0xAA, 0xAF, 0x82, 0x2E, 0x61, 0x5A, 0x75, 0xAF, 0xD5, 0x70, 0xAE,
    0xE1, 0x23, 0x1B, 0x66, 0x1D, 0x51, 0x4B, 0xB4, 0x97, 0x4D, 0xF6, 0x8A, 0xD1, 0x51, 0xA2, 0x2F,
    0xD4, 0xBD, 0x5D, 0xFF, 0x0B, 0x9A, 0x75, 0x21, 0x5F, 0x07, 0x00, 0xD9, 0x84, 0x7A, 0xC2, 0xD5,
    0x80, 0x97, 0x5F, 0xC3, 0x73, 0xDF, 0x40, 0xBA, 0x8B, 0xFF, 0x8C, 0x94, 0x7F, 0x8A, 0xD4, 0x7E,
    0xFA, 0x95, 0x3F, 0xB7, 0x0C, 0x91, 0xFA, 0xB3, 0x99, 0xFA, 0x07, 0x13, 0x7C, 0x1D, 0x5B, 0xDC,
    0x23, 0x1F, 0xD1, 0x8C, 0x58, 0x7B, 0xF2, 0xFF, 0xDD, 0xE2, 0xEB, 0x6A, 0x1D, 0xB6, 0x2F, 0x1F,
    0x5C, 0xAB, 0x42, 0x16, 0x93, 0x96, 0xA8, 0x62, 0x4A, 0x54, 0x16, 0x37, 0x98, 0xF7, 0x38, 0x46,
    0xEC, 0x46, 0xEC, 0x06, 0x6C, 0x61, 0x03, 0x1D, 0xB4, 0xB0, 0x47, 0x7E, 0xD3, 0x53, 0xAF, 0x01,
    0xEB, 0xC2, 0xB3, 0x81, 0x06, 0x4D, 0xBA, 0xBD, 0xFD, 0x6D, 0xD4, 0x65, 0x8B, 0xD6, 0xC9, 0xDE,
    0xD1, 0x21, 0xCD, 0x62, 0x36, 0xE7, 0x51, 0x6C, 0x42, 0xB6, 0xDE, 0xA4, 0xFA, 0x43, 0xC5, 0xC4,
    0xB7, 0x5F, 0x72, 0x79, 0x42, 0x12, 0x46, 0xF2, 0x75, 0xA6, 0x0A, 0x47, 0x6A, 0x2D, 0x1B, 0xE7,
    0x74, 0x5E, 0xD0, 0x66, 0x23, 0xFB, 0xB2, 0xE7, 0xF0, 0x2D, 0xCC, 0x67, 0x24, 0xAA, 0x97, 0xC5,
    0x6A, 0x94, 0x4F, 0x45, 0x94, 0x8F, 0x16, 0xC5, 0x68, 0xAF, 0xF8, 0xBD, 0xBD, 0xF2, 0xF3, 0xFE,
    0x23, 0xD5, 0x07, 0xEB, 0x98, 0xB6, 0xFF, 0x86, 0x1A, 0x1A, 0xD8, 0xE0, 0x7B, 0x2D, 0xAE, 0x66,
    0xEC, 0x3E, 0x04, 0x78, 0x13, 0x1D, 0xB6, 0xA8, 0x02, 0xC9, 0x03, 0xB0, 0xFD, 0xA0, 0xCF, 0xD7,
    0x55, 0x39, 0x7E, 0xAA, 0xD6, 0x79, 0xAA, 0xD5, 0x3A, 0x77, 0x70, 0x30, 0x67, 0xB3, 0xB9, 0x88,
    0xE6, 0x2A, 0xF6, 0xCB, 0xE3, 0x2F, 0xC2, 0x55, 0x5C, 0x6D, 0x87, 0x03, 0xE0, 0x6D, 0x5C, 0x60,
    0x79, 0xE5, 0x15, 0xFD, 0x3D, 0xCD, 0x47, 0xE4, 0x91, 0xF2, 0x44, 0xD3, 0xD2, 0x9E, 0x11, 0x1F,
    0xDE, 0xCF, 0x6C, 0xDE, 0x65, 0xF7, 0x47, 0x7E, 0x77, 0x93, 0xF8, 0xE7, 0xF7, 0xB3, 0xDA, 0x9A,
    0xE3, 0x96, 0xC3, 0x06, 0xEE, 0x67, 0x15, 0x91, 0xFA, 0xC4, 0x93, 0xC7, 0x3C, 0x7E, 0x2B, 0x4D,
    0x4B, 0x33, 0xF3, 0xE0, 0xC3, 0xFF, 0xDF, 0xDC, 0x8E, 0x97, 0x7D, 0xB6, 0xFE, 0x7B, 0x1D, 0xCB,
    0x71, 0xFB, 0xEE, 0x54, 0xF7, 0x5D, 0x31, 0x6E, 0xEC, 0xCB, 0xD0, 0x9A, 0x1B, 0x87, 0xEC, 0x9F,
    0x4B, 0xCA, 0xD6, 0xC1, 0x5C, 0x46, 0xE6, 0x3A, 0xEA, 0x97, 0xEF, 0xCF, 0xD5, 0x90, 0xF2, 0x1B,
    0xDB, 0x7E, 0x3B, 0xF1, 0x2C, 0xE4, 0xEB, 0x58, 0xF7, 0xC3, 0x19, 0x2D, 0x7B, 0x0E, 0xCC, 0xCC,
    0x2C, 0xFA, 0x63, 0x39, 0xEC, 0x6E, 0x34, 0x13, 0x54, 0x41, 0x3D, 0xC9, 0x46, 0xE5, 0xA0, 0x03,
    0x7E, 0xC4, 0xCC, 0x91, 0x2D, 0x55, 0x0F, 0x12, 0x38, 0xE4, 0x6B, 0xAC, 0xDE, 0x8B, 0x4D, 0x16,
    0xDB, 0x62, 0xDC, 0xD7, 0xC3, 0xC7, 0x9F, 0x58, 0x47, 0x0B, 0xB3, 0x04, 0x86, 0xCB, 0x55, 0xF3,
    0x12, 0x78, 0x2E, 0x9B, 0x15, 0x93, 0xD4, 0x3E, 0x74, 0xC7, 0xBC, 0x57, 0x05, 0x4D, 0xB4, 0x8F,
    0xE2, 0x79, 0x11, 0xDE, 0xB9, 0x5B, 0x1E, 0xDB, 0x3C, 0x1E, 0xF3, 0xE9, 0x80, 0xBB, 0x85, 0x2A,
    0x75, 0x5F, 0x85, 0x3C, 0x7A, 0x0E, 0xDB, 0x70, 0x19, 0x8A, 0x50, 0x86, 0x6A, 0xA8, 0xFB, 0xC6,
    0x46, 0xA7, 0xFD, 0xCE, 0x45, 0xBC, 0x0A, 0x17, 0xA0, 0xEA, 0x35, 0xBD, 0x8E, 0x99, 0x11, 0xAF,
    0x0A, 0x97, 0x41, 0x11, 0x94, 0x41, 0x35, 0x24, 0x4C, 0xC3, 0x86, 0x4E, 0x4A, 0x5D, 0x44, 0x57,
    0xC1, 0x05, 0xBE, 0xC1, 0x51, 0xB6, 0x2A, 0x3F, 0x57, 0x97, 0x43, 0x5B, 0xF4, 0x77, 0xCA, 0xEB,
    0x22, 0x6C, 0xAB, 0xB0, 0xA9, 0x06, 0xDC, 0x29, 0xF4, 0x20, 0xA3, 0xFE, 0xA0, 0x57, 0x5C, 0x93,
    0xCF, 0xD4, 0x7B, 0xBE, 0xB9, 0x41, 0xCD, 0xF6, 0xCF, 0xB2, 0x75, 0xED, 0x8B, 0x69, 0x3B, 0xD4,
    0xE9, 0xD5, 0x24, 0x65, 0x93, 0xA6, 0x53, 0x7B, 0x35, 0x4F, 0xD2, 0xEC, 0xED, 0xB2, 0x59, 0xBD,
    0x8E, 0xF2, 0x1B, 0x34, 0x39, 0x97, 0xB7, 0x3F, 0xC6, 0x1F, 0x7F, 0x69, 0xBB, 0x3F, 0x75, 0xF5,
    0xD9, 0xAA, 0xFC, 0x55, 0xDD, 0x57, 0x87, 0x5A, 0x1D, 0x93, 0x16, 0x92, 0x36, 0x74, 0x1A, 0xAD,
    0x8D, 0xBD, 0xCE, 0x41, 0xEB, 0x5F, 0xE3, 0xDE, 0x3A, 0x1C, 0x7C, 0x02, 0xDE, 0xA4, 0x63, 0x4B,
    0x15, 0x64, 0xE3, 0x2D, 0x36, 0xE5, 0xEB, 0x52, 0x87, 0xE3, 0x56, 0xD7, 0x79, 0x9A, 0xC2, 0x83,
    0x6E, 0xB6, 0x9F, 0x1D, 0x96, 0x2C, 0x1E, 0xCB, 0x71, 0xB7, 0xF6, 0xD5, 0x02, 0xBC, 0x4D, 0xC7,
    0x22, 0x1F, 0x15, 0xFD, 0x1D, 0xF3, 0x47, 0xB7, 0xFF, 0x6D, 0x5A, 0xED, 0x99, 0x17, 0x0F, 0xEF,
    0x92, 0xBF, 0x76, 0x2A, 0x9D, 0xC3, 0x6D, 0x2E, 0xF5, 0x12, 0x20, 0x09, 0x12, 0x21, 0x19, 0x12,
    0x22, 0x29, 0x12, 0x23, 0x39, 0x12, 0x24, 0x49, 0x12, 0xF5, 0xFA, 0xA9, 0x74, 0x3F, 0x6B, 0xCF,
    0x27, 0x9C, 0xC3, 0xE5, 0x7A, 0x4A, 0x6F, 0x70, 0x7B, 0x7F, 0x0F, 0x3C, 0xB8, 0x7E, 0xCB, 0x36,
    0xC9, 0xA7, 0x72, 0xCA, 0x63, 0x35, 0x16, 0xE3, 0x6E, 0x2A, 0xC3, 0x17, 0x63, 0xF5, 0xCB, 0xF7,
    0xC7, 0xFA, 0x27, 0x65, 0xA8, 0xE7, 0x6A, 0xA8, 0x43, 0xA3, 0x0E, 0x17, 0x7E, 0xBE, 0xCE, 0x7E,
    0x73, 0x35, 0x00, 0xF0, 0x16, 0x9E, 0xA2, 0xE9, 0x29, 0x03, 0xD9, 0x08, 0x60, 0x1B, 0xD2, 0x59,
    0x14, 0xEA, 0xBE, 0x08, 0xB5, 0x32, 0xF5, 0xD5, 0xB0, 0x51, 0xBB, 0xFD, 0x06, 0x9C, 0x74, 0xD9,
    0xA2, 0x2B, 0x0F, 0x3F, 0xEC, 0xCE, 0x7E, 0x36, 0xEE, 0x96, 0xCB, 0xA1, 0x19, 0x3B, 0xC0, 0x19,
    0x3A, 0x2C, 0xE4, 0x13, 0x45, 0x7F, 0x4F, 0xF3, 0x11, 0xF9, 0x4C, 0x79, 0xA2, 0xEE, 0x68, 0xCF,
    0x78, 0xF1, 0xC6, 0xFD, 0xCC, 0xC7, 0x15, 0x17, 0x4D, 0xEF, 0xFC, 0x0C, 0xEE, 0x67, 0x01, 0x91,
    0x62, 0xA2, 0x0A, 0x34, 0xF8, 0x2E, 0x00, 0x9F, 0xDA, 0x67, 0xAB, 0xA7, 0xEA, 0x84, 0x55, 0xE1,
    0x89, 0x22, 0xB4, 0x8A, 0xB1, 0x95, 0x8F, 0xCF, 0xE5, 0x53, 0x94, 0xFD, 0x75, 0x94, 0xFD, 0x2D,
    0xF0, 0xF7, 0x9E, 0x7F, 0x90, 0x9D, 0xC8, 0x22, 0x45, 0xA0, 0xEC, 0x3D, 0x7A, 0xCC, 0x2E, 0xA6,
    0xE9, 0xF1, 0x2C, 0x70, 0x15, 0x28, 0x03, 0xD5, 0x40, 0xDD, 0x53, 0xE3, 0xAC, 0x9A, 0xBC, 0xBD,
    0x9B, 0x3D, 0x99, 0x16, 0xBB, 0xE1, 0x68, 0xE7, 0xE0, 0x22, 0xCD, 0xD1, 0x6C, 0x16, 0xC5, 0x7C,
    0xCA, 0xA6, 0x32, 0xE4, 0xB1, 0xE9, 0x8B, 0xF5, 0x5A, 0xF1, 0x97, 0xE9, 0x15, 0x3F, 0x50, 0xBD,
    0x22, 0x6C, 0x5F, 0x72, 0x75, 0x42, 0x3A, 0x7A, 0x15, 0xC9, 0x29, 0x42, 0xFC, 0x2A, 0x3E, 0xC3,
    0x7F, 0x01, 0xBD, 0xD4, 0x01, 0xA4, 0x1C, 0xF9, 0x1D, 0x07, 0xF0, 0xCF, 0xCC, 0x5C, 0x32, 0xD7,
    0x6C, 0x93, 0x39, 0x40, 0x89, 0xDC, 0x14, 0x40, 0xBD, 0xBC, 0x3D, 0x04, 0x87, 0xDD, 0xDD, 0x51,
    0x28, 0x0E, 0x0A, 0x07, 0x8A, 0x02, 0x00, 0x5E, 0x70, 0x78, 0xD8, 0x64, 0xE7, 0x14, 0x50, 0x08,
    0x00, 0xD0, 0x00, 0x28, 0x78, 0x38, 0x6C, 0x79, 0xE9, 0xFE, 0xEB, 0x50, 0x14, 0x1D, 0x05, 0x50,
    0x0C, 0x42, 0xA9, 0xE2, 0xEF, 0x3A, 0xC7, 0xB6, 0xDD, 0xF7, 0xFE, 0xBD, 0xD1, 0xBC, 0xC8, 0x8A,
    0x6B, 0xEF, 0x69, 0x92, 0x3F, 0xFB, 0xC5, 0xDA, 0xE5, 0xF3, 0xFD, 0xFD, 0x67, 0x7E, 0xD4, 0x29,
    0x8C, 0xD1, 0x7A, 0xED, 0x9C, 0xA1, 0x88, 0x28, 0x07, 0xDC, 0xD9, 0xE0, 0x68, 0x85, 0x8F, 0xC7,
    0x88, 0x33, 0xB2, 0x6E, 0x4E, 0x11, 0x16, 0x4C, 0x9A, 0x29, 0x55, 0x4A, 0x2C, 0x7E, 0xBD, 0xE5,
    0x54, 0xD5, 0x88, 0xAA, 0x36, 0xEF, 0x55, 0xA1, 0x7C, 0xAE, 0x7E, 0xBE, 0xDC, 0x4B, 0x7B, 0xEB,
    0xC4, 0xFA, 0x12, 0x80, 0xE9, 0x2F, 0x9B, 0x3C, 0x25, 0x65, 0xF7, 0x5B, 0x95, 0xB9, 0x85, 0x99,
    0x99, 0x53, 0x1B, 0x1B, 0x43, 0x36, 0x18, 0x8A, 0x68, 0x98, 0xC4, 0x66, 0x77, 0xF4, 0xF7, 0xB0,
    0x8D, 0xC9, 0xB4, 0xDD, 0x00, 0xDC, 0xD6, 0x52, 0x97, 0x81, 0x2A, 0x21, 0x7F, 0xFE, 0xD6, 0xED,
    0xF0, 0x20, 0x67, 0x35, 0x61, 0xB9, 0xE7, 0xD6, 0x93, 0xFF, 0xB7, 0xC7, 0x21, 0xB2, 0xDA, 0xE0,
    0xFE, 0xF9, 0x01, 0xB2, 0x7F, 0x89, 0x6C, 0x47, 0xE4, 0x5F, 0xB7, 0x2C, 0x53, 0x62, 0x35, 0x22,
    0x87, 0x97, 0xC8, 0xFE, 0x15, 0x64, 0xD9, 0xE2, 0x0E, 0xDC, 0x87, 0x39, 0x4C, 0x23, 0x26, 0xDD,
    0x35, 0x99, 0xCD, 0xB4, 0x7D, 0x86, 0x53, 0x44, 0xB2, 0x8E, 0x3C, 0x90, 0xFF, 0x13, 0x17, 0x00,
    0x67, 0x94, 0x91, 0x69, 0xF7, 0xCA, 0x77, 0xDC, 0x4C, 0x4F, 0xAC, 0xD3, 0x2E, 0xDF, 0x19, 0x26,
    0xC1, 0x59, 0xDD, 0x38, 0x5B, 0x60, 0x86, 0x73, 0xEC, 0x5E, 0xF9, 0xEC, 0x71, 0x8E, 0xC7, 0xB4,
    0xCB, 0xB6, 0x0C, 0x55, 0xBA, 0x94, 0x6D, 0x7B, 0xE0, 0x33, 0xD9, 0xA0, 0xE8, 0x4D, 0x1A, 0xB7,
    0x01, 0x4E, 0x42, 0x9E, 0xBA, 0xAA, 0x69, 0x3F, 0x64, 0xC6, 0x8A, 0x0D, 0x03, 0x03, 0x3B, 0xCD,
    0x79, 0xD9, 0x2E, 0x2F, 0xD5, 0x3D, 0x6E, 0x61, 0xD9, 0xF2, 0xAF, 0x5E, 0xD1, 0x47, 0x93, 0xE6,
    0xA3, 0x37, 0xCB, 0x6B, 0x4C, 0x82, 0x3A, 0x5A, 0x45, 0xF1, 0xB4, 0x08, 0x0F, 0xAE, 0xC9, 0xBB,
    0x81, 0x25, 0x96, 0x98, 0x83, 0x37, 0xCA, 0x9B, 0xB4, 0xEA, 0xA0, 0x82, 0x6B, 0xC2, 0x50, 0x9A,
    0x29, 0x7F, 0x37, 0x28, 0xFE, 0x12, 0x48, 0x58, 0xBD, 0x59, 0x9C, 0xF7, 0xF4, 0x33, 0x31, 0x5A,
    0x77, 0x96, 0x8D, 0xEF, 0x5D, 0x9F, 0x88, 0xA7, 0x65, 0xC3, 0x6E, 0x8A, 0x47, 0x1B, 0x4C, 0x7B,
    0x63, 0x6B, 0xAF, 0x36, 0x4E, 0x4F, 0x65, 0x29, 0x5D, 0x52, 0x59, 0xB7, 0x6A, 0xE3, 0x1B, 0xA0,
    0x88, 0x16, 0xF2, 0x68, 0x3E, 0xC6, 0xEA, 0x65, 0x6C, 0x14, 0xD1, 0xA0, 0xE8, 0x44, 0x93, 0x90,
    0x45, 0x75, 0x93, 0x47, 0x8F, 0x15, 0x7D, 0xBE, 0x73, 0x37, 0xA5, 0x6E, 0x6C, 0x0D, 0x34, 0xC8,
    0xBB, 0x17, 0x71, 0xF2, 0x65, 0x60, 0xFB, 0x65, 0x4B, 0xF9, 0x7B, 0x4C, 0x3E, 0x47, 0xD5, 0x8C,
    0x81, 0xE9, 0xAF, 0xC8, 0x46, 0x40, 0xD9, 0x3D, 0xA3, 0x32, 0xE3, 0x78, 0x8C, 0x99, 0x15, 0xA7,
    0x36, 0x7C, 0x91, 0x8D, 0x05, 0x8B, 0xC8, 0xF8, 0xE2, 0xD9, 0x1D, 0x7D, 0x15, 0x6C, 0x63, 0x32,
    0xAE, 0x88, 0x6F, 0xA9, 0x70, 0xAC, 0x78, 0xA1, 0x9F, 0xC9, 0x63, 0x95, 0xF6, 0x79, 0xAC, 0xC7,
    0xB0, 0xFB, 0xAE, 0x15, 0x4E, 0x02, 0x3F, 0x0B, 0x4C, 0x82, 0x22, 0x0D, 0xB2, 0x9F, 0xFF, 0x94,
    0x6A, 0xD4, 0x8E, 0x58, 0x65, 0x78, 0x36, 0x52, 0xDD, 0x7F, 0xB9, 0x1D, 0x06, 0x43, 0x16, 0xBF,
    0x65, 0x89, 0xA5, 0xFD, 0x55, 0x1C, 0x9E, 0x94, 0x12, 0x27, 0x63, 0xD4, 0xEE, 0x8C, 0xF1, 0x7D,
    0x8E, 0x61, 0x0E, 0x33, 0x58, 0xA7, 0x96, 0xED, 0x18, 0x3B, 0x18, 0x20, 0x22, 0x8B, 0x1E, 0xCA,
    0xA3, 0xA8, 0xE8, 0xB3, 0xFE, 0x4A, 0x9E, 0x82, 0x2C, 0xED, 0xB3, 0xB1, 0x01, 0x38, 0x69, 0xF3,
    0x14, 0x27, 0x9F, 0xC7, 0x3A, 0x8B, 0xB3, 0xA2, 0x5B, 0x55, 0xED, 0x6F, 0x9E, 0x49, 0x9D, 0x1D,
    0xC3, 0xF8, 0xB0, 0x84, 0x75, 0x52, 0x3F, 0x07, 0x78, 0x7A, 0x03, 0xC3, 0x11, 0xB6, 0x03, 0xEE,
    0xB6, 0x6F, 0x9B, 0x0A, 0xDD, 0xFB, 0x59, 0x3C, 0x92, 0xA2, 0x1F, 0x35, 0xD7, 0x34, 0x97, 0x01,
    0x55, 0x18, 0xA3, 0x79, 0x17, 0x93, 0x3D, 0xD8, 0x17, 0xD7, 0xB3, 0xBE, 0xA6, 0xB9, 0xCD, 0xD4,
    0xFB, 0x2C, 0x60, 0x0E, 0x2B, 0x5E, 0x68, 0xD2, 0x01, 0x29, 0x8B, 0x3E, 0x18, 0x35, 0x67, 0xA3,
    0x26, 0xBE, 0xAA, 0x51, 0xB5, 0x98, 0xC3, 0x29, 0x6C, 0x60, 0x1D, 0x30, 0x6D, 0xBF, 0x8B, 0xAC,
    0xA9, 0x2F, 0xF8, 0x42, 0xD6, 0xCB, 0x83, 0x22, 0x28, 0x2E, 0x65, 0x7B, 0x40, 0xD6, 0x55, 0x64,
    0x71, 0x8E, 0x8B, 0x01, 0xCB, 0x80, 0xEA, 0xED, 0x4F, 0xF8, 0xF5, 0xA5, 0x77, 0xAD, 0x39, 0xBB,
    0x09, 0xD3, 0x80, 0x6D, 0x24, 0x8F, 0x03, 0x65, 0xFB, 0x00, 0x00, 0xF2, 0xF4, 0x9C, 0x69, 0x4A,
    0x5C, 0x38, 0x56, 0xF4, 0xEE, 0x99, 0x04, 0x47, 0x2A, 0x98, 0x72, 0x78, 0x27, 0x55, 0xB2, 0x72,
    0xEB, 0xC2, 0x9C, 0x8D, 0x05, 0x3B, 0xD3, 0xC6, 0xA0, 0xEA, 0xB2, 0xA8, 0x4C, 0x29, 0x72, 0xF2,
    0x0F, 0xC8, 0x9E, 0xA2, 0x18, 0x50, 0x9D, 0x63, 0x3E, 0xC3, 0x70, 0x0F, 0xCD, 0x7B, 0x70, 0x75,
    0xB7, 0x65, 0xBA, 0xA4, 0xFE, 0x71, 0xCF, 0x3C, 0x8B, 0xCC, 0xB2, 0x9E, 0x6F, 0xFA, 0xB0, 0xA8,
    0x5B, 0xEA, 0x0B, 0x94, 0x3D, 0x3E, 0x84, 0xA9, 0x31, 0xFA, 0x91, 0x3C, 0xFE, 0xAB, 0x9D, 0x06,
    0x0B, 0x65, 0x67, 0xAE, 0x18, 0x87, 0x53, 0x07, 0x55, 0x4A, 0x2F, 0x0A, 0x01, 0x59, 0xFB, 0x3E,
    0x45, 0xF7, 0x19, 0x79, 0x8A, 0xD8, 0x36, 0xE0, 0xED, 0xD7, 0x07, 0x1F, 0xE5, 0x58, 0xD5, 0x58,
    0xEE, 0x31, 0x79, 0x02, 0xDE, 0x51, 0xFD, 0x1B, 0x18, 0x71, 0x2C, 0x61, 0xE1, 0x1D, 0x35, 0xCF,
    0xBB, 0x2B, 0x74, 0x19, 0xC0, 0x3B, 0x2C, 0xFD, 0xF6, 0xEE, 0xB2, 0x6A, 0xC6, 0x68, 0xC7, 0x68,
    0xAE, 0x68, 0x1F, 0x03, 0x0F, 0x91, 0x75, 0x28, 0x02, 0x26, 0xCD, 0xC1, 0xAF, 0x27, 0xED, 0xBB,
    0x69, 0xCE, 0x0F, 0xC0, 0x16, 0xF2, 0x14, 0x30, 0xF9, 0x45, 0x87, 0x63, 0x9D, 0x83, 0x93, 0x76,
    0x45, 0xEA, 0x9C, 0x74, 0xD9, 0x65, 0xA3, 0xE6, 0xDC, 0x98, 0x3B, 0x8E, 0x19, 0x58, 0x10, 0x99,
    0x1B, 0x79, 0xEB, 0x94, 0xE2, 0xE8, 0x4E, 0x3D, 0x1B, 0x23, 0x73, 0x50, 0x06, 0xA2, 0x49, 0x90,
    0xC5, 0xB1, 0x5B, 0x1E, 0xC7, 0xAE, 0x45, 0x3F, 0xE6, 0xDD, 0x9D, 0xF5, 0x13, 0xEB, 0x8B, 0x3C,
    0x45, 0x6E, 0x62, 0x1A, 0xD8, 0x46, 0x79, 0x1C, 0x0E, 0x56, 0xCE, 0xCD, 0x3D, 0xB7, 0xF6, 0x58,
    0x61, 0x83, 0x01, 0x91, 0xAC, 0x5F, 0xCB, 0xFF, 0x94, 0xDA, 0xE2, 0x0F, 0x9F, 0x84, 0xE2, 0xCF,
    0x93, 0xB6, 0x1C, 0xAA, 0xA6, 0xEC, 0x2B, 0x93, 0x50, 0xAB, 0xDA, 0x63, 0x95, 0xB9, 0xDA, 0xEC,
    0x83, 0x63, 0xB3, 0xB3, 0xB9, 0x75, 0x98, 0x59, 0x5C, 0xB5, 0xD9, 0x76, 0xF9, 0x65, 0xA3, 0x7A,
    0xD1, 0x66, 0xC4, 0xA6, 0x6F, 0x4E, 0xC8, 0x1E, 0x7F, 0xFA, 0xE9, 0xD7, 0xCD, 0x41, 0x9B, 0xF5,
    0xFF, 0x6A, 0xD3, 0x7A, 0xBD, 0xCD, 0x28, 0xBE, 0x71, 0x8E, 0x0D, 0x75, 0xEA, 0xDD, 0xF8, 0xBA,
    0x39, 0x14, 0xFF, 0xF1, 0x93, 0xB6, 0xF8, 0xDB, 0x7F, 0xC4, 0x93, 0xBE, 0x52, 0xFD, 0x37, 0x71,
    0xFD, 0x93, 0x51, 0xC1, 0xC3, 0xBD, 0x83, 0x93, 0xF6, 0x9C, 0x74, 0x54, 0xA8, 0x71, 0x8C, 0x05,
    0xE6, 0x58, 0xE1, 0xDC, 0xE1, 0xB4, 0xA2, 0xD1, 0x3B, 0x6A, 0x47, 0xAB, 0xF5, 0x05, 0x65, 0x17,
    0xAA, 0xAF, 0xC2, 0xD1, 0xBA, 0x7D, 0xEF, 0x1E, 0x60, 0x1A, 0xAC, 0x83, 0x22, 0x28, 0xC3, 0x58,
    0xB0, 0x6A, 0xD4, 0x1C, 0x33, 0x67, 0xF6, 0x43, 0x8F, 0xA2, 0x6D, 0xF0, 0x88, 0x7F, 0x03, 0xC5,
    0xD7, 0x01, 0x84, 0x24, 0xD9, 0x1D, 0xC7, 0xF1, 0x4F, 0x55, 0x9D, 0x2B, 0xB6, 0x24, 0x6F, 0x45,
    0x40, 0x26, 0xB9, 0x3A, 0x1C, 0x42, 0xB2, 0xDD, 0x70, 0xD8, 0xD0, 0x35, 0x5D, 0x02, 0x01, 0x08,
    0x00, 0x11, 0x01, 0x00, 0x4C, 0xB0, 0x58, 0xD2, 0xB3, 0x5D, 0x0E, 0x82, 0x70, 0x0E, 0x08, 0x20,
    0x8B, 0x00, 0x60, 0x31, 0xE8, 0x93, 0xCE, 0x4E, 0x25, 0x87, 0xE0, 0xA0, 0x02, 0x00, 0x52, 0x38,
    0x20, 0xC8, 0x23, 0x15, 0x6A, 0xE9, 0x99, 0xCA, 0x4C, 0x19, 0xD9, 0x99, 0xBB, 0xDC, 0xC5, 0xDD,
    0xDE, 0x5D, 0x9E, 0xEE, 0x1F, 0xDD, 0x8D, 0xDF, 0xF7, 0xFF, 0xFB, 0xBF, 0x7E, 0xF5, 0x7F, 0xB6,
    0x13, 0xDB, 0x4B, 0x77, 0xD6, 0x74, 0xE0, 0xA4, 0x23, 0xA0, 0xC4, 0x02, 0xC7, 0xA8, 0xB0, 0xC1,
    0x1E, 0x3B, 0x0C, 0x88, 0x24, 0x91, 0x34, 0x92, 0xF5, 0x1C, 0x8D, 0x6C, 0x2F, 0x28, 0xA7, 0xB6,
    0x9C, 0x1A, 0x60, 0xD9, 0xDA, 0xB6, 0xB2, 0x56, 0xDE, 0x2A, 0x1A, 0xA1, 0x56, 0xB2, 0xA0, 0x62,
    0xF5, 0xA6, 0xD3, 0xE8, 0xBC, 0x75, 0x0A, 0x78, 0x3B, 0xAD, 0x6D, 0x0A, 0xD6, 0x07, 0xEE, 0xBD,
    0xF7, 0xA5, 0x22, 0xE1, 0x1B, 0x9A, 0x32, 0x6D, 0xC3, 0x24, 0xFD, 0xBD, 0xCF, 0xC7, 0x36, 0x1D,
    0xAE, 0xED, 0x83, 0x9B, 0x9F, 0x8F, 0xA9, 0xD8, 0xB0, 0x67, 0xC7, 0x40, 0x94, 0x44, 0x69, 0x94,
    0xF5, 0x57, 0x86, 0xB3, 0xDF, 0x99, 0xB4, 0x93, 0xB5, 0xF3, 0xEB, 0x52, 0x72, 0x60, 0x77, 0x25,
    0xD1, 0x8D, 0xEF, 0xB6, 0xCD, 0xDA, 0xBC, 0x2D, 0x9A, 0x50, 0x97, 0x16, 0xAA, 0x2B, 0xBB, 0xD3,
    0x78, 0xDE, 0xAE, 0xEB, 0x07, 0x1E, 0x7A, 0x26, 0x7A, 0x5E, 0xAF, 0x49, 0x7B, 0x79, 0x94, 0x75,
    0x80, 0x2F, 0x02, 0xF2, 0xA9, 0x56, 0xA7, 0x4C, 0x87, 0xE5, 0xC4, 0x49, 0x77, 0xF4, 0x82, 0x20,
    0xED, 0x29, 0x67, 0xB3, 0xC5, 0xAC, 0xC7, 0xF2, 0x96, 0x4A, 0xD1, 0xB2, 0x11, 0x1A, 0xF6, 0x42,
    0xCD, 0x4E, 0xC0, 0xA0, 0x44, 0xB4, 0x24, 0x89, 0x8E, 0x49, 0xA3, 0x8A, 0xAC, 0xB7, 0x9A, 0x33,
    0xDF, 0xCC, 0xA9, 0xEF, 0xC0, 0x00, 0x49, 0x44, 0x9E, 0xB7, 0x28, 0xA6, 0x1A, 0xE9, 0x47, 0xB0,
    0xBB, 0x8E, 0x65, 0x0E, 0x26, 0x02, 0x6E, 0x02, 0xBA, 0xE2, 0x9E, 0xC9, 0xAF, 0xD8, 0x67, 0xFA,
    0x6B, 0xFE, 0xA2, 0x2E, 0x85, 0x7A, 0x21, 0xA8, 0x94, 0x57, 0x75, 0x2C, 0x9C, 0xC6, 0xCA, 0x79,
    0xBB, 0x72, 0x6A, 0xF3, 0xB2, 0xFD, 0x69, 0x2F, 0xFB, 0x6D, 0x2B, 0x9B, 0x48, 0x47, 0x00, 0xC9,
    0x80, 0xFC, 0x02, 0xE5, 0x09, 0x36, 0x45, 0xCD, 0x4F, 0x93, 0x5B, 0xC1, 0x72, 0xD2, 0x23, 0xD4,
    0x08, 0x50, 0xC2, 0x02, 0x8E, 0xA1, 0x82, 0x0D, 0xEC, 0x61, 0x07, 0xC3, 0x8D, 0x48, 0x22, 0xD2,
    0x88, 0xAC, 0x47, 0xD6, 0x21, 0x6F, 0x11, 0x6A, 0xBE, 0xBF, 0xC4, 0xFA, 0x80, 0xA3, 0xF7, 0xC0,
    0xEB, 0x0D, 0xA1, 0xE3, 0x38, 0x32, 0x44, 0x59, 0xF7, 0x48, 0xE2, 0x3E, 0x48, 0x0F, 0x14, 0x07,
    0xAC, 0xB0, 0xF9, 0xE4, 0xBE, 0x4E, 0x7A, 0xD2, 0x8E, 0xAC, 0x9D, 0xDF, 0x8A, 0x66, 0xF6, 0x10,
    0xF0, 0x80, 0x37, 0x57, 0x6C, 0x23, 0xEB, 0x06, 0xD3, 0xB8, 0xBE, 0xDE, 0x2F, 0x65, 0x2F, 0x58,
    0x52, 0x1A, 0x59, 0x64, 0x3D, 0xC7, 0x65, 0x4D, 0xB5, 0xC1, 0x93, 0x88, 0xF3, 0x1E, 0xEF, 0x0F,
    0x18, 0xF6, 0x88, 0x6B, 0x92, 0x58, 0x36, 0xD2, 0x58, 0xF4, 0xB2, 0x3E, 0x1B, 0x1D, 0xBD, 0x30,
    0xD5, 0xDB, 0x4B, 0xCB, 0x06, 0x66, 0x12, 0x0C, 0x10, 0xCD, 0x40, 0xE4, 0x35, 0xC5, 0xE0, 0x3B,
    0xFF, 0xD9, 0x85, 0xBD, 0xAC, 0x93, 0xFD, 0x79, 0xCC, 0xFE, 0x76, 0x91, 0x8F, 0x0F, 0x8A, 0x6E,
    0x15, 0xEA, 0x5D, 0x28, 0xFA, 0x72, 0xAA, 0x97, 0xC3, 0xB5, 0xFB, 0x6A, 0x6D, 0x13, 0xBA, 0xC7,
    0xF9, 0xE5, 0x99, 0x0B, 0x88, 0x0C, 0x44, 0x69, 0x27, 0xAF, 0x9D, 0x34, 0x4F, 0x7E, 0xF6, 0xA7,
    0x29, 0xFF, 0x4D, 0x5D, 0xFC, 0x5C, 0x78, 0x24, 0x44, 0x65, 0xB4, 0xDC, 0x79, 0xB0, 0xB2, 0xAA,
    0x92, 0x55, 0x79, 0x6F, 0x53, 0x1C, 0xCE, 0xD2, 0x1E, 0x28, 0x71, 0x4E, 0x3E, 0xF2, 0xCD, 0xFA,
    0x55, 0xCE, 0x8D, 0xB7, 0xD3, 0xE8, 0x59, 0xD6, 0x8B, 0x47, 0xD3, 0xD4, 0x6D, 0xA7, 0xA9, 0x95,
    0xB2, 0xAC, 0xD3, 0x49, 0xF8, 0x08, 0x50, 0x44, 0xCB, 0xDB, 0x05, 0xDE, 0x3D, 0x40, 0x82, 0x5B,
    0x67, 0x08, 0x1B, 0x76, 0xBD, 0xA9, 0x75, 0xFA, 0x25, 0xE1, 0xC0, 0x3D, 0x84, 0x5B, 0x7D, 0x5F,
    0xE1, 0x3E, 0xCE, 0xA5, 0xD3, 0x5D, 0xFB, 0x1B, 0x02, 0xEE, 0x36, 0xE5, 0x06, 0xF8, 0x5D, 0xE1,
    0x20, 0xEF, 0x30, 0x93, 0x37, 0x02, 0x6F, 0xF0, 0x08, 0x3C, 0xC4, 0xCA, 0x74, 0x78, 0xEC, 0xA4,
    0x7B, 0x26, 0xE8, 0x95, 0x9A, 0x2F, 0x86, 0x7C, 0x9F, 0xC7, 0x9C, 0x15, 0x31, 0x2E, 0x63, 0x9F,
    0xC4, 0x36, 0xED, 0x9B, 0x2F, 0x23, 0xB8, 0xB7, 0x54, 0x0E, 0x36, 0xC9, 0xC1, 0xDE, 0xD3, 0xFF,
    0x45, 0x51, 0x44, 0x3F, 0xF8, 0x78, 0x02, 0xB3, 0xF9, 0x3B, 0x7D, 0xF8, 0x49, 0x1F, 0xF2, 0xF6,
    0x8E, 0xF9, 0xFD, 0xD9, 0xBC, 0xF9, 0xEC, 0xAE, 0xED, 0xD8, 0xF6, 0x92, 0x0B, 0xCA, 0x91, 0xEA,
    0x33, 0xCC, 0xFF, 0x7B, 0x67, 0x4E, 0x5B, 0xE7, 0x8D, 0x51, 0x1E, 0xAD, 0xA3, 0x6F, 0x7D, 0x4A,
    0x67, 0x12, 0x50, 0x80, 0x2D, 0x64, 0x17, 0x50, 0xBC, 0xE7, 0xEE, 0x9A, 0xE4, 0x53, 0xE3, 0xA4,
    0x99, 0x79, 0x5A, 0x67, 0x2C, 0x3B, 0x91, 0x65, 0x14, 0x59, 0x0D, 0x49, 0xCF, 0x6A, 0x9F, 0xF6,
    0x3C, 0xAE, 0xD2, 0x8E, 0xB3, 0x75, 0xD6, 0x12, 0xCB, 0x59, 0xC3, 0xAF, 0x1B, 0x62, 0xFE, 0x61,
    0x2D, 0xE9, 0xB3, 0x7F, 0xD4, 0xD2, 0x2E, 0x99, 0xC8, 0x5A, 0x13, 0xC5, 0x47, 0x9E, 0xB3, 0x3D,
    0xA8, 0xC0, 0xB7, 0x01, 0x1E, 0x60, 0x83, 0x81, 0xAC, 0x23, 0xAB, 0x01, 0x9C, 0x34, 0xCF, 0x9D,
    0x7F, 0x30, 0xC9, 0xDF, 0x0D, 0x75, 0xB1, 0x0B, 0x42, 0x2C, 0x85, 0x76, 0x21, 0x34, 0xF3, 0xB9,
    0x6D, 0x61, 0xA3, 0xB2, 0xB3, 0xF2, 0xAF, 0x6E, 0x63, 0x6A, 0x76, 0xFE, 0xF8, 0x35, 0xF3, 0x3F,
    0x05, 0xC3, 0xDD, 0xC7, 0x13, 0x59, 0x0B, 0xC9, 0x17, 0xAE, 0x01, 0x76, 0xB7, 0xFE, 0x15, 0x91,
    0xAC, 0x01, 0x37, 0xE3, 0x4D, 0x8B, 0x55, 0xA8, 0xB1, 0x3C, 0x85, 0x30, 0x40, 0xD6, 0xFD, 0x3F,
    0x7B, 0x99, 0xF0, 0x30, 0xB0, 0x5A, 0xF1, 0x46, 0x24, 0x74, 0xA4, 0xAF, 0xD8, 0x4B, 0x28, 0x5A,
    0x14, 0x1D, 0xF2, 0x59, 0xE6, 0x8F, 0x35, 0x02, 0xFC, 0xB0, 0x88, 0x65, 0xF3, 0x56, 0x19, 0xA7,
    0x8E, 0x7F, 0x7E, 0xD0, 0x4B, 0xFE, 0x9E, 0x75, 0xD2, 0x43, 0xD6, 0xCA, 0x86, 0xFC, 0x4A, 0x62,
    0xD1, 0xC8, 0xBA, 0x50, 0xCB, 0xDB, 0x40, 0xD1, 0x94, 0xAF, 0x09, 0xF5, 0xE2, 0xA1, 0x60, 0x19,
    0x95, 0xCA, 0xFA, 0xF3, 0x67, 0xB4, 0x9C, 0xD3, 0x09, 0xB3, 0x16, 0x9F, 0x9D, 0xD1, 0x93, 0x39,
    0xA3, 0x15, 0xDC, 0xE8, 0x23, 0xF8, 0x6B, 0x44, 0x32, 0xB5, 0xF0, 0xFE, 0xC7, 0xB3, 0x79, 0xFC,
    0x69, 0xD9, 0xEC, 0xAD, 0x0C, 0x36, 0xA2, 0x5D, 0x12, 0x49, 0xFB, 0xD9, 0x48, 0xDE, 0xB8, 0xF7,
    0x0B, 0xC2, 0x05, 0x45, 0x8F, 0x7C, 0x8A, 0xD7, 0xD2, 0xFB, 0xF8, 0x7A, 0x7D, 0x6A, 0xD8, 0x4E,
    0x83, 0x64, 0x74, 0x21, 0xEF, 0xAC, 0x85, 0xDA, 0xD2, 0x9A, 0xB2, 0xAE, 0x08, 0xF5, 0xFE, 0x5A,
    0x46, 0xCA, 0x6B, 0x59, 0x1A, 0x39, 0x36, 0x72, 0x6A, 0xCF, 0xE8, 0x54, 0x16, 0xAD, 0xEB, 0xB2,
    0x15, 0xA6, 0x4B, 0x92, 0xA9, 0xE3, 0x13, 0x83, 0xFF, 0x49, 0x2F, 0x9D, 0x46, 0xA1, 0xDD, 0x5B,
    0xAA, 0x54, 0x8E, 0x6F, 0xFA, 0x5A, 0xCD, 0xEC, 0x83, 0x9D, 0x31, 0x89, 0xF6, 0xD7, 0xF6, 0x53,
    0xAD, 0x18, 0x01, 0xD2, 0xFA, 0x3E, 0x79, 0xFB, 0x8C, 0x6C, 0xEA, 0xF0, 0xDC, 0xD7, 0x53, 0x00,
    0xBC, 0x9D, 0x7A, 0x79, 0x5D, 0x78, 0xFA, 0x8A, 0xC5, 0xBC, 0xA6, 0x66, 0x91, 0x76, 0x5C, 0x86,
    0x4E, 0x36, 0x6E, 0x6B, 0xA1, 0x19, 0xE6, 0xEF, 0xBF, 0xEA, 0x3A, 0xB2, 0x1F, 0xB7, 0x8A, 0xBF,
    0x74, 0xCA, 0xD0, 0xA8, 0x16, 0x3C, 0x7B, 0xF8, 0x0A, 0xB5, 0xCC, 0xA0, 0xD3, 0x74, 0xB0, 0xBD,
    0xD2, 0x31, 0xB9, 0xB0, 0xF1, 0x28, 0xEF, 0xED, 0xFC, 0x32, 0xD4, 0x06, 0xD6, 0x0C, 0x54, 0x92,
    0xC8, 0x5E, 0x3A, 0x5D, 0x1A, 0xAF, 0xF4, 0xC2, 0x28, 0xEB, 0x5C, 0x6B, 0xCB, 0x28, 0x6F, 0xD9,
    0x2B, 0xDA, 0xA4, 0x79, 0x22, 0x34, 0x59, 0xB3, 0x9E, 0xC7, 0xEF, 0x30, 0x5D, 0x2D, 0xC9, 0xAC,
    0xF3, 0x60, 0x79, 0x85, 0x36, 0x0D, 0xA1, 0x3D, 0xEF, 0x76, 0x4B, 0xEB, 0xFA, 0xAC, 0xB2, 0x16,
    0x37, 0xAA, 0xBC, 0xDD, 0xA9, 0x9E, 0x18, 0x6C, 0x7B, 0xC3, 0x5C, 0x7C, 0x72, 0x70, 0x7F, 0x9F,
    0x5F, 0x24, 0xFD, 0x7A, 0x3A, 0x9F, 0x9A, 0x62, 0x9C, 0x39, 0x81, 0xA7, 0xC8, 0x23, 0xD6, 0x1D,
    0x5E, 0xE0, 0x56, 0xF5, 0x53, 0x7D, 0x6D, 0x17, 0x29, 0x93, 0x91, 0xD2, 0x9E, 0x85, 0x8D, 0x39,
    0x01, 0xAB, 0x24, 0xB2, 0x39, 0xEA, 0x6E, 0xB6, 0xF2, 0xF3, 0x97, 0x13, 0x6C, 0x45, 0x12, 0x97,
    0xA4, 0x7D, 0x68, 0x65, 0x7D, 0xDE, 0x3B, 0x7A, 0x91, 0x1C, 0x6C, 0x2F, 0xAD, 0x81, 0x28, 0x8D,
    0xF2, 0x56, 0xE0, 0xBB, 0x80, 0xE5, 0x3B, 0x71, 0xFA, 0x30, 0x66, 0xBF, 0x8B, 0xF9, 0x5E, 0xF1,
    0x4C, 0xE8, 0x84, 0x56, 0x59, 0x5B, 0xDE, 0x7A, 0x64, 0x3F, 0xFE, 0x2A, 0x99, 0x64, 0xDD, 0xDD,
    0xFB, 0x43, 0x83, 0xEF, 0x21, 0x1D, 0x97, 0xC2, 0xE1, 0x9C, 0x1F, 0x4D, 0xFC, 0xAA, 0xE5, 0x0F,
    0xB8, 0xC0, 0x81, 0x64, 0x20, 0x8D, 0x64, 0xB7, 0xEE, 0x04, 0x79, 0xE3, 0xE5, 0x9C, 0x58, 0x7F,
    0x72, 0x4E, 0xFC, 0x37, 0xBD, 0xD6, 0x01, 0xA4, 0x1D, 0xD9, 0x1D, 0xC7, 0xF1, 0xCF, 0x99, 0xB3,
    0x32, 0xDD, 0x8E, 0xEE, 0x2C, 0x8A, 0x25, 0xB2, 0x13, 0x14, 0x41, 0xF6, 0x0D, 0x14, 0xC1, 0xBD,
    0xEF, 0x8E, 0x16, 0x00, 0x5D, 0x00, 0x8A, 0x16, 0xA0, 0x60, 0x8B, 0xE0, 0xAD, 0xBE, 0xE4, 0xCE,
    0x26, 0x00, 0x10, 0x00, 0xA0, 0x0B, 0x00, 0x78, 0x78, 0xF4, 0xB1, 0x6F, 0xF3, 0x4E, 0x13, 0x14,
    0xC1, 0x0E, 0x00, 0xD0, 0x59, 0x1B, 0x8A, 0x6A, 0x9D, 0x6D, 0x07, 0x37, 0x75, 0xDF, 0x9D, 0xEE,
    0x53, 0x82, 0x10, 0xDB, 0x27, 0x6F, 0x73, 0xF8, 0xC3, 0x60, 0x7E, 0xDF, 0xDF, 0xF7, 0x1C, 0xFC,
    0x81, 0xD2, 0x01, 0xD5, 0x67, 0x99, 0xF8, 0xF7, 0x44, 0x98, 0xE1, 0x10, 0x00, 0x7C, 0x32, 0x77,
    0xC2, 0x3C, 0x67, 0x9A, 0xB0, 0xA1, 0x71, 0xCA, 0x9E, 0x43, 0x96, 0x4E, 0x58, 0x84, 0xCC, 0xE1,
    0xF5, 0x81, 0xF5, 0x0E, 0x8F, 0x27, 0x4C, 0xA7, 0xC8, 0x4B, 0x42, 0x6E, 0x29, 0xC6, 0x3A, 0x89,
    0x63, 0x39, 0xBA, 0xFE, 0x22, 0x6C, 0xAD, 0x77, 0x56, 0xA4, 0xDB, 0x61, 0x9C, 0xFC, 0x6B, 0xB0,
    0xEE, 0xED, 0x03, 0xDA, 0x07, 0x79, 0x7E, 0x96, 0xE3, 0x1F, 0x73, 0x79, 0xAA, 0x3A, 0x52, 0x0F,
    0xEA, 0xA4, 0xE9, 0xB4, 0x2C, 0x59, 0xB0, 0xE0, 0x00, 0xA0, 0xEC, 0x68, 0x3B, 0x61, 0x47, 0x39,
    0x02, 0xD0, 0xBE, 0xB8, 0x60, 0xED, 0xE3, 0x58, 0x77, 0x55, 0xAA, 0x54, 0xE9, 0x3D, 0x55, 0xA2,
    0xCC, 0x84, 0x1D, 0xD6, 0x03, 0xD5, 0x84, 0xAD, 0x9B, 0xEE, 0xB9, 0x7B, 0x51, 0xC2, 0xA1, 0xD3,
    0xB0, 0xB1, 0x9E, 0x47, 0xD5, 0xAE, 0x03, 0xEE, 0x32, 0x89, 0xA3, 0xAA, 0xF7, 0x93, 0x97, 0x22,
    0x52, 0x31, 0x8F, 0x65, 0xFF, 0xA8, 0xEE, 0x54, 0x49, 0x9C, 0xD8, 0xD1, 0x76, 0xEA, 0x74, 0xB3,
    0xEC, 0x37, 0x55, 0x77, 0xB6, 0xD3, 0x8C, 0xF8, 0x2D, 0x61, 0x4B, 0x39, 0xD3, 0x56, 0xBD, 0x83,
    0xA2, 0xBB, 0x5A, 0xBC, 0x4E, 0x35, 0x68, 0xB2, 0xC5, 0x24, 0x1F, 0x14, 0xE9, 0x67, 0x97, 0xC1,
    0xBB, 0x3A, 0x43, 0x1B, 0xC2, 0x39, 0x16, 0x38, 0xA6, 0xEC, 0x2F, 0x61, 0x48, 0x39, 0xA8, 0xB2,
    0x30, 0x8A, 0xC9, 0x1E, 0xE0, 0x4E, 0x31, 0x58, 0xD6, 0xBD, 0xF6, 0x3E, 0xF5, 0x44, 0x1C, 0x5C,
    0xAD, 0xB7, 0x77, 0xE4, 0xA5, 0x69, 0x72, 0x7F, 0xD0, 0x76, 0xDE, 0x75, 0x29, 0x6F, 0xEB, 0x79,
    0xDE, 0x9C, 0xCD, 0xF3, 0x94, 0xEB, 0xEE, 0x28, 0x37, 0x8E, 0x3E, 0x6F, 0x3C, 0xB2, 0x87, 0x25,
    0x96, 0x38, 0xC4, 0x29, 0x36, 0x98, 0x90, 0x09, 0x99, 0x22, 0x73, 0xFD, 0x05, 0xEB, 0x19, 0x28,
    0x7B, 0xEA, 0x91, 0x62, 0x20, 0x26, 0x1A, 0xFC, 0x14, 0xDE, 0xE1, 0x80, 0x63, 0xB2, 0x66, 0x1E,
    0x57, 0xF3, 0x50, 0x8C, 0xE2, 0x20, 0x26, 0x65, 0x52, 0xF5, 0xAA, 0x4E, 0xDD, 0xA9, 0x8B, 0xD4,
    0xFC, 0xA6, 0xAF, 0x77, 0xCA, 0x11, 0xAA, 0xA4, 0x1E, 0x14, 0x49, 0xD9, 0x59, 0x02, 0x7E, 0x5E,
    0x24, 0x8B, 0x0B, 0x8F, 0xF7, 0x5E, 0xF5, 0x78, 0x45, 0x25, 0xEE, 0x70, 0x40, 0x76, 0x6B, 0x70,
    0xDC, 0xFF, 0xFF, 0xB8, 0xAF, 0x86, 0x7F, 0xDC, 0x7A, 0x64, 0x1F, 0x4B, 0xAA, 0x79, 0x54, 0xCF,
    0xE3, 0xF7, 0x87, 0xBF, 0xDE, 0xD2, 0xD9, 0x9C, 0xCE, 0xE6, 0xBE, 0xEA, 0x5D, 0xC4, 0x86, 0xBE,
    0xFE, 0xF5, 0x45, 0x6C, 0xF5, 0x9C, 0xF0, 0xF9, 0x4D, 0xE2, 0xE6, 0x88, 0xAA, 0x1D, 0xB9, 0x56,
    0xF5, 0x5E, 0x39, 0xEB, 0x6D, 0x98, 0x73, 0x3B, 0x3A, 0xEB, 0xAA, 0x64, 0xA9, 0xEE, 0x2D, 0xD4,
    0x9D, 0x85, 0x86, 0x03, 0x0D, 0xC7, 0xF6, 0x98, 0x2C, 0xC9, 0x16, 0x64, 0x87, 0xC2, 0xE8, 0x50,
    0x1C, 0x9C, 0x8A, 0xC9, 0x3D, 0x75, 0x67, 0xD5, 0xDD, 0xA7, 0x99, 0x37, 0x14, 0x73, 0x8F, 0xFA,
    0x97, 0xAC, 0x9E, 0x71, 0x77, 0xE6, 0xE6, 0x01, 0x80, 0x36, 0x55, 0xFD, 0x59, 0xAA, 0xBB, 0x98,
    0x6A, 0x65, 0x6A, 0x54, 0xFD, 0x9E, 0xDA, 0x52, 0x63, 0x61, 0xCF, 0xD6, 0x32, 0x6C, 0x2C, 0xCB,
    0x93, 0x8F, 0x97, 0x1F, 0x7E, 0x3A, 0xAC, 0x36, 0xEB, 0xBE, 0x19, 0x96, 0x94, 0x73, 0xA6, 0x9C,
    0xC7, 0xB7, 0x43, 0xBE, 0x9A, 0x2F, 0xE6, 0xCD, 0x88, 0x41, 0xE1, 0x7D, 0xCA, 0x74, 0x44, 0x9C,
    0x07, 0xC2, 0xCE, 0xDB, 0x29, 0x00, 0xB7, 0x42, 0x67, 0x59, 0xD1, 0x9E, 0x73, 0x6D, 0x7C, 0xC3,
    0x32, 0xFB, 0x30, 0xF7, 0x14, 0x4F, 0x12, 0xF1, 0xCF, 0x89, 0xF8, 0x34, 0x11, 0xE6, 0x0E, 0xBF,
    0xFB, 0x41, 0xCB, 0x14, 0x13, 0xF5, 0x96, 0x1B, 0x37, 0xB8, 0x7D, 0x83, 0x8F, 0x6E, 0x53, 0x6F,
    0xB8, 0xF6, 0xE8, 0x0D, 0x0A, 0xFD, 0x48, 0xCF, 0x7E, 0x39, 0x08, 0xE7, 0x6D, 0x52, 0x8D, 0x3B,
    0xDE, 0x0B, 0xE3, 0x5B, 0xB9, 0x98, 0xF8, 0x59, 0x52, 0x3D, 0x1D, 0x34, 0xBF, 0xEA, 0x2D, 0x5B,
    0xEE, 0xDE, 0x79, 0xA3, 0xCB, 0x79, 0x09, 0xDA, 0xBF, 0x06, 0xF4, 0xE4, 0xFB, 0x41, 0x93, 0x55,
    0xB7, 0xA6, 0x99, 0xCF, 0x29, 0xE6, 0x09, 0x4D, 0x8F, 0x25, 0x9C, 0xC0, 0x31, 0xAC, 0x13, 0xDA,
    0xFE, 0xD2, 0x98, 0xA9, 0x19, 0x56, 0x58, 0xE0, 0x18, 0x19, 0x19, 0xFF, 0xE9, 0xB8, 0x0F, 0x1F,
    0x00, 0x67, 0x78, 0xE9, 0xA9, 0x7A, 0x38, 0xC0, 0x9E, 0xC1, 0x2B, 0xE7, 0x6C, 0x1B, 0xC6, 0x72,
    0x4E, 0xED, 0x10, 0x73, 0x78, 0xAC, 0xEE, 0x63, 0xB6, 0x51, 0xF7, 0x55, 0x0E, 0x59, 0xDD, 0xD7,
    0x39, 0x8E, 0xEA, 0x7E, 0x2F, 0xC7, 0xA4, 0xEA, 0x17, 0xB9, 0xEA, 0x55, 0xE9, 0x78, 0xAA, 0xA9,
    0x52, 0x9E, 0xF6, 0x28, 0x9F, 0x0C, 0xD3, 0x82, 0xF2, 0x69, 0x3A, 0x39, 0xA0, 0x7C, 0xD6, 0x9D,
    0x64, 0xE2, 0x57, 0x3E, 0x1D, 0x89, 0xFF, 0xB0, 0x4E, 0xC4, 0xAD, 0x75, 0x4F, 0x9C, 0xAC, 0x10,
    0x47, 0xFB, 0xA0, 0xEA, 0xD0, 0x26, 0x7C, 0x31, 0x10, 0xBE, 0x1E, 0x29, 0x53, 0x26, 0x00, 0xB4,
    0xDD, 0x22, 0xE4, 0xB3, 0xB4, 0x6F, 0x53, 0x0E, 0xAD, 0x4D, 0x1C, 0x1A, 0x53, 0x31, 0xB6, 0x5D,
    0x0E, 0x79, 0xD5, 0x65, 0x79, 0xFD, 0x60, 0x90, 0xFF, 0xF4, 0x30, 0xF9, 0xF6, 0x9B, 0xBF, 0x74,
    0xFE, 0xFD, 0xF4, 0x2B, 0xBE, 0x88, 0x5B, 0xBE, 0x8C, 0x99, 0xE3, 0x98, 0xE0, 0xA5, 0x8F, 0x33,
    0x14, 0x73, 0xA2, 0x7A, 0x32, 0xF2, 0xA1, 0x01, 0x00, 0xEB, 0xF3, 0x6A, 0xEE, 0xDB, 0xE7, 0xD7,
    0xCE, 0x55, 0x29, 0x64, 0x71, 0x88, 0xC9, 0xC5, 0x6A, 0x20, 0xE4, 0x3D, 0x4C, 0x87, 0x38, 0xCD,
    0x58, 0x0D, 0x58, 0xF5, 0x68, 0x61, 0x0F, 0x96, 0xB0, 0x80, 0x43, 0x14, 0xBB, 0x8E, 0x7A, 0x4E,
    0x50, 0x75, 0xB4, 0x89, 0x3F, 0x0C, 0xC2, 0xB7, 0x59, 0x4C, 0x47, 0x02, 0xE0, 0xB1, 0xC3, 0x30,
    0xDB, 0xBF, 0x30, 0xAB, 0x4A, 0x1F, 0x89, 0x69, 0x21, 0x0E, 0x0B, 0xC5, 0x70, 0x57, 0x31, 0x66,
    0xE1, 0xEB, 0x41, 0xF8, 0x26, 0xF1, 0xB7, 0x8E, 0x7F, 0x12, 0xB6, 0x84, 0x4C, 0x4C, 0x94, 0x9D,
    0xF7, 0x6F, 0xB3, 0xCA, 0xAC, 0x3A, 0x54, 0x0F, 0x46, 0x9A, 0x87, 0x99, 0x3A, 0x0E, 0xE0, 0x87,
    0xAF, 0x06, 0xC5, 0x48, 0x33, 0x72, 0xD6, 0x0B, 0xCF, 0x01, 0x98, 0xE7, 0x6D, 0xF8, 0x6E, 0x8A,
    0x21, 0x4C, 0x31, 0xC5, 0xA1, 0xE8, 0xEA, 0x9E, 0x15, 0x4E, 0x29, 0x32, 0xE5, 0x40, 0xD3, 0xB1,
    0x8F, 0x0D, 0x31, 0xFB, 0x7D, 0x95, 0xE4, 0x56, 0x18, 0x57, 0xF3, 0x3C, 0x7C, 0x37, 0x09, 0xAF,
    0xDD, 0x9A, 0xAB, 0xCD, 0x8D, 0x66, 0xFE, 0xF2, 0x76, 0x39, 0x7D, 0xF0, 0xBF, 0xEF, 0x2D, 0xA7,
    0x42, 0x56, 0x26, 0x75, 0x67, 0xE5, 0xCE, 0x3C, 0x6F, 0x8E, 0x3E, 0x19, 0x59, 0xE2, 0x31, 0x4E,
    0xE0, 0xEA, 0xF1, 0x2E, 0xF2, 0x2E, 0x22, 0xB9, 0x2C, 0x18, 0x7E, 0xEC, 0x58, 0xFD, 0x8B, 0x51,
    0xF9, 0xD7, 0x5E, 0xB1, 0xC3, 0xC9, 0x55, 0x03, 0xBE, 0xB2, 0x9E, 0xF6, 0xDE, 0xBD, 0x34, 0x66,
    0x3B, 0x60, 0xCE, 0xC4, 0xE1, 0x11, 0x65, 0x42, 0xD5, 0xA1, 0x86, 0x06, 0x9A, 0xD7, 0xBC, 0x14,
    0x27, 0x30, 0x41, 0x86, 0x8C, 0x90, 0x51, 0x8C, 0x88, 0x03, 0x62, 0xF2, 0xF2, 0x9F, 0xDC, 0xAA,
    0xB1, 0x3A, 0x47, 0x33, 0xE2, 0xBF, 0xCD, 0x57, 0x3D, 0x93, 0xDC, 0xD6, 0x95, 0xBD, 0x00, 0x54,
    0x84, 0x68, 0x98, 0x03, 0x06, 0x2A, 0x97, 0xCB, 0x63, 0x13, 0x0C, 0x1C, 0x28, 0x18, 0x4E, 0x3B,
    0x60, 0xC0, 0xAD, 0x02, 0xBA, 0x51, 0x54, 0xE0, 0xC0, 0x89, 0xFE, 0xC1, 0xEE, 0x2F, 0x50, 0x2B,
    0x60, 0x30, 0x2E, 0xF7, 0x0C, 0x20, 0xB3, 0x6A, 0x1D, 0xB8, 0xCA, 0x66, 0xA6, 0x50, 0x0C, 0x1C,
    0x6D, 0xE2, 0x09, 0x26, 0x68, 0x55, 0x35, 0xD9, 0xCF, 0x52, 0xC0, 0x40, 0x81, 0x21, 0x29, 0xD8,
    0x40, 0x5B, 0x65, 0x04, 0x53, 0xB5, 0x81, 0x03, 0x3F, 0x2D, 0xE1, 0x35, 0xB8, 0xDB, 0xD3, 0xD8,
    0x73, 0xEE, 0x03, 0x7A, 0x66, 0x48, 0xDA, 0x2B, 0x91, 0x1C, 0xD9, 0x20, 0xFB, 0xA1, 0xA7, 0x81,
    0xF7, 0xEE, 0xB9, 0xDF, 0xE7, 0x8A, 0x88, 0x5C, 0xC5, 0x47, 0x16, 0x5C, 0x56, 0x5C, 0x1A, 0xB9,
    0xD4, 0xDD, 0xAD, 0xA5, 0xE8, 0xBA, 0xD2, 0x6B, 0xE5, 0x44, 0xC2, 0x4A, 0x26, 0x12, 0xE7, 0x32,
    0xC2, 0x4D, 0x92, 0x3C, 0x13, 0xFC, 0xB1, 0xE0, 0xD2, 0xF2, 0x4F, 0x2C, 0x23, 0xC1, 0x32, 0xE6,
    0xB2, 0xCF, 0x63, 0x5A, 0xDC, 0x02, 0x2B, 0x93, 0x3C, 0x31, 0x12, 0x77, 0x6B, 0x11, 0xAF, 0xAB,
    0x78, 0xAE, 0x5F, 0xBB, 0x4F, 0x50, 0xC9, 0xF4, 0x8B, 0xD2, 0xC7, 0x93, 0xD8, 0x2C, 0xB0, 0x39,
    0xC3, 0xBF, 0xB1, 0xCC, 0xB0, 0xCE, 0xF1, 0x69, 0xF0, 0xAD, 0xC1, 0xB7, 0xD6, 0xB3, 0xB2, 0xA0,
    0xE8, 0x2E, 0x97, 0xA8, 0x15, 0xBD, 0xDE, 0xE0, 0x32, 0xDB, 0x2C, 0x4D, 0xB1, 0xC2, 0xD1, 0xA3,
    0x5A, 0x1E, 0x4A, 0x64, 0xB0, 0x35, 0x2E, 0x25, 0x25, 0xD0, 0x54, 0x12, 0x91, 0x3D, 0x2E, 0x47,
    0xB2, 0x2B, 0x62, 0xF1, 0x08, 0x4B, 0xCA, 0x65, 0x26, 0x5E, 0x8D, 0x05, 0x10, 0x16, 0x12, 0x18,
    0x00, 0xC5, 0xEB, 0x93, 0xFC, 0x00, 0x8A, 0x74, 0x90, 0xE1, 0x77, 0xA5, 0xCA, 0xC1, 0x26, 0x20,
    0x82, 0x94, 0x91, 0x89, 0xEA, 0xA5, 0x89, 0xF3, 0xC0, 0xC4, 0x12, 0x9A, 0x44, 0xA2, 0x72, 0x57,
    0x62, 0x1C, 0x97, 0xE0, 0xB4, 0x5D, 0x58, 0x2B, 0x83, 0x81, 0xB2, 0x70, 0xFE, 0x76, 0x76, 0xED,
    0xA7, 0xD5, 0xA4, 0x2D, 0xCA, 0xA4, 0xCA, 0xE4, 0xA9, 0x6B, 0x07, 0x02, 0xF5, 0x1A, 0x03, 0xA3,
    0x5E, 0xF1, 0x3B, 0xFD, 0xA3, 0xB0, 0x57, 0x4B, 0xAD, 0xF2, 0xEC, 0xF5, 0xDB, 0xEE, 0xBE, 0x04,
    0x5D, 0x67, 0xBD, 0x0E, 0xA6, 0x0A, 0xBB, 0xAE, 0x81, 0xE8, 0xA2, 0x8C, 0xF2, 0xA0, 0x86, 0xFC,
    0xA8, 0x8A, 0x61, 0x3E, 0x58, 0x2F, 0xB0, 0x97, 0xE9, 0x97, 0xB1, 0xF8, 0x56, 0xFD, 0x97, 0xF1,
    0x8B, 0xDF, 0xD0, 0x44, 0xF8, 0x02, 0x03, 0x42, 0x53, 0x7C, 0x49, 0xA0, 0xD9, 0x9C, 0x6E, 0x19,
    0xAB, 0x87, 0x61, 0x00, 0xFA, 0xDA, 0xC2, 0x70, 0xF8, 0x4D, 0x60, 0xEB, 0x24, 0x8F, 0x8C, 0x67,
    0xF0, 0xE6, 0x81, 0x8C, 0xA0, 0x6F, 0x50, 0xFB, 0xF4, 0x63, 0x68, 0xB6, 0x3B, 0x78, 0xAF, 0xEB,
    0xBA, 0xBC, 0xA0, 0x85, 0xF0, 0xE5, 0x69, 0x98, 0xD5, 0x8E, 0xBB, 0xD7, 0x7B, 0xEE, 0xFE, 0x65,
    0x2D, 0x53, 0x20, 0x97, 0x9F, 0x19, 0x05, 0x4E, 0x70, 0xC4, 0x2D, 0xAF, 0x89, 0xC2, 0xE6, 0x2B,
    0x44, 0x1D, 0x1D, 0xA7, 0x0A, 0x7A, 0xD4, 0x2D, 0x14, 0x73, 0x1A, 0x5A, 0x85, 0xFC, 0x43, 0x40,
    0x53, 0xE8, 0xF0, 0xCC, 0x00, 0x58, 0xF1, 0xB6, 0x0E, 0x2E, 0x9E, 0xF4, 0x68, 0xC5, 0x81, 0x95,
    0xAB, 0x8A, 0xF5, 0x40, 0x6E, 0x2A, 0xD4, 0xFF, 0xED, 0x1A, 0x45, 0x5A, 0x4F, 0xD5, 0xA8, 0x9E,
    0x8B, 0xEE, 0x30, 0x87, 0x96, 0x53, 0x13, 0xDE, 0x85, 0xFC, 0xA5, 0x09, 0x7E, 0x9F, 0xE3, 0x27,
    0xE3, 0x01, 0x1D, 0x5C, 0xCA, 0x93, 0x29, 0x4D, 0x7D, 0xA3, 0xEB, 0xE8, 0x03, 0x99, 0x94, 0xB0,
    0xFB, 0x5A, 0x96, 0x6B, 0x1B, 0x56, 0x0F, 0xA4, 0x4E, 0x60, 0xEE, 0x54, 0x4C, 0x92, 0xEF, 0x32,
    0x8E, 0x32, 0x2C, 0x33, 0xC2, 0xDA, 0x23, 0xC4, 0x5A, 0x8E, 0xBC, 0x86, 0xC1, 0xD7, 0x00, 0x2D,
    0x42, 0xA7, 0x89, 0x2C, 0xF2, 0x23, 0x6F, 0x77, 0x1E, 0x7F, 0xF4, 0xC4, 0xAB, 0x96, 0xB6, 0x83,
    0xEF, 0xCC, 0xA8, 0x9C, 0x07, 0xFF, 0x8A, 0x50, 0xEE, 0x56, 0x70, 0x25, 0x12, 0xA0, 0x12, 0x7F,
    0x9D, 0xAB, 0xB8, 0x19, 0xED, 0x42, 0xE7, 0x68, 0xD8, 0xB5, 0xD2, 0x7B, 0x88, 0x41, 0x0B, 0x45,
    0xF9, 0x98, 0x9E, 0x45, 0x5E, 0x41, 0x10, 0xDF, 0x82, 0x29, 0xF8, 0x98, 0x37, 0x4B, 0x2D, 0xF8,
    0xD6, 0x4D, 0x67, 0x8D, 0x43, 0x80, 0xC0, 0x5B, 0x16, 0xCA, 0xD0, 0x16, 0x38, 0xB6, 0xA0, 0xE8,
    0x3E, 0xFE, 0xDC, 0x4D, 0x33, 0x47, 0x3E, 0xD5, 0xD0, 0xF3, 0x3A, 0x17, 0x78, 0x5D, 0xDE, 0xFB,
    0x72, 0xAE, 0xBF, 0xAE, 0x88, 0x12, 0x87, 0x27, 0xEA, 0xAC, 0xC4, 0x99, 0x64, 0x38, 0x63, 0x64,
    0xB8, 0x16, 0x15, 0xF1, 0x21, 0x83, 0x66, 0x0A, 0x01, 0xE8, 0x42, 0xB5, 0x23, 0xAC, 0xD9, 0xA8,
    0x31, 0xAD, 0x5C, 0x8D, 0x15, 0x59, 0xA2, 0xC0, 0x76, 0x15, 0x57, 0xA6, 0xB0, 0x52, 0x45, 0xE5,
    0x70, 0x1C, 0xE9, 0x6A, 0x37, 0x49, 0x10, 0xBC, 0xCF, 0x24, 0x09, 0x34, 0xC8, 0xE0, 0x54, 0xD9,
    0xB6, 0x62, 0xBF, 0x63, 0x83, 0xC6, 0xB3, 0x7E, 0xDD, 0xD7, 0x0E, 0x4A, 0x85, 0xCC, 0x69, 0x19,
    0x99, 0xCE, 0xC4, 0x65, 0x54, 0xC6, 0x79, 0x94, 0x23, 0x19, 0x00, 0x34, 0x86, 0x09, 0x13, 0x00,
    0xA3, 0x93, 0x32, 0x40, 0x4B, 0x65, 0x5E, 0xCF, 0xA4, 0x33, 0x73, 0x44, 0x72, 0xE3, 0xE4, 0x30,
    0x1B, 0x71, 0x80, 0x0F, 0xB8, 0x11, 0xDC, 0x1F, 0xF2, 0xE7, 0x0E, 0x02, 0x3F, 0xEE, 0xAC, 0x4C,
    0x4B, 0xEF, 0xC4, 0x5B, 0x96, 0xCC, 0xAB, 0x23, 0x2A, 0x99, 0xD4, 0xD8, 0x05, 0x35, 0x47, 0x56,
    0x2B, 0x87, 0x64, 0xAD, 0xBB, 0xA7, 0x0B, 0x9C, 0x02, 0x53, 0xCD, 0x32, 0x5F, 0xC3, 0x72, 0x3E,
    0xC2, 0x89, 0x38, 0xE8, 0x28, 0x7E, 0xCB, 0xD0, 0x65, 0x36, 0x7E, 0xC4, 0x30, 0x15, 0x1B, 0x3E,
    0x2A, 0x01, 0xDA, 0xAB, 0x83, 0x3F, 0xE6, 0x00, 0xEE, 0xD7, 0x5E, 0x47, 0x05, 0xF0, 0xBF, 0xA3,
    0xD1, 0xA2, 0x63, 0x29, 0x58, 0xB8, 0x26, 0x2B, 0x08, 0x73, 0xF1, 0xF7, 0x46, 0x1F, 0x80, 0x2E,
    0x16, 0x70, 0x1D, 0x3A, 0x33, 0x49, 0x67, 0xFB, 0x9F, 0x07, 0x4F, 0x0D, 0x2F, 0x4C, 0x14, 0xBD,
    0x49, 0x99, 0xE0, 0x0F, 0xE8, 0x2D, 0xA3, 0x36, 0x45, 0x51, 0xE4, 0x8E, 0x5D, 0x20, 0x8F, 0x50,
    0xFA, 0x50, 0x4C, 0x93, 0x46, 0xD2, 0x99, 0xC7, 0x9F, 0xF7, 0x08, 0xDB, 0x2A, 0x6A, 0xA0, 0x6D,
    0x00, 0x1A, 0x20, 0x6D, 0xF4, 0xC8, 0x00, 0x98, 0x0D, 0xFE, 0xBD, 0xC4, 0xCF, 0xB5, 0xFF, 0xC7,
    0x3C, 0x34, 0x7E, 0x05, 0xC0, 0x51, 0xA9, 0x78, 0x61, 0xE4, 0x63, 0xE4, 0x58, 0x4C, 0xB4, 0x59,
    0x1F, 0x13, 0x03, 0x86, 0xD4, 0xDD, 0x5C, 0xFE, 0xDF, 0x73, 0x48, 0x5D, 0xC9, 0x47, 0x65, 0xD6,
    0xCB, 0xD3, 0x1F, 0x03, 0xB7, 0x56, 0xCF, 0x96, 0xBA, 0x69, 0xF9, 0x50, 0x96, 0xF9, 0xF2, 0xE3,
    0x0E, 0xA1, 0x18, 0xFE, 0x2A, 0xCE, 0x21, 0x6D, 0x8F, 0x2E, 0x8D, 0x2D, 0x9D, 0x1A, 0x1B, 0xBA,
    0x35, 0x2E, 0x33, 0x75, 0x6F, 0xAA, 0x0E, 0x9E, 0xE9, 0x7D, 0xAE, 0xF7, 0x3F, 0x57, 0xBC, 0x77,
    0x25, 0xDB, 0xC6, 0x03, 0x17, 0x4C, 0xAE, 0xE8, 0xFA, 0x2A, 0x8A, 0xF1, 0x22, 0x97, 0x22, 0x4D,
    0xEF, 0x13, 0x2D, 0x06, 0xF5, 0xF9, 0xEA, 0xBC, 0xCB, 0xCA, 0x1C, 0x4F, 0x87, 0x8A, 0xFC, 0x74,
    0x35, 0x3E, 0x1C, 0xA0, 0x6B, 0xB0, 0x6C, 0x31, 0x47, 0x76, 0xE8, 0x96, 0x5B, 0x5C, 0x2C, 0x94,
    0xF7, 0x2A, 0xCD, 0x05, 0x44, 0x4C, 0x94, 0x23, 0x4F, 0x62, 0xD6, 0xC8, 0xF1, 0xBF, 0x2D, 0x69,
    0x11, 0xCD, 0x84, 0x98, 0x51, 0x10, 0x9B, 0xF0, 0x58, 0x92, 0xE3, 0x89, 0x4B, 0x2E, 0x0F, 0xDB,
    0xE1, 0xEA, 0x14, 0xBB, 0x13, 0x26, 0x0C, 0x80, 0xFA, 0xF9, 0xA9, 0xC8, 0xD1, 0x2F, 0x73, 0x1F,
    0xA7, 0x84, 0xD5, 0x43, 0x6D, 0x37, 0x63, 0x28, 0x99, 0x6A, 0xB1, 0x99, 0x4B, 0x83, 0x5A, 0xC3,
    0x42, 0xC3, 0x2A, 0x83, 0x12, 0x63, 0x50, 0x5F, 0x04, 0xC5, 0xC5, 0xED, 0x7B, 0x17, 0x61, 0x3D,
    0x87, 0x73, 0xC6, 0x2C, 0x2A, 0xAE, 0x3A, 0x6C, 0x2E, 0x8A, 0x45, 0xD9, 0xD1, 0x08, 0x4B, 0xCE,
    0x34, 0xB9, 0xAC, 0x2F, 0x0A, 0x8B, 0x3E, 0xFF, 0x87, 0x44, 0xB1, 0xAE, 0xF0, 0xB0, 0xEA, 0x6C,
    0xC3, 0x2C, 0x85, 0x9A, 0x2E, 0xDF, 0x42, 0x2B, 0x44, 0x2F, 0x3C, 0x91, 0x00, 0xEF, 0xDD, 0x1B,
    0xE0, 0x1A, 0x29, 0x0C, 0xED, 0xCC, 0xA8, 0x2E, 0xA9, 0x74, 0xA2, 0xE7, 0xE3, 0xE8, 0xF4, 0xBA,
    0xEC, 0x5B, 0x94, 0x5C, 0x64, 0xE0, 0xD0, 0xF5, 0x18, 0x28, 0xD1, 0x7B, 0x3C, 0xFA, 0x3F, 0x0D,
    0x6B, 0xD0, 0x69, 0x55, 0x1A, 0xAE, 0x4B, 0xEC, 0xC3, 0x05, 0x1A, 0xDE, 0x2B, 0xE5, 0x1F, 0xFF,
    0x8F, 0xCD, 0xD1, 0x2F, 0x7C, 0x34, 0x8E, 0xAF, 0xCB, 0x49, 0xA0, 0x8B, 0x2A, 0xF4, 0x73, 0x2A,
    0xF4, 0x05, 0x15, 0x5A, 0x6F, 0x2A, 0xE9, 0x70, 0x91, 0xA7, 0x58, 0xA4, 0xE4, 0x32, 0xFF, 0x5B,
    0x3C, 0xA5, 0xF9, 0xBA, 0x3C, 0x05, 0x0A, 0xA5, 0xF8, 0xFD, 0x06, 0xB6, 0x25, 0x48, 0xFA, 0xA8,
    0x3E, 0xA7, 0x10, 0xB8, 0x4B, 0xF9, 0xB5, 0xB9, 0x4B, 0xD0, 0xB1, 0xB5, 0x0C, 0xD5, 0x46, 0xC2,
    0xF7, 0x70, 0x66, 0x7C, 0x97, 0x4B, 0x60, 0x9E, 0x4E, 0xDA, 0x8B, 0xD1, 0x6A, 0x04, 0xDB, 0x4E,
    0xBA, 0x53, 0x35, 0x66, 0x38, 0x68, 0x05, 0xC7, 0x37, 0xE7, 0x99, 0xD5, 0x0B, 0x69, 0xD7, 0x5F,
    0x3F, 0x64, 0x92, 0x33, 0xCC, 0x19, 0x02, 0xE4, 0x25, 0x12, 0xDD, 0xAE, 0x9E, 0xAB, 0xE7, 0x05,
    0x39, 0x4E, 0xAB, 0x12, 0x54, 0x24, 0x29, 0x2B, 0x5C, 0xCA, 0x79, 0xF8, 0x73, 0xEF, 0x9A, 0x53,
    0xD5, 0xA6, 0x2F, 0xAF, 0xAA, 0x67, 0x50, 0xB6, 0xBC, 0xC7, 0x54, 0x70, 0xC9, 0x43, 0xBE, 0xFB,
    0x8D, 0x6B, 0xF9, 0x66, 0x50, 0x4A, 0x96, 0x80, 0xE3, 0x90, 0x1C, 0xB0, 0xA0, 0x94, 0xAF, 0x56,
    0x43, 0x67, 0xC5, 0x72, 0xA8, 0xE7, 0xDE, 0xEA, 0xEF, 0xA3, 0xE6, 0xD5, 0xBE, 0xF3, 0x1D, 0xB0,
    0xAC, 0xE6, 0x7D, 0xC9, 0x7D, 0xC5, 0xCE, 0x9C, 0x56, 0x48, 0xC9, 0x28, 0x6F, 0x5F, 0x63, 0x9D,
    0x5C, 0xC8, 0xF6, 0xCA, 0x7B, 0x32, 0x8F, 0xCB, 0x26, 0xF3, 0x6C, 0x1A, 0xD4, 0x69, 0x6C, 0x26,
    0x18, 0xA5, 0x8E, 0xA9, 0x79, 0xC7, 0x46, 0xD6, 0x9D, 0xCB, 0xD4, 0x5D, 0x14, 0x64, 0x19, 0x43,
    0x59, 0xD4, 0x8A, 0x0B, 0xEF, 0x6B, 0x4F, 0x27, 0xEF, 0x5F, 0x31, 0xC2, 0x8B, 0xF5, 0x37, 0x55,
    0x2C, 0x39, 0xD5, 0xEE, 0x5F, 0x86, 0x34, 0x0E, 0x74, 0xA9, 0xBF, 0x71, 0xED, 0xC8, 0x64, 0x38,
    0xD0, 0x84, 0xE5, 0x2B, 0xD0, 0x0E, 0x5D, 0x6A, 0xE5, 0x6E, 0xAD, 0xFC, 0x95, 0xCB, 0xEF, 0xA7,
    0xAF, 0xC2, 0xDD, 0x96, 0xE5, 0x16, 0xDF, 0xFF, 0x53, 0x7E, 0x85, 0x58, 0x7E, 0xEF, 0xE6, 0x17,
    0xC7, 0xCC, 0x32, 0xC7, 0xCC, 0xE6, 0x13, 0x5A, 0xCB, 0xB3, 0x13, 0x46, 0x6A, 0x60, 0xD4, 0x09,
    0xB1, 0x13, 0x33, 0x72, 0x62, 0x16, 0xE8, 0x96, 0x57, 0xD9, 0xEB, 0x1B, 0x18, 0x0C, 0x21, 0x6E,
    0x95, 0xF6, 0x87, 0x1C, 0xA4, 0x96, 0xD8, 0xC6, 0xED, 0xDA, 0x12, 0xFC, 0x4D, 0x4B, 0x70, 0x1A,
    0x56, 0x45, 0xEE, 0x75, 0xFF, 0xD3, 0x55, 0x61, 0x35, 0x7A, 0xAB, 0x8E, 0xF3, 0x2C, 0xA8, 0x40,
    0xC9, 0x42, 0x48, 0x68, 0x12, 0x99, 0x7B, 0xFF, 0xD5, 0x42, 0x49, 0xC8, 0x6C, 0x98, 0xF7, 0x4D,
    0x6C, 0x31, 0x0C, 0xDD, 0x6A, 0x10, 0xF7, 0x16, 0xDD, 0x78, 0x94, 0x23, 0x05, 0xD1, 0xE1, 0x8F,
    0xA9, 0xC7, 0x8A, 0x24, 0x7F, 0x46, 0x12, 0x9C, 0x32, 0x79, 0x6E, 0xBA, 0x21, 0x25, 0x95, 0x9E,
    0x8E, 0xE8, 0x64, 0x86, 0x65, 0x72, 0x82, 0xE5, 0x7B, 0xAD, 0xE8, 0x54, 0xB2, 0x80, 0x0F, 0x90,
    0x6D, 0xDF, 0x69, 0x60, 0x38, 0x38, 0x3D, 0x22, 0x56, 0x6F, 0xF9, 0xC4, 0x29, 0x05, 0xB6, 0xDD,
    0x41, 0x70, 0x08, 0x46, 0x08, 0x2F, 0xCE, 0xC8, 0x76, 0xF6, 0xB8, 0x00, 0x47, 0xFC, 0x3E, 0x5D,
    0x45, 0xF7, 0x79, 0x8D, 0x9B, 0xFB, 0x9C, 0xF7, 0x24, 0x01, 0xB3, 0xF1, 0xDA, 0x09, 0xD8, 0x4B,
    0x09, 0xBC, 0x4B, 0x1A, 0x19, 0x01, 0xD0, 0x00, 0xD5, 0xA5, 0x1A, 0xDA, 0x2B, 0x17, 0x69, 0x4F,
    0xCB, 0xF6, 0x0E, 0x4D, 0x89, 0xBF, 0x83, 0xC7, 0x8C, 0x38, 0xAD, 0x01, 0x07, 0x8E, 0xBB, 0x6F,
    0xDC, 0x74, 0x4C, 0x28, 0xF0, 0xD1, 0x89, 0xE8, 0xDC, 0x73, 0x83, 0x0A, 0xEE, 0x38, 0x6A, 0x3F,
    0xDA, 0x8C, 0x62, 0x99, 0xE3, 0x3D, 0x49, 0x87, 0xE5, 0x12, 0x49, 0x35, 0xC2, 0x43, 0x67, 0xDD,
    0x11, 0x85, 0xC7, 0x15, 0x9C, 0x02, 0x3F, 0x40, 0xC6, 0x54, 0x75, 0xFB, 0x11, 0x09, 0xEC, 0xAD,
    0x1B, 0xDC, 0xC8, 0x70, 0x49, 0xEA, 0x41, 0x87, 0xD3, 0x6B, 0x49, 0xCD, 0x49, 0x78, 0x92, 0xDB,
    0x78, 0x9A, 0x91, 0xC1, 0xA5, 0xE4, 0xB7, 0x29, 0x03, 0x75, 0xCC, 0x66, 0x43, 0x55, 0x5D, 0xB9,
    0xBC, 0xB6, 0x01, 0x43, 0x77, 0xF8, 0xBA, 0xAB, 0xD4, 0xD9, 0x2E, 0xE4, 0x68, 0x87, 0x1D, 0x3D,
    0x7F, 0xEA, 0x7A, 0x85, 0xE4, 0x94, 0x61, 0x2A, 0xC5, 0x94, 0x31, 0x3D, 0x94, 0x68, 0x86, 0x9D,
    0x2B, 0x38, 0x5D, 0x8B, 0x6C, 0x99, 0x56, 0x00, 0x18, 0x53, 0x40, 0x42, 0x27, 0xEE, 0x32, 0x3B,
    0xC7, 0x2C, 0x8F, 0x19, 0xD3, 0xEF, 0x80, 0xBB, 0x96, 0x84, 0xF1, 0x21, 0x5D, 0xD1, 0xF0, 0x24,
    0x3B, 0x61, 0xA4, 0x02, 0xA4, 0x6F, 0x41, 0x64, 0x82, 0x3A, 0x68, 0x65, 0xFB, 0x09, 0xC6, 0x81,
    0x62, 0x4D, 0x3F, 0xE7, 0x87, 0xC1, 0x47, 0xB5, 0xFF, 0x45, 0x29, 0xEB, 0x53, 0x6A, 0x15, 0x35,
    0xF2, 0xBD, 0x86, 0x11, 0x01, 0x45, 0x91, 0xAA, 0x9C, 0xAC, 0x3E, 0x6A, 0x83, 0x3F, 0x9C, 0x84,
    0xED, 0x8D, 0xA8, 0x02, 0x31, 0x9A, 0xC7, 0x51, 0x9D, 0x74, 0xF9, 0xA8, 0xA1, 0xD0, 0x74, 0x22,
    0xB3, 0xB8, 0xDA, 0x0B, 0xD7, 0x47, 0xF0, 0xCA, 0x8B, 0xF0, 0xCB, 0x09, 0x97, 0x03, 0x86, 0xE5,
    0x8A, 0xFC, 0xB2, 0xA1, 0x7D, 0x6A, 0xDA, 0xA7, 0x44, 0xC8, 0xD1, 0xAC, 0x49, 0x35, 0x78, 0x76,
    0x6F, 0xB3, 0x14, 0x1A, 0x5F, 0xF4, 0xD2, 0xB4, 0x02, 0xB9, 0x04, 0xB7, 0x04, 0xB5, 0xCC, 0x48,
    0xCF, 0xC7, 0xE0, 0x95, 0xA0, 0x95, 0x8D, 0x2C, 0x5A, 0xAF, 0x59, 0x84, 0xC8, 0x35, 0x13, 0x75,
    0xCA, 0x83, 0xA1, 0x4F, 0xC5, 0xC9, 0xC5, 0x5F, 0x33, 0x80, 0xE0, 0x50, 0xF2, 0xF8, 0xAE, 0x7E,
    0x59, 0x7E, 0xFC, 0x92, 0xF8, 0x0B, 0x80, 0x2B, 0xD6, 0x67, 0xD8, 0x72, 0xF5, 0x1C, 0xB6, 0x3C,
    0x3E, 0xC3, 0x96, 0x51, 0x59, 0x90, 0x67, 0xD0, 0x4C, 0x58, 0x84, 0xA8, 0x9B, 0x92, 0x7C, 0x12,
    0x81, 0xCA, 0x4D, 0x66, 0x54, 0x50, 0x4E, 0xCE, 0xE4, 0x15, 0xD3, 0xCA, 0xFF, 0x0B, 0x9E, 0x30,
    0x49, 0xB3, 0xB3, 0x71, 0x7D, 0x22, 0x1D, 0x6A, 0x85, 0x85, 0xA3, 0x2B, 0x04, 0x5B, 0x99, 0xB8,
    0xFA, 0xA0, 0xE3, 0x09, 0x93, 0x77, 0x89, 0xF7, 0x63, 0xE3, 0x02, 0x31, 0x34, 0xAF, 0x23, 0xDD,
    0xD0, 0xD9, 0xCB, 0x09, 0xB8, 0x15, 0xCB, 0x9C, 0x5A, 0xCB, 0xCF, 0xEF, 0x48, 0x00, 0x36, 0x1B,
    0x3C, 0x32, 0x6E, 0xE4, 0x58, 0xF5, 0x44, 0x90, 0x15, 0xB7, 0xB3, 0x28, 0xAD, 0x36, 0x30, 0xA1,
    0x09, 0xF2, 0x04, 0xB4, 0x3A, 0x73, 0x9C, 0x8C, 0x69, 0xC3, 0xC6, 0xC9, 0x69, 0xE1, 0x12, 0x81,
    0x4E, 0xFA, 0xD1, 0x69, 0x18, 0xA1, 0x46, 0xA8, 0x58, 0x99, 0xEC, 0xC3, 0x0B, 0x13, 0x38, 0x28,
    0x54, 0xF3, 0x18, 0xD4, 0x87, 0x1A, 0x6C, 0xFC, 0xBF, 0xE1, 0xB1, 0xA2, 0x74, 0x63, 0xD6, 0x50,
    0x18, 0x20, 0x33, 0x5A, 0xF5, 0x05, 0x6E, 0xF6, 0xEC, 0xB8, 0xC5, 0x5C, 0xA5, 0x61, 0xC8, 0x5A,
    0xF8, 0x61, 0x7A, 0xC7, 0xB9, 0x13, 0x87, 0xC4, 0xBF, 0x8E, 0x6D, 0x05, 0x5E, 0x9B, 0xD0, 0x1F,
    0xBF, 0xED, 0xEE, 0xD3, 0x79, 0x15, 0xC0, 0xAF, 0xF9, 0x85, 0xD9, 0x56, 0x94, 0xD7, 0x68, 0x06,
    0x90, 0x8A, 0x6A, 0x87, 0x58, 0x47, 0x68, 0x80, 0xDF, 0x95, 0x07, 0xF4, 0x2A, 0x4C, 0xC5, 0x56,
    0x99, 0xF1, 0x0B, 0xF3, 0x7F, 0xC6, 0x2F, 0x74, 0xEC, 0x82, 0x5F, 0x26, 0x8A, 0x05, 0x6D, 0x69,
    0xA5, 0x80, 0x82, 0x4A, 0x1B, 0xA7, 0x85, 0x1D, 0x23, 0xED, 0x1F, 0x08, 0xA3, 0x51, 0x1E, 0xE4,
    0x78, 0xF3, 0x00, 0xB1, 0x13, 0xE5, 0x41, 0x8D, 0xB2, 0x0D, 0xE7, 0xCB, 0x36, 0x10, 0x04, 0x44,
    0x50, 0xC0, 0xCE, 0xF8, 0x72, 0x72, 0x26, 0x48, 0xA7, 0x40, 0xE8, 0xAC, 0xEB, 0xC2, 0x26, 0x56,
    0x73, 0x88, 0xC2, 0x73, 0xC5, 0x27, 0xB0, 0x49, 0x7D, 0x47, 0xC1, 0x4D, 0xBA, 0x46, 0xB1, 0xDD,
    0x89, 0x6A, 0x85, 0xF6, 0x23, 0xA8, 0xAE, 0x10, 0x47, 0x3D, 0xB0, 0x99, 0xC3, 0x45, 0x2B, 0x11,
    0x16, 0x42, 0x5E, 0x51, 0xC1, 0x3A, 0x0A, 0x6A, 0xCC, 0xFE, 0xEF, 0x33, 0x19, 0x0E, 0x09, 0x89,
    0xDE, 0x24, 0x22, 0xEF, 0x77, 0x4B, 0x88, 0x9C, 0xBA, 0xF2, 0xB4, 0x74, 0xB7, 0xBE, 0x58, 0xF5,
    0xA5, 0x33, 0xCE, 0x7B, 0x6C, 0x8A, 0xE8, 0x03, 0x79, 0xF8, 0x96, 0xF1, 0xBA, 0xB5, 0xDF, 0xFD,
    0x05, 0x22, 0x1E, 0x04, 0x65, 0x91, 0xC7, 0x92, 0xFA, 0xF9, 0x3E, 0xBC, 0x98, 0x12, 0x41, 0x4A,
    0x36, 0x58, 0x6B, 0x2F, 0x47, 0x60, 0x1C, 0x21, 0xC0, 0xC9, 0x18, 0x03, 0x36, 0x25, 0xB6, 0xF4,
    0xDB, 0xD6, 0x13, 0x74, 0xF5, 0x47, 0xC7, 0x61, 0x8E, 0x5E, 0x07, 0xAF, 0xE4, 0xE8, 0xED, 0x5B,
    0xD1, 0xA9, 0x55, 0xDE, 0x1D, 0xD8, 0x0A, 0x8B, 0xAE, 0x3C, 0x7C, 0xAA, 0xBB, 0x3F, 0xD5, 0x36,
    0x7E, 0xF0, 0xB7, 0xDA, 0x46, 0xCC, 0xB6, 0xF1, 0xAD, 0x93, 0x4D, 0xDB, 0x68, 0xCF, 0xB7, 0x0D,
    0x3B, 0xB4, 0x0D, 0x77, 0xED, 0x48, 0x1F, 0x71, 0x1A, 0x6E, 0x8C, 0x6B, 0x09, 0xE4, 0x1B, 0xEF,
    0x1D, 0xD0, 0x48, 0x37, 0xA9, 0xE9, 0x63, 0xAD, 0x68, 0xDE, 0xE1, 0x53, 0x1C, 0x07, 0xB4, 0x09,
    0x48, 0xA6, 0xA5, 0x07, 0x69, 0x38, 0xE3, 0x88, 0x5C, 0x83, 0xF9, 0x31, 0x22, 0x33, 0x91, 0xB4,
    0x51, 0x4C, 0x0B, 0x94, 0x7B, 0xD9, 0xCB, 0x98, 0x2B, 0x47, 0x13, 0x66, 0x8A, 0x4D, 0x74, 0x8D,
    0x7F, 0x81, 0xA3, 0x6D, 0xF8, 0x49, 0x8E, 0x54, 0x0A, 0xFE, 0x84, 0xD8, 0xA8, 0x98, 0xEA, 0x78,
    0x84, 0x35, 0x3A, 0xA6, 0xBD, 0x8B, 0x55, 0x5F, 0x58, 0xDE, 0x38, 0x63, 0x99, 0xAC, 0x57, 0x47,
    0x83, 0xFD, 0xB4, 0x97, 0x4D, 0xCB, 0x87, 0xB2, 0xFC, 0x18, 0x80, 0x7E, 0x15, 0xE7, 0xD1, 0x3C,
    0x96, 0xD8, 0x26, 0x48, 0x2F, 0xD0, 0xF5, 0x72, 0xA0, 0xEB, 0x33, 0x6C, 0x9D, 0xE3, 0xDB, 0x9F,
    0xAB, 0x19, 0x88, 0xC0, 0x9C, 0xA9, 0xD6, 0x5F, 0x21, 0xE3, 0xAA, 0xC0, 0x12, 0xD0, 0x0B, 0x9E,
    0xAA, 0xFA, 0x1B, 0xFE, 0x4E, 0x23, 0xC6, 0xE4, 0x6D, 0x57, 0xB8, 0x6C, 0xD1, 0x22, 0x51, 0x3B,
    0x50, 0xD5, 0x88, 0xCB, 0xD6, 0x11, 0x2B, 0x04, 0x4B, 0xC3, 0xDE, 0x40, 0x55, 0x7D, 0x47, 0x55,
    0x33, 0x52, 0xD5, 0x5D, 0x72, 0xE0, 0xE7, 0x53, 0xD5, 0xE8, 0x94, 0xAA, 0xEA, 0x05, 0x3F, 0xD1,
    0x8C, 0x51, 0xDF, 0x3B, 0xE8, 0xBB, 0x04, 0xB2, 0x52, 0x9C, 0x78, 0x0B, 0x7A, 0xA7, 0xB7, 0xD4,
    0xAC, 0x1B, 0x16, 0xF1, 0x62, 0xB4, 0xF5, 0x94, 0xEB, 0xBB, 0x3A, 0xEE, 0x98, 0xD2, 0xC8, 0xC9,
    0xFC, 0xA7, 0x7F, 0x14, 0x12, 0xDB, 0x5F, 0xF5, 0x30, 0x28, 0xD0, 0xD5, 0x5A, 0xC2, 0xE5, 0x4D,
    0x79, 0xA5, 0xC4, 0x76, 0xE0, 0x26, 0xAA, 0xA2, 0xB8, 0xFE, 0x24, 0xF1, 0xBD, 0x73, 0x42, 0xA6,
    0xED, 0x15, 0xE6, 0xE8, 0x02, 0x59, 0x83, 0x23, 0xF6, 0x25, 0xB4, 0x30, 0x6F, 0x62, 0x61, 0xDF,
    0x0F, 0x9B, 0xB0, 0xF2, 0xAB, 0x06, 0x75, 0x37, 0x6F, 0x10, 0x66, 0x1E, 0x16, 0xEB, 0xDB, 0xF8,
    0xAE, 0x09, 0xEA, 0xF8, 0x03, 0x78, 0x06, 0xDD, 0x23, 0x26, 0x49, 0x9D, 0x80, 0xFC, 0x60, 0xE0,
    0xDD, 0x65, 0xDD, 0xBF, 0x99, 0x9C, 0x9C, 0x3B, 0x9D, 0xED, 0x75, 0xE8, 0x5C, 0xA4, 0x8B, 0x37,
    0xCF, 0xF0, 0x86, 0x93, 0xEF, 0xAB, 0xCD, 0x56, 0x61, 0x0D, 0x96, 0x55, 0x05, 0xD5, 0xA4, 0x0E,
    0xCD, 0xE3, 0x2A, 0xFA, 0xC5, 0xDD, 0x2A, 0x7E, 0x27, 0x34, 0x31, 0x54, 0x89, 0x0D, 0x83, 0x7C,
    0x5F, 0x7E, 0x86, 0x8A, 0x7C, 0x7F, 0x79, 0x96, 0x5F, 0xFA, 0xA6, 0xA6, 0xF1, 0x58, 0x40, 0xDA,
    0x7D, 0xBA, 0x87, 0xE6, 0x7B, 0xDD, 0xBF, 0xC8, 0x81, 0x8B, 0xD7, 0x7D, 0x94, 0xFA, 0x2F, 0x21,
    0xF9, 0x4B, 0x1C, 0x7D, 0x84, 0xCF, 0xAD, 0x9B, 0x2F, 0x39, 0x68, 0x79, 0x6B, 0x0D, 0x20, 0xA8,
    0x96, 0x32, 0xF2, 0xAF, 0xFB, 0x17, 0x3E, 0x37, 0x86, 0xA4, 0x5F, 0x90, 0x7A, 0x04, 0x8B, 0x95,
    0x97, 0x5F, 0x0E, 0xFE, 0xEB, 0xAC, 0x25, 0xD7, 0x94, 0x15, 0xFC, 0x92, 0x6C, 0xE7, 0x33, 0xED,
    0xD4, 0x77, 0xCE, 0x95, 0x50, 0x22, 0x9A, 0x72, 0x49, 0x64, 0x8B, 0xCB, 0xB7, 0x7B, 0x16, 0x92,
    0x6D, 0x86, 0xAB, 0x82, 0xEA, 0xB3, 0xE4, 0xBB, 0x09, 0x8B, 0x9A, 0xB2, 0xBC, 0x32, 0x87, 0xDE,
    0x65, 0x47, 0xB5, 0x70, 0x34, 0x2A, 0x2D, 0x7B, 0x29, 0x13, 0x55, 0x13, 0xC8, 0xBF, 0x9B, 0x87,
    0x8F, 0x4A, 0xF0, 0x27, 0xFF, 0x73, 0x23, 0x75, 0xB5, 0x29, 0x92, 0x18, 0x0D, 0xA3, 0xF7, 0x6C,
    0xE2, 0x59, 0xB4, 0x8A, 0x59, 0x5C, 0x7E, 0xF8, 0x40, 0xB0, 0xA9, 0xE5, 0xA1, 0xF9, 0x22, 0x34,
    0xE0, 0x8D, 0x09, 0x3B, 0xC0, 0x36, 0x8F, 0xA7, 0x4B, 0xBD, 0x8A, 0x36, 0xEC, 0xA9, 0xD7, 0x45,
    0x22, 0x06, 0xBB, 0xED, 0x5A, 0xBF, 0x9A, 0xF9, 0x1B, 0x59, 0x5F, 0x0D, 0xAB, 0xE7, 0x49, 0xF4,
    0x96, 0x09, 0x3F, 0x07, 0xDB, 0x6C, 0x65, 0x6F, 0x67, 0x80, 0xC8, 0x99, 0x86, 0xBD, 0x38, 0x51,
    0x68, 0x63, 0xC5, 0x36, 0x53, 0x1A, 0x3A, 0x57, 0x38, 0x6E, 0x0C, 0x21, 0x0C, 0xD9, 0x6E, 0xA5,
    0x60, 0x4E, 0xBE, 0x79, 0x73, 0xB6, 0x97, 0xA6, 0x3F, 0xB8, 0xB1, 0x75, 0x45, 0xBD, 0x6D, 0x0A,
    0x43, 0x8A, 0x89, 0x1C, 0x03, 0xC9, 0xDC, 0xC5, 0xFE, 0xF4, 0xFA, 0xBE, 0x5D, 0x22, 0xD7, 0x18,
    0x20, 0x88, 0x8F, 0xC3, 0x44, 0xF2, 0xCB, 0x2F, 0x2C, 0xCE, 0x23, 0x0D, 0x2C, 0x6F, 0x84, 0xE6,
    0xBA, 0x9F, 0xF7, 0xE1, 0x65, 0xA4, 0x30, 0xAC, 0x87, 0xA0, 0x3C, 0x88, 0x74, 0xC4, 0x8C, 0x3B,
    0x0C, 0x27, 0xA5, 0xD7, 0x65, 0xDF, 0x92, 0x11, 0xED, 0x6F, 0xC2, 0x9E, 0x56, 0x5E, 0x90, 0x61,
    0x8C, 0x58, 0x38, 0xA2, 0xBB, 0xAC, 0xB9, 0x92, 0xBF, 0xC4, 0xC0, 0x31, 0xE6, 0xB2, 0x4F, 0xC4,
    0x2D, 0x07, 0x0E, 0x3B, 0x90, 0x82, 0x35, 0x39, 0x61, 0x1F, 0x3E, 0x48, 0x6E, 0xE4, 0xB6, 0xB5,
    0x72, 0x74, 0x74, 0x9A, 0xD8, 0xD3, 0xFA, 0xFC, 0xA8, 0x94, 0x0D, 0xA3, 0xD2, 0xBC, 0xF5, 0xEC,
    0x22, 0xAC, 0x26, 0x5D, 0xAE, 0x2D, 0x73, 0x37, 0x67, 0x37, 0x41, 0x69, 0x08, 0x6F, 0x23, 0x12,
    0x2E, 0x4B, 0xF5, 0x4C, 0xAF, 0xB9, 0x10, 0xD8, 0xCE, 0x59, 0xC8, 0xE5, 0x4D, 0x2A, 0x7F, 0x55,
    0xC0, 0x6A, 0xE7, 0x5B, 0x83, 0x9D, 0x27, 0xCF, 0xB1, 0xF3, 0x14, 0x93, 0x8F, 0xA7, 0xEC, 0x2D,
    0xF1, 0x88, 0x8A, 0x30, 0x48, 0x33, 0x94, 0x67, 0x80, 0x90, 0xE1, 0xC1, 0x6C, 0xBB, 0xEA, 0x27,
    0xB1, 0x87, 0x4C, 0x82, 0x66, 0xC1, 0x44, 0xC8, 0x98, 0x08, 0x28, 0x46, 0x7E, 0x0D, 0xFE, 0x1F,
    0xD4, 0xE8, 0xF4, 0xDB, 0x4F, 0xD0, 0x1F, 0xF0, 0xDA, 0x44, 0x9B, 0xF2, 0x8F, 0x25, 0xFA, 0x75,
    0x1E, 0x7E, 0x52, 0x06, 0x1F, 0x1B, 0xF9, 0xB4, 0x6F, 0x87, 0xA3, 0x9F, 0xDB, 0xEE, 0x13, 0x1B,
    0x7C, 0x60, 0xC3, 0x85, 0x44, 0x87, 0x60, 0x8E, 0x3A, 0x3B, 0xD0, 0x3C, 0x1A, 0x21, 0xFA, 0x5F,
    0x7B, 0xFA, 0xC6, 0xCE, 0x11, 0xED, 0x7C, 0xE5, 0x39, 0x76, 0xBE, 0x10, 0xD8, 0xE0, 0x7D, 0x5D,
    0x13, 0x94, 0x73, 0x5F, 0xAE, 0x7F, 0x3D, 0xC0, 0x57, 0xAF, 0x52, 0xC0, 0xF9, 0x78, 0x0E, 0x6F,
    0x9B, 0x33, 0x78, 0x8B, 0x95, 0xD7, 0x59, 0x74, 0xEB, 0x65, 0x0E, 0x1E, 0x90, 0xB1, 0x53, 0xA6,
    0x0C, 0x8C, 0x94, 0x09, 0xB2, 0xC7, 0xE5, 0x48, 0x79, 0x3D, 0x8F, 0xB5, 0x3C, 0x95, 0xF3, 0x87,
    0xC7, 0xC9, 0x04, 0x7D, 0x75, 0xC1, 0x8C, 0xDA, 0xE7, 0xEB, 0x93, 0xFC, 0x80, 0x5C, 0xAC, 0xA5,
    0x75, 0x86, 0x46, 0x79, 0xBF, 0xEF, 0x54, 0x0D, 0x3E, 0x7B, 0x20, 0x72, 0x3B, 0xB7, 0x4E, 0xAB,
    0x3D, 0x32, 0x7F, 0x69, 0xE2, 0x3C, 0x30, 0x31, 0x32, 0x12, 0x53, 0x50, 0xB9, 0xAB, 0x65, 0xDF,
    0x51, 0x49, 0xF0, 0x52, 0x98, 0x2E, 0x0B, 0xE7, 0x6F, 0x67, 0xD7, 0x7E, 0x5A, 0x4D, 0xDA, 0xA2,
    0x4C, 0xD8, 0x67, 0xE4, 0x9D, 0x73, 0xC6, 0xFF, 0xF6, 0xB3, 0xC6, 0xBF, 0x18, 0x5D, 0xD8, 0xB2,
    0x46, 0xA8, 0xC7, 0x77, 0x70, 0x40, 0x7E, 0xF9, 0xE5, 0x74, 0x18, 0x3D, 0x61, 0x70, 0x94, 0xA0,
    0x30, 0x80, 0x18, 0x81, 0x7A, 0x6D, 0x29, 0xFD, 0x22, 0x85, 0xD2, 0x5E, 0x5C, 0x40, 0xA7, 0x88,
    0x41, 0xB1, 0x82, 0xA7, 0xF7, 0xE5, 0x8E, 0x46, 0xCD, 0x4C, 0x16, 0x38, 0xAB, 0x80, 0xE6, 0xD1,
    0xBA, 0xCF, 0x0E, 0x65, 0x1E, 0xEE, 0xCE, 0x29, 0x20, 0x20, 0xCE, 0xA9, 0x81, 0x71, 0xC2, 0xF2,
    0x1E, 0x54, 0xC0, 0x99, 0x1C, 0xAD, 0x70, 0x22, 0x26, 0xA1, 0xD8, 0x5C, 0x0F, 0xCB, 0x36, 0xCA,
    0x97, 0x6B, 0xF6, 0x01, 0x37, 0xF6, 0xB9, 0xFF, 0xB1, 0x72, 0x7E, 0xB4, 0x88, 0x76, 0xD9, 0x75,
    0x8D, 0x8D, 0xF3, 0x43, 0xD0, 0xFA, 0xC3, 0xFB, 0x89, 0xDC, 0xD3, 0x96, 0x93, 0xF5, 0x9F, 0x99,
    0xF2, 0xCA, 0x8D, 0x40, 0xF6, 0x1A, 0x86, 0x31, 0x2A, 0x2E, 0x62, 0x94, 0xFB, 0xFB, 0x0A, 0xC3,
    0x46, 0x6C, 0x1C, 0x9F, 0x64, 0x53, 0x26, 0xE1, 0x62, 0xF8, 0xC9, 0x6B, 0x1A, 0x8B, 0x47, 0xDC,
    0x98, 0x74, 0xF5, 0x04, 0x33, 0x69, 0x4D, 0x8B, 0x6F, 0xAA, 0x71, 0x94, 0xF3, 0xFD, 0xD8, 0x37,
    0xC9, 0x3F, 0x97, 0xF1, 0xDA, 0xCD, 0x55, 0xFA, 0xBB, 0xD1, 0x47, 0xE0, 0x1B, 0xFC, 0x7B, 0xCD,
    0x9E, 0x67, 0x40, 0x37, 0xD1, 0xDB, 0x7C, 0xEB, 0x19, 0x1C, 0x92, 0x93, 0xDB, 0x51, 0x1C, 0x52,
    0xC4, 0x3F, 0x51, 0x24, 0xDE, 0x09, 0xE7, 0xB3, 0xC8, 0x9C, 0x7E, 0x18, 0xF2, 0x9C, 0x68, 0xF0,
    0x7C, 0xBB, 0x11, 0x32, 0xE7, 0x51, 0xDB, 0x4F, 0x1A, 0x44, 0xDE, 0xC4, 0xB9, 0x57, 0x43, 0x58,
    0x19, 0x11, 0xBE, 0xE8, 0x59, 0xC8, 0x3B, 0x49, 0x68, 0xBF, 0x13, 0xF7, 0xB7, 0xEE, 0x1F, 0xF5,
    0x53, 0x27, 0x2C, 0xE1, 0xB7, 0xCA, 0xEA, 0x51, 0xCB, 0x64, 0x74, 0x66, 0xA4, 0xBB, 0xA2, 0x84,
    0x29, 0xD6, 0x91, 0x32, 0xFA, 0x43, 0x3E, 0x30, 0xDE, 0xBE, 0x43, 0x9F, 0xED, 0xF1, 0x6D, 0x80,
    0xF2, 0x39, 0xAD, 0xBC, 0xB5, 0xF6, 0xA1, 0x85, 0xB6, 0xB6, 0x56, 0x5C, 0x70, 0x52, 0x88, 0xA5,
    0xE1, 0x69, 0xE3, 0x42, 0x2B, 0xC9, 0x92, 0xDC, 0x16, 0x81, 0xC0, 0x93, 0x1B, 0x1A, 0x0D, 0x2F,
    0x40, 0x35, 0xBC, 0x00, 0xE0, 0x70, 0x03, 0xAC, 0x87, 0xDE, 0x87, 0x95, 0xED, 0xEF, 0x1E, 0x3A,
    0x20, 0x7A, 0x3B, 0xA6, 0xB7, 0x14, 0x04, 0x03, 0xBB, 0x1F, 0x63, 0xD7, 0x32, 0xEF, 0x09, 0x44,
    0xEF, 0x2A, 0x28, 0xF8, 0xAD, 0x55, 0xEF, 0xDA, 0xF9, 0x19, 0xB7, 0xD6, 0x85, 0xF8, 0x9F, 0x21,
    0x3E, 0x3F, 0xF9, 0x89, 0x09, 0xFE, 0x23, 0x2A, 0x43, 0x58, 0x27, 0xAC, 0x63, 0x08, 0x03, 0x13,
    0x3E, 0x8D, 0xEF, 0xAB, 0xBB, 0x92, 0x1E, 0x66, 0xE8, 0xA8, 0xA9, 0x8C, 0xE5, 0xFF, 0x00, 0x5D,
    0x90, 0x21, 0xCC, 0xD3, 0x50, 0x18, 0x45, 0xCF, 0x5A, 0x7E, 0x9A, 0xF0, 0x42, 0x3E, 0x4F, 0x46,
    0x8B, 0x40, 0x76, 0xEB, 0xC4, 0xC4, 0x13, 0xAF, 0xEB, 0xE7, 0xBD, 0xCF, 0x04, 0x3E, 0x15, 0x13,
    0x13, 0x0D, 0x7D, 0x1E, 0xC1, 0xBC, 0xC1, 0xBB, 0x89, 0x8A, 0x92, 0x00, 0x7B, 0x5E, 0xD5, 0xAB,
    0x7A, 0x43, 0x43, 0x26, 0x26, 0xB6, 0xC1, 0x70, 0xF0, 0xE7, 0xDA, 0x7B, 0x6F, 0x4E, 0x0E, 0xBC,
    0xA7, 0xA1, 0x42, 0x7C, 0x14, 0x00, 0xA2, 0x60, 0x42, 0xA6, 0x25, 0x35, 0x00, 0x70, 0x25, 0xBA,
    0x63, 0xBE, 0x90, 0x1A, 0xB5, 0x31, 0x6F, 0x9E, 0xDA, 0xCF, 0xBF, 0x6E, 0x87, 0x4B, 0x7B, 0x3B,
    0xDD, 0xDF, 0x45, 0xBD, 0x69, 0xAF, 0xD9, 0xB8, 0xF8, 0xD1, 0x64, 0x49, 0xA8, 0x24, 0x94, 0xA2,
    0xAF, 0x7C, 0x35, 0x75, 0x53, 0x3D, 0xC5, 0x83, 0xE8, 0x9C, 0x17, 0x44, 0x07, 0xB9, 0xE4, 0xCE,
    0xE6, 0xCE, 0x15, 0x67, 0x33, 0x00, 0x49, 0xEC, 0xE5, 0x53, 0x28, 0x32, 0x6D, 0x4A, 0xA6, 0x1D,
    0xC0, 0xCA, 0xB0, 0x2F, 0x71, 0x1D, 0xD9, 0x88, 0xF1, 0xC0, 0xBA, 0xEE, 0xBB, 0xA6, 0x77, 0xEE,
    0xF5, 0xE3, 0x60, 0xF6, 0x15, 0xF9, 0xAD, 0xA5, 0xF8, 0x55, 0x0C, 0x80, 0x3E, 0xE6, 0x2C, 0x28,
    0xD9, 0xB0, 0xE4, 0x89, 0xCC, 0x8B, 0x17, 0x15, 0x1C, 0x47, 0x96, 0x7C, 0xE4, 0x1B, 0x1D, 0x3B,
    0x2C, 0x73, 0xF2, 0xD2, 0xD9, 0x7A, 0x9B, 0x04, 0x13, 0xC4, 0x2F, 0x59, 0x03, 0xFF, 0x61, 0x6A,
    0x35, 0xD4, 0xE3, 0x71, 0x6C, 0x43, 0xA1, 0x46, 0xC5, 0x1B, 0x4D, 0xB1, 0x18, 0x2F, 0x43, 0x34,
    0xC4, 0x41, 0xB0, 0xBC, 0x64, 0x8E, 0x65, 0xCF, 0xDF, 0x86, 0x90, 0xB2, 0x78, 0xC4, 0xC1, 0x07,
    0x66, 0x37, 0x92, 0x9F, 0x64, 0xC6, 0xDB, 0x58, 0xB7, 0xB3, 0xF3, 0xDB, 0xD3, 0xA5, 0x18, 0xFE,
    0xB5, 0xF2, 0x9C, 0x18, 0x88, 0x15, 0xF1, 0x14, 0xE0, 0xE0, 0x08, 0xE0, 0x84, 0xEF, 0x85, 0xF6,
    0x29, 0x39, 0x8E, 0x4A, 0x37, 0xFC, 0x01, 0xC5, 0x77, 0x4D, 0x8C, 0xE4, 0xE6, 0x79, 0xE6, 0x4B,
    0x72, 0xD4, 0xF4, 0x9A, 0x56, 0x7F, 0xBD, 0x80, 0x0E, 0x41, 0xDA, 0xD3, 0xD4, 0xC1, 0x01, 0xB2,
    0x49, 0x77, 0x71, 0x0E, 0x42, 0xD2, 0x48, 0xC8, 0x2A, 0x5A, 0x5E, 0xAC, 0x02, 0x08, 0x90, 0x75,
    0x08, 0x90, 0x83, 0x81, 0x44, 0xD7, 0xFD, 0x81, 0x5B, 0x59, 0x4C, 0xE0, 0x36, 0x52, 0x3D, 0x45,
    0xCB, 0xB9, 0x19, 0x70, 0xFA, 0xB0, 0xD8, 0x4B, 0xB0, 0xC6, 0x1C, 0x03, 0x69, 0x11, 0x75, 0x16,
    0xBD, 0x00, 0x05, 0x54, 0x77, 0x71, 0x65, 0x60, 0x7D, 0x10, 0xB0, 0xA6, 0xE4, 0xC3, 0x1E, 0xB2,
    0x30, 0xA8, 0xF5, 0x00, 0x32, 0x60, 0x44, 0x43, 0x5B, 0xD4, 0x86, 0x2D, 0x55, 0xD7, 0x97, 0xE7,
    0x79, 0xC9, 0xAA, 0xEE, 0x9E, 0x1E, 0x61, 0x27, 0xB2, 0xC6, 0xA9, 0x19, 0x7E, 0xEC, 0xFA, 0xE1,
    0xF7, 0xBD, 0xBF, 0xCF, 0xF3, 0xBC, 0x22, 0xFA, 0x3A, 0xE6, 0x72, 0xCE, 0x65, 0x92, 0x61, 0x59,
    0x2B, 0xE4, 0xD2, 0xCB, 0x5A, 0x2B, 0xB2, 0xC7, 0x25, 0x94, 0x75, 0x2E, 0x5F, 0x10, 0x19, 0xF0,
    0x8B, 0x84, 0x4B, 0xAC, 0x4F, 0x59, 0x3C, 0x36, 0xE3, 0xD2, 0xF2, 0x6D, 0xC3, 0xA5, 0xC6, 0xE5,
    0xD4, 0xF2, 0xB2, 0xB8, 0x35, 0xFE, 0xF6, 0x2A, 0xA7, 0x92, 0x4D, 0x6B, 0x4B, 0xFC, 0xD6, 0x72,
    0xFB, 0x66, 0x47, 0xC4, 0x6D, 0xEE, 0xE0, 0x37, 0xD5, 0x58, 0x1E, 0x7C, 0x3D, 0x8E, 0x23, 0xB1,
    0xB4, 0x33, 0x6B, 0x9B, 0x3A, 0x94, 0xA3, 0x3A, 0x92, 0xA3, 0x17, 0x07, 0x72, 0xA8, 0xFB, 0x71,
    0xBB, 0x83, 0x59, 0x86, 0xCD, 0x6A, 0x69, 0xDD, 0x16, 0x5B, 0xCD, 0xF1, 0xF4, 0x14, 0x1B, 0x8D,
    0xB1, 0xCF, 0xD8, 0xAB, 0x64, 0xBA, 0xD9, 0x4A, 0x3B, 0x9B, 0xF3, 0x10, 0x7C, 0x2A, 0x5E, 0x29,
    0x5F, 0x0A, 0x53, 0x19, 0x21, 0x60, 0x51, 0xC5, 0x73, 0x6F, 0x74, 0xBB, 0xB8, 0x73, 0x98, 0x8A,
    0xEF, 0x87, 0x57, 0x1D, 0xD9, 0xB3, 0x0B, 0x78, 0x30, 0xC0, 0xB5, 0x83, 0x75, 0x1B, 0x5F, 0x3F,
    0xA5, 0xE7, 0xD2, 0xED, 0xA9, 0x74, 0xF6, 0x37, 0x9D, 0xF5, 0xDC, 0xDD, 0xE5, 0x09, 0xD8, 0x76,
    0xF3, 0x0C, 0x4E, 0x2E, 0x98, 0x0D, 0x7B, 0x08, 0xE3, 0x5B, 0xB7, 0x91, 0x26, 0x28, 0xE4, 0x28,
    0x14, 0xB9, 0xBB, 0x34, 0x7B, 0x66, 0x2B, 0xA1, 0x83, 0x6D, 0xBF, 0xCD, 0x5C, 0xB7, 0x74, 0x8A,
    0x3B, 0xE2, 0x15, 0xA3, 0x2C, 0x2C, 0x0C, 0x8E, 0x77, 0x66, 0xF7, 0x60, 0xE7, 0x99, 0x38, 0xD6,
    0x66, 0x5E, 0x65, 0xD2, 0xA0, 0x08, 0x24, 0x28, 0xD6, 0x71, 0x89, 0xF8, 0x3C, 0x93, 0x67, 0x4C,
    0x4A, 0x91, 0xA0, 0xD1, 0x1D, 0x9E, 0x96, 0x03, 0xB9, 0x0D, 0x03, 0x73, 0x18, 0x38, 0x75, 0x5A,
    0x1C, 0x5D, 0x49, 0xB0, 0x48, 0xE1, 0xCB, 0x5C, 0xF6, 0x4A, 0x31, 0x4C, 0x07, 0x93, 0x31, 0xD4,
    0x6C, 0x8C, 0xD5, 0x87, 0x5C, 0x3D, 0xA8, 0x69, 0xBF, 0xCB, 0xC0, 0x0B, 0x02, 0x36, 0x41, 0x78,
    0xC6, 0x26, 0x95, 0x79, 0x94, 0x4A, 0xBE, 0xF5, 0x40, 0x7E, 0x61, 0x28, 0xF6, 0xE2, 0x66, 0xDC,
    0x4D, 0x73, 0x3B, 0xEC, 0xD3, 0xBB, 0x0C, 0x4B, 0xFE, 0x09, 0x61, 0x81, 0x9F, 0x93, 0xF3, 0xD5,
    0x26, 0xF8, 0x04, 0x67, 0x3C, 0xD2, 0x46, 0xCD, 0xD5, 0x8D, 0x90, 0x45, 0xF1, 0x0B, 0x7D, 0xFC,
    0x37, 0x23, 0x91, 0x11, 0x76, 0xDB, 0x3C, 0xC4, 0xCF, 0x5C, 0x8B, 0x7C, 0x21, 0x6A, 0xF6, 0x1E,
    0x83, 0xEC, 0xB1, 0x56, 0x63, 0xFE, 0x4E, 0xF6, 0x03, 0xF6, 0xC6, 0x31, 0x8F, 0x93, 0x9A, 0x07,
    0x3A, 0x55, 0x88, 0xFA, 0xF3, 0xCA, 0x08, 0x85, 0xE3, 0x15, 0x43, 0x67, 0x2E, 0x41, 0x9A, 0xE0,
    0xD8, 0x10, 0xB9, 0x19, 0x0B, 0xFF, 0x1A, 0x6F, 0x4C, 0x71, 0x7C, 0x3E, 0x62, 0x61, 0xD5, 0xA3,
    0x72, 0x0D, 0x75, 0x18, 0x49, 0x68, 0x91, 0x59, 0xDB, 0x46, 0x2C, 0xF1, 0x72, 0xB3, 0xA1, 0xE1,
    0x3C, 0x25, 0x54, 0x6B, 0x06, 0xBA, 0x0E, 0x85, 0x67, 0x25, 0xEA, 0x1A, 0xEA, 0xF6, 0xA3, 0x14,
    0x99, 0xB6, 0x38, 0x25, 0xC7, 0xF7, 0x2C, 0xC3, 0x21, 0xBE, 0xAB, 0x71, 0x25, 0x70, 0x28, 0x96,
    0x98, 0x65, 0x2A, 0x53, 0x38, 0x95, 0xBB, 0xCD, 0x66, 0x0B, 0x07, 0xCA, 0xC9, 0xDC, 0xE0, 0x94,
    0x07, 0x4B, 0xFE, 0x70, 0x59, 0xF2, 0x89, 0x96, 0x7C, 0x89, 0x5D, 0x1B, 0xB4, 0x3D, 0x77, 0x9C,
    0xF6, 0x25, 0x0F, 0x3B, 0xA5, 0xC1, 0x4E, 0xF5, 0x66, 0xE3, 0xA3, 0xE4, 0xC3, 0xC5, 0x32, 0x65,
    0x3E, 0x17, 0xA4, 0x12, 0x75, 0xC4, 0x77, 0x0C, 0x8E, 0xB3, 0x4A, 0x27, 0x9F, 0x9A, 0x95, 0x61,
    0x83, 0x3C, 0x1C, 0x3C, 0x0D, 0x4F, 0x10, 0xE2, 0x88, 0x3E, 0x0D, 0x03, 0x3C, 0x90, 0xDC, 0xE4,
    0x69, 0xFB, 0x2C, 0x57, 0xD6, 0x68, 0xCE, 0xC2, 0x6D, 0x98, 0x24, 0x98, 0x85, 0x8C, 0x98, 0x0C,
    0x29, 0xF1, 0x4B, 0xE4, 0xC4, 0xAB, 0x51, 0xF4, 0x88, 0x22, 0xAA, 0xFE, 0xCE, 0xAA, 0x54, 0xD6,
    0x75, 0x0D, 0x15, 0x91, 0x82, 0x5A, 0xDF, 0xE4, 0x0F, 0xA2, 0x45, 0xEB, 0xA1, 0x07, 0xF6, 0x4A,
    0x17, 0x55, 0x6A, 0x34, 0xE7, 0xA1, 0xA0, 0x8F, 0x11, 0x2B, 0x96, 0xF4, 0x50, 0x06, 0x35, 0x3D,
    0xFE, 0x39, 0xD6, 0xB1, 0xF7, 0x26, 0xD6, 0xA9, 0x61, 0xFE, 0xF3, 0x98, 0x15, 0xF0, 0x61, 0xCD,
    0x78, 0x7F, 0x9C, 0x61, 0x45, 0x23, 0x20, 0xEA, 0x78, 0x10, 0x16, 0xE1, 0x07, 0x88, 0x3D, 0xAB,
    0x18, 0xBD, 0x77, 0xEE, 0x5A, 0x3D, 0x78, 0x03, 0x7E, 0xA7, 0xCF, 0xB0, 0x62, 0x8E, 0xB0, 0xFC,
    0x4F, 0x3C, 0xED, 0xD9, 0xB4, 0xFB, 0xFC, 0xE2, 0x15, 0x5A, 0xC7, 0x56, 0x41, 0x2B, 0xB3, 0xD4,
    0x63, 0x6E, 0x10, 0x52, 0x80, 0x6B, 0x03, 0x24, 0x92, 0x96, 0x11, 0x99, 0x32, 0x22, 0x63, 0xB6,
    0x43, 0xC2, 0x38, 0x0C, 0x88, 0xBC, 0x21, 0x41, 0xC4, 0xD0, 0x43, 0x56, 0x95, 0x30, 0x5C, 0x09,
    0x7D, 0x1C, 0x55, 0x7D, 0xC8, 0xE9, 0x62, 0x88, 0xA3, 0xF6, 0xCA, 0xE0, 0x8C, 0x3F, 0x72, 0x2B,
    0x2D, 0x9A, 0x92, 0x2E, 0x6A, 0x98, 0xB5, 0x68, 0x12, 0x6D, 0xE9, 0x31, 0xCD, 0x47, 0x0C, 0x58,
    0x3A, 0xB9, 0x6E, 0xD8, 0x68, 0x67, 0xD4, 0xEC, 0x0D, 0x58, 0x33, 0xD4, 0x0E, 0x48, 0xB4, 0x07,
    0xD0, 0x21, 0xC0, 0x47, 0x44, 0x0D, 0x85, 0x42, 0x50, 0xF6, 0x14, 0xCD, 0xB8, 0xAF, 0xE8, 0xBE,
    0xAB, 0x55, 0x6D, 0xF0, 0x7A, 0x0F, 0x8F, 0xF8, 0x37, 0x03, 0xE2, 0xB3, 0xAB, 0xD6, 0x69, 0xE9,
    0x36, 0x7B, 0x6D, 0x97, 0x4B, 0x0D, 0xAF, 0x9C, 0x92, 0xDB, 0x17, 0x38, 0x29, 0x48, 0xD1, 0x59,
    0x04, 0x21, 0x19, 0xBE, 0x3A, 0x43, 0x07, 0xD1, 0xAA, 0x1A, 0x06, 0xC2, 0x01, 0x53, 0xA0, 0x86,
    0xC2, 0x7B, 0x68, 0x3B, 0xF4, 0xB1, 0xB5, 0xE7, 0x80, 0xC9, 0x73, 0xED, 0x1C, 0x5E, 0x03, 0xA0,
    0xD0, 0xB2, 0x4E, 0x27, 0x8B, 0x54, 0x71, 0x4E, 0x01, 0x10, 0x28, 0x87, 0x2E, 0xB8, 0xA8, 0x53,
    0xBF, 0x82, 0x03, 0x19, 0xD0, 0x91, 0x74, 0x91, 0x01, 0xE2, 0xE0, 0x2C, 0x2A, 0x28, 0x84, 0x6B,
    0x03, 0xED, 0xC1, 0x5C, 0xBB, 0x63, 0xA2, 0xF8, 0xAF, 0xFD, 0x71, 0x65, 0x8F, 0xCA, 0x69, 0xBC,
    0xF2, 0xD2, 0x1E, 0x9F, 0x05, 0x5C, 0xC3, 0x08, 0x56, 0xC5, 0x8C, 0x5D, 0x2E, 0x37, 0x99, 0x2A,
    0xD9, 0xD6, 0x90, 0x76, 0x58, 0xB2, 0xAF, 0xEB, 0x91, 0x22, 0x4A, 0xCD, 0x2E, 0x77, 0x4B, 0xA6,
    0xCA, 0x2B, 0x98, 0xAA, 0x20, 0x0D, 0xB5, 0x0A, 0x08, 0x63, 0x3B, 0x7A, 0xEA, 0xBE, 0xAE, 0xAC,
    0x24, 0xA6, 0x0A, 0x70, 0x33, 0xB2, 0x04, 0xFC, 0x58, 0xB1, 0x6B, 0xAC, 0xEB, 0x3E, 0x9F, 0x03,
    0x64, 0x4B, 0x20, 0xA0, 0x3E, 0xF9, 0xFC, 0xE3, 0xA2, 0xEC, 0x53, 0xB1, 0xCD, 0x5A, 0x2D, 0x36,
    0xDB, 0xCB, 0xA2, 0x5A, 0xFE, 0x08, 0x06, 0x9F, 0xBC, 0x24, 0x52, 0x85, 0xEA, 0xE2, 0xD1, 0xC0,
    0x27, 0x3A, 0xEE, 0x26, 0xDA, 0xAF, 0xDB, 0xB1, 0x9E, 0x31, 0xB2, 0xBA, 0xED, 0xD9, 0xC9, 0x5C,
    0x4B, 0xE6, 0x98, 0x1F, 0x06, 0xA5, 0xF6, 0x7E, 0x98, 0xB1, 0xFB, 0xE5, 0x8E, 0xF6, 0xBF, 0xCC,
    0xDD, 0x0A, 0x08, 0xE0, 0xD7, 0x5E, 0x89, 0xC2, 0x0A, 0x8B, 0xA0, 0x05, 0xEF, 0x0C, 0x09, 0xC9,
    0x07, 0x22, 0xAF, 0xB7, 0x68, 0x33, 0x8B, 0x00, 0x85, 0xA9, 0x9F, 0x99, 0xD4, 0xD3, 0x9A, 0x8E,
    0xBA, 0x64, 0xCC, 0x60, 0xF1, 0x8C, 0x9B, 0x9F, 0xF2, 0x34, 0xFD, 0xFC, 0x16, 0x1E, 0x3C, 0xC6,
    0x73, 0xF3, 0x15, 0x75, 0xFD, 0x0A, 0x11, 0x42, 0x3A, 0x35, 0xA0, 0xD9, 0x76, 0x99, 0xE1, 0xE1,
    0x26, 0xA3, 0x12, 0x2A, 0x5F, 0x49, 0xFA, 0xCF, 0x82, 0x5B, 0x8F, 0x05, 0x9C, 0x95, 0x24, 0x3B,
    0x8E, 0xD4, 0xB2, 0x56, 0x86, 0x54, 0x82, 0x54, 0x7E, 0x24, 0x3D, 0x82, 0x1D, 0x89, 0x25, 0x11,
    0x6B, 0x54, 0xA1, 0x20, 0x11, 0xED, 0x6D, 0x25, 0x46, 0xE5, 0x45, 0xD2, 0xA2, 0x90, 0x15, 0x53,
    0x92, 0x62, 0x2A, 0xE1, 0x1C, 0x99, 0xC6, 0xCF, 0xCF, 0xC5, 0xC0, 0x16, 0xEF, 0x5C, 0xC5, 0x94,
    0xB7, 0x90, 0x21, 0x6E, 0xFE, 0xDF, 0xC8, 0x9F, 0xE1, 0x16, 0xFC, 0x89, 0xFC, 0x82, 0x94, 0x1F,
    0xBA, 0xEF, 0x10, 0x03, 0x8D, 0xF7, 0x26, 0x6E, 0x3B, 0xE6, 0x79, 0x86, 0x24, 0x36, 0x2F, 0xE8,
    0x2D, 0x98, 0xF2, 0x96, 0xFB, 0x0D, 0x6F, 0x8D, 0x57, 0xD3, 0x3E, 0x56, 0x16, 0x22, 0x55, 0xB9,
    0x0C, 0x18, 0x71, 0x6B, 0xF3, 0x9E, 0x32, 0x3E, 0x8B, 0x67, 0x99, 0x06, 0x07, 0x69, 0x08, 0xFB,
    0x34, 0x88, 0xA6, 0x41, 0x34, 0x0D, 0xA2, 0x69, 0x60, 0xAF, 0x4F, 0xC8, 0xC1, 0xA4, 0x62, 0xA6,
    0x41, 0x71, 0xB2, 0x51, 0xE4, 0xAD, 0x89, 0xBC, 0xF8, 0x01, 0xD3, 0x50, 0x33, 0x01, 0x0F, 0x49,
    0xC3, 0x1A, 0x5B, 0x6D, 0x82, 0x86, 0x40, 0x5D, 0x9E, 0x0B, 0x42, 0x3A, 0xE2, 0x4F, 0x22, 0x56,
    0x6D, 0xC8, 0xD0, 0x98, 0x74, 0xCA, 0xA5, 0xE5, 0xDB, 0x96, 0x85, 0xDC, 0xF2, 0x6C, 0x2C, 0x07,
    0xB4, 0xA8, 0xC5, 0x0D, 0x19, 0x18, 0xA5, 0x20, 0x42, 0xA3, 0xFA, 0xC4, 0x96, 0x5D, 0x9F, 0x93,
    0x16, 0x2C, 0xB1, 0x26, 0x54, 0x28, 0x0A, 0x15, 0x8C, 0x06, 0x6A, 0xDC, 0x55, 0x5A, 0x08, 0x56,
    0xB4, 0xD0, 0xEA, 0xBA, 0xA4, 0x85, 0xE8, 0x1A, 0x2D, 0x10, 0x6B, 0x5A, 0x46, 0x63, 0x72, 0x1E,
    0xB0, 0xF1, 0x97, 0xC8, 0x6A, 0x84, 0xC8, 0x9A, 0x60, 0xF7, 0x44, 0x93, 0x18, 0x63, 0xA7, 0xB1,
    0x5F, 0x2B, 0x94, 0xB0, 0x7A, 0x3E, 0x09, 0x15, 0xED, 0x25, 0x11, 0xDB, 0xF6, 0x22, 0x36, 0x95,
    0xA3, 0x61, 0x0F, 0x45, 0x4B, 0x50, 0xBD, 0x2A, 0x62, 0x85, 0x65, 0x96, 0x8D, 0x90, 0x2F, 0xA3,
    0xA5, 0x56, 0x5D, 0xA8, 0x19, 0xF0, 0x2F, 0x15, 0xCD, 0xDD, 0x10, 0x6A, 0x66, 0xD0, 0x83, 0xDA,
    0xFF, 0x07, 0xA1, 0x97, 0x76, 0x3C, 0x1E, 0x76, 0x96, 0x57, 0xEF, 0x32, 0x23, 0x55, 0x0F, 0x4C,
    0x6A, 0xD4, 0x26, 0xF8, 0xC4, 0x59, 0x9C, 0xDA, 0xD4, 0xAF, 0xC6, 0xA6, 0x30, 0xE9, 0xBE, 0x57,
    0x0E, 0xE4, 0xD8, 0x03, 0x35, 0xA2, 0x16, 0x63, 0x2C, 0x05, 0xC4, 0x5B, 0x50, 0x0C, 0xDD, 0x2A,
    0x4A, 0xA3, 0x6F, 0xBF, 0x8D, 0x1E, 0x66, 0x88, 0x9D, 0xD7, 0xA1, 0xF5, 0x34, 0x6D, 0x12, 0x6A,
    0x82, 0x5B, 0x5D, 0xA2, 0x05, 0x14, 0x3A, 0x40, 0xC1, 0x64, 0xC8, 0xA2, 0x0F, 0x0D, 0x89, 0xE0,
    0x8E, 0xE9, 0x1D, 0x51, 0xE7, 0x63, 0xFE, 0x7A, 0x22, 0xCB, 0x85, 0xE4, 0xE3, 0xBD, 0x45, 0x61,
    0xCB, 0x1A, 0x48, 0xE8, 0x3D, 0x67, 0x1A, 0xA0, 0xF4, 0x14, 0x7C, 0x8B, 0xB4, 0xDA, 0x79, 0x80,
    0xE2, 0xF9, 0xB4, 0x8A, 0x22, 0xBC, 0xA6, 0x28, 0x92, 0x6B, 0x8A, 0x02, 0xF5, 0x30, 0x51, 0x9A,
    0x92, 0xDE, 0x97, 0x7E, 0x0D, 0x34, 0x5A, 0x81, 0x86, 0xEC, 0xF3, 0x94, 0xDC, 0xC6, 0xA6, 0x9B,
    0x95, 0x7F, 0x86, 0x63, 0x5C, 0x76, 0x8F, 0xB6, 0x8D, 0xC7, 0x19, 0x03, 0xBF, 0x37, 0x29, 0x97,
    0x02, 0x05, 0x1F, 0x70, 0x43, 0xC7, 0xBE, 0x9E, 0xF6, 0x22, 0xFF, 0x22, 0xC8, 0x1D, 0x9F, 0x25,
    0xAA, 0xDA, 0x33, 0x2A, 0x0D, 0x1C, 0x63, 0x6B, 0xFE, 0x83, 0x67, 0x93, 0x0C, 0xC3, 0xAC, 0x51,
    0x2E, 0xD7, 0x25, 0x11, 0x5D, 0x14, 0x81, 0x28, 0xD0, 0xB5, 0x86, 0xA7, 0xA2, 0x4B, 0x2B, 0xBA,
    0x34, 0xF4, 0xB0, 0x61, 0xE1, 0x60, 0x61, 0xED, 0x60, 0x41, 0x68, 0xB8, 0xC0, 0x2C, 0x97, 0x28,
    0xA2, 0x58, 0x58, 0xC2, 0x34, 0xFA, 0x09, 0xFC, 0xA3, 0xA3, 0x9C, 0x44, 0x7E, 0xA5, 0xC7, 0xFE,
    0xB4, 0x3B, 0xB6, 0xA3, 0x15, 0xAD, 0xFB, 0x8B, 0xDB, 0xF1, 0x85, 0x4A, 0xC3, 0xEB, 0x2E, 0x7E,
    0x39, 0x07, 0x64, 0x95, 0x8A, 0xC9, 0x04, 0xF5, 0xC3, 0xCB, 0x2D, 0x43, 0xC5, 0x32, 0xC1, 0x97,
    0x39, 0xDA, 0xA1, 0x51, 0x13, 0x1A, 0x9C, 0xDF, 0xB8, 0x30, 0x00, 0xE2, 0xAA, 0xC4, 0x61, 0xE9,
    0x84, 0x20, 0x8F, 0x3D, 0xBA, 0x79, 0x45, 0xE7, 0xAF, 0xB0, 0x6B, 0xEE, 0x50, 0xFA, 0x8A, 0xE9,
    0x8B, 0x65, 0x79, 0x23, 0xD2, 0x60, 0x63, 0xD6, 0xCB, 0xE9, 0x4C, 0xD5, 0x0D, 0xB6, 0xD7, 0xBA,
    0x71, 0xEA, 0x48, 0x0B, 0x87, 0x0C, 0xE3, 0xE0, 0x0C, 0x2D, 0x1D, 0x97, 0x9A, 0xD1, 0xAB, 0x82,
    0xA2, 0x2B, 0x1E, 0x57, 0xF5, 0xE8, 0x3D, 0xC3, 0x84, 0x2E, 0xE7, 0xC4, 0xF0, 0xD2, 0x78, 0x77,
    0x59, 0x17, 0x9E, 0xCE, 0xAE, 0x6B, 0xBA, 0x6B, 0xBA, 0x50, 0xF5, 0x43, 0xE6, 0x15, 0x41, 0xE9,
    0x67, 0x60, 0x03, 0xC5, 0x84, 0x7E, 0x20, 0xA4, 0x40, 0x19, 0xD9, 0x4B, 0x78, 0xE5, 0x97, 0xB7,
    0x50, 0xED, 0xC7, 0x40, 0xE5, 0x39, 0xB9, 0xEE, 0x42, 0x3F, 0x08, 0x4E, 0x92, 0xD9, 0x61, 0xC0,
    0x98, 0x1B, 0x7C, 0x3D, 0xA1, 0x41, 0x2D, 0x64, 0x8C, 0x0C, 0x08, 0xF9, 0x85, 0x24, 0x08, 0x05,
    0xBA, 0x25, 0xC6, 0xE5, 0x17, 0x0A, 0x89, 0xB8, 0x9D, 0xA2, 0x66, 0x71, 0xCB, 0x11, 0x03, 0x04,
    0xA5, 0xC1, 0x8D, 0x02, 0x18, 0xED, 0x14, 0x92, 0x5B, 0xF1, 0x10, 0x0E, 0x0E, 0x4A, 0x72, 0x49,
    0xE5, 0x35, 0x7E, 0x45, 0xD8, 0xD5, 0xE6, 0x39, 0x97, 0x48, 0x55, 0x19, 0x27, 0x4B, 0x50, 0xED,
    0xA1, 0x04, 0x24, 0x53, 0x93, 0x6A, 0x49, 0x69, 0x41, 0xC5, 0x3D, 0x99, 0x9A, 0x92, 0x22, 0x90,
    0x7E, 0x3A, 0x8B, 0x86, 0x32, 0x92, 0x24, 0xF9, 0x2D, 0x12, 0x01, 0x5B, 0x3A, 0x66, 0x15, 0x91,
    0x07, 0x47, 0x25, 0x09, 0x4F, 0xE9, 0x2E, 0xFA, 0x4E, 0x8A, 0x2D, 0xE1, 0xE9, 0x29, 0x1C, 0x49,
    0xD0, 0xE9, 0x18, 0x20, 0xA1, 0x21, 0x73, 0x96, 0xA0, 0xD3, 0x90, 0x30, 0x01, 0xD1, 0x75, 0xDA,
    0x6E, 0x7F, 0x50, 0xCC, 0x6A, 0x2B, 0x51, 0xB6, 0x1C, 0xB7, 0x9C, 0x52, 0x93, 0x11, 0x50, 0x84,
    0xFE, 0x27, 0x8D, 0xA0, 0x8B, 0x4F, 0x28, 0xFB, 0xCC, 0xE6, 0xA1, 0x6C, 0xCD, 0x10, 0xCA, 0x72,
    0x8A, 0x43, 0x12, 0x70, 0x55, 0x82, 0xBA, 0xA6, 0xF8, 0xE6, 0x35, 0xD6, 0xBD, 0x99, 0x9C, 0x31,
    0x69, 0x0F, 0xA8, 0x13, 0xD0, 0xB9, 0xA8, 0x72, 0x6C, 0x1B, 0x14, 0x79, 0x08, 0xD1, 0xE1, 0xD4,
    0xE3, 0xCD, 0x62, 0x66, 0xEB, 0xD6, 0x69, 0x60, 0x01, 0xCA, 0x70, 0xEA, 0x97, 0x93, 0x59, 0x1A,
    0x02, 0x42, 0x67, 0x59, 0x60, 0xAB, 0x75, 0xB7, 0xBE, 0x81, 0xE7, 0xF1, 0x78, 0x94, 0x82, 0x3F,
    0x11, 0xB9, 0x01, 0x8B, 0xE0, 0x45, 0xA0, 0xE7, 0xC8, 0x66, 0x84, 0xB0, 0xAF, 0xA7, 0x9E, 0xAD,
    0x83, 0x2F, 0xB7, 0xD2, 0x75, 0x18, 0xF9, 0x6C, 0x20, 0x93, 0x53, 0xCF, 0x2E, 0x4C, 0x76, 0x67,
    0x20, 0x83, 0x58, 0x92, 0xA9, 0xC4, 0xE0, 0xAB, 0x46, 0x72, 0xEC, 0x0F, 0xE9, 0x3F, 0x0D, 0x8A,
    0xD1, 0x42, 0x95, 0xD6, 0x5E, 0x06, 0x86, 0x46, 0xD0, 0x42, 0xA7, 0x86, 0xB6, 0x1A, 0x9B, 0xEC,
    0x8D, 0x13, 0x41, 0x4F, 0x28, 0xA3, 0xA5, 0x53, 0xBF, 0x00, 0x71, 0x84, 0xF7, 0x96, 0x41, 0x98,
    0x3B, 0x45, 0x50, 0xF9, 0xD6, 0x2B, 0x46, 0xF5, 0x93, 0xC6, 0x2F, 0xAA, 0x8D, 0x1B, 0x81, 0x79,
    0x05, 0x75, 0x1F, 0xEC, 0x3D, 0x87, 0x42, 0x0F, 0x5E, 0x63, 0x99, 0x06, 0x3F, 0x24, 0xB7, 0x99,
    0x17, 0x7E, 0x4C, 0xBE, 0x08, 0xBF, 0x47, 0x5D, 0x1C, 0xAD, 0x43, 0xFE, 0xD5, 0xB1, 0xF1, 0x33,
    0x5B, 0xEC, 0x9A, 0x05, 0x04, 0xEB, 0x6D, 0x0F, 0x47, 0xCF, 0x32, 0xDF, 0xD6, 0xEB, 0xD2, 0xDC,
    0x40, 0xF9, 0x22, 0x57, 0x88, 0x0D, 0x20, 0x0C, 0x85, 0xE8, 0xD6, 0x2F, 0xBB, 0x15, 0x98, 0x72,
    0x06, 0x6D, 0xD4, 0x4A, 0x54, 0x04, 0xD9, 0x0C, 0x1C, 0xC2, 0x21, 0xC1, 0x2F, 0x42, 0xD4, 0xD2,
    0x40, 0x73, 0xD7, 0x8D, 0x4A, 0x73, 0x49, 0x10, 0x93, 0xC4, 0xCF, 0x5F, 0x4C, 0xB6, 0xBE, 0x59,
    0x8E, 0xDA, 0x49, 0x16, 0x96, 0xC9, 0x52, 0x63, 0xA6, 0xB2, 0xEB, 0x65, 0x32, 0x06, 0xE6, 0x8E,
    0x50, 0xB9, 0x2B, 0x37, 0xE4, 0x53, 0xED, 0x09, 0xE1, 0x2F, 0x5F, 0x2B, 0x50, 0x3B, 0xDF, 0x06,
    0x28, 0xBF, 0x00, 0x0F, 0x51, 0x80, 0xEB, 0xC0, 0x9B, 0x90, 0x82, 0x05, 0x71, 0xDF, 0xC1, 0xB1,
    0x71, 0xE8, 0x40, 0x89, 0x7D, 0x17, 0xB9, 0x9E, 0xCB, 0xB1, 0x8E, 0x06, 0x11, 0xFC, 0x44, 0x9F,
    0x79, 0x6F, 0x23, 0x81, 0xCF, 0xA2, 0xA1, 0x50, 0x8E, 0xEB, 0xE0, 0x98, 0x9B, 0xB8, 0x28, 0x1B,
    0x77, 0xD1, 0x19, 0xC7, 0xE6, 0x5F, 0xFF, 0x46, 0x6D, 0xB6, 0x47, 0x85, 0x69, 0x46, 0xA9, 0xC9,
    0x9C, 0x53, 0xF1, 0x2B, 0xCF, 0xA6, 0x06, 0xE5, 0x52, 0x8C, 0x0A, 0xF9, 0xDD, 0xE2, 0x1B, 0x99,
    0xFC, 0x4E, 0xF9, 0x5E, 0x2A, 0x7F, 0xFA, 0xF6, 0x5B, 0xA9, 0xFC, 0xED, 0x4F, 0xBE, 0x8A, 0xB9,
    0xE3, 0x3D, 0xE0, 0x59, 0xF9, 0xF7, 0x46, 0x9C, 0x62, 0xBE, 0x25, 0x5E, 0xD6, 0x6C, 0xED, 0x5A,
    0xE0, 0x5B, 0x7D, 0x22, 0xA9, 0x49, 0xF7, 0x8A, 0x20, 0xA5, 0x73, 0x10, 0x0F, 0x70, 0x2C, 0x44,
    0xE7, 0x44, 0x62, 0x5E, 0x45, 0xC1, 0xA3, 0x7D, 0xB7, 0xE0, 0xE0, 0x4E, 0x37, 0x1B, 0xA6, 0xB1,
    0xBC, 0x81, 0xFE, 0xB1, 0x28, 0xF1, 0x13, 0x94, 0x41, 0xE5, 0xDA, 0xD6, 0x14, 0xD3, 0x48, 0x12,
    0xB4, 0xC5, 0x98, 0x2C, 0x9F, 0x34, 0x5A, 0x30, 0xAD, 0xC3, 0x82, 0x44, 0xE5, 0xA2, 0x70, 0xF7,
    0xB2, 0x53, 0x99, 0x7D, 0x1F, 0x31, 0xF8, 0xAE, 0x49, 0x83, 0xDC, 0x88, 0x01, 0xB2, 0x99, 0x02,
    0xB1, 0xCB, 0x96, 0xB1, 0xEB, 0xC7, 0x4E, 0xF9, 0x70, 0xB5, 0xB5, 0x73, 0xEA, 0xD7, 0xEE, 0x22,
    0x9A, 0xCB, 0xD6, 0x31, 0xE6, 0xD2, 0x22, 0x81, 0x8E, 0x8B, 0xD1, 0x28, 0xB1, 0x52, 0x01, 0xDB,
    0xE3, 0x18, 0xE9, 0x27, 0xE2, 0x53, 0x1B, 0xA1, 0x37, 0x9D, 0x9F, 0x35, 0xDA, 0x5B, 0x64, 0x62,
    0x5E, 0xEC, 0xB1, 0xF0, 0xA7, 0x5D, 0x0A, 0x65, 0xAF, 0x70, 0x2D, 0x40, 0x35, 0xDB, 0x52, 0xF5,
    0x34, 0x26, 0x75, 0xB0, 0x17, 0x1B, 0xD2, 0x3C, 0xAA, 0x35, 0x43, 0x51, 0x43, 0xB2, 0xEC, 0x65,
    0x27, 0xD0, 0x5A, 0x30, 0xD4, 0xCC, 0x61, 0x6A, 0xB8, 0x1B, 0x4B, 0x90, 0x6F, 0xD5, 0xA0, 0xF2,
    0x3A, 0x02, 0xCE, 0x9A, 0x62, 0x94, 0xE6, 0x30, 0x79, 0xA8, 0x54, 0x3E, 0x56, 0x2A, 0x9F, 0x2A,
    0x95, 0x37, 0xEE, 0xBB, 0x42, 0x75, 0xF2, 0xBF, 0x53, 0x7C, 0x0A, 0x09, 0x9E, 0x43, 0x33, 0x37,
    0x9C, 0xAF, 0xC6, 0x8E, 0x45, 0x53, 0x19, 0x54, 0x49, 0x50, 0xEC, 0xC0, 0xAA, 0x58, 0x28, 0x63,
    0xDC, 0xF2, 0x36, 0xEA, 0xB6, 0x16, 0xE7, 0xDD, 0x52, 0x9C, 0x9F, 0xC0, 0x54, 0xE4, 0x48, 0xDE,
    0x67, 0x9B, 0x74, 0xDA, 0x4B, 0xAD, 0x4F, 0x65, 0x63, 0x5B, 0xA8, 0xF6, 0xE1, 0x37, 0x4B, 0x6F,
    0x8D, 0x14, 0x82, 0x1F, 0xC4, 0xBF, 0xD6, 0xD1, 0x14, 0x75, 0x1A, 0xB5, 0xA2, 0x4D, 0x81, 0x7E,
    0x75, 0xF0, 0xA3, 0xB7, 0xDB, 0x2D, 0xAF, 0x18, 0x63, 0xAE, 0x88, 0x73, 0x5C, 0x8D, 0x9F, 0xC5,
    0x4D, 0x90, 0x8E, 0x71, 0xB5, 0xAD, 0x71, 0xEB, 0x3B, 0x26, 0x28, 0x22, 0x04, 0x69, 0x8D, 0xBC,
    0x44, 0xA9, 0xB6, 0xD3, 0xE9, 0xC8, 0x97, 0x50, 0x88, 0x04, 0x69, 0x9E, 0x81, 0xDA, 0x9D, 0x06,
    0xE7, 0xDE, 0x5C, 0x06, 0x28, 0x92, 0x10, 0x87, 0x1B, 0xF8, 0x10, 0x54, 0x1D, 0x5F, 0xF1, 0xBE,
    0x85, 0x33, 0xF7, 0x1B, 0xD9, 0xA8, 0xA7, 0xAC, 0xB0, 0x7A, 0x08, 0x5C, 0x79, 0x68, 0x43, 0xA4,
    0xCB, 0xA4, 0x4E, 0xBB, 0x86, 0xF0, 0xDA, 0x34, 0x09, 0xB5, 0x21, 0x8A, 0xB0, 0xFC, 0xBD, 0xE2,
    0x22, 0x45, 0xBC, 0xC8, 0x7B, 0x03, 0x44, 0xDE, 0xA0, 0xAD, 0x23, 0xBC, 0xDB, 0xD1, 0xE7, 0x0D,
    0x05, 0x14, 0xE2, 0x61, 0xEE, 0xB7, 0x18, 0xD2, 0x7A, 0x5D, 0x2A, 0x75, 0x2A, 0xCE, 0x07, 0x18,
    0x17, 0xAC, 0x1A, 0x1B, 0xE1, 0xBC, 0xE3, 0x19, 0xAA, 0xA8, 0x93, 0x85, 0xF0, 0xD8, 0xAD, 0xE0,
    0xB2, 0x57, 0x1A, 0x50, 0x27, 0xBE, 0x6B, 0xFC, 0x62, 0xC0, 0x61, 0x2C, 0x01, 0x8F, 0xA6, 0xB1,
    0xA9, 0x7E, 0xFF, 0x0F, 0x92, 0xE4, 0xE7, 0x7F, 0xF7, 0x1F, 0x46, 0xB5, 0xFD, 0x4E, 0x13, 0x66,
    0x27, 0x98, 0xB2, 0x1E, 0xD8, 0xA0, 0xE0, 0x06, 0xD9, 0xC3, 0x37, 0xC8, 0xE2, 0x00, 0x1B, 0xC4,
    0x3B, 0xF5, 0xCF, 0x74, 0x83, 0x16, 0x1B, 0xF8, 0x7F, 0x2D, 0xBD, 0x18, 0xEF, 0x16, 0xCE, 0x83,
    0xDA, 0xBB, 0xDD, 0x8B, 0x6D, 0x13, 0x81, 0x8B, 0x77, 0xF1, 0x59, 0x0C, 0x11, 0xF7, 0xD4, 0x4E,
    0x3F, 0x2F, 0x22, 0x0D, 0x6E, 0x15, 0x42, 0xB2, 0x75, 0x61, 0x73, 0xAB, 0x21, 0x74, 0x1A, 0x3E,
    0x9F, 0x40, 0x27, 0x54, 0x28, 0xDB, 0xDF, 0x46, 0xBB, 0x67, 0xA8, 0x64, 0x7E, 0x4D, 0x41, 0xF7,
    0x57, 0x88, 0x4D, 0x60, 0x1B, 0x74, 0x4C, 0xD6, 0x12, 0x6E, 0xC6, 0x1A, 0x9E, 0x18, 0xCB, 0x71,
    0xFC, 0x92, 0x71, 0xEA, 0x83, 0x2A, 0xB8, 0x5F, 0xCC, 0x32, 0x77, 0x01, 0x0A, 0x89, 0x4A, 0xC1,
    0xE3, 0x78, 0x0E, 0xFF, 0xFD, 0xFF, 0x9C, 0x06, 0x16, 0xBA, 0x7F, 0x6E, 0xA8, 0xCE, 0xC7, 0xA0,
    0x0C, 0x60, 0xB5, 0xB1, 0x25, 0x7E, 0xB8, 0x84, 0xD0, 0xF6, 0x46, 0x27, 0xAA, 0x60, 0x26, 0x55,
    0x03, 0x9B, 0xE2, 0x96, 0x5B, 0xE7, 0xE0, 0x11, 0x4B, 0x1E, 0x41, 0xD7, 0x2C, 0x64, 0x86, 0xC2,
    0xC9, 0x7C, 0xB8, 0x5B, 0x00, 0xED, 0x61, 0xF4, 0x57, 0x4A, 0xAF, 0x32, 0xAF, 0x15, 0x5E, 0x19,
    0x5A, 0x2C, 0x83, 0x00, 0xC3, 0xC6, 0x0E, 0x25, 0x76, 0x4C, 0xCC, 0x00, 0x36, 0x1D, 0xC8, 0xD8,
    0x03, 0x72, 0xE5, 0x38, 0x83, 0x24, 0x5B, 0x80, 0xBC, 0x0A, 0x41, 0x8B, 0x49, 0x1D, 0xA4, 0xAA,
    0xA7, 0x5A, 0xD3, 0x8F, 0x15, 0x5F, 0x47, 0xE0, 0x00, 0x7E, 0x79, 0xBC, 0xF1, 0x2F, 0xEB, 0x71,
    0x35, 0x2A, 0x26, 0x18, 0x79, 0x3B, 0x0C, 0x7E, 0x49, 0x5B, 0x73, 0xAA, 0xA2, 0xB5, 0xD3, 0xBF,
    0xF2, 0xC8, 0x8C, 0x53, 0xC7, 0x6E, 0x3D, 0x75, 0xAB, 0x7C, 0x95, 0x88, 0x47, 0x7C, 0x70, 0x0D,
    0x01, 0x58, 0x9B, 0xF6, 0x92, 0x30, 0x67, 0xFE, 0xE6, 0xF2, 0xC4, 0x87, 0x2F, 0x76, 0xD3, 0x50,
    0xF5, 0x6F, 0xC5, 0x03, 0x7E, 0x79, 0x3F, 0x46, 0x52, 0x5A, 0xE4, 0xA4, 0x82, 0xC7, 0x28, 0x7B,
    0x93, 0xE1, 0x42, 0x8E, 0x42, 0x15, 0xAD, 0xD1, 0x4A, 0x19, 0x74, 0x9B, 0x34, 0x5A, 0x0F, 0xBE,
    0x4F, 0x31, 0x8E, 0x50, 0xB4, 0xB2, 0x14, 0x99, 0xD8, 0x92, 0x82, 0x3D, 0x95, 0x27, 0x97, 0x04,
    0xB9, 0x24, 0x6C, 0x59, 0x12, 0xB6, 0xAB, 0x84, 0x3D, 0x64, 0x69, 0x81, 0xB0, 0x4B, 0x12, 0x36,
    0x65, 0x59, 0x49, 0x4F, 0xD2, 0x97, 0x6E, 0x6A, 0xC9, 0x41, 0x2E, 0xCE, 0xCE, 0x57, 0x30, 0x76,
    0x08, 0x4F, 0x46, 0x5D, 0x08, 0x88, 0x76, 0x95, 0x9F, 0x1D, 0x52, 0x41, 0xA1, 0x14, 0xF0, 0xF5,
    0x42, 0xA7, 0x2E, 0x53, 0x3C, 0xED, 0x67, 0x2D, 0x50, 0x5E, 0xD1, 0x0E, 0x30, 0x35, 0xD7, 0xB6,
    0x52, 0x62, 0x9B, 0x14, 0x5E, 0x81, 0x14, 0x67, 0x74, 0x46, 0xA5, 0xF7, 0xD3, 0x07, 0xF5, 0x0C,
    0xC9, 0x34, 0x5E, 0x11, 0x05, 0xC5, 0x80, 0x6D, 0xBA, 0x22, 0x41, 0x99, 0x74, 0x05, 0x56, 0xB0,
    0x7B, 0x71, 0x48, 0x28, 0x9D, 0xB4, 0xC0, 0x43, 0x72, 0x50, 0xA3, 0x62, 0x50, 0x89, 0xD2, 0xB5,
    0x76, 0x98, 0xF5, 0xE3, 0xC7, 0xC5, 0xCB, 0x45, 0xA0, 0x83, 0x79, 0xDF, 0x35, 0x7D, 0xB0, 0x2F,
    0x8F, 0x9E, 0x84, 0xB5, 0xCB, 0x40, 0xCE, 0x6D, 0xA8, 0x87, 0x4D, 0x07, 0x5B, 0x4F, 0xD3, 0x73,
    0xC2, 0xA2, 0x5A, 0x44, 0x9E, 0x14, 0x8A, 0x51, 0xEF, 0x6D, 0x2A, 0xD1, 0x67, 0x09, 0x55, 0x7C,
    0x68, 0xDD, 0xBB, 0x5F, 0xCA, 0x4D, 0x14, 0xB9, 0x6C, 0x07, 0x69, 0x23, 0xBB, 0x86, 0x84, 0x61,
    0xA4, 0x01, 0x63, 0x7E, 0xB9, 0x1E, 0x15, 0xA8, 0xCB, 0x51, 0xEA, 0x2C, 0x10, 0xA9, 0x1D, 0x98,
    0x1B, 0xC3, 0x15, 0x60, 0x7D, 0x06, 0xCC, 0x21, 0xC2, 0xBF, 0x0A, 0x46, 0xB3, 0x76, 0xB1, 0x05,
    0x66, 0xDC, 0x41, 0xC7, 0x24, 0x4E, 0x15, 0x42, 0x6C, 0x25, 0x68, 0x93, 0x36, 0x67, 0x87, 0xFD,
    0x61, 0x67, 0xBF, 0x16, 0xCB, 0x03, 0x85, 0xD2, 0xD9, 0x3E, 0x11, 0xEF, 0x4D, 0x88, 0xE7, 0x1F,
    0x3E, 0x9F, 0xF9, 0xFF, 0x15, 0x84, 0x87, 0xA2, 0x37, 0x65, 0x4F, 0x78, 0x1D, 0x36, 0x6E, 0x80,
    0xF0, 0x8E, 0x12, 0x84, 0x31, 0x66, 0x8A, 0x65, 0x09, 0x21, 0xF3, 0x4E, 0x53, 0x73, 0x22, 0xF8,
    0xFC, 0xE5, 0xF2, 0xFD, 0x34, 0x02, 0x02, 0xAF, 0x2F, 0x8A, 0x4A, 0x3A, 0x09, 0xD3, 0x6E, 0x4F,
    0xA7, 0xFC, 0xA5, 0x84, 0x4C, 0xAF, 0x8D, 0xBE, 0xD0, 0xF3, 0x18, 0xC4, 0x09, 0x87, 0xD5, 0xAF,
    0x77, 0x1F, 0x7F, 0x86, 0x5C, 0xF7, 0x4F, 0xB6, 0xED, 0x9D, 0xA4, 0x8B, 0xD7, 0x3A, 0x95, 0xA3,
    0x28, 0x6E, 0xC8, 0x8B, 0xB8, 0x7E, 0x0B, 0x00, 0x3D, 0x69, 0x57, 0x05, 0x04, 0xFE, 0xAB, 0x86,
    0xB3, 0xD7, 0xAA, 0xDD, 0xD0, 0x29, 0x9F, 0x19, 0xB8, 0xC5, 0xC6, 0x70, 0x39, 0x14, 0x7D, 0x94,
    0xEA, 0xD4, 0x32, 0x75, 0x39, 0x12, 0xCD, 0x51, 0x8B, 0xA4, 0xF5, 0x5C, 0x67, 0xBA, 0x7E, 0x28,
    0x1A, 0x59, 0x8A, 0x18, 0x6C, 0xFC, 0xEF, 0x7F, 0x80, 0x56, 0xF2, 0xFF, 0x0B, 0xCA, 0x3D, 0x38,
    0x46, 0x31, 0x9A, 0x8A, 0xE3, 0x44, 0x31, 0x3C, 0x47, 0x90, 0x09, 0x23, 0xA8, 0x31, 0xCC, 0x1B,
    0x75, 0x00, 0x5D, 0x03, 0xE4, 0x8D, 0xA5, 0xA1, 0x50, 0x98, 0xCC, 0x51, 0x26, 0x6C, 0xB8, 0x35,
    0x8E, 0x67, 0x13, 0x80, 0x23, 0x3C, 0x38, 0x61, 0x4A, 0x46, 0xEC, 0x8D, 0x90, 0x49, 0x32, 0x90,
    0x0E, 0x58, 0x66, 0x18, 0x50, 0x53, 0x4E, 0xA9, 0x29, 0x93, 0x4B, 0x88, 0x1A, 0x72, 0x39, 0xA0,
    0x4F, 0x2D, 0x6E, 0x98, 0x33, 0x46, 0x69, 0x08, 0x5A, 0xB0, 0x30, 0xC3, 0x61, 0xFC, 0x31, 0x12,
    0xB8, 0x76, 0x8E, 0x03, 0xB7, 0x64, 0x2B, 0x96, 0x70, 0x62, 0x17, 0x33, 0xBB, 0x80, 0x28, 0xA9,
    0x29, 0xC2, 0x9A, 0xA9, 0x5F, 0x75, 0xD0, 0x01, 0xA0, 0x08, 0x0A, 0x04, 0x03, 0x6A, 0x31, 0x83,
    0x5C, 0x36, 0x19, 0x07, 0xB0, 0x4C, 0xC7, 0xAF, 0x80, 0x53, 0x97, 0x61, 0x89, 0x0C, 0x44, 0xF3,
    0x86, 0xC4, 0x1D, 0x73, 0x21, 0xF0, 0xFD, 0x5F, 0x1C, 0xA1, 0x79, 0x73, 0x3E, 0x26, 0x0E, 0x5B,
    0xE6, 0x9A, 0x82, 0x8A, 0x56, 0x09, 0x0C, 0xC9, 0x67, 0x85, 0x37, 0x27, 0x63, 0x7A, 0xE5, 0x36,
    0x2E, 0x24, 0xBB, 0x84, 0x10, 0x7F, 0xA7, 0x10, 0xF7, 0x47, 0xA9, 0xB8, 0x3F, 0xEE, 0x13, 0xDD,
    0x76, 0xC9, 0x96, 0x8B, 0x02, 0x94, 0x1B, 0xFA, 0x26, 0x76, 0x0B, 0x16, 0xE9, 0x26, 0x7B, 0x39,
    0x3C, 0xEF, 0xC5, 0xF7, 0xD5, 0x97, 0x6D, 0x59, 0x67, 0x40, 0x3E, 0x8C, 0xAE, 0x46, 0x93, 0x1B,
    0x42, 0x12, 0x10, 0x71, 0x38, 0x86, 0x0C, 0x65, 0x50, 0x33, 0x8B, 0x3F, 0xC7, 0x3A, 0xF6, 0xDE,
    0xC4, 0x3A, 0x35, 0x9C, 0x49, 0xF3, 0x98, 0xAA, 0xE5, 0xC3, 0x9A, 0x75, 0xFF, 0x31, 0x28, 0x0A,
    0x93, 0x1E, 0xEB, 0x80, 0xB0, 0x9A, 0x72, 0x56, 0xC0, 0xBA, 0xD9, 0xCA, 0xA4, 0xC2, 0xD8, 0xE8,
    0x5A, 0x05, 0x41, 0x4F, 0xBB, 0x86, 0xBF, 0xEF, 0xE0, 0xA6, 0xD3, 0x48, 0x22, 0xCF, 0xC8, 0x3F,
    0x7D, 0x2C, 0x48, 0x1F, 0x5A, 0xB1, 0x87, 0xA8, 0xD8, 0x0A, 0x15, 0x5B, 0x86, 0xE5, 0x88, 0xD8,
    0x06, 0xA7, 0x83, 0xBE, 0x64, 0x77, 0x71, 0x6D, 0x88, 0x92, 0xF0, 0xDE, 0xA1, 0x22, 0xA6, 0xF3,
    0xFA, 0x5F, 0xA3, 0xC1, 0xE6, 0x5D, 0x85, 0x6A, 0x95, 0xC2, 0xFF, 0x19, 0xAA, 0xB4, 0x45, 0x95,
    0xB2, 0x4E, 0xBB, 0x0A, 0x6D, 0x91, 0xC7, 0xC6, 0xEB, 0xAB, 0x74, 0x82, 0x2A, 0x0D, 0x6A, 0x79,
    0xA2, 0x26, 0x96, 0x02, 0x42, 0x51, 0x91, 0xE0, 0x08, 0x50, 0x2F, 0x8E, 0x31, 0xFF, 0x2E, 0x0D,
    0x6D, 0x35, 0x70, 0x6B, 0x14, 0x25, 0xB4, 0x2A, 0x01, 0x0D, 0x0A, 0xA8, 0xA7, 0x15, 0x9B, 0x41,
    0x44, 0x36, 0xB0, 0x79, 0x8E, 0xA3, 0x13, 0xD8, 0x0C, 0x95, 0xBD, 0x31, 0x96, 0x78, 0x17, 0xB3,
    0x1F, 0x0A, 0x17, 0x6A, 0x40, 0x66, 0x3F, 0x03, 0x48, 0xC3, 0xE4, 0xDA, 0xCD, 0x94, 0x11, 0xEB,
    0x2E, 0x62, 0x9B, 0x67, 0x1D, 0x99, 0x3F, 0x44, 0xAD, 0x27, 0x17, 0x6A, 0x7D, 0x03, 0xE0, 0x7B,
    0x04, 0xB5, 0xFE, 0xFB, 0x50, 0xEB, 0x51, 0xAF, 0xD6, 0xA1, 0x82, 0x4A, 0x1F, 0x21, 0xF3, 0xAE,
    0xAB, 0x75, 0x6C, 0xA7, 0x19, 0x61, 0x16, 0x94, 0xFE, 0x0D, 0x55, 0x93, 0xA5, 0xA1, 0xE7, 0x3D,
    0x9D, 0xE8, 0x32, 0x90, 0x1E, 0xE1, 0x3A, 0xD9, 0x40, 0x2E, 0xD1, 0xE6, 0x57, 0x46, 0x51, 0x4A,
    0x51, 0x7E, 0xD3, 0xD2, 0xA3, 0xC1, 0x5D, 0x8E, 0x69, 0xB2, 0xDA, 0x8C, 0xD7, 0x13, 0xDD, 0xE6,
    0xFD, 0xC5, 0x78, 0xFB, 0x08, 0xB1, 0x82, 0xF1, 0x7E, 0x7F, 0x1D, 0x2F, 0xC5, 0xE7, 0x85, 0xE8,
    0xFE, 0x0A, 0x4A, 0x0B, 0x24, 0x27, 0x77, 0xB4, 0x3E, 0x61, 0xD8, 0x1E, 0xDA, 0xB1, 0x53, 0x00,
    0x3B, 0x58, 0xB7, 0xD5, 0x9C, 0xB8, 0x63, 0x86, 0x90, 0x39, 0x6C, 0xAF, 0x32, 0xDC, 0x95, 0xE0,
    0x2D, 0x2E, 0xD1, 0xFF, 0x0D, 0xA7, 0x76, 0xBD, 0xD2, 0xBD, 0x9F, 0xA2, 0x6B, 0x82, 0xF7, 0x65,
    0xF0, 0x04, 0x76, 0x02, 0xFD, 0x6B, 0x0F, 0x9F, 0xF1, 0xA8, 0x73, 0x0D, 0x01, 0xEB, 0xAA, 0xAB,
    0xAD, 0xA7, 0x57, 0xE5, 0x71, 0x00, 0xB9, 0x35, 0xB3, 0x2C, 0x88, 0x96, 0x00, 0x86, 0xA3, 0xC6,
    0x38, 0x6A, 0x8C, 0xA3, 0xC6, 0x38, 0x6A, 0x8C, 0x62, 0xCF, 0x27, 0x2A, 0x16, 0x14, 0x75, 0x4B,
    0xF9, 0x12, 0x70, 0x80, 0xC1, 0x8E, 0x2A, 0x08, 0xB4, 0x36, 0xB2, 0x10, 0xBB, 0x47, 0x41, 0x76,
    0xD7, 0x68, 0x93, 0x85, 0x9B, 0x87, 0xA1, 0x6D, 0xA2, 0x74, 0x9E, 0x48, 0x82, 0x14, 0x62, 0x38,
    0xDB, 0xBF, 0x98, 0x9B, 0xEA, 0xCF, 0xFB, 0xA5, 0xD1, 0xB1, 0x0E, 0xA8, 0x6F, 0x9B, 0xB5, 0x1A,
    0x03, 0x1B, 0x38, 0xAA, 0x96, 0x3F, 0x42, 0xF9, 0x9F, 0x40, 0xBA, 0x55, 0xA1, 0x32, 0xD0, 0xD1,
    0x80, 0x49, 0x95, 0xDD, 0x84, 0xB8, 0x2C, 0xDB, 0xB1, 0x8A, 0xE4, 0x91, 0xD5, 0xB4, 0x9C, 0x9D,
    0x50, 0x00, 0x78, 0xF5, 0x31, 0x3F, 0x0C, 0x8A, 0x46, 0x69, 0x2A, 0xAB, 0x99, 0xD5, 0x3B, 0xA0,
    0x5C, 0xB4, 0xEB, 0x1C, 0xD0, 0x5B, 0x8A, 0x0F, 0xC5, 0x09, 0xCC, 0x43, 0x83, 0xB5, 0xCE, 0x39,
    0x52, 0x3D, 0x9A, 0xCB, 0xAC, 0x03, 0x88, 0xB0, 0xBF, 0x75, 0x1D, 0x38, 0xE8, 0x6E, 0xDB, 0xDD,
    0xED, 0x37, 0x97, 0xB2, 0x6A, 0xEE, 0x14, 0x41, 0xE5, 0x5B, 0x0F, 0xD3, 0xCA, 0x93, 0xC6, 0x2F,
    0xAA, 0x8D, 0x1B, 0x81, 0x79, 0x85, 0x92, 0x62, 0xEF, 0x39, 0x3C, 0x1E, 0xBC, 0xC6, 0xA7, 0x83,
    0x1F, 0xF2, 0x70, 0xF3, 0xC2, 0x8F, 0xD9, 0x8A, 0xE1, 0xF7, 0x68, 0x71, 0xB4, 0xEE, 0x40, 0xAA,
    0xC6, 0xC6, 0xCF, 0x6C, 0xB1, 0x0B, 0x57, 0x4F, 0xE5, 0xB6, 0xF7, 0x9E, 0xEE, 0xD8, 0x89, 0xD1,
    0x6E, 0x35, 0xB2, 0x2A, 0x3F, 0x79, 0x4A, 0xE4, 0xF5, 0x16, 0xF5, 0x03, 0x89, 0x58, 0x84, 0xA9,
    0x0F, 0x15, 0xE5, 0xE9, 0xF7, 0x51, 0x57, 0x91, 0x33, 0xC4, 0x7C, 0x36, 0x57, 0x9A, 0x44, 0x08,
    0xF4, 0xF3, 0x5B, 0x78, 0xF2, 0x18, 0x88, 0x3E, 0x07, 0x36, 0x90, 0x7C, 0x82, 0x45, 0x6F, 0x3F,
    0x58, 0xFB, 0x46, 0xDC, 0x0F, 0x5F, 0x87, 0xB2, 0x92, 0xEA, 0xCD, 0x0D, 0xF6, 0x74, 0x25, 0x68,
    0x45, 0xE8, 0x69, 0xA4, 0xD4, 0xAD, 0x5F, 0x76, 0xAB, 0x26, 0x28, 0x66, 0x36, 0xA5, 0x08, 0x3A,
    0xE2, 0xFF, 0x8D, 0x9A, 0xFA, 0xE4, 0xD7, 0x53, 0xA2, 0x26, 0x32, 0x3F, 0x2B, 0x43, 0x36, 0xF5,
    0xC1, 0xD3, 0x08, 0x13, 0x2C, 0x88, 0xD8, 0x68, 0x43, 0x1A, 0x9F, 0x10, 0x73, 0x0E, 0xF6, 0xFB,
    0x81, 0x44, 0x72, 0x55, 0xAB, 0xF4, 0x84, 0x19, 0xE0, 0xC8, 0x83, 0xDD, 0x11, 0x7D, 0xAF, 0x42,
    0xEC, 0x37, 0xCF, 0x50, 0x8C, 0x94, 0x9A, 0xE9, 0x32, 0xEA, 0x1A, 0xF3, 0xAD, 0x55, 0xBC, 0xB7,
    0x1F, 0xAA, 0x50, 0xCC, 0x35, 0x85, 0xE2, 0x41, 0xA1, 0xFC, 0x25, 0xE0, 0xD3, 0x42, 0xA1, 0xFC,
    0xEC, 0x4A, 0xDF, 0x75, 0xF9, 0x43, 0x69, 0xA1, 0x38, 0xEE, 0xC0, 0x61, 0xCF, 0xE2, 0x43, 0xF3,
    0x17, 0x8A, 0x45, 0x32, 0x78, 0x19, 0x3B, 0x25, 0xFF, 0x0D, 0x2D, 0x17, 0x53, 0x3B, 0x68, 0xE3,
    0xBE, 0x71, 0x1F, 0x7F, 0xFD, 0xF7, 0x1F, 0xC0, 0x9D, 0xFF, 0xF7, 0x7D, 0x7C, 0xF1, 0xC1, 0x2B,
    0x2A, 0x9C, 0x1B, 0xC6, 0x67, 0xCA, 0xE2, 0x1E, 0xB2, 0xB5, 0xA2, 0x14, 0x56, 0x07, 0xC5, 0x5E,
    0xE6, 0x55, 0x5F, 0x2B, 0x42, 0xE8, 0xE1, 0x5D, 0x09, 0x5E, 0x02, 0xF2, 0xFF, 0x47, 0xD0, 0xE7,
    0x37, 0x60, 0x1C, 0x36, 0x1A, 0xBC, 0x96, 0xCA, 0xCE, 0x8F, 0x0A, 0x89, 0xBF, 0x5D, 0x0A, 0x10,
    0xB1, 0x1C, 0xA3, 0xAD, 0x8F, 0x99, 0xD2, 0x2E, 0x7C, 0x19, 0xC2, 0x17, 0xCA, 0xC1, 0x86, 0x67,
    0xDF, 0xC5, 0x01, 0x77, 0x9E, 0xC3, 0x79, 0x09, 0xAD, 0xD5, 0x52, 0xA6, 0xB2, 0x90, 0x13, 0xC2,
    0x4D, 0xCB, 0xFE, 0x6B, 0x98, 0x6A, 0x70, 0x3E, 0x0C, 0x81, 0xE6, 0xBE, 0x1C, 0x3E, 0xD1, 0xF0,
    0xDD, 0x91, 0x4D, 0xA4, 0xE0, 0xD7, 0x2F, 0xE9, 0xDB, 0xC9, 0x3C, 0xC2, 0x26, 0x5D, 0xD4, 0x7C,
    0x44, 0x2D, 0xD8, 0xEE, 0xA2, 0x66, 0xB0, 0x71, 0xF8, 0x30, 0x5D, 0xE7, 0x10, 0x89, 0x61, 0xD8,
    0xCC, 0x22, 0xAF, 0x10, 0x95, 0xFB, 0x1B, 0x48, 0x57, 0x25, 0x77, 0x07, 0x9A, 0x57, 0x1A, 0x96,
    0x90, 0xB2, 0xEE, 0xE4, 0xAB, 0xBC, 0xC6, 0x0F, 0xE4, 0xF5, 0xE1, 0x86, 0x19, 0x2B, 0x79, 0xB4,
    0xF0, 0xE7, 0xBB, 0x37, 0xB7, 0x24, 0xDE, 0x06, 0x15, 0xC5, 0xB0, 0xF0, 0xF7, 0x0A, 0x9D, 0x48,
    0xE5, 0x04, 0x7F, 0xD7, 0x24, 0x94, 0x7C, 0x03, 0x94, 0xF1, 0x8C, 0x5B, 0x45, 0x95, 0x57, 0x82,
    0x49, 0x97, 0xB4, 0xEC, 0x2C, 0x54, 0xFF, 0x2B, 0x2D, 0x8B, 0xD2, 0xB2, 0x28, 0x2D, 0x8B, 0xD2,
    0x32, 0xC1, 0x66, 0x62, 0x49, 0xB0, 0x50, 0x36, 0xA4, 0x65, 0x66, 0x07, 0x3F, 0x20, 0xCD, 0xD6,
    0x1C, 0x4E, 0xF0, 0x03, 0xD2, 0x72, 0x7D, 0x95, 0x96, 0xEF, 0x29, 0x2D, 0x77, 0x03, 0x93, 0xE2,
    0x45, 0x37, 0xA7, 0x38, 0x4A, 0xD1, 0x9D, 0x8C, 0x75, 0x0A, 0x88, 0x77, 0x8C, 0x32, 0xA0, 0x5D,
    0xAA, 0x17, 0x0E, 0x9F, 0x94, 0x5E, 0xE6, 0xD5, 0x53, 0xF8, 0x73, 0x8E, 0xF2, 0x8C, 0x81, 0xC5,
    0x00, 0x2E, 0xC9, 0xEF, 0xC6, 0x72, 0x56, 0x41, 0xBC, 0x17, 0xB9, 0xBC, 0x81, 0x63, 0xA9, 0x38,
    0x18, 0x7E, 0xDE, 0x69, 0xC6, 0x56, 0x27, 0x31, 0x20, 0xCD, 0xE0, 0x0C, 0x84, 0x97, 0x7A, 0x13,
    0xE8, 0xAD, 0x0D, 0x3A, 0x7F, 0xFE, 0xC5, 0xD2, 0xA1, 0xDE, 0xA3, 0xDE, 0xA5, 0xDE, 0x27, 0x78,
    0x4D, 0xA7, 0x7A, 0xAF, 0x3A, 0xB7, 0x7A, 0xBF, 0x7A, 0xC7, 0x7A, 0xCF, 0xD4, 0x35, 0xB4, 0x74,
    0x2F, 0x39, 0x60, 0xBE, 0xA5, 0x6C, 0xB0, 0x98, 0xBB, 0x30, 0x65, 0xC1, 0x03, 0x0C, 0x93, 0x69,
    0xF4, 0x84, 0xFA, 0xA0, 0x4E, 0xA8, 0x17, 0xEA, 0x06, 0xFD, 0x48, 0xF1, 0xE6, 0x8D, 0x12, 0x6F,
    0x60, 0x6A, 0x0E, 0xFD, 0xA8, 0xD4, 0xC3, 0x6E, 0xD8, 0xB3, 0x1A, 0xAA, 0xB0, 0x33, 0xA3, 0xBF,
    0x0D, 0x3A, 0x6B, 0x12, 0xB5, 0x06, 0x37, 0x93, 0x29, 0x43, 0x9A, 0xAF, 0x9D, 0x31, 0x59, 0x86,
    0x8E, 0xB6, 0x80, 0x5C, 0x48, 0xB8, 0x86, 0x52, 0xAA, 0x80, 0xDD, 0x43, 0x8C, 0x9E, 0xB0, 0x3B,
    0xC1, 0x06, 0xA4, 0x0D, 0x6C, 0xE0, 0xB1, 0x9F, 0xFC, 0x62, 0xB3, 0x85, 0xF8, 0x82, 0x7C, 0x9C,
    0x1B, 0x9B, 0x99, 0xEC, 0x32, 0xEE, 0x2A, 0xEF, 0x3A, 0xA9, 0x66, 0xCA, 0xB3, 0x5D, 0x7A, 0x16,
    0x1C, 0x59, 0xE0, 0xC1, 0xEC, 0xFB, 0x9C, 0x7A, 0xBF, 0xCB, 0x21, 0x74, 0x1F, 0xC5, 0x69, 0x8E,
    0x42, 0x4A, 0xE5, 0x68, 0x82, 0x2D, 0x46, 0x16, 0x05, 0x39, 0x74, 0x5A, 0x0A, 0x8D, 0xA9, 0x2A,
    0x84, 0x18, 0x2E, 0x8D, 0xC7, 0xB0, 0x65, 0x9C, 0x93, 0xBA, 0x56, 0x24, 0xAE, 0xD4, 0x8D, 0x7D,
    0x9F, 0xA4, 0x1B, 0x6C, 0x59, 0x55, 0x7D, 0x6B, 0xAD, 0x12, 0xC5, 0x02, 0xF1, 0x45, 0xF8, 0x82,
    0x62, 0xE8, 0x63, 0xBE, 0x9A, 0x7A, 0xD5, 0x90, 0x5A, 0x08, 0xBC, 0xE7, 0x55, 0x53, 0x17, 0xCC,
    0xD1, 0xEA, 0x02, 0x75, 0x54, 0x80, 0x4D, 0x4C, 0x3A, 0x77, 0x71, 0xEA, 0x09, 0x80, 0x1D, 0x10,
    0x9C, 0x37, 0x40, 0xCA, 0x11, 0xE4, 0xAF, 0x65, 0x2A, 0x67, 0xEF, 0x22, 0xA6, 0xD1, 0xFB, 0xE2,
    0x7E, 0x08, 0x69, 0xFC, 0xED, 0x77, 0xAA, 0x41, 0xF0, 0x2D, 0xC0, 0xBF, 0x53, 0xE7, 0xC6, 0xA9,
    0x9A, 0xD0, 0x2D, 0x9B, 0xD0, 0x2B, 0x5A, 0x13, 0xA4, 0x73, 0xF3, 0xC7, 0x72, 0xC7, 0x6F, 0x39,
    0x4A, 0xD4, 0x6B, 0xE7, 0x51, 0x06, 0x45, 0x7F, 0xA8, 0x3D, 0x09, 0xCE, 0x45, 0xB8, 0x8F, 0xE0,
    0xEB, 0xD1, 0xE0, 0x81, 0xC9, 0xB6, 0xED, 0xAF, 0x79, 0x2F, 0x4E, 0x20, 0x1A, 0xB2, 0x11, 0x14,
    0x29, 0x52, 0x20, 0xAE, 0xBD, 0xB7, 0xC2, 0x40, 0x07, 0x85, 0xE8, 0x73, 0x02, 0xBC, 0xCB, 0x94,
    0x16, 0xAE, 0x2D, 0x83, 0x34, 0xDB, 0x92, 0x0B, 0xDE, 0x6D, 0xF4, 0x7F, 0x2B, 0xE9, 0xD4, 0xCF,
    0x46, 0xD0, 0x1B, 0x78, 0x53, 0xF1, 0xFF, 0x06, 0x18, 0xBC, 0x60, 0x19, 0xA3, 0x2A, 0x5B, 0x94,
    0x24, 0xA0, 0x21, 0x3D, 0x82, 0xA7, 0x47, 0x77, 0x43, 0x39, 0x54, 0x64, 0x5D, 0x6A, 0x84, 0x71,
    0x6F, 0xC2, 0x43, 0xE4, 0xC8, 0xE6, 0x47, 0xA2, 0x32, 0x4F, 0x13, 0x1B, 0xF6, 0xE2, 0x77, 0xBB,
    0xE3, 0xD2, 0xBD, 0xEC, 0x04, 0x0E, 0xCE, 0x7E, 0x60, 0x0D, 0xE4, 0xD1, 0xF7, 0xC2, 0xDD, 0x58,
    0x82, 0x7C, 0x0B, 0x1D, 0x65, 0xEA, 0xA8, 0xC0, 0x5A, 0x8C, 0xD2, 0x1C, 0xE5, 0x85, 0xD8, 0x0B,
    0xA7, 0x9D, 0x1A, 0x47, 0x4E, 0xD1, 0xA9, 0x09, 0xA6, 0xA7, 0x77, 0x30, 0x02, 0xD5, 0xDE, 0xDF,
    0x61, 0xB6, 0xA9, 0x81, 0xE9, 0xB9, 0x53, 0x29, 0xF0, 0x2F, 0xA9, 0xF3, 0xF2, 0xDA, 0x11, 0x78,
    0x8E, 0xDE, 0x40, 0x53, 0x44, 0xF7, 0xD6, 0x38, 0xAE, 0xC0, 0x36, 0xB0, 0x3F, 0xC9, 0x4E, 0x61,
    0x95, 0x3F, 0x69, 0xD4, 0x05, 0x16, 0xC5, 0x88, 0x45, 0x3E, 0xCA, 0x7A, 0x8E, 0xED, 0x9E, 0xD7,
    0x6A, 0x8C, 0x97, 0x52, 0x90, 0x03, 0x03, 0x0A, 0x1D, 0x75, 0x13, 0x01, 0x18, 0x66, 0x45, 0xA4,
    0xDA, 0x5C, 0x67, 0x95, 0x6A, 0x0B, 0x45, 0xB5, 0x83, 0x3D, 0xF1, 0xE3, 0x1A, 0x90, 0xCB, 0xE9,
    0xE1, 0x03, 0xFC, 0x90, 0x01, 0x38, 0xBF, 0x08, 0x8E, 0x5C, 0x42, 0x6B, 0x1F, 0x99, 0x82, 0xFA,
    0x58, 0x1A, 0xE8, 0xAE, 0x0C, 0x44, 0xDE, 0xBD, 0x0E, 0xF7, 0x79, 0x7C, 0xCB, 0x94, 0x1F, 0xA8,
    0x81, 0xD8, 0x6F, 0x6D, 0x86, 0x11, 0x34, 0xA0, 0x02, 0xBC, 0x24, 0x53, 0x2F, 0x19, 0x98, 0x5D,
    0x32, 0x70, 0x72, 0xC9, 0x40, 0x17, 0x06, 0x72, 0x3F, 0xA7, 0x1E, 0x77, 0xE8, 0xFB, 0x0B, 0x58,
    0xF0, 0x0F, 0x99, 0xCE, 0x5F, 0x4F, 0x10, 0x70, 0x6D, 0x71, 0x91, 0xBD, 0xDE, 0x40, 0xF6, 0x05,
    0x0D, 0x04, 0x9A, 0x45, 0x0B, 0x40, 0x37, 0xDE, 0x9B, 0x4C, 0x67, 0xBB, 0x88, 0x00, 0x34, 0xE6,
    0xAF, 0x69, 0xD7, 0xC7, 0xC4, 0x83, 0x89, 0x2C, 0x17, 0xBA, 0xEC, 0xBD, 0x85, 0xCF, 0x0C, 0x61,
    0x23, 0x61, 0x2D, 0xB4, 0x4B, 0x26, 0x0D, 0xEF, 0x39, 0x36, 0xC3, 0x70, 0xA9, 0x8D, 0xAD, 0xA8,
    0xA2, 0x98, 0xA2, 0xB2, 0x2E, 0xD0, 0x69, 0x89, 0xA3, 0xDD, 0x34, 0x38, 0xF7, 0xE6, 0x32, 0xA0,
    0x6C, 0xDC, 0xEE, 0x75, 0x4B, 0xD5, 0xFD, 0x9C, 0xF7, 0x2D, 0x6C, 0xB8, 0xDF, 0xDC, 0xDA, 0xA8,
    0x4F, 0xEA, 0x11, 0x64, 0x18, 0xE6, 0xB5, 0xA3, 0xAB, 0x82, 0xDA, 0xE7, 0x84, 0x09, 0x8F, 0xEC,
    0x57, 0x11, 0x57, 0x6B, 0xFF, 0xCD, 0x99, 0x6C, 0x0F, 0xD0, 0x7A, 0x12, 0x0F, 0xB9, 0x7E, 0x29,
    0x79, 0xD2, 0x55, 0x41, 0xCE, 0xFD, 0xC6, 0x3A, 0x2A, 0xE4, 0x6A, 0x45, 0xA3, 0xF8, 0xCA, 0x21,
    0x96, 0x51, 0x40, 0xFC, 0x09, 0xB5, 0x1A, 0x8D, 0x50, 0x0F, 0xD7, 0x59, 0x96, 0x01, 0xC7, 0xCE,
    0x68, 0x52, 0x6B, 0x6D, 0x3F, 0xE6, 0x29, 0x7B, 0x78, 0xC5, 0xC5, 0xEA, 0xA7, 0x9D, 0x2B, 0x14,
    0xA7, 0xDD, 0xF5, 0x49, 0x63, 0x5D, 0x06, 0x7E, 0x49, 0x97, 0x63, 0xDD, 0xB4, 0x1B, 0xEB, 0xBC,
    0x36, 0x4D, 0xC2, 0x6F, 0x96, 0x18, 0xEB, 0x8A, 0xB0, 0x24, 0x69, 0x7A, 0x97, 0x2E, 0x9A, 0x38,
    0x40, 0x56, 0xA0, 0x21, 0x37, 0x2B, 0xFF, 0x0C, 0x25, 0xE3, 0x92, 0x17, 0x94, 0x0E, 0x60, 0x08,
    0xB7, 0x15, 0xF2, 0x17, 0x9A, 0x08, 0x40, 0x1C, 0x90, 0x84, 0x1C, 0xFB, 0xFA, 0x4A, 0x63, 0x3D,
    0x50, 0xD9, 0x5C, 0x5C, 0xF8, 0x82, 0x9A, 0x59, 0x25, 0xC4, 0x5B, 0x25, 0x44, 0xDD, 0xF0, 0xD9,
    0xAD, 0x06, 0xCA, 0x25, 0xC2, 0x31, 0x3B, 0x6A, 0xAD, 0x21, 0xEA, 0x43, 0xC2, 0x99, 0xFB, 0xAD,
    0xB8, 0xED, 0xAA, 0xB2, 0x41, 0xBD, 0xA8, 0x78, 0x97, 0x27, 0xFE, 0x43, 0xDA, 0x0D, 0xA3, 0x7E,
    0x7F, 0x85, 0x7A, 0xD6, 0x85, 0xD5, 0xFE, 0x03, 0x56, 0xFB, 0x34, 0xF8, 0x79, 0x2E, 0xFF, 0xEB,
    0xC2, 0x6A, 0x2A, 0xB2, 0x2F, 0xF2, 0xC9, 0x6D, 0x5A, 0xBD, 0xFB, 0xA0, 0xD5, 0x7D, 0xA5, 0x03,
    0xFC, 0xE5, 0xF5, 0xCB, 0xC6, 0x7D, 0x11, 0xC6, 0xFD, 0x2B, 0x18, 0x67, 0x7B, 0xE3, 0x6E, 0xC1,
    0xB8, 0x97, 0x6B, 0x6C, 0xF8, 0x01, 0x54, 0x01, 0xE7, 0x4A, 0x7C, 0xC6, 0xFE, 0xD9, 0x2B, 0x2F,
    0xA0, 0x69, 0x05, 0x69, 0x13, 0x8E, 0xB8, 0x8D, 0x9C, 0x7E, 0x79, 0x8E, 0xA2, 0x98, 0x92, 0x3C,
    0xE0, 0x5B, 0xEE, 0x70, 0x08, 0xAA, 0xC9, 0x04, 0x52, 0x6F, 0xB6, 0xFE, 0xD9, 0x64, 0x1E, 0x2E,
    0xE4, 0x0F, 0x91, 0x0C, 0x6C, 0xB3, 0x36, 0xBD, 0x3E, 0xD5, 0x39, 0xD5, 0x44, 0xDC, 0x77, 0x6C,
    0xE6, 0xBD, 0xF5, 0x7C, 0xE1, 0xFD, 0x9F, 0x20, 0xF3, 0x1B, 0x93, 0x06, 0x15, 0x24, 0x05, 0x52,
    0x6E, 0x98, 0x72, 0xD1, 0x94, 0x6F, 0x80, 0xAC, 0x8E, 0x12, 0xB4, 0x69, 0xAC, 0xBD, 0xAC, 0x7A,
    0x7D, 0x46, 0x29, 0xDE, 0xF8, 0x55, 0x8C, 0xE8, 0xD4, 0xC7, 0x21, 0x6A, 0xB0, 0x01, 0x7B, 0x56,
    0x53, 0x8A, 0xD0, 0x11, 0x2A, 0xAE, 0x58, 0xC3, 0x92, 0x39, 0xAB, 0x21, 0xB4, 0x5B, 0x54, 0xD1,
    0xB4, 0x1C, 0x6F, 0x4F, 0x99, 0xE2, 0x11, 0xD9, 0xDB, 0x27, 0x58, 0x21, 0x3C, 0x42, 0x55, 0x65,
    0x9E, 0xAD, 0x64, 0xC7, 0x2D, 0x77, 0xC7, 0x5E, 0x71, 0xFB, 0x38, 0x4C, 0xC7, 0x1F, 0x92, 0x71,
    0x10, 0x8F, 0x6E, 0x7A, 0x4B, 0xC1, 0x35, 0x98, 0xF5, 0x16, 0x3A, 0xBB, 0x5D, 0x32, 0xC4, 0x6D,
    0x82, 0x72, 0x3B, 0x28, 0x2E, 0x1B, 0x02, 0x61, 0xEF, 0x55, 0x6A, 0x08, 0x79, 0xAE, 0x50, 0x5C,
    0xBB, 0x6E, 0x8D, 0x43, 0x72, 0x42, 0x3F, 0xCF, 0xC8, 0x4D, 0x3A, 0xA0, 0x05, 0x6A, 0x4D, 0xBB,
    0x92, 0x5F, 0xDA, 0x39, 0xCA, 0xEE, 0xDA, 0x31, 0x17, 0x66, 0xDE, 0xB8, 0x30, 0x53, 0x0E, 0x96,
    0x66, 0xD6, 0xBD, 0x99, 0xED, 0x66, 0x6F, 0x66, 0xD3, 0x77, 0x44, 0xD6, 0x5F, 0xAC, 0x37, 0xD1,
    0xBC, 0xEE, 0x95, 0x3A, 0x6E, 0x6A, 0x4E, 0x87, 0x9A, 0xD5, 0xB1, 0x52, 0x54, 0x47, 0x77, 0xAA,
    0xEA, 0xB1, 0x1D, 0x32, 0x49, 0xE9, 0x74, 0xDE, 0x0D, 0x75, 0xDA, 0xAE, 0xB7, 0x3D, 0xD5, 0x21,
    0x4D, 0xD7, 0xBC, 0x27, 0x1D, 0x7D, 0x8C, 0x3A, 0xAD, 0xE8, 0xC8, 0xB5, 0xD7, 0x67, 0x34, 0xA8,
    0x96, 0x0F, 0x0E, 0xAA, 0x78, 0xEE, 0xCA, 0xA0, 0x1A, 0x72, 0x50, 0x6D, 0xBB, 0x41, 0xF5, 0xE0,
    0xD2, 0xF9, 0xDC, 0xFF, 0xA6, 0x06, 0x6F, 0xA8, 0x10, 0x1A, 0x29, 0xCA, 0x04, 0xED, 0x55, 0x2B,
    0x3F, 0xFD, 0xBC, 0x2A, 0x97, 0xE6, 0xD5, 0x85, 0x70, 0x5E, 0x6D, 0xAE, 0xCF, 0x80, 0xCC, 0xB7,
    0xCE, 0x0A, 0x09, 0xC5, 0xA8, 0xCE, 0x0A, 0x4A, 0xF9, 0xA7, 0x33, 0x2A, 0x73, 0x50, 0x3C, 0x62,
    0x3E, 0x67, 0xD4, 0x0F, 0x44, 0x65, 0xA0, 0xAB, 0x5A, 0x90, 0x4C, 0x8E, 0x59, 0x61, 0xCC, 0x59,
    0x61, 0xBA, 0xAC, 0x08, 0xE6, 0xF8, 0x73, 0xF4, 0x44, 0x1D, 0x31, 0xF7, 0x08, 0x3B, 0x03, 0x8C,
    0x80, 0xFE, 0x2B, 0x45, 0xF0, 0x5C, 0x6A, 0x30, 0xBD, 0xDD, 0x94, 0x70, 0x02, 0x3C, 0xAF, 0x07,
    0x4E, 0x0B, 0x8D, 0x17, 0x53, 0xDC, 0xC5, 0x39, 0xB3, 0xBB, 0xCF, 0x1D, 0x9C, 0xFA, 0x49, 0x20,
    0xAA, 0x55, 0xD2, 0x72, 0xAD, 0x5D, 0x88, 0x33, 0xA3, 0x14, 0x8A, 0x69, 0x5D, 0xCC, 0x7D, 0xF7,
    0x09, 0x9D, 0xC7, 0xB4, 0xB3, 0xA6, 0x36, 0xAA, 0x14, 0xD4, 0x23, 0x12, 0x10, 0xBC, 0x0F, 0x52,
    0xE2, 0x3A, 0x89, 0x94, 0xDA, 0x71, 0x63, 0x8A, 0x72, 0x19, 0xA1, 0xE9, 0xA1, 0x09, 0xD6, 0x6C,
    0x1A, 0x01, 0xF1, 0xD3, 0x25, 0x78, 0x6A, 0x2A, 0x8F, 0x97, 0xA3, 0x83, 0xD6, 0x0C, 0xAB, 0x11,
    0x54, 0xE0, 0xBD, 0x5D, 0x8B, 0xFF, 0x4A, 0x25, 0x01, 0x10, 0x6D, 0x1D, 0xC7, 0xDE, 0xC4, 0xC5,
    0x93, 0x77, 0x71, 0xF0, 0xB1, 0xF9, 0x83, 0xDF, 0xA8, 0xCD, 0xCE, 0xA8, 0x30, 0xF3, 0x51, 0x6A,
    0xE8, 0xF4, 0xED, 0xAE, 0x09, 0x38, 0x33, 0xB0, 0x7A, 0x1D, 0xF9, 0x4C, 0xE6, 0x1F, 0xFF, 0xF2,
    0xFC, 0x93, 0x5D, 0xCC, 0x3F, 0x21, 0x65, 0x46, 0xE7, 0x40, 0x87, 0xA1, 0x9D, 0x20, 0xCE, 0x34,
    0xF2, 0x9D, 0xCA, 0x66, 0x83, 0x46, 0x57, 0xE6, 0x1F, 0xC4, 0x3C, 0x05, 0x60, 0xC1, 0x00, 0x8E,
    0x0E, 0xE1, 0xAB, 0x53, 0xA1, 0xBA, 0x4E, 0x10, 0xEF, 0x18, 0x11, 0xA0, 0xB4, 0xCE, 0x57, 0x88,
    0x57, 0x6A, 0x43, 0xBA, 0xCF, 0xB1, 0x8F, 0xB1, 0x65, 0x2B, 0xF2, 0x78, 0xE7, 0xB9, 0x6A, 0x39,
    0xF3, 0xE8, 0x28, 0xB4, 0xD4, 0x11, 0x3A, 0x13, 0x75, 0x4A, 0x53, 0xE4, 0x19, 0x79, 0xD4, 0x79,
    0xAE, 0xC4, 0x18, 0x04, 0x39, 0x33, 0x2B, 0x73, 0xF9, 0xF3, 0x1E, 0x55, 0x28, 0x46, 0x9E, 0x64,
    0x27, 0xE0, 0xDA, 0xF8, 0x25, 0xF9, 0x76, 0x78, 0x85, 0xB9, 0xD6, 0xC8, 0x5C, 0x2A, 0xB7, 0xC2,
    0x15, 0x19, 0xAB, 0xC1, 0xD4, 0xC6, 0xF2, 0x6B, 0xF2, 0xC8, 0x7C, 0xDB, 0xC1, 0xAD, 0x0F, 0xEF,
    0x47, 0x55, 0xB7, 0xF5, 0x7E, 0x5F, 0x57, 0x2F, 0xAB, 0xD1, 0x38, 0x60, 0xAE, 0xD9, 0xF0, 0xCF,
    0xC5, 0x20, 0xEE, 0x1E, 0x72, 0x88, 0x07, 0xBC, 0x85, 0x0C, 0xF9, 0xDC, 0xDF, 0xC8, 0x9F, 0xE1,
    0x16, 0xFC, 0x89, 0xFC, 0x02, 0x4F, 0x9B, 0xD0, 0x7D, 0x07, 0xB7, 0xD0, 0x78, 0x6F, 0xE2, 0xB6,
    0x63, 0x9E, 0x67, 0x12, 0x62, 0xF3, 0x82, 0xDE, 0x82, 0x29, 0x6F, 0xB9, 0xDF, 0x68, 0x66, 0xBC,
    0x9A, 0x2D, 0x55, 0xAB, 0x8E, 0x86, 0xFC, 0xC6, 0xDC, 0x21, 0x3E, 0x6C, 0xDA, 0xFC, 0xA9, 0x6A,
    0xC5, 0xD9, 0xBC, 0x03, 0x9E, 0x0E, 0x87, 0x94, 0x0F, 0x96, 0xAA, 0xA8, 0x4F, 0x0E, 0xC3, 0xEA,
    0x9C, 0xC2, 0x6E, 0xCF, 0xA6, 0xA6, 0x84, 0xA8, 0x85, 0xAC, 0xFD, 0xDD, 0xE2, 0x1B, 0x99, 0xFC,
    0x4E, 0xF9, 0x5E, 0x2A, 0x7F, 0xFA, 0xF6, 0x5B, 0xA9, 0xFC, 0xED, 0x4F, 0xBE, 0x0A, 0x28, 0x7D,
    0x0F, 0x6D, 0x5A, 0xFE, 0xBD, 0x11, 0xA7, 0x98, 0x6F, 0x3D, 0xE5, 0x65, 0xCD, 0x56, 0x6C, 0xA5,
    0x0E, 0xDB, 0x13, 0x49, 0xCD, 0xF1, 0x92, 0x42, 0x9C, 0x95, 0x62, 0x51, 0xF5, 0x78, 0x83, 0x55,
    0x27, 0x7B, 0x87, 0x17, 0x14, 0x90, 0xE8, 0xFF, 0xD5, 0xC4, 0xD3, 0x5E, 0x62, 0x81, 0x8A, 0x95,
    0x03, 0x97, 0x36, 0xEF, 0xAD, 0xAC, 0xE6, 0x0E, 0x50, 0x43, 0x09, 0xB7, 0x1D, 0x11, 0x2F, 0x42,
    0x65, 0x88, 0xF4, 0x2A, 0xA8, 0x1E, 0x29, 0x7E, 0xB3, 0xE6, 0x98, 0x8B, 0x75, 0xEA, 0xF3, 0x6D,
    0xB6, 0xD3, 0x2E, 0x17, 0x0E, 0x00, 0x4E, 0x99, 0xD0, 0x2A, 0xC5, 0x95, 0x88, 0x32, 0x05, 0x49,
    0x18, 0xBE, 0x3A, 0x63, 0x82, 0x10, 0x03, 0x76, 0x26, 0x0E, 0x37, 0x05, 0x06, 0x80, 0xF0, 0x1E,
    0x82, 0x66, 0xFB, 0xD3, 0xC1, 0x43, 0xBB, 0xC0, 0x82, 0xDC, 0x68, 0xB3, 0x4A, 0x58, 0x5D, 0x1C,
    0x19, 0x7D, 0x27, 0x05, 0xA8, 0x41, 0xD9, 0x9E, 0xAA, 0x78, 0x18, 0xC2, 0xA3, 0x18, 0xBB, 0xE5,
    0xF8, 0xD7, 0x80, 0x6F, 0x91, 0x14, 0x69, 0x82, 0x3A, 0x6D, 0xB7, 0x3F, 0x28, 0x66, 0xB5, 0x95,
    0x28, 0xA3, 0x51, 0x21, 0x03, 0x33, 0x32, 0x14, 0xE1, 0x41, 0x76, 0x9D, 0xC1, 0x1E, 0x83, 0x1B,
    0x31, 0x4C, 0x9F, 0xE2, 0xA7, 0xF9, 0xE0, 0xEA, 0x51, 0x9F, 0xCA, 0x7C, 0x3C, 0xA1, 0x9C, 0x36,
    0xE9, 0x6E, 0xB3, 0x8C, 0x64, 0xEA, 0xDC, 0x4F, 0xD9, 0x96, 0xDE, 0x0F, 0xBB, 0x8A, 0x0A, 0x3B,
    0x44, 0xEB, 0x67, 0xBD, 0x11, 0xBB, 0xCA, 0xA9, 0x47, 0xEC, 0x30, 0xAF, 0x50, 0xA4, 0x36, 0x5D,
    0x70, 0x23, 0xAB, 0x05, 0x39, 0x45, 0x01, 0x6C, 0x30, 0xF9, 0x0D, 0xBC, 0x47, 0x74, 0x6A, 0xFC,
    0x0B, 0x4B, 0xDF, 0x02, 0xA7, 0x66, 0x78, 0x4C, 0x07, 0xA7, 0x72, 0x92, 0x3A, 0xF6, 0x23, 0x5B,
    0xFA, 0x65, 0xF4, 0x15, 0x8C, 0x89, 0x89, 0x57, 0x0E, 0x64, 0xEC, 0x63, 0xB7, 0x26, 0x84, 0x12,
    0xFC, 0x05, 0x46, 0x19, 0x0F, 0xFB, 0x37, 0x3E, 0x22, 0xD7, 0x18, 0x88, 0x92, 0x76, 0xB7, 0x81,
    0xA8, 0xAF, 0xC1, 0x38, 0x51, 0x1A, 0xAD, 0x52, 0xF6, 0xE2, 0x1A, 0x19, 0x62, 0x9D, 0x6A, 0x88,
    0xE1, 0x24, 0x1F, 0xCA, 0x13, 0x57, 0x62, 0xA2, 0xDE, 0xED, 0x71, 0x09, 0x65, 0x9D, 0xCB, 0x17,
    0xAE, 0xCD, 0x9C, 0x13, 0x3A, 0x32, 0xE3, 0x72, 0x55, 0x38, 0xC1, 0x81, 0x97, 0x89, 0x88, 0xD4,
    0x31, 0xA0, 0xA1, 0x4D, 0xDA, 0x3F, 0x51, 0xEB, 0x45, 0x8F, 0xA9, 0x30, 0xE1, 0xC4, 0x0E, 0xE4,
    0xC6, 0x64, 0x99, 0xF6, 0xBD, 0x0C, 0x60, 0x19, 0x7C, 0xAB, 0x06, 0x63, 0xC7, 0x5E, 0x39, 0x36,
    0xD9, 0x1B, 0x27, 0x82, 0x87, 0xB4, 0x1D, 0xD2, 0xA9, 0x5F, 0x4C, 0x2C, 0x72, 0x88, 0x26, 0x3E,
    0x07, 0x7A, 0xD9, 0xCC, 0x2F, 0x83, 0x6A, 0x4D, 0x19, 0x59, 0xCF, 0x6C, 0x97, 0x17, 0x2A, 0xA0,
    0x45, 0x94, 0x9A, 0x18, 0xDF, 0x51, 0x07, 0xE6, 0x80, 0xC3, 0x29, 0x30, 0xEE, 0x40, 0x4E, 0x10,
    0xE1, 0xBA, 0x93, 0x9C, 0x7B, 0xA5, 0x87, 0xA3, 0xD2, 0xF6, 0x46, 0x27, 0xBC, 0x36, 0xE7, 0xCE,
    0x59, 0x6E, 0xB2, 0x26, 0xE1, 0xC9, 0x55, 0x6C, 0x8A, 0xD1, 0x42, 0xD9, 0x9D, 0xC3, 0xE1, 0xE8,
    0x79, 0x4C, 0x55, 0xFE, 0xD5, 0xD2, 0xFC, 0x2C, 0x4C, 0xA8, 0x63, 0xB7, 0x39, 0x71, 0xAA, 0xFD,
    0x8B, 0x5D, 0x1F, 0xD1, 0x28, 0xC0, 0x44, 0x07, 0x52, 0xF3, 0x48, 0x6F, 0xF9, 0x96, 0x7C, 0xC2,
    0xEB, 0x9F, 0x4B, 0xFE, 0x85, 0xCA, 0x73, 0x23, 0xC3, 0x75, 0x27, 0x48, 0x1F, 0x62, 0xD9, 0x67,
    0x2C, 0xF9, 0x62, 0x1C, 0x72, 0x12, 0x65, 0x92, 0x87, 0x57, 0x8F, 0x79, 0x1D, 0xE3, 0x06, 0x8A,
    0xD7, 0x2B, 0xC2, 0xD4, 0xCF, 0xC0, 0x85, 0x84, 0x5C, 0xA5, 0x3B, 0xF0, 0xFC, 0xAC, 0xEE, 0x89,
    0xE0, 0x94, 0xB6, 0xEA, 0xE7, 0xB7, 0xE0, 0xC2, 0x31, 0x3C, 0x98, 0xC3, 0x99, 0x09, 0x78, 0x5E,
    0x67, 0x0C, 0xE4, 0xA9, 0x9E, 0xBA, 0x55, 0x7E, 0xB1, 0xEB, 0x2C, 0xF3, 0x6D, 0xBD, 0x2E, 0xCD,
    0x0D, 0x51, 0x80, 0x86, 0xEC, 0xE2, 0x3C, 0x54, 0x21, 0xD9, 0x2F, 0xBB, 0x55, 0x13, 0x14, 0x33,
    0xA8, 0xB1, 0x96, 0x3D, 0x71, 0x8E, 0xFE, 0x99, 0x4B, 0x8D, 0x4E, 0x28, 0x11, 0x91, 0x2C, 0xEC,
    0x0E, 0x66, 0xBD, 0x80, 0xE6, 0xA0, 0xFD, 0xE0, 0x29, 0x63, 0xE4, 0xEB, 0xF5, 0x39, 0x14, 0x49,
    0x0C, 0xB8, 0x1A, 0xC9, 0x44, 0x91, 0x60, 0x4D, 0x59, 0xDA, 0xD6, 0x40, 0x18, 0x90, 0x99, 0x5F,
    0x78, 0x90, 0x39, 0x8E, 0xF6, 0x1D, 0xE7, 0x0A, 0xE0, 0x25, 0xD3, 0x00, 0x91, 0x2B, 0x6B, 0xE7,
    0xBD, 0x03, 0xDC, 0xDF, 0xF4, 0xF7, 0x08, 0xCA, 0x22, 0x91, 0x03, 0x38, 0x32, 0x82, 0x23, 0xFE,
    0xA2, 0xC3, 0x17, 0x26, 0xBC, 0x93, 0x89, 0xD7, 0x5E, 0x4B, 0x21, 0xE4, 0xA2, 0x36, 0x4D, 0x2F,
    0x84, 0x5C, 0x15, 0x42, 0x81, 0x0A, 0xA1, 0x81, 0x0A, 0xA1, 0x9F, 0x63, 0x1D, 0x7B, 0x6F, 0x62,
    0x9D, 0x1A, 0x4A, 0x9A, 0x3C, 0xA6, 0x25, 0x1F, 0xD6, 0x74, 0xE1, 0x63, 0xB2, 0xAC, 0xB3, 0x50,
    0x21, 0xD4, 0x5E, 0x11, 0x76, 0x93, 0xC3, 0xA5, 0x10, 0x1A, 0xD9, 0xEE, 0x5A, 0x42, 0x6E, 0x01,
    0x54, 0x82, 0xF4, 0xF1, 0x0A, 0x6A, 0x94, 0x10, 0x8F, 0xAE, 0xE6, 0x4E, 0x1C, 0x3C, 0x07, 0xC7,
    0xB5, 0x92, 0xF8, 0xF9, 0x8B, 0xC9, 0xD6, 0x37, 0xCB, 0x51, 0x3B, 0xC9, 0x42, 0x82, 0xFD, 0x95,
    0xF2, 0x7A, 0x28, 0x69, 0xFC, 0xAA, 0xBC, 0xD9, 0x06, 0x9F, 0x1F, 0x84, 0xA9, 0xEC, 0x5F, 0xED,
    0xC0, 0x4F, 0xE5, 0x95, 0x5F, 0xC0, 0x30, 0xF3, 0x26, 0xA7, 0xD0, 0x6F, 0x55, 0xD7, 0xFC, 0x51,
    0x3D, 0x36, 0x41, 0x73, 0xE2, 0xD1, 0x73, 0x50, 0x14, 0xF2, 0x0D, 0x63, 0x22, 0xA6, 0x3D, 0xE4,
    0x54, 0x60, 0xD2, 0x29, 0x97, 0x96, 0x6F, 0x5B, 0x66, 0xBF, 0xA5, 0x97, 0x58, 0x0E, 0xE8, 0x7B,
    0x8B, 0x1B, 0xDA, 0x74, 0x94, 0x42, 0xFD, 0x19, 0x70, 0x00, 0xEA, 0x8A, 0x92, 0xE4, 0x93, 0x88,
    0x70, 0x0F, 0xA5, 0x8C, 0x02, 0x34, 0x8A, 0x59, 0x89, 0x52, 0xA1, 0x2A, 0x50, 0x5C, 0x4D, 0xAF,
    0xA8, 0x5B, 0xD4, 0xF4, 0x94, 0x66, 0xA0, 0x98, 0x74, 0x9C, 0xBB, 0x6C, 0xE0, 0x09, 0x2B, 0x7A,
    0xC4, 0x32, 0x0C, 0x29, 0x2B, 0x4D, 0x3A, 0xE6, 0x02, 0xE5, 0x6C, 0x53, 0xCB, 0xE5, 0x91, 0x0D,
    0x8C, 0x2A, 0xD7, 0xCE, 0x83, 0x2C, 0xD9, 0x92, 0xAD, 0x18, 0x73, 0x95, 0x5D, 0xCC, 0xEC, 0x02,
    0xC3, 0x59, 0x2D, 0x63, 0xD0, 0xF1, 0xD4, 0xAF, 0xC0, 0xA1, 0x3C, 0xFC, 0xD1, 0x43, 0xF7, 0x99,
    0x59, 0xC6, 0xCC, 0x9F, 0x44, 0xD7, 0x32, 0x0F, 0x8B, 0x11, 0xBA, 0x39, 0x32, 0x9E, 0x40, 0xBA,
    0x53, 0xBC, 0x87, 0x38, 0x7A, 0x01, 0x28, 0x58, 0x08, 0xA7, 0xCA, 0x5A, 0xC3, 0xD7, 0x20, 0x74,
    0x95, 0x50, 0x00, 0x68, 0xE8, 0x58, 0xCE, 0x2C, 0xE6, 0x07, 0x4B, 0x79, 0x4F, 0xC1, 0x2B, 0xF3,
    0x8A, 0xA0, 0xF4, 0x33, 0x08, 0xDA, 0x4E, 0xA8, 0x36, 0x7A, 0x11, 0xA7, 0x47, 0x2C, 0x41, 0x05,
    0x13, 0x38, 0xED, 0x97, 0xB7, 0x50, 0xA4, 0xC7, 0x70, 0x6E, 0x0E, 0x11, 0x7E, 0x09, 0xBC, 0xBC,
    0x7A, 0xEE, 0x96, 0xC7, 0xD7, 0xC0, 0x0B, 0x24, 0x33, 0xA5, 0xDE, 0xB4, 0x9D, 0xB2, 0x03, 0xBA,
    0x35, 0xB7, 0xDC, 0x3A, 0xF7, 0xCB, 0x89, 0x4D, 0x43, 0xC6, 0x94, 0x9B, 0xFB, 0xF6, 0x5A, 0x38,
    0x43, 0xEB, 0xD8, 0x0A, 0x66, 0xCF, 0x52, 0x44, 0x25, 0xA6, 0x49, 0xD8, 0xBB, 0xE1, 0x98, 0xD9,
    0x52, 0xC8, 0x4D, 0x89, 0xF6, 0x63, 0x06, 0x25, 0x21, 0x75, 0x0C, 0x78, 0xB0, 0x4A, 0x44, 0x6D,
    0x56, 0x82, 0x93, 0xDC, 0xE4, 0x97, 0x44, 0x53, 0x0E, 0x04, 0xD2, 0x51, 0x98, 0x07, 0x77, 0xFA,
    0x41, 0xA9, 0x27, 0xAE, 0xB1, 0x63, 0x91, 0x05, 0x83, 0xCE, 0x09, 0x8A, 0x1D, 0xD5, 0x49, 0x1E,
    0x06, 0x20, 0xB7, 0xBC, 0x0D, 0xC4, 0x85, 0x32, 0x7E, 0xB7, 0x14, 0xE7, 0x27, 0xD8, 0x12, 0x62,
    0x5C, 0xDE, 0x27, 0x9D, 0x74, 0x32, 0x9E, 0x26, 0xF8, 0xA9, 0x6C, 0x60, 0x4A, 0x19, 0x11, 0x6D,
    0xB8, 0xB9, 0xFF, 0x3F, 0xF0, 0x97, 0xF9, 0x3E, 0x97, 0x67, 0x7F, 0x45, 0xEE, 0x90, 0x2D, 0xBC,
    0x0A, 0xE9, 0x2B, 0x1E, 0x8F, 0x4B, 0xF2, 0x39, 0x41, 0xA9, 0x0C, 0xD1, 0x7F, 0xCE, 0x79, 0x84,
    0x81, 0xAE, 0x42, 0xAA, 0xD7, 0x9D, 0xEA, 0xB1, 0xFB, 0xA5, 0xAF, 0x6D, 0x48, 0xDB, 0x31, 0x9A,
    0xA7, 0x9D, 0x8A, 0xF7, 0x2E, 0xC4, 0xDD, 0xB3, 0xC5, 0x63, 0xF1, 0xD1, 0x3C, 0x8B, 0x3E, 0x8B,
    0x9E, 0xC3, 0xE1, 0x5B, 0x7E, 0xF1, 0x60, 0xDA, 0x7E, 0xB9, 0x51, 0x77, 0x70, 0x65, 0xD4, 0x75,
    0x89, 0x0F, 0x86, 0xBA, 0x94, 0xCD, 0x3C, 0x07, 0xA2, 0x36, 0xC9, 0xD5, 0x3E, 0x7C, 0xB4, 0x49,
    0x37, 0x15, 0xE7, 0x03, 0x70, 0x05, 0xC8, 0x0D, 0x40, 0xA3, 0xC2, 0x79, 0x0F, 0x5D, 0x1F, 0xE2,
    0xB4, 0x50, 0x76, 0xB0, 0x6E, 0x23, 0x30, 0x4F, 0xE9, 0x89, 0xE3, 0x4E, 0x07, 0xA8, 0x56, 0xEC,
    0x1F, 0x77, 0x2E, 0xB5, 0xF2, 0xE6, 0x47, 0xC4, 0xAB, 0xDE, 0x58, 0xDA, 0xBA, 0xDD, 0x4B, 0xED,
    0x67, 0xA8, 0x19, 0xB2, 0xC0, 0x56, 0xEB, 0x6E, 0x7D, 0x03, 0x4F, 0x20, 0xFF, 0x51, 0xEA, 0x10,
    0xA8, 0xBB, 0x21, 0xB2, 0x48, 0x20, 0xA7, 0x00, 0x89, 0x88, 0xAE, 0x97, 0xF1, 0x3F, 0x04, 0x1E,
    0xF6, 0x78, 0x8A, 0x4E, 0x96, 0xAA, 0x5F, 0xFC, 0x77, 0x75, 0xD0, 0xF0, 0x2F, 0xD5, 0xE5, 0x83,
    0xC4, 0x39, 0x87, 0x4C, 0xA0, 0x14, 0x25, 0xD3, 0x31, 0x66, 0xB4, 0x28, 0xEC, 0x04, 0xC7, 0xA0,
    0x93, 0x2A, 0xC9, 0xEA, 0x46, 0xC0, 0x9A, 0x2C, 0xC8, 0x44, 0x72, 0x3A, 0x2B, 0x79, 0xCB, 0x3D,
    0x15, 0x89, 0x8D, 0x53, 0x47, 0xEA, 0x18, 0x95, 0xA3, 0x03, 0x01, 0x94, 0xD0, 0x3D, 0x97, 0xF3,
    0x9A, 0x57, 0x05, 0x05, 0x02, 0x80, 0x71, 0x80, 0xDC, 0x3C, 0xB1, 0xF7, 0x0C, 0xE3, 0xAF, 0x3A,
    0x18, 0x50, 0xC5, 0x83, 0x9A, 0x07, 0x6D, 0xDA, 0x84, 0x80, 0xC9, 0x7E, 0x1B, 0x88, 0x96, 0xB9,
    0x25, 0xD3, 0xAC, 0x19, 0xFE, 0x2B, 0x64, 0x25, 0xB0, 0x18, 0x77, 0x4C, 0xD6, 0x92, 0x5E, 0xC7,
    0x9A, 0x18, 0x08, 0x28, 0x39, 0x8E, 0x5F, 0x32, 0x4E, 0x7D, 0x50, 0x05, 0xF7, 0x8B, 0x59, 0xE6,
    0x2E, 0xA8, 0x48, 0x2F, 0x67, 0x23, 0xEA, 0xB3, 0x91, 0x74, 0x51, 0xE5, 0xEC, 0x15, 0x12, 0x02,
    0x3F, 0x29, 0x1B, 0x67, 0xFD, 0x88, 0xC3, 0x22, 0x45, 0x4C, 0x59, 0xA8, 0x4E, 0x9F, 0xE4, 0xCB,
    0xD9, 0x70, 0xBD, 0xD2, 0xBD, 0x9F, 0xA2, 0x2C, 0x82, 0xF7, 0x65, 0xF0, 0x04, 0x77, 0x1F, 0x3A,
    0x25, 0xB4, 0x57, 0x70, 0x86, 0x4D, 0x2A, 0x8C, 0xA9, 0xF2, 0x95, 0x42, 0xAC, 0x22, 0xAD, 0x6D,
    0xA3, 0x85, 0x4C, 0x4A, 0x28, 0x11, 0x93, 0x21, 0x84, 0x7E, 0x11, 0xF1, 0xA8, 0x31, 0xCF, 0x65,
    0x5E, 0x3E, 0x66, 0xB9, 0x4F, 0x64, 0xB9, 0x50, 0xAE, 0x79, 0x6F, 0x15, 0xDD, 0x30, 0x22, 0x09,
    0xED, 0xC2, 0x78, 0x47, 0xE1, 0x99, 0x73, 0x1C, 0x52, 0x08, 0x8F, 0x57, 0xD3, 0x18, 0x97, 0xC3,
    0x63, 0xD2, 0x14, 0xDB, 0x16, 0x0A, 0x13, 0x76, 0x4E, 0x83, 0x73, 0x6F, 0x2E, 0x03, 0xB4, 0x75,
    0x88, 0x52, 0x32, 0xE4, 0xC9, 0xAA, 0xCB, 0x28, 0xEF, 0x37, 0xB1, 0xE1, 0xED, 0x46, 0x36, 0xEA,
    0xA9, 0x8C, 0xD0, 0xAF, 0x43, 0x0D, 0x0C, 0xCB, 0x8E, 0xF0, 0xB0, 0x03, 0xCD, 0x8D, 0x2D, 0x47,
    0x78, 0x06, 0xF2, 0xFA, 0xBA, 0xE5, 0x83, 0xA5, 0xE5, 0x94, 0x52, 0x94, 0xC1, 0xF2, 0x5B, 0xB3,
    0x57, 0x19, 0x30, 0x46, 0xE8, 0x21, 0x96, 0x37, 0x9D, 0xE5, 0x53, 0x58, 0xEE, 0xD8, 0x0C, 0xE4,
    0x6E, 0xCB, 0xEB, 0x06, 0xC2, 0xFC, 0xA0, 0x26, 0xF7, 0x21, 0xD1, 0xEC, 0x7F, 0x3C, 0xB7, 0xBB,
    0x34, 0x70, 0x54, 0x0F, 0x25, 0x4A, 0xFF, 0x11, 0xC5, 0x95, 0xB1, 0x6F, 0x1B, 0xC9, 0x15, 0xC6,
    0xDF, 0xEC, 0xCA, 0x5A, 0x59, 0x2B, 0x79, 0x05, 0x44, 0xC5, 0xE1, 0x7C, 0xD2, 0xAA, 0x48, 0x71,
    0x85, 0xA4, 0x4D, 0xA1, 0xE2, 0x0A, 0x92, 0xBB, 0x3E, 0x17, 0x2E, 0x52, 0xC4, 0x45, 0xFA, 0xDC,
    0x5F, 0x10, 0x19, 0x01, 0x03, 0x28, 0x00, 0x29, 0xEE, 0xF9, 0xCA, 0x2B, 0x22, 0xFF, 0x07, 0xAE,
    0x53, 0xA9, 0x50, 0xC1, 0x03, 0x68, 0x69, 0x71, 0x57, 0xB8, 0xB8, 0x22, 0x1B, 0x5C, 0x99, 0x22,
    0xB4, 0xCF, 0x40, 0x80, 0x14, 0xC1, 0x5E, 0xB2, 0x41, 0x36, 0x80, 0xA8, 0xCD, 0xF7, 0xCD, 0x2C,
    0x29, 0xEA, 0x2C, 0xDB, 0x27, 0x91, 0x94, 0x87, 0xE0, 0x88, 0xDA, 0x9D, 0x79, 0xEF, 0xFD, 0xDE,
    0x7B, 0xF3, 0x8D, 0x88, 0x1C, 0x8A, 0x88, 0x9D, 0x61, 0x72, 0x72, 0x4C, 0x5E, 0x17, 0xD3, 0x56,
    0x0F, 0xD3, 0x27, 0x2D, 0x4C, 0x59, 0x4D, 0x44, 0xF5, 0xEB, 0x58, 0x91, 0x34, 0x44, 0xDC, 0x38,
    0xC0, 0x8A, 0x7F, 0x9C, 0x88, 0x84, 0x65, 0x29, 0xD2, 0x12, 0x2F, 0x92, 0x5C, 0xBC, 0xD8, 0xEA,
    0x8B, 0x97, 0x38, 0x7D, 0xF1, 0x5F, 0x85, 0xA7, 0x52, 0x9E, 0xCA, 0xD8, 0xF8, 0x0C, 0x5F, 0x8B,
    0x86, 0x6D, 0x4E, 0x58, 0x28, 0x12, 0x7C, 0x19, 0x59, 0xD8, 0xEE, 0xA4, 0xC7, 0xE2, 0x49, 0x5D,
    0x1A, 0x52, 0xC3, 0x67, 0x4F, 0xBA, 0xF8, 0xE4, 0x2A, 0x97, 0x1C, 0xC1, 0xE4, 0x6E, 0x16, 0x15,
    0x9B, 0xFF, 0x4E, 0x4E, 0xB2, 0x52, 0x82, 0xB8, 0x3B, 0x6E, 0x10, 0xE1, 0x98, 0x78, 0xED, 0x54,
    0xFF, 0xFB, 0x8C, 0xB6, 0x4B, 0x86, 0xFF, 0xAB, 0x08, 0x2F, 0x3D, 0x3E, 0xE3, 0x06, 0xA5, 0x5F,
    0x27, 0xA3, 0x6D, 0x17, 0x31, 0xEF, 0x70, 0xC9, 0x66, 0xEB, 0x02, 0x66, 0x3A, 0xC2, 0x8C, 0x88,
    0x49, 0xC2, 0xC6, 0x9F, 0xC0, 0xBA, 0x47, 0xCC, 0x6C, 0x84, 0xF9, 0x6A, 0x84, 0x69, 0x15, 0x58,
    0x36, 0x10, 0x59, 0xDB, 0x12, 0x59, 0x80, 0x05, 0xE4, 0x02, 0x06, 0xF0, 0x8D, 0xCE, 0xA3, 0x9D,
    0x08, 0xD6, 0xD1, 0xB3, 0x46, 0xC2, 0x5E, 0x8C, 0xD5, 0x26, 0xC9, 0x06, 0xFA, 0xDD, 0xDF, 0xB4,
    0x79, 0x27, 0xE6, 0x63, 0x35, 0xB6, 0x89, 0xA0, 0x86, 0xD4, 0xA0, 0x1A, 0x56, 0x03, 0x6B, 0x68,
    0x35, 0xAE, 0xE1, 0x35, 0xC0, 0x86, 0xD8, 0x20, 0x1B, 0x66, 0x03, 0xAD, 0xA9, 0x45, 0x63, 0x8B,
    0xE6, 0x96, 0x0B, 0xF5, 0xA5, 0x15, 0x74, 0x8A, 0xAA, 0xB0, 0xEF, 0xC3, 0x0E, 0xDC, 0x06, 0x78,
    0xD4, 0xDB, 0x46, 0x99, 0x96, 0xA7, 0x92, 0x05, 0x5B, 0x83, 0xB0, 0x8E, 0xBA, 0xE0, 0xAB, 0x87,
    0x55, 0x02, 0x34, 0xBF, 0xC6, 0x1F, 0xA3, 0x9F, 0x41, 0x91, 0xF5, 0xD8, 0x11, 0x76, 0xBB, 0xC8,
    0xB6, 0xCE, 0x95, 0xC8, 0xA7, 0xD1, 0xB4, 0x51, 0xDB, 0xBA, 0xB5, 0x99, 0x7F, 0xB1, 0xBE, 0xD5,
    0x4F, 0xD6, 0x38, 0xFD, 0xFA, 0x50, 0x17, 0xFC, 0xA1, 0x06, 0x66, 0x5B, 0xF9, 0x36, 0x0B, 0x3E,
    0x77, 0x83, 0xA5, 0x66, 0x97, 0xBB, 0xC8, 0xF8, 0xE2, 0x9A, 0x29, 0x39, 0xD6, 0xA8, 0x27, 0x89,
    0x78, 0x70, 0xD8, 0x80, 0x8B, 0x1C, 0x8F, 0xA3, 0xB9, 0x09, 0xD8, 0xED, 0x7E, 0xC2, 0x78, 0x30,
    0xDD, 0xF6, 0x47, 0x07, 0x47, 0x2B, 0x06, 0xBD, 0x7B, 0xBF, 0x61, 0xEF, 0xCF, 0x63, 0x5A, 0x99,
    0x55, 0x85, 0xBD, 0xC7, 0x11, 0xF4, 0x2C, 0x96, 0x9D, 0x7D, 0xE3, 0x9B, 0x22, 0xE5, 0x01, 0xBA,
    0xDD, 0x16, 0x95, 0x91, 0x6E, 0xF2, 0x26, 0xA6, 0x9E, 0x5A, 0xCC, 0xB8, 0xFB, 0x67, 0x94, 0x6F,
    0x9B, 0xA7, 0x65, 0x75, 0x64, 0xF7, 0xE6, 0x15, 0x98, 0xB9, 0xB4, 0xE0, 0xD0, 0xC1, 0x42, 0x1F,
    0xF6, 0x6B, 0xEB, 0xF0, 0xB3, 0x3C, 0x05, 0xC1, 0x7A, 0x4D, 0x9D, 0xF5, 0x98, 0x1F, 0xA9, 0x18,
    0xDB, 0xF0, 0x83, 0x26, 0xC0, 0xEB, 0x6C, 0xE3, 0x40, 0x67, 0xA4, 0xB8, 0xB0, 0x7F, 0x26, 0x47,
    0x78, 0xAE, 0x3A, 0x4E, 0x6D, 0xD3, 0x59, 0x0A, 0xE9, 0x7F, 0x64, 0xE1, 0x9A, 0xC0, 0xB3, 0x0E,
    0xDC, 0xDF, 0x3D, 0x98, 0x8A, 0x52, 0x7D, 0xA6, 0xCF, 0x1B, 0xA7, 0x23, 0x62, 0xEE, 0xDC, 0x38,
    0xA6, 0x54, 0xD7, 0x0F, 0xBE, 0x16, 0xD3, 0x7F, 0x30, 0x6D, 0xCC, 0xFD, 0xA1, 0x46, 0xA9, 0x2F,
    0xB5, 0xCE, 0x50, 0x89, 0x1E, 0x61, 0x5A, 0xE7, 0x45, 0xE5, 0x9D, 0xB1, 0xBD, 0x5E, 0xCD, 0x94,
    0x10, 0x46, 0x1C, 0x48, 0x91, 0x8B, 0x7E, 0x55, 0xF0, 0xAE, 0x32, 0x53, 0xCC, 0xA7, 0x96, 0xD1,
    0xA1, 0xA9, 0x50, 0x3A, 0x2F, 0x60, 0xD1, 0xA7, 0x1E, 0x7D, 0x14, 0x68, 0x2B, 0xA8, 0x63, 0xED,
    0x26, 0xEB, 0xB8, 0x08, 0x9A, 0xF0, 0x79, 0x24, 0xBF, 0xC7, 0xCA, 0x8D, 0x9E, 0x71, 0xA3, 0x09,
    0xD7, 0xA7, 0xD9, 0xAE, 0x0B, 0xE4, 0xF2, 0x2D, 0xAD, 0xBD, 0xF8, 0xE5, 0xBC, 0x95, 0xEB, 0x26,
    0x34, 0x09, 0x63, 0x07, 0x94, 0x2D, 0x57, 0x78, 0xF5, 0xC8, 0xE2, 0x74, 0x0E, 0xE5, 0x6B, 0x9A,
    0x54, 0x32, 0xC6, 0x5D, 0x4E, 0xBE, 0xDC, 0xE1, 0x04, 0xDD, 0x0B, 0xA8, 0x10, 0x8D, 0xA1, 0x40,
    0x09, 0x11, 0xE5, 0x84, 0x1D, 0x50, 0x32, 0x35, 0xC5, 0xF0, 0x42, 0x42, 0xBB, 0xAD, 0x50, 0x37,
    0x0F, 0x71, 0x67, 0xC1, 0xE6, 0xDD, 0xB2, 0x4C, 0xA5, 0x53, 0x72, 0xDD, 0xF9, 0x58, 0xD4, 0xF1,
    0x52, 0xDA, 0xC3, 0x91, 0xBD, 0xDD, 0xD8, 0x2A, 0x33, 0xF7, 0xF3, 0xCC, 0x57, 0x59, 0xCD, 0x4E,
    0x5B, 0x5E, 0xFC, 0xD5, 0x33, 0xC1, 0xD6, 0x82, 0x56, 0xA3, 0x9E, 0x93, 0x74, 0x4A, 0xE4, 0xE8,
    0xDC, 0x84, 0x1B, 0x8B, 0x9F, 0x18, 0xBD, 0x74, 0x99, 0x99, 0x90, 0x01, 0x7C, 0xB2, 0x47, 0xD9,
    0xD6, 0x05, 0x89, 0xD9, 0x68, 0x7C, 0x3B, 0x37, 0xDC, 0xF1, 0x1A, 0xD3, 0x12, 0x2E, 0x99, 0x91,
    0xFB, 0x1A, 0xA7, 0x0E, 0x2E, 0x38, 0x30, 0xC5, 0x63, 0x38, 0x5A, 0xAB, 0xC0, 0xF4, 0x88, 0x4C,
    0xD9, 0x6B, 0x4C, 0xF0, 0x1D, 0xE6, 0xD2, 0x3C, 0x92, 0x8D, 0x8C, 0x99, 0x43, 0x3C, 0xCB, 0x43,
    0x7F, 0x3F, 0x15, 0x68, 0x7F, 0x89, 0xC1, 0xB1, 0xF2, 0x5F, 0xE7, 0xF2, 0xE3, 0x31, 0x93, 0xA0,
    0xDB, 0x4B, 0x52, 0x6E, 0x5A, 0xCF, 0x0B, 0xB9, 0x97, 0x5E, 0x31, 0xD6, 0x61, 0x0B, 0x72, 0xEA,
    0x56, 0x4D, 0xA9, 0xEE, 0xC3, 0xB5, 0xC7, 0x1A, 0xD4, 0xE9, 0x3B, 0xAF, 0x19, 0x35, 0x98, 0x61,
    0xFC, 0x66, 0x60, 0x0D, 0xDE, 0xA2, 0xDF, 0x85, 0x69, 0x57, 0x30, 0x1C, 0xE0, 0xDD, 0x71, 0x86,
    0xA7, 0x5D, 0xD4, 0x7F, 0xE7, 0x3C, 0xDC, 0xDD, 0x58, 0x80, 0x27, 0xE0, 0x13, 0x00, 0x42, 0xA7,
    0x52, 0x01, 0xA2, 0x80, 0x91, 0x90, 0xDA, 0x2D, 0x30, 0x05, 0x9C, 0x70, 0x20, 0x17, 0x48, 0x3F,
    0x1E, 0x85, 0xB9, 0xCE, 0x90, 0x1E, 0xC8, 0x7B, 0x40, 0x4D, 0xB5, 0x84, 0x23, 0xDD, 0x5B, 0xA2,
    0x6E, 0x13, 0xF2, 0x38, 0x03, 0xE2, 0x39, 0xE1, 0x4F, 0x2E, 0x9E, 0xCD, 0xC8, 0x3D, 0x7A, 0x5D,
    0xE2, 0x85, 0xA4, 0xC0, 0x6E, 0x7D, 0x41, 0x81, 0xFB, 0x81, 0xE7, 0xB9, 0x47, 0x0D, 0xD8, 0x9C,
    0x29, 0x0C, 0x4F, 0x6A, 0x80, 0x85, 0x1F, 0x37, 0xCD, 0x5A, 0x1C, 0xE2, 0x79, 0xA4, 0x34, 0x44,
    0x20, 0xFF, 0xE3, 0xF9, 0x69, 0x8A, 0x82, 0x78, 0x5C, 0xBF, 0x66, 0xC1, 0x6D, 0xC6, 0x35, 0xA0,
    0x76, 0x8E, 0x94, 0xDA, 0xA3, 0x12, 0x84, 0x24, 0xCF, 0x8F, 0xC0, 0x9B, 0x6E, 0xCC, 0x92, 0xB0,
    0x71, 0x5B, 0xCA, 0x33, 0xF9, 0x4B, 0x51, 0x29, 0x54, 0xD8, 0x57, 0xFF, 0xC9, 0x9D, 0xA4, 0xA9,
    0xAE, 0x71, 0xCA, 0xD8, 0xD7, 0xE2, 0xD3, 0x67, 0x9B, 0x95, 0xC9, 0xB6, 0x30, 0x45, 0x73, 0x6F,
    0x0A, 0x7E, 0xF6, 0xFA, 0x8C, 0x64, 0xBB, 0x89, 0xF8, 0x99, 0xB4, 0x00, 0xBE, 0x67, 0x27, 0x3B,
    0x13, 0x89, 0xB6, 0x55, 0x88, 0x37, 0x90, 0xB5, 0x2D, 0x99, 0xAB, 0x51, 0x44, 0xEC, 0x48, 0x2C,
    0x03, 0x76, 0x2A, 0xBB, 0x5A, 0x46, 0x7D, 0x5D, 0x8D, 0x86, 0x76, 0x0E, 0x94, 0x9E, 0x3E, 0x00,
    0x39, 0xF3, 0xAF, 0x78, 0xC2, 0xD9, 0xCB, 0x77, 0x0B, 0x5D, 0xEB, 0x63, 0xB1, 0xCB, 0xC8, 0xF9,
    0x65, 0x64, 0x79, 0x7A, 0x71, 0xC6, 0x03, 0x63, 0x06, 0x8E, 0x4A, 0x27, 0x11, 0x3B, 0x11, 0x34,
    0x09, 0x5C, 0x7B, 0x51, 0x65, 0x15, 0xAB, 0x6A, 0x1B, 0xD2, 0xCE, 0xE4, 0x24, 0x91, 0xF6, 0xF5,
    0x9C, 0xEA, 0x31, 0x8F, 0x1D, 0xB1, 0x04, 0xB1, 0xD6, 0x86, 0x6D, 0xE9, 0x98, 0xAE, 0x01, 0x66,
    0x86, 0x34, 0x65, 0x2A, 0xB3, 0xFA, 0x76, 0xEA, 0x24, 0x6E, 0xEC, 0x45, 0xDE, 0x82, 0xDF, 0x0A,
    0x32, 0xBF, 0xD2, 0x8A, 0x2D, 0xD9, 0xA7, 0xF9, 0x79, 0x76, 0x56, 0xA7, 0xCC, 0x45, 0x15, 0x32,
    0x60, 0xBD, 0x43, 0x86, 0x18, 0x30, 0xE7, 0x7E, 0x84, 0x08, 0xBC, 0xA8, 0xC7, 0xA9, 0xE0, 0xBF,
    0x05, 0xEB, 0x5B, 0x30, 0x36, 0x4C, 0x6D, 0x46, 0x56, 0xE0, 0x8F, 0x9D, 0x49, 0x18, 0x31, 0xA3,
    0x68, 0x3A, 0x51, 0x65, 0x7A, 0xE1, 0xEA, 0xD8, 0xE3, 0xC4, 0x6B, 0x45, 0x9D, 0x0E, 0x1B, 0x57,
    0x76, 0xFB, 0x56, 0x59, 0x78, 0x49, 0x2F, 0x90, 0x7A, 0x5D, 0x1A, 0x2D, 0xA9, 0x77, 0xA9, 0x64,
    0xAD, 0x5C, 0xBA, 0x85, 0xCA, 0x7A, 0x4E, 0x1A, 0x96, 0x91, 0x5B, 0x5C, 0x56, 0x2F, 0xF9, 0x90,
    0xB1, 0x23, 0x5F, 0xA2, 0x5E, 0xD2, 0xCD, 0xD7, 0x89, 0x79, 0x5D, 0x35, 0x87, 0x6E, 0x86, 0x95,
    0xE1, 0xB6, 0x99, 0x80, 0x8D, 0x3A, 0x66, 0xA1, 0xC6, 0x9A, 0xA0, 0xAA, 0xF6, 0x50, 0x7A, 0xAF,
    0x48, 0xC5, 0xD0, 0xED, 0xB4, 0x8A, 0xFF, 0xD6, 0x1A, 0x0F, 0x3A, 0x2C, 0xA9, 0xFF, 0xE2, 0xB9,
    0x93, 0xF0, 0x42, 0x1B, 0x69, 0xFA, 0x0C, 0x2B, 0xC4, 0x56, 0xE1, 0xB9, 0x46, 0x77, 0x01, 0x45,
    0xEE, 0xB3, 0x6B, 0x60, 0x01, 0x8F, 0x7A, 0xDB, 0xD0, 0xE1, 0xE5, 0xB1, 0xDB, 0xAB, 0x0F, 0x25,
    0x04, 0x7C, 0xD2, 0x83, 0x83, 0x3A, 0x3E, 0x0D, 0x34, 0x4F, 0x1D, 0x9D, 0x59, 0x47, 0x1A, 0x5A,
    0xF8, 0x76, 0x05, 0x98, 0x50, 0x42, 0x84, 0x87, 0x93, 0x3E, 0x4E, 0x9A, 0x9A, 0xF3, 0x8E, 0x01,
    0xE9, 0x93, 0x5B, 0x9B, 0xEF, 0x05, 0x75, 0xA7, 0x12, 0x23, 0x8A, 0xAB, 0x0B, 0x77, 0x9F, 0xC6,
    0x53, 0x46, 0x5D, 0xD4, 0x42, 0xC5, 0xAA, 0xFE, 0x8E, 0xD3, 0xCF, 0xD8, 0x95, 0x3C, 0x91, 0xC1,
    0x47, 0x55, 0xCB, 0x5A, 0x2F, 0xFB, 0x2C, 0xF6, 0xC1, 0x4C, 0x51, 0x61, 0x4C, 0x5C, 0x28, 0x83,
    0xBB, 0x66, 0xAA, 0x0B, 0x55, 0x53, 0x4F, 0xA0, 0x3B, 0x28, 0xF0, 0x36, 0xF0, 0x73, 0x44, 0x34,
    0x94, 0xEF, 0x6B, 0x61, 0x16, 0xBF, 0x80, 0xCD, 0x12, 0x89, 0xB3, 0x1E, 0x8C, 0x52, 0xAB, 0xCF,
    0x1E, 0xD5, 0xDD, 0xFE, 0x0E, 0x98, 0xDE, 0xBD, 0x78, 0x96, 0x84, 0xDE, 0xE3, 0x08, 0xE1, 0xC4,
    0xB2, 0xB3, 0x6F, 0x9C, 0x00, 0x50, 0x3C, 0xEC, 0xA9, 0xB7, 0xD1, 0x63, 0x6B, 0x22, 0xD1, 0xC4,
    0xFD, 0x1A, 0xC8, 0xB0, 0x60, 0xFF, 0x02, 0xA7, 0x9B, 0x1C, 0xA2, 0x67, 0x47, 0xAA, 0xF2, 0x1E,
    0xD4, 0x12, 0xBE, 0x21, 0xFA, 0xCE, 0xA9, 0xF8, 0x35, 0xA9, 0xAD, 0xCB, 0xE1, 0xF2, 0x64, 0x12,
    0x2A, 0x2C, 0x8F, 0x93, 0x98, 0x8B, 0x49, 0xD4, 0x19, 0xCD, 0x1F, 0x30, 0x38, 0xE3, 0x18, 0x99,
    0x99, 0x2F, 0xBF, 0xE8, 0x83, 0xB1, 0x8C, 0xA7, 0xCA, 0xB8, 0x62, 0xCE, 0x3F, 0x85, 0x80, 0xB2,
    0xC7, 0x58, 0x16, 0x58, 0x3C, 0x7E, 0xF1, 0x60, 0xF7, 0xAF, 0xB1, 0x85, 0xD5, 0x57, 0xAA, 0x97,
    0x92, 0xA1, 0xFC, 0xBB, 0x7D, 0xB6, 0xC2, 0x29, 0x9D, 0x7C, 0x70, 0x03, 0x2C, 0x18, 0x87, 0x3C,
    0x0C, 0xC2, 0x75, 0xD8, 0x4A, 0x29, 0x9F, 0x90, 0x45, 0x7E, 0x4B, 0x20, 0x7D, 0x8A, 0x9E, 0x83,
    0xC8, 0x7E, 0x10, 0x55, 0x62, 0x85, 0xE5, 0xA0, 0xEA, 0x33, 0x9C, 0x87, 0x97, 0x51, 0x9D, 0x4D,
    0x8B, 0x8A, 0x39, 0x0C, 0xA1, 0x13, 0x4D, 0x54, 0x69, 0x63, 0xAC, 0x4A, 0xCB, 0xEA, 0x60, 0x22,
    0x32, 0xEB, 0x00, 0x3C, 0x5E, 0x06, 0x6B, 0x6B, 0x94, 0xC7, 0x25, 0xDF, 0x74, 0xB9, 0xAE, 0x52,
    0x61, 0xBA, 0x1C, 0x3C, 0x29, 0x79, 0xA2, 0x69, 0x56, 0xA9, 0xBD, 0x04, 0x55, 0xDA, 0x14, 0xEB,
    0x39, 0xD6, 0xDD, 0x7B, 0x11, 0x8D, 0x31, 0x24, 0x57, 0xAF, 0x8E, 0xE0, 0xE9, 0x30, 0x68, 0xE6,
    0xFF, 0xF1, 0xF4, 0xF3, 0xFF, 0x0E, 0x15, 0xD0, 0xD1, 0xF7, 0xAF, 0x1B, 0xFD, 0x98, 0x10, 0x50,
    0x09, 0x74, 0x61, 0x3B, 0xA7, 0xAA, 0xCC, 0x82, 0xBE, 0x9C, 0x44, 0x6E, 0x82, 0xED, 0x5E, 0x8C,
    0x0B, 0x03, 0x18, 0x35, 0xF6, 0xF3, 0x1E, 0xA7, 0x23, 0x36, 0x60, 0x4E, 0x7D, 0xCF, 0x78, 0x97,
    0x64, 0xB0, 0xAF, 0xFA, 0x98, 0x90, 0xC4, 0x9E, 0xD8, 0x09, 0x30, 0xB0, 0x3C, 0x8C, 0xA0, 0xC4,
    0x3E, 0xA4, 0x16, 0x7A, 0x1B, 0xBF, 0x0B, 0x23, 0x48, 0xDC, 0xF8, 0x24, 0xF1, 0x22, 0x3B, 0xF1,
    0xA0, 0x41, 0x3E, 0xC2, 0xD9, 0x46, 0x28, 0x75, 0x38, 0xAB, 0xC1, 0xD7, 0xA9, 0xD4, 0x91, 0xD0,
    0xBA, 0xD3, 0x7D, 0x58, 0x5F, 0xFF, 0x43, 0x1A, 0x16, 0x9D, 0xD8, 0x4F, 0xEB, 0x17, 0xE3, 0x3F,
    0x32, 0x57, 0x9C, 0xD2, 0x39, 0xF9, 0x90, 0x67, 0xA4, 0xA4, 0x8A, 0x7D, 0xC7, 0x04, 0x7E, 0x43,
    0x51, 0xF3, 0xF8, 0xAC, 0xC5, 0xB7, 0xCD, 0xA1, 0xEA, 0xC8, 0xCC, 0x58, 0x2D, 0xFC, 0x72, 0x07,
    0x22, 0x77, 0xD6, 0x21, 0x66, 0x9B, 0x26, 0x3C, 0x1E, 0x1B, 0xFB, 0x3C, 0x11, 0xD7, 0x24, 0x7E,
    0x48, 0xEB, 0x84, 0xF4, 0xA9, 0x6C, 0x27, 0xD1, 0x2A, 0x25, 0x40, 0x63, 0xE9, 0x29, 0x27, 0x4F,
    0x0A, 0x9E, 0x63, 0x79, 0x1B, 0x4F, 0x76, 0xD5, 0xDA, 0xCD, 0x55, 0xA2, 0xD3, 0xD6, 0x6D, 0x2E,
    0x16, 0x58, 0x2C, 0xFD, 0xA0, 0x41, 0xCF, 0x60, 0xE9, 0x5F, 0x99, 0x45, 0x8B, 0x34, 0x93, 0x22,
    0x76, 0xCE, 0x9F, 0x03, 0x01, 0xCB, 0xAD, 0x1B, 0x60, 0xC1, 0x60, 0x49, 0x42, 0x26, 0x31, 0xAA,
    0xAE, 0xBC, 0x74, 0x32, 0x96, 0xB7, 0x75, 0xDC, 0x2A, 0x3B, 0xAE, 0xC5, 0x8E, 0x9B, 0x25, 0xD5,
    0x9B, 0x3B, 0x6E, 0xAD, 0x22, 0x6B, 0x07, 0x89, 0x93, 0x83, 0x2C, 0x7E, 0x2B, 0x99, 0xFD, 0xE3,
    0x2A, 0x3D, 0xDD, 0x80, 0x91, 0x02, 0xB7, 0x9A, 0x8B, 0x98, 0x65, 0xDE, 0x8D, 0x6B, 0xA3, 0x02,
    0x71, 0x52, 0x19, 0x79, 0x22, 0xBC, 0x7B, 0x46, 0x9E, 0xDA, 0xB4, 0x78, 0xBC, 0xFB, 0xA8, 0xD0,
    0xB7, 0x48, 0x5D, 0x89, 0x4B, 0x67, 0x6F, 0xB5, 0x6A, 0xBF, 0x7A, 0x90, 0x58, 0x45, 0xC5, 0x10,
    0x19, 0x86, 0xF5, 0x31, 0x86, 0xDE, 0xE5, 0x0C, 0xE3, 0xF1, 0x4A, 0xC1, 0x78, 0xFB, 0xEF, 0xCC,
    0xFF, 0x54, 0xD5, 0xAD, 0x8A, 0xBE, 0x11, 0x24, 0xAA, 0x77, 0x92, 0xB8, 0xA9, 0x89, 0xDE, 0x43,
    0xF4, 0x3E, 0xA2, 0xDF, 0x7E, 0x67, 0xF4, 0x97, 0xAB, 0x1C, 0x87, 0xC3, 0x1E, 0x73, 0x29, 0x05,
    0xB6, 0x16, 0xF4, 0xAD, 0xF1, 0xD5, 0x9D, 0x81, 0x5B, 0xC6, 0xC1, 0xAB, 0xF9, 0x01, 0x48, 0xB1,
    0xC5, 0x86, 0x5F, 0xDC, 0x14, 0x08, 0x5E, 0x65, 0x0C, 0x27, 0x67, 0x3E, 0x7A, 0x34, 0x15, 0xB2,
    0x67, 0x43, 0x62, 0x04, 0xC3, 0x58, 0x45, 0x7B, 0x1E, 0xD5, 0xDA, 0x3A, 0x83, 0x23, 0x8F, 0x0D,
    0x6E, 0x46, 0x5A, 0xA9, 0x50, 0x51, 0x69, 0xC2, 0x9D, 0x73, 0xAF, 0xC7, 0xD2, 0x52, 0x25, 0x3A,
    0xCE, 0x43, 0x7B, 0xB9, 0xC9, 0x16, 0x32, 0x56, 0x83, 0xEB, 0x1A, 0x34, 0xA3, 0x89, 0xBB, 0x2A,
    0x13, 0xF5, 0x22, 0x15, 0xF5, 0x3D, 0x2C, 0xFD, 0x1D, 0x26, 0xFF, 0x69, 0xD2, 0x44, 0x20, 0x04,
    0x47, 0x9C, 0x15, 0x34, 0x6F, 0x88, 0x7F, 0xC3, 0x68, 0xA6, 0x00, 0x7A, 0x3C, 0x65, 0xDE, 0xB2,
    0xD1, 0x94, 0xBE, 0x31, 0xFC, 0x64, 0x18, 0xFE, 0x21, 0x5A, 0x01, 0xE1, 0xBF, 0x84, 0x9D, 0xEF,
    0x2F, 0x0D, 0x1F, 0xD2, 0xD2, 0x42, 0xF8, 0xA7, 0x08, 0x1F, 0xB9, 0xE9, 0xD0, 0x33, 0x9D, 0xDA,
    0x5A, 0x11, 0xDC, 0xD1, 0x1D, 0x94, 0x0D, 0xB5, 0x7C, 0x86, 0x75, 0x72, 0xB1, 0xB0, 0x83, 0xD6,
    0xF8, 0x01, 0x5B, 0x9F, 0xF4, 0x8D, 0xD0, 0x6D, 0x57, 0xE2, 0x37, 0xFD, 0x5A, 0x21, 0x87, 0x07,
    0x74, 0x8D, 0x10, 0x97, 0xFD, 0x8B, 0x27, 0x62, 0x76, 0x88, 0xDD, 0x9F, 0x8B, 0x3D, 0x68, 0x8A,
    0xFD, 0xC7, 0x4C, 0x2C, 0x2B, 0x9E, 0x05, 0xD6, 0xFF, 0x01, 0x95, 0x93, 0x01, 0x87, 0x24, 0x47,
    0x1B, 0xC7, 0x7F, 0xDD, 0xE5, 0xBD, 0xF2, 0xA6, 0x32, 0x53, 0x87, 0x85, 0x70, 0x3B, 0x1D, 0x1C,
    0x82, 0xE9, 0x69, 0x18, 0x34, 0x7A, 0x66, 0xCA, 0x1D, 0x02, 0xB0, 0xC8, 0xD7, 0x48, 0x1C, 0x16,
    0x83, 0xDE, 0x4C, 0xE7, 0xF6, 0x83, 0xE4, 0x3E, 0x40, 0x30, 0x18, 0xB1, 0xC7, 0xDD, 0x6E, 0x6D,
    0xF6, 0x0B, 0xD4, 0xE5, 0xBE, 0x40, 0x25, 0xEE, 0x03, 0x14, 0x5A, 0x0C, 0x7A, 0xB7, 0x53, 0x6D,
    0x76, 0xEF, 0x0E, 0x07, 0xF9, 0xD7, 0x3C, 0x53, 0x55, 0xCF, 0xF3, 0xFB, 0x3F, 0xC5, 0x78, 0xE6,
    0xAA, 0xEB, 0xBB, 0x21, 0xFA, 0xFE, 0xB6, 0xEF, 0xEF, 0xFA, 0xBE, 0x37, 0x31, 0x9A, 0x18, 0x51,
    0xF6, 0x8B, 0x5B, 0x9D, 0xFD, 0xD7, 0x75, 0xDF, 0xD1, 0x00, 0x3C, 0xBC, 0x80, 0x91, 0x8D, 0x66,
    0x46, 0xC5, 0x1B, 0xDE, 0x52, 0x93, 0x18, 0xE5, 0xA4, 0x93, 0x56, 0xC5, 0x6C, 0xCE, 0x7C, 0xB8,
    0x7B, 0xE1, 0x45, 0xCC, 0x68, 0x33, 0xA1, 0xE4, 0x28, 0x52, 0x1D, 0x17, 0xD4, 0x54, 0x1C, 0xA3,
    0xC0, 0x3C, 0x96, 0xBF, 0x78, 0x2D, 0xEC, 0x4C, 0x35, 0x95, 0xE6, 0x4D, 0xC1, 0xDB, 0xC2, 0xD4,
    0x59, 0xF4, 0x9D, 0xA8, 0x3F, 0x5B, 0xF9, 0xAE, 0x95, 0xD7, 0x41, 0xBD, 0x1C, 0x80, 0x5C, 0x99,
    0xF9, 0x88, 0x21, 0xFF, 0xF7, 0x5E, 0xF8, 0xBD, 0x70, 0x43, 0x49, 0x3F, 0x77, 0x13, 0xD9, 0x94,
    0x63, 0x8E, 0xFE, 0x37, 0x18, 0xBB, 0x15, 0x17, 0x33, 0xA2, 0xBD, 0xD2, 0x1C, 0x4B, 0xA3, 0x52,
    0xCB, 0x0C, 0x16, 0x50, 0x41, 0xC5, 0x51, 0x79, 0xB2, 0xE9, 0xDB, 0xD7, 0xBF, 0x6F, 0xD9, 0x42,
    0x00, 0x4F, 0xE2, 0x49, 0x1D, 0xC2, 0x0E, 0x1F, 0x69, 0x51, 0x0D, 0x43, 0x68, 0x83, 0x06, 0xCD,
    0xFF, 0xC7, 0x47, 0x59, 0x7F, 0x3B, 0xF9, 0xF1, 0xB7, 0x83, 0x9D, 0x1A, 0x2E, 0x60, 0xC7, 0xEB,
    0x7F, 0xB6, 0x7D, 0x1F, 0x7E, 0xF8, 0xEB, 0xE4, 0xDE, 0x3E, 0x74, 0xA0, 0x68, 0x36, 0xF6, 0x2A,
    0xAE, 0x15, 0x4F, 0x61, 0x63, 0xD8, 0xB4, 0x6C, 0x7A, 0xB3, 0xE9, 0xED, 0xE6, 0x8E, 0x8D, 0xE7,
    0x67, 0x78, 0x0C, 0x05, 0x1B, 0x96, 0x2C, 0x52, 0x7F, 0x29, 0x43, 0x2D, 0x6C, 0x4E, 0x41, 0xC6,
    0x25, 0x2B, 0x56, 0xA6, 0x66, 0xC1, 0xEC, 0x1E, 0x00, 0x06, 0x9A, 0x58, 0x22, 0x00, 0xB2, 0xB7,
    0xA9, 0x03, 0xF4, 0x73, 0x2B, 0x1B, 0x20, 0x4F, 0x9D, 0x06, 0xA8, 0x52, 0x57, 0x01, 0x94, 0xC2,
    0xEE, 0x00, 0xD6, 0xF1, 0xA7, 0xFC, 0x89, 0x47, 0xBE, 0xD2, 0xE2, 0xA6, 0xB7, 0xAB, 0xFD, 0xEA,
    0x56, 0xAB, 0x73, 0xB7, 0xAF, 0x94, 0xCF, 0xB3, 0xE4, 0x9D, 0xCF, 0x23, 0x91, 0x27, 0xEF, 0x6D,
    0x0E, 0xA1, 0x4A, 0xDF, 0xDB, 0x29, 0xC2, 0x56, 0xE2, 0xA6, 0xA9, 0x50, 0xA6, 0x92, 0xE7, 0xCD,
    0x9A, 0x09, 0xD1, 0x7A, 0x1D, 0xA8, 0x29, 0x6E, 0xD3, 0xDE, 0x11, 0x50, 0x1F, 0xB8, 0x84, 0x13,
    0x0E, 0x8A, 0xA0, 0x6E, 0x32, 0x96, 0xD4, 0xEC, 0xF0, 0xF7, 0xA9, 0x67, 0x56, 0x9F, 0xBB, 0x4C,
    0xD9, 0xA5, 0x6E, 0xEA, 0x8C, 0xDD, 0x02, 0x5F, 0xC2, 0xC7, 0x5A, 0x88, 0xC5, 0x36, 0x53, 0x7F,
    0x84, 0x65, 0x3C, 0xD4, 0x11, 0xDB, 0x2D, 0x74, 0x24, 0x46, 0x1C, 0x34, 0x65, 0x49, 0x81, 0x36,
    0xCA, 0x0A, 0x87, 0x3B, 0xA4, 0x64, 0xB3, 0x54, 0xB6, 0x10, 0x4E, 0x3F, 0x0B, 0xCA, 0xB6, 0xC2,
    0xAD, 0x71, 0x53, 0xE0, 0xA1, 0x18, 0x88, 0xE5, 0x96, 0x08, 0x74, 0x44, 0xE4, 0x8C, 0x78, 0x9B,
    0x11, 0x31, 0x4D, 0x04, 0x85, 0xE1, 0x41, 0x2F, 0x48, 0x3A, 0xE4, 0xAF, 0x4C, 0xA4, 0x5D, 0x27,
    0x81, 0x29, 0xB1, 0x57, 0x66, 0x96, 0xAC, 0xD0, 0x46, 0x58, 0xDC, 0x57, 0x08, 0x9B, 0x06, 0xF6,
    0x74, 0x69, 0xAB, 0xEC, 0x8C, 0x39, 0x00, 0xAF, 0xE0, 0xEB, 0x52, 0x98, 0x72, 0x24, 0xAD, 0x97,
    0xCF, 0x5F, 0xDA, 0xC4, 0x2A, 0xD8, 0x4E, 0x61, 0x7A, 0xCA, 0x58, 0x3B, 0x5F, 0xC4, 0xB1, 0x1B,
    0x8D, 0xFD, 0x2B, 0xCA, 0x12, 0xC2, 0x31, 0xE2, 0xE6, 0x7B, 0xA3, 0xE5, 0x75, 0x7C, 0xB9, 0x39,
    0xDD, 0xC2, 0x13, 0x00, 0x2E, 0x52, 0x97, 0xB4, 0x32, 0x76, 0xD7, 0x8D, 0xF0, 0xDA, 0xC4, 0x77,
    0x91, 0x36, 0x46, 0x93, 0xA3, 0x4C, 0x85, 0x66, 0x88, 0x92, 0x31, 0x73, 0x46, 0x9C, 0x72, 0xCC,
    0x8B, 0x68, 0xDC, 0xF2, 0xA0, 0x9C, 0xC0, 0x59, 0xDA, 0xB2, 0x4E, 0xFC, 0xC7, 0x7F, 0xDA, 0x95,
    0xEB, 0x1D, 0x07, 0x7D, 0x07, 0xD4, 0x40, 0x80, 0xD4, 0x81, 0x6C, 0x40, 0x03, 0x15, 0xB0, 0x03,
    0x3C, 0x08, 0x0B, 0x0A, 0x38, 0x06, 0xCA, 0x2F, 0x93, 0x25, 0x07, 0x69, 0x9F, 0xDC, 0xB1, 0xEA,
    0x44, 0x6F, 0xE7, 0x33, 0xF1, 0xCC, 0xA3, 0x21, 0x30, 0x21, 0xF1, 0x54, 0x08, 0x4B, 0x20, 0x43,
    0x5A, 0x6A, 0x32, 0x92, 0x70, 0x48, 0x6D, 0x1A, 0xB9, 0xA7, 0x40, 0x04, 0x3E, 0xA9, 0x1A, 0xA0,
    0x0E, 0x6D, 0xD9, 0xA1, 0x0C, 0xC0, 0x0C, 0xA8, 0xB5, 0xA7, 0x5B, 0x75, 0xB4, 0xF3, 0x19, 0x01,
    0x9D, 0xC4, 0xC6, 0xA9, 0x1F, 0xC6, 0x96, 0x20, 0xAC, 0xB4, 0xC2, 0x66, 0x88, 0x26, 0x5A, 0x4D,
    0x6C, 0x49, 0xC1, 0xA3, 0xCF, 0xDA, 0x69, 0xD3, 0x51, 0x98, 0x1D, 0x13, 0xB8, 0x00, 0x92, 0x16,
    0x48, 0x83, 0x6A, 0x11, 0x3E, 0xBB, 0x43, 0xB8, 0x6F, 0x32, 0x23, 0x2D, 0xCA, 0xC8, 0x06, 0x15,
    0x37, 0x26, 0xE8, 0x81, 0xD4, 0xA4, 0x9E, 0x31, 0xDA, 0x30, 0x22, 0x87, 0x27, 0x14, 0x2E, 0x7E,
    0x65, 0x0D, 0x9F, 0x94, 0x33, 0x83, 0x33, 0x96, 0xB0, 0xA6, 0x82, 0xF4, 0x03, 0xDF, 0xEA, 0xDE,
    0x84, 0x85, 0xEA, 0xDD, 0x53, 0xAE, 0x0C, 0x9F, 0x0F, 0x6F, 0x35, 0x4C, 0x6F, 0x3D, 0x8C, 0x6F,
    0xB7, 0x7C, 0x38, 0xFA, 0x38, 0xC1, 0xC2, 0xC6, 0x11, 0x96, 0x07, 0xF6, 0x5F, 0x84, 0xD0, 0x21,
    0x48, 0x43, 0x41, 0x1C, 0xC7, 0xF1, 0xEF, 0xBD, 0x83, 0x77, 0xE1, 0x8F, 0xBB, 0xE5, 0xC9, 0xF6,
    0xAA, 0x41, 0xF7, 0x8C, 0x86, 0xA7, 0xEF, 0xC0, 0x6E, 0xEF, 0x1D, 0x34, 0xAE, 0xED, 0xD6, 0xCB,
    0x7A, 0xD5, 0x64, 0x99, 0x61, 0x60, 0x11, 0x77, 0x60, 0x87, 0x03, 0x3B, 0x5C, 0xB6, 0x78, 0x61,
    0x61, 0x32, 0xB7, 0xE7, 0x58, 0x07, 0xE1, 0x97, 0x7F, 0x7C, 0xF8, 0xAA, 0x3D, 0xD2, 0xF9, 0xCA,
    0x84, 0x46, 0x87, 0x89, 0x0E, 0x4B, 0x1D, 0xB2, 0xF8, 0x6C, 0x59, 0x8F, 0x99, 0x6E, 0xA8, 0x22,
    0xA8, 0x88, 0x44, 0xEA, 0xC0, 0x6B, 0x28, 0x3E, 0x83, 0xDC, 0xFA, 0x0B, 0xE3, 0xDA, 0x2E, 0x0F,
    0x16, 0x73, 0x7A, 0x30, 0xA4, 0xE8, 0x82, 0xFE, 0xF2, 0xC6, 0x21, 0x73, 0xE4, 0x17, 0xC6, 0x50,
    0xC1, 0x08, 0xDE, 0x58, 0xAC, 0x59, 0x39, 0x38, 0x4D, 0xFC, 0xA0, 0x3D, 0xF6, 0x89, 0x7A, 0x4F,
    0x63, 0xDD, 0x95, 0xB8, 0x89, 0xB8, 0xC6, 0xD2, 0xEE, 0x90, 0x44, 0xDD, 0xF9, 0x9B, 0x85, 0xBF,
    0xEC, 0xD1, 0x6F, 0xE0, 0x05, 0x15, 0xD1, 0x01, 0x7B, 0xFC, 0x68, 0x8E, 0x53, 0xEF, 0x98, 0x6F,
    0x6F, 0x75, 0xE8, 0x69, 0x27, 0x77, 0x94, 0x13, 0xCE, 0x46, 0x3C, 0x58, 0x96, 0x15, 0xD3, 0x1D,
    0x55, 0x82, 0x95, 0xD3, 0x5D, 0x34, 0xB3, 0x64, 0xC9, 0x96, 0x24, 0xDB, 0x78, 0x50, 0x21, 0x8E,
    0x31, 0xE5, 0x86, 0xD6, 0x33, 0x28, 0x5D, 0x7D, 0x1F, 0xE4, 0x31, 0xC8, 0x87, 0xB7, 0xC6, 0x59,
    0x61, 0x68, 0xFB, 0xE7, 0x36, 0x1E, 0x30, 0xFF, 0x17, 0xE8, 0x97, 0xB9, 0xCA, 0x64, 0x95, 0x8A,
    0xA8, 0x83, 0x0E, 0xC6, 0x1B, 0x57, 0xCD, 0x57, 0x99, 0xA9, 0x2F, 0xB6, 0xC9, 0xCC, 0x72, 0xA1,
    0xD2, 0x51, 0xEC, 0xB8, 0x46, 0x65, 0xC4, 0xD3, 0x3E, 0xFB, 0xB6, 0xF3, 0x6A, 0x87, 0x74, 0x9C,
    0x08, 0x58, 0xF8, 0x5B, 0x0D, 0x03, 0x3B, 0x28, 0x70, 0xC0, 0xA8, 0x06, 0x1C, 0x32, 0x0D, 0xC3,
    0x24, 0x6C, 0x01, 0x3C, 0xCF, 0x81, 0xC6, 0x14, 0x51, 0x18, 0x87, 0xF1, 0xDF, 0x99, 0xA1, 0xA5,
    0xA1, 0x0D, 0x80, 0x4F, 0xCD, 0x1D, 0xEC, 0x07, 0x10, 0xE6, 0xAB, 0x73, 0x1D, 0xDD, 0xC4, 0x02,
    0x84, 0x65, 0xF7, 0x52, 0xBA, 0x84, 0x10, 0x06, 0x5B, 0x3B, 0x00, 0x04, 0x4B, 0x37, 0x30, 0x11,
    0x10, 0x1C, 0x84, 0x89, 0x6D, 0xDF, 0xE6, 0x40, 0xF8, 0x3F, 0x0E, 0xE7, 0x7D, 0xF0, 0x88, 0xB8,
    0xD9, 0xAF, 0xEB, 0x0D, 0x7A, 0x6F, 0xEC, 0xBC, 0xF4, 0x44, 0x9D, 0x63, 0x9C, 0x5C, 0x22, 0x5B,
    0xF0, 0x9B, 0x6D, 0x4C, 0xFA, 0x75, 0x4D, 0xA1, 0x9D, 0x79, 0xF8, 0x53, 0x4F, 0xA0, 0x5B, 0x50,
    0x9F, 0xA9, 0xF4, 0xB4, 0xD3, 0x0B, 0xBA, 0x09, 0xDB, 0x4C, 0x8A, 0xAA, 0x54, 0xD8, 0xA1, 0x8D,
    0xC8, 0xBA, 0x08, 0x1C, 0x60, 0x84, 0xA2, 0xAA, 0x78, 0x17, 0x51, 0xBC, 0x7D, 0x1F, 0x57, 0xF6,
    0xF7, 0x8C, 0x6A, 0x16, 0xD0, 0xA7, 0x05, 0xEC, 0x9C, 0xC1, 0x93, 0xF3, 0x73, 0x18, 0x8C, 0xAF,
    0xE1, 0x90, 0xCA, 0xFE, 0x63, 0x37, 0x1B, 0xBB, 0xEF, 0x51, 0x8E, 0x45, 0x44, 0x1E, 0xCC, 0xC4,
    0x4F, 0x1F, 0x14, 0x0A, 0x9F, 0x9D, 0xA5, 0xC2, 0x27, 0x8F, 0xB9, 0x99, 0x29, 0x36, 0x53, 0x7B,
    0xA5, 0x68, 0xAE, 0xED, 0x24, 0xFD, 0xF8, 0xD5, 0x4C, 0x6B, 0x54, 0x8A, 0x6F, 0x91, 0x2F, 0x7F,
    0xF9, 0xD2, 0xAC, 0xF0, 0x70, 0xCF, 0x6A, 0x84, 0x6E, 0xDE, 0x9C, 0xF4, 0x36, 0xD9, 0x00, 0x23,
    0x35, 0xE4, 0x64, 0x1B, 0x41, 0x2A, 0x78, 0x8C, 0x7B, 0xC5, 0x8D, 0xE6, 0x7F, 0x92, 0x05, 0xBE,
    0x7A, 0x45, 0xFD, 0xF1, 0x2C, 0xFE, 0x6D, 0x02, 0x03, 0x00, 0x7C, 0x92, 0x81, 0xA6, 0xDC, 0x40,
    0x18, 0x85, 0xBF, 0xC9, 0x5C, 0x82, 0x94, 0x09, 0x0A, 0x68, 0x9B, 0xA2, 0xB8, 0x10, 0x8A, 0x22,
    0x65, 0xDA, 0x1D, 0xE8, 0x7B, 0xF4, 0x11, 0x4A, 0x97, 0x16, 0xD5, 0x2E, 0x00, 0x7D, 0x89, 0x02,
    0x48, 0x21, 0xDC, 0x4B, 0x4B, 0xB9, 0x77, 0xDE, 0x20, 0x79, 0x83, 0xE6, 0x11, 0xFE, 0x12, 0x2C,
    0xB6, 0x9D, 0xFE, 0x43, 0xBB, 0x5D, 0x6B, 0xBB, 0x71, 0x8E, 0x93, 0x7F, 0x86, 0x73, 0xE4, 0x3F,
    0x61, 0x03, 0x36, 0x82, 0x03, 0x3C, 0x90, 0x52, 0x92, 0x4C, 0x0F, 0x38, 0x20, 0xDF, 0xB1, 0x01,
    0x5E, 0x52, 0x6C, 0xA9, 0x12, 0xED, 0x97, 0x78, 0xFD, 0x63, 0xAE, 0x25, 0x20, 0x9C, 0x03, 0x77,
    0x81, 0x7F, 0x2E, 0x7F, 0x7D, 0xA1, 0xC8, 0x69, 0x01, 0x9E, 0x01, 0x8F, 0xE0, 0x13, 0xE7, 0x8D,
    0x06, 0x99, 0xFD, 0x55, 0x74, 0x09, 0xBB, 0x03, 0x81, 0x70, 0xA1, 0x6E, 0xF7, 0xA9, 0x42, 0x15,
    0x5A, 0x8A, 0xE9, 0xA6, 0xEF, 0x17, 0xF5, 0xDD, 0x7A, 0x8C, 0x38, 0xCA, 0x58, 0xC6, 0x06, 0x13,
    0xEF, 0x00, 0x40, 0x07, 0xBF, 0x28, 0xD3, 0xA6, 0x79, 0x2A, 0xBE, 0x5B, 0xD3, 0x71, 0x84, 0xCB,
    0xEE, 0xF1, 0x83, 0x4E, 0xCA, 0x6F, 0xD1, 0x24, 0x78, 0x07, 0x00, 0x20, 0x39, 0xCA, 0xA5, 0xE0,
    0xAF, 0xA6, 0xF5, 0x30, 0x33, 0xB0, 0xC7, 0xAB, 0x61, 0xD6, 0x43, 0xBD, 0xB2, 0x3F, 0x61, 0x21,
    0xA5, 0x45, 0x71, 0xE2, 0x13, 0x82, 0x98, 0x59, 0xCA, 0x28, 0x0D, 0xF2, 0xBE, 0x97, 0xDB, 0x24,
    0x2D, 0xB8, 0x80, 0x9D, 0x40, 0x01, 0x97, 0xE0, 0x8F, 0x70, 0x81, 0x6F, 0xF1, 0x2E, 0x78, 0x3B,
    0x3D, 0xEF, 0x97, 0x55, 0xDA, 0x62, 0x66, 0xCA, 0x48, 0x03, 0xF7, 0xD8, 0x3F, 0x36, 0x12, 0x6C,
    0x2C, 0xA2, 0x8D, 0x95, 0x6A, 0xAB, 0xF3, 0x4D, 0xFF, 0x39, 0xEF, 0x36, 0x1E, 0xF6, 0x65, 0x94,
    0x00, 0xD4, 0x80, 0xFC, 0xE9, 0x57, 0x77, 0xB4, 0x52, 0x5E, 0x03, 0x59, 0xF3, 0x9C, 0xCF, 0x11,
    0xA0, 0x06, 0x1E, 0xC2, 0x0E, 0x3B, 0xE2, 0xC6, 0xB8, 0x1A, 0xE5, 0xF5, 0xF8, 0x44, 0xDF, 0x4F,
    0xC2, 0xBC, 0x00, 0xEA, 0x7D, 0xB9, 0xB7, 0x1A, 0xAE, 0x14, 0xE0, 0x6D, 0x56, 0xE5, 0xC1, 0xEF,
    0x54, 0x63, 0x3F, 0xF2, 0x3F, 0xA7, 0x37, 0xE3, 0x5A, 0xA3, 0x34, 0xD0, 0x7E, 0x87, 0xAF, 0x50,
    0xE7, 0x76, 0x31, 0x73, 0x4B, 0xA9, 0xED, 0x36, 0x29, 0x4D, 0x1F, 0x74, 0xBF, 0x02, 0x3E, 0x6B,
    0x9E, 0x7F, 0x0F, 0x24, 0x0E, 0x94, 0x07, 0xAB, 0x03, 0x00, 0xAD, 0xD6, 0x01, 0x84, 0x24, 0xE9,
    0xF9, 0x06, 0xF0, 0x5F, 0x57, 0xDF, 0x4D, 0xB1, 0xF5, 0x77, 0xDF, 0x62, 0x81, 0x75, 0x53, 0x87,
    0xC5, 0xE2, 0x7A, 0x0A, 0x16, 0x73, 0x74, 0x77, 0xD7, 0x1F, 0xC0, 0x41, 0x90, 0x03, 0xE0, 0x00,
    0x40, 0x76, 0xB1, 0x18, 0xF4, 0x6E, 0x57, 0x40, 0x00, 0x59, 0x00, 0xC0, 0x21, 0x60, 0xC1, 0x84,
    0xC1, 0x38, 0x33, 0x99, 0x92, 0x00, 0x40, 0x11, 0x00, 0x28, 0x11, 0x80, 0x50, 0x91, 0x46, 0xEF,
    0xA6, 0x67, 0x2A, 0xF5, 0x4D, 0xD1, 0x32, 0x24, 0x27, 0x97, 0xCB, 0xDB, 0xF5, 0x3E, 0x55, 0xEF,
    0xF7, 0x3D, 0xEF, 0xF3, 0x7E, 0xEF, 0x37, 0xD3, 0xFD, 0xD5, 0x13, 0x3E, 0xF5, 0x96, 0x50, 0xAE,
    0x28, 0x14, 0xA5, 0x85, 0x50, 0x59, 0xCB, 0x6A, 0x97, 0xD2, 0xBE, 0xEF, 0x4C, 0x23, 0x24, 0xDD,
    0xB4, 0x61, 0x3B, 0xAD, 0xD9, 0x67, 0x15, 0xEB, 0x80, 0xE5, 0x31, 0x8A, 0x19, 0xC2, 0x3A, 0xC2,
    0x16, 0x69, 0x87, 0xC8, 0x05, 0x5E, 0x36, 0x92, 0x7E, 0x67, 0x5A, 0xBE, 0x41, 0x81, 0x1C, 0xA1,
    0x74, 0xF4, 0xEB, 0xD2, 0x4D, 0x5F, 0x4E, 0xBB, 0xA2, 0xCC, 0xAA, 0x20, 0x7E, 0x4E, 0x04, 0x0B,
    0xC7, 0x16, 0x66, 0x16, 0xE6, 0x16, 0x2E, 0xAC, 0x92, 0x56, 0xDE, 0x57, 0xD2, 0x0F, 0xF4, 0xFD,
    0xAE, 0xEF, 0xF7, 0x5C, 0xFD, 0xF3, 0xB5, 0xE9, 0xF7, 0x9B, 0x87, 0x83, 0xE3, 0x35, 0x30, 0x07,
    0x3E, 0x3C, 0x76, 0xD4, 0x57, 0x17, 0x36, 0xFD, 0xC7, 0x2E, 0xB9, 0x75, 0x53, 0xA7, 0xAD, 0xA2,
    0x0A, 0x95, 0x4D, 0x9D, 0x9B, 0xFC, 0xAD, 0x2D, 0xA4, 0xBF, 0xEF, 0x96, 0xF2, 0x49, 0xB7, 0x30,
    0x8F, 0xD0, 0x0D, 0x30, 0x6D, 0x92, 0x6E, 0x19, 0xCA, 0x69, 0x5B, 0x2C, 0x4C, 0x9B, 0xB0, 0x95,
    0xD5, 0x59, 0xAB, 0x28, 0xC3, 0x6E, 0x72, 0x67, 0x79, 0xD3, 0x6F, 0x9D, 0x65, 0x77, 0xA5, 0xC7,
    0x60, 0x52, 0x91, 0xD5, 0x84, 0x96, 0xBC, 0x63, 0xB1, 0xE5, 0x6C, 0xC7, 0xC5, 0x15, 0x83, 0x5E,
    0xD2, 0xAE, 0x4C, 0xEB, 0x5C, 0x5A, 0x87, 0x2A, 0x94, 0xA1, 0x0E, 0xD2, 0xFA, 0xC4, 0xB4, 0x9D,
    0x9B, 0x76, 0x6B, 0x93, 0x6D, 0x7F, 0xDF, 0x57, 0xBF, 0x5F, 0x0D, 0x20, 0x82, 0x82, 0xA5, 0xBC,
    0x32, 0x17, 0x6A, 0x57, 0xD2, 0xC6, 0x76, 0xE0, 0x4F, 0x3A, 0x49, 0x97, 0xB4, 0x26, 0xE3, 0x1F,
    0x21, 0xAD, 0xB8, 0x0A, 0x25, 0xCB, 0x80, 0xD5, 0x0C, 0xF9, 0x1A, 0x61, 0x87, 0xAC, 0x63, 0x48,
    0x41, 0x52, 0xE2, 0x69, 0xDF, 0x13, 0x95, 0xD3, 0x2D, 0x42, 0x85, 0x02, 0x16, 0xB0, 0x86, 0x4D,
    0x9C, 0x8D, 0x20, 0x86, 0x23, 0x2C, 0xA1, 0x80, 0x50, 0x33, 0xE6, 0x8A, 0x94, 0x51, 0x8F, 0xEF,
    0xA0, 0x7B, 0x20, 0x3F, 0xAD, 0x85, 0x2A, 0x2B, 0x15, 0x02, 0x0B, 0xC7, 0xAC, 0xCD, 0x1E, 0xCA,
    0x5F, 0xB0, 0xD6, 0xB1, 0x9C, 0x74, 0x14, 0x49, 0x43, 0xF8, 0x43, 0x4D, 0xFA, 0xF7, 0x9A, 0x51,
    0x3E, 0x8F, 0x10, 0xE0, 0x04, 0xC0, 0x4D, 0x7F, 0x97, 0xF5, 0xFD, 0x5D, 0x51, 0xF1, 0x06, 0x97,
    0x23, 0x77, 0x1F, 0x7D, 0x87, 0x2B, 0xBC, 0x45, 0x9C, 0x8F, 0xBC, 0xC8, 0x5F, 0xF5, 0x1F, 0xC4,
    0x0D, 0xAD, 0x91, 0x76, 0x22, 0xEB, 0xD0, 0x56, 0x0E, 0xA1, 0x8C, 0xDB, 0x3D, 0x02, 0xC2, 0x01,
    0x8A, 0x03, 0x6F, 0x2F, 0x36, 0x3E, 0xAA, 0x44, 0x3D, 0x49, 0x85, 0x69, 0x8D, 0x83, 0x3C, 0xDD,
    0x40, 0x71, 0x16, 0xE5, 0xE7, 0x96, 0xCC, 0xE4, 0x1C, 0x3F, 0x94, 0x4F, 0xAB, 0x50, 0x9A, 0xD6,
    0x11, 0x9A, 0x82, 0x49, 0xFB, 0x16, 0x7F, 0xDD, 0xA3, 0x3F, 0xC8, 0xDF, 0xC2, 0x1C, 0x4E, 0x1C,
    0xBA, 0x1E, 0xBC, 0x6F, 0x49, 0x76, 0xC6, 0xCE, 0x4F, 0xA2, 0x5E, 0x74, 0x14, 0x58, 0xE2, 0x3A,
    0xCE, 0x47, 0x5E, 0xE4, 0xF7, 0x83, 0x6D, 0x5F, 0x0E, 0xF0, 0x2E, 0xAB, 0x15, 0xFE, 0xD7, 0x90,
    0xFF, 0xD9, 0xE6, 0x5D, 0xBF, 0x9F, 0xF6, 0x1D, 0x28, 0x86, 0x62, 0xAB, 0xC1, 0x43, 0xED, 0x32,
    0xED, 0x9C, 0x25, 0x3B, 0x2F, 0xDC, 0x62, 0x85, 0xBC, 0x22, 0x6B, 0x98, 0x76, 0xA2, 0x47, 0x01,
    0x79, 0xC9, 0x02, 0x3B, 0x92, 0xCE, 0x93, 0xB4, 0x36, 0x0F, 0xA5, 0xF5, 0xEA, 0x9B, 0x6F, 0x76,
    0x9B, 0x51, 0xAB, 0x83, 0xF1, 0x7B, 0xCD, 0xA4, 0x65, 0x5A, 0x93, 0x95, 0x04, 0x2C, 0x70, 0x86,
    0x8E, 0xA4, 0x19, 0xA7, 0x42, 0xC9, 0x31, 0xE6, 0xB8, 0x74, 0x98, 0x4A, 0x2B, 0x02, 0x4E, 0x30,
    0x87, 0xF1, 0xFE, 0xA5, 0x48, 0x0E, 0xA2, 0xE2, 0xB4, 0x8A, 0x02, 0x93, 0x86, 0x8E, 0x73, 0xCE,
    0x98, 0x33, 0xE3, 0xB3, 0x03, 0xA3, 0x16, 0x19, 0x2D, 0xE0, 0x34, 0x5E, 0xCF, 0x4E, 0x9F, 0x2D,
    0xBF, 0xDA, 0x67, 0x7D, 0xE3, 0x4E, 0xDA, 0x37, 0xAB, 0xAF, 0x76, 0x2F, 0x4E, 0x9F, 0x8F, 0x53,
    0x38, 0x7A, 0x57, 0xEC, 0xCF, 0x4E, 0xBA, 0x10, 0x3F, 0x97, 0xB3, 0xD5, 0xEE, 0xA8, 0x7A, 0x7C,
    0x7D, 0x77, 0x85, 0x27, 0x98, 0x63, 0x8D, 0x1D, 0x3A, 0x26, 0x1D, 0x49, 0x6C, 0x70, 0xEC, 0x44,
    0x56, 0xF5, 0x75, 0x28, 0x07, 0x37, 0x6D, 0x8F, 0x25, 0xDD, 0x6C, 0x60, 0xCC, 0xD9, 0xAE, 0xD9,
    0x5D, 0xB0, 0xEE, 0x58, 0x74, 0xAC, 0x5A, 0x8A, 0x9A, 0x10, 0xBD, 0xE2, 0x08, 0x26, 0x59, 0x7B,
    0xBC, 0xDA, 0xBF, 0xB9, 0x38, 0x6E, 0xBB, 0xB4, 0xEE, 0xB2, 0x7A, 0x37, 0xEB, 0x56, 0xDB, 0xB7,
    0x8F, 0xAA, 0x47, 0x59, 0x9B, 0x35, 0xAB, 0xDD, 0x66, 0x7B, 0x79, 0xDC, 0xAE, 0xBB, 0xAC, 0x9A,
    0x0F, 0x73, 0xF3, 0xE1, 0xF9, 0x6C, 0xB5, 0xBD, 0xE9, 0xF2, 0x26, 0xAF, 0x61, 0xFE, 0x13, 0xFC,
    0xF0, 0xFF, 0xE8, 0xB0, 0x47, 0x5C, 0x61, 0xB2, 0xC5, 0xB4, 0x45, 0xA8, 0x51, 0xC0, 0x35, 0x26,
    0x3B, 0x4C, 0xBB, 0xC3, 0x78, 0x89, 0xB7, 0xB0, 0x67, 0x1C, 0xCF, 0x1A, 0xE4, 0x83, 0x66, 0xBD,
    0x89, 0xD0, 0xFD, 0x3B, 0x9B, 0xFF, 0x68, 0xE3, 0x67, 0x62, 0x91, 0x08, 0x5B, 0x64, 0x7B, 0x84,
    0x39, 0xF2, 0x13, 0xCC, 0x72, 0xCC, 0x43, 0xC9, 0x59, 0x56, 0x19, 0x8F, 0xBB, 0x78, 0xF0, 0x25,
    0xED, 0xA4, 0x33, 0x04, 0x9D, 0xB4, 0x76, 0x39, 0x1E, 0x90, 0x81, 0x85, 0x82, 0xC2, 0x82, 0x20,
    0x1E, 0xA4, 0x96, 0xE4, 0x72, 0x4E, 0x84, 0xD2, 0x42, 0x16, 0x79, 0x69, 0x6D, 0x6B, 0xD0, 0xE8,
    0x4C, 0xDA, 0xA4, 0x1D, 0xF5, 0x5C, 0xA4, 0x35, 0xEB, 0x58, 0x63, 0x1E, 0x70, 0x92, 0x23, 0x2C,
    0x22, 0xAC, 0x91, 0xEE, 0x18, 0xD7, 0x97, 0x74, 0x78, 0xF9, 0x21, 0x9E, 0xC1, 0x75, 0x68, 0x9E,
    0x76, 0x05, 0xDB, 0x05, 0x97, 0x73, 0xD6, 0x73, 0xE6, 0x3F, 0xC6, 0x9F, 0xF3, 0xFC, 0x47, 0xE6,
    0xAC, 0x63, 0xAD, 0x58, 0x33, 0x34, 0x69, 0x17, 0xD7, 0x60, 0x73, 0x0B, 0xF8, 0x1D, 0xD3, 0x21,
    0xCE, 0x7E, 0x55, 0x0B, 0xFF, 0x4F, 0xEE, 0xA7, 0x7B, 0xC1, 0xE3, 0x13, 0xCE, 0xE6, 0x6C, 0x76,
    0x3C, 0x7D, 0x07, 0xC8, 0x1A, 0x42, 0x4B, 0x56, 0xFB, 0x21, 0x5B, 0xB3, 0xBE, 0xE3, 0xEE, 0x96,
    0xDB, 0xC7, 0x0C, 0x17, 0xD7, 0x5C, 0xC7, 0xB1, 0x2B, 0xAE, 0xFC, 0x90, 0xA5, 0xF5, 0x58, 0x23,
    0x34, 0x4C, 0xC8, 0xAA, 0xBC, 0xCE, 0xCB, 0x4F, 0x39, 0xD8, 0x13, 0xD7, 0xF6, 0x2E, 0x18, 0x55,
    0x77, 0x77, 0x92, 0xFD, 0x95, 0xC9, 0xEE, 0x87, 0x57, 0x34, 0xF2, 0x6E, 0x07, 0x5E, 0x5C, 0x51,
    0xF2, 0x1B, 0x5F, 0xE4, 0xFD, 0x2F, 0xBB, 0x79, 0xD6, 0x37, 0x5F, 0xF8, 0x05, 0x98, 0x7C, 0xE7,
    0x71, 0xE8, 0xCB, 0x6E, 0xF1, 0xB4, 0x6F, 0x9E, 0xB9, 0x29, 0x71, 0xB0, 0xF8, 0x63, 0x18, 0x9D,
    0x87, 0x71, 0xFE, 0xEE, 0xFF, 0x36, 0xBB, 0xD9, 0xC5, 0x66, 0xFF, 0x6D, 0xD6, 0x7E, 0xEA, 0x93,
    0xA2, 0xFD, 0x7C, 0xB3, 0x5F, 0x6C, 0xEF, 0xC3, 0x67, 0x7C, 0x1B, 0x29, 0x47, 0xFD, 0xDD, 0x41,
    0xEA, 0xE8, 0xE6, 0x63, 0x19, 0xC7, 0xBE, 0x32, 0x39, 0x07, 0xB5, 0xA4, 0x1E, 0x7F, 0x60, 0x7D,
    0xCE, 0x29, 0xE7, 0xC6, 0x30, 0xE3, 0xD1, 0x83, 0x4A, 0xFF, 0xC9, 0x6A, 0xF8, 0x42, 0xB2, 0x53,
    0xB4, 0xC9, 0xAD, 0xA2, 0xF1, 0x56, 0xC4, 0xE1, 0x39, 0xDE, 0xD2, 0x3D, 0x67, 0xC0, 0x58, 0xE1,
    0x19, 0x4B, 0xF2, 0xD6, 0xE4, 0x2E, 0xDE, 0x24, 0xFB, 0x78, 0xBD, 0x6C, 0xD2, 0x5B, 0xAB, 0xC6,
    0x02, 0x1C, 0xC8, 0x00, 0xCF, 0x3C, 0x12, 0x69, 0x37, 0x51, 0x33, 0xDB, 0x46, 0xF1, 0x9B, 0x72,
    0x7C, 0xB4, 0x11, 0xEA, 0xA8, 0x94, 0xEE, 0x44, 0xCD, 0x4D, 0x35, 0x06, 0x91, 0x6F, 0x83, 0xE7,
    0x31, 0xF7, 0x60, 0x31, 0x3E, 0xC2, 0xAA, 0x0A, 0x2D, 0xE9, 0x6E, 0xC8, 0x30, 0xE4, 0xE4, 0x87,
    0xC0, 0xDE, 0xAA, 0x94, 0x6D, 0xE3, 0xFA, 0x6F, 0xCA, 0xA2, 0x19, 0x1F, 0x87, 0xB1, 0xD0, 0x3E,
    0xD4, 0xDA, 0xC4, 0x0D, 0xDE, 0xC4, 0xF6, 0x63, 0x29, 0x0F, 0xDF, 0x97, 0x44, 0x28, 0x23, 0x1C,
    0xC6, 0x96, 0x23, 0x2F, 0x66, 0x8C, 0xB9, 0x68, 0x31, 0x89, 0x30, 0xAD, 0x47, 0x30, 0x9C, 0xDB,
    0xE5, 0xB4, 0x1F, 0x20, 0x34, 0x81, 0xC2, 0x31, 0x4B, 0x0B, 0xE6, 0xE6, 0xAC, 0x9D, 0x31, 0xB7,
    0x65, 0xA1, 0xA3, 0x88, 0xA9, 0xE1, 0x8F, 0x0D, 0xF7, 0x19, 0x62, 0xAE, 0xEC, 0x50, 0xF5, 0x18,
    0x66, 0xF0, 0x04, 0x38, 0xC4, 0xF3, 0x03, 0x9C, 0x3D, 0xE8, 0x63, 0xF2, 0xA7, 0x3D, 0x49, 0xB3,
    0x64, 0x5A, 0x17, 0xA4, 0x55, 0x20, 0x2B, 0x43, 0x29, 0x08, 0x1C, 0x2B, 0x98, 0x59, 0x32, 0x7F,
    0xD8, 0x47, 0x37, 0x76, 0x11, 0x53, 0xC5, 0x54, 0xC0, 0x83, 0x66, 0x0E, 0xBB, 0x70, 0x28, 0xBD,
    0x86, 0xB9, 0x87, 0xFB, 0xD6, 0x78, 0xD0, 0xCC, 0xC1, 0x8A, 0x38, 0x76, 0x0F, 0x7D, 0xFF, 0xC1,
    0x70, 0x6F, 0x48, 0xB7, 0xD8, 0x63, 0x81, 0xE5, 0xC1, 0xC7, 0x78, 0x1F, 0xE7, 0x23, 0x2F, 0xF2,
    0x01, 0x87, 0x17, 0x46, 0x47, 0xDF, 0x8B, 0x8D, 0x77, 0x92, 0xF6, 0xFC, 0x8D, 0xAC, 0x3C, 0xCF,
    0xCA, 0xCF, 0x9D, 0x4F, 0xEB, 0xB9, 0x73, 0xED, 0x8B, 0x01, 0xBA, 0x57, 0x03, 0xBC, 0xFA, 0xFE,
    0xFD, 0xC7, 0xF7, 0xE7, 0x37, 0x43, 0xC6, 0xF6, 0x3C, 0x86, 0x71, 0xEC, 0xFC, 0x34, 0x52, 0xBE,
    0x74, 0x3E, 0x69, 0x3E, 0x1B, 0x32, 0xAA, 0xB4, 0x3E, 0xCF, 0xF9, 0xF0, 0xDB, 0x1D, 0x79, 0xFF,
    0x0E, 0x30, 0xF9, 0xB9, 0xD8, 0x7C, 0x23, 0xD9, 0x4E, 0x76, 0x42, 0x29, 0x37, 0x63, 0x5A, 0x9D,
    0x32, 0xA9, 0xCF, 0xD1, 0x76, 0x38, 0xFF, 0xF8, 0xFE, 0xFD, 0xFB, 0xAE, 0x1F, 0xAC, 0x6B, 0x63,
    0xD8, 0x11, 0xEB, 0xD2, 0x9E, 0x92, 0xD4, 0x33, 0xD2, 0x2A, 0x8B, 0xB9, 0x51, 0x65, 0xD4, 0x1B,
    0x95, 0x45, 0x28, 0xFA, 0xD6, 0xE4, 0xC3, 0xE4, 0x5A, 0x5A, 0x0B, 0x71, 0x83, 0x8B, 0xFA, 0xCB,
    0x0B, 0x97, 0xED, 0xE9, 0x6C, 0xE8, 0xE9, 0x55, 0xF6, 0x75, 0xF5, 0xFA, 0x55, 0x72, 0xE7, 0xC5,
    0xB9, 0xBD, 0xD3, 0x57, 0xC9, 0x5F, 0xBC, 0x78, 0x9D, 0x7D, 0x5D, 0xBE, 0xB8, 0x9F, 0xBD, 0xE7,
    0xDD, 0x67, 0xDC, 0xE7, 0x0E, 0xE2, 0xD7, 0xA3, 0x1E, 0xFF, 0x42, 0xBE, 0x12, 0xCA, 0xCF, 0x44,
    0x79, 0x51, 0xDE, 0x20, 0xF0, 0x5A, 0x36, 0xC8, 0x3B, 0x89, 0xF2, 0x97, 0x51, 0xBE, 0x8D, 0xF2,
    0x95, 0xD7, 0xA7, 0x27, 0x44, 0x79, 0x51, 0x3E, 0x89, 0xF2, 0x59, 0x19, 0x55, 0x1E, 0xC8, 0x23,
    0xFC, 0xB7, 0x5E, 0x8A, 0xDB, 0x15, 0x3D, 0xBE, 0x54, 0x7D, 0xE2, 0x13, 0x13, 0x1B, 0x45, 0x19,
    0xEA, 0x1B, 0xAB, 0x2A, 0xAF, 0x17, 0x0A, 0xA1, 0xFA, 0x07, 0x9D, 0x92, 0x01, 0xA6, 0x1C, 0x4D,
    0x14, 0x85, 0xBF, 0xEA, 0xE2, 0xEF, 0x9F, 0x46, 0x2F, 0xA1, 0x82, 0xE0, 0x41, 0xF2, 0x36, 0x30,
    0x93, 0xD4, 0x8E, 0x02, 0x10, 0x0C, 0xD3, 0x4B, 0x78, 0x4B, 0x78, 0x8B, 0x08, 0x1A, 0x61, 0x7A,
    0x09, 0x25, 0x1B, 0x48, 0xED, 0x20, 0x95, 0xA4, 0x31, 0x62, 0xBA, 0x2B, 0x8E, 0x5B, 0x8C, 0x44,
    0x10, 0x19, 0xDC, 0x8B, 0x51, 0x5D, 0xDF, 0xF9, 0x4E, 0x01, 0xC3, 0xF3, 0x63, 0x02, 0x2E, 0x7B,
    0x2D, 0xD0, 0xE5, 0x90, 0x9E, 0xA0, 0x5F, 0xFA, 0x05, 0x18, 0xE3, 0x30, 0x69, 0x31, 0x46, 0x70,
    0x97, 0x5A, 0x77, 0xF0, 0xB5, 0xD6, 0x1B, 0xF0, 0x8A, 0xD7, 0x00, 0x07, 0x8E, 0xB6, 0x0E, 0x5A,
    0x27, 0x5B, 0x33, 0x27, 0xAD, 0x95, 0x59, 0xAB, 0xB0, 0x02, 0xAE, 0x50, 0xD0, 0x72, 0x5A, 0x5D,
    0x76, 0x19, 0xF0, 0xA9, 0xCB, 0x5A, 0x8B, 0x4F, 0xE8, 0x56, 0xBF, 0x08, 0x68, 0xD2, 0xAD, 0x0F,
    0x21, 0x05, 0xE0, 0xED, 0xAE, 0xDB, 0x08, 0xF9, 0x5D, 0x46, 0x3F, 0x86, 0x0D, 0xD1, 0xD6, 0xA8,
    0x8F, 0x8C, 0x51, 0xA7, 0x1C, 0x42, 0x45, 0x13, 0x10, 0xE8, 0x26, 0x4E, 0x4D, 0x8E, 0x22, 0xE2,
    0xC0, 0x49, 0x93, 0x59, 0x8C, 0xAC, 0x42, 0xA4, 0x88, 0xD0, 0x69, 0x16, 0x41, 0xB8, 0xE2, 0x3F,
    0x81, 0xCB, 0xFE, 0xB3, 0x3E, 0xDC, 0xDF, 0x04, 0xE7, 0xB3, 0xD8, 0x10, 0x9A, 0x26, 0x43, 0x04,
    0x1E, 0x46, 0xC4, 0x75, 0x03, 0x61, 0xD1, 0xA8, 0x7E, 0x24, 0x44, 0x95, 0xD0, 0xE1, 0xA5, 0x19,
    0x34, 0x81, 0xE6, 0xCF, 0x5D, 0xB6, 0x51, 0x54, 0xB7, 0x80, 0xA8, 0x24, 0xEF, 0xC0, 0x1B, 0x33,
    0x68, 0xE6, 0x4C, 0x9C, 0x79, 0x33, 0x6D, 0x66, 0x2D, 0xE2, 0xB2, 0xFB, 0xBE, 0xD0, 0xE5, 0xAE,
    0x8A, 0xCA, 0x5D, 0xFF, 0x44, 0x15, 0x10, 0xD5, 0xF6, 0x2B, 0xD5, 0xF3, 0xB0, 0x83, 0xBA, 0x3D,
    0xD7, 0x09, 0x95, 0x9B, 0x87, 0x68, 0x9E, 0xDD, 0xBD, 0x5E, 0xE3, 0xB3, 0x82, 0x9B, 0x39, 0x35,
    0x6D, 0x15, 0x1F, 0x1B, 0xA1, 0x59, 0x34, 0x8F, 0x62, 0x9D, 0x1B, 0xED, 0x6A, 0xBC, 0xE6, 0x91,
    0xB5, 0x2B, 0xC6, 0x6C, 0x2E, 0x5D, 0xF1, 0x5F, 0xAC, 0x6B, 0xBF, 0x59, 0xD9, 0x66, 0xD4, 0x27,
    0xEE, 0x75, 0x5B, 0xDF, 0x4A, 0x90, 0x03, 0xF7, 0xC6, 0xAD, 0xF2, 0x7B, 0x8E, 0xD4, 0x72, 0x64,
    0xCB, 0xE1, 0x93, 0x7D, 0xC0, 0x37, 0xCB, 0xBD, 0xB6, 0x25, 0x52, 0x8E, 0x7D, 0x8C, 0xF6, 0x52,
    0xC7, 0x96, 0x23, 0x58, 0x8E, 0xE6, 0xFD, 0xEE, 0xBC, 0x59, 0xA7, 0x79, 0xE7, 0x63, 0x33, 0x3F,
    0x5B, 0x0E, 0xD6, 0x88, 0x72, 0xF0, 0x6D, 0x41, 0x39, 0x5C, 0xB5, 0x1C, 0x5C, 0xFF, 0x25, 0xC7,
    0x63, 0xD2, 0xAC, 0x05, 0x1D, 0x7E, 0xD2, 0xD1, 0xA9, 0x8F, 0xE2, 0x1F, 0x11, 0x7D, 0xB0, 0x0E,
    0x36, 0x44, 0x7E, 0xFD, 0xFD, 0xED, 0xBE, 0x17, 0xB1, 0x79, 0x6F, 0xD6, 0x8B, 0x58, 0x5D, 0x11,
    0x69, 0x97, 0x5F, 0xE2, 0x72, 0x57, 0x56, 0xF4, 0x4A, 0x12, 0x3E, 0xB1, 0xFF, 0xE5, 0x2B, 0xB1,
    0xDF, 0x7F, 0x75, 0xD1, 0x3F, 0x9A, 0x7C, 0xF0, 0xCA, 0x51, 0x74, 0xE2, 0x5C, 0x42, 0xA5, 0xAB,
    0x5F, 0xEB, 0xCE, 0x30, 0xC5, 0x20, 0x56, 0x29, 0x1C, 0x16, 0x09, 0xF4, 0x2B, 0x02, 0xDC, 0x39,
    0x29, 0x5B, 0xD4, 0x1C, 0x97, 0x19, 0x5E, 0xF4, 0xD3, 0xFA, 0x3F, 0xF3, 0x10, 0xD7, 0x13, 0x97,
    0x9D, 0x5A, 0x74, 0xD7, 0x39, 0xF2, 0x13, 0x1D, 0xC9, 0xA1, 0x19, 0x02, 0x31, 0x0C, 0x80, 0xD1,
    0xFF, 0x6A, 0x2A, 0x10, 0x8C, 0xD0, 0x09, 0x20, 0x1B, 0x40, 0x87, 0xC2, 0xD3, 0xB1, 0x10, 0x7C,
    0x5F, 0x57, 0xB8, 0x11, 0x32, 0x02, 0x02, 0x11, 0xC1, 0x35, 0xB4, 0x51, 0x4F, 0x3C, 0xA0, 0x02,
    0xB0, 0x69, 0x90, 0x2D, 0x28, 0x23, 0x78, 0x94, 0xB6, 0x6A, 0x8F, 0xCC, 0x7B, 0x7D, 0xAD, 0x72,
    0xBB, 0x01, 0x4F, 0x3F, 0xA4, 0xB1, 0xB9, 0x8F, 0xA2, 0xE4, 0x85, 0xCD, 0x72, 0x95, 0x81, 0xB8,
    0x71, 0x1F, 0x9C, 0xFC, 0x93, 0xDC, 0x48, 0xFE, 0x15, 0x57, 0xE8, 0xD6, 0xBD, 0x81, 0xFC, 0xFA,
    0x80, 0x99, 0xB3, 0x20, 0x1D, 0xA2, 0x00, 0xEF, 0x73, 0x5B, 0x5C, 0xAE, 0xB0, 0xD2, 0x82, 0xA4,
    0x01, 0x15, 0xF8, 0x03,
};

static const EpdGlyphPacked bookerly_12_italicGlyphs[] = {
    { 0, 0, 0, 0, 0 }, // U+0000
    { 0, 0, 0, 0, 0 }, // U+0008
    { 0, 0, 86, 0, 0 }, // U+0009
    { 0, 0, 86, 0, 0 }, // U+000D
    { 0, 0, 0, 0, 0 }, // U+001D
    { 0, 0, 86, 0, 0 }, // U+0020
    { 7, 19, 121, 1, 19 }, // !
    { 9, 8, 150, 1, 17 }, // "
    { 16, 15, 249, 0, 14 }, // #
    { 15, 26, 249, 0, 21 }, // $
    { 22, 19, 388, 1, 18 }, // %
    { 21, 20, 362, 1, 19 }, // &
    { 4, 8, 82, 1, 17 }, // '
    { 11, 25, 158, 1, 20 }, // (
    { 11, 25, 158, -2, 20 }, // )
    { 9, 8, 152, 1, 18 }, // *
    { 11, 11, 249, 2, 14 }, // +
    { 6, 7, 121, -1, 3 }, // ,
    { 8, 2, 150, 1, 7 }, // -
    { 4, 3, 121, 1, 3 }, // .
    { 14, 19, 200, -1, 18 }, // /
    { 15, 17, 249, 0, 17 }, // 0
    { 10, 18, 249, 2, 18 }, // 1
    { 14, 17, 249, 0, 17 }, // 2
    { 14, 17, 249, 0, 17 }, // 3
    { 15, 17, 249, 0, 17 }, // 4
    { 14, 17, 249, 1, 17 }, // 5
    { 15, 17, 249, 1, 17 }, // 6
    { 13, 17, 249, 3, 17 }, // 7
    { 14, 17, 249, 1, 17 }, // 8
    { 15, 17, 249, 0, 17 }, // 9
    { 7, 13, 121, 1, 13 }, // :
    { 9, 16, 121, -1, 12 }, // ;
    { 12, 12, 249, 2, 14 }, // <
    { 11, 6, 249, 2, 11 }, // =
    { 12, 12, 249, 2, 14 }, // >
    { 8, 17, 166, 2, 17 }, // ?
    { 23, 22, 389, 1, 17 }, // @
    { 19, 17, 293, -2, 17 }, // A
    { 16, 17, 248, -1, 17 }, // B
    { 15, 17, 258, 1, 17 }, // C
    { 19, 17, 290, -1, 17 }, // D
    { 17, 17, 245, -1, 17 }, // E
    { 16, 17, 222, -1, 17 }, // F
    { 16, 17, 284, 1, 17 }, // G
    { 22, 17, 320, -1, 17 }, // H
    { 11, 17, 149, -1, 17 }, // I
    { 16, 22, 142, -5, 17 }, // J
    { 20, 17, 280, -1, 17 }, // K
    { 15, 17, 232, -1, 17 }, // L
    { 25, 17, 363, -2, 17 }, // M
    { 21, 18, 306, -1, 17 }, // N
    { 17, 17, 296, 1, 17 }, // O
    { 16, 17, 237, -1, 17 }, // P
    { 21, 23, 296, 1, 17 }, // Q
    { 17, 17, 259, -1, 17 }, // R
    { 13, 17, 213, 0, 17 }, // S
    { 15, 17, 255, 2, 17 }, // T
    { 18, 17, 307, 2, 17 }, // U
    { 19, 17, 283, 1, 17 }, // V
    { 26, 17, 417, 2, 17 }, // W
    { 20, 17, 269, -2, 17 }, // X
    { 17, 17, 258, 1, 17 }, // Y
    { 16, 18, 234, -1, 17 }, // Z
    { 10, 24, 126, -1, 19 }, // [
    { 10, 19, 199, 1, 18 }, // <backslash>
    { 10, 24, 126, -1, 19 }, // ]
    { 12, 11, 249, 2, 16 }, // ^
    { 13, 2, 200, 0, -1 }, // _
    { 5, 7, 246, 5, 21 }, // `
    { 13, 13, 234, 1, 13 }, // a
    { 13, 19, 222, 0, 19 }, // b
    { 10, 13, 177, 1, 13 }, // c
    { 14, 19, 235, 1, 19 }, // d
    { 11, 13, 188, 1, 13 }, // e
    { 18, 25, 164, -5, 19 }, // f
    { 17, 19, 198, -3, 13 }, // g
    { 15, 19, 239, 0, 19 }, // h
    { 7, 19, 130, 1, 19 }, // i
    { 13, 25, 114, -5, 19 }, // j
    { 12, 19, 212, 1, 19 }, // k
    { 7, 19, 123, 1, 19 }, // l
    { 21, 13, 356, 1, 13 }, // m
    { 14, 13, 246, 1, 13 }, // n
    { 12, 13, 218, 1, 13 }, // o
    { 16, 19, 229, -2, 13 }, // p
    { 13, 19, 222, 1, 13 }, // q
    { 11, 13, 171, 1, 13 }, // r
    { 10, 13, 165, 0, 13 }, // s
    { 10, 17, 156, 0, 17 }, // t
    { 14, 13, 244, 1, 13 }, // u
    { 13, 14, 206, 0, 13 }, // v
    { 19, 14, 309, 0, 13 }, // w
    { 16, 13, 224, -1, 13 }, // x
    { 16, 19, 214, -3, 13 }, // y
    { 12, 13, 189, 0, 13 }, // z
    { 10, 24, 157, 1, 20 }, // {
    { 7, 22, 115, 0, 19 }, // |
    { 10, 24, 158, -1, 20 }, // }
    { 12, 4, 249, 2, 10 }, // ~
    { 0, 0, 86, 0, 0 }, // U+00A0
    { 8, 19, 121, -1, 13 }, // U+00A1
    { 12, 25, 249, 2, 20 }, // U+00A2
    { 17, 17, 249, -1, 17 }, // U+00A3
    { 16, 13, 249, 0, 15 }, // U+00A4
    { 17, 17, 249, 1, 17 }, // U+00A5
    { 7, 22, 115, 0, 19 }, // U+00A6
    { 12, 20, 198, 0, 17 }, // U+00A7
    { 9, 3, 246, 3, 19 }, // U+00A8
    { 19, 18, 313, 0, 18 }, // U+00A9
    { 10, 12, 172, 1, 18 }, // U+00AA
    { 13, 9, 206, 0, 11 }, // U+00AB
    { 11, 6, 249, 2, 12 }, // U+00AC
    { 8, 2, 150, 1, 7 }, // U+00AD
    { 14, 13, 233, 0, 19 }, // U+00AE
    { 9, 2, 246, 3, 18 }, // U+00AF
    { 9, 8, 211, 2, 17 }, // U+00B0
    { 11, 15, 249, 2, 15 }, // U+00B1
    { 10, 11, 179, 0, 20 }, // U+00B2
    { 9, 11, 179, 1, 20 }, // U+00B3
    { 6, 7, 246, 5, 21 }, // U+00B4
    { 16, 20, 239, -1, 14 }, // U+00B5
    { 16, 21, 236, -1, 17 }, // U+00B6
    { 4, 3, 121, 2, 8 }, // U+00B7
    { 6, 6, 246, 5, -1 }, // U+00B8
    { 7, 12, 179, 2, 21 }, // U+00B9
    { 10, 12, 177, 1, 18 }, // U+00BA
    { 12, 9, 206, 0, 11 }, // U+00BB
    { 24, 20, 430, 2, 19 }, // U+00BC
    { 24, 21, 430, 2, 19 }, // U+00BD
    { 25, 20, 430, 1, 19 }, // U+00BE
    { 9, 18, 166, 0, 13 }, // U+00BF
    { 19, 23, 293, -2, 23 }, // U+00C0
    { 19, 24, 293, -2, 24 }, // U+00C1
    { 19, 24, 293, -2, 24 }, // U+00C2
    { 19, 23, 293, -2, 23 }, // U+00C3
    { 19, 23, 293, -2, 23 }, // U+00C4
    { 19, 25, 293, -2, 25 }, // U+00C5
    { 25, 17, 359, -2, 17 }, // U+00C6
    { 15, 23, 258, 1, 17 }, // U+00C7
    { 17, 24, 245, -1, 24 }, // U+00C8
    { 17, 24, 245, -1, 24 }, // U+00C9
    { 17, 24, 245, -1, 24 }, // U+00CA
    { 17, 23, 245, -1, 23 }, // U+00CB
    { 11, 24, 149, -1, 24 }, // U+00CC
    { 12, 24, 149, -1, 24 }, // U+00CD
    { 13, 24, 149, -1, 24 }, // U+00CE
    { 13, 23, 149, -1, 23 }, // U+00CF
    { 19, 17, 290, -1, 17 }, // U+00D0
    { 21, 24, 306, -1, 23 }, // U+00D1
    { 17, 24, 296, 1, 24 }, // U+00D2
    { 17, 24, 296, 1, 24 }, // U+00D3
    { 17, 24, 296, 1, 24 }, // U+00D4
    { 17, 24, 296, 1, 24 }, // U+00D5
    { 17, 23, 296, 1, 23 }, // U+00D6
    { 10, 11, 249, 3, 14 }, // U+00D7
    { 20, 19, 296, -1, 18 }, // U+00D8
    { 18, 24, 307, 2, 24 }, // U+00D9
    { 18, 24, 307, 2, 24 }, // U+00DA
    { 18, 24, 307, 2, 24 }, // U+00DB
    { 18, 23, 307, 2, 23 }, // U+00DC
    { 17, 24, 258, 1, 24 }, // U+00DD
    { 15, 17, 237, -1, 17 }, // U+00DE
    { 20, 25, 257, -4, 19 }, // U+00DF
    { 13, 21, 234, 1, 21 }, // U+00E0
    { 13, 21, 234, 1, 21 }, // U+00E1
    { 13, 21, 234, 1, 21 }, // U+00E2
    { 13, 19, 234, 1, 19 }, // U+00E3
    { 13, 19, 234, 1, 19 }, // U+00E4
    { 13, 21, 234, 1, 21 }, // U+00E5
    { 18, 13, 309, 1, 13 }, // U+00E6
    { 10, 19, 177, 1, 13 }, // U+00E7
    { 11, 21, 188, 1, 21 }, // U+00E8
    { 11, 21, 188, 1, 21 }, // U+00E9
    { 11, 21, 188, 1, 21 }, // U+00EA
    { 12, 19, 188, 1, 19 }, // U+00EB
    { 7, 21, 132, 1, 21 }, // U+00EC
    { 9, 21, 132, 1, 21 }, // U+00ED
    { 9, 21, 132, 1, 21 }, // U+00EE
    { 10, 19, 132, 1, 19 }, // U+00EF
    { 13, 20, 217, 0, 20 }, // U+00F0
    { 14, 19, 246, 1, 19 }, // U+00F1
    { 12, 21, 218, 1, 21 }, // U+00F2
    { 12, 21, 218, 1, 21 }, // U+00F3
    { 12, 21, 218, 1, 21 }, // U+00F4
    { 13, 19, 218, 1, 19 }, // U+00F5
    { 13, 19, 218, 1, 19 }, // U+00F6
    { 11, 11, 249, 2, 14 }, // U+00F7
    { 16, 15, 218, -1, 14 }, // U+00F8
    { 14, 21, 244, 1, 21 }, // U+00F9
    { 14, 21, 244, 1, 21 }, // U+00FA
    { 14, 21, 244, 1, 21 }, // U+00FB
    { 14, 19, 244, 1, 19 }, // U+00FC
    { 16, 27, 214, -3, 21 }, // U+00FD
    { 15, 25, 221, -2, 19 }, // U+00FE
    { 16, 24, 214, -3, 18 }, // U+00FF
    { 19, 22, 293, -2, 22 }, // U+0100
    { 13, 17, 234, 1, 17 }, // U+0101
    { 19, 24, 293, -2, 24 }, // U+0102
    { 13, 20, 234, 1, 20 }, // U+0103
    { 19, 23, 293, -2, 17 }, // U+0104
    { 13, 19, 234, 1, 13 }, // U+0105
    { 15, 24, 258, 1, 24 }, // U+0106
    { 11, 21, 177, 1, 21 }, // U+0107
    { 15, 24, 258, 1, 24 }, // U+0108
    { 11, 21, 177, 1, 21 }, // U+0109
    { 15, 24, 258, 1, 24 }, // U+010A
    { 10, 19, 177, 1, 19 }, // U+010B
    { 16, 25, 258, 1, 25 }, // U+010C
    { 12, 21, 177, 1, 21 }, // U+010D
    { 19, 25, 290, -1, 25 }, // U+010E
    { 18, 22, 245, 1, 22 }, // U+010F
    { 19, 17, 290, -1, 17 }, // U+0110
    { 15, 19, 235, 1, 19 }, // U+0111
    { 17, 22, 245, -1, 22 }, // U+0112
    { 12, 17, 188, 1, 17 }, // U+0113
    { 17, 24, 245, -1, 24 }, // U+0114
    { 12, 20, 188, 1, 20 }, // U+0115
    { 17, 23, 245, -1, 23 }, // U+0116
    { 11, 19, 188, 1, 19 }, // U+0117
    { 17, 23, 245, -1, 17 }, // U+0118
    { 11, 19, 188, 1, 13 }, // U+0119
    { 17, 25, 245, -1, 25 }, // U+011A
    { 12, 21, 188, 1, 21 }, // U+011B
    { 17, 24, 284, 1, 24 }, // U+011C
    { 17, 26, 198, -3, 20 }, // U+011D
    { 17, 25, 284, 1, 25 }, // U+011E
    { 17, 26, 198, -3, 20 }, // U+011F
    { 17, 24, 284, 1, 24 }, // U+0120
    { 17, 25, 198, -3, 19 }, // U+0121
    { 17, 23, 284, 1, 17 }, // U+0122
    { 17, 27, 198, -3, 21 }, // U+0123
    { 22, 24, 320, -1, 24 }, // U+0124
    { 15, 26, 239, 0, 26 }, // U+0125
    { 22, 17, 320, -1, 17 }, // U+0126
    { 15, 19, 239, 0, 19 }, // U+0127
    { 13, 23, 149, -1, 23 }, // U+0128
    { 10, 19, 132, 1, 19 }, // U+0129
    { 13, 22, 149, -1, 22 }, // U+012A
    { 10, 17, 132, 1, 17 }, // U+012B
    { 13, 24, 149, -1, 24 }, // U+012C
    { 10, 20, 132, 1, 20 }, // U+012D
    { 11, 23, 149, -1, 17 }, // U+012E
    { 7, 25, 130, 1, 19 }, // U+012F
    { 11, 23, 149, -1, 23 }, // U+0130
    { 6, 13, 130, 1, 13 }, // U+0131
    { 21, 22, 291, -1, 17 }, // U+0132
    { 15, 25, 244, 1, 19 }, // U+0133
    { 17, 29, 142, -5, 24 }, // U+0134
    { 15, 26, 115, -5, 20 }, // U+0135
    { 20, 23, 280, -1, 17 }, // U+0136
    { 12, 25, 212, 1, 19 }, // U+0137
    { 12, 13, 217, 1, 13 }, // U+0138
    { 15, 24, 232, -1, 24 }, // U+0139
    { 9, 25, 123, 1, 25 }, // U+013A
    { 15, 24, 232, -1, 17 }, // U+013B
    { 9, 25, 123, -1, 19 }, // U+013C
    { 16, 19, 232, -1, 19 }, // U+013D
    { 11, 22, 134, 1, 22 }, // U+013E
    { 16, 17, 234, -1, 17 }, // U+013F
    { 10, 19, 163, 1, 19 }, // U+0140
    { 15, 17, 232, -1, 17 }, // U+0141
    { 10, 19, 123, -1, 19 }, // U+0142
    { 21, 25, 306, -1, 24 }, // U+0143
    { 14, 21, 246, 1, 21 }, // U+0144
    { 21, 24, 306, -1, 17 }, // U+0145
    { 14, 19, 246, 1, 13 }, // U+0146
    { 21, 26, 306, -1, 25 }, // U+0147
    { 14, 21, 246, 1, 21 }, // U+0148
    { 19, 20, 330, 1, 20 }, // U+0149
    { 21, 22, 306, -1, 17 }, // U+014A
    { 13, 19, 232, 1, 13 }, // U+014B
    { 17, 22, 296, 1, 22 }, // U+014C
    { 13, 17, 218, 1, 17 }, // U+014D
    { 17, 25, 296, 1, 25 }, // U+014E
    { 13, 20, 218, 1, 20 }, // U+014F
    { 18, 24, 296, 1, 24 }, // U+0150
    { 14, 21, 218, 1, 21 }, // U+0151
    { 23, 17, 386, 1, 17 }, // U+0152
    { 19, 13, 327, 1, 13 }, // U+0153
    { 17, 24, 259, -1, 24 }, // U+0154
    { 11, 21, 171, 1, 21 }, // U+0155
    { 17, 23, 259, -1, 17 }, // U+0156
    { 13, 20, 171, -1, 13 }, // U+0157
    { 17, 25, 259, -1, 25 }, // U+0158
    { 12, 20, 171, 1, 20 }, // U+0159
    { 13, 24, 213, 0, 24 }, // U+015A
    { 11, 21, 165, 0, 21 }, // U+015B
    { 13, 24, 213, 0, 24 }, // U+015C
    { 11, 21, 165, 0, 21 }, // U+015D
    { 13, 23, 213, 0, 17 }, // U+015E
    { 10, 19, 165, 0, 13 }, // U+015F
    { 14, 25, 213, 0, 25 }, // U+0160
    { 12, 21, 165, 0, 21 }, // U+0161
    { 15, 24, 255, 2, 17 }, // U+0162
    { 10, 23, 156, 0, 17 }, // U+0163
    { 15, 25, 255, 2, 25 }, // U+0164
    { 11, 19, 156, 0, 19 }, // U+0165
    { 15, 17, 255, 2, 17 }, // U+0166
    { 10, 17, 156, 0, 17 }, // U+0167
    { 18, 24, 307, 2, 24 }, // U+0168
    { 14, 19, 244, 1, 19 }, // U+0169
    { 18, 22, 307, 2, 22 }, // U+016A
    { 14, 17, 244, 1, 17 }, // U+016B
    { 18, 25, 307, 2, 25 }, // U+016C
    { 14, 20, 244, 1, 20 }, // U+016D
    { 18, 25, 307, 2, 25 }, // U+016E
    { 14, 21, 244, 1, 21 }, // U+016F
    { 18, 24, 307, 2, 24 }, // U+0170
    { 14, 21, 244, 1, 21 }, // U+0171
    { 18, 23, 307, 2, 17 }, // U+0172
    { 14, 19, 244, 1, 13 }, // U+0173
    { 26, 24, 417, 2, 24 }, // U+0174
    { 19, 21, 309, 0, 20 }, // U+0175
    { 17, 24, 258, 1, 24 }, // U+0176
    { 16, 26, 214, -3, 20 }, // U+0177
    { 17, 23, 258, 1, 23 }, // U+0178
    { 16, 25, 234, -1, 24 }, // U+0179
    { 12, 21, 189, 0, 21 }, // U+017A
    { 16, 24, 234, -1, 23 }, // U+017B
    { 12, 19, 189, 0, 19 }, // U+017C
    { 16, 26, 234, -1, 25 }, // U+017D
    { 12, 21, 189, 0, 21 }, // U+017E
    { 18, 25, 164, -5, 19 }, // U+017F
    { 19, 21, 296, 1, 21 }, // U+01A0
    { 14, 16, 218, 1, 16 }, // U+01A1
    { 20, 21, 307, 2, 21 }, // U+01AF
    { 16, 16, 244, 1, 16 }, // U+01B0
    { 35, 26, 542, -1, 25 }, // U+01C4
    { 32, 20, 494, -1, 20 }, // U+01C5
    { 27, 21, 443, 1, 21 }, // U+01C6
    { 26, 22, 374, -1, 17 }, // U+01C7
    { 23, 25, 341, -1, 19 }, // U+01C8
    { 15, 25, 237, 1, 19 }, // U+01C9
    { 31, 22, 449, -1, 17 }, // U+01CA
    { 28, 25, 422, -1, 19 }, // U+01CB
    { 23, 25, 361, 1, 19 }, // U+01CC
    { 19, 25, 293, -2, 25 }, // U+01CD
    { 13, 21, 234, 1, 21 }, // U+01CE
    { 14, 25, 149, -1, 25 }, // U+01CF
    { 10, 21, 132, 1, 21 }, // U+01D0
    { 17, 25, 296, 1, 25 }, // U+01D1
    { 13, 21, 218, 1, 21 }, // U+01D2
    { 18, 25, 307, 2, 25 }, // U+01D3
    { 14, 21, 244, 1, 21 }, // U+01D4
    { 18, 26, 307, 2, 26 }, // U+01D5
    { 14, 23, 244, 1, 23 }, // U+01D6
    { 18, 27, 307, 2, 27 }, // U+01D7
    { 14, 25, 244, 1, 25 }, // U+01D8
    { 18, 26, 307, 2, 26 }, // U+01D9
    { 14, 24, 244, 1, 24 }, // U+01DA
    { 18, 27, 307, 2, 27 }, // U+01DB
    { 14, 25, 244, 1, 25 }, // U+01DC
    { 11, 13, 192, 0, 13 }, // U+01DD
    { 19, 26, 293, -2, 26 }, // U+01DE
    { 13, 23, 234, 1, 23 }, // U+01DF
    { 19, 26, 293, -2, 26 }, // U+01E0
    { 13, 23, 234, 1, 23 }, // U+01E1
    { 25, 22, 359, -2, 22 }, // U+01E2
    { 18, 17, 309, 1, 17 }, // U+01E3
    { 17, 17, 284, 1, 17 }, // U+01E4
    { 18, 19, 198, -4, 13 }, // U+01E5
    { 17, 25, 284, 1, 25 }, // U+01E6
    { 17, 26, 198, -3, 20 }, // U+01E7
    { 20, 25, 280, -1, 25 }, // U+01E8
    { 12, 26, 212, 1, 26 }, // U+01E9
    { 17, 23, 296, 1, 17 }, // U+01EA
    { 12, 19, 218, 1, 13 }, // U+01EB
    { 17, 27, 296, 1, 21 }, // U+01EC
    { 13, 23, 218, 1, 17 }, // U+01ED
    { 16, 25, 229, -1, 25 }, // U+01EE
    { 15, 26, 206, -2, 20 }, // U+01EF
    { 16, 26, 115, -5, 20 }, // U+01F0
    { 34, 18, 528, -1, 17 }, // U+01F1
    { 31, 17, 480, -1, 17 }, // U+01F2
    { 26, 19, 424, 1, 19 }, // U+01F3
    { 17, 24, 284, 1, 24 }, // U+01F4
    { 17, 27, 198, -3, 21 }, // U+01F5
    { 21, 25, 306, -1, 24 }, // U+01F8
    { 14, 21, 246, 1, 21 }, // U+01F9
    { 19, 27, 293, -2, 27 }, // U+01FA
    { 13, 26, 234, 1, 26 }, // U+01FB
    { 25, 24, 359, -2, 24 }, // U+01FC
    { 18, 21, 309, 1, 21 }, // U+01FD
    { 20, 25, 311, -1, 24 }, // U+01FE
    { 16, 22, 218, -1, 21 }, // U+01FF
    { 19, 24, 293, -2, 24 }, // U+0200
    { 13, 21, 234, 1, 21 }, // U+0201
    { 19, 23, 293, -2, 23 }, // U+0202
    { 13, 19, 234, 1, 19 }, // U+0203
    { 17, 24, 245, -1, 24 }, // U+0204
    { 11, 21, 188, 1, 21 }, // U+0205
    { 17, 23, 245, -1, 23 }, // U+0206
    { 11, 19, 188, 1, 19 }, // U+0207
    { 12, 24, 149, -1, 24 }, // U+0208
    { 8, 21, 132, 1, 21 }, // U+0209
    { 12, 23, 149, -1, 23 }, // U+020A
    { 9, 19, 132, 1, 19 }, // U+020B
    { 17, 24, 296, 1, 24 }, // U+020C
    { 12, 21, 218, 1, 21 }, // U+020D
    { 17, 24, 296, 1, 24 }, // U+020E
    { 12, 19, 218, 1, 19 }, // U+020F
    { 17, 24, 259, -1, 24 }, // U+0210
    { 11, 21, 171, 1, 21 }, // U+0211
    { 17, 24, 259, -1, 24 }, // U+0212
    { 11, 19, 171, 1, 19 }, // U+0213
    { 18, 24, 307, 2, 24 }, // U+0214
    { 14, 21, 244, 1, 21 }, // U+0215
    { 18, 24, 307, 2, 24 }, // U+0216
    { 14, 19, 244, 1, 19 }, // U+0217
    { 13, 23, 213, 0, 17 }, // U+0218
    { 10, 19, 165, 0, 13 }, // U+0219
    { 15, 24, 255, 2, 17 }, // U+021A
    { 10, 23, 156, 0, 17 }, // U+021B
    { 14, 20, 228, -1, 17 }, // U+021C
    { 13, 19, 188, -2, 13 }, // U+021D
    { 22, 25, 320, -1, 25 }, // U+021E
    { 15, 26, 239, 0, 26 }, // U+021F
    { 6, 7, 0, -4, 21 }, // U+0300
    { 6, 7, 0, -2, 21 }, // U+0301
    { 9, 6, 0, -5, 21 }, // U+0302
    { 8, 4, 0, -4, 19 }, // U+0303
    { 8, 2, 0, -4, 18 }, // U+0304
    { 8, 4, 0, -4, 19 }, // U+0306
    { 4, 3, 0, -2, 19 }, // U+0307
    { 10, 3, 0, -5, 19 }, // U+0308
    { 7, 8, 0, -3, 22 }, // U+0309
    { 8, 7, 0, -4, 21 }, // U+030A
    { 10, 7, 0, -4, 21 }, // U+030B
    { 9, 5, 0, -4, 20 }, // U+030C
    { 8, 7, 0, -5, 21 }, // U+030F
    { 9, 5, 0, -5, 19 }, // U+0311
    { 6, 7, 0, -3, 21 }, // U+0312
    { 5, 7, 0, -2, 22 }, // U+0313
    { 5, 7, 0, -3, 22 }, // U+0314
    { 4, 6, 0, -2, 21 }, // U+0315
    { 6, 6, 0, -3, 16 }, // U+031B
    { 4, 3, 0, -2, -2 }, // U+0323
    { 10, 3, 0, -5, -2 }, // U+0324
    { 6, 6, 0, -3, 0 }, // U+0325
    { 5, 5, 0, -3, -1 }, // U+0326
    { 6, 6, 0, -3, -1 }, // U+0327
    { 6, 6, 0, -3, 1 }, // U+0328
    { 5, 5, 108, -1, -1 }, // U+0329
    { 9, 5, 0, -5, -1 }, // U+032D
    { 8, 4, 0, -4, -2 }, // U+032E
    { 8, 4, 0, -4, -2 }, // U+0330
    { 8, 2, 0, -4, -3 }, // U+0331
    { 9, 5, 0, -5, 19 }, // U+0342
    { 9, 10, 0, -5, 26 }, // U+0344
    { 5, 4, 0, -2, -2 }, // U+0345
    { 0, 0, 0, 0, 0 }, // U+034F
    { 17, 24, 245, -1, 24 }, // U+0400
    { 17, 23, 245, -1, 23 }, // U+0401
    { 16, 22, 298, 2, 17 }, // U+0402
    { 16, 24, 226, -1, 24 }, // U+0403
    { 15, 17, 258, 1, 17 }, // U+0404
    { 13, 17, 213, 0, 17 }, // U+0405
    { 11, 17, 149, -1, 17 }, // U+0406
    { 13, 23, 149, -1, 23 }, // U+0407
    { 16, 22, 142, -5, 17 }, // U+0408
    { 24, 17, 355, -2, 17 }, // U+0409
    { 24, 17, 374, -1, 17 }, // U+040A
    { 16, 17, 314, 2, 17 }, // U+040B
    { 19, 24, 270, -1, 24 }, // U+040C
    { 22, 24, 320, -1, 24 }, // U+040D
    { 18, 25, 250, 0, 25 }, // U+040E
    { 21, 23, 301, -1, 17 }, // U+040F
    { 19, 17, 293, -2, 17 }, // U+0410
    { 16, 17, 241, -1, 17 }, // U+0411
    { 16, 17, 248, -1, 17 }, // U+0412
    { 16, 17, 226, -1, 17 }, // U+0413
    { 21, 22, 285, -2, 17 }, // U+0414
    { 17, 17, 245, -1, 17 }, // U+0415
    { 27, 17, 381, -2, 17 }, // U+0416
    { 13, 17, 221, 0, 17 }, // U+0417
    { 22, 17, 320, -1, 17 }, // U+0418
    { 22, 25, 320, -1, 25 }, // U+0419
    { 19, 17, 270, -1, 17 }, // U+041A
    { 20, 17, 277, -2, 17 }, // U+041B
    { 25, 17, 363, -2, 17 }, // U+041C
    { 22, 17, 320, -1, 17 }, // U+041D
    { 17, 17, 296, 1, 17 }, // U+041E
    { 21, 17, 303, -1, 17 }, // U+041F
    { 16, 17, 237, -1, 17 }, // U+0420
    { 15, 17, 258, 1, 17 }, // U+0421
    { 15, 17, 255, 2, 17 }, // U+0422
    { 18, 17, 250, 0, 17 }, // U+0423
    { 18, 19, 292, 0, 19 }, // U+0424
    { 20, 17, 269, -2, 17 }, // U+0425
    { 21, 22, 301, -1, 17 }, // U+0426
    { 17, 17, 272, 1, 17 }, // U+0427
    { 27, 17, 397, -1, 17 }, // U+0428
    { 27, 22, 396, -1, 17 }, // U+0429
    { 15, 17, 280, 2, 17 }, // U+042A
    { 25, 17, 364, -1, 17 }, // U+042B
    { 15, 17, 236, -1, 17 }, // U+042C
    { 15, 17, 248, 0, 17 }, // U+042D
    { 26, 17, 402, -1, 17 }, // U+042E
    { 19, 17, 256, -2, 17 }, // U+042F
    { 13, 13, 234, 1, 13 }, // U+0430
    { 14, 21, 218, 1, 21 }, // U+0431
    { 11, 13, 202, 1, 13 }, // U+0432
    { 11, 13, 174, 0, 13 }, // U+0433
    { 12, 20, 220, 1, 20 }, // U+0434
    { 11, 13, 188, 1, 13 }, // U+0435
    { 22, 14, 355, 0, 14 }, // U+0436
    { 11, 13, 182, 0, 13 }, // U+0437
    { 14, 13, 244, 1, 13 }, // U+0438
    { 14, 21, 244, 1, 21 }, // U+0439
    { 13, 13, 217, 1, 13 }, // U+043A
    { 16, 13, 242, -1, 13 }, // U+043B
    { 19, 13, 308, 0, 13 }, // U+043C
    { 14, 13, 247, 1, 13 }, // U+043D
    { 12, 13, 218, 1, 13 }, // U+043E
    { 14, 13, 246, 1, 13 }, // U+043F
    { 16, 19, 229, -2, 13 }, // U+0440
    { 10, 13, 177, 1, 13 }, // U+0441
    { 21, 13, 356, 1, 13 }, // U+0442
    { 16, 19, 214, -3, 13 }, // U+0443
    { 16, 25, 279, 1, 19 }, // U+0444
    { 16, 13, 224, -1, 13 }, // U+0445
    { 14, 18, 246, 1, 13 }, // U+0446
    { 13, 13, 236, 1, 13 }, // U+0447
    { 20, 13, 337, 1, 13 }, // U+0448
    { 20, 18, 338, 1, 13 }, // U+0449
    { 13, 14, 212, 0, 14 }, // U+044A
    { 18, 13, 300, 0, 13 }, // U+044B
    { 11, 13, 190, 0, 13 }, // U+044C
    { 11, 13, 191, 0, 13 }, // U+044D
    { 18, 13, 313, 1, 13 }, // U+044E
    { 14, 13, 222, -1, 13 }, // U+044F
    { 11, 21, 188, 1, 21 }, // U+0450
    { 12, 19, 188, 1, 19 }, // U+0451
    { 13, 25, 226, 0, 19 }, // U+0452
    { 11, 21, 174, 0, 21 }, // U+0453
    { 11, 13, 188, 1, 13 }, // U+0454
    { 10, 13, 165, 0, 13 }, // U+0455
    { 7, 19, 130, 1, 19 }, // U+0456
    { 10, 19, 130, 1, 19 }, // U+0457
    { 13, 25, 114, -5, 19 }, // U+0458
    { 19, 13, 296, -1, 13 }, // U+0459
    { 16, 13, 286, 1, 13 }, // U+045A
    { 15, 20, 240, 0, 20 }, // U+045B
    { 13, 21, 217, 1, 21 }, // U+045C
    { 14, 21, 244, 1, 21 }, // U+045D
    { 16, 26, 214, -3, 20 }, // U+045E
    { 14, 18, 244, 1, 13 }, // U+045F
    { 15, 20, 269, 1, 20 }, // U+0462
    { 17, 13, 296, 1, 13 }, // U+0463
    { 17, 17, 296, 1, 17 }, // U+0472
    { 12, 13, 222, 1, 13 }, // U+0473
    { 18, 17, 296, 2, 17 }, // U+0474
    { 15, 13, 218, 0, 13 }, // U+0475
    { 22, 30, 320, -1, 25 }, // U+048A
    { 14, 26, 245, 1, 21 }, // U+048B
    { 15, 17, 236, -1, 17 }, // U+048C
    { 11, 17, 195, 1, 17 }, // U+048D
    { 16, 17, 237, -1, 17 }, // U+048E
    { 16, 19, 229, -2, 13 }, // U+048F
    { 17, 21, 224, -1, 21 }, // U+0490
    { 13, 17, 181, 0, 17 }, // U+0491
    { 16, 17, 226, -1, 17 }, // U+0492
    { 11, 13, 174, 0, 13 }, // U+0493
    { 16, 22, 241, -1, 17 }, // U+0494
    { 12, 19, 213, 1, 13 }, // U+0495
    { 27, 22, 381, -2, 17 }, // U+0496
    { 22, 19, 357, 0, 14 }, // U+0497
    { 13, 22, 221, 0, 17 }, // U+0498
    { 11, 18, 182, 0, 13 }, // U+0499
    { 19, 22, 270, -1, 17 }, // U+049A
    { 13, 18, 221, 1, 13 }, // U+049B
    { 20, 17, 292, -1, 17 }, // U+049C
    { 14, 13, 243, 1, 13 }, // U+049D
    { 19, 17, 270, -1, 17 }, // U+049E
    { 13, 17, 217, 1, 17 }, // U+049F
    { 19, 17, 318, 2, 17 }, // U+04A0
    { 15, 13, 246, 0, 13 }, // U+04A1
    { 22, 22, 320, -1, 17 }, // U+04A2
    { 14, 18, 250, 1, 13 }, // U+04A3
    { 25, 17, 368, -1, 17 }, // U+04A4
    { 17, 13, 296, 1, 13 }, // U+04A5
    { 26, 22, 413, -1, 17 }, // U+04A6
    { 20, 19, 337, 1, 13 }, // U+04A7
    { 19, 17, 318, 1, 17 }, // U+04A8
    { 15, 13, 257, 1, 13 }, // U+04A9
    { 15, 22, 258, 1, 17 }, // U+04AA
    { 10, 18, 177, 1, 13 }, // U+04AB
    { 15, 22, 255, 2, 17 }, // U+04AC
    { 21, 18, 360, 1, 13 }, // U+04AD
    { 17, 17, 258, 1, 17 }, // U+04AE
    { 13, 19, 206, 0, 13 }, // U+04AF
    { 17, 17, 258, 1, 17 }, // U+04B0
    { 13, 19, 206, 0, 13 }, // U+04B1
    { 20, 22, 269, -2, 17 }, // U+04B2
    { 16, 18, 224, -1, 13 }, // U+04B3
    { 21, 22, 339, 1, 17 }, // U+04B4
    { 14, 22, 246, 1, 17 }, // U+04B5
    { 17, 22, 272, 1, 17 }, // U+04B6
    { 14, 18, 238, 1, 13 }, // U+04B7
    { 17, 17, 272, 1, 17 }, // U+04B8
    { 13, 13, 236, 1, 13 }, // U+04B9
    { 16, 17, 267, -1, 17 }, // U+04BA
    { 15, 20, 239, 0, 20 }, // U+04BB
    { 18, 17, 317, 1, 17 }, // U+04BC
    { 14, 13, 231, 0, 13 }, // U+04BD
    { 18, 23, 317, 1, 17 }, // U+04BE
    { 14, 18, 231, 0, 13 }, // U+04BF
    { 11, 17, 149, -1, 17 }, // U+04C0
    { 27, 25, 381, -2, 25 }, // U+04C1
    { 22, 21, 355, 0, 21 }, // U+04C2
    { 19, 22, 272, -1, 17 }, // U+04C3
    { 12, 19, 221, 1, 13 }, // U+04C4
    { 20, 22, 277, -2, 17 }, // U+04C5
    { 16, 18, 242, -1, 13 }, // U+04C6
    { 22, 22, 320, -1, 17 }, // U+04C7
    { 13, 19, 230, 1, 13 }, // U+04C8
    { 22, 22, 320, -1, 17 }, // U+04C9
    { 14, 18, 249, 1, 13 }, // U+04CA
    { 17, 22, 272, 1, 17 }, // U+04CB
    { 13, 18, 220, 1, 13 }, // U+04CC
    { 25, 22, 363, -2, 17 }, // U+04CD
    { 19, 18, 308, 0, 13 }, // U+04CE
    { 11, 19, 127, -1, 19 }, // U+04CF
    { 19, 25, 293, -2, 25 }, // U+04D0
    { 13, 21, 234, 1, 21 }, // U+04D1
    { 19, 23, 293, -2, 23 }, // U+04D2
    { 13, 19, 234, 1, 19 }, // U+04D3
    { 25, 17, 359, -2, 17 }, // U+04D4
    { 18, 13, 309, 1, 13 }, // U+04D5
    { 17, 25, 245, -1, 25 }, // U+04D6
    { 12, 21, 188, 1, 21 }, // U+04D7
    { 15, 17, 252, 0, 17 }, // U+04D8
    { 11, 13, 192, 0, 13 }, // U+04D9
    { 15, 23, 252, 0, 23 }, // U+04DA
    { 12, 19, 192, 0, 19 }, // U+04DB
    { 27, 23, 381, -2, 23 }, // U+04DC
    { 22, 19, 355, 0, 19 }, // U+04DD
    { 13, 23, 221, 0, 23 }, // U+04DE
    { 12, 19, 182, 0, 19 }, // U+04DF
    { 16, 17, 229, -1, 17 }, // U+04E0
    { 15, 19, 206, -2, 13 }, // U+04E1
    { 22, 22, 320, -1, 22 }, // U+04E2
    { 14, 17, 244, 1, 17 }, // U+04E3
    { 22, 23, 320, -1, 23 }, // U+04E4
    { 14, 19, 244, 1, 19 }, // U+04E5
    { 17, 23, 296, 1, 23 }, // U+04E6
    { 13, 19, 218, 1, 19 }, // U+04E7
    { 17, 17, 296, 1, 17 }, // U+04E8
    { 12, 13, 222, 1, 13 }, // U+04E9
    { 17, 23, 296, 1, 23 }, // U+04EA
    { 13, 19, 222, 1, 19 }, // U+04EB
    { 15, 23, 248, 0, 23 }, // U+04EC
    { 12, 19, 191, 0, 19 }, // U+04ED
    { 18, 22, 250, 0, 22 }, // U+04EE
    { 16, 23, 214, -3, 17 }, // U+04EF
    { 18, 23, 250, 0, 23 }, // U+04F0
    { 16, 24, 214, -3, 18 }, // U+04F1
    { 18, 24, 250, 0, 24 }, // U+04F2
    { 16, 27, 214, -3, 21 }, // U+04F3
    { 17, 23, 272, 1, 23 }, // U+04F4
    { 13, 19, 236, 1, 19 }, // U+04F5
    { 16, 22, 226, -1, 17 }, // U+04F6
    { 11, 18, 174, 0, 13 }, // U+04F7
    { 25, 23, 364, -1, 23 }, // U+04F8
    { 18, 19, 300, 0, 19 }, // U+04F9
    { 16, 22, 226, -1, 17 }, // U+04FA
    { 11, 18, 174, 0, 13 }, // U+04FB
    { 20, 22, 269, -2, 17 }, // U+04FC
    { 16, 19, 224, -1, 13 }, // U+04FD
    { 20, 17, 269, -2, 17 }, // U+04FE
    { 16, 13, 224, -1, 13 }, // U+04FF
    { 19, 23, 293, -2, 17 }, // U+1EA0
    { 13, 19, 234, 1, 13 }, // U+1EA1
    { 19, 25, 293, -2, 25 }, // U+1EA2
    { 13, 22, 234, 1, 22 }, // U+1EA3
    { 21, 27, 293, -2, 27 }, // U+1EA4
    { 16, 25, 234, 1, 25 }, // U+1EA5
    { 19, 27, 293, -2, 27 }, // U+1EA6
    { 13, 25, 234, 1, 25 }, // U+1EA7
    { 21, 26, 293, -2, 26 }, // U+1EA8
    { 16, 24, 234, 1, 24 }, // U+1EA9
    { 19, 26, 293, -2, 26 }, // U+1EAA
    { 13, 23, 234, 1, 23 }, // U+1EAB
    { 19, 30, 293, -2, 24 }, // U+1EAC
    { 13, 26, 234, 1, 20 }, // U+1EAD
    { 19, 27, 293, -2, 27 }, // U+1EAE
    { 13, 24, 234, 1, 24 }, // U+1EAF
    { 19, 27, 293, -2, 27 }, // U+1EB0
    { 13, 24, 234, 1, 24 }, // U+1EB1
    { 19, 26, 293, -2, 26 }, // U+1EB2
    { 13, 25, 234, 1, 25 }, // U+1EB3
    { 19, 26, 293, -2, 26 }, // U+1EB4
    { 13, 24, 234, 1, 24 }, // U+1EB5
    { 19, 30, 293, -2, 24 }, // U+1EB6
    { 13, 26, 234, 1, 20 }, // U+1EB7
    { 17, 23, 245, -1, 17 }, // U+1EB8
    { 11, 19, 188, 1, 13 }, // U+1EB9
    { 17, 25, 245, -1, 25 }, // U+1EBA
    { 11, 22, 188, 1, 22 }, // U+1EBB
    { 17, 23, 245, -1, 23 }, // U+1EBC
    { 12, 19, 188, 1, 19 }, // U+1EBD
    { 19, 27, 245, -1, 27 }, // U+1EBE
    { 15, 25, 188, 1, 25 }, // U+1EBF
    { 17, 27, 245, -1, 27 }, // U+1EC0
    { 12, 25, 188, 1, 25 }, // U+1EC1
    { 19, 26, 245, -1, 26 }, // U+1EC2
    { 15, 24, 188, 1, 24 }, // U+1EC3
    { 17, 26, 245, -1, 26 }, // U+1EC4
    { 12, 23, 188, 1, 23 }, // U+1EC5
    { 17, 30, 245, -1, 24 }, // U+1EC6
    { 11, 26, 188, 1, 20 }, // U+1EC7
    { 12, 25, 149, -1, 25 }, // U+1EC8
    { 9, 22, 132, 1, 22 }, // U+1EC9
    { 11, 23, 149, -1, 17 }, // U+1ECA
    { 8, 25, 130, 0, 19 }, // U+1ECB
    { 17, 23, 296, 1, 17 }, // U+1ECC
    { 12, 19, 218, 1, 13 }, // U+1ECD
    { 17, 26, 296, 1, 26 }, // U+1ECE
    { 12, 22, 218, 1, 22 }, // U+1ECF
    { 18, 27, 296, 1, 27 }, // U+1ED0
    { 16, 25, 218, 1, 25 }, // U+1ED1
    { 17, 27, 296, 1, 27 }, // U+1ED2
    { 13, 25, 218, 1, 25 }, // U+1ED3
    { 18, 27, 296, 1, 27 }, // U+1ED4
    { 16, 24, 218, 1, 24 }, // U+1ED5
    { 17, 26, 296, 1, 26 }, // U+1ED6
    { 13, 23, 218, 1, 23 }, // U+1ED7
    { 17, 30, 296, 1, 24 }, // U+1ED8
    { 12, 26, 218, 1, 20 }, // U+1ED9
    { 19, 24, 296, 1, 24 }, // U+1EDA
    { 14, 21, 238, 1, 21 }, // U+1EDB
    { 19, 24, 296, 1, 24 }, // U+1EDC
    { 14, 21, 238, 1, 21 }, // U+1EDD
    { 19, 26, 296, 1, 26 }, // U+1EDE
    { 14, 22, 238, 1, 22 }, // U+1EDF
    { 19, 24, 296, 1, 24 }, // U+1EE0
    { 14, 19, 238, 1, 19 }, // U+1EE1
    { 19, 26, 296, 1, 20 }, // U+1EE2
    { 14, 21, 218, 1, 15 }, // U+1EE3
    { 18, 23, 307, 2, 17 }, // U+1EE4
    { 14, 19, 244, 1, 13 }, // U+1EE5
    { 18, 26, 307, 2, 26 }, // U+1EE6
    { 14, 22, 244, 1, 22 }, // U+1EE7
    { 20, 24, 307, 2, 24 }, // U+1EE8
    { 16, 21, 260, 1, 21 }, // U+1EE9
    { 20, 24, 307, 2, 24 }, // U+1EEA
    { 16, 21, 260, 1, 21 }, // U+1EEB
    { 20, 26, 307, 2, 26 }, // U+1EEC
    { 16, 22, 260, 1, 22 }, // U+1EED
    { 20, 24, 307, 2, 24 }, // U+1EEE
    { 16, 19, 260, 1, 19 }, // U+1EEF
    { 20, 26, 307, 2, 20 }, // U+1EF0
    { 16, 21, 244, 1, 15 }, // U+1EF1
    { 17, 24, 258, 1, 24 }, // U+1EF2
    { 16, 27, 214, -3, 21 }, // U+1EF3
    { 17, 23, 258, 1, 17 }, // U+1EF4
    { 16, 19, 214, -3, 13 }, // U+1EF5
    { 17, 25, 258, 1, 25 }, // U+1EF6
    { 16, 28, 214, -3, 22 }, // U+1EF7
    { 17, 23, 258, 1, 23 }, // U+1EF8
    { 16, 25, 214, -3, 19 }, // U+1EF9
    { 0, 0, 200, 0, 0 }, // U+2000
    { 0, 0, 400, 0, 0 }, // U+2001
    { 0, 0, 200, 0, 0 }, // U+2002
    { 0, 0, 400, 0, 0 }, // U+2003
    { 0, 0, 133, 0, 0 }, // U+2004
    { 0, 0, 100, 0, 0 }, // U+2005
    { 0, 0, 66, 0, 0 }, // U+2006
    { 0, 0, 249, 0, 0 }, // U+2007
    { 0, 0, 109, 0, 0 }, // U+2008
    { 0, 0, 80, 0, 0 }, // U+2009
    { 0, 0, 20, 0, 0 }, // U+200A
    { 0, 0, 0, 0, 0 }, // U+200B
    { 0, 0, 0, 0, 0 }, // U+200C
    { 0, 0, 0, 0, 0 }, // U+200D
    { 0, 0, 0, 0, 0 }, // U+200E
    { 0, 0, 0, 0, 0 }, // U+200F
    { 8, 2, 150, 1, 7 }, // U+2010
    { 8, 2, 150, 1, 7 }, // U+2011
    { 12, 2, 249, 2, 10 }, // U+2012
    { 13, 2, 200, 0, 8 }, // U+2013
    { 25, 2, 400, 0, 8 }, // U+2014
    { 25, 2, 400, 0, 8 }, // U+2015
    { 8, 25, 200, 2, 19 }, // U+2016
    { 13, 5, 200, 0, -1 }, // U+2017
    { 6, 8, 120, 2, 19 }, // U+2018
    { 6, 8, 120, 1, 19 }, // U+2019
    { 6, 8, 120, 0, 4 }, // U+201A
    { 5, 8, 95, 1, 19 }, // U+201B
    { 11, 8, 200, 2, 19 }, // U+201C
    { 11, 8, 200, 1, 19 }, // U+201D
    { 11, 8, 200, 0, 4 }, // U+201E
    { 10, 8, 175, 1, 19 }, // U+201F
    { 11, 16, 187, 1, 17 }, // U+2020
    { 12, 19, 187, 0, 17 }, // U+2021
    { 6, 5, 120, 1, 9 }, // U+2022
    { 9, 9, 249, 3, 13 }, // U+2023
    { 5, 3, 109, 1, 3 }, // U+2024
    { 10, 3, 200, 1, 3 }, // U+2025
    { 21, 3, 400, 2, 3 }, // U+2026
    { 5, 3, 109, 1, 8 }, // U+2027
    { 0, 0, 0, 0, 0 }, // U+2028
    { 0, 0, 0, 0, 0 }, // U+2029
    { 0, 0, 0, 0, 0 }, // U+202A
    { 0, 0, 0, 0, 0 }, // U+202B
    { 0, 0, 0, 0, 0 }, // U+202C
    { 0, 0, 0, 0, 0 }, // U+202D
    { 0, 0, 0, 0, 0 }, // U+202E
    { 0, 0, 43, 0, 0 }, // U+202F
    { 32, 19, 546, 1, 18 }, // U+2030
    { 5, 9, 105, 1, 18 }, // U+2032
    { 10, 9, 183, 1, 18 }, // U+2033
    { 15, 9, 261, 1, 18 }, // U+2034
    { 6, 9, 105, 0, 18 }, // U+2035
    { 11, 9, 192, 0, 18 }, // U+2036
    { 17, 9, 279, 0, 18 }, // U+2037
    { 11, 6, 200, 1, 1 }, // U+2038
    { 8, 9, 126, 0, 11 }, // U+2039
    { 7, 9, 126, 0, 11 }, // U+203A
    { 16, 18, 249, 0, 17 }, // U+203B
    { 14, 19, 230, 1, 19 }, // U+203C
    { 13, 2, 200, 0, 21 }, // U+203E
    { 6, 2, 120, 1, 7 }, // U+2043
    { 16, 21, 94, -5, 19 }, // U+2044
    { 18, 17, 325, 2, 17 }, // U+2047
    { 16, 19, 279, 2, 19 }, // U+2048
    { 17, 19, 287, 1, 19 }, // U+2049
    { 15, 5, 400, 5, 10 }, // U+2053
    { 20, 9, 339, 1, 18 }, // U+2057
    { 0, 0, 89, 0, 0 }, // U+205F
    { 0, 0, 0, 0, 0 }, // U+2060
    { 0, 0, 0, 0, 0 }, // U+2061
    { 0, 0, 0, 0, 0 }, // U+2062
    { 0, 0, 0, 0, 0 }, // U+2063
    { 0, 0, 0, 0, 0 }, // U+2064
    { 0, 0, 0, 0, 0 }, // U+2065
    { 0, 0, 0, 0, 0 }, // U+206A
    { 0, 0, 0, 0, 0 }, // U+206B
    { 0, 0, 0, 0, 0 }, // U+206C
    { 0, 0, 0, 0, 0 }, // U+206D
    { 0, 0, 0, 0, 0 }, // U+206E
    { 0, 0, 0, 0, 0 }, // U+206F
    { 10, 11, 179, 1, 20 }, // U+2070
    { 11, 11, 179, 0, 20 }, // U+2074
    { 10, 11, 179, 1, 20 }, // U+2075
    { 10, 11, 179, 1, 20 }, // U+2076
    { 9, 11, 179, 2, 20 }, // U+2077
    { 9, 11, 179, 1, 20 }, // U+2078
    { 10, 11, 179, 0, 20 }, // U+2079
    { 10, 9, 226, 2, 18 }, // U+207F
    { 10, 11, 179, 1, 8 }, // U+2080
    { 7, 12, 179, 2, 9 }, // U+2081
    { 10, 11, 179, 0, 8 }, // U+2082
    { 9, 11, 179, 1, 8 }, // U+2083
    { 11, 11, 179, 0, 8 }, // U+2084
    { 10, 11, 179, 1, 8 }, // U+2085
    { 10, 11, 179, 1, 8 }, // U+2086
    { 9, 11, 179, 2, 8 }, // U+2087
    { 9, 11, 179, 1, 8 }, // U+2088
    { 10, 11, 179, 0, 8 }, // U+2089
    { 16, 17, 249, 0, 17 }, // U+20A3
    { 17, 17, 249, -1, 17 }, // U+20A4
    { 30, 17, 500, 0, 17 }, // U+20A7
    { 18, 17, 249, -1, 17 }, // U+20AC
    { 15, 10, 400, 5, 14 }, // U+2190
    { 10, 16, 400, 7, 17 }, // U+2191
    { 15, 10, 400, 5, 14 }, // U+2192
    { 10, 16, 400, 7, 17 }, // U+2193
    { 15, 11, 400, 5, 14 }, // U+2194
    { 11, 17, 400, 7, 17 }, // U+2195
    { 11, 17, 400, 7, 18 }, // U+21A8
    { 11, 17, 400, 7, 17 }, // U+21B2
    { 11, 17, 400, 7, 17 }, // U+21B3
    { 13, 13, 400, 6, 15 }, // U+21B5
    { 15, 11, 400, 5, 14 }, // U+21D0
    { 11, 15, 400, 7, 16 }, // U+21D1
    { 15, 11, 400, 5, 14 }, // U+21D2
    { 11, 15, 400, 7, 16 }, // U+21D3
    { 15, 11, 400, 5, 14 }, // U+21D4
    { 17, 19, 400, 4, 18 }, // U+2200
    { 13, 19, 249, 1, 19 }, // U+2202
    { 11, 17, 400, 7, 17 }, // U+2203
    { 19, 20, 400, 3, 19 }, // U+2205
    { 15, 18, 263, 1, 18 }, // U+2206
    { 17, 18, 400, 4, 17 }, // U+2207
    { 17, 17, 400, 4, 17 }, // U+2208
    { 17, 22, 400, 4, 19 }, // U+2209
    { 16, 13, 400, 5, 15 }, // U+220A
    { 17, 17, 400, 4, 17 }, // U+220B
    { 17, 22, 400, 4, 19 }, // U+220C
    { 16, 13, 400, 4, 15 }, // U+220D
    { 19, 22, 324, 1, 17 }, // U+220F
    { 15, 22, 245, 0, 17 }, // U+2211
    { 11, 2, 249, 2, 9 }, // U+2212
    { 14, 20, 200, -1, 18 }, // U+2215
    { 10, 20, 200, 1, 18 }, // U+2216
    { 12, 13, 249, 2, 15 }, // U+2217
    { 8, 9, 249, 4, 13 }, // U+2218
    { 4, 4, 249, 6, 9 }, // U+2219
    { 16, 24, 249, 0, 21 }, // U+221A
    { 12, 9, 249, 2, 13 }, // U+221D
    { 15, 8, 249, 0, 12 }, // U+221E
    { 16, 18, 400, 4, 18 }, // U+221F
    { 18, 18, 400, 3, 18 }, // U+2220
    { 3, 25, 200, 5, 19 }, // U+2223
    { 8, 25, 200, 2, 19 }, // U+2225
    { 17, 18, 400, 4, 18 }, // U+2227
    { 17, 18, 400, 4, 18 }, // U+2228
    { 15, 18, 400, 5, 18 }, // U+2229
    { 15, 19, 400, 5, 18 }, // U+222A
    { 14, 26, 249, 1, 20 }, // U+222B
    { 16, 15, 400, 5, 14 }, // U+2234
    { 16, 15, 400, 5, 14 }, // U+2235
    { 5, 13, 121, 1, 15 }, // U+2236
    { 15, 15, 400, 5, 14 }, // U+2237
    { 15, 5, 400, 5, 9 }, // U+223C
    { 15, 13, 400, 5, 15 }, // U+2245
    { 12, 9, 249, 2, 13 }, // U+2248
    { 15, 8, 400, 5, 11 }, // U+224D
    { 11, 13, 249, 2, 15 }, // U+2260
    { 15, 11, 400, 5, 13 }, // U+2261
    { 12, 15, 249, 2, 15 }, // U+2264
    { 12, 15, 249, 2, 15 }, // U+2265
    { 21, 13, 400, 2, 15 }, // U+226A
    { 21, 13, 400, 2, 15 }, // U+226B
    { 17, 13, 400, 4, 15 }, // U+2283
    { 17, 22, 400, 4, 19 }, // U+2284
    { 17, 23, 400, 4, 20 }, // U+2285
    { 17, 17, 400, 4, 17 }, // U+2286
    { 16, 17, 400, 5, 17 }, // U+2287
    { 19, 19, 400, 3, 18 }, // U+2295
    { 19, 19, 400, 3, 18 }, // U+2296
    { 19, 19, 400, 3, 18 }, // U+2297
    { 19, 19, 400, 3, 18 }, // U+2298
    { 15, 18, 400, 5, 18 }, // U+22A5
    { 4, 4, 249, 6, 9 }, // U+22C5
    { 22, 4, 400, 2, 9 }, // U+22EF
    { 27, 25, 295, -5, 19 }, // U+FB00
    { 21, 25, 261, -5, 19 }, // U+FB01
    { 22, 25, 270, -5, 19 }, // U+FB02
    { 29, 25, 392, -5, 19 }, // U+FB03
    { 30, 25, 401, -5, 19 }, // U+FB04
    { 24, 25, 294, -5, 19 }, // U+FB05
    { 21, 18, 320, 0, 18 }, // U+FB06
    { 25, 24, 400, 0, 21 }, // U+FFFD
};


static const EpdFontGroup bookerly_12_italicGroups[] = {
    { 0, 2089, 4088, 66, 3684, 0 },
    { 2089, 1069, 1933, 34, 1802, 66 },
    { 3158, 1541, 3982, 54, 1931, 100 },
    { 4699, 1175, 3334, 42, 2268, 154 },
    { 5874, 1133, 4047, 42, 1269, 196 },
    { 7007, 1349, 4087, 46, 3136, 238 },
    { 8356, 1122, 3659, 40, 2870, 284 },
    { 9478, 3817, 10038, 94, 3825, 324 },
    { 13295, 280, 389, 34, 278, 418 },
    { 13575, 8241, 18571, 220, 3830, 452 },
    { 21816, 2242, 9565, 90, 1779, 672 },
    { 24058, 803, 1403, 81, 874, 762 },
    { 24861, 278, 579, 18, 348, 843 },
    { 25139, 231, 374, 4, 213, 861 },
    { 25370, 352, 698, 15, 591, 865 },
    { 25722, 1584, 3796, 58, 2609, 880 },
    { 27306, 477, 1133, 7, 700, 938 },
    { 27783, 109, 168, 1, 29, 945 },
};







static const int8_t bookerly_12_italicKernSparseValues[] = {
     -10,   40,   12,  -20,   24,   60,   26,   60,   32,  -20,  -20,   24,  -20,   24,   24,   46,
     -10,   40,   20,   12,  -20,  -20,  -12,   24,   60,   24,   12,  -40,  -36,  -40,  -36,   16,
     -12,   28,  -20,  -24,  -40,   16,  -24,   -8,   12,    8,   34,   -8,   -8,   -8,   -8,  -24,
     -24,   12,   -8,   -8,   -8,    8,  -20,  -12,   28,   16,   16,   12,    8,   -8,   16,  -38,
      12,   -8,   -8,   -8,   -8,   -8,  -24,  -44,  -30,   34,  -40,  -12,  -24,  -48,  -12,   12,
     -40,  -40,  -12,  -12,  -12,  -12,  -36,  -16,  -20,  -40,  -20,  -40,   -8,   -8,  -36,  -12,
     -16,  -20,  -24,  -52,  -40,  -40,  -40,  -36,  -24,  -40,  -16,  -12,  -36,  -24,  -20,   -8,
     -16,  -40,  -12,  -12,  -60,  -24,  -24,  -16,   -8,  -42,  -30,  -20,  -12,  -36,  -36,  -24,
     -20,  -52,  -24,  -36,   -8,  -12,   12,  -16,  -24,  -28,  -48,   15,  -40,  -64,   -8,    8,
      -8,   -8,   -8,  -10,  -10,  -24,  -24,  -12,    8,   -8,   -8,   -8,   -4,   -8,   -8,    8,
      -8,   -8,  -12,  -40,  -32,  -16,  -16,  -16,  -16,   -8,   -8,    4,  -16,  -12,  -24,  -18,
     -16,   -4,   -6,   -4,   -8,   -4,   -4,   -4,   -4,  -12,   -4,   -4,   -8,   -8,   -6,   -6,
      -8,   -4,   -4,   -4,   -4,  -24,  -24,   -8,  -16,  -16,  -12,    6,   -4,  -10,   -6,   -8,
      -7,  -12,   -4,  -12,  -20,  -12,   -8,   12,  -12,  -12,   -6,   -4,   -8,   -8,   -8,   -8,
      -4,  -36,  -36,  -28,  -24,  -24,  -36,   -4,  -10,   -6,  -12,  -12,   -8,  -38,  -10,    8,
     -10,  -10,    8,  -12,   -8,  -12,   10,  -20,  -20,   -8,  -12,   -8,  -16,  -12,  -12,   -8,
     -16,  -20,  -20,  -16,  -16,   -6,   -8,   -4,   -4,   -6,   -8,   -8,   -4,   -6,   -4,  -16,
      -8,   -8,   -8,   -8,   -6,   -8,   -8,   -8,    8,  -24,  -24,  -12,  -16,  -16,  -12,   -4,
       4,   -6,   -4,   -8,   -6,    8,   -6,   -6,    8,   -4,   12,   -4,  -12,   -4,  -12,  -12,
       8,  -14,   18,   -8,   -8,   -8,   -8,   -4,  -12,   -8,   -8,  -16,   13,   -8,   -8,   -8,
      -8,  -12,  -22,  -18,  -12,  -28,   12,  -24,  -36,  -12,  -12,  -24,   -8,   -6,   -8,   -8,
     -12,    8,  -12,   -4,   -4,   -4,   -8,  -12,  -28,  -28,  -24,  -16,   -6,   -8,   -8,   -8,
      -4,   -8,   -6,   -8,   -8,  -16,   -8,   -8,   -8,   -8,   -6,   -8,  -48,  -48,  -28,  -28,
     -28,  -38,   -8,  -12,   -8,  -14,  -12,   -8,  -12,   -8,  -12,  -16,   -4,  -10,   -8,  -50,
     -16,  -16,   -4,  -16,   -4,   -4,   -8,  -10,   -4,   -8,   92,   51,  -24,   -8,  -16,   59,
     -16,    6,   -4,   30,   -6,   -8,   -7,  -12,   -4,  -12,  -20,   88,   18,   33,   26,    9,
      88,  -12,   -8,   17,   33,  -12,  -16,   16,  -16,    4,   12,  -24,  -22,  -32,   24,  -36,
       4,  -38,   -4,   -8,   -8,   -8,   -8,  -16,   16,   -4,   -4,   -4,  -12,   -8,  -22,  -20,
     -16,  -16,  -12,  -12,   -8,   -8,   -6,   -6,   -8,   -8,   -8,   -8,   24,  -40,  -40,  -28,
     -24,  -24,  -36,   -4,  -16,    4,   -8,  -12,  -12,  -36,  -16,  -16,    4,  -16,   12,    4,
     -12,   -8,  -12,   12,   20,  -32,   -8,  -32,  -28,  -20,  -20,  -24,   -8,   -4,   -4,  -16,
     -12,  -12,   -8,   -4,  -24,  -20,  -16,  -16,  -16,  -12,   -4,  -12,   12,  -52,  -12,  -52,
     -36,  -28,  -28,  -44,  -12,   -8,   -4,    6,    8,  -24,  -24,  -20,   -4,   -8,   -4,  -12,
     -12,  -52,  -24,    8,  -24,  -24,    8,  -20,   -4,  -16,  -24,    8,   -8,   -8,   -8,  -12,
     -12,   10,  -12,    8,   20,   -8,   -8,   -8,   -8,   -8,   12,   -8,   -2,   -8,   -8,   -8,
      22,  -40,  -20,  -40,  -40,  -20,  -20,  -42,  -12,   -4,    4,    8,    8,  -24,  -12,  -20,
      -4,   -4,  -24,   -4,  -12,  -16,   -8,  -12,  -12,  -40,  -24,   12,  -24,  -24,   16,   12,
     -24,   -8,  -12,  -20,  -16,  -12,    8,   -8,   -8,   -4,   -6,  -10,   -4,   -8,   20,  -16,
      28,   16,  -16,  -16,  -16,   20,  -16,  -16,   16,   12,   -8,    8,  -22,  -20,  -40,   24,
     -34,   32,  -20,   12,  -20,    8,   12,    8,   32,  -22,   -8,   24,   12,   32,   18,    8,
      -8,   24,  -32,   26,  -20,   12,  -28,  -12,  -40,  -34,  -28,   12,  -12,  -24,   -4,  -12,
     -12,  -20,  -20,   -8,   -8,  -32,   -4,   -4,   -4,   -4,    4,   -4,  -12,  -20,   -4,   -4,
      -4,   -4,   -4,    4,  -24,   -8,   -8,   -8,   -8,   16,   28,  -24,  -24,  -16,   16,   28,
      -8,   20,  -12,   -8,   -8,   -4,    8,    8,   -8,   12,   20,   -8,   20,   -8,   20,   44,
      12,   20,   -4,  -12,   12,   24,   16,  -16,  -12,   12,   32,   12,   40,   12,   12,   16,
      12,   20,    8,   20,    8,   12,   20,   24,  -16,   -8,   -8,  -36,   -6,   -6,   -8,  -12,
     -16,  -16,  -32,   16,    4,   16,    4,   16,   20,  -12,  -12,  -20,   -4,   28,   14,   32,
      -4,   -4,   -4,   14,  -32,  -32,  -20,  -12,   -8,   -8,   -4,   16,   16,   -8,   -8,   -8,
      -4,   -8,   12,   -8,   -8,   -8,   -8,  -16,  -12,    8,  -28,  -28,  -16,  -16,  -20,   -5,
      -5,  -25,    4,    4,   12,   12,  -12,  -24,    8,    8,    8,   12,    8,   16,  -16,   20,
      24,   -8,   -8,   -8,  -10,  -16,  -16,  -16,   -8,   12,   16,  -16,  -16,   -8,   -8,   24,
     -10,   32,  -18,  -10,  -12,   20,   28,  -12,  -12,  -12,   32,  -12,   28,  -12,  -18,  -10,
      -8,   -8,   -8,   -8,  -16,  -16,  -12,   -8,   -8,  -12,   12,  -16,   -8,   -8,   16,   40,
     -12,  -16,  -16,  -12,  -12,   28,    8,   32,  -12,  -12,  -12,  -12,  -12,  -12,    8,   40,
     -12,  -12,  -12,   32,  -12,  -16,  -16,  -22,  -44,  -44,  -24,  -24,  -12,  -12,   -8,  -12,
     -16,   -8,  -20,  -20,  -24,  -33,  -24,  -12,  -20,   -4,   12,   16,   -4,   -4,   -4,   -4,
       4,   12,   24,   24,   24,   16,   24,   24,   16,   24,   12,  -12,  -20,  -20,   -8,   -8,
     -32,   -4,   12,   16,   -4,   16,   -4,   -4,    4,   -4,  -12,  -36,   -8,  -12,   12,  -16,
      48,  -24,  -28,  -48,   15,  -40,  -64,   -8,   44,   28,   -8,   52,   -8,   -8,  -10,  -10,
     -24,  -24,  -12,    8,   -8,   -8,   -8,   -4,   -8,   -8,   28,   -8,   -8,  -12,  -40,  -32,
     -12,  -24,   48,   16,   56,   16,   -4,  -12,   43,   45,   24,   40,   20,   44,   12,   20,
      20,   16,   16,   16,   16,   20,    4,   20,   12,   20,    8,   20,   44,   16,   44,   44,
      16,   32,   24,   40,   12,  -12,  -12,   -6,   28,   -4,   -8,   28,   34,   -8,   -8,   -8,
      -4,  -24,   -8,   24,   30,   -8,   -8,   -8,   12,   44,   24,   44,   16,   44,   44,   16,
      44,   12,  -20,  -20,  -16,  -16,   -6,   34,   -8,   34,   34,   -4,   -4,   -6,   -8,   -8,
      -4,   -6,   -4,  -16,   -8,   -8,   -8,   -8,   -6,   -8,   -8,   -8,   40,    8,   40,    8,
      20,   20,   20,   20,   20,  -22,   -4,   -4,   -4,   -4,   -4,   12,   16,    8,    8,    8,
      12,    8,   20,   20,  -16,  -16,  -32,   -8,   -8,   -8,   -8,  -16,   16,   16,  -12,   16,
      16,    8,  -12,  -24,   46,   16,   52,   16,   -4,  -12,  -20,  -20,  -16,   -8,   -8,  -12,
       6,   10,    8,    8,    4,    4,    4,    4,   16,  -20,  -20,   12,   12,    8,   12,    8,
     -40,   -8,  -40,  -28,  -24,  -24,  -24,   -4,   12,  -16,   12,  -12,  -12,   -8,   -4,  -16,
     -16,   12,  -16,   12,   12,  -12,   -4,  -12,   16,   12,   12,   12,   12,   16,   -8,  -12,
      12,   32,   12,   40,   12,   12,   16,   12,   20,    8,   20,    8,   12,   20,   24,  -12,
     -12,  -12,   -8,   20,   24,   12,  -12,  -12,   -6,   -4,   -8,   -4,   -8,   -8,  -24,  -24,
      20,    8,    8,   16,   16,  -16,  -12,  -20,  -16,  -16,  -16,   -8,  -16,  -16,  -12,  -12,
      -8,   -8,   -4,   -4,   -4,   -4,   -6,   -6,   -8,  -20,  -20,  -16,  -16,  -16,   -8,   -6,
      -8,   -8,   -8,   -4,   -8,   -8,   -4,   -8,   -4,   -8,   -8,   -4,   -6,  -12,   -4,   -6,
      -8,   -8,   -8,   -8,   -8,   -8,    8,  -24,  -24,  -12,  -16,  -16,   -4,   -8,    9,  -12,
      -8,   -8,   -6,   -4,   -6,  -12,  -12,  -12,   -4,   -4,    8,   -8,  -24,  -36,  -28,  -16,
     -28,   -4,  -12,  -36,  -28,  -16,  -24,  -24,  -34,  -24,  -10,  -12,   12,  -32,  -12,  -24,
     -24,  -16,  -40,  -32,  -28,  -32,  -28,   12,  -12,  -12,  -12,  -12,  -12,  -16,  -13,    4,
       4,   12,    6,  -20,   10,   -8,   12,  -12,  -16,  -12,   -8,   -8,  -12,   -8,   -8,  -28,
     -24,   -8,  -34,   13,   -8,  -12,   34,  -52,  -52,  -36,   22,    8,   16,  -32,   26,  -44,
     -32,   16,   -4,   16,   26,   -8,  -24,   -8,   -4,  -14,  -12,  -16,   -4,   -4,  -48,  -20,
      -8,   -4,  -20,   20,  -16,   16,   20,   12,   -8,   24,  -16,  -48,  -16,   -4,    6,   20,
     -36,   -8,  -12,  -64,  -12,  -24,  -16,    8,  -20,   12,    8,   11,   -4,  -20,   15,  -52,
      -8,    4,   -8,  -12,   -8,  -10,   -8,  -24,  -40,  -28,   -8,   -8,  -48,  -40,  -42,  -24,
       8,   -4,   -8,  -40,  -32,   -4,   -8,  -16,  -16,  -16,  -16,   -8,  -16,  -16,    4,  -12,
      -8,   -8,  -16,   -4,   -4,   -4,  -24,  -18,  -12,   -8,   24,  -40,  -40,  -28,  -24,  -24,
     -12,  -20,   12,  -36,  -24,   -4,    8,  -12,  -16,   -4,   -8,  -16,  -12,  -12,  -48,  -20,
     -20,    4,  -12,    8,    4,  -36,  -36,  -16,  -12,   12,   20,   36,   32,  -12,   -8,   -8,
      -6,   -4,   -8,    8,   -8,   -4,   -4,  -12,  -12,  -12,  -24,  -24,   -8,  -16,  -16,  -20,
      -4,   -8,    6,  -10,  -12,   -8,   -4,   -6,   -4,   -8,   -4,   -4,  -12,   -4,  -12,  -10,
     -12,  -48,  -48,  -28,  -28,  -28,  -12,  -12,   -8,  -32,   -6,  -38,  -36,   -8,   -8,  -14,
     -12,   -8,  -16,  -16,  -12,  -16,  -10,  -10,  -46,  -20,  -20,   -4,   -8,   -4,   -8,   -8,
      -4,  -50,   -8,   -4,   -4,   -4,   -8,   -8,   -6,   -8,   -4,   -4,   -4,   -8,  -12,   24,
     -40,  -40,  -28,  -24,  -24,  -12,  -20,   12,  -36,  -24,   -4,    8,  -12,  -16,   -4,   -8,
     -16,  -12,  -12,  -48,  -20,  -20,   12,  -12,    8,    4,  -36,  -36,  -16,  -12,   12,   20,
     -28,  -28,  -12,  -16,  -16,  -28,   -8,  -10,   -8,   -8,   -8,  -14,   -8,  -12,  -12,   -8,
     -14,   -8,   -8,  -12,  -11,   -8,  -16,   -4,  -16,   -8,  -16,   -4,   -8,   -8,   -8,  -12,
     -12,   -8,  -12,   12,    4,   10,   12,   12,   -4,    8,  -16,   16,   -4,   12,   -8,   -8,
      -8,   -8,   -8,  -24,  -16,  -16,  -24,   12,   -8,  -12,  -24,   -8,   -8,   -4,   -4,  -12,
      -4,  -20,  -20,   -8,   -8,  -22,   -4,   -8,   -8,   -4,   -4,   -4,   -4,   -4,   -4,  -12,
     -46,   -8,  -12,  -12,  -20,  -20,   -8,   -8,  -32,   -4,   -8,   -8,   -4,   -4,   -4,   -4,
      -4,   -4,  -12,  -24,   -8,   -8,  -34,   -4,   -4,  -22,   -4,   -4,   -4,   -4,  -16,  -36,
      -6,  -12,   -8,   -8,  -12,  -20,   -4,   -4,   -4,   -4,    4,  -28,  -28,  -16,  -16,  -20,
     -16,   -8,   -8,  -25,    4,   12,   22,  -32,   12,   12,   20,  -10,   -4,   52,   -4,   12,
     -16,   -8,   -8,  -54,   -8,  -22,  -12,   -8,  -12,  -28,  -16,  -36,   -8,   -6,  -12,   -8,
      -8,  -12,   -8,   -8,   -8,   -8,  -16,   -8,   12,   24,   24,   24,   16,   24,   12,  -16,
     -16,  -12,   -4,  -20,   12,  -16,  -26,  -38,  -16,  -38,  -20,  -20,   -8,  -12,  -32,    8,
     -48,  -36,   -8,  -16,  -16,  -20,  -14,  -20,  -12,  -16,  -56,  -20,  -24,  -12,  -16,  -46,
     -16,  -16,   16,   20,   16,  -32,  -32,  -24,   16,  -44,  -28,  -20,   12,  -20,  -26,  -16,
     -20,   -6,  -33,  -33,  -12,  -12,  -54,  -30,  -16,  -21,  -28,  -29,  -42,  -54,  -24,  -25,
      16,   12,  -30,  -30,  -12,  -16,  -16,   -8,   -8,  -36,  -12,  -16,   -8,  -12,   -8,   14,
     -36,  -36,  -28,  -24,  -24,   -8,   -6,  -16,    8,  -36,  -28,  -16,  -10,  -10,  -34,  -16,
     -16,  -12,    8,  -38,   10,   48,   12,   12,   16,    8,   52,   16,   48,   12,  -20,  -12,
      20,  -12,  -24,  -24,  -42,   -8,   -8,   -4,  -12,   22,  -40,  -20,  -40,  -40,  -20,  -20,
       8,  -12,  -12,  -10,   -4,  -24,   16,  -34,  -28,  -12,   12,  -16,  -20,  -16,  -16,  -28,
     -18,  -16,  -12,   -4,  -48,  -32,  -16,  -16,  -34,   12,  -24,   12,   12,  -20,    8,  -24,
     -40,  -18,  -16,    8,   -8,   -8,   -8,  -12,  -12,   -8,  -12,   48,   12,    4,   10,   28,
      28,   -4,    8,  -16,   16,   -4,   12,   -8,   -8,   -8,   -8,  -24,  -16,   40,  -16,  -24,
      32,   -8,   16,  -25,   16,   12,   24,   64,   22,   12,  -42,  -36,   -8,  -16,  -10,    8,
     -44,  -16,  -20,  -24,  -16,  -54,  -12,  -36,  -26,   -8,   -8,  -12,   -4,   12,  -12,  -30,
      26,   -4,    8,  -24,  -24,  -12,  -16,  -16,   -4,   -8,    9,  -12,  -20,   -8,   -6,   -4,
      -6,  -12,  -12,  -12,   -4,   -4,    8,   -8,   -4,   -8,  -12,  -12,  -12,  -12,  -10,   -8,
      -8,   -8,  -12,   20,  -16,   -8,   -8,   -8,   -8,  -12,  -12,   -8,  -12,    4,    4,   -6,
      12,   12,   -4,    8,  -16,   16,   -4,  -32,   -8,  -24,  -32,  -20,   -8,  -24,  -20,   -8,
     -24,  -16,  -20,  -16,  -24,    8,  -24,   -8,  -25,   -8,   -8,  -12,  -16,    4,   -8,   12,
     -12,  -40,  -40,  -44,  -12,   -8,  -16,  -16,   -8,  -12,  -12,  -32,  -12,  -34,   -4,   -4,
     -28,  -12,  -12,  -40,  -44,  -32,  -32,  -32,  -28,  -12,  -34,  -12,  -16,   -8,   -8,  -38,
     -44,  -12,  -32,  -16,  -24,  -32,  -16,  -32,  -24,  -20,   -4,  -62,  -28,  -12,  -30,  -28,
     -12,  -22,  -44,  -16,  -12,  -28,  -56,  -56,  -16,  -60,  -16,  -24,  -20,  -20,  -24,  -16,
     -12,  -20,  -12,  -12,   -8,   -8,  -40,   -8,  -24,  -46,  -12,   -8,   -8,  -36,  -12,  -16,
     -12,  -60,  -40,  -12,  -40,   -8,  -40,   -8,   -8,  -36,  -12,  -46,  -18,  -20,  -12,  -24,
     -16,  -20,  -50,  -60,  -16,  -50,  -16,  -20,  -24,  -20,  -12,  -16,  -32,  -40,  -28,  -24,
     -40,  -28,  -24,  -12,   -8,  -70,  -36,  -16,  -44,   -8,  -36,  -12,   -8,  -12,  -34,   -8,
     -40,  -16,  -60,  -18,   16,  -12,   28,  -20,  -24,  -40,   16,  -24,   -8,   40,    8,   34,
      -8,   -8,   -8,   -8,  -24,  -20,   12,   -8,   -8,   -8,   36,  -20,  -12,   28,   16,   16,
      12,    8,   -8,   16,  -38,   12,   -8,   -8,   -8,   -8,   -8,  -24,  -44,  -30,   34,  -40,
     -12,  -24,  -48,  -12,   12,  -40,  -40,
};


static const EpdFontData bookerly_12_italic = {
    bookerly_12_italicBitmaps,
    nullptr,  // glyph: the 16-byte EpdGlyph array is the .cpfont form, SD-card fonts only
    bookerly_12_italicGlyphs,
    nullptr,  // bitmapOffsets: a compressed font recovers the offset from the group walk
    epdSharedFontIntervals_428f867c6270,
    72,
    33,
    27,
    -7,
    true,
    bookerly_12_italicGroups,
    18,
    nullptr,
    nullptr,  // kernLeftClasses: built-in fonts use the split arrays below
    nullptr,  // kernRightClasses
    epdSharedFontKernLeftCodepoints_b1c8e3fab457,
    epdSharedFontKernLeftClassIds_e43218f60321,
    epdSharedFontKernRightCodepoints_8f63eb911272,
    epdSharedFontKernRightClassIds_a11c7447707c,
    nullptr,  // kernMatrix: built-in fonts use the sparse form below
    epdSharedFontKernRowOffsets_229c15d22cc6,
    epdSharedFontKernSparseCols_f2be156b27a3,
    bookerly_12_italicKernSparseValues,
    652,
    680,
    145,
    117,
    epdSharedFontLigaturePairs_607bf6e70845,
    5,
};
