/**
 * generated by fontconvert.py
 * name: bookerly_20_regular
 * size: 20
 * mode: 2-bit  compressed: zopfli
 * hinting: auto (FT_LOAD_FORCE_AUTOHINT — grid-fits stems to whole pixels)
 * Command used: fontconvert.py bookerly_20_regular 20 ../builtinFonts/source/Bookerly/Bookerly-Regular.ttf --2bit --compress --zopfli
 */
#pragma once
#include "EpdFontData.h"
#include "shared_tables.h"

static const uint8_t bookerly_20_regularBitmaps[52857] = {
    0xAD, 0x97, 0x31, 0x8C, 0xDE, 0x4A, 0x11, 0xC7, 0xC7, 0x36, 0x77, 0x46, 0xB1, 0xC0, 0x14, 0x39,
    0x81, 0x88, 0xC0, 0xB4, 0x48, 0x48, 0x5B, 0x23, 0x1D, 0x59, 0x47, 0xF4, 0x22, 0x45, 0xD2, 0x53,
    0x22, 0x9A, 0x6B, 0xD2, 0x20, 0x45, 0xB1, 0xFB, 0xEA, 0x7A, 0x1A, 0x8A, 0x54, 0xA1, 0x48, 0x2F,
    0x85, 0xAC, 0x11, 0xBD, 0xB0, 0x04, 0xBD, 0xB6, 0xA0, 0xA3, 0x59, 0xE9, 0xF9, 0xE9, 0xF9, 0x12,
    0xDB, 0xF3, 0xFE, 0xFF, 0x5D, 0xE7, 0xFB, 0xDE, 0x77, 0x4A, 0x2E, 0x29, 0xDE, 0xFA, 0xDB, 0xDF,
    0xAC, 0x77, 0x67, 0x67, 0x67, 0x66, 0x77, 0xE5, 0xBB, 0xB3, 0xD6, 0xF6, 0xAE, 0x57, 0x3E, 0xED,
    0x5D, 0x8F, 0xC3, 0xD3, 0xB5, 0x7F, 0x91, 0x54, 0x2E, 0x04, 0x73, 0x06, 0x1D, 0x5C, 0x7F, 0x21,
    0xF7, 0xE5, 0xF1, 0x9B, 0x3C, 0x2C, 0xC5, 0x5D, 0xBF, 0x97, 0xF9, 0xB5, 0xC8, 0x79, 0x4B, 0x4A,
    0x3D, 0x94, 0x23, 0x45, 0x5F, 0x0D, 0x10, 0x4D, 0x5B, 0x53, 0x18, 0xBC, 0x43, 0x58, 0xBC, 0x43,
    0x3C, 0xC4, 0xBB, 0x14, 0xCA, 0x32, 0xEC, 0x22, 0x7F, 0xB5, 0xBD, 0x7A, 0xFB, 0x0A, 0x83, 0xB3,
    0xFC, 0x03, 0x1A, 0xD9, 0x24, 0x0B, 0x44, 0x1E, 0xA2, 0x28, 0x42, 0x36, 0x53, 0xF8, 0x7C, 0x82,
    0x28, 0xC7, 0x22, 0xC0, 0x22, 0xA7, 0x2D, 0x62, 0x4F, 0x84, 0x34, 0x69, 0x55, 0x93, 0x56, 0xB5,
    0x27, 0xAB, 0xBE, 0x10, 0x03, 0xC2, 0xBC, 0xA5, 0xF8, 0x93, 0xFC, 0x5A, 0x58, 0x7E, 0x4E, 0xD8,
    0x4F, 0xE0, 0x5C, 0x6F, 0x44, 0x9C, 0xEA, 0x58, 0xE8, 0xA6, 0x53, 0xB5, 0x5C, 0x36, 0x4B, 0xE3,
    0x2F, 0xCB, 0xC5, 0x0C, 0x97, 0xC5, 0x62, 0x87, 0xCB, 0x7C, 0x02, 0xB2, 0xD6, 0xFA, 0x4B, 0xAC,
    0x39, 0x01, 0xF5, 0x06, 0x54, 0xF4, 0x24, 0x53, 0xED, 0xE9, 0x25, 0x1C, 0xCF, 0x55, 0xB1, 0xFE,
    0x7B, 0xF5, 0x22, 0xA1, 0x9B, 0x80, 0x7A, 0xFE, 0x8D, 0x84, 0x6A, 0x79, 0x2E, 0xA1, 0x5C, 0x56,
    0x62, 0xC3, 0xEB, 0xAC, 0x6D, 0xA8, 0x83, 0x1B, 0x43, 0xE7, 0xED, 0xF6, 0x5E, 0xFB, 0x46, 0x75,
    0xE5, 0xD4, 0x11, 0x11, 0x07, 0x46, 0xFF, 0x79, 0x7C, 0xA4, 0x3C, 0x43, 0xBD, 0xF2, 0xC0, 0xCA,
    0x8C, 0x6F, 0x70, 0x66, 0x81, 0x97, 0x74, 0xA8, 0x80, 0x27, 0xC6, 0x77, 0x83, 0x54, 0x18, 0xB6,
    0x6D, 0x3D, 0x0A, 0x73, 0xF6, 0x82, 0xAF, 0xA6, 0x67, 0x9A, 0xB0, 0x6A, 0x87, 0x89, 0x0B, 0x6D,
    0xAF, 0x6C, 0xA4, 0x7D, 0x48, 0x0D, 0xF4, 0xA5, 0x46, 0xE9, 0x63, 0xA3, 0xF4, 0x9C, 0x2D, 0x6F,
    0xA5, 0x1A, 0x4D, 0xFB, 0x60, 0xC6, 0xCC, 0x66, 0x78, 0x28, 0xAA, 0xBD, 0x1D, 0x5D, 0xFF, 0xA6,
    0x40, 0x18, 0x88, 0x47, 0xE6, 0x2A, 0xE0, 0x51, 0x9C, 0x98, 0x7A, 0xC0, 0xFA, 0xEE, 0xBA, 0x1C,
    0x9B, 0x9E, 0x36, 0xB1, 0xB6, 0xA1, 0x19, 0x6E, 0x9D, 0x65, 0x83, 0x87, 0x24, 0x36, 0x58, 0x53,
    0x03, 0x7A, 0x6C, 0x30, 0x56, 0xF8, 0xCB, 0x59, 0x74, 0x95, 0x76, 0xE8, 0x79, 0xE3, 0xAB, 0xC0,
    0x38, 0xB0, 0x05, 0x6E, 0x14, 0x7A, 0x5E, 0x30, 0xCA, 0xE8, 0xB9, 0x23, 0x68, 0xEA, 0xAC, 0x05,
    0x7E, 0x25, 0x7B, 0x79, 0xB0, 0x91, 0xDC, 0x29, 0x4F, 0x59, 0xAA, 0x4E, 0x94, 0xF5, 0x5A, 0x2D,
    0x94, 0x26, 0x64, 0x51, 0xDA, 0x51, 0x92, 0x1C, 0x92, 0x44, 0xCA, 0xA6, 0x24, 0xF3, 0x90, 0xFA,
    0xAB, 0x31, 0x4A, 0x44, 0x4E, 0x69, 0xFC, 0x2F, 0x84, 0xA5, 0xD9, 0xB7, 0xC4, 0x4D, 0x62, 0x74,
    0x95, 0x82, 0xC7, 0x14, 0xB2, 0x7E, 0xB7, 0x41, 0x2E, 0x30, 0xAF, 0x08, 0x82, 0xD3, 0xBB, 0x68,
    0xD8, 0x0D, 0x26, 0x50, 0x6A, 0x5B, 0x2F, 0x49, 0x16, 0x9A, 0xA4, 0xE8, 0x90, 0xA4, 0xFD, 0x7A,
    0x86, 0xC4, 0x8E, 0xD1, 0x51, 0x44, 0x99, 0x29, 0x43, 0x66, 0x45, 0x80, 0x66, 0x43, 0x9F, 0x7A,
    0x0C, 0xBE, 0x7B, 0xAD, 0xAA, 0x2F, 0x73, 0x60, 0x36, 0xCA, 0xC5, 0xB5, 0xCF, 0x19, 0xE2, 0xD3,
    0xC7, 0xCC, 0xC0, 0xFD, 0x37, 0xCB, 0xA1, 0xBC, 0x94, 0x58, 0xE0, 0x2F, 0x13, 0x96, 0xC1, 0x42,
    0x89, 0x15, 0xEA, 0x10, 0x83, 0x15, 0x87, 0x70, 0xD0, 0x55, 0x2C, 0xC7, 0x6E, 0x56, 0xE3, 0xD3,
    0x30, 0x6B, 0x47, 0xB5, 0x9E, 0xCE, 0x7D, 0xA2, 0xF6, 0x0C, 0x2C, 0x55, 0xEA, 0x5A, 0x8F, 0xF9,
    0xB4, 0x33, 0xA1, 0xD2, 0x6E, 0x3C, 0x96, 0xB2, 0x2B, 0x8E, 0xFB, 0xE0, 0x92, 0x3A, 0xE9, 0x00,
    0x7D, 0xDB, 0xCB, 0x8F, 0x63, 0xAE, 0x93, 0x0A, 0x77, 0x28, 0x8F, 0xF3, 0x68, 0xF4, 0xC3, 0xBC,
    0x19, 0x06, 0x39, 0x77, 0x4B, 0x83, 0xD9, 0x77, 0x3D, 0xE8, 0x58, 0x93, 0xF2, 0x69, 0x1D, 0x3E,
    0x11, 0x0D, 0x6C, 0xDC, 0x0A, 0xBE, 0xF1, 0x87, 0xBC, 0x64, 0xEB, 0xDE, 0xCD, 0x78, 0x7A, 0xFA,
    0xB6, 0x97, 0xDC, 0xCB, 0x59, 0xBE, 0x48, 0xFD, 0xFB, 0x49, 0xEC, 0x7F, 0xBC, 0x98, 0x6F, 0x06,
    0xB8, 0xF2, 0x3A, 0x88, 0xD1, 0x90, 0xEB, 0x5F, 0x83, 0xFD, 0x6A, 0xF8, 0x89, 0xFD, 0x97, 0x97,
    0x9A, 0xF7, 0xA7, 0x98, 0x51, 0xFD, 0x17, 0xDD, 0x6C, 0x42, 0x51, 0x86, 0x23, 0xBE, 0x64, 0xDA,
    0x93, 0x62, 0x2D, 0xB4, 0xD0, 0x5C, 0x21, 0x97, 0x12, 0xB7, 0xAF, 0xF6, 0x76, 0x70, 0xF2, 0x5C,
    0x58, 0x9C, 0x6A, 0xAB, 0xA8, 0x90, 0x72, 0x86, 0x5C, 0x68, 0xE0, 0xD3, 0x0D, 0x67, 0x22, 0x0C,
    0x8C, 0x18, 0x01, 0x33, 0x00, 0xB6, 0xE5, 0x04, 0x0E, 0x6C, 0xA8, 0xF1, 0x5E, 0xD0, 0x7B, 0x29,
    0x03, 0x50, 0x85, 0x53, 0xDD, 0x1E, 0xE8, 0x4E, 0x74, 0x73, 0xA2, 0x98, 0x4E, 0x74, 0x9B, 0x53,
    0x5D, 0x25, 0xD6, 0x8F, 0xE8, 0xFA, 0x13, 0x5D, 0x3A, 0x02, 0xA3, 0xEE, 0x86, 0x43, 0xAA, 0xDC,
    0x34, 0x5E, 0xDB, 0x4C, 0xC7, 0xAB, 0x95, 0x1B, 0x5F, 0x2A, 0x8F, 0x01, 0x76, 0xBE, 0x09, 0xF1,
    0x4A, 0x79, 0xEE, 0xAA, 0x8D, 0xFB, 0xDE, 0x81, 0xC6, 0x77, 0x3D, 0x18, 0x1C, 0xD8, 0x04, 0x6D,
    0xEF, 0x26, 0x35, 0x95, 0xFA, 0x9E, 0xFA, 0x76, 0x74, 0xC3, 0x7E, 0x5D, 0x69, 0x73, 0xE4, 0x41,
    0xE0, 0xB1, 0x8B, 0x2B, 0x16, 0xAB, 0x54, 0x9B, 0x34, 0x8B, 0x14, 0xFA, 0x4E, 0xB9, 0xB4, 0x2A,
    0x97, 0x50, 0x46, 0x24, 0x4F, 0x5B, 0xF2, 0x67, 0xE9, 0x44, 0xB9, 0x4D, 0x0C, 0xBA, 0xED, 0x5E,
    0xA5, 0xF8, 0x1E, 0x6B, 0xB9, 0xB5, 0xE7, 0xAA, 0x9B, 0x51, 0x55, 0x56, 0xC9, 0xF5, 0x7F, 0x12,
    0x33, 0xD4, 0xA2, 0xA9, 0x3A, 0x4A, 0xA5, 0x8F, 0x5C, 0x90, 0x66, 0xE6, 0xCF, 0x04, 0xDE, 0x34,
    0x8B, 0x4E, 0x70, 0xE0, 0xCD, 0x31, 0x91, 0xE7, 0x3D, 0x8F, 0x36, 0xF3, 0x3F, 0x91, 0x75, 0x20,
    0x99, 0x48, 0x86, 0x4D, 0x32, 0x31, 0xCC, 0x35, 0x07, 0x67, 0xD2, 0x06, 0x52, 0x07, 0x76, 0x2B,
    0x40, 0xBB, 0xC7, 0xEE, 0xFE, 0xB6, 0xB6, 0xA2, 0xF4, 0x91, 0xAD, 0x89, 0xAC, 0x01, 0x28, 0xDC,
    0xD3, 0x6B, 0xC9, 0x54, 0x17, 0xA9, 0xE8, 0xBB, 0xBD, 0x29, 0xB5, 0xC7, 0x82, 0x6E, 0xE8, 0x98,
    0xF5, 0xDF, 0x01, 0xE3, 0x0F, 0xD9, 0x4A, 0x7E, 0xD0, 0x70, 0x5A, 0x8E, 0x59, 0x47, 0x78, 0x9E,
    0x49, 0x9F, 0x08, 0xF4, 0x3D, 0xFC, 0xBB, 0x52, 0xC5, 0x8D, 0x1F, 0xDC, 0x68, 0x4E, 0x61, 0x3D,
    0xAD, 0x60, 0x34, 0xA3, 0x5E, 0x85, 0x88, 0x32, 0xB7, 0xCA, 0x9F, 0x55, 0x27, 0x66, 0x6B, 0x48,
    0xDF, 0xED, 0xEC, 0xA9, 0xA4, 0xF2, 0x47, 0xC2, 0x4E, 0xA4, 0x23, 0x33, 0x25, 0x8B, 0xC8, 0x3A,
    0xB2, 0x89, 0xB4, 0xFF, 0x26, 0xF5, 0x0F, 0x60, 0xBE, 0xD5, 0x60, 0xB9, 0x90, 0x75, 0x20, 0xED,
    0x48, 0xBA, 0x1E, 0xCC, 0x54, 0xC0, 0x62, 0x21, 0xAB, 0x89, 0x6C, 0x3C, 0xC8, 0xD8, 0x48, 0x45,
    0x59, 0x12, 0x9B, 0x48, 0x11, 0xF6, 0x7F, 0x21, 0xEF, 0xFD, 0x8D, 0x4C, 0xF7, 0x7B, 0x4E, 0x50,
    0xC6, 0xA5, 0xEC, 0xDB, 0x4E, 0xB1, 0x32, 0x98, 0x8D, 0xD0, 0x1B, 0xE6, 0x50, 0x3D, 0xB1, 0x11,
    0xCC, 0xEE, 0x03, 0x65, 0xFE, 0xD4, 0x9F, 0x24, 0x91, 0xAB, 0xEC, 0xE0, 0xAB, 0x39, 0xA4, 0x93,
    0x99, 0x2C, 0x63, 0x26, 0x37, 0x66, 0x72, 0xBE, 0x9D, 0x49, 0x08, 0xE7, 0x99, 0xAA, 0x25, 0xED,
    0x72, 0xA9, 0xDB, 0x63, 0x31, 0x3C, 0x4C, 0x8E, 0x2A, 0x3A, 0xEE, 0xDB, 0x59, 0xC5, 0x78, 0xE7,
    0x83, 0xED, 0xF7, 0x7A, 0xCD, 0x9C, 0xAC, 0xB4, 0xA7, 0xBD, 0xFB, 0xEF, 0x4F, 0xD5, 0xC3, 0xB9,
    0x8E, 0xF7, 0xB3, 0x99, 0x81, 0x6A, 0x01, 0x4A, 0xA2, 0x58, 0xB5, 0x07, 0xDC, 0x80, 0xDC, 0x76,
    0x84, 0xF5, 0x18, 0x30, 0xCC, 0x70, 0xBD, 0x21, 0x84, 0x52, 0xFF, 0xAF, 0x03, 0xD6, 0x56, 0x98,
    0xD6, 0xE9, 0xB8, 0xC1, 0xD1, 0xF2, 0xEC, 0x80, 0x45, 0x89, 0x8D, 0x01, 0xAE, 0x3C, 0xF4, 0x0B,
    0xCF, 0xDA, 0xCC, 0x23, 0xFF, 0x2C, 0x5E, 0x5E, 0xD8, 0xA4, 0x87, 0x73, 0x8A, 0x9E, 0x9B, 0x7A,
    0x38, 0x8D, 0x2D, 0x63, 0xA0, 0xC6, 0x0A, 0x94, 0x51, 0xED, 0x56, 0x92, 0x46, 0x82, 0xBA, 0x2E,
    0xA2, 0x8F, 0xB3, 0x08, 0x21, 0x08, 0x47, 0x5C, 0x10, 0xE7, 0xBC, 0xB9, 0xBC, 0xB8, 0xF1, 0xDE,
    0x56, 0x1B, 0xAE, 0x2D, 0x8F, 0xC9, 0x6C, 0x3C, 0xE2, 0x85, 0xA5, 0x72, 0x07, 0x5E, 0x67, 0x06,
    0x18, 0xEA, 0x55, 0xAC, 0x2F, 0xF5, 0x9F, 0xDA, 0x67, 0xCC, 0x95, 0x58, 0xE5, 0xA7, 0x9A, 0x2D,
    0x66, 0xAD, 0x5C, 0x4B, 0xF5, 0x70, 0xC5, 0xCD, 0x98, 0x66, 0x16, 0x38, 0x50, 0xA5, 0x84, 0x1D,
    0xB0, 0x68, 0x0F, 0x7B, 0x6E, 0x44, 0xE6, 0xED, 0x84, 0x5C, 0x35, 0xCC, 0x55, 0x19, 0x73, 0xE5,
    0x0E, 0xB9, 0xA2, 0x57, 0x34, 0xAD, 0x78, 0x4F, 0xDF, 0x20, 0x7D, 0xA4, 0x81, 0x9B, 0x65, 0x66,
    0x69, 0x02, 0xB7, 0x0E, 0x0E, 0x16, 0x1B, 0x63, 0xCD, 0x95, 0xCC, 0x22, 0x05, 0xF4, 0x8C, 0xD6,
    0x04, 0xB2, 0x99, 0xC8, 0x9A, 0xBE, 0x49, 0xA9, 0xD7, 0xD0, 0x64, 0x94, 0x1A, 0x03, 0xDE, 0xB8,
    0x0A, 0xDD, 0xDE, 0x93, 0x48, 0xE3, 0x31, 0x83, 0x64, 0xE7, 0x65, 0xBF, 0xB2, 0x98, 0x17, 0xBB,
    0x57, 0x7A, 0x45, 0xFF, 0xCE, 0x1C, 0xBB, 0x2D, 0xE7, 0x4B, 0xA3, 0x23, 0xF5, 0x9E, 0x44, 0x8D,
    0xDE, 0x79, 0x7E, 0xD7, 0x9C, 0x37, 0xBD, 0xDC, 0x2E, 0xB7, 0xBF, 0x7B, 0x6F, 0xE1, 0x48, 0x5F,
    0xE8, 0x80, 0x1F, 0x1A, 0x78, 0xFD, 0x4C, 0x71, 0xD1, 0x99, 0xFD, 0xD7, 0x23, 0x26, 0x84, 0x9B,
    0xAF, 0xFC, 0x34, 0x56, 0x41, 0x9A, 0x91, 0x5F, 0xAB, 0x1F, 0x1C, 0xB5, 0x2B, 0x82, 0xDB, 0x5E,
    0xD1, 0x55, 0xB7, 0xB2, 0x31, 0xF2, 0xF4, 0xB3, 0xD1, 0xA7, 0x06, 0x2C, 0x11, 0x53, 0x8C, 0x82,
    0x47, 0xEA, 0xD8, 0xCC, 0x63, 0xD3, 0xA4, 0xE6, 0xE1, 0x2C, 0x95, 0xAD, 0x1C, 0xCA, 0xED, 0xBF,
    0x10, 0x0E, 0xE5, 0x6E, 0x95, 0x5F, 0x12, 0xE9, 0x24, 0xAF, 0x92, 0x9C, 0x4A, 0xEE, 0x25, 0xB7,
    0x92, 0x5F, 0x35, 0x9B, 0x99, 0x06, 0x6A, 0x01, 0x25, 0x95, 0xA8, 0xCE, 0xC6, 0x31, 0x16, 0xCB,
    0x59, 0x86, 0xF3, 0x7F, 0x74, 0x0C, 0x7B, 0xE3, 0xBE, 0x78, 0xE9, 0xD2, 0x15, 0x6E, 0x7F, 0x9B,
    0xF1, 0xFC, 0x37, 0x3E, 0xFD, 0xF5, 0x90, 0xD3, 0xF8, 0x72, 0xAC, 0x05, 0xEA, 0xD5, 0x2C, 0x57,
    0x1A, 0x0A, 0xD5, 0xB1, 0x84, 0x7E, 0x89, 0xB8, 0xCB, 0x2D, 0xFD, 0xC3, 0xC2, 0x9A, 0xA3, 0x66,
    0x5E, 0x4E, 0xCB, 0x05, 0xFA, 0x78, 0xF9, 0x75, 0x88, 0x35, 0x67, 0x96, 0xB0, 0xFF, 0xDF, 0x02,
    0xBD, 0x96, 0x81, 0x86, 0xEF, 0xCC, 0x19, 0xC6, 0x9F, 0x24, 0x76, 0x83, 0xD0, 0xC0, 0xF7, 0x15,
    0xDF, 0x56, 0xD3, 0x3B, 0xC8, 0x0D, 0x94, 0x19, 0x8A, 0x02, 0x7C, 0x38, 0x0B, 0xBD, 0x89, 0x03,
    0x50, 0xD0, 0xE4, 0x12, 0x16, 0xBD, 0x88, 0x5A, 0xE8, 0x0D, 0xB4, 0x66, 0xFA, 0x15, 0x05, 0x34,
    0x2D, 0x1C, 0x14, 0x27, 0x38, 0x50, 0x07, 0x4D, 0x09, 0x72, 0xD6, 0x24, 0x4F, 0xF3, 0xBE, 0xEF,
    0xF8, 0x5B, 0xBB, 0xDD, 0xE3, 0x9C, 0x8F, 0x73, 0xC2, 0xFF, 0xF7, 0x7B, 0xC8, 0xE4, 0x9D, 0x49,
    0x66, 0x76, 0x76, 0xF0, 0xE8, 0xFA, 0x8E, 0xBC, 0x13, 0x97, 0x24, 0xE9, 0x01, 0xF4, 0x12, 0x16,
    0xA0, 0xE0, 0xE1, 0x8B, 0xB0, 0x03, 0x0D, 0x47, 0x81, 0x47, 0x9F, 0x00, 0x14, 0x8C, 0x08, 0x33,
    0x00, 0xB8, 0xA5, 0xE0, 0x28, 0xA1, 0x5B, 0xAB, 0x03, 0x78, 0x7D, 0x87, 0x26, 0x35, 0x09, 0x35,
    0x13, 0xAA, 0xD4, 0xAE, 0xE8, 0xB9, 0xA3, 0xDC, 0xFB, 0x05, 0xE1, 0x57, 0x07, 0x8A, 0xC3, 0x4D,
    0x38, 0x0A, 0x02, 0x1C, 0x22, 0x12, 0x24, 0x84, 0x88, 0x5F, 0x5A, 0x18, 0x01, 0x0D, 0xF4, 0x97,
    0x20, 0x03, 0x02, 0x0E, 0xE9, 0x96, 0x44, 0xB1, 0x9F, 0x81, 0x9E, 0x28, 0x13, 0x7D, 0x29, 0x8F,
    0x57, 0x67, 0xA8, 0x24, 0x34, 0x6B, 0x18, 0x25, 0xF8, 0x7E, 0x0E, 0xB1, 0xE2, 0xAF, 0xF9, 0x0F,
    0xC6, 0x21, 0x96, 0xE4, 0x40, 0xC2, 0xCD, 0xE0, 0xDE, 0x71, 0x43, 0xBF, 0xA0, 0x9F, 0xAF, 0xE9,
    0xD1, 0x6E, 0xB0, 0xAB, 0xD9, 0x73, 0xA8, 0xE8, 0x73, 0xE2, 0x2C, 0xF4, 0xC0, 0x70, 0x48, 0x83,
    0x19, 0x68, 0xF9, 0xC1, 0xFF, 0x94, 0x13, 0x50, 0x50, 0x2E, 0x19, 0x67, 0x77, 0xDA, 0x6A, 0xBC,
    0xE6, 0x07, 0x35, 0xF0, 0xBD, 0xA9, 0x59, 0xCC, 0xFD, 0x6A, 0x76, 0x9B, 0x79, 0x48, 0x66, 0xEE,
    0xE6, 0x83, 0xAA, 0x32, 0x99, 0xAB, 0x55, 0x0B, 0xA3, 0x5E, 0x86, 0x28, 0x6E, 0x67, 0x37, 0x89,
    0xBB, 0xC9, 0xCD, 0x5A, 0x2E, 0x76, 0x5A, 0xD8, 0xF9, 0x56, 0x0B, 0x07, 0x34, 0x5A, 0xF8, 0x40,
    0xAD, 0x33, 0xB2, 0xA3, 0x92, 0xC2, 0x55, 0x42, 0x49, 0x31, 0x49, 0x71, 0x93, 0x47, 0xDC, 0x8A,
    0xA3, 0x94, 0x03, 0xA4, 0x03, 0x27, 0xBF, 0xF9, 0xCC, 0x23, 0xE4, 0xB3, 0x20, 0xE8, 0x14, 0x02,
    0x94, 0xAE, 0x37, 0x29, 0x07, 0x34, 0x09, 0x8D, 0xAC, 0x8B, 0x81, 0x73, 0xA0, 0xCC, 0x29, 0x57,
    0x9E, 0x6E, 0x4E, 0x03, 0xB7, 0xAF, 0x80, 0x1B, 0x92, 0xEF, 0xE0, 0x4E, 0x1E, 0xE8, 0xF9, 0x10,
    0x38, 0xC2, 0x4D, 0x25, 0xA7, 0x93, 0x18, 0x66, 0xA1, 0x5B, 0x84, 0xDD, 0x63, 0xCE, 0xC2, 0x5E,
    0xDB, 0xB8, 0x28, 0x0C, 0x5E, 0x4A, 0xEC, 0x10, 0x72, 0x54, 0x4A, 0xCB, 0x2B, 0xA6, 0x93, 0x68,
    0x77, 0x61, 0x75, 0x08, 0x4B, 0x0A, 0x8B, 0x67, 0xB4, 0xBB, 0xF5, 0xAE, 0xF5, 0xE5, 0xA9, 0x6B,
    0xAE, 0x35, 0x49, 0x4E, 0x36, 0x36, 0xA1, 0xAE, 0xEF, 0xDB, 0xEF, 0x75, 0xC6, 0x38, 0xEA, 0xF7,
    0x99, 0xD1, 0xF1, 0xFD, 0xC9, 0x30, 0xA3, 0x9F, 0x0B, 0x02, 0xED, 0x54, 0x25, 0x61, 0xBB, 0x0A,
    0xBB, 0x19, 0x68, 0x62, 0x3F, 0x01, 0xD7, 0xDE, 0x45, 0x9D, 0xC2, 0x51, 0x18, 0x94, 0xF4, 0x1F,
    0xE5, 0xA8, 0x8C, 0xDA, 0x5E, 0x39, 0x4C, 0x42, 0xB7, 0x08, 0xFB, 0x4D, 0xD8, 0x52, 0xD8, 0x70,
    0x06, 0x7E, 0x56, 0x91, 0xF7, 0x7F, 0x4C, 0x08, 0xBA, 0xAC, 0x3A, 0x1D, 0x5B, 0x11, 0x78, 0x78,
    0xA0, 0xB8, 0x3D, 0x71, 0xF5, 0x9B, 0x5B, 0x7D, 0x8E, 0xD4, 0xD5, 0xE6, 0xA8, 0x2D, 0xD0, 0xF1,
    0x41, 0x3F, 0x9C, 0xBC, 0xF7, 0x6B, 0x8E, 0xEA, 0x92, 0x93, 0x1A, 0xC3, 0x62, 0xEE, 0x92, 0xB9,
    0xC9, 0xAE, 0x0E, 0x73, 0x49, 0x73, 0x91, 0x8D, 0x8B, 0xFD, 0x0B, 0x86, 0xF9, 0xC9, 0x73, 0xE5,
    0x61, 0xAE, 0x76, 0x73, 0x9D, 0xCC, 0xED, 0x66, 0xEE, 0x17, 0x73, 0x98, 0xD4, 0x35, 0xFD, 0xE9,
    0xF9, 0x4A, 0x36, 0x95, 0x3A, 0xBF, 0x87, 0xCD, 0x92, 0xFA, 0xB8, 0x33, 0x93, 0xC9, 0x78, 0xA3,
    0xD4, 0x0A, 0x8F, 0xF9, 0x27, 0xE5, 0x6F, 0x95, 0xBF, 0x50, 0xE2, 0x65, 0x92, 0x8C, 0x8F, 0x38,
    0x7E, 0xBC, 0xBD, 0xF2, 0x27, 0xCA, 0x5E, 0xE9, 0x94, 0x83, 0x92, 0xBA, 0x45, 0x1E, 0x4E, 0xB8,
    0x2B, 0x93, 0x72, 0x31, 0x7E, 0xA7, 0x94, 0x96, 0x8D, 0xB2, 0x56, 0x56, 0xC6, 0x59, 0x58, 0xF8,
    0x4F, 0x18, 0xED, 0x23, 0xE6, 0xAF, 0xFB, 0x23, 0x79, 0x4D, 0xDE, 0x69, 0x99, 0x25, 0x53, 0xAE,
    0x6F, 0x6F, 0x85, 0x37, 0xBA, 0x96, 0x0A, 0x6A, 0x47, 0xAD, 0xFC, 0xF5, 0xDA, 0x5E, 0x15, 0x6C,
    0xF5, 0x0E, 0x32, 0xA1, 0x22, 0xDD, 0x66, 0x1C, 0xDA, 0x45, 0xD5, 0x4B, 0xD5, 0x6F, 0x74, 0xFB,
    0x90, 0xBB, 0xA6, 0x30, 0xAA, 0xE8, 0xFF, 0xBF, 0x8A, 0xFB, 0xFB, 0x3F, 0x9C, 0xAA, 0xC8, 0xC4,
    0x51, 0xB4, 0x9D, 0xC2, 0xB9, 0xA3, 0x86, 0xA8, 0x35, 0x86, 0x49, 0xE5, 0x66, 0x55, 0xBF, 0xAA,
    0xDA, 0xA4, 0x6A, 0xE8, 0x45, 0x25, 0x57, 0x11, 0x82, 0x8C, 0x33, 0xA2, 0xB3, 0xDD, 0xAC, 0x08,
    0xFA, 0x0E, 0x28, 0x64, 0x33, 0x72, 0xA4, 0xDC, 0xA7, 0xD7, 0xC0, 0x33, 0x74, 0x72, 0x73, 0xE0,
    0x7A, 0x59, 0xD7, 0x5F, 0x22, 0x90, 0xE4, 0x0B, 0xE1, 0x4B, 0x75, 0x5A, 0xCA, 0xC6, 0xD0, 0xF0,
    0xC1, 0x5E, 0x79, 0x20, 0xFD, 0xE5, 0xDD, 0x69, 0x3F, 0x0C, 0x7C, 0xA7, 0x4D, 0xBF, 0xD4, 0xEF,
    0x86, 0xC7, 0xA5, 0x3F, 0x5C, 0xA0, 0xDD, 0xEA, 0xFD, 0xAF, 0x0E, 0x64, 0x14, 0x8A, 0x03, 0xBA,
    0x1F, 0xE9, 0x66, 0xA4, 0x3B, 0x91, 0xED, 0xBC, 0x25, 0xE3, 0x19, 0xE8, 0xF3, 0x0E, 0x7C, 0xE5,
    0x61, 0xCB, 0xA6, 0x27, 0x7D, 0x36, 0x64, 0xD1, 0x5C, 0x33, 0xEF, 0x5D, 0x1C, 0xD5, 0xF5, 0x01,
    0x75, 0xB7, 0x9A, 0x87, 0x49, 0x5D, 0xD0, 0xAB, 0x9B, 0x04, 0x75, 0xBF, 0x98, 0xC3, 0xA8, 0xFE,
    0xE7, 0x01, 0xF5, 0xDB, 0xCD, 0xCC, 0x29, 0x7B, 0x31, 0xFF, 0x27, 0x99, 0xDF, 0x10, 0xD6, 0x9E,
    0x31, 0x3F, 0x3F, 0x9B, 0xFB, 0xCD, 0xDC, 0x1C, 0xE6, 0x8A, 0x51, 0x0D, 0x2E, 0x66, 0x97, 0xCC,
    0x2D, 0xBD, 0xBA, 0xE2, 0x8C, 0x6B, 0xD2, 0x23, 0xEC, 0xB6, 0x36, 0x7A, 0x46, 0x75, 0xCD, 0x11,
    0x7A, 0xBD, 0x82, 0xCB, 0x3B, 0x2E, 0x27, 0xE8, 0xBB, 0x6A, 0x85, 0xAF, 0xC5, 0x9F, 0x2B, 0xDD,
    0xF3, 0x5D, 0x55, 0x58, 0x1C, 0xE5, 0xD3, 0x5D, 0x35, 0x55, 0xF9, 0xF0, 0x92, 0x70, 0xA6, 0x08,
    0xF4, 0x67, 0x42, 0x90, 0xA4, 0x9F, 0xB3, 0x16, 0x38, 0x3D, 0xAB, 0x70, 0x01, 0xC2, 0x21, 0xE9,
    0xED, 0x99, 0x76, 0x4D, 0xFF, 0x5A, 0x81, 0x24, 0xA9, 0x7D, 0xB3, 0xA1, 0xDC, 0x28, 0xE9, 0xAF,
    0x09, 0xD5, 0xA2, 0xE9, 0x87, 0x1D, 0x39, 0xFD, 0xE5, 0x40, 0x33, 0x69, 0x8A, 0x3C, 0x7F, 0x7A,
    0x16, 0x3A, 0xD9, 0xE5, 0x34, 0x8C, 0xBD, 0x0F, 0xB2, 0x68, 0x46, 0x17, 0x1D, 0x06, 0x4D, 0x7D,
    0xFC, 0x1D, 0x86, 0x51, 0x52, 0x37, 0xFF, 0x59, 0x93, 0xF3, 0xED, 0x92, 0xE0, 0x34, 0x35, 0xFF,
    0xDD, 0xE0, 0xA2, 0xA4, 0xFA, 0x61, 0xB5, 0x84, 0x8A, 0x4B, 0x4E, 0x25, 0x67, 0x4D, 0x03, 0xC0,
    0xE9, 0x92, 0x22, 0xFA, 0x33, 0x05, 0x48, 0xB1, 0x7E, 0xD2, 0xE4, 0x20, 0xA9, 0xE6, 0xBF, 0xF1,
    0xAD, 0x9E, 0xC4, 0x07, 0xEA, 0x20, 0xC9, 0x38, 0xF0, 0xB0, 0x53, 0x68, 0xD4, 0xE5, 0xE4, 0x34,
    0x6C, 0x1A, 0xC6, 0x9A, 0x09, 0xB8, 0x91, 0xA9, 0x75, 0x04, 0xAC, 0x4F, 0x8E, 0x39, 0x50, 0xA0,
    0x61, 0xC9, 0xE1, 0xEF, 0x5B, 0x0E, 0x7F, 0xDB, 0x73, 0xF8, 0x81, 0x39, 0x44, 0x8E, 0x39, 0x0C,
    0x53, 0x0E, 0xFD, 0x92, 0x43, 0xBB, 0xE5, 0x50, 0xED, 0x39, 0x94, 0xCC, 0x01, 0x1C, 0x73, 0x70,
    0x53, 0x0E, 0xDD, 0x92, 0x43, 0xB3, 0xE5, 0x50, 0xED, 0x39, 0x14, 0xCC, 0x01, 0x21, 0xC4, 0x27,
    0xA3, 0xEC, 0x98, 0x43, 0x73, 0x86, 0x6B, 0xD9, 0xF6, 0x2A, 0x46, 0x5B, 0xDA, 0xB8, 0x84, 0x21,
    0xC2, 0xAE, 0x6F, 0x70, 0x39, 0xE3, 0xE9, 0x29, 0xCF, 0xE7, 0x73, 0xF0, 0x7A, 0xBA, 0xE7, 0x7B,
    0xFD, 0x64, 0x61, 0xC5, 0x0D, 0x23, 0x4A, 0x7A, 0x14, 0x9C, 0x51, 0xEB, 0xE9, 0x69, 0xB5, 0x2D,
    0xA2, 0x4B, 0xD0, 0x33, 0x76, 0x63, 0x47, 0x0C, 0x3D, 0x56, 0x4A, 0xED, 0x92, 0xD6, 0x47, 0x41,
    0x84, 0xD1, 0xAC, 0xB5, 0x71, 0xB1, 0x7F, 0xC1, 0x60, 0x6E, 0x1F, 0xA2, 0x79, 0xD0, 0x7A, 0x07,
    0x06, 0xAD, 0x9F, 0xE0, 0xB4, 0xBF, 0x0D, 0x9D, 0xF6, 0xBF, 0xA2, 0xD5, 0xF1, 0xCC, 0xA8, 0x65,
    0x7C, 0x3A, 0x4E, 0x19, 0x2F, 0x80, 0x81, 0xEF, 0x99, 0x6C, 0xCA, 0x39, 0x49, 0xAD, 0x40, 0x69,
    0x9A, 0xCF, 0x87, 0x72, 0x42, 0x7C, 0x65, 0xE7, 0xC3, 0x0D, 0x8E, 0xF6, 0xCF, 0xEF, 0x21, 0xE8,
    0x49, 0xBC, 0xB0, 0xF3, 0x48, 0xBF, 0x0A, 0xDB, 0x24, 0x6C, 0x94, 0xF5, 0x33, 0x36, 0x9B, 0xB6,
    0xD1, 0x96, 0xFD, 0x22, 0x0C, 0x52, 0xE1, 0x86, 0xA3, 0x9D, 0x44, 0x84, 0xB3, 0xF0, 0xC3, 0xE7,
    0xFF, 0xFD, 0x17, 0x3C, 0x46, 0x1D, 0xE1, 0x62, 0x65, 0x3E, 0x67, 0xAE, 0xC6, 0x4F, 0x9F, 0xAB,
    0x8A, 0xF9, 0x1B, 0x7F, 0xF2, 0x5C, 0xE1, 0xE2, 0x51, 0xFD, 0x6C, 0xAE, 0xDC, 0xD3, 0xB9, 0x92,
    0x31, 0xB6, 0x97, 0xB9, 0x42, 0x25, 0x05, 0x18, 0x75, 0x8C, 0x8D, 0xCD, 0xD5, 0xBD, 0xCE, 0x55,
    0xA3, 0x73, 0xA5, 0xEF, 0xB7, 0x8B, 0x74, 0xD5, 0xE9, 0x35, 0x4C, 0x66, 0x2D, 0xA1, 0x37, 0xE6,
    0x7C, 0x83, 0xBF, 0x57, 0xD7, 0xD4, 0x0A, 0xF9, 0xF8, 0xA2, 0x2D, 0xEE, 0xFE, 0x07, 0xC5, 0x96,
    0x57, 0x92, 0xE5, 0x3C, 0x1D, 0xC5, 0x8F, 0x6D, 0xA6, 0x5D, 0x94, 0x1F, 0x44, 0xCE, 0xE0, 0x1D,
    0xE0, 0x25, 0x48, 0xE4, 0x9C, 0x73, 0xE6, 0x91, 0xDC, 0x2B, 0xA0, 0xEC, 0x2A, 0x36, 0xD0, 0xEC,
    0xE1, 0x7B, 0x1F, 0xDE, 0xC8, 0xC8, 0x03, 0x1B, 0x30, 0xC5, 0x1B, 0xD1, 0xE4, 0x0C, 0xAA, 0x1A,
    0x53, 0xA5, 0x9E, 0xB1, 0x7D, 0xB8, 0x47, 0xBA, 0xB7, 0x13, 0x39, 0x7E, 0xEA, 0x7B, 0xCF, 0x4F,
    0xD7, 0x25, 0x4B, 0xFF, 0x68, 0x37, 0xEE, 0xBD, 0xFF, 0x9D, 0x00, 0xD0, 0x91, 0x5C, 0x00, 0x58,
    0x92, 0x74, 0x40, 0xCB, 0x47, 0x9E, 0x93, 0x2E, 0x4C, 0x05, 0x43, 0x22, 0xBA, 0x25, 0xD3, 0xAC,
    0x99, 0xCD, 0x91, 0xF5, 0x1D, 0x36, 0x31, 0xD3, 0x2C, 0x99, 0x5D, 0x38, 0xEE, 0x33, 0x8A, 0xDF,
    0x3E, 0xA7, 0x13, 0xC9, 0x88, 0xCC, 0xE1, 0x48, 0x97, 0x38, 0xF9, 0x31, 0xD3, 0x86, 0xCC, 0x36,
    0x66, 0x36, 0x5B, 0x66, 0x45, 0x97, 0x08, 0x4E, 0x99, 0xFD, 0xE9, 0x9C, 0x2D, 0xB3, 0xE1, 0x80,
    0x33, 0xEE, 0x43, 0xC9, 0xA0, 0x6D, 0x27, 0xF8, 0x2D, 0xB3, 0x25, 0xD2, 0x28, 0xE4, 0xF2, 0xBB,
    0xDE, 0x2A, 0x2F, 0x39, 0x80, 0x64, 0xA8, 0xF8, 0x1B, 0x2E, 0x66, 0x43, 0xB3, 0xB4, 0x01, 0xF5,
    0xD2, 0xCD, 0xA8, 0x82, 0x9D, 0xAE, 0x24, 0xA0, 0x70, 0x5D, 0x04, 0xF2, 0x0E, 0x0D, 0x67, 0xA0,
    0xE2, 0x0E, 0xC0, 0x6B, 0xDA, 0x72, 0x03, 0x0A, 0x72, 0xD0, 0x74, 0xD6, 0x34, 0x19, 0x14, 0x9F,
    0x07, 0x98, 0xF5, 0x6B, 0x40, 0xBD, 0x6E, 0x92, 0x5D, 0x42, 0xC0, 0x2C, 0x1C, 0xD0, 0x06, 0xCE,
    0xF0, 0x13, 0x79, 0x9F, 0x83, 0x27, 0x37, 0xD4, 0xD4, 0xAD, 0xCF, 0x7E, 0x27, 0xC0, 0x34, 0xC6,
    0xDB, 0xD8, 0x15, 0xCD, 0x6E, 0xDC, 0x32, 0xD6, 0x1B, 0x68, 0x87, 0x2F, 0x25, 0xB8, 0xA7, 0x09,
    0x4F, 0x01, 0x04, 0xFC, 0xFF, 0x51, 0x78, 0x8A, 0x1D, 0xB9, 0x5E, 0x81, 0xA4, 0x02, 0xB3, 0x8A,
    0xE5, 0x81, 0x3D, 0x7F, 0xA6, 0x98, 0x5D, 0x80, 0x0E, 0xA8, 0x36, 0x3C, 0xB9, 0x94, 0x81, 0xC3,
    0x15, 0x53, 0xF9, 0xAA, 0xF6, 0x54, 0xBE, 0xFD, 0x94, 0xDD, 0xB2, 0x21, 0x7F, 0xDB, 0x1D, 0x05,
    0x27, 0xA0, 0x51, 0x5B, 0x38, 0xA5, 0x38, 0xBB, 0x29, 0x3F, 0x27, 0x11, 0xEF, 0x7A, 0x67, 0x2E,
    0xE2, 0xB1, 0x22, 0x97, 0x3E, 0x33, 0xA4, 0xCA, 0x50, 0xBD, 0x73, 0x04, 0xEA, 0xE3, 0xBE, 0x8D,
    0xF6, 0x9D, 0x01, 0x73, 0xDA, 0x5B, 0x25, 0xB4, 0x00, 0xDD, 0x08, 0x98, 0x08, 0x58, 0xD9, 0xB0,
    0x02, 0xFD, 0xC9, 0x26, 0x00, 0xD5, 0x0E, 0x10, 0x40, 0x49, 0x14, 0xA9, 0x0D, 0x28, 0xB3, 0x45,
    0x57, 0x45, 0xB1, 0x1F, 0xEB, 0x45, 0xB4, 0xA3, 0x09, 0x62, 0x37, 0x99, 0x59, 0x6C, 0x43, 0x3B,
    0x8A, 0x26, 0xD8, 0xC4, 0x66, 0xB1, 0x4E, 0xAC, 0x63, 0x2F, 0xA0, 0x5A, 0xF7, 0xC4, 0x72, 0xDB,
    0x12, 0xC1, 0xF5, 0xC8, 0x98, 0xD9, 0x87, 0x4C, 0x7B, 0x64, 0x27, 0x77, 0xE5, 0xDF, 0xA9, 0x79,
    0xBD, 0xE6, 0xD6, 0x69, 0xEE, 0x3A, 0x5E, 0x26, 0xFB, 0xCF, 0x74, 0x37, 0x47, 0x99, 0xA5, 0xDF,
    0x79, 0xEE, 0x27, 0xFD, 0xCE, 0xE4, 0x7C, 0xA0, 0x4B, 0x71, 0x48, 0x8F, 0x17, 0xE6, 0x13, 0x4A,
    0x2E, 0x79, 0xDE, 0x05, 0x54, 0x8C, 0x28, 0xF6, 0x5C, 0x5E, 0xD5, 0xE3, 0x15, 0xE5, 0x8A, 0x14,
    0x9F, 0xE6, 0xE1, 0x9A, 0x7C, 0x57, 0x8C, 0xCC, 0x4F, 0x36, 0xC8, 0x7F, 0xC5, 0xC9, 0x3C, 0x20,
    0x14, 0x03, 0xE5, 0xB7, 0x1D, 0x89, 0x26, 0xC8, 0xAD, 0x1D, 0x76, 0xF0, 0x2E, 0xC5, 0xA2, 0x20,
    0x2C, 0xFA, 0xA1, 0x9D, 0x72, 0xFC, 0x7A, 0xD8, 0x51, 0x21, 0x97, 0x21, 0xDF, 0x40, 0x37, 0xD9,
    0x01, 0x50, 0xD0, 0x37, 0xB4, 0x73, 0x8E, 0x91, 0x7D, 0xB0, 0xC2, 0x84, 0x3E, 0xBB, 0xFD, 0xCD,
    0x08, 0x13, 0x7C, 0x9A, 0xB7, 0xDF, 0x59, 0x50, 0xC7, 0x1C, 0x2F, 0xF3, 0x30, 0xA0, 0x5A, 0xD7,
    0x3C, 0x7F, 0x3C, 0xA3, 0xDA, 0xF3, 0xBC, 0xE6, 0x94, 0x9F, 0x03, 0x32, 0x48, 0xDE, 0x33, 0x1C,
    0xE7, 0xC3, 0xD5, 0xBC, 0xA4, 0x03, 0xFA, 0x19, 0x69, 0x10, 0x39, 0x52, 0x30, 0xE9, 0x71, 0xC4,
    0xF9, 0xC8, 0xA9, 0xE4, 0xEE, 0x70, 0xBE, 0x03, 0xED, 0x0A, 0x74, 0x33, 0xD0, 0xEC, 0x39, 0x8E,
    0x15, 0x01, 0x26, 0xBF, 0xC6, 0x32, 0x19, 0xE3, 0xE7, 0x3A, 0x8A, 0x76, 0xC9, 0x35, 0x60, 0xD6,
    0x63, 0xCE, 0x77, 0xEF, 0xF2, 0xD9, 0xFB, 0x5F, 0xCF, 0x6D, 0x1F, 0x33, 0xB9, 0x1D, 0xED, 0x62,
    0x62, 0xFD, 0x27, 0x0E, 0xA2, 0x99, 0x95, 0x32, 0x99, 0x97, 0x8B, 0xC0, 0x27, 0x53, 0x94, 0x1C,
    0x99, 0xA2, 0x64, 0x54, 0xF2, 0xC4, 0x04, 0x99, 0x92, 0x2B, 0xC4, 0x87, 0x63, 0xEE, 0x23, 0x6A,
    0x5E, 0xA2, 0xF0, 0x9C, 0x2D, 0x29, 0xDF, 0x96, 0x13, 0x49, 0x0E, 0x2D, 0x77, 0x92, 0xAE, 0xE5,
    0xD6, 0x31, 0xE2, 0x8C, 0x3F, 0x2B, 0x74, 0xA2, 0xCF, 0xFD, 0xB2, 0xA7, 0xF2, 0x28, 0xD7, 0x5C,
    0x0D, 0x51, 0xFE, 0xA4, 0xA4, 0xD6, 0x1B, 0xCC, 0x94, 0xDC, 0x4F, 0xE9, 0xA3, 0x4B, 0xD9, 0xF2,
    0x23, 0x91, 0x5E, 0x2F, 0xAB, 0xD0, 0x3E, 0x8C, 0x39, 0x23, 0x21, 0x3B, 0x3E, 0x67, 0xBF, 0x46,
    0x01, 0x74, 0xFF, 0x09, 0x5E, 0xA8, 0x7C, 0x28, 0x46, 0x4C, 0x39, 0x10, 0x3A, 0xCA, 0x99, 0xA4,
    0xA3, 0xCD, 0x3A, 0xA2, 0xE0, 0x60, 0x07, 0x59, 0x69, 0x81, 0x66, 0x93, 0x9A, 0x88, 0x97, 0x02,
    0xC7, 0x18, 0xCA, 0x14, 0x79, 0x9B, 0xF3, 0x08, 0x34, 0xD9, 0xEE, 0xDC, 0xC4, 0xB3, 0x94, 0x63,
    0xAE, 0x91, 0x63, 0xFB, 0xCB, 0x7F, 0x69, 0xB7, 0x48, 0xFB, 0xD3, 0x92, 0x62, 0x2A, 0x09, 0x94,
    0xA1, 0xDE, 0x80, 0x2A, 0x68, 0x49, 0x1D, 0x74, 0x84, 0x09, 0x5A, 0xD2, 0xCE, 0xD4, 0x98, 0xBC,
    0x74, 0xEC, 0xA5, 0xC3, 0x29, 0xD7, 0xE9, 0x0F, 0xFF, 0xF1, 0x5F, 0xDA, 0x27, 0xA5, 0x20, 0x75,
    0x50, 0x9B, 0x6A, 0x78, 0x06, 0x72, 0x03, 0x56, 0x0B, 0x90, 0x5B, 0x17, 0x9B, 0x64, 0x97, 0xF4,
    0xB8, 0xBD, 0x7A, 0xBA, 0xB5, 0xBA, 0x4A, 0xC5, 0x25, 0xB9, 0xB9, 0xDA, 0xC9, 0xF5, 0xDB, 0xAB,
    0x6B, 0x49, 0x15, 0x6F, 0xAF, 0xF6, 0xB7, 0x57, 0xA7, 0x6E, 0x37, 0x29, 0x0A, 0xFE, 0xBF, 0xE0,
    0xAC, 0xA7, 0x06, 0xF0, 0x71, 0xE0, 0xF4, 0x40, 0x1E, 0x72, 0x83, 0xA7, 0x8E, 0x87, 0xF9, 0x5E,
    0x00, 0xDA, 0x6F, 0x05, 0xA0, 0xFB, 0x5C, 0x04, 0xEC, 0xCB, 0x56, 0xD9, 0xBF, 0xC9, 0x36, 0x2F,
    0x2B, 0xAD, 0x2B, 0x23, 0xEC, 0x50, 0x2D, 0x68, 0xC7, 0x26, 0xC0, 0xCC, 0x66, 0x46, 0xA3, 0x47,
    0x74, 0xB5, 0xD8, 0x83, 0x44, 0xEB, 0xB4, 0x2A, 0x0D, 0x6A, 0x8C, 0x37, 0x15, 0xC0, 0x8B, 0x52,
    0x38, 0x38, 0x80, 0x13, 0xEC, 0xA2, 0x8A, 0x50, 0xF6, 0x7B, 0x87, 0x06, 0x1A, 0x8D, 0xAC, 0x29,
    0xC8, 0xA8, 0x29, 0x37, 0xA0, 0xDB, 0x1A, 0xAA, 0xE4, 0xD2, 0xAA, 0x09, 0x9A, 0x8F, 0xA0, 0xC3,
    0x3D, 0x27, 0x05, 0x6E, 0xE8, 0x0B, 0x78, 0xD0, 0x92, 0xD2, 0x36, 0xA9, 0xBD, 0x74, 0x07, 0xF5,
    0x5A, 0x7F, 0xFB, 0x33, 0x14, 0xBA, 0x3E, 0xC9, 0xE1, 0x7E, 0x97, 0x61, 0x1D, 0x77, 0xCB, 0xA1,
    0xE1, 0xD2, 0xEE, 0xC0, 0xBB, 0x50, 0x38, 0x9C, 0xF9, 0xD4, 0x93, 0x94, 0x32, 0xE9, 0xBB, 0x93,
    0xE2, 0x9F, 0xD2, 0x97, 0xF9, 0x9F, 0x01, 0x34, 0xDC, 0x91, 0x22, 0x3E, 0x82, 0xFB, 0xCB, 0x38,
    0x83, 0x33, 0x6C, 0x90, 0xF3, 0x26, 0x6A, 0x65, 0xB3, 0x4A, 0xEB, 0xA4, 0x55, 0xD6, 0xED, 0x86,
    0xAE, 0x77, 0xB5, 0x8E, 0x52, 0xB3, 0x24, 0x0D, 0x52, 0x3B, 0xCB, 0x99, 0xB4, 0xFF, 0x7D, 0xA2,
    0x60, 0x0A, 0xDC, 0x39, 0x79, 0x71, 0x7A, 0x9F, 0x17, 0x7E, 0x01, 0x5A, 0xCA, 0x69, 0x72, 0xAA,
    0xF8, 0x32, 0x06, 0x13, 0x61, 0x43, 0x3B, 0xA3, 0xD5, 0x0B, 0xD5, 0x4C, 0xFD, 0x88, 0xA7, 0xC2,
    0x0F, 0xC9, 0xF6, 0xBF, 0x22, 0xC3, 0xA9, 0x8F, 0xBD, 0x24, 0x35, 0xAD, 0x8D, 0xD0, 0x9E, 0x0E,
    0x1F, 0x6D, 0x0E, 0xC7, 0x06, 0x45, 0x7C, 0x46, 0x47, 0xBA, 0xFC, 0x2F, 0x29, 0x70, 0xB6, 0xE9,
    0x64, 0x4A, 0xCB, 0xA4, 0xF8, 0x40, 0xD2, 0xEA, 0x1F, 0x6A, 0xC9, 0xDF, 0x2A, 0xE7, 0xCA, 0x7C,
    0x41, 0x69, 0xC5, 0xCF, 0x9F, 0x6F, 0x0A, 0x57, 0xB5, 0xA1, 0x0B, 0x52, 0x3B, 0x4A, 0xFB, 0xA4,
    0x7E, 0xC8, 0xB1, 0xFA, 0xBB, 0x3A, 0x48, 0x7D, 0xBE, 0x6B, 0x92, 0xDA, 0x80, 0x66, 0x43, 0xB7,
    0xC2, 0x6E, 0x30, 0xFC, 0x2D, 0xF9, 0x44, 0x45, 0x5E, 0x92, 0xF0, 0x1C, 0xB8, 0xE3, 0xDE, 0x3B,
    0xF1, 0x2E, 0x87, 0x33, 0x4E, 0x40, 0x7F, 0xB4, 0xC3, 0xD5, 0xFB, 0xCB, 0x39, 0x9A, 0x00, 0x3B,
    0x77, 0x13, 0xBA, 0x14, 0xB8, 0xD0, 0x1F, 0x64, 0xF1, 0xC3, 0x41, 0x48, 0x32, 0xDC, 0x90, 0xDB,
    0xD1, 0xCB, 0x81, 0x9B, 0x00, 0xD5, 0x3B, 0xD0, 0xED, 0xC0, 0x5B, 0x0D, 0x1F, 0xF9, 0x14, 0xB8,
    0x09, 0xE7, 0xDC, 0x01, 0x9D, 0x28, 0xEF, 0x27, 0x39, 0xBF, 0x01, 0x24, 0x51, 0xF1, 0xD5, 0x54,
    0x89, 0x7C, 0x56, 0xB9, 0x7E, 0x16, 0xDA, 0xA0, 0x9B, 0x53, 0xFC, 0xA7, 0x9B, 0x72, 0x26, 0xFB,
    0xAC, 0xA4, 0x27, 0x99, 0xAE, 0xFD, 0x97, 0xA4, 0xF0, 0xFB, 0x05, 0x5A, 0x32, 0xC0, 0x4A, 0x70,
    0xC6, 0xF9, 0x3C, 0x40, 0xA7, 0x2C, 0x25, 0xA5, 0x35, 0x5D, 0xFF, 0xF3, 0x2F, 0x98, 0x08, 0xB3,
    0xC8, 0xC6, 0x7A, 0x95, 0x91, 0x55, 0xD6, 0x0D, 0x26, 0xCD, 0x4D, 0x94, 0x0F, 0xD5, 0xEE, 0xBA,
    0x98, 0x42, 0x19, 0x00, 0x4F, 0x0E, 0x28, 0x77, 0x46, 0xA0, 0x56, 0x44, 0xB4, 0xF2, 0x4A, 0xDB,
    0x7C, 0x65, 0x4B, 0x7A, 0x2C, 0x01, 0x92, 0x63, 0xD2, 0xB9, 0x9D, 0x81, 0x5E, 0xE1, 0x47, 0x1B,
    0xBC, 0x93, 0xD2, 0xC9, 0x58, 0x8E, 0x28, 0x38, 0xFA, 0xCB, 0xE2, 0x9C, 0x32, 0x96, 0x11, 0x0D,
    0xC9, 0x41, 0xBD, 0xF0, 0x04, 0x8E, 0xBD, 0x8C, 0x9E, 0x09, 0xCC, 0x78, 0xCE, 0xBF, 0xF1, 0xF6,
    0xF4, 0x51, 0x78, 0x03, 0x89, 0x53, 0x5F, 0x1F, 0x1B, 0x1B, 0x0A, 0x52, 0x48, 0x9D, 0xD2, 0x0A,
    0xEA, 0xD2, 0xFF, 0x09, 0x6A, 0x46, 0x58, 0x5E, 0xF4, 0x5C, 0x0B, 0x32, 0x78, 0xAE, 0xE5, 0x01,
    0xE8, 0x06, 0xC0, 0x67, 0x2B, 0xF4, 0xD5, 0x5C, 0xD7, 0xEE, 0x8E, 0xE2, 0xFE, 0x84, 0x8E, 0x13,
    0x2C, 0xA7, 0x5C, 0xDF, 0xF6, 0xDF, 0xFF, 0x16, 0xDC, 0x5D, 0x9B, 0x9E, 0x9C, 0x1C, 0x51, 0x46,
    0x34, 0x3B, 0x0C, 0xF5, 0x69, 0x76, 0xFD, 0xBC, 0x39, 0x5E, 0xB0, 0x95, 0xDC, 0x2A, 0x6E, 0xF8,
    0xE4, 0x86, 0xEA, 0xDF, 0xFB, 0xAC, 0x2A, 0xAE, 0x26, 0x15, 0x9A, 0x5E, 0x05, 0x63, 0x4B, 0xD7,
    0xAF, 0xE8, 0x2E, 0xF0, 0x67, 0xC5, 0x93, 0x01, 0x84, 0x1E, 0x57, 0x17, 0x86, 0x9F, 0xF9, 0xC6,
    0x9F, 0xC1, 0x60, 0xE0, 0x6F, 0x61, 0x31, 0x50, 0xA0, 0x18, 0x00, 0xA8, 0xDE, 0x59, 0x55, 0x05,
    0x24, 0x48, 0xA0, 0x45, 0x01, 0x50, 0x2C, 0x00, 0x60, 0xA6, 0x0D, 0x00, 0x2C, 0x0A, 0x40, 0x0B,
    0xA5, 0xC0, 0x42, 0x01, 0x6D, 0xEE, 0x05, 0x02, 0xE8, 0x57, 0x50, 0x14, 0x46, 0x2D, 0x14, 0xE4,
    0x56, 0x06, 0x93, 0xB8, 0x33, 0x6F, 0x9D, 0x3B, 0xFD, 0x24, 0x49, 0x65, 0x55, 0x24, 0xBA, 0x66,
    0xDF, 0xE7, 0xB8, 0x73, 0xE6, 0x9C, 0x73, 0xEE, 0xBB, 0x7B, 0xCB, 0xF7, 0x00, 0x5E, 0x19, 0xDA,
    0xF1, 0xE9, 0x0E, 0x5E, 0x03, 0x83, 0xD6, 0xE7, 0x50, 0x69, 0x32, 0xD4, 0x2B, 0x86, 0x2E, 0x66,
    0xF8, 0xD1, 0xF0, 0xD1, 0x8A, 0xE1, 0x76, 0xCC, 0xF0, 0x21, 0x43, 0x3B, 0x2E, 0xE2, 0xFE, 0x6E,
    0x21, 0x67, 0x6E, 0x19, 0xE7, 0x1A, 0xF7, 0xCF, 0xA7, 0x0C, 0xB7, 0x64, 0x34, 0x5B, 0x46, 0xA9,
    0x80, 0x35, 0xD3, 0xCC, 0xA0, 0x84, 0xDB, 0xF0, 0x4A, 0x34, 0x02, 0xA0, 0xB8, 0x4B, 0x71, 0x75,
    0xA4, 0xD5, 0x11, 0xA7, 0x23, 0xEF, 0xFA, 0x23, 0xB8, 0xB7, 0xFF, 0x5B, 0xE8, 0x69, 0xDF, 0x49,
    0xC1, 0x49, 0x81, 0x8B, 0xB1, 0x5D, 0x39, 0xE8, 0x12, 0x5A, 0x7D, 0x25, 0x85, 0x4E, 0x0B, 0x38,
    0x7D, 0x23, 0xFD, 0x29, 0x6D, 0x70, 0x26, 0x5D, 0x7A, 0x3D, 0x39, 0x13, 0xE0, 0x6C, 0xF2, 0x50,
    0x68, 0x04, 0x17, 0xA9, 0x05, 0x0A, 0xB9, 0x62, 0xB9, 0x82, 0x7F, 0x16, 0x0E, 0xFF, 0x61, 0x58,
    0x68, 0xA3, 0xD5, 0xB4, 0x43, 0xBD, 0x57, 0x6C, 0x24, 0x5B, 0x97, 0xBF, 0x43, 0x2E, 0xC6, 0x6E,
    0x3B, 0x6D, 0xBB, 0x6F, 0x1A, 0xF3, 0x96, 0xC3, 0xB2, 0x6F, 0x98, 0xF2, 0x76, 0x95, 0xC1, 0xAA,
    0xBE, 0x15, 0xD8, 0x78, 0x8D, 0xAE, 0x5B, 0x89, 0x41, 0x69, 0x9F, 0x2E, 0x51, 0xF8, 0x27, 0x80,
    0x59, 0x03, 0x92, 0x66, 0x4A, 0x9D, 0xFB, 0x44, 0xB3, 0x50, 0x8B, 0x6E, 0xE2, 0xA0, 0xDE, 0xD9,
    0xAB, 0x30, 0x8C, 0xE0, 0x83, 0x1F, 0x6D, 0x63, 0xF5, 0x56, 0xF4, 0x1F, 0x1A, 0x34, 0x66, 0x0D,
    0x96, 0x63, 0xDE, 0xF8, 0x71, 0x98, 0x40, 0xB8, 0x99, 0xC3, 0x46, 0xBB, 0x51, 0x27, 0x6A, 0x3D,
    0x55, 0xA4, 0x90, 0x2C, 0x39, 0x3B, 0x0F, 0xF7, 0x7A, 0x28, 0x1E, 0x14, 0xFE, 0x9A, 0x61, 0x6B,
    0xB5, 0xA1, 0x6D, 0x90, 0xC2, 0x67, 0xDA, 0xCE, 0x35, 0xA1, 0x09, 0x17, 0xD1, 0x68, 0x33, 0xA9,
    0xA7, 0x4E, 0xA6, 0x55, 0xD6, 0x72, 0xD7, 0xF5, 0x39, 0x4D, 0x2F, 0xEB, 0x9E, 0x59, 0x2F, 0xA6,
    0x4D, 0x34, 0x75, 0x13, 0x1A, 0x0B, 0x05, 0xA4, 0x2B, 0x81, 0xA4, 0x94, 0xF5, 0x08, 0xFA, 0xF8,
    0x2E, 0x58, 0xCE, 0xAB, 0xF5, 0x96, 0xFE, 0x00, 0x06, 0xA9, 0x07, 0x2F, 0x01, 0x14, 0xFE, 0x69,
    0x0F, 0xDD, 0xA9, 0xCE, 0x4A, 0xA9, 0xCB, 0x8B, 0x95, 0x66, 0xB1, 0xA1, 0xDA, 0x68, 0xEA, 0x82,
    0xE9, 0x90, 0xD5, 0x8F, 0xFB, 0xB0, 0x37, 0xEA, 0x68, 0xEA, 0x4F, 0x5F, 0x55, 0x2B, 0x2E, 0xD2,
    0xAC, 0x74, 0x89, 0x61, 0xA5, 0xD1, 0xA3, 0xDC, 0x45, 0x8F, 0x57, 0xF0, 0xBA, 0xBF, 0xC2, 0xFF,
    0xEE, 0x9A, 0xD3, 0x70, 0xB3, 0x9E, 0xE9, 0x12, 0xCA, 0x3C, 0x68, 0x65, 0x7A, 0x31, 0xB6, 0x53,
    0xAB, 0x2F, 0x35, 0x3B, 0x3D, 0xD4, 0xFC, 0xBE, 0x7E, 0x56, 0xC4, 0xE9, 0x7C, 0xC2, 0x25, 0xC0,
    0x45, 0x93, 0xE3, 0x6B, 0xCB, 0x41, 0xFA, 0x16, 0x27, 0xCD, 0xBB, 0x70, 0xB1, 0xF5, 0xD6, 0x76,
    0xD9, 0xAF, 0x6A, 0xB8, 0xFE, 0x3C, 0xE1, 0x7B, 0x73, 0x09, 0x16, 0x93, 0x88, 0x02, 0xE0, 0x17,
    0xC0, 0xE9, 0x08, 0x8D, 0x36, 0x28, 0xA4, 0xC9, 0x26, 0x4F, 0xC0, 0xB0, 0xF1, 0x7F, 0x2A, 0xF1,
    0x23, 0xA8, 0x4F, 0x20, 0x36, 0x0A, 0xA1, 0xB1, 0xDA, 0xD0, 0xE6, 0x13, 0x5E, 0x8A, 0x56, 0xBE,
    0x87, 0x7B, 0x77, 0x80, 0xEA, 0x08, 0xB4, 0xAF, 0x98, 0xEF, 0x96, 0xA4, 0xDE, 0x9D, 0x24, 0x9F,
    0xBD, 0x09, 0x89, 0x40, 0xB7, 0x5D, 0x05, 0x1A, 0x29, 0x50, 0x69, 0xDB, 0xFF, 0xC2, 0x0B, 0x3F,
    0xF2, 0x85, 0x5D, 0xC5, 0x58, 0x69, 0x66, 0x50, 0x6F, 0x38, 0x53, 0x5F, 0x5C, 0xCD, 0xA0, 0x9E,
    0xE6, 0x8D, 0x63, 0xCC, 0xF0, 0x01, 0x37, 0xC3, 0x30, 0x15, 0x9A, 0xC1, 0x6D, 0x5E, 0xDB, 0xD7,
    0xB4, 0xD2, 0xAF, 0x4A, 0x36, 0x5C, 0xA9, 0x04, 0xEF, 0xF4, 0xC5, 0x77, 0xBD, 0xD7, 0x52, 0x4A,
    0xC1, 0x6B, 0x2E, 0xA5, 0xB1, 0xDD, 0x7A, 0xDA, 0x95, 0x72, 0x85, 0x26, 0x72, 0x10, 0xB4, 0x13,
    0x08, 0xBA, 0x63, 0x2E, 0xED, 0xF2, 0x7F, 0x39, 0xBE, 0xCF, 0x6B, 0x0B, 0xE8, 0xA6, 0x62, 0xC5,
    0xB2, 0xCB, 0x04, 0xD4, 0x73, 0x35, 0x03, 0xE5, 0x52, 0x47, 0x43, 0x6A, 0x8E, 0x40, 0xB1, 0x76,
    0x01, 0x40, 0x6E, 0x34, 0x78, 0x0F, 0xD8, 0x4C, 0x19, 0x5D, 0xCA, 0x68, 0x96, 0x1D, 0x11, 0x70,
    0x4A, 0xB4, 0x94, 0x92, 0x05, 0xDD, 0x58, 0x4A, 0xB5, 0x2E, 0xAD, 0xF5, 0xC5, 0x7C, 0xD8, 0x72,
    0xFF, 0x66, 0x2A, 0x04, 0x7E, 0xA2, 0x0D, 0xA8, 0xC7, 0xDC, 0x0F, 0xF8, 0xB1, 0x50, 0xC4, 0xF5,
    0x0C, 0xA1, 0xD4, 0xC2, 0x60, 0x23, 0x96, 0x8F, 0x13, 0x0F, 0x6C, 0xC8, 0xEA, 0xF7, 0x44, 0x5E,
    0xAA, 0xF9, 0x65, 0x23, 0xE5, 0x20, 0xA8, 0x58, 0xA0, 0x5A, 0xDA, 0xD1, 0x97, 0xB3, 0x0D, 0xEB,
    0x70, 0xF7, 0x23, 0x1C, 0x2C, 0x78, 0x38, 0xD9, 0xDC, 0x3F, 0xD1, 0xFE, 0x16, 0x00, 0x25, 0x9A,
    0x47, 0x16, 0xF8, 0x44, 0xA3, 0x11, 0x70, 0x33, 0x95, 0xD8, 0x8D, 0x2F, 0x05, 0xF9, 0xA2, 0x0E,
    0xD6, 0xC1, 0x2E, 0x57, 0xAD, 0xD6, 0x3C, 0xF6, 0xC4, 0x70, 0xCD, 0x70, 0xC4, 0x8D, 0xB4, 0x11,
    0x41, 0x9D, 0x0E, 0x09, 0x0E, 0x5B, 0x15, 0x01, 0xDD, 0x0E, 0x80, 0x53, 0x0F, 0x34, 0x2B, 0x40,
    0x95, 0x4C, 0x6B, 0x99, 0x76, 0x7E, 0x04, 0x7C, 0x67, 0x93, 0x24, 0xF3, 0xB4, 0x9A, 0xCB, 0x04,
    0xFB, 0xEE, 0x6E, 0xDF, 0xF7, 0x12, 0x3F, 0x77, 0x4A, 0x75, 0xBE, 0xAB, 0x46, 0x3A, 0xB9, 0x99,
    0x31, 0xB6, 0x1A, 0x39, 0xB9, 0x39, 0xEF, 0x6E, 0xC6, 0x9B, 0xDD, 0x6C, 0x5F, 0x72, 0xB3, 0x5C,
    0x5E, 0x70, 0x73, 0xCA, 0x6E, 0xB6, 0xCF, 0xBB, 0x39, 0x0C, 0x37, 0xB8, 0x39, 0x3F, 0x33, 0x75,
    0x6F, 0x8A, 0x35, 0x34, 0x2D, 0x64, 0x4A, 0xBD, 0x99, 0x16, 0x3E, 0x19, 0xA4, 0xB8, 0x63, 0x34,
    0x74, 0x0B, 0x19, 0x92, 0x8E, 0x26, 0xD1, 0x49, 0x9A, 0x5C, 0x8F, 0x0F, 0x8E, 0x42, 0x7C, 0x48,
    0x99, 0xF8, 0x60, 0xEF, 0x61, 0x77, 0x84, 0x0F, 0x7B, 0x59, 0x3B, 0x67, 0x3F, 0x77, 0xFB, 0x39,
    0x77, 0xEC, 0x7C, 0xAE, 0x12, 0xC5, 0xDC, 0xCC, 0x94, 0xB3, 0x9B, 0xA8, 0xA2, 0x97, 0x94, 0x65,
    0x1A, 0xAC, 0x07, 0xC0, 0x59, 0xC2, 0xA7, 0x83, 0x96, 0x6A, 0xA3, 0x4E, 0xB6, 0x45, 0x33, 0x9F,
    0x9E, 0x85, 0x7A, 0xA1, 0x4A, 0xF6, 0x94, 0x89, 0xD2, 0x6E, 0xD5, 0xE2, 0x26, 0x31, 0x44, 0x34,
    0xA2, 0x80, 0x8B, 0x34, 0xA7, 0xB7, 0xA6, 0x96, 0x6C, 0x75, 0x6A, 0xAB, 0xF3, 0x62, 0xA9, 0x44,
    0xA5, 0xFE, 0xA0, 0x0D, 0xBF, 0x52, 0xA7, 0x7F, 0xF3, 0xF3, 0x3D, 0xE0, 0x66, 0x06, 0xE1, 0x15,
    0x18, 0x26, 0xBA, 0x48, 0x13, 0x4F, 0x25, 0x73, 0xDC, 0x46, 0x3B, 0xEC, 0x26, 0xDC, 0xF1, 0xF4,
    0x4C, 0x76, 0x58, 0xAF, 0x1C, 0x64, 0x4F, 0x93, 0x2C, 0xC1, 0x4D, 0xCF, 0xDE, 0x76, 0x56, 0xC7,
    0x72, 0x9A, 0x17, 0xAA, 0xD9, 0xA1, 0x9F, 0x3A, 0x05, 0x27, 0xBA, 0x6B, 0x00, 0x28, 0xD5, 0xF3,
    0x43, 0xA7, 0x99, 0x34, 0x48, 0x9F, 0x24, 0x1D, 0xA4, 0x39, 0xD1, 0xE9, 0xF8, 0x1E, 0x87, 0x8D,
    0xBF, 0x00, 0xED, 0x55, 0xBF, 0x8F, 0xDE, 0xD8, 0x75, 0x7D, 0x24, 0x35, 0x43, 0x7B, 0x09, 0x98,
    0x5B, 0xEC, 0x6E, 0x0C, 0xCB, 0x08, 0x5D, 0xB8, 0x58, 0x38, 0x4E, 0xD8, 0xBA, 0x50, 0xF6, 0x51,
    0x31, 0x82, 0x2D, 0xA3, 0x42, 0x4A, 0x91, 0x14, 0xDE, 0xC2, 0x9D, 0x0B, 0xA5, 0xDC, 0x22, 0x2B,
    0x12, 0xC9, 0x1F, 0x10, 0x05, 0x48, 0x1F, 0x17, 0x0E, 0x90, 0xAC, 0x0B, 0xB9, 0x70, 0xE1, 0x42,
    0x1A, 0x12, 0x76, 0xE1, 0x32, 0x0C, 0x8C, 0x20, 0x85, 0x8B, 0xA5, 0x0D, 0x25, 0x88, 0x77, 0x8B,
    0x10, 0x36, 0x11, 0x7F, 0xB3, 0x4B, 0xF2, 0xE6, 0x9C, 0x7B, 0x1F, 0xBF, 0xF9, 0xA1, 0xD1, 0x48,
    0x76, 0x56, 0xF0, 0x38, 0x59, 0x4A, 0xDF, 0x7D, 0x6F, 0xC8, 0xF7, 0xE3, 0xDE, 0x73, 0xCF, 0x3D,
    0xB7, 0xEC, 0xDB, 0x51, 0x26, 0x19, 0x7D, 0xEF, 0xEC, 0xB9, 0x95, 0x0F, 0xF9, 0xB8, 0xFF, 0x37,
    0x9D, 0xFF, 0x57, 0xE0, 0x5F, 0x39, 0x95, 0xA3, 0x1F, 0xFD, 0x50, 0x37, 0x61, 0x8F, 0x7F, 0xB6,
    0xA9, 0x6F, 0x3B, 0x57, 0x88, 0x34, 0xAE, 0x15, 0x99, 0x62, 0x79, 0xA7, 0x9D, 0xB3, 0xDD, 0x8D,
    0x6C, 0xCE, 0x87, 0x1B, 0xC9, 0xAE, 0xEC, 0x6E, 0xC4, 0xA3, 0xEF, 0x6E, 0x44, 0x55, 0xDD, 0xDC,
    0x70, 0xAE, 0xAD, 0x60, 0xE4, 0x22, 0xC3, 0xAF, 0xD2, 0x71, 0x09, 0x4D, 0x3D, 0xC2, 0xF8, 0xDD,
    0x0D, 0xF7, 0xD9, 0x42, 0x1E, 0x7D, 0x6E, 0x4E, 0x45, 0x64, 0x8E, 0x60, 0x06, 0x77, 0x5D, 0x8E,
    0x71, 0xE5, 0xEC, 0x7E, 0x05, 0x63, 0x4F, 0x3B, 0xC1, 0x64, 0x22, 0x95, 0x73, 0xA5, 0x08, 0x20,
    0x69, 0xFB, 0x7A, 0xC4, 0x9D, 0x2E, 0x1F, 0x5D, 0xBC, 0xB8, 0x74, 0x74, 0xC9, 0xEC, 0x92, 0xC1,
    0xA5, 0x3B, 0x17, 0x57, 0x2E, 0xE3, 0x6A, 0x97, 0x8D, 0xB4, 0xF9, 0x79, 0x8B, 0xFD, 0x32, 0xA9,
    0x1D, 0x9D, 0x57, 0xEB, 0x4A, 0xC5, 0xB8, 0xEC, 0x14, 0x94, 0xD3, 0x56, 0x71, 0xAC, 0x2B, 0xF5,
    0x40, 0xFD, 0x10, 0x9A, 0x68, 0xA1, 0xFD, 0xC6, 0xFA, 0xEE, 0xBB, 0xDF, 0xEE, 0x84, 0x4F, 0xD7,
    0xAA, 0xF5, 0xFF, 0xFA, 0x00, 0x1E, 0x1E, 0x60, 0xC1, 0x6D, 0x77, 0x8D, 0x4B, 0x5E, 0x2E, 0x68,
    0xA7, 0xB2, 0x2B, 0x8F, 0x93, 0x5D, 0xF6, 0x73, 0x91, 0xF7, 0x86, 0x98, 0x2B, 0x1B, 0x57, 0x3F,
    0xBE, 0x8E, 0x43, 0x7C, 0xC5, 0xA3, 0x8E, 0xF4, 0xFF, 0xAC, 0xF9, 0x78, 0xD2, 0xE2, 0xD3, 0x3D,
    0xF8, 0xA0, 0x7F, 0xD6, 0x43, 0xBA, 0x38, 0x22, 0x29, 0x55, 0xFA, 0x4B, 0x91, 0xFF, 0xEA, 0xCB,
    0xAE, 0x3D, 0x4E, 0x77, 0x25, 0x7D, 0xDA, 0x7D, 0x8A, 0x77, 0xBD, 0xF5, 0xA5, 0x77, 0xFF, 0xD1,
    0x1D, 0xBE, 0xFB, 0xAD, 0x5A, 0x66, 0x97, 0xCB, 0xEC, 0x11, 0x69, 0x26, 0x53, 0x4A, 0xB7, 0xEB,
    0x26, 0x22, 0x7C, 0x2D, 0x93, 0xE4, 0x1C, 0x6F, 0x1F, 0x5C, 0x8C, 0x43, 0x4B, 0x60, 0x07, 0x0C,
    0xF2, 0x9D, 0xCB, 0x06, 0xE7, 0x52, 0xEC, 0xC3, 0xE7, 0x78, 0x75, 0x25, 0xC3, 0x96, 0x8A, 0x24,
    0x79, 0x55, 0xBA, 0x23, 0xD0, 0xC4, 0x4B, 0x2F, 0x74, 0x4A, 0x7E, 0xCE, 0xC1, 0xE5, 0x1F, 0x0D,
    0xBC, 0x32, 0x15, 0xC5, 0x2A, 0xD1, 0x01, 0x4C, 0x92, 0x1D, 0x3E, 0x19, 0xAE, 0xDC, 0xEF, 0x9E,
    0x6F, 0xB8, 0x2E, 0x2B, 0xA3, 0x10, 0x4D, 0x71, 0xAC, 0xC3, 0x7C, 0xF6, 0x09, 0x4C, 0x38, 0xFF,
    0x36, 0x22, 0x1B, 0x4A, 0x3A, 0x24, 0x38, 0x22, 0x59, 0xDE, 0x14, 0x26, 0xBE, 0x75, 0x45, 0xEF,
    0xDE, 0x70, 0x28, 0x9E, 0xAF, 0xB8, 0x9A, 0xD9, 0x6D, 0xE9, 0x8E, 0x30, 0x71, 0x33, 0xE0, 0x77,
    0x73, 0x0D, 0x2F, 0xE7, 0x9C, 0xB7, 0xC4, 0xE0, 0xE5, 0x23, 0x57, 0xEE, 0x00, 0x76, 0xBA, 0x92,
    0x0A, 0x6D, 0x05, 0x2C, 0x8A, 0x2E, 0x91, 0x2A, 0xEB, 0x9D, 0x4C, 0x60, 0x55, 0xB1, 0x02, 0xA1,
    0x58, 0x7E, 0x80, 0x33, 0xEA, 0x5F, 0x20, 0xE8, 0x8C, 0x91, 0xE3, 0xE2, 0x4F, 0x93, 0xF5, 0x00,
    0xA8, 0x6D, 0xDA, 0x0A, 0xD4, 0x68, 0xBB, 0x68, 0x75, 0xF5, 0x54, 0xCC, 0xE4, 0xD5, 0x40, 0x10,
    0x2A, 0x17, 0xB5, 0x8F, 0x99, 0xC6, 0xBC, 0xC3, 0xC2, 0x71, 0xFB, 0x79, 0xC5, 0xF8, 0x50, 0x8B,
    0xC1, 0xB1, 0xF0, 0x08, 0x64, 0xB6, 0xDE, 0xFA, 0x73, 0x62, 0xC0, 0x82, 0xAF, 0xF1, 0x79, 0x35,
    0x0A, 0x27, 0x70, 0x94, 0x79, 0xCA, 0x14, 0xEC, 0x23, 0xEC, 0x8C, 0x5A, 0xFA, 0x5A, 0x56, 0x39,
    0xC2, 0x29, 0x1A, 0x0F, 0x96, 0xFE, 0x21, 0xDE, 0xDE, 0x43, 0x10, 0x7F, 0xE8, 0xB2, 0xFE, 0x91,
    0xDB, 0xB9, 0x2F, 0xBB, 0x74, 0x98, 0x63, 0x16, 0x41, 0x32, 0xCE, 0x4C, 0xEE, 0x65, 0x63, 0xBC,
    0xD3, 0xF1, 0x91, 0xB2, 0x3A, 0x1D, 0xEE, 0x39, 0xB9, 0x7F, 0x1D, 0xE7, 0x78, 0x57, 0x0B, 0xCA,
    0xAB, 0x2B, 0xAB, 0x02, 0xB8, 0x16, 0x0D, 0xEF, 0x7D, 0x8C, 0x7B, 0x37, 0x3F, 0x36, 0xBF, 0x36,
    0x3F, 0xF7, 0x7E, 0x6F, 0x71, 0x6C, 0x71, 0x85, 0x38, 0x23, 0xC0, 0x5E, 0x82, 0x14, 0xED, 0x07,
    0x3B, 0x27, 0xD8, 0xF7, 0x28, 0x9A, 0xDD, 0x35, 0xFC, 0xDC, 0x37, 0x66, 0xB0, 0x66, 0x76, 0xF5,
    0xCD, 0xD9, 0xCD, 0x91, 0xFD, 0xE4, 0xDB, 0xD2, 0xD7, 0x6B, 0xDB, 0x67, 0x53, 0x59, 0x6D, 0x0A,
    0xF0, 0x25, 0x2B, 0xB6, 0x8E, 0x59, 0x76, 0x71, 0xEF, 0x7E, 0x17, 0x2C, 0xEB, 0xC9, 0xE6, 0xBA,
    0x41, 0xE9, 0x83, 0xAF, 0x28, 0xEE, 0x6C, 0x66, 0xB2, 0xFD, 0x48, 0xA2, 0x4B, 0x8F, 0x6C, 0x42,
    0x99, 0x32, 0x32, 0xA3, 0x4B, 0xC9, 0x77, 0x7D, 0x9F, 0xED, 0xE8, 0x25, 0x34, 0x83, 0x62, 0x50,
    0x57, 0xD8, 0xCB, 0x73, 0x8E, 0xF4, 0xCC, 0xC2, 0xAE, 0x12, 0xBB, 0x67, 0x33, 0xA4, 0xFA, 0xA5,
    0x86, 0x91, 0x56, 0xA4, 0x2C, 0x46, 0x04, 0xFA, 0xE0, 0x5B, 0x56, 0x08, 0x70, 0x7D, 0xAD, 0xAE,
    0x5B, 0x75, 0xA1, 0xAA, 0xC0, 0xBA, 0xD2, 0x95, 0x87, 0xD2, 0xE7, 0xCD, 0x8D, 0x54, 0x76, 0x69,
    0xF7, 0x97, 0x6E, 0x7C, 0x98, 0xF4, 0xDF, 0x75, 0xE3, 0x8D, 0x78, 0x98, 0xDC, 0xF8, 0xBD, 0x68,
    0x1C, 0xDD, 0x47, 0xA3, 0x83, 0xC5, 0x9D, 0xE3, 0xE4, 0x7E, 0x3E, 0x46, 0x23, 0xBE, 0xEE, 0xA2,
    0xE1, 0x6D, 0x37, 0xDE, 0x4B, 0xFA, 0x1B, 0xE9, 0x52, 0xFC, 0xA0, 0xFB, 0x83, 0x83, 0xDB, 0xF1,
    0x9F, 0x34, 0x76, 0x1A, 0xA8, 0xE9, 0x1E, 0x32, 0x03, 0xC4, 0xBF, 0xA4, 0xAE, 0x18, 0xDF, 0x54,
    0xBB, 0x80, 0x3E, 0xFC, 0xE9, 0xF1, 0x43, 0xE6, 0x7A, 0xC8, 0xC0, 0xCC, 0x25, 0xAE, 0xFE, 0xDB,
    0xB6, 0x3A, 0x82, 0xD6, 0xB1, 0xCE, 0xB7, 0x1F, 0x68, 0xDF, 0xF0, 0xBD, 0x07, 0xB6, 0x39, 0xEA,
    0x37, 0x92, 0xFB, 0xCE, 0x05, 0x7E, 0x5C, 0x62, 0xCE, 0xE3, 0xF4, 0xEC, 0x1D, 0x66, 0xCE, 0x3E,
    0xE7, 0x4F, 0x39, 0xB8, 0x05, 0x40, 0x57, 0xC8, 0x8A, 0x34, 0xC5, 0x71, 0xDB, 0xFB, 0xBE, 0x18,
    0x7C, 0x97, 0x0F, 0x25, 0x7E, 0x07, 0x15, 0xAA, 0x5A, 0xB5, 0x19, 0x79, 0x47, 0x0A, 0x99, 0x4C,
    0x57, 0x0E, 0x4C, 0x33, 0x2A, 0x1F, 0xA0, 0x4F, 0x1A, 0xF7, 0xC4, 0x5F, 0x49, 0x05, 0x7A, 0xB5,
    0xC2, 0x39, 0x3B, 0x8B, 0xFB, 0x3F, 0xA4, 0xBA, 0x87, 0x5A, 0xF9, 0xB2, 0xAA, 0x7A, 0xD8, 0x7F,
    0x17, 0xD9, 0xC1, 0xF7, 0x44, 0x4C, 0x20, 0xED, 0x6C, 0xFD, 0x35, 0x00, 0xA1, 0x7A, 0x0D, 0x7E,
    0xD4, 0x90, 0x50, 0x8F, 0xF3, 0xE9, 0x96, 0xFB, 0xA6, 0x9B, 0x93, 0x25, 0x9B, 0xF3, 0xC9, 0x0F,
    0x6D, 0xB3, 0xB8, 0xEF, 0x92, 0xDD, 0x58, 0xF9, 0x75, 0x66, 0x0C, 0xA2, 0x81, 0x65, 0xF9, 0x74,
    0xD6, 0x56, 0xBF, 0xB2, 0x2D, 0x74, 0x2F, 0x6D, 0x47, 0x55, 0x82, 0xF5, 0xA8, 0x88, 0xC1, 0xB5,
    0xB0, 0xBB, 0x78, 0x5D, 0x01, 0xD8, 0x83, 0x59, 0x3E, 0x58, 0x11, 0x5F, 0x2D, 0x6B, 0x29, 0x8D,
    0xDF, 0xAD, 0x68, 0x38, 0x07, 0x95, 0x9C, 0x74, 0xA8, 0xB3, 0xB6, 0x7A, 0xC2, 0xEA, 0xFB, 0x5B,
    0x86, 0xFF, 0xA1, 0x10, 0x1D, 0x94, 0x15, 0x50, 0x90, 0xC7, 0x10, 0x2D, 0x4F, 0xBC, 0x3C, 0x81,
    0xF4, 0x64, 0xB6, 0x67, 0x86, 0x2E, 0x36, 0xED, 0x7E, 0x9D, 0xEE, 0xD0, 0xBD, 0x09, 0x8D, 0x53,
    0x73, 0xE0, 0xD9, 0x3C, 0x7E, 0x5D, 0xF3, 0x06, 0xCD, 0x2B, 0x34, 0xF4, 0x92, 0x7F, 0xB9, 0xD7,
    0x91, 0xED, 0xA6, 0x1D, 0x64, 0x94, 0xB1, 0x1D, 0xCA, 0x86, 0x65, 0x06, 0x29, 0x5C, 0xE1, 0x82,
    0xD3, 0x92, 0xA7, 0x0C, 0xA4, 0x3B, 0x32, 0xE2, 0x0D, 0xC4, 0x79, 0x58, 0x41, 0x91, 0x4B, 0xE9,
    0x6A, 0x69, 0x5E, 0x6B, 0x1B, 0xA6, 0xF4, 0xD2, 0xFF, 0xA8, 0x1C, 0x46, 0x01, 0x30, 0x50, 0x42,
    0x60, 0x9F, 0x2B, 0xDE, 0x87, 0x56, 0x57, 0x65, 0xDF, 0xBA, 0x7C, 0x60, 0x89, 0x2D, 0x2E, 0xD5,
    0x1F, 0xE7, 0x7C, 0x57, 0x37, 0x45, 0xE7, 0x8F, 0x5B, 0xD5, 0xE1, 0xA8, 0x1D, 0xF6, 0x84, 0x3E,
    0xB8, 0xF3, 0xA7, 0x0D, 0x4E, 0xEA, 0x58, 0x4D, 0x6F, 0xBB, 0x84, 0xB2, 0xE8, 0x28, 0xB2, 0xE0,
    0x2E, 0x80, 0x87, 0x7F, 0x20, 0x18, 0xF5, 0x6A, 0x3A, 0x11, 0xA6, 0x18, 0xDE, 0x97, 0x23, 0xF3,
    0x6E, 0x73, 0xE9, 0xB2, 0xC5, 0x25, 0x2B, 0x59, 0x90, 0xE9, 0x7A, 0xDB, 0x5B, 0xAB, 0xEA, 0xBE,
    0x4D, 0xA9, 0x7A, 0xE2, 0x49, 0x08, 0x47, 0x4C, 0x93, 0xB2, 0xC6, 0xB4, 0xE9, 0x41, 0xD8, 0x90,
    0x19, 0x4A, 0x54, 0x81, 0x0F, 0xB5, 0xCE, 0x88, 0xE6, 0x6B, 0x2D, 0x67, 0xF7, 0x54, 0x26, 0x38,
    0x9B, 0xB7, 0x99, 0xF6, 0x0C, 0x9D, 0x59, 0xA1, 0x72, 0x96, 0xF5, 0xDB, 0xCC, 0xC4, 0x8E, 0xB3,
    0x12, 0xE8, 0xDA, 0xEC, 0x0D, 0xAD, 0x25, 0xCE, 0x1E, 0x22, 0x07, 0x36, 0x63, 0x41, 0xE9, 0x2C,
    0x1E, 0xC1, 0x09, 0x9D, 0x01, 0x85, 0x12, 0x49, 0x6A, 0x7F, 0xC6, 0x43, 0x6A, 0xE5, 0x4B, 0x55,
    0x54, 0x6E, 0x51, 0xFA, 0xC0, 0xA7, 0x64, 0xD2, 0x2C, 0xA3, 0x87, 0x65, 0x83, 0xCD, 0xD0, 0x15,
    0x3A, 0x9D, 0xE1, 0x10, 0x5F, 0xE9, 0x2C, 0x1D, 0x54, 0x2C, 0x4C, 0x76, 0x5B, 0x9B, 0x21, 0x30,
    0x6F, 0x33, 0x5D, 0xE2, 0xAD, 0x39, 0x6D, 0xB3, 0x79, 0x9B, 0x69, 0x93, 0xD3, 0x99, 0xA2, 0xE3,
    0xBE, 0xE4, 0xDC, 0x85, 0x28, 0x9E, 0x7D, 0x32, 0xB7, 0x61, 0xAA, 0xA1, 0x2B, 0xA6, 0xA4, 0x5D,
    0xB9, 0x47, 0xD2, 0x30, 0x7D, 0xB4, 0xC7, 0xF4, 0x22, 0x24, 0x87, 0x3D, 0x92, 0x7B, 0xFC, 0x28,
    0xDF, 0x7B, 0x24, 0xC3, 0xEC, 0x9E, 0xCB, 0xD6, 0x4A, 0x67, 0x33, 0x82, 0x1B, 0x38, 0x8B, 0x26,
    0x54, 0xD3, 0xA4, 0xF8, 0x8D, 0xD9, 0x71, 0x31, 0x73, 0x96, 0xF6, 0xF9, 0x90, 0xEA, 0x2C, 0x6F,
    0xF2, 0x2E, 0x99, 0xA3, 0xF6, 0xDF, 0xD1, 0xB7, 0x52, 0xCC, 0x88, 0x29, 0xCB, 0x24, 0xA5, 0xFE,
    0xB1, 0x2F, 0x68, 0x8B, 0x63, 0x3A, 0x70, 0x4D, 0xB7, 0x89, 0x6F, 0x5B, 0x19, 0x92, 0xAA, 0x7F,
    0x16, 0x58, 0xAE, 0xBE, 0x16, 0x41, 0xFE, 0x34, 0xB0, 0x68, 0x0D, 0xE9, 0x20, 0x5F, 0x03, 0x92,
    0xB9, 0xE2, 0x9C, 0x4C, 0xDB, 0x8C, 0x48, 0x66, 0x02, 0xF2, 0x2B, 0xCF, 0xEC, 0x49, 0xBB, 0x67,
    0x61, 0xEA, 0x62, 0xE2, 0x11, 0x09, 0x2D, 0xCF, 0x72, 0x85, 0x10, 0xB4, 0x6C, 0xD0, 0x9E, 0xB5,
    0xEE, 0xB1, 0x6E, 0xDA, 0x00, 0xB6, 0xBB, 0xA1, 0x48, 0x6B, 0x3E, 0xAF, 0xA9, 0x0E, 0x3C, 0x72,
    0x9B, 0x4B, 0x86, 0xB7, 0xCB, 0xA6, 0x0D, 0xF0, 0x98, 0xE7, 0x1A, 0xE2, 0x09, 0x3D, 0x33, 0xC8,
    0xA3, 0x3B, 0x54, 0xD7, 0xC6, 0xFE, 0x42, 0x8C, 0x3E, 0x44, 0x0A, 0xF3, 0x0E, 0x10, 0xD1, 0xFB,
    0x3A, 0x9C, 0x15, 0x31, 0x9B, 0x91, 0x34, 0xD1, 0x84, 0xDD, 0x80, 0xFF, 0xAE, 0x10, 0xB3, 0xFC,
    0x3D, 0x50, 0x16, 0x4E, 0x62, 0x77, 0xF9, 0x37, 0x9C, 0x0E, 0x3C, 0xAB, 0x86, 0x9B, 0xE5, 0xB1,
    0x26, 0x70, 0xB6, 0xC2, 0x80, 0x6F, 0xF1, 0x14, 0xA6, 0x58, 0x3D, 0xD8, 0x34, 0xDA, 0x81, 0xC8,
    0x36, 0xC5, 0x59, 0x5E, 0x5B, 0x9C, 0x16, 0x55, 0x19, 0xA6, 0xF8, 0x96, 0x87, 0x69, 0x59, 0x6D,
    0xE1, 0xA3, 0xD4, 0xF7, 0xD3, 0x7D, 0x9E, 0x5C, 0x34, 0xEF, 0xA7, 0x0A, 0x9D, 0x7B, 0x89, 0xF8,
    0x44, 0xE3, 0x45, 0x28, 0xCF, 0x4C, 0x8E, 0xD3, 0xFA, 0xCB, 0x81, 0x6A, 0xB2, 0x3B, 0xB7, 0xE0,
    0x1A, 0x7E, 0xEF, 0x04, 0x15, 0xA8, 0x9D, 0xD6, 0x6E, 0x29, 0x55, 0xCC, 0xBA, 0xC4, 0xCF, 0x83,
    0x76, 0xED, 0xB1, 0xF5, 0x8B, 0xF9, 0x14, 0xD6, 0x47, 0x21, 0x13, 0x25, 0x32, 0x9E, 0x1F, 0x47,
    0xDF, 0x81, 0x4E, 0x4E, 0x11, 0x39, 0x5A, 0xCA, 0x08, 0xF0, 0xE1, 0xCE, 0xA7, 0xC2, 0xF9, 0x1A,
    0x0B, 0x57, 0x07, 0x61, 0xF4, 0x8B, 0x8D, 0x85, 0x34, 0xE6, 0xA0, 0x04, 0xB7, 0x8B, 0x29, 0xEC,
    0x78, 0xEB, 0x29, 0x84, 0x09, 0x7D, 0x2A, 0x0B, 0xEB, 0xCB, 0xB0, 0xDE, 0x87, 0x88, 0x6A, 0xE3,
    0x80, 0x93, 0x70, 0xC1, 0x2A, 0x01, 0x00, 0x1B, 0x93, 0xC9, 0x2E, 0x4C, 0xC7, 0x5A, 0xD1, 0xCC,
    0x07, 0xAF, 0x6C, 0x2D, 0x7A, 0xF3, 0xAC, 0xEC, 0x0A, 0x93, 0xBA, 0xCA, 0xCA, 0x00, 0xCA, 0xAE,
    0x07, 0xA2, 0x93, 0x70, 0x8C, 0x54, 0x87, 0x71, 0xCC, 0xAC, 0xA2, 0xC6, 0xF6, 0x26, 0x04, 0x25,
    0x13, 0xCB, 0x59, 0x1E, 0xC6, 0x82, 0x32, 0x3F, 0x18, 0xAF, 0x3C, 0x0E, 0xF4, 0x8D, 0x79, 0xCA,
    0x72, 0x43, 0x93, 0x72, 0xAA, 0x5A, 0x33, 0x8F, 0xC3, 0xDE, 0x05, 0xDB, 0xEF, 0x53, 0x3C, 0x1E,
    0x2B, 0xAF, 0x44, 0xE6, 0x16, 0x23, 0x8E, 0xD2, 0x9B, 0xE3, 0x10, 0x77, 0x61, 0x40, 0x19, 0x3F,
    0x11, 0x80, 0xD8, 0x58, 0x8A, 0x21, 0x2B, 0x16, 0x7F, 0x14, 0xFE, 0x74, 0xF7, 0xDD, 0xE5, 0xF8,
    0xA5, 0xE7, 0xF0, 0xF6, 0xF3, 0x59, 0xFC, 0xDA, 0xF5, 0x3C, 0x7E, 0x95, 0xE1, 0xD7, 0x5E, 0x88,
    0x5F, 0xDE, 0x97, 0x67, 0xF1, 0x6B, 0x0C, 0xBF, 0xDA, 0x65, 0xE7, 0xF1, 0x5B, 0x8C, 0x8F, 0xF1,
    0x1E, 0x3F, 0x17, 0xF0, 0x6B, 0xCE, 0xE1, 0xD7, 0x07, 0xFC, 0x86, 0x80, 0xDF, 0xA8, 0xCD, 0x45,
    0x3D, 0x56, 0xFC, 0x76, 0x01, 0xBF, 0xD9, 0xF0, 0xBB, 0x2B, 0x03, 0x71, 0x23, 0x07, 0xC5, 0x70,
    0x9C, 0x4E, 0x85, 0x5D, 0x06, 0x29, 0xAA, 0xA7, 0x80, 0x93, 0xF1, 0x23, 0x59, 0x2C, 0xAE, 0x3C,
    0xC4, 0xE3, 0x3B, 0x53, 0xC9, 0x36, 0xB4, 0xBC, 0x57, 0x9C, 0xAB, 0x7E, 0xB3, 0xFC, 0xCB, 0x76,
    0x17, 0xE0, 0x97, 0x3C, 0x0F, 0x7E, 0xDD, 0x09, 0x7E, 0xF5, 0x73, 0xE0, 0x57, 0x5F, 0x84, 0x5F,
    0xBA, 0x8B, 0x1A, 0xAB, 0x53, 0xC3, 0xC3, 0xCB, 0x8F, 0x6D, 0xFC, 0x7B, 0x2B, 0x58, 0x9F, 0x88,
    0xFA, 0xFF, 0x69, 0xEB, 0x24, 0x97, 0x3C, 0x2F, 0xDB, 0xB0, 0x29, 0x4F, 0x1E, 0x70, 0x2A, 0x02,
    0x4E, 0x3E, 0xF0, 0xCD, 0x1B, 0x4E, 0xEE, 0x28, 0x10, 0x79, 0x31, 0xBE, 0x47, 0xB3, 0xE1, 0x95,
    0xEC, 0x0C, 0xA7, 0x74, 0x2C, 0x47, 0x4B, 0x83, 0x11, 0x38, 0xEF, 0x73, 0x3D, 0xB8, 0xE8, 0x8C,
    0x6F, 0xBE, 0x49, 0xF5, 0xE0, 0xBA, 0xD2, 0x3A, 0x45, 0xE0, 0x8A, 0x17, 0x70, 0x8C, 0x88, 0x53,
    0x1C, 0x70, 0x52, 0xFC, 0x7A, 0x56, 0x13, 0x9E, 0x81, 0x34, 0xB0, 0x7A, 0xCD, 0x07, 0xCB, 0xAC,
    0x0A, 0xDB, 0x6C, 0x38, 0x72, 0x24, 0x8E, 0xD9, 0x6A, 0xF8, 0xE1, 0xE0, 0x43, 0x79, 0x4C, 0xDE,
    0xFD, 0x27, 0x3B, 0x15, 0x8E, 0x5A, 0x3C, 0xB2, 0xCE, 0x91, 0xAD, 0x4A, 0x5B, 0x98, 0x6B, 0xC7,
    0x52, 0xFD, 0x91, 0xD1, 0x0A, 0x4C, 0x06, 0x23, 0xCA, 0xF6, 0xFD, 0x99, 0x78, 0xA5, 0x81, 0x5F,
    0x79, 0xC0, 0xAD, 0x9C, 0xCF, 0x0A, 0x68, 0x2D, 0x67, 0x78, 0x16, 0x2D, 0x56, 0x9F, 0xF1, 0xEC,
    0x37, 0xBC, 0x7A, 0xC3, 0xC9, 0xEA, 0x33, 0x1F, 0x8D, 0xDF, 0x45, 0x6F, 0xFC, 0xF2, 0x7B, 0xBC,
    0x12, 0x1D, 0xDB, 0x4A, 0xF9, 0x85, 0x00, 0x15, 0xAF, 0x68, 0x1F, 0xAB, 0xF1, 0x2B, 0x0D, 0xB8,
    0x65, 0x01, 0x37, 0x1E, 0xC6, 0x83, 0x89, 0x13, 0x89, 0xAB, 0x38, 0x4D, 0x01, 0xA7, 0x39, 0xEC,
    0xDD, 0xC6, 0x15, 0xDB, 0xBE, 0x45, 0xC5, 0x82, 0xCE, 0x29, 0x5E, 0x73, 0x6D, 0x78, 0xF1, 0xE6,
    0xBB, 0x43, 0xE8, 0x03, 0x73, 0x90, 0x37, 0x8B, 0x2F, 0xEB, 0x5B, 0x0B, 0xBF, 0xF3, 0xE7, 0xC6,
    0x37, 0xEC, 0xFB, 0xF4, 0xC8, 0x68, 0x15, 0xF4, 0xCF, 0xB5, 0xF7, 0x5F, 0x6C, 0xBF, 0x18, 0x9F,
    0x52, 0xAF, 0x9B, 0xDE, 0x55, 0x46, 0x6C, 0x09, 0xF5, 0xBA, 0x5A, 0xBF, 0x88, 0x2F, 0xEA, 0x17,
    0xA7, 0xEB, 0x75, 0x30, 0xBD, 0x2B, 0xB7, 0x7E, 0xD1, 0x85, 0x7A, 0x3D, 0xD7, 0x2F, 0xD6, 0xAD,
    0x5F, 0x7C, 0xF3, 0x69, 0xFD, 0x42, 0x4F, 0xD6, 0xDA, 0x39, 0x99, 0x45, 0xED, 0x36, 0x73, 0xF7,
    0x30, 0x94, 0x3A, 0xA3, 0xA0, 0x17, 0xFA, 0x75, 0x87, 0x59, 0xCE, 0x59, 0x32, 0x6E, 0xB3, 0x6C,
    0xC0, 0xEC, 0xC0, 0x80, 0xDE, 0x3A, 0x8A, 0x6F, 0xB6, 0x59, 0xED, 0xB6, 0xD9, 0xB2, 0xCD, 0xA2,
    0x79, 0x9B, 0x25, 0x93, 0x13, 0x93, 0x5E, 0x40, 0x1E, 0x66, 0x79, 0xCF, 0xD9, 0xA8, 0x7C, 0xDB,
    0xD6, 0xD5, 0x9B, 0x4B, 0x6E, 0xEF, 0x5C, 0xBC, 0x9F, 0x29, 0x67, 0x2A, 0x4B, 0xB0, 0xCE, 0xE2,
    0x41, 0xB9, 0x86, 0x19, 0x74, 0x88, 0xE8, 0x60, 0x86, 0x16, 0x46, 0x9E, 0x61, 0xC6, 0x9B, 0x9C,
    0xCE, 0xF2, 0x21, 0x05, 0xC7, 0x94, 0xA6, 0x3D, 0xAB, 0x51, 0x23, 0xEF, 0xC8, 0x33, 0x09, 0x90,
    0xBB, 0x3B, 0x64, 0xC4, 0x5D, 0xCE, 0x13, 0x2D, 0xFA, 0x42, 0x3E, 0x80, 0x6D, 0x31, 0x19, 0x22,
    0xA1, 0xAF, 0xBC, 0x3C, 0xD7, 0xFA, 0xC8, 0x7A, 0x26, 0x26, 0xED, 0x48, 0xEF, 0xB8, 0xB2, 0x8A,
    0xAA, 0x95, 0x0F, 0x56, 0x65, 0xE6, 0xE2, 0x53, 0xAD, 0xAD, 0xD1, 0x5D, 0xA6, 0x62, 0xB5, 0x72,
    0xC7, 0x2B, 0x63, 0x4A, 0x25, 0x60, 0xAE, 0x34, 0xCB, 0xA8, 0x3D, 0x9F, 0x87, 0x3B, 0xEF, 0x3E,
    0x98, 0xD5, 0xE5, 0x1D, 0xBC, 0xA2, 0x6F, 0xC8, 0xDC, 0x8A, 0xB3, 0xA2, 0x3B, 0x27, 0xE2, 0x9A,
    0x2D, 0xA6, 0xC7, 0x8D, 0xEE, 0x3E, 0x7D, 0xB8, 0x5D, 0x67, 0x5D, 0xCD, 0x05, 0xA1, 0x77, 0xEE,
    0x40, 0x73, 0x6C, 0xA8, 0xEA, 0xC5, 0x26, 0x8C, 0xA9, 0x6E, 0x8D, 0xAD, 0x6C, 0x4C, 0x44, 0x62,
    0x73, 0xFB, 0xF0, 0x22, 0x35, 0xF2, 0x44, 0x6F, 0x36, 0x7B, 0x5D, 0xAD, 0x63, 0x21, 0x9C, 0xB6,
    0x0F, 0xD5, 0xBE, 0xAD, 0xF6, 0x0B, 0xCE, 0xCA, 0xE4, 0xA9, 0x56, 0x69, 0x7F, 0x62, 0x9B, 0x67,
    0xAD, 0x87, 0xFD, 0x8C, 0xDA, 0x52, 0xAD, 0x57, 0x5B, 0xAB, 0x15, 0xA5, 0xCD, 0xAA, 0xBE, 0x2D,
    0xE6, 0xE1, 0xBE, 0xEE, 0xE3, 0xF1, 0x04, 0x88, 0x76, 0xD2, 0xB0, 0x59, 0xB6, 0xA5, 0x46, 0x6A,
    0x15, 0xFC, 0xBA, 0x7B, 0xFE, 0x78, 0xA3, 0x8F, 0x2B, 0xDE, 0xEA, 0xE3, 0x8F, 0xD7, 0xD4, 0x5E,
    0x39, 0xB5, 0x2A, 0xBF, 0x34, 0xC1, 0x6D, 0x0B, 0x04, 0xE2, 0x35, 0xC3, 0x87, 0x74, 0x17, 0x2F,
    0xDA, 0xD9, 0xDE, 0x01, 0x1F, 0xF6, 0xFD, 0xE5, 0xF9, 0xE3, 0x35, 0xFB, 0xBD, 0x2B, 0x11, 0x6F,
    0x36, 0xC4, 0x88, 0xA8, 0x9C, 0x33, 0x10, 0xD7, 0xCF, 0x2C, 0x22, 0xBF, 0x63, 0xD8, 0xF6, 0xFE,
    0x29, 0xCF, 0x0B, 0xE6, 0xF0, 0xC7, 0x1C, 0xE3, 0x17, 0xB0, 0xE5, 0x28, 0xE8, 0x07, 0xAB, 0x94,
    0x35, 0x9A, 0x09, 0xD6, 0xDE, 0x45, 0x46, 0xA3, 0x6F, 0x9E, 0x89, 0x8C, 0xB7, 0xE3, 0xC7, 0x96,
    0x60, 0xE2, 0xF3, 0x82, 0x7E, 0xD7, 0x65, 0xA5, 0x3C, 0x55, 0x26, 0xD3, 0xEC, 0x0F, 0xDE, 0x64,
    0x23, 0xC7, 0xAF, 0x45, 0xAF, 0x83, 0xDA, 0xA7, 0x2B, 0xB5, 0xD2, 0x5D, 0x01, 0xFF, 0x58, 0xF9,
    0x44, 0x18, 0xE0, 0xE1, 0x7D, 0xB2, 0x48, 0x93, 0x8F, 0x7E, 0xF0, 0x7D, 0x36, 0xD5, 0x2E, 0x9E,
    0x5E, 0x71, 0xAE, 0x3A, 0xC5, 0x0C, 0x74, 0x0B, 0xE9, 0x0A, 0x39, 0xB6, 0x3C, 0xBD, 0xA0, 0xDF,
    0x21, 0x94, 0xAE, 0xB4, 0xBB, 0xFA, 0xB2, 0xC9, 0x86, 0x76, 0x2C, 0x67, 0x19, 0xFD, 0x2C, 0x83,
    0xDF, 0xF1, 0xEF, 0xF3, 0x8C, 0xC5, 0xDA, 0x81, 0x6B, 0x0B, 0xF4, 0xAF, 0x17, 0xEC, 0xD7, 0x7D,
    0xDC, 0x35, 0x7A, 0xF6, 0x9C, 0x83, 0x3F, 0xBB, 0x63, 0x57, 0x13, 0x8C, 0x9A, 0x5C, 0xEC, 0xF1,
    0xD7, 0xFB, 0x2A, 0x33, 0x75, 0xA7, 0x3C, 0xC4, 0x90, 0x80, 0x97, 0x18, 0x1C, 0xF4, 0x85, 0x43,
    0x39, 0xE9, 0x90, 0xCF, 0x3A, 0xA4, 0x36, 0x24, 0xEB, 0xE9, 0x21, 0x16, 0x1D, 0x22, 0x9E, 0x28,
    0x4F, 0x0C, 0xE1, 0x9B, 0xAD, 0x0C, 0xFB, 0x16, 0x1B, 0xEC, 0x30, 0x48, 0x98, 0xDE, 0x60, 0xF7,
    0x41, 0xBB, 0x39, 0x98, 0x13, 0xA9, 0xBA, 0x74, 0xD0, 0x42, 0x17, 0xCC, 0x5D, 0x56, 0xD0, 0xA2,
    0xCE, 0xAF, 0x9A, 0xE3, 0x74, 0x17, 0x35, 0xC6, 0x07, 0x49, 0xC6, 0x90, 0xF1, 0x1F, 0x87, 0xC9,
    0xD7, 0x24, 0x4C, 0x12, 0xD1, 0x32, 0x75, 0x9F, 0x76, 0x6D, 0xE5, 0x9E, 0xEF, 0xF1, 0xDC, 0x82,
    0x5B, 0x3A, 0xCF, 0x43, 0xC0, 0xBC, 0x26, 0x65, 0xA9, 0xFE, 0x9E, 0xD2, 0x68, 0xE1, 0x02, 0xBA,
    0x2A, 0xFB, 0x49, 0xB7, 0x4D, 0x86, 0x30, 0xF9, 0xE7, 0x31, 0x4C, 0x7E, 0x38, 0x87, 0xC9, 0xF7,
    0xD7, 0x30, 0xE9, 0x28, 0x28, 0x3A, 0x41, 0x84, 0x36, 0x29, 0x87, 0x30, 0xC9, 0xA7, 0x30, 0x01,
    0x36, 0x36, 0x01, 0xB8, 0x36, 0x41, 0x19, 0x84, 0x89, 0xEF, 0xC2, 0xA4, 0x18, 0xC3, 0x24, 0xDB,
    0x85, 0x49, 0xB2, 0x84, 0x49, 0x24, 0x61, 0x82, 0x46, 0xD1, 0x9D, 0xF3, 0xB2, 0xD8, 0x26, 0x19,
    0x26, 0x87, 0xA8, 0x20, 0xCD, 0xB9, 0xD7, 0xD2, 0xB2, 0x89, 0x53, 0x26, 0xD8, 0xF3, 0x0A, 0xCD,
    0xD6, 0x53, 0x1E, 0x6E, 0x75, 0xDF, 0x84, 0x71, 0xB2, 0xB1, 0x5D, 0x5D, 0x48, 0x43, 0xD8, 0xD6,
    0x1A, 0xF6, 0x2E, 0x1E, 0x2E, 0x06, 0xF8, 0xCE, 0x2D, 0x1D, 0xEE, 0x5A, 0x3D, 0x27, 0x48, 0xEB,
    0xA4, 0xDC, 0xFC, 0x80, 0xEE, 0xB8, 0x76, 0x42, 0xC5, 0x77, 0x2A, 0x40, 0x11, 0x20, 0x4D, 0x15,
    0xF1, 0xC9, 0xE5, 0x6C, 0x01, 0xC5, 0x8C, 0xB8, 0x31, 0x66, 0x26, 0xEC, 0x24, 0x21, 0x63, 0xD9,
    0x58, 0x48, 0xAA, 0xB5, 0x8D, 0x8D, 0xA6, 0x15, 0xFB, 0xB1, 0x7A, 0xCA, 0x68, 0xD1, 0x70, 0x5F,
    0xD8, 0xAF, 0xE7, 0x90, 0xAB, 0x7A, 0x3E, 0xEE, 0xD1, 0xFB, 0x76, 0xAE, 0xD0, 0xFB, 0xE1, 0x87,
    0xFA, 0x03, 0xBF, 0xD4, 0x3F, 0xFA, 0x49, 0x7F, 0x09, 0x1A, 0xFC, 0x9F, 0x15, 0x06, 0x51, 0xCE,
    0x45, 0x2D, 0xD9, 0xCA, 0xC9, 0x9D, 0x8D, 0x79, 0xD7, 0x36, 0x05, 0xB0, 0x21, 0x0A, 0x7A, 0x96,
    0x85, 0x91, 0x45, 0xA8, 0xC1, 0x58, 0xB7, 0xCB, 0x8C, 0xE6, 0x2E, 0xBD, 0xEF, 0x3E, 0xC1, 0xF1,
    0x34, 0x8E, 0x9F, 0xDB, 0x88, 0xD8, 0x05, 0xBC, 0xA6, 0x00, 0xA3, 0xAD, 0x2B, 0x7F, 0x6A, 0x3E,
    0xB5, 0xCD, 0xE6, 0x43, 0x4E, 0x22, 0x46, 0x93, 0x4B, 0x9A, 0x4F, 0x70, 0x3C, 0xCD, 0xC7, 0x50,
    0xB7, 0x43, 0xA6, 0x2F, 0xEA, 0x39, 0x57, 0x40, 0x45, 0xEE, 0xEA, 0xB8, 0x78, 0x03, 0x78, 0xCE,
    0xCD, 0xB7, 0x2F, 0xC6, 0xCB, 0xE5, 0xC2, 0xF9, 0xFF, 0x14, 0xC7, 0x23, 0x57, 0x36, 0xEA, 0x6B,
    0xA7, 0xC2, 0x07, 0x3D, 0x15, 0x1B, 0x1B, 0x19, 0x4E, 0x7D, 0xFF, 0x04, 0xB7, 0x27, 0xF8, 0xF7,
    0x3A, 0xFE, 0x1F, 0x01, 0xA0, 0xBA, 0x89, 0x17, 0xB0, 0x70, 0x4A, 0x77, 0x65, 0x1F, 0xAD, 0x6D,
    0xE5, 0xEA, 0x45, 0xCF, 0x76, 0xE5, 0x4E, 0xDB, 0x4B, 0xBC, 0xD4, 0x4D, 0x36, 0x15, 0x7D, 0xD9,
    0xA7, 0x53, 0x5D, 0xC5, 0xCB, 0x3B, 0xCE, 0x3D, 0xFA, 0x2C, 0x08, 0x89, 0x23, 0x5E, 0xBD, 0x1D,
    0x6A, 0x5F, 0x86, 0x08, 0x68, 0xB7, 0x22, 0x6B, 0x3A, 0xC2, 0x99, 0x0F, 0x45, 0xDE, 0xEB, 0x5C,
    0x79, 0x8C, 0x29, 0x9C, 0xA1, 0xF3, 0xED, 0x6C, 0x82, 0x5B, 0x2E, 0x84, 0x09, 0x3E, 0x8B, 0x4B,
    0x67, 0xA5, 0xBB, 0xCB, 0x71, 0x55, 0xB2, 0x48, 0x93, 0x23, 0xB6, 0x7C, 0x6A, 0x3B, 0x62, 0xEA,
    0xFB, 0xBA, 0x2B, 0x07, 0x22, 0x53, 0x77, 0xC0, 0x36, 0x59, 0x80, 0x2C, 0x46, 0x2C, 0xF5, 0x3D,
    0x46, 0xFD, 0x0F, 0x83, 0x13, 0x39, 0xE2, 0x33, 0xBF, 0x0F, 0x3C, 0x09, 0xFB, 0x46, 0x66, 0x83,
    0x23, 0x2F, 0x6C, 0x9B, 0xE2, 0xA3, 0x45, 0xB1, 0xCD, 0x99, 0x58, 0x60, 0x99, 0x11, 0x10, 0x60,
    0x99, 0xB0, 0xC0, 0x90, 0xC8, 0x84, 0x84, 0x01, 0xB0, 0x39, 0x12, 0x0E, 0x1A, 0xB9, 0xB2, 0x95,
    0x95, 0xB9, 0x3F, 0xCA, 0x8C, 0x0B, 0x5F, 0x01, 0x98, 0x96, 0x9F, 0x0D, 0xBB, 0xC3, 0x80, 0xA0,
    0x55, 0xAC, 0xD3, 0x08, 0x74, 0xB4, 0x16, 0x62, 0x37, 0x68, 0x02, 0x77, 0xE1, 0xC5, 0x1C, 0x76,
    0x7C, 0xF6, 0x12, 0x22, 0xE2, 0x36, 0xEC, 0x90, 0x99, 0x63, 0x8C, 0xB1, 0x96, 0xC7, 0x84, 0xF4,
    0xBE, 0x92, 0x86, 0x21, 0xFE, 0x46, 0x47, 0x44, 0x40, 0x72, 0x6E, 0x23, 0x93, 0x47, 0x92, 0x82,
    0x8B, 0x9A, 0x5F, 0x42, 0xE0, 0x0D, 0x47, 0x57, 0xAC, 0x88, 0xA3, 0x27, 0x0C, 0x1F, 0xB6, 0xDC,
    0x8B, 0xA0, 0x94, 0x8B, 0x28, 0xAA, 0x00, 0xCC, 0x9D, 0xDB, 0x21, 0xE6, 0x28, 0xD4, 0x66, 0x16,
    0x90, 0xAC, 0x87, 0xD0, 0x54, 0xFA, 0x00, 0xA8, 0xBD, 0xAF, 0x83, 0xF6, 0x01, 0x0C, 0x7D, 0xBE,
    0xEE, 0x3E, 0xC1, 0xF1, 0x0C, 0x8E, 0x1B, 0x21, 0x0D, 0x3E, 0x57, 0x06, 0xBE, 0xB5, 0x46, 0x48,
    0x54, 0xB5, 0xE2, 0x88, 0x0A, 0x1F, 0xAD, 0xE7, 0xA4, 0xCA, 0x58, 0xDF, 0x44, 0x4A, 0xD0, 0x83,
    0x4F, 0x70, 0x34, 0xD8, 0xBA, 0x4C, 0x01, 0xAC, 0x47, 0x03, 0xB0, 0x1D, 0xFD, 0x6C, 0xAC, 0xF4,
    0x8A, 0x53, 0xD9, 0x64, 0x83, 0x7B, 0xE6, 0xB3, 0xE1, 0xC5, 0x31, 0x09, 0xB8, 0x45, 0xFF, 0xC7,
    0xF9, 0xF7, 0x8A, 0x0D, 0x0F, 0xD5, 0xA6, 0x56, 0xAD, 0xE5, 0x72, 0x4A, 0x03, 0x53, 0xDB, 0x91,
    0x9B, 0x20, 0xBE, 0x74, 0x19, 0x78, 0x4D, 0x01, 0xFD, 0x85, 0xE2, 0x16, 0xB2, 0x94, 0xD8, 0x7C,
    0x28, 0x8F, 0x23, 0x7A, 0x8A, 0xC6, 0x44, 0x35, 0x58, 0xB5, 0xDF, 0xC5, 0xF0, 0x03, 0x5C, 0x4E,
    0x70, 0x5C, 0x3E, 0xBB, 0x6C, 0xD4, 0x4B, 0x73, 0xEA, 0xBA, 0x20, 0x8B, 0x4E, 0x1B, 0x07, 0xB5,
    0xBA, 0xED, 0xB4, 0x02, 0xFC, 0xBF, 0xA8, 0xDF, 0xC5, 0x2F, 0xF4, 0xFA, 0xFC, 0x23, 0xAD, 0x82,
    0x44, 0x06, 0xD3, 0x1A, 0xD3, 0x18, 0x93, 0xF8, 0x5F, 0x77, 0xB8, 0x2E, 0x6B, 0xC5, 0xB3, 0x84,
    0xA7, 0x25, 0x3A, 0x78, 0x9D, 0x9B, 0x2D, 0x0C, 0x05, 0xDF, 0x3F, 0x61, 0x85, 0x9A, 0x06, 0xBB,
    0xAA, 0xE5, 0xB6, 0x3E, 0x6A, 0x47, 0x7E, 0x2D, 0x76, 0xB4, 0x68, 0x1D, 0xB0, 0x89, 0xD9, 0xE5,
    0x94, 0x9D, 0x4F, 0xBE, 0xE6, 0xBA, 0xB2, 0xE6, 0xAE, 0xDF, 0x01, 0xCE, 0x3C, 0xA7, 0xA2, 0xDD,
    0xF1, 0x4C, 0xFA, 0xF5, 0xC4, 0xBD, 0xB1, 0x1C, 0x57, 0x9A, 0xC7, 0xBD, 0x87, 0x7C, 0x37, 0x58,
    0x72, 0x57, 0x67, 0xB9, 0xC6, 0xDB, 0x74, 0xBD, 0xC9, 0xB7, 0x60, 0x05, 0x09, 0x51, 0x0E, 0xAE,
    0x20, 0x3F, 0x3A, 0xA5, 0x49, 0x8D, 0x01, 0x2F, 0xDB, 0x46, 0x07, 0xDC, 0x58, 0xF6, 0x3A, 0x10,
    0x10, 0xA9, 0x48, 0x38, 0x0C, 0x5C, 0x88, 0xA1, 0xE8, 0x75, 0xF0, 0xDD, 0x99, 0x61, 0xD4, 0x41,
    0x6B, 0x0D, 0x2B, 0x6D, 0x5F, 0xCA, 0xFB, 0x78, 0xCA, 0x6C, 0x67, 0xAE, 0x3A, 0xA4, 0x76, 0x2E,
    0x89, 0xC0, 0x65, 0x60, 0x2C, 0x07, 0x78, 0x20, 0x5F, 0xED, 0x74, 0x78, 0xB3, 0xA7, 0x23, 0xF2,
    0xE6, 0x14, 0x09, 0xC0, 0x7E, 0x53, 0x1E, 0xAC, 0xAE, 0x96, 0xAF, 0x12, 0x02, 0x68, 0x60, 0x6B,
    0x7D, 0xE3, 0xE0, 0x44, 0x2D, 0xBF, 0xA3, 0x01, 0x6B, 0x4E, 0xD4, 0x51, 0xF2, 0x46, 0xA3, 0xEE,
    0x4E, 0xBA, 0x90, 0xBA, 0xAE, 0x4C, 0xC3, 0xF3, 0xF6, 0xC5, 0x74, 0xCD, 0xC8, 0xCC, 0x48, 0x91,
    0xCE, 0x44, 0x16, 0x92, 0x3E, 0x13, 0x56, 0x4F, 0x2C, 0x5A, 0x4F, 0xA2, 0x68, 0xC1, 0xD7, 0x83,
    0x2A, 0x10, 0xE5, 0xC4, 0x7E, 0x8E, 0x59, 0x8A, 0x35, 0x57, 0x85, 0x65, 0xEC, 0xB8, 0x82, 0xB5,
    0xD8, 0xCE, 0xFC, 0x6F, 0x22, 0xBE, 0xEF, 0x59, 0x43, 0x35, 0x4B, 0xA3, 0x43, 0x8E, 0xBC, 0x34,
    0x99, 0x4C, 0x28, 0x51, 0x77, 0xC7, 0x45, 0x3C, 0x33, 0xD1, 0x83, 0x4D, 0xA0, 0x72, 0x25, 0xB8,
    0xE2, 0x4B, 0x74, 0xB6, 0x6B, 0x63, 0x0B, 0xD5, 0xE2, 0xEA, 0xAE, 0x64, 0x44, 0xE3, 0xA9, 0x88,
    0xF4, 0x49, 0xAC, 0x64, 0x57, 0xAD, 0x5F, 0xBD, 0xCA, 0x6B, 0x92, 0x84, 0x31, 0x46, 0x0B, 0x1B,
    0x59, 0xB2, 0x8B, 0x66, 0x8D, 0x1C, 0xF2, 0x83, 0x8D, 0x2F, 0x5F, 0xD5, 0x1C, 0x45, 0x8B, 0x7B,
    0x8B, 0x4A, 0xD8, 0xC0, 0xDB, 0x5C, 0x7E, 0x42, 0xFB, 0x53, 0xD2, 0x3C, 0xEF, 0x5A, 0x46, 0xD1,
    0x95, 0x97, 0x35, 0x97, 0x2B, 0x93, 0x97, 0x64, 0x74, 0xF4, 0x79, 0x66, 0xC5, 0x9C, 0xB6, 0xF6,
    0xFE, 0x6A, 0xFA, 0x9F, 0x9E, 0xAE, 0x94, 0x4C, 0xAB, 0xA0, 0xA6, 0x3F, 0x4E, 0x1B, 0x59, 0xBC,
    0xCB, 0x07, 0xFA, 0x8F, 0x08, 0x36, 0x3B, 0xD1, 0xC6, 0x4B, 0xA6, 0xB2, 0xA5, 0x7C, 0xAB, 0x55,
    0x20, 0xB2, 0xC7, 0x57, 0x27, 0xA2, 0xDC, 0x22, 0xBA, 0x85, 0xEB, 0xD7, 0x2A, 0x6A, 0x29, 0x9B,
    0x32, 0x14, 0x50, 0x6F, 0x78, 0x33, 0xB5, 0x22, 0x0D, 0xFC, 0x59, 0xA1, 0xDF, 0x1D, 0x3D, 0x42,
    0x87, 0x18, 0xE8, 0xD3, 0xE0, 0xCA, 0x91, 0x5E, 0x51, 0xBB, 0x5F, 0x6A, 0x74, 0x54, 0x85, 0x6E,
    0xDC, 0xD7, 0x74, 0xFC, 0x36, 0xF6, 0xBA, 0x43, 0xE1, 0x33, 0x46, 0x38, 0x44, 0xDE, 0xBF, 0x8D,
    0xF3, 0xDE, 0xB7, 0xC2, 0x9B, 0x2C, 0x02, 0xEA, 0x6D, 0x63, 0x81, 0xB4, 0xA6, 0xE4, 0x0C, 0x57,
    0x0F, 0x69, 0x29, 0x39, 0xF4, 0x16, 0xBE, 0xDD, 0xAA, 0xD7, 0xF6, 0x23, 0xF9, 0xB0, 0x1D, 0xD1,
    0x66, 0xFE, 0x0A, 0x27, 0xF5, 0x19, 0xBC, 0xD0, 0xEE, 0x72, 0x07, 0x8B, 0xEE, 0xE0, 0xA4, 0x88,
    0xBC, 0x2F, 0x18, 0x3E, 0x3F, 0x27, 0x72, 0xB3, 0x1D, 0xD1, 0xCA, 0xCA, 0xB1, 0x18, 0xE0, 0x1D,
    0xBB, 0x4C, 0x8F, 0xAB, 0x0E, 0x29, 0xEC, 0x01, 0xBB, 0xF3, 0x46, 0x3F, 0xD0, 0x05, 0xF5, 0x43,
    0x65, 0xDB, 0xEF, 0x82, 0x50, 0xBC, 0x95, 0xC9, 0xFA, 0x60, 0x24, 0xC6, 0x03, 0x1B, 0x1D, 0xD6,
    0xDF, 0xB9, 0x15, 0x32, 0xC7, 0x36, 0x02, 0xC5, 0x1F, 0x83, 0xD1, 0xA6, 0x66, 0x9A, 0xC9, 0x16,
    0xE6, 0x5A, 0xAC, 0x4D, 0x49, 0x92, 0x68, 0xDB, 0xE0, 0x3E, 0x4F, 0x73, 0xCF, 0x6D, 0x77, 0xB6,
    0xFD, 0x26, 0xAF, 0x39, 0x39, 0x1F, 0xAB, 0x3A, 0xD5, 0x2A, 0x54, 0x4F, 0x32, 0xFF, 0x90, 0x1C,
    0xAB, 0x41, 0x90, 0x88, 0x99, 0x4E, 0xD7, 0x3F, 0x92, 0x0E, 0x77, 0xF9, 0x01, 0x77, 0x69, 0x2E,
    0xF2, 0xB1, 0x66, 0x16, 0x10, 0x65, 0x3E, 0x29, 0xEE, 0xA7, 0xCC, 0xD9, 0x50, 0x2D, 0xCA, 0xDE,
    0x52, 0x01, 0x67, 0x09, 0x72, 0x4E, 0x84, 0x19, 0x65, 0xEF, 0xEE, 0x12, 0x5B, 0x05, 0xD6, 0x39,
    0x36, 0x3C, 0xAA, 0xA2, 0xB5, 0xB7, 0x6C, 0xDE, 0xA2, 0xF4, 0x5B, 0x80, 0x4E, 0xAB, 0xE0, 0xBB,
    0x57, 0xC4, 0x5D, 0x45, 0x96, 0x48, 0x32, 0x9B, 0x09, 0x32, 0x06, 0x81, 0x24, 0x37, 0x7E, 0x04,
    0xC7, 0x7D, 0x83, 0x75, 0x2D, 0xE0, 0x45, 0x3C, 0x05, 0x8E, 0x70, 0xD7, 0x7E, 0xC3, 0xEE, 0xCE,
    0xCE, 0xC3, 0x47, 0x10, 0xEF, 0xC4, 0xE8, 0xBB, 0x0B, 0x9F, 0x5F, 0xD5, 0xBF, 0xE9, 0x7F, 0xE1,
    0x5F, 0xB5, 0x87, 0x93, 0x34, 0x2C, 0xB1, 0xDE, 0x03, 0xC9, 0x12, 0x15, 0x91, 0x2F, 0xC4, 0xD6,
    0x6A, 0x17, 0x65, 0x05, 0x6E, 0x34, 0x67, 0xBC, 0x8C, 0x1E, 0xC0, 0x1D, 0x1C, 0xE2, 0xF1, 0x53,
    0x8F, 0xFD, 0xAF, 0xFF, 0x8B, 0xE0, 0x48, 0xA1, 0x42, 0xA5, 0xA5, 0x89, 0xE7, 0xF7, 0x43, 0x75,
    0xA8, 0xE6, 0x59, 0x6D, 0x51, 0x75, 0x58, 0x6C, 0x7E, 0x2B, 0xAE, 0x17, 0xE7, 0x0B, 0xFD, 0xF0,
    0x9B, 0x2F, 0x7C, 0x0F, 0x91, 0x8A, 0x64, 0x46, 0x0A, 0x21, 0x95, 0x93, 0x54, 0xC5, 0xE0, 0x3B,
    0xDF, 0xE4, 0xFD, 0x91, 0x4B, 0xFB, 0x57, 0x5C, 0xF4, 0xC2, 0xFD, 0xF0, 0x2E, 0xEF, 0x28, 0xCA,
    0xDB, 0x8F, 0x7F, 0x9F, 0x67, 0xCD, 0x0B, 0xCC, 0x07, 0x03, 0xCC, 0xAB, 0xBC, 0x21, 0x39, 0xEA,
    0x86, 0xCD, 0x43, 0xA5, 0x8E, 0x35, 0x17, 0x84, 0x2D, 0x61, 0xE9, 0x59, 0xED, 0x21, 0x3F, 0x64,
    0xCD, 0xEB, 0xEC, 0x64, 0x7C, 0xD7, 0x6B, 0xE3, 0x1B, 0x49, 0xEB, 0xBF, 0x06, 0xAD, 0xBC, 0xFC,
    0xF7, 0x4C, 0x62, 0xAF, 0xAB, 0x4B, 0xE5, 0x66, 0x2D, 0x4C, 0x6B, 0x26, 0x55, 0x39, 0x20, 0xCF,
    0x0D, 0xB7, 0x48, 0xC7, 0x2B, 0xDA, 0x8E, 0x12, 0x5E, 0x77, 0xE4, 0xB2, 0xEF, 0x4F, 0xD9, 0x2E,
    0xD8, 0x46, 0x6D, 0xC7, 0x35, 0x64, 0x79, 0x5B, 0x91, 0xB7, 0x42, 0x9E, 0x27, 0xAB, 0x43, 0x9F,
    0x83, 0xCA, 0xA6, 0xF2, 0xA1, 0x8C, 0x5A, 0x44, 0x58, 0x50, 0x8A, 0xAA, 0x97, 0x91, 0xBD, 0xE8,
    0x3F, 0xA3, 0xF2, 0x3B, 0x15, 0xDA, 0x8C, 0x16, 0x75, 0x75, 0xA9, 0x35, 0xD8, 0x5D, 0xAE, 0xF5,
    0xF3, 0x17, 0xAA, 0x82, 0x97, 0x3D, 0x77, 0x1B, 0xD6, 0x53, 0x21, 0xDF, 0xE7, 0xF9, 0x5E, 0xDE,
    0x43, 0xF9, 0xB9, 0xEB, 0x22, 0xF7, 0x6B, 0x46, 0x39, 0xAB, 0xCC, 0x43, 0xEF, 0xD3, 0x59, 0x11,
    0xE5, 0x69, 0x2F, 0x60, 0x40, 0xA2, 0x20, 0x7B, 0x8F, 0x91, 0x2B, 0x08, 0xC6, 0x8C, 0x74, 0xB9,
    0x56, 0xE6, 0xE0, 0xDF, 0x4B, 0x6A, 0xCB, 0x6A, 0xE3, 0x70, 0x68, 0x3F, 0xAE, 0xD0, 0x05, 0xE9,
    0x6A, 0x0A, 0xAA, 0x9F, 0x4B, 0x4D, 0x55, 0xDA, 0x5C, 0x18, 0x67, 0xD4, 0x1E, 0x73, 0x89, 0xA2,
    0x48, 0xB5, 0x41, 0xB2, 0x6F, 0xB6, 0x88, 0x6F, 0x87, 0xBC, 0x39, 0xCD, 0x5B, 0xF5, 0x1C, 0x79,
    0xEB, 0x9F, 0x92, 0xB7, 0xA6, 0xDE, 0xF2, 0x16, 0xAF, 0xAE, 0x58, 0xD9, 0x77, 0xB2, 0x7D, 0xDE,
    0x1A, 0xDE, 0xBB, 0x3B, 0xC9, 0x9B, 0xFB, 0xA2, 0xDA, 0x7B, 0x27, 0xAE, 0x27, 0xA2, 0x9E, 0x6B,
    0xAE, 0x28, 0x10, 0xFB, 0x50, 0x75, 0xC9, 0x0D, 0x77, 0xE5, 0x23, 0x32, 0x89, 0x51, 0xFC, 0xB5,
    0x9E, 0x22, 0xFD, 0x9A, 0x28, 0x5B, 0xB3, 0x51, 0x94, 0xAC, 0x74, 0xC3, 0x37, 0xE4, 0xEA, 0x91,
    0xCB, 0x60, 0x4F, 0x4B, 0xCE, 0x55, 0x8B, 0xA8, 0x18, 0x62, 0x56, 0xD6, 0x9C, 0xA9, 0x27, 0x94,
    0xA9, 0x55, 0xEB, 0x6A, 0xD6, 0xB2, 0xFA, 0x4A, 0x7C, 0x59, 0x55, 0x5D, 0x9D, 0x28, 0x4C, 0x60,
    0x29, 0xB5, 0x67, 0xED, 0x45, 0xC2, 0x7B, 0x15, 0xFD, 0x8F, 0x59, 0xE9, 0x19, 0x0B, 0x3D, 0x57,
    0xC3, 0x2F, 0xE9, 0xF0, 0x84, 0xC3, 0x42, 0x6D, 0x3C, 0x31, 0xE7, 0x3F, 0xC7, 0xD3, 0xD3, 0x4E,
    0xB9, 0xBB, 0xBA, 0x2F, 0xE0, 0x76, 0x19, 0x76, 0x50, 0x3E, 0x46, 0x2A, 0x7D, 0x21, 0x3D, 0x94,
    0x37, 0x92, 0x2E, 0xC3, 0x32, 0xE9, 0xF3, 0x11, 0xD1, 0x0F, 0xC5, 0x08, 0x79, 0x1A, 0x11, 0xBA,
    0x2F, 0x46, 0x14, 0xE6, 0x9C, 0x4F, 0xBE, 0x4F, 0x47, 0xDA, 0xA2, 0xA3, 0xAD, 0x5D, 0x3E, 0xFA,
    0x9F, 0xCC, 0xB4, 0xBF, 0x1C, 0x5D, 0x31, 0x96, 0x70, 0xA2, 0x1C, 0x72, 0x61, 0xE8, 0xBC, 0xB3,
    0x6D, 0xD0, 0x1B, 0x50, 0xE3, 0xA5, 0xAC, 0x00, 0xB2, 0xAE, 0x71, 0xA3, 0xBB, 0x91, 0xA1, 0x3B,
    0xC1, 0x87, 0x57, 0x6F, 0xD1, 0x93, 0x97, 0xCD, 0xD5, 0xD1, 0x1C, 0x36, 0xED, 0x4B, 0x4C, 0xDB,
    0x12, 0x13, 0x37, 0x38, 0x63, 0x4A, 0x68, 0x6B, 0xD2, 0x9D, 0xED, 0x08, 0x32, 0xF9, 0xFA, 0xD3,
    0x93, 0xD9, 0xB8, 0x6F, 0x4C, 0x08, 0xAF, 0x49, 0x11, 0x5F, 0x2D, 0x15, 0x87, 0xEB, 0x52, 0x45,
    0x0F, 0x26, 0xD5, 0x9E, 0xFC, 0x63, 0x1F, 0x1A, 0x1D, 0x90, 0x6B, 0xA4, 0xD8, 0xD5, 0x43, 0x84,
    0xFB, 0x9C, 0x5F, 0x5B, 0x59, 0xFF, 0x0E, 0x5D, 0x46, 0xFE, 0x4D, 0xD8, 0xD1, 0xD6, 0x84, 0xFA,
    0xFE, 0x6A, 0x15, 0xFD, 0xC3, 0x29, 0xF9, 0x48, 0x4C, 0xB8, 0x33, 0x0B, 0x30, 0xB7, 0xC1, 0xC4,
    0x9E, 0xC7, 0x29, 0x06, 0xB6, 0x30, 0xE0, 0x63, 0x9F, 0xA2, 0xE6, 0xB7, 0x25, 0xF6, 0x1F, 0x6A,
    0xEC, 0xCB, 0x05, 0xB1, 0x87, 0x88, 0x32, 0x8B, 0xAF, 0x10, 0x0D, 0xC9, 0x5B, 0xC6, 0x5B, 0x43,
    0x62, 0x4D, 0x54, 0x51, 0x77, 0xD1, 0x6C, 0x18, 0x3D, 0x64, 0x80, 0xD5, 0x46, 0x9C, 0xDF, 0xA6,
    0x84, 0x23, 0x6F, 0x56, 0x8C, 0xDA, 0xF5, 0xCE, 0x0E, 0xE1, 0xDB, 0xA5, 0xEA, 0x7A, 0xB5, 0xE2,
    0xFB, 0xD1, 0xD9, 0xF8, 0xFE, 0x89, 0xE5, 0x7C, 0xCD, 0x5C, 0x2D, 0x8C, 0x99, 0xBE, 0x3F, 0x45,
    0xE1, 0xC8, 0x72, 0x1B, 0x6A, 0x3B, 0xB3, 0x2A, 0xCE, 0x6D, 0x45, 0x5E, 0x5D, 0x1E, 0xBA, 0x6B,
    0x65, 0x97, 0x40, 0xE0, 0x6C, 0x68, 0x48, 0x93, 0x62, 0x71, 0x09, 0x7A, 0x11, 0x1C, 0x8C, 0x01,
    0x5F, 0x31, 0x6A, 0x89, 0x94, 0xBD, 0x7A, 0xED, 0x55, 0x74, 0x5D, 0xAB, 0x6A, 0xAC, 0xA5, 0x53,
    0x0C, 0xD1, 0xA2, 0xA5, 0xA5, 0x7C, 0xCB, 0xA6, 0x40, 0x29, 0xAD, 0xB8, 0x64, 0xCE, 0xA9, 0x89,
    0xD1, 0x52, 0xA8, 0x9F, 0xE2, 0xD5, 0xCF, 0xBA, 0xB6, 0x10, 0xCC, 0xDD, 0xD2, 0x72, 0x93, 0x07,
    0xAF, 0xA7, 0xD3, 0x85, 0x5A, 0x5A, 0x0C, 0x75, 0x88, 0xD2, 0xC2, 0x5B, 0x2D, 0x63, 0xB3, 0xA9,
    0xF4, 0x68, 0x83, 0x1E, 0x5C, 0xDA, 0x19, 0x87, 0xF4, 0x8E, 0x59, 0xD4, 0x2F, 0xB4, 0xAF, 0x99,
    0xDC, 0x3D, 0x97, 0xBD, 0xD9, 0x3E, 0x86, 0xCD, 0x05, 0xD7, 0x48, 0x4B, 0xE5, 0x97, 0xF5, 0x26,
    0xA4, 0x15, 0xFF, 0x21, 0x1B, 0xCC, 0xDB, 0x8E, 0x2B, 0x21, 0xFD, 0xB0, 0xA9, 0xDA, 0xC4, 0xEC,
    0x72, 0xCA, 0xCE, 0xE7, 0xAD, 0xAD, 0xCC, 0x74, 0x2F, 0x82, 0x83, 0xF5, 0x38, 0xB3, 0x89, 0x78,
    0xBE, 0x3C, 0x10, 0xED, 0x37, 0xB3, 0x5A, 0xE2, 0xFC, 0xC7, 0xB7, 0x9F, 0xE5, 0xE7, 0xA1, 0xFC,
    0x4C, 0x63, 0xE4, 0x1F, 0xD8, 0xA4, 0x98, 0x75, 0x2A, 0x5E, 0x7E, 0xD4, 0x8E, 0x74, 0x76, 0x08,
    0xDF, 0x9E, 0xFB, 0xF1, 0x32, 0x93, 0x14, 0x36, 0xA0, 0xD1, 0xDC, 0x27, 0x29, 0xC8, 0x06, 0x25,
    0xAF, 0xE5, 0x07, 0x58, 0x30, 0x3F, 0x48, 0x0E, 0x49, 0x01, 0x36, 0xD4, 0xF0, 0x05, 0xFD, 0xAC,
    0xB5, 0xFC, 0xAD, 0xCA, 0x06, 0x55, 0x96, 0x74, 0x36, 0x52, 0xCC, 0x29, 0x9D, 0x88, 0xD6, 0x6C,
    0xD0, 0x38, 0x8C, 0xA1, 0xED, 0xD7, 0x34, 0xBB, 0x5E, 0x93, 0x86, 0x6E, 0x66, 0x2C, 0x5F, 0x8C,
    0x06, 0x41, 0xC2, 0xCE, 0x90, 0xA2, 0x18, 0xCC, 0xC5, 0xA0, 0xDE, 0xBA, 0x2D, 0x95, 0x53, 0xA4,
    0xA8, 0x8D, 0x14, 0xB5, 0xE8, 0x8A, 0xE2, 0x58, 0x43, 0xFA, 0x1F, 0xED, 0x55, 0x3D, 0xCC, 0xE6,
    0x56, 0x95, 0x3E, 0xB6, 0x67, 0x3E, 0x03, 0x96, 0xF0, 0x14, 0x09, 0x8B, 0x32, 0x80, 0x29, 0x28,
    0x90, 0x60, 0xE3, 0x96, 0x22, 0x99, 0xEB, 0x80, 0xC4, 0x16, 0x5B, 0xEC, 0x14, 0x99, 0x5D, 0x89,
    0x2D, 0x48, 0xB9, 0x52, 0x8A, 0xAF, 0x49, 0x41, 0x11, 0x62, 0x67, 0x29, 0x28, 0xF7, 0x5B, 0x69,
    0x7B, 0x28, 0x40, 0xDA, 0x9D, 0x66, 0x28, 0x53, 0x0C, 0x63, 0x03, 0x45, 0x8A, 0x2D, 0x30, 0xA4,
    0xA0, 0x48, 0x81, 0xC5, 0xCE, 0x0A, 0x89, 0x14, 0x63, 0xAD, 0x2C, 0xF0, 0x4C, 0x6C, 0x9F, 0x3D,
    0xCF, 0x39, 0xD7, 0xEF, 0xFB, 0x7E, 0xBF, 0xF3, 0x93, 0xCC, 0xCC, 0x97, 0x10, 0xCF, 0xBC, 0xF7,
    0xDC, 0xCF, 0x3F, 0xF7, 0x9E, 0x73, 0x9E, 0x9F, 0x4B, 0xE4, 0x98, 0x3B, 0x92, 0xAB, 0x64, 0x6E,
    0x11, 0x6B, 0xE6, 0x86, 0x1E, 0xE8, 0xBA, 0x6A, 0x21, 0xE9, 0x2D, 0xE6, 0x83, 0x45, 0x37, 0x5A,
    0x2C, 0x27, 0x8B, 0x3C, 0x5B, 0x5C, 0x58, 0x43, 0x38, 0x59, 0x8C, 0x06, 0xAE, 0x10, 0xE3, 0xBE,
    0xD4, 0xFD, 0xD2, 0xCE, 0xE9, 0xFE, 0x59, 0xEB, 0x34, 0x9F, 0xBC, 0xC9, 0x74, 0x61, 0x57, 0xA4,
    0xBA, 0x70, 0x4D, 0x89, 0x2E, 0xBC, 0x50, 0x8C, 0x85, 0x83, 0x99, 0x22, 0x2C, 0x1C, 0x4D, 0x14,
    0x62, 0xC1, 0x88, 0xE5, 0x42, 0x36, 0x88, 0xB2, 0x70, 0x8A, 0xD8, 0x60, 0x39, 0xC9, 0x44, 0xA2,
    0xC3, 0x4F, 0x16, 0x2E, 0xE5, 0x59, 0xDE, 0x63, 0x39, 0x79, 0x26, 0x0B, 0xE3, 0x9B, 0x74, 0xC4,
    0x72, 0xF2, 0xED, 0x24, 0x9F, 0x1F, 0xA0, 0x15, 0x5D, 0xCD, 0x13, 0xC5, 0xCC, 0x03, 0x33, 0xEE,
    0xB1, 0x2F, 0x2D, 0xC6, 0x9F, 0x58, 0xDA, 0xC6, 0xF1, 0x8C, 0xE6, 0x24, 0x48, 0x22, 0xD0, 0x77,
    0xE4, 0x7B, 0x59, 0x3D, 0x9F, 0x13, 0xD9, 0xCB, 0xF5, 0xC8, 0xB6, 0x6C, 0xB1, 0xAF, 0xA4, 0xC4,
    0x05, 0x5D, 0x2C, 0x30, 0xA2, 0x4F, 0x9B, 0xF1, 0x39, 0x96, 0x31, 0x64, 0x8C, 0x99, 0x8E, 0xEE,
    0x6E, 0x21, 0x63, 0xAD, 0xEF, 0x1F, 0xFA, 0x5F, 0x05, 0xB8, 0xDF, 0xC6, 0x02, 0x5D, 0xB9, 0xA0,
    0xE0, 0x9C, 0x17, 0xC7, 0x55, 0xC2, 0x43, 0xB6, 0x10, 0x5D, 0xA3, 0x00, 0x6B, 0x5E, 0xD0, 0xFF,
    0x92, 0x01, 0xD1, 0x0B, 0xDA, 0xD1, 0x86, 0x14, 0x1A, 0x77, 0xF7, 0xB2, 0x56, 0x20, 0x95, 0x68,
    0xA7, 0x23, 0x36, 0x44, 0x68, 0xFF, 0xB4, 0xC2, 0x9E, 0xB1, 0x10, 0x78, 0x64, 0xE3, 0xC5, 0x62,
    0x6A, 0x88, 0x4A, 0xB2, 0x85, 0x31, 0xC1, 0xAF, 0xE3, 0x6A, 0x63, 0x52, 0x6D, 0xC8, 0xD2, 0x9C,
    0x77, 0xF6, 0xB9, 0x21, 0x1B, 0x8D, 0x86, 0x6C, 0x3C, 0x24, 0x93, 0x11, 0x29, 0xD2, 0x98, 0xB6,
    0x8A, 0xAC, 0x30, 0x40, 0x91, 0x25, 0x57, 0x29, 0x4A, 0x54, 0xA2, 0x60, 0x52, 0xC8, 0x94, 0x32,
    0x40, 0x58, 0x16, 0x46, 0xA3, 0x40, 0x61, 0x65, 0x40, 0x6F, 0x7C, 0xC4, 0xC2, 0x29, 0xE6, 0xA3,
    0x31, 0x00, 0x94, 0x01, 0x03, 0xB0, 0xB0, 0x2C, 0x47, 0xE1, 0x62, 0x0C, 0x08, 0x98, 0xF6, 0xF8,
    0x36, 0xD1, 0x65, 0x1E, 0x73, 0xA1, 0x8F, 0xE0, 0x35, 0x3B, 0x5E, 0x34, 0x7A, 0x18, 0x2B, 0xFA,
    0x3A, 0xB8, 0x49, 0x37, 0x65, 0xBC, 0x1B, 0x8E, 0xCA, 0x81, 0x5E, 0x91, 0x45, 0x0A, 0xF9, 0x4C,
    0xE7, 0x97, 0x03, 0xFD, 0x0E, 0x07, 0x36, 0x6A, 0x8D, 0xBD, 0x5A, 0xB3, 0x55, 0xAD, 0xD3, 0x61,
    0xB5, 0xD6, 0xCB, 0x51, 0xB5, 0x16, 0xA6, 0xD6, 0xFA, 0x44, 0xB5, 0xA6, 0x6D, 0xDE, 0x1F, 0x52,
    0x6B, 0x95, 0x2A, 0x79, 0x4A, 0x32, 0x4C, 0x45, 0xAD, 0xB3, 0x57, 0xEB, 0xA2, 0xCB, 0xED, 0xA8,
    0xB5, 0xF0, 0x6A, 0x6D, 0x0E, 0xAB, 0x15, 0x2A, 0x55, 0xB5, 0xF6, 0x86, 0x15, 0x32, 0xAD, 0x4D,
    0xA5, 0xCA, 0x03, 0x59, 0x58, 0xD5, 0x2A, 0x58, 0xAA, 0x5A, 0xF7, 0xF9, 0xB6, 0x57, 0xEB, 0xE4,
    0xD5, 0x6A, 0xA5, 0x84, 0x1E, 0x9B, 0xAC, 0xF5, 0x95, 0x56, 0xDE, 0x8F, 0x0A, 0x1F, 0xD7, 0xBF,
    0xFD, 0xF3, 0xDA, 0xFB, 0x9E, 0xF3, 0x11, 0xEC, 0x3E, 0x0D, 0xC1, 0x6E, 0x8B, 0x60, 0xAE, 0x88,
    0x04, 0xC7, 0x11, 0xBC, 0x7C, 0x1C, 0x41, 0x3A, 0x13, 0xC1, 0x64, 0x17, 0x41, 0xD1, 0x50, 0xCC,
    0x43, 0x3A, 0x03, 0xC1, 0xD8, 0xB7, 0xD8, 0x8B, 0xC0, 0x24, 0xB0, 0x1D, 0xDB, 0x6D, 0xF6, 0xA6,
    0xBC, 0xF0, 0xBF, 0x76, 0xD4, 0x7A, 0x53, 0x6B, 0x31, 0x41, 0x29, 0x14, 0x6A, 0x5B, 0xB1, 0x7E,
    0x65, 0x58, 0x7D, 0xE6, 0x38, 0x73, 0xAF, 0x81, 0x2D, 0xFB, 0xF0, 0x83, 0x48, 0xC5, 0x95, 0xF1,
    0x7B, 0x32, 0xD6, 0x32, 0xE9, 0x44, 0x32, 0x50, 0xA8, 0xF4, 0x38, 0x69, 0x21, 0xB3, 0xA4, 0xCD,
    0x04, 0xB0, 0xB8, 0xC9, 0x21, 0xC5, 0xC2, 0x59, 0x92, 0xDA, 0x5A, 0x63, 0xCC, 0xD1, 0xB6, 0x1C,
    0x19, 0xED, 0x1D, 0xFD, 0xCA, 0xDC, 0xA2, 0xD4, 0x72, 0x9C, 0x95, 0x3C, 0x6E, 0xED, 0x25, 0x81,
    0xC6, 0xBF, 0x20, 0xE9, 0x5C, 0xBF, 0x31, 0xE1, 0x90, 0x92, 0x32, 0x32, 0xCD, 0x2D, 0xA8, 0x79,
    0x91, 0xB5, 0x82, 0x6B, 0xBA, 0xE0, 0x2B, 0x6A, 0x34, 0x64, 0x12, 0xB7, 0xBA, 0xB5, 0x4A, 0xA5,
    0xA9, 0xE6, 0xA5, 0x04, 0x7F, 0xED, 0x78, 0xCD, 0x41, 0x3D, 0xC0, 0xC2, 0x00, 0x88, 0xF8, 0x4A,
    0xC4, 0x2F, 0x71, 0x2F, 0x5F, 0xBA, 0x5E, 0xCA, 0xCB, 0x7A, 0xA9, 0x2B, 0x6D, 0x85, 0xFA, 0x9F,
    0xB6, 0xAA, 0x34, 0xF9, 0xA3, 0x43, 0xB5, 0x56, 0xA2, 0x85, 0x94, 0xF0, 0x3A, 0x37, 0x7A, 0x5B,
    0x7C, 0x25, 0xE1, 0xE5, 0x46, 0x1F, 0x6A, 0xC2, 0xB9, 0x52, 0xFF, 0xDA, 0xD5, 0xED, 0xCE, 0x8B,
    0xD9, 0x6F, 0xA5, 0xC5, 0x22, 0x51, 0xF7, 0x7B, 0x70, 0x98, 0xBF, 0xB9, 0x28, 0xCD, 0xEB, 0x42,
    0x3C, 0x92, 0x72, 0x65, 0xD9, 0x85, 0x07, 0x00, 0x29, 0xDF, 0x01, 0x29, 0x3D, 0x8F, 0x20, 0xE9,
    0x42, 0xF8, 0x13, 0x6B, 0x46, 0x6A, 0xDA, 0xEF, 0x4B, 0xAE, 0xD9, 0x6F, 0xD5, 0x9E, 0x19, 0x7A,
    0x77, 0x95, 0x9C, 0x32, 0x69, 0x25, 0xB6, 0x75, 0xE1, 0x69, 0x83, 0x14, 0x6A, 0x81, 0xC9, 0xB2,
    0x2D, 0xD3, 0x17, 0xAB, 0x77, 0xEC, 0x29, 0x3D, 0x88, 0x86, 0xEE, 0x9C, 0x06, 0x4F, 0xAA, 0xF0,
    0x24, 0x0A, 0xCF, 0xDE, 0x53, 0x87, 0x07, 0x66, 0x1B, 0x1A, 0x32, 0xCD, 0x4A, 0xCB, 0xE5, 0x94,
    0x22, 0x9F, 0x02, 0x1E, 0x71, 0x45, 0x19, 0x0E, 0x20, 0x95, 0xC5, 0x08, 0x99, 0x87, 0x4B, 0x82,
    0x4F, 0xF8, 0x8E, 0x7E, 0xAD, 0x4B, 0x26, 0x6C, 0xA7, 0xD7, 0x83, 0x3B, 0xDB, 0x69, 0xA2, 0x31,
    0x54, 0xE2, 0xEA, 0xE9, 0xA2, 0x12, 0xFC, 0x58, 0xC4, 0x10, 0x8D, 0x90, 0xC5, 0x0C, 0xDF, 0x67,
    0x94, 0xE6, 0xDE, 0xD6, 0xE6, 0x23, 0x49, 0xEC, 0x13, 0xEA, 0x6A, 0xB7, 0x4E, 0x02, 0x69, 0x3C,
    0x01, 0xA4, 0x1C, 0x20, 0xA5, 0x1D, 0x40, 0xAA, 0xCA, 0x66, 0xAD, 0xEA, 0xC3, 0x02, 0x49, 0x0E,
    0x3D, 0x7C, 0x9A, 0xB6, 0xB6, 0x6C, 0xA2, 0x40, 0x09, 0x9B, 0x0C, 0xAA, 0x15, 0xAC, 0x15, 0xAE,
    0x55, 0x4C, 0x27, 0x42, 0x86, 0xEB, 0xE2, 0x77, 0xAE, 0x69, 0xDB, 0x64, 0x9B, 0xBB, 0xFA, 0x95,
    0xEE, 0x27, 0x09, 0xDC, 0x63, 0x86, 0xC7, 0xBB, 0x56, 0x40, 0xAD, 0x34, 0x86, 0x38, 0xDA, 0x24,
    0x52, 0xD9, 0x5B, 0xCC, 0x26, 0x8B, 0x89, 0x8F, 0xD1, 0x62, 0x11, 0xFD, 0x42, 0x0C, 0x7C, 0xA4,
    0x4D, 0x2C, 0x4E, 0x89, 0x87, 0xDF, 0x5B, 0xBF, 0x0B, 0xFD, 0x7A, 0xD1, 0x6C, 0x31, 0xF6, 0xFB,
    0xE0, 0xDC, 0x41, 0xCC, 0x7D, 0x1E, 0xB5, 0xE5, 0x15, 0xA3, 0x47, 0xAE, 0xBB, 0x58, 0xCB, 0xEB,
    0xB1, 0xAF, 0x03, 0xF5, 0x2C, 0x56, 0xD7, 0x72, 0x60, 0x15, 0xEF, 0xCD, 0x34, 0x60, 0x8F, 0x19,
    0xA7, 0x59, 0x68, 0x81, 0xFE, 0x79, 0x0E, 0x10, 0xA2, 0x39, 0x98, 0x2C, 0x8C, 0x16, 0x7A, 0x0D,
    0x61, 0x67, 0x7F, 0x35, 0x16, 0x2A, 0xF9, 0xEC, 0xBD, 0xD9, 0xBA, 0x36, 0x63, 0x29, 0x0D, 0x11,
    0xFF, 0xFB, 0xFE, 0xAC, 0xC9, 0x21, 0x5F, 0xC9, 0x4D, 0xD3, 0x6E, 0x34, 0x94, 0x16, 0x04, 0x31,
    0x04, 0xC9, 0xF3, 0xBE, 0xC1, 0xDE, 0xAC, 0xFD, 0xE7, 0xAD, 0x2D, 0xD6, 0x53, 0x82, 0xA5, 0x27,
    0x72, 0xD8, 0x48, 0x04, 0xC6, 0x3F, 0x81, 0xDA, 0xEE, 0x32, 0x9C, 0x9D, 0x2B, 0x54, 0x7A, 0xF1,
    0x65, 0x82, 0xD7, 0x18, 0xAC, 0x1E, 0xD5, 0x12, 0xCD, 0x68, 0xE5, 0xAF, 0x3F, 0x31, 0x4F, 0x9A,
    0x4C, 0xC9, 0x96, 0x93, 0x70, 0x0F, 0x0C, 0xAD, 0x7B, 0x0D, 0xF9, 0xA0, 0x21, 0x9D, 0x34, 0xC4,
    0x16, 0x04, 0xD4, 0x9D, 0x20, 0xD0, 0x22, 0xA0, 0x64, 0xD9, 0xF4, 0x68, 0xF0, 0xCF, 0xEC, 0x4D,
    0xFF, 0xDD, 0x6C, 0xC1, 0x16, 0x13, 0x8E, 0xEA, 0x0E, 0xB6, 0x9F, 0xEB, 0x34, 0x58, 0x12, 0xB1,
    0xA6, 0x74, 0xB1, 0x9E, 0x44, 0x73, 0x9A, 0xAE, 0xB3, 0xB6, 0x4A, 0xF2, 0x8B, 0x9D, 0x6D, 0xCF,
    0xA1, 0xE5, 0x81, 0xB2, 0x32, 0xD2, 0x91, 0xFE, 0x46, 0xC7, 0x68, 0x3B, 0xA6, 0x5A, 0xA0, 0x8D,
    0xBB, 0xF7, 0x75, 0x34, 0xD0, 0x14, 0x33, 0x83, 0x2C, 0x56, 0xC4, 0x0C, 0xB0, 0xBC, 0xC3, 0x68,
    0x70, 0x19, 0x5A, 0x06, 0x96, 0xE1, 0x71, 0xC2, 0xA8, 0x4F, 0xEB, 0x9D, 0xF7, 0x0D, 0x1D, 0x03,
    0xC7, 0xB0, 0xF1, 0xD0, 0x18, 0x32, 0x06, 0x4C, 0xA2, 0x35, 0xA5, 0xEB, 0x38, 0xD1, 0xD9, 0x97,
    0xCA, 0x71, 0xB2, 0xF1, 0xB2, 0x8E, 0x4A, 0xF8, 0xDD, 0xF1, 0xA6, 0x8E, 0xDF, 0xD3, 0xF1, 0xCB,
    0x26, 0xA3, 0xD3, 0x47, 0x59, 0xA1, 0xD9, 0x19, 0xAB, 0xFB, 0xBD, 0x2F, 0xE3, 0x67, 0x4D, 0x6A,
    0x3A, 0x3A, 0x93, 0xBF, 0x8E, 0x0C, 0x67, 0xE2, 0x45, 0x73, 0x9B, 0x2D, 0x43, 0xB8, 0x60, 0x81,
    0xD6, 0x16, 0x78, 0x76, 0x46, 0x59, 0x7B, 0x70, 0x92, 0xD2, 0xE3, 0x50, 0xC4, 0xCB, 0x37, 0xB9,
    0x11, 0x4A, 0xB8, 0x4E, 0x0E, 0x84, 0x5C, 0x0F, 0xB7, 0x5E, 0x5A, 0x9A, 0x0E, 0x82, 0x40, 0x3A,
    0x60, 0xE5, 0x7E, 0x67, 0x38, 0x6C, 0x9E, 0xE6, 0x9B, 0x48, 0xD6, 0x0D, 0x20, 0xBC, 0x28, 0xE0,
    0x6A, 0xCA, 0xF7, 0x6A, 0xF5, 0x4D, 0x58, 0x17, 0xC4, 0x0F, 0x41, 0x04, 0xFA, 0x3F, 0x91, 0x65,
    0x95, 0x7E, 0x4E, 0xC6, 0xE5, 0xDB, 0x0B, 0x98, 0xA4, 0x20, 0xA8, 0x59, 0xD0, 0xE5, 0xE5, 0x21,
    0x40, 0xB8, 0xB9, 0x33, 0xBE, 0x7E, 0x8E, 0x40, 0x50, 0xB3, 0xEF, 0x28, 0x21, 0x39, 0xD5, 0x72,
    0xD1, 0x6D, 0x71, 0x0B, 0x6D, 0x86, 0xEE, 0xB9, 0xC7, 0x81, 0x56, 0x3C, 0x2D, 0x4C, 0xBA, 0x1D,
    0x4C, 0x02, 0x60, 0x42, 0xE1, 0xB8, 0x3D, 0xA1, 0x52, 0xDE, 0x8E, 0x76, 0xC7, 0x9E, 0x3E, 0x82,
    0x30, 0x6E, 0x9E, 0x3B, 0x61, 0x50, 0x8D, 0x7A, 0x18, 0x46, 0x68, 0x03, 0xFA, 0xB4, 0x9C, 0x1B,
    0x75, 0x9C, 0x83, 0x6E, 0x7E, 0xE9, 0x94, 0x6E, 0x2E, 0x27, 0x33, 0xBC, 0x54, 0xFA, 0xE8, 0x34,
    0x19, 0x94, 0x38, 0x3D, 0xC6, 0xCC, 0xC6, 0xD9, 0xA8, 0x84, 0x07, 0xB1, 0x8E, 0x54, 0xB7, 0x8F,
    0xB9, 0xAD, 0xC9, 0x6E, 0x5B, 0xF1, 0xEA, 0x3F, 0x21, 0xB9, 0x04, 0xF9, 0x64, 0xFA, 0x66, 0xB3,
    0x19, 0xF4, 0x1B, 0x68, 0x31, 0x85, 0xE9, 0x04, 0xB2, 0xE4, 0x67, 0x89, 0x9E, 0x97, 0x07, 0x15,
    0x09, 0xFB, 0xF3, 0x2E, 0xC6, 0x11, 0x36, 0xA2, 0x94, 0x88, 0x75, 0x17, 0x5D, 0x0F, 0xC7, 0x0A,
    0xAA, 0x52, 0x51, 0x04, 0x07, 0x1F, 0xE9, 0x73, 0xE2, 0x12, 0x5D, 0xA4, 0x50, 0x7A, 0x5F, 0x08,
    0x82, 0x0B, 0x30, 0x86, 0x3B, 0xFD, 0x9D, 0x14, 0x9C, 0xDF, 0x69, 0xD1, 0x96, 0x0A, 0xA5, 0x63,
    0xE1, 0xF9, 0x5C, 0x9C, 0x1D, 0xDB, 0x36, 0x37, 0x1A, 0x58, 0x59, 0x16, 0x1A, 0x13, 0x93, 0x7B,
    0x9A, 0x69, 0xDE, 0x95, 0x78, 0x58, 0x57, 0x40, 0x3B, 0x58, 0x28, 0xC6, 0x79, 0x72, 0x89, 0x68,
    0xF7, 0xF3, 0x67, 0xAF, 0x61, 0x14, 0x7C, 0xEE, 0x92, 0x66, 0xCF, 0xA8, 0xF5, 0x5E, 0x2D, 0xC1,
    0x8D, 0x6A, 0x11, 0x48, 0xAB, 0xA4, 0x08, 0x55, 0x97, 0x94, 0x00, 0x69, 0x67, 0xC4, 0x76, 0x94,
    0x23, 0xCF, 0x67, 0xD6, 0x0C, 0x4A, 0x0B, 0x75, 0x65, 0xF9, 0x14, 0x27, 0x87, 0xE0, 0xFA, 0xF5,
    0xFF, 0x94, 0x80, 0x23, 0x4E, 0x56, 0x96, 0x30, 0x62, 0x83, 0xCF, 0x71, 0x6B, 0x95, 0x37, 0x5A,
    0x7B, 0xD9, 0xB8, 0x4E, 0x43, 0x3E, 0x68, 0x48, 0x27, 0x0D, 0x7A, 0x4E, 0x94, 0x4D, 0x08, 0xF9,
    0xC8, 0x6E, 0x35, 0xF2, 0x6C, 0x28, 0x63, 0xE5, 0x44, 0x50, 0x6B, 0x0D, 0xE2, 0xE2, 0x2F, 0x63,
    0xAB, 0xE7, 0x8A, 0x6D, 0x4E, 0xDA, 0x9B, 0x90, 0x91, 0x7B, 0xFC, 0x67, 0x14, 0x92, 0x76, 0xE8,
    0x4F, 0xDE, 0x38, 0xAD, 0x2D, 0x93, 0x97, 0x5E, 0xA7, 0xB8, 0x38, 0xD9, 0xF7, 0xBA, 0xFD, 0x5E,
    0xA0, 0x65, 0x1E, 0x94, 0x33, 0x43, 0xCC, 0x45, 0xF9, 0xBF, 0x3F, 0x13, 0xC6, 0xA7, 0x03, 0xDA,
    0x20, 0xBA, 0x10, 0x51, 0x44, 0x36, 0xCE, 0xB8, 0x23, 0x73, 0x79, 0x9A, 0x4C, 0x38, 0xE5, 0xF2,
    0x51, 0x7B, 0x2A, 0xDB, 0xD7, 0x20, 0x6C, 0xB8, 0x20, 0x87, 0x78, 0xC7, 0x1B, 0xBC, 0x43, 0xD8,
    0x1D, 0xEF, 0x10, 0x42, 0x49, 0xF4, 0x45, 0x6A, 0xD2, 0xB1, 0xCB, 0xA4, 0x15, 0x25, 0x58, 0x24,
    0x7B, 0xD4, 0x05, 0x46, 0xB4, 0xC1, 0xB5, 0xA8, 0x99, 0x9B, 0xFA, 0x6E, 0xB0, 0xCF, 0x2A, 0x08,
    0xD9, 0x54, 0x65, 0x21, 0x24, 0xF9, 0xC9, 0xB6, 0x00, 0xA1, 0x74, 0x00, 0x77, 0x9F, 0x28, 0x56,
    0x93, 0x2F, 0xF6, 0x2B, 0x03, 0x5A, 0xDB, 0xE3, 0xE9, 0xC2, 0xED, 0xE9, 0xA7, 0xDA, 0x19, 0x04,
    0x91, 0xB4, 0xD9, 0x08, 0xC2, 0x46, 0x90, 0xDA, 0x08, 0x52, 0x5A, 0x5D, 0x57, 0x8C, 0x20, 0x5F,
    0x39, 0x9F, 0x04, 0xD1, 0xEB, 0x2D, 0x0A, 0x1B, 0x1C, 0x7A, 0x89, 0x8C, 0x7C, 0x90, 0x83, 0x0E,
    0xDA, 0x99, 0x4C, 0x1B, 0x13, 0x9E, 0xD5, 0x97, 0xA7, 0x4B, 0x8D, 0xF8, 0x18, 0x35, 0xF8, 0x61,
    0xA8, 0x91, 0x1B, 0x06, 0x75, 0xB7, 0xE3, 0x1D, 0x6B, 0xF0, 0x37, 0xFD, 0x2B, 0x0F, 0xCB, 0x89,
    0x8F, 0xB4, 0x69, 0xE4, 0x9A, 0x4D, 0xDD, 0x6F, 0xBB, 0xC1, 0xDA, 0x0C, 0x77, 0x46, 0x2F, 0x3E,
    0x06, 0x46, 0xF1, 0x71, 0x85, 0x73, 0xBD, 0x32, 0x4B, 0xC7, 0x19, 0xBF, 0x73, 0x0B, 0xE9, 0x40,
    0xDB, 0xC6, 0xAE, 0x21, 0xF7, 0x65, 0x58, 0xAA, 0x3F, 0xD7, 0x31, 0x6E, 0xB6, 0x4F, 0xEC, 0x81,
    0x7A, 0x67, 0xB0, 0xA8, 0xBD, 0x2A, 0x16, 0x91, 0x8D, 0x6C, 0x23, 0xDE, 0x91, 0x86, 0xEF, 0x2C,
    0xF4, 0xB1, 0x3B, 0x55, 0xB4, 0xD0, 0xD1, 0x4F, 0x12, 0xF6, 0x93, 0xDC, 0x8A, 0x96, 0x85, 0x6F,
    0x58, 0x3B, 0x83, 0x25, 0x99, 0xAC, 0x87, 0x63, 0x30, 0x5B, 0x9F, 0x3B, 0x7A, 0xC3, 0x1E, 0x15,
    0xA7, 0x08, 0xC9, 0x01, 0x48, 0x29, 0xAC, 0xD0, 0x89, 0xEC, 0x5D, 0x64, 0xC0, 0xB4, 0x04, 0xE0,
    0xAE, 0xF5, 0x3C, 0xFA, 0xF0, 0x27, 0x68, 0xCA, 0x29, 0x93, 0xC7, 0xB5, 0x69, 0xC8, 0x4B, 0x21,
    0xCD, 0xBB, 0x67, 0x25, 0x97, 0x6B, 0xC9, 0x35, 0xF3, 0xA6, 0x37, 0x9E, 0x8F, 0xE6, 0x48, 0x81,
    0x1E, 0x4A, 0x14, 0xDD, 0x63, 0x03, 0x19, 0xB0, 0xC9, 0x1B, 0xFA, 0x4E, 0xAD, 0x47, 0x98, 0x08,
    0x31, 0x38, 0xDE, 0xD1, 0xE0, 0x86, 0x1E, 0x63, 0x99, 0x9D, 0x66, 0xCE, 0xC2, 0xC5, 0xDA, 0xCE,
    0x36, 0xF7, 0x10, 0x21, 0x07, 0xE5, 0xDD, 0x6F, 0x91, 0x24, 0xB9, 0x3B, 0xCA, 0x40, 0xC7, 0x07,
    0xA5, 0xF0, 0xC0, 0x09, 0x3D, 0x27, 0x55, 0x58, 0x3C, 0xE9, 0x07, 0x50, 0xC4, 0x63, 0x08, 0x01,
    0x2F, 0xC2, 0xE5, 0xDB, 0x22, 0x77, 0xE9, 0xD7, 0x94, 0x4B, 0xA8, 0x79, 0x72, 0xE0, 0x27, 0xB0,
    0x2A, 0xFD, 0x44, 0x88, 0x08, 0xDF, 0xE2, 0xDB, 0x66, 0x48, 0x01, 0xD3, 0x09, 0x93, 0xEB, 0xF5,
    0x9F, 0xAE, 0x5F, 0xBF, 0xCE, 0xD7, 0x2B, 0xF6, 0x57, 0xB3, 0x99, 0x9C, 0xF1, 0xD5, 0xCE, 0x84,
    0xCD, 0x29, 0x4F, 0x9A, 0x3C, 0xC8, 0xE7, 0x8F, 0x32, 0xD9, 0x93, 0xF2, 0xC5, 0xA7, 0x95, 0x31,
    0x47, 0x4A, 0x0E, 0x6E, 0x34, 0x3B, 0x12, 0x74, 0x16, 0x82, 0xFA, 0x90, 0x2D, 0x97, 0xFE, 0x99,
    0x1E, 0x6D, 0x3E, 0x1C, 0x7E, 0xB6, 0x0D, 0xFB, 0x6A, 0xF6, 0x6F, 0x2B, 0xD6, 0xA5, 0x61, 0x5D,
    0x1A, 0xD6, 0xF2, 0x03, 0xD6, 0x65, 0xA7, 0x58, 0xCB, 0x07, 0x80, 0xE7, 0xC3, 0x0C, 0xA1, 0xE8,
    0x3D, 0xE3, 0xDB, 0x1B, 0x74, 0x17, 0x29, 0x70, 0xCA, 0xBA, 0x98, 0xCA, 0x29, 0x11, 0x90, 0xBE,
    0xDB, 0x2C, 0x52, 0xDE, 0x24, 0x07, 0xC1, 0x57, 0xCD, 0x7D, 0x8F, 0xDA, 0x47, 0x05, 0x29, 0x29,
    0x05, 0x50, 0xCD, 0x63, 0xFA, 0x01, 0x8A, 0x75, 0xAF, 0xAC, 0xDB, 0xF3, 0xB9, 0xA5, 0xCD, 0x5C,
    0x72, 0x33, 0xA6, 0x5C, 0xBC, 0x16, 0x2E, 0x27, 0x08, 0xB1, 0x51, 0x64, 0xE4, 0x15, 0x39, 0xED,
    0x3E, 0xD8, 0xFE, 0xA1, 0xDF, 0xDF, 0xFF, 0x7A, 0xC9, 0xA3, 0x17, 0xE7, 0x68, 0x4F, 0xB1, 0xD4,
    0x16, 0xD6, 0xA2, 0x46, 0x0A, 0x35, 0x3F, 0xA6, 0xDF, 0x9E, 0xE4, 0x92, 0xDB, 0x5E, 0xDE, 0x71,
    0x78, 0x40, 0x6E, 0x2B, 0xD5, 0x0E, 0x5D, 0xAF, 0x0E, 0xE2, 0x7D, 0x72, 0xDA, 0xC9, 0x2F, 0xA8,
    0xC5, 0xDB, 0xD3, 0x0F, 0xF0, 0x13, 0x66, 0xCA, 0x29, 0xD5, 0xCB, 0x29, 0xD7, 0x5F, 0x92, 0xA5,
    0x6F, 0x12, 0xF5, 0x4C, 0x51, 0xCF, 0xB7, 0xF7, 0x3B, 0xD4, 0x9D, 0x4A, 0xAF, 0x82, 0xBA, 0x3B,
    0xD6, 0x13, 0xE9, 0x59, 0x93, 0xEB, 0xE1, 0xF2, 0x38, 0x79, 0xA2, 0xF8, 0xE8, 0x5E, 0xD8, 0xF7,
    0x2D, 0x0A, 0x9B, 0x85, 0xE2, 0x86, 0xDB, 0x1C, 0xDC, 0x91, 0x1E, 0x81, 0xF0, 0xDD, 0x13, 0xE3,
    0x0A, 0x4C, 0x83, 0xD5, 0x3E, 0x6F, 0xDB, 0x69, 0xF4, 0x98, 0x7E, 0x97, 0x65, 0xCF, 0xDA, 0xF6,
    0x2A, 0x28, 0xAF, 0x28, 0x10, 0xA9, 0x46, 0xA3, 0x87, 0x0C, 0x51, 0xE4, 0x91, 0xC8, 0x81, 0x16,
    0xB1, 0x79, 0x09, 0xDE, 0x21, 0x60, 0x04, 0xAA, 0xE0, 0x57, 0xFB, 0x7B, 0x27, 0x1C, 0x66, 0xB9,
    0xD0, 0x0B, 0xC7, 0xD8, 0x1E, 0x7F, 0x30, 0xBE, 0xCA, 0x69, 0x52, 0x09, 0x47, 0x5B, 0x70, 0x96,
    0x62, 0x49, 0x30, 0x97, 0xFB, 0x25, 0xF2, 0x27, 0xFF, 0xC3, 0xDF, 0x6C, 0x1B, 0x06, 0xD7, 0x1F,
    0x38, 0x47, 0x60, 0x5D, 0xAA, 0x16, 0x1E, 0x3B, 0xB7, 0x0A, 0xBF, 0x57, 0xF3, 0x21, 0xF7, 0x45,
    0xFC, 0x93, 0x1B, 0x68, 0x47, 0xF0, 0x8B, 0xC4, 0x7E, 0x25, 0xC4, 0x12, 0x84, 0x35, 0x21, 0xF3,
    0x01, 0x00, 0x86, 0xF9, 0x9F, 0xDB, 0x00, 0xF6, 0x49, 0x00, 0x01, 0x25, 0x80, 0xEF, 0xC9, 0xA8,
    0xD0, 0x80, 0x7E, 0x08, 0xE6, 0x47, 0xB9, 0xE9, 0xAE, 0x54, 0xB7, 0x0A, 0xB8, 0x32, 0xD3, 0xB2,
    0x3F, 0x26, 0x7D, 0xE4, 0x95, 0xF9, 0xAC, 0xBE, 0x5D, 0x51, 0xD2, 0x01, 0xF3, 0x7C, 0x04, 0xFA,
    0x6E, 0xF2, 0xA3, 0xDD, 0xB1, 0xA7, 0xA7, 0x5C, 0x40, 0xE7, 0xD5, 0x5E, 0xF0, 0x49, 0xE1, 0x86,
    0x6D, 0xC6, 0xBD, 0x60, 0x74, 0xB1, 0xEE, 0xD1, 0xED, 0xEC, 0xB1, 0x8C, 0xCA, 0xED, 0x1E, 0xEC,
    0xCE, 0x7A, 0x60, 0x99, 0x69, 0xC5, 0x36, 0x5A, 0xD9, 0x4E, 0xAB, 0xAE, 0x9B, 0x4D, 0xE9, 0x89,
    0x56, 0x5E, 0xA3, 0xF0, 0xC8, 0xEA, 0xD6, 0x23, 0xEC, 0x39, 0xED, 0x83, 0xBC, 0x16, 0x82, 0xF2,
    0xB1, 0xF8, 0x15, 0x65, 0x7F, 0x90, 0x57, 0xCB, 0x4A, 0x28, 0xB8, 0x50, 0xD6, 0x8A, 0xA7, 0x45,
    0xC7, 0x44, 0x20, 0x3D, 0xAF, 0x48, 0xC5, 0xAF, 0x4E, 0xA3, 0xB6, 0xF0, 0xA4, 0x07, 0xF2, 0x43,
    0xA0, 0x03, 0x8A, 0x89, 0x24, 0x79, 0xA5, 0x89, 0x7A, 0x10, 0xB9, 0x1E, 0x55, 0x35, 0x38, 0x0D,
    0xE4, 0x83, 0x1C, 0xB7, 0x2E, 0x16, 0x8A, 0xD7, 0xBF, 0xC8, 0x6B, 0xF2, 0x41, 0x2A, 0x45, 0x40,
    0x55, 0xE5, 0x8F, 0x7A, 0xE2, 0x78, 0x0C, 0xA7, 0x70, 0x8A, 0x07, 0x9A, 0xE3, 0x96, 0xBE, 0x71,
    0xA8, 0xDA, 0xE7, 0x60, 0xE2, 0xB3, 0xB4, 0x4D, 0xD6, 0x7F, 0x75, 0xB6, 0x7D, 0x3E, 0x94, 0xDF,
    0x64, 0xE9, 0x26, 0xDE, 0x39, 0x25, 0x61, 0xE4, 0x9B, 0xA1, 0xAD, 0x72, 0x3B, 0x3F, 0xB0, 0x83,
    0x2C, 0x35, 0xB1, 0x22, 0x8A, 0xA1, 0xDD, 0x95, 0xC3, 0xEE, 0xAE, 0xE1, 0x5B, 0x9B, 0xA0, 0x43,
    0x36, 0xBC, 0xD3, 0xC9, 0xA2, 0xEB, 0x2C, 0x2A, 0xEC, 0xAE, 0x85, 0xF5, 0x21, 0x66, 0x83, 0x45,
    0xE5, 0x04, 0xB9, 0xDF, 0x6A, 0x03, 0xC9, 0xBD, 0x6B, 0x52, 0x70, 0xDC, 0xFB, 0x68, 0x1A, 0x72,
    0x77, 0x66, 0x8B, 0xBF, 0xD3, 0x6E, 0x93, 0xFB, 0x0D, 0xB7, 0xFE, 0xFB, 0xDE, 0x62, 0x3E, 0x59,
    0x4C, 0xF4, 0x05, 0xD7, 0x86, 0xFA, 0x82, 0xEC, 0x5B, 0x0F, 0x16, 0xF3, 0xC5, 0x62, 0x82, 0x44,
    0x34, 0xCF, 0x01, 0xA6, 0x56, 0x51, 0xA9, 0x07, 0x96, 0xF0, 0x98, 0x5B, 0x98, 0x90, 0x34, 0xB6,
    0xA5, 0xAD, 0x10, 0xD7, 0x6B, 0xD5, 0x9B, 0xE5, 0x4D, 0x56, 0xDE, 0x0A, 0xF0, 0x4E, 0x4C, 0xD6,
    0xE7, 0x56, 0x00, 0xE5, 0x8D, 0xC5, 0x2B, 0x18, 0xF6, 0x6A, 0xCD, 0xBE, 0xB6, 0x22, 0xD8, 0xC2,
    0x77, 0x2C, 0xD0, 0x23, 0x84, 0x12, 0x1C, 0xD8, 0x84, 0x3D, 0x08, 0x49, 0x4C, 0x68, 0xD6, 0x67,
    0x2A, 0x3F, 0x2E, 0x6A, 0xB4, 0x9D, 0xBF, 0xA5, 0xED, 0xE3, 0x7F, 0xD0, 0xE4, 0xD8, 0x7A, 0x8E,
    0x5A, 0x11, 0xF6, 0x7B, 0x7B, 0xA6, 0x05, 0xF0, 0xB7, 0x54, 0x87, 0xFC, 0x92, 0xC2, 0x25, 0x9F,
    0x77, 0x1A, 0x94, 0xAE, 0x5C, 0xA4, 0x7A, 0x50, 0x15, 0x91, 0x7C, 0x19, 0x8B, 0xD2, 0xA4, 0x83,
    0xA5, 0x78, 0x97, 0x5B, 0xA4, 0xA2, 0xC9, 0x4B, 0x9A, 0xE8, 0xE5, 0x1D, 0x2B, 0x32, 0x23, 0x8C,
    0xEC, 0x49, 0xE8, 0x5F, 0x58, 0xD3, 0xA7, 0x9D, 0x10, 0x5A, 0xFB, 0x62, 0xEB, 0x5E, 0xA2, 0x46,
    0xB1, 0xAF, 0x38, 0xE4, 0xB0, 0x30, 0x2E, 0x9C, 0x85, 0xCB, 0xDC, 0x06, 0x3C, 0x02, 0xC0, 0x00,
    0xCB, 0x08, 0x9F, 0x8C, 0x66, 0x5A, 0xAD, 0x6B, 0x71, 0x58, 0x09, 0x39, 0x16, 0xE3, 0xCA, 0x68,
    0x14, 0xEA, 0x76, 0x98, 0xE4, 0xDE, 0x35, 0xFE, 0xBD, 0xE3, 0x69, 0xE2, 0x59, 0x52, 0x1A, 0x49,
    0xB2, 0xD9, 0x73, 0xA8, 0x32, 0x0A, 0x75, 0x84, 0xCD, 0x84, 0xFD, 0xB2, 0xB5, 0xFC, 0x2A, 0x31,
    0x37, 0x8A, 0xAC, 0x6D, 0xCA, 0x8E, 0xD0, 0x28, 0x51, 0x6D, 0xCC, 0x2D, 0xD6, 0x87, 0xB9, 0x59,
    0xC2, 0xA8, 0x76, 0xA0, 0xC5, 0x1E, 0x9C, 0x6C, 0xD5, 0xCA, 0x3B, 0x52, 0xD6, 0x11, 0xB4, 0xB4,
    0x71, 0xCA, 0x27, 0x31, 0x7E, 0x49, 0x47, 0xB7, 0x33, 0xD6, 0x3A, 0x32, 0xC6, 0x60, 0x09, 0xC5,
    0x50, 0x79, 0x76, 0x18, 0x27, 0x1B, 0x89, 0x3E, 0x25, 0x9F, 0xBE, 0x81, 0x2A, 0xC5, 0x91, 0x59,
    0x1D, 0x28, 0x95, 0x02, 0xD2, 0x9F, 0x1C, 0x3F, 0x80, 0x44, 0x4C, 0x52, 0x57, 0x4B, 0x9F, 0xF3,
    0xAE, 0xF0, 0xB8, 0x7F, 0x01, 0xDF, 0x2B, 0x72, 0x73, 0x26, 0xFC, 0x7A, 0xED, 0x6A, 0x87, 0xAE,
    0xCE, 0x4F, 0xA3, 0xAB, 0xF9, 0x4E, 0x57, 0xCB, 0xFB, 0x75, 0xF5, 0xB8, 0xCD, 0x98, 0xC9, 0x98,
    0xC5, 0xC4, 0x3B, 0xA3, 0x99, 0x8B, 0x59, 0x8B, 0x19, 0xCB, 0x95, 0x73, 0xD0, 0xEF, 0x4D, 0xF2,
    0x79, 0xE5, 0x4F, 0x01, 0x49, 0x30, 0xF3, 0xBF, 0x1C, 0x7F, 0x37, 0xE0, 0x16, 0xD1, 0x78, 0x88,
    0xFB, 0x66, 0xE4, 0x66, 0xFF, 0x7A, 0xA2, 0xD8, 0x58, 0x16, 0x50, 0x42, 0xA9, 0xBB, 0xBC, 0xA1,
    0xE3, 0x4D, 0x1D, 0xBF, 0xA7, 0xE3, 0x97, 0x1F, 0x07, 0x66, 0x9F, 0x3D, 0x05, 0x33, 0xD3, 0xC3,
    0x2E, 0x66, 0x1E, 0x39, 0xE9, 0xF8, 0xF3, 0x68, 0x79, 0x2E, 0x19, 0xCB, 0x20, 0x4D, 0x97, 0x3A,
    0x5C, 0xEB, 0x2A, 0x0C, 0x58, 0xF3, 0x0A, 0x86, 0x17, 0x30, 0x7C, 0x03, 0xC3, 0x9A, 0xF5, 0x63,
    0x1B, 0x00, 0x07, 0x01, 0x0F, 0x33, 0x93, 0x5D, 0x05, 0x5C, 0x7E, 0x28, 0x5F, 0x11, 0xFE, 0xC9,
    0x28, 0x76, 0x2F, 0xA3, 0x9B, 0xB6, 0xA3, 0xDD, 0xB1, 0xA7, 0xF7, 0x59, 0xE7, 0x33, 0x3A, 0xA6,
    0xA7, 0xF5, 0x54, 0xBB, 0xB9, 0xB8, 0xED, 0x38, 0x83, 0xBF, 0x4A, 0x60, 0x65, 0xB0, 0x51, 0xF8,
    0x91, 0xFA, 0x10, 0x4E, 0x6A, 0xDE, 0x32, 0xA4, 0x3A, 0x2C, 0x32, 0x44, 0xE3, 0xC3, 0x2F, 0x15,
    0xF2, 0x52, 0x6C, 0x1A, 0xD9, 0x88, 0xC7, 0xA9, 0x95, 0x4B, 0x18, 0xD4, 0xE2, 0x17, 0x65, 0x6E,
    0x6A, 0x47, 0xD5, 0x03, 0x85, 0xD0, 0x02, 0xF4, 0x41, 0xE9, 0x9F, 0x55, 0x31, 0xA9, 0x19, 0x53,
    0xCA, 0x76, 0xC8, 0xE9, 0x1F, 0xA1, 0x9D, 0x51, 0xB9, 0x85, 0xFA, 0xDF, 0x34, 0x7C, 0xE3, 0xF8,
    0x9A, 0x71, 0xA5, 0x21, 0x6D, 0x76, 0x43, 0x66, 0xC1, 0x59, 0x28, 0x2B, 0xAA, 0xD1, 0xDC, 0x22,
    0xC5, 0xC8, 0xE4, 0x03, 0xBD, 0x3A, 0x48, 0x01, 0x83, 0xFC, 0x39, 0xD0, 0xC5, 0x1B, 0x83, 0x2D,
    0x77, 0xFA, 0xEF, 0x35, 0xC9, 0x76, 0x92, 0x97, 0x7B, 0xF9, 0xC9, 0x9E, 0x8B, 0x39, 0x53, 0x3D,
    0x88, 0xF5, 0x0F, 0x82, 0xD8, 0x40, 0x4E, 0x72, 0xFC, 0x62, 0x7A, 0x9F, 0x75, 0xCA, 0xE5, 0x20,
    0x11, 0x42, 0xA6, 0x4A, 0x4A, 0xB9, 0x2A, 0xEF, 0x00, 0x71, 0xB7, 0xFA, 0x46, 0xEF, 0x0F, 0x0E,
    0xFF, 0x02, 0x25, 0xD6, 0x15, 0xA9, 0x66, 0xF1, 0xAF, 0x94, 0xFE, 0x06, 0x7D, 0x85, 0xEE, 0x73,
    0x39, 0x4F, 0x7D, 0x91, 0xE6, 0xA8, 0x93, 0x2A, 0x86, 0xC9, 0xAA, 0x0C, 0x1C, 0x7B, 0xCB, 0x71,
    0x52, 0x8E, 0x9F, 0x34, 0xEB, 0xA4, 0xF7, 0x93, 0x5F, 0x8F, 0x7E, 0xF2, 0xF6, 0xEC, 0x27, 0xBF,
    0x64, 0x3F, 0x69, 0xE4, 0x33, 0x9B, 0x48, 0x3E, 0x36, 0x91, 0xDC, 0x6D, 0x92, 0x8E, 0x7E, 0x12,
    0xCD, 0x7E, 0x12, 0xB2, 0x9F, 0x10, 0x57, 0x7E, 0xE2, 0x5A, 0x3F, 0xC9, 0x7A, 0x3F, 0x49, 0x46,
    0x3F, 0x89, 0x66, 0x3F, 0x09, 0xD8, 0x4F, 0xA8, 0xAE, 0x9B, 0x23, 0x59, 0x66, 0xEB, 0x24, 0x91,
    0xC9, 0x1E, 0x98, 0x18, 0xAD, 0x2C, 0xA5, 0xCD, 0xA4, 0x5C, 0x1D, 0xF9, 0x19, 0x0B, 0xAF, 0x58,
    0xB0, 0x93, 0x26, 0x9C, 0x69, 0x7B, 0x9E, 0x50, 0x6A, 0x96, 0x9C, 0x1B, 0x12, 0xA5, 0x21, 0x73,
    0xCB, 0xDE, 0x7F, 0xED, 0xD4, 0x16, 0xEF, 0x57, 0x39, 0xA8, 0xC0, 0xFF, 0x6A, 0x12, 0xF9, 0x11,
    0x80, 0xBD, 0xCC, 0x7C, 0x50, 0xA2, 0x73, 0x93, 0x9E, 0x5B, 0x72, 0x04, 0x60, 0x0B, 0x51, 0x53,
    0x34, 0x3F, 0x96, 0x10, 0xF0, 0x22, 0xA4, 0xBC, 0x9D, 0x09, 0xA9, 0x4B, 0x9E, 0xC4, 0xFA, 0x84,
    0xEF, 0xD3, 0x0E, 0xF6, 0xE0, 0xDD, 0x8A, 0xFD, 0xD7, 0x1E, 0x01, 0xFB, 0xE9, 0xDC, 0x63, 0x4F,
    0x2B, 0xF6, 0xD5, 0x8A, 0x7D, 0x71, 0x1C, 0x7B, 0x3A, 0xAA, 0xB5, 0x74, 0xF2, 0x93, 0x64, 0x9D,
    0x44, 0xF3, 0x3A, 0x99, 0x8E, 0x4E, 0x92, 0x7E, 0xFD, 0x6A, 0xFD, 0x3C, 0x2B, 0xCE, 0x11, 0x03,
    0x66, 0x69, 0xC5, 0x2E, 0x03, 0x4A, 0x9E, 0x8E, 0x71, 0xD5, 0xC8, 0x1C, 0xB2, 0xE5, 0xCD, 0xD6,
    0x9E, 0xF2, 0x50, 0xA8, 0xFD, 0x33, 0x7B, 0xD3, 0x96, 0x88, 0xAC, 0xE0, 0x2F, 0x12, 0xBD, 0x65,
    0xAE, 0x52, 0xF8, 0xA6, 0xC8, 0xB1, 0xB2, 0x1A, 0xB1, 0x1D, 0x79, 0x14, 0xCF, 0x7E, 0x01, 0x50,
    0xD2, 0xBB, 0xD5, 0xB8, 0xB6, 0x6B, 0x6D, 0x60, 0x58, 0x7D, 0xE2, 0x56, 0x0F, 0xE2, 0x56, 0x97,
    0xE8, 0x22, 0x3A, 0x39, 0x50, 0x2E, 0x25, 0x07, 0x13, 0xD5, 0x8A, 0x4C, 0xA0, 0xBD, 0x77, 0xBF,
    0xD2, 0xCE, 0x67, 0x77, 0x3A, 0x3B, 0x23, 0x9A, 0x5D, 0x64, 0x6F, 0x7D, 0xF4, 0xDC, 0x2A, 0x28,
    0x56, 0x96, 0x0C, 0x8F, 0x22, 0xCE, 0x78, 0x38, 0xA6, 0xD2, 0x96, 0x2E, 0x77, 0x89, 0xA0, 0x9E,
    0x17, 0x31, 0x77, 0xB5, 0xD4, 0xF9, 0xA2, 0xEC, 0xFA, 0x47, 0x56, 0x59, 0xEC, 0xB1, 0xEC, 0xAF,
    0x04, 0x4D, 0x59, 0x70, 0xF0, 0xDB, 0x05, 0x36, 0x91, 0xA5, 0xB4, 0x8F, 0x4F, 0x72, 0x52, 0x72,
    0x15, 0x81, 0xE6, 0x91, 0xE0, 0x82, 0xC6, 0x50, 0x2C, 0x13, 0x69, 0xCD, 0x71, 0x49, 0x24, 0x27,
    0x49, 0xA2, 0x38, 0x26, 0x89, 0x6E, 0x95, 0xC4, 0x70, 0xCC, 0xC4, 0x97, 0x8D, 0x24, 0x8A, 0x55,
    0x12, 0xCD, 0x2A, 0x89, 0x6E, 0x95, 0xC4, 0xE0, 0x27, 0x42, 0x05, 0x2F, 0x89, 0x65, 0x23, 0x89,
    0xC2, 0x4F, 0xCA, 0xC6, 0x4F, 0xF2, 0xCE, 0x4F, 0xD2, 0x55, 0x1B, 0xF1, 0xE4, 0x27, 0xE1, 0xAA,
    0x0D, 0xDA, 0x68, 0xA3, 0x5C, 0xB3, 0xCC, 0xD7, 0x49, 0xBA, 0x4A, 0x22, 0x5E, 0x95, 0x10, 0xEE,
    0x6A, 0xC3, 0xFB, 0xC8, 0xEA, 0x1A, 0xA5, 0x51, 0xE5, 0x0B, 0xA6, 0x07, 0xA2, 0xEF, 0x93, 0xB7,
    0x1A, 0xFE, 0xA1, 0xA7, 0x43, 0xCD, 0xC3, 0xEA, 0x28, 0xAD, 0xA7, 0xC5, 0xB2, 0x61, 0xBF, 0x91,
    0xDF, 0xB8, 0xEF, 0xA9, 0x6F, 0xCC, 0x37, 0xE2, 0x1B, 0x47, 0x3F, 0xA4, 0x11, 0x54, 0x8F, 0x66,
    0x00, 0x1A, 0xCD, 0xB9, 0x8E, 0x5B, 0xD6, 0xC6, 0xD3, 0x96, 0xDC, 0x66, 0xA3, 0xAE, 0x57, 0x0D,
    0xA3, 0xE0, 0xCC, 0x58, 0xA1, 0x0F, 0xF3, 0x83, 0xAD, 0x7E, 0x03, 0xD6, 0xA6, 0xC8, 0x5B, 0x16,
    0x85, 0x2F, 0x5C, 0xD1, 0x83, 0x5C, 0xD7, 0xAE, 0x9A, 0x01, 0xB0, 0xAE, 0x8C, 0xEF, 0xB0, 0x67,
    0xCE, 0xEF, 0xA9, 0x51, 0xD7, 0x83, 0x70, 0xAA, 0x51, 0x03, 0x09, 0x84, 0x3B, 0x31, 0xF2, 0x74,
    0x03, 0xA5, 0xF0, 0xEE, 0x6C, 0x32, 0xEB, 0x4E, 0xB4, 0x39, 0xF2, 0xAD, 0x31, 0x41, 0x5E, 0x36,
    0xBF, 0x12, 0xD9, 0xD4, 0x95, 0x45, 0xF3, 0x9F, 0x4D, 0x2C, 0x4E, 0x89, 0xC4, 0xFE, 0xFD, 0xDA,
    0x7F, 0xAF, 0xEB, 0x08, 0xC3, 0xCA, 0xD6, 0xDA, 0xA3, 0x9D, 0x48, 0x46, 0xCA, 0x46, 0x73, 0x84,
    0x54, 0xF3, 0x91, 0xBC, 0x34, 0x3F, 0xE4, 0x89, 0x7C, 0x55, 0x37, 0xEF, 0xA9, 0xA0, 0xA5, 0xC5,
    0x0A, 0x75, 0x50, 0xB3, 0x99, 0x44, 0x70, 0x4D, 0xB7, 0x2A, 0xF5, 0xB6, 0x35, 0xCB, 0xB7, 0xEC,
    0xCC, 0x2B, 0xA8, 0xEF, 0x6A, 0x57, 0xFC, 0xFB, 0x83, 0x34, 0xEA, 0xA5, 0x7A, 0x42, 0x1F, 0x12,
    0x16, 0x9A, 0xA3, 0x41, 0xCA, 0xE5, 0x06, 0x6C, 0xAC, 0x1B, 0xD4, 0x5D, 0x36, 0x2A, 0xBF, 0xF6,
    0xD8, 0xD8, 0xD8, 0x49, 0x65, 0xBE, 0x8E, 0x4A, 0xEB, 0xAA, 0xEC, 0x50, 0xBD, 0x34, 0x56, 0x6A,
    0x15, 0xFF, 0x91, 0x8E, 0x26, 0x7C, 0x4F, 0x24, 0x1E, 0x18, 0x8C, 0x39, 0x44, 0x2E, 0x50, 0x15,
    0x3B, 0x19, 0x85, 0x3D, 0x45, 0x8A, 0xB4, 0xA4, 0x60, 0x88, 0x17, 0x65, 0xE5, 0x99, 0x60, 0x72,
    0x60, 0x63, 0x7D, 0xB2, 0x72, 0xFD, 0x13, 0x06, 0xEC, 0x32, 0xC0, 0xAE, 0xB7, 0x28, 0x94, 0x0D,
    0x16, 0x8A, 0x01, 0x5E, 0x9B, 0x57, 0xCA, 0x0C, 0xFD, 0x6A, 0xD2, 0x3A, 0xDA, 0x8F, 0x14, 0x27,
    0x88, 0xBE, 0xA4, 0xF5, 0xC0, 0x0B, 0x13, 0x33, 0x8D, 0xCA, 0x1A, 0x26, 0x8D, 0x45, 0x29, 0x6E,
    0x8A, 0xB4, 0xD1, 0xDC, 0x66, 0x93, 0xF5, 0x55, 0x71, 0x0B, 0x3B, 0xBA, 0xF2, 0x09, 0x37, 0x76,
    0xB8, 0x71, 0x89, 0x10, 0x5F, 0x24, 0x2C, 0x54, 0x87, 0x13, 0x76, 0x83, 0x39, 0x47, 0xB3, 0xAC,
    0x4E, 0xF1, 0x98, 0xCA, 0x46, 0x69, 0x9F, 0xCB, 0xF6, 0x59, 0xE3, 0x60, 0xD3, 0xF2, 0x2A, 0xD1,
    0x05, 0xF9, 0x77, 0x6E, 0x19, 0xB2, 0xC7, 0x7A, 0xA1, 0x9E, 0x75, 0x96, 0xF0, 0x3A, 0x73, 0x77,
    0xF5, 0xA4, 0xA9, 0x91, 0x8A, 0xCE, 0x4A, 0xC0, 0xA5, 0x33, 0xA7, 0x27, 0x11, 0x66, 0x57, 0x48,
    0xCB, 0x96, 0xD9, 0xE7, 0x91, 0xFB, 0x7A, 0x36, 0x35, 0xEB, 0xAC, 0xDC, 0xCC, 0x50, 0x87, 0xCD,
    0x90, 0xF9, 0xCE, 0x4C, 0xDB, 0x7D, 0x7C, 0xD6, 0xEC, 0xBE, 0xB7, 0xF9, 0xB6, 0x3E, 0x61, 0x65,
    0x30, 0xC9, 0xCF, 0x7C, 0x2E, 0x71, 0x05, 0xB4, 0x31, 0x4B, 0x9B, 0xC4, 0xE7, 0x9C, 0x35, 0x91,
    0xAF, 0x43, 0x20, 0x12, 0x64, 0xB5, 0xA2, 0x0A, 0x38, 0xDC, 0x60, 0x6D, 0x4D, 0xEC, 0x2B, 0x2F,
    0x94, 0xD9, 0xBE, 0x2F, 0x74, 0xED, 0x9A, 0xA1, 0xB6, 0xC7, 0x07, 0xFA, 0x13, 0x9A, 0xCC, 0xFA,
    0x43, 0x3F, 0x7F, 0x80, 0xD7, 0xE3, 0xE5, 0xDB, 0xFC, 0xEE, 0xB2, 0xC7, 0x8D, 0x74, 0xC2, 0x49,
    0xA3, 0x5D, 0x97, 0xB7, 0x52, 0x41, 0x4B, 0x79, 0x2F, 0x7D, 0x88, 0xB1, 0x69, 0x2F, 0x1B, 0x45,
    0xB2, 0x45, 0x3A, 0xD4, 0x85, 0x0A, 0x23, 0x1D, 0x94, 0x7D, 0x72, 0xF5, 0xA7, 0x4C, 0x7C, 0xD9,
    0x9B, 0x49, 0xA8, 0x7C, 0x97, 0xF2, 0x23, 0x25, 0xBC, 0xB0, 0x3B, 0x36, 0xF1, 0xF6, 0xB2, 0x17,
    0x28, 0x9E, 0x21, 0x2D, 0xA9, 0xF5, 0x6A, 0x2A, 0x3C, 0xFE, 0x3D, 0xDF, 0xAB, 0x7B, 0x11, 0xE6,
    0x12, 0x69, 0x4F, 0x4B, 0xBE, 0x6D, 0x0F, 0x83, 0x6B, 0x1B, 0x3A, 0x07, 0xFE, 0x78, 0x4B, 0x3A,
    0x8B, 0xAA, 0x13, 0x28, 0xD1, 0x62, 0xCA, 0xF6, 0xBC, 0x34, 0x0D, 0x10, 0x4A, 0xC7, 0xF5, 0xCA,
    0xC9, 0x96, 0x70, 0xF1, 0x3B, 0x2F, 0x93, 0xB1, 0x5A, 0xBD, 0xC0, 0xF9, 0x46, 0x66, 0x92, 0x87,
    0xA5, 0xD9, 0x06, 0xBA, 0xB0, 0x60, 0x95, 0x0F, 0x16, 0xD3, 0xC9, 0x62, 0xE2, 0x63, 0x7C, 0x24,
    0x42, 0x55, 0xFA, 0x9E, 0x7F, 0x3F, 0xEF, 0xFD, 0x3A, 0x48, 0xCC, 0xFD, 0x66, 0x5F, 0x1B, 0x22,
    0x1B, 0x29, 0x9F, 0x9D, 0x92, 0x5B, 0x63, 0x61, 0x9C, 0x50, 0x3F, 0x90, 0x68, 0x75, 0xB9, 0x36,
    0xB3, 0xF7, 0xDA, 0x64, 0xB6, 0x68, 0x9E, 0x27, 0xEB, 0xFA, 0xFC, 0xA8, 0x5C, 0xF7, 0x99, 0xFD,
    0xFE, 0xB2, 0xE2, 0x1E, 0x2F, 0x15, 0x3A, 0xE2, 0xD0, 0xC5, 0x7A, 0xB6, 0x98, 0xB1, 0x17, 0xB2,
    0x96, 0x8C, 0xBE, 0x04, 0xA3, 0x79, 0x0D, 0x79, 0x97, 0xEB, 0xBD, 0x06, 0x48, 0xDF, 0xC4, 0x7D,
    0xEA, 0x8F, 0xF7, 0x6C, 0xBF, 0xCA, 0xBA, 0x8C, 0xDF, 0xE4, 0xC1, 0xF1, 0xDB, 0x3C, 0x7C, 0x8D,
    0x7F, 0xAD, 0x1B, 0xBD, 0xD4, 0x89, 0x21, 0xAF, 0x78, 0xB8, 0xF6, 0x91, 0x87, 0x90, 0xF9, 0xC7,
    0xC8, 0x77, 0xB0, 0xE1, 0x89, 0x22, 0xD4, 0x1E, 0x46, 0x68, 0xF2, 0xC8, 0x1C, 0xDC, 0x07, 0xA1,
    0xC9, 0x23, 0xB4, 0xAC, 0x08, 0x55, 0x0F, 0x85, 0x50, 0x77, 0x0A, 0x42, 0xEB, 0x95, 0x57, 0x16,
    0xF5, 0x64, 0xD8, 0x32, 0xDE, 0xE0, 0xDA, 0x89, 0xF9, 0xFA, 0xDC, 0x2B, 0xA4, 0xF6, 0xDF, 0x8F,
    0x1E, 0xB5, 0x7C, 0x45, 0xED, 0x87, 0x8F, 0x1F, 0xB5, 0x23, 0xD9, 0xD7, 0xED, 0xBA, 0x47, 0xB6,
    0x19, 0x34, 0x5D, 0xCD, 0xB5, 0xDE, 0x64, 0xF9, 0x55, 0xA2, 0xB7, 0x2C, 0x75, 0x65, 0xA5, 0x98,
    0xA5, 0x15, 0x97, 0x0D, 0xA5, 0x16, 0x95, 0x2C, 0xEC, 0xD5, 0x3E, 0xF9, 0x9E, 0xF8, 0xDA, 0xD3,
    0xF6, 0x13, 0x79, 0xEF, 0x90, 0xA7, 0xA0, 0x0B, 0x14, 0x0B, 0xB4, 0x14, 0x8F, 0x34, 0x53, 0x38,
    0xA3, 0x9B, 0xFC, 0xF7, 0xB2, 0xA5, 0xFB, 0x7D, 0x8B, 0xF2, 0x25, 0xA9, 0x18, 0xAF, 0x07, 0xF3,
    0xD3, 0x93, 0x77, 0xE9, 0x89, 0xF2, 0x29, 0x0C, 0x6F, 0x28, 0xA8, 0x40, 0x1A, 0x83, 0x94, 0x24,
    0xE7, 0x85, 0x18, 0x7C, 0x72, 0x17, 0x47, 0x58, 0x71, 0x38, 0xC1, 0x6B, 0x57, 0xF1, 0x9A, 0xD4,
    0x80, 0x43, 0x27, 0xE2, 0x3F, 0xF1, 0x90, 0xCE, 0x94, 0x0C, 0xC2, 0x94, 0x78, 0xC8, 0x3B, 0x8A,
    0x7A, 0xD9, 0x67, 0x1D, 0x7A, 0x0A, 0x8A, 0x7C, 0x5C, 0xD7, 0x4D, 0xB0, 0x66, 0x84, 0x03, 0x85,
    0x6A, 0x4C, 0x33, 0x96, 0x8D, 0x02, 0xC5, 0x28, 0xC3, 0xDF, 0x81, 0xB1, 0x64, 0xFC, 0xBC, 0x10,
    0x6A, 0xBA, 0x29, 0x3D, 0x9A, 0x66, 0x0C, 0x0B, 0x06, 0xF9, 0x3E, 0x1D, 0xE4, 0xCD, 0xAC, 0x87,
    0x60, 0x5B, 0xE6, 0x1B, 0x5C, 0xD5, 0x2C, 0x0B, 0xC4, 0x50, 0x30, 0x3D, 0xAB, 0x44, 0xDB, 0x53,
    0x2E, 0x36, 0x1B, 0x62, 0x37, 0x58, 0x13, 0x1E, 0x8B, 0x3E, 0x27, 0xC3, 0xFA, 0x30, 0x3D, 0x81,
    0xAA, 0xFB, 0x4B, 0x81, 0xA5, 0x46, 0x90, 0x75, 0xA2, 0xF2, 0xF6, 0x77, 0x27, 0xAA, 0x0B, 0xC1,
    0x8D, 0x21, 0x0D, 0x86, 0x11, 0x2B, 0xC3, 0x6A, 0xA5, 0x1F, 0xC8, 0x91, 0xA2, 0x8E, 0x40, 0x37,
    0xBF, 0xAC, 0x72, 0x28, 0x17, 0x7A, 0x06, 0xB0, 0x4A, 0xE2, 0x5C, 0x00, 0x70, 0x5A, 0xB0, 0x3B,
    0x57, 0xF1, 0x42, 0xBC, 0xD4, 0xB2, 0x9E, 0xF4, 0x0B, 0xCB, 0x17, 0xD6, 0x43, 0xA2, 0xE7, 0x30,
    0x60, 0xD9, 0x08, 0x2A, 0x48, 0xB0, 0x4A, 0xFE, 0x07, 0xD9, 0xAB, 0xAE, 0xEA, 0x2A, 0x5C, 0x28,
    0x6B, 0x82, 0x81, 0xE2, 0xEA, 0x23, 0xD2, 0x7B, 0x6D, 0xBD, 0xB2, 0x13, 0xCD, 0xA8, 0xAD, 0x39,
    0x85, 0x18, 0x89, 0x40, 0x91, 0x0C, 0x69, 0x47, 0x59, 0x17, 0x0B, 0x93, 0x9B, 0xB0, 0xA7, 0x8B,
    0x50, 0xC8, 0x53, 0xEE, 0xFD, 0x39, 0xEF, 0x64, 0x20, 0x2D, 0x91, 0x9B, 0xAD, 0xE7, 0x86, 0xD9,
    0x5C, 0xD6, 0xAD, 0xCC, 0x46, 0x1D, 0x31, 0x48, 0x1D, 0x5C, 0x7D, 0x4A, 0xFD, 0x53, 0xF7, 0x87,
    0xAB, 0xA8, 0xD3, 0xD6, 0x58, 0x44, 0x2D, 0x3B, 0x1E, 0x37, 0x3C, 0x90, 0x3D, 0x43, 0x74, 0x89,
    0xF0, 0x41, 0x28, 0x2C, 0xA8, 0x92, 0x1E, 0x16, 0x2B, 0x89, 0x15, 0x01, 0x7F, 0x4B, 0xD2, 0x2F,
    0xEF, 0x0C, 0x68, 0x5A, 0x8B, 0x52, 0xC1, 0x88, 0xE5, 0x4C, 0xA7, 0x79, 0xEF, 0x6C, 0x8C, 0xA2,
    0xF6, 0xE1, 0x31, 0xBA, 0xF0, 0x30, 0x18, 0x25, 0x1B, 0x8C, 0x9E, 0xA7, 0x40, 0x1E, 0x15, 0xCA,
    0xE7, 0x0C, 0x67, 0x90, 0xAB, 0x28, 0x1D, 0x6B, 0x6C, 0x39, 0xAF, 0x2D, 0x51, 0xA7, 0x4E, 0xDB,
    0x07, 0x74, 0x9A, 0x70, 0x05, 0x6A, 0xB5, 0x84, 0xFB, 0xA0, 0xF5, 0x02, 0xD0, 0x02, 0x50, 0xC5,
    0x0C, 0xB4, 0x58, 0xD1, 0x6A, 0x4E, 0x41, 0x8B, 0xF5, 0x6A, 0x0E, 0x87, 0x45, 0xAA, 0xA4, 0xBC,
    0x99, 0x2D, 0x4C, 0x3B, 0x21, 0xAB, 0xDE, 0xD2, 0x50, 0x5C, 0x42, 0xB8, 0x80, 0x32, 0x06, 0x93,
    0xF7, 0x93, 0x0D, 0x41, 0xAD, 0x28, 0x69, 0x9B, 0x36, 0xE1, 0xC8, 0x95, 0xD9, 0x07, 0x6E, 0xB6,
    0xA0, 0xED, 0xB3, 0x93, 0xCC, 0x5B, 0xBF, 0x37, 0x7F, 0xA1, 0xC4, 0x68, 0xAF, 0x74, 0x1A, 0xAE,
    0xA8, 0x01, 0xC5, 0x80, 0x27, 0xC3, 0xE0, 0x8E, 0x0F, 0x7B, 0xD2, 0xA5, 0xC2, 0xAD, 0xC3, 0x89,
    0xAF, 0x3C, 0xCA, 0xA0, 0x6A, 0x5E, 0x6E, 0x34, 0x02, 0xAB, 0xE0, 0x1C, 0x2B, 0x47, 0xAF, 0x6D,
    0xEC, 0xB0, 0x56, 0x49, 0xA1, 0x28, 0xBE, 0xAF, 0xA4, 0xBE, 0x48, 0xF4, 0x3A, 0x6E, 0x16, 0xE1,
    0xAC, 0xAB, 0xDB, 0x01, 0x07, 0x65, 0xC8, 0x37, 0x4B, 0x5D, 0x69, 0x0B, 0x4C, 0x52, 0xA5, 0xB5,
    0x2E, 0xEB, 0xAD, 0x3F, 0xD5, 0xB1, 0x3E, 0x7E, 0xBC, 0x28, 0xF2, 0x7D, 0xAD, 0x59, 0xFB, 0x89,
    0xE1, 0x16, 0x06, 0x65, 0x81, 0x3C, 0x4E, 0xDA, 0x11, 0x98, 0xF7, 0xE8, 0xD8, 0xCF, 0x9E, 0x2E,
    0xE6, 0xA5, 0xB6, 0xB9, 0x3B, 0x1C, 0x6A, 0xB1, 0x20, 0xC9, 0xEF, 0x16, 0x42, 0xDA, 0xBE, 0x61,
    0xE1, 0xFB, 0x1A, 0x9A, 0x17, 0x2C, 0x3C, 0x83, 0x70, 0x11, 0x28, 0x5B, 0xB9, 0x27, 0x85, 0xD4,
    0x7A, 0x71, 0x38, 0x9C, 0xF5, 0xC1, 0x43, 0x84, 0x7D, 0x35, 0xB8, 0x94, 0xD5, 0xEC, 0x32, 0x5B,
    0x3A, 0x81, 0x67, 0xE5, 0xCD, 0x7A, 0x40, 0x95, 0x87, 0x86, 0x6D, 0x5B, 0x4B, 0x6D, 0x6B, 0x79,
    0xFC, 0x95, 0xED, 0xE0, 0xB0, 0xA0, 0x0E, 0x67, 0xBF, 0x07, 0x29, 0x17, 0xE4, 0xD0, 0xD6, 0x0C,
    0x6D, 0x4D, 0xB6, 0x52, 0x8A, 0xC7, 0x40, 0x29, 0x9E, 0x71, 0xD4, 0x9B, 0x2F, 0xBC, 0x6B, 0xF1,
    0xBB, 0x6C, 0x31, 0x62, 0x35, 0xE6, 0x4F, 0x8B, 0xF3, 0xD2, 0x7D, 0x2F, 0xA4, 0x1C, 0x4A, 0x3E,
    0x2C, 0x1B, 0x44, 0x12, 0x4B, 0xBE, 0x0D, 0xE2, 0x1D, 0x10, 0xFC, 0x15, 0xEE, 0xF2, 0x54, 0x23,
    0x0E, 0x81, 0x6A, 0x1B, 0x01, 0x51, 0xDD, 0x98, 0xDD, 0x95, 0xAD, 0xE9, 0x04, 0xFC, 0xC3, 0x2F,
    0x5B, 0xC4, 0x10, 0xE4, 0x5E, 0xC2, 0xF7, 0x6A, 0x7C, 0x2B, 0x67, 0x8A, 0xD1, 0x42, 0x84, 0x63,
    0x07, 0xD5, 0xB5, 0x97, 0x55, 0x55, 0x0B, 0x7D, 0x19, 0x5D, 0xE4, 0xE6, 0xA6, 0xE2, 0xDC, 0x2B,
    0x85, 0xFE, 0x60, 0x4C, 0x6A, 0x6A, 0x28, 0x2E, 0x6A, 0xF2, 0xEE, 0xEC, 0xAE, 0x05, 0x62, 0x40,
    0xAF, 0x0E, 0xD2, 0xFA, 0x2A, 0x16, 0x8D, 0x96, 0x5C, 0x20, 0x5C, 0xE6, 0x22, 0xB8, 0x31, 0x68,
    0xE6, 0xE9, 0x87, 0x1E, 0x2A, 0x0D, 0x52, 0xBC, 0x93, 0x50, 0x76, 0x01, 0xAC, 0xC1, 0x2D, 0x35,
    0x2F, 0xFF, 0x01, 0x82, 0xFC, 0xB7, 0xA4, 0x1F, 0xF3, 0x1C, 0xA3, 0x8A, 0x67, 0x8B, 0xF0, 0xA7,
    0x85, 0x52, 0xD7, 0xD3, 0x63, 0x13, 0x3B, 0x7A, 0xE0, 0x0B, 0xB4, 0x08, 0x94, 0x16, 0x46, 0x0F,
    0xD0, 0x82, 0x3E, 0xCE, 0xB4, 0x88, 0x4C, 0xF0, 0xC9, 0x61, 0x4B, 0xB9, 0xEF, 0x75, 0xDE, 0x88,
    0xF0, 0x3B, 0x25, 0xC2, 0x12, 0x19, 0x11, 0x82, 0x9F, 0xEE, 0x38, 0x40, 0x4E, 0xF4, 0x82, 0x12,
    0xA1, 0xA2, 0x9B, 0x1A, 0x87, 0x78, 0x34, 0x1F, 0x31, 0x82, 0xC4, 0xF0, 0x19, 0x3D, 0x56, 0xE6,
    0x07, 0x24, 0x08, 0x79, 0x82, 0xD0, 0x5F, 0x03, 0x41, 0xFC, 0x95, 0x54, 0xF4, 0x75, 0x10, 0xA4,
    0xA3, 0xD7, 0x11, 0xE6, 0x70, 0xB4, 0xD6, 0xA1, 0x85, 0x81, 0xEF, 0x60, 0x3E, 0x7F, 0xC4, 0x58,
    0xF3, 0xB6, 0xD9, 0x47, 0xB4, 0x63, 0x1F, 0x74, 0x79, 0xB4, 0x5C, 0x6B, 0xB6, 0x94, 0x99, 0x95,
    0x4B, 0xE1, 0x90, 0x6B, 0x8D, 0x51, 0x9F, 0x1E, 0x8D, 0x7A, 0x2A, 0x85, 0x73, 0x6E, 0x9C, 0xD3,
    0x03, 0x0B, 0xCD, 0xB8, 0x7D, 0x32, 0x7B, 0x2A, 0xCF, 0x9E, 0x22, 0xF8, 0xAB, 0x60, 0x4F, 0x78,
    0x97, 0x4C, 0x6C, 0x95, 0x99, 0xB1, 0x3E, 0xBC, 0x95, 0xAA, 0xF2, 0xA6, 0xE8, 0x84, 0xB0, 0xC4,
    0x6A, 0xD7, 0xA5, 0x51, 0xCA, 0x59, 0xF7, 0xE3, 0xBB, 0x1F, 0x55, 0x07, 0xBA, 0xA4, 0x24, 0x69,
    0xE8, 0x7B, 0x88, 0x69, 0x1F, 0xAA, 0x44, 0x5C, 0x9F, 0xCC, 0xCA, 0xAD, 0xD6, 0x99, 0x8C, 0x48,
    0xCF, 0xA8, 0x6C, 0x8C, 0x94, 0x74, 0xAE, 0x49, 0x06, 0xC4, 0xBF, 0xA5, 0xB8, 0x7A, 0xE0, 0xA3,
    0x6A, 0xFC, 0x2B, 0xE0, 0x52, 0xF5, 0x99, 0x1D, 0xE9, 0x25, 0x7D, 0xDE, 0x6A, 0x4F, 0x4B, 0xFC,
    0x95, 0xB7, 0xCA, 0x14, 0xF7, 0xA6, 0xCA, 0xAF, 0x8E, 0xA6, 0x1D, 0x4A, 0xF5, 0x51, 0xF3, 0x51,
    0x3D, 0xC6, 0xB6, 0x20, 0x2F, 0x00, 0xF9, 0x9C, 0x19, 0xC6, 0x7C, 0x0A, 0xC8, 0xD3, 0xFD, 0x41,
    0x96, 0x62, 0x78, 0xF6, 0x20, 0xAB, 0xE0, 0xE9, 0x1F, 0xBD, 0x71, 0xC6, 0x83, 0xC5, 0xCC, 0x6E,
    0x93, 0x6B, 0x7D, 0x5C, 0xFF, 0xF6, 0x06, 0x9D, 0xB3, 0xBD, 0x98, 0xEA, 0x19, 0x04, 0xDA, 0x1C,
    0x9C, 0xDB, 0x13, 0x26, 0xC4, 0xDD, 0x67, 0x0B, 0x2A, 0xD5, 0x15, 0x02, 0x25, 0x27, 0x19, 0x39,
    0x85, 0xC7, 0x56, 0x86, 0xAF, 0x66, 0xB6, 0x9B, 0xA6, 0x80, 0x88, 0xAD, 0xD8, 0xB2, 0x3B, 0x46,
    0xDD, 0x7A, 0x3B, 0x0D, 0xBD, 0x4C, 0xB4, 0x7B, 0xBE, 0x2B, 0xDA, 0xC1, 0xF7, 0xE7, 0xCD, 0xDC,
    0xFD, 0x82, 0xB7, 0xCE, 0x21, 0x0E, 0xE3, 0xA7, 0x02, 0x5D, 0xBA, 0x11, 0xC7, 0x55, 0x0A, 0xE8,
    0xAC, 0xAB, 0xE6, 0xD5, 0x94, 0xB9, 0xD2, 0x93, 0xCC, 0xE9, 0xBC, 0xC8, 0x59, 0xEC, 0xB9, 0xAC,
    0x68, 0x4F, 0xB2, 0x0D, 0x40, 0x04, 0x90, 0x00, 0x5B, 0xB0, 0xFF, 0x41, 0xA1, 0xB8, 0x87, 0x3C,
    0xEB, 0x42, 0xC9, 0x11, 0x02, 0x35, 0x36, 0x58, 0xA3, 0xCD, 0xBC, 0x97, 0xF9, 0x40, 0x01, 0x98,
    0x90, 0xF5, 0x14, 0xBF, 0x3F, 0x52, 0x38, 0x59, 0x6F, 0xD2, 0x3F, 0x4E, 0xCA, 0x33, 0x4A, 0x47,
    0x4A, 0xDF, 0x99, 0x29, 0x52, 0xE3, 0x9C, 0x28, 0xFB, 0xE5, 0x42, 0xEA, 0x96, 0xF2, 0x30, 0x7F,
    0x93, 0x49, 0x4F, 0x16, 0x21, 0xA6, 0x2B, 0x64, 0x8E, 0xAE, 0x85, 0x0B, 0x95, 0x54, 0x57, 0x59,
    0x6B, 0x95, 0xDF, 0x92, 0x64, 0x72, 0xAD, 0x82, 0x0B, 0x79, 0xAB, 0x71, 0xEA, 0xB0, 0x75, 0x25,
    0x5F, 0xB7, 0x4E, 0xD1, 0x29, 0x7F, 0x21, 0xAB, 0xF6, 0xA5, 0x75, 0xED, 0x57, 0xB2, 0x73, 0x6F,
    0xAD, 0xCE, 0xDF, 0xE9, 0x65, 0x27, 0xEB, 0x68, 0xF6, 0x47, 0xC9, 0x6E, 0x34, 0x18, 0xD3, 0xF7,
    0x5B, 0x8A, 0x96, 0xC9, 0xC3, 0xD6, 0x50, 0xE8, 0x11, 0x88, 0x65, 0x1E, 0x78, 0x6E, 0x46, 0xE8,
    0x8A, 0x9F, 0x87, 0xA8, 0xB4, 0xEE, 0x3C, 0x67, 0xC9, 0xBA, 0x73, 0xC4, 0xDA, 0x37, 0xC0, 0xFA,
    0x47, 0x91, 0xFF, 0x56, 0xC8, 0xEE, 0xD9, 0x9F, 0xBD, 0xE3, 0xB1, 0x75, 0x15, 0x6F, 0x50, 0x5D,
    0xD9, 0x95, 0x15, 0x1E, 0xCF, 0x0B, 0x67, 0xE2, 0x29, 0xFA, 0x90, 0x77, 0x65, 0x71, 0x2E, 0x65,
    0x59, 0x57, 0xC8, 0x24, 0x13, 0x11, 0x49, 0x4B, 0xF6, 0x87, 0x68, 0x51, 0xC8, 0xD2, 0x0E, 0x29,
    0x0A, 0x6E, 0x59, 0x83, 0xAC, 0x24, 0x0D, 0x69, 0x1E, 0x57, 0x40, 0x4F, 0x76, 0x2B, 0x1B, 0xC0,
    0x55, 0x02, 0xEC, 0xE8, 0x2F, 0x93, 0xF4, 0x56, 0x9A, 0x98, 0xFC, 0xCF, 0x44, 0x33, 0xE0, 0x4B,
    0x7F, 0x31, 0xD3, 0x04, 0x7F, 0xCE, 0x1A, 0x0E, 0x25, 0xEB, 0x64, 0xC8, 0x8B, 0x3A, 0x92, 0xDE,
    0x44, 0xA3, 0xA3, 0xF2, 0x07, 0x3D, 0x20, 0x7B, 0x83, 0xDC, 0xDB, 0xD2, 0x89, 0x60, 0xFE, 0x39,
    0xE5, 0xBF, 0x46, 0xAD, 0xD2, 0xC7, 0xEC, 0x0E, 0x26, 0xB5, 0xC0, 0x8C, 0xA6, 0x51, 0x39, 0x48,
    0x57, 0x69, 0x25, 0x87, 0x02, 0xD1, 0xA9, 0xF3, 0x1C, 0x6D, 0x57, 0x64, 0xCD, 0x4A, 0xAC, 0xFD,
    0xF9, 0x7B, 0xFA, 0x4A, 0xF9, 0x26, 0x1E, 0x0A, 0xA1, 0xD0, 0x64, 0xE1, 0x8C, 0x92, 0xFD, 0x04,
    0x9E, 0x83, 0xCE, 0x19, 0x2F, 0x12, 0x8A, 0x8C, 0xE7, 0x5C, 0xDA, 0xB1, 0xC7, 0xB7, 0x95, 0xCB,
    0x22, 0x59, 0x2C, 0xBC, 0x28, 0x53, 0xA1, 0xDC, 0xBC, 0x57, 0xF2, 0xA5, 0x93, 0x2A, 0x37, 0x9E,
    0x29, 0x6D, 0xB1, 0x39, 0x29, 0xAB, 0xB8, 0x50, 0x10, 0xEA, 0xA6, 0x36, 0xEB, 0x52, 0x5A, 0x64,
    0xFF, 0x37, 0x1A, 0x51, 0x7A, 0xCB, 0xB3, 0xDB, 0xC5, 0x96, 0x8B, 0x0F, 0x12, 0x2E, 0xF3, 0xE2,
    0xCD, 0x14, 0xF5, 0x59, 0xA0, 0xBD, 0x03, 0x23, 0xAC, 0xF1, 0xD0, 0x4D, 0xBE, 0x42, 0x25, 0xC7,
    0x5C, 0xA3, 0xA9, 0xD1, 0x98, 0x43, 0x0F, 0x69, 0xAF, 0x72, 0xC9, 0x1A, 0xC0, 0x22, 0x4C, 0xA0,
    0x8E, 0xEE, 0x63, 0x00, 0xA3, 0xEC, 0xD1, 0x58, 0x90, 0x7E, 0x55, 0x94, 0xCF, 0x8A, 0x85, 0x08,
    0x14, 0xB4, 0xCE, 0x4C, 0xC7, 0x58, 0x1B, 0xEE, 0x60, 0xCA, 0x87, 0xE0, 0xC5, 0xC3, 0x59, 0x2D,
    0x3D, 0x98, 0x75, 0x5B, 0x55, 0x72, 0x32, 0xA8, 0x88, 0xA3, 0x51, 0x1D, 0x30, 0x9A, 0x54, 0xAE,
    0xC1, 0x9C, 0x99, 0x3A, 0x4D, 0x98, 0xA5, 0xD7, 0xA1, 0x9D, 0x0D, 0xB9, 0x57, 0xDC, 0x78, 0xC8,
    0x31, 0x4D, 0x1A, 0xB9, 0x79, 0xA0, 0x89, 0x29, 0x30, 0x4A, 0x24, 0xFA, 0x59, 0x50, 0x4F, 0xD6,
    0x80, 0xDE, 0x82, 0x2E, 0x9C, 0x7B, 0x1D, 0x09, 0x69, 0xF3, 0xCA, 0xE0, 0xA8, 0x7B, 0x63, 0x11,
    0x5B, 0xAC, 0x0C, 0x27, 0xFF, 0x9C, 0xEE, 0xA7, 0x24, 0x6E, 0x53, 0x59, 0x5A, 0x62, 0x93, 0x1A,
    0x89, 0x64, 0x5F, 0xB1, 0xC5, 0x5A, 0xD2, 0x02, 0x33, 0x84, 0xBD, 0xB0, 0x48, 0xCA, 0x06, 0xE3,
    0xAB, 0xD0, 0x47, 0x7B, 0x21, 0x3A, 0xD3, 0x66, 0x48, 0xFB, 0xEC, 0xE0, 0xE3, 0x4A, 0xFB, 0x20,
    0x85, 0x58, 0x23, 0xF2, 0xCE, 0x3A, 0xB1, 0xDA, 0x50, 0x3C, 0x1A, 0xF7, 0x57, 0xCB, 0x59, 0x6D,
    0x65, 0xB5, 0x94, 0x8D, 0xB7, 0x7F, 0xC0, 0xB8, 0xC7, 0x7C, 0xE0, 0x95, 0xD1, 0xEF, 0x46, 0x0A,
    0xCD, 0x7F, 0xCC, 0x37, 0x1B, 0x6F, 0x74, 0x92, 0xA7, 0x12, 0x52, 0xED, 0x29, 0x30, 0x6E, 0x1E,
    0x9C, 0xD8, 0xA9, 0x8C, 0xC1, 0xD2, 0x1C, 0x63, 0xEB, 0x6C, 0x84, 0x4F, 0xC2, 0x88, 0x23, 0xB5,
    0x30, 0x51, 0x94, 0x53, 0x8C, 0x9F, 0xB7, 0xAE, 0x59, 0x0F, 0xED, 0x60, 0xF1, 0x0E, 0x90, 0x68,
    0x0B, 0xB2, 0xD1, 0xDB, 0x02, 0xD9, 0x29, 0x73, 0xE8, 0x95, 0x74, 0xDA, 0x4A, 0xA0, 0xEC, 0xFC,
    0x2B, 0x41, 0x1B, 0x4A, 0x6A, 0x61, 0x1F, 0x0B, 0x2F, 0xA2, 0x1E, 0xAF, 0xC4, 0xBD, 0x1B, 0xD0,
    0x5B, 0xBC, 0x92, 0x75, 0xAC, 0xF9, 0xD4, 0x9A, 0xA1, 0xE6, 0xB6, 0x45, 0x5E, 0x39, 0xE2, 0xCF,
    0x19, 0xBF, 0x7A, 0xDE, 0xAB, 0xC4, 0xBD, 0x16, 0x15, 0xCD, 0x40, 0x93, 0x29, 0x8E, 0x15, 0x8D,
    0x72, 0x5B, 0x0C, 0x3D, 0x96, 0xED, 0xA4, 0xCA, 0xBA, 0x72, 0x60, 0xE9, 0x15, 0xAC, 0xF7, 0x82,
    0x51, 0xD9, 0x75, 0x7A, 0x12, 0xF9, 0x13, 0x22, 0x9E, 0x56, 0x8A, 0xEB, 0x7D, 0x49, 0xE5, 0x2A,
    0xEE, 0x0F, 0x72, 0x3F, 0x1C, 0xE4, 0x7E, 0x34, 0xC8, 0xD6, 0x49, 0x8F, 0x2C, 0x75, 0xE8, 0x4A,
    0xEC, 0x41, 0x9E, 0xAD, 0x46, 0x06, 0x8F, 0x5C, 0xBF, 0xBD, 0x73, 0x16, 0x97, 0x15, 0x93, 0x2A,
    0xDF, 0x56, 0xDF, 0x28, 0x32, 0x95, 0x20, 0x23, 0x3B, 0x3B, 0x3A, 0x09, 0x99, 0x66, 0x63, 0x45,
    0x1E, 0x19, 0x33, 0x3C, 0x6D, 0xBB, 0xE6, 0x6D, 0xAF, 0x18, 0x23, 0xA2, 0x65, 0x8B, 0x4C, 0xD6,
    0x6F, 0x5F, 0x01, 0x78, 0x2D, 0x8A, 0x13, 0x64, 0xE6, 0x2D, 0x32, 0xE8, 0xEF, 0xFD, 0x91, 0xA9,
    0x57, 0x2F, 0x8D, 0x6C, 0xC0, 0x83, 0x85, 0xCE, 0xAE, 0xB2, 0xC7, 0x30, 0x38, 0xC5, 0x43, 0x7C,
    0xAA, 0x75, 0xE8, 0xFB, 0x15, 0x1C, 0x13, 0x2F, 0x7A, 0x7C, 0xFB, 0x55, 0x08, 0x70, 0xAF, 0x60,
    0x51, 0xDD, 0xED, 0xDC, 0xBF, 0x84, 0x6D, 0x5F, 0x0F, 0x25, 0xD9, 0x49, 0xEE, 0x07, 0xB0, 0x2E,
    0x39, 0xD5, 0x36, 0x8B, 0xEA, 0x1E, 0xF4, 0x33, 0x0A, 0xF5, 0xC4, 0x48, 0x55, 0xF2, 0x20, 0x4A,
    0xD9, 0xA2, 0x0F, 0xF9, 0x5F, 0x66, 0x3D, 0xA7, 0x46, 0xCD, 0xBC, 0xDB, 0xBA, 0xD6, 0x73, 0x4F,
    0x44, 0x2A, 0xF5, 0x59, 0x52, 0x71, 0x67, 0x49, 0x25, 0x7F, 0x10, 0xA9, 0x14, 0x74, 0x81, 0xE2,
    0x96, 0x4A, 0xB1, 0x33, 0x91, 0x44, 0x34, 0xC1, 0xE3, 0x19, 0x7D, 0x2B, 0xEF, 0x34, 0x28, 0xA9,
    0xF0, 0xB6, 0x1C, 0x4E, 0xA7, 0xE3, 0x73, 0x44, 0x2A, 0xCD, 0x15, 0x48, 0xE5, 0xC5, 0x93, 0xA4,
    0x12, 0x1C, 0x91, 0x4A, 0x6B, 0xF7, 0x37, 0x52, 0x09, 0x06, 0xD9, 0xDA, 0x4B, 0x05, 0xC9, 0xEA,
    0xB0, 0x4A, 0x25, 0x41, 0x32, 0xB5, 0x20, 0x25, 0xA7, 0x99, 0xC0, 0x34, 0x5F, 0x9E, 0x44, 0xD3,
    0xC1, 0x00, 0x80, 0xAF, 0x1A, 0x24, 0xD8, 0xC2, 0xE8, 0xFD, 0x04, 0x86, 0x3D, 0xBE, 0x57, 0xE0,
    0x20, 0x69, 0xE0, 0xB5, 0x0D, 0xFD, 0x3F, 0xED, 0x75, 0xBF, 0x93, 0xE6, 0xD6, 0x95, 0xDD, 0x03,
    0x30, 0xDD, 0xA8, 0x15, 0x6A, 0x8D, 0x09, 0x38, 0x2C, 0x2F, 0x5B, 0x65, 0x28, 0x50, 0xE0, 0xAA,
    0x2D, 0x13, 0x0E, 0x37, 0x20, 0x05, 0xD0, 0xAE, 0xB2, 0xD3, 0x09, 0xA6, 0x1D, 0x48, 0x01, 0x93,
    0xCD, 0x18, 0x74, 0xA2, 0x40, 0x01, 0x45, 0xC0, 0xDC, 0x3F, 0xC0, 0xE3, 0x2A, 0x65, 0x0E, 0xD6,
    0x81, 0xB6, 0x6A, 0xCD, 0x0D, 0x86, 0x81, 0x02, 0x05, 0xDA, 0x79, 0xD0, 0x26, 0x0A, 0x1C, 0x08,
    0x92, 0x5D, 0xA5, 0x50, 0x70, 0x79, 0xB6, 0x56, 0x4B, 0x06, 0x42, 0x00, 0x5B, 0xE8, 0x21, 0x80,
    0xE7, 0x73, 0xEE, 0x7D, 0x0F, 0xDF, 0xD7, 0xBF, 0x86, 0x2B, 0x8A, 0x14, 0xB9, 0xE6, 0xA2, 0xBA,
    0xDF, 0xBD, 0xC0, 0x07, 0xBC, 0x77, 0xEF, 0xB9, 0xE7, 0x9E, 0x6B, 0x0C, 0xAF, 0xE8, 0xA1, 0x18,
    0x93, 0xCD, 0x6A, 0xD3, 0xE5, 0x9A, 0xE5, 0xF3, 0xF3, 0x87, 0x26, 0x9F, 0x8C, 0x29, 0x9D, 0x6B,
    0x8B, 0xC1, 0xC4, 0xCE, 0xB9, 0xB9, 0xE9, 0x4C, 0xE1, 0x3E, 0x74, 0x6E, 0x33, 0xC6, 0x4E, 0xE6,
    0xCC, 0x4D, 0x26, 0x72, 0x35, 0xFE, 0x47, 0x93, 0xAE, 0xF8, 0xA2, 0x9A, 0x4D, 0xCE, 0x2F, 0x8B,
    0xC5, 0x14, 0x23, 0xB7, 0x5F, 0x4D, 0xD5, 0xC3, 0x26, 0x9B, 0xA9, 0x3A, 0xD8, 0xD8, 0x99, 0x86,
    0x36, 0x72, 0xC6, 0xB6, 0x6A, 0xF1, 0x39, 0x2E, 0x57, 0x7F, 0x8C, 0x35, 0xCE, 0xBF, 0x6F, 0xFD,
    0xF7, 0xB2, 0x4F, 0xBC, 0x99, 0x46, 0xF6, 0x5F, 0x4C, 0x35, 0x6A, 0x3A, 0x85, 0x9C, 0x3F, 0x9A,
    0x5C, 0xE2, 0x19, 0x4C, 0x2A, 0xF1, 0x75, 0x38, 0x9A, 0xF1, 0xE2, 0x59, 0x83, 0xF8, 0x99, 0x65,
    0x81, 0x7C, 0xF8, 0x6D, 0x64, 0xDD, 0xAA, 0x98, 0x9C, 0xD7, 0x9A, 0xBC, 0x47, 0x47, 0xB1, 0x48,
    0xD6, 0xA3, 0x75, 0xC1, 0xDB, 0x33, 0xB0, 0x01, 0x24, 0xBF, 0x1C, 0x0C, 0x36, 0x70, 0x6D, 0xE2,
    0xDE, 0xB0, 0x2B, 0xB3, 0xCE, 0x36, 0x53, 0x12, 0x25, 0xC9, 0xD4, 0xB5, 0x0D, 0xE2, 0xB5, 0x1D,
    0xB3, 0x6C, 0x3A, 0xE6, 0x50, 0xE9, 0xDA, 0x1F, 0xAD, 0x1D, 0x73, 0xC2, 0xDA, 0xF1, 0x1D, 0xE6,
    0x65, 0xDB, 0x66, 0x60, 0xAE, 0xD5, 0xC4, 0xCC, 0x8A, 0xCD, 0x64, 0x8B, 0xC9, 0xDC, 0x73, 0xA0,
    0x1B, 0xF1, 0x28, 0x96, 0x42, 0xEA, 0xB5, 0x07, 0x6A, 0xCC, 0x4B, 0x21, 0x64, 0x17, 0x9E, 0x1C,
    0x9C, 0xFA, 0xDA, 0x93, 0xD4, 0x31, 0x64, 0xEE, 0xB5, 0x88, 0x83, 0x8A, 0x0E, 0x80, 0xE3, 0x19,
    0x0E, 0xDE, 0xFC, 0xFB, 0x92, 0xE7, 0x17, 0xC9, 0x61, 0x0D, 0x98, 0xF9, 0xEE, 0x48, 0x55, 0x08,
    0x96, 0x50, 0x97, 0xD5, 0x27, 0x47, 0xA5, 0xFC, 0x42, 0x01, 0xA0, 0x16, 0x49, 0x5D, 0x01, 0x9C,
    0x15, 0x08, 0x88, 0x9D, 0xD2, 0xBA, 0xD4, 0x8A, 0x13, 0xC1, 0x47, 0x3B, 0x82, 0xBE, 0x15, 0xF2,
    0xF9, 0xB8, 0x01, 0xBC, 0xC9, 0xE7, 0x08, 0x15, 0x7C, 0xD9, 0x0E, 0x15, 0x0B, 0xED, 0xEA, 0xC6,
    0xD5, 0xA9, 0xF0, 0xA8, 0x8E, 0x9E, 0x4C, 0x12, 0x61, 0xFE, 0xA9, 0x9B, 0x56, 0x0C, 0x32, 0x04,
    0x0B, 0x4C, 0x33, 0x44, 0x38, 0xCF, 0x54, 0x9B, 0x75, 0xDB, 0xF7, 0x48, 0xD9, 0x5F, 0x20, 0x95,
    0xD4, 0x6D, 0x09, 0x89, 0xF0, 0xA0, 0x8E, 0xCE, 0xF7, 0x34, 0xCC, 0xFB, 0x26, 0x1E, 0x0E, 0x49,
    0x2D, 0x26, 0x1F, 0x0F, 0xBF, 0xB9, 0x5A, 0xDA, 0xCF, 0x5F, 0xA0, 0xDF, 0xE1, 0xC6, 0x14, 0x1F,
    0xAD, 0x47, 0x77, 0x4C, 0xEF, 0xE8, 0x0A, 0x78, 0xF9, 0x0F, 0x5B, 0xF3, 0xE2, 0xEB, 0xE4, 0x9B,
    0x47, 0x01, 0x01, 0x6D, 0x77, 0xE9, 0x1B, 0xCD, 0x75, 0x15, 0xD7, 0x41, 0x9F, 0xBA, 0xFE, 0x0C,
    0xAC, 0x66, 0xDB, 0xC9, 0xD3, 0x9E, 0x22, 0x71, 0x81, 0xC4, 0x11, 0x24, 0x5B, 0x15, 0x77, 0x31,
    0x1F, 0xB6, 0x26, 0x71, 0x46, 0x04, 0xA4, 0x19, 0x4D, 0x55, 0x8B, 0xC4, 0xF0, 0x0E, 0xEA, 0x52,
    0x69, 0xC1, 0x78, 0x87, 0x1E, 0x79, 0xD5, 0xD7, 0xBF, 0x17, 0xA5, 0x21, 0x3F, 0x7A, 0xBD, 0x8B,
    0x9D, 0xD4, 0xBF, 0xD5, 0x3B, 0xE9, 0x11, 0x6E, 0xA9, 0xA2, 0xE4, 0x54, 0xA0, 0xC2, 0x1D, 0xA8,
    0x22, 0xDA, 0xB1, 0xDF, 0x09, 0x9D, 0xF6, 0x3B, 0xD1, 0x9D, 0xF0, 0x9D, 0x6C, 0xB9, 0xDF, 0xC9,
    0x96, 0xFB, 0x09, 0xF9, 0x12, 0xEE, 0xD0, 0xC3, 0xA6, 0x9C, 0xC2, 0x1D, 0x39, 0x5D, 0x0D, 0xE1,
    0x8E, 0x04, 0x43, 0xAA, 0x91, 0xE4, 0xCE, 0x5C, 0x62, 0x1C, 0x12, 0x8F, 0x72, 0x57, 0x42, 0x4D,
    0xF1, 0x69, 0xA2, 0x77, 0xC8, 0x85, 0x5B, 0xA6, 0x72, 0x47, 0x35, 0xE3, 0x96, 0x39, 0xEF, 0x4E,
    0x20, 0x3C, 0x86, 0x8A, 0x51, 0x0C, 0xA7, 0x1E, 0x5D, 0x27, 0x78, 0x12, 0x55, 0xE2, 0x60, 0x03,
    0xF2, 0xDB, 0x63, 0xE3, 0xB1, 0xBE, 0xAB, 0x82, 0xB5, 0xB9, 0x77, 0xE0, 0x00, 0x54, 0xE1, 0x70,
    0x33, 0x45, 0x07, 0x7E, 0x24, 0x2B, 0x07, 0x43, 0xA8, 0xB2, 0x43, 0x14, 0xA1, 0xC8, 0xD0, 0x91,
    0xCE, 0x84, 0x1A, 0xA3, 0xE4, 0x35, 0xFE, 0xB5, 0xC4, 0x14, 0x46, 0x13, 0x2A, 0x6C, 0xE2, 0x45,
    0x6F, 0xE2, 0x9D, 0x59, 0xBE, 0xBE, 0x87, 0x9B, 0x62, 0x39, 0xBA, 0xC9, 0x8E, 0x6F, 0x50, 0xDC,
    0x32, 0xF0, 0x85, 0xB5, 0xE5, 0xCD, 0x18, 0x80, 0xAF, 0xE4, 0x6C, 0x5F, 0x13, 0xB0, 0x05, 0x8D,
    0xEB, 0x8B, 0x57, 0x49, 0x5D, 0xFC, 0xCD, 0xEB, 0x22, 0x25, 0xFE, 0xE6, 0x35, 0xE9, 0xB5, 0x9D,
    0x0D, 0x55, 0x7F, 0x74, 0x63, 0x8F, 0x58, 0x13, 0xB9, 0xA3, 0x92, 0xA6, 0xCB, 0x51, 0x45, 0xF3,
    0xF1, 0xA8, 0xA0, 0xF2, 0xAD, 0xAF, 0x27, 0xBF, 0x7F, 0x18, 0xCA, 0xC9, 0xCF, 0xA6, 0x50, 0x4D,
    0xBC, 0x19, 0x4F, 0xA1, 0x98, 0xF8, 0x3E, 0xC1, 0xCD, 0x20, 0xB5, 0xC4, 0xB3, 0xB3, 0x31, 0xF5,
    0x20, 0xB2, 0x78, 0x63, 0xA8, 0xA4, 0x3C, 0x0B, 0x85, 0x6C, 0xDC, 0xAE, 0x63, 0xE6, 0xBE, 0x89,
    0x82, 0xCC, 0xA3, 0xE5, 0x89, 0xFD, 0x29, 0x36, 0xDA, 0x64, 0x08, 0x45, 0x84, 0xBF, 0x69, 0xAD,
    0x21, 0x58, 0x70, 0xCB, 0x9F, 0x49, 0x25, 0xBF, 0xC5, 0xB0, 0x7F, 0x33, 0x87, 0xB1, 0x96, 0xB8,
    0x71, 0x9F, 0x70, 0xAE, 0xDB, 0x5D, 0xED, 0xF5, 0xE4, 0xB8, 0xF6, 0x37, 0xDD, 0xD8, 0xFD, 0xDD,
    0x7A, 0xE8, 0xF6, 0x15, 0x7B, 0x41, 0x6A, 0xA9, 0xB7, 0xEA, 0xAE, 0x89, 0x7B, 0xDC, 0xAC, 0x86,
    0x19, 0x2D, 0x80, 0x04, 0xFD, 0x0B, 0x6A, 0x15, 0x13, 0x00, 0xC1, 0x0E, 0x29, 0xCB, 0x88, 0x30,
    0xE9, 0x76, 0x40, 0xAB, 0x51, 0xB7, 0x06, 0xD6, 0x80, 0x4E, 0x8E, 0x00, 0x52, 0x80, 0x48, 0x5C,
    0xD4, 0x29, 0xB8, 0x40, 0x29, 0xB8, 0x78, 0xD1, 0xBB, 0xEC, 0x74, 0xEF, 0x4A, 0x6B, 0xB5, 0xA1,
    0x3A, 0xF7, 0x6C, 0xA7, 0xAD, 0xD7, 0x9B, 0x02, 0xD3, 0x82, 0x2E, 0x95, 0x06, 0xCD, 0x8D, 0xDE,
    0x67, 0x5D, 0x9A, 0x72, 0x35, 0x0C, 0x12, 0x5F, 0x6D, 0x39, 0x71, 0xFE, 0xFB, 0x5C, 0x43, 0x77,
    0x97, 0xCE, 0x15, 0x32, 0x3B, 0xAC, 0x6B, 0x9D, 0xFC, 0xB6, 0x98, 0x93, 0x47, 0xE6, 0x5C, 0x01,
    0xAF, 0xA4, 0x4A, 0x78, 0x3A, 0x55, 0x52, 0x0E, 0x7A, 0x85, 0xF4, 0x42, 0xE6, 0xB6, 0x5A, 0xB9,
    0x70, 0xA0, 0xD7, 0x17, 0xDC, 0xFB, 0x17, 0xBB, 0x57, 0xEE, 0x5E, 0xB5, 0x7B, 0xCD, 0xEE, 0xB9,
    0xE0, 0x45, 0x1B, 0xBD, 0xD8, 0x49, 0xAD, 0xA9, 0x46, 0x4E, 0xE0, 0x39, 0x78, 0xC5, 0x3E, 0x7E,
    0x8A, 0xC1, 0x1C, 0xF5, 0xB0, 0x5E, 0xCD, 0x3E, 0x8E, 0x76, 0x45, 0x4A, 0xF6, 0xA1, 0x54, 0x2E,
    0xFB, 0xA3, 0x69, 0x27, 0xDA, 0x2E, 0x5C, 0x8F, 0x8E, 0x26, 0x4C, 0x78, 0x68, 0xC3, 0x11, 0xD2,
    0x31, 0x43, 0x70, 0x7A, 0xF9, 0xA9, 0x64, 0x39, 0xE4, 0xE5, 0xA6, 0xBF, 0x1E, 0xC8, 0x1D, 0x4E,
    0xF4, 0xA4, 0xF3, 0xCD, 0xEC, 0xBC, 0xD3, 0x04, 0xE7, 0x95, 0xE0, 0x30, 0x87, 0x4F, 0xD3, 0xC9,
    0x83, 0x53, 0xD4, 0xDE, 0xA9, 0x6E, 0x38, 0x36, 0xBC, 0xE3, 0xE0, 0x08, 0xF8, 0x74, 0x04, 0xF1,
    0x2D, 0x38, 0xCB, 0x01, 0xDC, 0xDD, 0xB1, 0x01, 0x28, 0x57, 0x07, 0x3C, 0x83, 0xBC, 0xAF, 0xD7,
    0x40, 0x8F, 0x9D, 0x2F, 0x5C, 0x1E, 0x20, 0x4F, 0x66, 0x02, 0xD2, 0x9B, 0x0C, 0x48, 0xF6, 0xA6,
    0x9C, 0x2B, 0x0A, 0xF0, 0x72, 0x62, 0xB9, 0x32, 0x98, 0x72, 0xE6, 0x9A, 0x79, 0xED, 0xBD, 0x7D,
    0x7D, 0x8B, 0x82, 0x97, 0x39, 0xAE, 0xB9, 0xAC, 0x91, 0x15, 0x09, 0xCC, 0x3F, 0x93, 0x35, 0x46,
    0xC5, 0x73, 0xB6, 0x65, 0x17, 0x56, 0x49, 0x48, 0x12, 0x53, 0x5E, 0x96, 0xC3, 0x21, 0x3C, 0x11,
    0xBD, 0x4C, 0x00, 0x69, 0x88, 0x46, 0xA4, 0x08, 0xB0, 0x87, 0xE9, 0x61, 0x83, 0x77, 0x41, 0xF2,
    0xCA, 0xCD, 0xE2, 0xFF, 0x5B, 0xF8, 0x29, 0x40, 0x36, 0x67, 0x6E, 0x86, 0xD2, 0x3D, 0xC6, 0x33,
    0xEE, 0xE4, 0x45, 0x86, 0x98, 0xED, 0x7E, 0x77, 0xE4, 0x8F, 0x07, 0xFF, 0xA7, 0xF3, 0xC1, 0xFF,
    0xC9, 0x7A, 0xF0, 0xFF, 0xC6, 0x1D, 0xFC, 0x8E, 0x1A, 0x15, 0x7C, 0xD0, 0x76, 0xF7, 0xA1, 0x9D,
    0xBB, 0x0F, 0x49, 0xDD, 0x7D, 0xAC, 0xBB, 0x8F, 0xE2, 0xEE, 0x3E, 0xFA, 0xEB, 0xE0, 0x07, 0xBD,
    0xA5, 0x5F, 0x8C, 0x07, 0x3F, 0x9B, 0x0F, 0x7E, 0xB2, 0x1E, 0xFC, 0xC8, 0x1D, 0x7C, 0x63, 0xED,
    0xC1, 0x67, 0x6E, 0xC1, 0x2F, 0x8E, 0xFC, 0x4C, 0xFD, 0x53, 0x76, 0x5C, 0x42, 0x7F, 0x21, 0x64,
    0x9D, 0x60, 0xBC, 0xFB, 0x60, 0x65, 0x1A, 0x3A, 0xFC, 0x25, 0x30, 0x70, 0x3E, 0x34, 0x74, 0x3E,
    0x1D, 0xFC, 0x83, 0x80, 0x60, 0xEF, 0xE1, 0xE0, 0xBB, 0x5D, 0x3A, 0x7C, 0xD1, 0xFC, 0xE3, 0xC3,
    0x78, 0x3A, 0xC8, 0x01, 0xAE, 0x07, 0xE6, 0xE8, 0x7A, 0xBA, 0x7B, 0x47, 0x82, 0x82, 0x40, 0xAD,
    0xC4, 0x48, 0xD1, 0xEF, 0x44, 0x3E, 0xE0, 0xE2, 0x85, 0x92, 0x55, 0xB3, 0xA0, 0xEB, 0x53, 0x20,
    0xC1, 0x88, 0xF5, 0x38, 0xB4, 0xDA, 0xEE, 0xBA, 0x83, 0x6B, 0xBB, 0xDD, 0x65, 0xB8, 0x4E, 0x44,
    0xC4, 0x15, 0x13, 0x5D, 0xE2, 0xE5, 0xB2, 0x45, 0xFA, 0x96, 0x6E, 0xB2, 0xD1, 0x7D, 0x99, 0x6E,
    0x84, 0x96, 0x74, 0x02, 0x0A, 0xE6, 0x5E, 0xB7, 0xBB, 0xD8, 0x22, 0xB8, 0x00, 0x25, 0xB8, 0xC0,
    0x2D, 0xB8, 0xD8, 0x22, 0xB8, 0xE8, 0xEA, 0xDD, 0x6D, 0xBA, 0xDD, 0x2D, 0x87, 0xDD, 0xCD, 0xA7,
    0xDD, 0x4D, 0x97, 0xDD, 0x8D, 0xB7, 0xDD, 0x95, 0x4C, 0xBC, 0xDB, 0x1C, 0xDC, 0x52, 0xDC, 0x33,
    0x4E, 0xB5, 0x5C, 0x5C, 0xCB, 0xF7, 0x12, 0x3D, 0x87, 0x6E, 0xE4, 0x0E, 0x2A, 0xF3, 0xF0, 0x58,
    0xD6, 0x0F, 0x92, 0x73, 0x10, 0x9D, 0x23, 0xD9, 0x39, 0x12, 0x9E, 0x23, 0xBD, 0x3F, 0x88, 0xCF,
    0x91, 0xFC, 0xA8, 0x00, 0xDD, 0xA8, 0x60, 0x7C, 0x34, 0x38, 0xBA, 0x1B, 0xDE, 0x51, 0x79, 0x9F,
    0x9A, 0x7F, 0xF0, 0x75, 0xD1, 0x96, 0x28, 0xCC, 0xA9, 0xAD, 0x0B, 0xB6, 0x7C, 0x87, 0xDA, 0xD7,
    0x95, 0xFB, 0x73, 0x87, 0xA0, 0x9C, 0xAB, 0xCF, 0xD0, 0xEC, 0xCD, 0x0C, 0xFD, 0xAF, 0xA9, 0x7B,
    0xF9, 0x22, 0x79, 0x55, 0xA3, 0x70, 0x99, 0x5E, 0x2F, 0x5D, 0xF0, 0xF9, 0x79, 0x11, 0x78, 0x99,
    0xBB, 0x67, 0xF0, 0x0A, 0x4E, 0x05, 0x10, 0xD6, 0xD5, 0x25, 0x3C, 0x2B, 0xDE, 0x5E, 0x8B, 0xE0,
    0x44, 0xBB, 0x17, 0x6F, 0x3B, 0xD0, 0x7B, 0x4D, 0xF2, 0xBD, 0x24, 0x76, 0xDC, 0x9B, 0xAD, 0x0F,
    0x9D, 0xB9, 0x7F, 0x9A, 0x3D, 0xE3, 0xFA, 0x27, 0xC6, 0x48, 0xDF, 0x6E, 0xBE, 0xAF, 0x6D, 0xAB,
    0xBD, 0x5B, 0x0D, 0xCA, 0x87, 0x7C, 0x75, 0xBE, 0x3C, 0x7E, 0x57, 0xE7, 0xDB, 0xBC, 0xF2, 0x3B,
    0x9E, 0xD6, 0xD7, 0x0A, 0x71, 0xDF, 0x47, 0x36, 0x5F, 0x8D, 0xA6, 0xF0, 0xF1, 0x95, 0x3E, 0x80,
    0xCA, 0x5B, 0xEB, 0xAB, 0xBD, 0xEA, 0x79, 0xD1, 0xA2, 0x1B, 0x27, 0xB3, 0xEA, 0x46, 0x32, 0x6A,
    0x3C, 0xD9, 0xE8, 0x07, 0x41, 0x9F, 0xC9, 0x86, 0x45, 0xA7, 0xF1, 0x56, 0x6D, 0x22, 0x10, 0x34,
    0xB5, 0xF2, 0xD3, 0x9A, 0x48, 0x00, 0x23, 0xAC, 0x2D, 0xB9, 0xE4, 0x44, 0xB7, 0x12, 0x5A, 0x6C,
    0x9C, 0xD2, 0x0E, 0x3A, 0x4F, 0x20, 0xC7, 0x26, 0x87, 0xCF, 0x36, 0x2F, 0x3B, 0x8D, 0x54, 0x84,
    0x70, 0xE1, 0x76, 0xC6, 0x68, 0xA3, 0x4B, 0xCB, 0xA4, 0xA8, 0x0D, 0x22, 0xFF, 0x55, 0x05, 0xA5,
    0x8A, 0x65, 0xA0, 0xAC, 0xDC, 0x72, 0x8D, 0x24, 0xDD, 0xBC, 0x8B, 0x16, 0x6E, 0x95, 0x4C, 0x54,
    0x44, 0x6E, 0x19, 0xAF, 0xDC, 0xD0, 0x38, 0x6E, 0x63, 0xAA, 0xED, 0x80, 0x43, 0x32, 0xDE, 0xCE,
    0xDE, 0x8C, 0xC1, 0x62, 0x24, 0xCD, 0x74, 0x29, 0x87, 0xE5, 0x4A, 0x81, 0xAC, 0x46, 0x66, 0x85,
    0x19, 0xA2, 0xE3, 0x05, 0x99, 0x9D, 0xD4, 0x9E, 0x10, 0x87, 0xF5, 0x15, 0x10, 0x5C, 0x12, 0xAD,
    0x51, 0x5D, 0xAE, 0xD5, 0x65, 0x8D, 0xD5, 0xCA, 0xFB, 0x57, 0xFE, 0x5A, 0x62, 0x63, 0xFB, 0x14,
    0x48, 0x34, 0x1B, 0x81, 0x29, 0xDD, 0x86, 0xB1, 0x97, 0xB9, 0xA9, 0x40, 0x8C, 0xE7, 0x26, 0xAA,
    0xCD, 0x57, 0x8D, 0x79, 0xBB, 0x01, 0xAD, 0xAA, 0x2E, 0x9B, 0x8B, 0xA9, 0x1C, 0xB2, 0xD5, 0xB6,
    0x31, 0x55, 0xD3, 0x2E, 0x2A, 0xEB, 0xF1, 0x41, 0x1B, 0x72, 0xE7, 0x26, 0xFC, 0x8F, 0x29, 0x47,
    0x06, 0xCB, 0xF3, 0x19, 0xFD, 0x47, 0xD6, 0x0D, 0xFE, 0xAC, 0xE9, 0x3E, 0x82, 0x44, 0x07, 0xF7,
    0x1B, 0x2A, 0xDF, 0xB4, 0xD6, 0x94, 0x3F, 0x5B, 0x4D, 0xFE, 0x9B, 0x19, 0xD5, 0x18, 0x75, 0xBC,
    0x34, 0xED, 0x15, 0x60, 0xA3, 0x27, 0x3D, 0x0A, 0xD7, 0x83, 0x6E, 0x3D, 0x46, 0x5B, 0xAF, 0xBC,
    0xFD, 0x84, 0xFF, 0xE8, 0x52, 0x76, 0x65, 0x57, 0x91, 0x52, 0x71, 0x67, 0xD2, 0x5E, 0x88, 0x09,
    0xB1, 0xD6, 0xFE, 0x13, 0x26, 0x47, 0xEE, 0xCF, 0xB4, 0x27, 0x9B, 0x5F, 0xCF, 0xBE, 0xE3, 0x06,
    0xDF, 0x41, 0x3E, 0xB2, 0xED, 0x0E, 0x05, 0x3B, 0x7F, 0xA8, 0x42, 0xE6, 0xA4, 0xB4, 0x64, 0xEC,
    0x24, 0xFD, 0xF2, 0xA1, 0x0C, 0x2D, 0x3B, 0x99, 0x33, 0x1E, 0x8B, 0x1F, 0x23, 0xEC, 0x28, 0x12,
    0x5C, 0x4D, 0x26, 0xE7, 0x21, 0xC5, 0x22, 0xA5, 0x21, 0x73, 0xA5, 0x7B, 0xC0, 0x5C, 0x12, 0x99,
    0x92, 0x2D, 0x5D, 0x05, 0xBD, 0xB0, 0x1A, 0x5B, 0xA0, 0xCD, 0x4E, 0x9F, 0x3B, 0x6C, 0xC8, 0x85,
    0x2C, 0x12, 0x2B, 0xFB, 0x40, 0x6D, 0x1A, 0xD9, 0x7F, 0xA1, 0x78, 0xE2, 0xBC, 0xD9, 0x14, 0x72,
    0x3E, 0xE2, 0x90, 0x78, 0x10, 0x97, 0xC4, 0xC7, 0x38, 0x19, 0xAF, 0x4C, 0xA4, 0x0F, 0x45, 0x3A,
    0x0A, 0x6D, 0x40, 0x16, 0x53, 0x95, 0x20, 0x3A, 0x97, 0xA3, 0x7E, 0x60, 0x32, 0x1C, 0xB5, 0x48,
    0x07, 0xE2, 0x18, 0xEE, 0xF2, 0x63, 0xBE, 0x50, 0xFC, 0xEF, 0x59, 0xFA, 0x62, 0x94, 0x3C, 0x44,
    0x13, 0x14, 0xC0, 0x3F, 0xBA, 0x1D, 0xBD, 0xC8, 0x5E, 0x0A, 0x5A, 0xE4, 0x80, 0x40, 0x97, 0xB8,
    0x37, 0xC0, 0x59, 0xE0, 0x83, 0x46, 0x42, 0x85, 0x00, 0x1C, 0x31, 0x71, 0x1D, 0x09, 0x62, 0x3B,
    0xE2, 0xD1, 0x74, 0xCC, 0xB6, 0xEA, 0x6F, 0xAC, 0x1D, 0x4F, 0xC2, 0x4A, 0x3A, 0x75, 0x44, 0xC0,
    0xB6, 0xCD, 0xC0, 0xF0, 0x00, 0x38, 0x30, 0x40, 0xB3, 0x00, 0xE9, 0xCC, 0x3D, 0x47, 0x70, 0xE8,
    0x59, 0xBE, 0x5C, 0x3A, 0x29, 0xB6, 0xA6, 0xF4, 0x2F, 0x0F, 0x9A, 0x2A, 0x4F, 0x9B, 0xAE, 0x10,
    0x0A, 0x94, 0xA3, 0x92, 0x33, 0xDB, 0x9C, 0x1F, 0x74, 0x5E, 0x1B, 0x1B, 0xAF, 0x0A, 0x45, 0xF7,
    0x82, 0x01, 0x87, 0x83, 0x78, 0xDA, 0x42, 0x8B, 0x6E, 0x5F, 0x1A, 0x6A, 0x92, 0x75, 0x8F, 0xA5,
    0x94, 0x7E, 0xA0, 0x7C, 0x7E, 0x76, 0xD1, 0xF2, 0x04, 0x4B, 0x71, 0x26, 0x70, 0x60, 0x88, 0x50,
    0x86, 0x9D, 0x4C, 0xCA, 0xF0, 0x1F, 0xF0, 0x45, 0x2C, 0x28, 0x00, 0xB4, 0xFC, 0x96, 0x10, 0x2E,
    0x3A, 0x1A, 0xFC, 0x98, 0x3A, 0x7F, 0x24, 0x15, 0xD5, 0x59, 0x92, 0x77, 0x14, 0x73, 0x28, 0x76,
    0x42, 0x30, 0xA1, 0xAF, 0xC2, 0x88, 0x55, 0xB1, 0x52, 0x85, 0xF5, 0x12, 0x1B, 0x66, 0x4D, 0x32,
    0xDD, 0x85, 0x61, 0x84, 0xB2, 0xBF, 0x35, 0x41, 0x0C, 0xDA, 0x14, 0x0C, 0x69, 0x5C, 0x9D, 0x0A,
    0x4D, 0xEB, 0xE8, 0xC9, 0x24, 0x79, 0xE4, 0x9F, 0xBA, 0x69, 0xC5, 0x00, 0x0A, 0x50, 0xC7, 0x34,
    0x43, 0xC4, 0x9E, 0xAE, 0x36, 0xEB, 0xB6, 0xEF, 0xB1, 0x23, 0x7E, 0x81, 0xC4, 0xA1, 0x9E, 0x09,
    0xF3, 0x7F, 0x50, 0x47, 0x7F, 0x51, 0x9B, 0x63, 0x71, 0x9D, 0x55, 0x3E, 0x44, 0x06, 0x08, 0xCE,
    0xAD, 0xB3, 0x23, 0xEF, 0x74, 0xA6, 0x54, 0xA3, 0x66, 0x7F, 0xDD, 0x86, 0xDF, 0x5F, 0x7C, 0x91,
    0x54, 0xC6, 0x93, 0xCB, 0x7C, 0x19, 0xC8, 0xE5, 0x2F, 0xA8, 0x2C, 0xA9, 0x93, 0x3A, 0x11, 0xA5,
    0xCC, 0x85, 0x8E, 0xBC, 0x79, 0x01, 0xC5, 0x45, 0x28, 0x96, 0xB8, 0x1B, 0xC6, 0xFF, 0xF6, 0x82,
    0xEB, 0x8B, 0x46, 0xBC, 0xFF, 0x81, 0x44, 0x93, 0x03, 0xF1, 0xFE, 0xDB, 0xC3, 0x2B, 0xD1, 0x7E,
    0xDD, 0x07, 0xED, 0x93, 0xF2, 0x6D, 0x65, 0xEC, 0xEC, 0x31, 0xEB, 0xAF, 0xB4, 0x59, 0xF4, 0xBB,
    0x10, 0xF1, 0xCB, 0x4A, 0x3C, 0x5C, 0xDF, 0x3E, 0x06, 0x99, 0x47, 0x1E, 0xA0, 0x2E, 0x15, 0xDA,
    0x46, 0x3F, 0x54, 0x71, 0x8B, 0x3C, 0xDC, 0xED, 0x97, 0x82, 0x8D, 0x20, 0xD5, 0x43, 0x65, 0x4D,
    0x2A, 0x79, 0xE7, 0x53, 0x31, 0x28, 0x4E, 0x4D, 0xEB, 0x89, 0xA3, 0xB9, 0x54, 0x81, 0xA4, 0xD3,
    0xA7, 0x20, 0x8B, 0x5F, 0x56, 0x36, 0xA6, 0xAD, 0x79, 0x9B, 0xA0, 0x0C, 0x31, 0xB9, 0x96, 0xCD,
    0xDC, 0x12, 0x15, 0x29, 0x07, 0x05, 0xA5, 0x13, 0xE4, 0x14, 0xF0, 0x5C, 0x89, 0x1A, 0x7D, 0xFF,
    0xFF, 0x6B, 0x6D, 0x4C, 0x6F, 0xD7, 0xC6, 0x3F, 0xF4, 0xB6, 0x6C, 0x3D, 0xF9, 0x3C, 0xE9, 0x4A,
    0x62, 0x2C, 0x73, 0x44, 0xC1, 0x35, 0x4A, 0x56, 0x5C, 0xF5, 0x3F, 0xB1, 0xF1, 0xB7, 0x66, 0x63,
    0xDC, 0x29, 0x98, 0x0A, 0x49, 0xA6, 0xF4, 0x49, 0xBD, 0x0A, 0x3A, 0x85, 0xBE, 0xD2, 0xEF, 0xB2,
    0xF1, 0x8A, 0x36, 0x7E, 0xED, 0xCB, 0xC0, 0xC6, 0xB3, 0xAD, 0x36, 0xB1, 0xC3, 0x5B, 0xF8, 0x75,
    0x35, 0xCD, 0xFF, 0x44, 0x70, 0x7F, 0x0D, 0x5C, 0xBA, 0xAF, 0xF9, 0x81, 0x51, 0x91, 0x7B, 0x05,
    0x81, 0xC9, 0x0F, 0xCB, 0x64, 0x81, 0xF9, 0x84, 0x7F, 0x37, 0xEA, 0x82, 0xC3, 0xB9, 0x14, 0x03,
    0xCE, 0x2F, 0x7B, 0x9C, 0xDE, 0x74, 0xD5, 0x18, 0xB9, 0xBA, 0x74, 0x4F, 0x36, 0x14, 0xCA, 0xCD,
    0xAC, 0x12, 0xB0, 0x3E, 0xB9, 0x32, 0xB5, 0x2A, 0xE7, 0x84, 0xD9, 0x8D, 0x2F, 0x9C, 0xF5, 0xE2,
    0x70, 0xD7, 0x55, 0x81, 0xDA, 0x42, 0xE5, 0xAE, 0x1A, 0x6F, 0xB3, 0xE1, 0xF7, 0x9B, 0x97, 0xEF,
    0x3A, 0x4F, 0x02, 0x53, 0xCC, 0x57, 0xE5, 0xBE, 0x52, 0x19, 0x32, 0x56, 0x69, 0x61, 0x36, 0x55,
    0xA7, 0x68, 0xD1, 0x4E, 0x4C, 0x26, 0xDB, 0xE9, 0xE7, 0x8D, 0xD8, 0x6C, 0x10, 0x54, 0x4C, 0xDE,
    0x97, 0xB2, 0x61, 0xD9, 0x15, 0x42, 0x99, 0xAA, 0xCE, 0x65, 0xE3, 0xC6, 0xD3, 0x6C, 0x33, 0xA9,
    0x6C, 0xBC, 0x1A, 0xA1, 0x4B, 0xBC, 0x00, 0x69, 0x91, 0x42, 0x27, 0x60, 0xA4, 0xB4, 0xD8, 0x30,
    0xA7, 0x05, 0x00, 0x45, 0xCF, 0x8A, 0x71, 0x3B, 0x4F, 0x76, 0xBC, 0x53, 0xB2, 0x98, 0xB5, 0x46,
    0xAC, 0xCC, 0x33, 0x91, 0xA8, 0xEA, 0x0A, 0x58, 0x1F, 0x1B, 0x73, 0xE1, 0x9E, 0x35, 0x52, 0x53,
    0xB7, 0x58, 0xA0, 0x9C, 0xFA, 0x56, 0x90, 0x43, 0x36, 0xF6, 0x08, 0x8A, 0xCA, 0xF5, 0x56, 0x9E,
    0x2A, 0x7F, 0x95, 0xCC, 0xC7, 0xEB, 0xC7, 0xF0, 0x3A, 0x63, 0xF0, 0x11, 0x8B, 0xEA, 0xF7, 0x2F,
    0xD7, 0xCC, 0x31, 0x64, 0x66, 0x07, 0xD2, 0xD0, 0xEF, 0x48, 0xC8, 0x93, 0xDA, 0x28, 0x80, 0x87,
    0xF5, 0x15, 0xE7, 0x84, 0x6F, 0x24, 0x8B, 0xAC, 0xD5, 0x65, 0x8D, 0xD5, 0xCA, 0xFB, 0x57, 0xFE,
    0xDA, 0x88, 0xCF, 0x7B, 0x8A, 0x60, 0xB3, 0x11, 0xA8, 0xD2, 0x6D, 0xDA, 0x47, 0x10, 0x00, 0x73,
    0x6E, 0xA2, 0xFA, 0x16, 0x26, 0xD9, 0x83, 0xBD, 0x9D, 0x09, 0x41, 0x6B, 0xAD, 0x97, 0x54, 0x37,
    0x5E, 0xB5, 0xE1, 0x79, 0x78, 0xEF, 0x63, 0x99, 0x34, 0x5D, 0x65, 0x52, 0xB3, 0xDC, 0xCA, 0xA4,
    0xF8, 0xC0, 0xA4, 0xF6, 0x98, 0x49, 0xF9, 0xA0, 0xD2, 0x03, 0x26, 0x0D, 0x9E, 0x49, 0xCA, 0xE4,
    0x36, 0x9F, 0xAE, 0x31, 0x89, 0x36, 0x02, 0x93, 0xB6, 0xEB, 0x4C, 0x92, 0x8A, 0x28, 0xA3, 0x72,
    0xCF, 0x28, 0x61, 0x52, 0x2F, 0x65, 0x90, 0x06, 0x16, 0x26, 0x61, 0x63, 0x6B, 0x54, 0x4A, 0x85,
    0x49, 0x33, 0xB7, 0x13, 0x45, 0xF4, 0x4C, 0x1A, 0xAC, 0x32, 0x69, 0x22, 0x5D, 0x32, 0x6A, 0x82,
    0x1F, 0x43, 0x64, 0x4F, 0x1E, 0xD6, 0xF9, 0x56, 0x58, 0xE2, 0x45, 0x99, 0x21, 0xC9, 0xE8, 0x2A,
    0x08, 0x24, 0xB3, 0xF9, 0xA2, 0x32, 0x29, 0xBB, 0xCE, 0xA4, 0x40, 0xA2, 0x03, 0x8D, 0x70, 0xD2,
    0xC7, 0x48, 0xD2, 0x8B, 0x72, 0x73, 0x12, 0xD6, 0xB1, 0x17, 0xD9, 0xE0, 0x99, 0x77, 0x60, 0x4A,
    0xF1, 0x48, 0x8D, 0x42, 0x7E, 0x9D, 0xA9, 0xA3, 0xB5, 0x34, 0x66, 0xF0, 0xB2, 0x81, 0xD9, 0x0B,
    0x9E, 0x9D, 0x0B, 0x71, 0xB6, 0xC1, 0x6B, 0x4C, 0xF0, 0xD6, 0xE0, 0x45, 0x4B, 0xF0, 0x92, 0x89,
    0xD1, 0x4F, 0x3A, 0xD7, 0xBC, 0x97, 0xF7, 0xF4, 0x48, 0x31, 0xC5, 0xD5, 0xAB, 0xAF, 0xF7, 0xF6,
    0xE0, 0xE2, 0xDD, 0x4B, 0x96, 0x80, 0x79, 0xA6, 0x43, 0x26, 0x1E, 0x64, 0x06, 0xC0, 0x83, 0x4A,
    0x90, 0x5F, 0xF0, 0xD0, 0x0C, 0x4D, 0x2B, 0x1E, 0x4F, 0xD2, 0xFA, 0xE4, 0x43, 0xEA, 0xBE, 0xAF,
    0x12, 0xD7, 0x57, 0x28, 0xAD, 0x64, 0xDE, 0x35, 0xF0, 0x9C, 0x27, 0x6B, 0xE1, 0x19, 0x56, 0x69,
    0x40, 0xBB, 0xFD, 0x87, 0xE2, 0xBB, 0xD5, 0x11, 0xBB, 0x15, 0xA5, 0x2A, 0x9C, 0x0C, 0x19, 0x4E,
    0xA5, 0x16, 0x0C, 0xDA, 0xB6, 0x37, 0x38, 0x11, 0x62, 0xD0, 0xAA, 0x1A, 0xC8, 0xA2, 0x01, 0xE4,
    0x67, 0xBE, 0x1D, 0x42, 0xFF, 0x4A, 0x2B, 0x96, 0x27, 0x23, 0x88, 0x37, 0xC5, 0xFE, 0x15, 0x23,
    0x39, 0x95, 0xB8, 0x46, 0x29, 0xD1, 0x07, 0x8F, 0xB0, 0xDF, 0x07, 0x92, 0x77, 0x35, 0x69, 0xFE,
    0xE8, 0x57, 0x06, 0x6D, 0x94, 0x62, 0x62, 0xD9, 0x61, 0x7C, 0x68, 0x19, 0x36, 0xF9, 0x05, 0x36,
    0x3D, 0x6C, 0x36, 0xFB, 0x91, 0x7B, 0x6E, 0xC7, 0xD2, 0xB9, 0x77, 0x99, 0x7B, 0x86, 0x28, 0x4A,
    0x27, 0x3C, 0xC3, 0xBF, 0x20, 0xF9, 0xE0, 0x5C, 0x12, 0x38, 0x13, 0xC6, 0x93, 0xFE, 0x82, 0x75,
    0x8E, 0xAF, 0x68, 0xAB, 0x59, 0x11, 0xE7, 0x69, 0x50, 0xFE, 0x84, 0xEF, 0x34, 0x40, 0x76, 0x96,
    0x01, 0x27, 0xE0, 0xD3, 0x96, 0x3C, 0xFC, 0x25, 0x6D, 0x71, 0xA3, 0xF1, 0x29, 0x75, 0xBD, 0x70,
    0x05, 0x62, 0xDC, 0x62, 0x13, 0xB6, 0xF2, 0x6E, 0xF1, 0xFE, 0x13, 0x20, 0x24, 0xC9, 0x61, 0x13,
    0x49, 0x0E, 0x96, 0xC9, 0xBD, 0x67, 0x3F, 0x68, 0xAB, 0x41, 0x9B, 0x80, 0x83, 0x88, 0x36, 0x5F,
    0xF4, 0xF7, 0x8C, 0x1B, 0xC2, 0xC6, 0x2C, 0x22, 0x3F, 0xB2, 0x8C, 0xBF, 0x93, 0xB2, 0x4A, 0xCF,
    0x10, 0xC8, 0x4B, 0x61, 0xE4, 0xF9, 0x23, 0x95, 0xD4, 0xED, 0xDF, 0x21, 0xB8, 0x44, 0x7F, 0xF6,
    0x4A, 0x55, 0x5D, 0x9E, 0xBA, 0xFF, 0xD2, 0x71, 0x1F, 0xA1, 0x52, 0x6B, 0x28, 0x83, 0xEC, 0x87,
    0xF1, 0x60, 0x5A, 0x95, 0xAE, 0x4E, 0x95, 0x6C, 0x8A, 0xB8, 0x79, 0xAE, 0x98, 0xA9, 0x68, 0x98,
    0xF2, 0xD7, 0xAE, 0x37, 0xAA, 0x72, 0x46, 0x45, 0xCE, 0xA8, 0xC6, 0x1D, 0xF2, 0xB6, 0xCF, 0x42,
    0x8B, 0xB3, 0xB3, 0xF9, 0xF9, 0xAA, 0xCC, 0x77, 0x26, 0x56, 0x84, 0xA5, 0xFC, 0x6E, 0xF1, 0xE6,
    0xCD, 0xFF, 0x73, 0x7E, 0xFE, 0x1F, 0xB6, 0x47, 0x44, 0x1D, 0xCA, 0x9B, 0xB8, 0xEF, 0xBD, 0x8C,
    0x2A, 0x47, 0x9E, 0xB9, 0x8D, 0xAA, 0xE0, 0xA9, 0xDB, 0xA4, 0x6D, 0x7B, 0x93, 0xF4, 0xA2, 0x74,
    0x05, 0xB6, 0x8E, 0x37, 0xE9, 0x05, 0xE3, 0x7E, 0x2C, 0x01, 0x54, 0x1F, 0x79, 0x61, 0x1C, 0xB5,
    0xAF, 0x3A, 0xDF, 0xB7, 0xB7, 0x5C, 0x4A, 0x8B, 0x33, 0x41, 0x2D, 0x52, 0x61, 0x17, 0x4E, 0x28,
    0x25, 0xAC, 0x32, 0xA2, 0xF1, 0x84, 0x08, 0x7C, 0xF0, 0x74, 0xF0, 0x6C, 0xF0, 0x64, 0xF0, 0x5C,
    0xF0, 0x54, 0x08, 0xCD, 0x7D, 0xDD, 0x44, 0xEF, 0xBD, 0xF7, 0x97, 0x9E, 0x05, 0x4E, 0xEA, 0x32,
    0xF3, 0x80, 0x97, 0x5D, 0xEF, 0x29, 0x20, 0xF4, 0x6E, 0x3A, 0xA2, 0x0E, 0xC3, 0xFA, 0xC3, 0xF8,
    0xF2, 0xFB, 0xEA, 0x4B, 0xF1, 0x49, 0x1A, 0xAD, 0xBD, 0x2F, 0x7D, 0xA8, 0xBC, 0x16, 0xFE, 0xBE,
    0x89, 0x28, 0x72, 0xA6, 0xE8, 0x38, 0xC6, 0x1A, 0x7E, 0x57, 0x73, 0x34, 0x94, 0x3F, 0xE7, 0x56,
    0xF9, 0x47, 0xA3, 0xCC, 0xB1, 0x5E, 0x82, 0xEA, 0xEE, 0x04, 0x27, 0x5C, 0xA7, 0x6E, 0xB8, 0x18,
    0xA5, 0x70, 0x93, 0x88, 0xD4, 0x94, 0xBA, 0xBA, 0xF9, 0xDB, 0xF7, 0x31, 0xCC, 0xD0, 0xD2, 0x00,
    0x03, 0xC5, 0x02, 0x69, 0x12, 0x5D, 0x57, 0x3E, 0x81, 0x8F, 0x5F, 0x31, 0xE5, 0x92, 0xAD, 0x2E,
    0x67, 0x41, 0x76, 0x14, 0x85, 0x6F, 0x51, 0x2B, 0xD6, 0x31, 0x15, 0x15, 0x12, 0x20, 0xFD, 0x5A,
    0xE8, 0x93, 0x55, 0x87, 0x19, 0xA9, 0xA2, 0xAC, 0x95, 0x75, 0x60, 0x95, 0x1B, 0xEA, 0x09, 0xCE,
    0x40, 0x83, 0x62, 0x95, 0xB6, 0xED, 0x99, 0xB9, 0xEB, 0xEC, 0x65, 0x74, 0xE1, 0x84, 0x67, 0xB3,
    0x08, 0x3F, 0x20, 0xBD, 0x80, 0x10, 0xE2, 0xFA, 0xB6, 0x89, 0x47, 0x95, 0x6A, 0x51, 0x1F, 0x34,
    0x77, 0x25, 0x59, 0x57, 0x83, 0xD6, 0x24, 0xFF, 0x68, 0x55, 0xDD, 0x56, 0x59, 0x34, 0x26, 0xCC,
    0xA0, 0xB2, 0x7D, 0x01, 0x20, 0x95, 0xCC, 0x33, 0x57, 0x7B, 0x8B, 0x1A, 0x5C, 0x02, 0xA4, 0x99,
    0x01, 0x29, 0x63, 0x60, 0x53, 0xE2, 0x0D, 0x2B, 0x79, 0xC1, 0x4A, 0x65, 0xAB, 0x3E, 0x52, 0x81,
    0xEB, 0x33, 0xA1, 0x68, 0xD5, 0x97, 0x2A, 0xC3, 0xBD, 0xF2, 0xA6, 0xFA, 0xF9, 0xA6, 0x07, 0xFC,
    0x72, 0xF6, 0x07, 0xF5, 0xDE, 0xAA, 0x4A, 0x57, 0xBF, 0x5E, 0xD4, 0xFE, 0x42, 0x3B, 0xAD, 0xFA,
    0xB9, 0x96, 0x0F, 0xDF, 0x0F, 0x7E, 0xBF, 0x59, 0x6D, 0xB6, 0xA9, 0x4D, 0xE4, 0x05, 0x9C, 0xAF,
    0x03, 0xA8, 0x37, 0xD5, 0xA2, 0x36, 0x57, 0x00, 0x91, 0xF9, 0x40, 0x19, 0x86, 0xC2, 0xAE, 0x92,
    0x17, 0x84, 0xB3, 0x13, 0x9B, 0x3A, 0x0F, 0xC1, 0x23, 0x73, 0xCF, 0x18, 0x46, 0xFD, 0x0E, 0xC7,
    0x0F, 0xEA, 0xD0, 0xE6, 0x8C, 0xAA, 0x1C, 0xA4, 0xF7, 0xF3, 0xD9, 0x29, 0x80, 0x1A, 0x99, 0x55,
    0x1C, 0xCB, 0xE1, 0x6E, 0xF4, 0xBE, 0x25, 0xAF, 0xA4, 0x8A, 0x78, 0xAE, 0xE6, 0xE4, 0x89, 0x7E,
    0x97, 0xFF, 0xF6, 0x06, 0xE3, 0xAE, 0x3F, 0x18, 0xD3, 0x6C, 0xF2, 0x9B, 0xED, 0x69, 0x62, 0x27,
    0xAF, 0x48, 0xDF, 0xE6, 0x93, 0x94, 0x3E, 0x9F, 0x9C, 0x16, 0x7E, 0xD1, 0xE3, 0xD5, 0xFC, 0x5F,
    0x7D, 0x38, 0x49, 0xCE, 0x78, 0x73, 0x10, 0x53, 0xE8, 0x77, 0x82, 0x65, 0x3E, 0x25, 0xFC, 0x11,
    0x5B, 0x8B, 0x98, 0x4D, 0x02, 0x24, 0x0E, 0x03, 0x8E, 0xA9, 0xD0, 0x74, 0xC8, 0x88, 0x9A, 0x2F,
    0xD4, 0x03, 0xE2, 0x75, 0xFE, 0x50, 0xFC, 0x0B, 0x91, 0x4D, 0xA1, 0x33, 0x63, 0x2E, 0xDD, 0x87,
    0x1C, 0x4D, 0x44, 0xEA, 0xCC, 0x51, 0xCB, 0xA1, 0x0A, 0xD8, 0x32, 0x5D, 0x75, 0xF0, 0xE5, 0x3C,
    0xB3, 0x90, 0x5E, 0x82, 0x84, 0xAD, 0x42, 0x29, 0xB4, 0x91, 0xCA, 0x0C, 0xF2, 0x11, 0x9D, 0x89,
    0x9C, 0x0A, 0x0D, 0xAC, 0xF2, 0x78, 0xB7, 0xF5, 0x35, 0x7B, 0xF8, 0xDD, 0xBF, 0x2F, 0x42, 0x13,
    0x6D, 0xBA, 0x4F, 0x1C, 0xF6, 0x5F, 0x4C, 0x25, 0xE7, 0x41, 0x4F, 0xE5, 0xFC, 0x51, 0x3B, 0x91,
    0x3C, 0x96, 0xF8, 0x5A, 0xFC, 0x23, 0x5E, 0xC6, 0xDD, 0x20, 0xFE, 0xD9, 0x37, 0xA9, 0xEC, 0x65,
    0x9D, 0xF6, 0x50, 0xF4, 0x66, 0xE8, 0x1D, 0x95, 0x42, 0xD1, 0x9D, 0x23, 0xF9, 0x33, 0x9E, 0xCC,
    0xC6, 0xF9, 0x26, 0x0B, 0xEC, 0xCE, 0xDC, 0x71, 0xB3, 0x45, 0xF6, 0x52, 0x50, 0xE2, 0xE6, 0x02,
    0x59, 0xE2, 0xDE, 0xB0, 0xAA, 0x27, 0x8E, 0x6A, 0x0F, 0xC0, 0x74, 0x6E, 0x51, 0xF2, 0x6D, 0x47,
    0x1C, 0x9A, 0x4E, 0xC8, 0xDC, 0x79, 0x4D, 0x38, 0xAC, 0x9D, 0x34, 0x63, 0xC7, 0xAD, 0x9A, 0x8E,
    0x99, 0xDB, 0xB6, 0xE1, 0xB0, 0x23, 0xD0, 0x18, 0x1A, 0xC5, 0x46, 0x8D, 0xCA, 0xDC, 0x73, 0x54,
    0x2D, 0xD6, 0x74, 0x1A, 0x49, 0x26, 0x6A, 0x86, 0x7D, 0xAA, 0x45, 0x92, 0x5D, 0x22, 0x3C, 0x49,
    0xD4, 0x97, 0x84, 0x62, 0x27, 0x9C, 0x91, 0x5A, 0x2A, 0x6A, 0x7B, 0x06, 0x1E, 0x19, 0xBF, 0xA5,
    0x54, 0xFE, 0x45, 0x72, 0x72, 0xB8, 0xFE, 0x89, 0x31, 0x9F, 0x84, 0x31, 0x0D, 0x5B, 0xDF, 0xB8,
    0xC0, 0x98, 0xEE, 0xE3, 0x50, 0xFE, 0xC7, 0xCB, 0xB0, 0xF7, 0x4D, 0x8C, 0xF0, 0x10, 0xEA, 0xC8,
    0x23, 0x58, 0x90, 0xE6, 0x67, 0x7C, 0xA7, 0x10, 0x35, 0x4B, 0x45, 0x7C, 0x22, 0x3F, 0x12, 0xEA,
    0xDB, 0x52, 0x2F, 0x10, 0x83, 0xD3, 0xB5, 0x2E, 0x75, 0xED, 0xC8, 0x15, 0x8C, 0xBB, 0x6C, 0x32,
    0x65, 0x6D, 0xCA, 0xDE, 0x94, 0x08, 0xAB, 0x36, 0x7F, 0xE0, 0x43, 0x51, 0x9D, 0x95, 0x9A, 0x1B,
    0xCF, 0xCA, 0x55, 0xB9, 0xD9, 0xC9, 0xAA, 0x47, 0x4A, 0xEC, 0x85, 0x8F, 0xDD, 0x28, 0xEF, 0x94,
    0x45, 0x87, 0x72, 0x86, 0x27, 0xF7, 0x85, 0x55, 0xDF, 0x11, 0x8E, 0x22, 0x35, 0xE0, 0x83, 0xEA,
    0x96, 0x93, 0xD0, 0x64, 0x90, 0xD8, 0x6A, 0xA6, 0xCE, 0x73, 0x4F, 0xCE, 0xB9, 0x55, 0x6F, 0x5E,
    0x35, 0xE9, 0x08, 0xAC, 0x92, 0x05, 0xB9, 0x47, 0x5B, 0x8A, 0x9F, 0xEC, 0x7F, 0x1A, 0x58, 0xC2,
    0x8E, 0xAC, 0x52, 0xBA, 0xE3, 0xFA, 0xD3, 0xDB, 0xEB, 0x8D, 0x71, 0xE6, 0x46, 0x2E, 0x93, 0x7A,
    0x2C, 0xD5, 0x3B, 0x8C, 0xE4, 0xBB, 0x04, 0xFD, 0x35, 0x41, 0x93, 0x89, 0x4B, 0xDE, 0x64, 0xB8,
    0x21, 0x18, 0x86, 0x54, 0xE0, 0xC7, 0x2C, 0x33, 0xA3, 0x79, 0x45, 0x0A, 0x91, 0x0A, 0xF5, 0x84,
    0x87, 0xD2, 0x00, 0xD2, 0x75, 0xB2, 0x83, 0x20, 0xA5, 0xDE, 0x78, 0x9F, 0x3F, 0xBC, 0x4D, 0xDC,
    0xF0, 0x8D, 0xEB, 0xDC, 0xB3, 0x33, 0x47, 0x9A, 0x2E, 0x4C, 0x6F, 0x50, 0x02, 0x46, 0xC6, 0xBC,
    0x94, 0x77, 0x66, 0xCB, 0x87, 0x64, 0x49, 0xE7, 0x6C, 0x8A, 0xD7, 0xA2, 0x37, 0x0E, 0x94, 0xAB,
    0x90, 0x10, 0x7B, 0x29, 0x9D, 0x6F, 0xA6, 0xF2, 0xCA, 0x0A, 0x68, 0x56, 0xAD, 0xC1, 0x5B, 0xAB,
    0xD2, 0xE5, 0x53, 0xF9, 0x47, 0x01, 0xD3, 0x45, 0xDA, 0x59, 0xF2, 0xA8, 0x48, 0xD7, 0x0E, 0xD1,
    0xD6, 0xA6, 0xC1, 0xE3, 0xF2, 0x31, 0x8B, 0xF1, 0xCD, 0xF3, 0x43, 0x20, 0x24, 0x8F, 0xEF, 0x22,
    0x88, 0x1B, 0x71, 0x75, 0x83, 0xBF, 0xEB, 0xCE, 0x40, 0x77, 0x06, 0x28, 0x4F, 0x3B, 0x72, 0xE7,
    0x02, 0xA0, 0xA1, 0xA5, 0xA8, 0x0A, 0xB8, 0x8B, 0x81, 0x5E, 0xD5, 0x0A, 0x51, 0xC8, 0xAB, 0x66,
    0x34, 0x95, 0x08, 0x97, 0xDC, 0x41, 0xC8, 0x70, 0x47, 0x4D, 0xE3, 0x1D, 0xC8, 0xF1, 0xAA, 0x02,
    0xCD, 0x3B, 0xAD, 0x32, 0xBB, 0x8C, 0x77, 0x42, 0xB1, 0x48, 0xFA, 0xAF, 0x17, 0x4A, 0x79, 0xEE,
    0x09, 0x57, 0xE9, 0x64, 0xCB, 0x7E, 0x87, 0x1A, 0x16, 0xD3, 0xF1, 0x5D, 0x35, 0x1C, 0xDF, 0x49,
    0xCB, 0x84, 0xEF, 0x62, 0xA1, 0x6B, 0xB8, 0xD3, 0x33, 0xC3, 0x09, 0xF9, 0x12, 0xEE, 0xD0, 0xDC,
    0x24, 0xAD, 0xBF, 0x23, 0x86, 0xDA, 0xD1, 0xBC, 0x23, 0x92, 0xD8, 0x32, 0xEA, 0xE5, 0x0E, 0xB9,
    0x30, 0xD4, 0x78, 0x94, 0xBB, 0x72, 0x14, 0xE1, 0x4E, 0xF4, 0xCE, 0xF6, 0xB2, 0x65, 0x3A, 0x06,
    0xE1, 0x64, 0xAA, 0x39, 0xEF, 0x4E, 0xAC, 0xDF, 0xB2, 0x18, 0x4E, 0x3D, 0xBA, 0x34, 0xAE, 0x27,
    0xAA, 0x32, 0x0D, 0x04, 0x5D, 0xDC, 0x6D, 0x8F, 0x55, 0x03, 0x6F, 0x0E, 0x99, 0xE3, 0x8A, 0x85,
    0x82, 0xED, 0x1D, 0xE1, 0x25, 0x95, 0x9A, 0xA0, 0xE5, 0xF2, 0x3F, 0x69, 0xB5, 0xF6, 0x9B, 0x38,
    0x68, 0x70, 0xA8, 0xD5, 0xE1, 0xA6, 0x58, 0x8E, 0x6E, 0xB2, 0xE3, 0x1B, 0x2A, 0x0A, 0x63, 0x0D,
    0x75, 0xE2, 0xCD, 0x18, 0x40, 0xAC, 0xE4, 0x6C, 0x8F, 0x2F, 0x64, 0xCA, 0x76, 0xA1, 0x10, 0x95,
    0x60, 0xEC, 0x6F, 0xBE, 0x21, 0xA4, 0xF4, 0x37, 0xAF, 0x29, 0x2B, 0x43, 0x65, 0xCB, 0xE1, 0xE8,
    0xC6, 0x1E, 0x31, 0x20, 0x72, 0x47, 0xE5, 0x49, 0x96, 0xA3, 0xEA, 0xE4, 0xD3, 0x51, 0x71, 0xE4,
    0x5B, 0x5F, 0x1B, 0x7E, 0xFF, 0x30, 0x94, 0x86, 0xDF, 0x4F, 0xA1, 0x32, 0x78, 0x33, 0x9A, 0x42,
    0x61, 0x50, 0x94, 0x04, 0x37, 0x83, 0xD4, 0x05, 0xEC, 0x39, 0x1B, 0x53, 0x0F, 0xA2, 0x0D, 0xF2,
    0x12, 0xAA, 0x32, 0x1C, 0x17, 0x85, 0x27, 0x9D, 0xEE, 0xE8, 0x46, 0x07, 0xA0, 0xE3, 0x83, 0x6B,
    0xBE, 0x75, 0x70, 0x93, 0xDF, 0xD1, 0x8D, 0xDD, 0xDF, 0xAD, 0x87, 0x92, 0x53, 0x2A, 0x20, 0x3B,
    0x91, 0x0B, 0xEE, 0x9A, 0xB8, 0xC7, 0xCD, 0x6A, 0x18, 0xFB, 0x82, 0xE4, 0x41, 0x45, 0x70, 0x2F,
    0x9F, 0x90, 0x3A, 0x76, 0x48, 0x51, 0xB0, 0x01, 0x7D, 0x4A, 0xB7, 0xE3, 0x24, 0x53, 0xB7, 0x05,
    0x2A, 0x00, 0x49, 0x8E, 0x00, 0x26, 0x00, 0x43, 0x5C, 0x20, 0x1A, 0x5C, 0xE0, 0x11, 0x5C, 0xBC,
    0xE8, 0x5D, 0x92, 0xDE, 0xBB, 0xD2, 0x10, 0x6D, 0xA8, 0xC3, 0x3D, 0x2B, 0xFB, 0xF2, 0xAB, 0xA2,
    0xE9, 0xC5, 0xA5, 0x30, 0x80, 0xFA, 0xD9, 0x2A, 0x5F, 0x35, 0xE5, 0x6A, 0x18, 0x24, 0xBE, 0xDA,
    0x72, 0xA2, 0xFC, 0xF7, 0xB9, 0x86, 0xEE, 0x2E, 0x9D, 0xA3, 0xBB, 0x00, 0xE7, 0xD6, 0x6D, 0xEA,
    0x9E, 0x3C, 0x32, 0xE7, 0x87, 0x61, 0x77, 0xEA, 0x73, 0xF7, 0x70, 0x0B, 0x93, 0x33, 0x1D, 0x40,
    0x8D, 0x9F, 0x4C, 0xD2, 0xB5, 0xDA, 0xD7, 0x26, 0x6E, 0x6F, 0x9B, 0x18, 0x0F, 0xA4, 0x6F, 0xCE,
    0xA4, 0x63, 0x88, 0x1D, 0x3B, 0xDF, 0x3D, 0xB7, 0x24, 0x27, 0x09, 0x23, 0xF1, 0x9A, 0x46, 0x13,
    0x6E, 0x44, 0x34, 0x21, 0x5A, 0x22, 0xFD, 0x95, 0x0E, 0x92, 0x97, 0x28, 0x77, 0x72, 0xA6, 0x1A,
    0xAB, 0xC7, 0x68, 0x1C, 0x37, 0x4D, 0xF4, 0xDE, 0x7B, 0x7F, 0x49, 0xA8, 0x90, 0x0E, 0x61, 0x72,
    0x6E, 0xE6, 0x01, 0x2F, 0xBB, 0x9E, 0x5A, 0x87, 0x3D, 0x9A, 0x5E, 0x8C, 0x88, 0x56, 0xD3, 0x89,
    0xEC, 0x34, 0x9D, 0x68, 0x51, 0xD3, 0x49, 0x72, 0x4D, 0x27, 0x69, 0xE1, 0x34, 0xCB, 0x38, 0xA9,
    0xDC, 0xA2, 0xBD, 0x91, 0xD5, 0xAE, 0x8F, 0xCE, 0x1F, 0xC9, 0x59, 0x5F, 0x97, 0xF5, 0xA9, 0x9E,
    0x7B, 0x80, 0x41, 0x9B, 0x57, 0x12, 0xF0, 0x81, 0x57, 0xF2, 0xCA, 0x6B, 0xE6, 0xD6, 0xEB, 0xD4,
    0x0D, 0x17, 0xA3, 0xB0, 0x7B, 0x8A, 0x79, 0xCE, 0x84, 0x06, 0x69, 0xFE, 0xF6, 0x7D, 0xF0, 0x09,
    0xD5, 0xC5, 0x2E, 0x28, 0x5C, 0x31, 0xB2, 0xFD, 0x0A, 0xA1, 0x55, 0x2E, 0x3E, 0x7E, 0xC5, 0x31,
    0xC9, 0x56, 0x97, 0xB3, 0x60, 0x3A, 0x4A, 0xB3, 0xB4, 0xE8, 0x54, 0x07, 0xFC, 0xD2, 0xE9, 0x10,
    0x81, 0xAE, 0x85, 0x3E, 0x11, 0x32, 0xE7, 0x3B, 0x7F, 0x5D, 0x27, 0xEB, 0x50, 0x0C, 0x14, 0x23,
    0xC6, 0x5A, 0x8C, 0x96, 0xEA, 0x3E, 0x8A, 0xAA, 0xF7, 0xCC, 0xD9, 0x75, 0xF6, 0x32, 0xBA, 0x50,
    0xA1, 0xC1, 0xA1, 0x2A, 0x8C, 0x17, 0xEE, 0xFB, 0x52, 0xEF, 0x90, 0x43, 0x1A, 0xE4, 0x6F, 0x17,
    0x2E, 0xCF, 0x12, 0x4E, 0x91, 0xF0, 0x9B, 0x0D, 0xBF, 0x9D, 0x6E, 0xE1, 0xBB, 0x3F, 0x32, 0x2F,
    0xBE, 0x2A, 0x26, 0x56, 0x89, 0x32, 0xCF, 0xE2, 0xB4, 0x29, 0x38, 0x0A, 0x2E, 0x5D, 0xF2, 0xCE,
    0xE3, 0x5B, 0xC9, 0xD4, 0x12, 0xA7, 0x0B, 0xCE, 0xE8, 0x9D, 0x9F, 0xCE, 0xDE, 0xF9, 0xC9, 0xEA,
    0x9D, 0xBF, 0x71, 0xDE, 0xE9, 0xD8, 0x26, 0xE2, 0x80, 0x10, 0xEA, 0xA0, 0x71, 0xD5, 0x01, 0xBC,
    0xEA, 0x00, 0x70, 0x75, 0xD0, 0x49, 0xEA, 0x80, 0xAD, 0xDE, 0xA9, 0x7A, 0xEF, 0x14, 0xA3, 0x77,
    0xB2, 0xD9, 0x3B, 0xC9, 0xEA, 0x9D, 0xC8, 0x79, 0xC7, 0x58, 0xDB, 0x5D, 0x8B, 0xB2, 0x08, 0x4E,
    0x06, 0xE7, 0xD4, 0x6D, 0xA4, 0x6C, 0x27, 0xD9, 0xCA, 0xC0, 0x53, 0xC7, 0x53, 0x9E, 0x4D, 0x70,
    0xB8, 0xFE, 0xD0, 0xA3, 0xE3, 0x71, 0xF5, 0xCD, 0xA1, 0x38, 0x57, 0xD3, 0x71, 0x21, 0x62, 0xA7,
    0xEF, 0x34, 0x5A, 0x8D, 0xEC, 0x4E, 0xA4, 0x2F, 0xDA, 0x72, 0x63, 0x48, 0xEF, 0x3A, 0x39, 0xFA,
    0xCF, 0x49, 0x29, 0xB4, 0xEC, 0xE3, 0x86, 0x00, 0x82, 0x6F, 0xD4, 0xF9, 0x31, 0xC8, 0xBD, 0xE8,
    0xCD, 0xA7, 0x6F, 0x22, 0x88, 0x7E, 0xEE, 0x9E, 0xA1, 0xDB, 0xD0, 0x0E, 0x0B, 0x04, 0x17, 0x9C,
    0x96, 0x34, 0x4E, 0xCC, 0xB1, 0x0E, 0xE1, 0xBD, 0xFA, 0x0A, 0xC7, 0x54, 0x8A, 0xF0, 0x58, 0x53,
    0x47, 0x57, 0xE8, 0xFD, 0xE3, 0x6B, 0x39, 0x66, 0xCF, 0x3C, 0x18, 0x9E, 0x7F, 0x4E, 0xBF, 0x8F,
    0xE7, 0x52, 0x10, 0x4C, 0xC6, 0xFC, 0x56, 0x8B, 0xDF, 0xBD, 0xB6, 0xF8, 0xEF, 0xAA, 0x35, 0xB0,
    0xD3, 0x1C, 0x9F, 0x6F, 0xFE, 0xDA, 0x0B, 0xD3, 0x52, 0xF9, 0xEF, 0xAA, 0x5E, 0xF6, 0x99, 0x4A,
    0x29, 0x4D, 0x3A, 0xFA, 0x8E, 0x1C, 0x72, 0xED, 0xC6, 0x4E, 0x8B, 0x54, 0x76, 0x89, 0xD8, 0xAA,
    0x55, 0xFD, 0x68, 0x7C, 0xD5, 0x54, 0xF1, 0x55, 0x32, 0x3B, 0x96, 0x52, 0xAD, 0xB6, 0x2C, 0xB2,
    0x19, 0xA5, 0x24, 0xD2, 0xE0, 0x14, 0xB1, 0x02, 0x87, 0xE5, 0x9E, 0xEE, 0x2C, 0x57, 0x83, 0x60,
    0x30, 0x91, 0x28, 0xB0, 0xF8, 0x06, 0x04, 0x7B, 0xC6, 0xBE, 0xFD, 0x55, 0x89, 0x2C, 0xB0, 0xC5,
    0x5A, 0x79, 0xBB, 0x83, 0x73, 0x90, 0xD6, 0x54, 0x84, 0x5E, 0xB3, 0x72, 0x82, 0xD9, 0x9F, 0x1E,
    0xA3, 0xB8, 0x6A, 0xCE, 0xAD, 0x20, 0xD8, 0x33, 0xCF, 0x7C, 0x20, 0x5A, 0xC9, 0xB8, 0xAF, 0x13,
    0xD7, 0x78, 0xCD, 0x7A, 0x79, 0xA7, 0xDB, 0x77, 0x0B, 0x15, 0xD0, 0xEA, 0xB5, 0x92, 0xDC, 0x4C,
    0x97, 0x71, 0x94, 0x6B, 0xC6, 0xDE, 0x1C, 0x65, 0x68, 0xF5, 0x46, 0xFB, 0x14, 0x08, 0x9C, 0xD4,
    0x5E, 0xDC, 0x0F, 0xEB, 0x2B, 0x2C, 0x1D, 0x01, 0xA9, 0x45, 0x9B, 0x6B, 0x53, 0x5D, 0xD6, 0x58,
    0xAD, 0xBC, 0x7F, 0xE5, 0xAF, 0x25, 0x59, 0x6C, 0x9F, 0x22, 0xD0, 0x66, 0x23, 0x80, 0xC8, 0xBF,
    0xA2, 0x8C, 0x4C, 0x39, 0xC0, 0x3E, 0x37, 0xD1, 0xC3, 0x10, 0xCF, 0x2E, 0x66, 0xA6, 0xD8, 0xC7,
    0x98, 0x0D, 0xDD, 0x97, 0xBA, 0xE0, 0x95, 0x41, 0xD8, 0x0C, 0x23, 0xD7, 0x2F, 0xB7, 0xF0, 0xE8,
    0x06, 0xE5, 0x6E, 0xBD, 0x28, 0xA2, 0xCA, 0xBD, 0x83, 0xC7, 0xD9, 0xE2, 0xF9, 0xF8, 0x0E, 0x8C,
    0x32, 0x6E, 0x61, 0x7E, 0xF2, 0xEB, 0x0C, 0x2F, 0xAF, 0x85, 0x94, 0xC1, 0xCB, 0x06, 0x62, 0xA3,
    0x44, 0x0A, 0x31, 0x55, 0x6D, 0xF0, 0x1A, 0x13, 0xBC, 0x35, 0x78, 0xD1, 0x12, 0xBC, 0x64, 0x32,
    0x1C, 0x34, 0x46, 0x48, 0xE4, 0xBD, 0xBC, 0x37, 0x3A, 0x47, 0x3C, 0xEA, 0x5A, 0x64, 0x1F, 0x92,
    0xD9, 0x83, 0x8B, 0x77, 0x8F, 0xA4, 0x55, 0x2F, 0x9B, 0xC4, 0x8B, 0x07, 0xE1, 0x22, 0xBC, 0x44,
    0x75, 0x14, 0x5E, 0x3A, 0x0A, 0x0F, 0x19, 0xF3, 0xC8, 0x8A, 0x8A, 0x37, 0xA4, 0x18, 0x1F, 0x29,
    0x37, 0xEA, 0x2B, 0x14, 0x5E, 0x32, 0xEF, 0x1A, 0x78, 0x82, 0x86, 0x80, 0xFF, 0x07, 0xA1, 0x14,
    0x1E, 0x76, 0xED, 0x24, 0xD1, 0x45, 0x8D, 0x42, 0xC3, 0x4A, 0x3D, 0x7D, 0xB5, 0xA1, 0x0E, 0xAF,
    0xE7, 0x2F, 0xC6, 0x7F, 0xAB, 0x23, 0x3B, 0x30, 0xA9, 0xA1, 0x40, 0x17, 0xA0, 0x08, 0x13, 0x62,
    0x68, 0xC1, 0xBF, 0x6D, 0x7B, 0x03, 0xB3, 0x06, 0x0C, 0x84, 0xFE, 0x0F, 0xE4, 0xE0, 0x60, 0x4A,
    0x8A, 0x3B, 0x8E, 0xCD, 0xC7, 0xAF, 0xB4, 0x62, 0x79, 0x14, 0x82, 0x7C, 0x53, 0xEC, 0x5F, 0x11,
    0xBC, 0x53, 0x89, 0x7B, 0x94, 0x12, 0x7E, 0xF0, 0x08, 0xFB, 0x7D, 0x20, 0xE1, 0x41, 0x89, 0xC5,
    0x36, 0x9C, 0x19, 0x9A, 0xBA, 0xF0, 0x09, 0xB6, 0xE9, 0x75, 0x13, 0x4B, 0xBC, 0xC9, 0x4E, 0x70,
    0xF1, 0x61, 0xB3, 0xD9, 0x8F, 0xDC, 0x73, 0x3B, 0x42, 0xF8, 0xDE, 0x25, 0x36, 0x19, 0xA2, 0x60,
    0xB7, 0x82, 0xA5, 0xF8, 0xF7, 0x35, 0x0C, 0x29, 0xF8, 0x44, 0x9B, 0xDE, 0xE3, 0xA1, 0xB6, 0xF0,
    0xF8, 0xD8, 0xCD, 0x3F, 0x56, 0x3E, 0x46, 0xCF, 0xEE, 0x40, 0xE2, 0xC1, 0xA3, 0x40, 0xC8, 0x21,
    0x02, 0x20, 0x48, 0x60, 0x43, 0xC5, 0x52, 0xF7, 0xDC, 0xB9, 0x5F, 0x76, 0x68, 0x48, 0x56, 0x49,
    0x0F, 0xB1, 0x8B, 0xCA, 0x2E, 0x9E, 0x89, 0x4A, 0x41, 0xFB, 0x38, 0x0C, 0x80, 0xA1, 0x20, 0x92,
    0xAC, 0xAE, 0x65, 0xF1, 0xF3, 0xC9, 0x76, 0x05, 0x85, 0xA9, 0x6F, 0x3A, 0xAA, 0x9E, 0xAB, 0x9B,
    0x4E, 0xC5, 0xBD, 0xA2, 0xC5, 0xAB, 0x55, 0x0F, 0x2B, 0x7F, 0x58, 0xD8, 0xB9, 0xB0, 0x32, 0x02,
    0xBA, 0x4A, 0x74, 0x11, 0xDF, 0x8D, 0xAC, 0xB6, 0x85, 0xE5, 0x81, 0xAE, 0x2D, 0x3E, 0x5A, 0x45,
    0x0D, 0x73, 0xF2, 0x34, 0x66, 0xBD, 0x7A, 0x61, 0x5F, 0xC2, 0x64, 0xA1, 0x78, 0x89, 0x53, 0x25,
    0xCC, 0x81, 0x55, 0x8C, 0x67, 0xA5, 0x45, 0xFC, 0x88, 0xF1, 0x69, 0xA6, 0xD4, 0xFE, 0x13, 0xF2,
    0x58, 0xE0, 0x8B, 0x3C, 0x8A, 0x9E, 0x5E, 0xDA, 0xE7, 0x2A, 0xD6, 0x52, 0x19, 0x1D, 0x2C, 0xC9,
    0x1A, 0x48, 0x2D, 0x5D, 0xB1, 0x6B, 0xE3, 0xCD, 0xEB, 0x62, 0x33, 0x5F, 0x13, 0xF0, 0x40, 0x17,
    0x39, 0xCB, 0xF5, 0x85, 0xEB, 0x81, 0x4F, 0xE4, 0xBA, 0x0C, 0xEA, 0xE0, 0x7A, 0x60, 0x92, 0x80,
    0x65, 0x0C, 0x6E, 0x04, 0x1E, 0x55, 0xC1, 0xDC, 0x96, 0x7C, 0xAA, 0x7A, 0x4C, 0x03, 0xAC, 0x45,
    0xC7, 0xB5, 0x01, 0xBB, 0xAA, 0xFF, 0xB5, 0x70, 0xFD, 0xCD, 0x68, 0x0A, 0x30, 0x00, 0x59, 0x0C,
    0xB9, 0x28, 0x20, 0xA5, 0xDC, 0xB5, 0x18, 0x75, 0xD0, 0x70, 0xB0, 0x01, 0x75, 0x68, 0x1A, 0xEA,
    0xFF, 0x6B, 0x99, 0x13, 0xD9, 0x79, 0x40, 0x01, 0xBB, 0xEF, 0x89, 0xF1, 0x9A, 0xC9, 0x54, 0x23,
    0x4D, 0x31, 0x68, 0xBB, 0x14, 0x22, 0x52, 0xCD, 0x94, 0x09, 0x23, 0xF2, 0x35, 0x16, 0x86, 0xA0,
    0x7F, 0x9A, 0x51, 0x93, 0xD7, 0x3C, 0xD3, 0xD6, 0xBC, 0x7F, 0x7B, 0x8E, 0x2F, 0x79, 0x8D, 0x5B,
    0x3C, 0xF1, 0xBC, 0xCD, 0xB7, 0x20, 0x87, 0xBE, 0x41, 0x83, 0x64, 0x58, 0x15, 0xCF, 0xB5, 0x51,
    0x26, 0x2E, 0xDA, 0xB9, 0xF1, 0x5C, 0x8E, 0xAA, 0x3C, 0x85, 0x58, 0x64, 0x3F, 0x2B, 0xBE, 0xBA,
    0x61, 0xD1, 0x69, 0x2B, 0x97, 0xAD, 0xB0, 0xCB, 0x54, 0x75, 0x2C, 0x1B, 0x5B, 0xAF, 0x31, 0xAB,
    0xB4, 0x0B, 0xC7, 0x85, 0x8C, 0x93, 0x44, 0xC4, 0xC3, 0xDB, 0x51, 0x64, 0xCC, 0xF0, 0x00, 0x0E,
    0x22, 0x6E, 0x4C, 0x1D, 0x20, 0x70, 0xAC, 0x2D, 0x37, 0x6E, 0xB0, 0x07, 0x37, 0xB6, 0x0C, 0xC1,
    0xA1, 0x61, 0x9F, 0xB1, 0x57, 0x7E, 0x45, 0xF5, 0x81, 0xA0, 0xAD, 0xB4, 0xD8, 0x6A, 0xBD, 0x07,
    0x20, 0x8D, 0xF9, 0xAE, 0x91, 0xD6, 0x96, 0x8C, 0xDD, 0xBB, 0xAB, 0x74, 0x30, 0x83, 0x29, 0x07,
    0x6E, 0x93, 0x8D, 0x65, 0xC7, 0x7C, 0x64, 0xB6, 0xFD, 0x30, 0xE9, 0x05, 0xFD, 0xFA, 0x86, 0xC2,
    0x7F, 0x8E, 0xB3, 0x2D, 0x73, 0x53, 0xA1, 0xB3, 0x4D, 0xF6, 0x2C, 0x57, 0xAF, 0x05, 0xAA, 0x11,
    0xB9, 0xCA, 0xBD, 0x29, 0x9F, 0xBD, 0xB9, 0x28, 0xD2, 0xC9, 0xA2, 0xD4, 0x91, 0xB4, 0xCD, 0xBD,
    0x3B, 0x65, 0xD3, 0x33, 0x21, 0xF2, 0x0C, 0x48, 0x3D, 0x03, 0x72, 0xCF, 0x80, 0xC2, 0x33, 0xA0,
    0x54, 0x05, 0x37, 0x95, 0xF5, 0x5A, 0xE4, 0xB5, 0x7B, 0x2D, 0x07, 0xFD, 0x5C, 0x19, 0x90, 0xCC,
    0x2A, 0xDA, 0xC9, 0xA4, 0x0C, 0xC8, 0x46, 0x8D, 0x23, 0xEF, 0xB5, 0xFF, 0xCA, 0x2E, 0x72, 0x3A,
    0xD2, 0x64, 0x6E, 0xB0, 0x84, 0xAA, 0xA2, 0x22, 0xA8, 0x3A, 0x91, 0x7A, 0x3F, 0x8F, 0x86, 0x03,
    0x13, 0xD2, 0x51, 0xA7, 0x01, 0xC5, 0x88, 0x2D, 0x58, 0xE0, 0x9D, 0xD4, 0x33, 0x41, 0x64, 0xA6,
    0xE5, 0x37, 0xCA, 0x84, 0xC8, 0x33, 0xE1, 0xCC, 0xCD, 0x25, 0x75, 0x4E, 0x98, 0xC0, 0xE6, 0x45,
    0xC5, 0xCE, 0x36, 0x1D, 0x7B, 0x4A, 0xB2, 0x89, 0x7A, 0x50, 0x60, 0x9B, 0xBC, 0x23, 0x2D, 0x30,
    0x5E, 0x7E, 0x68, 0xCC, 0x89, 0x11, 0xBA, 0xDC, 0x32, 0x5F, 0x3E, 0xDF, 0xEA, 0x8F, 0x7B, 0xF5,
    0xEF, 0x7B, 0x51, 0xC8, 0x05, 0x37, 0xD6, 0x01, 0xD3, 0x8D, 0x1A, 0x3B, 0xB1, 0x7D, 0xF3, 0x35,
    0x41, 0xA0, 0x90, 0x02, 0x4E, 0x21, 0x15, 0x82, 0x3B, 0x64, 0xC0, 0x0A, 0xB8, 0xBA, 0x96, 0x0A,
    0x34, 0xCE, 0x4E, 0x8E, 0xD6, 0x58, 0x56, 0xCC, 0x10, 0xE6, 0xD0, 0xDE, 0xC8, 0xEA, 0xDA, 0xEA,
    0x14, 0x6D, 0xBF, 0xAE, 0xE6, 0xE3, 0xDE, 0xAF, 0x29, 0xE2, 0x5C, 0x7F, 0x24, 0xEB, 0x22, 0x67,
    0xC9, 0x9A, 0x2C, 0x14, 0x79, 0x37, 0x4B, 0x6C, 0x93, 0x46, 0x18, 0x91, 0xC3, 0x79, 0xF7, 0x0D,
    0xE0, 0xDE, 0x5B, 0xEA, 0x42, 0xD3, 0x82, 0x12, 0x40, 0x3C, 0x5D, 0xA0, 0x8A, 0xF1, 0x4A, 0x8A,
    0x3C, 0x8D, 0x51, 0x9C, 0x57, 0x59, 0xC5, 0x7B, 0x57, 0x8B, 0x78, 0xCA, 0x8A, 0x37, 0x88, 0x89,
    0x52, 0x53, 0xA7, 0xDB, 0xBF, 0x71, 0x1D, 0xA8, 0x54, 0x0D, 0x65, 0x8F, 0x8D, 0xB0, 0x47, 0x3E,
    0x82, 0x7D, 0x98, 0x72, 0xDC, 0x52, 0x4E, 0x3B, 0x5A, 0xEA, 0x10, 0xB1, 0x10, 0x55, 0xE8, 0xDF,
    0x90, 0xFB, 0x84, 0xDC, 0x94, 0x40, 0xFC, 0x61, 0xEE, 0x9E, 0xDB, 0x31, 0x16, 0xE6, 0x5E, 0x70,
    0x44, 0x19, 0x19, 0x48, 0x99, 0x7C, 0x64, 0xC9, 0xB2, 0x44, 0xE0, 0xC8, 0x2E, 0xCF, 0x1C, 0x53,
    0x20, 0x53, 0x50, 0xBB, 0xD7, 0x8D, 0x97, 0xF7, 0x1B, 0x17, 0xA7, 0x8E, 0x5B, 0x74, 0x3D, 0x93,
    0x55, 0xAA, 0xFC, 0xA3, 0xA3, 0xF5, 0x6D, 0x59, 0xBF, 0x23, 0xEB, 0xD7, 0x8C, 0xF6, 0xE2, 0x9D,
    0xAB, 0xA8, 0xEB, 0x61, 0x6D, 0x3F, 0xEE, 0x7D, 0xAC, 0xFF, 0x4C, 0xD6, 0x52, 0xD6, 0x4A, 0xD6,
    0x46, 0x99, 0x26, 0x9D, 0xB9, 0x49, 0x6C, 0xAB, 0x46, 0x08, 0x70, 0x5B, 0x1E, 0x32, 0x49, 0xAB,
    0x99, 0x78, 0xFB, 0xF7, 0x8E, 0xF4, 0xB1, 0x06, 0x2A, 0xFA, 0xAA, 0x81, 0x88, 0xDE, 0xD4, 0x9E,
    0xCF, 0xBE, 0x1C, 0xC3, 0x51, 0x39, 0xA2, 0x73, 0xC6, 0x00, 0xAC, 0xFF, 0x15, 0x3B, 0xA1, 0x69,
    0x71, 0x54, 0x33, 0x60, 0x8E, 0x94, 0x73, 0xEA, 0x50, 0x25, 0xE3, 0xFA, 0x08, 0x6D, 0x36, 0x81,
    0x57, 0xD0, 0xAA, 0xB8, 0x07, 0xAA, 0xD7, 0x2E, 0x11, 0xD7, 0x9C, 0xFD, 0x91, 0xBA, 0xAD, 0x56,
    0x25, 0xFA, 0xFD, 0x2E, 0x91, 0x85, 0x1A, 0x66, 0x3E, 0x8C, 0xE9, 0xAB, 0xE6, 0xEB, 0xE6, 0x29,
    0x3B, 0x05, 0xD2, 0x67, 0xDF, 0x85, 0x04, 0x74, 0xAE, 0x2D, 0x86, 0xA6, 0x4B, 0xC7, 0x62, 0x88,
    0x67, 0x34, 0xC2, 0x0F, 0xA2, 0xE1, 0x4A, 0x02, 0xAF, 0xA0, 0x2C, 0x40, 0x3B, 0x21, 0x0B, 0x2F,
    0x56, 0x95, 0xCC, 0x4F, 0xFA, 0x5F, 0xB8, 0x67, 0xC0, 0x76, 0x49, 0x58, 0x79, 0x3B, 0x31, 0xA8,
    0x1A, 0x3C, 0xE8, 0xED, 0x7F, 0xB6, 0xE3, 0x8A, 0xC2, 0x8D, 0x28, 0xFB, 0xFD, 0x9B, 0x7C, 0xEE,
    0x1B, 0x91, 0xB2, 0x4B, 0x95, 0xF9, 0xCF, 0xE8, 0xFF, 0x14, 0xDC, 0x0E, 0x67, 0x45, 0x76, 0x00,
    0x56, 0x2B, 0xCF, 0xAE, 0xED, 0x1B, 0xAE, 0x9B, 0x31, 0x7A, 0x00, 0x61, 0x7B, 0xBD, 0xE9, 0xA2,
    0x27, 0x6C, 0x8A, 0x0E, 0x6C, 0xEC, 0xCC, 0xCB, 0xEE, 0x77, 0x3B, 0x3F, 0x06, 0xDB, 0x2A, 0x8D,
    0xA1, 0x0D, 0xFB, 0x27, 0x9D, 0xF2, 0x09, 0x55, 0x91, 0xD9, 0x93, 0xAD, 0x86, 0xA7, 0xA0, 0x16,
    0x22, 0xD0, 0xA0, 0x71, 0x5F, 0x2E, 0xB4, 0x64, 0x23, 0x69, 0x0D, 0x8C, 0xB9, 0x9D, 0x31, 0xDF,
    0x35, 0x59, 0x77, 0xAB, 0x3C, 0x9C, 0x3F, 0x14, 0x73, 0xE1, 0xF4, 0x7D, 0x27, 0x83, 0xCC, 0x94,
    0xEE, 0x43, 0xD1, 0x1E, 0xD4, 0xE4, 0xCC, 0x31, 0x16, 0x88, 0x29, 0x48, 0x93, 0xAE, 0xDA, 0x1B,
    0x39, 0x94, 0xD1, 0x60, 0xD6, 0x15, 0x3C, 0x34, 0x53, 0x41, 0x31, 0xC9, 0xC6, 0x91, 0x65, 0xF0,
    0xB2, 0x9E, 0x19, 0x39, 0x63, 0x5B, 0xB5, 0x5E, 0xA3, 0x77, 0xAD, 0xBE, 0xC3, 0x6A, 0x17, 0xF2,
    0x3B, 0xFF, 0xBD, 0xEC, 0x13, 0x6F, 0xDA, 0x93, 0xE8, 0xA7, 0x4A, 0xCE, 0x9B, 0x4D, 0x21, 0xE7,
    0x23, 0x0E, 0x89, 0x07, 0x71, 0x49, 0x7C, 0x8C, 0x93, 0xF1, 0xB2, 0x89, 0x11, 0x3F, 0x81, 0x28,
    0xA4, 0x71, 0x85, 0xF2, 0xAB, 0x56, 0x48, 0xD4, 0xD4, 0xD4, 0xAC, 0x5B, 0xDA, 0xE7, 0xEC, 0x3F,
    0x6A, 0x04, 0xFA, 0xA2, 0x04, 0xCB, 0xD3, 0x05, 0xED, 0x4C, 0xF9, 0xE7, 0xFE, 0x2E, 0xE6, 0x0E,
    0x55, 0xFD, 0x94, 0x6D, 0x53, 0x7F, 0x83, 0x1F, 0xDF, 0x50, 0x9F, 0xC8, 0x5E, 0x0A, 0x5A, 0xAC,
    0x82, 0x40, 0x97, 0xB8, 0x37, 0xEC, 0x42, 0x7C, 0x20, 0x05, 0xD8, 0x11, 0xC0, 0x71, 0x77, 0xD7,
    0x61, 0xBE, 0x20, 0x2B, 0xE2, 0xD1, 0x74, 0xCC, 0xB6, 0xEA, 0x6F, 0xAC, 0x9D, 0x28, 0x5F, 0xA7,
    0xB4, 0x21, 0x02, 0xB6, 0x6D, 0x06, 0xA2, 0x02, 0xC0, 0x81, 0x41, 0xB1, 0x11, 0xE9, 0xCC, 0x3D,
    0x87, 0x72, 0x44, 0x22, 0xBC, 0x38, 0x77, 0x36, 0x61, 0x40, 0x1C, 0xC9, 0xE1, 0xE0, 0xFB, 0x44,
    0x28, 0xC2, 0xB0, 0x6A, 0x41, 0x31, 0x52, 0xAA, 0x8C, 0xE0, 0xAE, 0x52, 0x29, 0x57, 0x28, 0xCC,
    0x1D, 0xD7, 0x97, 0x93, 0x19, 0x6C, 0x75, 0x23, 0xCD, 0x2E, 0x52, 0x83, 0x67, 0x6C, 0x78, 0x63,
    0x66, 0x81, 0x6D, 0x34, 0x79, 0x4B, 0xC8, 0xA2, 0x5B, 0x11, 0xFB, 0xC2, 0xB0, 0xE1, 0xBE, 0x0F,
    0xF0, 0x6D, 0x09, 0x97, 0x38, 0x16, 0x83, 0xCA, 0x83, 0xE0, 0x63, 0xAA, 0x39, 0x73, 0x32, 0x8B,
    0xB6, 0xD8, 0x29, 0xA0, 0xAD, 0x00, 0x88, 0xA9, 0x25, 0xD4, 0x37, 0x71, 0x67, 0x7E, 0x70, 0x5B,
    0x86, 0x27, 0xDF, 0x7C, 0x64, 0x34, 0x45, 0x21, 0x03, 0x00, 0x12, 0x88, 0x0A, 0xF7, 0xDC, 0x0A,
    0x9A, 0x55, 0x1F, 0xB9, 0x51, 0xAC, 0x29, 0x27, 0xB5, 0xF9, 0xA2, 0x36, 0xF3, 0x36, 0xBD, 0x66,
    0xB3, 0xD9, 0xBF, 0xE7, 0xDF, 0x2F, 0x47, 0xBF, 0x0F, 0x03, 0xAB, 0x7E, 0x76, 0x21, 0x0C, 0xC0,
    0x41, 0xB3, 0x17, 0xFF, 0xD6, 0xEC, 0x95, 0xE1, 0x7B, 0x42, 0x08, 0x58, 0x8D, 0xBF, 0x0A, 0x09,
    0xF6, 0xD9, 0xAA, 0x36, 0xD1, 0xEF, 0x7B, 0xE3, 0xE3, 0x33, 0x4D, 0x38, 0x67, 0xF5, 0xE7, 0x63,
    0x47, 0x68, 0x6D, 0x1B, 0x23, 0xF0, 0x92, 0x9C, 0xB0, 0xA2, 0xF3, 0x3D, 0x92, 0xF2, 0x55, 0x7D,
    0xA4, 0x8D, 0x5F, 0xD4, 0xAF, 0x4B, 0x45, 0xE4, 0xD4, 0x1A, 0x0C, 0x47, 0x2D, 0xB3, 0xA9, 0xE8,
    0x4D, 0xBC, 0x64, 0x38, 0x7C, 0x4D, 0xB0, 0xF1, 0xEB, 0x06, 0xCB, 0x3D, 0x73, 0x65, 0x66, 0x5D,
    0xB4, 0xC5, 0x50, 0xB8, 0xFF, 0xE8, 0xA6, 0xCA, 0xFD, 0xC4, 0x4D, 0x7F, 0xEC, 0x7E, 0x8A, 0x83,
    0x2A, 0xF7, 0xC6, 0x60, 0x2A, 0x41, 0xC0, 0xC3, 0xF5, 0x49, 0x17, 0x14, 0xFF, 0xBF, 0x32, 0xEE,
    0x89, 0x41, 0x4F, 0xC7, 0xC7, 0x6A, 0xFB, 0xA3, 0x6F, 0xA5, 0xF4, 0xB9, 0xFF, 0xB5, 0x1C, 0x0A,
    0x99, 0x10, 0x95, 0x11, 0x79, 0x33, 0xAF, 0x19, 0x33, 0x99, 0x17, 0x5C, 0x1F, 0x5F, 0x71, 0x63,
    0x7D, 0x0A, 0xC5, 0x74, 0xB5, 0xD2, 0xC9, 0x5D, 0xD6, 0x57, 0x3C, 0xBB, 0x5A, 0x71, 0x63, 0xFB,
    0xAB, 0x15, 0x5F, 0x7C, 0xA5, 0xFB, 0x2B, 0x95, 0xEF, 0x6D, 0x7F, 0xAD, 0xE2, 0x8B, 0xAF, 0xF8,
    0x16, 0x2A, 0xDE, 0xDE, 0x51, 0xF1, 0xED, 0x50, 0xF1, 0x53, 0x5F, 0xF1, 0x8A, 0xF0, 0xDC, 0x52,
    0x71, 0xBC, 0xC0, 0xFE, 0x63, 0xCE, 0x0E, 0x5A, 0x80, 0x91, 0xE0, 0x4C, 0x82, 0x37, 0xA9, 0x9B,
    0xDF, 0x60, 0x77, 0xDD, 0xBB, 0x81, 0xD4, 0xEF, 0xB1, 0xCE, 0xE3, 0xE1, 0xD4, 0xD7, 0xBC, 0x8C,
    0x3B, 0x53, 0xF4, 0xDA, 0xE2, 0xD2, 0x78, 0x48, 0x3A, 0x17, 0x3C, 0xF2, 0x35, 0x16, 0x3C, 0xA0,
    0x3D, 0x8D, 0x10, 0xA1, 0xEA, 0x32, 0xF9, 0x3C, 0xED, 0xCC, 0xFB, 0x77, 0x97, 0x1D, 0x55, 0xE6,
    0x91, 0x0B, 0x6D, 0x0C, 0xDB, 0xB8, 0x67, 0x90, 0x20, 0xF7, 0x58, 0x84, 0x3A, 0x59, 0xCD, 0xE7,
    0x6B, 0x01, 0x28, 0x93, 0x0A, 0x96, 0x52, 0x42, 0x1D, 0xA0, 0x94, 0x70, 0x20, 0x50, 0x4A, 0x88,
    0x37, 0xFF, 0x21, 0x94, 0x11, 0x89, 0x90, 0x91, 0xB0, 0xB5, 0xE0, 0xA8, 0xC4, 0x2A, 0x3D, 0xB1,
    0xCC, 0xB9, 0x10, 0xFC, 0xAB, 0xE6, 0x5F, 0xD3, 0x3C, 0x8D, 0x44, 0x3F, 0x9C, 0x36, 0x87, 0xFD,
    0xB1, 0xE7, 0x94, 0x50, 0x52, 0x3A, 0x1E, 0xA7, 0x4D, 0x82, 0x74, 0x34, 0xA7, 0x82, 0xE7, 0xB7,
    0xA3, 0xFE, 0x0E, 0x0C, 0x23, 0x08, 0xFC, 0x5B, 0xAC, 0x57, 0x9B, 0xA2, 0x6C, 0x8D, 0xAB, 0x53,
    0x19, 0x42, 0x75, 0xF4, 0x64, 0x92, 0x3C, 0xF2, 0x4F, 0xDD, 0xB4, 0x62, 0x00, 0x05, 0x86, 0x84,
    0x69, 0x86, 0x88, 0xF4, 0xAD, 0x36, 0xEB, 0xB6, 0xEF, 0x71, 0xDE, 0xFD, 0x02, 0x89, 0xA7, 0x6E,
    0x4B, 0x98, 0xFF, 0x83, 0x3A, 0xFA, 0x0B, 0xE6, 0x24, 0x2A, 0x48, 0x76, 0x28, 0x18, 0xBB, 0x4A,
    0x3C, 0x7B, 0x53, 0xBB, 0xAA, 0x4E, 0xAE, 0xA8, 0xC4, 0xBD, 0x17, 0x49, 0x85, 0x90, 0xC6, 0x78,
    0xD2, 0x98, 0x2F, 0x03, 0x69, 0xCC, 0xD9, 0xE6, 0x13, 0xEF, 0x55, 0x6A, 0x09, 0x12, 0x66, 0x02,
    0xDF, 0xCD, 0x3B, 0xE1, 0x50, 0x6E, 0xCC, 0x0F, 0x15, 0x9D, 0xFB, 0xFF, 0x48, 0x68, 0xF2, 0xDF,
    0x85, 0x26, 0x10, 0x3C, 0xA1, 0x49, 0x4C, 0x9A, 0x9C, 0x3F, 0xA4, 0xE2, 0xE3, 0x3B, 0xE0, 0x30,
    0x26, 0xEE, 0x03, 0x37, 0xE5, 0x2B, 0xF3, 0x1C, 0xD1, 0x0C, 0xE5, 0x60, 0x92, 0x91, 0xAA, 0xEE,
    0x97, 0xD1, 0x44, 0x75, 0xC9, 0x26, 0x12, 0x35, 0xCD, 0x38, 0x7D, 0x12, 0x47, 0x98, 0x2C, 0xDD,
    0x02, 0x62, 0x4A, 0x38, 0x5B, 0xBA, 0x03, 0x5D, 0x11, 0xE7, 0xF9, 0x9F, 0x03, 0xA9, 0xE5, 0x47,
    0xAC, 0xCA, 0xCA, 0x65, 0xE3, 0xE2, 0x58, 0x14, 0xBC, 0x59, 0x8C, 0xD4, 0xE8, 0xDE, 0xB9, 0x27,
    0xAE, 0xB5, 0x54, 0xE3, 0x54, 0x66, 0xDA, 0x83, 0x47, 0x3B, 0x84, 0x4F, 0x09, 0xA3, 0xF4, 0xA8,
    0x63, 0x87, 0x36, 0xFB, 0x62, 0xE5, 0x19, 0x09, 0xCE, 0x5A, 0x24, 0x6C, 0xD8, 0x8B, 0xAD, 0xE6,
    0x06, 0x33, 0x6B, 0xB9, 0x98, 0x86, 0x44, 0xB7, 0x64, 0x39, 0xDE, 0x9A, 0xB9, 0x8C, 0xBA, 0x87,
    0x95, 0x21, 0xC5, 0xBA, 0xE6, 0x8C, 0x3E, 0x92, 0x23, 0xCF, 0x84, 0x05, 0xCD, 0x66, 0x5E, 0xC2,
    0x16, 0xE6, 0x47, 0x44, 0x94, 0x6C, 0x32, 0xA4, 0x0B, 0x60, 0x4D, 0x37, 0xE3, 0x36, 0x8B, 0xFD,
    0xA8, 0xD0, 0xD8, 0xDE, 0x23, 0xA7, 0x57, 0xD1, 0x86, 0x29, 0x20, 0xF3, 0x8E, 0x15, 0x30, 0xB9,
    0x78, 0x8C, 0xAA, 0xEC, 0xA4, 0xDB, 0xB0, 0x7C, 0x57, 0x1B, 0x09, 0x57, 0x77, 0xD5, 0x6C, 0xFC,
    0xA6, 0xEC, 0x56, 0x35, 0xCB, 0x91, 0x29, 0xDA, 0x1F, 0x8A, 0xA9, 0xEF, 0xD3, 0xDC, 0x0B, 0xBB,
    0xFF, 0xDE, 0x4D, 0x64, 0xA5, 0x9A, 0xA5, 0x36, 0x8B, 0x37, 0xD7, 0xAE, 0x6C, 0x50, 0x34, 0xFC,
    0x77, 0xFA, 0x46, 0x7A, 0xD5, 0xF8, 0xDF, 0x74, 0xCA, 0x15, 0x9D, 0x98, 0x57, 0xF5, 0x27, 0xF6,
    0x99, 0xC8, 0x6F, 0x75, 0x73, 0x39, 0x05, 0x4A, 0x75, 0x15, 0x96, 0x5B, 0x5F, 0xF9, 0x24, 0x8B,
    0x94, 0x6C, 0x7B, 0xD2, 0x51, 0x1C, 0x3B, 0x0A, 0x28, 0xDB, 0xBF, 0x0E, 0xF9, 0x94, 0x2C, 0xAB,
    0xDD, 0x5F, 0x2C, 0xF6, 0xA5, 0x94, 0x67, 0x42, 0x25, 0xBE, 0x47, 0x3A, 0x9D, 0x3C, 0xF2, 0x4A,
    0x2B, 0xD0, 0x58, 0x74, 0x1C, 0x48, 0x13, 0xBB, 0x76, 0x23, 0x6F, 0x57, 0x52, 0x76, 0xE1, 0xA1,
    0xB2, 0x7C, 0xC7, 0x7F, 0x2C, 0x34, 0x66, 0xBB, 0x44, 0xA4, 0x71, 0x4A, 0xB9, 0x2E, 0xB8, 0x17,
    0x68, 0x86, 0xE6, 0x72, 0xD8, 0x6F, 0x73, 0x5D, 0xEA, 0x86, 0x66, 0x48, 0xB6, 0xA3, 0x10, 0x94,
    0x5E, 0x3B, 0xC7, 0x8A, 0x9D, 0x77, 0x92, 0x13, 0x19, 0x1E, 0x93, 0x9E, 0x05, 0xA9, 0x0D, 0xAA,
    0x9F, 0x3C, 0x01, 0xBD, 0x89, 0x9C, 0x11, 0x0D, 0x2B, 0x37, 0xE6, 0x77, 0x4A, 0xF6, 0x5B, 0xF4,
    0x5B, 0xC2, 0x5F, 0xF2, 0xCB, 0xD4, 0x75, 0x48, 0xCA, 0x76, 0x55, 0x8B, 0x5D, 0x2A, 0x6E, 0x95,
    0xFB, 0x20, 0xAB, 0x2B, 0xBD, 0x46, 0xC5, 0xD5, 0xB3, 0x1B, 0x36, 0x33, 0xBE, 0x8D, 0xEC, 0x73,
    0xD7, 0x27, 0xEE, 0x71, 0x35, 0x46, 0xDF, 0xBF, 0x3B, 0xBE, 0x8A, 0xD4, 0xB0, 0x21, 0xB4, 0x7C,
    0xF3, 0x5D, 0x78, 0x86, 0xD0, 0xFE, 0x98, 0xA1, 0x35, 0x12, 0xDA, 0xA5, 0xC0, 0xFE, 0x15, 0x63,
    0x5E, 0x17, 0xA7, 0x6A, 0x05, 0x18, 0x6C, 0x31, 0x78, 0xFA, 0x64, 0x73, 0xA1, 0xCC, 0x49, 0x5C,
    0xD3, 0x85, 0xC1, 0xE4, 0xAB, 0x55, 0xAD, 0xDE, 0xF1, 0xBC, 0x45, 0xF6, 0x8F, 0x6F, 0x57, 0xE5,
    0x8A, 0xC5, 0xB6, 0xCA, 0xA5, 0x4E, 0xA0, 0x29, 0x1C, 0x8E, 0x96, 0x18, 0x14, 0xC3, 0xFA, 0xB3,
    0x70, 0xA4, 0xD5, 0x6F, 0x77, 0x3E, 0xAB, 0x43, 0xC1, 0xA0, 0x9A, 0x93, 0x4E, 0x53, 0x6E, 0x42,
    0xCA, 0xCC, 0x1D, 0x52, 0xC2, 0xA2, 0xBE, 0x63, 0x12, 0xA9, 0x66, 0x2B, 0x52, 0x55, 0xF5, 0x22,
    0x56, 0xF9, 0x64, 0x15, 0x64, 0x85, 0xD4, 0xCD, 0x0A, 0x9B, 0x42, 0x7F, 0xDA, 0xDE, 0x02, 0xE9,
    0x5B, 0x82, 0x79, 0x2A, 0x1A, 0x81, 0x66, 0x52, 0xC9, 0xB8, 0xF8, 0xED, 0xA5, 0x26, 0x63, 0x3B,
    0xE0, 0x78, 0x88, 0xAC, 0xC9, 0x3F, 0x12, 0x95, 0xC9, 0xDD, 0x33, 0x52, 0x39, 0x77, 0x88, 0x47,
    0x54, 0x25, 0x72, 0xE6, 0xCA, 0xC8, 0xFB, 0x94, 0x4D, 0xE3, 0xDA, 0xC4, 0xA1, 0x21, 0x5C, 0x57,
    0x38, 0x87, 0x36, 0xEC, 0x4A, 0xE7, 0xFE, 0x1F, 0x8D, 0x92, 0x21, 0x8C, 0xDC, 0x3C, 0x14, 0x84,
    0xBF, 0x24, 0xFF, 0xDF, 0x80, 0x00, 0x1F, 0x57, 0x25, 0x93, 0xE2, 0x33, 0x27, 0x67, 0x57, 0xE5,
    0x52, 0x61, 0x59, 0x39, 0x27, 0x05, 0xD7, 0x26, 0x1C, 0x1D, 0x47, 0xE5, 0xB8, 0xA0, 0xA0, 0x5A,
    0x9B, 0x23, 0x97, 0x13, 0xC3, 0x42, 0x83, 0x48, 0xCD, 0x49, 0x2F, 0x79, 0xF5, 0xDE, 0xED, 0xD2,
    0x6B, 0x9D, 0x37, 0xE0, 0x29, 0xA3, 0xB1, 0x67, 0x34, 0xC0, 0x6B, 0x98, 0x41, 0x17, 0x34, 0xE3,
    0x57, 0x8C, 0xD0, 0x2B, 0xCC, 0x81, 0x09, 0x80, 0xAF, 0xC8, 0xB0, 0x4F, 0x62, 0x56, 0x5F, 0xE2,
    0xB2, 0xF3, 0x0D, 0xE0, 0xD5, 0x03, 0xB8, 0x0A, 0xB3, 0x80, 0x1E, 0xF4, 0xBB, 0x86, 0x71, 0xF5,
    0xC9, 0x14, 0x53, 0x5C, 0x1A, 0xEB, 0x2D, 0x5D, 0x06, 0xB0, 0x65, 0x6C, 0x14, 0x93, 0x54, 0x3F,
    0xA6, 0xDD, 0x69, 0xDA, 0x8C, 0x86, 0x37, 0xFD, 0x0E, 0x80, 0x57, 0x2D, 0x51, 0x35, 0x37, 0xA4,
    0x1B, 0x08, 0x3F, 0x18, 0xD2, 0xC1, 0x94, 0x34, 0xCF, 0xCB, 0xAC, 0x8A, 0x55, 0xA1, 0xD3, 0x07,
    0x5C, 0x8A, 0x55, 0xAB, 0x16, 0xBF, 0x78, 0x9A, 0x52, 0xF2, 0xF5, 0x8A, 0xF3, 0x0E, 0x8C, 0xBA,
    0x78, 0xAD, 0x51, 0x37, 0xED, 0x45, 0x90, 0x7B, 0x36, 0xFA, 0x15, 0x9B, 0xFB, 0x83, 0x7E, 0x83,
    0x15, 0xDE, 0xD3, 0x3F, 0x62, 0xCF, 0xB4, 0x7C, 0x32, 0x55, 0x86, 0xCB, 0x1C, 0x63, 0x99, 0x9B,
    0x8E, 0x86, 0xE9, 0x11, 0x42, 0x47, 0xB7, 0x8E, 0x79, 0x10, 0x53, 0x47, 0xB1, 0xB5, 0xB9, 0xCD,
    0xAE, 0xCC, 0x8B, 0x5F, 0x94, 0xD8, 0x09, 0xF7, 0x5D, 0xE5, 0x86, 0xD0, 0xD0, 0x05, 0xC1, 0xE4,
    0x03, 0x9F, 0xE6, 0x25, 0xE2, 0x7E, 0xEE, 0x98, 0xDF, 0x1B, 0x83, 0x56, 0xD0, 0x04, 0x3E, 0xF0,
    0x5F, 0x63, 0x7D, 0xEE, 0x36, 0x74, 0x10, 0xF4, 0xDD, 0xC1, 0x9C, 0x34, 0xB8, 0x3C, 0x27, 0x53,
    0x5D, 0x1E, 0xD6, 0xA9, 0xB2, 0xF6, 0xCF, 0x62, 0x40, 0xA7, 0x05, 0xAB, 0x4D, 0x4D, 0x35, 0x9C,
    0xDE, 0xC6, 0xB4, 0xE1, 0x52, 0x61, 0x5A, 0x00, 0xDA, 0x7B, 0xAA, 0xCD, 0x4F, 0xF7, 0x04, 0x0D,
    0x7A, 0x4E, 0xA6, 0xED, 0xB6, 0xF8, 0xCD, 0xC8, 0xB8, 0x0F, 0xFB, 0x20, 0xC3, 0x36, 0x55, 0xD3,
    0x92, 0xB9, 0xC3, 0xB6, 0x7F, 0x9A, 0x1B, 0x27, 0xC4, 0xD0, 0x5E, 0x9D, 0x6C, 0x1E, 0x6B, 0xB7,
    0x7E, 0xFA, 0x12, 0xE3, 0x21, 0xB2, 0xD6, 0xD2, 0x08, 0xA6, 0x99, 0x32, 0xD5, 0x96, 0x26, 0xC8,
    0x77, 0xC2, 0x5F, 0x82, 0x9D, 0x36, 0xBC, 0x72, 0x72, 0x8B, 0x98, 0xF4, 0x3C, 0x27, 0x17, 0xBC,
    0x32, 0xAD, 0x8C, 0xC5, 0xC8, 0x24, 0xD7, 0xFB, 0x6D, 0xBE, 0x03, 0xB0, 0x8D, 0x7F, 0xB6, 0x41,
    0xA7, 0x01, 0xA5, 0x3F, 0x18, 0x37, 0x5C, 0xE1, 0x2E, 0xC0, 0x07, 0xA6, 0x82, 0x4B, 0xCC, 0x01,
    0xE5, 0x69, 0x32, 0x51, 0x9B, 0x5A, 0x18, 0x77, 0xF4, 0x72, 0xF8, 0x7F, 0xB9, 0x74, 0x6A, 0x07,
    0x55, 0x06, 0x99, 0x53, 0x53, 0x2F, 0x67, 0x27, 0x2E, 0x74, 0xF9, 0xA5, 0x8E, 0x5C, 0xBA, 0x16,
    0xFE, 0xA5, 0x6B, 0x2F, 0xA7, 0x7E, 0x3D, 0xB7, 0x80, 0x5F, 0x20, 0x26, 0xD0, 0x40, 0x77, 0xC0,
    0x20, 0x30, 0xD6, 0x86, 0x04, 0x3D, 0x00, 0xB8, 0x65, 0x2A, 0xB1, 0x3A, 0xD1, 0xEA, 0x45, 0x8B,
    0xDF, 0x9E, 0x76, 0xF4, 0xF9, 0xFB, 0x35, 0x8B, 0x2D, 0x7F, 0x00, 0xED, 0x77, 0x3D, 0xAC, 0x26,
    0xE7, 0x75, 0xDE, 0xFC, 0xF0, 0xDE, 0xB1, 0x34, 0x88, 0x66, 0x0B, 0xAE, 0x6C, 0xF0, 0x3A, 0x1E,
    0x16, 0xAE, 0xC2, 0x44, 0xE3, 0x32, 0x05, 0xC5, 0x19, 0x4A, 0x70, 0x58, 0xA4, 0xD0, 0x16, 0x5C,
    0x08, 0x30, 0x0B, 0xA6, 0x70, 0x17, 0x04, 0xD7, 0x85, 0x0B, 0x17, 0xE4, 0xCE, 0x20, 0x4D, 0x0A,
    0x17, 0xB9, 0x01, 0x64, 0xB8, 0x55, 0x21, 0x40, 0xC2, 0xB2, 0x58, 0x17, 0x29, 0x58, 0x88, 0x3B,
    0x23, 0x09, 0x41, 0x4A, 0x8D, 0x20, 0x25, 0x2A, 0x5C, 0x78, 0x02, 0x5C, 0x20, 0x26, 0x59, 0x68,
    0x6C, 0x8F, 0xE3, 0x6F, 0x97, 0x33, 0xF3, 0xE6, 0x3C, 0xCF, 0x39, 0xEF, 0xF7, 0x73, 0x7F, 0xF6,
    0x8F, 0x5C, 0x5A, 0x92, 0xFD, 0x61, 0xF7, 0x9C, 0x73, 0xBF, 0x6F, 0xE6, 0xFD, 0x39, 0x3F, 0xCF,
    0x79, 0x4E, 0x10, 0x56, 0x81, 0x7C, 0xE2, 0x11, 0x32, 0x59, 0x28, 0x5D, 0x27, 0x32, 0x72, 0x1B,
    0xFC, 0x51, 0xBB, 0x80, 0x7F, 0xF0, 0xA9, 0xE3, 0xE0, 0x8A, 0x4F, 0xE9, 0xE4, 0x33, 0xAB, 0x3C,
    0xA1, 0x0C, 0xCA, 0x3E, 0x08, 0xF6, 0xE5, 0xF7, 0x29, 0xFF, 0x84, 0xF2, 0x65, 0xCA, 0xE0, 0x7A,
    0x29, 0x2B, 0x74, 0x7B, 0xB2, 0x79, 0xDC, 0xF3, 0x22, 0xBF, 0x44, 0x59, 0x50, 0x96, 0x94, 0x35,
    0xA5, 0x8B, 0x70, 0x9E, 0x95, 0x67, 0x5B, 0xF4, 0x84, 0x41, 0x3A, 0x44, 0x72, 0xB1, 0x62, 0x4E,
    0xE5, 0x62, 0xE5, 0x9C, 0x41, 0x6E, 0xB2, 0x35, 0xB0, 0xEF, 0xAF, 0xF9, 0x3C, 0xE7, 0x3B, 0x56,
    0x9F, 0xED, 0x1D, 0x6B, 0x48, 0x59, 0xFA, 0x50, 0x37, 0x41, 0x1B, 0x64, 0x53, 0x50, 0x36, 0xC1,
    0x7D, 0xE8, 0xA2, 0x09, 0xEE, 0x50, 0x57, 0xC1, 0xBB, 0xD4, 0x41, 0xF0, 0x0E, 0xF4, 0x57, 0x82,
    0xE0, 0x45, 0x68, 0x7E, 0xAE, 0xD5, 0x0F, 0xDD, 0x03, 0x6A, 0x59, 0x77, 0x30, 0x3D, 0x43, 0x3F,
    0x08, 0x5B, 0xA7, 0xCF, 0x31, 0x8B, 0xF0, 0xBC, 0xEB, 0x55, 0xD7, 0x83, 0xEA, 0x72, 0x54, 0x9D,
    0x9B, 0xCE, 0xBC, 0xBE, 0xF8, 0x7F, 0xF7, 0xBB, 0x2C, 0xDA, 0x43, 0xCB, 0x36, 0x63, 0x90, 0x0F,
    0x41, 0x0E, 0x5D, 0xF4, 0x16, 0x9B, 0x4E, 0x75, 0xDD, 0xA8, 0x76, 0xAA, 0xE2, 0x45, 0x75, 0xAE,
    0x51, 0x8D, 0x78, 0xCE, 0x20, 0x76, 0x9A, 0xC9, 0xA1, 0x9B, 0x0E, 0x23, 0xCC, 0x97, 0x13, 0x3E,
    0x83, 0x03, 0xCA, 0x03, 0x23, 0xEF, 0x85, 0x4D, 0xEA, 0x95, 0xEB, 0x9E, 0x41, 0xFE, 0xE1, 0xF5,
    0xF9, 0x31, 0x51, 0x8E, 0x2F, 0x51, 0x22, 0x36, 0xD9, 0x9E, 0x4C, 0x29, 0x65, 0x83, 0xAD, 0x8C,
    0x7B, 0xC8, 0xF0, 0x49, 0x62, 0xFF, 0xA9, 0xE4, 0xB1, 0xC3, 0xC9, 0x4B, 0x9C, 0xC9, 0xA4, 0xDC,
    0xEE, 0x76, 0xC5, 0xDA, 0x5E, 0x2B, 0x89, 0x93, 0x9C, 0x3C, 0x28, 0xDC, 0x7B, 0x52, 0xEF, 0x72,
    0xDB, 0x62, 0x13, 0x89, 0x03, 0x93, 0x4D, 0x22, 0xE1, 0x8C, 0x27, 0xC4, 0x20, 0x9E, 0xC4, 0xE3,
    0x41, 0x34, 0xC1, 0xCF, 0xD1, 0xA8, 0xDE, 0x56, 0x5F, 0xB7, 0x74, 0xA5, 0x3A, 0x14, 0x97, 0xDE,
    0x93, 0xEB, 0xF6, 0x7B, 0x95, 0xFA, 0x3C, 0x65, 0xDD, 0x6D, 0x8F, 0xF6, 0xBB, 0x74, 0xF5, 0xBB,
    0x0C, 0x91, 0x4B, 0x57, 0x84, 0x27, 0xC6, 0x19, 0x56, 0x59, 0xE2, 0x3D, 0x49, 0xA8, 0x82, 0xE9,
    0x15, 0x71, 0xB9, 0xE0, 0x88, 0x67, 0xBE, 0x7D, 0x2B, 0x40, 0xF8, 0x1B, 0x6C, 0x32, 0xC6, 0xEE,
    0x23, 0x37, 0x65, 0x4B, 0x90, 0x4E, 0x92, 0x4C, 0xC9, 0x54, 0x0C, 0x82, 0x63, 0xF0, 0xAC, 0x09,
    0x49, 0x9C, 0xAA, 0xC0, 0xDA, 0x39, 0x72, 0x22, 0x45, 0x06, 0xC4, 0x5C, 0xAA, 0x85, 0x99, 0xBB,
    0x05, 0x61, 0xC6, 0xD1, 0x72, 0xFC, 0xAD, 0x29, 0x51, 0x6E, 0x7E, 0x4B, 0xC2, 0x3E, 0x7F, 0x5F,
    0x7C, 0x30, 0x2F, 0x10, 0x2B, 0x84, 0x43, 0x2A, 0xCA, 0x93, 0xF9, 0x28, 0x4F, 0xB6, 0xBD, 0x73,
    0xF7, 0x5C, 0xD3, 0x4A, 0xBD, 0xC1, 0x7B, 0xF2, 0xEA, 0xCD, 0x37, 0x79, 0xE9, 0x0A, 0xB7, 0xAF,
    0xDD, 0xB9, 0xDE, 0xFA, 0x39, 0xFD, 0x3F, 0x91, 0x1B, 0xB4, 0xBA, 0x57, 0x55, 0x34, 0xE9, 0xD0,
    0x8E, 0xC5, 0xEC, 0xC6, 0x72, 0x76, 0x43, 0xB9, 0xC1, 0xDF, 0x17, 0x53, 0x53, 0x7C, 0x38, 0x48,
    0xD8, 0x7B, 0x5E, 0x97, 0xE0, 0xF1, 0x7C, 0xFE, 0x23, 0xCD, 0x64, 0xAF, 0xB1, 0x84, 0x47, 0x88,
    0x69, 0x14, 0x74, 0x87, 0x66, 0xC1, 0xE7, 0x2C, 0x3C, 0x16, 0x84, 0x14, 0xAB, 0x87, 0x84, 0x84,
    0x38, 0xB5, 0xB1, 0x3A, 0x8F, 0x80, 0x52, 0x25, 0x5E, 0x60, 0xA2, 0x1C, 0x55, 0x1E, 0xD5, 0x9C,
    0x3B, 0xB4, 0x52, 0x56, 0xB8, 0x82, 0xDF, 0xCF, 0x8E, 0x34, 0xAB, 0x83, 0xAC, 0x0B, 0x9E, 0xD2,
    0xCA, 0x9B, 0xCB, 0x56, 0xB1, 0xB3, 0xE0, 0xB4, 0x15, 0x76, 0x49, 0xF7, 0xF1, 0x94, 0xBE, 0xAA,
    0x68, 0x55, 0x27, 0x38, 0x70, 0xCD, 0x3B, 0xB6, 0x12, 0xEB, 0xFB, 0xB4, 0x0A, 0xB9, 0xC9, 0x42,
    0x4B, 0xEA, 0x20, 0x9C, 0x69, 0x09, 0x74, 0xC6, 0x3B, 0x6B, 0x52, 0x6B, 0x24, 0xAA, 0xF2, 0xB9,
    0xDF, 0x43, 0x55, 0xA3, 0xF3, 0x0C, 0xF7, 0xDB, 0x8E, 0x96, 0xEB, 0x9D, 0xE6, 0xD8, 0x5B, 0xAE,
    0x41, 0x99, 0x14, 0xAC, 0x63, 0x29, 0xC3, 0x50, 0x11, 0xAD, 0x65, 0x29, 0x02, 0xF8, 0x6F, 0xEE,
    0x03, 0x5F, 0x97, 0xAA, 0x63, 0xF6, 0xCC, 0x5C, 0x1E, 0x4A, 0x0C, 0x69, 0xCB, 0x7E, 0xDB, 0x36,
    0x3E, 0x0F, 0x93, 0x01, 0x63, 0x73, 0x32, 0x13, 0xF5, 0xE9, 0xCD, 0x65, 0xFB, 0xEC, 0xA9, 0xDB,
    0x9A, 0x91, 0x51, 0x0C, 0xF6, 0xAA, 0x6E, 0x6B, 0xD6, 0x8F, 0x33, 0xDB, 0xED, 0x6B, 0xA1, 0x35,
    0x70, 0x76, 0x3D, 0xBF, 0x6E, 0xD8, 0x12, 0x1D, 0x1A, 0xE9, 0x5D, 0x70, 0x8A, 0x79, 0x87, 0x7C,
    0xC6, 0xCC, 0xEF, 0x04, 0xD6, 0x99, 0xFB, 0x60, 0xDB, 0xAA, 0x77, 0x06, 0x9B, 0x75, 0xD1, 0x05,
    0xDA, 0xAD, 0x73, 0x31, 0xEE, 0x78, 0x83, 0xFD, 0x5A, 0xF2, 0x47, 0x1B, 0x76, 0x16, 0xEC, 0x77,
    0xEC, 0x47, 0x1B, 0xA7, 0xDA, 0xC4, 0x7C, 0xBB, 0xD6, 0xFC, 0x46, 0x98, 0xB2, 0xF5, 0x5B, 0xBF,
    0x49, 0xDA, 0xC7, 0x9B, 0xF5, 0x66, 0x94, 0x83, 0x19, 0xC5, 0x18, 0xEC, 0x9A, 0xF6, 0xB3, 0x19,
    0xE2, 0x87, 0x33, 0x01, 0xAE, 0x86, 0x4D, 0x3C, 0xC5, 0xA5, 0x05, 0xC6, 0x07, 0x1A, 0xA8, 0xCF,
    0x2A, 0xF0, 0x95, 0xC2, 0x4F, 0xAB, 0xCD, 0x3D, 0xD6, 0x5F, 0x25, 0x15, 0xB5, 0xB9, 0x3B, 0x6D,
    0xEA, 0xA1, 0xFD, 0x19, 0x9C, 0x5D, 0xCB, 0xD8, 0xA4, 0x92, 0x4B, 0xD2, 0xAB, 0x01, 0x5A, 0x2A,
    0x6C, 0x0C, 0x8E, 0xDB, 0x73, 0x59, 0x70, 0x64, 0x80, 0xD2, 0x87, 0xDF, 0xA6, 0xCE, 0x7A, 0xCD,
    0x9F, 0xB2, 0x51, 0x5D, 0x5B, 0x3E, 0x2D, 0xAA, 0xA3, 0x59, 0xB5, 0xD2, 0xE3, 0xB2, 0x57, 0x78,
    0x2D, 0x7B, 0x3D, 0x66, 0xF9, 0x91, 0x76, 0xC0, 0xD2, 0xA7, 0x3A, 0x03, 0x87, 0xDF, 0x0B, 0xFF,
    0xDC, 0x64, 0xEF, 0xF9, 0x75, 0x56, 0xD5, 0x21, 0x5F, 0x90, 0x7D, 0xF8, 0x02, 0xF6, 0x1D, 0x54,
    0x17, 0x93, 0xEA, 0x6C, 0x56, 0x9D, 0x38, 0xD5, 0xB1, 0x3C, 0x78, 0x4C, 0x50, 0x1D, 0xED, 0x5E,
    0x8B, 0xEA, 0xCC, 0xE8, 0x4E, 0xF0, 0x26, 0xFC, 0x62, 0x6E, 0x31, 0x3A, 0xBF, 0xC7, 0x82, 0xB8,
    0x80, 0x11, 0x21, 0x9F, 0x0E, 0x4A, 0x6B, 0xF8, 0x95, 0xF7, 0xDA, 0x71, 0xF0, 0xE8, 0x0F, 0xB7,
    0x44, 0xF7, 0xD9, 0x1A, 0x28, 0x75, 0x09, 0xCF, 0xB9, 0x75, 0x74, 0xDC, 0xEB, 0xC0, 0x88, 0xBC,
    0x91, 0x7A, 0xA3, 0xF0, 0x46, 0x6B, 0x46, 0xB4, 0x9A, 0x91, 0x6E, 0xCC, 0x28, 0x06, 0x33, 0xEA,
    0x46, 0x0D, 0x81, 0x6F, 0x35, 0x92, 0x8D, 0x19, 0x82, 0x5E, 0x6A, 0xD4, 0x8A, 0xAD, 0xE5, 0x4F,
    0x9C, 0x6D, 0xFA, 0xF3, 0xD9, 0x8C, 0x5F, 0x8C, 0x66, 0xB8, 0xCE, 0x1B, 0xFE, 0x60, 0xB3, 0x37,
    0xC6, 0xAB, 0xCE, 0x0C, 0xE3, 0x18, 0x38, 0x9C, 0x0A, 0xFE, 0x95, 0xC6, 0xA0, 0x77, 0x57, 0x06,
    0x12, 0x27, 0xA3, 0xB6, 0x17, 0x76, 0x13, 0x79, 0x5E, 0x03, 0x5C, 0xF7, 0x8C, 0x1F, 0x7B, 0xAE,
    0x3A, 0x76, 0x0D, 0x1E, 0xFF, 0x91, 0xC5, 0x3B, 0x29, 0x8A, 0xC1, 0x74, 0x0F, 0x97, 0x86, 0xF7,
    0x56, 0xA2, 0x11, 0xF1, 0xBA, 0x86, 0xD7, 0x7A, 0x3D, 0x2D, 0xF8, 0x57, 0x0E, 0x20, 0xAA, 0x02,
    0x26, 0x89, 0xD3, 0xB1, 0x2D, 0x44, 0x9C, 0xA3, 0x95, 0x90, 0xCF, 0x73, 0x4D, 0x4A, 0xB8, 0x52,
    0x4D, 0xDC, 0x8E, 0x79, 0x2E, 0x7E, 0x2D, 0x98, 0x05, 0xD9, 0x58, 0x32, 0x61, 0xD3, 0xA9, 0xD5,
    0xE4, 0x98, 0x17, 0x4B, 0x84, 0xD9, 0x38, 0xB4, 0xE5, 0x48, 0x6D, 0x79, 0x54, 0x1A, 0xD7, 0xCE,
    0x2D, 0x89, 0x4A, 0x2B, 0x57, 0x96, 0x4B, 0x90, 0xBE, 0xAE, 0xAF, 0x65, 0x1F, 0x2B, 0xD7, 0xCE,
    0x95, 0x64, 0x8A, 0xD6, 0xC7, 0x33, 0xF3, 0x42, 0x78, 0x6B, 0x9B, 0x44, 0xB1, 0x8E, 0x53, 0xD4,
    0x27, 0x72, 0xDF, 0xC8, 0x0F, 0x7A, 0x70, 0xE8, 0xAF, 0x8C, 0x96, 0xAC, 0x3F, 0x99, 0x51, 0x97,
    0x3B, 0xFA, 0xEF, 0xC7, 0x44, 0x05, 0xD8, 0xDC, 0xFC, 0xE7, 0x75, 0xE6, 0xF5, 0x70, 0xA8, 0xD3,
    0xFE, 0x50, 0x27, 0xE6, 0xE7, 0xD8, 0x74, 0x70, 0xCB, 0x7E, 0xB7, 0xF7, 0x0B, 0x8B, 0x4F, 0x69,
    0x23, 0x6B, 0xED, 0xE3, 0x66, 0xE5, 0xBE, 0x6A, 0x45, 0x47, 0xB3, 0xEA, 0x78, 0x52, 0xC0, 0x4C,
    0x46, 0x25, 0xDF, 0xD9, 0xA0, 0x01, 0xCD, 0x7B, 0x22, 0xBC, 0xB4, 0x19, 0x3D, 0x60, 0x59, 0x29,
    0x60, 0xB5, 0x52, 0x8A, 0x5C, 0x46, 0xF3, 0x5B, 0x92, 0x8B, 0x38, 0x22, 0xC9, 0x45, 0xA8, 0x88,
    0x8D, 0x90, 0x58, 0x3F, 0xD3, 0x2E, 0x82, 0xBC, 0xEC, 0x95, 0xDD, 0x23, 0x47, 0xB1, 0x30, 0xA6,
    0x04, 0x74, 0x0E, 0x24, 0x19, 0x72, 0xD6, 0x29, 0xF3, 0x62, 0xAE, 0x4A, 0xC1, 0xA4, 0x68, 0x46,
    0xB5, 0x1B, 0x5A, 0x71, 0x95, 0x74, 0xCA, 0x09, 0x2E, 0x4B, 0xB7, 0x63, 0x54, 0x60, 0xCA, 0xC6,
    0x29, 0x82, 0xE2, 0xA0, 0x30, 0xA1, 0x2A, 0x51, 0xDE, 0x19, 0xAB, 0x8A, 0x9A, 0x6D, 0x96, 0x5E,
    0xAD, 0xD8, 0x6F, 0xB9, 0x68, 0xA3, 0x8A, 0x6B, 0x1E, 0xB5, 0x1A, 0x4F, 0x0C, 0x1F, 0x84, 0x59,
    0xAA, 0xD0, 0xBA, 0xB8, 0xF5, 0x75, 0xAF, 0xF6, 0x7F, 0x8B, 0xD7, 0x2D, 0x4E, 0xCB, 0x2A, 0xC2,
    0xD4, 0x12, 0xED, 0xE4, 0xA5, 0x0E, 0x3F, 0x50, 0x6C, 0x4E, 0xB7, 0x05, 0x97, 0x4F, 0xE4, 0x8F,
    0x73, 0xFB, 0xA5, 0x70, 0x0F, 0x5B, 0xA6, 0x7A, 0xE4, 0x7A, 0x03, 0x7E, 0xB4, 0x1F, 0x4E, 0x87,
    0xF9, 0xBE, 0xE4, 0xF7, 0x05, 0x9F, 0x29, 0x49, 0x3A, 0x5A, 0x76, 0xB4, 0xC5, 0xDF, 0xA1, 0xB4,
    0x29, 0xF3, 0x48, 0xBC, 0x86, 0x83, 0x2C, 0x76, 0x2A, 0xF8, 0xC2, 0xD9, 0x41, 0x2F, 0x48, 0xFD,
    0x35, 0xE1, 0x93, 0x39, 0xDE, 0x3A, 0x76, 0x93, 0x1E, 0x5B, 0xCF, 0xA6, 0x87, 0x56, 0xBF, 0x5F,
    0x9C, 0x65, 0xF5, 0x3C, 0xD9, 0xBE, 0xE4, 0xD9, 0x52, 0xCA, 0x84, 0x27, 0x0C, 0x83, 0x7F, 0x84,
    0x59, 0x56, 0x29, 0x7A, 0x05, 0x36, 0xC1, 0xAC, 0x64, 0x52, 0x6E, 0xF6, 0x68, 0xBA, 0x27, 0xDF,
    0x5E, 0xE7, 0x5E, 0x37, 0x87, 0x1A, 0xE4, 0xDB, 0x53, 0xEF, 0xCA, 0xD3, 0xED, 0x3D, 0x5D, 0x9B,
    0xBE, 0x6F, 0x7A, 0x31, 0x6D, 0xED, 0xC6, 0x68, 0x77, 0x10, 0x6D, 0x54, 0x1B, 0xE5, 0x66, 0xA7,
    0x80, 0x4E, 0x95, 0x6E, 0x93, 0x71, 0x70, 0xDE, 0xB0, 0xA6, 0x54, 0xEB, 0x58, 0x87, 0xB4, 0xC2,
    0x79, 0x4F, 0x79, 0x8D, 0xB5, 0x32, 0xC6, 0xDA, 0x6D, 0x35, 0x0B, 0xD8, 0x75, 0xAD, 0xEA, 0x46,
    0x99, 0x47, 0xDB, 0x28, 0x02, 0xD7, 0x95, 0xD7, 0xA5, 0x66, 0x7B, 0xF0, 0x9A, 0xE9, 0xAF, 0x52,
    0x7F, 0x45, 0x18, 0x22, 0x59, 0x91, 0x46, 0x57, 0x21, 0x6A, 0x3E, 0x51, 0x98, 0x82, 0x67, 0xF7,
    0xE5, 0xF7, 0x29, 0xFF, 0x84, 0xF2, 0xE5, 0xC7, 0x45, 0x85, 0x95, 0xBF, 0x93, 0xCD, 0x13, 0x44,
    0xF1, 0x4B, 0x4A, 0x03, 0x74, 0x70, 0xA4, 0xAC, 0xB5, 0xBE, 0x22, 0x5E, 0x9D, 0x67, 0x5B, 0xF4,
    0x84, 0x76, 0x6C, 0x76, 0x0E, 0x57, 0x45, 0xF8, 0x06, 0x00, 0xE2, 0xA4, 0x7A, 0xC0, 0xA9, 0x31,
    0x9A, 0x8C, 0xC1, 0x5B, 0xD2, 0xA9, 0x81, 0xB6, 0xD2, 0x7D, 0x04, 0xA6, 0xC2, 0xF5, 0x7B, 0x0C,
    0x8E, 0x98, 0xF1, 0xA4, 0x3D, 0x4A, 0x4C, 0x25, 0x6E, 0x45, 0x25, 0xA6, 0x72, 0xB7, 0xAC, 0x13,
    0xD3, 0xBA, 0x60, 0x2F, 0x66, 0x6D, 0xBC, 0x49, 0x4C, 0xE3, 0x98, 0x9B, 0x78, 0x09, 0x0D, 0x5E,
    0xE7, 0x78, 0xF1, 0x8C, 0xAA, 0x7E, 0x6F, 0xBD, 0x37, 0x6C, 0xFB, 0xB6, 0x33, 0xD3, 0x30, 0x0A,
    0x90, 0xBB, 0xC8, 0xB3, 0x8A, 0xC6, 0x89, 0xBC, 0x16, 0x2D, 0xC6, 0xBC, 0x65, 0x5D, 0xC5, 0xE2,
    0x02, 0x5B, 0x68, 0x14, 0x4B, 0x6C, 0xAC, 0x7E, 0x71, 0x38, 0x0E, 0x59, 0xB6, 0x10, 0x26, 0x1C,
    0x12, 0x4B, 0x24, 0x2B, 0x8F, 0x8E, 0xEE, 0x29, 0x7F, 0xE3, 0x42, 0x24, 0x1F, 0x7A, 0x4D, 0x92,
    0x9A, 0x91, 0xC0, 0xDC, 0x8E, 0xA4, 0x77, 0xA7, 0xEA, 0x12, 0x61, 0x84, 0xEA, 0x28, 0xA1, 0x2C,
    0x33, 0xB0, 0x1A, 0xA8, 0xDD, 0x1D, 0x59, 0xC7, 0xE6, 0xEC, 0x76, 0xFB, 0x96, 0x92, 0x94, 0x86,
    0x03, 0xDD, 0x28, 0x35, 0xF3, 0x10, 0x2F, 0x3C, 0xC0, 0x5E, 0xD2, 0xA2, 0x04, 0x3F, 0x00, 0xB5,
    0x8E, 0xAE, 0x72, 0x15, 0x65, 0x90, 0x34, 0x0A, 0xE0, 0xE2, 0xE0, 0x1D, 0xB1, 0xD4, 0x36, 0x81,
    0x73, 0xC7, 0xEC, 0x00, 0x31, 0xE7, 0xBF, 0xD0, 0x69, 0x1F, 0xCA, 0x59, 0x1F, 0x91, 0xB2, 0x80,
    0xB6, 0xDB, 0xCF, 0x82, 0x63, 0xB2, 0x92, 0x9C, 0x12, 0xED, 0x42, 0x12, 0x79, 0xC0, 0x1C, 0x25,
    0x8D, 0x2C, 0x05, 0x48, 0x7E, 0x24, 0x25, 0x9C, 0xEA, 0x68, 0xD4, 0x72, 0xB1, 0xF0, 0x76, 0xF5,
    0xCF, 0xF4, 0xD3, 0xE8, 0xA7, 0x04, 0x44, 0x33, 0x17, 0x8D, 0xC1, 0xBB, 0x55, 0xFD, 0x9B, 0x6F,
    0x22, 0x6B, 0xF5, 0xCE, 0x73, 0xCF, 0xDA, 0x27, 0xE9, 0x63, 0x3F, 0xA5, 0x35, 0xB0, 0x6A, 0xBB,
    0x29, 0xDD, 0xFB, 0xCA, 0xAF, 0xA9, 0x7B, 0x13, 0x75, 0xEF, 0xDE, 0x95, 0xFD, 0x20, 0xF7, 0xAB,
    0x3A, 0x3D, 0x96, 0x17, 0xA6, 0xC7, 0xF4, 0x69, 0xA6, 0x47, 0xDF, 0x48, 0xBD, 0xDE, 0x35, 0xD2,
    0xFE, 0xEA, 0x46, 0x7A, 0x9D, 0xBE, 0xD4, 0x58, 0x3F, 0x5D, 0x83, 0xF5, 0x8D, 0x35, 0x9E, 0x0F,
    0x1B, 0x6B, 0xA6, 0x09, 0xF0, 0x7B, 0xB9, 0x36, 0xD6, 0xFB, 0xAD, 0xE6, 0x81, 0x63, 0x33, 0x3D,
    0x0B, 0x90, 0xFE, 0x02, 0x71, 0x15, 0x3A, 0x03, 0xEE, 0xD3, 0x02, 0x5F, 0x84, 0x20, 0xDC, 0xB4,
    0x1B, 0xC7, 0x46, 0x5D, 0x67, 0x83, 0xAE, 0x02, 0x0F, 0xB6, 0xB0, 0x4A, 0xA0, 0x4E, 0x02, 0x51,
    0x92, 0xA9, 0x22, 0xE8, 0x2D, 0x5C, 0x9F, 0xFE, 0x95, 0x58, 0x0B, 0xAD, 0xBF, 0x94, 0x43, 0xCC,
    0x04, 0xE6, 0x9F, 0x6F, 0xA4, 0xE5, 0x93, 0xD9, 0xFE, 0x48, 0x96, 0x1A, 0x69, 0xFD, 0x70, 0xF1,
    0xD6, 0x0F, 0x56, 0x69, 0x2F, 0xB4, 0x3A, 0xC0, 0x29, 0x99, 0xB0, 0xC8, 0xDC, 0xAC, 0xBA, 0x29,
    0x2A, 0x64, 0x41, 0xD1, 0x08, 0x0C, 0x92, 0x0A, 0x14, 0x4D, 0xD1, 0xDD, 0x51, 0xE6, 0xDC, 0xE4,
    0xC3, 0x07, 0xB4, 0x84, 0x96, 0x8F, 0x33, 0x93, 0xAC, 0xAC, 0xD2, 0xBF, 0xD9, 0x28, 0xBF, 0xAE,
    0x92, 0x87, 0x93, 0x5A, 0x4C, 0x4B, 0xB5, 0x22, 0xA9, 0x75, 0x58, 0x70, 0x65, 0xBF, 0xB5, 0x3A,
    0x92, 0x8D, 0x96, 0x84, 0x1C, 0x73, 0x64, 0x4B, 0x9F, 0x8B, 0x95, 0xB8, 0x0F, 0xC5, 0x1F, 0xA1,
    0x14, 0x43, 0x4D, 0x42, 0x2F, 0xA1, 0xEF, 0x6A, 0xE2, 0x86, 0xB0, 0xA9, 0xEE, 0x10, 0x6D, 0x9D,
    0x87, 0x83, 0x1A, 0x10, 0x7F, 0x35, 0x1C, 0x7C, 0x26, 0x86, 0xA5, 0xDF, 0x55, 0xC6, 0xF3, 0xDA,
    0x34, 0x52, 0xB4, 0x7D, 0x78, 0x25, 0xDA, 0x6A, 0xB7, 0x0C, 0xC0, 0xCC, 0x2A, 0x1B, 0x7E, 0x26,
    0xB6, 0xCF, 0x8F, 0xE9, 0xA9, 0x76, 0x12, 0x7E, 0xDF, 0x11, 0x09, 0x43, 0xF1, 0x7E, 0x82, 0x94,
    0x91, 0x3A, 0xCC, 0x50, 0x39, 0x42, 0xB2, 0x39, 0x58, 0xA5, 0x4A, 0xAC, 0x48, 0xC0, 0x3B, 0xB6,
    0x44, 0xCE, 0x49, 0x20, 0x7D, 0x64, 0x02, 0xA2, 0x15, 0x03, 0xB6, 0xBA, 0xBA, 0x46, 0x07, 0xCE,
    0x9E, 0x6F, 0xED, 0x7D, 0xAE, 0x13, 0xAD, 0x41, 0xDD, 0xEB, 0x80, 0x46, 0xCC, 0x93, 0xB6, 0x9C,
    0x6F, 0x74, 0xE8, 0xCA, 0x78, 0x1E, 0x39, 0x17, 0xCF, 0x87, 0x73, 0xE2, 0xBC, 0x6C, 0x0B, 0x1F,
    0xEB, 0x88, 0xAA, 0x5D, 0x36, 0x08, 0x5B, 0x1B, 0x1E, 0xD9, 0x69, 0xCD, 0xE9, 0xC6, 0xC3, 0x44,
    0x9F, 0xA8, 0x3E, 0xE3, 0xD0, 0x8B, 0x4B, 0xE2, 0x42, 0xF1, 0xAF, 0x8E, 0x26, 0xFC, 0x15, 0x6E,
    0x83, 0xC0, 0x86, 0x7A, 0xAF, 0x2E, 0x02, 0x4F, 0x39, 0xFA, 0x83, 0x37, 0x09, 0x14, 0x02, 0x75,
    0xBC, 0xAB, 0x24, 0xB9, 0x4C, 0x68, 0x3D, 0x61, 0x96, 0x93, 0x4F, 0x31, 0x19, 0xA4, 0x02, 0x50,
    0x29, 0x93, 0x4B, 0x52, 0x1C, 0x8E, 0x67, 0xF8, 0x64, 0xC1, 0xB7, 0x5A, 0xAC, 0x70, 0xA2, 0x73,
    0x9A, 0xCE, 0x83, 0x98, 0x5A, 0x51, 0x3F, 0x4F, 0x3B, 0xF3, 0x48, 0x79, 0x36, 0x3C, 0xE1, 0xE8,
    0x97, 0xF1, 0x39, 0x79, 0x0A, 0x08, 0x8B, 0xC9, 0x42, 0x73, 0x89, 0xE6, 0x10, 0x08, 0xC6, 0x15,
    0x03, 0x26, 0x89, 0xAC, 0x07, 0x5A, 0x66, 0xEC, 0x20, 0x19, 0xBA, 0x69, 0x90, 0x76, 0xA8, 0xFC,
    0xE3, 0x4A, 0xF9, 0x42, 0xDD, 0xE8, 0xF4, 0x10, 0x58, 0x21, 0x3C, 0x42, 0xDA, 0xDC, 0xB1, 0xA3,
    0x70, 0xB5, 0x1E, 0x8D, 0x3D, 0xAD, 0x20, 0xFF, 0xD3, 0x2E, 0x92, 0xE2, 0x68, 0xBF, 0x2D, 0xC7,
    0xB9, 0x7B, 0x6F, 0x46, 0xE9, 0x88, 0x43, 0x73, 0x9E, 0x4D, 0x32, 0x6B, 0xAD, 0x34, 0xAF, 0x0E,
    0x86, 0x1A, 0xAF, 0x56, 0x38, 0xAE, 0xE8, 0x16, 0x55, 0xF3, 0x9E, 0xCA, 0x9B, 0xF7, 0xA9, 0xAA,
    0x1B, 0x50, 0x2F, 0x90, 0x48, 0x1B, 0x9F, 0xFE, 0x5C, 0x95, 0xDC, 0x40, 0x4B, 0x9E, 0x15, 0xA3,
    0x0A, 0xC3, 0x8E, 0x90, 0xAC, 0x01, 0x29, 0x23, 0xBA, 0x97, 0xDC, 0x0A, 0xC2, 0xD3, 0x55, 0xC2,
    0xD5, 0x58, 0x6F, 0x12, 0x6F, 0xE5, 0xBD, 0xFA, 0x8B, 0xE8, 0x3C, 0xEA, 0xB0, 0x87, 0x25, 0x9D,
    0x82, 0x42, 0xB8, 0x28, 0x93, 0xE6, 0xC0, 0x20, 0xA0, 0xA0, 0x03, 0x8B, 0xAB, 0xD2, 0x51, 0xDD,
    0x9D, 0x59, 0x16, 0x14, 0xCA, 0xED, 0x46, 0x65, 0x7D, 0xD9, 0xD4, 0xDA, 0x7C, 0xB1, 0x58, 0x27,
    0xD3, 0x79, 0x23, 0x74, 0x93, 0x4D, 0x23, 0x7E, 0x56, 0xE9, 0x8C, 0xD7, 0x35, 0xA6, 0x29, 0x5F,
    0x08, 0x94, 0x18, 0x7E, 0x49, 0xE9, 0x49, 0x50, 0xFC, 0x62, 0x32, 0xF6, 0xD7, 0x9B, 0xD6, 0xC7,
    0xF3, 0x65, 0x37, 0x7B, 0x05, 0x07, 0x04, 0xC5, 0xE9, 0x13, 0x2F, 0x81, 0x17, 0xEE, 0xEF, 0x63,
    0xFA, 0xCB, 0xED, 0x87, 0x15, 0xF3, 0x41, 0x29, 0x28, 0x52, 0x41, 0xB2, 0x20, 0x76, 0x67, 0xF5,
    0x0F, 0xDA, 0x19, 0x85, 0x54, 0x77, 0xE0, 0xF8, 0xA3, 0x68, 0x41, 0x4D, 0x71, 0x0D, 0x48, 0x1E,
    0x06, 0xDB, 0x1A, 0xA6, 0xA4, 0x5D, 0x0D, 0x5A, 0x6B, 0xBA, 0xDF, 0xEA, 0xC6, 0xBE, 0xE7, 0xF3,
    0x6D, 0x27, 0x6E, 0xC5, 0x7B, 0x8D, 0x60, 0x6D, 0xDD, 0xC5, 0x2E, 0xC8, 0x05, 0x03, 0x3B, 0x11,
    0xA9, 0x3B, 0xAF, 0xFF, 0x87, 0xC4, 0x82, 0xC3, 0xA4, 0xEB, 0xB5, 0xB6, 0x57, 0x0D, 0xA2, 0xC0,
    0xD7, 0x15, 0xE7, 0xF5, 0xFA, 0x64, 0x47, 0xC4, 0x78, 0xBF, 0x7F, 0x75, 0xF7, 0xAE, 0xF6, 0xC4,
    0x51, 0x92, 0x7A, 0x30, 0xDD, 0xB3, 0x57, 0x48, 0x9C, 0x01, 0xEE, 0x01, 0x98, 0x1A, 0xE6, 0xB3,
    0x9A, 0xB3, 0x8F, 0xC6, 0x55, 0x50, 0x56, 0xA7, 0xBE, 0x76, 0x48, 0x58, 0x1E, 0xE5, 0x94, 0x31,
    0x20, 0xD9, 0xAC, 0xC5, 0x97, 0xAE, 0x4A, 0xFC, 0x62, 0xCF, 0xD0, 0x9D, 0x8D, 0x99, 0xB5, 0x8F,
    0x9B, 0xFD, 0x6D, 0x80, 0x1C, 0x39, 0x65, 0x69, 0xC9, 0xDF, 0xEB, 0xB9, 0xB2, 0xA1, 0xD5, 0xBC,
    0xE8, 0xB4, 0x08, 0x5B, 0x1E, 0x05, 0x73, 0x19, 0x47, 0xC5, 0x78, 0xD6, 0x39, 0x51, 0x36, 0xE5,
    0x90, 0xC8, 0x8E, 0x3F, 0xEA, 0x19, 0x65, 0x76, 0x4C, 0x04, 0x83, 0xC4, 0x15, 0x83, 0xDC, 0x12,
    0x77, 0x9B, 0xF6, 0x74, 0x87, 0x61, 0xD1, 0xF4, 0xE6, 0x44, 0x9E, 0x8B, 0x08, 0xF8, 0x60, 0x43,
    0x73, 0xF0, 0xAB, 0xA3, 0x25, 0x2B, 0x4F, 0x66, 0x00, 0x3E, 0x09, 0xEC, 0xC5, 0x46, 0xA6, 0xAE,
    0x4D, 0x4C, 0xC7, 0xF3, 0xD5, 0xDA, 0x6A, 0x23, 0x08, 0x2D, 0x14, 0xA1, 0x95, 0x56, 0xE0, 0xF5,
    0x0D, 0x61, 0x09, 0xE8, 0x23, 0x42, 0x97, 0xA0, 0x30, 0x82, 0xA2, 0x6B, 0x88, 0xE3, 0x63, 0xE5,
    0xAD, 0x4F, 0xA9, 0x1A, 0x2A, 0x41, 0x58, 0x28, 0x49, 0x04, 0xB6, 0xAE, 0xB5, 0x3A, 0x59, 0x94,
    0x98, 0x2F, 0x4A, 0x3C, 0x16, 0xA2, 0xFE, 0x77, 0xAD, 0xEE, 0x9F, 0x51, 0x9D, 0x32, 0xDF, 0x52,
    0x5D, 0x2D, 0xB3, 0x5E, 0x28, 0xDD, 0x5F, 0x50, 0x6C, 0x44, 0xEE, 0x3B, 0x35, 0x73, 0x79, 0xAC,
    0xB6, 0x7C, 0x17, 0xDF, 0xB2, 0xAD, 0x28, 0xF3, 0xFB, 0x27, 0x61, 0x0E, 0x34, 0x85, 0x41, 0x59,
    0x22, 0x81, 0xFC, 0x94, 0x5B, 0x73, 0x3C, 0x34, 0xFF, 0xD9, 0x7D, 0x4F, 0xE0, 0xBE, 0x61, 0xE7,
    0xB3, 0x69, 0xCF, 0x0C, 0xFC, 0x27, 0xDB, 0x33, 0xC7, 0xAD, 0x99, 0x5E, 0x69, 0x26, 0x3B, 0x33,
    0x1E, 0xAE, 0x34, 0xFB, 0xAD, 0x19, 0x54, 0x0C, 0x53, 0xC0, 0x9E, 0xED, 0x35, 0xA1, 0x77, 0xB5,
    0x3D, 0xE7, 0x6B, 0xF4, 0xFB, 0xA6, 0x6F, 0x6C, 0xCF, 0x76, 0xAD, 0x76, 0xDA, 0x0C, 0x51, 0xAB,
    0x8D, 0xE9, 0x51, 0x7F, 0xAF, 0x67, 0xD5, 0x04, 0x67, 0xD1, 0x91, 0x53, 0x1D, 0x9A, 0xD6, 0x61,
    0x76, 0x5F, 0x1F, 0xFE, 0x1E, 0xDB, 0x7B, 0x99, 0xAE, 0x73, 0xD4, 0x6E, 0x02, 0x4E, 0xB2, 0xA0,
    0x5B, 0xE8, 0xB1, 0x36, 0xB8, 0xA1, 0xB7, 0x69, 0x87, 0xAE, 0xFD, 0xEC, 0x86, 0xD6, 0xDB, 0x9C,
    0x90, 0x73, 0x16, 0x90, 0x4A, 0x2A, 0xD9, 0x07, 0x3E, 0x6B, 0x8B, 0xDB, 0x9B, 0xB5, 0x6E, 0x2D,
    0xED, 0xD5, 0x46, 0xA5, 0xED, 0x0D, 0xA1, 0x8C, 0x66, 0xA5, 0xB3, 0xB7, 0x92, 0xAD, 0x25, 0x10,
    0x75, 0xD9, 0xBA, 0xE2, 0xB9, 0x6C, 0xBB, 0x4A, 0xE9, 0x57, 0xFE, 0xB2, 0x38, 0x44, 0xAC, 0x04,
    0x2E, 0x69, 0xC4, 0x31, 0x4D, 0x49, 0x0E, 0x6A, 0xDE, 0x90, 0x2A, 0x6C, 0xD5, 0xEA, 0x77, 0x54,
    0x46, 0x7D, 0xE3, 0x2F, 0xF2, 0xEC, 0x4A, 0x83, 0x5F, 0x6A, 0xEC, 0x4B, 0x0D, 0xBD, 0x5C, 0xBA,
    0xD5, 0xAE, 0x84, 0xC0, 0x8B, 0x42, 0xDC, 0xAD, 0x42, 0xF0, 0x9E, 0xAB, 0x0E, 0xD4, 0xFE, 0x6F,
    0xB1, 0xBE, 0x90, 0xF1, 0xF5, 0x23, 0xB7, 0xD1, 0x3B, 0xF5, 0x5C, 0x59, 0x67, 0x09, 0x12, 0x19,
    0x1D, 0xD4, 0x5A, 0x7C, 0x95, 0x32, 0x1D, 0x0A, 0x8E, 0x74, 0xC5, 0xB9, 0xF0, 0x6E, 0x61, 0xD0,
    0xB2, 0x61, 0x07, 0xE2, 0xD8, 0xF6, 0x05, 0x4E, 0x35, 0xE6, 0x15, 0xEA, 0x31, 0x43, 0xB6, 0xB0,
    0xA9, 0xA5, 0xF3, 0xAE, 0xE1, 0x6D, 0x65, 0xCA, 0x26, 0x93, 0x50, 0xA2, 0xE1, 0x5C, 0xF5, 0x0C,
    0xCA, 0x4F, 0x57, 0x98, 0xBE, 0xC0, 0x5A, 0x7D, 0x0D, 0x09, 0xD6, 0x73, 0xA8, 0x04, 0x3D, 0xC3,
    0x34, 0x3B, 0x81, 0x3E, 0x62, 0xC4, 0x9C, 0x38, 0x04, 0x34, 0xC8, 0x58, 0xBC, 0x73, 0x74, 0x7B,
    0x5B, 0x95, 0x47, 0x6F, 0xFA, 0x40, 0x84, 0x36, 0x1C, 0xC9, 0x63, 0x39, 0x6F, 0x78, 0x82, 0x67,
    0xDB, 0xB5, 0x75, 0x9D, 0x79, 0xAE, 0x09, 0xD5, 0xA5, 0x3C, 0xB4, 0x90, 0x18, 0x98, 0xB9, 0x7C,
    0x93, 0xE9, 0x80, 0xC7, 0x19, 0x4F, 0x7D, 0x87, 0x5C, 0x88, 0xD4, 0xA9, 0x64, 0x73, 0x98, 0xC0,
    0x7A, 0x96, 0x14, 0x9A, 0x2B, 0x32, 0xD1, 0x72, 0xB6, 0xEC, 0xA3, 0x75, 0x6B, 0x6A, 0x67, 0x14,
    0x7A, 0x56, 0x1A, 0x43, 0x28, 0xFB, 0x2B, 0xCD, 0xC3, 0x67, 0xFB, 0x78, 0x6F, 0x85, 0xBD, 0x75,
    0x75, 0xB7, 0x8A, 0xBB, 0xF1, 0x0C, 0x5C, 0x04, 0x97, 0x89, 0x34, 0xB2, 0xE0, 0x6F, 0xF1, 0xEC,
    0xD3, 0x97, 0xF1, 0x40, 0x65, 0xCC, 0x3A, 0x24, 0x20, 0xF4, 0xB8, 0x71, 0xC7, 0xA1, 0x55, 0x58,
    0x62, 0xEB, 0xCC, 0x51, 0x2D, 0x9D, 0x48, 0x33, 0x35, 0x92, 0x8A, 0xCF, 0x4D, 0x65, 0xE8, 0x20,
    0xB8, 0xB3, 0xF2, 0xDD, 0x59, 0x11, 0x42, 0x52, 0xC9, 0xF5, 0xE0, 0x44, 0xE2, 0x27, 0x28, 0x81,
    0xE3, 0x44, 0x59, 0xAB, 0x11, 0xA6, 0x2B, 0x94, 0xFE, 0x26, 0xCE, 0xE5, 0x7B, 0x33, 0x55, 0xE2,
    0xCE, 0xA0, 0x42, 0xB7, 0x3F, 0x00, 0x01, 0x74, 0x66, 0x8E, 0x25, 0xF8, 0x4D, 0xDE, 0xA7, 0xAA,
    0x3B, 0x2A, 0x99, 0x89, 0x66, 0x8E, 0x34, 0x7C, 0x5D, 0x77, 0x97, 0x6B, 0x26, 0x7A, 0x45, 0x28,
    0xC7, 0xFD, 0x62, 0xB9, 0xC5, 0xA9, 0x9B, 0xB2, 0x15, 0x39, 0x37, 0xD7, 0x13, 0xEE, 0x35, 0xDF,
    0xAC, 0x0C, 0xEF, 0x71, 0x45, 0x4D, 0x1C, 0x65, 0x2B, 0xC5, 0x92, 0xC2, 0x15, 0x23, 0x3C, 0x5C,
    0x33, 0xAA, 0x12, 0x06, 0x71, 0xF1, 0x51, 0x75, 0x69, 0x72, 0x7D, 0x09, 0x64, 0x1E, 0x33, 0x40,
    0xC5, 0x04, 0x94, 0x60, 0x3C, 0xA8, 0x44, 0xB6, 0x7C, 0xFE, 0xE0, 0x5F, 0x83, 0x20, 0xB5, 0x7D,
    0x22, 0x07, 0xAA, 0x57, 0x60, 0x56, 0xE1, 0xD6, 0x12, 0x08, 0x32, 0xC9, 0x34, 0x11, 0xDC, 0x0E,
    0x42, 0x3D, 0x4D, 0xA4, 0x43, 0x51, 0x05, 0xFE, 0x24, 0x2F, 0xA4, 0x04, 0xDE, 0x82, 0xE9, 0xDA,
    0x9E, 0x9D, 0x0A, 0xAC, 0x2F, 0xBB, 0xF2, 0xD0, 0x46, 0x95, 0xB1, 0x1B, 0xE5, 0x9D, 0xA5, 0x0B,
    0x07, 0xB1, 0x56, 0x00, 0xA7, 0xFE, 0x86, 0xC5, 0x52, 0x72, 0xBA, 0x75, 0xB7, 0xA4, 0x3F, 0x88,
    0x21, 0x20, 0x21, 0xB7, 0x95, 0x8B, 0xE1, 0xF0, 0xAE, 0xA2, 0x6C, 0x20, 0x5B, 0x4C, 0x42, 0x28,
    0xAC, 0xC6, 0xCA, 0x4B, 0x64, 0x4B, 0x89, 0x54, 0x6F, 0x1B, 0x09, 0x98, 0x3C, 0x5F, 0x82, 0xEC,
    0x63, 0x0E, 0x90, 0xEC, 0x14, 0x1F, 0x65, 0xF0, 0xEC, 0x43, 0xD4, 0x0C, 0x41, 0x58, 0x5C, 0xC0,
    0xD3, 0x01, 0x30, 0x04, 0x0F, 0x1F, 0x40, 0x38, 0x01, 0xCC, 0x4A, 0x1C, 0x2E, 0xD3, 0xA6, 0x1C,
    0xA0, 0x92, 0xF7, 0xBC, 0xC0, 0x9F, 0x52, 0xE0, 0x1C, 0x43, 0xF9, 0x3A, 0x4F, 0xEA, 0xAA, 0x9C,
    0xCF, 0xC9, 0x39, 0x2B, 0x54, 0xF8, 0x9E, 0xE0, 0x77, 0xF9, 0x0C, 0x97, 0x4C, 0x5C, 0x79, 0xBB,
    0xC7, 0x48, 0x51, 0xD8, 0x02, 0x58, 0xAF, 0x4A, 0xB6, 0x22, 0xA6, 0xF0, 0x75, 0xFA, 0x14, 0xE2,
    0xD8, 0x3D, 0xAC, 0xB4, 0x0A, 0x6A, 0xDE, 0x4E, 0x79, 0xBD, 0x63, 0x76, 0x6A, 0x63, 0x0C, 0x17,
    0x56, 0xDE, 0xCC, 0xC7, 0x37, 0x3B, 0x19, 0xAA, 0xC4, 0xAD, 0x83, 0x88, 0x92, 0x87, 0x30, 0x99,
    0x0C, 0x90, 0x29, 0x4F, 0x94, 0x31, 0x51, 0x04, 0x39, 0x91, 0x3A, 0xDC, 0x76, 0x15, 0x0F, 0x4B,
    0x37, 0x05, 0x06, 0xBB, 0xFD, 0x0F, 0x41, 0x98, 0x13, 0xDD, 0x9D, 0x16, 0x4E, 0xBE, 0x53, 0x43,
    0xBE, 0x76, 0x07, 0xF2, 0xAB, 0xAF, 0x51, 0x7E, 0x15, 0xF2, 0x5F, 0xBF, 0x08, 0xF9, 0x82, 0x9C,
    0xBE, 0x47, 0x14, 0x16, 0x96, 0x53, 0x95, 0xAC, 0x5F, 0x73, 0x9D, 0xD0, 0x9D, 0x72, 0x90, 0x39,
    0xAD, 0x18, 0x25, 0x4F, 0xB2, 0x51, 0x02, 0x9B, 0x4D, 0x6D, 0x23, 0x82, 0x84, 0x65, 0x4F, 0xEC,
    0xDC, 0xD0, 0x28, 0xA0, 0xB1, 0x0E, 0x30, 0x62, 0xA2, 0x2C, 0x25, 0x15, 0x6F, 0x65, 0xEE, 0x61,
    0x3B, 0x46, 0xAC, 0xFD, 0x53, 0x92, 0x9C, 0xDB, 0xBC, 0x17, 0x3E, 0x1F, 0x00, 0x06, 0x64, 0x95,
    0x04, 0x03, 0x9F, 0x64, 0xDE, 0x99, 0xC8, 0x17, 0xEA, 0x4E, 0xE2, 0x5D, 0xFE, 0x04, 0xD9, 0x2A,
    0x06, 0x0E, 0x1D, 0x8F, 0x62, 0x20, 0x8D, 0xA3, 0x4D, 0x3C, 0xEB, 0xDC, 0x33, 0xC7, 0x73, 0xCC,
    0x94, 0xBE, 0x13, 0xCF, 0xA9, 0xCE, 0x9E, 0xDF, 0x5C, 0xDE, 0xEE, 0xAC, 0xF7, 0xB1, 0x95, 0x6A,
    0x4A, 0x91, 0x54, 0xC5, 0x33, 0xE9, 0x5B, 0x24, 0x6F, 0xB1, 0x4F, 0x24, 0xB2, 0x0E, 0xEB, 0x22,
    0x93, 0x95, 0x89, 0xBF, 0xC5, 0x10, 0x6B, 0x68, 0xCA, 0xCE, 0x9A, 0xBB, 0x6B, 0x70, 0x8C, 0x11,
    0x28, 0x9E, 0xAE, 0x95, 0xA4, 0x6F, 0x36, 0xDB, 0x51, 0x4B, 0x24, 0xA1, 0x04, 0xA6, 0x3B, 0xD2,
    0x3A, 0xBC, 0x89, 0xF6, 0x80, 0x4A, 0x11, 0x58, 0x60, 0xB7, 0x28, 0x7F, 0x26, 0xED, 0xEE, 0x5D,
    0x80, 0xFE, 0xCB, 0xDE, 0x39, 0xCA, 0xED, 0x6C, 0x8A, 0x43, 0x31, 0x96, 0x68, 0x30, 0x5A, 0x04,
    0x09, 0x7F, 0xA5, 0xFF, 0x6A, 0xFA, 0xAF, 0x7B, 0x15, 0x62, 0xD1, 0x7A, 0x93, 0x02, 0x94, 0xBE,
    0xB3, 0xE0, 0x5A, 0x13, 0x20, 0xA9, 0x51, 0x74, 0xAD, 0x99, 0x59, 0xA3, 0xAA, 0xE1, 0x15, 0xB9,
    0xE8, 0x5B, 0x2B, 0xD1, 0x83, 0x48, 0x56, 0xB1, 0x55, 0x23, 0x51, 0x54, 0x39, 0xAA, 0xF8, 0x13,
    0xAA, 0xEC, 0xE7, 0x54, 0xE5, 0x1B, 0x50, 0xAF, 0x2F, 0x7C, 0xE1, 0x0D, 0x42, 0xA6, 0x7B, 0x9B,
    0x58, 0xE9, 0x5A, 0x5D, 0x45, 0xA1, 0xD6, 0x19, 0x3A, 0x76, 0x7E, 0xE9, 0x04, 0xA3, 0xEC, 0xB7,
    0xE4, 0xF0, 0x32, 0x7D, 0x2C, 0xBB, 0x43, 0x48, 0xBD, 0xDF, 0x82, 0x2F, 0x70, 0xBD, 0xB2, 0x21,
    0x63, 0x06, 0xC6, 0x08, 0xC6, 0x22, 0x2B, 0x12, 0xCD, 0xFF, 0xD0, 0xFA, 0x56, 0xE1, 0x76, 0xC4,
    0xF8, 0xCA, 0xCF, 0x2F, 0xE3, 0xFD, 0x70, 0xEE, 0x0A, 0x51, 0x76, 0x9D, 0x9C, 0x29, 0x76, 0x9D,
    0xC4, 0x26, 0x9D, 0x80, 0x38, 0x19, 0x39, 0x46, 0x89, 0xFB, 0x49, 0xE0, 0x21, 0xD9, 0x9C, 0xA4,
    0xA0, 0x45, 0x7E, 0x73, 0x0C, 0x8C, 0x50, 0x84, 0x1C, 0x2E, 0x42, 0x17, 0xF3, 0xD7, 0x70, 0xE5,
    0x93, 0x28, 0x7F, 0x87, 0xC8, 0x8B, 0x2C, 0x38, 0xA4, 0x28, 0xD5, 0x4E, 0x80, 0x9B, 0x67, 0x08,
    0x3F, 0xB6, 0xEF, 0xB1, 0x6F, 0xC1, 0xDC, 0x17, 0x37, 0xB3, 0xCC, 0x4D, 0xB6, 0x1C, 0x59, 0x0E,
    0xF0, 0x65, 0xBE, 0x84, 0x2F, 0x9B, 0x1D, 0xBE, 0x5C, 0x87, 0x32, 0x19, 0x51, 0x26, 0x07, 0xCA,
    0xDC, 0x28, 0x81, 0x32, 0xF7, 0x1D, 0x71, 0x7F, 0x91, 0x44, 0xFE, 0x50, 0x36, 0x97, 0x04, 0x14,
    0x96, 0x20, 0x45, 0x75, 0xD3, 0x28, 0x26, 0x51, 0xBC, 0x2B, 0x94, 0x29, 0x49, 0x9E, 0xCA, 0x35,
    0x6B, 0x0C, 0x0B, 0x1B, 0xFA, 0x34, 0x58, 0xA5, 0xE5, 0xFF, 0x83, 0xE8, 0x79, 0x0D, 0xE2, 0xBF,
    0x83, 0x16, 0xAF, 0xFF, 0x14, 0xBA, 0xAC, 0xB2, 0x1F, 0x41, 0x17, 0x5D, 0xF1, 0x75, 0xE8, 0xAC,
    0x2F, 0x51, 0xCB, 0x73, 0x3A, 0x7E, 0x40, 0x9D, 0x4C, 0xAC, 0xED, 0x39, 0x5E, 0x27, 0x6A, 0x61,
    0x5A, 0xD4, 0xE2, 0x04, 0xD5, 0x82, 0x10, 0xD4, 0x65, 0xA5, 0xFA, 0x77, 0x70, 0x8F, 0x63, 0x30,
    0xD0, 0x93, 0xB5, 0xAA, 0xE1, 0x0C, 0x29, 0xFC, 0x56, 0xCE, 0x10, 0x11, 0xF9, 0x7D, 0x22, 0x85,
    0x96, 0x48, 0xF7, 0xD6, 0x60, 0x2F, 0x91, 0x1E, 0xAB, 0x94, 0x62, 0x78, 0xF5, 0xD1, 0xDD, 0x7B,
    0xF3, 0x53, 0xBC, 0x7E, 0xEC, 0xCE, 0xAF, 0x2A, 0x94, 0x56, 0x27, 0x20, 0x6B, 0x15, 0x32, 0x51,
    0xB9, 0xD7, 0x85, 0x9A, 0x4B, 0xA9, 0xA4, 0xCC, 0x01, 0x41, 0x0E, 0x94, 0x8E, 0xEB, 0xEA, 0x06,
    0x98, 0xDA, 0x6A, 0xA3, 0x05, 0x3A, 0xF5, 0x97, 0x24, 0xDB, 0x70, 0xB9, 0xD7, 0x86, 0xDB, 0xA6,
    0x46, 0x03, 0x06, 0x02, 0x0B, 0xB9, 0x13, 0xC6, 0x90, 0x82, 0x44, 0xA3, 0xF5, 0x86, 0x3A, 0x0E,
    0x14, 0xE4, 0xBD, 0xBE, 0xF5, 0xFA, 0x9E, 0x28, 0xAA, 0xB4, 0xEE, 0x01, 0xD6, 0xAB, 0xD3, 0x5F,
    0xF6, 0x5C, 0x15, 0x9C, 0x53, 0xAC, 0x70, 0x4E, 0xA8, 0xCE, 0x91, 0x78, 0x8D, 0xE1, 0xFD, 0xB0,
    0x3D, 0x17, 0xDE, 0x93, 0x0B, 0x90, 0xBA, 0x15, 0xED, 0xF4, 0x2D, 0xB7, 0xBE, 0x0E, 0xBC, 0x1D,
    0x88, 0xBC, 0x0D, 0xDC, 0x84, 0xA6, 0x38, 0x9B, 0x8B, 0x91, 0xC6, 0x2A, 0x97, 0x3D, 0x39, 0x5F,
    0x94, 0xFA, 0x64, 0xCA, 0x77, 0x33, 0xA6, 0xBD, 0xF0, 0x14, 0x25, 0xB5, 0xCE, 0xDD, 0x73, 0x0C,
    0x84, 0xC6, 0x19, 0xC3, 0xCF, 0xEF, 0xBF, 0x79, 0xC0, 0xDD, 0xAE, 0x90, 0xC7, 0xEE, 0x43, 0xED,
    0x31, 0x15, 0xA7, 0x5A, 0xA5, 0xBB, 0x13, 0x4A, 0x02, 0x1E, 0x94, 0x55, 0x24, 0xA6, 0x6E, 0x94,
    0xB3, 0xCA, 0x9C, 0x33, 0x08, 0x25, 0x45, 0x1F, 0xED, 0xA5, 0xCA, 0xBF, 0x10, 0x20, 0x9C, 0x57,
    0x33, 0x09, 0xFE, 0xD0, 0x6D, 0xFB, 0x28, 0x20, 0x12, 0xA3, 0x85, 0xAC, 0x59, 0x05, 0xFF, 0x21,
    0x75, 0xEB, 0x3D, 0xF6, 0x51, 0x8C, 0x55, 0x78, 0xFE, 0xB6, 0xE1, 0xC0, 0xEE, 0x83, 0xAB, 0x97,
    0xF3, 0x56, 0xE0, 0xAE, 0xE5, 0xFB, 0x22, 0xBE, 0x7A, 0x03, 0x45, 0xFD, 0xB4, 0x94, 0xE6, 0x43,
    0x7A, 0x83, 0x59, 0x23, 0x3B, 0xAE, 0x01, 0x79, 0x13, 0xF2, 0x78, 0x10, 0xF6, 0x2D, 0xAD, 0xA8,
    0x32, 0x77, 0xE3, 0xB4, 0xC8, 0x78, 0x92, 0x04, 0xF2, 0x75, 0x74, 0x5B, 0xE1, 0xEB, 0xC2, 0x1F,
    0xF0, 0x0D, 0x52, 0x59, 0xDA, 0x6E, 0x5D, 0x91, 0x8C, 0xC2, 0x53, 0xD1, 0x12, 0xB2, 0x0B, 0x38,
    0x25, 0xA7, 0x6D, 0xCC, 0x84, 0x2C, 0xFF, 0x94, 0x10, 0x5B, 0xFE, 0x58, 0x59, 0xAA, 0x36, 0xF1,
    0x4C, 0x87, 0x0A, 0xED, 0x91, 0x81, 0x8E, 0x37, 0xC6, 0x69, 0x6D, 0xE6, 0xE3, 0x6E, 0x3A, 0x15,
    0x05, 0xC1, 0x8B, 0xEA, 0xC4, 0xD7, 0x12, 0x9D, 0x83, 0x34, 0xD3, 0x6B, 0x6D, 0x36, 0xA5, 0x46,
    0x2F, 0x3F, 0xF7, 0x3D, 0x46, 0x27, 0xBF, 0x42, 0x63, 0xE7, 0xF6, 0x55, 0x10, 0x3E, 0xAD, 0xD2,
    0x11, 0x4B, 0xC2, 0x23, 0x5D, 0x6A, 0x6F, 0xE0, 0x69, 0x85, 0x4F, 0x49, 0x1E, 0x44, 0xAE, 0xCF,
    0x26, 0xA0, 0xFC, 0x58, 0x0C, 0x60, 0xC5, 0x9B, 0xB2, 0x03, 0xCE, 0xCF, 0x6D, 0x03, 0xA0, 0x9F,
    0xC9, 0x5A, 0x63, 0x53, 0xCB, 0x81, 0x9A, 0x91, 0xA2, 0x50, 0x1D, 0x9F, 0x6C, 0xA1, 0xD2, 0x4D,
    0x39, 0x62, 0x95, 0xB1, 0xD8, 0xA0, 0xEB, 0x0C, 0x19, 0x77, 0x68, 0x62, 0xEC, 0xB7, 0x06, 0xD6,
    0x10, 0x30, 0xAA, 0xE1, 0x2C, 0x4F, 0x71, 0x87, 0xC4, 0x7D, 0x87, 0xE1, 0x20, 0x4B, 0x0B, 0xD8,
    0xA9, 0x33, 0xB7, 0xCA, 0xB2, 0xC2, 0x53, 0x44, 0xA6, 0xE2, 0xC6, 0xFA, 0x1C, 0xF4, 0x4E, 0xDA,
    0x83, 0x84, 0x57, 0x5E, 0x4A, 0x67, 0x10, 0x9A, 0x68, 0x4D, 0x10, 0x02, 0xF7, 0x8D, 0x6E, 0xEB,
    0xE5, 0x8C, 0xF1, 0x4D, 0x74, 0xF6, 0xE0, 0xEA, 0x05, 0xD3, 0xBE, 0x2D, 0xD0, 0x06, 0x67, 0xE4,
    0x49, 0x32, 0x21, 0x8C, 0x19, 0xFC, 0x81, 0x14, 0x81, 0x2B, 0xCE, 0x82, 0x76, 0x2A, 0x1C, 0x68,
    0x7B, 0xE9, 0x66, 0x19, 0xE6, 0x04, 0x12, 0x64, 0xDF, 0x41, 0x55, 0x7F, 0xE2, 0x7A, 0x02, 0x27,
    0xBA, 0xD4, 0xF8, 0x39, 0xA8, 0x84, 0x35, 0xF5, 0x6D, 0x45, 0xC5, 0x49, 0x31, 0x72, 0xD2, 0x8C,
    0x53, 0xA5, 0x43, 0x95, 0x57, 0x89, 0xAA, 0x78, 0xD8, 0x57, 0x51, 0xAF, 0xA9, 0x56, 0x69, 0xF1,
    0xC8, 0x65, 0xE4, 0x66, 0xA7, 0x32, 0x78, 0x48, 0xB8, 0xC0, 0xB7, 0x83, 0xEB, 0x64, 0x84, 0xC2,
    0x03, 0xBF, 0x87, 0x7B, 0x5A, 0x3F, 0xDA, 0x39, 0xA4, 0xD8, 0x43, 0xB7, 0x8B, 0xD9, 0x75, 0xF2,
    0x84, 0x99, 0xAF, 0x64, 0x4B, 0x64, 0xE9, 0x36, 0x25, 0x10, 0x56, 0x20, 0x7E, 0x2A, 0xE1, 0xD0,
    0xE1, 0xC4, 0x75, 0x82, 0x2A, 0x05, 0x8B, 0x58, 0x76, 0x44, 0x19, 0xFF, 0xA3, 0x1A, 0x89, 0x41,
    0xD8, 0x59, 0x69, 0x86, 0x35, 0x25, 0xB6, 0xA5, 0x0B, 0x87, 0x1F, 0x7F, 0x59, 0x0F, 0x7F, 0xEE,
    0x0F, 0x3F, 0xFB, 0xC3, 0xCF, 0x06, 0x35, 0x91, 0x37, 0xC2, 0xCD, 0x45, 0x23, 0x98, 0x2E, 0x19,
    0xA3, 0x37, 0xFE, 0xC2, 0x1B, 0x37, 0x48, 0xF5, 0x80, 0xC7, 0x2B, 0xA5, 0x64, 0xD7, 0x12, 0x5C,
    0x49, 0xF8, 0x82, 0x3F, 0xF6, 0x5D, 0xEA, 0x1E, 0xCA, 0x9F, 0x83, 0xAE, 0xEF, 0x6D, 0x67, 0x39,
    0xA9, 0x4F, 0xE4, 0x94, 0x34, 0x5F, 0x94, 0x31, 0x06, 0xCA, 0xEA, 0x74, 0x46, 0x0F, 0x93, 0x4C,
    0xD7, 0xF9, 0x49, 0xE4, 0x87, 0x10, 0xC8, 0xC2, 0x19, 0x43, 0xA2, 0xE8, 0xCD, 0x09, 0x9A, 0xA4,
    0xFA, 0x3F, 0x30, 0x4F, 0x3C, 0x46, 0x0B, 0x16, 0xA9, 0x16, 0x32, 0x07, 0xFD, 0x50, 0x6A, 0x9A,
    0xBF, 0x27, 0xAB, 0x6A, 0x61, 0xC5, 0xFA, 0xFC, 0x35, 0x3A, 0xB2, 0xE7, 0x72, 0xBC, 0x97, 0xE2,
    0x80, 0x99, 0xDB, 0xF0, 0x88, 0x25, 0xDD, 0xFD, 0x61, 0x40, 0xBD, 0xEA, 0x24, 0x1B, 0xBC, 0xC2,
    0xD1, 0xEF, 0xFA, 0x0E, 0x07, 0x6C, 0xA4, 0x6F, 0xDC, 0x0A, 0x52, 0x26, 0xC7, 0xE0, 0x19, 0xD4,
    0x17, 0xFB, 0x22, 0x5E, 0xE9, 0x93, 0xDC, 0x63, 0x80, 0x10, 0x4A, 0x27, 0x20, 0x74, 0x2A, 0x7D,
    0x26, 0xB1, 0x89, 0x4F, 0x30, 0xF8, 0x67, 0x32, 0x01, 0xBE, 0x8A, 0xE6, 0x7D, 0x83, 0x0D, 0x50,
    0x9C, 0x83, 0x18, 0x02, 0x4B, 0xD0, 0x9E, 0x0A, 0xB8, 0x93, 0x22, 0x57, 0x08, 0xC9, 0xC6, 0x9D,
    0x78, 0x41, 0x9E, 0x1B, 0x5E, 0x45, 0xFF, 0x5A, 0x94, 0xE6, 0x5D, 0x33, 0xF1, 0x29, 0xC3, 0x38,
    0xD7, 0xD1, 0x88, 0x0C, 0x00, 0xED, 0x8D, 0xB9, 0x70, 0x02, 0xB6, 0xF1, 0xDF, 0x5A, 0x12, 0x2B,
    0xE1, 0x45, 0xB9, 0x8E, 0x41, 0x13, 0x46, 0x08, 0x31, 0x0A, 0x0E, 0xB1, 0xE0, 0x02, 0x7D, 0xA0,
    0xA1, 0x2F, 0x39, 0x6C, 0x04, 0xC6, 0x32, 0xE9, 0x88, 0xAB, 0x0D, 0xD8, 0xB5, 0x37, 0xE4, 0x75,
    0x7B, 0x6B, 0x00, 0xB3, 0x84, 0x31, 0x06, 0x3E, 0x28, 0xE0, 0x63, 0xD8, 0xD4, 0xE1, 0xE6, 0xA9,
    0xDB, 0x24, 0xEE, 0x13, 0x26, 0x0F, 0x58, 0x37, 0x8F, 0x3A, 0x7B, 0xDE, 0xE9, 0x1B, 0x6F, 0xD8,
    0x22, 0xBD, 0x72, 0x26, 0x19, 0x00, 0x4E, 0xBC, 0xDF, 0x0B, 0xED, 0x94, 0x13, 0x66, 0x5C, 0x76,
    0x27, 0x57, 0x48, 0xFD, 0x3E, 0x74, 0x03, 0xDC, 0x56, 0x33, 0xAB, 0x73, 0xCA, 0x88, 0x32, 0x9E,
    0xF0, 0x7D, 0x3A, 0x92, 0x7A, 0xF4, 0x90, 0x65, 0x07, 0xE9, 0x57, 0xCB, 0x1F, 0x56, 0xD9, 0x06,
    0x5D, 0xA4, 0x1E, 0x20, 0x6F, 0xEE, 0x8D, 0x9A, 0xBF, 0x0D, 0x71, 0x27, 0xF0, 0x04, 0xAC, 0x45,
    0xE2, 0x94, 0x8C, 0x0D, 0x8A, 0x36, 0x52, 0x26, 0x41, 0xD8, 0xBF, 0x3C, 0xA6, 0x1E, 0x23, 0xCD,
    0x90, 0x70, 0xBC, 0x66, 0xB2, 0x7E, 0xCD, 0x61, 0xD7, 0x72, 0x10, 0xEA, 0x53, 0x90, 0xF2, 0x8D,
    0x64, 0x45, 0xD2, 0xFB, 0xB2, 0x89, 0x60, 0xB6, 0x27, 0x0E, 0x79, 0x9F, 0x52, 0x3E, 0xEE, 0x8D,
    0x0C, 0x29, 0x64, 0xDB, 0x5B, 0x99, 0x7B, 0xD8, 0x92, 0xF2, 0xF5, 0x92, 0x6F, 0xAB, 0x71, 0x76,
    0x99, 0x7B, 0x10, 0x4F, 0xD7, 0xED, 0x04, 0xBF, 0xBB, 0xF2, 0xF3, 0xB4, 0xE7, 0x9B, 0x3E, 0xC5,
    0xF9, 0x2A, 0x9E, 0x2F, 0xBC, 0xD7, 0x91, 0x54, 0x75, 0x7E, 0x46, 0x94, 0x40, 0x93, 0xC9, 0xD5,
    0x3B, 0x59, 0x32, 0xBD, 0x54, 0xDE, 0x6C, 0xFF, 0x17, 0x27, 0x91, 0x8B, 0xCF, 0x78, 0xF9, 0x83,
    0x56, 0xB2, 0xA6, 0xFE, 0xB1, 0x26, 0x11, 0x01, 0x69, 0x0D, 0xDA, 0x51, 0x98, 0x54, 0x50, 0x4C,
    0xA4, 0x9C, 0x1B, 0xC8, 0x14, 0x53, 0x21, 0xF8, 0xC6, 0x56, 0xC6, 0x2A, 0x97, 0x4B, 0x72, 0xBE,
    0x2C, 0x23, 0x71, 0x50, 0x32, 0x4B, 0x4D, 0x09, 0xA5, 0x2C, 0xC5, 0xD1, 0xE9, 0xB4, 0xE3, 0x95,
    0x2A, 0x0B, 0xF6, 0xF1, 0xB2, 0xDB, 0x66, 0x49, 0xCC, 0x36, 0x7B, 0x3A, 0xD3, 0x1C, 0xD9, 0x77,
    0x89, 0xBA, 0x10, 0xD1, 0xE8, 0xB9, 0x0F, 0x33, 0x88, 0x50, 0x50, 0x7B, 0x38, 0x0A, 0xF1, 0x55,
    0x38, 0xFA, 0x67, 0x0F, 0x3F, 0xB5, 0x6F, 0x7C, 0x63, 0xA1, 0xE0, 0x54, 0xA5, 0x10, 0x09, 0x44,
    0xBC, 0x15, 0x42, 0x2A, 0x64, 0xA5, 0xEA, 0x29, 0xE9, 0xFC, 0xC3, 0x0A, 0x1E, 0xEF, 0xB0, 0x47,
    0x67, 0x48, 0x52, 0xB0, 0xEA, 0xC4, 0xA9, 0xC9, 0xFA, 0x7A, 0x3B, 0x0A, 0x60, 0x64, 0xA3, 0x5C,
    0x34, 0x19, 0xE4, 0x9E, 0x31, 0x67, 0xCF, 0xA0, 0xDD, 0x43, 0x4C, 0xCC, 0x60, 0x08, 0x00, 0xC3,
    0xB6, 0x5B, 0x7D, 0x2F, 0x31, 0x88, 0x79, 0x48, 0x0C, 0x99, 0x37, 0xDB, 0x41, 0x13, 0xA3, 0xD8,
    0x26, 0xEE, 0xA9, 0x64, 0x08, 0x21, 0xB3, 0x40, 0x37, 0xAA, 0xCF, 0xDF, 0x9E, 0x65, 0x79, 0x9D,
    0x08, 0x36, 0x10, 0xA3, 0xCD, 0x3E, 0x1B, 0x66, 0x48, 0x4F, 0xF2, 0x49, 0x46, 0x3E, 0x80, 0xCF,
    0xC0, 0x6D, 0x12, 0xFA, 0x17, 0x31, 0x0A, 0x7C, 0x1F, 0x5B, 0x03, 0x6F, 0x02, 0x74, 0x2C, 0x09,
    0x08, 0xD0, 0x7B, 0x6D, 0x67, 0xE0, 0xC8, 0xB8, 0x9B, 0x8E, 0xE4, 0x82, 0x72, 0x87, 0x56, 0x5E,
    0x67, 0x0F, 0x1C, 0xD5, 0x2E, 0x9A, 0x4B, 0x6E, 0x0F, 0xEF, 0xE1, 0x9C, 0x3D, 0x77, 0x65, 0xC5,
    0x94, 0xCF, 0xFE, 0x3F, 0x94, 0x42, 0x10, 0x60, 0xEA, 0xE4, 0x14, 0x5D, 0x19, 0x64, 0x9D, 0xC8,
    0xD1, 0xFF, 0xC7, 0xDF, 0x9F, 0xD7, 0xDE, 0x41, 0xB4, 0x09, 0x52, 0x41, 0x4E, 0x87, 0x7F, 0x62,
    0x44, 0x9B, 0x8B, 0x3B, 0xBF, 0xB4, 0x44, 0xE0, 0xF5, 0x4B, 0xF0, 0x1F, 0x49, 0x62, 0x9E, 0xE5,
    0xDF, 0x8C, 0x34, 0x4F, 0x37, 0x9C, 0xF2, 0x04, 0x08, 0xC0, 0xCA, 0x6A, 0x01, 0xFA, 0xB3, 0x40,
    0x27, 0x53, 0x1D, 0x23, 0xCC, 0x68, 0x3D, 0x7D, 0x0E, 0x17, 0xAB, 0x15, 0xA3, 0x2D, 0xFB, 0xC6,
    0xC6, 0x8C, 0x70, 0xDF, 0x20, 0x91, 0x89, 0xA6, 0x40, 0x17, 0x50, 0x43, 0xDA, 0x0E, 0x6A, 0xE1,
    0x2C, 0x77, 0x6A, 0x90, 0xD4, 0x24, 0x43, 0xA0, 0x9C, 0x24, 0xEB, 0xCD, 0xC8, 0x3B, 0xED, 0xE3,
    0x37, 0x64, 0x64, 0x91, 0xEA, 0x71, 0xC1, 0x1D, 0x76, 0xB0, 0x53, 0x21, 0x4F, 0xCA, 0x22, 0x64,
    0xF9, 0x8D, 0x01, 0x4B, 0x4B, 0xB2, 0x23, 0xBD, 0xFD, 0xE6, 0xAE, 0x1C, 0x39, 0x78, 0xD0, 0x48,
    0x58, 0x36, 0x7E, 0x06, 0xD9, 0x8E, 0x0A, 0x4F, 0x6E, 0xFC, 0xBF, 0xBB, 0x95, 0x79, 0x03, 0x7D,
    0xD0, 0xF8, 0xA1, 0x18, 0x1F, 0xDD, 0x05, 0x86, 0x36, 0xF6, 0x70, 0xDB, 0x99, 0x51, 0xF6, 0x97,
    0x8C, 0xEE, 0xC2, 0x33, 0x11, 0xE6, 0x08, 0x26, 0xFD, 0x0A, 0x8C, 0x8F, 0x8D, 0xB5, 0xE1, 0xCC,
    0xAB, 0x07, 0x62, 0x43, 0x62, 0x83, 0x62, 0x8F, 0xC5, 0x06, 0xAE, 0xA6, 0x14, 0x88, 0xBD, 0x3A,
    0xFC, 0xED, 0x92, 0x2A, 0x30, 0x52, 0xD4, 0x3F, 0xE4, 0xA3, 0xF5, 0x5F, 0xB1, 0xF7, 0xD6, 0xEE,
    0xAC, 0x06, 0x48, 0x6F, 0x88, 0x77, 0xF5, 0x40, 0xEC, 0x53, 0x78, 0x35, 0xDC, 0xFD, 0x94, 0x2A,
    0x92, 0xA8, 0xE4, 0xEE, 0x1C, 0x00, 0x2D, 0xD0, 0x01, 0x84, 0x56, 0x66, 0xFD, 0x05, 0x9E, 0x29,
    0x6F, 0x76, 0xD8, 0xCC, 0xEB, 0xE9, 0x08, 0x14, 0x73, 0x04, 0x35, 0x28, 0x27, 0x7C, 0xA7, 0xC1,
    0x75, 0x9F, 0xA2, 0x62, 0x26, 0x74, 0x82, 0x35, 0xB1, 0xEB, 0x24, 0x95, 0xD2, 0x09, 0x64, 0x30,
    0x23, 0x4F, 0x2A, 0xB9, 0xE2, 0xBB, 0x94, 0x33, 0xA4, 0x64, 0xA0, 0xC8, 0x6F, 0x0E, 0x1E, 0x9C,
    0x42, 0xE6, 0xA5, 0x10, 0x58, 0xFE, 0x1A, 0x12, 0xB4, 0x10, 0x21, 0x91, 0x35, 0x57, 0x90, 0xA1,
    0x17, 0xAB, 0x4D, 0x90, 0xD2, 0xA9, 0x52, 0x77, 0x26, 0x99, 0xD8, 0x82, 0x77, 0xF6, 0xC4, 0x43,
    0x2D, 0x8B, 0x5D, 0x3B, 0xF8, 0x5D, 0x55, 0xDF, 0x57, 0xE5, 0x4C, 0x29, 0x6E, 0xB5, 0x3A, 0x58,
    0xEA, 0x3B, 0xDA, 0x65, 0xE4, 0xDD, 0x55, 0x9F, 0xF9, 0x8A, 0xAA, 0x17, 0xAE, 0xBB, 0x27, 0x68,
    0x18, 0x3B, 0x0C, 0xD4, 0x00, 0x8E, 0xFC, 0xD6, 0xCA, 0x3A, 0x49, 0xC8, 0xDE, 0x18, 0x3F, 0x51,
    0xA5, 0x2A, 0xCE, 0x0C, 0x55, 0xFC, 0x89, 0x32, 0xBB, 0x9F, 0x53, 0x95, 0x6F, 0x40, 0xBD, 0xBE,
    0xF0, 0x85, 0x37, 0x46, 0xAA, 0xB7, 0x3B, 0xAA, 0x56, 0x57, 0x99, 0x55, 0x8D, 0xAA, 0x3A, 0xBF,
    0xB4, 0xA8, 0x63, 0xF7, 0x2D, 0x09, 0xA3, 0x4C, 0x78, 0xCB, 0xEE, 0x10, 0xA3, 0x94, 0x68, 0xB8,
    0x30, 0x7E, 0x0C, 0x5B, 0x09, 0xEF, 0xCB, 0xF5, 0x86, 0x18, 0x57, 0xCA, 0x36, 0xB9, 0x76, 0x58,
    0xB6, 0x58, 0x76, 0x90, 0x47, 0x7E, 0x34, 0x35, 0x86, 0x82, 0x3B, 0xF4, 0x89, 0xDC, 0x2F, 0x21,
    0x51, 0x65, 0x2A, 0x4A, 0x6E, 0x24, 0x1B, 0xA6, 0x14, 0xE9, 0xE1, 0x20, 0xB4, 0x3B, 0xB0, 0xBA,
    0xC2, 0x37, 0x82, 0x10, 0x80, 0xB2, 0x16, 0xFB, 0xCD, 0x01, 0x76, 0x8F, 0x16, 0x36, 0xEB, 0x60,
    0x8D, 0xA9, 0xDA, 0x84, 0x3E, 0xAF, 0xBF, 0xC1, 0xB3, 0x94, 0x3F, 0x66, 0x4E, 0xE5, 0x5A, 0x57,
    0x99, 0xA2, 0x55, 0xA2, 0xB1, 0xD2, 0xD4, 0x0B, 0xF4, 0xB5, 0x40, 0x5F, 0x33, 0x22, 0xA1, 0x79,
    0xFA, 0xA2, 0xA2, 0xDB, 0x6B, 0x89, 0x92, 0x4B, 0x25, 0xC6, 0xB5, 0x1B, 0xF4, 0x0E, 0x5C, 0x2A,
    0x3F, 0xDF, 0x87, 0x20, 0x55, 0x9D, 0x87, 0x1F, 0x03, 0x96, 0xE7, 0xAE, 0x38, 0xD8, 0xAE, 0x8D,
    0x8E, 0xB5, 0xBD, 0x0E, 0xB5, 0xFD, 0xF6, 0x62, 0x5E, 0x69, 0x67, 0xB1, 0x06, 0x13, 0xE9, 0x6D,
    0xC3, 0xE9, 0x60, 0x94, 0xA5, 0xFA, 0xE2, 0xDD, 0xBB, 0x0D, 0x11, 0x89, 0x3E, 0xCB, 0x9D, 0x46,
    0xB3, 0xEC, 0x83, 0x8B, 0xAA, 0xE5, 0xB6, 0x86, 0x91, 0xAA, 0x56, 0x70, 0xDC, 0x3E, 0xB8, 0xAF,
    0xEA, 0x03, 0x55, 0xEF, 0x4A, 0xBF, 0x10, 0xF5, 0x8E, 0xCC, 0xBC, 0xA2, 0x6E, 0x5C, 0xBD, 0x18,
    0x81, 0xED, 0x81, 0xC1, 0x5C, 0xAF, 0x6A, 0xE2, 0x6F, 0xD2, 0xAA, 0xA0, 0x10, 0x04, 0x1B, 0x8D,
    0x6C, 0xC4, 0xB9, 0xA4, 0x22, 0x7D, 0x04, 0x71, 0x15, 0x95, 0xF3, 0xBD, 0x23, 0x9D, 0xCE, 0x94,
    0xE3, 0xE0, 0x80, 0x5C, 0x59, 0x5A, 0x5F, 0xF0, 0x26, 0x73, 0x15, 0x39, 0x00, 0x62, 0x89, 0xF4,
    0x65, 0x3E, 0x24, 0xCB, 0x2E, 0x37, 0x2E, 0x49, 0x6D, 0x0B, 0xFB, 0x12, 0x73, 0xEE, 0x26, 0xD8,
    0x88, 0x9C, 0x82, 0x3F, 0x14, 0x79, 0x76, 0xE1, 0x2D, 0x6E, 0x19, 0x73, 0xFF, 0x98, 0x64, 0x51,
    0xBE, 0x3F, 0xDD, 0x40, 0x0A, 0xC4, 0x68, 0x73, 0xBE, 0x20, 0x13, 0xFE, 0x2A, 0x61, 0xCD, 0xDD,
    0x7B, 0x92, 0x48, 0x74, 0x2E, 0x48, 0xDA, 0xB7, 0x39, 0x93, 0xE9, 0x88, 0x79, 0x4A, 0xF2, 0x14,
    0xC4, 0xD6, 0xAC, 0x0B, 0xF7, 0x31, 0xF9, 0x9B, 0xCC, 0x96, 0x29, 0x38, 0x05, 0x40, 0x48, 0xD2,
    0x94, 0x57, 0x91, 0x39, 0x20, 0xDB, 0x28, 0xC9, 0x65, 0x97, 0x4B, 0x67, 0x75, 0xB8, 0x54, 0x2E,
    0x93, 0x3C, 0x72, 0xDA, 0x35, 0xC4, 0x87, 0x6D, 0xA3, 0x40, 0xA6, 0xA9, 0xED, 0x7C, 0xF7, 0xAB,
    0x2E, 0xE9, 0xEA, 0xF0, 0x39, 0xBE, 0x17, 0xDA, 0x3A, 0x12, 0x04, 0x6A, 0xB9, 0x4C, 0x89, 0x4A,
    0x91, 0xEB, 0xE4, 0x38, 0x23, 0x78, 0x2B, 0x32, 0x51, 0xBE, 0x4C, 0xF0, 0x22, 0xCF, 0x89, 0xF3,
    0xB2, 0x7C, 0x3E, 0x66, 0xA7, 0xD0, 0x31, 0x93, 0x43, 0xA7, 0xD6, 0x66, 0x78, 0x5B, 0xE9, 0x05,
    0x9B, 0xB9, 0x66, 0x24, 0xAF, 0x1C, 0xAF, 0xAF, 0x4B, 0x5A, 0x64, 0x08, 0x2D, 0x48, 0xBF, 0x30,
    0x15, 0xDC, 0xC5, 0x91, 0x0D, 0xD7, 0x1D, 0xE8, 0x70, 0xD9, 0x69, 0x19, 0x1C, 0x48, 0xFD, 0xBE,
    0xA1, 0xEC, 0xF8, 0xA4, 0xC8, 0xB6, 0xA9, 0xC1, 0x3D, 0xE1, 0x28, 0x39, 0xBB, 0x10, 0xE3, 0x0C,
    0xD8, 0xFF, 0xD0, 0x8D, 0x9C, 0xC6, 0x1A, 0xEC, 0xCB, 0x9A, 0xB9, 0xBD, 0x45, 0xB5, 0xA3, 0xAA,
    0xD4, 0x1C, 0x9D, 0x94, 0xA5, 0xBB, 0xF9, 0x04, 0xA9, 0x1B, 0x03, 0x2A, 0xE5, 0xCF, 0x74, 0xFD,
    0xEF, 0x64, 0xDA, 0xD9, 0x78, 0x83, 0x2E, 0xC0, 0x54, 0x52, 0x8C, 0x8A, 0x29, 0x70, 0x05, 0x0E,
    0x89, 0x90, 0xB4, 0x1A, 0x0D, 0x76, 0x0E, 0x64, 0xCB, 0xA2, 0x51, 0x89, 0x66, 0x8D, 0x8A, 0xD6,
    0xAD, 0xE8, 0x49, 0xFB, 0x4A, 0x32, 0x6A, 0x6B, 0x4F, 0x15, 0xD8, 0x3A, 0xED, 0x96, 0xC5, 0x90,
    0x13, 0xDA, 0xF2, 0xB1, 0x50, 0x88, 0x1B, 0xCB, 0x4A, 0x3B, 0x6A, 0x6D, 0xD5, 0xDF, 0x9A, 0x36,
    0x8F, 0xAE, 0xB3, 0x35, 0x2A, 0xAF, 0x0D, 0x02, 0x6A, 0xC3, 0x80, 0xD2, 0xB4, 0xCE, 0x52, 0x44,
    0xD4, 0x00, 0x89, 0x1E, 0xA3, 0xEF, 0x32, 0xBF, 0xF2, 0x05, 0x48, 0xDA, 0x21, 0xBB, 0xCA, 0xFF,
    0x89, 0x13, 0x5B, 0xEF, 0x95, 0xB2, 0x27, 0x22, 0x61, 0xA3, 0xB6, 0x21, 0x28, 0x97, 0x1D, 0x4F,
    0x5F, 0xF6, 0x31, 0x87, 0x8E, 0x31, 0x1D, 0x78, 0x44, 0xF2, 0xEB, 0x74, 0xCA, 0x35, 0x4F, 0x0A,
    0x4E, 0x63, 0x73, 0xA9, 0xAC, 0xF3, 0x8E, 0x9E, 0x4A, 0x4F, 0x5B, 0xEB, 0x21, 0x4B, 0x3D, 0x63,
    0xA1, 0x47, 0xCB, 0xB4, 0xB7, 0xCA, 0x22, 0x7A, 0x55, 0xF1, 0xAB, 0xD2, 0x0A, 0xC9, 0x6B, 0x25,
    0x4E, 0xF9, 0x26, 0xD2, 0x3E, 0x9C, 0xB0, 0xFC, 0xF6, 0x60, 0xFB, 0x09, 0x3E, 0x8C, 0xAD, 0x88,
    0xED, 0x1C, 0x26, 0x69, 0x29, 0xD1, 0x7D, 0xC5, 0x9D, 0x1B, 0x54, 0x31, 0x8D, 0xF6, 0x8D, 0xC8,
    0x1B, 0xA9, 0x37, 0x0A, 0x6F, 0xB4, 0x66, 0x44, 0xAB, 0x19, 0xE9, 0xC6, 0x8C, 0x62, 0x30, 0xA3,
    0x6E, 0xD4, 0x10, 0x76, 0xA0, 0x46, 0xB2, 0x31, 0x23, 0x1F, 0xCC, 0xA8, 0x75, 0x92, 0x2B, 0x7F,
    0xE2, 0x6C, 0x53, 0xED, 0xF2, 0x62, 0xFC, 0x62, 0x34, 0x83, 0x79, 0x48, 0xC3, 0x1F, 0x6C, 0xF6,
    0xC6, 0x78, 0xD5, 0x99, 0x61, 0x1C, 0x3B, 0xCE, 0x7A, 0xEB, 0xF6, 0xCA, 0x15, 0xAF, 0x5C, 0x3A,
    0xE7, 0x53, 0xDD, 0xF9, 0xF1, 0xC7, 0xBC, 0xE8, 0x9B, 0xC9, 0xB6, 0x9D, 0x88, 0x8B, 0x2D, 0x5F,
    0x82, 0xD4, 0x27, 0xCC, 0x76, 0x7A, 0xCA, 0xFC, 0x32, 0x47, 0x58, 0xE2, 0x16, 0x19, 0x7B, 0xAA,
    0x2D, 0x3C, 0xB3, 0x86, 0xBE, 0x61, 0xC4, 0x12, 0x9D, 0x35, 0x42, 0xA7, 0x61, 0x2F, 0x1E, 0x17,
    0xAB, 0x03, 0x82, 0x34, 0x7E, 0xDE, 0x04, 0x29, 0xD9, 0x27, 0x48, 0x93, 0x1E, 0x42, 0x13, 0x34,
    0xBD, 0x98, 0xA0, 0x3B, 0xE2, 0x1B, 0x14, 0x7A, 0xF4, 0xD7, 0x54, 0xBD, 0xAA, 0xEA, 0x45, 0x4D,
    0xB2, 0x40, 0x71, 0xE4, 0x15, 0x63, 0x18, 0xDD, 0x05, 0xC9, 0xBE, 0x61, 0xF2, 0x6E, 0xFB, 0xD1,
    0xB7, 0xAF, 0x7A, 0x06, 0x4B, 0x9C, 0x53, 0xCA, 0x21, 0x21, 0x07, 0xF9, 0x3E, 0x6C, 0x37, 0x24,
    0x52, 0x0B, 0x19, 0x3A, 0x81, 0x39, 0xF2, 0x6C, 0xF7, 0x82, 0xD4, 0x5F, 0x13, 0x3E, 0x29, 0x9D,
    0xB3, 0xEE, 0x8E, 0xDD, 0x88, 0xC9, 0xCB, 0x75, 0xA5, 0xD3, 0xC9, 0xC5, 0xAD, 0x67, 0x3A, 0x74,
    0xE5, 0x4C, 0xB1, 0xAD, 0x20, 0x13, 0x0C, 0xAF, 0x10, 0x1C, 0x54, 0x28, 0xC2, 0xEB, 0x1E, 0x31,
    0xD1, 0xAE, 0x15, 0xB0, 0x76, 0x84, 0x98, 0x43, 0x77, 0x2B, 0x5F, 0x43, 0xF4, 0x3C, 0xFC, 0x7A,
    0x28, 0x42, 0xFC, 0x90, 0xCC, 0xA9, 0xBB, 0xEB, 0xA6, 0xD6, 0x80, 0xFD, 0xAF, 0x25, 0xBF, 0xFE,
    0xE0, 0x4D, 0xB6, 0x07, 0xF1, 0x1F, 0x49, 0x50, 0x95, 0xBB, 0x87, 0x2D, 0x52, 0x5A, 0xDA, 0x27,
    0x47, 0x33, 0xE1, 0xE1, 0x22, 0x33, 0xB6, 0x3E, 0x6D, 0x80, 0xC9, 0x4E, 0xBE, 0x4C, 0xB9, 0x49,
    0xC1, 0x52, 0x3E, 0xC8, 0xF0, 0x64, 0x59, 0xE0, 0xAD, 0x9C, 0x2B, 0xE4, 0x48, 0x24, 0x26, 0x66,
    0xC9, 0x71, 0xA6, 0x74, 0x0F, 0xEE, 0xB3, 0x84, 0x4A, 0x65, 0x19, 0x1D, 0xD7, 0x6C, 0x8C, 0xC5,
    0x5C, 0x23, 0x43, 0xA1, 0x67, 0x3C, 0xE1, 0xC8, 0x65, 0x30, 0x8D, 0xDC, 0x0F, 0xDB, 0xF3, 0xA0,
    0x5E, 0x33, 0x32, 0x28, 0xC4, 0xFF, 0x2D, 0xB7, 0xBE, 0x2E, 0xBF, 0xC8, 0x3F, 0xA9, 0x58, 0x81,
    0xAF, 0x8C, 0x30, 0x20, 0xA7, 0xD5, 0xAC, 0x53, 0x7A, 0x0C, 0xB9, 0x5C, 0x90, 0x37, 0xF8, 0xFD,
    0xFB, 0x94, 0x33, 0x9F, 0x2C, 0xE5, 0x16, 0xAE, 0x2A, 0x84, 0x02, 0x4B, 0xC2, 0x63, 0xCD, 0x26,
    0x61, 0x28, 0xEE, 0x39, 0x46, 0x65, 0xA6, 0x04, 0xE5, 0xFE, 0xFD, 0x37, 0x0B, 0xD6, 0x4D, 0x46,
    0x80, 0x49, 0x2A, 0xDF, 0xD2, 0x77, 0xF2, 0xD8, 0x7D, 0xA8, 0xC9, 0x55, 0x91, 0xF0, 0x59, 0x45,
    0x87, 0x5A, 0xFA, 0xDD, 0xAE, 0xEE, 0xB3, 0x03, 0xC9, 0x28, 0x98, 0x3C, 0x61, 0x16, 0x91, 0xA6,
    0x55, 0x8F, 0xF6, 0xD2, 0xE7, 0x23, 0x8F, 0x49, 0xFF, 0x4A, 0x1F, 0x0B, 0x2D, 0x59, 0x8E, 0x75,
    0x31, 0xEE, 0x93, 0xF4, 0xFE, 0x4E, 0x99, 0x8A, 0xDA, 0x93, 0xEA, 0xBE, 0xD0, 0x8C, 0xAE, 0x02,
    0xF3, 0xD3, 0xA7, 0x15, 0xC7, 0xEE, 0x61, 0xB5, 0xED, 0x32, 0x9D, 0xA6, 0x6E, 0x47, 0xFA, 0xDE,
    0xBD, 0xA4, 0x4E, 0xAB, 0xFD, 0xBF, 0x52, 0x65, 0x03, 0x59, 0x50, 0xE6, 0x15, 0x4B, 0x9B, 0xE5,
    0x7F, 0x74, 0x35, 0x68, 0xCC, 0x87, 0xF2, 0x2A, 0xD0, 0x78, 0x52, 0x79, 0xCC, 0x04, 0x56, 0xDA,
    0x53, 0x7B, 0x1E, 0xE6, 0x06, 0x0A, 0xA2, 0x8D, 0xD4, 0x65, 0x26, 0xD5, 0x26, 0x9E, 0x43, 0x85,
    0x6E, 0x45, 0xDC, 0x3D, 0x25, 0x14, 0xC0, 0xF9, 0x68, 0x4B, 0xED, 0xF6, 0x0D, 0xBA, 0x65, 0x54,
    0x35, 0x04, 0x2F, 0xA9, 0x62, 0xE9, 0xF5, 0x54, 0x99, 0xA9, 0x4E, 0xFB, 0xAB, 0xAA, 0xA4, 0xB9,
    0x6E, 0xCA, 0x30, 0xF5, 0x31, 0xD0, 0x92, 0x8B, 0xEA, 0xBD, 0x98, 0x0D, 0xE7, 0xC7, 0x4E, 0x87,
    0x8D, 0xDC, 0x26, 0x09, 0x57, 0xE9, 0x78, 0xA1, 0xE5, 0xAD, 0x59, 0xCC, 0x40, 0xF4, 0x4A, 0x3B,
    0x74, 0xEB, 0x7D, 0xE5, 0x7F, 0x3B, 0xC6, 0xC2, 0x65, 0xA7, 0xD1, 0x6D, 0xA8, 0xDA, 0x6A, 0xAF,
    0xA7, 0x5A, 0x47, 0xB5, 0x7E, 0x9A, 0x69, 0xFF, 0xA8, 0xD9, 0x38, 0x52, 0x72, 0x97, 0xCC, 0xC6,
    0x11, 0xD7, 0xEF, 0xB5, 0x3D, 0xC4, 0x51, 0x65, 0x61, 0x91, 0xAD, 0x02, 0x95, 0xEF, 0x53, 0xDE,
    0xD8, 0xD6, 0xEE, 0x5B, 0x48, 0x72, 0x22, 0x22, 0x23, 0x25, 0xF2, 0x67, 0x27, 0xB2, 0x2E, 0xDA,
    0x21, 0x53, 0xB8, 0x24, 0xB7, 0x28, 0x46, 0x1B, 0x21, 0x81, 0x01, 0xD3, 0xBE, 0x4C, 0xE5, 0xCD,
    0x4C, 0x3A, 0xEC, 0x42, 0x39, 0xA3, 0x61, 0x03, 0xFA, 0x87, 0x1D, 0x35, 0x54, 0xCE, 0x55, 0x37,
    0xDB, 0x3B, 0x71, 0xDC, 0x08, 0xEB, 0x0D, 0x5B, 0x04, 0xAB, 0x68, 0x61, 0x8B, 0xD3, 0xFB, 0xDE,
    0xC2, 0xD1, 0x22, 0x1C, 0x5A, 0x80, 0x2D, 0x74, 0x7D, 0x84, 0xA6, 0x29, 0x1D, 0x1A, 0x08, 0xCD,
    0xEE, 0x2D, 0xF7, 0xF8, 0x98, 0xA3, 0x4F, 0xB8, 0x7E, 0x2F, 0x00, 0x1B, 0xC6, 0x44, 0x44, 0xBF,
    0xD4, 0x1C, 0x97, 0x74, 0xEB, 0x4A, 0x4C, 0x6D, 0xAC, 0x59, 0x27, 0xA6, 0x91, 0xDD, 0x5E, 0x4C,
    0xE3, 0xBB, 0xA3, 0x98, 0x46, 0x75, 0x65, 0x2A, 0x0B, 0x8D, 0xA6, 0xC8, 0x98, 0x16, 0x1B, 0x51,
    0xA9, 0xDF, 0x5B, 0xEF, 0x0D, 0x3B, 0x87, 0x9A, 0xA9, 0x49, 0x86, 0x4F, 0xB4, 0xC8, 0xB3, 0x1A,
    0x96, 0x44, 0x5E, 0x8B, 0x56, 0x8B, 0x10, 0xB0, 0xD6, 0x68, 0xA8, 0x98, 0xAD, 0x31, 0x4E, 0x9C,
    0x81, 0x4B, 0x38, 0x1C, 0x87, 0x0C, 0x55, 0xE8, 0x20, 0x0E, 0x89, 0x25, 0x64, 0x68, 0xC5, 0x44,
    0xB7, 0xEA, 0xFC, 0x85, 0x0B, 0x31, 0xDD, 0x78, 0xCD, 0x00, 0x3E, 0xD2, 0x81, 0x30, 0xA8, 0x27,
    0xF0, 0x6B, 0x19, 0xEB, 0xA6, 0xA0, 0x90, 0x57, 0x39, 0xF0, 0x61, 0x0A, 0x69, 0xC4, 0x41, 0x31,
    0xCC, 0xD0, 0x0D, 0x47, 0x9E, 0x4D, 0x95, 0x3B, 0x76, 0xB4, 0x23, 0xE9, 0xFB, 0x66, 0xDE, 0x6D,
    0xCD, 0xEC, 0x6A, 0xB3, 0xD9, 0x9A, 0x49, 0x93, 0xE8, 0x72, 0x1F, 0x80, 0x26, 0x88, 0x0F, 0x64,
    0xA2, 0x92, 0xFD, 0x5B, 0x77, 0x26, 0xF2, 0x85, 0xBA, 0xC3, 0x18, 0xF7, 0x13, 0x50, 0x1A, 0x31,
    0xEE, 0xA8, 0x7F, 0xE7, 0x80, 0x13, 0xCA, 0x26, 0x9E, 0xC3, 0x49, 0x7D, 0x3B, 0xAB, 0x6F, 0xEF,
    0xC4, 0xB3, 0x36, 0x83, 0xF2, 0x9B, 0xCB, 0xDB, 0x9D, 0x71, 0x69, 0xE7, 0xD9, 0x89, 0x26, 0xF2,
    0x1A, 0xCF, 0x4C, 0xA5, 0x48, 0xDE, 0x4A, 0x36, 0x9C, 0x0F, 0xE5, 0xF5, 0x99, 0x63, 0x81, 0x2C,
    0xE8, 0x38, 0xD2, 0x68, 0xA3, 0xC3, 0xF4, 0x30, 0x13, 0x7E, 0x5C, 0x83, 0x63, 0x88, 0xAB, 0x04,
    0x5F, 0xD6, 0x4A, 0x3C, 0x99, 0xCD, 0x7A, 0xD4, 0x0A, 0xAD, 0x12, 0xE0, 0xE3, 0xBD, 0xB3, 0xF5,
    0xC2, 0xD6, 0xD8, 0x3A, 0x23, 0xBB, 0x6C, 0x78, 0x37, 0xA4, 0xDE, 0x40, 0x5F, 0xBB, 0x7D, 0x4B,
    0x67, 0xCD, 0x0A, 0x9E, 0x97, 0xF8, 0x64, 0xEE, 0x23, 0x4D, 0x5A, 0xF1, 0x8F, 0x30, 0x3B, 0x21,
    0x4A, 0x82, 0x38, 0x42, 0x7A, 0x32, 0x82, 0x99, 0x4A, 0x81, 0x1B, 0xCD, 0x93, 0x58, 0x8B, 0x76,
    0xDE, 0x15, 0x35, 0x26, 0xC1, 0x98, 0x28, 0x13, 0x33, 0xC3, 0x22, 0xC5, 0x62, 0xD9, 0x21, 0x08,
    0x6C, 0x74, 0x20, 0xB2, 0x60, 0x68, 0x32, 0xBC, 0x3D, 0xA6, 0x2C, 0x38, 0x46, 0x81, 0x2C, 0xBB,
    0xAA, 0xE6, 0x8E, 0x52, 0x5A, 0x32, 0x7B, 0x15, 0x72, 0x1E, 0xCC, 0x61, 0xF4, 0x6C, 0x8B, 0xD1,
    0x24, 0x08, 0xDF, 0x1A, 0x34, 0xF7, 0x2F, 0xC8, 0x7F, 0xC1, 0xA2, 0xD1, 0x62, 0xCC, 0x15, 0x55,
    0x96, 0x1D, 0x8B, 0x2E, 0xE4, 0x9B, 0x18, 0x55, 0x98, 0x83, 0xDE, 0x94, 0x3F, 0x7B, 0x7B, 0x0D,
    0xDE, 0x85, 0x8B, 0x5F, 0xDE, 0x07, 0xE4, 0xC5, 0x83, 0x14, 0xB8, 0x2D, 0x89, 0x79, 0x4E, 0x60,
    0x4A, 0x9C, 0x4E, 0xA5, 0xBE, 0x41, 0xD4, 0xDD, 0xAB, 0x10, 0x48, 0xEB, 0x06, 0x75, 0x1E, 0xB4,
    0x6B, 0xBB, 0x20, 0xFE, 0x3C, 0xAA, 0x3C, 0xF6, 0x65, 0x56, 0x22, 0xC5, 0x6C, 0x22, 0xFE, 0x2F,
    0x1B, 0x78, 0x65, 0x84, 0xE8, 0xF7, 0x86, 0x8C, 0xE0, 0xC8, 0xDA, 0xA2, 0x64, 0x7A, 0x89, 0x97,
    0xE5, 0x91, 0x63, 0x61, 0x4B, 0x7C, 0x14, 0x18, 0xFF, 0x70, 0xD8, 0x22, 0x3F, 0xD9, 0x5D, 0x13,
    0x78, 0x46, 0x46, 0xFD, 0x81, 0x6A, 0x4E, 0xA0, 0x28, 0xD1, 0x49, 0xB5, 0x4E, 0x2A, 0x65, 0x9F,
    0x19, 0x17, 0x50, 0x62, 0xEE, 0xA7, 0x1D, 0x6E, 0x04, 0xFD, 0x51, 0xEB, 0x7F, 0xF7, 0xCF, 0x6F,
    0xEC, 0xFD, 0xC5, 0xD6, 0x73, 0xB6, 0x8F, 0xB3, 0x7D, 0x5B, 0x3B, 0x07, 0x27, 0x2D, 0x74, 0x8F,
    0x59, 0x75, 0xE6, 0x02, 0x6B, 0x23, 0x92, 0x1E, 0x0E, 0x1C, 0x77, 0x40, 0x62, 0x75, 0x18, 0x6B,
    0x79, 0xBF, 0xDC, 0xF8, 0x54, 0xE8, 0x2C, 0x01, 0xBD, 0xB6, 0x56, 0x11, 0xD4, 0x5E, 0xFB, 0xD2,
    0xBF, 0xA0, 0xBF, 0xB2, 0x37, 0x60, 0x01, 0x1C, 0x81, 0xF7, 0xAE, 0x93, 0x8A, 0x10, 0x34, 0x91,
    0x18, 0xA4, 0x53, 0xB5, 0x4D, 0xD1, 0x92, 0x11, 0x7D, 0x97, 0x72, 0x86, 0x8C, 0x26, 0xC8, 0x6F,
    0x8E, 0x9C, 0xBB, 0x06, 0x4A, 0x7E, 0x13, 0xF3, 0x57, 0x04, 0x43, 0x9E, 0x74, 0xC1, 0x6E, 0x4A,
    0x28, 0x06, 0x26, 0xFC, 0x08, 0x99, 0x02, 0x9D, 0xCE, 0x62, 0x00, 0x85, 0x94, 0x62, 0x4F, 0xE6,
    0x4D, 0x37, 0xA5, 0x74, 0x76, 0x32, 0x5D, 0x99, 0x8F, 0x41, 0xC4, 0x3C, 0x0D, 0x15, 0x71, 0x2A,
    0xDF, 0x18, 0xD4, 0x17, 0x1B, 0x0D, 0x81, 0xF8, 0x06, 0xB1, 0x0E, 0xAC, 0x13, 0x47, 0xEB, 0xFB,
    0xEA, 0xC3, 0x49, 0x7D, 0x99, 0x98, 0x8F, 0x7D, 0xEC, 0x59, 0xDE, 0xE5, 0x4F, 0xC7, 0xA2, 0x52,
    0xAD, 0x39, 0xF0, 0xD3, 0xF1, 0xBE, 0x69, 0xCD, 0x81, 0x9F, 0x6A, 0xCD, 0x95, 0x4E, 0x27, 0xAC,
    0xD2, 0x6A, 0xB0, 0xFC, 0xE9, 0xDF, 0xAE, 0xF6, 0x9C, 0x33, 0xDD, 0xDA, 0x7A, 0xE4, 0x09, 0x58,
    0x77, 0x54, 0xCD, 0x24, 0x40, 0xEE, 0x2D, 0x3E, 0xA6, 0xAA, 0x19, 0x3A, 0x92, 0x03, 0xCD, 0xC9,
    0xA0, 0x9C, 0x40, 0x96, 0x2A, 0x54, 0x2A, 0xEF, 0x05, 0x10, 0xC7, 0xBD, 0x42, 0xDF, 0xC8, 0x6F,
    0x2A, 0x2C, 0xF5, 0x40, 0x83, 0x7A, 0x04, 0x2C, 0x3A, 0xCC, 0x9F, 0xD1, 0xE6, 0x96, 0x78, 0x5E,
    0xDC, 0x24, 0x52, 0x48, 0x4C, 0x3C, 0xBF, 0x2A, 0xF0, 0x24, 0xB2, 0x40, 0xFD, 0xBD, 0xFA, 0x1A,
    0xE4, 0x57, 0x67, 0x82, 0x88, 0x9C, 0x20, 0x5E, 0xD1, 0xD2, 0xE5, 0xFB, 0x1A, 0x53, 0xC1, 0xAB,
    0x25, 0x9F, 0x97, 0xF8, 0xE0, 0x2D, 0x5D, 0x61, 0x03, 0x89, 0x86, 0x33, 0x03, 0x39, 0xF2, 0xF5,
    0x96, 0xE4, 0x45, 0x6B, 0x3B, 0x8E, 0x9A, 0xA1, 0xEC, 0xC9, 0x3C, 0x10, 0x89, 0xBD, 0xD4, 0xAD,
    0x2C, 0x1A, 0x83, 0x7B, 0x9E, 0x49, 0xEA, 0x92, 0x25, 0x14, 0x1F, 0x93, 0x32, 0xA0, 0xCB, 0x8A,
    0x5A, 0xD9, 0x26, 0x43, 0x25, 0x94, 0x08, 0xC8, 0x6D, 0xF7, 0x67, 0x1C, 0x79, 0x65, 0xCA, 0x20,
    0xE5, 0xAC, 0x58, 0x89, 0x82, 0xCA, 0xDA, 0x51, 0x17, 0x6B, 0xAC, 0xA6, 0x94, 0xF6, 0x2A, 0x39,
    0xAD, 0xD8, 0xC4, 0x64, 0x50, 0xB3, 0xD7, 0x67, 0x2A, 0x36, 0x4A, 0xE9, 0x9E, 0x4E, 0x09, 0x32,
    0x69, 0xA6, 0x50, 0xC1, 0x81, 0x4A, 0x1C, 0x4B, 0xB2, 0xB2, 0x50, 0xA5, 0x2E, 0x38, 0x71, 0xE8,
    0xA7, 0x72, 0x2B, 0xB0, 0x9B, 0x89, 0xFB, 0x14, 0x8B, 0xCF, 0xA9, 0x9B, 0x15, 0x99, 0x14, 0xA3,
    0xB9, 0x27, 0x1F, 0xC5, 0x72, 0x73, 0xB0, 0x35, 0x29, 0x66, 0x91, 0x08, 0x96, 0xF4, 0xBE, 0x09,
    0x1C, 0x3B, 0x23, 0xE5, 0x13, 0xBA, 0x2D, 0xB2, 0xE4, 0x93, 0x1F, 0x50, 0x22, 0x21, 0xEA, 0x9F,
    0x8F, 0x6C, 0x6E, 0x2A, 0xF9, 0xCD, 0x0F, 0x17, 0xFE, 0xEA, 0x28, 0x5B, 0x7D, 0xAB, 0x23, 0x9E,
    0x8F, 0x90, 0xC8, 0xA3, 0xBA, 0x13, 0x28, 0x89, 0xDC, 0xB9, 0x80, 0x7F, 0x81, 0xF1, 0x4F, 0x76,
    0x14, 0x58, 0xDF, 0xEC, 0x85, 0x04, 0xF3, 0x48, 0xCD, 0xEE, 0x23, 0x0E, 0x52, 0x43, 0x28, 0x42,
    0x8D, 0xA1, 0x2D, 0x94, 0x2A, 0x6D, 0x2B, 0xE9, 0x2D, 0xF1, 0xFA, 0x17, 0x41, 0x8B, 0x26, 0x83,
    0x92, 0xB8, 0x03, 0x03, 0x27, 0x7D, 0x17, 0x06, 0xC2, 0xF0, 0x2A, 0x8C, 0xD2, 0xB3, 0xCB, 0xC5,
    0x8C, 0xD0, 0xF3, 0x4D, 0x05, 0x45, 0x31, 0xAC, 0xFD, 0x67, 0xD6, 0xA8, 0x61, 0xF4, 0xDE, 0x18,
    0xED, 0x99, 0x74, 0xB3, 0xE3, 0x40, 0x6A, 0x44, 0xCE, 0xAF, 0xAC, 0x90, 0x25, 0x86, 0xC2, 0x26,
    0x36, 0x1D, 0xCD, 0xC8, 0x37, 0x66, 0x68, 0xD7, 0xC1, 0x51, 0x9D, 0x19, 0x11, 0x77, 0x43, 0x87,
    0xC4, 0x26, 0x61, 0x2B, 0x7B, 0x0A, 0xD5, 0x41, 0xAB, 0x90, 0x2B, 0x3B, 0xDB, 0x3C, 0x76, 0xBE,
    0x53, 0xDF, 0xB4, 0x8E, 0x55, 0xD5, 0xA8, 0x5C, 0xC6, 0x1C, 0x10, 0xD7, 0x4A, 0x26, 0x08, 0xC6,
    0xDD, 0x47, 0x22, 0x35, 0x02, 0xFB, 0xCC, 0xBC, 0x77, 0x45, 0x49, 0x84, 0xDE, 0x11, 0x35, 0xC3,
    0x0D, 0xEE, 0xEB, 0x3C, 0x8F, 0x7B, 0x43, 0x69, 0x9A, 0xDE, 0xCE, 0xEE, 0xE6, 0xDE, 0xE0, 0x11,
    0xDD, 0xD7, 0x35, 0x55, 0x2B, 0x4D, 0xD5, 0xAA, 0xB5, 0x34, 0xEE, 0x35, 0xA9, 0x77, 0x39, 0x9A,
    0xC8, 0xB6, 0x2B, 0x42, 0x3D, 0xA3, 0xEE, 0x81, 0x7D, 0xF5, 0x68, 0x1D, 0x4B, 0x29, 0xBE, 0x64,
    0x79, 0x69, 0x93, 0x8B, 0xDC, 0xE3, 0x01, 0x1E, 0x9D, 0x6C, 0xE8, 0x20, 0xA3, 0xF9, 0xCC, 0x0D,
    0xF0, 0xD6, 0x6B, 0x8C, 0xE7, 0xB5, 0x29, 0x5A, 0x19, 0x87, 0xB4, 0xED, 0xE8, 0xEA, 0xEF, 0xEE,
    0xC3, 0xB5, 0x33, 0x3C, 0xB1, 0x6A, 0xBD, 0xE1, 0x3B, 0xDA, 0xCE, 0xF0, 0xBD, 0x6C, 0x67, 0x7C,
    0x65, 0xCB, 0x03, 0xE0, 0x69, 0xF1, 0xE5, 0x44, 0x87, 0xBB, 0xF1, 0x15, 0x09, 0xDE, 0x3D, 0xCC,
    0x0A, 0x15, 0x29, 0xD6, 0x93, 0x28, 0x1B, 0x93, 0x4C, 0x7D, 0x74, 0xF7, 0xDE, 0x13, 0xBE, 0x47,
    0x75, 0x2C, 0x43, 0x62, 0xEE, 0xCE, 0x51, 0x9E, 0xF2, 0xBE, 0x9E, 0x65, 0xDE, 0x9F, 0xDB, 0x62,
    0x2D, 0x8C, 0x48, 0x95, 0xD2, 0x61, 0xAF, 0x82, 0xF1, 0x40, 0xDD, 0xF0, 0x4E, 0x72, 0xA3, 0x72,
    0x1A, 0x58, 0x27, 0xC0, 0x8C, 0x57, 0x74, 0xBE, 0x55, 0xEF, 0xA6, 0x5B, 0x2B, 0x79, 0xA4, 0x15,
    0xF7, 0xDE, 0x8A, 0xAA, 0x5D, 0x88, 0x1E, 0x67, 0xF9, 0xDC, 0xB8, 0xDA, 0x7A, 0xD2, 0x55, 0x9E,
    0xDD, 0xB2, 0xD4, 0x79, 0x18, 0x04, 0x3E, 0x77, 0x8C, 0xE9, 0xB1, 0x03, 0xA9, 0x83, 0xDD, 0xA8,
    0xD1, 0x76, 0x23, 0xE8, 0x66, 0x0B, 0xDF, 0x30, 0x1A, 0xF1, 0xE3, 0x74, 0xEF, 0x83, 0xE7, 0xC3,
    0xBD, 0xD3, 0x1A, 0xF7, 0xDD, 0xEF, 0x4F, 0xA6, 0x35, 0xFC, 0x67, 0x81, 0xC6, 0x7F, 0xB4, 0xF3,
    0x8D, 0xE6, 0x32, 0x22, 0x88, 0x99, 0x4A, 0xB3, 0xF1, 0x59, 0x95, 0x4C, 0x0A, 0x81, 0x39, 0xD5,
    0xC0, 0xE3, 0xEE, 0xF9, 0xF3, 0x32, 0x3F, 0x91, 0x13, 0x9A, 0xE9, 0x9C, 0x67, 0x22, 0xB9, 0x9E,
    0x8D, 0xE6, 0x74, 0x6C, 0x3C, 0x0A, 0xAF, 0xE5, 0xEB, 0xD6, 0x8C, 0x5D, 0xE5, 0x4D, 0x20, 0x99,
    0x5F, 0x17, 0x9C, 0xDB, 0xCC, 0x7A, 0x67, 0x96, 0x7B, 0x66, 0x7F, 0xA5, 0xB9, 0xFF, 0xEC, 0xB1,
    0x1C, 0x44, 0x01, 0x9D, 0xB8, 0x40, 0x24, 0xAF, 0x1B, 0x33, 0x87, 0x2D, 0xB5, 0x85, 0x9B, 0xB7,
    0xD6, 0x8E, 0xFA, 0xFB, 0xCA, 0xDA, 0x0D, 0x50, 0x8A, 0x16, 0xDB, 0x99, 0x37, 0xDD, 0x62, 0x4A,
    0xE6, 0xB6, 0xC3, 0x4C, 0xE2, 0xC9, 0x95, 0x7F, 0x7C, 0x1B, 0xA0, 0x7A, 0x1B, 0x9F, 0x5D, 0xA2,
    0x03, 0x96, 0x72, 0x5D, 0x5B, 0xFE, 0xCE, 0x1E, 0x63, 0x9D, 0xAE, 0x66, 0x7D, 0xC2, 0x75, 0x60,
    0x39, 0xF2, 0x48, 0x5A, 0x67, 0x85, 0xF2, 0x11, 0xE9, 0xEB, 0x68, 0x6E, 0xFA, 0x6E, 0xE8, 0x2A,
    0xBF, 0x8A, 0x6B, 0xBC, 0xD5, 0x76, 0xDE, 0xAA, 0xAF, 0xB4, 0x52, 0x59, 0xB3, 0x06, 0x01, 0x16,
    0xB7, 0x2D, 0x91, 0x23, 0x03, 0x91, 0x8C, 0x8B, 0x58, 0x1E, 0xFE, 0xCE, 0x7B, 0xEE, 0x73, 0x97,
    0x9D, 0x17, 0x6F, 0x1D, 0x62, 0x1D, 0x1B, 0x3D, 0xD3, 0xF0, 0x27, 0xF8, 0xF2, 0x0E, 0x95, 0xB7,
    0xAF, 0x16, 0xE7, 0xDA, 0x5E, 0x75, 0xD1, 0x13, 0xF5, 0x62, 0xC8, 0x99, 0x52, 0xD6, 0x58, 0x83,
    0x13, 0x58, 0x42, 0xD5, 0x9C, 0x52, 0x31, 0x4E, 0xB0, 0xD1, 0x22, 0x97, 0x3D, 0x95, 0xEB, 0xCA,
    0x34, 0x3A, 0xC8, 0x1C, 0x20, 0x84, 0xB3, 0xEC, 0xA4, 0x2B, 0xE6, 0x83, 0x84, 0x59, 0x78, 0x81,
    0x24, 0x43, 0x5B, 0xE9, 0xD0, 0x00, 0x37, 0xE0, 0xEC, 0x74, 0x4C, 0x5B, 0xA9, 0x76, 0xF8, 0x71,
    0xA7, 0x83, 0x9D, 0x0E, 0x54, 0xE3, 0x79, 0xB9, 0x13, 0xFD, 0x25, 0x9B, 0xB5, 0xB8, 0xBE, 0x64,
    0x45, 0x49, 0x4A, 0xB6, 0x01, 0xBD, 0x28, 0x7B, 0x19, 0x33, 0x24, 0x82, 0xF9, 0x90, 0x0D, 0x81,
    0xF4, 0xE5, 0x74, 0x2A, 0x3A, 0xA4, 0x74, 0xBC, 0xB4, 0x38, 0xBE, 0x9C, 0x97, 0x2C, 0xDD, 0xFD,
    0x59, 0xBB, 0x09, 0xBE, 0x00, 0x52, 0xE1, 0xDC, 0x47, 0x92, 0x56, 0xAD, 0x7B, 0xD0, 0x92, 0x6E,
    0xDC, 0xAE, 0xC2, 0xDB, 0x60, 0x1D, 0xF4, 0x6A, 0xBE, 0x54, 0xDA, 0xA1, 0x4E, 0xCF, 0xE1, 0xC1,
    0x58, 0x38, 0x96, 0x0C, 0xBB, 0xD9, 0x88, 0x24, 0x19, 0x0A, 0x90, 0x37, 0x49, 0xE4, 0x46, 0xC8,
    0x75, 0xD9, 0xD5, 0xE0, 0xAB, 0x6D, 0xD3, 0xE2, 0xCE, 0x20, 0x0B, 0x57, 0xAB, 0x81, 0x2A, 0xEF,
    0xF1, 0x64, 0x25, 0x07, 0x93, 0x80, 0x36, 0x65, 0x83, 0x55, 0xBA, 0x1A, 0xF1, 0xC8, 0x07, 0xD9,
    0x21, 0xDB, 0xA4, 0x9F, 0x6C, 0x90, 0xB8, 0x5F, 0x73, 0x83, 0x90, 0x3D, 0x20, 0x87, 0x38, 0x28,
    0x77, 0x2B, 0x8F, 0x7E, 0xBB, 0xBA, 0x49, 0x22, 0x78, 0x1B, 0xF2, 0x14, 0x95, 0x1D, 0x33, 0x8B,
    0x73, 0xF7, 0x31, 0x4A, 0x48, 0xC6, 0xC8, 0x01, 0x4E, 0xCB, 0x7A, 0x54, 0x4B, 0xD6, 0x23, 0x81,
    0xD2, 0x5E, 0x02, 0x20, 0x93, 0x43, 0x21, 0x31, 0x3C, 0xAE, 0x4A, 0x25, 0xB5, 0xCD, 0xAE, 0xF7,
    0x5A, 0xE6, 0x5F, 0x27, 0x9B, 0x5D, 0xDF, 0x6E, 0xF5, 0x5D, 0xE6, 0x82, 0x72, 0x39, 0xE5, 0xA6,
    0x1C, 0x67, 0xC5, 0x9B, 0xB2, 0xCD, 0x6F, 0x4B, 0x56, 0x02, 0x52, 0x5B, 0x56, 0x42, 0xCE, 0xB3,
    0x49, 0xCD, 0x03, 0xFC, 0x22, 0x75, 0xA7, 0x56, 0xF1, 0x4E, 0x1E, 0x47, 0x33, 0x97, 0x98, 0x28,
    0x07, 0xD6, 0xEC, 0x0E, 0x09, 0xC2, 0x76, 0x22, 0x6E, 0xD1, 0x11, 0x7D, 0xEC, 0x5E, 0x77, 0x63,
    0x0A, 0x22, 0x29, 0x57, 0xCA, 0x47, 0xB9, 0x4B, 0xD6, 0x4B, 0x36, 0x1D, 0x05, 0xC6, 0xCB, 0xAE,
    0x10, 0x8D, 0x3F, 0x3D, 0x0F, 0x4F, 0x52, 0xC6, 0x79, 0xB4, 0x90, 0xEC, 0xFA, 0x23, 0xD4, 0xEB,
    0xA8, 0x0E, 0x64, 0xC7, 0x09, 0xDB, 0x33, 0x4F, 0x37, 0xB6, 0xE2, 0x0F, 0x31, 0x30, 0xB6, 0xF0,
    0x7D, 0xCB, 0xF7, 0x7A, 0xED, 0x1E, 0x92, 0xF8, 0x87, 0x6A, 0x25, 0xC3, 0xED, 0x16, 0xD2, 0xEC,
    0x6E, 0xDE, 0x57, 0xCD, 0xFB, 0x24, 0xBD, 0xD5, 0x0D, 0xA8, 0x17, 0x76, 0xF8, 0xF5, 0x39, 0x2B,
    0x89, 0xC3, 0xC4, 0x9B, 0xB3, 0xF5, 0x15, 0x9E, 0xB1, 0xA4, 0xAA, 0x92, 0xCD, 0xBE, 0xB2, 0x29,
    0x20, 0x1E, 0xF7, 0x55, 0xA4, 0x2A, 0x34, 0xE0, 0xB8, 0xE5, 0x3D, 0xB1, 0xFD, 0x2C, 0xE0, 0xC6,
    0xF3, 0x56, 0x6C, 0x20, 0xDE, 0x17, 0xF1, 0xD5, 0x1B, 0x22, 0x6E, 0x5C, 0x13, 0xA1, 0x6B, 0xC4,
    0x31, 0xC8, 0x00, 0x7A, 0x57, 0xA8, 0x0D, 0x2C, 0x28, 0x29, 0x2A, 0x2F, 0x8A, 0xC0, 0x8B, 0x9C,
    0x57, 0x54, 0x5A, 0x88, 0x67, 0x51, 0x2B, 0x12, 0xCD, 0xDC, 0x2D, 0x85, 0xE4, 0xA0, 0xF4, 0x6A,
    0x34, 0x32, 0xE0, 0x23, 0xF2, 0x60, 0x25, 0x6C, 0x21, 0xE7, 0x04, 0xFF, 0xC0, 0xD2, 0x80, 0x12,
    0x72, 0x21, 0x19, 0xBC, 0x30, 0x25, 0xC9, 0x84, 0x59, 0xD8, 0x1C, 0x5A, 0x31, 0x69, 0x98, 0xDA,
    0xE5, 0x4F, 0xE8, 0xA3, 0xFC, 0xEF, 0x34, 0xDD, 0x3F, 0xA1, 0x03, 0x62, 0x26, 0xAB, 0x0D, 0x2C,
    0xBE, 0x5C, 0x9E, 0x55, 0x9D, 0x68, 0x89, 0x38, 0xE2, 0x69, 0xEC, 0x74, 0x52, 0xD8, 0x88, 0x21,
    0x13, 0xCD, 0x14, 0xE3, 0x52, 0x2B, 0x27, 0x5C, 0x39, 0x66, 0xC0, 0x11, 0xCF, 0x3A, 0xB4, 0xF6,
    0x6D, 0xF4, 0xEC, 0x8E, 0x29, 0x8E, 0x2E, 0x20, 0x26, 0x4E, 0x2D, 0x48, 0x80, 0xAC, 0xCD, 0x46,
    0x36, 0x4E, 0x1B, 0xEC, 0x92, 0x0D, 0x2E, 0x2B, 0xBD, 0x34, 0xC3, 0xE1, 0xA3, 0x25, 0xE7, 0xE1,
    0x5D, 0xA9, 0x78, 0xD0, 0x2A, 0x81, 0xD0, 0xB6, 0x51, 0x6A, 0x5E, 0xE4, 0x9B, 0x67, 0xCB, 0xB9,
    0xD3, 0xB5, 0x61, 0x2D, 0xB3, 0x75, 0xA4, 0x54, 0x08, 0x8E, 0xA4, 0x5D, 0x85, 0xE8, 0x88, 0x96,
    0x14, 0x9C, 0x24, 0x3C, 0x1B, 0xB9, 0x46, 0xA7, 0x90, 0x84, 0x1A, 0x75, 0xDA, 0x58, 0xD8, 0xBB,
    0x10, 0x22, 0x1E, 0x5E, 0x9A, 0x0A, 0x4F, 0x3F, 0x07, 0x7A, 0xEE, 0x55, 0xA3, 0x24, 0x0F, 0xDB,
    0xC9, 0x3B, 0x3B, 0x7A, 0xAF, 0x8D, 0x2E, 0xFF, 0x5B, 0x3D, 0x75, 0xFA, 0x0F, 0x96, 0xC0, 0xDA,
    0xC0, 0x32, 0xA3, 0x7D, 0x5E, 0x7F, 0xF1, 0xAE, 0xBB, 0xFB, 0xBD, 0xFD, 0x60, 0x3C, 0xAD, 0xCE,
    0x35, 0x35, 0x91, 0xA2, 0x7D, 0xA0, 0xF1, 0xEB, 0xD1, 0x5F, 0x96, 0x98, 0xC3, 0xCF, 0x8C, 0xC8,
    0xA5, 0x42, 0x14, 0x25, 0x72, 0x91, 0xB3, 0xB1, 0xB6, 0x42, 0x3F, 0x00, 0x62, 0x01, 0x4A, 0xD8,
    0x44, 0x18, 0x44, 0x8C, 0x3D, 0x68, 0x22, 0x0C, 0x59, 0xB0, 0x30, 0x56, 0xE1, 0xCC, 0x58, 0x31,
    0x72, 0xD1, 0xA2, 0x55, 0xB8, 0xA6, 0xBC, 0x4A, 0x9B, 0xD1, 0x01, 0xE5, 0x37, 0x94, 0x56, 0xFE,
    0x42, 0x8F, 0xC3, 0xC8, 0x1D, 0xBD, 0xBD, 0xBE, 0xA9, 0x97, 0x9C, 0x77, 0x4A, 0xF9, 0xEB, 0x13,
    0xA9, 0x82, 0x77, 0x8A, 0xF4, 0x4A, 0x31, 0x33, 0x32, 0x53, 0x9C, 0xEC, 0xBD, 0x26, 0x5D, 0x3F,
    0x95, 0x43, 0xE6, 0x28, 0xA4, 0x81, 0x94, 0x00, 0x7D, 0x1D, 0xF5, 0xC3, 0x08, 0x4A, 0x48, 0x23,
    0x86, 0xA2, 0x1D, 0x14, 0x51, 0xCA, 0x29, 0xE3, 0xF1, 0xB3, 0x59, 0x3B, 0x50, 0xBA, 0x2A, 0x61,
    0x61, 0x57, 0xA5, 0x47, 0x8D, 0x98, 0xD4, 0x86, 0x2E, 0xB5, 0xFD, 0x6D, 0x5C, 0x2E, 0x32, 0x6E,
    0x92, 0xFC, 0xBD, 0x76, 0xA4, 0x6C, 0x68, 0xB5, 0x0F, 0x75, 0xDA, 0x89, 0x5A, 0x1E, 0x05, 0x69,
    0x83, 0xA3, 0x20, 0x6D, 0xC0, 0x64, 0xE1, 0x4A, 0x66, 0x17, 0x7C, 0x2D, 0xDD, 0x91, 0x67, 0x2C,
    0x27, 0x49, 0xCB, 0x07, 0x80, 0xC3, 0x41, 0xA8, 0x1F, 0xEE, 0x36, 0x79, 0x7D, 0x48, 0x2F, 0xB3,
    0xF1, 0x50, 0xA7, 0x5E, 0x1B, 0xE7, 0x4C, 0x4C, 0xC7, 0xFD, 0xA1, 0x0E, 0xAA, 0xCC, 0xAD, 0xE2,
    0x26, 0x49, 0x0F, 0x24, 0x02, 0x3B, 0x63, 0x7D, 0xCE, 0xCE, 0x89, 0x74, 0x95, 0x28, 0x3B, 0xE2,
    0x2E, 0x3B, 0x5F, 0xB4, 0x26, 0x5C, 0xD6, 0x7D, 0x43, 0x03, 0xAA, 0x99, 0x95, 0x2D, 0xFB, 0x11,
    0x49, 0xF5, 0xEE, 0x85, 0x36, 0xE0, 0x16, 0x0E, 0x0F, 0xC2, 0x99, 0xC7, 0x4C, 0x26, 0x72, 0xBB,
    0x8C, 0x6D, 0x9F, 0x14, 0xAB, 0x93, 0x1B, 0x9F, 0x05, 0xED, 0x43, 0x89, 0xE3, 0x2C, 0x75, 0x57,
    0x49, 0x1A, 0x66, 0xEE, 0x10, 0x73, 0x5A, 0x73, 0xF1, 0x81, 0x7A, 0xED, 0x40, 0xFD, 0x1B, 0x55,
    0x2F, 0x28, 0x4F, 0x96, 0x7E, 0xBE, 0xA8, 0xE1, 0xBC, 0x51, 0xBB, 0xA1, 0x05, 0x4C, 0x82, 0x5B,
    0x6E, 0x8D, 0x3B, 0xDE, 0x78, 0xD7, 0x1B, 0xEF, 0x00, 0xFE, 0x61, 0xFC, 0x96, 0x18, 0xBF, 0xAB,
    0x44, 0x14, 0xA7, 0xF8, 0xA5, 0x32, 0xBE, 0x15, 0x04, 0xBF, 0xB9, 0x00, 0x84, 0xF9, 0x79, 0x40,
    0xF6, 0x62, 0xB7, 0x35, 0xC3, 0x02, 0xBC, 0x35, 0x3C, 0xB3, 0x8E, 0xBC, 0x11, 0x2E, 0x17, 0x8D,
    0x60, 0xBE, 0x64, 0xBC, 0xEF, 0x8D, 0x17, 0x6B, 0x1D, 0x67, 0xA7, 0x56, 0xF5, 0x70, 0x5F, 0xF8,
    0xE5, 0x98, 0x2E, 0xC1, 0x07, 0xD0, 0x12, 0xF5, 0x77, 0x4D, 0xBF, 0x23, 0x7A, 0x10, 0xFD, 0xAA,
    0xE8, 0x0E, 0xD9, 0x80, 0x03, 0x3F, 0x0F, 0xAD, 0x43, 0xEA, 0x79, 0xA8, 0xF7, 0xC5, 0x70, 0xE1,
    0x9C, 0x67, 0x08, 0xDB, 0xD1, 0x2B, 0xB6, 0x9A, 0x8C, 0x4C, 0x87, 0xD3, 0xA1, 0x0E, 0xC6, 0x0B,
    0xFA, 0x86, 0xDC, 0x33, 0x64, 0xCA, 0xAC, 0xA2, 0xE6, 0x42, 0xA6, 0x52, 0x0C, 0x80, 0xE2, 0xF9,
    0x58, 0xA7, 0xA3, 0xA7, 0x54, 0x0D, 0x95, 0xA4, 0x38, 0x94, 0x20, 0x05, 0x54, 0xB9, 0x56, 0x27,
    0x8B, 0x62, 0xFA, 0xA2, 0xBD, 0x73, 0x21, 0x37, 0xFE, 0xEE, 0xB2, 0x3F, 0xFA, 0x3C, 0xB5, 0x3A,
    0xE5, 0xB0, 0x93, 0x6A, 0xF0, 0x33, 0x9F, 0x03, 0x96, 0x01, 0x16, 0x7F, 0x8B, 0xBE, 0x85, 0xDC,
    0x47, 0x7E, 0x3E, 0x50, 0x16, 0xF3, 0x17, 0x25, 0xCE, 0x85, 0x5B, 0x1C, 0x30, 0x67, 0x3E, 0x75,
    0x95, 0x4C, 0xAB, 0xB2, 0x91, 0x14, 0xED, 0x75, 0x52, 0xFA, 0x45, 0x88, 0x7F, 0x0D, 0x0A, 0xBB,
    0xE5, 0xFE, 0x05, 0x65, 0xE4, 0x1E, 0x3A, 0x9D, 0xC6, 0x1E, 0x25, 0x4F, 0xE8, 0x05, 0x3D, 0xB6,
    0x3F, 0xBC, 0x4A, 0x3D, 0xF3, 0x7D, 0xCA, 0x77, 0xF7, 0xE4, 0xAB, 0x7B, 0xF2, 0x85, 0x7A, 0x5B,
    0xEA, 0x50, 0x88, 0x5B, 0x2D, 0xA0, 0xF2, 0x0C, 0x71, 0x2B, 0x35, 0x6E, 0xA5, 0xC6, 0xAD, 0xD4,
    0xB8, 0x95, 0x1A, 0xB7, 0x32, 0xB9, 0x2A, 0x6E, 0xFF, 0x97, 0x6E, 0x2C, 0xE3, 0xC7, 0xAA, 0xAB,
    0xE3, 0x76, 0xE2, 0xBE, 0xA3, 0x6D, 0x6B, 0x51, 0xFA, 0xA1, 0x2E, 0x17, 0xD9, 0x8B, 0xE3, 0x5F,
    0x91, 0xC9, 0xF5, 0x11, 0x8E, 0x5F, 0x33, 0x3A, 0x3E, 0xA3, 0xE3, 0xFF, 0x2B, 0x3A, 0xB6, 0x16,
    0x7F, 0x49, 0x79, 0xEC, 0x3E, 0x62, 0x2E, 0x84, 0x17, 0xE5, 0x81, 0xE3, 0x0B, 0x14, 0x4D, 0xC4,
    0xED, 0x21, 0x4B, 0x6D, 0xA3, 0x58, 0xA2, 0x53, 0xC6, 0x60, 0x59, 0x52, 0xF6, 0x9F, 0x52, 0xFF,
    0x6F, 0x05, 0x75, 0x9C, 0x6D, 0x32, 0xCD, 0xE1, 0xF6, 0x81, 0x5C, 0x51, 0x9F, 0x23, 0xEF, 0x25,
    0x3F, 0x54, 0x8A, 0xA1, 0xDD, 0xEF, 0xD3, 0xE9, 0x63, 0xE9, 0xFC, 0xD2, 0xFD, 0x79, 0x9F, 0x9C,
    0xDD, 0x45, 0x39, 0xDD, 0xB1, 0xB6, 0xF3, 0xDA, 0xA6, 0x46, 0x55, 0x5F, 0x7E, 0x06, 0x36, 0xCC,
    0x29, 0xCB, 0xFD, 0x7B, 0x4D, 0xDC, 0x96, 0x5E, 0x73, 0xEB, 0xEB, 0xE0, 0xDA, 0x6E, 0xE4, 0xD4,
    0x29, 0xDF, 0xE4, 0xA3, 0xF2, 0xA8, 0xE9, 0xB9, 0xA8, 0x44, 0xA8, 0x48, 0xE9, 0xCE, 0x6A, 0x37,
    0x0B, 0x66, 0x8D, 0x2D, 0xC1, 0x90, 0x80, 0x76, 0xF4, 0x26, 0xCF, 0x78, 0xBC, 0x0B, 0xE9, 0xC2,
    0xB0, 0xAF, 0x2D, 0x4E, 0x2F, 0x63, 0x2B, 0x67, 0x81, 0x7C, 0x52, 0x12, 0x23, 0x24, 0x56, 0xEC,
    0x2F, 0x90, 0xD4, 0x66, 0x9B, 0xAF, 0xF2, 0x86, 0xE9, 0xFC, 0x0E, 0xB3, 0x24, 0x99, 0xBF, 0x4F,
    0xEC, 0x48, 0xE6, 0x99, 0x69, 0x9B, 0xCC, 0xEE, 0xEB, 0xB3, 0x6A, 0x03, 0xDE, 0x5A, 0xF5, 0x26,
    0x37, 0xED, 0xA9, 0xC0, 0x0E, 0x8B, 0xBD, 0x5E, 0x0E, 0x5B, 0x52, 0x64, 0x3D, 0x2A, 0xDC, 0x52,
    0x55, 0x9D, 0x4F, 0x82, 0xD6, 0x40, 0xBA, 0xC4, 0xA4, 0xF1, 0x47, 0x28, 0xBC, 0xF5, 0x6E, 0x3B,
    0x6A, 0xE5, 0xF1, 0x7E, 0xAD, 0x0D, 0x5A, 0xA9, 0x33, 0x2E, 0x76, 0xF3, 0xB6, 0x8E, 0x8D, 0x0F,
    0x14, 0x01, 0x41, 0xD2, 0xF1, 0xA4, 0xD0, 0x8B, 0x7A, 0xFE, 0x0D, 0xD9, 0x37, 0x5D, 0x5E, 0x4D,
    0x37, 0xB2, 0xF1, 0xF7, 0x85, 0x20, 0x45, 0x6E, 0xE6, 0x40, 0xB2, 0x08, 0x39, 0xB1, 0x26, 0xE2,
    0xF4, 0x0E, 0xEC, 0xAA, 0xAB, 0xE5, 0xAD, 0x49, 0x12, 0xA7, 0x62, 0xDC, 0xCD, 0x17, 0xCA, 0x77,
    0x12, 0xD9, 0xFF, 0x08, 0x65, 0xF3, 0xDE, 0xC2, 0xE3, 0xCC, 0x3C, 0x0C, 0x1E, 0xBE, 0xA9, 0xAE,
    0xFF, 0xA5, 0x88, 0x40, 0xF2, 0xCC, 0x11, 0x30, 0xBE, 0x58, 0xE2, 0x85, 0x1B, 0xC0, 0x82, 0xF3,
    0xE0, 0xCB, 0xA3, 0x36, 0x19, 0x44, 0x80, 0x7E, 0xEB, 0x89, 0x21, 0xCA, 0x8A, 0xC3, 0x76, 0x3D,
    0x53, 0x62, 0x6F, 0x0D, 0xD5, 0xEB, 0xCC, 0x56, 0xCA, 0xFA, 0x43, 0x9D, 0xDA, 0x4E, 0x89, 0xE9,
    0xB8, 0xBB, 0x3E, 0x82, 0x2F, 0x3C, 0x71, 0x04, 0xF3, 0x27, 0x8A, 0xE0, 0xAA, 0x4C, 0xF5, 0x3C,
    0xF8, 0x4F, 0x1E, 0xCC, 0x95, 0x40, 0xE4, 0x1A, 0x41, 0x10, 0xE0, 0xC0, 0xC6, 0x36, 0x95, 0xF9,
    0x9E, 0xCC, 0x9A, 0x9D, 0x4C, 0x2B, 0xBC, 0x59, 0x29, 0xC9, 0x3C, 0x57, 0x68, 0x78, 0x4E, 0xFF,
    0x4F, 0xE4, 0x5A, 0xAD, 0x4D, 0xA4, 0xD8, 0xBF, 0x0B, 0x3D, 0x57, 0x2B, 0xBB, 0xD0, 0x93, 0xBD,
    0xB2, 0xF7, 0x11, 0x95, 0x6C, 0x4A, 0x3D, 0xBD, 0xDB, 0x56, 0x09, 0x2B, 0xA7, 0x09, 0x9E, 0xE8,
    0xF3, 0xA6, 0x65, 0x46, 0x85, 0x24, 0x89, 0x11, 0x0A, 0x8C, 0xB8, 0xAE, 0x8B, 0xE1, 0x23, 0x81,
    0xF1, 0x58, 0xD4, 0x5B, 0x98, 0x15, 0xA7, 0x20, 0x7A, 0x6F, 0x42, 0xA6, 0x25, 0xEB, 0x5F, 0x48,
    0x46, 0xCD, 0x30, 0x75, 0x0C, 0x59, 0x60, 0xAA, 0xD3, 0x4A, 0x98, 0x25, 0xB7, 0x2E, 0x1A, 0x31,
    0x95, 0xD6, 0x67, 0xE0, 0x89, 0x8B, 0x0D, 0x2A, 0xC9, 0x6C, 0x9C, 0x2D, 0x9E, 0x92, 0x59, 0x07,
    0x0D, 0x99, 0x1C, 0x92, 0xD9, 0x27, 0xD0, 0xFA, 0xDE, 0x7A, 0xCF, 0x72, 0x05, 0x41, 0xEE, 0x2C,
    0x71, 0x9D, 0xC6, 0x0C, 0x39, 0x2E, 0xCF, 0xEA, 0x6B, 0xE9, 0x26, 0x99, 0xD3, 0xD9, 0xD2, 0x30,
    0x99, 0x2D, 0xEB, 0x4B, 0xD9, 0xC2, 0x3C, 0xD5, 0x62, 0x63, 0x2E, 0x21, 0x99, 0x2F, 0x66, 0xAD,
    0xF3, 0x23, 0x0F, 0x39, 0x6A, 0x8D, 0xE3, 0x16, 0x58, 0xA2, 0x60, 0x35, 0x71, 0x52, 0x93, 0x42,
    0x4D, 0x30, 0xAC, 0x35, 0xF2, 0x56, 0x0F, 0x93, 0x4A, 0xFE, 0x3C, 0x95, 0x23, 0x08, 0x66, 0x15,
    0xAB, 0x39, 0x6A, 0xC5, 0x48, 0x48, 0x53, 0x7E, 0x3D, 0xAA, 0xF6, 0x3C, 0x1A, 0xDE, 0x0A, 0x6E,
    0xFA, 0x01, 0x4D, 0xDD, 0x21, 0x47, 0xD6, 0x31, 0x33, 0xDB, 0x04, 0x3A, 0x34, 0x25, 0x8B, 0x95,
    0x63, 0xE8, 0x7C, 0x07, 0x2E, 0xEC, 0x8E, 0xD7, 0x7E, 0x62, 0x45, 0xCC, 0x0F, 0x24, 0x08, 0x12,
    0xE2, 0x29, 0x71, 0x40, 0x98, 0xD6, 0x9D, 0x65, 0x42, 0x0F, 0xF2, 0x4E, 0xCA, 0xBF, 0xFC, 0x09,
    0x86, 0x40, 0x31, 0x30, 0x42, 0x45, 0x53, 0x6C, 0x7E, 0x9F, 0xE3, 0x59, 0xF3, 0xE8, 0xDD, 0x78,
    0xD6, 0x35, 0xCA, 0x78, 0xD6, 0xE1, 0x31, 0xFF, 0xF3, 0xE5, 0xED, 0x5E, 0x79, 0xC0, 0x0E, 0xC3,
    0xB4, 0xBB, 0xD4, 0xF2, 0x0C, 0x63, 0xB5, 0xC8, 0x5B, 0x9C, 0x0C, 0x45, 0x29, 0x46, 0x6D, 0xE4,
    0x6F, 0x9D, 0x66, 0xB1, 0x17, 0xC6, 0x59, 0x6C, 0x5A, 0x72, 0x9E, 0x15, 0x43, 0x7A, 0x96, 0xB4,
    0xFA, 0x74, 0xAD, 0x24, 0x39, 0x79, 0xD4, 0x31, 0x92, 0xA6, 0xBC, 0x09, 0xB0, 0x70, 0x3B, 0x98,
    0xAB, 0x4C, 0x85, 0xB7, 0xC8, 0x48, 0x8A, 0x0D, 0x09, 0x89, 0x9B, 0x5F, 0x12, 0x9A, 0x1B, 0x4B,
    0x99, 0x4A, 0x59, 0x67, 0xEB, 0xFB, 0x50, 0x98, 0x2E, 0x45, 0xD5, 0xCA, 0x1D, 0x94, 0x4A, 0xF0,
    0x3C, 0x65, 0x9F, 0x90, 0x68, 0xF4, 0x4C, 0x9E, 0xB2, 0xA7, 0x87, 0xCB, 0xBE, 0x6D, 0xF4, 0x16,
    0xAB, 0x5D, 0x66, 0x50, 0x35, 0x23, 0x37, 0x04, 0xC0, 0xB8, 0x4A, 0x2A, 0xA7, 0x27, 0x21, 0xE9,
    0x88, 0x1F, 0x6D, 0x4F, 0x25, 0x17, 0xA0, 0x1A, 0xA9, 0x0A, 0x55, 0xF9, 0x95, 0x6A, 0x38, 0x46,
    0x6F, 0x2A, 0x06, 0x9E, 0x5A, 0xB6, 0xA6, 0xD2, 0x6C, 0x6D, 0xAB, 0x3D, 0x72, 0x6B, 0x59, 0x99,
    0x69, 0xD2, 0xD7, 0xA3, 0x32, 0xC2, 0x86, 0xF0, 0xB7, 0x68, 0xD9, 0xF6, 0x07, 0x31, 0x2E, 0xA4,
    0xF6, 0x37, 0x72, 0x2E, 0x39, 0xB7, 0xD4, 0xA1, 0x54, 0x65, 0xF6, 0x7F, 0x2A, 0xC9, 0xE7, 0xA2,
    0x02, 0x9D, 0xBB, 0x43, 0x52, 0x37, 0x43, 0x62, 0xC4, 0x09, 0x5D, 0x3C, 0x30, 0x81, 0x56, 0xAD,
    0x11, 0xC5, 0xC9, 0x0D, 0x9E, 0xC9, 0x95, 0x40, 0x1A, 0x67, 0xC7, 0x0A, 0x81, 0x31, 0x77, 0xE2,
    0x48, 0x6D, 0xF2, 0x44, 0xDE, 0xA9, 0xBB, 0x56, 0xDE, 0xA9, 0x3B, 0xBC, 0x59, 0x37, 0xBB, 0x1B,
    0xEC, 0x71, 0xF4, 0x68, 0xD9, 0xF5, 0x19, 0x42, 0xFE, 0x31, 0x4F, 0x5D, 0xF2, 0xC7, 0xFC, 0xDC,
    0x06, 0x12, 0x60, 0x56, 0x66, 0xE3, 0x29, 0x5B, 0xC8, 0xC4, 0x4E, 0x70, 0x64, 0x50, 0x16, 0x3C,
    0x91, 0xCE, 0x9B, 0x43, 0x5D, 0x78, 0x5D, 0xA9, 0x2E, 0xBD, 0x0E, 0x0E, 0x75, 0x6D, 0xFA, 0xBE,
    0x69, 0xE5, 0xFC, 0x01, 0xF2, 0x1E, 0x3A, 0xF6, 0x5A, 0x59, 0x15, 0xB1, 0x4B, 0xF4, 0xEF, 0xE5,
    0x03, 0xF5, 0x7D, 0x14, 0xA5, 0xAB, 0xC8, 0x13, 0x43, 0xF7, 0xAD, 0x00, 0x1E, 0x05, 0x8B, 0x44,
    0xD6, 0xE0, 0x5E, 0xAD, 0xBA, 0x56, 0xCB, 0x3A, 0xF4, 0x7D, 0xF5, 0xC2, 0x14, 0x6A, 0x70, 0x26,
    0x28, 0x67, 0x4D, 0xD0, 0x80, 0x2C, 0x33, 0x6C, 0xC8, 0x0C, 0xD4, 0x56, 0x93, 0x2D, 0x5D, 0x14,
    0x2A, 0x10, 0x68, 0x41, 0xA9, 0xDC, 0x40, 0x86, 0x7B, 0x32, 0x9A, 0x76, 0x32, 0x1E, 0x77, 0x32,
    0x19, 0x48, 0x11, 0x39, 0xC0, 0xE6, 0x70, 0xE0, 0x8D, 0x12, 0xEE, 0xBA, 0x8F, 0x68, 0x57, 0x0E,
    0xB8, 0xFD, 0xD7, 0xE4, 0x8E, 0x4E, 0x12, 0x5C, 0x5A, 0xE7, 0xCD, 0xED, 0x50, 0xA8, 0x47, 0xD7,
    0x83, 0xC7, 0x3C, 0x76, 0xD2, 0xEF, 0xFA, 0xB5, 0x1E, 0xF8, 0x48, 0x67, 0x04, 0x39, 0xA5, 0x1A,
    0xB8, 0x7F, 0x8E, 0x21, 0x94, 0x4D, 0x90, 0x6D, 0x17, 0x87, 0xFD, 0xEC, 0x0D, 0x4B, 0xA5, 0xAB,
    0x8C, 0xE7, 0xB5, 0xA9, 0x4C, 0x10, 0x15, 0x73, 0x5D, 0xC7, 0xA2, 0x7D, 0x23, 0xD8, 0x8D, 0x52,
    0x70, 0xDC, 0x1A, 0x1C, 0x92, 0xAD, 0x20, 0xF5, 0x5D, 0xB7, 0xB0, 0xF0, 0x1F, 0x5B, 0x45, 0xA7,
    0x36, 0x74, 0x08, 0x48, 0xDB, 0xB3, 0xE1, 0xFD, 0x86, 0x23, 0x89, 0x44, 0xD9, 0x6D, 0x6A, 0x94,
    0xB9, 0x13, 0x1C, 0x69, 0x82, 0x13, 0x4D, 0xD6, 0x64, 0x7E, 0x8C, 0x52, 0x14, 0xF3, 0xEA, 0xA3,
    0xBB, 0xF7, 0xE6, 0x27, 0x7B, 0x6F, 0x5F, 0xA5, 0x8E, 0xBD, 0xBB, 0x76, 0x8B, 0xAA, 0xD9, 0xD3,
    0x47, 0xBB, 0x47, 0x36, 0xED, 0x13, 0xBB, 0x42, 0x53, 0xB9, 0xEE, 0x94, 0x47, 0xE2, 0xF8, 0xE1,
    0x29, 0x5D, 0x90, 0xB1, 0xBA, 0xC5, 0x1F, 0x55, 0xB0, 0xCD, 0x93, 0xEA, 0x62, 0x9E, 0x4C, 0xBF,
    0x96, 0x79, 0x92, 0xBA, 0x87, 0x7A, 0xE5, 0xDA, 0x5F, 0xB9, 0xF5, 0xA1, 0xDE, 0x4B, 0x94, 0xE5,
    0x62, 0xA2, 0x58, 0xF7, 0x26, 0x2B, 0x38, 0x64, 0xC9, 0xC6, 0x33, 0xE1, 0x76, 0xDF, 0x06, 0x8E,
    0x7C, 0x9E, 0x8C, 0x36, 0xF6, 0xBD, 0x22, 0x59, 0x75, 0x6F, 0xAD, 0x9E, 0x26, 0xDE, 0x9F, 0x2A,
    0x5D, 0x8E, 0xA5, 0xC8, 0x73, 0x77, 0x56, 0x4A, 0x9E, 0x08, 0x4A, 0xE9, 0x59, 0xA6, 0xFD, 0xE3,
    0x1B, 0x63, 0x33, 0x90, 0xCB, 0xF5, 0x06, 0x85, 0x9E, 0xFE, 0x35, 0x55, 0xAF, 0xAA, 0x7A, 0x11,
    0x8E, 0x0A, 0x94, 0x3E, 0x3B, 0x76, 0xAB, 0x42, 0x16, 0x6F, 0x9D, 0x42, 0x2F, 0x3B, 0xE4, 0x33,
    0xEB, 0x46, 0xB5, 0xC0, 0x37, 0xB5, 0x34, 0x58, 0x6A, 0x99, 0x29, 0x51, 0x54, 0x6C, 0x47, 0x4B,
    0x10, 0xF8, 0x01, 0x20, 0x10, 0x12, 0xF7, 0xDD, 0xE5, 0xC2, 0x94, 0xF4, 0x8C, 0xFA, 0x14, 0x29,
    0xAE, 0x8D, 0x4E, 0xEB, 0x41, 0x47, 0x24, 0xAB, 0x9F, 0x20, 0x9D, 0x0E, 0x83, 0xED, 0x9B, 0x43,
    0x7C, 0x51, 0x5B, 0xB3, 0x88, 0x7C, 0x2E, 0x54, 0xEC, 0x12, 0x42, 0x2C, 0x64, 0xF0, 0x13, 0x5E,
    0xB1, 0x39, 0x75, 0x20, 0x0C, 0xB1, 0xF6, 0xF3, 0x6B, 0x64, 0x64, 0x7D, 0x5E, 0x3B, 0x3C, 0x4F,
    0x54, 0x50, 0x46, 0xEE, 0xA1, 0xDB, 0xA5, 0xE5, 0x75, 0x12, 0xE1, 0x80, 0x8B, 0x66, 0x2F, 0x15,
    0xE5, 0x34, 0x85, 0xB5, 0x61, 0xD8, 0x1C, 0xB2, 0x2F, 0xDF, 0xB7, 0xE0, 0xE2, 0x9D, 0x06, 0x0E,
    0x00, 0x6B, 0x06, 0x68, 0x16, 0x58, 0xA2, 0x85, 0x55, 0x02, 0x0A, 0x13, 0x08, 0x8E, 0x98, 0x29,
    0x88, 0x25, 0x18, 0x58, 0x90, 0xFE, 0x95, 0x58, 0x0B, 0xAD, 0xBF, 0x14, 0x47, 0xCD, 0xB0, 0xB2,
    0x9F, 0x6F, 0x82, 0x68, 0x83, 0x03, 0x65, 0x3F, 0x92, 0xA5, 0x46, 0x5A, 0x3F, 0x5C, 0xBC, 0xF5,
    0x83, 0x35, 0x48, 0x7B, 0x5A, 0x9D, 0x90, 0xA2, 0xAE, 0xE5, 0xA8, 0xD6, 0xE2, 0x7F, 0x05, 0xAB,
    0x6E, 0x8A, 0x0A, 0x56, 0xD1, 0x94, 0x5D, 0x19, 0xD4, 0xB4, 0x8A, 0xEE, 0x0E, 0x19, 0x4D, 0xD1,
    0xE4, 0xC3, 0x07, 0x4A, 0x20, 0xAB, 0x6C, 0xD4, 0x11, 0xA5, 0xAC, 0xD2, 0xBF, 0xD9, 0x90, 0xB2,
    0x95, 0x55, 0xF2, 0x70, 0x52, 0x4B, 0x2E, 0x30, 0x9A, 0x15, 0x49, 0x7A, 0xC2, 0x02, 0xAF, 0xE8,
    0xB7, 0x56, 0x17, 0x14, 0xA0, 0x8B, 0x01, 0x16, 0x33, 0xAB, 0x24, 0x4A, 0x26, 0xEE, 0x43, 0x21,
    0x07, 0x92, 0xDC, 0x4D, 0xCD, 0x7C, 0x90, 0x74, 0xE8, 0x6B, 0x66, 0x44, 0xEE, 0x76, 0x0C, 0xAF,
    0xEE, 0xBC, 0xE5, 0xF1, 0x62, 0xD7, 0x62, 0xCC, 0xD1, 0xFB, 0xC4, 0x62, 0x97, 0x25, 0xA0, 0xF5,
    0x5B, 0x6B, 0xBB, 0x48, 0x08, 0x0F, 0x77, 0xD8, 0xA2, 0x2B, 0x94, 0xE6, 0x56, 0x11, 0x5C, 0x5C,
    0x83, 0xE4, 0x08, 0x9C, 0xC3, 0x5E, 0x65, 0x80, 0xF9, 0x87, 0x91, 0x2E, 0x8E, 0xFF, 0x0E, 0xBA,
    0x0D, 0x92, 0x9F, 0x42, 0x8B, 0x2B, 0x7E, 0x04, 0x5D, 0x74, 0xC5, 0xD7, 0xA1, 0xB3, 0xBE, 0xC4,
    0x6E, 0x32, 0x17, 0x7C, 0x40, 0x9D, 0x4C, 0x33, 0x75, 0xBC, 0x4E, 0xD4, 0xA1, 0x1B, 0xA9, 0xC5,
    0x1D, 0xAA, 0x85, 0xEA, 0x53, 0x97, 0x95, 0xEA, 0xDF, 0xC1, 0x69, 0x8F, 0xDD, 0x99, 0x10, 0xDC,
    0xB5, 0x01, 0xF6, 0x03, 0xB6, 0x84, 0xFB, 0x8B, 0x2B, 0x9D, 0x5D, 0x23, 0xEF, 0xFD, 0x30, 0x6B,
    0xDA, 0xBC, 0x50, 0xDB, 0x85, 0x3E, 0x30, 0xED, 0x5B, 0xAA, 0xBF, 0xFD, 0x2D, 0xA2, 0x98, 0x5B,
    0x31, 0x82, 0xB9, 0xEA, 0x33, 0xFC, 0x97, 0xB8, 0x07, 0xAD, 0x31, 0xD6, 0xD2, 0x4A, 0xD4, 0x59,
    0x43, 0x74, 0x95, 0x0E, 0x97, 0x75, 0x5F, 0x4C, 0x5A, 0x24, 0x3A, 0x9E, 0x45, 0x6E, 0x7D, 0xF4,
    0x94, 0x26, 0xA7, 0x3D, 0xA8, 0xF8, 0xDC, 0x90, 0xA0, 0x9C, 0x0F, 0x75, 0x6B, 0xEB, 0xAC, 0xCE,
    0xC2, 0xAF, 0xB4, 0x3B, 0x9E, 0x35, 0x4B, 0xE2, 0x8D, 0x7A, 0x29, 0x9D, 0xCA, 0x41, 0x47, 0x48,
    0x25, 0x18, 0xF9, 0xA0, 0x0B, 0xCA, 0xD8, 0xB3, 0x51, 0x5F, 0xEA, 0x39, 0xDB, 0x26, 0x59, 0xF5,
    0xDC, 0xB1, 0xD3, 0xCA, 0x8E, 0x49, 0x78, 0x71, 0xBB, 0xC6, 0x74, 0x67, 0xC4, 0xBC, 0x57, 0x9C,
    0x92, 0x41, 0x87, 0x8D, 0x1E, 0x1A, 0xD9, 0x9C, 0x6F, 0x34, 0x34, 0x19, 0xEA, 0x57, 0xDE, 0x49,
    0x17, 0x4D, 0xCF, 0x18, 0x83, 0xE6, 0x39, 0x20, 0xEF, 0xAF, 0xA5, 0xDD, 0x89, 0xED, 0x96, 0x52,
    0xBC, 0x20, 0x4B, 0x2D, 0xC2, 0x3A, 0x17, 0xBE, 0x04, 0x0F, 0xF6, 0x80, 0x93, 0x7C, 0x4A, 0x16,
    0x6E, 0x83, 0xD3, 0xB5, 0xAE, 0xB9, 0xD2, 0x45, 0x29, 0xBF, 0xC7, 0xDC, 0xC1, 0xD5, 0xE4, 0xAD,
    0x25, 0xC5, 0x0A, 0x32, 0x28, 0xC2, 0xE3, 0x5C, 0xAD, 0xDB, 0xB2, 0xDA, 0x5D, 0xC1, 0x40, 0xBE,
    0xE4, 0xD8, 0x88, 0x21, 0x73, 0xCA, 0xF2, 0x41, 0x25, 0xB2, 0xED, 0x2E, 0x85, 0xB7, 0x01, 0xB3,
    0x6E, 0x7B, 0x00, 0x50, 0xBD, 0xE2, 0xFA, 0x85, 0x5B, 0x4B, 0x19, 0x4C, 0xDD, 0x94, 0x8B, 0xAB,
    0x6E, 0x07, 0xA1, 0x0E, 0x18, 0xCA, 0xD7, 0xDB, 0xB1, 0xD0, 0xB8, 0x8F, 0x1A, 0x20, 0x81, 0x60,
    0xFA, 0xD7, 0xFF, 0x7E, 0xFD, 0xE7, 0x86, 0xC5, 0xDB, 0xE2, 0x6C, 0xB3, 0x5E, 0x50, 0xF8, 0x78,
    0x5B, 0x5D, 0xD7, 0xEE, 0x62, 0xBC, 0x1B, 0x2D, 0xF6, 0xD2, 0xC7, 0x5B, 0x29, 0xF8, 0x58, 0x58,
    0xBC, 0x33, 0x8D, 0x77, 0xAF, 0x2D, 0xC5, 0xC7, 0xB9, 0x6C, 0x94, 0x51, 0xB4, 0x95, 0x76, 0x22,
    0xA2, 0xBF, 0x0E, 0x25, 0x2E, 0xD8, 0xC5, 0x3B, 0xB9, 0x18, 0xEF, 0x51, 0xD9, 0x5C, 0xD1, 0x5B,
    0xCC, 0x3B, 0xCD, 0x01, 0xA0, 0x22, 0x16, 0x76, 0x46, 0x55, 0xA8, 0x11, 0xDB, 0xEF, 0xB0, 0x2F,
    0x00, 0xC3, 0xD0, 0x13, 0xC0, 0x17, 0xA1, 0xA5, 0xC4, 0x67, 0x24, 0x08, 0x72, 0x6C, 0x5F, 0xEA,
    0xF7, 0xD7, 0x7E, 0x18, 0xEF, 0x90, 0x39, 0x91, 0x32, 0xDE, 0xC5, 0x35, 0xF1, 0x3E, 0xAA, 0x3E,
    0xFB, 0x78, 0x27, 0x07, 0xF1, 0x56, 0x8F, 0x70, 0xF9, 0x9D, 0x15, 0xB6, 0xDE, 0x0A, 0xEE, 0x88,
    0x2A, 0x68, 0xCD, 0xD8, 0x91, 0xBF, 0x6E, 0x30, 0x65, 0x55, 0xC4, 0x63, 0x6F, 0xA5, 0x03, 0x4E,
    0xAB, 0x0C, 0xC8, 0x83, 0x79, 0xD9, 0xB8, 0x2D, 0xA0, 0x79, 0x6B, 0xF1, 0x56, 0x38, 0x7B, 0x4B,
    0x88, 0xA0, 0x53, 0x32, 0x25, 0xE4, 0xC0, 0x2C, 0xCC, 0x70, 0x0A, 0x93, 0xA5, 0xCF, 0x78, 0xB0,
    0x25, 0xB3, 0xB6, 0x87, 0x8B, 0xB6, 0x96, 0x1F, 0x68, 0x95, 0x69, 0xC0, 0x43, 0x83, 0x1F, 0x6A,
    0x63, 0xED, 0x61, 0xE0, 0x71, 0x23, 0xE3, 0x2B, 0x16, 0x76, 0x52, 0x7F, 0x66, 0x43, 0x22, 0xB1,
    0x65, 0x7A, 0xF4, 0x60, 0x77, 0xBC, 0x79, 0x57, 0x93, 0xE7, 0x31, 0x75, 0xD2, 0xB5, 0x0A, 0xDB,
    0x81, 0x24, 0x24, 0xD7, 0x2A, 0x9F, 0xE4, 0x99, 0x46, 0x22, 0xB6, 0xAE, 0xAF, 0xBB, 0x0E, 0x31,
    0x93, 0xC6, 0x39, 0x20, 0x6A, 0x83, 0x0C, 0x3D, 0x38, 0x6F, 0x27, 0x5B, 0x7F, 0xB1, 0xA1, 0x9E,
    0x94, 0x95, 0xBD, 0x4D, 0xFD, 0x1E, 0x2E, 0x77, 0xCC, 0x75, 0x47, 0xBA, 0xF8, 0xA3, 0x37, 0x65,
    0xBD, 0x8F, 0x78, 0xEE, 0x72, 0xD2, 0xF3, 0x0B, 0xDA, 0x11, 0x0C, 0x34, 0xA4, 0xD4, 0x75, 0xAF,
    0x8B, 0xB4, 0xF0, 0x07, 0xE2, 0x29, 0xD1, 0xBB, 0x55, 0xAF, 0xED, 0x27, 0xEE, 0xA1, 0x54, 0xA9,
    0x73, 0xFF, 0x19, 0x67, 0x4F, 0xE5, 0x14, 0x85, 0x63, 0x5C, 0xE5, 0x7F, 0x85, 0x38, 0x80, 0xA4,
    0x94, 0x5D, 0x48, 0x28, 0x8A, 0x08, 0x45, 0xE9, 0xE3, 0xA1, 0x88, 0x81, 0x23, 0x49, 0x56, 0x79,
    0xA2, 0x84, 0x59, 0x8A, 0x31, 0xA2, 0x0C, 0xF6, 0xE5, 0xFB, 0x94, 0x2F, 0xEB, 0x3C, 0x70, 0xBD,
    0x64, 0xE9, 0xED, 0x64, 0xF0, 0xB8, 0xE7, 0x45, 0x7E, 0x89, 0xB2, 0xA0, 0x2C, 0x29, 0x6B, 0x4A,
    0xC7, 0x90, 0xAF, 0x3C, 0xDB, 0xA2, 0x27, 0x0C, 0x6F, 0x09, 0xD5, 0x90, 0x80, 0x96, 0x4D, 0x86,
    0x48, 0x0B, 0xDE, 0xB4, 0x5D, 0xB2, 0x48, 0xEE, 0x87, 0x5A, 0x5A, 0xEE, 0x32, 0x5E, 0x71, 0x26,
    0x45, 0x8C, 0x43, 0xE4, 0x4F, 0xB2, 0xFE, 0x3B, 0xD7, 0xE1, 0xDD, 0x41, 0xD0, 0x80, 0x11, 0xCC,
    0xC6, 0x1A, 0xB1, 0x13, 0x44, 0xCA, 0x26, 0x46, 0x6B, 0x2B, 0x06, 0x06, 0x49, 0x45, 0xA3, 0x4C,
    0x3B, 0xD0, 0x00, 0x95, 0x08, 0x71, 0x81, 0xD0, 0x64, 0x12, 0x97, 0x21, 0x22, 0xCE, 0x9C, 0x22,
    0x22, 0x21, 0xC2, 0x11, 0xDC, 0x64, 0x1F, 0xCC, 0x89, 0x46, 0xF8, 0x71, 0x03, 0x56, 0xF4, 0x09,
    0x7E, 0x97, 0x37, 0x53, 0x4C, 0x4D, 0x48, 0xCD, 0x81, 0x4D, 0x5F, 0x3A, 0xD0, 0x1F, 0xEF, 0xA0,
    0xD3, 0x26, 0xD2, 0x58, 0x1B, 0x64, 0xE4, 0x0E, 0x26, 0xAB, 0x0B, 0xAA, 0xD2, 0xFE, 0x5D, 0x39,
    0x6D, 0xE3, 0x5E, 0xF1, 0xBC, 0x54, 0xA1, 0x2A, 0xA1, 0xB4, 0x6C, 0x87, 0x0B, 0xAF, 0x21, 0xD5,
    0x83, 0x8B, 0x48, 0xE9, 0xD4, 0x03, 0xF1, 0x10, 0x97, 0x81, 0x0B, 0x56, 0xD9, 0x4E, 0xEA, 0x46,
    0x2E, 0xB4, 0x10, 0xB0, 0xE8, 0xCB, 0xDC, 0x5A, 0x3E, 0xAF, 0x25, 0xEC, 0x86, 0x70, 0x34, 0xE1,
    0x6A, 0x4B, 0x50, 0xFF, 0xEC, 0xC4, 0x55, 0x1F, 0xC8, 0xA3, 0xDD, 0xCB, 0xDE, 0x2F, 0x7C, 0x65,
    0x0C, 0x14, 0x73, 0x4D, 0xA0, 0x84, 0xDC, 0xBE, 0x6B, 0xA5, 0x10, 0x21, 0xF2, 0xC1, 0x81, 0x49,
    0xCA, 0x61, 0x6A, 0xA9, 0x2C, 0x89, 0x61, 0xE1, 0xEE, 0xAD, 0x9A, 0xB2, 0x21, 0x3D, 0x77, 0xF4,
    0x26, 0xBC, 0xDC, 0xB1, 0x07, 0xD5, 0xDA, 0xA2, 0x5A, 0xED, 0x50, 0xB5, 0x36, 0xA8, 0x47, 0xF6,
    0xA7, 0x5F, 0xED, 0x18, 0xB8, 0xEB, 0x62, 0x10, 0x83, 0x8A, 0x66, 0xB3, 0xF0, 0x94, 0x9D, 0xE0,
    0x77, 0x57, 0x7E, 0x0E, 0x03, 0x56, 0x9E, 0x4B, 0xC0, 0xEE, 0x80, 0xCB, 0xFF, 0xEE, 0x23, 0x03,
    0x06, 0xF4, 0x65, 0xD4, 0x9E, 0x25, 0x60, 0x72, 0xD7, 0x4D, 0x70, 0x7F, 0xDB, 0xFC, 0x22, 0x67,
    0x84, 0x37, 0x73, 0xF1, 0xD6, 0x5C, 0x63, 0x8F, 0x48, 0x7B, 0xCF, 0x3E, 0xE6, 0xF3, 0xA2, 0x11,
    0xFF, 0x5B, 0xF0, 0x3A, 0xCB, 0x3D, 0xC3, 0xBE, 0x82, 0x76, 0xC0, 0x64, 0xA1, 0xFA, 0xD2, 0x42,
    0xDE, 0x92, 0xEB, 0xB6, 0x12, 0xBD, 0x8F, 0x67, 0xCE, 0xAA, 0xEE, 0x7B, 0xEC, 0x42, 0x62, 0x46,
    0x1B, 0x6D, 0x4D, 0xF1, 0x62, 0x73, 0x45, 0x01, 0x0A, 0x91, 0xF5, 0xDA, 0xC4, 0xC4, 0xCC, 0x3B,
    0x9D, 0x34, 0xC4, 0x54, 0x66, 0x2E, 0x3E, 0x5D, 0x8C, 0x9C, 0x87, 0x1B, 0x31, 0x8D, 0xC9, 0xCC,
    0xF1, 0x12, 0x7A, 0x72, 0xF3, 0xDE, 0xFA, 0xDE, 0xB8, 0x03, 0x51, 0xA3, 0x40, 0x0A, 0xA1, 0x7C,
    0x6D, 0x8D, 0x17, 0x9D, 0x26, 0x25, 0xDE, 0x08, 0xBC, 0x7A, 0x04, 0x8B, 0x11, 0x49, 0xC4, 0xEF,
    0xD8, 0x4D, 0x61, 0x10, 0x1B, 0x2B, 0xC9, 0x6D, 0x71, 0x1C, 0xD0, 0x50, 0xB9, 0x11, 0x0E, 0x09,
    0x4A, 0x09, 0x1A, 0x8A, 0xA3, 0x23, 0x85, 0x32, 0x5E, 0x28, 0xE4, 0x8C, 0xB9, 0xE1, 0x35, 0xD1,
    0x2B, 0xE4, 0x3F, 0x4C, 0xF9, 0x26, 0x22, 0x14, 0x6D, 0x90, 0x4B, 0x19, 0x86, 0x22, 0x49, 0x9E,
    0x44, 0x5A, 0xD7, 0x82, 0x3C, 0x80, 0x4F, 0xC6, 0xA3, 0x5B, 0xBE, 0x42, 0xAA, 0x3D, 0xF2, 0xA2,
    0x5C, 0xE6, 0x4A, 0xE3, 0x31, 0x04, 0x67, 0xFF, 0x13, 0x4F, 0x36, 0xCC, 0x08, 0x21, 0x97, 0xCC,
    0x49, 0xC0, 0x98, 0xA5, 0x44, 0xCE, 0x32, 0x17, 0x84, 0x45, 0x27, 0x69, 0x5F, 0xFE, 0x19, 0xBD,
    0x3C, 0x07, 0x77, 0x10, 0xFC, 0x49, 0x8C, 0x59, 0xDD, 0x3A, 0x87, 0xBC, 0xFD, 0x07, 0xE2, 0x2A,
    0xD6, 0x74, 0x19, 0xCF, 0x29, 0xBD, 0x54, 0xFC, 0xF9, 0xF2, 0x76, 0x63, 0xA5, 0xAC, 0x59, 0xA3,
    0xDD, 0x45, 0x3E, 0xF7, 0xE3, 0x39, 0xE3, 0xC3, 0x8B, 0x3C, 0x3C, 0xA9, 0x9F, 0x67, 0x52, 0xC4,
    0x64, 0x13, 0xCF, 0xD1, 0xC2, 0x8C, 0x96, 0xBF, 0x71, 0x8D, 0x62, 0xB0, 0xA2, 0x6B, 0x79, 0x8C,
    0x01, 0x85, 0x26, 0xED, 0x5E, 0x78, 0x7F, 0x8A, 0xA3, 0x0E, 0x22, 0xD1, 0x96, 0xDD, 0x20, 0x9E,
    0x3D, 0x52, 0xEA, 0x71, 0x53, 0x76, 0x10, 0x8C, 0x91, 0x27, 0x3B, 0xB8, 0xD7, 0x75, 0x0E, 0xB2,
    0x41, 0x4D, 0xF2, 0xFB, 0xAB, 0x3E, 0xAC, 0x51, 0x30, 0x47, 0x32, 0xAC, 0x5E, 0x0E, 0xFD, 0xB1,
    0xBC, 0x25, 0x63, 0x4B, 0x21, 0x2D, 0xBB, 0x03, 0xDD, 0x14, 0x29, 0x07, 0x90, 0xD7, 0x91, 0x75,
    0x15, 0xEC, 0x54, 0x29, 0x0D, 0x4E, 0x4D, 0xBF, 0xEB, 0xCC, 0xA5, 0xCC, 0xBC, 0x23, 0x9D, 0x55,
    0x72, 0xDB, 0x53, 0xF2, 0xD7, 0x9A, 0xE9, 0x98, 0xB8, 0x3D, 0x80, 0xF2, 0xAC, 0xF1, 0x37, 0x08,
    0x3D, 0xAF, 0x51, 0xB6, 0xFC, 0x55, 0x9C, 0x25, 0x49, 0xE4, 0x78, 0x86, 0x5A, 0x88, 0xC9, 0x60,
    0x64, 0x52, 0x49, 0x69, 0x70, 0x74, 0x5B, 0x8B, 0x40, 0x50, 0x68, 0x94, 0xBC, 0xDB, 0x09, 0x7E,
    0x77, 0xE5, 0xA7, 0x90, 0x40, 0xC4, 0x3B, 0x58, 0xF9, 0xD9, 0xDB, 0x6B, 0xF0, 0x2E, 0x72, 0xF4,
    0x65, 0x85, 0x49, 0x15, 0xCC, 0xDB, 0x8D, 0x52, 0x3D, 0xED, 0xCC, 0x39, 0x2B, 0x43, 0x4F, 0xCD,
    0x50, 0x72, 0xDC, 0xAB, 0xBB, 0x57, 0x21, 0x90, 0x9B, 0x0D, 0x27, 0xB8, 0x16, 0x1D, 0xA8, 0xC4,
    0xF2, 0x09, 0x23, 0x0E, 0x24, 0xCF, 0x89, 0xAB, 0x94, 0x02, 0x3B, 0x94, 0x1D, 0x10, 0x5A, 0xFC,
    0x28, 0x91, 0x17, 0xD2, 0x8A, 0x76, 0x8E, 0xC9, 0x20, 0xF8, 0x42, 0xA0, 0xC3, 0x81, 0x8D, 0x0E,
    0xFD, 0xD6, 0x37, 0xB1, 0xD3, 0x4A, 0x42, 0xEE, 0xC4, 0x4A, 0x38, 0x43, 0x2D, 0xD5, 0x9C, 0x2F,
    0xC4, 0x07, 0xDE, 0xDC, 0xF7, 0xA9, 0x7D, 0x73, 0x83, 0x37, 0xFB, 0x13, 0x76, 0x86, 0x95, 0xA3,
    0x03, 0x58, 0xA0, 0x60, 0xB8, 0xC4, 0xD8, 0xFB, 0x34, 0xD2, 0x00, 0xD1, 0xA7, 0xC8, 0xD3, 0x91,
    0xD0, 0xA0, 0x16, 0x6E, 0x09, 0xF4, 0x0D, 0xDE, 0x41, 0xBC, 0x5F, 0x55, 0xB4, 0xC5, 0x50, 0x82,
    0x63, 0x07, 0x4C, 0x57, 0x66, 0x71, 0x3E, 0xF0, 0xE5, 0x0A, 0x62, 0xC2, 0x10, 0xB0, 0xD2, 0x6B,
    0x64, 0x8A, 0xBD, 0x76, 0xAB, 0x03, 0xD0, 0x9E, 0x76, 0xF0, 0x7D, 0x03, 0x3F, 0xBC, 0x83, 0x6B,
    0x63, 0x26, 0xEA, 0x9C, 0x00, 0x3E, 0xB8, 0xF4, 0x8C, 0xD3, 0x0D, 0x42, 0xF5, 0x1F, 0x68, 0xDA,
    0x18, 0x42, 0x65, 0x97, 0x8C, 0xA7, 0xF8, 0x94, 0x70, 0xA4, 0x34, 0x89, 0x6A, 0x6B, 0xE4, 0xEE,
    0x01, 0x07, 0x27, 0xF3, 0x3A, 0x2F, 0xB0, 0x6F, 0x44, 0xDE, 0x48, 0xBD, 0x51, 0x78, 0xA3, 0x35,
    0x23, 0x5A, 0xCD, 0x48, 0x37, 0x66, 0x14, 0x83, 0x19, 0x75, 0xA3, 0x46, 0xB8, 0xDA, 0x82, 0x52,
    0x2D, 0x6A, 0x88, 0xBF, 0xD4, 0xA8, 0x75, 0x7E, 0x28, 0x7F, 0xE2, 0x6C, 0xD3, 0x9F, 0xDB, 0xA4,
    0x50, 0xFE, 0x62, 0x34, 0xC3, 0x75, 0xDE, 0xF0, 0x07, 0x9B, 0xBD, 0x31, 0x5E, 0x75, 0x66, 0x18,
    0xC7, 0x4E, 0xDA, 0x4A, 0x2A, 0x51, 0xE0, 0x4D, 0xEB, 0xFD, 0x2B, 0x7B, 0x67, 0x44, 0xCE, 0x17,
    0xA9, 0xA9, 0xF5, 0x89, 0x7C, 0x58, 0x8B, 0xDB, 0x25, 0x33, 0x54, 0x0D, 0xAF, 0x48, 0x74, 0xD1,
    0xC1, 0xC0, 0x00, 0xF4, 0xE0, 0x99, 0xAA, 0x52, 0x95, 0xA3, 0x8A, 0x3F, 0xA1, 0xCA, 0xF4, 0x6E,
    0xE5, 0x1B, 0x50, 0xAF, 0x2F, 0x7C, 0xE1, 0x8D, 0x91, 0xEA, 0xED, 0x8E, 0xAA, 0xD5, 0x55, 0x66,
    0x55, 0xA3, 0xAA, 0xCE, 0x2F, 0x2D, 0xEA, 0xD8, 0x7D, 0x4B, 0xF2, 0xE2, 0xAC, 0xE4, 0xFC, 0x63,
    0x87, 0x18, 0x51, 0xAE, 0xDA, 0x2D, 0x83, 0x7C, 0x4E, 0x35, 0xF5, 0x8B, 0x39, 0x53, 0x23, 0xDF,
    0x64, 0x7A, 0xB1, 0x74, 0xB0, 0x67, 0x9E, 0x30, 0x4F, 0x9C, 0x77, 0x9A, 0xF3, 0x79, 0x72, 0xFA,
    0x6B, 0x9A, 0x27, 0x27, 0x3E, 0x4F, 0xDA, 0xFD, 0x2B, 0xFB, 0x1E, 0x6A, 0x3D, 0xF5, 0x50, 0x3D,
    0x71, 0x7F, 0xAD, 0xDD, 0x14, 0x32, 0x52, 0x42, 0xBE, 0x90, 0x2E, 0xDD, 0xE7, 0x9C, 0x2E, 0x67,
    0x9A, 0x2E, 0x1B, 0x4D, 0x97, 0x49, 0xD3, 0xC5, 0x5A, 0xA1, 0x36, 0xC9, 0xC0, 0xDA, 0x64, 0xE0,
    0x1B, 0xE5, 0x23, 0x5A, 0xE5, 0xB6, 0x65, 0x2A, 0x1F, 0x39, 0x75, 0x86, 0xD2, 0x8A, 0xA0, 0x85,
    0x80, 0x2A, 0x72, 0xAD, 0x9D, 0xC4, 0xA5, 0x1D, 0x73, 0x22, 0x94, 0x05, 0xC9, 0x86, 0xA4, 0x51,
    0x93, 0xAA, 0xE7, 0xB3, 0xC2, 0x60, 0xAA, 0x13, 0x2A, 0x70, 0xB9, 0xEC, 0x14, 0xC3, 0xD9, 0x59,
    0x04, 0xAD, 0x41, 0xF2, 0x3D, 0x07, 0xF7, 0x94, 0x1C, 0x17, 0xBA, 0x46, 0x6B, 0x5B, 0xC2, 0x7B,
    0xF6, 0x3E, 0xD7, 0x11, 0x16, 0x47, 0xB6, 0x0C, 0xE2, 0xC0, 0xFD, 0x36, 0x52, 0x09, 0xD8, 0x7F,
    0x02, 0x1B, 0x23, 0x8B, 0x4E, 0x78, 0x3E, 0x9C, 0x13, 0xE7, 0x65, 0xAC, 0x3E, 0x26, 0xA6, 0xE6,
    0xA4, 0x01, 0xB2, 0x56, 0xEB, 0x94, 0x42, 0xEA, 0x84, 0x28, 0x83, 0x6E, 0x86, 0x14, 0xEB, 0xB0,
    0xE0, 0xBE, 0xD4, 0xEF, 0xAF, 0xFB, 0x28, 0x82, 0x17, 0xEC, 0x61, 0x74, 0x54, 0xEC, 0x5E, 0x17,
    0xC2, 0x2B, 0xDE, 0x90, 0x52, 0x2D, 0x48, 0x6A, 0x4A, 0x2E, 0x5B, 0x37, 0x20, 0x0F, 0xB8, 0x7D,
    0xDD, 0x69, 0x8E, 0x5E, 0x92, 0x1D, 0xEE, 0x2A, 0xB2, 0xC3, 0x33, 0x64, 0x46, 0x0D, 0xA6, 0x11,
    0x07, 0xF7, 0xCA, 0x8D, 0xF3, 0x15, 0x7E, 0x4D, 0x65, 0x14, 0x19, 0x39, 0x89, 0x34, 0xD8, 0x77,
    0xB3, 0x9B, 0x05, 0x1F, 0x1F, 0xB7, 0x94, 0xFE, 0xD0, 0x29, 0xEB, 0x20, 0x6E, 0xD9, 0x13, 0xC6,
    0x2D, 0xD8, 0x8B, 0x9B, 0xDB, 0x9F, 0xB3, 0xF6, 0xF4, 0x61, 0x5C, 0xB7, 0xF1, 0xDE, 0xC6, 0xAD,
    0xB3, 0xB8, 0x0D, 0xCA, 0xAF, 0xF2, 0x49, 0x3B, 0x26, 0x09, 0xB6, 0xC5, 0x2D, 0xB0, 0xB8, 0xA5,
    0x4F, 0x12, 0xB7, 0xCB, 0x11, 0x58, 0x5F, 0xAF, 0x67, 0x2C, 0x29, 0xBC, 0x46, 0x9A, 0x79, 0xB8,
    0x1F, 0x01, 0xF1, 0xAB, 0x7A, 0x1A, 0x9F, 0xFE, 0x40, 0x3E, 0x59, 0x04, 0xB2, 0x47, 0x45, 0xE0,
    0xF9, 0x57, 0xDE, 0xAF, 0x65, 0x04, 0x3F, 0xAB, 0xCA, 0x7B, 0x9E, 0x71, 0x7F, 0x54, 0xE5, 0x3D,
    0xDB, 0x4C, 0xD2, 0x2A, 0x89, 0xC1, 0xC9, 0x35, 0xC0, 0xC5, 0xB9, 0xFC, 0xD9, 0x14, 0x38, 0x73,
    0x0F, 0x59, 0x8E, 0x90, 0xD9, 0x26, 0x6F, 0x10, 0xD6, 0x0C, 0xB3, 0xA1, 0xD2, 0x62, 0x76, 0x7C,
    0x1D, 0x64, 0x49, 0xEC, 0x21, 0x63, 0xD2, 0x71, 0x95, 0x91, 0x53, 0xD6, 0xE3, 0x7F, 0xD5, 0xE7,
    0xF5, 0xDD, 0x59, 0xE5, 0x17, 0x18, 0xBA, 0x92, 0x14, 0x15, 0x1E, 0x28, 0x7A, 0xBA, 0xB1, 0xD1,
    0x90, 0x21, 0x60, 0x1B, 0x0B, 0x57, 0xC8, 0x21, 0x55, 0xF8, 0x73, 0xF5, 0xB4, 0x33, 0xC9, 0xA9,
    0xF8, 0x29, 0xC1, 0x44, 0x83, 0xF1, 0x20, 0x28, 0xCF, 0x4E, 0x5C, 0xF3, 0x0E, 0xE2, 0x71, 0x23,
    0xD0, 0xD4, 0x29, 0xF6, 0x59, 0x33, 0xA7, 0x8B, 0x52, 0x9D, 0xE1, 0xF6, 0xF8, 0x33, 0xC5, 0x0B,
    0xA0, 0xE0, 0x24, 0xD1, 0x0B, 0x40, 0xD4, 0x55, 0xD1, 0xD5, 0x33, 0xC9, 0x01, 0xC7, 0x19, 0xB5,
    0x41, 0x6F, 0x75, 0xFF, 0xE4, 0x4C, 0x1A, 0x21, 0x96, 0x55, 0x07, 0x54, 0x83, 0xE8, 0x1E, 0xC1,
    0x0E, 0x4F, 0x57, 0xF1, 0x45, 0xA3, 0x67, 0x82, 0xB3, 0x72, 0x59, 0x10, 0x4D, 0xA8, 0xEC, 0x94,
    0x82, 0xD4, 0x95, 0x32, 0x7F, 0xA7, 0x55, 0xA8, 0xD3, 0xD6, 0xA2, 0x1E, 0x97, 0xF3, 0xC6, 0x93,
    0xF6, 0xB5, 0x74, 0xD4, 0x31, 0x32, 0xEB, 0x75, 0x1A, 0x2A, 0x98, 0xE2, 0xF9, 0x58, 0x56, 0x3A,
    0x23, 0xB5, 0x3C, 0x41, 0x32, 0x6B, 0x85, 0xC4, 0x36, 0x06, 0x84, 0x3A, 0x65, 0x92, 0x07, 0x28,
    0xF3, 0xB0, 0xCA, 0x28, 0x2D, 0xC3, 0x4A, 0xCA, 0x17, 0x02, 0x65, 0x83, 0x5F, 0x8A, 0xF4, 0xB5,
    0xE2, 0x17, 0x93, 0xB9, 0xA3, 0x37, 0xAD, 0x8F, 0xEB, 0x7C, 0x25, 0xCB, 0x1E, 0x38, 0x0D, 0xD9,
    0xB8, 0xEC, 0x86, 0x8F, 0xA7, 0x9D, 0x41, 0x0A, 0xC9, 0x61, 0x71, 0x77, 0x41, 0xF6, 0x3A, 0x24,
    0x42, 0x4E, 0x80, 0x04, 0xA0, 0x5A, 0x8C, 0x1A, 0x89, 0x8B, 0x1C, 0x1B, 0x3E, 0x92, 0xF8, 0xC3,
    0x8D, 0x12, 0x7C, 0x4C, 0x5B, 0xF2, 0x0D, 0x9C, 0x28, 0x50, 0x02, 0x1F, 0x8A, 0xC3, 0x1C, 0xF3,
    0x95, 0x1E, 0x0C, 0x9C, 0xA6, 0x6C, 0xCB, 0xC1, 0x35, 0x28, 0xFF, 0x94, 0xF7, 0x2F, 0x7F, 0x4C,
    0x3C, 0xCD, 0x5D, 0xA7, 0xC3, 0x52, 0x13, 0x6C, 0xC7, 0x58, 0x2B, 0x0F, 0xCB, 0x74, 0x2C, 0x1A,
    0xF8, 0x44, 0x32, 0x62, 0xF8, 0xA2, 0x72, 0x8A, 0xD7, 0x92, 0x55, 0x33, 0x63, 0xA3, 0x6A, 0x08,
    0xFC, 0x90, 0x27, 0x0B, 0x9F, 0xFB, 0x3B, 0x35, 0x29, 0xBF, 0x6F, 0xC7, 0x62, 0x56, 0xF7, 0x97,
    0xAA, 0x87, 0x72, 0xB3, 0xFF, 0xFB, 0x63, 0xF3, 0xA9, 0x93, 0x3C, 0x1A, 0x7D, 0x5E, 0x15, 0xE4,
    0xDB, 0x6B, 0xC5, 0x7C, 0x42, 0x42, 0x00, 0x72, 0xB2, 0x41, 0xEB, 0x02, 0x09, 0x81, 0xD2, 0x40,
    0x64, 0x01, 0xED, 0x2D, 0xD3, 0x21, 0x60, 0x64, 0xE5, 0x6E, 0x8C, 0x2C, 0x0A, 0x9E, 0xFB, 0xCB,
    0x7A, 0x9A, 0xDF, 0x5D, 0xC6, 0x73, 0x14, 0x43, 0xAE, 0x2E, 0x19, 0x35, 0x31, 0xD2, 0x4D, 0x6D,
    0xDE, 0x58, 0x2D, 0x8F, 0x2C, 0xA4, 0xCE, 0xA6, 0x85, 0xDA, 0xF2, 0xA9, 0xB4, 0xF2, 0xC8, 0x2D,
    0xAF, 0x8A, 0x4A, 0xF3, 0x49, 0x5F, 0xCF, 0x42, 0xCB, 0xA7, 0x8F, 0x7D, 0x3E, 0x0D, 0x87, 0xF9,
    0xB4, 0x1E, 0xE6, 0x93, 0x81, 0x02, 0x01, 0xE2, 0xA2, 0xBA, 0x1E, 0x30, 0xAE, 0x1B, 0x57, 0x84,
    0x94, 0x4B, 0x43, 0xA0, 0x6A, 0x52, 0x70, 0xDE, 0x05, 0x05, 0x85, 0xB4, 0x01, 0xC0, 0xB1, 0x1E,
    0x1B, 0x26, 0x92, 0x64, 0x17, 0xAB, 0xB1, 0x67, 0x22, 0x09, 0xFB, 0x72, 0x1A, 0xFA, 0x95, 0x9E,
    0xA0, 0xE7, 0xE2, 0x99, 0x8E, 0x8B, 0x16, 0xFA, 0x2D, 0x5C, 0xD5, 0x6D, 0x4E, 0x1B, 0x4D, 0x7D,
    0xDA, 0xEC, 0x25, 0x41, 0xA1, 0xF9, 0x94, 0x69, 0xAD, 0xA4, 0x96, 0x4F, 0xD3, 0x7E, 0x3E, 0x69,
    0xF1, 0x6A, 0x87, 0x7C, 0x59, 0xD1, 0xF6, 0x5D, 0x7D, 0xD0, 0x70, 0xC7, 0x69, 0x86, 0xB6, 0xEA,
    0x9F, 0x62, 0x9B, 0x2B, 0x61, 0x10, 0xDC, 0xE0, 0x72, 0x4D, 0xC0, 0xE7, 0x8A, 0xDE, 0xD2, 0xBC,
    0xCF, 0x14, 0x2F, 0x9A, 0x9A, 0x20, 0xB8, 0x86, 0x5C, 0xA0, 0x9C, 0x2C, 0x59, 0x1B, 0xDD, 0xF8,
    0xDF, 0x06, 0x69, 0xF5, 0xC8, 0x74, 0xAB, 0x1E, 0x0B, 0x5F, 0xC5, 0x15, 0xF0, 0x95, 0x5F, 0x0F,
    0x5F, 0x89, 0xC1, 0x57, 0x66, 0xF0, 0x95, 0x1F, 0xC0, 0x57, 0x31, 0x18, 0x7C, 0x8D, 0x0A, 0x5F,
    0xE9, 0x66, 0x36, 0xF8, 0xDA, 0x58, 0xDA, 0x59, 0xC8, 0x2D, 0x6F, 0x2E, 0xC1, 0x57, 0x7D, 0x0D,
    0x7C, 0x8D, 0x4F, 0x03, 0x5F, 0x41, 0xDC, 0xA1, 0x4B, 0x4A, 0x45, 0xF1, 0x74, 0x52, 0x03, 0x3D,
    0x19, 0x09, 0x47, 0x07, 0x65, 0xDD, 0x81, 0x63, 0x1F, 0x0C, 0x67, 0xC2, 0x71, 0x38, 0x25, 0x3C,
    0xCF, 0x59, 0x58, 0xFD, 0xD3, 0xC1, 0xB4, 0x68, 0xC3, 0x66, 0x21, 0x6D, 0x1E, 0x3B, 0x65, 0xA6,
    0x56, 0x2A, 0xFB, 0xED, 0x91, 0x13, 0x2F, 0x88, 0xE3, 0x52, 0xD3, 0x2F, 0x4B, 0xE1, 0xCE, 0xE5,
    0x9B, 0xDE, 0x3B, 0xE4, 0xE9, 0x55, 0xE3, 0x1D, 0x09, 0x25, 0x58, 0x04, 0x55, 0xAE, 0xD5, 0xC9,
    0xC2, 0xF6, 0x83, 0x6E, 0x14, 0xAB, 0x12, 0x36, 0xF1, 0x5D, 0x6B, 0x89, 0xCF, 0xA8, 0x4E, 0xE9,
    0x94, 0x58, 0x57, 0x4B, 0xA0, 0x9E, 0x8D, 0x77, 0x5A, 0x89, 0xF5, 0xA5, 0x5B, 0x14, 0x96, 0xA4,
    0xB2, 0x84, 0xB7, 0xC9, 0x2E, 0x40, 0xE5, 0x6B, 0xA4, 0x54, 0x50, 0x88, 0x7F, 0x0D, 0x40, 0xA2,
    0x25, 0x3D, 0x23, 0x2B, 0x92, 0x1F, 0x1E, 0xBA, 0x03, 0x22, 0x77, 0xA5, 0x3C, 0xC1, 0xD9, 0x95,
    0x89, 0x09, 0xB9, 0x5B, 0x4A, 0x10, 0xBC, 0x89, 0x72, 0x7C, 0x89, 0x12, 0x59, 0x90, 0xED, 0xC9,
    0x94, 0x32, 0x51, 0x39, 0x40, 0xC6, 0x3D, 0xA4, 0x24, 0x7A, 0xD9, 0xEF, 0xF0, 0xFE, 0x39, 0xC8,
    0x63, 0x87, 0xAC, 0x23, 0x31, 0x33, 0xA9, 0xB8, 0x62, 0x54, 0xCF, 0xB2, 0x76, 0x5F, 0x6A, 0x07,
    0x4D, 0x7A, 0xAD, 0x60, 0x5E, 0xBA, 0x62, 0xA2, 0xB9, 0x91, 0xA2, 0xE0, 0x05, 0x09, 0x3D, 0xA4,
    0x4F, 0x02, 0x6A, 0x10, 0x31, 0x05, 0x72, 0x2F, 0x0C, 0x74, 0x56, 0x79, 0x42, 0x71, 0xEC, 0x1E,
    0x56, 0x38, 0x5A, 0x87, 0x3D, 0x88, 0xAE, 0x1D, 0x3B, 0xB9, 0x17, 0x79, 0xE5, 0x45, 0x16, 0x78,
    0x11, 0x06, 0x87, 0xDD, 0xDE, 0xF3, 0x81, 0x1D, 0x23, 0xD8, 0x71, 0x82, 0x27, 0x65, 0x05, 0xFB,
    0x64, 0xB5, 0xA7, 0xEC, 0xD4, 0x92, 0x63, 0x35, 0x27, 0x4E, 0xA7, 0x9B, 0x07, 0xDE, 0xB9, 0x75,
    0xF7, 0x1C, 0x2C, 0x27, 0x80, 0xE6, 0xAD, 0x75, 0x6B, 0xC1, 0x33, 0x7C, 0x0E, 0xB0, 0x6D, 0x6F,
    0x14, 0x1B, 0x6F, 0x49, 0x73, 0x30, 0x2B, 0xD9, 0x5A, 0x92, 0xE4, 0x97, 0xAD, 0x2B, 0x9E, 0xCB,
    0xB6, 0xAB, 0x94, 0x7E, 0xE5, 0x2F, 0x4B, 0xBA, 0x88, 0x95, 0x20, 0x8D, 0xA5, 0xBB, 0xBB, 0x06,
    0x07, 0xD8, 0x78, 0x6F, 0xC8, 0x88, 0xA4, 0x41, 0xF2, 0xAC, 0xC1, 0x48, 0xC4, 0x25, 0xFD, 0x74,
    0xAC, 0x02, 0xF0, 0x25, 0x65, 0x38, 0xD7, 0xA8, 0xA8, 0xD6, 0x6D, 0x4E, 0xE0, 0xF6, 0x42, 0x91,
    0xDD, 0xE3, 0xD3, 0xA3, 0xB5, 0x9C, 0x4C, 0xB5, 0x1B, 0xA9, 0x1F, 0x0A, 0x3D, 0xE1, 0xEF, 0xC9,
    0xAA, 0x3A, 0x74, 0xF6, 0xFC, 0x35, 0x3A, 0xB2, 0xE7, 0x72, 0xBC, 0xC7, 0x31, 0x30, 0x73, 0x1B,
    0xE4, 0xBB, 0x00, 0x8B, 0x9C, 0xCB, 0x7D, 0x08, 0xE2, 0xC3, 0x12, 0xEF, 0x6A, 0x4A, 0x16, 0x3A,
    0x23, 0xA3, 0xFF, 0x4A, 0x95, 0x0D, 0x64, 0x41, 0x29, 0x39, 0x8B, 0x5E, 0xC4, 0x38, 0x1E, 0xF9,
    0x1E, 0xBB, 0x27, 0x1D, 0x09, 0xFD, 0xBE, 0xBC, 0xFC, 0xCC, 0x93, 0xCB, 0x63, 0xB7, 0xDE, 0xF2,
    0x25, 0x5E, 0x3B, 0x6B, 0xF4, 0xF3, 0x95, 0x32, 0xFA, 0x9A, 0x42, 0xEF, 0x48, 0xD9, 0x13, 0xD6,
    0xAA, 0x3D, 0xB6, 0x42, 0xAA, 0xE2, 0x06, 0xDC, 0x73, 0x10, 0xC0, 0xCB, 0x25, 0xF1, 0x82, 0x6C,
    0x2B, 0xD2, 0x4E, 0x44, 0xD2, 0x11, 0x09, 0xE9, 0x02, 0x0A, 0xFE, 0xF9, 0x68, 0x91, 0x4A, 0x77,
    0x02, 0xD8, 0x36, 0x1C, 0xE8, 0x98, 0x24, 0x97, 0xC4, 0xBF, 0x44, 0xC9, 0x93, 0xE9, 0x15, 0x64,
    0x89, 0x13, 0x3A, 0xB0, 0xC4, 0x54, 0xE2, 0x20, 0x7A, 0x88, 0xC9, 0xDC, 0x91, 0x2C, 0x68, 0x4C,
    0x93, 0x16, 0x0F, 0x32, 0x0E, 0x94, 0x2F, 0x71, 0xBA, 0x4F, 0x2C, 0xE8, 0xAF, 0xA4, 0xAF, 0x4B,
    0x27, 0x25, 0xD5, 0xB9, 0xB2, 0xF1, 0x4D, 0xA9, 0xCD, 0x7C, 0x71, 0x57, 0x4F, 0x73, 0xAD, 0xE5,
    0x6C, 0x3B, 0x1D, 0xB0, 0xF3, 0xD8, 0x69, 0xBF, 0xCF, 0xFE, 0xD6, 0x98, 0x68, 0xAF, 0xA4, 0xA0,
    0x6E, 0x94, 0xAE, 0x3B, 0x94, 0x23, 0xE9, 0x00, 0xC9, 0xA9, 0x6C, 0x4A, 0x9E, 0x20, 0x00, 0x1B,
    0xE1, 0x41, 0x6C, 0x0A, 0x10, 0x6E, 0x2B, 0xF6, 0x54, 0xBA, 0x01, 0xF5, 0x8B, 0x55, 0xE5, 0xEC,
    0x2D, 0xB4, 0xD1, 0x59, 0xDF, 0x1C, 0x77, 0xDA, 0xBE, 0x4F, 0x4C, 0x67, 0x76, 0xB2, 0x76, 0xB0,
    0x60, 0x29, 0x03, 0xAB, 0x1F, 0xEC, 0x8A, 0x29, 0x73, 0xAB, 0xB8, 0x29, 0x77, 0x8B, 0xC8, 0x14,
    0xD5, 0x7C, 0x0E, 0x62, 0x29, 0x89, 0x29, 0xE7, 0x71, 0xD8, 0x09, 0x6C, 0x2E, 0x5A, 0x49, 0xB8,
    0xDD, 0x37, 0xBA, 0x2D, 0x23, 0x51, 0x62, 0xAD, 0x1B, 0xA5, 0x74, 0x50, 0x41, 0xA6, 0x76, 0x1F,
    0xD3, 0x4F, 0x38, 0x63, 0xF6, 0x49, 0x26, 0x30, 0x9F, 0x6C, 0x40, 0xBA, 0xC8, 0xAD, 0x5A, 0x49,
    0x87, 0x33, 0x29, 0xF9, 0x42, 0xFC, 0x94, 0x4B, 0x71, 0xCC, 0x41, 0xBA, 0xEC, 0xE8, 0x51, 0x74,
    0xA9, 0x6D, 0x46, 0xEB, 0x96, 0xB9, 0x1F, 0xD3, 0xC5, 0x39, 0x93, 0x4F, 0x5E, 0x12, 0x72, 0xB1,
    0x91, 0x7E, 0x3A, 0x88, 0x9E, 0xA4, 0xA3, 0xF6, 0xF2, 0xBF, 0x92, 0x89, 0x4C, 0x9E, 0x98, 0xB5,
    0x2D, 0xE1, 0x40, 0xF0, 0x63, 0x2C, 0xDF, 0xB7, 0xEC, 0x1C, 0x5D, 0xA8, 0xDC, 0x6A, 0x54, 0x17,
    0x15, 0x53, 0xAA, 0x3D, 0x6C, 0x56, 0x2A, 0x1C, 0x3B, 0xE5, 0xB2, 0xA1, 0x73, 0x16, 0x53, 0xC5,
    0x25, 0x6D, 0xCF, 0x5B, 0xFD, 0xC5, 0xBB, 0xCE, 0xDD, 0xFD, 0xF6, 0xDE, 0x73, 0xF1, 0xC6, 0xF9,
    0x89, 0x4D, 0x73, 0xA6, 0x2B, 0x26, 0xA3, 0xFA, 0x9A, 0x53, 0x7A, 0x3B, 0xD9, 0x34, 0x82, 0xD7,
    0x90, 0x60, 0x78, 0x01, 0x09, 0x46, 0xAE, 0x02, 0x7B, 0x23, 0xF1, 0x7F, 0x80, 0x54, 0x1F, 0xA4,
    0x1C, 0xAB, 0x54, 0xB9, 0x01, 0xB6, 0x9C, 0x0A, 0x46, 0xA5, 0xE0, 0xEC, 0x94, 0xCA, 0xE5, 0x65,
    0xAA, 0x68, 0x09, 0x1A, 0xE2, 0xE3, 0x16, 0xF3, 0x25, 0x06, 0xBB, 0x78, 0x21, 0x76, 0xBA, 0x0C,
    0x17, 0xA9, 0xEF, 0x55, 0x7E, 0xA0, 0x73, 0xBE, 0xDA, 0x38, 0x2F, 0x30, 0x66, 0xF7, 0x91, 0xFF,
    0x12, 0x1B, 0x79, 0x3E, 0x19, 0x11, 0xBA, 0xBC, 0x87, 0xDB, 0x6B, 0x29, 0xB1, 0x06, 0xE7, 0xAB,
    0xCF, 0x4B, 0xB7, 0x91, 0x03, 0x08, 0x03, 0xCD, 0x9C, 0xFB, 0xFF, 0xED, 0x97, 0x3F, 0xB0, 0xDD,
    0xD6, 0x71, 0xC6, 0x0F, 0x00, 0x92, 0x90, 0x8D, 0x44, 0x50, 0x21, 0x6B, 0x34, 0x66, 0xC6, 0x60,
    0xE1, 0x42, 0xD1, 0x58, 0x41, 0x0A, 0x15, 0x2A, 0x28, 0x1D, 0xC4, 0x85, 0x5D, 0xB8, 0x30, 0x8B,
    0xB0, 0x57, 0xE1, 0xCA, 0x2E, 0x5E, 0x8A, 0x14, 0x29, 0x24, 0x01, 0xE3, 0xC6, 0x45, 0x1A, 0x16,
    0xE9, 0xED, 0x42, 0x99, 0x71, 0x65, 0xB1, 0x54, 0x41, 0x0A, 0xB0, 0x53, 0xB8, 0x70, 0x73, 0x29,
    0x17, 0x2E, 0x5C, 0x18, 0x51, 0x58, 0x64, 0x46, 0x45, 0x30, 0x09, 0x92, 0x80, 0x16, 0x80, 0x93,
    0xFD, 0x76, 0x17, 0x17, 0xC0, 0x7D, 0xF7, 0x3E, 0x3D, 0xFE, 0x33, 0x2F, 0x43, 0xDE, 0xE1, 0x3D,
    0xE7, 0x12, 0x0F, 0x38, 0xD8, 0xB3, 0xFB, 0x3B, 0xDF, 0xEE, 0x1A, 0x63, 0xCC, 0x35, 0xC3, 0x9F,
    0xB0, 0x91, 0x39, 0x69, 0x65, 0xB6, 0xBD, 0xCC, 0xB9, 0xCE, 0xE5, 0x28, 0xF3, 0xE8, 0x78, 0xF2,
    0x7B, 0x97, 0x61, 0x0E, 0xDA, 0xB2, 0x90, 0xC7, 0xF3, 0x0A, 0x73, 0x5C, 0xDB, 0x0D, 0xCF, 0x9B,
    0xB4, 0xC6, 0x9C, 0x56, 0x09, 0x2F, 0x6C, 0x8B, 0x98, 0x17, 0xCE, 0x4D, 0xC4, 0x0B, 0x8E, 0x26,
    0xC4, 0xEC, 0x0D, 0x26, 0x18, 0x79, 0x39, 0xE3, 0x63, 0xE1, 0xC0, 0xD1, 0x87, 0xE6, 0x08, 0x33,
    0x2D, 0x1C, 0x63, 0xA6, 0x85, 0x13, 0x5A, 0x34, 0xA7, 0xAF, 0xA5, 0xDF, 0xB6, 0xC6, 0x72, 0xB4,
    0x34, 0x2D, 0x5C, 0xE2, 0x55, 0xB4, 0x30, 0x9E, 0x89, 0x3B, 0x2C, 0x67, 0xF0, 0x82, 0xC8, 0xDD,
    0x30, 0xE6, 0xC4, 0xD5, 0xA5, 0xEB, 0x4D, 0xE8, 0x5C, 0xEB, 0x1C, 0xAE, 0x39, 0xDD, 0xDA, 0xDE,
    0x4F, 0x5A, 0xE8, 0x3E, 0x6B, 0x99, 0x5D, 0xB3, 0x9E, 0xA7, 0xEB, 0x72, 0x5F, 0x04, 0xE3, 0x3C,
    0xE7, 0x3A, 0x36, 0x95, 0xDE, 0x9A, 0x0E, 0x11, 0xD9, 0x60, 0x1B, 0xEC, 0x82, 0x0C, 0x75, 0x6C,
    0x2A, 0xB9, 0xE8, 0x62, 0x66, 0xC4, 0x51, 0xF3, 0xF8, 0x75, 0x47, 0xA3, 0xEF, 0x30, 0x26, 0x3C,
    0xDA, 0x7B, 0x19, 0x8D, 0x25, 0xDF, 0xBF, 0xFA, 0x57, 0x78, 0xB8, 0xBE, 0x09, 0xDD, 0xC6, 0xE4,
    0x23, 0x1C, 0x91, 0xBA, 0xD1, 0xBA, 0x22, 0x72, 0x6D, 0x42, 0x4E, 0xBB, 0x6E, 0xBC, 0x6C, 0xDF,
    0x4E, 0xFC, 0x5E, 0x2C, 0xE4, 0x30, 0xC8, 0xC8, 0xB1, 0x0B, 0xBA, 0xF5, 0x7D, 0xF9, 0x3D, 0x9E,
    0x02, 0x27, 0xA6, 0x45, 0xEC, 0x68, 0x44, 0xB0, 0x94, 0x08, 0x56, 0x96, 0xFF, 0x1F, 0xE8, 0x2C,
    0x4E, 0xA6, 0xCF, 0x65, 0x5D, 0xC7, 0xEA, 0xDB, 0x13, 0x5D, 0xEF, 0xC5, 0x5D, 0x43, 0x76, 0xC8,
    0x8A, 0xF5, 0xB9, 0x54, 0x89, 0xB2, 0x83, 0xDA, 0xB1, 0x26, 0xCB, 0x1B, 0xCA, 0x4C, 0xB6, 0xA1,
    0xEF, 0xEF, 0x64, 0x8E, 0x1A, 0x21, 0x2A, 0x6E, 0x62, 0x5E, 0x30, 0xD9, 0x08, 0x51, 0x69, 0x15,
    0x75, 0x42, 0x58, 0xC0, 0x0B, 0x97, 0x59, 0x30, 0x88, 0xB5, 0x1E, 0x16, 0xF4, 0x46, 0x31, 0x3C,
    0x50, 0xA2, 0x02, 0x25, 0x8A, 0x09, 0xDB, 0x60, 0x39, 0x5A, 0x82, 0x16, 0x4E, 0xF0, 0x6D, 0x84,
    0x30, 0x2C, 0x0C, 0xC2, 0xB0, 0x30, 0x8C, 0x01, 0xAA, 0xBC, 0xC6, 0x40, 0x34, 0x7D, 0x08, 0xB2,
    0xEE, 0x5A, 0x0A, 0x3A, 0x2D, 0xD5, 0xE7, 0x0E, 0xD7, 0x9C, 0x6E, 0xC9, 0x24, 0xBC, 0x97, 0x12,
    0x2F, 0x20, 0x3A, 0x6A, 0x3C, 0x12, 0x35, 0x38, 0x25, 0x01, 0x8D, 0x5E, 0x13, 0xF0, 0x0E, 0x22,
    0xF6, 0x6F, 0x8E, 0x5D, 0x8A, 0xE9, 0x21, 0x5F, 0x96, 0x3F, 0x9E, 0x8E, 0xE9, 0x71, 0xB2, 0x16,
    0x14, 0x3B, 0xD1, 0xD5, 0x39, 0xDD, 0x68, 0x54, 0xF5, 0x7E, 0x09, 0xB2, 0xAD, 0x6F, 0xCA, 0x29,
    0x12, 0x06, 0x7C, 0x27, 0x31, 0x0F, 0x5B, 0x89, 0x75, 0xB2, 0x49, 0x2B, 0x41, 0x2A, 0xE4, 0xC7,
    0x5F, 0x36, 0xDE, 0x9A, 0xA1, 0x68, 0x5A, 0x7D, 0x52, 0xA7, 0x6E, 0xAD, 0x4E, 0x6E, 0xD8, 0x55,
    0x27, 0x31, 0xB2, 0x75, 0x7B, 0xD5, 0x29, 0xD9, 0x55, 0xA7, 0x4C, 0x58, 0x2A, 0x35, 0x20, 0x0B,
    0x75, 0xC2, 0xC2, 0xC1, 0x79, 0xD4, 0xA9, 0x9A, 0xD5, 0x29, 0x3F, 0x43, 0x9D, 0xC2, 0xF3, 0xA8,
    0x53, 0x27, 0x07, 0xC1, 0x08, 0x73, 0x78, 0xAA, 0x9B, 0x7D, 0xAC, 0xAE, 0xC2, 0xF0, 0xD2, 0xB7,
    0x70, 0x95, 0x7D, 0x90, 0x72, 0xD0, 0x73, 0x20, 0xED, 0x39, 0xEC, 0x2A, 0xE8, 0xB1, 0x07, 0x7A,
    0x84, 0xC6, 0xA4, 0x30, 0x6F, 0x1D, 0x17, 0x55, 0xCD, 0x5E, 0xAA, 0x22, 0xB3, 0x96, 0x96, 0x49,
    0x79, 0x12, 0x15, 0xDF, 0x50, 0x7D, 0xE4, 0x49, 0xD8, 0xED, 0x46, 0x76, 0xE5, 0x1E, 0x2F, 0x55,
    0xDE, 0x38, 0xEE, 0x52, 0x25, 0x8A, 0x39, 0x53, 0x55, 0x3D, 0x2A, 0xAA, 0xB2, 0xFB, 0xA6, 0xCA,
    0x5F, 0x53, 0xF5, 0xB3, 0x43, 0x54, 0x45, 0x8B, 0xF4, 0x25, 0x87, 0x54, 0x70, 0x12, 0x9F, 0x4A,
    0xD2, 0x30, 0xB7, 0x99, 0xAA, 0x37, 0x98, 0xAA, 0x0B, 0x4C, 0x15, 0xFB, 0x43, 0xF4, 0x0C, 0xBB,
    0x0A, 0x9F, 0x42, 0xAA, 0x8C, 0x24, 0x34, 0x72, 0xB4, 0x38, 0x23, 0xBC, 0x23, 0x9B, 0x0D, 0x2A,
    0x8D, 0xB3, 0xAF, 0x4E, 0x4A, 0xF8, 0xBE, 0xD7, 0x37, 0xA9, 0x3C, 0xD5, 0x7E, 0x83, 0xA3, 0x3F,
    0x53, 0x55, 0xC8, 0x4D, 0x89, 0xEA, 0xB7, 0x50, 0x75, 0xE1, 0x50, 0xBE, 0x7B, 0x74, 0x95, 0x54,
    0xB3, 0x53, 0x49, 0x75, 0x3B, 0x95, 0xD4, 0x70, 0xA8, 0x92, 0xCA, 0x94, 0xAA, 0x6A, 0x4D, 0x15,
    0x57, 0x50, 0xA0, 0xAA, 0xD1, 0x4A, 0xAA, 0x55, 0xAA, 0x3A, 0xA5, 0xAA, 0x57, 0xAD, 0x1A, 0x26,
    0xAA, 0xEE, 0x2A, 0x55, 0xBD, 0x52, 0x85, 0x37, 0x9F, 0xD4, 0x7C, 0xE6, 0x06, 0xB1, 0x9D, 0x13,
    0x18, 0x44, 0xC9, 0x2B, 0xEC, 0x2C, 0xFC, 0x51, 0x2B, 0xA5, 0x04, 0x4E, 0x5F, 0x0C, 0xC5, 0x1C,
    0x3D, 0xA6, 0xAA, 0x60, 0xAA, 0x6A, 0x78, 0x17, 0x67, 0x23, 0xEC, 0x41, 0x31, 0x9D, 0x72, 0xE2,
    0xEF, 0x52, 0x46, 0x07, 0xF5, 0xE8, 0x33, 0x60, 0xD4, 0x05, 0x99, 0xC8, 0xEE, 0xF7, 0x44, 0x63,
    0xB4, 0x7A, 0x7A, 0x3B, 0x91, 0x8C, 0xF3, 0xAA, 0x3F, 0xAE, 0xF7, 0xF0, 0xBA, 0x4A, 0x59, 0xD9,
    0xAA, 0x56, 0x89, 0xB6, 0x44, 0xAA, 0x55, 0xE9, 0x44, 0x95, 0x09, 0xAB, 0xBD, 0x54, 0xDD, 0xAF,
    0x56, 0x75, 0xBB, 0x5A, 0x55, 0xAE, 0xB5, 0xAA, 0xB2, 0xAA, 0x55, 0xE9, 0x8E, 0x56, 0xC5, 0xAA,
    0x55, 0xD1, 0x8E, 0x56, 0x31, 0x5D, 0xF7, 0xA3, 0x55, 0x56, 0xB5, 0x2A, 0xD9, 0xD1, 0xAA, 0xA9,
    0x3E, 0xCF, 0x45, 0xAB, 0x22, 0xD6, 0xAA, 0x0E, 0x4B, 0xE9, 0xD6, 0xC8, 0x75, 0x7F, 0x4F, 0x4C,
    0xB8, 0xEA, 0x16, 0x5E, 0xF0, 0xDF, 0xD0, 0x9B, 0x7F, 0x01, 0x71, 0x71, 0x01, 0xE7, 0xF9, 0x7A,
    0x4C, 0x65, 0xBB, 0x3F, 0x97, 0x2A, 0xB7, 0xE0, 0x10, 0x60, 0x47, 0x2E, 0xE9, 0x61, 0x2E, 0xDC,
    0x1F, 0xD7, 0x78, 0x7F, 0x94, 0x99, 0x37, 0x8E, 0x89, 0xA7, 0xD0, 0xB5, 0xB1, 0xF0, 0xC4, 0x91,
    0xBD, 0xA4, 0x75, 0x94, 0x9D, 0xFA, 0x8E, 0x5E, 0xF9, 0x70, 0xCA, 0x99, 0xC4, 0x2D, 0xAD, 0x25,
    0xB7, 0x94, 0x85, 0x80, 0xF0, 0xBE, 0xF1, 0x36, 0xFB, 0x1B, 0x99, 0xA7, 0xBE, 0x9F, 0x4B, 0x0E,
    0xF4, 0x73, 0xF9, 0x63, 0xEC, 0xE7, 0xD4, 0x67, 0xDD, 0xDC, 0x2D, 0x49, 0x3D, 0x65, 0xD9, 0xFB,
    0x9C, 0xF9, 0xBC, 0x1E, 0x62, 0x16, 0xB4, 0xC8, 0x94, 0x51, 0x8D, 0xFC, 0x47, 0x82, 0xF0, 0xD2,
    0x53, 0x51, 0xAB, 0x9F, 0xB3, 0x2F, 0xBC, 0xA2, 0xF3, 0xFB, 0x3A, 0x8F, 0xAB, 0x62, 0x8B, 0xB6,
    0xCE, 0xD3, 0x85, 0x70, 0xC3, 0xBB, 0xFE, 0xAB, 0x20, 0xBB, 0x29, 0x24, 0xF8, 0x42, 0x44, 0x2B,
    0x55, 0x5A, 0xAC, 0x4A, 0x18, 0x2A, 0xC1, 0x26, 0xBF, 0xBB, 0x63, 0x88, 0x3A, 0x6D, 0x7A, 0x6F,
    0xAC, 0xEB, 0x27, 0x5A, 0xC3, 0x5B, 0x7D, 0xAF, 0xD5, 0xE7, 0x3F, 0x11, 0x17, 0x99, 0x41, 0x4E,
    0x82, 0x37, 0xF7, 0x85, 0xB5, 0x90, 0x2A, 0x0A, 0x16, 0x35, 0x42, 0x64, 0xBC, 0x11, 0x05, 0xA3,
    0xBE, 0xB0, 0xD7, 0xBE, 0x70, 0x90, 0x7C, 0x1D, 0x38, 0xE9, 0x0B, 0x99, 0x4C, 0xEC, 0x0E, 0xC1,
    0xF2, 0x95, 0xC8, 0x40, 0xFB, 0xC1, 0x10, 0x73, 0x2D, 0xC5, 0x11, 0x14, 0x2C, 0xAE, 0x85, 0x48,
    0x94, 0x92, 0xB0, 0xD4, 0xEA, 0x8C, 0xFE, 0x26, 0xDC, 0xF6, 0x96, 0xF4, 0xD8, 0x5D, 0x30, 0xF3,
    0xEF, 0x96, 0xAA, 0x05, 0x5A, 0x6A, 0xD0, 0xFE, 0x70, 0x58, 0x57, 0x5F, 0x71, 0x35, 0x17, 0xF0,
    0x72, 0xBE, 0xDC, 0xEC, 0x61, 0x0F, 0xDB, 0xF0, 0x4C, 0x76, 0x01, 0x4A, 0x67, 0xAE, 0xF2, 0xAB,
    0x49, 0x01, 0xA3, 0x01, 0x58, 0xD2, 0x5A, 0x0D, 0x93, 0x85, 0xA7, 0x2E, 0xDF, 0xDB, 0xCF, 0xFC,
    0x31, 0x55, 0x5F, 0x2F, 0xA8, 0x4D, 0xEF, 0x1C, 0x28, 0xE9, 0x63, 0x91, 0xAF, 0x0B, 0x41, 0x23,
    0x34, 0x99, 0x5A, 0x69, 0xF2, 0x1E, 0x8C, 0x26, 0xFF, 0x00, 0x4D, 0xA9, 0x5B, 0xD3, 0x54, 0x4A,
    0x7E, 0x36, 0x43, 0x3E, 0xD1, 0xB4, 0x59, 0xD2, 0x14, 0xB4, 0xC9, 0x9A, 0xA6, 0x5A, 0x16, 0x4C,
    0xAA, 0x70, 0xA2, 0x69, 0x5C, 0xD2, 0x54, 0x1A, 0x8F, 0x7D, 0xF8, 0x27, 0xA5, 0x29, 0x94, 0x1D,
    0x16, 0x33, 0x4C, 0xE2, 0xAC, 0x55, 0x29, 0xFF, 0x1E, 0xD3, 0x64, 0xFE, 0x7F, 0xD0, 0xB4, 0x55,
    0xF5, 0x76, 0x55, 0xED, 0xF8, 0x6D, 0x2E, 0x12, 0xD5, 0x58, 0xBD, 0xE1, 0x83, 0xA5, 0x92, 0x6F,
    0x29, 0xFB, 0xB3, 0xA8, 0xBA, 0x29, 0x30, 0x2A, 0x5D, 0x1B, 0x71, 0x58, 0xA2, 0x74, 0x45, 0x4A,
    0x97, 0x57, 0xB6, 0x67, 0x6B, 0x54, 0xBA, 0xA3, 0x51, 0xB9, 0x9B, 0xB2, 0x68, 0x26, 0x34, 0x49,
    0xF6, 0xF4, 0x7B, 0xA1, 0x2B, 0x68, 0x85, 0xAE, 0x48, 0x35, 0x2A, 0xAE, 0x85, 0xAE, 0xA4, 0x12,
    0x8D, 0xB2, 0x93, 0x46, 0x65, 0x41, 0x2F, 0x34, 0x09, 0x5D, 0xA3, 0x68, 0x14, 0x74, 0x01, 0x0B,
    0x07, 0x9A, 0x3D, 0xC3, 0x65, 0x2D, 0xBF, 0x11, 0x9A, 0x40, 0x15, 0x18, 0x48, 0xB4, 0x96, 0x07,
    0xB6, 0xA0, 0x09, 0x0B, 0x3B, 0xE9, 0x0C, 0x3D, 0xAE, 0xDC, 0x46, 0xC9, 0xA2, 0xA9, 0xBB, 0x9B,
    0x53, 0xF6, 0xA4, 0x25, 0xFB, 0x52, 0x67, 0x73, 0x49, 0x33, 0x1E, 0x6C, 0xCE, 0xBF, 0x07, 0x0B,
    0x3F, 0x08, 0x30, 0xFE, 0x65, 0xD0, 0xCC, 0x4E, 0xE4, 0x9D, 0x79, 0xB2, 0xFF, 0x8E, 0xD9, 0xFA,
    0xC1, 0x0B, 0xCC, 0xD6, 0xB7, 0xD8, 0x90, 0xF7, 0xC0, 0xD6, 0x77, 0x97, 0x6C, 0x15, 0xC7, 0xCA,
    0xD6, 0x4E, 0x05, 0x66, 0xB6, 0x55, 0xA7, 0xC4, 0xCA, 0x7D, 0xDA, 0xA8, 0xF2, 0xC8, 0xFC, 0x5D,
    0xAE, 0x2B, 0xA9, 0xEE, 0x2C, 0x8B, 0xE5, 0x16, 0xBE, 0x6A, 0xCC, 0x5F, 0x4B, 0xEC, 0x94, 0xA9,
    0xBB, 0x97, 0xF7, 0x32, 0x65, 0xCA, 0x03, 0x8A, 0x15, 0xB6, 0x3B, 0x6C, 0xF5, 0x67, 0xB3, 0x35,
    0xEC, 0xB0, 0xD5, 0xED, 0xB0, 0xD5, 0x28, 0x5B, 0x1B, 0x51, 0xAE, 0x89, 0xAD, 0xBC, 0x10, 0xE5,
    0x2A, 0x33, 0x61, 0x4B, 0xF3, 0x1F, 0x0A, 0xE4, 0x33, 0xD9, 0x6A, 0xA4, 0x32, 0x4B, 0x37, 0xDA,
    0x27, 0x56, 0xDA, 0x27, 0xD2, 0xBD, 0x49, 0x3F, 0xF7, 0x89, 0xA3, 0xD4, 0x11, 0x91, 0xFB, 0x10,
    0x16, 0x13, 0x5B, 0x83, 0xB2, 0x25, 0xB3, 0xFA, 0x76, 0x30, 0x37, 0xF0, 0x8A, 0x02, 0x12, 0xE8,
    0x3E, 0x6B, 0xB8, 0xA2, 0xC7, 0x98, 0xE1, 0x55, 0xDE, 0xA2, 0x08, 0xA3, 0x52, 0xFD, 0x2A, 0xFB,
    0xB4, 0x67, 0x8F, 0x76, 0xEC, 0xCF, 0x86, 0xCD, 0xC3, 0x3D, 0x65, 0x77, 0x64, 0x3C, 0x0D, 0xAC,
    0x55, 0x35, 0xB2, 0xCD, 0x8E, 0x56, 0xA5, 0xBC, 0x13, 0x3E, 0x94, 0xB7, 0x24, 0xA3, 0x89, 0x28,
    0x25, 0xCA, 0x55, 0xA8, 0x9C, 0x98, 0x72, 0x30, 0x67, 0x7F, 0x5E, 0x5E, 0xD7, 0x61, 0xA1, 0xDE,
    0x1F, 0x2B, 0x1F, 0xC9, 0x36, 0xC3, 0x89, 0x17, 0xA5, 0x66, 0xA5, 0x75, 0x85, 0x0F, 0x33, 0x48,
    0xE5, 0xEE, 0xF5, 0xC2, 0x47, 0xD0, 0x09, 0x1F, 0x61, 0x13, 0x75, 0xC2, 0x8F, 0x68, 0x4F, 0xBC,
    0x91, 0x3A, 0x29, 0xAD, 0xA4, 0x3E, 0x22, 0xBB, 0x9D, 0x54, 0xF8, 0x9C, 0xD9, 0xF0, 0x1F, 0x80,
    0xE7, 0x29, 0x27, 0xBE, 0x66, 0x36, 0xE6, 0xA7, 0x91, 0xFE, 0x14, 0x0B, 0x83, 0x1B, 0x2C, 0x8C,
    0x0A, 0x3F, 0xD4, 0x0C, 0x87, 0x85, 0xA1, 0x4D, 0x60, 0x0E, 0x15, 0xBE, 0xE7, 0xCC, 0x25, 0x64,
    0xB8, 0xCB, 0xAE, 0x4B, 0xE9, 0x94, 0x78, 0x9C, 0xE1, 0xA0, 0x79, 0xEE, 0x2C, 0x57, 0x44, 0x53,
    0xC5, 0xDE, 0xAD, 0x3B, 0x9A, 0x69, 0x9E, 0xAE, 0x4F, 0xF7, 0xE1, 0xE7, 0xA4, 0x4E, 0xE8, 0x24,
    0xEF, 0xA1, 0x44, 0x08, 0x97, 0x99, 0x2F, 0x3D, 0xD3, 0xF3, 0xC7, 0x98, 0xFF, 0xCE, 0x55, 0xCB,
    0x5B, 0x84, 0xA4, 0x97, 0xF1, 0x32, 0x8F, 0x06, 0x28, 0x2C, 0xC7, 0x5B, 0x3C, 0xFE, 0x03, 0x8F,
    0x57, 0x8C, 0x80, 0x72, 0x70, 0xE4, 0x80, 0xCF, 0x63, 0xF1, 0x65, 0xF7, 0xD3, 0xF8, 0x22, 0x8F,
    0x29, 0x8F, 0x96, 0xC7, 0x9C, 0x47, 0xC7, 0xD8, 0x8C, 0x6C, 0xDB, 0x20, 0x16, 0xEE, 0xDD, 0x9E,
    0x90, 0x39, 0x2E, 0xB6, 0xE7, 0xE6, 0x2B, 0xFC, 0xD7, 0x4B, 0x50, 0x0E, 0xA8, 0x0D, 0x80, 0xCC,
    0xC2, 0xF1, 0xDB, 0xAE, 0x22, 0xF4, 0x6C, 0x4D, 0x7A, 0x95, 0x36, 0x14, 0x97, 0x18, 0x0D, 0x6C,
    0x8C, 0x6E, 0x36, 0x6E, 0x19, 0xD1, 0xC5, 0x90, 0x4D, 0xB1, 0x12, 0x4D, 0xE1, 0xB4, 0xB7, 0xE1,
    0x23, 0x0A, 0x28, 0xE8, 0x1D, 0xD7, 0x62, 0xF7, 0xC7, 0xB2, 0xF1, 0x59, 0x09, 0x4F, 0x1C, 0x5E,
    0x7A, 0x7D, 0x4F, 0x18, 0x80, 0xB2, 0x2F, 0xD5, 0x1E, 0x0F, 0xC5, 0xDC, 0x33, 0xF1, 0xB9, 0x14,
    0xB9, 0xD5, 0xC3, 0x42, 0xD4, 0x05, 0x3D, 0x94, 0xDA, 0x6F, 0x70, 0x44, 0xCC, 0xCD, 0xB8, 0xD6,
    0x53, 0x46, 0x7B, 0x61, 0x0E, 0x23, 0xF6, 0x5E, 0xC8, 0x87, 0xD7, 0x2F, 0xD6, 0xAF, 0xDA, 0x1F,
    0x52, 0xEF, 0x51, 0x85, 0x34, 0x7B, 0x1C, 0x21, 0x0D, 0xE1, 0x90, 0x14, 0x1B, 0xCF, 0x71, 0x86,
    0xCA, 0x6F, 0xD3, 0xF5, 0xDB, 0x64, 0x2C, 0xC9, 0x62, 0xC7, 0xB5, 0x9B, 0x11, 0x95, 0x80, 0x2A,
    0x18, 0xAF, 0x9B, 0xEA, 0x0A, 0x73, 0x6D, 0xB5, 0xF3, 0xDD, 0x38, 0x7F, 0x67, 0x8A, 0x73, 0xB5,
    0x8D, 0x33, 0x42, 0x5C, 0x66, 0x0F, 0x1C, 0xE7, 0x7A, 0x37, 0xCE, 0x94, 0xD3, 0xDE, 0x85, 0xF9,
    0x55, 0x0F, 0xEE, 0xFE, 0x07, 0xE3, 0xEF, 0xB0, 0xA9, 0xB8, 0x72, 0xF4, 0xA0, 0x9F, 0xA5, 0x9B,
    0x83, 0x9A, 0x71, 0x8E, 0x38, 0xC9, 0xF8, 0xF1, 0x51, 0xC4, 0x29, 0x2F, 0x5E, 0x25, 0xBF, 0x36,
    0x29, 0xC1, 0xDB, 0x5B, 0xE2, 0xB3, 0x74, 0x26, 0x68, 0xA0, 0x8A, 0x37, 0xA3, 0x03, 0x89, 0xF6,
    0xF1, 0x1F, 0xBB, 0x65, 0x38, 0xBC, 0xF5, 0xB1, 0x7B, 0x53, 0xF2, 0x99, 0xD9, 0x16, 0xA2, 0x9A,
    0xB9, 0xB4, 0xA6, 0x46, 0xC2, 0xF9, 0xC6, 0x56, 0x2B, 0x2C, 0x4B, 0xBC, 0xC3, 0x1F, 0xFD, 0x1E,
    0xBA, 0x48, 0x19, 0x8A, 0x6E, 0x27, 0x3D, 0x7D, 0xE9, 0xA9, 0x3D, 0x54, 0x2F, 0x88, 0xDD, 0x52,
    0x1E, 0x4A, 0xB2, 0xD1, 0xF2, 0x6A, 0xDB, 0xAB, 0x48, 0xF6, 0x8B, 0xE1, 0xE1, 0x5F, 0xF8, 0x46,
    0xB5, 0x89, 0x5C, 0x02, 0x1F, 0xA5, 0x9F, 0x63, 0x95, 0xFC, 0xC7, 0x8E, 0x19, 0xA7, 0x05, 0xE8,
    0x91, 0x24, 0xC3, 0x89, 0xBB, 0xB0, 0x2F, 0xCC, 0x1C, 0x67, 0x09, 0xB4, 0xE1, 0x48, 0x1B, 0x0E,
    0xB5, 0xE1, 0x58, 0x1B, 0x0E, 0xB6, 0xE1, 0x68, 0x1B, 0x0E, 0xB7, 0x91, 0x4A, 0x60, 0x35, 0x2E,
    0xD3, 0x22, 0x4B, 0x9A, 0xD4, 0x26, 0xB9, 0x38, 0x80, 0xEB, 0x10, 0x0E, 0xBC, 0x61, 0xC1, 0x35,
    0x12, 0x7A, 0x3D, 0x8A, 0x3B, 0x9A, 0xCB, 0xFB, 0x0A, 0x9A, 0x79, 0xA7, 0xDA, 0x8B, 0x48, 0x07,
    0x88, 0x6D, 0x84, 0x43, 0x98, 0x61, 0xAB, 0x19, 0x07, 0x03, 0xAF, 0x28, 0x1F, 0x2E, 0xFA, 0xC7,
    0x74, 0x54, 0x8D, 0x81, 0xFF, 0x02, 0x78, 0x21, 0x6A, 0xA5, 0xAF, 0x9B, 0x02, 0x5F, 0x4A, 0x1B,
    0xA2, 0x61, 0xFF, 0x45, 0xA0, 0xB9, 0x28, 0x42, 0xCC, 0xD3, 0xFF, 0xE8, 0x11, 0xF1, 0x51, 0x02,
    0x2E, 0xF1, 0xCE, 0xD6, 0xE1, 0x7E, 0x92, 0x99, 0x34, 0x61, 0x04, 0x4A, 0x0E, 0x77, 0xC7, 0x91,
    0xBC, 0x29, 0x74, 0xBF, 0x3F, 0x75, 0x48, 0xFE, 0xCF, 0x23, 0x74, 0x25, 0x63, 0x50, 0x6C, 0x8F,
    0x74, 0xC2, 0xB9, 0x94, 0x83, 0x5A, 0x23, 0x65, 0x78, 0x66, 0x1D, 0xD4, 0x4E, 0x46, 0x0E, 0x6A,
    0x07, 0x87, 0xFA, 0x3C, 0x7A, 0x3C, 0x1A, 0x19, 0x5B, 0x1E, 0x6F, 0x9C, 0x23, 0xA8, 0x19, 0x8F,
    0x66, 0x1A, 0xBF, 0x34, 0xA8, 0x6F, 0xF0, 0xF8, 0x0E, 0x8F, 0x1F, 0xF0, 0x38, 0xF2, 0xDB, 0x07,
    0x7F, 0x01, 0x9C, 0x58, 0x68, 0xA4, 0x54, 0x86, 0xF7, 0xE1, 0x94, 0x11, 0x12, 0x66, 0x7A, 0xEC,
    0xD7, 0x7C, 0x33, 0xE6, 0x83, 0x92, 0x66, 0xDA, 0xAA, 0xD1, 0x8E, 0xE1, 0xAA, 0x8B, 0x3E, 0x80,
    0x76, 0x05, 0x68, 0xE7, 0x23, 0x1D, 0x33, 0x1A, 0xF6, 0x57, 0x8E, 0xB5, 0x80, 0x52, 0x21, 0x49,
    0x62, 0x52, 0x18, 0xEF, 0x86, 0xB9, 0x78, 0xEC, 0x47, 0xDA, 0x15, 0x6F, 0x62, 0x2F, 0xED, 0x2D,
    0xA3, 0x9D, 0x62, 0x70, 0x07, 0x2E, 0xF1, 0x8A, 0x74, 0x2E, 0xE0, 0xFD, 0x8F, 0xE7, 0xE2, 0x2F,
    0xE5, 0xE8, 0xEB, 0x91, 0x46, 0x01, 0x1C, 0x36, 0xE6, 0xE3, 0x07, 0xCB, 0xBE, 0xC7, 0x21, 0xE8,
    0x79, 0xF6, 0x02, 0xB2, 0x6F, 0xA2, 0xD9, 0xB7, 0x73, 0x53, 0xF6, 0xAD, 0xE7, 0xEC, 0xFB, 0x0A,
    0x4B, 0xF8, 0x06, 0xA7, 0x99, 0xAE, 0xA5, 0x5F, 0x90, 0x17, 0xF3, 0x5F, 0x52, 0xD3, 0x40, 0x4C,
    0x55, 0xD4, 0x4F, 0xC6, 0x15, 0x45, 0xDA, 0x7B, 0x98, 0xD3, 0xDC, 0xDE, 0xCF, 0x69, 0x7E, 0x77,
    0x7D, 0x9A, 0x33, 0x0D, 0xA8, 0xF7, 0xE1, 0xDC, 0x97, 0xC6, 0xFC, 0xAC, 0xC8, 0xAF, 0xFB, 0x7E,
    0x8B, 0xE6, 0x0F, 0x59, 0x9A, 0x58, 0xA2, 0x3F, 0x13, 0xDA, 0xAF, 0x3D, 0xFD, 0x55, 0xD3, 0x83,
    0x35, 0x2C, 0xDA, 0x33, 0xA0, 0xBE, 0x94, 0x76, 0x81, 0x38, 0x8E, 0xBE, 0xA0, 0xBF, 0x24, 0xBF,
    0xED, 0xD1, 0x07, 0x8C, 0x10, 0x72, 0x8B, 0x5D, 0x27, 0xA7, 0x32, 0xF2, 0x71, 0x37, 0x3B, 0x9E,
    0xAB, 0x59, 0x87, 0x52, 0x02, 0xD8, 0x52, 0x71, 0x61, 0x49, 0x89, 0x62, 0x22, 0x94, 0xF3, 0x34,
    0x8A, 0xE5, 0xDB, 0x74, 0xD3, 0x7B, 0xF4, 0x5D, 0xC4, 0x3E, 0xA7, 0x7D, 0xE0, 0x9B, 0x02, 0x6B,
    0x32, 0xFE, 0x71, 0x7D, 0x2F, 0xD1, 0x86, 0xA6, 0x77, 0xAD, 0x6D, 0xC5, 0x09, 0x82, 0xC3, 0x2D,
    0xF9, 0xFB, 0x1D, 0x83, 0x52, 0x8F, 0xF3, 0x0D, 0x36, 0x06, 0x7B, 0xDF, 0x5E, 0x6F, 0xDF, 0xFB,
    0xA8, 0xE2, 0xF4, 0x93, 0xD3, 0xF7, 0x15, 0xF7, 0x70, 0x36, 0xF9, 0x78, 0xB7, 0xDA, 0x44, 0xDF,
    0x8A, 0xBE, 0x45, 0xEA, 0xEE, 0x3D, 0x66, 0x3F, 0x6C, 0xDF, 0x55, 0xAD, 0x36, 0x96, 0xD2, 0x7E,
    0x4B, 0x12, 0x5C, 0xE0, 0x88, 0x2F, 0x7E, 0xE3, 0xDA, 0xA1, 0xEB, 0x66, 0xD7, 0x2F, 0x84, 0x20,
    0x81, 0x83, 0x03, 0xCF, 0x94, 0xDA, 0x07, 0xFF, 0x7A, 0xA4, 0x28, 0x09, 0xD9, 0x97, 0xEE, 0xDA,
    0xC8, 0xE7, 0x09, 0xF7, 0x34, 0xF3, 0x97, 0x73, 0xA5, 0xB9, 0x2E, 0xCD, 0xE2, 0x89, 0x44, 0x37,
    0x80, 0x9E, 0x71, 0xA6, 0xF8, 0x9C, 0x39, 0x2E, 0x5B, 0x73, 0xD9, 0xC1, 0xDF, 0x19, 0xC7, 0x9D,
    0x05, 0x8A, 0xB0, 0x8F, 0x71, 0x1C, 0x13, 0x3A, 0x67, 0x48, 0xA0, 0x91, 0x28, 0x8B, 0x09, 0xC0,
    0x03, 0x33, 0xCE, 0x2E, 0xA3, 0x07, 0x90, 0x02, 0x79, 0xD6, 0x64, 0xB7, 0x4D, 0x7D, 0x07, 0x66,
    0x39, 0x60, 0x78, 0x4E, 0x9F, 0xE7, 0x75, 0x28, 0x79, 0xF3, 0x71, 0x23, 0x11, 0xB4, 0x8D, 0x24,
    0xFC, 0xA4, 0x93, 0xCA, 0x27, 0x66, 0x7B, 0xC8, 0x2E, 0xB6, 0x0F, 0x76, 0xC2, 0x5E, 0x3E, 0x1C,
    0x9F, 0xB3, 0xCC, 0x24, 0x92, 0x3B, 0x8D, 0x57, 0x3A, 0xA9, 0x75, 0xBD, 0x7D, 0x27, 0x13, 0x9F,
    0x4F, 0x54, 0x86, 0x24, 0x23, 0x6B, 0xD1, 0x3F, 0xCF, 0xD3, 0x75, 0xBD, 0xCF, 0x2B, 0xEF, 0xB1,
    0x97, 0xF0, 0x57, 0x76, 0x59, 0xE0, 0xFE, 0xA6, 0xEC, 0xE1, 0x97, 0xC8, 0x19, 0xCA, 0xBE, 0xE4,
    0x30, 0xF8, 0x82, 0x68, 0x01, 0x04, 0x15, 0xFC, 0x90, 0x57, 0xD8, 0xA5, 0xDD, 0x9C, 0x1A, 0x2B,
    0x2C, 0x4D, 0x23, 0x63, 0x86, 0x9D, 0x97, 0x45, 0x0E, 0x6C, 0xE0, 0x68, 0xDA, 0x7B, 0x32, 0xC2,
    0xC3, 0x91, 0xFB, 0x23, 0x31, 0x04, 0xF1, 0x02, 0x59, 0x5C, 0xF8, 0x98, 0x43, 0x5B, 0x89, 0xB8,
    0xC4, 0x4F, 0x59, 0x66, 0xAD, 0x8C, 0x7C, 0x7F, 0x5C, 0x8B, 0xE9, 0x1B, 0xB9, 0x4B, 0x75, 0x38,
    0x95, 0xBA, 0xC2, 0xD8, 0x4F, 0x9D, 0xF6, 0x46, 0x32, 0x27, 0x93, 0x38, 0x05, 0xAA, 0xD7, 0x53,
    0x51, 0xA1, 0x97, 0x71, 0xDC, 0xF9, 0x73, 0x75, 0xE7, 0xF5, 0xCF, 0x28, 0x51, 0xEC, 0xD6, 0x48,
    0xEF, 0xC1, 0x4E, 0xD3, 0x3B, 0x8E, 0xBB, 0x0A, 0xCB, 0xCE, 0x94, 0xA2, 0xFC, 0x36, 0xB3, 0xD4,
    0xCE, 0xE5, 0x9E, 0xE0, 0x24, 0x52, 0xF9, 0xF2, 0x29, 0x69, 0x38, 0x4A, 0xCA, 0xC2, 0x49, 0x4F,
    0x54, 0x62, 0x52, 0x9D, 0xF3, 0x62, 0xC5, 0x87, 0x27, 0x29, 0xDB, 0xFD, 0xB2, 0x96, 0xF3, 0xD3,
    0xC8, 0xC3, 0x4A, 0x5D, 0xF2, 0xAF, 0x4E, 0x1F, 0x92, 0xC7, 0x46, 0xEE, 0xBC, 0x90, 0xB6, 0xBD,
    0x67, 0x9A, 0x22, 0xAA, 0x54, 0x16, 0xCE, 0x4D, 0xA5, 0xBA, 0xAA, 0xA6, 0xBA, 0xC7, 0x98, 0x61,
    0xAE, 0x86, 0x7C, 0x38, 0xF6, 0x47, 0x05, 0x17, 0x26, 0x0D, 0xFB, 0x08, 0x2B, 0xC7, 0xFF, 0xEB,
    0xF8, 0x41, 0x6C, 0xB1, 0xCC, 0x28, 0x36, 0xDE, 0x80, 0xA2, 0x71, 0x76, 0xEC, 0x71, 0xD3, 0xF5,
    0x17, 0x53, 0x75, 0xB3, 0xA8, 0xF6, 0x66, 0x1F, 0x4C, 0x1A, 0x46, 0x9B, 0x15, 0x9C, 0x5C, 0x75,
    0xF3, 0x1C, 0x74, 0x79, 0xCF, 0xE9, 0x52, 0x37, 0x5E, 0x99, 0x4F, 0xA6, 0xCF, 0xAE, 0xF2, 0xE5,
    0xB4, 0xAA, 0xF4, 0x17, 0x33, 0x7A, 0xC1, 0x86, 0xE9, 0xC2, 0x6F, 0x57, 0xB3, 0x8F, 0x3A, 0xA6,
    0x6B, 0x7C, 0x9A, 0xE9, 0xF2, 0xC5, 0xE5, 0x54, 0xBF, 0x4A, 0x0E, 0x4C, 0x7E, 0x22, 0xDC, 0xC4,
    0x8A, 0x93, 0x09, 0xEB, 0xA5, 0x96, 0xFD, 0x50, 0x72, 0x9C, 0xEF, 0x36, 0xEF, 0x09, 0x5D, 0xAD,
    0x3C, 0xF5, 0xD9, 0xA8, 0x37, 0x31, 0x9D, 0xE4, 0x82, 0x44, 0xE9, 0xBA, 0xF8, 0x6C, 0xD3, 0x25,
    0x30, 0x25, 0xFC, 0x57, 0xFB, 0x8F, 0x58, 0xD7, 0xB2, 0x63, 0xBF, 0x22, 0xEE, 0x8D, 0x37, 0xF3,
    0x89, 0xC6, 0x42, 0x5E, 0xF6, 0x31, 0xFE, 0x5F, 0xBF, 0x84, 0xFD, 0xF5, 0xEC, 0x60, 0xBC, 0x27,
    0x69, 0x04, 0x06, 0x88, 0x1F, 0x45, 0x96, 0xC6, 0x1F, 0xD0, 0xAD, 0x47, 0x4F, 0x57, 0xBA, 0xF9,
    0x73, 0x51, 0xAC, 0x2E, 0x96, 0x23, 0x35, 0xA6, 0x3C, 0x77, 0xB9, 0x1C, 0xAE, 0x26, 0x15, 0x6F,
    0x5D, 0x09, 0xBB, 0xF5, 0x5E, 0x7E, 0x38, 0xB1, 0x59, 0x99, 0x15, 0x65, 0xBF, 0x95, 0xFB, 0xF3,
    0xAC, 0x34, 0x42, 0x59, 0x9A, 0x09, 0x65, 0x17, 0x9E, 0x65, 0xCA, 0x92, 0xDA, 0xC7, 0x5D, 0x7D,
    0xC0, 0x91, 0xFF, 0x3E, 0x8D, 0x03, 0x3A, 0x4A, 0xD3, 0xC6, 0x30, 0xE5, 0xEF, 0xFC, 0x71, 0x76,
    0xEC, 0x45, 0x3E, 0x95, 0x65, 0xCB, 0x3B, 0xC3, 0x22, 0xD1, 0x08, 0x33, 0x93, 0x06, 0x46, 0xE5,
    0x45, 0xDC, 0x20, 0x31, 0x04, 0x35, 0xF8, 0x32, 0x47, 0xCC, 0xD7, 0xEB, 0x6A, 0xD3, 0xB6, 0x23,
    0x51, 0xCD, 0x9A, 0xEA, 0xF7, 0xCF, 0x84, 0x2F, 0x5A, 0x95, 0x7D, 0x4E, 0x6A, 0xC4, 0x7E, 0x23,
    0x9B, 0x8B, 0xBD, 0xED, 0xC1, 0xF3, 0x8E, 0xEF, 0x41, 0x3A, 0x3E, 0xFD, 0x58, 0xD1, 0xB0, 0x86,
    0xAD, 0xED, 0xF8, 0x76, 0x26, 0xAB, 0x65, 0xE5, 0xAA, 0x91, 0x41, 0x6D, 0x91, 0x54, 0x78, 0x2A,
    0xAC, 0x50, 0xD2, 0x3F, 0x15, 0x79, 0xF1, 0x7C, 0x9D, 0x23, 0x09, 0xF9, 0xE4, 0x85, 0x75, 0x3A,
    0x4D, 0x74, 0x2E, 0x47, 0xF5, 0xE0, 0x5D, 0xE3, 0x11, 0x64, 0xD1, 0xC0, 0xA1, 0x33, 0x3E, 0xFD,
    0x35, 0xD4, 0x26, 0x72, 0x3B, 0x77, 0x42, 0x62, 0xDC, 0xB2, 0x33, 0x8A, 0x04, 0x3B, 0x77, 0xAE,
    0xA3, 0xF8, 0x27, 0x14, 0x49, 0xA0, 0xC8, 0x24, 0xB6, 0x64, 0x39, 0x22, 0xDD, 0x28, 0x89, 0xDD,
    0x0E, 0x89, 0xC3, 0x79, 0x49, 0xCC, 0x1E, 0x2D, 0x89, 0xCD, 0xC3, 0x93, 0xF8, 0x96, 0xF8, 0xCC,
    0xC8, 0xEB, 0xD8, 0x6F, 0x46, 0x0E, 0x97, 0xBC, 0x60, 0x5B, 0xF5, 0x5A, 0xF6, 0xE6, 0x6B, 0xEA,
    0xBB, 0x60, 0x58, 0x8C, 0x3D, 0xAD, 0xDE, 0x91, 0x2F, 0xC9, 0x85, 0x7F, 0xA8, 0xC1, 0x93, 0x2B,
    0xC0, 0xD3, 0xC0, 0x3C, 0x8D, 0xC2, 0x13, 0xAF, 0xE2, 0x8A, 0x53, 0x3C, 0x55, 0x8F, 0x8B, 0xA7,
    0x37, 0xCD, 0xAA, 0x11, 0x34, 0x5A, 0x6C, 0x19, 0xA7, 0x89, 0x2F, 0x57, 0x5C, 0x42, 0xD2, 0x17,
    0xEC, 0xCC, 0xA4, 0x0D, 0x73, 0x82, 0xDC, 0xF6, 0x9C, 0x93, 0x1D, 0x4E, 0xE2, 0x45, 0x65, 0x9E,
    0x4B, 0x3B, 0xC8, 0xF5, 0x41, 0xDC, 0xCF, 0xC8, 0xC8, 0x1E, 0x4C, 0x52, 0xC1, 0x9B, 0x7E, 0x71,
    0xEC, 0x9C, 0x78, 0xE5, 0x66, 0x9D, 0xC1, 0x9C, 0x90, 0x62, 0x3F, 0xD5, 0x36, 0x44, 0xDB, 0x91,
    0x64, 0x22, 0x28, 0x50, 0x18, 0xD2, 0x7A, 0x0B, 0x56, 0x08, 0x2F, 0xDF, 0x52, 0x4E, 0xAE, 0xEE,
    0xE8, 0x0B, 0xF1, 0x12, 0x4D, 0xBC, 0x34, 0xCF, 0x0E, 0x2F, 0xEC, 0xD6, 0x48, 0xEF, 0x81, 0xEB,
    0xEC, 0x1D, 0x3C, 0x67, 0x33, 0xCB, 0xCE, 0x14, 0xD1, 0xBE, 0xCD, 0xC2, 0xDD, 0xCE, 0x38, 0x49,
    0x7A, 0x7B, 0xDB, 0x84, 0x2D, 0xD2, 0x55, 0xD0, 0x1F, 0xA0, 0xA6, 0x39, 0x16, 0x75, 0x49, 0xEA,
    0x88, 0xFF, 0x9F, 0xF7, 0xD2, 0xA8, 0x3A, 0x77, 0xC2, 0xF3, 0x60, 0x25, 0x71, 0xF7, 0x54, 0x08,
    0xE2, 0x1C, 0x7C, 0x93, 0x2A, 0xA1, 0xA8, 0xDB, 0x51, 0x93, 0xE7, 0xAA, 0x32, 0xD5, 0xCF, 0x11,
    0xD7, 0x1F, 0x70, 0xE1, 0xC8, 0xF5, 0x73, 0xCF, 0xF5, 0xF3, 0x5B, 0xE4, 0xB4, 0x6B, 0xB3, 0xA7,
    0x4E, 0xD3, 0x10, 0x31, 0x0D, 0x3F, 0x3D, 0x8A, 0x5C, 0xE3, 0x5D, 0xD3, 0xAA, 0xE5, 0x79, 0x94,
    0x1F, 0x43, 0xB5, 0x1B, 0xB6, 0xFB, 0x09, 0x38, 0x36, 0x3D, 0x98, 0x3F, 0x69, 0xB5, 0xAD, 0xCD,
    0x8D, 0x34, 0x49, 0xAE, 0x9E, 0x92, 0x27, 0x2D, 0x80, 0xA1, 0x9F, 0xE6, 0x9C, 0x6A, 0x54, 0x53,
    0xBA, 0x1B, 0x1C, 0x3A, 0x6C, 0xEF, 0x89, 0xCE, 0xBD, 0x61, 0x34, 0xA6, 0x19, 0x00, 0xC3, 0x21,
    0x00, 0x1B, 0x68, 0x00, 0x60, 0xA0, 0x81, 0x2F, 0xB9, 0xC5, 0x43, 0xC8, 0xC9, 0x31, 0x25, 0x9E,
    0x85, 0x6B, 0x7A, 0xC9, 0xA2, 0x5A, 0x67, 0x5D, 0xFF, 0xDB, 0x03, 0xC5, 0xBD, 0x66, 0xCF, 0x54,
    0x8F, 0x8B, 0xED, 0xD7, 0xF3, 0x74, 0x9D, 0xEF, 0xF3, 0x28, 0x74, 0x3F, 0x6A, 0x8D, 0x75, 0x59,
    0x48, 0xCC, 0xE5, 0x32, 0x5D, 0x26, 0x65, 0xFD, 0xA8, 0x65, 0x9B, 0xE3, 0x47, 0x3E, 0x15, 0x3C,
    0xD1, 0xB6, 0x51, 0xDF, 0xE4, 0xB5, 0x87, 0xAE, 0xD4, 0x8E, 0xA5, 0x1B, 0xFF, 0x09, 0x94, 0xFF,
    0x8E, 0x36, 0x19, 0xBA, 0x31, 0xC0, 0x5E, 0xBF, 0x96, 0x79, 0xFF, 0x7C, 0x00, 0x01, 0xE3, 0xCB,
    0x66, 0x22, 0xA7, 0x15, 0x86, 0x4C, 0xDA, 0x97, 0x74, 0xEB, 0x7B, 0x4F, 0x46, 0x45, 0x5F, 0x1C,
    0x17, 0x39, 0x81, 0x26, 0x6E, 0x53, 0x46, 0x3F, 0xDA, 0xC4, 0xFC, 0x7F, 0xBF, 0x92, 0x62, 0xDC,
    0xC8, 0x71, 0x95, 0xBE, 0x86, 0x1D, 0xA6, 0x75, 0x6D, 0xAC, 0x47, 0x27, 0xDA, 0x67, 0x14, 0x03,
    0x57, 0xEE, 0x80, 0x97, 0x3F, 0x03, 0xE0, 0x25, 0xE2, 0xDD, 0xD2, 0x89, 0xD6, 0xF1, 0x51, 0x0C,
    0x06, 0xEE, 0x30, 0xFD, 0x36, 0x60, 0x8F, 0x36, 0x81, 0x20, 0x19, 0x89, 0x5F, 0xF3, 0x6C, 0xA1,
    0xE6, 0xA1, 0xAC, 0xA9, 0x77, 0xEC, 0xF9, 0x1C, 0x1B, 0xA1, 0xBF, 0x66, 0x42, 0x87, 0x03, 0x84,
    0x7A, 0xC5, 0x74, 0x0A, 0x15, 0x1A, 0x93, 0xD7, 0x93, 0x22, 0xEB, 0x95, 0x64, 0x92, 0xE0, 0x7C,
    0x40, 0x25, 0x66, 0xF8, 0x8D, 0xD2, 0x19, 0x5E, 0xE3, 0xEC, 0x31, 0x11, 0x35, 0xAD, 0x3C, 0x5D,
    0x09, 0x1D, 0x53, 0xE6, 0x21, 0x1E, 0xF8, 0xE1, 0xC3, 0xD9, 0x22, 0x70, 0xA3, 0x99, 0x03, 0x7E,
    0x54, 0x3F, 0x7A, 0x33, 0x93, 0xB7, 0x45, 0x6F, 0xCB, 0xDE, 0x16, 0xBE, 0x2D, 0x7D, 0x5B, 0xFC,
    0xB6, 0xFC, 0xCD, 0x00, 0xCE, 0x04, 0x9E, 0xD2, 0xBE, 0x40, 0x5C, 0x1A, 0xC9, 0x01, 0x96, 0xF3,
    0x2C, 0xEB, 0x6D, 0x4F, 0xB3, 0x5B, 0xEA, 0x06, 0x71, 0x89, 0xAA, 0x82, 0xA2, 0x15, 0x77, 0xCB,
    0x5A, 0x42, 0xA7, 0xB8, 0x03, 0x75, 0xAF, 0x94, 0xB5, 0x45, 0xE6, 0x73, 0xD9, 0x82, 0xBA, 0x93,
    0x27, 0xAC, 0x8B, 0x1D, 0x53, 0x77, 0x7D, 0xB9, 0xF9, 0x70, 0xDB, 0x43, 0x4E, 0xCC, 0xC5, 0x93,
    0x02, 0xC6, 0x13, 0x44, 0xA1, 0x9B, 0x0E, 0x58, 0xD9, 0x2B, 0x75, 0x97, 0x7A, 0xA5, 0x0E, 0xFF,
    0x7D, 0x4E, 0xDD, 0xFD, 0x53, 0xD7, 0xAC, 0x88, 0xD2, 0xDC, 0xA3, 0xFE, 0xD3, 0x72, 0x2B, 0x6D,
    0x96, 0x95, 0xAB, 0xD7, 0x4B, 0x2D, 0xFB, 0xDA, 0x7D, 0x53, 0xF7, 0xD1, 0xF1, 0x51, 0x67, 0xF2,
    0x71, 0x12, 0x36, 0xDD, 0x6C, 0xE4, 0x14, 0x32, 0xCA, 0xAC, 0xBA, 0x6F, 0x4D, 0xAD, 0xC8, 0xAD,
    0x13, 0x7F, 0xF9, 0x94, 0x45, 0x07, 0xB3, 0x4D, 0xAF, 0xDE, 0x30, 0xE5, 0x57, 0x37, 0x25, 0xD8,
    0x53, 0x1C, 0x06, 0x6E, 0x5B, 0xDC, 0x19, 0xAE, 0xE9, 0x9F, 0x73, 0x78, 0x56, 0x06, 0xEE, 0x39,
    0x04, 0x7E, 0x23, 0x01, 0x68, 0xE2, 0x7A, 0x51, 0x3A, 0x9B, 0x52, 0x22, 0xD0, 0x6E, 0xB3, 0x32,
    0x8C, 0xAD, 0xC4, 0x96, 0xFD, 0x54, 0x7E, 0x0D, 0x54, 0x66, 0x91, 0x50, 0x19, 0x2B, 0x95, 0xE5,
    0x13, 0xCE, 0xC0, 0x33, 0x95, 0x61, 0xA7, 0x89, 0x37, 0x71, 0x81, 0x8A, 0xBF, 0xFB, 0xBD, 0xFE,
    0xF8, 0xA9, 0xD3, 0x1F, 0x01, 0xF9, 0x0F, 0xCA, 0xF7, 0x15, 0x53, 0x66, 0xDE, 0x68, 0x76, 0xF8,
    0x3A, 0xA8, 0x7C, 0xFE, 0x44, 0x5C, 0x30, 0x11, 0xE7, 0x3D, 0xAB, 0xC4, 0x91, 0xD7, 0xAE, 0xB0,
    0x63, 0xAA, 0x5B, 0x9C, 0x5C, 0x1A, 0xDC, 0x17, 0x7F, 0xC6, 0xB7, 0xC7, 0x15, 0x70, 0x20, 0x8C,
    0xD2, 0xDA, 0xCB, 0x96, 0x59, 0xE8, 0xD8, 0x45, 0xEE, 0x37, 0x82, 0x53, 0xB8, 0x2B, 0x72, 0x2F,
    0x4F, 0x25, 0x9D, 0x3B, 0x37, 0x2A, 0x66, 0x4A, 0x92, 0xCF, 0xC5, 0xE9, 0xAC, 0xCE, 0x74, 0xDB,
    0x82, 0x6E, 0x7B, 0xD2, 0xF9, 0xC7, 0xF6, 0x4F, 0xD1, 0xDC, 0x11, 0x68, 0x59, 0x17, 0xAD, 0x40,
    0x8A, 0x18, 0x24, 0xAF, 0x6C, 0xB8, 0x33, 0x60, 0x90, 0xA2, 0x27, 0xAB, 0x4B, 0x67, 0x66, 0xCB,
    0xFB, 0xEB, 0x5D, 0xDF, 0x95, 0x3B, 0x7B, 0x05, 0xB0, 0x90, 0x49, 0xDC, 0x50, 0x8E, 0xAA, 0x74,
    0xDA, 0x4D, 0x6D, 0xD6, 0x8D, 0xC7, 0x9E, 0xC6, 0xB4, 0x48, 0xDC, 0x48, 0x53, 0x96, 0xB8, 0x21,
    0x25, 0xE3, 0x2E, 0xB9, 0xBB, 0xBC, 0x64, 0x99, 0x71, 0x99, 0x42, 0xCB, 0xD9, 0x9A, 0x8D, 0xA2,
    0x94, 0x81, 0xF7, 0xC7, 0x3D, 0x7B, 0x3C, 0x1C, 0xB8, 0xA0, 0xA4, 0xBC, 0xCB, 0x59, 0xC3, 0x65,
    0x36, 0x63, 0x3E, 0xD8, 0x5E, 0x7B, 0x87, 0x6D, 0x4B, 0xFE, 0x8B, 0xED, 0x8D, 0xBF, 0x68, 0x24,
    0x45, 0xD7, 0x52, 0x10, 0x54, 0xCB, 0x53, 0xF2, 0x80, 0xD3, 0x65, 0x37, 0x66, 0x5C, 0x5C, 0x60,
    0xB5, 0xC0, 0x4D, 0x45, 0x06, 0xBF, 0x20, 0x5B, 0xB6, 0x58, 0x5A, 0x62, 0xC4, 0xEA, 0xD5, 0x51,
    0x8B, 0x92, 0x6C, 0x59, 0xFC, 0x4F, 0x65, 0x48, 0x63, 0xCE, 0xFE, 0x94, 0xAE, 0xA3, 0x57, 0x55,
    0x32, 0x15, 0xE8, 0xD4, 0x92, 0x81, 0x8F, 0x0C, 0xC5, 0xDD, 0xA7, 0x8D, 0x27, 0x0D, 0x9F, 0x79,
    0x2A, 0x59, 0x00, 0x83, 0xAD, 0xF8, 0x05, 0xE4, 0x47, 0x63, 0x37, 0xAC, 0x05, 0x49, 0xCD, 0xA5,
    0x4C, 0xDC, 0xF0, 0xA1, 0x8A, 0x5A, 0x0E, 0x67, 0xD0, 0x31, 0xC0, 0x41, 0xCF, 0x49, 0xD8, 0x1B,
    0x12, 0xB6, 0xC9, 0x59, 0x8E, 0x58, 0x9E, 0x0B, 0xFF, 0x62, 0x76, 0xDA, 0x2F, 0x95, 0x53, 0xF3,
    0xB1, 0x1A, 0x9F, 0x6E, 0x16, 0x3B, 0x52, 0x51, 0x92, 0xDD, 0x7A, 0x65, 0x2F, 0x91, 0x6E, 0x64,
    0x2A, 0x16, 0x07, 0x49, 0xC2, 0xCF, 0xF2, 0x94, 0x61, 0x16, 0x00, 0x5A, 0x5A, 0x80, 0xD6, 0x81,
    0x09, 0x98, 0x9D, 0x1C, 0x73, 0xB6, 0x3D, 0x6D, 0x45, 0x11, 0xC8, 0x9F, 0x21, 0xDE, 0x0F, 0x0C,
    0x6A, 0x33, 0x73, 0x00, 0x10, 0xF8, 0x05, 0x65, 0x25, 0x65, 0x84, 0xDD, 0x48, 0x25, 0x97, 0xFC,
    0xA7, 0x5A, 0x2D, 0x30, 0x4C, 0x34, 0x6C, 0x71, 0xD8, 0xAA, 0xE6, 0x43, 0xCE, 0x04, 0x46, 0xA1,
    0xDA, 0xB3, 0x91, 0xF2, 0x73, 0x92, 0x9E, 0x03, 0x9F, 0x4F, 0xA6, 0x3A, 0xB5, 0x50, 0xBB, 0xAA,
    0xD5, 0x3C, 0x5D, 0x97, 0xFB, 0x4A, 0xD7, 0x2F, 0x08, 0x48, 0xDD, 0x0D, 0x73, 0x32, 0x13, 0x30,
    0x32, 0x01, 0xF0, 0xBD, 0xDD, 0xB0, 0x3D, 0x4B, 0x02, 0x2A, 0x76, 0x63, 0xBA, 0x22, 0x80, 0xA6,
    0x8E, 0xCB, 0x93, 0x7D, 0x04, 0x8C, 0xA9, 0xF8, 0xD1, 0x2E, 0x09, 0x50, 0x21, 0x4C, 0xF6, 0x11,
    0x90, 0xC8, 0x3E, 0xED, 0xB2, 0xA1, 0x0D, 0x47, 0x84, 0x05, 0x04, 0x94, 0x0D, 0x13, 0x80, 0x7F,
    0xB4, 0x23, 0x72, 0x3E, 0x08, 0xB0, 0x0B, 0x59, 0x08, 0x65, 0xA3, 0x56, 0x30, 0x29, 0x45, 0xB9,
    0x47, 0x51, 0xD5, 0x9E, 0xCD, 0x35, 0x57, 0x55, 0x7F, 0xA4, 0x5C, 0xF4, 0x4A, 0xF6, 0xB8, 0x2F,
    0x46, 0x78, 0x7A, 0x78, 0xEA, 0x7D, 0x12, 0x93, 0xA5, 0x2C, 0x31, 0xB4, 0x38, 0x49, 0x4C, 0xBB,
    0x95, 0x18, 0xC7, 0x12, 0x83, 0x62, 0x8B, 0x1C, 0x16, 0x88, 0xC4, 0x84, 0x1D, 0x03, 0x8E, 0x3D,
    0x91, 0x94, 0x63, 0x4F, 0xD4, 0x3B, 0xF1, 0x9E, 0x1C, 0x3B, 0xD2, 0x94, 0x85, 0x48, 0xCC, 0xAF,
    0x44, 0x62, 0xFE, 0x4D, 0x24, 0xC6, 0xFD, 0x89, 0x24, 0xE6, 0xF2, 0xA0, 0x4A, 0x50, 0x2C, 0xAA,
    0xE9, 0x21, 0xE1, 0xF8, 0xB5, 0x81, 0x14, 0xD5, 0x52, 0x63, 0x5E, 0x0B, 0xC5, 0x15, 0x12, 0x4D,
    0xAF, 0x5C, 0x46, 0x4C, 0xB5, 0x29, 0x50, 0x71, 0xCE, 0x0E, 0xB1, 0x69, 0xF9, 0x68, 0x52, 0x0E,
    0x1B, 0x51, 0x32, 0x44, 0x44, 0x32, 0x12, 0x98, 0x93, 0xAC, 0x4C, 0x26, 0x20, 0xD9, 0x95, 0x52,
    0x99, 0x93, 0x07, 0xE1, 0x33, 0xF2, 0x20, 0x94, 0x80, 0x7E, 0x5A, 0x49, 0xD5, 0x79, 0xC6, 0x8E,
    0x74, 0x6C, 0xA7, 0x19, 0xD8, 0x6A, 0x49, 0x31, 0x2E, 0x60, 0x63, 0xF2, 0x9F, 0xB0, 0xB9, 0xF6,
    0x37, 0x6C, 0x4C, 0xFA, 0x87, 0x4A, 0xFC, 0x99, 0x2D, 0x92, 0xD0, 0xD4, 0xBD, 0xF6, 0xCB, 0x24,
    0xA4, 0x69, 0x57, 0x3B, 0x37, 0xD1, 0x1D, 0xD1, 0x55, 0xEF, 0x84, 0xEF, 0xCF, 0x5D, 0x27, 0x13,
    0x2F, 0x9C, 0xDC, 0xDB, 0x76, 0x78, 0xAF, 0x4A, 0xBA, 0x4A, 0x39, 0x60, 0x03, 0x14, 0x2E, 0xB8,
    0xE7, 0xD8, 0xC0, 0xC6, 0xB2, 0x7B, 0x7F, 0xA6, 0xBD, 0xC7, 0xC1, 0x8F, 0xE3, 0xC3, 0xC7, 0x59,
    0xCB, 0xAE, 0xB3, 0xD6, 0x02, 0xA9, 0x5A, 0x90, 0x6A, 0x05, 0xA9, 0x5E, 0x90, 0x1A, 0x04, 0x29,
    0xA7, 0x48, 0x65, 0xF9, 0x13, 0xC8, 0x5A, 0x9E, 0xB0, 0x04, 0xB2, 0x8A, 0x6D, 0x73, 0x92, 0x38,
    0x4E, 0x3F, 0xD6, 0xFD, 0xBA, 0x99, 0xDB, 0x12, 0x6E, 0x4A, 0x8C, 0x79, 0x51, 0xC8, 0xFF, 0xF2,
    0xCF, 0xE9, 0x04, 0x75, 0xB2, 0x4A, 0x50, 0xA9, 0x24, 0x28, 0x2B, 0x09, 0x2A, 0x17, 0x79, 0x72,
    0xCB, 0x04, 0xE5, 0xAF, 0x12, 0x54, 0x28, 0x09, 0x2A, 0x5E, 0xC9, 0x53, 0xBA, 0x4A, 0x50, 0xE5,
    0xE3, 0x4D, 0x50, 0xFF, 0x07, 0xCD, 0x56, 0x31, 0x8C, 0xDD, 0x44, 0x13, 0xFE, 0x6C, 0xEB, 0xE2,
    0x44, 0xD6, 0xFF, 0xFB, 0x0A, 0x42, 0xC1, 0x21, 0x39, 0x05, 0x2D, 0x71, 0x0B, 0x05, 0xB7, 0x2B,
    0xE8, 0xA5, 0x2B, 0xD2, 0x8B, 0xBE, 0x39, 0x0A, 0x0A, 0x22, 0x91, 0x78, 0x25, 0x7A, 0x29, 0x7D,
    0xDF, 0xD3, 0xA4, 0x41, 0xBA, 0xC4, 0xEE, 0x1B, 0xDC, 0x57, 0x2E, 0x22, 0x28, 0x71, 0x61, 0x24,
    0x9F, 0xB4, 0xF6, 0xF0, 0xCD, 0xF8, 0xDD, 0x7B, 0x0F, 0x72, 0x77, 0x12, 0xA9, 0x98, 0xC9, 0xEE,
    0xE7, 0xDD, 0xFD, 0x76, 0xBE, 0xD9, 0x71, 0xCE, 0xFB, 0x40, 0x6B, 0x45, 0xBC, 0xB0, 0x11, 0x71,
    0xDB, 0x18, 0x42, 0x8B, 0x87, 0xEE, 0x30, 0x29, 0xDD, 0x71, 0x8F, 0x83, 0xC9, 0xDE, 0xC6, 0xDB,
    0x1F, 0xFF, 0x0D, 0x57, 0xBC, 0xEB, 0xFF, 0xEB, 0xED, 0xFE, 0x9A, 0xDC, 0xB9, 0x7A, 0x9A, 0x4C,
    0xF9, 0x58, 0xF6, 0x75, 0xE7, 0x42, 0xE3, 0x5B, 0x2F, 0x9E, 0x2B, 0x7D, 0x33, 0xD6, 0x21, 0xF1,
    0xD5, 0x54, 0xC5, 0x22, 0xE6, 0x4B, 0x16, 0xE9, 0x33, 0x59, 0x43, 0xD5, 0x39, 0xFF, 0x15, 0xEE,
    0x5E, 0x39, 0x81, 0x1B, 0xDA, 0x81, 0x11, 0x82, 0x30, 0x96, 0x0B, 0xAE, 0xAB, 0xBA, 0x62, 0xC8,
    0x46, 0xBC, 0xC6, 0x29, 0x95, 0x46, 0x6A, 0x0D, 0xAA, 0xA6, 0x7A, 0xAA, 0xA8, 0x9A, 0x54, 0x35,
    0x5D, 0x53, 0xA6, 0xB6, 0xAA, 0xAB, 0xBE, 0x66, 0x60, 0x4A, 0xD4, 0xA2, 0x9A, 0xE9, 0xED, 0x14,
    0x4D, 0x55, 0x75, 0x55, 0x59, 0xB5, 0x4B, 0xAA, 0xD7, 0xD4, 0x67, 0x6E, 0x1F, 0xB0, 0xE7, 0x84,
    0xEE, 0x7A, 0x66, 0xDE, 0x6B, 0xEE, 0xF4, 0x40, 0xF7, 0x62, 0x79, 0x35, 0xA1, 0xE1, 0x29, 0xF4,
    0x1C, 0xDC, 0xD1, 0xEB, 0x59, 0x78, 0x1A, 0x3D, 0x4F, 0x72, 0x01, 0xA0, 0x98, 0xD9, 0xE5, 0xD6,
    0x4D, 0x37, 0x1D, 0xD7, 0xB7, 0xEE, 0x94, 0x9D, 0x97, 0xDF, 0xFF, 0x6C, 0x47, 0xA1, 0x6D, 0xDD,
    0x2F, 0xDF, 0x8C, 0x9F, 0x0C, 0xB6, 0xFA, 0xC1, 0x9D, 0x69, 0xA8, 0xA4, 0x65, 0x90, 0x3C, 0x53,
    0xDD, 0x45, 0xE7, 0xE2, 0x2D, 0xDD, 0xCC, 0x34, 0xD2, 0x99, 0x69, 0xFC, 0x76, 0xFD, 0xB7, 0x34,
    0xBE, 0x9E, 0x3F, 0x1E, 0xC0, 0x85, 0x03, 0xF9, 0xEE, 0x00, 0x46, 0x3E, 0xEC, 0xB5, 0x50, 0x16,
    0xF4, 0xCE, 0x6D, 0x96, 0x90, 0xA5, 0x56, 0x5C, 0xC3, 0xB1, 0x90, 0xAC, 0xE9, 0xEE, 0x5F, 0x68,
    0x04, 0x67, 0x33, 0xD4, 0xDE, 0xB0, 0x49, 0xCF, 0xB6, 0xB0, 0xF1, 0x41, 0xF8, 0x20, 0x7C, 0xD8,
    0x29, 0x51, 0x72, 0x05, 0x01, 0x04, 0x10, 0x40, 0xC0, 0x29, 0x60, 0x2F, 0x8B, 0x0C, 0x7A, 0xD3,
    0xE9, 0xAB, 0xC3, 0x85, 0xEB, 0xB3, 0x45, 0xC6, 0x52, 0x6E, 0x5A, 0xD3, 0xE5, 0x51, 0xE7, 0xD9,
    0x70, 0xB1, 0x6D, 0x40, 0xB6, 0xC0, 0xF6, 0xA1, 0x14, 0x40, 0xC6, 0xF7, 0x1F, 0x9A, 0x0E, 0x79,
    0x04, 0x9A, 0x6E, 0xBF, 0xAB, 0x0E, 0xED, 0xA0, 0x84, 0x76, 0xA8, 0x03, 0xDE, 0xB7, 0xEF, 0x77,
    0x78, 0x39, 0xB0, 0x5B, 0x60, 0x96, 0x69, 0xB2, 0x69, 0x84, 0x19, 0x93, 0xF1, 0xF6, 0xBE, 0xD4,
    0xEA, 0x81, 0x02, 0xC5, 0x00, 0x33, 0xE7, 0xCB, 0x1E, 0x65, 0x07, 0xB3, 0x97, 0x3A, 0x6D, 0x0A,
    0x56, 0x94, 0x7C, 0x44, 0x83, 0xCD, 0xA2, 0xBE, 0xF2, 0xE5, 0x68, 0x90, 0xCC, 0x47, 0x03, 0xAE,
    0x1D, 0x06, 0xF9, 0xB0, 0x1F, 0xE4, 0xC3, 0x4D, 0x64, 0xBC, 0x45, 0xD1, 0xD7, 0x5E, 0xEB, 0xFD,
    0x60, 0x65, 0xD4, 0xAA, 0x3B, 0x87, 0x48, 0x80, 0x93, 0xC1, 0xF5, 0x6D, 0xB8, 0xCA, 0xB6, 0xB2,
    0x4F, 0x95, 0x08, 0xE6, 0x62, 0x2C, 0xC6, 0x34, 0xA6, 0xB1, 0x90, 0x98, 0x8D, 0x65, 0x97, 0x4D,
    0xA6, 0xDD, 0xBE, 0xCA, 0xFB, 0x2A, 0x24, 0x33, 0xE3, 0xBF, 0x04, 0x98, 0x73, 0x4D, 0x89, 0xA2,
    0x83, 0xD3, 0x23, 0x79, 0xF6, 0xB1, 0xDC, 0x06, 0xE7, 0x38, 0x1A, 0xC4, 0xA3, 0x01, 0x73, 0x3E,
    0x0C, 0x18, 0xD3, 0xF9, 0x64, 0x2E, 0x7B, 0x46, 0xB3, 0x63, 0x53, 0xA7, 0xB0, 0x33, 0x72, 0xBD,
    0x1A, 0x8A, 0x31, 0x9F, 0x59, 0x3D, 0x72, 0x50, 0xAE, 0x6D, 0x9F, 0xC9, 0xCF, 0x13, 0xD0, 0x70,
    0x9B, 0x56, 0x52, 0x93, 0x55, 0x26, 0x5A, 0x76, 0x35, 0x27, 0x40, 0x26, 0x4E, 0x88, 0xF6, 0x97,
    0xF0, 0x04, 0x07, 0xFB, 0x96, 0x3C, 0x49, 0x25, 0x5B, 0x8A, 0x58, 0x4E, 0xD5, 0xE0, 0xBA, 0xC6,
    0xAF, 0x88, 0xA4, 0x70, 0x85, 0x6B, 0x74, 0xE1, 0xBA, 0x31, 0x94, 0xA3, 0x2C, 0xE5, 0x29, 0x53,
    0xB9, 0xCA, 0x26, 0xDF, 0x76, 0xD8, 0x1E, 0xBA, 0x0D, 0x97, 0x64, 0xA5, 0xDB, 0xAE, 0x54, 0xF2,
    0x98, 0x47, 0xEE, 0x9E, 0xE9, 0xB1, 0x1C, 0xE9, 0x53, 0xDD, 0xD3, 0x2D, 0x06, 0xA3, 0x80, 0xEE,
    0x55, 0x6A, 0xC5, 0x4C, 0x67, 0x2C, 0xF3, 0x47, 0x9C, 0x17, 0x2F, 0xA1, 0xE9, 0xDC, 0x50, 0x8D,
    0xE5, 0x9C, 0xC5, 0x84, 0x55, 0x86, 0xC3, 0xC3, 0x47, 0x48, 0xBD, 0xBD, 0x24, 0xD8, 0xE7, 0x5C,
    0x82, 0x1B, 0xD0, 0x74, 0x15, 0x2B, 0x36, 0x94, 0x33, 0xAA, 0x31, 0x8F, 0x28, 0xE7, 0x74, 0x45,
    0x16, 0x21, 0xE0, 0xA6, 0xC6, 0x73, 0x5F, 0xAD, 0x65, 0x65, 0xED, 0x1E, 0x22, 0x65, 0xE8, 0x24,
    0x30, 0xD1, 0x86, 0xE3, 0x6C, 0x64, 0x90, 0x7A, 0xC8, 0x67, 0x86, 0xA9, 0xC6, 0x2C, 0x32, 0x50,
    0x39, 0x65, 0x0B, 0x43, 0x15, 0x31, 0x11, 0x06, 0xE3, 0xB3, 0x30, 0x1C, 0x9F, 0x9B, 0xC0, 0xE5,
    0xD6, 0xD7, 0x5D, 0xC2, 0xE5, 0xAE, 0xEC, 0xD1, 0x32, 0x85, 0x9C, 0xAA, 0x28, 0xBA, 0x74, 0xD4,
    0xC0, 0x1E, 0x01, 0x38, 0x05, 0xED, 0x35, 0x5B, 0xBA, 0xB0, 0x2B, 0xB4, 0xFC, 0xF5, 0xAF, 0x3D,
    0xD0, 0x66, 0x13, 0x52, 0x56, 0x06, 0x05, 0xB7, 0x30, 0x0A, 0x18, 0x21, 0xED, 0xB5, 0x6F, 0x3C,
    0x93, 0x2D, 0x22, 0x1C, 0x73, 0xE9, 0x98, 0x07, 0x7B, 0xEA, 0xA3, 0x98, 0x2D, 0x04, 0xB3, 0x37,
    0xE6, 0x0F, 0xF6, 0x82, 0xAB, 0x1E, 0xCC, 0x95, 0x7C, 0x23, 0x8D, 0xA8, 0xC7, 0x6D, 0x5B, 0xB6,
    0x92, 0xCF, 0x55, 0xE5, 0x90, 0xB9, 0xB3, 0xCF, 0x61, 0xC9, 0x54, 0x5E, 0xD3, 0x19, 0x8B, 0x0E,
    0x57, 0x28, 0xFA, 0x94, 0x7C, 0x70, 0xEA, 0x8A, 0xF0, 0x02, 0xA8, 0x71, 0x95, 0x4C, 0x00, 0x17,
    0xF3, 0x5E, 0x59, 0x30, 0x76, 0xC4, 0x39, 0x68, 0x0E, 0xB3, 0x42, 0xF9, 0xD3, 0x00, 0x24, 0x53,
    0xF6, 0x47, 0x78, 0xAA, 0x55, 0x5D, 0xD1, 0x86, 0x1D, 0x24, 0xB3, 0x4D, 0x1A, 0xE5, 0xB0, 0xC1,
    0xB6, 0xEF, 0x83, 0x59, 0xE8, 0xBD, 0xD0, 0x26, 0xBB, 0x4B, 0x82, 0x4B, 0x6F, 0x98, 0xD2, 0x2E,
    0xC1, 0x5D, 0xBA, 0xD6, 0xDB, 0x7F, 0xD8, 0xC7, 0x2E, 0x60, 0x6D, 0x43, 0xBA, 0x4A, 0xC8, 0xB6,
    0xE6, 0xB3, 0xE5, 0x43, 0x5B, 0xEB, 0x53, 0x6B, 0x8D, 0x4F, 0x96, 0xE7, 0x48, 0xDE, 0xE1, 0xC8,
    0x1E, 0x03, 0xCF, 0x4C, 0xA7, 0xCB, 0x44, 0x9B, 0x3E, 0xEB, 0xDC, 0x3D, 0xBF, 0x15, 0x6E, 0xBE,
    0xD5, 0x01, 0x7B, 0xFB, 0x9F, 0xF5, 0xB5, 0xCD, 0x38, 0x7B, 0x7E, 0x6B, 0x7D, 0xC4, 0xCD, 0x7D,
    0x84, 0x7C, 0xB4, 0x7A, 0xF6, 0xDA, 0x57, 0x47, 0xC4, 0x97, 0x07, 0x62, 0x62, 0xC4, 0xCC, 0x88,
    0x45, 0x67, 0x74, 0x23, 0xD6, 0x46, 0x79, 0x71, 0x07, 0xB1, 0x37, 0x62, 0x77, 0x6B, 0xC4, 0x74,
    0xFE, 0x27, 0xB1, 0xDA, 0x88, 0x7E, 0x8B, 0x7B, 0xB0, 0x62, 0x65, 0x58, 0x79, 0x05, 0x27, 0x03,
    0x0A, 0x89, 0x68, 0x64, 0xB1, 0xAF, 0x73, 0xC3, 0x46, 0xEC, 0xBF, 0x4C, 0xDA, 0xAE, 0xF0, 0x97,
    0x23, 0x23, 0x0C, 0x76, 0xA1, 0xDB, 0x81, 0x92, 0x68, 0x1A, 0x76, 0x5C, 0x53, 0x74, 0xEF, 0x63,
    0xA6, 0x28, 0xC0, 0x25, 0x79, 0x67, 0x2B, 0x2E, 0x65, 0xC4, 0x99, 0xC4, 0x9B, 0x0F, 0x6B, 0xCE,
    0xF8, 0x09, 0x9F, 0x73, 0x99, 0x90, 0x50, 0x33, 0x5F, 0xBD, 0xE5, 0x61, 0x45, 0x5B, 0xB0, 0xC7,
    0x54, 0xF1, 0x0D, 0x15, 0x07, 0xE2, 0x17, 0xB8, 0xDB, 0x1E, 0xB3, 0x9D, 0x68, 0x8C, 0x00, 0x34,
    0x03, 0x32, 0xE9, 0x00, 0x19, 0xF7, 0x98, 0x8A, 0x07, 0xDA, 0x5E, 0xDF, 0xB0, 0x71, 0xCD, 0x12,
    0x6F, 0x50, 0xF5, 0x5A, 0x05, 0xB8, 0x9E, 0x45, 0x50, 0xD0, 0x1A, 0xA0, 0xE9, 0xB4, 0x04, 0x04,
    0xAD, 0x00, 0x41, 0x0B, 0x60, 0x90, 0x8F, 0x06, 0xE9, 0x6C, 0x80, 0x78, 0x0B, 0x64, 0x06, 0x7A,
    0x72, 0x02, 0x0F, 0x4E, 0xD0, 0x73, 0x13, 0xF4, 0xD8, 0x70, 0x84, 0x09, 0x0A, 0xAB, 0x57, 0xB0,
    0xB3, 0xEE, 0x21, 0xDD, 0xC0, 0x0E, 0xFC, 0xD4, 0xDF, 0x73, 0x58, 0x3B, 0x2B, 0xD3, 0xB5, 0x23,
    0xBA, 0xC1, 0xA0, 0x19, 0x52, 0xB1, 0x98, 0x78, 0x66, 0x14, 0x56, 0x44, 0xCD, 0x05, 0x83, 0x36,
    0xA0, 0x65, 0x58, 0x09, 0x99, 0xAC, 0x0A, 0xB9, 0xBD, 0x0C, 0x4F, 0x98, 0x08, 0xD9, 0xAB, 0xB3,
    0x48, 0x00, 0x92, 0xD5, 0x00, 0xCD, 0x06, 0x75, 0x30, 0x28, 0xBB, 0x5B, 0xC0, 0x19, 0x3C, 0x10,
    0x52, 0xD8, 0x0B, 0x08, 0x4E, 0x16, 0x85, 0x86, 0x31, 0x0D, 0xBC, 0xC1, 0x3B, 0xAA, 0x73, 0xCD,
    0xEF, 0xA1, 0xF1, 0xA8, 0x09, 0xCF, 0x81, 0xFF, 0xDF, 0xF3, 0x4A, 0x93, 0x0B, 0xCB, 0xBA, 0x9A,
    0xB7, 0xCF, 0x5F, 0xDC, 0x03, 0x27, 0xEB, 0xC9, 0x28, 0xDB, 0x11, 0xCD, 0x5A, 0xAA, 0x7C, 0x67,
    0x37, 0xE2, 0x5C, 0x8A, 0x5C, 0x9F, 0x4D, 0x2E, 0xD4, 0x22, 0xC3, 0x39, 0x52, 0x91, 0xF0, 0x29,
    0x70, 0x76, 0xBD, 0xBF, 0x06, 0xE9, 0x9F, 0xD1, 0x17, 0xFA, 0x5B, 0xBA, 0x6C, 0x9E, 0xD2, 0x13,
    0x7A, 0xB6, 0x6C, 0x6E, 0xBF, 0x93, 0xE9, 0x7A, 0x09, 0x16, 0x74, 0xBD, 0x08, 0xF5, 0x42, 0xD3,
    0x6B, 0x8C, 0x17, 0x9A, 0x5D, 0x88, 0xFA, 0x5B, 0x5D, 0x2F, 0xC5, 0x86, 0x1E, 0xE9, 0x3F, 0xD2,
    0x9F, 0xD0, 0x3F, 0xA2, 0xFF, 0x05, 0xAC, 0xD2, 0x01, 0x86, 0xE4, 0x4C, 0x18, 0xC6, 0xF1, 0x7F,
    0x27, 0x7A, 0x82, 0x20, 0xA0, 0x07, 0x20, 0x00, 0x7C, 0x3E, 0xEA, 0x08, 0x6F, 0x1D, 0x61, 0x60,
    0xF7, 0x1A, 0x73, 0x83, 0xAD, 0x3A, 0xC2, 0xDE, 0x64, 0xF7, 0x06, 0x55, 0x47, 0xC8, 0x11, 0x82,
    0x31, 0x00, 0x62, 0xC5, 0x6E, 0x86, 0xA4, 0x9E, 0xAD, 0xD6, 0xB4, 0x19, 0x30, 0xB0, 0xE4, 0xF7,
    0x22, 0xDE, 0xA7, 0x14, 0xF5, 0x70, 0x7E, 0x82, 0x24, 0xDF, 0x4A, 0xF3, 0x70, 0x3C, 0xAF, 0x6E,
    0xEA, 0x76, 0x8B, 0xCD, 0x1E, 0x38, 0x1D, 0x09, 0x8A, 0xAA, 0xF2, 0x8E, 0xB8, 0xFE, 0x6F, 0xF6,
    0xE4, 0xDB, 0xDD, 0x72, 0xBF, 0xBA, 0xB7, 0x34, 0x0F, 0x52, 0x6C, 0x74, 0xC0, 0xC5, 0x03, 0x00,
    0x2E, 0x82, 0x22, 0x4D, 0xD5, 0x55, 0x43, 0x65, 0x29, 0x92, 0x2C, 0x9E, 0x76, 0x8B, 0xED, 0x6A,
    0xB1, 0x9F, 0x2D, 0xBA, 0x6C, 0x31, 0x60, 0x51, 0xD2, 0x91, 0xA4, 0x62, 0x15, 0x58, 0xFC, 0xE8,
    0x3F, 0xDF, 0x49, 0xBE, 0x97, 0xB8, 0x1A, 0x32, 0xDC, 0x29, 0x56, 0x1B, 0xE7, 0x1F, 0x05, 0x4E,
    0x02, 0xC2, 0xBB, 0x5C, 0xF2, 0x74, 0xE2, 0x6B, 0xDA, 0x91, 0x16, 0x92, 0x3C, 0x97, 0x27, 0x80,
    0x0B, 0x34, 0xCA, 0x38, 0x7D, 0x47, 0x13, 0x6D, 0x81, 0x61, 0x05, 0x37, 0x81, 0xE9, 0x85, 0xA0,
    0x42, 0x92, 0xB2, 0x48, 0x53, 0x61, 0x5C, 0xC4, 0x50, 0xF5, 0x4B, 0xF2, 0xC3, 0x12, 0xF2, 0x38,
    0xDB, 0x5B, 0xCA, 0x83, 0xE4, 0x1B, 0x6D, 0x70, 0xF1, 0x24, 0x29, 0x4A, 0xCA, 0x57, 0x1B, 0xE6,
    0x57, 0x0A, 0x3F, 0x9B, 0x1D, 0xDA, 0x05, 0x86, 0x19, 0xC6, 0x0C, 0xE6, 0x21, 0x00, 0x05, 0x4E,
    0x3B, 0x34, 0x1B, 0xB4, 0xEB, 0x6D, 0xA5, 0xAB, 0xDA, 0x19, 0x78, 0xAA, 0x2E, 0x9E, 0x4E, 0x3B,
    0xA3, 0x84, 0xBD, 0x2A, 0x26, 0x6F, 0x39, 0xE1, 0x72, 0xC0, 0xA2, 0xD5, 0x39, 0xFC, 0xDE, 0x69,
    0xB4, 0xD2, 0xFD, 0x29, 0xB8, 0x18, 0x72, 0x60, 0x9C, 0x0A, 0xC3, 0xAC, 0x2B, 0xEF, 0xA6, 0xF4,
    0xAA, 0x6C, 0x12, 0xBD, 0x36, 0xF8, 0xE2, 0xE1, 0xE2, 0x69, 0xB5, 0x32, 0xAA, 0xDC, 0xCF, 0xD3,
    0xBB, 0x4C, 0xAA, 0xC2, 0x34, 0xCE, 0x4E, 0x9A, 0x7A, 0x29, 0x93, 0x14, 0x21, 0xC0, 0xA9, 0x40,
    0xB7, 0x43, 0x58, 0x78, 0x56, 0x26, 0x1C, 0x70, 0xF6, 0xF0, 0xB0, 0x84, 0x48, 0xF8, 0xA5, 0x85,
    0x20, 0x6D, 0x74, 0xA5, 0xEE, 0xB4, 0x7B, 0x5B, 0xC7, 0xD6, 0x7C, 0x36, 0x9C, 0x7A, 0x65, 0xD3,
    0xA0, 0xFC, 0xA1, 0x71, 0xE5, 0x1F, 0x34, 0xEE, 0xC1, 0x93, 0xB2, 0x53, 0x0E, 0x8A, 0x8F, 0x29,
    0x62, 0x9F, 0x7C, 0xA7, 0xF4, 0xE2, 0x24, 0x93, 0x6E, 0x17, 0x29, 0x74, 0x52, 0x1C, 0xDF, 0xD2,
    0x64, 0xD3, 0x38, 0x5B, 0x1E, 0x66, 0x57, 0x9D, 0xFD, 0x38, 0x81, 0x65, 0x48, 0xD0, 0x1C, 0xD0,
    0x6F, 0xE0, 0x66, 0x50, 0xA4, 0x3D, 0x60, 0x5C, 0xC1, 0xA4, 0xF5, 0xCA, 0x49, 0xCB, 0xED, 0xE9,
    0x36, 0x9C, 0x44, 0x78, 0x95, 0xFF, 0x86, 0xC5, 0xFF, 0xAB, 0x7B, 0xFE, 0x79, 0xA1, 0xD5, 0x56,
    0xDD, 0x6B, 0x9A, 0xB9, 0x89, 0x9C, 0xE4, 0x1F, 0x53, 0x21, 0x68, 0xC5, 0x14, 0xF9, 0x3B, 0xA0,
    0xB3, 0x48, 0xCA, 0x46, 0xF2, 0x03, 0x95, 0x8D, 0xD8, 0xC0, 0xD9, 0xA8, 0x01, 0x33, 0x1B, 0x3D,
    0x18, 0x76, 0xD9, 0x88, 0x9D, 0x8A, 0xD9, 0x08, 0x00, 0x75, 0x92, 0x21, 0x8C, 0xD4, 0x40, 0x14,
    0x86, 0xBF, 0x76, 0xC3, 0x55, 0x8C, 0x18, 0x0C, 0x86, 0x15, 0xF5, 0x6A, 0xBD, 0x80, 0x99, 0xF3,
    0xF6, 0x48, 0x70, 0xF8, 0x20, 0xF0, 0xAA, 0xE3, 0x15, 0x5E, 0xA3, 0xEE, 0x04, 0x5E, 0x75, 0xBC,
    0xAA, 0xC1, 0x57, 0x9C, 0x4F, 0xC5, 0x92, 0xC0, 0xA5, 0xED, 0x0F, 0x2F, 0x93, 0xA6, 0x3D, 0x72,
    0xBC, 0x6C, 0xBE, 0x97, 0x2F, 0xFB, 0x3A, 0x99, 0xF6, 0xFD, 0x60, 0x15, 0x24, 0x29, 0x17, 0xBE,
    0x95, 0x91, 0x2E, 0xE3, 0x0F, 0x74, 0x46, 0x9A, 0x64, 0xAC, 0x30, 0xF2, 0x22, 0xA5, 0xE5, 0xC0,
    0xF9, 0x85, 0x99, 0x20, 0x4D, 0xCF, 0xF8, 0xDF, 0xD3, 0x6E, 0xA4, 0xAF, 0xFF, 0x4C, 0x42, 0x77,
    0x05, 0x1A, 0x29, 0xC2, 0x45, 0x1A, 0xA0, 0x7B, 0xEC, 0x46, 0x50, 0xF4, 0x13, 0xD5, 0x4A, 0x33,
    0x51, 0xCF, 0x9C, 0x46, 0x4E, 0x33, 0x75, 0xA2, 0xB1, 0x69, 0x5C, 0xE1, 0x64, 0xF4, 0x46, 0x2F,
    0x69, 0xA2, 0x35, 0x42, 0x3B, 0xC2, 0x5F, 0x0E, 0xC6, 0x8B, 0x31, 0x94, 0x0F, 0x20, 0x29, 0x41,
    0xC8, 0x00, 0x21, 0x19, 0xBB, 0x68, 0xEC, 0x0D, 0xAC, 0x86, 0x6A, 0x31, 0x7E, 0x5E, 0xEF, 0xEF,
    0x1F, 0xB2, 0xAC, 0x72, 0x2F, 0x63, 0xF8, 0xF1, 0x5D, 0x8A, 0xAF, 0xA0, 0xBA, 0xE3, 0xA6, 0xD7,
    0x6F, 0xB6, 0xB2, 0xBF, 0xC7, 0x4D, 0x24, 0x69, 0xDE, 0xE4, 0xAC, 0xF8, 0x49, 0x6C, 0xA5, 0x58,
    0x2B, 0xED, 0x82, 0xF2, 0x41, 0xBA, 0xA3, 0x84, 0xE1, 0x99, 0x9C, 0xF2, 0x2E, 0xD9, 0x1D, 0xC5,
    0xEF, 0xD2, 0x1F, 0x45, 0xF1, 0x8B, 0x66, 0xBA, 0xD5, 0xA4, 0x91, 0x97, 0xE6, 0x5A, 0xCA, 0xE8,
    0xB6, 0x9B, 0x9D, 0x74, 0x6D, 0x46, 0x9F, 0x90, 0x34, 0x11, 0x2C, 0x0B, 0x2E, 0x9A, 0xA4, 0x22,
    0x0D, 0x48, 0x8F, 0x60, 0x32, 0x96, 0xD3, 0x30, 0x71, 0xCB, 0x41, 0x1A, 0x8D, 0xBB, 0x54, 0x5A,
    0x76, 0xE1, 0xA2, 0xB8, 0x4B, 0xD5, 0xE7, 0x7D, 0x8C, 0x76, 0x17, 0x8F, 0xDF, 0x64, 0xC0, 0x47,
    0x9F, 0x9D, 0x9E, 0x4C, 0x7E, 0x7E, 0xF4, 0x31, 0xC4, 0x4E, 0x4A, 0xD0, 0x6A, 0xF6, 0x4F, 0x2B,
    0x32, 0xC1, 0xE9, 0xEA, 0xF5, 0x0B, 0x4A, 0x7D, 0x88, 0xF6, 0x03, 0xCE, 0xFA, 0x06, 0x54, 0x92,
    0x00, 0x57, 0x5A, 0x58, 0x6F, 0x7B, 0x40, 0x03, 0x01, 0x6A, 0x61, 0xAD, 0x99, 0xE1, 0x3D, 0xF8,
    0x2B, 0xBC, 0x83, 0x76, 0x82, 0xD7, 0x25, 0x18, 0xE5, 0x3A, 0x7B, 0x48, 0x83, 0xB6, 0x68, 0x6A,
    0xD8, 0x5E, 0x78, 0x6B, 0xB6, 0xE8, 0x54, 0x9A, 0xB9, 0x52, 0x59, 0xFF, 0xF1, 0xF1, 0x6D, 0x75,
    0x61, 0x32, 0xD2, 0x96, 0x1B, 0xBB, 0xD5, 0xC8, 0x49, 0x03, 0x67, 0x40, 0x7A, 0x10, 0x70, 0x29,
    0x49, 0xA9, 0x4B, 0x7A, 0x78, 0x73, 0x07, 0x7F, 0x00, 0xB5, 0x94, 0xBD, 0x6E, 0xD4, 0x40, 0x10,
    0xC7, 0xE7, 0x76, 0x41, 0x0E, 0x32, 0x62, 0xD3, 0xA4, 0x43, 0xF2, 0x13, 0x20, 0xB7, 0xA9, 0xB2,
    0xEE, 0x68, 0x79, 0x20, 0x24, 0x9F, 0x78, 0x9C, 0x4B, 0xC1, 0x0B, 0x40, 0x6C, 0xF1, 0x04, 0x7E,
    0x03, 0x2C, 0xCA, 0x34, 0x4C, 0x3E, 0xA4, 0x58, 0xC1, 0xE7, 0x65, 0xE6, 0x3F, 0xD6, 0xED, 0x95,
    0x27, 0x05, 0x46, 0xA7, 0x9F, 0xF7, 0x66, 0x76, 0x67, 0xE7, 0xCB, 0x26, 0x93, 0x00, 0xC6, 0x5E,
    0xD9, 0x29, 0xDC, 0xAC, 0x2C, 0x47, 0x65, 0xBD, 0x85, 0xFA, 0x3A, 0xA5, 0xB4, 0xA4, 0xA4, 0xEC,
    0x40, 0xD3, 0xDB, 0x1E, 0x3F, 0x29, 0x69, 0x01, 0x23, 0x0C, 0xA1, 0x51, 0x6E, 0x14, 0x26, 0x8E,
    0x75, 0xFB, 0x2C, 0x88, 0x49, 0x90, 0x52, 0x4F, 0xFE, 0xF9, 0x89, 0x29, 0xFC, 0xBA, 0x9B, 0x29,
    0x7E, 0xE1, 0x8E, 0xAE, 0x1C, 0xD7, 0x74, 0xE6, 0xF8, 0x6C, 0xDD, 0xEC, 0xFF, 0x29, 0x20, 0x16,
    0x94, 0xC5, 0xFC, 0x88, 0xF5, 0xDE, 0x62, 0x86, 0x21, 0x0C, 0x66, 0x48, 0x22, 0xD7, 0x7B, 0x4B,
    0x16, 0xDC, 0x9B, 0x3E, 0xEF, 0xB1, 0xFD, 0x4B, 0xCE, 0xDD, 0x8D, 0xD9, 0xFF, 0x7F, 0x08, 0xDD,
    0x09, 0xDE, 0x3A, 0x7E, 0x43, 0x51, 0x6A, 0xD4, 0xC4, 0x1F, 0xDC, 0x51, 0x79, 0x7F, 0x3F, 0x93,
    0x7B, 0xFE, 0x23, 0x96, 0x2E, 0xF5, 0x44, 0x75, 0xD2, 0xFA, 0x4E, 0x39, 0x16, 0x88, 0xDF, 0xD2,
    0xA5, 0x45, 0x7D, 0x83, 0xD6, 0xC8, 0x0F, 0x71, 0x87, 0x11, 0x81, 0xFB, 0x49, 0x4D, 0xAA, 0x89,
    0xB7, 0xBB, 0xDD, 0xAE, 0x6B, 0xDA, 0xA4, 0xD2, 0x47, 0x7B, 0x54, 0x3A, 0x12, 0x2D, 0x15, 0x2C,
    0x85, 0x9A, 0xF5, 0x47, 0x25, 0xAB, 0x82, 0x6A, 0x31, 0x54, 0x03, 0x86, 0xA5, 0xEC, 0xE9, 0xB3,
    0x75, 0xFA, 0x5C, 0x1F, 0x2C, 0x28, 0x66, 0x42, 0x3C, 0x16, 0x99, 0x5B, 0x9E, 0xD8, 0xA2, 0xAD,
    0x35, 0x6E, 0x64, 0x80, 0x5C, 0x90, 0xD5, 0xA9, 0xC8, 0xD9, 0xD7, 0x39, 0x7B, 0xF5, 0x9C, 0xB3,
    0xB7, 0x7B, 0x37, 0xAC, 0x18, 0x04, 0xC5, 0x24, 0xA8, 0x16, 0x41, 0x9B, 0xB6, 0xE4, 0x52, 0x1A,
    0xE5, 0xD8, 0xC3, 0xA4, 0x61, 0x2C, 0xEA, 0x2A, 0x36, 0xEF, 0x1D, 0xBF, 0x3B, 0xE1, 0xDE, 0x93,
    0xAB, 0x8E, 0xA2, 0x65, 0x88, 0xF6, 0x75, 0x23, 0x40, 0x19, 0x81, 0x70, 0x12, 0x5C, 0x2F, 0x28,
    0x59, 0x50, 0xEB, 0xAA, 0x13, 0x9D, 0x9B, 0x05, 0x05, 0x0B, 0xAA, 0xDB, 0xDD, 0x57, 0xF4, 0xC7,
    0x80, 0xF6, 0xD9, 0x0C, 0x2E, 0x87, 0xB7, 0x2F, 0x8C, 0xAA, 0x1C, 0xD6, 0x89, 0xBC, 0xD0, 0x67,
    0x7B, 0x40, 0x3C, 0x19, 0x97, 0x8A, 0x45, 0x11, 0x1B, 0x41, 0x18, 0x04, 0xFE, 0x51, 0xAD, 0x7B,
    0x8A, 0x3A, 0x2D, 0x87, 0x30, 0xF4, 0xD2, 0xCE, 0x3E, 0x1C, 0x98, 0x11, 0x4C, 0x88, 0xA9, 0xE8,
    0x9B, 0xE2, 0x5C, 0x81, 0x77, 0x28, 0x93, 0x75, 0x3A, 0x85, 0x61, 0x50, 0x46, 0xAC, 0x17, 0xD5,
    0xFB, 0x49, 0x59, 0x8E, 0xCA, 0x5A, 0xE6, 0xF2, 0x9A, 0x31, 0x96, 0x1C, 0x41, 0x54, 0x89, 0x8A,
    0xE3, 0xD7, 0xB7, 0x6D, 0x94, 0xD5, 0x00, 0x43, 0x0F, 0x03, 0x65, 0xF1, 0xD0, 0x84, 0x31, 0x7F,
    0x9C, 0x70, 0xCA, 0xE1, 0xFD, 0x2E, 0xC1, 0x1A, 0xBC, 0xC1, 0xF6, 0x19, 0xB4, 0x75, 0x7D, 0xB4,
    0xC7, 0x83, 0x38, 0x6B, 0x7E, 0xCC, 0x27, 0xFC, 0x67, 0x41, 0xA2, 0xB3, 0x6A, 0x93, 0x20, 0xFC,
    0x16, 0x5B, 0xFC, 0xC8, 0x44, 0xC9, 0xCF, 0xA2, 0x12, 0x65, 0x10, 0xF4, 0x31, 0xFA, 0x27, 0xFE,
    0x10, 0xFD, 0xDD, 0xF8, 0x2A, 0x7A, 0x6E, 0x48, 0x40, 0x2F, 0xC2, 0xC5, 0xE6, 0x53, 0x8E, 0xA1,
    0x38, 0x0E, 0x6E, 0x82, 0xEA, 0x3B, 0x25, 0x95, 0x06, 0x1C, 0x40, 0x14, 0x70, 0x4D, 0xE7, 0xCA,
    0xD6, 0xA6, 0x3F, 0xDA, 0xD3, 0xE0, 0x6C, 0xF6, 0x03, 0x9F, 0xF0, 0x0F, 0xC1, 0xB5, 0x08, 0xE0,
    0xC5, 0x40, 0x31, 0x62, 0xF4, 0x0F, 0x5C, 0x25, 0x9F, 0x86, 0x42, 0xD0, 0x6C, 0x92, 0x97, 0xF0,
    0x5A, 0x1D, 0x97, 0xF0, 0xB3, 0xB7, 0x92, 0x5A, 0x71, 0x51, 0xE6, 0xDC, 0x5E, 0x46, 0x68, 0x6E,
    0xB6, 0xC6, 0x74, 0x96, 0x56, 0xD5, 0x5B, 0x8B, 0x99, 0xD0, 0xBF, 0x69, 0x6D, 0xA6, 0x75, 0xB6,
    0xDE, 0xC2, 0x4D, 0xE8, 0xD7, 0x7F, 0xAB, 0x6D, 0xDD, 0x69, 0xE7, 0x56, 0x2F, 0xAB, 0x4F, 0xBB,
    0x21, 0xDF, 0x67, 0xF2, 0x17, 0xDD, 0x96, 0x3F, 0xA8, 0xE5, 0x54, 0x10, 0xC6, 0x27, 0x89, 0x6B,
    0xD4, 0x14, 0xA9, 0x56, 0x11, 0xD1, 0x54, 0x96, 0x9A, 0xD6, 0xEE, 0x44, 0x7B, 0x70, 0x8B, 0xBD,
    0xB6, 0xAF, 0x76, 0x9B, 0xED, 0x41, 0x3C, 0xC1, 0xBE, 0x78, 0x7D, 0x6D, 0x6F, 0x0F, 0xFB, 0xDE,
    0x09, 0xD8, 0x43, 0x0A, 0x65, 0xDB, 0x14, 0xBB, 0x82, 0xD8, 0x9C, 0x22, 0x42, 0x60, 0x4F, 0x32,
    0xCE, 0x7C, 0x13, 0x08, 0x61, 0xEF, 0x83, 0xAD, 0x0D, 0xEE, 0xFC, 0xE4, 0x65, 0xFE, 0x7C, 0x33,
    0x73, 0x0E, 0xB9, 0x64, 0x8F, 0x1F, 0xC5, 0x14, 0xC9, 0x4D, 0x82, 0x72, 0x69, 0xA3, 0xA0, 0x9A,
    0x9B, 0x59, 0x50, 0xC7, 0x3A, 0x09, 0x9A, 0xB1, 0x52, 0xB8, 0xA1, 0xD8, 0xD4, 0xBD, 0xCF, 0x59,
    0x10, 0x28, 0x53, 0xC8, 0x3F, 0x96, 0x67, 0x25, 0x0A, 0x82, 0x24, 0x5E, 0x82, 0x45, 0x30, 0x51,
    0x15, 0x25, 0x34, 0x52, 0x2D, 0x79, 0xEB, 0x59, 0x92, 0x10, 0x49, 0x9A, 0x76, 0xD0, 0x5A, 0xE4,
    0x3A, 0xC1, 0x46, 0x9E, 0x48, 0xD3, 0x68, 0x5A, 0xE2, 0x2E, 0x29, 0xC2, 0x2F, 0x80, 0xFF, 0x7D,
    0x56, 0xB8, 0x97, 0x51, 0xD1, 0xBC, 0x99, 0x14, 0x35, 0x0F, 0x8A, 0x8A, 0x7B, 0x45, 0xC9, 0x9D,
    0xA2, 0x60, 0x74, 0x91, 0xCF, 0xC0, 0xFE, 0x84, 0x57, 0xEA, 0x2D, 0x0E, 0x9E, 0x79, 0xA4, 0x3B,
    0xF2, 0x91, 0x6E, 0xA9, 0x5E, 0x34, 0x2A, 0x69, 0xCC, 0xAA, 0x11, 0x5A, 0x36, 0xB3, 0xDA, 0xBB,
    0x79, 0xBE, 0xB0, 0xA4, 0x65, 0x46, 0x17, 0xC4, 0x7D, 0xC3, 0xE2, 0x99, 0x73, 0x35, 0x8B, 0x9F,
    0xF4, 0x91, 0xAF, 0xED, 0x20, 0xB1, 0xAE, 0x97, 0x16, 0x7C, 0x27, 0x26, 0x74, 0x54, 0xCE, 0xAC,
    0x83, 0xDA, 0x8D, 0xF4, 0x27, 0xC6, 0xF5, 0x52, 0x99, 0x29, 0xF4, 0xF9, 0x2A, 0x83, 0x68, 0x16,
    0x6A, 0x55, 0x45, 0xC5, 0x2C, 0xF5, 0x44, 0x19, 0xB2, 0xCF, 0x6A, 0x12, 0xCC, 0xE3, 0xCB, 0x53,
    0xA8, 0x7A, 0x27, 0xF3, 0x48, 0x4D, 0x23, 0x61, 0x87, 0x79, 0xE7, 0x58, 0x98, 0x2F, 0x2F, 0x4F,
    0xCA, 0xE4, 0x25, 0xEC, 0x30, 0x91, 0x8E, 0x27, 0x7B, 0x42, 0xF4, 0x8D, 0x20, 0xF0, 0x2B, 0xDA,
    0x48, 0x95, 0xF3, 0x77, 0x89, 0x32, 0x01, 0xFF, 0x33, 0x53, 0xC9, 0x93, 0xBC, 0x19, 0xA9, 0x59,
    0x75, 0x0D, 0x1D, 0xB9, 0xA8, 0x0B, 0xE8, 0x89, 0x07, 0x6C, 0x07, 0x47, 0xC2, 0xF1, 0x84, 0xF9,
    0xF2, 0xF7, 0xB1, 0x48, 0x3A, 0xEB, 0x6A, 0x2E, 0x17, 0x79, 0x2D, 0xB6, 0x9A, 0x25, 0xE3, 0x54,
    0xA4, 0x5A, 0xC2, 0x42, 0x0F, 0xCA, 0x16, 0xC0, 0x6A, 0x31, 0xB6, 0x93, 0x31, 0xF4, 0xA0, 0x2E,
    0x49, 0xE3, 0xE4, 0x35, 0x69, 0x9E, 0x46, 0x4F, 0x93, 0xE4, 0xF5, 0x83, 0x64, 0x92, 0xB7, 0x28,
    0x38, 0x66, 0x98, 0x81, 0x88, 0x08, 0xD0, 0x43, 0xE4, 0x17, 0x52, 0x8D, 0x22, 0xFB, 0x36, 0x67,
    0x91, 0xFD, 0x46, 0xF5, 0x0F, 0x54, 0x4F, 0xD2, 0xEE, 0xA6, 0x0B, 0x7A, 0x5F, 0xDE, 0x48, 0x26,
    0xF4, 0x7B, 0x7A, 0xDE, 0x33, 0xDC, 0xC1, 0x16, 0x1B, 0x50, 0x31, 0x50, 0xDB, 0x81, 0x6B, 0xEC,
    0x14, 0xBA, 0x60, 0x68, 0x47, 0xC5, 0x7D, 0x13, 0x15, 0x6B, 0xAD, 0xC8, 0x52, 0xB5, 0x68, 0xF4,
    0x62, 0x23, 0x8F, 0x18, 0x47, 0x85, 0x5E, 0xA8, 0x16, 0xB1, 0x82, 0x76, 0x20, 0xCD, 0xE6, 0x7A,
    0xD2, 0x34, 0x5E, 0xFE, 0x13, 0x04, 0xED, 0x45, 0x92, 0x68, 0x6B, 0x94, 0x27, 0x5C, 0x9F, 0x42,
    0x47, 0xB7, 0x50, 0x39, 0xE3, 0xFA, 0x68, 0x7A, 0xC9, 0x56, 0x4F, 0xD0, 0x26, 0x49, 0x28, 0x67,
    0x72, 0x82, 0x8C, 0x3B, 0xCF, 0x68, 0x32, 0x5C, 0x41, 0x0F, 0xCB, 0xC3, 0x8E, 0x30, 0x92, 0x16,
    0xC4, 0x8D, 0x0F, 0x1D, 0x6E, 0x3C, 0x93, 0xDE, 0xF8, 0x6C, 0xD5, 0x5A, 0x52, 0x5A, 0x6B, 0x69,
    0x69, 0x55, 0x5E, 0x45, 0x8C, 0x54, 0x4A, 0x8B, 0x72, 0xDC, 0x63, 0xEE, 0x51, 0x5A, 0x94, 0xBB,
    0x1E, 0x92, 0x3D, 0xE1, 0xC6, 0x6F, 0x04, 0xC9, 0xAB, 0xA0, 0x9E, 0x25, 0x89, 0x4A, 0x2E, 0x66,
    0x9C, 0xBA, 0x32, 0x62, 0x9C, 0xD5, 0x84, 0x1B, 0x5F, 0x63, 0x74, 0x7C, 0x03, 0x84, 0xD0, 0x29,
    0xBC, 0x0D, 0xD9, 0x6D, 0x40, 0x9B, 0x80, 0x7A, 0x31, 0x48, 0xD8, 0xF1, 0xC8, 0xEE, 0x58, 0xC5,
    0x00, 0xB5, 0xC1, 0x6F, 0x97, 0xCB, 0xE5, 0x49, 0xC6, 0x58, 0x46, 0xB9, 0x1D, 0xC1, 0x50, 0x84,
    0xC4, 0x03, 0xE0, 0x0D, 0x56, 0x93, 0x98, 0x4E, 0xC0, 0x13, 0xCF, 0x38, 0xB9, 0x20, 0xEE, 0xC8,
    0xE2, 0x0C, 0x56, 0x01, 0xF5, 0x8E, 0xEA, 0xBB, 0x96, 0x5D, 0x19, 0x74, 0x1E, 0xAA, 0xD1, 0x03,
    0xA2, 0x72, 0x0B, 0x2A, 0x66, 0x8B, 0x8D, 0x0F, 0xF7, 0xE7, 0xFF, 0x44, 0x7F, 0xAE, 0x43, 0x05,
    0x6F, 0xF5, 0x82, 0x55, 0x5F, 0x4D, 0x4B, 0x82, 0xB2, 0x3C, 0x41, 0x67, 0xB1, 0x40, 0x75, 0x11,
    0x81, 0x2A, 0x3E, 0xD8, 0x1F, 0xB6, 0x18, 0x04, 0x1D, 0xE2, 0xBC, 0xF5, 0xB7, 0x59, 0x7F, 0xAB,
    0xA0, 0x8D, 0x59, 0x42, 0x7F, 0xC5, 0x82, 0xFE, 0x20, 0x36, 0xE7, 0x97, 0xD1, 0xF6, 0xF6, 0xAF,
    0xF6, 0xD7, 0x9C, 0xFB, 0x73, 0x3B, 0xF6, 0x71, 0xC1, 0xD2, 0xBD, 0xE1, 0x47, 0xD8, 0xEC, 0x37,
    0xB8, 0xEC, 0x71, 0x0C, 0x14, 0xFC, 0x5A, 0x87, 0x55, 0x4B, 0x51, 0x94, 0x05, 0xDC, 0x78, 0x6D,
    0x71, 0x82, 0xEC, 0xB2, 0x77, 0x34, 0x9C, 0x71, 0x5E, 0x95, 0x1B, 0x0C, 0xD3, 0x69, 0x47, 0x7C,
    0x6B, 0x3B, 0xB2, 0xEA, 0xCE, 0x90, 0x1B, 0x28, 0x53, 0x11, 0x8E, 0x79, 0xEB, 0xAC, 0x91, 0xD5,
    0xC0, 0x03, 0x3D, 0xBE, 0x5C, 0x7E, 0xE0, 0xD9, 0x96, 0xBE, 0x02, 0x39, 0xEF, 0xD5, 0x86, 0x43,
    0xEC, 0x71, 0x22, 0x0C, 0xD5, 0xBE, 0xDC, 0x7D, 0xD5, 0x0B, 0x92, 0x71, 0x3A, 0xE3, 0x70, 0x31,
    0x1C, 0x71, 0x7B, 0x96, 0xE6, 0x34, 0x0E, 0xAB, 0x87, 0xEA, 0xD0, 0xB2, 0x2B, 0x33, 0x9D, 0x87,
    0x6A, 0xF4, 0x40, 0x77, 0xBB, 0x46, 0x83, 0x83, 0xBD, 0xDE, 0xDF, 0xCD, 0x6B, 0xF4, 0x57, 0x45,
    0xF4, 0x57, 0x46, 0x54, 0x28, 0x66, 0xD4, 0xCB, 0x13, 0xAA, 0x67, 0x02, 0x3B, 0x73, 0x50, 0x76,
    0x6F, 0x3A, 0xBD, 0xA9, 0x76, 0xDD, 0xC3, 0xFD, 0xD5, 0x13, 0x5C, 0xCA, 0x08, 0x14, 0x33, 0xE2,
    0x8A, 0x05, 0x59, 0xB2, 0x64, 0xFD, 0xAD, 0xD6, 0xDF, 0x66, 0xFD, 0x79, 0xEB, 0xCF, 0xDD, 0xA0,
    0x3F, 0x7F, 0xAD, 0x3F, 0xB6, 0xBD, 0x56, 0x11, 0x28, 0x76, 0x2C, 0x40, 0xF6, 0xAB, 0xB9, 0xBC,
    0x32, 0xF0, 0x68, 0x58, 0x34, 0xD9, 0xE5, 0x39, 0xEF, 0xFB, 0x1B, 0x40, 0x3F, 0x02, 0xED, 0x79,
    0x71, 0xCB, 0xA3, 0x0B, 0xD6, 0x51, 0xA3, 0x87, 0x1D, 0xC9, 0xF0, 0xD0, 0xAA, 0x8E, 0xC3, 0x66,
    0xA9, 0x3F, 0x63, 0x2B, 0xBB, 0x1A, 0x26, 0x60, 0x23, 0x88, 0xC0, 0x1E, 0x8E, 0x31, 0x29, 0x5B,
    0xE3, 0x2D, 0xF9, 0x3F, 0x88, 0x3E, 0xB1, 0x1B, 0x4D, 0xC5, 0xFF, 0x97, 0x19, 0xFF, 0x2D, 0x33,
    0xDA, 0x6E, 0xA5, 0xEF, 0x21, 0xB3, 0x39, 0xF4, 0x85, 0x50, 0xC6, 0xA3, 0x17, 0xF1, 0x69, 0x73,
    0x4C, 0x67, 0xB7, 0xAD, 0x04, 0x7F, 0x9C, 0xEA, 0x4D, 0x4F, 0x4D, 0xC1, 0x1D, 0xD1, 0x9A, 0xE9,
    0xA4, 0xEF, 0xF0, 0xF5, 0xFF, 0x89, 0x1C, 0x56, 0x51, 0x27, 0xBB, 0xE7, 0xB6, 0xE3, 0x5E, 0xC1,
    0x58, 0xB1, 0xC3, 0x8A, 0x1A, 0xAC, 0xAD, 0x5A, 0xD5, 0x16, 0x0C, 0xBB, 0x21, 0x20, 0x1D, 0x6B,
    0x74, 0xF0, 0x0F, 0x1A, 0x9B, 0x99, 0x8B, 0xBD, 0x5C, 0x8E, 0x83, 0xA2, 0x3D, 0x7C, 0x40, 0xAA,
    0xE1, 0x6B, 0xC4, 0xBB, 0x2A, 0x69, 0x08, 0x8E, 0xF2, 0xA6, 0xF1, 0xF9, 0x1A, 0xB0, 0x7B, 0xDB,
    0x6D, 0x38, 0x36, 0x3C, 0x1F, 0x9F, 0x9C, 0xF1, 0x30, 0x9A, 0x7E, 0x52, 0x33, 0xDA, 0x6F, 0x04,
    0x5C, 0xA8, 0xFD, 0xE2, 0x6A, 0xFE, 0x2C, 0xED, 0xA7, 0xDB, 0xBE, 0x14, 0x55, 0x7C, 0xDB, 0xD7,
    0xBF, 0xED, 0x5B, 0xCC, 0x57, 0x7C, 0xFB, 0x93, 0x2F, 0x7E, 0x10, 0xA7, 0x93, 0x2F, 0x84, 0x34,
    0xE6, 0xAB, 0x86, 0x4C, 0xC8, 0x1E, 0xE5, 0x7A, 0xBC, 0x85, 0x1F, 0x22, 0x10, 0x8B, 0x2C, 0xC8,
    0x87, 0xCC, 0x67, 0xEF, 0x16, 0xDE, 0xE3, 0xC9, 0xBB, 0x58, 0x4C, 0xE9, 0xD9, 0xBB, 0x7B, 0xDB,
    0xBB, 0x8C, 0x57, 0xBC, 0xC3, 0xC9, 0x1B, 0x72, 0x92, 0xF0, 0x6C, 0x3E, 0xA7, 0x94, 0x8D, 0x6E,
    0x48, 0x55, 0x6C, 0x97, 0xE4, 0xA7, 0x9C, 0x99, 0x3B, 0x72, 0xBA, 0x80, 0x92, 0x7B, 0x89, 0xE4,
    0x89, 0x72, 0xBD, 0x90, 0x4D, 0x7A, 0x11, 0x26, 0x37, 0xA6, 0x26, 0x7E, 0x41, 0x29, 0x9F, 0xAE,
    0xA5, 0xB2, 0xE7, 0x59, 0x27, 0x91, 0x0B, 0x35, 0x12, 0xE3, 0xFA, 0xD0, 0xDD, 0x53, 0xDB, 0xAF,
    0x54, 0x0F, 0x69, 0xFF, 0xA7, 0xFF, 0xAF, 0x7F, 0xF3, 0x7D, 0x90, 0xE4, 0x2B, 0x55, 0x3C, 0x23,
    0xA6, 0xED, 0xC3, 0xC4, 0x91, 0x63, 0x18, 0x3F, 0xB5, 0x3C, 0x1F, 0xDD, 0x02, 0xED, 0x78, 0xFA,
    0x4E, 0xF5, 0x80, 0xEF, 0x80, 0x70, 0xFC, 0xF8, 0xB0, 0xA1, 0x62, 0xC0, 0x40, 0xB1, 0x63, 0x01,
    0xCA, 0x08, 0xD4, 0x3B, 0x26, 0xA0, 0x41, 0x66, 0x9D, 0x0D, 0x33, 0x32, 0xA3, 0xF3, 0x4E, 0xD0,
    0x6B, 0xE6, 0x67, 0x61, 0xFF, 0xCA, 0x8F, 0xF6, 0x95, 0x9F, 0x30, 0xD9, 0x26, 0xE6, 0x09, 0x99,
    0xEC, 0x24, 0xCC, 0xC8, 0x5C, 0x2E, 0xB6, 0xB2, 0x84, 0xCC, 0x79, 0xAA, 0x07, 0xE8, 0x69, 0x15,
    0xC4, 0xAE, 0x37, 0x40, 0xB3, 0x37, 0xCD, 0x6E, 0x33, 0xAC, 0xD7, 0x7E, 0xCE, 0xCD, 0x40, 0x15,
    0x81, 0xFC, 0x96, 0xEC, 0xF9, 0x50, 0xEF, 0xDA, 0xBD, 0x8C, 0x2B, 0xDF, 0x64, 0xB6, 0xD5, 0xEC,
    0x7A, 0x7F, 0xD3, 0xFF, 0x4C, 0x0D, 0xD3, 0x0B, 0xAA, 0x12, 0x25, 0x2A, 0x66, 0x35, 0x0B, 0xC9,
    0x84, 0x57, 0x92, 0xE1, 0xFA, 0xCE, 0xFD, 0xB5, 0xD5, 0x53, 0xCB, 0x4B, 0xB9, 0x56, 0x3C, 0xCA,
    0x7C, 0x2E, 0x44, 0x5F, 0x65, 0xA1, 0x97, 0x5E, 0xA8, 0xE2, 0x98, 0x73, 0xA2, 0x96, 0x53, 0xC5,
    0x2C, 0x5D, 0x73, 0x3B, 0x78, 0xD9, 0x95, 0xD3, 0xD5, 0xC8, 0x9A, 0x6C, 0x5B, 0x55, 0x04, 0xCA,
    0x19, 0xD0, 0x3F, 0xF6, 0xE2, 0x22, 0xA9, 0x3B, 0xFF, 0xED, 0xEA, 0xC6, 0xA0, 0xE7, 0xA4, 0x66,
    0xA9, 0xC7, 0x63, 0xC1, 0x0B, 0x65, 0xF7, 0x44, 0xCF, 0x7B, 0xFA, 0x0F, 0xD5, 0x55, 0x21, 0xAC,
    0xDE, 0x64, 0x14, 0x3D, 0x5F, 0x3B, 0xD6, 0x85, 0x92, 0x14, 0x33, 0x92, 0x31, 0xA0, 0x08, 0x24,
    0x49, 0x11, 0x08, 0x0C, 0x6B, 0x83, 0x17, 0x13, 0xFC, 0x7A, 0x06, 0x05, 0x62, 0xF8, 0x90, 0xB5,
    0x99, 0x17, 0x4F, 0xE0, 0x35, 0x28, 0xBC, 0xE0, 0xB5, 0x5E, 0xD5, 0x61, 0x6B, 0x09, 0xA6, 0xA2,
    0x24, 0x25, 0x69, 0x7B, 0xE1, 0xDC, 0x7B, 0x33, 0xBE, 0xF7, 0x8F, 0x17, 0x78, 0xC9, 0xCB, 0xC8,
    0x6E, 0xB6, 0xEF, 0x74, 0xDF, 0x3D, 0xFF, 0xBD, 0xE7, 0x9E, 0xBB, 0xA6, 0x07, 0x34, 0xE4, 0x75,
    0x01, 0x8D, 0xE1, 0x1F, 0x01, 0x8C, 0x37, 0x60, 0x51, 0x74, 0x86, 0xF5, 0x64, 0xD8, 0x5B, 0x3A,
    0xF1, 0x3A, 0xD9, 0xEE, 0xB4, 0xD5, 0x69, 0xF3, 0x15, 0x5A, 0x90, 0x46, 0x31, 0x3D, 0x9C, 0xB6,
    0x19, 0x56, 0x4E, 0x6B, 0x47, 0xA7, 0x75, 0x46, 0x93, 0x33, 0xDA, 0x72, 0x85, 0x86, 0x33, 0x5A,
    0xEE, 0xB4, 0x72, 0xB9, 0xAA, 0x51, 0x5C, 0xA3, 0x68, 0x74, 0x99, 0x63, 0xE9, 0x58, 0x3B, 0xCA,
    0x7F, 0x8D, 0xAF, 0x25, 0xDD, 0xFE, 0xAF, 0x3F, 0x3F, 0x86, 0x1F, 0x80, 0x74, 0x8B, 0xCD, 0xCE,
    0x45, 0xA1, 0x30, 0x28, 0xCD, 0x94, 0xFA, 0xA7, 0x41, 0xE1, 0xC9, 0x48, 0xE8, 0x8B, 0x89, 0x70,
    0xE4, 0xF4, 0x39, 0x6C, 0xE9, 0x42, 0x3B, 0x36, 0x2D, 0x93, 0x2E, 0x81, 0x90, 0xCF, 0x38, 0x58,
    0x64, 0x46, 0xCF, 0x22, 0x23, 0xDA, 0x06, 0xA8, 0x06, 0xD4, 0x1D, 0x50, 0x77, 0x7C, 0xE2, 0x4D,
    0x39, 0x01, 0xA2, 0x2C, 0xB2, 0xF3, 0x05, 0xC9, 0x06, 0xA4, 0x2B, 0x05, 0xF1, 0x6F, 0xB6, 0x00,
    0x61, 0xD7, 0x34, 0x04, 0xDA, 0xB3, 0x47, 0x45, 0x05, 0x6D, 0x57, 0x0F, 0x94, 0x33, 0xB4, 0x54,
    0x57, 0x8D, 0xBD, 0x2A, 0x9E, 0x1C, 0xFC, 0xD2, 0x29, 0xFE, 0x03, 0xFF, 0xB9, 0x17, 0xB3, 0xD2,
    0x6C, 0xC2, 0x9E, 0xDE, 0x36, 0x1C, 0xD0, 0x84, 0x4B, 0x6A, 0x59, 0xCB, 0xE5, 0x9A, 0xF8, 0xC1,
    0x47, 0xD1, 0x44, 0xEF, 0x63, 0xDA, 0xD0, 0x3B, 0x41, 0x2D, 0x50, 0x43, 0xDC, 0x9E, 0xC8, 0xAC,
    0xD6, 0xAC, 0x73, 0x23, 0xDD, 0x56, 0x37, 0x39, 0x97, 0x78, 0x01, 0xBE, 0x8E, 0xFB, 0x8F, 0x35,
    0x23, 0x17, 0x40, 0x2F, 0xB2, 0x21, 0x15, 0x11, 0x41, 0x2E, 0xCD, 0x5D, 0x19, 0xCA, 0x05, 0xA8,
    0xA7, 0x7A, 0xA4, 0x50, 0xAA, 0xCA, 0x17, 0x8A, 0x4A, 0xD7, 0x5E, 0x7F, 0x1E, 0x9F, 0xF2, 0x0A,
    0x4F, 0x44, 0xF1, 0x2A, 0xFB, 0xBE, 0x3C, 0xB5, 0xB9, 0x61, 0xCE, 0x98, 0x4B, 0xE6, 0x98, 0xB9,
    0xA7, 0x4E, 0xBA, 0xAB, 0x74, 0x78, 0xA4, 0xDB, 0x5F, 0x46, 0xE2, 0xCB, 0x3F, 0x78, 0x8A, 0x0C,
    0x40, 0xAA, 0xE9, 0x7C, 0xAD, 0xB4, 0x4A, 0xAE, 0xFF, 0x03, 0x02, 0x80, 0xCA, 0xB6, 0x39, 0xBC,
    0x1E, 0x27, 0xDF, 0x88, 0x7B, 0xE8, 0x1B, 0xE0, 0x91, 0x6E, 0xA6, 0x7D, 0x7E, 0xF0, 0x94, 0x8D,
    0x0C, 0x99, 0x01, 0xDC, 0x3D, 0x1A, 0x30, 0x92, 0x55, 0x21, 0x3F, 0x14, 0x0A, 0x89, 0x21, 0xDF,
    0x15, 0xC2, 0x05, 0x6E, 0x39, 0xAA, 0x4E, 0x8F, 0x5E, 0x5F, 0xD1, 0x49, 0xF5, 0xC8, 0xEC, 0xD0,
    0x8F, 0xBC, 0x1C, 0x1F, 0x90, 0xF7, 0xE0, 0x06, 0xCC, 0xDB, 0x8C, 0x1B, 0xF8, 0x72, 0xB7, 0x69,
    0x27, 0x2A, 0xEA, 0x27, 0x4A, 0x3D, 0x0F, 0xD5, 0xAE, 0xF9, 0x76, 0xF4, 0x61, 0x2E, 0xC1, 0x61,
    0x12, 0xE9, 0x38, 0x45, 0x2A, 0x83, 0x43, 0x3F, 0xF2, 0xB2, 0xD1, 0x39, 0xBE, 0xC2, 0xAD, 0xC6,
    0xBF, 0xB5, 0x0D, 0xE7, 0x6D, 0xDB, 0x09, 0xF8, 0x36, 0x15, 0x69, 0xB0, 0x16, 0x22, 0x4B, 0xB6,
    0xD4, 0x5D, 0x25, 0x32, 0x3D, 0x42, 0x10, 0xE9, 0xDE, 0x02, 0xDE, 0x5D, 0xA1, 0x11, 0xF3, 0x3F,
    0x51, 0xFE, 0x56, 0x88, 0xAC, 0xD9, 0x52, 0x75, 0x65, 0xCC, 0x7F, 0x73, 0xC5, 0x75, 0xA1, 0x1F,
    0xCF, 0x55, 0xCF, 0xCD, 0xCE, 0x9B, 0x31, 0x39, 0x11, 0x3E, 0x2B, 0x64, 0xC5, 0xCF, 0xB5, 0xC8,
    0x17, 0x5B, 0xFD, 0x5C, 0x64, 0x7B, 0x86, 0x4A, 0xE6, 0x8F, 0x35, 0x05, 0xDC, 0xE1, 0xEC, 0xF8,
    0x28, 0x97, 0x09, 0xDF, 0x95, 0xB2, 0x63, 0xAF, 0x45, 0x7E, 0xD9, 0xDA, 0xA6, 0x97, 0xE5, 0x19,
    0x4A, 0x99, 0xDE, 0x43, 0x38, 0xF0, 0x36, 0xC8, 0xAC, 0xBF, 0x07, 0xDE, 0xF1, 0xE2, 0x95, 0xB6,
    0xC3, 0x37, 0x22, 0xBF, 0xE2, 0xDA, 0xD0, 0x6C, 0x49, 0xE6, 0xE2, 0xC2, 0xB4, 0xC2, 0x87, 0xCC,
    0xDD, 0x03, 0xAC, 0x2C, 0x87, 0x0F, 0x0B, 0x80, 0x74, 0x06, 0x49, 0xE3, 0xDF, 0x07, 0xB0, 0xBD,
    0x48, 0x4E, 0x00, 0x8A, 0x01, 0xE7, 0x94, 0xE4, 0x45, 0x32, 0xD3, 0x37, 0xBB, 0x81, 0x51, 0x64,
    0x8E, 0xCE, 0x09, 0xD7, 0x84, 0x65, 0x63, 0xFE, 0x8D, 0x98, 0x81, 0x99, 0xB2, 0x01, 0x82, 0x0C,
    0xF6, 0x0D, 0x0B, 0xB2, 0xC2, 0x1F, 0x16, 0x3E, 0x34, 0x00, 0x1F, 0xC0, 0x3C, 0x7A, 0x8E, 0x9A,
    0x4B, 0xE7, 0x8F, 0xCA, 0x43, 0x90, 0xE8, 0x91, 0xAC, 0x8A, 0xF9, 0x04, 0x67, 0x71, 0x36, 0xF6,
    0x1D, 0x90, 0xA9, 0x7B, 0x9F, 0x78, 0x1C, 0x34, 0x40, 0xE7, 0x6C, 0x77, 0x7D, 0x1C, 0xE1, 0x8F,
    0xB9, 0x3E, 0xF6, 0x94, 0xDB, 0xCE, 0xDE, 0x9E, 0xDD, 0xF3, 0x58, 0x2D, 0xEA, 0xD5, 0x3B, 0xEB,
    0x5E, 0xCE, 0xA3, 0xE5, 0xBC, 0x7E, 0xC4, 0x1E, 0xB9, 0xEB, 0xA5, 0x72, 0x46, 0xBE, 0x28, 0xD6,
    0x5A, 0x4B, 0xB6, 0x07, 0xEB, 0xC7, 0x17, 0x7B, 0x7C, 0xD1, 0xF0, 0xC2, 0xDD, 0xE9, 0x27, 0x04,
    0x32, 0xFC, 0x46, 0x55, 0x0F, 0xA8, 0xC8, 0xA1, 0xD6, 0xC4, 0xAF, 0x3A, 0xBB, 0x0A, 0xE2, 0x57,
    0x5A, 0xB6, 0x15, 0xF0, 0x6A, 0x46, 0xA6, 0xEE, 0x95, 0x23, 0xD0, 0x36, 0x74, 0xB0, 0x03, 0x32,
    0xBC, 0x1C, 0x1F, 0x00, 0xF8, 0x1C, 0x6E, 0x5C, 0x3F, 0xBA, 0x79, 0xB2, 0xBB, 0x81, 0x0F, 0xD5,
    0xAE, 0xA7, 0x07, 0xD0, 0xF3, 0x2A, 0x91, 0xC9, 0x1D, 0xAC, 0xA2, 0x2B, 0xEF, 0x55, 0xCF, 0xB6,
    0xD8, 0xC4, 0xBB, 0xAB, 0x3C, 0x8E, 0x40, 0x75, 0xBA, 0x82, 0x92, 0x17, 0x87, 0x4A, 0x66, 0x75,
    0x57, 0xAC, 0xDF, 0x9A, 0x15, 0x10, 0x5D, 0x1D, 0xF7, 0x41, 0xC1, 0xEF, 0x03, 0xF8, 0x14, 0x71,
    0xDC, 0x3F, 0x9D, 0x4E, 0xFE, 0x66, 0x1F, 0x06, 0x32, 0x19, 0xEC, 0x60, 0x3C, 0x54, 0x83, 0x54,
    0x83, 0x0F, 0xC4, 0x28, 0x66, 0x85, 0x7C, 0x51, 0xC8, 0x56, 0x85, 0x74, 0xBB, 0x1E, 0x9C, 0x52,
    0x2C, 0x0A, 0xE5, 0x1C, 0x15, 0x0B, 0x32, 0x50, 0xC4, 0x53, 0xB1, 0xB6, 0x9B, 0xC1, 0xA8, 0xE0,
    0xEF, 0x7D, 0x3A, 0x29, 0xE4, 0xB3, 0x15, 0x19, 0x0D, 0x06, 0x85, 0xCA, 0x85, 0x51, 0x66, 0x38,
    0xB5, 0xA7, 0xC7, 0x48, 0xEC, 0xD5, 0xA9, 0x15, 0x82, 0x28, 0x64, 0x72, 0x91, 0x6C, 0x40, 0xB1,
    0x21, 0x5D, 0xD5, 0xD4, 0x74, 0xD1, 0xEF, 0x74, 0x36, 0x03, 0x7D, 0x87, 0x62, 0x02, 0xA4, 0xD1,
    0xCA, 0x02, 0x94, 0x83, 0x42, 0xDD, 0x19, 0x34, 0x0A, 0x2D, 0xD4, 0xC3, 0x4B, 0xFB, 0xB2, 0xEF,
    0x6C, 0x39, 0x86, 0x8D, 0x02, 0xE6, 0x64, 0xA5, 0x9C, 0x9D, 0x25, 0x91, 0xCA, 0x6F, 0xBF, 0x9F,
    0xFE, 0x12, 0x61, 0x6D, 0x51, 0x1A, 0x84, 0x5E, 0x21, 0x16, 0x4B, 0x80, 0x46, 0x6F, 0x70, 0x18,
    0x98, 0x5F, 0x81, 0x25, 0xE3, 0x7F, 0x2B, 0xA8, 0x78, 0x82, 0xFB, 0xEE, 0x7E, 0x4C, 0xBA, 0xC6,
    0x27, 0xE3, 0xD5, 0x35, 0xCE, 0xD1, 0x1A, 0x5B, 0x5B, 0xE3, 0xA5, 0xAD, 0x71, 0xA7, 0x01, 0x2C,
    0xC9, 0x35, 0x26, 0x2B, 0xF2, 0x55, 0x4B, 0x66, 0x9B, 0x96, 0xE4, 0xC6, 0x72, 0x83, 0x62, 0x54,
    0x28, 0x07, 0x02, 0xC5, 0x67, 0xAB, 0x8A, 0x2F, 0x68, 0x9E, 0xAD, 0xB1, 0xB7, 0x35, 0x1E, 0xB6,
    0xC6, 0xE3, 0x9A, 0x35, 0x46, 0xCB, 0x9B, 0xE2, 0x1D, 0x96, 0xEE, 0x47, 0x17, 0xDB, 0xD2, 0xEA,
    0xF9, 0x27, 0xCD, 0x91, 0x81, 0x86, 0xFC, 0x56, 0x14, 0xC6, 0x7F, 0x49, 0xF4, 0x1F, 0x04, 0x17,
    0x28, 0xAB, 0xC8, 0x23, 0xDC, 0x37, 0xD8, 0xE4, 0x0D, 0xBA, 0xE8, 0x80, 0x3E, 0x44, 0x5F, 0xA0,
    0x3B, 0x73, 0x1F, 0x61, 0x51, 0x0A, 0x28, 0x2C, 0x18, 0xD8, 0x17, 0x58, 0x92, 0x47, 0xC8, 0x23,
    0x04, 0x0A, 0x85, 0x5E, 0xA4, 0x4C, 0x49, 0x72, 0xBB, 0x5F, 0x4F, 0x32, 0x66, 0x68, 0x97, 0x02,
    0xFD, 0x90, 0xDF, 0xCC, 0xBD, 0xE7, 0x7E, 0xE7, 0x7C, 0x0E, 0xD9, 0x5B, 0x4A, 0x29, 0x52, 0x27,
    0x81, 0x94, 0x84, 0x22, 0xFD, 0x7A, 0x38, 0x1C, 0x9E, 0xDC, 0x82, 0xE4, 0x23, 0x52, 0x33, 0x20,
    0x9D, 0x7A, 0xA4, 0xAE, 0x45, 0x4A, 0x7C, 0x82, 0xD6, 0x2A, 0x83, 0x3D, 0xEF, 0x0D, 0x66, 0xE6,
    0x66, 0xA4, 0x32, 0xBD, 0x08, 0x99, 0xB5, 0xA5, 0x31, 0xE4, 0x06, 0x32, 0x0D, 0xC1, 0x9D, 0xBE,
    0x3A, 0x48, 0x4F, 0x8D, 0x3D, 0xB8, 0x87, 0x3E, 0xAF, 0x58, 0x84, 0xD6, 0x10, 0x51, 0x79, 0xB7,
    0x37, 0x43, 0x22, 0x85, 0xDB, 0x20, 0xDE, 0x62, 0xD5, 0x23, 0x92, 0x8B, 0xFF, 0x8E, 0xDA, 0xE0,
    0xC7, 0xDB, 0x3C, 0x49, 0xA0, 0x30, 0xEB, 0x1F, 0x16, 0x6B, 0x3B, 0x19, 0x7A, 0x21, 0x5D, 0xD0,
    0x10, 0xDF, 0x71, 0x2F, 0x1D, 0x4A, 0x6D, 0xB2, 0xD2, 0x7B, 0x28, 0x29, 0x12, 0xDF, 0xA4, 0xB5,
    0x05, 0x32, 0x33, 0xC2, 0xAD, 0xDF, 0xFE, 0x9C, 0x5A, 0x2D, 0xC3, 0x05, 0x4D, 0xBE, 0xE2, 0x42,
    0x31, 0x51, 0x4C, 0x1F, 0x64, 0xA1, 0x1A, 0xC4, 0x46, 0x1F, 0x17, 0xA8, 0x43, 0x83, 0xE8, 0xFA,
    0x47, 0xC4, 0x72, 0x78, 0x46, 0x2C, 0xC6, 0x77, 0xC4, 0x3C, 0xCE, 0x1B, 0xD7, 0xF3, 0xF9, 0xED,
    0xB7, 0xF3, 0x39, 0x26, 0xD3, 0xB4, 0xD3, 0xEE, 0xB3, 0x6B, 0x9D, 0xBD, 0x2B, 0xE2, 0xD1, 0x38,
    0x9A, 0x7F, 0x35, 0xD4, 0xAD, 0xF5, 0x71, 0xBD, 0xE8, 0xDB, 0x32, 0x8A, 0x47, 0xF2, 0xF9, 0x83,
    0xD9, 0x0C, 0x5D, 0xEB, 0x42, 0x15, 0xC1, 0x4F, 0x2E, 0x74, 0x41, 0xBB, 0xF8, 0x3D, 0x2D, 0x00,
    0xA7, 0x94, 0x46, 0x31, 0x7B, 0x7B, 0xE5, 0x56, 0x79, 0x4A, 0x61, 0xBB, 0x9F, 0xD1, 0xDF, 0x36,
    0xD7, 0x81, 0x1B, 0x41, 0x3E, 0x4D, 0x0B, 0xF2, 0xD5, 0x1D, 0x0D, 0xF9, 0x24, 0xD6, 0xA1, 0x18,
    0xC5, 0xAA, 0x77, 0xB6, 0x95, 0xD1, 0x05, 0x31, 0x8F, 0xB5, 0x40, 0x36, 0x79, 0x01, 0x2E, 0x8F,
    0xC6, 0xB9, 0x39, 0xFF, 0xAD, 0xB9, 0xB1, 0xBC, 0x57, 0x5E, 0xEF, 0x37, 0xEE, 0xEF, 0xEA, 0xD6,
    0x7C, 0xCC, 0xB7, 0x88, 0xD5, 0xD6, 0xC7, 0xFA, 0xBA, 0xDE, 0xE6, 0xF0, 0x81, 0x45, 0x3C, 0x42,
    0x13, 0x20, 0x9F, 0xC1, 0x4D, 0x50, 0x47, 0xE5, 0xF8, 0xE9, 0x6B, 0xE5, 0xC0, 0xDB, 0x3E, 0xC9,
    0xBA, 0xB5, 0xE5, 0x46, 0x55, 0x5A, 0xD9, 0xF6, 0x1D, 0xF5, 0x77, 0xE1, 0xCB, 0x8A, 0xF9, 0xF8,
    0x1E, 0xF9, 0x52, 0x46, 0x0A, 0xB1, 0x9A, 0xA9, 0x52, 0x0B, 0x7E, 0xC5, 0xFD, 0x32, 0x40, 0xE7,
    0xF1, 0xE5, 0x44, 0x3E, 0xBB, 0xF0, 0x98, 0x2D, 0x94, 0xB1, 0xEA, 0x7F, 0xE4, 0xD4, 0xD6, 0x7D,
    0x39, 0xBC, 0x53, 0x0F, 0x27, 0x8A, 0x71, 0xA6, 0xFC, 0x63, 0xA6, 0x88, 0x17, 0xB2, 0x14, 0xC9,
    0x3F, 0xC8, 0xA9, 0xBF, 0xA3, 0x9D, 0xEF, 0x75, 0xFB, 0xBB, 0xE7, 0xCD, 0x67, 0xF7, 0xDD, 0xFB,
    0x58, 0xDF, 0xD3, 0x75, 0x0E, 0x9B, 0xEB, 0x02, 0x2B, 0xDB, 0x9E, 0x06, 0x39, 0x43, 0xB5, 0x3E,
    0x7D, 0xAF, 0x33, 0xBA, 0x6D, 0xDF, 0x5F, 0xD2, 0x9F, 0x7C, 0x96, 0x7B, 0xA5, 0xFC, 0xA7, 0xDC,
    0x51, 0x9C, 0xA9, 0x06, 0xA0, 0x5E, 0xD1, 0x1E, 0x38, 0x79, 0xBC, 0x9E, 0x2A, 0x37, 0xA0, 0xF9,
    0x9E, 0x01, 0xCB, 0x0D, 0x96, 0x9B, 0xCC, 0x72, 0x53, 0x6E, 0xB9, 0xEB, 0x3D, 0x37, 0xA2, 0xAE,
    0x2D, 0x77, 0xC4, 0x72, 0xF7, 0x58, 0x6E, 0xC0, 0x72, 0x83, 0xE5, 0x86, 0x2D, 0x37, 0xDE, 0x72,
    0x73, 0xB4, 0xDC, 0xD9, 0x7F, 0xC9, 0xED, 0xC6, 0xFF, 0xDF, 0x37, 0x49, 0x4B, 0x92, 0xD6, 0xDB,
    0xAF, 0x0F, 0xDD, 0x98, 0x62, 0x8A, 0xDD, 0xF0, 0x80, 0x0F, 0xE4, 0x17, 0xD0, 0x91, 0x96, 0x84,
    0x6E, 0x70, 0x09, 0x52, 0xDC, 0x7E, 0xA8, 0x8E, 0x6A, 0x01, 0x95, 0x93, 0xBD, 0xC0, 0x03, 0x7F,
    0x01, 0xD4, 0x94, 0x21, 0x8C, 0x9C, 0x50, 0x14, 0x45, 0x0F, 0x90, 0xCC, 0x88, 0x15, 0xD8, 0x26,
    0x23, 0xF0, 0x0A, 0xAF, 0x3E, 0x5E, 0xD5, 0x54, 0xAF, 0x57, 0xE3, 0x93, 0x26, 0xD0, 0x7A, 0xB1,
    0x5E, 0x55, 0xD4, 0xD5, 0xCB, 0x06, 0xBC, 0xC2, 0xAB, 0x11, 0x6B, 0xEA, 0x7E, 0x1A, 0x92, 0xB2,
    0x1B, 0xE0, 0x96, 0x97, 0xC7, 0x32, 0xD9, 0xF1, 0xD9, 0x6D, 0x31, 0xE7, 0x24, 0xFC, 0xB0, 0xFF,
    0x9D, 0x79, 0x59, 0xE0, 0x3C, 0x52, 0x2C, 0xC0, 0x9D, 0xF4, 0x55, 0xEA, 0xA1, 0x96, 0x3D, 0x91,
    0x44, 0xFD, 0x59, 0x43, 0x19, 0xC9, 0x66, 0x32, 0x75, 0x59, 0xC3, 0xDD, 0x08, 0x02, 0xC8, 0xED,
    0xAD, 0x49, 0x71, 0x21, 0x5D, 0x4C, 0xCA, 0x8B, 0x1D, 0x03, 0x42, 0x7F, 0x23, 0x07, 0xD9, 0xA3,
    0x81, 0xF0, 0x22, 0xB5, 0x4B, 0xDC, 0xCF, 0xBC, 0xB3, 0x24, 0xED, 0x13, 0x27, 0xFD, 0x82, 0x42,
    0x6A, 0x24, 0x41, 0x90, 0xBE, 0x98, 0x60, 0x2F, 0x97, 0x0A, 0xEC, 0x55, 0x04, 0x5A, 0x69, 0x82,
    0x54, 0x0F, 0xE7, 0x19, 0x8E, 0x13, 0xD9, 0x04, 0xF9, 0x00, 0x2B, 0x8A, 0x08, 0x1F, 0xB1, 0x10,
    0xFE, 0xED, 0x1B, 0x24, 0x3F, 0xBD, 0xC4, 0x4C, 0x70, 0xD4, 0x0E, 0xBF, 0xC5, 0x1B, 0xC0, 0xA7,
    0xFC, 0xEE, 0x33, 0x4E, 0x3E, 0xE1, 0x04, 0x9C, 0x65, 0x0D, 0x8E, 0x32, 0x10, 0x1C, 0x7A, 0xBC,
    0x5F, 0x91, 0x89, 0xCC, 0xC7, 0x34, 0xE4, 0x83, 0xC1, 0xC6, 0x34, 0x6C, 0xBF, 0x77, 0xD8, 0xD0,
    0x1B, 0x0E, 0xD2, 0xB4, 0x22, 0x38, 0x6A, 0xC3, 0x7B, 0xCD, 0x37, 0xFB, 0x7C, 0xB3, 0xEF, 0xF7,
    0x41, 0x8F, 0xF8, 0x86, 0x37, 0xAD, 0x64, 0x5A, 0x4B, 0x7F, 0x24, 0x75, 0xF8, 0x96, 0x3F, 0x1D,
    0xD4, 0x63, 0x1F, 0x49, 0xD5, 0x11, 0x3A, 0x7C, 0xD3, 0x2B, 0xF2, 0x6A, 0xDF, 0xF5, 0x57, 0xDB,
    0xBE, 0xCF, 0xEF, 0x3F, 0xEE, 0xAD, 0x9E, 0x7A, 0x6B, 0xE1, 0x4F, 0x4F, 0xB8, 0x6A, 0x7D, 0xD5,
    0xFD, 0xF2, 0xFF, 0xB2, 0x7A, 0xD3, 0x87, 0xA4, 0x7D, 0xAE, 0xBC, 0xEB, 0x98, 0x4B, 0x9D, 0xB7,
    0x1D, 0x8B, 0x55, 0x5F, 0xFA, 0xAA, 0xDF, 0xFA, 0xD6, 0xAE, 0x2B, 0x7E, 0xCB, 0xD4, 0xFB, 0x2E,
    0x55, 0xF0, 0xBE, 0x99, 0x22, 0xAB, 0x7A, 0xDF, 0xCE, 0xD4, 0xFA, 0xA2, 0xCA, 0xD4, 0xFA, 0x5A,
    0x6A, 0xD3, 0xD2, 0x52, 0x5F, 0xAF, 0xB3, 0xDC, 0xDE, 0x6C, 0xEB, 0xDB, 0xAD, 0x1A, 0xAE, 0x5A,
    0xEF, 0xFA, 0x3F, 0xF5, 0xFD, 0xF6, 0xBA, 0x6F, 0x7F, 0xED, 0x6B, 0xA5, 0xB6, 0x85, 0xAB, 0xD5,
    0x1B, 0x12, 0x29, 0x1A, 0xB3, 0xE5, 0x64, 0x24, 0x1F, 0xD3, 0x0B, 0xC6, 0x48, 0xF5, 0xC1, 0x57,
    0x94, 0x19, 0x28, 0x7B, 0x52, 0xA3, 0xFF, 0xAD, 0x5B, 0xEE, 0xFF, 0x94, 0xC3, 0xC6, 0xDA, 0x19,
    0xF7, 0x73, 0x6F, 0x49, 0x81, 0x85, 0x48, 0xF5, 0xBC, 0x58, 0x05, 0xA4, 0x39, 0x18, 0x6B, 0x0D,
    0xD8, 0x93, 0x7C, 0x02, 0x38, 0xA9, 0x61, 0x2B, 0x30, 0x1A, 0x39, 0x4A, 0x32, 0x92, 0x3F, 0x1D,
    0xFD, 0x5D, 0xD9, 0xA1, 0xCE, 0x24, 0x54, 0x84, 0x0B, 0x26, 0x50, 0xC6, 0x4D, 0x8A, 0xD7, 0x52,
    0x54, 0x2E, 0x67, 0x75, 0x26, 0xF6, 0xB9, 0x21, 0x69, 0xA5, 0xAE, 0x90, 0xA6, 0x3B, 0xAD, 0x12,
    0x1E, 0xEF, 0xA7, 0x5C, 0x52, 0xD3, 0x56, 0xE9, 0x84, 0x9D, 0x11, 0xEC, 0x32, 0xB8, 0x74, 0x80,
    0x49, 0x3B, 0x6E, 0x12, 0xD4, 0xBB, 0xE4, 0x5A, 0x5C, 0x12, 0xE9, 0x62, 0x62, 0x33, 0x4C, 0x2E,
    0xD4, 0xCB, 0x26, 0x47, 0x61, 0xF2, 0x19, 0x54, 0x99, 0x4C, 0x20, 0x4C, 0x16, 0x12, 0x17, 0x35,
    0xC7, 0x85, 0x7C, 0x04, 0x2D, 0xED, 0x44, 0xAE, 0x1F, 0x51, 0x52, 0xB4, 0xFB, 0xC6, 0x52, 0xAA,
    0x48, 0xFF, 0x0E, 0x14, 0x56, 0xA1, 0x01, 0x40, 0xB3, 0x44, 0x03, 0x18, 0x00, 0x5C, 0xD0, 0xC1,
    0x15, 0x82, 0x30, 0x10, 0x84, 0xE1, 0x28, 0x47, 0x0E, 0x5B, 0x82, 0x25, 0xD0, 0x81, 0xD0, 0x91,
    0x25, 0x98, 0xCA, 0x04, 0x3B, 0x48, 0x09, 0x29, 0x82, 0x03, 0x3E, 0x25, 0xE3, 0xEC, 0x90, 0x1C,
    0x94, 0x0B, 0xFF, 0x83, 0xEF, 0xB1, 0x4B, 0xC2, 0xCF, 0xD5, 0xC5, 0x56, 0x96, 0x5B, 0x8D, 0x5B,
    0x2B, 0x94, 0xC6, 0x80, 0x0A, 0xED, 0x8D, 0x0A, 0xAF, 0xA1, 0xAF, 0x90, 0xB7, 0xC7, 0xC1, 0xD6,
    0x10, 0x06, 0x41, 0x63, 0xF5, 0x82, 0xE3, 0xE7, 0x96, 0x3B, 0x41, 0x00, 0xFB, 0xA9, 0x38, 0x63,
    0x61, 0x02, 0xA1, 0x79, 0x2D, 0xC8, 0x64, 0xAA, 0x79, 0x13, 0x03, 0xD2, 0x5C, 0xC4, 0xFC, 0x19,
    0xA2, 0xD8, 0x1E, 0x80, 0xEC, 0xAC, 0x4C, 0xAC, 0xCD, 0x2B, 0x85, 0x33, 0xCB, 0xDF, 0x72, 0x1A,
    0x90, 0x3B, 0xD5, 0xDD, 0x97, 0xF5, 0xEA, 0x69, 0xF5, 0xE5, 0x09, 0x64, 0x9A, 0x16, 0x41, 0xA6,
    0x0D, 0x16, 0x1C, 0xFF, 0x04, 0x3C, 0xC5, 0x04, 0xC5, 0x04, 0xC5, 0x1C, 0xAE, 0x83, 0x18, 0x61,
    0x32, 0x32, 0xC1, 0x64, 0x64, 0x82, 0xE9, 0x42, 0x26, 0xF8, 0x9A, 0xE3, 0xFF, 0xA9, 0x7D, 0x87,
    0x14, 0x92, 0xFC, 0x0F, 0x50, 0x43, 0x1C, 0x01, 0x00,
};

static const EpdGlyphPacked bookerly_20_regularGlyphs[] = {
    { 0, 0, 0, 0, 0 }, // U+0000
    { 0, 0, 0, 0, 0 }, // U+0008
    { 0, 0, 143, 0, 0 }, // U+0009
    { 0, 0, 143, 0, 0 }, // U+000D
    { 0, 0, 0, 0, 0 }, // U+001D
    { 0, 0, 143, 0, 0 }, // U+0020
    { 5, 33, 182, 4, 32 }, // !
    { 10, 13, 245, 2, 30 }, // "
    { 26, 26, 415, 0, 24 }, // #
    { 19, 42, 415, 4, 33 }, // $
    { 35, 33, 646, 2, 31 }, // %
    { 31, 31, 536, 2, 30 }, // &
    { 3, 13, 131, 2, 30 }, // '
    { 13, 42, 243, 2, 34 }, // (
    { 14, 42, 243, 0, 34 }, // )
    { 14, 13, 248, 0, 30 }, // *
    { 17, 18, 415, 4, 23 }, // +
    { 8, 13, 182, 1, 5 }, // ,
    { 13, 4, 249, 2, 13 }, // -
    { 6, 7, 182, 3, 6 }, // .
    { 18, 32, 327, 1, 30 }, // /
    { 22, 30, 415, 2, 29 }, // 0
    { 16, 29, 415, 5, 29 }, // 1
    { 21, 29, 415, 2, 29 }, // 2
    { 18, 30, 415, 3, 29 }, // 3
    { 23, 30, 415, 1, 29 }, // 4
    { 19, 30, 415, 3, 29 }, // 5
    { 20, 30, 415, 3, 29 }, // 6
    { 19, 30, 415, 4, 29 }, // 7
    { 20, 30, 415, 3, 29 }, // 8
    { 21, 30, 415, 2, 29 }, // 9
    { 6, 22, 182, 3, 21 }, // :
    { 9, 29, 182, 0, 21 }, // ;
    { 18, 20, 415, 4, 24 }, // <
    { 17, 11, 415, 4, 20 }, // =
    { 18, 20, 415, 4, 24 }, // >
    { 15, 31, 317, 3, 30 }, // ?
    { 36, 37, 637, 2, 29 }, // @
    { 31, 30, 495, 0, 30 }, // A
    { 24, 30, 413, 1, 30 }, // B
    { 23, 31, 428, 2, 30 }, // C
    { 29, 30, 499, 1, 30 }, // D
    { 24, 29, 420, 1, 29 }, // E
    { 22, 29, 379, 1, 29 }, // F
    { 27, 31, 484, 2, 30 }, // G
    { 33, 29, 557, 1, 29 }, // H
    { 13, 29, 251, 2, 29 }, // I
    { 17, 38, 241, -3, 29 }, // J
    { 30, 30, 485, 1, 29 }, // K
    { 24, 29, 401, 1, 29 }, // L
    { 37, 29, 596, 0, 29 }, // M
    { 33, 30, 543, 1, 29 }, // N
    { 29, 31, 519, 2, 30 }, // O
    { 23, 30, 395, 1, 30 }, // P
    { 31, 38, 519, 2, 30 }, // Q
    { 29, 31, 451, 1, 30 }, // R
    { 19, 31, 367, 2, 30 }, // S
    { 25, 29, 457, 2, 29 }, // T
    { 32, 30, 515, 1, 29 }, // U
    { 31, 29, 489, 0, 29 }, // V
    { 45, 29, 739, 1, 29 }, // W
    { 31, 29, 484, -1, 29 }, // X
    { 28, 29, 456, 1, 29 }, // Y
    { 22, 30, 395, 1, 29 }, // Z
    { 8, 39, 205, 3, 32 }, // [
    { 18, 32, 327, 1, 30 }, // <backslash>
    { 8, 39, 205, 2, 32 }, // ]
    { 20, 19, 415, 3, 27 }, // ^
    { 21, 4, 333, 0, -1 }, // _
    { 9, 11, 447, 10, 35 }, // `
    { 21, 23, 366, 2, 22 }, // a
    { 24, 33, 398, 0, 32 }, // b
    { 18, 23, 338, 2, 22 }, // c
    { 24, 33, 415, 2, 32 }, // d
    { 19, 23, 347, 2, 22 }, // e
    { 20, 32, 271, 0, 32 }, // f
    { 23, 31, 387, 1, 22 }, // g
    { 26, 32, 441, 1, 32 }, // h
    { 13, 32, 221, 0, 32 }, // i
    { 12, 41, 191, -3, 32 }, // j
    { 25, 33, 403, 1, 32 }, // k
    { 13, 32, 217, 0, 32 }, // l
    { 41, 22, 665, 0, 22 }, // m
    { 27, 22, 447, 0, 22 }, // n
    { 22, 23, 397, 2, 22 }, // o
    { 24, 31, 409, 1, 22 }, // p
    { 23, 31, 395, 2, 22 }, // q
    { 19, 22, 307, 0, 22 }, // r
    { 17, 23, 319, 2, 22 }, // s
    { 17, 28, 273, -1, 27 }, // t
    { 27, 23, 433, 0, 22 }, // u
    { 25, 21, 400, 0, 21 }, // v
    { 36, 21, 594, 0, 21 }, // w
    { 24, 21, 395, 0, 21 }, // x
    { 25, 30, 400, 1, 21 }, // y
    { 19, 21, 335, 1, 21 }, // z
    { 12, 41, 257, 3, 34 }, // {
    { 3, 37, 181, 4, 32 }, // |
    { 12, 41, 257, 1, 34 }, // }
    { 19, 7, 415, 4, 18 }, // ~
    { 0, 0, 143, 0, 0 }, // U+00A0
    { 7, 31, 182, 2, 22 }, // U+00A1
    { 19, 41, 415, 3, 32 }, // U+00A2
    { 22, 30, 415, 2, 29 }, // U+00A3
    { 24, 20, 415, 1, 24 }, // U+00A4
    { 27, 29, 415, -1, 29 }, // U+00A5
    { 3, 37, 181, 4, 32 }, // U+00A6
    { 18, 33, 339, 2, 29 }, // U+00A7
    { 14, 5, 447, 7, 31 }, // U+00A8
    { 30, 30, 521, 1, 29 }, // U+00A9
    { 14, 19, 297, 3, 29 }, // U+00AA
    { 21, 15, 350, 1, 18 }, // U+00AB
    { 17, 10, 415, 4, 20 }, // U+00AC
    { 13, 4, 249, 2, 13 }, // U+00AD
    { 22, 22, 388, 1, 32 }, // U+00AE
    { 14, 4, 447, 7, 30 }, // U+00AF
    { 13, 13, 352, 4, 29 }, // U+00B0
    { 17, 24, 415, 4, 24 }, // U+00B1
    { 15, 19, 298, 2, 35 }, // U+00B2
    { 13, 20, 298, 2, 35 }, // U+00B3
    { 8, 10, 447, 10, 34 }, // U+00B4
    { 24, 32, 445, 3, 22 }, // U+00B5
    { 20, 35, 363, 1, 29 }, // U+00B6
    { 6, 6, 182, 3, 15 }, // U+00B7
    { 9, 10, 447, 10, -1 }, // U+00B8
    { 12, 19, 298, 3, 35 }, // U+00B9
    { 14, 19, 303, 3, 29 }, // U+00BA
    { 21, 15, 350, 2, 18 }, // U+00BB
    { 40, 34, 717, 3, 31 }, // U+00BC
    { 40, 34, 717, 3, 31 }, // U+00BD
    { 41, 34, 717, 2, 31 }, // U+00BE
    { 15, 30, 317, 2, 22 }, // U+00BF
    { 31, 40, 495, 0, 40 }, // U+00C0
    { 31, 40, 495, 0, 40 }, // U+00C1
    { 31, 40, 495, 0, 40 }, // U+00C2
    { 32, 39, 495, -1, 39 }, // U+00C3
    { 31, 38, 495, 0, 38 }, // U+00C4
    { 31, 41, 495, 0, 41 }, // U+00C5
    { 38, 29, 620, -1, 29 }, // U+00C6
    { 23, 41, 428, 2, 30 }, // U+00C7
    { 24, 40, 420, 1, 40 }, // U+00C8
    { 24, 40, 420, 1, 40 }, // U+00C9
    { 24, 40, 420, 1, 40 }, // U+00CA
    { 24, 38, 420, 1, 38 }, // U+00CB
    { 13, 40, 251, 2, 40 }, // U+00CC
    { 13, 40, 251, 2, 40 }, // U+00CD
    { 15, 40, 251, 1, 40 }, // U+00CE
    { 15, 38, 251, 1, 38 }, // U+00CF
    { 28, 30, 499, 1, 30 }, // U+00D0
    { 33, 40, 543, 1, 39 }, // U+00D1
    { 29, 41, 519, 2, 40 }, // U+00D2
    { 29, 41, 519, 2, 40 }, // U+00D3
    { 29, 41, 519, 2, 40 }, // U+00D4
    { 29, 41, 519, 2, 40 }, // U+00D5
    { 29, 39, 519, 2, 38 }, // U+00D6
    { 16, 17, 415, 5, 23 }, // U+00D7
    { 31, 31, 519, 1, 30 }, // U+00D8
    { 32, 41, 515, 1, 40 }, // U+00D9
    { 32, 41, 515, 1, 40 }, // U+00DA
    { 32, 41, 515, 1, 40 }, // U+00DB
    { 32, 39, 515, 1, 38 }, // U+00DC
    { 28, 40, 456, 1, 40 }, // U+00DD
    { 24, 29, 415, 1, 29 }, // U+00DE
    { 25, 33, 433, 1, 32 }, // U+00DF
    { 21, 36, 366, 2, 35 }, // U+00E0
    { 21, 35, 366, 2, 34 }, // U+00E1
    { 21, 35, 366, 2, 34 }, // U+00E2
    { 21, 33, 366, 2, 32 }, // U+00E3
    { 21, 32, 366, 2, 31 }, // U+00E4
    { 21, 35, 366, 2, 34 }, // U+00E5
    { 31, 23, 543, 2, 22 }, // U+00E6
    { 18, 33, 338, 2, 22 }, // U+00E7
    { 19, 36, 347, 2, 35 }, // U+00E8
    { 19, 35, 347, 2, 34 }, // U+00E9
    { 19, 35, 347, 2, 34 }, // U+00EA
    { 19, 32, 347, 2, 31 }, // U+00EB
    { 13, 35, 221, 0, 35 }, // U+00EC
    { 13, 35, 221, 0, 35 }, // U+00ED
    { 14, 34, 221, 0, 34 }, // U+00EE
    { 14, 31, 221, 0, 31 }, // U+00EF
    { 22, 35, 397, 2, 34 }, // U+00F0
    { 27, 32, 447, 0, 32 }, // U+00F1
    { 22, 36, 397, 2, 35 }, // U+00F2
    { 22, 35, 397, 2, 34 }, // U+00F3
    { 22, 35, 397, 2, 34 }, // U+00F4
    { 22, 33, 397, 2, 32 }, // U+00F5
    { 22, 32, 397, 2, 31 }, // U+00F6
    { 17, 19, 415, 4, 24 }, // U+00F7
    { 24, 23, 397, 1, 22 }, // U+00F8
    { 27, 36, 433, 0, 35 }, // U+00F9
    { 27, 36, 433, 0, 35 }, // U+00FA
    { 27, 35, 433, 0, 34 }, // U+00FB
    { 27, 32, 433, 0, 31 }, // U+00FC
    { 25, 43, 400, 1, 34 }, // U+00FD
    { 24, 41, 414, 1, 32 }, // U+00FE
    { 25, 41, 400, 0, 32 }, // U+00FF
    { 31, 37, 495, 0, 37 }, // U+0100
    { 21, 31, 366, 2, 30 }, // U+0101
    { 32, 39, 495, -1, 39 }, // U+0102
    { 21, 34, 366, 2, 33 }, // U+0103
    { 31, 39, 495, 0, 30 }, // U+0104
    { 21, 31, 366, 2, 22 }, // U+0105
    { 23, 41, 428, 2, 40 }, // U+0106
    { 18, 35, 338, 2, 34 }, // U+0107
    { 23, 41, 428, 2, 40 }, // U+0108
    { 18, 35, 338, 2, 34 }, // U+0109
    { 23, 40, 428, 2, 39 }, // U+010A
    { 18, 32, 338, 2, 31 }, // U+010B
    { 23, 41, 428, 2, 40 }, // U+010C
    { 18, 35, 338, 2, 34 }, // U+010D
    { 29, 40, 499, 1, 40 }, // U+010E
    { 28, 33, 429, 2, 32 }, // U+010F
    { 28, 30, 499, 1, 30 }, // U+0110
    { 24, 33, 415, 2, 32 }, // U+0111
    { 24, 37, 420, 1, 37 }, // U+0112
    { 19, 31, 347, 2, 30 }, // U+0113
    { 24, 39, 420, 1, 39 }, // U+0114
    { 19, 34, 347, 2, 33 }, // U+0115
    { 24, 39, 420, 1, 39 }, // U+0116
    { 19, 32, 347, 2, 31 }, // U+0117
    { 24, 38, 420, 1, 29 }, // U+0118
    { 19, 31, 347, 2, 22 }, // U+0119
    { 24, 40, 420, 1, 40 }, // U+011A
    { 19, 35, 347, 2, 34 }, // U+011B
    { 27, 41, 484, 2, 40 }, // U+011C
    { 23, 43, 387, 1, 34 }, // U+011D
    { 27, 41, 484, 2, 40 }, // U+011E
    { 23, 42, 387, 1, 33 }, // U+011F
    { 27, 40, 484, 2, 39 }, // U+0120
    { 23, 41, 387, 1, 32 }, // U+0121
    { 27, 41, 484, 2, 30 }, // U+0122
    { 23, 45, 387, 1, 36 }, // U+0123
    { 33, 40, 557, 1, 40 }, // U+0124
    { 27, 43, 441, 0, 43 }, // U+0125
    { 33, 29, 557, 1, 29 }, // U+0126
    { 27, 32, 441, 0, 32 }, // U+0127
    { 14, 39, 251, 1, 39 }, // U+0128
    { 14, 32, 221, 1, 32 }, // U+0129
    { 15, 37, 251, 1, 37 }, // U+012A
    { 15, 30, 221, -1, 30 }, // U+012B
    { 14, 39, 251, 1, 39 }, // U+012C
    { 14, 33, 221, 1, 33 }, // U+012D
    { 13, 38, 251, 2, 29 }, // U+012E
    { 14, 41, 221, 0, 32 }, // U+012F
    { 13, 39, 251, 1, 39 }, // U+0130
    { 13, 22, 221, 0, 22 }, // U+0131
    { 28, 38, 479, 2, 29 }, // U+0132
    { 23, 41, 405, 0, 32 }, // U+0133
    { 18, 49, 241, -3, 40 }, // U+0134
    { 16, 43, 191, -3, 34 }, // U+0135
    { 30, 40, 485, 1, 29 }, // U+0136
    { 25, 43, 403, 1, 32 }, // U+0137
    { 26, 23, 409, 0, 22 }, // U+0138
    { 24, 40, 401, 1, 40 }, // U+0139
    { 13, 42, 217, 0, 42 }, // U+013A
    { 24, 40, 401, 1, 29 }, // U+013B
    { 13, 43, 217, 0, 32 }, // U+013C
    { 24, 33, 401, 1, 33 }, // U+013D
    { 17, 32, 230, 0, 32 }, // U+013E
    { 24, 29, 401, 1, 29 }, // U+013F
    { 20, 32, 312, 0, 32 }, // U+0140
    { 25, 29, 401, 0, 29 }, // U+0141
    { 16, 32, 217, -1, 32 }, // U+0142
    { 33, 41, 543, 1, 40 }, // U+0143
    { 27, 34, 447, 0, 34 }, // U+0144
    { 33, 40, 543, 1, 29 }, // U+0145
    { 27, 33, 447, 0, 22 }, // U+0146
    { 33, 41, 543, 1, 40 }, // U+0147
    { 27, 34, 447, 0, 34 }, // U+0148
    { 36, 31, 603, 1, 31 }, // U+0149
    { 33, 37, 543, 1, 29 }, // U+014A
    { 24, 31, 429, 0, 22 }, // U+014B
    { 29, 39, 519, 2, 38 }, // U+014C
    { 22, 31, 397, 2, 30 }, // U+014D
    { 29, 41, 519, 2, 40 }, // U+014E
    { 22, 34, 397, 2, 33 }, // U+014F
    { 29, 42, 519, 2, 41 }, // U+0150
    { 22, 35, 397, 2, 34 }, // U+0151
    { 37, 30, 645, 2, 29 }, // U+0152
    { 35, 23, 605, 2, 22 }, // U+0153
    { 29, 41, 451, 1, 40 }, // U+0154
    { 19, 34, 307, 0, 34 }, // U+0155
    { 29, 41, 451, 1, 30 }, // U+0156
    { 19, 33, 307, 0, 22 }, // U+0157
    { 29, 41, 451, 1, 40 }, // U+0158
    { 19, 34, 307, 0, 34 }, // U+0159
    { 19, 41, 367, 2, 40 }, // U+015A
    { 17, 35, 319, 2, 34 }, // U+015B
    { 19, 41, 367, 2, 40 }, // U+015C
    { 17, 35, 319, 2, 34 }, // U+015D
    { 19, 41, 367, 2, 30 }, // U+015E
    { 17, 33, 319, 2, 22 }, // U+015F
    { 19, 41, 367, 2, 40 }, // U+0160
    { 17, 35, 319, 2, 34 }, // U+0161
    { 25, 40, 457, 2, 29 }, // U+0162
    { 17, 38, 273, -1, 27 }, // U+0163
    { 25, 40, 457, 2, 40 }, // U+0164
    { 17, 34, 273, -1, 33 }, // U+0165
    { 26, 29, 457, 1, 29 }, // U+0166
    { 17, 28, 273, 0, 27 }, // U+0167
    { 32, 40, 515, 1, 39 }, // U+0168
    { 27, 33, 433, 0, 32 }, // U+0169
    { 32, 38, 515, 1, 37 }, // U+016A
    { 27, 31, 433, 0, 30 }, // U+016B
    { 32, 41, 515, 1, 40 }, // U+016C
    { 27, 34, 433, 0, 33 }, // U+016D
    { 32, 42, 515, 1, 41 }, // U+016E
    { 27, 36, 433, 0, 35 }, // U+016F
    { 31, 42, 515, 1, 41 }, // U+0170
    { 27, 35, 433, 0, 34 }, // U+0171
    { 32, 38, 515, 1, 29 }, // U+0172
    { 27, 31, 433, 0, 22 }, // U+0173
    { 45, 40, 739, 1, 40 }, // U+0174
    { 36, 34, 594, 0, 34 }, // U+0175
    { 28, 40, 456, 1, 40 }, // U+0176
    { 25, 43, 400, 1, 34 }, // U+0177
    { 29, 38, 456, 0, 38 }, // U+0178
    { 22, 41, 395, 1, 40 }, // U+0179
    { 19, 34, 335, 1, 34 }, // U+017A
    { 22, 40, 395, 1, 39 }, // U+017B
    { 19, 31, 335, 1, 31 }, // U+017C
    { 22, 41, 395, 1, 40 }, // U+017D
    { 19, 34, 335, 1, 34 }, // U+017E
    { 19, 32, 271, 1, 32 }, // U+017F
    { 31, 36, 519, 2, 35 }, // U+01A0
    { 24, 28, 397, 2, 27 }, // U+01A1
    { 33, 36, 515, 1, 35 }, // U+01AF
    { 27, 28, 433, 0, 27 }, // U+01B0
    { 54, 41, 894, 1, 40 }, // U+01C4
    { 51, 34, 834, 1, 34 }, // U+01C5
    { 44, 35, 750, 2, 34 }, // U+01C6
    { 39, 38, 643, 1, 29 }, // U+01C7
    { 34, 41, 593, 1, 32 }, // U+01C8
    { 23, 41, 408, 0, 32 }, // U+01C9
    { 48, 38, 785, 1, 29 }, // U+01CA
    { 41, 41, 735, 2, 32 }, // U+01CB
    { 37, 41, 639, 0, 32 }, // U+01CC
    { 32, 40, 495, -1, 40 }, // U+01CD
    { 21, 35, 366, 2, 34 }, // U+01CE
    { 16, 40, 251, 0, 40 }, // U+01CF
    { 14, 34, 221, 0, 34 }, // U+01D0
    { 29, 41, 519, 2, 40 }, // U+01D1
    { 22, 35, 397, 2, 34 }, // U+01D2
    { 32, 41, 515, 1, 40 }, // U+01D3
    { 27, 35, 433, 0, 34 }, // U+01D4
    { 32, 45, 515, 1, 44 }, // U+01D5
    { 27, 39, 433, 0, 38 }, // U+01D6
    { 32, 45, 515, 1, 44 }, // U+01D7
    { 27, 42, 433, 0, 41 }, // U+01D8
    { 32, 45, 515, 1, 44 }, // U+01D9
    { 27, 42, 433, 0, 41 }, // U+01DA
    { 32, 45, 515, 1, 44 }, // U+01DB
    { 27, 42, 433, 0, 41 }, // U+01DC
    { 19, 23, 347, 2, 22 }, // U+01DD
    { 31, 44, 495, 0, 44 }, // U+01DE
    { 21, 39, 366, 2, 38 }, // U+01DF
    { 31, 44, 495, 0, 44 }, // U+01E0
    { 21, 39, 366, 2, 38 }, // U+01E1
    { 38, 37, 620, -1, 37 }, // U+01E2
    { 31, 31, 543, 2, 30 }, // U+01E3
    { 29, 31, 484, 2, 30 }, // U+01E4
    { 27, 31, 387, -1, 22 }, // U+01E5
    { 27, 41, 484, 2, 40 }, // U+01E6
    { 23, 44, 387, 1, 35 }, // U+01E7
    { 30, 41, 485, 1, 40 }, // U+01E8
    { 27, 44, 403, -1, 43 }, // U+01E9
    { 29, 39, 519, 2, 30 }, // U+01EA
    { 22, 31, 397, 2, 22 }, // U+01EB
    { 29, 47, 519, 2, 38 }, // U+01EC
    { 22, 39, 397, 2, 30 }, // U+01ED
    { 21, 41, 381, 1, 40 }, // U+01EE
    { 19, 43, 335, 1, 34 }, // U+01EF
    { 16, 44, 191, -3, 35 }, // U+01F0
    { 54, 31, 894, 1, 30 }, // U+01F1
    { 51, 30, 834, 1, 30 }, // U+01F2
    { 44, 33, 750, 2, 32 }, // U+01F3
    { 27, 41, 484, 2, 40 }, // U+01F4
    { 23, 43, 387, 1, 34 }, // U+01F5
    { 33, 41, 543, 1, 40 }, // U+01F8
    { 27, 35, 447, 0, 35 }, // U+01F9
    { 32, 44, 495, -1, 44 }, // U+01FA
    { 21, 43, 366, 2, 42 }, // U+01FB
    { 38, 40, 620, -1, 40 }, // U+01FC
    { 31, 35, 543, 2, 34 }, // U+01FD
    { 31, 41, 519, 1, 40 }, // U+01FE
    { 24, 35, 397, 1, 34 }, // U+01FF
    { 32, 41, 495, -1, 41 }, // U+0200
    { 21, 35, 366, 2, 34 }, // U+0201
    { 32, 39, 495, -1, 39 }, // U+0202
    { 21, 33, 366, 2, 32 }, // U+0203
    { 23, 41, 420, 1, 41 }, // U+0204
    { 19, 35, 347, 2, 34 }, // U+0205
    { 24, 39, 420, 1, 39 }, // U+0206
    { 19, 33, 347, 2, 32 }, // U+0207
    { 19, 41, 251, -4, 41 }, // U+0208
    { 15, 34, 221, -2, 34 }, // U+0209
    { 14, 39, 251, 1, 39 }, // U+020A
    { 14, 32, 221, 1, 32 }, // U+020B
    { 29, 42, 519, 2, 41 }, // U+020C
    { 22, 35, 397, 2, 34 }, // U+020D
    { 29, 41, 519, 2, 40 }, // U+020E
    { 22, 33, 397, 2, 32 }, // U+020F
    { 29, 42, 451, 1, 41 }, // U+0210
    { 19, 34, 307, 0, 34 }, // U+0211
    { 29, 41, 451, 1, 40 }, // U+0212
    { 19, 32, 307, 0, 32 }, // U+0213
    { 32, 42, 515, 1, 41 }, // U+0214
    { 27, 35, 433, 0, 34 }, // U+0215
    { 32, 40, 515, 1, 39 }, // U+0216
    { 27, 33, 433, 0, 32 }, // U+0217
    { 19, 41, 367, 2, 30 }, // U+0218
    { 17, 33, 319, 2, 22 }, // U+0219
    { 25, 40, 457, 2, 29 }, // U+021A
    { 17, 38, 273, -1, 27 }, // U+021B
    { 19, 35, 381, 3, 30 }, // U+021C
    { 19, 31, 310, 0, 22 }, // U+021D
    { 33, 40, 557, 1, 40 }, // U+021E
    { 28, 43, 441, -1, 43 }, // U+021F
    { 9, 11, 0, -6, 35 }, // U+0300
    { 8, 10, 0, -2, 34 }, // U+0301
    { 14, 9, 0, -7, 33 }, // U+0302
    { 13, 7, 0, -7, 33 }, // U+0303
    { 14, 4, 0, -7, 30 }, // U+0304
    { 13, 7, 0, -7, 32 }, // U+0306
    { 6, 5, 0, -3, 31 }, // U+0307
    { 14, 5, 0, -7, 31 }, // U+0308
    { 11, 13, 0, -5, 37 }, // U+0309
    { 10, 11, 0, -5, 35 }, // U+030A
    { 14, 10, 0, -5, 34 }, // U+030B
    { 14, 9, 0, -7, 34 }, // U+030C
    { 14, 10, 0, -9, 34 }, // U+030F
    { 13, 8, 0, -7, 33 }, // U+0311
    { 7, 11, 0, -3, 35 }, // U+0312
    { 8, 11, 0, -2, 36 }, // U+0313
    { 7, 11, 0, -4, 36 }, // U+0314
    { 4, 11, 0, -2, 36 }, // U+0315
    { 7, 9, 0, -3, 26 }, // U+031B
    { 6, 5, 0, -3, -4 }, // U+0323
    { 14, 5, 0, -7, -4 }, // U+0324
    { 9, 9, 0, -4, -2 }, // U+0325
    { 8, 9, 0, -4, -2 }, // U+0326
    { 9, 10, 0, -4, -1 }, // U+0327
    { 9, 10, 0, -4, 1 }, // U+0328
    { 4, 8, 180, 4, -3 }, // U+0329
    { 14, 8, 0, -7, -3 }, // U+032D
    { 13, 7, 0, -7, -3 }, // U+032E
    { 13, 7, 0, -7, -3 }, // U+0330
    { 14, 4, 0, -7, -4 }, // U+0331
    { 13, 8, 0, -7, 33 }, // U+0342
    { 15, 16, 0, -7, 42 }, // U+0344
    { 8, 7, 0, -2, -3 }, // U+0345
    { 0, 0, 0, 0, 0 }, // U+034F
    { 24, 40, 420, 1, 40 }, // U+0400
    { 24, 38, 420, 1, 38 }, // U+0401
    { 31, 38, 539, 1, 29 }, // U+0402
    { 23, 40, 389, 1, 40 }, // U+0403
    { 24, 31, 445, 2, 30 }, // U+0404
    { 19, 31, 367, 2, 30 }, // U+0405
    { 13, 29, 251, 2, 29 }, // U+0406
    { 15, 38, 251, 1, 38 }, // U+0407
    { 17, 38, 241, -3, 29 }, // U+0408
    { 39, 30, 648, 1, 29 }, // U+0409
    { 41, 29, 683, 1, 29 }, // U+040A
    { 34, 29, 571, 1, 29 }, // U+040B
    { 29, 41, 475, 1, 40 }, // U+040C
    { 33, 40, 553, 1, 40 }, // U+040D
    { 30, 40, 483, 0, 39 }, // U+040E
    { 32, 38, 532, 1, 29 }, // U+040F
    { 31, 30, 495, 0, 30 }, // U+0410
    { 25, 29, 421, 1, 29 }, // U+0411
    { 24, 30, 413, 1, 30 }, // U+0412
    { 22, 29, 389, 1, 29 }, // U+0413
    { 29, 38, 495, 1, 29 }, // U+0414
    { 24, 29, 420, 1, 29 }, // U+0415
    { 42, 31, 675, 0, 30 }, // U+0416
    { 22, 31, 387, 1, 30 }, // U+0417
    { 33, 29, 553, 1, 29 }, // U+0418
    { 33, 39, 553, 1, 39 }, // U+0419
    { 29, 31, 475, 1, 30 }, // U+041A
    { 29, 30, 495, 1, 29 }, // U+041B
    { 37, 29, 596, 0, 29 }, // U+041C
    { 33, 29, 557, 1, 29 }, // U+041D
    { 29, 31, 519, 2, 30 }, // U+041E
    { 32, 29, 540, 1, 29 }, // U+041F
    { 23, 30, 395, 1, 30 }, // U+0420
    { 23, 31, 428, 2, 30 }, // U+0421
    { 25, 29, 457, 2, 29 }, // U+0422
    { 30, 30, 483, 1, 29 }, // U+0423
    { 30, 31, 529, 2, 30 }, // U+0424
    { 31, 29, 484, -1, 29 }, // U+0425
    { 32, 38, 532, 1, 29 }, // U+0426
    { 28, 29, 475, 1, 29 }, // U+0427
    { 43, 29, 710, 1, 29 }, // U+0428
    { 43, 38, 710, 1, 29 }, // U+0429
    { 29, 29, 512, 2, 29 }, // U+042A
    { 37, 29, 627, 1, 29 }, // U+042B
    { 25, 29, 421, 1, 29 }, // U+042C
    { 24, 31, 446, 2, 30 }, // U+042D
    { 42, 31, 704, 1, 30 }, // U+042E
    { 28, 30, 445, -1, 29 }, // U+042F
    { 21, 23, 366, 2, 22 }, // U+0430
    { 21, 34, 389, 2, 33 }, // U+0431
    { 20, 21, 363, 1, 21 }, // U+0432
    { 18, 21, 331, 1, 21 }, // U+0433
    { 24, 29, 428, 1, 21 }, // U+0434
    { 19, 23, 347, 2, 22 }, // U+0435
    { 34, 23, 537, 0, 22 }, // U+0436
    { 17, 23, 317, 1, 22 }, // U+0437
    { 26, 21, 461, 1, 21 }, // U+0438
    { 26, 32, 461, 1, 32 }, // U+0439
    { 23, 23, 392, 2, 22 }, // U+043A
    { 24, 22, 413, 1, 21 }, // U+043B
    { 30, 21, 517, 1, 21 }, // U+043C
    { 26, 21, 463, 1, 21 }, // U+043D
    { 22, 23, 397, 2, 22 }, // U+043E
    { 26, 21, 457, 1, 21 }, // U+043F
    { 24, 31, 409, 1, 22 }, // U+0440
    { 18, 23, 338, 2, 22 }, // U+0441
    { 20, 21, 374, 2, 21 }, // U+0442
    { 26, 30, 400, 0, 21 }, // U+0443
    { 28, 42, 493, 2, 33 }, // U+0444
    { 24, 21, 395, 0, 21 }, // U+0445
    { 27, 29, 459, 1, 21 }, // U+0446
    { 24, 21, 407, 1, 21 }, // U+0447
    { 34, 21, 589, 1, 21 }, // U+0448
    { 35, 29, 589, 1, 21 }, // U+0449
    { 24, 21, 427, 2, 21 }, // U+044A
    { 31, 21, 541, 1, 21 }, // U+044B
    { 20, 21, 357, 1, 21 }, // U+044C
    { 19, 23, 342, 1, 22 }, // U+044D
    { 33, 23, 563, 1, 22 }, // U+044E
    { 22, 22, 385, 1, 21 }, // U+044F
    { 19, 36, 347, 2, 35 }, // U+0450
    { 19, 32, 347, 2, 31 }, // U+0451
    { 24, 42, 418, 0, 33 }, // U+0452
    { 18, 34, 331, 1, 34 }, // U+0453
    { 18, 23, 344, 2, 22 }, // U+0454
    { 17, 23, 319, 2, 22 }, // U+0455
    { 13, 32, 221, 0, 32 }, // U+0456
    { 14, 31, 221, 0, 31 }, // U+0457
    { 12, 42, 191, -3, 33 }, // U+0458
    { 33, 22, 533, 1, 21 }, // U+0459
    { 34, 21, 569, 1, 21 }, // U+045A
    { 27, 32, 441, 0, 32 }, // U+045B
    { 23, 35, 392, 2, 34 }, // U+045C
    { 26, 35, 461, 1, 35 }, // U+045D
    { 26, 41, 400, 0, 32 }, // U+045E
    { 26, 29, 453, 1, 21 }, // U+045F
    { 28, 33, 487, 1, 33 }, // U+0462
    { 23, 30, 410, 1, 30 }, // U+0463
    { 29, 31, 519, 2, 30 }, // U+0472
    { 22, 23, 397, 2, 22 }, // U+0473
    { 31, 30, 499, 0, 30 }, // U+0474
    { 25, 22, 405, 1, 22 }, // U+0475
    { 33, 48, 555, 1, 39 }, // U+048A
    { 27, 40, 461, 1, 32 }, // U+048B
    { 24, 29, 421, 1, 29 }, // U+048C
    { 20, 30, 347, 1, 30 }, // U+048D
    { 23, 30, 395, 1, 30 }, // U+048E
    { 24, 31, 409, 1, 22 }, // U+048F
    { 22, 35, 376, 1, 35 }, // U+0490
    { 18, 27, 318, 1, 27 }, // U+0491
    { 22, 29, 389, 1, 29 }, // U+0492
    { 18, 21, 331, 1, 21 }, // U+0493
    { 26, 38, 446, 1, 29 }, // U+0494
    { 23, 30, 407, 1, 21 }, // U+0495
    { 42, 38, 675, 0, 30 }, // U+0496
    { 34, 30, 537, 0, 22 }, // U+0497
    { 21, 39, 387, 1, 30 }, // U+0498
    { 17, 30, 317, 1, 22 }, // U+0499
    { 29, 39, 475, 1, 30 }, // U+049A
    { 23, 30, 392, 2, 22 }, // U+049B
    { 30, 31, 495, 1, 30 }, // U+049C
    { 24, 23, 407, 2, 22 }, // U+049D
    { 28, 31, 475, 2, 30 }, // U+049E
    { 23, 31, 375, 0, 30 }, // U+049F
    { 34, 31, 557, 1, 30 }, // U+04A0
    { 27, 23, 444, 1, 22 }, // U+04A1
    { 33, 38, 557, 1, 29 }, // U+04A2
    { 27, 29, 469, 1, 21 }, // U+04A3
    { 38, 29, 648, 1, 29 }, // U+04A4
    { 30, 21, 526, 1, 21 }, // U+04A5
    { 42, 38, 700, 1, 29 }, // U+04A6
    { 37, 30, 643, 1, 21 }, // U+04A7
    { 32, 31, 549, 2, 30 }, // U+04A8
    { 25, 23, 429, 2, 22 }, // U+04A9
    { 23, 39, 428, 2, 30 }, // U+04AA
    { 18, 30, 338, 2, 22 }, // U+04AB
    { 25, 38, 457, 2, 29 }, // U+04AC
    { 20, 29, 373, 2, 21 }, // U+04AD
    { 28, 29, 456, 1, 29 }, // U+04AE
    { 25, 30, 400, 1, 21 }, // U+04AF
    { 29, 29, 456, 1, 29 }, // U+04B0
    { 25, 30, 400, 0, 21 }, // U+04B1
    { 31, 38, 486, -1, 29 }, // U+04B2
    { 25, 29, 399, 0, 21 }, // U+04B3
    { 36, 38, 607, 1, 29 }, // U+04B4
    { 31, 29, 527, 1, 21 }, // U+04B5
    { 28, 38, 475, 1, 29 }, // U+04B6
    { 24, 29, 413, 1, 21 }, // U+04B7
    { 28, 29, 475, 1, 29 }, // U+04B8
    { 24, 21, 407, 1, 21 }, // U+04B9
    { 29, 29, 479, 1, 29 }, // U+04BA
    { 26, 32, 441, 1, 32 }, // U+04BB
    { 31, 31, 545, 1, 30 }, // U+04BC
    { 24, 23, 421, 1, 22 }, // U+04BD
    { 31, 39, 545, 1, 30 }, // U+04BE
    { 24, 30, 421, 1, 22 }, // U+04BF
    { 13, 29, 251, 2, 29 }, // U+04C0
    { 41, 40, 674, 0, 39 }, // U+04C1
    { 35, 33, 537, -1, 32 }, // U+04C2
    { 27, 39, 461, 1, 30 }, // U+04C3
    { 21, 31, 395, 2, 22 }, // U+04C4
    { 29, 37, 495, 1, 29 }, // U+04C5
    { 24, 29, 413, 1, 21 }, // U+04C6
    { 33, 38, 545, 1, 29 }, // U+04C7
    { 27, 30, 463, 1, 21 }, // U+04C8
    { 33, 38, 557, 1, 29 }, // U+04C9
    { 27, 29, 463, 1, 21 }, // U+04CA
    { 29, 38, 475, 1, 29 }, // U+04CB
    { 23, 29, 407, 1, 21 }, // U+04CC
    { 38, 38, 596, 0, 29 }, // U+04CD
    { 30, 29, 517, 1, 21 }, // U+04CE
    { 12, 32, 217, 1, 32 }, // U+04CF
    { 32, 39, 495, -1, 39 }, // U+04D0
    { 21, 32, 366, 2, 31 }, // U+04D1
    { 31, 38, 495, 0, 38 }, // U+04D2
    { 21, 32, 366, 2, 31 }, // U+04D3
    { 38, 29, 620, -1, 29 }, // U+04D4
    { 31, 23, 543, 2, 22 }, // U+04D5
    { 24, 39, 420, 1, 39 }, // U+04D6
    { 19, 33, 347, 2, 32 }, // U+04D7
    { 25, 31, 455, 2, 30 }, // U+04D8
    { 19, 23, 347, 2, 22 }, // U+04D9
    { 25, 39, 455, 2, 38 }, // U+04DA
    { 19, 32, 347, 2, 31 }, // U+04DB
    { 43, 39, 674, 0, 38 }, // U+04DC
    { 34, 32, 537, -1, 31 }, // U+04DD
    { 21, 39, 387, 1, 38 }, // U+04DE
    { 17, 32, 317, 1, 31 }, // U+04DF
    { 21, 30, 381, 1, 29 }, // U+04E0
    { 19, 30, 335, 1, 21 }, // U+04E1
    { 33, 37, 553, 1, 37 }, // U+04E2
    { 26, 30, 461, 1, 30 }, // U+04E3
    { 33, 38, 553, 1, 38 }, // U+04E4
    { 26, 31, 461, 1, 31 }, // U+04E5
    { 29, 39, 519, 2, 38 }, // U+04E6
    { 22, 32, 397, 2, 31 }, // U+04E7
    { 29, 31, 519, 2, 30 }, // U+04E8
    { 22, 23, 397, 2, 22 }, // U+04E9
    { 29, 39, 555, 2, 38 }, // U+04EA
    { 22, 32, 397, 2, 31 }, // U+04EB
    { 24, 39, 446, 2, 38 }, // U+04EC
    { 19, 32, 342, 1, 31 }, // U+04ED
    { 30, 39, 483, 1, 38 }, // U+04EE
    { 26, 40, 400, 0, 31 }, // U+04EF
    { 30, 39, 483, 1, 38 }, // U+04F0
    { 25, 41, 400, 0, 32 }, // U+04F1
    { 30, 42, 483, 1, 41 }, // U+04F2
    { 26, 43, 400, 0, 34 }, // U+04F3
    { 28, 38, 475, 1, 38 }, // U+04F4
    { 24, 31, 415, 1, 31 }, // U+04F5
    { 23, 38, 389, 1, 29 }, // U+04F6
    { 18, 29, 331, 1, 21 }, // U+04F7
    { 37, 38, 649, 1, 38 }, // U+04F8
    { 31, 31, 541, 1, 31 }, // U+04F9
    { 22, 38, 389, 1, 29 }, // U+04FA
    { 18, 29, 331, 1, 21 }, // U+04FB
    { 30, 38, 471, 0, 29 }, // U+04FC
    { 24, 30, 393, 0, 21 }, // U+04FD
    { 31, 29, 484, -1, 29 }, // U+04FE
    { 24, 21, 395, 0, 21 }, // U+04FF
    { 31, 39, 495, 0, 30 }, // U+1EA0
    { 21, 31, 366, 2, 22 }, // U+1EA1
    { 31, 43, 495, -1, 43 }, // U+1EA2
    { 21, 38, 366, 2, 37 }, // U+1EA3
    { 31, 44, 495, 0, 44 }, // U+1EA4
    { 21, 41, 366, 2, 40 }, // U+1EA5
    { 31, 44, 495, 0, 44 }, // U+1EA6
    { 21, 41, 366, 2, 40 }, // U+1EA7
    { 31, 44, 495, 0, 44 }, // U+1EA8
    { 21, 41, 366, 2, 40 }, // U+1EA9
    { 31, 44, 495, 0, 44 }, // U+1EAA
    { 21, 40, 366, 2, 39 }, // U+1EAB
    { 31, 49, 495, 0, 40 }, // U+1EAC
    { 21, 43, 366, 2, 34 }, // U+1EAD
    { 32, 43, 495, -1, 43 }, // U+1EAE
    { 21, 41, 366, 2, 40 }, // U+1EAF
    { 32, 43, 495, -1, 43 }, // U+1EB0
    { 21, 41, 366, 2, 40 }, // U+1EB1
    { 31, 44, 495, 0, 44 }, // U+1EB2
    { 21, 42, 366, 2, 41 }, // U+1EB3
    { 31, 44, 495, 0, 44 }, // U+1EB4
    { 21, 40, 366, 2, 39 }, // U+1EB5
    { 32, 49, 495, -1, 40 }, // U+1EB6
    { 21, 42, 366, 2, 33 }, // U+1EB7
    { 24, 38, 420, 1, 29 }, // U+1EB8
    { 19, 31, 347, 2, 22 }, // U+1EB9
    { 24, 43, 420, 1, 43 }, // U+1EBA
    { 19, 38, 347, 2, 37 }, // U+1EBB
    { 24, 39, 420, 1, 39 }, // U+1EBC
    { 19, 33, 347, 2, 32 }, // U+1EBD
    { 24, 44, 420, 1, 44 }, // U+1EBE
    { 21, 41, 347, 2, 40 }, // U+1EBF
    { 24, 44, 420, 1, 44 }, // U+1EC0
    { 19, 41, 347, 2, 40 }, // U+1EC1
    { 24, 44, 425, 1, 44 }, // U+1EC2
    { 21, 41, 347, 2, 40 }, // U+1EC3
    { 24, 44, 420, 1, 44 }, // U+1EC4
    { 19, 40, 347, 2, 39 }, // U+1EC5
    { 24, 49, 420, 1, 40 }, // U+1EC6
    { 19, 43, 347, 2, 34 }, // U+1EC7
    { 13, 43, 251, 1, 43 }, // U+1EC8
    { 13, 37, 221, 0, 37 }, // U+1EC9
    { 13, 38, 251, 1, 29 }, // U+1ECA
    { 13, 41, 221, 0, 32 }, // U+1ECB
    { 29, 39, 519, 2, 30 }, // U+1ECC
    { 22, 31, 397, 2, 22 }, // U+1ECD
    { 29, 43, 519, 2, 42 }, // U+1ECE
    { 22, 37, 397, 2, 36 }, // U+1ECF
    { 29, 45, 519, 2, 44 }, // U+1ED0
    { 22, 41, 397, 2, 40 }, // U+1ED1
    { 29, 45, 519, 2, 44 }, // U+1ED2
    { 22, 41, 397, 2, 40 }, // U+1ED3
    { 29, 45, 519, 2, 44 }, // U+1ED4
    { 22, 41, 397, 2, 40 }, // U+1ED5
    { 29, 46, 519, 2, 45 }, // U+1ED6
    { 22, 40, 397, 2, 39 }, // U+1ED7
    { 29, 49, 519, 2, 40 }, // U+1ED8
    { 22, 43, 397, 2, 34 }, // U+1ED9
    { 31, 41, 519, 2, 40 }, // U+1EDA
    { 24, 36, 397, 2, 35 }, // U+1EDB
    { 31, 42, 519, 2, 41 }, // U+1EDC
    { 24, 36, 397, 2, 35 }, // U+1EDD
    { 31, 43, 519, 2, 42 }, // U+1EDE
    { 24, 37, 397, 2, 36 }, // U+1EDF
    { 31, 41, 519, 2, 40 }, // U+1EE0
    { 24, 33, 397, 2, 32 }, // U+1EE1
    { 31, 44, 519, 2, 35 }, // U+1EE2
    { 24, 35, 397, 2, 26 }, // U+1EE3
    { 32, 38, 515, 1, 29 }, // U+1EE4
    { 27, 31, 433, 0, 22 }, // U+1EE5
    { 32, 44, 515, 1, 43 }, // U+1EE6
    { 27, 38, 433, 0, 37 }, // U+1EE7
    { 33, 42, 515, 1, 41 }, // U+1EE8
    { 27, 36, 433, 0, 35 }, // U+1EE9
    { 33, 42, 515, 1, 41 }, // U+1EEA
    { 27, 36, 433, 0, 35 }, // U+1EEB
    { 33, 44, 515, 1, 43 }, // U+1EEC
    { 27, 38, 433, 0, 37 }, // U+1EED
    { 33, 40, 515, 1, 39 }, // U+1EEE
    { 27, 33, 433, 0, 32 }, // U+1EEF
    { 33, 44, 515, 1, 35 }, // U+1EF0
    { 27, 35, 433, 0, 26 }, // U+1EF1
    { 28, 40, 456, 1, 40 }, // U+1EF2
    { 25, 44, 400, 1, 35 }, // U+1EF3
    { 29, 38, 456, 1, 29 }, // U+1EF4
    { 25, 30, 400, 1, 21 }, // U+1EF5
    { 28, 43, 456, 1, 43 }, // U+1EF6
    { 26, 46, 400, 0, 37 }, // U+1EF7
    { 28, 39, 456, 1, 39 }, // U+1EF8
    { 25, 41, 400, 1, 32 }, // U+1EF9
    { 0, 0, 333, 0, 0 }, // U+2000
    { 0, 0, 667, 0, 0 }, // U+2001
    { 0, 0, 333, 0, 0 }, // U+2002
    { 0, 0, 667, 0, 0 }, // U+2003
    { 0, 0, 222, 0, 0 }, // U+2004
    { 0, 0, 167, 0, 0 }, // U+2005
    { 0, 0, 111, 0, 0 }, // U+2006
    { 0, 0, 415, 0, 0 }, // U+2007
    { 0, 0, 182, 0, 0 }, // U+2008
    { 0, 0, 133, 0, 0 }, // U+2009
    { 0, 0, 33, 0, 0 }, // U+200A
    { 0, 0, 0, 0, 0 }, // U+200B
    { 0, 0, 0, 0, 0 }, // U+200C
    { 0, 0, 0, 0, 0 }, // U+200D
    { 0, 0, 0, 0, 0 }, // U+200E
    { 0, 0, 0, 0, 0 }, // U+200F
    { 13, 4, 249, 2, 13 }, // U+2010
    { 13, 4, 249, 2, 13 }, // U+2011
    { 19, 4, 415, 3, 17 }, // U+2012
    { 21, 4, 333, 0, 13 }, // U+2013
    { 42, 4, 667, 0, 13 }, // U+2014
    { 42, 4, 667, 0, 13 }, // U+2015
    { 14, 41, 333, 4, 32 }, // U+2016
    { 21, 9, 333, 0, -1 }, // U+2017
    { 7, 13, 158, 2, 31 }, // U+2018
    { 8, 13, 158, 1, 31 }, // U+2019
    { 8, 13, 158, 1, 6 }, // U+201A
    { 7, 13, 158, 2, 31 }, // U+201B
    { 15, 13, 291, 2, 31 }, // U+201C
    { 16, 13, 291, 1, 31 }, // U+201D
    { 16, 13, 293, 1, 6 }, // U+201E
    { 15, 13, 291, 2, 31 }, // U+201F
    { 18, 27, 333, 1, 30 }, // U+2020
    { 18, 32, 333, 1, 30 }, // U+2021
    { 9, 8, 200, 2, 15 }, // U+2022
    { 14, 15, 415, 6, 22 }, // U+2023
    { 6, 7, 182, 3, 6 }, // U+2024
    { 16, 7, 333, 2, 6 }, // U+2025
    { 34, 7, 667, 4, 6 }, // U+2026
    { 6, 6, 182, 3, 15 }, // U+2027
    { 0, 0, 0, 0, 0 }, // U+2028
    { 0, 0, 0, 0, 0 }, // U+2029
    { 0, 0, 0, 0, 0 }, // U+202A
    { 0, 0, 0, 0, 0 }, // U+202B
    { 0, 0, 0, 0, 0 }, // U+202C
    { 0, 0, 0, 0, 0 }, // U+202D
    { 0, 0, 0, 0, 0 }, // U+202E
    { 0, 0, 71, 0, 0 }, // U+202F
    { 52, 33, 918, 2, 31 }, // U+2030
    { 8, 13, 175, 2, 29 }, // U+2032
    { 16, 13, 305, 2, 29 }, // U+2033
    { 24, 13, 435, 2, 29 }, // U+2034
    { 8, 13, 175, 1, 29 }, // U+2035
    { 17, 13, 320, 1, 29 }, // U+2036
    { 26, 13, 465, 1, 29 }, // U+2037
    { 18, 9, 333, 1, 0 }, // U+2038
    { 10, 15, 214, 1, 18 }, // U+2039
    { 10, 15, 214, 2, 18 }, // U+203A
    { 27, 28, 415, -1, 27 }, // U+203B
    { 16, 33, 364, 4, 32 }, // U+203C
    { 21, 4, 333, 0, 35 }, // U+203E
    { 9, 4, 200, 2, 13 }, // U+2043
    { 21, 34, 121, -7, 31 }, // U+2044
    { 32, 31, 595, 3, 30 }, // U+2047
    { 26, 33, 499, 3, 32 }, // U+2048
    { 25, 33, 499, 4, 32 }, // U+2049
    { 23, 8, 667, 9, 16 }, // U+2053
    { 32, 13, 565, 2, 29 }, // U+2057
    { 0, 0, 148, 0, 0 }, // U+205F
    { 0, 0, 0, 0, 0 }, // U+2060
    { 0, 0, 0, 0, 0 }, // U+2061
    { 0, 0, 0, 0, 0 }, // U+2062
    { 0, 0, 0, 0, 0 }, // U+2063
    { 0, 0, 0, 0, 0 }, // U+2064
    { 0, 0, 0, 0, 0 }, // U+2065
    { 0, 0, 0, 0, 0 }, // U+206A
    { 0, 0, 0, 0, 0 }, // U+206B
    { 0, 0, 0, 0, 0 }, // U+206C
    { 0, 0, 0, 0, 0 }, // U+206D
    { 0, 0, 0, 0, 0 }, // U+206E
    { 0, 0, 0, 0, 0 }, // U+206F
    { 16, 20, 298, 1, 35 }, // U+2070
    { 16, 21, 298, 2, 35 }, // U+2074
    { 13, 19, 298, 3, 34 }, // U+2075
    { 14, 20, 298, 3, 35 }, // U+2076
    { 13, 19, 298, 4, 34 }, // U+2077
    { 14, 20, 298, 3, 35 }, // U+2078
    { 14, 20, 298, 3, 35 }, // U+2079
    { 18, 14, 377, 3, 30 }, // U+207F
    { 16, 20, 298, 1, 14 }, // U+2080
    { 12, 19, 298, 3, 14 }, // U+2081
    { 15, 19, 298, 2, 14 }, // U+2082
    { 13, 20, 298, 2, 14 }, // U+2083
    { 16, 21, 298, 2, 14 }, // U+2084
    { 13, 19, 298, 3, 13 }, // U+2085
    { 14, 20, 298, 3, 14 }, // U+2086
    { 13, 19, 298, 4, 13 }, // U+2087
    { 14, 20, 298, 3, 14 }, // U+2088
    { 14, 20, 298, 3, 14 }, // U+2089
    { 21, 29, 415, 2, 29 }, // U+20A3
    { 22, 30, 415, 2, 29 }, // U+20A4
    { 49, 30, 833, 1, 29 }, // U+20A7
    { 25, 30, 415, 0, 29 }, // U+20AC
    { 24, 17, 667, 9, 23 }, // U+2190
    { 17, 27, 667, 12, 28 }, // U+2191
    { 24, 17, 667, 9, 23 }, // U+2192
    { 17, 27, 667, 12, 28 }, // U+2193
    { 26, 17, 667, 8, 23 }, // U+2194
    { 17, 27, 667, 12, 28 }, // U+2195
    { 18, 27, 667, 12, 28 }, // U+21A8
    { 18, 27, 667, 12, 28 }, // U+21B2
    { 17, 27, 667, 12, 28 }, // U+21B3
    { 23, 19, 667, 9, 24 }, // U+21B5
    { 24, 19, 667, 9, 24 }, // U+21D0
    { 19, 25, 667, 11, 27 }, // U+21D1
    { 24, 19, 667, 9, 24 }, // U+21D2
    { 19, 25, 667, 11, 27 }, // U+21D3
    { 25, 19, 667, 8, 24 }, // U+21D4
    { 28, 31, 667, 7, 30 }, // U+2200
    { 20, 32, 415, 3, 32 }, // U+2202
    { 19, 29, 667, 11, 29 }, // U+2203
    { 32, 33, 667, 5, 31 }, // U+2205
    { 25, 30, 439, 1, 30 }, // U+2206
    { 26, 30, 667, 8, 29 }, // U+2207
    { 27, 29, 667, 8, 29 }, // U+2208
    { 27, 36, 667, 8, 32 }, // U+2209
    { 27, 23, 667, 8, 26 }, // U+220A
    { 27, 29, 667, 7, 29 }, // U+220B
    { 27, 36, 667, 7, 32 }, // U+220C
    { 27, 23, 667, 7, 26 }, // U+220D
    { 32, 36, 540, 1, 29 }, // U+220F
    { 24, 37, 408, 1, 29 }, // U+2211
    { 18, 3, 415, 4, 16 }, // U+2212
    { 18, 32, 327, 1, 30 }, // U+2215
    { 18, 32, 351, 3, 30 }, // U+2216
    { 19, 20, 415, 3, 24 }, // U+2217
    { 14, 14, 415, 6, 21 }, // U+2218
    { 6, 6, 415, 10, 14 }, // U+2219
    { 26, 39, 415, 0, 34 }, // U+221A
    { 20, 15, 415, 3, 21 }, // U+221D
    { 25, 14, 415, 1, 20 }, // U+221E
    { 26, 29, 667, 8, 29 }, // U+221F
    { 29, 29, 667, 5, 29 }, // U+2220
    { 4, 42, 333, 8, 32 }, // U+2223
    { 11, 42, 333, 5, 32 }, // U+2225
    { 26, 29, 667, 8, 29 }, // U+2227
    { 26, 29, 667, 8, 29 }, // U+2228
    { 23, 31, 667, 9, 30 }, // U+2229
    { 23, 31, 667, 9, 30 }, // U+222A
    { 22, 43, 415, 2, 33 }, // U+222B
    { 26, 23, 667, 8, 22 }, // U+2234
    { 26, 23, 667, 8, 22 }, // U+2235
    { 6, 22, 207, 3, 25 }, // U+2236
    { 25, 23, 667, 8, 22 }, // U+2237
    { 23, 8, 667, 9, 16 }, // U+223C
    { 23, 21, 667, 9, 25 }, // U+2245
    { 20, 15, 415, 3, 22 }, // U+2248
    { 23, 14, 667, 9, 19 }, // U+224D
    { 18, 18, 415, 4, 23 }, // U+2260
    { 22, 17, 667, 10, 21 }, // U+2261
    { 18, 25, 415, 4, 25 }, // U+2264
    { 18, 25, 415, 4, 25 }, // U+2265
    { 34, 20, 667, 4, 24 }, // U+226A
    { 34, 20, 667, 4, 24 }, // U+226B
    { 27, 23, 667, 7, 26 }, // U+2283
    { 27, 36, 667, 8, 32 }, // U+2284
    { 27, 36, 667, 7, 32 }, // U+2285
    { 27, 29, 667, 8, 29 }, // U+2286
    { 27, 29, 667, 8, 29 }, // U+2287
    { 31, 31, 667, 6, 30 }, // U+2295
    { 31, 31, 667, 5, 30 }, // U+2296
    { 30, 31, 667, 6, 30 }, // U+2297
    { 30, 31, 667, 6, 30 }, // U+2298
    { 24, 29, 667, 9, 29 }, // U+22A5
    { 6, 6, 415, 10, 14 }, // U+22C5
    { 34, 6, 667, 4, 14 }, // U+22EF
    { 34, 32, 496, 0, 32 }, // U+FB00
    { 27, 32, 446, 0, 32 }, // U+FB01
    { 28, 32, 447, 0, 32 }, // U+FB02
    { 41, 32, 671, 0, 32 }, // U+FB03
    { 42, 32, 673, 0, 32 }, // U+FB04
    { 32, 33, 513, 0, 32 }, // U+FB05
    { 34, 33, 593, 2, 32 }, // U+FB06
    { 40, 40, 667, 1, 35 }, // U+FFFD
};


static const EpdFontGroup bookerly_20_regularGroups[] = {
    { 0, 1568, 3839, 37, 3249, 0 },
    { 1568, 1326, 4017, 18, 2954, 37 },
    { 2894, 1479, 4094, 25, 2707, 55 },
    { 4373, 1069, 2886, 20, 998, 80 },
    { 5442, 5289, 18592, 96, 1785, 100 },
    { 10731, 6892, 29692, 128, 1785, 196 },
    { 17623, 7937, 26219, 94, 1785, 324 },
    { 25560, 467, 863, 34, 620, 418 },
    { 26027, 15376, 48879, 220, 3829, 452 },
    { 41403, 4874, 24922, 90, 3793, 672 },
    { 46277, 1345, 3522, 81, 2988, 762 },
    { 47622, 467, 1395, 18, 839, 843 },
    { 48089, 384, 954, 4, 677, 861 },
    { 48473, 604, 1858, 15, 1181, 865 },
    { 49077, 1415, 3897, 23, 2833, 880 },
    { 50492, 1078, 3966, 26, 2010, 903 },
    { 51570, 591, 1638, 9, 496, 929 },
    { 52161, 524, 2001, 7, 1429, 938 },
    { 52685, 172, 400, 1, 370, 945 },
};







static const int8_t bookerly_20_regularKernSparseValues[] = {
     -33,  -27,   27,  -27,  -33,  -20,   33,  -13,  -13,   34,   13,   13,  -20,  -13,  -13,  -13,
      13,   13,  -13,  -13,  -13,  -13,   34,  -20,  -20,   33,  -13,  -13,   13,   13,   34,   13,
     -54,   27,   27,  -13,  -20,  -90,  -13,  -13,  -13,  -20,  -53,  -54,   27,  -13,   27,  -90,
      20,  -27,   20,  -47,  -27,  -60,  -53,  -10,  -10,   -7,  -10,  -19,  -26,  -40,  -40,  -27,
     -10,  -10,  -10,  -13,   -7,  -27,  -47,  -27,   20,  -47,   20,   13,  -20,  -67,  -10,  -10,
     -33,  -27,   13,  -40,  -27,  -60,  -53,  -47,  -27,  -53,  -27,  -20,  -13,  -27,  -33,  -33,
     -10,  -10,  -20,  -20,  -27,  -13,  -20,  -13,   13,  -13,  -10,  -10,  -33,  -33,  -20,  -67,
     -27,  -20,  -13,  -67,  -60,  -27,  -53,  -33,  -33,  -60,  -20,  -13,  -27,  -13,  -27,  -93,
     -27,  -67,  -67,  -60,   27,   27,  -60,  -67,  -67,  -60,  -33,  -60,  -27,  -53,  -20,  -27,
     -47,  -27,  -20,  -47,  -67,  -47,  -27,  -67,  -13,  -70,  -60,  -33,  -33,  -43,  -33,  -20,
     -13,  -27,  -60,  -60,   27,  -13,  -13,  -93,  -20,  -10,  -10,  -10,  -10,  -13,  -13,  -13,
     -33,  -54,  -20,   13,  -37,   17,  -12,   13,  -67,  -40,  -73,   13,  -70,    7,  -67,  -10,
     -10,  -13,  -43,   13,  -43,  -20,   20,   -2,   -2,  -60,  -47,  -10,  -10,   -7,  -10,  -17,
     -10,  -13,  -27,   17,   13,  -17,   17,   17,   17,  -13,  -13,  -16,  -10,  -10,  -10,  -13,
      -7,   -9,   -9,  -16,  -10,  -10,  -10,  -10,  -10,  -10,  -10,  -13,  -10,  -16,  -20,  -27,
     -27,  -27,  -20,  -10,  -13,   -7,  -10,  -13,  -20,  -27,   -7,  -20,   -7,   20,  -47,  -13,
      -7,   -7,    7,   27,  -60,  -60,  -57,  -60,  -13,  -20,    7,  -13,  -27,    7,  -20,  -13,
     -77,  -20,  -20,  -13,   27,   27,  -13,    7,  -20,  -20,  -13,    7,   27,    7,  -20,  -13,
     -27,   13,   13,  -13,  -13,  -13,   -7,  -13,   -7,  -10,  -10,   -8,  -20,  -20,  -13,  -10,
     -10,   13,   13,  -10,  -10,   13,  -10,  -33,  -13,  -33,  -26,  -19,  -19,  -27,   -7,  -20,
     -13,  -13,  -17,   -7,  -10,  -13,  -10,  -10,  -33,   -7,  -20,  -20,  -13,   20,   20,  -13,
     -20,  -20,  -13,  -17,  -10,  -13,   -7,  -20,   17,  -27,   13,    7,   -9,  -15,   -7,   -8,
     -20,  -23,  -40,  -40,    7,  -27,   -9,   -9,  -15,   20,   20,  -15,   -9,   -9,  -15,   20,
      -8,  -27,  -13,  -27,   27,  -33,  -17,  -53,    7,  -53,  -73,  -20,  -20,  -27,  -13,   13,
      -7,  -17,  -10,  -10,   20,  -13,   -7,  -10,  -10,   13,   -7,   27,   27,   -7,  -13,  -30,
     -13,  -30,  -24,  -10,  -15,  -10,  -20,  -17,  -10,   -7,  -10,   -7,  -27,  -10,  -15,  -15,
     -10,   27,   27,  -10,  -15,  -15,  -10,  -17,   -7,  -20,  -10,  -20,   13,   25,  -67,  -67,
     -65,  -67,  -10,  -10,   20,   -7,  -10,  -10,  -19,   20,  -12,   13,   17,   20,   20,  -90,
     -10,  -10,  -10,   13,   13,  -10,  -10,  -10,  -10,   33,  -12,  -19,   13,   19,   13,   -7,
     -27,  -27,   20,  -20,  -10,   50,   -7,  -10,  -13,  -20,  -27,   -7,  -20,   33,    7,   60,
      20,   37,   47,  -47,  -13,   60,   30,   -7,   13,  -20,  -20,  -20,   27,  -20,   20,  -33,
     -23,  -43,   20,  -47,   -7,  -13,  -20,   13,  -20,   20,  -13,  -20,  -13,  -40,  -27,  -13,
     -13,  -13,  -13,   -7,   -7,   -7,  -20,  -13,   -7,  -13,  -20,  -20,  -13,  -60,  -27,  -60,
     -83,  -27,  -27,  -73,  -20,  -17,  -10,   -7,  -37,  -40,  -42,  -47,  -13,  -33,  -13,  -67,
     -20,  -37,  -37,  -40,   27,   27,  -40,  -37,  -37,  -40,  -47,  -13,  -13,  -42,  -20,  -13,
      13,   13,  -27,  -27,  -39,  -47,  -10,  -10,  -10,   -7,  -13,  -10,  -27,  -17,  -13,  -13,
     -13,  -47,  -10,  -20,  -13,  -13,  -10,   27,   27,  -10,  -13,  -13,  -10,  -17,  -13,  -27,
     -10,   27,  -67,  -33,  -67,  -90,  -13,  -13,  -77,  -27,  -10,  -17,   20,   13,  -43,   17,
     -48,  -13,  -60,   17,  -17,  -13,  -43,  -13,  -13,  -20,  -13,  -21,  -27,  -20,  -93,  -27,
     -69,  -63,  -48,   40,   40,  -48,   17,  -69,  -43,  -48,   17,   40,   17,  -17,  -43,  -21,
     -60,  -27,  -27,   13,   20,   13,  -20,   17,   20,   13,   13,  -20,  -30,   13,  -30,   20,
      -7,   33,   33,   13,   13,   33,   13,   -7,  -53,  -33,  -53,  -70,  -20,  -20,  -69,  -33,
     -10,  -17,   17,   17,  -44,   13,  -53,  -13,  -43,   13,  -20,  -13,  -53,  -20,  -20,  -23,
     -20,  -20,  -33,  -27,  -73,  -33,  -44,  -64,  -53,   73,   47,  -53,   13,  -64,  -64,  -53,
      13,   34,   13,  -20,  -53,  -20,  -27,  -43,  -13,  -33,  -27,   13,   -7,   -7,   -7,   -7,
      13,   13,   20,   -7,   27,   27,   34,   13,   13,   27,   27,   34,   13,   27,   34,  -20,
     -53,  -33,  -67,  -53,  -13,   13,  -13,  -20,  -20,  -20,  -20,  -13,  -13,  -13,   13,  -20,
     -53,  -20,  -27,  -67,  -13,  -20,  -20,  -20,  -20,  -67,  -53,  -43,  -27,  -17,  -67,   -7,
      -7,  -23,  -23,   -9,  -13,  -27,  -20,  -13,  -13,  -10,  -10,  -27,  -10,  -40,   -8,   -8,
       7,   -7,  -10,   -7,   -8,   -8,   25,  -33,  -13,  -40,   -7,   -7,  -10,   -7,   -7,   -7,
      -7,   -7,   -7,   -7,   -7,  -10,   13,  -20,    7,  -20,  -13,  -17,  -27,   -7,   -7,   -7,
      -7,   -7,   -7,   -7,   20,  -13,   40,   68,   67,   67,  -13,  -13,  -20,   36,   55,   55,
      -9,  -10,   -7,   13,   20,  -11,   13,   13,   67,    5,   25,    7,   80,  127,   87,  -10,
       9,    3,   -3,   63,   67,   27,    9,   20,   -7,   53,   63,   20,   13,  -20,  -10,   -7,
      17,    9,   17,    7,    7,  -10,  -10,   -7,   -7,  -10,  -10,   -7,   17,   33,   10,   27,
     -13,  -11,  -60,   -7,   -7,  -37,  -37,  -33,  -20,  -23,  -23,  -20,  -13,  -13,  -13,  -13,
     -10,  -13,  -10,  -13,  -13,    7,  -10,    7,  -10,  -10,  -13,   -7,  -10,  -10,  -13,  -10,
     -13,  -13,  -13,  -20,  -13,  -10,  -33,   44,    7,  -13,   20,   44,  -20,   13,  -40,  -13,
     -40,  -40,  -13,  -17,  -10,  -13,  -21,  -10,  -15,   10,  -17,  -17,  -13,  -13,  -10,  -17,
     -17,  -13,  -10,  -10,  -15,  -21,   20,   20,  -10,  -10,  -20,  -17,  -33,  -10,  -10,   -7,
      -7,   -7,  -10,  -10,  -10,  -10,  -10,  -13,  -33,   -7,   -7,   10,   13,  -17,  -40,  -13,
      13,  -13,  -13,  -13,   33,  -53,  -10,  -53,  -37,   -8,  -17,  -13,   17,  -30,  -17,    7,
      16,    7,   13,  -22,   20,   27,   10,   10,   10,   -8,   -8,  -13,    7,  -13,  -17,   -8,
      -8,  -13,  -17,   27,  -17,    7,  -22,  -30,   27,   33,   13,  -10,   20,   13,   10,    7,
      10,  -10,  -10,  -10,   27,   33,  -33,   -7,   -7,   40,   34,   37,   37,   13,   13,   34,
      40,   37,   13,   34,   37,   27,  -20,  -27,   27,   27,   27,  -20,  -13,  -13,  -13,  -20,
     -27,  -13,   -7,  -13,  -20,  -27,  -13,  -13,  -20,  -13,  -20,  -27,  -33,  -33,  -13,  -20,
     -13,  -20,  -13,  -20,  -20,  -20,  -27,  -33,  -33,  -13,  -17,   20,  -27,  -20,  -50,  -35,
     -20,  -20,  -20,  -13,  -20,  -13,  -27,  -13,  -13,  -20,  -20,  -20,  -20,  -17,  -20,  -20,
     -20,  -20,  -20,  -20,  -20,  -20,  -20,  -20,  -20,  -13,  -27,  -20,  -17,  -13,  -27,  -17,
      20,  -20,  -20,  -20,  -20,  -20,  -27,  -20,  -40,  -20,  -20,  -27,  -27,  -27,  -20,  -10,
     -13,   -7,  -10,   -7,  -13,  -20,   -7,  -20,   -7,   20,  -47,  -13,   -7,   -7,  -20,  -53,
     -53,  -67,  -13,  -67,  -30,  -27,  -30,  -13,  -20,  -23,  -43,  -47,  -50,  -53,  -20,   -9,
     -13,  -13,  -13,   -9,   -7,  -73,   -9,   -9,  -13,   -9,   -9,  -13,  -13,   -9,  -13,  -27,
     -13,  -10,  -10,  -13,  -20,  -33,  -10,  -10,  -13,  -27,  -27,  -10,  -27,  -20,   13,   13,
      13,   13,   33,   33,   13,   33,   33,   33,   33,   33,   13,  -13,  -13,  -10,  -10,  -67,
     -10,  -60,   -8,   -8,    7,   -7,  -10,   -7,   -8,   -8,   25,  -53,  -13,  -13,  -13,  -10,
     -10,  -27,  -10,  -40,   -8,   -8,    7,  -10,   -8,   -8,   25,  -33,  -13,  -33,  -54,  -20,
      13,  -37,   17,  -12,   13,   13,  -67,  -40,  -73,   13,  -70,    7,  -67,  -10,   27,  -10,
     -13,  -43,   13,  -43,  -20,   20,   -2,   27,   -2,  -60,  -47,  -27,  -17,  -67,   -7,   60,
      -7,  -23,  -23,   -9,   60,  -13,  -27,  -20,   20,   60,   47,   33,   40,   40,   70,   27,
      70,   27,   40,   27,   20,   20,   20,   53,   27,   27,   70,   70,   60,   70,   33,   33,
      23,   40,   53,   20,    7,  -17,  -27,   -7,   20,   -7,   -7,   -7,   -7,   -7,   -7,   20,
      20,  -13,  -10,  -10,   20,   -8,  -20,  -20,  -13,  -10,  -10,   13,   13,  -10,  -10,   13,
     -10,   47,  -23,  -23,   47,  -20,  -13,  -13,   27,  -13,   27,   27,   27,   27,  -13,   27,
      27,  -13,   27,   27,   33,   27,   33,   27,   27,   20,   20,   20,   27,   27,  -20,  -13,
     -33,   13,   -7,   -7,   10,   13,  -17,  -40,   47,  -13,   13,  -13,   47,  -13,  -13,   27,
     -27,  -27,  -27,  -17,   10,   13,   20,   27,    7,   27,    7,   20,   13,   40,   -7,   40,
      20,   20,  -47,   40,   40,   40,   -7,   20,   20,   27,  -10,  -10,  -27,   20,   13,   20,
      13,   20,   20,   13,   27,   13,   27,   20,   20,   20,   13,   40,   27,   33,   20,  -27,
     -27,  -39,  -43,    7,  -10,  -10,   20,   27,   27,   23,   13,  -13,   33,  -10,  -27,   33,
     -17,  -13,  -13,   27,  -13,  -47,  -10,  -13,  -13,  -10,   53,   53,  -10,   33,  -13,  -13,
     -10,   33,   33,  -17,  -13,  -27,  -10,   20,   27,   13,   13,   13,   13,   13,   20,   20,
      13,  -20,  -10,   -7,   47,   17,    9,   17,    7,    7,  -10,  -10,   -7,   -7,  -10,  -10,
      -7,   17,   33,   10,   27,  -10,  -10,  -10,  -10,  -20,  -27,  -27,  -27,  -20,  -10,  -13,
      -7,  -10,  -13,  -13,  -27,   -7,  -20,   -7,   20,  -47,  -13,   -7,   -7,  -33,   13,   13,
      13,   13,   -7,  -20,    7,  -27,  -40,  -27,  -33,  -40,  -20,  -20,  -20,  -47,  -40,  -20,
     -20,  -13,  -17,  -13,  -20,  -13,  -13,  -13,  -13,  -13,   -7,  -13,  -27,  -20,  -13,   -7,
     -13,  -13,   -7,  -20,  -13,  -10,  -27,  -10,  -20,  -13,  -20,   13,  -13,  -33,  -40,  -33,
     -13,  -33,  -26,  -19,  -19,   -7,  -27,  -27,  -20,  -20,  -13,  -13,  -13,  -13,  -13,  -10,
     -13,  -13,  -10,  -13,  -27,  -17,   20,  -10,  -27,  -27,  -33,  -33,   13,  -43,   -7,  -40,
     -20,  -49,  -20,  -20,   -7,  -53,  -13,   13,   13,   -7,  -13,   13,  -17,  -13,  -23,  -13,
     -13,  -23,  -47,  -60,  -13,  -27,  -13,  -53,  -80,  -40,  -13,  -47,  -13,  -73,  -13,   -7,
     -27,  -47,  -47,  -47,  -60,  -43,  -47,  -30,  -20,  -33,  -20,  -27,  -27,  -20,   10,   -7,
     -47,  -20,  -20,  -20,  -47,  -33,  -53,  -33,  -20,  -17,  -50,  -60,  -13,  -13,  -13,  -27,
     -83,  -33,  -83,  -77,  -53,  -33,  -53,  -17,  -67,   13, -107,  -73,  -13,  -13,  -20,  -47,
     -13,  -57,  -67,   -7,  -53,  -87,  -73,  -40,  -60,  -67,  -20,  -33,  -27,  -27,  -33, -100,
     -60,   47,  -27,   17,   27,  -20,  -73, -113,  -13,  -40,  -20,   13,  -33,  -54,  -20,   13,
     -37,  -67,  -20,  -67,  -12,   13,  -47,   17,   13,   10,   13,  -33,   13,  -87,    7,   -7,
      10,   20,  -40,  -21,   13,  -47,  -21,  -73,  -60,  -60,  -33,   20,  -60,  -47,  -20,   -7,
     -13,  -20,  -13,  -13,  -13,  -13,  -13,  -23,  -10,  -10,  -27,  -10,  -17,   -7,  -10,   -7,
     -10,  -17,   13,  -10,   17,  -13,   13,  -17,  -13,  -17,  -60,  -27,  -60,  -83,  -27,  -27,
     -33,  -13,  -20,  -10,  -53,  -73,  -53,  -13,  -17,  -20,  -43,  -37,  -53,  -40,  -13,  -60,
     -73,  -47,   27,  -13,  -67,  -67,  -13,   13,   13,  -10,   27,   13,  -27,  -10,  -20,   13,
     -20,   27,   13,  -33,  -40,  -17,   -7,   13,   13,  -20,   20,   -7,    7,  -10,  -20,   27,
     -10,  -10,  -13,  -13,  -20,   13,  -13,  -20,  -27,  -27,  -27,  -20,  -10,  -13,   -7,  -13,
     -20,  -27,  -27,   -7,  -20,  -20,  -20,  -27,  -27,  -27,  -13,  -27,  -47,   -7,   13,   25,
     -67,  -67,  -65,  -10,   20,  -53,  -67,  -53,  -20,  -10,   -7,  -17,  -10,  -37,  -10,  -30,
      20,  -33,  -12,   13,   20,   20,  -90,   13,   19,  -13,  -16,   13,  -10,  -10,   -9,  -13,
      -9,  -33,   13,  -33,  -40,  -20,   -7,  -27,  -27,  -43,  -53,  -47,  -20,  -33,  -13,  -13,
     -27,  -27,  -20,  -15,  -20,  -20,  -47,   20,  -20,   13,   13,   13,   17,  -33,   20,   20,
      20,  -40,  -30,   13,  -40,   13,   33,  -30,  -47,  -40,   20,   -7,  -27,  -17,  -67,   13,
     -20,  -20,  -27,  -20,  -20,  -13,  -27,  -20,  -13,  -13,  -10,  -10,  -27,  -10,  -40,   -7,
     -13,   -7,   -7,  -13,   -7,  -10,  -17,   -7,  -33,  -13,   -7,  -10,  -13,   -7,  -13,  -10,
     -13,  -13,   -7,  -47,  -47,  -47,   -7,    7,  -33,   -9,  -33,   13,  -27,   -7,   -7,   13,
       7,    7,  -27,   -7,   13,   20,   33,  -20,  -17,  -27,   -7,   -7,  -13,  -13,  -33,  -20,
     -15,   -7,  -20,   -7,   -7,   -7,  -40,  -13,  -13,  -33,   -8,  -10,  -13,   -7,   -7,   -7,
      -7,   -7,  -20,  -40,   -7,  -13,   13,   33,  -53,  -10,  -53,  -37,  -12,  -33,  -13,  -40,
      20,   20,   10,   27,  -37,   -7,  -13,   13,   27,   20,   27,   33,   13,    7,    7,   -7,
     -10,   20,   10,    7,   10,  -13,   27,   33,  -40,  -80,   -7,   -7,   -7,  -13,  -27,  -50,
     -13,  -33,  -13,  -50,  -13,   -7,  -20,  -20,  -13,  -11,  -60,  -20,  -30,  -33,  -20,  -30,
     -20,  -33,  -20,   13,  -10,  -10,  -20,  -17,  -33,  -10,   -7,  -10,   -7,   -7,   -7,  -13,
      -7,  -13,  -17,  -17,  -20,  -17,  -20,  -20,   13,   13,   13,   13,   13,   33,   33,   13,
     -13,  -13,  -13,  -11,  -60,  -20,  -30,  -33,  -30,  -20,  -33,  -20,   13,  -27,  -33,  -33,
     -13,  -27,  -27,  -40,  -20,  -13,  -13,  -20,  -20,  -27,  -13,  -20,  -13,  -47,  -33,  -47,
     -20,  -20,  -13,  -53,   13,  -87,  -63,  -13,   -7,  -27,  -33,  -37,  -27,  -67,  -53,  -33,
     -47,  -60,  -20,   -7,  -13,  -13,  -73,  -47,   -7,   27,  -33,  -60, -107,  -33,  -27,   13,
      13,  -47,  -47,  -20,  -27,  -27,   27,   27,   20,  -20,   27,   27,   20,   23,   13,  -47,
     -20,  -47,  -77,    7,  -27,  -27,  -40,  -73,  -60,  -13,  -33,  -33,  -53,  -40,  -60,  -47,
     -33,  -40,  -50,  -33,  -33,  -20,  -27,  -40,  -60,  -53,  -20,  -60,  -73,  -87,  -33,  -27,
      13,   20,  -40,  -40,  -33,  -13,  -33,  -33,  -13,   20,   27,  -40,  -40,  -57,  -47,  -47,
     -53,  -13,  -17,  -20,  -40,  -13,  -33,  -40,    7,  -20,   27,  -13,  -13,  -77,   13,   13,
     -20,  -27,  -27,   33,  -20,   13,   -7,  -47,   20,  -20,  -13,  -20,  -47,   13,  -53,   27,
      13,  -20,  -20,  -50,  -60,   20,  -10,  -13,  -13,  -20,   -7,  -13,   20,   33,   20,  -40,
     -27,  -27,  -33,  -43,  -40,  -27,  -13,  -67,  -13,  -20,  -20,  -20,  -27,  -53,  -33,  -53,
     -70,  -20,  -20,  -33,  -27,  -33,  -17,  -47,   20,  -57,  -33,  -17,  -10,  -20,  -40,  -40,
     -20,  -47,  -36,  -33,  -33,  -47,  -13,  -33,  -20,  -23,  -20,  -67,   13,  -37,   47,  -20,
      20,   17,  -33,  -47,  -67,  -27,  -13,   13,   20,    7,    7,  -20,   40,   13,   13,   13,
      13,   17,  -33,   20,   27,   20,   27,   20,  -40,   13,  -40,   13,   13,   13,   33,   40,
      13,  -47,  -40,   20,   -7,   13,    7,    7,   -7,  -10,   20,   10,    7,   47,   10,  -13,
      27,   33,  -83,  -60,  -13,  -53,  -20,  -73,  -33,  -33,  -33,  -33,  -67,  -67,  -33,  -27,
     -13,  -20,  -20,  -13,  -20,  -13,  -20,  -47,  -47,  -20,  -33,  -13,   -7,   -7,  -27,  -33,
     -20,  -13,  -20,  -13,  -10,  -10,  -20,  -20,  -13,  -13,   -7,  -13,  -10,  -13,   20,  -47,
       7,    7,   13,   17,  -73,   20,  -27,  -20,   20,  -13,  -13,   20,  -40,  -53,   13,  -40,
      13,  -13,   33,  -53,  -47, -107,   20,   -7,  -13,  -53,  -53,  -47,   27,   13,   13,   13,
     -20,  -20,   13,    7,  -20,    7,    7,  -73,  -80,  -20,   33,   33,  -20,   13,  -20,   13,
      33,   13,  -20,  -20,   27,  -37,   13,  -47,  -43,  -20,  -20,  -20,  -27,    7,  -33,   13,
     -20,   33,    7,    7,   13,   13,   13,  -80,  -53,  -53,  -67,  -27,  -13,   13,   13,  -27,
       7,  -33,  -57,    7,  -53,    7,  -13, -110,  -27,  -27,  -27,  -33,   13,   13,  -33,    7,
     -27,  -27,  -33,    7,   27,    7,  -53,  -13,  -57,  -27,  -27,  -13,  -50,  -67,  -50,  -13,
     -27,  -27,  -47,  -33,  -47,  -53,    7,  -53,   13,   13,   13,  -33, -110,
};


static const EpdFontData bookerly_20_regular = {
    bookerly_20_regularBitmaps,
    nullptr,  // glyph: the 16-byte EpdGlyph array is the .cpfont form, SD-card fonts only
    bookerly_20_regularGlyphs,
    nullptr,  // bitmapOffsets: a compressed font recovers the offset from the group walk
    epdSharedFontIntervals_428f867c6270,
    72,
    55,
    45,
    -11,
    true,
    bookerly_20_regularGroups,
    19,
    nullptr,
    nullptr,  // kernLeftClasses: built-in fonts use the split arrays below
    nullptr,  // kernRightClasses
    epdSharedFontKernLeftCodepoints_85f134c3ae36,
    epdSharedFontKernLeftClassIds_a8fe550fccd6,
    epdSharedFontKernRightCodepoints_5f9791ee0f72,
    epdSharedFontKernRightClassIds_646802a215db,
    nullptr,  // kernMatrix: built-in fonts use the sparse form below
    epdSharedFontKernRowOffsets_6c7ee0176d00,
    epdSharedFontKernSparseCols_2ce1da517c6d,
    bookerly_20_regularKernSparseValues,
    676,
    685,
    149,
    123,
    epdSharedFontLigaturePairs_607bf6e70845,
    5,
};
