/**
 * generated by fontconvert.py
 * name: bookerly_14_bold
 * size: 14
 * mode: 2-bit  compressed: zopfli
 * hinting: auto (FT_LOAD_FORCE_AUTOHINT — grid-fits stems to whole pixels)
 * Command used: fontconvert.py bookerly_14_bold 14 ../builtinFonts/source/Bookerly/Bookerly-Bold.ttf --2bit --compress --zopfli
 */
#pragma once
#include "EpdFontData.h"
#include "shared_tables.h"

static const uint8_t bookerly_14_boldBitmaps[35057] = {
    0xA5, 0x95, 0x31, 0x8C, 0xE6, 0x46, 0x15, 0xC7, 0xFF, 0xB6, 0xC9, 0x5A, 0x30, 0x22, 0x93, 0xE2,
    0x2E, 0xCD, 0x16, 0x6E, 0x82, 0x04, 0xD5, 0xF4, 0x52, 0x60, 0x2C, 0x52, 0xA6, 0xB9, 0xE2, 0x0E,
    0x4A, 0xFA, 0x6A, 0x7B, 0x89, 0x64, 0x2C, 0xA5, 0x17, 0xD7, 0xD0, 0xA7, 0x6F, 0xD2, 0x06, 0x29,
    0xB9, 0x19, 0x25, 0x45, 0x0A, 0x8A, 0x38, 0x35, 0x05, 0x83, 0xB4, 0x15, 0x51, 0xC4, 0x20, 0x59,
    0xC8, 0x5F, 0x62, 0xFB, 0xCF, 0x7B, 0xF3, 0xED, 0xAE, 0x76, 0xB9, 0x43, 0x04, 0xB0, 0xE7, 0xFF,
    0x7B, 0x9F, 0x9F, 0xDF, 0xCC, 0xF3, 0xCC, 0x3C, 0xFB, 0x7B, 0x8C, 0x30, 0x52, 0x4F, 0x3C, 0x3C,
    0xA3, 0x9C, 0x41, 0xCE, 0x9F, 0x00, 0x78, 0x8C, 0x38, 0x72, 0xE2, 0x14, 0xC7, 0x47, 0x78, 0xB3,
    0x79, 0x12, 0x6D, 0xE6, 0x30, 0xD3, 0xCD, 0xC2, 0x43, 0x5B, 0x92, 0xF6, 0xC2, 0xA6, 0x8F, 0xED,
    0x04, 0x00, 0x17, 0xCF, 0x7F, 0x06, 0xD8, 0x39, 0x08, 0xD2, 0x0B, 0x60, 0x48, 0x3B, 0xE0, 0xA6,
    0x0D, 0x96, 0x64, 0x51, 0xE4, 0xD7, 0xE2, 0xAF, 0x4F, 0x23, 0x5E, 0x74, 0x05, 0xD8, 0xFB, 0x0C,
    0x6C, 0x26, 0x23, 0x90, 0x1C, 0xA3, 0x42, 0x44, 0x74, 0xC5, 0x4D, 0x02, 0x3F, 0xA2, 0xCF, 0x1E,
    0x30, 0x3A, 0xDC, 0xC5, 0x24, 0x03, 0xD7, 0xA3, 0x4D, 0x40, 0x77, 0x4F, 0x57, 0x3B, 0x3A, 0x32,
    0x59, 0x32, 0xBB, 0xCF, 0xBF, 0x2C, 0xBE, 0xFB, 0x42, 0xF4, 0x79, 0xF2, 0x1F, 0x24, 0xB8, 0xEF,
    0x12, 0x06, 0xCE, 0xE8, 0xB9, 0xA3, 0x21, 0xA7, 0x7A, 0x61, 0x63, 0x79, 0xDB, 0x0E, 0xE5, 0x13,
    0x6B, 0xCB, 0x2E, 0xA2, 0x75, 0x73, 0x24, 0x93, 0xE3, 0x81, 0x0B, 0x5E, 0x03, 0x1E, 0x2F, 0xEB,
    0x31, 0xEE, 0x8E, 0xA7, 0xC0, 0x7B, 0x80, 0xE1, 0x08, 0x02, 0x8E, 0xA9, 0xD9, 0x80, 0xF7, 0x4D,
    0xEE, 0x56, 0xE0, 0x93, 0xAE, 0xF4, 0x05, 0xD8, 0xBA, 0x62, 0xE7, 0x6A, 0x86, 0x54, 0x8D, 0x1F,
    0xAB, 0x79, 0x1F, 0xC0, 0xA7, 0x7D, 0xDE, 0xCC, 0x09, 0xC1, 0x7E, 0xB6, 0x7A, 0x4E, 0x9E, 0xEF,
    0x94, 0x7D, 0x48, 0x66, 0x37, 0x5F, 0xAD, 0xBA, 0x16, 0xF6, 0xB3, 0xA2, 0xEB, 0xE2, 0xDF, 0xA9,
    0x26, 0x74, 0xD5, 0xEC, 0xD5, 0xB4, 0xAB, 0x98, 0x8C, 0xAE, 0xB4, 0x8B, 0x99, 0x61, 0x32, 0xA4,
    0x1F, 0x6C, 0x42, 0x24, 0x30, 0x4C, 0x18, 0x56, 0xA0, 0x45, 0x3D, 0x9A, 0xA7, 0x4A, 0xC7, 0x49,
    0x48, 0x66, 0xA0, 0xE1, 0x47, 0x05, 0xE8, 0xF6, 0x4E, 0xB9, 0x75, 0x59, 0x69, 0x12, 0xD0, 0x6E,
    0x0E, 0x00, 0xF6, 0x1F, 0x08, 0x3A, 0x22, 0x70, 0xB4, 0xBA, 0x0B, 0xA3, 0x67, 0x8A, 0x44, 0xF8,
    0x5D, 0x31, 0x05, 0xEC, 0xB7, 0x4E, 0xD8, 0x52, 0x89, 0xF8, 0x27, 0xE1, 0xE8, 0x98, 0x11, 0x93,
    0x11, 0x86, 0xA5, 0xE7, 0x21, 0xD7, 0x24, 0x8B, 0x21, 0xBF, 0x66, 0xC6, 0xD5, 0x81, 0x38, 0xBD,
    0x89, 0x08, 0xD6, 0xF3, 0xA8, 0xE7, 0x0B, 0xFC, 0xA1, 0x16, 0x87, 0xD6, 0x02, 0x42, 0x02, 0xD1,
    0x6D, 0xE8, 0x17, 0xD8, 0x82, 0x61, 0x86, 0x4F, 0xF0, 0xE2, 0x1E, 0x11, 0x01, 0xBE, 0xD4, 0xE2,
    0x88, 0x30, 0x69, 0x8C, 0x9B, 0x31, 0x14, 0xD8, 0x45, 0xFB, 0xB6, 0x7A, 0x63, 0x82, 0x4B, 0x30,
    0x00, 0xF0, 0x43, 0xC0, 0x8F, 0xF0, 0xF3, 0xED, 0xDD, 0x03, 0x20, 0xEE, 0x75, 0xCB, 0xDA, 0x6C,
    0x79, 0xD8, 0xAA, 0xD3, 0x25, 0x89, 0xD1, 0xC8, 0x88, 0xE6, 0xD0, 0xBE, 0x66, 0x81, 0xCB, 0xFA,
    0x3C, 0xAF, 0xA3, 0x1E, 0x76, 0x7C, 0x7D, 0x48, 0xEE, 0x37, 0xF0, 0xDF, 0x3C, 0xBA, 0xE0, 0xD6,
    0x72, 0xF3, 0xDF, 0xFC, 0xD4, 0x5D, 0xE1, 0xC7, 0x6E, 0x84, 0x7B, 0x65, 0xAD, 0x90, 0x4C, 0xB7,
    0x7A, 0xD5, 0x7D, 0x3C, 0x31, 0xAB, 0x2C, 0xEA, 0xD6, 0xAD, 0x7D, 0xB1, 0x79, 0x48, 0x7E, 0x7C,
    0x1B, 0x00, 0x22, 0x13, 0xB5, 0x4D, 0xF7, 0xDF, 0x37, 0xC0, 0x14, 0xC0, 0x8A, 0x86, 0x19, 0xF0,
    0xA9, 0xCE, 0x09, 0x11, 0xC0, 0x01, 0xB4, 0x3B, 0xF4, 0x81, 0xD1, 0x2F, 0x35, 0x44, 0x27, 0xA4,
    0xD3, 0x39, 0x87, 0x8D, 0x00, 0x81, 0x66, 0xD7, 0x5D, 0x06, 0xBA, 0xF5, 0xE5, 0x91, 0x30, 0x9C,
    0xD0, 0x90, 0xA9, 0x27, 0x8B, 0x5D, 0xDD, 0xEA, 0x8A, 0xD9, 0xFC, 0xDC, 0xEF, 0x21, 0x75, 0x47,
    0x4C, 0x1D, 0x59, 0xD5, 0x92, 0x93, 0xEA, 0xF6, 0xBA, 0xDE, 0xDB, 0xC3, 0xDC, 0x6F, 0xFE, 0xA6,
    0x97, 0x25, 0xE7, 0x8E, 0x1C, 0x71, 0xB5, 0x00, 0xCD, 0x04, 0xB8, 0x82, 0x4B, 0x16, 0x04, 0x91,
    0x67, 0xC6, 0xE3, 0x98, 0x01, 0xFF, 0xDF, 0xA8, 0xC0, 0x90, 0x93, 0x27, 0x93, 0x68, 0x82, 0xDB,
    0xD1, 0x9E, 0xDF, 0xEF, 0xE2, 0x24, 0xA3, 0xCF, 0x76, 0xF3, 0xE9, 0x2C, 0x23, 0x02, 0x86, 0xB5,
    0x76, 0x02, 0x67, 0xB4, 0x9C, 0x60, 0x08, 0xB8, 0x0D, 0x88, 0xE5, 0x7C, 0x79, 0x00, 0x4E, 0x23,
    0x48, 0x3A, 0x91, 0x25, 0x77, 0xAD, 0xD2, 0x9E, 0x9C, 0x07, 0xB2, 0xF8, 0x6B, 0xBF, 0xFA, 0xD1,
    0xAE, 0xAF, 0xC3, 0xAE, 0xD0, 0x0A, 0x43, 0xC8, 0xB8, 0xE0, 0x08, 0x56, 0x65, 0x7C, 0x1B, 0x75,
    0x81, 0xB7, 0x3B, 0xD5, 0x7C, 0x61, 0xC1, 0x25, 0xB3, 0x3E, 0x9F, 0xE3, 0x0E, 0xC3, 0xE7, 0xB8,
    0x39, 0x2E, 0x3E, 0xC6, 0x39, 0x1F, 0x82, 0x82, 0x82, 0x4E, 0x61, 0x14, 0xC3, 0xDF, 0x04, 0xFE,
    0x4B, 0x01, 0xED, 0x8A, 0x66, 0x17, 0x74, 0xAB, 0xC0, 0x16, 0x81, 0x9B, 0x05, 0x9E, 0x64, 0xAE,
    0x18, 0x14, 0x80, 0xF8, 0x5E, 0x85, 0x96, 0x5C, 0xBB, 0x5B, 0x6D, 0xC0, 0x9D, 0x8E, 0x11, 0x3D,
    0x77, 0x11, 0x27, 0x51, 0x46, 0xC3, 0x72, 0x7E, 0x1E, 0x7B, 0x4F, 0x6E, 0xA9, 0xCB, 0x73, 0x59,
    0x57, 0x78, 0x74, 0x5C, 0x61, 0xA4, 0x1F, 0x10, 0x33, 0x0C, 0x17, 0x78, 0x6E, 0x0D, 0x4F, 0x63,
    0xC7, 0xE9, 0x3C, 0xDF, 0x02, 0x78, 0x9E, 0x10, 0xC8, 0x14, 0xC9, 0xC2, 0x14, 0x16, 0x4E, 0xC3,
    0xCA, 0x64, 0xB7, 0xB3, 0xCC, 0x16, 0x67, 0xBB, 0x85, 0x6C, 0x57, 0x59, 0xCB, 0x07, 0x15, 0xA1,
    0xF1, 0xA2, 0x85, 0xA2, 0x1D, 0x43, 0xD9, 0xE0, 0xD3, 0x0A, 0x8E, 0x6F, 0x34, 0x04, 0xBA, 0x1D,
    0x30, 0xEB, 0x4D, 0x82, 0x0C, 0x84, 0x04, 0x50, 0x35, 0xA2, 0xA5, 0xCE, 0x05, 0xE8, 0x77, 0xD1,
    0x86, 0x3B, 0xB5, 0x2B, 0x80, 0xAB, 0x93, 0xCE, 0x2F, 0xD5, 0xDD, 0x5B, 0xC2, 0x22, 0xB9, 0xD7,
    0x98, 0x54, 0xC3, 0xE2, 0x8B, 0xCF, 0xC3, 0x11, 0x53, 0xCF, 0xA3, 0x7E, 0xF1, 0xCD, 0x77, 0xCC,
    0x2E, 0x87, 0x25, 0xA4, 0xA1, 0x3E, 0x6B, 0x95, 0xC6, 0x4A, 0x3F, 0x4F, 0x66, 0x4B, 0x8E, 0x4D,
    0xBC, 0x06, 0xDC, 0xE9, 0x1C, 0x7F, 0xF7, 0x36, 0xD8, 0xCD, 0x97, 0x7E, 0xF7, 0xA5, 0x3B, 0xAA,
    0x96, 0xEE, 0x18, 0xF6, 0xEE, 0xB0, 0xE4, 0xD1, 0x91, 0x3B, 0x02, 0xEF, 0x57, 0x5E, 0x46, 0xCF,
    0xD4, 0x44, 0xEA, 0xD2, 0xC1, 0x31, 0xC3, 0xEC, 0x80, 0x07, 0x27, 0x3D, 0xDF, 0xC7, 0xFD, 0xE3,
    0xFE, 0xFB, 0xDD, 0x49, 0x2E, 0x3D, 0xFB, 0x7C, 0x3F, 0xA2, 0x79, 0x62, 0x96, 0x7E, 0xED, 0xD6,
    0x6E, 0xE9, 0x8B, 0x9D, 0x87, 0xE4, 0xF1, 0xB6, 0x16, 0x96, 0x28, 0x00, 0x3D, 0x47, 0x84, 0x55,
    0xCC, 0xA4, 0x35, 0x08, 0x31, 0x9A, 0x1D, 0xC3, 0x01, 0x34, 0xFA, 0xC3, 0x1D, 0xA8, 0x65, 0x0F,
    0x07, 0xA0, 0x11, 0xFD, 0xCB, 0x17, 0x09, 0x78, 0xC9, 0xF7, 0x16, 0x00, 0x3F, 0x02, 0xB1, 0xDC,
    0x1B, 0xA7, 0xFE, 0xD0, 0xF8, 0x98, 0xEA, 0x2B, 0x14, 0x73, 0x75, 0x85, 0x0C, 0xFC, 0x02, 0xC0,
    0x1B, 0xA2, 0xE1, 0x1A, 0x81, 0xD2, 0x92, 0x67, 0x79, 0xCB, 0x2C, 0x75, 0x6F, 0x36, 0x6D, 0xED,
    0x86, 0xB8, 0x5A, 0x16, 0xCB, 0xC9, 0xAE, 0x30, 0x49, 0x5B, 0x3B, 0x9E, 0xA7, 0x06, 0x09, 0x14,
    0xA7, 0xFA, 0x17, 0x34, 0xEA, 0xAC, 0x7F, 0xBA, 0x68, 0x48, 0x4E, 0x80, 0x25, 0xB9, 0x00, 0x61,
    0x1F, 0x87, 0x1D, 0x8D, 0x7A, 0x58, 0xEB, 0x00, 0x5E, 0x86, 0x6A, 0x0F, 0xD8, 0x34, 0x14, 0xC7,
    0x64, 0x66, 0x9F, 0xE2, 0xBB, 0xB9, 0xCF, 0x3E, 0xD5, 0xBF, 0xC7, 0x30, 0xFD, 0x56, 0x4D, 0x1C,
    0xA1, 0x86, 0x68, 0x59, 0x8D, 0x63, 0xE9, 0x33, 0x11, 0x3E, 0x28, 0x46, 0x0C, 0x65, 0xB9, 0x13,
    0xC1, 0x77, 0xD7, 0x30, 0x71, 0x24, 0x49, 0xC4, 0x29, 0x6C, 0xD4, 0x9A, 0x1C, 0x72, 0x78, 0x5E,
    0xB7, 0x12, 0xBA, 0xAB, 0x4A, 0x18, 0x0A, 0x3E, 0x44, 0xCB, 0x13, 0xAE, 0x0A, 0x10, 0x49, 0xCE,
    0xEA, 0x25, 0x47, 0xAD, 0xC1, 0x9B, 0x57, 0xFE, 0x89, 0xC2, 0x14, 0xE5, 0xB0, 0x28, 0xFD, 0xA6,
    0x0C, 0x95, 0xF1, 0x50, 0x1E, 0x14, 0x34, 0x27, 0x65, 0xB7, 0x70, 0x02, 0xFA, 0x12, 0x13, 0x60,
    0x72, 0x98, 0x01, 0x9B, 0x7C, 0xFD, 0x6E, 0xBB, 0x02, 0xF8, 0xF3, 0xDC, 0xC9, 0xB5, 0xA6, 0xDB,
    0x80, 0x1D, 0xFD, 0x8E, 0x76, 0xD3, 0x25, 0xE8, 0x84, 0xD4, 0xAD, 0xE8, 0x99, 0xEB, 0x9A, 0x2F,
    0x67, 0x36, 0xBF, 0x7A, 0x5A, 0xA3, 0x67, 0xC5, 0x0A, 0xC7, 0x8F, 0x76, 0x09, 0xEF, 0x28, 0xC0,
    0x43, 0x34, 0xBB, 0xA0, 0x0E, 0xC3, 0xA2, 0x58, 0x15, 0xAC, 0xC1, 0x93, 0x86, 0xA4, 0x07, 0x50,
    0x5F, 0xCF, 0x71, 0x20, 0x8F, 0x3A, 0xB2, 0xE0, 0x18, 0x01, 0x3C, 0x7B, 0x02, 0x18, 0xF1, 0xA9,
    0x73, 0xEC, 0xF8, 0x57, 0x8E, 0x66, 0x83, 0x1F, 0x87, 0x22, 0xF0, 0x33, 0x1C, 0x42, 0xC2, 0x23,
    0xE8, 0x04, 0xC1, 0x8A, 0x49, 0x91, 0x1E, 0x62, 0x16, 0xC4, 0x72, 0xFB, 0x91, 0xF4, 0x1C, 0x5F,
    0x4B, 0x03, 0xC9, 0xD4, 0x2B, 0x20, 0x00, 0x2E, 0x79, 0x8D, 0xE6, 0xD9, 0xEF, 0x35, 0x86, 0x3C,
    0x55, 0x32, 0xE9, 0xF4, 0x58, 0x74, 0x42, 0x61, 0x53, 0xDA, 0x43, 0xD9, 0x51, 0xD9, 0x72, 0x14,
    0x36, 0x75, 0x2E, 0xF8, 0xB7, 0x3C, 0xC7, 0xD4, 0xF8, 0xCA, 0x7E, 0x57, 0xDA, 0x4D, 0xD8, 0xD4,
    0x4F, 0x22, 0x39, 0x69, 0xAE, 0x1D, 0xC2, 0xE3, 0x79, 0x9D, 0x26, 0x53, 0x85, 0x53, 0x48, 0xF0,
    0xA0, 0xB0, 0x0A, 0x33, 0x09, 0x1A, 0x08, 0x70, 0x03, 0x72, 0xBB, 0xC3, 0x7A, 0xEF, 0xC6, 0x6D,
    0x5C, 0x7F, 0xD7, 0x77, 0x48, 0x9A, 0x2B, 0x85, 0xDB, 0xE1, 0x27, 0xC1, 0xAE, 0x72, 0xE4, 0x21,
    0xF7, 0x3F, 0x15, 0xBD, 0x27, 0xFA, 0xB9, 0xE8, 0x2D, 0x11, 0xEE, 0x44, 0x2E, 0x37, 0x2A, 0xF5,
    0xFA, 0xA1, 0xEA, 0x9F, 0x51, 0xE0, 0x82, 0x28, 0x02, 0x1E, 0x3F, 0x55, 0x0F, 0x67, 0x04, 0xB2,
    0xB4, 0xFC, 0x36, 0x16, 0x73, 0xC0, 0x96, 0x61, 0x85, 0x29, 0xBE, 0xA0, 0xCF, 0x7E, 0x46, 0x3B,
    0xDD, 0x6D, 0xD7, 0x83, 0x3D, 0xB3, 0xDC, 0x6E, 0xD0, 0xC6, 0x2D, 0xCE, 0xB0, 0x6B, 0x28, 0x02,
    0xBF, 0x09, 0xAC, 0xFE, 0x03, 0xF4, 0xD4, 0x59, 0x0A, 0x16, 0xFC, 0x88, 0x27, 0xCD, 0xEA, 0xB8,
    0x07, 0x16, 0xA1, 0xE3, 0x64, 0x98, 0xCF, 0x0B, 0xFF, 0x1F, 0x48, 0xF2, 0x21, 0xBF, 0x4F, 0x2F,
    0x99, 0xA5, 0x7C, 0x38, 0x24, 0xE3, 0x70, 0xCE, 0xA8, 0x5C, 0xA4, 0xB9, 0x1A, 0xF0, 0xFD, 0x9B,
    0xE1, 0x87, 0xE7, 0x8E, 0x96, 0x9C, 0x44, 0xE3, 0x05, 0x4F, 0x80, 0xCF, 0xFF, 0xBF, 0xC2, 0x0C,
    0xC4, 0xA4, 0x05, 0x89, 0x9E, 0x40, 0xD8, 0x81, 0xB8, 0x00, 0x6E, 0x02, 0x02, 0x4B, 0xE4, 0x14,
    0x98, 0xC9, 0xD1, 0x49, 0xAB, 0x95, 0xE2, 0x67, 0x25, 0x47, 0x61, 0xB7, 0x43, 0x68, 0x8B, 0xD2,
    0x25, 0x65, 0x84, 0x90, 0x7B, 0x25, 0xCF, 0xAC, 0xFE, 0x70, 0x8E, 0x59, 0x95, 0xF6, 0x50, 0xF6,
    0x75, 0x84, 0x96, 0x59, 0x88, 0xB8, 0x6A, 0x39, 0x78, 0x6A, 0x46, 0xCB, 0x24, 0x6C, 0x39, 0x02,
    0xC0, 0xA3, 0x5A, 0x22, 0xEA, 0x06, 0x1C, 0x27, 0x68, 0xF0, 0xFF, 0x08, 0x33, 0xDD, 0x95, 0xB4,
    0xC2, 0x25, 0x43, 0x72, 0x0A, 0xB7, 0x18, 0x0D, 0x17, 0x38, 0xCE, 0x86, 0x2B, 0x3C, 0xE7, 0x86,
    0x1B, 0x02, 0x47, 0xC4, 0x0D, 0x71, 0x07, 0xB8, 0x6B, 0xC3, 0x71, 0x68, 0xC3, 0xCE, 0xE6, 0x5B,
    0x31, 0x1B, 0x7F, 0xF9, 0x0F, 0x35, 0xF1, 0x83, 0xBF, 0x13, 0xCD, 0xE6, 0xBF, 0xF8, 0x4B, 0x35,
    0x7F, 0xFC, 0x8A, 0x68, 0x37, 0xF7, 0xE7, 0xA4, 0x66, 0xE0, 0x24, 0x66, 0xB5, 0x1C, 0x89, 0x6E,
    0x35, 0x04, 0xC7, 0x6E, 0xED, 0xAB, 0x59, 0xBA, 0xBD, 0x9A, 0x76, 0xD3, 0x3A, 0x39, 0x61, 0x6B,
    0xB4, 0x50, 0xD2, 0x68, 0xB9, 0x45, 0x26, 0x88, 0x09, 0x84, 0xE1, 0x21, 0x3E, 0xC3, 0x7D, 0xE0,
    0xDC, 0xC6, 0xEB, 0x8E, 0x05, 0x3E, 0x75, 0xDC, 0x2A, 0xF7, 0x4A, 0x2A, 0x0F, 0x4E, 0xC2, 0x8D,
    0xB3, 0x32, 0x14, 0xA5, 0x5B, 0x95, 0x76, 0x57, 0xF6, 0x54, 0xB6, 0x8C, 0x42, 0x90, 0x4A, 0x5F,
    0xE9, 0x2A, 0x2D, 0xD3, 0xE5, 0x31, 0x75, 0xBA, 0xF2, 0xB9, 0x65, 0x8A, 0xCC, 0x60, 0x3A, 0xAF,
    0x3F, 0xF0, 0x6C, 0x04, 0x2E, 0xA9, 0x65, 0x51, 0x2B, 0xFF, 0x6B, 0x66, 0xB3, 0x21, 0x2C, 0x43,
    0xC1, 0xB0, 0xF9, 0x0C, 0x4D, 0x80, 0xFE, 0x88, 0x09, 0x1D, 0x2B, 0x38, 0x9D, 0xD1, 0x92, 0x7A,
    0x79, 0x87, 0x23, 0xCE, 0x90, 0x67, 0xCB, 0x30, 0x9B, 0x5F, 0x60, 0x97, 0x61, 0x87, 0xCF, 0x46,
    0xC6, 0x4B, 0x2D, 0x79, 0x00, 0x92, 0x1B, 0x68, 0x9E, 0x01, 0xFF, 0x04, 0xAD, 0x97, 0x31, 0x8C,
    0xDE, 0xB6, 0x15, 0xC7, 0x7F, 0x92, 0x5A, 0x6B, 0xD0, 0xA0, 0xA9, 0xD3, 0x0D, 0x5A, 0x3A, 0x74,
    0x28, 0xC0, 0x7D, 0x68, 0xA8, 0xA4, 0x63, 0x06, 0x67, 0x68, 0xF6, 0x7D, 0xF2, 0x0E, 0x04, 0xA1,
    0x92, 0xEE, 0xE8, 0x2D, 0x9D, 0xDB, 0x7D, 0xC9, 0x0E, 0x14, 0x21, 0x9D, 0x0C, 0x1D, 0x2B, 0xB8,
    0x3B, 0xAA, 0xA2, 0x2E, 0x5A, 0xA0, 0x43, 0xD8, 0x5A, 0x80, 0xE5, 0x84, 0xD2, 0xBF, 0x22, 0xEF,
    0xBB, 0x3B, 0x14, 0x89, 0x83, 0xB3, 0x53, 0xE8, 0xBD, 0x1F, 0xEF, 0xE3, 0x23, 0xA9, 0xBF, 0x1E,
    0x49, 0x82, 0xC7, 0x87, 0x1F, 0x82, 0x93, 0x56, 0xBC, 0x74, 0x70, 0xA5, 0xCF, 0x34, 0x36, 0x47,
    0xAD, 0xA9, 0x39, 0x50, 0xF8, 0x16, 0xAA, 0x1C, 0xBD, 0x12, 0x8D, 0x94, 0x32, 0x96, 0x13, 0x07,
    0x9C, 0xD1, 0xEF, 0xC6, 0xA0, 0x05, 0xBC, 0xB6, 0x8C, 0x15, 0xE0, 0xC3, 0x11, 0xE8, 0xB4, 0x03,
    0x5E, 0x9A, 0x68, 0xF4, 0x2F, 0x2D, 0x74, 0x09, 0xB7, 0x32, 0x44, 0x86, 0x84, 0x5D, 0xE8, 0x77,
    0x6C, 0xA0, 0x3D, 0x70, 0x81, 0x46, 0xF8, 0x42, 0x15, 0x6A, 0xA2, 0x16, 0x0A, 0x85, 0x77, 0xF5,
    0x47, 0x69, 0xB3, 0xE3, 0x16, 0xDA, 0x84, 0x8D, 0xF4, 0x1B, 0x26, 0x61, 0x22, 0xBD, 0x7E, 0xAB,
    0x99, 0x46, 0xD2, 0x04, 0x5E, 0x3B, 0xD0, 0x6A, 0x01, 0x50, 0x06, 0x76, 0xC9, 0xEC, 0x74, 0x0D,
    0x54, 0xD2, 0x0C, 0x18, 0x85, 0xF2, 0x63, 0x7C, 0xA2, 0x5C, 0xED, 0xA5, 0x0D, 0x9C, 0x24, 0x68,
    0x8E, 0x56, 0x23, 0x25, 0x17, 0xF7, 0xF4, 0xF7, 0x7F, 0x57, 0x25, 0x7A, 0x95, 0x33, 0x22, 0x6D,
    0x85, 0x73, 0xE1, 0x94, 0xFB, 0xDA, 0x39, 0x73, 0x58, 0x33, 0xBB, 0x94, 0xD9, 0x28, 0x13, 0xCD,
    0x59, 0x81, 0xDB, 0x70, 0x8A, 0x83, 0xF0, 0x8A, 0xAD, 0x00, 0xF8, 0x15, 0xFC, 0xF8, 0x74, 0xAF,
    0xA5, 0x91, 0xD6, 0xFE, 0xF8, 0x6C, 0x35, 0x6B, 0xBB, 0xDA, 0xD8, 0xC4, 0x1B, 0xAF, 0x46, 0x7B,
    0x80, 0xD1, 0x42, 0xAF, 0x83, 0x46, 0x0A, 0xB9, 0x33, 0x5D, 0x49, 0x78, 0x7A, 0x87, 0x3E, 0x39,
    0x8A, 0x6F, 0x2E, 0x0C, 0xAB, 0xFB, 0x5A, 0xD1, 0x49, 0xC1, 0x68, 0x2F, 0x13, 0x21, 0x49, 0xE9,
    0x1E, 0x47, 0x73, 0x90, 0xD2, 0x2D, 0xB6, 0x8F, 0x4E, 0xAC, 0x9C, 0xE0, 0x2D, 0x30, 0xE8, 0x39,
    0x48, 0x89, 0x02, 0xA7, 0x75, 0xD0, 0xEE, 0x14, 0x8D, 0x92, 0xD1, 0xD4, 0x69, 0xC9, 0x8D, 0x34,
    0xFD, 0x20, 0xEA, 0x8E, 0x63, 0x9D, 0x8D, 0x4A, 0xA1, 0x15, 0xE8, 0x6B, 0x9F, 0xC0, 0x4A, 0x2B,
    0xB4, 0xD2, 0x04, 0xFC, 0xE4, 0x03, 0xB0, 0x4A, 0xBD, 0x36, 0xAB, 0xED, 0xE4, 0xA0, 0xB9, 0xD6,
    0xDC, 0x68, 0x2C, 0x7D, 0x27, 0x4A, 0xDF, 0xFA, 0x80, 0xB3, 0x32, 0x81, 0x5F, 0x32, 0x6D, 0xEC,
    0xD6, 0xCC, 0x3E, 0xC2, 0xB0, 0xF6, 0x0B, 0xF4, 0xC9, 0x04, 0xE8, 0x92, 0x3D, 0xD9, 0xEC, 0x76,
    0x3C, 0x79, 0x78, 0xA0, 0xD2, 0x01, 0xA0, 0x3D, 0xD3, 0xA7, 0x4C, 0xBB, 0x15, 0xC6, 0xCC, 0x61,
    0x01, 0xA7, 0xD8, 0xC5, 0xA6, 0xE4, 0xA0, 0x5F, 0xCF, 0x72, 0xD0, 0xD8, 0x6F, 0xB8, 0xB5, 0x55,
    0x59, 0xF2, 0xA1, 0x11, 0x66, 0x2F, 0x65, 0x9E, 0x51, 0x37, 0xD5, 0x9A, 0xAC, 0xF0, 0xA0, 0xE0,
    0x84, 0x72, 0xE9, 0x35, 0x1E, 0xE0, 0xC3, 0xAE, 0x4F, 0x76, 0x70, 0x73, 0xF2, 0x5F, 0x64, 0x95,
    0x7F, 0x4D, 0xF6, 0xCB, 0x0D, 0xCC, 0x7F, 0x56, 0xFB, 0xE7, 0x15, 0x86, 0x17, 0xD1, 0xFC, 0x23,
    0x42, 0xFF, 0x4D, 0x1C, 0xBE, 0x59, 0xA0, 0xD3, 0xD2, 0x6B, 0x86, 0x56, 0x73, 0xA7, 0xAC, 0x5B,
    0xA1, 0x2D, 0x65, 0xCE, 0xDD, 0x08, 0x55, 0x49, 0x1D, 0x94, 0x1C, 0x94, 0x2C, 0x59, 0xCD, 0x37,
    0xBC, 0xD2, 0xDC, 0x1D, 0x63, 0xA5, 0xD0, 0x6F, 0xE0, 0x97, 0x61, 0x01, 0xBB, 0xDA, 0x00, 0x7D,
    0x12, 0xD0, 0x6A, 0x07, 0x6A, 0x6D, 0x00, 0x8A, 0x99, 0x3E, 0xB3, 0x52, 0x02, 0x1A, 0x1D, 0x40,
    0xFF, 0x42, 0x23, 0x98, 0x59, 0x01, 0x5C, 0xF0, 0x0B, 0x08, 0x5B, 0x16, 0xD5, 0x90, 0x18, 0x8E,
    0x71, 0xD0, 0xB5, 0xD7, 0x2C, 0x45, 0x15, 0x7A, 0x2D, 0x5E, 0xA3, 0xB4, 0x48, 0x18, 0x8D, 0x66,
    0xA3, 0x3D, 0xE8, 0x17, 0x72, 0x76, 0x02, 0x95, 0x26, 0x3B, 0x81, 0x0F, 0x0E, 0xB0, 0xCB, 0x0E,
    0x98, 0x7F, 0x27, 0xF2, 0xB7, 0xAE, 0x45, 0x4F, 0xA4, 0x7C, 0x1F, 0xC0, 0x85, 0xD3, 0xF7, 0xB0,
    0x2D, 0xCA, 0xAD, 0xF6, 0x5B, 0x1A, 0x9D, 0xB4, 0x92, 0x2E, 0x18, 0xF3, 0x31, 0x84, 0xD9, 0x78,
    0x07, 0x1B, 0xF9, 0x11, 0x9A, 0xA1, 0x2E, 0x3B, 0x59, 0xC0, 0x19, 0x24, 0x07, 0xC1, 0x45, 0xB8,
    0x0F, 0xB6, 0xA2, 0xCF, 0xC1, 0x21, 0xCB, 0xB7, 0xA3, 0x8B, 0xB8, 0xD1, 0x4B, 0xC2, 0x5D, 0x46,
    0x3E, 0x00, 0x40, 0xA9, 0x3C, 0xBC, 0xD1, 0x53, 0xFA, 0xD8, 0x00, 0xC3, 0x0C, 0x7D, 0x84, 0xEE,
    0xF4, 0x66, 0x83, 0x3A, 0x41, 0xB5, 0x03, 0x02, 0xDC, 0x08, 0xB9, 0x91, 0x09, 0xE4, 0xEC, 0x95,
    0x86, 0xED, 0x0A, 0x4D, 0x82, 0x7A, 0x07, 0x0E, 0xC0, 0x03, 0x6E, 0x82, 0xFF, 0x1D, 0x4D, 0xE5,
    0x0D, 0xCD, 0x1B, 0x3D, 0x2A, 0x0F, 0x8F, 0xAE, 0xE1, 0x66, 0xAF, 0x80, 0x4D, 0x60, 0x77, 0xF8,
    0xFC, 0x63, 0x48, 0x96, 0x2A, 0xD9, 0xA9, 0x59, 0x87, 0xD0, 0xC4, 0x7E, 0xEE, 0x62, 0xB7, 0xF4,
    0x73, 0x1B, 0xCF, 0x5F, 0x9B, 0x0D, 0x59, 0x37, 0x48, 0x4A, 0xB7, 0x0E, 0x3F, 0xE5, 0x0F, 0x08,
    0x3F, 0x0D, 0x4B, 0x1B, 0xB9, 0xAE, 0xFC, 0xCA, 0x20, 0xE1, 0xA5, 0x49, 0x9F, 0x28, 0x38, 0x7C,
    0xE0, 0xF4, 0xCA, 0x2B, 0xF4, 0x52, 0xB0, 0xA7, 0xFB, 0xD9, 0x07, 0x71, 0xF1, 0x4F, 0x35, 0x7B,
    0x69, 0xB7, 0xB2, 0xA9, 0xDB, 0xFA, 0xE5, 0xD1, 0x01, 0xB8, 0x0C, 0xFF, 0xFA, 0x13, 0xCB, 0x6C,
    0x34, 0x92, 0x0A, 0xA6, 0x26, 0xBF, 0xE6, 0x0C, 0xF8, 0xF9, 0x84, 0x5D, 0x5E, 0x03, 0x97, 0xA3,
    0x3E, 0x34, 0xAA, 0x35, 0x36, 0xD2, 0x41, 0x2B, 0x6D, 0xF0, 0x44, 0x53, 0x59, 0x16, 0xB5, 0x44,
    0x96, 0x67, 0x56, 0x1F, 0xEC, 0x6C, 0x83, 0x0F, 0x66, 0x54, 0x80, 0x1C, 0x56, 0xB8, 0x77, 0xBF,
    0x80, 0x7D, 0x55, 0x4D, 0x46, 0x0A, 0x9D, 0x34, 0xE1, 0x5F, 0x01, 0x57, 0x1B, 0x54, 0x3A, 0x51,
    0x67, 0xD0, 0x7F, 0x1B, 0x4F, 0x54, 0x24, 0x6F, 0xF4, 0x19, 0x66, 0x1D, 0x36, 0xEC, 0x7C, 0x06,
    0x7C, 0x38, 0xA1, 0x82, 0xE9, 0x0E, 0x77, 0x75, 0x3E, 0x37, 0x71, 0xAB, 0xDD, 0xB0, 0x52, 0xDE,
    0x7E, 0x2F, 0x15, 0x6A, 0xFD, 0x52, 0x13, 0x4F, 0xCA, 0x70, 0x63, 0x91, 0xBC, 0xF8, 0xC5, 0x06,
    0x1B, 0xFD, 0xE9, 0x92, 0x6E, 0x7D, 0xB9, 0x93, 0x3C, 0x83, 0x7B, 0x55, 0x5D, 0x1B, 0x69, 0xE9,
    0xA4, 0x50, 0x24, 0xD7, 0xBA, 0x66, 0xD0, 0x86, 0x53, 0x42, 0x9F, 0x6E, 0x95, 0xF8, 0x7D, 0xAD,
    0x92, 0x5F, 0x5A, 0x09, 0x2F, 0x21, 0x1D, 0xF9, 0xF7, 0x83, 0xBC, 0xD5, 0x07, 0x58, 0xAD, 0xC5,
    0x71, 0x7F, 0xF7, 0x53, 0x23, 0x29, 0xF4, 0x2A, 0x19, 0x75, 0xCF, 0x46, 0x1B, 0xFA, 0x85, 0x13,
    0xB1, 0x00, 0x13, 0xED, 0x42, 0x2F, 0xCD, 0xE5, 0x23, 0xE8, 0xB4, 0xC1, 0x10, 0x00, 0x5B, 0x20,
    0x3D, 0x67, 0x90, 0xF6, 0x0C, 0xE1, 0x42, 0x23, 0x74, 0x83, 0xF6, 0x40, 0x8B, 0x49, 0x78, 0x69,
    0xC5, 0x48, 0x81, 0x47, 0xFA, 0x27, 0x3C, 0x68, 0xD1, 0x5C, 0xDD, 0x2F, 0x1A, 0x8D, 0x8D, 0x3E,
    0xD5, 0x65, 0xDC, 0x03, 0xFF, 0x10, 0xB4, 0x1A, 0xB5, 0x58, 0x7D, 0xA9, 0x54, 0x40, 0xA2, 0xD1,
    0xC5, 0x48, 0x00, 0xC0, 0x95, 0xB0, 0xC5, 0x1A, 0x51, 0xBF, 0xDE, 0x5A, 0x8D, 0x46, 0xD1, 0x2A,
    0xD2, 0x07, 0x6C, 0x2C, 0x56, 0xFE, 0x06, 0xA0, 0xF2, 0xB1, 0x51, 0xB6, 0x5C, 0x69, 0x1E, 0x60,
    0x76, 0xC1, 0xCE, 0xF8, 0x50, 0x6B, 0x1A, 0x84, 0x4D, 0xF4, 0xF3, 0x25, 0x23, 0x05, 0xAF, 0xCF,
    0x48, 0xAF, 0xF9, 0x82, 0xBC, 0x29, 0x8E, 0x36, 0xE5, 0xBA, 0x78, 0xC2, 0x06, 0x1A, 0x79, 0x4E,
    0x94, 0x0B, 0x92, 0x0B, 0xB9, 0x2E, 0x07, 0x86, 0xED, 0x44, 0x77, 0x9C, 0x68, 0x72, 0x0E, 0x2B,
    0xCD, 0x56, 0xB3, 0x5B, 0x4F, 0x74, 0x79, 0xE7, 0xBA, 0x03, 0x7F, 0xD0, 0xE6, 0xF8, 0x9B, 0x59,
    0xAB, 0xD1, 0x2A, 0x3A, 0xC5, 0x47, 0x69, 0xD8, 0xB2, 0x76, 0xB7, 0x4B, 0x46, 0x01, 0x27, 0x49,
    0x9A, 0xC9, 0xF3, 0xB5, 0xFA, 0x48, 0x99, 0xB2, 0x22, 0x05, 0x1F, 0xCC, 0xDB, 0x97, 0xAD, 0xD0,
    0x6C, 0x5F, 0x91, 0xE7, 0x32, 0x4A, 0xE3, 0x6D, 0x99, 0xDF, 0x5F, 0x5E, 0x8E, 0xFB, 0xFF, 0x2C,
    0x13, 0x73, 0x50, 0x4B, 0x73, 0x2F, 0xAD, 0x66, 0x35, 0xC9, 0xCE, 0xFD, 0x7E, 0x36, 0x3A, 0xF2,
    0x80, 0x9A, 0x4E, 0x0F, 0x77, 0xBE, 0xFB, 0xB9, 0x4B, 0x76, 0x1D, 0xD6, 0xCB, 0x46, 0x1D, 0xF1,
    0x1B, 0x8F, 0x92, 0xB9, 0xD3, 0xF3, 0xF6, 0x67, 0xDD, 0x89, 0x2D, 0x63, 0xFA, 0xCE, 0x85, 0x50,
    0x6E, 0xD3, 0x56, 0xF1, 0x02, 0x9E, 0x1C, 0xD7, 0x3F, 0xF4, 0xAC, 0xBA, 0xF4, 0xAD, 0xF5, 0xF8,
    0x35, 0xE7, 0x21, 0x66, 0x87, 0x4A, 0x1A, 0xA9, 0x73, 0xD6, 0xA3, 0x19, 0x7D, 0x54, 0xC8, 0xE7,
    0xDB, 0x20, 0x8D, 0x9D, 0xDE, 0xA5, 0x4B, 0x7C, 0xAF, 0x0F, 0xC7, 0x88, 0x57, 0x2C, 0x5E, 0xEB,
    0xF9, 0xA0, 0xC3, 0x49, 0xFA, 0x44, 0xE2, 0x1D, 0x4D, 0x3F, 0xF3, 0xAF, 0x30, 0x9A, 0xDB, 0x32,
    0x01, 0x1F, 0xD5, 0xDA, 0x91, 0xDE, 0x93, 0xB4, 0x4B, 0xEB, 0x95, 0x26, 0x3E, 0x86, 0xEA, 0x80,
    0xFA, 0xE2, 0x57, 0x12, 0x2E, 0xFB, 0x43, 0x8E, 0x3C, 0x65, 0x7F, 0xB7, 0xE8, 0x46, 0x02, 0xB3,
    0xD1, 0xA9, 0xF2, 0xC1, 0xAA, 0x57, 0xB0, 0x47, 0xF7, 0xB0, 0xB5, 0xA2, 0x3B, 0xE4, 0x29, 0xAD,
    0x24, 0x3D, 0x47, 0xF2, 0x3B, 0xC3, 0x66, 0x93, 0xD5, 0xA2, 0x13, 0xB3, 0xB6, 0x5E, 0x98, 0xA5,
    0x11, 0x36, 0x64, 0x4C, 0x95, 0x46, 0x07, 0x9A, 0x6E, 0x6E, 0x96, 0x60, 0x9F, 0x25, 0x30, 0x7F,
    0x5B, 0x61, 0x78, 0x19, 0xA1, 0xD7, 0x02, 0xB7, 0xF7, 0x45, 0xA8, 0x35, 0x02, 0x02, 0xA7, 0xF0,
    0x79, 0xA3, 0x68, 0x35, 0xA9, 0x56, 0xEC, 0x53, 0x25, 0xDC, 0xD4, 0xA6, 0x3A, 0x8F, 0xD6, 0xEC,
    0x8D, 0x26, 0x5F, 0x76, 0x74, 0xD8, 0xA9, 0xD4, 0xEA, 0x69, 0x02, 0x75, 0x7F, 0xC9, 0x43, 0xEB,
    0xF1, 0x6F, 0xF2, 0xE0, 0xEE, 0x77, 0x8F, 0x5F, 0x44, 0xB0, 0x5F, 0x75, 0x2F, 0x17, 0x30, 0x47,
    0xAB, 0x19, 0x86, 0xBD, 0x51, 0xB9, 0x5D, 0xD6, 0x9A, 0xA0, 0xCB, 0x83, 0x42, 0xBB, 0x21, 0x18,
    0xF4, 0x4C, 0x71, 0xD0, 0x53, 0x2D, 0xAD, 0xF0, 0xA0, 0xA7, 0x3B, 0xDC, 0xDC, 0x77, 0xB5, 0x40,
    0xA7, 0x00, 0xB5, 0xB8, 0x28, 0xEC, 0xCA, 0x68, 0x5F, 0x45, 0x70, 0xEF, 0x27, 0x38, 0x1A, 0xD1,
    0xA6, 0x4A, 0xB3, 0xD1, 0xFB, 0x5A, 0xAD, 0x1E, 0x6B, 0x95, 0xBE, 0xB8, 0xC0, 0xEC, 0xB8, 0xD0,
    0xA7, 0x2C, 0xFF, 0xC0, 0xD3, 0x88, 0x83, 0x5A, 0x55, 0x02, 0xBD, 0x77, 0xC2, 0xFF, 0x3A, 0xAB,
    0xFD, 0x63, 0xD6, 0xFA, 0xA7, 0x32, 0x68, 0x16, 0x58, 0xE4, 0x09, 0x68, 0x0A, 0x76, 0xA0, 0x4E,
    0x40, 0xB3, 0x02, 0x7D, 0x04, 0x7C, 0x00, 0x69, 0x04, 0xE5, 0xA0, 0x9B, 0x01, 0x23, 0x05, 0x2B,
    0x2D, 0xC5, 0x51, 0xF8, 0x45, 0x2D, 0x7E, 0xDE, 0xED, 0x30, 0x6C, 0x60, 0x23, 0x28, 0x14, 0xF5,
    0xED, 0x41, 0x3C, 0x53, 0x50, 0xFE, 0xC1, 0x73, 0xD2, 0x92, 0xDD, 0x4A, 0x01, 0x13, 0x6A, 0xCD,
    0xAD, 0xE6, 0x3E, 0xD1, 0xC7, 0x8B, 0x75, 0x2B, 0xED, 0x4A, 0xB3, 0xD1, 0xA4, 0x6C, 0x5D, 0xC2,
    0x45, 0x7C, 0xC8, 0xEC, 0x72, 0x4D, 0xB1, 0x2D, 0xB7, 0xE9, 0x4A, 0xFB, 0x8B, 0x9D, 0x35, 0x5A,
    0x6A, 0xCD, 0xB8, 0xF0, 0x5F, 0x75, 0x4A, 0x47, 0x01, 0x03, 0x21, 0x10, 0x1C, 0xE0, 0x19, 0x11,
    0x91, 0xC2, 0x33, 0x86, 0x22, 0x00, 0x09, 0x71, 0x04, 0x12, 0xE2, 0x24, 0x3D, 0x57, 0x97, 0xA1,
    0x3F, 0x6F, 0xEB, 0x34, 0x1E, 0x96, 0xBF, 0x81, 0x33, 0x28, 0xD0, 0x04, 0xC6, 0xA8, 0x08, 0x95,
    0x95, 0x1D, 0xA6, 0x8D, 0x00, 0x74, 0xB0, 0x21, 0xDF, 0x8C, 0x9B, 0xA8, 0xF3, 0x48, 0x49, 0x82,
    0x7D, 0x4C, 0x04, 0x05, 0xFC, 0xC2, 0x3B, 0x94, 0x3A, 0x7D, 0xF5, 0xDD, 0xF2, 0xF2, 0x24, 0xF9,
    0x94, 0x33, 0xC3, 0xB5, 0x84, 0x73, 0x25, 0xC5, 0x96, 0x31, 0x8C, 0xDD, 0xC6, 0xD5, 0x85, 0x3F,
    0x72, 0x7E, 0x2F, 0xF1, 0x9B, 0x31, 0x46, 0x85, 0x60, 0x18, 0x56, 0x60, 0x36, 0x49, 0x91, 0xC2,
    0x66, 0xEB, 0xE2, 0xD9, 0x33, 0x76, 0x8A, 0x14, 0x29, 0xE2, 0xC6, 0x69, 0xD2, 0xB8, 0x4F, 0xB1,
    0x29, 0xB6, 0x48, 0x61, 0x2F, 0x99, 0xB8, 0x87, 0xD2, 0x57, 0x69, 0x23, 0x04, 0xB0, 0x0B, 0x17,
    0x2A, 0x56, 0xCB, 0xB1, 0xD5, 0x23, 0x4C, 0x5F, 0x84, 0x40, 0xB6, 0xCF, 0x40, 0xA1, 0x21, 0xCA,
    0x1A, 0xF2, 0x86, 0x17, 0x7C, 0x6F, 0x77, 0xB5, 0x92, 0x05, 0xA7, 0xCA, 0x25, 0xE7, 0x3B, 0x78,
    0xFB, 0x86, 0xC3, 0x33, 0xF7, 0x0C, 0x76, 0xD7, 0x79, 0x09, 0x7A, 0x35, 0x68, 0x39, 0x9C, 0x5F,
    0xAF, 0x76, 0xBD, 0xC2, 0xF5, 0xAB, 0x59, 0xAF, 0xAE, 0x3D, 0x87, 0x3C, 0x82, 0xB9, 0x31, 0x8A,
    0x6F, 0xA1, 0x93, 0x50, 0x88, 0x44, 0xFB, 0xF4, 0x1F, 0xA3, 0x7B, 0xF8, 0x70, 0x6C, 0x3E, 0xFF,
    0x3A, 0x76, 0x26, 0x78, 0x31, 0x81, 0x67, 0xC6, 0xE7, 0x81, 0xEE, 0x61, 0xC0, 0x3D, 0xFD, 0xFA,
    0x7E, 0x2D, 0x32, 0x96, 0x22, 0x91, 0x4E, 0x3C, 0x26, 0xF0, 0xC2, 0x91, 0x79, 0xE0, 0xF8, 0x02,
    0x8C, 0x08, 0x58, 0x91, 0x96, 0x2A, 0x4A, 0x40, 0x4D, 0xD1, 0xB4, 0xCE, 0xD3, 0xF9, 0x9F, 0xB2,
    0x02, 0x10, 0xF6, 0x70, 0x22, 0x3D, 0x8D, 0x48, 0x20, 0x5B, 0x60, 0x43, 0x3E, 0x03, 0x26, 0x29,
    0x26, 0xE0, 0xB7, 0xDF, 0xDD, 0xFB, 0x02, 0x59, 0x6B, 0x43, 0xF3, 0xEB, 0x2F, 0x12, 0xB7, 0x39,
    0xD4, 0x6B, 0xF0, 0x63, 0xEA, 0x5F, 0x4E, 0xA7, 0x54, 0x22, 0x33, 0x46, 0x5D, 0x66, 0x73, 0x35,
    0x60, 0xC6, 0x22, 0x62, 0xA2, 0x39, 0x40, 0x3F, 0xE6, 0x73, 0xD5, 0x53, 0x88, 0x8C, 0xDB, 0xE4,
    0xFA, 0x37, 0xEB, 0x63, 0xFF, 0xAF, 0x0B, 0x68, 0xD1, 0x48, 0xDF, 0xA4, 0x46, 0x42, 0x97, 0xAA,
    0x85, 0x7A, 0x30, 0x0B, 0x55, 0xC8, 0x05, 0xE7, 0x11, 0xDF, 0x40, 0x17, 0x1E, 0x80, 0xEB, 0x13,
    0xD4, 0x8F, 0x46, 0x8C, 0x3C, 0x96, 0x60, 0x44, 0x9D, 0x1B, 0xE9, 0x21, 0x93, 0x40, 0x2E, 0xBA,
    0xE9, 0x15, 0x80, 0x04, 0x45, 0xBB, 0xC7, 0x91, 0x5C, 0x80, 0x93, 0xB4, 0x41, 0x2E, 0x0B, 0xAD,
    0xEB, 0x9F, 0x8F, 0x47, 0x72, 0x59, 0xB0, 0x7F, 0x17, 0x6A, 0x1C, 0x0D, 0x6F, 0xD3, 0xB5, 0x20,
    0x11, 0x1E, 0x2F, 0x30, 0xCA, 0xC0, 0x54, 0x4D, 0x3C, 0xC8, 0x17, 0x5C, 0xEB, 0x7C, 0x35, 0xD9,
    0xB6, 0x90, 0x5F, 0x04, 0xBA, 0x7F, 0x06, 0xCA, 0xA7, 0x41, 0x6D, 0x7C, 0x4A, 0xE3, 0x17, 0x1A,
    0xE4, 0x83, 0x05, 0x91, 0x09, 0x27, 0x03, 0xC5, 0xE2, 0xD1, 0x6A, 0x8A, 0x28, 0x77, 0xA7, 0xF5,
    0x3E, 0x2D, 0x22, 0x59, 0xF7, 0x27, 0xA0, 0x96, 0x05, 0x58, 0xA8, 0x03, 0xC5, 0x40, 0x3E, 0x62,
    0x3D, 0x7C, 0xCA, 0x3B, 0x34, 0xC3, 0x3B, 0xEC, 0x8C, 0x44, 0xCB, 0x89, 0xED, 0x63, 0xE1, 0xBF,
    0xAC, 0x7C, 0x34, 0x6D, 0xAC, 0x35, 0xED, 0xE8, 0x9E, 0xA7, 0x5F, 0x79, 0x52, 0xF5, 0xB7, 0x0A,
    0xBF, 0x2B, 0x65, 0xB4, 0xBC, 0x9D, 0xC9, 0xF0, 0x16, 0x16, 0xD8, 0x51, 0xF4, 0x64, 0x23, 0xD9,
    0x4C, 0xD5, 0xA3, 0x99, 0x03, 0xB9, 0x0C, 0x50, 0x4E, 0x34, 0x0B, 0x67, 0x8E, 0x5B, 0x8E, 0x3B,
    0x42, 0x23, 0x24, 0xC7, 0xE4, 0x7C, 0x27, 0x83, 0xBB, 0x1B, 0x40, 0x4F, 0x55, 0x27, 0x41, 0xC4,
    0xF3, 0x1E, 0xF7, 0xB3, 0xD9, 0x4C, 0xE5, 0x68, 0x63, 0x3D, 0x34, 0x41, 0xBE, 0x16, 0x2F, 0x1F,
    0x2E, 0xA8, 0xBA, 0xF5, 0x73, 0x39, 0x55, 0x71, 0xFD, 0x3E, 0xE9, 0x3C, 0x80, 0x4E, 0x24, 0x1C,
    0x06, 0xD8, 0x1B, 0x03, 0x5D, 0x54, 0xEF, 0x56, 0x4F, 0xAC, 0xB9, 0x38, 0xC6, 0x62, 0xC2, 0x4E,
    0x86, 0x78, 0xB2, 0xFB, 0xFD, 0xC9, 0x97, 0xBB, 0xDD, 0xBB, 0x71, 0x77, 0x7F, 0x17, 0xDD, 0xB0,
    0x8B, 0xEF, 0xC5, 0x5D, 0xDC, 0x4D, 0xBB, 0x93, 0xF3, 0xF7, 0x4F, 0x76, 0x1F, 0xFF, 0x5F, 0x7C,
    0x8B, 0xBC, 0x2F, 0xFA, 0xCA, 0xD3, 0x4D, 0xEC, 0xAB, 0x93, 0x28, 0x7A, 0x0F, 0x40, 0xB1, 0x50,
    0x4B, 0x70, 0xD2, 0x9F, 0x97, 0x31, 0x99, 0xFD, 0x2D, 0xE5, 0xD0, 0x48, 0xA8, 0xC5, 0x17, 0x4F,
    0xC0, 0xF1, 0xDC, 0x10, 0x91, 0x70, 0x18, 0x2F, 0xFA, 0x7E, 0xAB, 0x67, 0xE7, 0x65, 0xD2, 0x5A,
    0x89, 0xF5, 0xD3, 0xE4, 0xBE, 0x49, 0xF5, 0x1F, 0x13, 0x66, 0xC2, 0x46, 0x5C, 0x40, 0x28, 0x12,
    0xF5, 0x77, 0x7F, 0x71, 0x32, 0xD7, 0x92, 0xCA, 0x85, 0x46, 0xC2, 0xD2, 0xF5, 0x5F, 0xD9, 0xFE,
    0x56, 0x15, 0xB2, 0x05, 0x2B, 0xFE, 0x95, 0xE3, 0x1E, 0x3B, 0x50, 0xF7, 0xF7, 0x74, 0x2D, 0x9A,
    0x0B, 0x20, 0x6F, 0x4D, 0x2C, 0xA3, 0x1D, 0x5C, 0xFB, 0x3E, 0x6F, 0x80, 0x56, 0x13, 0xEC, 0x88,
    0x84, 0x3A, 0xEE, 0xD1, 0xBE, 0x1C, 0x4E, 0xE7, 0x5D, 0x22, 0xCA, 0x84, 0xC8, 0x63, 0xE9, 0x45,
    0x1E, 0x49, 0x90, 0xA6, 0x3D, 0x47, 0x00, 0xC4, 0x5F, 0xA2, 0x7D, 0x06, 0x0B, 0x5A, 0x77, 0x44,
    0xDA, 0x4C, 0x44, 0x7C, 0x29, 0x32, 0x53, 0xC9, 0xBF, 0x23, 0xEE, 0x12, 0xCD, 0x0B, 0xE0, 0x14,
    0x95, 0xA2, 0x54, 0x64, 0x8F, 0x57, 0x60, 0x7E, 0x28, 0x1E, 0xB5, 0x2B, 0x06, 0x56, 0x04, 0xB6,
    0x72, 0x48, 0xAB, 0xD7, 0x29, 0xE0, 0x82, 0x8B, 0x26, 0x9A, 0xC1, 0x06, 0xE7, 0x6F, 0xA3, 0xF5,
    0x19, 0x77, 0x16, 0xDC, 0xC2, 0xEB, 0x0B, 0x3C, 0x77, 0x67, 0x8B, 0xAF, 0x25, 0x3A, 0x89, 0x47,
    0x7A, 0x08, 0xC2, 0xA9, 0x1D, 0xCE, 0x8A, 0xAB, 0x43, 0xD0, 0x95, 0xBD, 0x93, 0xB6, 0x9C, 0x41,
    0xEB, 0x96, 0xCE, 0x94, 0x5E, 0x0F, 0x6B, 0xE3, 0x85, 0x6A, 0x70, 0xA1, 0x4C, 0x76, 0x34, 0x52,
    0xCC, 0x88, 0x59, 0xF2, 0x55, 0xCB, 0xC9, 0x8E, 0xFA, 0x73, 0xE7, 0x17, 0x76, 0x7C, 0xC5, 0xF5,
    0xCA, 0xD5, 0xF3, 0x19, 0x14, 0x11, 0xEA, 0x84, 0xA6, 0x89, 0x5B, 0xB5, 0x0A, 0xF0, 0xFA, 0xAA,
    0xCE, 0x03, 0xAB, 0x36, 0x6C, 0x3A, 0x6F, 0x9A, 0xA5, 0x4D, 0x4D, 0xE4, 0xAF, 0xAA, 0xC5, 0x60,
    0x92, 0xAA, 0x0D, 0xA5, 0x2A, 0x55, 0x5B, 0x25, 0x4A, 0x09, 0x4E, 0x17, 0xAB, 0xA5, 0x3F, 0x25,
    0x25, 0xDE, 0xBC, 0xD7, 0xA6, 0x7C, 0x4C, 0x40, 0x3E, 0x16, 0x83, 0xAA, 0x89, 0x36, 0xA8, 0xDA,
    0xBE, 0x12, 0x19, 0xF4, 0xAD, 0x56, 0x15, 0x7D, 0x6B, 0x02, 0x1A, 0x36, 0x9D, 0xF7, 0x7A, 0xC6,
    0xF7, 0x95, 0x69, 0x81, 0x9F, 0x6C, 0xFB, 0x38, 0x4A, 0xBA, 0xE2, 0xD5, 0x3E, 0xEA, 0x6B, 0xFB,
    0x38, 0x65, 0xD3, 0xB4, 0x69, 0x3E, 0x1D, 0xF6, 0x51, 0x4D, 0xAA, 0x65, 0x2F, 0xA2, 0x6A, 0xBF,
    0x11, 0x09, 0xAB, 0xD6, 0x3F, 0x9F, 0x9A, 0x70, 0xB4, 0xB4, 0xA7, 0x26, 0xBA, 0x50, 0xCB, 0x90,
    0xF8, 0xC4, 0xB5, 0x6F, 0xDE, 0xFB, 0xC3, 0x04, 0x82, 0xFA, 0x27, 0x4F, 0x40, 0x39, 0x50, 0x46,
    0xC0, 0x06, 0xEA, 0x00, 0xFA, 0xB6, 0x05, 0xD4, 0xBF, 0x11, 0x09, 0xEA, 0x5F, 0x55, 0xE7, 0xE6,
    0x22, 0x1E, 0x33, 0xB2, 0xD5, 0xEF, 0x5E, 0xBA, 0x9F, 0x6A, 0xD9, 0xF2, 0xE8, 0xA4, 0x45, 0xF7,
    0x91, 0x56, 0xB8, 0x76, 0x7D, 0xCA, 0x86, 0x2D, 0x8F, 0xDA, 0x33, 0x03, 0x47, 0xF3, 0x96, 0x87,
    0x15, 0x35, 0x04, 0xAF, 0x1E, 0xB7, 0xE5, 0x90, 0x9D, 0xA9, 0x1D, 0x1B, 0x34, 0x97, 0x2A, 0xD4,
    0xDE, 0x26, 0xB2, 0xAE, 0x75, 0xDA, 0x0C, 0x11, 0x1E, 0xF0, 0xD9, 0xAA, 0x73, 0x96, 0x98, 0x12,
    0x4D, 0xAF, 0x7F, 0xD8, 0x12, 0x50, 0x0C, 0x65, 0xAF, 0x6A, 0x43, 0xD5, 0xAA, 0xD6, 0x6D, 0xAD,
    0xBE, 0x69, 0xA8, 0x54, 0x0F, 0x39, 0x64, 0x69, 0x53, 0x33, 0x6E, 0x9A, 0x47, 0xAE, 0x97, 0xFA,
    0xEA, 0xC2, 0xFE, 0x76, 0xEC, 0xCB, 0x7A, 0xAC, 0xEE, 0x23, 0x97, 0x50, 0x49, 0x68, 0xA4, 0xED,
    0x2E, 0x58, 0x0E, 0x59, 0x9C, 0x83, 0x6B, 0x3F, 0xA9, 0x65, 0xB2, 0x92, 0x72, 0x49, 0x1C, 0x0F,
    0x6C, 0x95, 0x05, 0xA5, 0x99, 0x50, 0x8A, 0x32, 0x97, 0x5E, 0xE5, 0x38, 0x2A, 0xB3, 0x3F, 0x73,
    0x55, 0x1F, 0x29, 0xCA, 0x51, 0xA9, 0x69, 0x6A, 0xF0, 0x4A, 0x37, 0x2B, 0x1B, 0x51, 0x2E, 0xCA,
    0x6C, 0x12, 0xAF, 0x67, 0x50, 0x82, 0x26, 0xD8, 0x05, 0xCD, 0xCF, 0x0D, 0x60, 0x7B, 0x17, 0xD1,
    0x66, 0x8D, 0x50, 0x8B, 0x4C, 0xE0, 0x44, 0x12, 0x74, 0x22, 0x33, 0x2C, 0x18, 0x21, 0xD3, 0x24,
    0xB7, 0x1C, 0x7D, 0xB9, 0x50, 0xC8, 0x85, 0x93, 0xE0, 0x24, 0x6D, 0xE4, 0x50, 0x3F, 0x52, 0xD0,
    0x5D, 0x99, 0xAE, 0x16, 0xA5, 0xBB, 0x50, 0xFE, 0x8C, 0x9B, 0x9E, 0x8B, 0x49, 0x69, 0x93, 0xB2,
    0x52, 0xE2, 0x16, 0x94, 0xA2, 0x3C, 0x57, 0xB7, 0x24, 0x69, 0xD5, 0xB9, 0xBA, 0x35, 0xA3, 0xEB,
    0xA1, 0x88, 0x6E, 0x50, 0xE7, 0x75, 0x54, 0xE7, 0x76, 0x44, 0x33, 0x4A, 0x07, 0xCF, 0x8D, 0xC8,
    0xA2, 0x0E, 0x8C, 0xA8, 0xF3, 0x5C, 0x3D, 0x93, 0x49, 0x5B, 0x2C, 0xFE, 0x48, 0x3D, 0xF7, 0x95,
    0xA4, 0x95, 0xB5, 0x4E, 0x2D, 0x03, 0x80, 0x8B, 0xCA, 0x2E, 0x01, 0x79, 0x52, 0xE7, 0x65, 0xAC,
    0x3D, 0x14, 0xED, 0xAB, 0xCF, 0x75, 0x38, 0x2A, 0xAB, 0x51, 0xE9, 0x92, 0xB2, 0x51, 0xD2, 0x2D,
    0x57, 0x1D, 0x7E, 0xA2, 0x34, 0xA3, 0x7A, 0x2E, 0xF6, 0x1D, 0x6E, 0x7A, 0xB0, 0x41, 0x3D, 0xD7,
    0x41, 0x3D, 0x3B, 0x91, 0x11, 0xF5, 0x39, 0x41, 0xA7, 0x9E, 0x99, 0x29, 0x66, 0xF5, 0x69, 0x16,
    0x8C, 0x76, 0x18, 0xED, 0xB0, 0x0C, 0x8D, 0xF6, 0x76, 0xDC, 0xC8, 0x56, 0xF9, 0xF4, 0x9A, 0x1A,
    0x91, 0x1A, 0xB0, 0x22, 0xCA, 0xBB, 0x0B, 0x50, 0xE4, 0xD3, 0x4D, 0xB7, 0x36, 0x2A, 0xEB, 0xCD,
    0xED, 0x74, 0xE5, 0x56, 0x23, 0x25, 0x13, 0xD1, 0xD5, 0xBE, 0x55, 0x9A, 0x28, 0xAD, 0xFA, 0x94,
    0xA0, 0xFD, 0x6C, 0x56, 0x56, 0xEA, 0x16, 0xD7, 0xBA, 0x4B, 0xB7, 0x9D, 0xBA, 0x45, 0xD4, 0x6D,
    0x96, 0xD4, 0xAD, 0x51, 0xB7, 0x14, 0x23, 0x46, 0xA8, 0x66, 0x75, 0xDB, 0x49, 0xEB, 0x64, 0x14,
    0x51, 0x52, 0x68, 0x0F, 0xB1, 0x9A, 0xDA, 0x46, 0x4D, 0xCD, 0xDF, 0x4C, 0x7F, 0xDC, 0xD2, 0x7F,
    0xC9, 0x89, 0xDD, 0xD2, 0xCF, 0xB7, 0xF4, 0x63, 0x73, 0x99, 0xBE, 0xD5, 0xF4, 0xA9, 0x42, 0x75,
    0xE3, 0xC4, 0x36, 0xCF, 0x9F, 0x58, 0x4D, 0xBF, 0xDC, 0xA7, 0x1F, 0xEA, 0xAB, 0x13, 0x5B, 0xF7,
    0x00, 0xA2, 0x1E, 0x4C, 0x7F, 0xA6, 0x0C, 0x3B, 0xE5, 0x70, 0x1F, 0xED, 0xCF, 0xD6, 0xBD, 0xF6,
    0x66, 0xFA, 0xF5, 0x74, 0x33, 0x7D, 0x59, 0x94, 0x87, 0x7E, 0xFA, 0x43, 0x3F, 0x8B, 0x41, 0x3D,
    0xDB, 0xA0, 0x9E, 0xAB, 0x2D, 0x7D, 0x5F, 0xBF, 0xA4, 0x9F, 0x13, 0x46, 0x0E, 0xFD, 0x7C, 0xB2,
    0xF5, 0xD3, 0x6B, 0x3F, 0x95, 0xDB, 0x03, 0x92, 0x2E, 0xE5, 0xCE, 0x26, 0xE5, 0xBF, 0xA6, 0x6C,
    0x15, 0xFB, 0xB7, 0x89, 0x55, 0xDC, 0xDD, 0x09, 0x3D, 0x58, 0x56, 0x2D, 0xB2, 0xA8, 0x90, 0x25,
    0x15, 0xCC, 0x64, 0x45, 0x02, 0x65, 0x54, 0xC1, 0xF6, 0xAB, 0xB4, 0xFB, 0xBE, 0xE1, 0x36, 0xE9,
    0x54, 0x6E, 0x67, 0x0B, 0x76, 0xE2, 0x33, 0x93, 0x54, 0x1E, 0x14, 0xA3, 0xCA, 0xBC, 0xFA, 0x39,
    0x16, 0x99, 0x45, 0x3E, 0xD0, 0xD7, 0x8A, 0x7C, 0xA8, 0x02, 0x1F, 0x7F, 0x04, 0xA5, 0x2C, 0xE8,
    0xA3, 0xDE, 0xC8, 0x3D, 0xF1, 0x65, 0xA2, 0xF1, 0x55, 0x5C, 0xE1, 0x7A, 0x1C, 0x4D, 0xE0, 0x36,
    0x5D, 0x78, 0xF6, 0x5F, 0xF9, 0xF0, 0x2C, 0x7A, 0xA0, 0x8B, 0x40, 0xB3, 0x79, 0xF1, 0xAF, 0x84,
    0x4A, 0x44, 0x42, 0xA1, 0x60, 0x85, 0x6E, 0xF6, 0xE2, 0xF2, 0xF4, 0x5F, 0xFE, 0x5E, 0x69, 0x14,
    0x4E, 0x31, 0x03, 0x66, 0x04, 0x32, 0xCF, 0xBE, 0xDE, 0x55, 0x74, 0x5E, 0x31, 0x1C, 0xD2, 0x2A,
    0x16, 0x80, 0x37, 0xB8, 0x56, 0xDA, 0xCC, 0xA0, 0x08, 0xB5, 0xC2, 0x2C, 0x54, 0x0A, 0xAB, 0x28,
    0xDB, 0x15, 0x19, 0x2B, 0xD8, 0x43, 0x24, 0x5D, 0x62, 0xBA, 0xF6, 0xC5, 0x61, 0x5E, 0x71, 0xF9,
    0x6C, 0x15, 0x34, 0x9F, 0xD0, 0x1C, 0x96, 0x6F, 0xD9, 0xAA, 0x50, 0x47, 0xF5, 0x61, 0xEF, 0x85,
    0x78, 0xD0, 0x74, 0x38, 0xE2, 0x87, 0xBA, 0xB2, 0xEA, 0xEA, 0x95, 0xEF, 0x73, 0x35, 0xFE, 0x97,
    0xAE, 0xB2, 0xE9, 0xD0, 0x17, 0xAB, 0x1E, 0xDD, 0xAF, 0x7A, 0x98, 0x4D, 0x84, 0x31, 0xEB, 0xFF,
    0x17, 0x86, 0xFE, 0x03, 0xCD, 0xD6, 0x31, 0xA8, 0x1D, 0x45, 0x14, 0x06, 0xE0, 0x7F, 0x77, 0xE3,
    0x5B, 0x70, 0x91, 0xB1, 0x50, 0x10, 0x5E, 0xC2, 0x5A, 0x58, 0x08, 0x06, 0xA7, 0xB1, 0x48, 0x11,
    0x32, 0x23, 0xF6, 0x68, 0x13, 0x6B, 0x6B, 0x0B, 0xD3, 0x43, 0x74, 0x37, 0x69, 0x6D, 0x5E, 0xDF,
    0x98, 0xC6, 0x3A, 0xF6, 0x24, 0x99, 0xC1, 0x94, 0x69, 0xD6, 0xCA, 0x76, 0xC0, 0x74, 0x69, 0x36,
    0xB2, 0xE8, 0xBE, 0xB8, 0xBB, 0xBF, 0xE7, 0xEC, 0xDE, 0x77, 0x93, 0xA0, 0x88, 0xE2, 0x85, 0x97,
    0xC3, 0x3D, 0x5F, 0x78, 0x77, 0xEF, 0x9C, 0xF3, 0xDF, 0x21, 0x24, 0x2F, 0x9B, 0xAA, 0x0E, 0xC5,
    0x62, 0xFB, 0x8D, 0x6C, 0x32, 0x1D, 0x9E, 0x57, 0x20, 0x19, 0x57, 0xAC, 0x52, 0x2C, 0xB0, 0x4A,
    0xAD, 0x98, 0x56, 0x78, 0x0D, 0x02, 0x76, 0x90, 0xD3, 0x9E, 0x61, 0xFF, 0x60, 0x25, 0x53, 0xAA,
    0xF5, 0xD8, 0x36, 0xE0, 0x58, 0xE7, 0x35, 0x67, 0xE3, 0x5B, 0x00, 0x97, 0x00, 0xD7, 0xC2, 0x0D,
    0xA8, 0x67, 0xE4, 0x04, 0x8E, 0xB0, 0x55, 0xC3, 0x41, 0x5E, 0x96, 0xBA, 0xEE, 0xDF, 0xBF, 0x2A,
    0xDE, 0xD9, 0x0E, 0x02, 0x40, 0x16, 0x61, 0x7A, 0x34, 0x7D, 0xCE, 0xAE, 0x5C, 0x90, 0xFB, 0x03,
    0x4D, 0xBE, 0xA7, 0x39, 0x4B, 0xC6, 0xFA, 0x51, 0xDF, 0xE4, 0xC3, 0x55, 0xDC, 0x39, 0xC8, 0x58,
    0x19, 0xC5, 0x6F, 0x27, 0x79, 0x35, 0xC5, 0x70, 0x36, 0x70, 0x0C, 0xFF, 0x7D, 0xE0, 0x31, 0xD3,
    0x76, 0x30, 0xFB, 0xFC, 0x3A, 0x80, 0x40, 0x9E, 0xAE, 0x32, 0xC2, 0xF2, 0x2E, 0x7B, 0xFD, 0x4C,
    0x33, 0xA9, 0x66, 0x3B, 0x42, 0x35, 0xA7, 0x17, 0xB3, 0x75, 0x17, 0x44, 0xAA, 0x24, 0xF7, 0xEA,
    0xFB, 0xDB, 0x67, 0x76, 0x9F, 0x57, 0xCB, 0x59, 0x35, 0xA3, 0x98, 0x85, 0x5E, 0x56, 0x93, 0xAD,
    0xEE, 0x9A, 0x21, 0x2E, 0x1E, 0x67, 0x95, 0x4F, 0x6F, 0x88, 0x15, 0xAD, 0x68, 0x48, 0xF5, 0xD1,
    0x22, 0xE6, 0xB7, 0x46, 0xBC, 0x54, 0x0D, 0x51, 0x71, 0x69, 0x18, 0x2B, 0xCE, 0x35, 0xBB, 0x3C,
    0x3C, 0x2E, 0xD8, 0xC3, 0xC5, 0x82, 0xE3, 0xEA, 0xBC, 0x4A, 0x75, 0x61, 0x2B, 0x4E, 0xEC, 0xD4,
    0xA6, 0x57, 0xED, 0xA8, 0x9A, 0x59, 0x2D, 0xA9, 0xE6, 0x0C, 0x22, 0x48, 0xD5, 0xAD, 0xDA, 0x55,
    0xC3, 0x78, 0xBC, 0xB4, 0x05, 0x63, 0xC3, 0x94, 0x33, 0x06, 0x76, 0x60, 0x04, 0x80, 0xB7, 0xB0,
    0xD5, 0xEB, 0x4A, 0x1D, 0x95, 0x51, 0x30, 0x14, 0x72, 0xB6, 0xE2, 0xD1, 0xFE, 0x7B, 0x5D, 0xF7,
    0xC0, 0xF1, 0xF6, 0x65, 0x29, 0xB3, 0x9E, 0x30, 0x55, 0x13, 0x9A, 0xA1, 0xEE, 0x51, 0x4F, 0x2E,
    0x41, 0x83, 0xA0, 0x5C, 0x42, 0x44, 0xC1, 0x15, 0xB6, 0x1B, 0x39, 0xA9, 0x3F, 0xEE, 0x59, 0x42,
    0x07, 0xF9, 0x0E, 0x09, 0xD5, 0xE4, 0x06, 0x98, 0xA1, 0x9E, 0xE1, 0x52, 0x25, 0xF3, 0x62, 0x4E,
    0x2E, 0x80, 0x64, 0x04, 0xB2, 0xEB, 0xD8, 0xD7, 0x1D, 0x00, 0xC5, 0x20, 0x58, 0x85, 0xFD, 0x2E,
    0x5A, 0x76, 0x82, 0x73, 0x8C, 0xF6, 0x95, 0xC2, 0x08, 0x14, 0x1A, 0xC8, 0xFC, 0x32, 0x01, 0xAE,
    0x9D, 0x81, 0x0F, 0x71, 0xE5, 0x9C, 0x2F, 0xAC, 0x4A, 0x1F, 0x01, 0x76, 0xBA, 0x07, 0x38, 0x4E,
    0xC0, 0x35, 0x37, 0x02, 0x17, 0xAB, 0x74, 0x7E, 0xA9, 0xDC, 0xC7, 0x13, 0x10, 0x1E, 0x2E, 0x1B,
    0xFA, 0xE3, 0xB9, 0xDE, 0xD0, 0x65, 0x5C, 0x41, 0xC0, 0x82, 0xE6, 0xE1, 0x8C, 0x9A, 0x23, 0x4A,
    0x26, 0x64, 0xEB, 0xD0, 0x88, 0x8A, 0x09, 0xF6, 0xC9, 0x88, 0x70, 0x5B, 0x9E, 0xE3, 0x01, 0x2E,
    0xE2, 0x7D, 0x6C, 0xF5, 0xF6, 0x67, 0x80, 0xEE, 0xFD, 0xA4, 0x83, 0xA5, 0x2E, 0xE5, 0x33, 0x12,
    0x39, 0x51, 0x2F, 0x28, 0x27, 0x94, 0x84, 0x19, 0x61, 0xE8, 0x4D, 0x0F, 0xCB, 0xB6, 0xEE, 0xF1,
    0x80, 0xD1, 0xF6, 0xF9, 0xC0, 0x28, 0x49, 0x92, 0x6A, 0xDB, 0x10, 0x5D, 0xFF, 0x0D, 0x18, 0xDD,
    0xD3, 0x11, 0x6C, 0xDD, 0xEF, 0x09, 0xF4, 0x56, 0x47, 0xA1, 0x5E, 0x47, 0x99, 0x19, 0xC5, 0x8C,
    0x8A, 0x5E, 0x47, 0xC9, 0xFC, 0x1E, 0x8E, 0x64, 0x8B, 0x9B, 0x1A, 0x13, 0x6F, 0xEA, 0x75, 0xED,
    0xAB, 0x53, 0xF2, 0x49, 0x2D, 0xE8, 0xC5, 0x8C, 0x49, 0x84, 0x1D, 0x54, 0x7C, 0x81, 0x97, 0xAA,
    0xE1, 0x50, 0x73, 0x6E, 0xD8, 0x5B, 0x4E, 0x12, 0xAF, 0x62, 0xDA, 0xFE, 0xE5, 0xFB, 0x5F, 0x72,
    0xAF, 0xCF, 0xF5, 0x85, 0x8C, 0xB1, 0x24, 0xC0, 0x67, 0x61, 0x82, 0x46, 0x1F, 0x80, 0x92, 0x6C,
    0x77, 0xB7, 0xB7, 0xAF, 0x4B, 0xAB, 0x61, 0x8B, 0xAE, 0xD6, 0x8B, 0xEA, 0x1E, 0xAB, 0xEF, 0xE1,
    0x55, 0x4C, 0x5E, 0x75, 0x6A, 0x3D, 0xAA, 0xCD, 0xA2, 0xCE, 0x8D, 0x07, 0x8A, 0xA1, 0x8E, 0x62,
    0x57, 0xFA, 0x57, 0x2F, 0x73, 0xD9, 0x5B, 0x0F, 0x98, 0x31, 0xC4, 0x4D, 0x7D, 0xC7, 0xFD, 0x25,
    0xA7, 0x7D, 0x65, 0xFE, 0x56, 0xFC, 0xA0, 0x94, 0x83, 0x6A, 0x57, 0xD9, 0x0B, 0x19, 0xBD, 0x88,
    0x13, 0xBC, 0x5C, 0x81, 0x29, 0xD0, 0x8B, 0x24, 0x2C, 0x7D, 0x3D, 0xA2, 0x24, 0x4C, 0x42, 0x41,
    0x6F, 0xA3, 0x06, 0x70, 0x2D, 0x10, 0x62, 0x03, 0xC0, 0xA5, 0x59, 0xAC, 0x9F, 0x4E, 0xA2, 0xF9,
    0x43, 0x27, 0x97, 0xEB, 0xE4, 0x9C, 0x51, 0xC4, 0xCE, 0xF6, 0x1F, 0x3C, 0xE2, 0x28, 0x5A, 0xEA,
    0x1C, 0xA7, 0x06, 0xF6, 0x3B, 0x8E, 0xF9, 0xC2, 0xEF, 0x85, 0x27, 0xCA, 0x24, 0xDC, 0xA5, 0xBC,
    0x97, 0xAF, 0x37, 0xC2, 0xF8, 0x37, 0xB4, 0xFA, 0x14, 0x05, 0x8F, 0x67, 0x81, 0x83, 0xB0, 0xF8,
    0x6D, 0x4A, 0x49, 0x0F, 0x34, 0xFB, 0xF1, 0x40, 0x18, 0x80, 0x8A, 0xD4, 0xC5, 0x8C, 0x08, 0x3F,
    0x09, 0xF4, 0x4D, 0xCC, 0x09, 0x17, 0x8B, 0x1D, 0x8B, 0x9C, 0x2D, 0x46, 0xC1, 0x74, 0x42, 0x1D,
    0x95, 0xA4, 0x4C, 0x82, 0xA1, 0x97, 0xA7, 0xEC, 0x74, 0xEF, 0x20, 0xB8, 0x49, 0x30, 0xC2, 0x65,
    0xE5, 0x6B, 0x33, 0xD6, 0x8B, 0xEC, 0x73, 0x8B, 0x63, 0xE7, 0xE6, 0x6A, 0x86, 0x56, 0xD6, 0x02,
    0x65, 0x07, 0x98, 0x01, 0x28, 0x27, 0x20, 0x23, 0x00, 0xEB, 0x81, 0x23, 0xEC, 0x2B, 0x93, 0x64,
    0x35, 0x89, 0x40, 0xB6, 0xBC, 0xC5, 0xD8, 0x20, 0x44, 0x48, 0x67, 0x81, 0xD1, 0x90, 0x51, 0xF3,
    0x86, 0x2E, 0x44, 0x62, 0xD7, 0xB7, 0xD9, 0x05, 0x72, 0x76, 0x74, 0x53, 0x35, 0x9A, 0xB4, 0x5F,
    0x54, 0xF4, 0x40, 0x25, 0x6D, 0xA4, 0x5D, 0x94, 0x06, 0xF0, 0xCE, 0x01, 0xF7, 0x7C, 0xA0, 0x37,
    0xDA, 0x01, 0xEC, 0x51, 0xFC, 0x36, 0xA1, 0x4C, 0x33, 0x4C, 0xBC, 0x86, 0x0C, 0x17, 0x0E, 0xB6,
    0x23, 0x1F, 0x2F, 0xA1, 0x62, 0x80, 0x21, 0x61, 0x3E, 0x9D, 0x91, 0x65, 0x27, 0x07, 0x98, 0x6D,
    0x65, 0x76, 0x95, 0xAA, 0xEE, 0x3E, 0xEC, 0xAF, 0x5C, 0xDB, 0x74, 0x33, 0x80, 0x03, 0xDE, 0x8D,
    0xED, 0x00, 0x0E, 0x28, 0xD2, 0x3D, 0x14, 0xF1, 0xAA, 0xFC, 0x79, 0x13, 0x19, 0x7B, 0xA0, 0x69,
    0x5F, 0xD8, 0x31, 0xEA, 0x0E, 0x1F, 0xC8, 0xC8, 0x36, 0x74, 0x0D, 0x5C, 0x82, 0xF6, 0x0D, 0xA6,
    0x8A, 0x4C, 0x4E, 0x3A, 0x74, 0x2E, 0x11, 0x5B, 0x4B, 0x8E, 0x7E, 0xDB, 0xF1, 0xDD, 0x54, 0x9D,
    0x56, 0x29, 0x0B, 0x9D, 0x1D, 0x61, 0x78, 0x4A, 0xFA, 0x86, 0xD4, 0x29, 0x3F, 0x4A, 0x8A, 0x44,
    0xD0, 0xBB, 0xBE, 0x01, 0xE1, 0x7A, 0x80, 0x5F, 0xB2, 0x97, 0x89, 0x64, 0x5F, 0x91, 0xCB, 0xF7,
    0xDE, 0x9D, 0x12, 0x40, 0xF0, 0x2A, 0x11, 0x5A, 0x40, 0xE6, 0x0E, 0xD9, 0x09, 0xC9, 0x75, 0xE7,
    0xCF, 0x64, 0xAC, 0x16, 0x84, 0x53, 0x40, 0xA6, 0xE7, 0x24, 0x0C, 0x19, 0xED, 0x10, 0xA2, 0xEB,
    0x5C, 0x14, 0x3D, 0x23, 0x40, 0x3D, 0x17, 0x9F, 0x77, 0xD0, 0xE4, 0xA7, 0x59, 0x6B, 0xF5, 0x34,
    0xD9, 0xEA, 0xF9, 0xB5, 0x6C, 0x8B, 0x35, 0x46, 0x29, 0x5D, 0x48, 0x9B, 0x08, 0x38, 0xFF, 0xFC,
    0xD7, 0xE3, 0x77, 0x01, 0x0C, 0xBB, 0xFF, 0x6E, 0x17, 0x6C, 0xCF, 0x4C, 0x0B, 0xE4, 0x1E, 0xFB,
    0xBA, 0x31, 0xA2, 0x20, 0xFD, 0x9A, 0x23, 0x85, 0xE4, 0xA2, 0xEB, 0x83, 0x34, 0xC9, 0xB3, 0x4E,
    0xFB, 0x1C, 0x1D, 0xD0, 0x9C, 0x66, 0x27, 0x96, 0xEB, 0x1D, 0xC6, 0x7D, 0x0E, 0x74, 0x40, 0x36,
    0x00, 0xC5, 0xB8, 0x65, 0x31, 0xDD, 0xB6, 0xE7, 0x08, 0x87, 0xDB, 0x53, 0xB5, 0x80, 0x4D, 0x80,
    0x1B, 0x81, 0xFB, 0xB3, 0xAC, 0x73, 0x28, 0xFA, 0x1A, 0xF0, 0x17, 0x0E, 0xB6, 0xA3, 0xEC, 0x1B,
    0x98, 0x91, 0xAD, 0x76, 0x99, 0x1A, 0x00, 0x87, 0xCB, 0xFF, 0x27, 0xB5, 0x95, 0x01, 0x87, 0xE7,
    0x46, 0x18, 0xC6, 0x7F, 0xF9, 0xCF, 0xDA, 0x20, 0x34, 0x45, 0x51, 0x0E, 0x01, 0x28, 0x30, 0x45,
    0x01, 0xED, 0xCD, 0xB8, 0xFB, 0x2A, 0x05, 0xA0, 0x70, 0x80, 0xDA, 0x99, 0xB6, 0x1F, 0xE0, 0xFA,
    0x81, 0xDA, 0xCB, 0xE8, 0x01, 0x16, 0x4D, 0xDB, 0x2F, 0x10, 0x5A, 0x00, 0x36, 0xDC, 0x94, 0x70,
    0x93, 0x3C, 0x4D, 0xEE, 0xFE, 0x62, 0x9D, 0xEB, 0x39, 0x6B, 0xF7, 0xF1, 0xBE, 0x3F, 0x10, 0xEF,
    0xF3, 0x3E, 0x6F, 0x42, 0x80, 0x4F, 0xC0, 0x7A, 0x5C, 0xA2, 0x9B, 0x30, 0x05, 0x7E, 0x81, 0xCF,
    0x00, 0x80, 0x47, 0x2B, 0x61, 0x2F, 0xCC, 0x07, 0xAB, 0x96, 0x77, 0x9A, 0x82, 0x26, 0xDE, 0x8E,
    0xEB, 0x3C, 0xCE, 0xD3, 0x43, 0xA1, 0x9A, 0xC0, 0xDF, 0x61, 0xDA, 0x18, 0x34, 0x70, 0x41, 0xB5,
    0x60, 0x44, 0xA3, 0xD4, 0x5D, 0x0F, 0xCE, 0x4C, 0x5F, 0x33, 0xDC, 0x65, 0xD4, 0x56, 0xF5, 0xA4,
    0xE7, 0xF3, 0x56, 0x57, 0xF5, 0x04, 0x77, 0x49, 0xB7, 0x15, 0x00, 0x9F, 0x37, 0x10, 0x82, 0x47,
    0x05, 0xEC, 0x0C, 0xFD, 0x4A, 0xF5, 0xAF, 0x3C, 0x3E, 0x24, 0xB0, 0x23, 0xE1, 0x66, 0x32, 0xD2,
    0xDC, 0x4A, 0xC5, 0x65, 0xBB, 0x84, 0xA1, 0x5D, 0xFA, 0x54, 0xAF, 0x4A, 0x66, 0x55, 0xDC, 0x3A,
    0x1D, 0xBD, 0xF4, 0x63, 0x53, 0xDC, 0xDC, 0x65, 0x2B, 0x8D, 0x8D, 0xE4, 0xE9, 0x33, 0x34, 0xE3,
    0x33, 0xB0, 0x6B, 0x01, 0xA7, 0x0D, 0x8F, 0x6D, 0x86, 0x8B, 0x2A, 0x72, 0x88, 0xCB, 0xD2, 0xCD,
    0x84, 0x45, 0x22, 0x48, 0xF2, 0x46, 0x3F, 0x2A, 0x19, 0xB1, 0x61, 0xA5, 0xFF, 0x18, 0x6C, 0x81,
    0x34, 0x3A, 0xBD, 0x54, 0x79, 0x03, 0x00, 0xBE, 0x04, 0x0A, 0x54, 0x2B, 0x20, 0x0F, 0x2E, 0x41,
    0x33, 0x02, 0x89, 0x43, 0x76, 0xE5, 0x24, 0x0D, 0xAD, 0x94, 0x6D, 0xB6, 0xC5, 0x7D, 0x28, 0xDA,
    0xB0, 0x45, 0xCB, 0xB7, 0xA3, 0xCD, 0x00, 0xC0, 0x57, 0x67, 0xA3, 0x05, 0x4C, 0x81, 0x66, 0x82,
    0x36, 0x81, 0xE1, 0xFE, 0x7C, 0x2E, 0x47, 0x68, 0x33, 0xD8, 0x02, 0x57, 0x01, 0x8A, 0x8D, 0xA7,
    0xDC, 0x46, 0x7C, 0x75, 0x7F, 0x1E, 0x2F, 0x6A, 0x7F, 0xD2, 0x4D, 0x32, 0x52, 0x32, 0x7F, 0xCA,
    0xE3, 0xBF, 0xBD, 0xB7, 0xD9, 0xA7, 0x6C, 0x7D, 0x53, 0xFA, 0xB4, 0xB7, 0xC9, 0xCE, 0xC3, 0x3D,
    0xDE, 0x26, 0x00, 0x8A, 0x6F, 0xFB, 0x8A, 0x43, 0x92, 0x92, 0xCE, 0x0D, 0x80, 0x7B, 0xE7, 0xB9,
    0x47, 0xEB, 0x13, 0xE8, 0xF5, 0x3A, 0x1A, 0x49, 0xBE, 0x59, 0x1A, 0xD1, 0x65, 0x23, 0xEC, 0xD4,
    0x28, 0xBA, 0xC9, 0x6E, 0x18, 0xCB, 0x86, 0x57, 0xE3, 0x06, 0x45, 0x45, 0xBB, 0x56, 0xF2, 0x5D,
    0x39, 0x89, 0x76, 0x6D, 0x16, 0x3A, 0x69, 0xE6, 0xB1, 0x34, 0xF0, 0x85, 0x5D, 0xB8, 0x2D, 0x13,
    0x81, 0x76, 0xD8, 0x31, 0x01, 0xF5, 0x0C, 0x54, 0x0B, 0xC0, 0x37, 0x00, 0x17, 0xDC, 0x52, 0xA3,
    0xAA, 0x4F, 0x4E, 0xAD, 0x92, 0x5B, 0x9B, 0x8F, 0xFB, 0xE0, 0xC5, 0x81, 0x1F, 0x94, 0x2A, 0x49,
    0xFF, 0x20, 0xF5, 0x0B, 0xDD, 0xEC, 0x0A, 0x00, 0x50, 0x1F, 0x2B, 0x74, 0x09, 0x70, 0x11, 0x08,
    0x00, 0xDF, 0x03, 0x7C, 0xFA, 0xB0, 0x1B, 0x5C, 0x00, 0xF4, 0x00, 0x4A, 0x60, 0x34, 0x42, 0xFD,
    0xD7, 0x04, 0x6D, 0x9A, 0xA1, 0xE3, 0xD9, 0x43, 0x9A, 0xDB, 0x27, 0x19, 0xFA, 0xEB, 0x72, 0x86,
    0x7B, 0x9A, 0x01, 0x1E, 0x30, 0xEF, 0x0C, 0x1C, 0xAF, 0x36, 0x00, 0x08, 0xA8, 0x0A, 0x60, 0xF2,
    0x8E, 0x81, 0x77, 0x25, 0xFD, 0xA6, 0x2C, 0xBD, 0x54, 0xB6, 0x0B, 0x21, 0xB5, 0x85, 0x10, 0xEB,
    0x85, 0x1E, 0xB3, 0xB2, 0x72, 0x52, 0x55, 0x40, 0x4F, 0x77, 0xFC, 0x94, 0x21, 0x5C, 0x4F, 0xE0,
    0x7E, 0x1F, 0xC0, 0xDE, 0x24, 0x68, 0x15, 0xA1, 0x11, 0x50, 0x0B, 0x30, 0x0B, 0x70, 0x3A, 0xDC,
    0xDA, 0x09, 0xB6, 0x78, 0x20, 0x79, 0xD0, 0x02, 0x84, 0x01, 0xB8, 0x5C, 0x81, 0xB0, 0xA3, 0xDF,
    0x61, 0xDE, 0x0B, 0x3B, 0x63, 0x24, 0xB1, 0x23, 0xEE, 0x51, 0xDF, 0xC4, 0x1F, 0x36, 0xB8, 0xF1,
    0x7F, 0x10, 0x86, 0xF3, 0x85, 0x4E, 0xF2, 0x46, 0x5A, 0xD9, 0x30, 0xEF, 0x88, 0xEF, 0xF5, 0x68,
    0xF4, 0x33, 0x38, 0x4D, 0x67, 0x10, 0xEA, 0x8D, 0x7A, 0x3E, 0x9F, 0x71, 0xFC, 0xCA, 0x38, 0x14,
    0x34, 0xAA, 0x38, 0x0D, 0x9A, 0x3B, 0x79, 0x3B, 0x1A, 0x61, 0xD3, 0xE6, 0xE5, 0x62, 0xA5, 0x18,
    0x40, 0xE9, 0x05, 0x84, 0xB4, 0x80, 0xFB, 0xA3, 0x80, 0xFD, 0x3B, 0x43, 0xFB, 0x6A, 0x82, 0xE6,
    0xF5, 0x08, 0x46, 0x69, 0x47, 0x84, 0x4A, 0x1E, 0x10, 0xC0, 0xAF, 0x00, 0xC7, 0xC1, 0xBE, 0x1B,
    0x21, 0x28, 0x9D, 0x8F, 0x63, 0x47, 0xE0, 0x3F, 0xCD, 0x52, 0x3D, 0x90, 0xE5, 0x64, 0x76, 0xBD,
    0x92, 0x86, 0x96, 0x41, 0xC5, 0x6A, 0xAA, 0x0C, 0x89, 0xDB, 0x46, 0x89, 0x83, 0x2D, 0x17, 0x85,
    0x36, 0x70, 0xB0, 0x01, 0xCC, 0x27, 0xD8, 0xC0, 0x81, 0x03, 0x26, 0x00, 0xC7, 0x0E, 0x36, 0x70,
    0x95, 0xAB, 0x3C, 0x1B, 0x6C, 0xB0, 0x01, 0x1E, 0x69, 0xD8, 0xC0, 0x81, 0x03, 0x3A, 0x71, 0xE4,
    0x64, 0x62, 0x27, 0x4B, 0x40, 0x40, 0x00, 0xF3, 0xC9, 0x43, 0xB0, 0x81, 0x03, 0x0B, 0xAF, 0xF3,
    0x15, 0x78, 0x5C, 0x76, 0xAD, 0x83, 0x11, 0x46, 0x2E, 0xD4, 0x20, 0xE9, 0xFA, 0x9C, 0x2B, 0xBD,
    0x7E, 0xEF, 0x0D, 0x3D, 0x4D, 0xF7, 0x4C, 0x0F, 0xA0, 0x7E, 0xDF, 0x51, 0xEB, 0xFB, 0xBB, 0xE7,
    0x9C, 0x7B, 0x24, 0xD1, 0x49, 0x44, 0xD2, 0x15, 0x47, 0x79, 0xE0, 0x09, 0x0A, 0x62, 0xDA, 0x12,
    0x5D, 0x47, 0x2C, 0x7B, 0xA2, 0xB7, 0x9D, 0xB6, 0x3F, 0xFC, 0x6A, 0x06, 0x46, 0x9F, 0x2B, 0x30,
    0xFE, 0x8C, 0x98, 0x34, 0x5A, 0xE1, 0x50, 0xAD, 0xB5, 0x48, 0x5E, 0x95, 0x0D, 0x8E, 0x16, 0x0E,
    0x57, 0x94, 0xAA, 0xB8, 0x42, 0x55, 0x7B, 0xC3, 0x51, 0xC2, 0x51, 0xD2, 0x51, 0xA2, 0x41, 0x92,
    0x59, 0xE2, 0x5E, 0x62, 0x95, 0xEC, 0x58, 0x0E, 0xB5, 0xF5, 0x5A, 0x94, 0xDA, 0xAB, 0x16, 0x5E,
    0xFB, 0x4C, 0x67, 0xC9, 0x55, 0x31, 0xE6, 0x7D, 0x66, 0xBE, 0x97, 0x0C, 0xF3, 0x5E, 0xB5, 0xD2,
    0x5B, 0x5A, 0x97, 0xE2, 0x51, 0xCE, 0xD7, 0x81, 0xD7, 0x3A, 0x55, 0xAD, 0x1D, 0x86, 0x6F, 0x7C,
    0x8D, 0x1D, 0xCB, 0x78, 0x5B, 0x1B, 0xEC, 0x9D, 0x9C, 0xBA, 0x31, 0x19, 0xA0, 0x28, 0xB0, 0x6B,
    0x92, 0x2A, 0x31, 0x81, 0x25, 0xFF, 0xB7, 0x12, 0x91, 0x0E, 0xA6, 0xF0, 0x68, 0xA7, 0xD8, 0x75,
    0x73, 0xC1, 0xF4, 0xE7, 0xA6, 0xDF, 0xD9, 0x9E, 0x72, 0x71, 0x81, 0xDE, 0x05, 0x4A, 0xE5, 0xE1,
    0xFF, 0x11, 0xA3, 0x4E, 0x61, 0x5B, 0xD2, 0x52, 0x7F, 0xDA, 0x94, 0xC0, 0xAC, 0xA6, 0x7E, 0x57,
    0xD1, 0x42, 0x67, 0xFA, 0x41, 0x65, 0x58, 0x5D, 0x08, 0x46, 0x89, 0x27, 0x89, 0x60, 0x84, 0xB9,
    0x10, 0x99, 0x0B, 0x31, 0x5D, 0xA8, 0x1C, 0x5D, 0x20, 0x06, 0x2B, 0xD5, 0xB4, 0xCD, 0x8D, 0xA6,
    0x91, 0xF4, 0xCD, 0x25, 0xB8, 0x91, 0xC3, 0x8D, 0xA4, 0xDD, 0x68, 0x4C, 0x1E, 0xA2, 0xD1, 0x4F,
    0xA6, 0xD4, 0x34, 0xCE, 0xA6, 0xF1, 0x98, 0x1A, 0xE3, 0xCE, 0x34, 0x76, 0x2C, 0x06, 0x0F, 0x71,
    0x4D, 0x5E, 0x9B, 0xC6, 0xDA, 0xF5, 0xD6, 0xEF, 0x8D, 0x46, 0xE2, 0x24, 0xE1, 0x24, 0xF1, 0x6C,
    0x4A, 0x55, 0x92, 0x41, 0x42, 0x6D, 0x4B, 0x52, 0xEB, 0x17, 0x64, 0x85, 0x3B, 0x84, 0xA8, 0xDF,
    0x52, 0x49, 0xED, 0xFF, 0x94, 0x65, 0x20, 0x9C, 0x18, 0xCC, 0x27, 0x6A, 0x4B, 0xAA, 0xFD, 0x67,
    0x85, 0x22, 0xAD, 0xFF, 0x64, 0x47, 0x71, 0xB6, 0x51, 0x5C, 0xAD, 0x6A, 0x5F, 0xDD, 0xA8, 0xBD,
    0xC1, 0xDE, 0x77, 0x0C, 0x27, 0xA8, 0x42, 0x80, 0x93, 0x75, 0xFC, 0x3B, 0x9A, 0x04, 0x8D, 0xF1,
    0xB0, 0x71, 0xF4, 0x36, 0xE3, 0xDC, 0xAF, 0x66, 0x04, 0x0C, 0x6E, 0xC4, 0x54, 0x87, 0xDB, 0x58,
    0xBC, 0x79, 0x7D, 0x8D, 0x0C, 0xAE, 0x2E, 0x22, 0xFD, 0x9D, 0x16, 0xC9, 0x88, 0xA4, 0x67, 0x1D,
    0xE3, 0xDE, 0x48, 0x2E, 0xE8, 0xFC, 0x15, 0x63, 0x25, 0x46, 0x9C, 0xC7, 0xD7, 0xFF, 0xB6, 0xC0,
    0x16, 0x7A, 0x2A, 0x2D, 0x59, 0xD9, 0x69, 0xF1, 0x14, 0xD9, 0x6B, 0x1D, 0x13, 0xE8, 0x9A, 0xC8,
    0xA1, 0xDE, 0x5B, 0x2B, 0xB2, 0x76, 0xBF, 0xF8, 0x13, 0x53, 0x04, 0x0E, 0xA7, 0x10, 0xF1, 0xF4,
    0x4E, 0x52, 0x73, 0xDA, 0xAA, 0xC2, 0x9E, 0xE7, 0xBD, 0xAF, 0x5D, 0xE3, 0x6A, 0x5F, 0xE7, 0x05,
    0x8B, 0xB1, 0xBE, 0xBD, 0xD7, 0xE1, 0x19, 0xC9, 0xE3, 0xA0, 0xCA, 0xB1, 0x37, 0x81, 0x93, 0xE2,
    0x8F, 0x71, 0xC1, 0x73, 0xD6, 0x68, 0xF6, 0x99, 0x7B, 0x92, 0xFB, 0xA8, 0x93, 0xDF, 0x05, 0xB7,
    0x52, 0x3E, 0xE0, 0xE2, 0xD5, 0x33, 0xD5, 0x97, 0x27, 0xEA, 0x1D, 0xD5, 0x3F, 0x77, 0x59, 0xEA,
    0x9F, 0x61, 0xBB, 0xBA, 0x25, 0x92, 0xD3, 0x28, 0xE1, 0x70, 0x4D, 0xA2, 0x36, 0x93, 0xA0, 0xB8,
    0x72, 0x89, 0xCA, 0x3F, 0x34, 0xD1, 0x7B, 0x20, 0xA3, 0xEC, 0x3D, 0xDF, 0xAA, 0xE8, 0xA4, 0x59,
    0x44, 0x6F, 0x06, 0x33, 0x7B, 0xAA, 0xD8, 0x12, 0x62, 0x73, 0x88, 0xCD, 0xCE, 0x2F, 0xF6, 0xC7,
    0xF2, 0x0B, 0x08, 0x0E, 0x21, 0xCF, 0xFD, 0x1D, 0xAE, 0xCE, 0xB8, 0x31, 0xA6, 0xE2, 0x60, 0xDA,
    0x8A, 0x2D, 0xCE, 0xCE, 0x77, 0x01, 0xB1, 0x2F, 0x5D, 0x58, 0x6C, 0x50, 0x9D, 0x26, 0x36, 0xAC,
    0x5F, 0x80, 0xDE, 0x9B, 0x88, 0x36, 0xBA, 0x3B, 0xF7, 0x2B, 0x6B, 0xDC, 0x70, 0x50, 0x5C, 0x5E,
    0x87, 0x7F, 0x2E, 0xEF, 0xE1, 0x96, 0x29, 0x22, 0x93, 0xF2, 0xF5, 0x96, 0x37, 0x1A, 0xE7, 0xC4,
    0x5A, 0x1D, 0x6C, 0x7B, 0x1D, 0xBC, 0xF9, 0x0F, 0xDC, 0xA2, 0x7A, 0x6C, 0x88, 0x0B, 0x73, 0xFD,
    0x95, 0x76, 0x12, 0xCD, 0x52, 0x8E, 0xC4, 0x74, 0x26, 0x46, 0x4A, 0x0C, 0x61, 0xCE, 0x2C, 0x81,
    0x56, 0x40, 0x79, 0x28, 0x2E, 0x7B, 0x96, 0xFD, 0xC4, 0x78, 0xB2, 0x7B, 0x78, 0x5B, 0x00, 0x7F,
    0x0E, 0x95, 0x24, 0x51, 0x6B, 0x62, 0xC5, 0xF9, 0xE8, 0x84, 0xCA, 0xE1, 0xF0, 0x0A, 0xCE, 0x0D,
    0x25, 0x8E, 0x01, 0x24, 0x1D, 0xFE, 0x96, 0xF0, 0x16, 0xE1, 0x17, 0x84, 0x9F, 0xC9, 0x0D, 0x1D,
    0xC0, 0x04, 0x90, 0x12, 0xF2, 0x3E, 0x1B, 0xC4, 0x35, 0xE9, 0x80, 0xC6, 0x00, 0xD4, 0xA0, 0x3A,
    0x81, 0x93, 0x39, 0xCF, 0x2D, 0x65, 0xEF, 0xB0, 0x59, 0x75, 0x2E, 0x32, 0xFD, 0x42, 0xEB, 0x50,
    0x7F, 0xA2, 0x55, 0xF0, 0x17, 0x6F, 0x8A, 0xB5, 0xFC, 0xD8, 0xF0, 0x62, 0xDA, 0x95, 0xC8, 0xA6,
    0x6E, 0xF0, 0x2C, 0xED, 0xC3, 0x9E, 0x76, 0x6F, 0xDA, 0x3D, 0xB8, 0x2C, 0xB2, 0x85, 0xB2, 0x57,
    0xE0, 0x5E, 0x6B, 0xFB, 0x02, 0xF6, 0xB9, 0x2F, 0xDB, 0x51, 0x76, 0x79, 0x6E, 0xD9, 0xE5, 0x2A,
    0x3B, 0x3D, 0x91, 0x8D, 0xCA, 0x88, 0xAA, 0x2E, 0x50, 0xCB, 0x03, 0x8F, 0x19, 0x61, 0x90, 0x13,
    0xC0, 0x3E, 0x23, 0xA4, 0x06, 0x14, 0xF9, 0x14, 0x15, 0xC9, 0x0A, 0xAA, 0xE3, 0x09, 0xF4, 0xBB,
    0x0B, 0xB0, 0xC1, 0xF4, 0x9F, 0x9C, 0xCD, 0x6A, 0x8A, 0xAF, 0xCB, 0xCD, 0xF5, 0x70, 0x50, 0x25,
    0x5E, 0xC7, 0xDE, 0x73, 0xC3, 0xD4, 0x16, 0xD4, 0x9F, 0xB7, 0xBE, 0x75, 0xB5, 0xEB, 0x3C, 0x06,
    0xCE, 0x6C, 0x46, 0x4B, 0xDA, 0x1C, 0x1E, 0x1A, 0xCA, 0xE3, 0xE0, 0x08, 0x54, 0xDB, 0x84, 0x62,
    0x3C, 0x5A, 0x79, 0x95, 0x97, 0xBC, 0x2F, 0xEF, 0x8A, 0xCC, 0x71, 0x47, 0x41, 0xAD, 0xC0, 0x82,
    0x4A, 0x24, 0x39, 0x3E, 0x5B, 0x68, 0x7A, 0x02, 0x49, 0xB5, 0x11, 0x70, 0x9A, 0xD0, 0xE1, 0x62,
    0x42, 0x03, 0x6C, 0x4B, 0xAA, 0x44, 0xD2, 0x36, 0x97, 0x44, 0x99, 0xA7, 0x61, 0x61, 0x7E, 0x09,
    0x82, 0x03, 0x0A, 0x0E, 0x7B, 0x56, 0x18, 0xF7, 0x20, 0xEA, 0x2E, 0xA7, 0xA9, 0x17, 0xD4, 0x8A,
    0x69, 0x98, 0xDD, 0x6E, 0x47, 0x56, 0x3D, 0x8E, 0xCE, 0xDB, 0xBB, 0x8D, 0x3D, 0x53, 0x84, 0x75,
    0xAD, 0xD8, 0xE3, 0x7A, 0xB6, 0x92, 0xB8, 0x3A, 0x45, 0x44, 0xB5, 0x88, 0x58, 0x1C, 0x4D, 0xD9,
    0xA2, 0x1C, 0x64, 0x4C, 0x08, 0x22, 0xC4, 0x4F, 0x42, 0x3C, 0x6C, 0xB4, 0x88, 0x69, 0xE9, 0x7D,
    0x03, 0x2D, 0xAD, 0x69, 0x39, 0x45, 0x8F, 0xC7, 0x28, 0xFB, 0xE0, 0xBA, 0xC3, 0x37, 0xF6, 0x37,
    0x81, 0x67, 0x89, 0x69, 0xA9, 0xC2, 0x3E, 0xD9, 0x40, 0x1F, 0x03, 0x26, 0xB5, 0xAC, 0xE4, 0x76,
    0xD0, 0x4A, 0xD0, 0x33, 0xBB, 0x53, 0xC6, 0xF3, 0xBE, 0x40, 0xE1, 0x89, 0x9D, 0x45, 0x61, 0x09,
    0x8E, 0xCE, 0xD1, 0xD4, 0x4B, 0x0D, 0x70, 0x58, 0xBF, 0x20, 0x71, 0x7B, 0x53, 0xA2, 0x7E, 0x94,
    0x60, 0x06, 0x69, 0xDF, 0x2E, 0xC6, 0x1C, 0xC8, 0xF9, 0x9B, 0xFB, 0xBB, 0x7F, 0x3A, 0x3A, 0xAB,
    0xB9, 0x82, 0x08, 0x8A, 0xA9, 0xC7, 0x1E, 0xFA, 0xF1, 0x15, 0x52, 0x9C, 0x7E, 0x0C, 0xBB, 0xF3,
    0xC2, 0x89, 0x5C, 0xC1, 0xDF, 0xFA, 0x3C, 0xFF, 0x06, 0x8C, 0x80, 0x8D, 0x02, 0x82, 0x5D, 0xA8,
    0x5F, 0xFA, 0x2E, 0x01, 0xF1, 0x2E, 0x1B, 0x24, 0xE9, 0x5C, 0x07, 0xA2, 0xAE, 0x91, 0xB0, 0xA2,
    0xE9, 0x56, 0x6C, 0x05, 0xBB, 0xB7, 0x4E, 0x75, 0x5C, 0x21, 0xF4, 0x23, 0x68, 0xA4, 0x43, 0xD9,
    0x01, 0xDC, 0x08, 0x48, 0xB5, 0xCA, 0x86, 0x58, 0xE9, 0x0E, 0xA0, 0x97, 0x67, 0x94, 0xAC, 0x0A,
    0x06, 0x81, 0xED, 0xCF, 0x19, 0x09, 0x6C, 0x14, 0x19, 0x4B, 0x34, 0xA1, 0xCF, 0xD1, 0xBF, 0xF6,
    0x07, 0xB2, 0xFB, 0x94, 0xFF, 0xE9, 0xAB, 0x88, 0xAE, 0xA5, 0xD6, 0x94, 0xBE, 0xFC, 0xB7, 0xC2,
    0xD5, 0x38, 0x0C, 0xE8, 0x16, 0xC8, 0x3B, 0x44, 0x89, 0x19, 0x30, 0xAF, 0x20, 0x03, 0x0D, 0xCD,
    0x2C, 0x61, 0x06, 0xAA, 0xF7, 0x24, 0x53, 0x9D, 0x08, 0x2A, 0x65, 0x1D, 0x29, 0x38, 0x1B, 0xC4,
    0xB3, 0x68, 0x9B, 0x8F, 0xEC, 0x79, 0x8F, 0x10, 0x42, 0xD3, 0x81, 0xFE, 0xF7, 0xA6, 0x6E, 0x52,
    0xFC, 0x80, 0x69, 0x2D, 0xE9, 0xCB, 0xCC, 0x56, 0x93, 0x25, 0x4D, 0xDE, 0x33, 0xAC, 0xDD, 0x33,
    0x2C, 0xA1, 0x61, 0x31, 0x0D, 0x8B, 0x3A, 0x33, 0xAC, 0xBC, 0x1C, 0xC3, 0xE8, 0x57, 0xD8, 0x44,
    0xB5, 0x44, 0x03, 0x84, 0x85, 0xCA, 0x7B, 0x48, 0x6A, 0xF1, 0xEF, 0x0C, 0xAF, 0x3E, 0x2D, 0xB6,
    0x36, 0x9D, 0xE6, 0x55, 0x7C, 0x8A, 0x57, 0xE9, 0xC5, 0xBC, 0xCA, 0x49, 0xCE, 0x82, 0xB1, 0x05,
    0xB7, 0xC7, 0xEA, 0xDB, 0x0D, 0x57, 0xC2, 0x16, 0xE5, 0xDD, 0x1E, 0xA4, 0xF5, 0x37, 0x46, 0xAA,
    0x61, 0xA4, 0x1A, 0xDA, 0x44, 0xC8, 0xFB, 0xCB, 0x8E, 0xD4, 0xB7, 0xEA, 0xC1, 0xF2, 0x18, 0xE1,
    0x45, 0xBF, 0x41, 0xCB, 0x4F, 0xCE, 0xDD, 0x64, 0x9C, 0xF8, 0x65, 0x5E, 0xA5, 0x2C, 0x92, 0xCB,
    0xA6, 0x6D, 0x0B, 0x70, 0x5B, 0x5A, 0x7C, 0xA3, 0x6B, 0x35, 0x5D, 0x7B, 0x58, 0xB8, 0x2E, 0xC1,
    0xB5, 0x03, 0xB2, 0x84, 0x4A, 0xE3, 0xC4, 0xC0, 0xCB, 0xE4, 0x40, 0x37, 0x1A, 0xD8, 0xD1, 0xB0,
    0x89, 0xAA, 0x7D, 0x86, 0xDA, 0xE7, 0x3A, 0x95, 0xDA, 0x01, 0x73, 0xAD, 0x12, 0x6D, 0xA3, 0x99,
    0x26, 0x7E, 0x03, 0x82, 0xCD, 0x03, 0x78, 0x8E, 0x53, 0x89, 0x1E, 0x1D, 0xE8, 0x3D, 0x54, 0xCC,
    0x36, 0x15, 0xE5, 0x0D, 0xDA, 0x4A, 0x92, 0x31, 0xFB, 0x96, 0xDE, 0x87, 0xB9, 0xEE, 0xCF, 0xE0,
    0xFC, 0x9D, 0x00, 0xF0, 0x9C, 0x6C, 0xDC, 0x3C, 0xE0, 0x96, 0x92, 0xE0, 0x09, 0xD1, 0xA9, 0x70,
    0x38, 0xD0, 0x43, 0x35, 0x28, 0x22, 0x7D, 0x7B, 0x35, 0x0A, 0xAB, 0xFE, 0x3C, 0x10, 0x6B, 0xA1,
    0xAD, 0xD3, 0x8F, 0x74, 0x34, 0xF0, 0x34, 0x66, 0xF6, 0x5B, 0x63, 0xEE, 0xED, 0x4A, 0xD1, 0x9D,
    0xE7, 0xF1, 0x8D, 0x39, 0xD4, 0xDB, 0x07, 0x3A, 0x78, 0x1A, 0xB3, 0x54, 0x9C, 0x0F, 0xD4, 0xBA,
    0xCF, 0x94, 0x11, 0xC2, 0xE5, 0x53, 0x57, 0x08, 0x97, 0xB9, 0x64, 0x02, 0x78, 0x2D, 0x42, 0x86,
    0x2B, 0xD4, 0x46, 0x1B, 0x2C, 0xB8, 0xF6, 0xBC, 0x00, 0xCB, 0xCB, 0x21, 0xD7, 0x96, 0xFA, 0x3E,
    0x41, 0x2F, 0x98, 0xF4, 0xC6, 0x7F, 0xD6, 0xA9, 0x76, 0xA3, 0x6F, 0x7F, 0x9A, 0xAF, 0x41, 0xC1,
    0x27, 0x7E, 0x37, 0x8C, 0xEB, 0xF9, 0x7F, 0x87, 0x7A, 0xB4, 0x1C, 0x4C, 0xDA, 0xF7, 0xF2, 0x19,
    0x96, 0x8E, 0xAF, 0xB8, 0xFE, 0xCA, 0xC1, 0xDA, 0xD0, 0x43, 0xA5, 0x38, 0xC7, 0x5E, 0x51, 0xCC,
    0xC3, 0x7E, 0x91, 0x5E, 0xCF, 0x14, 0x14, 0x07, 0xA7, 0x7D, 0xC9, 0x5F, 0xB7, 0x9B, 0x5B, 0x8B,
    0xEE, 0xC5, 0x58, 0x25, 0x7A, 0x7B, 0x39, 0xC8, 0x24, 0x19, 0x3D, 0xD5, 0xF6, 0xE4, 0xCE, 0xC3,
    0x99, 0x19, 0x2B, 0xBF, 0xE9, 0x12, 0x04, 0xA5, 0xD4, 0x16, 0xBF, 0xAB, 0x22, 0xEF, 0xCB, 0xBB,
    0x73, 0xDC, 0x79, 0x06, 0xA7, 0x4A, 0x8E, 0xE5, 0x52, 0x1C, 0xBB, 0x22, 0xF2, 0x92, 0xBC, 0xE8,
    0xAA, 0x0F, 0x20, 0x3C, 0x55, 0xF4, 0xEA, 0x11, 0x4D, 0x7B, 0x4C, 0x1A, 0x61, 0x2F, 0x69, 0x83,
    0x48, 0x20, 0x29, 0x2C, 0x8A, 0x1C, 0xC6, 0x83, 0xC8, 0xC8, 0xEA, 0xCB, 0x0F, 0xFF, 0x5F, 0x88,
    0x18, 0x7C, 0xCB, 0xB5, 0x73, 0x68, 0x62, 0xDC, 0x4A, 0x56, 0x89, 0x13, 0xFB, 0x55, 0x92, 0x8F,
    0x92, 0xF4, 0xBC, 0x79, 0xC3, 0x21, 0x18, 0x2E, 0xA7, 0xCB, 0xE7, 0x6F, 0x28, 0x58, 0x95, 0xFC,
    0xF5, 0x5E, 0x87, 0x92, 0xF2, 0x59, 0xF4, 0x86, 0x1E, 0x5D, 0xA8, 0xEE, 0x45, 0x49, 0x02, 0x51,
    0x31, 0x9A, 0x88, 0xF1, 0x44, 0xBD, 0x89, 0x59, 0x9A, 0x99, 0xFC, 0x92, 0x61, 0x8F, 0xB5, 0xE1,
    0xB4, 0x45, 0x20, 0xE4, 0xF4, 0x28, 0x69, 0x0D, 0x9B, 0x5D, 0xB7, 0x05, 0x9B, 0x93, 0x6D, 0x8A,
    0x35, 0xF0, 0x70, 0x39, 0xD2, 0x05, 0x6C, 0x0B, 0xDC, 0xCF, 0xCF, 0x0D, 0xEC, 0x53, 0x87, 0x4E,
    0xE5, 0xEC, 0x55, 0x4E, 0x16, 0x48, 0x00, 0x80, 0x4C, 0x3C, 0x0A, 0x85, 0x5A, 0x81, 0xA3, 0x72,
    0x8A, 0x74, 0x11, 0x12, 0x49, 0x30, 0xCD, 0x9D, 0x7E, 0x94, 0x60, 0xF4, 0x92, 0x74, 0x79, 0x11,
    0x57, 0xCF, 0x9C, 0x50, 0x4A, 0x55, 0x0B, 0x0C, 0x39, 0xD0, 0x61, 0xB9, 0xEC, 0x71, 0x47, 0xD9,
    0x18, 0x95, 0x00, 0x4C, 0x62, 0x10, 0x29, 0x61, 0x9E, 0xEF, 0x41, 0xA1, 0x62, 0xB5, 0x42, 0xB2,
    0x86, 0xB6, 0x80, 0xCC, 0xF8, 0x61, 0xD4, 0xB9, 0xA8, 0x79, 0x76, 0xA1, 0x11, 0xF8, 0x36, 0x56,
    0xFE, 0x2C, 0xD2, 0xE7, 0xF9, 0x35, 0x52, 0xD6, 0xA2, 0x30, 0xBC, 0xC8, 0x67, 0x71, 0x83, 0x64,
    0x47, 0x62, 0x31, 0xA9, 0x17, 0xCC, 0x21, 0x6B, 0x62, 0x33, 0xF3, 0x96, 0xE8, 0x2B, 0x60, 0x38,
    0x0B, 0x30, 0x19, 0x88, 0x98, 0x06, 0x7A, 0x34, 0x2F, 0x52, 0xFA, 0x05, 0x5C, 0xFE, 0x6F, 0x38,
    0x0F, 0x8A, 0xC0, 0x6C, 0xB4, 0xFD, 0x4A, 0x8C, 0xB4, 0x06, 0x06, 0xDA, 0xF1, 0xB6, 0x72, 0x44,
    0xDF, 0x8F, 0x50, 0x02, 0xB5, 0x12, 0x6D, 0x80, 0x81, 0x5A, 0x9B, 0x9F, 0x3F, 0xF1, 0x35, 0xB3,
    0x6F, 0x6B, 0x91, 0xA4, 0x0B, 0xB6, 0x36, 0x63, 0xF3, 0xD7, 0x30, 0x0E, 0x66, 0x26, 0xE9, 0x04,
    0xA2, 0x53, 0x21, 0xD5, 0x66, 0x85, 0x50, 0x0B, 0xB0, 0x18, 0x39, 0x47, 0x0E, 0x0E, 0x74, 0x14,
    0xF4, 0xC1, 0x98, 0xD2, 0x7C, 0xB3, 0xB0, 0xC6, 0x2A, 0xB7, 0x24, 0xB3, 0x51, 0xAE, 0x90, 0x30,
    0x6D, 0x1D, 0x3C, 0x19, 0x00, 0x49, 0xBB, 0x72, 0x2B, 0x65, 0x8D, 0x8B, 0x38, 0x83, 0x6A, 0x33,
    0x07, 0x67, 0x0E, 0x59, 0xAD, 0x24, 0xDC, 0xA0, 0x5F, 0xD1, 0x1C, 0x0F, 0xFB, 0x25, 0x57, 0xAB,
    0xA2, 0xB9, 0xAC, 0x37, 0x25, 0x33, 0x6E, 0x49, 0x26, 0x2B, 0x59, 0xC4, 0xFA, 0x2A, 0x4B, 0x36,
    0x65, 0x0F, 0xC8, 0xD6, 0x92, 0x41, 0xBD, 0xB1, 0xA1, 0xEC, 0x98, 0xD2, 0x66, 0x15, 0x18, 0x16,
    0xB2, 0xFB, 0x94, 0xDA, 0xAF, 0x90, 0x33, 0xC8, 0xD1, 0xC3, 0x7D, 0xF9, 0x06, 0x48, 0x2A, 0x40,
    0x5A, 0x6F, 0x20, 0xAF, 0x13, 0x85, 0x4F, 0xE5, 0x06, 0x0A, 0x26, 0x31, 0xAE, 0x91, 0xD5, 0x18,
    0x1C, 0xB5, 0x40, 0x76, 0x96, 0x07, 0x3D, 0x41, 0x33, 0xFC, 0x2C, 0x31, 0xA5, 0x5F, 0xEC, 0x17,
    0x5B, 0x1C, 0x3C, 0xD3, 0x37, 0x7C, 0x5B, 0x2A, 0x4E, 0x9E, 0x98, 0xDE, 0x26, 0x23, 0xCF, 0x19,
    0x0C, 0xFC, 0xE4, 0x5C, 0x06, 0x06, 0x07, 0x23, 0x13, 0xEB, 0x47, 0x89, 0x47, 0x2E, 0x5F, 0xE8,
    0x17, 0x4F, 0xC2, 0xFC, 0x2C, 0xF1, 0x46, 0x23, 0x7B, 0x09, 0x51, 0xC0, 0x7E, 0x21, 0x7A, 0x6F,
    0xD3, 0x57, 0x09, 0x1F, 0x2E, 0x00, 0x0B, 0xC6, 0x05, 0x20, 0xBE, 0xA7, 0x0A, 0x26, 0x44, 0x8E,
    0x9E, 0x88, 0xF8, 0x83, 0x39, 0x2D, 0x90, 0xD5, 0xDA, 0x63, 0xC4, 0x73, 0x86, 0x13, 0x19, 0x8E,
    0xBE, 0x80, 0xF1, 0x87, 0x76, 0xCF, 0x45, 0x07, 0x5A, 0x08, 0xB5, 0x2D, 0xF8, 0xB7, 0x3B, 0x59,
    0x74, 0x27, 0x71, 0xFD, 0x3A, 0x38, 0x82, 0x56, 0x7B, 0x70, 0x73, 0x7F, 0xCB, 0x41, 0x71, 0x8A,
    0x90, 0x7A, 0x2B, 0x04, 0x99, 0x63, 0xE8, 0x6C, 0x9C, 0x41, 0x6E, 0x8C, 0xE6, 0xDD, 0xBF, 0x60,
    0x38, 0x5B, 0x44, 0xC7, 0x26, 0x48, 0xA6, 0x13, 0x22, 0xA0, 0x68, 0x57, 0x02, 0x49, 0x22, 0xCC,
    0xE3, 0x1E, 0x00, 0xF5, 0x1F, 0xD1, 0x44, 0xE5, 0x37, 0x73, 0x1B, 0xB0, 0xD3, 0x96, 0x5B, 0x4F,
    0xF8, 0xD3, 0x75, 0x5F, 0xD8, 0x52, 0x5B, 0x07, 0x88, 0x09, 0x49, 0x17, 0x82, 0x7A, 0x9B, 0x6D,
    0xA0, 0x81, 0x08, 0xF0, 0xF7, 0xB3, 0xC4, 0x33, 0x49, 0x6C, 0x7F, 0xFA, 0x6E, 0xA4, 0x5D, 0xA4,
    0x75, 0xA4, 0x92, 0x6E, 0xF6, 0xFC, 0xFE, 0xFE, 0x1E, 0x10, 0x06, 0x5F, 0xD2, 0xDD, 0x3C, 0x2F,
    0x1A, 0xCE, 0x16, 0x6C, 0xC3, 0x9C, 0xA1, 0x16, 0x47, 0x09, 0xF2, 0xC7, 0xB2, 0xFF, 0x94, 0x0A,
    0x71, 0x33, 0x12, 0x9A, 0xE8, 0x94, 0x69, 0x13, 0xFA, 0x7B, 0xA8, 0x28, 0x0E, 0x15, 0x47, 0xC3,
    0xC9, 0x50, 0x89, 0xB3, 0x56, 0xC0, 0x51, 0x1B, 0x62, 0xD9, 0x11, 0xF3, 0x81, 0x98, 0x4E, 0xC4,
    0x58, 0x89, 0xA1, 0x7A, 0x20, 0x1C, 0x21, 0x3A, 0xC3, 0xDC, 0x30, 0xD5, 0xFA, 0x70, 0xAE, 0x22,
    0xF6, 0xAE, 0x0D, 0xB5, 0xF6, 0x70, 0x94, 0x66, 0x89, 0x3C, 0xB7, 0xA1, 0x12, 0x11, 0x12, 0xCE,
    0xA5, 0x84, 0x9C, 0xE0, 0x38, 0xF7, 0xD6, 0xD7, 0x88, 0x1F, 0x8C, 0xD9, 0x20, 0xE5, 0x04, 0x5E,
    0x16, 0x82, 0x48, 0xDF, 0x36, 0x8F, 0x94, 0x11, 0xF1, 0xE7, 0x01, 0xB8, 0xA6, 0xAD, 0xD3, 0x8F,
    0x74, 0x34, 0x80, 0x0B, 0x29, 0x5D, 0xA8, 0x52, 0x73, 0xE1, 0x40, 0x4F, 0x5C, 0x18, 0x9E, 0x80,
    0x0B, 0x85, 0xB9, 0x50, 0x9B, 0x0B, 0xF5, 0x83, 0x2E, 0x48, 0x66, 0xDF, 0xB9, 0xF5, 0x33, 0x5D,
    0xD0, 0x3A, 0x67, 0x7E, 0xC8, 0xB5, 0xD3, 0xD4, 0x1F, 0x99, 0x7A, 0x92, 0x3B, 0x1F, 0x40, 0x7D,
    0x09, 0xF5, 0x1F, 0x53, 0xFD, 0x5D, 0x1D, 0xF7, 0xF2, 0x40, 0xF0, 0x66, 0xBD, 0x01, 0x03, 0xEC,
    0x39, 0x37, 0x30, 0x4E, 0x92, 0x5A, 0x77, 0x5C, 0x81, 0x46, 0x75, 0x13, 0x7B, 0x36, 0x73, 0x5E,
    0x96, 0xF4, 0xD9, 0x09, 0x39, 0x28, 0xBE, 0x57, 0xD9, 0xBA, 0x22, 0xD7, 0xE1, 0x5D, 0x00, 0x9A,
    0xF9, 0x2F, 0xC1, 0x32, 0xBD, 0x8F, 0x85, 0x48, 0xC9, 0x71, 0xE6, 0x8E, 0x1F, 0x3E, 0xC9, 0x58,
    0x3D, 0xB5, 0x58, 0x91, 0x37, 0xF6, 0x72, 0xDD, 0xD2, 0xDF, 0xE5, 0x95, 0xAE, 0xAF, 0x66, 0x6D,
    0xFA, 0x5F, 0x7F, 0xEC, 0x1B, 0x71, 0xAF, 0xE9, 0x7D, 0x44, 0xEE, 0x66, 0x88, 0xF2, 0x23, 0xA8,
    0xE7, 0x53, 0x3A, 0x5B, 0x18, 0xA2, 0xC7, 0x79, 0xB9, 0x1E, 0xBC, 0x24, 0xD0, 0x19, 0x4D, 0xC0,
    0x6B, 0xCA, 0xB5, 0xD9, 0xB4, 0xA6, 0xFA, 0x5A, 0x6B, 0x86, 0x9D, 0x06, 0xAD, 0xAD, 0x29, 0xAC,
    0x35, 0xB5, 0xB5, 0xA6, 0xB5, 0xD6, 0xF4, 0xD6, 0x9A, 0xD1, 0x5A, 0x33, 0x13, 0x23, 0x6B, 0x90,
    0x2C, 0x0D, 0x2A, 0x77, 0x1A, 0xB4, 0xB4, 0x26, 0xB1, 0xD6, 0x44, 0xD6, 0x9A, 0x60, 0x69, 0x8D,
    0x67, 0xB2, 0x1A, 0x36, 0x22, 0xFA, 0x4C, 0x99, 0x24, 0xB5, 0x3C, 0x69, 0xBF, 0x2E, 0x5E, 0x46,
    0x2F, 0x7C, 0x0D, 0x12, 0x2B, 0x30, 0xA5, 0x2C, 0xC9, 0x8A, 0x21, 0x0B, 0x26, 0xB4, 0xA6, 0x1C,
    0x37, 0xE9, 0x65, 0xA6, 0x73, 0xA8, 0x07, 0xEF, 0x91, 0x30, 0xEC, 0x06, 0x43, 0xDE, 0xC4, 0xEA,
    0x21, 0x19, 0x7A, 0x55, 0x04, 0xED, 0x7F, 0xB4, 0x4D, 0xA0, 0xB3, 0x47, 0x2F, 0xB3, 0xD1, 0xB5,
    0xC2, 0x94, 0x4A, 0x3C, 0xA3, 0x4A, 0xA4, 0x06, 0x28, 0x65, 0x80, 0x46, 0xDA, 0xE7, 0x06, 0x66,
    0x34, 0x99, 0x2E, 0x4A, 0x32, 0xBA, 0x5E, 0xD2, 0x3E, 0x9B, 0xC4, 0xB5, 0x09, 0xEE, 0xAB, 0xB1,
    0x13, 0x84, 0xE0, 0x92, 0x48, 0xF0, 0xA6, 0xD8, 0xF6, 0x75, 0x54, 0x7B, 0x4C, 0xF2, 0x99, 0x97,
    0x36, 0xA9, 0x6A, 0x9F, 0xF7, 0xF9, 0xE8, 0x9A, 0x74, 0x82, 0xD6, 0x99, 0xBE, 0x80, 0xD9, 0xF2,
    0x5E, 0xC6, 0xE4, 0x1B, 0x56, 0xC9, 0xFA, 0x5C, 0x41, 0x17, 0x1E, 0x8A, 0x87, 0xA8, 0x2B, 0xBC,
    0xE4, 0x25, 0x79, 0x11, 0x1A, 0x6F, 0x8D, 0xAB, 0xE4, 0x94, 0x55, 0xC3, 0xB9, 0xF8, 0xCE, 0xD4,
    0x0A, 0x9B, 0xD2, 0x86, 0x75, 0x34, 0x24, 0x5C, 0xAA, 0x84, 0xAB, 0x79, 0x7F, 0x79, 0xAA, 0x21,
    0x1B, 0x36, 0xBE, 0x12, 0xA2, 0x9E, 0xC6, 0x9D, 0x44, 0x13, 0xB4, 0x24, 0xBD, 0xAB, 0x24, 0xAB,
    0x21, 0xF3, 0x59, 0xB9, 0xFD, 0xDD, 0x49, 0x7F, 0x26, 0xAC, 0x24, 0xFD, 0xA8, 0x93, 0xFC, 0x5F,
    0x3A, 0x71, 0xAF, 0x37, 0x72, 0x33, 0xAB, 0xE4, 0x83, 0x5C, 0xE4, 0x67, 0x7F, 0x74, 0x79, 0xF2,
    0x03, 0xA8, 0xD1, 0x1E, 0xCD, 0xE6, 0x2B, 0x20, 0xEA, 0x10, 0x6B, 0xE1, 0xDA, 0xA8, 0x4F, 0x07,
    0x10, 0x0B, 0x7B, 0x87, 0xE2, 0x6D, 0xD0, 0xB9, 0x06, 0x2F, 0x88, 0xAF, 0xED, 0xA5, 0xDB, 0x17,
    0x6E, 0x82, 0x4A, 0x7B, 0xD9, 0xD7, 0x66, 0x6D, 0xDD, 0x59, 0xDA, 0xB9, 0xBF, 0xB4, 0x5B, 0x64,
    0xCC, 0x47, 0x7B, 0xA5, 0x7A, 0x84, 0xAB, 0xC7, 0xC8, 0xEA, 0x8D, 0x74, 0x14, 0x65, 0xE5, 0x60,
    0x79, 0xDD, 0x18, 0x02, 0x3D, 0xA2, 0xAA, 0x0C, 0x4B, 0xA9, 0x6D, 0x91, 0xBC, 0x2B, 0xF5, 0x27,
    0xA0, 0x55, 0xC3, 0x2D, 0xAD, 0x7C, 0x9D, 0x8E, 0x78, 0x69, 0xCD, 0xD5, 0x4A, 0xAB, 0xF5, 0x05,
    0x51, 0x24, 0x81, 0x35, 0x32, 0xB3, 0x97, 0x6F, 0x52, 0x58, 0x2A, 0xAE, 0x77, 0xDA, 0x1C, 0x14,
    0xA6, 0x52, 0x8B, 0x44, 0xE7, 0x1C, 0x4E, 0x07, 0xBE, 0x0D, 0xF5, 0x1E, 0x56, 0x43, 0x73, 0x12,
    0xE6, 0xDA, 0x39, 0x00, 0x0C, 0x00, 0xA6, 0x13, 0x27, 0x9E, 0x29, 0x64, 0xFF, 0xB9, 0xA1, 0x60,
    0x47, 0xCA, 0x03, 0x7B, 0x05, 0x6E, 0x68, 0x29, 0x0F, 0x44, 0xB3, 0x58, 0x7B, 0x57, 0xF4, 0xDB,
    0xFF, 0x03, 0x5B, 0x3D, 0x04, 0x91, 0xC8, 0x4E, 0x01, 0x1B, 0x59, 0xC2, 0x81, 0x79, 0xC7, 0xFF,
    0xE7, 0xAC, 0x27, 0x22, 0x51, 0xC0, 0xC8, 0xEE, 0x14, 0x6C, 0x4A, 0xF4, 0xA8, 0x1C, 0x50, 0xA5,
    0xCB, 0x14, 0x15, 0xBB, 0x58, 0x8D, 0xC1, 0x1B, 0x2B, 0x13, 0xD0, 0x08, 0x78, 0x1D, 0x0E, 0x25,
    0x38, 0x9E, 0xB6, 0x8B, 0x88, 0xA7, 0xB7, 0x5C, 0x0F, 0xBA, 0xBC, 0xF0, 0x9D, 0xD6, 0xFA, 0x85,
    0xD6, 0x99, 0x29, 0x7F, 0x55, 0x58, 0xE3, 0xAC, 0x91, 0xCD, 0x05, 0x6B, 0xD9, 0x78, 0x32, 0x5A,
    0x73, 0xD3, 0x9A, 0xEE, 0x68, 0x0D, 0x16, 0xAD, 0xDE, 0xB4, 0xE6, 0xA7, 0x69, 0x45, 0x7D, 0x43,
    0xCF, 0xFE, 0x88, 0x5B, 0xD0, 0x3A, 0xE6, 0x6D, 0xFE, 0xFD, 0x8D, 0xDA, 0xFE, 0xD1, 0xD5, 0x6E,
    0x9E, 0x00, 0xFC, 0x42, 0xA6, 0x87, 0x83, 0x1A, 0xB0, 0x94, 0xA0, 0x56, 0xD0, 0x84, 0xE4, 0xDF,
    0xA7, 0xC0, 0x60, 0xCA, 0x19, 0x0C, 0xCF, 0x74, 0x49, 0x3E, 0x10, 0xE3, 0xEE, 0x7B, 0x98, 0x94,
    0x40, 0xAE, 0x48, 0x52, 0x3B, 0x49, 0xDA, 0x49, 0xA2, 0x2F, 0x71, 0x25, 0x75, 0xD2, 0xBE, 0x9D,
    0x5C, 0x3F, 0x6E, 0x4A, 0x96, 0xE7, 0xE9, 0xA5, 0x47, 0x21, 0x24, 0xA4, 0xA8, 0x9E, 0x0D, 0xDB,
    0x24, 0x3E, 0xF5, 0x06, 0x6D, 0x68, 0xA1, 0xA3, 0x4F, 0xE7, 0x5F, 0xF5, 0x79, 0x1F, 0xF7, 0xAE,
    0x8B, 0xBA, 0x65, 0x04, 0x85, 0x83, 0xDE, 0x5C, 0x5B, 0x1C, 0x9B, 0xA9, 0xB5, 0xB6, 0x4B, 0x13,
    0xEA, 0xF7, 0xE3, 0x35, 0x49, 0xC7, 0x72, 0x19, 0x43, 0x59, 0x67, 0x7D, 0xF9, 0xA5, 0x76, 0xF0,
    0xB2, 0xCE, 0x75, 0x12, 0x79, 0x73, 0xD1, 0x10, 0xA1, 0x62, 0x2D, 0x59, 0x43, 0x5D, 0xDE, 0xBA,
    0xF6, 0xA3, 0xB5, 0x70, 0xA8, 0xF7, 0x32, 0x9D, 0xE9, 0xFD, 0x2D, 0xD8, 0x7F, 0x4D, 0xAB, 0x1F,
    0xFA, 0x63, 0x94, 0x6A, 0x62, 0x1D, 0x25, 0x9F, 0xDF, 0x0A, 0x71, 0x89, 0xEA, 0x6B, 0x58, 0x9E,
    0x40, 0xED, 0x10, 0x2E, 0x1F, 0xB4, 0x82, 0x42, 0x70, 0x08, 0x0A, 0x66, 0x57, 0x45, 0x43, 0x5A,
    0x87, 0x6D, 0x54, 0x3D, 0x71, 0x15, 0x7F, 0x83, 0xC6, 0x14, 0xA1, 0x36, 0xD1, 0x7F, 0x75, 0xE9,
    0xDD, 0x21, 0x2F, 0xC6, 0xA7, 0xE4, 0xEA, 0x23, 0x4A, 0xD8, 0xA5, 0xA9, 0xA4, 0x19, 0x81, 0x66,
    0xC8, 0x01, 0x9A, 0xF2, 0x78, 0x34, 0x93, 0xD5, 0x9E, 0x00, 0x1E, 0xD3, 0xE7, 0x10, 0x59, 0x4C,
    0x31, 0x97, 0x15, 0x17, 0xE7, 0x89, 0x67, 0xC6, 0xA9, 0x4A, 0xB2, 0x9A, 0xED, 0x73, 0x22, 0x28,
    0x72, 0x5D, 0xC2, 0x3A, 0xAE, 0xE2, 0x36, 0xAB, 0xA3, 0x01, 0x61, 0xC2, 0x59, 0x01, 0x69, 0x49,
    0x9B, 0x87, 0x04, 0x29, 0xDA, 0xB4, 0xA0, 0xE5, 0xB6, 0xC7, 0xD1, 0xF6, 0x82, 0xBC, 0xEF, 0xC2,
    0x3E, 0xFF, 0x75, 0x9B, 0xDE, 0xAF, 0x63, 0x2D, 0x02, 0x5C, 0xF5, 0x57, 0x8F, 0x98, 0x22, 0xFC,
    0xA7, 0xE3, 0x16, 0xE6, 0x68, 0x96, 0x71, 0xDC, 0xC0, 0xF0, 0x16, 0xA0, 0x17, 0x80, 0x3C, 0x02,
    0x64, 0x7A, 0x0F, 0xAE, 0xD0, 0x16, 0xA5, 0xAC, 0xED, 0x13, 0x4E, 0xDC, 0xA2, 0xFC, 0xD7, 0x11,
    0x6E, 0xCA, 0xDA, 0xA5, 0xA8, 0x5D, 0xBE, 0x28, 0x28, 0x5C, 0xC7, 0x21, 0x74, 0x97, 0xCB, 0x28,
    0x78, 0xED, 0x99, 0x43, 0x39, 0x5E, 0x85, 0x09, 0x5A, 0xA0, 0x28, 0x0C, 0x5E, 0xEB, 0x5A, 0xDF,
    0x77, 0xB2, 0x10, 0xAD, 0x7D, 0x7A, 0x0A, 0x9F, 0x3F, 0x97, 0xF7, 0x31, 0x17, 0x62, 0xB6, 0x4C,
    0xD8, 0x97, 0xFB, 0x35, 0xD6, 0x48, 0x2E, 0x22, 0x4D, 0xF9, 0xE9, 0x4A, 0xFA, 0x5B, 0x32, 0x6A,
    0x5C, 0xCB, 0xE5, 0x1C, 0x48, 0xB1, 0x2B, 0xCC, 0xA4, 0x9B, 0xAF, 0xC0, 0x94, 0x97, 0x61, 0xC8,
    0x73, 0x1B, 0x53, 0xA4, 0xB4, 0x31, 0xCB, 0xA3, 0x98, 0xF2, 0xA0, 0x98, 0x50, 0x65, 0x9C, 0x08,
    0x23, 0xE1, 0x03, 0x40, 0x8F, 0xFD, 0x16, 0xA7, 0x4D, 0xAB, 0xB6, 0xFC, 0xB6, 0x0B, 0xA7, 0x41,
    0xA2, 0xB7, 0x99, 0xFB, 0x71, 0x85, 0x92, 0x47, 0x61, 0xFC, 0x3A, 0x12, 0x90, 0x70, 0xEB, 0xE0,
    0xF6, 0xDD, 0x81, 0x39, 0x1B, 0xFB, 0xF3, 0x55, 0x11, 0xA0, 0xFB, 0xA8, 0x5C, 0x49, 0x7E, 0x7C,
    0x12, 0xA1, 0x3B, 0x49, 0xC1, 0xC5, 0x77, 0x6A, 0xB2, 0x53, 0xE2, 0x6F, 0xB0, 0x41, 0x82, 0xFA,
    0x8E, 0xEC, 0x3D, 0xA5, 0xF6, 0x99, 0x4E, 0xA5, 0x76, 0xB9, 0x8E, 0xB9, 0x56, 0x89, 0xB6, 0xB4,
    0x44, 0xAB, 0xC7, 0x42, 0x3D, 0x41, 0x68, 0xA0, 0x8C, 0x40, 0xEB, 0x98, 0x9F, 0x5F, 0xFA, 0xD1,
    0x64, 0xF4, 0x22, 0x31, 0x09, 0x8B, 0x3C, 0x7F, 0x9D, 0x96, 0xB4, 0x3F, 0x87, 0xEB, 0xB3, 0xAD,
    0x01, 0xAE, 0xE5, 0x58, 0xBF, 0x12, 0x56, 0x3B, 0x34, 0x13, 0x0D, 0x7C, 0xED, 0x34, 0xD5, 0xDA,
    0xCD, 0x89, 0xD6, 0xA8, 0xE3, 0xBF, 0x09, 0x74, 0x0B, 0xB7, 0xB4, 0x86, 0x47, 0x08, 0x91, 0xAA,
    0x9F, 0x90, 0xF3, 0x7C, 0xA4, 0x29, 0x85, 0x6C, 0x51, 0x4E, 0x79, 0xBE, 0x17, 0xD6, 0xE4, 0x3A,
    0xAC, 0xAE, 0x38, 0xFE, 0xB7, 0xFF, 0x5C, 0xAE, 0x2B, 0x0E, 0x45, 0x0A, 0x5E, 0x1B, 0x36, 0x11,
    0x03, 0xD3, 0x67, 0x35, 0x23, 0x64, 0x5C, 0x74, 0xE6, 0x42, 0x7E, 0xEF, 0x7B, 0xE8, 0xD0, 0x15,
    0x32, 0x79, 0x49, 0x5E, 0xC4, 0x5A, 0xF5, 0xC1, 0x6A, 0x58, 0xAA, 0x2D, 0xA9, 0x17, 0x4F, 0x32,
    0x41, 0x92, 0xB5, 0xE6, 0x81, 0x75, 0xA5, 0x7B, 0xCB, 0xF0, 0x65, 0xE2, 0x60, 0xFF, 0xFB, 0x9E,
    0x78, 0x58, 0x6D, 0xBD, 0x82, 0x4B, 0xDF, 0xB5, 0x57, 0xE2, 0x2D, 0xEE, 0x0D, 0x1C, 0x7A, 0xBB,
    0x03, 0x08, 0xE1, 0x56, 0xC7, 0x4D, 0xE8, 0x75, 0x30, 0xCB, 0x13, 0x35, 0x2C, 0x2C, 0x7E, 0x8F,
    0xF7, 0xD6, 0x0E, 0x98, 0x35, 0xEC, 0x4E, 0x79, 0x57, 0x19, 0xAE, 0x04, 0x1E, 0x86, 0x7D, 0x4A,
    0x0A, 0xD5, 0xB3, 0xDF, 0xC3, 0x88, 0x2D, 0xCF, 0x7B, 0xAF, 0x00, 0xC6, 0x12, 0x24, 0x87, 0x3B,
    0x70, 0xB1, 0xC3, 0xD6, 0xF8, 0x13, 0xEE, 0xBC, 0xCB, 0xB0, 0x49, 0xF5, 0xC4, 0xBC, 0x73, 0x23,
    0xF4, 0xEF, 0xBA, 0x70, 0xA0, 0xCD, 0x25, 0xE9, 0x27, 0x06, 0xB4, 0x60, 0xF9, 0x6C, 0x33, 0x6C,
    0xF0, 0xAA, 0x4C, 0xB7, 0x2A, 0x72, 0x11, 0x78, 0x73, 0x21, 0x18, 0xA9, 0x2A, 0xEE, 0x88, 0xE9,
    0x82, 0x16, 0xFB, 0x94, 0x51, 0x5A, 0xC2, 0xC3, 0x6B, 0x2E, 0x51, 0xF7, 0xCC, 0xCC, 0x4C, 0x9B,
    0xA2, 0x8C, 0x86, 0xE4, 0x08, 0x8C, 0x38, 0x03, 0x56, 0x65, 0xA2, 0x24, 0xE9, 0xB9, 0xA5, 0x59,
    0x5C, 0xCF, 0x86, 0xE5, 0xED, 0xD6, 0x1C, 0x4F, 0x25, 0x37, 0x4B, 0xD4, 0x67, 0xB5, 0xBD, 0x9B,
    0xB8, 0x90, 0xAF, 0x3D, 0x30, 0x35, 0xE9, 0x22, 0x33, 0x37, 0x1D, 0xF0, 0xCE, 0xB4, 0x48, 0x47,
    0x29, 0x7B, 0xE4, 0x21, 0x1B, 0xC5, 0x91, 0x1B, 0x78, 0xF0, 0x5D, 0xE0, 0xDE, 0xB2, 0x0A, 0xB4,
    0x72, 0xA0, 0x0B, 0xB3, 0xEA, 0x52, 0x85, 0xA6, 0xD5, 0x5E, 0x0B, 0xDA, 0xD6, 0x4C, 0x7A, 0x0B,
    0x8C, 0x5D, 0x3B, 0x96, 0x77, 0x19, 0xA3, 0x4F, 0x46, 0xF7, 0x11, 0x18, 0xE5, 0xFF, 0x3B, 0xB8,
    0xDF, 0x80, 0x66, 0xF6, 0x79, 0x97, 0x7F, 0x01, 0x31, 0xE9, 0x57, 0x5D, 0xFA, 0x55, 0xCB, 0x8C,
    0xB4, 0x66, 0x5F, 0xAC, 0x4D, 0x42, 0x03, 0x23, 0x66, 0x10, 0x6F, 0xEB, 0x45, 0x21, 0x4B, 0x5B,
    0xC8, 0x90, 0x1D, 0x32, 0xAA, 0x57, 0x0D, 0x83, 0xC9, 0x5E, 0x91, 0xAE, 0x49, 0x33, 0x6D, 0xD9,
    0xDF, 0x9B, 0x07, 0x2E, 0xB2, 0xE6, 0xBC, 0x2C, 0xCD, 0x83, 0x32, 0x9D, 0xD6, 0x77, 0x22, 0xED,
    0x9C, 0x56, 0x1A, 0x42, 0xE9, 0x88, 0x5B, 0xCB, 0x2A, 0x1E, 0x51, 0xA4, 0x94, 0x68, 0x42, 0x4D,
    0x2F, 0xE1, 0x0C, 0x0A, 0x13, 0x8A, 0x81, 0x06, 0xF8, 0x6B, 0xF2, 0xDB, 0x8F, 0xF1, 0xF2, 0xAF,
    0xBF, 0xF3, 0x29, 0xD8, 0x97, 0xEF, 0xFC, 0xF9, 0xE7, 0xB8, 0xDB, 0xFD, 0x36, 0xFE, 0x02, 0xDC,
    0x73, 0x8D, 0x48, 0x3D, 0xE5, 0x09, 0xBC, 0x78, 0x1E, 0x54, 0x78, 0x29, 0x88, 0x0D, 0xF6, 0x92,
    0x97, 0xAC, 0xAE, 0xD1, 0x8B, 0x18, 0x25, 0x49, 0xFE, 0x83, 0x1D, 0xCB, 0xAB, 0xC9, 0x16, 0x7F,
    0xBC, 0xCF, 0xCF, 0x6B, 0x0B, 0x1B, 0x55, 0x5B, 0x85, 0xDF, 0x5A, 0xE4, 0x83, 0xC4, 0xB3, 0xA4,
    0x2D, 0x65, 0xE6, 0xB5, 0xD0, 0x74, 0x54, 0xF0, 0x75, 0x49, 0x29, 0x2D, 0x6F, 0xC8, 0x3F, 0xE3,
    0x6D, 0xE9, 0x57, 0x16, 0x00, 0xBB, 0x3F, 0x5A, 0xAC, 0x58, 0xB1, 0x3A, 0x03, 0x63, 0x1D, 0xCC,
    0x92, 0xE9, 0x04, 0xCD, 0xDB, 0x88, 0xB3, 0xC9, 0x6C, 0xB9, 0x46, 0x03, 0x1C, 0x63, 0xF3, 0x21,
    0xC3, 0xF5, 0x7E, 0x58, 0xED, 0x50, 0x55, 0xBD, 0xAB, 0xBD, 0x01, 0x82, 0x51, 0xD6, 0x4C, 0x4B,
    0x15, 0x4F, 0x88, 0x04, 0xB8, 0xCE, 0x68, 0x5F, 0x40, 0xF3, 0x5E, 0xA3, 0x75, 0xBF, 0xA4, 0x71,
    0xBF, 0xA6, 0x6D, 0xFF, 0x8A, 0x5B, 0xB2, 0xFB, 0xF4, 0xCA, 0x9C, 0xD2, 0x4D, 0x03, 0x23, 0x16,
    0x0F, 0x47, 0x4B, 0x29, 0xEB, 0x62, 0x6F, 0xE0, 0x6B, 0xD6, 0x00, 0x01, 0x63, 0x56, 0x5A, 0x2B,
    0xB3, 0xFA, 0x43, 0x72, 0xFD, 0x54, 0x4F, 0x30, 0xAB, 0xA7, 0xAF, 0x05, 0xB9, 0x64, 0x26, 0x3B,
    0xAF, 0x55, 0xAE, 0x55, 0x36, 0xB1, 0x42, 0xD2, 0x81, 0x50, 0x01, 0x1F, 0x61, 0x0B, 0x7C, 0xC4,
    0x6D, 0x8E, 0xCA, 0x3A, 0xCF, 0x62, 0xFD, 0x64, 0x7A, 0x87, 0x93, 0x0E, 0x05, 0xDA, 0x6E, 0x1D,
    0xF4, 0x67, 0xE1, 0x81, 0x1E, 0x93, 0x83, 0x92, 0x49, 0xAE, 0x7A, 0x42, 0x22, 0x2E, 0x48, 0xB0,
    0xE6, 0x55, 0xF5, 0x6A, 0x63, 0xC6, 0xFB, 0x9F, 0xDE, 0xA3, 0x8A, 0x13, 0x13, 0x8C, 0xC7, 0xB9,
    0x05, 0x04, 0x1E, 0x3A, 0x6E, 0xBC, 0x06, 0x6A, 0x72, 0xC5, 0x4A, 0x04, 0x34, 0xCA, 0x3C, 0x4A,
    0x69, 0x8F, 0xDD, 0xE2, 0xBA, 0x95, 0x5D, 0xB8, 0x2E, 0xA6, 0x5C, 0xCC, 0x98, 0x96, 0xBC, 0xC0,
    0xA2, 0x2B, 0x3C, 0xEF, 0x2B, 0xD7, 0x9B, 0xE7, 0x4D, 0x3D, 0xB0, 0x08, 0xBA, 0xC5, 0xE2, 0x18,
    0x83, 0x76, 0x64, 0xB8, 0xE0, 0x05, 0x79, 0x90, 0x55, 0x8D, 0x53, 0xAD, 0x0D, 0x94, 0x79, 0x05,
    0x05, 0x5E, 0x4C, 0xA6, 0xA5, 0x36, 0x4B, 0xA3, 0x32, 0xCC, 0x64, 0x30, 0xBB, 0x74, 0x0C, 0x3B,
    0xD7, 0x45, 0xF0, 0x5A, 0xDB, 0x72, 0x39, 0x53, 0x4B, 0x44, 0x7A, 0xE9, 0xB0, 0x07, 0x71, 0xFB,
    0x40, 0x89, 0x79, 0x57, 0x78, 0x91, 0xC2, 0x07, 0xC9, 0x47, 0x08, 0x2F, 0x29, 0x5C, 0x1B, 0x6A,
    0xAB, 0x99, 0x50, 0x5E, 0x60, 0x39, 0xA7, 0xFA, 0xD2, 0x84, 0xEF, 0x2C, 0xA6, 0x5C, 0x84, 0x70,
    0xF8, 0x56, 0x60, 0xB1, 0x3C, 0x5D, 0x78, 0x8A, 0xCD, 0xAE, 0xDD, 0x8E, 0x6C, 0x1B, 0xE3, 0x14,
    0xA4, 0xD1, 0xBE, 0xCE, 0x46, 0xA1, 0x75, 0x16, 0x68, 0xF1, 0x2C, 0x94, 0x99, 0xDB, 0x14, 0xEB,
    0x1B, 0x6B, 0x01, 0x3C, 0xE8, 0xD3, 0x31, 0xE8, 0xF3, 0x3E, 0xEA, 0x71, 0x73, 0xC7, 0x01, 0x15,
    0x6D, 0x50, 0x47, 0x14, 0x9C, 0x36, 0x48, 0x2F, 0x23, 0xA5, 0x77, 0xD8, 0x9F, 0x71, 0xCD, 0xB0,
    0x04, 0x47, 0x0F, 0x69, 0xF5, 0xAA, 0xF8, 0xA4, 0xD5, 0x8B, 0xA8, 0x6A, 0x4F, 0xF1, 0xB0, 0xAF,
    0xB8, 0xDA, 0x53, 0x3C, 0x9C, 0xA5, 0x38, 0xC0, 0x8D, 0x69, 0x75, 0x13, 0x1D, 0x1E, 0x25, 0xFA,
    0xA2, 0x83, 0x02, 0xDC, 0x50, 0xC2, 0x85, 0x3F, 0x38, 0xB5, 0xCD, 0x0D, 0xDA, 0x5C, 0x2D, 0x6D,
    0x06, 0xF3, 0xAC, 0x5F, 0x5C, 0xB2, 0x36, 0xA3, 0xE6, 0x84, 0x36, 0x0F, 0xA7, 0xB4, 0x39, 0xD4,
    0x23, 0xC9, 0xB4, 0x47, 0xED, 0x51, 0xF4, 0xED, 0x31, 0x50, 0x79, 0x97, 0x39, 0x8D, 0xE6, 0x47,
    0x1B, 0x31, 0x22, 0xE5, 0x70, 0x1D, 0xC7, 0xFF, 0x03, 0xD5, 0x57, 0x3D, 0xB0, 0xDE, 0xC6, 0x75,
    0x5D, 0x00, 0xD2, 0x83, 0x23, 0x64, 0x06, 0x2A, 0xA4, 0xC9, 0x64, 0x9E, 0xC7, 0x70, 0xC1, 0x82,
    0x33, 0xA1, 0xBC, 0x4D, 0xCA, 0x90, 0x80, 0xA4, 0xC2, 0x85, 0x0B, 0xB1, 0x10, 0xAB, 0x14, 0x76,
    0xA1, 0x2A, 0xCD, 0x53, 0xE1, 0xC2, 0x05, 0x4D, 0x40, 0x52, 0xA1, 0x42, 0x85, 0x5F, 0x11, 0xD7,
    0x51, 0x61, 0xD7, 0x54, 0xE1, 0x82, 0x85, 0xA5, 0x85, 0xCC, 0x42, 0x85, 0x0B, 0x21, 0x4A, 0x91,
    0x32, 0x18, 0x0F, 0x33, 0x13, 0x47, 0x85, 0xE0, 0x04, 0x19, 0x81, 0x34, 0x80, 0x9B, 0x73, 0xEE,
    0x2E, 0xBE, 0xEF, 0x7B, 0x4F, 0x12, 0x45, 0x4A, 0xB4, 0x69, 0x7D, 0xF3, 0x70, 0x77, 0xDF, 0xF7,
    0xB3, 0xBB, 0xF7, 0xEC, 0xBD, 0xE7, 0x9E, 0x6B, 0x8C, 0x31, 0x4F, 0x56, 0x30, 0xA6, 0x1C, 0x36,
    0x7B, 0xAD, 0x2A, 0x7B, 0x93, 0xC9, 0x52, 0xB7, 0xC6, 0x89, 0x48, 0x95, 0xC8, 0xC7, 0x32, 0x99,
    0x6C, 0x36, 0xF5, 0x64, 0x8A, 0xC1, 0x14, 0xB3, 0xC1, 0xE7, 0xF9, 0x62, 0xCA, 0xD6, 0xA4, 0xAB,
    0x71, 0xAD, 0x49, 0x24, 0x58, 0x69, 0x82, 0x8D, 0x61, 0xFD, 0x3B, 0xB0, 0xAB, 0xDA, 0xC5, 0xB8,
    0xCE, 0x24, 0x58, 0xA4, 0xE7, 0x52, 0xE5, 0x68, 0xF2, 0xD1, 0x14, 0x8B, 0xD1, 0xAD, 0x3E, 0xC6,
    0x17, 0x62, 0x91, 0x15, 0x07, 0xA8, 0xA5, 0x87, 0x8D, 0xAE, 0x19, 0x7D, 0x3D, 0x4B, 0x53, 0x37,
    0x3C, 0x58, 0xEB, 0x8D, 0x5D, 0x5C, 0xA5, 0x5F, 0xCD, 0x05, 0x87, 0xB2, 0xA3, 0xC5, 0x5A, 0x1D,
    0x0E, 0xE3, 0xDA, 0x94, 0xFB, 0x70, 0xB3, 0x26, 0xD9, 0x66, 0xC1, 0x70, 0x6B, 0xDD, 0xB3, 0x18,
    0x8D, 0x15, 0xE1, 0x8E, 0x38, 0xA3, 0x71, 0x93, 0xDF, 0xC4, 0xBC, 0x4C, 0x93, 0xAC, 0x6A, 0xC5,
    0xDB, 0x5A, 0xC6, 0x02, 0x08, 0xC8, 0x60, 0x65, 0xB4, 0xD2, 0x64, 0xBA, 0x94, 0x5F, 0xFA, 0xAB,
    0x5B, 0xD9, 0x59, 0xB8, 0x80, 0x3F, 0x13, 0x49, 0x9B, 0xF2, 0xDF, 0x7B, 0x6E, 0x86, 0x73, 0x22,
    0xA3, 0x31, 0xA9, 0x1E, 0xCD, 0x3C, 0x7B, 0x55, 0x4F, 0x16, 0x71, 0x48, 0x79, 0x4E, 0x20, 0x47,
    0xF3, 0x77, 0xF3, 0x91, 0x8C, 0x32, 0x5B, 0xE9, 0x64, 0x2A, 0xC4, 0xE4, 0x53, 0xFC, 0xA5, 0x66,
    0xDE, 0x99, 0x15, 0x9B, 0x61, 0x7D, 0xF9, 0xE7, 0x44, 0x56, 0xE1, 0x4D, 0x70, 0x43, 0xBE, 0x2E,
    0x9A, 0x5B, 0x01, 0x8A, 0x1B, 0xF1, 0x06, 0x4A, 0xF9, 0xD6, 0x10, 0x66, 0x85, 0xB4, 0x61, 0x96,
    0x8A, 0xD9, 0x5E, 0x8B, 0x39, 0x78, 0x45, 0xD7, 0x7E, 0x1E, 0x66, 0xB5, 0xC8, 0x5D, 0xC0, 0x27,
    0xD2, 0xD6, 0x34, 0xDC, 0xAD, 0xB3, 0x72, 0x53, 0x06, 0x9D, 0x01, 0x87, 0x7A, 0x4E, 0x87, 0x48,
    0xD1, 0xC4, 0x71, 0x3A, 0x80, 0x81, 0x59, 0x22, 0x69, 0x9B, 0xAD, 0x9C, 0xC5, 0xF2, 0x7C, 0x85,
    0xF8, 0xC2, 0x2C, 0x02, 0x0C, 0x08, 0x46, 0x8F, 0x9C, 0x71, 0x7D, 0x98, 0x45, 0x3E, 0xA0, 0x02,
    0x8E, 0x7E, 0x86, 0xDB, 0xF7, 0x33, 0xFE, 0xD4, 0xFF, 0x56, 0xE3, 0x58, 0xD7, 0x33, 0xD2, 0xC5,
    0x3D, 0x66, 0xE9, 0x12, 0x63, 0xD7, 0x81, 0xFB, 0xCE, 0xF8, 0x69, 0x8A, 0x59, 0xE4, 0x86, 0x7C,
    0x35, 0xD9, 0x70, 0x8C, 0xA3, 0x35, 0x08, 0x27, 0xE9, 0x71, 0xE6, 0x85, 0x81, 0x25, 0x5D, 0x2D,
    0xEB, 0xA9, 0x62, 0xD5, 0x9A, 0x73, 0xAF, 0xA7, 0xA3, 0xCA, 0xFB, 0x3C, 0xE6, 0xFE, 0xB3, 0x68,
    0xB6, 0x95, 0x07, 0xC0, 0xBD, 0xE7, 0xFD, 0x37, 0xE5, 0x6C, 0xD4, 0x7D, 0xC6, 0xF8, 0x31, 0xBD,
    0x37, 0xF1, 0xA9, 0x51, 0xE7, 0x43, 0xA4, 0xE5, 0x6B, 0x98, 0x24, 0x02, 0xB0, 0x26, 0x3D, 0xE9,
    0xF7, 0x45, 0x66, 0x3D, 0xFC, 0x9B, 0x7E, 0x62, 0xE4, 0xCD, 0xCE, 0x0E, 0x7E, 0xD2, 0xD6, 0x9D,
    0x4E, 0xDE, 0xA8, 0x0E, 0x82, 0xC9, 0xFB, 0x9C, 0x05, 0xB8, 0x0C, 0x82, 0xDB, 0x7B, 0x5C, 0x2A,
    0x58, 0xE9, 0x82, 0xD0, 0xBF, 0xAC, 0xFE, 0xE2, 0xBD, 0xCB, 0xEA, 0x2E, 0xDE, 0x5B, 0x36, 0x6F,
    0xE7, 0xCD, 0xD9, 0x59, 0x7D, 0xCD, 0x98, 0x4E, 0x7C, 0xBD, 0x93, 0x34, 0x7B, 0xF7, 0x8E, 0x27,
    0x03, 0xEF, 0xB0, 0xFA, 0x64, 0xDC, 0x0D, 0x83, 0xC5, 0x27, 0xFA, 0x66, 0x10, 0x59, 0x74, 0x4D,
    0xC7, 0xB8, 0xF7, 0xA3, 0xBE, 0xC2, 0x78, 0x02, 0x97, 0xC4, 0x3F, 0xC0, 0x70, 0xCE, 0xC3, 0x68,
    0xC7, 0x62, 0x4A, 0xE1, 0x13, 0x12, 0x76, 0x4A, 0xE1, 0x92, 0x6B, 0x31, 0xC2, 0x23, 0xC1, 0xE8,
    0x89, 0x23, 0x57, 0x9E, 0xD1, 0x11, 0xEE, 0xE8, 0xFB, 0xF0, 0x46, 0x47, 0x69, 0x9F, 0x73, 0x9D,
    0x46, 0xF4, 0xE5, 0x7A, 0x2C, 0x27, 0xBA, 0x82, 0x8C, 0x59, 0x5F, 0xC2, 0xBA, 0x85, 0x7C, 0x2A,
    0x1F, 0x62, 0x8C, 0xE5, 0x45, 0x79, 0x0B, 0x7B, 0x21, 0x79, 0xE9, 0x58, 0x83, 0xF4, 0xE5, 0x58,
    0x21, 0x81, 0xCD, 0x11, 0xE3, 0x92, 0xA8, 0x7B, 0x74, 0x1E, 0xF5, 0x98, 0xB5, 0x7E, 0xCC, 0xCF,
    0x8D, 0xB6, 0x55, 0x82, 0x43, 0x2C, 0x60, 0x64, 0x4C, 0x34, 0x65, 0xA7, 0x63, 0x55, 0x77, 0x1E,
    0x32, 0x17, 0xA2, 0x48, 0xD3, 0x7E, 0x9F, 0x62, 0x75, 0x48, 0x30, 0x17, 0x52, 0xD4, 0x36, 0x5B,
    0x5E, 0xFA, 0x81, 0x09, 0x36, 0x9E, 0x19, 0x7A, 0x7E, 0xE6, 0xF9, 0x2B, 0x90, 0x99, 0x0E, 0x47,
    0x3E, 0x62, 0x8A, 0x33, 0x83, 0x79, 0xD0, 0x21, 0x6D, 0x75, 0xC8, 0x3A, 0x1D, 0x72, 0x3F, 0xD8,
    0x8E, 0x8C, 0x08, 0x9F, 0x08, 0xF1, 0x6E, 0x68, 0x82, 0x07, 0x52, 0x79, 0x7F, 0xCC, 0x9E, 0x4F,
    0x4D, 0xE6, 0xBD, 0x09, 0x8C, 0xAB, 0x14, 0x0F, 0xAE, 0xA9, 0xCC, 0x11, 0x91, 0xAA, 0x57, 0xA4,
    0xAB, 0xA3, 0xF9, 0x1B, 0x1A, 0x45, 0x4F, 0x4F, 0x10, 0x4C, 0xE4, 0x90, 0xC0, 0xA9, 0x6C, 0x06,
    0x88, 0x3F, 0x94, 0x49, 0x05, 0xF5, 0xAC, 0x94, 0xA1, 0x44, 0x7A, 0xC3, 0x10, 0x42, 0x42, 0x5F,
    0xB7, 0x8A, 0x22, 0x83, 0x1A, 0x07, 0xB6, 0x7A, 0x95, 0x3C, 0x5E, 0x71, 0x8A, 0xFB, 0x61, 0xF9,
    0x13, 0x19, 0x6A, 0x69, 0x75, 0xD2, 0x17, 0x60, 0x11, 0xD7, 0x9F, 0xAC, 0xA8, 0x85, 0x03, 0xAA,
    0x10, 0x73, 0x0E, 0x04, 0x1A, 0x26, 0xCB, 0x36, 0x91, 0x30, 0x59, 0x71, 0xCB, 0x3A, 0x99, 0xA5,
    0x0B, 0x93, 0x7A, 0x08, 0x13, 0x3B, 0x85, 0x49, 0xBE, 0x84, 0x49, 0x2A, 0x61, 0x12, 0x8B, 0xF3,
    0x13, 0x03, 0x4C, 0xFD, 0xA4, 0xDC, 0x26, 0x76, 0x9B, 0xE4, 0x3A, 0x39, 0x5E, 0x41, 0x00, 0x6D,
    0x4E, 0x9A, 0xE9, 0x63, 0x9D, 0x38, 0x09, 0x79, 0xC2, 0xD7, 0x33, 0xCC, 0x9E, 0x10, 0x2E, 0x81,
    0xC5, 0x23, 0x09, 0xF1, 0x96, 0x85, 0x6B, 0x32, 0xC5, 0x1A, 0xBE, 0x92, 0x6D, 0xDF, 0x35, 0x81,
    0xD1, 0xF0, 0x23, 0x85, 0x60, 0x2E, 0x3D, 0x02, 0x18, 0x4B, 0xE9, 0x52, 0x01, 0x25, 0xA4, 0xEA,
    0x3F, 0xEF, 0x75, 0x0A, 0x23, 0xBC, 0x7F, 0xDF, 0x0D, 0xEA, 0xFC, 0x6D, 0x19, 0xD4, 0x77, 0x8E,
    0xEA, 0x3A, 0x2E, 0x53, 0x3D, 0x07, 0x8D, 0xA9, 0xE3, 0x1C, 0xE9, 0x37, 0x47, 0xBA, 0xCD, 0x91,
    0x5E, 0x73, 0xA4, 0xD3, 0x3A, 0xD6, 0x61, 0xB4, 0x61, 0xCC, 0x39, 0x7A, 0x87, 0xED, 0xE0, 0xFD,
    0xB5, 0x83, 0x77, 0xD7, 0x0E, 0xDE, 0xDB, 0xB2, 0x0F, 0xE7, 0x3E, 0x9B, 0x53, 0x71, 0x70, 0xB5,
    0x08, 0x39, 0xA5, 0xD4, 0x45, 0x37, 0xC3, 0xD7, 0x12, 0x8F, 0x4D, 0x3E, 0x7F, 0xCE, 0x90, 0x0C,
    0x67, 0x69, 0xFF, 0x68, 0x2E, 0x26, 0x73, 0x32, 0xD7, 0x88, 0x06, 0xA3, 0xDC, 0x29, 0x95, 0x43,
    0x21, 0x79, 0x9D, 0xD7, 0xA1, 0x3A, 0x27, 0x23, 0x67, 0xBB, 0xAF, 0x32, 0x20, 0x40, 0xA5, 0xCF,
    0xE6, 0x52, 0x6E, 0xCB, 0xBC, 0x1B, 0x0E, 0xE9, 0x34, 0xF7, 0x17, 0xE4, 0xBD, 0x65, 0x2D, 0x54,
    0x9E, 0x50, 0x1F, 0xF3, 0x90, 0x66, 0x54, 0x0E, 0x26, 0xAF, 0x78, 0x85, 0x25, 0x9C, 0xCE, 0x06,
    0x9F, 0x3A, 0xFA, 0x7B, 0xF1, 0xCA, 0x4E, 0xBF, 0x7F, 0xE4, 0x8B, 0xD7, 0xD5, 0xFD, 0xBD, 0x17,
    0xFA, 0x1D, 0xAB, 0x1B, 0x96, 0x9A, 0xA6, 0x4E, 0xD7, 0x5C, 0x69, 0xA3, 0x89, 0xC9, 0x91, 0x8C,
    0xDC, 0x2C, 0x19, 0x08, 0x6B, 0xD6, 0x13, 0xEC, 0xBC, 0x63, 0x5C, 0x15, 0xAD, 0x1D, 0x55, 0xB7,
    0x4C, 0x6A, 0x67, 0xFE, 0x14, 0xF1, 0x60, 0x58, 0xD6, 0x50, 0x16, 0x69, 0x71, 0x7F, 0xC8, 0x2F,
    0x14, 0xF7, 0x54, 0xEE, 0x20, 0x98, 0x4B, 0x42, 0x47, 0x9B, 0x99, 0xCB, 0xA0, 0x34, 0xD4, 0x9F,
    0x8F, 0xC0, 0xF8, 0x7F, 0x44, 0x7D, 0xE4, 0x0E, 0x0E, 0x7B, 0xFD, 0xED, 0x81, 0xAA, 0x00, 0xF7,
    0x15, 0x80, 0xDB, 0x91, 0x5B, 0x5E, 0x03, 0xC5, 0xE9, 0xBD, 0xBA, 0x36, 0x72, 0x08, 0x74, 0x32,
    0x2A, 0x1E, 0x87, 0x22, 0x42, 0xF5, 0xA9, 0xCF, 0xEB, 0xD2, 0xF1, 0x00, 0xA5, 0x94, 0x73, 0x36,
    0xE5, 0xFD, 0xAB, 0x66, 0x9C, 0x93, 0xC9, 0xE5, 0x7D, 0xF9, 0x09, 0x0A, 0x9E, 0x2A, 0xA8, 0x57,
    0xBC, 0x7F, 0xA3, 0x53, 0x55, 0x97, 0xA8, 0xE6, 0x78, 0xC0, 0xBF, 0x63, 0x79, 0xDB, 0xFF, 0xD0,
    0x98, 0xEA, 0x7A, 0x32, 0xD4, 0x79, 0x67, 0x6F, 0x6E, 0xCB, 0xFE, 0x22, 0x9C, 0xF8, 0x18, 0x25,
    0x5E, 0xFF, 0xEE, 0xBF, 0x14, 0x19, 0x09, 0x54, 0x84, 0x7B, 0xB9, 0x64, 0xAE, 0x03, 0x3A, 0x40,
    0x65, 0xEC, 0xED, 0x81, 0xB7, 0xA9, 0x29, 0xC5, 0x3B, 0x7A, 0x6F, 0x07, 0xC3, 0x35, 0xFC, 0x7B,
    0x4C, 0x58, 0x89, 0x03, 0xB5, 0x78, 0x0F, 0x36, 0xAD, 0xA9, 0x65, 0x0B, 0x24, 0x26, 0xA8, 0x15,
    0x51, 0x9F, 0xAE, 0x14, 0xD7, 0xA2, 0x2A, 0x5C, 0x82, 0x89, 0x77, 0x33, 0x18, 0x7C, 0xBA, 0x52,
    0x44, 0x21, 0x1D, 0x4D, 0x3A, 0x97, 0x2C, 0xDF, 0x05, 0xC9, 0x31, 0x93, 0xFF, 0x96, 0xD6, 0x4B,
    0x6F, 0xAD, 0x20, 0x14, 0xDE, 0x51, 0x9B, 0x57, 0xC9, 0x60, 0xAB, 0x64, 0x42, 0xC9, 0x5F, 0x71,
    0xB6, 0x1A, 0x3E, 0x17, 0xF8, 0xF0, 0xA8, 0xD9, 0x5F, 0x8E, 0xA5, 0xD4, 0x90, 0x0E, 0xF7, 0x30,
    0x52, 0x84, 0x53, 0x83, 0x53, 0x82, 0x53, 0xD9, 0x11, 0x58, 0x1D, 0xFD, 0xB3, 0x50, 0x7C, 0x53,
    0x7B, 0x53, 0x7A, 0xA3, 0x6C, 0x54, 0x5A, 0x06, 0xD2, 0x2A, 0x63, 0x9C, 0x76, 0xAC, 0x6B, 0xC9,
    0xF8, 0x9E, 0x32, 0x94, 0x46, 0x62, 0xAD, 0xD1, 0x5A, 0x9C, 0xD3, 0x5D, 0x07, 0x7A, 0x7C, 0x56,
    0x3D, 0xDE, 0x3F, 0x06, 0x3D, 0xFE, 0x1D, 0xF3, 0x2B, 0xBC, 0x1D, 0xE3, 0x5D, 0xFB, 0x01, 0x93,
    0xE0, 0x93, 0xDD, 0x6D, 0xAD, 0x5E, 0x45, 0x1F, 0xBC, 0x32, 0x89, 0x1C, 0x22, 0x14, 0x37, 0x5A,
    0xAE, 0xBE, 0x7B, 0x70, 0x5F, 0x66, 0x64, 0x6F, 0x10, 0xED, 0x11, 0x28, 0xE6, 0x0E, 0x48, 0xD1,
    0x2D, 0x48, 0xD1, 0x8D, 0xB9, 0xC2, 0x71, 0xB2, 0x03, 0x1B, 0xDE, 0xC7, 0x7D, 0x91, 0x2F, 0x98,
    0x21, 0xDE, 0xA6, 0x7D, 0x59, 0x9D, 0x87, 0xD0, 0x3E, 0x76, 0x08, 0x3D, 0x0F, 0x93, 0x2A, 0x6A,
    0x6F, 0x76, 0xED, 0xC6, 0x0B, 0xF8, 0xA6, 0xFB, 0xED, 0x1C, 0x4C, 0xF9, 0xE2, 0x78, 0x5E, 0x78,
    0x3F, 0x62, 0x44, 0xB9, 0x71, 0xEC, 0x43, 0xB9, 0x32, 0x41, 0x05, 0x04, 0x9D, 0xC2, 0xC8, 0x34,
    0xC9, 0xFD, 0x10, 0xC5, 0xB9, 0x4B, 0x62, 0x39, 0x96, 0xC4, 0xF2, 0xF4, 0xF8, 0x31, 0x61, 0xC9,
    0xE3, 0x44, 0xC3, 0x56, 0xAD, 0x72, 0x1A, 0xCB, 0xC4, 0xB9, 0xC2, 0x0F, 0x2F, 0x3C, 0x1E, 0x54,
    0xA3, 0xBE, 0x20, 0x9C, 0xD3, 0xBB, 0x7B, 0xF5, 0x5A, 0x68, 0xBD, 0x8D, 0xAB, 0x6F, 0x04, 0xAA,
    0x97, 0xCC, 0x2D, 0x9C, 0x3B, 0x61, 0x49, 0xFB, 0x0F, 0x26, 0x39, 0x3F, 0x89, 0x35, 0xBF, 0x5F,
    0x79, 0x3C, 0x80, 0xFA, 0x20, 0x4D, 0x7D, 0xD5, 0x5F, 0xCC, 0x2E, 0x56, 0x4D, 0xF6, 0xCD, 0x00,
    0x34, 0xD2, 0x10, 0xD0, 0x1C, 0x6F, 0xB6, 0x60, 0xC8, 0x06, 0x6D, 0x31, 0xF9, 0xE6, 0x77, 0xBF,
    0x0C, 0xD5, 0x47, 0x0D, 0x68, 0x8C, 0x3A, 0x07, 0x22, 0x64, 0x39, 0xAD, 0xEE, 0x42, 0x77, 0x5C,
    0x35, 0xA8, 0x9D, 0x2A, 0x21, 0xCB, 0x1E, 0xDF, 0xDC, 0x3F, 0x90, 0x93, 0x82, 0x36, 0xC1, 0xBD,
    0xCF, 0x72, 0xBD, 0x42, 0x8A, 0x4C, 0x3B, 0x45, 0xF9, 0x35, 0x98, 0x58, 0x33, 0x37, 0x1D, 0xF7,
    0x52, 0x33, 0x48, 0xAF, 0xD5, 0x5F, 0xD8, 0x4E, 0x7A, 0x99, 0x59, 0x23, 0x4F, 0x57, 0x80, 0xDC,
    0xE8, 0xB8, 0xB2, 0x4A, 0xAF, 0xDE, 0xAA, 0xF4, 0xA2, 0xC2, 0xB7, 0x5F, 0x20, 0xBD, 0x16, 0x1C,
    0x94, 0xC2, 0x04, 0x4D, 0x65, 0xB6, 0x56, 0x47, 0x2A, 0xBD, 0xAC, 0x4A, 0x2F, 0x2B, 0xB3, 0x57,
    0xC4, 0x12, 0x9E, 0x35, 0x28, 0xE2, 0x77, 0x8D, 0xFD, 0x1F, 0xD1, 0x27, 0xEF, 0x96, 0x33, 0x01,
    0xFD, 0x75, 0x65, 0x18, 0xCE, 0xA2, 0x62, 0x54, 0x44, 0xED, 0xBA, 0x5F, 0xD9, 0x17, 0x79, 0x2F,
    0xDE, 0xBD, 0x3D, 0x53, 0xF6, 0x0F, 0x44, 0x6A, 0xFE, 0x19, 0x91, 0x5A, 0xAF, 0x7B, 0x91, 0x3A,
    0x33, 0x1F, 0xE2, 0x20, 0x52, 0xD9, 0xD7, 0x05, 0xA4, 0x0E, 0x44, 0xEA, 0x21, 0x52, 0xF5, 0x19,
    0xA4, 0x60, 0x63, 0x15, 0xA9, 0xE9, 0x5A, 0xED, 0x44, 0xAA, 0xB7, 0x39, 0xBE, 0x57, 0xE8, 0xCD,
    0x1F, 0x20, 0xC2, 0xDB, 0xF5, 0x00, 0xF8, 0xA7, 0x7C, 0x84, 0x48, 0x69, 0x54, 0x79, 0x59, 0x1F,
    0x86, 0xD5, 0x7C, 0xC1, 0x0B, 0xBF, 0x0B, 0xB7, 0xCE, 0xE1, 0xD8, 0x0F, 0xD9, 0x27, 0x13, 0xB5,
    0x64, 0xFE, 0xE1, 0x64, 0x98, 0x46, 0x3F, 0x9B, 0x0C, 0x5C, 0xAF, 0x3D, 0x78, 0xAB, 0x0E, 0xD1,
    0xAC, 0x43, 0x32, 0xF1, 0x3C, 0x48, 0x43, 0x1D, 0x72, 0xCA, 0xB8, 0x26, 0x60, 0x14, 0xF4, 0x3C,
    0x57, 0x9E, 0xCC, 0x33, 0xD1, 0x4A, 0xEC, 0x7F, 0xCA, 0x36, 0x6C, 0x32, 0xEF, 0x22, 0x6C, 0x31,
    0x2C, 0xC5, 0x5D, 0x73, 0x82, 0x63, 0x8B, 0x3C, 0xCF, 0x6D, 0x45, 0x5E, 0xD0, 0xDD, 0x33, 0x3D,
    0x73, 0x1E, 0xEC, 0xE7, 0x1E, 0x3C, 0x72, 0x9D, 0x85, 0xF4, 0x94, 0xBB, 0x48, 0x3D, 0xB6, 0x50,
    0xD2, 0xCA, 0x6F, 0x00, 0x01, 0x52, 0x0D, 0x29, 0x36, 0xD4, 0x46, 0xB4, 0x5D, 0x95, 0x7F, 0x82,
    0x32, 0xC6, 0x06, 0x32, 0x60, 0xC9, 0xF5, 0x97, 0x55, 0x79, 0x97, 0x4B, 0xBA, 0x8A, 0x16, 0xB0,
    0x21, 0x2B, 0x00, 0xEE, 0x18, 0x9D, 0x72, 0x01, 0xE9, 0x4B, 0xF9, 0x77, 0xAC, 0x83, 0x0E, 0xC3,
    0xDD, 0x0D, 0x8C, 0xA3, 0xD9, 0x88, 0xE3, 0xA3, 0x53, 0xBC, 0xE7, 0x7A, 0x7C, 0x92, 0xF7, 0x48,
    0x16, 0xB4, 0x01, 0x10, 0xCB, 0x2D, 0xC4, 0xF2, 0x91, 0xEF, 0x0F, 0x65, 0x6F, 0x20, 0x86, 0x66,
    0x5E, 0x11, 0xCC, 0x91, 0x30, 0x8E, 0xF2, 0xC1, 0x75, 0x08, 0xD8, 0x9A, 0x7D, 0x2D, 0xC5, 0xF2,
    0x50, 0x48, 0x55, 0x0C, 0x29, 0xCF, 0x44, 0x36, 0xE9, 0x01, 0xF8, 0xEF, 0xA1, 0x87, 0xE5, 0x1F,
    0x07, 0x4F, 0x78, 0xFC, 0x20, 0x96, 0xEF, 0x2F, 0x3F, 0x62, 0x1F, 0x6B, 0xF6, 0x26, 0x16, 0x25,
    0x4D, 0xC6, 0x4F, 0x4D, 0x5E, 0x74, 0x38, 0x19, 0x6F, 0xC8, 0x24, 0x8B, 0x4F, 0x89, 0xD5, 0x70,
    0x3D, 0xA5, 0xA8, 0x2E, 0x1D, 0x70, 0x48, 0xF1, 0x90, 0xC2, 0x14, 0x63, 0xE4, 0xD0, 0x60, 0x00,
    0xCF, 0x54, 0x6F, 0xE4, 0x64, 0x45, 0xE4, 0x3D, 0x81, 0x6E, 0xD7, 0x3C, 0x67, 0x1C, 0xE2, 0xF0,
    0x05, 0x2C, 0x51, 0xFC, 0x76, 0xA0, 0xBF, 0xDD, 0x56, 0x13, 0xF6, 0x5D, 0xC3, 0xB3, 0x2F, 0x2B,
    0x10, 0x1D, 0xA3, 0x7D, 0x20, 0x10, 0x03, 0x81, 0x18, 0xD0, 0xED, 0x65, 0x03, 0x80, 0x00, 0x27,
    0x75, 0x26, 0x6E, 0x3E, 0x03, 0x84, 0xCE, 0xF2, 0x1D, 0x1A, 0xB1, 0x9B, 0x41, 0x8E, 0xF9, 0x04,
    0x51, 0x9E, 0x53, 0x84, 0xE6, 0x88, 0x9B, 0xA6, 0x98, 0x08, 0xC4, 0x44, 0xA7, 0x47, 0xF3, 0x94,
    0x00, 0xF6, 0xEA, 0x49, 0x38, 0xD3, 0x97, 0x4C, 0x3F, 0x94, 0xFD, 0x68, 0xD1, 0xF8, 0x21, 0xC5,
    0x97, 0xDD, 0xBE, 0xE7, 0xDC, 0xE9, 0xD0, 0xFF, 0x74, 0x28, 0x1F, 0xA2, 0x29, 0x01, 0x42, 0x1A,
    0xEB, 0x8F, 0xAA, 0xB2, 0x45, 0xF0, 0xC3, 0x0C, 0xDE, 0x58, 0xA6, 0x6F, 0xAE, 0x4D, 0x0B, 0xDB,
    0x85, 0x8C, 0xDE, 0x2B, 0x33, 0x68, 0x0F, 0x5B, 0x92, 0xCD, 0x0B, 0xD1, 0xDC, 0x14, 0x12, 0x34,
    0x32, 0x58, 0xBC, 0x49, 0x57, 0x23, 0x3D, 0x58, 0xC2, 0xF1, 0x64, 0x96, 0xA1, 0x7D, 0x24, 0xFF,
    0x45, 0x12, 0x31, 0xDF, 0x23, 0xB9, 0x34, 0x84, 0x27, 0xFF, 0x9D, 0x26, 0x80, 0x68, 0x9B, 0x21,
    0x9E, 0x81, 0xCC, 0xF9, 0x66, 0x63, 0xC0, 0x45, 0xD5, 0x2C, 0x03, 0x95, 0xC5, 0xDF, 0xC4, 0xA6,
    0xAD, 0x64, 0x0B, 0x85, 0x38, 0x85, 0xE5, 0xE5, 0x25, 0x2B, 0xE5, 0x56, 0xB2, 0x52, 0x6F, 0xA1,
    0xB5, 0xD2, 0x25, 0x97, 0x03, 0x9A, 0x53, 0x32, 0x5A, 0x6B, 0xFF, 0x9D, 0x49, 0xBF, 0xBF, 0xD2,
    0xA6, 0xBA, 0x02, 0x6B, 0x10, 0x4B, 0x15, 0x6E, 0x43, 0x4E, 0x4B, 0xE1, 0x8E, 0xA8, 0x6F, 0x35,
    0x6F, 0x4A, 0xC1, 0x7A, 0xC6, 0x3C, 0x4D, 0xFA, 0x9B, 0xD8, 0x6B, 0xAC, 0x2C, 0x96, 0xF5, 0xBF,
    0xB4, 0x24, 0xB1, 0x2A, 0x48, 0xD4, 0x78, 0x3E, 0x73, 0xE0, 0xA3, 0x75, 0x63, 0x44, 0x35, 0xC9,
    0xE7, 0x9A, 0x5C, 0xBA, 0x60, 0xB0, 0x09, 0x0E, 0x32, 0x7B, 0x1F, 0x92, 0xB5, 0x64, 0x87, 0xE8,
    0x8C, 0x07, 0x1B, 0x67, 0x6E, 0xF9, 0x1E, 0x3F, 0x28, 0xE8, 0x78, 0xC6, 0x96, 0x15, 0x5D, 0x4E,
    0x22, 0x91, 0x74, 0x56, 0xBA, 0x1A, 0x62, 0xA2, 0xCB, 0xFA, 0xCF, 0xED, 0x4B, 0x67, 0xF6, 0xA5,
    0x08, 0x95, 0x19, 0xF7, 0x97, 0x2E, 0xBA, 0x90, 0xDB, 0x77, 0xA3, 0x8D, 0x37, 0x11, 0xFF, 0x8D,
    0x76, 0x1D, 0x6A, 0xAC, 0xAD, 0xEB, 0xE2, 0xFB, 0xD2, 0x91, 0x7D, 0xE9, 0x62, 0xEC, 0xD9, 0xBE,
    0x14, 0x20, 0x44, 0x27, 0xED, 0x76, 0x51, 0xCE, 0xEC, 0x22, 0x95, 0x50, 0xD4, 0x34, 0x5A, 0x0C,
    0x97, 0xF3, 0x1D, 0xE9, 0x8C, 0x8E, 0x74, 0xF9, 0xA2, 0x8E, 0x14, 0x27, 0x85, 0x26, 0x22, 0xEE,
    0xD2, 0x81, 0xA0, 0x2B, 0xAD, 0x31, 0xBC, 0x4D, 0x16, 0xEB, 0x32, 0xA8, 0x15, 0x9C, 0xC5, 0xA4,
    0x5B, 0x8B, 0xA2, 0xB5, 0xB3, 0xF4, 0x66, 0x7B, 0xEF, 0x2F, 0x0D, 0x05, 0xEE, 0x12, 0x9E, 0x66,
    0x5F, 0xB2, 0xFE, 0x74, 0xC8, 0xC4, 0x6D, 0xD2, 0x25, 0x43, 0xDE, 0xC5, 0x33, 0x3E, 0xE4, 0x49,
    0x70, 0x78, 0x93, 0xF5, 0xFB, 0xAD, 0x85, 0xCA, 0x53, 0xD6, 0x92, 0x4F, 0x95, 0xCD, 0xA5, 0x29,
    0x06, 0x8B, 0x3C, 0x7E, 0x12, 0xE4, 0xA8, 0x24, 0x98, 0x31, 0xB7, 0x71, 0xD6, 0x02, 0x09, 0xF9,
    0x14, 0xB1, 0xCD, 0xB9, 0xB0, 0xA6, 0xCA, 0x13, 0x78, 0x2E, 0x13, 0xC1, 0x26, 0x9F, 0xEB, 0x7B,
    0x0E, 0x71, 0x07, 0x70, 0x19, 0xA3, 0x24, 0x79, 0x50, 0x4E, 0xD2, 0x17, 0x15, 0xEA, 0x3D, 0x08,
    0x75, 0xF6, 0x9D, 0x06, 0x8B, 0x47, 0xDE, 0x1E, 0xEE, 0x3D, 0xB2, 0xA6, 0x91, 0xA1, 0x4B, 0xE4,
    0xEF, 0x15, 0x64, 0xEF, 0x25, 0x4A, 0x79, 0xDE, 0x28, 0xAB, 0x2D, 0xE9, 0x04, 0x29, 0xA8, 0xAC,
    0x8C, 0x6C, 0xF7, 0x9C, 0xC5, 0x64, 0xCD, 0x77, 0xCF, 0xB7, 0x01, 0xEA, 0x0D, 0x10, 0x52, 0x7D,
    0xEA, 0x3A, 0xAC, 0xD3, 0x14, 0xCA, 0xD8, 0xF8, 0x6A, 0xF5, 0x84, 0x49, 0xDB, 0x12, 0x4A, 0x03,
    0xD8, 0xDE, 0xC3, 0x57, 0xC9, 0x27, 0x5C, 0xEF, 0x80, 0xEC, 0x22, 0x87, 0xFB, 0x17, 0xFF, 0x04,
    0x7D, 0xF9, 0x90, 0x0F, 0xD8, 0x93, 0x72, 0x46, 0x18, 0x3D, 0x95, 0xB1, 0x38, 0x3A, 0xDB, 0xD6,
    0xE2, 0x14, 0x6B, 0x5F, 0xFB, 0xF9, 0x8E, 0xAC, 0xC8, 0xC0, 0x2C, 0x40, 0xF5, 0x56, 0x49, 0xE0,
    0xF5, 0x4D, 0x5F, 0xA8, 0x46, 0xE4, 0x7E, 0x3D, 0xA3, 0xE2, 0xA0, 0x92, 0x81, 0xFE, 0x57, 0x48,
    0x6E, 0x55, 0xD0, 0x48, 0x66, 0x50, 0x0D, 0x15, 0x3D, 0xB8, 0xE0, 0x2A, 0xD4, 0x7B, 0x42, 0xB7,
    0x1A, 0x2A, 0x52, 0xAF, 0xF2, 0x8D, 0x27, 0x3D, 0xCE, 0xEA, 0x61, 0x9B, 0xF1, 0x1C, 0xA1, 0x07,
    0x68, 0xFC, 0xAC, 0xA2, 0xF0, 0xD7, 0xDF, 0xAA, 0x98, 0xD5, 0xF5, 0x78, 0xC6, 0x5B, 0x98, 0xA1,
    0x57, 0x01, 0x9E, 0x33, 0xF7, 0x45, 0x29, 0x6C, 0x23, 0xCC, 0x22, 0x87, 0x82, 0xDA, 0xC4, 0x33,
    0xE5, 0x8A, 0xD6, 0x80, 0x49, 0xB5, 0x18, 0x67, 0x63, 0x2D, 0xEB, 0xA9, 0x16, 0xC3, 0xE1, 0x40,
    0x2F, 0x9C, 0xF3, 0x32, 0xCC, 0x3C, 0x6B, 0x23, 0xED, 0x6E, 0x86, 0x2F, 0xAB, 0x97, 0xDB, 0x2C,
    0x5F, 0xB7, 0x19, 0x6B, 0x82, 0xAC, 0xFE, 0x54, 0x94, 0x2A, 0xFE, 0xA4, 0xAF, 0x85, 0x19, 0x54,
    0xC4, 0x04, 0x32, 0xF5, 0xB3, 0x81, 0xB9, 0xA3, 0xBE, 0xF5, 0x65, 0x7F, 0xDE, 0x5F, 0x36, 0x39,
    0xC1, 0xCB, 0x74, 0xD9, 0xBC, 0xCC, 0x95, 0xD4, 0xF9, 0x46, 0x39, 0x64, 0x95, 0xF7, 0xD2, 0xB5,
    0x79, 0xA5, 0x5E, 0x46, 0xA8, 0x1A, 0xD5, 0xCE, 0x4B, 0xB3, 0xF3, 0xD2, 0x6C, 0x5E, 0xF2, 0x8C,
    0xC7, 0x9E, 0x44, 0xA2, 0x40, 0x26, 0xF1, 0x46, 0x2A, 0xF9, 0xFD, 0xC7, 0x13, 0x99, 0xB0, 0x94,
    0x3E, 0xA8, 0xC3, 0x10, 0xA9, 0x7E, 0xB4, 0x23, 0xEA, 0x72, 0x6F, 0x47, 0x64, 0xF7, 0x94, 0xB6,
    0x35, 0x64, 0x26, 0xC6, 0x06, 0x42, 0x14, 0xA3, 0x22, 0xD1, 0x60, 0x04, 0x37, 0xE9, 0x58, 0x30,
    0x0E, 0x30, 0xC2, 0x57, 0x1D, 0xA5, 0x7D, 0xCE, 0xE1, 0x77, 0x70, 0xEB, 0x32, 0xF8, 0x7D, 0x82,
    0x53, 0xEF, 0x32, 0x63, 0x5F, 0xA2, 0x0C, 0x91, 0x4F, 0xE5, 0x43, 0x8C, 0xB1, 0xBC, 0x28, 0x6F,
    0xCA, 0x9E, 0xF8, 0x5E, 0xDD, 0xCA, 0x50, 0x41, 0xC3, 0x34, 0x8A, 0x04, 0x81, 0x69, 0xEE, 0x3C,
    0x1E, 0x09, 0xE2, 0x5F, 0x6F, 0xD3, 0x68, 0x7D, 0x9F, 0xB7, 0x2E, 0x4B, 0x65, 0x75, 0xCE, 0x55,
    0x9F, 0x32, 0x8F, 0x5B, 0x87, 0x84, 0xA8, 0xEE, 0x34, 0x3E, 0x15, 0xC9, 0x44, 0x7C, 0x08, 0xE8,
    0x5B, 0x76, 0xD8, 0xF7, 0x3D, 0x87, 0x6A, 0x04, 0x3B, 0xAF, 0xE8, 0xDD, 0x32, 0x59, 0x0A, 0xE9,
    0x62, 0x77, 0x87, 0xE2, 0xA5, 0xC4, 0x4E, 0xB3, 0xDA, 0x45, 0xAD, 0xD0, 0x82, 0xCE, 0x61, 0x67,
    0xE9, 0x68, 0xEB, 0x81, 0xD6, 0x4E, 0xB4, 0xF9, 0x42, 0x9B, 0x0A, 0x6D, 0x2C, 0xAE, 0xA5, 0x38,
    0x15, 0xDA, 0x52, 0xAD, 0x55, 0x0B, 0x05, 0x72, 0xBC, 0x02, 0x12, 0xE8, 0x10, 0x48, 0xE7, 0xD6,
    0x49, 0x1F, 0xF4, 0xD1, 0x33, 0xE1, 0x24, 0x31, 0xB9, 0x2D, 0x6B, 0x37, 0x50, 0xB5, 0x35, 0xF3,
    0x4A, 0xE4, 0x06, 0xCD, 0xB7, 0xCE, 0x48, 0x92, 0x19, 0xF7, 0x5C, 0x2F, 0x3E, 0xF8, 0xA9, 0x1E,
    0x5E, 0x0F, 0xD8, 0x50, 0xF6, 0x3C, 0x88, 0x81, 0x50, 0xA2, 0xB8, 0xBF, 0xCD, 0x66, 0xEC, 0xB6,
    0xEC, 0xF5, 0xCE, 0x45, 0xB3, 0xDB, 0xD5, 0xF7, 0x83, 0xA2, 0xD5, 0xE6, 0xEE, 0xC1, 0xDE, 0xBE,
    0x67, 0xF4, 0x7D, 0xE2, 0xAF, 0x2C, 0xED, 0x90, 0x6B, 0x60, 0x14, 0x5A, 0x39, 0xDF, 0xDD, 0x7F,
    0x5A, 0xAE, 0x01, 0x61, 0x6A, 0x67, 0x95, 0x5E, 0x33, 0xFB, 0x8B, 0x78, 0x22, 0xED, 0x26, 0x23,
    0x09, 0x38, 0x1D, 0x78, 0x2D, 0x79, 0x57, 0x68, 0x71, 0xC9, 0x7D, 0x2F, 0x39, 0x1F, 0xF4, 0x92,
    0x2B, 0x7B, 0xC9, 0x58, 0x7B, 0x49, 0xA4, 0x3D, 0x4F, 0x86, 0x7E, 0x62, 0x05, 0x67, 0xB0, 0x97,
    0xCC, 0xB5, 0x97, 0x2C, 0xC2, 0xF9, 0x23, 0x1C, 0x95, 0xEB, 0xF0, 0xC8, 0xBF, 0xDF, 0xAA, 0x14,
    0xF6, 0x40, 0x94, 0x24, 0xFD, 0xAF, 0x4D, 0xD2, 0xFE, 0x03, 0xC6, 0xEB, 0x58, 0x86, 0x8A, 0xAF,
    0x39, 0x28, 0x24, 0x13, 0x63, 0xAC, 0x72, 0x6C, 0x98, 0x1A, 0xD7, 0xD5, 0x5B, 0x85, 0x38, 0xD1,
    0x82, 0xD8, 0xB3, 0x30, 0xA2, 0x3C, 0xA1, 0x8D, 0x0A, 0xCF, 0x6B, 0x14, 0xB0, 0xEC, 0x2B, 0x7F,
    0x88, 0xBE, 0xF2, 0xA0, 0x1A, 0xE3, 0x75, 0xC9, 0xAF, 0xE8, 0x1B, 0xDA, 0xCC, 0x0F, 0xA5, 0x3F,
    0x5D, 0xAD, 0x41, 0x68, 0x2E, 0x7C, 0x13, 0x9A, 0xCD, 0xED, 0xA5, 0x47, 0x8E, 0x35, 0x6F, 0x12,
    0xBD, 0xF5, 0x5C, 0xE7, 0x9A, 0xA5, 0xC6, 0x56, 0x9F, 0x09, 0xCB, 0x3F, 0x4B, 0x13, 0x7A, 0x18,
    0xA9, 0x66, 0xD9, 0x03, 0xED, 0x71, 0x76, 0x7A, 0x1F, 0xAF, 0x1C, 0x9C, 0x88, 0x7A, 0x86, 0x0A,
    0xED, 0xC5, 0x8E, 0xB0, 0x00, 0x23, 0xB9, 0x27, 0xEC, 0x1D, 0x4D, 0x81, 0xFA, 0x32, 0x43, 0x3F,
    0x10, 0x88, 0x5C, 0x2A, 0x52, 0x12, 0xB8, 0x6F, 0x40, 0xA8, 0xB6, 0x76, 0x88, 0xD1, 0xA8, 0x96,
    0x7D, 0xD6, 0xD3, 0x5A, 0xD0, 0x68, 0x39, 0xDC, 0x40, 0x7A, 0x95, 0x7F, 0x00, 0x2B, 0x36, 0xE5,
    0xA7, 0xC8, 0x5D, 0xF4, 0x2E, 0x58, 0x0A, 0x91, 0xA3, 0xE5, 0x6A, 0xA1, 0xDC, 0xCA, 0xB0, 0x08,
    0x97, 0xBA, 0x27, 0xDA, 0xB8, 0xE2, 0x1E, 0xAE, 0x17, 0xBC, 0x80, 0xA7, 0x55, 0xC7, 0x86, 0xD7,
    0x5F, 0xEF, 0x7A, 0xA2, 0x5A, 0xF3, 0x4B, 0x6F, 0x72, 0x07, 0x73, 0x73, 0x06, 0xCC, 0x63, 0x79,
    0x81, 0xB7, 0xF7, 0x47, 0x65, 0xD2, 0x2A, 0x5B, 0x32, 0xEC, 0x37, 0x22, 0xCF, 0x2D, 0x60, 0x6B,
    0xCA, 0x01, 0xC7, 0x2D, 0xFB, 0x19, 0xE6, 0x7F, 0x7B, 0x18, 0x14, 0xA3, 0xC6, 0xAE, 0x48, 0x92,
    0x62, 0xE6, 0x89, 0xD6, 0x4C, 0xA9, 0x73, 0x32, 0x57, 0x48, 0xB1, 0x17, 0xED, 0xB2, 0x2D, 0xDA,
    0x44, 0xBA, 0x5B, 0x5E, 0x91, 0xC7, 0x79, 0x95, 0xB1, 0xE8, 0xB5, 0xBA, 0xDB, 0x3C, 0x46, 0xDE,
    0x31, 0x81, 0xA3, 0xF6, 0xDB, 0x07, 0xC7, 0xB8, 0xBA, 0xBF, 0x7A, 0xEB, 0x93, 0x5F, 0xC3, 0xD0,
    0x8B, 0x02, 0x15, 0xC8, 0x66, 0x65, 0xAA, 0xC7, 0x7A, 0x8B, 0xC9, 0xC0, 0x54, 0x4F, 0x07, 0xB2,
    0x5B, 0xDE, 0x33, 0xD5, 0x8B, 0x96, 0x19, 0x65, 0x5B, 0xDE, 0x7C, 0xA9, 0x12, 0xA4, 0xD6, 0xC0,
    0xD4, 0x58, 0x43, 0xB2, 0xE0, 0xA4, 0x48, 0x6C, 0xD0, 0x7A, 0xA2, 0xB5, 0x14, 0x12, 0x23, 0x93,
    0x1E, 0x94, 0x5C, 0xCA, 0xE8, 0xD4, 0x5E, 0x4A, 0x71, 0xD3, 0x05, 0x24, 0x03, 0x8E, 0x5B, 0xBF,
    0xD4, 0x1B, 0xFB, 0x06, 0xCA, 0xD5, 0xFB, 0x48, 0xEB, 0xE6, 0x9D, 0x83, 0xC0, 0x1B, 0xE9, 0xAF,
    0x76, 0x0A, 0x08, 0x9E, 0xB6, 0x36, 0xAC, 0x7D, 0xAE, 0x85, 0xC6, 0x66, 0x0D, 0xC2, 0x32, 0x20,
    0x5D, 0xD4, 0x6D, 0x7C, 0xC3, 0x3F, 0xAF, 0x23, 0x2C, 0x35, 0x8D, 0x4B, 0xA4, 0x71, 0xBE, 0x4B,
    0x63, 0x0D, 0xA0, 0x44, 0x93, 0x20, 0xD3, 0x6E, 0x33, 0x6F, 0xD8, 0x0D, 0xFC, 0x95, 0xF9, 0xCE,
    0x43, 0x21, 0x12, 0xE9, 0x6F, 0xE3, 0xFF, 0xDB, 0x23, 0xC2, 0x58, 0x22, 0xBE, 0x7B, 0x44, 0xCA,
    0x26, 0x20, 0x32, 0x86, 0x1C, 0x0D, 0x88, 0xCC, 0xD4, 0x3D, 0x89, 0x8A, 0xC5, 0x94, 0x4D, 0x87,
    0x41, 0x96, 0x42, 0xE6, 0x3A, 0x5E, 0xF2, 0x28, 0x6A, 0xCD, 0x49, 0x8F, 0x7B, 0x9B, 0x59, 0xBB,
    0x4C, 0xFE, 0x9A, 0x20, 0x0D, 0xBF, 0x87, 0x8D, 0x9E, 0xF8, 0x9A, 0x48, 0x58, 0x25, 0xB4, 0x6F,
    0x19, 0x28, 0x8D, 0x2B, 0x11, 0xF9, 0xE6, 0x0D, 0x72, 0xCF, 0xBF, 0x0A, 0x49, 0x1F, 0xC7, 0x8E,
    0xE6, 0x0C, 0x8C, 0x70, 0x31, 0x6A, 0xCF, 0x91, 0x57, 0xAB, 0x79, 0xAE, 0xC9, 0x85, 0x23, 0x17,
    0x34, 0x39, 0x4D, 0x46, 0x09, 0x1C, 0xA9, 0xCA, 0x0B, 0x86, 0xEE, 0x6D, 0x66, 0x3A, 0xFC, 0x20,
    0x7C, 0x2F, 0xDD, 0xFD, 0xB6, 0x68, 0x49, 0x84, 0xED, 0x6E, 0xF9, 0x26, 0x7D, 0x01, 0xB4, 0xF6,
    0x56, 0x6B, 0x8A, 0x0F, 0xA0, 0x1A, 0xFE, 0x0D, 0x02, 0xE7, 0x0F, 0x23, 0xA2, 0x18, 0x98, 0xF5,
    0x7F, 0xBF, 0x3F, 0xCD, 0xC9, 0xA4, 0x62, 0x82, 0x5E, 0xDA, 0xDE, 0xF5, 0x25, 0x42, 0x8E, 0xA9,
    0x4B, 0xA2, 0x09, 0x8F, 0x5E, 0x02, 0x1F, 0x47, 0xF9, 0x7F, 0x37, 0x3A, 0xB5, 0xBE, 0xEF, 0x69,
    0xF7, 0xE4, 0x92, 0xAD, 0x4A, 0x9D, 0xFC, 0x0E, 0x63, 0x75, 0xCA, 0x60, 0x4E, 0xA3, 0xFE, 0xBC,
    0xD3, 0xEE, 0xD0, 0xE9, 0xFC, 0x51, 0x3A, 0x5D, 0x6F, 0xCB, 0x37, 0x67, 0xAE, 0xF9, 0xD4, 0x41,
    0x64, 0xED, 0xAF, 0xF9, 0xEB, 0x38, 0x1B, 0xC1, 0xD9, 0x0B, 0x20, 0x9B, 0x5F, 0x27, 0x60, 0x32,
    0x34, 0x6C, 0xEE, 0x36, 0x36, 0x1F, 0x5C, 0x15, 0x8F, 0xC8, 0xB0, 0x57, 0xE3, 0x1D, 0x0B, 0xB1,
    0xB1, 0x4D, 0xB4, 0x51, 0x5D, 0x0F, 0xFB, 0xB6, 0x87, 0x7F, 0x4E, 0xD6, 0x66, 0x5B, 0x0B, 0xCB,
    0x5E, 0xCF, 0xCD, 0x52, 0x56, 0xEF, 0xD9, 0xA6, 0xCC, 0x5B, 0xFB, 0x56, 0x97, 0xBF, 0xD1, 0x25,
    0x1B, 0xF3, 0x1D, 0xB1, 0x0B, 0xE4, 0x9F, 0xB9, 0xEF, 0x1F, 0x34, 0x5D, 0x2E, 0x53, 0xC1, 0xCC,
    0x21, 0x71, 0x94, 0xC4, 0x6B, 0x98, 0xD3, 0xE1, 0xED, 0xED, 0x9E, 0x14, 0x80, 0xE1, 0x44, 0xBB,
    0xB0, 0x07, 0xFF, 0x3B, 0x96, 0x53, 0xFF, 0xC3, 0xC8, 0x35, 0xB9, 0x80, 0x60, 0xA7, 0x2B, 0xE9,
    0xFC, 0x5D, 0x73, 0x8B, 0x1C, 0x4E, 0x3A, 0xC6, 0x46, 0xFC, 0x4B, 0x94, 0xF4, 0xBF, 0xE8, 0x2F,
    0x91, 0xAB, 0xA0, 0x7D, 0xFC, 0x36, 0xA6, 0xB6, 0xCB, 0xDA, 0xCB, 0xE4, 0x41, 0x70, 0x48, 0x46,
    0xDD, 0x13, 0x2F, 0x94, 0x28, 0x75, 0x0C, 0x4C, 0x32, 0xF3, 0xE3, 0x0D, 0x67, 0xD6, 0x87, 0x63,
    0xF2, 0x86, 0xD3, 0xA6, 0xE6, 0x63, 0xDC, 0x12, 0xBA, 0xCA, 0x11, 0x5F, 0x2D, 0x66, 0xAA, 0x64,
    0x08, 0x4C, 0xB8, 0xE9, 0xD8, 0xA9, 0xAA, 0x61, 0x87, 0x48, 0x13, 0x8B, 0x76, 0xAF, 0x3B, 0xB3,
    0xE2, 0xA2, 0xA1, 0x4D, 0x7B, 0xB4, 0x22, 0x25, 0x0A, 0xFC, 0x58, 0x40, 0xBE, 0xE2, 0xC2, 0x3F,
    0x86, 0xD0, 0x57, 0x29, 0x55, 0x53, 0x1B, 0x45, 0xD7, 0x00, 0xF3, 0xF3, 0xA7, 0x26, 0xBF, 0x0D,
    0x16, 0xBD, 0x3D, 0x9A, 0xEC, 0x77, 0x08, 0xA4, 0x01, 0xBC, 0x33, 0xFE, 0xD4, 0x98, 0x77, 0x2E,
    0xED, 0xC3, 0xDC, 0xAE, 0x1A, 0x00, 0x39, 0x7B, 0xDE, 0xD1, 0xCE, 0xE8, 0x7D, 0x16, 0x28, 0xC7,
    0x55, 0x54, 0x0A, 0x27, 0x7E, 0xF4, 0xCF, 0xE2, 0x3A, 0xEE, 0x58, 0x8C, 0x21, 0xC0, 0x2A, 0x6D,
    0x59, 0x42, 0x03, 0x86, 0x9B, 0xCD, 0x99, 0x48, 0x96, 0xA4, 0x7A, 0x85, 0x12, 0xEE, 0x82, 0xF9,
    0xC9, 0x63, 0xF3, 0x5C, 0x1B, 0x43, 0xC7, 0x8B, 0xC2, 0x7E, 0x28, 0x4F, 0x71, 0x95, 0xE1, 0x80,
    0xD1, 0x23, 0xF1, 0xF8, 0x09, 0xC3, 0x3A, 0x7F, 0x59, 0x63, 0xB0, 0xD6, 0x16, 0xA4, 0xFC, 0x0D,
    0x8B, 0x01, 0x52, 0x8B, 0xC9, 0x34, 0xA9, 0x70, 0xFA, 0x49, 0x72, 0xB6, 0xC8, 0x53, 0x95, 0x9C,
    0x6A, 0x49, 0xF4, 0x8A, 0x57, 0xC8, 0x0C, 0xD0, 0xE7, 0x8C, 0x47, 0xF5, 0x2C, 0x58, 0xB7, 0x9F,
    0x47, 0xFA, 0xE9, 0xF1, 0x6A, 0x3C, 0xA5, 0x18, 0x9F, 0x56, 0x8A, 0x0B, 0xDE, 0xA7, 0xAE, 0x4E,
    0x56, 0x34, 0xA1, 0xB0, 0x00, 0x13, 0x36, 0xD1, 0x35, 0x0D, 0xBE, 0x94, 0xC9, 0x69, 0x8D, 0xCE,
    0x41, 0x86, 0x82, 0xAD, 0xC3, 0x90, 0xAA, 0x36, 0x37, 0x2F, 0x9B, 0xA7, 0xE2, 0xD6, 0x94, 0x39,
    0x14, 0xD2, 0xCF, 0x80, 0xF9, 0x07, 0x83, 0xC9, 0x3E, 0x42, 0x4C, 0xF4, 0xF8, 0x71, 0xB7, 0x67,
    0xD7, 0xA3, 0xC1, 0x56, 0x0E, 0x65, 0x1D, 0x2D, 0x6B, 0x4B, 0xC1, 0x9C, 0xC9, 0xF3, 0x6C, 0x79,
    0xEF, 0xFB, 0x14, 0x6B, 0xA5, 0x2C, 0xAA, 0x4C, 0xEA, 0x5F, 0xC5, 0xE4, 0xF3, 0xD3, 0xD3, 0x0B,
    0x3B, 0x81, 0xC1, 0x52, 0x85, 0x34, 0xE9, 0x39, 0x5C, 0x4E, 0x14, 0x17, 0x5F, 0x18, 0xFF, 0x9C,
    0xB8, 0xB8, 0x03, 0x5C, 0x8C, 0x25, 0x01, 0x2F, 0x28, 0xBF, 0xE8, 0x13, 0x41, 0xC0, 0x4F, 0x9A,
    0x62, 0x47, 0xC0, 0x5F, 0x1B, 0x8F, 0x1F, 0xC5, 0xDA, 0x37, 0xB1, 0xE7, 0x8B, 0x16, 0x55, 0x13,
    0xF2, 0x03, 0x2A, 0x88, 0xF2, 0x7D, 0x96, 0x87, 0xB4, 0xD7, 0xE6, 0xEA, 0x34, 0x3D, 0xDF, 0xB0,
    0x8E, 0x85, 0x2C, 0x35, 0xC9, 0x69, 0x86, 0x00, 0x84, 0x52, 0x62, 0x31, 0x51, 0x9E, 0xFB, 0xEA,
    0x56, 0x76, 0x16, 0x9D, 0x55, 0xC5, 0x76, 0x4B, 0x5A, 0x62, 0x20, 0xF7, 0xDC, 0xBC, 0x29, 0x94,
    0x54, 0x61, 0xF4, 0x72, 0x5A, 0x5F, 0xD7, 0xA9, 0x88, 0x66, 0x4A, 0xD9, 0xB5, 0x44, 0xDC, 0x83,
    0xCB, 0x01, 0xD7, 0x0F, 0xA8, 0x71, 0xDE, 0x00, 0xD2, 0xF1, 0x19, 0x2D, 0x9B, 0x49, 0x84, 0xDA,
    0x24, 0x39, 0xD4, 0xC7, 0x9A, 0x3D, 0x58, 0x9B, 0x2A, 0x7B, 0x03, 0x11, 0x03, 0x3D, 0x25, 0x77,
    0x10, 0x35, 0x0E, 0xAA, 0x76, 0x2A, 0x77, 0x2D, 0x8A, 0xFD, 0x4C, 0x30, 0xF5, 0x1A, 0x4C, 0x26,
    0x6B, 0xFE, 0xF2, 0x50, 0x8B, 0xDC, 0x9E, 0x0A, 0xA7, 0x1D, 0x15, 0xDE, 0xE2, 0xF9, 0x9E, 0xFE,
    0x53, 0xC0, 0x64, 0x67, 0xF3, 0xE4, 0xCB, 0xCC, 0xA0, 0x1E, 0x29, 0x30, 0xE6, 0xEB, 0x4D, 0x90,
    0x5A, 0x3A, 0x96, 0x43, 0x32, 0xF8, 0x27, 0xAA, 0xCA, 0x95, 0x67, 0x41, 0xCA, 0x83, 0x22, 0x95,
    0x47, 0x19, 0x97, 0x19, 0x0F, 0xE7, 0xE6, 0x2B, 0x26, 0x9F, 0x6B, 0xFF, 0xA0, 0x70, 0x15, 0x63,
    0x8D, 0xB6, 0xA6, 0x56, 0xC9, 0xB3, 0x98, 0x5D, 0x43, 0x43, 0x46, 0xB3, 0x83, 0xD7, 0xC2, 0xD4,
    0xD0, 0xFC, 0xBF, 0xE0, 0x5D, 0xDC, 0x29, 0x64, 0x65, 0xD2, 0xBE, 0x86, 0xBB, 0xB9, 0x22, 0xCD,
    0x45, 0x08, 0x0E, 0x2B, 0x5D, 0x0A, 0x8E, 0xB3, 0xEB, 0x75, 0x66, 0x94, 0xEF, 0x35, 0xD1, 0x79,
    0x8E, 0xC7, 0x8A, 0x10, 0xDB, 0x21, 0xA4, 0x32, 0xE8, 0xBE, 0x6C, 0x8C, 0x33, 0xD1, 0x44, 0x31,
    0xCC, 0x96, 0x74, 0x33, 0xCC, 0xD6, 0x79, 0xDE, 0xCC, 0x74, 0x1D, 0x46, 0xC5, 0xB1, 0xF9, 0x0A,
    0xA6, 0x00, 0x48, 0x46, 0x09, 0xF7, 0xB0, 0xDD, 0xDD, 0xB5, 0x62, 0xB2, 0x75, 0x66, 0x46, 0xDB,
    0x1A, 0xBE, 0x97, 0x90, 0xD3, 0x6F, 0xE0, 0x0B, 0x78, 0x27, 0x0E, 0x0F, 0xC4, 0x1A, 0x89, 0x09,
    0x8F, 0x8A, 0x87, 0xFB, 0x3F, 0xA4, 0x1A, 0x10, 0x44, 0xCC, 0x52, 0xC1, 0x78, 0xB5, 0xD3, 0xE7,
    0x23, 0xC8, 0xF0, 0xBD, 0xE2, 0x23, 0x26, 0x03, 0x4C, 0x2A, 0xE2, 0x51, 0xC5, 0x70, 0xD7, 0xA0,
    0xE3, 0x52, 0x9F, 0x0B, 0x86, 0xDD, 0x03, 0xC0, 0x62, 0x6D, 0x65, 0xC0, 0xD5, 0x02, 0xB5, 0x22,
    0x7D, 0x2E, 0xF5, 0x90, 0xDD, 0x29, 0xCE, 0x49, 0x2F, 0x2E, 0x5E, 0x0F, 0xD8, 0xB8, 0x8D, 0x4E,
    0xA4, 0x12, 0x85, 0x1E, 0x2D, 0xD4, 0x5D, 0xAF, 0x20, 0x11, 0x9F, 0x55, 0xC1, 0xA6, 0x60, 0x84,
    0x82, 0xEC, 0xCA, 0x9E, 0x9D, 0x09, 0xE2, 0xA2, 0x0B, 0xEB, 0x57, 0x6C, 0x6A, 0xD1, 0x38, 0xE0,
    0xE6, 0x64, 0x48, 0x26, 0x7B, 0xB0, 0x2E, 0x89, 0x94, 0xFD, 0x0B, 0x1A, 0xA6, 0x94, 0x8A, 0x92,
    0x38, 0x90, 0x42, 0x3B, 0xBF, 0xB6, 0xE7, 0xF3, 0xB4, 0xA7, 0x7F, 0xC9, 0xC8, 0x5E, 0x37, 0x5A,
    0x15, 0x6A, 0xA7, 0x0D, 0x93, 0x55, 0x9D, 0x76, 0x54, 0x1D, 0x24, 0xA8, 0x0D, 0x09, 0xBA, 0x3C,
    0x44, 0x82, 0x6A, 0x6B, 0x70, 0xC6, 0x3E, 0xC0, 0xAF, 0x40, 0xF6, 0x47, 0x72, 0xE7, 0x80, 0x12,
    0x96, 0x1F, 0xB3, 0x64, 0x2F, 0x29, 0x91, 0xFA, 0x21, 0xEF, 0x83, 0x77, 0x9F, 0x2D, 0x5A, 0xB3,
    0xCF, 0xD0, 0xC8, 0x11, 0xE3, 0xA1, 0xA6, 0x71, 0x87, 0x32, 0xFE, 0xAC, 0x39, 0x56, 0x5D, 0x2E,
    0x6A, 0xAA, 0x04, 0xDD, 0x15, 0xF3, 0xF3, 0xC1, 0x92, 0x99, 0x06, 0x25, 0x4E, 0xFA, 0x52, 0x6E,
    0xCB, 0xAC, 0xE6, 0xFF, 0x01, 0x7D, 0x90, 0x01, 0xA7, 0x54, 0x41, 0x1C, 0xC5, 0x7F, 0xFB, 0x2E,
    0xEF, 0xD2, 0xC8, 0xBD, 0x08, 0x01, 0x17, 0x42, 0xC8, 0x1B, 0x80, 0x50, 0xFB, 0x1F, 0x02, 0x84,
    0xFA, 0x28, 0x21, 0x84, 0xB7, 0x7B, 0x07, 0x80, 0x50, 0x1F, 0xE5, 0x21, 0x3C, 0xEC, 0x76, 0xE7,
    0x23, 0x0C, 0x10, 0xC0, 0x7C, 0x84, 0x91, 0x8B, 0x89, 0xD9, 0xFD, 0x37, 0x2B, 0x50, 0x9E, 0xE6,
    0x1C, 0x0C, 0xFE, 0xCE, 0x39, 0xE7, 0xC0, 0x33, 0x0E, 0x28, 0x8B, 0x9F, 0x52, 0x9F, 0xF9, 0x0A,
    0x57, 0xBE, 0xCB, 0x26, 0x4F, 0x49, 0xFC, 0x96, 0xA7, 0x30, 0xB2, 0xA9, 0x74, 0x8A, 0xD1, 0x30,
    0x7D, 0x8E, 0xD2, 0xE5, 0x57, 0x44, 0xEB, 0xE3, 0xF2, 0x33, 0xAB, 0xE6, 0xA2, 0xE9, 0x83, 0xF5,
    0xC0, 0xA2, 0x59, 0x2F, 0x4C, 0x23, 0xE3, 0x3D, 0x77, 0xE7, 0xEB, 0xBC, 0x68, 0x12, 0xF5, 0xE6,
    0x17, 0x82, 0xFA, 0x0B, 0xF6, 0xCC, 0x7D, 0xD6, 0x2F, 0xA5, 0x71, 0xDF, 0x67, 0x98, 0xD6, 0xE5,
    0x54, 0xE7, 0x6F, 0x5B, 0x0E, 0x66, 0x35, 0xBE, 0x77, 0x26, 0x49, 0xBD, 0x97, 0x3C, 0xE5, 0xA1,
    0xDC, 0xCC, 0x75, 0x4A, 0x8F, 0x3B, 0x67, 0xDF, 0x46, 0x79, 0x17, 0xE7, 0x29, 0x1C, 0xAD, 0x2B,
    0x5B, 0xEE, 0x5E, 0x00, 0x7C, 0xEC, 0x62, 0x1D, 0xC2, 0x6C, 0x9D, 0x3D, 0x33, 0x54, 0xBA, 0x95,
    0xE7, 0x8F, 0xA8, 0xC2, 0x49, 0x5C, 0xBB, 0xB4, 0x26, 0x0C, 0x6F, 0x62, 0xBF, 0x09, 0x00, 0xD0,
    0x9F, 0xB1, 0x1A, 0x5A, 0xBA, 0x62, 0x72, 0xBA, 0x4A, 0xE0, 0x0C, 0x96, 0x1D, 0x07, 0x6A, 0x83,
    0xF2, 0x1A, 0x1B, 0x24, 0x35, 0xCF, 0x3C, 0xC4, 0xF6, 0x73, 0x3B, 0xC4, 0x6B, 0x50, 0xA7, 0xCC,
    0x88, 0x9B, 0x42, 0x1F, 0x39, 0x1C, 0x4F, 0xB5, 0xE4, 0xB4, 0x13, 0xD9, 0xD7, 0xEC, 0x1E, 0x6E,
    0x33, 0xA5, 0xA5, 0xAC, 0xB7, 0xEB, 0xED, 0x52, 0x6C, 0x6C, 0x19, 0x2E, 0x72, 0xC9, 0x86, 0x2D,
    0x20, 0x41, 0x72, 0x97, 0xBB, 0x34, 0x34, 0xF1, 0x27, 0x5C, 0xBF, 0x17, 0x77, 0xA4, 0x72, 0x66,
    0x59, 0x6D, 0xAA, 0x7F, 0x1E, 0xDF, 0xD9, 0xA8, 0xEF, 0x34, 0x0D, 0x3F, 0x56, 0xEB, 0xEB, 0x0D,
    0x2F, 0x47, 0xF8, 0x67, 0xC4, 0xFF, 0x2C, 0xFE, 0x60, 0x4B, 0x00, 0xE3, 0x18, 0x02, 0x36, 0x20,
    0xBE, 0x59, 0xF0, 0x09, 0xC6, 0xBF, 0x42, 0x17, 0x0A, 0x15, 0xF5, 0xC2, 0x6F, 0xD5, 0x77, 0xBF,
    0xB3, 0xDD, 0xC8, 0x99, 0x5D, 0xE3, 0x82, 0x24, 0xE4, 0x41, 0x80, 0x09, 0x38, 0x5B, 0xB2, 0xDE,
    0xAE, 0xA1, 0x52, 0x4D, 0x30, 0x5B, 0xAB, 0x35, 0xD2, 0x0D, 0x28, 0x36, 0x66, 0x36, 0x50, 0xA0,
    0x40, 0x74, 0xD5, 0xD0, 0xE5, 0x4C, 0x76, 0xB6, 0xB5, 0xE5, 0xAA, 0xF7, 0x0F, 0x90, 0xC4, 0x9D,
    0x99, 0x40, 0xC1, 0x06, 0x7A, 0x81, 0x33, 0x07, 0x9A, 0x60, 0x5D, 0xB2, 0x47, 0xAA, 0xA2, 0x03,
    0x05, 0x1B, 0x90, 0x04, 0x38, 0x0C, 0x14, 0x28, 0x10, 0xB4, 0x72, 0xD5, 0x06, 0x0A, 0x04, 0x49,
    0xAC, 0xF5, 0x7A, 0x14, 0x08, 0x23, 0x42, 0xBB, 0xE0, 0x4C, 0x03, 0xED, 0x73, 0x4E, 0x03, 0xF7,
    0xDE, 0xF7, 0xF8, 0xC8, 0x21, 0x35, 0xB3, 0x5A, 0xFB, 0xF2, 0xE2, 0x34, 0xDF, 0x05, 0xD0, 0xDD,
    0xDF, 0xD7, 0xDF, 0x8F, 0x73, 0x8C, 0xE1, 0xE7, 0xCF, 0x08, 0x75, 0x49, 0xE8, 0x00, 0xD6, 0x01,
    0x92, 0x99, 0x3F, 0x7E, 0xDE, 0x1C, 0x7C, 0x6A, 0xEF, 0x7D, 0x23, 0x28, 0x08, 0xF1, 0x6C, 0x72,
    0x42, 0x46, 0x48, 0xB7, 0x80, 0xC8, 0xC4, 0x7C, 0x2B, 0x80, 0xF7, 0x6E, 0x07, 0xE3, 0xE1, 0x8D,
    0xE5, 0xB9, 0x64, 0xF7, 0x6E, 0xDE, 0x1C, 0x71, 0xBE, 0x6A, 0x9D, 0x7E, 0x1B, 0xB9, 0xB4, 0xC5,
    0x23, 0x45, 0x1F, 0x20, 0x72, 0x59, 0xFB, 0xCC, 0x6D, 0x14, 0xFB, 0xBD, 0x70, 0x1B, 0x17, 0x9F,
    0xB6, 0x8D, 0xE1, 0x9C, 0x6D, 0xA4, 0x4F, 0xDF, 0x06, 0xFF, 0xE7, 0xB4, 0xDC, 0x8A, 0x55, 0x3C,
    0x6F, 0x46, 0x73, 0x4B, 0x78, 0x13, 0x38, 0x98, 0x2F, 0xC7, 0x73, 0xD4, 0x2D, 0x53, 0xAE, 0xE8,
    0xEB, 0x51, 0x0B, 0xFB, 0x52, 0x08, 0x53, 0x7C, 0xE4, 0x69, 0x8B, 0xB1, 0x72, 0x44, 0xEE, 0x88,
    0xD9, 0x01, 0xA6, 0xCE, 0x1C, 0xF9, 0x93, 0x8C, 0xCB, 0xF4, 0xD9, 0x68, 0x3C, 0x70, 0xE0, 0x54,
    0x79, 0x4F, 0xB4, 0x3C, 0x14, 0xE3, 0x1B, 0xC0, 0x91, 0x07, 0x6C, 0xBC, 0xD3, 0x0F, 0x27, 0xAB,
    0x47, 0x12, 0x42, 0x81, 0xFB, 0x11, 0x1F, 0x4A, 0xB1, 0xAE, 0xC1, 0x2C, 0xC6, 0xFC, 0xAB, 0xC3,
    0xD3, 0x33, 0x34, 0xA7, 0x14, 0xD0, 0xCE, 0x12, 0xCB, 0x56, 0xDA, 0xD3, 0x0E, 0xAE, 0x12, 0x2E,
    0x9F, 0xF6, 0xD1, 0x73, 0xC1, 0x91, 0x7F, 0x97, 0xD3, 0x0F, 0x0B, 0x18, 0x73, 0xBD, 0xE4, 0x36,
    0x26, 0x9D, 0x55, 0xB3, 0xF1, 0x1F, 0xF8, 0x26, 0x9D, 0x8C, 0x6D, 0xB2, 0x1E, 0xBB, 0x2C, 0x3A,
    0x78, 0xDA, 0x36, 0x26, 0x2B, 0x2B, 0x5A, 0x54, 0x6F, 0x69, 0x8A, 0xF7, 0x3B, 0x98, 0x17, 0x53,
    0x05, 0x75, 0x83, 0x53, 0xAA, 0x3A, 0x04, 0x8B, 0x1D, 0x4C, 0xD6, 0x16, 0x98, 0xA5, 0xCD, 0x38,
    0x5F, 0x70, 0x6F, 0x85, 0xC8, 0x32, 0xD1, 0x75, 0x3C, 0x78, 0xF1, 0x4D, 0x2E, 0xD6, 0xF1, 0x90,
    0xB3, 0xF9, 0xF6, 0x50, 0x0C, 0xC9, 0x60, 0xFB, 0xB8, 0x0F, 0x57, 0x54, 0x5A, 0xCC, 0x5A, 0xF8,
    0xCE, 0x64, 0x98, 0x1E, 0xCF, 0x34, 0x74, 0x34, 0x76, 0x88, 0xB7, 0x6B, 0x77, 0x15, 0x87, 0x50,
    0x85, 0x6B, 0xAC, 0x9A, 0x7C, 0xA8, 0x3E, 0xF2, 0x7D, 0xA5, 0xE8, 0x9A, 0x64, 0x09, 0x6C, 0xC2,
    0xB7, 0xF0, 0x0C, 0xAD, 0xE7, 0xFF, 0xA6, 0xFE, 0xDD, 0xF0, 0x62, 0xB5, 0x19, 0xFC, 0x5F, 0x39,
    0x7C, 0xAB, 0x78, 0x58, 0x0F, 0x62, 0xAC, 0x5F, 0x7C, 0xC2, 0x23, 0xDF, 0x85, 0x17, 0x33, 0x84,
    0x26, 0xAE, 0xF2, 0x92, 0x7F, 0x1C, 0x62, 0xE3, 0xD3, 0x5E, 0x55, 0x1B, 0x1C, 0xED, 0xB7, 0x26,
    0xC1, 0x11, 0x54, 0x3C, 0x37, 0x6C, 0xB5, 0xD8, 0xAE, 0xC9, 0xA6, 0xB3, 0xE1, 0x70, 0xAC, 0xE3,
    0x31, 0x71, 0xAF, 0xF0, 0x7A, 0xE6, 0xD0, 0x69, 0x48, 0x3A, 0x7A, 0xDC, 0x24, 0x38, 0x34, 0x78,
    0x3F, 0xE5, 0xE0, 0x90, 0x6D, 0xD9, 0x98, 0xCF, 0x1A, 0x62, 0x6F, 0xF2, 0xAD, 0x86, 0xA2, 0xE4,
    0xF0, 0xB2, 0xC5, 0x21, 0xC4, 0xF3, 0x55, 0xDC, 0x1D, 0xF3, 0xA9, 0x52, 0xDE, 0x8D, 0xD5, 0xA0,
    0x34, 0xB2, 0x6D, 0xE2, 0x61, 0xF2, 0xC5, 0xD5, 0x89, 0x83, 0xE5, 0xF9, 0x55, 0x3C, 0xAC, 0x91,
    0xA7, 0xBB, 0x2D, 0x90, 0x6A, 0xF4, 0xD4, 0xC6, 0x9B, 0x17, 0x18, 0x69, 0x1A, 0xF6, 0x16, 0xC6,
    0x79, 0x19, 0x75, 0x36, 0x1B, 0xA4, 0x6D, 0x1B, 0x9E, 0xAB, 0xBA, 0x30, 0xDA, 0x33, 0x63, 0x15,
    0xEE, 0x6F, 0x7C, 0x93, 0xFB, 0xEE, 0x28, 0x24, 0x18, 0xF6, 0x85, 0xC8, 0xD1, 0xBE, 0x90, 0xA2,
    0xA1, 0x88, 0x2C, 0xF5, 0x63, 0x1D, 0x42, 0x1D, 0x59, 0x0A, 0xC9, 0x52, 0x49, 0xD6, 0x52, 0xB2,
    0x54, 0x91, 0xDD, 0xE0, 0x8F, 0x97, 0x3A, 0xC6, 0x03, 0xE0, 0xD0, 0x73, 0x28, 0xAB, 0x41, 0x8F,
    0x14, 0xA3, 0x86, 0xEC, 0x69, 0x03, 0xCA, 0x4A, 0x31, 0x97, 0x0C, 0x77, 0x16, 0x22, 0xEF, 0x3F,
    0xE4, 0xB0, 0x7E, 0xFE, 0x48, 0x48, 0x2F, 0x20, 0x5C, 0x55, 0x69, 0x26, 0xB9, 0x56, 0xF5, 0xE6,
    0xD5, 0x53, 0xC5, 0xE3, 0x1A, 0xA7, 0x48, 0x78, 0x1E, 0x5D, 0x36, 0xB1, 0x0C, 0xE1, 0x51, 0x56,
    0x90, 0xEF, 0x11, 0x67, 0x2E, 0x17, 0x39, 0x62, 0xAC, 0xA5, 0x13, 0xEE, 0x71, 0x66, 0xD5, 0x8E,
    0xD7, 0x6D, 0xB3, 0x48, 0xFA, 0xDB, 0xE1, 0x77, 0x3D, 0x89, 0x8A, 0xC0, 0xE7, 0x3D, 0x11, 0xFE,
    0xE3, 0x3C, 0x3C, 0x06, 0xCC, 0x39, 0x60, 0x37, 0x27, 0x56, 0x2E, 0xCC, 0x7C, 0x89, 0x75, 0x63,
    0xD5, 0x02, 0x73, 0x7D, 0xB7, 0x1B, 0x6D, 0x30, 0xD2, 0x66, 0x37, 0x7E, 0x2B, 0x23, 0x54, 0x29,
    0xF3, 0x90, 0x61, 0xFF, 0xD1, 0x9C, 0x29, 0x7C, 0x48, 0x36, 0x87, 0xD9, 0x80, 0x08, 0x93, 0x97,
    0x3C, 0x0F, 0xCF, 0xE8, 0x88, 0x23, 0x61, 0x22, 0xCC, 0x84, 0x56, 0xA8, 0x00, 0x88, 0x1D, 0x31,
    0xEB, 0x89, 0xB6, 0x01, 0xA2, 0x40, 0x11, 0x9D, 0xB0, 0x17, 0x36, 0xC2, 0x65, 0x36, 0x20, 0x76,
    0xBE, 0xF1, 0x0F, 0xB1, 0x62, 0xCE, 0x15, 0xB9, 0xAE, 0x89, 0x4A, 0x86, 0x6C, 0xD6, 0xE6, 0x30,
    0x22, 0xEB, 0x58, 0xA6, 0xB3, 0xA1, 0x0A, 0x4E, 0x51, 0x3B, 0x1B, 0x4F, 0xEF, 0x16, 0x51, 0x9D,
    0x2B, 0xA6, 0x73, 0x6E, 0xB8, 0xBD, 0x84, 0x4A, 0xED, 0x4B, 0xD8, 0x8A, 0xDA, 0x1E, 0x3B, 0x96,
    0x45, 0x3A, 0xB7, 0xEA, 0x52, 0x26, 0x6F, 0x9F, 0x35, 0x34, 0x9A, 0x99, 0x9A, 0x8D, 0x96, 0xF9,
    0xE6, 0x6E, 0x29, 0x74, 0xD8, 0x20, 0xA2, 0x50, 0x8B, 0x83, 0x67, 0x2A, 0x9D, 0xBA, 0x95, 0x1F,
    0xF9, 0xA0, 0x69, 0xF7, 0x0F, 0xC6, 0x7A, 0x64, 0x13, 0x9C, 0xFC, 0xCA, 0xE2, 0xB1, 0x9A, 0xC5,
    0xAB, 0x0F, 0x75, 0xEA, 0x45, 0x4B, 0xD5, 0x0B, 0x16, 0x4A, 0x7C, 0x4E, 0x98, 0x26, 0x5C, 0x91,
    0x88, 0x1D, 0xB6, 0x6B, 0x47, 0x5B, 0x31, 0x17, 0x66, 0x01, 0x75, 0xE2, 0x69, 0xB9, 0x04, 0x26,
    0xFF, 0x7F, 0x70, 0xFA, 0x62, 0x2F, 0xA6, 0x12, 0xD6, 0xCA, 0xA1, 0x99, 0x7E, 0x8E, 0x1E, 0x2B,
    0xDB, 0x07, 0x86, 0x4B, 0xD2, 0xD7, 0xEC, 0x93, 0x1D, 0x9D, 0x92, 0x35, 0x2C, 0x81, 0x68, 0x4B,
    0x3D, 0x5D, 0x1F, 0x7A, 0x98, 0xFA, 0x82, 0x12, 0x75, 0x32, 0xC9, 0x64, 0x36, 0xEA, 0xD1, 0x31,
    0x29, 0x84, 0x49, 0x19, 0x2D, 0x28, 0xC4, 0x8D, 0xE5, 0x6E, 0x03, 0x2E, 0x54, 0x61, 0x7B, 0xB4,
    0xD4, 0x0D, 0x5B, 0xAE, 0x50, 0x08, 0x4E, 0xD3, 0x91, 0x13, 0xC2, 0xA4, 0x4C, 0xC6, 0xC3, 0x97,
    0x44, 0x60, 0x54, 0x5E, 0xEC, 0x0E, 0x58, 0x55, 0x2E, 0xB1, 0xA4, 0x84, 0x86, 0xCD, 0x4C, 0xC0,
    0x6B, 0xD1, 0xBF, 0x57, 0x8F, 0x43, 0xFE, 0xB2, 0x28, 0xA2, 0xE0, 0xDD, 0x9E, 0x42, 0x02, 0x31,
    0x5E, 0x4F, 0x41, 0xA4, 0x1B, 0xA2, 0x3C, 0xFD, 0x42, 0xBF, 0xD8, 0x5C, 0xF9, 0xB0, 0x82, 0xBB,
    0x39, 0x0D, 0xF8, 0x2D, 0xF1, 0x65, 0xCE, 0xEA, 0xA7, 0x99, 0x6B, 0x3F, 0x97, 0x7B, 0xB6, 0x60,
    0x8E, 0xC2, 0xBB, 0xA6, 0x36, 0xA7, 0x28, 0xC3, 0x67, 0xC6, 0x16, 0x42, 0x6F, 0x09, 0x58, 0x07,
    0xD6, 0xA4, 0x1E, 0xF2, 0x24, 0x26, 0x01, 0xD5, 0x5A, 0xD0, 0x4B, 0x46, 0x66, 0x95, 0xB0, 0x21,
    0xE6, 0xC2, 0x62, 0x4B, 0xB4, 0xA5, 0x50, 0x25, 0xB0, 0x26, 0x46, 0x2A, 0x87, 0xC7, 0x5C, 0xA5,
    0x55, 0x81, 0xEF, 0x17, 0x2C, 0xC9, 0xB2, 0xC8, 0x7D, 0xB3, 0xAE, 0x52, 0x9A, 0x32, 0x3B, 0xD2,
    0xF6, 0x2A, 0xB1, 0xF9, 0x0A, 0xF7, 0xDC, 0xFC, 0xFE, 0x78, 0xAF, 0x82, 0x39, 0x2A, 0xD3, 0x31,
    0xE2, 0x62, 0x5D, 0x86, 0xC2, 0x88, 0xD8, 0x42, 0x15, 0x34, 0xDF, 0x40, 0xD1, 0xE9, 0x5F, 0xAA,
    0x61, 0x62, 0x34, 0xBF, 0x2B, 0xB3, 0xC9, 0x26, 0x52, 0x38, 0x44, 0xB5, 0x76, 0xC8, 0x46, 0xE6,
    0x06, 0x98, 0xF2, 0x98, 0x33, 0x3B, 0xA6, 0x50, 0x0E, 0xE4, 0x4F, 0xB3, 0xF8, 0xB8, 0x64, 0x8E,
    0xDF, 0x9E, 0x19, 0xFA, 0x09, 0xEF, 0x23, 0xEC, 0x33, 0x3C, 0xCF, 0xC0, 0x2F, 0xF8, 0x3E, 0xFB,
    0x12, 0xE6, 0x63, 0x5D, 0xF6, 0xAD, 0x7A, 0x32, 0xCA, 0x5B, 0x36, 0xA2, 0x2E, 0xA0, 0x39, 0xA0,
    0x89, 0xA0, 0x1C, 0x71, 0x3F, 0x8D, 0x75, 0xF5, 0xC8, 0x31, 0x9F, 0x2F, 0x2A, 0x05, 0xB1, 0x6B,
    0xB2, 0xAF, 0xA8, 0x46, 0x64, 0x66, 0xCC, 0xA0, 0x7C, 0xAE, 0x1D, 0x8C, 0x4B, 0x17, 0x3F, 0xE5,
    0x4C, 0x82, 0xB4, 0x8C, 0x27, 0xD5, 0x27, 0xFA, 0x98, 0x19, 0xCE, 0x86, 0x60, 0x79, 0xFE, 0x39,
    0x69, 0x56, 0xE8, 0x3F, 0xA8, 0xC6, 0x11, 0x8B, 0x68, 0x4E, 0xB0, 0x4D, 0x84, 0x00, 0x04, 0xA3,
    0x33, 0xD5, 0x5C, 0x4F, 0x08, 0x77, 0x3C, 0x0C, 0x02, 0x00, 0xEB, 0x5E, 0xB9, 0xF6, 0xFF, 0x5B,
    0x4D, 0xFF, 0x17, 0xDE, 0xED, 0x8B, 0xF4, 0xEF, 0xE1, 0x29, 0xFD, 0xBB, 0x3D, 0xE8, 0xDF, 0xA1,
    0xC7, 0x1F, 0xF4, 0xEF, 0xE8, 0x79, 0xFB, 0xF7, 0x61, 0xAE, 0x07, 0x32, 0xF9, 0xB4, 0x5C, 0x5F,
    0xB0, 0xDB, 0x67, 0x7C, 0xD2, 0x1E, 0xE4, 0x7D, 0x73, 0x90, 0xF7, 0xFB, 0x8C, 0x7F, 0x99, 0x1C,
    0xDE, 0xDC, 0x53, 0xAE, 0xC3, 0xEE, 0x63, 0x04, 0x2D, 0xB9, 0x63, 0x53, 0x53, 0x2F, 0x34, 0x6A,
    0x6D, 0xD8, 0xDB, 0x80, 0x60, 0x6A, 0x49, 0xFE, 0xAD, 0x6F, 0x23, 0xAA, 0x3A, 0xA4, 0x06, 0x22,
    0xB6, 0x66, 0xE0, 0x4F, 0xFC, 0x9A, 0x79, 0xE6, 0xD7, 0x4C, 0x3E, 0xFA, 0x08, 0x83, 0xF3, 0x6F,
    0xFC, 0x23, 0x87, 0xFA, 0x9D, 0x0F, 0x3D, 0x52, 0xCC, 0xFE, 0xE0, 0xE7, 0x1A, 0x7E, 0xF8, 0x63,
    0x8F, 0xD6, 0x50, 0xFC, 0xAC, 0xE1, 0x90, 0xFB, 0x2D, 0x86, 0x11, 0xF6, 0x22, 0x6D, 0x46, 0x44,
    0x33, 0xDA, 0xF6, 0x98, 0x68, 0x18, 0x10, 0xF9, 0x1C, 0x36, 0x3C, 0xB5, 0xF4, 0xB1, 0x71, 0x11,
    0x8F, 0xA7, 0x29, 0x33, 0xEF, 0x6A, 0xB8, 0x21, 0x5B, 0x8E, 0x69, 0x52, 0x78, 0x4C, 0x05, 0x4F,
    0x70, 0x1F, 0x1E, 0xCF, 0xC2, 0xC0, 0x53, 0x0F, 0xF1, 0x39, 0xDE, 0xC2, 0xD1, 0x5C, 0x5A, 0xC2,
    0x63, 0x59, 0x31, 0xC8, 0xB5, 0xA3, 0x45, 0xAE, 0x61, 0xAA, 0x5F, 0xF9, 0x0E, 0x82, 0xB4, 0x1A,
    0xA0, 0x3E, 0x73, 0x87, 0x32, 0x91, 0x4D, 0xE0, 0x0D, 0x09, 0x0B, 0x07, 0xA4, 0x2D, 0x01, 0x49,
    0x28, 0x60, 0x15, 0x08, 0x11, 0x12, 0x60, 0xAE, 0xA1, 0x75, 0x1D, 0xE8, 0x63, 0xEA, 0x28, 0xD7,
    0x86, 0x1C, 0x72, 0xAD, 0x4B, 0x31, 0x1F, 0x34, 0x20, 0xCF, 0xBA, 0x62, 0xD2, 0x53, 0xAE, 0x1D,
    0x76, 0xFB, 0x42, 0x35, 0x59, 0xD5, 0x66, 0x21, 0xE5, 0x9F, 0x2D, 0xC2, 0xE0, 0x94, 0x1D, 0x7B,
    0x50, 0xAF, 0xEE, 0xD9, 0x73, 0xAE, 0x87, 0x2D, 0x0C, 0xB4, 0x97, 0xC2, 0xEA, 0x36, 0x8E, 0x07,
    0xA5, 0xED, 0xBC, 0xDE, 0xD8, 0x30, 0xB8, 0x71, 0xF7, 0xC8, 0xEF, 0x8A, 0x3A, 0xB5, 0xC2, 0xFC,
    0x8C, 0xFE, 0x96, 0xD3, 0xCA, 0x3A, 0x70, 0x08, 0x31, 0x92, 0xEB, 0xD7, 0x18, 0x75, 0xB3, 0xDC,
    0x0B, 0x32, 0xF7, 0x81, 0x2F, 0xE1, 0x5E, 0x5B, 0xC2, 0xBD, 0xB6, 0x04, 0xD3, 0x29, 0x0C, 0x2A,
    0xC7, 0x65, 0x2A, 0xB0, 0x45, 0xF4, 0x8A, 0xD1, 0xFA, 0xE6, 0x34, 0x90, 0x11, 0xD5, 0xA4, 0x39,
    0xD5, 0x28, 0x92, 0x58, 0x5E, 0x14, 0x3F, 0x68, 0x92, 0x35, 0xA3, 0x78, 0x84, 0x0F, 0x95, 0x5A,
    0x6E, 0x0F, 0x33, 0x76, 0xE4, 0xDC, 0x0A, 0xE3, 0x0D, 0xC0, 0xF0, 0x3B, 0xB4, 0xEC, 0xC5, 0xAE,
    0x87, 0x4C, 0x60, 0x17, 0xC0, 0xD2, 0xA1, 0x2D, 0x1C, 0x6A, 0xD9, 0x16, 0xB7, 0xE9, 0xAC, 0xF3,
    0x73, 0xF0, 0x78, 0xC9, 0xEA, 0x81, 0xCE, 0x41, 0x2F, 0x34, 0x2C, 0x90, 0xB6, 0x23, 0x41, 0x2D,
    0x7A, 0xAB, 0xDA, 0x7F, 0x8F, 0x39, 0x38, 0x8A, 0x77, 0x4E, 0xA3, 0x78, 0xA7, 0xC8, 0x9B, 0x17,
    0xA7, 0xAF, 0x03, 0x41, 0x2D, 0x57, 0x9A, 0x1A, 0xB5, 0x77, 0xF9, 0xE0, 0xC7, 0xE3, 0x01, 0x4D,
    0x15, 0xFB, 0x7B, 0x53, 0xB9, 0x7C, 0xE9, 0xBD, 0xFF, 0xC1, 0x39, 0xD5, 0x41, 0x2E, 0x71, 0x7B,
    0xCB, 0x0C, 0xC7, 0x5E, 0x5A, 0x96, 0x0D, 0x38, 0x9F, 0xFC, 0x4F, 0x51, 0xED, 0xFA, 0xFA, 0x3E,
    0xCB, 0x00, 0xFE, 0xB5, 0x1C, 0x6D, 0x77, 0x16, 0xAB, 0xAE, 0xEE, 0xEA, 0x06, 0x2A, 0x73, 0xAC,
    0x7F, 0x10, 0xA8, 0x97, 0x5F, 0x66, 0x08, 0xB3, 0xAD, 0x7B, 0xF3, 0xFF, 0xCB, 0x2C, 0xA7, 0x69,
    0x24, 0x6D, 0xAD, 0x77, 0xF0, 0x43, 0xC0, 0x23, 0x94, 0x95, 0xB9, 0x8C, 0xBC, 0xCA, 0x52, 0xDD,
    0xE5, 0x6C, 0x71, 0x03, 0x39, 0x77, 0xE6, 0xD8, 0x16, 0x12, 0xED, 0x73, 0xE3, 0xC7, 0x3D, 0x2D,
    0xD7, 0x89, 0x46, 0x3E, 0xB0, 0x70, 0xCD, 0xF9, 0x88, 0x7D, 0xBA, 0x68, 0x79, 0xE8, 0x55, 0x53,
    0x77, 0x94, 0x67, 0x56, 0x47, 0x96, 0xA3, 0xA7, 0xCE, 0x60, 0x69, 0x27, 0x35, 0x19, 0x4C, 0x2F,
    0x1E, 0xD3, 0x8B, 0xA8, 0xF7, 0x22, 0xEA, 0xFD, 0xEF, 0x85, 0xA8, 0xFF, 0xB5, 0x92, 0xD6, 0x05,
    0x34, 0x6B, 0x47, 0x37, 0xB1, 0x6C, 0x8A, 0x15, 0xEE, 0x9B, 0x80, 0xB2, 0xCF, 0x70, 0x6F, 0x9E,
    0x71, 0x42, 0xE1, 0x89, 0xED, 0x55, 0xF3, 0xA2, 0x4C, 0xCF, 0x41, 0xBF, 0xC7, 0x8D, 0x6F, 0xF3,
    0x51, 0xED, 0x62, 0x5C, 0x09, 0x79, 0xEA, 0xBF, 0xAD, 0x45, 0xB2, 0x67, 0x62, 0xC5, 0xA3, 0x8A,
    0xD4, 0xAE, 0x36, 0x5A, 0xF7, 0x91, 0xF7, 0x6A, 0xBD, 0x18, 0x2D, 0x9B, 0xEF, 0x5B, 0xF5, 0x78,
    0xE4, 0x4F, 0x48, 0xCB, 0xFB, 0x50, 0x22, 0x7E, 0xAF, 0xA3, 0x7C, 0xE8, 0x59, 0x7F, 0xFD, 0xDE,
    0x8F, 0x7E, 0xD9, 0x5F, 0xE1, 0xC7, 0x65, 0x9F, 0xE3, 0xFF, 0x63, 0xFB, 0x9C, 0xD6, 0x31, 0xD0,
    0x99, 0x78, 0x1D, 0x5D, 0x18, 0x37, 0xCB, 0x18, 0xAD, 0xB4, 0x67, 0x1D, 0xBF, 0x4F, 0x8A, 0xAD,
    0x63, 0x0C, 0x88, 0xA0, 0x9E, 0x54, 0x4B, 0xDC, 0x01, 0xBE, 0x2A, 0x34, 0x0B, 0x2A, 0xD7, 0x44,
    0x9D, 0x83, 0x68, 0x31, 0x12, 0x27, 0x07, 0x1C, 0xE3, 0x2C, 0x46, 0xEC, 0x46, 0x33, 0xF9, 0x63,
    0xEE, 0x97, 0x1E, 0x36, 0x98, 0x55, 0xC3, 0xF4, 0x64, 0xA4, 0xCB, 0x70, 0x84, 0x69, 0x50, 0x24,
    0xB4, 0x4E, 0xDD, 0x3C, 0x73, 0xE0, 0xCB, 0xE2, 0x0C, 0x63, 0x18, 0x66, 0xDD, 0xC3, 0x3E, 0x6A,
    0xF5, 0x83, 0xA6, 0x0E, 0xBD, 0xE1, 0xC9, 0x01, 0x9B, 0xE1, 0x80, 0xDD, 0xD4, 0xAC, 0x21, 0x68,
    0x2A, 0x74, 0xDD, 0xA0, 0x4D, 0xCC, 0xA5, 0x06, 0xE9, 0x9E, 0x9E, 0xD5, 0x7A, 0xFB, 0xAC, 0x8A,
    0xEB, 0xE7, 0xED, 0x5E, 0x28, 0xAA, 0x3D, 0x71, 0x95, 0xBA, 0x3D, 0x25, 0x14, 0x05, 0xF5, 0x5E,
    0x2D, 0x32, 0x55, 0x5C, 0x50, 0x8B, 0x62, 0xC9, 0x29, 0x59, 0x7F, 0x45, 0xEF, 0x57, 0x1F, 0x91,
    0xE1, 0x60, 0x07, 0x54, 0x70, 0xE0, 0xD5, 0xC8, 0x91, 0xE6, 0xEA, 0xD2, 0x5B, 0x6A, 0xF6, 0x96,
    0xAA, 0x25, 0xC5, 0x5E, 0x20, 0x53, 0x02, 0xF1, 0x37, 0xBA, 0xE3, 0x02, 0x9F, 0xBB, 0x42, 0xA6,
    0x7A, 0x8F, 0xE9, 0xE9, 0xB7, 0x60, 0x90, 0xFE, 0x23, 0xF1, 0x27, 0x3C, 0x16, 0x6A, 0xE1, 0xF5,
    0x72, 0x09, 0x81, 0x37, 0x83, 0xAC, 0xAB, 0x70, 0x07, 0x66, 0x6E, 0xB8, 0x1F, 0x38, 0x3E, 0x9B,
    0x6F, 0x2F, 0xC1, 0x15, 0x24, 0x28, 0x8A, 0x62, 0xB0, 0x67, 0x1B, 0x4C, 0xC2, 0x36, 0x69, 0x4B,
    0x84, 0x53, 0xB4, 0x3D, 0x8D, 0xD5, 0xA8, 0xF3, 0x5F, 0xC7, 0x62, 0x3F, 0xAE, 0xF7, 0x31, 0xAE,
    0xEF, 0x6D, 0x8D, 0x6D, 0x43, 0x8C, 0x54, 0x3A, 0x8D, 0x96, 0x94, 0x8B, 0x5C, 0x74, 0xC3, 0x32,
    0x7E, 0xCD, 0xFA, 0xDB, 0xF4, 0x0B, 0x0F, 0xA2, 0xE7, 0xBE, 0x22, 0xC9, 0x21, 0x7C, 0x2E, 0x52,
    0x72, 0x41, 0xBA, 0x78, 0x23, 0xFF, 0xD5, 0x3C, 0x72, 0xDF, 0xD9, 0x0E, 0x33, 0x5B, 0x6A, 0x8F,
    0xD5, 0xCD, 0xFC, 0x9F, 0x7E, 0xD3, 0x5D, 0xFA, 0xB4, 0xA3, 0x97, 0xBA, 0x40, 0x08, 0x52, 0xAA,
    0xA9, 0xBC, 0x07, 0x58, 0xDE, 0x65, 0x4F, 0x41, 0x9F, 0x22, 0xF7, 0x31, 0xF5, 0xE3, 0xC2, 0xA1,
    0x8F, 0x54, 0x3D, 0xCE, 0xE2, 0xA2, 0x3C, 0x54, 0x0F, 0x5C, 0x4B, 0x5C, 0xCB, 0xBF, 0x05, 0xF9,
    0xA7, 0xC6, 0x52, 0x37, 0xD8, 0x44, 0x93, 0x51, 0x5E, 0x91, 0xAF, 0xB6, 0x68, 0x45, 0x66, 0xB9,
    0xDE, 0xF6, 0x2D, 0x9E, 0x9D, 0xAC, 0xB7, 0x2E, 0x1D, 0xB3, 0x6E, 0x4D, 0x2D, 0xB8, 0x15, 0x5B,
    0xF5, 0xD0, 0x69, 0xBE, 0x4F, 0x1F, 0xDF, 0x6E, 0x79, 0x87, 0x42, 0x84, 0xFD, 0xA6, 0xFA, 0xF6,
    0xC4, 0xF9, 0x1B, 0x98, 0xD4, 0x61, 0xBF, 0x03, 0x24, 0xD5, 0x88, 0xD9, 0x5D, 0xB8, 0x52, 0x07,
    0x1D, 0xE9, 0xEA, 0x96, 0x1A, 0x30, 0x1F, 0xEC, 0x48, 0x81, 0x29, 0x22, 0x81, 0x6D, 0x3C, 0xC4,
    0xA1, 0xCE, 0xA5, 0xE5, 0x9C, 0x2E, 0x1F, 0x63, 0x77, 0xF8, 0x2F, 0x21, 0x97, 0x6E, 0x99, 0x15,
    0xB1, 0x4B, 0xA1, 0x4D, 0x62, 0x1F, 0xAE, 0xD4, 0xE7, 0xDA, 0x9F, 0x1F, 0x71, 0x6D, 0x97, 0x71,
    0xCC, 0xF9, 0x1C, 0xF4, 0x04, 0x4E, 0x69, 0xB9, 0xA2, 0x3E, 0x5E, 0x78, 0xD3, 0xD9, 0x0B, 0x27,
    0x24, 0x31, 0x68, 0x83, 0xC6, 0x83, 0x52, 0xE1, 0xCE, 0x37, 0xE4, 0xB4, 0xC6, 0xF2, 0x01, 0xC1,
    0x55, 0xC2, 0x2D, 0xC2, 0x4D, 0xC2, 0x5D, 0x82, 0x5B, 0x21, 0x1A, 0xD8, 0xA5, 0x10, 0x23, 0x3A,
    0xC8, 0x81, 0xD5, 0x6A, 0x0C, 0x80, 0x34, 0x20, 0xE9, 0x48, 0x86, 0x5B, 0x54, 0x15, 0x37, 0x09,
    0x57, 0xD8, 0x9F, 0x2E, 0x4B, 0x16, 0x1D, 0xB3, 0xE5, 0x78, 0xA6, 0x66, 0x53, 0x80, 0x02, 0xD8,
    0x06, 0x54, 0x01, 0x97, 0x57, 0x8B, 0xD5, 0xD5, 0x31, 0x49, 0x78, 0x31, 0x4F, 0xAA, 0xC7, 0xD1,
    0x09, 0x52, 0x04, 0x27, 0x8B, 0x5F, 0xEA, 0xC7, 0x90, 0x23, 0x68, 0x6A, 0xB7, 0x4C, 0x0E, 0x1A,
    0xFB, 0xBA, 0x2F, 0x73, 0xFA, 0xC9, 0x97, 0x17, 0xEE, 0xC1, 0x29, 0x3F, 0xE7, 0xAE, 0x5D, 0x86,
    0xF7, 0xF2, 0x77, 0x5C, 0x81, 0x68, 0xCB, 0x1E, 0x38, 0x31, 0x20, 0x45, 0xB1, 0x76, 0x89, 0x1F,
    0x2D, 0x7E, 0xE4, 0xD4, 0x78, 0xA4, 0x43, 0x86, 0xE1, 0x05, 0x36, 0x7B, 0xBC, 0xEE, 0x40, 0xA2,
    0x63, 0x16, 0xCB, 0x02, 0x4C, 0xFD, 0x2D, 0xB4, 0x76, 0x2C, 0x54, 0x56, 0x5B, 0xAD, 0xC9, 0xBD,
    0x62, 0x0F, 0x76, 0x5B, 0x77, 0x9F, 0x43, 0xC4, 0x91, 0x29, 0xE0, 0xB8, 0x4B, 0x5D, 0x4C, 0x3C,
    0x53, 0xF5, 0x17, 0x90, 0x1F, 0x16, 0x57, 0xD5, 0xD6, 0xE0, 0xBE, 0x7A, 0x1E, 0x0D, 0x91, 0xA7,
    0xFB, 0x80, 0x54, 0x05, 0x40, 0x8D, 0xD2, 0x2E, 0x14, 0x57, 0xC5, 0x25, 0x21, 0x64, 0x84, 0xAB,
    0xAC, 0x61, 0x77, 0x58, 0xF9, 0x7A, 0x42, 0x4B, 0x60, 0xE9, 0x63, 0x38, 0x52, 0xD3, 0x74, 0xFB,
    0x59, 0xC0, 0x5E, 0x29, 0xBE, 0x0C, 0x3A, 0x80, 0x7D, 0xDB, 0xD1, 0xAC, 0x61, 0xC7, 0xD1, 0x96,
    0x8F, 0x45, 0x04, 0x3B, 0xC1, 0xA7, 0x5B, 0x72, 0x9D, 0x85, 0x84, 0x13, 0x11, 0xDA, 0xF0, 0x46,
    0xC4, 0x77, 0xE3, 0x01, 0xA9, 0x9E, 0x50, 0x7B, 0x66, 0x6C, 0x08, 0x79, 0xB9, 0x93, 0x28, 0xFA,
    0x53, 0x37, 0xE8, 0x55, 0x50, 0x15, 0x3C, 0x3C, 0x19, 0xBE, 0x66, 0x34, 0x01, 0xA7, 0xEA, 0xE2,
    0x1D, 0x8D, 0xDE, 0xE8, 0x4C, 0xF6, 0x01, 0x77, 0x06, 0x6E, 0x9D, 0x8A, 0xBA, 0x2F, 0x11, 0xEA,
    0x91, 0xE6, 0xF4, 0xA8, 0x70, 0xE4, 0x1A, 0x4D, 0x05, 0xB5, 0x8B, 0x49, 0xB1, 0x34, 0xB0, 0x4C,
    0x38, 0x2D, 0x72, 0x9A, 0x7F, 0xE6, 0xC4, 0x8E, 0xB7, 0x3E, 0xEE, 0x6F, 0x01, 0x1F, 0x0D, 0x77,
    0x88, 0x0E, 0xE1, 0x19, 0x7F, 0x88, 0x30, 0x43, 0x50, 0x22, 0xD0, 0x80, 0xE0, 0xA7, 0x40, 0xDB,
    0x10, 0x0B, 0x88, 0xC9, 0x64, 0xB8, 0x48, 0x0A, 0x08, 0x56, 0xA4, 0x99, 0x73, 0xE2, 0x7D, 0x66,
    0x1B, 0x00, 0xA2, 0xA4, 0x1E, 0x9E, 0x6C, 0x08, 0x56, 0x26, 0xAD, 0xF0, 0x5E, 0x7D, 0xF6, 0x6E,
    0x42, 0x4A, 0x59, 0xEC, 0x66, 0x31, 0xC5, 0x2C, 0xAE, 0x94, 0x51, 0x8C, 0x0D, 0x85, 0xB3, 0x6D,
    0x36, 0xC1, 0xB7, 0x33, 0x5D, 0xCB, 0x62, 0xAD, 0x31, 0x5C, 0x53, 0xDD, 0x52, 0xDA, 0x31, 0xDA,
    0x95, 0x02, 0x08, 0x39, 0x75, 0x01, 0x1E, 0x0A, 0x20, 0x0F, 0x2B, 0x2E, 0xA5, 0xFD, 0xB9, 0x81,
    0xE7, 0xDB, 0xEE, 0x43, 0xEA, 0x92, 0x2B, 0x46, 0x53, 0x4D, 0xA1, 0x9B, 0x51, 0x8F, 0xBE, 0xF5,
    0xD4, 0xD6, 0xB7, 0x87, 0xAA, 0x0D, 0xF3, 0xF9, 0x0D, 0x25, 0x96, 0x9F, 0x03, 0x85, 0x08, 0x71,
    0x70, 0x4E, 0x7B, 0x4D, 0xD9, 0x21, 0x2D, 0xDB, 0xB0, 0xC0, 0x14, 0xA4, 0x9C, 0xF4, 0x31, 0x02,
    0x62, 0x40, 0x5C, 0xB4, 0x16, 0xD1, 0x01, 0xF7, 0x37, 0x41, 0x8D, 0xAD, 0x15, 0x40, 0x55, 0x80,
    0xAC, 0xFE, 0x71, 0x04, 0xAE, 0x8D, 0x4A, 0xCA, 0xF9, 0x91, 0x91, 0xFE, 0xE0, 0x33, 0xA1, 0xAC,
    0xBA, 0xE5, 0xFA, 0x8B, 0x6C, 0xFC, 0x63, 0x11, 0xD3, 0xF3, 0xAE, 0x7C, 0x22, 0x51, 0x65, 0xD0,
    0x35, 0x35, 0xCE, 0x01, 0x44, 0xFE, 0x7D, 0x1C, 0x00, 0x4C, 0x69, 0xD2, 0xC9, 0x58, 0x76, 0xC9,
    0x9A, 0xED, 0x16, 0xA5, 0xCD, 0x1B, 0xF0, 0x1A, 0xFF, 0x06, 0xD2, 0xAB, 0x7E, 0x80, 0xF4, 0xB2,
    0x3F, 0xC0, 0x96, 0x8B, 0x9F, 0x62, 0x1F, 0xF9, 0xAF, 0x29, 0x2E, 0xB8, 0xC3, 0x94, 0xC5, 0x24,
    0x66, 0x61, 0xD9, 0x90, 0x9C, 0x45, 0x6E, 0xA1, 0xE3, 0x5F, 0x4C, 0xF1, 0xEC, 0xDF, 0x54, 0xDC,
    0x3B, 0x6F, 0x8A, 0xB3, 0xDB, 0x93, 0xD0, 0x87, 0xC4, 0x9A, 0xF9, 0x2B, 0xA2, 0x4A, 0x99, 0xFA,
    0x14, 0xBC, 0x48, 0x67, 0xA9, 0x5F, 0xA9, 0x38, 0xA3, 0x7D, 0x3D, 0xF6, 0x05, 0xFD, 0xEE, 0xB1,
    0x60, 0xD5, 0x20, 0x9B, 0xB6, 0x68, 0x35, 0x70, 0xCE, 0x82, 0x5B, 0xB5, 0xAD, 0xFD, 0x2F, 0x5B,
    0xC4, 0x74, 0x84, 0xDE, 0xD9, 0xFB, 0x04, 0xE5, 0x6C, 0xF6, 0x95, 0x13, 0xBF, 0xEC, 0xC4, 0xD2,
    0xA4, 0x7F, 0xCA, 0x73, 0xD7, 0x8D, 0xFC, 0x35, 0xED, 0xD0, 0xAD, 0x98, 0xFB, 0xBF, 0xF5, 0x7D,
    0x0E, 0x5F, 0x31, 0x84, 0xB1, 0x7D, 0x7F, 0x1F, 0xB6, 0xDA, 0x9F, 0x0C, 0xBC, 0xD3, 0xD1, 0x07,
    0x0D, 0x6B, 0x8F, 0x34, 0x56, 0xC9, 0x3F, 0x5B, 0x7A, 0x08, 0xF6, 0x57, 0x5F, 0xC3, 0xCB, 0x33,
    0x36, 0x9B, 0xB8, 0x88, 0x2A, 0xE4, 0x6B, 0xD4, 0xAE, 0x5F, 0x27, 0xEC, 0x8B, 0x61, 0xE4, 0xDB,
    0x17, 0x0A, 0xDA, 0x25, 0x72, 0xDF, 0xF3, 0x0F, 0x19, 0xFA, 0x5E, 0xB0, 0xDB, 0xB9, 0xA8, 0xAC,
    0x48, 0xF2, 0x1D, 0xC2, 0x0D, 0xC2, 0x65, 0x8F, 0x36, 0xD9, 0x0A, 0x8E, 0xC1, 0x08, 0xCA, 0x6C,
    0x94, 0xEC, 0x21, 0xB8, 0x15, 0x52, 0x16, 0x7C, 0x85, 0x6F, 0x44, 0x30, 0x5F, 0xF8, 0xCE, 0xE9,
    0xB0, 0x25, 0x13, 0x86, 0xD3, 0x5A, 0x9E, 0x26, 0x32, 0xE6, 0x47, 0xF8, 0xB7, 0x0E, 0xA9, 0x4F,
    0xF0, 0x8F, 0x05, 0x6E, 0x96, 0x5C, 0xFB, 0x54, 0x43, 0xE2, 0xBF, 0x8B, 0x7F, 0xA5, 0x8C, 0xE2,
    0x0A, 0xCB, 0xC0, 0x85, 0xFA, 0x30, 0x74, 0x61, 0xBD, 0xF2, 0xB3, 0x5C, 0xEF, 0x24, 0x2C, 0x34,
    0x2E, 0x83, 0x02, 0x21, 0x95, 0x98, 0x44, 0x15, 0x0C, 0x82, 0xA3, 0x3F, 0x1C, 0x16, 0x89, 0x69,
    0xAE, 0x55, 0x6A, 0xC6, 0xCA, 0x45, 0x7A, 0xED, 0x1E, 0xB3, 0xEB, 0x26, 0xE1, 0x06, 0xE1, 0x4A,
    0xC6, 0x1F, 0x99, 0xDA, 0x81, 0xB1, 0x65, 0xAE, 0x80, 0x1E, 0x18, 0xB3, 0x1D, 0xE0, 0x4F, 0xBC,
    0xDC, 0x46, 0xAC, 0xFE, 0x91, 0x17, 0xAF, 0xED, 0xE1, 0x60, 0x98, 0xDF, 0x71, 0xA0, 0x6E, 0x38,
    0x9E, 0x74, 0x00, 0x41, 0xAB, 0x1E, 0x0E, 0x58, 0x34, 0x0C, 0xBD, 0x86, 0xDB, 0xA3, 0xEE, 0x25,
    0x4E, 0x43, 0x7C, 0x6A, 0x48, 0x5D, 0xE6, 0xD8, 0xF6, 0x87, 0x4A, 0x9E, 0x6D, 0xB5, 0xC2, 0x1C,
    0x16, 0xEA, 0x0D, 0x17, 0x3B, 0x92, 0xD0, 0x39, 0xA0, 0x46, 0x2A, 0x7F, 0xBE, 0xE7, 0xBC, 0x9C,
    0x94, 0x53, 0xE9, 0xF2, 0x29, 0xE9, 0xD5, 0x60, 0x75, 0x2A, 0x08, 0x16, 0x54, 0xE1, 0xCC, 0x87,
    0x59, 0x6D, 0x59, 0xF7, 0x9F, 0x03, 0x1F, 0xD1, 0xF6, 0x6A, 0x1F, 0xAE, 0xCA, 0xAB, 0xE6, 0x5C,
    0x30, 0xD9, 0x60, 0x41, 0xA0, 0xF7, 0xA4, 0x60, 0x86, 0x22, 0xEA, 0xD8, 0x0B, 0x2F, 0x91, 0x69,
    0xB1, 0xB7, 0x8C, 0xD8, 0x62, 0x29, 0xDD, 0x81, 0x84, 0x49, 0xBD, 0x8C, 0x89, 0x79, 0xCE, 0x29,
    0x72, 0x07, 0xBB, 0x01, 0x8F, 0xD6, 0xA6, 0xC6, 0x30, 0xE8, 0xAF, 0x39, 0xDB, 0x0F, 0x7C, 0x72,
    0x8A, 0xF4, 0x9E, 0xFF, 0xEA, 0x84, 0x24, 0x7C, 0x23, 0x78, 0xB4, 0xF1, 0x61, 0xA1, 0x23, 0xC6,
    0x31, 0x6A, 0x67, 0xC9, 0x66, 0x6B, 0x12, 0xBE, 0x93, 0xD1, 0x3F, 0x7B, 0x48, 0xFC, 0xD7, 0x47,
    0xA3, 0x73, 0x30, 0xDC, 0x8E, 0xA9, 0x78, 0x88, 0x33, 0x20, 0x9A, 0xE8, 0x47, 0x3D, 0x37, 0xE4,
    0xAC, 0x3F, 0x96, 0x8C, 0xA8, 0x5A, 0x98, 0xFC, 0x17, 0x71, 0x0D, 0x8B, 0x16, 0xE5, 0x1A, 0x96,
    0x94, 0x0B, 0x95, 0x71, 0x53, 0xEE, 0xA9, 0xC8, 0xA7, 0x24, 0x7B, 0x49, 0x5F, 0xC1, 0x8B, 0x3C,
    0x71, 0xBF, 0x4D, 0xBA, 0xCA, 0x9C, 0xFA, 0x7C, 0xCA, 0xB9, 0x2F, 0x79, 0x51, 0x25, 0x39, 0xC7,
    0x2C, 0x65, 0x8C, 0x52, 0x20, 0xC0, 0x66, 0xF7, 0xDB, 0x02, 0xB9, 0x1A, 0x96, 0x17, 0xA0, 0x85,
    0xB4, 0x04, 0x34, 0xC1, 0x4D, 0xD0, 0x29, 0x4F, 0x81, 0x98, 0x02, 0x06, 0xA5, 0xD2, 0xA2, 0x06,
    0x76, 0xEC, 0x09, 0x46, 0x20, 0xB6, 0xC6, 0x69, 0x51, 0x9E, 0x31, 0xA1, 0x23, 0x30, 0xB5, 0x6A,
    0x7A, 0xEE, 0xE5, 0xA5, 0x7E, 0xA1, 0x9A, 0x45, 0xB8, 0x62, 0x9C, 0x45, 0x8A, 0x5A, 0x9B, 0x6C,
    0x4F, 0x19, 0x7F, 0x3E, 0xE9, 0x8F, 0x9E, 0x9B, 0xF4, 0x9B, 0xE3, 0xC7, 0xE2, 0x6B, 0x14, 0x9E,
    0xE0, 0x17, 0x6D, 0xD5, 0x24, 0xDB, 0x5A, 0x4D, 0xAB, 0xDF, 0x5F, 0x07, 0x0D, 0x98, 0xDE, 0xB3,
    0x81, 0xB3, 0x40, 0x38, 0x3D, 0x26, 0xB5, 0xCD, 0xFD, 0x4C, 0xBE, 0xF0, 0x16, 0x9C, 0x72, 0xD5,
    0x6F, 0x5F, 0xC3, 0x8F, 0x85, 0x6F, 0x13, 0x32, 0xD4, 0xF9, 0xC6, 0x06, 0xF1, 0xEC, 0x19, 0x89,
    0x1E, 0xB4, 0x62, 0x38, 0x82, 0xC1, 0x8E, 0xCD, 0x32, 0x7C, 0xC9, 0x5D, 0xF5, 0x39, 0x12, 0xCF,
    0x12, 0x7D, 0xA3, 0x9B, 0x9F, 0xF6, 0x45, 0xD5, 0x2B, 0x58, 0x06, 0xFB, 0x2A, 0xE9, 0xFD, 0xB7,
    0x46, 0x7C, 0x6F, 0x25, 0xFD, 0xCE, 0x13, 0x88, 0xEF, 0x4A, 0xDF, 0xF8, 0x99, 0xDF, 0x44, 0x59,
    0xCF, 0xC4, 0x07, 0x67, 0xB5, 0xFD, 0xF2, 0xA5, 0x5A, 0x08, 0xBD, 0x19, 0x39, 0xCF, 0x2F, 0x7F,
    0x2C, 0x9E, 0xE3, 0x4B, 0xE5, 0xD9, 0xA2, 0x21, 0x81, 0x79, 0xA3, 0x97, 0x5B, 0xE4, 0x54, 0xAB,
    0x5E, 0xBD, 0x5D, 0x70, 0x13, 0xBA, 0x93, 0xCD, 0xD4, 0xFF, 0xD3, 0x3D, 0x5E, 0x4D, 0x59, 0x1C,
    0x6F, 0x29, 0x0A, 0xEF, 0xA6, 0x14, 0x21, 0x13, 0xEA, 0x54, 0x6F, 0x1C, 0xF1, 0x4B, 0xC2, 0x7A,
    0x20, 0xA2, 0xC0, 0xB9, 0xAA, 0x55, 0x33, 0x80, 0xDE, 0xA9, 0x94, 0xD3, 0x0F, 0x3C, 0xFB, 0xAF,
    0x64, 0x00, 0x9C, 0x17, 0xB1, 0x07, 0xAB, 0x2D, 0x9E, 0x37, 0xE0, 0x90, 0x63, 0xD5, 0x75, 0x0D,
    0x7F, 0xCF, 0xE2, 0xF1, 0x1E, 0x08, 0x73, 0xE8, 0xA3, 0xF6, 0xD4, 0x50, 0x91, 0xF6, 0xA3, 0xCB,
    0xC3, 0xCD, 0x0F, 0x58, 0x89, 0xB8, 0x02, 0xE6, 0x7E, 0xC1, 0x0C, 0x39, 0x9A, 0x64, 0xF5, 0x76,
    0xCD, 0x90, 0xBA, 0x7B, 0x76, 0x72, 0xEC, 0x32, 0x04, 0x7A, 0xAB, 0xF3, 0x53, 0x41, 0x58, 0xCE,
    0x34, 0x66, 0x22, 0xA4, 0x3C, 0x1B, 0xB8, 0x15, 0xCB, 0x37, 0x4B, 0x79, 0x31, 0x37, 0x79, 0xF7,
    0xD5, 0xD3, 0x89, 0xF0, 0xD9, 0x8A, 0x93, 0x65, 0x03, 0x5C, 0x31, 0xE5, 0xDA, 0xA4, 0x73, 0x4A,
    0xC2, 0x25, 0x6C, 0xBF, 0x6C, 0xCE, 0x7E, 0x3E, 0x73, 0x85, 0x77, 0x27, 0xC6, 0xC2, 0x8E, 0x21,
    0x3E, 0x67, 0x4C, 0x3D, 0xE6, 0xA0, 0xAA, 0xF8, 0xEE, 0x53, 0xFB, 0x1F, 0x7B, 0x57, 0xE1, 0xC4,
    0x46, 0x94, 0xE5, 0xAA, 0x4B, 0x51, 0x9B, 0x39, 0x55, 0x05, 0xDF, 0xA3, 0xAE, 0x80, 0xDE, 0xE1,
    0x69, 0xFF, 0x16, 0xF6, 0x5B, 0x3D, 0xA0, 0x4E, 0x24, 0x87, 0x2D, 0x7E, 0xDA, 0xB3, 0x27, 0xB7,
    0x84, 0x86, 0xB5, 0x60, 0xBB, 0xD2, 0xD7, 0x79, 0x47, 0x5F, 0xC7, 0x85, 0xBE, 0xDE, 0x29, 0x44,
    0x78, 0xCA, 0x95, 0xBE, 0xB6, 0xA7, 0xAC, 0x54, 0xE0, 0xBD, 0x38, 0x75, 0x13, 0xE4, 0x2B, 0xDD,
    0x70, 0x0B, 0x71, 0xBB, 0x47, 0xB8, 0x6B, 0xD6, 0xA3, 0xBD, 0xB2, 0xC2, 0x5F, 0xBE, 0xF7, 0xAE,
    0xEC, 0x24, 0x0D, 0xA9, 0x18, 0xE7, 0x61, 0xB3, 0x81, 0x95, 0x55, 0x9A, 0xA0, 0x0E, 0xF8, 0x5D,
    0xFF, 0x9E, 0x33, 0x37, 0xF1, 0xBB, 0x33, 0x37, 0x84, 0x57, 0x80, 0xC3, 0xF2, 0x24, 0xDE, 0x9A,
    0x65, 0x28, 0xFB, 0x9A, 0x78, 0x1E, 0x79, 0x81, 0xBA, 0x7E, 0x14, 0x94, 0xCA, 0x01, 0x46, 0xFA,
    0x1D, 0x87, 0x48, 0xD2, 0x30, 0x69, 0x99, 0x41, 0x94, 0x19, 0x8E, 0x88, 0xC8, 0x8C, 0xEB, 0x7E,
    0xAD, 0xD4, 0xC7, 0x84, 0x6C, 0x05, 0xEE, 0xE7, 0x00, 0x6E, 0x66, 0xBD, 0x05, 0x13, 0xEA, 0xAF,
    0x9A, 0xD7, 0xB2, 0xFE, 0xD5, 0xF5, 0x39, 0xFF, 0x78, 0xE5, 0x44, 0x3D, 0x0A, 0x2A, 0x1E, 0xE9,
    0x0F, 0x20, 0xFF, 0xED, 0x42, 0x87, 0x90, 0x3C, 0x0F, 0xF1, 0xF4, 0x2B, 0xD7, 0x44, 0x3E, 0x17,
    0x63, 0x5B, 0x1C, 0xE9, 0x07, 0xCC, 0x67, 0xB0, 0x79, 0x47, 0x9A, 0x81, 0x03, 0xCF, 0x7B, 0x7A,
    0x04, 0xAF, 0x6E, 0xD8, 0x63, 0xD8, 0x53, 0xAA, 0x56, 0xC8, 0x94, 0x3F, 0x8D, 0xFC, 0xBD, 0xAC,
    0xF8, 0x0C, 0x9F, 0x67, 0xB4, 0x0F, 0x3C, 0xF5, 0x1C, 0x09, 0xE0, 0xA8, 0x47, 0x72, 0x56, 0x8A,
    0x8F, 0xE8, 0x64, 0xAF, 0x43, 0x2F, 0x02, 0x15, 0xBC, 0x4E, 0x78, 0x42, 0xAA, 0xA6, 0x7B, 0xA9,
    0x0A, 0x77, 0xEA, 0x3A, 0x94, 0xAA, 0x63, 0x71, 0x4A, 0xAA, 0xAA, 0xB6, 0x5E, 0xB3, 0x38, 0xA7,
    0x7C, 0x24, 0xB7, 0xA8, 0x20, 0x59, 0x4F, 0x10, 0x55, 0x31, 0x89, 0xDF, 0xDF, 0xA0, 0x78, 0x62,
    0x07, 0xCC, 0x5A, 0x86, 0x43, 0x4B, 0xCE, 0x89, 0x60, 0xA6, 0x46, 0xEC, 0xE9, 0xB3, 0xA2, 0x67,
    0xF6, 0xE7, 0x23, 0xD3, 0x3F, 0x73, 0x16, 0x88, 0x05, 0xA8, 0xBA, 0xA6, 0x4A, 0x27, 0x5B, 0x4B,
    0xB2, 0xA8, 0x66, 0x28, 0x4E, 0x4D, 0x2D, 0xB4, 0xA2, 0xAE, 0x56, 0x1D, 0x02, 0x5E, 0x82, 0x51,
    0x0D, 0xFA, 0x86, 0x6F, 0x72, 0x57, 0xA0, 0xB4, 0x91, 0x13, 0x56, 0x63, 0x82, 0xF6, 0xF4, 0x32,
    0x4E, 0x9C, 0x25, 0x8B, 0x04, 0xC6, 0xFF, 0x39, 0x5E, 0xF2, 0xDF, 0xE4, 0x59, 0xFE, 0x90, 0x72,
    0xF3, 0x47, 0x0D, 0xDD, 0x20, 0xAD, 0x27, 0x61, 0xB3, 0xF4, 0x6A, 0x3A, 0x0C, 0x6B, 0x96, 0x17,
    0x55, 0x99, 0x72, 0xDE, 0xEF, 0xB4, 0xBB, 0x81, 0x7D, 0x3D, 0x0E, 0x82, 0x64, 0x31, 0x7B, 0xF7,
    0xA9, 0xE0, 0x3A, 0x66, 0x6B, 0x0F, 0x2C, 0xFC, 0xF6, 0x25, 0x25, 0x8F, 0xE8, 0x9B, 0x89, 0x84,
    0x89, 0x30, 0x13, 0x5A, 0x21, 0x69, 0x28, 0x68, 0xA7, 0x28, 0x5E, 0x4F, 0xB4, 0x8D, 0xC8, 0x9F,
    0x28, 0x60, 0xE0, 0x83, 0xBD, 0xB0, 0x11, 0x2E, 0xB3, 0x01, 0x53, 0x7F, 0xB2, 0xF1, 0xFF, 0x80,
    0x15, 0x73, 0x3F, 0x69, 0x5D, 0x79, 0x47, 0xBB, 0x5E, 0x28, 0xBD, 0xEA, 0x59, 0x28, 0xAB, 0x62,
    0x6B, 0x40, 0x98, 0x6A, 0xC8, 0xFD, 0x58, 0xE0, 0xEC, 0xDB, 0x92, 0x7D, 0xE4, 0x75, 0x7E, 0x7B,
    0xAA, 0xC8, 0xDD, 0x67, 0xFA, 0xBF, 0xFD, 0xA9, 0x8A, 0xDC, 0x43, 0x4E, 0x30, 0x09, 0xD6, 0x5D,
    0xC5, 0xC3, 0x2A, 0x2F, 0x12, 0x6E, 0x29, 0x69, 0xE4, 0x5F, 0xB2, 0x0F, 0x51, 0x90, 0xA0, 0xBD,
    0x94, 0xFA, 0xCA, 0xE7, 0x50, 0x38, 0x08, 0x41, 0xA3, 0x79, 0x44, 0x93, 0x48, 0x71, 0xAC, 0x46,
    0x37, 0x4B, 0x20, 0x69, 0x6B, 0x67, 0x40, 0x9E, 0xC6, 0x1E, 0x94, 0xD9, 0x9E, 0x89, 0xED, 0x95,
    0xD7, 0x6F, 0x1A, 0xA6, 0x94, 0x22, 0xE7, 0xC8, 0x85, 0x3D, 0xF1, 0x62, 0xC4, 0xF2, 0x8A, 0x0F,
    0x7E, 0xD3, 0x15, 0x04, 0xC2, 0xC0, 0x35, 0x41, 0x8C, 0x57, 0x79, 0x80, 0x2B, 0x99, 0x92, 0xE9,
    0x18, 0x1E, 0x22, 0xC7, 0xC0, 0xC4, 0xD7, 0xAF, 0x2F, 0xF5, 0xA3, 0xE6, 0x82, 0x47, 0xFE, 0xB6,
    0x94, 0x62, 0x38, 0xDC, 0x27, 0x77, 0x77, 0x45, 0x67, 0xCC, 0x47, 0xF2, 0x79, 0x67, 0x4F, 0xC7,
    0xE2, 0xD5, 0xD3, 0xD0, 0xEF, 0x1F, 0x28, 0xD2, 0x45, 0x96, 0x5E, 0x33, 0x41, 0x63, 0xA8, 0x42,
    0x5E, 0x72, 0x05, 0x52, 0x6B, 0x5A, 0xEA, 0x0F, 0x36, 0xF8, 0x96, 0x66, 0xAE, 0x79, 0x4C, 0xB6,
    0x7B, 0x02, 0x2E, 0x58, 0xDC, 0xF8, 0x0A, 0x99, 0x40, 0xC6, 0xC3, 0x41, 0x39, 0x54, 0x65, 0xA4,
    0x5D, 0x0B, 0xCC, 0xA8, 0xC1, 0x80, 0x3F, 0x3C, 0x58, 0x12, 0x91, 0x65, 0xA4, 0xD3, 0x02, 0xE0,
    0x73, 0x79, 0xA9, 0xDC, 0x3C, 0x4B, 0x04, 0x9B, 0xD7, 0x75, 0x44, 0xC7, 0x3C, 0x85, 0x7F, 0x3E,
    0xCF, 0x75, 0xE4, 0xDF, 0x65, 0xC2, 0xE8, 0x62, 0x24, 0x84, 0xE0, 0xE0, 0x95, 0xF4, 0xC1, 0xB9,
    0xBE, 0xCF, 0xA9, 0xD0, 0x9E, 0x73, 0xBE, 0x43, 0xCE, 0x2B, 0x32, 0x24, 0xF8, 0x93, 0x10, 0x2D,
    0x46, 0xCC, 0xF0, 0xDE, 0x0E, 0x6E, 0x12, 0x5E, 0x5D, 0x43, 0xEB, 0x9C, 0x70, 0x7B, 0x1A, 0x1C,
    0xD1, 0x39, 0x3A, 0x8A, 0x25, 0x68, 0x91, 0x00, 0x9E, 0x09, 0xEF, 0xFB, 0x14, 0x8D, 0x3C, 0x75,
    0xF1, 0x72, 0x6D, 0xDA, 0xD4, 0xED, 0x49, 0x36, 0xFF, 0xBF, 0x5E, 0x99, 0x1A, 0x4E, 0x8F, 0x77,
    0xFB, 0x5D, 0x2B, 0x99, 0xA9, 0xDB, 0xF6, 0x7B, 0xBC, 0x4B, 0xB8, 0x41, 0xF8, 0xB3, 0xC3, 0x0D,
    0xF8, 0x5A, 0x42, 0x48, 0xA7, 0x88, 0xCC, 0x44, 0x77, 0xA6, 0x77, 0x2C, 0x64, 0x01, 0x4A, 0x3C,
    0x0B, 0xCB, 0x0E, 0x52, 0x24, 0xEF, 0x49, 0xC6, 0x52, 0x94, 0x8D, 0x84, 0x61, 0xA9, 0x90, 0x64,
    0xB3, 0x81, 0xEA, 0x83, 0x91, 0x07, 0x41, 0x62, 0x60, 0x91, 0xF5, 0x72, 0x1C, 0xA0, 0x08, 0x51,
    0xB1, 0x61, 0x34, 0x46, 0x0A, 0xC9, 0x72, 0x97, 0x80, 0xDD, 0x61, 0x02, 0x7A, 0x25, 0x60, 0xB4,
    0xC6, 0x39, 0xDC, 0xDD, 0xAC, 0xD4, 0xCA, 0xEF, 0x95, 0x0F, 0xFB, 0xE9, 0x2E, 0xA5, 0x73, 0xAD,
    0xB6, 0xC8, 0x1F, 0xB5, 0x59, 0x1C, 0x7B, 0x3A, 0x46, 0x92, 0x75, 0x19, 0x4A, 0x0C, 0x3A, 0x58,
    0x8F, 0x2E, 0xF5, 0x0D, 0xD4, 0xBD, 0xFE, 0xA5, 0xBA, 0xC9, 0xC6, 0x68, 0x7E, 0x17, 0x05, 0x2C,
    0x1B, 0x59, 0x3B, 0x52, 0x98, 0x42, 0xA6, 0x14, 0x0F, 0xD9, 0x48, 0x32, 0x1F, 0x41, 0xAD, 0xE6,
    0x5C, 0x04, 0xD2, 0xD5, 0x06, 0xAA, 0x14, 0xAA, 0xB2, 0x0F, 0xBD, 0x6D, 0xE3, 0x6F, 0xCF, 0x64,
    0xC8, 0x09, 0xEF, 0x77, 0xEC, 0x2B, 0xD9, 0x58, 0xB0, 0xD7, 0xF0, 0x7D, 0x12, 0x26, 0xCC, 0x97,
    0x4E, 0xEC, 0x46, 0x98, 0x9F, 0x06, 0x61, 0x3D, 0x54, 0x39, 0x14, 0xBD, 0x62, 0x2E, 0x71, 0xA2,
    0xDC, 0x4F, 0x53, 0xB9, 0x7A, 0xE4, 0x98, 0xFB, 0x8B, 0xD2, 0xBA, 0x32, 0x86, 0x9F, 0x95, 0xA4,
    0xAD, 0x3C, 0xF6, 0xEE, 0x32, 0xDE, 0x58, 0xC6, 0x2B, 0x29, 0x84, 0x20, 0xD8, 0x7C, 0x8E, 0xCA,
    0xFC, 0xBA, 0x2F, 0x71, 0x3C, 0xEC, 0x84, 0x17, 0xEE, 0xC5, 0x2E, 0xFD, 0x39, 0x4E, 0x01, 0x15,
    0x05, 0x5B, 0xCB, 0xDF, 0x71, 0x05, 0xA6, 0xCD, 0x1E, 0x38, 0x2B, 0xDE, 0xA0, 0xFD, 0xE7, 0x61,
    0xFB, 0xF6, 0x81, 0xFA, 0x60, 0xFD, 0x0E, 0x85, 0x43, 0xE4, 0xF1, 0x02, 0xCF, 0x05, 0xAF, 0x3B,
    0x1C, 0x6E, 0x3C, 0x61, 0xC7, 0x05, 0x4A, 0x3F, 0xD2, 0xBF, 0xC0, 0x42, 0xEA, 0xF9, 0xBB, 0x62,
    0xBF, 0x6A, 0x9D, 0x65, 0x48, 0xC3, 0x10, 0x6F, 0xCD, 0xC5, 0x37, 0xE9, 0x25, 0x98, 0x88, 0xAE,
    0x31, 0xD7, 0x2E, 0x47, 0x8B, 0xCF, 0x1B, 0x12, 0x67, 0xD4, 0x07, 0x5C, 0x97, 0xE0, 0xAB, 0x10,
    0xA2, 0x08, 0x15, 0x2B, 0xF6, 0x0F, 0x05, 0xC4, 0x18, 0xC9, 0x99, 0x63, 0xFE, 0x12, 0x2E, 0x8B,
    0xD8, 0xAB, 0xDA, 0x74, 0xAE, 0xF0, 0x3E, 0x33, 0x54, 0xED, 0xFF, 0x0F, 0xDC, 0xC2, 0x99, 0x71,
    0xFD, 0x27, 0x17, 0xFA, 0xA2, 0xEA, 0xC7, 0x16, 0x72, 0x6B, 0xA4, 0x45, 0x12, 0x12, 0x15, 0x3A,
    0xC4, 0x65, 0x23, 0xAB, 0x4A, 0x43, 0xC6, 0xC3, 0xAB, 0x0E, 0xBA, 0xF3, 0xF3, 0x88, 0xCC, 0x9B,
    0xB8, 0x60, 0x51, 0xCB, 0xCA, 0x86, 0xD2, 0x0A, 0x55, 0xD2, 0x86, 0xCE, 0x05, 0x43, 0x2E, 0xE2,
    0xA8, 0xD9, 0xA1, 0x11, 0x1E, 0x26, 0x39, 0x68, 0xBB, 0xD7, 0x98, 0x46, 0x09, 0x29, 0x62, 0x97,
    0x4D, 0x92, 0x99, 0x13, 0x83, 0xAD, 0xFA, 0x5E, 0x48, 0x7A, 0x46, 0xB1, 0x72, 0x3A, 0x16, 0x4F,
    0x54, 0xFC, 0xCC, 0x99, 0x1A, 0x8D, 0x0F, 0x7D, 0x5C, 0xFF, 0xBF, 0x1D, 0x7E, 0x1F, 0xF5, 0xCC,
    0xA4, 0xE7, 0xBD, 0xDE, 0x95, 0x92, 0x30, 0x8C, 0x7C, 0xCC, 0x39, 0xB0, 0x34, 0x82, 0x59, 0x30,
    0xA1, 0xD0, 0xED, 0xA8, 0x22, 0xE5, 0xEF, 0x4A, 0x28, 0xE9, 0x62, 0xF2, 0x66, 0xEF, 0xF9, 0xD0,
    0x74, 0xD3, 0xF2, 0x13, 0x85, 0x8B, 0x34, 0x4B, 0x79, 0x5A, 0xB8, 0x30, 0xF7, 0xD2, 0x9D, 0x70,
    0xD9, 0x48, 0xB8, 0x28, 0xC5, 0xEC, 0x8E, 0x90, 0x26, 0xDD, 0x0A, 0x94, 0x11, 0x41, 0xC9, 0x98,
    0x32, 0x14, 0x6C, 0x94, 0x28, 0xC4, 0xAA, 0xF6, 0x58, 0xC2, 0x2B, 0xA9, 0xBA, 0x65, 0xF6, 0x2B,
    0xDA, 0x91, 0x73, 0x91, 0x2B, 0x96, 0x79, 0x7D, 0xA5, 0xA2, 0x95, 0x57, 0xEE, 0xD2, 0x07, 0xF7,
    0x42, 0xD3, 0x73, 0x7B, 0xF6, 0x7C, 0x45, 0x3E, 0xB8, 0x52, 0xEB, 0x79, 0x18, 0xC9, 0xB7, 0x54,
    0x12, 0xF2, 0xD1, 0xA8, 0xD0, 0x18, 0x51, 0x1A, 0x9C, 0x2F, 0xC4, 0xDD, 0x96, 0xE5, 0xCC, 0x77,
    0xC4, 0x02, 0x12, 0xA7, 0x4C, 0x21, 0x67, 0xCB, 0x82, 0x47, 0x63, 0x7B, 0xF4, 0xD3, 0xBB, 0x2F,
    0xC7, 0xAE, 0xC7, 0x6B, 0xEE, 0x37, 0x98, 0xC1, 0x3D, 0xEA, 0x76, 0xF5, 0x44, 0x7F, 0xEA, 0xC6,
    0xC4, 0xBE, 0xEB, 0x09, 0xF5, 0x36, 0x87, 0xBD, 0x9C, 0x20, 0x1F, 0x00, 0xE1, 0xBC, 0x2F, 0xB3,
    0x4D, 0x6F, 0x28, 0x59, 0x47, 0xAC, 0x89, 0xEA, 0x83, 0x50, 0x80, 0x5B, 0xF2, 0x5F, 0x13, 0xED,
    0xEB, 0xBC, 0x5B, 0xA9, 0x9D, 0xDF, 0x95, 0x4E, 0x75, 0xC4, 0x8D, 0xD8, 0x8D, 0x17, 0x99, 0x0F,
    0x4C, 0xC7, 0xEB, 0x77, 0x96, 0xA3, 0x0D, 0x9D, 0xCA, 0x27, 0x83, 0xC2, 0x05, 0x53, 0xDF, 0x2C,
    0x2C, 0x9B, 0x3C, 0x21, 0xF1, 0x7F, 0x9D, 0xD1, 0xE7, 0x2E, 0x61, 0x2C, 0xBA, 0x48, 0xC2, 0xC4,
    0xBC, 0x22, 0x1A, 0x21, 0x1E, 0x11, 0x28, 0xE8, 0xB1, 0xDB, 0xD1, 0x1B, 0xE9, 0x27, 0xB4, 0x2C,
    0x3C, 0xDE, 0x57, 0x2D, 0x4D, 0x01, 0x6C, 0xC6, 0x12, 0x89, 0x4F, 0x1B, 0x11, 0x74, 0xB1, 0xA3,
    0xEB, 0x75, 0xC8, 0x8C, 0x3B, 0xFC, 0xA9, 0x1B, 0x34, 0x3E, 0xA1, 0xF1, 0x88, 0x39, 0xB2, 0x55,
    0x4C, 0xD0, 0x54, 0x70, 0x61, 0x93, 0x0F, 0x81, 0x54, 0xB3, 0x41, 0xA0, 0x58, 0xA9, 0xD9, 0x14,
    0x52, 0x43, 0x65, 0x05, 0x6A, 0xCB, 0xC0, 0xFC, 0xEF, 0x1C, 0x18, 0xE1, 0x57, 0x43, 0x88, 0x5F,
    0x40, 0xD0, 0x48, 0xC6, 0xCE, 0x0A, 0x41, 0x92, 0x18, 0xB3, 0x06, 0x7B, 0x70, 0x39, 0xEF, 0xE5,
    0xCB, 0x23, 0xDA, 0xF7, 0x9C, 0x8A, 0xA2, 0xCD, 0x0B, 0xF5, 0x12, 0x19, 0xE4, 0xD4, 0xAD, 0x86,
    0xAA, 0x67, 0x45, 0xEA, 0x2C, 0xB3, 0x9A, 0x61, 0xAF, 0x01, 0x42, 0x04, 0x5B, 0x42, 0xCD, 0xC3,
    0x56, 0xE8, 0x3A, 0x3F, 0xE1, 0x44, 0xEE, 0xA1, 0xAC, 0xFE, 0x18, 0x8A, 0x88, 0x45, 0xF9, 0x86,
    0x4A, 0xF2, 0x6B, 0xD9, 0x78, 0x53, 0x75, 0x6D, 0x0E, 0xD5, 0x8D, 0x38, 0x56, 0xCC, 0xE7, 0x91,
    0x42, 0x13, 0x4F, 0x52, 0xA8, 0x8E, 0x4C, 0xBB, 0xDC, 0x25, 0xEA, 0x96, 0x1B, 0x6A, 0x5A, 0xCC,
    0xB8, 0x3D, 0x43, 0xA5, 0xD3, 0x03, 0x2A, 0xFD, 0x2C, 0xF4, 0x81, 0x15, 0x1D, 0xE0, 0x73, 0xBC,
    0x85, 0xAC, 0xBE, 0xE4, 0x1F, 0x8B, 0x4A, 0x7B, 0xAD, 0xE8, 0x0F, 0x4A, 0xFD, 0x7C, 0x50, 0xE6,
    0x43, 0x91, 0xBF, 0x13, 0x0A, 0x3C, 0x79, 0xB2, 0x17, 0x5B, 0x9E, 0x59, 0x77, 0x6A, 0x91, 0x29,
    0xDB, 0x9D, 0x87, 0x7E, 0x89, 0x75, 0xE1, 0x7B, 0xF5, 0x79, 0xCF, 0xC0, 0x81, 0xF6, 0xB7, 0x28,
    0xB6, 0xF7, 0x55, 0xFB, 0xEE, 0x87, 0x73, 0x63, 0x9D, 0x64, 0x7D, 0x11, 0x5A, 0xB3, 0xC7, 0x42,
    0x78, 0x91, 0x59, 0x8E, 0xDD, 0xBA, 0x5A, 0x9B, 0x0E, 0x7E, 0x0A, 0xA4, 0xCC, 0x6F, 0xCF, 0x1D,
    0x86, 0x30, 0x98, 0x75, 0x90, 0x8B, 0xCE, 0x0E, 0xA7, 0x1F, 0x79, 0xC6, 0x70, 0x44, 0xBF, 0xFD,
    0x83, 0x91, 0xE3, 0x66, 0xA3, 0x4D, 0x4C, 0x72, 0x08, 0xF5, 0x03, 0x31, 0x67, 0x95, 0x74, 0x32,
    0xF0, 0x49, 0x1C, 0x9E, 0xD7, 0x2D, 0x83, 0xE6, 0x9C, 0x16, 0x94, 0xD2, 0xED, 0x4D, 0x18, 0x3B,
    0x6A, 0xB7, 0xD0, 0x2F, 0x11, 0xBE, 0x4B, 0x3C, 0xAB, 0x83, 0x3D, 0xD7, 0x38, 0xFB, 0x87, 0x1A,
    0x17, 0x8E, 0xC8, 0xB1, 0xD1, 0xFD, 0x8D, 0xC2, 0x2D, 0x55, 0xED, 0xD2, 0x58, 0x0C, 0x61, 0xCC,
    0xC6, 0xB3, 0x23, 0x82, 0x27, 0x9F, 0x4B, 0xB1, 0x2C, 0x24, 0x35, 0xE4, 0xA1, 0xC6, 0x3C, 0x10,
    0x67, 0x94, 0xC2, 0x45, 0x19, 0x86, 0x1E, 0x1C, 0x2D, 0x4A, 0x2B, 0x0F, 0x51, 0x95, 0x8A, 0xFA,
    0xB2, 0x08, 0x95, 0x6C, 0x90, 0x64, 0xF9, 0xCB, 0x90, 0x07, 0xE3, 0x48, 0xAB, 0x96, 0x74, 0x3C,
    0x3D, 0xFC, 0x57, 0x55, 0xE0, 0x25, 0xC0, 0x45, 0x06, 0x99, 0xB1, 0x75, 0xAF, 0x47, 0xB4, 0x59,
    0xBF, 0xCD, 0x47, 0x0D, 0x19, 0xCB, 0x25, 0xC9, 0x8D, 0xF5, 0x0F, 0x58, 0x46, 0xAC, 0xFF, 0x81,
    0xAA, 0x89, 0x3A, 0x54, 0x58, 0x7F, 0xD9, 0xED, 0xB2, 0xD9, 0xB0, 0xD7, 0x4B, 0x3E, 0x44, 0xDD,
    0xB4, 0xBF, 0xF5, 0x8A, 0xB4, 0xA5, 0x4A, 0x89, 0x7D, 0x1C, 0xAC, 0x01, 0xEF, 0x48, 0xC0, 0x45,
    0xD0, 0x0C, 0x06, 0x24, 0x38, 0xEA, 0x7D, 0xDE, 0xA3, 0x43, 0xB5, 0xB6, 0xAB, 0xDB, 0xAA, 0xA9,
    0x38, 0x92, 0x12, 0x76, 0x3E, 0xE0, 0xF6, 0xE0, 0xFF, 0x44, 0xC8, 0xC6, 0xAA, 0xD1, 0x73, 0x6D,
    0xBD, 0xB5, 0x7D, 0xD1, 0xA3, 0x9C, 0x8F, 0xD9, 0x6F, 0x27, 0x9C, 0x4C, 0x0C, 0xD7, 0x6C, 0xFC,
    0xC7, 0x7E, 0xF8, 0xCF, 0x3A, 0x69, 0x87, 0xFD, 0xFC, 0x3D, 0x3C, 0x72, 0x34, 0x70, 0xD9, 0x13,
    0xB2, 0x94, 0x14, 0x7D, 0xA8, 0xAF, 0xB8, 0xDA, 0x6C, 0xDB, 0xEA, 0xFD, 0x09, 0x2B, 0x3F, 0x70,
    0x59, 0xEF, 0xDF, 0x21, 0x3C, 0x58, 0xA0, 0xAB, 0x71, 0xA3, 0xAD, 0xBA, 0xD9, 0x6E, 0xED, 0x50,
    0xD7, 0x26, 0x9B, 0xAB, 0xE9, 0x3F, 0xC4, 0x9A, 0xF0, 0x78, 0x46, 0xC4, 0x99, 0xEB, 0x25, 0x8F,
    0x41, 0x3C, 0xC4, 0x97, 0x1B, 0xFF, 0x01, 0x1A, 0x17, 0x4E, 0xBD, 0x24, 0x01, 0x2A, 0x61, 0x74,
    0x41, 0xBA, 0xF2, 0xAF, 0x83, 0x4B, 0xEA, 0x66, 0xA1, 0xCE, 0x0B, 0xB7, 0x6D, 0x4E, 0x03, 0x5B,
    0x70, 0x2D, 0x8A, 0x1D, 0x3A, 0xC1, 0xC9, 0x1F, 0x34, 0x64, 0x74, 0xE8, 0xF9, 0xCC, 0x2A, 0xB5,
    0x54, 0x29, 0xAB, 0x90, 0xC2, 0x84, 0x57, 0x09, 0x76, 0x5E, 0x5F, 0xC9, 0xE9, 0x63, 0xC8, 0x3B,
    0x34, 0x29, 0x56, 0xCB, 0xA6, 0x18, 0xE8, 0x22, 0x0B, 0x47, 0x15, 0xA5, 0x6F, 0x2E, 0x68, 0x55,
    0x2E, 0xB5, 0x5E, 0xDC, 0x7E, 0x35, 0x9A, 0xAD, 0x15, 0x3F, 0xE5, 0x42, 0x98, 0x2A, 0x6F, 0x03,
    0xFB, 0x20, 0xB1, 0x50, 0x4E, 0x83, 0x69, 0x4F, 0x81, 0x13, 0xBB, 0x3D, 0xCC, 0x88, 0x0C, 0xE7,
    0x56, 0x18, 0x6F, 0x00, 0x86, 0x4F, 0x10, 0x3E, 0x4F, 0x85, 0x1C, 0x25, 0x00, 0xF3, 0x4F, 0x0B,
    0x98, 0x78, 0x3A, 0xD5, 0x12, 0x37, 0x8C, 0xB4, 0x48, 0x71, 0x16, 0x74, 0xD9, 0xFA, 0x21, 0x2D,
    0x77, 0xCB, 0xF5, 0x17, 0xD9, 0xF8, 0xC7, 0x86, 0x31, 0x79, 0xDE, 0x85, 0xF4, 0xA2, 0x44, 0xD8,
    0xA8, 0x89, 0x91, 0x65, 0xE5, 0xCB, 0x25, 0x6A, 0x48, 0x85, 0x41, 0xF6, 0x57, 0xFB, 0x12, 0x29,
    0x03, 0xD7, 0x81, 0x0D, 0xC3, 0x89, 0x09, 0x42, 0x92, 0x65, 0x85, 0x2F, 0x20, 0x4E, 0xC1, 0x44,
    0x71, 0x7E, 0x95, 0x04, 0x10, 0xF7, 0x57, 0x7C, 0xC8, 0xBD, 0x65, 0x1F, 0x0F, 0x8A, 0x68, 0xB5,
    0x43, 0x9D, 0xA2, 0x59, 0x70, 0xFB, 0x0C, 0x4C, 0x98, 0xA0, 0x38, 0xE0, 0x69, 0x45, 0x34, 0x7C,
    0x3B, 0xB1, 0xEB, 0x4F, 0xA0, 0x59, 0x59, 0xCF, 0x4A, 0xD4, 0x21, 0xA5, 0xB1, 0x45, 0x2C, 0xDC,
    0x60, 0x5D, 0x70, 0xAD, 0xAA, 0xAD, 0xB9, 0xF6, 0xBC, 0x2C, 0x9D, 0xFD, 0x23, 0xC5, 0x20, 0x97,
    0xD7, 0xEA, 0x31, 0x93, 0x3D, 0xF2, 0x67, 0x02, 0xEC, 0x14, 0x44, 0x22, 0xC3, 0x5C, 0x3A, 0x43,
    0x6A, 0xC8, 0xE0, 0xAD, 0x0C, 0x2E, 0xC9, 0xB3, 0x26, 0x19, 0xDC, 0xD3, 0x60, 0x44, 0x40, 0xA4,
    0x75, 0x0D, 0x19, 0x37, 0x16, 0x6D, 0x79, 0x4A, 0x45, 0x2F, 0x83, 0xFF, 0x71, 0x3C, 0x30, 0xB8,
    0x0D, 0x62, 0xA9, 0x59, 0xF1, 0x69, 0xC6, 0xB3, 0xC8, 0xB3, 0xD0, 0x2A, 0x52, 0x17, 0xCE, 0xEE,
    0x87, 0x1A, 0xE5, 0x78, 0xC0, 0xC2, 0xB6, 0x61, 0xC6, 0x6C, 0xC1, 0x5C, 0x2A, 0x06, 0x44, 0x4D,
    0x02, 0xC5, 0x60, 0x78, 0x9D, 0x94, 0xE1, 0x1D, 0xAC, 0x57, 0x3D, 0xA0, 0x14, 0xF8, 0x21, 0x2C,
    0xCC, 0x7F, 0x2D, 0x1B, 0x1A, 0x66, 0x42, 0xC9, 0x55, 0xDD, 0x02, 0xE7, 0xC5, 0x55, 0x22, 0x15,
    0x44, 0xC7, 0x10, 0x2C, 0x7B, 0x4A, 0x1B, 0xF0, 0xC8, 0xB7, 0x78, 0x1F, 0xEE, 0x4A, 0x47, 0x66,
    0x01, 0xAB, 0x97, 0x1D, 0x68, 0x70, 0xE6, 0xBC, 0x5E, 0x9C, 0x54, 0x53, 0x55, 0xE2, 0x64, 0x6A,
    0xC8, 0xCB, 0x48, 0x6A, 0x37, 0x0E, 0x6C, 0xE4, 0x11, 0x67, 0x2F, 0x5A, 0xEE, 0xA5, 0x6A, 0x78,
    0x1B, 0x8D, 0x46, 0x35, 0x35, 0x9F, 0x18, 0x70, 0xB9, 0x7F, 0xB7, 0xA6, 0x10, 0x19, 0xBC, 0x70,
    0x5F, 0x2B, 0x45, 0xBC, 0x8D, 0x38, 0x56, 0xA0, 0xDE, 0x26, 0x16, 0x6E, 0xDA, 0xDC, 0xFF, 0x2D,
    0xD8, 0x1F, 0x9C, 0xD2, 0xA1, 0xDE, 0xE2, 0xB0, 0xFD, 0x7D, 0x86, 0xC6, 0x4F, 0x06, 0xF1, 0x27,
    0x5A, 0xDC, 0x88, 0x6D, 0x86, 0x6A, 0x8F, 0x3F, 0x5B, 0xFA, 0x83, 0x8D, 0xEC, 0x6B, 0xD8, 0x16,
    0x13, 0x32, 0x01, 0xCB, 0x3C, 0x29, 0xFC, 0xD7, 0x3C, 0x4A, 0xF4, 0xD7, 0xB5, 0xFB, 0x54, 0xE1,
    0xA9, 0xC3, 0xDA, 0xC1, 0x46, 0xCB, 0x5D, 0x63, 0x13, 0xF4, 0x0C, 0x79, 0xFF, 0x61, 0x18, 0x7A,
    0xD8, 0xE5, 0xEC, 0x2F, 0x51, 0x44, 0xCD, 0x18, 0x86, 0xC1, 0xFE, 0xB2, 0xC3, 0xF0, 0x45, 0xFB,
    0x8B, 0x2D, 0x75, 0x2F, 0xBA, 0xE9, 0x67, 0x36, 0x44, 0xA8, 0x96, 0x1E, 0x5D, 0x4F, 0x89, 0xDC,
    0x2E, 0x43, 0xE0, 0x27, 0xCB, 0x10, 0xFA, 0x5D, 0xD0, 0x44, 0x26, 0x0F, 0x5D, 0x2F, 0xE8, 0x21,
    0x08, 0x22, 0x54, 0xF4, 0x1F, 0x22, 0x5D, 0xBC, 0xFF, 0x91, 0xEF, 0xEF, 0xDA, 0x7F, 0x7A, 0xE0,
    0xCB, 0x3B, 0xF6, 0x97, 0xEF, 0x7B, 0x73, 0x43, 0xF8, 0x9A, 0xFD, 0xC5, 0x1B, 0x9E, 0x2B, 0x6D,
    0x9E, 0x13, 0xAB, 0x8F, 0xBE, 0xEB, 0x4F, 0xC4, 0x5E, 0x5C, 0x40, 0x1D, 0x8E, 0x30, 0x56, 0x10,
    0xC4, 0x3A, 0xBA, 0x8D, 0x0E, 0x2D, 0x0A, 0xBD, 0xEE, 0x9A, 0xFA, 0x74, 0x53, 0xD1, 0x7D, 0x0D,
    0x88, 0x53, 0x35, 0x4B, 0xD2, 0x8C, 0xE7, 0xA1, 0xDF, 0xE3, 0x06, 0xAD, 0x7D, 0x54, 0xBE, 0x8C,
    0xA2, 0x20, 0x23, 0x4F, 0xF2, 0xDB, 0x5A, 0x24, 0x7B, 0x26, 0x56, 0x2C, 0xFD, 0xD1, 0x2A, 0x45,
    0xFA, 0x7D, 0xD7, 0xCD, 0x74, 0x9E, 0x99, 0xDC, 0x96, 0x06, 0x94, 0xD3, 0xE2, 0xC6, 0xFB, 0x9C,
    0x7B, 0x44, 0xF4, 0x1C, 0x3B, 0xCA, 0x9D, 0x51, 0xDB, 0x91, 0xF0, 0x5A, 0x21, 0x9D, 0x00, 0x92,
    0x6B, 0x91, 0x1A, 0xCC, 0x17, 0xBE, 0x73, 0x36, 0x87, 0xAE, 0x31, 0x5B, 0xB5, 0xE3, 0x7D, 0x40,
    0x0D, 0xA7, 0x03, 0xAA, 0xDF, 0xFB, 0xA3, 0x95, 0x3F, 0x5A, 0xF8, 0xE3, 0xF8, 0x59, 0xFE, 0xC8,
    0x76, 0xB8, 0xF1, 0x3F, 0xFB, 0xC6, 0xF9, 0xFE, 0xC8, 0xB2, 0xB3, 0x78, 0xCA, 0x1F, 0xC7, 0xB3,
    0x6A, 0x1A, 0xA3, 0x66, 0xA3, 0x1C, 0xCB, 0x16, 0x38, 0x6B, 0x6B, 0x30, 0xF8, 0x11, 0xD2, 0x63,
    0xFA, 0xA7, 0x99, 0xCF, 0xC2, 0xAE, 0xE3, 0x8F, 0x69, 0xDC, 0xA3, 0xD3, 0x20, 0xFD, 0x52, 0x70,
    0xC2, 0x8A, 0x76, 0x0C, 0x72, 0x7A, 0xAF, 0xDF, 0x4E, 0x56, 0x7F, 0x3C, 0x1D, 0xFD, 0xF1, 0x2C,
    0x81, 0x14, 0xC4, 0x19, 0x55, 0x29, 0x34, 0x8E, 0x7A, 0x62, 0x31, 0x3E, 0xDD, 0x13, 0x42, 0x74,
    0xF5, 0x62, 0x2E, 0x0F, 0xFD, 0x77, 0x89, 0x73, 0x56, 0x84, 0xFA, 0xE9, 0xAD, 0xF3, 0x68, 0xD4,
    0x4A, 0x82, 0x32, 0xF6, 0x6F, 0x83, 0x7A, 0x92, 0xA7, 0xB1, 0x84, 0x3E, 0x0F, 0xC0, 0x4B, 0x90,
    0x65, 0xA0, 0x74, 0x4E, 0x40, 0x7A, 0x56, 0xEE, 0x8A, 0x9F, 0x0D, 0x55, 0xFD, 0x03, 0x1F, 0x78,
    0x74, 0xFF, 0x47, 0x28, 0xD1, 0xF9, 0x78, 0x03, 0xC5, 0x2B, 0x73, 0x54, 0x9D, 0x99, 0x9B, 0x90,
    0xC8, 0xA9, 0xC8, 0x00, 0xE5, 0x83, 0x17, 0x59, 0xD7, 0x29, 0x5A, 0x85, 0xC3, 0x21, 0x16, 0xCA,
    0x9E, 0x5C, 0xF9, 0x94, 0xF9, 0xC0, 0x01, 0xBB, 0xE8, 0xFB, 0x3C, 0x3D, 0x7A, 0xB9, 0x12, 0x53,
    0x85, 0x80, 0xE2, 0xA9, 0x8E, 0x72, 0x62, 0x29, 0xFE, 0xF2, 0x1A, 0xD8, 0x5F, 0x77, 0xA7, 0x6A,
    0x6C, 0xEF, 0xD0, 0x02, 0x7B, 0xF1, 0x76, 0x72, 0xB9, 0xFE, 0x0B, 0xFE, 0x83, 0xF7, 0x4E, 0x0E,
    0xA8, 0x53, 0xCD, 0xB0, 0xAF, 0x1E, 0x47, 0xEF, 0x92, 0xCC, 0x77, 0xA4, 0xE1, 0x64, 0x37, 0x9C,
    0xEF, 0xF7, 0x6A, 0x53, 0x0B, 0x9B, 0x36, 0xC1, 0xA6, 0x5A, 0x29, 0x9A, 0x4A, 0x58, 0x40, 0x8C,
    0x9E, 0x2F, 0xC2, 0x02, 0xFE, 0x1B, 0x73, 0xD6, 0xEE, 0xCF, 0x17, 0x3D, 0xEC, 0xB6, 0x7B, 0xBB,
    0x3F, 0xA8, 0x7B, 0x6E, 0x87, 0x1A, 0x0D, 0x9B, 0x3F, 0x20, 0x8F, 0xB2, 0x7B, 0x34, 0xD7, 0x68,
    0x5B, 0x47, 0xCE, 0xDF, 0x86, 0x59, 0x02, 0xDD, 0x26, 0xC5, 0x11, 0x97, 0x5B, 0x40, 0xDC, 0x63,
    0x4B, 0xB9, 0x55, 0x51, 0xF6, 0x91, 0xF9, 0x3F, 0xFF, 0x37, 0xF5, 0xEF, 0x86, 0x17, 0x99, 0xEB,
    0x91, 0x6C, 0x41, 0x59, 0x4C, 0x42, 0x31, 0x8C, 0xC7, 0x74, 0xF9, 0xCF, 0xB4, 0x0A, 0x97, 0x40,
    0x08, 0xE8, 0xA9, 0x20, 0x55, 0x76, 0x9F, 0x6B, 0x2A, 0xA2, 0x25, 0xC8, 0x1D, 0xCE, 0xBF, 0x83,
    0xF7, 0x13, 0x4F, 0x76, 0x06, 0x95, 0x86, 0x88, 0xFC, 0x86, 0x33, 0x35, 0x92, 0xA6, 0x86, 0xDA,
    0x30, 0xFE, 0x7F, 0xB2, 0xAC, 0x65, 0xE3, 0xC6, 0xA9, 0x89, 0x21, 0x91, 0xB9, 0xF6, 0x66, 0x80,
    0x64, 0x52, 0xC9, 0x03, 0xEF, 0x93, 0x5D, 0xE6, 0x6E, 0x36, 0x86, 0x06, 0x51, 0x05, 0x25, 0x17,
    0xD8, 0x6A, 0xA3, 0x8E, 0x7D, 0x7B, 0x56, 0x70, 0xC4, 0x73, 0x36, 0xB2, 0xFB, 0xE0, 0x78, 0xF1,
    0x16, 0x0B, 0x08, 0x74, 0xC2, 0x98, 0x2A, 0x2C, 0x38, 0x33, 0x4F, 0xB0, 0xEE, 0xB0, 0x16, 0x9C,
    0x1B, 0x79, 0xAD, 0xDE, 0x72, 0x3F, 0xC5, 0xBC, 0x45, 0x12, 0xE7, 0x33, 0x0B, 0x0D, 0x94, 0x8C,
    0x75, 0x1B, 0xB5, 0x2B, 0x73, 0x31, 0x58, 0xF1, 0x26, 0xE0, 0x72, 0x70, 0x86, 0x53, 0x2D, 0x5C,
    0x07, 0x1F, 0xDA, 0xBC, 0x0D, 0x4E, 0x48, 0xCF, 0xB8, 0x40, 0x95, 0x3A, 0x87, 0xCE, 0x2A, 0x73,
    0x28, 0x5F, 0x70, 0xF3, 0xDC, 0xC5, 0xE8, 0x3C, 0xCD, 0x85, 0x7B, 0xB1, 0x4B, 0x06, 0x48, 0xB9,
    0xD8, 0xD1, 0xB2, 0xFC, 0x1D, 0x57, 0x60, 0xEE, 0xEC, 0x81, 0xB3, 0x8A, 0x32, 0xEF, 0x4D, 0x10,
    0x76, 0x30, 0xD6, 0xE2, 0x47, 0x06, 0x39, 0x1E, 0x21, 0xF7, 0xC0, 0x0B, 0xAC, 0x26, 0xB1, 0x83,
    0x49, 0xA9, 0x8B, 0x27, 0xF2, 0x56, 0x4C, 0xBD, 0x45, 0x6B, 0x6A, 0xC9, 0x67, 0xE9, 0x83, 0xE8,
    0x1A, 0xFD, 0x3D, 0xD2, 0x12, 0x07, 0x92, 0x52, 0xBB, 0x14, 0x27, 0xF0, 0x3D, 0x3C, 0xED, 0x28,
    0x86, 0x7A, 0xBA, 0xA6, 0x05, 0x14, 0x5B, 0xC6, 0xED, 0x10, 0x44, 0xAD, 0x14, 0x2D, 0x9F, 0xEB,
    0xC9, 0xD1, 0x06, 0x65, 0x0C, 0x55, 0xAB, 0x3B, 0x05, 0x78, 0x09, 0x5E, 0x71, 0xEB, 0xF4, 0x22,
    0x3A, 0xF2, 0xB6, 0x9A, 0x39, 0x7D, 0x70, 0xE4, 0x19, 0xDF, 0x63, 0x10, 0xB0, 0xF0, 0x4A, 0x01,
    0xD2, 0xD9, 0x50, 0x71, 0x44, 0x2C, 0x58, 0xF1, 0x50, 0xC6, 0x33, 0xBA, 0x16, 0x4E, 0x89, 0x8A,
    0xA3, 0x52, 0x2E, 0xB0, 0x82, 0xA2, 0x2C, 0xC5, 0x1E, 0x6C, 0x28, 0x9E, 0xC1, 0x79, 0x24, 0x46,
    0x09, 0x8D, 0xF4, 0xA8, 0x95, 0x02, 0xE4, 0x2C, 0x3B, 0x96, 0x4B, 0x2A, 0xEF, 0x77, 0xB2, 0xC2,
    0xAD, 0xEC, 0xAD, 0x2E, 0x43, 0x44, 0x74, 0x26, 0xD0, 0x8C, 0x63, 0x52, 0x0F, 0xF4, 0x2E, 0xC6,
    0xC1, 0x53, 0xB1, 0x23, 0x26, 0x01, 0x5B, 0x62, 0x2A, 0xCC, 0x9A, 0x3D, 0xE6, 0x5B, 0xA2, 0x45,
    0xB3, 0x31, 0x2F, 0x57, 0x2C, 0xE4, 0xF7, 0x54, 0xCE, 0x25, 0x0D, 0xB7, 0x7E, 0xA0, 0x0D, 0xA8,
    0xB5, 0xC0, 0x57, 0x76, 0xBC, 0xA6, 0x52, 0x9C, 0xD6, 0x0A, 0x81, 0x49, 0xA8, 0x0A, 0x62, 0x64,
    0xAC, 0x6F, 0x29, 0xF5, 0xDA, 0x8D, 0x4E, 0xD8, 0xD2, 0x88, 0xF3, 0xE0, 0x16, 0xE1, 0x2E, 0x81,
    0x0D, 0xFC, 0x4B, 0x84, 0x9A, 0x3D, 0xCE, 0xF7, 0xA0, 0xB5, 0x6C, 0x20, 0x7D, 0x55, 0xD6, 0x5E,
    0xF9, 0xDF, 0xAE, 0x0C, 0x8A, 0x61, 0x14, 0xCA, 0xCD, 0x9F, 0x1A, 0xE5, 0xFE, 0x54, 0xB1, 0x9A,
    0xE0, 0xD8, 0xB6, 0xA9, 0xEF, 0x38, 0x97, 0x3C, 0xFB, 0x2C, 0xA4, 0xEB, 0x4E, 0xE3, 0x73, 0xBC,
    0x45, 0xBD, 0x0A, 0x6A, 0x84, 0x68, 0x22, 0xF6, 0x3A, 0xA1, 0x70, 0x44, 0x81, 0xC9, 0xA2, 0x27,
    0xAF, 0xD5, 0x0F, 0xF1, 0xCD, 0x3D, 0x27, 0x38, 0x99, 0x7D, 0x53, 0x3A, 0xF2, 0xAF, 0x6B, 0x7B,
    0x4F, 0x76, 0x30, 0xC6, 0xE5, 0x02, 0xEF, 0x3D, 0xD9, 0xF3, 0xC0, 0x9F, 0xC1, 0xC9, 0x42, 0x7C,
    0xD4, 0x67, 0x44, 0x51, 0xB9, 0xAC, 0x7D, 0xC4, 0xA5, 0x45, 0x6A, 0xEA, 0x6D, 0x70, 0xCA, 0x2C,
    0xA7, 0x4C, 0xBF, 0x07, 0xA7, 0x5C, 0xF2, 0xFF, 0x07, 0x2B, 0x22, 0x95, 0xB5, 0xA2, 0x37, 0xAB,
    0xEA, 0x35, 0xC9, 0xB8, 0x57, 0x07, 0x81, 0xD2, 0x05, 0xCE, 0x9B, 0xC1, 0x29, 0xF7, 0xFD, 0x24,
    0x40, 0x2E, 0xD5, 0x03, 0x3B, 0x58, 0x77, 0x16, 0x18, 0xE3, 0x0B, 0xBC, 0x57, 0x9F, 0xBD, 0x8B,
    0xA4, 0xB1, 0x30, 0xF2, 0xBE, 0xF7, 0x9C, 0x85, 0x6B, 0x46, 0x92, 0x39, 0x0C, 0xC0, 0xCD, 0xB8,
    0x63, 0x74, 0x2A, 0xAD, 0xE5, 0x19, 0x32, 0xF7, 0xCF, 0x4F, 0x6E, 0xB7, 0xCA, 0xF9, 0x96, 0x6D,
    0x54, 0x18, 0xC8, 0xF7, 0x01, 0x05, 0xDF, 0x0C, 0x07, 0xE4, 0x9B, 0x25, 0x6F, 0x25, 0xB7, 0xFD,
    0xA7, 0x20, 0xB7, 0x25, 0x3B, 0xB5, 0x26, 0x93, 0x80, 0x5B, 0x53, 0xF3, 0x16, 0xE1, 0x26, 0xE1,
    0x0A, 0xE1, 0x32, 0xCD, 0x18, 0x48, 0x0D, 0x53, 0x72, 0x01, 0xF4, 0x79, 0xA4, 0xB8, 0xC5, 0xCB,
    0xB5, 0x33, 0x15, 0x95, 0xEA, 0x64, 0x38, 0xFD, 0x3C, 0xF3, 0x6B, 0x26, 0x1F, 0x3D, 0x66, 0x72,
    0xFA, 0x37, 0x7E, 0x8B, 0x19, 0x5D, 0xFD, 0xCE, 0x87, 0xDE, 0x44, 0xCE, 0x3E, 0xF8, 0xB9, 0x86,
    0x1F, 0xB6, 0x1E, 0x2E, 0x2F, 0x7E, 0xD6, 0x70, 0xC8, 0x3D, 0x87, 0x31, 0x43, 0x0B, 0x28, 0xD1,
    0x42, 0x51, 0xD5, 0x30, 0x24, 0x1A, 0x86, 0x50, 0xED, 0x06, 0x1C, 0x4F, 0xBD, 0x4D, 0x1F, 0x1B,
    0x94, 0xE0, 0xB1, 0x42, 0x14, 0x67, 0x7E, 0xAA, 0xC3, 0x60, 0xF6, 0x22, 0x25, 0xD0, 0xF2, 0x55,
    0x0A, 0x84, 0x6E, 0x8F, 0xF4, 0x2F, 0x17, 0x7E, 0x61, 0xC9, 0x11, 0x91, 0x0A, 0x65, 0xC2, 0xD2,
    0xD9, 0x64, 0xFA, 0x33, 0x27, 0x76, 0xBC, 0xF5, 0x71, 0x7F, 0x0B, 0xF8, 0x68, 0xB8, 0x43, 0x74,
    0x23, 0xF0, 0x43, 0x78, 0x16, 0xE1, 0xE0, 0x3B, 0x62, 0xDD, 0x12, 0x6D, 0x43, 0x2C, 0x4A, 0x0F,
    0xF6, 0x7F, 0x11, 0x3B, 0xC3, 0x8B, 0x99, 0xEF, 0x81, 0xB9, 0x3F, 0x54, 0x21, 0xCD, 0x3E, 0x64,
    0xC3, 0xF2, 0xB9, 0xF6, 0x70, 0x91, 0x4C, 0xBA, 0x62, 0x85, 0x2A, 0x5F, 0x88, 0x74, 0x84, 0x2F,
    0xCE, 0x09, 0xEF, 0xF2, 0xA0, 0xA2, 0xF2, 0xA2, 0x12, 0x83, 0xCC, 0x26, 0xEB, 0x58, 0xDA, 0xB2,
    0xA1, 0x6A, 0x14, 0x3A, 0x3A, 0xBC, 0xF1, 0x2C, 0xCF, 0x08, 0xF9, 0x94, 0xC9, 0x4B, 0x85, 0xD0,
    0xCE, 0x21, 0xE0, 0x88, 0xB3, 0xD0, 0x31, 0xF8, 0x36, 0x23, 0xEB, 0x44, 0xDC, 0x73, 0xB6, 0xA4,
    0x07, 0x0F, 0xC4, 0x2A, 0x6C, 0x61, 0x79, 0xC3, 0x4E, 0x6E, 0x15, 0xCB, 0x56, 0xCA, 0xB0, 0x16,
    0x6A, 0x63, 0x91, 0x63, 0x29, 0x61, 0x94, 0xA2, 0x53, 0xCE, 0xE5, 0x25, 0xDF, 0x55, 0xD4, 0x82,
    0x43, 0xC0, 0xA4, 0xF9, 0x0A, 0x1C, 0x62, 0x31, 0x51, 0x85, 0x8C, 0x66, 0x24, 0xF2, 0xED, 0x6E,
    0xB7, 0xC1, 0x08, 0x4C, 0x07, 0x25, 0x80, 0x13, 0x6E, 0xFD, 0x5B, 0x90, 0x92, 0x86, 0x5B, 0xA8,
    0x9B, 0xA8, 0xE6, 0x19, 0xF1, 0xC0, 0x50, 0xBC, 0xDA, 0xBA, 0x61, 0x31, 0xD3, 0xF5, 0xB6, 0x6F,
    0xF1, 0x2C, 0x8A, 0xC0, 0x37, 0x5C, 0x4A, 0x0E, 0x94, 0xF4, 0xA2, 0x07, 0xDA, 0x79, 0x40, 0xEC,
    0xBC, 0x3C, 0xEB, 0x81, 0xE1, 0x09, 0x0F, 0x4C, 0xCF, 0xF6, 0x40, 0xBB, 0xF3, 0x40, 0x17, 0x3C,
    0x90, 0x0F, 0xD4, 0x40, 0x7B, 0x0F, 0x20, 0xB3, 0x27, 0x79, 0xC0, 0xB3, 0x84, 0xC4, 0x8C, 0x64,
    0xF6, 0x75, 0x79, 0xE0, 0x21, 0x9B, 0x3B, 0xAB, 0x37, 0xB6, 0xEF, 0xD2, 0xF6, 0xAE, 0x29, 0x7E,
    0xE3, 0x75, 0x65, 0xED, 0x74, 0x8A, 0x00, 0xFD, 0xEE, 0xD6, 0x5B, 0x58, 0xCF, 0x70, 0x23, 0x25,
    0x76, 0xBB, 0xE1, 0x28, 0x0C, 0xE9, 0xAF, 0x47, 0x9C, 0x8A, 0xC9, 0x7E, 0x34, 0xB2, 0xB3, 0xDA,
    0x6F, 0x8D, 0x86, 0x0A, 0x23, 0x54, 0x99, 0x59, 0x43, 0xE4, 0x34, 0xC4, 0x23, 0x57, 0xC1, 0xC1,
    0x68, 0x00, 0xCF, 0x64, 0xD3, 0x0D, 0x56, 0x2E, 0xC7, 0xCD, 0x99, 0x47, 0xD0, 0x3B, 0x95, 0xB9,
    0x9B, 0x38, 0x65, 0x0C, 0x77, 0xE1, 0x4E, 0x0C, 0x53, 0xFE, 0x98, 0x2C, 0x62, 0xF2, 0xE8, 0x4F,
    0x58, 0xD6, 0xFB, 0x37, 0x38, 0x44, 0x75, 0x0B, 0xAD, 0x97, 0xF9, 0xC7, 0x9E, 0x01, 0xCB, 0xE6,
    0xE4, 0xDF, 0xC7, 0xA6, 0x3B, 0x26, 0xB4, 0xED, 0x2B, 0x04, 0x09, 0xB5, 0x83, 0xFF, 0x4B, 0x04,
    0xF2, 0x31, 0xE9, 0x3C, 0xC8, 0xD5, 0xFC, 0xDF, 0x4A, 0xFB, 0x58, 0xE4, 0xB3, 0x24, 0x7A, 0x69,
    0x05, 0xB8, 0x63, 0x88, 0x4E, 0x24, 0x43, 0x90, 0xA0, 0x7F, 0x47, 0x06, 0x36, 0x4B, 0xCE, 0x90,
    0x77, 0x8B, 0x73, 0x8B, 0x6F, 0x07, 0xAE, 0x2D, 0xA2, 0x7B, 0x9A, 0x63, 0xD3, 0x23, 0x8D, 0xA0,
    0x50, 0x87, 0x9C, 0x71, 0x86, 0xAC, 0x89, 0x02, 0x36, 0xA1, 0x8B, 0x87, 0x3A, 0x32, 0x90, 0xAC,
    0x00, 0xC3, 0x69, 0x95, 0x19, 0x29, 0xFB, 0x76, 0xEF, 0xE6, 0x0D, 0x9D, 0xDC, 0x54, 0xEB, 0xF4,
    0xDB, 0xA8, 0xBC, 0x1C, 0x22, 0x9C, 0x17, 0x4B, 0xC6, 0x99, 0x08, 0x67, 0x63, 0xA7, 0x1E, 0xA1,
    0x8B, 0x0B, 0x68, 0x39, 0x4A, 0x9A, 0x45, 0xC9, 0x85, 0x0B, 0x32, 0x4E, 0x9A, 0xAC, 0x09, 0x1A,
    0x0E, 0x12, 0xEE, 0x04, 0x5B, 0x6E, 0x29, 0xE0, 0x22, 0x1A, 0x4C, 0x9A, 0xBD, 0xE1, 0xC1, 0xE4,
    0xDC, 0x9B, 0xFD, 0xA8, 0x06, 0x6D, 0x2D, 0x51, 0x27, 0x6F, 0xE0, 0xD7, 0xED, 0xCB, 0xAB, 0xFA,
    0x23, 0x30, 0x6A, 0x0D, 0x83, 0x16, 0xC0, 0xBD, 0x75, 0x7E, 0x0F, 0x20, 0x53, 0x2D, 0xA0, 0x22,
    0x55, 0xAC, 0xB7, 0x78, 0xDC, 0x9B, 0xAA, 0x87, 0x3D, 0xC5, 0x7C, 0x9B, 0xC7, 0x05, 0xDE, 0xB1,
    0x91, 0x6E, 0x08, 0xAB, 0x75, 0x88, 0x82, 0x89, 0x3E, 0x2C, 0x1F, 0x6F, 0x7C, 0x73, 0x4D, 0x1B,
    0xE3, 0xC4, 0xB6, 0x5B, 0x66, 0x0C, 0x17, 0xE7, 0xC4, 0x94, 0xF5, 0x7D, 0x9C, 0x2D, 0xAA, 0x7F,
    0xEE, 0xD9, 0xFE, 0x20, 0x1E, 0x10, 0xF4, 0xF0, 0x1A, 0x12, 0x47, 0x10, 0xB9, 0xD0, 0xC5, 0xCD,
    0xBF, 0x84, 0x2D, 0xF9, 0x7D, 0xB4, 0xA9, 0x5F, 0xCE, 0xBA, 0xF2, 0xB7, 0xDC, 0xA9, 0xF4, 0x3B,
    0xB4, 0x73, 0x82, 0x9D, 0x2F, 0xBF, 0xA0, 0x9D, 0x26, 0x58, 0xAA, 0xFE, 0x3C, 0x17, 0xFD, 0xE9,
    0xFF, 0x1C, 0x58, 0x7D, 0x56, 0xF3, 0x19, 0xEA, 0x03, 0x6A, 0x3E, 0xB3, 0x6A, 0xBE, 0x2D, 0xB5,
    0x08, 0x02, 0xEF, 0x36, 0x74, 0x46, 0xD0, 0x7C, 0x5D, 0xEA, 0x16, 0x42, 0x92, 0x06, 0x39, 0xB5,
    0x81, 0xE6, 0x58, 0x34, 0x5F, 0xEA, 0x42, 0x8F, 0xB9, 0x27, 0xA1, 0x12, 0x72, 0xD5, 0xEF, 0xA2,
    0x7E, 0xBB, 0x6A, 0xBE, 0x46, 0xDB, 0x49, 0x5D, 0xD0, 0x7C, 0x53, 0x1A, 0x72, 0x9E, 0x62, 0x25,
    0xA5, 0x1F, 0xA8, 0x64, 0x82, 0xE6, 0xC3, 0x12, 0x8B, 0xE6, 0xE3, 0xEA, 0xAD, 0xF6, 0x33, 0x6F,
    0x55, 0x9B, 0xCC, 0xAA, 0xF9, 0x28, 0x4F, 0x4F, 0x6B, 0xBE, 0x2A, 0xE8, 0x5E, 0xFF, 0xAD, 0xF1,
    0x60, 0xB8, 0x15, 0x7E, 0x3C, 0xE7, 0x43, 0xB1, 0xD7, 0x04, 0xB1, 0xB7, 0x0D, 0x62, 0x6F, 0x13,
    0xC4, 0x1E, 0x84, 0x8F, 0x29, 0x62, 0x79, 0x2B, 0x7B, 0xC7, 0xB1, 0xAB, 0xA5, 0x3F, 0x71, 0x2C,
    0xE1, 0x69, 0x50, 0xB2, 0x79, 0xD0, 0xB1, 0x14, 0x7B, 0x9D, 0xC4, 0x9E, 0x32, 0xFE, 0xCF, 0x25,
    0xF6, 0xA0, 0xF9, 0x92, 0x53, 0x62, 0xAF, 0xA1, 0xD8, 0xA3, 0xAA, 0xEC, 0xD8, 0x18, 0xD8, 0x10,
    0x78, 0xED, 0x5A, 0x02, 0xB6, 0xCF, 0xD0, 0xC0, 0x94, 0x5D, 0xF1, 0x51, 0x3D, 0x58, 0xEC, 0x03,
    0xD2, 0x05, 0xD2, 0x12, 0xCE, 0x51, 0x7F, 0xA0, 0x6C, 0x83, 0xBF, 0xC8, 0x32, 0x2C, 0xA2, 0xC3,
    0x32, 0x99, 0x71, 0x36, 0x2C, 0xF0, 0xB8, 0x0A, 0x5C, 0x35, 0xBA, 0x37, 0xB2, 0x73, 0xF2, 0x73,
    0x3D, 0xC2, 0xEF, 0x5D, 0x4A, 0x1D, 0x75, 0xFD, 0x1A, 0xDA, 0x05, 0xE5, 0x8F, 0xDF, 0xF2, 0x4A,
    0xBA, 0xEA, 0xB4, 0xF1, 0xC8, 0xE3, 0x34, 0x94, 0xA2, 0xCE, 0x9E, 0xD4, 0xDD, 0xE7, 0x14, 0x64,
    0x68, 0xB3, 0x15, 0x0C, 0xE4, 0x65, 0xC9, 0xF7, 0xAA, 0xFE, 0x22, 0x8A, 0xA3, 0xC5, 0x55, 0xA1,
    0x60, 0x56, 0xE1, 0x79, 0xEC, 0xF7, 0x21, 0x4B, 0x32, 0x64, 0x8A, 0x9F, 0x2D, 0xAF, 0x32, 0xC5,
    0x7E, 0xF3, 0xBE, 0x30, 0xB6, 0xB9, 0x48, 0xBE, 0x46, 0xD2, 0x9C, 0x52, 0x89, 0x29, 0xAD, 0x7A,
    0xF3, 0x12, 0xF7, 0x9C, 0x4D, 0x94, 0x11, 0x3C, 0xFF, 0x0B, 0xB8, 0xBE, 0x02, 0x8D, 0x51, 0x6D,
    0x33, 0x57, 0xD1, 0x66, 0xED, 0x19, 0x6B, 0xBE, 0x72, 0x8D, 0xF3, 0x0E, 0x2C, 0xF7, 0xF8, 0x6D,
    0xC0, 0xBA, 0xED, 0x55, 0x14, 0xE9, 0x2F, 0x6F, 0xE6, 0x40, 0x19, 0xD8, 0x5E, 0x6C, 0x13, 0x08,
    0x45, 0xCD, 0x74, 0xA3, 0x36, 0xA9, 0xE1, 0xFB, 0x62, 0x0C, 0x94, 0x35, 0x5C, 0x7F, 0x68, 0xF2,
    0xE1, 0x16, 0x7C, 0x56, 0x9D, 0xD4, 0x2D, 0xE6, 0xD9, 0xE6, 0xA2, 0x9A, 0xDD, 0x92, 0xE7, 0x2C,
    0x7D, 0x01, 0xCB, 0x73, 0x62, 0x42, 0x8A, 0xC3, 0xED, 0x64, 0xD8, 0x4B, 0x07, 0x8A, 0x23, 0x12,
    0x26, 0xC2, 0x4C, 0x68, 0x83, 0xF0, 0x25, 0xC6, 0x8E, 0x88, 0x6A, 0x0B, 0x04, 0x29, 0xA3, 0xEE,
    0x90, 0x12, 0x71, 0xC2, 0x5E, 0xD8, 0x08, 0x4F, 0x29, 0x0E, 0xB8, 0x52, 0x8A, 0xC3, 0x85, 0x75,
    0xC3, 0x1E, 0x98, 0xCC, 0x70, 0x84, 0x60, 0x38, 0xBB, 0xC1, 0xBD, 0x0A, 0x23, 0x31, 0x6D, 0xB9,
    0x3E, 0x9A, 0xC0, 0x86, 0x90, 0x10, 0x32, 0xC2, 0x55, 0x2A, 0xAE, 0x3B, 0x54, 0x5C, 0x92, 0xBA,
    0x2D, 0xA1, 0x5C, 0x04, 0x18, 0x73, 0xBC, 0xDB, 0xCF, 0x82, 0xCE, 0x45, 0xBA, 0x92, 0x3A, 0x26,
    0x67, 0xC0, 0x78, 0xB0, 0xE5, 0x59, 0xA7, 0x58, 0x39, 0xC5, 0xCA, 0x29, 0x47, 0xFF, 0xCC, 0x4E,
    0xB9, 0x24, 0xA7, 0x68, 0x45, 0xA2, 0x29, 0x5E, 0x67, 0xFF, 0x7A, 0x30, 0x2F, 0x60, 0x5F, 0x77,
    0x4F, 0x3A, 0xE5, 0x6D, 0x9A, 0xF3, 0xF6, 0xA7, 0x75, 0xCA, 0x3A, 0x4B, 0x58, 0xE3, 0xDC, 0x25,
    0xAF, 0x97, 0x24, 0x35, 0x93, 0x0A, 0x1B, 0x36, 0xFE, 0x2B, 0x84, 0x2E, 0xE4, 0xC6, 0x80, 0x0A,
    0x90, 0xB3, 0x1A, 0x64, 0x13, 0x02, 0x34, 0x61, 0xA5, 0x43, 0x5E, 0x36, 0x21, 0xD6, 0x04, 0x1B,
    0x96, 0x8C, 0x78, 0x0F, 0x33, 0x0A, 0x7B, 0xEC, 0xAA, 0x0E, 0x3E, 0x47, 0xBD, 0xCD, 0x06, 0xA4,
    0xB4, 0x45, 0x16, 0xFC, 0xCA, 0x37, 0x1B, 0xA9, 0x22, 0xC5, 0x76, 0x74, 0x9D, 0x0A, 0xAB, 0x28,
    0x79, 0x2E, 0xBC, 0x9E, 0x38, 0x19, 0x30, 0x8C, 0x0D, 0x4B, 0x37, 0xB3, 0x66, 0x28, 0x9C, 0x6D,
    0xB3, 0x09, 0xC6, 0xCC, 0x34, 0x97, 0x0E, 0xD5, 0x18, 0xAE, 0xA9, 0x6E, 0xB9, 0x52, 0xCE, 0xEC,
    0x0A, 0xD9, 0x26, 0x5A, 0xFE, 0xCA, 0x35, 0x29, 0xAE, 0x59, 0xA7, 0x8C, 0x94, 0x8F, 0xFC, 0x07,
    0x81, 0x6E, 0x14, 0x22, 0x56, 0x60, 0x38, 0xB0, 0x2C, 0x16, 0x45, 0xDA, 0xA0, 0xD5, 0x74, 0x3C,
    0x22, 0x36, 0x42, 0x20, 0x3B, 0xDF, 0x69, 0xE4, 0xEF, 0x65, 0xC5, 0x67, 0xF8, 0x7C, 0x44, 0x65,
    0x6B, 0x90, 0xBB, 0xB9, 0x63, 0x87, 0x41, 0xA9, 0x06, 0x63, 0x8D, 0xFD, 0x47, 0x34, 0x2C, 0xD4,
    0x51, 0xC5, 0x38, 0x5C, 0x7A, 0xAE, 0x25, 0xE9, 0xDE, 0x12, 0x38, 0x44, 0xD7, 0xA1, 0x25, 0x63,
    0x71, 0xDA, 0x92, 0xBC, 0xB9, 0xCB, 0x40, 0xF8, 0x85, 0xDF, 0x61, 0xDE, 0x1C, 0x50, 0xDB, 0xE7,
    0xB6, 0xB3, 0x93, 0x9D, 0xED, 0x73, 0xD8, 0xD9, 0xCA, 0xCE, 0x4E, 0x76, 0xF6, 0x07, 0x76, 0xCE,
    0xC1, 0xCE, 0x0F, 0xCE, 0xB5, 0xF3, 0xC5, 0x4E, 0xF3, 0x1C, 0x1F, 0x6C, 0x9F, 0xEE, 0x03, 0x09,
    0x0F, 0x29, 0x0E, 0xC1, 0x81, 0xEA, 0xA0, 0xF5, 0x09, 0xA3, 0xD0, 0xEE, 0x48, 0x4E, 0xD5, 0xA4,
    0xB0, 0xB3, 0x44, 0x8E, 0x58, 0x92, 0x9C, 0x02, 0x7E, 0x11, 0xB5, 0xE9, 0x03, 0xA0, 0x1F, 0xF5,
    0x24, 0x2E, 0x0B, 0xAC, 0x37, 0x3A, 0xF1, 0xA0, 0x7F, 0xCB, 0x37, 0x6A, 0x12, 0x0E, 0xF4, 0x67,
    0x64, 0xCE, 0x5C, 0x3B, 0xCE, 0xDC, 0x1B, 0xED, 0x44, 0xAB, 0x3D, 0x9B, 0xE4, 0x3C, 0x34, 0xAC,
    0xC9, 0xF0, 0xE6, 0xF6, 0xD6, 0xEB, 0xBE, 0xF9, 0x62, 0x20, 0x38, 0xA8, 0x07, 0x3E, 0x5C, 0xD4,
    0x94, 0xF8, 0xFB, 0x02, 0x7E, 0xBF, 0x81, 0xE5, 0xC0, 0xE6, 0x1B, 0xD2, 0x09, 0xD6, 0x82, 0x4B,
    0xFE, 0x44, 0x6D, 0x98, 0xB4, 0x61, 0xC1, 0xF9, 0xBC, 0xDE, 0x6E, 0x59, 0xAC, 0x5A, 0x95, 0x2C,
    0xF4, 0x2C, 0x88, 0x20, 0x1E, 0x6E, 0x4C, 0x61, 0x58, 0x52, 0x7A, 0xA1, 0x29, 0xF6, 0xA4, 0x75,
    0x39, 0xD9, 0x55, 0x4B, 0xCA, 0x52, 0xA0, 0xCD, 0x61, 0xB6, 0xFE, 0x1E, 0x89, 0xC1, 0xC8, 0x0D,
    0xC7, 0xD3, 0xA8, 0xCD, 0x06, 0x4E, 0x21, 0x9E, 0x23, 0x02, 0x63, 0x82, 0x5B, 0xD9, 0x4F, 0x23,
    0x85, 0x58, 0xFC, 0xB1, 0x68, 0x91, 0x1E, 0x0C, 0x24, 0xCC, 0x5C, 0x3E, 0xA4, 0xFD, 0x92, 0x03,
    0x82, 0xEE, 0xEC, 0x36, 0x6B, 0xDF, 0xFA, 0xA1, 0xF6, 0xF7, 0xD1, 0x03, 0xE0, 0x2B, 0x0A, 0x0A,
    0xCB, 0x6A, 0x58, 0x51, 0xC0, 0xDE, 0x43, 0x64, 0x95, 0x13, 0x75, 0x07, 0xC5, 0xDD, 0xFB, 0xD8,
    0xB5, 0xFD, 0x09, 0x7B, 0xDD, 0xFF, 0xA6, 0x06, 0x24, 0xFF, 0xC8, 0xB8, 0x56, 0x42, 0x8F, 0x8B,
    0x34, 0x6D, 0x14, 0xEE, 0x4E, 0x41, 0x66, 0xCC, 0x17, 0x21, 0x45, 0xCC, 0x9D, 0x82, 0x34, 0x5E,
    0x12, 0x46, 0xFC, 0xEA, 0x44, 0xED, 0xE5, 0xD9, 0x99, 0xB2, 0xEC, 0xB9, 0xA2, 0xCF, 0xC1, 0x73,
    0xB7, 0x16, 0xE4, 0x64, 0x62, 0x82, 0xA4, 0x4A, 0x90, 0x4C, 0x09, 0x42, 0x4E, 0x84, 0x5B, 0x5B,
    0xBA, 0x84, 0x8E, 0xB0, 0x2D, 0xFD, 0x56, 0x74, 0x5C, 0x25, 0xFB, 0x0D, 0xDD, 0x91, 0x7E, 0xDC,
    0xCB, 0x29, 0x9D, 0x9C, 0x22, 0xBF, 0x85, 0x86, 0x5B, 0x6B, 0x05, 0x6E, 0x21, 0xBE, 0xCF, 0x07,
    0x13, 0x3D, 0x98, 0x90, 0x6E, 0xE0, 0x71, 0x3D, 0xF2, 0x66, 0xE8, 0x3A, 0x24, 0x6E, 0x22, 0x71,
    0x82, 0x73, 0x78, 0x1C, 0xF8, 0x10, 0x0B, 0x76, 0xEB, 0x21, 0x1A, 0xCB, 0xA2, 0x23, 0xE1, 0x6A,
    0x98, 0xBD, 0x5B, 0xA6, 0x6D, 0x88, 0x51, 0xC4, 0x39, 0x6C, 0xB3, 0x3F, 0x26, 0x69, 0xFA, 0x25,
    0xDC, 0x92, 0x3D, 0xEA, 0xB9, 0xB7, 0x8E, 0x6B, 0x35, 0x0B, 0x44, 0x5A, 0xD5, 0xAF, 0xDB, 0xA2,
    0x0B, 0x2F, 0xC7, 0x78, 0xF6, 0x2B, 0x39, 0x29, 0x11, 0x9D, 0x5C, 0x4D, 0xB2, 0x4E, 0x8B, 0x5E,
    0x32, 0xAF, 0xD2, 0xC8, 0xED, 0x1D, 0x6E, 0xE0, 0x7D, 0xDE, 0xF0, 0xDF, 0x74, 0x8C, 0x16, 0x3E,
    0x9D, 0x74, 0x0C, 0x8E, 0xB8, 0x7C, 0xED, 0xA9, 0xD1, 0xD8, 0x7E, 0x72, 0x34, 0x36, 0xBB, 0x68,
    0x1C, 0x9E, 0x27, 0x1A, 0x03, 0xDF, 0x66, 0x34, 0xB6, 0x9F, 0x1C, 0x8D, 0x71, 0x37, 0x92, 0xC1,
    0x63, 0xC6, 0xF4, 0x17, 0x24, 0x4B, 0x0F, 0xF0, 0x58, 0xFE, 0x55, 0xAC, 0x9B, 0x27, 0x78, 0xF4,
    0x42, 0xF4, 0xBB, 0x05, 0xE7, 0x03, 0x06, 0x27, 0xA7, 0x2A, 0xFE, 0x8E, 0xC1, 0xF9, 0xEB, 0xA7,
    0x04, 0x67, 0xF4, 0xC9, 0xC1, 0x99, 0xB5, 0x3C, 0x82, 0xE2, 0x37, 0x7E, 0x87, 0x59, 0x3B, 0x9D,
    0xA5, 0x68, 0xBF, 0xF1, 0x74, 0x26, 0x11, 0xCE, 0xAC, 0x67, 0x96, 0x71, 0x52, 0xEF, 0x27, 0xD1,
    0xEF, 0x71, 0xE3, 0xDB, 0x7C, 0x54, 0x41, 0x1E, 0xD5, 0x02, 0x46, 0x96, 0x91, 0x6F, 0xAB, 0x2E,
    0x67, 0xCF, 0xC4, 0x6A, 0x61, 0x8B, 0xED, 0x82, 0x77, 0xA1, 0xAF, 0x36, 0xBE, 0xE8, 0x03, 0x98,
    0xE9, 0x8C, 0xA6, 0xA2, 0x39, 0xBE, 0x80, 0xE7, 0x08, 0xC7, 0xE0, 0x23, 0xA0, 0xFC, 0xDA, 0x0D,
    0xC1, 0xAD, 0x90, 0x4E, 0x31, 0x63, 0x40, 0xC4, 0x94, 0x05, 0xEC, 0x0B, 0xDF, 0x99, 0x25, 0x8D,
    0x56, 0x90, 0xE3, 0x6A, 0xAE, 0x29, 0x53, 0x51, 0x56, 0x05, 0x47, 0x2C, 0x83, 0x78, 0xA0, 0x26,
    0x54, 0x04, 0x4B, 0xB8, 0x4A, 0xB8, 0x7C, 0xF0, 0xFA, 0xF3, 0xC2, 0x11, 0x2A, 0x31, 0x0C, 0x74,
    0x0B, 0x98, 0x44, 0x91, 0xA6, 0xF8, 0x19, 0x96, 0xA3, 0x32, 0x1B, 0x45, 0x5C, 0x2F, 0x49, 0x47,
    0x5A, 0x3E, 0xA2, 0x35, 0xC0, 0x98, 0x78, 0x08, 0xD7, 0x06, 0x57, 0x44, 0xA9, 0x6B, 0xCE, 0xBB,
    0x12, 0x94, 0x6B, 0xCB, 0x96, 0x43, 0x22, 0xCB, 0x50, 0x67, 0x12, 0xC7, 0xCB, 0xB5, 0xE9, 0x16,
    0x0D, 0xBA, 0xD0, 0x2B, 0x51, 0xAD, 0xDD, 0x70, 0x0E, 0xCD, 0xAB, 0x42, 0x3B, 0x5A, 0x86, 0x23,
    0xF8, 0x08, 0x54, 0x51, 0x86, 0x90, 0xDA, 0x3D, 0x63, 0xA0, 0x20, 0xE2, 0x80, 0x53, 0xD7, 0x30,
    0xEB, 0x5E, 0x22, 0xFA, 0x37, 0x43, 0x64, 0xEA, 0xC9, 0xF3, 0x06, 0xD0, 0x5B, 0x0E, 0x29, 0x39,
    0x22, 0xEC, 0x06, 0xA5, 0x9C, 0x70, 0x10, 0x83, 0x36, 0x31, 0x97, 0xEA, 0x40, 0x8C, 0x07, 0x1E,
    0x7A, 0xD1, 0x1F, 0x0C, 0x77, 0x9F, 0x8C, 0x8A, 0x7D, 0x29, 0xC0, 0x99, 0x96, 0x94, 0x72, 0x3A,
    0xD0, 0xD2, 0x1C, 0x4F, 0x72, 0x55, 0x88, 0xDA, 0xC3, 0xC1, 0x53, 0xBA, 0x71, 0xE8, 0x35, 0xDC,
    0x1E, 0x75, 0x2F, 0x91, 0xCC, 0x04, 0xB7, 0x3E, 0x1C, 0x20, 0x16, 0x1D, 0x7B, 0xF6, 0x50, 0x71,
    0x6A, 0x46, 0x1F, 0x06, 0xB2, 0xF0, 0x92, 0x8C, 0x45, 0x60, 0xFE, 0xE4, 0x19, 0xC1, 0xF3, 0xDA,
    0x12, 0x14, 0xCA, 0x46, 0x86, 0x82, 0xE0, 0x93, 0x82, 0xE7, 0xBF, 0x30, 0x46, 0x59, 0x04, 0x42,
    0x0F, 0xBE, 0xBA, 0x16, 0xA2, 0xCB, 0x55, 0x20, 0x33, 0xF8, 0x8B, 0x67, 0x98, 0x77, 0xBB, 0x82,
    0x02, 0xEA, 0xED, 0xA9, 0xAD, 0x7C, 0x9F, 0xBA, 0x04, 0x57, 0xBC, 0x5C, 0x1B, 0xD0, 0x19, 0xB3,
    0xEB, 0xFF, 0xFC, 0xFF, 0x7A, 0x51, 0x36, 0x42, 0x07, 0xE0, 0x5D, 0x86, 0xE5, 0x18, 0xCA, 0xF3,
    0xBF, 0xA3, 0x00, 0x1C, 0x82, 0xF6, 0xB3, 0x64, 0x35, 0xE8, 0x02, 0x9D, 0xB0, 0x3D, 0xF2, 0x2D,
    0x72, 0x0E, 0x67, 0x4A, 0x01, 0x5A, 0xF7, 0x39, 0x9F, 0x18, 0x28, 0x1A, 0x33, 0x57, 0x97, 0x0C,
    0xC8, 0x49, 0x75, 0x51, 0xA9, 0x1D, 0x8A, 0x69, 0x1D, 0x0E, 0x4E, 0xA1, 0x2F, 0x43, 0xD2, 0x47,
    0x22, 0x6D, 0x1D, 0x7B, 0x43, 0xD5, 0x54, 0xBD, 0x78, 0x5E, 0xA8, 0x29, 0x93, 0xC9, 0xE7, 0x12,
    0x62, 0xA1, 0x86, 0x04, 0xA2, 0x5B, 0xDB, 0x28, 0x54, 0xD8, 0x03, 0xDC, 0xA8, 0x9B, 0x1C, 0xCF,
    0xFB, 0x65, 0x6A, 0xE6, 0xC0, 0x37, 0x41, 0xB4, 0xFC, 0x57, 0x51, 0xFB, 0x27, 0x94, 0xC2, 0xD8,
    0xAB, 0xEC, 0x7F, 0x8B, 0xF5, 0x9E, 0x2F, 0xE5, 0x7E, 0x4D, 0xBE, 0x64, 0x96, 0x00, 0xC4, 0x14,
    0x15, 0xCB, 0xFB, 0x4C, 0x56, 0xEA, 0x60, 0x4A, 0x36, 0xC4, 0xE0, 0x6C, 0x88, 0x47, 0xC3, 0x63,
    0xE5, 0x0A, 0x15, 0xAB, 0xBF, 0xDD, 0x01, 0xFF, 0xD4, 0xD2, 0x76, 0x0E, 0x2E, 0x0F, 0xEE, 0xB0,
    0xCC, 0xD9, 0x86, 0x4E, 0x61, 0xA9, 0x69, 0x32, 0x3A, 0xAD, 0x63, 0x27, 0xB3, 0x43, 0x25, 0xA7,
    0x68, 0x65, 0x19, 0xBF, 0x91, 0xD8, 0xF4, 0x0B, 0x55, 0x21, 0x46, 0x3E, 0xB4, 0x12, 0xBA, 0x2C,
    0x7B, 0xA4, 0x92, 0xFC, 0x63, 0x39, 0x65, 0x5B, 0x07, 0x92, 0x0F, 0x9E, 0x3B, 0x91, 0xF6, 0xC2,
    0x29, 0x85, 0x3F, 0x61, 0xBF, 0xF0, 0xBD, 0x27, 0x71, 0xE8, 0x69, 0x70, 0x4B, 0x83, 0xC1, 0x61,
    0x37, 0xA4, 0xB5, 0xAC, 0x2A, 0xFE, 0xAF, 0xB8, 0x70, 0xE8, 0x0E, 0xAA, 0xA6, 0x2E, 0x80, 0xFE,
    0x34, 0x96, 0x06, 0x7B, 0x18, 0xBC, 0x61, 0x30, 0xA7, 0x23, 0x1C, 0x6C, 0xE7, 0x1C, 0x11, 0x33,
    0x17, 0xBE, 0xFF, 0xBF, 0xCD, 0x97, 0xBD, 0x8F, 0xDC, 0xD6, 0x15, 0xC5, 0x1F, 0x49, 0xEF, 0xD0,
    0x30, 0x61, 0x53, 0x08, 0x6C, 0xC0, 0xB6, 0x6C, 0xB0, 0x49, 0x11, 0x24, 0x92, 0xD9, 0xB8, 0x70,
    0x21, 0xED, 0xA3, 0xDD, 0x04, 0x48, 0x13, 0x15, 0x76, 0xED, 0x14, 0x6E, 0x52, 0xC9, 0x45, 0x4A,
    0x47, 0xA4, 0xEC, 0xC2, 0x45, 0x10, 0x58, 0x01, 0xF2, 0x07, 0xB8, 0x48, 0x91, 0xCE, 0x2E, 0x5C,
    0xB8, 0x90, 0x97, 0x5C, 0x09, 0x81, 0x5B, 0x26, 0x2A, 0x5C, 0xA4, 0x61, 0x00, 0x01, 0x01, 0xA2,
    0x22, 0x94, 0xCC, 0x24, 0xDC, 0x88, 0xC3, 0x97, 0x73, 0xEE, 0x23, 0x39, 0x9C, 0xDD, 0xD5, 0xAE,
    0x3E, 0x66, 0xB3, 0x1A, 0xCC, 0x5C, 0xAD, 0x86, 0xC3, 0xC7, 0xFB, 0x7E, 0xEF, 0xDC, 0x2F, 0xA5,
    0xD4, 0x25, 0x85, 0x57, 0x50, 0xD3, 0x46, 0x2D, 0x6D, 0xDC, 0xD1, 0xEA, 0x25, 0x6D, 0xDE, 0xD3,
    0xF6, 0x06, 0xC6, 0xE9, 0x4C, 0xA2, 0x94, 0xDB, 0x98, 0x42, 0x29, 0xAF, 0xCE, 0x0B, 0xDE, 0xA4,
    0x2B, 0xA5, 0xC2, 0x52, 0xE3, 0xE6, 0xA8, 0x88, 0x1B, 0xDC, 0x6A, 0x0C, 0x96, 0xD0, 0xC6, 0x60,
    0x89, 0xDC, 0x18, 0x2C, 0xD1, 0x2B, 0xBF, 0x57, 0xCE, 0x52, 0x79, 0x46, 0x79, 0x9D, 0x72, 0x4D,
    0x12, 0xF4, 0x89, 0x6F, 0x6E, 0x6B, 0x53, 0x68, 0xD3, 0x59, 0xAB, 0xD6, 0x5E, 0x61, 0x21, 0x4F,
    0xAF, 0xF6, 0xDB, 0x28, 0x83, 0x0B, 0x79, 0xA3, 0x22, 0x63, 0x54, 0x6A, 0x4C, 0x66, 0x76, 0x4D,
    0x61, 0x94, 0x29, 0x7E, 0xAC, 0xE8, 0x4A, 0x5E, 0x38, 0xB9, 0x29, 0x70, 0x0D, 0x0B, 0x9A, 0x22,
    0xCF, 0x72, 0x5C, 0xC3, 0xE7, 0x6D, 0x53, 0xD2, 0x0D, 0x6D, 0xE2, 0x2E, 0x68, 0x83, 0x6A, 0xED,
    0x21, 0x5C, 0x76, 0xFC, 0x70, 0xF1, 0xE1, 0x95, 0x96, 0x30, 0x2E, 0xB7, 0xA1, 0xBC, 0xBF, 0xD1,
    0x37, 0xB7, 0x10, 0x0F, 0xDD, 0x46, 0x7C, 0x11, 0xEF, 0xB6, 0xE5, 0x97, 0xAF, 0xD8, 0x1B, 0x84,
    0x5F, 0x28, 0xFC, 0x62, 0xB1, 0x5A, 0x28, 0xE6, 0x72, 0x17, 0x11, 0x28, 0xE7, 0x3E, 0x29, 0xBA,
    0xFF, 0x26, 0x45, 0xEF, 0x2E, 0x29, 0x06, 0x15, 0x29, 0x86, 0x05, 0x5D, 0x8F, 0x0A, 0x3E, 0x52,
    0x27, 0xA4, 0x08, 0xE7, 0x6B, 0x21, 0x87, 0x25, 0x0C, 0x29, 0x3A, 0x9D, 0x0A, 0x96, 0x24, 0x07,
    0x8A, 0x5E, 0x4B, 0x8A, 0xD1, 0x52, 0x05, 0xA6, 0xCA, 0x4D, 0xA6, 0x4D, 0x93, 0x9B, 0x24, 0x35,
    0x8D, 0xCA, 0x33, 0x5C, 0x68, 0x54, 0x00, 0x77, 0x7D, 0x38, 0xEB, 0xBC, 0xDD, 0xD8, 0x03, 0xD5,
    0x78, 0xD2, 0x05, 0x3C, 0xF3, 0xE5, 0x15, 0xDD, 0x91, 0x60, 0x4E, 0x82, 0x57, 0x4D, 0x91, 0xCE,
    0xE8, 0x85, 0x23, 0xBD, 0x72, 0xA0, 0xC7, 0xCF, 0xC7, 0x23, 0x41, 0x0D, 0x82, 0xE1, 0x8A, 0xA0,
    0x7A, 0x5E, 0xAC, 0x16, 0x7B, 0x45, 0x2C, 0x37, 0x1C, 0xED, 0xF2, 0x27, 0xBA, 0x21, 0xCF, 0x7E,
    0x29, 0xD8, 0x52, 0xEE, 0xBA, 0x7C, 0x7D, 0xC5, 0x6A, 0xAE, 0x35, 0xFD, 0x00, 0xAD, 0xB5, 0xA4,
    0xE4, 0x35, 0x06, 0xEB, 0xF8, 0x56, 0x6B, 0x95, 0x2E, 0x49, 0x4C, 0x4E, 0xAB, 0x88, 0x2D, 0x2B,
    0xEC, 0x33, 0x15, 0x56, 0xB9, 0x28, 0x6E, 0xA9, 0xFC, 0xA5, 0x72, 0xBB, 0x49, 0x6B, 0x2A, 0x80,
    0xFA, 0x4C, 0x95, 0x72, 0x5B, 0x8D, 0xB5, 0x58, 0x1B, 0x0B, 0x2B, 0xDC, 0xEE, 0x34, 0x94, 0x31,
    0x96, 0xA7, 0x84, 0x33, 0xF5, 0x6A, 0x00, 0xE2, 0x05, 0x6E, 0x6A, 0x94, 0xFF, 0x9F, 0x0E, 0xA2,
    0xDE, 0x51, 0x51, 0xF2, 0xD6, 0xE6, 0xB9, 0xBD, 0x20, 0x36, 0x4A, 0x56, 0x52, 0xA7, 0x03, 0x2A,
    0xFC, 0x73, 0x2D, 0xDC, 0x2E, 0x4D, 0xDC, 0xDA, 0x83, 0xDC, 0x9A, 0x87, 0x8C, 0x51, 0xCB, 0xCD,
    0xAB, 0xD3, 0x15, 0xB7, 0x21, 0x46, 0xA3, 0x39, 0xB7, 0x6E, 0xC5, 0xCD, 0x5B, 0x52, 0x69, 0x07,
    0xB9, 0xC5, 0x2B, 0x6E, 0xCF, 0x60, 0xF9, 0x8F, 0xF0, 0xD9, 0x61, 0x8C, 0xD0, 0x83, 0x4C, 0x36,
    0xF0, 0xAA, 0x97, 0x9D, 0x30, 0x37, 0xBB, 0x6D, 0xBB, 0xE1, 0x73, 0x94, 0xB3, 0x7A, 0xE6, 0x6B,
    0x98, 0xE7, 0x3E, 0x11, 0xA5, 0xDD, 0x2B, 0xC6, 0x58, 0x73, 0xDB, 0x1D, 0x21, 0x76, 0xFE, 0x80,
    0xD2, 0x9A, 0x95, 0xD2, 0x52, 0xB1, 0xF9, 0x72, 0x22, 0xE6, 0xEE, 0x49, 0x54, 0xAE, 0x29, 0x2D,
    0x9D, 0x94, 0x16, 0x1F, 0xA7, 0xB4, 0x9E, 0xC4, 0xBC, 0xC3, 0x95, 0x76, 0xB6, 0xB2, 0x4F, 0xE2,
    0x49, 0x7E, 0xB9, 0x6D, 0x03, 0x04, 0x3B, 0xBA, 0x0C, 0xB5, 0x99, 0x1B, 0x89, 0x8B, 0x48, 0xF7,
    0xBF, 0x27, 0xB1, 0x4E, 0xC5, 0xC9, 0x9B, 0x33, 0x62, 0xB7, 0x91, 0x46, 0x7B, 0x3E, 0x28, 0x01,
    0xB1, 0x2C, 0x55, 0x74, 0xCD, 0x64, 0x20, 0x96, 0x81, 0x18, 0xC2, 0xDE, 0x30, 0xBB, 0x65, 0xC8,
    0x7D, 0xF6, 0xF3, 0x31, 0x08, 0x22, 0x57, 0x80, 0xD8, 0x32, 0x68, 0xA2, 0x0A, 0x1C, 0x18, 0x9A,
    0x81, 0xB9, 0x4C, 0x59, 0x7D, 0x46, 0x6D, 0xF8, 0xEF, 0xB4, 0xAB, 0xB8, 0xB5, 0xD9, 0x54, 0xB2,
    0xAE, 0xDF, 0xF0, 0x6A, 0x58, 0xBE, 0x71, 0x20, 0x8F, 0x35, 0xAB, 0x3C, 0x96, 0xCE, 0xF2, 0x98,
    0x11, 0x62, 0xFF, 0x12, 0x62, 0xF5, 0x2C, 0x8F, 0x95, 0xA9, 0xE4, 0x31, 0xC9, 0xA6, 0x99, 0x9E,
    0x88, 0xAD, 0xE7, 0x31, 0x5F, 0xF2, 0x18, 0x88, 0xF9, 0xCD, 0x90, 0xC7, 0xFC, 0x31, 0x8F, 0xC9,
    0xB6, 0xE4, 0x99, 0x5E, 0xF3, 0x26, 0x12, 0xDE, 0x47, 0x2A, 0xC4, 0x3D, 0x21, 0xA4, 0xBE, 0xF0,
    0x87, 0xD0, 0xA1, 0xDC, 0x40, 0xCC, 0xC5, 0xF7, 0x41, 0xDD, 0xE3, 0x78, 0xB6, 0x37, 0xA8, 0xB1,
    0xA0, 0x58, 0xED, 0x3A, 0x95, 0x9D, 0x76, 0x79, 0x42, 0x3D, 0x44, 0xB8, 0xE0, 0x17, 0x7E, 0xB2,
    0xC2, 0x77, 0xD2, 0xD5, 0xD2, 0x1B, 0xAB, 0x25, 0xD4, 0xE5, 0x48, 0xB5, 0x5C, 0x3C, 0x6E, 0xB5,
    0x54, 0xCE, 0x50, 0xB0, 0xF2, 0x0A, 0x4B, 0xA1, 0x78, 0xD4, 0x54, 0xDB, 0x15, 0x15, 0x24, 0xE7,
    0x0F, 0xB0, 0x3B, 0xC9, 0x8A, 0xAA, 0xE4, 0x57, 0xAE, 0x30, 0xF3, 0x69, 0x9D, 0x70, 0x97, 0x77,
    0xFC, 0x2C, 0x10, 0xF5, 0xC5, 0xFC, 0x5A, 0xF6, 0xE5, 0xE4, 0xB3, 0xFA, 0x32, 0x27, 0x1D, 0x1F,
    0x88, 0x60, 0xD3, 0xEF, 0x8F, 0xE0, 0x7A, 0x15, 0xC1, 0xD0, 0x63, 0xB9, 0xD2, 0x63, 0xFC, 0x10,
    0x7A, 0x74, 0x1F, 0xA4, 0x47, 0x71, 0xDE, 0x6D, 0x19, 0x2B, 0x12, 0xBC, 0xCC, 0xDC, 0xCE, 0xB3,
    0x0E, 0x18, 0x06, 0xE2, 0x7A, 0xC0, 0xB5, 0x4C, 0xB5, 0x76, 0x26, 0x8F, 0xAF, 0xC7, 0x75, 0xA6,
    0xE7, 0x66, 0xB5, 0x95, 0xA5, 0x1C, 0xDC, 0x78, 0xDA, 0xA1, 0xFB, 0x5B, 0xE1, 0xF6, 0x6B, 0xE1,
    0xD6, 0x4A, 0x5C, 0x96, 0x8F, 0xC4, 0xCD, 0x39, 0xC0, 0x2D, 0x78, 0x04, 0x6E, 0x53, 0x3F, 0x32,
    0xC5, 0x71, 0x70, 0x08, 0xB7, 0x2F, 0x59, 0xC4, 0x15, 0xB5, 0x6C, 0xCB, 0x05, 0xB9, 0xB9, 0x8F,
    0xC0, 0x2D, 0x5B, 0x71, 0x53, 0x5F, 0xCC, 0xB9, 0xA5, 0x60, 0x36, 0x7C, 0xAE, 0x8E, 0xDC, 0x2E,
    0x0F, 0xDC, 0xEC, 0xAE, 0xED, 0x7E, 0x2F, 0x7C, 0x24, 0x8B, 0x7E, 0x25, 0xAA, 0x93, 0x9E, 0xEE,
    0xE6, 0xA7, 0xDC, 0x6F, 0x15, 0x09, 0x31, 0xCB, 0xA4, 0x5A, 0x11, 0xF3, 0x25, 0x9A, 0x43, 0xF9,
    0x3E, 0x92, 0x68, 0xD6, 0xA2, 0xB1, 0x94, 0x94, 0xD4, 0x0E, 0xA3, 0x59, 0x75, 0x64, 0xE5, 0xB6,
    0x74, 0xCB, 0x6B, 0x58, 0x57, 0x7D, 0x1B, 0xD3, 0x15, 0x59, 0x85, 0x45, 0x68, 0x63, 0xBA, 0x1B,
    0x63, 0x1A, 0x41, 0xD5, 0x4B, 0x4C, 0x1B, 0x56, 0x0C, 0x57, 0x62, 0xDA, 0x35, 0xD9, 0xD8, 0x01,
    0x97, 0x91, 0xC4, 0x74, 0x8C, 0x9F, 0x46, 0x58, 0x8B, 0xE0, 0x1A, 0xDC, 0xF5, 0x8B, 0xD6, 0x86,
    0x09, 0x89, 0x85, 0x58, 0x36, 0x09, 0x79, 0x30, 0x27, 0xA3, 0x34, 0xAF, 0x61, 0xAD, 0x08, 0x0D,
    0x63, 0x30, 0x7C, 0x9F, 0x3B, 0xF5, 0x5D, 0x12, 0x58, 0x28, 0x89, 0xCD, 0x6B, 0xB1, 0x54, 0x12,
    0x9B, 0xFB, 0x37, 0x1F, 0x9B, 0xF1, 0x71, 0xB1, 0x89, 0x7E, 0xE4, 0x01, 0xB1, 0xE9, 0x36, 0x2F,
    0xA3, 0xE6, 0x6A, 0xB8, 0x6E, 0xE0, 0x38, 0xB4, 0x88, 0x18, 0x65, 0xBA, 0x0B, 0x12, 0x9F, 0xC7,
    0x01, 0xA7, 0x89, 0x9D, 0x79, 0xB5, 0xDC, 0x74, 0x5C, 0x06, 0x38, 0x10, 0xD9, 0x87, 0xB0, 0xE1,
    0x5E, 0x3D, 0xAB, 0xA6, 0xD9, 0xA3, 0x94, 0x23, 0x25, 0x23, 0xB2, 0x19, 0x59, 0x38, 0xA5, 0xC2,
    0x49, 0xE2, 0xD5, 0x56, 0x5F, 0xF7, 0x3E, 0xB9, 0x7A, 0xDF, 0x0B, 0xF5, 0x7B, 0x46, 0xD6, 0x34,
    0xD2, 0x54, 0xB1, 0x66, 0xC4, 0x59, 0x2E, 0x53, 0x01, 0x25, 0x9A, 0xCA, 0x54, 0x60, 0x84, 0x93,
    0x10, 0xC2, 0x19, 0x41, 0xA8, 0x98, 0x07, 0x56, 0x51, 0xB8, 0xA7, 0xCE, 0x92, 0x50, 0x92, 0x93,
    0x10, 0xED, 0x7A, 0x9D, 0x88, 0xC5, 0x9F, 0xBC, 0xD8, 0x6F, 0xF5, 0x50, 0x26, 0x82, 0x2C, 0x98,
    0x71, 0x6B, 0x0F, 0xE5, 0x76, 0x12, 0x35, 0x82, 0x9D, 0x8B, 0xB4, 0x2F, 0x08, 0x03, 0x18, 0x64,
    0xE3, 0x88, 0x26, 0x14, 0x93, 0xC1, 0x6C, 0x31, 0x43, 0xAB, 0xC1, 0x70, 0xEF, 0xA3, 0x69, 0xE7,
    0x17, 0x50, 0x34, 0x25, 0x93, 0x4F, 0xF7, 0x46, 0xC5, 0x59, 0xAE, 0x97, 0x8E, 0xCB, 0xCF, 0xAA,
    0x91, 0x9D, 0xE4, 0x82, 0x6E, 0xCD, 0x70, 0x12, 0x50, 0x97, 0x39, 0x60, 0x99, 0x84, 0x5A, 0x88,
    0xAB, 0xBC, 0xD2, 0x85, 0x86, 0x64, 0x75, 0x8D, 0xDB, 0xC7, 0x8F, 0xB4, 0x3B, 0xFC, 0x10, 0x4F,
    0xBA, 0xE7, 0x7C, 0x0E, 0xAF, 0xAB, 0x00, 0xBF, 0x57, 0xF9, 0x9E, 0x3A, 0xBE, 0x16, 0x06, 0x3C,
    0x71, 0x4D, 0x67, 0xB6, 0xD9, 0x59, 0x5C, 0x90, 0x7C, 0xCE, 0xD4, 0xEE, 0xC9, 0xB8, 0x49, 0x52,
    0xCE, 0xF8, 0xDB, 0xA3, 0xC8, 0x04, 0xD9, 0xB8, 0xE3, 0x4D, 0x90, 0x89, 0x67, 0xC9, 0x07, 0x2D,
    0x82, 0xBA, 0x34, 0x26, 0x20, 0x8A, 0x11, 0x6B, 0x6C, 0xCD, 0xD8, 0x3D, 0x3A, 0xA2, 0x6B, 0x23,
    0x22, 0x67, 0x42, 0x14, 0x5F, 0xC5, 0xA5, 0xFC, 0x9E, 0x68, 0x1A, 0xA6, 0x65, 0x6A, 0xF9, 0x30,
    0x9E, 0x1F, 0xD1, 0xC1, 0xCD, 0x87, 0x27, 0xB3, 0x79, 0xB7, 0x7D, 0x1D, 0x9A, 0xCF, 0x25, 0x8F,
    0x04, 0xDF, 0x61, 0x0A, 0x4A, 0x3E, 0xD8, 0xF0, 0x66, 0x71, 0xA4, 0x85, 0xCC, 0x25, 0x63, 0xB7,
    0x86, 0x50, 0x74, 0xDB, 0x8B, 0xAC, 0xDD, 0x2F, 0x82, 0x31, 0x6F, 0x4E, 0x03, 0x5C, 0xBC, 0xEE,
    0x66, 0xC7, 0x1F, 0x7C, 0xB8, 0xD1, 0x83, 0x57, 0xEA, 0xCC, 0x30, 0xD4, 0x41, 0x97, 0xCC, 0xFB,
    0xC8, 0xB6, 0xAC, 0x95, 0x8B, 0x9F, 0x26, 0xA2, 0xDB, 0x1C, 0x42, 0x58, 0x22, 0x1F, 0xD4, 0x7A,
    0x1A, 0x44, 0x9F, 0x94, 0xCB, 0x2C, 0x4E, 0x2C, 0x96, 0x7A, 0x0C, 0x48, 0x4E, 0x47, 0x6E, 0x7B,
    0x9E, 0x5C, 0x9E, 0x3D, 0x2D, 0x2E, 0xD9, 0xC0, 0x85, 0xB3, 0xEE, 0xF6, 0xD0, 0xB8, 0xE8, 0x8C,
    0xE5, 0x0A, 0x6E, 0x55, 0x6A, 0xF1, 0x76, 0x79, 0xC2, 0x5C, 0x64, 0x82, 0x95, 0x91, 0xE1, 0xDB,
    0x42, 0xB2, 0xB2, 0x72, 0xFE, 0x00, 0x47, 0xFC, 0xFE, 0x1C, 0xAB, 0x34, 0x3C, 0xD1, 0x21, 0x91,
    0x78, 0xC5, 0x0A, 0x89, 0xF5, 0x79, 0x42, 0x92, 0x8D, 0x34, 0xC2, 0xE4, 0x60, 0xF6, 0x6C, 0x27,
    0x24, 0xCD, 0x21, 0x48, 0x82, 0x07, 0x22, 0x41, 0x86, 0x5A, 0xDC, 0x86, 0x72, 0xF1, 0xEB, 0x8B,
    0xA8, 0x18, 0xE7, 0x58, 0x35, 0xBE, 0x11, 0xB9, 0x9C, 0xBD, 0x59, 0x28, 0x7D, 0x17, 0x79, 0x1C,
    0xA7, 0xD7, 0xF5, 0xEC, 0x8A, 0x20, 0xA0, 0x67, 0x1F, 0x05, 0x49, 0xB9, 0x86, 0xA4, 0x75, 0xAE,
    0xA1, 0x94, 0x94, 0x53, 0x08, 0xC5, 0x19, 0x53, 0xC5, 0xBF, 0x0F, 0x66, 0x09, 0x9F, 0x9E, 0x5B,
    0x95, 0xFC, 0xBC, 0xA2, 0x4A, 0xAA, 0xFF, 0x73, 0xE6, 0x90, 0xA7, 0x75, 0xAF, 0xA1, 0x3D, 0x89,
    0x79, 0x37, 0x4E, 0x0C, 0xF7, 0x64, 0xAD, 0xF5, 0xE2, 0x2C, 0x6B, 0x37, 0xFE, 0xDE, 0xE9, 0xA1,
    0xE9, 0x34, 0xF3, 0xAA, 0x30, 0x79, 0x02, 0x95, 0xAC, 0x57, 0x19, 0x89, 0x16, 0x7F, 0xA9, 0x46,
    0x45, 0xBC, 0x8F, 0x1F, 0x2D, 0x99, 0xAF, 0x1B, 0xA7, 0x3C, 0x32, 0x85, 0x3E, 0x6C, 0x65, 0x6D,
    0x36, 0x5F, 0x59, 0xD9, 0x62, 0xB0, 0xC7, 0x65, 0x2B, 0xC4, 0x26, 0xB1, 0xDD, 0xC1, 0x3C, 0xA8,
    0x95, 0x5B, 0xBE, 0xA0, 0x36, 0xC6, 0xE5, 0xE8, 0xEA, 0x0B, 0x60, 0xB1, 0xC9, 0x50, 0x76, 0xCF,
    0xE1, 0xBA, 0x4E, 0x50, 0x70, 0x51, 0x6E, 0x6D, 0xB1, 0x95, 0xC5, 0xEB, 0xCB, 0x7D, 0x02, 0x7F,
    0x1F, 0xFE, 0x1D, 0x9B, 0x6B, 0xF6, 0x46, 0xEE, 0xBB, 0xE7, 0x59, 0x44, 0x61, 0xF1, 0x02, 0x16,
    0x8F, 0x13, 0x0C, 0x3D, 0x4E, 0x3D, 0x8C, 0xBD, 0x14, 0x43, 0xAF, 0x52, 0x79, 0x7B, 0x47, 0xBE,
    0x7D, 0x93, 0x68, 0x53, 0x61, 0x2C, 0x48, 0x4D, 0x83, 0x37, 0xBC, 0xF5, 0x8E, 0xBB, 0x65, 0xFE,
    0x0E, 0xCC, 0xE7, 0xF6, 0xC6, 0xE1, 0xA9, 0xDD, 0xEA, 0x12, 0x07, 0x31, 0xDB, 0x4D, 0xCB, 0x5B,
    0x75, 0xA3, 0x63, 0x06, 0xCD, 0x08, 0xDF, 0xF8, 0xD2, 0x7D, 0xF0, 0x1B, 0x8E, 0xC5, 0xA6, 0xD6,
    0xB2, 0x53, 0x25, 0x91, 0x3F, 0x5D, 0x92, 0xA5, 0x5E, 0x4A, 0xA6, 0x4E, 0x18, 0x82, 0x28, 0xF1,
    0xFD, 0x3F, 0xE0, 0x05, 0x7A, 0x9D, 0x18, 0x83, 0x4D, 0x8D, 0x36, 0x9D, 0xC7, 0x80, 0x47, 0xE8,
    0x02, 0x97, 0x92, 0xB4, 0xC0, 0x2C, 0x91, 0xB1, 0x7B, 0xE4, 0x94, 0x37, 0xB3, 0xC5, 0x64, 0x13,
    0xB1, 0x3C, 0x65, 0x07, 0x5D, 0x67, 0xCD, 0x2D, 0xE8, 0x46, 0xF9, 0x1D, 0xE7, 0x80, 0x08, 0x2B,
    0x63, 0x7D, 0x3E, 0x45, 0xF2, 0x52, 0x2C, 0x1D, 0xB5, 0xF3, 0xDE, 0x4C, 0x85, 0x5A, 0xAC, 0x15,
    0xE6, 0xDC, 0x5E, 0x11, 0x95, 0xED, 0x51, 0x65, 0xEC, 0xF7, 0xEB, 0xB8, 0x49, 0x5B, 0x5D, 0x86,
    0x5D, 0x5E, 0x84, 0x9D, 0x29, 0x02, 0x0C, 0x77, 0xFE, 0xD2, 0x14, 0xBE, 0xFD, 0x1B, 0x9F, 0xBC,
    0x0C, 0x1B, 0xDD, 0xC4, 0x75, 0x6C, 0x13, 0x12, 0xFA, 0xE0, 0xDB, 0xAB, 0x87, 0xB0, 0x34, 0x71,
    0x7A, 0x19, 0x3F, 0x61, 0x31, 0x96, 0x35, 0x7A, 0x15, 0x30, 0x59, 0x85, 0x9F, 0xE2, 0xFB, 0x40,
    0xF4, 0xCF, 0x5F, 0x2B, 0x19, 0x21, 0x25, 0x41, 0x48, 0x8F, 0xF1, 0x5E, 0xC2, 0x13, 0x58, 0x0A,
    0xB4, 0xCC, 0x33, 0x77, 0x20, 0xE5, 0x0E, 0x53, 0x02, 0x88, 0x45, 0x1D, 0x80, 0x85, 0x4B, 0xF0,
    0xF2, 0x7B, 0x80, 0xF2, 0x8C, 0x18, 0x6C, 0x42, 0x8C, 0x4B, 0xC1, 0x7B, 0x2B, 0xD3, 0x83, 0x93,
    0xD7, 0x61, 0x4E, 0x08, 0x3A, 0x50, 0x0A, 0x1B, 0x40, 0xD2, 0x88, 0x8A, 0x3B, 0xA6, 0x70, 0x65,
    0xFE, 0x4C, 0xE9, 0x8B, 0x00, 0x8A, 0xE0, 0x7F, 0x8E, 0x07, 0x76, 0xA8, 0x6B, 0x48, 0xD4, 0xEA,
    0xCC, 0x15, 0x5B, 0xF6, 0xC3, 0x8A, 0x53, 0x0D, 0xFE, 0x9E, 0x0F, 0x0C, 0x3D, 0x1F, 0x54, 0x82,
    0x53, 0x13, 0x37, 0x71, 0x07, 0x4E, 0xCB, 0xBC, 0xF0, 0x7B, 0x26, 0x12, 0x0A, 0x53, 0xFE, 0xB5,
    0x9F, 0x65, 0x5E, 0xF2, 0xC9, 0x51, 0x33, 0x44, 0x63, 0x22, 0xF5, 0x71, 0x7C, 0x7D, 0xA8, 0x86,
    0x4D, 0xDB, 0xB4, 0xC5, 0x69, 0x86, 0x55, 0xCD, 0xFC, 0x09, 0x99, 0xE1, 0x3E, 0xB9, 0xDD, 0xC0,
    0xC5, 0x48, 0x7D, 0x7E, 0x2A, 0x40, 0x6C, 0x03, 0x74, 0x71, 0xD0, 0x06, 0x9E, 0xEC, 0xB0, 0x09,
    0xA9, 0xD5, 0xE2, 0x77, 0x05, 0x85, 0xA6, 0x34, 0xBE, 0x5A, 0xE6, 0x48, 0xE1, 0x71, 0xE6, 0x56,
    0xCF, 0x6D, 0x1C, 0xCE, 0xAF, 0x86, 0xB6, 0xC7, 0xD6, 0x7D, 0x99, 0xD1, 0x2C, 0x9C, 0xDD, 0xE4,
    0x69, 0x80, 0xC3, 0xA4, 0xCD, 0xBA, 0x15, 0x67, 0x56, 0xDE, 0x9C, 0xE4, 0x08, 0xE7, 0xDA, 0x97,
    0x27, 0x0C, 0x87, 0x03, 0x89, 0xCA, 0x19, 0x37, 0x35, 0xCD, 0x0F, 0xF0, 0xDC, 0x5F, 0x86, 0x4C,
    0x12, 0xBF, 0x61, 0xA5, 0x62, 0x64, 0xDD, 0xC2, 0xF3, 0xA3, 0xE4, 0xAB, 0xD3, 0xE1, 0xB2, 0xA0,
    0x93, 0x31, 0xA3, 0xF9, 0x22, 0x1B, 0xC3, 0x73, 0x74, 0x4D, 0x92, 0x8E, 0x87, 0xB3, 0x0C, 0x6E,
    0xB0, 0xEC, 0xD4, 0xD7, 0x6C, 0x9D, 0x53, 0x9D, 0xA1, 0xF2, 0x31, 0xE2, 0x79, 0xD5, 0xF3, 0x4A,
    0xAD, 0xC7, 0x97, 0x60, 0xE2, 0xE4, 0xD1, 0x28, 0x82, 0x52, 0x24, 0xA5, 0x88, 0x4A, 0x49, 0xB9,
    0x96, 0xFC, 0x6F, 0xFF, 0x1A, 0x0C, 0xAE, 0x02, 0x98, 0x22, 0x31, 0x45, 0x64, 0x4A, 0x98, 0x59,
    0x68, 0x41, 0xF5, 0x26, 0x16, 0x5D, 0x5E, 0x47, 0xE3, 0xCA, 0xC6, 0xE3, 0xF5, 0x60, 0xAC, 0x3E,
    0x92, 0xFC, 0x3C, 0x26, 0xEF, 0xE8, 0x56, 0xCB, 0x69, 0xF3, 0xEB, 0x53, 0x0A, 0x35, 0x14, 0x8E,
    0x2D, 0x2C, 0xF0, 0x99, 0xED, 0x96, 0xBE, 0x43, 0x59, 0x2A, 0x86, 0x50, 0x78, 0x8E, 0x39, 0xB4,
    0xE3, 0xAF, 0x11, 0x80, 0x71, 0xE6, 0xD5, 0xB3, 0x6E, 0xE9, 0x89, 0xD5, 0x14, 0x0B, 0x83, 0x62,
    0x60, 0x10, 0xDC, 0xC3, 0x73, 0xE2, 0x02, 0xCD, 0xEB, 0x1B, 0xEA, 0x47, 0xE3, 0x33, 0x4E, 0x87,
    0xC6, 0x50, 0xA8, 0xA4, 0x36, 0xAD, 0x8C, 0x14, 0xA9, 0xC4, 0xE6, 0xE4, 0x88, 0xE7, 0x85, 0xFB,
    0xAE, 0x6B, 0xE5, 0x34, 0x11, 0xA2, 0x2C, 0x48, 0x36, 0x9E, 0x9F, 0x0F, 0xAF, 0x63, 0x97, 0xA4,
    0x9B, 0x93, 0x82, 0x1F, 0x4A, 0x43, 0x91, 0xD3, 0xBA, 0xA6, 0xDC, 0x4A, 0x98, 0xC8, 0xB5, 0x5C,
    0xA1, 0x7D, 0x2F, 0xD1, 0x94, 0xE1, 0x12, 0x55, 0x5D, 0x06, 0x05, 0xD2, 0x6B, 0xD9, 0x1E, 0xA5,
    0xAD, 0x12, 0x7E, 0x4A, 0x00, 0x2A, 0x21, 0xA8, 0x84, 0xDE, 0x60, 0x05, 0xA2, 0x12, 0x8A, 0xCA,
    0xD8, 0x6F, 0x88, 0x50, 0x2C, 0x85, 0xCE, 0x68, 0x12, 0x94, 0x4A, 0x58, 0x2A, 0x81, 0xA9, 0x84,
    0xA6, 0xB2, 0x38, 0x2D, 0xCF, 0xB5, 0xDA, 0x2F, 0x19, 0x95, 0xAD, 0xB1, 0xB3, 0x1C, 0xE2, 0x51,
    0x05, 0x52, 0x7F, 0x8B, 0x97, 0x58, 0xDE, 0x52, 0x89, 0xD4, 0xC2, 0x9A, 0x78, 0x99, 0x27, 0xB2,
    0x50, 0xC8, 0xDE, 0xFF, 0xF1, 0x23, 0x30, 0x1B, 0x22, 0x70, 0xCB, 0x76, 0x9F, 0xD2, 0x6A, 0x44,
    0x02, 0x28, 0xEA, 0xA5, 0xF3, 0x34, 0xD9, 0x16, 0x05, 0x96, 0x3C, 0xAD, 0xD4, 0x3E, 0x1C, 0xCB,
    0x10, 0xBA, 0x2D, 0x1E, 0x75, 0x36, 0xA6, 0x60, 0xBF, 0x02, 0x35, 0x95, 0x9D, 0x28, 0xB5, 0x59,
    0xD3, 0x64, 0xBB, 0x26, 0xDB, 0x36, 0x0D, 0x7D, 0x93, 0x6D, 0x9C, 0xD0, 0x39, 0xBD, 0x9A, 0xB1,
    0x8B, 0x20, 0xBB, 0x0F, 0x0E, 0x23, 0xA8, 0x4E, 0x8D, 0x20, 0x7B, 0x2A, 0x69, 0xAA, 0xA4, 0xAB,
    0x92, 0xB6, 0x4A, 0xFA, 0x2A, 0x69, 0xAC, 0x24, 0x8A, 0xD1, 0x5A, 0xBD, 0x42, 0xF1, 0xE5, 0x6B,
    0x18, 0xF7, 0x4E, 0x02, 0xA3, 0x14, 0x01, 0xA4, 0xD2, 0xEB, 0x7C, 0x88, 0xA1, 0x03, 0x28, 0x06,
    0x4E, 0xA2, 0x5E, 0x0B, 0x2A, 0x5D, 0x3D, 0x75, 0xE2, 0xDB, 0xF1, 0x91, 0x4C, 0xCC, 0x3F, 0xC7,
    0xEC, 0xF9, 0x17, 0x6A, 0x20, 0xF9, 0xE0, 0x0D, 0x35, 0xC7, 0xD4, 0xA7, 0x19, 0x1B, 0xFD, 0x0D,
    0x62, 0xDA, 0x4A, 0x46, 0x10, 0x4F, 0x65, 0x06, 0x3B, 0x7A, 0x7A, 0xC1, 0x1D, 0xC9, 0x7A, 0x30,
    0x66, 0x9B, 0x57, 0xD1, 0x14, 0x77, 0xAC, 0x07, 0x33, 0xC3, 0xD2, 0x20, 0x83, 0xE9, 0x52, 0x6C,
    0x87, 0x09, 0x15, 0x11, 0x8B, 0x55, 0xED, 0x53, 0x1E, 0xDF, 0x9A, 0xC9, 0x22, 0x26, 0xF0, 0x46,
    0x3A, 0x28, 0x7C, 0xFE, 0xF7, 0xBF, 0x79, 0x47, 0x21, 0x73, 0xA6, 0xF5, 0xC5, 0x4B, 0xF5, 0xD2,
    0xA5, 0x7D, 0x3E, 0x5A, 0xD7, 0xD6, 0xAC, 0xF4, 0xAA, 0xC6, 0xC9, 0x0B, 0x6D, 0x42, 0x53, 0xE8,
    0x3E, 0x90, 0xAD, 0xE7, 0xC7, 0x19, 0xB3, 0x32, 0x57, 0x4D, 0xE1, 0x40, 0x0B, 0xB7, 0x95, 0x31,
    0x08, 0xED, 0xA8, 0xD5, 0xDD, 0x9C, 0xCD, 0x37, 0x52, 0x0A, 0xD7, 0x8C, 0x9A, 0xFD, 0x20, 0x96,
    0x82, 0x29, 0xC7, 0xAB, 0x5A, 0xE6, 0x04, 0x55, 0xDB, 0x33, 0x5D, 0xAA, 0x31, 0x23, 0x28, 0xDB,
    0xE0, 0x2C, 0xA6, 0x7B, 0x00, 0x34, 0x14, 0xAC, 0x91, 0x60, 0x5D, 0x00, 0xAB, 0xD9, 0x87, 0xE6,
    0x49, 0xEC, 0x3E, 0xAC, 0xFD, 0x11, 0x58, 0x67, 0xE3, 0xEB, 0x4D, 0xF6, 0x4B, 0x9F, 0x4C, 0xE3,
    0xAB, 0x28, 0x8F, 0xCD, 0xA3, 0x7A, 0x6B, 0x4D, 0x29, 0x1B, 0x25, 0xCD, 0x36, 0x50, 0x3D, 0x23,
    0x0B, 0x6F, 0xAB, 0xA9, 0x24, 0x85, 0x62, 0xD1, 0xD7, 0xBE, 0x8B, 0xAF, 0x13, 0x4F, 0xD0, 0x7A,
    0xC6, 0x5A, 0x81, 0x06, 0x74, 0x75, 0x4C, 0x51, 0x66, 0xD6, 0x85, 0xD3, 0x51, 0xE4, 0xB9, 0xC9,
    0x6D, 0x33, 0xB5, 0x20, 0x14, 0x83, 0x57, 0x3A, 0xF8, 0x51, 0xE2, 0xB7, 0x63, 0x4F, 0xE2, 0x75,
    0x3F, 0xE9, 0x16, 0xA6, 0xE1, 0x59, 0x97, 0xA6, 0x8D, 0x90, 0xDE, 0x5A, 0xF7, 0x58, 0xD3, 0x4D,
    0xA6, 0x87, 0x2B, 0x78, 0xBA, 0xF9, 0xBD, 0x67, 0x7A, 0xC3, 0x1C, 0x43, 0x77, 0x24, 0x49, 0x38,
    0xA2, 0x3D, 0x0B, 0x08, 0xDD, 0x9A, 0xB2, 0x73, 0x14, 0xA8, 0x2D, 0xEA, 0xA7, 0x95, 0xDA, 0x6B,
    0x53, 0x72, 0xCB, 0xA7, 0xD4, 0x16, 0xD6, 0xD2, 0x7E, 0x92, 0xDA, 0x99, 0x93, 0xA5, 0xF6, 0x70,
    0x21, 0xEB, 0xFC, 0x91, 0x21, 0xCB, 0x9D, 0x2D, 0x86, 0x78, 0x17, 0x82, 0x63, 0xC8, 0x36, 0x12,
    0xB2, 0xC5, 0x69, 0x85, 0x6C, 0xB0, 0x94, 0x72, 0x0F, 0x7A, 0x57, 0x38, 0x8F, 0x5E, 0x90, 0x16,
    0x94, 0x63, 0x8F, 0x2B, 0x0A, 0x2C, 0xD1, 0xCD, 0x3B, 0xC5, 0x3E, 0x8C, 0x39, 0x30, 0x46, 0xC0,
    0xD8, 0x3D, 0x3E, 0x46, 0xD7, 0x62, 0xBC, 0x9D, 0x4E, 0x95, 0x63, 0x87, 0xF3, 0x09, 0x26, 0x3C,
    0x19, 0xB6, 0x64, 0xE4, 0xBA, 0x65, 0xB2, 0x17, 0xF1, 0xF0, 0x9D, 0x51, 0x91, 0x07, 0xC4, 0xD7,
    0x9E, 0x9A, 0xF8, 0x72, 0x8F, 0xDD, 0xC7, 0x9D, 0xB1, 0xFB, 0xB8, 0x4B, 0x7E, 0x97, 0x5E, 0x5E,
    0x30, 0x3D, 0xFB, 0x23, 0x26, 0xE7, 0x8B, 0x51, 0x6D, 0xF1, 0xA6, 0xD4, 0xF6, 0xEE, 0x2A, 0x40,
    0x67, 0xB1, 0x38, 0xD6, 0xD4, 0xD3, 0xCE, 0x60, 0x47, 0xD6, 0x54, 0x92, 0x69, 0xE6, 0x2A, 0xDA,
    0x22, 0x1E, 0xBD, 0x51, 0x3C, 0xF6, 0xE5, 0xF2, 0x3F, 0x41, 0xB7, 0x66, 0xEC, 0x3C, 0x60, 0x9D,
    0x14, 0x1B, 0x89, 0xAB, 0x51, 0xBB, 0x2A, 0x10, 0x8E, 0xB4, 0xD8, 0x6A, 0x91, 0xAC, 0xB5, 0x32,
    0x28, 0x2D, 0x55, 0x6E, 0x12, 0x58, 0xF4, 0x91, 0xB1, 0x49, 0x62, 0x74, 0x77, 0x3D, 0xEB, 0x30,
    0xE8, 0xC4, 0x05, 0xB8, 0x64, 0x9A, 0xFD, 0x4F, 0xC1, 0xB8, 0xD7, 0x15, 0x43, 0x26, 0xBE, 0x2B,
    0xBD, 0xFB, 0xFD, 0x46, 0xA6, 0xB7, 0x5A, 0x0E, 0x49, 0xF6, 0x3F, 0xD8, 0xEC, 0x08, 0xEB, 0x9B,
    0x56, 0xA2, 0x71, 0x39, 0x59, 0xA9, 0x66, 0xE7, 0xA5, 0xCA, 0x8B, 0xE1, 0x1A, 0x71, 0x35, 0xC2,
    0x54, 0x62, 0xCE, 0xAC, 0xFB, 0xBB, 0x8B, 0x2C, 0x67, 0x6E, 0x40, 0x0D, 0x4B, 0xFC, 0x9C, 0xBD,
    0x67, 0xC6, 0xD6, 0x93, 0x0E, 0xF7, 0xD0, 0xAC, 0x03, 0xEF, 0xCC, 0x3B, 0x30, 0xF9, 0x27, 0xB8,
    0x39, 0xFD, 0x16, 0x0E, 0xEA, 0xBF, 0x02, 0x46, 0x84, 0x56, 0x1A, 0x24, 0x32, 0xD6, 0xE4, 0x51,
    0x5E, 0x92, 0x02, 0x9C, 0x6E, 0xAC, 0x44, 0x4C, 0xAC, 0x28, 0xD7, 0x7C, 0x06, 0x20, 0x89, 0x7B,
    0xA9, 0xD4, 0x76, 0x53, 0xA7, 0xA6, 0x80, 0xCD, 0x4D, 0x06, 0x09, 0xA2, 0x53, 0xC5, 0xDD, 0x41,
    0x8D, 0x87, 0x65, 0x6C, 0x58, 0x4C, 0x11, 0xB3, 0xF7, 0x2B, 0x75, 0xC2, 0x9E, 0x39, 0xE7, 0x42,
    0x0D, 0xEF, 0x0D, 0x7A, 0xC9, 0x2A, 0x82, 0xC8, 0x91, 0x56, 0x76, 0x40, 0x94, 0x1F, 0x65, 0x5D,
    0xB3, 0xC7, 0x83, 0x33, 0x66, 0xB2, 0x6B, 0x2F, 0x9D, 0xCC, 0x50, 0xCF, 0x6C, 0x2A, 0x7E, 0x96,
    0x54, 0xDC, 0xAE, 0x69, 0xC3, 0x1E, 0x87, 0x05, 0xAD, 0x6B, 0xA6, 0xDD, 0x34, 0x43, 0x9F, 0x20,
    0x8A, 0x87, 0xF8, 0xF3, 0x5D, 0xB8, 0xA6, 0x6F, 0x62, 0xCF, 0xF1, 0x2D, 0xEC, 0x39, 0xBA, 0x53,
    0x93, 0x4A, 0xC5, 0xA3, 0x91, 0xC4, 0x94, 0xD1, 0x83, 0x64, 0xAD, 0x48, 0x77, 0xC8, 0xF6, 0x41,
    0x83, 0x2B, 0xD0, 0x61, 0x06, 0x10, 0x30, 0x3D, 0x6A, 0x92, 0x9C, 0xD2, 0xC3, 0x4D, 0xA8, 0x12,
    0xD0, 0xB6, 0x3B, 0x52, 0x3F, 0x3C, 0xA0, 0xBC, 0x72, 0x52, 0x9E, 0x7F, 0x98, 0xF2, 0x08, 0x54,
    0x97, 0xA2, 0xBC, 0x7B, 0x9B, 0x54, 0xDE, 0xBE, 0xEA, 0xB0, 0xCD, 0xEA, 0x70, 0x71, 0x55, 0x1D,
    0x3A, 0x5B, 0x1D, 0xB0, 0xB7, 0xF2, 0x80, 0xFC, 0x72, 0x1A, 0x91, 0x5F, 0x30, 0xC8, 0x2F, 0xB5,
    0xF2, 0x03, 0x68, 0xCA, 0xEF, 0x63, 0xCA, 0xEF, 0x26, 0xDC, 0xD4, 0x8F, 0x2A, 0x3F, 0x75, 0x88,
    0xFC, 0xC6, 0xB0, 0x6F, 0x9F, 0x17, 0xC6, 0xB1, 0x44, 0x34, 0xEF, 0x0F, 0x3F, 0x23, 0x58, 0xDF,
    0x6D, 0xF7, 0x49, 0x84, 0x19, 0xA7, 0x84, 0xD5, 0xA6, 0x38, 0x6B, 0x4A, 0x9F, 0x51, 0x91, 0x79,
    0x2D, 0x31, 0xF9, 0x78, 0x44, 0x5A, 0x51, 0xB4, 0xBA, 0xE6, 0x7E, 0xC3, 0x96, 0x7A, 0x0A, 0xBA,
    0x54, 0xD2, 0xAE, 0xB8, 0x63, 0xA4, 0x59, 0x37, 0xF5, 0x6C, 0x0E, 0xAC, 0x8E, 0xB0, 0x8E, 0xF4,
    0x05, 0xA1, 0xB8, 0x6C, 0x6D, 0x9C, 0xC1, 0xE9, 0xFC, 0x7E, 0xCD, 0x7D, 0xC0, 0xB4, 0x18, 0xF5,
    0xD4, 0x99, 0x57, 0xE6, 0x0E, 0xE6, 0x38, 0xF2, 0x46, 0x4C, 0xDC, 0xE3, 0xA8, 0x91, 0x6F, 0xC0,
    0xD0, 0x60, 0xB6, 0x03, 0x95, 0x1D, 0x6A, 0x89, 0x0C, 0xAF, 0x92, 0xE1, 0x0D, 0x32, 0xBC, 0x85,
    0x55, 0xE2, 0xBF, 0x97, 0x3C, 0xF9, 0x91, 0xA1, 0xFF, 0x20, 0x86, 0x41, 0x3D, 0x24, 0x91, 0x7D,
    0x0C, 0xFF, 0x07, 0xB5, 0x54, 0xB1, 0x92, 0xD6, 0x36, 0x10, 0xFE, 0x6C, 0x0F, 0x67, 0x12, 0x15,
    0xA2, 0xF8, 0x99, 0xA1, 0x60, 0x46, 0x14, 0x47, 0xED, 0x26, 0x45, 0x8A, 0xCB, 0x48, 0x93, 0x2B,
    0x28, 0x28, 0x72, 0xC5, 0xF5, 0xBC, 0x48, 0xF8, 0xAD, 0x81, 0x82, 0x32, 0x57, 0xE4, 0x71, 0xB8,
    0x93, 0x38, 0xCA, 0x14, 0x31, 0x79, 0x02, 0x17, 0x3C, 0x80, 0x98, 0xA8, 0x10, 0x13, 0xD9, 0x9B,
    0x95, 0xF8, 0x3D, 0xB9, 0x01, 0x72, 0xA9, 0xB2, 0x6B, 0x7D, 0xFE, 0xB4, 0xFA, 0xB4, 0xBB, 0x8D,
    0x16, 0x80, 0x23, 0x4F, 0xE5, 0xB3, 0x9F, 0x71, 0x10, 0x51, 0xD8, 0xD6, 0x61, 0x9F, 0xB7, 0x85,
    0x83, 0xD1, 0x27, 0xF3, 0x9F, 0xFF, 0xFF, 0xEB, 0x9C, 0x64, 0xF8, 0xBF, 0xBE, 0xAF, 0x77, 0x99,
    0xB7, 0xD5, 0x18, 0x31, 0x29, 0xAF, 0xCD, 0x08, 0x2A, 0x6E, 0x9D, 0x1F, 0x70, 0xC7, 0x0C, 0x93,
    0x0E, 0x2A, 0xC8, 0x20, 0x67, 0xE5, 0x07, 0xAB, 0x71, 0x82, 0xE6, 0x2B, 0xB1, 0x1D, 0x46, 0x4B,
    0x9E, 0x0C, 0xC1, 0x41, 0x9B, 0xC1, 0x4A, 0xDF, 0xFB, 0xC6, 0xEC, 0x84, 0xBF, 0x54, 0x6F, 0xB2,
    0x3E, 0x8D, 0x63, 0xBF, 0x35, 0xF1, 0x4B, 0x72, 0xBF, 0xE5, 0xA1, 0x0B, 0x77, 0xCC, 0xF9, 0xF0,
    0xC7, 0xA2, 0xFF, 0x24, 0xF5, 0xA1, 0x9E, 0xCC, 0x2B, 0x2B, 0x87, 0x17, 0x49, 0x77, 0xE1, 0xA4,
    0x9B, 0xF8, 0xEE, 0x2D, 0xA7, 0xBB, 0xC6, 0x8C, 0xAF, 0x12, 0xFD, 0x9E, 0xE9, 0xA7, 0xC8, 0xC7,
    0x4E, 0x04, 0x2E, 0xA1, 0x5F, 0x24, 0xE9, 0x73, 0xEF, 0x4F, 0x70, 0x1F, 0x80, 0xB3, 0xC0, 0x68,
    0x00, 0x5D, 0x16, 0x70, 0xAC, 0x8F, 0xCC, 0x48, 0xE4, 0xEB, 0x72, 0xCE, 0xDF, 0xD3, 0x30, 0x25,
    0x7E, 0xFB, 0x32, 0xA8, 0xB9, 0x6E, 0xE6, 0xAB, 0x39, 0x81, 0x33, 0xDD, 0x18, 0xE2, 0x3C, 0xC4,
    0xF9, 0xCA, 0xBF, 0xEC, 0xA1, 0xF1, 0xEF, 0x1A, 0xA2, 0x2F, 0x35, 0xCE, 0xD6, 0xDC, 0x83, 0x75,
    0x33, 0x05, 0x0A, 0x6E, 0x1E, 0x2C, 0x80, 0x04, 0x90, 0x05, 0x25, 0x10, 0x59, 0xE2, 0x38, 0x4D,
    0xB4, 0x80, 0x26, 0x2C, 0xC0, 0x3D, 0x40, 0xF3, 0x61, 0xF1, 0x3D, 0xDF, 0x3C, 0x77, 0x3F, 0x2E,
    0xF4, 0x72, 0xE5, 0x8F, 0xC9, 0x0E, 0x67, 0xF7, 0xD1, 0x9C, 0x71, 0xD8, 0x19, 0x11, 0x19, 0xC8,
    0xCA, 0x54, 0xC5, 0xF5, 0x77, 0x08, 0xEE, 0xD0, 0x18, 0xEC, 0x6E, 0x64, 0xB9, 0x61, 0xE7, 0xC0,
    0xF3, 0x4A, 0x04, 0x19, 0x50, 0x65, 0x03, 0xF9, 0x26, 0x57, 0xB6, 0x17, 0x73, 0x97, 0x2A, 0x7B,
    0xDD, 0x85, 0x3E, 0x54, 0x96, 0xBB, 0x20, 0xA7, 0x8D, 0x29, 0xBF, 0x31, 0x6D, 0x36, 0x76, 0x48,
    0x7F, 0xD9, 0xCF, 0x59, 0x7C, 0x44, 0xBB, 0x60, 0x94, 0xD7, 0x49, 0x93, 0x55, 0x64, 0x35, 0x9D,
    0x86, 0x45, 0x79, 0xFD, 0x6C, 0x12, 0x8B, 0x78, 0x97, 0xFA, 0xF9, 0x79, 0x3F, 0x03, 0xF2, 0x3A,
    0x74, 0x81, 0x0B, 0x00, 0xFA, 0x94, 0x59, 0x2E, 0x6C, 0xEC, 0x36, 0xB6, 0x6C, 0xAC, 0x4D, 0xCC,
    0xE6, 0xDC, 0xCD, 0xE8, 0x42, 0x1B, 0xC5, 0x74, 0xD9, 0x4F, 0x10, 0x33, 0x38, 0xDF, 0xF8, 0xCC,
    0x43, 0x7A, 0x38, 0xC2, 0x40, 0x06, 0xCA, 0x42, 0x25, 0xF4, 0x09, 0x68, 0x71, 0xB0, 0xC6, 0x74,
    0x41, 0x44, 0x19, 0x54, 0xD0, 0x7E, 0xB4, 0x84, 0x8C, 0x63, 0x8E, 0xED, 0xC0, 0x6D, 0x43, 0xC4,
    0xD1, 0xC8, 0xE0, 0x8C, 0x0A, 0x04, 0x7D, 0xCD, 0xDD, 0xBE, 0x4C, 0xA0, 0x3E, 0x20, 0x73, 0xFA,
    0xE3, 0xD6, 0xA2, 0x65, 0x9D, 0x65, 0x61, 0x9B, 0x58, 0xF9, 0x32, 0xCB, 0x40, 0x4F, 0xD2, 0x30,
    0x93, 0x8C, 0x2C, 0x56, 0xF3, 0x78, 0x9A, 0xB4, 0x5F, 0x45, 0xD0, 0x26, 0x8B, 0x69, 0x8F, 0x47,
    0xAD, 0x79, 0x80, 0xBB, 0xB8, 0xAA, 0x4F, 0x69, 0xF4, 0xC3, 0x24, 0x43, 0x1F, 0xDB, 0x88, 0x8B,
    0xBB, 0x38, 0xC3, 0x55, 0x17, 0x40, 0x7D, 0x84, 0x7B, 0x95, 0x30, 0xBE, 0xCD, 0x18, 0xDE, 0xAD,
    0xE0, 0xCA, 0xE8, 0xA3, 0x36, 0x6D, 0x54, 0x06, 0x17, 0xDF, 0x82, 0x75, 0x47, 0x45, 0xA8, 0x41,
    0x22, 0x6A, 0x4B, 0x4F, 0x32, 0x77, 0xFC, 0x76, 0x19, 0x66, 0x16, 0xCB, 0xC0, 0xEA, 0x3E, 0xF6,
    0x41, 0xBF, 0xC8, 0xAC, 0xB7, 0x19, 0x17, 0x47, 0x78, 0x84, 0x62, 0x0F, 0x01, 0x8C, 0x40, 0x43,
    0x1E, 0xFD, 0x5F, 0x01, 0xEA, 0x3A, 0x43, 0xE3, 0x0A, 0x38, 0x69, 0xB2, 0x88, 0xDC, 0xAD, 0x2D,
    0xFD, 0xE8, 0x59, 0xC4, 0x76, 0xC1, 0xCF, 0x3F, 0x60, 0x34, 0x6A, 0x16, 0xB9, 0x23, 0x50, 0x4B,
    0x22, 0xA9, 0x59, 0x9B, 0x13, 0x54, 0xFB, 0x0E, 0x68, 0xFC, 0xEB, 0x26, 0x76, 0xB3, 0xEE, 0xB2,
    0xF4, 0xF2, 0x6D, 0xD6, 0xE8, 0x3E, 0xC4, 0x0C, 0xA4, 0x36, 0x00, 0x7B, 0x31, 0x01, 0xEA, 0x99,
    0x81, 0x7A, 0xB2, 0x28, 0xA3, 0xF9, 0xD4, 0xAB, 0xA7, 0xAB, 0x32, 0x35, 0x86, 0x7D, 0x3F, 0x55,
    0x5D, 0xB9, 0xF1, 0x1A, 0xF5, 0x6E, 0xCD, 0x52, 0xF3, 0xD5, 0xCC, 0x28, 0x76, 0x9F, 0x7D, 0x34,
    0xA3, 0xA1, 0xCD, 0x71, 0xBB, 0xBB, 0x83, 0x8F, 0x07, 0x7F, 0xCC, 0xBE, 0xE5, 0x71, 0xC6, 0x19,
    0xB2, 0x9F, 0xBC, 0xF0, 0x1D, 0x76, 0xF8, 0x72, 0x36, 0xBB, 0x48, 0x91, 0x02, 0x80, 0x0B, 0xA0,
    0x49, 0x40, 0xC7, 0xAB, 0x0F, 0x80, 0x9C, 0x00, 0xE5, 0x01, 0x5D, 0x9A, 0x07, 0x90, 0x0F, 0xC7,
    0x01, 0xE8, 0xF9, 0x48, 0x7A, 0x60, 0xA8, 0xAF, 0x1A, 0xB8, 0x04, 0x9A, 0x0C, 0x74, 0xF1, 0x9F,
    0x9B, 0xC3, 0x8D, 0x9B, 0x0F, 0x51, 0x0D, 0xEA, 0x3D, 0xFA, 0x8F, 0x18, 0x09, 0xAA, 0x4C, 0x1D,
    0x3F, 0x50, 0xD0, 0x14, 0x14, 0xE5, 0x63, 0x11, 0xBF, 0x69, 0x17, 0xB4, 0x09, 0xB8, 0xAA, 0x75,
    0xF4, 0x01, 0x5B, 0x46, 0x07, 0x97, 0xA0, 0x56, 0x49, 0xA1, 0xA1, 0x2C, 0xC9, 0xB6, 0x14, 0x64,
    0x42, 0xBB, 0x1A, 0xE1, 0xD1, 0x44, 0x30, 0x22, 0xA2, 0x35, 0xB5, 0xFD, 0x6A, 0xCD, 0x19, 0xB0,
    0x83, 0x88, 0x68, 0x56, 0x14, 0x25, 0x1D, 0xB0, 0x46, 0xD0, 0x98, 0xFA, 0xAA, 0xC1, 0xC8, 0xED,
    0x34, 0xCB, 0x48, 0xE8, 0x18, 0x7C, 0xB7, 0x70, 0x2F, 0x5D, 0x69, 0xA5, 0xCB, 0xDC, 0x09, 0x03,
    0xF2, 0x06, 0x6D, 0x01, 0xC7, 0x31, 0xC9, 0x92, 0xDA, 0x43, 0x2E, 0x29, 0x73, 0xE9, 0xE0, 0x13,
    0x94, 0xFA, 0xBF, 0x6E, 0xD5, 0x71, 0xCE, 0xA5, 0xDA, 0x85, 0x25, 0xDD, 0x5A, 0xA1, 0x6E, 0xB9,
    0x70, 0x19, 0x47, 0x75, 0xD6, 0x0D, 0xEF, 0x41, 0xC6, 0xAD, 0x0C, 0x44, 0x9E, 0xE0, 0x68, 0x26,
    0x70, 0x65, 0x02, 0x57, 0x66, 0x40, 0xDE, 0xA0, 0x2D, 0xE0, 0x38, 0xC6, 0x95, 0x1D, 0x83, 0x65,
    0x48, 0x18, 0xC1, 0x45, 0x2B, 0x3C, 0x06, 0x57, 0xAE, 0x56, 0x07, 0x5D, 0x9D, 0x68, 0x75, 0xBA,
    0x55, 0xA8, 0xDB, 0x3A, 0xDE, 0xAA, 0xF5, 0xAB, 0x11, 0x18, 0x28, 0x0E, 0x65, 0xE4, 0x93, 0xB9,
    0x3A, 0xA2, 0x15, 0xDF, 0x63, 0x88, 0xDB, 0x14, 0xD8, 0xC1, 0xDE, 0x41, 0x79, 0xCB, 0x51, 0x7A,
    0x11, 0xC7, 0xD3, 0x5C, 0x1E, 0xA8, 0x7B, 0x9A, 0xB4, 0x57, 0x81, 0x64, 0x1C, 0x7D, 0x7D, 0xD3,
    0x54, 0x66, 0x80, 0x7E, 0xB3, 0x82, 0xFA, 0xC0, 0x9A, 0x32, 0x09, 0xF6, 0x5D, 0x28, 0xC3, 0xE0,
    0x01, 0x2E, 0xF0, 0x37, 0x8C, 0x90, 0x01, 0x86, 0x1C, 0x41, 0x14, 0x86, 0xFF, 0x9E, 0x22, 0x8D,
    0x46, 0x0D, 0x18, 0x24, 0xE8, 0x23, 0xD4, 0x11, 0x5E, 0xCB, 0x49, 0x72, 0x83, 0x39, 0x41, 0x52,
    0x2D, 0xB9, 0x40, 0xAE, 0x91, 0x09, 0x1A, 0x02, 0x20, 0x5D, 0x06, 0x60, 0xA1, 0x99, 0x0B, 0x34,
    0x86, 0xC5, 0x62, 0x1E, 0xDB, 0xE8, 0x9D, 0xA9, 0xAE, 0x7F, 0xAB, 0xED, 0x02, 0x03, 0xCB, 0x5F,
    0x94, 0xE7, 0xAF, 0xAF, 0x3E, 0xAF, 0x60, 0x6B, 0xA9, 0xF2, 0x14, 0xFD, 0xD7, 0xD8, 0x63, 0x49,
    0x48, 0x6B, 0xF2, 0xA5, 0x58, 0xFA, 0x4D, 0x94, 0xCB, 0xE4, 0x38, 0x7E, 0x4A, 0x0D, 0xB0, 0x45,
    0xA5, 0xA8, 0x15, 0xA2, 0xA0, 0x6E, 0x9E, 0xB5, 0x3C, 0xA9, 0xFD, 0xA5, 0x62, 0xD4, 0x93, 0x42,
    0x7E, 0xFE, 0x7B, 0x85, 0xD1, 0x9C, 0x9A, 0x83, 0xCB, 0x39, 0xB4, 0x02, 0xC8, 0x19, 0xC2, 0x66,
    0xC7, 0x80, 0x7A, 0x80, 0x1D, 0xE1, 0x86, 0x03, 0x03, 0x09, 0x7F, 0x06, 0xEA, 0xB1, 0xA0, 0x56,
    0x2F, 0x79, 0xB6, 0x76, 0x7A, 0x8E, 0xEC, 0x34, 0x95, 0x53, 0x32, 0x33, 0xCD, 0xE4, 0x2F, 0x9A,
    0x21, 0x65, 0xC2, 0x3A, 0xA7, 0xA6, 0x6E, 0x9C, 0x6D, 0xF8, 0x26, 0xC0, 0x0F, 0x20, 0x62, 0x33,
    0xC3, 0xE8, 0xAA, 0x63, 0x33, 0x35, 0xA0, 0x0C, 0xC8, 0x86, 0xB9, 0x9F, 0x5F, 0xF5, 0xD9, 0xC7,
    0x8C, 0xF5, 0x43, 0x5B, 0xB2, 0x95, 0x4A, 0xFF, 0x9B, 0x79, 0x05, 0x76, 0x93, 0xE7, 0x58, 0x25,
    0x64, 0xA0, 0x30, 0xF4, 0xEF, 0x1F, 0x4D, 0x34, 0xB3, 0xE7, 0xE4, 0xA8, 0x45, 0xA7, 0xF0, 0xA1,
    0xCB, 0x1A, 0x0B, 0xE4, 0x37, 0x5C, 0x76, 0x22, 0x27, 0xEC, 0x6F, 0x11, 0xF6, 0x78, 0x7F, 0xF6,
    0x27, 0x82, 0x8F, 0x6C, 0x3E, 0xBC, 0x3B, 0xE0, 0x3B, 0xBE, 0x24, 0x48, 0xC2, 0x2E, 0x01, 0x77,
    0x29, 0x56, 0x7B, 0x15, 0xEA, 0x1B, 0xD0, 0xDD, 0xA2, 0x1C, 0xA3, 0xFB, 0x19, 0x61, 0x66, 0x58,
    0x85, 0x04, 0x10, 0x65, 0x84, 0xBB, 0xFE, 0x11, 0x2E, 0x8E, 0xB1, 0x4A, 0xF0, 0x0C, 0xA9, 0x1F,
    0xFE, 0xD9, 0x61, 0x5B, 0x87, 0x22, 0xC1, 0xB2, 0x79, 0x1D, 0x6B, 0x3E, 0x7A, 0x10, 0x0F, 0xB1,
    0x38, 0xBB, 0x8D, 0x35, 0xCE, 0x1C, 0x88, 0x8C, 0x33, 0x00, 0x4D, 0xD1, 0x01, 0x66, 0xEC, 0x40,
    0x00, 0xC6, 0xF1, 0x2F, 0x3B, 0x9E, 0xF5, 0x04, 0x0B, 0xC0, 0x83, 0x00, 0xBC, 0x82, 0x1C, 0x61,
    0x46, 0xD1, 0xCB, 0x14, 0x7B, 0x81, 0x92, 0xE9, 0x5D, 0x0A, 0x0A, 0xDB, 0x03, 0x94, 0xE4, 0x08,
    0x39, 0x42, 0xD0, 0x03, 0x0C, 0x16, 0x69, 0x25, 0xF3, 0xEF, 0xCC, 0xEE, 0x6C, 0x6C, 0xF0, 0xF3,
    0x37, 0x5F, 0x60, 0x8C, 0x05, 0xDC, 0x85, 0x06, 0xF0, 0x3B, 0xD4, 0xBA, 0x1B, 0x4D, 0xE6, 0xAF,
    0x12, 0xBA, 0xC1, 0xB2, 0x31, 0xDF, 0x0D, 0x96, 0xA5, 0x60, 0xB6, 0xB3, 0x3D, 0x6F, 0xF7, 0x83,
    0x74, 0xFC, 0xCA, 0x33, 0xD2, 0x01, 0xBC, 0x9A, 0xC0, 0x20, 0x3B, 0x74, 0x19, 0xEB, 0xD5, 0xF9,
    0x07, 0xA9, 0x77, 0x92, 0x48, 0x34, 0x30, 0xA9, 0x85, 0x41, 0x42, 0x92, 0x4D, 0x95, 0xF1, 0xDA,
    0xAD, 0x92, 0xCC, 0x92, 0x99, 0x13, 0xCF, 0x3F, 0xEF, 0x27, 0x01, 0xA8, 0xCF, 0x74, 0xB0, 0xE8,
    0x8F, 0x24, 0xFD, 0x23, 0x7A, 0xE5, 0x2F, 0x0F, 0xF3, 0x56, 0xF1, 0x5A, 0xFB, 0x58, 0xE3, 0x2E,
    0x65, 0x62, 0x85, 0x2F, 0x25, 0xFC, 0xCB, 0x56, 0xCB, 0xAD, 0x5E, 0x4B, 0xED, 0x78, 0x82, 0x1A,
    0x6F, 0x62, 0x8D, 0x05, 0x4B, 0x30, 0xB0, 0x58, 0x56, 0x1E, 0xA7, 0x54, 0xC1, 0x2C, 0xA2, 0x1A,
    0x0D, 0xD1, 0xE5, 0x1A, 0x9D, 0x89, 0x52, 0xAA, 0x2E, 0xAA, 0x54, 0xCB, 0x50, 0xAA, 0x62, 0x2A,
    0xF5, 0xBF, 0x0E, 0x97, 0x5A, 0xF5, 0x69, 0x42, 0xC3, 0x59, 0x06, 0xD6, 0x7A, 0xEA, 0xC9, 0x3F,
    0x45, 0x18, 0x7A, 0x66, 0xA9, 0x3B, 0x9F, 0x56, 0x49, 0x75, 0x74, 0x52, 0x4F, 0xD0, 0x9E, 0xC4,
    0x61, 0x35, 0x41, 0x36, 0x24, 0xFA, 0xC1, 0x4C, 0xC2, 0x57, 0xAE, 0xC2, 0x49, 0x2D, 0x4C, 0xB2,
    0x30, 0xCA, 0x44, 0x95, 0xF7, 0xE8, 0x60, 0xC8, 0xF8, 0xEB, 0xCB, 0x5C, 0xAF, 0xCC, 0x98, 0xE8,
    0xBF, 0xAB, 0x0F, 0xB5, 0x10, 0x54, 0x93, 0x0F, 0x8E, 0x51, 0xBF, 0x8D, 0x93, 0x2D, 0x8C, 0xD4,
    0x50, 0x14, 0x85, 0x3F, 0x3A, 0x43, 0x76, 0xB2, 0x85, 0x14, 0x83, 0x23, 0x0C, 0x02, 0x45, 0xC8,
    0x3E, 0x7C, 0xA0, 0x6F, 0x82, 0x97, 0xAC, 0xF7, 0xEB, 0x25, 0xD0, 0x7A, 0x85, 0xD7, 0x18, 0xD6,
    0x4B, 0x98, 0xF7, 0xBC, 0x1A, 0xAF, 0xEA, 0x55, 0xC5, 0x8A, 0x8A, 0x4E, 0x2F, 0xF7, 0x74, 0xB6,
    0x62, 0x37, 0x84, 0xCC, 0x4D, 0xCE, 0x37, 0x73, 0xFF, 0x4E, 0xFF, 0x79, 0x03, 0xF0, 0xDB, 0x55,
    0x1C, 0x1D, 0x65, 0xEF, 0x08, 0xAD, 0x23, 0x99, 0x59, 0x67, 0x42, 0x12, 0x62, 0xCB, 0x93, 0x5D,
    0xA5, 0xEE, 0x4A, 0x73, 0x8C, 0xC2, 0x07, 0x96, 0x58, 0xBB, 0xA2, 0xCB, 0x32, 0x2B, 0xEB, 0xA9,
    0x6C, 0x24, 0x36, 0x0D, 0xFB, 0x18, 0xDA, 0xF7, 0xB1, 0x52, 0xEF, 0x0C, 0xED, 0x4E, 0x52, 0xF8,
    0xC1, 0x1C, 0x17, 0x07, 0x47, 0x79, 0xA7, 0xF4, 0x08, 0xEA, 0x9A, 0xC7, 0x41, 0xE8, 0x84, 0xC3,
    0x17, 0x88, 0xAD, 0x77, 0x27, 0x0D, 0x0F, 0x42, 0xA7, 0xE1, 0x96, 0x53, 0xBC, 0x5C, 0x5C, 0x25,
    0xFE, 0xAB, 0xB5, 0xEB, 0x63, 0xAC, 0x48, 0x31, 0xE4, 0x98, 0x12, 0xBA, 0x82, 0xC2, 0x7A, 0x48,
    0x19, 0x02, 0x4B, 0xBC, 0xF0, 0x29, 0xBE, 0x82, 0x31, 0xB1, 0x1A, 0x88, 0x6D, 0x75, 0xA0, 0xEC,
    0xA2, 0x99, 0x0D, 0xC2, 0x28, 0x0C, 0x73, 0x6D, 0xEE, 0x62, 0xD8, 0xFD, 0x06, 0xDA, 0xBD, 0x02,
    0x52, 0xEB, 0xC6, 0x1D, 0xA5, 0x0D, 0x84, 0xB4, 0xA7, 0x89, 0x71, 0xF7, 0x2A, 0x3E, 0xFF, 0xE7,
    0x49, 0xA9, 0xAE, 0x7E, 0x4C, 0xC9, 0xE7, 0x47, 0xED, 0x69, 0xFF, 0xE4, 0xF3, 0xDA, 0xD5, 0x2C,
    0x5E, 0x23, 0xC1, 0x12, 0xD1, 0x67, 0x9F, 0x3D, 0xF2, 0x52, 0x1E, 0x1F, 0x78, 0xF4, 0x2C, 0x1E,
    0x66, 0x96, 0x17, 0xC1, 0x65, 0x0B, 0xDB, 0x7C, 0x52, 0xF5, 0x50, 0x1B, 0x57, 0xED, 0xB2, 0x2A,
    0xAF, 0x86, 0x2A, 0x57, 0x87, 0x2A, 0x47, 0xDF, 0x69, 0x5C, 0xFE, 0xEB, 0x39, 0xBA, 0x1B, 0x60,
    0xAE, 0xDA, 0xB5, 0x81, 0x77, 0x40, 0x73, 0xAF, 0xF8, 0x58, 0x85, 0xAB, 0xCA, 0xAE, 0xDE, 0xFF,
    0x8F, 0x44, 0x1A, 0xE4, 0x73, 0xAF, 0x16, 0x12, 0xAC, 0x46, 0xD8, 0xF6, 0xE0, 0x73, 0xF8, 0xFC,
    0x12, 0x71, 0x77, 0xC2, 0x5B, 0xE1, 0x1B, 0xD1, 0x1F, 0xBE, 0xE3, 0xE2, 0xCE, 0xB1, 0xCD, 0x72,
    0x32, 0x33, 0x92, 0xA0, 0x7F, 0xAA, 0xA1, 0x2E, 0x14, 0x93, 0x83, 0x3F, 0x2E, 0xDF, 0x55, 0x0E,
    0x32, 0x5F, 0xDE, 0xF7, 0xBD, 0x4A, 0xC7, 0xEB, 0xDB, 0x9F, 0xA5, 0x1E, 0x61, 0x10, 0xBE, 0x03,
    0x08, 0xCC, 0x69, 0x29, 0xCC, 0x23, 0x1A, 0xD6, 0xDA, 0x62, 0x50, 0xB0, 0x44, 0xD1, 0xA9, 0x36,
    0x3A, 0x62, 0x72, 0x4C, 0x21, 0xB3, 0x9A, 0x42, 0x4F, 0x35, 0x85, 0x91, 0xB8, 0x0F, 0x89, 0xAB,
    0x3A, 0x5C, 0xB1, 0xAE, 0xC3, 0x1A, 0xEA, 0xC0, 0x59, 0xF8, 0xB4, 0x65, 0x39, 0x48, 0x99, 0x85,
    0x5E, 0xE9, 0xC8, 0xCD, 0xAF, 0xEB, 0x84, 0xAE, 0x32, 0x0B, 0xF3, 0x9B, 0x3F, 0x20, 0xCC, 0xA9,
    0x90, 0x6F, 0x6E, 0x7D, 0xC4, 0x4B, 0xE3, 0xB2, 0x56, 0x3E, 0x38, 0xDF, 0x3A, 0x9C, 0x8F, 0x4D,
    0x1D, 0x36, 0xD4, 0x75, 0x08, 0xA7, 0xEB, 0x28, 0xA7, 0x30, 0x50, 0x4C, 0xA1, 0x83, 0x7D, 0x68,
    0x21, 0x4C, 0x72, 0x1F, 0x96, 0x7B, 0xA0, 0xE0, 0x92, 0x1F, 0x10, 0x3E, 0xDF, 0x41, 0xC3, 0x51,
    0xDF, 0x70, 0xB3, 0xBB, 0xD0, 0x67, 0xBB, 0x75, 0xF4, 0x35, 0x30, 0x46, 0x61, 0x4E, 0xD5, 0xC8,
    0x7E, 0x9E, 0x0D, 0x34, 0x3E, 0xC9, 0x56, 0x6B, 0x4F, 0xDD, 0xE0, 0x2F, 0xBD, 0x97, 0x01, 0xA4,
    0xE6, 0xD8, 0x15, 0xC7, 0x7F, 0x49, 0xBA, 0x93, 0x25, 0xF4, 0x16, 0x1E, 0x6D, 0xA7, 0xA4, 0x58,
    0xB4, 0x2D, 0x02, 0xD0, 0xD2, 0xEE, 0x4D, 0x15, 0x8B, 0x62, 0xA7, 0xEC, 0x2C, 0x14, 0x03, 0xC0,
    0xC2, 0x00, 0xC0, 0xCE, 0x26, 0x00, 0xC0, 0x3E, 0x00, 0x60, 0x07, 0x8B, 0x9A, 0xA2, 0x0B, 0x28,
    0x66, 0x5E, 0xEE, 0xB6, 0x80, 0xA2, 0xA9, 0x05, 0xC0, 0x04, 0xB3, 0x50, 0x98, 0xDB, 0x36, 0xBA,
    0x19, 0x9B, 0xE4, 0xF4, 0x3B, 0x27, 0xEF, 0xFB, 0xE2, 0xED, 0xCC, 0xDB, 0x0E, 0x9D, 0xF6, 0xF8,
    0xEE, 0xEF, 0x4B, 0xEE, 0x3D, 0xE7, 0x9C, 0xFF, 0x3D, 0x92, 0x48, 0x7E, 0x74, 0x0E, 0xEF, 0xE1,
    0x23, 0x08, 0xD5, 0x08, 0x2B, 0x6E, 0x26, 0x9D, 0x95, 0xD9, 0x4C, 0xB1, 0x90, 0x8F, 0x64, 0x22,
    0x12, 0x8D, 0x03, 0xC9, 0x81, 0x01, 0xA4, 0xAD, 0x5A, 0xE8, 0x82, 0xAF, 0xA1, 0xE9, 0x1B, 0xC0,
    0x0F, 0x0B, 0x50, 0xC5, 0x19, 0x70, 0xFF, 0x9A, 0x94, 0x12, 0x81, 0xDC, 0x98, 0x49, 0x0F, 0xA4,
    0x1A, 0x4A, 0x22, 0x35, 0xC0, 0xCA, 0xC9, 0x6E, 0x3C, 0x83, 0x46, 0xDA, 0x44, 0x64, 0x48, 0x87,
    0x2A, 0x82, 0x9B, 0x20, 0x9F, 0x21, 0xDB, 0x46, 0xFE, 0xE5, 0x4C, 0x23, 0x73, 0x22, 0x32, 0x67,
    0x4B, 0x36, 0xBB, 0x31, 0x9D, 0xDD, 0x90, 0x4D, 0x55, 0x9F, 0x8D, 0x3E, 0xE4, 0xD1, 0x87, 0x62,
    0xF0, 0xC1, 0xF5, 0x3E, 0x54, 0xC1, 0x0F, 0x1D, 0xA5, 0x2C, 0x14, 0x32, 0x92, 0x48, 0x8B, 0x9A,
    0x17, 0x19, 0x0F, 0x63, 0xD2, 0x01, 0xEE, 0xB9, 0x51, 0x89, 0x6C, 0xE3, 0x9A, 0xF5, 0xB3, 0xC3,
    0x68, 0x44, 0x8E, 0x23, 0xB2, 0x59, 0xD2, 0x4D, 0x59, 0x4F, 0x29, 0xF2, 0x61, 0xA0, 0x11, 0x11,
    0x12, 0x79, 0x72, 0x67, 0x21, 0x5B, 0xF5, 0x57, 0x4C, 0xE4, 0x82, 0x8B, 0x94, 0xD2, 0x96, 0x03,
    0xF7, 0x9A, 0x50, 0xF5, 0xC9, 0x41, 0xED, 0x41, 0x6F, 0xAF, 0x74, 0xAD, 0xF2, 0x4D, 0x94, 0x13,
    0x4D, 0xF0, 0x9F, 0x0D, 0x74, 0x6D, 0xF5, 0xB4, 0x45, 0x6A, 0xB7, 0x92, 0x0A, 0x6E, 0x26, 0xD7,
    0x6C, 0x75, 0x33, 0xE1, 0xAC, 0xF7, 0xBE, 0x11, 0xA9, 0xB9, 0x97, 0xCB, 0x08, 0x6F, 0xB0, 0xD9,
    0x4D, 0x85, 0xB4, 0x5B, 0x6F, 0xB7, 0x36, 0xE7, 0x32, 0x80, 0x7B, 0x1A, 0xA1, 0x7C, 0x3C, 0x42,
    0xF5, 0xF6, 0x04, 0xBE, 0x98, 0xE1, 0x22, 0x5B, 0x60, 0xC9, 0x84, 0x64, 0x4E, 0x85, 0x6C, 0x42,
    0xDA, 0x2C, 0x22, 0xA1, 0x88, 0x74, 0xBD, 0xEB, 0xF1, 0x43, 0x15, 0xF0, 0xD1, 0xB7, 0x54, 0x63,
    0xF3, 0xB7, 0x07, 0xDD, 0xDC, 0x89, 0xC8, 0x06, 0x2F, 0xBA, 0xF7, 0xD3, 0x91, 0x8F, 0xE4, 0x63,
    0x39, 0xE2, 0xA2, 0x9B, 0x71, 0x7D, 0x31, 0x53, 0x85, 0x7C, 0xC1, 0xB7, 0x99, 0xD0, 0xA8, 0xF8,
    0x0B, 0x12, 0xA9, 0x17, 0x90, 0x4F, 0x67, 0xE8, 0xFE, 0x34, 0x82, 0xFF, 0x2C, 0x1E, 0xF0, 0xC5,
    0x00, 0xA5, 0x2A, 0x75, 0x8A, 0x42, 0x6A, 0x95, 0x0B, 0xA8, 0x32, 0x92, 0xFB, 0xFB, 0x15, 0x21,
    0xBA, 0x55, 0xAF, 0x4C, 0x44, 0x99, 0xC9, 0x39, 0x68, 0x4F, 0x80, 0x32, 0x2A, 0xAB, 0x41, 0xE9,
    0x83, 0x51, 0x7D, 0xAE, 0xB2, 0xE7, 0xF6, 0x6D, 0xE5, 0xC9, 0xD3, 0x8D, 0xCA, 0x62, 0x51, 0x66,
    0xF2, 0xF9, 0x61, 0x15, 0xCB, 0x4C, 0x65, 0x4C, 0x3A, 0x25, 0xA4, 0x1F, 0x03, 0xE4, 0xD1, 0x9C,
    0xE3, 0x8B, 0x95, 0x34, 0xB5, 0x2A, 0xE9, 0x4C, 0xC9, 0xAA, 0xF9, 0x93, 0x45, 0x95, 0xA4, 0xF3,
    0x0B, 0x95, 0xFC, 0xF5, 0xCE, 0xE7, 0xAA, 0xA4, 0x0C, 0x50, 0x69, 0x73, 0x71, 0xA3, 0xAF, 0x55,
    0x49, 0x67, 0x4A, 0xE4, 0xAB, 0x4A, 0x32, 0xE3, 0xAE, 0x00, 0x5E, 0xBB, 0xA5, 0xE4, 0x4C, 0x3D,
    0x6F, 0xDA, 0xEA, 0xA6, 0xC4, 0xE8, 0x56, 0xF6, 0x9E, 0xF4, 0x5F, 0xD7, 0x8D, 0xAD, 0x0F, 0xE5,
    0xA8, 0x74, 0x6B, 0x0D, 0x6C, 0x19, 0xE8, 0x8C, 0x85, 0x91, 0x44, 0xAB, 0x70, 0x99, 0xE7, 0x89,
    0x51, 0x36, 0x6A, 0xF2, 0xA4, 0xDB, 0xDA, 0x38, 0x2B, 0xB3, 0x45, 0x99, 0xAC, 0x4A, 0xE4, 0xF9,
    0xBA, 0x07, 0xC5, 0x35, 0x82, 0x9A, 0x31, 0x5D, 0xF7, 0xA8, 0x72, 0xD6, 0xFD, 0x48, 0x34, 0xCF,
    0xA0, 0x5C, 0x51, 0x9E, 0x43, 0x7A, 0xDF, 0xDC, 0x46, 0xE3, 0x7C, 0x8D, 0x92, 0xE6, 0x17, 0xAA,
    0xC4, 0xB7, 0xAA, 0xA4, 0x0C, 0x9A, 0xD3, 0xF5, 0xAA, 0xA4, 0x88, 0xD7, 0x28, 0x59, 0x7F, 0x2D,
    0xC0, 0x8A, 0xB2, 0x33, 0x25, 0xFE, 0xAD, 0x45, 0xF9, 0x58, 0x95, 0xDC, 0x7D, 0x5E, 0xC9, 0xB8,
    0xAB, 0x48, 0x67, 0x25, 0xEF, 0xA0, 0x9A, 0xB1, 0xD5, 0x85, 0xDD, 0x7F, 0x73, 0x2D, 0xB7, 0x9E,
    0xAC, 0xCA, 0xE4, 0x9A, 0x6E, 0x24, 0x62, 0xE9, 0x8C, 0xF9, 0xA2, 0xBC, 0x3B, 0xDB, 0xEA, 0x5E,
    0x5D, 0x9E, 0x69, 0x95, 0x5B, 0xAA, 0x52, 0xA3, 0x26, 0xE3, 0xF8, 0x63, 0x65, 0x9B, 0xAD, 0x1A,
    0xFB, 0xFF, 0x64, 0x29, 0xC3, 0x4D, 0x79, 0xD2, 0xC9, 0xE8, 0xF5, 0xFE, 0x8F, 0x5E, 0x46, 0x7B,
    0x16, 0x95, 0x47, 0x44, 0x7D, 0x4C, 0xC5, 0x4C, 0xC8, 0x62, 0x2A, 0x6D, 0x3A, 0x20, 0x01, 0xF0,
    0xF1, 0x78, 0xA1, 0xB9, 0x19, 0xC8, 0xE4, 0xF4, 0xD8, 0x97, 0x63, 0x8B, 0x8A, 0x49, 0x5D, 0xE2,
    0xF1, 0x16, 0x96, 0x9A, 0xFB, 0xE9, 0x4A, 0x32, 0xE5, 0x33, 0xD9, 0xE4, 0xF4, 0xF9, 0x62, 0x6D,
    0x31, 0x54, 0x5A, 0xED, 0xB5, 0xDB, 0xB7, 0xDF, 0x3D, 0xD7, 0x1E, 0x5D, 0x8E, 0x76, 0xBB, 0x3B,
    0x5C, 0x84, 0xB2, 0xDF, 0xB2, 0x34, 0x35, 0x08, 0xB0, 0x42, 0x3A, 0x43, 0x36, 0x41, 0x31, 0x5E,
    0x75, 0xF1, 0x2D, 0x74, 0x97, 0x2E, 0xCB, 0x76, 0x79, 0xE5, 0x47, 0x97, 0x01, 0xAA, 0x00, 0x67,
    0xA6, 0x49, 0x43, 0x74, 0xDE, 0x52, 0x58, 0x2A, 0x4D, 0xA9, 0x71, 0x08, 0x56, 0x6A, 0x77, 0x1A,
    0x54, 0x8A, 0x39, 0x59, 0xC2, 0x64, 0xB9, 0xE2, 0xA4, 0x59, 0x77, 0xA7, 0xE4, 0x16, 0xAF, 0xD5,
    0xE0, 0x82, 0x8D, 0x6F, 0xBA, 0x3F, 0x06, 0xFF, 0xF8, 0xA3, 0xA1, 0x12, 0xE9, 0x53, 0x59, 0xA0,
    0x1B, 0x29, 0x44, 0x6A, 0xAF, 0xBB, 0x7E, 0xFB, 0xCF, 0xFD, 0xEB, 0xEE, 0xD3, 0xF6, 0xE8, 0x9B,
    0x3E, 0xA3, 0x94, 0xD6, 0x4B, 0x7F, 0x51, 0x0C, 0x73, 0x16, 0xB7, 0xDF, 0xE1, 0xB8, 0x91, 0x50,
    0x49, 0x7D, 0x63, 0xE2, 0x46, 0xED, 0x07, 0x1F, 0x7D, 0x2C, 0x03, 0x90, 0xA8, 0xDA, 0x74, 0x3A,
    0x5E, 0xC2, 0x79, 0x04, 0x8A, 0x01, 0x70, 0xBD, 0x42, 0x5D, 0xCA, 0x16, 0xA8, 0x6A, 0xC0, 0xA3,
    0x6A, 0x69, 0x26, 0x1E, 0xD1, 0xCC, 0xCC, 0x1B, 0xD2, 0x25, 0x99, 0x48, 0xD6, 0x2C, 0x82, 0x28,
    0xBA, 0x7C, 0x80, 0xE6, 0x57, 0xDA, 0xC9, 0x0F, 0x75, 0x57, 0x8F, 0x5B, 0x28, 0x9F, 0xEA, 0x66,
    0x44, 0x93, 0xAF, 0xC7, 0x6B, 0x3A, 0x3B, 0x95, 0xD6, 0x99, 0x89, 0x4F, 0xAA, 0x43, 0xB8, 0x97,
    0xBF, 0x0C, 0x17, 0x85, 0x30, 0xA7, 0xF3, 0x61, 0x2C, 0xAC, 0x85, 0xD4, 0x8D, 0xDC, 0x89, 0x7E,
    0xC9, 0x63, 0x31, 0x24, 0xF1, 0xD2, 0xF7, 0x82, 0x4A, 0x72, 0x09, 0x8D, 0x7C, 0x24, 0xC3, 0x23,
    0x27, 0x79, 0x9C, 0xB3, 0x39, 0xDB, 0x70, 0x38, 0x7D, 0x6B, 0x68, 0xA4, 0x94, 0xDE, 0x2F, 0x85,
    0xB4, 0x87, 0xA0, 0x47, 0x98, 0xAD, 0xAF, 0x18, 0xF2, 0xE0, 0xC1, 0x03, 0xBD, 0xD2, 0x64, 0xD8,
    0xC1, 0xC9, 0x3E, 0x51, 0x24, 0x8B, 0x32, 0x33, 0xBA, 0x49, 0x59, 0x45, 0x65, 0x67, 0xAD, 0x97,
    0xE7, 0x16, 0x87, 0x17, 0x2F, 0x8E, 0x5F, 0x5D, 0xD4, 0xD2, 0xF7, 0x33, 0xBB, 0xE3, 0x9D, 0xB1,
    0x32, 0xD2, 0x7D, 0x9D, 0x69, 0x74, 0x11, 0xFF, 0x17, 0x3F, 0x2E, 0xCD, 0xB7, 0x27, 0x89, 0x48,
    0x6F, 0x42, 0x75, 0x2D, 0xDB, 0xF8, 0xE5, 0x04, 0x14, 0xFF, 0x98, 0x01, 0xF7, 0xF7, 0x05, 0x28,
    0x7B, 0x01, 0x7C, 0xE8, 0x6A, 0x68, 0xDA, 0xED, 0x96, 0xF3, 0x01, 0x84, 0x72, 0xD0, 0xD6, 0xB9,
    0x68, 0x2F, 0x97, 0x23, 0xF9, 0x44, 0x36, 0xE9, 0x41, 0x36, 0xEB, 0x64, 0xB2, 0x52, 0xF5, 0x20,
    0xE6, 0xAC, 0xC1, 0x6A, 0xDB, 0x71, 0x39, 0x80, 0xA8, 0x4F, 0xBA, 0x6C, 0xFE, 0x1A, 0x98, 0x4F,
    0x96, 0x47, 0x03, 0x75, 0x49, 0xF3, 0xF7, 0xEA, 0xAC, 0x21, 0x5E, 0xEB, 0xAA, 0x86, 0x4D, 0xCF,
    0x49, 0x5B, 0xF1, 0xCF, 0xD9, 0x94, 0xAB, 0xE6, 0xD4, 0xF4, 0x27, 0x32, 0x9C, 0xF6, 0x45, 0x13,
    0x4E, 0xFB, 0xAD, 0x56, 0xF5, 0x90, 0x01, 0x27, 0x32, 0x53, 0x3D, 0xFB, 0xCD, 0xAA, 0x5A, 0x84,
    0xA6, 0x3E, 0xFC, 0x1A, 0xF0, 0x75, 0xA7, 0x9E, 0xFF, 0x0D, 0x2C, 0xCB, 0x19, 0x9C, 0xF1, 0x6A,
    0x52, 0x99, 0x34, 0x13, 0x59, 0x8D, 0xF9, 0xBA, 0x09, 0xCF, 0x45, 0x46, 0xE8, 0xA4, 0xB5, 0x67,
    0x0F, 0x70, 0xF3, 0x09, 0xC8, 0x4A, 0x26, 0x42, 0x3E, 0x7F, 0x80, 0x1B, 0xDF, 0x38, 0x0C, 0x5E,
    0xDD, 0x88, 0x7C, 0xBB, 0x8C, 0x7C, 0x50, 0x0D, 0x88, 0x04, 0x1A, 0x81, 0x9B, 0xE3, 0xF1, 0x96,
    0xC9, 0xE4, 0x84, 0x15, 0xE0, 0x63, 0x5E, 0xC6, 0x7C, 0x4D, 0x11, 0x25, 0x50, 0x4E, 0x86, 0x2E,
    0xE0, 0xC6, 0xEF, 0xC0, 0x8D, 0xF3, 0x6B, 0x17, 0x78, 0x09, 0xBB, 0x4E, 0xD0, 0x8D, 0xB6, 0x8A,
    0xF6, 0x18, 0xED, 0xD9, 0x8D, 0x7D, 0xD6, 0xD7, 0xE4, 0xA3, 0x04, 0xDC, 0x6C, 0xD0, 0xA2, 0xD3,
    0xA1, 0x68, 0xFA, 0x32, 0x45, 0xBF, 0x3E, 0x36, 0x5D, 0xC8, 0xA9, 0x64, 0x28, 0xDB, 0x46, 0x44,
    0xEA, 0x47, 0xA9, 0xAC, 0xFC, 0x84, 0x6A, 0x64, 0xB7, 0x54, 0xEA, 0xAC, 0x76, 0x32, 0x95, 0xC1,
    0x3F, 0x15, 0x09, 0x6F, 0xD2, 0x09, 0xDF, 0xA3, 0x78, 0xC2, 0x6E, 0xF6, 0x22, 0xB1, 0xE3, 0xDA,
    0x85, 0xA4, 0x86, 0x72, 0x4A, 0x07, 0x2F, 0x6F, 0xC5, 0xAE, 0x93, 0x38, 0x17, 0x12, 0x7E, 0x90,
    0x5C, 0xB0, 0xCF, 0xFF, 0xF2, 0xCA, 0xFC, 0xC9, 0x7E, 0x5A, 0x73, 0xB3, 0xD6, 0x14, 0x06, 0x92,
    0xDF, 0xAF, 0xFB, 0xD6, 0xD9, 0x4E, 0x6D, 0xC1, 0x5C, 0xCC, 0x99, 0xCD, 0xBE, 0x05, 0x3C, 0x04,
    0x26, 0x44, 0xA4, 0x55, 0x0D, 0x3A, 0xA8, 0x6A, 0xF8, 0x80, 0x2B, 0x73, 0x2E, 0x80, 0xAB, 0x21,
    0x45, 0xE7, 0x77, 0x63, 0xB7, 0x2B, 0xF3, 0xD7, 0xCF, 0xE5, 0x01, 0xBA, 0x9E, 0x42, 0x6A, 0xBA,
    0xD1, 0xFE, 0xFC, 0x00, 0x7E, 0xC4, 0x8E, 0xE9, 0x4E, 0x07, 0x03, 0x94, 0x01, 0xDB, 0x3D, 0x2A,
    0x7D, 0x38, 0x8C, 0xA8, 0xE3, 0x0D, 0x4C, 0xDE, 0xE6, 0xB1, 0x42, 0x22, 0xA7, 0x83, 0x60, 0xA3,
    0x5C, 0x48, 0xA4, 0xA7, 0x5A, 0xAC, 0x12, 0x3F, 0xB7, 0x9D, 0x9A, 0x5D, 0xDD, 0xA7, 0xDA, 0x37,
    0x80, 0x22, 0x6C, 0xF9, 0x42, 0x2E, 0x56, 0xBC, 0x99, 0x34, 0x79, 0x2E, 0x2D, 0xC5, 0x8A, 0x9E,
    0xF8, 0x21, 0x91, 0x7A, 0xFB, 0x6B, 0x39, 0x4C, 0x9A, 0x47, 0x22, 0xA3, 0xBA, 0x50, 0x5A, 0x80,
    0x56, 0xD4, 0x70, 0xD5, 0x7C, 0x81, 0xC9, 0x7E, 0xDD, 0x92, 0xEB, 0x54, 0xCD, 0x1F, 0xB0, 0x3D,
    0x5A, 0xB8, 0xD4, 0xAA, 0x8C, 0x6E, 0x4C, 0xB7, 0xAF, 0xC3, 0xED, 0xB4, 0xD1, 0x1A, 0x5A, 0x37,
    0x95, 0x7A, 0xF3, 0x39, 0xBA, 0x14, 0xD2, 0xDE, 0x5D, 0xC0, 0x4F, 0xA8, 0x7F, 0xD9, 0xF2, 0x08,
    0x78, 0x1D, 0xBE, 0x7F, 0xFC, 0x04, 0xA1, 0x11, 0x79, 0x66, 0x94, 0x60, 0x8C, 0x00, 0xD5, 0xFE,
    0x49, 0x40, 0xBA, 0x2A, 0x91, 0x17, 0xD3, 0x56, 0xF7, 0xD7, 0x5F, 0xCB, 0x60, 0x6C, 0x95, 0xD3,
    0xF1, 0xF5, 0x97, 0xE3, 0x03, 0x2B, 0x1F, 0xF7, 0x4F, 0x21, 0x37, 0xA8, 0x8A, 0xBB, 0x9F, 0xBF,
    0xF8, 0x43, 0x68, 0x85, 0x32, 0xB2, 0x40, 0x35, 0xD8, 0xC7, 0x58, 0xC8, 0x26, 0x65, 0x3E, 0x2A,
    0x8B, 0xA8, 0x74, 0x83, 0xAE, 0x96, 0x01, 0xCA, 0xD1, 0x1F, 0xE8, 0xD6, 0xA6, 0x86, 0x2D, 0x03,
    0x1B, 0xB7, 0xCC, 0xE9, 0xA2, 0x7B, 0xCD, 0xA6, 0xAB, 0x9F, 0x83, 0xA7, 0x87, 0x4B, 0xF2, 0x5B,
    0xD8, 0x96, 0x77, 0x81, 0xAA, 0xFC, 0xCE, 0xF0, 0xE2, 0xFE, 0x34, 0x77, 0x67, 0x40, 0x6C, 0xD7,
    0x4B, 0xBA, 0xBD, 0xA1, 0x8A, 0x25, 0x10, 0x4B, 0x20, 0x9A, 0x40, 0xE9, 0x06, 0x5D, 0xDD, 0x3E,
    0x69, 0xAA, 0x50, 0xED, 0xFD, 0xB1, 0x6C, 0x96, 0xF9, 0x6C, 0x7D, 0x07, 0x4D, 0x70, 0x55, 0x81,
    0xB5, 0xEB, 0x64, 0x77, 0x45, 0xC6, 0x4C, 0x0E, 0x70, 0x0A, 0xFF, 0x4C, 0x25, 0x04, 0x40, 0x6A,
    0x05, 0x57, 0xD0, 0xB5, 0xBA, 0xDA, 0x03, 0xFE, 0xB0, 0xE9, 0x5B, 0x16, 0x91, 0x2A, 0xB8, 0xA9,
    0x00, 0xDD, 0xD8, 0x61, 0xC1, 0xEB, 0xDC, 0x0E, 0x2C, 0x56, 0x64, 0x50, 0xAC, 0x0A, 0x09, 0x90,
    0x74, 0xA7, 0x97, 0xFF, 0x62, 0x52, 0x69, 0xF3, 0x09, 0xD3, 0xFE, 0xDE, 0x7F, 0x76, 0xFB, 0x5D,
    0x19, 0x2C, 0xE2, 0x18, 0x7B, 0xCE, 0x5E, 0x48, 0x17, 0xE2, 0x0E, 0x38, 0xAB, 0x35, 0x54, 0x56,
    0xAC, 0xAD, 0x3D, 0xE9, 0xE2, 0xF2, 0x91, 0x7C, 0x70, 0x2C, 0xB8, 0xD6, 0xE1, 0xA9, 0x70, 0xB8,
    0xFA, 0xCD, 0x03, 0x8B, 0xF0, 0xB3, 0x03, 0xF3, 0xF0, 0xBE, 0x51, 0xFB, 0x26, 0xFD, 0x46, 0x9D,
    0xC9, 0x2E, 0x57, 0x37, 0xCF, 0x2D, 0xCA, 0x32, 0x58, 0xB6, 0x79, 0xCB, 0x6C, 0x55, 0x82, 0x56,
    0x5C, 0xE0, 0xB2, 0xFA, 0x0D, 0x79, 0x02, 0x78, 0x91, 0x9A, 0x64, 0xAD, 0xEF, 0xF6, 0xE4, 0x91,
    0x6C, 0xC4, 0x05, 0x58, 0xF0, 0xBA, 0xC4, 0x3D, 0xA0, 0xAC, 0x1F, 0x02, 0xAE, 0xB5, 0xBD, 0x86,
    0x8D, 0xA2, 0x76, 0xC9, 0x6D, 0xE6, 0xA1, 0xB2, 0x7D, 0x1F, 0x4C, 0x33, 0x54, 0x94, 0x35, 0xDC,
    0xA3, 0x18, 0x48, 0x27, 0xD2, 0x95, 0x72, 0x30, 0x0D, 0xF5, 0xB1, 0xAE, 0xDA, 0xF5, 0x1A, 0x0E,
    0x5C, 0xF0, 0x33, 0x4E, 0xB8, 0xD7, 0xE0, 0x5D, 0xFD, 0xB0, 0x0C, 0xF3, 0x41, 0x43, 0xFE, 0x45,
    0x2C, 0xC2, 0x98, 0x48, 0xC8, 0xC3, 0x48, 0x53, 0x2B, 0xF5, 0x78, 0xCA, 0x74, 0xFE, 0xA1, 0xFB,
    0xF4, 0xE0, 0xF3, 0xBE, 0xA7, 0x71, 0xB5, 0x9F, 0x29, 0x85, 0x32, 0x92, 0x2F, 0xBB, 0x86, 0xEA,
    0x25, 0x35, 0x0C, 0xA6, 0xA1, 0x35, 0x0D, 0x98, 0x06, 0x4C, 0x03, 0xA8, 0x06, 0x32, 0xD5, 0x80,
    0x33, 0x0D, 0x1E, 0xE5, 0x8C, 0x6A, 0x88, 0xA8, 0x86, 0x80, 0x69, 0xC0, 0x34, 0x50, 0xA9, 0x06,
    0x1E, 0xFD, 0x27, 0x0D, 0x66, 0xD9, 0xF4, 0x4A, 0xF1, 0xDE, 0xEF, 0xD6, 0x07, 0xAD, 0x5D, 0x91,
    0x3B, 0xF6, 0x2F, 0xAA, 0xEF, 0x92, 0x9C, 0xF3, 0x43, 0xBA, 0xE0, 0x26, 0xA4, 0x96, 0xE0, 0xE6,
    0x44, 0xDA, 0xCB, 0xBF, 0xA6, 0xCE, 0x23, 0x17, 0xFC, 0x1B, 0xBD, 0x92, 0x01, 0xA6, 0xDC, 0x50,
    0x14, 0x86, 0xFF, 0xDC, 0x41, 0xE8, 0x60, 0x8A, 0x02, 0x0F, 0x59, 0xC2, 0x5D, 0x41, 0x25, 0x5A,
    0x14, 0xA0, 0x3B, 0xE9, 0x12, 0x92, 0xEA, 0x06, 0xBA, 0xA3, 0xCC, 0x12, 0xD2, 0x76, 0x03, 0xC1,
    0x2C, 0xE0, 0x22, 0x65, 0x1E, 0x49, 0xBE, 0x9E, 0x73, 0xE4, 0x29, 0x80, 0xA7, 0xA3, 0xF0, 0x7D,
    0x38, 0x93, 0xF9, 0x7F, 0xFE, 0x2B, 0x8D, 0xB7, 0xFC, 0x2C, 0x9D, 0x01, 0x06, 0xB5, 0xAE, 0xAB,
    0xC6, 0xA9, 0xBF, 0xE7, 0x41, 0x74, 0x4D, 0x79, 0xA3, 0x84, 0x72, 0x91, 0x4E, 0xA8, 0x9D, 0xA5,
    0x27, 0x80, 0xA2, 0x91, 0x90, 0x93, 0x59, 0xA7, 0x3D, 0x6E, 0xFF, 0xA8, 0x9A, 0xAE, 0xFF, 0x2D,
    0xB5, 0xFC, 0x80, 0xCE, 0xF4, 0xD3, 0x25, 0x7D, 0xD9, 0xFD, 0xC4, 0xA4, 0xEC, 0x89, 0xFD, 0xD4,
    0x17, 0xD1, 0x5D, 0xA6, 0x0A, 0x45, 0xA9, 0x38, 0x32, 0x8F, 0x0E, 0x1C, 0xF1, 0x6F, 0xAF, 0x82,
    0x07, 0x2F, 0x11, 0x1B, 0xA1, 0xD2, 0xC8, 0xAC, 0x1A, 0x43, 0x76, 0x58, 0xE4, 0x6C, 0x91, 0xED,
    0x5C, 0x61, 0x3F, 0x4E, 0xC4, 0x17, 0xF7, 0xD6, 0x22, 0x0D, 0xB0, 0xB4, 0x0F, 0x89, 0xBC, 0x9D,
    0xF9, 0x1E, 0x3B, 0x8C, 0xAC, 0x8A, 0x21, 0xD8, 0xE4, 0x4B, 0x6C, 0xB5, 0xD9, 0xA6, 0x58, 0xB4,
    0xBE, 0x6C, 0x11, 0x63, 0xB8, 0x63, 0x0D, 0x76, 0x8D, 0x87, 0x39, 0x7C, 0x04, 0x3D, 0xCC, 0x51,
    0xD7, 0xD0, 0xF2, 0x8B, 0xAD, 0x61, 0x0A, 0x67, 0xA6, 0xE8, 0xCD, 0x7E, 0xF4, 0x36, 0x47, 0x6F,
    0x73, 0xF4, 0x36, 0xDB, 0x52, 0x8B, 0x7D, 0x9F, 0x50, 0x53, 0xCC, 0xD1, 0xDB, 0x1C, 0xBD, 0xBF,
    0x45, 0xEF, 0xB0, 0x8B, 0x8F, 0xFF, 0xB1, 0x77, 0x62, 0x90, 0xD4, 0x30, 0x1B, 0x7B, 0x8A, 0x91,
    0x4F, 0x57, 0xA9, 0xA2, 0xBA, 0xCC, 0x4A, 0xBB, 0xF2, 0xCB, 0xA3, 0xAE, 0x01, 0xCA, 0x18, 0xE4,
    0xEF, 0xFB, 0xD2, 0xEB, 0x58, 0x82, 0xCB, 0xDB, 0x9A, 0xCF, 0x19, 0xDB, 0xFD, 0x7E, 0xA1, 0x18,
    0xA3, 0xC5, 0xD9, 0x10, 0x2D, 0x16, 0x17, 0xAC, 0xC6, 0xB4, 0x35, 0xBB, 0xE9, 0xB4, 0x9C, 0x30,
    0xA5, 0x12, 0xAA, 0x4A, 0x32, 0x25, 0xD6, 0x33, 0x5C, 0x1B, 0xC8, 0xA6, 0xFE, 0xAB, 0x6B, 0x40,
    0xBD, 0xDF, 0xE8, 0xDE, 0x87, 0x6E, 0x72, 0xF5, 0x74, 0x2E, 0x0B, 0x74, 0x25, 0x36, 0x97, 0x32,
    0xAE, 0x77, 0x29, 0xB4, 0x2A, 0xC4, 0x87, 0xDD, 0xAA, 0x74, 0xB0, 0x56, 0x70, 0x85, 0x45, 0x30,
    0x3C, 0x31, 0x28, 0x3F, 0xEB, 0x0F, 0x62, 0x80, 0x03, 0x13, 0x40, 0x49, 0x72, 0x80, 0x81, 0x40,
    0x10, 0x40, 0x61, 0xF8, 0xB5, 0x43, 0x61, 0x31, 0xDD, 0x60, 0x8F, 0xB0, 0x00, 0x41, 0x1A, 0x3A,
    0x66, 0xE8, 0x22, 0xB1, 0xD5, 0x09, 0xB6, 0x9B, 0x0C, 0x56, 0x60, 0x66, 0xFF, 0xDE, 0xB4, 0x8F,
    0xE7, 0xC7, 0xB7, 0xA5, 0xAA, 0x2D, 0x90, 0x5A, 0x22, 0x73, 0xCB, 0x69, 0xBF, 0xB4, 0x64, 0x9D,
    0x1B, 0x65, 0xC5, 0x64, 0xFA, 0xD6, 0x83, 0xF1, 0x02, 0x57, 0x23, 0xF0, 0xAE, 0x0A, 0xCE, 0x87,
    0x14, 0x9D, 0x17, 0xB3, 0xA9, 0x76, 0x2C, 0x13, 0x6B, 0x0A, 0x94, 0x91, 0xA2, 0x81, 0xDC, 0x53,
    0x76, 0xF0, 0xEC, 0x28, 0x11, 0xA4, 0xA9, 0x0E, 0x14, 0x69, 0x5C, 0x4D, 0x52, 0x8F, 0x49, 0xEA,
    0xB8, 0x99, 0x8C, 0xC1, 0x64, 0x0C, 0x26, 0xE3, 0xDD, 0xD4, 0x50, 0xFF, 0x3D, 0xB6, 0x1C, 0xFD,
    0x1F,
};

static const EpdGlyph bookerly_14_boldGlyphs[] = {
    { 0, 0, 0, 0, 0, 0, 0 }, // U+0000
    { 0, 0, 0, 0, 0, 0, 0 }, // U+0008
    { 0, 0, 100, 0, 0, 0, 0 }, // U+0009
    { 0, 0, 100, 0, 0, 0, 0 }, // U+000D
    { 0, 0, 0, 0, 0, 0, 0 }, // U+001D
    { 0, 0, 100, 0, 0, 0, 0 }, // U+0020
    { 5, 24, 135, 2, 23, 30, 0 }, // !
    { 10, 11, 196, 1, 22, 28, 30 }, // "
    { 19, 19, 291, 0, 17, 91, 58 }, // #
    { 14, 31, 291, 2, 25, 109, 149 }, // $
    { 26, 24, 452, 1, 23, 156, 258 }, // %
    { 23, 22, 372, 1, 22, 127, 414 }, // &
    { 5, 11, 107, 1, 22, 14, 541 }, // '
    { 10, 30, 177, 1, 24, 75, 555 }, // (
    { 10, 30, 177, 0, 24, 75, 630 }, // )
    { 11, 10, 182, 0, 22, 28, 705 }, // *
    { 13, 13, 291, 3, 16, 43, 733 }, // +
    { 7, 10, 135, 0, 5, 18, 776 }, // ,
    { 9, 4, 177, 1, 10, 9, 794 }, // -
    { 5, 6, 135, 2, 5, 8, 803 }, // .
    { 15, 23, 246, 0, 22, 87, 811 }, // /
    { 16, 21, 291, 1, 21, 84, 898 }, // 0
    { 13, 21, 291, 2, 21, 69, 982 }, // 1
    { 16, 21, 291, 1, 21, 84, 1051 }, // 2
    { 15, 21, 291, 1, 21, 79, 1135 }, // 3
    { 18, 22, 291, 0, 22, 99, 1214 }, // 4
    { 15, 21, 291, 1, 21, 79, 1313 }, // 5
    { 16, 21, 291, 2, 21, 84, 1392 }, // 6
    { 15, 21, 291, 2, 21, 79, 1476 }, // 7
    { 15, 21, 291, 2, 21, 79, 1555 }, // 8
    { 16, 21, 291, 1, 21, 84, 1634 }, // 9
    { 5, 17, 135, 2, 16, 22, 1718 }, // :
    { 7, 21, 135, 0, 16, 37, 1740 }, // ;
    { 13, 14, 291, 3, 17, 46, 1777 }, // <
    { 13, 9, 291, 3, 15, 30, 1823 }, // =
    { 13, 14, 291, 2, 17, 46, 1853 }, // >
    { 11, 23, 229, 1, 22, 64, 1899 }, // ?
    { 26, 27, 463, 1, 21, 176, 1963 }, // @
    { 23, 22, 360, 0, 22, 127, 2139 }, // A
    { 17, 22, 303, 1, 22, 94, 2266 }, // B
    { 17, 22, 306, 1, 22, 94, 2360 }, // C
    { 21, 22, 362, 1, 22, 116, 2454 }, // D
    { 17, 21, 303, 1, 21, 90, 2570 }, // E
    { 16, 21, 276, 1, 21, 84, 2660 }, // F
    { 19, 22, 346, 1, 22, 105, 2744 }, // G
    { 24, 21, 401, 1, 21, 126, 2849 }, // H
    { 11, 21, 195, 1, 21, 58, 2975 }, // I
    { 13, 27, 183, -1, 21, 88, 3033 }, // J
    { 22, 22, 354, 1, 21, 121, 3121 }, // K
    { 17, 21, 290, 1, 21, 90, 3242 }, // L
    { 27, 21, 443, 0, 21, 142, 3332 }, // M
    { 24, 22, 375, 0, 21, 132, 3474 }, // N
    { 20, 23, 365, 1, 22, 115, 3606 }, // O
    { 17, 22, 292, 1, 22, 94, 0 }, // P
    { 22, 29, 365, 1, 22, 160, 94 }, // Q
    { 21, 22, 332, 1, 21, 116, 254 }, // R
    { 15, 23, 274, 1, 22, 87, 370 }, // S
    { 19, 21, 335, 1, 21, 100, 457 }, // T
    { 24, 22, 375, 0, 21, 132, 557 }, // U
    { 23, 21, 364, 0, 21, 121, 689 }, // V
    { 32, 21, 520, 0, 21, 168, 810 }, // W
    { 22, 21, 359, 0, 21, 116, 978 }, // X
    { 21, 21, 337, 0, 21, 111, 1094 }, // Y
    { 17, 22, 284, 0, 21, 94, 1205 }, // Z
    { 7, 29, 158, 2, 23, 51, 1299 }, // [
    { 15, 23, 246, 0, 22, 87, 1350 }, // <backslash>
    { 7, 29, 158, 1, 23, 51, 1437 }, // ]
    { 16, 14, 291, 1, 19, 56, 1488 }, // ^
    { 15, 4, 233, 0, 0, 15, 1544 }, // _
    { 6, 8, 315, 7, 26, 12, 1559 }, // `
    { 16, 16, 265, 1, 16, 64, 1571 }, // a
    { 18, 23, 288, 0, 23, 104, 1635 }, // b
    { 13, 16, 243, 1, 16, 52, 1739 }, // c
    { 17, 23, 293, 1, 23, 98, 1791 }, // d
    { 14, 16, 254, 1, 16, 56, 1889 }, // e
    { 15, 23, 202, 0, 23, 87, 1945 }, // f
    { 17, 23, 282, 1, 16, 98, 2032 }, // g
    { 19, 23, 309, 0, 23, 110, 2130 }, // h
    { 10, 23, 166, 0, 23, 58, 2240 }, // i
    { 10, 30, 148, -3, 23, 75, 2298 }, // j
    { 19, 23, 296, 0, 23, 110, 2373 }, // k
    { 10, 23, 163, 0, 23, 58, 2483 }, // l
    { 29, 16, 463, 0, 16, 116, 2541 }, // m
    { 19, 16, 315, 0, 16, 76, 2657 }, // n
    { 16, 16, 282, 1, 16, 64, 2733 }, // o
    { 18, 23, 292, 0, 16, 104, 2797 }, // p
    { 17, 23, 280, 1, 16, 98, 2901 }, // q
    { 13, 16, 223, 1, 16, 52, 2999 }, // r
    { 12, 16, 234, 1, 16, 48, 3051 }, // s
    { 13, 20, 198, -1, 20, 65, 3099 }, // t
    { 20, 16, 305, 0, 16, 80, 3164 }, // u
    { 19, 16, 304, 0, 16, 76, 3244 }, // v
    { 26, 16, 423, 0, 16, 104, 3320 }, // w
    { 19, 16, 290, -1, 16, 76, 3424 }, // x
    { 19, 23, 304, 1, 16, 110, 3500 }, // y
    { 14, 16, 241, 0, 16, 56, 3610 }, // z
    { 10, 29, 187, 1, 24, 73, 3666 }, // {
    { 4, 26, 147, 3, 23, 26, 0 }, // |
    { 9, 29, 187, 1, 24, 66, 26 }, // }
    { 14, 7, 291, 2, 13, 25, 92 }, // ~
    { 0, 0, 100, 0, 0, 0, 0 }, // U+00A0
    { 5, 23, 135, 1, 16, 29, 0 }, // U+00A1
    { 15, 29, 291, 2, 23, 109, 29 }, // U+00A2
    { 17, 22, 291, 1, 21, 94, 138 }, // U+00A3
    { 17, 16, 291, 0, 18, 68, 232 }, // U+00A4
    { 20, 21, 291, -1, 21, 105, 300 }, // U+00A5
    { 4, 26, 147, 3, 23, 26, 405 }, // U+00A6
    { 13, 24, 242, 1, 21, 78, 431 }, // U+00A7
    { 11, 4, 315, 5, 23, 11, 509 }, // U+00A8
    { 21, 22, 365, 1, 22, 116, 520 }, // U+00A9
    { 10, 14, 205, 1, 21, 35, 636 }, // U+00AA
    { 16, 11, 274, 1, 13, 44, 671 }, // U+00AB
    { 13, 8, 291, 2, 15, 26, 715 }, // U+00AC
    { 9, 4, 177, 1, 10, 9, 741 }, // U+00AD
    { 15, 16, 272, 1, 23, 60, 750 }, // U+00AE
    { 10, 4, 315, 5, 23, 10, 810 }, // U+00AF
    { 10, 12, 247, 2, 22, 30, 820 }, // U+00B0
    { 13, 18, 291, 3, 18, 59, 850 }, // U+00B1
    { 12, 13, 209, 1, 24, 39, 909 }, // U+00B2
    { 10, 13, 209, 2, 24, 33, 948 }, // U+00B3
    { 6, 8, 315, 6, 26, 12, 981 }, // U+00B4
    { 18, 24, 306, 2, 17, 108, 993 }, // U+00B5
    { 17, 26, 277, 0, 21, 111, 1101 }, // U+00B6
    { 5, 5, 135, 2, 11, 7, 1212 }, // U+00B7
    { 6, 8, 315, 7, -1, 12, 1219 }, // U+00B8
    { 10, 14, 209, 1, 25, 35, 1231 }, // U+00B9
    { 10, 14, 205, 1, 21, 35, 1266 }, // U+00BA
    { 16, 11, 274, 1, 13, 44, 1301 }, // U+00BB
    { 30, 25, 502, 1, 22, 188, 1345 }, // U+00BC
    { 29, 26, 502, 1, 23, 189, 1533 }, // U+00BD
    { 29, 25, 502, 2, 22, 182, 1722 }, // U+00BE
    { 11, 23, 229, 1, 16, 64, 1904 }, // U+00BF
    { 23, 30, 360, -1, 30, 173, 1968 }, // U+00C0
    { 23, 30, 360, -1, 30, 173, 2141 }, // U+00C1
    { 23, 29, 360, 0, 29, 167, 2314 }, // U+00C2
    { 23, 29, 360, 0, 29, 167, 2481 }, // U+00C3
    { 23, 27, 360, -1, 27, 156, 2648 }, // U+00C4
    { 23, 29, 360, 0, 29, 167, 2804 }, // U+00C5
    { 28, 21, 458, 0, 21, 147, 2971 }, // U+00C6
    { 17, 30, 306, 1, 22, 128, 3118 }, // U+00C7
    { 17, 30, 303, 1, 30, 128, 3246 }, // U+00C8
    { 17, 30, 303, 1, 30, 128, 3374 }, // U+00C9
    { 17, 29, 303, 1, 29, 124, 3502 }, // U+00CA
    { 17, 27, 303, 1, 27, 115, 0 }, // U+00CB
    { 11, 30, 195, 1, 30, 83, 115 }, // U+00CC
    { 11, 30, 195, 1, 30, 83, 198 }, // U+00CD
    { 11, 29, 195, 1, 29, 80, 281 }, // U+00CE
    { 11, 27, 195, 1, 27, 75, 361 }, // U+00CF
    { 21, 22, 362, 1, 22, 116, 436 }, // U+00D0
    { 24, 30, 375, 0, 29, 180, 552 }, // U+00D1
    { 20, 31, 365, 1, 30, 155, 732 }, // U+00D2
    { 20, 31, 365, 1, 30, 155, 887 }, // U+00D3
    { 20, 30, 365, 1, 29, 150, 1042 }, // U+00D4
    { 20, 30, 365, 1, 29, 150, 1192 }, // U+00D5
    { 20, 28, 365, 1, 27, 140, 1342 }, // U+00D6
    { 13, 14, 291, 3, 17, 46, 1482 }, // U+00D7
    { 22, 23, 365, 0, 22, 127, 1528 }, // U+00D8
    { 24, 31, 375, 0, 30, 186, 1655 }, // U+00D9
    { 24, 31, 375, 0, 30, 186, 1841 }, // U+00DA
    { 24, 30, 375, 0, 29, 180, 2027 }, // U+00DB
    { 24, 28, 375, 0, 27, 168, 2207 }, // U+00DC
    { 21, 30, 337, 0, 30, 158, 2375 }, // U+00DD
    { 17, 21, 302, 1, 21, 90, 2533 }, // U+00DE
    { 19, 23, 312, 0, 23, 110, 2623 }, // U+00DF
    { 16, 26, 265, 1, 26, 104, 2733 }, // U+00E0
    { 16, 26, 265, 1, 26, 104, 2837 }, // U+00E1
    { 16, 25, 265, 1, 25, 100, 2941 }, // U+00E2
    { 16, 23, 265, 1, 23, 92, 3041 }, // U+00E3
    { 16, 23, 265, 1, 23, 92, 3133 }, // U+00E4
    { 16, 25, 265, 1, 25, 100, 3225 }, // U+00E5
    { 22, 16, 387, 1, 16, 88, 3325 }, // U+00E6
    { 13, 24, 243, 1, 16, 78, 3413 }, // U+00E7
    { 14, 26, 254, 1, 26, 91, 3491 }, // U+00E8
    { 14, 26, 254, 1, 26, 91, 3582 }, // U+00E9
    { 14, 25, 254, 1, 25, 88, 3673 }, // U+00EA
    { 14, 23, 254, 1, 23, 81, 3761 }, // U+00EB
    { 10, 26, 166, 0, 26, 65, 0 }, // U+00EC
    { 10, 26, 166, 0, 26, 65, 65 }, // U+00ED
    { 10, 25, 166, 0, 25, 63, 130 }, // U+00EE
    { 11, 23, 166, 1, 23, 64, 193 }, // U+00EF
    { 16, 25, 282, 1, 25, 100, 257 }, // U+00F0
    { 19, 23, 315, 0, 23, 110, 357 }, // U+00F1
    { 16, 26, 282, 1, 26, 104, 467 }, // U+00F2
    { 16, 26, 282, 1, 26, 104, 571 }, // U+00F3
    { 16, 25, 282, 1, 25, 100, 675 }, // U+00F4
    { 16, 23, 282, 1, 23, 92, 775 }, // U+00F5
    { 16, 23, 282, 1, 23, 92, 867 }, // U+00F6
    { 13, 14, 291, 3, 17, 46, 959 }, // U+00F7
    { 18, 17, 282, 0, 16, 77, 1005 }, // U+00F8
    { 20, 26, 305, 0, 26, 130, 1082 }, // U+00F9
    { 20, 26, 305, 0, 26, 130, 1212 }, // U+00FA
    { 20, 25, 305, 0, 25, 125, 1342 }, // U+00FB
    { 20, 23, 305, 0, 23, 115, 1467 }, // U+00FC
    { 19, 33, 304, 1, 26, 157, 1582 }, // U+00FD
    { 18, 30, 292, 0, 23, 135, 1739 }, // U+00FE
    { 19, 30, 304, 0, 23, 143, 1874 }, // U+00FF
    { 23, 27, 360, 0, 27, 156, 0 }, // U+0100
    { 16, 22, 265, 1, 22, 88, 156 }, // U+0101
    { 23, 29, 360, 0, 29, 167, 244 }, // U+0102
    { 16, 24, 265, 1, 24, 96, 411 }, // U+0103
    { 23, 29, 360, 0, 22, 167, 507 }, // U+0104
    { 16, 23, 265, 1, 16, 92, 674 }, // U+0105
    { 17, 30, 306, 1, 30, 128, 766 }, // U+0106
    { 13, 26, 243, 1, 26, 85, 894 }, // U+0107
    { 17, 30, 306, 1, 30, 128, 979 }, // U+0108
    { 13, 25, 243, 1, 25, 82, 1107 }, // U+0109
    { 17, 29, 306, 1, 29, 124, 1189 }, // U+010A
    { 13, 23, 243, 1, 23, 75, 1313 }, // U+010B
    { 17, 29, 306, 1, 29, 124, 1388 }, // U+010C
    { 13, 25, 243, 1, 25, 82, 1512 }, // U+010D
    { 21, 29, 362, 1, 29, 153, 1594 }, // U+010E
    { 20, 24, 302, 1, 24, 120, 1747 }, // U+010F
    { 21, 22, 362, 1, 22, 116, 1867 }, // U+0110
    { 17, 23, 293, 1, 23, 98, 1983 }, // U+0111
    { 17, 27, 303, 1, 27, 115, 2081 }, // U+0112
    { 14, 22, 254, 1, 22, 77, 2196 }, // U+0113
    { 17, 29, 303, 1, 29, 124, 2273 }, // U+0114
    { 14, 24, 254, 1, 24, 84, 2397 }, // U+0115
    { 17, 28, 303, 1, 28, 119, 2481 }, // U+0116
    { 14, 23, 254, 1, 23, 81, 2600 }, // U+0117
    { 17, 28, 303, 1, 21, 119, 2681 }, // U+0118
    { 14, 23, 254, 1, 16, 81, 2800 }, // U+0119
    { 17, 29, 303, 1, 29, 124, 2881 }, // U+011A
    { 14, 25, 254, 1, 25, 88, 3005 }, // U+011B
    { 19, 30, 346, 1, 30, 143, 3093 }, // U+011C
    { 17, 32, 282, 1, 25, 136, 3236 }, // U+011D
    { 19, 29, 346, 1, 29, 138, 3372 }, // U+011E
    { 17, 31, 282, 1, 24, 132, 3510 }, // U+011F
    { 19, 29, 346, 1, 29, 138, 3642 }, // U+0120
    { 17, 30, 282, 1, 23, 128, 3780 }, // U+0121
    { 19, 29, 346, 1, 22, 138, 3908 }, // U+0122
    { 17, 33, 282, 1, 26, 141, 4046 }, // U+0123
    { 24, 29, 401, 1, 29, 174, 4187 }, // U+0124
    { 19, 31, 309, 0, 31, 148, 4361 }, // U+0125
    { 24, 21, 401, 1, 21, 126, 4509 }, // U+0126
    { 20, 23, 309, 0, 23, 115, 4635 }, // U+0127
    { 10, 29, 195, 1, 29, 73, 4750 }, // U+0128
    { 11, 23, 166, 0, 23, 64, 4823 }, // U+0129
    { 11, 27, 195, 1, 27, 75, 4887 }, // U+012A
    { 10, 23, 166, 1, 23, 58, 4962 }, // U+012B
    { 10, 29, 195, 1, 29, 73, 5020 }, // U+012C
    { 11, 24, 166, 0, 24, 66, 5093 }, // U+012D
    { 10, 28, 195, 1, 21, 70, 5159 }, // U+012E
    { 11, 30, 166, 0, 23, 83, 5229 }, // U+012F
    { 11, 28, 195, 1, 28, 77, 5312 }, // U+0130
    { 10, 16, 166, 0, 16, 40, 5389 }, // U+0131
    { 23, 27, 379, 1, 21, 156, 5429 }, // U+0132
    { 18, 30, 314, 0, 23, 135, 5585 }, // U+0133
    { 13, 35, 183, -1, 29, 114, 5720 }, // U+0134
    { 12, 32, 148, -2, 25, 96, 5834 }, // U+0135
    { 22, 29, 354, 1, 21, 160, 5930 }, // U+0136
    { 19, 30, 296, 0, 23, 143, 6090 }, // U+0137
    { 19, 16, 302, 0, 16, 76, 6233 }, // U+0138
    { 17, 30, 290, 1, 30, 128, 6309 }, // U+0139
    { 11, 31, 163, 0, 31, 86, 6437 }, // U+013A
    { 17, 29, 290, 1, 21, 124, 6523 }, // U+013B
    { 10, 31, 163, 0, 23, 78, 6647 }, // U+013C
    { 17, 24, 290, 1, 24, 102, 6725 }, // U+013D
    { 13, 24, 172, 0, 24, 78, 6827 }, // U+013E
    { 17, 21, 290, 1, 21, 90, 6905 }, // U+013F
    { 16, 23, 250, 0, 23, 92, 6995 }, // U+0140
    { 18, 21, 290, 0, 21, 95, 7087 }, // U+0141
    { 11, 23, 163, 0, 23, 64, 7182 }, // U+0142
    { 24, 31, 375, 0, 30, 186, 7246 }, // U+0143
    { 19, 26, 315, 0, 26, 124, 7432 }, // U+0144
    { 24, 29, 375, 0, 21, 174, 7556 }, // U+0145
    { 19, 24, 315, 0, 16, 114, 7730 }, // U+0146
    { 24, 30, 375, 0, 29, 180, 7844 }, // U+0147
    { 19, 25, 315, 0, 25, 119, 8024 }, // U+0148
    { 26, 22, 424, 0, 22, 143, 8143 }, // U+0149
    { 24, 27, 375, 0, 21, 162, 8286 }, // U+014A
    { 17, 23, 305, 0, 16, 98, 8448 }, // U+014B
    { 20, 28, 365, 1, 27, 140, 8546 }, // U+014C
    { 16, 22, 282, 1, 22, 88, 8686 }, // U+014D
    { 20, 30, 365, 1, 29, 150, 8774 }, // U+014E
    { 16, 24, 282, 1, 24, 96, 8924 }, // U+014F
    { 20, 31, 365, 1, 30, 155, 9020 }, // U+0150
    { 16, 25, 282, 1, 25, 100, 9175 }, // U+0151
    { 27, 21, 472, 1, 21, 142, 9275 }, // U+0152
    { 25, 16, 425, 1, 16, 100, 9417 }, // U+0153
    { 21, 30, 332, 1, 29, 158, 9517 }, // U+0154
    { 13, 26, 223, 1, 26, 85, 9675 }, // U+0155
    { 21, 29, 332, 1, 21, 153, 9760 }, // U+0156
    { 13, 24, 223, 1, 16, 78, 9913 }, // U+0157
    { 21, 30, 332, 1, 29, 158, 9991 }, // U+0158
    { 13, 25, 223, 1, 25, 82, 10149 }, // U+0159
    { 15, 31, 274, 1, 30, 117, 10231 }, // U+015A
    { 12, 26, 234, 1, 26, 78, 10348 }, // U+015B
    { 15, 30, 274, 1, 29, 113, 10426 }, // U+015C
    { 12, 25, 234, 1, 25, 75, 10539 }, // U+015D
    { 15, 30, 274, 1, 22, 113, 10614 }, // U+015E
    { 12, 24, 234, 1, 16, 72, 10727 }, // U+015F
    { 15, 30, 274, 1, 29, 113, 10799 }, // U+0160
    { 12, 25, 234, 1, 25, 75, 10912 }, // U+0161
    { 19, 29, 335, 1, 21, 138, 10987 }, // U+0162
    { 13, 28, 198, -1, 20, 91, 11125 }, // U+0163
    { 19, 29, 335, 1, 29, 138, 11216 }, // U+0164
    { 13, 25, 198, -1, 25, 82, 11354 }, // U+0165
    { 19, 21, 335, 1, 21, 100, 11436 }, // U+0166
    { 13, 20, 198, 0, 20, 65, 11536 }, // U+0167
    { 24, 30, 375, 0, 29, 180, 11601 }, // U+0168
    { 20, 23, 305, 0, 23, 115, 11781 }, // U+0169
    { 24, 28, 375, 0, 27, 168, 11896 }, // U+016A
    { 20, 22, 305, 0, 22, 110, 12064 }, // U+016B
    { 24, 30, 375, 0, 29, 180, 12174 }, // U+016C
    { 20, 24, 305, 0, 24, 120, 12354 }, // U+016D
    { 24, 30, 375, 0, 29, 180, 12474 }, // U+016E
    { 20, 25, 305, 0, 25, 125, 12654 }, // U+016F
    { 24, 31, 375, 0, 30, 186, 12779 }, // U+0170
    { 20, 26, 305, 0, 26, 130, 12965 }, // U+0171
    { 24, 28, 375, 0, 21, 168, 13095 }, // U+0172
    { 20, 23, 305, 0, 16, 115, 13263 }, // U+0173
    { 32, 29, 520, 0, 29, 232, 13378 }, // U+0174
    { 26, 25, 423, 0, 25, 163, 13610 }, // U+0175
    { 21, 29, 337, 0, 29, 153, 13773 }, // U+0176
    { 19, 32, 304, 1, 25, 152, 13926 }, // U+0177
    { 21, 27, 337, 0, 27, 142, 14078 }, // U+0178
    { 17, 31, 284, 0, 30, 132, 14220 }, // U+0179
    { 14, 26, 241, 0, 26, 91, 14352 }, // U+017A
    { 17, 29, 284, 0, 28, 124, 14443 }, // U+017B
    { 15, 23, 241, 0, 23, 87, 14567 }, // U+017C
    { 17, 30, 284, 0, 29, 128, 14654 }, // U+017D
    { 14, 25, 241, 0, 25, 88, 14782 }, // U+017E
    { 15, 23, 193, 0, 23, 87, 14870 }, // U+017F
    { 22, 26, 365, 1, 25, 143, 0 }, // U+01A0
    { 17, 20, 282, 1, 20, 85, 143 }, // U+01A1
    { 24, 26, 375, 0, 25, 156, 228 }, // U+01AF
    { 19, 20, 305, 1, 20, 95, 384 }, // U+01B0
    { 38, 30, 634, 1, 29, 285, 479 }, // U+01C4
    { 36, 25, 590, 1, 25, 225, 764 }, // U+01C5
    { 32, 25, 532, 1, 25, 200, 989 }, // U+01C6
    { 29, 27, 473, 1, 21, 196, 1189 }, // U+01C7
    { 25, 30, 438, 1, 23, 188, 1385 }, // U+01C8
    { 18, 30, 311, 0, 23, 135, 1573 }, // U+01C9
    { 34, 27, 558, 0, 21, 230, 1708 }, // U+01CA
    { 30, 30, 523, 0, 23, 225, 1938 }, // U+01CB
    { 27, 30, 463, 0, 23, 203, 2163 }, // U+01CC
    { 23, 29, 360, 0, 29, 167, 2366 }, // U+01CD
    { 16, 25, 265, 1, 25, 100, 2533 }, // U+01CE
    { 11, 29, 195, 1, 29, 80, 2633 }, // U+01CF
    { 11, 25, 166, 0, 25, 69, 2713 }, // U+01D0
    { 20, 30, 365, 1, 29, 150, 2782 }, // U+01D1
    { 16, 25, 282, 1, 25, 100, 2932 }, // U+01D2
    { 24, 30, 375, 0, 29, 180, 3032 }, // U+01D3
    { 20, 25, 305, 0, 25, 125, 3212 }, // U+01D4
    { 24, 33, 375, 0, 32, 198, 3337 }, // U+01D5
    { 20, 28, 305, 0, 28, 140, 3535 }, // U+01D6
    { 24, 32, 375, 0, 31, 192, 3675 }, // U+01D7
    { 20, 30, 305, 0, 30, 150, 3867 }, // U+01D8
    { 24, 32, 375, 0, 31, 192, 4017 }, // U+01D9
    { 20, 29, 305, 0, 29, 145, 4209 }, // U+01DA
    { 24, 32, 375, 0, 31, 192, 4354 }, // U+01DB
    { 20, 29, 305, 0, 29, 145, 4546 }, // U+01DC
    { 14, 16, 254, 1, 16, 56, 4691 }, // U+01DD
    { 23, 32, 360, -1, 32, 184, 4747 }, // U+01DE
    { 16, 28, 265, 1, 28, 112, 4931 }, // U+01DF
    { 23, 31, 360, -1, 31, 179, 5043 }, // U+01E0
    { 16, 28, 265, 1, 28, 112, 5222 }, // U+01E1
    { 28, 27, 458, 0, 27, 189, 5334 }, // U+01E2
    { 22, 22, 387, 1, 22, 121, 5523 }, // U+01E3
    { 20, 22, 346, 1, 22, 110, 5644 }, // U+01E4
    { 19, 23, 282, -1, 16, 110, 5754 }, // U+01E5
    { 19, 30, 346, 1, 30, 143, 5864 }, // U+01E6
    { 17, 32, 282, 1, 25, 136, 6007 }, // U+01E7
    { 22, 30, 354, 1, 29, 165, 6143 }, // U+01E8
    { 19, 32, 296, 0, 32, 152, 6308 }, // U+01E9
    { 20, 29, 365, 1, 22, 145, 6460 }, // U+01EA
    { 16, 23, 282, 1, 16, 92, 6605 }, // U+01EB
    { 20, 34, 365, 1, 27, 170, 6697 }, // U+01EC
    { 16, 28, 282, 1, 21, 112, 6867 }, // U+01ED
    { 16, 30, 272, 0, 29, 120, 6979 }, // U+01EE
    { 15, 32, 252, 0, 25, 120, 7099 }, // U+01EF
    { 13, 32, 148, -2, 25, 104, 7219 }, // U+01F0
    { 39, 23, 646, 1, 22, 225, 7323 }, // U+01F1
    { 37, 22, 603, 1, 22, 204, 7548 }, // U+01F2
    { 32, 23, 534, 1, 23, 184, 7752 }, // U+01F3
    { 19, 30, 346, 1, 30, 143, 7936 }, // U+01F4
    { 17, 33, 282, 1, 26, 141, 8079 }, // U+01F5
    { 24, 31, 375, 0, 30, 186, 8220 }, // U+01F8
    { 19, 26, 315, 0, 26, 124, 8406 }, // U+01F9
    { 23, 32, 360, -1, 32, 184, 8530 }, // U+01FA
    { 16, 31, 265, 1, 31, 124, 8714 }, // U+01FB
    { 28, 30, 458, 0, 30, 210, 8838 }, // U+01FC
    { 22, 26, 387, 1, 26, 143, 9048 }, // U+01FD
    { 22, 31, 365, 0, 30, 171, 9191 }, // U+01FE
    { 18, 27, 282, 0, 26, 122, 9362 }, // U+01FF
    { 23, 30, 360, 0, 30, 173, 9484 }, // U+0200
    { 16, 25, 265, 1, 25, 100, 9657 }, // U+0201
    { 23, 29, 360, 0, 29, 167, 9757 }, // U+0202
    { 16, 23, 265, 1, 23, 92, 9924 }, // U+0203
    { 17, 30, 303, 1, 30, 128, 10016 }, // U+0204
    { 14, 25, 254, 1, 25, 88, 10144 }, // U+0205
    { 17, 29, 303, 1, 29, 124, 10232 }, // U+0206
    { 14, 23, 254, 1, 23, 81, 10356 }, // U+0207
    { 14, 30, 195, -2, 30, 105, 10437 }, // U+0208
    { 11, 26, 166, -1, 26, 72, 10542 }, // U+0209
    { 10, 29, 195, 1, 29, 73, 10614 }, // U+020A
    { 11, 23, 166, 0, 23, 64, 10687 }, // U+020B
    { 20, 31, 365, 1, 30, 155, 10751 }, // U+020C
    { 16, 25, 282, 1, 25, 100, 10906 }, // U+020D
    { 20, 30, 365, 1, 29, 150, 11006 }, // U+020E
    { 16, 23, 282, 1, 23, 92, 11156 }, // U+020F
    { 21, 31, 332, 1, 30, 163, 11248 }, // U+0210
    { 13, 25, 223, 1, 25, 82, 11411 }, // U+0211
    { 21, 30, 332, 1, 29, 158, 11493 }, // U+0212
    { 13, 23, 223, 1, 23, 75, 11651 }, // U+0213
    { 24, 31, 375, 0, 30, 186, 11726 }, // U+0214
    { 20, 26, 305, 0, 26, 130, 11912 }, // U+0215
    { 24, 30, 375, 0, 29, 180, 12042 }, // U+0216
    { 20, 23, 305, 0, 23, 115, 12222 }, // U+0217
    { 15, 30, 274, 1, 22, 113, 12337 }, // U+0218
    { 12, 23, 234, 1, 16, 69, 12450 }, // U+0219
    { 19, 29, 335, 1, 21, 138, 12519 }, // U+021A
    { 13, 27, 198, -1, 20, 88, 12657 }, // U+021B
    { 15, 25, 279, 1, 22, 94, 12745 }, // U+021C
    { 15, 23, 242, 0, 16, 87, 12839 }, // U+021D
    { 24, 29, 401, 1, 29, 174, 12926 }, // U+021E
    { 19, 31, 309, 0, 31, 148, 13100 }, // U+021F
    { 6, 8, 0, -4, 26, 12, 0 }, // U+0300
    { 6, 8, 0, -3, 26, 12, 12 }, // U+0301
    { 10, 7, 0, -5, 25, 18, 24 }, // U+0302
    { 10, 5, 0, -5, 24, 13, 42 }, // U+0303
    { 10, 4, 0, -5, 23, 10, 55 }, // U+0304
    { 10, 6, 0, -5, 24, 15, 65 }, // U+0306
    { 5, 5, 0, -2, 24, 7, 80 }, // U+0307
    { 11, 4, 0, -5, 23, 11, 87 }, // U+0308
    { 8, 9, 0, -4, 27, 18, 98 }, // U+0309
    { 8, 8, 0, -4, 25, 16, 116 }, // U+030A
    { 10, 8, 0, -3, 25, 20, 132 }, // U+030B
    { 10, 6, 0, -5, 24, 15, 152 }, // U+030C
    { 10, 8, 0, -6, 25, 20, 167 }, // U+030F
    { 10, 7, 0, -5, 25, 18, 187 }, // U+0311
    { 5, 8, 0, -2, 25, 10, 205 }, // U+0312
    { 6, 8, 0, -2, 26, 12, 215 }, // U+0313
    { 6, 8, 0, -3, 26, 12, 227 }, // U+0314
    { 4, 8, 0, -1, 27, 8, 239 }, // U+0315
    { 4, 7, 0, -2, 19, 7, 247 }, // U+031B
    { 5, 5, 0, -2, -2, 7, 254 }, // U+0323
    { 11, 4, 0, -5, -3, 11, 261 }, // U+0324
    { 7, 6, 0, -3, -2, 11, 272 }, // U+0325
    { 6, 6, 0, -3, -2, 9, 283 }, // U+0326
    { 6, 8, 0, -3, -1, 12, 292 }, // U+0327
    { 7, 7, 0, -3, 1, 13, 304 }, // U+0328
    { 3, 7, 131, 2, -2, 6, 317 }, // U+0329
    { 11, 6, 0, -6, -2, 17, 323 }, // U+032D
    { 10, 6, 0, -5, -1, 15, 340 }, // U+032E
    { 10, 5, 0, -5, -2, 13, 355 }, // U+0330
    { 10, 4, 0, -5, -2, 10, 368 }, // U+0331
    { 10, 7, 0, -5, 25, 18, 378 }, // U+0342
    { 11, 12, 0, -5, 31, 33, 396 }, // U+0344
    { 5, 5, 0, -2, -2, 7, 429 }, // U+0345
    { 0, 0, 0, 0, 0, 0, 436 }, // U+034F
    { 17, 30, 303, 1, 30, 128, 0 }, // U+0400
    { 17, 27, 303, 1, 27, 115, 128 }, // U+0401
    { 23, 27, 401, 0, 21, 156, 243 }, // U+0402
    { 17, 30, 291, 1, 30, 128, 399 }, // U+0403
    { 18, 23, 320, 1, 22, 104, 527 }, // U+0404
    { 15, 23, 274, 1, 22, 87, 631 }, // U+0405
    { 11, 21, 195, 1, 21, 58, 718 }, // U+0406
    { 11, 27, 195, 1, 27, 75, 776 }, // U+0407
    { 13, 27, 183, -1, 21, 88, 851 }, // U+0408
    { 28, 22, 463, 0, 21, 154, 939 }, // U+0409
    { 30, 21, 495, 1, 21, 158, 1093 }, // U+040A
    { 26, 21, 427, 0, 21, 137, 1251 }, // U+040B
    { 22, 31, 356, 1, 30, 171, 1388 }, // U+040C
    { 23, 30, 397, 1, 30, 173, 1559 }, // U+040D
    { 23, 30, 337, 0, 29, 173, 1732 }, // U+040E
    { 23, 28, 384, 1, 21, 161, 1905 }, // U+040F
    { 23, 22, 360, 0, 22, 127, 2066 }, // U+0410
    { 18, 21, 304, 1, 21, 95, 2193 }, // U+0411
    { 17, 22, 303, 1, 22, 94, 2288 }, // U+0412
    { 17, 21, 291, 1, 21, 90, 2382 }, // U+0413
    { 22, 27, 370, 1, 21, 149, 2472 }, // U+0414
    { 17, 21, 303, 1, 21, 90, 2621 }, // U+0415
    { 32, 23, 518, 0, 22, 184, 2711 }, // U+0416
    { 17, 23, 291, 1, 22, 98, 2895 }, // U+0417
    { 23, 21, 397, 1, 21, 121, 2993 }, // U+0418
    { 23, 29, 397, 1, 29, 167, 3114 }, // U+0419
    { 22, 23, 356, 1, 22, 127, 3281 }, // U+041A
    { 21, 22, 362, 1, 21, 116, 3408 }, // U+041B
    { 27, 21, 443, 0, 21, 142, 3524 }, // U+041C
    { 24, 21, 401, 1, 21, 126, 3666 }, // U+041D
    { 20, 23, 365, 1, 22, 115, 3792 }, // U+041E
    { 23, 21, 391, 1, 21, 121, 3907 }, // U+041F
    { 17, 22, 292, 1, 22, 94, 4028 }, // U+0420
    { 17, 22, 306, 1, 22, 94, 4122 }, // U+0421
    { 19, 21, 335, 1, 21, 100, 4216 }, // U+0422
    { 22, 22, 337, 0, 21, 121, 4316 }, // U+0423
    { 22, 22, 377, 1, 22, 121, 4437 }, // U+0424
    { 22, 21, 359, 0, 21, 116, 4558 }, // U+0425
    { 23, 27, 389, 1, 21, 156, 4674 }, // U+0426
    { 22, 21, 362, 0, 21, 116, 4830 }, // U+0427
    { 31, 21, 519, 1, 21, 163, 4946 }, // U+0428
    { 32, 27, 525, 1, 21, 216, 5109 }, // U+0429
    { 21, 21, 367, 1, 21, 111, 5325 }, // U+042A
    { 28, 21, 476, 1, 21, 147, 5436 }, // U+042B
    { 18, 21, 304, 1, 21, 95, 5583 }, // U+042C
    { 18, 23, 321, 1, 22, 104, 5678 }, // U+042D
    { 30, 23, 517, 1, 22, 173, 5782 }, // U+042E
    { 20, 22, 335, 0, 21, 110, 5955 }, // U+042F
    { 16, 16, 265, 1, 16, 64, 6065 }, // U+0430
    { 15, 24, 278, 1, 24, 90, 6129 }, // U+0431
    { 16, 16, 271, 0, 16, 64, 6219 }, // U+0432
    { 15, 16, 248, 0, 16, 60, 6283 }, // U+0433
    { 19, 22, 316, 1, 16, 105, 6343 }, // U+0434
    { 14, 16, 254, 1, 16, 56, 6448 }, // U+0435
    { 26, 16, 420, 0, 16, 104, 6504 }, // U+0436
    { 14, 16, 241, 0, 16, 56, 6608 }, // U+0437
    { 20, 16, 324, 0, 16, 80, 6664 }, // U+0438
    { 20, 23, 324, 0, 23, 115, 6744 }, // U+0439
    { 19, 16, 299, 0, 16, 76, 6859 }, // U+043A
    { 18, 16, 301, 1, 16, 72, 6935 }, // U+043B
    { 21, 16, 366, 0, 16, 84, 7007 }, // U+043C
    { 20, 16, 327, 0, 16, 80, 7091 }, // U+043D
    { 16, 16, 282, 1, 16, 64, 7171 }, // U+043E
    { 20, 16, 324, 0, 16, 80, 7235 }, // U+043F
    { 18, 23, 292, 0, 16, 104, 7315 }, // U+0440
    { 13, 16, 243, 1, 16, 52, 7419 }, // U+0441
    { 16, 16, 287, 1, 16, 64, 7471 }, // U+0442
    { 19, 23, 304, 1, 16, 110, 7535 }, // U+0443
    { 21, 30, 365, 1, 23, 158, 7645 }, // U+0444
    { 19, 16, 290, -1, 16, 76, 7803 }, // U+0445
    { 20, 22, 328, 0, 16, 110, 7879 }, // U+0446
    { 18, 16, 299, 1, 16, 72, 7989 }, // U+0447
    { 26, 16, 428, 0, 16, 104, 8061 }, // U+0448
    { 27, 22, 434, 0, 16, 149, 8165 }, // U+0449
    { 18, 16, 311, 0, 16, 72, 8314 }, // U+044A
    { 25, 16, 409, 0, 16, 100, 8386 }, // U+044B
    { 15, 16, 256, 0, 16, 60, 8486 }, // U+044C
    { 15, 16, 254, 0, 16, 60, 8546 }, // U+044D
    { 25, 16, 414, 0, 16, 100, 8606 }, // U+044E
    { 17, 16, 285, 0, 16, 68, 8706 }, // U+044F
    { 14, 26, 254, 1, 26, 91, 8774 }, // U+0450
    { 14, 23, 254, 1, 23, 81, 8865 }, // U+0451
    { 18, 30, 300, 0, 23, 135, 8946 }, // U+0452
    { 15, 26, 248, 0, 26, 98, 9081 }, // U+0453
    { 14, 16, 250, 1, 16, 56, 9179 }, // U+0454
    { 12, 16, 234, 1, 16, 48, 9235 }, // U+0455
    { 10, 23, 166, 0, 23, 58, 9283 }, // U+0456
    { 11, 23, 166, 1, 23, 64, 9341 }, // U+0457
    { 10, 30, 148, -3, 23, 75, 9405 }, // U+0458
    { 22, 16, 376, 1, 16, 88, 9480 }, // U+0459
    { 25, 16, 407, 0, 16, 100, 9568 }, // U+045A
    { 20, 23, 309, 0, 23, 115, 9668 }, // U+045B
    { 19, 26, 299, 0, 26, 124, 9783 }, // U+045C
    { 20, 26, 324, 0, 26, 130, 9907 }, // U+045D
    { 19, 30, 304, 1, 23, 143, 10037 }, // U+045E
    { 20, 22, 322, 0, 16, 110, 10180 }, // U+045F
    { 21, 24, 353, 1, 24, 126, 10290 }, // U+0462
    { 18, 22, 303, 0, 22, 99, 10416 }, // U+0463
    { 21, 23, 365, 1, 22, 121, 10515 }, // U+0472
    { 16, 16, 282, 1, 16, 64, 10636 }, // U+0473
    { 23, 22, 367, 0, 22, 127, 10700 }, // U+0474
    { 19, 16, 311, 1, 16, 76, 10827 }, // U+0475
    { 24, 35, 397, 1, 29, 210, 10903 }, // U+048A
    { 20, 29, 320, 0, 23, 145, 11113 }, // U+048B
    { 17, 21, 304, 1, 21, 90, 11258 }, // U+048C
    { 16, 22, 254, 0, 22, 88, 11348 }, // U+048D
    { 17, 22, 292, 1, 22, 94, 11436 }, // U+048E
    { 18, 23, 292, 0, 16, 104, 11530 }, // U+048F
    { 16, 25, 269, 1, 25, 100, 11634 }, // U+0490
    { 14, 20, 238, 0, 20, 70, 11734 }, // U+0491
    { 17, 21, 289, 1, 21, 90, 11804 }, // U+0492
    { 14, 16, 251, 1, 16, 56, 11894 }, // U+0493
    { 19, 27, 338, 1, 21, 129, 11950 }, // U+0494
    { 17, 23, 289, 0, 16, 98, 12079 }, // U+0495
    { 32, 28, 518, 0, 22, 224, 12177 }, // U+0496
    { 26, 21, 420, 0, 16, 137, 12401 }, // U+0497
    { 16, 29, 291, 1, 22, 116, 12538 }, // U+0498
    { 14, 23, 241, 1, 16, 81, 12654 }, // U+0499
    { 22, 28, 357, 1, 22, 154, 12735 }, // U+049A
    { 19, 22, 299, 0, 16, 105, 12889 }, // U+049B
    { 23, 22, 375, 1, 22, 127, 12994 }, // U+049C
    { 20, 16, 309, 0, 16, 80, 13121 }, // U+049D
    { 22, 23, 356, 0, 22, 127, 13201 }, // U+049E
    { 19, 22, 297, 0, 22, 105, 13328 }, // U+049F
    { 25, 22, 408, 0, 22, 138, 13433 }, // U+04A0
    { 22, 16, 355, 0, 16, 88, 13571 }, // U+04A1
    { 24, 27, 407, 1, 21, 162, 13659 }, // U+04A2
    { 21, 22, 333, 0, 16, 116, 13821 }, // U+04A3
    { 27, 21, 463, 1, 21, 142, 13937 }, // U+04A4
    { 23, 16, 383, 0, 16, 92, 14079 }, // U+04A5
    { 31, 27, 521, 1, 21, 210, 14171 }, // U+04A6
    { 27, 23, 439, 0, 16, 156, 14381 }, // U+04A7
    { 23, 22, 398, 1, 22, 127, 14537 }, // U+04A8
    { 19, 16, 326, 1, 16, 76, 14664 }, // U+04A9
    { 17, 29, 306, 1, 22, 124, 14740 }, // U+04AA
    { 13, 22, 243, 1, 16, 72, 14864 }, // U+04AB
    { 19, 27, 335, 1, 21, 129, 14936 }, // U+04AC
    { 16, 22, 287, 1, 16, 88, 15065 }, // U+04AD
    { 21, 21, 337, 0, 21, 111, 15153 }, // U+04AE
    { 20, 23, 304, 0, 16, 115, 15264 }, // U+04AF
    { 21, 21, 337, 0, 21, 111, 15379 }, // U+04B0
    { 19, 23, 304, 0, 16, 110, 15490 }, // U+04B1
    { 23, 27, 365, 0, 21, 156, 15600 }, // U+04B2
    { 19, 22, 295, -1, 16, 105, 15756 }, // U+04B3
    { 26, 27, 432, 1, 21, 176, 15861 }, // U+04B4
    { 23, 22, 376, 0, 16, 127, 16037 }, // U+04B5
    { 22, 27, 367, 0, 21, 149, 16164 }, // U+04B6
    { 19, 22, 305, 1, 16, 105, 16313 }, // U+04B7
    { 22, 21, 362, 0, 21, 116, 16418 }, // U+04B8
    { 18, 16, 305, 1, 16, 72, 16534 }, // U+04B9
    { 22, 21, 363, 1, 21, 116, 16606 }, // U+04BA
    { 19, 23, 309, 0, 23, 110, 16722 }, // U+04BB
    { 23, 22, 396, 1, 22, 127, 16832 }, // U+04BC
    { 18, 16, 312, 1, 16, 72, 16959 }, // U+04BD
    { 23, 28, 396, 1, 22, 161, 17031 }, // U+04BE
    { 18, 22, 312, 1, 16, 99, 17192 }, // U+04BF
    { 11, 21, 195, 1, 21, 58, 17291 }, // U+04C0
    { 33, 30, 518, 0, 29, 248, 17349 }, // U+04C1
    { 27, 24, 420, 0, 24, 162, 17597 }, // U+04C2
    { 19, 28, 346, 1, 22, 133, 17759 }, // U+04C3
    { 17, 23, 292, 0, 16, 98, 17892 }, // U+04C4
    { 22, 27, 361, 1, 21, 149, 17990 }, // U+04C5
    { 18, 21, 302, 1, 16, 95, 18139 }, // U+04C6
    { 24, 27, 394, 1, 21, 162, 18234 }, // U+04C7
    { 20, 23, 325, 0, 16, 115, 18396 }, // U+04C8
    { 24, 27, 401, 1, 21, 162, 18511 }, // U+04C9
    { 20, 22, 328, 0, 16, 110, 18673 }, // U+04CA
    { 22, 27, 362, 0, 21, 149, 18783 }, // U+04CB
    { 19, 22, 299, 1, 16, 105, 18932 }, // U+04CC
    { 28, 27, 450, 0, 21, 189, 19037 }, // U+04CD
    { 22, 22, 367, 0, 16, 121, 19226 }, // U+04CE
    { 11, 23, 195, 1, 23, 64, 19347 }, // U+04CF
    { 23, 29, 360, 0, 29, 167, 19411 }, // U+04D0
    { 16, 24, 265, 1, 24, 96, 19578 }, // U+04D1
    { 23, 27, 360, -1, 27, 156, 19674 }, // U+04D2
    { 16, 23, 265, 1, 23, 92, 19830 }, // U+04D3
    { 28, 21, 458, 0, 21, 147, 19922 }, // U+04D4
    { 22, 16, 387, 1, 16, 88, 20069 }, // U+04D5
    { 17, 29, 303, 1, 29, 124, 20157 }, // U+04D6
    { 14, 24, 254, 1, 24, 84, 20281 }, // U+04D7
    { 18, 23, 326, 1, 22, 104, 20365 }, // U+04D8
    { 14, 16, 254, 1, 16, 56, 20469 }, // U+04D9
    { 18, 28, 326, 1, 27, 126, 20525 }, // U+04DA
    { 14, 23, 254, 1, 23, 81, 20651 }, // U+04DB
    { 33, 28, 518, 0, 27, 231, 20732 }, // U+04DC
    { 27, 23, 420, 0, 23, 156, 20963 }, // U+04DD
    { 16, 28, 291, 1, 27, 112, 21119 }, // U+04DE
    { 14, 23, 241, 0, 23, 81, 21231 }, // U+04DF
    { 16, 22, 272, 0, 21, 88, 21312 }, // U+04E0
    { 15, 23, 252, 0, 16, 87, 21400 }, // U+04E1
    { 23, 27, 397, 1, 27, 156, 21487 }, // U+04E2
    { 20, 23, 324, 0, 23, 115, 21643 }, // U+04E3
    { 23, 27, 397, 1, 27, 156, 21758 }, // U+04E4
    { 20, 23, 324, 0, 23, 115, 21914 }, // U+04E5
    { 20, 28, 365, 1, 27, 140, 22029 }, // U+04E6
    { 16, 23, 282, 1, 23, 92, 22169 }, // U+04E7
    { 21, 23, 365, 1, 22, 121, 22261 }, // U+04E8
    { 16, 16, 282, 1, 16, 64, 22382 }, // U+04E9
    { 21, 28, 365, 1, 27, 147, 22446 }, // U+04EA
    { 16, 23, 282, 1, 23, 92, 22593 }, // U+04EB
    { 18, 28, 321, 1, 27, 126, 22685 }, // U+04EC
    { 14, 23, 254, 1, 23, 81, 22811 }, // U+04ED
    { 22, 28, 337, 0, 27, 154, 22892 }, // U+04EE
    { 19, 30, 304, 1, 23, 143, 23046 }, // U+04EF
    { 21, 28, 337, 0, 27, 147, 23189 }, // U+04F0
    { 19, 30, 304, 0, 23, 143, 23336 }, // U+04F1
    { 22, 31, 337, 0, 30, 171, 23479 }, // U+04F2
    { 19, 33, 304, 1, 26, 157, 23650 }, // U+04F3
    { 22, 27, 362, 0, 27, 149, 23807 }, // U+04F4
    { 18, 23, 299, 1, 23, 104, 23956 }, // U+04F5
    { 17, 27, 291, 1, 21, 115, 24060 }, // U+04F6
    { 15, 22, 248, 0, 16, 83, 24175 }, // U+04F7
    { 28, 27, 476, 1, 27, 189, 24258 }, // U+04F8
    { 25, 23, 409, 0, 23, 144, 24447 }, // U+04F9
    { 17, 28, 289, 1, 21, 119, 24591 }, // U+04FA
    { 14, 22, 248, 1, 16, 77, 24710 }, // U+04FB
    { 22, 27, 350, 0, 21, 149, 24787 }, // U+04FC
    { 17, 23, 286, 0, 16, 98, 24936 }, // U+04FD
    { 22, 21, 359, 0, 21, 116, 25034 }, // U+04FE
    { 18, 16, 290, 0, 16, 72, 25150 }, // U+04FF
    { 23, 29, 360, -1, 22, 167, 0 }, // U+1EA0
    { 16, 23, 265, 1, 16, 92, 167 }, // U+1EA1
    { 23, 31, 360, 0, 31, 179, 259 }, // U+1EA2
    { 16, 27, 265, 1, 27, 108, 438 }, // U+1EA3
    { 23, 32, 360, 0, 32, 184, 546 }, // U+1EA4
    { 16, 30, 265, 1, 30, 120, 730 }, // U+1EA5
    { 23, 32, 360, 0, 32, 184, 850 }, // U+1EA6
    { 16, 30, 265, 1, 30, 120, 1034 }, // U+1EA7
    { 23, 31, 360, 0, 31, 179, 1154 }, // U+1EA8
    { 16, 30, 265, 1, 30, 120, 1333 }, // U+1EA9
    { 23, 31, 360, 0, 31, 179, 1453 }, // U+1EAA
    { 16, 30, 265, 1, 30, 120, 1632 }, // U+1EAB
    { 23, 36, 360, -1, 29, 207, 1752 }, // U+1EAC
    { 16, 32, 265, 1, 25, 128, 1959 }, // U+1EAD
    { 23, 32, 360, 0, 32, 184, 2087 }, // U+1EAE
    { 16, 30, 265, 1, 30, 120, 2271 }, // U+1EAF
    { 23, 32, 360, 0, 32, 184, 2391 }, // U+1EB0
    { 16, 30, 265, 1, 30, 120, 2575 }, // U+1EB1
    { 23, 31, 360, -1, 31, 179, 2695 }, // U+1EB2
    { 16, 30, 265, 1, 30, 120, 2874 }, // U+1EB3
    { 23, 31, 360, 0, 31, 179, 2994 }, // U+1EB4
    { 16, 29, 265, 1, 29, 116, 3173 }, // U+1EB5
    { 23, 36, 360, 0, 29, 207, 3289 }, // U+1EB6
    { 16, 31, 265, 1, 24, 124, 3496 }, // U+1EB7
    { 17, 28, 303, 1, 21, 119, 3620 }, // U+1EB8
    { 14, 23, 254, 1, 16, 81, 3739 }, // U+1EB9
    { 17, 31, 303, 1, 31, 132, 3820 }, // U+1EBA
    { 14, 27, 254, 1, 27, 95, 3952 }, // U+1EBB
    { 17, 29, 303, 1, 29, 124, 4047 }, // U+1EBC
    { 14, 23, 254, 1, 23, 81, 4171 }, // U+1EBD
    { 18, 32, 303, 1, 32, 144, 4252 }, // U+1EBE
    { 16, 30, 254, 1, 30, 120, 4396 }, // U+1EBF
    { 17, 32, 303, 1, 32, 136, 4516 }, // U+1EC0
    { 14, 30, 254, 1, 30, 105, 4652 }, // U+1EC1
    { 17, 31, 303, 1, 31, 132, 4757 }, // U+1EC2
    { 16, 30, 254, 1, 30, 120, 4889 }, // U+1EC3
    { 17, 31, 303, 1, 31, 132, 5009 }, // U+1EC4
    { 14, 30, 254, 1, 30, 105, 5141 }, // U+1EC5
    { 17, 36, 303, 1, 29, 153, 5246 }, // U+1EC6
    { 14, 32, 254, 1, 25, 112, 5399 }, // U+1EC7
    { 10, 31, 195, 1, 31, 78, 5511 }, // U+1EC8
    { 10, 27, 166, 0, 27, 68, 5589 }, // U+1EC9
    { 11, 28, 195, 1, 21, 77, 5657 }, // U+1ECA
    { 10, 30, 166, 0, 23, 75, 5734 }, // U+1ECB
    { 21, 29, 365, 1, 22, 153, 5809 }, // U+1ECC
    { 16, 23, 282, 1, 16, 92, 5962 }, // U+1ECD
    { 20, 32, 365, 1, 31, 160, 6054 }, // U+1ECE
    { 16, 27, 282, 1, 27, 108, 6214 }, // U+1ECF
    { 20, 33, 365, 1, 32, 165, 6322 }, // U+1ED0
    { 16, 30, 282, 1, 30, 120, 6487 }, // U+1ED1
    { 20, 33, 365, 1, 32, 165, 6607 }, // U+1ED2
    { 16, 30, 282, 1, 30, 120, 6772 }, // U+1ED3
    { 20, 32, 365, 1, 31, 160, 6892 }, // U+1ED4
    { 17, 30, 282, 1, 30, 128, 7052 }, // U+1ED5
    { 20, 32, 365, 1, 31, 160, 7180 }, // U+1ED6
    { 16, 30, 282, 1, 30, 120, 7340 }, // U+1ED7
    { 20, 36, 365, 1, 29, 180, 7460 }, // U+1ED8
    { 16, 32, 282, 1, 25, 128, 7640 }, // U+1ED9
    { 22, 30, 365, 1, 29, 165, 7768 }, // U+1EDA
    { 17, 26, 282, 1, 26, 111, 7933 }, // U+1EDB
    { 22, 30, 365, 1, 29, 165, 8044 }, // U+1EDC
    { 17, 26, 282, 1, 26, 111, 8209 }, // U+1EDD
    { 22, 32, 365, 1, 31, 176, 8320 }, // U+1EDE
    { 17, 27, 282, 1, 27, 115, 8496 }, // U+1EDF
    { 22, 30, 365, 1, 29, 165, 8611 }, // U+1EE0
    { 17, 23, 282, 1, 23, 98, 8776 }, // U+1EE1
    { 22, 32, 365, 1, 25, 176, 8874 }, // U+1EE2
    { 17, 26, 282, 1, 19, 111, 9050 }, // U+1EE3
    { 24, 28, 375, 0, 21, 168, 9161 }, // U+1EE4
    { 20, 23, 305, 0, 16, 115, 9329 }, // U+1EE5
    { 24, 32, 375, 0, 31, 192, 9444 }, // U+1EE6
    { 20, 27, 305, 0, 27, 135, 9636 }, // U+1EE7
    { 24, 30, 375, 0, 29, 180, 9771 }, // U+1EE8
    { 19, 26, 305, 1, 26, 124, 9951 }, // U+1EE9
    { 24, 30, 375, 0, 29, 180, 10075 }, // U+1EEA
    { 19, 26, 305, 1, 26, 124, 10255 }, // U+1EEB
    { 24, 32, 375, 0, 31, 192, 10379 }, // U+1EEC
    { 19, 27, 305, 1, 27, 129, 10571 }, // U+1EED
    { 24, 30, 375, 0, 29, 180, 10700 }, // U+1EEE
    { 19, 23, 305, 1, 23, 110, 10880 }, // U+1EEF
    { 24, 32, 375, 0, 25, 192, 10990 }, // U+1EF0
    { 19, 26, 305, 1, 19, 124, 11182 }, // U+1EF1
    { 21, 30, 337, 0, 30, 158, 11306 }, // U+1EF2
    { 19, 33, 304, 1, 26, 157, 11464 }, // U+1EF3
    { 21, 28, 337, 0, 21, 147, 11621 }, // U+1EF4
    { 19, 23, 304, 0, 16, 110, 11768 }, // U+1EF5
    { 21, 31, 337, 0, 31, 163, 11878 }, // U+1EF6
    { 19, 34, 304, 1, 27, 162, 12041 }, // U+1EF7
    { 22, 29, 337, -1, 29, 160, 12203 }, // U+1EF8
    { 19, 30, 304, 1, 23, 143, 12363 }, // U+1EF9
    { 0, 0, 233, 0, 0, 0, 0 }, // U+2000
    { 0, 0, 467, 0, 0, 0, 0 }, // U+2001
    { 0, 0, 233, 0, 0, 0, 0 }, // U+2002
    { 0, 0, 467, 0, 0, 0, 0 }, // U+2003
    { 0, 0, 155, 0, 0, 0, 0 }, // U+2004
    { 0, 0, 117, 0, 0, 0, 0 }, // U+2005
    { 0, 0, 77, 0, 0, 0, 0 }, // U+2006
    { 0, 0, 291, 0, 0, 0, 0 }, // U+2007
    { 0, 0, 135, 0, 0, 0, 0 }, // U+2008
    { 0, 0, 93, 0, 0, 0, 0 }, // U+2009
    { 0, 0, 23, 0, 0, 0, 0 }, // U+200A
    { 0, 0, 0, 0, 0, 0, 0 }, // U+200B
    { 0, 0, 0, 0, 0, 0, 0 }, // U+200C
    { 0, 0, 0, 0, 0, 0, 0 }, // U+200D
    { 0, 0, 0, 0, 0, 0, 0 }, // U+200E
    { 0, 0, 0, 0, 0, 0, 0 }, // U+200F
    { 9, 4, 177, 1, 10, 9, 0 }, // U+2010
    { 9, 4, 177, 1, 10, 9, 9 }, // U+2011
    { 14, 4, 291, 2, 12, 14, 18 }, // U+2012
    { 15, 4, 233, 0, 10, 15, 32 }, // U+2013
    { 29, 4, 467, 0, 10, 29, 47 }, // U+2014
    { 29, 4, 467, 0, 10, 29, 76 }, // U+2015
    { 10, 30, 233, 3, 23, 75, 105 }, // U+2016
    { 15, 8, 233, 0, -1, 30, 180 }, // U+2017
    { 6, 10, 115, 1, 23, 15, 210 }, // U+2018
    { 6, 10, 115, 0, 23, 15, 225 }, // U+2019
    { 6, 10, 115, 0, 5, 15, 240 }, // U+201A
    { 6, 10, 115, 1, 23, 15, 255 }, // U+201B
    { 12, 10, 208, 1, 23, 30, 270 }, // U+201C
    { 12, 10, 208, 0, 23, 30, 300 }, // U+201D
    { 12, 10, 208, 0, 5, 30, 330 }, // U+201E
    { 12, 10, 208, 1, 23, 30, 360 }, // U+201F
    { 13, 20, 232, 0, 22, 65, 390 }, // U+2020
    { 13, 24, 232, 1, 22, 78, 455 }, // U+2021
    { 6, 6, 140, 1, 11, 9, 533 }, // U+2022
    { 10, 11, 291, 4, 16, 28, 542 }, // U+2023
    { 5, 5, 135, 2, 5, 7, 570 }, // U+2024
    { 12, 6, 233, 1, 5, 18, 577 }, // U+2025
    { 25, 6, 467, 2, 5, 38, 595 }, // U+2026
    { 5, 5, 135, 2, 11, 7, 633 }, // U+2027
    { 0, 0, 0, 0, 0, 0, 640 }, // U+2028
    { 0, 0, 0, 0, 0, 0, 640 }, // U+2029
    { 0, 0, 0, 0, 0, 0, 640 }, // U+202A
    { 0, 0, 0, 0, 0, 0, 640 }, // U+202B
    { 0, 0, 0, 0, 0, 0, 640 }, // U+202C
    { 0, 0, 0, 0, 0, 0, 640 }, // U+202D
    { 0, 0, 0, 0, 0, 0, 640 }, // U+202E
    { 0, 0, 50, 0, 0, 0, 640 }, // U+202F
    { 38, 24, 648, 1, 23, 228, 640 }, // U+2030
    { 7, 10, 127, 1, 21, 18, 868 }, // U+2032
    { 13, 10, 229, 1, 21, 33, 886 }, // U+2033
    { 19, 10, 331, 1, 21, 48, 919 }, // U+2034
    { 7, 10, 127, 1, 21, 18, 967 }, // U+2035
    { 13, 10, 239, 1, 21, 33, 985 }, // U+2036
    { 19, 10, 340, 1, 21, 48, 1018 }, // U+2037
    { 13, 7, 233, 1, 1, 23, 1066 }, // U+2038
    { 8, 11, 156, 1, 13, 22, 1089 }, // U+2039
    { 8, 11, 156, 1, 13, 22, 1111 }, // U+203A
    { 18, 21, 291, 0, 20, 95, 1133 }, // U+203B
    { 13, 24, 271, 2, 23, 78, 1228 }, // U+203C
    { 15, 4, 233, 0, 26, 15, 1306 }, // U+203E
    { 7, 4, 140, 1, 10, 7, 1321 }, // U+2043
    { 15, 25, 85, -5, 22, 94, 1328 }, // U+2044
    { 24, 23, 437, 1, 22, 138, 1422 }, // U+2047
    { 20, 24, 360, 1, 23, 120, 1560 }, // U+2048
    { 19, 24, 360, 2, 23, 114, 1680 }, // U+2049
    { 17, 7, 467, 6, 12, 30, 1794 }, // U+2053
    { 26, 10, 433, 1, 21, 65, 1824 }, // U+2057
    { 0, 0, 104, 0, 0, 0, 1889 }, // U+205F
    { 0, 0, 0, 0, 0, 0, 1889 }, // U+2060
    { 0, 0, 0, 0, 0, 0, 1889 }, // U+2061
    { 0, 0, 0, 0, 0, 0, 1889 }, // U+2062
    { 0, 0, 0, 0, 0, 0, 1889 }, // U+2063
    { 0, 0, 0, 0, 0, 0, 1889 }, // U+2064
    { 0, 0, 0, 0, 0, 0, 1889 }, // U+2065
    { 0, 0, 0, 0, 0, 0, 1889 }, // U+206A
    { 0, 0, 0, 0, 0, 0, 1889 }, // U+206B
    { 0, 0, 0, 0, 0, 0, 1889 }, // U+206C
    { 0, 0, 0, 0, 0, 0, 1889 }, // U+206D
    { 0, 0, 0, 0, 0, 0, 1889 }, // U+206E
    { 0, 0, 0, 0, 0, 0, 1889 }, // U+206F
    { 12, 13, 209, 1, 24, 39, 0 }, // U+2070
    { 12, 14, 209, 0, 25, 42, 39 }, // U+2074
    { 10, 13, 209, 2, 24, 33, 81 }, // U+2075
    { 11, 13, 209, 1, 24, 36, 114 }, // U+2076
    { 10, 13, 209, 2, 24, 33, 150 }, // U+2077
    { 11, 13, 209, 1, 24, 36, 183 }, // U+2078
    { 11, 13, 209, 1, 24, 36, 219 }, // U+2079
    { 13, 10, 264, 2, 21, 33, 255 }, // U+207F
    { 12, 13, 209, 1, 9, 39, 288 }, // U+2080
    { 10, 14, 209, 1, 10, 35, 327 }, // U+2081
    { 12, 13, 209, 1, 9, 39, 362 }, // U+2082
    { 10, 13, 209, 2, 9, 33, 401 }, // U+2083
    { 12, 14, 209, 0, 10, 42, 434 }, // U+2084
    { 10, 13, 209, 2, 9, 33, 476 }, // U+2085
    { 11, 13, 209, 1, 9, 36, 509 }, // U+2086
    { 10, 13, 209, 2, 9, 33, 545 }, // U+2087
    { 11, 13, 209, 1, 9, 36, 578 }, // U+2088
    { 11, 13, 209, 1, 9, 36, 614 }, // U+2089
    { 17, 21, 291, 1, 21, 90, 0 }, // U+20A3
    { 17, 22, 291, 1, 21, 94, 90 }, // U+20A4
    { 38, 21, 634, 0, 21, 200, 184 }, // U+20A7
    { 19, 21, 291, 0, 21, 100, 384 }, // U+20AC
    { 18, 14, 467, 6, 17, 63, 0 }, // U+2190
    { 14, 20, 467, 8, 20, 70, 63 }, // U+2191
    { 18, 14, 467, 6, 17, 63, 133 }, // U+2192
    { 14, 20, 467, 8, 20, 70, 196 }, // U+2193
    { 19, 13, 467, 5, 17, 62, 266 }, // U+2194
    { 13, 19, 467, 8, 20, 62, 328 }, // U+2195
    { 14, 20, 467, 8, 20, 70, 390 }, // U+21A8
    { 14, 20, 467, 8, 20, 70, 460 }, // U+21B2
    { 14, 20, 467, 8, 20, 70, 530 }, // U+21B3
    { 17, 16, 467, 6, 19, 68, 600 }, // U+21B5
    { 19, 16, 467, 5, 18, 76, 668 }, // U+21D0
    { 17, 19, 467, 6, 20, 81, 744 }, // U+21D1
    { 19, 16, 467, 5, 18, 76, 825 }, // U+21D2
    { 17, 19, 467, 6, 20, 81, 901 }, // U+21D3
    { 19, 15, 467, 5, 18, 72, 982 }, // U+21D4
    { 21, 22, 467, 4, 21, 116, 0 }, // U+2200
    { 16, 23, 291, 1, 23, 92, 116 }, // U+2202
    { 15, 21, 467, 7, 21, 79, 208 }, // U+2203
    { 22, 23, 467, 3, 22, 127, 287 }, // U+2205
    { 19, 21, 319, 0, 21, 100, 414 }, // U+2206
    { 19, 21, 467, 5, 20, 100, 514 }, // U+2207
    { 21, 21, 467, 4, 21, 111, 614 }, // U+2208
    { 21, 26, 467, 4, 23, 137, 725 }, // U+2209
    { 21, 18, 467, 4, 19, 95, 862 }, // U+220A
    { 21, 21, 467, 4, 21, 111, 957 }, // U+220B
    { 21, 26, 467, 4, 23, 137, 1068 }, // U+220C
    { 21, 18, 467, 4, 19, 95, 1205 }, // U+220D
    { 23, 25, 391, 1, 20, 144, 1300 }, // U+220F
    { 19, 25, 310, 0, 20, 119, 1444 }, // U+2211
    { 13, 3, 291, 3, 11, 10, 1563 }, // U+2212
    { 15, 23, 246, 0, 21, 87, 1573 }, // U+2215
    { 15, 23, 246, 0, 21, 87, 1660 }, // U+2216
    { 15, 14, 291, 2, 17, 53, 1747 }, // U+2217
    { 10, 11, 291, 4, 15, 28, 1800 }, // U+2218
    { 6, 5, 291, 6, 11, 8, 1828 }, // U+2219
    { 20, 27, 291, -1, 23, 135, 1836 }, // U+221A
    { 15, 12, 291, 2, 15, 45, 1971 }, // U+221D
    { 18, 10, 291, 0, 14, 45, 2016 }, // U+221E
    { 18, 21, 467, 6, 21, 95, 2061 }, // U+221F
    { 23, 21, 467, 3, 21, 121, 2156 }, // U+2220
    { 4, 30, 233, 5, 23, 30, 2277 }, // U+2223
    { 10, 30, 233, 2, 23, 75, 2307 }, // U+2225
    { 21, 21, 467, 4, 21, 111, 2382 }, // U+2227
    { 21, 21, 467, 4, 21, 111, 2493 }, // U+2228
    { 17, 21, 467, 6, 21, 90, 2604 }, // U+2229
    { 17, 22, 467, 6, 21, 94, 2694 }, // U+222A
    { 16, 30, 291, 1, 23, 120, 2788 }, // U+222B
    { 19, 17, 467, 5, 16, 81, 2908 }, // U+2234
    { 19, 17, 467, 5, 16, 81, 2989 }, // U+2235
    { 7, 16, 146, 1, 18, 28, 3070 }, // U+2236
    { 19, 17, 467, 5, 16, 81, 3098 }, // U+2237
    { 17, 7, 467, 6, 12, 30, 3179 }, // U+223C
    { 18, 16, 467, 6, 18, 72, 3209 }, // U+2245
    { 15, 13, 291, 2, 16, 49, 3281 }, // U+2248
    { 17, 12, 467, 6, 14, 51, 3330 }, // U+224D
    { 13, 14, 291, 3, 17, 46, 3381 }, // U+2260
    { 16, 14, 467, 7, 16, 56, 3427 }, // U+2261
    { 14, 18, 291, 2, 18, 63, 3483 }, // U+2264
    { 13, 18, 291, 3, 18, 59, 3546 }, // U+2265
    { 25, 14, 467, 2, 17, 88, 3605 }, // U+226A
    { 25, 14, 467, 2, 17, 88, 3693 }, // U+226B
    { 21, 18, 467, 4, 19, 95, 3781 }, // U+2283
    { 21, 26, 467, 4, 23, 137, 3876 }, // U+2284
    { 21, 26, 467, 4, 23, 137, 4013 }, // U+2285
    { 19, 21, 467, 5, 21, 100, 4150 }, // U+2286
    { 19, 21, 467, 5, 21, 100, 4250 }, // U+2287
    { 22, 22, 467, 4, 21, 121, 4350 }, // U+2295
    { 22, 22, 467, 4, 21, 121, 4471 }, // U+2296
    { 22, 22, 467, 4, 21, 121, 4592 }, // U+2297
    { 22, 22, 467, 4, 21, 121, 4713 }, // U+2298
    { 17, 21, 467, 6, 21, 90, 4834 }, // U+22A5
    { 6, 5, 291, 6, 11, 8, 4924 }, // U+22C5
    { 25, 5, 467, 2, 11, 32, 4932 }, // U+22EF
    { 25, 23, 361, 0, 23, 144, 0 }, // U+FB00
    { 20, 23, 326, 0, 23, 115, 144 }, // U+FB01
    { 20, 23, 328, 0, 23, 115, 259 }, // U+FB02
    { 30, 23, 485, 0, 23, 173, 374 }, // U+FB03
    { 30, 23, 487, 0, 23, 173, 547 }, // U+FB04
    { 23, 23, 370, 0, 23, 133, 720 }, // U+FB05
    { 25, 23, 433, 1, 23, 144, 853 }, // U+FB06
    { 28, 28, 467, 1, 25, 196, 0 }, // U+FFFD
};


static const EpdFontGroup bookerly_14_boldGroups[] = {
    { 0, 1820, 4079, 53, 1909, 0 },
    { 1820, 1625, 4096, 44, 3553, 53 },
    { 3445, 82, 141, 3, 45, 97 },
    { 3527, 1709, 3998, 43, 3019, 100 },
    { 5236, 1175, 4043, 33, 2847, 143 },
    { 6411, 653, 2113, 20, 1739, 176 },
    { 7064, 4641, 16219, 128, 760, 196 },
    { 11705, 4812, 13892, 94, 3828, 324 },
    { 16517, 328, 517, 34, 370, 418 },
    { 16845, 10183, 26998, 220, 3834, 452 },
    { 27028, 3487, 13258, 90, 3831, 672 },
    { 30515, 993, 2083, 81, 1523, 762 },
    { 31508, 310, 712, 18, 436, 843 },
    { 31818, 273, 530, 4, 410, 861 },
    { 32091, 497, 1186, 15, 964, 865 },
    { 32588, 1998, 5451, 58, 3614, 880 },
    { 34586, 348, 1058, 7, 725, 938 },
    { 34934, 123, 196, 1, 29, 945 },
};







static const int8_t bookerly_14_boldKernSparseValues[] = {
     -23,  -19,   19,  -19,  -19,  -23,  -14,   28,   -9,   -9,   24,   14,   14,  -14,   -9,   -9,
      -9,   14,   14,   -9,   -9,   -9,   -9,   -9,   -9,   -9,   24,  -14,   28,   -9,   -9,   14,
      14,   24,   14,   14,  -37,    9,   14,    9,   -9,  -14,  -63,   -9,   -9,   -9,   -9,   -9,
      -9,  -14,  -14,  -33,  -37,   14,   -9,    9,    9,  -63,   14,  -19,   14,  -37,  -19,  -61,
     -42,   -7,   -5,   -7,  -14,  -18,  -42,  -42,  -19,   -7,   -7,   -7,   -7,   -7,   -7,   -9,
      -5,  -37,  -19,   14,  -19,   14,   -9,  -47,   -7,   -7,  -23,  -33,    9,  -33,  -33,  -61,
     -42,  -33,  -19,  -33,  -37,  -19,  -14,   -9,   -9,  -23,   -9,  -23,   -7,   -7,  -14,  -14,
      -9,   -9,  -14,   -9,   -9,    9,   -9,   -9,   -7,   -7,  -23,  -23,  -14,   -7,  -47,  -19,
     -14,   -9,  -47,  -42,  -19,  -42,  -23,  -23,  -42,  -14,   -9,  -19,   -9,  -19,  -65,  -19,
     -47,  -47,  -42,    9,    9,  -42,  -42,  -47,  -47,  -42,  -42,  -42,  -42,  -23,  -42,  -42,
     -19,  -42,  -14,  -33,  -19,  -14,  -19,  -47,  -19,  -19,  -47,   -9,  -49,  -42,  -23,  -14,
     -30,  -23,  -14,   -9,  -19,  -14,  -42,  -42,    9,   -9,   -9,  -65,  -14,   -9,   -7,   -7,
      -7,   -7,   -9,   -9,  -23,  -42,  -14,    9,  -26,   12,   -7,  -49,  -28,  -54,    5,  -48,
       5,  -47,   -7,   -7,   -9,  -40,    9,  -40,  -14,   14,  -51,  -37,   -9,   -9,  -14,   -7,
     -12,   -7,  -14,  -19,    7,    5,  -12,    7,    7,    7,    7,    7,    7,   -9,   -9,  -11,
      -7,   -7,   -7,   -7,   -6,   -6,   -6,  -11,   -7,   -7,   -7,   -7,   -7,   -7,   -7,   -7,
      -7,   -7,   -7,   -7,   -7,   -7,  -14,  -23,  -23,  -19,  -13,   -7,   -9,   -5,   -7,   -9,
     -16,  -12,   -6,  -14,   -5,   14,  -33,   -9,   -5,   -5,    9,   19,  -33,  -33,  -40,  -41,
      -9,  -14,    5,   -9,  -19,    5,  -14,   -9,  -54,  -14,  -14,   -9,   19,   19,   -9,   -9,
       5,  -14,  -14,   -9,   -9,   -9,  -19,    5,   19,    5,  -14,  -14,   -9,  -19,    9,    9,
      -9,   -9,   -9,   -6,   -5,   -5,   -9,   -6,   -6,   -7,   -7,   -6,   -5,   -5,   -9,   -7,
      -7,    9,    9,   -7,   -7,   -7,   -7,   -7,  -19,   -9,  -19,  -18,  -14,  -14,  -19,   -7,
     -14,    5,   -9,   -9,    5,    7,   -8,   -5,   -7,   -9,   -7,   -7,  -23,   -7,  -14,  -14,
      -9,   14,   14,   -9,   -9,    5,  -14,  -14,   -9,   -9,   -9,   -9,    5,    5,   -8,   -8,
      -7,   -9,  -14,    8,  -19,    9,    5,   -7,    5,  -11,    5,   -5,   -6,  -14,  -16,  -28,
       5,  -28,    5,  -19,   -7,   -7,  -11,   14,   14,  -11,  -11,    5,   -7,   -7,  -11,  -11,
     -11,    5,   14,    5,   -6,   -6,   -9,  -19,   14,  -26,  -12,  -37,    9,  -37,  -51,  -23,
     -23,  -23,  -14,   -5,  -12,   -7,  -14,   14,   -9,   -5,   -7,   -7,   -5,    9,    9,    9,
      -9,   19,  -16,   -9,  -16,  -14,   -7,    9,    7,  -10,    9,   -7,  -14,    9,  -12,   -7,
      -5,   -7,   -5,  -19,   -7,  -10,  -10,   -7,   28,   28,   -7,   -7,    9,  -10,  -10,   -7,
      -7,   -7,  -14,    9,   28,    9,  -12,  -12,   -5,  -14,  -14,    9,   27,  -47,  -47,  -46,
     -51,   -5,   -7,    5,   -5,   -7,   -7,  -13,   14,   -8,    9,    9,   11,   11,  -63,   -7,
      -7,   -7,    9,    9,   -7,   -7,   -7,   -7,   -7,   -7,   -7,  -13,    9,   -8,   -8,  -13,
       9,   14,    5,   -9,  -23,  -19,   14,  -13,   -7,   33,   -5,   -7,   -9,  -16,  -12,   -6,
     -14,   23,    2,   42,   14,   14,   28,  -33,   -9,    2,   42,   19,    9,  -14,  -14,  -14,
      14,  -14,    9,  -28,  -19,  -30,   14,  -35,   -7,   -9,   -9,  -14,    9,  -14,   14,  -14,
      -9,  -28,  -19,   -9,   -9,   -9,  -12,   -7,   -6,   -7,  -19,   -9,   -5,   -9,  -14,  -19,
     -19,   -9,  -47,   -9,  -47,  -58,   -9,   -9,  -56,  -14,  -12,   -7,   -5,  -26,  -28,  -29,
     -33,   -9,  -14,   -9,  -47,  -14,  -26,  -26,  -28,   14,   14,  -28,  -28,  -26,  -26,  -28,
     -28,  -28,  -29,  -33,  -33,   -9,   -9,  -29,   -9,    9,    9,  -19,  -19,  -27,  -30,   -7,
      -7,   -7,   -7,   -9,    5,   -7,  -19,    5,  -12,   -9,  -11,   -9,   -9,   -9,  -33,   -7,
     -14,   -9,   -9,   -7,   16,   16,   -7,   -7,    5,   -9,   -9,   -7,   -7,   -7,  -19,    5,
       9,    5,  -12,  -12,   -9,  -19,   14,  -61,  -23,  -61,  -63,   -9,   -9,  -65,  -23,  -16,
     -16,    5,    9,  -35,   14,  -35,   -9,  -40,   14,  -14,   -9,  -33,  -12,  -14,  -11,  -14,
     -14,   14,  -19,  -14,  -65,  -23,  -60,  -54,  -35,   28,   28,  -35,  -35,   14,  -54,  -60,
     -35,  -35,  -35,  -65,   14,   28,   14,  -14,  -33,  -33,  -14,  -40,  -28,    9,   14,   -9,
       5,  -16,    7,    5,    9,   -5,    9,   -9,  -16,    9,  -16,   14,   -7,   -5,   19,   19,
      -5,   -5,    9,   -5,   -5,   -5,    9,   23,    9,    9,  -42,  -23,  -42,  -49,  -14,  -14,
     -51,  -28,   -7,  -21,    5,    9,  -37,    9,  -37,   -7,  -44,    9,  -23,  -19,  -35,   -5,
     -15,  -14,  -23,  -14,  -23,    9,  -23,  -19,  -47,  -28,  -37,  -56,  -37,   28,   28,  -37,
     -37,    9,  -51,  -51,  -37,  -37,  -37,  -44,    9,   19,    9,  -23,  -35,  -35,  -23,  -19,
     -44,   -9,  -19,    9,   -5,   -5,    9,    9,   14,   19,   21,   23,   14,   14,   21,   19,
      23,   14,   21,   23,   23,  -14,  -37,  -23,  -47,  -37,   -9,    9,   -9,  -14,  -14,  -14,
     -14,   -9,   -9,   -9,   -9,   -9,   -9,    9,    9,  -37,  -14,  -19,  -47,   -9,  -14,  -14,
     -14,  -14,  -47,  -37,  -30,  -14,  -19,  -12,  -47,   -5,   -7,  -19,  -19,   -6,  -19,  -14,
     -14,   -9,  -14,  -14,  -19,   -7,  -28,   -5,   -5,    5,   -9,  -12,   -9,   -5,   -5,   12,
     -19,   -9,  -28,   -5,   -7,   -5,   -5,   -5,   -5,   -5,   -5,   -5,   -7,   -7,    9,   -9,
       5,   -9,   -9,   -9,  -19,   -5,   -9,   -9,   -5,   -5,   -5,   -5,   14,   -9,   48,   47,
      47,  -14,  -14,  -14,   28,   47,   40,   -6,   -7,   -9,    9,   23,   -8,    5,    5,   47,
      10,   17,   12,   51,  100,   58,   -5,   -7,    8,    3,   -2,   -9,   -2,   49,   47,   14,
       1,    4,   21,   -9,   37,   42,   14,    9,  -14,   -9,  -12,   -5,    9,    7,   12,    5,
       5,   -9,   -9,  -12,  -12,  -12,   -9,   -9,  -12,  -12,  -12,   -5,    9,   19,   18,   19,
     -19,   -7,  -42,   -5,   -5,  -27,  -27,   -9,  -23,  -14,    7,   -9,   -9,    7,    7,   -9,
      -9,   -9,   -5,   -9,   -9,   -9,   -7,   -9,   -9,   -9,  -12,   -9,   -7,  -14,    5,  -14,
      -9,   -9,  -12,  -12,   -7,   -9,   -9,  -12,  -12,  -12,   -9,   -7,   -7,   -9,  -14,   -8,
      -8,  -14,   -9,   -7,  -23,   33,    6,   -7,   14,   33,  -14,    9,  -33,   -9,  -33,  -28,
      -9,  -16,   -9,   -9,  -14,   -9,  -12,    7,  -16,  -16,   -9,   -9,   -9,   -9,  -16,  -16,
      -9,   -9,   -9,  -14,   -9,   -9,  -12,  -12,  -14,   14,   14,   -7,   -7,   -9,   -7,  -14,
      -7,   -7,   -7,   -7,   -7,   -7,   -7,   -7,   -7,   -7,   -7,   -9,  -14,    9,   -5,   -5,
       7,    9,   -7,  -19,    5,  -16,    9,  -16,    5,    5,   -9,   -7,   14,  -42,   -7,  -42,
     -26,  -14,  -12,  -14,    7,  -21,  -12,    5,    9,    5,    9,  -16,    9,    6,  -14,  -14,
     -14,    5,  -14,  -14,  -12,  -14,  -14,  -14,  -14,  -14,  -21,  -12,   19,  -12,    5,  -16,
     -16,  -21,   19,   19,    9,  -12,   -5,    7,   -5,    9,    5,  -12,  -12,  -12,  -12,  -12,
     -12,   -5,   -5,   -5,   -5,   14,   19,  -14,   -5,   -5,   -5,   33,   14,    9,   26,    9,
       9,   14,   14,   26,    9,   33,    9,   14,   26,    9,   14,    9,    9,   19,  -14,   -9,
      19,   19,   19,  -14,   -9,   -9,   -9,  -14,  -19,  -14,   -9,   -5,   -9,  -14,  -19,   -9,
      -9,  -14,   -9,  -14,  -19,  -23,  -23,   -9,  -14,   -9,  -14,  -14,  -14,  -14,  -19,  -23,
     -23,   -9,  -12,   14,  -19,  -14,  -33,  -28,  -14,  -14,  -14,   -9,  -14,   14,   -9,  -19,
      -9,   -9,  -14,  -14,  -19,  -14,  -12,  -14,  -14,  -14,  -14,  -14,  -14,  -14,  -14,  -14,
     -14,  -14,  -14,  -14,  -14,   -9,  -19,  -19,  -14,   -9,  -19,  -12,   14,  -14,  -14,  -14,
     -14,  -14,  -19,   14,  -19,  -28,  -19,  -14,  -14,  -23,  -23,  -19,  -13,   -7,   -9,   -5,
      -7,   -9,  -12,  -12,   -6,  -14,   -5,   14,  -33,   -9,   -5,   -5,  -14,  -37,  -37,  -51,
      -9,  -37,  -21,  -19,  -23,  -12,  -14,  -16,  -33,  -33,  -35,  -28,  -14,   -7,   -8,  -14,
      -8,   -7,   -6,  -51,   -7,   -7,   -8,   -7,   -7,  -14,   -8,   -8,   -7,   -7,  -14,  -19,
      -9,   -9,   -9,  -14,   -9,   -9,   -9,  -19,  -19,   -9,  -19,  -14,   14,   14,    9,   14,
      26,   26,   14,   23,   23,   26,   26,   26,    9,   14,  -23,  -42,  -14,    9,  -26,   12,
      -7,    9,  -49,  -28,  -54,    5,  -48,    5,  -47,   -7,   19,   -7,   -9,  -40,    9,  -40,
     -14,   14,   19,  -51,  -37,  -19,  -12,  -47,   -5,   42,   -7,  -19,  -19,   -6,   42,  -19,
     -14,   42,   33,   23,   28,   28,   51,   19,   51,   23,   23,    5,    9,    5,   14,    9,
      14,   37,   19,   23,   51,   51,   42,   51,   19,   14,   16,   28,   37,   -9,    5,   -9,
      -5,    9,    9,   -9,  -19,   -5,   19,   -9,   -9,   -5,   -5,   -5,   -5,   19,   14,   -9,
       7,   44,   -9,   -9,    7,   44,    7,   -9,   23,   -9,   23,   23,   -9,   23,   23,   -9,
     -14,    9,   14,   14,   14,   19,   19,    9,   10,    9,   10,   14,   14,  -14,   -9,  -14,
      28,   -5,   -5,    7,    9,    9,   -7,  -19,    5,   37,  -16,    9,  -16,    5,   37,    5,
      -9,   -7,   19,  -19,  -13,    5,   14,   14,   19,    5,   14,    5,   14,    9,   23,   -5,
      23,   14,   14,  -33,   23,   -5,   23,   23,   -5,   14,   14,   19,  -14,  -14,  -19,   14,
       9,   14,    9,   14,   14,    9,   19,    9,   19,   14,   14,   14,    9,   28,   19,   23,
      14,  -19,  -19,  -27,  -30,    5,   -7,   -7,    5,   14,   14,   19,   19,   14,   -9,   23,
      -7,  -19,   23,  -12,   -9,   19,   -9,  -33,   -7,   -9,   -9,   -7,   30,   30,   -7,   -7,
      23,   -9,   -9,   -7,   -7,   -7,  -19,   23,   23,  -12,  -12,   -9,  -19,   14,   19,    9,
       9,    9,    9,    9,   14,   14,    9,  -14,   -9,  -12,   23,    9,    7,   12,    5,    5,
      -9,   -9,  -12,  -12,  -12,   -9,   -9,  -12,  -12,  -12,   23,    9,   19,   18,   19,   -7,
      -7,   -7,   -7,   -7,   -7,   -7,  -23,    9,    9,    9,    9,    9,    9,    9,   -5,  -14,
       9,  -19,  -47,  -23,  -23,   -9,  -28,  -14,  -14,  -14,  -33,  -28,  -14,  -14,  -14,   -9,
     -11,   -5,  -14,   -9,   -9,   -9,  -12,   -9,   -6,   -9,  -19,  -14,   -9,   -5,   -9,   -9,
      -7,  -14,   -9,   -9,   -7,  -19,   -7,  -14,   -5,  -14,    9,   -5,  -23,  -28,   -5,  -19,
      -9,  -19,  -18,  -14,  -14,   -7,  -19,  -19,  -14,   -5,  -14,   -9,   -9,   -9,   -9,   -9,
      -5,   -9,   -9,   -7,   -9,   -9,  -14,    5,   -8,   14,    7,   -7,  -19,  -19,  -23,   -7,
     -23,    9,  -30,   -5,  -33,  -14,  -33,  -14,  -14,   -5,  -47,  -14,    9,    9,   -5,   -9,
       9,  -12,   -9,  -19,  -12,   -9,   -9,  -19,  -33,  -42,   -9,  -19,  -19,   -9,  -42,  -65,
     -35,   -9,  -28,  -19,  -56,   -9,   -5,  -19,  -40,  -33,  -40,  -42,  -44,  -33,  -21,  -40,
     -23,  -23,   -9,  -14,  -19,  -23,  -14,    7,  -14,  -35,    6,  -19,  -14,  -14,  -28,  -23,
       5,  -28,   -6,  -23,  -14,  -14,  -35,  -42,  -14,   -9,  -23,   -9,  -58,  -23,  -58,  -44,
     -37,  -23,  -35,  -21,  -42,    9,  -79,  -47,   -9,  -21,  -23,  -33,   -9,  -37,  -47,   -5,
     -37,  -56,  -51,  -37,  -42,  -47,  -14,  -23,  -19,  -28,  -23,  -42,  -70,    9,  -37,   28,
     -19,    7,    9,   19,  -14,  -51,  -79,   -9,  -37,  -19,    9,  -23,  -42,  -14,    9,  -26,
     -47,  -14,  -49,   -7,    5,  -23,   12,    9,    7,  -23,    5,  -58,   -9,    7,   14,  -23,
     -19,    9,  -33,  -19,  -54,  -42,  -42,  -23,   14,  -19,  -51,  -37,  -14,   -9,  -14,   -9,
      -9,   -9,   -9,   -9,  -16,   -9,   -9,  -19,   -7,   -5,  -14,   -9,   -9,  -14,   -7,  -12,
       9,   -9,    7,   -5,    5,  -12,   -9,  -12,  -47,   -9,  -47,  -58,   -9,   -9,  -14,   -9,
     -14,   -7,  -37,  -56,  -37,   -9,  -12,  -14,  -23,  -26,  -42,  -28,   -9,  -37,   -9,  -37,
     -33,   14,   -9,  -42,  -47,   -9,    9,    9,   -9,   -7,   19,    7,  -19,    7,   -7,  -14,
     -14,   19,  -23,  -28,  -12,   -5,    9,   -9,  -15,   14,   -9,   -7,    9,   -7,   -9,   -9,
     -14,  -14,   -7,   -9,  -14,  -23,  -23,  -19,  -14,   -7,   -9,  -14,   -9,  -13,  -23,  -23,
      -9,   -5,  -16,  -14,  -14,  -19,  -19,  -19,   -9,  -12,  -33,    9,   27,  -47,  -47,  -46,
      -7,    5,  -26,  -51,  -37,  -14,   -7,   -5,  -12,   -7,  -28,   -7,   -9,   14,  -23,   -8,
       9,   14,   14,  -63,   14,    9,   14,   -9,  -11,  -14,   -9,   -7,   -7,   -6,   -7,   -6,
      -6,  -23,    9,  -23,  -28,  -14,   -5,  -23,  -19,  -35,  -42,  -35,  -14,  -14,  -28,  -14,
      -9,  -28,  -19,  -14,   -9,  -16,  -14,  -33,   14,   -9,  -16,    5,    5,    9,    7,  -28,
      14,   14,   -5,   14,  -28,  -16,    9,  -28,    9,   19,  -16,  -33,  -28,   14,   -5,  -16,
     -19,  -12,  -47,    9,   -9,  -19,  -19,  -19,  -14,  -19,  -19,  -14,  -14,   -9,  -14,  -14,
     -19,   -7,  -28,   -5,   -9,  -14,   -6,   -9,   -9,  -12,   -6,  -11,   -9,   -9,  -19,   -9,
      -5,   -5,   -9,  -12,   -7,   -9,  -12,   -5,  -12,  -23,  -23,  -19,   -7,    5,  -23,   -5,
     -23,    9,  -19,   -5,   -5,    9,    5,    5,   -9,   -5,   19,   14,  -14,   14,   -9,  -19,
      -5,   -5,   -9,   -9,   -9,   -9,  -14,  -13,   -7,  -17,   -5,   -5,   -9,   -5,   -9,  -28,
      -9,   -9,   -9,  -23,   -9,   -7,   -7,   -7,   -7,   -7,   -9,   -5,   -5,   -5,   -6,   -5,
     -14,   -5,  -28,   -5,   -5,   -9,   -5,   -5,    9,   14,  -42,   -7,  -42,  -26,  -14,  -28,
     -14,   -5,   -5,  -28,    5,    9,    5,    5,    9,   -5,  -26,   -7,  -14,    9,   19,    5,
       5,   19,   19,    9,    5,    5,   -5,  -12,    9,    7,    5,   -5,    7,   -9,    7,   14,
      19,  -14,  -56,   -5,   -5,   -5,   -9,  -23,  -33,   -9,  -33,   -9,  -33,   -9,   -5,  -33,
     -14,  -19,  -19,   -7,  -42,  -20,  -23,  -14,  -20,  -14,   -9,  -20,  -23,  -14,   -7,   -7,
      -9,   -7,  -14,   -7,   -6,   -5,   -5,   -7,   -9,   -5,   -5,   -9,  -14,   -9,  -14,   -9,
     -14,   -9,   -9,   14,   14,    9,   14,   14,   26,   23,    9,   14,  -19,   -7,  -42,  -20,
     -23,  -20,  -14,   -9,  -20,  -23,  -14,    9,  -19,  -14,  -23,   -9,  -19,  -19,  -28,  -14,
      -9,   -9,  -14,  -14,  -19,   -9,  -14,  -14,   -9,  -47,  -23,  -47,  -14,  -14,   -9,  -37,
       9,  -61,  -49,  -19,  -14,  -23,  -23,  -26,  -19,  -37,  -37,  -23,  -33,  -33,  -14,   -5,
      -9,   -9,  -33,  -42,  -33,   -5,    9,  -23,  -42,  -75,  -23,   -5,    9,    9,  -19,  -19,
     -14,  -19,  -14,   14,   19,   14,   -9,   16,   19,   19,   14,   16,    9,  -19,  -19,  -40,
       5,  -14,  -19,  -33,  -51,  -42,   -9,  -23,  -28,  -37,  -28,  -42,  -33,  -23,  -28,  -35,
     -23,  -23,  -14,  -19,  -28,  -28,  -42,  -37,  -14,  -42,  -51,  -51,  -23,  -19,  -14,    9,
      14,  -28,  -28,  -23,   -9,  -23,  -19,   -9,   14,   19,  -33,  -33,  -40,  -28,  -41,  -42,
      -9,  -19,  -14,  -33,   -9,  -23,  -33,    5,  -14,   19,   -9,  -14,  -54,    9,    9,  -14,
     -19,  -14,   19,  -14,  -14,  -35,   14,  -19,   -9,  -14,  -28,   14,  -28,   19,   14,  -14,
     -35,  -42,   14,  -14,   -9,   14,   -9,  -14,   -5,   -9,    9,   19,    9,  -28,    9,  -19,
      -9,  -23,  -19,  -19,  -19,   -9,  -19,   -9,  -14,  -14,  -14,  -14,  -19,    9,  -42,  -23,
     -42,  -49,  -14,  -14,    9,  -23,  -19,  -23,  -12,  -33,   14,  -40,  -33,  -14,   -7,  -14,
     -28,  -28,  -14,  -33,  -28,  -28,  -23,  -33,   -9,  -23,  -14,  -23,  -14,  -23,  -47,    9,
     -21,   28,  -14,   14,    9,  -23,  -33,  -47,  -19,   -9,  -14,    9,   14,    5,   -9,    5,
     -16,   28,    5,    5,    9,    9,    7,  -28,   14,    9,   14,   -5,   19,   14,  -28,    5,
       9,  -28,    9,    9,    9,   19,   28,    5,   19,  -33,  -28,   14,   -5,    5,    9,    5,
       5,   -5,  -12,    9,    7,    5,   -5,   14,    7,   -9,    7,   14,   19,  -68,  -42,   -9,
     -28,  -19,  -56,   -5,   -5,  -23,  -28,  -33,  -28,  -47,  -47,  -23,  -19,  -28,   -9,  -14,
     -14,   -9,  -14,   -9,  -14,  -19,  -19,  -14,  -23,   -9,   -5,   -5,  -19,   -5,  -19,  -14,
      -9,  -14,  -14,   -7,   -7,   -7,  -14,   -9,   -9,   -5,   -9,   -7,   -9,   14,   -9,  -35,
       5,    9,    7,  -28,   14,  -19,  -14,   14,  -14,   14,  -28,  -16,    9,  -28,   -9,    9,
     -14,   19,  -16,  -33,  -75,    9,   -5,   -9,  -16,    9,    5,    5,   -5,  -12,    9,    7,
       5,   -5,   19,    7,   -9,    7,   14,   19,  -37,  -37,  -37,   19,    9,    9,    9,  -14,
     -23,    9,    5,  -14,   19,   19,   19,  -51,  -56,  -14,   14,   14,  -14,  -14,    9,  -14,
     -14,  -14,  -23,    9,   14,    9,  -14,  -14,  -23,   19,  -26,    9,  -37,  -30,  -14,  -14,
     -14,  -19,   19,   19,  -23,    9,  -14,   14,    5,   19,    9,    9,    9,  -56,   19,  -37,
     -37,  -56,  -19,   -9,    9,    9,  -19,    9,  -33,  -40,    9,  -33,    5,   -9,  -77,  -19,
     -19,  -19,  -33,   14,   14,  -33,  -33,    9,  -19,  -19,  -33,  -33,  -33,  -40,   23,   14,
       9,  -33,  -33,   -9,  -40,  -19,   -9,  -35,  -56,  -40,   -9,  -19,  -19,  -33,  -33,  -33,
     -33,    9,  -33,   14,    9,    9,  -14,  -77,   14,  -19,   14,  -37,  -19,  -61,  -42,   -7,
      -5,   -7,  -14,  -18,  -42,  -56,  -19,   -7,   -7,   -7,   -7,   -7,   -7,   -9,   -5,  -37,
     -19,   14,  -19,   14,   -9,  -47,   -7,   -7,  -23,  -47,    9,  -33,  -47,  -61,  -42,  -33,
     -19,  -47,  -37,  -19,
};


static const EpdFontData bookerly_14_bold = {
    bookerly_14_boldBitmaps,
    bookerly_14_boldGlyphs,
    epdSharedFontIntervals_428f867c6270,
    72,
    38,
    31,
    -8,
    true,
    bookerly_14_boldGroups,
    18,
    nullptr,
    nullptr,  // kernLeftClasses: built-in fonts use the split arrays below
    nullptr,  // kernRightClasses
    epdSharedFontKernLeftCodepoints_2ca5692b9b5f,
    epdSharedFontKernLeftClassIds_b32b5b808bad,
    epdSharedFontKernRightCodepoints_ed08579fd527,
    epdSharedFontKernRightClassIds_5dea3a3f70bd,
    nullptr,  // kernMatrix: built-in fonts use the sparse form below
    epdSharedFontKernRowOffsets_4f51a905ae32,
    epdSharedFontKernSparseCols_73b4983fa7bd,
    bookerly_14_boldKernSparseValues,
    676,
    682,
    147,
    127,
    epdSharedFontLigaturePairs_607bf6e70845,
    5,
};
