/**
 * generated by fontconvert.py
 * name: bookerly_12_bold
 * size: 12
 * mode: 2-bit  compressed: zopfli
 * hinting: auto (FT_LOAD_FORCE_AUTOHINT — grid-fits stems to whole pixels)
 * Command used: fontconvert.py bookerly_12_bold 12 ../builtinFonts/source/Bookerly/Bookerly-Bold.ttf --2bit --compress --zopfli
 */
#pragma once
#include "EpdFontData.h"
#include "shared_tables.h"

static const uint8_t bookerly_12_boldBitmaps[28953] = {
    0x95, 0x97, 0x31, 0xB0, 0xDD, 0xC6, 0x75, 0x86, 0x3F, 0x60, 0x25, 0x42, 0x23, 0x8C, 0x07, 0x69,
    0x94, 0x78, 0x86, 0x93, 0x81, 0x0A, 0x37, 0x49, 0x34, 0x46, 0xE3, 0x22, 0x05, 0xC9, 0x85, 0xA2,
    0xC2, 0x85, 0x1A, 0x15, 0x52, 0x95, 0x36, 0x95, 0x55, 0x3C, 0x97, 0x29, 0x44, 0x02, 0xB1, 0x4A,
    0x15, 0x66, 0x9F, 0x46, 0x85, 0x0A, 0xCF, 0x53, 0xA1, 0x14, 0xC9, 0x8C, 0x0A, 0x92, 0xBB, 0x92,
    0x0A, 0x97, 0x81, 0xDD, 0xBA, 0x10, 0x32, 0x61, 0x13, 0xA5, 0xE0, 0x66, 0x04, 0x47, 0x20, 0xB9,
    0xC0, 0xEF, 0x5D, 0xBC, 0x47, 0x3D, 0x51, 0xA2, 0x4C, 0xEA, 0xEE, 0xF9, 0x3E, 0xEE, 0xDD, 0x7B,
    0xB0, 0xF7, 0x2C, 0x00, 0x2C, 0xEF, 0xBB, 0xC6, 0xCE, 0x96, 0x5A, 0x7C, 0xAC, 0xDD, 0x4A, 0xED,
    0x1D, 0xFE, 0x02, 0xB8, 0x8E, 0x50, 0xF2, 0x4B, 0xCF, 0xF7, 0x77, 0xBA, 0x7E, 0xB7, 0xFD, 0x96,
    0x83, 0x14, 0xF1, 0x88, 0x8F, 0xFF, 0x06, 0x80, 0xCE, 0xCC, 0xD8, 0x6A, 0xE2, 0x5A, 0xED, 0xB9,
    0xDE, 0xF8, 0x56, 0xDA, 0x3A, 0x29, 0xB2, 0x76, 0x7D, 0xB1, 0x58, 0xCA, 0x70, 0x8D, 0xB7, 0x1F,
    0xE8, 0x7D, 0x27, 0x05, 0x25, 0xAA, 0x29, 0x52, 0xFB, 0x95, 0xE6, 0x93, 0x85, 0xE6, 0x57, 0x01,
    0x80, 0x1A, 0x9A, 0x23, 0xDA, 0xB1, 0xD4, 0xDA, 0x68, 0xEF, 0x7E, 0x3D, 0xD8, 0xA6, 0xB3, 0xCD,
    0x5F, 0xDB, 0x5F, 0xD3, 0x89, 0x46, 0xA3, 0xD1, 0xC2, 0xB0, 0xF1, 0x53, 0xBD, 0xF2, 0xCA, 0xF0,
    0xCE, 0x2B, 0xF6, 0xFA, 0x2B, 0x37, 0x86, 0xEB, 0x9B, 0xD5, 0x5A, 0x69, 0xE2, 0x0A, 0x8F, 0x05,
    0x00, 0xC5, 0x1B, 0x54, 0x3D, 0xED, 0x4E, 0xE3, 0xB1, 0xAE, 0x6F, 0x7B, 0x6E, 0x37, 0xA3, 0x85,
    0xD8, 0xF8, 0x77, 0x0E, 0xAF, 0xD9, 0x9F, 0x86, 0xEC, 0x77, 0x67, 0xB8, 0xDD, 0xBD, 0xFE, 0xC9,
    0x8E, 0xDD, 0x9B, 0xD7, 0xE5, 0xEB, 0xB5, 0x6B, 0xDF, 0x9B, 0xE1, 0x7A, 0x67, 0xF2, 0xE7, 0x36,
    0xB9, 0x08, 0xD9, 0x66, 0xCE, 0xAE, 0xBD, 0x35, 0x33, 0xCD, 0xD8, 0xBD, 0x37, 0xD1, 0xE5, 0xDA,
    0xB8, 0x46, 0xB9, 0xC1, 0x0B, 0x00, 0x3C, 0xFF, 0x06, 0x30, 0x44, 0x40, 0x82, 0x72, 0x1D, 0xC0,
    0x04, 0x9B, 0x75, 0x35, 0x6B, 0x49, 0x5A, 0x46, 0xA8, 0x63, 0xAA, 0xBC, 0xDB, 0x6A, 0x4D, 0x83,
    0xBB, 0xB4, 0x8F, 0xB7, 0xAD, 0x8F, 0xC4, 0x26, 0x24, 0x99, 0x2D, 0xB2, 0xA1, 0x15, 0xD7, 0xDB,
    0x0D, 0xBB, 0x4B, 0x6B, 0xAB, 0xA4, 0xC2, 0xDD, 0x6D, 0xC3, 0x4B, 0xB7, 0xB7, 0x2D, 0xA6, 0xD7,
    0x07, 0xF0, 0x13, 0x62, 0x19, 0xAB, 0xD0, 0x4C, 0xED, 0xD8, 0x61, 0xB9, 0xC1, 0xED, 0xC7, 0xAE,
    0xE3, 0xED, 0x34, 0x62, 0xE9, 0xFA, 0xC6, 0xD7, 0xB3, 0x59, 0x8A, 0x8D, 0x77, 0xE0, 0xC7, 0x5C,
    0xC3, 0x8E, 0xCD, 0x54, 0x85, 0x34, 0x72, 0x91, 0xF4, 0xA8, 0x5D, 0x3B, 0x9B, 0xA4, 0x58, 0x4D,
    0xA8, 0xE7, 0xD6, 0xDB, 0xFE, 0x2A, 0xCF, 0xC1, 0x55, 0x7E, 0x94, 0x8E, 0xBA, 0x42, 0xF7, 0xE0,
    0x66, 0x99, 0x4A, 0x7E, 0x30, 0xA5, 0xFE, 0x8F, 0xAE, 0x1E, 0x67, 0x3A, 0x3E, 0x16, 0x52, 0x4C,
    0x71, 0xBA, 0xFF, 0xE6, 0x9B, 0x83, 0x45, 0xDF, 0xCC, 0x75, 0xA8, 0x42, 0x3D, 0x35, 0xBE, 0xED,
    0xAF, 0xF1, 0xF7, 0xFC, 0xE2, 0x54, 0xD2, 0xFE, 0xE8, 0xE6, 0x02, 0x9B, 0x70, 0x89, 0x0D, 0x8A,
    0x08, 0x66, 0x4D, 0x04, 0xA8, 0x67, 0x68, 0x26, 0x68, 0x3D, 0xD8, 0x1E, 0x06, 0xE0, 0x4E, 0x22,
    0x42, 0x99, 0x30, 0x0B, 0x54, 0x01, 0x9A, 0x39, 0xE1, 0xA1, 0x1B, 0xCF, 0xD2, 0x18, 0xEE, 0x62,
    0xB4, 0xD3, 0x48, 0x63, 0x37, 0x0D, 0xDE, 0xFA, 0xE4, 0xBE, 0x9D, 0x5D, 0xDF, 0x04, 0xF1, 0x1D,
    0xD2, 0x78, 0x3B, 0x0F, 0x63, 0xE7, 0xED, 0x94, 0x2C, 0x51, 0x2B, 0x52, 0xB8, 0x09, 0x80, 0x9F,
    0x72, 0x49, 0xB8, 0x23, 0xFE, 0x52, 0xF0, 0x67, 0xE3, 0x92, 0xEE, 0x0E, 0x8A, 0x29, 0x72, 0x01,
    0x95, 0x76, 0x5A, 0xA9, 0xB7, 0xDE, 0x79, 0x9B, 0x6C, 0xB1, 0xFE, 0x45, 0x06, 0x0F, 0xAE, 0xA7,
    0x10, 0x54, 0x11, 0x9A, 0x05, 0xEC, 0x04, 0xEA, 0x31, 0xF9, 0x6D, 0x00, 0xFB, 0xE0, 0xF4, 0x7D,
    0x2B, 0x85, 0x56, 0x9A, 0x0A, 0x37, 0xD3, 0xE6, 0xE9, 0xB4, 0x73, 0xA3, 0x10, 0x57, 0x10, 0x14,
    0x3B, 0x47, 0xF2, 0xC9, 0x4C, 0xA5, 0x05, 0xA3, 0x8D, 0xA2, 0x14, 0x70, 0x4E, 0xB9, 0x43, 0x1B,
    0x79, 0x5B, 0x0B, 0x83, 0x26, 0xBA, 0xFB, 0x00, 0x45, 0x0A, 0x81, 0x49, 0xD4, 0x89, 0x36, 0x61,
    0x13, 0xBB, 0x28, 0xA3, 0x30, 0x41, 0x34, 0x93, 0xE8, 0x46, 0x31, 0x20, 0x24, 0xAD, 0x2E, 0xF1,
    0xB7, 0xA7, 0xFA, 0x00, 0xC4, 0x37, 0x69, 0x74, 0xCE, 0x83, 0x53, 0x9A, 0x89, 0x33, 0xEE, 0x42,
    0xAB, 0x29, 0xB1, 0xF2, 0xA2, 0xDB, 0xC0, 0x08, 0xF8, 0x6E, 0x4D, 0x1F, 0x6A, 0xC1, 0xC9, 0x1F,
    0x35, 0x1D, 0x63, 0x9D, 0xC6, 0x42, 0x1A, 0x2B, 0xF5, 0x34, 0x2B, 0x74, 0x33, 0xD8, 0x2F, 0x6E,
    0x32, 0x28, 0xE2, 0x24, 0x54, 0x68, 0x14, 0xCE, 0x0B, 0xEB, 0x8F, 0x33, 0x39, 0x5A, 0x9F, 0xDC,
    0x5F, 0x5C, 0xA4, 0x9B, 0x39, 0x2F, 0xD3, 0xEB, 0x54, 0x44, 0x76, 0xD6, 0x32, 0xF2, 0x13, 0xB3,
    0x40, 0x13, 0xA0, 0x9D, 0xC0, 0x8E, 0x30, 0xF4, 0x20, 0x28, 0x72, 0x69, 0xF1, 0x8C, 0x6A, 0x4D,
    0x9C, 0xDF, 0x40, 0x65, 0x46, 0x37, 0x8F, 0xFA, 0x07, 0xED, 0xB8, 0x57, 0xC5, 0x59, 0xDB, 0x19,
    0x7E, 0x15, 0xE9, 0x1E, 0x06, 0x8C, 0x26, 0x2A, 0xA5, 0xFE, 0xA7, 0x62, 0xE8, 0xDD, 0x98, 0x6B,
    0x3A, 0x18, 0xDD, 0x38, 0x3C, 0x14, 0x9D, 0xE2, 0x31, 0x07, 0x27, 0xE7, 0x37, 0xDF, 0xAE, 0xB1,
    0x9D, 0x73, 0xBD, 0x5D, 0x72, 0x1B, 0xAC, 0x6F, 0x82, 0x9D, 0x9B, 0xD0, 0x2D, 0x4D, 0x68, 0xA4,
    0xD9, 0x48, 0x13, 0xBF, 0x70, 0x1E, 0xDC, 0x48, 0x29, 0x68, 0x23, 0x9D, 0x96, 0xC4, 0x48, 0xBD,
    0x5E, 0xEC, 0xBC, 0x17, 0xAF, 0x8B, 0xB1, 0x6A, 0x4A, 0x73, 0x84, 0x6A, 0xE2, 0xE2, 0xD5, 0xD7,
    0x73, 0x15, 0x4C, 0xA8, 0xE6, 0xDA, 0x37, 0x63, 0xC7, 0x15, 0xE0, 0x65, 0xCA, 0x85, 0x6E, 0x29,
    0x53, 0x1D, 0x0B, 0xEA, 0x73, 0x74, 0x0B, 0xA5, 0x7A, 0xEC, 0x72, 0x2C, 0xFF, 0x97, 0xF0, 0xE8,
    0x81, 0x3D, 0xFD, 0x0D, 0x90, 0x7C, 0xF6, 0xF6, 0x65, 0xB8, 0x01, 0x6E, 0xA2, 0xDD, 0x28, 0xE4,
    0x69, 0x57, 0x4C, 0x3C, 0xA6, 0xEA, 0xBB, 0x05, 0xD7, 0xF3, 0x33, 0x00, 0x9E, 0xEF, 0xB1, 0x2B,
    0x83, 0xB8, 0xE6, 0x3C, 0xF5, 0x84, 0x09, 0x39, 0x2E, 0x87, 0x4B, 0x9A, 0x1B, 0x8D, 0xCD, 0x7D,
    0x9A, 0x91, 0x7A, 0xA4, 0x00, 0x20, 0x55, 0xDB, 0x84, 0x1C, 0x47, 0xD9, 0x27, 0x3B, 0x50, 0x4B,
    0x01, 0x86, 0xDD, 0x6D, 0x94, 0x7B, 0x5F, 0x88, 0x6A, 0x81, 0xCE, 0x37, 0x1E, 0x9A, 0xA9, 0xEB,
    0xBB, 0xB9, 0x9A, 0x6D, 0xA1, 0xD5, 0x84, 0x1B, 0x66, 0x8E, 0x26, 0xDC, 0x2E, 0xC6, 0xE4, 0xC8,
    0xE5, 0xC3, 0xCA, 0x2E, 0x97, 0x58, 0x4F, 0xB9, 0xD3, 0xF8, 0xCD, 0x48, 0xAE, 0xBF, 0x53, 0x6A,
    0xD8, 0x19, 0xB8, 0xDD, 0xCE, 0xD8, 0x11, 0x20, 0x75, 0x80, 0x7A, 0xA3, 0xF8, 0x37, 0x4A, 0x3D,
    0x38, 0xBE, 0x51, 0xF2, 0x70, 0x49, 0xF7, 0x8F, 0x45, 0x64, 0x1D, 0xA9, 0xCE, 0x03, 0x9A, 0xA0,
    0xD0, 0x0C, 0x46, 0x21, 0xE9, 0x0F, 0x0B, 0xD4, 0xBF, 0x8D, 0xD0, 0x7C, 0x96, 0xD4, 0xFE, 0xC3,
    0x06, 0xB6, 0x50, 0xD2, 0x69, 0x92, 0x93, 0x46, 0x24, 0xF9, 0x62, 0xC5, 0x4E, 0x66, 0x21, 0x55,
    0x1C, 0xE8, 0x16, 0x2B, 0x24, 0xAB, 0x42, 0x2A, 0xDE, 0x7A, 0x03, 0x2B, 0x65, 0x7C, 0x15, 0x87,
    0xD9, 0xC4, 0x36, 0x98, 0xD8, 0x9C, 0xD3, 0x4E, 0x66, 0x77, 0xA3, 0x91, 0x32, 0xF9, 0xFD, 0x6A,
    0xE2, 0x37, 0x5B, 0xBD, 0x56, 0xBB, 0x0B, 0x56, 0x9A, 0x6C, 0xAE, 0xB5, 0x78, 0x0B, 0x06, 0xCD,
    0xA5, 0x14, 0xEA, 0xFB, 0x7F, 0x15, 0xD2, 0xD1, 0xC1, 0xFA, 0x32, 0x0C, 0x7D, 0x31, 0x3A, 0x40,
    0xDF, 0xA6, 0x3F, 0x5B, 0xD2, 0x30, 0x83, 0xBD, 0xCF, 0x9B, 0x8D, 0xB4, 0xE4, 0xEF, 0xE1, 0x24,
    0x9D, 0xEB, 0xB7, 0xDE, 0x84, 0x41, 0x9A, 0xB2, 0x36, 0xAA, 0xF8, 0x8F, 0xEA, 0x4D, 0x44, 0x3E,
    0xC9, 0x4E, 0x49, 0xDD, 0x9C, 0x94, 0x6B, 0xA5, 0x79, 0x82, 0xDA, 0x39, 0xA7, 0xE4, 0xE4, 0x61,
    0x34, 0xB1, 0x10, 0xA9, 0xCE, 0x88, 0x95, 0x66, 0x86, 0x5C, 0xA9, 0x95, 0x62, 0xA6, 0xDA, 0x3F,
    0x8C, 0x29, 0x29, 0xF3, 0x71, 0x82, 0x83, 0xFD, 0x34, 0x2F, 0xD7, 0x27, 0xC6, 0x47, 0x63, 0x89,
    0x9F, 0x25, 0x6E, 0x25, 0x8E, 0x63, 0xCE, 0x8F, 0x5F, 0x13, 0x21, 0x53, 0xED, 0x1F, 0x05, 0x13,
    0xCB, 0x44, 0x91, 0xA0, 0x4F, 0x70, 0x20, 0xF9, 0x4C, 0x9A, 0xF3, 0x7C, 0xEC, 0x82, 0x6A, 0x03,
    0xAB, 0x29, 0x93, 0x4F, 0x5D, 0x4F, 0xA7, 0x54, 0xA9, 0xB6, 0x7A, 0x7F, 0x75, 0x6B, 0x03, 0x9B,
    0xF5, 0xDC, 0x1A, 0x46, 0xFE, 0xC9, 0xF5, 0x20, 0x1E, 0xD1, 0x49, 0x58, 0xA9, 0xBF, 0x2C, 0x37,
    0xA2, 0x61, 0x42, 0x76, 0x41, 0x8D, 0xEE, 0xC9, 0x48, 0xA2, 0xD3, 0xCD, 0x41, 0x5E, 0xEA, 0x0F,
    0x53, 0x45, 0xDA, 0x85, 0xE3, 0xAC, 0x3C, 0xC9, 0xFB, 0xE9, 0x47, 0xC9, 0x92, 0x1E, 0x39, 0x8F,
    0x7F, 0xBF, 0x53, 0xC5, 0xED, 0x1F, 0xB1, 0x17, 0xF3, 0x27, 0x4F, 0xA9, 0x93, 0xC6, 0x4D, 0x7C,
    0x7A, 0xA4, 0x34, 0x9B, 0xF3, 0xA7, 0x4A, 0x5B, 0xA5, 0xC8, 0x30, 0x61, 0xFD, 0xB3, 0xC6, 0x30,
    0xE2, 0xFA, 0x42, 0xD4, 0x1B, 0x76, 0xA1, 0xCD, 0x5B, 0xF0, 0x67, 0x0A, 0x83, 0xDE, 0xD5, 0x5C,
    0x45, 0x76, 0x4C, 0x34, 0x6B, 0x52, 0x33, 0x27, 0xD9, 0x31, 0xE9, 0x0E, 0x98, 0x7D, 0x4D, 0xD2,
    0x92, 0xB5, 0x25, 0x6D, 0x4A, 0x8A, 0xCE, 0x27, 0xD9, 0x90, 0x93, 0x63, 0x52, 0xA5, 0x54, 0x58,
    0xA1, 0xC9, 0xCA, 0x0F, 0xCB, 0x20, 0x5F, 0xCF, 0x49, 0x24, 0xD2, 0x70, 0x4E, 0x7F, 0x26, 0xFE,
    0xF9, 0x5B, 0x37, 0xC7, 0x3A, 0x48, 0x4B, 0x2D, 0x6F, 0x14, 0xEA, 0xBC, 0xDE, 0x80, 0xE6, 0x5A,
    0x3D, 0x0A, 0x8D, 0xC8, 0x4E, 0x6B, 0xF9, 0x6A, 0x6D, 0x87, 0xBE, 0xF8, 0xFF, 0xD8, 0xD9, 0xB1,
    0xF8, 0x63, 0xBC, 0x66, 0xC7, 0x32, 0x6C, 0x57, 0xB2, 0xF7, 0x5B, 0xD6, 0x9B, 0x30, 0xAC, 0xD9,
    0x76, 0x39, 0x1C, 0xBA, 0xE4, 0x76, 0xCE, 0x6E, 0xA6, 0xCE, 0x57, 0xA1, 0xCE, 0x9B, 0xB6, 0x8A,
    0x5E, 0xDB, 0x20, 0x0A, 0x6D, 0x36, 0x32, 0x08, 0xAB, 0xEC, 0x4A, 0x7D, 0xB5, 0x60, 0x94, 0x92,
    0x93, 0xC3, 0xE1, 0x25, 0xFB, 0x61, 0xCC, 0xFE, 0x52, 0xD9, 0xFF, 0xA7, 0x77, 0x93, 0x83, 0xFB,
    0x2C, 0xDB, 0x7E, 0x99, 0xDD, 0x3E, 0xCC, 0xAE, 0x95, 0x6D, 0x0E, 0x17, 0xD9, 0x0B, 0x2E, 0xD0,
    0xA9, 0xB7, 0x01, 0xAB, 0xBE, 0x09, 0x8F, 0xF6, 0xA4, 0xE2, 0x4D, 0x60, 0xD0, 0x44, 0x29, 0xAD,
    0xD4, 0xF7, 0xDB, 0x8D, 0x76, 0x2A, 0x85, 0xF5, 0xA8, 0x1F, 0x7A, 0xDC, 0xE8, 0xC0, 0x7A, 0x3D,
    0x49, 0x3D, 0x76, 0x74, 0x23, 0x0E, 0x3B, 0x21, 0xBA, 0xC5, 0x44, 0x1A, 0xB9, 0x5C, 0xB4, 0x26,
    0x38, 0xB9, 0x0F, 0xA4, 0x0D, 0xC0, 0x4A, 0x63, 0x22, 0x98, 0x78, 0xB2, 0x9A, 0x58, 0xC7, 0x6F,
    0x6F, 0x3E, 0x26, 0x76, 0x21, 0x1F, 0x91, 0xC0, 0xEC, 0x37, 0x1F, 0xBF, 0x28, 0x17, 0x4F, 0xD7,
    0xE3, 0xA5, 0x2E, 0xDF, 0x57, 0xEA, 0xF0, 0x67, 0x4B, 0x1D, 0xC6, 0xC1, 0xE7, 0x7A, 0xE7, 0x62,
    0xA7, 0x5B, 0xAB, 0x48, 0x2D, 0x2D, 0x14, 0x92, 0x87, 0x36, 0xD7, 0x6B, 0x56, 0x00, 0x8D, 0x40,
    0xA7, 0x0F, 0xCE, 0xEF, 0x3B, 0x4E, 0x66, 0xAB, 0x1D, 0x06, 0x69, 0xE6, 0xF2, 0xAE, 0x85, 0xBC,
    0x8E, 0x24, 0xF3, 0xB5, 0xAA, 0x35, 0xA9, 0x0D, 0x18, 0xC9, 0x27, 0xED, 0x60, 0xF6, 0xAC, 0xE8,
    0xFA, 0x24, 0xEB, 0x93, 0x9A, 0x90, 0xF3, 0xF2, 0x03, 0x54, 0xAA, 0xB7, 0xF2, 0x6E, 0x4E, 0x6A,
    0x27, 0x5E, 0x7A, 0x23, 0x17, 0x90, 0x2B, 0xE9, 0xDB, 0x65, 0xE8, 0xAD, 0xEF, 0x12, 0x2D, 0x76,
    0x7E, 0x0E, 0xBB, 0x41, 0xAB, 0x89, 0x5A, 0xEB, 0x91, 0x43, 0xAB, 0xF1, 0xB9, 0x42, 0xFE, 0x3A,
    0xD6, 0xDF, 0x48, 0x0C, 0xFD, 0xD9, 0x8F, 0x82, 0x41, 0x91, 0xCB, 0xBA, 0x89, 0x1E, 0xBD, 0x3E,
    0x7A, 0xA0, 0xD8, 0x04, 0xBB, 0x26, 0xFE, 0xBD, 0x09, 0x57, 0x69, 0x02, 0x4F, 0xA5, 0x3D, 0x4E,
    0x44, 0x9F, 0x60, 0x90, 0x7F, 0xE4, 0x63, 0xBB, 0x78, 0xCA, 0x96, 0xF2, 0x34, 0x6F, 0xB4, 0x33,
    0x85, 0xB0, 0x13, 0xE8, 0xA1, 0x46, 0x38, 0x4E, 0x27, 0x97, 0x34, 0xE7, 0xAE, 0xD7, 0x96, 0x15,
    0x9B, 0x9C, 0x57, 0x25, 0x4D, 0x66, 0xA7, 0xF3, 0xA5, 0xB0, 0x3D, 0x62, 0x00, 0x37, 0xDE, 0x81,
    0xC1, 0x6F, 0x60, 0x3F, 0x89, 0xD0, 0xFD, 0x7E, 0x85, 0xE6, 0xCB, 0x90, 0xF4, 0xD5, 0x0C, 0x95,
    0x26, 0x30, 0xF2, 0x50, 0x6A, 0x04, 0xC4, 0xA1, 0x5C, 0xFF, 0x40, 0x9E, 0x7B, 0x74, 0xB8, 0x7C,
    0xC1, 0xD4, 0x37, 0x79, 0x9B, 0xD1, 0xD8, 0x7A, 0xB3, 0x15, 0xF2, 0xE9, 0x3B, 0xF6, 0x52, 0x93,
    0x1D, 0x0B, 0x19, 0xCD, 0x16, 0x64, 0xEE, 0x85, 0x01, 0xF4, 0xF3, 0xCF, 0xC3, 0x0D, 0x18, 0xDE,
    0xFB, 0xED, 0x72, 0x1B, 0xEC, 0x7F, 0x7E, 0xB6, 0xC6, 0xFC, 0xCF, 0x6B, 0x71, 0x85, 0xEE, 0x5E,
    0xB1, 0x2F, 0xD0, 0x08, 0x05, 0x68, 0x76, 0x34, 0x43, 0xBD, 0xE1, 0x26, 0xA8, 0x22, 0xD6, 0x83,
    0x59, 0xF3, 0x3F, 0x56, 0xFF, 0xA5, 0xC5, 0xEA, 0x77, 0x5A, 0x2A, 0x31, 0x8C, 0x85, 0xFA, 0x1D,
    0xDC, 0xA7, 0xB9, 0xFC, 0xFF, 0xCE, 0x47, 0x2A, 0x1F, 0xA0, 0x11, 0x4A, 0x01, 0x26, 0xF7, 0xEA,
    0x3C, 0xD6, 0x7E, 0x1E, 0xC0, 0xBE, 0x1E, 0x61, 0x37, 0x3B, 0x65, 0x4C, 0x07, 0xD6, 0x2B, 0x9A,
    0x06, 0xBD, 0xA6, 0xE8, 0xF4, 0xF3, 0x33, 0xCD, 0x59, 0x53, 0xBB, 0xB2, 0x53, 0x45, 0x22, 0x66,
    0x2B, 0x57, 0x90, 0x09, 0xE0, 0x5E, 0x9F, 0x72, 0xB5, 0x1E, 0x5A, 0xF5, 0x47, 0x89, 0xE4, 0x1C,
    0x30, 0x4F, 0x50, 0xB5, 0x9D, 0x3F, 0x53, 0x87, 0xAC, 0x34, 0x27, 0x82, 0x3D, 0x75, 0xF3, 0x35,
    0x06, 0x7F, 0x15, 0xF5, 0x2F, 0x94, 0xFB, 0xC5, 0x1F, 0x11, 0xDD, 0x4C, 0x1A, 0x06, 0xF5, 0x98,
    0xB3, 0xE1, 0x90, 0x86, 0x17, 0x3B, 0x97, 0xCB, 0xF0, 0xE0, 0xC3, 0x65, 0xC8, 0xC7, 0x26, 0x00,
    0x14, 0x14, 0xF6, 0xF7, 0x23, 0xCF, 0xD2, 0xF6, 0xF7, 0x73, 0xB6, 0xED, 0xA1, 0x1B, 0xA1, 0xF1,
    0x89, 0x19, 0xAA, 0x00, 0x66, 0x81, 0x32, 0x02, 0x99, 0x3B, 0x89, 0x21, 0x91, 0x13, 0xDB, 0x9C,
    0x34, 0x41, 0x3D, 0x83, 0x09, 0x89, 0x15, 0x8A, 0x08, 0x6C, 0x09, 0x97, 0xB0, 0x0C, 0x61, 0x08,
    0x6F, 0x07, 0xF3, 0x2C, 0x2D, 0xE5, 0xE5, 0xEC, 0x63, 0x66, 0x3B, 0x82, 0xF3, 0xF0, 0x70, 0xA6,
    0xF8, 0x2A, 0xEF, 0xB1, 0x0B, 0x66, 0x5E, 0xA9, 0xA7, 0x48, 0xE3, 0xAF, 0xD3, 0x8E, 0x96, 0xAE,
    0xB7, 0xBD, 0x4D, 0xBD, 0xD3, 0xD3, 0xD3, 0x51, 0x92, 0xCF, 0xBC, 0xCC, 0xC7, 0x6C, 0x0C, 0xB4,
    0xBE, 0x1C, 0x39, 0xFE, 0x64, 0x68, 0xB4, 0x60, 0xEF, 0x45, 0xAC, 0x89, 0x3C, 0x9F, 0xE0, 0xED,
    0x48, 0xA3, 0x88, 0x4D, 0xB8, 0x77, 0x23, 0x32, 0xE7, 0x48, 0xE3, 0xB0, 0xC9, 0xB7, 0xF3, 0x1D,
    0x2E, 0x45, 0xB0, 0x89, 0x2E, 0x61, 0x1E, 0xC3, 0x8D, 0x46, 0x0A, 0x89, 0xC5, 0x6C, 0x79, 0xD3,
    0xAC, 0xA2, 0xF9, 0x4E, 0xAB, 0xD2, 0x78, 0x9D, 0x72, 0xDC, 0x6C, 0xA4, 0xB1, 0x70, 0xF7, 0xC1,
    0x4D, 0x95, 0x96, 0x56, 0x31, 0x3D, 0x38, 0xAE, 0x5F, 0xC5, 0x1B, 0x82, 0xF3, 0x18, 0x71, 0x13,
    0x76, 0x8F, 0xAD, 0x62, 0xA9, 0x89, 0xC2, 0x41, 0x23, 0xA8, 0x13, 0x5C, 0x50, 0x38, 0x51, 0x4B,
    0x74, 0x0F, 0x85, 0xF5, 0xC2, 0xF5, 0xE2, 0x3B, 0xAD, 0x17, 0xEE, 0x5F, 0xC4, 0x20, 0xF5, 0x9D,
    0x5C, 0xAC, 0x57, 0xBB, 0xE6, 0xC9, 0x6B, 0x45, 0xDA, 0x87, 0x1B, 0x36, 0x7D, 0xE6, 0x10, 0xD2,
    0x39, 0xA7, 0xA7, 0x8F, 0xFD, 0x76, 0xB4, 0xFB, 0x1D, 0x5A, 0x6D, 0x94, 0xBA, 0x0B, 0xF5, 0x0E,
    0x56, 0x1E, 0xC9, 0x17, 0x5B, 0xD5, 0x97, 0xE7, 0x67, 0x20, 0xCF, 0x35, 0x24, 0xDE, 0xDE, 0x3F,
    0x78, 0xFA, 0xFF, 0xE5, 0x1B, 0x74, 0x9A, 0xB0, 0x09, 0xDC, 0xBF, 0x2E, 0xB5, 0xF2, 0x39, 0xD8,
    0x17, 0x3B, 0xE5, 0x5D, 0xD3, 0x1E, 0x74, 0xB3, 0xA3, 0xD1, 0x46, 0xA5, 0x95, 0xE6, 0x8B, 0x11,
    0x0B, 0xD8, 0x2F, 0x4E, 0x69, 0xA5, 0xA9, 0x93, 0xC2, 0x40, 0x13, 0x94, 0xE9, 0xED, 0xEC, 0x1E,
    0xCA, 0x5B, 0xED, 0x54, 0x7A, 0xFF, 0xB8, 0x42, 0xD8, 0xAC, 0xEE, 0x89, 0x0F, 0xD5, 0x30, 0x61,
    0xA4, 0x90, 0x74, 0x6F, 0xC5, 0x6C, 0x55, 0x4C, 0x63, 0xE6, 0x99, 0xD4, 0xAA, 0x91, 0xB7, 0x59,
    0xC5, 0xC2, 0x31, 0x48, 0xEA, 0x9C, 0xBD, 0x2E, 0x47, 0x6C, 0xCC, 0x36, 0xDF, 0x1F, 0xAD, 0xC6,
    0x4E, 0x23, 0xD7, 0x41, 0x39, 0x72, 0x07, 0x80, 0x4B, 0xA2, 0x51, 0x36, 0x4F, 0x8D, 0x9D, 0x62,
    0x3B, 0xA6, 0x5A, 0x71, 0x33, 0xB6, 0xE7, 0xC5, 0xAF, 0x57, 0x7B, 0xF9, 0x89, 0xAB, 0xB5, 0x39,
    0xBD, 0xCB, 0x6A, 0xE6, 0xDC, 0x1B, 0x93, 0x1C, 0x98, 0x2D, 0x26, 0x29, 0x5E, 0xFC, 0x5C, 0x1B,
    0x93, 0xEC, 0x94, 0xD4, 0x86, 0xA4, 0x3A, 0x57, 0xFB, 0x9A, 0x48, 0xF5, 0x1E, 0xF7, 0xBC, 0x8D,
    0x74, 0x11, 0xF3, 0x43, 0xA2, 0x93, 0xB7, 0xF2, 0x97, 0x7F, 0xAF, 0x57, 0x85, 0xEE, 0xE9, 0x73,
    0xF9, 0x13, 0x39, 0xB9, 0xB9, 0x59, 0xDA, 0xA5, 0x0D, 0xCD, 0x0F, 0x6C, 0x43, 0xB4, 0x69, 0x2D,
    0x2E, 0x0E, 0x71, 0xD8, 0x2E, 0xFF, 0x4E, 0xBD, 0xEE, 0x1D, 0xF3, 0xE5, 0xD9, 0x9E, 0xE5, 0x58,
    0xB9, 0x04, 0x6E, 0xA6, 0xD6, 0xF6, 0xE8, 0x49, 0x19, 0x5D, 0x3F, 0x78, 0x61, 0x1F, 0xA7, 0x1F,
    0x46, 0x97, 0x7B, 0x0F, 0x77, 0x5A, 0xAD, 0x94, 0x1A, 0xB9, 0xB4, 0xB8, 0xD1, 0x4A, 0xE1, 0xF2,
    0x53, 0x9F, 0xED, 0xE6, 0xEB, 0x67, 0xDB, 0xE8, 0xFE, 0x13, 0xEE, 0x78, 0x8F, 0x4D, 0x14, 0xEE,
    0x7F, 0x7E, 0xC8, 0x13, 0x4B, 0x97, 0xA8, 0x57, 0x01, 0xDF, 0xA2, 0x56, 0xA0, 0x49, 0x75, 0x7D,
    0xB2, 0xEA, 0x0F, 0x51, 0x8A, 0x8D, 0xD6, 0x66, 0xA5, 0x09, 0x4F, 0x88, 0x41, 0xBD, 0xD4, 0x17,
    0x1A, 0x53, 0x7E, 0x77, 0x2F, 0xD8, 0x32, 0xD8, 0x7E, 0xEE, 0xEE, 0xD2, 0x68, 0x2C, 0x15, 0xE8,
    0xD6, 0xC5, 0xC4, 0xB4, 0x88, 0xF4, 0x4C, 0x48, 0x73, 0xB7, 0xF7, 0xFC, 0x18, 0x22, 0xE5, 0x11,
    0x97, 0x15, 0xAD, 0xE2, 0xDF, 0xED, 0x1F, 0x7C, 0xEF, 0xD5, 0xD6, 0xAD, 0x42, 0x91, 0x61, 0xEE,
    0x42, 0x17, 0x50, 0x50, 0xE0, 0x24, 0x9C, 0xE4, 0xEF, 0x6D, 0x9E, 0xAA, 0xB5, 0x0D, 0xD4, 0xD2,
    0x82, 0xD1, 0x43, 0xF5, 0xB8, 0x77, 0x85, 0x53, 0xA3, 0x61, 0x6F, 0xF6, 0x76, 0x31, 0x6B, 0x3A,
    0xDB, 0xA1, 0x8A, 0xD5, 0x6C, 0x62, 0x33, 0x15, 0x5B, 0xE3, 0xD9, 0xBB, 0x94, 0x64, 0x61, 0xB8,
    0x01, 0x36, 0x42, 0x9B, 0x68, 0x16, 0xA8, 0x03, 0x6E, 0xAB, 0xBD, 0x82, 0x4B, 0x99, 0x6E, 0x6E,
    0x53, 0xEB, 0xC6, 0x26, 0xA4, 0x8A, 0xFA, 0x3A, 0xD8, 0x60, 0xA9, 0x16, 0xBB, 0xDC, 0xC0, 0xAC,
    0x37, 0x96, 0x5B, 0x94, 0xF1, 0x3F, 0xD6, 0x48, 0x11, 0x43, 0x5C, 0x61, 0x0F, 0x7B, 0x00, 0x37,
    0xBB, 0xE4, 0x61, 0x1A, 0x26, 0xB0, 0xDE, 0x7A, 0xE8, 0x7C, 0xE7, 0xB1, 0x7B, 0x17, 0x6D, 0x6C,
    0x53, 0x1D, 0x8D, 0x2F, 0x37, 0xDB, 0xA3, 0xDB, 0x60, 0x57, 0x68, 0x43, 0x62, 0x39, 0xAB, 0x61,
    0x13, 0x66, 0x19, 0x7C, 0x1D, 0xBA, 0xD9, 0x2E, 0xC3, 0xE6, 0x56, 0xB7, 0x49, 0x8D, 0xDC, 0x96,
    0xD6, 0x10, 0xCC, 0xDA, 0x2C, 0x69, 0x0D, 0x6B, 0x9D, 0xD7, 0xE0, 0xCB, 0xC4, 0xB1, 0x06, 0x5D,
    0xAC, 0x81, 0x6E, 0xBD, 0xF8, 0x95, 0x57, 0x4F, 0xD0, 0x7A, 0x18, 0xE0, 0xA3, 0x0D, 0xB4, 0xC0,
    0x30, 0x42, 0xA7, 0x0D, 0x2B, 0x61, 0xFF, 0x77, 0xE3, 0x6A, 0xB5, 0x72, 0x25, 0xE7, 0xDA, 0x09,
    0xDC, 0x48, 0x21, 0x30, 0xC7, 0x69, 0x68, 0xE8, 0xE6, 0x96, 0xE1, 0x0B, 0xC7, 0xA0, 0x1D, 0xAB,
    0x0D, 0x5C, 0x6F, 0xD4, 0xD7, 0x7B, 0xDF, 0x4C, 0x34, 0x3E, 0x47, 0x3D, 0x51, 0xCD, 0x98, 0x90,
    0xA3, 0x0A, 0x74, 0x13, 0x6E, 0x4C, 0x4E, 0xFD, 0x47, 0x83, 0x13, 0xF5, 0x91, 0x99, 0x23, 0xF5,
    0xF7, 0x3C, 0x03, 0x8E, 0xF8, 0xE4, 0x97, 0x1D, 0x87, 0x70, 0xB2, 0x16, 0x91, 0xD4, 0x8A, 0xB5,
    0x4C, 0x6B, 0x4D, 0x6D, 0x29, 0x36, 0x5C, 0xB1, 0x99, 0xE3, 0x5D, 0xB9, 0x14, 0xEB, 0xF1, 0x69,
    0x3C, 0x59, 0x87, 0x30, 0x8C, 0x2F, 0x8E, 0x2F, 0xD8, 0xB5, 0x95, 0xDC, 0x3A, 0x6C, 0xBF, 0xAC,
    0x16, 0xE0, 0x4F, 0xBD, 0x96, 0x01, 0xA4, 0x25, 0xD7, 0x19, 0xC7, 0x7F, 0x33, 0x67, 0x77, 0x87,
    0x1D, 0xDD, 0x09, 0x16, 0x9A, 0xA4, 0x99, 0x22, 0x48, 0x68, 0x73, 0x17, 0x8B, 0xC5, 0xDB, 0x77,
    0x26, 0x09, 0x8A, 0xA0, 0x45, 0x02, 0x2D, 0x40, 0x51, 0xAB, 0x6C, 0x50, 0x04, 0xB9, 0x3B, 0xD3,
    0x04, 0x45, 0xB1, 0x0F, 0x00, 0xE8, 0x02, 0xE2, 0x06, 0x09, 0x82, 0x6D, 0xBD, 0xDD, 0x39, 0x15,
    0x14, 0xD0, 0x01, 0x8A, 0xA0, 0xA3, 0x5D, 0x94, 0x60, 0x4F, 0x64, 0xE8, 0xAC, 0x9C, 0x7B, 0xFF,
    0x3D, 0x67, 0xEE, 0x7B, 0xBB, 0x76, 0xB7, 0xD5, 0x90, 0x36, 0xFF, 0xFD, 0xFE, 0xBF, 0xEF, 0xCC,
    0x3D, 0xDF, 0x7C, 0xE7, 0xDB, 0x73, 0x9F, 0xE7, 0xAD, 0xA5, 0x35, 0x67, 0xAE, 0x1E, 0x1E, 0xDA,
    0xBD, 0xDA, 0xB6, 0xBF, 0x43, 0x52, 0xF5, 0x84, 0xEB, 0x23, 0x72, 0x6D, 0xA9, 0xA4, 0x66, 0x75,
    0xD3, 0x36, 0x87, 0x55, 0xCD, 0x9D, 0xEA, 0x0C, 0xA1, 0xE2, 0xA1, 0xB7, 0xD1, 0xBB, 0xE8, 0xFE,
    0x66, 0xDE, 0x58, 0xF5, 0x4D, 0x2D, 0x71, 0x4E, 0x33, 0x1C, 0xF0, 0xB4, 0x5F, 0x04, 0xF2, 0x1D,
    0xD4, 0x1A, 0xB0, 0xF7, 0x3D, 0x7D, 0xE1, 0xD9, 0x9A, 0x31, 0x0B, 0x59, 0x93, 0x05, 0xC8, 0xA3,
    0x5B, 0x6D, 0xA3, 0x03, 0x66, 0x06, 0x33, 0x45, 0x7B, 0x28, 0xA2, 0xCB, 0x81, 0x9F, 0x48, 0xF2,
    0xC9, 0x87, 0x3F, 0xD5, 0xC0, 0xD2, 0x2E, 0xEB, 0xD6, 0xAB, 0xBF, 0x0C, 0x56, 0x72, 0xA5, 0x76,
    0xB1, 0xA6, 0xA5, 0x72, 0xF6, 0xA1, 0xCB, 0xF1, 0x2E, 0xB5, 0xD4, 0xB4, 0xD2, 0x70, 0xF0, 0xEC,
    0xEB, 0xEE, 0x19, 0x88, 0x6B, 0xA3, 0x2E, 0xA1, 0xA9, 0x66, 0x02, 0x45, 0xC8, 0x26, 0x4C, 0x30,
    0x9E, 0x6C, 0x67, 0x06, 0x50, 0xE9, 0xC0, 0xDE, 0xEC, 0x28, 0xF4, 0xD7, 0x80, 0x91, 0x26, 0x28,
    0xB6, 0xEC, 0x57, 0xB9, 0xE4, 0xC1, 0x04, 0x4E, 0x90, 0x36, 0x68, 0xE5, 0xA0, 0x8F, 0x08, 0xA7,
    0x22, 0xE9, 0xD1, 0x53, 0xDF, 0x15, 0xF2, 0xF5, 0x7D, 0x7F, 0x68, 0xFC, 0x9D, 0x6C, 0x14, 0x68,
    0xE0, 0x9F, 0x33, 0x5F, 0xA8, 0xB9, 0xBD, 0x1A, 0x0E, 0xCD, 0x54, 0x0F, 0x73, 0x31, 0x1F, 0xA0,
    0x03, 0xEA, 0xE3, 0x8B, 0x26, 0x1C, 0xE7, 0xD3, 0xD6, 0x78, 0xDD, 0x1F, 0x5A, 0x35, 0xE5, 0xCC,
    0xBA, 0x6E, 0x64, 0x5D, 0x8C, 0xB8, 0xE0, 0xB9, 0x5D, 0x03, 0x0F, 0xCE, 0x79, 0x0A, 0xC7, 0x01,
    0x15, 0x31, 0x7E, 0x90, 0xFD, 0xC1, 0x74, 0x57, 0x2A, 0xBD, 0xE6, 0x3E, 0xB1, 0x65, 0x36, 0xFA,
    0xF5, 0x39, 0xBC, 0x3F, 0x26, 0x22, 0x3C, 0xC4, 0xDD, 0x88, 0x8F, 0xDB, 0xCF, 0x5F, 0x1D, 0xDF,
    0xB1, 0xCA, 0x87, 0x83, 0x72, 0x6B, 0xDC, 0x05, 0x28, 0x29, 0x3A, 0x7E, 0x48, 0x36, 0x65, 0x13,
    0xD4, 0x6A, 0x58, 0x54, 0x8F, 0xF4, 0x33, 0x3F, 0x3F, 0xE6, 0x7C, 0xA0, 0x0D, 0xCC, 0xC7, 0x4C,
    0x77, 0xE8, 0xD5, 0xBC, 0xF2, 0x02, 0x40, 0x2F, 0xB4, 0x83, 0x4F, 0x8A, 0xCE, 0x4C, 0xAB, 0xAE,
    0x1A, 0x7A, 0xDA, 0xF7, 0x02, 0x2A, 0xA6, 0xC5, 0xED, 0xFB, 0x81, 0x7A, 0xE8, 0x49, 0x7B, 0xA9,
    0xE6, 0xDA, 0x66, 0xD3, 0x4B, 0x31, 0xC0, 0x9E, 0xC6, 0xCB, 0xD7, 0x36, 0x92, 0x76, 0x5C, 0x1F,
    0xC9, 0x87, 0x17, 0x38, 0x8F, 0xE9, 0x9E, 0xEF, 0x9D, 0xBB, 0x7C, 0xE0, 0x6F, 0x5D, 0x3A, 0xF0,
    0x6F, 0x5F, 0x3A, 0x1C, 0x2E, 0x5D, 0xB2, 0xDD, 0xA5, 0x4B, 0x57, 0x87, 0xB7, 0x2F, 0xAF, 0x6F,
    0xDF, 0x7A, 0x7E, 0xF3, 0x92, 0x4B, 0x35, 0xA9, 0x36, 0xBD, 0x73, 0x6D, 0x83, 0xD4, 0x48, 0x94,
    0x33, 0x56, 0xF4, 0x7D, 0x17, 0x2A, 0xB7, 0x8F, 0xB8, 0xB6, 0xCB, 0xE7, 0x84, 0xC7, 0x42, 0x0A,
    0x31, 0x36, 0xBB, 0x0F, 0x1E, 0xFB, 0x1C, 0x36, 0x9B, 0x0F, 0xF6, 0x5B, 0xF9, 0x96, 0x5A, 0x9D,
    0xFD, 0x9D, 0xB3, 0x95, 0x3B, 0x5B, 0x77, 0x58, 0xD8, 0x62, 0x26, 0xEA, 0x01, 0x2B, 0xBF, 0xD2,
    0x58, 0xEE, 0xB0, 0x72, 0xEB, 0xDA, 0x7D, 0xBF, 0xEA, 0xB2, 0xBB, 0x94, 0x22, 0xAB, 0x1D, 0x95,
    0xCB, 0xFA, 0xAE, 0x15, 0xF6, 0x1E, 0x39, 0xA5, 0xAB, 0x9D, 0x6D, 0x6E, 0x70, 0x85, 0xBD, 0xDA,
    0xA6, 0x6D, 0xC4, 0xD7, 0xF8, 0xF7, 0x9E, 0x1A, 0xE9, 0xFE, 0x3F, 0xA4, 0x9B, 0x61, 0xB7, 0x2D,
    0xC6, 0x1D, 0x90, 0xAC, 0x47, 0x66, 0x0B, 0x70, 0x5D, 0xDE, 0x48, 0xBE, 0xD2, 0x47, 0x8D, 0x55,
    0x45, 0x72, 0xFB, 0x84, 0x6D, 0x74, 0x1D, 0x5D, 0xDC, 0xAF, 0xE0, 0xC7, 0xD1, 0xD5, 0x7F, 0xF2,
    0x85, 0x68, 0x20, 0xA6, 0xA4, 0x35, 0x42, 0x91, 0x75, 0xB7, 0x1A, 0x8D, 0x2F, 0x86, 0x55, 0x73,
    0x11, 0x20, 0xF7, 0xB4, 0x4B, 0x98, 0xA7, 0x62, 0x25, 0xDA, 0xD3, 0xAF, 0xE0, 0xB8, 0xEA, 0xE6,
    0xD2, 0xED, 0xE3, 0x4E, 0xDD, 0xD8, 0x1D, 0xE7, 0xEF, 0x01, 0xD4, 0x22, 0xAE, 0x0F, 0xF2, 0x01,
    0x6B, 0x66, 0xEA, 0x61, 0x47, 0x39, 0x59, 0x67, 0x42, 0x3D, 0x24, 0xC7, 0x75, 0x97, 0x3E, 0xB3,
    0x66, 0xE2, 0x4A, 0xAC, 0x49, 0x3A, 0x02, 0x6E, 0xC1, 0x0C, 0xB5, 0x4F, 0xA7, 0xD3, 0x7B, 0xCC,
    0x08, 0xCF, 0x79, 0x4A, 0x47, 0x3A, 0xB7, 0xEA, 0x58, 0x8E, 0x67, 0x49, 0x87, 0x9C, 0x49, 0xE9,
    0x98, 0x90, 0xD2, 0x64, 0x52, 0xCA, 0x7D, 0x19, 0xB0, 0x32, 0x43, 0x1D, 0x68, 0x55, 0xBA, 0x83,
    0x00, 0x54, 0xCD, 0x94, 0x92, 0xCD, 0xC7, 0x94, 0xD6, 0x46, 0x72, 0x10, 0x96, 0x94, 0x4D, 0x10,
    0x52, 0xB7, 0x25, 0x15, 0x03, 0xFC, 0x02, 0xE8, 0xD8, 0x2B, 0x6F, 0x80, 0xA3, 0x65, 0xB7, 0xF6,
    0x94, 0xC3, 0x32, 0x52, 0xE5, 0x96, 0x91, 0xEA, 0x86, 0xB4, 0x61, 0x59, 0xD2, 0x7A, 0x9F, 0xE6,
    0xD5, 0xBD, 0x98, 0x32, 0xAF, 0x6D, 0x4C, 0xE6, 0x6F, 0x3B, 0xC5, 0x54, 0x7C, 0x3A, 0x59, 0xAC,
    0xAA, 0x5F, 0xFB, 0x43, 0xAE, 0x6D, 0x56, 0x70, 0x0C, 0x1C, 0x92, 0x4F, 0xA4, 0x65, 0x35, 0x00,
    0x33, 0xB6, 0x81, 0xDC, 0x67, 0xDA, 0x34, 0x14, 0xA3, 0x91, 0x1A, 0x2A, 0x97, 0x49, 0x50, 0x75,
    0x24, 0xE5, 0x3C, 0xA1, 0xCB, 0x50, 0x6E, 0x97, 0x5E, 0x56, 0x0D, 0x33, 0xAC, 0x6B, 0x97, 0x7B,
    0x78, 0xB1, 0xEA, 0xCC, 0x08, 0xB4, 0x94, 0x6E, 0x29, 0x49, 0x0D, 0x4A, 0x35, 0x2B, 0xCE, 0x42,
    0xE5, 0xAE, 0xD2, 0xA6, 0x74, 0x8C, 0xA0, 0xED, 0x26, 0x23, 0x5A, 0xC5, 0x3B, 0xEB, 0x69, 0x83,
    0x19, 0x6A, 0xCB, 0xB3, 0x47, 0xF1, 0xCE, 0x2C, 0x50, 0x37, 0x53, 0x4A, 0x36, 0x93, 0x06, 0x58,
    0x23, 0x8D, 0x10, 0xC0, 0x42, 0x36, 0x2D, 0xC9, 0x78, 0x78, 0x19, 0x38, 0x02, 0x52, 0x05, 0x5A,
    0xE2, 0x0E, 0x49, 0x67, 0xE0, 0x95, 0x14, 0x99, 0xA8, 0x45, 0xBB, 0x43, 0x47, 0x04, 0x52, 0x6C,
    0xA1, 0x7F, 0xB5, 0xB1, 0x72, 0xB5, 0x86, 0x42, 0x03, 0x7D, 0xC3, 0xA2, 0x22, 0xA1, 0x1A, 0x13,
    0x02, 0x60, 0x04, 0xF0, 0x1C, 0xA7, 0x3A, 0x9B, 0x60, 0x1B, 0xA0, 0x77, 0x80, 0x22, 0x72, 0x0D,
    0x60, 0xE4, 0xA1, 0xF8, 0x2C, 0xA2, 0xFC, 0xD3, 0x04, 0xD5, 0xFB, 0x01, 0x56, 0xAF, 0x47, 0xD8,
    0x6C, 0x07, 0xED, 0x46, 0x20, 0xED, 0xD1, 0xE5, 0x33, 0xD6, 0x19, 0x8F, 0x1D, 0x0A, 0xCF, 0x6A,
    0xB4, 0xCA, 0xB4, 0x6D, 0x95, 0x6B, 0xCB, 0x89, 0x06, 0xA0, 0xF4, 0x80, 0x4D, 0x90, 0x03, 0xEE,
    0x71, 0xAA, 0x2C, 0xC1, 0x76, 0x40, 0xEB, 0x00, 0x0D, 0x90, 0xC9, 0x43, 0x9E, 0x60, 0x3E, 0x9F,
    0xA0, 0xFC, 0x34, 0x40, 0x95, 0x50, 0xBF, 0xB6, 0x03, 0x8B, 0x22, 0x36, 0x6A, 0xE8, 0xA5, 0x0E,
    0x49, 0x2E, 0x9B, 0xB1, 0x83, 0x99, 0xE2, 0xE1, 0x85, 0xA7, 0x9E, 0xAC, 0x90, 0xD2, 0x18, 0x62,
    0xAF, 0x1B, 0x9C, 0x9C, 0x6B, 0xBE, 0x1A, 0xA1, 0xFA, 0xE3, 0x04, 0x35, 0x1F, 0x3F, 0x7E, 0x07,
    0x1D, 0xD0, 0x3F, 0x9A, 0x60, 0x3C, 0xB9, 0x03, 0xF3, 0xD9, 0x94, 0xEE, 0x60, 0x5E, 0xEE, 0x20,
    0x4D, 0xB0, 0x05, 0x9B, 0x69, 0x7F, 0x07, 0x4F, 0x4F, 0x60, 0xD3, 0x04, 0xAB, 0x69, 0x39, 0xDC,
    0x2A, 0x97, 0x38, 0xF7, 0x2A, 0xB0, 0xFA, 0xBB, 0x03, 0xAB, 0x88, 0x83, 0xBE, 0x83, 0x33, 0xDF,
    0xE5, 0x54, 0x17, 0x13, 0x76, 0x40, 0x2E, 0xC0, 0x24, 0x14, 0xEA, 0xA0, 0x94, 0x83, 0xEA, 0xA3,
    0x01, 0x56, 0xF5, 0x08, 0xB6, 0xF2, 0x70, 0xA3, 0x9C, 0xE0, 0xB8, 0x08, 0xB0, 0xFB, 0x30, 0x90,
    0x49, 0x3B, 0x8C, 0x24, 0x0A, 0x8F, 0x9A, 0x72, 0x44, 0x5D, 0x35, 0xD0, 0x0F, 0x7D, 0x28, 0x14,
    0x14, 0x4A, 0x05, 0xEA, 0x1F, 0x0D, 0x60, 0xFF, 0xEC, 0xF7, 0x48, 0x8F, 0x8F, 0xFD, 0xA7, 0xDB,
    0x04, 0x35, 0x90, 0xAB, 0x03, 0x23, 0x07, 0x85, 0x06, 0x28, 0x53, 0x71, 0x95, 0x50, 0xBF, 0x31,
    0x83, 0x4D, 0x47, 0x5A, 0x13, 0xD1, 0x7F, 0xB8, 0x03, 0x49, 0x64, 0x11, 0x8D, 0x99, 0xE8, 0x3B,
    0xE3, 0x69, 0x5D, 0xE9, 0xB1, 0xA3, 0xDD, 0x19, 0x6D, 0xDB, 0x04, 0xF8, 0x3D, 0x60, 0xD4, 0x40,
    0xF5, 0x86, 0x8B, 0x30, 0x09, 0xBF, 0x59, 0xDA, 0x03, 0xD9, 0xED, 0x47, 0x13, 0x34, 0x80, 0x3A,
    0xC8, 0xE4, 0xC0, 0x68, 0x88, 0xB8, 0x3F, 0x9E, 0x4E, 0xF0, 0xDB, 0x88, 0xBA, 0x98, 0x4F, 0x0E,
    0x5F, 0xE7, 0x11, 0x77, 0x37, 0x27, 0x13, 0xE4, 0x09, 0xE9, 0xF0, 0xAE, 0x18, 0xB1, 0xAE, 0x8A,
    0x18, 0xFA, 0x90, 0x29, 0x68, 0x6B, 0x14, 0xD2, 0xF6, 0x43, 0x62, 0xB5, 0x89, 0xBC, 0x21, 0x8E,
    0x21, 0x88, 0x77, 0xC8, 0x66, 0x01, 0xC6, 0x27, 0x16, 0xA3, 0x36, 0x1D, 0x95, 0x93, 0x06, 0x56,
    0x9D, 0xE4, 0xB0, 0x1B, 0x01, 0xBD, 0x12, 0x15, 0x79, 0x31, 0x9F, 0x11, 0x57, 0x0B, 0x8F, 0x58,
    0x57, 0x63, 0xA6, 0xCD, 0xB6, 0xDD, 0x56, 0xD2, 0xB6, 0x4F, 0x0C, 0x64, 0x6F, 0x41, 0xAB, 0x31,
    0x97, 0x7C, 0xF9, 0xA0, 0xF0, 0xF5, 0x68, 0xBC, 0x75, 0xB9, 0x6F, 0x9B, 0xAC, 0xEB, 0x01, 0x3D,
    0xE9, 0x06, 0x7A, 0x07, 0xED, 0x08, 0xF6, 0x01, 0x6F, 0x56, 0xD2, 0x64, 0x24, 0xCF, 0xF5, 0x5D,
    0x43, 0x52, 0x39, 0x46, 0xCF, 0x40, 0x80, 0x6C, 0xDA, 0x3F, 0x9F, 0x65, 0xAF, 0x5F, 0x01, 0x3B,
    0xF6, 0x0D, 0x56, 0x1E, 0xB2, 0x8F, 0x39, 0x95, 0x95, 0x42, 0x72, 0x11, 0x7F, 0x3A, 0x4C, 0x20,
    0xF9, 0x76, 0x34, 0x8B, 0x77, 0x9B, 0xCE, 0x48, 0x2E, 0xBA, 0x4B, 0xCF, 0x27, 0xBE, 0x1C, 0x7D,
    0x1C, 0xBD, 0xBC, 0x73, 0xF2, 0xFE, 0xCC, 0xA2, 0xEF, 0x00, 0x3D, 0x18, 0x41, 0x15, 0xE0, 0x42,
    0xF3, 0xFF, 0x39, 0xA7, 0xF0, 0xFB, 0xFE, 0xF6, 0x2E, 0x84, 0xBA, 0xC1, 0x97, 0xFF, 0xF3, 0x73,
    0xB2, 0xA9, 0x6E, 0x4C, 0xB0, 0x2E, 0x39, 0xAD, 0x9F, 0xEE, 0xBF, 0x49, 0xBD, 0xDF, 0x8D, 0xBE,
    0x12, 0xFD, 0xCC, 0x13, 0xFD, 0xDD, 0x13, 0xFD, 0xDF, 0x7D, 0xB2, 0x3F, 0xF0, 0x3D, 0xB0, 0x1D,
    0xD6, 0x53, 0x06, 0xF8, 0x25, 0x7B, 0xB5, 0x1A, 0x5A, 0xB9, 0x62, 0x8B, 0x09, 0xFF, 0x3D, 0x62,
    0x99, 0x4D, 0xF5, 0x03, 0x40, 0xD1, 0xB0, 0x72, 0xA4, 0xD3, 0x31, 0x47, 0xDF, 0xB4, 0x5B, 0x16,
    0x30, 0xA2, 0xBA, 0xDF, 0xD9, 0x62, 0x78, 0x37, 0x73, 0xDF, 0xA4, 0xDB, 0x63, 0x7F, 0x35, 0x2F,
    0xEA, 0xD5, 0xC5, 0x28, 0xC2, 0xD7, 0xED, 0xD3, 0x2E, 0xF5, 0xD9, 0x5B, 0x6F, 0x42, 0x2F, 0x0D,
    0x09, 0x5B, 0x8A, 0xF0, 0x33, 0xA5, 0x7D, 0xB9, 0x08, 0x3B, 0x44, 0xAC, 0xC6, 0x88, 0xDA, 0x47,
    0x54, 0x5E, 0xF2, 0x27, 0x48, 0x8F, 0x09, 0xF5, 0x98, 0x4A, 0x52, 0x71, 0xDB, 0x99, 0x90, 0x89,
    0x62, 0xD7, 0xC7, 0xB5, 0x34, 0xD2, 0xEB, 0x01, 0x90, 0x1D, 0x35, 0x40, 0x39, 0x7B, 0xA0, 0x52,
    0xE2, 0x05, 0x3B, 0x02, 0xD9, 0xB9, 0x86, 0xC7, 0x64, 0xD3, 0x6B, 0xD8, 0x5D, 0x62, 0xA1, 0xA6,
    0x98, 0x30, 0x72, 0xC6, 0x47, 0xFA, 0x85, 0x53, 0xE2, 0x57, 0x21, 0xF1, 0x4B, 0x25, 0x7E, 0xA1,
    0xF7, 0x23, 0x7D, 0xFF, 0x69, 0xA2, 0xFD, 0x32, 0xB1, 0xFE, 0x2A, 0xB1, 0x54, 0xA2, 0x59, 0x98,
    0x25, 0x4E, 0xF4, 0x9E, 0x95, 0xB0, 0x1E, 0x2B, 0x2A, 0x0F, 0x70, 0x96, 0x13, 0xBD, 0x94, 0x60,
    0x17, 0x8C, 0x40, 0x3D, 0x3F, 0xFC, 0xAD, 0x98, 0x94, 0xBD, 0xB9, 0xFF, 0x86, 0xC8, 0xA5, 0x99,
    0xF2, 0x41, 0xBD, 0xA5, 0x1E, 0x72, 0x61, 0x1D, 0x6A, 0xDA, 0x86, 0xBE, 0xEB, 0xC1, 0x3A, 0xFD,
    0x3B, 0x34, 0xD8, 0xAE, 0xEF, 0xE8, 0xB1, 0x03, 0x62, 0x35, 0xA5, 0x3B, 0x53, 0x3F, 0x61, 0xA4,
    0x01, 0xAE, 0x3F, 0xE0, 0x54, 0xE7, 0x4F, 0x47, 0xC8, 0x05, 0x94, 0xDB, 0x84, 0xA3, 0x6F, 0x69,
    0x82, 0xEC, 0x16, 0x60, 0x02, 0x50, 0x09, 0xB0, 0x75, 0x07, 0xC7, 0x85, 0x83, 0x67, 0xB2, 0x6F,
    0x67, 0x82, 0x7F, 0x01, 0xC5, 0x96, 0x45, 0xB0, 0xE6, 0x4A, 0x19, 0x86, 0x9F, 0xFC, 0x7D, 0x67,
    0x52, 0x90, 0xBA, 0x34, 0xEE, 0x90, 0x25, 0x4E, 0xB0, 0x2D, 0xD3, 0xC1, 0xDD, 0x61, 0x83, 0xAF,
    0xB1, 0xAB, 0xCB, 0x7B, 0x26, 0xC1, 0xB7, 0x67, 0xBF, 0xC5, 0xDD, 0x5D, 0xD2, 0xB8, 0x43, 0xA6,
    0xD8, 0x17, 0x41, 0x56, 0xD8, 0xE9, 0xE2, 0xA4, 0x6A, 0x32, 0x9C, 0x4E, 0x5E, 0xBA, 0x7E, 0x32,
    0xF2, 0x5F, 0xBF, 0xA3, 0x5F, 0xF7, 0xFB, 0xC6, 0x9F, 0xFE, 0xBE, 0x38, 0xF6, 0xC7, 0x35, 0x38,
    0xF9, 0xD5, 0x1E, 0xE9, 0xB8, 0x30, 0xB2, 0x37, 0x02, 0x8D, 0x7A, 0x36, 0xD2, 0x44, 0x71, 0xA6,
    0x9C, 0x29, 0xFB, 0x8D, 0x70, 0x1E, 0xD5, 0x4D, 0x4D, 0xD7, 0x76, 0xE0, 0xBC, 0xEE, 0xCC, 0x6A,
    0x5C, 0xDB, 0xB5, 0x74, 0xB8, 0x1E, 0x51, 0x8D, 0x26, 0x62, 0xD5, 0x8D, 0x18, 0xA9, 0x87, 0x1B,
    0xCE, 0x00, 0x7B, 0x65, 0x0D, 0x72, 0x7E, 0xB5, 0xB4, 0x78, 0x15, 0x07, 0x87, 0xC7, 0xF1, 0x65,
    0xF7, 0xFC, 0xA9, 0xFA, 0x4D, 0x28, 0xE4, 0x37, 0xAA, 0x33, 0x91, 0xCB, 0x97, 0x7F, 0x0A, 0xEE,
    0x05, 0xD3, 0xD3, 0x09, 0xD7, 0x01, 0xBC, 0x89, 0x07, 0x52, 0x6A, 0xFC, 0x3A, 0x9D, 0x14, 0x36,
    0xCB, 0x4B, 0xE4, 0xF3, 0x91, 0xCE, 0xDB, 0x40, 0xD7, 0xA7, 0x64, 0x14, 0x2A, 0x5F, 0xA4, 0x03,
    0x7C, 0x65, 0x93, 0xDD, 0x96, 0xEC, 0x47, 0x21, 0xD9, 0x2F, 0x7C, 0xB2, 0x03, 0xEC, 0x50, 0x45,
    0x2A, 0x5F, 0x8E, 0x38, 0x6F, 0x67, 0x84, 0xD5, 0xC1, 0xCC, 0x73, 0xA5, 0x91, 0xE7, 0x3C, 0x66,
    0xD9, 0xA9, 0x15, 0xD3, 0x02, 0xE4, 0x61, 0xEB, 0x33, 0x40, 0xA6, 0x1A, 0xE0, 0x31, 0xBB, 0xFB,
    0xD1, 0xC8, 0x4B, 0xAB, 0xE7, 0x33, 0x65, 0xC0, 0x44, 0xEC, 0x45, 0x7B, 0x22, 0x0C, 0x64, 0xC2,
    0xF5, 0xA0, 0x23, 0xB5, 0xE0, 0xB4, 0x00, 0xC7, 0x35, 0x70, 0x3E, 0xFA, 0xF3, 0xC9, 0x55, 0x5B,
    0x97, 0x07, 0xF8, 0x1B, 0xD7, 0x32, 0xB7, 0x47, 0x01, 0xD0, 0xB4, 0x00, 0xDB, 0x35, 0xE6, 0x3F,
    0x23, 0x60, 0xFD, 0xF7, 0x81, 0x8C, 0x07, 0x5E, 0xC3, 0xDC, 0xF2, 0x53, 0x23, 0x60, 0x0F, 0xE3,
    0xEA, 0xEB, 0x9A, 0x3B, 0x46, 0xA3, 0x41, 0x4A, 0xDE, 0x5F, 0xBD, 0xAB, 0x99, 0x03, 0xB8, 0x7A,
    0xBD, 0xC1, 0xF2, 0x85, 0x64, 0xFB, 0x5C, 0x10, 0x9D, 0x5E, 0xA2, 0x21, 0x99, 0xFA, 0x72, 0x62,
    0x21, 0x8F, 0xC4, 0x44, 0xDE, 0x4C, 0x20, 0x13, 0xA0, 0x7B, 0x45, 0x0F, 0xEE, 0x0F, 0x1E, 0x4A,
    0xD5, 0x60, 0xB7, 0x80, 0x08, 0x98, 0x3B, 0x1A, 0xF9, 0xBC, 0x3E, 0xC3, 0x5B, 0x73, 0xF2, 0x54,
    0x4B, 0xBD, 0xDD, 0x64, 0xB4, 0x24, 0xA9, 0x37, 0xF3, 0x0D, 0xA3, 0x89, 0x79, 0x34, 0x3B, 0xAD,
    0x98, 0x4C, 0x2C, 0x47, 0x23, 0x0D, 0x49, 0xB5, 0x59, 0x3E, 0x8E, 0x89, 0x50, 0xA9, 0xDD, 0x32,
    0x28, 0x12, 0xA4, 0xD1, 0x90, 0xA9, 0x0B, 0x69, 0xDF, 0x31, 0x1F, 0xCD, 0x68, 0x43, 0x1E, 0x6C,
    0xB0, 0xBD, 0x0D, 0x0E, 0x1B, 0xE2, 0x2A, 0x91, 0x94, 0xD6, 0x35, 0x53, 0xDA, 0x36, 0xDB, 0x60,
    0x64, 0x43, 0x2D, 0x7B, 0xE8, 0x55, 0x1E, 0x9E, 0x9E, 0xBB, 0x43, 0x4D, 0x0A, 0xDD, 0x7E, 0x56,
    0x83, 0xF1, 0x90, 0x0F, 0xB0, 0x19, 0x81, 0xEF, 0x03, 0x4F, 0x65, 0x0D, 0xC8, 0xBA, 0x7D, 0xAC,
    0x46, 0xDC, 0x41, 0xC4, 0x99, 0xC8, 0xB1, 0x24, 0xDE, 0x9D, 0xF8, 0x8A, 0xB8, 0xA4, 0xEE, 0x83,
    0x11, 0x99, 0x55, 0x52, 0xDB, 0xCC, 0xF2, 0xE5, 0xF0, 0x43, 0x38, 0x06, 0xD8, 0x16, 0xCA, 0x24,
    0x07, 0xEC, 0x01, 0xCF, 0xB9, 0x74, 0x2E, 0x8F, 0x04, 0x7E, 0x08, 0xA8, 0x65, 0xF3, 0x8F, 0x9E,
    0xFC, 0xC7, 0x81, 0xBC, 0x1E, 0x2E, 0x99, 0x6B, 0x86, 0x1E, 0xBB, 0x04, 0xAC, 0x02, 0x85, 0xED,
    0x2F, 0x99, 0x57, 0xBE, 0xA4, 0xC7, 0xFD, 0x21, 0x6C, 0x95, 0xE6, 0x2F, 0x99, 0x97, 0xCD, 0x90,
    0xAB, 0xC6, 0xBE, 0xC4, 0x63, 0x4D, 0xD2, 0x47, 0x3D, 0xB9, 0x20, 0xFB, 0x36, 0x2B, 0xB7, 0xBF,
    0xF7, 0xDC, 0x03, 0xED, 0xFF, 0x9F, 0x7B, 0x12, 0xBA, 0xF7, 0xAB, 0x2E, 0x74, 0xA4, 0x50, 0x1D,
    0x48, 0xA3, 0x7B, 0xC1, 0x92, 0xC7, 0xCA, 0x44, 0x13, 0x31, 0xF3, 0x5B, 0x62, 0xF6, 0x25, 0x29,
    0x96, 0xD2, 0x67, 0x5E, 0xDB, 0xFC, 0x31, 0x82, 0xCC, 0x0C, 0xDA, 0x08, 0x12, 0xE2, 0xBF, 0x53,
    0xA3, 0x4E, 0x63, 0x79, 0xE6, 0xB8, 0xF6, 0xE9, 0xFA, 0x3C, 0xCD, 0x2A, 0xBA, 0x1F, 0xC5, 0xAE,
    0x9E, 0xC4, 0x6B, 0x05, 0x6B, 0x6F, 0xE9, 0x7A, 0xDC, 0x92, 0x30, 0x71, 0xA3, 0x1E, 0xE0, 0x24,
    0x74, 0x2D, 0xD6, 0x53, 0xD6, 0xFC, 0x00, 0x5E, 0x0B, 0x2D, 0x6C, 0x06, 0x30, 0x01, 0xB2, 0x08,
    0xEC, 0x01, 0xD7, 0x73, 0x3E, 0x12, 0xA1, 0x50, 0xA4, 0x3C, 0x9A, 0x71, 0xEF, 0x17, 0x1D, 0x42,
    0x5A, 0xF5, 0xD9, 0xCF, 0x22, 0x40, 0x35, 0x74, 0x1E, 0xDC, 0xF2, 0x43, 0x4A, 0xCD, 0x6C, 0xF4,
    0x37, 0xD8, 0x00, 0xB9, 0x07, 0x9B, 0x54, 0xB6, 0x70, 0x02, 0x78, 0x2A, 0x97, 0xCE, 0x7D, 0x18,
    0xE0, 0x6A, 0x90, 0x27, 0x3B, 0x1D, 0x30, 0xA7, 0x46, 0xF2, 0xF6, 0xCB, 0x97, 0xCC, 0xCD, 0x13,
    0xC7, 0x1E, 0xC6, 0xAD, 0xD2, 0xFC, 0x25, 0xF3, 0x80, 0xFB, 0x41, 0x59, 0x53, 0x7A, 0x8A, 0x40,
    0x36, 0xC2, 0x33, 0x00, 0x80, 0xC7, 0x44, 0x5C, 0x24, 0xB9, 0xB9, 0xEB, 0x5E, 0xCA, 0x57, 0xF2,
    0x00, 0x8F, 0x05, 0x07, 0x0D, 0xCC, 0x5B, 0x48, 0x7F, 0x1F, 0x20, 0x89, 0xE0, 0xB6, 0x90, 0x6C,
    0xC2, 0xCC, 0x14, 0xC2, 0xBE, 0xA6, 0x3D, 0x91, 0xFB, 0xEB, 0xB2, 0x7B, 0x4F, 0x68, 0x9D, 0xDA,
    0xBD, 0xB2, 0x96, 0xF3, 0xA9, 0xA7, 0x99, 0x0B, 0x47, 0xAF, 0xEE, 0xE1, 0xD8, 0xDA, 0xA9, 0x06,
    0xE0, 0x9D, 0x37, 0x92, 0x29, 0x24, 0xB5, 0xD0, 0x79, 0xCC, 0x41, 0x9A, 0x7F, 0xC1, 0x04, 0xD9,
    0x4C, 0xB6, 0x08, 0x2B, 0x51, 0x1D, 0xA9, 0x75, 0x5E, 0xBE, 0xAB, 0x1B, 0x2F, 0xDC, 0xAE, 0xEA,
    0xA6, 0x6D, 0x7C, 0x87, 0x3B, 0x5A, 0x28, 0x35, 0xB1, 0x51, 0x0B, 0x27, 0xAE, 0x07, 0x1D, 0x80,
    0x04, 0x5F, 0x9E, 0x81, 0x35, 0xB3, 0x53, 0xAA, 0x75, 0x20, 0x7F, 0x83, 0xBA, 0xC1, 0x8E, 0x65,
    0xB0, 0xF7, 0xD0, 0x9A, 0xE8, 0xD4, 0x25, 0x9D, 0x7B, 0x0E, 0xC6, 0xF5, 0x39, 0x68, 0x80, 0xFB,
    0x73, 0x3E, 0xBA, 0x81, 0x42, 0x73, 0xCA, 0x73, 0x9B, 0x51, 0x7B, 0x57, 0x79, 0x76, 0x5E, 0xBB,
    0x79, 0x6E, 0xD6, 0xB7, 0x7C, 0xD1, 0x43, 0xE9, 0xA1, 0x02, 0x1E, 0xCB, 0xA5, 0x73, 0x8F, 0x01,
    0x6E, 0xBD, 0xF1, 0x4E, 0x07, 0xCC, 0x30, 0x62, 0xFC, 0x8D, 0x97, 0xCE, 0x9D, 0x6E, 0xC5, 0x2C,
    0x11, 0xA3, 0xC8, 0xE6, 0x25, 0xE1, 0x52, 0x79, 0x77, 0x78, 0xAE, 0x2E, 0x95, 0xC7, 0x1E, 0x08,
    0x44, 0x9A, 0xF9, 0xEC, 0x67, 0x3F, 0x2D, 0xC5, 0xD4, 0x61, 0x67, 0x3D, 0x37, 0x4C, 0xAF, 0xDD,
    0x48, 0xA1, 0x58, 0xD4, 0xDB, 0x50, 0xF5, 0xA9, 0x05, 0xE7, 0xBB, 0xE0, 0x7E, 0xFC, 0x87, 0xE0,
    0xFE, 0x60, 0x83, 0x8B, 0x69, 0x6D, 0x28, 0x87, 0x72, 0x70, 0xDE, 0x2E, 0x6A, 0x9D, 0x16, 0x9E,
    0xD8, 0xFC, 0x8D, 0xF3, 0xF1, 0xC4, 0x95, 0x08, 0x0D, 0x40, 0xE5, 0x81, 0xBC, 0x07, 0x68, 0xB9,
    0x20, 0xAA, 0x84, 0x41, 0x41, 0x81, 0x1B, 0xC2, 0x0D, 0x01, 0x1B, 0xEC, 0x3D, 0xDA, 0x54, 0x06,
    0x0A, 0x69, 0xC4, 0xE8, 0x48, 0x35, 0xDD, 0x07, 0xC5, 0x1A, 0x37, 0x02, 0x44, 0x20, 0x9B, 0x00,
    0x13, 0x80, 0xDC, 0x03, 0x1B, 0xAE, 0xC0, 0x90, 0x59, 0x0B, 0x14, 0x01, 0xB0, 0x13, 0x70, 0x62,
    0x0F, 0xB8, 0xAD, 0x02, 0xBE, 0xFE, 0x80, 0xCB, 0x3F, 0x5A, 0x36, 0x96, 0x35, 0x26, 0x3A, 0xBF,
    0xB5, 0xED, 0xE2, 0x15, 0x3A, 0x89, 0x81, 0x44, 0x07, 0x93, 0x54, 0x0C, 0x60, 0xDB, 0x9D, 0xD3,
    0x27, 0x59, 0x75, 0xB3, 0x5D, 0xCA, 0x60, 0x26, 0x3B, 0x9A, 0x90, 0x4F, 0xC5, 0x60, 0xA2, 0xF5,
    0x9B, 0x24, 0x96, 0xAA, 0x46, 0x0E, 0x9A, 0x93, 0xE0, 0x22, 0x54, 0x13, 0xD8, 0x40, 0xD2, 0xF9,
    0x67, 0xB7, 0x81, 0x2F, 0xCD, 0xA0, 0x11, 0x9A, 0x16, 0x8E, 0xC7, 0x75, 0xD7, 0x24, 0xB3, 0xA3,
    0xAE, 0x35, 0x52, 0x48, 0x1A, 0xCD, 0x5C, 0x4C, 0xDB, 0x1F, 0xCD, 0x3B, 0xB4, 0x3C, 0xAD, 0xB7,
    0xC1, 0xA8, 0x1B, 0x8C, 0x94, 0xF6, 0x3F, 0xB3, 0xCB, 0x98, 0xA1, 0x92, 0xC7, 0x25, 0x65, 0xE3,
    0x1E, 0x26, 0x6A, 0xAB, 0x34, 0xCF, 0x1A, 0x68, 0x59, 0xEB, 0x19, 0x53, 0x3D, 0x53, 0xAA, 0x27,
    0x9E, 0xAD, 0xA7, 0xF4, 0xCC, 0x55, 0xCD, 0x0F, 0x1D, 0xB8, 0xB5, 0x9E, 0x72, 0x5A, 0x6B, 0x49,
    0xCA, 0x7B, 0xB0, 0x77, 0xAC, 0xE7, 0x7F, 0xC5, 0x52, 0x31, 0x90, 0xDD, 0xD6, 0x75, 0xBD, 0xC0,
    0x23, 0x17, 0x8E, 0x90, 0x31, 0x38, 0x13, 0x79, 0xCC, 0x68, 0x39, 0x86, 0x0A, 0x15, 0x8E, 0x9D,
    0x18, 0x2E, 0x54, 0x30, 0x33, 0xBB, 0xFB, 0xA0, 0xA8, 0x50, 0xE1, 0xC2, 0x2A, 0xA4, 0x2A, 0x45,
    0x5C, 0xA8, 0x51, 0x52, 0x90, 0x85, 0x0B, 0x67, 0x66, 0xFF, 0x02, 0x36, 0x0B, 0x97, 0x62, 0x9F,
    0xC2, 0x2C, 0xD4, 0xE4, 0xB3, 0x20, 0x0B, 0x65, 0x46, 0xC5, 0x92, 0x0F, 0x14, 0x0B, 0x17, 0x2E,
    0x04, 0x25, 0x65, 0x0A, 0x61, 0x12, 0xCD, 0xC8, 0x43, 0x16, 0xFB, 0x34, 0x82, 0x12, 0xD0, 0xFB,
    0x80, 0xEB, 0x73, 0x1F, 0xF0, 0x3F, 0x77, 0xB9, 0x9F, 0xE2, 0x2E, 0xB9, 0x94, 0xF0, 0xF1, 0xCE,
    0xE0, 0x03, 0xEF, 0xDD, 0x7B, 0xCE, 0xB9, 0x87, 0xD6, 0xE6, 0xD7, 0x88, 0x12, 0x6E, 0x05, 0x2C,
    0x1D, 0xBC, 0x82, 0x1C, 0x90, 0x55, 0x80, 0x42, 0x80, 0x6B, 0x01, 0x6C, 0x09, 0x05, 0xD4, 0xE7,
    0x1D, 0x51, 0x74, 0xD7, 0xE1, 0xD8, 0xDD, 0x1E, 0xF0, 0xDA, 0x80, 0xBD, 0xC4, 0x44, 0x7A, 0xCE,
    0x39, 0x15, 0xCC, 0x25, 0x31, 0x73, 0x45, 0x8E, 0x74, 0x1D, 0xB6, 0x94, 0x36, 0x0A, 0xD0, 0x66,
    0x8C, 0xB7, 0x9A, 0x03, 0xE6, 0x18, 0x45, 0xA4, 0xE1, 0x0B, 0xD2, 0x7E, 0xD1, 0xD0, 0x5C, 0xF5,
    0x4C, 0xF4, 0x1E, 0x4E, 0x29, 0x47, 0x67, 0xB1, 0xE8, 0x5F, 0x1C, 0xDE, 0xE1, 0x3F, 0x96, 0xB9,
    0xE2, 0x88, 0xD5, 0xB4, 0xD0, 0xA1, 0xE8, 0xB9, 0x4A, 0x9B, 0xDB, 0x38, 0x48, 0xE7, 0x40, 0x21,
    0xBF, 0x09, 0xD8, 0x07, 0xB7, 0x08, 0x7D, 0x29, 0x18, 0x96, 0x75, 0xCF, 0x0A, 0x68, 0x51, 0x63,
    0xBC, 0x10, 0xF9, 0xCA, 0xCD, 0x42, 0xC8, 0x7D, 0x48, 0x8F, 0x7F, 0xDF, 0x89, 0x10, 0xB4, 0x4B,
    0x7F, 0x03, 0x35, 0x59, 0x30, 0x0A, 0xC1, 0x81, 0x85, 0x90, 0xC0, 0x0B, 0xE9, 0x48, 0x8B, 0x90,
    0x0C, 0x42, 0x02, 0x11, 0x12, 0x32, 0x4B, 0xED, 0x88, 0x7E, 0x4A, 0xC9, 0x1D, 0x4B, 0x31, 0xAA,
    0x2A, 0x1C, 0xA0, 0x77, 0x9F, 0x51, 0xD0, 0x48, 0xB9, 0x10, 0x80, 0x9B, 0x60, 0x0B, 0xCA, 0x4A,
    0x20, 0x12, 0xDE, 0xF1, 0xC7, 0xE0, 0x9D, 0xBC, 0x07, 0xDE, 0xD9, 0x1B, 0xE0, 0x2D, 0x95, 0x69,
    0x47, 0x81, 0xF7, 0xED, 0xEB, 0x10, 0x8D, 0x42, 0x50, 0xC6, 0x9C, 0x2B, 0x0B, 0xBD, 0x91, 0x25,
    0x5D, 0x25, 0x0D, 0x78, 0x17, 0x7D, 0xC8, 0xBD, 0xE9, 0x15, 0x63, 0x23, 0xA5, 0xE2, 0xC6, 0x4C,
    0xEA, 0x3B, 0xDF, 0x44, 0x86, 0x60, 0x64, 0xFC, 0x59, 0x4D, 0x20, 0x1D, 0x83, 0x74, 0x26, 0xA4,
    0x5F, 0x77, 0x94, 0x49, 0xF9, 0x89, 0x78, 0x0A, 0xD2, 0x05, 0x16, 0xBF, 0x3E, 0x91, 0xDE, 0x03,
    0xE9, 0x41, 0x48, 0xF3, 0x58, 0x2A, 0x14, 0x47, 0x65, 0xB5, 0x13, 0xEB, 0x22, 0x1F, 0xAD, 0x88,
    0xC7, 0x11, 0x04, 0x90, 0x13, 0x81, 0x64, 0x74, 0x75, 0x72, 0xE8, 0x6D, 0x6C, 0xE1, 0x06, 0x7C,
    0x6D, 0xFC, 0x20, 0xB2, 0x69, 0x13, 0x5A, 0x5D, 0x85, 0x16, 0xA7, 0x4A, 0x23, 0xBC, 0x1E, 0x5D,
    0xF9, 0x38, 0xC3, 0x02, 0x2E, 0xE8, 0x07, 0xF4, 0x56, 0xC2, 0xDC, 0x2A, 0x9C, 0xA5, 0x4B, 0x43,
    0x4E, 0x21, 0xCA, 0x56, 0x94, 0x54, 0x94, 0xE5, 0xB4, 0x45, 0x74, 0x71, 0x31, 0x7E, 0x53, 0x47,
    0xDC, 0x82, 0xB9, 0xBE, 0xE3, 0x4C, 0xDE, 0x31, 0xBD, 0xC9, 0xBE, 0x98, 0xDC, 0x25, 0x3E, 0x92,
    0x1E, 0x1C, 0xBE, 0x86, 0xC8, 0x77, 0x00, 0x1B, 0x22, 0x49, 0x82, 0x8C, 0x3F, 0x2B, 0xC9, 0xC5,
    0x15, 0x9D, 0x0B, 0x56, 0x30, 0xFD, 0xBE, 0x4D, 0x6B, 0x05, 0xA6, 0xAA, 0x29, 0xF2, 0xE0, 0xE4,
    0x4C, 0xBF, 0xE7, 0x7D, 0xE1, 0x2A, 0xFC, 0xD2, 0xAA, 0x4F, 0xDA, 0xA8, 0xBC, 0x7C, 0x62, 0xA6,
    0x51, 0x0D, 0x96, 0x76, 0x5C, 0xF2, 0xBC, 0xB8, 0x0E, 0xB1, 0x5C, 0x07, 0xCB, 0x68, 0x62, 0x19,
    0x9E, 0x9C, 0xE5, 0x6C, 0xD1, 0x7C, 0x76, 0xC4, 0xC9, 0x8F, 0x9C, 0x79, 0xED, 0x6B, 0xF9, 0x5D,
    0x8B, 0x4A, 0x6A, 0x93, 0x92, 0x7A, 0x8D, 0xC2, 0xC8, 0x45, 0x8A, 0x3C, 0x44, 0xCD, 0xEA, 0x99,
    0x7B, 0x27, 0xC3, 0x5A, 0x92, 0x72, 0x0C, 0x8E, 0xEF, 0x1C, 0xE4, 0x18, 0x91, 0x4D, 0xEE, 0x36,
    0xD1, 0xE7, 0x55, 0x88, 0x5D, 0x38, 0x7C, 0xFE, 0xE4, 0x33, 0xBF, 0x09, 0xA6, 0xE4, 0x52, 0x40,
    0xB1, 0x83, 0x83, 0x29, 0xC6, 0xEF, 0x13, 0x3C, 0x51, 0x7D, 0x4B, 0xB8, 0x62, 0x1B, 0xA0, 0xA7,
    0xC8, 0xFD, 0x23, 0xE7, 0x12, 0xFB, 0x0A, 0xA0, 0x6B, 0x40, 0xD6, 0x00, 0x52, 0x0B, 0x48, 0x56,
    0x40, 0x2A, 0x5F, 0x33, 0xD9, 0x5C, 0x94, 0xCA, 0x05, 0x4C, 0xD1, 0x60, 0x70, 0x90, 0xB9, 0x41,
    0xBD, 0x07, 0xCB, 0x99, 0x19, 0x50, 0x48, 0x18, 0x59, 0x8B, 0x05, 0x88, 0x93, 0x5C, 0x40, 0xA4,
    0x7F, 0x17, 0x1F, 0xC1, 0x39, 0x66, 0x40, 0xB6, 0x2F, 0xA9, 0xAC, 0x00, 0x26, 0xF7, 0x52, 0x56,
    0x80, 0x7C, 0x30, 0xBF, 0x66, 0xCF, 0x39, 0xA7, 0x8C, 0xD1, 0x2D, 0xEE, 0x74, 0x37, 0xEA, 0x30,
    0xA2, 0xC3, 0x2C, 0x74, 0xD0, 0x63, 0x75, 0xC0, 0xDB, 0x09, 0xBE, 0x5E, 0x47, 0x21, 0x3A, 0x8C,
    0xD7, 0xB1, 0x06, 0xEF, 0x93, 0x69, 0x60, 0x09, 0x3B, 0xBF, 0xF0, 0x1C, 0x80, 0x37, 0xC6, 0xE5,
    0xA9, 0x17, 0x60, 0x2E, 0xC4, 0x8F, 0xFC, 0xF0, 0x4E, 0x28, 0x0B, 0x63, 0x21, 0xEC, 0xF9, 0xCE,
    0xE7, 0x38, 0x2E, 0x82, 0x06, 0x3A, 0x78, 0xC1, 0x39, 0x27, 0x2B, 0x1A, 0xAE, 0x3B, 0x90, 0x91,
    0xF5, 0x21, 0x16, 0xF9, 0x35, 0xCC, 0x4B, 0xC4, 0xA2, 0xC2, 0x2A, 0x97, 0xEF, 0x1C, 0xBD, 0x8A,
    0xB5, 0x2B, 0x7B, 0xE5, 0xCC, 0x74, 0xBE, 0x43, 0x36, 0xE0, 0x69, 0x4B, 0x6B, 0xF3, 0x6B, 0x0F,
    0x8B, 0x23, 0x15, 0x31, 0x68, 0xA7, 0xFB, 0x3D, 0x69, 0xF0, 0x31, 0xC2, 0x8D, 0xA7, 0x05, 0x3E,
    0x07, 0xA3, 0xA8, 0x87, 0xDB, 0x94, 0xC2, 0xC7, 0x90, 0x3F, 0x23, 0x3A, 0x17, 0x10, 0xB5, 0x31,
    0x3E, 0xC2, 0x83, 0x42, 0xA2, 0xDE, 0x9C, 0x3A, 0x5F, 0xA9, 0x15, 0xD1, 0x4F, 0x29, 0xB9, 0x63,
    0xC1, 0xB1, 0x21, 0x85, 0x10, 0xD3, 0xBB, 0xC7, 0xE1, 0xFD, 0xEF, 0x8F, 0xE1, 0x0D, 0x8E, 0x51,
    0x8D, 0x59, 0xD9, 0x71, 0xC9, 0xF3, 0x73, 0xF0, 0x99, 0x66, 0x63, 0x24, 0xFC, 0x9A, 0xD1, 0x33,
    0x7B, 0xBD, 0x82, 0x97, 0xF4, 0xFC, 0xC5, 0x92, 0xC7, 0xC8, 0xAB, 0x02, 0xC7, 0x7C, 0x7A, 0x77,
    0xF1, 0x11, 0x5E, 0xDD, 0xE8, 0x67, 0x8A, 0xEA, 0xDB, 0xE8, 0xE2, 0xA4, 0x13, 0x42, 0x60, 0x60,
    0x42, 0x56, 0x8F, 0xBC, 0x3A, 0xDF, 0x4F, 0xFF, 0x7A, 0x18, 0x79, 0xAD, 0xE0, 0x36, 0xF2, 0x32,
    0xD8, 0x37, 0x80, 0x97, 0x34, 0x82, 0x9F, 0x31, 0x5E, 0x26, 0xB2, 0xE0, 0x65, 0x8C, 0xDC, 0x86,
    0x8E, 0x82, 0x3A, 0xA1, 0xA0, 0xD5, 0x44, 0x3D, 0xF6, 0x68, 0xB4, 0x88, 0xEB, 0xD3, 0xCF, 0x72,
    0x8E, 0x4C, 0x7C, 0x64, 0x49, 0x7D, 0x5E, 0x51, 0xE0, 0x4D, 0x43, 0xF1, 0xF3, 0xAB, 0xBC, 0x1E,
    0x8E, 0x7A, 0xFD, 0xF6, 0x5B, 0x0F, 0xBD, 0xAE, 0x83, 0xC3, 0xF9, 0xA0, 0x77, 0xA0, 0xA1, 0x07,
    0x67, 0x7C, 0x4D, 0x7F, 0x5E, 0xD3, 0x0E, 0x44, 0xBE, 0x48, 0xB9, 0xAF, 0x19, 0xBC, 0x9D, 0x53,
    0xC6, 0x2E, 0x60, 0xEE, 0xE3, 0xE1, 0xB5, 0x3E, 0xB5, 0xD4, 0xEB, 0x8A, 0x76, 0x8B, 0x92, 0xDE,
    0x31, 0xF9, 0xC3, 0x91, 0x33, 0x36, 0xB1, 0x28, 0xCD, 0xD7, 0xD9, 0x94, 0xC4, 0x45, 0x4D, 0xAC,
    0x5B, 0xE2, 0x84, 0xF7, 0x58, 0x09, 0x81, 0x8C, 0xAF, 0xD2, 0x1A, 0x36, 0x66, 0xF0, 0xAD, 0x40,
    0xCF, 0x07, 0x96, 0x42, 0xFB, 0x21, 0xA9, 0xEA, 0xD5, 0x03, 0xFC, 0xFF, 0xAD, 0x8D, 0x99, 0x5B,
    0x78, 0xDD, 0xEA, 0x7A, 0x87, 0x74, 0xA5, 0xFD, 0xCA, 0x1A, 0x43, 0x09, 0xB8, 0x46, 0x98, 0x57,
    0x72, 0xAF, 0x24, 0x2D, 0x9E, 0xDE, 0x9B, 0x83, 0x3F, 0xD7, 0xE8, 0x6A, 0x0B, 0x04, 0x9B, 0x65,
    0xE5, 0xBA, 0x31, 0xFB, 0x5C, 0x69, 0xCC, 0x2A, 0x92, 0x51, 0xCB, 0x75, 0x81, 0x4A, 0xDA, 0x8A,
    0x2A, 0x50, 0x2B, 0x51, 0x04, 0x7A, 0xDE, 0xA7, 0x53, 0xD7, 0x25, 0xE5, 0xAA, 0x0B, 0x88, 0xC6,
    0x36, 0xFC, 0x44, 0xE4, 0xC4, 0xD3, 0x97, 0xF2, 0x47, 0x35, 0x7D, 0xB0, 0x4A, 0x93, 0x5A, 0xA1,
    0x29, 0xFD, 0x3A, 0x4D, 0x41, 0xBB, 0x0C, 0x89, 0x7F, 0x5E, 0x5C, 0xA7, 0xA9, 0x27, 0xC5, 0x01,
    0x5D, 0x8D, 0x2B, 0xCD, 0x9F, 0xDF, 0x7C, 0x8E, 0x72, 0xBE, 0x35, 0x71, 0x7E, 0xE5, 0x78, 0x9C,
    0xEF, 0x1F, 0x9A, 0x01, 0xD1, 0x4C, 0x48, 0x4A, 0x77, 0xAC, 0x2D, 0xAC, 0x5D, 0x2C, 0x8B, 0x5C,
    0x97, 0xC8, 0xDD, 0xF4, 0x59, 0x5E, 0xC1, 0x3A, 0x1A, 0xA6, 0xFF, 0xC7, 0xD6, 0x95, 0x9F, 0x2C,
    0x77, 0x12, 0x75, 0x6F, 0x9D, 0xA9, 0x65, 0x3A, 0xFB, 0x32, 0xAA, 0xA8, 0x91, 0xCE, 0x71, 0x79,
    0x91, 0x0E, 0x5D, 0x05, 0x57, 0xD0, 0xE6, 0x91, 0x22, 0x47, 0x69, 0x2B, 0xC3, 0x4D, 0xEC, 0x2A,
    0x1C, 0xE6, 0x37, 0x80, 0xD0, 0xBC, 0xC4, 0xC7, 0xED, 0xF4, 0x18, 0xF5, 0x94, 0x7E, 0x05, 0xE7,
    0x96, 0xF5, 0xC7, 0x61, 0x86, 0x9D, 0x90, 0x11, 0x07, 0x92, 0x3D, 0x58, 0xA3, 0x63, 0xCC, 0x79,
    0x23, 0x2C, 0x27, 0x3A, 0x6B, 0x42, 0x52, 0x0B, 0x64, 0x02, 0xEA, 0x51, 0x80, 0xFD, 0x6A, 0x24,
    0xB0, 0xD7, 0x91, 0xEA, 0xC1, 0x58, 0x39, 0x75, 0x2C, 0x48, 0x31, 0x32, 0xB8, 0x04, 0x30, 0x20,
    0x33, 0x08, 0xC8, 0xF1, 0xD4, 0x7A, 0xB6, 0xBC, 0xBC, 0xFC, 0x5F, 0xAF, 0xD5, 0x8B, 0x1C, 0xC1,
    0xBF, 0x5B, 0x01, 0xA2, 0xB1, 0xF5, 0xE2, 0x7C, 0xD1, 0x55, 0xEC, 0x35, 0xD8, 0x8E, 0x00, 0xF6,
    0xD5, 0x41, 0xF6, 0xC3, 0xB1, 0xD9, 0xF7, 0x23, 0xFB, 0x4C, 0xE0, 0xAF, 0xCF, 0x92, 0x79, 0x0F,
    0x0D, 0xAB, 0x2F, 0xB8, 0x3C, 0xF7, 0x37, 0x93, 0x6D, 0x2C, 0x14, 0x4A, 0x0C, 0x0F, 0xBE, 0x3F,
    0xF9, 0xFE, 0x8A, 0x84, 0x2D, 0x57, 0xC9, 0x6F, 0x72, 0xBD, 0x0F, 0x4F, 0xAA, 0x1F, 0x16, 0xE3,
    0x6C, 0x68, 0xDD, 0x09, 0xFD, 0x75, 0x69, 0xFA, 0xD8, 0x3B, 0xE5, 0x32, 0xE3, 0xF2, 0x47, 0xF3,
    0xB2, 0xE0, 0x1A, 0xD2, 0x0F, 0x24, 0x49, 0xFE, 0xC2, 0x11, 0xE5, 0x9E, 0x7C, 0x63, 0x9B, 0x96,
    0xFD, 0x35, 0xBA, 0xE3, 0xD4, 0x8F, 0xE6, 0x27, 0x20, 0x80, 0xEE, 0x9A, 0xCB, 0x97, 0x83, 0xBC,
    0x8B, 0x2A, 0x36, 0x38, 0x4E, 0x71, 0xF7, 0x4C, 0x3E, 0xE0, 0xE0, 0x05, 0xAA, 0x74, 0x04, 0x83,
    0xCB, 0x64, 0xA0, 0xE0, 0xFD, 0x93, 0x59, 0x31, 0x36, 0xFD, 0xBE, 0x3B, 0xAE, 0xF0, 0xB1, 0x69,
    0x54, 0x53, 0x8A, 0x60, 0xE0, 0xFE, 0xA3, 0xA4, 0x25, 0x6E, 0x29, 0x68, 0xA7, 0x3D, 0x78, 0x38,
    0xC9, 0x38, 0x40, 0xBB, 0xA2, 0x34, 0xA7, 0x19, 0x11, 0x02, 0xD7, 0x13, 0x19, 0x4B, 0x59, 0x7D,
    0xB4, 0xDA, 0x53, 0xCF, 0xE8, 0x78, 0x43, 0xA9, 0xFC, 0x28, 0xEF, 0x72, 0x5F, 0xF0, 0xEF, 0xD9,
    0xE1, 0x70, 0x51, 0xE3, 0xBD, 0xAE, 0x9E, 0x12, 0xA4, 0xBB, 0x94, 0xD4, 0x92, 0x8F, 0xA2, 0x04,
    0x79, 0x83, 0x8C, 0x04, 0x8C, 0x87, 0x18, 0x1A, 0x49, 0x8B, 0xAC, 0xF4, 0xAA, 0xC8, 0x9B, 0xE1,
    0x00, 0xCB, 0x92, 0x67, 0x5A, 0x7A, 0xB7, 0xC6, 0xDA, 0x25, 0xBC, 0xEE, 0x62, 0x5E, 0x7C, 0xFF,
    0xBA, 0x05, 0x1F, 0x19, 0x22, 0xA4, 0xFE, 0x80, 0x3E, 0x68, 0x81, 0xB7, 0x84, 0x28, 0x91, 0x69,
    0xD0, 0x2D, 0xA7, 0xB5, 0x1C, 0xAE, 0x92, 0x69, 0x83, 0xCE, 0x45, 0xCD, 0x66, 0x90, 0x9F, 0x19,
    0xFB, 0x44, 0xDC, 0x47, 0xEC, 0x20, 0x16, 0x74, 0x8F, 0x7B, 0x43, 0x8E, 0xC9, 0x21, 0x05, 0x42,
    0x20, 0x03, 0x22, 0xE8, 0x3C, 0xDA, 0x20, 0xBE, 0xA5, 0xFA, 0xFF, 0x3A, 0xFE, 0xC8, 0xC6, 0x79,
    0x33, 0x16, 0x5F, 0x63, 0x4A, 0x58, 0x90, 0x9E, 0x78, 0x0F, 0xC2, 0x59, 0xF2, 0xD0, 0x09, 0x61,
    0xF0, 0x95, 0x59, 0xD8, 0x82, 0xAF, 0x70, 0x13, 0x41, 0x1E, 0x3E, 0xA9, 0x0E, 0x90, 0x34, 0x00,
    0x5D, 0x02, 0x6E, 0x43, 0xE1, 0xD0, 0x01, 0xD8, 0x83, 0x08, 0xEE, 0x39, 0xC7, 0x87, 0xA2, 0x02,
    0x64, 0x56, 0x36, 0xCB, 0x68, 0x15, 0xE7, 0x51, 0x1F, 0x70, 0x23, 0xE3, 0xED, 0x30, 0x8B, 0x78,
    0xE2, 0x36, 0x5A, 0x6D, 0x04, 0xB4, 0xC0, 0x96, 0xC0, 0xAE, 0x00, 0x3C, 0x7B, 0xC1, 0xC9, 0x6B,
    0x37, 0x66, 0x78, 0xB4, 0xF2, 0x10, 0x14, 0xC2, 0x55, 0x0B, 0xA4, 0x87, 0x08, 0xF5, 0x9E, 0x8B,
    0x93, 0x27, 0x3F, 0x01, 0x16, 0xD0, 0x0F, 0x09, 0x75, 0xC8, 0x7B, 0xC4, 0x48, 0x9B, 0xE4, 0xDC,
    0x5F, 0x3E, 0xDE, 0xA1, 0x54, 0xA5, 0x25, 0x8C, 0xEF, 0x6A, 0x69, 0x8E, 0x1E, 0x5A, 0x60, 0x7D,
    0x54, 0x9E, 0x49, 0xA9, 0x42, 0x8A, 0xBA, 0x65, 0xA3, 0x41, 0xFE, 0x9A, 0x7C, 0xD1, 0x28, 0x9D,
    0x94, 0xA7, 0xFC, 0x3A, 0x93, 0xE6, 0xF2, 0xF6, 0x34, 0x67, 0xA4, 0x0F, 0xA7, 0x89, 0xB1, 0x47,
    0x58, 0x5D, 0xA5, 0xE5, 0x55, 0x70, 0x8D, 0x55, 0x51, 0x34, 0x85, 0xE6, 0x18, 0x6B, 0x03, 0x6B,
    0x17, 0xCB, 0x45, 0xC3, 0x75, 0xA7, 0x99, 0x61, 0x2C, 0xB7, 0x14, 0x20, 0x70, 0x39, 0xA2, 0x11,
    0x63, 0xEC, 0x9F, 0x4D, 0xC5, 0xD7, 0x9C, 0xF8, 0x98, 0xC9, 0x24, 0x4E, 0x70, 0x67, 0x5C, 0xCA,
    0xBC, 0x40, 0xAA, 0xE0, 0xF2, 0x24, 0xC4, 0x7E, 0x25, 0xA4, 0x8E, 0x10, 0x93, 0x2B, 0x9D, 0x0C,
    0x48, 0x64, 0x95, 0x78, 0xC6, 0xBB, 0xCD, 0x67, 0xE3, 0x37, 0x8E, 0x4A, 0x86, 0x87, 0xBB, 0xA3,
    0x10, 0xCE, 0x57, 0x93, 0xEC, 0x10, 0x0F, 0xAA, 0x2E, 0xF8, 0xBF, 0xB0, 0xEE, 0x56, 0x51, 0xAF,
    0x4A, 0x24, 0xF1, 0xB8, 0x02, 0x76, 0x57, 0x08, 0x58, 0x73, 0x1B, 0xDA, 0x6D, 0x66, 0x6E, 0xA6,
    0xDC, 0xB6, 0x72, 0xBF, 0x54, 0xEE, 0xF2, 0xF1, 0x78, 0xE6, 0x88, 0xC0, 0x38, 0xE0, 0x9A, 0xD6,
    0x87, 0x47, 0xDB, 0x05, 0x2D, 0x68, 0x4D, 0x3F, 0x79, 0x5E, 0x7E, 0xBB, 0x88, 0xB5, 0x2D, 0x54,
    0x26, 0x1A, 0x0E, 0x34, 0x3A, 0x78, 0x25, 0x66, 0xD1, 0x8F, 0x1F, 0x4B, 0x3F, 0xAA, 0x91, 0x3D,
    0x3B, 0x2E, 0x79, 0x5E, 0xB1, 0x07, 0xB3, 0xCC, 0x60, 0x9D, 0xD8, 0x97, 0xB2, 0xF5, 0x2B, 0x60,
    0xCC, 0x06, 0xA1, 0x1C, 0x17, 0x52, 0xC4, 0x97, 0xB0, 0xB0, 0x11, 0x9C, 0x91, 0x25, 0x70, 0x27,
    0x7A, 0x75, 0xFC, 0xFE, 0x03, 0xAC, 0x0C, 0x4B, 0x07, 0x3C, 0xE7, 0x84, 0x79, 0x48, 0x99, 0xFB,
    0xD5, 0x33, 0x1C, 0x2A, 0xC5, 0x95, 0x1A, 0x28, 0xF2, 0x9F, 0xB0, 0xE1, 0xAF, 0x1E, 0xF5, 0xA6,
    0x1A, 0x67, 0xE8, 0xAF, 0xC0, 0x3F, 0xC5, 0x8D, 0xA0, 0xF6, 0x88, 0xE0, 0xE1, 0x5A, 0xE4, 0x78,
    0x71, 0xA1, 0x0E, 0xE8, 0x68, 0x16, 0x8C, 0x38, 0x8F, 0x5A, 0x92, 0x2E, 0x98, 0x3C, 0x5B, 0x8F,
    0xAD, 0xE0, 0xBE, 0x13, 0xFC, 0x92, 0x05, 0xBF, 0xE0, 0x2B, 0x40, 0x6B, 0xEE, 0x0A, 0xEA, 0x2F,
    0x05, 0xD3, 0x7D, 0xC1, 0x98, 0x05, 0x95, 0xC7, 0x40, 0xB0, 0x25, 0x63, 0xFD, 0xC4, 0x2C, 0xEA,
    0xE7, 0x89, 0x95, 0x76, 0x67, 0x05, 0x5E, 0xC6, 0xFA, 0x90, 0x7C, 0xCA, 0xB0, 0x09, 0xB9, 0xC2,
    0xCA, 0x97, 0x8C, 0xD6, 0x3F, 0xE1, 0x9C, 0xF7, 0xB8, 0xBA, 0xC4, 0xA6, 0x49, 0xDA, 0xD4, 0x26,
    0x4F, 0xF8, 0x15, 0x98, 0xA7, 0xC1, 0x82, 0x12, 0x86, 0x92, 0x41, 0xF0, 0xF9, 0x28, 0x21, 0xAF,
    0x84, 0x0E, 0x28, 0x99, 0x79, 0xC6, 0x66, 0x74, 0xD2, 0xE3, 0x96, 0xC7, 0x5D, 0x8F, 0xED, 0x33,
    0xA8, 0xF1, 0x05, 0x22, 0x38, 0x13, 0xA3, 0x9B, 0x9A, 0x56, 0x84, 0xA1, 0x26, 0x70, 0xEA, 0x02,
    0x7D, 0x80, 0xAF, 0x99, 0xBC, 0xA2, 0xE4, 0x53, 0x99, 0xB4, 0x1A, 0x0F, 0xDC, 0xFA, 0xF6, 0xA7,
    0x7B, 0xEE, 0x0C, 0x84, 0x67, 0x18, 0xEE, 0x36, 0xDA, 0xC3, 0x81, 0x74, 0xE2, 0xFD, 0x8C, 0xD3,
    0x3D, 0x3B, 0xEA, 0xF1, 0x19, 0x4E, 0x7D, 0xB9, 0x64, 0xC4, 0xF1, 0x4D, 0x70, 0x6B, 0xBD, 0xA3,
    0xAD, 0x64, 0xC0, 0xEC, 0x5F, 0x59, 0x63, 0x96, 0xAC, 0x73, 0x5E, 0x60, 0x07, 0xD4, 0x9F, 0x04,
    0x23, 0xFE, 0x04, 0xE2, 0x62, 0xFE, 0x1F, 0xB6, 0x93, 0x77, 0xC3, 0x51, 0xEF, 0x9A, 0x23, 0xDE,
    0x0D, 0xA3, 0x77, 0xEA, 0x80, 0x77, 0xFF, 0x2B, 0x98, 0x7C, 0xF9, 0xA8, 0x77, 0xF4, 0x38, 0xEF,
    0xE2, 0x46, 0xD4, 0x24, 0xB5, 0x0C, 0x96, 0x45, 0x5A, 0xEA, 0x47, 0x1A, 0x75, 0x4F, 0xE3, 0x59,
    0x62, 0x8D, 0x93, 0xB2, 0xB2, 0x52, 0x94, 0x84, 0xB2, 0x00, 0x9E, 0xC4, 0x03, 0x49, 0x73, 0x28,
    0x82, 0x3F, 0x46, 0xE0, 0x9F, 0xE7, 0x87, 0xF2, 0x12, 0xBC, 0x45, 0xF2, 0xB5, 0xA6, 0x90, 0xB9,
    0xA3, 0xF8, 0x41, 0xDA, 0xE3, 0x78, 0xE8, 0x9D, 0x81, 0x9D, 0x39, 0x99, 0xD2, 0x48, 0x31, 0x5E,
    0x05, 0x39, 0xA6, 0x63, 0x4A, 0x32, 0xA4, 0x6B, 0x78, 0x99, 0xB5, 0xCA, 0x51, 0xC2, 0x46, 0x5C,
    0x43, 0x3D, 0xBA, 0xF4, 0x00, 0x5A, 0xA4, 0x26, 0xD6, 0xDA, 0xFC, 0xDA, 0xC3, 0x96, 0xA6, 0xC1,
    0xBB, 0x9E, 0xB2, 0x7D, 0xE9, 0xC2, 0xA5, 0xC1, 0xD4, 0xFC, 0xD3, 0xC1, 0x95, 0x17, 0xA5, 0x91,
    0xA7, 0xFD, 0x01, 0xAE, 0x74, 0x20, 0x57, 0x4E, 0x87, 0x2F, 0x10, 0x9E, 0xB6, 0x24, 0x5E, 0x5A,
    0xDE, 0x25, 0x62, 0x59, 0xF0, 0xFE, 0x37, 0xA3, 0xC6, 0x77, 0xA8, 0x2E, 0x90, 0x6A, 0xB6, 0xD1,
    0x00, 0x63, 0x62, 0x4C, 0xF0, 0xA5, 0xFC, 0x19, 0x55, 0x95, 0x67, 0x88, 0x42, 0xBB, 0x01, 0xB3,
    0x6C, 0x0F, 0x41, 0xFF, 0xE9, 0xC0, 0xE6, 0x0D, 0x14, 0xBE, 0x18, 0x7F, 0x43, 0xAA, 0x5E, 0x79,
    0x85, 0x68, 0x73, 0x93, 0x68, 0x77, 0x46, 0xD4, 0xA1, 0xBB, 0x45, 0x84, 0xEA, 0xE6, 0xD9, 0xE7,
    0xB5, 0xCE, 0xCC, 0x2D, 0xB1, 0x60, 0xC4, 0xF7, 0x87, 0xEB, 0x6D, 0xD2, 0xA1, 0x7B, 0xAB, 0x6B,
    0xA0, 0x2D, 0x2A, 0x20, 0x99, 0x5C, 0x90, 0x49, 0x0D, 0xF3, 0x92, 0x85, 0x53, 0xE5, 0x51, 0x9E,
    0xE5, 0xBD, 0xFF, 0x6A, 0x4A, 0xE0, 0x45, 0x7F, 0x6A, 0xDB, 0xF3, 0x77, 0x31, 0xDF, 0x67, 0x76,
    0xA1, 0x54, 0xEE, 0x7C, 0x97, 0x8E, 0x4C, 0x9D, 0xB5, 0x60, 0xF9, 0x80, 0x99, 0xD2, 0x7D, 0x1E,
    0x38, 0x07, 0xA7, 0xA6, 0xA8, 0x84, 0xAB, 0x67, 0xE8, 0x2B, 0x4F, 0x78, 0x4F, 0x7A, 0xC1, 0x3B,
    0x31, 0x0F, 0x1E, 0x80, 0x37, 0x04, 0xEB, 0x7D, 0xE6, 0x1B, 0x65, 0xCA, 0xFF, 0xC7, 0x9C, 0x83,
    0xBD, 0x37, 0xE6, 0xBC, 0xA8, 0xBF, 0x85, 0x15, 0x61, 0x30, 0x94, 0x62, 0xE0, 0x94, 0xE5, 0x74,
    0xE0, 0xD2, 0x3C, 0xC8, 0x60, 0x10, 0x83, 0xF5, 0x01, 0x52, 0x95, 0x8B, 0x1D, 0x40, 0x2D, 0x21,
    0xEA, 0x00, 0xA9, 0xF5, 0xC2, 0x00, 0xD8, 0xAC, 0x06, 0x01, 0x67, 0x72, 0x00, 0x28, 0x28, 0x97,
    0x58, 0xD9, 0xE7, 0xD0, 0x22, 0x04, 0x69, 0xAE, 0x4C, 0x03, 0x48, 0x31, 0x6A, 0xA2, 0xB8, 0xA2,
    0xA4, 0xA2, 0xAC, 0xA4, 0x2D, 0x84, 0x61, 0xEA, 0xB8, 0x7E, 0xA7, 0xE3, 0xFF, 0x76, 0x50, 0x9F,
    0x70, 0x97, 0x74, 0x84, 0xD3, 0x47, 0xEF, 0x82, 0x73, 0x96, 0x5A, 0x27, 0xE6, 0xE6, 0xC1, 0xF1,
    0x92, 0x9B, 0x7C, 0x95, 0x63, 0x51, 0xAF, 0x3C, 0x37, 0x06, 0xB7, 0x12, 0xDC, 0xC6, 0x50, 0xB6,
    0x80, 0xD0, 0xC9, 0xA3, 0x87, 0x6E, 0xF9, 0x0E, 0x1B, 0xD6, 0x3F, 0x39, 0x2E, 0x4D, 0x71, 0xB7,
    0xA6, 0x18, 0x9D, 0xFC, 0x2D, 0x9A, 0xF1, 0x2E, 0x3F, 0x0B, 0x26, 0x4D, 0x86, 0x62, 0x9D, 0xF8,
    0x6F, 0xA4, 0x6E, 0x26, 0x8D, 0xD7, 0xBE, 0x21, 0xFF, 0x03, 0x7A, 0x33, 0x79, 0xCD, 0xC6, 0x77,
    0x6B, 0xC5, 0x55, 0xC0, 0x44, 0xB3, 0x13, 0xFB, 0x3F, 0xEE, 0xBF, 0x2C, 0x12, 0xC6, 0xEC, 0x14,
    0x0D, 0xD1, 0xBF, 0x4E, 0x65, 0xBE, 0xF7, 0x26, 0x05, 0x88, 0x6A, 0x8C, 0x7D, 0x69, 0x5B, 0x20,
    0xAC, 0x19, 0x56, 0x4A, 0xBA, 0x39, 0x43, 0x1A, 0x59, 0x4B, 0x19, 0x96, 0x20, 0xD5, 0xB2, 0x07,
    0x7F, 0xCA, 0x33, 0x01, 0x57, 0x33, 0x44, 0x76, 0x07, 0xAB, 0xC8, 0x4D, 0x59, 0xEC, 0x33, 0xBA,
    0x38, 0x5A, 0xE7, 0xAB, 0x44, 0xDF, 0xC1, 0x16, 0x58, 0x41, 0xB4, 0xE3, 0x87, 0x70, 0x73, 0x6A,
    0x11, 0x70, 0x99, 0xB0, 0xCD, 0xF6, 0xAC, 0x0E, 0xAD, 0xCE, 0x9B, 0xEC, 0x33, 0x4A, 0xB8, 0x0C,
    0x11, 0xF5, 0xAC, 0x6B, 0x95, 0x83, 0x3F, 0xBC, 0xD7, 0xC1, 0xB9, 0x6C, 0xC8, 0xE9, 0x05, 0xB1,
    0xB2, 0xF6, 0x36, 0x07, 0x2D, 0xAC, 0x68, 0x36, 0x29, 0xC8, 0xCF, 0x9C, 0x3E, 0xD3, 0x17, 0x89,
    0x7A, 0x0A, 0x99, 0xA2, 0x4F, 0xCB, 0xE4, 0x4A, 0xF5, 0xDD, 0xB0, 0x3C, 0x31, 0xD3, 0x95, 0x6C,
    0xB2, 0xA7, 0x63, 0x23, 0x57, 0x86, 0x31, 0x21, 0x06, 0x94, 0xC8, 0x2A, 0xBD, 0x8B, 0xC2, 0xF2,
    0x04, 0x8C, 0xB0, 0xB9, 0xA3, 0x70, 0xF0, 0x47, 0x67, 0x14, 0xC2, 0x41, 0x44, 0x2B, 0xFF, 0x5B,
    0x04, 0xF9, 0x16, 0xA9, 0x2F, 0x5A, 0xC8, 0xC5, 0xD8, 0x0D, 0xCA, 0x67, 0x4F, 0x1A, 0x3D, 0xAD,
    0x94, 0xF0, 0xE2, 0x63, 0x24, 0xBC, 0x04, 0x09, 0x7F, 0xA9, 0xAA, 0x2C, 0xAE, 0x92, 0xDF, 0x21,
    0xBC, 0x14, 0x3A, 0xA2, 0x5F, 0x9C, 0x78, 0xF4, 0xBC, 0xB8, 0x6E, 0xFC, 0x09, 0x91, 0xB6, 0xBA,
    0xC3, 0xFA, 0x20, 0xB1, 0x9B, 0x12, 0xE3, 0x27, 0xAE, 0xB4, 0x15, 0x96, 0x79, 0xB0, 0x08, 0x7B,
    0x0C, 0x09, 0x09, 0x12, 0x48, 0xCE, 0x9B, 0x42, 0x91, 0x1D, 0x4D, 0x3D, 0x2F, 0x6F, 0x42, 0x7F,
    0xAF, 0xB3, 0xD3, 0xEC, 0x7E, 0x3C, 0xBC, 0xAF, 0x1C, 0xAD, 0xBE, 0x79, 0x37, 0x80, 0xBA, 0xA2,
    0x91, 0x82, 0x69, 0x49, 0x59, 0x43, 0xCA, 0x52, 0x54, 0xCB, 0xA4, 0x30, 0x98, 0x3A, 0x46, 0x42,
    0xE1, 0xF4, 0xED, 0x5D, 0x18, 0x8A, 0xF2, 0x71, 0x4D, 0x8B, 0xEB, 0x94, 0xA4, 0x8C, 0xC5, 0x36,
    0x88, 0xB6, 0xE5, 0x3E, 0xFF, 0x4B, 0x72, 0x97, 0x43, 0x77, 0xEE, 0x44, 0xD4, 0x0B, 0x90, 0xA8,
    0x8C, 0x87, 0xFB, 0x83, 0xA9, 0x76, 0x94, 0x4B, 0xAA, 0x99, 0xC0, 0x06, 0x20, 0x97, 0xAD, 0x34,
    0x02, 0x76, 0x4C, 0xF0, 0xF0, 0xDD, 0x23, 0x80, 0xC9, 0x12, 0xE6, 0xBD, 0xD8, 0x77, 0x9E, 0x02,
    0xEF, 0xA3, 0x5A, 0xC5, 0x47, 0xB3, 0xC5, 0x7D, 0x90, 0x4F, 0x08, 0x3E, 0x06, 0x0E, 0xB6, 0x92,
    0x0C, 0x44, 0x62, 0x89, 0x51, 0x5C, 0xD1, 0x8A, 0x0B, 0x8D, 0x98, 0x27, 0x44, 0xE7, 0xD4, 0x4A,
    0x9D, 0xE4, 0xA9, 0x11, 0x15, 0x1A, 0xF8, 0x4A, 0x1A, 0x53, 0xE2, 0x7D, 0x46, 0x14, 0x34, 0x0F,
    0x68, 0xB3, 0xC6, 0x32, 0xDE, 0xAD, 0xBF, 0x10, 0x0B, 0xF6, 0xBC, 0x0F, 0x80, 0x9B, 0xFD, 0x41,
    0x26, 0x99, 0xC5, 0x78, 0xD9, 0x82, 0xEC, 0x25, 0x7B, 0xC9, 0xA2, 0x5A, 0xF2, 0x44, 0xE8, 0x40,
    0x37, 0x66, 0x6E, 0x21, 0x7C, 0x1F, 0x89, 0x34, 0x57, 0x50, 0x35, 0xC2, 0x5F, 0xA4, 0xC4, 0xE3,
    0xDA, 0xFC, 0xDA, 0xB7, 0xAE, 0xD9, 0x2B, 0xF5, 0x30, 0x9F, 0x3F, 0x07, 0xB9, 0xE3, 0x15, 0xD1,
    0xCB, 0x32, 0xE8, 0xEA, 0xA6, 0x1F, 0xB7, 0xB4, 0x55, 0xEC, 0xC7, 0xFD, 0xEE, 0xB7, 0x29, 0xDD,
    0x5F, 0x97, 0x15, 0xC0, 0xA5, 0x00, 0x23, 0x5F, 0x74, 0x27, 0x9F, 0xAF, 0x9E, 0x9E, 0x09, 0xBF,
    0x15, 0x13, 0x0A, 0x74, 0x06, 0x0F, 0x2F, 0xFC, 0x8E, 0xA4, 0x5D, 0xD5, 0x82, 0x21, 0xD7, 0xD2,
    0xC5, 0xE4, 0x47, 0x4C, 0x30, 0x3C, 0xE1, 0x73, 0x37, 0x21, 0x12, 0x48, 0x45, 0xF5, 0xC6, 0xC6,
    0x02, 0x36, 0xB7, 0xE5, 0x9D, 0x24, 0x34, 0xAA, 0x17, 0x4E, 0xB4, 0xA7, 0xE3, 0xC4, 0x77, 0x02,
    0xB1, 0xE2, 0x27, 0x4A, 0xBA, 0x1A, 0xEC, 0xA2, 0xC0, 0x09, 0x2F, 0x65, 0x6F, 0x8B, 0x2B, 0x79,
    0xFB, 0x6D, 0xC7, 0x21, 0x7A, 0x03, 0xC3, 0x48, 0xFE, 0x80, 0x70, 0x26, 0xEF, 0x01, 0x32, 0x09,
    0xC6, 0xE6, 0x16, 0xE0, 0x87, 0x17, 0x0E, 0x12, 0x3B, 0x85, 0x60, 0x5C, 0x11, 0x61, 0x77, 0x78,
    0x81, 0xA7, 0x25, 0x2F, 0x5C, 0x25, 0xCF, 0xDB, 0x9A, 0x54, 0x9E, 0xB9, 0xE7, 0xAF, 0x47, 0xFC,
    0xA3, 0x7F, 0xE3, 0x04, 0xE3, 0xF6, 0xB0, 0xAA, 0xEC, 0x44, 0xAA, 0xBE, 0x82, 0x2A, 0x16, 0x55,
    0x3F, 0x93, 0x21, 0x07, 0xED, 0x22, 0x58, 0x89, 0xE4, 0x47, 0xC6, 0x8C, 0x4D, 0x12, 0xF8, 0xFE,
    0x80, 0x87, 0xE3, 0x73, 0x88, 0x53, 0xF2, 0xF9, 0x53, 0x9F, 0xB4, 0xF4, 0x75, 0xD9, 0x4B, 0x7F,
    0x47, 0x35, 0x3D, 0x72, 0x19, 0x2E, 0x6F, 0x13, 0xF7, 0x05, 0xE7, 0x4C, 0xC6, 0x25, 0x1D, 0x31,
    0x25, 0x4D, 0xEC, 0x02, 0x2E, 0xD3, 0x2A, 0x72, 0x21, 0x57, 0x59, 0xA5, 0x7A, 0xC5, 0x95, 0x2E,
    0xC3, 0x41, 0x71, 0xAD, 0x31, 0xE7, 0x68, 0xAF, 0x29, 0xE0, 0x44, 0xFC, 0xB1, 0x84, 0xCB, 0xFC,
    0xFC, 0x0F, 0x16, 0x1D, 0x8B, 0xF7, 0x7E, 0xDB, 0x41, 0xAF, 0xFE, 0x9D, 0xEA, 0x91, 0x79, 0xBD,
    0x17, 0x0E, 0xE0, 0x9A, 0x0E, 0x01, 0x34, 0x53, 0xD2, 0x93, 0x04, 0x21, 0x71, 0xC4, 0x68, 0x1F,
    0x77, 0x54, 0xC0, 0x31, 0xD5, 0x92, 0xAE, 0x96, 0x2C, 0x52, 0x4F, 0x56, 0x7B, 0x76, 0xC6, 0x7A,
    0xA9, 0x9D, 0x04, 0xB7, 0xD9, 0x96, 0x37, 0xF9, 0xB9, 0x25, 0xDB, 0x3E, 0xAE, 0xD8, 0x82, 0x67,
    0x6D, 0x9A, 0x14, 0xBF, 0xAC, 0x4C, 0xE0, 0x68, 0x96, 0xC7, 0x56, 0x5B, 0x4D, 0x51, 0xAB, 0xED,
    0x0E, 0xA9, 0x6E, 0xA7, 0xDD, 0xA5, 0xD0, 0xFD, 0x07, 0x08, 0x05, 0xCE, 0x3A, 0x14, 0x1A, 0xEC,
    0x80, 0xA2, 0xA6, 0x91, 0xD2, 0x45, 0x5D, 0xA0, 0x8D, 0xAE, 0xA4, 0x7B, 0x06, 0x75, 0x53, 0xE5,
    0x50, 0xFA, 0x45, 0x32, 0xD6, 0xE4, 0x86, 0x4C, 0x38, 0xC6, 0xA6, 0x5F, 0x85, 0xD5, 0x21, 0xA7,
    0xDE, 0xE0, 0x46, 0xA0, 0x4E, 0x3B, 0x1A, 0x28, 0x72, 0xE4, 0x90, 0x0D, 0x39, 0xC7, 0x4A, 0xAA,
    0xFF, 0x4C, 0xCA, 0x7E, 0x8C, 0x13, 0xA9, 0x58, 0x9F, 0x48, 0xA9, 0x48, 0x22, 0xA0, 0x56, 0x40,
    0x24, 0x43, 0x2A, 0xC4, 0x0E, 0x0F, 0x41, 0x3E, 0x8E, 0x54, 0xA3, 0xCE, 0x0C, 0xDF, 0xDB, 0x4D,
    0x0A, 0x9A, 0x0B, 0xCB, 0xCE, 0x3C, 0xA4, 0x6C, 0xFA, 0x64, 0x48, 0xAD, 0xEA, 0x92, 0x36, 0xB2,
    0x71, 0x17, 0x37, 0xCA, 0x25, 0x55, 0xE8, 0xD2, 0x2A, 0xE8, 0xB3, 0x9C, 0x06, 0xE4, 0xAE, 0xD8,
    0xC1, 0x79, 0x9C, 0xCD, 0x40, 0x28, 0xB5, 0x63, 0x3A, 0x44, 0x44, 0x0A, 0x46, 0x18, 0xD7, 0x0D,
    0x74, 0x94, 0xBC, 0x16, 0x10, 0x47, 0x33, 0xF1, 0x9B, 0xC5, 0x01, 0x0F, 0xB3, 0xD1, 0xFE, 0x03,
    0x3A, 0x2B, 0xC3, 0x31, 0x57, 0xD0, 0xD9, 0x43, 0x43, 0x20, 0x3A, 0x31, 0xAF, 0x60, 0x90, 0xEC,
    0x19, 0xC9, 0xBB, 0xFE, 0x27, 0x94, 0xC9, 0x24, 0x7A, 0xC7, 0xD2, 0x59, 0x49, 0xD5, 0x85, 0x97,
    0xAF, 0x42, 0xAF, 0xF3, 0x71, 0xF0, 0x7A, 0xFF, 0xFE, 0x61, 0x67, 0xCD, 0x08, 0x18, 0xB3, 0xD5,
    0x73, 0xD3, 0x6C, 0x91, 0xA9, 0x36, 0x89, 0xF3, 0xF3, 0x0A, 0x0D, 0x62, 0xD9, 0x0F, 0xF2, 0x5A,
    0xFA, 0x57, 0x88, 0x60, 0x4E, 0xD3, 0x6B, 0x9B, 0xDA, 0xA0, 0xD5, 0x8D, 0x6A, 0xCD, 0xBD, 0xEB,
    0xB6, 0x90, 0xB3, 0x2C, 0x59, 0x1B, 0xAF, 0x28, 0x27, 0x90, 0x85, 0x01, 0xB0, 0x67, 0x83, 0x68,
    0x91, 0xA2, 0x8C, 0x7B, 0xEC, 0xD2, 0xF7, 0xFB, 0x8D, 0xA8, 0xDB, 0x80, 0x4D, 0xB0, 0xC0, 0x94,
    0x01, 0x83, 0xF1, 0x99, 0xA4, 0x4D, 0xB2, 0x26, 0x2D, 0xEE, 0x19, 0xC3, 0x83, 0xE6, 0xDE, 0xE7,
    0x52, 0x1C, 0x92, 0x75, 0xC8, 0xA4, 0x25, 0xD9, 0x46, 0xCF, 0xB9, 0xDE, 0x22, 0xAE, 0x36, 0x50,
    0xE1, 0x45, 0xD5, 0x8F, 0xC2, 0x32, 0x3B, 0xA6, 0x19, 0xA2, 0x43, 0xB8, 0x34, 0xBE, 0x0E, 0x9A,
    0xCC, 0x86, 0xB6, 0xA8, 0x95, 0xE5, 0x7B, 0x37, 0x2C, 0xE3, 0x2C, 0x08, 0xFB, 0xC8, 0xD3, 0x0C,
    0x5B, 0xFD, 0x3D, 0x3B, 0xC2, 0x31, 0xEE, 0x36, 0x52, 0xCF, 0x91, 0xF3, 0x50, 0x52, 0x27, 0x1C,
    0x75, 0x93, 0x19, 0xCF, 0xB1, 0xE0, 0x3E, 0xAC, 0x7E, 0x40, 0x0A, 0xB1, 0x0F, 0x7A, 0x0C, 0xBE,
    0x80, 0xF6, 0xE4, 0x61, 0x68, 0x33, 0xE1, 0x37, 0x1A, 0x6A, 0x35, 0x6A, 0x80, 0x67, 0x79, 0x46,
    0x08, 0xC9, 0xC0, 0x92, 0x6E, 0xE4, 0x59, 0x48, 0x0C, 0x4A, 0x9A, 0x5E, 0x5B, 0xF8, 0xDC, 0x82,
    0x67, 0x5B, 0xFC, 0xE9, 0x7A, 0x2B, 0x67, 0x51, 0xC3, 0x4A, 0xAD, 0x80, 0xDE, 0xA4, 0xE4, 0x1F,
    0x2C, 0xC5, 0x77, 0x6B, 0x52, 0xD8, 0x1F, 0x30, 0x3D, 0xA4, 0x3B, 0x32, 0x16, 0x4F, 0x08, 0x9C,
    0x69, 0x33, 0xEA, 0x48, 0x9C, 0xF5, 0x1E, 0x98, 0x71, 0xAF, 0xF2, 0x33, 0x4C, 0x08, 0xFE, 0x12,
    0x0C, 0x46, 0x2A, 0x06, 0x12, 0x8B, 0x29, 0x6B, 0x11, 0x70, 0xC5, 0x1C, 0x75, 0x3F, 0x89, 0xED,
    0x19, 0x9C, 0x3A, 0xCE, 0x5D, 0x70, 0xCE, 0x9C, 0xFF, 0x19, 0xCD, 0x56, 0x01, 0x84, 0x26, 0xC9,
    0x15, 0xFE, 0xBA, 0x2B, 0x3B, 0x1D, 0x69, 0x49, 0x2D, 0x82, 0x24, 0x8B, 0x0E, 0x02, 0x24, 0x34,
    0x04, 0x42, 0x6E, 0xAB, 0x24, 0x08, 0x0E, 0x2E, 0x6C, 0x40, 0x00, 0x00, 0x09, 0x03, 0x10, 0xE4,
    0xD2, 0x7D, 0x06, 0x07, 0xC8, 0x02, 0x00, 0x82, 0x80, 0x59, 0x4C, 0x70, 0x80, 0xBD, 0xA9, 0xBA,
    0x1C, 0x00, 0xD2, 0x72, 0x00, 0xB8, 0x3E, 0x02, 0x04, 0x5B, 0x6B, 0x8B, 0xF4, 0xFA, 0xAB, 0xFB,
    0x4B, 0xBF, 0x2A, 0x33, 0xFF, 0x4E, 0xAC, 0x59, 0xB9, 0xE4, 0xC6, 0x7E, 0xB3, 0xF5, 0x7D, 0xAF,
    0x7B, 0x47, 0xF5, 0xF7, 0x5E, 0xBF, 0xA9, 0x7E, 0x00, 0xEA, 0x08, 0x40, 0xA5, 0x42, 0xD5, 0xA3,
    0x66, 0xC1, 0xC0, 0xCF, 0x43, 0x4D, 0xD2, 0xB7, 0x2F, 0x3B, 0xA2, 0x9B, 0x6A, 0xC2, 0x78, 0x70,
    0x1C, 0x2C, 0x9C, 0x77, 0xD8, 0x2F, 0xF8, 0x3A, 0xB2, 0x30, 0xA3, 0x1B, 0xE1, 0x60, 0x26, 0x10,
    0x7D, 0x54, 0x09, 0x9A, 0x2E, 0x42, 0x91, 0x13, 0x70, 0xFA, 0x12, 0x00, 0x9A, 0x09, 0x50, 0x21,
    0x2F, 0xF7, 0xCF, 0xB9, 0x25, 0x7D, 0x7F, 0x90, 0xDD, 0x39, 0x3A, 0x3B, 0x78, 0x89, 0x6E, 0x2C,
    0x3B, 0x8C, 0x4E, 0xA2, 0xC3, 0x86, 0x8E, 0x0B, 0x6A, 0x8E, 0x10, 0xF4, 0x56, 0xD8, 0xF8, 0x23,
    0x0F, 0xE3, 0x40, 0x4F, 0x42, 0x38, 0xA1, 0x59, 0xD1, 0x05, 0xC8, 0xF3, 0xBF, 0x34, 0xAF, 0xE8,
    0x66, 0x54, 0x94, 0x5C, 0xC0, 0x03, 0x47, 0xC0, 0x70, 0x03, 0x70, 0xC2, 0x19, 0x82, 0x3F, 0x00,
    0x30, 0xB2, 0x4E, 0x43, 0xBF, 0x32, 0x30, 0xEE, 0x1A, 0xF4, 0x6D, 0x3F, 0x4B, 0x17, 0x5A, 0x32,
    0x2A, 0x1E, 0x08, 0xF7, 0xE1, 0x06, 0xC1, 0x37, 0xF1, 0x11, 0x32, 0xBA, 0x9F, 0x07, 0x64, 0xB4,
    0xCF, 0x3C, 0x32, 0x14, 0x81, 0x82, 0x8F, 0x71, 0x44, 0xF5, 0xAB, 0x47, 0xC8, 0x18, 0xC8, 0x09,
    0x24, 0x25, 0x58, 0x25, 0x18, 0x9B, 0xF4, 0x6B, 0xDA, 0xED, 0x09, 0xAD, 0x4A, 0xA0, 0x8F, 0xF5,
    0x26, 0xA9, 0x98, 0x29, 0x34, 0x49, 0x82, 0x7E, 0x7E, 0x4F, 0x47, 0x09, 0xBA, 0xB0, 0xC7, 0x28,
    0x59, 0x0E, 0x1E, 0x25, 0xA0, 0x2D, 0x81, 0xDA, 0x50, 0x82, 0x26, 0xE5, 0xA0, 0x9B, 0x75, 0xCC,
    0x41, 0xEF, 0xCD, 0xDC, 0x8C, 0xB2, 0xE1, 0xE8, 0x7C, 0xEB, 0x55, 0xAA, 0x08, 0x5A, 0xED, 0x9B,
    0xED, 0x22, 0x29, 0x9E, 0x5F, 0x78, 0x43, 0xCE, 0xB5, 0xD8, 0x18, 0xF8, 0x12, 0x15, 0x49, 0x8B,
    0x9B, 0xA8, 0xCA, 0x8D, 0xDF, 0xB7, 0xBE, 0xD4, 0xAF, 0xB3, 0x39, 0x97, 0xFE, 0xB2, 0xA4, 0xA2,
    0x53, 0xC9, 0x44, 0x45, 0xE4, 0x44, 0x00, 0xE4, 0x3C, 0x8A, 0x9A, 0x89, 0x0C, 0x62, 0xE3, 0x0B,
    0x72, 0x11, 0x5F, 0xCF, 0xB7, 0x0B, 0xB9, 0xD6, 0xCF, 0x43, 0x3F, 0x65, 0x9D, 0x86, 0xB1, 0xA4,
    0x42, 0x64, 0xDD, 0x29, 0xFB, 0x6F, 0x63, 0xB1, 0xDF, 0xCD, 0xC8, 0xEE, 0x8D, 0xFF, 0x69, 0x31,
    0x8F, 0xA7, 0xE2, 0xBD, 0xE6, 0x79, 0x2A, 0xD6, 0xB9, 0x14, 0xE7, 0x8C, 0x00, 0xF0, 0xB5, 0x62,
    0xF7, 0x9D, 0xC6, 0xA3, 0x72, 0xE8, 0xB5, 0x85, 0x26, 0xF4, 0x06, 0xB4, 0x84, 0xD4, 0x06, 0x44,
    0x15, 0xB3, 0x08, 0x8A, 0x54, 0x8E, 0x70, 0x8C, 0x2D, 0x09, 0x32, 0x49, 0x5F, 0xF3, 0x22, 0x9A,
    0x91, 0x88, 0xDD, 0xEC, 0x2C, 0x11, 0xA4, 0xA9, 0x09, 0x08, 0x11, 0xF5, 0x9A, 0xA5, 0x59, 0xB2,
    0xE8, 0xF0, 0x6D, 0x5A, 0x62, 0x77, 0xE7, 0x3E, 0x21, 0x9C, 0x7D, 0x3A, 0x90, 0xBF, 0x94, 0x5D,
    0xE8, 0x56, 0x72, 0x69, 0x17, 0xB3, 0x90, 0x71, 0xA0, 0xAF, 0x48, 0x5B, 0x44, 0xBA, 0x1C, 0x5D,
    0x4E, 0x0F, 0x3A, 0xFC, 0x2F, 0xF2, 0xBB, 0x22, 0x4F, 0x8B, 0xA4, 0x5D, 0x9A, 0xED, 0xC9, 0xB2,
    0x8B, 0x21, 0x45, 0x06, 0x72, 0x4F, 0x01, 0x82, 0x7E, 0xCA, 0x32, 0x78, 0xE1, 0x9A, 0x56, 0x44,
    0xAF, 0x10, 0x34, 0xFF, 0x40, 0xD1, 0x49, 0x58, 0x87, 0x81, 0x53, 0x66, 0x8F, 0x66, 0xCA, 0x25,
    0x83, 0xBA, 0xE6, 0xD3, 0x20, 0xCC, 0xCC, 0x2E, 0xB3, 0xBE, 0x8D, 0xDF, 0xC9, 0xFC, 0x30, 0xF3,
    0xA5, 0x0E, 0xBB, 0xBB, 0x55, 0x07, 0x43, 0xEE, 0x3C, 0x90, 0x62, 0x18, 0x80, 0x9E, 0x85, 0xBB,
    0xE9, 0xFA, 0x50, 0xA8, 0xB2, 0xBD, 0x76, 0x03, 0x00, 0x15, 0x71, 0x92, 0xF0, 0xBE, 0x49, 0xE0,
    0x0F, 0xF7, 0xA5, 0xF6, 0x78, 0x5F, 0x28, 0xEB, 0x64, 0xBF, 0xD6, 0xFB, 0x6A, 0xE5, 0xFE, 0x1B,
    0x57, 0x4F, 0x4F, 0xB3, 0x2F, 0x00, 0x1B, 0x50, 0xAD, 0x65, 0x97, 0x2E, 0x02, 0x6E, 0x06, 0x8C,
    0x35, 0xD2, 0xC9, 0x03, 0x27, 0xC3, 0xAC, 0xBE, 0xA1, 0x6D, 0x62, 0xB3, 0x42, 0xD1, 0xAB, 0xDC,
    0x96, 0x0C, 0x45, 0x19, 0x8B, 0x1E, 0x52, 0xD1, 0x17, 0x2C, 0xFA, 0x9C, 0x67, 0x59, 0x83, 0xFB,
    0xB4, 0xA8, 0x79, 0x51, 0xB4, 0x3B, 0x14, 0x6D, 0x59, 0x54, 0xB1, 0x68, 0x55, 0x34, 0xC2, 0x89,
    0xF6, 0xB4, 0x46, 0xD4, 0xD0, 0xEA, 0xD0, 0x2C, 0x00, 0x70, 0x0F, 0x6D, 0x44, 0x46, 0x17, 0x8A,
    0xBA, 0x29, 0x8B, 0xA2, 0xCD, 0x5A, 0xBD, 0xC4, 0xAB, 0x2F, 0x0F, 0x3A, 0xE4, 0x2C, 0x76, 0xE1,
    0x2E, 0xCD, 0xD4, 0xD0, 0xAA, 0x80, 0x92, 0x02, 0x4A, 0x06, 0xFB, 0x2B, 0xE4, 0xA2, 0x02, 0x83,
    0xF8, 0x97, 0x2B, 0xB1, 0xAF, 0x83, 0x0A, 0x3C, 0xCB, 0xE2, 0x3E, 0x13, 0x11, 0xEF, 0x22, 0xFA,
    0x90, 0xA5, 0x65, 0x16, 0x55, 0x04, 0x22, 0x8D, 0xD8, 0x96, 0x07, 0x59, 0x53, 0x44, 0xEF, 0x92,
    0x3D, 0xEB, 0x19, 0xC7, 0x37, 0x5A, 0x5E, 0x29, 0x2A, 0x8E, 0xB8, 0x7E, 0xA9, 0x92, 0xB2, 0xA0,
    0x8A, 0x37, 0xBB, 0xAB, 0xDC, 0x39, 0xE2, 0x1B, 0x71, 0x98, 0x1E, 0x24, 0x73, 0xE0, 0x9E, 0xD5,
    0x03, 0x3E, 0x5B, 0x1E, 0x24, 0xB5, 0x36, 0x49, 0xFD, 0xD7, 0x3F, 0x1D, 0x35, 0xCF, 0x52, 0x2F,
    0x5C, 0x9E, 0xB5, 0x08, 0x37, 0xB1, 0x54, 0xEC, 0xBA, 0xAC, 0x75, 0xF1, 0xB8, 0x02, 0x3F, 0xAA,
    0x66, 0xE0, 0x61, 0xB3, 0x53, 0xF7, 0xF9, 0x08, 0x34, 0xE2, 0xBA, 0x4A, 0xB8, 0xC2, 0x3D, 0xA1,
    0x41, 0x88, 0x56, 0x52, 0xF3, 0x80, 0x2A, 0x34, 0x03, 0xED, 0xDF, 0x02, 0xA0, 0xFF, 0x18, 0x81,
    0xEE, 0x17, 0x0B, 0x60, 0x24, 0xB1, 0x87, 0x6A, 0x05, 0x2E, 0x9F, 0x6C, 0x00, 0xC9, 0x72, 0xCA,
    0x2A, 0x39, 0xC5, 0x77, 0x32, 0xBE, 0x9D, 0x61, 0xE6, 0x61, 0xAD, 0xB9, 0xBA, 0x55, 0x71, 0x6D,
    0xAA, 0x19, 0xFA, 0x6C, 0x42, 0xB3, 0x3F, 0x59, 0xB1, 0xF8, 0xC1, 0x0F, 0x70, 0x8D, 0xCA, 0x3D,
    0x86, 0x66, 0x84, 0x79, 0x96, 0xF2, 0xE6, 0xF7, 0xF6, 0x85, 0xDF, 0x24, 0x68, 0x26, 0x98, 0x7D,
    0xB9, 0xB3, 0x63, 0xCF, 0xE7, 0x73, 0x7D, 0xA5, 0xEF, 0xE6, 0x4B, 0xFC, 0xB8, 0x9E, 0xDE, 0xD7,
    0xDE, 0x5C, 0x40, 0x27, 0xD4, 0x11, 0x05, 0x03, 0x27, 0xE9, 0xF4, 0x15, 0x2A, 0xBD, 0xF9, 0x5F,
    0xB3, 0xC2, 0xC8, 0xEF, 0x4F, 0xA8, 0xEC, 0xFE, 0x39, 0x30, 0x9D, 0xED, 0x2F, 0xD1, 0xBE, 0xB2,
    0xDB, 0x83, 0x04, 0x93, 0x84, 0x6F, 0xD9, 0xA4, 0xA7, 0x37, 0xF4, 0xB8, 0x5F, 0x01, 0x88, 0xDA,
    0x03, 0x1F, 0x1B, 0x00, 0x7D, 0x02, 0x4A, 0xAF, 0x57, 0x8F, 0xAF, 0x13, 0x7D, 0x54, 0x0C, 0x42,
    0xCE, 0x78, 0xEC, 0x23, 0x8D, 0x7C, 0xDA, 0xCB, 0x48, 0x23, 0xF3, 0x05, 0xDC, 0xE8, 0xEC, 0xEB,
    0xA6, 0x19, 0xA1, 0x31, 0x7F, 0xEF, 0x6E, 0x1B, 0x69, 0x94, 0xFD, 0x08, 0xCD, 0x5F, 0x03, 0xD4,
    0xBF, 0xA6, 0xD2, 0x9C, 0x03, 0x80, 0xEF, 0xE2, 0x08, 0x37, 0xA3, 0xE5, 0x8A, 0x2F, 0x31, 0xE6,
    0xDC, 0x07, 0xA0, 0x91, 0x84, 0x3F, 0x0B, 0x40, 0xE9, 0x0D, 0x80, 0x10, 0x7C, 0x07, 0x37, 0x71,
    0x1C, 0x7F, 0xF8, 0xD5, 0x8F, 0x3F, 0xF7, 0xA5, 0x73, 0x63, 0x0F, 0x20, 0x3D, 0x05, 0x60, 0xE2,
    0xD5, 0xF1, 0x5B, 0x5B, 0xBC, 0x82, 0x3E, 0xF4, 0x01, 0x0C, 0x0C, 0x38, 0x0D, 0xA7, 0x01, 0x3A,
    0xE8, 0x37, 0xD2, 0xD2, 0x05, 0xB4, 0xA4, 0x54, 0xF8, 0x40, 0x0B, 0x77, 0x46, 0xE0, 0xE4, 0xFC,
    0xCF, 0x00, 0x5A, 0xA6, 0xCC, 0x0B, 0xAE, 0xD0, 0x7C, 0x21, 0xB1, 0x7E, 0x91, 0xEF, 0xFF, 0x3D,
    0xE2, 0x35, 0x18, 0x38, 0x93, 0x3B, 0x4F, 0x77, 0x50, 0x95, 0xEA, 0xFC, 0x7C, 0x44, 0x4D, 0x7A,
    0xA1, 0x11, 0x19, 0x55, 0xEC, 0x64, 0xB2, 0x32, 0xBE, 0x90, 0x5C, 0xFE, 0xDF, 0xEB, 0x73, 0x8D,
    0xBF, 0x1C, 0x4F, 0x23, 0x33, 0x0B, 0xFF, 0x44, 0xA8, 0xFB, 0x60, 0x91, 0x1B, 0x9F, 0x26, 0x00,
    0xFD, 0xCF, 0xE2, 0x7F, 0xD6, 0xE7, 0x13, 0x72, 0xE7, 0x0F, 0xEE, 0xA2, 0x6B, 0xF0, 0x75, 0x21,
    0x23, 0xE4, 0x50, 0xBE, 0x9C, 0x50, 0xA1, 0x74, 0xCD, 0xDD, 0x54, 0xAA, 0xC2, 0x7B, 0x40, 0xFE,
    0x73, 0x05, 0xD4, 0xE1, 0xE6, 0x5F, 0xD3, 0xDB, 0x54, 0x29, 0x5B, 0x49, 0x65, 0x3A, 0x8F, 0x3A,
    0x0D, 0x00, 0x5C, 0x76, 0x14, 0xE4, 0xBF, 0xC7, 0x3B, 0xED, 0xA9, 0x6F, 0x65, 0x2E, 0xA3, 0x5F,
    0x9B, 0x20, 0xF8, 0xED, 0xDB, 0x55, 0xA9, 0xEF, 0x03, 0x40, 0x12, 0xDA, 0x84, 0x06, 0x0B, 0x40,
    0x7B, 0x00, 0xD5, 0x1D, 0x55, 0xEA, 0x84, 0xD6, 0x30, 0xD0, 0xA5, 0x3F, 0xA9, 0x4D, 0x6C, 0x82,
    0x05, 0xDB, 0x39, 0x13, 0xB6, 0xAD, 0x4E, 0xC3, 0xB3, 0xA5, 0xE7, 0xDC, 0x6C, 0x40, 0x27, 0x8E,
    0x7B, 0x06, 0xE0, 0x7B, 0xE7, 0x8F, 0x51, 0xD0, 0x7D, 0x38, 0x03, 0x46, 0x3E, 0xF5, 0xFD, 0xBB,
    0xD3, 0xEB, 0xE7, 0x82, 0x9A, 0x23, 0xCA, 0xD9, 0xDF, 0x70, 0xBA, 0x9A, 0x0B, 0x84, 0xBA, 0x77,
    0xAF, 0xE6, 0x82, 0x41, 0xAD, 0x80, 0xBB, 0x39, 0x17, 0x44, 0xB8, 0x31, 0x0F, 0x07, 0x6D, 0x90,
    0xB9, 0x60, 0x53, 0x5C, 0x9D, 0xD0, 0xBF, 0x01, 0xC5, 0x97, 0x01, 0xA4, 0x26, 0xD7, 0xF9, 0xC6,
    0x7F, 0x33, 0x93, 0x64, 0x22, 0x23, 0xFF, 0x59, 0x2C, 0x7F, 0xED, 0x62, 0x00, 0x0A, 0xED, 0x40,
    0x01, 0xD9, 0x9E, 0x69, 0x82, 0x05, 0xD8, 0x92, 0x05, 0x41, 0x21, 0x20, 0xC5, 0x42, 0x50, 0x6C,
    0x76, 0x26, 0x5D, 0x14, 0x81, 0x0B, 0x40, 0x21, 0x08, 0xF4, 0x83, 0x85, 0xA2, 0xD8, 0xE4, 0x9C,
    0x24, 0x08, 0x20, 0x93, 0x16, 0x50, 0x74, 0x42, 0x28, 0x09, 0xEE, 0x89, 0x0C, 0x26, 0xB9, 0x67,
    0xE6, 0xE9, 0x39, 0x63, 0x6E, 0xB2, 0xDB, 0x2E, 0x09, 0x49, 0xE5, 0xF9, 0xEE, 0xF3, 0x9B, 0xF7,
    0xBB, 0xF8, 0xDE, 0xE7, 0xF5, 0xCD, 0x67, 0xCE, 0xDB, 0xC8, 0xD3, 0x46, 0xFF, 0xF4, 0x74, 0x46,
    0x52, 0x73, 0x63, 0xC4, 0x7C, 0xE8, 0x93, 0xF7, 0xFA, 0x52, 0x99, 0x3D, 0xA3, 0xD6, 0x8C, 0x39,
    0x0F, 0x98, 0x22, 0xF0, 0x64, 0x34, 0xBF, 0x0B, 0xD4, 0x0A, 0x98, 0x68, 0x7B, 0x2F, 0xA0, 0xE2,
    0xB0, 0x34, 0xF4, 0xAB, 0x5C, 0x33, 0xBD, 0x03, 0x4F, 0x9D, 0xDE, 0x84, 0x4A, 0x3E, 0x61, 0xE2,
    0xD0, 0x6B, 0x09, 0xDA, 0x71, 0xBC, 0x3D, 0xF4, 0x64, 0x82, 0x19, 0x00, 0xEB, 0x00, 0x8D, 0x90,
    0x69, 0x82, 0x5C, 0x1E, 0x8A, 0xCF, 0x66, 0xA8, 0x3E, 0x08, 0x50, 0xBF, 0x1F, 0xD1, 0xFC, 0x61,
    0x85, 0x36, 0x13, 0x98, 0x93, 0xC0, 0x4A, 0x03, 0x92, 0x5C, 0x16, 0x30, 0x63, 0x3E, 0xD3, 0x4E,
    0x65, 0xC4, 0x6C, 0x94, 0x49, 0x3B, 0x52, 0x94, 0x5A, 0x7E, 0x37, 0x0F, 0x47, 0x51, 0xF2, 0x5E,
    0x7F, 0xCF, 0x79, 0xEF, 0x02, 0xBC, 0x72, 0x4A, 0x94, 0xBA, 0x9D, 0x3C, 0x46, 0xB9, 0xA4, 0x70,
    0x10, 0xA3, 0x53, 0xE4, 0x5D, 0xF1, 0x00, 0x82, 0xF8, 0x3D, 0xD9, 0x22, 0xA0, 0xF0, 0x89, 0xE5,
    0xA4, 0xD3, 0x40, 0xED, 0xA4, 0x91, 0x76, 0x90, 0x1C, 0xFB, 0xAC, 0x58, 0x25, 0x2A, 0xF2, 0x6A,
    0xBE, 0x20, 0xAE, 0x97, 0x1E, 0xF1, 0x5A, 0x3D, 0x65, 0x3A, 0xAD, 0xFD, 0x5A, 0x4B, 0xAB, 0x4D,
    0x0C, 0xEC, 0xC3, 0x36, 0x09, 0xCF, 0x1C, 0x5F, 0xF1, 0x21, 0xFB, 0xBA, 0xBA, 0x4A, 0x17, 0xF2,
    0xED, 0xB9, 0x34, 0x9B, 0x17, 0xB6, 0x32, 0xB4, 0x45, 0x28, 0x02, 0xC5, 0xFA, 0x52, 0xC8, 0xEE,
    0x4B, 0xA1, 0x91, 0xFE, 0x7C, 0xB3, 0xFF, 0x7B, 0x00, 0x15, 0x2B, 0x28, 0x17, 0xE8, 0x5C, 0x5F,
    0x2D, 0xBD, 0xAC, 0xE6, 0xE6, 0xCB, 0xA7, 0x74, 0x46, 0x76, 0x0B, 0xE8, 0x35, 0x93, 0x4B, 0x0B,
    0xD5, 0xF6, 0xEB, 0x85, 0xC6, 0xB3, 0x60, 0x1C, 0x33, 0xFD, 0xC0, 0x4D, 0x6C, 0x07, 0x88, 0x1D,
    0x4F, 0xDE, 0x42, 0x18, 0x21, 0xDA, 0x15, 0x75, 0x04, 0xEC, 0x50, 0xCB, 0xF7, 0xE3, 0x33, 0xDB,
    0x9B, 0x66, 0x26, 0xA5, 0x3D, 0x0F, 0x14, 0x52, 0x80, 0xDB, 0xDB, 0x19, 0x34, 0x5F, 0x05, 0xAC,
    0xD6, 0x4C, 0xF6, 0x41, 0xB1, 0x36, 0x43, 0x11, 0x6A, 0xB7, 0x7B, 0x6B, 0x5D, 0x26, 0x75, 0xD8,
    0x8D, 0x6C, 0x7B, 0x8B, 0xC2, 0x43, 0xB1, 0x9D, 0xBA, 0x5C, 0xF2, 0x99, 0x34, 0x57, 0x2E, 0x5F,
    0x74, 0xA8, 0xFE, 0xCA, 0x4E, 0x95, 0x34, 0x64, 0xF6, 0x13, 0xB8, 0x42, 0xC7, 0x9D, 0x72, 0xC2,
    0x34, 0x03, 0xCD, 0x06, 0xE5, 0x02, 0x9C, 0x91, 0x14, 0x47, 0xE9, 0x68, 0x15, 0x32, 0x69, 0x8D,
    0x73, 0xAC, 0x8D, 0x67, 0x35, 0x8E, 0x07, 0xFD, 0xC0, 0xCB, 0x69, 0x06, 0x71, 0xE9, 0x56, 0xC2,
    0x48, 0xDD, 0x35, 0xD9, 0x01, 0xF5, 0x23, 0x32, 0x33, 0x8A, 0xD1, 0x55, 0x48, 0xA2, 0xD5, 0x59,
    0xC6, 0x15, 0x4A, 0xB7, 0x50, 0x7C, 0xEC, 0xC9, 0x2F, 0x46, 0xB0, 0x0E, 0x5A, 0xBE, 0x91, 0xFD,
    0xD3, 0x5C, 0x49, 0x73, 0xA3, 0x6D, 0x36, 0xE3, 0x5D, 0x8C, 0x33, 0xBB, 0xDB, 0xC9, 0x52, 0x6B,
    0xA5, 0xD4, 0x42, 0xFD, 0xE9, 0x80, 0x01, 0xCC, 0xA7, 0x27, 0x1A, 0x69, 0x6C, 0x25, 0xDF, 0x53,
    0x7B, 0x25, 0x77, 0x66, 0xB2, 0x17, 0x72, 0x46, 0x1B, 0xA5, 0xDE, 0x84, 0x27, 0xB8, 0x09, 0xBF,
    0xC8, 0x3D, 0x34, 0x6F, 0x38, 0xA8, 0x04, 0xE4, 0x2B, 0xC0, 0xCB, 0x3C, 0xA4, 0x5E, 0xEF, 0xCB,
    0xF7, 0xBA, 0xA7, 0xA9, 0x0C, 0x6C, 0x14, 0xA1, 0x58, 0x22, 0xEA, 0x29, 0xC2, 0x0C, 0x11, 0xEF,
    0x40, 0xB1, 0x2D, 0x11, 0x9A, 0x13, 0xD6, 0x88, 0x55, 0x11, 0xC1, 0xBA, 0x08, 0xE3, 0x23, 0xEA,
    0x10, 0x51, 0x8A, 0x72, 0xCD, 0x34, 0x1A, 0xB9, 0x7E, 0xEE, 0xE5, 0xAA, 0xE9, 0x4A, 0xD6, 0xC1,
    0x9D, 0x6A, 0x04, 0xD3, 0x0C, 0xD0, 0x0A, 0xA8, 0x02, 0x90, 0xCF, 0x3C, 0xAC, 0x67, 0x02, 0x60,
    0x12, 0xAE, 0x25, 0x14, 0xFF, 0x09, 0xB3, 0x46, 0xB4, 0x09, 0x7B, 0xAA, 0x76, 0x88, 0xB0, 0x29,
    0x46, 0x88, 0x50, 0xC2, 0x11, 0x68, 0x88, 0x30, 0x63, 0x44, 0xE3, 0x23, 0xAA, 0x40, 0xA3, 0x17,
    0x44, 0xAB, 0xE1, 0x1D, 0xC8, 0x5E, 0x04, 0x7A, 0x8D, 0xE4, 0xD2, 0x4C, 0xF5, 0xE5, 0xB5, 0x95,
    0x66, 0xCC, 0x84, 0x71, 0xD8, 0xAE, 0xEF, 0xE8, 0x07, 0x0B, 0xC6, 0xE9, 0x71, 0xE8, 0x30, 0x83,
    0x1D, 0xE8, 0x3B, 0x33, 0x22, 0xCC, 0x9C, 0xAF, 0xD4, 0xB2, 0x0B, 0x85, 0x34, 0xC1, 0x6D, 0x01,
    0x2C, 0x40, 0xEE, 0x81, 0x62, 0xC7, 0x36, 0x40, 0x2E, 0x07, 0xD8, 0x2E, 0x7A, 0xA2, 0xD2, 0x4A,
    0x7B, 0x91, 0xFA, 0x69, 0x88, 0x0D, 0x9D, 0x30, 0x8F, 0xBA, 0x8B, 0x09, 0x22, 0xCD, 0x85, 0x68,
    0x14, 0xC8, 0xE5, 0xC1, 0x0C, 0x70, 0x17, 0x08, 0xC0, 0x0A, 0xD8, 0x11, 0xDA, 0x01, 0x7A, 0x45,
    0xD8, 0x84, 0x57, 0x4E, 0x1D, 0x49, 0x3F, 0xEE, 0x80, 0xF9, 0xE9, 0x2D, 0x4A, 0x2D, 0xD1, 0x33,
    0x87, 0x7E, 0xF0, 0xA1, 0x33, 0xAE, 0x52, 0x77, 0x0F, 0xA8, 0xFE, 0xE6, 0xF7, 0xC6, 0xA9, 0x2F,
    0x3F, 0xE1, 0x6B, 0x19, 0x69, 0xE8, 0x25, 0xD7, 0x9F, 0x34, 0xBC, 0x86, 0xB8, 0x93, 0x07, 0xAE,
    0x56, 0x1E, 0x1A, 0x07, 0xFD, 0x08, 0x76, 0x4D, 0xA3, 0x74, 0x20, 0x07, 0x66, 0xF7, 0xAB, 0xD1,
    0x2B, 0x76, 0xD0, 0x67, 0xA2, 0x57, 0xA0, 0xD2, 0x19, 0x74, 0x57, 0x29, 0xDC, 0x03, 0x8A, 0xCF,
    0x67, 0xB2, 0x8B, 0xE9, 0xBF, 0x7E, 0xA7, 0xAD, 0x34, 0x18, 0xC9, 0x99, 0x93, 0xBA, 0xEB, 0xD9,
    0xCA, 0x73, 0xC5, 0x02, 0xF5, 0xB4, 0x67, 0xC4, 0x02, 0x9A, 0x41, 0x1B, 0xFC, 0xBF, 0x3A, 0xB0,
    0x97, 0xBD, 0x76, 0x3F, 0x47, 0x3F, 0xDC, 0x45, 0xF4, 0xDA, 0x68, 0xB5, 0x90, 0x2B, 0xCD, 0x75,
    0xB3, 0xC9, 0x7D, 0xFD, 0xC1, 0x58, 0x69, 0xC8, 0x05, 0x6F, 0xC3, 0xAE, 0xA7, 0x44, 0xAD, 0x44,
    0xBE, 0xF5, 0x6F, 0x23, 0x5B, 0x29, 0x02, 0xCD, 0x82, 0x9D, 0x30, 0x1D, 0xD9, 0xAD, 0x17, 0xD9,
    0xD5, 0x4B, 0x63, 0x82, 0x8B, 0x5E, 0xF7, 0x77, 0x65, 0x78, 0x49, 0x5D, 0x7F, 0x92, 0x2B, 0x02,
    0x72, 0x77, 0xD0, 0x10, 0x0B, 0x33, 0xDE, 0xC9, 0x45, 0x2C, 0xDA, 0xE9, 0x6A, 0x64, 0xFA, 0x28,
    0x4F, 0xBD, 0xA4, 0xA2, 0xF6, 0xB4, 0xFE, 0x28, 0x8C, 0x3B, 0x0A, 0x0D, 0xEC, 0x45, 0x2E, 0x52,
    0xD1, 0x4C, 0x65, 0xD8, 0x8B, 0xD6, 0xD5, 0x73, 0xE6, 0x63, 0xD1, 0x0F, 0xAD, 0xCF, 0x63, 0x91,
    0x89, 0xDE, 0x15, 0xBE, 0xDC, 0x6C, 0x40, 0x9F, 0xDE, 0x9F, 0x8C, 0x34, 0xA1, 0x88, 0x5E, 0x5F,
    0xB2, 0x07, 0xE3, 0xD0, 0x91, 0xF9, 0x88, 0x0C, 0xEC, 0x89, 0x81, 0x3D, 0x30, 0xB0, 0xE7, 0x05,
    0xF6, 0xB8, 0x46, 0x61, 0x4F, 0xDB, 0x6B, 0xDD, 0xC3, 0xF6, 0xF7, 0xC3, 0x1E, 0xE8, 0x4E, 0xED,
    0xF7, 0xEB, 0xAB, 0xED, 0xB8, 0x5F, 0xE9, 0x87, 0x23, 0x31, 0x7B, 0xCE, 0x62, 0x65, 0x8F, 0x59,
    0xCD, 0x4F, 0xC4, 0xAB, 0x19, 0x9A, 0xE9, 0xE7, 0x7B, 0x48, 0xE3, 0xAE, 0x97, 0xDB, 0xFD, 0x94,
    0x71, 0x3D, 0x22, 0x86, 0x3D, 0xA1, 0x55, 0x20, 0xB3, 0x24, 0xD5, 0x4A, 0xA4, 0x12, 0xBB, 0x1E,
    0x73, 0xC9, 0xAC, 0xB0, 0x9A, 0x2B, 0x09, 0x29, 0xB4, 0x17, 0x42, 0xF7, 0x67, 0x33, 0x88, 0xB9,
    0x99, 0x6C, 0x27, 0xBC, 0x71, 0x42, 0x90, 0x20, 0xF2, 0x15, 0x21, 0xCA, 0x05, 0x21, 0x6A, 0x7F,
    0x55, 0x9D, 0xD2, 0x2D, 0x62, 0xDF, 0x15, 0xB6, 0x7B, 0xD0, 0x4B, 0xBF, 0x49, 0x9F, 0x22, 0xBB,
    0x4A, 0x4B, 0xB5, 0x98, 0x45, 0x9A, 0xD9, 0x55, 0x76, 0xD0, 0x3A, 0x90, 0xA3, 0x10, 0x14, 0x3F,
    0xFC, 0xB3, 0x0A, 0x06, 0xC8, 0x47, 0x28, 0x27, 0xA8, 0x1D, 0x34, 0x1D, 0x3C, 0xFB, 0xBF, 0x7B,
    0x56, 0x1D, 0x2A, 0x77, 0xD6, 0xD3, 0xCE, 0x90, 0x58, 0x28, 0x91, 0x6B, 0x3C, 0x2A, 0x13, 0xE8,
    0x85, 0x51, 0x62, 0xA9, 0xAE, 0x9C, 0x29, 0xE4, 0x0A, 0x1F, 0xE9, 0x77, 0xCE, 0x89, 0x17, 0x21,
    0xF1, 0x0B, 0x25, 0x7E, 0xAE, 0x7B, 0x91, 0xDE, 0xBE, 0x9F, 0x68, 0xBE, 0x48, 0x6C, 0x2E, 0x12,
    0x2B, 0x25, 0x16, 0x3B, 0xB3, 0xC4, 0x19, 0xEB, 0x69, 0xD5, 0x19, 0x8F, 0x51, 0x57, 0xFB, 0xCB,
    0x13, 0xE8, 0x13, 0xC0, 0x73, 0x40, 0x0F, 0x98, 0x01, 0x2A, 0x07, 0x59, 0xF4, 0xA1, 0x6B, 0x1F,
    0xA9, 0xD3, 0xB9, 0xDC, 0x6D, 0xD9, 0xA9, 0x9E, 0x1B, 0x5F, 0x7F, 0xCB, 0xAB, 0x0F, 0x46, 0x36,
    0x1A, 0x76, 0x15, 0x0E, 0x68, 0x47, 0x40, 0x03, 0x64, 0x0B, 0x97, 0xEA, 0xBB, 0xE3, 0xB4, 0x5B,
    0x7C, 0xE4, 0x23, 0x5C, 0xC2, 0xC7, 0x13, 0xA0, 0x31, 0x61, 0x82, 0x94, 0xFA, 0x78, 0x38, 0xFF,
    0x6B, 0x81, 0x2A, 0x9D, 0xCD, 0xEA, 0xF7, 0x56, 0x68, 0x5E, 0xDF, 0xC0, 0xA0, 0x88, 0x93, 0x3A,
    0xAC, 0xE4, 0x50, 0x44, 0xB6, 0xD0, 0x8E, 0xC5, 0x4C, 0xE3, 0x4B, 0x4F, 0x3D, 0x1B, 0x21, 0xED,
    0x20, 0x03, 0x5A, 0xC8, 0x05, 0xC5, 0x27, 0xEC, 0xCA, 0x56, 0x28, 0xD5, 0x51, 0xDF, 0x70, 0xD4,
    0x45, 0xF4, 0x1F, 0x1D, 0xA5, 0x20, 0xFB, 0x2B, 0xBB, 0x32, 0x3B, 0x7E, 0xF7, 0x33, 0xF1, 0xB9,
    0xCE, 0x1E, 0x3A, 0x13, 0x1F, 0x7A, 0x76, 0x67, 0x9F, 0x90, 0xEB, 0x9B, 0x6F, 0xFE, 0xFF, 0xBA,
    0x1F, 0xEF, 0x7C, 0x4C, 0x0E, 0x50, 0x0D, 0x40, 0xE3, 0x00, 0x03, 0xF0, 0x76, 0xC2, 0xAB, 0xFC,
    0xF0, 0xC7, 0xE5, 0x63, 0xBE, 0x01, 0xA8, 0x1D, 0x60, 0x23, 0x72, 0x75, 0x11, 0x9F, 0x70, 0xA9,
    0x5B, 0x5C, 0xA1, 0xD1, 0xFC, 0x17, 0xAC, 0xE4, 0xF3, 0xED, 0x86, 0x5C, 0x39, 0x63, 0x5D, 0xED,
    0xB1, 0x63, 0x33, 0xE6, 0x31, 0x81, 0xAB, 0xFE, 0xE9, 0x8D, 0x6B, 0xEB, 0x88, 0x3B, 0x11, 0xEF,
    0xFA, 0x88, 0x0F, 0x5C, 0xC4, 0x39, 0xF5, 0xD4, 0x06, 0x5A, 0xD7, 0xCC, 0x18, 0x57, 0xAF, 0x88,
    0x5A, 0xE7, 0x2B, 0xD7, 0xA5, 0x99, 0x5F, 0x5E, 0xDB, 0x3A, 0x0E, 0x0D, 0x80, 0x87, 0x3C, 0xBA,
    0x98, 0xA0, 0x72, 0x50, 0xF2, 0x8D, 0x6E, 0x2F, 0x37, 0x73, 0xC9, 0x57, 0x9B, 0xC6, 0xDA, 0xB7,
    0x63, 0x7C, 0xC5, 0x56, 0xD6, 0x9B, 0xF7, 0x3E, 0xF4, 0xE6, 0xC3, 0xD8, 0x27, 0xC4, 0xFF, 0xFA,
    0x66, 0x6A, 0xA6, 0xD8, 0x64, 0xD3, 0x60, 0xB4, 0xF1, 0xB3, 0xFE, 0x98, 0x60, 0xB8, 0x0A, 0xF9,
    0x74, 0x1D, 0x8A, 0xA5, 0x87, 0x6C, 0x35, 0x0E, 0xCC, 0x8D, 0xD4, 0xA4, 0xF3, 0x1C, 0xCA, 0x78,
    0xFC, 0x9A, 0x57, 0xC8, 0x47, 0xFC, 0xE3, 0xD1, 0x35, 0xEF, 0xF9, 0x0D, 0xCC, 0x63, 0xD6, 0xBC,
    0x05, 0x33, 0x16, 0xFB, 0x9A, 0xE7, 0x69, 0x2E, 0x6F, 0xED, 0x4C, 0x7A, 0xFA, 0x69, 0xF8, 0xD5,
    0x75, 0x30, 0x06, 0x9A, 0xDF, 0x42, 0xF5, 0xC6, 0x40, 0x71, 0x6F, 0xF8, 0xFE, 0xAB, 0x2C, 0xAF,
    0x00, 0x85, 0xDC, 0xB1, 0xCF, 0xD6, 0xCF, 0x47, 0x3C, 0xCD, 0xF8, 0xE8, 0xEE, 0xDA, 0x7D, 0x3D,
    0x94, 0x7B, 0xCC, 0xEE, 0xBA, 0x7C, 0xA7, 0xDD, 0x75, 0xC1, 0x4C, 0x69, 0xB2, 0xB9, 0x55, 0x26,
    0x19, 0xE5, 0x12, 0xB6, 0xA3, 0xD0, 0x48, 0x7D, 0xEE, 0x79, 0x36, 0xF7, 0xC0, 0xF0, 0xBD, 0x86,
    0xF9, 0x37, 0xC5, 0x95, 0x45, 0xB4, 0xED, 0x48, 0x15, 0x86, 0xBF, 0xA4, 0xEE, 0xBB, 0xE7, 0xB1,
    0xB2, 0x9A, 0xC2, 0xAD, 0xA5, 0xDE, 0x0C, 0x27, 0x93, 0x3B, 0x6B, 0xA9, 0xC2, 0xDD, 0x61, 0xCC,
    0x7C, 0x82, 0xBB, 0x25, 0xF8, 0xF4, 0xCD, 0x27, 0xB8, 0xBB, 0x3B, 0x29, 0xDC, 0x21, 0x30, 0x44,
    0x0F, 0xCE, 0xEC, 0x16, 0xAC, 0xF4, 0x22, 0x8F, 0x5B, 0xC9, 0x4F, 0xD2, 0xA4, 0xDD, 0x7D, 0xAF,
    0xFD, 0x7D, 0xC7, 0x4F, 0xFE, 0x1D, 0xAB, 0xD3, 0x45, 0xE0, 0x31, 0xA6, 0xC7, 0xBF, 0x2B, 0xE1,
    0x7E, 0x9D, 0x31, 0xA9, 0x81, 0x97, 0x56, 0x6C, 0x85, 0x97, 0xF2, 0xCA, 0x6E, 0xFE, 0x78, 0x36,
    0x99, 0x95, 0xAF, 0x2C, 0x70, 0x05, 0xF3, 0xC7, 0x5A, 0x23, 0xC5, 0x85, 0xD6, 0x64, 0xD8, 0x38,
    0x5A, 0xF8, 0xC6, 0xC2, 0x15, 0xBF, 0xD9, 0x7E, 0x3F, 0x1E, 0x9E, 0x82, 0xDA, 0x2D, 0xBC, 0x28,
    0x60, 0x7F, 0xD9, 0xB2, 0xFB, 0x6E, 0xA4, 0xFC, 0x4E, 0xE4, 0xAA, 0xEA, 0x7A, 0x2A, 0x65, 0xDC,
    0xC9, 0x84, 0x7F, 0x8B, 0xE8, 0x10, 0xD2, 0xC6, 0xC7, 0x3E, 0x86, 0x00, 0x05, 0xE8, 0x22, 0xF8,
    0xF9, 0x5B, 0x38, 0x4D, 0x94, 0xFA, 0x2B, 0x1C, 0xBE, 0x07, 0x7C, 0x86, 0x4E, 0x30, 0xD4, 0xD0,
    0x9E, 0x77, 0x87, 0x67, 0xA7, 0x0B, 0x18, 0xF5, 0xD8, 0xE3, 0xC4, 0x3D, 0x8B, 0x04, 0xB4, 0xB7,
    0x20, 0xF3, 0x47, 0x6F, 0x24, 0xF3, 0x9E, 0x33, 0xA7, 0xF8, 0x8A, 0x0D, 0xB3, 0x8B, 0xCD, 0xD3,
    0x93, 0xFD, 0x76, 0x2E, 0xFA, 0x47, 0x01, 0xC0, 0x4E, 0xD3, 0x4E, 0x99, 0xA6, 0xC7, 0xC7, 0x9B,
    0xEF, 0xA6, 0x37, 0xEB, 0xF7, 0x27, 0xE0, 0x51, 0x17, 0xF2, 0x26, 0x8F, 0xAF, 0xA9, 0x6D, 0x6B,
    0xDF, 0x15, 0xCD, 0xE3, 0xB7, 0x7C, 0x87, 0xC2, 0x6A, 0x35, 0x37, 0xDE, 0x95, 0x92, 0x55, 0x2A,
    0x3F, 0x40, 0x2D, 0x3A, 0xC5, 0xC1, 0xC5, 0xB3, 0x26, 0x00, 0x80, 0x14, 0xA5, 0xD6, 0x0D, 0xD8,
    0x74, 0x0B, 0xFA, 0xF2, 0xF5, 0xE7, 0x52, 0x2C, 0x27, 0x9C, 0x82, 0xEF, 0xE2, 0x51, 0x15, 0x29,
    0x01, 0xCE, 0xCF, 0xF8, 0xBC, 0xDA, 0xDC, 0x78, 0x3B, 0xB5, 0xB5, 0xDA, 0x82, 0x16, 0x6C, 0xB9,
    0x5F, 0xF4, 0xDD, 0x11, 0xAA, 0x7F, 0x4D, 0x50, 0x8C, 0x1E, 0xB8, 0x64, 0xB7, 0x85, 0xA2, 0x78,
    0x01, 0xD0, 0xA8, 0xA7, 0x94, 0x46, 0xAA, 0x73, 0x6E, 0xC2, 0xF5, 0xA5, 0xF0, 0x11, 0x85, 0x26,
    0xD0, 0xB5, 0x1D, 0xF8, 0xA8, 0x1B, 0x52, 0xC0, 0xB7, 0x5D, 0x4B, 0x87, 0xEF, 0x11, 0xF5, 0x60,
    0x32, 0x56, 0xDD, 0x80, 0x91, 0x7A, 0x78, 0xC9, 0x39, 0x38, 0x3C, 0x04, 0xE7, 0x16, 0x9E, 0xDD,
    0x62, 0x7F, 0x1A, 0x31, 0xDF, 0xED, 0x29, 0xBF, 0xDD, 0x73, 0x55, 0x75, 0x7B, 0x2A, 0x4D, 0xD4,
    0x27, 0xC2, 0x47, 0xB5, 0x5D, 0x68, 0xA2, 0xF0, 0xD7, 0x26, 0x34, 0x6D, 0xB7, 0x3E, 0x3B, 0x99,
    0x71, 0x1A, 0x29, 0xD5, 0x42, 0x39, 0x01, 0x56, 0x01, 0x7C, 0x17, 0xD7, 0x79, 0x16, 0x9D, 0x29,
    0xB8, 0x4B, 0x86, 0xA2, 0xEE, 0x41, 0x03, 0xE6, 0x24, 0x63, 0xC2, 0x37, 0x80, 0x33, 0xB7, 0x6B,
    0x98, 0x83, 0x02, 0xB8, 0xC4, 0x44, 0x68, 0xAA, 0x3D, 0xF8, 0xEF, 0x0E, 0x50, 0xA5, 0x0C, 0xA4,
    0x47, 0x03, 0xF7, 0x62, 0xAB, 0x46, 0x33, 0x74, 0xD2, 0x9E, 0x47, 0xCE, 0x1A, 0x30, 0xB9, 0xCA,
    0x8B, 0xCC, 0x55, 0xDA, 0x8D, 0x8B, 0x5C, 0xC2, 0x48, 0x71, 0xD1, 0x0C, 0x66, 0x5E, 0x95, 0xBB,
    0xB0, 0xC8, 0xC7, 0x45, 0x36, 0x2D, 0xDA, 0x65, 0x76, 0x53, 0xA9, 0xD0, 0x28, 0x76, 0xFB, 0x45,
    0xAE, 0x3F, 0x7D, 0x0F, 0x2E, 0xAB, 0xF1, 0x75, 0x70, 0xCF, 0x8E, 0xD5, 0x0F, 0xA3, 0xD9, 0xEE,
    0x24, 0x9C, 0xFF, 0xED, 0x51, 0xBF, 0xCD, 0x52, 0xB6, 0x1A, 0xED, 0x78, 0xC3, 0x67, 0x6A, 0xA3,
    0x20, 0x05, 0xAA, 0x01, 0xF0, 0x13, 0xF0, 0x2D, 0x01, 0xC9, 0x01, 0xED, 0x01, 0xD7, 0x28, 0xAF,
    0x19, 0x9A, 0x35, 0xFE, 0xF9, 0x77, 0x48, 0x7C, 0xBF, 0xC6, 0xF7, 0x6B, 0x7C, 0xBA, 0x60, 0xD4,
    0xDB, 0xE3, 0x74, 0x5E, 0x99, 0xA0, 0xBD, 0x76, 0xF0, 0xC1, 0x8E, 0xF7, 0xBA, 0x91, 0xE0, 0x48,
    0x10, 0x4E, 0x03, 0x45, 0xBA, 0x0C, 0x28, 0xB3, 0x0F, 0x80, 0x5C, 0x04, 0xEA, 0xB7, 0x25, 0xC0,
    0xB4, 0x9F, 0xE1, 0x5A, 0xD5, 0x28, 0x4A, 0x9B, 0x77, 0x13, 0x6B, 0xDE, 0x8C, 0xBD, 0xCD, 0x9E,
    0x70, 0x7B, 0x0A, 0xE1, 0x7B, 0xD0, 0x89, 0xDA, 0x6D, 0x37, 0x71, 0xA8, 0x3D, 0x00, 0x50, 0xFE,
    0xAA, 0x07, 0xF3, 0x97, 0xB4, 0xE8, 0xDF, 0x8B, 0x8A, 0x61, 0x04, 0xBE, 0xF2, 0x46, 0xE0, 0xE8,
    0x61, 0x5C, 0xA3, 0xEA, 0x54, 0x27, 0x94, 0x94, 0x78, 0x49, 0x7A, 0xC9, 0x3A, 0xA0, 0xBD, 0x59,
    0x8D, 0x2E, 0x51, 0x49, 0x03, 0x46, 0x27, 0x0A, 0x74, 0x6F, 0x13, 0xD0, 0x05, 0xC0, 0xA8, 0x87,
    0xF5, 0x0E, 0xBD, 0xBA, 0x58, 0x7D, 0x40, 0xB8, 0x1B, 0x77, 0x44, 0x35, 0x00, 0xCD, 0x04, 0xCC,
    0x02, 0xFA, 0x1A, 0xE0, 0xF4, 0x1D, 0x37, 0xF9, 0xBB, 0x04, 0xF7, 0x7F, 0x0E, 0x85, 0x44, 0x25,
    0x05, 0x37, 0x34, 0xC1, 0xC7, 0x7A, 0xC1, 0xE1, 0xF7, 0x07, 0xF8, 0x09, 0x9C, 0x7A, 0x2A, 0x8D,
    0x14, 0x12, 0x38, 0xB5, 0x07, 0x85, 0xE2, 0x9B, 0xF0, 0xF1, 0xCD, 0x0B, 0x4D, 0xE8, 0xDA, 0xE6,
    0x44, 0x34, 0xCA, 0x9C, 0xAF, 0xB3, 0x00, 0xE0, 0x02, 0xD4, 0x11, 0xEC, 0x4A, 0x0B, 0x35, 0x70,
    0x29, 0x14, 0x6A, 0xAD, 0x52, 0x7D, 0x9C, 0x7C, 0x99, 0x7C, 0xD8, 0xD7, 0x7F, 0xC5, 0xAA, 0x2D,
    0x95, 0xA8, 0xC7, 0xC1, 0xE4, 0x6C, 0xB2, 0x8E, 0x47, 0x69, 0x5F, 0xCF, 0x01, 0x28, 0x06, 0xCA,
    0x0C, 0x6B, 0xAF, 0xCF, 0x4D, 0x8F, 0xB6, 0xD2, 0xA7, 0xFF, 0xAB, 0x6C, 0x93, 0x1F, 0x17, 0xBE,
    0x60, 0xD3, 0xA5, 0xD8, 0xC4, 0xCD, 0xE2, 0x86, 0x35, 0x7E, 0x58, 0x00, 0x80, 0x5D, 0x0F, 0x55,
    0x02, 0xB3, 0xB2, 0x87, 0x2A, 0x82, 0x0D, 0xF0, 0x20, 0xC8, 0x94, 0x6B, 0x73, 0xBE, 0xB2, 0x57,
    0x7E, 0xE4, 0xFC, 0x81, 0x1B, 0x5D, 0x6D, 0xF4, 0x8D, 0x42, 0x99, 0x66, 0xBF, 0xCD, 0x5C, 0x47,
    0xEC, 0xDA, 0x38, 0xB8, 0x14, 0x5E, 0x08, 0x4E, 0x03, 0x9D, 0x32, 0xF3, 0x93, 0x67, 0x32, 0x62,
    0x44, 0xBC, 0x12, 0x41, 0x39, 0xC3, 0x2E, 0x43, 0x3D, 0x72, 0xA8, 0x09, 0x27, 0x05, 0xFB, 0xD7,
    0x2E, 0x82, 0xDF, 0x68, 0x16, 0xBA, 0x40, 0x29, 0x70, 0x13, 0x9F, 0xD6, 0x80, 0x14, 0x69, 0xFE,
    0xC9, 0x76, 0xAF, 0xCD, 0xD4, 0x9A, 0xF1, 0x6F, 0x11, 0x35, 0xE2, 0x14, 0x82, 0x72, 0x82, 0xDD,
    0x08, 0xF5, 0xC4, 0x4E, 0xA2, 0x3A, 0xA7, 0x58, 0x84, 0x6B, 0xFE, 0x9F, 0x02, 0x46, 0xF0, 0x92,
    0xCC, 0x4B, 0x94, 0x68, 0xD4, 0x52, 0xFF, 0x15, 0xA8, 0x78, 0x2D, 0x60, 0xBF, 0x3D, 0x00, 0xBB,
    0xFF, 0xF4, 0x40, 0xA1, 0x16, 0xC0, 0x73, 0x03, 0xE7, 0x7D, 0x58, 0xAD, 0x35, 0xBC, 0x1B, 0x6E,
    0xFC, 0x9C, 0x9E, 0x3F, 0xF6, 0xE9, 0xC5, 0x92, 0x36, 0xDF, 0xCC, 0x35, 0xB0, 0x5E, 0x45, 0x97,
    0xE3, 0xB7, 0xFF, 0x5F, 0x7D, 0x64, 0x22, 0xBC, 0xC9, 0x2E, 0xF2, 0x0D, 0x60, 0x27, 0xD6, 0xE1,
    0x00, 0xCE, 0xB2, 0xD5, 0x61, 0x06, 0xFC, 0xAA, 0x7A, 0x95, 0xB9, 0xAE, 0x9A, 0x1E, 0xF3, 0xFF,
    0x00, 0xC7, 0x23, 0x66, 0xDA, 0x6D, 0xB7, 0xDB, 0x5B, 0x20, 0x27, 0xAB, 0x58, 0xAF, 0xFA, 0x1F,
    0x6D, 0x90, 0x2F, 0x6C, 0x1B, 0x31, 0x1C, 0x85, 0xBF, 0xE4, 0xB4, 0xDC, 0x26, 0x6B, 0xBA, 0x81,
    0x80, 0x31, 0x07, 0x0C, 0x6E, 0x32, 0x0D, 0xB8, 0x9C, 0xCD, 0x39, 0x57, 0xF0, 0xD0, 0xE0, 0xC0,
    0xFD, 0xE3, 0x28, 0x9C, 0x8C, 0x8F, 0x83, 0x82, 0x4B, 0x63, 0x8E, 0x8E, 0xA3, 0xE3, 0xC8, 0x95,
    0x0C, 0x0C, 0x9C, 0xB8, 0x56, 0x55, 0xA9, 0x4A, 0xD5, 0xF7, 0x19, 0x58, 0x0F, 0xFC, 0xF4, 0xE9,
    0xED, 0x78, 0xE0, 0xCA, 0x80, 0xB4, 0xEB, 0x11, 0xD6, 0x08, 0x2B, 0xAD, 0x36, 0x3D, 0x7B, 0x80,
    0x23, 0xEB, 0x48, 0x79, 0xA3, 0xFA, 0x67, 0x94, 0xB0, 0x3F, 0x8B, 0x51, 0x7F, 0x49, 0x39, 0xC7,
    0xF8, 0xFB, 0x3F, 0x29, 0x99, 0x94, 0xD8, 0xAD, 0x82, 0x48, 0x8F, 0x43, 0x94, 0x4B, 0x47, 0xCA,
    0x74, 0x74, 0xD2, 0x24, 0x6D, 0xF3, 0xCB, 0x1F, 0xB1, 0xE8, 0xD8, 0xD6, 0xFB, 0x9A, 0x20, 0xE6,
    0xD2, 0xAC, 0x10, 0x27, 0xED, 0xFD, 0xE4, 0x6A, 0xDF, 0x0E, 0x5E, 0xCE, 0xDF, 0x3F, 0x2B, 0xA9,
    0xD5, 0xF9, 0x10, 0x5A, 0xF7, 0x07, 0xBE, 0x7D, 0xC2, 0x4B, 0xA6, 0x03, 0x3A, 0x20, 0x1D, 0xE5,
    0xCC, 0x8F, 0x6D, 0x68, 0x63, 0xDB, 0x37, 0x4A, 0x56, 0x02, 0x36, 0x27, 0x15, 0x2F, 0xC9, 0x6B,
    0xFB, 0x15, 0x2A, 0x1A, 0x5A, 0x62, 0xE6, 0x46, 0x87, 0x32, 0xCA, 0x56, 0x19, 0x69, 0x1A, 0x6A,
    0xFA, 0xDC, 0xC5, 0x4C, 0x87, 0xA6, 0x82, 0x69, 0x0A, 0xDE, 0xCD, 0x9D, 0x6E, 0x26, 0x3F, 0x7E,
    0xA4, 0x28, 0xCD, 0x30, 0x3F, 0x39, 0xB7, 0x5C, 0x66, 0x65, 0xE4, 0xEB, 0x21, 0xC5, 0x01, 0x39,
    0xAA, 0xA5, 0x70, 0x65, 0x6E, 0xB7, 0x6C, 0x4C, 0x43, 0xCC, 0xA4, 0x59, 0xD9, 0xF8, 0x12, 0xA0,
    0xF0, 0x88, 0x2B, 0xF2, 0x62, 0x9A, 0xCA, 0xFE, 0x2D, 0xC6, 0xB7, 0x21, 0xDE, 0x6F, 0x74, 0x67,
    0x0E, 0xF0, 0x0B, 0x1A, 0x38, 0x43, 0x00, 0x07, 0xE6, 0xCE, 0xC7, 0xE3, 0x09, 0x24, 0x7A, 0x9E,
    0x01, 0xBD, 0x77, 0x3D, 0x8C, 0xE5, 0xD6, 0x95, 0xE6, 0x25, 0xA9, 0x6E, 0xEE, 0x8A, 0x98, 0xB9,
    0x0A, 0xDA, 0x6B, 0x8F, 0x6B, 0xC6, 0x9C, 0x19, 0x38, 0x30, 0x2C, 0x8F, 0x38, 0x81, 0x03, 0x05,
    0xDD, 0x7D, 0x69, 0x37, 0xB0, 0x0A, 0x1C, 0xA8, 0x81, 0xED, 0x9E, 0x09, 0x26, 0xD0, 0x0E, 0xB0,
    0xC9, 0xC0, 0x41, 0x79, 0x01, 0x05, 0x0A, 0xBA, 0x9A, 0xD4, 0x28, 0x70, 0xA8, 0x72, 0xB2, 0x9B,
    0x2A, 0x50, 0x30, 0x7A, 0x1D, 0x94, 0x03, 0x07, 0x02, 0x5C, 0x2A, 0xB2, 0xAB, 0x82, 0x0E, 0x14,
    0x34, 0x1B, 0x5A, 0x60, 0x80, 0x51, 0xD0, 0xB4, 0x25, 0x60, 0x17, 0x6A, 0x63, 0x8B, 0x9E, 0xA6,
    0x24, 0x56, 0x15, 0xC9, 0xBB, 0xDF, 0x77, 0x2E, 0xDF, 0xAB, 0xF7, 0xEA, 0x47, 0x6A, 0xB5, 0xE5,
    0xAD, 0x7A, 0xF7, 0xB0, 0xEA, 0x91, 0x3C, 0xF7, 0x9C, 0x73, 0xCF, 0xF9, 0xCE, 0x77, 0x94, 0xC2,
    0xCF, 0xAB, 0x58, 0x23, 0x56, 0x51, 0x2A, 0x95, 0x34, 0x4A, 0x79, 0xBF, 0x54, 0xF3, 0x1F, 0x63,
    0x6D, 0xCF, 0x15, 0x8E, 0x77, 0xFA, 0xA0, 0x57, 0x5C, 0xEF, 0x62, 0x29, 0x59, 0xE3, 0x2C, 0x0F,
    0xAC, 0x2D, 0xB1, 0xF2, 0xC5, 0x77, 0xBD, 0xFA, 0x21, 0xD6, 0x36, 0x9F, 0xE5, 0x3B, 0xD3, 0xFB,
    0x9D, 0xD7, 0xC6, 0x69, 0xD0, 0x9B, 0x92, 0x8B, 0x7F, 0x9F, 0xD6, 0x3F, 0xA3, 0xEE, 0x5B, 0x58,
    0x2F, 0x62, 0x3D, 0x77, 0x42, 0x7F, 0x79, 0x42, 0xFF, 0xAD, 0x93, 0xFA, 0x2D, 0x7E, 0x52, 0x27,
    0xB6, 0x0E, 0x8B, 0xB4, 0xD7, 0x4D, 0xA2, 0x3A, 0x8A, 0xFF, 0xA6, 0x9B, 0x3F, 0x53, 0x4A, 0xC3,
    0x2B, 0xA5, 0x3F, 0x7B, 0x07, 0xC2, 0xDA, 0x8A, 0xA2, 0xC3, 0x77, 0x71, 0x0F, 0x11, 0x8C, 0x10,
    0x9E, 0xE5, 0x23, 0x93, 0x88, 0x5B, 0x65, 0x3D, 0x6B, 0x95, 0xF5, 0xAD, 0xF5, 0x18, 0x97, 0x60,
    0x80, 0x88, 0xB0, 0xBB, 0xCA, 0xA0, 0x27, 0x86, 0x02, 0x68, 0x80, 0x0B, 0x17, 0xDF, 0x9E, 0xBC,
    0xF8, 0x01, 0x16, 0x9E, 0x09, 0xB1, 0xE2, 0x4E, 0xA9, 0xEF, 0x2C, 0xDC, 0x53, 0x99, 0xB5, 0x2D,
    0x17, 0x6C, 0x6D, 0x83, 0xDE, 0x6F, 0xDC, 0xF2, 0xB0, 0x54, 0xBA, 0xE4, 0xD3, 0x99, 0x8B, 0xEA,
    0x0C, 0x36, 0xCB, 0xB8, 0xA1, 0x77, 0x83, 0xCA, 0x2A, 0x98, 0xD4, 0x46, 0xC3, 0xC5, 0x36, 0xAE,
    0x55, 0x6B, 0x4A, 0xD5, 0x66, 0xB9, 0x7A, 0xAB, 0xC0, 0x76, 0xF6, 0x93, 0x7F, 0x51, 0x08, 0x85,
    0xA2, 0x63, 0x34, 0xCD, 0xE6, 0x72, 0x9C, 0x7F, 0x9B, 0xD5, 0x6A, 0xDB, 0x74, 0x5E, 0x1F, 0xDB,
    0xAD, 0x2E, 0xB4, 0xB6, 0x56, 0xEB, 0x70, 0xE8, 0x1B, 0xD7, 0x15, 0xFD, 0x8B, 0x10, 0xAD, 0xB8,
    0xCD, 0x52, 0x53, 0x26, 0x58, 0xB1, 0x32, 0xF5, 0x33, 0xCA, 0x0C, 0xCE, 0xC1, 0x08, 0x7A, 0xF8,
    0x0C, 0xFE, 0xC9, 0x9F, 0xF1, 0x6C, 0xB9, 0xA1, 0x4C, 0x79, 0x1B, 0x2B, 0x4B, 0x8B, 0x3C, 0x3B,
    0xB2, 0x30, 0xA5, 0x57, 0x6B, 0x76, 0x93, 0x26, 0x65, 0xB6, 0x84, 0xA5, 0x30, 0xF8, 0x4B, 0x3F,
    0x78, 0xCC, 0xF0, 0xF9, 0x6A, 0x23, 0x4E, 0xAD, 0x29, 0xF1, 0xD9, 0x98, 0x67, 0x42, 0x61, 0x73,
    0x7C, 0xC2, 0xFE, 0x49, 0xF5, 0x64, 0xEE, 0x79, 0x3B, 0x84, 0x30, 0x24, 0xAB, 0x60, 0xD9, 0x93,
    0x7E, 0x10, 0xB1, 0x22, 0xC5, 0x79, 0x47, 0x30, 0xA6, 0x55, 0xF1, 0x26, 0xDD, 0xB4, 0x4C, 0x7A,
    0x77, 0x51, 0xAF, 0x7C, 0xC2, 0xF8, 0x29, 0x5D, 0x5A, 0x75, 0xFA, 0x92, 0xDB, 0x77, 0xDC, 0x05,
    0x91, 0x54, 0x70, 0x02, 0x9B, 0xF3, 0x12, 0x22, 0xA8, 0x09, 0x93, 0x06, 0x07, 0x86, 0x04, 0xC2,
    0xE5, 0xAA, 0xBB, 0xBC, 0x27, 0x5F, 0xFE, 0x10, 0xE7, 0x82, 0x34, 0xCB, 0x5A, 0xCF, 0x16, 0xB0,
    0xB6, 0x8E, 0xB9, 0x53, 0x92, 0x26, 0x76, 0x4C, 0xE1, 0xC8, 0x03, 0x86, 0x39, 0xB3, 0x77, 0x79,
    0x81, 0x67, 0x71, 0x23, 0xA7, 0xAF, 0xCF, 0xBD, 0x30, 0xCB, 0x3F, 0x76, 0x17, 0x9B, 0xBA, 0x4B,
    0x29, 0xF7, 0xB2, 0x5A, 0x2E, 0x71, 0x23, 0x17, 0xBD, 0x72, 0x49, 0xEA, 0x70, 0x4C, 0xE3, 0x23,
    0x5B, 0xCA, 0x7E, 0xD6, 0x6D, 0xFB, 0xB1, 0xE2, 0xCB, 0xF9, 0x5C, 0xA2, 0x70, 0x72, 0x85, 0xCA,
    0xC1, 0x99, 0x74, 0x22, 0x51, 0x3B, 0xDF, 0x56, 0x53, 0xF1, 0x28, 0xFD, 0xFB, 0x59, 0x2A, 0xE5,
    0xD3, 0x8A, 0x84, 0xE3, 0xBA, 0xA5, 0xDF, 0x52, 0x3C, 0xAE, 0x70, 0x56, 0x64, 0x0C, 0x6F, 0x11,
    0x67, 0xAB, 0x6D, 0xE3, 0x8B, 0x9C, 0x2A, 0xC2, 0xAB, 0x58, 0x4C, 0xFC, 0xCF, 0x50, 0x30, 0x51,
    0xD5, 0xC7, 0x8B, 0x7A, 0x51, 0x17, 0x90, 0x22, 0x65, 0x96, 0x23, 0xA9, 0x6C, 0xB9, 0x36, 0xF8,
    0x74, 0x2D, 0x38, 0x04, 0xBC, 0xE8, 0x1A, 0x01, 0x88, 0x4B, 0x08, 0xC3, 0x18, 0x8C, 0x12, 0x08,
    0x96, 0x26, 0xCE, 0x93, 0xA0, 0xC2, 0xBB, 0x0D, 0x84, 0x6E, 0x21, 0x24, 0x8F, 0x02, 0xAB, 0xE0,
    0xB3, 0xCD, 0xA9, 0xAF, 0x86, 0x88, 0x27, 0x0B, 0x7C, 0xEE, 0x18, 0xB4, 0x14, 0x2C, 0x6E, 0x4F,
    0x2C, 0x88, 0xF2, 0x63, 0x13, 0x14, 0x37, 0xB7, 0x14, 0xA3, 0x9C, 0x87, 0x04, 0x10, 0xC2, 0x50,
    0x58, 0x96, 0x30, 0x45, 0xB4, 0x0F, 0x91, 0xBC, 0x09, 0xB1, 0x43, 0x10, 0x41, 0xC4, 0x02, 0x5B,
    0x53, 0x94, 0x14, 0x6A, 0x8A, 0x3B, 0x15, 0xB4, 0x66, 0xAE, 0xCF, 0xAA, 0x67, 0x14, 0x82, 0x78,
    0xD5, 0x87, 0x29, 0x26, 0x80, 0x48, 0x98, 0x47, 0x17, 0x6D, 0xAA, 0x4E, 0xFC, 0x64, 0x76, 0x97,
    0xB8, 0xF1, 0xCF, 0xB6, 0xD1, 0xD8, 0x97, 0x48, 0x91, 0x29, 0x7F, 0x54, 0x08, 0xBA, 0xF5, 0x00,
    0x30, 0xC5, 0x8F, 0xA9, 0xE0, 0x0D, 0xBC, 0x9B, 0xBC, 0x0F, 0xCC, 0xD6, 0xFB, 0xB0, 0x3E, 0xB2,
    0x73, 0xA4, 0xF2, 0x89, 0x54, 0x1E, 0x1C, 0x0C, 0xF8, 0x44, 0x68, 0x4B, 0x0A, 0x7E, 0xDF, 0x89,
    0xE6, 0x3D, 0x3B, 0x50, 0xF4, 0xAC, 0xA2, 0x8A, 0x6E, 0x95, 0x4F, 0x29, 0x80, 0xD9, 0x45, 0x05,
    0xF0, 0xA5, 0x3E, 0x08, 0xD7, 0x43, 0xD4, 0x0E, 0xC5, 0x06, 0xC5, 0x2D, 0x8A, 0xCB, 0x0B, 0x71,
    0x41, 0xF0, 0x3E, 0x9F, 0xFA, 0x8C, 0x12, 0x50, 0xA3, 0xFB, 0x01, 0x53, 0x23, 0xF8, 0x10, 0xF6,
    0x46, 0xF7, 0x98, 0x55, 0x7B, 0xAC, 0xA9, 0x1F, 0x13, 0xFB, 0xA4, 0x9E, 0x66, 0x96, 0xE8, 0xE0,
    0xB2, 0xB4, 0x84, 0xF3, 0xA6, 0xC2, 0xD9, 0x21, 0x9D, 0x51, 0x41, 0x08, 0x2C, 0xBE, 0x35, 0x04,
    0x6B, 0x58, 0xD0, 0x70, 0x85, 0xE3, 0x16, 0x02, 0x1F, 0xCC, 0x71, 0xD6, 0xF5, 0x25, 0x7B, 0xC0,
    0x64, 0xA9, 0x82, 0xD1, 0x02, 0x83, 0x23, 0xF4, 0x99, 0xE5, 0x5F, 0xDD, 0x85, 0xA3, 0xBC, 0x8B,
    0xD2, 0x38, 0x50, 0xDE, 0xCD, 0xEB, 0xEC, 0x49, 0x5C, 0x65, 0xD8, 0xB3, 0xA2, 0x78, 0xFE, 0x7A,
    0x5A, 0x31, 0x74, 0x14, 0xB9, 0xF4, 0x3B, 0xCB, 0x1C, 0x88, 0xBB, 0x55, 0x5D, 0x11, 0x74, 0x15,
    0x0D, 0xDE, 0x45, 0x58, 0x0E, 0xBE, 0x36, 0xEC, 0x27, 0x32, 0xB5, 0xBE, 0xC0, 0xD3, 0xFA, 0x23,
    0x04, 0x42, 0xC0, 0xC8, 0x89, 0x9C, 0x85, 0x26, 0x22, 0x85, 0x48, 0xD2, 0x09, 0x80, 0x9C, 0xB8,
    0x3A, 0x21, 0x90, 0x42, 0xDE, 0x58, 0x85, 0xD0, 0xB1, 0x20, 0xEE, 0xD8, 0x4D, 0x44, 0xD3, 0xF6,
    0x56, 0x04, 0x37, 0xDB, 0x61, 0x66, 0xDC, 0x66, 0xC6, 0x6C, 0x50, 0xF0, 0xAC, 0x9A, 0x4B, 0x10,
    0xD7, 0xBF, 0xB6, 0xDE, 0xCF, 0xF4, 0xF6, 0xD2, 0xA8, 0x01, 0x08, 0xC4, 0xB5, 0xEE, 0x71, 0x31,
    0x8D, 0x1E, 0x01, 0x0F, 0x45, 0xF3, 0x6C, 0x01, 0xAB, 0xC6, 0xB7, 0x54, 0x92, 0x5B, 0x96, 0x24,
    0xBC, 0x0A, 0x99, 0x12, 0xB5, 0xD5, 0xC8, 0x11, 0x5F, 0x70, 0x49, 0xA0, 0x0E, 0xFF, 0x45, 0x9F,
    0xDA, 0x57, 0x88, 0xBA, 0xB8, 0xC7, 0xEC, 0xC7, 0x93, 0xD8, 0xB3, 0xC0, 0x7B, 0x08, 0x95, 0x15,
    0x9C, 0x45, 0x3D, 0xE3, 0x8F, 0x32, 0xEA, 0x3D, 0xBB, 0x69, 0xEA, 0xA4, 0xE5, 0x7E, 0x9D, 0xA9,
    0x62, 0xA4, 0x45, 0xAF, 0xBE, 0x91, 0xA2, 0x44, 0xD8, 0x80, 0x6C, 0x6A, 0x7E, 0x61, 0xCB, 0xAB,
    0xD0, 0x70, 0x05, 0xEB, 0x19, 0x36, 0x04, 0xC6, 0x88, 0x09, 0x8C, 0x7B, 0xEA, 0xA7, 0xDC, 0xCB,
    0xD4, 0x84, 0xB1, 0x1F, 0x60, 0xED, 0x00, 0x00, 0x80, 0x21, 0x95, 0x3D, 0x22, 0x92, 0x8C, 0x28,
    0xD6, 0xFA, 0x8F, 0x89, 0x0F, 0x51, 0xFA, 0x1A, 0xA3, 0xC0, 0x3A, 0x78, 0xC0, 0x34, 0x20, 0xDA,
    0xAA, 0xAD, 0xFF, 0x4F, 0xE0, 0xF4, 0x05, 0xE8, 0x5B, 0x11, 0x5F, 0xF3, 0x3F, 0x08, 0x7D, 0x25,
    0x83, 0xA7, 0x34, 0x66, 0x8F, 0x5D, 0x4A, 0xE3, 0x45, 0x2E, 0xEB, 0x45, 0x2E, 0xBB, 0x84, 0x5E,
    0xE4, 0xF2, 0x6D, 0x8A, 0x6D, 0x88, 0x7F, 0x64, 0x2E, 0x5B, 0xF4, 0x9C, 0xD4, 0x56, 0x38, 0xDF,
    0xDB, 0x20, 0x28, 0x4D, 0xC4, 0x3C, 0x84, 0xAC, 0x42, 0xE8, 0xB6, 0x75, 0x04, 0xE5, 0x00, 0x4E,
    0x9E, 0x69, 0xA3, 0xD1, 0xEB, 0x3F, 0xEF, 0xE2, 0x2C, 0xF5, 0x3E, 0xEB, 0x13, 0x93, 0x7B, 0x9F,
    0xF6, 0x57, 0x4D, 0xEE, 0x37, 0xC3, 0x65, 0xCA, 0x71, 0x1B, 0x48, 0xD6, 0x64, 0x1D, 0xA5, 0x69,
    0x45, 0x36, 0x09, 0x64, 0x5C, 0x53, 0xEA, 0x2A, 0x29, 0xC3, 0x26, 0x2A, 0x13, 0x98, 0xEF, 0xA5,
    0x04, 0x39, 0x54, 0xE2, 0x20, 0x91, 0x4A, 0x5D, 0xBC, 0xE0, 0x68, 0xDC, 0x4E, 0x7D, 0xF9, 0x0C,
    0x39, 0xCE, 0xB6, 0x1A, 0x49, 0xDE, 0x85, 0x3C, 0xEF, 0x49, 0x91, 0x3C, 0x8D, 0x4F, 0x95, 0x39,
    0xD6, 0x9F, 0x0A, 0xE9, 0x13, 0x08, 0xF0, 0xC9, 0xEB, 0xA2, 0x83, 0x18, 0x8F, 0x80, 0x02, 0x92,
    0xC6, 0xE0, 0x99, 0x14, 0xD9, 0x5F, 0x48, 0x25, 0x9C, 0x25, 0x52, 0x60, 0x2D, 0xFA, 0x79, 0x01,
    0xC0, 0x44, 0xC4, 0x92, 0x96, 0x9B, 0xD8, 0xA2, 0x15, 0x24, 0x54, 0x6A, 0xFD, 0x40, 0xB8, 0xA9,
    0x00, 0xA7, 0xB5, 0x6B, 0x76, 0x56, 0xB4, 0xF3, 0x4C, 0x7A, 0x1A, 0x31, 0x65, 0x52, 0x45, 0x7D,
    0xE4, 0x33, 0x37, 0x6F, 0xB0, 0xD0, 0x70, 0xF8, 0x4C, 0xC6, 0xF5, 0xEE, 0x34, 0xEA, 0x46, 0xF8,
    0x2E, 0x69, 0x04, 0x95, 0x2D, 0x0B, 0x77, 0x73, 0x15, 0x01, 0x27, 0xF4, 0x33, 0xD2, 0x24, 0x6E,
    0xD2, 0xD4, 0x1A, 0x21, 0x68, 0xA2, 0x83, 0x6F, 0x36, 0xC0, 0xE0, 0xC6, 0x94, 0x7E, 0x83, 0x23,
    0xA5, 0xF7, 0xCC, 0x8B, 0xD5, 0x95, 0xBA, 0x06, 0x03, 0xE6, 0xAB, 0xCC, 0x81, 0xBA, 0x41, 0xC6,
    0x12, 0x48, 0xD2, 0x8D, 0x32, 0x20, 0xC8, 0xCF, 0xD6, 0xA1, 0x05, 0xA0, 0x1B, 0xD4, 0x85, 0xF9,
    0x95, 0x6E, 0xAE, 0x08, 0xC5, 0xF9, 0xB2, 0x85, 0xA3, 0x06, 0x12, 0x93, 0xD2, 0xC0, 0xAE, 0xBB,
    0xB6, 0xA3, 0x68, 0x49, 0x69, 0x73, 0xE0, 0x8E, 0xE1, 0xE6, 0x40, 0x52, 0x8C, 0x1E, 0xD8, 0xF6,
    0x75, 0x74, 0xDA, 0x64, 0x8F, 0xEF, 0x7D, 0x00, 0x07, 0xA2, 0xA3, 0x92, 0xF5, 0x92, 0x12, 0xD0,
    0x94, 0x9B, 0x14, 0x08, 0xC9, 0xCA, 0xDB, 0x15, 0x3A, 0x57, 0x51, 0xA0, 0xC2, 0xBD, 0xC1, 0x0D,
    0x44, 0xEC, 0xEA, 0x02, 0x7B, 0x7C, 0xA4, 0xE0, 0xA0, 0x42, 0x18, 0x34, 0x1F, 0xA1, 0x1B, 0x65,
    0x6F, 0xA0, 0xC2, 0xEC, 0x35, 0x54, 0x98, 0x65, 0x10, 0x9D, 0xE0, 0xBF, 0x05, 0x6E, 0x74, 0x19,
    0x1E, 0x69, 0x12, 0x3C, 0x8C, 0x3A, 0x10, 0x24, 0x43, 0x54, 0x45, 0x8B, 0x1B, 0x59, 0xA8, 0xD9,
    0xD8, 0xDF, 0x58, 0x9C, 0xD3, 0x03, 0x18, 0x0E, 0x0E, 0x98, 0xA3, 0x8A, 0x50, 0xCA, 0xC5, 0x2E,
    0x9E, 0x49, 0x3E, 0xA2, 0xB9, 0x7C, 0x2E, 0xE4, 0xE6, 0x62, 0xA9, 0x98, 0x15, 0xF1, 0xBB, 0xF8,
    0x21, 0x21, 0xF7, 0x27, 0x78, 0x6E, 0x84, 0xB3, 0x3E, 0x00, 0x36, 0x8D, 0xD0, 0x4F, 0xC0, 0xE5,
    0xAF, 0xD9, 0xBE, 0xB0, 0x2F, 0xD9, 0x3E, 0xB3, 0x1F, 0x00, 0x16, 0x84, 0x5D, 0x08, 0x3F, 0x27,
    0x5D, 0x63, 0xEA, 0xFD, 0xE1, 0x92, 0x34, 0xE3, 0x63, 0xA6, 0x93, 0xD0, 0x56, 0x2B, 0x38, 0x05,
    0xA3, 0x1D, 0x18, 0x8A, 0xBC, 0xBA, 0x24, 0xAF, 0x88, 0x04, 0xAA, 0xDB, 0xF7, 0x69, 0xD4, 0x9B,
    0xB6, 0x5B, 0x1B, 0x60, 0x2D, 0xC1, 0x51, 0x9D, 0x14, 0x03, 0x84, 0x0F, 0x20, 0x91, 0x0E, 0x2B,
    0x2C, 0x43, 0xA9, 0xB5, 0x03, 0xD1, 0x7F, 0x52, 0xA4, 0x0C, 0x04, 0x51, 0x99, 0x4A, 0xEF, 0xDB,
    0xC7, 0x4E, 0xF7, 0x47, 0xB6, 0x0B, 0xA9, 0x5D, 0x78, 0x94, 0x75, 0xBC, 0xE8, 0xEB, 0xBB, 0x84,
    0xE3, 0xFF, 0xB0, 0x7F, 0xE7, 0x18, 0x96, 0xE5, 0x7E, 0xD3, 0x85, 0xBB, 0x0F, 0x6E, 0xF7, 0xFE,
    0x8F, 0xBE, 0xFB, 0xFF, 0x72, 0xBB, 0x3B, 0x98, 0x98, 0x42, 0xAF, 0xA6, 0xCB, 0x8E, 0xBB, 0x6C,
    0xAC, 0x5C, 0x2E, 0xBB, 0xCB, 0x25, 0x79, 0xD8, 0x89, 0x2D, 0x54, 0x43, 0xCF, 0x0A, 0xEA, 0x28,
    0x5E, 0x95, 0x71, 0xC2, 0x09, 0x4C, 0x20, 0xCC, 0x6E, 0xF4, 0x82, 0x23, 0x64, 0x19, 0x8A, 0xB1,
    0x91, 0x89, 0x65, 0x45, 0xA0, 0x15, 0x73, 0x6E, 0x99, 0x74, 0xE1, 0x8D, 0x4C, 0xFE, 0x49, 0xDD,
    0x85, 0x18, 0x3C, 0x81, 0xF0, 0x84, 0xA4, 0x67, 0x5C, 0xC0, 0xC5, 0xE4, 0x82, 0x8E, 0x41, 0x58,
    0x2E, 0x5A, 0xB9, 0x17, 0xF5, 0x72, 0x09, 0xCE, 0xBA, 0x68, 0x9A, 0x4A, 0x5E, 0x18, 0x0B, 0x8D,
    0x73, 0x90, 0x7C, 0x30, 0xDF, 0x16, 0xC3, 0xA7, 0xEC, 0x7B, 0x8A, 0xB8, 0xA1, 0x02, 0x1C, 0xD1,
    0x2C, 0xBE, 0x94, 0x68, 0xAA, 0x9B, 0x29, 0xCA, 0xB2, 0xA3, 0xF6, 0x34, 0xFB, 0x85, 0xAD, 0x6E,
    0xAB, 0xA4, 0xD9, 0xC0, 0x48, 0xF5, 0x2D, 0x15, 0x76, 0xA2, 0x2D, 0x43, 0xBA, 0x19, 0xAC, 0xEF,
    0xDF, 0x99, 0x53, 0xC2, 0xEE, 0x7B, 0xB8, 0xBF, 0x4D, 0x3E, 0x02, 0xE2, 0x0E, 0x3E, 0x92, 0x1A,
    0xD4, 0xDA, 0x45, 0xBB, 0x29, 0x01, 0xBF, 0xC9, 0x51, 0xB2, 0x8C, 0xC0, 0x17, 0x32, 0x47, 0x54,
    0x78, 0x8C, 0xFF, 0x99, 0xE4, 0x8C, 0xBA, 0xD8, 0xC7, 0x41, 0x9D, 0x41, 0x67, 0xA3, 0x56, 0x39,
    0x46, 0x4B, 0xE8, 0x26, 0x2C, 0x1E, 0x5F, 0x40, 0x9D, 0x95, 0x5E, 0xDC, 0x63, 0x2F, 0xD7, 0x7C,
    0xA1, 0x43, 0xCF, 0x91, 0xA6, 0xCE, 0xD4, 0x40, 0x5B, 0x2F, 0xD2, 0x08, 0x48, 0x7A, 0x34, 0x70,
    0xBF, 0x4C, 0xF6, 0x2B, 0x43, 0xD6, 0xC7, 0x45, 0x2B, 0x88, 0x0D, 0x61, 0x1F, 0x01, 0x23, 0xC6,
    0x40, 0x68, 0xC0, 0x5C, 0x0C, 0x10, 0x1E, 0xB0, 0x8A, 0x65, 0xC6, 0x23, 0x93, 0x62, 0x3A, 0xE2,
    0x5F, 0xE4, 0xFB, 0xE6, 0x0D, 0xDE, 0xE0, 0x23, 0x7C, 0x2D, 0xEC, 0x39, 0xAC, 0x02, 0xCA, 0xAA,
    0x04, 0xAE, 0x54, 0x5E, 0xB1, 0x89, 0x2C, 0x69, 0x95, 0xD9, 0x87, 0x0D, 0xB8, 0x7D, 0x81, 0xD1,
    0xF8, 0x29, 0xDB, 0x99, 0x8B, 0x10, 0xC0, 0x4F, 0xD9, 0x60, 0x5A, 0x80, 0xCA, 0x6C, 0x00, 0xDD,
    0xA8, 0xA7, 0xEC, 0x54, 0x61, 0xAE, 0xD6, 0x6D, 0x8E, 0xEE, 0x91, 0x47, 0x87, 0xA3, 0x22, 0xAD,
    0x4C, 0x80, 0x6A, 0xE6, 0xDB, 0x9B, 0x12, 0x61, 0xD6, 0xBC, 0x7D, 0x9D, 0x18, 0x90, 0xE5, 0x56,
    0x7A, 0x27, 0x5B, 0xA7, 0x29, 0x0B, 0xAE, 0x3C, 0xCB, 0xF9, 0x4D, 0x72, 0x84, 0xF7, 0x70, 0x54,
    0x60, 0x95, 0xD8, 0xAF, 0x93, 0xF9, 0x20, 0xEC, 0x41, 0x11, 0x7A, 0x3D, 0x5F, 0xB9, 0x74, 0x31,
    0xF2, 0xE1, 0x3E, 0xA9, 0xA7, 0x59, 0xA1, 0x89, 0xC6, 0xA2, 0xE6, 0x1C, 0xC1, 0x63, 0xC2, 0x3E,
    0xF8, 0xC4, 0x87, 0x05, 0x12, 0x5A, 0x37, 0x89, 0x6E, 0x5E, 0x90, 0x28, 0xAF, 0x7C, 0x32, 0x10,
    0x62, 0x20, 0x95, 0x75, 0xAA, 0x46, 0xE5, 0xED, 0x6C, 0x81, 0xFD, 0x5D, 0x66, 0xA9, 0x1C, 0x8B,
    0x5B, 0x14, 0xEF, 0x52, 0x30, 0x8B, 0x15, 0x6B, 0xC4, 0xA7, 0x88, 0x0E, 0x8B, 0x43, 0x81, 0xC7,
    0xDC, 0x09, 0xB8, 0x98, 0x1A, 0x92, 0xA7, 0xAB, 0xA4, 0x51, 0x7F, 0x83, 0x38, 0xAB, 0x4B, 0x32,
    0x83, 0x15, 0x95, 0x20, 0x59, 0x8C, 0x03, 0x34, 0xAF, 0xE3, 0x34, 0x49, 0xA7, 0xEC, 0xB4, 0x66,
    0xB3, 0x95, 0x16, 0x6A, 0x46, 0xB0, 0x5F, 0x18, 0xEF, 0xA3, 0xEA, 0x74, 0x9E, 0xB5, 0x11, 0x58,
    0x5C, 0xD6, 0x80, 0x50, 0x77, 0xBA, 0x84, 0x9A, 0x6D, 0x5D, 0x22, 0x55, 0xAF, 0x6A, 0xB6, 0xB1,
    0x58, 0xEF, 0xB1, 0x4D, 0x58, 0xD7, 0x68, 0x38, 0xD1, 0x15, 0x7A, 0x0F, 0x77, 0x47, 0xBD, 0xCB,
    0x0C, 0x20, 0xC3, 0x0B, 0xF9, 0x16, 0x8E, 0x15, 0x4C, 0x0B, 0xE7, 0x0A, 0x6D, 0xB5, 0x07, 0x5C,
    0xD7, 0xE4, 0xE4, 0x8F, 0x2C, 0x2C, 0xE4, 0xCE, 0xE8, 0x46, 0x4C, 0x77, 0xB2, 0x5E, 0xF2, 0x71,
    0x70, 0xFA, 0x3F, 0xC7, 0xF7, 0xB7, 0x71, 0xCD, 0xF6, 0xC9, 0xDD, 0x5B, 0x64, 0x59, 0x8E, 0xAB,
    0x66, 0x54, 0xF5, 0x94, 0xDD, 0x13, 0xE3, 0xD4, 0x14, 0x86, 0xE2, 0xD7, 0x10, 0xE3, 0x47, 0x10,
    0x76, 0x8F, 0x62, 0x9E, 0x7E, 0xF2, 0x70, 0x32, 0x7F, 0xB7, 0x54, 0xB7, 0xA2, 0x9C, 0xC0, 0x04,
    0x47, 0x77, 0x62, 0x7A, 0x4B, 0xB7, 0x9F, 0xFD, 0x3F, 0x53, 0xDA, 0x98, 0x31, 0xC6, 0x73, 0xC3,
    0xD3, 0xED, 0x31, 0x70, 0x8F, 0x81, 0x0A, 0x6C, 0x8A, 0x76, 0x2B, 0x84, 0xE7, 0x77, 0x78, 0x1B,
    0x6D, 0xE8, 0x05, 0x3C, 0x72, 0x19, 0x2F, 0xF4, 0x0E, 0x2D, 0x7A, 0x93, 0x92, 0x3F, 0xCB, 0x68,
    0x89, 0xB4, 0x49, 0xF0, 0x2C, 0xD8, 0xE6, 0x10, 0x72, 0xEC, 0xC2, 0xF2, 0x76, 0x10, 0xE7, 0xCB,
    0xA0, 0x7B, 0xB7, 0x96, 0xD6, 0xBB, 0x58, 0xAD, 0x5B, 0x7F, 0x0D, 0x2A, 0x84, 0x61, 0xB3, 0x24,
    0x1F, 0xB9, 0xED, 0x5B, 0x9A, 0x66, 0x28, 0xB2, 0x4E, 0x63, 0x16, 0x2A, 0x35, 0xA6, 0x22, 0x88,
    0x6B, 0xFB, 0xA5, 0x7E, 0x78, 0xEF, 0x61, 0xA9, 0xEF, 0x7F, 0x78, 0xBF, 0xD4, 0xEF, 0xDB, 0x97,
    0x4B, 0xBD, 0x87, 0x01, 0x4B, 0xEF, 0x0E, 0x10, 0x65, 0x4F, 0xF1, 0xB6, 0x2E, 0x93, 0x56, 0x15,
    0xBD, 0x41, 0x57, 0xEF, 0x8F, 0xE3, 0x1B, 0xF6, 0xAB, 0x55, 0x2C, 0xC2, 0xDA, 0xB9, 0x18, 0x4E,
    0xDF, 0x5D, 0x8A, 0x6F, 0x51, 0xCB, 0xC4, 0x95, 0x1C, 0x49, 0x51, 0xE5, 0x45, 0x9A, 0x95, 0x8B,
    0x12, 0x5B, 0x94, 0x5A, 0x96, 0x17, 0xFC, 0x0B, 0x25, 0x46, 0x34, 0xF4, 0xE5, 0x74, 0xA5, 0x66,
    0x2C, 0x61, 0x65, 0x6B, 0x38, 0xB5, 0xFB, 0x17, 0x8A, 0xE3, 0xDD, 0x2F, 0xB6, 0x85, 0xD0, 0xCF,
    0x35, 0xD2, 0xBF, 0x81, 0x74, 0x33, 0x3C, 0x81, 0xC7, 0xFC, 0x0D, 0x3B, 0x29, 0x56, 0x5B, 0xD4,
    0x32, 0xC8, 0x02, 0x97, 0x4F, 0xD2, 0xD0, 0x04, 0x8E, 0x18, 0x8E, 0x84, 0x05, 0x58, 0x55, 0x0B,
    0xD8, 0x32, 0x77, 0xFB, 0x22, 0xED, 0xAC, 0xBA, 0x6E, 0xDD, 0xD8, 0x88, 0x4F, 0xCE, 0xA2, 0x32,
    0x63, 0x8F, 0xBB, 0x3E, 0x39, 0xB0, 0x6D, 0xB8, 0xC6, 0xE2, 0x51, 0xD3, 0x9B, 0xBD, 0xA6, 0xC3,
    0xFA, 0x95, 0xD9, 0xAD, 0xC8, 0xDA, 0xCF, 0x5A, 0xBE, 0x84, 0x93, 0x50, 0xA4, 0x6D, 0x36, 0xEA,
    0x31, 0x6E, 0x83, 0x2E, 0x6A, 0x03, 0xCC, 0xAC, 0x21, 0xA1, 0xA4, 0xF2, 0x71, 0x4A, 0x6A, 0x8C,
    0xC1, 0xF6, 0x51, 0xCF, 0xD9, 0x6D, 0xBC, 0x43, 0xD4, 0x44, 0x6D, 0x01, 0xA0, 0x55, 0x84, 0x4A,
    0x0B, 0x2B, 0x8E, 0x50, 0xEA, 0x67, 0x66, 0x1A, 0x62, 0xF1, 0x35, 0x67, 0x5A, 0xB5, 0x46, 0xEA,
    0x97, 0x51, 0x3C, 0x4F, 0x11, 0xAC, 0x8A, 0xB5, 0x31, 0x75, 0x63, 0x05, 0xE9, 0x65, 0x6A, 0x3E,
    0xE8, 0x8B, 0x12, 0xF4, 0x32, 0xA9, 0x8B, 0x6B, 0x80, 0x2E, 0xCB, 0xB0, 0x2C, 0x09, 0x7C, 0x57,
    0x67, 0x7B, 0x48, 0x54, 0xF3, 0xF9, 0x60, 0x73, 0x2D, 0xE8, 0x64, 0xC9, 0x54, 0xC3, 0x33, 0x34,
    0x33, 0x64, 0x12, 0x33, 0x33, 0x26, 0x48, 0xC6, 0xB8, 0x8B, 0x50, 0xF9, 0xFE, 0x60, 0x30, 0x95,
    0xBD, 0x87, 0x1B, 0xB0, 0x3C, 0x76, 0x74, 0x5A, 0x3C, 0x19, 0x80, 0x76, 0x6D, 0x56, 0x46, 0x0D,
    0xE6, 0xAC, 0x36, 0x1B, 0x8A, 0xAE, 0x18, 0x24, 0xF5, 0x28, 0xD2, 0xAF, 0x74, 0xF8, 0xC1, 0xF0,
    0xF7, 0xCC, 0x00, 0x60, 0x10, 0xB3, 0xA7, 0x22, 0xC1, 0x10, 0x01, 0x6B, 0x54, 0x44, 0x11, 0x52,
    0x70, 0x94, 0x33, 0x3D, 0x4B, 0x25, 0x6E, 0xF4, 0xCA, 0x2F, 0xCC, 0x94, 0x5E, 0xE8, 0x11, 0xBF,
    0x2E, 0xBC, 0x7C, 0x4C, 0xFD, 0xBD, 0xA2, 0xE7, 0x29, 0x19, 0x8B, 0xF7, 0x5A, 0x27, 0x19, 0x15,
    0x96, 0xED, 0x57, 0x94, 0xC3, 0x2B, 0x9F, 0x66, 0x25, 0x4D, 0xA4, 0x1E, 0x27, 0xA1, 0xAD, 0xFB,
    0x9A, 0x74, 0x0E, 0xA2, 0x53, 0xC6, 0x08, 0x37, 0x64, 0x70, 0xCA, 0xC0, 0xCF, 0xB6, 0xC8, 0x5B,
    0x73, 0x62, 0x46, 0x80, 0xA5, 0x18, 0x91, 0xB5, 0xAA, 0x63, 0x16, 0x12, 0x4D, 0xD4, 0xAB, 0x32,
    0x7A, 0xB0, 0xA1, 0x4A, 0x39, 0x2A, 0x73, 0x77, 0x31, 0x4D, 0xF2, 0xAF, 0x62, 0x5F, 0xC8, 0x4D,
    0x47, 0xC1, 0x3E, 0x88, 0xEA, 0x44, 0x9C, 0x73, 0x48, 0x1E, 0xBA, 0x50, 0xEA, 0x63, 0x89, 0xFC,
    0x70, 0xFD, 0x90, 0x2C, 0x7B, 0xBD, 0xE6, 0xF7, 0xC8, 0xA2, 0x85, 0x24, 0x85, 0x89, 0x46, 0xFB,
    0x5B, 0x99, 0x10, 0x7F, 0x4E, 0x3D, 0x07, 0xA2, 0x8D, 0xA5, 0x96, 0x9F, 0x45, 0xA9, 0x4A, 0x6A,
    0x71, 0x7D, 0x75, 0xDE, 0x5B, 0x6D, 0xED, 0x26, 0xCC, 0x83, 0xA9, 0x25, 0x80, 0x88, 0x80, 0x1F,
    0xBC, 0xEA, 0x8F, 0x42, 0x50, 0xFD, 0x19, 0xA9, 0xBD, 0x30, 0x7B, 0xF9, 0xFF, 0xBB, 0x68, 0x2D,
    0xDB, 0x24, 0xFC, 0xFB, 0xA4, 0x5C, 0x00, 0x26, 0x64, 0xBF, 0x41, 0x6B, 0x67, 0x37, 0xC7, 0x73,
    0x69, 0xD4, 0x43, 0xA3, 0x8B, 0x28, 0xFC, 0x49, 0x2A, 0xCC, 0xA6, 0x43, 0x56, 0x4A, 0x3E, 0x1C,
    0x4B, 0xE4, 0xBF, 0xC8, 0x3A, 0xAE, 0x39, 0xBD, 0x82, 0x23, 0x0F, 0x7A, 0x24, 0x0D, 0x0B, 0xD9,
    0xC4, 0x2C, 0x01, 0x0F, 0x5C, 0x43, 0xA6, 0xCD, 0xA8, 0xE3, 0xB3, 0x6E, 0x45, 0x03, 0xE6, 0x55,
    0x2B, 0xBC, 0xB1, 0x54, 0xD0, 0xE1, 0x11, 0xF0, 0x5B, 0xB9, 0x57, 0x25, 0x95, 0x6D, 0xB3, 0x14,
    0xC6, 0x73, 0xE6, 0xC2, 0xEB, 0x01, 0x32, 0xCE, 0xEB, 0x27, 0x3A, 0xFD, 0x27, 0xEA, 0xF8, 0xE7,
    0x29, 0xDB, 0x76, 0xF8, 0x00, 0x2C, 0xEE, 0x71, 0x2F, 0x8B, 0x7F, 0xAF, 0xFC, 0x3C, 0xA5, 0x4E,
    0x75, 0x03, 0x35, 0xDE, 0xBB, 0xEA, 0xE5, 0x19, 0x3D, 0x3F, 0xFE, 0x8B, 0xA4, 0xCD, 0xF1, 0xB9,
    0x7D, 0x3F, 0x0D, 0x70, 0x3E, 0x01, 0xA1, 0xD7, 0xEA, 0x73, 0xA0, 0xD7, 0xFD, 0xC6, 0x80, 0x96,
    0xC4, 0xBE, 0x04, 0x4C, 0x08, 0x27, 0x34, 0x8B, 0x6B, 0xD4, 0x5B, 0x09, 0xC3, 0xA0, 0xA8, 0x13,
    0x33, 0x83, 0x94, 0xE5, 0x8B, 0x32, 0x36, 0x32, 0x5E, 0x5C, 0x9A, 0x5B, 0x3F, 0x51, 0x2A, 0x2B,
    0x94, 0x0A, 0x9F, 0xAB, 0xE7, 0x51, 0x2A, 0xAF, 0xA8, 0xE1, 0x67, 0x72, 0x34, 0x98, 0xFC, 0x56,
    0xA1, 0x9E, 0xB3, 0xB3, 0x14, 0x99, 0x63, 0x49, 0xFA, 0xE8, 0x5F, 0x41, 0xA0, 0x1A, 0x04, 0xBB,
    0x6B, 0x8F, 0xE0, 0xD6, 0x24, 0xFB, 0x8D, 0xF1, 0x1B, 0x93, 0xD6, 0x09, 0xF9, 0x09, 0xB8, 0x63,
    0x83, 0x44, 0x41, 0x79, 0xC2, 0x5E, 0xE4, 0x0F, 0x70, 0x2F, 0x19, 0x53, 0x4F, 0x66, 0x0E, 0x32,
    0xD6, 0x79, 0x50, 0xD7, 0xD8, 0x7B, 0x29, 0x83, 0xF3, 0x3F, 0xB1, 0xCD, 0x13, 0x9B, 0x6F, 0xC4,
    0xA9, 0x45, 0x61, 0x99, 0x12, 0x7F, 0x2C, 0xBF, 0x9B, 0x7C, 0xE1, 0xBB, 0x09, 0x33, 0x2D, 0x65,
    0x62, 0xB8, 0xB6, 0x33, 0x0D, 0x5C, 0x48, 0x7F, 0x18, 0x49, 0xA9, 0xBE, 0xF4, 0x03, 0xD4, 0x1E,
    0xC4, 0x8C, 0x8E, 0xB9, 0x0A, 0x40, 0x96, 0x82, 0x9E, 0xA4, 0x70, 0x0D, 0x25, 0x6C, 0x83, 0xF2,
    0x93, 0x4D, 0x4A, 0xA2, 0xC1, 0x2D, 0x8E, 0x13, 0x90, 0xBB, 0xD0, 0xF0, 0xAE, 0x00, 0x42, 0x4B,
    0xF9, 0x57, 0x0D, 0x71, 0x21, 0xAB, 0x33, 0x00, 0x03, 0x3A, 0x3B, 0x89, 0xB1, 0x72, 0xD0, 0xA0,
    0x27, 0x8E, 0x96, 0x3A, 0x5C, 0x3E, 0x29, 0x5D, 0x49, 0xB3, 0xA8, 0x01, 0x56, 0xA0, 0xCB, 0x80,
    0x6D, 0x96, 0x55, 0xB0, 0x22, 0x93, 0x9A, 0xBD, 0xDC, 0x35, 0x73, 0x94, 0x38, 0x4B, 0xC2, 0x48,
    0x73, 0x59, 0xB4, 0x19, 0x87, 0x54, 0xB6, 0x5F, 0xB4, 0x9E, 0x6F, 0x63, 0x3F, 0x4C, 0x58, 0x73,
    0x94, 0x8A, 0x9E, 0xA0, 0x69, 0x0C, 0x38, 0x91, 0x97, 0x2D, 0xD0, 0xF3, 0x65, 0xF6, 0xAC, 0xFF,
    0x00, 0x35, 0x2F, 0x50, 0x33, 0x16, 0x3A, 0x95, 0x62, 0xFA, 0xD5, 0x8B, 0x6A, 0x79, 0x5A, 0x2E,
    0x37, 0x8D, 0x21, 0x14, 0x3A, 0x9F, 0xF7, 0xA3, 0xB0, 0xE1, 0xFF, 0x22, 0xFE, 0x72, 0xB9, 0x24,
    0xBF, 0x26, 0x6A, 0x9B, 0x5E, 0x02, 0x92, 0x6C, 0x60, 0xDD, 0x46, 0x73, 0x1D, 0x80, 0x82, 0x70,
    0xE5, 0x79, 0x37, 0x28, 0x16, 0x63, 0x62, 0x8B, 0x21, 0x1E, 0xE3, 0x06, 0x84, 0xBC, 0x8D, 0x28,
    0x1D, 0xCD, 0xC0, 0x44, 0xA3, 0xD8, 0xA4, 0x47, 0xCC, 0x0E, 0xD9, 0x8E, 0x0B, 0x77, 0xD2, 0xB9,
    0x46, 0xCD, 0x46, 0x18, 0x9D, 0x4D, 0x33, 0xE4, 0xA0, 0x9F, 0xA2, 0x59, 0xF7, 0x52, 0x0E, 0xA4,
    0x1E, 0x14, 0xCA, 0x67, 0x19, 0xB9, 0x5A, 0x3A, 0x0E, 0xCD, 0x2F, 0xB1, 0x00, 0x44, 0x13, 0x8A,
    0xAF, 0xF3, 0x2E, 0x2D, 0xE1, 0x84, 0xC3, 0xF2, 0xB7, 0x6A, 0x03, 0xBD, 0x8F, 0x23, 0x91, 0x51,
    0xAF, 0xA1, 0xFE, 0xD5, 0x73, 0xBA, 0x01, 0x3A, 0xE8, 0x43, 0x78, 0xAA, 0xF9, 0x0A, 0x13, 0x08,
    0x6F, 0x64, 0x35, 0x44, 0x4C, 0x40, 0xD0, 0x0B, 0x61, 0x6A, 0xE0, 0x1E, 0xEE, 0x52, 0x0B, 0x04,
    0x50, 0xED, 0x1B, 0x2C, 0x87, 0x52, 0xD6, 0x9C, 0x9A, 0x61, 0xA3, 0x92, 0x6B, 0xA7, 0xD8, 0x2F,
    0x5F, 0x33, 0xF7, 0xCA, 0x1F, 0x9A, 0xDD, 0xD4, 0xDD, 0x93, 0x3C, 0xC7, 0x48, 0x7A, 0x0F, 0x85,
    0xBB, 0x37, 0xAD, 0xF7, 0x3B, 0xA0, 0x3C, 0x7A, 0x05, 0x5A, 0x8B, 0x77, 0x83, 0xD4, 0x0B, 0x1C,
    0x44, 0x18, 0x56, 0x74, 0xB0, 0x86, 0x44, 0xAB, 0x30, 0xC5, 0x98, 0x1C, 0x88, 0x93, 0xA5, 0x08,
    0x5C, 0x21, 0xBD, 0x95, 0x55, 0xE0, 0xC4, 0x6C, 0x56, 0x94, 0xAE, 0xDF, 0x62, 0x07, 0x70, 0x62,
    0x95, 0x29, 0x53, 0xA1, 0x66, 0x93, 0xD6, 0xE7, 0xA4, 0x5B, 0xB4, 0x4C, 0x6B, 0x9C, 0xC0, 0xFA,
    0x01, 0xCF, 0x70, 0x89, 0x59, 0xE7, 0x4B, 0xCC, 0xDA, 0x69, 0x3B, 0x97, 0x59, 0xF3, 0xE7, 0x06,
    0xBA, 0xBC, 0x3F, 0x1A, 0x5B, 0x45, 0x36, 0x22, 0x70, 0x04, 0xA3, 0x4A, 0xFE, 0xAF, 0x4F, 0x3D,
    0x34, 0x2F, 0xA5, 0x79, 0xB0, 0xBC, 0xE4, 0xF9, 0x97, 0x4C, 0x80, 0x07, 0x24, 0x9B, 0xBF, 0x25,
    0xDB, 0x7C, 0xCC, 0x1C, 0xF8, 0xBC, 0x21, 0x5C, 0xA0, 0x28, 0x7C, 0x86, 0xC9, 0xA3, 0x90, 0x1E,
    0x81, 0xE6, 0xA1, 0x50, 0x03, 0xDB, 0x76, 0xF0, 0x6D, 0x42, 0xD4, 0x47, 0x87, 0x8E, 0x5A, 0x5D,
    0x85, 0x5D, 0x8C, 0x82, 0x48, 0x52, 0xF4, 0x3C, 0x70, 0x12, 0x90, 0xD7, 0x02, 0x64, 0x24, 0x83,
    0x3A, 0xD3, 0x3A, 0x1A, 0x48, 0x8A, 0x16, 0xA5, 0xAF, 0x49, 0x5D, 0xB0, 0x8C, 0x35, 0x37, 0x54,
    0xA1, 0x95, 0x4C, 0xD8, 0xCA, 0x57, 0x1B, 0x56, 0x46, 0xFF, 0x26, 0x19, 0x0E, 0xCC, 0x4C, 0x24,
    0x11, 0x8E, 0x13, 0xD2, 0x88, 0x64, 0xF5, 0xF7, 0xBE, 0xC8, 0x68, 0x9F, 0x32, 0x79, 0x93, 0x72,
    0x87, 0xCF, 0x8C, 0x1D, 0xA5, 0xAD, 0x45, 0x96, 0x22, 0xA7, 0x77, 0x21, 0x9D, 0x36, 0x43, 0xCD,
    0xA9, 0xE8, 0x17, 0x60, 0x2E, 0x64, 0xD7, 0xF7, 0x96, 0xA8, 0x94, 0x98, 0xE5, 0x49, 0x72, 0x2A,
    0x3C, 0xF2, 0x47, 0x1A, 0x21, 0x71, 0xB4, 0xA3, 0x06, 0x21, 0x42, 0x57, 0x22, 0x24, 0x0B, 0x22,
    0x1B, 0x5A, 0x74, 0x75, 0x41, 0xE4, 0x2E, 0x29, 0xDA, 0xC8, 0xE4, 0x9D, 0xD7, 0xA7, 0x95, 0x6C,
    0x2E, 0x1D, 0x69, 0x05, 0x66, 0x22, 0xF9, 0x2B, 0x7D, 0x68, 0x49, 0x6D, 0xE1, 0x79, 0x38, 0x91,
    0x27, 0x5E, 0x75, 0x87, 0xAE, 0xD9, 0xB8, 0x6C, 0x39, 0x90, 0x5C, 0x65, 0xAD, 0x67, 0x4B, 0xB4,
    0xCB, 0x20, 0x84, 0x46, 0xC2, 0x78, 0x06, 0x15, 0x1B, 0x31, 0x2D, 0x81, 0x82, 0x1D, 0xD3, 0x31,
    0x62, 0xB5, 0xA3, 0x62, 0xEA, 0xE6, 0x0D, 0xE5, 0x68, 0x19, 0x0A, 0xA1, 0x5F, 0x47, 0xEB, 0x8F,
    0x96, 0x9A, 0xFD, 0x7F, 0xC1, 0x3A, 0x42, 0x1F, 0xCD, 0x84, 0x50, 0x61, 0xC1, 0xFF, 0xFF, 0x89,
    0xE0, 0xF8, 0xE9, 0xF2, 0xC4, 0x85, 0xDC, 0x94, 0xF5, 0xE5, 0x13, 0x1C, 0xF5, 0x7D, 0x8E, 0xEF,
    0x0D, 0x27, 0xB8, 0x0A, 0xFA, 0x52, 0xD1, 0xD9, 0x07, 0x48, 0x39, 0x2F, 0x3D, 0x35, 0xC1, 0x81,
    0xFA, 0xE3, 0x9B, 0xCA, 0xAD, 0xB0, 0x42, 0x61, 0xCB, 0x0A, 0xC7, 0x59, 0xBE, 0xE2, 0xE7, 0x13,
    0xAC, 0x70, 0xB2, 0x33, 0x73, 0x63, 0x06, 0x17, 0x74, 0xC7, 0xC4, 0x32, 0x59, 0xE1, 0x78, 0xE7,
    0x89, 0xF4, 0x24, 0x93, 0xAF, 0x1C, 0x05, 0x38, 0x33, 0xC6, 0x87, 0x5B, 0x38, 0xAF, 0x60, 0x5A,
    0x3E, 0x73, 0x35, 0x75, 0x67, 0xDB, 0xC8, 0xD2, 0xC7, 0x43, 0xC9, 0x62, 0xC5, 0x9F, 0x92, 0x0B,
    0xB9, 0xB3, 0x3F, 0xC5, 0x89, 0x2E, 0x09, 0x9F, 0x5B, 0xE2, 0x44, 0xA0, 0xC9, 0xC4, 0x4E, 0x42,
    0x5B, 0xE3, 0x44, 0x38, 0x6E, 0x49, 0xD5, 0x2C, 0x84, 0x97, 0x4F, 0x1D, 0x75, 0x98, 0x09, 0x43,
    0x10, 0xE8, 0x61, 0x7F, 0x0B, 0x85, 0xDF, 0x33, 0x9D, 0x81, 0x10, 0xAC, 0x39, 0x27, 0x10, 0x0C,
    0x0C, 0x86, 0x48, 0x75, 0x60, 0x65, 0x29, 0x93, 0x27, 0xCB, 0xC0, 0x27, 0x64, 0xC7, 0xFD, 0x54,
    0xCB, 0x01, 0x03, 0xE5, 0xBD, 0x43, 0x4B, 0x47, 0x59, 0xC9, 0xE1, 0x0E, 0xEC, 0x79, 0x01, 0xEB,
    0x5B, 0xCB, 0x19, 0x9B, 0x4B, 0xD6, 0x02, 0x9D, 0x09, 0xD8, 0x84, 0xEA, 0x0C, 0x19, 0x56, 0xF4,
    0xF2, 0x04, 0x50, 0x27, 0x86, 0x16, 0xB4, 0x29, 0x55, 0xA4, 0x4A, 0x83, 0x93, 0x84, 0x1F, 0xCB,
    0x99, 0x42, 0x44, 0x0D, 0x78, 0x5B, 0x5C, 0xEB, 0x1E, 0x17, 0xD3, 0xE8, 0xD1, 0x03, 0xF1, 0x6B,
    0x9E, 0x25, 0xA3, 0x1D, 0xDF, 0x52, 0x49, 0x6E, 0x03, 0x16, 0x49, 0x69, 0x43, 0x52, 0xEC, 0xDA,
    0xB2, 0x60, 0x81, 0xCC, 0x84, 0x44, 0x32, 0x11, 0xFC, 0x17, 0x7D, 0x6A, 0x5F, 0xA1, 0x7E, 0xDC,
    0x6B, 0x04, 0x85, 0x39, 0xD8, 0x16, 0x39, 0xE1, 0x91, 0xAC, 0xD8, 0x63, 0xAA, 0xF2, 0x8F, 0x32,
    0xEA, 0x3D, 0xBB, 0x69, 0x9A, 0xA4, 0x25, 0x4F, 0xEC, 0x4D, 0x15, 0xDB, 0x26, 0x1C, 0xD5, 0xD2,
    0xC8, 0x35, 0xC1, 0xC5, 0x34, 0x74, 0x4D, 0x53, 0x97, 0x7A, 0x51, 0xE7, 0x59, 0x1B, 0x95, 0x71,
    0x93, 0x81, 0xF4, 0xC7, 0x9D, 0x2E, 0xC1, 0xB5, 0xB6, 0x75, 0x09, 0x20, 0xBC, 0xAA, 0x77, 0x79,
    0x88, 0x7A, 0x0F, 0xAE, 0xC5, 0x02, 0xF1, 0x4C, 0x7A, 0x6C, 0xAE, 0xF7, 0x70, 0x77, 0xD4, 0xBB,
    0x02, 0x1A, 0x60, 0x5A, 0x21, 0xDF, 0xCA, 0xE3, 0xC6, 0xB4, 0xA6, 0x4E, 0xA0, 0x2D, 0x16, 0x2C,
    0x0A, 0x44, 0xFA, 0xCD, 0xB1, 0xF4, 0x1C, 0x65, 0xB9, 0xCE, 0x86, 0xE6, 0x5B, 0x69, 0xB2, 0x80,
    0x71, 0x10, 0x4F, 0xB8, 0xC5, 0xF5, 0x1D, 0xC1, 0x13, 0x9E, 0x13, 0xA7, 0xBA, 0x81, 0x47, 0x92,
    0xAA, 0xEF, 0x73, 0xE3, 0xA4, 0x79, 0x06, 0x67, 0x91, 0xB0, 0x63, 0xE6, 0x49, 0x9D, 0x1D, 0x91,
    0x18, 0x8D, 0x60, 0x96, 0x53, 0xC9, 0x04, 0x50, 0x7C, 0x8D, 0xC9, 0x58, 0x3B, 0xE0, 0xDF, 0x21,
    0xF7, 0xDC, 0x44, 0x0E, 0xBB, 0xD1, 0xEB, 0xC5, 0x29, 0xA9, 0xBD, 0xAD, 0x56, 0x11, 0x82, 0x3D,
    0xB2, 0x04, 0x9F, 0xA3, 0x97, 0x55, 0x03, 0x02, 0x68, 0xF7, 0x07, 0x24, 0x5C, 0x2B, 0xA3, 0x17,
    0x79, 0x3C, 0x97, 0x66, 0x77, 0x81, 0x9B, 0x91, 0xB3, 0xF9, 0x02, 0x0B, 0xD5, 0xE4, 0x04, 0xE0,
    0x72, 0x0D, 0x9D, 0x04, 0xF9, 0x15, 0x1C, 0x22, 0xDD, 0x70, 0x3B, 0x20, 0xCA, 0xB2, 0x93, 0x20,
    0x2D, 0x33, 0x07, 0x46, 0x3C, 0x3B, 0xEE, 0x68, 0xE4, 0x46, 0x25, 0xD3, 0x25, 0x81, 0x5F, 0x20,
    0x14, 0xF9, 0x0A, 0x05, 0x29, 0x11, 0x9D, 0x83, 0x25, 0xDB, 0x0D, 0x22, 0x38, 0x0F, 0x98, 0x44,
    0xCA, 0x3B, 0x26, 0x1A, 0xD7, 0x4F, 0x93, 0xBB, 0x04, 0x5A, 0xAE, 0x2C, 0x93, 0x3B, 0xB5, 0x4A,
    0xEE, 0x42, 0x92, 0x3B, 0xE6, 0xF8, 0xED, 0x09, 0x97, 0xAF, 0x60, 0xFD, 0x00, 0xEB, 0x19, 0x49,
    0x48, 0xEC, 0xA9, 0x6B, 0x38, 0x62, 0x1A, 0xF4, 0x7E, 0x00, 0x5E, 0xAF, 0xC6, 0xCD, 0xA0, 0x6F,
    0x40, 0x4C, 0xFB, 0x7F, 0xA7, 0x95, 0x8F, 0x6B, 0xD7, 0xD0, 0x21, 0xF0, 0xD7, 0x70, 0xC4, 0x56,
    0xF6, 0x98, 0x96, 0xFF, 0x3B, 0x19, 0x7A, 0x23, 0x95, 0x56, 0xB8, 0x4A, 0x43, 0x7D, 0x61, 0xD8,
    0x84, 0xBE, 0x0E, 0x22, 0x18, 0x4C, 0x0F, 0x9A, 0x64, 0xA4, 0xA3, 0x34, 0xD1, 0xEF, 0x20, 0x00,
    0x3D, 0xC1, 0x63, 0xF0, 0xD6, 0xE0, 0xF1, 0x15, 0x25, 0x06, 0x4F, 0xD1, 0x79, 0x4C, 0x82, 0xFF,
    0x18, 0x7D, 0x09, 0x8F, 0xD4, 0x60, 0x9C, 0x98, 0xAE, 0xE4, 0x35, 0x80, 0xFD, 0x78, 0x1C, 0xED,
    0x52, 0x42, 0x14, 0xE1, 0x84, 0xAA, 0xE7, 0xC7, 0x37, 0x46, 0x18, 0x7E, 0xAF, 0x59, 0x8E, 0xB6,
    0xC4, 0x58, 0xC4, 0x58, 0xF0, 0x3B, 0xC3, 0x40, 0xC7, 0xF2, 0x08, 0x9D, 0x09, 0x07, 0xE9, 0xB8,
    0x44, 0x44, 0xA6, 0x4B, 0x99, 0x39, 0x4B, 0x39, 0x23, 0x3A, 0xAE, 0x9E, 0x49, 0x3F, 0x5F, 0x62,
    0xED, 0x25, 0xFB, 0x2C, 0x3B, 0x5E, 0x4F, 0xEB, 0x7B, 0x5A, 0x8F, 0x60, 0x4B, 0xB4, 0xE7, 0xD6,
    0xBB, 0x63, 0x95, 0x1B, 0xDC, 0x52, 0xF3, 0xF8, 0xA3, 0x56, 0x91, 0x51, 0xE3, 0x5D, 0x67, 0x3D,
    0x3A, 0x20, 0xE0, 0xCB, 0x13, 0x34, 0x41, 0x27, 0x2F, 0xF6, 0x51, 0x91, 0x6A, 0x03, 0xB0, 0xF1,
    0x89, 0x10, 0xC2, 0x54, 0x7D, 0x4F, 0x37, 0x3B, 0x42, 0x18, 0x85, 0x56, 0x08, 0xA1, 0xD0, 0x56,
    0xFE, 0x3E, 0x1A, 0xE4, 0x7B, 0x2B, 0xB2, 0xC8, 0x29, 0x0D, 0xC9, 0x6D, 0x93, 0x08, 0xA4, 0x6A,
    0x21, 0xBD, 0xAC, 0x6A, 0x6B, 0x41, 0x9B, 0x48, 0x3E, 0x39, 0xDF, 0xB4, 0x1A, 0x63, 0x63, 0x63,
    0x4A, 0x84, 0x61, 0xA7, 0xEC, 0x0C, 0xDC, 0x68, 0xCD, 0x6E, 0xAD, 0xFE, 0xAB, 0xD9, 0x93, 0xCE,
    0x2F, 0x02, 0x69, 0x6C, 0xF6, 0x5A, 0x25, 0x7C, 0x50, 0x99, 0xBB, 0x83, 0x40, 0x09, 0x1C, 0xC2,
    0x6B, 0x10, 0x71, 0x95, 0x1D, 0x13, 0x0C, 0xC6, 0x64, 0x99, 0xC0, 0x9C, 0x94, 0xE3, 0x6C, 0x4B,
    0x46, 0x19, 0xBB, 0x90, 0xE7, 0x3D, 0xB9, 0x20, 0x30, 0x07, 0x8E, 0xC0, 0x94, 0xA2, 0xBF, 0x54,
    0x73, 0xE6, 0x00, 0xFC, 0xA3, 0x74, 0xB3, 0xA6, 0x93, 0x7A, 0x51, 0x6E, 0xF3, 0x71, 0x23, 0x3C,
    0x8B, 0xA3, 0x5B, 0x3B, 0x17, 0xC3, 0xE9, 0xC9, 0x89, 0xE3, 0x46, 0xC5, 0x77, 0x59, 0xBB, 0xBA,
    0x9A, 0x4F, 0x36, 0x91, 0x8C, 0x37, 0xE5, 0xBC, 0x08, 0x60, 0xBA, 0x93, 0x34, 0xF0, 0xB0, 0x10,
    0x63, 0x8D, 0xC8, 0xAB, 0x22, 0xAF, 0x3C, 0xBD, 0xBB, 0x9F, 0x3A, 0x77, 0x73, 0xC7, 0xDA, 0x0A,
    0xD4, 0x63, 0x2F, 0x22, 0x46, 0x1B, 0x25, 0xCB, 0x69, 0xB6, 0x17, 0xE2, 0x55, 0x2D, 0xDD, 0x53,
    0x44, 0xAB, 0x57, 0x27, 0x01, 0x88, 0x0C, 0xAF, 0x29, 0xBE, 0x2B, 0xA3, 0xC5, 0xE0, 0x26, 0x0C,
    0x9C, 0xE0, 0x9A, 0x9D, 0x09, 0xF8, 0xF5, 0x12, 0xC8, 0x73, 0x2F, 0xFF, 0xF6, 0xB6, 0x5C, 0xC8,
    0x3F, 0xE4, 0x52, 0xC9, 0x3D, 0x29, 0x7A, 0x83, 0x5A, 0x70, 0x4D, 0xB2, 0x9F, 0x1A, 0xE6, 0x74,
    0x81, 0x03, 0x59, 0xC5, 0x01, 0x71, 0xCF, 0xE2, 0xAB, 0x8C, 0x17, 0x81, 0x27, 0xC5, 0x16, 0x2D,
    0x87, 0xE6, 0xC0, 0xDC, 0x9D, 0x63, 0xE6, 0xF8, 0x68, 0xE6, 0x48, 0xE8, 0xB7, 0x39, 0x7C, 0xB0,
    0x7B, 0xB9, 0xD1, 0x29, 0xB4, 0x77, 0x06, 0xE5, 0x0E, 0x66, 0x49, 0xFE, 0x13, 0xA5, 0x15, 0x08,
    0x15, 0x32, 0x16, 0x0C, 0xBA, 0xE5, 0xF7, 0xAB, 0x24, 0x8A, 0x87, 0x48, 0x2B, 0x28, 0xA5, 0x9D,
    0x88, 0x0D, 0xA1, 0x98, 0xA0, 0xC5, 0x82, 0x84, 0x27, 0x1B, 0xC8, 0xF4, 0xE0, 0x71, 0xF6, 0x98,
    0x17, 0xB6, 0x67, 0x7F, 0xF4, 0x0E, 0x10, 0x35, 0x46, 0xCB, 0x06, 0xCE, 0xD5, 0x49, 0x69, 0x75,
    0x6B, 0x5E, 0x1F, 0xC3, 0xAE, 0xF8, 0x31, 0x92, 0x45, 0xA0, 0x74, 0x55, 0x74, 0xF6, 0xC7, 0x43,
    0xD8, 0x66, 0xAF, 0x8F, 0x11, 0xAA, 0xCD, 0xEA, 0x0A, 0x9D, 0xAC, 0xC8, 0xA3, 0x71, 0xDD, 0xFE,
    0x27, 0x8F, 0x23, 0x90, 0x5A, 0x1B, 0xD7, 0x3B, 0x36, 0xF6, 0xB0, 0x2D, 0xD2, 0xF8, 0x5F, 0x51,
    0x32, 0x6F, 0x7E, 0xD8, 0x66, 0xEB, 0x7B, 0xBD, 0x35, 0xCB, 0xEB, 0x5E, 0x57, 0xBC, 0xF2, 0x61,
    0x93, 0xDD, 0xB7, 0x55, 0xF2, 0xBF, 0xED, 0x8F, 0x22, 0xBC, 0xE8, 0x15, 0x8F, 0x3A, 0xE5, 0xDD,
    0x94, 0xF2, 0xE3, 0x00, 0x16, 0x1D, 0x7C, 0x13, 0x95, 0x16, 0xB0, 0xE4, 0x9A, 0x2C, 0xF5, 0x38,
    0x69, 0xB1, 0xD3, 0xAD, 0x2E, 0x84, 0x93, 0x2E, 0x15, 0x6C, 0xB7, 0x9D, 0xBA, 0x94, 0xB0, 0xBC,
    0xB1, 0x7C, 0xA2, 0xF1, 0x1A, 0xDC, 0x0C, 0x1A, 0xB7, 0x7E, 0xCD, 0x7E, 0x87, 0x87, 0x30, 0xB3,
    0xE1, 0x61, 0x50, 0x99, 0xD8, 0xF6, 0xE6, 0x6E, 0x5F, 0xA4, 0x9D, 0x55, 0xD7, 0xAD, 0x28, 0xB3,
    0xA2, 0x0A, 0x9A, 0xCC, 0xD8, 0xE3, 0x2E, 0x5B, 0x5F, 0xCC, 0x0A, 0x0B, 0xD6, 0x99, 0xA5, 0x68,
    0x37, 0x76, 0xFE, 0xB3, 0x75, 0x68, 0x91, 0x97, 0x06, 0x6C, 0xDC, 0xFC, 0x0A, 0x99, 0x7F, 0x26,
    0x9B, 0x3B, 0xC5, 0xEE, 0x5A, 0x44, 0x5A, 0x40, 0x08, 0xE6, 0x62, 0x7C, 0x54, 0x09, 0x89, 0xA6,
    0x72, 0x4B, 0x4B, 0x11, 0xB3, 0x5C, 0xB8, 0xC6, 0xE2, 0x51, 0xD3, 0x9B, 0xBD, 0xA6, 0x33, 0xBB,
    0xCD, 0xAF, 0xCC, 0x6E, 0x35, 0x9F, 0x62, 0x57, 0x17, 0x67, 0x52, 0x98, 0xC5, 0x2C, 0x97, 0x99,
    0xA6, 0x9F, 0xB8, 0xCA, 0x6B, 0x02, 0xA9, 0x85, 0x7D, 0xC9, 0xD6, 0x14, 0x20, 0x29, 0xC0, 0x59,
    0x60, 0x14, 0x8B, 0xDF, 0x47, 0x56, 0x58, 0x86, 0xA3, 0xF8, 0x09, 0x03, 0x76, 0xBF, 0x24, 0x55,
    0x81, 0x1D, 0xE4, 0x60, 0x4B, 0xD8, 0x7E, 0x42, 0x90, 0x24, 0x3B, 0x86, 0x9C, 0x09, 0xCD, 0xDD,
    0x63, 0x3B, 0xBE, 0x66, 0x55, 0x24, 0x4A, 0x29, 0xFC, 0xD1, 0xA3, 0x7B, 0xD4, 0x6C, 0xC9, 0x2E,
    0xB2, 0x85, 0xFA, 0xE4, 0x61, 0xCE, 0x3D, 0x04, 0xB3, 0xE7, 0xAA, 0x82, 0xF3, 0x36, 0x4A, 0x68,
    0x0B, 0x67, 0x2F, 0x03, 0xC3, 0x1B, 0x8A, 0x1A, 0x7B, 0x14, 0xAC, 0xC6, 0x41, 0xF9, 0x83, 0xD7,
    0x4F, 0xD6, 0x67, 0x2F, 0xD5, 0x73, 0xEB, 0xF7, 0xE7, 0xD6, 0x4B, 0x9D, 0x8B, 0x38, 0x65, 0x7D,
    0xEA, 0xE6, 0x20, 0x81, 0xF5, 0x53, 0xD6, 0x7B, 0x12, 0x97, 0x85, 0xF5, 0xA1, 0x58, 0xCF, 0xF8,
    0xBE, 0x49, 0xEB, 0xEF, 0xA7, 0x93, 0xE1, 0xB2, 0xC7, 0x16, 0xCF, 0x4E, 0x10, 0xF9, 0x6C, 0xEB,
    0xA5, 0x2D, 0x72, 0xFD, 0xC6, 0xA2, 0xC5, 0x3F, 0xB0, 0x2D, 0x88, 0xB6, 0xC1, 0x91, 0xA7, 0x24,
    0x68, 0x77, 0x39, 0x26, 0x7C, 0x24, 0x0C, 0x99, 0x63, 0x0B, 0x55, 0x09, 0xB5, 0x96, 0x92, 0x8C,
    0xF8, 0x5D, 0xFC, 0x90, 0x46, 0xFE, 0x04, 0xCF, 0x8D, 0xA0, 0x3D, 0x3E, 0x08, 0x6A, 0x1A, 0x75,
    0x8A, 0xC3, 0xCD, 0x35, 0x3B, 0xF0, 0x2C, 0x19, 0x3C, 0x6F, 0x58, 0x0C, 0xB1, 0xC7, 0xE2, 0x5D,
    0x8A, 0xE7, 0xCC, 0x08, 0x22, 0xDB, 0xC7, 0x5D, 0x04, 0x82, 0xE9, 0x0F, 0xE8, 0x9C, 0xF6, 0x3D,
    0xA9, 0x0A, 0x15, 0xBB, 0xFC, 0x93, 0xE9, 0x70, 0x40, 0x1B, 0x6B, 0xB3, 0x3C, 0x6A, 0x92, 0xDA,
    0xB4, 0xD9, 0x50, 0x74, 0x64, 0x8E, 0x6A, 0x38, 0x99, 0x40, 0x00, 0xCE, 0x7B, 0xB6, 0x29, 0x9C,
    0x2C, 0xF6, 0x77, 0x6D, 0x7E, 0x0B, 0xFD, 0xD1, 0x2A, 0x27, 0xBF, 0x6B, 0x76, 0xE9, 0x13, 0xF2,
    0xF0, 0x29, 0x64, 0xF6, 0xC9, 0xCC, 0x5E, 0x0F, 0x59, 0x47, 0x7D, 0x64, 0x1D, 0x3E, 0x4F, 0x11,
    0x54, 0xBE, 0xA0, 0x96, 0x2F, 0xA8, 0xE5, 0x39, 0xF8, 0x6C, 0x1C, 0x09, 0xC6, 0x63, 0xB6, 0xA3,
    0x68, 0x3B, 0x7B, 0x19, 0x3D, 0x9B, 0xE2, 0x97, 0xF6, 0x45, 0xD1, 0xF8, 0x85, 0xE2, 0x26, 0x78,
    0x17, 0x7B, 0x81, 0x76, 0x0D, 0x61, 0x62, 0xF7, 0xFD, 0x82, 0xD9, 0x0B, 0xAF, 0x87, 0xBB, 0xEF,
    0xDB, 0x36, 0xB3, 0x6F, 0x62, 0x4A, 0x05, 0x81, 0x62, 0xC2, 0xB9, 0x11, 0x69, 0x59, 0x80, 0x18,
    0xE1, 0xC4, 0xE0, 0x37, 0x61, 0x8E, 0x6C, 0x1B, 0x62, 0xED, 0x80, 0x47, 0xA8, 0x4E, 0x8A, 0x94,
    0x27, 0xDA, 0xCF, 0x79, 0x8A, 0xF8, 0x26, 0xAE, 0x89, 0x4F, 0xCE, 0x31, 0x47, 0x57, 0xED, 0x80,
    0x84, 0x01, 0x12, 0x8D, 0x2A, 0x6E, 0x4E, 0xB7, 0x33, 0x1C, 0xA4, 0x74, 0x51, 0x72, 0x70, 0x26,
    0xF0, 0x85, 0x97, 0x9B, 0x39, 0x9C, 0x53, 0x78, 0x24, 0xFC, 0xBE, 0x00, 0x8A, 0x32, 0xEC, 0x2B,
    0x46, 0x70, 0x5E, 0x4D, 0xA0, 0x02, 0x44, 0xC9, 0x70, 0x7C, 0xE8, 0x49, 0x3F, 0xB7, 0x5D, 0x78,
    0xA6, 0x5B, 0x97, 0xE9, 0xD6, 0x65, 0xBA, 0xB5, 0xB1, 0xEA, 0xD6, 0x40, 0x3F, 0x2E, 0x2F, 0xC4,
    0xB1, 0x5B, 0x21, 0x3D, 0x82, 0x6F, 0x76, 0x34, 0x03, 0x8C, 0x1F, 0x74, 0xB3, 0xFC, 0x7B, 0x1F,
    0xA0, 0xFD, 0xB0, 0x11, 0x8B, 0xB3, 0x7D, 0x58, 0x78, 0x7F, 0x5A, 0xB4, 0x36, 0x43, 0xE0, 0xED,
    0x30, 0xC1, 0x48, 0x79, 0x1E, 0xDC, 0xFC, 0x74, 0x93, 0x0E, 0x0F, 0xC2, 0x1D, 0x60, 0x9B, 0x77,
    0x6A, 0x48, 0x5D, 0x19, 0x57, 0xB3, 0x4A, 0xFA, 0xAE, 0x74, 0xDD, 0x8B, 0xC2, 0x4A, 0xFB, 0x39,
    0x5D, 0x3D, 0xA5, 0x39, 0xAB, 0x5C, 0x28, 0x03, 0xBB, 0x0F, 0xBE, 0x3B, 0x84, 0xA7, 0x59, 0xD2,
    0x79, 0x22, 0x9E, 0x93, 0x2B, 0x58, 0xED, 0xDD, 0x50, 0xCE, 0x7E, 0xC4, 0xBD, 0x55, 0xFA, 0x20,
    0xEE, 0x9F, 0x49, 0xAA, 0x60, 0xBC, 0xC5, 0x32, 0xEF, 0xD1, 0xA1, 0x10, 0x19, 0x35, 0x35, 0x0A,
    0x72, 0x0F, 0x7B, 0xD1, 0xCE, 0x66, 0xEF, 0x1C, 0x87, 0x4F, 0x91, 0xA5, 0xC2, 0x6C, 0x25, 0x85,
    0x79, 0x01, 0x09, 0xF2, 0x68, 0x74, 0xCC, 0x4C, 0xAD, 0x63, 0x04, 0xF3, 0xB1, 0x80, 0x23, 0x48,
    0x95, 0x02, 0x43, 0xD6, 0x7F, 0x1F, 0x31, 0x97, 0x7C, 0xC6, 0x93, 0x92, 0xBE, 0x4A, 0x7D, 0x40,
    0xB3, 0x9B, 0x37, 0x27, 0x8F, 0x98, 0xC8, 0xC8, 0x47, 0x0F, 0x9A, 0x0F, 0x47, 0xA2, 0xCE, 0xC0,
    0x39, 0x8E, 0x24, 0x6E, 0x32, 0x32, 0x77, 0x46, 0x46, 0x34, 0x12, 0x8D, 0x74, 0xB8, 0x4C, 0x23,
    0xB7, 0xD1, 0x01, 0x9D, 0xA5, 0x23, 0x4C, 0xB3, 0x05, 0x55, 0xA3, 0x6B, 0x62, 0xD0, 0x38, 0xD3,
    0xC8, 0x03, 0xF5, 0x67, 0x1C, 0x3C, 0xD1, 0x41, 0xC4, 0xC8, 0x42, 0xB0, 0x8B, 0x09, 0x4C, 0xB4,
    0x9C, 0x44, 0x3D, 0x0D, 0xAB, 0x62, 0x7D, 0x4C, 0xEB, 0x33, 0x58, 0xFF, 0xB3, 0x11, 0xF0, 0xF6,
    0x7B, 0x5A, 0x7F, 0x34, 0xDC, 0x9C, 0x5C, 0x30, 0x72, 0xAA, 0xCB, 0xD6, 0x5F, 0x60, 0xDA, 0x8D,
    0x54, 0x3C, 0xF0, 0xDD, 0x8F, 0xE7, 0xB9, 0x46, 0xC6, 0x2F, 0x13, 0x99, 0x8C, 0x63, 0x1C, 0x31,
    0x33, 0x02, 0x61, 0x29, 0x63, 0xCA, 0x97, 0x7F, 0xF0, 0x98, 0xE1, 0xF3, 0xB0, 0xD6, 0x53, 0xCF,
    0x39, 0x3A, 0x96, 0x6F, 0xBB, 0x6B, 0xE9, 0xC8, 0x57, 0x64, 0x1D, 0x4D, 0xF3, 0xC8, 0x1D, 0x4E,
    0xFF, 0x5C, 0x17, 0xE2, 0x0B, 0x1E, 0x15, 0xDA, 0x0E, 0x03, 0x57, 0x38, 0x92, 0x33, 0xB4, 0x08,
    0x83, 0x87, 0xA4, 0x6B, 0x95, 0x5F, 0x60, 0xE2, 0x2A, 0xDE, 0x22, 0x61, 0x36, 0xA2, 0x30, 0x6C,
    0xCC, 0xAE, 0x4C, 0xA4, 0xAD, 0xD9, 0xAB, 0x25, 0x92, 0x8E, 0xBA, 0xE3, 0x08, 0xE4, 0x4C, 0x30,
    0xED, 0x7E, 0xC8, 0x68, 0x45, 0xB8, 0xCF, 0x8D, 0xC1, 0x9A, 0x76, 0x19, 0x03, 0x53, 0x71, 0xB2,
    0x40, 0x00, 0xA8, 0x2F, 0x47, 0x34, 0x52, 0x4C, 0x72, 0x48, 0xD5, 0x51, 0x65, 0x35, 0xA8, 0xA3,
    0xEE, 0xB1, 0xBF, 0xEE, 0x55, 0x52, 0xC3, 0x5E, 0x9F, 0x4D, 0xE8, 0xFA, 0x25, 0x09, 0x3C, 0x27,
    0x55, 0x00, 0xB9, 0xEC, 0x20, 0x90, 0xB6, 0xFE, 0xF1, 0xAA, 0x03, 0x3A, 0x2F, 0xDA, 0xA8, 0x8C,
    0x1B, 0x0C, 0x72, 0x55, 0xDC, 0xEA, 0x12, 0x6E, 0x6E, 0xEB, 0x12, 0x5B, 0x5F, 0xD5, 0xBB, 0x30,
    0x24, 0xD1, 0x7B, 0x15, 0x73, 0x8D, 0x21, 0x32, 0x82, 0x2E, 0x85, 0x86, 0x61, 0xDE, 0xA8, 0x77,
    0x7B, 0x19, 0x1B, 0x2D, 0xE1, 0x07, 0x26, 0x41, 0x43, 0x0B, 0x23, 0xA9, 0xAD, 0x9E, 0x68, 0x0A,
    0x12, 0x84, 0x13, 0x55, 0x99, 0xA0, 0xC1, 0x95, 0xA8, 0xFB, 0x47, 0x29, 0xC6, 0xB5, 0x94, 0xA3,
    0x00, 0x4B, 0x1D, 0x61, 0xD6, 0x9F, 0x0D, 0x04, 0x3F, 0xE8, 0xD6, 0x52, 0x26, 0x4D, 0x4C, 0xB2,
    0x0F, 0x9F, 0x74, 0x83, 0x94, 0x06, 0x1A, 0xCC, 0x05, 0x48, 0x15, 0x8E, 0x5E, 0x32, 0xDC, 0x1B,
    0xE7, 0x69, 0x21, 0xC8, 0xB0, 0xDE, 0x4E, 0x9D, 0x52, 0x33, 0x25, 0xFD, 0xB7, 0x69, 0xA5, 0xD7,
    0x1A, 0x4B, 0xDA, 0xAB, 0x7F, 0x87, 0xC9, 0x55, 0x06, 0xCD, 0xA0, 0xBF, 0xC5, 0xF2, 0x49, 0x03,
    0x21, 0xEB, 0x31, 0xE8, 0x71, 0xD4, 0xCD, 0xA9, 0x71, 0x22, 0x84, 0x58, 0x68, 0x74, 0xE7, 0x92,
    0x96, 0x30, 0x94, 0x90, 0x37, 0xE5, 0x6C, 0xA3, 0x72, 0x32, 0xEE, 0x78, 0xD6, 0x3F, 0xC1, 0x26,
    0x74, 0x79, 0x59, 0xE4, 0x73, 0x11, 0xA7, 0x73, 0x91, 0x48, 0x17, 0xA3, 0xB8, 0x4D, 0xB1, 0x0D,
    0xF1, 0x8F, 0x52, 0x9F, 0x0D, 0x9B, 0x7C, 0xA5, 0x6D, 0x73, 0x1B, 0x49, 0x2C, 0xC7, 0xBC, 0x98,
    0xA3, 0x74, 0x3E, 0xC7, 0xE3, 0xBF, 0x60, 0x11, 0x21, 0x9F, 0x6C, 0xEB, 0xED, 0xE0, 0x34, 0xD0,
    0xC1, 0xD0, 0x4E, 0x8F, 0xD7, 0xBB, 0x58, 0xAD, 0x5B, 0x7F, 0x0D, 0xD2, 0x6B, 0x99, 0x18, 0x77,
    0x6D, 0x7F, 0xDB, 0x67, 0xE1, 0xB1, 0x27, 0x0A, 0x97, 0xC5, 0x19, 0x04, 0xC4, 0xA1, 0xF4, 0x8F,
    0x3A, 0x82, 0x42, 0x1A, 0x1E, 0x2D, 0xA1, 0xCE, 0x8D, 0x0F, 0xB1, 0x24, 0xB5, 0xA9, 0x16, 0xB3,
    0x8C, 0x11, 0xA8, 0x30, 0x92, 0x7B, 0xCF, 0x6E, 0xAA, 0xA5, 0x11, 0xF4, 0x24, 0x86, 0x0E, 0x7F,
    0xBF, 0x32, 0x82, 0x9E, 0x81, 0xB0, 0x3C, 0x2A, 0xE5, 0xCE, 0x6A, 0x82, 0x87, 0x4E, 0x4A, 0x45,
    0x39, 0xEE, 0x12, 0x08, 0xF2, 0x8E, 0x02, 0xBC, 0x68, 0x77, 0xCE, 0xF3, 0xAF, 0xDD, 0xE7, 0xF8,
    0xC0, 0xCD, 0xA1, 0xA5, 0xE8, 0x97, 0x71, 0xAD, 0x48, 0x17, 0xCD, 0xCF, 0x51, 0x06, 0x4F, 0x30,
    0xC3, 0x73, 0xA4, 0x24, 0x5D, 0xF2, 0x39, 0x3C, 0xAB, 0x79, 0x1C, 0xFB, 0x3C, 0x9C, 0xBC, 0x3B,
    0x28, 0x4E, 0x6C, 0x15, 0xDF, 0x65, 0x48, 0x93, 0x72, 0xDE, 0xC3, 0xAF, 0x4E, 0x70, 0x47, 0x12,
    0x4F, 0x56, 0xD2, 0x93, 0x95, 0x74, 0x5F, 0x2B, 0x2B, 0x49, 0x44, 0x70, 0xC7, 0x58, 0x72, 0x93,
    0xDB, 0xEA, 0x74, 0x1A, 0x43, 0x14, 0xFB, 0x49, 0x9F, 0xF5, 0x5C, 0x71, 0xB3, 0xDA, 0xDE, 0xC9,
    0x47, 0xD8, 0x43, 0x85, 0x8D, 0x08, 0x19, 0x99, 0xA6, 0x1B, 0x4F, 0x1C, 0xC5, 0x1C, 0xD0, 0x3B,
    0xA2, 0x23, 0x14, 0xA7, 0x11, 0x14, 0x8D, 0x30, 0xB9, 0x62, 0x96, 0x43, 0x79, 0xE2, 0x1D, 0xF0,
    0x79, 0x58, 0x61, 0x1B, 0x52, 0x6A, 0xC8, 0x22, 0xF5, 0x3E, 0xEF, 0x62, 0xCC, 0x76, 0x9F, 0xF5,
    0x89, 0x49, 0xBD, 0x4F, 0xFB, 0xAB, 0x26, 0xF7, 0x1B, 0xF6, 0x29, 0xBF, 0x19, 0xB7, 0x4D, 0x8E,
    0xB9, 0xAF, 0xE3, 0xF4, 0x67, 0x5A, 0x91, 0x4D, 0x02, 0x19, 0xD7, 0x94, 0xBA, 0x4A, 0xCA, 0xB0,
    0x89, 0xCA, 0x04, 0x11, 0xF4, 0x52, 0xD2, 0x0A, 0xD8, 0x20, 0xA9, 0xE8, 0x3B, 0x3A, 0x29, 0xE7,
    0x24, 0xED, 0x49, 0x85, 0x82, 0xEF, 0x61, 0xE9, 0x9C, 0x03, 0x43, 0x30, 0x60, 0xC9, 0x2A, 0xEB,
    0x40, 0xE9, 0x91, 0xDC, 0xD6, 0xA3, 0xB8, 0xB6, 0x5F, 0xEA, 0x87, 0xF7, 0x1E, 0x96, 0xFA, 0xFE,
    0x87, 0xF7, 0x4B, 0xFD, 0xBE, 0x7D, 0xB9, 0xD4, 0x7B, 0x56, 0x97, 0x7A, 0x77, 0x80, 0x28, 0x7B,
    0x8A, 0xB7, 0x35, 0xF0, 0x4E, 0x15, 0x3D, 0xFA, 0xB6, 0xB0, 0x3A, 0xF1, 0xD1, 0xE7, 0x0E, 0xBE,
    0xE0, 0x7B, 0x29, 0x0D, 0xC3, 0x30, 0x1F, 0xF2, 0x27, 0x69, 0x51, 0xCB, 0x9F, 0x84, 0x6F, 0x95,
    0xEA, 0x6F, 0xD8, 0x45, 0x0D, 0xAD, 0x36, 0x2F, 0x91, 0xB2, 0x33, 0x35, 0xFC, 0x9D, 0x05, 0xA2,
    0x5F, 0xA0, 0xC8, 0xE6, 0x47, 0x29, 0x55, 0x28, 0x95, 0x11, 0xB2, 0xC1, 0x44, 0xC2, 0xB3, 0xDE,
    0x84, 0x51, 0xF1, 0x4B, 0x1D, 0xB5, 0xC0, 0xC6, 0xDB, 0x84, 0xD3, 0x9D, 0x3B, 0xA3, 0x34, 0x23,
    0x49, 0x90, 0x14, 0xCA, 0x0B, 0x44, 0x0E, 0xF4, 0x49, 0x63, 0x18, 0xAA, 0xB3, 0x01, 0xDD, 0xA3,
    0x18, 0x30, 0x45, 0x26, 0x40, 0x16, 0x73, 0x0D, 0x23, 0x2F, 0x94, 0x5D, 0x94, 0xD2, 0x56, 0x53,
    0x7B, 0xDC, 0xC4, 0x19, 0xB6, 0x2A, 0xD9, 0x47, 0xE0, 0xAE, 0xC1, 0x54, 0x2A, 0xFE, 0x69, 0x2F,
    0xD4, 0xD6, 0x60, 0x15, 0x6F, 0x20, 0x0D, 0x83, 0x69, 0xB1, 0x38, 0x07, 0x5B, 0xC6, 0xF5, 0x0E,
    0xCD, 0x90, 0x19, 0xB0, 0x99, 0x84, 0xFC, 0x7B, 0x96, 0x1F, 0x44, 0xE3, 0xB9, 0x1F, 0xD5, 0xDC,
    0x0F, 0x79, 0xE3, 0x27, 0xF4, 0x83, 0xCD, 0x40, 0x9C, 0x29, 0x56, 0xFD, 0xC0, 0x51, 0x20, 0x3F,
    0x40, 0x0D, 0xD1, 0x9C, 0x4D, 0x6D, 0x46, 0xB8, 0x90, 0x51, 0x70, 0x1F, 0x6E, 0xC8, 0xB5, 0xB4,
    0xE7, 0xC2, 0x17, 0x0D, 0x5F, 0x0C, 0x7D, 0x81, 0xCE, 0x0B, 0x4F, 0xEA, 0x8B, 0x2F, 0x63, 0x8A,
    0x93, 0x78, 0x72, 0xC6, 0xD8, 0x5A, 0xCE, 0x0F, 0x60, 0x7B, 0xAF, 0x01, 0x14, 0x64, 0x8E, 0x6B,
    0x64, 0xC0, 0xAD, 0xED, 0x2C, 0x67, 0x03, 0x81, 0x2F, 0x49, 0x4E, 0x18, 0x31, 0x33, 0x69, 0xEF,
    0xAC, 0x4B, 0x31, 0xFF, 0x12, 0x0A, 0xC4, 0xAA, 0x2B, 0x21, 0xFB, 0xDF, 0x86, 0xAE, 0x3D, 0x3B,
    0x1B, 0x32, 0x4E, 0x27, 0x38, 0x06, 0x4D, 0xFD, 0xC5, 0xEB, 0x18, 0xFB, 0xEC, 0x91, 0x6D, 0x92,
    0x7D, 0x74, 0x0A, 0x73, 0x6D, 0x0C, 0xFB, 0x64, 0xC2, 0xD1, 0x7F, 0xE8, 0xBD, 0x2D, 0x3C, 0x02,
    0x3E, 0xF6, 0xCE, 0xF5, 0xEC, 0x03, 0xCE, 0xBB, 0x3C, 0x60, 0xCB, 0x31, 0xD2, 0xEE, 0xDB, 0xC3,
    0x2E, 0x03, 0x9D, 0x6B, 0xE3, 0x83, 0x8B, 0x76, 0xD3, 0xAF, 0xBE, 0x03, 0x83, 0x8C, 0x30, 0x04,
    0x29, 0x8C, 0xE7, 0xEB, 0x45, 0x14, 0xD0, 0xED, 0x7B, 0xAE, 0x70, 0xBC, 0x43, 0xB5, 0x5C, 0x9D,
    0x74, 0x49, 0xAE, 0x71, 0xC6, 0x5E, 0x5A, 0x4A, 0x4F, 0x9D, 0x7F, 0xD7, 0xAB, 0x1F, 0x62, 0x6D,
    0xF3, 0x59, 0xBE, 0x33, 0xBD, 0xDF, 0x79, 0xE9, 0x75, 0x45, 0x42, 0xA1, 0x1F, 0xF4, 0x92, 0x21,
    0x1E, 0xE9, 0xDF, 0xFC, 0x07, 0xFD, 0x8D, 0x58, 0x13, 0x1F, 0x8D, 0xCA, 0xBC, 0x8E, 0x1E, 0xEF,
    0x48, 0xAC, 0x5B, 0x37, 0x6F, 0x08, 0x20, 0xF1, 0xF0, 0x8B, 0x0A, 0x15, 0x39, 0xEE, 0x20, 0xEB,
    0xD8, 0x8F, 0xC1, 0x60, 0xBE, 0x91, 0xCA, 0x88, 0x01, 0xFD, 0x69, 0xF1, 0x0B, 0x5B, 0x6D, 0xAB,
    0xA4, 0x79, 0x8E, 0x34, 0x41, 0x85, 0xDD, 0xDC, 0x9A, 0x82, 0x63, 0x20, 0xD7, 0xEC, 0x0E, 0xC2,
    0x1F, 0x20, 0xF8, 0x61, 0x5B, 0x80, 0x81, 0x64, 0x44, 0x83, 0xD1, 0xE6, 0x1A, 0xBA, 0x48, 0xEA,
    0x90, 0xC5, 0xC6, 0x36, 0xB6, 0xE8, 0xDF, 0x02, 0xF1, 0xF0, 0x16, 0xB4, 0xDC, 0x8E, 0x33, 0x6C,
    0x30, 0x8E, 0x7E, 0x9F, 0xED, 0x77, 0x89, 0xAD, 0x43, 0xDC, 0x6C, 0x37, 0xA0, 0xD7, 0xCA, 0xE2,
    0xDF, 0x8B, 0x9F, 0x15, 0x6B, 0x8A, 0x3F, 0xC8, 0x1A, 0xE4, 0x22, 0x52, 0x12, 0x9F, 0xE5, 0xA4,
    0x5C, 0x98, 0xF8, 0xCB, 0x2F, 0x33, 0x11, 0x5B, 0x3E, 0x68, 0x1D, 0xAF, 0x7B, 0xDC, 0xAF, 0x5C,
    0xE7, 0xDF, 0x9F, 0xC3, 0x5F, 0xFB, 0x60, 0xE2, 0xAF, 0xC1, 0xC4, 0x5F, 0x7F, 0x94, 0x95, 0x67,
    0xF1, 0x57, 0x64, 0x0B, 0x69, 0x21, 0x92, 0xD9, 0xDC, 0xAB, 0x96, 0xF8, 0x2B, 0xAB, 0xAD, 0x3A,
    0x83, 0xBF, 0x6A, 0x3C, 0x2F, 0x13, 0x57, 0x7D, 0x36, 0x7F, 0xB5, 0x73, 0xFE, 0x1A, 0x4C, 0xFC,
    0x15, 0xFC, 0x99, 0xFC, 0xD5, 0xC5, 0x97, 0x91, 0x9E, 0xCB, 0x95, 0x88, 0x2F, 0xF3, 0xD7, 0xEC,
    0x98, 0xBF, 0x76, 0xA7, 0xF8, 0x6B, 0x2C, 0xFC, 0x35, 0x3E, 0xC9, 0x5F, 0xD5, 0x19, 0xFC, 0x15,
    0xED, 0xA3, 0x4A, 0xA8, 0xAD, 0x61, 0xAC, 0x18, 0x37, 0xAE, 0x95, 0xB8, 0xC9, 0x41, 0x0F, 0x54,
    0x97, 0x26, 0x0F, 0x40, 0x6C, 0x81, 0x8F, 0x31, 0xD6, 0x05, 0x95, 0xE5, 0xD2, 0x3D, 0x0B, 0x99,
    0x7D, 0x52, 0xF5, 0x3C, 0x63, 0x92, 0xD4, 0x74, 0xFF, 0x3B, 0x0C, 0x01, 0xE8, 0x09, 0xC2, 0x89,
    0x41, 0x03, 0xEF, 0x60, 0x8C, 0xF1, 0x01, 0x9E, 0xE7, 0x1C, 0xF4, 0x66, 0x62, 0xDB, 0x6C, 0xBF,
    0x7F, 0x95, 0x85, 0xDC, 0xF9, 0x5B, 0x8D, 0x6F, 0x2B, 0x1F, 0x45, 0x13, 0xF6, 0xDF, 0x0D, 0x7A,
    0x10, 0x56, 0x94, 0x7A, 0x86, 0xEE, 0x38, 0xD2, 0x97, 0x9C, 0xEA, 0xB2, 0x99, 0xCD, 0x37, 0xB0,
    0xF5, 0x2D, 0x34, 0xB4, 0x4B, 0x11, 0x1D, 0x2E, 0xDD, 0x4C, 0x56, 0x0C, 0x9C, 0x15, 0x51, 0x3B,
    0x34, 0xC5, 0xC8, 0x7A, 0x15, 0x6B, 0x20, 0x29, 0x7F, 0xC4, 0x29, 0x91, 0xD5, 0xB8, 0x49, 0x66,
    0x9F, 0x43, 0x57, 0x09, 0xF8, 0x49, 0xAF, 0x80, 0xED, 0x5E, 0x66, 0x4B, 0x04, 0xE6, 0x03, 0x95,
    0xA0, 0x83, 0xE7, 0xDB, 0x72, 0x06, 0x54, 0xEA, 0x9B, 0x52, 0x87, 0x0B, 0x5D, 0x5C, 0x97, 0xE1,
    0x36, 0x09, 0x6E, 0x86, 0xFB, 0x9C, 0x46, 0x05, 0xA2, 0xFD, 0xD9, 0xDB, 0x84, 0x68, 0x52, 0x69,
    0x7B, 0x2A, 0xE3, 0x84, 0x32, 0x51, 0x8C, 0x24, 0x52, 0x8D, 0x70, 0x2A, 0x52, 0x3A, 0x0A, 0x0B,
    0xE1, 0x53, 0x44, 0xFB, 0x10, 0xC9, 0x9B, 0x10, 0x3B, 0x1C, 0x06, 0x84, 0x4C, 0xD4, 0x14, 0x25,
    0x85, 0x7B, 0x43, 0x37, 0x54, 0xD0, 0x9A, 0xB9, 0x3E, 0xCB, 0xDE, 0xC8, 0x13, 0x86, 0xF8, 0xFE,
    0x2C, 0x5D, 0xDA, 0xF2, 0x14, 0xDF, 0x0C, 0xE5, 0xDC, 0x29, 0x0C, 0xC5, 0xAF, 0x21, 0xC6, 0x8F,
    0xC8, 0x4B, 0xF6, 0x28, 0x82, 0x65, 0x16, 0x96, 0xCC, 0xDF, 0x2D, 0x5D, 0x1A, 0x48, 0x2D, 0x89,
    0x58, 0xAD, 0xA6, 0xCC, 0x3E, 0xA0, 0x19, 0x77, 0xBF, 0x3E, 0xB7, 0x2A, 0xEA, 0x83, 0x52, 0xB5,
    0x41, 0x5A, 0x62, 0xC9, 0x9F, 0x44, 0x6C, 0x84, 0xD5, 0x29, 0xDF, 0xC6, 0xE8, 0xA9, 0x7C, 0xC3,
    0x6B, 0x93, 0x6F, 0x1B, 0xA4, 0x76, 0x96, 0x67, 0x2A, 0x42, 0xFE, 0x5D, 0xEA, 0x86, 0x37, 0xC4,
    0x43, 0xCE, 0x43, 0x38, 0xD5, 0xE8, 0x20, 0x86, 0x85, 0xC8, 0x49, 0xE6, 0x00, 0xE6, 0x8A, 0x14,
    0xF9, 0x54, 0x30, 0x19, 0xEC, 0x59, 0x02, 0xD4, 0x37, 0x47, 0xB5, 0x17, 0x1C, 0x08, 0x70, 0x44,
    0x2D, 0x5D, 0xB4, 0x45, 0x4B, 0xB6, 0x0B, 0x3F, 0xD6, 0x0F, 0x5C, 0x20, 0xCF, 0x2C, 0x35, 0xE9,
    0x0E, 0x35, 0x72, 0x14, 0x14, 0xF8, 0x88, 0xBB, 0xD9, 0xBC, 0x48, 0xB3, 0x52, 0xFE, 0x5A, 0x5E,
    0x69, 0x96, 0x17, 0xFC, 0x0B, 0x1D, 0x24, 0x9E, 0xE7, 0xE0, 0x49, 0x93, 0xD7, 0x68, 0x32, 0x70,
    0xD3, 0xE4, 0xCE, 0xE4, 0x6C, 0x32, 0x99, 0xD8, 0xE5, 0xC4, 0x6C, 0x56, 0x2C, 0x9B, 0x5C, 0x82,
    0x77, 0x4C, 0x26, 0xFB, 0xA7, 0x4C, 0x5E, 0x31, 0x2B, 0x5F, 0x32, 0xCB, 0x69, 0x3B, 0xDF, 0xAC,
    0xAF, 0x16, 0xE7, 0x85, 0xD1, 0xE5, 0x17, 0x1A, 0x9D, 0x3E, 0x99, 0xD1, 0x4F, 0x1C, 0xE7, 0xAF,
    0xE0, 0xD0, 0x17, 0xC1, 0x24, 0xF5, 0x09, 0xAE, 0x3C, 0x28, 0x08, 0x7F, 0xAD, 0x51, 0x51, 0xFF,
    0x1F, 0x39, 0x80, 0x72, 0x14, 0x31, 0xDC, 0x0C, 0xEB, 0xD9, 0x3B, 0x83, 0xFC, 0x8F, 0x8C, 0xFC,
    0x73, 0xDC, 0xBF, 0x8A, 0x9E, 0x99, 0xA5, 0xA6, 0xC9, 0x8E, 0x56, 0x60, 0xF2, 0x5C, 0x9E, 0x76,
    0x11, 0x36, 0x18, 0x80, 0x0C, 0xF0, 0x52, 0xBD, 0xC8, 0xA6, 0x01, 0xDF, 0xBD, 0x99, 0x30, 0x3F,
    0xF6, 0x25, 0xF9, 0xFF, 0x7B, 0x6A, 0x54, 0xEF, 0xF9, 0x98, 0x7E, 0xF6, 0x3B, 0x04, 0x17, 0x7E,
    0x8E, 0x08, 0xBA, 0xB6, 0x42, 0x9B, 0x21, 0x9E, 0x9D, 0x6D, 0x9E, 0xC4, 0x28, 0x83, 0x3A, 0xEE,
    0x28, 0xDA, 0x08, 0x96, 0xE6, 0x34, 0x97, 0x3D, 0x77, 0x87, 0xDA, 0x60, 0x7E, 0xF6, 0x3A, 0xE9,
    0xE6, 0x1E, 0x15, 0xFC, 0x2B, 0xCC, 0xD1, 0x47, 0xC2, 0x48, 0x53, 0x72, 0x53, 0x1E, 0xE2, 0x30,
    0xCD, 0x80, 0xDE, 0xAE, 0x0C, 0xA4, 0x15, 0x45, 0x3E, 0xFF, 0xDE, 0x4E, 0xB6, 0xCD, 0xDE, 0x39,
    0x0E, 0x3D, 0x2A, 0x30, 0x1B, 0xF5, 0x18, 0xB7, 0x7E, 0x17, 0x75, 0x41, 0x13, 0xF6, 0x61, 0x0D,
    0xAC, 0xA8, 0x3C, 0x4C, 0x14, 0xCA, 0x22, 0x43, 0x8A, 0x04, 0xDB, 0xDD, 0x56, 0x1C, 0x48, 0x54,
    0x4C, 0x6C, 0x46, 0x9C, 0x89, 0xF3, 0x04, 0x02, 0x3C, 0xF2, 0x33, 0x83, 0x5E, 0x36, 0x38, 0x98,
    0xCE, 0x64, 0x4C, 0x3B, 0x97, 0x4F, 0x1F, 0x3B, 0xB8, 0x67, 0x1B, 0x11, 0x00, 0x9B, 0x2C, 0x85,
    0x83, 0x3B, 0xCA, 0x1B, 0x69, 0xB4, 0xE5, 0xDC, 0x9A, 0x5D, 0xE3, 0xBB, 0x7B, 0x68, 0x01, 0xF1,
    0xFB, 0xF0, 0x4D, 0xEF, 0xE7, 0x74, 0x90, 0x6D, 0x98, 0x11, 0xF6, 0x84, 0x4D, 0x74, 0xAB, 0x0E,
    0xA6, 0x93, 0x83, 0xE7, 0x11, 0xA4, 0x62, 0x84, 0x93, 0x03, 0x9D, 0x0C, 0x26, 0x27, 0x23, 0x38,
    0xA9, 0x2B, 0xAF, 0x47, 0xB7, 0x1A, 0x92, 0x54, 0xED, 0x98, 0xAF, 0xE6, 0x24, 0xD8, 0x31, 0xC4,
    0xAD, 0x08, 0x7F, 0x0F, 0x98, 0x50, 0x83, 0x0E, 0xF5, 0x41, 0x7E, 0xA9, 0xFE, 0xD4, 0xAB, 0xCE,
    0x3C, 0xCA, 0x70, 0xF9, 0x28, 0x6F, 0x9F, 0x3E, 0xCA, 0x0F, 0xBE, 0xEA, 0x51, 0x0A, 0xF5, 0x08,
    0x53, 0x15, 0xBF, 0x0C, 0xEA, 0x1E, 0xE7, 0xEA, 0x0A, 0x8E, 0xE9, 0xD6, 0x15, 0xA5, 0xFE, 0xF6,
    0x7B, 0xA7, 0x8F, 0xB6, 0xF1, 0x3B, 0xDD, 0xC2, 0xEB, 0xCE, 0x1D, 0xAD, 0xCF, 0xA3, 0x1D, 0x71,
    0xB4, 0x16, 0x6E, 0x65, 0x93, 0xD7, 0xC9, 0xE4, 0x35, 0x41, 0x3E, 0x3A, 0xF6, 0xDA, 0x3E, 0xF1,
    0xD1, 0x66, 0xF6, 0xBE, 0xED, 0x29, 0xBA, 0xB5, 0xC1, 0x13, 0x56, 0xCE, 0x73, 0x58, 0x15, 0x28,
    0x03, 0x14, 0x55, 0xEA, 0x66, 0xA3, 0x69, 0xD8, 0x58, 0x3B, 0xB0, 0x92, 0x9A, 0x27, 0x04, 0xA2,
    0x40, 0x62, 0xCE, 0x99, 0xE7, 0xBC, 0x53, 0x05, 0x99, 0x95, 0xDF, 0xB8, 0xD1, 0x2B, 0xBF, 0x91,
    0xB4, 0x36, 0xDB, 0x78, 0xA4, 0x5B, 0x17, 0x5E, 0x6E, 0x9C, 0x53, 0x58, 0x5E, 0xC1, 0x2E, 0x04,
    0x23, 0x2D, 0x46, 0x10, 0x9C, 0xC9, 0x78, 0x07, 0x0D, 0xC1, 0xC7, 0xF2, 0x1A, 0xB7, 0xD4, 0xF2,
    0x30, 0x71, 0xE6, 0x0A, 0x07, 0x40, 0x1D, 0xD4, 0x66, 0x76, 0x52, 0x1B, 0xD5, 0x2E, 0x4B, 0xB8,
    0x82, 0x52, 0xB8, 0x2C, 0xDC, 0xC2, 0x27, 0x3E, 0x2C, 0x40, 0xBC, 0xE4, 0xF3, 0x02, 0x1E, 0x5C,
    0xF9, 0x00, 0x32, 0xC0, 0xD4, 0x89, 0x9A, 0xA9, 0xC2, 0xB9, 0xE1, 0x13, 0xBB, 0x71, 0x73, 0x82,
    0x64, 0x81, 0xE7, 0xC5, 0xE5, 0x04, 0x4E, 0x4F, 0x3C, 0x06, 0xC5, 0x9C, 0xBA, 0x8B, 0xA0, 0x1A,
    0x38, 0x33, 0xED, 0x83, 0xF6, 0xB3, 0x2F, 0xF6, 0xC0, 0x5D, 0x6C, 0xC5, 0xCB, 0x58, 0xB4, 0x72,
    0x2F, 0xEA, 0xE5, 0x12, 0x9C, 0x75, 0xD1, 0x08, 0x23, 0xF8, 0xB8, 0x6D, 0xE2, 0x03, 0x95, 0x09,
    0x12, 0x63, 0xBF, 0x03, 0x6E, 0xFB, 0x24, 0xE4, 0x18, 0x4C, 0x28, 0xB4, 0x95, 0xB1, 0x39, 0x24,
    0x6D, 0x90, 0x14, 0x38, 0x96, 0x40, 0x57, 0x4A, 0x62, 0x7B, 0x30, 0xAC, 0xD7, 0xFC, 0x5E, 0x37,
    0xC7, 0x32, 0x86, 0x8C, 0x46, 0xFB, 0x5B, 0xE1, 0x86, 0x3F, 0xA7, 0x9E, 0x83, 0x90, 0x9C, 0x04,
    0x43, 0x88, 0xB5, 0x75, 0x7C, 0xB8, 0x05, 0xE2, 0x12, 0x92, 0xBC, 0xC0, 0x9B, 0x00, 0xFC, 0xC5,
    0x93, 0xB3, 0xE0, 0x79, 0x73, 0xE9, 0xE3, 0x23, 0x5F, 0x2C, 0xC4, 0x07, 0x07, 0x83, 0xEE, 0x64,
    0x39, 0x61, 0x36, 0x6E, 0xFD, 0x33, 0x5F, 0xAA, 0x1D, 0x45, 0xFD, 0x27, 0x75, 0xE2, 0xE0, 0x12,
    0xDD, 0x7C, 0x4B, 0x46, 0xC1, 0x13, 0x07, 0x97, 0x17, 0x78, 0x1C, 0x47, 0x1D, 0x96, 0x6A, 0xBF,
    0x44, 0xA6, 0x2B, 0xF2, 0xF1, 0xDF, 0x73, 0xDC, 0xFD, 0x8D, 0xED, 0x26, 0x5E, 0x22, 0xAD, 0xF2,
    0x2E, 0x8F, 0xE5, 0x31, 0x91, 0x84, 0x7B, 0xB8, 0xDA, 0x65, 0xAC, 0x7C, 0x2B, 0x75, 0x4E, 0x76,
    0xFE, 0x10, 0x77, 0xCD, 0xCF, 0x49, 0xDA, 0xF1, 0x22, 0x0A, 0x1B, 0xE1, 0xEA, 0x15, 0x98, 0x3A,
    0xFC, 0xAE, 0x8D, 0x4D, 0xE3, 0x46, 0x39, 0xEB, 0x9D, 0x20, 0xAD, 0xD6, 0x54, 0x13, 0x4E, 0x10,
    0x40, 0x7E, 0xA8, 0xE2, 0x11, 0x74, 0x3C, 0x18, 0x22, 0xA1, 0x68, 0x24, 0xDF, 0x64, 0xCD, 0xF1,
    0x20, 0x33, 0x10, 0x05, 0x01, 0x33, 0x21, 0x74, 0x66, 0x2C, 0xE2, 0x3E, 0xC1, 0xD0, 0xD3, 0xC2,
    0x91, 0x84, 0x64, 0xCD, 0xF4, 0xD2, 0xB6, 0xBC, 0xD5, 0xEA, 0x93, 0xEF, 0x32, 0x99, 0x9A, 0xAA,
    0x25, 0xDF, 0x00, 0xC2, 0x6C, 0xEF, 0xCE, 0x37, 0xE8, 0x4F, 0x3E, 0x22, 0x5E, 0x38, 0xDF, 0x4A,
    0x19, 0xC4, 0x26, 0x21, 0x58, 0xA5, 0x1F, 0xC2, 0xA0, 0x84, 0xBE, 0x65, 0x04, 0x6E, 0xFA, 0x86,
    0xB3, 0x2F, 0x70, 0x94, 0x6F, 0xD8, 0xC1, 0xE0, 0x50, 0x07, 0x58, 0x3F, 0x80, 0x05, 0xF6, 0x6C,
    0x39, 0x1E, 0x4D, 0xCF, 0xD6, 0xF1, 0xC6, 0xA0, 0xFC, 0xAD, 0xF1, 0x2D, 0xD6, 0xAF, 0x38, 0x91,
    0x65, 0xB4, 0xB9, 0x84, 0xC9, 0x4D, 0xD2, 0x25, 0x83, 0xE9, 0xCD, 0xF8, 0xFF, 0x00, 0xCD, 0x57,
    0xBF, 0x93, 0xD5, 0xD6, 0x15, 0x3E, 0x92, 0xF0, 0x2A, 0x46, 0x83, 0x45, 0xB1, 0x49, 0xB0, 0xC3,
    0x44, 0x14, 0x14, 0x14, 0x24, 0xA2, 0xA0, 0x70, 0xB1, 0x20, 0x39, 0x14, 0x2E, 0x3C, 0x13, 0x9C,
    0x19, 0xA7, 0x8E, 0x8B, 0x34, 0x1E, 0x67, 0x42, 0x0A, 0x17, 0x2E, 0x96, 0x95, 0x60, 0x33, 0xE3,
    0x49, 0x85, 0xFF, 0x04, 0x52, 0x06, 0x17, 0x50, 0x50, 0x50, 0x2C, 0x2B, 0xE1, 0x2D, 0x28, 0xFD,
    0x12, 0x8A, 0x14, 0x14, 0x91, 0x83, 0x67, 0x5C, 0xB8, 0x40, 0x76, 0x5E, 0x92, 0xE7, 0x59, 0xE9,
    0xDD, 0x7C, 0xDF, 0xBD, 0x92, 0x9E, 0xDE, 0x2E, 0xCB, 0xFE, 0x7A, 0x0F, 0xF2, 0xCC, 0x3D, 0xD6,
    0xEA, 0xC7, 0xBD, 0xE7, 0x3B, 0x3F, 0xBE, 0x73, 0x8E, 0xC8, 0x2B, 0x82, 0x5F, 0x94, 0x42, 0x64,
    0x39, 0x84, 0x1A, 0x88, 0x58, 0xAA, 0x10, 0xB1, 0x55, 0x29, 0xE2, 0x7C, 0x33, 0x14, 0xF1, 0x1E,
    0x8E, 0x44, 0xFC, 0x8D, 0x4A, 0x24, 0xB8, 0x5E, 0x8B, 0x84, 0x96, 0xC2, 0x07, 0xB7, 0x20, 0x32,
    0xA5, 0x52, 0x51, 0x4A, 0xE5, 0x56, 0x25, 0xD1, 0xC0, 0x1E, 0x4A, 0x58, 0x38, 0x10, 0xC3, 0x50,
    0x59, 0x4A, 0x45, 0xCA, 0x56, 0x4A, 0x7A, 0xBF, 0xAB, 0x14, 0xAA, 0x13, 0xF8, 0xD3, 0xCA, 0x3E,
    0x15, 0x4F, 0xE1, 0x8B, 0xA7, 0xF8, 0xFE, 0x52, 0x25, 0xA1, 0x83, 0x33, 0xB0, 0xEC, 0x0C, 0xD7,
    0xAA, 0x92, 0x64, 0xB3, 0x12, 0xE5, 0x34, 0xEB, 0xA9, 0x4A, 0x93, 0x5A, 0xE5, 0x41, 0xB1, 0x3E,
    0xBD, 0xA5, 0x6A, 0x16, 0xAF, 0xED, 0x31, 0x84, 0x07, 0xA5, 0xC4, 0xBF, 0x0C, 0x30, 0x0B, 0x3E,
    0x61, 0xE9, 0xF7, 0x4B, 0x8A, 0x9B, 0x14, 0x1A, 0x6F, 0xA6, 0xD5, 0x88, 0x89, 0x12, 0xAF, 0x38,
    0x0A, 0x2F, 0xBB, 0x44, 0xEE, 0x7F, 0x81, 0x17, 0xFD, 0x1B, 0x10, 0xA1, 0x07, 0xD0, 0x91, 0x0B,
    0x85, 0x56, 0x1C, 0x80, 0x1E, 0x7F, 0x86, 0xAD, 0x01, 0x15, 0x1F, 0x28, 0x15, 0x3B, 0x25, 0x8C,
    0xE5, 0x96, 0x12, 0xE5, 0x7E, 0x21, 0x51, 0x91, 0xD4, 0x8E, 0xAA, 0x33, 0x0A, 0x1E, 0xC6, 0xDD,
    0x9C, 0x8D, 0x5C, 0xEC, 0x55, 0xEC, 0x1A, 0xC4, 0x46, 0xB3, 0xF3, 0x13, 0xA5, 0x89, 0xDA, 0x07,
    0xEA, 0x88, 0xA8, 0x81, 0xEC, 0x15, 0xA2, 0xFE, 0xB0, 0xC2, 0x3D, 0xFC, 0x8D, 0x95, 0xAD, 0xF6,
    0x50, 0xAB, 0xED, 0xA8, 0x2D, 0xBA, 0xC9, 0x19, 0x10, 0x29, 0xAE, 0x16, 0x7D, 0xC2, 0x39, 0x49,
    0xA7, 0x11, 0xC4, 0x23, 0xA8, 0xEE, 0xC5, 0x83, 0x16, 0x67, 0x14, 0x77, 0x7E, 0xCD, 0x1B, 0xBF,
    0x3A, 0xDA, 0xAF, 0x8F, 0x3B, 0xBF, 0xAE, 0xD2, 0xAF, 0xBF, 0x00, 0xC4, 0x88, 0x7E, 0x4D, 0xA6,
    0xFD, 0x3A, 0x82, 0x5F, 0xE1, 0xD2, 0xA8, 0x00, 0xD8, 0x70, 0x18, 0x6D, 0xF1, 0xEB, 0x51, 0x2C,
    0x1F, 0x27, 0x84, 0xF8, 0xFF, 0x45, 0xAC, 0x8F, 0x45, 0xD6, 0x4E, 0xE1, 0x94, 0x58, 0xDB, 0xC0,
    0xDB, 0x28, 0x1B, 0x55, 0x66, 0x83, 0x9B, 0xDE, 0xB3, 0xB4, 0x1F, 0xA1, 0xB6, 0x2C, 0x5E, 0x20,
    0xA8, 0x63, 0xF4, 0x60, 0x8B, 0xDB, 0xDF, 0x09, 0xB7, 0xDD, 0xE1, 0x76, 0xA7, 0x71, 0x87, 0x97,
    0x88, 0x9B, 0x51, 0xD3, 0xE2, 0x8E, 0x35, 0x6E, 0x1B, 0xB8, 0x73, 0x86, 0xF2, 0x33, 0x71, 0x5B,
    0x38, 0x06, 0x11, 0x20, 0x76, 0xD9, 0xE8, 0xB2, 0x04, 0xDC, 0x8B, 0xF3, 0xC0, 0x9D, 0x48, 0x83,
    0x40, 0x1E, 0x51, 0x78, 0x40, 0xB5, 0xF2, 0x33, 0xFA, 0xF1, 0x8F, 0xD0, 0xE0, 0x6B, 0x80, 0xF2,
    0xAF, 0x15, 0xBB, 0xBB, 0xBA, 0x9C, 0x76, 0x75, 0x45, 0x57, 0x6F, 0x85, 0x9C, 0x5A, 0x0D, 0xE4,
    0x68, 0x40, 0xC8, 0x25, 0x21, 0xD7, 0x84, 0x0C, 0x03, 0xAD, 0x18, 0x23, 0x3B, 0xD4, 0x81, 0x31,
    0x1D, 0xC6, 0x72, 0x02, 0x90, 0xD5, 0x09, 0x73, 0xFB, 0xEF, 0x05, 0xD4, 0x28, 0xC5, 0xEA, 0xE0,
    0x0E, 0xF6, 0x0E, 0xB7, 0x4B, 0x6A, 0x9C, 0xE1, 0x3F, 0x42, 0x2A, 0x46, 0x54, 0xFE, 0x6C, 0x18,
    0x37, 0x9B, 0xD9, 0x95, 0x4E, 0x68, 0x88, 0xE0, 0x06, 0x1E, 0x5C, 0xB4, 0x99, 0xD0, 0x8B, 0x7C,
    0x52, 0xF3, 0x29, 0x1F, 0x38, 0x14, 0x2E, 0xD3, 0xD8, 0xE3, 0xB7, 0xFE, 0x6D, 0x58, 0x3E, 0x0C,
    0x80, 0x3E, 0xF2, 0x01, 0x7C, 0xC5, 0x83, 0xC3, 0xD7, 0x98, 0xC6, 0xE3, 0xCF, 0x2A, 0x58, 0x45,
    0x8D, 0xF1, 0x01, 0xFC, 0x08, 0x90, 0x2A, 0xF6, 0x0A, 0x51, 0xA9, 0x3F, 0x90, 0x6C, 0x90, 0x55,
    0xAE, 0xAA, 0x54, 0xE5, 0xA9, 0xCA, 0x4E, 0x53, 0xF1, 0xCA, 0x12, 0xEA, 0x62, 0x85, 0x85, 0x2C,
    0x30, 0xC9, 0xC4, 0xD0, 0x08, 0x53, 0xCC, 0xF9, 0x1A, 0xF7, 0xAF, 0x0D, 0x7B, 0x70, 0x0F, 0xE2,
    0xDD, 0x95, 0x36, 0x38, 0x3A, 0x0F, 0x3B, 0x9B, 0x50, 0xD9, 0x7B, 0x00, 0x6D, 0x7D, 0xF9, 0x43,
    0xFB, 0x74, 0x2B, 0x37, 0x4F, 0x3B, 0x76, 0x7F, 0xDC, 0x1C, 0xED, 0x8F, 0x9B, 0xFB, 0xFC, 0xAA,
    0x71, 0x3F, 0x2C, 0xC4, 0xD3, 0x6E, 0x8E, 0x3B, 0xDC, 0x33, 0xE5, 0x6E, 0xF3, 0x63, 0x88, 0x6B,
    0x4E, 0x91, 0x9F, 0x63, 0xBD, 0xF6, 0xE6, 0x39, 0xD1, 0xC1, 0x65, 0xD8, 0x99, 0x19, 0xB6, 0x83,
    0x65, 0xF6, 0x51, 0xB5, 0x92, 0xBD, 0x59, 0xC6, 0xC5, 0x59, 0x3E, 0x19, 0x3C, 0x35, 0xE4, 0x76,
    0x06, 0x5B, 0xC2, 0x33, 0xD4, 0xC6, 0xC3, 0x49, 0x0E, 0x23, 0xEE, 0x83, 0xC3, 0x66, 0xF8, 0x71,
    0x7E, 0x7E, 0x97, 0x62, 0x4D, 0x1A, 0x12, 0xF5, 0xBC, 0xD3, 0x38, 0x38, 0xBD, 0x4B, 0xCC, 0x25,
    0x51, 0xA5, 0x1D, 0x91, 0x10, 0x7D, 0x40, 0xB8, 0x11, 0xD9, 0x25, 0x23, 0xFD, 0x98, 0x57, 0x00,
    0xD7, 0xF9, 0x17, 0xED, 0xFF, 0xA4, 0x62, 0x10, 0xD5, 0xD4, 0x5C, 0xB1, 0xF8, 0x18, 0xCC, 0x31,
    0x31, 0xE7, 0x0C, 0x89, 0x5C, 0xE0, 0x9D, 0x01, 0xE8, 0xCD, 0x2F, 0x81, 0xD9, 0x07, 0xE6, 0x38,
    0x03, 0xE6, 0xB8, 0xC1, 0x3C, 0x68, 0x18, 0x96, 0xA4, 0xB6, 0x8C, 0x75, 0x92, 0x98, 0xCF, 0x1D,
    0x1E, 0x73, 0x3F, 0xCD, 0x75, 0xC8, 0x5B, 0x86, 0xD4, 0x08, 0x2D, 0x60, 0x21, 0x59, 0x3A, 0x05,
    0x95, 0xDF, 0xEA, 0xFC, 0xBC, 0xBE, 0x7B, 0xF0, 0x6F, 0x65, 0xB5, 0xFA, 0x99, 0xAC, 0x66, 0x88,
    0x1C, 0x84, 0xD6, 0x63, 0xB5, 0x84, 0xA2, 0x2B, 0xD4, 0x0F, 0xB1, 0xAD, 0xD7, 0xB8, 0x78, 0x89,
    0x25, 0xAD, 0x75, 0xF1, 0x40, 0xB8, 0xDD, 0xA1, 0x49, 0x3C, 0x58, 0x6D, 0x59, 0xED, 0xCC, 0x95,
    0x98, 0x0E, 0xC7, 0x9F, 0x17, 0x5C, 0xB2, 0x28, 0x83, 0xD9, 0xFB, 0xBE, 0x3B, 0xE1, 0x08, 0xC5,
    0x58, 0xDB, 0x46, 0xB3, 0x5A, 0xBC, 0x8D, 0xD5, 0x82, 0xCB, 0x65, 0xC3, 0x6A, 0x17, 0xC9, 0x6A,
    0xF7, 0xB7, 0xB3, 0x9A, 0xD3, 0xB0, 0x5A, 0xD6, 0xB2, 0x9A, 0x43, 0x56, 0x03, 0xB5, 0x39, 0xC5,
    0xC0, 0x30, 0x1A, 0x96, 0xDB, 0x30, 0xDA, 0xD1, 0x59, 0x78, 0x76, 0x5B, 0x9D, 0x76, 0xE5, 0x54,
    0x93, 0xB2, 0xBE, 0x71, 0x16, 0x0F, 0xFB, 0x40, 0x76, 0x63, 0xB4, 0xFD, 0x77, 0x9B, 0xA3, 0x83,
    0x30, 0x9A, 0x4B, 0xCC, 0x0F, 0x9E, 0x8D, 0x79, 0x96, 0x6C, 0x16, 0x29, 0x55, 0x71, 0xB9, 0xF0,
    0x0F, 0x3E, 0xE1, 0xBA, 0xD7, 0x6C, 0x29, 0xCE, 0xF8, 0x56, 0x0A, 0x6F, 0xE5, 0x58, 0x69, 0x77,
    0xAF, 0x92, 0xF3, 0x58, 0x6B, 0x7C, 0x97, 0xDF, 0x34, 0xDF, 0x8F, 0xBA, 0xFD, 0x5D, 0x36, 0xA7,
    0xA5, 0x59, 0xBC, 0x46, 0x91, 0xF5, 0xF0, 0x38, 0x40, 0x24, 0x47, 0xD7, 0x14, 0xFA, 0x59, 0x25,
    0x0A, 0x46, 0x62, 0x10, 0xE8, 0xD5, 0xB4, 0xB7, 0x34, 0x72, 0x34, 0x5E, 0xD7, 0xEF, 0xD9, 0xEA,
    0xAB, 0x9D, 0xD9, 0x57, 0x77, 0xBB, 0x88, 0xBE, 0xA5, 0x48, 0xE4, 0x04, 0x72, 0x01, 0xE6, 0x15,
    0x07, 0xF6, 0xB1, 0x0D, 0xE3, 0x6E, 0xC1, 0x43, 0x3D, 0x3F, 0x3E, 0x10, 0x9E, 0xF5, 0x49, 0x2F,
    0x61, 0x6D, 0x30, 0xB0, 0x99, 0x0E, 0x38, 0xE0, 0xCD, 0x9E, 0xEB, 0x34, 0xB6, 0x4A, 0x82, 0xCD,
    0x1E, 0xB6, 0x16, 0xD7, 0xAD, 0xBF, 0xEC, 0x80, 0x0D, 0x31, 0xF4, 0x3A, 0x52, 0x28, 0xBB, 0xC1,
    0x36, 0x5D, 0xE4, 0x3B, 0x60, 0x39, 0xFE, 0xDB, 0x6E, 0xCB, 0x59, 0xF9, 0xC3, 0x29, 0x90, 0x1B,
    0x63, 0x93, 0x47, 0xDE, 0xE5, 0xC1, 0xE1, 0x75, 0x36, 0x3F, 0xF0, 0xAC, 0xB6, 0xC2, 0x1A, 0x38,
    0x1E, 0x1B, 0x7F, 0x9B, 0x4B, 0x00, 0x25, 0xAE, 0xC2, 0x17, 0x77, 0x8F, 0xCD, 0x54, 0x7F, 0x73,
    0x9C, 0x13, 0x9B, 0xD9, 0x81, 0xC6, 0x0F, 0x0D, 0xEF, 0xAD, 0xA0, 0xA9, 0x42, 0x3E, 0xD8, 0xE8,
    0x42, 0xDC, 0xBF, 0x0D, 0xC1, 0x88, 0x37, 0xF7, 0x88, 0xED, 0xD6, 0x2E, 0xB1, 0xC6, 0x19, 0x21,
    0x30, 0xA5, 0xD4, 0xBA, 0x84, 0x16, 0xA2, 0xBC, 0x33, 0x5F, 0x6C, 0x77, 0x10, 0x60, 0x60, 0x11,
    0x8B, 0x8D, 0xE3, 0x7D, 0xD3, 0x46, 0xAC, 0xFC, 0x60, 0x0E, 0xD8, 0x5C, 0x26, 0x23, 0x0E, 0x39,
    0xB6, 0xA4, 0x2B, 0xB8, 0xFB, 0x4F, 0x10, 0xEC, 0x28, 0x96, 0x8B, 0xA8, 0x70, 0xA3, 0x9F, 0xB6,
    0xB8, 0x46, 0x5C, 0xD0, 0x71, 0x04, 0x5D, 0xB9, 0xEE, 0xEE, 0x01, 0x17, 0xF3, 0x4A, 0x7F, 0xD3,
    0x7C, 0x0F, 0x30, 0x21, 0xFC, 0x94, 0x21, 0x58, 0xBE, 0xC5, 0x99, 0xBF, 0x2A, 0xB5, 0xEF, 0xDE,
    0x40, 0xD9, 0xCC, 0xFE, 0x04, 0xE5, 0xC0, 0x63, 0xDF, 0x01, 0x53, 0x7E, 0xAF, 0xEB, 0x48, 0xF7,
    0x8E, 0xC9, 0x02, 0xA6, 0x0C, 0x98, 0xC6, 0x06, 0x53, 0xF4, 0x4B, 0x93, 0x3B, 0x77, 0xEE, 0x37,
    0xBD, 0x18, 0x8E, 0x0A, 0x1B, 0x5F, 0x0D, 0x5F, 0x9D, 0xA9, 0xAF, 0xAC, 0x34, 0x16, 0x6F, 0xD8,
    0x74, 0xD9, 0xBF, 0x01, 0x06, 0x37, 0xEF, 0xFA, 0x61, 0x0B, 0xA5, 0xD7, 0xF9, 0x2F, 0xBA, 0x93,
    0x7C, 0x04, 0x4C, 0xC7, 0x0F, 0xE1, 0xA7, 0x26, 0xBF, 0xDC, 0xC2, 0xB8, 0x2A, 0x02, 0xF9, 0x54,
    0x88, 0xC5, 0xD2, 0x9B, 0x39, 0x2F, 0xEC, 0xC8, 0xD3, 0x6D, 0x57, 0x97, 0xC1, 0x85, 0x9B, 0x03,
    0xB1, 0x9F, 0xA0, 0xFE, 0xE6, 0xC3, 0x2D, 0xB8, 0x66, 0xC7, 0xE3, 0xA0, 0xF1, 0x70, 0x2C, 0x17,
    0x22, 0x72, 0x38, 0x28, 0x1C, 0x56, 0xD5, 0x13, 0x13, 0xF6, 0xCA, 0x81, 0x22, 0x18, 0x52, 0xAF,
    0xDD, 0xFF, 0xFD, 0x1B, 0xB5, 0x16, 0xEF, 0xE7, 0x2E, 0xFA, 0x44, 0x25, 0x81, 0x2F, 0xAF, 0xFA,
    0xDC, 0x1D, 0xF3, 0xAE, 0xD5, 0x52, 0xDE, 0x4F, 0x50, 0x27, 0x2B, 0x4A, 0x67, 0xE7, 0x7F, 0xE8,
    0x70, 0x22, 0x94, 0x4A, 0x35, 0x48, 0xB0, 0x55, 0xFD, 0xBC, 0x37, 0xBB, 0x7F, 0x78, 0x2D, 0xE2,
    0xFB, 0xCD, 0x31, 0xD6, 0xB0, 0xB9, 0x8F, 0x8B, 0xFE, 0xF5, 0xDE, 0x75, 0x08, 0x54, 0x1A, 0xB6,
    0x1D, 0xF4, 0xD4, 0x0E, 0xD6, 0xAF, 0x85, 0x3D, 0x58, 0x01, 0x73, 0xC2, 0xA6, 0x5E, 0xFD, 0x63,
    0x15, 0x63, 0x68, 0x54, 0x79, 0x94, 0xA3, 0xB9, 0x48, 0x62, 0x09, 0x8B, 0x0C, 0xC4, 0x55, 0x2A,
    0xBA, 0x72, 0x5A, 0x14, 0x70, 0x48, 0x30, 0x80, 0x47, 0xC2, 0x1C, 0x7D, 0x78, 0x94, 0x86, 0x43,
    0xB4, 0x28, 0xBE, 0xBA, 0x5D, 0x71, 0x2B, 0x84, 0x5A, 0x38, 0xEE, 0xF7, 0x21, 0x46, 0x5D, 0xC6,
    0x8E, 0x11, 0xFA, 0x4F, 0x24, 0xB3, 0x87, 0x53, 0xC3, 0x4D, 0x85, 0xF6, 0x54, 0xA5, 0x59, 0x9C,
    0xE4, 0xFA, 0xAA, 0xBF, 0xE2, 0x24, 0xCD, 0x78, 0xB5, 0x39, 0x06, 0x88, 0x11, 0xF6, 0x4E, 0x27,
    0x7B, 0x92, 0x50, 0xA3, 0xDC, 0x2C, 0x5E, 0x2F, 0x30, 0x22, 0xF4, 0xB9, 0x70, 0xBD, 0xC8, 0x59,
    0x0A, 0xCD, 0x7E, 0x8E, 0x3E, 0x3C, 0x6F, 0x87, 0x07, 0xEB, 0x3D, 0xA6, 0x18, 0xAC, 0x6B, 0x33,
    0x66, 0xBD, 0xEF, 0x83, 0x1A, 0x48, 0x6C, 0x1E, 0x87, 0x28, 0x03, 0xE8, 0x2C, 0xCD, 0x44, 0x9F,
    0xFF, 0x0C, 0x11, 0x03, 0x2A, 0xA2, 0x38, 0xE3, 0xF0, 0xA1, 0xD0, 0x76, 0x39, 0xEC, 0x08, 0xB3,
    0x21, 0x1B, 0x4F, 0x78, 0xEB, 0x0A, 0x1B, 0xD9, 0x24, 0xD5, 0xCD, 0x9C, 0xFD, 0x25, 0x02, 0xE5,
    0xAF, 0x4D, 0x02, 0x30, 0xF8, 0xCF, 0xF6, 0x8B, 0xFB, 0x81, 0xA1, 0xEB, 0x06, 0xF9, 0x35, 0x9D,
    0xB5, 0x62, 0xE6, 0x13, 0xBB, 0xE4, 0x21, 0x15, 0x90, 0x05, 0x19, 0xF3, 0x8C, 0x73, 0xE3, 0xA2,
    0xCC, 0x1F, 0xE7, 0x74, 0x11, 0xCD, 0x4D, 0x11, 0x45, 0xFD, 0x0E, 0x17, 0x75, 0xA6, 0x5A, 0x9B,
    0xA5, 0x38, 0x5F, 0x0E, 0xC5, 0x9D, 0x2A, 0x34, 0x07, 0xC5, 0x6D, 0xB5, 0xC3, 0xA8, 0x3E, 0x4D,
    0x9C, 0xA2, 0xC3, 0x7D, 0xEA, 0xA5, 0xE0, 0x46, 0x81, 0x15, 0x46, 0x55, 0xD5, 0xB0, 0x0F, 0x8A,
    0x5D, 0x78, 0x64, 0x1E, 0xB8, 0xEF, 0x11, 0x37, 0x79, 0xCD, 0xF3, 0xF9, 0x27, 0xCE, 0xB1, 0x6E,
    0xB2, 0x2B, 0x1D, 0x41, 0x03, 0x9F, 0xB1, 0x1E, 0x32, 0xF4, 0x97, 0x17, 0x5E, 0x00, 0xEE, 0x1D,
    0x0A, 0x70, 0x62, 0x0A, 0xB0, 0x8D, 0x02, 0xEC, 0x0E, 0xFA, 0x05, 0xF8, 0x80, 0x98, 0xBD, 0xEB,
    0x00, 0x14, 0x3E, 0x81, 0x9B, 0x97, 0x58, 0x2F, 0x4E, 0xE8, 0x3E, 0xE2, 0xDD, 0x96, 0x39, 0x3C,
    0xDA, 0x22, 0xBC, 0x8C, 0xA7, 0x57, 0xD9, 0x95, 0xCF, 0x19, 0xF3, 0xCD, 0xE3, 0x62, 0x57, 0xCB,
    0xB8, 0x03, 0xC6, 0xBC, 0x81, 0x42, 0x0C, 0xF2, 0x97, 0xCE, 0x14, 0xC8, 0xEF, 0xFF, 0xE0, 0x7E,
    0x71, 0x1F, 0xB4, 0x72, 0xFC, 0xB0, 0x79, 0x2D, 0x66, 0xDA, 0x10, 0x97, 0x3E, 0x0D, 0x9E, 0x02,
    0x5A, 0xC2, 0x48, 0xBF, 0x67, 0xB7, 0x4F, 0x5F, 0x44, 0x54, 0xEF, 0x48, 0xD5, 0x7D, 0xBA, 0x05,
    0x46, 0x0B, 0x4D, 0x8B, 0x53, 0x7C, 0x34, 0x23, 0xDC, 0xCF, 0xA0, 0x72, 0x13, 0x45, 0x81, 0x34,
    0x85, 0xDF, 0x24, 0xC0, 0x57, 0x36, 0x5B, 0x86, 0x56, 0x33, 0xEB, 0x3D, 0x14, 0xE6, 0x44, 0xFD,
    0xA3, 0x84, 0x3D, 0x54, 0x0E, 0x7B, 0xA8, 0x89, 0x3D, 0x52, 0xDA, 0x23, 0x3F, 0xB4, 0x3D, 0x18,
    0x60, 0xBA, 0x95, 0xC1, 0x0A, 0x9A, 0x29, 0xE1, 0x24, 0x6F, 0x38, 0xA5, 0x5E, 0xD9, 0x37, 0x85,
    0x87, 0xB3, 0xF7, 0x8D, 0x5A, 0x1B, 0xED, 0x82, 0x98, 0x5A, 0x01, 0x85, 0x18, 0x54, 0xEE, 0x88,
    0x0D, 0xFB, 0xE2, 0x0B, 0x44, 0x97, 0x93, 0x42, 0xC9, 0x24, 0xB8, 0xAE, 0x9B, 0x7A, 0x72, 0x74,
    0x06, 0xE8, 0x9E, 0x53, 0x86, 0xAD, 0x9B, 0x28, 0xC3, 0x44, 0x17, 0x6B, 0x88, 0xCE, 0x3C, 0x21,
    0xEE, 0x58, 0x86, 0x17, 0x0E, 0x0F, 0xD1, 0xFF, 0x9C, 0xF1, 0xAA, 0xF2, 0x46, 0x9C, 0x88, 0xEC,
    0x7E, 0xCE, 0xCC, 0xD9, 0x77, 0xA3, 0x8F, 0xD0, 0x94, 0x57, 0x9A, 0x93, 0xEC, 0xB7, 0xCB, 0xA6,
    0xB3, 0x9F, 0x80, 0x09, 0xF6, 0x9F, 0x83, 0xD6, 0xBB, 0x53, 0xDA, 0x6B, 0xB7, 0x3C, 0x9E, 0x63,
    0xE4, 0x3D, 0x87, 0x67, 0x66, 0x10, 0x7F, 0x3B, 0x70, 0x4A, 0xA2, 0x1E, 0x60, 0x94, 0x48, 0xD4,
    0x35, 0x48, 0x34, 0xD8, 0x41, 0xC9, 0x63, 0xFD, 0x03, 0x4B, 0xEC, 0x00, 0x1E, 0x54, 0x44, 0x2A,
    0x6A, 0x93, 0xE7, 0x46, 0x8A, 0x31, 0xBF, 0xD0, 0xCE, 0x5B, 0xD3, 0xD3, 0x89, 0x99, 0x4D, 0x5A,
    0xC9, 0x3B, 0x61, 0x19, 0x96, 0xA2, 0x4A, 0x8C, 0x7E, 0x57, 0x78, 0xE5, 0x97, 0xFE, 0xAE, 0x62,
    0x04, 0xA5, 0x61, 0x12, 0xDA, 0x73, 0x13, 0xB6, 0xCE, 0x56, 0x55, 0xFF, 0x18, 0x3D, 0x68, 0x71,
    0xE2, 0x32, 0xC2, 0xCC, 0x5D, 0xBF, 0x27, 0x99, 0x9A, 0x19, 0xD0, 0x79, 0xC4, 0xDB, 0xF6, 0x86,
    0x2E, 0x61, 0x9E, 0x7E, 0x1A, 0xF1, 0xA9, 0x2C, 0xE9, 0xCF, 0x17, 0xBB, 0x8D, 0x12, 0x8E, 0x3D,
    0x8D, 0x9C, 0xBB, 0xA5, 0x3C, 0x8A, 0x88, 0x01, 0xB0, 0x4C, 0x3D, 0xCE, 0x2C, 0xB5, 0xA1, 0xE0,
    0xE6, 0x4D, 0x7B, 0x39, 0xF9, 0xF5, 0x4D, 0x76, 0xE5, 0x60, 0x26, 0xFB, 0x44, 0x9B, 0x4C, 0xEF,
    0x6A, 0x6A, 0x79, 0xA0, 0x65, 0xA2, 0x9D, 0x36, 0x8E, 0xC3, 0x98, 0x0F, 0x19, 0x31, 0xD2, 0xC8,
    0x24, 0x9D, 0x98, 0xA3, 0x7A, 0x41, 0x81, 0xF3, 0xA9, 0x69, 0x2E, 0x49, 0x2A, 0xCC, 0x6D, 0xF6,
    0x01, 0xAE, 0xAC, 0x34, 0x14, 0x1D, 0x21, 0x5C, 0x6A, 0x18, 0x61, 0xC8, 0xB0, 0xF1, 0x9F, 0xF7,
    0x1F, 0xB0, 0x13, 0x3A, 0x91, 0x03, 0xF8, 0xB8, 0xE9, 0xCC, 0x1C, 0xED, 0x79, 0x77, 0xA4, 0xAF,
    0x4D, 0x00, 0x25, 0x1A, 0xB7, 0xF5, 0xB2, 0x71, 0x9F, 0xC3, 0x5A, 0xA3, 0x1B, 0x9A, 0xC8, 0xE4,
    0x4C, 0x61, 0xA7, 0x87, 0xC7, 0xBD, 0x6B, 0x12, 0xBC, 0xA1, 0x93, 0x80, 0xB8, 0x17, 0x5B, 0xF4,
    0xF9, 0x04, 0x7D, 0x3D, 0x7F, 0xF4, 0x78, 0x26, 0x09, 0x3C, 0x72, 0x0F, 0xE3, 0xDC, 0xE9, 0x65,
    0x13, 0x9A, 0x7E, 0x3A, 0xED, 0xF5, 0x21, 0xD1, 0x67, 0xFB, 0x44, 0xBF, 0x3A, 0x46, 0xD5, 0x7D,
    0x9F, 0x94, 0xA0, 0xCA, 0x4E, 0xBA, 0x5E, 0x1E, 0xC6, 0x13, 0x4F, 0xBF, 0x14, 0x7F, 0x5F, 0x3C,
    0x86, 0xBB, 0x28, 0x24, 0x38, 0x51, 0xFE, 0x5C, 0xCB, 0xC4, 0xC7, 0x3F, 0x5A, 0x07, 0xCA, 0x11,
    0xF3, 0x7B, 0x5F, 0x28, 0xF1, 0xFB, 0xA1, 0x6C, 0xC3, 0x94, 0x6B, 0xD2, 0x8F, 0x49, 0xFA, 0xF5,
    0xFF, 0x05, 0xE9, 0xE3, 0xB7, 0x25, 0x9E, 0xB3, 0x03, 0xC4, 0x73, 0x8F, 0xF0, 0x49, 0xF5, 0x7E,
    0xD9, 0xB2, 0x3D, 0xFB, 0xD3, 0x8E, 0xD7, 0x23, 0xEA, 0xE4, 0x93, 0x59, 0xE5, 0x77, 0x7D, 0xCD,
    0x32, 0xF5, 0xB6, 0x2A, 0x28, 0x06, 0xC1, 0x08, 0xB9, 0xE6, 0x56, 0x18, 0x62, 0x9D, 0x9A, 0xC3,
    0x87, 0x62, 0xE5, 0xCD, 0xDE, 0xC1, 0x56, 0xD1, 0x17, 0x2C, 0x9A, 0x6C, 0xBD, 0xF5, 0x8C, 0xE9,
    0x56, 0x53, 0xA5, 0x7A, 0x22, 0x5C, 0xDD, 0x38, 0xB2, 0xB8, 0x73, 0x32, 0xD1, 0xBF, 0xF3, 0x58,
    0x55, 0x2F, 0x8B, 0xC9, 0x5E, 0xD6, 0x84, 0xC6, 0x95, 0x42, 0x47, 0x30, 0xF6, 0xC7, 0xC1, 0xD0,
    0x19, 0xF9, 0x43, 0xA7, 0x74, 0x47, 0x5E, 0xE1, 0x54, 0x7E, 0x6E, 0xD7, 0x48, 0xF7, 0x31, 0xE2,
    0x52, 0xC1, 0x38, 0xC9, 0x8A, 0xA9, 0x09, 0xE1, 0xC8, 0xA0, 0xF3, 0x4A, 0x93, 0xAC, 0x64, 0x84,
    0x44, 0xE4, 0x36, 0x4E, 0x05, 0xA5, 0xEB, 0xEE, 0x39, 0x01, 0x90, 0x52, 0x0B, 0x40, 0xCD, 0x62,
    0xB8, 0xA8, 0x16, 0x7B, 0x6C, 0x55, 0x0D, 0x9A, 0xE4, 0x93, 0x62, 0x3F, 0x68, 0x74, 0x5B, 0x57,
    0x36, 0xE2, 0xB9, 0xAD, 0x8A, 0xC6, 0x51, 0x03, 0x47, 0x49, 0x1C, 0xEE, 0x04, 0x47, 0x15, 0xF4,
    0x70, 0xAC, 0x6F, 0xC7, 0xA1, 0x87, 0x89, 0x87, 0x03, 0xC9, 0xFC, 0xF2, 0x76, 0xED, 0x83, 0xCF,
    0xDC, 0x81, 0x9E, 0x02, 0xEC, 0xB1, 0x9E, 0x6E, 0xD9, 0x5D, 0x72, 0xBA, 0x5D, 0x60, 0xFE, 0xEB,
    0x60, 0x11, 0xAD, 0xCA, 0xFB, 0x8D, 0x2A, 0x11, 0x22, 0xBA, 0x8C, 0xD4, 0xE7, 0xAA, 0xC4, 0xA4,
    0x18, 0xC5, 0x68, 0xCC, 0x12, 0x06, 0x18, 0x0E, 0x49, 0xAE, 0xE3, 0x94, 0x88, 0xCC, 0xE6, 0x3F,
    0x66, 0xD5, 0x60, 0x67, 0xEA, 0x70, 0x3F, 0x4B, 0x75, 0x41, 0x38, 0x2D, 0x2C, 0x9A, 0x24, 0xEC,
    0xF0, 0x06, 0xD3, 0xA5, 0xF8, 0x74, 0x57, 0x8A, 0xBD, 0x74, 0x5B, 0x29, 0x4E, 0xD4, 0x65, 0x15,
    0x47, 0xCA, 0x53, 0x28, 0xB1, 0x36, 0xF8, 0xA2, 0x42, 0xD3, 0xE8, 0x54, 0xB0, 0xB8, 0x5D, 0xB3,
    0xA2, 0x8F, 0x89, 0x32, 0xD3, 0xEE, 0xBA, 0x42, 0x9B, 0x66, 0xED, 0x48, 0xA0, 0xE3, 0xD1, 0xD3,
    0x83, 0xAE, 0xB6, 0x69, 0xD9, 0xD2, 0x70, 0x88, 0x33, 0x3E, 0xA4, 0x52, 0x09, 0xDF, 0x88, 0x74,
    0x30, 0x2D, 0xBC, 0xC5, 0x07, 0x4F, 0xDA, 0x36, 0x7B, 0x09, 0xAD, 0xA5, 0x1C, 0x79, 0xBD, 0xAF,
    0x46, 0x44, 0xC7, 0x6B, 0xE1, 0x55, 0x98, 0x14, 0xE1, 0x1D, 0x7A, 0xDF, 0xEE, 0xBC, 0xFF, 0xCE,
    0xC1, 0xBD, 0x3F, 0x3A, 0x0D, 0xEB, 0xAD, 0x99, 0x36, 0x7B, 0x63, 0x38, 0x89, 0xDF, 0x3A, 0xAC,
    0xB3, 0x2A, 0xAC, 0xC2, 0xD2, 0x63, 0x6E, 0x16, 0x90, 0xB9, 0x3B, 0x0C, 0x30, 0xD5, 0x44, 0xB1,
    0x55, 0xC1, 0xE7, 0x35, 0x7C, 0xB6, 0x5E, 0x19, 0x3E, 0x8F, 0x86, 0x6C, 0x5A, 0x8C, 0xCF, 0x69,
    0x0C, 0x82, 0xCC, 0xA6, 0xE3, 0xF7, 0x7F, 0x95, 0x93, 0x81, 0x87, 0x1D, 0x57, 0x14, 0xC6, 0x7F,
    0xF3, 0x26, 0xCD, 0x2B, 0x43, 0xEE, 0x42, 0x51, 0xD1, 0xDE, 0xFC, 0x01, 0x6D, 0x6E, 0x51, 0x04,
    0xFB, 0xF6, 0x5E, 0xD0, 0xC5, 0x22, 0x45, 0xFB, 0x4F, 0x04, 0x0A, 0xC5, 0x62, 0x5F, 0xDF, 0xB0,
    0x08, 0x02, 0xFD, 0x13, 0x8A, 0x82, 0x80, 0xE0, 0x21, 0xD8, 0xEC, 0xBB, 0xC9, 0x22, 0x80, 0x4E,
    0xDA, 0x7F, 0x60, 0x12, 0x01, 0x05, 0x57, 0x3B, 0x98, 0xB6, 0x77, 0xE6, 0xF6, 0xCC, 0xBC, 0x79,
    0xF1, 0xD8, 0x06, 0xFD, 0xE6, 0xBC, 0xEF, 0x9D, 0xF3, 0xCD, 0x7C, 0xE7, 0x03, 0xE7, 0xC1, 0xE3,
    0x94, 0x52, 0xBF, 0xE5, 0xC7, 0x8F, 0xE5, 0x6F, 0x80, 0x34, 0xA5, 0xFC, 0xF9, 0xE1, 0x27, 0xFD,
    0x34, 0x4E, 0xCA, 0x7B, 0xC5, 0x68, 0xFF, 0xFF, 0xB3, 0x9F, 0x84, 0x60, 0x7F, 0x56, 0x18, 0x16,
    0x5C, 0x10, 0xE9, 0x48, 0x2C, 0xD1, 0xCE, 0x7A, 0xED, 0x95, 0x57, 0xA5, 0xE6, 0x88, 0xC3, 0x6B,
    0xF3, 0x92, 0x44, 0x47, 0x14, 0xC7, 0x02, 0x83, 0x42, 0xE5, 0xDE, 0x14, 0x7E, 0xA1, 0xDC, 0x85,
    0x21, 0x5A, 0x3A, 0xEB, 0x92, 0xF5, 0x4B, 0xED, 0xF4, 0x71, 0x65, 0x7F, 0x09, 0xFA, 0x65, 0x50,
    0x57, 0x41, 0x9D, 0xD7, 0x7A, 0xEE, 0x8F, 0x54, 0x79, 0x78, 0x8B, 0xF7, 0xE9, 0x62, 0x11, 0xA3,
    0xD8, 0xA3, 0x45, 0x56, 0xC9, 0x42, 0x59, 0x2B, 0xCB, 0xF9, 0x86, 0xAC, 0x23, 0x8B, 0x30, 0x56,
    0xDF, 0xC7, 0x94, 0xA2, 0xB0, 0x8B, 0x37, 0x88, 0xFC, 0x67, 0x89, 0x65, 0xEB, 0xE2, 0x9A, 0x8B,
    0xA7, 0x7B, 0x9F, 0x3D, 0xDD, 0xD3, 0x77, 0xA2, 0xB8, 0xC4, 0x6B, 0xCA, 0x4D, 0x9D, 0x42, 0x0A,
    0x9B, 0xDA, 0x94, 0xD0, 0x92, 0x5C, 0x6A, 0x52, 0x4A, 0xBD, 0xB0, 0x6B, 0x80, 0x25, 0x89, 0x24,
    0xBC, 0x9C, 0x57, 0x49, 0x05, 0x29, 0x69, 0x96, 0x68, 0x27, 0x23, 0xD6, 0x8B, 0x32, 0xF2, 0xA0,
    0x14, 0xD5, 0xEE, 0xDB, 0x77, 0xC8, 0xBE, 0x66, 0xEE, 0x10, 0xE8, 0x1E, 0xE5, 0x11, 0xD8, 0x8D,
    0xD3, 0xA3, 0xF2, 0x4C, 0x95, 0x96, 0x01, 0x51, 0xF9, 0xB3, 0x5D, 0xD3, 0x4E, 0xCD, 0x8B, 0x30,
    0x35, 0xE7, 0x35, 0xE3, 0xC7, 0xE6, 0xE4, 0x79, 0x8F, 0x6E, 0xB1, 0xBD, 0x3A, 0x49, 0x7E, 0x95,
    0x28, 0x5A, 0xA3, 0x1F, 0xD5, 0xD1, 0x3A, 0x58, 0x9A, 0xFC, 0x8F, 0x46, 0x95, 0x10, 0x6D, 0xFE,
    0x67, 0x50, 0x9E, 0x2C, 0x4C, 0x4D, 0x5E, 0x8F, 0x4D, 0x49, 0xE1, 0x6D, 0xFE, 0x26, 0xE8, 0x12,
    0x55, 0x9A, 0x47, 0xAF, 0xA2, 0x05, 0x83, 0x4A, 0xE5, 0xA6, 0x83, 0x23, 0x66, 0x1D, 0xE6, 0x2D,
    0x7C, 0xC8, 0x0E, 0x73, 0xA7, 0x2A, 0x5D, 0x19, 0x6F, 0xDD, 0x25, 0x91, 0xF5, 0x4E, 0xAC, 0xD5,
    0xAB, 0xA8, 0x7F, 0x8B, 0xE6, 0xAA, 0xB1, 0x27, 0xE1, 0x52, 0xF9, 0xA8, 0xCB, 0xF5, 0xAD, 0x3D,
    0x53, 0xFD, 0x39, 0xEA, 0x45, 0x6B, 0x9D, 0xBE, 0x6A, 0x57, 0xCE, 0xBC, 0x0C, 0x09, 0xAB, 0x5E,
    0x77, 0x5C, 0xCA, 0x4C, 0x34, 0xC7, 0x81, 0x27, 0x9F, 0xE6, 0x9E, 0x09, 0x9F, 0xD1, 0x91, 0x58,
    0x61, 0x4B, 0xE5, 0x8B, 0x6A, 0xE6, 0xB7, 0x62, 0xE1, 0x3A, 0xED, 0x93, 0xAE, 0x56, 0xAA, 0xB6,
    0x0F, 0x83, 0x6C, 0x2B, 0xAA, 0x38, 0xF3, 0xA7, 0x4C, 0x38, 0x2C, 0xB2, 0x40, 0x67, 0xCE, 0x03,
    0xFD, 0xB0, 0x74, 0xA5, 0xDE, 0x44, 0xEC, 0xA3, 0xD0, 0xA3, 0xAF, 0x9A, 0x15, 0x45, 0xD5, 0x1A,
    0x97, 0xFB, 0xEF, 0x15, 0xEF, 0xF0, 0x84, 0x59, 0x64, 0x9E, 0xD0, 0xF7, 0xFD, 0x32, 0x0F, 0x3C,
    0xC9, 0x83, 0xEC, 0x2E, 0xD3, 0x90, 0x5C, 0xEA, 0x4A, 0x94, 0x70, 0x88, 0x45, 0x57, 0x45, 0x93,
    0xC7, 0x3C, 0x16, 0x8D, 0xAE, 0x2C, 0xF7, 0x38, 0x80, 0x83, 0xD3, 0x9B, 0x6E, 0xBD, 0x50, 0xCF,
    0x83, 0x3A, 0x79, 0xE8, 0x73, 0xAF, 0xC8, 0xC2, 0x02, 0xCE, 0x1A, 0xEE, 0xEA, 0x5F, 0x6B, 0xAB,
    0xAE, 0xC2, 0xC7, 0xE6, 0xF5, 0x8F, 0x9C, 0xAE, 0x47, 0x7D, 0x78, 0xAF, 0xBE, 0x3A, 0xF6, 0x77,
    0xD5, 0x8B, 0xFA, 0xB4, 0x28, 0xD7, 0x77, 0xE0, 0x0B, 0x04, 0x47, 0xB4, 0x7D, 0xDE, 0x76, 0x79,
    0x23, 0x15, 0xF3, 0x70, 0xBD, 0x2E, 0x66, 0x43, 0x9D, 0x65, 0xE1, 0x00, 0x07, 0x2C, 0xB3, 0x26,
    0xE5, 0x51, 0x4A, 0x9A, 0xFD, 0xBB, 0x7D, 0xF0, 0x53, 0x0A, 0xA9, 0x66, 0x44, 0xEE, 0x60, 0x5E,
    0x81, 0xF2, 0xA0, 0xA5, 0xB7, 0xC0, 0x19, 0xD0, 0x42, 0x16, 0x20, 0xAF, 0x61, 0xEE, 0x41, 0x39,
    0x30, 0xC0, 0x02, 0xB8, 0x80, 0xAC, 0x81, 0x3C, 0xEC, 0x39, 0xA7, 0xD7, 0x1F, 0x0C, 0x3F, 0xC7,
    0x47, 0x60, 0x5B, 0x24, 0x62, 0x95, 0xB2, 0x14, 0x39, 0xDA, 0xF8, 0xBF, 0x13, 0x14, 0x15, 0xC6,
    0x0D, 0x36, 0xE5, 0x27, 0xBE, 0x1D, 0xF8, 0xCE, 0xDF, 0x4C, 0xF5, 0xED, 0x54, 0xAA, 0x54, 0xDA,
    0x1E, 0xF5, 0x17, 0xF6, 0x2D, 0xAA, 0xE4, 0x08, 0x8A, 0x92, 0xBB, 0x90, 0xC1, 0x0D, 0x26, 0x48,
    0x9A, 0x04, 0xA9, 0x80, 0xF5, 0x13, 0x6F, 0x15, 0x81, 0x72, 0x12, 0x6B, 0x4B, 0x49, 0xB5, 0x6E,
    0x95, 0x84, 0x24, 0xD3, 0x0E, 0x91, 0x42, 0x79, 0xD8, 0xD1, 0x6D, 0x21, 0x89, 0xB3, 0x0C, 0x69,
    0x43, 0x98, 0x91, 0x2C, 0x21, 0x89, 0xD2, 0x63, 0xD2, 0x5E, 0xCE, 0x18, 0x30, 0xD2, 0x38, 0x2E,
    0x10, 0xF4, 0x7C, 0x0B, 0x5D, 0x9E, 0x2A, 0xBA, 0x79, 0x8A, 0xC4, 0xFC, 0xF7, 0x9E, 0x88, 0xA4,
    0x09, 0xA9, 0x72, 0x20, 0x2F, 0xB4, 0x92, 0xCE, 0x24, 0xD1, 0x52, 0xC7, 0x05, 0xA9, 0x12, 0x6A,
    0xE1, 0x8C, 0xA7, 0x70, 0x20, 0xCF, 0x16, 0x4B, 0x79, 0x48, 0xA4, 0x89, 0xC6, 0x71, 0xF6, 0x33,
    0x77, 0x74, 0x72, 0x8D, 0x4D, 0xFF, 0x34, 0xCF, 0x8A, 0x54, 0x7F, 0xC9, 0xC6, 0xB1, 0x7F, 0x10,
    0x9F, 0xE4, 0xA5, 0x92, 0x6B, 0x3B, 0x0E, 0x72, 0x36, 0xAB, 0xFB, 0x41, 0x2E, 0x67, 0xA3, 0x2A,
    0x39, 0x9E, 0xCE, 0xF8, 0xCB, 0xE1, 0x54, 0x88, 0xFA, 0x3C, 0xFC, 0xC0, 0xFA, 0xD6, 0xAC, 0xBA,
    0xC7, 0x16, 0xFF, 0x02, 0xD5, 0x90, 0x01, 0xE6, 0x1B, 0x41, 0x14, 0xC6, 0x7F, 0xC9, 0x4A, 0x83,
    0xC5, 0x00, 0x2D, 0x82, 0xE9, 0x0D, 0xE6, 0x04, 0xCD, 0xDB, 0x9B, 0xE4, 0x22, 0x8D, 0x99, 0x1B,
    0xB4, 0x37, 0xC8, 0x15, 0x7A, 0x81, 0x76, 0x1F, 0xB9, 0x40, 0x80, 0x02, 0xBA, 0x28, 0x50, 0x58,
    0x2C, 0x36, 0xEC, 0xCC, 0xEB, 0x64, 0x25, 0xA0, 0x50, 0x80, 0x3F, 0x3F, 0x7C, 0x1E, 0xEF, 0xFB,
    0xF8, 0xBD, 0x2B, 0x78, 0x53, 0x39, 0x0D, 0xDF, 0x9B, 0x71, 0x79, 0x91, 0xF7, 0x43, 0x7F, 0xBA,
    0x89, 0xA5, 0xF6, 0x0E, 0x74, 0x38, 0x45, 0x14, 0xD3, 0xED, 0x2F, 0x6D, 0xBF, 0xA8, 0x77, 0xFA,
    0xC9, 0x69, 0xB4, 0x59, 0x6C, 0xC6, 0x69, 0x25, 0x18, 0x62, 0x1C, 0xE1, 0xD8, 0x21, 0x33, 0xEF,
    0x0B, 0xC8, 0x83, 0x5D, 0xC1, 0x16, 0xFA, 0xAF, 0x10, 0xBB, 0xFD, 0xBD, 0xF3, 0x09, 0xC9, 0xF4,
    0xD6, 0xE5, 0xA0, 0x8B, 0xD3, 0xEC, 0xB4, 0x0F, 0x49, 0x8C, 0x76, 0xC6, 0xAC, 0xAB, 0x4C, 0xC2,
    0xB7, 0xCF, 0x30, 0xD1, 0x8C, 0xEC, 0x6F, 0x38, 0xC5, 0x27, 0x7C, 0xDD, 0x87, 0x36, 0x13, 0x2D,
    0x95, 0xF5, 0xF1, 0x18, 0x70, 0x85, 0xB3, 0x4F, 0x35, 0xD7, 0x4B, 0x2D, 0xF4, 0xF3, 0xA3, 0x24,
    0x1A, 0x25, 0xA4, 0x67, 0xB3, 0xA9, 0xB7, 0x44, 0xE4, 0x43, 0xC6, 0x26, 0x24, 0x11, 0x2E, 0x29,
    0xDA, 0xE0, 0x7E, 0x8E, 0xEE, 0xFA, 0xC4, 0x5F, 0xA7, 0xF8, 0x67, 0xF9, 0x0F, 0x03, 0x6C, 0x47,
    0xE2, 0x4A, 0xF3, 0x0F, 0xC1, 0x88, 0xC6, 0x36, 0x53, 0xE7, 0xE4, 0xA2, 0xE2, 0x74, 0xE7, 0x13,
    0x02, 0x99, 0x66, 0xC2, 0xDF, 0x10, 0x1B, 0x83, 0x0D, 0x6D, 0xA9, 0x41, 0xCF, 0x5E, 0x3F, 0xBA,
    0xB4, 0xF9, 0x41, 0x6B, 0x6C, 0xFC, 0x43, 0xDD, 0xA6, 0x4F, 0xD1, 0x90, 0xDF, 0xAB, 0x67, 0xFF,
    0xC6, 0x3C, 0x17, 0xAF, 0xD1, 0xF4, 0xB0, 0x7A, 0x3E, 0xBC, 0x3C, 0xFF, 0x05, 0x35, 0x8F, 0x01,
    0x66, 0xC4, 0x40, 0x14, 0x86, 0xBF, 0xD9, 0x41, 0xB0, 0xC8, 0x01, 0x8A, 0x9C, 0xA0, 0x9D, 0x13,
    0xD4, 0x0B, 0x00, 0x85, 0xDE, 0xA4, 0x47, 0xC8, 0x9E, 0xA7, 0x3D, 0x41, 0xC1, 0x0E, 0xBD, 0x40,
    0x8E, 0xD0, 0x56, 0x41, 0xA1, 0x83, 0x22, 0xAD, 0x64, 0xFE, 0xE6, 0x35, 0x59, 0x7C, 0xE3, 0x7B,
    0xE3, 0x99, 0xF1, 0x99, 0x54, 0x9C, 0xA6, 0x3E, 0x95, 0x38, 0x73, 0xA1, 0x5F, 0x21, 0xD6, 0xC7,
    0x53, 0x94, 0xB2, 0xE3, 0xB3, 0x63, 0x2A, 0x8E, 0x3B, 0x71, 0x81, 0xB4, 0xCF, 0x1C, 0x2A, 0x74,
    0x1A, 0xB1, 0xAF, 0xC2, 0xB9, 0x29, 0x2C, 0xF1, 0x35, 0xCC, 0x81, 0x30, 0xFB, 0x4E, 0x5D, 0x99,
    0x89, 0x13, 0x98, 0x66, 0x06, 0x4D, 0xC4, 0x02, 0xCD, 0xCA, 0x71, 0xE4, 0x5E, 0x52, 0x71, 0x4C,
    0x1A, 0xAF, 0x34, 0x01, 0x80, 0x49, 0xA7, 0x7F, 0x49, 0x55, 0x23, 0xE0, 0xDF, 0xA7, 0xB2, 0x4B,
    0x5B, 0x9A, 0xBC, 0x4B, 0x7B, 0x91, 0xEE, 0xF3, 0xF0, 0xEC, 0x3B, 0xEF, 0x52, 0xAB, 0x1C, 0xAB,
    0x5E, 0x54, 0xED, 0xCE, 0x03, 0xB0, 0x6C, 0x4D, 0x1F, 0xF5, 0xED, 0xF2, 0xB6, 0x65, 0xE4, 0x6E,
    0xD9, 0xA5, 0x51, 0xBF, 0x09, 0x43, 0xDE, 0xE4, 0xBA, 0xCD, 0xC7, 0xDA, 0x63, 0xBF, 0xB7, 0x6D,
    0x36, 0x65, 0x92, 0x4C, 0xFD, 0xB0, 0xCA, 0x71, 0x4A, 0x13, 0xF0, 0xF0, 0x03, 0x51, 0xF2, 0xDE,
    0x33, 0xD8, 0x98, 0x40, 0xFD, 0x0D, 0xA1, 0xE2, 0x57, 0x82, 0x24, 0xE1, 0xAF, 0xEF, 0x87, 0x69,
    0xD9, 0xC2, 0x39, 0x54, 0x20, 0x08, 0x40, 0x39, 0xC0, 0x50, 0x05, 0x9D, 0x2A, 0x84, 0xF3, 0x07,
    0x7F, 0x85, 0x91, 0x81, 0x66, 0x1D, 0x4D, 0x14, 0xC7, 0x7F, 0x77, 0xE7, 0xE6, 0xDB, 0xB0, 0x7C,
    0x53, 0x04, 0x0A, 0x9D, 0x22, 0xA8, 0xD2, 0x2C, 0x04, 0x45, 0x9B, 0xD9, 0x47, 0xB8, 0xCF, 0xD1,
    0x27, 0x28, 0x24, 0xBB, 0x8F, 0x90, 0x47, 0x28, 0x0A, 0x6E, 0xA1, 0x0F, 0x70, 0xD3, 0xBB, 0x8F,
    0xB0, 0x8F, 0xB0, 0x8F, 0x70, 0x52, 0xA3, 0xDD, 0x36, 0x73, 0x73, 0x9A, 0x63, 0x93, 0x84, 0x4A,
    0xE5, 0x6F, 0xFE, 0xBF, 0x3D, 0xE7, 0xCC, 0xCE, 0x39, 0xC3, 0x80, 0xE9, 0xD8, 0x90, 0x01, 0x97,
    0x00, 0xDF, 0x03, 0xB5, 0xAA, 0x12, 0x0D, 0x16, 0x51, 0x0D, 0x40, 0x31, 0x01, 0x6C, 0x0C, 0x2F,
    0xB9, 0xD3, 0x73, 0xA0, 0x6D, 0x58, 0xE8, 0x40, 0xA5, 0x89, 0xBA, 0xBD, 0xE0, 0x28, 0x9E, 0xB0,
    0x1F, 0xF7, 0x21, 0xF2, 0xB4, 0x67, 0x95, 0x86, 0xD0, 0x5B, 0x24, 0x00, 0xD9, 0x66, 0x5F, 0x1B,
    0x74, 0x8E, 0x60, 0x31, 0x01, 0xD5, 0x08, 0xF8, 0x0E, 0xF8, 0x8F, 0x5B, 0xBD, 0x7E, 0x7A, 0xC8,
    0x32, 0x2E, 0x79, 0x11, 0xDF, 0x10, 0xDB, 0x33, 0xBC, 0x4E, 0x14, 0x3A, 0xC2, 0xB6, 0x83, 0x23,
    0xE0, 0xBC, 0xA0, 0x48, 0xBE, 0x2F, 0xC7, 0x52, 0x42, 0x43, 0x6E, 0x55, 0x75, 0x7B, 0xE3, 0xB8,
    0x5E, 0xEF, 0x7C, 0x5F, 0x24, 0x97, 0xFC, 0x80, 0x94, 0x0D, 0xA6, 0x84, 0xDB, 0xE1, 0xB5, 0x89,
    0x3A, 0x6C, 0x7E, 0xCB, 0xF1, 0x34, 0x30, 0x71, 0xBF, 0x0E, 0xA7, 0xF3, 0xCD, 0x2F, 0x39, 0xB9,
    0x1A, 0xBD, 0x76, 0xEE, 0xDA, 0x2A, 0xA6, 0x25, 0x10, 0x01, 0xED, 0x71, 0x2A, 0x04, 0xCD, 0x84,
    0xF8, 0x8E, 0xBD, 0xF8, 0x0C, 0x22, 0xE6, 0x9B, 0xF8, 0x90, 0xD0, 0x9E, 0xE2, 0x35, 0xE3, 0x1E,
    0xAE, 0x46, 0x54, 0xBD, 0xB7, 0x89, 0xFC, 0xF7, 0xFA, 0x94, 0x8B, 0x29, 0x57, 0x63, 0xAE, 0x9B,
    0xBC, 0xD5, 0xAC, 0x9A, 0xE3, 0xFA, 0xB3, 0xEF, 0x29, 0x13, 0x8B, 0x04, 0xAB, 0x47, 0xCF, 0x90,
    0x5F, 0x91, 0xBF, 0x91, 0xEB, 0x2E, 0x97, 0xA3, 0xEA, 0xA4, 0x9A, 0x3F, 0x7C, 0x11, 0x7C, 0x6F,
    0xCF, 0x78, 0x0A, 0x07, 0xCC, 0x72, 0x62, 0xE6, 0xAB, 0x93, 0x62, 0x72, 0x52, 0x8D, 0x4E, 0xEA,
    0xC6, 0x49, 0xAB, 0x2A, 0xDB, 0x1B, 0xC7, 0xF5, 0xFA, 0xDC, 0xF7, 0xE0, 0x12, 0x60, 0x5E, 0x01,
    0x4B, 0x80, 0x60, 0x38, 0xBB, 0x7B, 0xB0, 0x52, 0x55, 0x09, 0x86, 0xF7, 0xC0, 0x0C, 0x4B, 0xE7,
    0x8D, 0x22, 0xB1, 0x07, 0x17, 0x00, 0xB5, 0x61, 0x9F, 0xDB, 0x2E, 0x75, 0x03, 0xDB, 0x81, 0xE2,
    0x72, 0xA2, 0x92, 0x6B, 0x6A, 0xD1, 0xEE, 0x42, 0x7E, 0x0E, 0xC7, 0x72, 0xD9, 0x23, 0xC2, 0x63,
    0x5E, 0xDC, 0x7A, 0xD6, 0xF2, 0x7E, 0x9A, 0xB5, 0xA2, 0x1A, 0x88, 0xAA, 0xC9, 0xB0, 0x03, 0x08,
    0x33, 0x2C, 0x9D, 0x37, 0x0E, 0x28, 0x47, 0x2B, 0x75, 0xC0, 0xC9, 0xDD, 0x55, 0x56, 0xAB, 0x87,
    0xAE, 0xFF, 0xF0, 0x47, 0xF9, 0xDE, 0x9F, 0xC9, 0xD5, 0x10, 0x44, 0x9B, 0x52, 0x76, 0x2C, 0x7E,
    0x24, 0x68, 0x7B, 0x08, 0x3C, 0xE8, 0xED, 0xFF, 0x90, 0x43, 0xE3, 0xA4, 0x1C, 0xBC, 0x6A, 0xB2,
    0xA9, 0x1B, 0x08, 0xF6, 0xB5, 0xDC, 0xEA, 0xE4, 0xD0, 0xD9, 0x7F, 0xA6, 0x3F, 0xBD, 0x96, 0x21,
    0x74, 0xE6, 0x58, 0x15, 0xC7, 0x7F, 0x49, 0x98, 0x46, 0x44, 0x04, 0xB1, 0x3D, 0x87, 0x73, 0x56,
    0x3C, 0x83, 0x02, 0x66, 0x9F, 0x59, 0x31, 0xA2, 0x9D, 0xF7, 0x00, 0x89, 0x60, 0xC4, 0xD4, 0x60,
    0x30, 0x08, 0x0E, 0x66, 0x10, 0x2B, 0x56, 0xF4, 0x6B, 0x72, 0x0E, 0x62, 0xED, 0x20, 0xF0, 0x58,
    0x30, 0x63, 0x10, 0x23, 0x3A, 0xCD, 0x43, 0x61, 0x03, 0x06, 0xB1, 0x26, 0x0E, 0x81, 0xD8, 0x27,
    0x02, 0xA4, 0x25, 0xC9, 0xE5, 0xDD, 0xCD, 0xC9, 0xA1, 0xED, 0x6C, 0x19, 0x0E, 0x2C, 0xDC, 0x2F,
    0xF7, 0xD7, 0xF7, 0xEE, 0xBD, 0xFF, 0x7F, 0x93, 0xF6, 0xFB, 0xF2, 0xE5, 0xD8, 0x93, 0x3D, 0xB3,
    0x03, 0xD5, 0x60, 0x22, 0x75, 0xA8, 0x47, 0x4C, 0xA8, 0x26, 0x9C, 0x2F, 0x97, 0xB3, 0x86, 0x42,
    0x64, 0x25, 0x17, 0x99, 0x41, 0x98, 0x40, 0xBE, 0x33, 0x42, 0xF3, 0xB3, 0x08, 0xEE, 0x77, 0x3D,
    0xD8, 0x4F, 0x03, 0x98, 0xCF, 0x5A, 0xA8, 0x05, 0xA8, 0x14, 0xC5, 0xA2, 0x98, 0x80, 0xCC, 0xB3,
    0x45, 0x33, 0x52, 0xC8, 0x42, 0xD1, 0x0A, 0xE0, 0x5A, 0xB0, 0x41, 0x13, 0x2B, 0x21, 0x13, 0x09,
    0xE5, 0xD8, 0x84, 0x3A, 0xD8, 0x60, 0x5B, 0xD7, 0x3A, 0x9F, 0x5E, 0x38, 0x1A, 0x7D, 0xB1, 0xD0,
    0x64, 0x33, 0xEE, 0xD3, 0x88, 0x95, 0x9E, 0x6A, 0x05, 0x00, 0x91, 0x55, 0x44, 0xBA, 0x55, 0xE0,
    0x9F, 0x47, 0x23, 0x7A, 0xFC, 0xE4, 0xD7, 0x77, 0x8A, 0x3A, 0xA8, 0xB1, 0x09, 0xC9, 0xAF, 0xFC,
    0x47, 0x58, 0xB9, 0x1E, 0xB3, 0x54, 0xEB, 0x8B, 0x95, 0x2E, 0xD4, 0x11, 0xD7, 0x9B, 0x1E, 0x19,
    0x6C, 0x28, 0xFE, 0x1C, 0x5D, 0x5B, 0x7F, 0x12, 0x9D, 0x77, 0x45, 0xC2, 0x65, 0x42, 0x1E, 0xCB,
    0xE8, 0xBE, 0x17, 0xAA, 0xE8, 0x5E, 0x51, 0x0F, 0x76, 0xC6, 0xF4, 0xAA, 0x08, 0xD5, 0x94, 0x0B,
    0x46, 0x64, 0xE1, 0xD0, 0x49, 0xE4, 0xA3, 0xA3, 0x1B, 0xD8, 0x22, 0xFB, 0x25, 0x54, 0x13, 0xD4,
    0x33, 0x98, 0x94, 0x6E, 0x85, 0x83, 0xC0, 0xDC, 0x79, 0xA6, 0xA6, 0xCD, 0xA3, 0x0B, 0x45, 0xB4,
    0x7D, 0xD9, 0x9B, 0x58, 0x87, 0x3A, 0x9A, 0xB6, 0x9A, 0xAC, 0x2F, 0x67, 0x47, 0xB1, 0x5C, 0x91,
    0xAF, 0x22, 0x5B, 0x1C, 0x9F, 0x9D, 0x3D, 0xD7, 0x13, 0xD7, 0xEC, 0x02, 0xB3, 0x0B, 0xD9, 0xEC,
    0xFA, 0x7C, 0x34, 0x43, 0x11, 0xEB, 0x58, 0x0E, 0xD5, 0x58, 0x87, 0x72, 0xAA, 0xDB, 0x62, 0xB6,
    0x3E, 0x5F, 0x1C, 0xAC, 0x07, 0x90, 0x4B, 0x68, 0x26, 0x70, 0x11, 0x6C, 0x4A, 0x13, 0xE0, 0x11,
    0xF0, 0xBE, 0x48, 0x9B, 0x49, 0x42, 0xA5, 0xD0, 0x0E, 0x2E, 0x00, 0x1D, 0x80, 0xA0, 0xD0, 0x86,
    0xEC, 0xF0, 0x02, 0xDA, 0xDD, 0xE7, 0x54, 0x41, 0xA5, 0xDD, 0x5C, 0x81, 0xFA, 0x01, 0x33, 0x90,
    0x4D, 0x9B, 0x7D, 0x7E, 0xCB, 0xBE, 0x0E, 0xB8, 0x60, 0x02, 0x1D, 0xD6, 0x23, 0xB8, 0xB7, 0xED,
    0xF3, 0x09, 0xBA, 0x22, 0x82, 0xFB, 0x24, 0xC1, 0xFE, 0xBD, 0xBF, 0x63, 0xEF, 0x44, 0x01, 0x70,
    0xC1, 0x1E, 0xDF, 0x4C, 0xB5, 0x42, 0xBB, 0xB5, 0xC2, 0x0D, 0x40, 0xE3, 0x1F, 0x38, 0xFB, 0x8E,
    0xBD, 0xAB, 0x73, 0xD4, 0xB2, 0x6B, 0x51, 0x97, 0x4E, 0xAE, 0xA1, 0x13, 0xE9, 0x15, 0x13, 0x50,
    0xAC, 0xEC, 0x46, 0xAE, 0x55, 0x84, 0xD4, 0x90, 0x0D, 0x8D, 0x02, 0xAD, 0xED, 0x5D, 0xD9, 0x14,
    0xAA, 0x55, 0x0C, 0xA8, 0x1F, 0xB5, 0xF6, 0xAB, 0x1E, 0xB8, 0x6F, 0x3F, 0xAB, 0xFD, 0x82, 0xC0,
    0x85, 0x1A, 0xB8, 0x2F, 0xB0, 0xAF, 0x06, 0x17, 0x28, 0xA2, 0x6B, 0x13, 0x3A, 0xC8, 0x6E, 0xEE,
    0xDA, 0x0B, 0x80, 0x53, 0x58, 0xAF, 0x54, 0xFB, 0x1B, 0x85, 0x44, 0xC5, 0x0C, 0xE4, 0x02, 0xFB,
    0x25, 0xB7, 0xF7, 0xED, 0xB5, 0xB6, 0x75, 0x75, 0x4E, 0x15, 0xBB, 0xF6, 0x06, 0x8E, 0xCF, 0x52,
    0xE0, 0x24, 0x05, 0x36, 0x61, 0xA1, 0x98, 0xA9, 0xE3, 0xFF, 0x90, 0xE5, 0x82, 0x19, 0x71, 0xD2,
    0x8B, 0x78, 0x27, 0xBF, 0x17, 0xE1, 0x51, 0x7A, 0xAF, 0x1B, 0x91, 0xD9, 0xA6, 0x34, 0x91, 0x37,
    0xD5, 0xC4, 0x69, 0xB1, 0x70, 0x92, 0x09, 0xD0, 0xB5, 0xE0, 0x7A, 0x48, 0x0D, 0xAA, 0x11, 0x8A,
    0x11, 0x75, 0xC1, 0x86, 0xED, 0x92, 0x56, 0x28, 0x26, 0x4C, 0x15, 0x71, 0x26, 0xD0, 0x38, 0x91,
    0x35, 0xE5, 0xA2, 0x5E, 0x00, 0xC9, 0x3A, 0xAD, 0x74, 0x83, 0x03, 0xAE, 0x80, 0x05, 0xB2, 0x79,
    0x33, 0x2A, 0xD5, 0x74, 0x80, 0x3A, 0x80, 0x6D, 0xB7, 0x91, 0xE6, 0xD6, 0xC8, 0x94, 0xF2, 0xF6,
    0x48, 0x4A, 0xE7, 0x01, 0xF4, 0xA7, 0x4A, 0xB4, 0xAE, 0x7D, 0xB5, 0x52, 0x4B, 0xD5, 0x6D, 0x7A,
    0x3A, 0xC0, 0xB1, 0x0F, 0xA5, 0xBC, 0x3F, 0xA4, 0x79, 0xC5, 0x36, 0x04, 0x9C, 0xEB, 0xF1, 0xE4,
    0xFC, 0x49, 0x77, 0x98, 0xAD, 0x8C, 0x85, 0x7E, 0x9A, 0xFA, 0x46, 0xE6, 0xC3, 0xF9, 0xE5, 0x57,
    0xCF, 0xDF, 0xD3, 0xEE, 0x8F, 0x39, 0x5A, 0x30, 0xD2, 0x3A, 0x13, 0xCE, 0x8B, 0xFE, 0xB2, 0x18,
    0x12, 0xDD, 0xF7, 0x83, 0x15, 0x5F, 0x5E, 0x63, 0x7D, 0x13, 0x9A, 0xE0, 0x3C, 0x60, 0xFC, 0x6E,
    0xFA, 0x54, 0x71, 0x50, 0x5C, 0x2A, 0x26, 0x20, 0x1B, 0x81, 0x3C, 0x02, 0x45, 0xE4, 0x1B, 0x2F,
    0x8B, 0x9E, 0x26, 0x96, 0x21, 0xA1, 0x0A, 0x14, 0x63, 0xDD, 0x92, 0x4F, 0x06, 0xB2, 0xD9, 0x02,
    0xB3, 0xEA, 0xDF, 0x9C, 0x02, 0x17, 0xE7, 0x80, 0x53, 0xBD, 0x55, 0xBD, 0x89, 0xE8, 0xF5, 0xEC,
    0x6F, 0xF9, 0x67, 0xF8, 0x6A, 0x2E, 0x83, 0x11, 0xDB, 0xBA, 0x7A, 0xE1, 0xB4, 0x18, 0xD1, 0xD4,
    0xB5, 0x15, 0xD7, 0xD6, 0x73, 0x1D, 0xB2, 0x67, 0x99, 0xC7, 0x67, 0xBE, 0x9E, 0xEA, 0xD1, 0x2D,
    0x6E, 0x7E, 0x6A, 0xA7, 0xC3, 0x79, 0x35, 0x9C, 0x6A, 0x1E, 0xCC, 0x74, 0xEE, 0x96, 0x66, 0x36,
    0xA3, 0x8D, 0x59, 0x9A, 0x39, 0x06, 0x70, 0x5F, 0x0E, 0x44, 0xE4, 0x16, 0xF6, 0x78, 0xCC, 0xED,
    0xDB, 0x47, 0x31, 0x03, 0x55, 0x04, 0x6C, 0xAF, 0xF5, 0x16, 0x58, 0xDF, 0x59, 0x17, 0x91, 0xC9,
    0x2A, 0x1A, 0x85, 0x7B, 0x28, 0x66, 0xC7, 0x97, 0x75, 0x90, 0x3D, 0x03, 0x8A, 0x11, 0x28, 0x27,
    0xA0, 0x9E, 0x01, 0xB3, 0x02, 0xB6, 0x03, 0x9C, 0xF3, 0x70, 0x65, 0x02, 0x2C, 0x75, 0x20, 0x9B,
    0xAB, 0x81, 0x62, 0x2A, 0x23, 0x45, 0x4C, 0x92, 0x2A, 0xE6, 0x33, 0x75, 0xCF, 0x8C, 0x09, 0xAC,
    0xB8, 0x96, 0x06, 0x07, 0xCE, 0x77, 0x60, 0xC3, 0x7B, 0xF0, 0xC8, 0x37, 0x60, 0x5B, 0xE7, 0x71,
    0xDE, 0xB6, 0x74, 0x3A, 0xB7, 0x50, 0x0F, 0xD9, 0x4C, 0x19, 0xF3, 0x89, 0x62, 0x4C, 0x2E, 0xB9,
    0xFA, 0x31, 0xD7, 0xFD, 0xF6, 0x3B, 0x68, 0x6C, 0x0B, 0xAE, 0x01, 0xAC, 0x00, 0xF5, 0xA2, 0x98,
    0xF7, 0xF3, 0x2B, 0xA2, 0x36, 0x26, 0xF2, 0xED, 0xAE, 0x3D, 0x98, 0xA1, 0x1A, 0x6D, 0x9B, 0x4F,
    0x0E, 0xE6, 0xFF, 0x4B, 0xA6, 0xDF, 0x65, 0xFA, 0x6A, 0xAC, 0x45, 0x62, 0x21, 0x12, 0x78, 0x71,
    0x0D, 0x1C, 0x43, 0x2E, 0x81, 0x5A, 0x06, 0xCC, 0x1F, 0x7B, 0xDC, 0x6F, 0xC1, 0x85, 0xFF, 0x32,
    0x5B, 0x9E, 0x38, 0xCF, 0x2A, 0xD0, 0x2D, 0x60, 0x07, 0xA0, 0x4C, 0xA8, 0x47, 0x34, 0x75, 0xFD,
    0x50, 0x58, 0xCF, 0x9B, 0x26, 0x64, 0xA2, 0xE9, 0x3C, 0xCB, 0xFD, 0x3D, 0x0F, 0xC4, 0x3D, 0xFF,
    0x5B, 0x1F, 0xFF, 0x3D, 0xF6, 0x8A, 0xF5, 0x5C, 0xD0, 0x04, 0xC4, 0x2B, 0xBC, 0xD3, 0xED, 0xBF,
    0x8E, 0x87, 0x14, 0xE5, 0xC4, 0x4F, 0x9D, 0xFC, 0x7C, 0xBC, 0x7A, 0x21, 0xF1, 0xC3, 0xAC, 0x6B,
    0xF7, 0xF9, 0xEC, 0x57, 0x7C, 0xBD, 0x96, 0xFE, 0xD2, 0xBE, 0x92, 0xE9, 0x31, 0xDD, 0x7E, 0xB1,
    0xE8, 0x23, 0x8C, 0xDE, 0x86, 0x35, 0xF7, 0xDA, 0xBE, 0xD7, 0x5B, 0x7E, 0xF6, 0x32, 0xA3, 0x5E,
    0xAA, 0xD6, 0xC9, 0x67, 0xED, 0x53, 0x23, 0x7C, 0x2B, 0x9F, 0xC0, 0x43, 0x35, 0x95, 0xDE, 0x4A,
    0xDD, 0xBA, 0x4E, 0xFC, 0x49, 0xB5, 0xF2, 0x15, 0x7E, 0x04, 0xC0, 0xD3, 0x5F, 0xFC, 0x20, 0x3A,
    0x91, 0x78, 0x24, 0xAB, 0xDF, 0xFD, 0x74, 0xAD, 0x35, 0xED, 0xED, 0xB5, 0x3C, 0x50, 0x86, 0xED,
    0xA6, 0x7F, 0x76, 0xF5, 0x9C, 0x4B, 0xCE, 0xFE, 0xF2, 0x7C, 0xDB, 0xD6, 0x1E, 0xC3, 0x1E, 0x5D,
    0x92, 0x69, 0xEE, 0xFB, 0xF4, 0x3D, 0xF8, 0xEC, 0x7E, 0x6D, 0xDF, 0x1F, 0xA7, 0x1E, 0x7C, 0x8D,
    0x6C, 0xC5, 0x5C, 0x67, 0xD2, 0x9A, 0x09, 0x17, 0xB0, 0x23, 0xB9, 0xF8, 0xED, 0x07, 0x9C, 0x6E,
    0x97, 0xEC, 0x44, 0xD2, 0x01, 0x3C, 0x81, 0xAE, 0xBD, 0x35, 0x53, 0xCC, 0x98, 0x29, 0x69, 0xED,
    0xA4, 0xF5, 0x0F, 0xB9, 0xF7, 0xED, 0xB4, 0xC5, 0xC7, 0x54, 0x50, 0xCE, 0x74, 0xD0, 0x0C, 0xEF,
    0x2F, 0x94, 0x6B, 0x26, 0x2F, 0xD3, 0xB2, 0x9E, 0xA0, 0xF3, 0x66, 0x20, 0x39, 0x55, 0x0B, 0x94,
    0xE2, 0xBB, 0x1E, 0x9A, 0x6D, 0x33, 0x23, 0x5E, 0xB5, 0x86, 0xDB, 0xF1, 0x84, 0xCA, 0x83, 0x6B,
    0xEB, 0x11, 0xCC, 0x74, 0x24, 0x9E, 0xAC, 0xEB, 0xED, 0x08, 0xD5, 0xAC, 0xA7, 0x94, 0x2F, 0x34,
    0x6D, 0x6A, 0x94, 0x2B, 0x99, 0xB4, 0x4D, 0xD4, 0xA5, 0x78, 0x1A, 0x9D, 0xE7, 0x14, 0xD5, 0xFE,
    0x3B, 0x4F, 0x1B, 0x80, 0x0D, 0xEC, 0x78, 0xC7, 0xD3, 0x06, 0xF0, 0x5C, 0x31, 0xAB, 0xCB, 0x08,
    0x14, 0xF1, 0xED, 0x47, 0x3B, 0xD3, 0x26, 0xB5, 0xF5, 0x74, 0x38, 0x58, 0xB9, 0x50, 0x2C, 0x8A,
    0x19, 0x24, 0x9B, 0xA0, 0xF9, 0x6E, 0x04, 0xF7, 0xA7, 0x78, 0xE7, 0xD1, 0xEE, 0x85, 0xC2, 0x7A,
    0xB8, 0xFF, 0xE4, 0x08, 0xC0, 0xDD, 0x4E, 0x27, 0xEB, 0x9D, 0x2B, 0x2A, 0xFE, 0x2A, 0x09, 0xB1,
    0xF1, 0x54, 0xBD, 0x0B, 0xD4, 0xC1, 0x06, 0x8C, 0xC2, 0xFA, 0x04, 0x87, 0x6B, 0xB9, 0x20, 0x75,
    0xDF, 0xDC, 0xBF, 0x22, 0x55, 0x01, 0xE5, 0x00, 0x49, 0x05, 0x3C, 0xF2, 0x80, 0x9E, 0x8B, 0x2F,
    0x24, 0xA1, 0x56, 0x38, 0xED, 0x3A, 0x6D, 0x34, 0xDC, 0xC2, 0xFE, 0xC7, 0xDB, 0x1F, 0x51, 0x7D,
    0xAE, 0xE0, 0x7D, 0x05, 0xDA, 0xD0, 0xAD, 0xBB, 0x85, 0xD5, 0x93, 0x56, 0xA3, 0x62, 0x01, 0xB2,
    0x3B, 0xFF, 0x05, 0xC5, 0xBD, 0xBF, 0xBD, 0xCE, 0x29, 0x62, 0xC2, 0x0D, 0xF0, 0x45, 0x5F, 0x88,
    0x47, 0xF2, 0x12, 0x1A, 0x59, 0xC8, 0xA6, 0x13, 0xEB, 0xCB, 0xFE, 0xA4, 0xEC, 0x6B, 0x7F, 0x92,
    0x45, 0xC3, 0x09, 0xE3, 0xE3, 0x84, 0x8F, 0x4F, 0x48, 0x2F, 0x1D, 0x9E, 0x9D, 0xE2, 0xF3, 0xED,
    0xE7, 0x0D, 0xA3, 0x23, 0x3A, 0x1C, 0x55, 0xD6, 0xAB, 0x81, 0x57, 0xAB, 0xCD, 0x74, 0x8B, 0xA3,
    0x6B, 0xA0, 0x93, 0x81, 0x62, 0xCC, 0x66, 0xEA, 0x16, 0xC3, 0x07, 0x50, 0xB6, 0x27, 0x50, 0x84,
    0xDF, 0x40, 0x36, 0x44, 0x20, 0x4A, 0x8A, 0x0D, 0xBA, 0x8D, 0x23, 0x64, 0xF1, 0x35, 0xE4, 0x83,
    0xCE, 0x05, 0x4B, 0x52, 0x26, 0xAD, 0xDD, 0x5C, 0x50, 0x3F, 0x8E, 0x6E, 0xDE, 0xB6, 0x0F, 0x38,
    0xEC, 0x40, 0xD7, 0x9E, 0x4E, 0xF9, 0xDF, 0xC2, 0xEB, 0x43, 0xF5, 0x87, 0x61, 0x34, 0x3F, 0xF4,
    0x31, 0x96, 0x0B, 0x31, 0xE6, 0x13, 0xDB, 0x6A, 0x34, 0xAF, 0xBE, 0x1D, 0x5F, 0x5F, 0xA4, 0xAE,
    0xCE, 0x05, 0xAB, 0x0A, 0xD5, 0xBE, 0xCB, 0xBE, 0xC5, 0xF1, 0x01, 0x69, 0xF8, 0x04, 0xB5, 0x47,
    0xED, 0x31, 0xC9, 0x9E, 0x03, 0x31, 0x66, 0xA3, 0xDA, 0xF7, 0x6A, 0xEF, 0x89, 0xAF, 0x0F, 0xE4,
    0xC9, 0x9E, 0x42, 0xED, 0x2B, 0xB5, 0x7F, 0xFB, 0xEC, 0x1F, 0x01, 0xA6, 0xFD, 0x8F, 0x52, 0x44,
    0xE2, 0x9E, 0xFB, 0x8D, 0xFE, 0x02, 0xEB, 0x4D, 0x2B, 0x69, 0xE7, 0xFA, 0x8D, 0x17, 0xB8, 0x54,
    0xF9, 0x07, 0xAD, 0x92, 0x81, 0x46, 0x04, 0x41, 0x18, 0xC7, 0xFF, 0x3B, 0x4B, 0x87, 0xC5, 0x42,
    0x88, 0x70, 0x8F, 0x30, 0x8F, 0x30, 0x5B, 0x21, 0x04, 0x3D, 0x42, 0x80, 0xE8, 0x21, 0xF6, 0xE8,
    0x05, 0x7A, 0x8C, 0x94, 0xF4, 0x04, 0xB5, 0x9B, 0x5E, 0x60, 0x1E, 0x61, 0x11, 0x08, 0x6E, 0x70,
    0x38, 0xDD, 0xCC, 0xFC, 0xFB, 0x66, 0x46, 0x47, 0x40, 0x77, 0xC2, 0xFD, 0x8E, 0xF9, 0xBE, 0xCF,
    0xFF, 0xEF, 0x67, 0x71, 0x10, 0x67, 0xEC, 0xA0, 0x49, 0x4E, 0x18, 0x96, 0x5C, 0xBA, 0x2A, 0xAA,
    0xA8, 0xAC, 0xF2, 0xCA, 0x03, 0xB5, 0xAF, 0x85, 0xC7, 0x24, 0x03, 0xFA, 0xCC, 0x9B, 0xF8, 0x18,
    0xEF, 0xCB, 0xFB, 0xCE, 0xD4, 0x6C, 0xE9, 0x60, 0x32, 0xA1, 0x24, 0x0F, 0x73, 0xCA, 0x73, 0xBF,
    0x0C, 0x00, 0x2B, 0x0F, 0x15, 0x70, 0x89, 0xB4, 0x88, 0x19, 0x65, 0xD0, 0x27, 0x48, 0x9E, 0x4F,
    0xE7, 0x7F, 0x47, 0x4A, 0x19, 0x4D, 0x02, 0x14, 0xFD, 0x36, 0x43, 0x40, 0x99, 0x56, 0xE1, 0x67,
    0xAF, 0xE1, 0xBB, 0x64, 0x08, 0x24, 0xE3, 0x76, 0x8F, 0x0C, 0x6B, 0x38, 0xA7, 0x15, 0x7F, 0x27,
    0xC3, 0x07, 0xB2, 0xC0, 0x88, 0x64, 0x70, 0x43, 0x88, 0x42, 0xE2, 0x15, 0xD9, 0xE1, 0x61, 0xB9,
    0x28, 0x16, 0x49, 0xF4, 0x89, 0xCC, 0x1E, 0x1F, 0x58, 0x66, 0xFB, 0xFF, 0x69, 0xA9, 0x70, 0xCE,
    0xC9, 0x50, 0xF3, 0x82, 0x93, 0x74, 0x39, 0x25, 0x4B, 0x17, 0xFE, 0xEA, 0xC2, 0xD4, 0x25, 0x6C,
    0xEF, 0x72, 0x97, 0xA9, 0x74, 0x99, 0x4A, 0x97, 0xBB, 0x7F, 0xEA, 0xE2, 0x4A, 0x17, 0x87, 0x66,
    0x0D, 0xC0, 0x44, 0x01, 0x5F, 0x20, 0xDA, 0x8F, 0xAE, 0x65, 0x51, 0x6D, 0xDD, 0x93, 0xA1, 0x4F,
    0xC8, 0xDF, 0xD3, 0x0E, 0xEE, 0xF9, 0xA4, 0xF9, 0xC6, 0x60, 0x38, 0xF6, 0x62, 0x3D, 0xFD, 0x50,
    0x33, 0x0A, 0x9B, 0x0D, 0x3B, 0xA0, 0x5D, 0x0C, 0xA3, 0x10, 0x46, 0xD8, 0x74, 0x42, 0xC5, 0x71,
    0xA0, 0x6D, 0xE9, 0x48, 0xAB, 0xCF, 0xDC, 0xF0, 0xB9, 0x30, 0x95, 0x93, 0x77, 0xB3, 0x48, 0x53,
    0x1D, 0x20, 0x6C, 0x69, 0xF3, 0xE6, 0x4A, 0x08, 0xED, 0x85, 0x57, 0x75, 0xE2, 0x3A, 0x93, 0xCF,
    0x2B, 0xF3, 0x65, 0xC9, 0x69, 0x4E, 0xAB, 0x63, 0x37, 0x8B, 0xDD, 0x37, 0x1D, 0xC9, 0xA1, 0x19,
    0x02, 0x31, 0x0C, 0x80, 0xD1, 0xFF, 0x6A, 0x2A, 0x10, 0x8C, 0xD0, 0x09, 0x20, 0x1B, 0x40, 0x87,
    0xC2, 0xD3, 0xB1, 0x10, 0x7C, 0x5F, 0x57, 0xB8, 0x11, 0x32, 0x02, 0x02, 0x11, 0xC1, 0x35, 0xB4,
    0x51, 0x4F, 0x3C, 0xA0, 0x02, 0xB0, 0x69, 0x90, 0x2D, 0x28, 0x23, 0x78, 0x94, 0xB6, 0x6A, 0x8F,
    0xCC, 0x7B, 0x7D, 0xAD, 0x72, 0xBB, 0x01, 0x4F, 0x3F, 0xA4, 0xB1, 0xB9, 0x8F, 0xA2, 0xE4, 0x85,
    0xCD, 0x72, 0x95, 0x81, 0xB8, 0x71, 0x1F, 0x9C, 0xFC, 0x93, 0xDC, 0x48, 0xFE, 0x15, 0x57, 0xE8,
    0xD6, 0xBD, 0x81, 0xFC, 0xFA, 0x80, 0x99, 0xB3, 0x20, 0x1D, 0xA2, 0x00, 0xEF, 0x73, 0x5B, 0x5C,
    0xAE, 0xB0, 0xD2, 0x82, 0xA4, 0x01, 0x15, 0xF8, 0x03,
};

static const EpdGlyphPacked bookerly_12_boldGlyphs[] = {
    { 0, 0, 0, 0, 0 }, // U+0000
    { 0, 0, 0, 0, 0 }, // U+0008
    { 0, 0, 86, 0, 0 }, // U+0009
    { 0, 0, 86, 0, 0 }, // U+000D
    { 0, 0, 0, 0, 0 }, // U+001D
    { 0, 0, 86, 0, 0 }, // U+0020
    { 5, 20, 116, 2, 20 }, // !
    { 9, 10, 168, 1, 19 }, // "
    { 16, 16, 249, 0, 15 }, // #
    { 12, 27, 249, 1, 22 }, // $
    { 22, 21, 387, 1, 20 }, // %
    { 19, 19, 319, 1, 19 }, // &
    { 4, 10, 92, 1, 19 }, // '
    { 8, 26, 152, 1, 21 }, // (
    { 8, 26, 152, 0, 21 }, // )
    { 10, 9, 156, 0, 19 }, // *
    { 11, 12, 249, 2, 15 }, // +
    { 6, 9, 116, 0, 4 }, // ,
    { 8, 3, 152, 1, 8 }, // -
    { 5, 4, 116, 1, 4 }, // .
    { 13, 20, 211, 0, 19 }, // /
    { 15, 18, 249, 1, 18 }, // 0
    { 11, 19, 249, 2, 19 }, // 1
    { 14, 18, 249, 0, 18 }, // 2
    { 13, 18, 249, 1, 18 }, // 3
    { 15, 19, 249, 0, 19 }, // 4
    { 13, 18, 249, 1, 18 }, // 5
    { 14, 18, 249, 1, 18 }, // 6
    { 13, 18, 249, 2, 18 }, // 7
    { 13, 18, 249, 1, 18 }, // 8
    { 14, 18, 249, 1, 18 }, // 9
    { 5, 14, 116, 1, 14 }, // :
    { 7, 18, 116, 0, 14 }, // ;
    { 11, 13, 249, 2, 15 }, // <
    { 11, 7, 249, 2, 12 }, // =
    { 11, 13, 249, 2, 15 }, // >
    { 10, 19, 196, 1, 19 }, // ?
    { 22, 23, 396, 1, 18 }, // @
    { 20, 19, 309, -1, 19 }, // A
    { 16, 19, 260, 0, 19 }, // B
    { 15, 19, 262, 1, 19 }, // C
    { 19, 19, 310, 0, 19 }, // D
    { 15, 18, 260, 0, 18 }, // E
    { 14, 18, 237, 0, 18 }, // F
    { 16, 19, 296, 1, 19 }, // G
    { 21, 18, 344, 0, 18 }, // H
    { 10, 18, 167, 0, 18 }, // I
    { 12, 23, 157, -2, 18 }, // J
    { 19, 18, 304, 0, 18 }, // K
    { 15, 18, 248, 0, 18 }, // L
    { 24, 18, 380, 0, 18 }, // M
    { 21, 19, 321, 0, 18 }, // N
    { 18, 19, 312, 1, 19 }, // O
    { 15, 19, 250, 0, 19 }, // P
    { 19, 25, 312, 1, 19 }, // Q
    { 19, 18, 284, 0, 18 }, // R
    { 13, 19, 234, 1, 19 }, // S
    { 16, 18, 287, 1, 18 }, // T
    { 21, 18, 322, 0, 18 }, // U
    { 20, 18, 312, 0, 18 }, // V
    { 28, 18, 446, 0, 18 }, // W
    { 19, 18, 308, 0, 18 }, // X
    { 18, 18, 289, 0, 18 }, // Y
    { 15, 19, 244, 0, 18 }, // Z
    { 6, 25, 135, 2, 20 }, // [
    { 13, 20, 211, 0, 19 }, // <backslash>
    { 6, 25, 135, 1, 20 }, // ]
    { 13, 12, 249, 1, 17 }, // ^
    { 13, 3, 200, 0, -1 }, // _
    { 5, 7, 270, 6, 22 }, // `
    { 14, 14, 227, 1, 14 }, // a
    { 16, 20, 247, -1, 20 }, // b
    { 11, 14, 208, 1, 14 }, // c
    { 15, 20, 251, 1, 20 }, // d
    { 13, 14, 218, 1, 14 }, // e
    { 13, 20, 173, 0, 20 }, // f
    { 15, 20, 242, 1, 14 }, // g
    { 17, 20, 265, -1, 20 }, // h
    { 9, 20, 142, -1, 20 }, // i
    { 9, 26, 127, -2, 20 }, // j
    { 17, 20, 254, -1, 20 }, // k
    { 9, 20, 140, -1, 20 }, // l
    { 24, 14, 396, 1, 14 }, // m
    { 16, 14, 270, 1, 14 }, // n
    { 14, 14, 242, 1, 14 }, // o
    { 16, 20, 250, -1, 14 }, // p
    { 14, 20, 240, 1, 14 }, // q
    { 11, 14, 191, 1, 14 }, // r
    { 12, 14, 201, 1, 14 }, // s
    { 11, 18, 170, -1, 18 }, // t
    { 17, 14, 261, 0, 14 }, // u
    { 16, 14, 261, 0, 14 }, // v
    { 22, 14, 362, 0, 14 }, // w
    { 16, 14, 248, 0, 14 }, // x
    { 16, 20, 260, 1, 14 }, // y
    { 13, 14, 206, 0, 14 }, // z
    { 9, 25, 160, 1, 21 }, // {
    { 3, 23, 126, 2, 20 }, // |
    { 8, 25, 160, 0, 21 }, // }
    { 12, 6, 249, 2, 11 }, // ~
    { 0, 0, 86, 0, 0 }, // U+00A0
    { 4, 20, 116, 1, 14 }, // U+00A1
    { 13, 26, 249, 1, 21 }, // U+00A2
    { 14, 18, 249, 1, 18 }, // U+00A3
    { 14, 14, 249, 1, 16 }, // U+00A4
    { 17, 18, 249, -1, 18 }, // U+00A5
    { 3, 23, 126, 2, 20 }, // U+00A6
    { 11, 21, 207, 1, 18 }, // U+00A7
    { 10, 4, 270, 4, 20 }, // U+00A8
    { 18, 20, 313, 1, 19 }, // U+00A9
    { 9, 12, 176, 1, 18 }, // U+00AA
    { 14, 10, 234, 1, 12 }, // U+00AB
    { 12, 7, 249, 2, 12 }, // U+00AC
    { 8, 3, 152, 1, 8 }, // U+00AD
    { 14, 14, 233, 0, 21 }, // U+00AE
    { 9, 3, 270, 4, 19 }, // U+00AF
    { 9, 9, 212, 2, 18 }, // U+00B0
    { 11, 16, 249, 2, 16 }, // U+00B1
    { 10, 11, 179, 0, 20 }, // U+00B2
    { 10, 11, 179, 1, 20 }, // U+00B3
    { 5, 7, 270, 6, 22 }, // U+00B4
    { 15, 21, 262, 2, 15 }, // U+00B5
    { 15, 23, 237, 0, 18 }, // U+00B6
    { 5, 4, 116, 1, 9 }, // U+00B7
    { 6, 6, 270, 5, -1 }, // U+00B8
    { 9, 12, 179, 1, 21 }, // U+00B9
    { 9, 12, 176, 1, 18 }, // U+00BA
    { 14, 10, 234, 1, 12 }, // U+00BB
    { 25, 21, 430, 1, 19 }, // U+00BC
    { 25, 21, 430, 1, 19 }, // U+00BD
    { 26, 22, 430, 1, 20 }, // U+00BE
    { 10, 20, 196, 1, 14 }, // U+00BF
    { 20, 26, 309, -1, 26 }, // U+00C0
    { 20, 26, 309, -1, 26 }, // U+00C1
    { 20, 26, 309, -1, 26 }, // U+00C2
    { 19, 25, 309, 0, 25 }, // U+00C3
    { 20, 24, 309, 0, 24 }, // U+00C4
    { 19, 26, 309, 0, 26 }, // U+00C5
    { 24, 18, 393, 0, 18 }, // U+00C6
    { 15, 26, 262, 1, 19 }, // U+00C7
    { 15, 26, 260, 0, 26 }, // U+00C8
    { 15, 26, 260, 0, 26 }, // U+00C9
    { 15, 26, 260, 0, 26 }, // U+00CA
    { 15, 24, 260, 0, 24 }, // U+00CB
    { 10, 26, 167, 0, 26 }, // U+00CC
    { 10, 26, 167, 0, 26 }, // U+00CD
    { 10, 26, 167, 0, 26 }, // U+00CE
    { 10, 24, 167, 1, 24 }, // U+00CF
    { 18, 19, 310, 1, 19 }, // U+00D0
    { 21, 26, 321, 0, 25 }, // U+00D1
    { 18, 26, 312, 1, 26 }, // U+00D2
    { 18, 26, 312, 1, 26 }, // U+00D3
    { 18, 26, 312, 1, 26 }, // U+00D4
    { 18, 25, 312, 1, 25 }, // U+00D5
    { 18, 25, 312, 1, 25 }, // U+00D6
    { 11, 12, 249, 2, 15 }, // U+00D7
    { 19, 20, 312, 0, 19 }, // U+00D8
    { 21, 26, 322, 0, 26 }, // U+00D9
    { 21, 26, 322, 0, 26 }, // U+00DA
    { 21, 26, 322, 0, 26 }, // U+00DB
    { 21, 25, 322, 0, 25 }, // U+00DC
    { 18, 26, 289, 0, 26 }, // U+00DD
    { 16, 18, 259, 0, 18 }, // U+00DE
    { 16, 20, 267, 0, 20 }, // U+00DF
    { 14, 22, 227, 1, 22 }, // U+00E0
    { 14, 22, 227, 1, 22 }, // U+00E1
    { 14, 22, 227, 1, 22 }, // U+00E2
    { 14, 20, 227, 1, 20 }, // U+00E3
    { 14, 20, 227, 1, 20 }, // U+00E4
    { 14, 22, 227, 1, 22 }, // U+00E5
    { 20, 14, 332, 1, 14 }, // U+00E6
    { 11, 21, 208, 1, 14 }, // U+00E7
    { 13, 22, 218, 1, 22 }, // U+00E8
    { 13, 22, 218, 1, 22 }, // U+00E9
    { 13, 22, 218, 1, 22 }, // U+00EA
    { 13, 20, 218, 1, 20 }, // U+00EB
    { 9, 23, 142, -1, 23 }, // U+00EC
    { 9, 23, 142, 0, 23 }, // U+00ED
    { 9, 22, 142, 0, 22 }, // U+00EE
    { 10, 20, 142, 1, 20 }, // U+00EF
    { 14, 22, 242, 1, 22 }, // U+00F0
    { 16, 20, 270, 1, 20 }, // U+00F1
    { 14, 22, 242, 1, 22 }, // U+00F2
    { 14, 22, 242, 1, 22 }, // U+00F3
    { 14, 22, 242, 1, 22 }, // U+00F4
    { 14, 20, 242, 1, 20 }, // U+00F5
    { 14, 20, 242, 1, 20 }, // U+00F6
    { 11, 12, 249, 2, 15 }, // U+00F7
    { 15, 15, 242, 0, 14 }, // U+00F8
    { 17, 23, 261, 0, 23 }, // U+00F9
    { 17, 23, 261, 0, 23 }, // U+00FA
    { 17, 22, 261, 0, 22 }, // U+00FB
    { 17, 20, 261, 0, 20 }, // U+00FC
    { 16, 29, 260, 1, 23 }, // U+00FD
    { 16, 26, 250, -1, 20 }, // U+00FE
    { 16, 26, 260, 1, 20 }, // U+00FF
    { 20, 24, 309, -1, 24 }, // U+0100
    { 14, 19, 227, 1, 19 }, // U+0101
    { 20, 25, 309, -1, 25 }, // U+0102
    { 14, 21, 227, 1, 21 }, // U+0103
    { 20, 25, 309, 0, 19 }, // U+0104
    { 13, 20, 227, 1, 14 }, // U+0105
    { 15, 26, 262, 1, 26 }, // U+0106
    { 11, 22, 208, 1, 22 }, // U+0107
    { 15, 26, 262, 1, 26 }, // U+0108
    { 11, 22, 208, 1, 22 }, // U+0109
    { 15, 25, 262, 1, 25 }, // U+010A
    { 11, 20, 208, 1, 20 }, // U+010B
    { 15, 26, 262, 1, 26 }, // U+010C
    { 11, 22, 208, 1, 22 }, // U+010D
    { 19, 25, 310, 0, 25 }, // U+010E
    { 17, 21, 259, 1, 21 }, // U+010F
    { 18, 19, 310, 1, 19 }, // U+0110
    { 15, 20, 251, 1, 20 }, // U+0111
    { 15, 24, 260, 0, 24 }, // U+0112
    { 13, 19, 218, 1, 19 }, // U+0113
    { 15, 25, 260, 0, 25 }, // U+0114
    { 13, 21, 218, 1, 21 }, // U+0115
    { 15, 25, 260, 0, 25 }, // U+0116
    { 13, 20, 218, 1, 20 }, // U+0117
    { 15, 24, 260, 0, 18 }, // U+0118
    { 13, 20, 218, 1, 14 }, // U+0119
    { 15, 25, 260, 0, 25 }, // U+011A
    { 13, 22, 218, 1, 22 }, // U+011B
    { 16, 26, 296, 1, 26 }, // U+011C
    { 15, 28, 242, 1, 22 }, // U+011D
    { 16, 26, 296, 1, 26 }, // U+011E
    { 15, 27, 242, 1, 21 }, // U+011F
    { 16, 25, 296, 1, 25 }, // U+0120
    { 15, 26, 242, 1, 20 }, // U+0121
    { 16, 26, 296, 1, 19 }, // U+0122
    { 15, 28, 242, 1, 22 }, // U+0123
    { 21, 26, 344, 0, 26 }, // U+0124
    { 17, 27, 265, -1, 27 }, // U+0125
    { 20, 18, 344, 1, 18 }, // U+0126
    { 17, 20, 265, 0, 20 }, // U+0127
    { 9, 25, 167, 1, 25 }, // U+0128
    { 9, 20, 142, 0, 20 }, // U+0129
    { 10, 24, 167, 0, 24 }, // U+012A
    { 9, 19, 142, 0, 19 }, // U+012B
    { 9, 25, 167, 1, 25 }, // U+012C
    { 9, 21, 142, 0, 21 }, // U+012D
    { 9, 24, 167, 1, 18 }, // U+012E
    { 10, 26, 142, -1, 20 }, // U+012F
    { 10, 25, 167, 0, 25 }, // U+0130
    { 9, 14, 142, 0, 14 }, // U+0131
    { 20, 23, 324, 0, 18 }, // U+0132
    { 16, 26, 269, -1, 20 }, // U+0133
    { 12, 31, 157, -2, 26 }, // U+0134
    { 10, 28, 127, -2, 22 }, // U+0135
    { 19, 25, 304, 0, 18 }, // U+0136
    { 17, 27, 254, -1, 20 }, // U+0137
    { 17, 14, 259, 0, 14 }, // U+0138
    { 15, 26, 248, 0, 26 }, // U+0139
    { 9, 27, 140, -1, 27 }, // U+013A
    { 15, 25, 248, 0, 18 }, // U+013B
    { 9, 27, 140, -1, 20 }, // U+013C
    { 15, 21, 248, 0, 21 }, // U+013D
    { 12, 21, 148, -1, 21 }, // U+013E
    { 15, 18, 248, 0, 18 }, // U+013F
    { 14, 20, 214, -1, 20 }, // U+0140
    { 16, 18, 248, -1, 18 }, // U+0141
    { 10, 20, 140, -1, 20 }, // U+0142
    { 21, 27, 321, 0, 26 }, // U+0143
    { 16, 22, 270, 1, 22 }, // U+0144
    { 21, 25, 321, 0, 18 }, // U+0145
    { 16, 21, 270, 1, 14 }, // U+0146
    { 21, 26, 321, 0, 25 }, // U+0147
    { 16, 22, 270, 1, 22 }, // U+0148
    { 22, 19, 363, 0, 19 }, // U+0149
    { 21, 23, 321, 0, 18 }, // U+014A
    { 15, 20, 262, 1, 14 }, // U+014B
    { 18, 24, 312, 1, 24 }, // U+014C
    { 14, 19, 242, 1, 19 }, // U+014D
    { 18, 26, 312, 1, 26 }, // U+014E
    { 14, 21, 242, 1, 21 }, // U+014F
    { 18, 26, 312, 1, 26 }, // U+0150
    { 14, 22, 242, 1, 22 }, // U+0151
    { 23, 18, 404, 1, 18 }, // U+0152
    { 22, 14, 364, 1, 14 }, // U+0153
    { 19, 25, 284, 0, 25 }, // U+0154
    { 11, 22, 191, 1, 22 }, // U+0155
    { 19, 25, 284, 0, 18 }, // U+0156
    { 11, 21, 191, 1, 14 }, // U+0157
    { 19, 26, 284, 0, 26 }, // U+0158
    { 11, 22, 191, 1, 22 }, // U+0159
    { 13, 26, 234, 1, 26 }, // U+015A
    { 12, 22, 201, 1, 22 }, // U+015B
    { 13, 26, 234, 1, 26 }, // U+015C
    { 12, 22, 201, 1, 22 }, // U+015D
    { 13, 26, 234, 1, 19 }, // U+015E
    { 12, 21, 201, 1, 14 }, // U+015F
    { 13, 26, 234, 1, 26 }, // U+0160
    { 12, 22, 201, 1, 22 }, // U+0161
    { 16, 25, 287, 1, 18 }, // U+0162
    { 12, 25, 170, -1, 18 }, // U+0163
    { 16, 25, 287, 1, 25 }, // U+0164
    { 11, 22, 170, -1, 22 }, // U+0165
    { 17, 18, 287, 0, 18 }, // U+0166
    { 11, 18, 170, 0, 18 }, // U+0167
    { 21, 25, 322, 0, 25 }, // U+0168
    { 17, 20, 261, 0, 20 }, // U+0169
    { 21, 24, 322, 0, 24 }, // U+016A
    { 17, 19, 261, 0, 19 }, // U+016B
    { 21, 26, 322, 0, 26 }, // U+016C
    { 17, 21, 261, 0, 21 }, // U+016D
    { 21, 26, 322, 0, 26 }, // U+016E
    { 17, 22, 261, 0, 22 }, // U+016F
    { 21, 26, 322, 0, 26 }, // U+0170
    { 17, 23, 261, 0, 23 }, // U+0171
    { 21, 24, 322, 0, 18 }, // U+0172
    { 17, 20, 261, 0, 14 }, // U+0173
    { 28, 26, 446, 0, 26 }, // U+0174
    { 22, 22, 362, 0, 22 }, // U+0175
    { 18, 26, 289, 0, 26 }, // U+0176
    { 16, 28, 260, 1, 22 }, // U+0177
    { 18, 24, 289, 0, 24 }, // U+0178
    { 15, 27, 244, 0, 26 }, // U+0179
    { 12, 23, 206, 0, 23 }, // U+017A
    { 14, 26, 244, 0, 25 }, // U+017B
    { 12, 20, 206, 0, 20 }, // U+017C
    { 15, 26, 244, 0, 25 }, // U+017D
    { 13, 22, 206, 0, 22 }, // U+017E
    { 12, 20, 166, 0, 20 }, // U+017F
    { 19, 22, 312, 1, 22 }, // U+01A0
    { 14, 17, 242, 1, 17 }, // U+01A1
    { 22, 22, 322, 0, 22 }, // U+01AF
    { 16, 17, 261, 1, 17 }, // U+01B0
    { 33, 26, 543, 0, 25 }, // U+01C4
    { 31, 22, 506, 0, 22 }, // U+01C5
    { 28, 22, 456, 1, 22 }, // U+01C6
    { 25, 23, 406, 0, 18 }, // U+01C7
    { 22, 26, 375, 0, 20 }, // U+01C8
    { 16, 26, 266, -1, 20 }, // U+01C9
    { 30, 23, 478, 0, 18 }, // U+01CA
    { 27, 26, 448, 0, 20 }, // U+01CB
    { 24, 26, 397, 0, 20 }, // U+01CC
    { 20, 25, 309, 0, 25 }, // U+01CD
    { 14, 22, 227, 1, 22 }, // U+01CE
    { 10, 25, 167, 0, 25 }, // U+01CF
    { 10, 22, 142, 0, 22 }, // U+01D0
    { 18, 26, 312, 1, 26 }, // U+01D1
    { 14, 22, 242, 1, 22 }, // U+01D2
    { 21, 26, 322, 0, 26 }, // U+01D3
    { 17, 22, 261, 0, 22 }, // U+01D4
    { 21, 28, 322, 0, 28 }, // U+01D5
    { 17, 24, 261, 0, 24 }, // U+01D6
    { 21, 28, 322, 0, 28 }, // U+01D7
    { 17, 26, 261, 0, 26 }, // U+01D8
    { 21, 28, 322, 0, 28 }, // U+01D9
    { 17, 26, 261, 0, 26 }, // U+01DA
    { 21, 28, 322, 0, 28 }, // U+01DB
    { 17, 26, 261, 0, 26 }, // U+01DC
    { 12, 14, 218, 1, 14 }, // U+01DD
    { 20, 27, 309, 0, 27 }, // U+01DE
    { 14, 24, 227, 1, 24 }, // U+01DF
    { 20, 28, 309, -1, 28 }, // U+01E0
    { 14, 25, 227, 1, 25 }, // U+01E1
    { 24, 24, 393, 0, 24 }, // U+01E2
    { 20, 19, 332, 1, 19 }, // U+01E3
    { 18, 19, 296, 1, 19 }, // U+01E4
    { 16, 20, 242, -1, 14 }, // U+01E5
    { 16, 26, 296, 1, 26 }, // U+01E6
    { 15, 28, 242, 1, 22 }, // U+01E7
    { 19, 26, 304, 0, 26 }, // U+01E8
    { 17, 28, 254, -1, 28 }, // U+01E9
    { 18, 25, 312, 1, 19 }, // U+01EA
    { 14, 20, 242, 1, 14 }, // U+01EB
    { 18, 29, 312, 1, 23 }, // U+01EC
    { 14, 25, 242, 1, 19 }, // U+01ED
    { 14, 26, 233, 1, 26 }, // U+01EE
    { 14, 28, 216, 0, 22 }, // U+01EF
    { 11, 28, 127, -1, 22 }, // U+01F0
    { 34, 20, 554, 0, 19 }, // U+01F1
    { 32, 19, 517, 0, 19 }, // U+01F2
    { 28, 20, 458, 1, 20 }, // U+01F3
    { 16, 26, 296, 1, 26 }, // U+01F4
    { 15, 28, 242, 1, 22 }, // U+01F5
    { 21, 27, 321, 0, 26 }, // U+01F8
    { 16, 22, 270, 1, 22 }, // U+01F9
    { 20, 28, 309, -1, 28 }, // U+01FA
    { 14, 27, 227, 1, 27 }, // U+01FB
    { 24, 26, 393, 0, 26 }, // U+01FC
    { 20, 22, 332, 1, 22 }, // U+01FD
    { 19, 27, 312, 0, 26 }, // U+01FE
    { 15, 23, 242, 0, 22 }, // U+01FF
    { 20, 26, 309, -1, 26 }, // U+0200
    { 14, 22, 227, 1, 22 }, // U+0201
    { 20, 25, 309, -1, 25 }, // U+0202
    { 14, 20, 227, 1, 20 }, // U+0203
    { 15, 26, 260, 0, 26 }, // U+0204
    { 13, 22, 218, 1, 22 }, // U+0205
    { 15, 25, 260, 0, 25 }, // U+0206
    { 13, 20, 218, 1, 20 }, // U+0207
    { 12, 26, 167, -2, 26 }, // U+0208
    { 10, 23, 142, -1, 23 }, // U+0209
    { 9, 25, 167, 1, 25 }, // U+020A
    { 9, 20, 142, 0, 20 }, // U+020B
    { 18, 26, 312, 1, 26 }, // U+020C
    { 14, 22, 242, 1, 22 }, // U+020D
    { 18, 25, 312, 1, 25 }, // U+020E
    { 14, 20, 242, 1, 20 }, // U+020F
    { 19, 26, 284, 0, 26 }, // U+0210
    { 11, 22, 191, 1, 22 }, // U+0211
    { 19, 25, 284, 0, 25 }, // U+0212
    { 11, 20, 191, 1, 20 }, // U+0213
    { 21, 26, 322, 0, 26 }, // U+0214
    { 17, 23, 261, 0, 23 }, // U+0215
    { 21, 25, 322, 0, 25 }, // U+0216
    { 17, 20, 261, 0, 20 }, // U+0217
    { 13, 26, 234, 1, 19 }, // U+0218
    { 12, 21, 201, 1, 14 }, // U+0219
    { 16, 25, 287, 1, 18 }, // U+021A
    { 11, 25, 170, -1, 18 }, // U+021B
    { 13, 22, 239, 1, 19 }, // U+021C
    { 14, 20, 207, 0, 14 }, // U+021D
    { 21, 25, 344, 0, 25 }, // U+021E
    { 17, 27, 265, -1, 27 }, // U+021F
    { 5, 7, 0, -3, 22 }, // U+0300
    { 5, 7, 0, -2, 22 }, // U+0301
    { 9, 6, 0, -5, 22 }, // U+0302
    { 8, 4, 0, -4, 20 }, // U+0303
    { 9, 3, 0, -4, 19 }, // U+0304
    { 8, 5, 0, -4, 21 }, // U+0306
    { 5, 4, 0, -2, 20 }, // U+0307
    { 10, 4, 0, -4, 20 }, // U+0308
    { 8, 8, 0, -4, 23 }, // U+0309
    { 7, 7, 0, -3, 22 }, // U+030A
    { 8, 7, 0, -3, 22 }, // U+030B
    { 9, 6, 0, -4, 22 }, // U+030C
    { 8, 7, 0, -5, 22 }, // U+030F
    { 8, 6, 0, -4, 21 }, // U+0311
    { 5, 7, 0, -2, 22 }, // U+0312
    { 5, 7, 0, -2, 23 }, // U+0313
    { 5, 7, 0, -3, 23 }, // U+0314
    { 3, 7, 0, -1, 23 }, // U+0315
    { 4, 6, 0, -2, 17 }, // U+031B
    { 5, 4, 0, -2, -2 }, // U+0323
    { 10, 4, 0, -4, -2 }, // U+0324
    { 6, 6, 0, -3, -1 }, // U+0325
    { 5, 6, 0, -3, -1 }, // U+0326
    { 6, 6, 0, -3, -1 }, // U+0327
    { 6, 6, 0, -3, 0 }, // U+0328
    { 3, 6, 112, 2, -2 }, // U+0329
    { 9, 6, 0, -5, -1 }, // U+032D
    { 8, 5, 0, -4, -1 }, // U+032E
    { 8, 4, 0, -4, -2 }, // U+0330
    { 9, 3, 0, -4, -2 }, // U+0331
    { 8, 6, 0, -4, 21 }, // U+0342
    { 10, 11, 0, -4, 28 }, // U+0344
    { 5, 5, 0, -1, -1 }, // U+0345
    { 0, 0, 0, 0, 0 }, // U+034F
    { 15, 26, 260, 0, 26 }, // U+0400
    { 15, 24, 260, 0, 24 }, // U+0401
    { 20, 24, 344, 1, 18 }, // U+0402
    { 15, 26, 250, 0, 26 }, // U+0403
    { 15, 19, 274, 1, 19 }, // U+0404
    { 13, 19, 234, 1, 19 }, // U+0405
    { 10, 18, 167, 0, 18 }, // U+0406
    { 10, 24, 167, 1, 24 }, // U+0407
    { 12, 23, 157, -2, 18 }, // U+0408
    { 25, 18, 397, 0, 18 }, // U+0409
    { 26, 18, 424, 0, 18 }, // U+040A
    { 22, 18, 366, 1, 18 }, // U+040B
    { 19, 26, 305, 0, 26 }, // U+040C
    { 20, 26, 340, 0, 26 }, // U+040D
    { 19, 26, 289, 0, 26 }, // U+040E
    { 20, 24, 329, 0, 18 }, // U+040F
    { 20, 19, 309, -1, 19 }, // U+0410
    { 16, 18, 261, 0, 18 }, // U+0411
    { 16, 19, 260, 0, 19 }, // U+0412
    { 15, 18, 250, 0, 18 }, // U+0413
    { 19, 24, 317, 1, 18 }, // U+0414
    { 15, 18, 260, 0, 18 }, // U+0415
    { 28, 19, 444, 0, 19 }, // U+0416
    { 14, 19, 249, 1, 19 }, // U+0417
    { 20, 18, 340, 0, 18 }, // U+0418
    { 20, 25, 340, 0, 25 }, // U+0419
    { 19, 19, 305, 0, 19 }, // U+041A
    { 18, 18, 310, 1, 18 }, // U+041B
    { 24, 18, 380, 0, 18 }, // U+041C
    { 21, 18, 344, 0, 18 }, // U+041D
    { 18, 19, 312, 1, 19 }, // U+041E
    { 20, 18, 335, 0, 18 }, // U+041F
    { 15, 19, 250, 0, 19 }, // U+0420
    { 15, 19, 262, 1, 19 }, // U+0421
    { 16, 18, 287, 1, 18 }, // U+0422
    { 19, 18, 289, -1, 18 }, // U+0423
    { 20, 19, 323, 1, 19 }, // U+0424
    { 19, 18, 308, 0, 18 }, // U+0425
    { 21, 24, 334, 0, 18 }, // U+0426
    { 19, 18, 310, 0, 18 }, // U+0427
    { 27, 18, 445, 0, 18 }, // U+0428
    { 28, 24, 450, 0, 18 }, // U+0429
    { 19, 18, 314, 1, 18 }, // U+042A
    { 25, 18, 408, 0, 18 }, // U+042B
    { 16, 18, 261, 0, 18 }, // U+042C
    { 15, 19, 275, 1, 19 }, // U+042D
    { 27, 19, 443, 0, 19 }, // U+042E
    { 18, 18, 287, -1, 18 }, // U+042F
    { 14, 14, 227, 1, 14 }, // U+0430
    { 14, 21, 238, 1, 21 }, // U+0431
    { 15, 14, 232, 0, 14 }, // U+0432
    { 12, 14, 213, 1, 14 }, // U+0433
    { 17, 19, 270, 0, 14 }, // U+0434
    { 13, 14, 218, 1, 14 }, // U+0435
    { 23, 14, 360, 0, 14 }, // U+0436
    { 13, 14, 206, 0, 14 }, // U+0437
    { 18, 14, 278, 0, 14 }, // U+0438
    { 18, 20, 278, 0, 20 }, // U+0439
    { 16, 14, 256, 0, 14 }, // U+043A
    { 16, 14, 258, 1, 14 }, // U+043B
    { 19, 14, 314, 0, 14 }, // U+043C
    { 18, 14, 280, 0, 14 }, // U+043D
    { 14, 14, 242, 1, 14 }, // U+043E
    { 18, 14, 278, 0, 14 }, // U+043F
    { 16, 20, 250, -1, 14 }, // U+0440
    { 11, 14, 208, 1, 14 }, // U+0441
    { 14, 14, 246, 1, 14 }, // U+0442
    { 16, 20, 260, 1, 14 }, // U+0443
    { 18, 26, 313, 1, 20 }, // U+0444
    { 16, 14, 248, 0, 14 }, // U+0445
    { 18, 19, 281, 0, 14 }, // U+0446
    { 16, 14, 256, 1, 14 }, // U+0447
    { 23, 14, 367, 0, 14 }, // U+0448
    { 24, 19, 372, 0, 14 }, // U+0449
    { 17, 14, 267, 1, 14 }, // U+044A
    { 22, 14, 351, 0, 14 }, // U+044B
    { 15, 14, 220, 0, 14 }, // U+044C
    { 13, 14, 218, 1, 14 }, // U+044D
    { 22, 14, 355, 0, 14 }, // U+044E
    { 15, 14, 244, 0, 14 }, // U+044F
    { 13, 22, 218, 1, 22 }, // U+0450
    { 13, 21, 218, 1, 21 }, // U+0451
    { 16, 27, 257, 0, 21 }, // U+0452
    { 12, 23, 213, 1, 23 }, // U+0453
    { 12, 14, 214, 1, 14 }, // U+0454
    { 12, 14, 201, 1, 14 }, // U+0455
    { 9, 20, 142, -1, 20 }, // U+0456
    { 10, 20, 142, 1, 20 }, // U+0457
    { 9, 26, 127, -2, 20 }, // U+0458
    { 21, 14, 322, 0, 14 }, // U+0459
    { 23, 14, 349, 0, 14 }, // U+045A
    { 17, 20, 265, 0, 20 }, // U+045B
    { 16, 22, 256, 0, 22 }, // U+045C
    { 18, 23, 278, 0, 23 }, // U+045D
    { 16, 27, 260, 1, 21 }, // U+045E
    { 17, 19, 276, 0, 14 }, // U+045F
    { 18, 21, 303, 0, 21 }, // U+0462
    { 15, 19, 260, 0, 19 }, // U+0463
    { 18, 19, 312, 1, 19 }, // U+0472
    { 13, 14, 242, 1, 14 }, // U+0473
    { 20, 19, 314, -1, 19 }, // U+0474
    { 16, 14, 266, 1, 14 }, // U+0475
    { 21, 31, 340, 0, 25 }, // U+048A
    { 18, 25, 274, 0, 20 }, // U+048B
    { 15, 18, 261, 1, 18 }, // U+048C
    { 15, 19, 218, 0, 19 }, // U+048D
    { 15, 19, 250, 0, 19 }, // U+048E
    { 16, 20, 250, -1, 14 }, // U+048F
    { 14, 22, 231, 0, 22 }, // U+0490
    { 13, 17, 204, 0, 17 }, // U+0491
    { 15, 18, 248, 1, 18 }, // U+0492
    { 12, 14, 215, 1, 14 }, // U+0493
    { 17, 24, 290, 0, 18 }, // U+0494
    { 15, 20, 248, 1, 14 }, // U+0495
    { 28, 24, 444, 0, 19 }, // U+0496
    { 23, 19, 360, 0, 14 }, // U+0497
    { 15, 25, 249, 0, 19 }, // U+0498
    { 13, 19, 206, 1, 14 }, // U+0499
    { 19, 25, 306, 0, 19 }, // U+049A
    { 16, 19, 256, 0, 14 }, // U+049B
    { 20, 19, 322, 0, 19 }, // U+049C
    { 17, 14, 265, 0, 14 }, // U+049D
    { 20, 19, 305, 0, 19 }, // U+049E
    { 17, 19, 255, 0, 19 }, // U+049F
    { 22, 19, 350, 0, 19 }, // U+04A0
    { 18, 14, 304, 1, 14 }, // U+04A1
    { 21, 24, 348, 0, 18 }, // U+04A2
    { 18, 19, 286, 0, 14 }, // U+04A3
    { 24, 18, 396, 0, 18 }, // U+04A4
    { 19, 14, 328, 1, 14 }, // U+04A5
    { 27, 24, 446, 0, 18 }, // U+04A6
    { 24, 20, 376, 0, 14 }, // U+04A7
    { 20, 19, 341, 1, 19 }, // U+04A8
    { 16, 14, 279, 1, 14 }, // U+04A9
    { 15, 25, 262, 1, 19 }, // U+04AA
    { 11, 19, 208, 1, 14 }, // U+04AB
    { 16, 24, 287, 1, 18 }, // U+04AC
    { 14, 19, 246, 1, 14 }, // U+04AD
    { 18, 18, 289, 0, 18 }, // U+04AE
    { 17, 20, 261, 0, 14 }, // U+04AF
    { 19, 18, 289, 0, 18 }, // U+04B0
    { 17, 20, 261, 0, 14 }, // U+04B1
    { 20, 24, 313, 0, 18 }, // U+04B2
    { 16, 19, 252, 0, 14 }, // U+04B3
    { 23, 24, 370, 0, 18 }, // U+04B4
    { 20, 19, 322, 1, 14 }, // U+04B5
    { 19, 24, 314, 0, 18 }, // U+04B6
    { 17, 19, 262, 1, 14 }, // U+04B7
    { 19, 18, 310, 0, 18 }, // U+04B8
    { 16, 14, 261, 1, 14 }, // U+04B9
    { 19, 18, 311, 0, 18 }, // U+04BA
    { 17, 20, 265, -1, 20 }, // U+04BB
    { 20, 19, 339, 1, 19 }, // U+04BC
    { 17, 14, 267, 1, 14 }, // U+04BD
    { 20, 24, 339, 1, 19 }, // U+04BE
    { 17, 19, 267, 1, 14 }, // U+04BF
    { 10, 18, 167, 0, 18 }, // U+04C0
    { 29, 26, 444, -1, 26 }, // U+04C1
    { 23, 21, 360, 0, 21 }, // U+04C2
    { 17, 25, 296, 1, 19 }, // U+04C3
    { 15, 20, 250, 0, 14 }, // U+04C4
    { 18, 23, 310, 1, 18 }, // U+04C5
    { 15, 19, 259, 1, 14 }, // U+04C6
    { 21, 24, 338, 0, 18 }, // U+04C7
    { 17, 20, 278, 0, 14 }, // U+04C8
    { 21, 24, 344, 0, 18 }, // U+04C9
    { 18, 19, 281, 0, 14 }, // U+04CA
    { 19, 24, 310, 0, 18 }, // U+04CB
    { 16, 19, 256, 1, 14 }, // U+04CC
    { 24, 24, 386, 0, 18 }, // U+04CD
    { 19, 19, 315, 0, 14 }, // U+04CE
    { 10, 20, 167, 0, 20 }, // U+04CF
    { 20, 25, 309, 0, 25 }, // U+04D0
    { 14, 20, 227, 1, 20 }, // U+04D1
    { 20, 24, 309, 0, 24 }, // U+04D2
    { 14, 21, 227, 1, 21 }, // U+04D3
    { 24, 18, 393, 0, 18 }, // U+04D4
    { 20, 14, 332, 1, 14 }, // U+04D5
    { 15, 25, 260, 0, 25 }, // U+04D6
    { 13, 21, 218, 1, 21 }, // U+04D7
    { 16, 19, 280, 1, 19 }, // U+04D8
    { 12, 14, 218, 1, 14 }, // U+04D9
    { 16, 25, 280, 1, 25 }, // U+04DA
    { 12, 21, 218, 1, 21 }, // U+04DB
    { 29, 25, 444, -1, 25 }, // U+04DC
    { 23, 21, 360, 0, 21 }, // U+04DD
    { 15, 25, 249, 0, 25 }, // U+04DE
    { 12, 21, 206, 1, 21 }, // U+04DF
    { 14, 18, 233, 1, 18 }, // U+04E0
    { 14, 20, 216, 0, 14 }, // U+04E1
    { 20, 24, 340, 0, 24 }, // U+04E2
    { 18, 19, 278, 0, 19 }, // U+04E3
    { 20, 24, 340, 0, 24 }, // U+04E4
    { 18, 20, 278, 0, 20 }, // U+04E5
    { 18, 25, 312, 1, 25 }, // U+04E6
    { 14, 21, 242, 1, 21 }, // U+04E7
    { 18, 19, 312, 1, 19 }, // U+04E8
    { 13, 14, 242, 1, 14 }, // U+04E9
    { 18, 25, 312, 1, 25 }, // U+04EA
    { 13, 21, 242, 1, 21 }, // U+04EB
    { 16, 25, 275, 0, 25 }, // U+04EC
    { 13, 21, 218, 1, 21 }, // U+04ED
    { 19, 24, 289, -1, 24 }, // U+04EE
    { 16, 25, 260, 1, 19 }, // U+04EF
    { 19, 25, 289, -1, 25 }, // U+04F0
    { 16, 26, 260, 1, 20 }, // U+04F1
    { 19, 26, 289, -1, 26 }, // U+04F2
    { 16, 29, 260, 1, 23 }, // U+04F3
    { 19, 24, 310, 0, 24 }, // U+04F4
    { 16, 20, 256, 1, 20 }, // U+04F5
    { 15, 24, 250, 0, 18 }, // U+04F6
    { 12, 19, 213, 1, 14 }, // U+04F7
    { 25, 24, 408, 0, 24 }, // U+04F8
    { 22, 20, 351, 0, 20 }, // U+04F9
    { 14, 24, 248, 1, 18 }, // U+04FA
    { 12, 19, 213, 1, 14 }, // U+04FB
    { 19, 24, 300, -1, 18 }, // U+04FC
    { 17, 20, 245, -1, 14 }, // U+04FD
    { 20, 18, 308, -1, 18 }, // U+04FE
    { 16, 14, 248, 0, 14 }, // U+04FF
    { 20, 25, 309, -1, 19 }, // U+1EA0
    { 14, 20, 227, 1, 14 }, // U+1EA1
    { 20, 26, 309, 0, 26 }, // U+1EA2
    { 14, 23, 227, 1, 23 }, // U+1EA3
    { 20, 28, 309, -1, 28 }, // U+1EA4
    { 14, 27, 227, 1, 27 }, // U+1EA5
    { 20, 28, 309, -1, 28 }, // U+1EA6
    { 14, 27, 227, 1, 27 }, // U+1EA7
    { 20, 27, 309, -1, 27 }, // U+1EA8
    { 14, 26, 227, 1, 26 }, // U+1EA9
    { 19, 27, 309, 0, 27 }, // U+1EAA
    { 14, 26, 227, 1, 26 }, // U+1EAB
    { 20, 32, 309, -1, 26 }, // U+1EAC
    { 14, 28, 227, 1, 22 }, // U+1EAD
    { 20, 28, 309, -1, 28 }, // U+1EAE
    { 14, 26, 227, 1, 26 }, // U+1EAF
    { 20, 28, 309, -1, 28 }, // U+1EB0
    { 14, 26, 227, 1, 26 }, // U+1EB1
    { 20, 27, 309, -1, 27 }, // U+1EB2
    { 14, 26, 227, 1, 26 }, // U+1EB3
    { 19, 27, 309, 0, 27 }, // U+1EB4
    { 14, 25, 227, 1, 25 }, // U+1EB5
    { 20, 32, 309, -1, 26 }, // U+1EB6
    { 14, 27, 227, 1, 21 }, // U+1EB7
    { 15, 24, 260, 0, 18 }, // U+1EB8
    { 13, 20, 218, 1, 14 }, // U+1EB9
    { 15, 26, 260, 0, 26 }, // U+1EBA
    { 13, 23, 218, 1, 23 }, // U+1EBB
    { 15, 25, 260, 0, 25 }, // U+1EBC
    { 13, 20, 218, 1, 20 }, // U+1EBD
    { 16, 28, 260, 0, 28 }, // U+1EBE
    { 13, 27, 218, 1, 27 }, // U+1EBF
    { 15, 28, 260, 0, 28 }, // U+1EC0
    { 13, 27, 218, 1, 27 }, // U+1EC1
    { 15, 27, 260, 0, 27 }, // U+1EC2
    { 14, 26, 218, 1, 26 }, // U+1EC3
    { 15, 27, 260, 0, 27 }, // U+1EC4
    { 13, 26, 218, 1, 26 }, // U+1EC5
    { 15, 32, 260, 0, 26 }, // U+1EC6
    { 13, 28, 218, 1, 22 }, // U+1EC7
    { 9, 26, 167, 1, 26 }, // U+1EC8
    { 9, 23, 142, 0, 23 }, // U+1EC9
    { 10, 24, 167, 0, 18 }, // U+1ECA
    { 9, 26, 142, -1, 20 }, // U+1ECB
    { 18, 25, 312, 1, 19 }, // U+1ECC
    { 14, 20, 242, 1, 14 }, // U+1ECD
    { 18, 27, 312, 1, 27 }, // U+1ECE
    { 14, 23, 242, 1, 23 }, // U+1ECF
    { 18, 28, 312, 1, 28 }, // U+1ED0
    { 14, 27, 242, 1, 27 }, // U+1ED1
    { 18, 28, 312, 1, 28 }, // U+1ED2
    { 14, 27, 242, 1, 27 }, // U+1ED3
    { 18, 28, 312, 1, 28 }, // U+1ED4
    { 14, 26, 242, 1, 26 }, // U+1ED5
    { 18, 28, 312, 1, 28 }, // U+1ED6
    { 14, 26, 242, 1, 26 }, // U+1ED7
    { 18, 32, 312, 1, 26 }, // U+1ED8
    { 14, 28, 242, 1, 22 }, // U+1ED9
    { 19, 26, 312, 1, 26 }, // U+1EDA
    { 14, 23, 242, 1, 23 }, // U+1EDB
    { 19, 26, 312, 1, 26 }, // U+1EDC
    { 14, 23, 242, 1, 23 }, // U+1EDD
    { 19, 27, 312, 1, 27 }, // U+1EDE
    { 14, 23, 242, 1, 23 }, // U+1EDF
    { 19, 25, 312, 1, 25 }, // U+1EE0
    { 14, 20, 242, 1, 20 }, // U+1EE1
    { 19, 28, 312, 1, 22 }, // U+1EE2
    { 14, 23, 242, 1, 17 }, // U+1EE3
    { 21, 24, 322, 0, 18 }, // U+1EE4
    { 17, 20, 261, 0, 14 }, // U+1EE5
    { 21, 27, 322, 0, 27 }, // U+1EE6
    { 17, 23, 261, 0, 23 }, // U+1EE7
    { 22, 26, 322, 0, 26 }, // U+1EE8
    { 16, 23, 261, 1, 23 }, // U+1EE9
    { 22, 26, 322, 0, 26 }, // U+1EEA
    { 16, 23, 261, 1, 23 }, // U+1EEB
    { 22, 27, 322, 0, 27 }, // U+1EEC
    { 16, 23, 261, 1, 23 }, // U+1EED
    { 22, 25, 322, 0, 25 }, // U+1EEE
    { 16, 20, 261, 1, 20 }, // U+1EEF
    { 22, 28, 322, 0, 22 }, // U+1EF0
    { 16, 23, 261, 1, 17 }, // U+1EF1
    { 18, 26, 289, 0, 26 }, // U+1EF2
    { 16, 29, 260, 1, 23 }, // U+1EF3
    { 19, 24, 289, 0, 18 }, // U+1EF4
    { 16, 20, 260, 1, 14 }, // U+1EF5
    { 19, 26, 289, -1, 26 }, // U+1EF6
    { 17, 29, 260, 0, 23 }, // U+1EF7
    { 19, 25, 289, 0, 25 }, // U+1EF8
    { 16, 26, 260, 1, 20 }, // U+1EF9
    { 0, 0, 200, 0, 0 }, // U+2000
    { 0, 0, 400, 0, 0 }, // U+2001
    { 0, 0, 200, 0, 0 }, // U+2002
    { 0, 0, 400, 0, 0 }, // U+2003
    { 0, 0, 133, 0, 0 }, // U+2004
    { 0, 0, 100, 0, 0 }, // U+2005
    { 0, 0, 66, 0, 0 }, // U+2006
    { 0, 0, 249, 0, 0 }, // U+2007
    { 0, 0, 116, 0, 0 }, // U+2008
    { 0, 0, 80, 0, 0 }, // U+2009
    { 0, 0, 20, 0, 0 }, // U+200A
    { 0, 0, 0, 0, 0 }, // U+200B
    { 0, 0, 0, 0, 0 }, // U+200C
    { 0, 0, 0, 0, 0 }, // U+200D
    { 0, 0, 0, 0, 0 }, // U+200E
    { 0, 0, 0, 0, 0 }, // U+200F
    { 8, 3, 152, 1, 8 }, // U+2010
    { 8, 3, 152, 1, 8 }, // U+2011
    { 12, 3, 249, 2, 10 }, // U+2012
    { 13, 3, 200, 0, 8 }, // U+2013
    { 25, 3, 400, 0, 8 }, // U+2014
    { 25, 3, 400, 0, 8 }, // U+2015
    { 8, 26, 200, 2, 20 }, // U+2016
    { 13, 7, 200, 0, -1 }, // U+2017
    { 5, 8, 98, 1, 19 }, // U+2018
    { 5, 8, 98, 0, 19 }, // U+2019
    { 5, 8, 98, 0, 3 }, // U+201A
    { 5, 8, 98, 1, 19 }, // U+201B
    { 10, 8, 178, 1, 19 }, // U+201C
    { 10, 8, 178, 0, 19 }, // U+201D
    { 10, 8, 178, 0, 3 }, // U+201E
    { 10, 8, 178, 1, 19 }, // U+201F
    { 11, 18, 198, 1, 19 }, // U+2020
    { 11, 21, 199, 1, 19 }, // U+2021
    { 6, 6, 120, 1, 10 }, // U+2022
    { 8, 10, 249, 4, 14 }, // U+2023
    { 5, 4, 116, 1, 4 }, // U+2024
    { 11, 4, 200, 1, 4 }, // U+2025
    { 22, 4, 400, 2, 4 }, // U+2026
    { 5, 4, 116, 1, 9 }, // U+2027
    { 0, 0, 0, 0, 0 }, // U+2028
    { 0, 0, 0, 0, 0 }, // U+2029
    { 0, 0, 0, 0, 0 }, // U+202A
    { 0, 0, 0, 0, 0 }, // U+202B
    { 0, 0, 0, 0, 0 }, // U+202C
    { 0, 0, 0, 0, 0 }, // U+202D
    { 0, 0, 0, 0, 0 }, // U+202E
    { 0, 0, 43, 0, 0 }, // U+202F
    { 33, 21, 555, 1, 20 }, // U+2030
    { 6, 10, 109, 1, 19 }, // U+2032
    { 11, 10, 196, 1, 19 }, // U+2033
    { 17, 10, 284, 1, 19 }, // U+2034
    { 6, 10, 109, 1, 19 }, // U+2035
    { 11, 10, 204, 1, 19 }, // U+2036
    { 17, 10, 292, 1, 19 }, // U+2037
    { 11, 6, 200, 1, 1 }, // U+2038
    { 7, 10, 134, 1, 12 }, // U+2039
    { 7, 10, 134, 1, 12 }, // U+203A
    { 15, 18, 249, 0, 17 }, // U+203B
    { 12, 20, 232, 2, 20 }, // U+203C
    { 13, 3, 200, 0, 22 }, // U+203E
    { 6, 3, 120, 1, 8 }, // U+2043
    { 14, 22, 73, -5, 20 }, // U+2044
    { 21, 19, 375, 1, 19 }, // U+2047
    { 18, 20, 308, 1, 20 }, // U+2048
    { 17, 20, 308, 2, 20 }, // U+2049
    { 15, 6, 400, 5, 10 }, // U+2053
    { 22, 10, 371, 1, 19 }, // U+2057
    { 0, 0, 89, 0, 0 }, // U+205F
    { 0, 0, 0, 0, 0 }, // U+2060
    { 0, 0, 0, 0, 0 }, // U+2061
    { 0, 0, 0, 0, 0 }, // U+2062
    { 0, 0, 0, 0, 0 }, // U+2063
    { 0, 0, 0, 0, 0 }, // U+2064
    { 0, 0, 0, 0, 0 }, // U+2065
    { 0, 0, 0, 0, 0 }, // U+206A
    { 0, 0, 0, 0, 0 }, // U+206B
    { 0, 0, 0, 0, 0 }, // U+206C
    { 0, 0, 0, 0, 0 }, // U+206D
    { 0, 0, 0, 0, 0 }, // U+206E
    { 0, 0, 0, 0, 0 }, // U+206F
    { 11, 11, 179, 1, 20 }, // U+2070
    { 11, 12, 179, 0, 21 }, // U+2074
    { 9, 11, 179, 2, 20 }, // U+2075
    { 10, 11, 179, 1, 20 }, // U+2076
    { 9, 11, 179, 2, 20 }, // U+2077
    { 9, 11, 179, 1, 20 }, // U+2078
    { 9, 11, 179, 1, 20 }, // U+2079
    { 12, 8, 226, 1, 17 }, // U+207F
    { 11, 11, 179, 1, 8 }, // U+2080
    { 9, 12, 179, 1, 9 }, // U+2081
    { 10, 11, 179, 0, 8 }, // U+2082
    { 10, 11, 179, 1, 8 }, // U+2083
    { 11, 12, 179, 0, 9 }, // U+2084
    { 9, 11, 179, 2, 8 }, // U+2085
    { 10, 11, 179, 1, 8 }, // U+2086
    { 9, 11, 179, 2, 8 }, // U+2087
    { 9, 11, 179, 1, 8 }, // U+2088
    { 9, 11, 179, 1, 8 }, // U+2089
    { 14, 18, 249, 0, 18 }, // U+20A3
    { 14, 18, 249, 1, 18 }, // U+20A4
    { 33, 18, 544, 0, 18 }, // U+20A7
    { 17, 18, 249, -1, 18 }, // U+20AC
    { 17, 13, 400, 4, 15 }, // U+2190
    { 13, 16, 400, 6, 17 }, // U+2191
    { 17, 13, 400, 4, 15 }, // U+2192
    { 13, 16, 400, 6, 17 }, // U+2193
    { 16, 11, 400, 4, 14 }, // U+2194
    { 11, 17, 400, 7, 17 }, // U+2195
    { 13, 18, 400, 6, 18 }, // U+21A8
    { 11, 18, 400, 7, 18 }, // U+21B2
    { 11, 18, 400, 7, 18 }, // U+21B3
    { 15, 14, 400, 5, 16 }, // U+21B5
    { 17, 14, 400, 4, 16 }, // U+21D0
    { 14, 17, 400, 6, 17 }, // U+21D1
    { 17, 14, 400, 4, 16 }, // U+21D2
    { 14, 17, 400, 6, 17 }, // U+21D3
    { 16, 13, 400, 4, 15 }, // U+21D4
    { 18, 19, 400, 3, 18 }, // U+2200
    { 13, 21, 249, 1, 20 }, // U+2202
    { 12, 17, 400, 6, 17 }, // U+2203
    { 19, 21, 400, 3, 19 }, // U+2205
    { 16, 18, 273, 0, 18 }, // U+2206
    { 16, 19, 400, 5, 18 }, // U+2207
    { 17, 17, 400, 4, 17 }, // U+2208
    { 17, 22, 400, 4, 19 }, // U+2209
    { 17, 15, 400, 4, 16 }, // U+220A
    { 17, 17, 400, 4, 17 }, // U+220B
    { 17, 22, 400, 4, 19 }, // U+220C
    { 17, 15, 400, 4, 16 }, // U+220D
    { 21, 22, 335, 0, 18 }, // U+220F
    { 16, 23, 266, 0, 18 }, // U+2211
    { 12, 3, 249, 2, 10 }, // U+2212
    { 13, 20, 211, 0, 18 }, // U+2215
    { 13, 20, 211, 0, 18 }, // U+2216
    { 12, 12, 249, 2, 14 }, // U+2217
    { 10, 9, 249, 3, 13 }, // U+2218
    { 5, 4, 249, 5, 9 }, // U+2219
    { 17, 23, 249, -1, 20 }, // U+221A
    { 13, 10, 249, 1, 13 }, // U+221D
    { 16, 10, 249, 0, 13 }, // U+221E
    { 17, 18, 400, 4, 18 }, // U+221F
    { 19, 18, 400, 3, 18 }, // U+2220
    { 4, 25, 200, 4, 19 }, // U+2223
    { 9, 25, 200, 2, 19 }, // U+2225
    { 18, 18, 400, 4, 18 }, // U+2227
    { 18, 18, 400, 4, 18 }, // U+2228
    { 15, 18, 400, 5, 18 }, // U+2229
    { 15, 18, 400, 5, 18 }, // U+222A
    { 14, 26, 249, 1, 20 }, // U+222B
    { 16, 14, 400, 4, 14 }, // U+2234
    { 16, 14, 400, 4, 14 }, // U+2235
    { 5, 13, 125, 1, 15 }, // U+2236
    { 17, 14, 400, 4, 14 }, // U+2237
    { 15, 6, 400, 5, 10 }, // U+223C
    { 16, 15, 400, 4, 16 }, // U+2245
    { 13, 11, 249, 1, 14 }, // U+2248
    { 15, 10, 400, 5, 12 }, // U+224D
    { 12, 13, 249, 2, 15 }, // U+2260
    { 14, 13, 400, 5, 14 }, // U+2261
    { 12, 15, 249, 1, 15 }, // U+2264
    { 12, 16, 249, 2, 16 }, // U+2265
    { 21, 13, 400, 2, 15 }, // U+226A
    { 21, 13, 400, 2, 15 }, // U+226B
    { 17, 15, 400, 4, 16 }, // U+2283
    { 17, 23, 400, 4, 20 }, // U+2284
    { 17, 23, 400, 4, 20 }, // U+2285
    { 17, 17, 400, 4, 17 }, // U+2286
    { 17, 17, 400, 4, 17 }, // U+2287
    { 20, 19, 400, 2, 18 }, // U+2295
    { 19, 19, 400, 3, 18 }, // U+2296
    { 19, 19, 400, 3, 18 }, // U+2297
    { 19, 19, 400, 3, 18 }, // U+2298
    { 15, 18, 400, 5, 18 }, // U+22A5
    { 5, 4, 249, 5, 9 }, // U+22C5
    { 22, 4, 400, 2, 9 }, // U+22EF
    { 22, 20, 310, 0, 20 }, // U+FB00
    { 18, 20, 280, 0, 20 }, // U+FB01
    { 18, 20, 281, 0, 20 }, // U+FB02
    { 26, 20, 416, 0, 20 }, // U+FB03
    { 26, 20, 418, 0, 20 }, // U+FB04
    { 20, 20, 317, 0, 20 }, // U+FB05
    { 22, 20, 371, 1, 20 }, // U+FB06
    { 25, 24, 400, 0, 21 }, // U+FFFD
};


static const EpdFontGroup bookerly_12_boldGroups[] = {
    { 0, 2867, 6271, 100, 3141, 0 },
    { 2867, 1745, 4011, 53, 2870, 100 },
    { 4612, 1203, 3991, 43, 2665, 153 },
    { 5815, 3955, 12523, 128, 759, 196 },
    { 9770, 1342, 4082, 31, 2555, 324 },
    { 11112, 1626, 4088, 35, 3792, 355 },
    { 12738, 1022, 2774, 28, 1646, 390 },
    { 13760, 273, 410, 34, 292, 418 },
    { 14033, 8397, 20548, 220, 3827, 452 },
    { 22430, 2729, 10363, 90, 3824, 672 },
    { 25159, 829, 1599, 81, 952, 762 },
    { 25988, 265, 594, 18, 360, 843 },
    { 26253, 228, 396, 4, 249, 861 },
    { 26481, 444, 917, 15, 455, 865 },
    { 26925, 1605, 4065, 58, 2723, 880 },
    { 28530, 314, 820, 7, 592, 938 },
    { 28844, 109, 168, 1, 29, 945 },
};







static const int8_t bookerly_12_boldKernSparseValues[] = {
     -20,  -16,   16,  -16,  -16,  -20,  -12,   24,   -8,   -8,   20,   12,   12,  -12,   -8,   -8,
      -8,   12,   12,   -8,   -8,   -8,   -8,   -8,   -8,   -8,   20,  -12,   24,   -8,   -8,   12,
      12,   20,   12,   12,  -32,    8,   12,    8,   -8,  -12,  -54,   -8,   -8,   -8,   -8,   -8,
      -8,  -12,  -12,  -28,  -32,   12,   -8,    8,    8,  -54,   12,  -16,   12,  -32,  -16,  -52,
     -36,   -6,   -4,   -6,  -12,  -16,  -36,  -36,  -16,   -6,   -6,   -6,   -6,   -6,   -6,   -8,
      -4,  -32,  -16,   12,  -16,   12,   -8,  -40,   -6,   -6,  -20,  -28,    8,  -28,  -28,  -52,
     -36,  -28,  -16,  -28,  -32,  -16,  -12,   -8,   -8,  -20,   -8,  -20,   -6,   -6,  -12,  -12,
      -8,   -8,  -12,   -8,   -8,    8,   -8,   -8,   -6,   -6,  -20,  -20,  -12,   -6,  -40,  -16,
     -12,   -8,  -40,  -36,  -16,  -36,  -20,  -20,  -36,  -12,   -8,  -16,   -8,  -16,  -56,  -16,
     -40,  -40,  -36,    8,    8,  -36,  -36,  -40,  -40,  -36,  -36,  -36,  -36,  -20,  -36,  -36,
     -16,  -36,  -12,  -28,  -16,  -12,  -16,  -40,  -16,  -16,  -40,   -8,  -42,  -36,  -20,  -12,
     -26,  -20,  -12,   -8,  -16,  -12,  -36,  -36,    8,   -8,   -8,  -56,  -12,   -8,   -6,   -6,
      -6,   -6,   -8,   -8,  -20,  -36,  -12,    8,  -22,   10,   -6,  -42,  -24,  -46,    4,  -41,
       4,  -40,   -6,   -6,   -8,  -34,    8,  -34,  -12,   12,  -44,  -32,   -8,   -8,  -12,   -6,
     -10,   -6,  -12,  -16,    6,    4,  -10,    6,    6,    6,    6,    6,    6,   -8,   -8,  -10,
      -6,   -6,   -6,   -6,   -5,   -5,   -5,  -10,   -6,   -6,   -6,   -6,   -6,   -6,   -6,   -6,
      -6,   -6,   -6,   -6,   -6,   -6,  -12,  -20,  -20,  -16,  -11,   -6,   -8,   -4,   -6,   -8,
     -14,  -10,   -5,  -12,   -4,   12,  -28,   -8,   -4,   -4,    8,   16,  -28,  -28,  -34,  -35,
      -8,  -12,    4,   -8,  -16,    4,  -12,   -8,  -46,  -12,  -12,   -8,   16,   16,   -8,   -8,
       4,  -12,  -12,   -8,   -8,   -8,  -16,    4,   16,    4,  -12,  -12,   -8,  -16,    8,    8,
      -8,   -8,   -8,   -5,   -4,   -4,   -8,   -5,   -5,   -6,   -6,   -5,   -4,   -4,   -8,   -6,
      -6,    8,    8,   -6,   -6,   -6,   -6,   -6,  -16,   -8,  -16,  -16,  -12,  -12,  -16,   -6,
     -12,    4,   -8,   -8,    4,    6,   -7,   -4,   -6,   -8,   -6,   -6,  -20,   -6,  -12,  -12,
      -8,   12,   12,   -8,   -8,    4,  -12,  -12,   -8,   -8,   -8,   -8,    4,    4,   -7,   -7,
      -6,   -8,  -12,    7,  -16,    8,    4,   -6,    4,   -9,    4,   -4,   -5,  -12,  -14,  -24,
       4,  -24,    4,  -16,   -6,   -6,   -9,   12,   12,   -9,   -9,    4,   -6,   -6,   -9,   -9,
      -9,    4,   12,    4,   -5,   -5,   -8,  -16,   12,  -22,  -10,  -32,    8,  -32,  -44,  -20,
     -20,  -20,  -12,   -4,  -10,   -6,  -12,   12,   -8,   -4,   -6,   -6,   -4,    8,    8,    8,
      -8,   16,  -14,   -8,  -14,  -12,   -6,    8,    6,   -9,    8,   -6,  -12,    8,  -10,   -6,
      -4,   -6,   -4,  -16,   -6,   -9,   -9,   -6,   24,   24,   -6,   -6,    8,   -9,   -9,   -6,
      -6,   -6,  -12,    8,   24,    8,  -10,  -10,   -4,  -12,  -12,    8,   23,  -40,  -40,  -39,
     -44,   -4,   -6,    4,   -4,   -6,   -6,  -11,   12,   -7,    8,    8,    9,    9,  -54,   -6,
      -6,   -6,    8,    8,   -6,   -6,   -6,   -6,   -6,   -6,   -6,  -11,    8,   -7,   -7,  -11,
       8,   12,    4,   -8,  -20,  -16,   12,  -11,   -6,   28,   -4,   -6,   -8,  -14,  -10,   -5,
     -12,   20,    2,   36,   12,   12,   24,  -28,   -8,    2,   36,   16,    8,  -12,  -12,  -12,
      12,  -12,    8,  -24,  -16,  -26,   12,  -30,   -6,   -8,   -8,  -12,    8,  -12,   12,  -12,
      -8,  -24,  -16,   -8,   -8,   -8,  -10,   -6,   -5,   -6,  -16,   -8,   -4,   -8,  -12,  -16,
     -16,   -8,  -40,   -8,  -40,  -50,   -8,   -8,  -48,  -12,  -10,   -6,   -4,  -22,  -24,  -25,
     -28,   -8,  -12,   -8,  -40,  -12,  -22,  -22,  -24,   12,   12,  -24,  -24,  -22,  -22,  -24,
     -24,  -24,  -25,  -28,  -28,   -8,   -8,  -25,   -8,    8,    8,  -16,  -16,  -23,  -26,   -6,
      -6,   -6,   -6,   -8,    4,   -6,  -16,    4,  -10,   -8,   -9,   -8,   -8,   -8,  -28,   -6,
     -12,   -8,   -8,   -6,   14,   14,   -6,   -6,    4,   -8,   -8,   -6,   -6,   -6,  -16,    4,
       8,    4,  -10,  -10,   -8,  -16,   12,  -52,  -20,  -52,  -54,   -8,   -8,  -56,  -20,  -14,
     -14,    4,    8,  -30,   12,  -30,   -8,  -34,   12,  -12,   -8,  -28,  -10,  -12,   -9,  -12,
     -12,   12,  -16,  -12,  -56,  -20,  -52,  -46,  -30,   24,   24,  -30,  -30,   12,  -46,  -52,
     -30,  -30,  -30,  -56,   12,   24,   12,  -12,  -28,  -28,  -12,  -34,  -24,    8,   12,   -8,
       4,  -14,    6,    4,    8,   -4,    8,   -8,  -14,    8,  -14,   12,   -6,   -4,   16,   16,
      -4,   -4,    8,   -4,   -4,   -4,    8,   20,    8,    8,  -36,  -20,  -36,  -42,  -12,  -12,
     -44,  -24,   -6,  -18,    4,    8,  -32,    8,  -32,   -6,  -38,    8,  -20,  -16,  -30,   -4,
     -13,  -12,  -20,  -12,  -20,    8,  -20,  -16,  -40,  -24,  -32,  -48,  -32,   24,   24,  -32,
     -32,    8,  -44,  -44,  -32,  -32,  -32,  -38,    8,   16,    8,  -20,  -30,  -30,  -20,  -16,
     -38,   -8,  -16,    8,   -4,   -4,    8,    8,   12,   16,   18,   20,   12,   12,   18,   16,
      20,   12,   18,   20,   20,  -12,  -32,  -20,  -40,  -32,   -8,    8,   -8,  -12,  -12,  -12,
     -12,   -8,   -8,   -8,   -8,   -8,   -8,    8,    8,  -32,  -12,  -16,  -40,   -8,  -12,  -12,
     -12,  -12,  -40,  -32,  -26,  -12,  -16,  -10,  -40,   -4,   -6,  -16,  -16,   -5,  -16,  -12,
     -12,   -8,  -12,  -12,  -16,   -6,  -24,   -4,   -4,    4,   -8,  -10,   -8,   -4,   -4,   10,
     -16,   -8,  -24,   -4,   -6,   -4,   -4,   -4,   -4,   -4,   -4,   -4,   -6,   -6,    8,   -8,
       4,   -8,   -8,   -8,  -16,   -4,   -8,   -8,   -4,   -4,   -4,   -4,   12,   -8,   41,   40,
      40,  -12,  -12,  -12,   24,   40,   34,   -5,   -6,   -8,    8,   20,   -7,    4,    4,   40,
       9,   15,   10,   44,   86,   50,   -4,   -6,    7,    3,   -2,   -8,   -2,   42,   40,   12,
       1,    3,   18,   -8,   32,   36,   12,    8,  -12,   -8,  -10,   -4,    8,    6,   10,    4,
       4,   -8,   -8,  -10,  -10,  -10,   -8,   -8,  -10,  -10,  -10,   -4,    8,   16,   16,   16,
     -16,   -6,  -36,   -4,   -4,  -23,  -23,   -8,  -20,  -12,    6,   -8,   -8,    6,    6,   -8,
      -8,   -8,   -4,   -8,   -8,   -8,   -6,   -8,   -8,   -8,  -10,   -8,   -6,  -12,    4,  -12,
      -8,   -8,  -10,  -10,   -6,   -8,   -8,  -10,  -10,  -10,   -8,   -6,   -6,   -8,  -12,   -7,
      -7,  -12,   -8,   -6,  -20,   28,    5,   -6,   12,   28,  -12,    8,  -28,   -8,  -28,  -24,
      -8,  -14,   -8,   -8,  -12,   -8,  -10,    6,  -14,  -14,   -8,   -8,   -8,   -8,  -14,  -14,
      -8,   -8,   -8,  -12,   -8,   -8,  -10,  -10,  -12,   12,   12,   -6,   -6,   -8,   -6,  -12,
      -6,   -6,   -6,   -6,   -6,   -6,   -6,   -6,   -6,   -6,   -6,   -8,  -12,    8,   -4,   -4,
       6,    8,   -6,  -16,    4,  -14,    8,  -14,    4,    4,   -8,   -6,   12,  -36,   -6,  -36,
     -22,  -12,  -10,  -12,    6,  -18,  -10,    4,    8,    4,    8,  -14,    8,    5,  -12,  -12,
     -12,    4,  -12,  -12,  -10,  -12,  -12,  -12,  -12,  -12,  -18,  -10,   16,  -10,    4,  -14,
     -14,  -18,   16,   16,    8,  -10,   -4,    6,   -4,    8,    4,  -10,  -10,  -10,  -10,  -10,
     -10,   -4,   -4,   -4,   -4,   12,   16,  -12,   -4,   -4,   -4,   28,   12,    8,   22,    8,
       8,   12,   12,   22,    8,   28,    8,   12,   22,    8,   12,    8,    8,   16,  -12,   -8,
      16,   16,   16,  -12,   -8,   -8,   -8,  -12,  -16,  -12,   -8,   -4,   -8,  -12,  -16,   -8,
      -8,  -12,   -8,  -12,  -16,  -20,  -20,   -8,  -12,   -8,  -12,  -12,  -12,  -12,  -16,  -20,
     -20,   -8,  -10,   12,  -16,  -12,  -28,  -24,  -12,  -12,  -12,   -8,  -12,   12,   -8,  -16,
      -8,   -8,  -12,  -12,  -16,  -12,  -10,  -12,  -12,  -12,  -12,  -12,  -12,  -12,  -12,  -12,
     -12,  -12,  -12,  -12,  -12,   -8,  -16,  -16,  -12,   -8,  -16,  -10,   12,  -12,  -12,  -12,
     -12,  -12,  -16,   12,  -16,  -24,  -16,  -12,  -12,  -20,  -20,  -16,  -11,   -6,   -8,   -4,
      -6,   -8,  -10,  -10,   -5,  -12,   -4,   12,  -28,   -8,   -4,   -4,  -12,  -32,  -32,  -44,
      -8,  -32,  -18,  -16,  -20,  -10,  -12,  -14,  -28,  -28,  -30,  -24,  -12,   -6,   -7,  -12,
      -7,   -6,   -5,  -44,   -6,   -6,   -7,   -6,   -6,  -12,   -7,   -7,   -6,   -6,  -12,  -16,
      -8,   -8,   -8,  -12,   -8,   -8,   -8,  -16,  -16,   -8,  -16,  -12,   12,   12,    8,   12,
      22,   22,   12,   20,   20,   22,   22,   22,    8,   12,  -20,  -36,  -12,    8,  -22,   10,
      -6,    8,  -42,  -24,  -46,    4,  -41,    4,  -40,   -6,   16,   -6,   -8,  -34,    8,  -34,
     -12,   12,   16,  -44,  -32,  -16,  -10,  -40,   -4,   36,   -6,  -16,  -16,   -5,   36,  -16,
     -12,   36,   28,   20,   24,   24,   44,   16,   44,   20,   20,    4,    8,    4,   12,    8,
      12,   32,   16,   20,   44,   44,   36,   44,   16,   12,   14,   24,   32,   -8,    4,   -8,
      -4,    8,    8,   -8,  -16,   -4,   16,   -8,   -8,   -4,   -4,   -4,   -4,   16,   12,   -8,
       6,   38,   -8,   -8,    6,   38,    6,   -8,   20,   -8,   20,   20,   -8,   20,   20,   -8,
     -12,    8,   12,   12,   12,   16,   16,    8,    9,    8,    9,   12,   12,  -12,   -8,  -12,
      24,   -4,   -4,    6,    8,    8,   -6,  -16,    4,   32,  -14,    8,  -14,    4,   32,    4,
      -8,   -6,   16,  -16,  -11,    4,   12,   12,   16,    4,   12,    4,   12,    8,   20,   -4,
      20,   12,   12,  -28,   20,   -4,   20,   20,   -4,   12,   12,   16,  -12,  -12,  -16,   12,
       8,   12,    8,   12,   12,    8,   16,    8,   16,   12,   12,   12,    8,   24,   16,   20,
      12,  -16,  -16,  -23,  -26,    4,   -6,   -6,    4,   12,   12,   16,   16,   12,   -8,   20,
      -6,  -16,   20,  -10,   -8,   16,   -8,  -28,   -6,   -8,   -8,   -6,   26,   26,   -6,   -6,
      20,   -8,   -8,   -6,   -6,   -6,  -16,   20,   20,  -10,  -10,   -8,  -16,   12,   16,    8,
       8,    8,    8,    8,   12,   12,    8,  -12,   -8,  -10,   20,    8,    6,   10,    4,    4,
      -8,   -8,  -10,  -10,  -10,   -8,   -8,  -10,  -10,  -10,   20,    8,   16,   16,   16,   -6,
      -6,   -6,   -6,   -6,   -6,   -6,  -20,    8,    8,    8,    8,    8,    8,    8,   -4,  -12,
       8,  -16,  -40,  -20,  -20,   -8,  -24,  -12,  -12,  -12,  -28,  -24,  -12,  -12,  -12,   -8,
     -10,   -4,  -12,   -8,   -8,   -8,  -10,   -8,   -5,   -8,  -16,  -12,   -8,   -4,   -8,   -8,
      -6,  -12,   -8,   -8,   -6,  -16,   -6,  -12,   -4,  -12,    8,   -4,  -20,  -24,   -4,  -16,
      -8,  -16,  -16,  -12,  -12,   -6,  -16,  -16,  -12,   -4,  -12,   -8,   -8,   -8,   -8,   -8,
      -4,   -8,   -8,   -6,   -8,   -8,  -12,    4,   -7,   12,    6,   -6,  -16,  -16,  -20,   -6,
     -20,    8,  -26,   -4,  -28,  -12,  -28,  -12,  -12,   -4,  -40,  -12,    8,    8,   -4,   -8,
       8,  -10,   -8,  -16,  -10,   -8,   -8,  -16,  -28,  -36,   -8,  -16,  -16,   -8,  -36,  -56,
     -30,   -8,  -24,  -16,  -48,   -8,   -4,  -16,  -34,  -28,  -34,  -36,  -38,  -28,  -18,  -34,
     -20,  -20,   -8,  -12,  -16,  -20,  -12,    6,  -12,  -30,    5,  -16,  -12,  -12,  -24,  -20,
       4,  -24,   -5,  -20,  -12,  -12,  -30,  -36,  -12,   -8,  -20,   -8,  -50,  -20,  -50,  -38,
     -32,  -20,  -30,  -18,  -36,    8,  -68,  -40,   -8,  -18,  -20,  -28,   -8,  -32,  -40,   -4,
     -32,  -48,  -44,  -32,  -36,  -40,  -12,  -20,  -16,  -24,  -20,  -36,  -60,    8,  -32,   24,
     -16,    6,    8,   16,  -12,  -44,  -68,   -8,  -32,  -16,    8,  -20,  -36,  -12,    8,  -22,
     -40,  -12,  -42,   -6,    4,  -20,   10,    8,    6,  -20,    4,  -50,   -8,    6,   12,  -20,
     -16,    8,  -28,  -16,  -46,  -36,  -36,  -20,   12,  -16,  -44,  -32,  -12,   -8,  -12,   -8,
      -8,   -8,   -8,   -8,  -14,   -8,   -8,  -16,   -6,   -4,  -12,   -8,   -8,  -12,   -6,  -10,
       8,   -8,    6,   -4,    4,  -10,   -8,  -10,  -40,   -8,  -40,  -50,   -8,   -8,  -12,   -8,
     -12,   -6,  -32,  -48,  -32,   -8,  -10,  -12,  -20,  -22,  -36,  -24,   -8,  -32,   -8,  -32,
     -28,   12,   -8,  -36,  -40,   -8,    8,    8,   -8,   -6,   16,    6,  -16,    6,   -6,  -12,
     -12,   16,  -20,  -24,  -10,   -4,    8,   -8,  -13,   12,   -8,   -6,    8,   -6,   -8,   -8,
     -12,  -12,   -6,   -8,  -12,  -20,  -20,  -16,  -12,   -6,   -8,  -12,   -8,  -11,  -20,  -20,
      -8,   -4,  -14,  -12,  -12,  -16,  -16,  -16,   -8,  -10,  -28,    8,   23,  -40,  -40,  -39,
      -6,    4,  -22,  -44,  -32,  -12,   -6,   -4,  -10,   -6,  -24,   -6,   -8,   12,  -20,   -7,
       8,   12,   12,  -54,   12,    8,   12,   -8,  -10,  -12,   -8,   -6,   -6,   -5,   -6,   -5,
      -5,  -20,    8,  -20,  -24,  -12,   -4,  -20,  -16,  -30,  -36,  -30,  -12,  -12,  -24,  -12,
      -8,  -24,  -16,  -12,   -8,  -14,  -12,  -28,   12,   -8,  -14,    4,    4,    8,    6,  -24,
      12,   12,   -4,   12,  -24,  -14,    8,  -24,    8,   16,  -14,  -28,  -24,   12,   -4,  -14,
     -16,  -10,  -40,    8,   -8,  -16,  -16,  -16,  -12,  -16,  -16,  -12,  -12,   -8,  -12,  -12,
     -16,   -6,  -24,   -4,   -8,  -12,   -5,   -8,   -8,  -10,   -5,  -10,   -8,   -8,  -16,   -8,
      -4,   -4,   -8,  -10,   -6,   -8,  -10,   -4,  -10,  -20,  -20,  -16,   -6,    4,  -20,   -4,
     -20,    8,  -16,   -4,   -4,    8,    4,    4,   -8,   -4,   16,   12,  -12,   12,   -8,  -16,
      -4,   -4,   -8,   -8,   -8,   -8,  -12,  -11,   -6,  -14,   -4,   -4,   -8,   -4,   -8,  -24,
      -8,   -8,   -8,  -20,   -8,   -6,   -6,   -6,   -6,   -6,   -8,   -4,   -4,   -4,   -5,   -4,
     -12,   -4,  -24,   -4,   -4,   -8,   -4,   -4,    8,   12,  -36,   -6,  -36,  -22,  -12,  -24,
     -12,   -4,   -4,  -24,    4,    8,    4,    4,    8,   -4,  -22,   -6,  -12,    8,   16,    4,
       4,   16,   16,    8,    4,    4,   -4,  -10,    8,    6,    4,   -4,    6,   -8,    6,   12,
      16,  -12,  -48,   -4,   -4,   -4,   -8,  -20,  -28,   -8,  -28,   -8,  -28,   -8,   -4,  -28,
     -12,  -16,  -16,   -6,  -36,  -17,  -20,  -12,  -17,  -12,   -8,  -17,  -20,  -12,   -6,   -6,
      -8,   -6,  -12,   -6,   -5,   -4,   -4,   -6,   -8,   -4,   -4,   -8,  -12,   -8,  -12,   -8,
     -12,   -8,   -8,   12,   12,    8,   12,   12,   22,   20,    8,   12,  -16,   -6,  -36,  -17,
     -20,  -17,  -12,   -8,  -17,  -20,  -12,    8,  -16,  -12,  -20,   -8,  -16,  -16,  -24,  -12,
      -8,   -8,  -12,  -12,  -16,   -8,  -12,  -12,   -8,  -40,  -20,  -40,  -12,  -12,   -8,  -32,
       8,  -52,  -42,  -16,  -12,  -20,  -20,  -22,  -16,  -32,  -32,  -20,  -28,  -28,  -12,   -4,
      -8,   -8,  -28,  -36,  -28,   -4,    8,  -20,  -36,  -64,  -20,   -4,    8,    8,  -16,  -16,
     -12,  -16,  -12,   12,   16,   12,   -8,   14,   16,   16,   12,   14,    8,  -16,  -16,  -34,
       4,  -12,  -16,  -28,  -44,  -36,   -8,  -20,  -24,  -32,  -24,  -36,  -28,  -20,  -24,  -30,
     -20,  -20,  -12,  -16,  -24,  -24,  -36,  -32,  -12,  -36,  -44,  -44,  -20,  -16,  -12,    8,
      12,  -24,  -24,  -20,   -8,  -20,  -16,   -8,   12,   16,  -28,  -28,  -34,  -24,  -35,  -36,
      -8,  -16,  -12,  -28,   -8,  -20,  -28,    4,  -12,   16,   -8,  -12,  -46,    8,    8,  -12,
     -16,  -12,   16,  -12,  -12,  -30,   12,  -16,   -8,  -12,  -24,   12,  -24,   16,   12,  -12,
     -30,  -36,   12,  -12,   -8,   12,   -8,  -12,   -4,   -8,    8,   16,    8,  -24,    8,  -16,
      -8,  -20,  -16,  -16,  -16,   -8,  -16,   -8,  -12,  -12,  -12,  -12,  -16,    8,  -36,  -20,
     -36,  -42,  -12,  -12,    8,  -20,  -16,  -20,  -10,  -28,   12,  -34,  -28,  -12,   -6,  -12,
     -24,  -24,  -12,  -28,  -24,  -24,  -20,  -28,   -8,  -20,  -12,  -20,  -12,  -20,  -40,    8,
     -18,   24,  -12,   12,    8,  -20,  -28,  -40,  -16,   -8,  -12,    8,   12,    4,   -8,    4,
     -14,   24,    4,    4,    8,    8,    6,  -24,   12,    8,   12,   -4,   16,   12,  -24,    4,
       8,  -24,    8,    8,    8,   16,   24,    4,   16,  -28,  -24,   12,   -4,    4,    8,    4,
       4,   -4,  -10,    8,    6,    4,   -4,   12,    6,   -8,    6,   12,   16,  -58,  -36,   -8,
     -24,  -16,  -48,   -4,   -4,  -20,  -24,  -28,  -24,  -40,  -40,  -20,  -16,  -24,   -8,  -12,
     -12,   -8,  -12,   -8,  -12,  -16,  -16,  -12,  -20,   -8,   -4,   -4,  -16,   -4,  -16,  -12,
      -8,  -12,  -12,   -6,   -6,   -6,  -12,   -8,   -8,   -4,   -8,   -6,   -8,   12,   -8,  -30,
       4,    8,    6,  -24,   12,  -16,  -12,   12,  -12,   12,  -24,  -14,    8,  -24,   -8,    8,
     -12,   16,  -14,  -28,  -64,    8,   -4,   -8,  -14,    8,    4,    4,   -4,  -10,    8,    6,
       4,   -4,   16,    6,   -8,    6,   12,   16,  -32,  -32,  -32,   16,    8,    8,    8,  -12,
     -20,    8,    4,  -12,   16,   16,   16,  -44,  -48,  -12,   12,   12,  -12,  -12,    8,  -12,
     -12,  -12,  -20,    8,   12,    8,  -12,  -12,  -20,   16,  -22,    8,  -32,  -26,  -12,  -12,
     -12,  -16,   16,   16,  -20,    8,  -12,   12,    4,   16,    8,    8,    8,  -48,   16,  -32,
     -32,  -48,  -16,   -8,    8,    8,  -16,    8,  -28,  -34,    8,  -28,    4,   -8,  -66,  -16,
     -16,  -16,  -28,   12,   12,  -28,  -28,    8,  -16,  -16,  -28,  -28,  -28,  -34,   20,   12,
       8,  -28,  -28,   -8,  -34,  -16,   -8,  -30,  -48,  -34,   -8,  -16,  -16,  -28,  -28,  -28,
     -28,    8,  -28,   12,    8,    8,  -12,  -66,   12,  -16,   12,  -32,  -16,  -52,  -36,   -6,
      -4,   -6,  -12,  -16,  -36,  -48,  -16,   -6,   -6,   -6,   -6,   -6,   -6,   -8,   -4,  -32,
     -16,   12,  -16,   12,   -8,  -40,   -6,   -6,  -20,  -40,    8,  -28,  -40,  -52,  -36,  -28,
     -16,  -40,  -32,  -16,
};


static const EpdFontData bookerly_12_bold = {
    bookerly_12_boldBitmaps,
    nullptr,  // glyph: the 16-byte EpdGlyph array is the .cpfont form, SD-card fonts only
    bookerly_12_boldGlyphs,
    nullptr,  // bitmapOffsets: a compressed font recovers the offset from the group walk
    epdSharedFontIntervals_428f867c6270,
    72,
    33,
    27,
    -7,
    true,
    bookerly_12_boldGroups,
    17,
    nullptr,
    nullptr,  // kernLeftClasses: built-in fonts use the split arrays below
    nullptr,  // kernRightClasses
    epdSharedFontKernLeftCodepoints_2ca5692b9b5f,
    epdSharedFontKernLeftClassIds_b32b5b808bad,
    epdSharedFontKernRightCodepoints_ed08579fd527,
    epdSharedFontKernRightClassIds_5dea3a3f70bd,
    nullptr,  // kernMatrix: built-in fonts use the sparse form below
    epdSharedFontKernRowOffsets_4f51a905ae32,
    epdSharedFontKernSparseCols_73b4983fa7bd,
    bookerly_12_boldKernSparseValues,
    676,
    682,
    147,
    127,
    epdSharedFontLigaturePairs_607bf6e70845,
    5,
};
