/**
 * generated by fontconvert.py
 * name: bookerly_12_regular
 * size: 12
 * mode: 2-bit  compressed: zopfli
 * hinting: auto (FT_LOAD_FORCE_AUTOHINT — grid-fits stems to whole pixels)
 * Command used: fontconvert.py bookerly_12_regular 12 ../builtinFonts/source/Bookerly/Bookerly-Regular.ttf --2bit --compress --zopfli
 */
#pragma once
#include "EpdFontData.h"
#include "shared_tables.h"

static const uint8_t bookerly_12_regularBitmaps[26075] = {
    0x9D, 0x97, 0x31, 0xAC, 0xDC, 0x46, 0x7A, 0xC7, 0x7F, 0xE4, 0xF8, 0xC4, 0x00, 0xB4, 0x3D, 0x2A,
    0xAE, 0x08, 0xBC, 0x17, 0xD1, 0x45, 0x3A, 0x49, 0xA2, 0x0B, 0x17, 0x06, 0xB2, 0x4B, 0x4E, 0xE0,
    0xC2, 0x65, 0x5C, 0xA4, 0x4E, 0x52, 0x5C, 0x19, 0x40, 0x2A, 0x8C, 0x40, 0xC5, 0xBE, 0x47, 0x26,
    0xD7, 0x23, 0xEA, 0x71, 0xC5, 0x15, 0xD7, 0x9F, 0x0A, 0x15, 0xEF, 0x00, 0x3E, 0xED, 0xC8, 0x57,
    0x5C, 0x71, 0xC5, 0x31, 0x55, 0x8A, 0x14, 0x9E, 0xBB, 0x7B, 0x40, 0x12, 0x18, 0x88, 0xA6, 0x60,
    0x92, 0x79, 0xCE, 0xEC, 0x7E, 0x19, 0xF2, 0x2D, 0xE4, 0x67, 0x59, 0x82, 0xE5, 0xE3, 0x7C, 0xFF,
    0x1F, 0x87, 0x33, 0xCB, 0x99, 0x6F, 0x3F, 0xCE, 0x0C, 0x87, 0xDB, 0x18, 0x5E, 0x1C, 0x67, 0x3F,
    0x87, 0xB3, 0x78, 0xF6, 0xF0, 0x61, 0xB8, 0x76, 0x00, 0xEF, 0x2A, 0xCB, 0x3B, 0xAA, 0xE7, 0x47,
    0x85, 0xE1, 0x4E, 0x69, 0xB4, 0x48, 0xFC, 0xC1, 0x2F, 0xFF, 0xE6, 0xAF, 0x79, 0xF0, 0x67, 0xF0,
    0xF8, 0x0E, 0xB8, 0x35, 0x9D, 0x88, 0x4F, 0x72, 0xB9, 0x7D, 0x80, 0xB2, 0x8F, 0x51, 0xBD, 0xA7,
    0x30, 0x0E, 0xDE, 0x3D, 0x1A, 0xB5, 0x29, 0x24, 0xD4, 0x3F, 0x3D, 0x3F, 0x79, 0xBB, 0x19, 0xDE,
    0xBE, 0x73, 0xFE, 0x36, 0xED, 0x4F, 0xA9, 0xF6, 0xE4, 0x32, 0xF2, 0x17, 0x81, 0x0F, 0xF6, 0x0F,
    0x3E, 0x68, 0xFC, 0x07, 0x4D, 0xF8, 0x60, 0xFB, 0xF4, 0x1F, 0x42, 0x2D, 0x63, 0x36, 0x81, 0xBF,
    0x66, 0x00, 0xE4, 0x50, 0x04, 0x8A, 0x9E, 0x5A, 0xD0, 0x70, 0x52, 0xF5, 0xC9, 0x83, 0x41, 0xDB,
    0x8F, 0x20, 0x94, 0xA9, 0xD7, 0xC4, 0x67, 0x23, 0x44, 0xFD, 0x93, 0x7F, 0xBA, 0xE4, 0xBC, 0xFA,
    0x44, 0x8B, 0x69, 0x0F, 0xEF, 0xB4, 0xDA, 0x96, 0xD3, 0x9D, 0x4D, 0x31, 0xC2, 0x67, 0x5B, 0xE5,
    0xC0, 0x0D, 0x89, 0xB9, 0x1D, 0xD4, 0x48, 0x61, 0xB6, 0xA9, 0x5C, 0xD3, 0x68, 0xCB, 0x5D, 0x6A,
    0x81, 0x87, 0x14, 0x01, 0xDE, 0x07, 0xA0, 0xBE, 0x80, 0x4C, 0xF6, 0xA0, 0xDC, 0x29, 0x14, 0x76,
    0x33, 0x63, 0x0B, 0xEA, 0x99, 0x4F, 0x18, 0x0D, 0x68, 0xAF, 0x85, 0x26, 0x24, 0x6C, 0x37, 0x78,
    0x42, 0x65, 0x12, 0x0A, 0x97, 0x90, 0xED, 0x1D, 0x03, 0xED, 0x48, 0x67, 0xAA, 0x4B, 0x2A, 0x39,
    0xEC, 0x7C, 0x2E, 0xAE, 0x1C, 0x8F, 0xC1, 0x85, 0xB7, 0x58, 0x33, 0xE5, 0xAE, 0xB0, 0xDA, 0xD4,
    0x6C, 0xD8, 0x32, 0x10, 0x8E, 0x29, 0x32, 0xB0, 0xA5, 0xA1, 0x46, 0xF7, 0xE5, 0xA8, 0x3C, 0x91,
    0x3B, 0x70, 0x93, 0x33, 0xDA, 0x54, 0x52, 0xA4, 0x92, 0x6C, 0x5A, 0x7E, 0x74, 0xC2, 0x86, 0x26,
    0xA5, 0xCD, 0xB1, 0x81, 0x29, 0xF3, 0x6A, 0x2C, 0x6D, 0xC5, 0x9A, 0x07, 0x00, 0x0F, 0xF9, 0xD1,
    0x43, 0xDA, 0xC7, 0x14, 0xFF, 0x67, 0x8B, 0x2F, 0x6D, 0xF3, 0x98, 0x3F, 0x7D, 0x32, 0x17, 0xE2,
    0xBF, 0x61, 0x22, 0x3E, 0xD9, 0xF5, 0x92, 0x0C, 0x6D, 0x53, 0xEA, 0xB5, 0xB9, 0xB7, 0x34, 0xB5,
    0xDB, 0xCB, 0xFE, 0x54, 0xCE, 0x61, 0xBD, 0xDC, 0x3E, 0x91, 0x79, 0xF2, 0x11, 0x65, 0x29, 0x7B,
    0x34, 0xDC, 0x5A, 0x6A, 0xB6, 0x30, 0xC1, 0xB7, 0x6A, 0x36, 0xC0, 0x6E, 0xA4, 0x90, 0x48, 0xD5,
    0x9F, 0xD2, 0x50, 0xB3, 0x45, 0xF7, 0x03, 0xDA, 0x46, 0x4A, 0x1B, 0xAE, 0x6B, 0x29, 0x5B, 0xEA,
    0x4C, 0x43, 0x4D, 0x6D, 0x52, 0x4E, 0x26, 0x32, 0xE9, 0xE1, 0xC7, 0xAC, 0x02, 0x12, 0x78, 0x2F,
    0xC0, 0x77, 0xD9, 0x4A, 0x6C, 0x27, 0x63, 0x2E, 0x7D, 0x2D, 0xFE, 0x34, 0x0F, 0x91, 0x18, 0x18,
    0x7E, 0xCC, 0x00, 0x81, 0xDC, 0x53, 0x38, 0xB4, 0xA5, 0x85, 0x48, 0xE1, 0xA9, 0x2C, 0x1D, 0xEC,
    0x64, 0xDF, 0x49, 0xCC, 0x8E, 0xB7, 0x4C, 0x9F, 0x11, 0x6E, 0x32, 0x91, 0x7B, 0xCA, 0x31, 0xDB,
    0x19, 0x25, 0x9E, 0x3C, 0x40, 0x84, 0x61, 0x66, 0x3E, 0x51, 0xBB, 0x4E, 0xCC, 0x32, 0x44, 0xCE,
    0x40, 0x05, 0xD0, 0x49, 0x75, 0xD2, 0x49, 0x52, 0x98, 0xFB, 0x09, 0x14, 0x36, 0xA0, 0x4D, 0xA0,
    0x21, 0x30, 0x24, 0x89, 0x48, 0xBA, 0x4B, 0x46, 0x08, 0x5C, 0x97, 0x12, 0x51, 0x72, 0x50, 0x4B,
    0xE0, 0x66, 0xFB, 0x4F, 0x0A, 0x19, 0x6F, 0x48, 0x20, 0x8B, 0x70, 0x02, 0xCD, 0x62, 0x27, 0xF3,
    0xE5, 0xCA, 0xB7, 0x62, 0xAB, 0x00, 0x37, 0x02, 0xDD, 0x3E, 0x3F, 0x98, 0xD2, 0x51, 0xF5, 0x34,
    0x90, 0xDC, 0xD9, 0x89, 0x0F, 0x79, 0x0C, 0x9C, 0x07, 0x9A, 0x38, 0xDB, 0xE6, 0x84, 0x6D, 0x6B,
    0x82, 0x16, 0x9F, 0xCF, 0xB5, 0x7B, 0x91, 0xBD, 0x67, 0xF0, 0x99, 0x7F, 0xA4, 0x1C, 0xA5, 0x45,
    0x1B, 0x6A, 0xD8, 0xC0, 0xC0, 0xD5, 0xBF, 0x4D, 0xC5, 0xF3, 0xBC, 0xB0, 0xB3, 0x29, 0x4B, 0xB6,
    0x1B, 0x4B, 0x09, 0x55, 0xBF, 0x6F, 0x69, 0x1A, 0x36, 0x35, 0x5B, 0xFD, 0x2F, 0x93, 0x12, 0x9B,
    0x8B, 0xD3, 0x9F, 0xC4, 0x35, 0xFB, 0xC0, 0xE9, 0xD2, 0xD7, 0xC9, 0xD3, 0x2C, 0xD6, 0xE2, 0x6F,
    0x88, 0xB9, 0x7A, 0xD8, 0x01, 0xDD, 0x3F, 0xA5, 0xA6, 0xA5, 0xA1, 0x32, 0x4D, 0xBA, 0x6A, 0x93,
    0x6A, 0xA3, 0x7B, 0x3D, 0x56, 0xA6, 0x10, 0x81, 0x5F, 0x24, 0xB1, 0x01, 0x22, 0x28, 0x0F, 0xF5,
    0xC8, 0xEA, 0x00, 0x95, 0x83, 0x65, 0xB0, 0x01, 0x4B, 0xAE, 0x70, 0xDA, 0x97, 0x23, 0xD7, 0x8E,
    0xC2, 0x15, 0x5E, 0xF9, 0x62, 0x2C, 0xAD, 0x66, 0xC3, 0x4D, 0xE0, 0x53, 0x0A, 0x4F, 0x37, 0x16,
    0x81, 0xAE, 0x67, 0xCF, 0xCC, 0x94, 0x5F, 0x4E, 0x13, 0x3C, 0x06, 0x8E, 0xA3, 0x1C, 0x5E, 0xE4,
    0xDF, 0x87, 0x66, 0xE9, 0x2E, 0x3B, 0x5C, 0x9D, 0xE2, 0x12, 0xD3, 0xBE, 0x08, 0xB4, 0x3D, 0x1F,
    0x01, 0x8B, 0x4F, 0x5D, 0xA4, 0x13, 0x6E, 0x56, 0x66, 0x09, 0xC9, 0x6C, 0xD9, 0xAE, 0xD7, 0x07,
    0xF4, 0x78, 0x5C, 0xDA, 0x00, 0x58, 0xC6, 0xBB, 0x9D, 0x49, 0xB6, 0x3B, 0x00, 0x95, 0x88, 0x83,
    0x9D, 0xB9, 0x11, 0x51, 0x13, 0x74, 0x94, 0x16, 0xAA, 0xBE, 0x32, 0xF5, 0xA8, 0x6D, 0x8B, 0x4C,
    0xC5, 0x78, 0xA2, 0x7E, 0x17, 0xD4, 0x38, 0xE4, 0x36, 0x28, 0x17, 0x21, 0x31, 0x70, 0x3F, 0x95,
    0x04, 0x25, 0xA1, 0xB0, 0xA1, 0x18, 0x83, 0xEE, 0x63, 0xF9, 0x2C, 0xD6, 0x0C, 0x85, 0xEC, 0xF6,
    0x9C, 0xA4, 0x10, 0x3B, 0x5A, 0x60, 0x6E, 0x09, 0xA0, 0x74, 0x70, 0x93, 0x34, 0x08, 0x0A, 0x07,
    0x9D, 0xC8, 0xD2, 0xFB, 0xCF, 0x01, 0xEE, 0x02, 0x74, 0x00, 0x02, 0x64, 0xCF, 0x7B, 0x50, 0xBF,
    0xB1, 0x09, 0xBF, 0x1E, 0xA1, 0xFC, 0xD8, 0x81, 0xCE, 0x3D, 0xDC, 0x63, 0x82, 0x35, 0x11, 0x3A,
    0x49, 0x10, 0x39, 0x80, 0xA7, 0x25, 0x77, 0x54, 0x46, 0x59, 0x74, 0x5F, 0x5D, 0x70, 0xFF, 0xA2,
    0x8B, 0x99, 0xC4, 0xF7, 0x24, 0xD0, 0x8A, 0xA0, 0x5C, 0xDD, 0x2B, 0xA7, 0xAD, 0x72, 0xE5, 0x51,
    0xDA, 0x28, 0x11, 0x92, 0xE6, 0x6B, 0xAF, 0x5C, 0x36, 0x29, 0x47, 0x58, 0xB4, 0xE4, 0x4B, 0x5F,
    0xC9, 0x3C, 0x23, 0x2F, 0x61, 0x75, 0x30, 0x59, 0xCA, 0x97, 0xAE, 0xB0, 0x73, 0x07, 0x0D, 0xCA,
    0x6E, 0xC9, 0x18, 0x80, 0xF0, 0x92, 0x06, 0xE0, 0x04, 0x68, 0x81, 0xCA, 0xF1, 0x69, 0x21, 0x32,
    0x72, 0xFF, 0xC0, 0xED, 0xB9, 0x9D, 0x56, 0xC4, 0xA1, 0x5C, 0x11, 0x13, 0x78, 0x3A, 0xA3, 0x36,
    0x09, 0xBA, 0x9F, 0x61, 0x13, 0xCA, 0x6F, 0xE0, 0x58, 0x61, 0x12, 0x6A, 0x12, 0x4E, 0x12, 0x6E,
    0x04, 0xAA, 0xB9, 0xC9, 0xEE, 0xD8, 0x9E, 0xBF, 0x9D, 0x94, 0xEA, 0x66, 0x3D, 0x4E, 0xE2, 0x85,
    0x44, 0xCC, 0x22, 0x07, 0xD7, 0xF4, 0x61, 0xD2, 0x67, 0x49, 0x4F, 0x56, 0x22, 0x53, 0x27, 0xE2,
    0x5B, 0x11, 0x7B, 0x7B, 0x09, 0x82, 0x4A, 0xCA, 0x93, 0x32, 0xF3, 0x52, 0x3B, 0x49, 0x87, 0x25,
    0xFF, 0xB2, 0x56, 0x5F, 0x2D, 0x13, 0x18, 0x56, 0xE2, 0x10, 0x09, 0xC5, 0x05, 0xA1, 0x32, 0x3C,
    0x69, 0xE0, 0xC1, 0x16, 0x5E, 0x0A, 0x50, 0x2B, 0x91, 0xF7, 0xF6, 0x03, 0x0C, 0xA7, 0x49, 0x6D,
    0xCF, 0x50, 0xFD, 0x77, 0x16, 0x95, 0x48, 0xE4, 0xBE, 0x3C, 0xEA, 0x04, 0xD9, 0xDF, 0x9E, 0xD2,
    0x73, 0x5B, 0xFE, 0xFD, 0x2B, 0x21, 0x22, 0x47, 0xA4, 0xCB, 0xD7, 0x63, 0x75, 0x49, 0x1D, 0x96,
    0xF6, 0x3A, 0xB9, 0x1D, 0x94, 0x7B, 0x5D, 0x5A, 0x5D, 0x76, 0x52, 0x88, 0xCF, 0x77, 0x3D, 0x0D,
    0x6F, 0x6A, 0x1B, 0xD8, 0x1E, 0x17, 0xD3, 0x6A, 0xA4, 0x35, 0xCC, 0x6D, 0xD8, 0xDB, 0x21, 0x3B,
    0x98, 0x14, 0xBA, 0x80, 0x72, 0xE5, 0x98, 0x50, 0x9B, 0x84, 0x01, 0xD4, 0x1F, 0x7C, 0x82, 0xF4,
    0x1C, 0xF1, 0xA5, 0x9B, 0xCB, 0x42, 0x82, 0x3B, 0xCC, 0x68, 0xFB, 0x84, 0xD2, 0x25, 0xE4, 0x91,
    0xE4, 0xF8, 0xCE, 0x74, 0x42, 0x35, 0x26, 0x70, 0x7B, 0xF9, 0xD5, 0x1B, 0xEB, 0xC3, 0xA4, 0x27,
    0x49, 0xD3, 0x4A, 0xC4, 0x77, 0x49, 0xD5, 0x7E, 0xEE, 0xB3, 0x10, 0xD4, 0x81, 0x4C, 0x28, 0x43,
    0x9A, 0x51, 0x46, 0x9F, 0x91, 0x7D, 0xD1, 0xBF, 0xBB, 0x25, 0xFF, 0x57, 0x7B, 0x37, 0xF1, 0x57,
    0xE3, 0x7A, 0x8B, 0xFA, 0xDC, 0x7D, 0xB4, 0x9E, 0x77, 0x08, 0x8F, 0x13, 0xED, 0xE4, 0x37, 0x89,
    0xBF, 0x1C, 0x67, 0x9E, 0xDA, 0x0D, 0x45, 0xDF, 0xDA, 0x26, 0xB1, 0x36, 0xF7, 0x12, 0x35, 0x35,
    0xF5, 0xC5, 0x0F, 0xD8, 0x3D, 0x92, 0x88, 0x12, 0xDF, 0x7A, 0x3A, 0xA9, 0x22, 0x29, 0xD0, 0xF3,
    0x20, 0x51, 0x62, 0x12, 0x9E, 0xDB, 0x84, 0x3F, 0xB8, 0x84, 0xDF, 0x4D, 0x09, 0x6E, 0x98, 0xD1,
    0xCC, 0xD0, 0x1F, 0x27, 0x94, 0xBF, 0x72, 0xC7, 0x7A, 0xFE, 0x77, 0x46, 0x37, 0xA3, 0x4E, 0xCF,
    0x03, 0xED, 0x3A, 0x21, 0x5D, 0x00, 0xCB, 0xB4, 0x23, 0x13, 0xF1, 0x94, 0x73, 0x70, 0x2A, 0x43,
    0x47, 0x03, 0xB5, 0xD9, 0x82, 0xEE, 0x87, 0x04, 0x1B, 0xA0, 0xBC, 0x86, 0xC8, 0xB1, 0xC2, 0x9C,
    0x42, 0x4D, 0x6B, 0x38, 0x41, 0xBB, 0x3C, 0xA0, 0x44, 0x46, 0xB8, 0x7F, 0xC9, 0x32, 0x0F, 0xDB,
    0x65, 0x04, 0xE9, 0xD9, 0x07, 0x9F, 0xE2, 0x7E, 0xD4, 0x9C, 0x2A, 0x7B, 0x35, 0xDC, 0x2F, 0x5E,
    0x3D, 0xDC, 0x0F, 0xCB, 0x70, 0x7F, 0x85, 0x63, 0xA7, 0x8B, 0x63, 0xBC, 0xC6, 0xB1, 0xEB, 0xDE,
    0x9D, 0x40, 0x45, 0x0B, 0x0D, 0x55, 0x4F, 0xA4, 0xBC, 0x5C, 0xF9, 0xB9, 0xA9, 0x1E, 0x8A, 0x09,
    0x20, 0x1E, 0x17, 0x70, 0x50, 0x32, 0x01, 0xB5, 0xBB, 0x2D, 0x81, 0xD9, 0x65, 0xC3, 0xEC, 0x5F,
    0x42, 0x31, 0x32, 0xFB, 0x3A, 0x63, 0xCE, 0x95, 0x73, 0x59, 0x97, 0x6A, 0x25, 0x92, 0xE0, 0x20,
    0x05, 0x9D, 0xE3, 0xE8, 0x73, 0xED, 0x0C, 0xBD, 0xDC, 0xE6, 0xD3, 0xF8, 0xCA, 0xF6, 0x74, 0x42,
    0x6D, 0xB2, 0xDD, 0x45, 0x29, 0xB1, 0xEA, 0xD7, 0x2D, 0xEB, 0x86, 0x44, 0xAA, 0x91, 0x72, 0x4F,
    0x26, 0x23, 0x55, 0x20, 0xDB, 0xBF, 0x4F, 0xF3, 0x90, 0x66, 0xE0, 0xE4, 0x34, 0x8B, 0x9D, 0xF8,
    0x52, 0x8C, 0x88, 0xC4, 0x59, 0x5E, 0xF7, 0xEB, 0x59, 0x3F, 0xD3, 0xFD, 0x87, 0xE8, 0x9E, 0x37,
    0xD2, 0xFD, 0xFF, 0x40, 0xC9, 0xD2, 0xF7, 0x2E, 0xCE, 0x93, 0xDC, 0x2D, 0x13, 0xF5, 0xFB, 0xC1,
    0xA3, 0xFB, 0x79, 0xD6, 0x19, 0x0E, 0xEC, 0x8E, 0x6B, 0x7F, 0x29, 0x8F, 0xD8, 0x49, 0x2E, 0xBE,
    0x5E, 0x5E, 0x82, 0x23, 0x35, 0xCA, 0xB3, 0x21, 0xF7, 0x6C, 0xC9, 0x26, 0xCE, 0x20, 0xE0, 0x61,
    0xC8, 0x12, 0x36, 0x6A, 0x84, 0x46, 0x59, 0xA8, 0x8A, 0x1E, 0xF4, 0x5F, 0x19, 0x28, 0xFF, 0x19,
    0x28, 0xFE, 0x0B, 0x50, 0x11, 0xC8, 0x67, 0x30, 0xC1, 0x4E, 0xF8, 0x21, 0x12, 0xEB, 0xC0, 0x36,
    0x79, 0x5B, 0x38, 0xCE, 0xD1, 0xBD, 0xF2, 0x1C, 0xD0, 0x26, 0xF7, 0x08, 0x15, 0xD9, 0x94, 0x3F,
    0x37, 0xF7, 0x20, 0xA8, 0xDF, 0xF6, 0x1B, 0x18, 0xD2, 0xAB, 0x6A, 0x0D, 0xDB, 0xE2, 0x27, 0x76,
    0x0B, 0x1B, 0xAD, 0xDC, 0x13, 0xB8, 0xA7, 0x73, 0xEF, 0xA1, 0xBA, 0xC5, 0x7C, 0xD2, 0x7F, 0xCF,
    0xFF, 0x8C, 0xA0, 0x07, 0x76, 0x16, 0x8A, 0x40, 0x6B, 0x41, 0x4D, 0xB4, 0x3D, 0x28, 0x4F, 0x0D,
    0xAD, 0xFC, 0xA3, 0x8C, 0xAB, 0x3D, 0x9D, 0xC9, 0x23, 0x5B, 0x78, 0x8A, 0x87, 0x56, 0x8D, 0x50,
    0xFD, 0xA6, 0x87, 0x52, 0x8E, 0x8E, 0x92, 0xCD, 0x50, 0x02, 0xE8, 0xBF, 0xED, 0xE1, 0x5E, 0x39,
    0xC2, 0x56, 0x79, 0xF0, 0xCB, 0x1A, 0xC4, 0x39, 0xF5, 0x45, 0xB6, 0x7B, 0xB4, 0x8B, 0xF3, 0x14,
    0x95, 0x8F, 0x65, 0xAC, 0x2E, 0xD9, 0xCD, 0x9E, 0xAF, 0x21, 0x72, 0x06, 0xE7, 0x5F, 0xB7, 0xFC,
    0x89, 0x85, 0xF2, 0xB7, 0x80, 0x3A, 0x1C, 0x5B, 0x86, 0xF0, 0x1A, 0xDC, 0x38, 0xF4, 0xD0, 0xCA,
    0x48, 0x2D, 0x62, 0xDB, 0xA4, 0x35, 0x95, 0x59, 0xD3, 0xF2, 0xE7, 0x44, 0xC8, 0x27, 0x28, 0x1C,
    0x68, 0x0B, 0x35, 0x70, 0xF2, 0xF5, 0x46, 0xA9, 0x1C, 0x19, 0xAB, 0x3E, 0x1B, 0x5B, 0xD4, 0xB8,
    0x13, 0xB1, 0x5D, 0x12, 0x80, 0x58, 0xB1, 0x81, 0x37, 0x4B, 0x62, 0xE7, 0xFE, 0xB8, 0x05, 0x1A,
    0xCA, 0x1E, 0x65, 0xC9, 0x47, 0xF0, 0x30, 0xC1, 0x43, 0xF8, 0xBA, 0xCE, 0x1C, 0xEB, 0x32, 0x0F,
    0xFE, 0xAA, 0xAE, 0x73, 0x9D, 0x53, 0x6F, 0x98, 0xBA, 0x94, 0xD8, 0xC2, 0x3C, 0x21, 0xC8, 0xFF,
    0xCD, 0xA8, 0x5F, 0xF7, 0xE5, 0xC7, 0x56, 0xE7, 0xEE, 0x16, 0x7E, 0xC3, 0x93, 0x35, 0xDB, 0x33,
    0xD6, 0x22, 0x62, 0x67, 0xC1, 0x03, 0x22, 0x4F, 0xAF, 0xF6, 0x1E, 0xE4, 0x62, 0xA8, 0x65, 0xE4,
    0x54, 0x79, 0xB6, 0xB9, 0xE7, 0x87, 0x49, 0x24, 0xDD, 0x10, 0x4F, 0x9B, 0x74, 0x9E, 0xF2, 0x21,
    0x29, 0x16, 0x9E, 0xEE, 0x20, 0x7D, 0xE5, 0x4E, 0x59, 0x39, 0xE8, 0x5E, 0xB5, 0xAA, 0xFF, 0xFE,
    0x70, 0xB5, 0x41, 0x09, 0xC5, 0xBC, 0x48, 0x4D, 0xA9, 0x6C, 0x56, 0x38, 0x2A, 0xE5, 0xB3, 0xE3,
    0xE2, 0xB5, 0xBC, 0x1C, 0xD3, 0xAC, 0x0E, 0xB0, 0x6C, 0x7E, 0xEB, 0x2C, 0x6E, 0x38, 0x1B, 0xB8,
    0x19, 0xE0, 0xCA, 0x22, 0x9C, 0x43, 0xDB, 0xBF, 0x55, 0x49, 0xCC, 0xC5, 0x91, 0x3D, 0x85, 0xE2,
    0x00, 0x34, 0xD7, 0xB5, 0xEC, 0x03, 0x4B, 0x39, 0x50, 0x9B, 0x53, 0x4E, 0x68, 0x18, 0x92, 0xC2,
    0x35, 0xC5, 0x63, 0x59, 0xCB, 0x81, 0x5A, 0x9E, 0xBB, 0xE2, 0x50, 0xB9, 0x4C, 0x7A, 0x2D, 0xBE,
    0xCD, 0xC2, 0x96, 0x38, 0x30, 0x2C, 0xEB, 0x44, 0xF8, 0xBA, 0x4B, 0x93, 0xBA, 0x0C, 0xB9, 0x3C,
    0xA2, 0x0C, 0x74, 0x42, 0x78, 0xF7, 0xB8, 0x63, 0x77, 0xD4, 0xE2, 0x3B, 0x71, 0x29, 0xF3, 0x3A,
    0x2B, 0xBF, 0xA2, 0x13, 0x93, 0xC9, 0x2F, 0x46, 0x2D, 0x32, 0xD6, 0x26, 0x98, 0xE6, 0xEA, 0xEB,
    0xF1, 0xB8, 0x45, 0x1F, 0x28, 0x25, 0xA0, 0x77, 0x8F, 0xB8, 0x07, 0xB4, 0x40, 0x2D, 0x97, 0x68,
    0x91, 0x7E, 0x83, 0xB6, 0x67, 0x57, 0x5F, 0x67, 0xFD, 0x9E, 0x8E, 0x4E, 0x02, 0xA5, 0xF4, 0x4B,
    0xA8, 0xE9, 0x66, 0xA8, 0x57, 0xE1, 0xF7, 0x62, 0x96, 0x88, 0x93, 0x42, 0xBE, 0xAC, 0xB0, 0x3E,
    0x21, 0xFF, 0x2E, 0x94, 0xA1, 0xF8, 0x8A, 0x76, 0xAF, 0x93, 0xAB, 0x01, 0xB5, 0xEC, 0x0D, 0x5E,
    0x1C, 0x2B, 0x4F, 0xEB, 0xC9, 0x5F, 0x6F, 0xE9, 0xD6, 0x5A, 0x0C, 0xA7, 0x08, 0xE7, 0x00, 0x70,
    0x23, 0xEA, 0xC8, 0xF0, 0x9A, 0x14, 0xB3, 0xA9, 0xF0, 0xB5, 0x6D, 0x58, 0x39, 0x68, 0x5F, 0xB9,
    0x15, 0x48, 0x93, 0xDE, 0x55, 0x4E, 0xB9, 0x36, 0xE5, 0x03, 0xEA, 0xDF, 0x47, 0x94, 0xF4, 0xA8,
    0x2F, 0xC7, 0x65, 0x37, 0xA2, 0x5C, 0xE4, 0xAA, 0xAE, 0x1A, 0x93, 0xE3, 0xA1, 0xDD, 0x13, 0x53,
    0x5B, 0x9D, 0x43, 0x7D, 0x1F, 0x2B, 0x2F, 0xE9, 0x84, 0xD5, 0x33, 0xF9, 0xCB, 0x9D, 0xA1, 0x7B,
    0x2E, 0x5F, 0x88, 0xA5, 0x08, 0xE5, 0xFE, 0x18, 0xB6, 0x63, 0xE0, 0xF2, 0xEF, 0x73, 0x4A, 0xDE,
    0x5C, 0x5E, 0x05, 0xF2, 0xA0, 0xC5, 0xAC, 0x3E, 0x97, 0xA5, 0x61, 0x4B, 0xF1, 0x47, 0x3E, 0x8B,
    0x9D, 0xA3, 0x94, 0x3D, 0xB5, 0xE9, 0xD8, 0x52, 0xF5, 0x03, 0xFA, 0x1B, 0x1F, 0xEE, 0x11, 0xDD,
    0x9F, 0x53, 0x99, 0xD6, 0x9C, 0x52, 0x49, 0x60, 0x1E, 0xA2, 0xAB, 0xCF, 0x0F, 0x4B, 0x9F, 0xC5,
    0x77, 0xCF, 0xB8, 0xF1, 0x6A, 0x87, 0x1D, 0xBE, 0xF5, 0x00, 0xAA, 0x65, 0x9B, 0x00, 0xE9, 0x1D,
    0xFB, 0x46, 0x53, 0xA9, 0xCB, 0xE6, 0xA9, 0x74, 0xA0, 0xD8, 0x37, 0xC0, 0x4B, 0xCA, 0xC5, 0x52,
    0xCA, 0xB8, 0x7A, 0x16, 0xBA, 0x2F, 0xA2, 0x8A, 0x37, 0x97, 0x20, 0xBC, 0xC2, 0x56, 0x07, 0x3A,
    0x31, 0xE5, 0xC1, 0xB4, 0x62, 0x63, 0x69, 0x83, 0xEA, 0xF7, 0xD0, 0x39, 0xF4, 0x01, 0x76, 0xF6,
    0xEF, 0xCA, 0x31, 0xB9, 0x1C, 0xCA, 0x51, 0xA4, 0x9F, 0x77, 0x41, 0x9F, 0x92, 0xBB, 0x37, 0x9B,
    0x83, 0xFE, 0x66, 0x2E, 0x13, 0xBB, 0x47, 0x2B, 0x57, 0x7A, 0x5A, 0x57, 0xBF, 0xD1, 0x33, 0x58,
    0x1E, 0x7F, 0x3E, 0x55, 0x9E, 0x4C, 0x0E, 0xD2, 0xD3, 0x39, 0x31, 0xBB, 0x50, 0xC7, 0x7A, 0x2C,
    0xBC, 0xB6, 0xCA, 0x16, 0xF6, 0xEA, 0x03, 0x2C, 0xF7, 0x15, 0x4C, 0x77, 0x21, 0xAC, 0x61, 0xFB,
    0x10, 0x36, 0x1E, 0x6A, 0x07, 0x7A, 0x84, 0xD2, 0xD2, 0x85, 0x82, 0x9D, 0xAF, 0x9D, 0xEE, 0x2B,
    0xAB, 0x7B, 0x6D, 0x75, 0x2A, 0xAC, 0x6C, 0x85, 0x1A, 0x5B, 0x77, 0x17, 0xE5, 0x1A, 0xBF, 0x26,
    0xF3, 0x9F, 0x25, 0x32, 0xF9, 0xE9, 0x09, 0x04, 0xB7, 0xF5, 0x70, 0x32, 0x6E, 0x1C, 0xB4, 0xB6,
    0x1E, 0xA1, 0x4E, 0xB7, 0x42, 0x65, 0x74, 0x4F, 0xEA, 0x3F, 0x56, 0x53, 0x99, 0x1C, 0x2C, 0x7B,
    0xE2, 0x2D, 0x68, 0xD6, 0xA0, 0xFD, 0xF1, 0x8D, 0x35, 0xC1, 0x66, 0x80, 0xB3, 0x96, 0xDC, 0xEB,
    0xBE, 0x74, 0xFA, 0xA2, 0x8D, 0x6D, 0xDC, 0x4D, 0x6D, 0x68, 0xC7, 0x74, 0xD5, 0xCF, 0x3E, 0x97,
    0x7D, 0x31, 0x6A, 0x94, 0xBB, 0x45, 0xE6, 0x37, 0x30, 0xAD, 0xE1, 0xEC, 0x09, 0xAC, 0x3D, 0xB4,
    0x0E, 0x2A, 0x7B, 0xDC, 0xF0, 0x00, 0xF7, 0x80, 0x01, 0x8A, 0x00, 0x57, 0x9F, 0xD4, 0xD0, 0x4A,
    0x4C, 0xB6, 0xCE, 0xA6, 0x0F, 0xD5, 0x78, 0x73, 0xF6, 0x07, 0x06, 0xB2, 0x09, 0xE5, 0xDE, 0xD2,
    0xF6, 0x9D, 0x9A, 0xBB, 0x9D, 0xC4, 0x64, 0xD9, 0xA4, 0xA7, 0xDA, 0x34, 0xCC, 0xA9, 0xA5, 0x5E,
    0x52, 0x43, 0x24, 0xD0, 0x1C, 0xAF, 0x5A, 0xAE, 0x6A, 0x6B, 0x74, 0xCC, 0xA3, 0x7F, 0xD5, 0xF1,
    0xE8, 0x94, 0xCE, 0x16, 0x2E, 0xF7, 0x4B, 0x3A, 0xEE, 0x6E, 0x73, 0xCF, 0x9E, 0xF3, 0x79, 0x50,
    0x2F, 0xE9, 0x45, 0x5D, 0x3B, 0xAF, 0x26, 0xFD, 0x9F, 0x74, 0xE1, 0xEE, 0xD4, 0xC5, 0x9F, 0x95,
    0xEE, 0xFF, 0x01, 0xBD, 0x96, 0x01, 0x64, 0x2D, 0xD9, 0x19, 0xC7, 0x7F, 0x33, 0x67, 0x9B, 0xD1,
    0x4E, 0xBC, 0x13, 0x2C, 0xAA, 0x77, 0x93, 0x79, 0x28, 0x56, 0xDF, 0x6E, 0xE6, 0xE1, 0x61, 0x31,
    0xF7, 0xCE, 0xA9, 0x02, 0x8A, 0x2E, 0x00, 0xB0, 0x0B, 0xA0, 0x90, 0x20, 0x78, 0xB8, 0x79, 0x33,
    0x76, 0x01, 0xD0, 0x50, 0x80, 0x62, 0x01, 0xDA, 0x42, 0x10, 0xA4, 0xDC, 0x64, 0x0E, 0x0B, 0x28,
    0x76, 0x28, 0x16, 0xE0, 0xD4, 0x06, 0xA0, 0xDE, 0x69, 0x0D, 0x3B, 0xA9, 0xB9, 0xF7, 0xEB, 0x9C,
    0x91, 0x9B, 0xCD, 0xDB, 0xEE, 0xE3, 0x55, 0xBB, 0xFD, 0xCF, 0xF7, 0xFF, 0x9D, 0x99, 0x39, 0x73,
    0xBF, 0xEF, 0xFE, 0x73, 0x23, 0x37, 0x57, 0x9B, 0x15, 0xBC, 0x37, 0x9F, 0x2F, 0xEE, 0xF4, 0xE2,
    0xF4, 0x12, 0x40, 0x3F, 0xA8, 0xCC, 0xC4, 0xD2, 0xEB, 0xBF, 0xAD, 0x17, 0xBB, 0xF3, 0xE5, 0xEE,
    0x3B, 0xAB, 0x5D, 0xFA, 0x6D, 0x0D, 0xBB, 0x5C, 0xEF, 0x52, 0xFE, 0xEE, 0x87, 0x99, 0xAC, 0x63,
    0xB9, 0xA1, 0xE0, 0x95, 0xDA, 0x83, 0x64, 0x0D, 0xB9, 0xD4, 0x2C, 0x53, 0x4B, 0xA7, 0x2C, 0x1E,
    0xA2, 0xD1, 0xF1, 0xE8, 0x52, 0x3A, 0xAA, 0xD1, 0xAA, 0x05, 0x65, 0x21, 0x19, 0x9D, 0xD6, 0xA0,
    0x0D, 0x88, 0x88, 0x0D, 0xAE, 0x44, 0x0C, 0xC0, 0xC7, 0x70, 0xB6, 0xAC, 0xFE, 0xD2, 0x66, 0xE3,
    0x75, 0x62, 0x4F, 0x49, 0x4D, 0x86, 0xDE, 0x1E, 0xE6, 0x80, 0xB4, 0x3D, 0x25, 0xEC, 0x5D, 0x1E,
    0xFD, 0xB6, 0x7D, 0x0C, 0xB5, 0x74, 0x4A, 0x8E, 0xDA, 0xA8, 0xD7, 0x16, 0x9F, 0xB8, 0xB8, 0x8D,
    0xBD, 0xB2, 0xF4, 0x29, 0x2C, 0x1F, 0x91, 0x48, 0xEE, 0xA2, 0x8F, 0xFE, 0x64, 0x48, 0x3D, 0x4A,
    0xC4, 0xC6, 0xA3, 0x51, 0x8E, 0x7B, 0xCF, 0x6E, 0x41, 0x04, 0xBF, 0x15, 0xF0, 0xE0, 0xA2, 0xA9,
    0x13, 0x71, 0x59, 0xEC, 0xE7, 0xB4, 0x57, 0x20, 0x86, 0xAF, 0x1D, 0x7F, 0x5F, 0xE3, 0xF3, 0x7A,
    0xA9, 0x5C, 0x69, 0xBA, 0xD4, 0x7D, 0x10, 0xAD, 0x0B, 0xF2, 0x25, 0x49, 0xFF, 0x38, 0xEE, 0xFA,
    0xD8, 0x6F, 0x92, 0x31, 0x07, 0xE9, 0x0D, 0xE7, 0xEF, 0xF5, 0x8B, 0x8B, 0xF7, 0x99, 0x6D, 0x0C,
    0x91, 0x88, 0x27, 0xB9, 0x89, 0xAE, 0xC8, 0xCC, 0x58, 0xF3, 0x64, 0x9D, 0xD8, 0xE7, 0xD9, 0x26,
    0x6E, 0x2F, 0x8A, 0x47, 0x91, 0xF3, 0x17, 0x6F, 0x85, 0x89, 0x6C, 0x71, 0x31, 0xE2, 0x62, 0x49,
    0xE4, 0x9E, 0x97, 0x12, 0xB7, 0xF3, 0x74, 0x48, 0xEC, 0xF4, 0xB2, 0xD0, 0x20, 0xB4, 0xEA, 0x98,
    0x9A, 0xCE, 0x1C, 0xD7, 0x3D, 0xBE, 0x60, 0xAF, 0x60, 0x36, 0x70, 0xB5, 0x0C, 0xE7, 0x9B, 0x6B,
    0x53, 0x7E, 0x04, 0xF0, 0xEB, 0x3F, 0x22, 0x1B, 0x38, 0x4F, 0x50, 0xED, 0x21, 0x99, 0xE9, 0xB9,
    0x56, 0x9E, 0x21, 0x6D, 0xB9, 0x1A, 0xD7, 0x8C, 0x1E, 0x65, 0xDF, 0x87, 0xCF, 0x12, 0x2A, 0x19,
    0x1A, 0x19, 0xA0, 0xD8, 0xD6, 0x4F, 0x9B, 0xB5, 0xAC, 0x39, 0xBA, 0x41, 0xB5, 0x07, 0x3C, 0x42,
    0xD5, 0xEF, 0x94, 0x6D, 0xFB, 0x6C, 0xF7, 0xF8, 0xB3, 0xA7, 0xBB, 0xC7, 0xC7, 0x4F, 0x75, 0xFB,
    0xF4, 0xE9, 0xAE, 0x3B, 0x7E, 0xB6, 0x7B, 0xF2, 0xD9, 0x3B, 0xE5, 0x7E, 0xFB, 0x88, 0xB8, 0x0E,
    0xCF, 0x85, 0xE7, 0x2B, 0x31, 0x8D, 0x90, 0xBA, 0x72, 0xB8, 0xCC, 0xBD, 0xF6, 0xBA, 0x3B, 0xA8,
    0x86, 0xCC, 0xE1, 0x79, 0x58, 0x22, 0x7E, 0xAC, 0x57, 0x6E, 0x02, 0xDC, 0xDD, 0x4F, 0xBB, 0x6A,
    0xD3, 0x67, 0x5D, 0xC6, 0x21, 0xCB, 0xC8, 0x27, 0xF6, 0x90, 0x66, 0x53, 0x49, 0xE6, 0x9A, 0xC1,
    0x15, 0x2C, 0x77, 0x5C, 0xDE, 0xB1, 0xA4, 0x60, 0xD5, 0xF8, 0xA6, 0x06, 0x65, 0x52, 0x9B, 0x99,
    0x39, 0x27, 0x4C, 0x62, 0xC5, 0x92, 0x61, 0x64, 0xFF, 0x1A, 0x0F, 0xE1, 0x88, 0xD6, 0x88, 0x7A,
    0x89, 0xC8, 0x17, 0xC3, 0x3F, 0x36, 0xEA, 0xA6, 0x03, 0x82, 0xFB, 0x3B, 0x77, 0xDC, 0xA9, 0x11,
    0x9B, 0xCA, 0xC6, 0xE4, 0x52, 0x50, 0x8E, 0xAE, 0x1E, 0x38, 0x5C, 0x87, 0xFB, 0x7A, 0x74, 0xFC,
    0xB2, 0x00, 0xFD, 0x3A, 0x7F, 0x30, 0x7A, 0x0F, 0x1E, 0x01, 0x6F, 0xC1, 0x0B, 0xB9, 0xCA, 0x4D,
    0xD9, 0x2A, 0x97, 0xD8, 0x8C, 0xB7, 0x81, 0x9D, 0xB6, 0x6A, 0x67, 0x56, 0x3D, 0x38, 0x92, 0x9B,
    0x6A, 0x48, 0x3B, 0x16, 0x2B, 0x2E, 0x0E, 0xF1, 0xFA, 0xAE, 0x2E, 0x0F, 0xC2, 0x9D, 0xCC, 0x01,
    0xFC, 0xE4, 0x0F, 0x94, 0x1B, 0xCE, 0x95, 0x61, 0x1E, 0x3B, 0xB4, 0x59, 0x91, 0xB8, 0x12, 0xE5,
    0xB3, 0x3A, 0xAC, 0x99, 0x19, 0x98, 0x2B, 0xC7, 0x79, 0x62, 0xB8, 0x93, 0x01, 0xCF, 0xCC, 0x13,
    0x39, 0x1A, 0x87, 0xB2, 0x28, 0x47, 0x62, 0x02, 0x35, 0x81, 0xFB, 0x13, 0x3F, 0xE0, 0xE3, 0xF0,
    0xB2, 0xD8, 0x8F, 0x74, 0xC9, 0xC8, 0xD8, 0x6A, 0x9F, 0xAF, 0x95, 0x29, 0xFC, 0xCF, 0x7E, 0xAF,
    0xF1, 0x1E, 0xF6, 0xE3, 0x76, 0x64, 0xA1, 0x44, 0xE0, 0x7C, 0xA2, 0x03, 0x8F, 0xB2, 0x81, 0x49,
    0x0D, 0x67, 0x44, 0x4C, 0x9A, 0x4E, 0x5D, 0xA8, 0x6A, 0x9A, 0x38, 0x73, 0x61, 0xFF, 0x5B, 0x13,
    0x8B, 0x89, 0xC7, 0x69, 0x37, 0xD2, 0x55, 0x43, 0x98, 0xD8, 0xBD, 0x50, 0x4E, 0x19, 0x3F, 0xAF,
    0x36, 0x29, 0x2C, 0x61, 0x1F, 0x3A, 0x28, 0x50, 0x0E, 0x4E, 0xC8, 0xA6, 0x24, 0xA7, 0x10, 0xDB,
    0x48, 0x84, 0xA4, 0x8E, 0x64, 0x43, 0x0A, 0xB0, 0x9D, 0x7B, 0xFF, 0x57, 0xA8, 0x80, 0x52, 0x0C,
    0xE7, 0x50, 0xE8, 0x1A, 0x07, 0x68, 0xA3, 0x2C, 0x70, 0x1A, 0xA2, 0x93, 0xF4, 0x68, 0x60, 0xA7,
    0x61, 0x9F, 0x77, 0x41, 0xD7, 0x05, 0x2B, 0xD0, 0xE6, 0x38, 0x1A, 0xA0, 0xC2, 0x25, 0x03, 0xE5,
    0x3A, 0xB6, 0xBA, 0x20, 0x3F, 0x53, 0x75, 0x51, 0x00, 0x29, 0x17, 0x61, 0xD9, 0x47, 0xC4, 0x42,
    0xC1, 0xB4, 0x9C, 0x40, 0x01, 0xF8, 0x69, 0x89, 0x5B, 0xF8, 0x31, 0x60, 0x00, 0xB8, 0x84, 0x61,
    0x22, 0xC0, 0xB4, 0xF1, 0x1E, 0xCC, 0xD9, 0x59, 0x93, 0xAF, 0x69, 0xCE, 0xE8, 0xC1, 0x4F, 0x75,
    0x09, 0x8B, 0x88, 0x5C, 0x4C, 0x2A, 0x26, 0xDA, 0xC0, 0xA4, 0x1F, 0x01, 0xE8, 0x16, 0x48, 0x06,
    0x80, 0x8A, 0x57, 0x74, 0x70, 0x7F, 0xAF, 0x31, 0xC0, 0xCB, 0x1A, 0xE2, 0x2F, 0x2D, 0xA8, 0xCF,
    0x5B, 0x48, 0x3E, 0xF1, 0xA0, 0xA3, 0x11, 0x07, 0xF4, 0x30, 0x67, 0x05, 0x95, 0xAC, 0xA1, 0x91,
    0x0D, 0x78, 0x72, 0x62, 0x47, 0x66, 0x54, 0x8B, 0xB6, 0xE9, 0x0D, 0xF9, 0x4D, 0x39, 0x20, 0x03,
    0x4C, 0x8A, 0x6B, 0x20, 0xB3, 0x80, 0x18, 0x50, 0x1D, 0x0F, 0x15, 0x22, 0xC0, 0x1A, 0x40, 0x80,
    0xF8, 0x25, 0xA0, 0xBE, 0xA8, 0x21, 0xFD, 0xA5, 0x05, 0xAD, 0x5A, 0x38, 0x50, 0x0E, 0xE6, 0x61,
    0xF8, 0x92, 0x2E, 0x8C, 0x1C, 0x40, 0x46, 0xC4, 0x8E, 0x05, 0xAA, 0x25, 0x27, 0xB1, 0x64, 0x26,
    0x73, 0x1C, 0xB9, 0xA6, 0x8F, 0x65, 0x3B, 0xE0, 0x94, 0xED, 0xC8, 0x2F, 0x5B, 0xD0, 0x3F, 0xF7,
    0xF0, 0x16, 0x7B, 0x6F, 0x96, 0xF7, 0xD3, 0x6D, 0xDE, 0xEC, 0x3E, 0x6F, 0xF9, 0x6A, 0x5E, 0xFF,
    0x1D, 0x79, 0xF5, 0x27, 0x06, 0xCA, 0xAF, 0x2C, 0x14, 0xCD, 0x88, 0xB7, 0x0F, 0x78, 0x45, 0x4B,
    0x80, 0x01, 0x88, 0x36, 0x80, 0x0A, 0x51, 0x93, 0xDF, 0x18, 0xD0, 0xBA, 0x1E, 0x91, 0x5A, 0x78,
    0x3F, 0xE4, 0x2D, 0x94, 0x87, 0xCB, 0xA8, 0x03, 0x91, 0x9E, 0x28, 0x44, 0x55, 0x2D, 0xA7, 0x28,
    0x4B, 0x49, 0x5A, 0x93, 0x93, 0xB7, 0x54, 0x4E, 0x7A, 0x25, 0x1D, 0x87, 0xB1, 0x83, 0x52, 0x79,
    0xC2, 0xD9, 0x6B, 0x3E, 0x50, 0x99, 0x02, 0x5A, 0x88, 0xFF, 0x3C, 0x42, 0x7D, 0xEA, 0x20, 0x55,
    0x53, 0xC0, 0x0E, 0xF6, 0xE9, 0xA1, 0xB8, 0xFF, 0x40, 0x45, 0x36, 0x44, 0x53, 0xC0, 0x36, 0x04,
    0xB4, 0x68, 0x9B, 0xB9, 0x31, 0x60, 0xD5, 0x87, 0x80, 0x71, 0x0F, 0xA4, 0x1B, 0x40, 0xEB, 0x2D,
    0xC2, 0x65, 0xD8, 0xD8, 0xEA, 0xF9, 0x36, 0x65, 0xBC, 0xFE, 0x26, 0x25, 0xA0, 0x7F, 0x55, 0x43,
    0x16, 0x52, 0x1E, 0xDE, 0xA7, 0x5C, 0xC5, 0xFE, 0x61, 0x4A, 0xC7, 0x55, 0x48, 0xB9, 0x20, 0x0D,
    0x51, 0xB3, 0x90, 0xB2, 0x99, 0x52, 0xD2, 0x88, 0x78, 0xC8, 0x26, 0x1E, 0xF4, 0x8C, 0x2C, 0x7A,
    0xCE, 0xE1, 0xA2, 0x07, 0xF0, 0x81, 0x71, 0x1B, 0x98, 0x58, 0x11, 0x83, 0x36, 0x81, 0x07, 0xF4,
    0x40, 0x29, 0x81, 0xCD, 0x44, 0x4F, 0xCF, 0x9E, 0x72, 0x23, 0x9F, 0x25, 0x76, 0xE4, 0x45, 0xE6,
    0x76, 0x44, 0xBA, 0xA6, 0x9F, 0x3A, 0xCF, 0x36, 0x26, 0x12, 0xB1, 0xA9, 0x4B, 0x6D, 0x88, 0xBE,
    0x40, 0xD9, 0x25, 0x11, 0x2B, 0xA0, 0xFF, 0x96, 0x57, 0xC0, 0x29, 0x50, 0x02, 0x99, 0xE3, 0xC3,
    0x44, 0xA4, 0xE5, 0x68, 0xC3, 0x24, 0xDD, 0x8E, 0xF6, 0x10, 0xC2, 0x85, 0xA8, 0x99, 0x61, 0x52,
    0x07, 0x6C, 0x80, 0xAA, 0x9D, 0xF6, 0xB6, 0x2A, 0x45, 0xFC, 0x93, 0xD1, 0xCA, 0x11, 0x7C, 0x3E,
    0x9A, 0x7B, 0x8B, 0x98, 0xC9, 0x0E, 0x1E, 0xF8, 0xD9, 0x9D, 0x2F, 0x66, 0x22, 0x5D, 0x25, 0xE2,
    0x99, 0xB4, 0x84, 0x78, 0x60, 0x9A, 0x7D, 0xC0, 0xEB, 0xFA, 0xFB, 0xEF, 0xE8, 0xCF, 0x77, 0xF4,
    0x3F, 0xF9, 0xB7, 0xFE, 0x89, 0x85, 0xAC, 0x83, 0xD3, 0x2B, 0xA2, 0x2E, 0x03, 0xF3, 0xBF, 0x7B,
    0xFF, 0xB1, 0x3B, 0x44, 0xF9, 0x92, 0xB0, 0xC2, 0x7F, 0xD3, 0xF7, 0xDB, 0xEF, 0xFB, 0x39, 0x95,
    0xC9, 0x5D, 0x74, 0x01, 0x50, 0xC9, 0x93, 0x5E, 0xB9, 0xD7, 0x1D, 0xB3, 0xDB, 0x4A, 0x80, 0x8C,
    0x26, 0x19, 0x74, 0xFD, 0xC6, 0xCF, 0x2B, 0x47, 0x3A, 0x90, 0x97, 0xAC, 0x52, 0xB3, 0x17, 0x01,
    0x54, 0xC2, 0x93, 0x1E, 0xE5, 0xDE, 0xA8, 0x66, 0xB7, 0x54, 0xC2, 0x65, 0x5A, 0x0F, 0xDA, 0x8E,
    0xDC, 0x46, 0xE7, 0xC9, 0xED, 0x1B, 0x77, 0xF8, 0x27, 0x95, 0x70, 0x24, 0xB7, 0xD0, 0x88, 0xB4,
    0xA4, 0x76, 0xD6, 0x8D, 0x60, 0x1D, 0x50, 0x06, 0xE4, 0x01, 0xDA, 0x88, 0x58, 0x5D, 0x4F, 0x98,
    0x2E, 0x27, 0x6C, 0x77, 0x17, 0x01, 0xC3, 0x88, 0xC4, 0x93, 0x8B, 0xD4, 0x34, 0x72, 0x33, 0x85,
    0x3B, 0x03, 0xDD, 0xFB, 0x11, 0xF9, 0x88, 0x1F, 0x24, 0x35, 0xDF, 0xA8, 0xEC, 0x28, 0x25, 0x1B,
    0x98, 0xF5, 0x6A, 0x83, 0x72, 0x4A, 0xCC, 0x88, 0x97, 0x76, 0xC4, 0x57, 0x6E, 0xC4, 0x5F, 0xBB,
    0x11, 0x6E, 0x15, 0xB0, 0x08, 0xD0, 0xBF, 0x18, 0x91, 0x7E, 0xEE, 0xEE, 0xF6, 0xF9, 0x3A, 0xA0,
    0x0A, 0xC8, 0xC7, 0x9F, 0x25, 0xDA, 0x55, 0x82, 0x72, 0x7C, 0xA3, 0x67, 0x00, 0xE5, 0x84, 0x16,
    0xD8, 0xE9, 0x01, 0xDE, 0xE6, 0x4E, 0xF7, 0xFF, 0x05, 0xA7, 0x2E, 0x1E, 0xC8, 0x0C, 0x15, 0x0B,
    0xC8, 0xCD, 0x12, 0x74, 0xBD, 0x1A, 0x61, 0x7B, 0x48, 0x1F, 0x60, 0xD8, 0x6E, 0x98, 0x17, 0x90,
    0x53, 0x1A, 0x4E, 0xD1, 0x2E, 0xEE, 0x51, 0x22, 0x2D, 0x1C, 0xDD, 0xB2, 0x55, 0xB2, 0x1D, 0x1C,
    0x09, 0x90, 0xDE, 0x30, 0x26, 0xE7, 0xFB, 0x9D, 0xFB, 0x21, 0xA0, 0x7A, 0x40, 0x5F, 0x03, 0x0B,
    0x5D, 0xC3, 0x89, 0x1A, 0xC1, 0xF7, 0x3B, 0x37, 0x9D, 0xBE, 0xB1, 0xC4, 0xC2, 0xBB, 0x95, 0x01,
    0xE0, 0x7B, 0x1F, 0x39, 0xFD, 0x92, 0x0F, 0xDA, 0x4E, 0x67, 0xFF, 0x9F, 0x91, 0x70, 0x1C, 0xD9,
    0x55, 0x62, 0xF3, 0x8C, 0x74, 0x20, 0xF6, 0x24, 0x03, 0x59, 0xCE, 0x32, 0xB5, 0xE7, 0x71, 0x0B,
    0xB0, 0x23, 0x67, 0x8F, 0xA9, 0x64, 0xED, 0xE3, 0x3E, 0x12, 0x9B, 0xB4, 0x94, 0x56, 0xD7, 0x54,
    0x6D, 0x46, 0xFC, 0xB5, 0xCB, 0x49, 0x3F, 0xF7, 0x0B, 0xF2, 0x78, 0x44, 0x3F, 0x42, 0xB9, 0xD8,
    0x97, 0xBA, 0x56, 0x2E, 0x7F, 0x81, 0x6A, 0xB3, 0x8E, 0xD4, 0x6A, 0x4F, 0x66, 0xF4, 0x9A, 0x6B,
    0xE6, 0x22, 0x1D, 0x8F, 0x43, 0x0A, 0x26, 0x25, 0x35, 0x90, 0xFA, 0xED, 0xD7, 0x21, 0x33, 0x1E,
    0xA8, 0x12, 0x9A, 0xE1, 0x49, 0xC7, 0x91, 0x53, 0x8E, 0xD4, 0xFE, 0x67, 0xF0, 0xE8, 0x3A, 0xEE,
    0xC8, 0x0C, 0x1B, 0x1A, 0xA8, 0x64, 0x80, 0x54, 0xCE, 0xF8, 0x17, 0xB5, 0x92, 0x01, 0x84, 0x1D,
    0xC7, 0x1F, 0x80, 0xBF, 0x9D, 0x89, 0x1B, 0x7F, 0x4B, 0x26, 0x08, 0xC2, 0x91, 0x0D, 0x00, 0xC9,
    0x65, 0xE1, 0x8F, 0xC3, 0xBB, 0xB7, 0x13, 0x00, 0x20, 0x00, 0x40, 0x83, 0x02, 0x90, 0xA0, 0x08,
    0x7D, 0x77, 0x3B, 0x0D, 0x40, 0xE1, 0x40, 0x01, 0x40, 0x01, 0x10, 0x1C, 0x0E, 0xEF, 0xE5, 0x8D,
    0x14, 0x50, 0x74, 0x15, 0x0A, 0xE8, 0x48, 0x0E, 0xB4, 0x30, 0x6A, 0xE9, 0xF4, 0xBA, 0xEF, 0xFD,
    0xBA, 0xD7, 0x57, 0xD7, 0x93, 0x68, 0xDA, 0xCB, 0x25, 0xDF, 0xEC, 0x37, 0xD6, 0xD8, 0xFD, 0x7E,
    0x8B, 0x65, 0x83, 0xEA, 0x00, 0xDB, 0x01, 0x4B, 0x0F, 0x9C, 0x70, 0x81, 0x56, 0x58, 0x0E, 0x77,
    0x7B, 0x1E, 0x47, 0x1D, 0x29, 0xC3, 0xE5, 0xB6, 0x84, 0xF5, 0xAA, 0xA7, 0x72, 0xAC, 0x59, 0x42,
    0x2B, 0x03, 0x94, 0x72, 0x08, 0xDC, 0x02, 0x68, 0x81, 0x42, 0x02, 0x98, 0x97, 0x09, 0x2C, 0x4F,
    0x3E, 0xFA, 0xDC, 0xF2, 0x59, 0x04, 0xFB, 0x4D, 0xDA, 0xDC, 0xBD, 0x41, 0x2B, 0xC8, 0x87, 0x1F,
    0xB9, 0x61, 0x07, 0x60, 0x05, 0x98, 0x0C, 0x5C, 0x77, 0x5C, 0x40, 0x56, 0x56, 0x5C, 0x7B, 0xA2,
    0x56, 0x94, 0x1D, 0x09, 0x9D, 0x54, 0xA4, 0xE8, 0x4D, 0x80, 0xC1, 0x3A, 0xD8, 0xAB, 0x80, 0x7A,
    0x02, 0xD8, 0x0C, 0x98, 0x04, 0xE8, 0xF8, 0x0F, 0xDB, 0xF6, 0x29, 0xB0, 0x14, 0x47, 0x2B, 0x70,
    0xB7, 0xDF, 0x9C, 0xEA, 0xD3, 0xAF, 0xD1, 0x22, 0x4E, 0xC7, 0x2A, 0xE8, 0x78, 0xB6, 0x54, 0xDA,
    0xA8, 0x47, 0x4D, 0xD4, 0xB1, 0x0E, 0x5A, 0x04, 0x2D, 0x27, 0xE8, 0x08, 0xA6, 0x87, 0x56, 0x80,
    0xAD, 0x35, 0x34, 0x12, 0x18, 0x4C, 0x2A, 0x92, 0xFA, 0x73, 0xE9, 0xA8, 0x3B, 0x1D, 0xED, 0xD8,
    0x9A, 0xA0, 0xE3, 0xF1, 0xE8, 0x7C, 0xB4, 0x3D, 0x6B, 0xC7, 0xB1, 0x95, 0x75, 0x64, 0x35, 0x3A,
    0xD5, 0xAF, 0xDC, 0x54, 0xBF, 0x0E, 0xF3, 0xFA, 0xB5, 0xE4, 0x26, 0x2E, 0x0F, 0x01, 0x4A, 0xA0,
    0xF2, 0x50, 0x46, 0x50, 0x3D, 0x30, 0xE1, 0x1C, 0x25, 0x8E, 0x5A, 0x3A, 0x0E, 0x74, 0x62, 0xA6,
    0x12, 0x37, 0x47, 0x19, 0xDD, 0x92, 0x44, 0x33, 0xBA, 0x50, 0x89, 0x3C, 0x3A, 0x98, 0x44, 0xBB,
    0x16, 0x5F, 0xC5, 0x03, 0x00, 0x30, 0x80, 0xF5, 0xD0, 0x00, 0x33, 0x20, 0x5D, 0xB1, 0xF9, 0x29,
    0x14, 0x2B, 0xD0, 0x02, 0xE5, 0x97, 0x9E, 0x4A, 0x07, 0xAE, 0xE1, 0xDE, 0xBB, 0x67, 0xBF, 0xF0,
    0x34, 0xAF, 0x03, 0x93, 0x36, 0x70, 0xEB, 0xF6, 0x55, 0xBE, 0xED, 0x05, 0xD7, 0xB5, 0xA7, 0x2E,
    0x03, 0xB7, 0x8D, 0x07, 0xAE, 0xD6, 0x2A, 0x32, 0x98, 0x35, 0xD8, 0x6A, 0xD4, 0x6E, 0x2C, 0x57,
    0xA0, 0xFA, 0xF7, 0x6D, 0x2E, 0x50, 0x6B, 0xB5, 0xA6, 0x96, 0xEF, 0x24, 0x1C, 0xE8, 0x95, 0x89,
    0x33, 0x95, 0x75, 0xBA, 0xA9, 0x7A, 0x95, 0x50, 0xA7, 0xCB, 0xB4, 0x25, 0xF2, 0xD3, 0xC3, 0xE6,
    0xAB, 0x04, 0xF3, 0x22, 0x41, 0x26, 0xC3, 0x60, 0xD6, 0xDC, 0x68, 0xA5, 0x95, 0x58, 0xF5, 0x46,
    0x1C, 0xCB, 0xAE, 0x94, 0x5C, 0x3F, 0x18, 0xF6, 0x98, 0xCF, 0xB9, 0x91, 0x61, 0x73, 0x0D, 0xB0,
    0x80, 0xC6, 0x5F, 0xAB, 0x64, 0x50, 0x12, 0x01, 0x5E, 0xC0, 0xD2, 0x63, 0x1D, 0xF7, 0xE1, 0x08,
    0x40, 0x3B, 0x4C, 0x87, 0x4E, 0x30, 0xC0, 0x0E, 0x1B, 0x0A, 0xF1, 0x56, 0x52, 0x53, 0xE4, 0x19,
    0xC3, 0x9C, 0xB9, 0xC8, 0x20, 0x92, 0xFF, 0x0E, 0xBA, 0x31, 0x98, 0x95, 0x1C, 0x02, 0x68, 0x4F,
    0x19, 0xB0, 0x9E, 0x29, 0x3C, 0xBD, 0xFC, 0xEB, 0xFB, 0x20, 0xA8, 0x9F, 0x83, 0x7E, 0x19, 0x4B,
    0xE2, 0xA5, 0x5E, 0x2F, 0x89, 0xF6, 0x59, 0x2A, 0x1F, 0x44, 0xB8, 0xEC, 0xDC, 0x5D, 0xF6, 0x69,
    0x5C, 0x19, 0x8A, 0x0E, 0x60, 0x3B, 0xB6, 0x51, 0xBF, 0xB5, 0xCA, 0xDF, 0x5A, 0x01, 0xEE, 0xB1,
    0xC7, 0xA0, 0x92, 0xF6, 0xEF, 0x7E, 0xB2, 0x38, 0x34, 0xC9, 0x0E, 0x7B, 0xD3, 0x63, 0xFB, 0xF0,
    0x9D, 0xCF, 0x1D, 0xED, 0xE4, 0xE9, 0xF3, 0x7B, 0xEF, 0x68, 0xE5, 0x66, 0x28, 0xDC, 0x23, 0xD4,
    0x2F, 0x11, 0x96, 0x40, 0x0B, 0xFA, 0x87, 0x80, 0x2A, 0x12, 0x70, 0x4C, 0xB1, 0x9E, 0x61, 0x65,
    0x4D, 0xC3, 0x92, 0x19, 0x8D, 0x9B, 0x53, 0xB9, 0x8C, 0xF5, 0x7F, 0xE9, 0x06, 0x2A, 0x16, 0xD4,
    0x34, 0x6E, 0x41, 0x25, 0x3D, 0x4A, 0x3C, 0x4C, 0x15, 0x20, 0xDF, 0x02, 0xBD, 0x00, 0x8F, 0x76,
    0xB9, 0xC0, 0xF6, 0x4B, 0x81, 0xF6, 0x47, 0x09, 0x98, 0x6C, 0x22, 0x3A, 0xEA, 0x84, 0x8E, 0xEA,
    0xDF, 0xB6, 0x32, 0x9B, 0x53, 0x9A, 0x95, 0x15, 0x07, 0xA0, 0x02, 0xE8, 0x08, 0x2A, 0x03, 0x0B,
    0xC0, 0x72, 0x4E, 0xB1, 0x8C, 0x94, 0xB2, 0xA2, 0x76, 0x2D, 0x33, 0x2A, 0x3F, 0xC7, 0x86, 0x4C,
    0x79, 0xEE, 0x80, 0xF5, 0x0B, 0x2A, 0xD7, 0xB8, 0x03, 0x2A, 0xC9, 0x6C, 0xFE, 0x0C, 0x80, 0x0E,
    0x74, 0x02, 0xD3, 0x81, 0x75, 0xB0, 0x73, 0xF5, 0x26, 0x35, 0xD0, 0x06, 0xF8, 0x35, 0xA2, 0xBB,
    0x1E, 0xE3, 0xFF, 0x7F, 0xA5, 0xA6, 0x4E, 0x77, 0xB0, 0xC3, 0x13, 0xEC, 0x27, 0x89, 0x2D, 0xE3,
    0xAF, 0xD6, 0xF2, 0xBB, 0x94, 0x61, 0x8E, 0xF1, 0x4F, 0x01, 0xAE, 0xD4, 0xE2, 0x08, 0x32, 0x3C,
    0x67, 0x83, 0x48, 0x1A, 0x2F, 0xB8, 0x70, 0xFE, 0xB8, 0xBF, 0xA3, 0xC6, 0xB3, 0xB2, 0xAB, 0x42,
    0xE5, 0xAA, 0xAE, 0xE6, 0xF3, 0x34, 0x2D, 0x5E, 0xA5, 0x69, 0xF9, 0x2C, 0x4D, 0x77, 0x54, 0x6A,
    0x8E, 0x74, 0xAC, 0x3A, 0xD3, 0xD9, 0xAE, 0xF2, 0x8D, 0xAC, 0xB9, 0xB3, 0x3C, 0x61, 0xC3, 0x04,
    0xA0, 0x01, 0xA8, 0x3D, 0x60, 0x3A, 0x80, 0xC8, 0x05, 0xB6, 0x63, 0x99, 0x68, 0x62, 0xFD, 0x9F,
    0xFE, 0x23, 0x9D, 0x74, 0x42, 0xF5, 0x55, 0xA2, 0x90, 0xB5, 0x78, 0xDA, 0x28, 0x8E, 0x0D, 0xF7,
    0x00, 0xF6, 0x01, 0x06, 0x40, 0x25, 0x40, 0xFB, 0x8F, 0x30, 0x48, 0x47, 0xA0, 0xCC, 0x40, 0xB5,
    0x0F, 0xEC, 0x55, 0xC0, 0x67, 0xE6, 0xC3, 0x0E, 0xDA, 0xDD, 0x01, 0xE6, 0x53, 0xE0, 0xE9, 0x0E,
    0x00, 0x1F, 0x24, 0xFF, 0xFB, 0x59, 0xFE, 0x7B, 0x71, 0x00, 0xD0, 0x83, 0x1A, 0x35, 0x11, 0xAC,
    0x83, 0xFF, 0x71, 0xCE, 0x32, 0x37, 0x43, 0xD3, 0x95, 0xD1, 0x7A, 0x1D, 0xCA, 0x50, 0x7A, 0xD3,
    0x59, 0x74, 0xAC, 0x28, 0xD2, 0x1E, 0xF4, 0x13, 0x98, 0x1F, 0xC1, 0x24, 0x41, 0x1D, 0xA1, 0x0A,
    0x60, 0xFD, 0xA6, 0x51, 0x03, 0x0B, 0x30, 0x19, 0x24, 0xC2, 0xD2, 0xC1, 0x76, 0x84, 0x36, 0x82,
    0x7E, 0xD3, 0x57, 0x6B, 0xB4, 0x48, 0xD0, 0xD9, 0x24, 0x1D, 0x55, 0xAF, 0x23, 0xA3, 0xE4, 0x8D,
    0x8C, 0xF7, 0xC5, 0xD9, 0xF9, 0x68, 0xD9, 0x69, 0x11, 0xA7, 0x25, 0xBF, 0xD5, 0xA8, 0xD6, 0xD0,
    0x0A, 0xA8, 0xEE, 0x08, 0x1D, 0x33, 0x2A, 0x3C, 0x67, 0x03, 0xB4, 0x69, 0x99, 0xEA, 0xAE, 0xEA,
    0xAC, 0xB7, 0xCE, 0x04, 0x8B, 0x0E, 0xF7, 0xD1, 0x71, 0x8F, 0x22, 0x4D, 0xA0, 0x3F, 0x82, 0xE3,
    0x04, 0xB3, 0x08, 0x4D, 0x80, 0x7A, 0xD4, 0x3A, 0xA8, 0x80, 0x29, 0x30, 0x07, 0x93, 0xA1, 0x8D,
    0xD0, 0x38, 0xF8, 0x03, 0xAD, 0x97, 0x31, 0x6C, 0xE4, 0xC6, 0x15, 0x86, 0x3F, 0x72, 0x62, 0x31,
    0xF0, 0x20, 0x1E, 0x17, 0x41, 0x8A, 0x6C, 0x00, 0xA6, 0x0C, 0x20, 0xF8, 0x98, 0xC2, 0x45, 0x0A,
    0x1D, 0x49, 0xE0, 0x7A, 0xE4, 0xFA, 0xCA, 0x7D, 0x73, 0x2E, 0x52, 0x5C, 0x21, 0x89, 0x4C, 0x5F,
    0xDC, 0xF5, 0x95, 0xEB, 0x34, 0xE7, 0xE2, 0x0A, 0x15, 0x6B, 0xED, 0xA4, 0x4A, 0xE1, 0x86, 0xA9,
    0xDD, 0x30, 0x89, 0x80, 0x04, 0x6E, 0x8E, 0x09, 0x18, 0x64, 0x14, 0x70, 0xF9, 0x32, 0xEF, 0xBC,
    0xBB, 0xD1, 0x59, 0x2B, 0x29, 0x8B, 0xDC, 0xBF, 0xFC, 0x7F, 0x81, 0xC3, 0xD9, 0x99, 0xEF, 0xCD,
    0x8C, 0xB4, 0x2B, 0x9C, 0x74, 0x90, 0xC7, 0xB8, 0xA5, 0x4F, 0x34, 0x1A, 0x0D, 0x01, 0x92, 0x37,
    0x2D, 0x98, 0xAF, 0x7D, 0x8C, 0x3F, 0x74, 0x60, 0x9F, 0xF4, 0xE0, 0xD2, 0x01, 0x1E, 0x31, 0xC2,
    0x09, 0x13, 0x34, 0x12, 0x43, 0x64, 0x86, 0x81, 0x8A, 0xB4, 0x27, 0xAF, 0x8D, 0xC7, 0xB5, 0xF9,
    0x15, 0xCF, 0xAE, 0x9A, 0x29, 0x91, 0xA9, 0x90, 0x8E, 0x42, 0x3C, 0x5B, 0xA5, 0x52, 0xA3, 0x6D,
    0xE7, 0x66, 0xE0, 0x34, 0x1D, 0xF8, 0x71, 0x34, 0xD1, 0x47, 0x32, 0x50, 0x45, 0x7F, 0x95, 0x0E,
    0x84, 0xE8, 0x29, 0x1B, 0x68, 0x66, 0x69, 0xF3, 0xFE, 0x1C, 0x50, 0xFD, 0x02, 0x0F, 0xA5, 0xF1,
    0xCA, 0x0E, 0xA4, 0x81, 0x77, 0x74, 0xAA, 0x31, 0x01, 0xC9, 0x0C, 0x98, 0x37, 0x40, 0xF6, 0xA2,
    0x06, 0xF7, 0xEB, 0x36, 0x86, 0xF5, 0xF0, 0x89, 0xE9, 0xE0, 0xC4, 0x0C, 0xF0, 0x3C, 0x19, 0x41,
    0x24, 0x90, 0x88, 0x4C, 0x98, 0x9E, 0x33, 0x8C, 0xA7, 0xC2, 0xB6, 0x14, 0xE4, 0x1D, 0x4D, 0x2F,
    0xC1, 0xC8, 0xB8, 0x9D, 0x55, 0x27, 0xCD, 0xA5, 0xD6, 0x29, 0xFF, 0x8F, 0x3A, 0x2E, 0x81, 0x93,
    0x77, 0x21, 0x45, 0x21, 0xDF, 0xD4, 0x60, 0x5F, 0x78, 0x25, 0x8D, 0x51, 0x64, 0x3D, 0x3C, 0x56,
    0xC8, 0x53, 0x33, 0x42, 0x48, 0xB6, 0x90, 0x22, 0x6B, 0x4C, 0xA7, 0x90, 0x4A, 0x9A, 0x47, 0xD2,
    0x1D, 0x64, 0xBE, 0xAB, 0x3F, 0x6C, 0xC7, 0x67, 0xD5, 0x01, 0x85, 0x4F, 0x67, 0xC8, 0xC5, 0x53,
    0xDA, 0x8E, 0xA5, 0xE9, 0x39, 0x89, 0x66, 0xE3, 0x23, 0xE9, 0x69, 0xA2, 0x27, 0xD3, 0x2B, 0x26,
    0xAB, 0x59, 0x50, 0x4C, 0x08, 0x5A, 0xCA, 0xA6, 0x9F, 0x96, 0xA5, 0xB0, 0xDA, 0xAE, 0xFA, 0x19,
    0xF0, 0x15, 0x98, 0x09, 0xDC, 0x4B, 0x76, 0x5A, 0xCC, 0x75, 0xE4, 0xF4, 0xB6, 0xB3, 0x5E, 0xCF,
    0x40, 0x89, 0xF1, 0xA7, 0x24, 0x2C, 0x81, 0xF0, 0x3D, 0x6B, 0xDB, 0x19, 0x50, 0x29, 0x7A, 0xCF,
    0xD3, 0x4C, 0xA4, 0xE3, 0xD9, 0x8C, 0x2A, 0x6D, 0xC9, 0x3A, 0x9C, 0xA7, 0x80, 0x5F, 0xA1, 0x42,
    0x6B, 0xB1, 0x12, 0x8A, 0x64, 0x7A, 0xCC, 0xC5, 0x92, 0x8F, 0x03, 0xE8, 0x05, 0x93, 0x82, 0x50,
    0xB5, 0x3F, 0xC8, 0x65, 0x4A, 0xA5, 0x27, 0x69, 0x21, 0x1B, 0x21, 0x8F, 0xAD, 0x67, 0x39, 0x0C,
    0x59, 0x7D, 0x0B, 0xAF, 0xCF, 0x36, 0x78, 0x69, 0xC4, 0xE3, 0x60, 0xBC, 0x12, 0xA4, 0x4E, 0xFF,
    0xEA, 0xCD, 0xEF, 0x07, 0xCB, 0x97, 0x87, 0xE1, 0xA5, 0xDB, 0xD5, 0xEC, 0x51, 0xDD, 0x8D, 0x66,
    0x0E, 0x47, 0xBB, 0x80, 0x49, 0x13, 0x38, 0x08, 0x2A, 0xF1, 0xB6, 0x4E, 0x86, 0x02, 0x96, 0x4B,
    0xA8, 0x06, 0x70, 0x1D, 0x24, 0xF5, 0x5D, 0x60, 0xED, 0xA1, 0x60, 0x1F, 0x31, 0xB8, 0x27, 0x9D,
    0xF9, 0xA6, 0x4D, 0x04, 0x4E, 0x6F, 0xB3, 0xBD, 0x5E, 0xC2, 0x5D, 0x6C, 0xD4, 0x09, 0x24, 0x43,
    0x0E, 0x2C, 0x4F, 0x81, 0x62, 0x00, 0x32, 0xCF, 0x0D, 0x1D, 0xCB, 0x35, 0x54, 0x22, 0x3D, 0xA6,
    0xCF, 0xA6, 0x18, 0x5C, 0x6A, 0x14, 0x75, 0x0C, 0xD7, 0x6A, 0xF8, 0x18, 0xF6, 0x66, 0x6C, 0x1F,
    0xD4, 0xDA, 0x8F, 0x18, 0x67, 0x31, 0x8E, 0x02, 0xB9, 0x12, 0x37, 0x3A, 0x1E, 0xC9, 0xA5, 0x85,
    0x6C, 0xB6, 0x35, 0x94, 0xEE, 0x6D, 0x10, 0xE3, 0x47, 0x1A, 0x3F, 0x24, 0x59, 0xCD, 0x60, 0x25,
    0x46, 0x51, 0x9F, 0x6B, 0xD1, 0x25, 0x2C, 0x35, 0xC2, 0xBB, 0x31, 0xED, 0x1E, 0x54, 0x68, 0x67,
    0x79, 0xD3, 0x93, 0xCD, 0x79, 0xCF, 0x33, 0x9D, 0x63, 0xA5, 0xB3, 0x59, 0xBF, 0x18, 0x63, 0xB0,
    0xD6, 0xA8, 0x34, 0x0A, 0x0D, 0x57, 0x8B, 0x78, 0xD7, 0x8A, 0xC6, 0xDB, 0xDB, 0x6D, 0xE8, 0x53,
    0x4A, 0x8D, 0x29, 0x46, 0x36, 0x50, 0x88, 0xB4, 0xAC, 0xE4, 0x0A, 0x65, 0x86, 0x34, 0x9A, 0x12,
    0x9C, 0x0C, 0x6A, 0x28, 0x95, 0x56, 0x61, 0x95, 0x55, 0x51, 0x15, 0x88, 0x70, 0xC3, 0xD3, 0xA6,
    0x4D, 0x19, 0x15, 0x51, 0x09, 0x91, 0x99, 0x44, 0xD6, 0xDC, 0x54, 0x25, 0x32, 0x1C, 0x47, 0x9B,
    0x1E, 0xF5, 0x97, 0xD1, 0xEC, 0x2C, 0x52, 0xAB, 0xB7, 0xF7, 0x1B, 0x7F, 0x1A, 0xFD, 0x9B, 0xE8,
    0xD7, 0x0B, 0x91, 0xB1, 0x11, 0x19, 0xAC, 0x0C, 0x4E, 0x3A, 0x54, 0x24, 0xD2, 0x46, 0xC2, 0x2A,
    0x09, 0xA7, 0x4C, 0x4B, 0x96, 0x22, 0x93, 0x48, 0xF8, 0xEF, 0x11, 0xA8, 0xE3, 0x11, 0x08, 0xA9,
    0xBC, 0x44, 0xF5, 0x85, 0x81, 0x90, 0x43, 0x33, 0x81, 0xED, 0xF7, 0x21, 0x29, 0xCE, 0xE7, 0xDF,
    0x43, 0x6A, 0xD5, 0x7B, 0x90, 0xD4, 0x3B, 0x24, 0xE0, 0x43, 0x7E, 0xE9, 0x7E, 0x3B, 0x64, 0xD2,
    0x71, 0xC9, 0x21, 0x6C, 0x1D, 0xB6, 0x05, 0xE7, 0xD1, 0x9F, 0xF7, 0x2C, 0xD5, 0xB0, 0x67, 0xA9,
    0x78, 0x68, 0xA9, 0x6E, 0xFE, 0x3E, 0x1F, 0xB4, 0x60, 0x7B, 0x26, 0x7F, 0xF9, 0x00, 0xC0, 0x76,
    0xF2, 0x31, 0x4E, 0x3E, 0xE8, 0xE4, 0x90, 0x03, 0xA7, 0x40, 0x00, 0xA6, 0xCD, 0x67, 0x49, 0xE1,
    0x13, 0xA9, 0x9D, 0xF4, 0x55, 0x3A, 0x9E, 0xA1, 0x08, 0xD3, 0x0D, 0x8A, 0xA5, 0x22, 0xA0, 0x08,
    0x32, 0x92, 0xE9, 0x71, 0xA5, 0x80, 0xA2, 0xC6, 0x05, 0xB2, 0x11, 0x3E, 0xC0, 0x74, 0x05, 0xC9,
    0xB8, 0x84, 0x46, 0xC7, 0xF7, 0x70, 0xF4, 0xFE, 0x0E, 0xD6, 0x47, 0xF4, 0xEE, 0x89, 0x37, 0xDF,
    0xD4, 0xC9, 0xAC, 0xDC, 0x07, 0x9E, 0xB0, 0xA7, 0x60, 0x02, 0x58, 0x81, 0xC2, 0xB5, 0x3C, 0x4F,
    0x3D, 0x5B, 0x2D, 0xA4, 0x47, 0x24, 0x64, 0x57, 0x84, 0xBC, 0xE6, 0xA2, 0x84, 0xCF, 0x6F, 0xFF,
    0x01, 0xAC, 0x64, 0xE2, 0xA7, 0xEB, 0x25, 0x2C, 0xCF, 0xA3, 0xAB, 0x96, 0x65, 0xFE, 0xCF, 0x64,
    0x8A, 0xDC, 0x13, 0xCF, 0x36, 0x27, 0xB8, 0x02, 0x9A, 0x16, 0xFE, 0xE5, 0x49, 0xFF, 0x38, 0x60,
    0xEA, 0xCF, 0x36, 0x88, 0xAF, 0x3A, 0x27, 0xD2, 0x15, 0x75, 0xA8, 0x4B, 0x1E, 0x53, 0x52, 0x52,
    0x45, 0xE7, 0xF5, 0x12, 0x2B, 0x01, 0xB7, 0x7A, 0xC9, 0xA3, 0xCD, 0xDB, 0x0B, 0xB9, 0xC6, 0x89,
    0xB4, 0x8F, 0x71, 0xFE, 0x02, 0xEB, 0x03, 0xAE, 0x5D, 0xD3, 0xD0, 0x48, 0xC0, 0x4A, 0x0B, 0xBB,
    0xEF, 0x2A, 0x99, 0x27, 0x17, 0x48, 0x03, 0xB7, 0xEA, 0x18, 0xB9, 0x70, 0x35, 0xCF, 0x4B, 0xF8,
    0x74, 0x7F, 0x1D, 0x47, 0xF7, 0xD6, 0xF1, 0x21, 0x3F, 0xC7, 0xB5, 0x03, 0x99, 0x74, 0x70, 0x89,
    0xEA, 0xE0, 0x3A, 0x2A, 0xB9, 0x26, 0x17, 0x69, 0xCF, 0x70, 0x3E, 0xEC, 0xA9, 0x63, 0xCF, 0xA7,
    0xE4, 0xBE, 0xBD, 0x78, 0xBD, 0x7F, 0x2F, 0x9A, 0xFB, 0xF7, 0x62, 0x0B, 0xF1, 0x88, 0xAD, 0xDE,
    0xFF, 0x3E, 0x3C, 0xCC, 0xB9, 0x59, 0xEB, 0x9F, 0xDC, 0x7F, 0x66, 0x18, 0x81, 0x69, 0xF3, 0xCE,
    0x11, 0x92, 0x0E, 0xEC, 0x86, 0xFD, 0x04, 0xD8, 0x0E, 0xDA, 0x68, 0xDB, 0xFB, 0xAF, 0x63, 0xA3,
    0x52, 0x43, 0x6F, 0xD3, 0xBF, 0xF4, 0x60, 0xDB, 0xD7, 0xF0, 0x01, 0x1F, 0xA3, 0xA2, 0x11, 0x56,
    0xEB, 0xE3, 0x91, 0xE2, 0xCA, 0xF4, 0x64, 0x7E, 0x6F, 0x88, 0xC8, 0x26, 0xF4, 0xF6, 0xCE, 0x58,
    0x5C, 0x93, 0x87, 0xB7, 0xE3, 0xA1, 0x8A, 0x6D, 0xE0, 0x82, 0x56, 0x76, 0xA6, 0xA5, 0x3A, 0xE0,
    0x29, 0x5B, 0x2D, 0x7A, 0xA0, 0xD1, 0x30, 0xFB, 0xE2, 0xCF, 0x52, 0x63, 0x44, 0x3C, 0x26, 0x64,
    0x7D, 0x6C, 0x33, 0x43, 0x8C, 0xF4, 0xA1, 0xB0, 0x21, 0xFB, 0x37, 0xD5, 0xDA, 0x49, 0x1D, 0x19,
    0x64, 0x2E, 0xF4, 0xFF, 0x17, 0xEB, 0xB1, 0xFE, 0xD5, 0xB7, 0xBF, 0x7B, 0xF5, 0xAD, 0xA8, 0xDE,
    0xDE, 0x7E, 0x17, 0x22, 0xB2, 0x09, 0xBD, 0xBD, 0x33, 0x8A, 0x40, 0x11, 0x74, 0xBC, 0xB5, 0x32,
    0x53, 0xEC, 0x20, 0x2B, 0xF1, 0x68, 0x6C, 0x99, 0xFF, 0x24, 0xAD, 0x32, 0x47, 0xDC, 0xB5, 0xE2,
    0x0E, 0xC9, 0xA8, 0x0F, 0xC2, 0x03, 0x61, 0x43, 0x3A, 0x47, 0x66, 0x2B, 0x75, 0x79, 0x24, 0x2F,
    0xFE, 0x2E, 0x9F, 0x3D, 0x07, 0x58, 0xCD, 0xC7, 0xC1, 0xF4, 0x77, 0xBD, 0x16, 0xD7, 0xAB, 0x39,
    0xF6, 0xFE, 0xFA, 0x1F, 0xF2, 0x54, 0x7B, 0xB3, 0xE8, 0x9B, 0xBD, 0xBD, 0x1A, 0x69, 0x04, 0x11,
    0x76, 0x6A, 0x84, 0x63, 0x9D, 0xF7, 0x7F, 0xBA, 0x16, 0xD7, 0xDA, 0xBF, 0x10, 0xAF, 0x35, 0xAA,
    0xD0, 0x6F, 0x58, 0x01, 0xEE, 0xBE, 0xD2, 0xB9, 0xCE, 0xB5, 0xF3, 0x17, 0x69, 0x70, 0xCD, 0x64,
    0x7B, 0x80, 0xE6, 0xC1, 0x52, 0x36, 0xFD, 0xD7, 0xB6, 0xBF, 0xBF, 0x18, 0x59, 0xEB, 0x76, 0xDE,
    0xF5, 0x2A, 0xFE, 0x26, 0xEB, 0xAC, 0xCD, 0x29, 0xA9, 0x28, 0x46, 0x3B, 0x24, 0x01, 0x33, 0x91,
    0x8E, 0xEC, 0xB4, 0x18, 0xA8, 0x06, 0xD2, 0xBB, 0xAF, 0x78, 0x7A, 0x0A, 0xA9, 0x39, 0xE7, 0xBB,
    0xAD, 0x33, 0x83, 0x16, 0xC4, 0x0A, 0xDB, 0x3A, 0x6F, 0x5B, 0x54, 0x3C, 0x0C, 0xB1, 0xBF, 0x00,
    0x1B, 0x0B, 0xF8, 0x0F, 0xBD, 0x96, 0x31, 0x8C, 0x1B, 0xC7, 0x15, 0x86, 0xBF, 0xDD, 0x89, 0xBD,
    0x82, 0x06, 0xC2, 0xAA, 0x50, 0x61, 0x80, 0x90, 0x57, 0x65, 0x80, 0xB3, 0xB5, 0x8D, 0x4A, 0x1D,
    0x77, 0x92, 0xF4, 0x40, 0xFA, 0x2A, 0x7D, 0x23, 0x17, 0x2A, 0x5C, 0x9C, 0xB4, 0x8B, 0xA4, 0x4C,
    0xA3, 0xBE, 0xEF, 0xA1, 0x42, 0x85, 0x80, 0xF0, 0xC2, 0x8D, 0xD3, 0x23, 0x1B, 0xA4, 0x87, 0xE7,
    0x60, 0x01, 0x2A, 0x52, 0x68, 0x00, 0x6F, 0x92, 0xE1, 0x65, 0xC9, 0xC9, 0x7B, 0xA0, 0x78, 0xA2,
    0x62, 0x5F, 0x42, 0xDD, 0x45, 0xF9, 0xB9, 0xFF, 0xA7, 0x99, 0x79, 0xE0, 0x9B, 0x37, 0x6F, 0x44,
    0xF2, 0xDA, 0x54, 0xA5, 0xFE, 0x28, 0xDE, 0xDC, 0x60, 0x3C, 0xF1, 0x5A, 0x98, 0xAD, 0x04, 0x6D,
    0x62, 0x04, 0xB2, 0x20, 0x30, 0x0A, 0x3B, 0x08, 0x5A, 0x27, 0x98, 0x20, 0x8B, 0x85, 0x37, 0x53,
    0x19, 0xF2, 0x51, 0x96, 0xF7, 0x34, 0x0B, 0xB3, 0xD0, 0xC8, 0x2B, 0x3F, 0xE0, 0x55, 0x9C, 0xE7,
    0xA1, 0x4E, 0x3F, 0x0F, 0x90, 0x8B, 0x8D, 0xB8, 0x18, 0xA0, 0xEA, 0x61, 0x09, 0x44, 0x54, 0xF7,
    0x61, 0xD9, 0xE7, 0xDF, 0x07, 0xDB, 0xBF, 0xC8, 0xB8, 0x0D, 0x14, 0x29, 0xE4, 0xCB, 0x8E, 0x39,
    0x87, 0x3E, 0xC7, 0x70, 0x02, 0x13, 0xF9, 0x48, 0x35, 0xD0, 0x38, 0x54, 0x11, 0xB3, 0xA1, 0xF8,
    0x96, 0xB2, 0xE8, 0xBE, 0xC8, 0x3B, 0xE0, 0xD3, 0x48, 0x15, 0xE1, 0x90, 0x67, 0xD4, 0x72, 0xAD,
    0xA7, 0xED, 0x38, 0x85, 0x76, 0x63, 0xB5, 0xED, 0x99, 0xB6, 0x3D, 0x1F, 0x05, 0xB6, 0x17, 0x34,
    0x08, 0xA2, 0xE0, 0x3B, 0x2F, 0x48, 0x6E, 0x87, 0xBF, 0x0E, 0xBA, 0x36, 0x6A, 0x74, 0xAD, 0x68,
    0x9C, 0xA0, 0x1C, 0x04, 0x46, 0xDB, 0xCE, 0xD2, 0xB5, 0x1B, 0xED, 0xC0, 0x56, 0xA3, 0x62, 0x52,
    0x2C, 0x76, 0xD3, 0x6C, 0x80, 0x99, 0x87, 0x46, 0x6C, 0x7E, 0xE0, 0xE5, 0x64, 0x7C, 0xF5, 0xCA,
    0xF8, 0x5A, 0x77, 0xC7, 0xBC, 0xF6, 0x98, 0xD4, 0xE9, 0xAE, 0xB2, 0x69, 0x90, 0xB5, 0x49, 0xDC,
    0x88, 0xAB, 0xC1, 0xC6, 0x22, 0x36, 0x6B, 0x26, 0x54, 0x59, 0x10, 0x47, 0x60, 0xDC, 0x8E, 0x4D,
    0xC7, 0x91, 0xE4, 0x6A, 0x7D, 0xE5, 0xB7, 0xB9, 0x16, 0xDB, 0xF7, 0xBF, 0xE9, 0x31, 0x49, 0xFC,
    0x5A, 0xC6, 0x67, 0x93, 0xEE, 0x87, 0xC4, 0xDF, 0xE6, 0xCA, 0x26, 0x54, 0x15, 0xB0, 0x84, 0x62,
    0x82, 0xD2, 0x71, 0xA1, 0x36, 0xC1, 0x91, 0x36, 0xC4, 0x1F, 0xEC, 0x07, 0xE2, 0x17, 0xE2, 0x71,
    0x96, 0x52, 0x68, 0xC5, 0xDC, 0x80, 0x53, 0xEC, 0x9A, 0xE6, 0x19, 0x5B, 0xCD, 0x3C, 0xAD, 0xC7,
    0x7C, 0xC8, 0x63, 0x57, 0xB4, 0xE9, 0xAA, 0xE5, 0x3C, 0x7E, 0xAF, 0x1C, 0x55, 0xE9, 0xC4, 0x3D,
    0x58, 0xB1, 0x8E, 0xBF, 0xD4, 0xA2, 0x5A, 0x6F, 0xFE, 0xE3, 0xCB, 0xAE, 0x74, 0x7F, 0x33, 0x98,
    0x90, 0x07, 0x33, 0x58, 0x07, 0x16, 0xB1, 0x6B, 0x53, 0xE9, 0x8E, 0x62, 0x89, 0xF1, 0xB7, 0xC4,
    0x37, 0xAE, 0xD4, 0xA4, 0x99, 0x97, 0xED, 0x83, 0x39, 0x93, 0x67, 0x30, 0x67, 0xBD, 0x39, 0x73,
    0x07, 0xB5, 0x64, 0x83, 0x96, 0xD4, 0xAC, 0x7E, 0x6C, 0x13, 0xDB, 0x19, 0x5F, 0xF6, 0xFA, 0xEF,
    0xFE, 0xFA, 0x6E, 0x63, 0xE3, 0xB3, 0xDD, 0xE6, 0xFE, 0xF2, 0xFB, 0xB8, 0x6F, 0x7C, 0x23, 0xFC,
    0x61, 0x68, 0xA6, 0x3B, 0xBB, 0x2A, 0xF5, 0xDC, 0xDC, 0x00, 0x71, 0xDF, 0xB7, 0x61, 0x35, 0x42,
    0x1A, 0xC8, 0x27, 0xA8, 0x23, 0x7C, 0xFD, 0x2E, 0x7E, 0x4B, 0xFC, 0xA5, 0xF8, 0xF8, 0xD3, 0x94,
    0xA6, 0x4A, 0xFC, 0x63, 0x1F, 0x61, 0xC7, 0xF9, 0x40, 0x72, 0x4C, 0x18, 0x8D, 0xF2, 0xD3, 0xF7,
    0xA2, 0xE4, 0x1B, 0xDD, 0x99, 0xAD, 0x8C, 0x0E, 0x2A, 0xC5, 0xD2, 0x09, 0x5E, 0xB1, 0xA7, 0x26,
    0xD0, 0xA6, 0x6A, 0xE2, 0x28, 0x9A, 0x0D, 0x72, 0x85, 0xC9, 0x09, 0xDE, 0xF4, 0x82, 0xEF, 0xBC,
    0xE0, 0x6C, 0x14, 0xF8, 0x85, 0x62, 0xAE, 0x28, 0x7F, 0x21, 0xB0, 0x7F, 0xF4, 0x6F, 0xE3, 0xFC,
    0x43, 0xD1, 0x2A, 0x6A, 0x3F, 0x5B, 0x51, 0xFA, 0x36, 0x21, 0x93, 0x3D, 0xDD, 0x55, 0xCC, 0x15,
    0xD3, 0xEE, 0x4B, 0x37, 0xEF, 0xD9, 0xD3, 0xEC, 0x9B, 0xE4, 0x68, 0xDF, 0xA4, 0x9E, 0x22, 0x16,
    0x5E, 0x6B, 0x08, 0x82, 0xFC, 0xBF, 0xC1, 0xC6, 0xE2, 0x9C, 0x66, 0x5D, 0x26, 0xD7, 0x04, 0x96,
    0xEF, 0x1D, 0x81, 0xAB, 0x1F, 0x21, 0xEA, 0x11, 0x36, 0xEF, 0x8E, 0x70, 0xA2, 0x78, 0xAA, 0x38,
    0xBE, 0x98, 0x3E, 0xBF, 0x66, 0xCD, 0x93, 0xD4, 0x0C, 0x2A, 0x33, 0x28, 0x82, 0x20, 0x0F, 0xBB,
    0x69, 0xE1, 0x04, 0x3F, 0xE1, 0x97, 0xF0, 0xB9, 0x2E, 0x96, 0xBF, 0xED, 0xC1, 0xA4, 0x5D, 0xFF,
    0xB8, 0xF3, 0xF1, 0xEF, 0xED, 0x2B, 0x2B, 0x78, 0xF8, 0xB9, 0xA0, 0x3E, 0x11, 0xD8, 0x00, 0x12,
    0xFB, 0x9F, 0x5E, 0x59, 0x8D, 0xAA, 0x76, 0xCA, 0xB2, 0x43, 0xE9, 0x94, 0x95, 0x82, 0x87, 0x79,
    0x7C, 0xE4, 0x79, 0x50, 0x9E, 0xA7, 0x09, 0x58, 0xBA, 0xB5, 0x70, 0xC1, 0xFC, 0x43, 0x98, 0x6D,
    0xDC, 0xF2, 0x19, 0x36, 0xFD, 0x3A, 0x05, 0xED, 0xD4, 0x25, 0xFF, 0x3D, 0x06, 0xC1, 0x59, 0x10,
    0xF8, 0x49, 0x71, 0xAC, 0xA8, 0x14, 0xE5, 0x6F, 0x04, 0xE6, 0x2F, 0x82, 0xEC, 0x7B, 0x01, 0xBF,
    0x53, 0x34, 0xDA, 0xA9, 0x4A, 0x3B, 0x65, 0x07, 0xC0, 0x08, 0x3E, 0x29, 0x7A, 0x28, 0xCB, 0x4E,
    0x90, 0x80, 0x3C, 0xA2, 0xAD, 0xD1, 0xCE, 0x68, 0x63, 0xB4, 0x2F, 0x72, 0xF0, 0x4B, 0x6D, 0x63,
    0x1E, 0x9A, 0x75, 0x7E, 0xF9, 0x9F, 0x09, 0x6D, 0xEA, 0x60, 0x99, 0x1C, 0xFF, 0xAE, 0xD9, 0xC6,
    0x91, 0xA5, 0x14, 0xB0, 0x3E, 0x9F, 0xA8, 0x1C, 0x2D, 0x73, 0xED, 0xE7, 0x89, 0xB6, 0x73, 0x21,
    0xE8, 0x23, 0xD8, 0x3D, 0x4C, 0xBB, 0x80, 0x7B, 0x0A, 0x35, 0x8D, 0xE3, 0x09, 0xA5, 0xCF, 0x23,
    0x26, 0xA5, 0x01, 0x1E, 0xAD, 0xA0, 0x48, 0x51, 0x3C, 0xB2, 0x53, 0xB6, 0xF4, 0xD8, 0xB4, 0x96,
    0xAC, 0x2D, 0x27, 0x54, 0xF2, 0x6E, 0xCD, 0x6A, 0x2F, 0x3C, 0x49, 0xC6, 0x53, 0x2A, 0xD7, 0x48,
    0xCA, 0x2A, 0x45, 0xF2, 0xF4, 0x0C, 0xEE, 0xD0, 0xC1, 0xB1, 0xE9, 0xA1, 0x4E, 0x0E, 0x8A, 0xC8,
    0xFF, 0xA5, 0x76, 0xD5, 0x4D, 0xEE, 0x51, 0x76, 0xCF, 0x29, 0x74, 0xF1, 0xF7, 0x5C, 0xEF, 0x1C,
    0x5B, 0xF9, 0xBB, 0x50, 0x84, 0x53, 0xA8, 0xBE, 0x89, 0xF0, 0x44, 0xAF, 0xFD, 0xDE, 0x27, 0x1F,
    0xF5, 0x1C, 0x9F, 0xDD, 0x80, 0xE3, 0xFB, 0xB0, 0x38, 0x86, 0xF1, 0x25, 0xF9, 0xE0, 0xC1, 0xB9,
    0xAB, 0x9F, 0x63, 0x96, 0x24, 0x77, 0x26, 0x48, 0xDE, 0xEA, 0x0F, 0xDA, 0x50, 0x75, 0xC6, 0x33,
    0xCC, 0x11, 0x72, 0x82, 0x72, 0x81, 0x52, 0xAB, 0x48, 0xEF, 0xE8, 0x61, 0xDA, 0x8B, 0xCE, 0x95,
    0x5F, 0xD5, 0x9D, 0xF0, 0x79, 0x39, 0x0A, 0x43, 0x9E, 0x44, 0x01, 0xCD, 0xEF, 0xB3, 0xE5, 0xB3,
    0x6A, 0xA4, 0x4C, 0x31, 0x6D, 0x68, 0x48, 0xA1, 0xE1, 0x84, 0xA6, 0x2F, 0xDD, 0x82, 0xAA, 0x2F,
    0xBB, 0x28, 0x91, 0xB4, 0xA5, 0x13, 0x76, 0x30, 0xC9, 0x3A, 0x9C, 0x52, 0x0F, 0xD0, 0xB8, 0xE5,
    0x98, 0x51, 0xA5, 0xBF, 0xA5, 0x44, 0x9E, 0xBA, 0x3A, 0xF2, 0x56, 0x8F, 0x81, 0x5C, 0x67, 0x65,
    0x10, 0xCC, 0x1D, 0x7B, 0x3A, 0x4A, 0x11, 0x1A, 0xC9, 0x87, 0xF1, 0x55, 0x2F, 0x28, 0x06, 0x81,
    0xF1, 0x0A, 0x1D, 0xD9, 0x5E, 0xD0, 0x4A, 0x34, 0x4D, 0x08, 0xBC, 0xE0, 0x6C, 0x14, 0xF8, 0x85,
    0xA2, 0x51, 0x94, 0xBD, 0xA0, 0x08, 0xCC, 0x56, 0xD9, 0x9A, 0x36, 0x51, 0x3B, 0x00, 0xD3, 0x21,
    0x81, 0xCA, 0x71, 0x0C, 0x8F, 0x77, 0xF7, 0xFC, 0x87, 0xD8, 0x7E, 0x3B, 0x99, 0xE9, 0xB6, 0x09,
    0x18, 0xCF, 0x65, 0x3F, 0xF4, 0x87, 0xD7, 0xB4, 0x46, 0x10, 0x04, 0x67, 0x51, 0xE0, 0x4F, 0x15,
    0x8D, 0xBB, 0xA8, 0x69, 0x64, 0x76, 0xAE, 0x35, 0x25, 0x57, 0xEF, 0x0E, 0x1D, 0x14, 0x51, 0xF1,
    0x62, 0x37, 0xCD, 0x7B, 0xFD, 0x1A, 0x3E, 0xA8, 0x32, 0x40, 0x2B, 0x08, 0xE4, 0x41, 0x07, 0xD6,
    0x61, 0xDC, 0x17, 0xBA, 0xF6, 0x12, 0xB2, 0xBF, 0x07, 0xA0, 0xED, 0x05, 0x15, 0x1F, 0xBD, 0xC5,
    0x77, 0xB3, 0xA1, 0x34, 0x7D, 0xF1, 0x27, 0xF2, 0x35, 0x2C, 0x0E, 0xEF, 0xEF, 0xC5, 0x77, 0xA0,
    0x47, 0xF2, 0xD5, 0x03, 0xA7, 0x17, 0x9F, 0xED, 0x57, 0x36, 0x4D, 0x55, 0xF7, 0xB0, 0xE1, 0xE1,
    0x1C, 0x21, 0xD5, 0x80, 0x5D, 0x93, 0xA5, 0x81, 0x2A, 0x92, 0xAD, 0xEF, 0x31, 0xFF, 0x9A, 0xF9,
    0x82, 0x27, 0x4F, 0xB3, 0xA9, 0x4D, 0xC1, 0x6E, 0xF3, 0xDC, 0x82, 0x1A, 0x9E, 0xC0, 0x48, 0x36,
    0xB0, 0x95, 0xDD, 0xB8, 0x26, 0xF5, 0x93, 0xED, 0xA3, 0xE9, 0xD6, 0xD0, 0x7A, 0xCA, 0x0D, 0x2C,
    0xFB, 0x5F, 0xD9, 0x21, 0x18, 0x1F, 0xED, 0x90, 0x52, 0xA7, 0x1F, 0xD1, 0xCF, 0xA0, 0x71, 0xFC,
    0x73, 0x30, 0x7F, 0x0E, 0x85, 0x7B, 0x70, 0x9D, 0x32, 0xF2, 0x40, 0x31, 0x51, 0x3E, 0x62, 0x5E,
    0xBA, 0x13, 0xE3, 0x3E, 0xA8, 0x8C, 0x2B, 0x1E, 0xFC, 0x29, 0x2C, 0x3B, 0x4A, 0x47, 0x0D, 0x2F,
    0x0F, 0x3E, 0x32, 0x98, 0x11, 0x33, 0xC1, 0x82, 0x2C, 0x50, 0x74, 0xDC, 0xE4, 0x71, 0xF9, 0xB3,
    0x50, 0xBC, 0x1E, 0xB2, 0xE4, 0x34, 0xE7, 0x9D, 0x2B, 0x36, 0xE1, 0x5F, 0xBC, 0x91, 0x01, 0x84,
    0x1D, 0x47, 0x1C, 0xC6, 0x7F, 0xBB, 0x73, 0xB9, 0x6D, 0x33, 0xDA, 0x09, 0x82, 0x92, 0x24, 0x5B,
    0x04, 0xA1, 0xBD, 0x6C, 0x11, 0xB4, 0xEC, 0xBB, 0xD9, 0xB6, 0x28, 0xA0, 0x05, 0x00, 0x04, 0x00,
    0xEA, 0xA0, 0x38, 0xDC, 0xDD, 0x8E, 0x16, 0x50, 0x9A, 0x50, 0x00, 0x2A, 0x00, 0x80, 0xE2, 0xF0,
    0x70, 0x97, 0x1D, 0x82, 0x02, 0x3A, 0x40, 0x11, 0x98, 0x2A, 0x14, 0xC5, 0x94, 0xC5, 0xA6, 0xF6,
    0xDE, 0xBF, 0x6F, 0x73, 0x77, 0xC9, 0x49, 0x73, 0xDA, 0xC8, 0x6B, 0x3E, 0xDF, 0xF7, 0x19, 0x0F,
    0xFB, 0xBE, 0xEF, 0xFB, 0xEF, 0x17, 0xEE, 0xC0, 0x60, 0x67, 0x98, 0x01, 0x95, 0x00, 0x00, 0xBD,
    0x68, 0xAC, 0xF8, 0x51, 0xFB, 0x41, 0xB9, 0x23, 0x68, 0x23, 0x66, 0x01, 0x9D, 0xBF, 0xA3, 0x43,
    0x52, 0x71, 0xD0, 0x41, 0xC4, 0x6D, 0x3D, 0x46, 0x44, 0xC6, 0x49, 0xC9, 0xB8, 0x7A, 0xD2, 0x7D,
    0xE3, 0x6E, 0x63, 0x1C, 0xFF, 0x49, 0x5B, 0xBF, 0xA3, 0xE4, 0x08, 0x00, 0x4A, 0x07, 0x55, 0x00,
    0x15, 0xA1, 0xF0, 0x50, 0x36, 0x70, 0x19, 0xF8, 0x82, 0x3C, 0xA2, 0x26, 0x52, 0x49, 0x6A, 0x25,
    0xAA, 0xC8, 0x8B, 0x99, 0x2E, 0xE5, 0xD2, 0xD3, 0xDD, 0x03, 0xB0, 0x0D, 0xD6, 0xA3, 0x3D, 0x25,
    0x6C, 0x03, 0x6B, 0x28, 0xBF, 0x49, 0x9E, 0x06, 0xE8, 0x22, 0x54, 0x1E, 0x2E, 0x00, 0xB0, 0x9A,
    0x02, 0x79, 0x98, 0xA8, 0x3C, 0xDF, 0x3B, 0xF5, 0xDB, 0x4B, 0x44, 0x6D, 0x45, 0x16, 0x93, 0xE6,
    0xDA, 0x6F, 0x7C, 0xA5, 0xFD, 0xB5, 0x77, 0xB5, 0x7F, 0x07, 0xED, 0x61, 0x92, 0xC8, 0xB1, 0xB4,
    0x7F, 0xB1, 0x96, 0xEB, 0x23, 0xF2, 0xFC, 0x42, 0xF6, 0xCC, 0xDF, 0x5A, 0xF1, 0x4B, 0xBE, 0x60,
    0xA1, 0x22, 0xDD, 0x07, 0x23, 0x09, 0x2E, 0x9A, 0xC0, 0x73, 0x68, 0x85, 0x6E, 0x7C, 0xAF, 0x67,
    0x6B, 0xFA, 0x90, 0xF6, 0x2F, 0x67, 0x09, 0xE3, 0xF2, 0x9E, 0xB2, 0x61, 0x41, 0x07, 0xAD, 0x8C,
    0xA0, 0xE5, 0x1E, 0x6C, 0xAE, 0x03, 0x72, 0x17, 0xF8, 0x53, 0x80, 0x3B, 0xDB, 0x9C, 0xC1, 0x95,
    0xA8, 0x13, 0x36, 0x56, 0x09, 0x15, 0xF3, 0x7F, 0xB5, 0xA4, 0x12, 0x79, 0x5F, 0x26, 0x32, 0x59,
    0x88, 0xA3, 0x8D, 0xD2, 0xA0, 0x25, 0x81, 0x91, 0xF8, 0x7A, 0xCA, 0xB4, 0x02, 0x74, 0xB2, 0xDA,
    0x0A, 0x00, 0x5C, 0xE4, 0x03, 0x30, 0x2E, 0x41, 0x21, 0x1E, 0x78, 0xF0, 0xFF, 0x97, 0x01, 0xE0,
    0x7E, 0x0E, 0x0C, 0x06, 0x68, 0x8F, 0x00, 0x1D, 0x57, 0xDC, 0xED, 0x4B, 0x20, 0x9B, 0x1E, 0xEA,
    0xA1, 0x3F, 0x63, 0xC7, 0xBF, 0xB1, 0xFB, 0xAC, 0xA0, 0xAC, 0xBE, 0xE0, 0x7A, 0x04, 0xCC, 0x00,
    0x6C, 0xD4, 0x40, 0x5D, 0x9F, 0xBE, 0xCA, 0x1E, 0x28, 0xC2, 0xEA, 0x5A, 0xBE, 0x91, 0x35, 0xB0,
    0x5B, 0x78, 0xB2, 0xB1, 0x72, 0x14, 0xF1, 0x10, 0xCC, 0xC7, 0xF1, 0xF5, 0x5C, 0x30, 0xFF, 0xDA,
    0x41, 0xF1, 0x30, 0x80, 0xF9, 0xD6, 0x43, 0x69, 0x80, 0xF7, 0xAF, 0xAE, 0xF4, 0x8C, 0xED, 0xE2,
    0xD5, 0xD2, 0xFB, 0x29, 0xBD, 0x9B, 0xD2, 0x37, 0xB4, 0xB2, 0x00, 0x2D, 0x03, 0x50, 0x06, 0x60,
    0x13, 0xE0, 0x00, 0xE0, 0x10, 0xC0, 0x26, 0xA0, 0x0C, 0xAF, 0x92, 0xB9, 0x39, 0x39, 0x0A, 0x35,
    0x40, 0x02, 0xB2, 0x04, 0xE4, 0x3D, 0x80, 0x38, 0xA0, 0xE5, 0x19, 0x76, 0x01, 0x40, 0x1A, 0x00,
    0xF5, 0x4B, 0x80, 0xE9, 0x76, 0x09, 0x60, 0x8D, 0x4B, 0x9C, 0xC2, 0x4A, 0x73, 0x99, 0xF6, 0xA8,
    0x7A, 0xCC, 0x8C, 0x2B, 0xBD, 0x4A, 0xEC, 0x51, 0xF8, 0x3C, 0xD1, 0xA1, 0x7D, 0xD6, 0x23, 0x8D,
    0x71, 0x0C, 0x88, 0x33, 0x30, 0xE6, 0x8F, 0x7C, 0x09, 0x3B, 0xEA, 0xA7, 0x70, 0x0B, 0x66, 0xEA,
    0x61, 0x9C, 0x81, 0x2D, 0x3E, 0x49, 0x35, 0x94, 0x26, 0x4B, 0x73, 0x30, 0x9F, 0x33, 0xF4, 0x60,
    0x7E, 0xE0, 0x20, 0x41, 0xF1, 0x07, 0x7B, 0x11, 0xD4, 0x88, 0x0D, 0xA0, 0x06, 0x2A, 0x0F, 0x79,
    0xA2, 0x74, 0xC0, 0x3A, 0x00, 0x95, 0x7F, 0x3A, 0x0E, 0x7D, 0x0F, 0xE4, 0xB1, 0x06, 0xB2, 0x86,
    0x53, 0xB4, 0xA3, 0x6A, 0xBA, 0x54, 0x45, 0xED, 0xCA, 0xA0, 0xBD, 0xF1, 0xA6, 0x29, 0x82, 0x09,
    0x06, 0x15, 0xAB, 0x78, 0x9D, 0x3C, 0xCD, 0xD2, 0x06, 0x59, 0xFA, 0xB0, 0xAF, 0xA1, 0xDF, 0x9F,
    0x6F, 0xC3, 0x41, 0xDA, 0xF9, 0x11, 0x66, 0x71, 0x96, 0xC0, 0xFA, 0x2A, 0x42, 0xE9, 0x8D, 0x07,
    0xD3, 0x4C, 0x0E, 0x00, 0x3D, 0xA0, 0x16, 0x80, 0xB9, 0xEB, 0x60, 0x53, 0x05, 0xB8, 0x4C, 0x73,
    0xBA, 0xC8, 0xA7, 0x12, 0xCA, 0xC7, 0x74, 0x4D, 0x9E, 0xA8, 0x61, 0x64, 0x0E, 0x87, 0x24, 0xB0,
    0x2A, 0x40, 0xF9, 0x99, 0x07, 0xFD, 0xF3, 0xE9, 0x07, 0xB2, 0x11, 0x60, 0x38, 0xC7, 0xD6, 0x17,
    0x0E, 0xAC, 0x04, 0x00, 0x30, 0x0E, 0x6C, 0x80, 0xC3, 0x04, 0x69, 0x9B, 0xDC, 0xDF, 0x04, 0xA0,
    0xEB, 0xED, 0x60, 0x83, 0x8E, 0xC6, 0x29, 0xAF, 0xBD, 0x76, 0xC5, 0x93, 0x76, 0x25, 0x59, 0x9A,
    0xC1, 0xD4, 0x6B, 0xBE, 0x0F, 0x75, 0x02, 0xFB, 0xA4, 0x0B, 0x18, 0x07, 0x06, 0xA8, 0x80, 0x03,
    0x28, 0x06, 0x90, 0x08, 0x5D, 0x03, 0xCC, 0xB5, 0x83, 0xD1, 0xF8, 0xE3, 0xD7, 0x33, 0x74, 0x52,
    0x88, 0xDF, 0xEA, 0xB3, 0x07, 0x14, 0x91, 0x39, 0x79, 0x22, 0xC1, 0x98, 0x4F, 0x69, 0x94, 0x07,
    0xAB, 0x1B, 0x28, 0xBF, 0x03, 0xF4, 0x08, 0xA8, 0x1E, 0xC8, 0xD3, 0x39, 0x76, 0xE5, 0xAF, 0x06,
    0x5A, 0xF1, 0x00, 0xC0, 0x3E, 0xA8, 0x1E, 0xCA, 0x08, 0x1F, 0xF1, 0x14, 0x95, 0x88, 0xB7, 0x22,
    0x61, 0x46, 0xE9, 0x6A, 0x2C, 0x37, 0x19, 0x21, 0x1F, 0xA0, 0x48, 0x60, 0x3C, 0x54, 0x0D, 0xEC,
    0x01, 0x23, 0xA8, 0x1E, 0x74, 0x24, 0x94, 0x3E, 0x0B, 0x16, 0x15, 0x3A, 0x11, 0xDF, 0x2E, 0x05,
    0x00, 0xA0, 0x02, 0x3A, 0x60, 0x1C, 0x33, 0xB8, 0xC1, 0xE9, 0x99, 0xC6, 0x25, 0xEB, 0xAC, 0xBF,
    0xAD, 0xC2, 0x25, 0xE3, 0xA8, 0xE0, 0x80, 0xAC, 0x47, 0xC5, 0x35, 0xE3, 0xDF, 0xAA, 0xD8, 0x68,
    0x65, 0x5C, 0x12, 0xED, 0xC0, 0x78, 0x38, 0xBB, 0x06, 0xA0, 0x45, 0x92, 0x99, 0x84, 0x09, 0x6F,
    0x53, 0xB9, 0x37, 0x69, 0x4F, 0xB2, 0x0C, 0xA0, 0x4F, 0x22, 0xDA, 0x06, 0x1E, 0x1C, 0xDF, 0x58,
    0x25, 0x6E, 0x9B, 0xC8, 0x7E, 0xE5, 0xE9, 0xAD, 0x48, 0x5A, 0x2A, 0x02, 0x70, 0x0B, 0xEC, 0xE4,
    0x4F, 0x51, 0xCA, 0xD1, 0x92, 0xD7, 0x18, 0xAE, 0xAA, 0xB4, 0xA6, 0xFD, 0xD4, 0x73, 0x0F, 0x46,
    0x54, 0xCA, 0x74, 0x30, 0xA5, 0x33, 0x56, 0x16, 0x56, 0x8E, 0x32, 0xD6, 0xD0, 0x6E, 0x07, 0xF5,
    0x6B, 0x02, 0x09, 0x60, 0x1B, 0xB8, 0xC0, 0xD9, 0xED, 0x7C, 0x4D, 0xD9, 0xD4, 0x58, 0x6E, 0x30,
    0x42, 0xDE, 0x43, 0x11, 0x4F, 0xB6, 0x03, 0x76, 0x81, 0xE3, 0x60, 0xE8, 0x40, 0x28, 0xDD, 0x3F,
    0xB7, 0xBB, 0x48, 0xD2, 0xDF, 0x04, 0xF5, 0xC8, 0x21, 0xB0, 0x73, 0xCE, 0x70, 0xF6, 0xBC, 0xE1,
    0x06, 0x5A, 0x61, 0xB8, 0x9E, 0x25, 0xFE, 0x1E, 0xF3, 0x03, 0xA2, 0x10, 0xF7, 0x2F, 0xA0, 0x0E,
    0x07, 0x00, 0xC5, 0x57, 0x3D, 0x90, 0xDC, 0xC8, 0x75, 0x7E, 0x00, 0x78, 0xC4, 0x49, 0x28, 0x0B,
    0x1B, 0xB0, 0x5C, 0x57, 0x1E, 0x1F, 0xB1, 0xA1, 0xCB, 0x4B, 0x2E, 0x14, 0x6C, 0x70, 0xC1, 0xEE,
    0x00, 0xBC, 0x0B, 0x1D, 0x88, 0x81, 0xED, 0xC4, 0x55, 0xF6, 0xC5, 0x4E, 0x96, 0xC1, 0x05, 0xAC,
    0xF2, 0xEE, 0x02, 0xD2, 0x05, 0x0E, 0xBD, 0x91, 0x53, 0x51, 0xA1, 0x4B, 0xC1, 0x31, 0xD8, 0x60,
    0x83, 0xE1, 0x0D, 0x78, 0x0C, 0x2E, 0x70, 0x60, 0x48, 0x0A, 0x1C, 0x0A, 0x3C, 0xB2, 0x2C, 0x97,
    0x2F, 0x58, 0x04, 0x50, 0x11, 0xD4, 0x61, 0xD0, 0xFE, 0xBE, 0xD7, 0xC0, 0x70, 0x86, 0x5C, 0x52,
    0x7B, 0xD4, 0x9E, 0x34, 0x33, 0x78, 0xDD, 0x33, 0xC0, 0x74, 0x7F, 0xEF, 0xF5, 0xFB, 0xF9, 0x9E,
    0x88, 0xC8, 0x6D, 0x5C, 0xD2, 0x50, 0xB4, 0x14, 0xB5, 0x4C, 0xFA, 0x0F, 0x2B, 0xC7, 0x98, 0x6F,
    0xF2, 0xA0, 0x72, 0x7B, 0x89, 0x52, 0xC9, 0x64, 0x2A, 0x12, 0xA7, 0x07, 0x22, 0x61, 0x3E, 0x83,
    0x28, 0xF0, 0x60, 0xB0, 0x22, 0xBA, 0xF1, 0x46, 0x7A, 0x84, 0xE7, 0x24, 0x49, 0xE5, 0x50, 0xC2,
    0xCA, 0x6D, 0xC5, 0x33, 0xA6, 0x14, 0xD9, 0x7F, 0xCE, 0x75, 0xDD, 0x0A, 0x57, 0xCD, 0xCB, 0x99,
    0x3F, 0x29, 0x03, 0x63, 0xD2, 0x18, 0x8F, 0x1F, 0x60, 0xFD, 0x99, 0xAE, 0x18, 0x2C, 0xAF, 0x0E,
    0xAB, 0x3D, 0xC0, 0xEF, 0x09, 0xEE, 0x47, 0xA6, 0x15, 0xD7, 0x1C, 0x73, 0x01, 0xB9, 0x46, 0x11,
    0x2F, 0xC5, 0x34, 0x33, 0x32, 0x6F, 0xB7, 0x1A, 0xD9, 0x2F, 0xBC, 0x0A, 0x7F, 0xFB, 0x76, 0xA2,
    0xC6, 0x26, 0x6E, 0x43, 0xED, 0x7A, 0x99, 0x8B, 0x64, 0x06, 0x4A, 0x04, 0x76, 0xA3, 0x50, 0x45,
    0x0E, 0x11, 0xA5, 0x93, 0x6A, 0xD2, 0x4B, 0x52, 0xC5, 0xB5, 0x78, 0x95, 0xFB, 0x7B, 0x45, 0x8D,
    0x65, 0xDD, 0x26, 0xAA, 0xC5, 0x31, 0xBD, 0xC9, 0x25, 0xAB, 0x4C, 0xAA, 0xC8, 0xAF, 0xC8, 0x86,
    0x8E, 0x72, 0xDD, 0xA9, 0xED, 0x24, 0xF8, 0xCF, 0xC2, 0x4E, 0x5C, 0x23, 0xC3, 0x6B, 0x26, 0xE7,
    0xBC, 0x62, 0x03, 0xE3, 0xCD, 0x8D, 0xC1, 0xC4, 0x54, 0x62, 0x30, 0xF1, 0x2A, 0xBF, 0xC3, 0x21,
    0x1D, 0x62, 0x22, 0x9F, 0x63, 0xD2, 0x71, 0x12, 0xA7, 0xC7, 0x1E, 0x41, 0x10, 0x76, 0x50, 0xEA,
    0xA4, 0x90, 0x28, 0x17, 0xD5, 0x55, 0x12, 0x19, 0x26, 0xB3, 0x61, 0xE2, 0x34, 0x62, 0x1F, 0xC6,
    0x9F, 0x74, 0x92, 0x86, 0x85, 0xA3, 0xEB, 0x60, 0x25, 0x2F, 0xC5, 0xE4, 0x50, 0x8E, 0xC4, 0xC7,
    0xE4, 0x6A, 0x8B, 0x0D, 0xC2, 0x34, 0xC2, 0x41, 0xBA, 0xDC, 0x3D, 0x03, 0x1E, 0x87, 0x93, 0xF5,
    0xD7, 0x1D, 0xDF, 0x2A, 0x7A, 0x10, 0xDA, 0xEF, 0xDB, 0x7B, 0xB2, 0x45, 0xE4, 0xE1, 0xA9, 0x24,
    0x04, 0xAE, 0xE0, 0x80, 0x5B, 0x52, 0x0B, 0x5B, 0x74, 0xDB, 0xF8, 0x16, 0x96, 0xE5, 0xF6, 0x3F,
    0x1E, 0xC6, 0x87, 0x25, 0x20, 0x01, 0xE0, 0xC3, 0x22, 0xB6, 0x40, 0xE1, 0x73, 0x23, 0x60, 0x8B,
    0xB7, 0x1A, 0xE1, 0x0E, 0x68, 0x65, 0x43, 0xC1, 0x1E, 0xCA, 0x7D, 0x8F, 0x0E, 0xD7, 0x48, 0x3D,
    0xE1, 0x5A, 0xD8, 0x93, 0x48, 0xAD, 0xFF, 0x89, 0xFC, 0x95, 0x57, 0x88, 0xF3, 0xB9, 0xDC, 0x0C,
    0x52, 0xF1, 0x7B, 0x09, 0xFF, 0x91, 0xDE, 0x23, 0x84, 0x83, 0x81, 0xB6, 0xA0, 0x7F, 0xCB, 0x38,
    0x38, 0xF3, 0x1E, 0x86, 0xAE, 0x03, 0xA3, 0x43, 0x9C, 0x4E, 0xA5, 0xF6, 0xCB, 0x43, 0xDC, 0x2B,
    0x43, 0xB8, 0xEA, 0x54, 0xF0, 0x43, 0xCB, 0x27, 0x3B, 0x1D, 0x70, 0xEC, 0x1C, 0xFC, 0x12, 0xDF,
    0xA7, 0x40, 0xB8, 0xC1, 0x47, 0x12, 0xD9, 0x49, 0xA0, 0xE5, 0x4C, 0x4E, 0xE2, 0xB3, 0xB3, 0x9F,
    0xF5, 0x3F, 0xAF, 0xFD, 0x3E, 0x7A, 0x8C, 0xC5, 0xE0, 0xB1, 0x8E, 0xE9, 0xB6, 0x10, 0x34, 0x9F,
    0x55, 0xC0, 0x6D, 0x15, 0xFA, 0xB6, 0x72, 0x43, 0xE5, 0x8E, 0xCA, 0x13, 0x95, 0x4D, 0x98, 0x43,
    0xEB, 0x3A, 0xCC, 0x33, 0x4A, 0x3D, 0x89, 0x48, 0xF5, 0x49, 0x54, 0x3E, 0xA0, 0xF0, 0x35, 0xC2,
    0x43, 0xEB, 0x75, 0x47, 0x14, 0x26, 0xC1, 0x29, 0x3E, 0xE0, 0xB2, 0xB2, 0x26, 0x9C, 0x39, 0xAD,
    0x6C, 0xF8, 0x35, 0x7E, 0x93, 0xB8, 0x4F, 0x51, 0x43, 0x38, 0x75, 0x8C, 0xED, 0xAB, 0x18, 0xBB,
    0x97, 0x2F, 0xC2, 0x53, 0xF7, 0x3E, 0xA4, 0x3D, 0x69, 0xE7, 0xA0, 0xD6, 0x98, 0x9A, 0x54, 0x7E,
    0x15, 0x57, 0x61, 0xED, 0x55, 0x01, 0x0F, 0x5C, 0x5E, 0x5C, 0x13, 0x18, 0x24, 0xC3, 0xF5, 0xFB,
    0xDF, 0x93, 0xE7, 0x78, 0xD2, 0x2C, 0xFF, 0x59, 0x32, 0x03, 0x61, 0xCF, 0x5C, 0x9C, 0x1E, 0xE1,
    0xD4, 0x48, 0x52, 0x4B, 0xD6, 0x27, 0x26, 0x8D, 0x3A, 0xD9, 0x6A, 0x27, 0x70, 0x82, 0x7E, 0x88,
    0x4E, 0x93, 0xDA, 0xF1, 0xAC, 0xB0, 0xE3, 0x93, 0xCA, 0x8E, 0x8F, 0x9B, 0x21, 0x84, 0x67, 0xC3,
    0x38, 0x1D, 0xC6, 0xF0, 0x23, 0x3B, 0x06, 0x8F, 0xEC, 0x88, 0x7F, 0xE8, 0x28, 0xCF, 0x86, 0x31,
    0x1B, 0xC6, 0x98, 0x23, 0xB6, 0x0A, 0x39, 0x66, 0xC6, 0xEE, 0x27, 0x32, 0x1A, 0x95, 0xE6, 0x1F,
    0xC2, 0x3D, 0xCA, 0xC5, 0xFA, 0x98, 0xFD, 0xAA, 0xCE, 0xA7, 0xF7, 0xED, 0x73, 0x61, 0x9D, 0x34,
    0x40, 0x1F, 0x94, 0x7E, 0x67, 0xB5, 0xEB, 0xED, 0x40, 0xE8, 0x18, 0xBE, 0x06, 0x72, 0x64, 0x3B,
    0x02, 0x37, 0x98, 0x02, 0x37, 0xD3, 0xD9, 0xCC, 0x0E, 0x53, 0x3B, 0x00, 0x34, 0x07, 0xFF, 0x91,
    0x0E, 0xEE, 0x13, 0x1D, 0x80, 0x58, 0x87, 0xCC, 0x0E, 0x31, 0x06, 0x85, 0x1B, 0x14, 0x8A, 0x36,
    0xB0, 0xE8, 0x86, 0x61, 0x70, 0x92, 0xC8, 0x86, 0x74, 0x66, 0xD3, 0x54, 0xB7, 0xAA, 0x8E, 0x45,
    0x1B, 0xAA, 0x8E, 0x41, 0xF9, 0x6A, 0xD6, 0x9A, 0x7C, 0x61, 0xD2, 0x49, 0x9D, 0x9D, 0x99, 0x22,
    0xA9, 0xFD, 0xD6, 0x87, 0x35, 0x60, 0xBC, 0x9A, 0xD2, 0xBD, 0xA0, 0x0C, 0x5A, 0xFF, 0xB9, 0x5B,
    0x27, 0x8B, 0xD0, 0x58, 0x4B, 0x5A, 0xE9, 0xA9, 0xF4, 0x75, 0xC7, 0x48, 0x51, 0x5A, 0x3B, 0x6A,
    0xE1, 0x42, 0x1D, 0xDB, 0xE3, 0x63, 0xD1, 0xDF, 0xE0, 0x8E, 0x6F, 0x46, 0xCF, 0x93, 0x8F, 0x97,
    0xB0, 0x6E, 0x2E, 0xF5, 0xD1, 0xBB, 0x67, 0x38, 0x0B, 0x8F, 0x79, 0xD8, 0xFB, 0x92, 0x4E, 0xF4,
    0x11, 0x03, 0x8C, 0x0B, 0x6C, 0xB3, 0x1A, 0xEE, 0x22, 0x9E, 0x6D, 0x55, 0x30, 0x48, 0x04, 0xC8,
    0xB3, 0x09, 0x2B, 0x58, 0x94, 0x22, 0x93, 0x84, 0x79, 0xF4, 0x54, 0xF6, 0x9F, 0x66, 0x1D, 0x62,
    0xF9, 0x86, 0x5B, 0xC8, 0x76, 0x90, 0x4B, 0xF8, 0x53, 0x2C, 0xD3, 0x8D, 0x85, 0x74, 0x4C, 0xED,
    0x29, 0xD2, 0x76, 0x29, 0x47, 0x80, 0x7D, 0x80, 0x85, 0xAF, 0xD9, 0xF2, 0x27, 0x57, 0x0D, 0x56,
    0xC3, 0xF5, 0x80, 0xB9, 0x03, 0x57, 0xE7, 0xD3, 0x63, 0x4D, 0x1E, 0x55, 0x47, 0xA8, 0x13, 0xE9,
    0x81, 0x57, 0xC6, 0x61, 0x1E, 0xF4, 0x82, 0x7C, 0x66, 0x8B, 0x73, 0x64, 0x8A, 0xEF, 0xF7, 0xAA,
    0xE5, 0x05, 0x3E, 0x57, 0x7B, 0x64, 0xEB, 0xE2, 0x5E, 0x20, 0xA7, 0xDB, 0xB2, 0x77, 0x2A, 0x28,
    0x46, 0xFE, 0x78, 0x42, 0x13, 0x3A, 0x80, 0x78, 0xAF, 0xFF, 0x04, 0xCF, 0xE9, 0xBD, 0x52, 0x41,
    0x49, 0x69, 0x79, 0xFE, 0x09, 0x03, 0x38, 0x6C, 0x56, 0x1C, 0x79, 0x5C, 0xAA, 0x4F, 0x59, 0x07,
    0x6A, 0x01, 0x47, 0xE8, 0x2E, 0x89, 0x23, 0x38, 0xD0, 0x3E, 0x48, 0x91, 0xE9, 0xBF, 0xA8, 0xC4,
    0x7D, 0x06, 0x08, 0xF3, 0x74, 0x99, 0x99, 0x6D, 0xD0, 0x00, 0xA1, 0x59, 0x60, 0x97, 0x8C, 0xBC,
    0x21, 0xBF, 0x10, 0x6F, 0x78, 0x5F, 0xEE, 0x63, 0x53, 0x9E, 0xAD, 0xFF, 0x6B, 0x9C, 0xB7, 0xA3,
    0x95, 0xEB, 0x60, 0x55, 0x15, 0xD2, 0x88, 0x8E, 0x34, 0xA2, 0xBA, 0x4C, 0x1A, 0x71, 0x3F, 0xC0,
    0xD2, 0x38, 0x02, 0x68, 0x70, 0x30, 0xC6, 0x8A, 0xB7, 0x16, 0x2A, 0x93, 0x0A, 0x49, 0xF1, 0x0F,
    0xA2, 0x16, 0x3E, 0x2A, 0x2B, 0x76, 0x1B, 0x4F, 0x26, 0x48, 0xE9, 0xC1, 0x3F, 0xC1, 0x4E, 0xC1,
    0xAD, 0xEA, 0xE5, 0x90, 0xCC, 0x7A, 0xAB, 0x65, 0x7C, 0xA9, 0x5A, 0x62, 0x55, 0x88, 0xC5, 0xB8,
    0xC9, 0x07, 0x8C, 0xB0, 0x19, 0x8F, 0xEC, 0xEE, 0xCD, 0x57, 0x93, 0xC2, 0xDB, 0xEA, 0xFB, 0x0D,
    0xF5, 0xFD, 0xE5, 0x40, 0xA5, 0x86, 0x80, 0xD6, 0x4C, 0x10, 0x95, 0x03, 0x2B, 0x0C, 0xE4, 0x7C,
    0xCD, 0xBF, 0x1B, 0xA5, 0xED, 0xEB, 0xCF, 0x28, 0xF6, 0x46, 0xE2, 0xE6, 0x70, 0x5B, 0x27, 0xFD,
    0xEE, 0x6D, 0xE0, 0x73, 0x27, 0xFF, 0x57, 0x85, 0x4D, 0x2F, 0xA2, 0x5C, 0xEA, 0x4F, 0xA0, 0xFE,
    0x9D, 0xF7, 0x19, 0x46, 0xF4, 0xEC, 0x58, 0x2B, 0x7B, 0xF9, 0x47, 0x52, 0x5F, 0x5F, 0xDF, 0x97,
    0x71, 0x4B, 0x5F, 0x33, 0xFF, 0x7B, 0x7F, 0x1A, 0x1B, 0x7C, 0x32, 0x32, 0x1C, 0x4B, 0x78, 0x6C,
    0x89, 0x67, 0x7D, 0xFF, 0x80, 0xBE, 0x31, 0xBB, 0x4E, 0x1B, 0xBC, 0x7F, 0xF9, 0x36, 0x00, 0x83,
    0xCD, 0x4C, 0xD9, 0xA0, 0x68, 0x30, 0xE1, 0x03, 0xD1, 0xCC, 0x98, 0x0E, 0x9F, 0x56, 0xDA, 0x4E,
    0x9A, 0x07, 0x5E, 0x9D, 0x98, 0x02, 0xCF, 0x20, 0x05, 0xA6, 0xEC, 0x1F, 0xD6, 0x36, 0x27, 0x03,
    0x96, 0x29, 0x7B, 0x9B, 0x1B, 0xC1, 0x3A, 0xAC, 0xBB, 0x14, 0x2C, 0x60, 0x2E, 0xA3, 0xD9, 0xE3,
    0xDF, 0xFC, 0x7F, 0xA2, 0x99, 0xF9, 0xF0, 0x0F, 0x48, 0x09, 0x6E, 0xB2, 0x8E, 0xEC, 0x32, 0xF0,
    0xEE, 0x52, 0x18, 0x64, 0x58, 0x54, 0x80, 0x8E, 0x65, 0x71, 0x21, 0xA8, 0x18, 0x73, 0x5A, 0x20,
    0x43, 0x50, 0x22, 0x4F, 0xCF, 0x1B, 0xCF, 0x34, 0x28, 0x43, 0x00, 0x61, 0x09, 0xCF, 0x0F, 0xBC,
    0x5C, 0x62, 0xF0, 0x8B, 0xEB, 0x7E, 0xBE, 0xB6, 0xED, 0xB7, 0xAF, 0x91, 0x70, 0xF8, 0x90, 0x15,
    0x23, 0x34, 0xC5, 0xDA, 0x4A, 0xA7, 0xA3, 0x02, 0x76, 0xF6, 0xE2, 0x75, 0x63, 0xC9, 0x81, 0x6D,
    0xD5, 0x4F, 0x59, 0xF5, 0x81, 0xC2, 0xFF, 0xB2, 0x60, 0xD5, 0xE7, 0x52, 0xD4, 0x67, 0x9B, 0x5C,
    0x6C, 0x8F, 0x26, 0x1D, 0xAA, 0xFE, 0x62, 0xA8, 0xFA, 0x35, 0x8E, 0x17, 0x99, 0x3B, 0xCA, 0x03,
    0x56, 0xFD, 0xA4, 0x73, 0x4D, 0x47, 0xC4, 0xF1, 0xB8, 0xFF, 0xE9, 0xB0, 0xEF, 0x4B, 0xDB, 0xBE,
    0x4D, 0xF5, 0xB7, 0xD5, 0x88, 0x48, 0xCD, 0x79, 0xCD, 0x20, 0x1B, 0x41, 0x12, 0x1C, 0x95, 0xD7,
    0x5B, 0xC0, 0x93, 0xDD, 0x96, 0xF5, 0xED, 0x44, 0xC3, 0xA0, 0xA6, 0x74, 0xCB, 0x56, 0x7D, 0xD1,
    0x60, 0xFB, 0x30, 0xA5, 0xBC, 0xAE, 0xF4, 0x28, 0x31, 0xAD, 0x2E, 0x40, 0xC9, 0x96, 0x85, 0x7D,
    0x53, 0x2B, 0x3B, 0x38, 0xB2, 0x56, 0x4E, 0xA2, 0xEA, 0xAA, 0x31, 0xCD, 0xBC, 0xD5, 0x95, 0xD5,
    0xBA, 0xD1, 0x9A, 0x75, 0xDD, 0xDE, 0xED, 0xA1, 0xCC, 0x7F, 0x99, 0xE2, 0xC8, 0x5B, 0xF8, 0xD5,
    0x81, 0xDB, 0x7A, 0xF5, 0x35, 0xB7, 0x01, 0x7A, 0xF7, 0x77, 0xF3, 0x1A, 0xFF, 0xFD, 0xBF, 0xDB,
    0xC9, 0xBF, 0x03, 0xCD, 0xCC, 0x51, 0xA7, 0xA4, 0x5B, 0xC2, 0x03, 0x37, 0x32, 0x93, 0x99, 0x2A,
    0x6A, 0x7C, 0x80, 0xD0, 0x2A, 0x45, 0x97, 0xF1, 0x9F, 0xE2, 0x36, 0x7A, 0x94, 0x53, 0x56, 0xF6,
    0x3B, 0xB6, 0x12, 0xCF, 0x96, 0x1C, 0xAE, 0x95, 0x7F, 0xFE, 0x0F, 0x08, 0x04, 0x2D, 0xFD, 0x1A,
    0xEF, 0xBF, 0xEE, 0xF3, 0x43, 0x60, 0x2F, 0xC0, 0x17, 0x66, 0x12, 0x55, 0x10, 0x1E, 0x7D, 0x4E,
    0xF6, 0x19, 0x85, 0xF1, 0xFF, 0xB4, 0xF4, 0x40, 0xAF, 0x8A, 0xFE, 0xD6, 0x2F, 0xC2, 0x22, 0xC0,
    0x9B, 0xA3, 0x57, 0x47, 0x39, 0x7E, 0xC7, 0x09, 0x34, 0x1A, 0x94, 0x64, 0xA8, 0xF8, 0x57, 0xEE,
    0x6A, 0x8F, 0xE4, 0x34, 0x68, 0x5F, 0xCD, 0xFE, 0xDF, 0xFD, 0xFD, 0x6F, 0x71, 0xA2, 0x45, 0x80,
    0xE7, 0x9C, 0xF9, 0x53, 0x91, 0x7B, 0xF0, 0xE0, 0x19, 0x7C, 0x3D, 0xC1, 0x29, 0x84, 0xC0, 0xE2,
    0xAE, 0x24, 0x91, 0x09, 0xC0, 0x03, 0x3B, 0xA1, 0x23, 0x15, 0x9C, 0x10, 0xF8, 0xC1, 0x00, 0xBB,
    0x5D, 0x5E, 0x09, 0x60, 0xFD, 0xC5, 0x02, 0xBF, 0xCD, 0xB0, 0xC2, 0x2C, 0xC9, 0x65, 0x16, 0xFD,
    0xD6, 0xE9, 0x14, 0x2D, 0xC0, 0x2A, 0xB7, 0xB9, 0x85, 0x80, 0x46, 0xE6, 0x76, 0xBE, 0x49, 0x6D,
    0x0B, 0xF6, 0xDE, 0xC0, 0x6B, 0xCC, 0x67, 0x65, 0xC8, 0xDE, 0x29, 0x6D, 0xD1, 0x5B, 0xEE, 0xC1,
    0x30, 0xEC, 0x20, 0xA7, 0x48, 0x3B, 0x33, 0xD8, 0x0D, 0xD6, 0x9A, 0x1F, 0xCB, 0xF6, 0xD0, 0x51,
    0xC5, 0xE8, 0x6A, 0xF1, 0x6C, 0xBE, 0x07, 0xEE, 0x73, 0xAA, 0xBC, 0x27, 0xCC, 0x17, 0x88, 0xBA,
    0x0C, 0xCF, 0x05, 0x8C, 0xB5, 0x1D, 0xD6, 0x87, 0x3D, 0xAA, 0x1D, 0xFD, 0x94, 0x8E, 0xA0, 0x11,
    0xD1, 0xAC, 0xF3, 0x1D, 0xDF, 0x14, 0x5B, 0xAD, 0xD3, 0xA3, 0xA7, 0x70, 0x5A, 0xB2, 0xFF, 0x12,
    0x22, 0x4E, 0xD9, 0x00, 0xC1, 0x50, 0x4F, 0x6A, 0x5A, 0x2B, 0x1F, 0xC5, 0xD7, 0xEC, 0x3B, 0x9E,
    0xB4, 0x24, 0x80, 0x3D, 0x05, 0x14, 0xC3, 0x3F, 0xC8, 0x16, 0xC1, 0xFB, 0xD0, 0x43, 0xCC, 0x53,
    0x78, 0x6C, 0x54, 0xA6, 0x0E, 0xDC, 0x2A, 0xB2, 0x25, 0x81, 0x15, 0x61, 0xB5, 0x2B, 0x00, 0xED,
    0x44, 0xC2, 0x5B, 0x6D, 0xF6, 0xC6, 0x6B, 0xCE, 0xB3, 0x43, 0x62, 0x4E, 0x30, 0x07, 0x92, 0xDF,
    0x94, 0xBA, 0xA9, 0xF7, 0x75, 0xA9, 0x30, 0xBC, 0x8A, 0x4D, 0x10, 0xEF, 0x45, 0x25, 0xFA, 0x81,
    0x36, 0x59, 0xC0, 0x2B, 0x06, 0xE2, 0x59, 0x2D, 0x89, 0xE7, 0x91, 0x12, 0x4F, 0x79, 0x23, 0xF1,
    0x2C, 0x78, 0x23, 0x27, 0xF1, 0x04, 0x39, 0x84, 0xB5, 0x40, 0x3C, 0x17, 0x74, 0x89, 0x96, 0x8E,
    0xC4, 0x83, 0xCE, 0xD2, 0xE1, 0x1C, 0xB5, 0xCF, 0xB0, 0x5D, 0x99, 0x46, 0x00, 0x6E, 0x58, 0xDA,
    0xD9, 0x8D, 0xB4, 0x33, 0x3D, 0x87, 0x76, 0x16, 0xA0, 0x9D, 0x79, 0x82, 0xFB, 0x11, 0xB2, 0x06,
    0xDD, 0x4E, 0x60, 0x26, 0xCD, 0x39, 0xED, 0x90, 0x1C, 0xB0, 0x86, 0xD2, 0x95, 0x8C, 0x46, 0xCD,
    0x5E, 0x70, 0x99, 0x15, 0x2E, 0xFD, 0x47, 0x54, 0xC9, 0x67, 0x20, 0x9A, 0xE6, 0x25, 0x66, 0x7D,
    0x39, 0x2A, 0xFA, 0xE9, 0x0D, 0xA4, 0x4B, 0xD4, 0x86, 0x67, 0xF8, 0x3E, 0xA7, 0x1F, 0xBE, 0xD0,
    0x34, 0x86, 0xE7, 0xF2, 0xBA, 0x09, 0x05, 0x6F, 0xC0, 0x2B, 0xAF, 0x90, 0x11, 0x87, 0xA9, 0x75,
    0x8F, 0xAC, 0x23, 0x10, 0x3E, 0x95, 0x52, 0xB5, 0xE1, 0x4A, 0x7F, 0x88, 0x05, 0x8E, 0x40, 0x73,
    0x98, 0xC0, 0xAE, 0xC2, 0x7A, 0x88, 0xA4, 0x30, 0xAD, 0xFD, 0x47, 0xA5, 0x83, 0x2F, 0xF3, 0x21,
    0x88, 0x12, 0xB3, 0xC0, 0x67, 0x57, 0x9A, 0x1D, 0xAF, 0xDA, 0x40, 0x3B, 0x16, 0x93, 0xE3, 0x3B,
    0xCF, 0x01, 0xB4, 0x94, 0x7F, 0x68, 0x14, 0xDF, 0xA1, 0xF6, 0x12, 0xF8, 0xEC, 0x6D, 0xCA, 0xEC,
    0xC0, 0x6D, 0x12, 0x53, 0x06, 0x64, 0xAF, 0xE9, 0xAE, 0x5F, 0x44, 0xA1, 0x04, 0x0B, 0xED, 0xB7,
    0xB4, 0x59, 0xBC, 0xDA, 0x4A, 0x74, 0xB1, 0x66, 0x0B, 0x3A, 0xB8, 0xEC, 0x81, 0x24, 0xCB, 0x69,
    0x0B, 0x46, 0x27, 0x93, 0x34, 0x15, 0x65, 0xCA, 0x30, 0xF0, 0x5D, 0x44, 0x60, 0x8D, 0xCD, 0xE1,
    0xF0, 0x9F, 0x63, 0x42, 0x8F, 0x86, 0x82, 0xC7, 0x1E, 0xDD, 0x9B, 0x1A, 0x6A, 0xF0, 0xC1, 0xBC,
    0xB0, 0xAE, 0x76, 0x60, 0x05, 0xC3, 0xDC, 0x4E, 0x66, 0xC3, 0x84, 0x67, 0xA7, 0x0F, 0xB3, 0x4C,
    0x71, 0x92, 0x86, 0x85, 0xA3, 0xEB, 0x60, 0x25, 0x0F, 0x51, 0x8C, 0xE5, 0x8F, 0x60, 0x77, 0xAF,
    0x02, 0x70, 0x1C, 0x15, 0xFA, 0x3F, 0x53, 0xBA, 0xDC, 0x3D, 0x03, 0x1E, 0xC7, 0xAC, 0x16, 0x93,
    0x2D, 0x22, 0x54, 0x83, 0xD9, 0xB6, 0x41, 0xF1, 0xD9, 0xF6, 0xEE, 0xF3, 0x61, 0x8C, 0x6F, 0xE1,
    0xEF, 0xDC, 0xE6, 0xC7, 0xC3, 0xF8, 0xB0, 0xC4, 0xD6, 0x00, 0xF2, 0xB0, 0x88, 0x2D, 0x20, 0x74,
    0x79, 0x23, 0x30, 0x8B, 0xAB, 0x1A, 0x61, 0x0D, 0xA8, 0xB4, 0xBA, 0x1C, 0xE2, 0x7D, 0xDF, 0x63,
    0x8B, 0x87, 0x4A, 0x35, 0xE1, 0x5A, 0xD8, 0x93, 0x88, 0x5C, 0x76, 0x7C, 0x8E, 0x6E, 0x27, 0x24,
    0x2A, 0x7C, 0x4D, 0x5F, 0x3B, 0x38, 0xF3, 0x1E, 0x96, 0xAC, 0x03, 0xA3, 0x43, 0x8C, 0x0C, 0x59,
    0xFB, 0xE5, 0x21, 0xEE, 0x95, 0x21, 0xFC, 0x74, 0x2A, 0xF8, 0xA1, 0xE5, 0x93, 0x33, 0x1D, 0x58,
    0x54, 0x31, 0x80, 0xAA, 0x74, 0x18, 0xC2, 0x7C, 0x63, 0xA6, 0xC9, 0x74, 0x27, 0x81, 0x7A, 0x33,
    0x39, 0x89, 0xCF, 0xCE, 0x7E, 0xD6, 0xFF, 0xBC, 0xF6, 0xFB, 0xE8, 0xB1, 0x16, 0x51, 0x85, 0x40,
    0x73, 0xA4, 0xDA, 0x19, 0x22, 0xC3, 0x9F, 0x93, 0xF4, 0x4F, 0xE1, 0xA1, 0x77, 0xB1, 0xC3, 0xCE,
    0xF9, 0x49, 0xFF, 0xCF, 0x5F, 0x4E, 0xFA, 0xB3, 0x31, 0xE9, 0xDB, 0xD8, 0x2A, 0x6C, 0xE3, 0x17,
    0x0C, 0xA1, 0xB0, 0xBB, 0xD2, 0xD0, 0x5E, 0x66, 0xE2, 0xB7, 0xBA, 0x30, 0xE8, 0x83, 0x6A, 0xA4,
    0x71, 0xAB, 0xB1, 0x87, 0x65, 0x40, 0x34, 0x4C, 0xD4, 0xC9, 0x56, 0xEB, 0xF5, 0x38, 0x28, 0xCF,
    0xC0, 0x63, 0xBC, 0x33, 0x50, 0x5D, 0xEF, 0x09, 0x72, 0xB0, 0xF7, 0xB8, 0x81, 0xA8, 0x66, 0x14,
    0x53, 0x8A, 0xF0, 0x23, 0x88, 0xE0, 0x51, 0x35, 0xDC, 0x97, 0x67, 0x14, 0x19, 0x45, 0x5C, 0x21,
    0xF1, 0x87, 0x38, 0x4B, 0x4D, 0xE3, 0xEB, 0x44, 0x2B, 0xD1, 0x6D, 0x0B, 0xEB, 0x4A, 0x78, 0xDD,
    0x5F, 0xCB, 0x74, 0x5F, 0x20, 0xF3, 0x65, 0x67, 0x48, 0x43, 0x7E, 0xEB, 0xD3, 0x69, 0xBC, 0x0B,
    0xB1, 0x60, 0x24, 0xFF, 0xDF, 0x49, 0xB2, 0x08, 0x97, 0x69, 0xD3, 0xE3, 0x24, 0xCE, 0x07, 0x4A,
    0xE7, 0xBD, 0x38, 0xB5, 0x23, 0xB5, 0x2A, 0xEB, 0xD6, 0xA3, 0x62, 0x29, 0xC6, 0xE7, 0x44, 0xFF,
    0xCF, 0xBB, 0xEE, 0x7F, 0xEB, 0x0D, 0x76, 0x52, 0x9F, 0xC2, 0x0B, 0xC2, 0x0F, 0x1B, 0x9A, 0x0A,
    0x47, 0xBA, 0xCD, 0x4C, 0x91, 0xC0, 0xD5, 0x34, 0x8A, 0x11, 0xDD, 0x49, 0x0A, 0x4A, 0x13, 0xE5,
    0x1A, 0xA2, 0xE4, 0x7F, 0x28, 0x42, 0x8E, 0xB1, 0xFD, 0x2E, 0xA9, 0x3D, 0x1E, 0xF4, 0x87, 0x34,
    0x8A, 0x52, 0xAA, 0xDE, 0x1C, 0x46, 0x24, 0xCD, 0xF6, 0x42, 0x52, 0x01, 0x7B, 0x7F, 0x5B, 0x3E,
    0xF8, 0x60, 0xC5, 0x72, 0xF6, 0x20, 0xE7, 0xB2, 0x2C, 0xE9, 0x61, 0xFA, 0x66, 0x6E, 0x78, 0xFF,
    0x8D, 0xDC, 0x30, 0x57, 0x6E, 0x98, 0x5F, 0x80, 0x1B, 0x7E, 0xB2, 0xC6, 0x0D, 0x57, 0xCC, 0xCF,
    0xEC, 0xAC, 0xA9, 0x1A, 0x8E, 0x8B, 0xD7, 0x89, 0x5C, 0x2A, 0x5F, 0x94, 0x65, 0xEC, 0x30, 0x37,
    0xA2, 0x38, 0xB0, 0xE1, 0x7D, 0x3E, 0x36, 0x99, 0xFA, 0xBA, 0x6A, 0x8E, 0x37, 0xE1, 0xD0, 0x8B,
    0xDA, 0x05, 0x0B, 0x2C, 0x10, 0xF1, 0x49, 0x01, 0x4C, 0x59, 0x19, 0x89, 0xFB, 0xAC, 0x8A, 0x25,
    0x78, 0x54, 0x4F, 0x25, 0x76, 0x21, 0x60, 0xD5, 0x29, 0xFD, 0x28, 0x61, 0xA6, 0x8A, 0x8F, 0x10,
    0x8D, 0x51, 0x83, 0x08, 0x0A, 0x71, 0xB0, 0x69, 0xB8, 0x40, 0x62, 0xD8, 0x83, 0x82, 0xB2, 0xC9,
    0x32, 0x6C, 0x5F, 0x3B, 0xB6, 0xA2, 0x69, 0xDE, 0x65, 0xE4, 0xAE, 0x98, 0x7A, 0xBF, 0xD9, 0x24,
    0x8D, 0x0C, 0xCA, 0xA8, 0x88, 0xD2, 0xA8, 0x8C, 0xE5, 0x5F, 0xEA, 0xA9, 0xF3, 0x55, 0x3D, 0x0D,
    0x7E, 0x52, 0x4F, 0x6F, 0x62, 0x8B, 0x13, 0x92, 0x15, 0xBF, 0x0C, 0x4B, 0x14, 0x4B, 0xB8, 0xD1,
    0x26, 0xA9, 0xA5, 0xB0, 0x9E, 0xB1, 0x29, 0x0D, 0x7F, 0xD1, 0xD1, 0x1F, 0x32, 0xB6, 0x8D, 0x4C,
    0x07, 0x57, 0x64, 0xB9, 0xF2, 0xC1, 0xD8, 0xBD, 0x38, 0x4C, 0x88, 0xDE, 0x19, 0xCF, 0xE9, 0xDF,
    0xD2, 0xA1, 0xFD, 0x0A, 0xF9, 0xF0, 0x4D, 0x6F, 0x6C, 0xBF, 0x4E, 0x09, 0x6C, 0xD9, 0x7E, 0xE1,
    0xE7, 0x43, 0xB6, 0x5F, 0x89, 0x68, 0xDD, 0x8B, 0x4B, 0xC4, 0xA8, 0x61, 0xFB, 0xF5, 0xF1, 0x26,
    0x1C, 0x98, 0xA9, 0x09, 0xE7, 0x33, 0xA5, 0x53, 0xA2, 0xE3, 0x73, 0x9C, 0x3F, 0xA0, 0x39, 0xD1,
    0x94, 0xA2, 0x0D, 0x9D, 0xF2, 0xCB, 0x1F, 0x3A, 0xEB, 0x2E, 0xF8, 0x5A, 0x15, 0x7E, 0x44, 0x15,
    0x7C, 0x55, 0xA1, 0x1A, 0x3B, 0xC8, 0x75, 0x15, 0xAA, 0x35, 0x15, 0x22, 0x55, 0xA1, 0x85, 0x0A,
    0xDC, 0x91, 0x1B, 0xA2, 0x44, 0xCB, 0xE6, 0xCA, 0x76, 0x6F, 0xD3, 0x35, 0x6E, 0xBE, 0x03, 0x88,
    0x24, 0xF8, 0x41, 0xAD, 0x07, 0xE1, 0xD4, 0xDB, 0x2F, 0x32, 0x23, 0x8E, 0x74, 0x0B, 0x17, 0x80,
    0xF0, 0xBA, 0xBF, 0xC6, 0x52, 0xD1, 0x43, 0xE9, 0xB5, 0xCE, 0x5E, 0x41, 0x34, 0xE4, 0x13, 0x5C,
    0x27, 0xA8, 0x6C, 0x4D, 0x86, 0xFF, 0xBE, 0xF7, 0x9E, 0xEC, 0xED, 0x49, 0x12, 0x43, 0xDF, 0xD4,
    0xFB, 0xB4, 0xD0, 0x53, 0x67, 0x2E, 0x0A, 0x4D, 0x9D, 0x38, 0xED, 0x81, 0x74, 0x68, 0x67, 0xA0,
    0x2C, 0x94, 0x6E, 0xD5, 0x4C, 0x0F, 0x58, 0x75, 0xAE, 0x44, 0xA6, 0x75, 0x51, 0x28, 0x02, 0x98,
    0x03, 0x4D, 0x8F, 0xD4, 0x20, 0x2E, 0xF9, 0x3B, 0xE7, 0xE1, 0x22, 0xA6, 0x3B, 0x2F, 0xE1, 0xCA,
    0xF5, 0x7A, 0x15, 0xD7, 0xCE, 0x2A, 0x2E, 0x30, 0x74, 0xDF, 0x54, 0xA1, 0x53, 0xBF, 0x2B, 0xF7,
    0xC6, 0xB2, 0x73, 0x21, 0x50, 0x30, 0xD8, 0x41, 0x98, 0x26, 0x41, 0x15, 0x3E, 0x6C, 0x9D, 0xEA,
    0xE6, 0x00, 0x09, 0xC7, 0xF5, 0x99, 0x12, 0x97, 0x8B, 0x7C, 0xF6, 0x9F, 0x3A, 0x6C, 0xD6, 0xE4,
    0xCE, 0x1D, 0x69, 0x3A, 0x39, 0x38, 0x94, 0xED, 0x58, 0xDD, 0x50, 0x2E, 0xC4, 0xB2, 0xDC, 0x3E,
    0x0D, 0x4D, 0x11, 0x34, 0x59, 0xDF, 0x44, 0xD6, 0x28, 0x59, 0x8F, 0xDA, 0x55, 0xBD, 0xEE, 0x3D,
    0x79, 0x3E, 0xEF, 0x27, 0x78, 0xBA, 0x8E, 0xF3, 0xEF, 0xD9, 0xBE, 0x23, 0x3B, 0xF7, 0xA9, 0xCC,
    0xF2, 0xA1, 0xF7, 0x5D, 0xF6, 0xB9, 0x9F, 0x36, 0x2C, 0x98, 0xF4, 0xD8, 0x16, 0x0C, 0x4C, 0xAE,
    0x2D, 0xBD, 0x6C, 0x60, 0xE5, 0xF5, 0x92, 0x95, 0x67, 0xCA, 0xCA, 0xD3, 0x37, 0xB2, 0x72, 0xBD,
    0x91, 0x92, 0x95, 0x93, 0x52, 0x1C, 0x92, 0x95, 0xB7, 0x3C, 0x29, 0xEC, 0xB4, 0x8F, 0xEC, 0xF5,
    0x2E, 0x70, 0x6D, 0x23, 0x14, 0x23, 0x12, 0xBF, 0x7F, 0x2D, 0xC4, 0x7D, 0x88, 0x1B, 0x69, 0xBA,
    0xC2, 0xC1, 0x17, 0x23, 0x07, 0xCF, 0xCF, 0xE1, 0xE0, 0x39, 0x38, 0x38, 0xD8, 0xFE, 0x11, 0x62,
    0x02, 0xD6, 0x21, 0xBF, 0x78, 0x29, 0x24, 0x77, 0x9C, 0xF3, 0x1A, 0x8B, 0x4B, 0x55, 0x01, 0xEE,
    0x84, 0xD6, 0x01, 0x1E, 0x80, 0x66, 0xF6, 0x7B, 0x96, 0x2E, 0xBF, 0x35, 0xFC, 0x8D, 0x2B, 0xEC,
    0x4D, 0x51, 0x27, 0x65, 0xC1, 0x24, 0x1F, 0xB3, 0x16, 0xFB, 0x25, 0x19, 0x56, 0x7A, 0x65, 0xC9,
    0x57, 0x5B, 0x0D, 0x03, 0x76, 0xA7, 0x11, 0xE9, 0xA5, 0x4F, 0xBE, 0xAC, 0x84, 0xD3, 0xE3, 0x2C,
    0xE0, 0x6F, 0xE8, 0x68, 0x3C, 0xFA, 0x99, 0x47, 0x4E, 0x0B, 0x1E, 0x23, 0x43, 0x2B, 0x5B, 0x29,
    0x95, 0x56, 0x56, 0x8A, 0x44, 0x30, 0x79, 0xEE, 0x80, 0x30, 0x19, 0x5B, 0xB3, 0x76, 0x6E, 0xC8,
    0x01, 0x08, 0x17, 0xDC, 0x31, 0x4C, 0xFD, 0x8F, 0x06, 0xFA, 0x34, 0x79, 0xD8, 0x66, 0xBF, 0xEE,
    0xBC, 0x6E, 0xC3, 0xB2, 0xF3, 0x57, 0x3F, 0x93, 0x5E, 0x7B, 0x37, 0xE4, 0x58, 0xD8, 0xB5, 0x65,
    0x75, 0x80, 0x29, 0x3D, 0xB9, 0xB6, 0x6A, 0xF4, 0xEF, 0x04, 0xB1, 0x63, 0x83, 0xD8, 0x45, 0x10,
    0x1F, 0x0F, 0x58, 0x1F, 0x3F, 0x88, 0x7F, 0xB3, 0x70, 0x17, 0x57, 0x5C, 0x6D, 0x41, 0x5E, 0xFD,
    0x04, 0x3D, 0x2A, 0x50, 0xE1, 0xA4, 0x9B, 0x5C, 0x11, 0x30, 0xDD, 0x16, 0xC7, 0x29, 0x59, 0xC0,
    0x82, 0x76, 0xAB, 0x5E, 0x01, 0x8C, 0x0D, 0xE6, 0xDD, 0x56, 0x23, 0xFB, 0x95, 0x92, 0xFA, 0x6F,
    0x27, 0x90, 0x4B, 0x73, 0x20, 0x80, 0x6F, 0xF5, 0x64, 0x27, 0x19, 0x95, 0x0A, 0x06, 0xE6, 0x8B,
    0xF2, 0x8D, 0xCD, 0xBC, 0xAF, 0xB0, 0x99, 0x53, 0x93, 0x05, 0x9D, 0xB2, 0x44, 0xDC, 0xF8, 0xCB,
    0x35, 0x17, 0xAD, 0x90, 0x8E, 0x93, 0x2A, 0xBE, 0x10, 0x0F, 0xF4, 0x6A, 0xEC, 0xE7, 0x36, 0x51,
    0x0D, 0xEB, 0x23, 0xAB, 0xB3, 0x4A, 0xA4, 0xEA, 0x90, 0xEA, 0x91, 0x12, 0x92, 0x4D, 0xBC, 0x2B,
    0xB7, 0xBF, 0x73, 0xDD, 0x26, 0x8D, 0xD8, 0x74, 0x2D, 0x35, 0x79, 0xD9, 0x4A, 0xC2, 0xBE, 0x0C,
    0x8D, 0x9C, 0xF9, 0xD3, 0xC0, 0x74, 0x51, 0xBE, 0x9B, 0xC8, 0xEE, 0x54, 0x20, 0x59, 0x10, 0xC1,
    0x24, 0x1D, 0x84, 0x20, 0x12, 0xA6, 0xB3, 0xD8, 0x94, 0xE9, 0x5D, 0x99, 0xCE, 0xE4, 0xF0, 0xC8,
    0xE9, 0x32, 0x76, 0x46, 0x1A, 0xF4, 0x7B, 0xCA, 0xBD, 0x63, 0x9D, 0x7C, 0x82, 0xD3, 0x4F, 0x71,
    0xFA, 0x1D, 0x62, 0xCF, 0x43, 0x9B, 0x80, 0x75, 0x25, 0x24, 0xA9, 0x2D, 0x3E, 0x0E, 0x4A, 0x54,
    0x93, 0x36, 0x28, 0x51, 0x39, 0x34, 0x9C, 0x71, 0x34, 0x4A, 0x5D, 0x1B, 0x4E, 0xBC, 0x9C, 0x4D,
    0x6B, 0xC7, 0xAB, 0x0E, 0xF3, 0x5D, 0x5E, 0xF7, 0xC2, 0x7C, 0x47, 0xB9, 0xDE, 0x45, 0xAE, 0xFD,
    0xFF, 0x85, 0x47, 0x5B, 0x76, 0xAC, 0x04, 0x95, 0x51, 0x4D, 0xEE, 0xC2, 0x39, 0xE9, 0xF2, 0x6D,
    0x71, 0xC7, 0x50, 0x8A, 0x4D, 0x0D, 0xB2, 0x77, 0x6E, 0x94, 0xF1, 0x53, 0x6F, 0xB8, 0xE0, 0x64,
    0xF3, 0xE3, 0x81, 0xFB, 0x46, 0x24, 0xAC, 0x9C, 0x7C, 0x00, 0xCD, 0xC0, 0x54, 0x4B, 0x10, 0xCA,
    0xDA, 0x69, 0x51, 0xE5, 0x6F, 0x8B, 0xFA, 0x3F, 0x82, 0x2C, 0x2E, 0x50, 0xFE, 0xA3, 0xC7, 0xED,
    0x3B, 0x2C, 0x64, 0x33, 0xFD, 0xB4, 0x1A, 0x08, 0x95, 0xCC, 0x73, 0xA0, 0xC2, 0x62, 0xCE, 0x3C,
    0x0F, 0xD0, 0x43, 0x7E, 0xD8, 0x24, 0xD2, 0x2A, 0xF5, 0x5D, 0xFE, 0xB7, 0x76, 0xFB, 0xCE, 0x3D,
    0x3E, 0xD4, 0x9E, 0x73, 0x4F, 0xB9, 0x4C, 0x2B, 0x24, 0x0F, 0xC5, 0x3E, 0x42, 0xFE, 0x98, 0x54,
    0x6D, 0x03, 0xB4, 0x9A, 0x0E, 0x16, 0x7E, 0x49, 0xA7, 0x56, 0x9B, 0xAB, 0xA6, 0xD7, 0x5E, 0xB8,
    0x9A, 0x59, 0xD0, 0xD5, 0x9E, 0xBE, 0xDE, 0xA3, 0x60, 0xD8, 0x41, 0xBC, 0xD1, 0xF3, 0xD0, 0x5D,
    0xC5, 0xAD, 0xAE, 0x77, 0x8F, 0xC9, 0xF1, 0x94, 0x04, 0x7B, 0x4A, 0x9F, 0x0B, 0xAB, 0x35, 0x06,
    0x3C, 0xE1, 0xD7, 0xAC, 0x1A, 0x7B, 0xAD, 0x97, 0xC5, 0x57, 0xCC, 0x41, 0xD8, 0x4C, 0xBC, 0xB7,
    0x6B, 0xB6, 0xFE, 0x1F, 0x55, 0xCF, 0x01, 0x66, 0xC4, 0x40, 0x18, 0xC5, 0xF1, 0x7F, 0xBA, 0xBA,
    0xD1, 0xAC, 0xFA, 0x8A, 0x02, 0xA5, 0x53, 0x14, 0xD0, 0xDD, 0x01, 0x58, 0xEC, 0x64, 0xE7, 0x28,
    0x7B, 0x84, 0xA2, 0x80, 0xB4, 0xCD, 0x0D, 0x7A, 0x85, 0x3D, 0xC2, 0x22, 0x08, 0xA2, 0x99, 0x23,
    0xE4, 0x08, 0x41, 0x0F, 0x10, 0x15, 0x0C, 0x26, 0x4D, 0xD3, 0x6D, 0x2D, 0xFD, 0x61, 0x18, 0x7C,
    0xDE, 0x7B, 0xF0, 0x48, 0xE0, 0x1D, 0x65, 0x67, 0x8E, 0xC9, 0xCC, 0x2E, 0x9C, 0xB2, 0x86, 0x27,
    0x8E, 0xBF, 0x56, 0x7A, 0x95, 0x6D, 0x6E, 0x0F, 0xC9, 0xF2, 0x7C, 0x7C, 0xFB, 0x1C, 0x77, 0x95,
    0x1E, 0xDD, 0x76, 0xCC, 0xF7, 0x67, 0x5E, 0xEA, 0x41, 0xB5, 0x65, 0x28, 0x0F, 0x0F, 0x3E, 0x2D,
    0x96, 0x37, 0x4D, 0xED, 0xFB, 0x70, 0xA8, 0xA2, 0x4E, 0xF2, 0x04, 0xD0, 0x79, 0xDD, 0x76, 0x93,
    0xBA, 0xD5, 0xF9, 0xC5, 0x1C, 0x25, 0x36, 0xD5, 0x64, 0x86, 0xAE, 0xC0, 0x5E, 0xB1, 0x17, 0x4A,
    0x83, 0x29, 0x91, 0x8E, 0xD8, 0x71, 0x77, 0x8F, 0xCF, 0xA8, 0x0C, 0xA9, 0x42, 0x62, 0x1B, 0x45,
    0x2C, 0x3E, 0x5E, 0x87, 0x5E, 0xBB, 0x04, 0xC4, 0x64, 0x3E, 0x0C, 0x66, 0xC5, 0xD6, 0x4A, 0x2E,
    0x56, 0xB1, 0x64, 0x8D, 0x19, 0x82, 0xCF, 0x8C, 0xEC, 0x8A, 0xBE, 0x6B, 0x1D, 0x26, 0x35, 0xBE,
    0xE1, 0x54, 0xE5, 0x37, 0x7A, 0x9C, 0x82, 0x15, 0xEA, 0x78, 0xB2, 0x46, 0xDB, 0x6D, 0x33, 0x6B,
    0x63, 0xA7, 0xB8, 0x66, 0x6E, 0x37, 0x78, 0x02, 0x75, 0xA3, 0x9D, 0xFF, 0x11, 0xD9, 0xB8, 0x93,
    0xCA, 0xAC, 0x8A, 0x64, 0xF7, 0x37, 0xEB, 0xFF, 0xD8, 0x53, 0x99, 0xA3, 0x4B, 0xD0, 0xF0, 0x0C,
    0x9E, 0xA8, 0x65, 0x52, 0x2E, 0xF2, 0x20, 0x6E, 0x7A, 0x3D, 0x9E, 0x2F, 0xFB, 0xC2, 0x37, 0xBD,
    0x57, 0x31, 0x8C, 0x1C, 0xD7, 0x79, 0x7E, 0x33, 0x23, 0xDD, 0x24, 0x1E, 0x9B, 0x8F, 0x85, 0x00,
    0x07, 0x39, 0x89, 0xA3, 0xC2, 0x85, 0x11, 0xF2, 0x6E, 0x58, 0xB0, 0x60, 0x80, 0xBD, 0x9D, 0xA1,
    0x18, 0xC0, 0x85, 0x0A, 0x11, 0x46, 0x3A, 0x17, 0x52, 0xED, 0xE6, 0x58, 0x10, 0x01, 0x8B, 0xBD,
    0xDB, 0x21, 0x55, 0xB8, 0x88, 0x8B, 0xAB, 0x52, 0x24, 0x80, 0xC1, 0xC2, 0x08, 0x02, 0xB9, 0x20,
    0x03, 0x5C, 0x8C, 0x35, 0xB0, 0xC7, 0x19, 0x89, 0x40, 0x54, 0xB0, 0xF0, 0x20, 0x0E, 0xE0, 0x42,
    0x88, 0x35, 0xB2, 0xD6, 0x96, 0x42, 0x01, 0xD6, 0x24, 0x18, 0x24, 0x73, 0xC7, 0xD9, 0x7D, 0xF9,
    0xBE, 0xFF, 0xCD, 0xEE, 0xED, 0xDD, 0xF1, 0x24, 0x52, 0xA2, 0xB3, 0xB7, 0xEF, 0xDF, 0xDB, 0x9D,
    0x99, 0xF7, 0xFE, 0xF7, 0xFE, 0xFF, 0xFF, 0xBE, 0xEF, 0x57, 0x0A, 0xAF, 0x1A, 0x63, 0x86, 0x31,
    0x2C, 0x94, 0x72, 0x2B, 0x35, 0x7F, 0xC5, 0xC6, 0x54, 0xE7, 0x31, 0xBC, 0x52, 0x71, 0xDC, 0xC3,
    0x50, 0x8B, 0x61, 0x4C, 0x22, 0x63, 0xF9, 0xB7, 0x52, 0x5D, 0xEA, 0xC6, 0xEE, 0xAA, 0x31, 0xF5,
    0x10, 0xCF, 0xBA, 0xE5, 0xBA, 0xF2, 0xAA, 0x58, 0xF1, 0xF3, 0x6B, 0xCE, 0x7B, 0x63, 0x79, 0x5E,
    0x63, 0xCC, 0x54, 0xC1, 0xB4, 0xAA, 0xD2, 0x69, 0xCF, 0x9A, 0x3B, 0x3A, 0xFD, 0x8E, 0x52, 0x3A,
    0x55, 0x73, 0x63, 0x1A, 0x1A, 0x93, 0xE2, 0x6B, 0x58, 0xC0, 0x78, 0x15, 0x8C, 0x53, 0xF3, 0x6A,
    0xB3, 0x64, 0x36, 0x27, 0xAA, 0x76, 0x4D, 0xEB, 0x70, 0xE7, 0x1E, 0x4D, 0x50, 0xF0, 0x30, 0x30,
    0x45, 0xCC, 0x53, 0x09, 0xCB, 0xCE, 0xEF, 0x5D, 0x5C, 0xC6, 0x51, 0x45, 0xF8, 0xFE, 0x97, 0x8B,
    0xCD, 0x28, 0x78, 0x93, 0x63, 0x37, 0xB9, 0x57, 0xFA, 0xDD, 0xF0, 0x52, 0xAF, 0x74, 0xD4, 0xB1,
    0x1D, 0x3C, 0x71, 0xAC, 0x1E, 0xF0, 0xF9, 0x04, 0x73, 0xCE, 0x12, 0xD7, 0x98, 0x22, 0x28, 0xFC,
    0x32, 0x52, 0x6E, 0xB1, 0xA1, 0x9C, 0x62, 0x80, 0xB9, 0x47, 0x18, 0xC6, 0x94, 0x18, 0x05, 0xFC,
    0x54, 0x32, 0x5A, 0x8C, 0x2D, 0xA5, 0xDE, 0x8A, 0x11, 0xB7, 0xB0, 0xF0, 0x6B, 0x9F, 0x37, 0x6C,
    0xCE, 0x94, 0x93, 0x4D, 0x02, 0xD3, 0x86, 0x69, 0x2F, 0x56, 0xBD, 0xBE, 0x82, 0x55, 0xD8, 0x73,
    0x30, 0x55, 0x0E, 0x9E, 0x0D, 0x1B, 0xE5, 0x4C, 0x5F, 0x55, 0xFD, 0x9B, 0xAA, 0x3F, 0x56, 0x5B,
    0xDB, 0x4E, 0x3B, 0x34, 0x55, 0x60, 0x92, 0xA1, 0x39, 0xDF, 0xC0, 0xDD, 0x53, 0xFE, 0x56, 0xF7,
    0x87, 0x66, 0x14, 0xA4, 0xAD, 0xCE, 0x61, 0xE7, 0x91, 0x53, 0xE7, 0xF7, 0xE9, 0xF9, 0xD3, 0xBC,
    0xB1, 0xB9, 0xA1, 0x51, 0x3E, 0x72, 0x20, 0x4B, 0x55, 0x5F, 0x3D, 0xED, 0x7B, 0x43, 0xA9, 0x01,
    0x77, 0xE9, 0xD6, 0xDC, 0x40, 0x9C, 0x60, 0x03, 0x38, 0x5D, 0xA5, 0x32, 0xC3, 0x60, 0x68, 0x39,
    0x83, 0x93, 0xF6, 0x9C, 0x32, 0xFB, 0x62, 0xB1, 0xDB, 0x35, 0xD5, 0xF8, 0xB5, 0xEA, 0xE1, 0xF7,
    0x46, 0xEC, 0x18, 0xE7, 0x48, 0x5B, 0xD3, 0x7E, 0xBF, 0xE2, 0xEF, 0x3C, 0x4F, 0xBF, 0x32, 0x49,
    0x80, 0xFB, 0xF7, 0x54, 0x84, 0x67, 0x87, 0xC6, 0x33, 0x08, 0xEE, 0xF9, 0xDA, 0xC9, 0x76, 0x24,
    0x38, 0x91, 0xFA, 0x92, 0x0F, 0xB8, 0x35, 0xDB, 0x91, 0x0F, 0xA4, 0xA2, 0xFC, 0x38, 0xB4, 0x1F,
    0x61, 0x22, 0x1F, 0xC8, 0xB7, 0xA5, 0x8F, 0xEE, 0xC7, 0x4C, 0x85, 0x33, 0x6C, 0xA5, 0x95, 0xF5,
    0xCC, 0x8E, 0x4D, 0xE1, 0x2F, 0xCB, 0xE3, 0xBB, 0x53, 0xC9, 0xE3, 0x1C, 0x5F, 0x83, 0x72, 0x9E,
    0xC7, 0xEE, 0x09, 0xB3, 0x39, 0xF1, 0xF7, 0x5D, 0xD3, 0x44, 0xA6, 0xCB, 0x4C, 0x97, 0x0F, 0x87,
    0x39, 0x73, 0x28, 0xB1, 0xA9, 0xAB, 0x96, 0x6A, 0x10, 0xA7, 0x1C, 0x4F, 0x1D, 0x7A, 0xEE, 0xD1,
    0x20, 0xC4, 0x5E, 0x19, 0x72, 0x77, 0x3D, 0x1A, 0xE6, 0xBA, 0x41, 0x2D, 0x78, 0x07, 0x0D, 0xBF,
    0x0E, 0x68, 0x62, 0x9A, 0x90, 0xF7, 0xA1, 0x40, 0xF0, 0x58, 0x05, 0xE3, 0xB4, 0x6A, 0x15, 0x1B,
    0x62, 0xA4, 0xC3, 0x2E, 0x49, 0x7C, 0x7E, 0x06, 0xAC, 0x23, 0x97, 0x11, 0x53, 0xAB, 0xCB, 0xEB,
    0xE2, 0x3E, 0x33, 0x3D, 0x5F, 0xC3, 0x57, 0x1C, 0x47, 0x80, 0x62, 0x81, 0x83, 0x30, 0x43, 0x18,
    0x47, 0x6A, 0xE8, 0x03, 0x98, 0xF0, 0x75, 0x98, 0x2D, 0x5C, 0xFD, 0xA8, 0x86, 0xF9, 0xA4, 0x80,
    0x41, 0xA8, 0x72, 0xF8, 0x09, 0x53, 0xDB, 0xC7, 0x82, 0x7C, 0x75, 0x5F, 0x85, 0x9F, 0xCA, 0x7C,
    0xEA, 0x45, 0x75, 0x8D, 0xB9, 0x83, 0x1D, 0xC6, 0xAF, 0xC1, 0x84, 0xF4, 0xDC, 0xBD, 0x9F, 0x1C,
    0x59, 0xF7, 0x8A, 0xA9, 0x23, 0xD4, 0x7A, 0x01, 0xB7, 0x43, 0x05, 0x10, 0xD8, 0x60, 0x92, 0x0D,
    0x58, 0x4B, 0xAC, 0x69, 0x16, 0xBF, 0xBE, 0x8A, 0xBA, 0x0F, 0xDE, 0xC7, 0x81, 0x79, 0x1F, 0xE2,
    0x11, 0x47, 0xBC, 0x67, 0xB9, 0xA9, 0x9B, 0x34, 0xDC, 0xD1, 0x27, 0xB8, 0xC3, 0xE1, 0x69, 0xAA,
    0x29, 0x27, 0x9D, 0xB9, 0xA6, 0x96, 0x8C, 0x91, 0xD8, 0x7E, 0x1D, 0x03, 0x5C, 0x33, 0x77, 0x00,
    0x25, 0xCC, 0x41, 0xE6, 0xB3, 0x35, 0xBB, 0x0B, 0x73, 0x9D, 0xE6, 0x22, 0xCD, 0x9A, 0x6C, 0x87,
    0x86, 0x71, 0x76, 0x3E, 0xC7, 0x69, 0x7B, 0x0F, 0xE9, 0xF3, 0xFB, 0xF4, 0xFE, 0x2A, 0x50, 0x45,
    0x13, 0xC3, 0xD7, 0xB9, 0xAD, 0x1E, 0xDD, 0x1F, 0x22, 0xB9, 0x90, 0x62, 0x33, 0xEE, 0x80, 0x40,
    0xCC, 0x54, 0x64, 0x2A, 0x85, 0x13, 0x44, 0x61, 0xD8, 0x3A, 0xA6, 0x3D, 0x84, 0x30, 0xAF, 0x1B,
    0x4B, 0xF0, 0x85, 0xDA, 0x40, 0xA6, 0x16, 0x08, 0x0D, 0xC0, 0xDA, 0xA9, 0xF1, 0x5B, 0x63, 0x07,
    0xFF, 0x0F, 0xAA, 0x10, 0xCF, 0x0D, 0x71, 0xCF, 0x9F, 0x03, 0x6C, 0x01, 0xEC, 0x78, 0x26, 0x42,
    0xC2, 0x6B, 0xCC, 0x11, 0x74, 0x43, 0x13, 0xD0, 0x39, 0x07, 0xBF, 0x7F, 0xE1, 0x1C, 0x27, 0xFD,
    0x10, 0x5F, 0x92, 0x67, 0x81, 0x52, 0xC0, 0xA8, 0x49, 0x1D, 0x01, 0x0B, 0x41, 0x86, 0x33, 0x34,
    0xE7, 0x16, 0x66, 0x8D, 0xE6, 0x02, 0x0D, 0x91, 0x41, 0x5D, 0xA6, 0xB9, 0x41, 0x53, 0xCD, 0x8D,
    0x4B, 0xA8, 0xF5, 0x73, 0xF2, 0x02, 0x0E, 0x2D, 0x61, 0x79, 0xE7, 0x38, 0xC0, 0x20, 0xC7, 0x75,
    0x3F, 0x67, 0x5D, 0xA4, 0x08, 0x86, 0x97, 0x88, 0x79, 0x1E, 0x54, 0xE6, 0x15, 0xDA, 0xE4, 0xEB,
    0xCA, 0xAF, 0xB5, 0x49, 0x80, 0x97, 0xAD, 0x6A, 0x5C, 0x44, 0x36, 0xC2, 0xF1, 0x20, 0xAA, 0x3A,
    0x69, 0x34, 0x8B, 0x37, 0x6F, 0xCE, 0x31, 0xDA, 0x65, 0xD3, 0x93, 0xC8, 0x93, 0xD9, 0x94, 0x73,
    0x30, 0x1B, 0x13, 0x88, 0x8A, 0xA6, 0x4F, 0x94, 0xC8, 0x9B, 0x10, 0x77, 0x86, 0x78, 0x00, 0xCF,
    0xC5, 0x78, 0xBC, 0x62, 0xF6, 0x36, 0x6E, 0xA3, 0x3C, 0x22, 0xE1, 0x54, 0xE9, 0x72, 0xC5, 0xA4,
    0x71, 0x1A, 0xA5, 0xA1, 0xC9, 0x75, 0xB1, 0x62, 0x8A, 0xD8, 0xB4, 0x1B, 0x6A, 0xAF, 0xA7, 0xFA,
    0x97, 0x3B, 0xD4, 0xAD, 0x15, 0xC9, 0x06, 0xBB, 0xDD, 0xE3, 0x0C, 0x2A, 0xBA, 0xA8, 0x50, 0x32,
    0xFD, 0x99, 0xF0, 0x85, 0x3F, 0x4B, 0xFE, 0x38, 0xC5, 0x1B, 0xB2, 0xB2, 0xA2, 0x2B, 0xC2, 0xD5,
    0xAC, 0x5B, 0x93, 0x9E, 0xC0, 0x8B, 0xE6, 0x39, 0x2D, 0x19, 0xD9, 0x25, 0xBF, 0x1E, 0xF8, 0xE9,
    0x27, 0x83, 0x9F, 0xA5, 0xA9, 0xC3, 0xC4, 0x3B, 0x66, 0x8E, 0xA5, 0x60, 0x6F, 0x61, 0xC8, 0x4D,
    0x42, 0x4D, 0xC2, 0x4C, 0x42, 0xF4, 0xE4, 0xA5, 0x7C, 0x0F, 0x30, 0x96, 0x87, 0xF0, 0xCE, 0xA4,
    0x3E, 0xCA, 0x07, 0x04, 0x6F, 0x54, 0x00, 0x1E, 0xFF, 0x3C, 0xD1, 0x23, 0xE5, 0x7C, 0x98, 0x9E,
    0x19, 0x28, 0xF7, 0xD7, 0xF9, 0x1A, 0xEC, 0x83, 0xA2, 0x37, 0x50, 0xDE, 0x7B, 0xE5, 0xE5, 0x9E,
    0xF2, 0xDE, 0xAD, 0xEE, 0xC1, 0xE6, 0x75, 0xB5, 0x01, 0xFB, 0x8B, 0x82, 0x76, 0x3B, 0xDF, 0x00,
    0x26, 0xC7, 0x79, 0x1F, 0x36, 0x4A, 0x90, 0x68, 0xA9, 0x46, 0x76, 0x45, 0x93, 0x17, 0x55, 0xB6,
    0x83, 0x58, 0x63, 0xA7, 0x27, 0xE3, 0x7A, 0xD2, 0x70, 0x77, 0xD6, 0x9C, 0x7A, 0xCB, 0xFC, 0x90,
    0x1B, 0x1B, 0xD7, 0xD5, 0x99, 0x70, 0x77, 0xA5, 0x82, 0xD2, 0x6D, 0x91, 0x97, 0x00, 0x2D, 0xE4,
    0x69, 0x94, 0x0C, 0x48, 0x6B, 0x63, 0x49, 0xD8, 0xAE, 0xAC, 0x3A, 0xD3, 0xCE, 0x2F, 0x24, 0xDB,
    0xCC, 0x7F, 0x50, 0xFF, 0x16, 0x72, 0x96, 0xF9, 0x4B, 0x56, 0x57, 0x9B, 0xFB, 0x22, 0xB6, 0x4C,
    0x8B, 0x82, 0x33, 0xD0, 0x27, 0x96, 0x59, 0xBF, 0xB2, 0x81, 0xA7, 0x80, 0x3F, 0x78, 0x8A, 0xF9,
    0xF6, 0x09, 0x5D, 0x84, 0x2A, 0x0A, 0x1F, 0x14, 0xB2, 0xDB, 0x0D, 0xFE, 0x85, 0xB9, 0x85, 0xAF,
    0xC9, 0x93, 0x61, 0x67, 0xD6, 0x29, 0x38, 0xEC, 0x16, 0x9B, 0xCD, 0x03, 0x28, 0x40, 0xE2, 0x6B,
    0x1F, 0x07, 0x3F, 0x50, 0x8E, 0x1A, 0x77, 0x50, 0xBE, 0x3C, 0xC6, 0x56, 0xC1, 0xB1, 0xC2, 0x28,
    0x2E, 0xAF, 0xF9, 0xDC, 0x1E, 0x14, 0x1C, 0xF7, 0xC6, 0x41, 0x11, 0xC0, 0x01, 0x1D, 0x70, 0x49,
    0x14, 0xC0, 0xD3, 0x8C, 0xCD, 0x4F, 0xE1, 0x23, 0x24, 0xF1, 0xD4, 0x33, 0xE5, 0xE6, 0xC4, 0xC9,
    0x12, 0x70, 0x74, 0x8F, 0x72, 0x76, 0x44, 0xB2, 0x23, 0x14, 0x00, 0xF9, 0xD5, 0x16, 0x31, 0x25,
    0xA6, 0x9C, 0x0B, 0xDF, 0x20, 0x4B, 0xFF, 0x86, 0xF8, 0x41, 0x8A, 0x73, 0xEB, 0x39, 0xC5, 0xB9,
    0x6C, 0x02, 0x3E, 0x20, 0xAB, 0x08, 0xBF, 0x08, 0x0F, 0x45, 0xDC, 0xA1, 0xCF, 0x5B, 0xA4, 0x3D,
    0xC8, 0x80, 0x12, 0xC1, 0xE3, 0x83, 0x99, 0x8A, 0xDD, 0x2A, 0x4A, 0x07, 0x6E, 0x85, 0xD8, 0xE1,
    0xB8, 0x8A, 0x86, 0x67, 0x26, 0x06, 0x5F, 0xFD, 0x62, 0xDB, 0xAD, 0x74, 0x1E, 0xFF, 0x5B, 0x95,
    0xA9, 0x80, 0x02, 0x47, 0xDD, 0x85, 0xDE, 0xB1, 0x13, 0xF8, 0xFB, 0x56, 0x82, 0x60, 0xDC, 0x32,
    0xC5, 0xEA, 0x54, 0x0D, 0x13, 0x57, 0xC8, 0xF8, 0x3E, 0x5D, 0x88, 0x3D, 0xB8, 0x10, 0x3E, 0x84,
    0x0B, 0x81, 0x99, 0xFB, 0xE7, 0xB4, 0xAA, 0xF3, 0x48, 0xBF, 0x89, 0x0B, 0xEB, 0x94, 0xE8, 0x03,
    0x22, 0x5C, 0x05, 0x0F, 0x11, 0x08, 0x88, 0x38, 0x6C, 0x7A, 0x27, 0x6B, 0x99, 0xCE, 0xA0, 0xE5,
    0xE6, 0x7C, 0xF3, 0xBC, 0x68, 0x79, 0x22, 0x49, 0xB7, 0xD0, 0x02, 0x72, 0x20, 0xA3, 0x05, 0x31,
    0x5F, 0x34, 0x0D, 0x36, 0x92, 0x95, 0x51, 0xF3, 0x05, 0xC9, 0xC6, 0xDA, 0xF0, 0x49, 0x7B, 0x1E,
    0xC5, 0xBA, 0x1A, 0x3E, 0x2E, 0xAD, 0x8E, 0x3C, 0x61, 0x56, 0xF7, 0x05, 0xDD, 0xA1, 0x2C, 0x22,
    0x13, 0x98, 0xE2, 0x7C, 0x1D, 0xEC, 0xAF, 0xCC, 0x12, 0x26, 0x23, 0xB2, 0xE6, 0x8F, 0xF1, 0xC1,
    0x0D, 0x9A, 0x59, 0xCA, 0x2D, 0x22, 0x0B, 0xED, 0xB2, 0xF9, 0xFF, 0xD3, 0xB2, 0x66, 0xBE, 0xAC,
    0x20, 0xBD, 0x77, 0xF4, 0x23, 0xB7, 0x12, 0xD6, 0x7E, 0x38, 0xB9, 0xB1, 0x22, 0x06, 0x17, 0x2B,
    0x66, 0xBB, 0x98, 0x72, 0x49, 0x22, 0xDB, 0x7E, 0x8F, 0xE2, 0x47, 0x00, 0x38, 0x05, 0x78, 0xE8,
    0x54, 0x8B, 0x62, 0x5E, 0x18, 0xCD, 0x46, 0x70, 0x08, 0x1C, 0x42, 0x9D, 0xC8, 0x5C, 0x43, 0xD6,
    0x75, 0x05, 0x76, 0x41, 0x87, 0xC2, 0xE3, 0x97, 0xA0, 0x3F, 0xD9, 0x82, 0x70, 0x69, 0x4D, 0x1A,
    0x89, 0xFC, 0x8D, 0x84, 0x02, 0x22, 0xD9, 0xCE, 0xA1, 0x85, 0xF6, 0x21, 0x49, 0xE0, 0x2A, 0x14,
    0xCD, 0x95, 0xAC, 0x1C, 0x9A, 0x89, 0x45, 0x57, 0x75, 0xBE, 0x39, 0x45, 0xB9, 0x3C, 0xA5, 0xBA,
    0x5A, 0xC1, 0xD6, 0x22, 0xEC, 0x6C, 0x5D, 0x45, 0xF9, 0x9A, 0xF2, 0x8B, 0x97, 0x6D, 0x1D, 0xD5,
    0x32, 0x32, 0x38, 0x37, 0x14, 0x45, 0x60, 0xBF, 0x2B, 0xA7, 0xFA, 0xAE, 0xD0, 0x56, 0x90, 0x0F,
    0x93, 0x28, 0x89, 0xB0, 0xDD, 0x15, 0x94, 0xDE, 0x70, 0xA6, 0x02, 0x40, 0x72, 0xDC, 0x48, 0xFD,
    0xC2, 0xDB, 0x1A, 0x35, 0x27, 0x5A, 0xFE, 0x3E, 0x59, 0x2D, 0x05, 0x1E, 0x71, 0x03, 0x40, 0x68,
    0x61, 0x3B, 0xCA, 0x36, 0x39, 0xCA, 0xF9, 0x47, 0xD9, 0x97, 0x1F, 0xBB, 0x6B, 0x72, 0xA7, 0xA5,
    0xC4, 0xBE, 0x25, 0xC5, 0xB1, 0x9D, 0xB3, 0x46, 0x33, 0xAB, 0x48, 0x85, 0x58, 0x2F, 0x64, 0x3A,
    0xA3, 0xF8, 0x89, 0x91, 0xFB, 0x68, 0x41, 0xE1, 0xB4, 0x5B, 0xB9, 0x95, 0xCD, 0x02, 0x31, 0xF2,
    0x55, 0xF1, 0x02, 0xB0, 0xA0, 0xEA, 0x24, 0x40, 0xF8, 0x1A, 0xBF, 0xF2, 0xB7, 0x31, 0x8C, 0xD3,
    0xF0, 0x66, 0xDE, 0xA7, 0xF3, 0x60, 0xA6, 0xB6, 0x09, 0x1C, 0x2E, 0x00, 0x29, 0x42, 0x04, 0xB7,
    0x01, 0x01, 0xC0, 0x1F, 0xF5, 0x12, 0x6F, 0xC6, 0x58, 0xC1, 0xE3, 0x9C, 0x67, 0x0F, 0xFF, 0xF3,
    0xB1, 0xD6, 0xAF, 0xE0, 0x87, 0x49, 0xC3, 0x72, 0xBB, 0x13, 0x14, 0x3E, 0xA0, 0x12, 0x61, 0x7F,
    0xB4, 0xA7, 0xA8, 0xAB, 0x28, 0xAA, 0xA8, 0xA8, 0x06, 0x9B, 0x3B, 0x72, 0x8C, 0x26, 0xB9, 0x8F,
    0x2A, 0x87, 0x78, 0xA2, 0x8E, 0xC2, 0xA6, 0x5B, 0x3B, 0x92, 0xB1, 0x90, 0x12, 0x38, 0x29, 0x05,
    0x25, 0x41, 0xA3, 0x3B, 0x10, 0x29, 0x68, 0xDF, 0x32, 0x53, 0xE3, 0x3A, 0x48, 0x4B, 0xA7, 0x0D,
    0x3C, 0xD7, 0xA6, 0xD1, 0xE9, 0x9E, 0x4E, 0xFB, 0xF2, 0x1E, 0x23, 0x26, 0xB8, 0x27, 0x36, 0x28,
    0xAA, 0x99, 0x57, 0xAE, 0x79, 0xE5, 0x2B, 0x5E, 0xF9, 0x4D, 0x82, 0xC0, 0xD1, 0x77, 0x70, 0x00,
    0x97, 0x13, 0xF4, 0x77, 0x35, 0xBB, 0x51, 0x85, 0x4C, 0x5A, 0x0C, 0x1C, 0xB2, 0x83, 0xE1, 0x32,
    0xDF, 0x72, 0x0C, 0x64, 0x5F, 0xC0, 0x3E, 0xD3, 0x70, 0x66, 0xD3, 0x22, 0xD4, 0x2D, 0xF6, 0x3D,
    0xBA, 0x87, 0x0E, 0x05, 0xE3, 0x12, 0x36, 0x72, 0x16, 0x9E, 0xC1, 0x93, 0xD8, 0x69, 0x06, 0xAA,
    0x1D, 0xAB, 0xB1, 0x50, 0x4A, 0xD3, 0x08, 0x76, 0x51, 0xD4, 0x25, 0x2F, 0x84, 0x06, 0xFA, 0x72,
    0x67, 0xC3, 0x33, 0xF9, 0x38, 0xBE, 0x35, 0x73, 0x5B, 0x37, 0x1F, 0xA3, 0x63, 0xAB, 0xC6, 0x1A,
    0x42, 0x78, 0x7C, 0x41, 0xA9, 0x8D, 0xBD, 0x9B, 0x8C, 0x05, 0xEE, 0x1F, 0x8D, 0xA1, 0x0A, 0xAB,
    0x71, 0x08, 0x27, 0xC7, 0x2C, 0xA1, 0xB1, 0x5F, 0x44, 0xC9, 0xCC, 0xAD, 0xF7, 0x20, 0x49, 0xB6,
    0x20, 0x07, 0x63, 0x53, 0xEC, 0xFA, 0x25, 0x2B, 0xD6, 0x07, 0x47, 0x22, 0x8F, 0x73, 0xE5, 0x33,
    0xA2, 0x6F, 0xB9, 0x55, 0xED, 0x17, 0x99, 0x21, 0xC5, 0xC2, 0x95, 0xE9, 0x66, 0x11, 0x4E, 0x58,
    0x8C, 0x3A, 0x8D, 0x30, 0xB2, 0x5C, 0xDF, 0xFE, 0x20, 0xD7, 0x3F, 0x7A, 0x3D, 0xD7, 0x3F, 0x09,
    0x72, 0xDD, 0x60, 0xA0, 0x4D, 0x40, 0x68, 0xF3, 0xA8, 0x08, 0x3F, 0xE5, 0xFD, 0xEA, 0xDA, 0x4B,
    0x92, 0x89, 0x5E, 0x3D, 0xC4, 0x41, 0xA3, 0x56, 0xA3, 0x52, 0x42, 0xF7, 0xCC, 0x73, 0xD5, 0xF1,
    0x14, 0x87, 0x9A, 0x66, 0x65, 0x8C, 0x7B, 0x47, 0x08, 0x25, 0xA0, 0xF8, 0x6D, 0x20, 0xC1, 0x3F,
    0x00, 0x1C, 0x10, 0x40, 0xFD, 0x23, 0xFC, 0x7F, 0x1B, 0x69, 0x95, 0x32, 0xD4, 0x5B, 0x2A, 0xC2,
    0xF6, 0x70, 0x7F, 0x01, 0x3E, 0xAE, 0x30, 0x76, 0x54, 0x0F, 0x21, 0xE0, 0xB8, 0x8C, 0x71, 0x13,
    0x63, 0xF7, 0x30, 0x34, 0xF4, 0xCF, 0x20, 0x24, 0x26, 0xC9, 0xAA, 0x3D, 0x07, 0x45, 0x9E, 0x2B,
    0x66, 0x19, 0x34, 0x9A, 0xAE, 0xBC, 0xFB, 0x4A, 0x8F, 0xFC, 0x6D, 0xA5, 0x7B, 0xBA, 0xAF, 0xF4,
    0xDA, 0xB7, 0x60, 0xC2, 0x0B, 0x30, 0xFA, 0x06, 0x8C, 0x5F, 0xC1, 0xB0, 0x96, 0xB4, 0x0B, 0x91,
    0x10, 0x21, 0xED, 0x52, 0x88, 0x19, 0x93, 0x63, 0x8A, 0x69, 0x56, 0x44, 0x13, 0x1E, 0xF4, 0x91,
    0x81, 0x52, 0xD2, 0x8F, 0xEE, 0x1E, 0xF9, 0x2D, 0x2C, 0xC3, 0x09, 0x0F, 0xC3, 0xC9, 0x90, 0x3D,
    0x38, 0xA0, 0x28, 0x19, 0x82, 0x3C, 0x43, 0x68, 0x27, 0x6A, 0xAA, 0x60, 0x31, 0x98, 0xBD, 0x90,
    0x91, 0x49, 0x8C, 0xDC, 0x45, 0xD8, 0x51, 0x35, 0x3B, 0x22, 0x32, 0x32, 0xB0, 0xD0, 0x89, 0x75,
    0x9E, 0x30, 0x22, 0xAE, 0x53, 0xC7, 0xED, 0xEA, 0x7B, 0x33, 0x35, 0xFC, 0xDC, 0xE4, 0x7E, 0x43,
    0x94, 0x72, 0x89, 0x52, 0x4B, 0x48, 0xC5, 0xFF, 0x9D, 0x4E, 0x30, 0x05, 0x85, 0xED, 0x7A, 0x9A,
    0x13, 0x48, 0x17, 0x8A, 0x50, 0xA2, 0x78, 0x28, 0x02, 0xD3, 0x44, 0x0E, 0x3A, 0x8F, 0xD1, 0x58,
    0x9D, 0x6D, 0x84, 0x50, 0x0F, 0xF3, 0x33, 0x45, 0x7E, 0xB6, 0xAE, 0x01, 0x74, 0x1A, 0x78, 0xB9,
    0xDB, 0xD7, 0xD7, 0xF9, 0x3E, 0x43, 0xE5, 0x78, 0xF4, 0x0D, 0x76, 0xF7, 0x4D, 0x99, 0x35, 0x51,
    0x1B, 0x01, 0x27, 0xC1, 0xB0, 0xB9, 0x8F, 0x3F, 0xF4, 0x52, 0x89, 0x5B, 0x41, 0xC9, 0x57, 0x6B,
    0x98, 0x15, 0x95, 0x3D, 0x40, 0x32, 0x6F, 0x54, 0x36, 0x85, 0x80, 0x51, 0x38, 0x14, 0xB5, 0x5C,
    0xF8, 0x3F, 0x47, 0x09, 0x91, 0x54, 0xEE, 0x0B, 0xCB, 0x5C, 0x63, 0xC3, 0xC1, 0x5C, 0xF3, 0x9F,
    0x40, 0xCD, 0x19, 0x0E, 0x2F, 0x78, 0x4C, 0x1E, 0xB8, 0x5A, 0xDE, 0x87, 0x90, 0x02, 0x0E, 0x8E,
    0x01, 0x7F, 0x49, 0x43, 0xEC, 0x5C, 0x98, 0xA4, 0xE5, 0x6F, 0x7B, 0x4C, 0x8F, 0xF8, 0x6A, 0x09,
    0x90, 0x79, 0x4C, 0xB4, 0xC8, 0xD8, 0xD3, 0x9C, 0xCA, 0xF7, 0x3C, 0x16, 0x6C, 0xA3, 0x0D, 0x6B,
    0x28, 0xE5, 0x0A, 0xE2, 0xAC, 0x85, 0x77, 0x7D, 0x78, 0xA7, 0x2B, 0xEB, 0x8A, 0x86, 0x97, 0x1B,
    0x50, 0x8D, 0xA3, 0x18, 0xD5, 0x85, 0xC0, 0x94, 0x7A, 0x12, 0xB7, 0x71, 0x8B, 0x94, 0x69, 0x37,
    0x8B, 0xE8, 0xE9, 0x42, 0xF9, 0xE8, 0x2E, 0x21, 0x03, 0xC5, 0xC4, 0x56, 0x4F, 0x5D, 0xE8, 0xC6,
    0xCB, 0x18, 0x2F, 0x98, 0xCA, 0x54, 0x59, 0x91, 0x81, 0x1F, 0x23, 0xB5, 0x18, 0xC8, 0x6D, 0xA1,
    0x39, 0x82, 0xF7, 0x0F, 0x37, 0xA9, 0x01, 0xBB, 0x31, 0xDC, 0x21, 0x69, 0x62, 0xF5, 0x5F, 0x99,
    0x7C, 0xB5, 0x1A, 0xDE, 0x9A, 0x49, 0x2D, 0x8C, 0x9F, 0xD9, 0x06, 0x07, 0xD9, 0x3B, 0xC4, 0x10,
    0xF6, 0x14, 0xCF, 0x67, 0x36, 0x34, 0xB7, 0x0B, 0x39, 0x61, 0x65, 0x84, 0x55, 0x11, 0x56, 0x44,
    0x38, 0x56, 0x4A, 0x24, 0x54, 0x60, 0xC8, 0x51, 0x85, 0x3A, 0x54, 0xA4, 0xB4, 0x9D, 0xBE, 0x68,
    0xD1, 0x54, 0x78, 0xA3, 0x0F, 0xFA, 0xEA, 0x23, 0x1D, 0x65, 0xB8, 0x95, 0xC3, 0x46, 0xC3, 0xCC,
    0x12, 0x32, 0x43, 0x8D, 0x62, 0xCB, 0x76, 0x40, 0x93, 0x3C, 0xA0, 0x85, 0x79, 0x94, 0xC0, 0x20,
    0x9F, 0x59, 0x69, 0x34, 0xFD, 0x85, 0xD9, 0x23, 0x4E, 0x37, 0xC3, 0x1A, 0x40, 0x62, 0x6A, 0x4C,
    0xB0, 0x59, 0x28, 0x11, 0x20, 0xF2, 0x46, 0xFD, 0x7D, 0x06, 0xDE, 0xD8, 0x3A, 0xC6, 0x15, 0x2B,
    0xD0, 0x17, 0xA6, 0xBA, 0x0C, 0x5E, 0x66, 0x93, 0xB0, 0xA1, 0xC0, 0xBC, 0x24, 0x5F, 0x44, 0x6C,
    0xE3, 0x92, 0x1A, 0x0F, 0x9C, 0x3A, 0x36, 0x25, 0x28, 0xD0, 0x54, 0x2B, 0x30, 0x25, 0x08, 0x10,
    0xCB, 0x78, 0xC8, 0x88, 0xC6, 0x69, 0xF4, 0x2D, 0xB0, 0x9D, 0xFE, 0x0C, 0xE2, 0x8A, 0x14, 0x3A,
    0x26, 0xAE, 0x8D, 0xF5, 0x2D, 0xF4, 0x95, 0x44, 0x37, 0xB0, 0xD4, 0xCC, 0xAB, 0x86, 0x55, 0x0C,
    0x9C, 0xA9, 0x83, 0x29, 0x93, 0x99, 0x5D, 0x4D, 0x02, 0x4C, 0x97, 0x96, 0x4B, 0xE3, 0x33, 0x28,
    0xC7, 0x00, 0x08, 0xAC, 0x3C, 0x6C, 0x89, 0xFA, 0xCA, 0xC5, 0x77, 0x9F, 0xD7, 0xAF, 0xCC, 0x92,
    0x2D, 0xDF, 0xF0, 0xF4, 0xBC, 0x04, 0xD2, 0x83, 0x3D, 0x05, 0xAB, 0x75, 0xAD, 0x23, 0xD4, 0xA7,
    0x24, 0x9C, 0x00, 0x72, 0xED, 0x76, 0x15, 0x5C, 0x29, 0x95, 0x7A, 0xB6, 0x07, 0x57, 0x4B, 0x5B,
    0x94, 0x73, 0x20, 0x21, 0x35, 0x7D, 0xFB, 0x77, 0x7F, 0x6D, 0xBF, 0xFF, 0x76, 0xC6, 0x0C, 0xCD,
    0x3D, 0x0B, 0x4C, 0xC7, 0x24, 0xD4, 0x21, 0x40, 0x05, 0x38, 0x02, 0xC0, 0xA5, 0xD5, 0x08, 0xF2,
    0x24, 0x71, 0x20, 0x4A, 0xA5, 0xA3, 0x70, 0x9B, 0xB9, 0xF0, 0xF4, 0x25, 0x44, 0xC8, 0x87, 0xEF,
    0x74, 0x2E, 0x2E, 0x71, 0x37, 0xDE, 0x2F, 0x9F, 0xC6, 0xDD, 0x8E, 0xC5, 0x34, 0x44, 0x48, 0x5D,
    0x1A, 0x89, 0x7E, 0xC7, 0xFB, 0xC4, 0x4E, 0x8A, 0x80, 0xE9, 0x9E, 0xB7, 0xC0, 0x66, 0x2F, 0x9D,
    0xCA, 0xA6, 0x34, 0x82, 0x9B, 0xE5, 0x6F, 0x05, 0x05, 0xFB, 0xA6, 0xA0, 0x80, 0xBC, 0x44, 0x93,
    0xCB, 0x86, 0xA6, 0xED, 0x1A, 0x32, 0xFB, 0x5A, 0x85, 0xA8, 0x21, 0xB1, 0x9E, 0xFA, 0xF6, 0x0F,
    0xD8, 0xA2, 0xED, 0xAE, 0x35, 0xFD, 0x7B, 0x17, 0xE4, 0x81, 0x72, 0x58, 0x7A, 0x27, 0xFE, 0x82,
    0x26, 0x6E, 0x21, 0x9F, 0x0C, 0x9D, 0x52, 0x6A, 0xA5, 0xD5, 0x2D, 0xB2, 0xEC, 0xC9, 0x7F, 0xAD,
    0x53, 0xFB, 0x55, 0xC4, 0x2E, 0x16, 0xB2, 0x04, 0x69, 0x41, 0x65, 0xDD, 0xA3, 0xC8, 0x16, 0x73,
    0x99, 0xE6, 0xA6, 0x46, 0xA5, 0xDD, 0xA0, 0x18, 0xBA, 0x47, 0x8D, 0x84, 0x2C, 0x1C, 0xBB, 0x25,
    0x33, 0x39, 0xD7, 0xB7, 0x9A, 0x21, 0xA4, 0x7D, 0x85, 0xFC, 0x35, 0x29, 0xA0, 0x05, 0x82, 0xB3,
    0xE0, 0x66, 0xAD, 0x00, 0x5F, 0x32, 0x7F, 0x4F, 0xD5, 0x03, 0xCD, 0xF4, 0xE8, 0x2E, 0x55, 0x93,
    0x14, 0x42, 0x67, 0xF6, 0x98, 0xAB, 0x0D, 0x9E, 0xB5, 0xF1, 0xB7, 0x0A, 0x40, 0x10, 0x53, 0x94,
    0x89, 0x98, 0x25, 0x28, 0xFD, 0x28, 0x4B, 0x94, 0xF7, 0x19, 0x55, 0xED, 0xD4, 0xA7, 0x56, 0x44,
    0xC7, 0xCB, 0xD0, 0x9F, 0x6E, 0x82, 0xC6, 0x45, 0xF7, 0x3A, 0x0D, 0xD8, 0xD7, 0xF2, 0x75, 0x07,
    0xE9, 0x88, 0x03, 0x67, 0x6A, 0x33, 0x33, 0xCE, 0x1C, 0x9E, 0xFD, 0x57, 0x11, 0x10, 0xEA, 0x6C,
    0xD7, 0x22, 0xF2, 0xA0, 0x63, 0x65, 0xE7, 0x74, 0xD2, 0xC3, 0x39, 0xBF, 0x8E, 0x28, 0xAA, 0xE2,
    0x23, 0xA2, 0x28, 0x6B, 0xC3, 0x69, 0x34, 0xF1, 0x6B, 0x5D, 0xB8, 0xA5, 0x5F, 0x7A, 0xB9, 0x07,
    0x02, 0x71, 0x6A, 0x50, 0x5C, 0x03, 0x16, 0x1C, 0xA3, 0x48, 0x7B, 0x20, 0x92, 0xF5, 0x5D, 0x4B,
    0x26, 0x1A, 0xCF, 0xF8, 0xF0, 0x05, 0x82, 0x4F, 0x69, 0x4B, 0x05, 0xFF, 0xB2, 0xC4, 0x80, 0xCF,
    0x48, 0x28, 0x13, 0x6A, 0x09, 0x05, 0xBE, 0x92, 0xE1, 0x27, 0x76, 0x78, 0x98, 0xE8, 0x9D, 0x9F,
    0x72, 0xB6, 0x66, 0xB9, 0x3B, 0xFB, 0x8B, 0xBB, 0x8F, 0x7E, 0x4A, 0xE1, 0x5A, 0x23, 0x67, 0xD2,
    0x1B, 0xEA, 0xBA, 0x4E, 0xAF, 0xAB, 0xB3, 0xCB, 0xBD, 0xDB, 0x64, 0xD1, 0xBB, 0x45, 0xE9, 0x17,
    0xF7, 0x6E, 0x44, 0x65, 0xB5, 0x82, 0xD9, 0x03, 0xAE, 0xD0, 0x0D, 0xBA, 0xC2, 0x51, 0x36, 0x17,
    0xD4, 0x4E, 0xF3, 0x92, 0xFD, 0x7D, 0xB6, 0xAF, 0xA4, 0x15, 0x41, 0x6D, 0x1D, 0x02, 0x82, 0x9F,
    0xBB, 0x33, 0x90, 0x1D, 0x1A, 0x12, 0xB5, 0x8A, 0x7E, 0x08, 0xB3, 0x55, 0x00, 0x3F, 0x60, 0x6E,
    0x88, 0xE6, 0x88, 0x47, 0x12, 0x26, 0x03, 0xBA, 0x31, 0x62, 0xDC, 0x84, 0x9E, 0xC4, 0x70, 0x3D,
    0x28, 0x2A, 0xC1, 0x4B, 0xE9, 0x06, 0xD8, 0x0E, 0x24, 0x0A, 0xFD, 0x40, 0x09, 0x04, 0xF1, 0x84,
    0x77, 0x50, 0xBD, 0x6A, 0x21, 0xCA, 0x94, 0x15, 0x65, 0x48, 0x9B, 0xBC, 0x9B, 0xE4, 0x54, 0x51,
    0x46, 0x0C, 0xA9, 0x63, 0xF4, 0x67, 0x2D, 0x32, 0x50, 0xB7, 0xA8, 0xE8, 0x88, 0xF9, 0xB8, 0x41,
    0x08, 0x81, 0x2F, 0x03, 0x6E, 0x66, 0x43, 0x51, 0xC6, 0x10, 0xC3, 0x42, 0x17, 0x4B, 0xE9, 0xAB,
    0x88, 0x63, 0xF0, 0x3E, 0x75, 0xC5, 0x43, 0x9E, 0xFA, 0xE7, 0x44, 0xD4, 0x19, 0x33, 0x82, 0x1C,
    0x4F, 0xFA, 0xC8, 0x00, 0xFE, 0xD1, 0x8E, 0x07, 0x9A, 0x09, 0xFE, 0x0A, 0x31, 0x03, 0xBA, 0xBD,
    0x82, 0x0C, 0xEA, 0xA1, 0x3B, 0xBC, 0x8C, 0x2E, 0x11, 0x19, 0x31, 0xC2, 0x5C, 0x5B, 0x44, 0x54,
    0x62, 0x61, 0xA7, 0x8B, 0x42, 0x59, 0xE5, 0x4A, 0xD3, 0x75, 0x62, 0xAE, 0x39, 0xCC, 0x5A, 0x11,
    0x2A, 0xA6, 0x45, 0x2B, 0xBB, 0x39, 0x21, 0xF4, 0xE5, 0x30, 0x21, 0xCD, 0x10, 0xC6, 0x01, 0x08,
    0x97, 0xFE, 0x07, 0x30, 0xE1, 0xEB, 0x30, 0x5B, 0xB8, 0xFA, 0x51, 0x0D, 0xF3, 0x49, 0x01, 0x43,
    0xA2, 0xF1, 0xA6, 0x7C, 0xA2, 0xB6, 0x8F, 0x05, 0x39, 0x84, 0x4F, 0xD4, 0x70, 0x3E, 0xF1, 0x76,
    0xA0, 0xBA, 0x40, 0x72, 0x75, 0xE5, 0x14, 0x96, 0xB4, 0x4F, 0x6F, 0x03, 0xDA, 0x67, 0x6D, 0x03,
    0xBA, 0x35, 0x46, 0xDD, 0x0A, 0x5C, 0x20, 0xC9, 0x38, 0xE5, 0xC4, 0x16, 0xE7, 0xDD, 0x47, 0x02,
    0xDB, 0xF2, 0xBF, 0x0C, 0x04, 0x06, 0xDD, 0x18, 0x73, 0x9D, 0x1B, 0xA8, 0x82, 0xDC, 0xED, 0x06,
    0x60, 0x34, 0x0F, 0x8B, 0x08, 0xE4, 0x89, 0xE6, 0x4F, 0x11, 0x9C, 0xA2, 0x23, 0xE4, 0x94, 0xCB,
    0x38, 0xA2, 0x7E, 0x91, 0x69, 0xA2, 0x8A, 0xCB, 0x50, 0x9E, 0xB6, 0x03, 0x51, 0x39, 0xC8, 0x70,
    0x6F, 0xAD, 0xCE, 0xE3, 0x7A, 0x4C, 0x12, 0x2B, 0x35, 0x61, 0xDA, 0x12, 0xD9, 0x47, 0xB7, 0x31,
    0x7E, 0x85, 0xEF, 0x19, 0x8E, 0x8F, 0x24, 0xF7, 0x07, 0xCC, 0x15, 0x60, 0x0E, 0x2F, 0x5D, 0x9E,
    0x7B, 0x55, 0x54, 0x75, 0xA2, 0xBE, 0x58, 0xA1, 0xA7, 0xF8, 0xFF, 0xBF, 0xF0, 0xFB, 0xDF, 0x60,
    0x44, 0x9D, 0x42, 0x7F, 0x8C, 0xB9, 0x5C, 0xC6, 0x22, 0x3D, 0xA1, 0xD0, 0x95, 0xD3, 0x49, 0x27,
    0x3B, 0x50, 0xB4, 0xF9, 0x79, 0xF1, 0x4F, 0xA9, 0x67, 0x1D, 0xAB, 0x07, 0xD6, 0x3F, 0x45, 0x48,
    0x44, 0x8B, 0x5A, 0x19, 0x62, 0x7A, 0x75, 0x28, 0x84, 0x4E, 0xBC, 0xA3, 0x4F, 0x99, 0x13, 0xD0,
    0xFE, 0x50, 0x42, 0x72, 0xFE, 0xC8, 0x9D, 0x00, 0xC3, 0x5F, 0xC4, 0x86, 0x05, 0xCD, 0xB1, 0x88,
    0xD5, 0xB1, 0x11, 0xED, 0x53, 0xDF, 0xF0, 0x3E, 0x24, 0x18, 0xE4, 0x0F, 0xF0, 0xE6, 0x92, 0xBC,
    0xCF, 0x5A, 0x62, 0x5E, 0x2C, 0x15, 0xFE, 0x8E, 0x5F, 0xB1, 0xBD, 0x02, 0xDB, 0x2B, 0x3C, 0x82,
    0xA7, 0x1C, 0x89, 0x73, 0x78, 0xC4, 0x72, 0xF4, 0xD0, 0x80, 0xA5, 0xCF, 0xE3, 0x84, 0xB6, 0xA7,
    0xF0, 0x57, 0xFD, 0xF9, 0x40, 0x16, 0x6F, 0xE0, 0xC8, 0x98, 0x5A, 0x40, 0x06, 0x52, 0x76, 0x58,
    0x0A, 0x33, 0xF8, 0x8D, 0x80, 0xD1, 0xD0, 0xB0, 0xDA, 0x7B, 0x18, 0x2F, 0x09, 0xCC, 0xE9, 0xBB,
    0xBC, 0x3C, 0x25, 0x94, 0x09, 0xA6, 0xD9, 0x14, 0x66, 0xA3, 0x15, 0x50, 0x98, 0xE5, 0x16, 0x0C,
    0x59, 0x87, 0x54, 0xDA, 0x80, 0xE4, 0x08, 0x45, 0x11, 0x42, 0x72, 0x15, 0xDA, 0xE4, 0xEB, 0x0A,
    0x28, 0x6F, 0x12, 0xA3, 0xFC, 0x56, 0x41, 0x4E, 0xF0, 0x9E, 0xC6, 0x93, 0xB2, 0x6D, 0xF8, 0x84,
    0x97, 0x37, 0x6C, 0x6A, 0x9C, 0x92, 0x6D, 0x8F, 0xEC, 0x9E, 0xDF, 0x0E, 0x66, 0x63, 0xD1, 0x36,
    0x0D, 0x55, 0x2E, 0xBA, 0xC3, 0x90, 0x35, 0x8E, 0x07, 0x72, 0x12, 0x13, 0xD3, 0x43, 0x71, 0x32,
    0xE0, 0x57, 0x83, 0xFA, 0x83, 0x63, 0x25, 0x24, 0x68, 0x9C, 0x44, 0x69, 0x68, 0xF2, 0xA0, 0x54,
    0x87, 0x4A, 0x7A, 0xFE, 0x61, 0xB5, 0xF4, 0x5C, 0x4C, 0xAB, 0x64, 0x03, 0xAD, 0xEB, 0x38, 0xBE,
    0x35, 0x73, 0x5B, 0x37, 0x1F, 0x83, 0x56, 0xAA, 0x31, 0x78, 0xE5, 0xC6, 0x18, 0x2A, 0x64, 0x63,
    0xEF, 0x66, 0x47, 0xD4, 0xA3, 0xF1, 0x06, 0x15, 0x65, 0x88, 0x23, 0x1D, 0x73, 0xB7, 0x63, 0xBF,
    0x8C, 0x92, 0x99, 0xDB, 0xEC, 0x79, 0x06, 0xE7, 0xD0, 0xB5, 0x15, 0xD2, 0x91, 0xA9, 0x6F, 0x89,
    0x71, 0xB2, 0x09, 0xA0, 0x71, 0x86, 0xBE, 0x36, 0x4A, 0xD6, 0x70, 0x24, 0x2F, 0x77, 0xD0, 0x04,
    0xB8, 0x42, 0x68, 0x9B, 0x2E, 0x4D, 0x01, 0xBE, 0x4A, 0x4B, 0xCC, 0xBF, 0x8B, 0x31, 0x10, 0x7E,
    0x18, 0x42, 0x07, 0xB5, 0x6A, 0x85, 0x58, 0x3C, 0x4F, 0xE0, 0xEF, 0xE5, 0x40, 0x0F, 0xDC, 0xFA,
    0x0B, 0x48, 0x1E, 0x03, 0x01, 0x56, 0xDE, 0xF0, 0x44, 0x33, 0x79, 0x05, 0xC0, 0xCD, 0x01, 0x93,
    0x30, 0x6C, 0xCD, 0x75, 0x55, 0x37, 0x2E, 0x52, 0xB3, 0x60, 0x45, 0x5D, 0x66, 0x6F, 0x88, 0xA6,
    0x0B, 0x0D, 0x63, 0xCC, 0xE8, 0x42, 0x3A, 0x4E, 0xE1, 0xBC, 0x47, 0x03, 0xAA, 0x43, 0xA1, 0x32,
    0x3D, 0xD6, 0x68, 0xB0, 0x47, 0xEF, 0x80, 0x9A, 0xD2, 0x88, 0xB0, 0x1C, 0xD3, 0xF4, 0x95, 0xE0,
    0x16, 0xEF, 0x23, 0x12, 0xF8, 0x54, 0x8A, 0x40, 0x3E, 0x24, 0xCB, 0x94, 0x9E, 0xC7, 0x69, 0xA7,
    0x08, 0x84, 0x8A, 0x6D, 0x8F, 0xE2, 0xF1, 0x37, 0x37, 0x79, 0x36, 0xB1, 0x11, 0xF3, 0xFE, 0xD2,
    0x6A, 0x5A, 0xA7, 0xB4, 0xC3, 0x42, 0x1B, 0xBC, 0x0E, 0x15, 0xF8, 0x64, 0x88, 0x22, 0x57, 0x44,
    0x1E, 0x17, 0x3E, 0x7C, 0xFC, 0x00, 0xDE, 0x7C, 0xFC, 0x3E, 0x94, 0xD2, 0xC7, 0xBF, 0xB4, 0xA9,
    0xAD, 0xBC, 0xC7, 0x38, 0x48, 0x7C, 0xC5, 0x9E, 0x3E, 0x7E, 0x58, 0xF0, 0x16, 0x9C, 0x4B, 0xE9,
    0x88, 0x48, 0xE2, 0x66, 0x91, 0x23, 0x38, 0x8F, 0x10, 0x10, 0x80, 0x3E, 0x54, 0x9C, 0x2B, 0x42,
    0x38, 0x77, 0x59, 0xE9, 0x1F, 0xDF, 0xC3, 0x60, 0x32, 0x43, 0x32, 0xFF, 0x01, 0x9F, 0x3F, 0x86,
    0x63, 0x3F, 0x1E, 0x75, 0xC9, 0x0E, 0xEA, 0x03, 0xBE, 0x99, 0xDA, 0x2B, 0x10, 0x0C, 0xA8, 0xBF,
    0x06, 0x7A, 0x96, 0xB8, 0x0C, 0xF6, 0x40, 0x10, 0x7F, 0xF0, 0xEF, 0x3D, 0xEE, 0x1F, 0xA7, 0x1E,
    0xBC, 0x4B, 0x25, 0x6E, 0x04, 0x6F, 0xF9, 0xDF, 0xBB, 0x75, 0xC7, 0xB1, 0x41, 0xBE, 0x4D, 0x13,
    0x25, 0x7C, 0x8C, 0x95, 0x0E, 0x55, 0x17, 0x4D, 0x10, 0x04, 0xD6, 0x94, 0x80, 0x6E, 0x7C, 0x04,
    0x74, 0xBD, 0x22, 0x36, 0xBA, 0x60, 0x48, 0xBC, 0xF2, 0x06, 0x06, 0x76, 0xF1, 0x5B, 0x6C, 0x07,
    0xCE, 0x79, 0xBF, 0xE7, 0x8E, 0xB8, 0xA1, 0x2D, 0x09, 0x4A, 0x50, 0xEB, 0x3C, 0x9E, 0xB9, 0x15,
    0x90, 0x81, 0xA6, 0x08, 0xEA, 0x5D, 0x9D, 0x86, 0x35, 0x30, 0x62, 0x83, 0x9A, 0x04, 0x04, 0xC1,
    0x46, 0x4A, 0x0E, 0x5E, 0x4E, 0x1D, 0x86, 0xFF, 0xBD, 0x5D, 0xF2, 0x42, 0xCD, 0xFA, 0x14, 0x09,
    0x30, 0x3C, 0xD4, 0x29, 0x85, 0xDA, 0x2C, 0x3D, 0xF6, 0x87, 0x6A, 0x6F, 0x88, 0x5A, 0xC8, 0xCC,
    0x6B, 0xED, 0x6E, 0xDF, 0x4F, 0xAF, 0xF7, 0xCF, 0xA8, 0x57, 0xFB, 0xD8, 0x69, 0x8C, 0x7C, 0x85,
    0xEE, 0x56, 0x7D, 0xA4, 0x45, 0x1F, 0xDB, 0xEF, 0x63, 0x43, 0x7D, 0x74, 0x1A, 0xD9, 0x6B, 0x35,
    0x6A, 0x67, 0x8B, 0x1C, 0x38, 0x3B, 0x5F, 0x2F, 0x71, 0xEA, 0x49, 0x43, 0xE9, 0x60, 0xCD, 0xA9,
    0xB7, 0xCC, 0x39, 0xF5, 0x60, 0x28, 0x18, 0xD7, 0xE9, 0x4E, 0xF6, 0x32, 0x50, 0x7F, 0x34, 0xD2,
    0xAE, 0x7D, 0x13, 0x0A, 0x6F, 0x9A, 0x15, 0xD1, 0xE4, 0x84, 0xA2, 0xC3, 0xE4, 0x90, 0xE1, 0x47,
    0x7E, 0x0B, 0xCB, 0xF0, 0x3F, 0xC1, 0xB5, 0xA6, 0x9B, 0x6B, 0xBD, 0x1B, 0xAF, 0x60, 0xBC, 0x10,
    0x73, 0x95, 0x96, 0x6E, 0x9B, 0x56, 0xD6, 0xEE, 0x2D, 0xD9, 0x4B, 0x62, 0x55, 0x67, 0xE9, 0xF7,
    0xDC, 0x2E, 0xFF, 0x7E, 0x8A, 0x15, 0x61, 0xA0, 0xAC, 0x32, 0x88, 0xDB, 0x90, 0x8B, 0x04, 0x5C,
    0xC3, 0xAD, 0x7A, 0x0B, 0x73, 0x99, 0xE6, 0xAC, 0x47, 0xE1, 0xE6, 0x1D, 0xFC, 0x8C, 0x01, 0x76,
    0x97, 0x0D, 0x48, 0x10, 0x8C, 0xDA, 0x02, 0x2B, 0x81, 0xED, 0xAC, 0x4B, 0x30, 0x09, 0x43, 0x49,
    0xC4, 0x56, 0x5F, 0xFA, 0x11, 0x43, 0x8F, 0xC9, 0x47, 0x2B, 0x3F, 0x3A, 0x99, 0xBD, 0x16, 0x25,
    0xF2, 0xA1, 0x73, 0xF9, 0x08, 0x8E, 0x7D, 0xAC, 0xEE, 0x3B, 0xD9, 0x8E, 0x46, 0x9D, 0x78, 0x42,
    0x6E, 0x7C, 0x85, 0x16, 0x21, 0xB7, 0x2D, 0x6C, 0xB6, 0xB6, 0xE3, 0xAD, 0xAC, 0x66, 0x4F, 0x94,
    0x48, 0x67, 0xD2, 0x9C, 0xE4, 0x94, 0x45, 0xFE, 0x23, 0xF6, 0x5F, 0x59, 0xE5, 0x81, 0xD0, 0x55,
    0x50, 0x46, 0x12, 0x10, 0x1B, 0x16, 0x70, 0x01, 0x6D, 0x19, 0x95, 0x21, 0x52, 0x06, 0xE2, 0xA6,
    0xB1, 0xD0, 0x6C, 0xAD, 0xE0, 0x8A, 0x95, 0xD4, 0x4A, 0xB0, 0x55, 0x8B, 0xC0, 0xF2, 0x59, 0x5E,
    0x84, 0x87, 0x5F, 0x04, 0x35, 0x84, 0x20, 0xA0, 0x41, 0x43, 0x1C, 0x62, 0x77, 0xF0, 0x76, 0xE0,
    0x56, 0x3A, 0x1F, 0x53, 0x95, 0x34, 0x47, 0x0D, 0x74, 0xA8, 0x4E, 0xC6, 0xB8, 0x05, 0x9B, 0xA8,
    0xD7, 0x71, 0x02, 0x03, 0x14, 0x77, 0xB9, 0x0E, 0xF4, 0x34, 0x77, 0xE1, 0x7D, 0xB4, 0xBF, 0x59,
    0xAA, 0x7F, 0xDC, 0x53, 0xFE, 0xEB, 0x26, 0x3D, 0xA7, 0xDF, 0xC8, 0x7B, 0x91, 0x5F, 0x8C, 0x40,
    0x8B, 0x8D, 0x1D, 0xA0, 0x1C, 0x2F, 0x6F, 0x23, 0x3F, 0x1F, 0xEB, 0x37, 0x92, 0x38, 0xF8, 0x83,
    0xD2, 0x9F, 0xCD, 0x76, 0x1D, 0x73, 0xB7, 0xA0, 0xEA, 0x86, 0xE8, 0xCE, 0xFD, 0xD2, 0xCF, 0xC3,
    0xC4, 0x63, 0x93, 0x09, 0xF4, 0x76, 0x28, 0x59, 0x55, 0x73, 0x6C, 0xB4, 0x4B, 0x4D, 0x14, 0x74,
    0xD6, 0x35, 0x1C, 0x48, 0xE1, 0x64, 0x33, 0x0B, 0x9D, 0xC7, 0xD0, 0x1D, 0x5D, 0x26, 0x64, 0x5B,
    0x74, 0xA5, 0xDD, 0x50, 0xED, 0x58, 0x5D, 0x6B, 0x64, 0x86, 0x46, 0xE6, 0xC0, 0x14, 0xE8, 0x1D,
    0xE2, 0x83, 0x71, 0x80, 0xF3, 0xDE, 0x22, 0xBA, 0xE3, 0xED, 0xA3, 0xB1, 0xDD, 0x91, 0x40, 0x70,
    0xE0, 0x20, 0x7A, 0x1C, 0x77, 0x20, 0x15, 0x2C, 0x0B, 0x3F, 0xC5, 0xD8, 0xFC, 0x14, 0x99, 0x3D,
    0xB5, 0xBC, 0xC4, 0x49, 0x17, 0xE3, 0xCF, 0x28, 0x2B, 0x10, 0xDD, 0xDD, 0xBE, 0xBE, 0xCE, 0xF7,
    0x19, 0x66, 0xD7, 0xD1, 0xB7, 0x93, 0xDD, 0xF1, 0x99, 0x0F, 0xF6, 0x5D, 0x4A, 0x0F, 0x8A, 0xAC,
    0xBB, 0x6A, 0x8A, 0x70, 0x1F, 0x19, 0x82, 0x3C, 0xEE, 0xD1, 0xF7, 0x11, 0xBD, 0xC7, 0x0D, 0x31,
    0xE3, 0x1B, 0x7E, 0x8F, 0x58, 0xF9, 0x4B, 0x46, 0x9B, 0x52, 0xDF, 0x69, 0x17, 0xBA, 0xF9, 0x09,
    0x66, 0x65, 0x96, 0x72, 0xC2, 0x42, 0x31, 0x47, 0x86, 0x3B, 0x41, 0xA9, 0x13, 0x9F, 0xA2, 0x38,
    0x85, 0x45, 0x4E, 0x87, 0xE0, 0x0D, 0xF0, 0x72, 0x0D, 0xF1, 0xD2, 0xA0, 0x19, 0x18, 0x54, 0x16,
    0x54, 0xA5, 0x11, 0xC8, 0x4F, 0x6E, 0x95, 0x2A, 0x17, 0x87, 0x37, 0x9C, 0xF9, 0x26, 0x8F, 0x6A,
    0xE7, 0x7E, 0x02, 0x16, 0x1D, 0x93, 0x3B, 0xF1, 0x5C, 0x03, 0x7A, 0x51, 0x03, 0x86, 0xA3, 0x4F,
    0xA2, 0xD6, 0xA4, 0xF2, 0x80, 0xE1, 0xFC, 0xD9, 0xEC, 0x0E, 0x95, 0x48, 0x65, 0x39, 0xEA, 0xB8,
    0x09, 0x0E, 0x92, 0x4E, 0x31, 0xB7, 0x7A, 0x1A, 0x42, 0x62, 0x41, 0x61, 0x97, 0x5E, 0xE1, 0x51,
    0x67, 0xA7, 0x4C, 0x3B, 0x55, 0x63, 0xA6, 0xC1, 0x86, 0xED, 0x61, 0xD7, 0xE0, 0x64, 0x88, 0xC7,
    0xDE, 0xFC, 0xDD, 0x31, 0xA9, 0x3E, 0x97, 0x7D, 0xD4, 0x05, 0x2D, 0xE6, 0xBB, 0x05, 0x12, 0x07,
    0xD1, 0x26, 0xAE, 0xF4, 0x4E, 0xF7, 0x0F, 0x0F, 0xEF, 0x21, 0x3B, 0x55, 0xC2, 0x99, 0xD7, 0xCE,
    0x0F, 0xCF, 0xE3, 0x57, 0xFD, 0x26, 0x2E, 0xAC, 0xA3, 0x45, 0xC4, 0x1E, 0x18, 0x0D, 0xCB, 0x7F,
    0x7B, 0x64, 0x9C, 0x6C, 0x27, 0x6B, 0x85, 0xDA, 0xAD, 0xC7, 0xC2, 0xB0, 0x62, 0x84, 0x67, 0x55,
    0x11, 0xB7, 0x51, 0x1B, 0x82, 0x84, 0x59, 0x29, 0xAA, 0x05, 0x3C, 0x6E, 0x40, 0x10, 0x68, 0xDC,
    0xCA, 0xD9, 0xF8, 0xD9, 0xC3, 0x31, 0xD4, 0xB1, 0x72, 0xC1, 0x87, 0xAB, 0x65, 0xD8, 0x20, 0x10,
    0xAD, 0xED, 0xCE, 0x14, 0x6E, 0xA4, 0xD0, 0x50, 0x97, 0x28, 0x8E, 0x91, 0x2D, 0x38, 0x57, 0x58,
    0x77, 0x96, 0x8C, 0xFA, 0x1A, 0x37, 0xDC, 0x10, 0xCB, 0xCC, 0x19, 0x4B, 0xC2, 0x7C, 0x55, 0xEB,
    0x64, 0x04, 0x3F, 0x9F, 0x2D, 0xEC, 0x12, 0x4C, 0x74, 0x36, 0x3F, 0x94, 0x74, 0x0E, 0x1A, 0xD4,
    0xCA, 0x88, 0x3E, 0x2F, 0xAA, 0xA6, 0x8A, 0x54, 0x49, 0xB3, 0xD3, 0xEC, 0x44, 0xCC, 0xA6, 0x2F,
    0x30, 0xEE, 0xEC, 0x9D, 0xAC, 0x04, 0x7F, 0x10, 0xC9, 0xB0, 0x57, 0x9A, 0x7B, 0x0B, 0x73, 0x9D,
    0xE6, 0xAC, 0x69, 0xC0, 0x17, 0x59, 0x09, 0x61, 0xAE, 0x29, 0xAD, 0x9F, 0x68, 0x88, 0xA4, 0x22,
    0xB2, 0xA9, 0xB7, 0x11, 0xC9, 0xC7, 0xA5, 0x85, 0xE3, 0x13, 0x06, 0x04, 0xC1, 0x04, 0x60, 0x4F,
    0x11, 0x25, 0x73, 0x9C, 0xD5, 0x0B, 0xF3, 0x0D, 0xC5, 0x6D, 0x64, 0x45, 0x96, 0x52, 0x87, 0x2C,
    0x46, 0x0E, 0xEA, 0x2F, 0x22, 0x4E, 0xAE, 0xD4, 0x0F, 0x37, 0x3B, 0xCD, 0xC9, 0x31, 0x04, 0xDA,
    0x8B, 0xEB, 0x75, 0xE7, 0xF3, 0xBD, 0xCE, 0xED, 0xCE, 0xEB, 0x22, 0x6C, 0x9E, 0xEC, 0xF0, 0xDB,
    0x0F, 0x60, 0x1E, 0xC0, 0xF8, 0xFF, 0xFB, 0x60, 0xEE, 0x75, 0x46, 0xAF, 0xBD, 0x07, 0x73, 0xB3,
    0xE4, 0x35, 0x9B, 0x2B, 0x76, 0x25, 0xA6, 0xCE, 0xAA, 0xAC, 0x1C, 0xEE, 0x1C, 0x71, 0xEE, 0x01,
    0x1C, 0xFB, 0x24, 0xB2, 0x5D, 0x8B, 0x17, 0xD9, 0x21, 0xCE, 0x65, 0x25, 0x39, 0x43, 0xD4, 0xEE,
    0xF9, 0xE6, 0x94, 0xF3, 0xF0, 0x7E, 0x3F, 0x4B, 0x94, 0xE5, 0xC2, 0xDA, 0x95, 0xCC, 0x15, 0xE2,
    0x1A, 0x3F, 0xD1, 0x80, 0xA7, 0x66, 0xC9, 0x70, 0x06, 0xCD, 0x45, 0x11, 0x05, 0x99, 0x76, 0xDA,
    0xA4, 0xBF, 0x35, 0x32, 0x29, 0x58, 0xB9, 0xB1, 0xFA, 0xF5, 0x04, 0xCB, 0x3E, 0xC9, 0x04, 0x8D,
    0x7F, 0x00, 0xB5, 0xAC, 0x19, 0x1D, 0xB6, 0x61, 0x2E, 0x79, 0x57, 0x17, 0x60, 0x1E, 0xE4, 0x49,
    0x75, 0x81, 0x70, 0x33, 0x42, 0x62, 0x36, 0x2D, 0x91, 0x99, 0x29, 0x59, 0x47, 0x92, 0x38, 0x87,
    0xC0, 0xC5, 0xCA, 0x10, 0x34, 0xB5, 0xFA, 0x05, 0xED, 0xD4, 0x5B, 0xCA, 0x17, 0x04, 0xD9, 0xC4,
    0x36, 0xFD, 0x99, 0x00, 0xC6, 0xD9, 0xD6, 0x2F, 0xFF, 0xB9, 0xF2, 0xAA, 0xFF, 0xAE, 0xDC, 0x8A,
    0x0C, 0x7F, 0xFE, 0xE0, 0x9D, 0x3B, 0x22, 0x06, 0x2B, 0xDB, 0x84, 0x41, 0xBB, 0x9E, 0x05, 0x00,
    0x43, 0x4F, 0xCC, 0xBE, 0xCC, 0x91, 0x76, 0xEE, 0x48, 0x7C, 0xCC, 0x11, 0x81, 0xD6, 0xBD, 0x85,
    0x23, 0xD1, 0x04, 0x8E, 0x04, 0x74, 0xC4, 0x11, 0x2D, 0xC1, 0xFA, 0x3E, 0xA1, 0xDF, 0x61, 0x16,
    0x1E, 0x06, 0x87, 0x1E, 0x42, 0xA2, 0xA0, 0xB2, 0xAB, 0xB9, 0x5C, 0x15, 0xB9, 0xCE, 0x35, 0x66,
    0xEA, 0x1A, 0xA4, 0x49, 0xA1, 0x5C, 0xE2, 0x20, 0xE1, 0x85, 0x83, 0xA7, 0x7F, 0x07, 0xCE, 0x9F,
    0x07, 0x05, 0x9F, 0xF6, 0xB7, 0xBA, 0xCF, 0x94, 0x78, 0xC9, 0x49, 0xC4, 0x5B, 0x5B, 0xCB, 0x53,
    0xF1, 0x08, 0x0F, 0x4A, 0x35, 0x7F, 0x63, 0x5F, 0x1D, 0x7F, 0x41, 0x4E, 0x9B, 0x04, 0x5D, 0x52,
    0x15, 0xCE, 0x20, 0xA4, 0x35, 0xE4, 0x2F, 0xFA, 0x19, 0xB5, 0x45, 0xAC, 0xC5, 0x39, 0xBB, 0x15,
    0xEB, 0x28, 0xB8, 0x4D, 0x4A, 0x50, 0xDE, 0x7B, 0xD5, 0x48, 0xC9, 0xA1, 0xD1, 0x23, 0xEF, 0xB3,
    0x03, 0x7A, 0x1B, 0xBC, 0x57, 0x31, 0x2E, 0xE1, 0x6B, 0x15, 0x33, 0x33, 0x76, 0x45, 0xE7, 0x40,
    0x22, 0x60, 0x5D, 0x97, 0x93, 0x41, 0x77, 0x61, 0xB3, 0x40, 0xD5, 0x28, 0x0F, 0x66, 0x20, 0xB0,
    0x6D, 0x9C, 0x43, 0x12, 0x42, 0xBC, 0x53, 0x54, 0xA3, 0x00, 0x79, 0xA0, 0x81, 0x6D, 0x4A, 0xB3,
    0x9D, 0xA3, 0xAE, 0x85, 0x50, 0xEA, 0x03, 0x15, 0xBE, 0x9B, 0x5D, 0xC1, 0x4D, 0x65, 0x9F, 0x27,
    0x7A, 0xA3, 0x1F, 0x90, 0x4A, 0x01, 0x7F, 0x4A, 0x9D, 0xD9, 0x1E, 0xF0, 0x26, 0x21, 0xDA, 0x1E,
    0x25, 0xB4, 0x02, 0xAD, 0xA6, 0xCA, 0xA9, 0x28, 0xA3, 0xD1, 0x6E, 0xE1, 0x40, 0x21, 0xBD, 0x92,
    0x56, 0xF5, 0x21, 0xA8, 0x23, 0x59, 0x36, 0xFD, 0x76, 0xAD, 0x32, 0xF0, 0x08, 0x88, 0xC9, 0xAD,
    0xD0, 0x96, 0xCA, 0xF6, 0xA0, 0x1E, 0x69, 0xC0, 0x23, 0xEE, 0x63, 0x64, 0xA8, 0x6C, 0x0F, 0x57,
    0x5B, 0x46, 0x64, 0x8F, 0xA6, 0x4F, 0x13, 0x2D, 0x99, 0x00, 0xD9, 0xCC, 0x16, 0x70, 0x63, 0x9E,
    0x9A, 0x12, 0x37, 0xB2, 0x50, 0xC0, 0x24, 0x80, 0xCC, 0x04, 0xDA, 0xE8, 0x24, 0x2B, 0x62, 0xA0,
    0x0D, 0xBC, 0xB8, 0x85, 0x6E, 0xE8, 0x6D, 0xB6, 0x6A, 0xEC, 0x1B, 0x00, 0x0F, 0x9F, 0xE1, 0xA0,
    0xD3, 0x18, 0x23, 0x4C, 0xD0, 0x29, 0xA4, 0x21, 0xA4, 0x9B, 0xD5, 0x87, 0xF3, 0x7E, 0xB6, 0x6F,
    0x79, 0x28, 0x46, 0xD2, 0x86, 0x29, 0x53, 0x0B, 0xE1, 0xCB, 0xD8, 0x99, 0x69, 0x66, 0xE1, 0x31,
    0x73, 0x6E, 0x61, 0xD6, 0x68, 0x7A, 0x0B, 0x33, 0xA2, 0x61, 0xF2, 0x7E, 0xBF, 0x82, 0x41, 0x46,
    0xC1, 0x24, 0xA8, 0xF1, 0x3D, 0x1C, 0x1A, 0xD3, 0x81, 0xAB, 0x59, 0x74, 0x94, 0x2E, 0xE0, 0xB2,
    0x80, 0xB2, 0x94, 0x95, 0xCF, 0x64, 0xEE, 0x21, 0xA0, 0x1C, 0x97, 0x31, 0x6E, 0x62, 0xEC, 0x62,
    0x54, 0x76, 0xB0, 0x65, 0xE2, 0x99, 0x9A, 0x24, 0xAB, 0xF6, 0x44, 0xBE, 0x3A, 0x85, 0x65, 0x0C,
    0x0F, 0x73, 0x7A, 0x56, 0xA7, 0x3F, 0xB7, 0xEE, 0x25, 0x60, 0xA3, 0x29, 0x0A, 0x56, 0x04, 0x2C,
    0xF3, 0x0C, 0xFC, 0x8D, 0xA4, 0xE6, 0xA9, 0x47, 0x10, 0x32, 0xD5, 0xB0, 0x7D, 0xFA, 0xEE, 0x25,
    0xC8, 0x4D, 0x15, 0x2C, 0xA9, 0x19, 0xB2, 0x05, 0x66, 0x0B, 0xD9, 0xC0, 0x95, 0xCF, 0xD9, 0xF3,
    0xA8, 0xB1, 0x1D, 0x0B, 0x5E, 0x83, 0x05, 0x84, 0x88, 0x62, 0x28, 0x84, 0x61, 0x9F, 0xCD, 0xF3,
    0x70, 0x82, 0xBE, 0x6B, 0xDA, 0xCD, 0x35, 0xEA, 0x66, 0xE2, 0x44, 0xC9, 0x9C, 0x49, 0x9B, 0xE7,
    0xC8, 0xA4, 0x47, 0x84, 0xE3, 0xEE, 0x82, 0xB5, 0x2F, 0xAA, 0xAF, 0xC2, 0xA4, 0x95, 0x48, 0x0B,
    0x26, 0x08, 0x87, 0xC3, 0x58, 0x26, 0x2A, 0x9C, 0xA2, 0xD8, 0x72, 0xDF, 0x50, 0xB5, 0x3A, 0x46,
    0xA1, 0xE2, 0x9C, 0xCF, 0x13, 0x08, 0x44, 0xE7, 0xC3, 0x54, 0xF7, 0x94, 0xFB, 0xEB, 0xFC, 0x15,
    0xD8, 0x07, 0x45, 0x6F, 0x03, 0xC8, 0x53, 0x5E, 0x86, 0x7D, 0xB7, 0xBA, 0x01, 0x9B, 0xD7, 0x15,
    0x7B, 0x83, 0x51, 0xB9, 0x0E, 0xBB, 0x5D, 0xAC, 0x2B, 0x3F, 0x8D, 0xB1, 0xBA, 0x9F, 0x46, 0x69,
    0x08, 0xAB, 0x51, 0x41, 0xD1, 0xE4, 0x45, 0x90, 0x18, 0x9A, 0x11, 0xD7, 0xCA, 0x0F, 0x51, 0x69,
    0x76, 0x77, 0x9D, 0xBA, 0xF1, 0x13, 0xAB, 0x0A, 0x86, 0x39, 0x12, 0x39, 0x2C, 0xB1, 0xBC, 0xAE,
    0xBC, 0xFB, 0x4A, 0x8F, 0xFC, 0x6D, 0xA5, 0x7B, 0x1A, 0x1D, 0xDD, 0xDA, 0xB7, 0x60, 0xC2, 0x0B,
    0x30, 0xFA, 0x06, 0x8C, 0x8F, 0x45, 0x35, 0x50, 0x45, 0x69, 0x17, 0xAD, 0x49, 0xB4, 0xA3, 0xB2,
    0xD4, 0x94, 0x9E, 0x88, 0xA7, 0x43, 0xA8, 0xF7, 0xED, 0xA4, 0x78, 0xBD, 0xC0, 0x4C, 0x42, 0x1E,
    0xF1, 0xBC, 0x9F, 0xFA, 0x8D, 0x93, 0x27, 0x82, 0xAF, 0x8B, 0x36, 0x25, 0xA6, 0x84, 0x2C, 0xAD,
    0x15, 0x93, 0x1E, 0x81, 0xC5, 0x73, 0x8B, 0x26, 0x4E, 0xD4, 0xCE, 0x63, 0x5C, 0xC5, 0x59, 0x51,
    0x5B, 0x14, 0x02, 0xD5, 0xC8, 0xE3, 0x2B, 0x15, 0x71, 0xA4, 0x21, 0x90, 0x8C, 0x09, 0xFE, 0x53,
    0x65, 0xE1, 0xA3, 0xB6, 0x08, 0xA6, 0x13, 0x44, 0x03, 0x09, 0x3A, 0x51, 0xE1, 0x24, 0x9E, 0x3A,
    0xA6, 0xBD, 0x80, 0xEF, 0x3D, 0xF6, 0xAC, 0x40, 0x6D, 0x0D, 0x6C, 0x70, 0x3B, 0x9E, 0x58, 0xC1,
    0x33, 0x11, 0xBE, 0x6F, 0xE3, 0xF7, 0xC1, 0x9C, 0xA8, 0x30, 0x56, 0x90, 0x41, 0x31, 0xC6, 0x1E,
    0xFE, 0x6F, 0x28, 0x2D, 0x82, 0x0A, 0x2D, 0x80, 0x01, 0x2F, 0x63, 0xA5, 0x75, 0xCA, 0xFE, 0x98,
    0xA4, 0x2B, 0xFF, 0x9D, 0xEE, 0xF9, 0xE7, 0x4C, 0x87, 0x87, 0xF4, 0xFC, 0x6D, 0xF6, 0xA1, 0x7C,
    0x42, 0x3B, 0x88, 0xD7, 0x2B, 0x16, 0xC1, 0xE6, 0x9E, 0x1B, 0x78, 0xEE, 0x08, 0xF6, 0x16, 0x8A,
    0x8D, 0x21, 0x72, 0x0D, 0xFC, 0x1F, 0x4D, 0x50, 0xFE, 0xA6, 0x3D, 0x83, 0x73, 0x8F, 0x50, 0xCE,
    0xE7, 0xFC, 0xA3, 0x87, 0xE4, 0x62, 0x05, 0x92, 0xE8, 0x36, 0x66, 0x45, 0x27, 0xAB, 0x5E, 0x72,
    0x6D, 0xB7, 0xB1, 0x82, 0x13, 0x8D, 0x31, 0xF6, 0xF0, 0x3F, 0xE8, 0x49, 0xB5, 0xBE, 0x78, 0x9E,
    0x86, 0xE5, 0x7D, 0x51, 0x62, 0x3C, 0xF0, 0x50, 0xEC, 0xB9, 0x86, 0x61, 0xE8, 0x35, 0x54, 0x7E,
    0xBB, 0xB6, 0x70, 0x69, 0xDD, 0xA2, 0x11, 0x8A, 0xA7, 0xD4, 0xD4, 0x09, 0xAD, 0x40, 0x2F, 0x26,
    0x6D, 0x64, 0x82, 0x46, 0xEA, 0xB2, 0x51, 0x67, 0x79, 0x34, 0xEA, 0x12, 0xB4, 0x40, 0xA3, 0x76,
    0xC3, 0x72, 0x05, 0x32, 0x22, 0x6B, 0x38, 0xB3, 0x3B, 0x73, 0x67, 0x70, 0xED, 0x97, 0x26, 0xDF,
    0xF6, 0xA6, 0x7E, 0x39, 0x70, 0x1B, 0xAF, 0x7A, 0xC9, 0xAD, 0xE1, 0x8B, 0x7B, 0x90, 0x55, 0xB8,
    0xEF, 0xD1, 0xB5, 0xF8, 0xEF, 0xB0, 0xF2, 0xD8, 0x61, 0x0B, 0x25, 0x9D, 0x2A, 0xD4, 0x03, 0x5A,
    0x01, 0x28, 0x97, 0xB0, 0xF6, 0x4D, 0x82, 0xA6, 0x01, 0x92, 0x26, 0x4C, 0x1D, 0x96, 0xDA, 0x66,
    0xB3, 0xD8, 0x72, 0x4C, 0xC9, 0x63, 0x05, 0xC5, 0x3D, 0x8C, 0xEB, 0x4B, 0xF1, 0x62, 0x59, 0xA6,
    0x32, 0x96, 0x7F, 0x2B, 0xD5, 0x77, 0x30, 0x2E, 0x61, 0xEC, 0xAE, 0xC2, 0x3D, 0x8A, 0x91, 0x50,
    0xD5, 0xD1, 0x95, 0x46, 0xC3, 0xCB, 0x79, 0xD2, 0x39, 0x26, 0xC5, 0x57, 0x64, 0xE3, 0x40, 0xB5,
    0x63, 0x35, 0x36, 0xA6, 0x9D, 0xBD, 0xF3, 0x4F, 0x8D, 0x08, 0x21, 0xC8, 0xA0, 0x38, 0x79, 0x21,
    0x34, 0x8D, 0x6B, 0x0A, 0x07, 0xD9, 0x10, 0x21, 0x50, 0xF7, 0xD5, 0x10, 0x8C, 0x17, 0x14, 0x89,
    0xA8, 0x2E, 0x6E, 0x41, 0x14, 0x34, 0xC5, 0x14, 0x47, 0x4D, 0x46, 0x6A, 0xF0, 0x3B, 0xC5, 0xE8,
    0x1E, 0x8E, 0x31, 0x4E, 0xA2, 0x44, 0x1B, 0x02, 0xC1, 0x0E, 0x45, 0xD2, 0xD0, 0x14, 0xB5, 0x2F,
    0xFB, 0xE6, 0x02, 0x5C, 0x0D, 0x6F, 0x1C, 0x42, 0xAB, 0xEA, 0x3D, 0xAF, 0x82, 0x82, 0xC2, 0x3D,
    0x6E, 0x39, 0xC2, 0xE4, 0xAD, 0x7C, 0x2E, 0xBF, 0x9E, 0x87, 0x0B, 0x17, 0xBC, 0xB4, 0x1F, 0xE4,
    0x6B, 0x4B, 0xC9, 0xF4, 0x94, 0x4E, 0x01, 0x90, 0x03, 0x79, 0xA8, 0xD5, 0x82, 0x2F, 0xDD, 0xB7,
    0x27, 0xBC, 0x74, 0x02, 0xAC, 0x1E, 0xA9, 0xB0, 0x88, 0xA7, 0x68, 0x38, 0x43, 0x84, 0xCB, 0xE7,
    0xAC, 0x5E, 0x49, 0x3A, 0x5E, 0xF3, 0x80, 0x6A, 0x8A, 0x40, 0x43, 0x8C, 0x47, 0x5D, 0x54, 0x87,
    0x82, 0xCB, 0xFF, 0xEC, 0x80, 0xFB, 0xD0, 0x6F, 0x97, 0x94, 0x1C, 0x11, 0xB1, 0x48, 0x21, 0xBF,
    0x4B, 0x12, 0x58, 0x8B, 0xC7, 0x21, 0xCA, 0x01, 0xEF, 0x70, 0x34, 0x80, 0x16, 0x84, 0xE4, 0x8F,
    0xF2, 0xD5, 0x19, 0xC4, 0x24, 0x05, 0x97, 0x8A, 0x52, 0x15, 0xBC, 0x96, 0xCB, 0xC3, 0xA8, 0xB4,
    0xD7, 0x8A, 0xE3, 0x4E, 0x41, 0x6A, 0xE5, 0x03, 0x28, 0x2D, 0xA8, 0x0E, 0x08, 0xAD, 0x04, 0x3A,
    0xEB, 0x4F, 0x29, 0xAA, 0xFE, 0x04, 0x65, 0xB0, 0xFD, 0x16, 0x31, 0x80, 0xA5, 0xD0, 0x87, 0x4E,
    0xAA, 0xFB, 0x1B, 0x54, 0x58, 0x21, 0x05, 0x96, 0xCE, 0xA1, 0xAF, 0xF0, 0xE9, 0x99, 0xB4, 0xA1,
    0x9C, 0xA3, 0x98, 0xB3, 0xB2, 0xEE, 0xF0, 0x65, 0x91, 0x02, 0x1A, 0x0C, 0x75, 0xDF, 0x43, 0x0D,
    0x5F, 0x16, 0x4E, 0xE8, 0x5B, 0xDD, 0xC4, 0x59, 0x85, 0x1D, 0x89, 0x09, 0x61, 0x42, 0x3E, 0xBE,
    0x88, 0xF3, 0x69, 0x80, 0x5D, 0x12, 0x46, 0x14, 0x93, 0x8F, 0x3C, 0xBC, 0x10, 0x28, 0x08, 0xBB,
    0xB5, 0x20, 0x59, 0x9A, 0x15, 0x87, 0x58, 0x5E, 0xF2, 0x28, 0xD4, 0xC0, 0x2C, 0x70, 0xC0, 0xC5,
    0x3A, 0x1E, 0x8E, 0xA7, 0xB9, 0xA8, 0xEA, 0x9B, 0x2E, 0x82, 0x52, 0x04, 0xAC, 0x32, 0x93, 0x72,
    0xAC, 0x61, 0xC1, 0x0B, 0x48, 0x82, 0x17, 0x48, 0x42, 0x3C, 0xE6, 0x98, 0x04, 0xD8, 0x52, 0x72,
    0x76, 0xED, 0xA2, 0x88, 0x2F, 0x11, 0x60, 0x17, 0xB1, 0xF8, 0x36, 0x16, 0x67, 0x3D, 0x13, 0x79,
    0x63, 0x33, 0xC5, 0xBB, 0xA7, 0x6A, 0xD4, 0xC9, 0x59, 0x04, 0x35, 0x22, 0xFD, 0x3A, 0xFB, 0x08,
    0x4A, 0xA1, 0x7E, 0x50, 0x4B, 0x46, 0x6C, 0xC9, 0x86, 0xF0, 0xDE, 0x78, 0x55, 0x8D, 0x07, 0x6E,
    0x6D, 0x17, 0x87, 0x16, 0xAC, 0xAC, 0xDE, 0x3B, 0xF6, 0x3A, 0x29, 0x31, 0x42, 0x9A, 0x21, 0x8C,
    0x43, 0x4D, 0xE1, 0x7F, 0x00, 0x13, 0xBE, 0x0E, 0xB3, 0x85, 0xAB, 0x1F, 0xD5, 0x30, 0x9F, 0x14,
    0x94, 0x1D, 0x09, 0xCC, 0x94, 0x4F, 0xD4, 0x4B, 0x12, 0x23, 0xFC, 0xD4, 0x4A, 0x0C, 0x9C, 0xB1,
    0x8C, 0xEE, 0x45, 0xA5, 0xB0, 0x59, 0x84, 0x50, 0x16, 0x88, 0x52, 0x1A, 0x61, 0x64, 0xB9, 0xBE,
    0xFD, 0x41, 0xAE, 0x7F, 0xF4, 0x7A, 0xAE, 0x7F, 0x02, 0x45, 0xD1, 0x60, 0x40, 0x0B, 0xE9, 0x1C,
    0x0D, 0x40, 0x11, 0x7E, 0x2A, 0xCA, 0x22, 0xB8, 0x0D, 0x67, 0xF5, 0x03, 0xEA, 0xD8, 0xDB, 0xE5,
    0x09, 0x8F, 0x9B, 0xE7, 0xE4, 0x71, 0x64, 0x3D, 0x76, 0xCA, 0x35, 0x44, 0xAF, 0xAF, 0x9C, 0xF2,
    0xC2, 0xA1, 0xD7, 0x25, 0xBC, 0xCE, 0x9F, 0xD6, 0x6B, 0x0D, 0xAF, 0xA3, 0xA9, 0x2D, 0x35, 0x29,
    0xBB, 0x27, 0x15, 0xDD, 0x2A, 0x7A, 0x3D, 0x87, 0x05, 0x14, 0x94, 0x6E, 0xCB, 0x24, 0x1B, 0x32,
    0x52, 0x11, 0x5A, 0x1E, 0x04, 0x7C, 0x4C, 0x19, 0xD8, 0xB0, 0x09, 0x3A, 0x34, 0xED, 0xFC, 0x02,
    0x5A, 0x15, 0x44, 0x3B, 0x4E, 0x10, 0x5F, 0xCD, 0x7A, 0x02, 0x7E, 0x22, 0x7D, 0x36, 0xF7, 0xC9,
    0xF5, 0x97, 0x71, 0xE3, 0x18, 0x62, 0xE3, 0xE6, 0x51, 0x04, 0xCA, 0xB0, 0x45, 0xC4, 0x22, 0x4A,
    0x86, 0x48, 0x92, 0x10, 0xB3, 0x70, 0xF6, 0x60, 0x31, 0x5A, 0xCC, 0x0C, 0xF1, 0x9D, 0xC4, 0x98,
    0x1A, 0xB0, 0x29, 0x88, 0x73, 0xD2, 0xC1, 0x98, 0x7D, 0x45, 0x68, 0x1D, 0x1C, 0xD1, 0x23, 0x36,
    0xA2, 0xD6, 0x3C, 0xAD, 0x83, 0x0B, 0x47, 0x94, 0x75, 0x84, 0xB5, 0xD9, 0x4D, 0x72, 0xBA, 0x23,
    0xCF, 0x78, 0x8E, 0xCF, 0xC1, 0xCD, 0x2F, 0x3D, 0xC7, 0x67, 0x70, 0xFF, 0x8B, 0x01, 0x68, 0x06,
    0x67, 0xA3, 0xB4, 0xA7, 0xFC, 0xA2, 0x27, 0x62, 0x90, 0x32, 0x03, 0x80, 0x00, 0x46, 0xE8, 0x28,
    0xDB, 0x7E, 0x07, 0xB4, 0x5D, 0x02, 0xB2, 0xB5, 0xDC, 0x0D, 0xA3, 0x88, 0x82, 0xF2, 0xC9, 0x0A,
    0x41, 0x72, 0x02, 0x80, 0x52, 0xA8, 0x88, 0x4B, 0x6E, 0x2B, 0x38, 0xB6, 0xE1, 0x99, 0x99, 0x47,
    0x7D, 0x85, 0x13, 0xD9, 0xB8, 0xA8, 0xC6, 0x37, 0x1D, 0x60, 0x40, 0x19, 0x74, 0xE2, 0x09, 0xCB,
    0x9F, 0x38, 0x4E, 0x33, 0xF5, 0x4C, 0xB9, 0x39, 0x71, 0xB2, 0x04, 0xCA, 0xAA, 0x47, 0xA2, 0x1A,
    0xD1, 0x27, 0x78, 0xD6, 0x52, 0x33, 0x6D, 0x51, 0x52, 0xC6, 0x8C, 0x42, 0xF8, 0x06, 0xEE, 0x0E,
    0x7E, 0x43, 0x32, 0x60, 0x71, 0xBB, 0xF5, 0xBC, 0x83, 0x70, 0xA9, 0xA7, 0x3F, 0x48, 0x49, 0xED,
    0xF3, 0x06, 0xD4, 0x15, 0xC1, 0x7B, 0x88, 0x01, 0x59, 0x13, 0xB5, 0x51, 0x19, 0x54, 0x90, 0xFE,
    0xB9, 0x8F, 0x3F, 0xAF, 0xD0, 0x89, 0x74, 0xBC, 0x15, 0xFA, 0xBD, 0x06, 0x60, 0x3E, 0xC0, 0xB1,
    0x6F, 0x60, 0xB2, 0x88, 0x65, 0x4F, 0xF1, 0x98, 0x5B, 0x78, 0xA4, 0x4E, 0xC3, 0xE5, 0x9F, 0x63,
    0x31, 0x86, 0x8A, 0xCA, 0xE8, 0x0B, 0x54, 0x1D, 0x01, 0x02, 0xF8, 0x53, 0x45, 0x80, 0x34, 0x0A,
    0x8C, 0x75, 0x9E, 0x70, 0x8F, 0x74, 0x39, 0xE2, 0xE9, 0xE0, 0x89, 0x3E, 0x9F, 0x88, 0xB8, 0x27,
    0xFD, 0xB7, 0xF0, 0x38, 0xF8, 0x90, 0xDB, 0x21, 0xEE, 0xBB, 0xE2, 0x6C, 0x3D, 0x57, 0xE8, 0x1F,
    0xB0, 0x37, 0x10, 0x69, 0x28, 0x17, 0x8B, 0x5D, 0xC4, 0x02, 0xD1, 0xCD, 0xEF, 0x1D, 0x6E, 0xA9,
    0xCA, 0xAA, 0xB8, 0x08, 0x0B, 0x00, 0x04, 0xB0, 0x45, 0x83, 0xBD, 0xD1, 0x04, 0x94, 0x8C, 0x29,
    0x16, 0xAC, 0xD0, 0xA5, 0x8C, 0x30, 0xCF, 0x80, 0x9E, 0x62, 0xAA, 0x28, 0xB5, 0xDB, 0xC1, 0x8E,
    0x19, 0x19, 0xBA, 0xF3, 0x73, 0x32, 0x4E, 0xDE, 0x6D, 0x49, 0xBD, 0xFA, 0x22, 0x57, 0x07, 0xA2,
    0xFB, 0x15, 0x3B, 0xC0, 0xB7, 0xE1, 0xC8, 0xC6, 0x11, 0x1D, 0xC9, 0x30, 0x15, 0x5F, 0x1A, 0xA6,
    0x64, 0x1E, 0xA6, 0xFF, 0x78, 0xAA, 0x30, 0xC9, 0xEB, 0x4C, 0x00, 0xFF, 0x50, 0x45, 0x1B, 0x00,
    0xA3, 0x5D, 0xD4, 0xD0, 0x9D, 0xEB, 0x27, 0xC3, 0x96, 0x7A, 0x00, 0xD1, 0xC3, 0xB0, 0x39, 0x15,
    0xA4, 0x41, 0xCD, 0xB0, 0x61, 0x23, 0x3D, 0x86, 0xAD, 0xB2, 0x61, 0xD3, 0xF9, 0xE1, 0x3E, 0x31,
    0xD5, 0xFF, 0x2C, 0x87, 0x6D, 0x44, 0x39, 0xD1, 0xC6, 0xF3, 0xFF, 0x0E, 0x77, 0xD6, 0x3E, 0xEF,
    0x8E, 0x31, 0x33, 0xD8, 0xEC, 0x4D, 0xFC, 0x30, 0x46, 0xC4, 0x6E, 0x2E, 0x11, 0x11, 0x62, 0x56,
    0x0C, 0x9F, 0xBE, 0x59, 0x74, 0x4D, 0x05, 0x25, 0x9A, 0x43, 0xC9, 0x92, 0x59, 0x30, 0x3C, 0x0E,
    0x38, 0xE4, 0xA8, 0x63, 0xEA, 0xF5, 0x89, 0x63, 0xF5, 0x80, 0x7C, 0x95, 0x74, 0x7A, 0x42, 0x1D,
    0x0E, 0x9F, 0x85, 0x38, 0x83, 0x40, 0xF4, 0x4A, 0xA8, 0xAC, 0x57, 0xBC, 0xF2, 0xE5, 0x93, 0x0D,
    0x18, 0x4A, 0x36, 0x16, 0x5D, 0xAF, 0x10, 0x9E, 0x40, 0x9E, 0x71, 0x10, 0x3F, 0xD1, 0x64, 0x50,
    0x7A, 0x6A, 0xFE, 0xFF, 0x72, 0xEA, 0xCF, 0xD8, 0xDE, 0x82, 0xCE, 0xDD, 0x4C, 0xD4, 0x75, 0xA4,
    0x4E, 0xB5, 0x00, 0x1A, 0xD9, 0x73, 0xCA, 0x5F, 0x64, 0xFF, 0xA5, 0x57, 0xD1, 0xBA, 0x4B, 0x16,
    0x7A, 0x0E, 0x36, 0xC4, 0x55, 0x34, 0x0B, 0x57, 0xB2, 0x72, 0x68, 0x26, 0x98, 0x5F, 0x89, 0x24,
    0xED, 0xB3, 0x40, 0x2F, 0x1C, 0xCD, 0x50, 0x80, 0x58, 0x9D, 0x15, 0x2A, 0xDB, 0xD1, 0xD4, 0x26,
    0x4B, 0xE6, 0x51, 0x02, 0x63, 0x1A, 0x7E, 0xDD, 0xA3, 0xE9, 0x2F, 0x0C, 0xBE, 0x42, 0x5A, 0x0D,
    0x6B, 0x63, 0x76, 0xF0, 0x6C, 0xA7, 0x91, 0x50, 0x4D, 0xA8, 0xA8, 0x00, 0xC3, 0x17, 0x1C, 0xE0,
    0x40, 0x08, 0x64, 0xCC, 0xBF, 0x1F, 0x1F, 0xD1, 0x01, 0xC3, 0xCE, 0xE4, 0xCE, 0xED, 0xB8, 0x9A,
    0xDB, 0xD6, 0x4E, 0xBA, 0xB6, 0x06, 0x8B, 0xE8, 0x74, 0x57, 0xA7, 0x37, 0x74, 0x7A, 0x49, 0xA7,
    0x67, 0x11, 0x6C, 0xBC, 0xE1, 0x9C, 0x7D, 0x87, 0x85, 0x22, 0x64, 0x6A, 0xBE, 0x1D, 0x4D, 0x3C,
    0x70, 0x27, 0x38, 0xFD, 0x2B, 0xA6, 0x44, 0x3A, 0x0D, 0x13, 0x10, 0xC5, 0x80, 0x13, 0xD5, 0x44,
    0x1D, 0x9C, 0x5F, 0xF8, 0x90, 0xC8, 0x61, 0xE6, 0x15, 0xE6, 0xD0, 0x48, 0x4D, 0xE9, 0x37, 0x71,
    0x61, 0x9D, 0x75, 0x30, 0x20, 0x3A, 0x55, 0xB8, 0x02, 0x99, 0x77, 0x1F, 0x0D, 0x22, 0x28, 0x2A,
    0x13, 0xAA, 0xB2, 0xDA, 0x4E, 0x6A, 0xC4, 0x4A, 0x4D, 0xC2, 0x4B, 0x50, 0xAB, 0xB8, 0x8D, 0x51,
    0x69, 0xAB, 0xA5, 0x68, 0xEF, 0xBA, 0x6F, 0x2B, 0x4B, 0xC0, 0x10, 0xFB, 0x08, 0x29, 0x79, 0xB1,
    0x0A, 0x24, 0x8A, 0x57, 0x84, 0x69, 0x58, 0x04, 0x45, 0x56, 0x7B, 0x73, 0xEE, 0x68, 0xEC, 0x20,
    0x6C, 0x6D, 0x62, 0xE9, 0x0C, 0xD1, 0xCA, 0x4D, 0x4D, 0xCD, 0xB9, 0x03, 0xA7, 0x31, 0x55, 0x4C,
    0x62, 0x08, 0xDF, 0xA5, 0x96, 0xFA, 0x55, 0x61, 0xFB, 0x51, 0xF5, 0x8E, 0x79, 0x87, 0x07, 0x63,
    0xBA, 0xAF, 0xFE, 0x43, 0x16, 0xEE, 0x55, 0x02, 0x24, 0x81, 0x61, 0x0C, 0xA7, 0xD1, 0xAD, 0xC4,
    0x09, 0xF7, 0x3F, 0x89, 0x0D, 0xA0, 0x3C, 0x9A, 0x46, 0x6D, 0x58, 0x07, 0xA5, 0x53, 0x83, 0x0B,
    0xC6, 0x80, 0x65, 0x4A, 0x70, 0x5D, 0x31, 0x89, 0x72, 0xA5, 0xF1, 0xCC, 0x1A, 0xCE, 0x68, 0x14,
    0xE1, 0x31, 0x9D, 0x06, 0x13, 0x3D, 0xE1, 0x86, 0xFE, 0x0F, 0xC5, 0xD6, 0x01, 0x84, 0x26, 0x77,
    0x9E, 0xFF, 0xF1, 0x57, 0x55, 0xF5, 0xF4, 0x23, 0xA9, 0x64, 0x6A, 0xD0, 0x18, 0xFF, 0xFE, 0x67,
    0x6A, 0x10, 0x0C, 0x49, 0xA6, 0x60, 0x11, 0x74, 0xF7, 0x53, 0x49, 0xB0, 0x58, 0x6E, 0xE7, 0x38,
    0xC0, 0xB9, 0x1B, 0x00, 0xDC, 0x9A, 0x41, 0x30, 0xE8, 0x99, 0xA7, 0xB2, 0xC1, 0xE2, 0x90, 0x70,
    0x00, 0xB0, 0x00, 0x80, 0x60, 0xD0, 0xE8, 0x99, 0xA7, 0x6E, 0x83, 0x45, 0xB0, 0x75, 0x17, 0x2C,
    0x0E, 0xA9, 0xDB, 0x0D, 0x77, 0x2C, 0xB6, 0x76, 0x3D, 0x5C, 0x65, 0xB7, 0xE6, 0xA9, 0x7B, 0x6A,
    0xA6, 0xAE, 0x3B, 0x3D, 0xDD, 0x9D, 0x24, 0x3D, 0xDD, 0xBB, 0xCF, 0xD3, 0xDF, 0x7A, 0xCA, 0xF3,
    0xB4, 0xFA, 0x7D, 0xDE, 0xDF, 0xEF, 0xE7, 0xF7, 0xA9, 0xE2, 0x4D, 0x78, 0x04, 0x3D, 0x82, 0x3E,
    0x27, 0xFA, 0xA2, 0x60, 0xF2, 0x59, 0x49, 0xFC, 0x61, 0x45, 0x12, 0x35, 0x64, 0xE1, 0x82, 0x6D,
    0x2D, 0xB3, 0xBE, 0xA3, 0xEF, 0x9F, 0xB0, 0x30, 0x15, 0x36, 0xA6, 0xA2, 0x4A, 0x5A, 0xC4, 0x5F,
    0xBA, 0xF3, 0xE5, 0xB4, 0x0B, 0xFB, 0xCE, 0xF3, 0xAF, 0x3D, 0xE8, 0xC6, 0xB3, 0xB0, 0xCF, 0x65,
    0x7D, 0xE5, 0x41, 0xD4, 0xD8, 0x0D, 0x1B, 0x57, 0x57, 0x65, 0x55, 0xC1, 0xBC, 0x91, 0xF5, 0x8D,
    0x47, 0x61, 0xA3, 0x5D, 0x55, 0x37, 0x69, 0xCC, 0x96, 0x7D, 0x91, 0xD6, 0x0F, 0x8E, 0x5F, 0xAD,
    0x1B, 0x3F, 0x83, 0x47, 0x88, 0xFB, 0x82, 0xE4, 0xC7, 0x25, 0xEB, 0x71, 0x81, 0x9B, 0xD0, 0xC0,
    0xCF, 0x01, 0xCF, 0x63, 0x86, 0xBF, 0x47, 0xF4, 0xD9, 0x80, 0xF9, 0xB3, 0x72, 0x20, 0xAC, 0x48,
    0xC3, 0x9A, 0xED, 0xA0, 0x61, 0xCB, 0x82, 0xF9, 0x33, 0xCC, 0x4E, 0xD8, 0xD8, 0x19, 0x08, 0x33,
    0x93, 0x52, 0x92, 0xA7, 0x2B, 0xCC, 0x7A, 0xBE, 0xC2, 0x5C, 0x04, 0x2D, 0x71, 0x4F, 0x92, 0x16,
    0xE2, 0x24, 0x27, 0xC3, 0x02, 0x15, 0xC0, 0x71, 0xD8, 0x8D, 0x11, 0x76, 0xBD, 0x6F, 0x4C, 0x4F,
    0x87, 0x5D, 0x83, 0xD7, 0x60, 0x1B, 0x1E, 0xA2, 0xFD, 0x98, 0x68, 0x89, 0xE4, 0x47, 0x05, 0xAF,
    0x85, 0xC5, 0x11, 0xB2, 0x27, 0x08, 0x96, 0x88, 0x9E, 0x92, 0x7D, 0x94, 0x13, 0xFF, 0x68, 0x20,
    0x9B, 0x94, 0xDC, 0x8C, 0x6A, 0xB6, 0xC2, 0x86, 0xDD, 0x60, 0x31, 0x40, 0xB5, 0x82, 0xA7, 0x64,
    0xB5, 0xFB, 0xA2, 0xD2, 0x54, 0x5C, 0xCA, 0xA4, 0x95, 0x59, 0x3D, 0x6F, 0xA3, 0x7E, 0xC1, 0xDA,
    0xB8, 0xFE, 0x16, 0xEE, 0xA1, 0x66, 0x2F, 0x17, 0x2D, 0x49, 0x3E, 0x2A, 0xDC, 0x8C, 0x2A, 0x1B,
    0xF2, 0xB3, 0x10, 0xE6, 0x69, 0xFD, 0x08, 0x20, 0x2A, 0x11, 0xD6, 0xD0, 0xE0, 0xFE, 0x75, 0xA3,
    0xFF, 0x7E, 0x59, 0x92, 0xA8, 0xC0, 0x28, 0xC4, 0x0C, 0xFA, 0x1C, 0xBF, 0x2F, 0x08, 0xFF, 0xA3,
    0x24, 0xFA, 0xB4, 0x1A, 0x2C, 0xDA, 0x90, 0x04, 0x0D, 0xA9, 0x96, 0x6D, 0x1D, 0xB3, 0xC1, 0x9D,
    0xF3, 0x7E, 0x49, 0x63, 0xB0, 0xA8, 0x34, 0x8F, 0x2A, 0x49, 0x19, 0x7F, 0x29, 0x5B, 0x59, 0x34,
    0x18, 0x2D, 0x9A, 0x20, 0xC9, 0x99, 0x94, 0x04, 0xA5, 0xA3, 0x84, 0xE5, 0x40, 0xF8, 0x22, 0x33,
    0x9C, 0xC1, 0xE7, 0x25, 0x26, 0x05, 0x1B, 0x6F, 0xA1, 0x5F, 0x23, 0x1A, 0x94, 0x27, 0xEF, 0x9C,
    0x04, 0x87, 0xE0, 0x39, 0xB8, 0xF7, 0xEA, 0x11, 0xEE, 0x9A, 0xC5, 0x01, 0x5C, 0x77, 0x00, 0x97,
    0x09, 0xEB, 0x13, 0xE0, 0x82, 0x8E, 0xA8, 0x67, 0xF2, 0x63, 0x5C, 0xC6, 0x3D, 0xFE, 0xEE, 0xAE,
    0x70, 0xC9, 0xE4, 0x8B, 0x42, 0x1A, 0x55, 0xAE, 0x2A, 0xCE, 0x02, 0x67, 0x18, 0x9F, 0x49, 0x59,
    0x90, 0xFC, 0xA1, 0xE4, 0xD5, 0x69, 0xC9, 0xDA, 0x66, 0x8E, 0x0D, 0x58, 0x1A, 0x08, 0x0B, 0x92,
    0xB0, 0x3C, 0x62, 0xD0, 0xC7, 0x87, 0x84, 0x39, 0xD1, 0xAF, 0xC6, 0xAD, 0x37, 0x12, 0x46, 0x0D,
    0x37, 0x83, 0x05, 0x5B, 0x47, 0x12, 0x26, 0x68, 0x4C, 0x07, 0xC2, 0xE9, 0x40, 0x98, 0x16, 0xE9,
    0x41, 0xC2, 0x24, 0x45, 0x61, 0xFA, 0xC7, 0xD2, 0xD6, 0xAC, 0xB4, 0x91, 0x62, 0xC3, 0x40, 0x27,
    0xFE, 0xA2, 0x94, 0x85, 0xB5, 0x1B, 0x67, 0xA3, 0x5B, 0xAD, 0xF0, 0xE0, 0x90, 0x64, 0x88, 0x89,
    0x62, 0x30, 0x58, 0xCD, 0xE5, 0x83, 0x28, 0x39, 0x31, 0x30, 0x07, 0xE2, 0xC9, 0x2F, 0x0F, 0x02,
    0x33, 0x6C, 0xC8, 0x82, 0x53, 0x03, 0x33, 0x35, 0x0C, 0x6C, 0x08, 0xCC, 0xF4, 0xBB, 0x04, 0x26,
    0x68, 0x8D, 0xE3, 0xCB, 0x87, 0x3D, 0xED, 0xB5, 0xA0, 0xC4, 0x39, 0x87, 0x29, 0xF0, 0x0A, 0x6C,
    0xC3, 0x3D, 0xDC, 0xB8, 0x5D, 0xB2, 0x13, 0x95, 0xA4, 0x03, 0x69, 0xD8, 0x02, 0xD8, 0x85, 0xEE,
    0x48, 0xEE, 0x4C, 0x86, 0xDC, 0x49, 0x92, 0x31, 0x77, 0xBC, 0xF5, 0x34, 0x77, 0xA2, 0x86, 0xBD,
    0x23, 0xB9, 0x13, 0x55, 0x07, 0xB9, 0x53, 0xC8, 0x64, 0x43, 0xEE, 0xF4, 0x8B, 0x21, 0x77, 0xD6,
    0x90, 0x20, 0xC3, 0x16, 0xEE, 0x72, 0x43, 0x69, 0x58, 0x3F, 0xED, 0x09, 0xDB, 0x17, 0x49, 0xD6,
    0xC7, 0x00, 0x25, 0x82, 0x1A, 0x1E, 0xE2, 0xC6, 0xEB, 0xC7, 0x08, 0x4F, 0x4F, 0xD6, 0xC9, 0x77,
    0x4B, 0xD6, 0xA8, 0x3E, 0x81, 0x70, 0x48, 0x56, 0x39, 0x61, 0x45, 0xD8, 0x60, 0x0F, 0x37, 0xCE,
    0x99, 0x30, 0x78, 0x62, 0xC8, 0x7F, 0xB8, 0x86, 0xB5, 0xBB, 0x57, 0x48, 0x34, 0xC4, 0x7D, 0x35,
    0x80, 0x9C, 0x7A, 0x43, 0x3C, 0xB2, 0x2B, 0x93, 0xF7, 0x2A, 0xA7, 0xEF, 0xCA, 0x31, 0x77, 0x12,
    0x51, 0x25, 0xFE, 0xFA, 0x7D, 0x7F, 0x8F, 0x68, 0xC9, 0x10, 0x3B, 0xC1, 0x18, 0x3B, 0xEE, 0xF2,
    0xFA, 0x00, 0x38, 0x79, 0x71, 0xC0, 0x53, 0xB3, 0x67, 0xCD, 0x6D, 0x92, 0x77, 0x0F, 0x28, 0x1F,
    0x1F, 0x1F, 0xE1, 0xB8, 0x9F, 0x19, 0x29, 0x9F, 0x8D, 0xB0, 0xE2, 0xDA, 0x40, 0xF9, 0x56, 0xD8,
    0xB0, 0x15, 0xB4, 0xCC, 0x0F, 0x29, 0xCD, 0x44, 0xB5, 0x4C, 0x54, 0x4A, 0xFE, 0x2F, 0x7B, 0xA2,
    0xBE, 0x9B, 0x7C, 0x90, 0x4B, 0xFE, 0x58, 0x7A, 0x65, 0x5E, 0x92, 0x0E, 0x74, 0xB9, 0xED, 0xB0,
    0x94, 0xF5, 0xB9, 0xF5, 0x16, 0x9C, 0x3D, 0x7B, 0x86, 0x58, 0xB6, 0x13, 0x96, 0x0C, 0x97, 0x33,
    0x69, 0xC1, 0x09, 0x8E, 0xEC, 0x8F, 0xE0, 0xC4, 0xFF, 0x3C, 0xE0, 0xFC, 0xB0, 0x22, 0x8D, 0x6A,
    0x76, 0xC2, 0x86, 0xFB, 0xCF, 0x1C, 0x79, 0xF8, 0x14, 0xF3, 0x40, 0x54, 0x99, 0x8A, 0x4B, 0xD3,
    0x3C, 0x7D, 0xEA, 0xC8, 0xE1, 0x29, 0xE6, 0xDB, 0xB3, 0xE7, 0xD0, 0x9F, 0xF9, 0xC1, 0xF8, 0xCE,
    0x96, 0x3D, 0x8F, 0x4F, 0xCD, 0x9E, 0x69, 0xDF, 0x37, 0x6F, 0xAC, 0x2A, 0xAA, 0x8D, 0xE5, 0xD6,
    0xAA, 0x1C, 0x54, 0xDF, 0xE7, 0xAB, 0x72, 0xF8, 0x9D, 0x2B, 0xAB, 0xFA, 0xC1, 0xAA, 0x1E, 0x6E,
    0xF6, 0xFD, 0x62, 0xD6, 0xF7, 0x0D, 0x00, 0x88, 0x0B, 0x92, 0x72, 0xF8, 0x1C, 0x22, 0x3A, 0xE9,
    0xEB, 0x69, 0xB8, 0xB8, 0xAF, 0xDB, 0xB7, 0xDF, 0xD9, 0xEF, 0xFB, 0xAE, 0xEF, 0xDB, 0x96, 0x7D,
    0xA6, 0xB9, 0xB4, 0x6F, 0xC3, 0xBE, 0x3A, 0xA2, 0xAB, 0x63, 0x8F, 0xCD, 0x9A, 0x59, 0xCB, 0xA2,
    0xE3, 0x76, 0x4B, 0x58, 0x13, 0xE3, 0x12, 0x1C, 0x13, 0xFD, 0xC9, 0x09, 0x82, 0xF3, 0xAF, 0x7F,
    0x37, 0x0A, 0x7E, 0xFF, 0x88, 0xE8, 0xC7, 0xA2, 0xBE, 0x9C, 0xFC, 0xAC, 0x8E, 0x9E, 0x6E, 0x26,
    0x8F, 0xF8, 0x84, 0x2B, 0x10, 0xF4, 0x45, 0xD2, 0x37, 0x3B, 0x41, 0xBB, 0xAB, 0xDB, 0x1B, 0x45,
    0x77, 0x2D, 0x1D, 0x8F, 0x06, 0xDD, 0x6B, 0xA3, 0xEE, 0x9D, 0x97, 0xE8, 0x3F, 0xE2, 0x37, 0x3D,
    0xF9, 0x1E, 0x8E, 0xA9, 0x1B, 0x94, 0xDD, 0x7D, 0x4E, 0x5D, 0x31, 0xD4, 0x71, 0x75, 0x47, 0x5B,
    0x1A, 0x55, 0x1F, 0x27, 0x8B, 0x26, 0xC9, 0x9A, 0x4B, 0x93, 0x82, 0x43, 0x51, 0xD3, 0xA7, 0xA2,
    0xF6, 0x8D, 0x9D, 0x3C, 0x26, 0xEA, 0x63, 0x40, 0x43, 0x50, 0x13, 0x95, 0xE2, 0x5F, 0x90, 0x2E,
    0xD8, 0xDD, 0xA5, 0x79, 0xF5, 0xFC, 0xDA, 0x27, 0x40, 0x92, 0x93, 0x62, 0x1B, 0xEF, 0xF3, 0x13,
    0xC3, 0xCC, 0x45, 0xBF, 0xAE, 0x24, 0xEF, 0x34, 0xD6, 0xE4, 0x46, 0xE9, 0x56, 0xDA, 0xAD, 0xC4,
    0xDB, 0xD5, 0x59, 0xC9, 0xB7, 0xD2, 0x6F, 0x05, 0xA0, 0x45, 0x87, 0x47, 0x0C, 0x10, 0x56, 0x14,
    0x0E, 0x31, 0xB6, 0x70, 0x13, 0x09, 0xF1, 0xBF, 0x5F, 0x0C, 0x47, 0x40, 0x9C, 0x8B, 0x4B, 0x51,
    0x45, 0xE3, 0x27, 0x57, 0xF4, 0x79, 0xF4, 0xEB, 0x72, 0xA5, 0x7F, 0x90, 0xFF, 0x3D, 0xFA, 0x1E,
    0x37, 0xBC, 0xBA, 0x85, 0x7B, 0x2E, 0xBD, 0x5B, 0x49, 0x9B, 0xFC, 0x99, 0xD6, 0xD7, 0xCE, 0xAA,
    0xF5, 0xED, 0x55, 0xED, 0xAE, 0x6A, 0x6F, 0xA5, 0xB5, 0x1D, 0xB4, 0xF2, 0x98, 0xB0, 0x2F, 0x45,
    0x9F, 0x96, 0x4C, 0x0A, 0xB6, 0xD9, 0xD8, 0xA2, 0x27, 0xFC, 0x5D, 0x25, 0xFE, 0xA0, 0xF1, 0x92,
    0x5B, 0x67, 0xEF, 0xF9, 0xEE, 0x1A, 0xFD, 0xDF, 0xF3, 0x79, 0xC7, 0x3B, 0x9F, 0x10, 0xE4, 0xA4,
    0x35, 0xBB, 0x7B, 0x34, 0xFF, 0xFF, 0x24, 0x8E, 0xE6, 0x39, 0x8E, 0xA1, 0x7C, 0x5B, 0xCF, 0x27,
    0x4F, 0xCD, 0x7D, 0xF9, 0x99, 0xB9, 0x87, 0x25, 0xF3, 0xF0, 0x77, 0x75, 0x5C, 0x2C, 0x5E, 0x72,
    0xFD, 0x58, 0xC3, 0x4F, 0xDF, 0x7D, 0x41, 0x4E, 0x52, 0xB3, 0xD3, 0xD2, 0xEE, 0x08, 0xEA, 0xCB,
    0xA7, 0x35, 0xFA, 0xD6, 0x09, 0x3B, 0x30, 0x3F, 0x4B, 0xA0, 0xC1, 0x3E, 0xBD, 0xF0, 0x8B, 0x72,
    0xF2, 0x61, 0x1D, 0xAB, 0x39, 0x7B, 0xCA, 0xAD, 0x2F, 0xB2, 0xE5, 0xF6, 0xF4, 0xEA, 0x2A, 0x67,
    0xA2, 0x72, 0x80, 0x99, 0xF5, 0x6F, 0xB4, 0x51, 0x7D, 0xDA, 0x7B, 0xF3, 0xAB, 0x59, 0x1F, 0xB7,
    0xD9, 0x72, 0x2B, 0xDB, 0xD8, 0x09, 0x16, 0x51, 0x11, 0x60, 0xB3, 0x9E, 0x9D, 0xF0, 0x9F, 0xF1,
    0x57, 0xD3, 0xBE, 0x7F, 0x72, 0xE7, 0xCB, 0xB8, 0x3C, 0xED, 0x9D, 0xFD, 0x77, 0xFF, 0xC4, 0x08,
    0x97, 0x94, 0x71, 0x11, 0xD6, 0xA2, 0x46, 0x58, 0x03, 0xB0, 0xD9, 0x98, 0x36, 0xC2, 0xD3, 0xFF,
    0x26, 0x7F, 0x92, 0xF5, 0x39, 0x80, 0xC3, 0x2B, 0x6C, 0x2E, 0x73, 0xC1, 0xD0, 0xC3, 0xB8, 0x0E,
    0x3B, 0x69, 0x6E, 0x66, 0x87, 0x2C, 0xDF, 0x25, 0x29, 0xF6, 0x49, 0xCA, 0x96, 0xF8, 0x6B, 0x87,
    0xCE, 0xF8, 0x43, 0xFE, 0x80, 0xCC, 0x34, 0x77, 0x5F, 0x52, 0x87, 0xED, 0x30, 0xA9, 0x8A, 0x3B,
    0x5F, 0x39, 0xF6, 0x0A, 0x6B, 0x44, 0xCD, 0x78, 0x16, 0xCC, 0x6B, 0xF1, 0x0A, 0x28, 0xCB, 0x67,
    0x76, 0xA5, 0xC5, 0xFE, 0xB0, 0x86, 0xF8, 0xA0, 0x3A, 0x49, 0xF1, 0x48, 0x9A, 0x4F, 0xF3, 0x07,
    0x47, 0xE3, 0x05, 0xE0, 0x26, 0xA6, 0xE3, 0xE7, 0xA4, 0x45, 0xB6, 0xC4, 0x76, 0x86, 0xAB, 0x3B,
    0xB0, 0x8F, 0xA8, 0x42, 0x50, 0x00, 0x17, 0x84, 0x79, 0x67, 0xB8, 0x66, 0x2D, 0xFA, 0xBC, 0x11,
    0xFE, 0xA2, 0x21, 0xAA, 0xB8, 0x89, 0x1B, 0x00, 0x2F, 0x06, 0x7B, 0x03, 0xB6, 0x60, 0x81, 0x5B,
    0x15, 0x51, 0x8B, 0xE4, 0x01, 0xB6, 0xE3, 0x9C, 0x2B, 0xC1, 0x85, 0xE2, 0x81, 0xA8, 0x60, 0x52,
    0x92, 0xE4, 0xBC, 0xC6, 0xDA, 0x55, 0x66, 0x39, 0x7F, 0xAE, 0x45, 0xFF, 0xB6, 0x10, 0xE7, 0x3F,
    0x38, 0x0F, 0xD4, 0x97, 0x21, 0x81, 0x49, 0x89, 0xBF, 0x2D, 0xFF, 0x1A, 0xA8, 0x61, 0x49, 0x54,
    0x11, 0x36, 0x78, 0xC8, 0xDA, 0x8D, 0x11, 0xB5, 0x3A, 0x27, 0xD4, 0xA0, 0x45, 0xF4, 0x37, 0x08,
    0x2E, 0xC3, 0x2E, 0x61, 0xF3, 0x09, 0x71, 0x87, 0x34, 0xC5, 0xEE, 0x64, 0x40, 0xBD, 0x38, 0xCA,
    0xAC, 0xA0, 0x6F, 0xF8, 0xCD, 0x68, 0xD6, 0x24, 0x77, 0xE9, 0x15, 0x66, 0xA5, 0xE0, 0x7F, 0x1A,
    0x93, 0x6A, 0xCF, 0xBA, 0xEB, 0x67, 0x27, 0x4C, 0x7F, 0x8A, 0x69, 0x8F, 0xEB, 0x8F, 0x00, 0xA2,
    0xC6, 0xD7, 0x09, 0xB7, 0xC2, 0x8B, 0x9C, 0xE3, 0x64, 0x71, 0x5B, 0x32, 0x5C, 0x32, 0xAE, 0x80,
    0x59, 0x4E, 0x5F, 0x8B, 0xFE, 0xB3, 0x95, 0x14, 0x5B, 0x2E, 0x71, 0x76, 0x3A, 0xB7, 0x18, 0x6D,
    0xF9, 0x18, 0x3B, 0x49, 0xCE, 0xBD, 0xA8, 0x00, 0x7F, 0x8D, 0x1C, 0x05, 0x3B, 0x98, 0x17, 0x82,
    0xFF, 0xAA, 0x44, 0xFF, 0xDA, 0x98, 0xE4, 0xEF, 0xE3, 0x9C, 0x33, 0x16, 0x48, 0x60, 0x8E, 0xE8,
    0x89, 0x5B, 0xE2, 0x8F, 0x2D, 0xA0, 0x85, 0x66, 0x45, 0xFF, 0x6E, 0xBD, 0xA2, 0xFF, 0x73, 0xB1,
    0xA2, 0x5F, 0x9E, 0x1B, 0x7D, 0x4E, 0xD0, 0x10, 0xD5, 0x24, 0x25, 0x29, 0xAE, 0x0E, 0xE4, 0x61,
    0x33, 0x54, 0x30, 0xFF, 0x6D, 0x15, 0xF7, 0x7D, 0x9E, 0xE5, 0x0F, 0x06, 0xC6, 0xFC, 0x3B, 0x31,
    0x5E, 0x87, 0x1D, 0x98, 0x96, 0x88, 0x17, 0x6E, 0xF1, 0xFA, 0xC5, 0xB3, 0xE4, 0x44, 0x15, 0x51,
    0x83, 0x0E, 0x37, 0xB1, 0xFE, 0x82, 0x2C, 0xDF, 0x74, 0xEF, 0x6B, 0x04, 0x85, 0x16, 0x16, 0x03,
    0x50, 0x33, 0x00, 0x95, 0x03, 0xD0, 0x05, 0xDC, 0xFB, 0x82, 0x23, 0xF7, 0xBE, 0xE0, 0xE3, 0xE3,
    0x50, 0xB3, 0xEF, 0x0E, 0x15, 0xFF, 0x34, 0x67, 0xDA, 0x97, 0xDC, 0x98, 0xE5, 0xB7, 0x70, 0xE1,
    0xB3, 0x89, 0x9A, 0xEB, 0x92, 0xEE, 0xAE, 0xE4, 0x1F, 0x1B, 0xEB, 0x93, 0x0F, 0xF2, 0x43, 0xF9,
    0xFF, 0xF2, 0xFD, 0xE5, 0xE3, 0x16, 0x4E, 0x6F, 0xFD, 0xC5, 0xA7, 0x42, 0x58, 0x8F, 0xCD, 0xAF,
    0x8F, 0xAA, 0x3F, 0x7B, 0x02, 0xCC, 0xFA, 0x7C, 0xD6, 0xBD, 0xF1, 0x95, 0xAC, 0x8E, 0x6A, 0x71,
    0xF9, 0xFD, 0x0E, 0x8D, 0xA4, 0x08, 0x17, 0x03, 0xFB, 0xD2, 0x9C, 0x59, 0xDF, 0x11, 0x8F, 0x8B,
    0x1D, 0x5B, 0xD0, 0x74, 0x3C, 0xDB, 0xAC, 0xE3, 0xC6, 0xB4, 0xCE, 0x1A, 0x51, 0x1D, 0x7E, 0xEB,
    0xA1, 0x89, 0x1A, 0xE1, 0x22, 0x6D, 0x04, 0xFD, 0xB2, 0x2F, 0xCC, 0xEA, 0x3E, 0xFF, 0xB6, 0x2E,
    0xCD, 0x73, 0xC2, 0xBE, 0x22, 0xFA, 0xB4, 0x26, 0xF8, 0xB0, 0x44, 0x9A, 0xE3, 0x6D, 0xB8, 0x02,
    0x06, 0xB5, 0xE6, 0xDD, 0x1B, 0xAD, 0x3B, 0xE7, 0x4A, 0xBE, 0xBE, 0x38, 0xD8, 0xB8, 0x53, 0xBC,
    0x99, 0xC1, 0x2E, 0xA2, 0x1A, 0x61, 0x01, 0xC0, 0x99, 0x1B, 0x61, 0x68, 0x84, 0xEC, 0xCB, 0x01,
    0x53, 0x8E, 0xA8, 0x42, 0x5A, 0x19, 0xC8, 0x37, 0xA8, 0x65, 0x90, 0xC1, 0xCE, 0x40, 0xD9, 0xBE,
    0xB1, 0x70, 0xA7, 0x3C, 0x4F, 0x4A, 0x6B, 0xB0, 0x0D, 0xF7, 0xA1, 0x3D, 0x00, 0xCC, 0x13, 0x48,
    0x0A, 0xA4, 0xF9, 0x66, 0xBD, 0xB9, 0x7C, 0xB1, 0x49, 0x87, 0x30, 0xA9, 0x8C, 0x89, 0x18, 0xCC,
    0x6D, 0xB0, 0x7E, 0xF1, 0x80, 0x6B, 0xB0, 0x05, 0x53, 0x48, 0xCB, 0x11, 0x90, 0xDB, 0xE7, 0x0B,
    0xF8, 0x4D, 0x66, 0xBD, 0xC9, 0x95, 0x03, 0xCA, 0xD1, 0xAC, 0xE5, 0x5F, 0xD2, 0xAC, 0x2F, 0x1F,
    0x41, 0xFD, 0x7F, 0xCB, 0x17, 0x33, 0xEB, 0x64, 0xF1, 0x73, 0x92, 0xBE, 0xE1, 0xE5, 0xA4, 0xBA,
    0x8A, 0x23, 0x63, 0x5C, 0x5E, 0xC4, 0x18, 0x77, 0xD6, 0xD1, 0x7F, 0x84, 0x3F, 0xF4, 0xB8, 0x7D,
    0xEF, 0xD2, 0x01, 0x51, 0xB2, 0x22, 0x7A, 0xF9, 0x45, 0x87, 0xC7, 0xC6, 0x01, 0xC2, 0xF4, 0x59,
    0x94, 0xB6, 0xB2, 0xEA, 0x2F, 0x16, 0xA5, 0x06, 0x8E, 0x11, 0xE6, 0xD2, 0xE3, 0x0B, 0x0D, 0x55,
    0xB8, 0x06, 0xE9, 0xF8, 0x70, 0x85, 0x7F, 0x02, 0x80, 0x69, 0xFF, 0x5E, 0x5F, 0xA5, 0x5F, 0x05,
    0xF3, 0x3C, 0x5C, 0xD8, 0xA2, 0xB3, 0xC7, 0x7D, 0x0D, 0xD3, 0xA8, 0x22, 0xF9, 0x61, 0x49, 0xFC,
    0x2B, 0x44, 0x4B, 0x04, 0x1D, 0xB4, 0xA7, 0x1C, 0xD6, 0x97, 0x05, 0x59, 0x5F, 0x1D, 0x3C, 0x27,
    0x06, 0x2D, 0x1E, 0x23, 0xCD, 0x09, 0x73, 0x00, 0xF3, 0x76, 0xDA, 0x4D, 0xAB, 0xB8, 0x4E, 0x8A,
    0xA8, 0x8C, 0xCB, 0xB8, 0x98, 0x54, 0x89, 0xA8, 0x4E, 0x05, 0xCD, 0x36, 0x8B, 0x2D, 0xF6, 0x1F,
    0xB2, 0xD5, 0x90, 0xD5, 0xA4, 0x25, 0x49, 0x41, 0x82, 0x0C, 0x8F, 0x98, 0xB4, 0xF4, 0x35, 0xF3,
    0x9C, 0xD9, 0x72, 0xD2, 0x97, 0x59, 0x1B, 0x3C, 0x1E, 0xB0, 0xF7, 0x84, 0x0B, 0x0D, 0x5D, 0x54,
    0x71, 0x7F, 0x52, 0x32, 0x4D, 0x72, 0x92, 0x7F, 0x40, 0xDC, 0x21, 0x5A, 0x20, 0x6C, 0x4E, 0x39,
    0xC4, 0x7F, 0x1A, 0x1F, 0x75, 0xBE, 0xB9, 0xAD, 0x7D, 0x3B, 0x6D, 0x67, 0xF5, 0x81, 0xFC, 0xFC,
    0x99, 0xFC, 0xCB, 0xC2, 0xE6, 0x4D, 0x16, 0x6F, 0xB3, 0xF7, 0x3E, 0xBB, 0x9F, 0xB0, 0x5D, 0x1D,
    0x95, 0x7F, 0x0D, 0xBB, 0xAC, 0xB7, 0x71, 0xD1, 0xD7, 0x49, 0x39, 0xCF, 0xE3, 0xE2, 0xF9, 0xDD,
    0x7C, 0x75, 0xC7, 0xD8, 0xB7, 0xA8, 0x44, 0x90, 0x03, 0xFA, 0x01, 0xF3, 0xCE, 0x62, 0x85, 0x39,
    0xA9, 0xED, 0x89, 0x1A, 0x0D, 0xED, 0x80, 0xB9, 0x3F, 0x60, 0xEE, 0x0C, 0x98, 0xE9, 0xB5, 0xEF,
    0x86, 0xB9, 0x39, 0x60, 0xCE, 0x07, 0xCC, 0xAC, 0x66, 0xDE, 0xD1, 0xEC, 0x73, 0x65, 0xC1, 0xA4,
    0xE2, 0x32, 0xC0, 0xF0, 0x53, 0xF2, 0x64, 0x5A, 0x4F, 0x16, 0x49, 0x19, 0xD6, 0x71, 0x19, 0x95,
    0x51, 0x1D, 0x17, 0x61, 0x93, 0x08, 0x16, 0x29, 0xED, 0x36, 0xBB, 0xBB, 0x6C, 0x3F, 0x24, 0x6B,
    0x48, 0x2A, 0xE2, 0x11, 0x36, 0xC5, 0x03, 0xD6, 0x3B, 0xFA, 0x86, 0x59, 0x8E, 0xE4, 0xE9, 0x73,
    0xE4, 0x6F, 0x4B, 0xB6, 0xE6, 0x25, 0x1B, 0xD7, 0x4E, 0xB0, 0xA1, 0x95, 0x0D, 0x9B, 0x13, 0x6C,
    0x98, 0x7E, 0x6F, 0x1B, 0x4E, 0xFB, 0x8A, 0xF6, 0x75, 0xD1, 0x72, 0x4B, 0xF4, 0x59, 0x27, 0x78,
    0xA7, 0x3E, 0xC4, 0x5A, 0x4C, 0xDB, 0x67, 0xF6, 0x9B, 0x7C, 0xCD, 0x7E, 0xD7, 0x0E, 0xED, 0xB7,
    0x37, 0xDA, 0x6F, 0x7A, 0x82, 0xFD, 0xF6, 0x8F, 0xDA, 0xEF, 0x7F, 0x01, 0x95, 0x53, 0x01, 0x64,
    0x2D, 0x47, 0x14, 0x3D, 0xBB, 0x23, 0x1D, 0xFE, 0xC8, 0x9B, 0x8F, 0x0F, 0xB4, 0xC9, 0x7C, 0x14,
    0x90, 0xFC, 0x07, 0x41, 0xF0, 0xF6, 0xED, 0x54, 0x50, 0x40, 0x3F, 0x3E, 0x00, 0x8A, 0x00, 0xE0,
    0x23, 0xF8, 0xD8, 0x97, 0xB7, 0x1A, 0x14, 0xA0, 0x00, 0x40, 0xA1, 0x00, 0x58, 0x04, 0xDB, 0xDA,
    0x6D, 0xEE, 0x4F, 0x00, 0x60, 0xBF, 0xA2, 0x28, 0x0C, 0x50, 0x14, 0x16, 0x0F, 0x93, 0xDA, 0x97,
    0xE9, 0x9D, 0x6C, 0x9E, 0x17, 0xEA, 0xE1, 0x9F, 0x7B, 0xCF, 0xCE, 0xDC, 0x7B, 0xCF, 0x9C, 0x20,
    0xF7, 0xDD, 0xAC, 0xC3, 0x3A, 0x32, 0x84, 0xE1, 0x31, 0x03, 0x3D, 0x71, 0xE7, 0xE1, 0xE7, 0x9F,
    0x1B, 0x1B, 0x57, 0x30, 0x36, 0xF7, 0x04, 0x13, 0xCC, 0x50, 0xC0, 0x73, 0x0C, 0x58, 0x60, 0x0F,
    0xB9, 0x35, 0xA5, 0xB6, 0x1A, 0x87, 0xDC, 0x3F, 0xF9, 0x5F, 0xFD, 0x0A, 0x2D, 0xEB, 0x3C, 0x6A,
    0xAE, 0x8E, 0xA1, 0x90, 0xC0, 0x4E, 0x44, 0x39, 0xD3, 0x28, 0x0C, 0xFC, 0x3C, 0xE6, 0x90, 0x63,
    0x61, 0xEC, 0x5E, 0x62, 0xF3, 0xEF, 0x3A, 0xF3, 0xA3, 0xD3, 0x67, 0x9D, 0x16, 0x74, 0x28, 0xA3,
    0xE6, 0x64, 0x1F, 0xBB, 0xFA, 0xAF, 0xF6, 0xD0, 0x4E, 0x2D, 0xBF, 0x65, 0x87, 0xFA, 0x0D, 0xB8,
    0x79, 0xAC, 0xEC, 0x8B, 0x94, 0x30, 0x20, 0xA6, 0x8F, 0xF9, 0x76, 0xF5, 0x2E, 0x84, 0xE1, 0xFE,
    0xA1, 0xE1, 0xFB, 0xCE, 0x1C, 0xF5, 0x75, 0xCC, 0x77, 0xD7, 0xE7, 0xAC, 0xFF, 0xF7, 0xB7, 0xE6,
    0xB1, 0xDC, 0xF6, 0xEF, 0x7F, 0x6D, 0xB8, 0x7F, 0x7E, 0x7D, 0xBE, 0xE9, 0xC7, 0xCC, 0x11, 0x28,
    0x46, 0x8E, 0xB7, 0x58, 0x23, 0x74, 0xC1, 0x87, 0xC0, 0xA4, 0x35, 0xD7, 0x97, 0xA1, 0xBD, 0x94,
    0x2E, 0xE8, 0xBE, 0x55, 0xDD, 0x25, 0x38, 0x02, 0x38, 0x5A, 0x70, 0xF0, 0x08, 0x40, 0xCA, 0x84,
    0xF4, 0x90, 0x25, 0x80, 0x69, 0x80, 0x06, 0x63, 0x61, 0xCA, 0x03, 0x30, 0x1A, 0x4D, 0xA7, 0x60,
    0x78, 0x45, 0xD5, 0x78, 0x7E, 0xEC, 0xC0, 0x18, 0xF4, 0xD5, 0x0F, 0xF7, 0x98, 0xFE, 0xD4, 0x9A,
    0x6F, 0x75, 0xB0, 0x61, 0x95, 0x3F, 0xEC, 0xE7, 0xFA, 0xAE, 0x1F, 0xD4, 0xEA, 0x28, 0x93, 0x7F,
    0x74, 0x0B, 0xE0, 0xA2, 0x10, 0x7F, 0xD3, 0x1C, 0x70, 0x8D, 0xF8, 0x87, 0xCF, 0x94, 0x1A, 0xF1,
    0x17, 0x65, 0x90, 0xB6, 0x90, 0x7F, 0xD2, 0x02, 0x1A, 0x73, 0x7D, 0xE7, 0x06, 0x1C, 0x63, 0x1A,
    0xD2, 0xD0, 0xE3, 0x03, 0xA4, 0xC7, 0xB2, 0xC4, 0x6B, 0x3C, 0x41, 0x58, 0x45, 0xBA, 0x34, 0x98,
    0xA3, 0x40, 0xB5, 0x69, 0x75, 0xEA, 0xB6, 0xD7, 0x57, 0xCE, 0x28, 0x9A, 0x6B, 0x5B, 0x18, 0x54,
    0x47, 0x5B, 0x79, 0x77, 0xC2, 0xC3, 0x86, 0xA7, 0xDE, 0xF0, 0x65, 0xCE, 0xFF, 0xA3, 0xC2, 0x48,
    0xAA, 0x8E, 0x14, 0x46, 0xBC, 0xC7, 0x0A, 0x0D, 0x32, 0x4C, 0xA1, 0x59, 0x3D, 0xB6, 0x5E, 0x60,
    0x65, 0xD0, 0x68, 0x9B, 0x29, 0x9A, 0x8A, 0x4E, 0x27, 0x4E, 0xD8, 0x6A, 0x23, 0xDF, 0x4F, 0xC9,
    0x73, 0xB3, 0x31, 0x67, 0x7D, 0xA6, 0x3F, 0xAE, 0xA6, 0x82, 0x6A, 0xFD, 0x8D, 0x9B, 0x89, 0xB2,
    0x3A, 0xC0, 0x13, 0xBE, 0x47, 0x32, 0x40, 0xFE, 0x8C, 0x43, 0x49, 0x1F, 0x92, 0x1E, 0x4E, 0x92,
    0xB1, 0x71, 0xC5, 0x5A, 0x18, 0x48, 0x82, 0xAB, 0x90, 0x41, 0x5B, 0xE9, 0x44, 0x2F, 0x9D, 0xB1,
    0x19, 0x46, 0xEF, 0x53, 0x60, 0x32, 0x49, 0xE9, 0x54, 0x9C, 0xB9, 0x3E, 0xF9, 0x74, 0x47, 0xB8,
    0xD0, 0xC0, 0xC1, 0x11, 0x94, 0xEC, 0x2B, 0x7D, 0xD5, 0x79, 0xA9, 0xAA, 0xF7, 0xB1, 0xC6, 0x85,
    0x42, 0xF2, 0xE9, 0x96, 0x24, 0xEB, 0xF6, 0x59, 0x1F, 0xDF, 0x81, 0x51, 0x08, 0x1A, 0x24, 0x79,
    0xB5, 0x3B, 0x25, 0xD5, 0x92, 0x7E, 0x11, 0x25, 0x1E, 0x51, 0xB3, 0x5E, 0x75, 0xDC, 0xD9, 0xFC,
    0x6E, 0x6E, 0xBA, 0xD0, 0x01, 0x7B, 0x00, 0x34, 0xF3, 0x98, 0x39, 0x63, 0x5E, 0x33, 0x1D, 0x90,
    0x12, 0x20, 0xEC, 0x38, 0x3A, 0x60, 0x9E, 0x32, 0xAB, 0xED, 0x48, 0x96, 0x9B, 0xD1, 0xF6, 0xD5,
    0x4B, 0xE6, 0xB4, 0xC3, 0xEF, 0x76, 0x39, 0xA4, 0xC1, 0x2D, 0x43, 0x1A, 0xFC, 0x4B, 0x63, 0x6D,
    0x0B, 0x49, 0x78, 0x03, 0x41, 0xD0, 0xF1, 0x63, 0x92, 0x9B, 0xF2, 0x8B, 0xB5, 0x7E, 0x40, 0xEE,
    0x75, 0x87, 0xA5, 0x9D, 0x44, 0xEF, 0xC7, 0xCF, 0x16, 0xAA, 0xE4, 0x07, 0x9A, 0x90, 0x8F, 0xB7,
    0xA7, 0xBF, 0x51, 0xB0, 0x79, 0xB3, 0x1C, 0x98, 0x01, 0x0D, 0x3B, 0x37, 0x6C, 0xDC, 0x40, 0x8C,
    0x64, 0xD7, 0x86, 0x4D, 0x1B, 0xF6, 0x2C, 0xD8, 0x2D, 0x72, 0xF6, 0xCC, 0x6E, 0xC6, 0x6E, 0x2D,
    0x9F, 0x45, 0x01, 0x60, 0x60, 0xFA, 0x74, 0x0D, 0x2F, 0x03, 0x31, 0x7B, 0x9F, 0x24, 0x2B, 0x0F,
    0x14, 0xCC, 0xD9, 0xC8, 0x2F, 0xBD, 0x47, 0x70, 0x3E, 0x61, 0x0D, 0x1C, 0x6A, 0xE6, 0x06, 0x35,
    0xC7, 0xC0, 0x11, 0xCF, 0x88, 0x74, 0x85, 0xD7, 0x26, 0xD8, 0x3E, 0x53, 0xA1, 0xFB, 0x1A, 0x37,
    0x16, 0xCF, 0x37, 0xF1, 0xAB, 0xB8, 0x8A, 0x59, 0xDC, 0xC5, 0xC2, 0xF0, 0xB5, 0x8E, 0xDB, 0xD8,
    0xF3, 0x3A, 0xDE, 0x3A, 0xDE, 0x47, 0x41, 0x88, 0xF8, 0x0F, 0x8C, 0x8F, 0x81, 0x65, 0x04, 0x41,
    0x18, 0x85, 0xBF, 0x64, 0xB9, 0xC1, 0x4A, 0xFE, 0x02, 0x8E, 0x9B, 0x0E, 0x6E, 0x1A, 0xD8, 0xCB,
    0x2E, 0xD7, 0x54, 0xB0, 0xF2, 0x5F, 0x07, 0x69, 0x21, 0x65, 0x1C, 0x4E, 0x66, 0x3A, 0xC8, 0x76,
    0x90, 0xC1, 0x15, 0x30, 0x18, 0x0C, 0x76, 0x77, 0x92, 0x24, 0x42, 0x00, 0x79, 0xEF, 0x79, 0x78,
    0xE0, 0x7D, 0xA6, 0xE0, 0x2A, 0x63, 0x1B, 0xCE, 0x4D, 0xC8, 0x4D, 0x48, 0xDF, 0x9D, 0x4D, 0xB8,
    0xC8, 0xA9, 0xAF, 0xB4, 0x05, 0x00, 0x0B, 0x3D, 0x54, 0x6E, 0xDF, 0x31, 0xCF, 0x88, 0xD0, 0x09,
    0x5A, 0x93, 0xAB, 0x09, 0x01, 0x41, 0x2A, 0xB2, 0x72, 0x0F, 0x76, 0xC0, 0xCE, 0xA0, 0xFC, 0xEC,
    0x28, 0x3A, 0xD3, 0x4F, 0xF0, 0x8A, 0x89, 0xEC, 0xE0, 0xE1, 0x05, 0x3F, 0x93, 0x7B, 0x92, 0x90,
    0x85, 0x8B, 0xA5, 0x5F, 0x68, 0x13, 0xF5, 0x53, 0xF1, 0x30, 0x9C, 0x49, 0xCD, 0x64, 0x42, 0x3B,
    0x08, 0x3B, 0xEE, 0xD8, 0x16, 0x5D, 0xB3, 0x4D, 0xF6, 0xD0, 0xED, 0xCA, 0xE3, 0x3E, 0x49, 0x71,
    0x7E, 0xB1, 0xD7, 0x36, 0xA2, 0x0B, 0xD9, 0x91, 0x84, 0x22, 0x7C, 0xDD, 0xAC, 0x70, 0x80, 0xC2,
    0x36, 0xF2, 0x34, 0xE0, 0xDC, 0xA0, 0x35, 0xC8, 0x31, 0x48, 0xF3, 0x9B, 0xE3, 0xA4, 0x6F, 0xF9,
    0x1F, 0xAC, 0x9B, 0x49, 0xA7, 0x6D, 0x68, 0xFE, 0xD8, 0x5C, 0x75, 0x6E, 0xB3, 0xAE, 0xC5, 0x66,
    0xCB, 0x9E, 0xF1, 0x26, 0x99, 0xB0, 0xC7, 0xAF, 0x5A, 0x6D, 0xF4, 0x73, 0xEC, 0x18, 0x37, 0xD1,
    0x66, 0x46, 0x3A, 0x2E, 0x3E, 0xF9, 0xD3, 0xC7, 0xA8, 0x1F, 0x5E, 0x7F, 0x49, 0x0A, 0xAF, 0x0F,
    0xA4, 0x87, 0x17, 0x00, 0x3D, 0x8F, 0x01, 0x66, 0x04, 0x31, 0x00, 0x45, 0xDF, 0x4C, 0xE8, 0xA0,
    0xD8, 0xA2, 0x40, 0xB1, 0x07, 0x28, 0x06, 0xA0, 0x40, 0x72, 0xAC, 0x42, 0xCD, 0xDC, 0xA0, 0xBD,
    0x43, 0x2F, 0xB0, 0x28, 0x00, 0x93, 0xDE, 0x60, 0xE8, 0x05, 0xD2, 0x1B, 0x04, 0x41, 0xB4, 0xED,
    0xFE, 0x26, 0x49, 0x2D, 0x9E, 0x97, 0xFF, 0x45, 0xE2, 0x5B, 0xC9, 0xDF, 0x15, 0xC6, 0x38, 0xFE,
    0x83, 0x2B, 0xD0, 0x90, 0x3A, 0x3D, 0x63, 0xE5, 0x2B, 0x97, 0x3C, 0x7D, 0xB9, 0x96, 0x99, 0x7E,
    0x61, 0xD6, 0xCA, 0xD3, 0xB5, 0x27, 0x99, 0x95, 0x08, 0x43, 0x61, 0x56, 0xC2, 0x16, 0x4C, 0x80,
    0x45, 0x91, 0x4D, 0x01, 0x53, 0xAF, 0xAF, 0x70, 0x70, 0x20, 0xC9, 0x57, 0x16, 0xC9, 0xDD, 0x2B,
    0x03, 0x60, 0xCB, 0xB9, 0xDA, 0x84, 0xA3, 0xEF, 0x9E, 0xF6, 0x6E, 0x13, 0x1E, 0xBA, 0xF7, 0xC7,
    0xDE, 0xBF, 0x2B, 0xCC, 0x2F, 0x26, 0xCC, 0xCF, 0xFA, 0x54, 0x32, 0x3A, 0x93, 0x4D, 0x3C, 0x19,
    0x85, 0xE2, 0x70, 0x53, 0xFF, 0xCC, 0x63, 0xA6, 0x99, 0x6D, 0xEF, 0x9E, 0x62, 0xF3, 0xE0, 0x72,
    0xF5, 0x8F, 0xF1, 0xE9, 0x28, 0xD8, 0x5E, 0xBF, 0xA3, 0x2D, 0x9E, 0x3F, 0xB4, 0x32, 0x6C, 0x81,
    0x83, 0x32, 0x8B, 0x7B, 0x23, 0x73, 0xAA, 0x3B, 0xCD, 0x0E, 0xB6, 0x56, 0x4A, 0x94, 0x85, 0x6C,
    0x7D, 0x0B, 0x93, 0xA7, 0xBD, 0x3F, 0x26, 0xE0, 0xCC, 0x6D, 0x1B, 0x7B, 0xA5, 0xF5, 0x0F, 0x7C,
    0x92, 0x81, 0xA6, 0xDC, 0x40, 0x18, 0x85, 0xBF, 0xC9, 0x5C, 0x82, 0x94, 0x09, 0x0A, 0x68, 0x9B,
    0xA2, 0xB8, 0x10, 0x8A, 0x22, 0x65, 0xDA, 0x1D, 0xE8, 0x7B, 0xF4, 0x11, 0x4A, 0x97, 0x16, 0xD5,
    0x2E, 0x00, 0x7D, 0x89, 0x02, 0x48, 0x21, 0xDC, 0x4B, 0x4B, 0xB9, 0x77, 0xDE, 0x20, 0x79, 0x83,
    0xE6, 0x11, 0xFE, 0x12, 0x2C, 0xB6, 0x9D, 0xFE, 0x43, 0xBB, 0x5D, 0x6B, 0xBB, 0x71, 0x8E, 0x93,
    0x7F, 0x86, 0x73, 0xE4, 0x3F, 0x61, 0x03, 0x36, 0x82, 0x03, 0x3C, 0x90, 0x52, 0x92, 0x4C, 0x0F,
    0x38, 0x20, 0xDF, 0xB1, 0x01, 0x5E, 0x52, 0x6C, 0xA9, 0x12, 0xED, 0x97, 0x78, 0xFD, 0x63, 0xAE,
    0x25, 0x20, 0x9C, 0x03, 0x77, 0x81, 0x7F, 0x2E, 0x7F, 0x7D, 0xA1, 0xC8, 0x69, 0x01, 0x9E, 0x01,
    0x8F, 0xE0, 0x13, 0xE7, 0x8D, 0x06, 0x99, 0xFD, 0x55, 0x74, 0x09, 0xBB, 0x03, 0x81, 0x70, 0xA1,
    0x6E, 0xF7, 0xA9, 0x42, 0x15, 0x5A, 0x8A, 0xE9, 0xA6, 0xEF, 0x17, 0xF5, 0xDD, 0x7A, 0x8C, 0x38,
    0xCA, 0x58, 0xC6, 0x06, 0x13, 0xEF, 0x00, 0x40, 0x07, 0xBF, 0x28, 0xD3, 0xA6, 0x79, 0x2A, 0xBE,
    0x5B, 0xD3, 0x71, 0x84, 0xCB, 0xEE, 0xF1, 0x83, 0x4E, 0xCA, 0x6F, 0xD1, 0x24, 0x78, 0x07, 0x00,
    0x20, 0x39, 0xCA, 0xA5, 0xE0, 0xAF, 0xA6, 0xF5, 0x30, 0x33, 0xB0, 0xC7, 0xAB, 0x61, 0xD6, 0x43,
    0xBD, 0xB2, 0x3F, 0x61, 0x21, 0xA5, 0x45, 0x71, 0xE2, 0x13, 0x82, 0x98, 0x59, 0xCA, 0x28, 0x0D,
    0xF2, 0xBE, 0x97, 0xDB, 0x24, 0x2D, 0xB8, 0x80, 0x9D, 0x40, 0x01, 0x97, 0xE0, 0x8F, 0x70, 0x81,
    0x6F, 0xF1, 0x2E, 0x78, 0x3B, 0x3D, 0xEF, 0x97, 0x55, 0xDA, 0x62, 0x66, 0xCA, 0x48, 0x03, 0xF7,
    0xD8, 0x3F, 0x36, 0x12, 0x6C, 0x2C, 0xA2, 0x8D, 0x95, 0x6A, 0xAB, 0xF3, 0x4D, 0xFF, 0x39, 0xEF,
    0x36, 0x1E, 0xF6, 0x65, 0x94, 0x00, 0xD4, 0x80, 0xFC, 0xE9, 0x57, 0x77, 0xB4, 0x52, 0x5E, 0x03,
    0x59, 0xF3, 0x9C, 0xCF, 0x11, 0xA0, 0x06, 0x1E, 0xC2, 0x0E, 0x3B, 0xE2, 0xC6, 0xB8, 0x1A, 0xE5,
    0xF5, 0xF8, 0x44, 0xDF, 0x4F, 0xC2, 0xBC, 0x00, 0xEA, 0x7D, 0xB9, 0xB7, 0x1A, 0xAE, 0x14, 0xE0,
    0x6D, 0x56, 0xE5, 0xC1, 0xEF, 0x54, 0x63, 0x3F, 0xF2, 0x3F, 0xA7, 0x37, 0xE3, 0x5A, 0xA3, 0x34,
    0xD0, 0x7E, 0x87, 0xAF, 0x50, 0xE7, 0x76, 0x31, 0x73, 0x4B, 0xA9, 0xED, 0x36, 0x29, 0x4D, 0x1F,
    0x74, 0xBF, 0x02, 0x3E, 0x6B, 0x9E, 0x7F, 0x0F, 0x24, 0x0E, 0x94, 0x07, 0xAB, 0x03, 0x00, 0xAD,
    0x96, 0x31, 0x6C, 0xE3, 0xC8, 0x15, 0x40, 0x1F, 0xC9, 0x3D, 0x13, 0xD8, 0x09, 0x6E, 0x5C, 0x6C,
    0xB7, 0x58, 0x71, 0x0B, 0x17, 0x5B, 0x9C, 0xC4, 0xC6, 0x85, 0x16, 0x20, 0x45, 0xA6, 0xBE, 0x26,
    0x45, 0xAE, 0xBF, 0xBE, 0xC8, 0xBA, 0xD8, 0x42, 0x85, 0xD6, 0x64, 0xAA, 0x94, 0x71, 0x5F, 0x5D,
    0x91, 0xCA, 0x95, 0x02, 0xB8, 0x10, 0x0E, 0x76, 0x34, 0x48, 0x7A, 0x80, 0x40, 0x7A, 0x80, 0x08,
    0xD2, 0x06, 0x98, 0x20, 0x2C, 0xE8, 0x0D, 0x2D, 0x66, 0xBE, 0x07, 0x12, 0xAC, 0x4B, 0xB2, 0xC8,
    0xE6, 0xEE, 0x8B, 0xFF, 0x8B, 0x33, 0xFF, 0xFF, 0xF7, 0xE7, 0x8F, 0x24, 0x8E, 0x5E, 0xC0, 0x17,
    0x5C, 0x82, 0x2E, 0x0B, 0x48, 0x49, 0x4B, 0x72, 0x74, 0xCD, 0x0A, 0x65, 0xD8, 0x10, 0x8F, 0xA3,
    0x25, 0x12, 0x13, 0xDA, 0xA8, 0x81, 0x2E, 0x32, 0x30, 0xA8, 0x1A, 0x56, 0x1A, 0x58, 0x4C, 0x80,
    0x74, 0x0A, 0xE8, 0x95, 0x98, 0x0E, 0x88, 0x2D, 0x20, 0xB1, 0x5E, 0xDE, 0x35, 0x84, 0x63, 0x4F,
    0x54, 0x7E, 0x40, 0xF8, 0x90, 0x20, 0xC5, 0x38, 0xF9, 0x6D, 0xC9, 0x76, 0x2C, 0x23, 0x9B, 0x96,
    0xAA, 0xD6, 0xC8, 0x6B, 0x86, 0x26, 0x67, 0xE2, 0x74, 0xEA, 0x34, 0x73, 0x7A, 0x43, 0x11, 0xB6,
    0x24, 0x63, 0x4D, 0x7C, 0x0F, 0xE3, 0xD8, 0x8F, 0xE3, 0x00, 0xB7, 0x4F, 0xAF, 0x6A, 0x1C, 0xAA,
    0x1F, 0x4E, 0xCA, 0xE5, 0x22, 0x5D, 0x3C, 0xC0, 0x29, 0x27, 0x63, 0x7D, 0x43, 0x35, 0x7E, 0xB4,
    0xE1, 0x03, 0x5B, 0x13, 0xB7, 0xA4, 0xB5, 0xAE, 0xA9, 0x4C, 0x42, 0xF0, 0x8F, 0x36, 0x25, 0xFE,
    0xA3, 0x5D, 0x90, 0x04, 0xD6, 0xD5, 0x14, 0x63, 0x9D, 0x89, 0x9A, 0xD0, 0x2E, 0x74, 0x19, 0xB5,
    0x69, 0x4E, 0xD4, 0xE8, 0x0E, 0x65, 0x94, 0x4B, 0x2B, 0x75, 0x1F, 0xEC, 0x58, 0x6C, 0xC7, 0x8E,
    0xA5, 0xDA, 0x95, 0x9C, 0x02, 0x10, 0xD4, 0x38, 0x3F, 0xE8, 0x16, 0x12, 0x0B, 0x79, 0x07, 0xCB,
    0x1E, 0x6E, 0x6E, 0xC1, 0xF1, 0xC2, 0xB6, 0x20, 0x32, 0x09, 0xB1, 0xD1, 0xB5, 0x2E, 0xB5, 0xD1,
    0xEE, 0x6E, 0x46, 0xD4, 0x66, 0x44, 0x76, 0x45, 0xD0, 0x8D, 0xD2, 0x97, 0x5B, 0x6E, 0xE1, 0x0C,
    0x62, 0x48, 0x61, 0x41, 0x52, 0x93, 0xA1, 0x0D, 0xB7, 0xC4, 0x0D, 0x9D, 0x8B, 0x0F, 0xE4, 0x43,
    0x08, 0x5B, 0x02, 0xFF, 0x21, 0xC4, 0x35, 0xDC, 0xEA, 0x12, 0x16, 0x1A, 0x28, 0xA6, 0x40, 0xB2,
    0x02, 0x74, 0x0F, 0x28, 0x0B, 0x2E, 0x05, 0x08, 0x4B, 0xE0, 0xA5, 0x83, 0x22, 0xE4, 0xB8, 0x03,
    0x74, 0x0D, 0xA4, 0x00, 0x39, 0x80, 0x24, 0x51, 0x89, 0x57, 0x8C, 0x1F, 0x8A, 0x61, 0xC1, 0x3E,
    0x4E, 0x1B, 0x40, 0x72, 0x3D, 0xC5, 0xF3, 0xE0, 0x3B, 0x00, 0x7B, 0x84, 0x8F, 0x8C, 0xC3, 0xAB,
    0x92, 0x14, 0x2D, 0xF8, 0x89, 0xA0, 0xA6, 0xC7, 0xF8, 0x1B, 0x99, 0xB3, 0xB0, 0x08, 0x2C, 0xA4,
    0x61, 0x03, 0xFA, 0x4F, 0x06, 0xE2, 0x7F, 0x9A, 0x3D, 0x3E, 0x11, 0xA3, 0x01, 0x66, 0xEC, 0x65,
    0x3B, 0xEE, 0xD4, 0x38, 0xEE, 0xD2, 0x1A, 0x3E, 0x00, 0x1B, 0x1F, 0x3B, 0x88, 0xF6, 0xC0, 0x2D,
    0x70, 0x09, 0x88, 0x5F, 0xE2, 0x24, 0xBE, 0x18, 0xEF, 0x91, 0x0D, 0x15, 0x6E, 0x6C, 0x91, 0xA8,
    0x43, 0x5B, 0x09, 0x80, 0x2E, 0x65, 0xBB, 0xBD, 0x91, 0xE1, 0xC1, 0xA4, 0x87, 0xB8, 0x01, 0x69,
    0xDC, 0x53, 0x84, 0x47, 0x58, 0x03, 0x91, 0x20, 0x9F, 0xE0, 0xAD, 0x0B, 0x61, 0x29, 0xF8, 0x4C,
    0xD2, 0xA6, 0x82, 0x9F, 0x1C, 0xE3, 0xE3, 0x5A, 0x97, 0x2E, 0x4F, 0x4C, 0x93, 0x42, 0xD0, 0x5E,
    0x02, 0x7F, 0x17, 0xFC, 0x78, 0xC0, 0x3F, 0x00, 0x64, 0x4F, 0xFA, 0x96, 0x2E, 0x9C, 0x8E, 0x2D,
    0x84, 0x3D, 0xBE, 0xF3, 0x99, 0xF0, 0x44, 0x81, 0x14, 0xA4, 0x1E, 0x77, 0xE2, 0x97, 0x38, 0x89,
    0x1F, 0x9D, 0x74, 0xEF, 0x9C, 0xB9, 0x52, 0x86, 0x94, 0x9F, 0xDA, 0x24, 0x7F, 0xA5, 0xBA, 0x1A,
    0x87, 0x68, 0xB4, 0x00, 0xA4, 0xAE, 0x58, 0xE1, 0x54, 0x1B, 0x36, 0xB1, 0x65, 0x19, 0xF6, 0x9C,
    0xF3, 0x00, 0x14, 0x40, 0x52, 0x83, 0x6A, 0x20, 0xB2, 0x88, 0x0A, 0x80, 0xA4, 0x84, 0x1C, 0xE8,
    0x21, 0xB4, 0xBC, 0x88, 0x0D, 0x99, 0x2E, 0x59, 0x15, 0xDF, 0x7C, 0xD3, 0x57, 0x9E, 0x65, 0x01,
    0xF6, 0xBF, 0xEB, 0x0C, 0x96, 0xD0, 0x21, 0xDF, 0xFE, 0x86, 0xC8, 0xA0, 0x6A, 0x34, 0x4C, 0x10,
    0xCF, 0x4A, 0x3C, 0xFC, 0x9B, 0x47, 0xF0, 0x88, 0x7F, 0x06, 0x1A, 0x54, 0x29, 0xDE, 0xA8, 0x11,
    0x06, 0x56, 0x78, 0x47, 0xBE, 0xD8, 0x88, 0x3B, 0x68, 0x11, 0xDF, 0x46, 0x7C, 0x5E, 0xE6, 0x72,
    0x9D, 0xCD, 0xCF, 0x16, 0x6F, 0x07, 0x35, 0x36, 0xEC, 0x88, 0xC7, 0xA6, 0x78, 0xDB, 0x9F, 0xCF,
    0xDF, 0x78, 0x17, 0x70, 0x72, 0x95, 0x0E, 0xCB, 0x99, 0xD5, 0xF2, 0xDA, 0x4C, 0x8B, 0xFE, 0xA4,
    0x3E, 0xBD, 0xDB, 0xDD, 0x02, 0x2F, 0xF0, 0x9C, 0x15, 0xD0, 0x03, 0x16, 0xA4, 0x78, 0xD8, 0x22,
    0xEB, 0x90, 0x7A, 0xA8, 0x7A, 0x34, 0xBA, 0x74, 0x4A, 0xD4, 0x4E, 0x08, 0xED, 0xD4, 0x45, 0x64,
    0xD0, 0xAD, 0xA0, 0x97, 0x9F, 0x88, 0x85, 0xDC, 0x69, 0xD1, 0x42, 0x6A, 0x40, 0x8B, 0xD6, 0x70,
    0x02, 0x10, 0xA8, 0x76, 0x52, 0x0C, 0x1F, 0x6E, 0x26, 0xAD, 0x8D, 0x8D, 0x55, 0xA6, 0x9F, 0xDA,
    0xA2, 0xBB, 0x7C, 0x5E, 0x3F, 0x57, 0xAD, 0x6A, 0x8A, 0xBE, 0xEA, 0x36, 0x93, 0x76, 0x65, 0x55,
    0x9D, 0x39, 0x5F, 0xE6, 0xEE, 0x97, 0x45, 0xB7, 0xB5, 0x49, 0x93, 0x18, 0x80, 0xEC, 0x47, 0xE8,
    0x93, 0xEF, 0xDE, 0x7E, 0x8F, 0xE0, 0x16, 0x08, 0x3A, 0x20, 0x6A, 0xF1, 0x0B, 0x25, 0x05, 0xB8,
    0x93, 0xF9, 0x5E, 0xE6, 0xED, 0x61, 0xBE, 0x04, 0x2E, 0x01, 0x86, 0xFD, 0xBC, 0x6A, 0x80, 0xC4,
    0x31, 0x4D, 0x25, 0xC6, 0xFE, 0x37, 0xC9, 0x3E, 0x5B, 0xE0, 0x17, 0xFB, 0x22, 0x51, 0x07, 0xA8,
    0x01, 0xD0, 0x19, 0x90, 0xCC, 0x80, 0x69, 0x02, 0xC8, 0x77, 0x8F, 0xA5, 0xAA, 0xF1, 0x47, 0x9B,
    0x1C, 0x72, 0xA1, 0x3C, 0x69, 0xDD, 0xC0, 0x12, 0x1B, 0x36, 0xFE, 0x30, 0xD4, 0x90, 0x93, 0x42,
    0x4A, 0x0E, 0x1A, 0x39, 0x34, 0x59, 0x40, 0x42, 0x02, 0x33, 0x1C, 0x23, 0x47, 0xB9, 0x38, 0xC9,
    0xE8, 0x70, 0x0C, 0x4B, 0xD0, 0x86, 0xAD, 0xE7, 0x71, 0xE3, 0x66, 0x59, 0xA9, 0x5A, 0xAA, 0x01,
    0xB3, 0x04, 0xD0, 0xB9, 0x98, 0x15, 0x10, 0xF7, 0xFB, 0xF5, 0x85, 0x16, 0x78, 0x77, 0x2F, 0xE7,
    0xAD, 0xD1, 0xCD, 0x4B, 0x9B, 0x42, 0x97, 0xC3, 0x26, 0x83, 0x95, 0xD3, 0xEC, 0x73, 0xF4, 0x0D,
    0xBC, 0xF9, 0xCC, 0x9C, 0x95, 0xD4, 0x92, 0x9A, 0xBA, 0x89, 0xAD, 0xAC, 0x81, 0xEA, 0x01, 0x2F,
    0x7F, 0x80, 0xC8, 0x8D, 0xD5, 0x6F, 0x0C, 0xFA, 0xE7, 0x90, 0xF0, 0xE3, 0x35, 0x85, 0xD3, 0x19,
    0x2C, 0x33, 0xA8, 0x7A, 0x78, 0x79, 0x85, 0x17, 0xD5, 0x80, 0x6E, 0x41, 0x19, 0x3E, 0x25, 0x2B,
    0x77, 0xED, 0x60, 0xF7, 0x00, 0x0F, 0xA7, 0xE0, 0x2E, 0xB8, 0x73, 0x97, 0xCC, 0xC9, 0xF1, 0xCF,
    0xA7, 0x24, 0x36, 0xBE, 0x86, 0x6E, 0x20, 0x10, 0x90, 0x20, 0x00, 0xFF, 0xE3, 0x45, 0x40, 0xFD,
    0x8E, 0x70, 0xB8, 0x25, 0xE8, 0x3F, 0xBD, 0x08, 0x1F, 0xF7, 0xE0, 0xE2, 0x64, 0x11, 0xE1, 0xEF,
    0x78, 0x9D, 0x8C, 0xBF, 0xB6, 0x99, 0x1A, 0x9B, 0xD7, 0xFC, 0x0A, 0x80, 0xE0, 0x3B, 0x4E, 0xF5,
    0x58, 0xDA, 0xFC, 0xE5, 0xD8, 0x9C, 0xB1, 0x2D, 0x79, 0x22, 0xF2, 0xAC, 0x13, 0xFD, 0xE1, 0x38,
    0xB9, 0xFA, 0x59, 0xD5, 0x4F, 0xBB, 0x6A, 0xF8, 0x56, 0xB5, 0x5F, 0xF0, 0x2C, 0x6D, 0x5F, 0x55,
    0x43, 0xDE, 0x55, 0xBD, 0x1B, 0x9E, 0xC1, 0xB7, 0x12, 0x72, 0x32, 0xEE, 0x0E, 0xA8, 0x93, 0xED,
    0xC7, 0x52, 0xE6, 0xDE, 0x12, 0xAC, 0x01, 0x30, 0x84, 0xC6, 0x3F, 0x3F, 0x79, 0x05, 0x73, 0x58,
    0xE3, 0x87, 0x0A, 0x9E, 0x1F, 0x55, 0xFA, 0x5F, 0x56, 0x03, 0xAF, 0x09, 0x7B, 0xD2, 0x36, 0x7C,
    0x20, 0x6D, 0xB8, 0x44, 0xAC, 0xBB, 0x97, 0xB7, 0x78, 0x80, 0x25, 0x00, 0xF8, 0x0A, 0x67, 0xB0,
    0x80, 0xA4, 0x25, 0xD8, 0xC9, 0x1B, 0xE1, 0x20, 0xD7, 0xBB, 0x26, 0x7E, 0xA0, 0x68, 0xC8, 0xE1,
    0x69, 0x30, 0x5E, 0x38, 0xE3, 0x39, 0x12, 0xB6, 0x15, 0xA6, 0xEA, 0x04, 0xBE, 0x2D, 0xFD, 0x2D,
    0x15, 0xDA, 0x08, 0x29, 0xEE, 0x11, 0x66, 0x55, 0xFB, 0x81, 0xC4, 0x53, 0x01, 0x6F, 0x24, 0xF7,
    0x20, 0x32, 0x3E, 0x01, 0x8A, 0x5A, 0xB7, 0x10, 0xF7, 0xB2, 0x0A, 0x97, 0x93, 0x1C, 0x06, 0x0C,
    0x14, 0x25, 0xAA, 0x93, 0xF5, 0x6F, 0xCB, 0xB4, 0xF1, 0xB7, 0x6E, 0x4E, 0xB7, 0xC7, 0xAC, 0x4A,
    0x36, 0xB8, 0x92, 0xF6, 0xA5, 0x14, 0xC7, 0x7F, 0x87, 0x10, 0x53, 0x8A, 0x39, 0xCC, 0x2D, 0x7C,
    0x9C, 0x64, 0xF8, 0x5C, 0xA0, 0x05, 0x02, 0x31, 0x91, 0xF1, 0x06, 0x77, 0x2C, 0x97, 0xD1, 0xE8,
    0x8C, 0x6E, 0x34, 0xA4, 0x4C, 0x24, 0x31, 0x87, 0xCC, 0x9F, 0x66, 0x4B, 0xB9, 0xEB, 0x20, 0xC7,
    0x42, 0x2A, 0xA9, 0xFA, 0xCF, 0x0D, 0x3C, 0x66, 0x20, 0xB9, 0xA8, 0x7D, 0x55, 0x49, 0x85, 0x29,
    0xC0, 0x0B, 0xF6, 0xE2, 0xC7, 0xD9, 0xC1, 0x2C, 0x8F, 0xFA, 0x08, 0xFE, 0x32, 0x40, 0xD8, 0x2C,
    0x64, 0x29, 0x29, 0xC4, 0xB5, 0xC6, 0xF1, 0x74, 0x89, 0x46, 0x0B, 0x2F, 0x95, 0xFC, 0x05, 0x64,
    0xC7, 0x7D, 0x58, 0xDF, 0x85, 0xA4, 0xEE, 0x5B, 0x01, 0x38, 0x6A, 0xE6, 0xE9, 0x2E, 0xF8, 0xD2,
    0x2B, 0x7F, 0x77, 0xBC, 0x6F, 0x0D, 0x47, 0xCD, 0x1C, 0x24, 0x95, 0xB9, 0x47, 0x33, 0x8E, 0xF7,
    0xB8, 0xF7, 0x06, 0xE2, 0x0E, 0x18, 0x80, 0x5C, 0x18, 0x4F, 0x54, 0xC6, 0x83, 0xF8, 0x25, 0x4E,
    0xE2, 0xF7, 0xB2, 0xFF, 0x3F, 0xC8, 0xC9, 0xF7, 0x48, 0xE3, 0x96, 0xB0, 0x5D, 0x7F, 0x40, 0x95,
    0x6B, 0x55, 0xBE, 0x62, 0x1D, 0x99, 0x8C, 0x35, 0xED, 0xB9, 0x33, 0xF6, 0xC2, 0x99, 0x8B, 0xEF,
    0xAF, 0x3F, 0x5E, 0xAF, 0xB7, 0x2E, 0xA3, 0x5B, 0xCB, 0x50, 0xE6, 0xD6, 0x73, 0x09, 0xF9, 0x8A,
    0x75, 0xD0, 0x7C, 0xE9, 0x32, 0xEA, 0xD8, 0xAC, 0x13, 0xB8, 0xFF, 0x7D, 0x0F, 0xC9, 0x78, 0x85,
    0x97, 0xE0, 0x97, 0x48, 0xF3, 0x0D, 0x61, 0x17, 0xF4, 0xE8, 0x92, 0x84, 0x29, 0x44, 0xF5, 0x1C,
    0x02, 0xB3, 0x06, 0x5A, 0x0B, 0xAC, 0x3F, 0x5E, 0x5F, 0x5F, 0xDB, 0xD1, 0x89, 0x6D, 0x65, 0x68,
    0x41, 0xEA, 0x42, 0x3B, 0x87, 0xD0, 0x4C, 0x21, 0xAE, 0x95, 0xE4, 0x0A, 0xC5, 0xF3, 0x3C, 0x19,
    0x31, 0xE9, 0xD8, 0x12, 0xDC, 0x07, 0x77, 0xC4, 0x06, 0x2D, 0x1B, 0x9C, 0x9A, 0xAF, 0x6E, 0xD8,
    0xB4, 0xF3, 0xA9, 0xEB, 0xE9, 0x42, 0x7D, 0x5D, 0xBF, 0xBF, 0x08, 0x77, 0x9C, 0xAF, 0x19, 0x98,
    0x5F, 0x84, 0x7F, 0xE3, 0xFC, 0xBD, 0xFA, 0xBA, 0x3C, 0x7F, 0xF4, 0x3E, 0xC6, 0x3D, 0x66, 0x3C,
    0xE6, 0x3A, 0xF8, 0x9D, 0xE7, 0xC1, 0x7F, 0xC0, 0xD7, 0x2E, 0xE4, 0x4B, 0x04, 0x8F, 0xE0, 0x71,
    0x80, 0xF7, 0x28, 0x87, 0x67, 0x26, 0xF8, 0x8D, 0xE0, 0x5B, 0xC1, 0xD7, 0xBC, 0x9F, 0xCF, 0x40,
    0xF0, 0x08, 0x3E, 0x14, 0xBC, 0x2A, 0x85, 0x72, 0x84, 0x07, 0xF4, 0xFF, 0xAB, 0x25, 0xB2, 0x5D,
    0xA2, 0xF2, 0x28, 0x7E, 0xC6, 0x33, 0x02, 0x2A, 0xD2, 0x52, 0x9B, 0x2D, 0x45, 0x9D, 0x98, 0x9C,
    0x14, 0x5D, 0xFF, 0x0B, 0xAD, 0x90, 0xC1, 0x4D, 0x03, 0x31, 0x10, 0x45, 0xBF, 0x1D, 0xB4, 0x39,
    0xEC, 0x61, 0x4B, 0x48, 0x05, 0x68, 0xAF, 0x1C, 0x10, 0x71, 0x29, 0xE9, 0x80, 0x0A, 0x90, 0x23,
    0x2A, 0xA0, 0x14, 0x1A, 0x40, 0x59, 0x41, 0x03, 0xDB, 0x01, 0xEE, 0x00, 0x1F, 0x7C, 0x70, 0x22,
    0xAF, 0x87, 0x2F, 0x0F, 0x0A, 0xD7, 0x10, 0x71, 0x79, 0x23, 0x8D, 0xC7, 0x33, 0x4F, 0x1F, 0x5D,
    0xED, 0x2A, 0xB0, 0x95, 0x2F, 0x71, 0x28, 0xB6, 0x74, 0x30, 0x11, 0x09, 0x58, 0x45, 0x13, 0xC9,
    0x60, 0xC9, 0x51, 0x44, 0x12, 0x3C, 0x19, 0xB5, 0xF3, 0x67, 0xF6, 0x79, 0x5D, 0x1D, 0x7C, 0x1D,
    0x65, 0x02, 0x3A, 0x5E, 0xE2, 0xC1, 0x00, 0x94, 0x55, 0x04, 0x9F, 0x67, 0x4E, 0x01, 0x0A, 0xDE,
    0x8A, 0xF0, 0xE7, 0x4B, 0x97, 0x82, 0x07, 0x4E, 0x6D, 0xBF, 0x83, 0x95, 0xA6, 0x4C, 0xBC, 0xF1,
    0xC1, 0x24, 0xC2, 0xC6, 0x9F, 0x39, 0xF6, 0xDF, 0xB9, 0x9E, 0xB8, 0x7A, 0x7D, 0x57, 0xAD, 0xBC,
    0x68, 0x60, 0x09, 0x4C, 0x6C, 0x31, 0x59, 0x23, 0xDB, 0x69, 0x66, 0xD0, 0x1F, 0x9A, 0x9A, 0x64,
    0x78, 0x2D, 0xAD, 0x79, 0x7D, 0xA1, 0xC0, 0xD1, 0xD6, 0xA6, 0x30, 0x34, 0x09, 0x73, 0xC8, 0xA0,
    0xC4, 0xA7, 0xB0, 0x14, 0xBE, 0x34, 0x89, 0xC2, 0x42, 0x89, 0x74, 0xFE, 0xD7, 0x24, 0x82, 0x4A,
    0xCC, 0xFF, 0x21, 0x71, 0xB2, 0xD5, 0xA9, 0xC4, 0x84, 0x4D, 0x00, 0x70, 0x28, 0x60, 0xC6, 0x77,
    0x00, 0x27, 0x5E, 0x7F, 0x13, 0x6B, 0x87, 0x93, 0x27, 0xE2, 0xE5, 0x41, 0x9B, 0x7C, 0xB3, 0x59,
    0x20, 0xC5, 0x57, 0xF8, 0x00, 0x23, 0x7B, 0x00, 0x83, 0x24, 0x72, 0x34, 0x85, 0xBC, 0xC7, 0x53,
    0xE3, 0x03, 0x79, 0x4B, 0xA2, 0x97, 0x67, 0x11, 0xA6, 0xF0, 0x21, 0x15, 0x65, 0x3D, 0xB1, 0x93,
    0xAD, 0x23, 0x17, 0x80, 0xE4, 0x0E, 0x72, 0xA8, 0x24, 0x3D, 0x27, 0x72, 0xD7, 0xCF, 0x24, 0x8D,
    0xC8, 0xDC, 0xCF, 0x5B, 0x40, 0x64, 0x3F, 0x8A, 0x7B, 0x3C, 0xA2, 0x5F, 0xF0, 0x0D, 0x1D, 0xC9,
    0xA1, 0x19, 0x02, 0x31, 0x0C, 0x80, 0xD1, 0xFF, 0x6A, 0x2A, 0x10, 0x8C, 0xD0, 0x09, 0x20, 0x1B,
    0x40, 0x87, 0xC2, 0xD3, 0xB1, 0x10, 0x7C, 0x5F, 0x57, 0xB8, 0x11, 0x32, 0x02, 0x02, 0x11, 0xC1,
    0x35, 0xB4, 0x51, 0x4F, 0x3C, 0xA0, 0x02, 0xB0, 0x69, 0x90, 0x2D, 0x28, 0x23, 0x78, 0x94, 0xB6,
    0x6A, 0x8F, 0xCC, 0x7B, 0x7D, 0xAD, 0x72, 0xBB, 0x01, 0x4F, 0x3F, 0xA4, 0xB1, 0xB9, 0x8F, 0xA2,
    0xE4, 0x85, 0xCD, 0x72, 0x95, 0x81, 0xB8, 0x71, 0x1F, 0x9C, 0xFC, 0x93, 0xDC, 0x48, 0xFE, 0x15,
    0x57, 0xE8, 0xD6, 0xBD, 0x81, 0xFC, 0xFA, 0x80, 0x99, 0xB3, 0x20, 0x1D, 0xA2, 0x00, 0xEF, 0x73,
    0x5B, 0x5C, 0xAE, 0xB0, 0xD2, 0x82, 0xA4, 0x01, 0x15, 0xF8, 0x03,
};

static const EpdGlyph bookerly_12_regularGlyphs[] = {
    { 0, 0, 0, 0, 0, 0, 0 }, // U+0000
    { 0, 0, 0, 0, 0, 0, 0 }, // U+0008
    { 0, 0, 86, 0, 0, 0, 0 }, // U+0009
    { 0, 0, 86, 0, 0, 0, 0 }, // U+000D
    { 0, 0, 0, 0, 0, 0, 0 }, // U+001D
    { 0, 0, 86, 0, 0, 0, 0 }, // U+0020
    { 3, 19, 109, 2, 19, 15, 0 }, // !
    { 7, 8, 147, 1, 17, 14, 15 }, // "
    { 16, 15, 249, 0, 14, 60, 29 }, // #
    { 12, 25, 249, 2, 19, 75, 89 }, // $
    { 22, 19, 388, 1, 18, 105, 164 }, // %
    { 19, 17, 322, 1, 17, 81, 269 }, // &
    { 3, 8, 78, 1, 17, 6, 350 }, // '
    { 8, 25, 146, 1, 20, 50, 356 }, // (
    { 8, 25, 146, 1, 20, 50, 406 }, // )
    { 9, 8, 149, 0, 17, 18, 456 }, // *
    { 10, 11, 249, 3, 14, 28, 474 }, // +
    { 5, 8, 109, 0, 3, 10, 502 }, // ,
    { 8, 2, 150, 1, 7, 4, 512 }, // -
    { 4, 3, 109, 2, 3, 3, 516 }, // .
    { 12, 19, 196, 0, 18, 57, 519 }, // /
    { 13, 17, 249, 1, 17, 56, 576 }, // 0
    { 10, 17, 249, 3, 17, 43, 632 }, // 1
    { 12, 17, 249, 2, 17, 51, 675 }, // 2
    { 11, 17, 249, 2, 17, 47, 726 }, // 3
    { 14, 17, 249, 1, 17, 60, 773 }, // 4
    { 12, 17, 249, 1, 17, 51, 833 }, // 5
    { 12, 17, 249, 2, 17, 51, 884 }, // 6
    { 12, 17, 249, 3, 17, 51, 935 }, // 7
    { 12, 17, 249, 2, 17, 51, 986 }, // 8
    { 13, 17, 249, 1, 17, 56, 1037 }, // 9
    { 4, 13, 109, 2, 13, 13, 1093 }, // :
    { 6, 17, 109, 0, 13, 26, 1106 }, // ;
    { 11, 12, 249, 3, 14, 33, 1132 }, // <
    { 10, 6, 249, 3, 11, 15, 1165 }, // =
    { 11, 12, 249, 2, 14, 33, 1180 }, // >
    { 9, 17, 190, 1, 17, 39, 1213 }, // ?
    { 22, 22, 382, 1, 17, 121, 1252 }, // @
    { 19, 17, 297, -1, 17, 81, 1373 }, // A
    { 15, 17, 248, 0, 17, 64, 1454 }, // B
    { 14, 17, 257, 1, 17, 60, 1518 }, // C
    { 17, 17, 300, 0, 17, 73, 1578 }, // D
    { 15, 17, 252, 0, 17, 64, 1651 }, // E
    { 13, 17, 228, 0, 17, 56, 1715 }, // F
    { 16, 17, 290, 1, 17, 68, 1771 }, // G
    { 20, 17, 334, 1, 17, 85, 1839 }, // H
    { 8, 17, 151, 0, 17, 34, 1924 }, // I
    { 11, 22, 145, -2, 17, 61, 1958 }, // J
    { 18, 17, 291, 1, 17, 77, 2019 }, // K
    { 15, 17, 241, 1, 17, 64, 2096 }, // L
    { 22, 17, 358, 0, 17, 94, 2160 }, // M
    { 20, 18, 326, 0, 17, 90, 2254 }, // N
    { 17, 17, 311, 1, 17, 73, 2344 }, // O
    { 14, 17, 237, 0, 17, 60, 2417 }, // P
    { 19, 22, 311, 1, 17, 105, 2477 }, // Q
    { 17, 17, 271, 0, 17, 73, 2582 }, // R
    { 12, 17, 220, 1, 17, 51, 2655 }, // S
    { 15, 17, 274, 1, 17, 64, 2706 }, // T
    { 20, 17, 309, 0, 17, 85, 2770 }, // U
    { 19, 17, 294, 0, 17, 81, 2855 }, // V
    { 28, 17, 443, 0, 17, 119, 2936 }, // W
    { 18, 17, 290, 0, 17, 77, 3055 }, // X
    { 18, 17, 274, -1, 17, 77, 3132 }, // Y
    { 14, 18, 237, 0, 17, 63, 3209 }, // Z
    { 6, 24, 123, 2, 19, 36, 3272 }, // [
    { 12, 19, 196, 0, 18, 57, 3308 }, // <backslash>
    { 6, 24, 123, 1, 19, 36, 3365 }, // ]
    { 12, 11, 249, 2, 16, 33, 3401 }, // ^
    { 13, 2, 200, 0, -1, 7, 3434 }, // _
    { 6, 7, 268, 6, 21, 11, 3441 }, // `
    { 13, 13, 220, 1, 13, 43, 3452 }, // a
    { 15, 19, 239, -1, 19, 72, 3495 }, // b
    { 11, 13, 203, 1, 13, 36, 3567 }, // c
    { 15, 19, 249, 1, 19, 72, 3603 }, // d
    { 11, 13, 208, 1, 13, 36, 3675 }, // e
    { 12, 19, 162, 0, 19, 57, 3711 }, // f
    { 14, 19, 232, 1, 13, 67, 3768 }, // g
    { 17, 19, 264, 0, 19, 81, 3835 }, // h
    { 9, 19, 132, -1, 19, 43, 3916 }, // i
    { 8, 25, 115, -2, 19, 50, 3959 }, // j
    { 16, 19, 242, 0, 19, 76, 4009 }, // k
    { 9, 19, 130, 0, 19, 43, 4085 }, // l
    { 25, 13, 399, 0, 13, 82, 4128 }, // m
    { 17, 13, 268, 0, 13, 56, 4210 }, // n
    { 13, 13, 238, 1, 13, 43, 4266 }, // o
    { 15, 19, 245, 0, 13, 72, 4309 }, // p
    { 14, 19, 237, 1, 13, 67, 4381 }, // q
    { 11, 13, 184, 0, 13, 36, 4448 }, // r
    { 10, 13, 192, 1, 13, 33, 4484 }, // s
    { 11, 17, 164, -1, 17, 47, 4517 }, // t
    { 17, 13, 260, -1, 13, 56, 4564 }, // u
    { 15, 13, 240, 0, 13, 49, 4620 }, // v
    { 22, 13, 356, 0, 13, 72, 4669 }, // w
    { 15, 13, 237, 0, 13, 49, 4741 }, // x
    { 15, 19, 240, 0, 13, 72, 4790 }, // y
    { 12, 13, 201, 0, 13, 39, 4862 }, // z
    { 7, 24, 154, 2, 20, 42, 4901 }, // {
    { 2, 22, 109, 2, 19, 11, 4943 }, // |
    { 8, 24, 154, 0, 20, 48, 4954 }, // }
    { 12, 4, 249, 2, 10, 12, 5002 }, // ~
    { 0, 0, 86, 0, 0, 0, 0 }, // U+00A0
    { 4, 19, 109, 1, 13, 19, 0 }, // U+00A1
    { 12, 25, 249, 2, 20, 75, 19 }, // U+00A2
    { 13, 17, 249, 1, 17, 56, 94 }, // U+00A3
    { 14, 13, 249, 1, 15, 46, 150 }, // U+00A4
    { 16, 17, 249, 0, 17, 68, 196 }, // U+00A5
    { 2, 22, 109, 2, 19, 11, 264 }, // U+00A6
    { 11, 20, 204, 1, 17, 55, 275 }, // U+00A7
    { 8, 3, 268, 4, 18, 6, 330 }, // U+00A8
    { 18, 18, 313, 1, 18, 81, 336 }, // U+00A9
    { 9, 12, 178, 2, 18, 27, 417 }, // U+00AA
    { 13, 9, 210, 1, 11, 30, 444 }, // U+00AB
    { 11, 6, 249, 2, 11, 17, 474 }, // U+00AC
    { 8, 2, 150, 1, 7, 4, 491 }, // U+00AD
    { 14, 13, 233, 0, 19, 46, 495 }, // U+00AE
    { 9, 2, 268, 4, 18, 5, 541 }, // U+00AF
    { 8, 8, 211, 3, 17, 16, 546 }, // U+00B0
    { 10, 15, 249, 3, 15, 38, 562 }, // U+00B1
    { 8, 11, 179, 2, 20, 22, 600 }, // U+00B2
    { 8, 11, 179, 2, 20, 22, 622 }, // U+00B3
    { 5, 7, 268, 6, 21, 9, 644 }, // U+00B4
    { 15, 20, 267, 2, 14, 75, 653 }, // U+00B5
    { 14, 21, 218, 0, 17, 74, 728 }, // U+00B6
    { 4, 3, 109, 2, 8, 3, 802 }, // U+00B7
    { 6, 6, 268, 5, -1, 9, 805 }, // U+00B8
    { 8, 12, 179, 2, 21, 24, 814 }, // U+00B9
    { 9, 12, 182, 2, 18, 27, 838 }, // U+00BA
    { 13, 9, 210, 1, 11, 30, 865 }, // U+00BB
    { 24, 20, 430, 2, 18, 120, 895 }, // U+00BC
    { 24, 20, 430, 2, 18, 120, 1015 }, // U+00BD
    { 25, 20, 430, 1, 18, 125, 1135 }, // U+00BE
    { 9, 19, 190, 1, 13, 43, 1260 }, // U+00BF
    { 19, 24, 297, -1, 24, 114, 1303 }, // U+00C0
    { 19, 24, 297, 0, 24, 114, 1417 }, // U+00C1
    { 19, 24, 297, -1, 24, 114, 1531 }, // U+00C2
    { 19, 23, 297, 0, 23, 110, 1645 }, // U+00C3
    { 19, 22, 297, 0, 22, 105, 1755 }, // U+00C4
    { 19, 24, 297, 0, 24, 114, 1860 }, // U+00C5
    { 23, 17, 372, 0, 17, 98, 1974 }, // U+00C6
    { 14, 23, 257, 1, 17, 81, 2072 }, // U+00C7
    { 15, 24, 252, 0, 24, 90, 2153 }, // U+00C8
    { 15, 24, 252, 0, 24, 90, 2243 }, // U+00C9
    { 15, 24, 252, 0, 24, 90, 2333 }, // U+00CA
    { 15, 22, 252, 0, 22, 83, 2423 }, // U+00CB
    { 8, 24, 151, 0, 24, 48, 2506 }, // U+00CC
    { 8, 24, 151, 0, 24, 48, 2554 }, // U+00CD
    { 9, 24, 151, 0, 24, 54, 2602 }, // U+00CE
    { 9, 22, 151, 1, 22, 50, 2656 }, // U+00CF
    { 17, 17, 300, 1, 17, 73, 2706 }, // U+00D0
    { 20, 24, 326, 0, 23, 120, 2779 }, // U+00D1
    { 17, 24, 311, 1, 24, 102, 2899 }, // U+00D2
    { 17, 24, 311, 1, 24, 102, 3001 }, // U+00D3
    { 17, 24, 311, 1, 24, 102, 3103 }, // U+00D4
    { 17, 23, 311, 1, 23, 98, 3205 }, // U+00D5
    { 17, 23, 311, 1, 23, 98, 3303 }, // U+00D6
    { 10, 11, 249, 3, 14, 28, 3401 }, // U+00D7
    { 19, 17, 311, 0, 17, 81, 3429 }, // U+00D8
    { 20, 24, 309, 0, 24, 120, 3510 }, // U+00D9
    { 20, 24, 309, 0, 24, 120, 0 }, // U+00DA
    { 20, 24, 309, 0, 24, 120, 120 }, // U+00DB
    { 20, 23, 309, 0, 23, 115, 240 }, // U+00DC
    { 17, 24, 274, 0, 24, 102, 355 }, // U+00DD
    { 14, 17, 249, 1, 17, 60, 457 }, // U+00DE
    { 16, 19, 260, 0, 19, 76, 517 }, // U+00DF
    { 13, 21, 220, 1, 21, 69, 593 }, // U+00E0
    { 13, 21, 220, 1, 21, 69, 662 }, // U+00E1
    { 13, 20, 220, 1, 20, 65, 731 }, // U+00E2
    { 13, 19, 220, 1, 19, 62, 796 }, // U+00E3
    { 13, 19, 220, 1, 19, 62, 858 }, // U+00E4
    { 13, 21, 220, 1, 21, 69, 920 }, // U+00E5
    { 18, 13, 326, 1, 13, 59, 989 }, // U+00E6
    { 11, 19, 203, 1, 13, 53, 1048 }, // U+00E7
    { 11, 21, 208, 1, 21, 58, 1101 }, // U+00E8
    { 11, 21, 208, 1, 21, 58, 1159 }, // U+00E9
    { 11, 21, 208, 1, 21, 58, 1217 }, // U+00EA
    { 11, 19, 208, 1, 19, 53, 1275 }, // U+00EB
    { 8, 21, 132, 0, 21, 42, 1328 }, // U+00EC
    { 8, 21, 132, 0, 21, 42, 1370 }, // U+00ED
    { 8, 20, 132, 0, 20, 40, 1412 }, // U+00EE
    { 8, 18, 132, 0, 18, 36, 1452 }, // U+00EF
    { 13, 20, 238, 1, 20, 65, 1488 }, // U+00F0
    { 17, 19, 268, 0, 19, 81, 1553 }, // U+00F1
    { 13, 21, 238, 1, 21, 69, 1634 }, // U+00F2
    { 13, 21, 238, 1, 21, 69, 1703 }, // U+00F3
    { 13, 21, 238, 1, 21, 69, 1772 }, // U+00F4
    { 13, 19, 238, 1, 19, 62, 1841 }, // U+00F5
    { 13, 19, 238, 1, 19, 62, 1903 }, // U+00F6
    { 10, 11, 249, 3, 14, 28, 1965 }, // U+00F7
    { 15, 13, 238, 0, 13, 49, 1993 }, // U+00F8
    { 17, 21, 260, -1, 21, 90, 2042 }, // U+00F9
    { 17, 21, 260, -1, 21, 90, 2132 }, // U+00FA
    { 17, 21, 260, -1, 21, 90, 2222 }, // U+00FB
    { 17, 19, 260, -1, 19, 81, 2312 }, // U+00FC
    { 15, 27, 240, 1, 21, 102, 2393 }, // U+00FD
    { 15, 25, 248, 0, 19, 94, 2495 }, // U+00FE
    { 15, 24, 240, 0, 18, 90, 2589 }, // U+00FF
    { 19, 22, 297, -1, 22, 105, 0 }, // U+0100
    { 13, 17, 220, 1, 17, 56, 105 }, // U+0101
    { 19, 24, 297, 0, 24, 114, 161 }, // U+0102
    { 13, 20, 220, 1, 20, 65, 275 }, // U+0103
    { 19, 23, 297, 0, 17, 110, 340 }, // U+0104
    { 13, 19, 220, 1, 13, 62, 450 }, // U+0105
    { 14, 24, 257, 1, 24, 84, 512 }, // U+0106
    { 11, 21, 203, 1, 21, 58, 596 }, // U+0107
    { 14, 24, 257, 1, 24, 84, 654 }, // U+0108
    { 11, 21, 203, 1, 21, 58, 738 }, // U+0109
    { 14, 23, 257, 1, 23, 81, 796 }, // U+010A
    { 11, 19, 203, 1, 19, 53, 877 }, // U+010B
    { 14, 24, 257, 1, 24, 84, 930 }, // U+010C
    { 11, 20, 203, 1, 20, 55, 1014 }, // U+010D
    { 17, 24, 300, 0, 24, 102, 1069 }, // U+010E
    { 17, 19, 257, 1, 19, 81, 1171 }, // U+010F
    { 17, 17, 300, 1, 17, 73, 1252 }, // U+0110
    { 15, 19, 249, 1, 19, 72, 1325 }, // U+0111
    { 15, 22, 252, 0, 22, 83, 1397 }, // U+0112
    { 11, 17, 208, 1, 17, 47, 1480 }, // U+0113
    { 15, 24, 252, 0, 24, 90, 1527 }, // U+0114
    { 11, 20, 208, 1, 20, 55, 1617 }, // U+0115
    { 15, 23, 252, 0, 23, 87, 1672 }, // U+0116
    { 11, 19, 208, 1, 19, 53, 1759 }, // U+0117
    { 15, 23, 252, 0, 17, 87, 1812 }, // U+0118
    { 11, 19, 208, 1, 13, 53, 1899 }, // U+0119
    { 15, 24, 252, 0, 24, 90, 1952 }, // U+011A
    { 11, 20, 208, 1, 20, 55, 2042 }, // U+011B
    { 16, 24, 290, 1, 24, 96, 2097 }, // U+011C
    { 14, 26, 232, 1, 20, 91, 2193 }, // U+011D
    { 16, 24, 290, 1, 24, 96, 2284 }, // U+011E
    { 14, 26, 232, 1, 20, 91, 2380 }, // U+011F
    { 16, 23, 290, 1, 23, 92, 2471 }, // U+0120
    { 14, 25, 232, 1, 19, 88, 2563 }, // U+0121
    { 16, 23, 290, 1, 17, 92, 2651 }, // U+0122
    { 14, 27, 232, 1, 21, 95, 2743 }, // U+0123
    { 20, 24, 334, 1, 24, 120, 2838 }, // U+0124
    { 17, 26, 264, 0, 26, 111, 2958 }, // U+0125
    { 20, 17, 334, 1, 17, 85, 3069 }, // U+0126
    { 17, 19, 264, 0, 19, 81, 3154 }, // U+0127
    { 8, 23, 151, 1, 23, 46, 3235 }, // U+0128
    { 8, 19, 132, 1, 19, 38, 3281 }, // U+0129
    { 9, 22, 151, 0, 22, 50, 3319 }, // U+012A
    { 10, 17, 132, -1, 17, 43, 3369 }, // U+012B
    { 8, 24, 151, 1, 24, 48, 3412 }, // U+012C
    { 8, 20, 132, 1, 20, 40, 3460 }, // U+012D
    { 8, 23, 151, 1, 17, 46, 3500 }, // U+012E
    { 9, 25, 132, -1, 19, 57, 3546 }, // U+012F
    { 8, 23, 151, 1, 23, 46, 3603 }, // U+0130
    { 8, 13, 132, 0, 13, 26, 3649 }, // U+0131
    { 18, 22, 288, 0, 17, 99, 0 }, // U+0132
    { 14, 25, 243, -1, 19, 88, 99 }, // U+0133
    { 11, 29, 145, -2, 24, 80, 187 }, // U+0134
    { 9, 26, 115, -1, 20, 59, 267 }, // U+0135
    { 18, 23, 291, 1, 17, 104, 326 }, // U+0136
    { 16, 25, 242, 0, 19, 100, 430 }, // U+0137
    { 16, 13, 246, 0, 13, 52, 530 }, // U+0138
    { 15, 24, 241, 1, 24, 90, 582 }, // U+0139
    { 9, 25, 130, 0, 25, 57, 672 }, // U+013A
    { 15, 23, 241, 1, 17, 87, 729 }, // U+013B
    { 8, 25, 130, 0, 19, 50, 816 }, // U+013C
    { 15, 19, 241, 1, 19, 72, 866 }, // U+013D
    { 10, 19, 138, 0, 19, 48, 938 }, // U+013E
    { 15, 17, 241, 1, 17, 64, 986 }, // U+013F
    { 12, 19, 187, 0, 19, 57, 1050 }, // U+0140
    { 16, 17, 241, 0, 17, 68, 1107 }, // U+0141
    { 10, 19, 130, -1, 19, 48, 1175 }, // U+0142
    { 20, 25, 326, 0, 24, 125, 1223 }, // U+0143
    { 17, 21, 268, 0, 21, 90, 1348 }, // U+0144
    { 20, 23, 326, 0, 17, 115, 1438 }, // U+0145
    { 17, 19, 268, 0, 13, 81, 1553 }, // U+0146
    { 20, 25, 326, 0, 24, 125, 1634 }, // U+0147
    { 17, 20, 268, 0, 20, 85, 1759 }, // U+0148
    { 22, 18, 362, 0, 18, 99, 1844 }, // U+0149
    { 20, 22, 326, 0, 17, 110, 1943 }, // U+014A
    { 14, 19, 257, 0, 13, 67, 2053 }, // U+014B
    { 17, 22, 311, 1, 22, 94, 2120 }, // U+014C
    { 13, 17, 238, 1, 17, 56, 2214 }, // U+014D
    { 17, 24, 311, 1, 24, 102, 2270 }, // U+014E
    { 13, 20, 238, 1, 20, 65, 2372 }, // U+014F
    { 17, 24, 311, 1, 24, 102, 2437 }, // U+0150
    { 13, 20, 238, 1, 20, 65, 2539 }, // U+0151
    { 22, 17, 387, 1, 17, 94, 2604 }, // U+0152
    { 21, 13, 363, 1, 13, 69, 2698 }, // U+0153
    { 17, 24, 271, 0, 24, 102, 2767 }, // U+0154
    { 11, 21, 184, 0, 21, 58, 2869 }, // U+0155
    { 17, 23, 271, 0, 17, 98, 2927 }, // U+0156
    { 11, 19, 184, 0, 13, 53, 3025 }, // U+0157
    { 17, 24, 271, 0, 24, 102, 3078 }, // U+0158
    { 11, 20, 184, 0, 20, 55, 3180 }, // U+0159
    { 12, 24, 220, 1, 24, 72, 3235 }, // U+015A
    { 10, 21, 192, 1, 21, 53, 3307 }, // U+015B
    { 12, 24, 220, 1, 24, 72, 3360 }, // U+015C
    { 10, 21, 192, 1, 21, 53, 3432 }, // U+015D
    { 12, 23, 220, 1, 17, 69, 3485 }, // U+015E
    { 10, 19, 192, 1, 13, 48, 3554 }, // U+015F
    { 12, 24, 220, 1, 24, 72, 3602 }, // U+0160
    { 10, 20, 192, 1, 20, 50, 0 }, // U+0161
    { 15, 24, 274, 1, 17, 90, 50 }, // U+0162
    { 11, 23, 164, -1, 17, 64, 140 }, // U+0163
    { 15, 24, 274, 1, 24, 90, 204 }, // U+0164
    { 11, 19, 164, -1, 19, 53, 294 }, // U+0165
    { 16, 17, 274, 0, 17, 68, 347 }, // U+0166
    { 11, 17, 164, 0, 17, 47, 415 }, // U+0167
    { 20, 23, 309, 0, 23, 115, 462 }, // U+0168
    { 17, 19, 260, -1, 19, 81, 577 }, // U+0169
    { 20, 22, 309, 0, 22, 110, 658 }, // U+016A
    { 17, 17, 260, -1, 17, 73, 768 }, // U+016B
    { 20, 24, 309, 0, 24, 120, 841 }, // U+016C
    { 17, 20, 260, -1, 20, 85, 961 }, // U+016D
    { 20, 25, 309, 0, 25, 125, 1046 }, // U+016E
    { 17, 21, 260, -1, 21, 90, 1171 }, // U+016F
    { 20, 24, 309, 0, 24, 120, 1261 }, // U+0170
    { 17, 21, 260, -1, 21, 90, 1381 }, // U+0171
    { 20, 23, 309, 0, 17, 115, 1471 }, // U+0172
    { 17, 19, 260, -1, 13, 81, 1586 }, // U+0173
    { 28, 24, 443, 0, 24, 168, 1667 }, // U+0174
    { 23, 20, 356, 0, 20, 115, 1835 }, // U+0175
    { 18, 24, 274, -1, 24, 108, 1950 }, // U+0176
    { 15, 26, 240, 1, 20, 98, 2058 }, // U+0177
    { 18, 22, 274, 0, 22, 99, 2156 }, // U+0178
    { 14, 25, 237, 0, 24, 88, 2255 }, // U+0179
    { 12, 21, 201, 0, 21, 63, 2343 }, // U+017A
    { 15, 24, 237, -1, 23, 90, 2406 }, // U+017B
    { 12, 19, 201, 0, 19, 57, 2496 }, // U+017C
    { 14, 25, 237, 0, 24, 88, 2553 }, // U+017D
    { 12, 20, 201, 0, 20, 60, 2641 }, // U+017E
    { 12, 19, 162, 0, 19, 57, 2701 }, // U+017F
    { 19, 21, 311, 1, 21, 100, 0 }, // U+01A0
    { 14, 16, 238, 1, 16, 56, 100 }, // U+01A1
    { 20, 21, 309, 0, 21, 105, 156 }, // U+01AF
    { 17, 16, 260, -1, 16, 68, 261 }, // U+01B0
    { 33, 25, 536, 0, 24, 207, 329 }, // U+01C4
    { 30, 20, 500, 0, 20, 150, 536 }, // U+01C5
    { 27, 20, 450, 1, 20, 135, 686 }, // U+01C6
    { 24, 22, 386, 1, 17, 132, 821 }, // U+01C7
    { 20, 25, 356, 0, 19, 125, 953 }, // U+01C8
    { 14, 25, 245, 0, 19, 88, 1078 }, // U+01C9
    { 29, 22, 471, 0, 17, 160, 1166 }, // U+01CA
    { 26, 25, 441, 0, 19, 163, 1326 }, // U+01CB
    { 22, 25, 383, 0, 19, 138, 1489 }, // U+01CC
    { 19, 24, 297, -1, 24, 114, 1627 }, // U+01CD
    { 13, 20, 220, 1, 20, 65, 1741 }, // U+01CE
    { 10, 24, 151, -1, 24, 60, 1806 }, // U+01CF
    { 9, 20, 132, 0, 20, 45, 1866 }, // U+01D0
    { 17, 24, 311, 1, 24, 102, 1911 }, // U+01D1
    { 13, 21, 238, 1, 21, 69, 2013 }, // U+01D2
    { 20, 24, 309, 0, 24, 120, 2082 }, // U+01D3
    { 17, 20, 260, -1, 20, 85, 2202 }, // U+01D4
    { 20, 26, 309, 0, 26, 130, 2287 }, // U+01D5
    { 17, 22, 260, -1, 22, 94, 2417 }, // U+01D6
    { 20, 27, 309, 0, 27, 135, 2511 }, // U+01D7
    { 17, 25, 260, -1, 25, 107, 2646 }, // U+01D8
    { 20, 26, 309, 0, 26, 130, 2753 }, // U+01D9
    { 17, 25, 260, -1, 25, 107, 2883 }, // U+01DA
    { 20, 27, 309, 0, 27, 135, 2990 }, // U+01DB
    { 17, 25, 260, -1, 25, 107, 3125 }, // U+01DC
    { 11, 13, 208, 1, 13, 36, 3232 }, // U+01DD
    { 19, 26, 297, 0, 26, 124, 3268 }, // U+01DE
    { 13, 22, 220, 1, 22, 72, 3392 }, // U+01DF
    { 19, 26, 297, -1, 26, 124, 3464 }, // U+01E0
    { 13, 22, 220, 1, 22, 72, 3588 }, // U+01E1
    { 23, 22, 372, 0, 22, 127, 3660 }, // U+01E2
    { 18, 17, 326, 1, 17, 77, 3787 }, // U+01E3
    { 17, 17, 290, 1, 17, 73, 3864 }, // U+01E4
    { 16, 19, 232, -1, 13, 76, 3937 }, // U+01E5
    { 16, 24, 290, 1, 24, 96, 4013 }, // U+01E6
    { 14, 26, 232, 1, 20, 91, 4109 }, // U+01E7
    { 18, 24, 291, 1, 24, 108, 4200 }, // U+01E8
    { 16, 26, 242, 0, 26, 104, 4308 }, // U+01E9
    { 17, 23, 311, 1, 17, 98, 4412 }, // U+01EA
    { 13, 19, 238, 1, 13, 62, 4510 }, // U+01EB
    { 17, 27, 311, 1, 21, 115, 4572 }, // U+01EC
    { 13, 23, 238, 1, 17, 75, 4687 }, // U+01ED
    { 13, 24, 229, 0, 24, 78, 4762 }, // U+01EE
    { 12, 26, 201, 0, 20, 78, 4840 }, // U+01EF
    { 10, 26, 115, -1, 20, 65, 4918 }, // U+01F0
    { 33, 18, 536, 0, 17, 149, 4983 }, // U+01F1
    { 30, 17, 500, 0, 17, 128, 5132 }, // U+01F2
    { 27, 19, 450, 1, 19, 129, 5260 }, // U+01F3
    { 16, 24, 290, 1, 24, 96, 5389 }, // U+01F4
    { 14, 27, 232, 1, 21, 95, 5485 }, // U+01F5
    { 20, 25, 326, 0, 24, 125, 5580 }, // U+01F8
    { 17, 21, 268, 0, 21, 90, 5705 }, // U+01F9
    { 20, 27, 297, -1, 27, 135, 5795 }, // U+01FA
    { 13, 26, 220, 1, 26, 85, 5930 }, // U+01FB
    { 23, 24, 372, 0, 24, 138, 6015 }, // U+01FC
    { 18, 21, 326, 1, 21, 95, 6153 }, // U+01FD
    { 19, 24, 311, 0, 24, 114, 6248 }, // U+01FE
    { 15, 21, 238, 0, 21, 79, 6362 }, // U+01FF
    { 19, 24, 297, 0, 24, 114, 6441 }, // U+0200
    { 13, 20, 220, 1, 20, 65, 6555 }, // U+0201
    { 19, 23, 297, 0, 23, 110, 6620 }, // U+0202
    { 13, 19, 220, 1, 19, 62, 6730 }, // U+0203
    { 15, 24, 252, 0, 24, 90, 6792 }, // U+0204
    { 11, 20, 208, 1, 20, 55, 6882 }, // U+0205
    { 15, 23, 252, 0, 23, 87, 6937 }, // U+0206
    { 11, 19, 208, 1, 19, 53, 7024 }, // U+0207
    { 12, 24, 151, -3, 24, 72, 7077 }, // U+0208
    { 9, 21, 132, -1, 21, 48, 7149 }, // U+0209
    { 8, 23, 151, 1, 23, 46, 7197 }, // U+020A
    { 8, 19, 132, 1, 19, 38, 7243 }, // U+020B
    { 17, 24, 311, 1, 24, 102, 7281 }, // U+020C
    { 13, 20, 238, 1, 20, 65, 7383 }, // U+020D
    { 17, 23, 311, 1, 23, 98, 7448 }, // U+020E
    { 13, 19, 238, 1, 19, 62, 7546 }, // U+020F
    { 17, 24, 271, 1, 24, 102, 7608 }, // U+0210
    { 11, 21, 184, 0, 21, 58, 7710 }, // U+0211
    { 17, 23, 271, 0, 23, 98, 7768 }, // U+0212
    { 12, 19, 184, 0, 19, 57, 7866 }, // U+0213
    { 20, 24, 309, 0, 24, 120, 7923 }, // U+0214
    { 17, 21, 260, -1, 21, 90, 8043 }, // U+0215
    { 20, 23, 309, 0, 23, 115, 8133 }, // U+0216
    { 17, 19, 260, -1, 19, 81, 8248 }, // U+0217
    { 12, 23, 220, 1, 17, 69, 8329 }, // U+0218
    { 10, 19, 192, 1, 13, 48, 8398 }, // U+0219
    { 15, 23, 274, 1, 17, 87, 8446 }, // U+021A
    { 11, 23, 164, -1, 17, 64, 8533 }, // U+021B
    { 11, 20, 229, 2, 17, 55, 8597 }, // U+021C
    { 12, 19, 186, 0, 13, 57, 8652 }, // U+021D
    { 20, 24, 334, 1, 24, 120, 8709 }, // U+021E
    { 17, 25, 264, 0, 25, 107, 8829 }, // U+021F
    { 6, 7, 0, -4, 21, 11, 0 }, // U+0300
    { 5, 7, 0, -2, 21, 9, 11 }, // U+0301
    { 8, 6, 0, -4, 20, 12, 20 }, // U+0302
    { 8, 4, 0, -4, 19, 8, 32 }, // U+0303
    { 10, 2, 0, -5, 18, 5, 40 }, // U+0304
    { 8, 4, 0, -4, 19, 8, 45 }, // U+0306
    { 3, 3, 0, -2, 18, 3, 53 }, // U+0307
    { 8, 3, 0, -4, 18, 6, 56 }, // U+0308
    { 7, 8, 0, -3, 22, 14, 62 }, // U+0309
    { 6, 6, 0, -3, 20, 9, 76 }, // U+030A
    { 9, 6, 0, -3, 20, 14, 85 }, // U+030B
    { 9, 5, 0, -4, 20, 12, 99 }, // U+030C
    { 9, 6, 0, -5, 20, 14, 111 }, // U+030F
    { 8, 5, 0, -4, 19, 10, 125 }, // U+0311
    { 4, 7, 0, -2, 21, 7, 135 }, // U+0312
    { 5, 7, 0, -1, 22, 9, 142 }, // U+0313
    { 4, 7, 0, -2, 22, 7, 151 }, // U+0314
    { 3, 7, 0, -1, 21, 6, 158 }, // U+0315
    { 4, 6, 0, -2, 16, 6, 164 }, // U+031B
    { 3, 3, 0, -2, -2, 3, 170 }, // U+0323
    { 8, 3, 0, -4, -2, 6, 173 }, // U+0324
    { 6, 5, 0, -3, -1, 8, 179 }, // U+0325
    { 5, 5, 0, -3, -1, 7, 187 }, // U+0326
    { 6, 6, 0, -3, -1, 9, 194 }, // U+0327
    { 6, 6, 0, -2, 1, 9, 203 }, // U+0328
    { 3, 5, 108, 2, -1, 4, 212 }, // U+0329
    { 8, 5, 0, -4, -1, 10, 216 }, // U+032D
    { 8, 4, 0, -4, -2, 8, 226 }, // U+032E
    { 8, 4, 0, -4, -2, 8, 234 }, // U+0330
    { 10, 2, 0, -5, -3, 5, 242 }, // U+0331
    { 8, 5, 0, -4, 19, 10, 247 }, // U+0342
    { 9, 10, 0, -4, 25, 23, 257 }, // U+0344
    { 5, 4, 0, -1, -2, 5, 280 }, // U+0345
    { 0, 0, 0, 0, 0, 0, 285 }, // U+034F
    { 15, 24, 252, 0, 24, 90, 0 }, // U+0400
    { 15, 22, 252, 0, 22, 83, 90 }, // U+0401
    { 19, 22, 324, 1, 17, 105, 173 }, // U+0402
    { 14, 24, 233, 1, 24, 84, 278 }, // U+0403
    { 15, 17, 267, 1, 17, 64, 362 }, // U+0404
    { 12, 17, 220, 1, 17, 51, 426 }, // U+0405
    { 8, 17, 151, 0, 17, 34, 477 }, // U+0406
    { 9, 22, 151, 1, 22, 50, 511 }, // U+0407
    { 11, 22, 145, -2, 17, 61, 561 }, // U+0408
    { 23, 17, 389, 1, 17, 98, 622 }, // U+0409
    { 25, 17, 410, 1, 17, 107, 720 }, // U+040A
    { 20, 17, 343, 1, 17, 85, 827 }, // U+040B
    { 18, 24, 285, 0, 24, 108, 912 }, // U+040C
    { 20, 24, 332, 1, 24, 120, 1020 }, // U+040D
    { 19, 24, 290, 0, 24, 114, 1140 }, // U+040E
    { 19, 23, 319, 1, 17, 110, 1254 }, // U+040F
    { 19, 17, 297, -1, 17, 81, 1364 }, // U+0410
    { 15, 17, 253, 1, 17, 64, 1445 }, // U+0411
    { 15, 17, 248, 0, 17, 64, 1509 }, // U+0412
    { 14, 17, 233, 1, 17, 60, 1573 }, // U+0413
    { 17, 22, 297, 1, 17, 94, 1633 }, // U+0414
    { 15, 17, 252, 0, 17, 64, 1727 }, // U+0415
    { 26, 17, 405, -1, 17, 111, 1791 }, // U+0416
    { 12, 17, 232, 1, 17, 51, 1902 }, // U+0417
    { 20, 17, 332, 1, 17, 85, 1953 }, // U+0418
    { 20, 23, 332, 1, 23, 115, 2038 }, // U+0419
    { 18, 17, 285, 0, 17, 77, 2153 }, // U+041A
    { 18, 17, 297, 1, 17, 77, 2230 }, // U+041B
    { 22, 17, 358, 0, 17, 94, 2307 }, // U+041C
    { 20, 17, 334, 1, 17, 85, 2401 }, // U+041D
    { 17, 17, 311, 1, 17, 73, 2486 }, // U+041E
    { 20, 17, 324, 1, 17, 85, 2559 }, // U+041F
    { 14, 17, 237, 0, 17, 60, 2644 }, // U+0420
    { 14, 17, 257, 1, 17, 60, 2704 }, // U+0421
    { 15, 17, 274, 1, 17, 64, 2764 }, // U+0422
    { 18, 17, 290, 0, 17, 77, 2828 }, // U+0423
    { 18, 18, 317, 1, 18, 81, 2905 }, // U+0424
    { 18, 17, 290, 0, 17, 77, 2986 }, // U+0425
    { 19, 22, 319, 1, 17, 105, 3063 }, // U+0426
    { 17, 17, 285, 1, 17, 73, 3168 }, // U+0427
    { 26, 17, 426, 1, 17, 111, 3241 }, // U+0428
    { 26, 22, 426, 1, 17, 143, 3352 }, // U+0429
    { 17, 17, 307, 1, 17, 73, 3495 }, // U+042A
    { 22, 17, 376, 1, 17, 94, 3568 }, // U+042B
    { 15, 17, 253, 1, 17, 64, 3662 }, // U+042C
    { 15, 17, 268, 1, 17, 64, 3726 }, // U+042D
    { 25, 17, 422, 1, 17, 107, 3790 }, // U+042E
    { 17, 17, 267, 0, 17, 73, 3897 }, // U+042F
    { 13, 13, 220, 1, 13, 43, 3970 }, // U+0430
    { 13, 20, 233, 1, 20, 65, 4013 }, // U+0431
    { 12, 13, 218, 1, 13, 39, 4078 }, // U+0432
    { 12, 13, 199, 0, 13, 39, 4117 }, // U+0433
    { 15, 18, 257, 1, 13, 68, 4156 }, // U+0434
    { 11, 13, 208, 1, 13, 36, 4224 }, // U+0435
    { 20, 13, 322, 0, 13, 65, 4260 }, // U+0436
    { 10, 13, 190, 1, 13, 33, 4325 }, // U+0437
    { 16, 13, 277, 1, 13, 52, 4358 }, // U+0438
    { 16, 19, 277, 1, 19, 76, 4410 }, // U+0439
    { 14, 13, 235, 1, 13, 46, 4486 }, // U+043A
    { 14, 13, 248, 1, 13, 46, 4532 }, // U+043B
    { 17, 13, 310, 1, 13, 56, 4578 }, // U+043C
    { 16, 13, 278, 1, 13, 52, 4634 }, // U+043D
    { 13, 13, 238, 1, 13, 43, 4686 }, // U+043E
    { 15, 13, 274, 1, 13, 49, 4729 }, // U+043F
    { 15, 19, 245, 0, 13, 72, 4778 }, // U+0440
    { 11, 13, 203, 1, 13, 36, 4850 }, // U+0441
    { 12, 13, 224, 0, 13, 39, 4886 }, // U+0442
    { 15, 19, 240, 0, 13, 72, 4925 }, // U+0443
    { 17, 25, 296, 1, 19, 107, 4997 }, // U+0444
    { 15, 13, 237, 0, 13, 49, 5104 }, // U+0445
    { 16, 18, 276, 1, 13, 72, 5153 }, // U+0446
    { 14, 13, 244, 0, 13, 46, 5225 }, // U+0447
    { 21, 13, 353, 0, 13, 69, 5271 }, // U+0448
    { 22, 18, 353, 0, 13, 99, 5340 }, // U+0449
    { 15, 13, 256, 1, 13, 49, 5439 }, // U+044A
    { 19, 13, 325, 1, 13, 62, 5488 }, // U+044B
    { 12, 13, 214, 1, 13, 39, 5550 }, // U+044C
    { 12, 13, 205, 0, 13, 39, 5589 }, // U+044D
    { 19, 13, 338, 1, 13, 62, 5628 }, // U+044E
    { 13, 13, 231, 0, 13, 43, 5690 }, // U+044F
    { 11, 21, 208, 1, 21, 58, 5733 }, // U+0450
    { 11, 19, 208, 1, 19, 53, 5791 }, // U+0451
    { 15, 25, 251, 0, 19, 94, 5844 }, // U+0452
    { 12, 21, 199, 0, 21, 63, 5938 }, // U+0453
    { 11, 13, 206, 1, 13, 36, 6001 }, // U+0454
    { 10, 13, 192, 1, 13, 33, 6037 }, // U+0455
    { 9, 19, 132, -1, 19, 43, 6070 }, // U+0456
    { 8, 18, 132, 0, 18, 36, 6113 }, // U+0457
    { 8, 24, 115, -2, 18, 48, 6149 }, // U+0458
    { 19, 13, 320, 0, 13, 62, 6197 }, // U+0459
    { 20, 13, 341, 1, 13, 65, 6259 }, // U+045A
    { 17, 19, 264, 0, 19, 81, 6324 }, // U+045B
    { 14, 21, 235, 1, 21, 74, 6405 }, // U+045C
    { 16, 21, 277, 1, 21, 84, 6479 }, // U+045D
    { 16, 25, 240, 0, 19, 100, 6563 }, // U+045E
    { 15, 18, 272, 1, 13, 68, 6663 }, // U+045F
    { 17, 20, 292, 0, 20, 85, 6731 }, // U+0462
    { 14, 17, 246, 1, 17, 60, 6816 }, // U+0463
    { 17, 17, 311, 1, 17, 73, 6876 }, // U+0472
    { 13, 13, 238, 1, 13, 43, 6949 }, // U+0473
    { 19, 17, 300, -1, 17, 81, 6992 }, // U+0474
    { 15, 13, 243, 0, 13, 49, 7073 }, // U+0475
    { 20, 28, 333, 1, 23, 140, 7122 }, // U+048A
    { 16, 24, 277, 1, 19, 96, 7262 }, // U+048B
    { 14, 17, 253, 1, 17, 60, 7358 }, // U+048C
    { 13, 17, 208, 0, 17, 56, 7418 }, // U+048D
    { 14, 17, 237, 0, 17, 60, 7474 }, // U+048E
    { 15, 19, 245, 0, 13, 72, 7534 }, // U+048F
    { 13, 21, 226, 1, 21, 69, 7606 }, // U+0490
    { 10, 16, 191, 1, 16, 40, 7675 }, // U+0491
    { 13, 17, 233, 1, 17, 56, 7715 }, // U+0492
    { 11, 13, 199, 1, 13, 36, 7771 }, // U+0493
    { 16, 22, 268, 1, 17, 88, 7807 }, // U+0494
    { 13, 19, 244, 1, 13, 62, 7895 }, // U+0495
    { 26, 22, 405, -1, 17, 143, 7957 }, // U+0496
    { 20, 17, 322, 0, 13, 85, 8100 }, // U+0497
    { 13, 22, 232, 0, 17, 72, 8185 }, // U+0498
    { 11, 17, 190, 1, 13, 47, 8257 }, // U+0499
    { 18, 22, 285, 0, 17, 99, 8304 }, // U+049A
    { 14, 18, 235, 1, 13, 63, 8403 }, // U+049B
    { 19, 17, 297, 0, 17, 81, 8466 }, // U+049C
    { 14, 13, 244, 1, 13, 46, 8547 }, // U+049D
    { 17, 17, 285, 1, 17, 73, 8593 }, // U+049E
    { 15, 17, 225, 0, 17, 64, 8666 }, // U+049F
    { 20, 17, 334, 0, 17, 85, 8730 }, // U+04A0
    { 16, 13, 266, 0, 13, 52, 8815 }, // U+04A1
    { 20, 22, 334, 1, 17, 110, 8867 }, // U+04A2
    { 16, 18, 282, 1, 13, 72, 8977 }, // U+04A3
    { 23, 17, 389, 0, 17, 98, 9049 }, // U+04A4
    { 19, 13, 316, 0, 13, 62, 9147 }, // U+04A5
    { 25, 22, 420, 1, 17, 138, 9209 }, // U+04A6
    { 22, 19, 386, 1, 13, 105, 9347 }, // U+04A7
    { 19, 17, 329, 1, 17, 81, 9452 }, // U+04A8
    { 15, 13, 258, 1, 13, 49, 9533 }, // U+04A9
    { 14, 22, 257, 1, 17, 77, 9582 }, // U+04AA
    { 11, 18, 203, 1, 13, 50, 9659 }, // U+04AB
    { 15, 22, 274, 1, 17, 83, 9709 }, // U+04AC
    { 12, 18, 224, 0, 13, 54, 9792 }, // U+04AD
    { 18, 17, 274, -1, 17, 77, 9846 }, // U+04AE
    { 15, 19, 240, 0, 13, 72, 9923 }, // U+04AF
    { 18, 17, 274, 0, 17, 77, 9995 }, // U+04B0
    { 16, 19, 240, 0, 13, 76, 10072 }, // U+04B1
    { 18, 22, 292, 0, 17, 99, 10148 }, // U+04B2
    { 15, 18, 239, 0, 13, 68, 10247 }, // U+04B3
    { 22, 22, 364, 0, 17, 121, 10315 }, // U+04B4
    { 19, 18, 316, 1, 13, 86, 10436 }, // U+04B5
    { 17, 22, 285, 1, 17, 94, 10522 }, // U+04B6
    { 15, 18, 248, 0, 13, 68, 10616 }, // U+04B7
    { 17, 17, 285, 1, 17, 73, 10684 }, // U+04B8
    { 14, 13, 244, 0, 13, 46, 10757 }, // U+04B9
    { 17, 17, 287, 1, 17, 73, 10803 }, // U+04BA
    { 17, 19, 264, 0, 19, 81, 10876 }, // U+04BB
    { 19, 17, 327, 1, 17, 81, 10957 }, // U+04BC
    { 14, 13, 252, 1, 13, 46, 11038 }, // U+04BD
    { 19, 22, 327, 1, 17, 105, 11084 }, // U+04BE
    { 14, 18, 252, 1, 13, 63, 11189 }, // U+04BF
    { 8, 17, 151, 0, 17, 34, 11252 }, // U+04C0
    { 26, 24, 404, 0, 24, 156, 11286 }, // U+04C1
    { 21, 19, 322, 0, 19, 100, 11442 }, // U+04C2
    { 17, 22, 276, 0, 17, 94, 11542 }, // U+04C3
    { 13, 19, 237, 1, 13, 62, 11636 }, // U+04C4
    { 17, 22, 297, 1, 17, 94, 11698 }, // U+04C5
    { 14, 17, 248, 1, 13, 60, 11792 }, // U+04C6
    { 20, 22, 327, 1, 17, 110, 11852 }, // U+04C7
    { 16, 19, 278, 1, 13, 76, 11962 }, // U+04C8
    { 20, 22, 334, 1, 17, 110, 12038 }, // U+04C9
    { 16, 18, 278, 1, 13, 72, 12148 }, // U+04CA
    { 17, 22, 285, 1, 17, 94, 12220 }, // U+04CB
    { 14, 18, 244, 0, 13, 63, 12314 }, // U+04CC
    { 23, 22, 358, 0, 17, 127, 12377 }, // U+04CD
    { 18, 18, 310, 1, 13, 81, 12504 }, // U+04CE
    { 9, 19, 130, 0, 19, 43, 12585 }, // U+04CF
    { 19, 23, 297, -1, 23, 110, 12628 }, // U+04D0
    { 13, 19, 220, 1, 19, 62, 12738 }, // U+04D1
    { 19, 22, 297, 0, 22, 105, 12800 }, // U+04D2
    { 13, 19, 220, 1, 19, 62, 12905 }, // U+04D3
    { 23, 17, 372, 0, 17, 98, 12967 }, // U+04D4
    { 18, 13, 326, 1, 13, 59, 13065 }, // U+04D5
    { 15, 23, 252, 0, 23, 87, 13124 }, // U+04D6
    { 11, 19, 208, 1, 19, 53, 13211 }, // U+04D7
    { 15, 17, 273, 1, 17, 64, 13264 }, // U+04D8
    { 11, 13, 208, 1, 13, 36, 13328 }, // U+04D9
    { 15, 23, 273, 1, 23, 87, 13364 }, // U+04DA
    { 11, 19, 208, 1, 19, 53, 13451 }, // U+04DB
    { 25, 23, 404, 0, 23, 144, 13504 }, // U+04DC
    { 20, 19, 322, 0, 19, 95, 13648 }, // U+04DD
    { 13, 23, 232, 1, 23, 75, 13743 }, // U+04DE
    { 11, 19, 190, 0, 19, 53, 13818 }, // U+04DF
    { 13, 17, 229, 0, 17, 56, 13871 }, // U+04E0
    { 12, 19, 201, 0, 13, 57, 13927 }, // U+04E1
    { 20, 22, 332, 1, 22, 110, 13984 }, // U+04E2
    { 16, 17, 277, 1, 17, 68, 14094 }, // U+04E3
    { 20, 22, 332, 1, 22, 110, 14162 }, // U+04E4
    { 16, 18, 277, 1, 18, 72, 14272 }, // U+04E5
    { 17, 23, 311, 1, 23, 98, 14344 }, // U+04E6
    { 13, 19, 238, 1, 19, 62, 14442 }, // U+04E7
    { 17, 17, 311, 1, 17, 73, 14504 }, // U+04E8
    { 13, 13, 238, 1, 13, 43, 14577 }, // U+04E9
    { 17, 23, 333, 1, 23, 98, 14620 }, // U+04EA
    { 13, 19, 238, 1, 19, 62, 14718 }, // U+04EB
    { 15, 23, 268, 1, 23, 87, 14780 }, // U+04EC
    { 12, 19, 205, 0, 19, 57, 14867 }, // U+04ED
    { 18, 22, 290, 0, 22, 99, 14924 }, // U+04EE
    { 15, 23, 240, 0, 17, 87, 15023 }, // U+04EF
    { 19, 23, 290, 0, 23, 110, 15110 }, // U+04F0
    { 15, 24, 240, 0, 18, 90, 15220 }, // U+04F1
    { 18, 24, 290, 0, 24, 108, 15310 }, // U+04F2
    { 16, 27, 240, 0, 21, 108, 15418 }, // U+04F3
    { 17, 22, 285, 1, 22, 94, 15526 }, // U+04F4
    { 14, 18, 249, 0, 18, 63, 15620 }, // U+04F5
    { 14, 22, 233, 1, 17, 77, 15683 }, // U+04F6
    { 12, 18, 199, 0, 13, 54, 15760 }, // U+04F7
    { 22, 22, 390, 1, 22, 121, 15814 }, // U+04F8
    { 19, 18, 325, 1, 18, 86, 15935 }, // U+04F9
    { 13, 22, 233, 1, 17, 72, 16021 }, // U+04FA
    { 11, 18, 199, 1, 13, 50, 16093 }, // U+04FB
    { 18, 22, 282, 0, 17, 99, 16143 }, // U+04FC
    { 15, 19, 236, 0, 13, 72, 16242 }, // U+04FD
    { 19, 17, 290, -1, 17, 81, 16314 }, // U+04FE
    { 15, 13, 237, -1, 13, 49, 16395 }, // U+04FF
    { 19, 23, 297, -1, 17, 110, 0 }, // U+1EA0
    { 13, 19, 220, 1, 13, 62, 110 }, // U+1EA1
    { 19, 25, 297, 0, 25, 119, 172 }, // U+1EA2
    { 13, 22, 220, 1, 22, 72, 291 }, // U+1EA3
    { 19, 26, 297, 0, 26, 124, 363 }, // U+1EA4
    { 13, 24, 220, 1, 24, 78, 487 }, // U+1EA5
    { 19, 26, 297, -1, 26, 124, 565 }, // U+1EA6
    { 13, 24, 220, 1, 24, 78, 689 }, // U+1EA7
    { 19, 25, 297, -1, 25, 119, 767 }, // U+1EA8
    { 13, 24, 220, 1, 24, 78, 886 }, // U+1EA9
    { 19, 26, 297, -1, 26, 124, 964 }, // U+1EAA
    { 13, 23, 220, 1, 23, 75, 1088 }, // U+1EAB
    { 19, 29, 297, -1, 23, 138, 1163 }, // U+1EAC
    { 13, 26, 220, 1, 20, 85, 1301 }, // U+1EAD
    { 19, 26, 297, 0, 26, 124, 1386 }, // U+1EAE
    { 13, 24, 220, 1, 24, 78, 1510 }, // U+1EAF
    { 19, 26, 297, 0, 26, 124, 1588 }, // U+1EB0
    { 13, 24, 220, 1, 24, 78, 1712 }, // U+1EB1
    { 19, 25, 297, -1, 25, 119, 1790 }, // U+1EB2
    { 13, 25, 220, 1, 25, 82, 1909 }, // U+1EB3
    { 19, 26, 297, -1, 26, 124, 1991 }, // U+1EB4
    { 13, 23, 220, 1, 23, 75, 2115 }, // U+1EB5
    { 19, 29, 297, 0, 23, 138, 2190 }, // U+1EB6
    { 13, 26, 220, 1, 20, 85, 2328 }, // U+1EB7
    { 15, 23, 252, 0, 17, 87, 2413 }, // U+1EB8
    { 11, 19, 208, 1, 13, 53, 2500 }, // U+1EB9
    { 15, 25, 252, 0, 25, 94, 2553 }, // U+1EBA
    { 11, 22, 208, 1, 22, 61, 2647 }, // U+1EBB
    { 15, 23, 252, 0, 23, 87, 2708 }, // U+1EBC
    { 11, 19, 208, 1, 19, 53, 2795 }, // U+1EBD
    { 15, 26, 252, 0, 26, 98, 2848 }, // U+1EBE
    { 13, 24, 208, 1, 24, 78, 2946 }, // U+1EBF
    { 15, 26, 252, 0, 26, 98, 3024 }, // U+1EC0
    { 11, 24, 208, 1, 24, 66, 3122 }, // U+1EC1
    { 15, 25, 255, 0, 25, 94, 3188 }, // U+1EC2
    { 13, 24, 208, 1, 24, 78, 3282 }, // U+1EC3
    { 15, 26, 252, 0, 26, 98, 3360 }, // U+1EC4
    { 11, 23, 208, 1, 23, 64, 3458 }, // U+1EC5
    { 15, 29, 252, 0, 23, 109, 3522 }, // U+1EC6
    { 11, 26, 208, 1, 20, 72, 3631 }, // U+1EC7
    { 8, 25, 151, 0, 25, 50, 3703 }, // U+1EC8
    { 8, 21, 132, 0, 21, 42, 3753 }, // U+1EC9
    { 8, 23, 151, 1, 17, 46, 3795 }, // U+1ECA
    { 9, 25, 132, -1, 19, 57, 3841 }, // U+1ECB
    { 17, 23, 311, 1, 17, 98, 3898 }, // U+1ECC
    { 13, 19, 238, 1, 13, 62, 3996 }, // U+1ECD
    { 17, 25, 311, 1, 25, 107, 4058 }, // U+1ECE
    { 13, 22, 238, 1, 22, 72, 4165 }, // U+1ECF
    { 17, 27, 311, 1, 27, 115, 4237 }, // U+1ED0
    { 13, 25, 238, 1, 25, 82, 4352 }, // U+1ED1
    { 17, 27, 311, 1, 27, 115, 4434 }, // U+1ED2
    { 13, 25, 238, 1, 25, 82, 4549 }, // U+1ED3
    { 17, 26, 311, 1, 26, 111, 4631 }, // U+1ED4
    { 14, 24, 238, 1, 24, 84, 4742 }, // U+1ED5
    { 17, 26, 311, 1, 26, 111, 4826 }, // U+1ED6
    { 13, 23, 238, 1, 23, 75, 4937 }, // U+1ED7
    { 17, 29, 311, 1, 23, 124, 5012 }, // U+1ED8
    { 13, 26, 238, 1, 20, 85, 5136 }, // U+1ED9
    { 19, 24, 311, 1, 24, 114, 5221 }, // U+1EDA
    { 14, 21, 238, 1, 21, 74, 5335 }, // U+1EDB
    { 19, 24, 311, 1, 24, 114, 5409 }, // U+1EDC
    { 14, 21, 238, 1, 21, 74, 5523 }, // U+1EDD
    { 19, 25, 311, 1, 25, 119, 5597 }, // U+1EDE
    { 14, 22, 238, 1, 22, 77, 5716 }, // U+1EDF
    { 19, 23, 311, 1, 23, 110, 5793 }, // U+1EE0
    { 14, 19, 238, 1, 19, 67, 5903 }, // U+1EE1
    { 19, 26, 311, 1, 20, 124, 5970 }, // U+1EE2
    { 14, 21, 238, 1, 15, 74, 6094 }, // U+1EE3
    { 20, 23, 309, 0, 17, 115, 6168 }, // U+1EE4
    { 17, 19, 260, -1, 13, 81, 6283 }, // U+1EE5
    { 20, 25, 309, 0, 25, 125, 6364 }, // U+1EE6
    { 17, 22, 260, -1, 22, 94, 6489 }, // U+1EE7
    { 20, 24, 309, 0, 24, 120, 6583 }, // U+1EE8
    { 17, 21, 260, -1, 21, 90, 6703 }, // U+1EE9
    { 20, 24, 309, 0, 24, 120, 6793 }, // U+1EEA
    { 17, 21, 260, -1, 21, 90, 6913 }, // U+1EEB
    { 20, 25, 309, 0, 25, 125, 7003 }, // U+1EEC
    { 17, 22, 260, -1, 22, 94, 7128 }, // U+1EED
    { 20, 23, 309, 0, 23, 115, 7222 }, // U+1EEE
    { 17, 19, 260, -1, 19, 81, 7337 }, // U+1EEF
    { 20, 26, 309, 0, 20, 130, 7418 }, // U+1EF0
    { 17, 21, 260, -1, 15, 90, 7548 }, // U+1EF1
    { 18, 24, 274, -1, 24, 108, 7638 }, // U+1EF2
    { 15, 27, 240, 1, 21, 102, 7746 }, // U+1EF3
    { 18, 23, 274, 0, 17, 104, 7848 }, // U+1EF4
    { 15, 19, 240, 1, 13, 72, 7952 }, // U+1EF5
    { 18, 25, 274, 0, 25, 113, 8024 }, // U+1EF6
    { 16, 27, 240, 1, 21, 108, 8137 }, // U+1EF7
    { 18, 23, 274, -1, 23, 104, 8245 }, // U+1EF8
    { 15, 25, 240, 1, 19, 94, 8349 }, // U+1EF9
    { 0, 0, 200, 0, 0, 0, 0 }, // U+2000
    { 0, 0, 400, 0, 0, 0, 0 }, // U+2001
    { 0, 0, 200, 0, 0, 0, 0 }, // U+2002
    { 0, 0, 400, 0, 0, 0, 0 }, // U+2003
    { 0, 0, 133, 0, 0, 0, 0 }, // U+2004
    { 0, 0, 100, 0, 0, 0, 0 }, // U+2005
    { 0, 0, 66, 0, 0, 0, 0 }, // U+2006
    { 0, 0, 249, 0, 0, 0, 0 }, // U+2007
    { 0, 0, 109, 0, 0, 0, 0 }, // U+2008
    { 0, 0, 80, 0, 0, 0, 0 }, // U+2009
    { 0, 0, 20, 0, 0, 0, 0 }, // U+200A
    { 0, 0, 0, 0, 0, 0, 0 }, // U+200B
    { 0, 0, 0, 0, 0, 0, 0 }, // U+200C
    { 0, 0, 0, 0, 0, 0, 0 }, // U+200D
    { 0, 0, 0, 0, 0, 0, 0 }, // U+200E
    { 0, 0, 0, 0, 0, 0, 0 }, // U+200F
    { 8, 2, 150, 1, 7, 4, 0 }, // U+2010
    { 8, 2, 150, 1, 7, 4, 4 }, // U+2011
    { 11, 2, 249, 2, 9, 6, 8 }, // U+2012
    { 13, 2, 200, 0, 7, 7, 14 }, // U+2013
    { 25, 2, 400, 0, 7, 13, 21 }, // U+2014
    { 25, 2, 400, 0, 7, 13, 34 }, // U+2015
    { 8, 25, 200, 3, 19, 50, 47 }, // U+2016
    { 13, 5, 200, 0, -1, 17, 97 }, // U+2017
    { 5, 8, 95, 1, 19, 10, 114 }, // U+2018
    { 5, 8, 95, 0, 19, 10, 124 }, // U+2019
    { 5, 8, 95, 0, 4, 10, 134 }, // U+201A
    { 5, 8, 95, 1, 19, 10, 144 }, // U+201B
    { 10, 8, 175, 1, 19, 20, 154 }, // U+201C
    { 10, 8, 175, 0, 19, 20, 174 }, // U+201D
    { 10, 8, 176, 0, 4, 20, 194 }, // U+201E
    { 10, 8, 175, 1, 19, 20, 214 }, // U+201F
    { 11, 16, 200, 1, 17, 44, 234 }, // U+2020
    { 11, 19, 200, 1, 17, 53, 278 }, // U+2021
    { 5, 5, 120, 1, 9, 7, 331 }, // U+2022
    { 8, 9, 249, 4, 13, 18, 338 }, // U+2023
    { 4, 3, 109, 2, 3, 3, 356 }, // U+2024
    { 10, 3, 200, 1, 3, 8, 359 }, // U+2025
    { 20, 3, 400, 2, 3, 15, 367 }, // U+2026
    { 4, 3, 109, 2, 8, 3, 382 }, // U+2027
    { 0, 0, 0, 0, 0, 0, 385 }, // U+2028
    { 0, 0, 0, 0, 0, 0, 385 }, // U+2029
    { 0, 0, 0, 0, 0, 0, 385 }, // U+202A
    { 0, 0, 0, 0, 0, 0, 385 }, // U+202B
    { 0, 0, 0, 0, 0, 0, 385 }, // U+202C
    { 0, 0, 0, 0, 0, 0, 385 }, // U+202D
    { 0, 0, 0, 0, 0, 0, 385 }, // U+202E
    { 0, 0, 43, 0, 0, 0, 385 }, // U+202F
    { 32, 19, 551, 1, 18, 152, 385 }, // U+2030
    { 5, 9, 105, 1, 18, 12, 537 }, // U+2032
    { 10, 9, 183, 1, 18, 23, 549 }, // U+2033
    { 15, 9, 261, 1, 18, 34, 572 }, // U+2034
    { 5, 9, 105, 1, 18, 12, 606 }, // U+2035
    { 10, 9, 192, 1, 18, 23, 618 }, // U+2036
    { 16, 9, 279, 1, 18, 36, 641 }, // U+2037
    { 11, 6, 200, 1, 1, 17, 677 }, // U+2038
    { 6, 9, 128, 1, 11, 14, 694 }, // U+2039
    { 6, 9, 128, 1, 11, 14, 708 }, // U+203A
    { 16, 17, 249, -1, 16, 68, 722 }, // U+203B
    { 10, 19, 218, 2, 19, 48, 790 }, // U+203C
    { 13, 2, 200, 0, 20, 7, 838 }, // U+203E
    { 6, 2, 120, 1, 7, 3, 845 }, // U+2043
    { 13, 20, 73, -4, 18, 65, 848 }, // U+2044
    { 20, 17, 357, 1, 17, 85, 913 }, // U+2047
    { 16, 19, 299, 1, 19, 76, 998 }, // U+2048
    { 15, 19, 299, 2, 19, 72, 1074 }, // U+2049
    { 15, 6, 400, 5, 10, 23, 1146 }, // U+2053
    { 20, 9, 339, 1, 18, 45, 1169 }, // U+2057
    { 0, 0, 89, 0, 0, 0, 1214 }, // U+205F
    { 0, 0, 0, 0, 0, 0, 1214 }, // U+2060
    { 0, 0, 0, 0, 0, 0, 1214 }, // U+2061
    { 0, 0, 0, 0, 0, 0, 1214 }, // U+2062
    { 0, 0, 0, 0, 0, 0, 1214 }, // U+2063
    { 0, 0, 0, 0, 0, 0, 1214 }, // U+2064
    { 0, 0, 0, 0, 0, 0, 1214 }, // U+2065
    { 0, 0, 0, 0, 0, 0, 1214 }, // U+206A
    { 0, 0, 0, 0, 0, 0, 1214 }, // U+206B
    { 0, 0, 0, 0, 0, 0, 1214 }, // U+206C
    { 0, 0, 0, 0, 0, 0, 1214 }, // U+206D
    { 0, 0, 0, 0, 0, 0, 1214 }, // U+206E
    { 0, 0, 0, 0, 0, 0, 1214 }, // U+206F
    { 10, 11, 179, 1, 20, 28, 0 }, // U+2070
    { 10, 12, 179, 0, 21, 30, 28 }, // U+2074
    { 9, 11, 179, 1, 20, 25, 58 }, // U+2075
    { 9, 11, 179, 2, 20, 25, 83 }, // U+2076
    { 8, 11, 179, 2, 20, 22, 108 }, // U+2077
    { 8, 11, 179, 2, 20, 22, 130 }, // U+2078
    { 9, 11, 179, 2, 20, 25, 152 }, // U+2079
    { 11, 8, 226, 2, 17, 22, 177 }, // U+207F
    { 10, 11, 179, 1, 8, 28, 199 }, // U+2080
    { 8, 12, 179, 2, 9, 24, 227 }, // U+2081
    { 8, 11, 179, 2, 8, 22, 251 }, // U+2082
    { 8, 11, 179, 2, 8, 22, 273 }, // U+2083
    { 10, 12, 179, 0, 9, 30, 295 }, // U+2084
    { 9, 11, 179, 1, 8, 25, 325 }, // U+2085
    { 9, 11, 179, 2, 8, 25, 350 }, // U+2086
    { 8, 11, 179, 2, 8, 22, 375 }, // U+2087
    { 8, 11, 179, 2, 8, 22, 397 }, // U+2088
    { 9, 11, 179, 2, 8, 25, 419 }, // U+2089
    { 13, 17, 249, 1, 17, 56, 0 }, // U+20A3
    { 13, 17, 249, 1, 17, 56, 56 }, // U+20A4
    { 31, 17, 500, 0, 17, 132, 112 }, // U+20A7
    { 15, 17, 249, 0, 17, 64, 244 }, // U+20AC
    { 15, 10, 400, 5, 14, 38, 0 }, // U+2190
    { 10, 16, 400, 7, 17, 40, 38 }, // U+2191
    { 15, 10, 400, 5, 14, 38, 78 }, // U+2192
    { 10, 16, 400, 7, 17, 40, 116 }, // U+2193
    { 15, 11, 400, 5, 14, 42, 156 }, // U+2194
    { 11, 17, 400, 7, 17, 47, 198 }, // U+2195
    { 11, 17, 400, 7, 18, 47, 245 }, // U+21A8
    { 11, 17, 400, 7, 17, 47, 292 }, // U+21B2
    { 11, 17, 400, 7, 17, 47, 339 }, // U+21B3
    { 13, 13, 400, 6, 15, 43, 386 }, // U+21B5
    { 15, 11, 400, 5, 14, 42, 429 }, // U+21D0
    { 11, 15, 400, 7, 16, 42, 471 }, // U+21D1
    { 15, 11, 400, 5, 14, 42, 513 }, // U+21D2
    { 11, 15, 400, 7, 16, 42, 555 }, // U+21D3
    { 15, 11, 400, 5, 14, 42, 597 }, // U+21D4
    { 17, 19, 400, 4, 18, 81, 0 }, // U+2200
    { 13, 19, 249, 1, 19, 62, 81 }, // U+2202
    { 11, 17, 400, 7, 17, 47, 143 }, // U+2203
    { 19, 20, 400, 3, 19, 95, 190 }, // U+2205
    { 15, 18, 263, 1, 18, 68, 285 }, // U+2206
    { 17, 18, 400, 4, 17, 77, 353 }, // U+2207
    { 17, 17, 400, 4, 17, 73, 430 }, // U+2208
    { 17, 22, 400, 4, 19, 94, 503 }, // U+2209
    { 16, 13, 400, 5, 15, 52, 597 }, // U+220A
    { 17, 17, 400, 4, 17, 73, 649 }, // U+220B
    { 17, 22, 400, 4, 19, 94, 722 }, // U+220C
    { 16, 13, 400, 4, 15, 52, 816 }, // U+220D
    { 19, 22, 324, 1, 17, 105, 868 }, // U+220F
    { 15, 22, 245, 0, 17, 83, 973 }, // U+2211
    { 11, 2, 249, 2, 9, 6, 1056 }, // U+2212
    { 12, 20, 196, 0, 18, 60, 1062 }, // U+2215
    { 12, 20, 211, 1, 18, 60, 1122 }, // U+2216
    { 12, 13, 249, 2, 15, 39, 1182 }, // U+2217
    { 8, 9, 249, 4, 13, 18, 1221 }, // U+2218
    { 4, 4, 249, 6, 9, 4, 1239 }, // U+2219
    { 16, 24, 249, 0, 21, 96, 1243 }, // U+221A
    { 12, 9, 249, 2, 13, 27, 1339 }, // U+221D
    { 15, 8, 249, 0, 12, 30, 1366 }, // U+221E
    { 16, 18, 400, 4, 18, 72, 1396 }, // U+221F
    { 18, 18, 400, 3, 18, 81, 1468 }, // U+2220
    { 3, 25, 200, 5, 19, 19, 1549 }, // U+2223
    { 8, 25, 200, 2, 19, 50, 1568 }, // U+2225
    { 17, 18, 400, 4, 18, 77, 1618 }, // U+2227
    { 17, 18, 400, 4, 18, 77, 1695 }, // U+2228
    { 15, 18, 400, 5, 18, 68, 1772 }, // U+2229
    { 15, 19, 400, 5, 18, 72, 1840 }, // U+222A
    { 14, 26, 249, 1, 20, 91, 1912 }, // U+222B
    { 16, 15, 400, 5, 14, 60, 2003 }, // U+2234
    { 16, 15, 400, 5, 14, 60, 2063 }, // U+2235
    { 4, 13, 124, 2, 15, 13, 2123 }, // U+2236
    { 15, 15, 400, 5, 14, 57, 2136 }, // U+2237
    { 15, 5, 400, 5, 9, 19, 2193 }, // U+223C
    { 15, 13, 400, 5, 15, 49, 2212 }, // U+2245
    { 12, 9, 249, 2, 13, 27, 2261 }, // U+2248
    { 15, 8, 400, 5, 11, 30, 2288 }, // U+224D
    { 11, 13, 249, 2, 15, 36, 2318 }, // U+2260
    { 15, 11, 400, 5, 13, 42, 2354 }, // U+2261
    { 12, 15, 249, 2, 15, 45, 2396 }, // U+2264
    { 12, 15, 249, 2, 15, 45, 2441 }, // U+2265
    { 21, 13, 400, 2, 15, 69, 2486 }, // U+226A
    { 21, 13, 400, 2, 15, 69, 2555 }, // U+226B
    { 17, 13, 400, 4, 15, 56, 2624 }, // U+2283
    { 17, 22, 400, 4, 19, 94, 2680 }, // U+2284
    { 17, 23, 400, 4, 20, 98, 2774 }, // U+2285
    { 17, 17, 400, 4, 17, 73, 2872 }, // U+2286
    { 16, 17, 400, 5, 17, 68, 2945 }, // U+2287
    { 19, 19, 400, 3, 18, 91, 3013 }, // U+2295
    { 19, 19, 400, 3, 18, 91, 3104 }, // U+2296
    { 19, 19, 400, 3, 18, 91, 3195 }, // U+2297
    { 19, 19, 400, 3, 18, 91, 3286 }, // U+2298
    { 15, 18, 400, 5, 18, 68, 3377 }, // U+22A5
    { 4, 4, 249, 6, 9, 4, 3445 }, // U+22C5
    { 22, 4, 400, 2, 9, 22, 3449 }, // U+22EF
    { 21, 19, 298, 0, 19, 100, 0 }, // U+FB00
    { 17, 19, 268, 0, 19, 81, 100 }, // U+FB01
    { 17, 19, 268, 0, 19, 81, 181 }, // U+FB02
    { 25, 19, 403, 0, 19, 119, 262 }, // U+FB03
    { 25, 19, 404, 0, 19, 119, 381 }, // U+FB04
    { 19, 19, 308, 0, 19, 91, 500 }, // U+FB05
    { 21, 19, 356, 1, 19, 100, 591 }, // U+FB06
    { 25, 24, 400, 0, 21, 150, 0 }, // U+FFFD
};


static const EpdFontGroup bookerly_12_regularGroups[] = {
    { 0, 2563, 5472, 100, 4025, 0 },
    { 2563, 1656, 3985, 58, 2822, 100 },
    { 4219, 985, 3009, 38, 584, 158 },
    { 5204, 1312, 4021, 50, 3264, 196 },
    { 6516, 1288, 4058, 47, 2087, 246 },
    { 7804, 982, 2942, 31, 484, 293 },
    { 8786, 3602, 9757, 94, 3825, 324 },
    { 12388, 251, 339, 34, 237, 418 },
    { 12639, 7547, 17851, 220, 3826, 452 },
    { 20186, 2418, 9351, 90, 2632, 672 },
    { 22604, 718, 1334, 81, 824, 762 },
    { 23322, 234, 516, 18, 304, 843 },
    { 23556, 203, 340, 4, 237, 861 },
    { 23759, 352, 698, 15, 591, 865 },
    { 24111, 1573, 3763, 58, 2576, 880 },
    { 25684, 282, 779, 7, 361, 938 },
    { 25966, 109, 168, 1, 29, 945 },
};







static const int8_t bookerly_12_regularKernSparseValues[] = {
     -20,  -16,   16,  -16,  -20,  -12,   20,   -8,   -8,   20,    8,    8,  -12,   -8,   -8,   -8,
       8,    8,   -8,   -8,   -8,   -8,   20,  -12,  -12,   20,   -8,   -8,    8,    8,   20,    8,
     -32,   16,   16,   -8,  -12,  -54,   -8,   -8,   -8,  -12,  -32,  -32,   16,   -8,   16,  -54,
      12,  -16,   12,  -28,  -16,  -36,  -32,   -6,   -6,   -4,   -6,  -12,  -16,  -24,  -24,  -16,
      -6,   -6,   -6,   -8,   -4,  -16,  -28,  -16,   12,  -28,   12,    8,  -12,  -40,   -6,   -6,
     -20,  -16,    8,  -24,  -16,  -36,  -32,  -28,  -16,  -32,  -16,  -12,   -8,  -16,  -20,  -20,
      -6,   -6,  -12,  -12,  -16,   -8,  -12,   -8,    8,   -8,   -6,   -6,  -20,  -20,  -12,  -40,
     -16,  -12,   -8,  -40,  -36,  -16,  -32,  -20,  -20,  -36,  -12,   -8,  -16,   -8,  -16,  -56,
     -16,  -40,  -40,  -36,   16,   16,  -36,  -40,  -40,  -36,  -20,  -36,  -16,  -32,  -12,  -16,
     -28,  -16,  -12,  -28,  -40,  -28,  -16,  -40,   -8,  -42,  -36,  -20,  -20,  -26,  -20,  -12,
      -8,  -16,  -36,  -36,   16,   -8,   -8,  -56,  -12,   -6,   -6,   -6,   -6,   -8,   -8,   -8,
     -20,  -32,  -12,    8,  -22,   10,   -7,    8,  -40,  -24,  -44,    8,  -42,    4,  -40,   -6,
      -6,   -8,  -26,    8,  -26,  -12,   12,   -1,   -1,  -36,  -28,   -6,   -6,   -4,   -6,  -10,
      -6,   -8,  -16,   10,    8,  -10,   10,   10,   10,   -8,   -8,  -10,   -6,   -6,   -6,   -8,
      -4,   -5,   -5,  -10,   -6,   -6,   -6,   -6,   -6,   -6,   -6,   -8,   -6,  -10,  -12,  -16,
     -16,  -16,  -12,   -6,   -8,   -4,   -6,   -8,  -12,  -16,   -4,  -12,   -4,   12,  -28,   -8,
      -4,   -4,    4,   16,  -36,  -36,  -34,  -36,   -8,  -12,    4,   -8,  -16,    4,  -12,   -8,
     -46,  -12,  -12,   -8,   16,   16,   -8,    4,  -12,  -12,   -8,    4,   16,    4,  -12,   -8,
     -16,    8,    8,   -8,   -8,   -8,   -4,   -8,   -4,   -6,   -6,   -5,  -12,  -12,   -8,   -6,
      -6,    8,    8,   -6,   -6,    8,   -6,  -20,   -8,  -20,  -16,  -12,  -12,  -16,   -4,  -12,
      -8,   -8,  -10,   -4,   -6,   -8,   -6,   -6,  -20,   -4,  -12,  -12,   -8,   12,   12,   -8,
     -12,  -12,   -8,  -10,   -6,   -8,   -4,  -12,   10,  -16,    8,    4,   -6,   -9,   -4,   -5,
     -12,  -14,  -24,  -24,    4,  -16,   -6,   -6,   -9,   12,   12,   -9,   -6,   -6,   -9,   12,
      -5,  -16,   -8,  -16,   16,  -20,  -10,  -32,    4,  -32,  -44,  -12,  -12,  -16,   -8,    8,
      -4,  -10,   -6,   -6,   12,   -8,   -4,   -6,   -6,    8,   -4,   16,   16,   -4,   -8,  -18,
      -8,  -18,  -14,   -6,   -9,   -6,  -12,  -10,   -6,   -4,   -6,   -4,  -16,   -6,   -9,   -9,
      -6,   16,   16,   -6,   -9,   -9,   -6,  -10,   -4,  -12,   -6,  -12,    8,   15,  -40,  -40,
     -39,  -40,   -6,   -6,   12,   -4,   -6,   -6,  -11,   12,   -7,    8,   10,   12,   12,  -54,
      -6,   -6,   -6,    8,    8,   -6,   -6,   -6,   -6,   20,   -7,  -11,    8,   12,    8,   -4,
     -16,  -16,   12,  -12,   -6,   30,   -4,   -6,   -8,  -12,  -16,   -4,  -12,   20,    4,   36,
      12,   22,   28,  -28,   -8,   36,   18,   -4,    8,  -12,  -12,  -12,   16,  -12,   12,  -20,
     -14,  -26,   12,  -28,   -4,   -8,  -12,    8,  -12,   12,   -8,  -12,   -8,  -24,  -16,   -8,
      -8,   -8,   -8,   -4,   -4,   -4,  -12,   -8,   -4,   -8,  -12,  -12,   -8,  -36,  -16,  -36,
     -50,  -16,  -16,  -44,  -12,  -10,   -6,   -4,  -22,  -24,  -25,  -28,   -8,  -20,   -8,  -40,
     -12,  -22,  -22,  -24,   16,   16,  -24,  -22,  -22,  -24,  -28,   -8,   -8,  -25,  -12,   -8,
       8,    8,  -16,  -16,  -23,  -28,   -6,   -6,   -6,   -4,   -8,   -6,  -16,  -10,   -8,   -8,
      -8,  -28,   -6,  -12,   -8,   -8,   -6,   16,   16,   -6,   -8,   -8,   -6,  -10,   -8,  -16,
      -6,   16,  -40,  -20,  -40,  -54,   -8,   -8,  -46,  -16,   -6,  -10,   12,    8,  -26,   10,
     -29,   -8,  -36,   10,  -10,   -8,  -26,   -8,   -8,  -12,   -8,  -13,  -16,  -12,  -56,  -16,
     -42,  -38,  -29,   24,   24,  -29,   10,  -42,  -26,  -29,   10,   24,   10,  -10,  -26,  -13,
     -36,  -16,  -16,    8,   12,    8,  -12,   10,   12,    8,    8,  -12,  -18,    8,  -18,   12,
      -4,   20,   20,    8,    8,   20,    8,   -4,  -32,  -20,  -32,  -42,  -12,  -12,  -41,  -20,
      -6,  -10,   10,   10,  -26,    8,  -32,   -8,  -26,    8,  -12,   -8,  -32,  -12,  -12,  -14,
     -12,  -12,  -20,  -16,  -44,  -20,  -26,  -38,  -32,   44,   28,  -32,    8,  -38,  -38,  -32,
       8,   20,    8,  -12,  -32,  -12,  -16,  -26,   -8,  -20,  -16,    8,   -4,   -4,   -4,   -4,
       8,    8,   12,   -4,   16,   16,   20,    8,    8,   16,   16,   20,    8,   16,   20,  -12,
     -32,  -20,  -40,  -32,   -8,    8,   -8,  -12,  -12,  -12,  -12,   -8,   -8,   -8,    8,  -12,
     -32,  -12,  -16,  -40,   -8,  -12,  -12,  -12,  -12,  -40,  -32,  -26,  -16,  -10,  -40,   -4,
      -4,  -14,  -14,   -5,   -8,  -16,  -12,   -8,   -8,   -6,   -6,  -16,   -6,  -24,   -5,   -5,
       4,   -4,   -6,   -4,   -5,   -5,   15,  -20,   -8,  -24,   -4,   -4,   -6,   -4,   -4,   -4,
      -4,   -4,   -4,   -4,   -4,   -6,    8,  -12,    4,  -12,   -8,  -10,  -16,   -4,   -4,   -4,
      -4,   -4,   -4,   -4,   12,   -8,   24,   41,   40,   40,   -8,   -8,  -12,   22,   33,   33,
      -5,   -6,   -4,    8,   12,   -7,    8,    8,   40,    3,   15,    4,   48,   84,   52,   -6,
       6,    2,   -2,   38,   40,   16,    5,   12,   -4,   32,   38,   12,    8,  -12,   -6,   -4,
      10,    6,   10,    4,    4,   -6,   -6,   -4,   -4,   -6,   -6,   -4,   10,   20,    6,   16,
      -8,   -6,  -36,   -4,   -4,  -22,  -22,  -20,  -12,  -14,  -14,  -12,   -8,   -8,   -8,   -8,
      -6,   -8,   -6,   -8,   -8,    4,   -6,    4,   -6,   -6,   -8,   -4,   -6,   -6,   -8,   -6,
      -8,   -8,   -8,  -12,   -8,   -6,  -20,   26,    4,   -8,   12,   26,  -12,    8,  -24,   -8,
     -24,  -24,   -8,  -10,   -6,   -8,  -13,   -6,   -9,    6,  -10,  -10,   -8,   -8,   -6,  -10,
     -10,   -8,   -6,   -6,   -9,  -13,   12,   12,   -6,   -6,  -12,  -10,  -20,   -6,   -6,   -4,
      -4,   -4,   -6,   -6,   -6,   -6,   -6,   -8,  -20,   -4,   -4,    6,    8,  -10,  -24,   -8,
       8,   -8,   -8,   -8,   20,  -32,   -6,  -32,  -22,   -5,  -10,   -8,   10,  -18,  -10,    4,
      10,    4,    8,  -13,   12,   16,    6,    6,    6,   -5,   -5,   -8,    4,   -8,  -10,   -5,
      -5,   -8,  -10,   16,  -10,    4,  -13,  -18,   16,   20,    8,   -6,   12,    8,    6,    4,
       6,   -6,   -6,   -6,   16,   20,  -20,   -4,   -4,   24,   20,   22,   22,    8,    8,   20,
      24,   22,    8,   20,   22,   16,  -12,  -16,   16,   16,   16,  -12,   -8,   -8,   -8,  -12,
     -16,   -8,   -4,   -8,  -12,  -16,   -8,   -8,  -12,   -8,  -12,  -16,  -20,  -20,   -8,  -12,
      -8,  -12,   -8,  -12,  -12,  -12,  -16,  -20,  -20,   -8,  -10,   12,  -16,  -12,  -30,  -21,
     -12,  -12,  -12,   -8,  -12,   -8,  -16,   -8,   -8,  -12,  -12,  -12,  -12,  -10,  -12,  -12,
     -12,  -12,  -12,  -12,  -12,  -12,  -12,  -12,  -12,   -8,  -16,  -12,  -10,   -8,  -16,  -10,
      12,  -12,  -12,  -12,  -12,  -12,  -16,  -12,  -24,  -12,  -12,  -16,  -16,  -16,  -12,   -6,
      -8,   -4,   -6,   -4,   -8,  -12,   -4,  -12,   -4,   12,  -28,   -8,   -4,   -4,  -12,  -32,
     -32,  -40,   -8,  -40,  -18,  -16,  -18,   -8,  -12,  -14,  -26,  -28,  -30,  -32,  -12,   -6,
      -8,   -8,   -8,   -6,   -4,  -44,   -6,   -6,   -8,   -6,   -6,   -8,   -8,   -6,   -8,  -16,
      -8,   -6,   -6,   -8,  -12,  -20,   -6,   -6,   -8,  -16,  -16,   -6,  -16,  -12,    8,    8,
       8,    8,   20,   20,    8,   20,   20,   20,   20,   20,    8,   -8,   -8,   -6,   -6,  -40,
      -6,  -36,   -5,   -5,    4,   -4,   -6,   -4,   -5,   -5,   15,  -32,   -8,   -8,   -8,   -6,
      -6,  -16,   -6,  -24,   -5,   -5,    4,   -6,   -5,   -5,   15,  -20,   -8,  -20,  -32,  -12,
       8,  -22,   10,   -7,    8,    8,  -40,  -24,  -44,    8,  -42,    4,  -40,   -6,   16,   -6,
      -8,  -26,    8,  -26,  -12,   12,   -1,   16,   -1,  -36,  -28,  -16,  -10,  -40,   -4,   36,
      -4,  -14,  -14,   -5,   36,   -8,  -16,  -12,   12,   36,   28,   20,   24,   24,   42,   16,
      42,   16,   24,   16,   12,   12,   12,   32,   16,   16,   42,   42,   36,   42,   20,   20,
      14,   24,   32,   12,    4,  -10,  -16,   -4,   12,   -4,   -4,   -4,   -4,   -4,   -4,   12,
      12,   -8,   -6,   -6,   12,   -5,  -12,  -12,   -8,   -6,   -6,    8,    8,   -6,   -6,    8,
      -6,   28,  -14,  -14,   28,  -12,   -8,   -8,   16,   -8,   16,   16,   16,   16,   -8,   16,
      16,   -8,   16,   16,   20,   16,   20,   16,   16,   12,   12,   12,   16,   16,  -12,   -8,
     -20,    8,   -4,   -4,    6,    8,  -10,  -24,   28,   -8,    8,   -8,   28,   -8,   -8,   16,
     -16,  -16,  -16,  -10,    6,    8,   12,   16,    4,   16,    4,   12,    8,   24,   -4,   24,
      12,   12,  -28,   24,   24,   24,   -4,   12,   12,   16,   -6,   -6,  -16,   12,    8,   12,
       8,   12,   12,    8,   16,    8,   16,   12,   12,   12,    8,   24,   16,   20,   12,  -16,
     -16,  -23,  -26,    4,   -6,   -6,   12,   16,   16,   14,    8,   -8,   20,   -6,  -16,   20,
     -10,   -8,   -8,   16,   -8,  -28,   -6,   -8,   -8,   -6,   32,   32,   -6,   20,   -8,   -8,
      -6,   20,   20,  -10,   -8,  -16,   -6,   12,   16,    8,    8,    8,    8,    8,   12,   12,
       8,  -12,   -6,   -4,   28,   10,    6,   10,    4,    4,   -6,   -6,   -4,   -4,   -6,   -6,
      -4,   10,   20,    6,   16,   -6,   -6,   -6,   -6,  -12,  -16,  -16,  -16,  -12,   -6,   -8,
      -4,   -6,   -8,   -8,  -16,   -4,  -12,   -4,   12,  -28,   -8,   -4,   -4,  -20,    8,    8,
       8,    8,   -4,  -12,    4,  -16,  -24,  -16,  -20,  -24,  -12,  -12,  -12,  -28,  -24,  -12,
     -12,   -8,  -10,   -8,  -12,   -8,   -8,   -8,   -8,   -8,   -4,   -8,  -16,  -12,   -8,   -4,
      -8,   -8,   -4,  -12,   -8,   -6,  -16,   -6,  -12,   -8,  -12,    8,   -8,  -20,  -24,  -20,
      -8,  -20,  -16,  -12,  -12,   -4,  -16,  -16,  -12,  -12,   -8,   -8,   -8,   -8,   -8,   -6,
      -8,   -8,   -6,   -8,  -16,  -10,   12,   -6,  -16,  -16,  -20,  -20,    8,  -26,   -4,  -24,
     -12,  -29,  -12,  -12,   -4,  -32,   -8,    8,    8,   -4,   -8,    8,  -10,   -8,  -14,   -8,
      -8,  -14,  -28,  -36,   -8,  -16,   -8,  -32,  -48,  -24,   -8,  -28,   -8,  -44,   -8,   -4,
     -16,  -28,  -28,  -28,  -36,  -26,  -28,  -18,  -12,  -20,  -12,  -16,  -16,  -12,    6,   -4,
     -28,  -12,  -12,  -12,  -28,  -20,  -32,  -20,  -12,  -10,  -30,  -36,   -8,   -8,   -8,  -16,
     -50,  -20,  -50,  -46,  -32,  -20,  -32,  -10,  -40,    8,  -64,  -44,   -8,   -8,  -12,  -28,
      -8,  -34,  -40,   -4,  -32,  -52,  -44,  -24,  -36,  -40,  -12,  -20,  -16,  -16,  -20,  -60,
     -36,   28,  -16,   10,   16,  -12,  -44,  -68,   -8,  -24,  -12,    8,  -20,  -32,  -12,    8,
     -22,  -40,  -12,  -40,   -7,    8,  -28,   10,    8,    6,    8,  -20,    8,  -52,    4,   -4,
       6,   12,  -24,  -13,    8,  -28,  -13,  -44,  -36,  -36,  -20,   12,  -36,  -28,  -12,   -4,
      -8,  -12,   -8,   -8,   -8,   -8,   -8,  -14,   -6,   -6,  -16,   -6,  -10,   -4,   -6,   -4,
      -6,  -10,    8,   -6,   10,   -8,    8,  -10,   -8,  -10,  -36,  -16,  -36,  -50,  -16,  -16,
     -20,   -8,  -12,   -6,  -32,  -44,  -32,   -8,  -10,  -12,  -26,  -22,  -32,  -24,   -8,  -36,
     -44,  -28,   16,   -8,  -40,  -40,   -8,    8,    8,   -6,   16,    8,  -16,   -6,  -12,    8,
     -12,   16,    8,  -20,  -24,  -10,   -4,    8,    8,  -12,   12,   -4,    4,   -6,  -12,   16,
      -6,   -6,   -8,   -8,  -12,    8,   -8,  -12,  -16,  -16,  -16,  -12,   -6,   -8,   -4,   -8,
     -12,  -16,  -16,   -4,  -12,  -12,  -12,  -16,  -16,  -16,   -8,  -16,  -28,   -4,    8,   15,
     -40,  -40,  -39,   -6,   12,  -32,  -40,  -32,  -12,   -6,   -4,  -10,   -6,  -22,   -6,  -18,
      12,  -20,   -7,    8,   12,   12,  -54,    8,   12,   -8,  -10,    8,   -6,   -6,   -5,   -8,
      -5,  -20,    8,  -20,  -24,  -12,   -4,  -16,  -16,  -26,  -32,  -28,  -12,  -20,   -8,   -8,
     -16,  -16,  -12,   -9,  -12,  -12,  -28,   12,  -12,    8,    8,    8,   10,  -20,   12,   12,
      12,  -24,  -18,    8,  -24,    8,   20,  -18,  -28,  -24,   12,   -4,  -16,  -10,  -40,    8,
     -12,  -12,  -16,  -12,  -12,   -8,  -16,  -12,   -8,   -8,   -6,   -6,  -16,   -6,  -24,   -4,
      -8,   -4,   -4,   -8,   -4,   -6,  -10,   -4,  -20,   -8,   -4,   -6,   -8,   -4,   -8,   -6,
      -8,   -8,   -4,  -28,  -28,  -28,   -4,    4,  -20,   -6,  -20,    8,  -16,   -4,   -4,    8,
       4,    4,  -16,   -4,    8,   12,   20,  -12,  -10,  -16,   -4,   -4,   -8,   -8,  -20,  -12,
      -9,   -4,  -12,   -4,   -4,   -4,  -24,   -8,   -8,  -20,   -5,   -6,   -8,   -4,   -4,   -4,
      -4,   -4,  -12,  -24,   -4,   -8,    8,   20,  -32,   -6,  -32,  -22,   -7,  -20,   -8,  -24,
      12,   12,    6,   16,  -22,   -4,   -8,    8,   16,   12,   16,   20,    8,    4,    4,   -4,
      -6,   12,    6,    4,    6,   -8,   16,   20,  -24,  -48,   -4,   -4,   -4,   -8,  -16,  -30,
      -8,  -20,   -8,  -30,   -8,   -4,  -12,  -12,   -8,   -6,  -36,  -12,  -18,  -20,  -12,  -18,
     -12,  -20,  -12,    8,   -6,   -6,  -12,  -10,  -20,   -6,   -4,   -6,   -4,   -4,   -4,   -8,
      -4,   -8,  -10,  -10,  -12,  -10,  -12,  -12,    8,    8,    8,    8,    8,   20,   20,    8,
      -8,   -8,   -8,   -6,  -36,  -12,  -18,  -20,  -18,  -12,  -20,  -12,    8,  -16,  -20,  -20,
      -8,  -16,  -16,  -24,  -12,   -8,   -8,  -12,  -12,  -16,   -8,  -12,   -8,  -28,  -20,  -28,
     -12,  -12,   -8,  -32,    8,  -52,  -38,   -8,   -4,  -16,  -20,  -22,  -16,  -40,  -32,  -20,
     -28,  -36,  -12,   -4,   -8,   -8,  -44,  -28,   -4,   16,  -20,  -36,  -64,  -20,  -16,    8,
       8,  -28,  -28,  -12,  -16,  -16,   16,   16,   12,  -12,   16,   16,   12,   14,    8,  -28,
     -12,  -28,  -46,    4,  -16,  -16,  -24,  -44,  -36,   -8,  -20,  -20,  -32,  -24,  -36,  -28,
     -20,  -24,  -30,  -20,  -20,  -12,  -16,  -24,  -36,  -32,  -12,  -36,  -44,  -52,  -20,  -16,
       8,   12,  -24,  -24,  -20,   -8,  -20,  -20,   -8,   12,   16,  -24,  -24,  -34,  -28,  -28,
     -32,   -8,  -10,  -12,  -24,   -8,  -20,  -24,    4,  -12,   16,   -8,   -8,  -46,    8,    8,
     -12,  -16,  -16,   20,  -12,    8,   -4,  -28,   12,  -12,   -8,  -12,  -28,    8,  -32,   16,
       8,  -12,  -12,  -30,  -36,   12,   -6,   -8,   -8,  -12,   -4,   -8,   12,   20,   12,  -24,
     -16,  -16,  -20,  -26,  -24,  -16,   -8,  -40,   -8,  -12,  -12,  -12,  -16,  -32,  -20,  -32,
     -42,  -12,  -12,  -20,  -16,  -20,  -10,  -28,   12,  -34,  -20,  -10,   -6,  -12,  -24,  -24,
     -12,  -28,  -22,  -20,  -20,  -28,   -8,  -20,  -12,  -14,  -12,  -40,    8,  -22,   28,  -12,
      12,   10,  -20,  -28,  -40,  -16,   -8,    8,   12,    4,    4,  -12,   24,    8,    8,    8,
       8,   10,  -20,   12,   16,   12,   16,   12,  -24,    8,  -24,    8,    8,    8,   20,   24,
       8,  -28,  -24,   12,   -4,    8,    4,    4,   -4,   -6,   12,    6,    4,   28,    6,   -8,
      16,   20,  -50,  -36,   -8,  -32,  -12,  -44,  -20,  -20,  -20,  -20,  -40,  -40,  -20,  -16,
      -8,  -12,  -12,   -8,  -12,   -8,  -12,  -28,  -28,  -12,  -20,   -8,   -4,   -4,  -16,  -20,
     -12,   -8,  -12,   -8,   -6,   -6,  -12,  -12,   -8,   -8,   -4,   -8,   -6,   -8,   12,  -28,
       4,    4,    8,   10,  -44,   12,  -16,  -12,   12,   -8,   -8,   12,  -24,  -32,    8,  -24,
       8,   -8,   20,  -32,  -28,  -64,   12,   -4,   -8,  -32,  -32,  -28,   16,    8,    8,    8,
     -12,  -12,    8,    4,  -12,    4,    4,  -44,  -48,  -12,   20,   20,  -12,    8,  -12,    8,
      20,    8,  -12,  -12,   16,  -22,    8,  -28,  -26,  -12,  -12,  -12,  -16,    4,  -20,    8,
     -12,   20,    4,    4,    8,    8,    8,  -48,  -32,  -32,  -40,  -16,   -8,    8,    8,  -16,
       4,  -20,  -34,    4,  -32,    4,   -8,  -66,  -16,  -16,  -16,  -20,    8,    8,  -20,    4,
     -16,  -16,  -20,    4,   16,    4,  -32,   -8,  -34,  -16,  -16,   -8,  -30,  -40,  -30,   -8,
     -16,  -16,  -28,  -20,  -28,  -32,    4,  -32,    8,    8,    8,  -20,  -66,
};


static const EpdFontData bookerly_12_regular = {
    bookerly_12_regularBitmaps,
    bookerly_12_regularGlyphs,
    epdSharedFontIntervals_428f867c6270,
    72,
    33,
    27,
    -7,
    true,
    bookerly_12_regularGroups,
    17,
    nullptr,
    nullptr,  // kernLeftClasses: built-in fonts use the split arrays below
    nullptr,  // kernRightClasses
    epdSharedFontKernLeftCodepoints_85f134c3ae36,
    epdSharedFontKernLeftClassIds_a8fe550fccd6,
    epdSharedFontKernRightCodepoints_5f9791ee0f72,
    epdSharedFontKernRightClassIds_646802a215db,
    nullptr,  // kernMatrix: built-in fonts use the sparse form below
    epdSharedFontKernRowOffsets_6c7ee0176d00,
    epdSharedFontKernSparseCols_2ce1da517c6d,
    bookerly_12_regularKernSparseValues,
    676,
    685,
    149,
    123,
    epdSharedFontLigaturePairs_607bf6e70845,
    5,
};
