/**
 * generated by fontconvert.py
 * name: notosans_16_bold
 * size: 16
 * mode: 2-bit  compressed: zopfli
 * hinting: auto (FT_LOAD_FORCE_AUTOHINT — grid-fits stems to whole pixels)
 * Command used: fontconvert.py notosans_16_bold 16 ../builtinFonts/source/NotoSans/NotoSans-Bold.ttf --2bit --compress --zopfli
 */
#pragma once
#include "EpdFontData.h"
#include "shared_tables.h"

static const uint8_t notosans_16_boldBitmaps[37148] = {
    0xAD, 0x95, 0xB1, 0x8E, 0xF4, 0x48, 0x15, 0x85, 0x4F, 0xDB, 0x30, 0x0E, 0x2C, 0xE4, 0x07, 0x58,
    0x24, 0xE7, 0x20, 0xE1, 0x47, 0xB0, 0x57, 0x1B, 0x12, 0xEC, 0xA3, 0x4C, 0x42, 0x5E, 0x16, 0x1B,
    0x10, 0x6C, 0xC0, 0x2F, 0x5E, 0x64, 0x53, 0xB2, 0xF2, 0x6A, 0x42, 0x82, 0xDF, 0x2B, 0x42, 0x02,
    0xAC, 0x65, 0x02, 0x32, 0x2C, 0x61, 0x84, 0x67, 0x65, 0xD7, 0xE1, 0x1C, 0xD9, 0xEA, 0xBF, 0xA7,
    0x35, 0xBB, 0x82, 0x9F, 0xAD, 0x76, 0x7D, 0xD5, 0x53, 0x75, 0xEF, 0xA9, 0xDB, 0xD7, 0x55, 0x77,
    0x38, 0xFC, 0xF0, 0x07, 0x6A, 0x4D, 0x1F, 0x27, 0xCE, 0x9C, 0xE3, 0xD4, 0xF4, 0x7C, 0x22, 0xBF,
    0x20, 0x7F, 0x9B, 0xE2, 0xF1, 0x7C, 0xBA, 0x87, 0xE3, 0xC1, 0x8E, 0x7C, 0xAD, 0x46, 0x14, 0x4B,
    0x3D, 0xA0, 0x98, 0x9B, 0x01, 0xE5, 0xDC, 0xF6, 0xA8, 0x26, 0x63, 0x0C, 0x5D, 0x4B, 0xB5, 0x3B,
    0xA0, 0xED, 0x77, 0xA0, 0xFD, 0x74, 0x03, 0x42, 0x26, 0x44, 0xC1, 0xF3, 0xDB, 0x1D, 0x2E, 0x5B,
    0x39, 0x23, 0xDB, 0xAA, 0x19, 0xF9, 0x56, 0x4D, 0xDA, 0xA7, 0x1E, 0x91, 0x5F, 0xF7, 0x41, 0xAE,
    0x7E, 0xA0, 0x78, 0x06, 0x32, 0x72, 0x41, 0x45, 0x26, 0xB4, 0x72, 0x45, 0x34, 0xF8, 0xB7, 0xE1,
    0x37, 0xE0, 0x93, 0x4C, 0xF8, 0x67, 0x21, 0xFE, 0x5B, 0x08, 0x14, 0x1A, 0xAE, 0xF2, 0x22, 0x7B,
    0x4D, 0xCA, 0x0D, 0x25, 0x37, 0x49, 0x91, 0xC2, 0x9F, 0x8C, 0x27, 0xA2, 0x37, 0xD2, 0x67, 0x7F,
    0x21, 0x48, 0xEE, 0xC6, 0x6A, 0xD1, 0x09, 0x0F, 0x7C, 0x39, 0xF6, 0xBD, 0x41, 0x96, 0xA0, 0x0C,
    0xA0, 0x96, 0xB6, 0xA2, 0x6D, 0x39, 0x43, 0x01, 0x06, 0x29, 0x2B, 0x0B, 0xFC, 0x52, 0x8E, 0x00,
    0xF3, 0x0D, 0x09, 0x1E, 0xF4, 0xC5, 0x83, 0xEC, 0x3D, 0x54, 0x73, 0xEC, 0x62, 0xBE, 0x36, 0x4F,
    0x9C, 0xC3, 0x97, 0x4B, 0xFB, 0x7B, 0xAE, 0x72, 0x8F, 0x35, 0xB7, 0x9A, 0x63, 0x6A, 0xBE, 0x4D,
    0x59, 0xCA, 0xB7, 0xF6, 0x1B, 0x5A, 0xBF, 0x1D, 0x08, 0xE9, 0x7B, 0x40, 0x3D, 0x7A, 0x90, 0xBE,
    0x07, 0x44, 0x78, 0x90, 0x7E, 0xF3, 0x4D, 0x52, 0xC6, 0x50, 0x7F, 0xBB, 0x3B, 0x9E, 0x8A, 0x1B,
    0x9C, 0x3D, 0xCE, 0xB2, 0x97, 0x55, 0x8F, 0x4F, 0x52, 0x07, 0x5C, 0x9C, 0x2A, 0xCD, 0x72, 0x07,
    0x9C, 0x31, 0x31, 0x95, 0x14, 0xB7, 0x9C, 0x66, 0x61, 0xEE, 0xD5, 0xEE, 0x14, 0x85, 0xD5, 0xA9,
    0xE5, 0x04, 0x80, 0xEC, 0xEC, 0x25, 0x75, 0xC5, 0x46, 0x34, 0x0A, 0x94, 0x43, 0x3B, 0xC7, 0x99,
    0x4B, 0x98, 0x39, 0xB6, 0x3B, 0x47, 0x0E, 0x15, 0x7D, 0x7C, 0x9C, 0x4A, 0xF9, 0x30, 0x21, 0xAE,
    0x17, 0xEE, 0x90, 0xA5, 0xBC, 0x6B, 0x73, 0xF4, 0xBE, 0x71, 0xC1, 0x23, 0xFB, 0x26, 0xC9, 0xB6,
    0x67, 0x1F, 0xFD, 0xE9, 0x82, 0x3F, 0x00, 0xBB, 0x4B, 0x82, 0x52, 0x54, 0xAE, 0x0E, 0xBD, 0x9E,
    0xD0, 0x8E, 0x68, 0x95, 0x4C, 0x3D, 0x3D, 0x62, 0x07, 0xE2, 0xCD, 0xC7, 0x4B, 0xB1, 0xB7, 0x59,
    0xAB, 0x67, 0xB4, 0x63, 0x35, 0x4B, 0xC4, 0x52, 0x97, 0x64, 0x59, 0x2D, 0x35, 0xE3, 0x87, 0xC9,
    0x6C, 0xC7, 0xE5, 0x74, 0xEE, 0xEC, 0x1C, 0x0E, 0xE7, 0xB7, 0x1E, 0x6F, 0xDC, 0xDB, 0x8C, 0x72,
    0xB1, 0xE3, 0x35, 0xBC, 0x66, 0xB4, 0x93, 0xFF, 0xBE, 0xC7, 0x4F, 0xB2, 0xF5, 0xD2, 0x35, 0x7F,
    0x58, 0x1F, 0xFB, 0x86, 0x4E, 0x93, 0xF1, 0x4B, 0xA1, 0x47, 0x45, 0x00, 0x0D, 0x7B, 0x20, 0x7C,
    0x35, 0x02, 0xF4, 0x0B, 0x62, 0xA9, 0x28, 0xF7, 0x7C, 0x01, 0x7E, 0x9E, 0x75, 0xB0, 0xF2, 0xF7,
    0x75, 0xDE, 0xB5, 0xEF, 0xB3, 0xAB, 0x97, 0x66, 0x6E, 0xE7, 0x56, 0xA7, 0x24, 0x28, 0xB7, 0x04,
    0x39, 0x5C, 0x9F, 0xDB, 0x8B, 0x0D, 0x27, 0x0B, 0xFE, 0x11, 0x74, 0xEF, 0x90, 0xF9, 0xFC, 0xFB,
    0x38, 0xEF, 0x80, 0xA2, 0x42, 0xB5, 0x02, 0xF5, 0x2C, 0x33, 0x77, 0x1F, 0x22, 0x9B, 0xF5, 0xB8,
    0xDC, 0x9A, 0x6E, 0xA7, 0xE9, 0x72, 0x9A, 0x4E, 0x1F, 0x4C, 0xD1, 0x24, 0xC8, 0x90, 0x23, 0x4A,
    0xD2, 0x37, 0x84, 0x1B, 0xDA, 0xAD, 0x4A, 0xD2, 0xCB, 0x89, 0x30, 0x65, 0xEC, 0xE2, 0x78, 0x61,
    0x4F, 0xC1, 0x75, 0xE7, 0x87, 0x60, 0x93, 0x68, 0xE3, 0x60, 0x37, 0x0B, 0xA0, 0xD9, 0x2A, 0xA2,
    0x22, 0x77, 0x14, 0xE4, 0xEA, 0x93, 0x3D, 0x1D, 0x5B, 0x3A, 0x38, 0xA7, 0x1A, 0x81, 0xDE, 0xDE,
    0xBB, 0xA3, 0x55, 0x8F, 0xFF, 0x94, 0xD3, 0x17, 0xC4, 0xCF, 0xE4, 0x8C, 0xFF, 0xA7, 0x7F, 0xC2,
    0xFE, 0xA8, 0x39, 0xF5, 0x59, 0x73, 0xA8, 0x54, 0x15, 0xEC, 0xF3, 0xE1, 0xE2, 0x4C, 0xE2, 0x8A,
    0x8B, 0x91, 0xCB, 0x1A, 0x05, 0x01, 0xD4, 0x49, 0x68, 0x37, 0x81, 0xB3, 0xE7, 0x07, 0x87, 0x79,
    0x3B, 0x95, 0x79, 0xAA, 0x3C, 0x0E, 0x09, 0x39, 0xB7, 0xAF, 0x71, 0x89, 0xA9, 0xF3, 0xC2, 0x7C,
    0x54, 0x38, 0xCF, 0xA1, 0xEE, 0xAC, 0x80, 0xFC, 0x8A, 0x22, 0xD9, 0x5B, 0x82, 0x4E, 0xC7, 0x85,
    0x09, 0x02, 0x27, 0x63, 0x77, 0x04, 0x14, 0x32, 0xF6, 0x77, 0x41, 0x76, 0x0E, 0xF2, 0x45, 0xAB,
    0x1D, 0x2D, 0x4A, 0xCB, 0xF3, 0x5A, 0xF0, 0x5C, 0x17, 0x2C, 0x6A, 0x04, 0x83, 0x42, 0x66, 0x14,
    0x46, 0xF5, 0x57, 0xA1, 0x79, 0x2F, 0x84, 0xCF, 0x85, 0x24, 0xE3, 0x6C, 0x13, 0x8A, 0x55, 0xA8,
    0x66, 0xA1, 0x19, 0x85, 0xD0, 0x0B, 0x96, 0x9F, 0xEF, 0x70, 0xC8, 0xBF, 0x81, 0x86, 0x5C, 0x0E,
    0xB4, 0x1F, 0x30, 0xC3, 0x87, 0xEC, 0x15, 0x02, 0x5F, 0x0C, 0x8E, 0xC6, 0x62, 0x6C, 0xF8, 0x29,
    0x42, 0xC2, 0x99, 0xCB, 0x9C, 0xF7, 0xE8, 0x50, 0x26, 0xBC, 0xA0, 0x39, 0x6A, 0xBB, 0x31, 0x1B,
    0xAA, 0x91, 0x7C, 0x06, 0x70, 0x89, 0xFE, 0x45, 0x4E, 0x18, 0x85, 0xDC, 0xA8, 0xD8, 0x01, 0xF5,
    0x0A, 0x9C, 0x11, 0x8C, 0x42, 0xF8, 0x5A, 0x1E, 0xF1, 0xFD, 0x21, 0x90, 0x0C, 0x82, 0x3E, 0x07,
    0x9C, 0xF4, 0x22, 0xEF, 0x4E, 0x75, 0x9C, 0x2E, 0xAE, 0x98, 0xCA, 0x7D, 0xBB, 0x95, 0xEC, 0x2A,
    0x1B, 0x17, 0x8E, 0xF4, 0xE2, 0xCD, 0x5D, 0x9C, 0x2D, 0xC0, 0xE1, 0x0E, 0x4E, 0x74, 0x87, 0xF3,
    0xD5, 0xEE, 0x67, 0x72, 0x6E, 0x03, 0x31, 0xE2, 0x28, 0x1C, 0xB6, 0xFD, 0xF5, 0x18, 0x5C, 0x6D,
    0x8D, 0x76, 0xB9, 0xDA, 0x4E, 0xF7, 0xB6, 0xBE, 0x34, 0xBE, 0xD0, 0x9C, 0x51, 0x91, 0x4E, 0x3B,
    0x13, 0x1C, 0xA4, 0xEF, 0xE9, 0x89, 0x66, 0x29, 0x78, 0xFC, 0x5F, 0x28, 0xC8, 0xC5, 0x31, 0x8F,
    0x4E, 0x39, 0xEC, 0x36, 0xC9, 0x4D, 0x09, 0x6B, 0xD7, 0x8A, 0x52, 0xCF, 0xD9, 0x73, 0xB8, 0xBC,
    0xBA, 0xB6, 0xF2, 0xED, 0x03, 0x49, 0x2B, 0xEF, 0x47, 0x2D, 0xC0, 0x63, 0xEA, 0x84, 0x17, 0x20,
    0xB7, 0x54, 0x75, 0xBE, 0xDF, 0x0D, 0x61, 0x29, 0x0F, 0x15, 0x58, 0xA5, 0xBF, 0xA9, 0x00, 0xCE,
    0x69, 0xD4, 0xEA, 0x60, 0xA9, 0xA1, 0x31, 0x4A, 0x6E, 0xB2, 0x8A, 0xD3, 0x71, 0x9E, 0x25, 0x98,
    0x5D, 0x5F, 0x72, 0xB5, 0x0B, 0x8A, 0xAA, 0x26, 0x67, 0x63, 0x10, 0x92, 0xA6, 0xF9, 0x0E, 0x78,
    0x5D, 0x03, 0x6F, 0xDB, 0xED, 0x4A, 0xA5, 0xB7, 0xE5, 0x4F, 0x33, 0x57, 0x03, 0xDE, 0x68, 0xF5,
    0xDC, 0x4C, 0x8D, 0x6A, 0x6C, 0xDB, 0x87, 0x2E, 0x22, 0xE1, 0x6C, 0xA5, 0xF7, 0xD5, 0x70, 0x94,
    0x9F, 0xC2, 0xE7, 0x91, 0x9D, 0x07, 0x9F, 0x47, 0x4E, 0xEA, 0x8B, 0x0C, 0xD8, 0xA3, 0x38, 0x4E,
    0xED, 0x88, 0x07, 0x07, 0xD6, 0xF0, 0x8C, 0xBE, 0x56, 0xBF, 0xF0, 0xAE, 0xE1, 0x6C, 0x6F, 0xCD,
    0x4F, 0xEA, 0x09, 0xA7, 0xF6, 0x2E, 0x01, 0x8E, 0x12, 0x38, 0xBF, 0x20, 0xEE, 0x47, 0x2C, 0x35,
    0x25, 0x9F, 0xF0, 0xC8, 0xB1, 0xD0, 0x5A, 0x54, 0x1A, 0xB8, 0x02, 0x4E, 0x9C, 0x4F, 0x46, 0xE7,
    0x4D, 0xA3, 0x2E, 0x04, 0x39, 0xC6, 0xA3, 0xDC, 0xAC, 0xBF, 0xEA, 0x1A, 0x5F, 0xEE, 0xB3, 0xD7,
    0xEA, 0xC1, 0x2F, 0x7E, 0x92, 0x5C, 0x8F, 0x5A, 0xB2, 0xCD, 0xE2, 0x7B, 0xA0, 0x3E, 0x00, 0xBF,
    0xB8, 0x49, 0x64, 0x7B, 0x1C, 0xB0, 0x6B, 0x8F, 0xEA, 0x9E, 0xD3, 0xE5, 0xFA, 0xBB, 0x98, 0x91,
    0x1C, 0x1D, 0x10, 0xB9, 0x69, 0xF1, 0xE5, 0x08, 0xAD, 0x77, 0x19, 0x2A, 0xF6, 0x07, 0x3E, 0xB7,
    0x53, 0xB5, 0xB4, 0x64, 0xA5, 0xF4, 0x92, 0x2C, 0x97, 0xF6, 0x89, 0x1D, 0x8B, 0x35, 0xFC, 0x6E,
    0x03, 0xF3, 0x2D, 0xFE, 0x7A, 0xF1, 0xA0, 0xE5, 0xBB, 0x41, 0x26, 0xAC, 0x96, 0x4C, 0x0E, 0x2C,
    0xF6, 0x82, 0x9F, 0xCF, 0xFC, 0x8C, 0xDE, 0x29, 0xF6, 0x64, 0xCD, 0x3E, 0x0C, 0xCD, 0x9A, 0xEF,
    0x8E, 0xD7, 0xAD, 0x5E, 0x4C, 0x94, 0x49, 0xE8, 0x91, 0xF3, 0x19, 0x8F, 0x0E, 0x94, 0xA4, 0x86,
    0xF2, 0x18, 0xF0, 0xA8, 0x69, 0x35, 0x6E, 0x57, 0x3A, 0x83, 0x90, 0x39, 0xCD, 0x64, 0x96, 0x1B,
    0x7B, 0x27, 0xC8, 0x0E, 0xF5, 0x1A, 0x46, 0x67, 0xC5, 0x35, 0xC9, 0x07, 0x07, 0x08, 0x93, 0x73,
    0x14, 0x47, 0x5F, 0x57, 0x0E, 0x95, 0xEF, 0x7A, 0x5F, 0xEE, 0xCE, 0x00, 0x93, 0x65, 0x48, 0x14,
    0x66, 0x57, 0x0A, 0x36, 0xB0, 0x59, 0x6D, 0x8E, 0xAD, 0x5C, 0xE2, 0xDC, 0x2E, 0x96, 0x0A, 0xB3,
    0xB8, 0x72, 0x72, 0x09, 0x26, 0x53, 0x7F, 0xAD, 0xCF, 0x34, 0x7C, 0x49, 0x0A, 0x0E, 0x37, 0x97,
    0xCE, 0xDF, 0x3C, 0xD7, 0xD1, 0xFB, 0x08, 0x8B, 0xF1, 0x62, 0x68, 0x6E, 0x78, 0xE0, 0x28, 0xBB,
    0x38, 0x09, 0x61, 0x16, 0x5A, 0x23, 0x18, 0x51, 0xC8, 0x38, 0x5D, 0xAB, 0xCF, 0x75, 0xA3, 0x77,
    0x3E, 0x1E, 0xDF, 0x9D, 0xFF, 0x7C, 0x28, 0xE4, 0xC2, 0x54, 0xB1, 0x2F, 0x86, 0x66, 0x87, 0xA3,
    0x13, 0xC2, 0x87, 0xF2, 0x32, 0x1A, 0xC3, 0x1B, 0x18, 0x4F, 0x13, 0x1B, 0x9F, 0x55, 0xC9, 0x02,
    0x90, 0xD4, 0xC3, 0x54, 0x58, 0x34, 0x33, 0x10, 0xE8, 0x8B, 0xC1, 0xEF, 0x40, 0xA6, 0xEE, 0x5A,
    0xA4, 0xD9, 0x19, 0xA3, 0x7F, 0x82, 0xC3, 0x0D, 0xAB, 0x50, 0x6F, 0x42, 0xB5, 0x0B, 0x65, 0x12,
    0x0A, 0x0A, 0xF9, 0x1B, 0xF0, 0x82, 0x4D, 0x4E, 0xE3, 0xC6, 0x6E, 0x61, 0x71, 0x9A, 0xE6, 0x57,
    0xBF, 0x77, 0x11, 0xF4, 0x4B, 0x1D, 0xC5, 0x4D, 0x77, 0xC6, 0x70, 0xDF, 0xED, 0x76, 0xDB, 0xEF,
    0xD7, 0xEF, 0x6C, 0xC7, 0x3B, 0xCD, 0xB7, 0xF4, 0x3F, 0x7E, 0x8F, 0xBB, 0x0E, 0x7C, 0xA5, 0xB7,
    0x56, 0x93, 0x09, 0x91, 0xDC, 0x73, 0x92, 0x5B, 0xC5, 0x09, 0x7F, 0xAC, 0xE9, 0xC4, 0x6F, 0x6F,
    0xBD, 0xAF, 0x92, 0x3E, 0x84, 0xAF, 0x30, 0x22, 0x67, 0x9C, 0x84, 0x30, 0x0B, 0xED, 0x22, 0x34,
    0xBB, 0xE0, 0x57, 0xCF, 0x82, 0x6A, 0x17, 0x03, 0xAD, 0x91, 0x31, 0xBD, 0x73, 0x7E, 0xB7, 0xFF,
    0x1A, 0x6A, 0xF7, 0xF0, 0xC2, 0xC7, 0x80, 0xE7, 0xD3, 0x70, 0xCA, 0x89, 0xFF, 0xE9, 0x91, 0xCB,
    0xD5, 0x1D, 0xD5, 0x8F, 0xF7, 0xD4, 0x1B, 0xC2, 0x1A, 0x39, 0x47, 0x17, 0xD5, 0x2E, 0x3C, 0xC3,
    0x97, 0x6D, 0x13, 0xE2, 0x7C, 0xDE, 0xD1, 0xDC, 0xF7, 0xB1, 0x4A, 0x5A, 0x68, 0x37, 0x21, 0xCE,
    0xE0, 0xD7, 0x1C, 0xC1, 0x27, 0xF6, 0xE0, 0xFB, 0x04, 0xF0, 0x1F, 0x9B, 0xC0, 0xDD, 0xA0, 0xE1,
    0x85, 0x7F, 0xD9, 0xC4, 0xC6, 0x72, 0x5B, 0x85, 0xC6, 0xBE, 0x15, 0x85, 0xC2, 0x7A, 0x99, 0x95,
    0xC1, 0xE9, 0x38, 0xE0, 0xDE, 0xF2, 0x3F, 0xBD, 0x96, 0x21, 0x90, 0xE5, 0x44, 0x10, 0x86, 0x3B,
    0x49, 0xD5, 0x45, 0x44, 0xC4, 0xD7, 0x8A, 0x78, 0x15, 0x2F, 0xA8, 0x89, 0x37, 0x87, 0x37, 0x78,
    0x0C, 0x5E, 0x4D, 0xBC, 0x61, 0xBD, 0x39, 0x34, 0x0A, 0x89, 0x62, 0x02, 0x16, 0xC1, 0xE0, 0x05,
    0x29, 0x0A, 0x7F, 0x81, 0x0A, 0x75, 0xD9, 0x22, 0x49, 0xF3, 0xFF, 0xDD, 0xBB, 0xAF, 0xF6, 0x71,
    0x50, 0xB5, 0xB7, 0x2C, 0xEC, 0xBE, 0xF9, 0x3A, 0x9B, 0xE9, 0xE9, 0xFE, 0xA7, 0xA7, 0xB3, 0x79,
    0x3A, 0x89, 0xBC, 0xE8, 0x50, 0x5D, 0x31, 0xB6, 0xCB, 0xD8, 0x44, 0x1A, 0x5D, 0x74, 0x17, 0x69,
    0x61, 0x0E, 0x37, 0xA7, 0x48, 0x0F, 0xA3, 0x22, 0x81, 0x66, 0x30, 0x93, 0x46, 0x49, 0x71, 0xD1,
    0x38, 0x89, 0x86, 0x45, 0x43, 0x36, 0xD3, 0xCF, 0xE5, 0x01, 0xD3, 0x2D, 0xD5, 0x0E, 0xD3, 0xBA,
    0x69, 0xB6, 0x66, 0x85, 0xA9, 0xF7, 0x76, 0x81, 0xA9, 0xEE, 0xCD, 0xD1, 0x67, 0x98, 0x42, 0xC3,
    0x04, 0x23, 0x1A, 0xDD, 0xE8, 0x40, 0x93, 0x54, 0x68, 0xC2, 0xBD, 0x39, 0xCC, 0xF4, 0xBB, 0x99,
    0xCE, 0xCC, 0x0A, 0x2D, 0x93, 0xEE, 0xC6, 0x93, 0xA4, 0x2C, 0x72, 0x32, 0x66, 0x32, 0x2D, 0x64,
    0xD8, 0xC8, 0xEE, 0x20, 0x5B, 0x25, 0x2B, 0x1D, 0xC0, 0x52, 0x27, 0x50, 0x74, 0x26, 0xE3, 0x4A,
    0x86, 0x9D, 0x6C, 0x4F, 0xB2, 0x51, 0xB2, 0xD2, 0x04, 0x16, 0xAA, 0xA0, 0x38, 0x83, 0xB1, 0x37,
    0xB6, 0xC6, 0x1A, 0x49, 0x5F, 0xE9, 0x9D, 0x88, 0x44, 0x66, 0x2E, 0x59, 0x48, 0xA9, 0xC1, 0x13,
    0x0E, 0x43, 0xA7, 0x03, 0x94, 0x57, 0xC8, 0x06, 0xCD, 0x9A, 0xE3, 0x22, 0x92, 0xE6, 0x34, 0xC3,
    0x79, 0x81, 0x33, 0xF7, 0x32, 0xFD, 0x03, 0x33, 0xE9, 0x9E, 0xBE, 0xCA, 0x22, 0x4C, 0x1E, 0xCD,
    0x23, 0x7B, 0x16, 0xCF, 0xE8, 0xD9, 0x5D, 0x89, 0x3A, 0x34, 0x13, 0x1B, 0x71, 0x60, 0x65, 0x77,
    0x02, 0xB5, 0x02, 0xD5, 0x35, 0x1A, 0xA2, 0x3F, 0xE9, 0xB7, 0x13, 0x2B, 0x31, 0x79, 0x14, 0xD8,
    0xA7, 0xE3, 0x7F, 0xAC, 0x43, 0xFE, 0xFB, 0x3A, 0xEC, 0x96, 0x7D, 0xA6, 0x12, 0x57, 0xA4, 0x0B,
    0x19, 0x37, 0xB2, 0x3F, 0x49, 0x2C, 0x01, 0x2B, 0x9F, 0xFE, 0xF2, 0x16, 0x2B, 0x87, 0xCB, 0xA6,
    0x0F, 0xC2, 0x4B, 0x32, 0xEA, 0x84, 0x1E, 0x81, 0xD7, 0x05, 0x05, 0x51, 0x72, 0xA2, 0x53, 0x73,
    0xBE, 0xAA, 0x15, 0x8B, 0x3D, 0xA5, 0x05, 0x08, 0x1B, 0xD0, 0x1D, 0x0F, 0x85, 0xAD, 0xB8, 0xA2,
    0xF0, 0x28, 0x0B, 0x10, 0x57, 0x00, 0xEA, 0x6F, 0xF4, 0x56, 0x0A, 0xEA, 0x6E, 0x88, 0x8E, 0xDA,
    0xFB, 0xBD, 0xF8, 0x5A, 0xB0, 0x3D, 0xEE, 0x98, 0xD8, 0x08, 0x8A, 0xEE, 0x34, 0x53, 0xF8, 0x41,
    0xDD, 0x14, 0x9E, 0x14, 0x4E, 0x0D, 0x56, 0xE0, 0xD2, 0xE7, 0x81, 0x9A, 0xA8, 0x54, 0x3E, 0x26,
    0xBE, 0x19, 0xBA, 0x13, 0x6E, 0xBA, 0x13, 0xAB, 0x1F, 0xC9, 0x7D, 0x6F, 0x28, 0x64, 0x5C, 0x43,
    0x5A, 0x46, 0xFA, 0x6F, 0xA1, 0x13, 0xB5, 0xBF, 0x20, 0x32, 0x9B, 0x6B, 0x96, 0x46, 0x23, 0xF4,
    0x1F, 0xE1, 0x90, 0xB8, 0x77, 0x3C, 0x90, 0x06, 0xC8, 0x05, 0x30, 0xA0, 0xC4, 0xBF, 0x08, 0x2B,
    0x97, 0x72, 0x9C, 0xA9, 0x80, 0x55, 0x35, 0x96, 0x68, 0x9B, 0x0D, 0x41, 0xA8, 0xCC, 0x59, 0x1F,
    0xFC, 0xF8, 0x9F, 0xCE, 0x6E, 0x95, 0x02, 0x4D, 0xCB, 0x25, 0xA3, 0x2F, 0x8C, 0x08, 0x15, 0x73,
    0x62, 0x5B, 0xCE, 0x4A, 0xFE, 0xCA, 0x56, 0xEA, 0x7E, 0x53, 0x6E, 0xF1, 0x9D, 0xF1, 0x8F, 0xC3,
    0x0E, 0x62, 0x07, 0x2B, 0xDD, 0x8C, 0x2B, 0x58, 0x78, 0x1B, 0xAA, 0xA9, 0x10, 0x4F, 0x9D, 0xB2,
    0xF4, 0x96, 0x08, 0xDA, 0x02, 0x04, 0x9C, 0x3C, 0x74, 0x6C, 0xA3, 0x39, 0x78, 0x11, 0x4F, 0xCA,
    0x40, 0xF6, 0x44, 0x3D, 0x14, 0xA3, 0xB8, 0xD8, 0xF8, 0xD1, 0x34, 0x74, 0x2B, 0x6E, 0x16, 0x67,
    0x1C, 0xE1, 0xD0, 0xEC, 0xE5, 0x11, 0xB8, 0xA9, 0xFA, 0xA8, 0x76, 0x5C, 0xCC, 0x52, 0x9D, 0xB8,
    0xC8, 0x50, 0x5B, 0x69, 0xBD, 0xF5, 0x33, 0x04, 0x97, 0xDA, 0xAE, 0x1D, 0x9B, 0xAF, 0xD0, 0xD7,
    0x4B, 0xBB, 0xE8, 0x28, 0x82, 0x8B, 0xE6, 0x77, 0xEA, 0xD7, 0x37, 0x73, 0x7D, 0x47, 0xF1, 0xE9,
    0x6D, 0xAE, 0x4E, 0x5E, 0x44, 0x36, 0x2D, 0xDB, 0x2A, 0xB0, 0xDF, 0x0F, 0xBB, 0x18, 0x0B, 0xDB,
    0x54, 0x8F, 0x15, 0xBC, 0xB0, 0x8E, 0xB3, 0x0D, 0xB6, 0x8A, 0x95, 0xAB, 0x35, 0x6B, 0xA1, 0xB9,
    0xE3, 0x8E, 0xC6, 0x96, 0x4D, 0x8D, 0x8B, 0xA1, 0x3D, 0xA4, 0xE4, 0xBF, 0x2C, 0x6E, 0x3D, 0x2E,
    0xF6, 0xB0, 0xCF, 0x08, 0x72, 0xA7, 0x13, 0x17, 0x32, 0x7B, 0x6D, 0x89, 0x4A, 0x8B, 0x29, 0xBA,
    0xF2, 0xDA, 0xEB, 0xC6, 0x3B, 0xF4, 0xB1, 0x5C, 0x14, 0x1C, 0x56, 0xEB, 0xFC, 0x39, 0x2D, 0x52,
    0xF0, 0x21, 0x63, 0x22, 0xA4, 0x6B, 0x94, 0x12, 0xBA, 0x83, 0x7F, 0x86, 0x8D, 0xE9, 0xE0, 0x20,
    0xBA, 0x80, 0xBC, 0xB3, 0x22, 0x03, 0xEB, 0xDC, 0xA0, 0x9E, 0x3C, 0x5F, 0xFB, 0x93, 0x6B, 0x87,
    0x60, 0x71, 0x12, 0x8F, 0x24, 0x33, 0x72, 0xFC, 0x99, 0x7A, 0xC2, 0x3B, 0xCF, 0x78, 0x30, 0xBB,
    0x9F, 0xA3, 0xAB, 0xA2, 0x70, 0x9E, 0xDE, 0x73, 0xA9, 0xF8, 0x99, 0xAE, 0x31, 0xFA, 0x33, 0x4B,
    0x61, 0x42, 0x51, 0xAC, 0x0F, 0xC0, 0x8E, 0x2D, 0x39, 0x59, 0x5D, 0x4F, 0x86, 0x87, 0xC9, 0xE2,
    0x7A, 0xB2, 0xBB, 0x4C, 0xA6, 0xF7, 0x9F, 0x6D, 0xC2, 0x7F, 0xE4, 0x03, 0x7E, 0xEF, 0x7F, 0xAC,
    0xD5, 0x33, 0x06, 0x0F, 0x6D, 0x41, 0xBA, 0xD5, 0x9F, 0xE5, 0x1A, 0xA3, 0x3A, 0xA9, 0x12, 0x62,
    0x58, 0x35, 0x0A, 0x7A, 0xEC, 0xDC, 0xDD, 0x3B, 0x37, 0x7F, 0x71, 0x96, 0x07, 0xE7, 0x68, 0xCE,
    0x49, 0xF9, 0x1B, 0x3F, 0x48, 0x5A, 0x54, 0x5F, 0x25, 0x05, 0x8F, 0xA5, 0xDA, 0x89, 0x13, 0x68,
    0xAC, 0x1E, 0x8C, 0xDD, 0xBF, 0x65, 0xF0, 0xCF, 0xF9, 0xC6, 0x68, 0xD8, 0x0A, 0x15, 0x3A, 0xF3,
    0x28, 0x77, 0xF8, 0x16, 0xA7, 0x54, 0xAB, 0xA8, 0xE0, 0x76, 0x1C, 0xDB, 0x59, 0xC2, 0xD4, 0x4F,
    0xD2, 0xCD, 0x61, 0x92, 0xD6, 0x9F, 0x4F, 0xD5, 0x85, 0xE3, 0xD3, 0x2F, 0xD8, 0xCE, 0xD6, 0xBC,
    0x08, 0x42, 0x17, 0xF9, 0x0C, 0xCA, 0x1B, 0x4C, 0xB1, 0x25, 0xD9, 0x44, 0x8A, 0x50, 0xB7, 0x96,
    0xB3, 0xBA, 0x47, 0x91, 0x94, 0xAD, 0x08, 0x04, 0x22, 0xAD, 0xB8, 0xA7, 0xF9, 0xFA, 0x2D, 0x3B,
    0xF7, 0x98, 0x70, 0x97, 0x43, 0xA5, 0x43, 0x36, 0x9E, 0x74, 0x7A, 0xD2, 0x0B, 0xF6, 0x5B, 0xEC,
    0x4D, 0x7F, 0x50, 0xE8, 0x7F, 0x0B, 0x05, 0x7E, 0xA2, 0x1B, 0x83, 0x2E, 0x7C, 0xC3, 0x64, 0x7B,
    0xC3, 0x18, 0xE4, 0x0A, 0xBC, 0xC7, 0xD9, 0xD1, 0xFD, 0x6C, 0x85, 0x2A, 0xC1, 0x28, 0x6F, 0x18,
    0xCF, 0x9A, 0xED, 0x86, 0x8F, 0xB8, 0xAE, 0xDC, 0x63, 0xA7, 0x3A, 0x87, 0xBD, 0x18, 0xD9, 0x8D,
    0xFE, 0x7C, 0xB8, 0x86, 0xCB, 0xC8, 0x7E, 0x9F, 0xF3, 0xF0, 0xFB, 0xAA, 0xC7, 0x9A, 0x16, 0xA3,
    0xC4, 0x90, 0xFE, 0x1C, 0x9E, 0xF2, 0x65, 0x21, 0xCD, 0x2C, 0xCB, 0xAE, 0x13, 0x2B, 0x36, 0x05,
    0xC3, 0x5E, 0xF3, 0xE1, 0xA5, 0xDE, 0x59, 0x28, 0x1A, 0xA0, 0xE7, 0x63, 0xF0, 0x1E, 0xE1, 0x7E,
    0x61, 0xAB, 0x7D, 0xAD, 0x47, 0xA9, 0x75, 0x8F, 0xF0, 0xE2, 0x79, 0x76, 0x50, 0x51, 0x50, 0x4E,
    0xC3, 0x6D, 0x76, 0xDC, 0x30, 0x9D, 0x87, 0x38, 0xA3, 0x12, 0xC9, 0xA2, 0xA8, 0xBE, 0x0F, 0x8A,
    0xC3, 0xAC, 0x6F, 0x8D, 0xFF, 0x8C, 0x6F, 0x7C, 0x6D, 0x43, 0xF0, 0x65, 0xCD, 0x3A, 0xCD, 0xC4,
    0xAD, 0x24, 0x56, 0x95, 0x9B, 0xE0, 0x18, 0xD9, 0x01, 0x1C, 0xF4, 0x17, 0x7D, 0x34, 0x78, 0xEF,
    0x99, 0x83, 0x5A, 0x12, 0x77, 0x75, 0x55, 0xA5, 0xAD, 0xE1, 0xEE, 0x4B, 0x3B, 0xD5, 0x4B, 0x95,
    0xAE, 0x91, 0x0D, 0x85, 0xFB, 0x71, 0xC5, 0x75, 0x95, 0xEE, 0x58, 0xCB, 0x1F, 0x01, 0x29, 0x88,
    0x92, 0xA8, 0x74, 0xFA, 0x08, 0xDA, 0x47, 0xFA, 0x09, 0x70, 0x10, 0x8B, 0xBC, 0xD2, 0x73, 0x78,
    0x62, 0x77, 0x66, 0x76, 0xA7, 0x37, 0xA6, 0x61, 0xD0, 0xBD, 0x66, 0xD7, 0x51, 0xE9, 0x7C, 0xAD,
    0xF4, 0x83, 0x11, 0x06, 0x5E, 0xD0, 0x8A, 0x65, 0x7C, 0xCA, 0xAF, 0x44, 0x53, 0xEE, 0x1F, 0x5B,
    0xE8, 0x6B, 0xFF, 0xE5, 0x87, 0xDB, 0xD1, 0x91, 0x7B, 0x3C, 0xD0, 0x6A, 0x4F, 0xFB, 0x6A, 0x5C,
    0x68, 0x66, 0x93, 0x60, 0x13, 0xED, 0xF9, 0xF0, 0x05, 0x51, 0x17, 0xD1, 0xEF, 0x18, 0xF1, 0x7B,
    0x85, 0xCB, 0x4F, 0x3B, 0xA0, 0x86, 0x83, 0x50, 0xE0, 0xE4, 0xEC, 0xA2, 0xCC, 0x11, 0x57, 0xFF,
    0xE6, 0xEF, 0x01, 0x3C, 0x54, 0x79, 0xF9, 0x4A, 0xF9, 0x8C, 0xDF, 0x52, 0x6F, 0x1B, 0x44, 0xFA,
    0x44, 0xB7, 0x08, 0x6D, 0xAA, 0xE7, 0xE5, 0x4D, 0xB1, 0xE9, 0xD6, 0xF2, 0xF1, 0xD7, 0xA5, 0xD6,
    0xA9, 0xDB, 0x35, 0xF3, 0x35, 0x7E, 0x31, 0x48, 0x2D, 0x2F, 0x66, 0x0A, 0xB6, 0xC4, 0xEB, 0xEB,
    0x9E, 0xE1, 0x13, 0xFD, 0x32, 0x3D, 0x23, 0x37, 0xFE, 0x3F, 0x60, 0xBD, 0x7C, 0xC1, 0xD6, 0x21,
    0xEC, 0x15, 0x8A, 0xB9, 0x88, 0x66, 0x1C, 0x5D, 0x9A, 0x11, 0x3E, 0x2E, 0xEC, 0x8E, 0xC7, 0xE0,
    0x3D, 0x9B, 0x35, 0x3F, 0x5B, 0x61, 0x6B, 0x6B, 0x46, 0xB1, 0x78, 0x16, 0xF9, 0x4F, 0x9D, 0x93,
    0x01, 0xC6, 0x27, 0x37, 0x18, 0xC6, 0x7F, 0x33, 0xA1, 0x83, 0x41, 0x0E, 0xB0, 0x98, 0x23, 0xCC,
    0x11, 0x32, 0x55, 0xF4, 0x18, 0x3D, 0x42, 0x8F, 0x30, 0x03, 0x14, 0xD0, 0x23, 0x25, 0xBB, 0x17,
    0xF8, 0x46, 0x7B, 0x80, 0x0E, 0x2D, 0x00, 0x0D, 0x1B, 0x3A, 0x6B, 0x93, 0x3C, 0x4D, 0x18, 0xB5,
    0xDD, 0x0F, 0xFD, 0x74, 0x3C, 0xCF, 0xEF, 0x25, 0xFF, 0xF7, 0x4D, 0xF2, 0x88, 0xBF, 0xBE, 0xD5,
    0x81, 0x7E, 0x56, 0x42, 0x52, 0xEE, 0x10, 0xBA, 0x67, 0x6D, 0xBA, 0x8C, 0x0E, 0x9D, 0x83, 0x82,
    0x42, 0x47, 0xE0, 0x5F, 0xE8, 0x3F, 0x74, 0x1C, 0x8A, 0xAD, 0xAF, 0x4F, 0x20, 0xA9, 0x3E, 0xBB,
    0xBC, 0x28, 0xA1, 0x0F, 0x3A, 0x50, 0x80, 0xB7, 0x00, 0x7F, 0xED, 0x61, 0x52, 0xF6, 0xC1, 0x4A,
    0x0A, 0x4E, 0x1D, 0xF7, 0xA4, 0xE0, 0x63, 0x3F, 0xE8, 0xA2, 0xE1, 0xFC, 0xE2, 0x06, 0xFE, 0xC1,
    0x89, 0x3A, 0x9E, 0xBE, 0x36, 0xF1, 0xCC, 0xDA, 0x8E, 0x49, 0xB9, 0x77, 0x9D, 0x0D, 0xF0, 0x26,
    0x08, 0x8F, 0x66, 0xA1, 0x1F, 0x9A, 0xD5, 0x5D, 0x51, 0x01, 0x45, 0xD0, 0x05, 0x0A, 0x6F, 0xF7,
    0xE0, 0x3F, 0xB1, 0x48, 0xA7, 0x6B, 0xF6, 0xEA, 0x21, 0xE6, 0x4D, 0x01, 0x94, 0x60, 0xD7, 0xC6,
    0xAA, 0x9B, 0x59, 0xDA, 0xF0, 0x0A, 0x4C, 0xBA, 0xC0, 0x47, 0x70, 0x31, 0xB5, 0x2A, 0xE9, 0x6A,
    0x0E, 0xCD, 0xBC, 0xD3, 0x1F, 0x0C, 0x19, 0xC6, 0x66, 0xD3, 0x3C, 0x35, 0x2F, 0x52, 0xF0, 0xCD,
    0x7A, 0x6C, 0x33, 0xBC, 0xC9, 0x95, 0x6D, 0x96, 0x82, 0x69, 0x1E, 0x9A, 0x59, 0xEB, 0xD6, 0xA8,
    0xF0, 0x7F, 0x30, 0x34, 0x9C, 0x63, 0xC3, 0x65, 0x14, 0x7C, 0xB2, 0x0A, 0xFB, 0xF3, 0x76, 0x7B,
    0xB0, 0xCA, 0x7B, 0x6B, 0x38, 0x5D, 0x6B, 0x61, 0xC9, 0xFB, 0xC5, 0x9A, 0x5C, 0xC4, 0xC5, 0x35,
    0xB1, 0xC7, 0xE5, 0xC6, 0x9F, 0x36, 0xA3, 0x30, 0x37, 0x1C, 0x53, 0x1D, 0xB5, 0x19, 0x19, 0x31,
    0xCA, 0x54, 0xD0, 0xF7, 0x19, 0xF4, 0xD2, 0xB0, 0xBF, 0x24, 0x70, 0x7F, 0x46, 0x58, 0x75, 0xC1,
    0xA2, 0x13, 0xAC, 0x02, 0xCC, 0x3A, 0xC0, 0x68, 0xC3, 0xF7, 0x1B, 0x18, 0xE1, 0x2E, 0xA3, 0xB3,
    0xD7, 0x68, 0x74, 0x4D, 0x95, 0x35, 0x4E, 0x8A, 0x73, 0x61, 0x49, 0xF3, 0xE7, 0x68, 0x33, 0xF6,
    0xB6, 0x7F, 0x25, 0x7B, 0x63, 0xB3, 0xFD, 0xFD, 0x5E, 0x12, 0x73, 0xB6, 0xBF, 0xE6, 0x35, 0x32,
    0x95, 0xE5, 0x43, 0x76, 0x11, 0x53, 0xD7, 0xF7, 0xC5, 0x5D, 0x18, 0xB9, 0x50, 0xDC, 0xC9, 0x28,
    0x77, 0xD4, 0x3D, 0x80, 0xF6, 0x4D, 0xBE, 0x57, 0x8F, 0xF7, 0x07, 0x78, 0xB1, 0x0B, 0xD8, 0x2B,
    0x4E, 0x80, 0x2B, 0xB8, 0xDA, 0x6B, 0x66, 0x2D, 0xC0, 0x9A, 0xBB, 0x70, 0x09, 0x77, 0xAF, 0x19,
    0x1F, 0x6D, 0x1D, 0x14, 0x26, 0x19, 0x1D, 0xA3, 0x7E, 0x12, 0xE8, 0xB7, 0x02, 0xBB, 0x6E, 0x70,
    0x8A, 0x60, 0xFF, 0xC9, 0xB4, 0xE8, 0x02, 0xA7, 0x04, 0x5E, 0x99, 0x41, 0x2F, 0x15, 0xA3, 0xEF,
    0xC4, 0xAC, 0x16, 0xD1, 0x16, 0x74, 0xBA, 0x9B, 0x3D, 0xFA, 0x88, 0xCB, 0x2E, 0x31, 0xD5, 0xF5,
    0xC6, 0x96, 0x9E, 0x2D, 0x37, 0x2C, 0x77, 0x4F, 0x1D, 0x8D, 0x70, 0x71, 0x14, 0x7B, 0xFF, 0x6F,
    0xFA, 0xE7, 0xB5, 0xFC, 0x7B, 0x6D, 0xB8, 0x5F, 0x04, 0xEE, 0x63, 0x85, 0xE5, 0x63, 0x01, 0xFB,
    0x39, 0xC3, 0xAC, 0x1B, 0x8C, 0xE2, 0x83, 0x41, 0x27, 0xA0, 0xD0, 0x71, 0xC0, 0xA8, 0x0D, 0x8C,
    0x80, 0xA5, 0x82, 0x55, 0xEE, 0x48, 0x3C, 0x57, 0xAE, 0x80, 0xA4, 0xF8, 0xA5, 0x69, 0x51, 0xFB,
    0xB3, 0x30, 0xF7, 0x63, 0x32, 0xB8, 0x9E, 0xE6, 0x7A, 0x96, 0x61, 0x2E, 0xB0, 0xF4, 0xE4, 0x11,
    0xFC, 0xD7, 0xB3, 0xDF, 0x64, 0x5C, 0xC6, 0x67, 0xD4, 0x74, 0x20, 0xBE, 0xD2, 0x20, 0x26, 0xA1,
    0x82, 0x2E, 0xBA, 0x0A, 0x53, 0x5F, 0x84, 0xD7, 0xEA, 0xE3, 0x7D, 0x2B, 0x5C, 0x6E, 0xDB, 0xEA,
    0x3F, 0xBF, 0xBA, 0xA1, 0x88, 0x6E, 0x94, 0x99, 0x33, 0xE6, 0xB5, 0x4A, 0x8F, 0x35, 0xA8, 0xB0,
    0xD6, 0xA6, 0x41, 0xD5, 0xE8, 0x30, 0xE5, 0x75, 0x67, 0x1F, 0x57, 0xD3, 0x8D, 0x22, 0x75, 0xE3,
    0xDD, 0x27, 0x06, 0xAF, 0x73, 0xD6, 0xF3, 0xA5, 0x59, 0xF5, 0xE0, 0xC7, 0x04, 0xF0, 0x37, 0xCD,
    0x96, 0x31, 0xAC, 0xE6, 0x46, 0x15, 0x85, 0x8F, 0x6D, 0x78, 0x96, 0x30, 0x64, 0x4A, 0x90, 0xA2,
    0xC8, 0x0D, 0x05, 0x02, 0x29, 0xEE, 0xA5, 0x84, 0xF1, 0xD2, 0x17, 0x34, 0x28, 0x45, 0x8A, 0xAD,
    0x49, 0x43, 0x2F, 0xB1, 0x8C, 0x13, 0x0A, 0xDA, 0xAD, 0x68, 0xD2, 0xA4, 0x6F, 0xA0, 0x4C, 0x11,
    0x76, 0x26, 0x4A, 0x41, 0x6B, 0x24, 0x3A, 0x9A, 0x91, 0x48, 0xAF, 0x11, 0x38, 0xD2, 0x6C, 0x18,
    0xFB, 0x70, 0xAF, 0xE7, 0xE7, 0xBD, 0x7D, 0xBF, 0xF6, 0x2D, 0x00, 0xCD, 0xDE, 0x7F, 0xE6, 0x3B,
    0xDE, 0x3B, 0x77, 0x66, 0xCE, 0x5E, 0xD9, 0xDA, 0xB5, 0xF0, 0x81, 0xF2, 0xF3, 0xC1, 0xA2, 0x06,
    0xC3, 0xAB, 0x7F, 0xE8, 0x12, 0x6E, 0xA7, 0xE3, 0xDA, 0x91, 0x9B, 0x21, 0x93, 0x25, 0xA3, 0xDB,
    0x9B, 0xD5, 0x27, 0x80, 0xAB, 0x9E, 0x73, 0x35, 0x25, 0xA7, 0x6B, 0x76, 0x6F, 0x7E, 0x3F, 0x91,
    0x49, 0xF7, 0xB4, 0x32, 0xF1, 0x23, 0xCE, 0xF7, 0xCE, 0xBC, 0xE1, 0x97, 0x80, 0x25, 0x01, 0x0A,
    0xA4, 0x64, 0x47, 0xC7, 0xE5, 0x7B, 0x02, 0xE0, 0x1A, 0x24, 0xD3, 0x15, 0x5E, 0x5A, 0xD7, 0x1F,
    0x02, 0x53, 0x04, 0xD3, 0x56, 0xB7, 0x31, 0x5C, 0x01, 0x1A, 0xDF, 0x02, 0x7E, 0x80, 0xF1, 0xFD,
    0xE7, 0x7F, 0x50, 0x03, 0xC4, 0xA8, 0x97, 0x0F, 0xE4, 0x86, 0x61, 0x1B, 0x32, 0xCC, 0xDA, 0x14,
    0x98, 0x80, 0x7F, 0x61, 0x6D, 0x0B, 0x86, 0x3C, 0x64, 0x2D, 0xC9, 0xB5, 0xB8, 0x6E, 0x7B, 0x3F,
    0x3F, 0xD1, 0xA3, 0xBE, 0x8F, 0x33, 0x6C, 0x42, 0x2F, 0x49, 0x29, 0xDB, 0xC5, 0x83, 0x8E, 0xFE,
    0x50, 0x1F, 0x1D, 0x61, 0x23, 0x1A, 0xCE, 0xFE, 0x6C, 0x11, 0x17, 0xC0, 0xFD, 0x89, 0xBA, 0xE1,
    0xEF, 0x6A, 0x77, 0xFC, 0x47, 0x51, 0xD3, 0xCC, 0xEA, 0x9F, 0xA9, 0xDA, 0x0E, 0xF7, 0x09, 0x85,
    0xF2, 0x95, 0xAB, 0x57, 0xE4, 0xBD, 0xD0, 0xEC, 0x75, 0xAE, 0xE5, 0x97, 0x18, 0xC9, 0xC5, 0x91,
    0x33, 0x97, 0x09, 0xD4, 0x8A, 0x19, 0xF0, 0x11, 0xB0, 0x9C, 0x61, 0xB8, 0x89, 0xEE, 0xF0, 0xBF,
    0x91, 0x75, 0xF8, 0x40, 0x58, 0xB1, 0x6F, 0x83, 0x8F, 0x36, 0xD8, 0x83, 0xB3, 0xE1, 0x81, 0x46,
    0xD6, 0x31, 0x70, 0xAE, 0x77, 0xDA, 0x30, 0xCB, 0x7C, 0x0E, 0xBF, 0x90, 0x04, 0x59, 0xF0, 0x26,
    0x9F, 0xC2, 0x3E, 0x2A, 0xFC, 0x82, 0x32, 0xDC, 0x23, 0x29, 0xBE, 0x84, 0x3F, 0x66, 0xA1, 0x21,
    0x37, 0x11, 0xF7, 0xF4, 0xE6, 0x00, 0x9A, 0x0C, 0x4C, 0x0B, 0xFA, 0x15, 0xE8, 0x23, 0xCC, 0x32,
    0xF2, 0xD1, 0x86, 0x09, 0x9E, 0xCB, 0x67, 0x78, 0xA7, 0xDD, 0x6F, 0xF0, 0x0E, 0x7E, 0xD9, 0x25,
    0xE0, 0x6D, 0x7C, 0x3A, 0xAC, 0xC0, 0x88, 0xCD, 0x04, 0xC0, 0x20, 0xBD, 0x4C, 0x2E, 0x6B, 0x97,
    0xCA, 0xCB, 0xBE, 0x77, 0xDB, 0xDC, 0xCA, 0x29, 0x13, 0xC8, 0xB9, 0xE8, 0x0D, 0x47, 0x9B, 0xF4,
    0x2E, 0x0C, 0x11, 0x6D, 0x01, 0xEC, 0x02, 0xB8, 0x3F, 0x7F, 0xF7, 0x80, 0x64, 0xAA, 0x33, 0xFC,
    0xEE, 0x10, 0xBC, 0x79, 0xCC, 0x96, 0xEB, 0xDB, 0x8F, 0x13, 0xE4, 0x9C, 0xF7, 0xB6, 0x89, 0x9B,
    0xE7, 0x76, 0x74, 0xDB, 0xDE, 0x6D, 0x7C, 0xBC, 0xB9, 0x63, 0x1B, 0xE3, 0x86, 0x33, 0xDE, 0xC2,
    0x1B, 0x80, 0x5D, 0x6D, 0x04, 0x57, 0x1F, 0x3B, 0x7E, 0xC8, 0x30, 0x1C, 0x1D, 0x31, 0x16, 0xB3,
    0xC3, 0xA5, 0x29, 0x4B, 0xDE, 0x25, 0x79, 0xB2, 0x1B, 0xA6, 0x6C, 0xC4, 0xC4, 0xD1, 0x13, 0x1D,
    0x7F, 0xC2, 0x05, 0x0C, 0x5C, 0xE1, 0xA2, 0x4D, 0xE2, 0xD4, 0xCC, 0xD0, 0x70, 0x24, 0x83, 0xBF,
    0x0F, 0x00, 0xF6, 0x61, 0x90, 0x77, 0xE3, 0xBF, 0x68, 0xF6, 0xAF, 0x99, 0x1B, 0x71, 0xD4, 0x91,
    0x90, 0x66, 0x77, 0xE9, 0x17, 0xCB, 0xD9, 0x6C, 0x13, 0xA4, 0xD9, 0x2A, 0x23, 0x36, 0x15, 0x83,
    0xD4, 0xA5, 0x69, 0x56, 0xE1, 0x81, 0x53, 0xB2, 0x88, 0xAC, 0x15, 0x11, 0xA9, 0xFC, 0x55, 0x6D,
    0xF6, 0xA4, 0xCD, 0xD6, 0x0D, 0xD2, 0xEC, 0x2E, 0x0D, 0x6B, 0x91, 0x1B, 0x52, 0xF7, 0xB7, 0x7F,
    0xDF, 0xEC, 0x07, 0x3E, 0xDB, 0xF6, 0xC0, 0xC8, 0xD5, 0x32, 0xF9, 0x2E, 0x17, 0x94, 0x3A, 0xE4,
    0x59, 0x32, 0x92, 0x97, 0x55, 0x98, 0xF4, 0xE0, 0xE4, 0x55, 0x3C, 0x54, 0xA7, 0xC1, 0xAB, 0x68,
    0xB8, 0x8C, 0x4C, 0x96, 0xC5, 0x7C, 0x5C, 0xBE, 0xD1, 0x15, 0xC8, 0x18, 0x32, 0xC6, 0x04, 0x17,
    0x1A, 0xA2, 0x2F, 0x18, 0xBF, 0xFA, 0x99, 0x25, 0xEB, 0x68, 0x7C, 0xC4, 0xC8, 0x1D, 0x93, 0xDE,
    0xF1, 0x5B, 0x02, 0x20, 0xD0, 0xEE, 0x68, 0xB8, 0xC9, 0x8C, 0x32, 0x0B, 0x04, 0x67, 0xFE, 0xC7,
    0xEF, 0x11, 0x96, 0x87, 0xCC, 0x82, 0x9E, 0x4F, 0x81, 0x0F, 0x9E, 0x36, 0x0C, 0x3D, 0x61, 0x0A,
    0x6C, 0x84, 0x9F, 0xC1, 0x20, 0xE3, 0x7F, 0x41, 0x23, 0x58, 0x5B, 0x41, 0xEC, 0x04, 0xDB, 0x70,
    0xD7, 0x48, 0x2F, 0xD8, 0x5D, 0xE0, 0x5F, 0x36, 0xAB, 0xC5, 0xC0, 0x7F, 0x00, 0x78, 0x32, 0x0C,
    0x14, 0x4C, 0x0A, 0x4B, 0x9A, 0xE0, 0x15, 0x7C, 0x25, 0xBC, 0xC2, 0x29, 0xAC, 0x62, 0x54, 0xF4,
    0x0A, 0x7C, 0xE0, 0x05, 0xB0, 0xFF, 0x1F, 0xA6, 0xC5, 0x47, 0x26, 0x26, 0x1F, 0xA7, 0x45, 0x4E,
    0x8F, 0x6F, 0xEE, 0x20, 0x28, 0x51, 0x7C, 0x84, 0xD5, 0x16, 0x0C, 0xE2, 0x55, 0x86, 0x0B, 0xDF,
    0xB6, 0x01, 0x0F, 0x8C, 0x9B, 0xFA, 0x5A, 0x7D, 0x9C, 0x9E, 0xB5, 0x79, 0x6F, 0xCA, 0xED, 0x90,
    0x3F, 0x4A, 0xF2, 0xF2, 0x66, 0x69, 0xF4, 0x4B, 0x2B, 0xF5, 0xEB, 0x14, 0x61, 0x93, 0xCD, 0xF5,
    0x6B, 0x1E, 0xEA, 0x97, 0xFB, 0x88, 0xE1, 0xFC, 0xD6, 0xEB, 0x37, 0xCD, 0xE8, 0x52, 0xCB, 0x85,
    0xA1, 0x67, 0xC7, 0xD9, 0x14, 0x73, 0xC0, 0x6E, 0x53, 0xAE, 0x9F, 0xF5, 0xB0, 0xF4, 0x01, 0x35,
    0x6C, 0x80, 0x89, 0x67, 0x87, 0xA7, 0x80, 0x5E, 0xC4, 0x2E, 0x18, 0x45, 0x3C, 0x60, 0x7D, 0x68,
    0x0E, 0xE0, 0x3B, 0x36, 0x74, 0xE5, 0xAC, 0xEC, 0xF3, 0x29, 0x26, 0x9D, 0x32, 0xC6, 0x53, 0x6C,
    0x38, 0xC5, 0x2D, 0x2E, 0x88, 0x10, 0x14, 0xF9, 0xFC, 0x68, 0x54, 0xBE, 0x28, 0x9D, 0xCA, 0x1F,
    0xF3, 0xE0, 0x03, 0x60, 0x92, 0x71, 0x22, 0x63, 0xB4, 0x56, 0xC4, 0x86, 0x27, 0x2A, 0x6E, 0xC9,
    0x2A, 0x6C, 0x93, 0x48, 0x73, 0x74, 0xA4, 0xBE, 0xDA, 0xA7, 0xF4, 0xF9, 0x14, 0x93, 0xB4, 0x58,
    0xB6, 0xA9, 0xE8, 0xD0, 0x84, 0xDA, 0x8D, 0xD5, 0x6E, 0xA8, 0x76, 0x17, 0xB5, 0x0B, 0x02, 0x6F,
    0xD8, 0x70, 0x36, 0xEB, 0xD6, 0xF5, 0x70, 0xCF, 0xF5, 0x14, 0xAB, 0xDD, 0xCF, 0x7D, 0x14, 0xE1,
    0x63, 0x16, 0xB1, 0xCB, 0x89, 0x87, 0xD8, 0xDD, 0xCD, 0x87, 0x14, 0xBB, 0x05, 0x20, 0x60, 0x36,
    0xF1, 0x03, 0x8C, 0x09, 0x7A, 0x8E, 0x5D, 0x35, 0x01, 0x17, 0xE0, 0x56, 0x5D, 0x6E, 0x38, 0xEB,
    0xF2, 0x50, 0xA0, 0xCB, 0x13, 0x29, 0x76, 0x61, 0x49, 0x75, 0xA7, 0x32, 0x46, 0x95, 0xF6, 0x98,
    0x71, 0xF3, 0x09, 0x26, 0xA6, 0x9A, 0xCF, 0x18, 0x57, 0xBC, 0xD5, 0x17, 0x75, 0xAD, 0xFB, 0xDC,
    0x0C, 0xDD, 0x47, 0xA0, 0xE3, 0xDA, 0xEE, 0x40, 0x4F, 0x4D, 0x8B, 0xC4, 0x61, 0x03, 0x30, 0x64,
    0x75, 0x2D, 0xA9, 0x69, 0x75, 0x61, 0xEE, 0x8A, 0x5B, 0x18, 0x3E, 0x1D, 0x0A, 0x1B, 0x06, 0xCF,
    0xAF, 0x8E, 0x8E, 0xC1, 0xF1, 0xAF, 0x65, 0xA0, 0xBC, 0x3F, 0x7D, 0x3E, 0xBB, 0x6B, 0x92, 0xB5,
    0x67, 0x93, 0x9F, 0xD4, 0x26, 0x17, 0x15, 0xFF, 0x51, 0x52, 0xE1, 0xD9, 0xCF, 0x76, 0x7F, 0xB1,
    0xC9, 0x7A, 0x4D, 0xED, 0xA9, 0xCA, 0x10, 0x81, 0x29, 0x03, 0xB6, 0xD4, 0xA9, 0xCF, 0x92, 0xBB,
    0x8D, 0x6F, 0xFE, 0x14, 0x5A, 0x5A, 0xCB, 0x65, 0x32, 0x42, 0x3C, 0xC0, 0xB0, 0x96, 0x5F, 0xFD,
    0x5F, 0x6C, 0x66, 0xEA, 0xA3, 0x27, 0x93, 0x25, 0xB3, 0x21, 0x63, 0xE3, 0x9F, 0x03, 0x3D, 0x67,
    0x00, 0x8D, 0xD6, 0x00, 0x2E, 0x29, 0x4D, 0x56, 0xB6, 0xBB, 0x12, 0x3F, 0xC7, 0x55, 0xB0, 0xDC,
    0xB2, 0xE5, 0x21, 0xEC, 0x48, 0xE5, 0xA1, 0x1C, 0x0A, 0x17, 0xC0, 0x14, 0x3D, 0x6E, 0xCC, 0x6E,
    0x05, 0xA6, 0xCD, 0x46, 0x75, 0xA7, 0xFE, 0x5C, 0x9C, 0x36, 0xC0, 0xAF, 0x63, 0x56, 0x43, 0xA6,
    0xA0, 0xE1, 0x32, 0xEC, 0x68, 0x49, 0x1E, 0xE8, 0x84, 0x44, 0xAF, 0x9C, 0x07, 0xA5, 0x16, 0x80,
    0x61, 0x54, 0xAE, 0x36, 0x03, 0x3E, 0xD9, 0x4D, 0x8F, 0x52, 0x97, 0x36, 0x53, 0x9B, 0x53, 0xA0,
    0xE9, 0xDB, 0xBF, 0x40, 0xC7, 0x3B, 0xFF, 0xD3, 0xAA, 0xFC, 0x21, 0x5E, 0x77, 0xFF, 0x6E, 0xAB,
    0x7E, 0x6E, 0x9D, 0x0C, 0xD9, 0x2F, 0xC0, 0x14, 0xA7, 0x28, 0xF6, 0xE7, 0xF6, 0x93, 0xD7, 0xDB,
    0x7F, 0xB3, 0x43, 0x92, 0x03, 0x3F, 0x12, 0x1A, 0x32, 0x49, 0x92, 0xBA, 0x64, 0x7B, 0xF5, 0xF0,
    0x2E, 0x9E, 0xBD, 0xE6, 0xFD, 0xEF, 0xB7, 0x71, 0xD5, 0x1B, 0xF5, 0xFC, 0xCA, 0x6E, 0x1B, 0x03,
    0x5E, 0x16, 0xB6, 0x28, 0xDD, 0xAE, 0x24, 0x6F, 0xD9, 0x92, 0x8B, 0xFA, 0xF7, 0x01, 0xE8, 0x77,
    0x27, 0x1C, 0x8A, 0x7A, 0xAE, 0xA7, 0x8D, 0x59, 0x3D, 0xDB, 0x4D, 0x3D, 0xDB, 0xA4, 0x96, 0x5C,
    0x1C, 0x76, 0xB5, 0xD4, 0x53, 0x28, 0x81, 0x56, 0xB9, 0x74, 0xCA, 0xD0, 0x2B, 0xD7, 0xE1, 0x00,
    0x7C, 0x34, 0x52, 0xE6, 0x92, 0xF8, 0xAF, 0xFF, 0x54, 0x60, 0xCA, 0xEA, 0x7F, 0x2C, 0xEA, 0x5F,
    0xD7, 0xC6, 0x78, 0xFA, 0x29, 0xCA, 0xF2, 0x4C, 0x99, 0xEC, 0x1D, 0xB3, 0xBB, 0x73, 0xEB, 0xEF,
    0x3C, 0x37, 0xD5, 0xF3, 0x71, 0x7A, 0xDE, 0xA9, 0x9E, 0xCB, 0x0B, 0x9E, 0xF3, 0xE9, 0x79, 0x3B,
    0x3D, 0xA7, 0x17, 0x3C, 0xAF, 0xEA, 0x59, 0xEC, 0x1D, 0x17, 0xCF, 0x8D, 0x72, 0xAE, 0x9E, 0x2B,
    0x07, 0xDE, 0x79, 0x36, 0xEA, 0x39, 0x4D, 0xCA, 0x6C, 0xB3, 0x7A, 0xB6, 0x17, 0xCF, 0x67, 0x6D,
    0x02, 0x86, 0x8B, 0x9A, 0x8B, 0x8E, 0x17, 0xB5, 0x51, 0x2D, 0xE9, 0x85, 0x55, 0x19, 0x2E, 0x3A,
    0x9F, 0xDA, 0x12, 0xA7, 0x76, 0x07, 0xB4, 0x4F, 0x18, 0x76, 0xD5, 0x08, 0x53, 0xAA, 0x8E, 0x5B,
    0x55, 0x9B, 0x6A, 0x9D, 0x23, 0x4F, 0xE5, 0x7D, 0x6D, 0x2F, 0xDA, 0x11, 0x50, 0x1D, 0xF6, 0xAA,
    0xEA, 0x5B, 0x7D, 0x8C, 0xB9, 0xAA, 0x4D, 0x55, 0xDD, 0x45, 0xD1, 0xF8, 0xAF, 0x67, 0x4C, 0xFA,
    0x44, 0x41, 0x27, 0x88, 0x86, 0x4B, 0x1F, 0x26, 0x6D, 0xB0, 0xCD, 0x02, 0x2D, 0x85, 0x8F, 0x02,
    0xAE, 0x8A, 0xF0, 0x12, 0xAC, 0x97, 0x92, 0x5A, 0x6C, 0x37, 0xC1, 0x79, 0x80, 0x1C, 0x75, 0x13,
    0x7B, 0x3D, 0xB4, 0x55, 0xA8, 0xFB, 0x15, 0x37, 0xFC, 0x1A, 0xC0, 0x67, 0xB5, 0x09, 0x67, 0x67,
    0xB4, 0x32, 0x5D, 0xD0, 0xF3, 0x44, 0x10, 0x1C, 0xC0, 0x3F, 0x01, 0xD5, 0xD6, 0x31, 0x88, 0xE5,
    0x54, 0x14, 0xC6, 0xF1, 0x7F, 0x12, 0x9D, 0x07, 0xA6, 0x48, 0x25, 0x08, 0x82, 0xA9, 0x6D, 0x4C,
    0x5F, 0x68, 0xB2, 0xDA, 0x77, 0xF6, 0xBD, 0x36, 0xDB, 0x83, 0x70, 0xD3, 0x57, 0xD3, 0x57, 0x16,
    0x36, 0x6E, 0xDF, 0x2E, 0xB9, 0xBA, 0x3D, 0x5C, 0x11, 0xAC, 0x83, 0x6C, 0x6F, 0x84, 0x80, 0x59,
    0x4D, 0xF2, 0x79, 0x0E, 0x79, 0x33, 0xBB, 0x8F, 0xDD, 0x2D, 0x56, 0x97, 0x61, 0xF6, 0x72, 0xEF,
    0x8F, 0x19, 0xE6, 0xDC, 0x73, 0xCF, 0x79, 0x77, 0x78, 0x49, 0xBB, 0x42, 0xB5, 0x43, 0xAE, 0x0E,
    0x86, 0x08, 0xF5, 0x04, 0xD9, 0xF7, 0xDC, 0x0C, 0x49, 0xE3, 0x0B, 0x2B, 0x29, 0xC2, 0x4B, 0x4B,
    0x8A, 0x17, 0x2B, 0xC2, 0x6B, 0x97, 0x94, 0x5E, 0xCC, 0x49, 0xA1, 0x9E, 0x72, 0x87, 0x7A, 0x81,
    0x36, 0x81, 0x3A, 0xF8, 0x81, 0xBB, 0x3B, 0xDF, 0x66, 0xAE, 0x99, 0x93, 0x56, 0xEA, 0x3F, 0x45,
    0x88, 0x6D, 0xFC, 0x86, 0xAB, 0xFE, 0xAE, 0xCE, 0xAF, 0x53, 0xE8, 0xDA, 0x49, 0xD1, 0x57, 0x1D,
    0x43, 0x07, 0x77, 0xD7, 0x7B, 0x98, 0xA9, 0x57, 0x4E, 0x02, 0xF5, 0xB4, 0x89, 0xAB, 0x6B, 0x7C,
    0xD0, 0x4A, 0xC7, 0x2C, 0xB5, 0xA0, 0xF8, 0x46, 0xD3, 0xB6, 0xDC, 0x6E, 0xA7, 0xD9, 0x08, 0x33,
    0x8A, 0x85, 0x28, 0x17, 0x3E, 0x38, 0xA7, 0x47, 0x5A, 0x8F, 0xD9, 0x68, 0x2C, 0xC4, 0x1B, 0x4D,
    0xDB, 0x72, 0xBB, 0x9D, 0x61, 0x22, 0xD3, 0x4A, 0x21, 0x51, 0xCD, 0xEA, 0xDB, 0xD4, 0x8C, 0x9F,
    0x72, 0x75, 0xFB, 0xCF, 0x5B, 0x49, 0xF1, 0x66, 0xE5, 0xDA, 0xA1, 0x9D, 0xFE, 0xD7, 0xB2, 0x1C,
    0x17, 0x39, 0xC3, 0x83, 0x4D, 0x4F, 0x64, 0x33, 0x3C, 0x58, 0xE1, 0x2D, 0x37, 0x57, 0x49, 0x4F,
    0xC1, 0x54, 0x8F, 0x3B, 0xE3, 0x6E, 0x54, 0x2B, 0x0F, 0xE5, 0x9E, 0xD4, 0x9B, 0x99, 0xA2, 0x89,
    0x92, 0x3B, 0x8C, 0x6E, 0x98, 0x24, 0xD1, 0xBE, 0xC2, 0xE3, 0xAF, 0x47, 0xE4, 0xED, 0xAE, 0x5C,
    0xD1, 0x2C, 0xD5, 0x99, 0x41, 0xF8, 0x29, 0x2B, 0xEE, 0x84, 0xDB, 0xB9, 0xFE, 0x91, 0x96, 0x63,
    0x31, 0x42, 0xBB, 0x97, 0x09, 0x06, 0x29, 0x82, 0x5C, 0xAC, 0x51, 0xC8, 0xA6, 0x7C, 0xE1, 0x62,
    0x68, 0x86, 0x36, 0x6A, 0xC5, 0xDD, 0x5D, 0xCF, 0xE5, 0x46, 0xDC, 0xE4, 0x0E, 0x93, 0xDB, 0x2E,
    0x6E, 0xBD, 0xB9, 0x95, 0xDC, 0x42, 0x9D, 0x99, 0x2B, 0x9A, 0x68, 0x74, 0xC3, 0xEC, 0xB6, 0xAB,
    0x5B, 0xED, 0x6E, 0x29, 0xB7, 0xD0, 0x60, 0x66, 0x92, 0xC9, 0x61, 0xEB, 0xD2, 0xB8, 0x54, 0x2E,
    0x27, 0x45, 0xAE, 0x7E, 0x04, 0xFF, 0xA9, 0x33, 0x33, 0x45, 0xF0, 0x3B, 0x75, 0xAB, 0xC5, 0xCD,
    0x37, 0x5E, 0x35, 0xAE, 0xF4, 0xCC, 0x0C, 0x52, 0x22, 0x97, 0xB4, 0x70, 0x32, 0x77, 0x2A, 0x75,
    0xB5, 0xBA, 0x66, 0xA5, 0x50, 0x6C, 0x67, 0x50, 0x0A, 0x13, 0x0C, 0xE3, 0x30, 0x42, 0x98, 0x94,
    0x3C, 0xB7, 0xE2, 0x6B, 0x4C, 0xEE, 0x11, 0x79, 0xEC, 0xF2, 0x0C, 0x8A, 0x47, 0xB6, 0x23, 0xF3,
    0x71, 0xCA, 0x71, 0xE2, 0x71, 0xFA, 0xB9, 0x12, 0xF8, 0xF6, 0xFA, 0xB6, 0x81, 0x42, 0x06, 0xD5,
    0xEA, 0x36, 0xA3, 0x1B, 0xBA, 0x77, 0xA2, 0x8B, 0xA3, 0x09, 0x34, 0x1B, 0x85, 0x56, 0xB3, 0xFC,
    0x5B, 0x78, 0x13, 0x43, 0xEF, 0x4D, 0xD4, 0xE3, 0xBB, 0xD0, 0x45, 0xBE, 0xE4, 0x13, 0x54, 0xFA,
    0xCA, 0x6C, 0xA4, 0x11, 0x5A, 0x79, 0xDA, 0x2F, 0x4A, 0x75, 0xF0, 0x1D, 0x8F, 0xEF, 0x79, 0xFD,
    0x55, 0x0A, 0xDD, 0x65, 0xC2, 0x32, 0x05, 0x2E, 0xC7, 0x3D, 0xAE, 0xFF, 0x3D, 0xE8, 0x3E, 0x23,
    0x1F, 0x43, 0x5F, 0x2E, 0x61, 0x6C, 0xE6, 0x7A, 0x19, 0x92, 0xC5, 0x76, 0x99, 0x36, 0x08, 0x33,
    0x0C, 0x0B, 0xB9, 0x36, 0x4A, 0x59, 0x9A, 0x79, 0x48, 0x1E, 0x63, 0xB1, 0xF3, 0x27, 0xE4, 0x09,
    0xE8, 0x00, 0x3E, 0xC2, 0x73, 0xB5, 0x78, 0x5E, 0x91, 0x19, 0x1B, 0x27, 0x53, 0xCF, 0xBB, 0xAA,
    0xBD, 0x2B, 0x5A, 0xEF, 0x8A, 0x41, 0xD6, 0x55, 0xB6, 0x79, 0x57, 0xC5, 0xE2, 0x3D, 0x94, 0x93,
    0x5B, 0x27, 0xB7, 0xED, 0xDD, 0x01, 0xF3, 0x97, 0xCD, 0x1C, 0x7E, 0x5D, 0xBC, 0xAB, 0x7F, 0x26,
    0xEF, 0x4A, 0x09, 0x8B, 0x50, 0x2C, 0x2C, 0x5A, 0xBD, 0x65, 0x2E, 0xBD, 0x2B, 0x0A, 0x73, 0xA1,
    0x34, 0x13, 0xD5, 0x6F, 0xDE, 0x55, 0xDE, 0xF3, 0x7C, 0x3C, 0xBA, 0x36, 0x86, 0xC9, 0xA8, 0x57,
    0xE3, 0xB4, 0x1B, 0xC8, 0x23, 0x9A, 0xC4, 0xE5, 0x40, 0x91, 0x42, 0x6F, 0x93, 0xC4, 0x49, 0x1A,
    0x29, 0x15, 0x26, 0xAA, 0xAD, 0xDD, 0x08, 0x6B, 0x2D, 0x69, 0x2E, 0x8D, 0x94, 0x19, 0x1D, 0x1F,
    0xEB, 0x29, 0x70, 0xF5, 0xC8, 0xA8, 0x37, 0xC3, 0x2F, 0x0F, 0x45, 0xC8, 0x77, 0xA0, 0x5C, 0xB8,
    0x37, 0x45, 0x66, 0x8F, 0xBA, 0xE3, 0x31, 0x40, 0xAD, 0x09, 0xDA, 0x3F, 0x56, 0xD0, 0x97, 0x3B,
    0xC5, 0x4A, 0xE8, 0xEF, 0x4B, 0x91, 0xF6, 0x42, 0x01, 0x7A, 0xA2, 0x33, 0xED, 0xF9, 0xB5, 0xE2,
    0xFE, 0xDC, 0x74, 0xAE, 0x78, 0x3C, 0x43, 0x9F, 0x3F, 0x76, 0x26, 0x37, 0x44, 0x77, 0xE7, 0x72,
    0x0C, 0x13, 0x85, 0xFA, 0x76, 0xE6, 0x24, 0x9A, 0x95, 0x72, 0xB7, 0xE4, 0xBE, 0xCD, 0x7F, 0x5D,
    0xF0, 0x67, 0xFC, 0x44, 0xA6, 0x38, 0x8C, 0xA0, 0xE4, 0x99, 0xC3, 0xEF, 0x9E, 0xB9, 0xFD, 0x4B,
    0x40, 0xAD, 0xCD, 0xAC, 0xB4, 0x9A, 0x85, 0x66, 0x33, 0xD7, 0x78, 0x74, 0xFF, 0x1F, 0xF5, 0xF5,
    0x32, 0x7A, 0xE6, 0x28, 0x39, 0x8B, 0xB3, 0xA2, 0x58, 0xEF, 0xC6, 0x49, 0x46, 0x71, 0x49, 0xE9,
    0x34, 0x3B, 0x1E, 0xE7, 0xCC, 0x4E, 0x3A, 0x67, 0x89, 0xBC, 0x1A, 0x1A, 0x5D, 0x53, 0x48, 0x3B,
    0xB5, 0xA4, 0xD8, 0x1A, 0xE3, 0xB0, 0x64, 0x9A, 0x34, 0x12, 0x26, 0x45, 0x5A, 0x67, 0x18, 0x15,
    0x73, 0x45, 0xC5, 0x4A, 0x58, 0xD0, 0x62, 0x68, 0x74, 0xA2, 0x33, 0x1B, 0x61, 0x37, 0x1A, 0x25,
    0x2F, 0x6D, 0x56, 0x24, 0x6C, 0x46, 0xB5, 0x1B, 0xA7, 0xF3, 0x45, 0xFE, 0x9C, 0x2A, 0x43, 0xDA,
    0x9D, 0xD5, 0xB1, 0xB8, 0x41, 0x5D, 0xA6, 0x04, 0x84, 0xE9, 0xE6, 0xDA, 0x8A, 0xDD, 0x60, 0xE8,
    0x8C, 0x0F, 0x1D, 0x1F, 0x0F, 0xD5, 0x51, 0x9E, 0xDF, 0xFA, 0xFC, 0x8E, 0xB4, 0x53, 0x5C, 0x97,
    0xF2, 0xE8, 0x33, 0xD9, 0x20, 0x51, 0xC9, 0x68, 0x9D, 0x61, 0x2E, 0x84, 0xD2, 0xE5, 0x87, 0x33,
    0x36, 0x62, 0x38, 0x42, 0x36, 0x51, 0x6B, 0x12, 0xB9, 0xFA, 0x01, 0x68, 0xD6, 0x9B, 0x12, 0x14,
    0xCF, 0x15, 0x94, 0xB3, 0xF1, 0x7E, 0xC7, 0xDD, 0x54, 0x70, 0x7C, 0x43, 0xC9, 0x90, 0x22, 0xF9,
    0xDE, 0x4C, 0x94, 0xF3, 0x69, 0xF1, 0x02, 0xBE, 0xBE, 0x9B, 0x0A, 0x42, 0xF7, 0x39, 0xB9, 0xC6,
    0xC7, 0x14, 0x9E, 0xBE, 0x94, 0x16, 0xCA, 0x9F, 0xFC, 0xB4, 0xBE, 0xEE, 0xEF, 0xA4, 0x82, 0x7F,
    0x01, 0xBD, 0x96, 0x81, 0xC6, 0xE5, 0xC6, 0x1B, 0x87, 0x9F, 0x24, 0xFF, 0x15, 0x04, 0xF3, 0x87,
    0x82, 0x0F, 0x01, 0x28, 0x90, 0x1B, 0x68, 0x3B, 0xD9, 0x2B, 0x68, 0xD1, 0xDE, 0x45, 0xF5, 0xBB,
    0x84, 0xA4, 0x57, 0xD0, 0xBD, 0xA0, 0xD5, 0xCC, 0xEE, 0xA2, 0x80, 0x1E, 0x2D, 0x8A, 0x62, 0x83,
    0x02, 0x45, 0x87, 0x0D, 0xCD, 0x6A, 0x92, 0x5F, 0xE7, 0xCD, 0x49, 0x8F, 0xEE, 0xA9, 0xD5, 0xFA,
    0xBA, 0x3D, 0xAF, 0xCC, 0xF3, 0x99, 0xCC, 0x3B, 0xE7, 0x7D, 0x26, 0xCC, 0xCC, 0x97, 0xAD, 0xE5,
    0x44, 0x21, 0xB7, 0x9C, 0xC1, 0x5A, 0x46, 0xAE, 0xE3, 0x5E, 0x2D, 0xA5, 0x14, 0xA9, 0x24, 0xCB,
    0xD3, 0x46, 0xFE, 0xA4, 0x12, 0x50, 0x1C, 0xC8, 0x06, 0x09, 0x27, 0x09, 0x6F, 0x18, 0xA6, 0x42,
    0xE8, 0x64, 0x08, 0x3B, 0x2A, 0xA1, 0xB1, 0x11, 0xC3, 0x39, 0x65, 0x15, 0xB5, 0x26, 0x91, 0xAB,
    0xEF, 0xA0, 0x9C, 0x81, 0x5A, 0xC0, 0x47, 0x4D, 0x0F, 0x1F, 0xB8, 0x70, 0xC0, 0xBA, 0xFB, 0x80,
    0xA5, 0x5C, 0x0B, 0x55, 0x57, 0x42, 0xA7, 0x77, 0x27, 0x74, 0xBF, 0x71, 0xFF, 0x9A, 0x4A, 0xFA,
    0x5E, 0x0A, 0x4E, 0x16, 0xB1, 0x34, 0x6A, 0x29, 0xD2, 0xBA, 0x4F, 0xF5, 0x6A, 0x35, 0xFA, 0x72,
    0xB3, 0x3F, 0xE9, 0x49, 0xC5, 0x2C, 0xDC, 0x4E, 0xF9, 0x9D, 0xB2, 0x92, 0x16, 0x56, 0x14, 0x14,
    0x4A, 0xB5, 0xEC, 0x85, 0x03, 0x7B, 0xE9, 0x89, 0xCF, 0xCF, 0xD3, 0x16, 0xBF, 0x4F, 0x5D, 0x6A,
    0x2D, 0xB9, 0x34, 0xE7, 0x7A, 0xC2, 0xBD, 0x7A, 0xEE, 0xD4, 0x67, 0xD2, 0x64, 0xCB, 0xAC, 0xA5,
    0xD1, 0x2F, 0x59, 0xDF, 0x45, 0x18, 0x46, 0xD0, 0x09, 0x14, 0x2E, 0x6D, 0xEF, 0xDB, 0xFB, 0x34,
    0xFE, 0x7F, 0xBF, 0x3E, 0x8A, 0x8D, 0x14, 0x5D, 0x6A, 0x79, 0x6A, 0x34, 0x5B, 0x4B, 0x15, 0xC0,
    0x4D, 0x50, 0xAE, 0x80, 0xCE, 0xAD, 0xB3, 0xB6, 0x80, 0x1F, 0xC9, 0x14, 0xD8, 0x67, 0x43, 0x3D,
    0x03, 0x85, 0xA5, 0x31, 0xB4, 0xC0, 0x7B, 0x1C, 0x51, 0x6F, 0x2D, 0xD9, 0xE5, 0x93, 0xD7, 0x92,
    0xF0, 0x73, 0xA9, 0xB6, 0x1B, 0x33, 0xF5, 0xC3, 0x09, 0x05, 0x49, 0x7F, 0x45, 0x00, 0xD2, 0xE8,
    0xF1, 0xEB, 0x7E, 0xE5, 0xEE, 0x3C, 0xB7, 0x32, 0x64, 0xD2, 0x06, 0x77, 0x1A, 0x6D, 0x68, 0xB1,
    0xCC, 0x08, 0x99, 0xFA, 0xC3, 0xC0, 0x45, 0xE0, 0x51, 0x7B, 0x23, 0x83, 0x7A, 0xB1, 0x61, 0x01,
    0x52, 0x48, 0x02, 0xCD, 0x88, 0x9B, 0xAA, 0xD9, 0x04, 0x3E, 0xBD, 0x89, 0x41, 0x39, 0x95, 0x13,
    0x6E, 0x71, 0xCB, 0x19, 0x65, 0x4C, 0xDD, 0x4B, 0xFC, 0xB7, 0x06, 0x32, 0x83, 0x9F, 0xE8, 0x26,
    0xEA, 0x95, 0x42, 0x30, 0x04, 0xEA, 0xC8, 0x1E, 0x85, 0x1E, 0xF8, 0x30, 0xC4, 0x4C, 0xA1, 0xDC,
    0x70, 0x13, 0x3E, 0x70, 0x0E, 0x1F, 0x1F, 0xF8, 0xD0, 0xCD, 0x20, 0xB3, 0x13, 0x6E, 0xEA, 0x82,
    0x0F, 0x2E, 0xC2, 0xE5, 0x57, 0xDF, 0x59, 0xEB, 0x1E, 0xAF, 0x7A, 0xA1, 0xF4, 0xF8, 0xC7, 0x0B,
    0xF0, 0x6F, 0xBF, 0xC1, 0xFF, 0x00, 0x9A, 0xF6, 0x29, 0xF8, 0x5F, 0x57, 0x68, 0xB4, 0x40, 0xA9,
    0x11, 0x6A, 0xC3, 0xA0, 0x19, 0xFC, 0x57, 0x2B, 0xBC, 0x6F, 0xC9, 0x64, 0x6A, 0xD3, 0xC9, 0xA3,
    0x50, 0xE8, 0x38, 0x78, 0x4E, 0x3E, 0x61, 0xEC, 0xE6, 0x5C, 0x71, 0x18, 0x51, 0xD4, 0x89, 0x2E,
    0x2A, 0xE0, 0x2F, 0xE8, 0xF6, 0x77, 0xE3, 0x10, 0x49, 0xC9, 0x29, 0x2F, 0x34, 0x92, 0xDA, 0x4A,
    0x5A, 0xC9, 0xA5, 0x09, 0xEE, 0xB6, 0x16, 0xBE, 0xE6, 0x43, 0x72, 0x8D, 0x4F, 0x29, 0xA5, 0x85,
    0x4A, 0x9A, 0x71, 0xCF, 0x14, 0x71, 0x6D, 0xD3, 0xB3, 0x87, 0x32, 0x9D, 0xD0, 0xC7, 0x5A, 0x50,
    0x8A, 0x1D, 0xAD, 0xE6, 0x52, 0x41, 0x31, 0x4F, 0x18, 0xB3, 0x84, 0x13, 0x09, 0xE1, 0x41, 0x40,
    0x11, 0xF0, 0x33, 0x50, 0x6D, 0xC7, 0x4A, 0xC1, 0x87, 0x3F, 0xEF, 0x70, 0x33, 0xCD, 0xA4, 0xC9,
    0xFC, 0x36, 0x6A, 0x33, 0xF0, 0x4B, 0xA1, 0xD0, 0xD9, 0xDA, 0x86, 0x91, 0x61, 0xBC, 0x5E, 0xFE,
    0x0E, 0x7B, 0xB7, 0x8F, 0xEE, 0x79, 0xFB, 0x8C, 0x7D, 0x6E, 0x29, 0x6D, 0x64, 0x97, 0x6F, 0x00,
    0x6E, 0x3B, 0x14, 0xF6, 0xBD, 0x90, 0x9B, 0x41, 0xB9, 0x98, 0xC0, 0x27, 0xDC, 0xC6, 0xC0, 0x09,
    0x68, 0x14, 0x60, 0xD0, 0x48, 0x26, 0x37, 0x53, 0xCE, 0xF9, 0x6A, 0x02, 0x9F, 0xDD, 0xC6, 0xC0,
    0xF7, 0x35, 0x68, 0xF2, 0x14, 0x36, 0x50, 0x4A, 0x2B, 0xD5, 0x69, 0x98, 0xA9, 0xC2, 0xDD, 0xE9,
    0x26, 0x06, 0x57, 0xFF, 0x6E, 0x64, 0x4B, 0x19, 0xB9, 0xC4, 0x4D, 0x0C, 0x28, 0x26, 0x70, 0xCB,
    0xA5, 0xED, 0xFD, 0x23, 0x74, 0x15, 0xC0, 0xDB, 0xF2, 0x77, 0xCF, 0x2F, 0xC8, 0x8E, 0xDD, 0x26,
    0x0E, 0xCF, 0xCA, 0x3C, 0x9D, 0x79, 0x36, 0x4A, 0x9E, 0xDD, 0x90, 0xEC, 0xB6, 0x64, 0xF7, 0x7C,
    0x49, 0xF8, 0x66, 0x4A, 0x78, 0x99, 0x04, 0x07, 0x85, 0xE4, 0xA9, 0x36, 0x79, 0xEA, 0x0F, 0xCF,
    0x7D, 0xB5, 0xCE, 0x3C, 0xEB, 0x1F, 0x93, 0x67, 0x0E, 0x90, 0xE9, 0x72, 0x6A, 0x5B, 0x69, 0x72,
    0x61, 0xFD, 0x1E, 0x2E, 0xF1, 0xA0, 0x0D, 0x69, 0xD8, 0x77, 0xF4, 0xBE, 0xB7, 0x93, 0xC1, 0x30,
    0xB9, 0x24, 0x2E, 0x29, 0x78, 0xA9, 0x0B, 0x4E, 0x4B, 0x17, 0xB2, 0x64, 0x17, 0xA0, 0x59, 0x80,
    0xEE, 0xFA, 0x66, 0xBE, 0xA1, 0x41, 0xBD, 0xBE, 0x79, 0x33, 0xD7, 0x11, 0x17, 0x8B, 0xE5, 0x76,
    0x06, 0x6F, 0xBB, 0x99, 0x6F, 0x60, 0xE0, 0xCF, 0x06, 0x90, 0x46, 0x8F, 0xA3, 0xB3, 0x9E, 0x81,
    0xEE, 0x04, 0x58, 0xEF, 0x12, 0x7E, 0xA2, 0xDC, 0x9A, 0x19, 0xB7, 0x1E, 0x9E, 0x29, 0xB1, 0xDC,
    0x68, 0x62, 0x21, 0x7C, 0xCC, 0x95, 0xA6, 0x64, 0xEA, 0x87, 0xA3, 0xF4, 0xF0, 0x4C, 0x2D, 0xFE,
    0x3B, 0x81, 0x7F, 0xB5, 0x41, 0xFD, 0x6A, 0x05, 0xF7, 0xDB, 0x02, 0x95, 0x66, 0x2B, 0x16, 0x0F,
    0xA4, 0xEA, 0x80, 0x82, 0xA1, 0x3F, 0x0E, 0xCD, 0x42, 0x66, 0xB1, 0x41, 0xF2, 0x33, 0x4C, 0x86,
    0x53, 0xC2, 0xB6, 0xA7, 0xFE, 0x3D, 0x9E, 0xA9, 0x47, 0xDF, 0x6A, 0x42, 0xBF, 0x5C, 0xEE, 0x9B,
    0xB9, 0x12, 0xF6, 0x0D, 0x7A, 0x9D, 0x32, 0x33, 0xDC, 0xC1, 0x1B, 0xB0, 0x01, 0x43, 0xAF, 0x68,
    0x79, 0xFB, 0x0C, 0x69, 0x33, 0x2C, 0xE8, 0xA5, 0x26, 0xF4, 0x5C, 0xFD, 0x3F, 0x32, 0x30, 0xD8,
    0x55, 0x0F, 0x7A, 0xA1, 0x03, 0x76, 0xE1, 0x5F, 0x45, 0x17, 0x71, 0xAB, 0x9F, 0x70, 0x4B, 0x33,
    0xD3, 0xCC, 0x6E, 0xC1, 0x4F, 0x6E, 0xC5, 0xC7, 0x72, 0xA3, 0x4B, 0xB2, 0x28, 0xE4, 0x06, 0xF4,
    0xA5, 0x5A, 0xAB, 0x0E, 0xDD, 0x8B, 0x0D, 0xFC, 0x0F, 0x2B, 0x34, 0x3F, 0xEF, 0x5F, 0x67, 0x36,
    0x44, 0x28, 0x0D, 0x85, 0x46, 0xC8, 0x2F, 0x0E, 0x99, 0x5A, 0xEB, 0x02, 0xE5, 0x06, 0xD4, 0x0B,
    0x34, 0x9A, 0x0D, 0xD1, 0x10, 0xA0, 0x7E, 0x0D, 0xFC, 0x0E, 0xD5, 0x52, 0x3D, 0x97, 0xE5, 0xC6,
    0x71, 0x2D, 0x00, 0x67, 0x07, 0xE7, 0x10, 0x41, 0x3B, 0xB0, 0x8F, 0x2C, 0x6E, 0x80, 0x9C, 0x09,
    0xFE, 0x80, 0xC9, 0x86, 0x8E, 0x43, 0x06, 0x62, 0x40, 0xC5, 0x4E, 0x9C, 0xC8, 0xC9, 0xFE, 0x03,
    0x03, 0xC7, 0x0E, 0x1D, 0x78, 0xFE, 0x81, 0x19, 0x30, 0xA0, 0x98, 0x48, 0xA1, 0x02, 0x8A, 0xE8,
    0x25, 0x03, 0x05, 0x0C, 0x04, 0x8A, 0x81, 0x03, 0x07, 0x86, 0xED, 0xCD, 0x05, 0x1F, 0xC2, 0x26,
    0x96, 0x6C, 0xA0, 0x7C, 0x6F, 0xE1, 0x7D, 0xCE, 0xCE, 0x92, 0xBB, 0xB3, 0x33, 0xCB, 0x31, 0xDE,
    0xEB, 0xDB, 0xEF, 0xA1, 0xAB, 0xAB, 0x6E, 0xDD, 0xBA, 0xE2, 0x54, 0x83, 0xC8, 0xB3, 0x78, 0xF6,
    0x68, 0x3C, 0x60, 0xA2, 0x0B, 0x30, 0x53, 0x25, 0xAE, 0xC4, 0x22, 0x6A, 0x8B, 0x5B, 0xD1, 0xEE,
    0xCE, 0x0D, 0xB0, 0x9A, 0xFC, 0x20, 0xE2, 0x47, 0x3F, 0x8A, 0x34, 0x43, 0x35, 0x89, 0x74, 0x7D,
    0x39, 0x23, 0x41, 0x70, 0x11, 0x09, 0xDA, 0x62, 0x91, 0x54, 0x55, 0x57, 0xA6, 0x41, 0xA2, 0x9C,
    0x58, 0x17, 0x44, 0x06, 0x20, 0xAC, 0x24, 0xF6, 0x1E, 0x57, 0xBA, 0xD1, 0x4F, 0x4C, 0xD5, 0x20,
    0x95, 0x9F, 0x15, 0x69, 0xAB, 0x88, 0x5B, 0xA3, 0x5C, 0x81, 0xED, 0x79, 0xB4, 0xD6, 0x52, 0xF0,
    0x2F, 0x7A, 0x88, 0xCC, 0x8B, 0x12, 0x97, 0x85, 0x51, 0xDD, 0x41, 0xD2, 0xA1, 0xA0, 0x63, 0x55,
    0x4F, 0xE8, 0x26, 0xBC, 0xD3, 0x9E, 0x10, 0x0C, 0x10, 0xAC, 0x43, 0x85, 0x83, 0x2D, 0x64, 0x51,
    0x29, 0x75, 0x54, 0xD0, 0x6D, 0x3B, 0x74, 0x17, 0x04, 0xC4, 0xDC, 0x90, 0x03, 0x51, 0x66, 0x92,
    0x7D, 0x6D, 0xA5, 0x02, 0xF2, 0xF0, 0xE9, 0x15, 0xD9, 0xA4, 0x59, 0x89, 0x9D, 0x9A, 0x7A, 0x6A,
    0xEA, 0x31, 0x32, 0xD5, 0x2E, 0x50, 0xBD, 0xA6, 0x17, 0xC9, 0x17, 0x6A, 0x55, 0x44, 0x6A, 0xE5,
    0x22, 0xB5, 0x2A, 0x67, 0x6A, 0xE5, 0x27, 0x4A, 0xE1, 0x47, 0x68, 0x05, 0x0D, 0x73, 0x95, 0x8D,
    0xA6, 0x98, 0x56, 0xA9, 0x69, 0x95, 0x1D, 0x71, 0x28, 0x50, 0xA9, 0x19, 0xDD, 0xC2, 0x8B, 0x54,
    0xCF, 0xCF, 0x15, 0x92, 0x94, 0x91, 0xEA, 0xB9, 0x85, 0xEA, 0xB9, 0xD5, 0xF5, 0xA0, 0xEF, 0xA6,
    0x34, 0x6E, 0xE4, 0x37, 0xEE, 0x46, 0xE8, 0xC8, 0x9C, 0x0A, 0xBA, 0x83, 0x82, 0x8E, 0x0A, 0xE6,
    0xB7, 0xA8, 0xA0, 0xF8, 0x75, 0x13, 0xC6, 0x24, 0x41, 0x4C, 0xBD, 0x49, 0x13, 0x4C, 0x1B, 0xAA,
    0x82, 0x40, 0x0A, 0x02, 0x75, 0xA8, 0x08, 0xE4, 0xA1, 0x24, 0xD0, 0x87, 0x9A, 0x40, 0x20, 0x8A,
    0x02, 0x85, 0xA8, 0x0A, 0x6C, 0x46, 0x59, 0xA0, 0x91, 0x51, 0x6B, 0x86, 0x94, 0xD9, 0x4C, 0x93,
    0xFD, 0x96, 0x98, 0x36, 0x9B, 0xCD, 0x46, 0xEB, 0x00, 0x7A, 0xB0, 0x1B, 0x58, 0x8B, 0x5A, 0x55,
    0x68, 0x91, 0x13, 0x5D, 0xF8, 0x0B, 0x4D, 0xF1, 0xBD, 0x9D, 0x93, 0xC0, 0x64, 0x9B, 0x1B, 0x6C,
    0xAB, 0x82, 0x6D, 0xBE, 0xDD, 0xB6, 0xDD, 0xBF, 0x2D, 0xB2, 0xDC, 0xB6, 0x14, 0xDB, 0x23, 0x7D,
    0xD6, 0x80, 0x83, 0xE3, 0x79, 0xFE, 0x82, 0x1A, 0xE6, 0x94, 0xAF, 0xDC, 0xC9, 0xD7, 0x50, 0xBE,
    0x8A, 0xF2, 0x5D, 0x6C, 0xF2, 0xD1, 0x7F, 0x92, 0x51, 0x98, 0x82, 0xBC, 0x30, 0xD1, 0x1D, 0x43,
    0xC7, 0xA6, 0x73, 0xD3, 0x91, 0x2A, 0x26, 0x1F, 0xB7, 0x2C, 0xD4, 0x5A, 0x6F, 0x54, 0x8A, 0x02,
    0xF1, 0x70, 0x95, 0x67, 0x9E, 0xA4, 0xFB, 0xB6, 0x46, 0x11, 0x90, 0xA6, 0x4A, 0xD4, 0x0A, 0x8C,
    0xDB, 0x3C, 0x54, 0xBC, 0x49, 0x41, 0x84, 0xF6, 0x91, 0x8E, 0x65, 0x94, 0x05, 0xAD, 0xCA, 0x55,
    0xE8, 0xF7, 0x21, 0x16, 0x4C, 0xDB, 0x89, 0x25, 0x40, 0xAA, 0x0B, 0xD8, 0x17, 0x49, 0x53, 0x9B,
    0x45, 0xA3, 0x08, 0xBD, 0xD0, 0x6F, 0x77, 0x41, 0xF8, 0xC3, 0xB1, 0xE5, 0xE8, 0xAB, 0xC4, 0xED,
    0x07, 0xF5, 0xC6, 0xE9, 0xA1, 0xB6, 0x98, 0xDD, 0x44, 0x29, 0x4B, 0xDC, 0xF2, 0x31, 0x69, 0x99,
    0x97, 0x05, 0x58, 0xC9, 0x26, 0xBC, 0x5F, 0xFD, 0xF6, 0x9E, 0xE7, 0x88, 0xFB, 0x0D, 0x3B, 0xA1,
    0x83, 0x53, 0x76, 0x54, 0xC1, 0xCE, 0xB2, 0x69, 0x31, 0x70, 0xB2, 0xA8, 0x58, 0x7E, 0x03, 0x5A,
    0xCD, 0x63, 0xA5, 0x16, 0xBB, 0x39, 0xDE, 0x03, 0x31, 0x3C, 0x04, 0xE8, 0x56, 0x1A, 0xB6, 0xCE,
    0xA3, 0xEF, 0xCB, 0xD1, 0x8D, 0x0F, 0xEA, 0xE4, 0xBD, 0xDB, 0x17, 0xC3, 0xD7, 0xCF, 0xF2, 0xF5,
    0xF5, 0xBD, 0x31, 0x45, 0x8E, 0x40, 0x17, 0x8F, 0x8B, 0xFF, 0xF7, 0xCF, 0x55, 0x1D, 0x96, 0xE4,
    0xF2, 0xC6, 0x3A, 0x7C, 0x24, 0x17, 0x97, 0xD2, 0xD5, 0xBE, 0x17, 0xFF, 0x1F, 0xF0, 0x9F, 0xD3,
    0x95, 0x1E, 0x41, 0x5F, 0x89, 0x8E, 0xF7, 0x45, 0x8C, 0xB2, 0x4F, 0x63, 0x31, 0xBB, 0x29, 0xD5,
    0xA6, 0x47, 0xE5, 0x56, 0x3C, 0x4C, 0xFB, 0xE0, 0x7D, 0xB9, 0x6D, 0x53, 0x64, 0xB3, 0xF8, 0x90,
    0xE8, 0xCF, 0x90, 0xBD, 0xF9, 0x37, 0x30, 0xAA, 0x74, 0x22, 0x2B, 0xDC, 0x48, 0x3F, 0x6E, 0x4F,
    0x64, 0x50, 0x85, 0x70, 0xA0, 0x38, 0x13, 0xB4, 0x26, 0xF4, 0x1A, 0x2E, 0x74, 0x44, 0x91, 0x66,
    0x06, 0x94, 0x11, 0xE0, 0x16, 0x40, 0xB1, 0x02, 0xD0, 0x53, 0x80, 0xA8, 0xCF, 0x82, 0x1D, 0x58,
    0x88, 0x05, 0x57, 0xBC, 0xD6, 0x4C, 0x1A, 0x72, 0xA4, 0xC2, 0x13, 0x08, 0xAC, 0x31, 0x01, 0xBE,
    0x35, 0x6F, 0xEA, 0x63, 0xB5, 0xED, 0xB3, 0xD5, 0xB6, 0xCF, 0xE3, 0xB6, 0xCD, 0xB6, 0xFD, 0xDE,
    0x26, 0x66, 0x22, 0xEF, 0xB6, 0x6E, 0xE0, 0x96, 0x29, 0x13, 0xA3, 0x13, 0x96, 0x83, 0x78, 0xDB,
    0x16, 0x73, 0x6E, 0xDD, 0x98, 0x98, 0x34, 0xC3, 0x5E, 0xA1, 0x9D, 0x58, 0xDD, 0xB3, 0x5B, 0x7F,
    0x1A, 0xB2, 0xBB, 0xE7, 0xE7, 0xFC, 0x24, 0xE7, 0xAE, 0x42, 0xAE, 0xB1, 0xD9, 0xAA, 0xFB, 0xED,
    0xE5, 0x93, 0xED, 0xA8, 0x35, 0x9C, 0x0C, 0x17, 0xBA, 0xFA, 0x91, 0x12, 0x73, 0x6D, 0x81, 0x48,
    0x47, 0x9F, 0x6B, 0x4F, 0xEC, 0x06, 0x62, 0x43, 0x15, 0xC4, 0x5F, 0x83, 0xDB, 0xE9, 0x31, 0xD2,
    0x6E, 0xA5, 0x96, 0xA1, 0xD0, 0x1A, 0xD8, 0xA8, 0x55, 0x89, 0x86, 0xA3, 0x21, 0xCD, 0xAD, 0x1F,
    0x1C, 0xB5, 0xD9, 0x86, 0xA0, 0x57, 0xE1, 0x78, 0x4A, 0xF1, 0x72, 0x4A, 0x57, 0xB2, 0x2D, 0x6B,
    0xB1, 0x99, 0x0B, 0x0D, 0x1D, 0x0C, 0x13, 0xB4, 0x07, 0x61, 0x04, 0x3D, 0x0B, 0xD4, 0xC7, 0x42,
    0x1A, 0x6A, 0x63, 0xD7, 0x2C, 0x41, 0xAE, 0xB4, 0x46, 0xD7, 0x37, 0x01, 0x3C, 0xCE, 0xD6, 0xD1,
    0x57, 0x3A, 0x9C, 0xAC, 0xFE, 0xCC, 0xBB, 0xFB, 0xB5, 0xD9, 0xE2, 0xB8, 0xAE, 0x8B, 0x39, 0xC6,
    0xF6, 0xA7, 0x39, 0x33, 0x4A, 0x71, 0x05, 0xB6, 0xA7, 0x84, 0xA1, 0x13, 0xFE, 0x2D, 0xA8, 0x59,
    0x69, 0x22, 0x83, 0x7D, 0xDD, 0x0C, 0x89, 0xB6, 0x1D, 0x3B, 0x3A, 0xF8, 0xF1, 0x14, 0x6C, 0xC8,
    0xBD, 0x70, 0x16, 0x00, 0xBF, 0xC8, 0xC3, 0xED, 0x6E, 0x41, 0x48, 0x4C, 0xCD, 0x87, 0x70, 0x96,
    0x97, 0x6C, 0xF4, 0x6D, 0x39, 0x56, 0xE0, 0xC3, 0x7E, 0x33, 0x85, 0x7B, 0x1F, 0x3D, 0x91, 0x93,
    0xBE, 0xC7, 0xB3, 0xF5, 0xFC, 0x5E, 0x8E, 0xEB, 0xFB, 0xFB, 0x3E, 0xCB, 0xE7, 0x82, 0xC0, 0x08,
    0x63, 0x4A, 0x73, 0xC0, 0x7E, 0x5B, 0xDF, 0xB4, 0xA3, 0x3C, 0x7C, 0x2A, 0x77, 0xAB, 0xC0, 0xBA,
    0x29, 0x20, 0x25, 0x02, 0xFD, 0x78, 0x5C, 0xE5, 0x61, 0xE8, 0xAF, 0x65, 0xF2, 0x92, 0x93, 0x9E,
    0x8B, 0x67, 0x90, 0x8F, 0x67, 0x1C, 0xEE, 0x56, 0x81, 0xBB, 0x9E, 0xB1, 0x48, 0x55, 0x8B, 0x7C,
    0x2A, 0x92, 0xA0, 0xB5, 0x6C, 0xC6, 0xE2, 0x8E, 0xF7, 0x89, 0x9D, 0x8D, 0xDF, 0xD3, 0x5E, 0xFA,
    0xCA, 0x16, 0x9F, 0xA9, 0xE6, 0x40, 0x5D, 0x19, 0x4E, 0x22, 0xF0, 0x3C, 0xA1, 0xDE, 0xEE, 0x40,
    0x5C, 0x42, 0xBE, 0x48, 0x57, 0x17, 0xA3, 0x1F, 0x9A, 0xE0, 0x9E, 0x6A, 0x9D, 0x41, 0x9B, 0x04,
    0x5C, 0xE4, 0xEF, 0x3E, 0x78, 0x6D, 0x46, 0x70, 0x18, 0xA6, 0xE4, 0xB1, 0x88, 0xA8, 0xCC, 0x8E,
    0x1A, 0x06, 0x55, 0x68, 0x42, 0x1E, 0xBC, 0xFF, 0x7A, 0x8C, 0x20, 0xF2, 0x16, 0xDB, 0xA5, 0x66,
    0x29, 0xDF, 0x15, 0x8B, 0xD6, 0x52, 0x8E, 0x4D, 0x2F, 0x4D, 0x5B, 0x9C, 0x3B, 0x92, 0xCF, 0xAF,
    0xF5, 0x92, 0x69, 0x56, 0xE9, 0x54, 0x97, 0x0C, 0xA9, 0xA2, 0x43, 0x92, 0xDF, 0x96, 0xA4, 0xEC,
    0xE3, 0xBE, 0x5A, 0xC7, 0xBC, 0xCA, 0xE2, 0x1A, 0x58, 0x2F, 0xB8, 0x33, 0xE8, 0xE1, 0x04, 0x84,
    0x64, 0x6C, 0x39, 0x53, 0x3F, 0x01, 0xAA, 0x05, 0xE0, 0xB4, 0xCD, 0x35, 0x27, 0x7D, 0x4E, 0x12,
    0x6D, 0x12, 0xC0, 0xEA, 0x52, 0x1C, 0xE7, 0xE5, 0xD5, 0x26, 0x12, 0x24, 0x5D, 0x61, 0xA0, 0x62,
    0xCA, 0xA3, 0x3C, 0xA8, 0x65, 0xAF, 0x53, 0xD7, 0x77, 0x21, 0xD7, 0xB8, 0x2B, 0xE3, 0x0D, 0xE6,
    0x42, 0x43, 0x37, 0xA6, 0x50, 0xA3, 0x4F, 0x08, 0x62, 0xBA, 0x9C, 0x81, 0xBD, 0xE3, 0xA9, 0xC5,
    0xD9, 0x0D, 0x7F, 0x20, 0x9B, 0xEB, 0x53, 0x44, 0x75, 0x5F, 0x52, 0xCC, 0x84, 0x90, 0x12, 0x32,
    0x0D, 0x6F, 0x43, 0x84, 0xD6, 0xEF, 0x38, 0x2E, 0x84, 0x51, 0x2E, 0x14, 0x83, 0x92, 0x9F, 0x4A,
    0x72, 0x29, 0xBE, 0xCD, 0x47, 0x8C, 0x11, 0xCA, 0x38, 0xF2, 0xCD, 0x68, 0x4B, 0x69, 0x26, 0x79,
    0x21, 0x39, 0xFB, 0xE4, 0x37, 0xE5, 0xFA, 0x5C, 0x39, 0xDD, 0x2D, 0xC8, 0x99, 0xA1, 0x69, 0xC9,
    0xA6, 0x94, 0xFF, 0xC0, 0x5E, 0xE8, 0x2B, 0x9C, 0xA2, 0xCA, 0x05, 0x5B, 0x78, 0xFD, 0x72, 0xBE,
    0x03, 0x9D, 0xAE, 0x97, 0x53, 0x4A, 0xFA, 0xD8, 0x8F, 0x67, 0x60, 0xEF, 0x5E, 0xD9, 0x98, 0xB7,
    0xA1, 0x24, 0x54, 0x44, 0x2E, 0x17, 0xCF, 0x20, 0x3B, 0x1F, 0xF4, 0x3D, 0x31, 0xE6, 0x0D, 0x14,
    0x2A, 0x6E, 0x43, 0xA1, 0x93, 0xA7, 0xB2, 0x09, 0xB2, 0x80, 0xE7, 0x04, 0x9B, 0x96, 0xF5, 0x78,
    0xF0, 0x3B, 0x02, 0x29, 0xA4, 0x84, 0x9C, 0x50, 0xCC, 0xB7, 0x2F, 0x62, 0x73, 0x63, 0x11, 0xA7,
    0x9D, 0x88, 0x39, 0xC5, 0x72, 0x0C, 0xF3, 0xD0, 0x4E, 0xBA, 0x7F, 0x9E, 0x24, 0x5D, 0xD3, 0x45,
    0xD2, 0x0F, 0xE5, 0x97, 0x27, 0x6C, 0x11, 0xE0, 0xE2, 0x0B, 0x03, 0x47, 0x71, 0x15, 0x5E, 0x2A,
    0xC1, 0x01, 0xE4, 0xCD, 0x0F, 0x4C, 0x2C, 0x0A, 0x98, 0x60, 0xD2, 0x20, 0xBC, 0x28, 0x68, 0xBB,
    0xC9, 0xF7, 0x14, 0xBD, 0x18, 0xE5, 0xFC, 0xF1, 0xE3, 0x8B, 0x63, 0x03, 0x5B, 0xFB, 0xAF, 0x21,
    0x8A, 0x0D, 0x37, 0x18, 0xF6, 0xC0, 0x04, 0x4A, 0xC0, 0x3F, 0xDD, 0x28, 0x7E, 0xA6, 0x87, 0x60,
    0x0A, 0x5C, 0x79, 0xE5, 0x6F, 0xA6, 0x56, 0x7A, 0xB7, 0xA9, 0x3D, 0xE3, 0xB5, 0xDB, 0x79, 0xE4,
    0x61, 0xE3, 0xD1, 0xF3, 0xB6, 0x6B, 0x2F, 0xDC, 0x7C, 0xDB, 0xC0, 0x54, 0xB9, 0x02, 0xC7, 0xD3,
    0x4C, 0x2F, 0x56, 0x40, 0xA5, 0x7D, 0xA6, 0x1D, 0x49, 0xAB, 0xCE, 0x99, 0x0E, 0x4D, 0x84, 0xE1,
    0x4A, 0x40, 0xED, 0x00, 0x72, 0x13, 0x48, 0x66, 0x99, 0x0A, 0xFD, 0x87, 0xA9, 0x44, 0x6F, 0x18,
    0xCA, 0xE0, 0x73, 0x5A, 0xF8, 0xD3, 0xC3, 0x90, 0x33, 0xD3, 0x68, 0x5B, 0xD2, 0x69, 0x4B, 0xA3,
    0xBC, 0xD2, 0x42, 0x8E, 0xD3, 0x9C, 0xC9, 0x22, 0x33, 0xEB, 0x3B, 0xFC, 0xAE, 0x0E, 0xF5, 0xFF,
    0xFE, 0xE8, 0xB0, 0x5B, 0x5A, 0xAA, 0xF1, 0xF0, 0xDD, 0x92, 0x1F, 0xFE, 0x56, 0x3A, 0x40, 0x8A,
    0x97, 0xFA, 0xE2, 0xCA, 0x69, 0xC2, 0xD3, 0xCC, 0x2F, 0x9B, 0xEA, 0xF0, 0x8D, 0xE2, 0x02, 0x32,
    0x87, 0x4E, 0xB5, 0xC6, 0x24, 0xC4, 0xE9, 0x2C, 0x49, 0x77, 0x79, 0x98, 0x04, 0xDF, 0xED, 0x57,
    0x81, 0x33, 0x81, 0x43, 0x5E, 0x65, 0x31, 0xC7, 0x69, 0xCE, 0x49, 0xCA, 0xB0, 0x48, 0x73, 0x6D,
    0x7D, 0x9A, 0xF0, 0xB6, 0xD6, 0x6D, 0xE9, 0x2E, 0xAE, 0x17, 0x5F, 0x4B, 0x23, 0xB2, 0x22, 0x29,
    0xBE, 0x51, 0x9A, 0x28, 0x45, 0x74, 0xBD, 0x1F, 0xF9, 0xC1, 0xB1, 0x59, 0xE8, 0x45, 0x3E, 0x2E,
    0xF8, 0xFA, 0x53, 0x59, 0x90, 0x49, 0x63, 0x13, 0x8B, 0x98, 0xC4, 0x63, 0xCD, 0x24, 0x1E, 0x46,
    0x70, 0x7B, 0x9E, 0x09, 0x2F, 0xF4, 0xD1, 0x88, 0x7B, 0xA7, 0x78, 0x83, 0xB2, 0x37, 0xF8, 0x6E,
    0x55, 0x9E, 0xAD, 0xBE, 0x33, 0x82, 0x48, 0x6E, 0x58, 0x42, 0x77, 0xB8, 0x24, 0x1A, 0xCE, 0x86,
    0x03, 0x11, 0xAF, 0x7D, 0x9D, 0x4F, 0x1A, 0x5C, 0xDC, 0x2F, 0x5F, 0x67, 0xD3, 0x41, 0xC3, 0x93,
    0xF7, 0xAF, 0xBA, 0x50, 0xED, 0x64, 0x55, 0xD1, 0x88, 0x38, 0x1D, 0xB1, 0x7A, 0x29, 0x40, 0xE4,
    0x8D, 0x8F, 0x40, 0x06, 0x7B, 0xA7, 0x75, 0xA2, 0x4D, 0x9F, 0xC7, 0x72, 0x74, 0x43, 0x76, 0x9C,
    0xE8, 0xD5, 0x14, 0x77, 0xB1, 0x4A, 0xAC, 0x66, 0x06, 0x85, 0x11, 0xAB, 0x27, 0x15, 0x69, 0x9E,
    0x88, 0x24, 0x50, 0x2B, 0xD3, 0xC9, 0x14, 0xF4, 0x5F, 0xAA, 0x74, 0xE2, 0xC3, 0xD1, 0x68, 0xE1,
    0x4E, 0x56, 0x8A, 0xA5, 0xDA, 0x62, 0xE1, 0xEF, 0x02, 0x59, 0x06, 0x7B, 0x5D, 0x41, 0x4C, 0xE9,
    0x46, 0x0D, 0x89, 0xF6, 0x1A, 0x32, 0x6D, 0xA1, 0x2D, 0x86, 0x1E, 0x20, 0xA8, 0x86, 0x6E, 0x14,
    0x7D, 0x0C, 0xDE, 0xFA, 0x39, 0x2F, 0xFE, 0x81, 0x37, 0xFF, 0x84, 0x8E, 0x54, 0x57, 0x82, 0x1A,
    0x20, 0xEB, 0xC4, 0x90, 0x9E, 0xC1, 0xC1, 0xCF, 0x80, 0x72, 0x01, 0x14, 0xCC, 0x62, 0xF9, 0x52,
    0x1A, 0x5A, 0x14, 0x35, 0xA4, 0x99, 0xAC, 0xA4, 0x1C, 0x9F, 0x8C, 0x4E, 0xB2, 0xA9, 0xE4, 0xF4,
    0x51, 0x31, 0x72, 0x32, 0xFD, 0xC6, 0xFA, 0x07, 0xC1, 0x38, 0xE7, 0x5A, 0x83, 0xF3, 0xB2, 0x2F,
    0x0E, 0x69, 0xF5, 0x33, 0xD6, 0xFB, 0x82, 0xFC, 0xFE, 0xDD, 0xE8, 0xCE, 0x84, 0xE5, 0xC8, 0x19,
    0xCD, 0x0C, 0xE4, 0x1C, 0x9A, 0x71, 0xDF, 0x2A, 0xAC, 0xBB, 0x4B, 0xB5, 0xA3, 0x3B, 0x9C, 0x90,
    0x74, 0x66, 0x71, 0x52, 0x2B, 0xF9, 0xBA, 0x62, 0x75, 0x5F, 0x1B, 0x0D, 0x32, 0x48, 0xD9, 0x65,
    0xC1, 0x04, 0x25, 0x53, 0x79, 0x26, 0x65, 0xFA, 0xCF, 0x30, 0x6E, 0xFD, 0x62, 0x3D, 0xD0, 0x88,
    0x67, 0x0C, 0xA6, 0xEB, 0x18, 0x64, 0x64, 0x90, 0xEC, 0x04, 0xC3, 0x5C, 0x60, 0x95, 0x00, 0xAB,
    0x6C, 0x14, 0x3C, 0x74, 0x79, 0xEB, 0x84, 0x16, 0x0A, 0xDD, 0xEE, 0x82, 0x48, 0x58, 0xEB, 0x7E,
    0xC9, 0x5B, 0x1F, 0x40, 0x07, 0x74, 0x97, 0x2F, 0x52, 0x4E, 0x47, 0x8F, 0x22, 0xF6, 0x16, 0xBF,
    0xB7, 0xEE, 0x75, 0x85, 0xB4, 0x98, 0xF9, 0x7E, 0x1D, 0xE4, 0xAA, 0xD0, 0x62, 0x85, 0xF9, 0xB1,
    0x0F, 0x4E, 0xAF, 0x61, 0x27, 0x2F, 0xFF, 0x61, 0xAA, 0x72, 0x2A, 0xC7, 0xAA, 0xF7, 0xC1, 0x73,
    0x64, 0x0B, 0x8C, 0x13, 0x61, 0x00, 0x78, 0xDB, 0x0D, 0x58, 0xE1, 0x36, 0xD9, 0xEB, 0x63, 0x85,
    0x91, 0x60, 0x8D, 0xCF, 0xE1, 0x91, 0xCF, 0x61, 0xF0, 0xDF, 0xDF, 0x81, 0x62, 0x2F, 0xB4, 0xCA,
    0x40, 0x6B, 0x1F, 0x57, 0x19, 0x5E, 0xAA, 0x8F, 0x20, 0x3F, 0xF0, 0xFD, 0x7C, 0xD2, 0x3F, 0xC4,
    0xDD, 0x17, 0xBF, 0xBF, 0x37, 0x38, 0x53, 0x0C, 0xE1, 0x87, 0xE0, 0x2F, 0x09, 0x9F, 0x10, 0x56,
    0x82, 0x12, 0xE0, 0x86, 0x92, 0xF4, 0x3A, 0x86, 0x34, 0x04, 0x4F, 0xF8, 0xC9, 0xB5, 0x09, 0x54,
    0x7B, 0xC2, 0x70, 0x0A, 0xF2, 0xBD, 0x5F, 0x04, 0x4C, 0x99, 0x46, 0x60, 0xA9, 0x2D, 0x6A, 0xA0,
    0x02, 0xF2, 0xFF, 0xE4, 0x39, 0xF1, 0x22, 0xA9, 0xF6, 0xC0, 0x5C, 0x6B, 0x7A, 0x2A, 0xD2, 0x59,
    0x7E, 0x20, 0xDA, 0x0B, 0xF9, 0x48, 0xCE, 0x1F, 0x9D, 0x68, 0x5E, 0x8D, 0x86, 0xAB, 0x21, 0x02,
    0x89, 0xC1, 0xB0, 0x27, 0x76, 0x23, 0xD1, 0xCF, 0xC4, 0x72, 0x21, 0x3A, 0x25, 0x66, 0x5A, 0x03,
    0x53, 0xCC, 0x2E, 0xC0, 0x51, 0x03, 0xB1, 0x99, 0x88, 0x3E, 0x12, 0xDD, 0x4A, 0x2C, 0x94, 0x98,
    0x69, 0x07, 0x4C, 0x90, 0x56, 0x39, 0x48, 0xA2, 0x37, 0xAC, 0x0C, 0x9D, 0x61, 0x4E, 0x19, 0x2B,
    0x72, 0x6E, 0x46, 0x41, 0x70, 0x0B, 0xC5, 0xC0, 0x49, 0x1C, 0x48, 0xCA, 0x83, 0x7A, 0x4F, 0x39,
    0x01, 0x2B, 0xFD, 0x39, 0x38, 0x43, 0x3E, 0x35, 0xA8, 0x75, 0xC6, 0x5D, 0x1D, 0x41, 0x45, 0x87,
    0x04, 0x80, 0x80, 0x60, 0x63, 0xBD, 0x01, 0xDC, 0x3B, 0x45, 0x4E, 0x9F, 0xAE, 0x37, 0x0C, 0xC7,
    0x89, 0x52, 0x20, 0x49, 0xE2, 0xDD, 0x0B, 0x73, 0xC2, 0x22, 0x67, 0xB9, 0x62, 0xE6, 0x68, 0x46,
    0x02, 0x0D, 0x56, 0x22, 0x20, 0x59, 0xED, 0x45, 0x17, 0x1A, 0x0E, 0xF2, 0x7F, 0x69, 0xC7, 0x42,
    0x17, 0x33, 0x3E, 0x83, 0xE5, 0xE3, 0xCB, 0xFB, 0xED, 0x3E, 0x07, 0x8D, 0x24, 0x5F, 0x8A, 0x88,
    0x58, 0x5A, 0xB0, 0x31, 0x43, 0x52, 0xE7, 0x07, 0xBF, 0x78, 0x3D, 0xEE, 0x73, 0xA6, 0x53, 0x49,
    0xC3, 0x4B, 0x35, 0x1A, 0x52, 0x5C, 0xF1, 0x36, 0x77, 0xFF, 0x79, 0xBC, 0xD0, 0xBA, 0xF9, 0xC7,
    0xC5, 0xEB, 0xD8, 0x65, 0xAB, 0x82, 0x45, 0x06, 0x02, 0x0B, 0x70, 0x2C, 0xD9, 0x66, 0x28, 0x88,
    0x6D, 0x4E, 0xAC, 0x33, 0xE2, 0x2B, 0x7E, 0xCF, 0x26, 0xA4, 0x1B, 0xB6, 0xC7, 0xD9, 0xA8, 0xCD,
    0xA6, 0x8B, 0x36, 0xA1, 0x75, 0x9B, 0x0D, 0xA7, 0x92, 0xDB, 0x54, 0x52, 0x1D, 0x6D, 0x36, 0xB3,
    0xCD, 0x66, 0x21, 0x56, 0x36, 0x0F, 0x67, 0x33, 0xC8, 0x0C, 0x77, 0x53, 0xE9, 0x4E, 0xA6, 0x72,
    0x98, 0x07, 0x30, 0x35, 0x94, 0x0D, 0x1B, 0x33, 0xA1, 0x37, 0xB4, 0xDF, 0x09, 0xC8, 0x60, 0xC6,
    0x9C, 0x50, 0x41, 0x03, 0x01, 0x29, 0x60, 0x8E, 0xD7, 0x9A, 0x74, 0xFB, 0x41, 0xFD, 0xFA, 0x30,
    0xA8, 0x68, 0x83, 0xE2, 0x8C, 0x06, 0x79, 0xB5, 0x41, 0x19, 0xA7, 0x1D, 0x24, 0x84, 0x94, 0x40,
    0x71, 0x44, 0x8D, 0x30, 0x6D, 0xDF, 0x0D, 0x62, 0xBD, 0x5E, 0x87, 0xA7, 0xCF, 0x85, 0x3E, 0x65,
    0x47, 0x14, 0x35, 0x05, 0xCF, 0x19, 0x0D, 0x28, 0xDA, 0x81, 0x96, 0xA5, 0xD6, 0x15, 0x87, 0x1C,
    0x3C, 0x06, 0xA1, 0x3D, 0x4D, 0xD9, 0x0D, 0x4C, 0xDB, 0x8C, 0x08, 0x16, 0x3F, 0x32, 0xD5, 0xB5,
    0x68, 0xA7, 0x5B, 0xE4, 0x76, 0xCB, 0x32, 0x84, 0x2D, 0xDB, 0x96, 0x79, 0xAB, 0xB2, 0x55, 0xDC,
    0xAA, 0x6F, 0x4C, 0x32, 0xCE, 0xF5, 0x0A, 0x6C, 0xCF, 0xC3, 0xB5, 0xE6, 0xC0, 0x26, 0x6A, 0xBE,
    0x4A, 0x49, 0x4D, 0x7D, 0x44, 0x3E, 0x54, 0xD0, 0x1E, 0xC5, 0xBA, 0x01, 0x49, 0x1A, 0x52, 0xF0,
    0xA7, 0xC0, 0x77, 0x76, 0x6A, 0x71, 0x76, 0xC3, 0xEE, 0xE6, 0xCC, 0x62, 0xF9, 0x2C, 0xB3, 0xFC,
    0x54, 0xD2, 0x4B, 0xD0, 0xAE, 0x0B, 0xD4, 0xAB, 0x54, 0x0F, 0xEA, 0x65, 0x26, 0xA9, 0x34, 0x93,
    0x5C, 0xF7, 0xDC, 0x37, 0xF5, 0x06, 0xF1, 0x92, 0x4D, 0x89, 0xF2, 0x6C, 0xA1, 0x1D, 0x22, 0x8D,
    0x8D, 0x5C, 0x17, 0xEC, 0xF1, 0x75, 0xE8, 0x58, 0x2C, 0x1E, 0xA4, 0xDD, 0xDC, 0xB1, 0x99, 0x2F,
    0xA9, 0x5D, 0xF7, 0xD7, 0x20, 0x29, 0xD1, 0xF5, 0xFF, 0x1F, 0x14, 0x14, 0xFD, 0x4A, 0xD1, 0xCE,
    0xBB, 0x08, 0x5D, 0xCA, 0x51, 0xDC, 0xE8, 0x5B, 0xA9, 0xDA, 0xE5, 0x8C, 0xF2, 0x1D, 0x2B, 0x78,
    0xA1, 0x7C, 0x5A, 0xB2, 0xE2, 0x9E, 0xEA, 0xB6, 0x17, 0xDB, 0x4E, 0xF2, 0x0E, 0x53, 0x15, 0x1F,
    0x65, 0xDB, 0xC7, 0x6D, 0x6F, 0x76, 0x7B, 0xD7, 0x6F, 0x3B, 0xEA, 0xC1, 0xC1, 0x8A, 0xBE, 0x9F,
    0xBF, 0xEF, 0xE3, 0x4E, 0xEF, 0xED, 0xF3, 0xEC, 0xF3, 0xEE, 0xEB, 0xEC, 0xEB, 0xEE, 0x79, 0xEC,
    0x79, 0xED, 0x79, 0x1E, 0x78, 0xA3, 0x89, 0x0B, 0xBD, 0x64, 0x47, 0x63, 0x03, 0x75, 0x11, 0xBF,
    0xB0, 0x5E, 0xB9, 0xC5, 0x07, 0x36, 0xBE, 0x24, 0x36, 0x4F, 0x9C, 0x36, 0x9C, 0x68, 0x37, 0xEE,
    0xF4, 0xC1, 0xB9, 0x89, 0x75, 0xED, 0x4E, 0xFD, 0xC8, 0x13, 0xF1, 0xD3, 0xC6, 0x53, 0x37, 0x7E,
    0x19, 0xD8, 0x5C, 0x84, 0x7D, 0x7E, 0xCA, 0xC9, 0x9D, 0x8A, 0xFA, 0x03, 0x9F, 0x79, 0xEB, 0xC4,
    0xAE, 0x81, 0x1A, 0x7C, 0x92, 0xD1, 0x9B, 0x8E, 0xEF, 0xCB, 0x33, 0x67, 0xE2, 0x7A, 0x0D, 0xC0,
    0x38, 0x00, 0x0B, 0x81, 0x5A, 0x15, 0xDA, 0x6A, 0x48, 0x35, 0xE0, 0xE6, 0x01, 0x12, 0x42, 0xCA,
    0x83, 0x52, 0x0F, 0xC1, 0x76, 0x2D, 0x10, 0x7A, 0x04, 0xA1, 0x33, 0x74, 0x3C, 0x03, 0xCA, 0xC5,
    0xB2, 0x00, 0x32, 0xDE, 0x48, 0xB6, 0x2C, 0xEC, 0xAE, 0x99, 0x00, 0xF0, 0x66, 0xAE, 0xB5, 0x38,
    0x38, 0x8D, 0x66, 0xED, 0x82, 0xA4, 0x2B, 0x88, 0xBE, 0xBF, 0xE3, 0x24, 0x9D, 0x28, 0x2F, 0xFF,
    0x8D, 0x15, 0x22, 0x47, 0x41, 0x39, 0xDC, 0xC7, 0x1A, 0xE8, 0xED, 0x97, 0x58, 0x3F, 0x56, 0x7F,
    0xC7, 0xC7, 0xA4, 0xCF, 0x17, 0x9A, 0x89, 0xAF, 0x1D, 0xC7, 0xEA, 0x30, 0x04, 0x1F, 0xAA, 0xE0,
    0x3F, 0x43, 0xC2, 0x7F, 0xC5, 0x52, 0x5B, 0xAD, 0x87, 0x2A, 0x1C, 0x1C, 0x8A, 0xD0, 0x92, 0x2F,
    0xBC, 0xF6, 0x4F, 0x09, 0x35, 0x4B, 0xFC, 0xAF, 0x2C, 0x3F, 0xD6, 0x36, 0x70, 0x45, 0x69, 0x14,
    0xCF, 0xB4, 0xA2, 0x84, 0xE8, 0x05, 0xE6, 0x6B, 0x11, 0xA5, 0xF7, 0xC1, 0x0A, 0x5D, 0x5D, 0x8C,
    0x7E, 0x68, 0x7A, 0xB7, 0x68, 0x9D, 0x61, 0xD4, 0x09, 0xED, 0xFB, 0x8B, 0xF7, 0x8C, 0xD3, 0xED,
    0x6A, 0xF4, 0xD6, 0x07, 0x80, 0x0E, 0x0E, 0x4A, 0xD8, 0x7D, 0xB6, 0x72, 0x10, 0x10, 0x4C, 0xAA,
    0x20, 0xCF, 0x3C, 0x0F, 0xF5, 0x12, 0x61, 0xA0, 0x53, 0x10, 0x4A, 0xD5, 0x08, 0xAA, 0xC9, 0x6F,
    0xCD, 0xAF, 0x5B, 0x3A, 0xD6, 0x17, 0xCF, 0x24, 0x25, 0x15, 0x75, 0xB4, 0x68, 0x46, 0x09, 0xA4,
    0x83, 0x18, 0xB8, 0xC7, 0x69, 0x77, 0xDB, 0x39, 0x1D, 0xA0, 0x9B, 0x17, 0xDE, 0x23, 0x7C, 0x5A,
    0x97, 0x2B, 0xC2, 0x10, 0xD2, 0x51, 0xB9, 0x86, 0xA2, 0x5D, 0xE8, 0x53, 0x21, 0xB5, 0x1E, 0x01,
    0xB5, 0x38, 0xDC, 0xE6, 0xB4, 0x1A, 0x30, 0xFD, 0xF3, 0x8D, 0x52, 0xD2, 0x3D, 0x25, 0x91, 0x1E,
    0x22, 0xF4, 0xB8, 0x16, 0x74, 0x28, 0x6A, 0xF3, 0xF8, 0xC4, 0x79, 0xD6, 0x18, 0xE7, 0x4C, 0xB6,
    0x35, 0x72, 0x06, 0x94, 0x43, 0x9F, 0x9D, 0xB5, 0x3E, 0x61, 0xC7, 0x58, 0x06, 0xCE, 0x87, 0x43,
    0x7D, 0xA8, 0x4F, 0x44, 0x2E, 0x3E, 0x64, 0xE3, 0x74, 0x25, 0xAF, 0x8A, 0x76, 0x41, 0xB2, 0x08,
    0xEB, 0xB8, 0x31, 0x8B, 0xF7, 0x46, 0x0C, 0xE6, 0xEF, 0x16, 0x49, 0x95, 0x06, 0x6E, 0x42, 0x35,
    0x94, 0xE3, 0x5F, 0xD4, 0xC9, 0x66, 0x8D, 0x47, 0x6B, 0x9D, 0x23, 0xDC, 0x61, 0x55, 0xAA, 0xA3,
    0x9F, 0xD3, 0xDE, 0x26, 0xBD, 0x6C, 0x14, 0x0A, 0x10, 0x4D, 0x99, 0xA9, 0xD2, 0x71, 0xB3, 0x54,
    0x05, 0x0A, 0x2E, 0xBE, 0x8D, 0x1D, 0x02, 0xCE, 0x9E, 0x77, 0x40, 0xD0, 0x0A, 0x5D, 0xDF, 0xDF,
    0x27, 0x77, 0xDE, 0x5F, 0x11, 0xF6, 0x16, 0xCC, 0x39, 0x09, 0xD1, 0x3D, 0x34, 0x06, 0xCC, 0xD9,
    0x0C, 0xD7, 0x0D, 0x3E, 0x0F, 0x37, 0x1E, 0xFC, 0x3B, 0x6C, 0xE4, 0x12, 0x72, 0xE0, 0x32, 0x47,
    0x8D, 0x95, 0x29, 0xD7, 0x08, 0xBD, 0x5A, 0x79, 0xE3, 0x52, 0x7E, 0x29, 0xC5, 0x9C, 0x51, 0xF5,
    0x12, 0x21, 0x24, 0x2B, 0x1E, 0x07, 0xE8, 0x59, 0xEE, 0x8B, 0x31, 0x7C, 0x9F, 0x45, 0x37, 0x97,
    0x53, 0xB6, 0x76, 0xBD, 0xB0, 0x71, 0x4E, 0xFD, 0xC1, 0xFB, 0x72, 0xDB, 0xC6, 0x80, 0x68, 0x3A,
    0x5E, 0x01, 0x84, 0x72, 0x68, 0x77, 0x0B, 0x19, 0xA5, 0x2B, 0x28, 0x62, 0x81, 0xEE, 0x30, 0x65,
    0x1A, 0xC5, 0x07, 0x4E, 0xC2, 0x60, 0x27, 0x6C, 0x82, 0xD8, 0x74, 0x9B, 0xA1, 0xE4, 0x91, 0xFD,
    0x69, 0xE8, 0xB6, 0x61, 0xDB, 0x72, 0x71, 0xCB, 0xF7, 0x83, 0x4B, 0xA5, 0xC6, 0x04, 0x03, 0x07,
    0x93, 0x70, 0x38, 0xD5, 0x5A, 0x4B, 0x0E, 0x0E, 0x0E, 0xA2, 0x5D, 0x90, 0x81, 0xD5, 0x0E, 0x18,
    0x41, 0x6B, 0xDE, 0x44, 0xF1, 0x62, 0x84, 0x53, 0xB3, 0x85, 0xC6, 0xD5, 0x47, 0x66, 0x44, 0x8C,
    0xB7, 0xA2, 0x51, 0xDE, 0xF8, 0xD5, 0xA9, 0x45, 0x7E, 0x34, 0x0D, 0xB1, 0x51, 0xC0, 0x92, 0x52,
    0x96, 0x3D, 0xA4, 0xAA, 0x02, 0xB4, 0xF2, 0x26, 0x96, 0xA9, 0x65, 0x72, 0xD1, 0x5A, 0x81, 0x24,
    0x77, 0x70, 0x83, 0x62, 0xAB, 0xD4, 0x42, 0xF5, 0x36, 0x5F, 0x9B, 0x7E, 0x26, 0xE0, 0xCB, 0x77,
    0xEE, 0xE8, 0xF5, 0x2B, 0xF0, 0xF2, 0x8C, 0x5E, 0xC6, 0x15, 0xF8, 0x7F, 0x58, 0x88, 0x39, 0x77,
    0xC5, 0x7A, 0x8D, 0x2B, 0x9A, 0xBA, 0x42, 0x8B, 0x53, 0xC3, 0x66, 0x57, 0xC9, 0xC9, 0xB0, 0xE8,
    0xBB, 0x49, 0x8A, 0xB6, 0xEC, 0x4F, 0xA7, 0xBE, 0x53, 0xE3, 0xD6, 0xA0, 0x67, 0xAD, 0x01, 0x3A,
    0x37, 0xD0, 0x70, 0xF1, 0x8B, 0x34, 0x11, 0x7D, 0xE9, 0x04, 0x82, 0xDA, 0x83, 0x1D, 0x4C, 0xFA,
    0x50, 0x9F, 0xC0, 0x86, 0xF5, 0xDB, 0x92, 0xEA, 0xF0, 0x3B, 0xDE, 0x89, 0x1C, 0xCB, 0x2C, 0xEE,
    0x31, 0x75, 0x6F, 0xCB, 0xF6, 0x40, 0x0D, 0x3A, 0xDC, 0x00, 0x12, 0x40, 0x9F, 0x02, 0x86, 0x0C,
    0x82, 0x4E, 0x4E, 0x43, 0x43, 0x39, 0xBD, 0x6A, 0x13, 0x9C, 0xC6, 0x06, 0x01, 0xBD, 0xA7, 0x8D,
    0x4C, 0xD7, 0x33, 0xF8, 0xD1, 0x75, 0xC9, 0xE8, 0xBD, 0x2B, 0x70, 0x57, 0x6A, 0x74, 0xA7, 0x6A,
    0xFC, 0xAD, 0xBC, 0x51, 0xCB, 0x22, 0x55, 0xA0, 0xBD, 0x5A, 0xC1, 0x31, 0x0D, 0x49, 0x87, 0xEA,
    0xA9, 0x5F, 0x7E, 0x54, 0x71, 0x5C, 0x2F, 0x9F, 0x88, 0x9B, 0x52, 0xF3, 0xCB, 0xB4, 0x13, 0x87,
    0x6C, 0xE5, 0xE1, 0x53, 0x79, 0x3D, 0x32, 0x25, 0x2B, 0x8A, 0xE4, 0xB8, 0x23, 0xEE, 0x9F, 0x06,
    0x40, 0x36, 0xEE, 0xE1, 0x5D, 0xFC, 0x2D, 0x78, 0x90, 0xAA, 0xDC, 0x17, 0xC1, 0x24, 0x9F, 0x85,
    0x63, 0x04, 0xBC, 0x53, 0x41, 0xA6, 0xBF, 0x72, 0x61, 0x07, 0xF6, 0xD7, 0x0E, 0x2C, 0xE4, 0x94,
    0xE9, 0x6D, 0xEB, 0xD7, 0x50, 0x3F, 0xBF, 0xD3, 0xCF, 0x4F, 0x88, 0xEF, 0xBE, 0x42, 0x61, 0x7D,
    0x37, 0x4A, 0x16, 0x4B, 0x34, 0x31, 0xF8, 0xFA, 0xDE, 0x08, 0xA6, 0x5F, 0x2C, 0x08, 0x2F, 0x67,
    0xC9, 0xA3, 0xEF, 0xC5, 0x0D, 0x9D, 0x88, 0xFF, 0xD9, 0x6B, 0x51, 0x68, 0xE7, 0xB0, 0x1F, 0xA7,
    0xF3, 0x05, 0x8D, 0xA5, 0x13, 0xDD, 0x00, 0x17, 0x0B, 0x0D, 0xB2, 0x03, 0xFB, 0x4B, 0x57, 0x67,
    0x04, 0xE9, 0xDA, 0x3B, 0x6E, 0x1F, 0x35, 0x56, 0xAC, 0x8C, 0x92, 0x17, 0x23, 0x8B, 0x1F, 0x81,
    0x0C, 0xF2, 0x1D, 0x0D, 0x80, 0x8F, 0xBB, 0x89, 0x74, 0xEB, 0xB6, 0x27, 0xEC, 0x85, 0x4F, 0x1E,
    0x9B, 0xDE, 0x7E, 0xB8, 0xD1, 0x6E, 0x8A, 0xBC, 0x59, 0x27, 0x1F, 0xCA, 0x75, 0x0F, 0xD2, 0x61,
    0xD8, 0x99, 0x4A, 0xD7, 0x4B, 0x15, 0xF9, 0xA3, 0x19, 0x98, 0x39, 0x5F, 0xC5, 0x8F, 0x02, 0xB5,
    0x8A, 0x85, 0x3F, 0x9A, 0x55, 0x5C, 0x94, 0x6A, 0x94, 0x4E, 0xF9, 0xA3, 0x9C, 0x44, 0xF1, 0x63,
    0xE6, 0x57, 0xBB, 0x1A, 0x7F, 0x5D, 0x4C, 0xD6, 0xA6, 0x45, 0x40, 0x11, 0xD3, 0xC5, 0x07, 0x5C,
    0xC9, 0x97, 0x0C, 0xAE, 0xF7, 0x83, 0x64, 0x2B, 0x7E, 0xF4, 0x60, 0x94, 0x69, 0x3E, 0x57, 0x43,
    0x17, 0x24, 0x55, 0x37, 0x95, 0x23, 0x4A, 0x27, 0xFA, 0x73, 0x30, 0x54, 0x74, 0x83, 0x1F, 0xC5,
    0xFF, 0x90, 0xBE, 0xFE, 0xCB, 0x90, 0x3F, 0x55, 0x76, 0xF5, 0xA7, 0x3E, 0x5B, 0xF9, 0xA3, 0xD1,
    0x90, 0x29, 0x5B, 0xF4, 0x1A, 0x52, 0x9B, 0x94, 0xD7, 0x36, 0x51, 0x76, 0x5F, 0xE1, 0x86, 0xFD,
    0x28, 0x11, 0xA8, 0xB3, 0x89, 0x84, 0x9B, 0xD3, 0xA6, 0xC6, 0xA6, 0x41, 0xAE, 0x9B, 0x04, 0x4E,
    0x37, 0xBD, 0xFC, 0x97, 0xBA, 0x75, 0x2E, 0x4D, 0x78, 0x56, 0x8F, 0x8E, 0x23, 0x82, 0x0A, 0x1E,
    0x53, 0xEA, 0xB9, 0x8F, 0x99, 0x0E, 0x10, 0xA3, 0x1A, 0x91, 0x07, 0x5A, 0x94, 0x53, 0xF1, 0xDD,
    0x08, 0x05, 0xDC, 0xEC, 0xBE, 0x99, 0x28, 0x40, 0x74, 0xFF, 0x35, 0xA3, 0xFF, 0x22, 0xBA, 0xAF,
    0x62, 0xC5, 0xAE, 0xCB, 0xCF, 0x22, 0xBA, 0xCF, 0xD6, 0xEA, 0xF1, 0xC2, 0xE6, 0xD5, 0x87, 0xC5,
    0xF7, 0x68, 0xD9, 0xB7, 0x2B, 0x0B, 0x6A, 0x53, 0x6B, 0xC7, 0xBD, 0x93, 0x8E, 0x63, 0x84, 0xA0,
    0x8D, 0x75, 0x09, 0xC1, 0xB9, 0x43, 0x72, 0xBF, 0x6E, 0xD3, 0xAD, 0xD8, 0x2B, 0x86, 0x52, 0xC5,
    0x43, 0x3B, 0x99, 0x35, 0x53, 0x6C, 0xCD, 0x7F, 0xCD, 0xB8, 0x26, 0x74, 0x35, 0x3D, 0x53, 0x9D,
    0x37, 0xD3, 0x81, 0x82, 0xB6, 0x7E, 0x42, 0xFB, 0xBC, 0x5F, 0x60, 0x7E, 0x0B, 0x27, 0xC7, 0xBF,
    0x9C, 0x77, 0x0D, 0x8E, 0x70, 0x64, 0x07, 0x7F, 0x6B, 0x4F, 0x4F, 0x35, 0xFF, 0x49, 0xF5, 0xFD,
    0x37, 0x6A, 0x6A, 0x2E, 0x07, 0xC1, 0x32, 0xA5, 0x9A, 0xA9, 0x0E, 0x3B, 0xB7, 0xDC, 0x14, 0x53,
    0xF2, 0xB7, 0x59, 0x94, 0xCC, 0xEB, 0xFF, 0xA8, 0x57, 0x47, 0x40, 0xB2, 0x2B, 0xC8, 0xB9, 0x85,
    0xFA, 0x46, 0xDA, 0x6C, 0x36, 0xE5, 0x6D, 0x0C, 0x29, 0x82, 0xFB, 0x44, 0x5B, 0x68, 0xA7, 0x01,
    0x19, 0xBB, 0xC7, 0xE0, 0x6B, 0x59, 0x3C, 0x75, 0x28, 0xBF, 0x06, 0x65, 0xF7, 0x5D, 0xA4, 0x38,
    0xF3, 0x4E, 0x27, 0x83, 0x4D, 0x37, 0xA3, 0x40, 0x9F, 0xA5, 0xEC, 0x32, 0xB3, 0x26, 0xD7, 0x5D,
    0x8B, 0x8E, 0x1D, 0x3A, 0x86, 0x39, 0x0A, 0x2A, 0x65, 0xDF, 0x50, 0x09, 0xFA, 0x73, 0x87, 0x78,
    0x23, 0xD7, 0x3C, 0x8D, 0x49, 0xE8, 0x29, 0x67, 0x5B, 0x9A, 0xB4, 0x48, 0x80, 0x2F, 0x7E, 0xE0,
    0x6F, 0x6A, 0xF2, 0xA3, 0x32, 0xC2, 0xA4, 0x1B, 0x2C, 0xDB, 0x7F, 0x93, 0x42, 0xF5, 0x9D, 0x9A,
    0xBA, 0xEB, 0x61, 0x92, 0x7B, 0x8D, 0xCD, 0xA8, 0x9B, 0x6D, 0x6F, 0xA6, 0x74, 0x33, 0xED, 0x12,
    0x64, 0x6C, 0xB3, 0x60, 0xEE, 0x92, 0x83, 0x7B, 0xB3, 0x3E, 0xE5, 0xAD, 0x78, 0xC2, 0x39, 0xB4,
    0x9C, 0x0D, 0x59, 0x99, 0xE5, 0xE6, 0xAD, 0xB9, 0x2D, 0x55, 0xCA, 0xC3, 0xEC, 0xFC, 0xD0, 0xEF,
    0x0F, 0x93, 0xF3, 0xC3, 0xF2, 0x70, 0xD8, 0x21, 0xE9, 0xA8, 0xE7, 0x80, 0x2B, 0x03, 0xB5, 0xB2,
    0xD8, 0x8A, 0xAA, 0xD4, 0xA7, 0x9C, 0xC6, 0xD3, 0x45, 0x65, 0xAD, 0x8B, 0x82, 0xC3, 0x8D, 0xE6,
    0x0E, 0xA8, 0xB8, 0x7B, 0x8D, 0xDE, 0x96, 0xAD, 0x1A, 0x8B, 0x75, 0xCF, 0xDC, 0xDD, 0x44, 0x3D,
    0x03, 0x7B, 0x77, 0xFE, 0x5C, 0xAF, 0x83, 0x45, 0xE7, 0x1C, 0x8E, 0x8B, 0x9B, 0x2B, 0xAD, 0xF0,
    0x26, 0xF1, 0xA6, 0xAB, 0xD9, 0xC7, 0x0E, 0xD9, 0x6F, 0xB7, 0x77, 0x19, 0x5B, 0xDB, 0x1D, 0x52,
    0x0C, 0x1F, 0x9F, 0xA7, 0x43, 0x19, 0x36, 0xE2, 0xFB, 0x55, 0x86, 0xE7, 0xEB, 0xC0, 0xB2, 0x1C,
    0x01, 0xC7, 0x43, 0x42, 0xD4, 0xBF, 0xD9, 0x5E, 0xB3, 0x1E, 0xCB, 0xB1, 0x1A, 0x99, 0x5C, 0xD5,
    0xC1, 0x8D, 0x89, 0x4A, 0xB6, 0xC0, 0x06, 0x89, 0x3E, 0xC2, 0x95, 0x86, 0x1D, 0x54, 0xEC, 0xE0,
    0x8D, 0x5F, 0xDD, 0x07, 0x3F, 0x68, 0x5D, 0x8C, 0xD5, 0xD0, 0xF4, 0x6E, 0xD5, 0x3A, 0x53, 0xC4,
    0xEB, 0x7C, 0x27, 0x7E, 0x48, 0xF5, 0x49, 0xA9, 0xB1, 0xD1, 0xB9, 0xC3, 0xFF, 0xE1, 0xCF, 0x70,
    0xE3, 0x55, 0xBE, 0xFF, 0x07, 0xD5, 0x57, 0xBF, 0x8F, 0xED, 0xC6, 0x75, 0x1E, 0x5E, 0xE2, 0x2D,
    0x01, 0x11, 0x08, 0xAB, 0x34, 0xD9, 0x82, 0x4D, 0x9A, 0x08, 0x08, 0x58, 0x07, 0x48, 0x34, 0x4C,
    0x1A, 0x95, 0x76, 0x21, 0xD7, 0x69, 0x52, 0x24, 0x8E, 0x91, 0xD7, 0x26, 0x45, 0xCC, 0xFB, 0x27,
    0xEC, 0x9F, 0xE0, 0x42, 0x85, 0xA1, 0x46, 0xAD, 0x53, 0x44, 0xA4, 0xAD, 0xC2, 0x85, 0x0B, 0xD3,
    0x10, 0x90, 0x14, 0x29, 0x74, 0xED, 0xBC, 0x3E, 0xB4, 0xC3, 0x20, 0x7C, 0x32, 0xC9, 0xC9, 0xF7,
    0x7D, 0x67, 0xC8, 0x7B, 0xEF, 0xEE, 0x4A, 0x7E, 0xD2, 0x7B, 0x0F, 0xDE, 0x10, 0xCB, 0x33, 0xB3,
    0x97, 0x33, 0x67, 0xCE, 0x9C, 0x9F, 0xDF, 0x71, 0x0E, 0x4F, 0x31, 0x93, 0xBA, 0x72, 0x72, 0x49,
    0xBB, 0xD6, 0xE5, 0xE8, 0xAA, 0x10, 0xC6, 0x6A, 0x48, 0x42, 0x08, 0xAB, 0xEF, 0xB3, 0xC0, 0xA7,
    0x2B, 0xC2, 0x31, 0x0F, 0xAB, 0xAB, 0xB0, 0x36, 0x8C, 0xCE, 0x8F, 0xCE, 0x35, 0xA3, 0x6B, 0x06,
    0xE7, 0xFC, 0xE4, 0xDA, 0x93, 0xE3, 0x87, 0xD0, 0x83, 0x09, 0x86, 0x4E, 0x2C, 0x1F, 0x1F, 0x6C,
    0x89, 0x36, 0x4C, 0xB6, 0x3D, 0x32, 0x1B, 0x8C, 0xF5, 0xC9, 0xE9, 0xA0, 0xCE, 0xE9, 0xD8, 0xDA,
    0x51, 0x88, 0x05, 0xC2, 0x41, 0x24, 0xEC, 0x71, 0x87, 0xF6, 0xA5, 0xB3, 0xA7, 0x1A, 0xCF, 0xD4,
    0x0F, 0xEE, 0x76, 0xAD, 0xFD, 0x09, 0x8B, 0xA7, 0xB6, 0xCB, 0xB5, 0xB3, 0xD4, 0x46, 0x3F, 0x1F,
    0xB0, 0x0F, 0xCC, 0x41, 0x5B, 0x9B, 0xF4, 0xA2, 0x1D, 0x37, 0x5D, 0x51, 0xFD, 0xDE, 0x5E, 0x2C,
    0xF3, 0x73, 0x8A, 0x4F, 0xA5, 0xC4, 0x80, 0x34, 0xAB, 0xA3, 0x30, 0x3C, 0x0F, 0x67, 0x45, 0x21,
    0xA2, 0xE6, 0x8A, 0x19, 0x0B, 0xD3, 0x50, 0x4E, 0x1A, 0xAA, 0x51, 0x43, 0x33, 0x68, 0x08, 0x9D,
    0x0D, 0x4E, 0xC3, 0x68, 0x83, 0x7B, 0x03, 0x43, 0xC6, 0xA1, 0x77, 0x79, 0x90, 0xF2, 0x0A, 0x28,
    0xC9, 0x2F, 0xAE, 0x81, 0x40, 0x94, 0x18, 0x62, 0x52, 0x0D, 0x27, 0xC9, 0x1C, 0x28, 0xEE, 0x6D,
    0x78, 0x11, 0x85, 0xE6, 0xFE, 0x8B, 0x61, 0x25, 0xB3, 0xF0, 0xB3, 0x45, 0xC3, 0xCF, 0x65, 0xA9,
    0x60, 0x72, 0x06, 0xB0, 0xE7, 0xB0, 0xEA, 0x3C, 0x5A, 0xF0, 0x95, 0x86, 0x44, 0x43, 0x7F, 0xD0,
    0x70, 0xA2, 0x0E, 0x5D, 0x3B, 0x16, 0x1C, 0x1A, 0x3A, 0x12, 0xE4, 0x0C, 0xA1, 0xA1, 0x3B, 0x84,
    0x99, 0x43, 0x12, 0xEE, 0x7C, 0x17, 0x45, 0x73, 0xFE, 0x98, 0x4D, 0x36, 0x2B, 0x87, 0x6A, 0xB0,
    0x59, 0xB6, 0x84, 0xF8, 0xFD, 0x10, 0xC2, 0xB6, 0x50, 0x4E, 0xA1, 0xE7, 0xDD, 0x0F, 0xDD, 0x63,
    0x0F, 0x0C, 0x56, 0x53, 0xEF, 0x7A, 0xA6, 0x7D, 0x16, 0xEA, 0x7D, 0xD6, 0x73, 0xB6, 0x86, 0xEE,
    0x26, 0xF0, 0xA0, 0x92, 0x36, 0x6C, 0x78, 0xB8, 0xA7, 0xFD, 0x4A, 0x5A, 0x36, 0x9C, 0x30, 0xA3,
    0x66, 0x13, 0x59, 0x31, 0x5F, 0xA9, 0xB5, 0x3A, 0xEA, 0xBE, 0x58, 0x37, 0x63, 0x54, 0xF3, 0x36,
    0x6B, 0xCE, 0xF6, 0x3D, 0xC5, 0xD9, 0xC1, 0xF4, 0x82, 0x1D, 0x19, 0xEC, 0x60, 0x5C, 0x0A, 0xD3,
    0x68, 0x41, 0xFF, 0xD4, 0x0C, 0x1C, 0xDA, 0x51, 0xB3, 0x66, 0x4C, 0x68, 0xB5, 0xD0, 0x65, 0x61,
    0x90, 0xEA, 0x14, 0x7C, 0xF9, 0x26, 0x33, 0x94, 0x66, 0xCF, 0xB8, 0xCD, 0xBE, 0xA8, 0x6D, 0x66,
    0xC6, 0x5C, 0x5C, 0x15, 0x75, 0x15, 0x8E, 0x90, 0x94, 0x3A, 0x70, 0xFE, 0x3F, 0x57, 0x27, 0x1D,
    0x60, 0xE1, 0xE4, 0x42, 0xF4, 0xE7, 0x41, 0xB3, 0xDE, 0x25, 0xDF, 0xA1, 0x54, 0xA6, 0x03, 0x93,
    0x60, 0xA2, 0x5E, 0x3A, 0xE9, 0x60, 0x9B, 0x15, 0xCB, 0x36, 0xCB, 0xD7, 0x6D, 0x46, 0x1D, 0x64,
    0x61, 0xBB, 0x6F, 0xB1, 0xEC, 0xDA, 0x98, 0x76, 0x6D, 0x0C, 0xBB, 0x36, 0xFA, 0xA8, 0x83, 0x43,
    0x38, 0x46, 0x1D, 0x64, 0x61, 0xD3, 0x41, 0xB1, 0xEB, 0xA0, 0xDA, 0x74, 0xE0, 0x9A, 0x4D, 0x07,
    0x6E, 0xD7, 0xC1, 0x41, 0xE7, 0xF2, 0xA6, 0x69, 0x9C, 0x8D, 0xDB, 0xEC, 0x0B, 0xB3, 0x74, 0xA7,
    0x0B, 0x54, 0xFD, 0x41, 0xB6, 0xEB, 0xF2, 0xA9, 0x18, 0x34, 0x41, 0x2C, 0xF6, 0x76, 0xB7, 0x80,
    0xE3, 0x35, 0xF1, 0x21, 0xDE, 0xF6, 0xD9, 0x07, 0x71, 0xC2, 0xA7, 0x85, 0xBD, 0xE1, 0x9C, 0xB8,
    0xF6, 0x62, 0x13, 0x6A, 0x56, 0x13, 0xBF, 0x4F, 0xE6, 0x4C, 0x9E, 0x3C, 0xB4, 0x43, 0xF4, 0x73,
    0xB3, 0x34, 0xCC, 0xBC, 0x5F, 0x12, 0xB4, 0xED, 0xA2, 0x46, 0x30, 0x31, 0x85, 0x60, 0x62, 0x69,
    0xC5, 0xFC, 0x41, 0x93, 0x03, 0x2C, 0x21, 0x3E, 0xD9, 0xCA, 0x3C, 0x0A, 0xCE, 0xD4, 0xC5, 0x7E,
    0xD6, 0x7E, 0x7A, 0xC6, 0x48, 0xE1, 0x04, 0x12, 0x7A, 0x4D, 0x78, 0x74, 0xAA, 0x93, 0x9E, 0xC0,
    0x00, 0xDF, 0xFA, 0xB2, 0xE1, 0x22, 0xD1, 0x64, 0x36, 0x94, 0xAB, 0x68, 0x98, 0x6D, 0x18, 0x6D,
    0xE8, 0xCF, 0x9F, 0xB0, 0x72, 0xDC, 0x93, 0xEA, 0x15, 0x4D, 0x47, 0xB3, 0xD3, 0x99, 0x3E, 0x5C,
    0xF3, 0x46, 0x28, 0x5C, 0xEB, 0x31, 0x7A, 0xCE, 0xF8, 0x97, 0x94, 0x65, 0x4B, 0x91, 0x45, 0x3A,
    0x88, 0xF2, 0x36, 0x39, 0xD3, 0x43, 0x36, 0xD2, 0xA4, 0xE7, 0xD7, 0x6E, 0x60, 0xEF, 0xE5, 0xEF,
    0xAF, 0xF7, 0x9A, 0x24, 0xDB, 0x0B, 0x79, 0x28, 0x0D, 0x65, 0xA1, 0x24, 0x94, 0x03, 0xFA, 0xF4,
    0x1D, 0x8D, 0x32, 0x6F, 0x93, 0x75, 0x9B, 0xC0, 0x03, 0xE3, 0xA4, 0xDB, 0x26, 0x7D, 0x9C, 0xB4,
    0x43, 0x9C, 0xA0, 0xC2, 0xDB, 0xA4, 0x5C, 0xE2, 0xA4, 0x08, 0x71, 0x82, 0x74, 0x68, 0x13, 0xF8,
    0xBF, 0x4D, 0x90, 0xF9, 0xE2, 0xA4, 0x19, 0xE3, 0xC4, 0xCF, 0x71, 0x52, 0xAC, 0x71, 0x92, 0x87,
    0x38, 0x49, 0x43, 0x6B, 0x13, 0x94, 0x29, 0x9B, 0xB8, 0x7D, 0xE2, 0xB7, 0x49, 0xB5, 0x4D, 0x8A,
    0x6D, 0x92, 0x69, 0x72, 0x55, 0xCE, 0x76, 0x07, 0x3B, 0xFB, 0x51, 0x74, 0xB2, 0xDD, 0xCD, 0x76,
    0x47, 0x3B, 0x2F, 0x41, 0x6A, 0x9F, 0x37, 0x36, 0x9B, 0x9A, 0x36, 0x2D, 0x99, 0x92, 0x92, 0xD9,
    0x74, 0xE4, 0xA2, 0x8A, 0x38, 0x9E, 0xEC, 0xBB, 0x37, 0x05, 0x85, 0xCA, 0xF4, 0x13, 0x0A, 0x53,
    0x4F, 0xC8, 0x4D, 0x3B, 0x50, 0xCE, 0x51, 0x63, 0x62, 0xBA, 0x81, 0xE4, 0x83, 0x8D, 0x7E, 0xB4,
    0xB1, 0x9A, 0x6D, 0x34, 0xBD, 0xB0, 0x42, 0xD8, 0x98, 0x4A, 0x07, 0x9B, 0x52, 0x70, 0xAD, 0x36,
    0x8E, 0x3E, 0x8E, 0x55, 0x1C, 0x8B, 0x38, 0x5E, 0xE8, 0xE3, 0xFE, 0xB8, 0x69, 0xA5, 0xB0, 0x91,
    0x18, 0xCE, 0xC6, 0x39, 0x8E, 0x43, 0x5C, 0x76, 0xB4, 0x71, 0xB8, 0x06, 0x36, 0x97, 0x43, 0xFC,
    0x76, 0x2E, 0xB1, 0x09, 0xD4, 0x09, 0x17, 0xFC, 0x16, 0x78, 0x29, 0x46, 0x42, 0x1C, 0x6A, 0x0C,
    0x96, 0xCD, 0xC2, 0x70, 0xD0, 0x00, 0x68, 0xC6, 0xA1, 0x8F, 0x7E, 0xFF, 0x06, 0x87, 0x47, 0xE4,
    0x2C, 0x6D, 0xA8, 0x2C, 0x48, 0x15, 0x99, 0x31, 0x34, 0x63, 0x6C, 0xAA, 0x00, 0xFB, 0x63, 0x4A,
    0xB0, 0x34, 0x94, 0x03, 0x21, 0x06, 0x2B, 0xC4, 0xC1, 0x90, 0x92, 0x69, 0xC8, 0xCF, 0x0F, 0x10,
    0xC5, 0xBC, 0xD3, 0x83, 0xD6, 0x48, 0xF5, 0x00, 0x50, 0xA4, 0xF9, 0x4C, 0x05, 0x5A, 0x06, 0x29,
    0x27, 0x72, 0xAB, 0x46, 0x7F, 0x22, 0x34, 0x85, 0x97, 0xA0, 0x9C, 0xB1, 0xB4, 0xB5, 0x3D, 0x20,
    0xB6, 0x09, 0x9D, 0x00, 0xE4, 0x2E, 0x3C, 0x10, 0x8C, 0x04, 0x48, 0x22, 0xDE, 0xCD, 0x0D, 0x6B,
    0xAB, 0x22, 0xF2, 0x1A, 0xA1, 0x47, 0xF0, 0xA1, 0x46, 0x10, 0x22, 0xFB, 0xC1, 0xE0, 0x76, 0x10,
    0xDA, 0x2E, 0x50, 0x37, 0x50, 0xEF, 0x73, 0x2E, 0xFA, 0x98, 0x47, 0xE8, 0x64, 0x5E, 0xE0, 0xD9,
    0x77, 0x36, 0x89, 0x9F, 0xE3, 0x5F, 0x70, 0x64, 0x22, 0x80, 0xD8, 0xC2, 0xB0, 0xE9, 0x5D, 0x1E,
    0x36, 0xEF, 0x00, 0x49, 0xDA, 0x88, 0x29, 0x54, 0x75, 0x00, 0x42, 0x18, 0x5F, 0xBD, 0x72, 0xBB,
    0x48, 0xCE, 0x78, 0xAE, 0xF0, 0xC1, 0x96, 0x2C, 0x01, 0x47, 0x0C, 0x2A, 0xE3, 0xAD, 0x6B, 0xEA,
    0x6C, 0xAA, 0x86, 0xEA, 0x94, 0x2F, 0xD1, 0x0B, 0xA9, 0x9A, 0xEF, 0x9E, 0xD1, 0x58, 0xA1, 0xAE,
    0xC1, 0x5E, 0x29, 0x8C, 0x9A, 0x78, 0x8D, 0x97, 0x3C, 0x2E, 0x79, 0x22, 0x56, 0xE6, 0x02, 0x7D,
    0x4A, 0xBA, 0xB6, 0xAC, 0xEC, 0x50, 0xC1, 0x72, 0x36, 0xD6, 0x6B, 0x9E, 0x75, 0xF5, 0xFE, 0x9D,
    0x4B, 0x7E, 0x80, 0x59, 0x4F, 0x4F, 0x29, 0x46, 0x1C, 0x46, 0x55, 0xD6, 0x44, 0x85, 0x3A, 0xB0,
    0x9D, 0x1E, 0x05, 0xA0, 0x37, 0x81, 0xAD, 0x4A, 0xC3, 0x7C, 0x7A, 0x10, 0xFC, 0xCA, 0x64, 0xED,
    0x82, 0xAD, 0x49, 0x0D, 0xDF, 0x04, 0xBA, 0xA3, 0x55, 0x43, 0x4F, 0xAB, 0xB6, 0x27, 0xB6, 0x44,
    0x68, 0x19, 0x7A, 0x1E, 0x29, 0x90, 0xFC, 0x18, 0xD5, 0x57, 0x5B, 0x69, 0xBB, 0xC4, 0xA1, 0x33,
    0x6E, 0xC6, 0xD9, 0x4E, 0xB1, 0x13, 0xED, 0x74, 0x93, 0x24, 0x07, 0xA8, 0x3A, 0x1E, 0xD6, 0x94,
    0xD0, 0xF3, 0xF3, 0x89, 0xA9, 0x64, 0x50, 0xFE, 0xC0, 0x35, 0x76, 0x7F, 0x61, 0x63, 0xA3, 0x1E,
    0x27, 0x27, 0x0F, 0x75, 0x3E, 0x6A, 0x82, 0x04, 0x5C, 0xD4, 0x1A, 0xA9, 0x4B, 0x52, 0xC3, 0x74,
    0x41, 0xF8, 0x9B, 0xBE, 0x6A, 0x9D, 0x76, 0x68, 0xAF, 0x1C, 0xCE, 0x7A, 0x26, 0x72, 0x3E, 0x7C,
    0xE8, 0xDE, 0x81, 0x04, 0xAE, 0x3D, 0xBA, 0xF6, 0x53, 0x25, 0xB3, 0x39, 0xC6, 0x65, 0xB6, 0xA5,
    0xE5, 0x8B, 0x60, 0xB3, 0xDE, 0xE9, 0xCD, 0x91, 0x9E, 0xFA, 0x3F, 0xE1, 0x66, 0x6A, 0x96, 0xD4,
    0x2A, 0xA9, 0x51, 0x62, 0xC4, 0xF5, 0xD6, 0x24, 0xB1, 0x45, 0xBA, 0x0C, 0xAB, 0x76, 0x50, 0xC6,
    0x8D, 0x61, 0x75, 0x29, 0x9A, 0x00, 0xF0, 0xD7, 0x26, 0xEC, 0x22, 0xD8, 0x16, 0xA9, 0x29, 0x52,
    0x4B, 0xD4, 0x44, 0x84, 0xD7, 0x74, 0x6A, 0x86, 0x90, 0x4F, 0x3D, 0x5D, 0x99, 0x87, 0xEF, 0x44,
    0xCF, 0x3F, 0x27, 0x34, 0x34, 0x13, 0x96, 0x88, 0xFE, 0x7D, 0x1A, 0x0A, 0x4B, 0x99, 0x5F, 0xCE,
    0xE4, 0xFC, 0x24, 0x63, 0xD6, 0x3B, 0x44, 0xE8, 0x60, 0x44, 0xFF, 0xBE, 0x2D, 0xFD, 0xB5, 0x97,
    0xFA, 0x73, 0xCA, 0x70, 0x2A, 0x02, 0x7E, 0x88, 0x40, 0xF1, 0xB0, 0x3E, 0x69, 0x25, 0xAA, 0x6B,
    0x52, 0xC3, 0x64, 0xE2, 0x32, 0x4A, 0x5D, 0x3E, 0xFD, 0x1E, 0x34, 0x79, 0xE9, 0x89, 0xC9, 0xE4,
    0xBE, 0x8F, 0x24, 0xF3, 0xFE, 0x44, 0xC0, 0x31, 0x50, 0xAF, 0xCC, 0x16, 0x1F, 0x3D, 0x69, 0x4D,
    0xDE, 0xD4, 0xEE, 0x6F, 0xD0, 0x28, 0x00, 0xAA, 0x24, 0x6B, 0xD5, 0x33, 0x03, 0x22, 0x74, 0x2B,
    0xAA, 0xF3, 0xE6, 0xC3, 0xDF, 0xB3, 0x3A, 0x0F, 0xD6, 0x7C, 0xF6, 0x9B, 0x5F, 0xE6, 0x86, 0x24,
    0x9E, 0xB4, 0x3A, 0x73, 0xC3, 0x39, 0xF5, 0xD6, 0x75, 0x55, 0xC3, 0x93, 0x70, 0xCC, 0xF6, 0x25,
    0x5D, 0x92, 0x9D, 0x0A, 0xCB, 0x1C, 0xC8, 0xE2, 0xFE, 0x0C, 0x59, 0x7A, 0x93, 0x35, 0x31, 0x4D,
    0x77, 0x02, 0x53, 0xF7, 0x09, 0x58, 0x1C, 0x5B, 0x9C, 0x51, 0x37, 0x63, 0x1E, 0x6C, 0x6F, 0x41,
    0x2E, 0x29, 0xF5, 0xE1, 0x9E, 0x47, 0x60, 0x37, 0x5C, 0x53, 0x77, 0x3F, 0xB1, 0xD9, 0x8D, 0x23,
    0x3D, 0x5F, 0xFC, 0x8C, 0x3F, 0x04, 0xB7, 0xE5, 0x7D, 0x00, 0x4F, 0x12, 0x47, 0xD1, 0x13, 0x5A,
    0x01, 0x4D, 0x42, 0xC3, 0x34, 0x50, 0x9B, 0xD9, 0x5A, 0x8E, 0xF4, 0x85, 0x62, 0x22, 0x7C, 0x24,
    0xF2, 0x2B, 0xA7, 0x6C, 0xA1, 0x8B, 0xA4, 0x82, 0x4C, 0x44, 0x6A, 0x0D, 0xE0, 0x73, 0xED, 0x24,
    0xBE, 0x51, 0x1A, 0x88, 0x30, 0x0D, 0x8F, 0x16, 0xF8, 0x81, 0x30, 0xDF, 0x8F, 0xE8, 0x40, 0x08,
    0x0D, 0xD5, 0x09, 0x12, 0xFE, 0xC2, 0xB2, 0x13, 0xE3, 0xF6, 0xEB, 0x27, 0x69, 0x28, 0xE2, 0x6D,
    0x62, 0x47, 0x01, 0xB9, 0x6B, 0x7A, 0xF5, 0x98, 0x18, 0xC5, 0x70, 0xA6, 0x0F, 0x34, 0x0C, 0x8F,
    0x15, 0xFA, 0x12, 0x06, 0x13, 0x1E, 0x4F, 0x0C, 0x8F, 0x0B, 0x9B, 0x01, 0x14, 0x42, 0xE9, 0xF9,
    0xD2, 0x90, 0xFF, 0xEC, 0x7B, 0x16, 0x04, 0x2A, 0xBD, 0x9A, 0x2A, 0xA1, 0x3A, 0x2A, 0xBD, 0x19,
    0x04, 0xB4, 0x4F, 0x2A, 0xF6, 0x5D, 0x66, 0x78, 0x3C, 0x44, 0x3C, 0x9E, 0x5E, 0xE2, 0xF1, 0xE5,
    0x8C, 0xC7, 0x99, 0xA8, 0x9B, 0x47, 0xF0, 0xF8, 0x97, 0xAA, 0x78, 0x53, 0x34, 0x45, 0x9B, 0x37,
    0x72, 0x8E, 0xF0, 0xB7, 0xAC, 0xE7, 0x33, 0x88, 0xF8, 0xB2, 0xF1, 0xDE, 0xA3, 0x7B, 0x4F, 0xCE,
    0xFA, 0x11, 0x39, 0x8F, 0x8D, 0x14, 0x80, 0x48, 0xAE, 0x1A, 0xCC, 0x58, 0xBE, 0xB7, 0xB1, 0xED,
    0x6C, 0x0C, 0x47, 0x8D, 0x70, 0x54, 0x8D, 0x94, 0x8C, 0xB7, 0xCA, 0x56, 0x1B, 0xA1, 0x63, 0x8D,
    0x70, 0x73, 0x8D, 0xE8, 0x87, 0xB4, 0xCE, 0x07, 0x33, 0x7E, 0x1B, 0x47, 0x73, 0x72, 0x97, 0xC4,
    0x91, 0x3A, 0xE0, 0x98, 0xAD, 0x36, 0xE6, 0x8B, 0x96, 0x8C, 0x32, 0x1C, 0xE4, 0x62, 0x5B, 0xC5,
    0x91, 0x09, 0xD5, 0xE4, 0xF4, 0x72, 0x82, 0xC7, 0x87, 0x4D, 0xE3, 0xEE, 0xF9, 0x4B, 0xDE, 0xEB,
    0x33, 0x6B, 0x24, 0x28, 0x8F, 0x6E, 0x1B, 0x66, 0x6A, 0xFE, 0x54, 0x2E, 0x3C, 0xF7, 0xC8, 0x23,
    0x53, 0xFA, 0x01, 0xF5, 0x8F, 0xC7, 0x56, 0x06, 0x6F, 0x03, 0xAD, 0x10, 0x83, 0x50, 0xA9, 0x26,
    0xA3, 0xD3, 0xD1, 0x16, 0x9D, 0x93, 0x35, 0x46, 0xF7, 0x3D, 0xDB, 0x36, 0x7B, 0x6D, 0x45, 0x76,
    0x9D, 0xE1, 0x5E, 0xD3, 0x21, 0xDC, 0xA1, 0x2D, 0x83, 0x6B, 0x7E, 0x8C, 0x09, 0x21, 0xF6, 0xAA,
    0xBB, 0x2F, 0xD2, 0xFB, 0x0C, 0x2D, 0x9F, 0xDC, 0x3F, 0xBA, 0xF2, 0xA2, 0x03, 0x15, 0x26, 0x70,
    0xC4, 0xFC, 0xF4, 0x3E, 0xC8, 0xA9, 0xC3, 0xEE, 0x53, 0xE9, 0xBB, 0x27, 0x6D, 0x4F, 0xF4, 0xBF,
    0x66, 0x20, 0xF5, 0x14, 0x72, 0x30, 0xDF, 0x2C, 0xC2, 0x31, 0x8D, 0x5D, 0xA6, 0x69, 0xD7, 0x74,
    0xAF, 0x5E, 0xF6, 0x8E, 0x07, 0x34, 0x60, 0xB5, 0x34, 0x52, 0x48, 0x27, 0xAB, 0x34, 0x53, 0x86,
    0x1C, 0x3C, 0x28, 0x25, 0xDF, 0xCF, 0xD5, 0x6D, 0x9C, 0xF1, 0x83, 0x96, 0x68, 0xB1, 0xB6, 0xB1,
    0x8C, 0x80, 0xD5, 0xCC, 0x55, 0x77, 0x66, 0x53, 0x55, 0x9C, 0xF9, 0x4C, 0xFE, 0x04, 0x72, 0x1C,
    0x7D, 0xF4, 0xE8, 0x85, 0x64, 0x74, 0x37, 0x2D, 0x02, 0x81, 0xAD, 0xD6, 0x87, 0x70, 0xAD, 0x62,
    0x84, 0xA3, 0x34, 0xAA, 0x51, 0x47, 0x48, 0x4B, 0x75, 0xB4, 0x8F, 0x78, 0x2B, 0x75, 0x28, 0x15,
    0x52, 0x83, 0x52, 0x20, 0xF5, 0xF7, 0x23, 0x15, 0x02, 0x69, 0x4F, 0xCA, 0x93, 0xEE, 0x54, 0x76,
    0x69, 0x9F, 0x68, 0xF3, 0x33, 0xA1, 0xD6, 0xB0, 0x24, 0x65, 0x25, 0x4C, 0x03, 0x02, 0x1B, 0x79,
    0x99, 0xE6, 0x80, 0xC2, 0xB2, 0x20, 0x7D, 0x99, 0xBA, 0x24, 0x2F, 0x95, 0x75, 0xD9, 0x22, 0x3C,
    0x1F, 0x98, 0xE4, 0xD5, 0x22, 0x80, 0xFF, 0xB3, 0x0F, 0x36, 0xC9, 0xDA, 0xBE, 0x35, 0x1D, 0x9C,
    0xD5, 0xE9, 0xA7, 0x9C, 0xBA, 0x62, 0x71, 0xEB, 0x1F, 0xD5, 0xE9, 0xF6, 0x1B, 0xBF, 0x6A, 0x9D,
    0x76, 0xF8, 0x5D, 0xD8, 0x2C, 0xBC, 0xA4, 0x4E, 0x7F, 0x61, 0xF1, 0x41, 0x50, 0x6B, 0x11, 0xD2,
    0xFD, 0x05, 0x4E, 0xBF, 0x56, 0xE7, 0x80, 0x9E, 0x8F, 0x79, 0x65, 0x74, 0x6D, 0x9D, 0xAE, 0xE9,
    0xB2, 0xF7, 0x7C, 0x27, 0x4A, 0x8A, 0x5D, 0x37, 0x1F, 0xDD, 0x43, 0x17, 0x5E, 0xF6, 0x1A, 0xAC,
    0x02, 0x23, 0xAF, 0x20, 0x8A, 0x0B, 0x84, 0x6E, 0x07, 0x35, 0x52, 0x1A, 0x17, 0x7E, 0x4C, 0xE1,
    0x3E, 0x85, 0x39, 0xC2, 0xCF, 0x19, 0x8B, 0xFF, 0xA5, 0x00, 0xB4, 0x68, 0x14, 0xC1, 0x87, 0xFF,
    0x89, 0xEE, 0xC0, 0x6D, 0x93, 0xB5, 0xA5, 0x14, 0xDD, 0xA2, 0x23, 0x74, 0x07, 0xBB, 0xE5, 0x09,
    0xA4, 0x19, 0x75, 0xE4, 0xBB, 0x2E, 0xF9, 0x21, 0x32, 0xCA, 0x09, 0x72, 0xC2, 0xDE, 0x56, 0x13,
    0x63, 0xAD, 0x3C, 0x27, 0xF8, 0xAB, 0xAA, 0x3A, 0x7C, 0x0D, 0xDA, 0x8C, 0xA4, 0x04, 0x09, 0x08,
    0x86, 0x23, 0x68, 0xA1, 0x82, 0x4A, 0xC7, 0xF0, 0x83, 0x7A, 0xBB, 0xDF, 0x50, 0x15, 0xFE, 0x7F,
    0xC3, 0x9E, 0x21, 0xBC, 0x6A, 0x87, 0x57, 0xEA, 0xF1, 0xD6, 0xFF, 0xCD, 0xAC, 0xA0, 0xA8, 0x17,
    0x2A, 0xC9, 0x79, 0x70, 0x3B, 0x37, 0xE3, 0x0C, 0x9D, 0x91, 0x82, 0xE9, 0x4D, 0x78, 0xA9, 0x8A,
    0x8F, 0x9F, 0x0F, 0x4A, 0x45, 0xF4, 0x9D, 0x15, 0x11, 0x5D, 0xA3, 0x7D, 0xAC, 0xE8, 0xF8, 0x1D,
    0xAB, 0x46, 0xE8, 0xE9, 0x94, 0xED, 0x89, 0x5E, 0xD9, 0x0C, 0x74, 0x4B, 0xAF, 0x8C, 0xFA, 0x28,
    0xD5, 0x57, 0x5B, 0x69, 0xBB, 0xC4, 0xA1, 0x33, 0x6E, 0xC6, 0xD9, 0x4E, 0xB1, 0x13, 0xED, 0xF4,
    0x28, 0x89, 0x2B, 0x54, 0x31, 0xBD, 0x5A, 0x57, 0x55, 0x02, 0xB7, 0x9A, 0xB5, 0x8D, 0xCE, 0x67,
    0x15, 0x0B, 0x89, 0xDE, 0xC2, 0x61, 0x12, 0x46, 0x62, 0x4E, 0x86, 0x8C, 0xE2, 0xDA, 0x23, 0x73,
    0x74, 0x0D, 0x6F, 0x0A, 0x19, 0xDA, 0x13, 0x78, 0x37, 0x94, 0xCC, 0x5F, 0x12, 0xFE, 0xA6, 0xAF,
    0x5A, 0xA7, 0x1D, 0xDA, 0xAB, 0x4A, 0x26, 0x7E, 0xE2, 0xEC, 0xD2, 0x61, 0x13, 0xA9, 0x54, 0xDE,
    0xA7, 0x99, 0xBD, 0x20, 0x25, 0xE5, 0x29, 0xC2, 0x86, 0x85, 0x1F, 0x02, 0x83, 0x87, 0xF0, 0xE0,
    0xFF, 0xB3, 0xAA, 0x27, 0xE7, 0xEE, 0x41, 0x85, 0x0B, 0xBC, 0xF0, 0x34, 0x6C, 0xF0, 0xCE, 0x9D,
    0x7B, 0x17, 0x82, 0x1E, 0x98, 0xEE, 0x58, 0x68, 0x5B, 0xCA, 0xE7, 0xCD, 0x14, 0xF5, 0x83, 0x90,
    0x3C, 0x27, 0xB8, 0x8D, 0x80, 0x6D, 0x45, 0x54, 0xD6, 0x8E, 0xE4, 0xD7, 0xC7, 0x6D, 0x9E, 0x3F,
    0x51, 0x14, 0x27, 0xA0, 0xAD, 0xCA, 0xA7, 0xC5, 0xC9, 0x73, 0x4B, 0xCE, 0xA7, 0x2D, 0x61, 0x2B,
    0x82, 0x9B, 0x81, 0x05, 0x75, 0x78, 0x09, 0xDB, 0xF6, 0x3B, 0x7A, 0xB7, 0x1A, 0xAF, 0xDC, 0x56,
    0x9C, 0x94, 0x85, 0x05, 0x04, 0xDA, 0xAB, 0x2C, 0xFC, 0x55, 0xA2, 0x71, 0x0D, 0x4D, 0xD3, 0x4C,
    0xCC, 0xA1, 0x3D, 0x61, 0x0E, 0x8E, 0x61, 0x70, 0xDB, 0xD1, 0x51, 0xBE, 0x9E, 0x64, 0x8A, 0x42,
    0xA2, 0x5E, 0x13, 0x7F, 0xF2, 0x5A, 0xC9, 0x56, 0xCF, 0x2E, 0x48, 0x62, 0x59, 0xF8, 0xF8, 0x2F,
    0x38, 0xBD, 0x6E, 0x63, 0x35, 0x9A, 0xE9, 0x1F, 0x27, 0x73, 0x0F, 0x80, 0xB7, 0xC1, 0xA3, 0x1E,
    0x14, 0x5F, 0x10, 0x4D, 0xCC, 0xD8, 0x30, 0x5E, 0xA5, 0xDE, 0xB7, 0xF1, 0x1E, 0xD4, 0x29, 0x1C,
    0x95, 0x48, 0x99, 0xA5, 0x5B, 0xD3, 0x78, 0x6D, 0xF0, 0x2E, 0xC4, 0x7E, 0xC7, 0x9E, 0x7A, 0x9F,
    0xA9, 0xA3, 0x58, 0x43, 0x77, 0x23, 0x87, 0x2C, 0x59, 0x12, 0xA8, 0x28, 0x34, 0x16, 0x98, 0x11,
    0xFE, 0x5A, 0xF6, 0x26, 0x1C, 0x56, 0x99, 0x50, 0x7B, 0xA8, 0x5A, 0xE1, 0xD8, 0x7F, 0xA8, 0x60,
    0x08, 0xB2, 0x29, 0xF3, 0x6B, 0xD6, 0x8C, 0xDB, 0x0C, 0xEA, 0xB0, 0x99, 0x64, 0xD3, 0x0E, 0x2A,
    0xDF, 0xB8, 0x14, 0x86, 0xEF, 0xC0, 0xD9, 0x0B, 0x8C, 0x93, 0x43, 0xAB, 0x00, 0x04, 0x87, 0x44,
    0xFE, 0x82, 0x22, 0x82, 0xCC, 0xDB, 0x45, 0x88, 0x98, 0x6F, 0x32, 0xBB, 0x88, 0xCB, 0xA0, 0xD4,
    0x38, 0xFB, 0xA2, 0xDE, 0x66, 0x6B, 0xF4, 0x56, 0x8B, 0xD8, 0x38, 0x8B, 0x2E, 0xAC, 0xFB, 0x46,
    0x13, 0xDC, 0xC4, 0x00, 0xD4, 0x7D, 0x53, 0xEB, 0x12, 0x71, 0xDF, 0x6D, 0x56, 0x2C, 0xDB, 0x2C,
    0x5F, 0xB7, 0x19, 0xEF, 0x9B, 0x6D, 0xC8, 0x8B, 0x72, 0x6F, 0x37, 0x9F, 0xF6, 0x9B, 0x0F, 0xFB,
    0xCD, 0xFB, 0x78, 0xDF, 0x03, 0x2D, 0xA2, 0xFB, 0x66, 0x61, 0xBB, 0x6F, 0xB1, 0xDF, 0xB7, 0xDA,
    0xEE, 0x8B, 0x7E, 0x2F, 0xDE, 0xD7, 0xED, 0xF7, 0x3D, 0xEC, 0x21, 0x90, 0xC6, 0xD9, 0xB8, 0xCD,
    0xBE, 0x30, 0xAB, 0xEE, 0x4E, 0xE9, 0xBE, 0xE1, 0x04, 0xC9, 0x85, 0x31, 0x82, 0x6B, 0x2F, 0x36,
    0xD9, 0xB0, 0xCB, 0xEC, 0xF7, 0xC9, 0x9C, 0x71, 0x31, 0xB2, 0xCD, 0x20, 0xB7, 0x47, 0x68, 0x9E,
    0xA2, 0xBB, 0xED, 0x97, 0x14, 0x3A, 0x8C, 0x1A, 0xC1, 0xC4, 0x14, 0x82, 0x89, 0x72, 0x93, 0x33,
    0xDB, 0x6B, 0x72, 0x80, 0x25, 0xC4, 0x87, 0x48, 0xDB, 0x13, 0x3F, 0x52, 0x17, 0xFB, 0x59, 0xFB,
    0xE9, 0xC0, 0x51, 0x8D, 0x26, 0x4C, 0xCA, 0x36, 0x71, 0xEE, 0xA3, 0x3B, 0x41, 0x1F, 0xF6, 0x27,
    0x74, 0x55, 0x9A, 0xB7, 0xE9, 0xF7, 0x8C, 0xFB, 0x14, 0x60, 0xA2, 0xA2, 0x60, 0x4B, 0x2B, 0x4C,
    0x11, 0x4C, 0x25, 0x05, 0x43, 0xFF, 0x59, 0xFD, 0xB4, 0x60, 0xA2, 0x8A, 0x48, 0x84, 0x81, 0xBF,
    0x7B, 0x94, 0x10, 0x8F, 0x8F, 0xEA, 0xEC, 0xBE, 0x62, 0xFC, 0x5D, 0xFB, 0x2F, 0xC6, 0xD1, 0x12,
    0x4C, 0x35, 0x0B, 0x3A, 0xAA, 0x14, 0x2A, 0x74, 0x28, 0xB9, 0x1C, 0x2E, 0x58, 0x03, 0x59, 0x51,
    0x7E, 0xDA, 0x2E, 0xBC, 0xCF, 0x2F, 0x1F, 0x5B, 0x8D, 0xC0, 0xDE, 0x15, 0x95, 0x07, 0x51, 0x8F,
    0x84, 0x35, 0xB0, 0x62, 0x9E, 0xAC, 0x4E, 0x9E, 0xCB, 0xA6, 0xAA, 0x28, 0x5D, 0x9E, 0x4E, 0xBC,
    0xA1, 0xDE, 0x4E, 0xA5, 0x1E, 0x55, 0x9F, 0x99, 0x0C, 0x7E, 0x16, 0x7E, 0x46, 0xC1, 0x83, 0x92,
    0xA9, 0x60, 0xAE, 0xDA, 0x4D, 0x14, 0x82, 0xF0, 0xE2, 0x41, 0x1D, 0xF8, 0x72, 0x62, 0xA5, 0xCF,
    0x3C, 0xD5, 0xAC, 0xE1, 0x14, 0xE2, 0x04, 0xBD, 0xA4, 0x04, 0xC1, 0x57, 0x70, 0x7C, 0x64, 0x59,
    0xA6, 0x9B, 0x83, 0xAE, 0xA2, 0x08, 0x15, 0xD2, 0x4E, 0xB4, 0x27, 0x25, 0xEE, 0xEC, 0x02, 0xC0,
    0x29, 0x28, 0xEA, 0x17, 0x28, 0xEA, 0x37, 0x28, 0xD2, 0x31, 0x28, 0xDD, 0xA2, 0x83, 0x2A, 0x4E,
    0xA4, 0xCD, 0x48, 0x0A, 0x24, 0x0B, 0x5A, 0xAC, 0xA4, 0x79, 0x20, 0x85, 0x43, 0x77, 0x6A, 0x06,
    0x3B, 0xDD, 0xAD, 0x53, 0x4B, 0x48, 0x5A, 0x89, 0x16, 0xA2, 0x19, 0x95, 0xD3, 0x6F, 0x8E, 0xAC,
    0x22, 0x20, 0x4F, 0x46, 0x67, 0x01, 0xF2, 0x87, 0x5B, 0x86, 0xE5, 0x9A, 0xF0, 0x2D, 0xAA, 0x2C,
    0x96, 0x69, 0xA8, 0x91, 0x21, 0x1D, 0xE4, 0xC9, 0xA7, 0x2F, 0xF3, 0xE4, 0x57, 0x24, 0x3C, 0x81,
    0xC7, 0xA7, 0xEA, 0x0E, 0x72, 0xA9, 0xB3, 0x3C, 0x9D, 0x35, 0x56, 0xAA, 0xA2, 0x36, 0xFA, 0x7D,
    0x6A, 0x48, 0x07, 0x4F, 0x3A, 0xFA, 0xF3, 0xEF, 0xED, 0xEA, 0xB6, 0xCE, 0x22, 0x51, 0x11, 0x38,
    0xAC, 0xE4, 0x96, 0xB2, 0xCA, 0xB9, 0x6C, 0x66, 0xF6, 0xB0, 0x1E, 0xA4, 0x18, 0xE9, 0xED, 0xE5,
    0x40, 0xA6, 0x68, 0x1A, 0x68, 0x86, 0x9E, 0x08, 0xB9, 0x55, 0xA2, 0xD2, 0xFD, 0x14, 0xEA, 0x35,
    0x73, 0x72, 0x38, 0xAA, 0x7A, 0xEA, 0x53, 0xDB, 0xB3, 0x32, 0x36, 0xB6, 0x65, 0x60, 0xF4, 0xFB,
    0x89, 0xDD, 0x43, 0x35, 0x53, 0x77, 0xFA, 0x36, 0x5E, 0x26, 0x83, 0x7C, 0x83, 0x7D, 0x2E, 0xA3,
    0x84, 0x25, 0x85, 0x7A, 0x8F, 0xC8, 0xEC, 0xCF, 0x8B, 0x2E, 0xCE, 0xF4, 0x9B, 0xBE, 0x9E, 0x9F,
    0xE7, 0xF8, 0x2D, 0x67, 0x44, 0xE5, 0x4C, 0x85, 0x29, 0x13, 0x5B, 0x7A, 0x27, 0xE7, 0x4A, 0x23,
    0x49, 0xDA, 0x58, 0x17, 0x2D, 0x1B, 0xB5, 0x23, 0x7E, 0x63, 0x71, 0x77, 0xF4, 0x71, 0xA5, 0x37,
    0x78, 0x06, 0x30, 0x5F, 0x6B, 0x4B, 0x96, 0x80, 0x73, 0x46, 0x95, 0x27, 0xE9, 0xCE, 0x12, 0xD7,
    0x66, 0xF2, 0x73, 0x81, 0x30, 0xBB, 0xC7, 0x24, 0x86, 0xE7, 0x9D, 0xA3, 0x7B, 0xEC, 0x49, 0x2D,
    0xDE, 0x5D, 0x1E, 0xC7, 0x22, 0x8E, 0x65, 0x1C, 0xFD, 0x29, 0x86, 0x40, 0x6F, 0xA3, 0x6C, 0xCC,
    0xB1, 0xD6, 0x78, 0x08, 0x76, 0x1E, 0x4E, 0x53, 0xDA, 0x85, 0xB5, 0x03, 0xB1, 0x54, 0x31, 0xDB,
    0x08, 0xB3, 0x68, 0xF4, 0x56, 0x1D, 0x09, 0xB4, 0xCC, 0x41, 0xAE, 0xC7, 0x43, 0x1C, 0x53, 0xAB,
    0xB4, 0x72, 0x1A, 0x41, 0x58, 0x35, 0xAE, 0x61, 0x28, 0x27, 0x1B, 0x69, 0x6B, 0x8E, 0x4D, 0x1C,
    0x9D, 0x70, 0x8C, 0xB4, 0x60, 0x98, 0xC1, 0x22, 0x35, 0x31, 0xD8, 0x90, 0x9A, 0x66, 0x92, 0x6F,
    0x5F, 0xDA, 0x63, 0x75, 0xCF, 0x5F, 0xF2, 0xB6, 0x9F, 0xC5, 0x14, 0x0C, 0x2E, 0x2A, 0x08, 0x28,
    0xA5, 0xB0, 0x4B, 0x4F, 0x74, 0x09, 0xC7, 0xCD, 0x84, 0x95, 0xF0, 0x47, 0xEB, 0xE0, 0x89, 0x18,
    0xC5, 0xDB, 0x40, 0x1B, 0x45, 0x08, 0xE6, 0xAC, 0xF8, 0xD7, 0x56, 0x88, 0x58, 0x65, 0x61, 0xAB,
    0xD1, 0x7D, 0xCF, 0xB6, 0xB1, 0x18, 0x63, 0xEB, 0x5C, 0x86, 0x19, 0x57, 0x04, 0x48, 0xBF, 0x83,
    0x43, 0xD0, 0x10, 0xDF, 0xBD, 0x73, 0x11, 0xD3, 0x9A, 0x1F, 0xE8, 0xA6, 0xB8, 0x85, 0xC4, 0x6F,
    0xEA, 0x87, 0x76, 0xFA, 0x53, 0xB5, 0x2F, 0x68, 0x5A, 0x9A, 0xCD, 0xA5, 0x17, 0x35, 0x52, 0xE1,
    0xDC, 0x48, 0x95, 0x6A, 0xA4, 0xBC, 0x1A, 0xA9, 0x36, 0xA0, 0x91, 0x4A, 0x16, 0x36, 0x52, 0xE9,
    0xC4, 0x14, 0x9A, 0x0F, 0xA4, 0x65, 0x4F, 0xEA, 0x8F, 0xA4, 0x2D, 0x53, 0xEB, 0x2F, 0x16, 0x36,
    0x52, 0x9F, 0x4D, 0x6C, 0xA4, 0x7E, 0x3B, 0xB0, 0x66, 0x2B, 0xF2, 0xBD, 0xF2, 0x2B, 0x2A, 0x10,
    0x38, 0xE7, 0x6A, 0xA4, 0x52, 0xC1, 0xB2, 0x5C, 0x46, 0x2E, 0xFE, 0x8D, 0x48, 0xF9, 0x70, 0xE5,
    0x50, 0x2A, 0xCD, 0x84, 0xF6, 0x84, 0x4D, 0x31, 0x44, 0x86, 0xAB, 0xF2, 0x79, 0xBB, 0xFE, 0x83,
    0xE4, 0x16, 0xC3, 0xAD, 0x5D, 0xCA, 0xD9, 0x2E, 0x15, 0x6C, 0x97, 0x2A, 0x24, 0xFF, 0xBE, 0x69,
    0x21, 0xD8, 0x0A, 0xB9, 0x7E, 0x32, 0x83, 0xFC, 0x14, 0xB1, 0x1D, 0x3E, 0x47, 0x9F, 0xD4, 0x42,
    0xDA, 0x53, 0x03, 0x97, 0xEB, 0x7D, 0xD8, 0xDA, 0xA5, 0xDC, 0x9A, 0x48, 0xE8, 0xBA, 0xFC, 0x0F,
    0x94, 0x95, 0x83, 0xF9, 0x7C, 0x35, 0x50, 0xAD, 0xCA, 0xD4, 0xCD, 0xA7, 0x14, 0xA9, 0xEC, 0xD9,
    0xE2, 0xA5, 0x43, 0xF5, 0xB8, 0xFB, 0x5B, 0xB7, 0x27, 0x7A, 0x50, 0xFB, 0x90, 0x2A, 0xE7, 0xA4,
    0x2B, 0x69, 0x3E, 0xF3, 0x2E, 0x85, 0x72, 0x4E, 0x39, 0x31, 0xE7, 0x54, 0x23, 0x73, 0x8E, 0x97,
    0x1F, 0x36, 0x27, 0x62, 0xC0, 0xB6, 0x97, 0x6F, 0x12, 0x0D, 0x25, 0xE1, 0x08, 0xBF, 0x3D, 0xEC,
    0xEA, 0x0A, 0x66, 0x20, 0xDD, 0xD7, 0xE0, 0x12, 0x44, 0x27, 0xED, 0x99, 0x67, 0xDA, 0xC1, 0x2B,
    0x65, 0xD1, 0x95, 0xFD, 0x44, 0xD0, 0x5C, 0xCD, 0xFE, 0x37, 0xCC, 0xE4, 0x23, 0x4E, 0xCD, 0x66,
    0xB6, 0x7A, 0x4B, 0xC1, 0x8F, 0x87, 0xF1, 0x52, 0xE2, 0x5B, 0x18, 0xE0, 0x10, 0x73, 0x89, 0x39,
    0xC2, 0xD1, 0xBD, 0x38, 0x5C, 0x15, 0xB1, 0xE7, 0x81, 0xE6, 0xDB, 0x20, 0x46, 0xC5, 0x1A, 0xEC,
    0x59, 0x80, 0x15, 0x84, 0x7E, 0x47, 0x21, 0x55, 0x5C, 0xD2, 0x10, 0xD5, 0x78, 0xD6, 0xD7, 0x0A,
    0x0C, 0x6E, 0x2D, 0x7F, 0xB5, 0x31, 0xBC, 0x15, 0x63, 0x99, 0x6A, 0xA9, 0xCB, 0x4F, 0x07, 0x2A,
    0x16, 0xF9, 0x6E, 0x7E, 0xA8, 0x49, 0x6F, 0x71, 0xD8, 0x84, 0xB8, 0xBD, 0xB6, 0x04, 0xDE, 0xC9,
    0xCF, 0x5B, 0x63, 0xE6, 0xE5, 0xEF, 0xAB, 0xF0, 0x49, 0xB6, 0xD0, 0x56, 0xD0, 0xB1, 0xE0, 0x60,
    0x31, 0x2B, 0x00, 0xCA, 0x49, 0xE5, 0xA2, 0x1A, 0x19, 0x7F, 0x50, 0x8E, 0x62, 0xA3, 0x39, 0x1D,
    0x14, 0x5F, 0xD6, 0xAC, 0x5A, 0xA6, 0x48, 0x42, 0x44, 0x79, 0xCA, 0x02, 0x5C, 0xE6, 0x07, 0xD5,
    0x6C, 0x5C, 0x94, 0xB9, 0x1B, 0xE1, 0x40, 0x86, 0x78, 0x99, 0x1E, 0x91, 0x23, 0xA8, 0x72, 0x7E,
    0xBF, 0x5D, 0x25, 0x5D, 0x6F, 0x57, 0x4B, 0xE5, 0xD4, 0x43, 0x32, 0xBB, 0x9B, 0xA3, 0xFB, 0xE1,
    0xFD, 0x94, 0xCD, 0xC8, 0xE5, 0xDD, 0xDF, 0x60, 0xCA, 0x6E, 0x5D, 0xFB, 0x29, 0x84, 0xF9, 0x25,
    0xB6, 0x8F, 0xCD, 0xF1, 0x30, 0x97, 0xBD, 0xFB, 0x24, 0x1D, 0x2E, 0xF5, 0x08, 0xB6, 0xEB, 0xC5,
    0xBB, 0xC4, 0x6B, 0x5C, 0xBF, 0x86, 0xB8, 0xCF, 0xEF, 0x63, 0x6B, 0xCE, 0x6B, 0x97, 0x4B, 0x9E,
    0xFE, 0xB3, 0xC0, 0xD0, 0xC4, 0x1D, 0xB3, 0x09, 0x46, 0x4F, 0xE6, 0x02, 0xAE, 0xD7, 0xA4, 0x57,
    0x3E, 0x96, 0x21, 0x4F, 0xC1, 0x92, 0xB3, 0x9C, 0x59, 0x5E, 0xDC, 0x15, 0x2B, 0xB2, 0x15, 0x4C,
    0x25, 0xAF, 0x47, 0x00, 0x28, 0x1B, 0xDF, 0x23, 0x83, 0x4C, 0xB7, 0x01, 0x0F, 0xE4, 0xA5, 0x9B,
    0x2E, 0xDB, 0xDB, 0x21, 0x26, 0xAE, 0x23, 0x72, 0xD8, 0x24, 0xF0, 0x9E, 0x21, 0x7D, 0x41, 0x1A,
    0x80, 0x17, 0xA0, 0xDC, 0xBA, 0xEC, 0xBE, 0x4F, 0xAF, 0x72, 0x7B, 0xDB, 0x77, 0xBA, 0x78, 0x55,
    0x78, 0x1E, 0xBC, 0xD8, 0x77, 0xF5, 0x3E, 0xB6, 0xE6, 0xBC, 0xB6, 0xBF, 0xE4, 0x69, 0x2E, 0x1E,
    0xD4, 0xEF, 0xC1, 0xCA, 0x72, 0xEE, 0x82, 0xAE, 0xFD, 0xCE, 0xD9, 0x07, 0x4A, 0xA4, 0x94, 0x64,
    0x2F, 0xDB, 0x02, 0xB4, 0x6C, 0x7A, 0xEA, 0x86, 0xE0, 0xA8, 0xED, 0x23, 0x4E, 0x7E, 0x40, 0x3A,
    0xB5, 0x09, 0x5B, 0x31, 0x06, 0x92, 0xBC, 0xB5, 0xBD, 0xF9, 0x16, 0xAB, 0x8C, 0xDF, 0x17, 0x8E,
    0x36, 0x80, 0x09, 0x8E, 0xB0, 0x40, 0x9F, 0x30, 0xC8, 0x9B, 0xC3, 0x74, 0x9D, 0x96, 0x84, 0xCD,
    0xEC, 0x45, 0x62, 0x94, 0xE3, 0xBD, 0xCE, 0x4B, 0x1E, 0x17, 0x3C, 0xFD, 0xAF, 0xE2, 0xF9, 0x33,
    0xCF, 0x07, 0xB2, 0xF1, 0x17, 0xE7, 0xBF, 0xEE, 0x59, 0x17, 0x6F, 0x02, 0x5D, 0xE4, 0xBA, 0x42,
    0xA0, 0xF9, 0xEB, 0x4F, 0x5C, 0x75, 0x9C, 0x2F, 0x2C, 0xED, 0x2D, 0x82, 0xF4, 0xE6, 0x61, 0xFA,
    0x0A, 0x13, 0xBE, 0xDA, 0x4B, 0x1E, 0x97, 0x3C, 0x13, 0x78, 0x5A, 0x81, 0xF3, 0xBD, 0x9D, 0x7F,
    0xFC, 0xC4, 0x95, 0xDD, 0x07, 0x5B, 0x49, 0x7A, 0xCD, 0xB3, 0x2E, 0x5F, 0xE8, 0xF1, 0x44, 0x88,
    0xAA, 0x8A, 0xD7, 0xBE, 0x4F, 0xEF, 0xAF, 0x7E, 0xBC, 0x28, 0x63, 0xFA, 0x47, 0xCB, 0xCE, 0x0D,
    0x0B, 0x28, 0x45, 0x52, 0x1E, 0x82, 0xD4, 0x59, 0xB0, 0x72, 0x16, 0x4B, 0x79, 0xAA, 0x8C, 0xED,
    0x54, 0xCA, 0x11, 0x2E, 0xEC, 0x76, 0x59, 0xCA, 0x9D, 0x75, 0x43, 0x8F, 0x53, 0x7D, 0xB5, 0x95,
    0xB6, 0x4B, 0x1C, 0x3A, 0xE3, 0x66, 0x9C, 0xED, 0x14, 0x3B, 0xD1, 0x4E, 0x37, 0x49, 0xC2, 0x4F,
    0xD9, 0xB8, 0xFC, 0x12, 0x39, 0xA1, 0x18, 0x1A, 0x84, 0xC5, 0x4C, 0xB8, 0xFE, 0xAF, 0xD7, 0x79,
    0xE9, 0xD6, 0x22, 0x62, 0x74, 0x2A, 0xBC, 0xB1, 0x7C, 0xA7, 0x2C, 0xDF, 0x8E, 0xE5, 0x9B, 0xDD,
    0x59, 0x6F, 0x7D, 0x9A, 0xBF, 0x24, 0xFC, 0x4D, 0x5F, 0xB5, 0x4E, 0x3B, 0xB4, 0x57, 0x69, 0x55,
    0xFC, 0xC4, 0x19, 0x59, 0xF7, 0xC5, 0x5E, 0x83, 0x73, 0x25, 0xFA, 0x52, 0xC5, 0xC3, 0xF7, 0x94,
    0xC5, 0xBB, 0x14, 0xF4, 0x3D, 0xD1, 0x27, 0xAC, 0x47, 0x97, 0xAF, 0x12, 0xA7, 0xB7, 0xDC, 0xA1,
    0xEA, 0x92, 0x8D, 0xD7, 0xD5, 0x05, 0xDD, 0x2A, 0x77, 0x9E, 0xF6, 0xCC, 0xB2, 0xC6, 0xCC, 0x32,
    0xB0, 0x3C, 0x28, 0xB3, 0x5C, 0xF5, 0x5E, 0xBD, 0xCD, 0xF8, 0x1B, 0x84, 0xA2, 0xBE, 0xB1, 0x4E,
    0x3B, 0xB4, 0x57, 0x5C, 0x12, 0xF2, 0x43, 0xCE, 0x82, 0xB4, 0x9F, 0xB2, 0x44, 0x55, 0x03, 0x15,
    0x98, 0x8F, 0xC4, 0x10, 0x87, 0xB9, 0x90, 0x57, 0xDE, 0xCB, 0x30, 0xE7, 0x08, 0xBC, 0x13, 0x5D,
    0x44, 0xD9, 0xB9, 0x2A, 0x59, 0x13, 0x25, 0x08, 0xB5, 0xB3, 0x73, 0xBD, 0xFE, 0x6B, 0x44, 0x5B,
    0x7E, 0xCD, 0xB8, 0x72, 0xDB, 0x65, 0x1C, 0x06, 0xD1, 0x71, 0xEF, 0xA9, 0x06, 0xE2, 0x73, 0xAE,
    0xAC, 0xC5, 0xB3, 0x53, 0x27, 0x70, 0x3A, 0xF3, 0x01, 0x6E, 0x04, 0x2D, 0x97, 0x58, 0xBF, 0xFD,
    0xAF, 0xE9, 0x84, 0x63, 0x4B, 0x27, 0x24, 0x18, 0x5E, 0x33, 0x32, 0xFC, 0xCB, 0x2B, 0xBC, 0x81,
    0xBA, 0x0A, 0xC2, 0x82, 0x1C, 0xFE, 0x3A, 0x28, 0xBD, 0x93, 0xB0, 0xDB, 0x5B, 0xB6, 0xD6, 0x93,
    0xEA, 0x70, 0x57, 0x98, 0xE8, 0xD5, 0x49, 0x79, 0x55, 0x1D, 0xF2, 0xBD, 0x3A, 0x14, 0xC7, 0x2B,
    0xD8, 0x83, 0x13, 0x6B, 0x9E, 0xAD, 0x06, 0x67, 0xB1, 0x4E, 0x93, 0x95, 0xFF, 0xC8, 0x7A, 0x77,
    0x36, 0x1F, 0x48, 0x42, 0x72, 0xE0, 0x87, 0x32, 0xEC, 0x8B, 0xB5, 0xAD, 0x8B, 0xA4, 0x6B, 0x85,
    0xCC, 0x26, 0x03, 0x88, 0x86, 0x1F, 0x80, 0x24, 0xCE, 0xAC, 0xE8, 0x9B, 0xCD, 0x08, 0x02, 0x9D,
    0xB6, 0x74, 0x9D, 0x85, 0x9E, 0x43, 0x4D, 0x1F, 0x1B, 0x54, 0xCF, 0xBF, 0x8D, 0xDD, 0x9D, 0xEF,
    0x9E, 0x77, 0xFE, 0x27, 0xE0, 0xF4, 0xEF, 0x70, 0x91, 0xA0, 0xB7, 0xF6, 0xD4, 0xBC, 0xBA, 0x5B,
    0x61, 0xA4, 0x57, 0x7F, 0x7F, 0x0D, 0x1F, 0x2A, 0x26, 0x4B, 0x07, 0x6C, 0xB7, 0x32, 0x18, 0xB5,
    0xAA, 0x1F, 0x20, 0x3F, 0x53, 0xD4, 0x1B, 0x24, 0x3D, 0x83, 0x98, 0x77, 0x84, 0x83, 0x14, 0x0B,
    0x6A, 0x68, 0x33, 0x33, 0x63, 0x8C, 0xEA, 0x3D, 0xD4, 0x40, 0x58, 0x0D, 0xFD, 0x95, 0xE1, 0x18,
    0x61, 0x65, 0x04, 0x1C, 0xCB, 0xD8, 0x55, 0x1D, 0x73, 0xE6, 0xAF, 0xDF, 0x88, 0x34, 0x04, 0xE7,
    0x40, 0xE8, 0xB0, 0xC8, 0x50, 0x2D, 0x29, 0x1A, 0x50, 0x02, 0x1C, 0x00, 0x96, 0xCF, 0x01, 0x49,
    0x03, 0xD4, 0xD1, 0x8C, 0x88, 0xAA, 0x03, 0x13, 0x57, 0x69, 0x2E, 0xAF, 0x46, 0x15, 0x9E, 0xB3,
    0xC0, 0x39, 0x13, 0x54, 0x21, 0x97, 0xFC, 0xC0, 0xFD, 0xD1, 0x13, 0x50, 0x93, 0x01, 0xDE, 0x4B,
    0xB0, 0x03, 0xC0, 0x7B, 0x42, 0x4A, 0x42, 0x15, 0xFC, 0x60, 0x17, 0xED, 0xDA, 0x61, 0x5F, 0x95,
    0xD0, 0xB1, 0x7B, 0x7A, 0xE8, 0x09, 0x99, 0xB1, 0x1D, 0x0B, 0x24, 0x27, 0xFA, 0xB3, 0x0F, 0x6B,
    0x8B, 0x44, 0x09, 0xD7, 0x49, 0xC2, 0x1D, 0x52, 0xD0, 0x2D, 0x52, 0x4C, 0x12, 0x73, 0x95, 0x2A,
    0x07, 0x41, 0x79, 0xF2, 0x23, 0x42, 0x75, 0x73, 0x35, 0xF9, 0xA6, 0x35, 0x10, 0x25, 0x73, 0x69,
    0x41, 0x45, 0xEA, 0x9E, 0x40, 0xD0, 0xA3, 0x13, 0x84, 0xC0, 0xD4, 0xBE, 0x0B, 0x9E, 0x1A, 0x4C,
    0xF9, 0x36, 0xC9, 0x27, 0x35, 0xF2, 0x5E, 0x4B, 0xA6, 0x2D, 0xA3, 0x4A, 0xD9, 0xD8, 0x92, 0xF1,
    0xF9, 0xC9, 0xC9, 0x3F, 0xE7, 0x71, 0xCA, 0x85, 0x05, 0x11, 0x5A, 0x89, 0x88, 0x49, 0xDA, 0x97,
    0x94, 0x07, 0x5D, 0x25, 0x4A, 0x18, 0xF1, 0xDB, 0x29, 0xAF, 0x55, 0xD2, 0x47, 0x66, 0xF1, 0x1A,
    0xB8, 0x45, 0x2D, 0x6F, 0xAD, 0x6E, 0x28, 0x63, 0x52, 0x69, 0x15, 0x1D, 0xF4, 0x8D, 0x88, 0x26,
    0x09, 0xFC, 0x4C, 0xD1, 0xBB, 0xD7, 0xB1, 0x80, 0x80, 0x49, 0x03, 0xE7, 0x60, 0xEF, 0xB9, 0x58,
    0xCF, 0x32, 0xDC, 0x23, 0x02, 0xE7, 0x6F, 0x9B, 0x5C, 0x40, 0x7A, 0x66, 0xB5, 0x6C, 0xBE, 0xD6,
    0x03, 0xA4, 0x84, 0x27, 0xA0, 0x44, 0x40, 0x9D, 0xB3, 0x7D, 0x66, 0xD5, 0x6D, 0xED, 0x5A, 0xDD,
    0xD6, 0xB6, 0xBE, 0xD2, 0xBB, 0x3A, 0x36, 0xBA, 0xEC, 0x3B, 0x61, 0x76, 0x66, 0xAA, 0xB5, 0xBE,
    0x0C, 0x44, 0x47, 0x84, 0xB4, 0xA9, 0xE5, 0x13, 0xFC, 0xF6, 0xF7, 0x56, 0x02, 0x57, 0x2B, 0x38,
    0x24, 0x7D, 0xF1, 0x22, 0x09, 0xC3, 0xB3, 0x0D, 0x3C, 0xEF, 0x84, 0x7A, 0x67, 0xA5, 0x49, 0xD8,
    0x54, 0x36, 0xF4, 0x0D, 0x62, 0x49, 0xD7, 0xFC, 0x16, 0x96, 0x7E, 0xAF, 0x6E, 0x77, 0x07, 0x2A,
    0xAF, 0xEF, 0xAE, 0x7F, 0xF5, 0xA1, 0x1D, 0x59, 0x72, 0x07, 0x5E, 0xAE, 0x63, 0xED, 0x25, 0x27,
    0x81, 0xC2, 0x9E, 0xCD, 0x19, 0xA3, 0x97, 0x35, 0x90, 0x26, 0xFC, 0x63, 0x4A, 0x4B, 0xAF, 0xC0,
    0xC7, 0x0E, 0xA8, 0x95, 0x71, 0x3F, 0xFD, 0x41, 0x5D, 0x5D, 0x5C, 0x94, 0x6C, 0x9B, 0x91, 0xDE,
    0x80, 0x6B, 0xD6, 0x09, 0xA1, 0x0A, 0xE3, 0x70, 0xA2, 0x37, 0xB3, 0x95, 0x2D, 0xEE, 0xAD, 0x85,
    0x04, 0xB8, 0x15, 0x1D, 0xFB, 0x16, 0xEB, 0x5B, 0xF9, 0x69, 0x2F, 0x91, 0xFE, 0x69, 0x03, 0xDC,
    0x33, 0x95, 0x12, 0xFE, 0x8A, 0x85, 0xF2, 0xF3, 0x39, 0x66, 0x94, 0x9C, 0x7E, 0x78, 0xF8, 0xA8,
    0xBE, 0x4E, 0x21, 0xC5, 0xFC, 0xCA, 0x04, 0xCF, 0x03, 0xF2, 0xB5, 0x18, 0xEC, 0xE4, 0xDD, 0x3A,
    0x01, 0x78, 0xA9, 0x4E, 0x8C, 0xA2, 0x5C, 0x48, 0xD7, 0x62, 0xD3, 0xB1, 0xF0, 0x42, 0x19, 0xCB,
    0x03, 0x50, 0x31, 0xBC, 0x3A, 0x6D, 0x08, 0x15, 0xFE, 0x9B, 0x9C, 0x22, 0xF0, 0x08, 0x66, 0x96,
    0x84, 0x20, 0x61, 0x16, 0xFC, 0x98, 0x04, 0x15, 0xC6, 0xFB, 0x38, 0xE4, 0x1B, 0xFD, 0xFD, 0x1F,
    0x95, 0x95, 0x55, 0xCC, 0xEE, 0x48, 0x1D, 0xC6, 0x7F, 0x6F, 0xBB, 0xFB, 0x75, 0xB3, 0x4D, 0x18,
    0xDC, 0x8E, 0x14, 0x77, 0x18, 0x5C, 0xDF, 0xF3, 0x4D, 0x4F, 0xB8, 0xC7, 0xEF, 0x71, 0x77, 0xB7,
    0xEF, 0x3B, 0x6D, 0xB8, 0x44, 0xD7, 0xAE, 0x71, 0x77, 0x67, 0xBD, 0x83, 0x3B, 0x94, 0xDD, 0xFB,
    0xA4, 0xB8, 0xC3, 0x5C, 0x14, 0xD2, 0xCD, 0x4E, 0xFB, 0xD0, 0xA6, 0xC7, 0x2D, 0xE1, 0xF7, 0xFC,
    0x9F, 0x71, 0x4B, 0xF5, 0x55, 0x57, 0xE0, 0x06, 0xCC, 0x48, 0x22, 0x68, 0x3C, 0x45, 0xC7, 0xC3,
    0x3E, 0x8A, 0xBA, 0x44, 0x75, 0x36, 0x52, 0x04, 0x9C, 0x87, 0x79, 0xD0, 0x46, 0x81, 0x54, 0x11,
    0x73, 0xFB, 0x84, 0x6B, 0x9B, 0xBA, 0x29, 0x8B, 0x36, 0x99, 0x8E, 0xF6, 0x46, 0x0A, 0xC5, 0x6C,
    0x27, 0xF9, 0xDD, 0xCD, 0x84, 0x14, 0x4F, 0x0B, 0x85, 0xD3, 0xFD, 0x12, 0x76, 0xCA, 0x11, 0xEB,
    0x1B, 0xA9, 0x76, 0x12, 0x85, 0x22, 0x89, 0xAE, 0xC0, 0x95, 0xF2, 0x8B, 0x5C, 0xE9, 0x8E, 0x46,
    0x7D, 0x5F, 0x73, 0x54, 0x47, 0xC7, 0xD7, 0x77, 0xCD, 0xD8, 0x68, 0x23, 0x94, 0x8D, 0xA6, 0x37,
    0xBE, 0xE8, 0xAA, 0x38, 0x34, 0xC1, 0x05, 0x37, 0x34, 0x55, 0x2C, 0xBA, 0x8D, 0x3E, 0x14, 0xD3,
    0xC9, 0x06, 0x33, 0x54, 0xDE, 0xB6, 0x13, 0x2E, 0xE9, 0x79, 0x25, 0xC9, 0x47, 0x2B, 0x5F, 0x84,
    0xA2, 0x6F, 0x7C, 0x2E, 0x91, 0x28, 0x82, 0x7A, 0xE2, 0x8A, 0xF1, 0x67, 0x85, 0x7E, 0x3C, 0xE2,
    0x6E, 0x11, 0x26, 0x34, 0x75, 0x3A, 0x58, 0xCF, 0x98, 0x05, 0xF6, 0x41, 0xDC, 0x55, 0x97, 0xEE,
    0xED, 0xBB, 0x5D, 0x6E, 0x76, 0x1A, 0x8D, 0xFA, 0x44, 0xF5, 0xA6, 0xB9, 0x82, 0x5C, 0x11, 0x2B,
    0x51, 0x49, 0x65, 0x53, 0xDA, 0x3A, 0x62, 0x7C, 0x12, 0xD3, 0x98, 0x0D, 0xA6, 0x37, 0xC1, 0x2E,
    0x87, 0xEB, 0xF2, 0x68, 0xA2, 0x19, 0x4C, 0x28, 0x82, 0x6D, 0x9D, 0x77, 0xB5, 0xEB, 0xDC, 0xDC,
    0x63, 0x82, 0xE9, 0xB3, 0x21, 0x8D, 0x49, 0x3C, 0xBB, 0x7F, 0xBE, 0xDC, 0x36, 0x92, 0x4F, 0x6C,
    0x54, 0x52, 0xB5, 0x98, 0x30, 0x5F, 0xEF, 0x8D, 0x7C, 0x26, 0x4C, 0xC4, 0x75, 0x34, 0x25, 0x84,
    0x45, 0xCD, 0xAC, 0x25, 0x0F, 0x2C, 0x52, 0x50, 0x58, 0x72, 0x40, 0x5A, 0x02, 0x73, 0x76, 0xA4,
    0x5A, 0x22, 0x9B, 0x30, 0x91, 0x66, 0x40, 0x1D, 0x53, 0xC9, 0xB3, 0xA0, 0xA8, 0x62, 0x08, 0xB1,
    0x32, 0x49, 0x9D, 0xFA, 0x45, 0x8A, 0x8A, 0xB0, 0xA4, 0x6B, 0xFD, 0xF4, 0xF6, 0x25, 0x5F, 0xFB,
    0xD0, 0x09, 0x6D, 0xD4, 0x68, 0xBE, 0x39, 0xB1, 0xEA, 0xC4, 0x49, 0x95, 0x9A, 0x9A, 0xC9, 0x4D,
    0xF9, 0x78, 0xFE, 0xDB, 0x79, 0xF6, 0xED, 0x73, 0x9D, 0xF3, 0x55, 0xDD, 0x30, 0xB2, 0xDC, 0xDA,
    0x03, 0x23, 0x42, 0x33, 0xB1, 0xE9, 0x36, 0x65, 0xDE, 0xD9, 0xBA, 0x62, 0x42, 0x28, 0x56, 0x31,
    0x8F, 0x2B, 0x80, 0xB4, 0x10, 0x30, 0xA7, 0x62, 0x9B, 0xFA, 0xB0, 0x9F, 0xD7, 0x95, 0x44, 0x71,
    0xEB, 0xC0, 0x2B, 0xD9, 0x7C, 0xD4, 0xF9, 0x22, 0x98, 0xBE, 0xF1, 0x99, 0x44, 0xA2, 0x11, 0x34,
    0x9C, 0xF3, 0x0C, 0xDB, 0x6E, 0x7D, 0x86, 0xCF, 0xFF, 0x4C, 0xB6, 0x5C, 0xE8, 0x6E, 0x67, 0xB7,
    0xA5, 0x5D, 0x21, 0x75, 0x4E, 0xF2, 0x95, 0x54, 0xDF, 0xB8, 0x33, 0x9E, 0xF1, 0xCC, 0x03, 0xE8,
    0x14, 0x61, 0x31, 0xA7, 0x71, 0xA2, 0x2D, 0x19, 0x93, 0x13, 0xEF, 0x4D, 0x3B, 0xDB, 0xEF, 0xEF,
    0x4C, 0x6B, 0xDF, 0xE9, 0xBE, 0x00, 0x2C, 0x3C, 0x9E, 0x24, 0x52, 0x4C, 0x34, 0x43, 0xA6, 0xB6,
    0x9A, 0xF3, 0x80, 0x2B, 0xB9, 0x27, 0x2B, 0x59, 0x00, 0xD3, 0xCE, 0xF6, 0x60, 0x6B, 0x96, 0x2E,
    0x2A, 0xE0, 0x26, 0x20, 0xC2, 0x66, 0x80, 0xB4, 0x5F, 0x87, 0xE5, 0xDD, 0x3A, 0xAC, 0xF0, 0xEB,
    0x30, 0x07, 0xDC, 0x0C, 0x8C, 0xB0, 0x89, 0x90, 0x2C, 0x43, 0xC3, 0x79, 0x56, 0x04, 0xAA, 0x75,
    0x18, 0x6F, 0xE1, 0x26, 0x2C, 0x66, 0x96, 0xE5, 0xA6, 0xB9, 0x76, 0xFA, 0x0D, 0xD2, 0x09, 0xEA,
    0xD9, 0x3E, 0x90, 0x9E, 0xF4, 0x52, 0x5F, 0x7C, 0xE0, 0x3D, 0x03, 0x95, 0x44, 0x7F, 0x2C, 0xAF,
    0x97, 0xDB, 0x09, 0xDB, 0xAD, 0x8B, 0x26, 0x98, 0xE0, 0xE2, 0x76, 0x0B, 0x05, 0x0D, 0xFD, 0xAC,
    0x3D, 0x1E, 0x85, 0xA1, 0x60, 0xA2, 0xE7, 0x62, 0x97, 0xF6, 0x61, 0x9F, 0xC4, 0x46, 0x72, 0xB1,
    0x51, 0x8D, 0x6B, 0xC9, 0x03, 0x9F, 0xBF, 0x22, 0x91, 0xCF, 0x27, 0x8A, 0x61, 0x69, 0x10, 0x64,
    0x63, 0x1A, 0xD6, 0xDB, 0xA8, 0x76, 0xB9, 0x8D, 0x37, 0xED, 0x8C, 0x3C, 0x0F, 0x95, 0xF2, 0xC6,
    0x9B, 0xDA, 0x72, 0x09, 0xA4, 0x82, 0xEA, 0xE9, 0x93, 0x2D, 0xF5, 0xE3, 0x58, 0x79, 0xFD, 0x7C,
    0xA8, 0x7C, 0xF5, 0xCC, 0x60, 0x4B, 0x4C, 0x0B, 0x5A, 0x15, 0x9A, 0x60, 0xBB, 0xD3, 0xF7, 0x0E,
    0x70, 0xD2, 0x1F, 0x85, 0x8F, 0x5E, 0xEC, 0x9C, 0xE7, 0x7E, 0x8E, 0x40, 0x41, 0x81, 0x13, 0x5A,
    0x48, 0x5A, 0xB2, 0xDB, 0xBF, 0xEF, 0x0B, 0xBD, 0xAF, 0xDE, 0xB5, 0x2A, 0xB7, 0x47, 0x46, 0x78,
    0x0B, 0x2B, 0x45, 0x09, 0xCE, 0xAF, 0x2E, 0x4A, 0xB2, 0x3E, 0xF3, 0x66, 0x32, 0xDE, 0x4A, 0xF5,
    0x6E, 0x21, 0xB6, 0x9B, 0x78, 0xCE, 0x18, 0xA0, 0x98, 0x8E, 0x55, 0x8A, 0xD7, 0x1E, 0xE8, 0x01,
    0xD3, 0x1D, 0x76, 0xE3, 0x91, 0xBD, 0x2A, 0x7E, 0x33, 0x0B, 0x2C, 0xF8, 0x67, 0x91, 0xF9, 0x6B,
    0xB1, 0x12, 0x85, 0x44, 0x3A, 0x97, 0xA9, 0x9F, 0xC5, 0xCA, 0xE5, 0xD8, 0xBA, 0xEA, 0x0C, 0xAB,
    0x5A, 0x46, 0x6C, 0x9B, 0x75, 0xB6, 0x1D, 0x69, 0xC9, 0xAB, 0x31, 0xC6, 0xD1, 0xE5, 0x89, 0xAE,
    0x28, 0x34, 0x38, 0x8D, 0x37, 0x73, 0x2C, 0xEE, 0x17, 0xCF, 0xD3, 0xA5, 0x08, 0xF6, 0xB9, 0xEC,
    0x3E, 0xBB, 0x37, 0x16, 0xBD, 0xE9, 0xEC, 0xF0, 0xC8, 0xBD, 0x4B, 0xEE, 0xC8, 0x15, 0x79, 0xAB,
    0x32, 0xA2, 0x32, 0x6F, 0xB9, 0xE2, 0xCC, 0x95, 0x5A, 0x5E, 0xC2, 0x48, 0xC4, 0xFE, 0x26, 0x92,
    0xFD, 0xFE, 0x9F, 0xD8, 0x5B, 0x7F, 0xCD, 0x94, 0x3F, 0x93, 0xD6, 0x64, 0xF5, 0x3B, 0x68, 0xB0,
    0xB5, 0xF1, 0xC6, 0xDB, 0xBA, 0xE1, 0x1D, 0xA7, 0xFD, 0x39, 0x52, 0x7F, 0xFF, 0x9F, 0xB8, 0x68,
    0x07, 0x13, 0x1E, 0x75, 0xED, 0x65, 0xF7, 0x59, 0xBE, 0x04, 0x95, 0x26, 0xC2, 0x11, 0x43, 0xD8,
    0xE6, 0x4B, 0xBE, 0xD4, 0x29, 0x6E, 0x19, 0xB8, 0x03, 0x87, 0xB0, 0xD1, 0x45, 0x9E, 0xCC, 0x5B,
    0x78, 0x81, 0xAB, 0x81, 0x24, 0x16, 0x3D, 0x50, 0xF4, 0xB9, 0xAE, 0x60, 0x47, 0x5D, 0xAA, 0x85,
    0x9A, 0x46, 0xD2, 0x04, 0xB9, 0xA4, 0x0E, 0x78, 0xB5, 0xFE, 0x0A, 0xFF, 0xEF, 0x84, 0x15, 0x9D,
    0xE4, 0xEC, 0x6A, 0x73, 0x5B, 0x09, 0x7B, 0xA9, 0x34, 0x5D, 0xB1, 0x89, 0x46, 0x0B, 0x83, 0xD5,
    0x42, 0x70, 0xF5, 0x8E, 0xA4, 0x76, 0x17, 0x36, 0x5F, 0x99, 0x80, 0x03, 0xFA, 0x03, 0x90, 0xAD,
    0x8B, 0x57, 0x92, 0x46, 0x36, 0xEB, 0xC6, 0x99, 0xAE, 0xE1, 0x1E, 0xEA, 0xCC, 0x00, 0xD8, 0x60,
    0x3D, 0x90, 0x0D, 0x0F, 0x63, 0xE1, 0xB3, 0x9C, 0xC6, 0x23, 0xD6, 0xCC, 0x96, 0xD2, 0x42, 0xA7,
    0x35, 0x5B, 0x1B, 0x59, 0xE0, 0x21, 0xAC, 0x70, 0xA0, 0xDB, 0x8D, 0x6C, 0x0F, 0xC4, 0x6B, 0xB7,
    0x61, 0x3B, 0xC5, 0x87, 0xDD, 0x13, 0x6C, 0xBF, 0xBF, 0xD7, 0x3F, 0x52, 0xE3, 0x7F, 0x9E, 0x77,
    0x2D, 0x2E, 0x5E, 0xFE, 0x87, 0x10, 0x08, 0x2B, 0x79, 0xE7, 0xE2, 0x60, 0x83, 0x09, 0x66, 0xB0,
    0xD5, 0x68, 0xFA, 0xB0, 0x5D, 0xD5, 0xEF, 0x29, 0xBA, 0xD7, 0xE4, 0x7F, 0x70, 0xFD, 0x40, 0x98,
    0x35, 0x50, 0x0D, 0x45, 0xC0, 0x2C, 0x3A, 0xF0, 0x91, 0x4A, 0x27, 0xE7, 0xA8, 0xF8, 0xF5, 0xD2,
    0xFF, 0xDF, 0x4E, 0x71, 0xD8, 0x0B, 0xDB, 0x13, 0xFA, 0x5D, 0x77, 0x2D, 0x92, 0x18, 0x8E, 0x15,
    0x84, 0xAD, 0x39, 0xC7, 0xBF, 0x6B, 0xD5, 0x45, 0xC2, 0x49, 0x1D, 0xA4, 0xF2, 0xF2, 0x5B, 0x56,
    0x39, 0x5F, 0xF8, 0x97, 0xEC, 0x94, 0x37, 0x1A, 0xB6, 0x05, 0x8F, 0x3C, 0x42, 0xB1, 0xC5, 0x5C,
    0x4B, 0x16, 0x48, 0x3B, 0x6C, 0xEE, 0xF3, 0x8F, 0x90, 0x8E, 0x6C, 0x22, 0xE9, 0x84, 0xF9, 0x50,
    0x69, 0x33, 0xFF, 0x3F, 0xD5, 0x77, 0x3D, 0xB3, 0xE5, 0xD8, 0x75, 0xDD, 0xB9, 0x17, 0xD4, 0xBB,
    0xE6, 0xA0, 0x44, 0x30, 0xA0, 0xEC, 0xB2, 0xDA, 0x25, 0x28, 0x50, 0xA4, 0x52, 0x09, 0x09, 0x13,
    0x56, 0x91, 0x02, 0x46, 0x0C, 0x18, 0x30, 0x18, 0x06, 0x76, 0xE4, 0xC0, 0x0A, 0x14, 0xF8, 0x43,
    0x55, 0xED, 0xD0, 0x81, 0x48, 0x40, 0x64, 0xE8, 0x80, 0xFD, 0x0F, 0xCC, 0x80, 0xAE, 0x92, 0x94,
    0x88, 0x81, 0x03, 0xA9, 0x4A, 0x22, 0xD0, 0xFD, 0x82, 0x09, 0x26, 0x68, 0x48, 0x0C, 0x14, 0x36,
    0x28, 0xB6, 0x4A, 0x72, 0x29, 0x68, 0x0C, 0x07, 0xD6, 0xE0, 0x4D, 0x03, 0x38, 0x5E, 0x6B, 0xED,
    0x83, 0xFB, 0xF1, 0xDE, 0x7D, 0xDD, 0xEF, 0xF5, 0xCC, 0x90, 0xD4, 0xED, 0x77, 0xF7, 0x46, 0x5F,
    0x9C, 0x8F, 0x7D, 0xF6, 0xD9, 0x7B, 0xED, 0xB5, 0xB3, 0xD9, 0xB9, 0x9D, 0x77, 0x6E, 0xE3, 0x2B,
    0xE7, 0xCA, 0xD6, 0xB9, 0xA4, 0x77, 0x6E, 0xFB, 0x7D, 0xB7, 0x7E, 0xBC, 0xF7, 0xFD, 0xC9, 0xB7,
    0xC1, 0x6F, 0xD7, 0xBF, 0xDE, 0xB7, 0xF8, 0x76, 0xFB, 0xEF, 0xB9, 0x31, 0x87, 0xB1, 0x27, 0xEB,
    0x25, 0x4D, 0xEE, 0x72, 0xAC, 0xBA, 0x7E, 0xF9, 0xFF, 0xE3, 0xCF, 0xA7, 0xBD, 0xBF, 0xA7, 0x70,
    0x37, 0xA5, 0x4B, 0x26, 0x6E, 0x7F, 0xAB, 0x9C, 0xEB, 0xE7, 0x90, 0x18, 0x5A, 0x48, 0xB6, 0x92,
    0x3D, 0x7E, 0x77, 0xF5, 0xC8, 0x31, 0xD9, 0x44, 0x79, 0xF3, 0x2F, 0x95, 0xCC, 0x39, 0x26, 0xF5,
    0x83, 0x64, 0x27, 0xD9, 0x50, 0x5E, 0xF1, 0xC4, 0xBD, 0xDB, 0xE2, 0x32, 0x76, 0x0B, 0xD6, 0x1F,
    0x9D, 0xCB, 0x70, 0x27, 0xBF, 0x59, 0x1C, 0xFB, 0x63, 0x3C, 0xFA, 0x0E, 0xAF, 0x3C, 0xEB, 0x1B,
    0x7C, 0xDD, 0xA6, 0x5E, 0x0A, 0x97, 0x61, 0x75, 0x6E, 0x35, 0x44, 0xBA, 0x23, 0x5F, 0x5D, 0xB4,
    0x19, 0xCF, 0x9D, 0xC3, 0x31, 0xAE, 0xEC, 0x20, 0xEA, 0xD6, 0x8C, 0x99, 0x29, 0x96, 0x63, 0xC1,
    0x45, 0x3C, 0xDF, 0xD6, 0x1C, 0x57, 0x72, 0x46, 0x3E, 0x40, 0x64, 0x33, 0xFD, 0xE6, 0x1F, 0x6D,
    0x7E, 0xB0, 0xE3, 0xA2, 0x1B, 0xF9, 0x2B, 0xF7, 0x3A, 0xEE, 0x47, 0x85, 0x4B, 0xFD, 0x23, 0x04,
    0x21, 0x16, 0x88, 0x29, 0x52, 0xEF, 0xE9, 0xC3, 0xCD, 0x9F, 0xDB, 0x96, 0xF9, 0x7E, 0x95, 0x1C,
    0x6E, 0xC1, 0x5B, 0x06, 0x2A, 0xF6, 0x76, 0xB0, 0x0F, 0xFB, 0xD5, 0xF0, 0x24, 0xE6, 0xD1, 0xC2,
    0xDA, 0xDE, 0x3B, 0x8B, 0x6A, 0xBC, 0x77, 0xDF, 0xA0, 0xF8, 0x61, 0x91, 0x2E, 0x18, 0x86, 0x21,
    0x10, 0x83, 0x2B, 0x79, 0x63, 0x17, 0xFE, 0x8A, 0x67, 0xBE, 0xDF, 0xBF, 0x6F, 0xEE, 0x5A, 0x9F,
    0xF4, 0xF6, 0x87, 0xE7, 0xFD, 0xBD, 0x24, 0xD3, 0x27, 0xF3, 0xF7, 0x89, 0x2D, 0xC4, 0x58, 0x1B,
    0x5D, 0x39, 0xD4, 0xBE, 0xAF, 0x7D, 0x5B, 0xFB, 0xE2, 0x21, 0x02, 0x16, 0xEE, 0xD6, 0xFD, 0xBC,
    0xF2, 0xA1, 0x71, 0x77, 0x7A, 0xF0, 0xCB, 0xFA, 0x80, 0x08, 0x0E, 0x0F, 0xD3, 0xFA, 0xE0, 0xC3,
    0xE0, 0x18, 0xF9, 0x51, 0xF2, 0x81, 0x21, 0xAD, 0x07, 0xFE, 0xD5, 0x37, 0x1E, 0xF4, 0xB7, 0xA1,
    0xAC, 0x6C, 0xF0, 0x16, 0x13, 0x35, 0x9D, 0x4B, 0x69, 0x41, 0xEE, 0xA7, 0x2D, 0xB8, 0x8B, 0x65,
    0x6A, 0xEB, 0xCC, 0x0C, 0x25, 0x8F, 0xFB, 0x04, 0xB4, 0x3E, 0x5D, 0xD0, 0x7E, 0xD5, 0x4D, 0xD0,
    0xBD, 0x8D, 0xAB, 0x07, 0xD3, 0xD9, 0x64, 0x3A, 0xB9, 0x45, 0xAF, 0xEF, 0x6D, 0xFC, 0x3A, 0x5F,
    0x60, 0x65, 0xDA, 0x99, 0x7E, 0xEE, 0xDE, 0x18, 0x84, 0xFE, 0xEC, 0x1F, 0x0D, 0x84, 0x2A, 0xC9,
    0x6E, 0x05, 0xA1, 0xC5, 0x95, 0xE3, 0x01, 0x6C, 0xDE, 0x24, 0x0A, 0xF3, 0x29, 0x24, 0xB0, 0xEA,
    0x42, 0xC4, 0xD4, 0x8D, 0x99, 0x7E, 0x6F, 0x3D, 0x3A, 0x01, 0xE7, 0xC6, 0x65, 0x23, 0x44, 0xC9,
    0x93, 0xF1, 0x58, 0x91, 0xAF, 0x7C, 0xB3, 0xE3, 0xC1, 0xB0, 0x08, 0x00, 0x7D, 0x80, 0xC0, 0x2A,
    0xFE, 0xB1, 0x57, 0x54, 0x14, 0xE1, 0xBA, 0xC2, 0x9D, 0xE2, 0xBF, 0x4F, 0x74, 0xF1, 0x74, 0x79,
    0x53, 0x72, 0x70, 0xC6, 0x69, 0x09, 0x51, 0x64, 0x87, 0xAB, 0xC7, 0x7A, 0x0D, 0x07, 0x10, 0xD1,
    0xE5, 0xC5, 0x9C, 0x2E, 0x45, 0x26, 0x03, 0x3F, 0x75, 0x7E, 0xCA, 0xAD, 0x97, 0x2D, 0x75, 0x45,
    0x99, 0x29, 0x23, 0x2F, 0x4E, 0xAC, 0x34, 0x3B, 0xE5, 0xED, 0x5C, 0xB2, 0x94, 0x94, 0xFF, 0x37,
    0x92, 0x91, 0xE4, 0xEE, 0xA5, 0x0C, 0xFF, 0x80, 0x32, 0xFD, 0x09, 0x65, 0x7E, 0x29, 0xF9, 0x1D,
    0xCA, 0x3A, 0xA2, 0x5C, 0x28, 0x9F, 0xCC, 0x94, 0x97, 0x13, 0xE5, 0x7B, 0x03, 0xE5, 0xD3, 0x9E,
    0xF2, 0x45, 0x4B, 0xC9, 0xE5, 0x20, 0x0B, 0x49, 0x62, 0x0F, 0x8E, 0x4C, 0x39, 0x49, 0x8E, 0x94,
    0xC8, 0x84, 0x8C, 0x39, 0xD3, 0xB1, 0xE0, 0x66, 0xCA, 0xBB, 0x84, 0x3E, 0x01, 0xF8, 0x0E, 0xEE,
    0xCC, 0xA7, 0xEE, 0x79, 0x06, 0x80, 0x20, 0x6E, 0x03, 0x47, 0x47, 0x6E, 0xA4, 0x5A, 0x0D, 0x0E,
    0xD8, 0xCD, 0xAC, 0x14, 0x89, 0xFD, 0x77, 0xE4, 0x80, 0xCC, 0x06, 0x77, 0xC4, 0x68, 0xAE, 0x9F,
    0x77, 0xC8, 0x32, 0x97, 0xF5, 0x70, 0xB7, 0x4B, 0x3E, 0xE2, 0x2E, 0xB1, 0x52, 0x37, 0x12, 0x5E,
    0x46, 0x9E, 0xAE, 0xDC, 0x78, 0xED, 0xCB, 0x90, 0x0B, 0xE0, 0xBD, 0xE3, 0xBD, 0x9B, 0x51, 0x02,
    0x5A, 0x48, 0x0E, 0x89, 0x97, 0xC2, 0xFC, 0x29, 0xE0, 0xFD, 0x54, 0xC5, 0x99, 0x8F, 0x7C, 0x77,
    0x56, 0x08, 0x14, 0x82, 0xDC, 0x86, 0xE3, 0xE9, 0xE5, 0xA2, 0x03, 0x4F, 0x3A, 0x0D, 0x83, 0x07,
    0xA0, 0x28, 0xA7, 0x0F, 0x74, 0x50, 0xDE, 0xB3, 0xB0, 0x94, 0x5D, 0x36, 0xD0, 0x59, 0x80, 0x4B,
    0x0B, 0x5C, 0x38, 0x31, 0x9E, 0xB1, 0x8C, 0xD7, 0xCD, 0x71, 0x5F, 0x56, 0x2C, 0x5F, 0xC4, 0x02,
    0x03, 0xA6, 0x07, 0x02, 0x84, 0xB2, 0x65, 0x1C, 0xD6, 0x3D, 0x0B, 0x53, 0xDE, 0xB3, 0xD2, 0xE5,
    0x23, 0xB1, 0x10, 0x89, 0x1F, 0x0A, 0xE3, 0x89, 0x68, 0x9C, 0x3B, 0x2F, 0x54, 0x87, 0x42, 0xD6,
    0xCF, 0x01, 0xEC, 0x00, 0x7D, 0x15, 0x81, 0xB0, 0xB1, 0x04, 0x39, 0x12, 0xFA, 0x4D, 0xC0, 0x68,
    0x08, 0x35, 0xAF, 0x73, 0x17, 0xA5, 0x57, 0x15, 0x40, 0x72, 0xC5, 0x2F, 0x25, 0xE4, 0xCD, 0x55,
    0x76, 0x5A, 0x40, 0x35, 0x7B, 0x38, 0xEC, 0xAB, 0x2D, 0x09, 0x4F, 0x35, 0x53, 0x8E, 0x7C, 0xEC,
    0x48, 0xD4, 0x3D, 0xDF, 0x76, 0x7B, 0x44, 0x2C, 0xD6, 0x8D, 0x1E, 0x7D, 0xFA, 0xAC, 0x24, 0x37,
    0x3C, 0x3C, 0xAF, 0x7A, 0xF1, 0x83, 0x37, 0x56, 0x9D, 0xB3, 0x28, 0x30, 0xD5, 0x4A, 0xD5, 0x8D,
    0x94, 0x8E, 0x8E, 0x78, 0x28, 0xA8, 0x18, 0x68, 0x79, 0xEF, 0x4E, 0x6A, 0xC2, 0x75, 0x65, 0x97,
    0xFA, 0x2A, 0xF5, 0x33, 0xE2, 0xB5, 0x39, 0xB9, 0x25, 0x39, 0xD0, 0x1E, 0xD3, 0xE3, 0x25, 0x30,
    0xCF, 0xC8, 0x17, 0x78, 0x28, 0x7B, 0xB7, 0xC2, 0x34, 0x63, 0x38, 0x01, 0x9A, 0x55, 0xE4, 0x58,
    0xC9, 0x24, 0xE2, 0x94, 0x4C, 0xFC, 0x27, 0x20, 0x48, 0x26, 0x31, 0xAF, 0x28, 0xD4, 0x24, 0x2B,
    0x93, 0xCD, 0xF1, 0xC3, 0xFE, 0xD5, 0x7E, 0x70, 0xB2, 0x24, 0x93, 0x18, 0x63, 0xC6, 0x75, 0x98,
    0x8F, 0xA5, 0x56, 0x06, 0x7A, 0xF8, 0x2E, 0x99, 0x10, 0xC3, 0xC8, 0x2F, 0xED, 0xDE, 0x05, 0x7B,
    0x80, 0x71, 0x89, 0xAC, 0x45, 0xE9, 0x49, 0x67, 0x55, 0xAF, 0xD9, 0x78, 0x32, 0xF0, 0x4A, 0x6F,
    0x89, 0x71, 0xD5, 0xA6, 0x86, 0x99, 0xA2, 0xA7, 0xBC, 0x7D, 0xF2, 0x44, 0x5F, 0x7D, 0xAE, 0xD8,
    0x9D, 0xA6, 0x94, 0x8A, 0x56, 0xAC, 0x22, 0x23, 0xAE, 0xF0, 0x88, 0xE2, 0x39, 0xC5, 0x2C, 0x76,
    0x58, 0x38, 0x51, 0xEC, 0xEB, 0x99, 0x08, 0x8B, 0xBE, 0x82, 0x69, 0x85, 0x56, 0xCE, 0x39, 0x37,
    0x67, 0x51, 0xBD, 0x08, 0x14, 0xE3, 0x17, 0xAA, 0x84, 0x6C, 0xE0, 0x13, 0x3A, 0xD3, 0xC9, 0xA5,
    0xDF, 0xE6, 0x95, 0x95, 0xE1, 0x74, 0xA3, 0x5B, 0x8F, 0xF7, 0x0B, 0x5C, 0x02, 0x7F, 0x7E, 0xD4,
    0x61, 0xED, 0x3B, 0xAE, 0xCB, 0x8F, 0xF1, 0x57, 0x4A, 0xD6, 0x26, 0x85, 0x23, 0x9E, 0x12, 0x50,
    0x4A, 0xE4, 0x34, 0xFC, 0xC4, 0x85, 0x50, 0x12, 0x42, 0x78, 0x4F, 0x90, 0x2A, 0x40, 0xBC, 0xAD,
    0x18, 0x29, 0x4B, 0xE6, 0xEF, 0xF5, 0x86, 0x6A, 0x21, 0x2D, 0xB0, 0xD1, 0x54, 0x85, 0x14, 0x18,
    0x4E, 0x0D, 0x77, 0x91, 0x45, 0x63, 0x5E, 0xDE, 0x4A, 0x65, 0xDD, 0x76, 0x86, 0x4A, 0xFB, 0x68,
    0xCA, 0xD9, 0x93, 0x48, 0xC5, 0x63, 0x3C, 0x40, 0xED, 0xA6, 0x04, 0x05, 0xCE, 0x47, 0x41, 0xCD,
    0x59, 0x0B, 0xB5, 0xF1, 0x39, 0x98, 0x04, 0xFC, 0x5C, 0x9A, 0x42, 0xB8, 0x43, 0xD5, 0x9E, 0xB6,
    0x30, 0x38, 0xA4, 0x66, 0x29, 0x78, 0x94, 0x2A, 0x9D, 0x0C, 0xFF, 0x3F, 0x5E, 0xED, 0x7E, 0x43,
    0x1A, 0x80, 0x48, 0xBE, 0x32, 0xFC, 0x6F, 0xD9, 0x1E, 0xC2, 0x5D, 0x3B, 0xD5, 0xAD, 0x04, 0x1C,
    0x48, 0x16, 0x46, 0x8A, 0x15, 0x06, 0x01, 0x61, 0xBB, 0x63, 0x5F, 0x5A, 0x76, 0xA4, 0x30, 0xB2,
    0xF9, 0xBC, 0xD4, 0x5B, 0x1B, 0xA9, 0x59, 0xAD, 0xAD, 0xA0, 0xD5, 0x2A, 0x5B, 0x79, 0xA7, 0x9A,
    0x68, 0x3B, 0xDA, 0xEE, 0x66, 0x09, 0x4F, 0x32, 0x5D, 0x17, 0xCD, 0xCA, 0xF9, 0x3F, 0x45, 0x11,
    0x36, 0x6F, 0x55, 0x6B, 0x43, 0x8D, 0x6F, 0x52, 0x0B, 0x77, 0x67, 0x09, 0x77, 0x24, 0x62, 0x8A,
    0x6C, 0xDE, 0x73, 0x01, 0xD5, 0xF8, 0x26, 0x50, 0x8D, 0x5B, 0x89, 0xC8, 0x19, 0x01, 0x4A, 0xFA,
    0x51, 0x41, 0xC0, 0xED, 0xE9, 0x8B, 0x9E, 0x6E, 0x69, 0x13, 0x5F, 0x5D, 0x70, 0x71, 0x96, 0x0B,
    0xE2, 0x4E, 0x1F, 0x7A, 0x05, 0x63, 0x8E, 0x67, 0x97, 0xE2, 0x0B, 0x3A, 0xDC, 0x06, 0x6B, 0x5A,
    0x66, 0xAC, 0xB2, 0xDA, 0x74, 0x5C, 0xB4, 0xDB, 0xA8, 0x81, 0x91, 0xA7, 0xE9, 0x68, 0x1F, 0x0A,
    0xD9, 0xB1, 0xB0, 0xB6, 0xE7, 0xD3, 0x15, 0xBF, 0x68, 0x54, 0x7B, 0xE5, 0xB7, 0x41, 0x5D, 0x88,
    0xE6, 0x21, 0x5D, 0xE9, 0x0E, 0x25, 0xDA, 0xAC, 0xA6, 0x0F, 0x69, 0x9C, 0x2D, 0x5F, 0xF5, 0x3B,
    0x62, 0x21, 0x03, 0xA0, 0xAD, 0x3B, 0x28, 0xB0, 0x38, 0xE2, 0x31, 0xE3, 0xFE, 0x9C, 0xB2, 0x77,
    0x61, 0x64, 0x6E, 0xF3, 0xC2, 0x2A, 0x61, 0xCD, 0xB0, 0x03, 0xCA, 0x85, 0xEA, 0xFB, 0x45, 0xAD,
    0x64, 0x3C, 0x35, 0xC9, 0x14, 0xF9, 0x70, 0x3E, 0xB0, 0xE6, 0x72, 0xBD, 0x42, 0x75, 0xA5, 0xD1,
    0x43, 0x47, 0x3E, 0x41, 0x5E, 0xC1, 0x41, 0xD9, 0xC8, 0xB6, 0x8D, 0xD4, 0x2A, 0x0A, 0x39, 0x65,
    0x75, 0x58, 0x2B, 0x95, 0xEA, 0xE7, 0xE4, 0xB1, 0x0D, 0x41, 0xCF, 0x30, 0x00, 0x8E, 0x20, 0x54,
    0xA6, 0x22, 0x16, 0xF9, 0x40, 0x56, 0x51, 0x77, 0xC0, 0xF9, 0x8D, 0x80, 0x1E, 0x5B, 0x6C, 0x15,
    0xEE, 0xE2, 0x15, 0xA4, 0x19, 0xE4, 0xE4, 0xB9, 0x25, 0x8D, 0xFB, 0x39, 0xC8, 0x3D, 0x2C, 0x9C,
    0x4A, 0xB7, 0x06, 0xD9, 0xAD, 0xD2, 0xB9, 0xFB, 0x01, 0x42, 0x07, 0x51, 0x8F, 0xEE, 0xE1, 0xC4,
    0xFA, 0x35, 0x91, 0x08, 0x4D, 0x3B, 0xED, 0xF4, 0x70, 0x79, 0xE7, 0x7E, 0x51, 0xAF, 0x42, 0xBA,
    0xB6, 0x06, 0xBF, 0x88, 0xFA, 0x84, 0x64, 0x9F, 0xD1, 0x4D, 0x20, 0xEA, 0xFF, 0x92, 0x1E, 0xAE,
    0x1D, 0xE2, 0xDC, 0xC3, 0x81, 0xBA, 0xBD, 0xC1, 0x43, 0x20, 0xBF, 0x67, 0xE4, 0xED, 0x71, 0x28,
    0xA6, 0x9C, 0x88, 0x68, 0x25, 0x32, 0x20, 0x09, 0xB0, 0xBB, 0xA9, 0xD5, 0x4E, 0x64, 0xA2, 0xE3,
    0xE9, 0x74, 0x68, 0x2A, 0xEC, 0xCF, 0x7E, 0xB1, 0xB7, 0x1C, 0x69, 0xB3, 0xF6, 0x2B, 0x68, 0xB5,
    0xE7, 0xEE, 0x0E, 0xCD, 0xD1, 0x79, 0x65, 0x45, 0x4B, 0xF5, 0x41, 0x6A, 0x0A, 0x31, 0xA1, 0x21,
    0x0F, 0x48, 0xF6, 0xD8, 0x98, 0x56, 0x54, 0x1B, 0x8A, 0x10, 0x3C, 0x7B, 0x15, 0x7E, 0x0C, 0x43,
    0x62, 0x4D, 0x08, 0xD3, 0xF7, 0x8B, 0xF5, 0x52, 0xCB, 0x69, 0xA3, 0xF6, 0x1A, 0x11, 0x4A, 0x72,
    0xB7, 0xAF, 0xB2, 0x5C, 0x52, 0xF6, 0x68, 0xAB, 0xCD, 0xDE, 0x04, 0xB7, 0xB7, 0x42, 0x2F, 0x68,
    0x81, 0x06, 0x87, 0x69, 0xBD, 0x71, 0xDB, 0x4D, 0xBD, 0x90, 0xE8, 0x01, 0xFC, 0x73, 0xFE, 0x3F,
    0x23, 0x00, 0xAF, 0xAD, 0x8D, 0xCA, 0x2B, 0x61, 0xD3, 0x65, 0xAC, 0x0D, 0xE9, 0xC8, 0x72, 0x39,
    0x5D, 0x13, 0x27, 0x69, 0x9D, 0x8E, 0xEB, 0x60, 0x4D, 0xF3, 0xDD, 0x97, 0x50, 0x68, 0x1A, 0x62,
    0x05, 0xFB, 0x9B, 0xD9, 0x36, 0x5A, 0x5B, 0x9B, 0x0B, 0x75, 0x47, 0x6C, 0x0B, 0x04, 0xDD, 0xDB,
    0xE0, 0xEB, 0xD8, 0xB8, 0x06, 0xAA, 0x41, 0x01, 0x4A, 0x28, 0x82, 0x24, 0x62, 0x91, 0xF7, 0x46,
    0xE1, 0x51, 0xCC, 0xB7, 0x3C, 0x2E, 0xAC, 0x43, 0x35, 0x14, 0x3B, 0x31, 0x6F, 0x36, 0x67, 0x75,
    0x53, 0xAF, 0xDA, 0xC6, 0x35, 0x65, 0xAB, 0x79, 0x5C, 0x4F, 0xEB, 0xAC, 0xEB, 0x32, 0x9E, 0xBC,
    0xED, 0x5B, 0xCE, 0xD6, 0x9C, 0xC8, 0x8E, 0x4D, 0xB0, 0x8B, 0xC6, 0x17, 0x7B, 0xBB, 0xE1, 0xB8,
    0xD0, 0x09, 0xAA, 0x4E, 0xE9, 0x22, 0xB6, 0x2C, 0x6E, 0x11, 0xCB, 0x43, 0xC4, 0x06, 0xE4, 0x20,
    0x70, 0x01, 0x11, 0x38, 0xB0, 0x6A, 0x1E, 0x07, 0xD3, 0xCB, 0x22, 0x7B, 0xAA, 0xA6, 0x38, 0x5E,
    0x44, 0xC2, 0xCB, 0xC2, 0x38, 0x72, 0x88, 0x9A, 0x1A, 0x2D, 0x85, 0x69, 0x3B, 0x0E, 0x02, 0x11,
    0x88, 0xBC, 0x98, 0xA2, 0xEE, 0x2B, 0xE5, 0xF5, 0xA5, 0x74, 0x7E, 0x42, 0xAF, 0xBE, 0x55, 0x24,
    0x7E, 0x2D, 0x89, 0x14, 0xB5, 0xD6, 0xB4, 0x76, 0x12, 0xE6, 0x0D, 0x61, 0xB9, 0x63, 0x9A, 0xD6,
    0xA5, 0xC1, 0x94, 0xDC, 0xCF, 0x3C, 0x46, 0x4F, 0xCE, 0x5B, 0xD4, 0x4C, 0xC8, 0x5F, 0xC1, 0xF7,
    0xA1, 0x67, 0x4F, 0x67, 0x4B, 0xA9, 0x1E, 0x17, 0xB1, 0xFF, 0xE8, 0x1B, 0x2E, 0x59, 0xF6, 0xD7,
    0xCB, 0xD0, 0x28, 0x1F, 0xC3, 0xA7, 0xF5, 0x53, 0x58, 0xE0, 0xEB, 0xE0, 0x82, 0xC6, 0x8F, 0xF0,
    0x02, 0x83, 0x8B, 0x74, 0x58, 0x7D, 0x56, 0x7E, 0x24, 0x6A, 0x0A, 0x5C, 0x40, 0xD9, 0x11, 0x8D,
    0xDA, 0x0C, 0x83, 0x55, 0xF5, 0x11, 0x70, 0x9E, 0xC5, 0x95, 0x1C, 0xE4, 0xC1, 0xA2, 0xB6, 0xAB,
    0xD8, 0x73, 0xCE, 0x79, 0x8D, 0xF2, 0xF8, 0x70, 0x84, 0x65, 0x1F, 0xC7, 0x8F, 0x8E, 0xB3, 0xC1,
    0x5A, 0xB1, 0xD3, 0xA3, 0x72, 0xE5, 0x93, 0xA0, 0xD7, 0xCA, 0xD5, 0xD1, 0xB7, 0xB0, 0x50, 0x79,
    0xB3, 0xAF, 0x2D, 0x7B, 0x4E, 0x2A, 0x07, 0xEE, 0x20, 0x37, 0x92, 0xDB, 0x85, 0x32, 0x62, 0x13,
    0xE4, 0xE2, 0x69, 0x8F, 0xD6, 0xCD, 0x19, 0xD9, 0xAC, 0x80, 0x71, 0x4E, 0x06, 0x1C, 0xA6, 0x17,
    0x37, 0xB4, 0x23, 0xE6, 0xD1, 0x15, 0xA7, 0xF9, 0x08, 0xEA, 0x52, 0x82, 0xF3, 0x56, 0xF5, 0x5A,
    0xE0, 0x6E, 0x88, 0xE6, 0x94, 0x32, 0xCF, 0xEE, 0x81, 0xCD, 0x55, 0x38, 0x6D, 0x84, 0x18, 0x0F,
    0xFC, 0xF7, 0x98, 0xEC, 0x39, 0xB8, 0x79, 0xB5, 0xA3, 0xD1, 0xEA, 0x97, 0xD0, 0xD0, 0xC1, 0x6A,
    0xA5, 0x29, 0x41, 0x80, 0x17, 0xCC, 0x03, 0x66, 0x83, 0x2E, 0x1D, 0x13, 0x10, 0x01, 0x95, 0x53,
    0xD0, 0x33, 0x4C, 0xB7, 0x01, 0x3A, 0x22, 0xA3, 0x7A, 0x5A, 0x5F, 0x5C, 0x74, 0xCE, 0xDF, 0xE7,
    0xB8, 0x7C, 0xB4, 0x8E, 0xA9, 0xEC, 0x6D, 0x1D, 0x8F, 0x2E, 0x12, 0x50, 0xCF, 0xBE, 0xAB, 0x27,
    0x2B, 0xA6, 0xCB, 0x70, 0xB9, 0x89, 0xED, 0x5F, 0x65, 0x66, 0x4F, 0xB3, 0xA9, 0x85, 0x31, 0x2D,
    0x12, 0x6C, 0x60, 0x7E, 0x7C, 0x56, 0x14, 0x91, 0xD0, 0x94, 0x11, 0xBC, 0x70, 0xF6, 0xA5, 0x80,
    0xAE, 0xE4, 0x19, 0x27, 0x5E, 0xA8, 0xF7, 0x5F, 0x44, 0x53, 0x87, 0x79, 0x23, 0xBE, 0x3D, 0xBE,
    0xCD, 0x05, 0x9B, 0x01, 0x84, 0x90, 0x90, 0xBB, 0x61, 0x8C, 0x42, 0xA4, 0x14, 0xB9, 0x20, 0x44,
    0xD8, 0x8E, 0xBF, 0xC7, 0x33, 0xC4, 0x25, 0xB8, 0x8C, 0x7F, 0x77, 0x80, 0x78, 0x8A, 0x28, 0xF7,
    0xCF, 0x5A, 0x7B, 0xD7, 0x78, 0xC3, 0x7C, 0xBA, 0x9A, 0x51, 0x69, 0xA0, 0x4F, 0x44, 0x11, 0xEE,
    0x5F, 0x7C, 0xFF, 0xE2, 0xFB, 0xB8, 0x68, 0x70, 0xFA, 0xDD, 0x9C, 0x0E, 0x74, 0x84, 0x22, 0xA7,
    0x09, 0x3D, 0xCA, 0xA1, 0xA0, 0x7E, 0xBA, 0x66, 0x84, 0x3A, 0x11, 0x71, 0x10, 0xB3, 0x8A, 0x30,
    0x28, 0x4C, 0x14, 0x60, 0xFA, 0xC7, 0xB8, 0x0C, 0xDD, 0x8C, 0xAE, 0xC9, 0x6A, 0x95, 0x60, 0xF0,
    0x89, 0x4D, 0x24, 0x30, 0x96, 0x03, 0x67, 0xEC, 0xB3, 0x2F, 0x74, 0x86, 0x5A, 0xB9, 0x5B, 0x93,
    0xEE, 0x54, 0x28, 0xBA, 0x5F, 0x25, 0x36, 0x7B, 0xA1, 0xB4, 0xD8, 0x31, 0x2B, 0xFC, 0xB4, 0x17,
    0xBD, 0x53, 0x34, 0x41, 0x10, 0x34, 0x40, 0x76, 0x11, 0x4F, 0x93, 0x90, 0x0A, 0xB2, 0xDA, 0x51,
    0xC2, 0x61, 0x93, 0x7F, 0xD1, 0x24, 0x2F, 0x26, 0xFF, 0xAC, 0x4B, 0x9F, 0x4D, 0x70, 0x4A, 0xF6,
    0x74, 0xF2, 0xEF, 0xF5, 0xF9, 0x77, 0x27, 0xFF, 0xEE, 0x58, 0xBE, 0x33, 0xC1, 0x61, 0x35, 0x68,
    0xE8, 0x93, 0xC9, 0x43, 0x3E, 0xF6, 0x33, 0x29, 0xA9, 0x9F, 0x28, 0x6B, 0xC9, 0x72, 0xA0, 0x44,
    0xB8, 0x41, 0x66, 0x92, 0x69, 0x17, 0x68, 0xEB, 0x5D, 0xC4, 0xF9, 0xEC, 0x7A, 0x9D, 0x58, 0xF3,
    0x76, 0x60, 0x46, 0x2C, 0xCA, 0xBD, 0x22, 0x27, 0x4A, 0x96, 0xC4, 0xCB, 0x9A, 0xC8, 0x79, 0x0D,
    0x52, 0x8F, 0xC0, 0x95, 0x6F, 0x35, 0x4E, 0x33, 0x52, 0x83, 0xED, 0x6B, 0xB8, 0x1A, 0x70, 0xFA,
    0x58, 0x1C, 0xE1, 0xE5, 0xC7, 0x15, 0x6F, 0x33, 0x5C, 0xBE, 0x8B, 0xDD, 0x8E, 0xC8, 0xC9, 0xA0,
    0x7A, 0x83, 0x24, 0xF5, 0xED, 0xE6, 0x55, 0xC7, 0x6F, 0x59, 0x95, 0x99, 0xCC, 0x7E, 0x3C, 0x85,
    0xED, 0xA7, 0x5C, 0xEF, 0x09, 0x57, 0xBE, 0x23, 0x47, 0x02, 0x44, 0x3D, 0xDA, 0x58, 0x67, 0x32,
    0xB2, 0x54, 0x02, 0xC6, 0x7E, 0x8F, 0x78, 0x46, 0x3E, 0x63, 0x6C, 0xE1, 0xF4, 0xCB, 0xDF, 0xF9,
    0x1E, 0xE3, 0xBE, 0x80, 0xF1, 0xD8, 0x9E, 0x55, 0x0C, 0x39, 0x82, 0x75, 0xFC, 0xB5, 0x4F, 0x00,
    0x8C, 0x37, 0xFA, 0xA2, 0x97, 0x44, 0x72, 0x90, 0xCF, 0xCC, 0x2B, 0x8D, 0x9D, 0x09, 0x50, 0x40,
    0xD1, 0x8C, 0x08, 0xE0, 0x8C, 0x92, 0xB0, 0xB6, 0xFA, 0xAA, 0x6C, 0x57, 0x4C, 0x2F, 0x5B, 0x21,
    0xE2, 0x8F, 0x89, 0x8F, 0xD9, 0x4F, 0xD5, 0xF7, 0x7E, 0x48, 0x88, 0x48, 0x5E, 0x4E, 0x42, 0xCE,
    0x51, 0x38, 0x3A, 0x48, 0xF6, 0x6A, 0x63, 0x3B, 0x01, 0x47, 0xBB, 0xA7, 0xE6, 0x1B, 0xF5, 0xBB,
    0xE2, 0x07, 0x56, 0xC3, 0x13, 0xE3, 0x6D, 0x9A, 0x94, 0x68, 0xA0, 0x7E, 0x3E, 0xB4, 0x85, 0x77,
    0x56, 0x17, 0xA2, 0xEF, 0xE4, 0x09, 0x4B, 0x40, 0xF7, 0x56, 0xF4, 0x9B, 0x84, 0x12, 0x29, 0x55,
    0x4E, 0xF0, 0x6C, 0x32, 0xE1, 0x9C, 0x35, 0x92, 0x87, 0x00, 0xD3, 0x26, 0x93, 0xC2, 0xE5, 0x9C,
    0xB2, 0x77, 0x61, 0x64, 0x98, 0x17, 0x56, 0xD1, 0x9A, 0xBD, 0xEA, 0x05, 0xED, 0xB5, 0xFD, 0xD6,
    0xDD, 0xEF, 0x6D, 0xB5, 0x29, 0x60, 0x56, 0xA6, 0x2D, 0xD6, 0x10, 0x7D, 0x9B, 0x6C, 0xEF, 0x12,
    0xF0, 0x56, 0xFF, 0x03, 0x56, 0xCF, 0xE9, 0xA4, 0x94, 0x3E, 0x4A, 0xE8, 0xD7, 0x1D, 0xF7, 0xD5,
    0x53, 0x46, 0x97, 0x97, 0x02, 0xC4, 0xBF, 0x25, 0xF4, 0x7C, 0x9B, 0x3C, 0x8D, 0xD6, 0x2F, 0xE0,
    0x6E, 0xB8, 0x4F, 0x14, 0xAF, 0x01, 0xF7, 0xFA, 0x49, 0x26, 0x16, 0x33, 0xE1, 0x9A, 0x38, 0x21,
    0xDE, 0xD7, 0x84, 0x73, 0x77, 0x81, 0xA8, 0x96, 0x20, 0x3F, 0x10, 0x5C, 0x88, 0x4E, 0x24, 0x8B,
    0x22, 0x63, 0xA8, 0xA2, 0x7F, 0xFF, 0xBA, 0x2C, 0x93, 0x55, 0xC9, 0xF4, 0x33, 0x50, 0x7E, 0x7F,
    0xE2, 0x9B, 0xAA, 0xB1, 0x9C, 0xF9, 0x99, 0x6B, 0x7F, 0x44, 0xC7, 0xCE, 0xE8, 0xB5, 0x70, 0xDF,
    0x4D, 0xB3, 0xA2, 0xF6, 0x67, 0xA5, 0x35, 0x51, 0xAB, 0x24, 0x71, 0x25, 0xB9, 0x19, 0x9D, 0xB5,
    0x6A, 0x62, 0xF7, 0x05, 0xAB, 0xA3, 0x4A, 0xE1, 0x46, 0x35, 0x40, 0x7D, 0x4A, 0x78, 0xD6, 0xEF,
    0x36, 0x46, 0x25, 0x7C, 0x3F, 0xD7, 0x90, 0x54, 0xB5, 0xEC, 0x55, 0xD2, 0xFF, 0xA3, 0xF9, 0xBF,
    0x92, 0xEC, 0x25, 0xAD, 0x26, 0xAA, 0x3E, 0x26, 0x37, 0xA4, 0x7E, 0xB7, 0x31, 0xEB, 0xF8, 0x86,
    0xF2, 0x2A, 0xAC, 0x79, 0xF6, 0x4B, 0xA6, 0x05, 0x66, 0x46, 0xB2, 0x4F, 0x2E, 0xA8, 0xBA, 0x05,
    0x0E, 0xA1, 0xFE, 0x4B, 0x3A, 0x5D, 0xF4, 0xBB, 0xBD, 0xEF, 0x78, 0x72, 0x35, 0x60, 0xEA, 0xC6,
    0x32, 0x52, 0xFF, 0x84, 0xE7, 0xFA, 0xAC, 0x2B, 0xA7, 0x15, 0xC6, 0x76, 0xA2, 0xAA, 0x37, 0x44,
    0x40, 0xC0, 0x58, 0x00, 0x38, 0xBB, 0xDF, 0xE0, 0x0C, 0x35, 0xA4, 0x39, 0x57, 0xD1, 0x7A, 0x6B,
    0x4B, 0x5A, 0x8F, 0xCE, 0x3A, 0x51, 0xBA, 0x2A, 0xB7, 0xFE, 0xAF, 0xE6, 0x50, 0x52, 0x1E, 0x00,
    0x38, 0xCB, 0x11, 0x40, 0x9C, 0x58, 0xB1, 0x53, 0x99, 0x72, 0x96, 0xA4, 0x67, 0xD4, 0xA5, 0xA9,
    0x27, 0x36, 0xF2, 0xB1, 0xCD, 0x0B, 0xAB, 0x30, 0xF1, 0xC8, 0xC4, 0x32, 0xDB, 0x21, 0xEC, 0xA7,
    0xDD, 0x51, 0x7B, 0x02, 0x5D, 0x22, 0xE4, 0xF5, 0xB1, 0x3C, 0x4A, 0x2E, 0x24, 0xEA, 0x6D, 0xC2,
    0xEB, 0x92, 0xD7, 0x21, 0xC4, 0xC4, 0x9E, 0x1E, 0xE9, 0xC5, 0x9A, 0x01, 0x68, 0x60, 0x4F, 0x24,
    0x30, 0x11, 0xC9, 0xB9, 0xE6, 0x8A, 0x26, 0x03, 0x9B, 0xF0, 0xE2, 0x4F, 0x0B, 0x92, 0xF0, 0x66,
    0x65, 0xFA, 0xE4, 0xEC, 0x20, 0xA2, 0x8A, 0xC6, 0x63, 0xF6, 0x79, 0xBE, 0x8F, 0x88, 0xD8, 0x47,
    0xB8, 0x8F, 0xD3, 0x47, 0x78, 0x1E, 0xB0, 0x73, 0x9B, 0x29, 0x22, 0xA6, 0x27, 0xD3, 0x91, 0x70,
    0xFC, 0xED, 0x75, 0x16, 0xBC, 0x79, 0x27, 0xB3, 0x3B, 0xB6, 0xE0, 0xB9, 0x85, 0x84, 0x84, 0x32,
    0xF7, 0x9A, 0x38, 0xBC, 0x8D, 0xFC, 0xC5, 0x0C, 0x91, 0x31, 0x2E, 0x6B, 0xF3, 0xF8, 0x10, 0xF9,
    0xAE, 0x44, 0xC1, 0x02, 0x65, 0x86, 0x43, 0x54, 0xBA, 0xDE, 0x44, 0xDC, 0x44, 0xEF, 0x7C, 0x64,
    0x8D, 0x19, 0x28, 0x54, 0x6D, 0x70, 0x94, 0x74, 0xB6, 0xEB, 0x42, 0x0C, 0xB9, 0x84, 0xAF, 0x49,
    0x59, 0x50, 0xD4, 0xFF, 0xCB, 0x8A, 0x20, 0x9F, 0x60, 0x43, 0x7B, 0x60, 0x4F, 0x43, 0x60, 0x4F,
    0xDF, 0xD8, 0xB3, 0x27, 0x23, 0x8D, 0x87, 0xEF, 0x6B, 0xD8, 0xD3, 0xA6, 0xBE, 0xA2, 0xD7, 0x5B,
    0xC4, 0x79, 0x5B, 0xF3, 0x56, 0xDA, 0x5D, 0xA5, 0x7D, 0x06, 0x16, 0xD0, 0x42, 0x95, 0x34, 0x66,
    0xE2, 0xD5, 0x3C, 0x1B, 0x79, 0x4B, 0xCD, 0x95, 0xFA, 0xE7, 0xD0, 0x01, 0x15, 0x78, 0x9D, 0xBA,
    0xA9, 0xB2, 0x50, 0x37, 0xD3, 0xE4, 0x85, 0x0B, 0x25, 0xE8, 0xF5, 0xFF, 0xBE, 0x99, 0x16, 0x3E,
    0x6F, 0xEC, 0x0F, 0xCF, 0x7B, 0x8A, 0xF3, 0x66, 0x7F, 0x30, 0xC1, 0xEA, 0xAA, 0x50, 0xB6, 0xD8,
    0x37, 0x68, 0x1F, 0xF3, 0x6F, 0xCB, 0x33, 0x56, 0xF4, 0xE6, 0xBC, 0x3A, 0xB9, 0x0F, 0x97, 0x7A,
    0x5E, 0x87, 0x8A, 0x70, 0xA4, 0x55, 0x1B, 0xA8, 0xD5, 0x44, 0x52, 0x4F, 0x41, 0x2F, 0x36, 0x2E,
    0xF1, 0xA6, 0xA3, 0x83, 0xDE, 0x2C, 0xA6, 0xA3, 0xC5, 0xDE, 0x63, 0xF7, 0x9C, 0x5D, 0x9E, 0x9F,
    0x6C, 0x3E, 0xBB, 0x2C, 0xE1, 0x12, 0xAB, 0xC8, 0x62, 0x8D, 0xA8, 0xBB, 0x97, 0xE2, 0xE7, 0xCA,
    0x9D, 0x14, 0xC7, 0xDE, 0xD4, 0xA8, 0x21, 0xD9, 0xB9, 0x92, 0x6F, 0x3F, 0x86, 0x21, 0x9C, 0x20,
    0x25, 0xC2, 0x81, 0xC5, 0xEE, 0x91, 0xAE, 0x57, 0x9F, 0x56, 0xBA, 0x66, 0xCC, 0xD1, 0x92, 0x1C,
    0x9B, 0xB4, 0x3A, 0x62, 0x39, 0x89, 0x09, 0x9F, 0x6F, 0x3D, 0xDA, 0x47, 0x04, 0x5B, 0x19, 0x23,
    0x6F, 0x09, 0xD1, 0x3E, 0x23, 0xC8, 0xAB, 0x38, 0xD3, 0x52, 0x94, 0x02, 0x25, 0x8F, 0xB3, 0x5B,
    0x12, 0x8F, 0xD4, 0x7F, 0x2F, 0x05, 0xFF, 0x46, 0xCB, 0x38, 0x38, 0xE7, 0xB4, 0x74, 0x56, 0x65,
    0x90, 0x53, 0x2B, 0xAE, 0x4C, 0xBD, 0xD2, 0x7B, 0x05, 0x80, 0x36, 0xDF, 0x8A, 0xF6, 0xFD, 0xE7,
    0xBD, 0x05, 0x11, 0xF7, 0x8A, 0x29, 0x12, 0x8A, 0x54, 0x99, 0x43, 0x51, 0x2A, 0x33, 0xF0, 0xF7,
    0x18, 0xB5, 0xD6, 0x5F, 0xB2, 0xE9, 0x7D, 0x77, 0x80, 0x78, 0x0A, 0x4F, 0xFB, 0x67, 0xAD, 0xBD,
    0x6B, 0x84, 0x21, 0x4A, 0x70, 0xB6, 0x61, 0x0D, 0xC3, 0xA1, 0x51, 0xA9, 0xF2, 0xA2, 0x18, 0xFF,
    0xB5, 0xF8, 0x55, 0xD8, 0x50, 0x36, 0x39, 0x8C, 0xC8, 0x3B, 0x80, 0x30, 0xEB, 0x4E, 0xC5, 0x66,
    0x84, 0xDE, 0xD8, 0xD4, 0xCF, 0x4F, 0x6A, 0xC8, 0xBF, 0x80, 0xC6, 0xE7, 0x13, 0xE6, 0xEA, 0xD7,
    0xC5, 0xAD, 0x4C, 0x3D, 0x60, 0x49, 0x7F, 0x4E, 0xB7, 0xD0, 0xA8, 0x60, 0xF5, 0xAA, 0xC1, 0x51,
    0x7A, 0x84, 0x9D, 0xFE, 0x4A, 0x16, 0x79, 0x68, 0x38, 0x0E, 0xA1, 0x52, 0xB7, 0x0C, 0xAE, 0x01,
    0x3A, 0x1B, 0x36, 0xBA, 0xA6, 0x14, 0x10, 0x3C, 0x85, 0xBE, 0x0A, 0x1A, 0x14, 0x6E, 0xE7, 0xE7,
    0x0D, 0x39, 0x08, 0xAE, 0x68, 0x4B, 0x4A, 0x92, 0x7C, 0xE8, 0x23, 0xE9, 0x9F, 0xFA, 0xAF, 0x2D,
    0x70, 0xD4, 0xFF, 0xFA, 0xB1, 0x7F, 0x8F, 0x06, 0xBD, 0x68, 0xFD, 0xB3, 0x89, 0x0D, 0x16, 0x22,
    0x65, 0x20, 0xCD, 0x42, 0xD8, 0xA8, 0x0A, 0x55, 0xA9, 0x35, 0x40, 0xF8, 0x6B, 0xC4, 0xB1, 0x76,
    0x3E, 0xF8, 0xED, 0x16, 0xEA, 0x5E, 0xB7, 0xB8, 0xD3, 0x74, 0x52, 0x9D, 0x4E, 0xC7, 0x9C, 0x2A,
    0x1B, 0x44, 0x4E, 0xB3, 0x3E, 0x43, 0x4A, 0x22, 0x23, 0xD2, 0x01, 0x5D, 0x55, 0xDE, 0x25, 0x63,
    0x82, 0xDC, 0x6C, 0xE3, 0x29, 0xF5, 0x7D, 0xDD, 0xEC, 0xE6, 0xFC, 0x45, 0x8F, 0x96, 0x6A, 0x29,
    0x9F, 0xFE, 0x3F, 0x96, 0xEA, 0xFA, 0x6B, 0x82, 0x1F, 0xCF, 0x93, 0xB8, 0x72, 0xDE, 0x88, 0xC5,
    0x0A, 0x9F, 0x5C, 0x3A, 0x38, 0x0B, 0x97, 0x03, 0xA1, 0xB6, 0x06, 0x25, 0xA4, 0xD6, 0x75, 0x79,
    0x3A, 0x12, 0x78, 0xA2, 0x17, 0xDD, 0xD1, 0x20, 0x9D, 0xE9, 0x01, 0x33, 0x14, 0xB8, 0x5C, 0xDD,
    0x86, 0xD7, 0x4A, 0xC9, 0x62, 0x1D, 0xBF, 0xCE, 0xED, 0xD6, 0x35, 0xFF, 0xB4, 0x72, 0xEE, 0x8D,
    0xAD, 0x0A, 0xB6, 0x09, 0xD1, 0xC5, 0xD8, 0xF7, 0xBB, 0xC8, 0x9E, 0xDD, 0x0D, 0x7B, 0x22, 0x83,
    0xBF, 0x63, 0x7B, 0x6C, 0xD6, 0x23, 0xBE, 0xDF, 0xD4, 0xCB, 0x37, 0xA0, 0x52, 0xF5, 0x4B, 0xE4,
    0x88, 0x07, 0x7C, 0x8D, 0xFD, 0xA3, 0x6D, 0x2F, 0x84, 0x71, 0x06, 0x52, 0xCE, 0x60, 0x8A, 0xCA,
    0xF0, 0x8D, 0x9F, 0xE5, 0x9C, 0x22, 0x28, 0xD5, 0x9D, 0x8D, 0xEC, 0x8F, 0xE7, 0xE5, 0x83, 0x2D,
    0x66, 0xC7, 0x4A, 0xAC, 0x1C, 0xC4, 0xBE, 0xDD, 0xFC, 0xF9, 0x7E, 0x5B, 0x17, 0x54, 0x66, 0x0A,
    0x06, 0x3E, 0x82, 0x42, 0x89, 0x27, 0xBA, 0xB1, 0x03, 0xD8, 0xC9, 0x48, 0xD0, 0xFA, 0x41, 0x0B,
    0xFD, 0x9E, 0x2D, 0x6E, 0x36, 0x69, 0xF7, 0x42, 0xB2, 0x3A, 0x91, 0xF6, 0x36, 0x8C, 0xA4, 0x15,
    0x98, 0x3B, 0xBB, 0x3F, 0xD0, 0x3A, 0xD3, 0xBA, 0xA6, 0x33, 0x49, 0xEA, 0xC9, 0x10, 0x22, 0x8E,
    0x1B, 0xE7, 0xF5, 0x7B, 0xB9, 0x9D, 0xC9, 0xAB, 0xA2, 0x29, 0x67, 0x90, 0x8F, 0x19, 0xA2, 0x2B,
    0x1E, 0x52, 0x0C, 0x4F, 0xFA, 0x44, 0x69, 0x60, 0x49, 0xA1, 0x50, 0x94, 0xAC, 0xAD, 0xC6, 0x26,
    0x3D, 0x43, 0x15, 0xB2, 0x88, 0x96, 0xA4, 0xAF, 0xAB, 0x68, 0x4E, 0xFA, 0xB2, 0x89, 0xA7, 0xA4,
    0xCF, 0x5B, 0x84, 0x37, 0x02, 0x3E, 0x1D, 0x92, 0x3E, 0x85, 0xC6, 0x42, 0x48, 0x86, 0xA4, 0x8F,
    0xA7, 0xB2, 0x4D, 0xFA, 0x1D, 0xCE, 0x9B, 0x58, 0x59, 0x36, 0x08, 0x33, 0x38, 0x9B, 0xD4, 0xC6,
    0x08, 0xE6, 0xFE, 0x59, 0xB8, 0xF5, 0xBE, 0xE0, 0x0F, 0xCB, 0xAF, 0x80, 0x0B, 0xF0, 0x6D, 0xB4,
    0xFB, 0xCA, 0x18, 0xB6, 0xAC, 0x71, 0x28, 0x47, 0x39, 0xD2, 0x78, 0x37, 0xE5, 0x97, 0xB3, 0x8B,
    0x21, 0x17, 0x97, 0x0C, 0xF9, 0x13, 0x80, 0x6F, 0x0F, 0x12, 0x84, 0x3E, 0x20, 0x67, 0x09, 0x68,
    0x73, 0x7C, 0x55, 0x2F, 0x8D, 0xF3, 0xED, 0xBC, 0x25, 0x51, 0x22, 0xFA, 0x70, 0xD0, 0xD9, 0xDF,
    0xAA, 0x0F, 0x72, 0xF9, 0xA5, 0x41, 0x55, 0xF9, 0xED, 0xD9, 0x20, 0xEB, 0xED, 0xC5, 0xB4, 0x0B,
    0x81, 0xB9, 0x06, 0x5F, 0xA8, 0xC4, 0x47, 0x9A, 0x7D, 0x0D, 0xBC, 0x92, 0xB0, 0x6C, 0x64, 0xD0,
    0x6C, 0xA1, 0xF2, 0xCE, 0xC7, 0xAA, 0x88, 0xAD, 0xDF, 0x11, 0xA4, 0xEA, 0xC6, 0x47, 0x6A, 0x8A,
    0x2A, 0x0F, 0x68, 0x42, 0x8F, 0x54, 0xF8, 0x8D, 0x5A, 0x26, 0x6E, 0x50, 0xB1, 0x83, 0xF2, 0x0E,
    0x63, 0xDE, 0xC5, 0x18, 0xD6, 0x04, 0x9C, 0x8F, 0x15, 0xC3, 0x0B, 0x8C, 0x68, 0x41, 0xC6, 0xDD,
    0x05, 0x55, 0x54, 0x65, 0x2D, 0xE5, 0xFF, 0x13, 0xB6, 0xD6, 0x95, 0x38, 0xC1, 0xDC, 0x40, 0x83,
    0x66, 0xEE, 0xE7, 0x95, 0x75, 0xC7, 0xD1, 0xCC, 0x0D, 0xF2, 0x9F, 0x4C, 0xD8, 0xD7, 0x95, 0x3F,
    0x9A, 0xCA, 0x06, 0xDB, 0x5D, 0x4E, 0xB0, 0xCE, 0xF9, 0xEF, 0x4C, 0x30, 0x76, 0xEB, 0xBF, 0x3A,
    0xC1, 0xF5, 0x91, 0x8F, 0xA6, 0x64, 0xF0, 0xBB, 0x25, 0x62, 0x9F, 0x0B, 0x64, 0x9D, 0x76, 0x73,
    0x64, 0xD3, 0x83, 0xDA, 0xDA, 0x9A, 0xCE, 0x76, 0x60, 0x55, 0x63, 0x38, 0xA2, 0xB7, 0x62, 0x23,
    0x12, 0x13, 0x7F, 0xC9, 0xE2, 0x23, 0xAB, 0x38, 0x4F, 0x2D, 0xFE, 0x74, 0xED, 0x5B, 0x4D, 0x63,
    0x27, 0xCB, 0x1B, 0xC9, 0x8D, 0xE9, 0xD5, 0x2F, 0x7D, 0xCD, 0x38, 0xFE, 0x91, 0x47, 0xA9, 0xDC,
    0xF8, 0xEF, 0xF8, 0x98, 0x1D, 0x48, 0xC4, 0xF9, 0x52, 0x40, 0xE0, 0x25, 0x82, 0x71, 0x45, 0x0C,
    0x90, 0xDF, 0x10, 0xE3, 0x55, 0x82, 0x52, 0xB4, 0x67, 0xAA, 0x04, 0x50, 0x2C, 0x10, 0x91, 0xF1,
    0x3F, 0xDA, 0x67, 0x32, 0x96, 0x91, 0x51, 0x40, 0xA0, 0x2A, 0x23, 0xE3, 0x6E, 0xCB, 0x66, 0x0D,
    0x2F, 0xAB, 0xE1, 0x31, 0x69, 0x09, 0x2D, 0x69, 0xF6, 0xE1, 0x55, 0xBF, 0x40, 0x78, 0xCD, 0x87,
    0xF0, 0x62, 0x60, 0x21, 0xBC, 0xFA, 0xFC, 0xF1, 0x3E, 0xBC, 0xBA, 0xBC, 0xA9, 0xAB, 0x1C, 0x91,
    0x59, 0x8A, 0x6E, 0x68, 0xE2, 0xD1, 0x43, 0xB6, 0x8F, 0x88, 0x10, 0x22, 0x8D, 0x4A, 0x50, 0x60,
    0x4C, 0xB1, 0x05, 0x19, 0x4D, 0xB7, 0xE8, 0xEB, 0x2D, 0xA5, 0x55, 0x51, 0xD6, 0x38, 0x5B, 0x51,
    0xC9, 0xAF, 0x58, 0xB0, 0xE2, 0x76, 0x80, 0xEE, 0xD8, 0x97, 0x1F, 0x0A, 0xBD, 0x93, 0x29, 0x54,
    0x53, 0xD6, 0x9C, 0xBA, 0x15, 0x34, 0xE0, 0x5F, 0xA7, 0xF8, 0xE3, 0x23, 0x03, 0x0F, 0x75, 0x33,
    0x1B, 0xC4, 0x36, 0x50, 0x8B, 0xC6, 0xF0, 0x80, 0xBA, 0x8C, 0x18, 0xAC, 0xF2, 0x1E, 0xFE, 0x46,
    0xF0, 0x21, 0x69, 0xC0, 0x53, 0x18, 0x85, 0xF2, 0xA5, 0x8F, 0x8C, 0xCE, 0x06, 0xB5, 0x35, 0xF4,
    0x31, 0x18, 0xC0, 0x90, 0x2E, 0x66, 0x74, 0x26, 0x63, 0xA6, 0xB0, 0x9B, 0xCB, 0x90, 0x07, 0x21,
    0x3D, 0x5A, 0x53, 0xC3, 0x3E, 0x08, 0x5D, 0xFD, 0xEC, 0x43, 0xCE, 0xF3, 0x4C, 0x70, 0x2C, 0x46,
    0x00, 0xF1, 0xC4, 0x8E, 0xBA, 0x62, 0xB4, 0x01, 0x42, 0x90, 0x22, 0xC4, 0x10, 0x04, 0x30, 0x40,
    0xA4, 0xF3, 0x84, 0xA1, 0xB4, 0xDF, 0xFC, 0x7B, 0x74, 0x7F, 0x5B, 0x04, 0x14, 0xDC, 0xF5, 0x35,
    0x26, 0xE8, 0x33, 0x22, 0x94, 0x1A, 0x45, 0xA0, 0xFE, 0x8E, 0xF8, 0x5C, 0xD2, 0x2E, 0x7A, 0xBE,
    0x4D, 0xFF, 0xFE, 0xC2, 0xF7, 0x9F, 0xB3, 0x26, 0xCD, 0x18, 0xA3, 0x04, 0xE1, 0x5B, 0xC5, 0xC4,
    0x22, 0x76, 0x2D, 0x5E, 0xB5, 0xAE, 0xFC, 0x42, 0x61, 0xC9, 0x46, 0xF4, 0x3A, 0x6B, 0x21, 0xB2,
    0x03, 0xA5, 0x36, 0x18, 0xA7, 0xA8, 0x6A, 0xD4, 0x64, 0xD4, 0xAA, 0x36, 0xDD, 0xBE, 0xD2, 0xF1,
    0xA9, 0xF6, 0xD6, 0x52, 0x2C, 0x2C, 0x3E, 0xA0, 0x18, 0xB5, 0x02, 0x0B, 0x9F, 0x5F, 0x2A, 0xDC,
    0x0F, 0x5D, 0xAC, 0xDE, 0x63, 0x52, 0x0A, 0x93, 0x46, 0xD6, 0xF0, 0xD1, 0x03, 0x9A, 0x21, 0x70,
    0xCD, 0x38, 0x23, 0xF9, 0xDF, 0xFF, 0xC6, 0xBB, 0xCF, 0x28, 0xC5, 0x4D, 0xE0, 0x1E, 0x70, 0x2E,
    0x41, 0x6F, 0x4B, 0x31, 0x0A, 0x84, 0x9D, 0x9D, 0x63, 0xDD, 0x5A, 0xE4, 0xA4, 0xA1, 0x7D, 0x05,
    0xED, 0xE3, 0x7A, 0x48, 0x40, 0xD6, 0x53, 0xE3, 0xCD, 0x2E, 0x10, 0x77, 0x0B, 0xEB, 0x92, 0xB7,
    0x21, 0x54, 0xBF, 0x10, 0xB4, 0xBB, 0x50, 0xCC, 0x22, 0xFF, 0x71, 0x24, 0x03, 0x2B, 0x5E, 0xCA,
    0x9E, 0xC1, 0x94, 0x23, 0x10, 0x6B, 0x30, 0x1B, 0x6E, 0x17, 0x2B, 0x08, 0x36, 0x86, 0x12, 0x0F,
    0xE8, 0xB3, 0x70, 0x19, 0x9F, 0x90, 0xB4, 0x20, 0x3F, 0xC8, 0x6C, 0xB0, 0xC8, 0x3E, 0x48, 0xE6,
    0xD2, 0x1D, 0x24, 0x13, 0x63, 0xAC, 0x99, 0x30, 0x43, 0x3E, 0xE7, 0xEF, 0xFB, 0x5E, 0xA9, 0xDB,
    0x2A, 0x6F, 0xAB, 0xAD, 0xD9, 0x9F, 0xBD, 0x91, 0xFD, 0xDB, 0xFA, 0x23, 0x03, 0x96, 0xDE, 0x6D,
    0x44, 0x24, 0x76, 0xCA, 0x8F, 0x04, 0xDC, 0xD4, 0x38, 0x48, 0x4D, 0x52, 0x4B, 0xAA, 0xDB, 0x92,
    0xDF, 0xB1, 0xD4, 0x25, 0xA3, 0xA5, 0xCB, 0x19, 0xC9, 0xB7, 0x41, 0x12, 0x63, 0xD3, 0x91, 0x90,
    0xC1, 0x8C, 0xE7, 0x0A, 0x0C, 0x55, 0xDF, 0xD9, 0xCA, 0xB6, 0x8B, 0xED, 0x48, 0xCB, 0xBB, 0xD5,
    0x92, 0x07, 0x08, 0x8C, 0x0D, 0xAF, 0x3E, 0xE6, 0x2B, 0x5E, 0x53, 0x91, 0x83, 0x3C, 0x93, 0xD6,
    0xF8, 0x16, 0x6B, 0x96, 0xDD, 0xBE, 0x6F, 0x3D, 0x16, 0x78, 0xD1, 0x23, 0x83, 0xEA, 0x4E, 0xE3,
    0x72, 0xF5, 0x95, 0x9C, 0xBB, 0x53, 0xA8, 0x2B, 0x94, 0xB8, 0x32, 0xCD, 0xD9, 0x2D, 0xAA, 0x02,
    0x3E, 0x13, 0x73, 0x48, 0x79, 0x44, 0x6F, 0xDC, 0x1F, 0x00, 0x03, 0xDC, 0xDB, 0x11, 0x8C, 0xF5,
    0xB7, 0x00, 0x65, 0xDD, 0x4E, 0x3F, 0x1A, 0x18, 0x26, 0x1C, 0xDC, 0x80, 0xE5, 0x62, 0x21, 0xE1,
    0x34, 0x01, 0x8C, 0xC0, 0x78, 0xEC, 0x1B, 0xF6, 0x5D, 0x33, 0x91, 0x7B, 0xB7, 0x78, 0x91, 0x87,
    0x45, 0x15, 0x65, 0x12, 0x9D, 0x50, 0x91, 0x51, 0xA7, 0xC4, 0x46, 0x81, 0x9D, 0x98, 0xAB, 0x2B,
    0xB8, 0x39, 0x22, 0x42, 0xE2, 0xCC, 0x94, 0x00, 0x0E, 0xD8, 0x90, 0x8E, 0xC5, 0xDA, 0x89, 0x01,
    0xC6, 0x30, 0xB5, 0x38, 0x74, 0x62, 0xA8, 0xBE, 0xEC, 0xC4, 0xFE, 0x9A, 0xEB, 0xE7, 0x3F, 0x11,
    0x15, 0xF9, 0xE0, 0x7A, 0x27, 0xB6, 0x3B, 0xEA, 0xC4, 0xB6, 0x02, 0x00, 0xC2, 0x13, 0x0E, 0x45,
    0xC3, 0x51, 0x87, 0x39, 0xA6, 0xBC, 0xE4, 0xAC, 0xB4, 0xAD, 0x39, 0xB2, 0xCF, 0x2A, 0x77, 0xF3,
    0xF3, 0x8B, 0xE6, 0xB1, 0x64, 0xE2, 0xD4, 0x68, 0xCE, 0xC4, 0x6F, 0x63, 0x9E, 0x31, 0xFF, 0xB6,
    0xD0, 0xB0, 0xF9, 0xD6, 0x8D, 0x2E, 0xF7, 0x67, 0xEC, 0x5B, 0x60, 0xD6, 0xF3, 0x75, 0xF7, 0xDA,
    0xFB, 0xE0, 0xCE, 0xC8, 0xE8, 0x83, 0xD3, 0x6C, 0x6B, 0x30, 0xB8, 0xE8, 0xE2, 0xB2, 0x39, 0x18,
    0x3A, 0xE2, 0x45, 0x84, 0xE1, 0x04, 0x28, 0x0C, 0xFF, 0x5D, 0x75, 0x9B, 0x88, 0xE6, 0x2D, 0x79,
    0xB4, 0xEA, 0x22, 0xD7, 0xF7, 0xEC, 0xD8, 0x8C, 0x21, 0x96, 0x3D, 0x68, 0x86, 0x3D, 0x5A, 0x11,
    0x6C, 0xAC, 0x63, 0x60, 0x61, 0xD4, 0x63, 0x32, 0xB1, 0x58, 0x86, 0x47, 0x16, 0x50, 0x3D, 0xEE,
    0x66, 0xE3, 0x3E, 0x1B, 0x16, 0xFA, 0x8C, 0xFD, 0x2A, 0xB7, 0xD8, 0x7A, 0x23, 0x46, 0x11, 0xAB,
    0x22, 0xFC, 0x20, 0x73, 0x08, 0xC7, 0xCD, 0x6A, 0x64, 0x09, 0xDB, 0x62, 0x6B, 0x63, 0x72, 0x0C,
    0xDA, 0xDA, 0x81, 0x32, 0x2F, 0xBE, 0xC4, 0x63, 0x26, 0xCB, 0xFE, 0xF0, 0xC9, 0xB4, 0xBF, 0x80,
    0xA3, 0xC7, 0x74, 0x38, 0x5C, 0x4B, 0xBF, 0x7F, 0x94, 0xE7, 0xEC, 0xC9, 0xDA, 0x2C, 0x7B, 0x2C,
    0xF6, 0x8F, 0xF3, 0x61, 0x68, 0xEB, 0x0C, 0x1C, 0x68, 0x25, 0x5B, 0x58, 0x3F, 0xA8, 0x1F, 0x6C,
    0x63, 0x15, 0x7A, 0x7A, 0x49, 0xF9, 0x4E, 0x34, 0xAF, 0x0C, 0x30, 0x3A, 0x5C, 0xAE, 0xA1, 0x41,
    0x2F, 0x06, 0xA6, 0x08, 0xDC, 0xC9, 0x2D, 0xC0, 0xD4, 0x31, 0x9E, 0xC2, 0x53, 0xF0, 0x0F, 0x68,
    0xC5, 0x94, 0x0E, 0xF6, 0xA4, 0xF0, 0xD2, 0x13, 0x9C, 0xD3, 0xD9, 0xDC, 0x0D, 0x7D, 0xA3, 0xF5,
    0x9C, 0x47, 0xDC, 0xE6, 0xD3, 0x56, 0xFD, 0x5B, 0x65, 0x18, 0x05, 0xC7, 0x30, 0x2C, 0x0C, 0x87,
    0x5D, 0x40, 0x1C, 0x75, 0x72, 0x84, 0x9D, 0x23, 0x57, 0xA4, 0xFB, 0xA7, 0x6C, 0xB8, 0xE1, 0x92,
    0xCD, 0xDE, 0x23, 0x07, 0x87, 0x1C, 0xFC, 0x71, 0x70, 0x47, 0x18, 0x16, 0x77, 0x7B, 0xDF, 0x5E,
    0x08, 0xFC, 0x55, 0xAB, 0x37, 0x3E, 0x00, 0x9F, 0x0A, 0xC4, 0x8B, 0x97, 0x28, 0x16, 0x4B, 0xDC,
    0x95, 0x23, 0xD9, 0x43, 0x36, 0x91, 0x75, 0x24, 0x33, 0xC9, 0x46, 0xBC, 0xD0, 0xA9, 0x3B, 0xED,
    0x14, 0xDD, 0x2E, 0x35, 0xC6, 0xC6, 0xDB, 0x5C, 0x5B, 0x87, 0x6B, 0xD6, 0xA3, 0xAD, 0x6F, 0xDC,
    0xCB, 0xF6, 0x25, 0x98, 0x4F, 0x62, 0xD0, 0x0C, 0xFF, 0x64, 0x38, 0xD8, 0xF9, 0xCD, 0x95, 0x36,
    0x64, 0x08, 0x24, 0xC6, 0x50, 0xC1, 0x98, 0xEA, 0xB2, 0x05, 0xB4, 0x3A, 0x1F, 0x7E, 0x98, 0x4E,
    0x08, 0x47, 0xC0, 0x40, 0x4B, 0x14, 0x68, 0x6C, 0xFF, 0x63, 0x51, 0xF3, 0x85, 0x86, 0x68, 0x70,
    0xCA, 0x69, 0x5A, 0x80, 0xFB, 0x56, 0x5A, 0x34, 0xB0, 0x89, 0x6F, 0x9A, 0x2B, 0xAB, 0x35, 0xE7,
    0x82, 0xDB, 0x12, 0x6F, 0x28, 0x72, 0xF4, 0xF0, 0xF8, 0xBF, 0x8D, 0xE1, 0x56, 0xDA, 0xEB, 0x57,
    0xB1, 0x7F, 0xD8, 0xDD, 0x78, 0x48, 0xD7, 0xAB, 0xC9, 0xD7, 0x9B, 0xF9, 0x0D, 0x53, 0x0F, 0xC8,
    0xAA, 0x9E, 0xEB, 0xCE, 0x58, 0x9A, 0xE5, 0x5C, 0x3E, 0xB0, 0x83, 0x53, 0xC9, 0xEB, 0x91, 0x4E,
    0xDB, 0x22, 0x2A, 0xCA, 0x51, 0xE8, 0xA4, 0x68, 0x10, 0x0D, 0x84, 0x5B, 0xD5, 0x94, 0x88, 0x53,
    0x59, 0xAC, 0x87, 0xB4, 0xBE, 0xFD, 0x41, 0x29, 0x7B, 0xF4, 0xD0, 0xF2, 0x61, 0xE7, 0x49, 0x24,
    0xF1, 0x10, 0x2F, 0x5C, 0x19, 0x0F, 0x58, 0x39, 0x9F, 0xD4, 0xFB, 0x90, 0xC6, 0x15, 0xF5, 0xD5,
    0x06, 0xA7, 0x4F, 0x8C, 0xA1, 0xF7, 0x4A, 0x6B, 0x11, 0x61, 0xB6, 0x3C, 0x72, 0x24, 0x52, 0x7A,
    0xC8, 0xE5, 0xB3, 0x9D, 0xAF, 0x2E, 0x44, 0x29, 0x5C, 0x1A, 0xC2, 0xB2, 0x5E, 0x42, 0x98, 0x5A,
    0x00, 0xEA, 0x12, 0xA9, 0x41, 0xA7, 0xA4, 0xAF, 0xE6, 0x5A, 0x2E, 0x89, 0x96, 0x15, 0xFA, 0xD6,
    0x2A, 0x12, 0x74, 0x80, 0xE8, 0x6D, 0x48, 0x82, 0xA8, 0x3D, 0x41, 0xEC, 0xEC, 0x8A, 0x7F, 0x8A,
    0x9D, 0xE0, 0x34, 0xF5, 0x63, 0x19, 0xAC, 0xE1, 0xF5, 0xE6, 0xE3, 0x67, 0xDC, 0x67, 0x56, 0x8F,
    0xE1, 0x7C, 0x72, 0xD8, 0x2E, 0x38, 0x25, 0x3A, 0xD1, 0xEA, 0x64, 0x6E, 0x68, 0x76, 0x1D, 0x74,
    0x10, 0x73, 0x1B, 0xF3, 0xF3, 0x71, 0x87, 0xDC, 0xE0, 0xDA, 0xC6, 0xFE, 0xB1, 0xDF, 0x4B, 0xFA,
    0x04, 0x01, 0xF7, 0x58, 0xD1, 0xFF, 0xF0, 0x2A, 0x60, 0xF4, 0x8A, 0xE0, 0xAB, 0xAE, 0x83, 0x03,
    0xBE, 0x9C, 0x44, 0xBA, 0x90, 0xDF, 0xF8, 0xA5, 0x4D, 0x71, 0xB3, 0x74, 0x6A, 0x5F, 0x17, 0xDA,
    0x9E, 0x6B, 0x9A, 0x97, 0x05, 0xFB, 0xEB, 0x55, 0xF3, 0xCE, 0x10, 0xDC, 0xFA, 0xC3, 0xF9, 0xF8,
    0x47, 0xDE, 0x45, 0x46, 0xDC, 0x52, 0x0F, 0xEA, 0xC3, 0x78, 0x75, 0xB5, 0x3A, 0xCA, 0x49, 0xC8,
    0x2E, 0x8D, 0x46, 0x73, 0xE7, 0x17, 0xD4, 0xB0, 0x78, 0xC6, 0x6D, 0x6E, 0x59, 0x88, 0x93, 0x0F,
    0xBD, 0x0A, 0x72, 0xFA, 0x53, 0xFF, 0x1D, 0xD2, 0x9F, 0x3F, 0xFB, 0xB1, 0x7F, 0x57, 0x7D, 0x59,
    0xEB, 0x9F, 0x4D, 0x34, 0xBF, 0x29, 0xBD, 0x6A, 0x39, 0xBA, 0x05, 0x21, 0x79, 0x95, 0x32, 0xE8,
    0x12, 0x6F, 0x4D, 0x0B, 0xE0, 0x7F, 0xC7, 0x0B, 0x8D, 0xFC, 0x0A, 0x02, 0x54, 0xEB, 0x6D, 0xB7,
    0x3F, 0x48, 0x6F, 0x9E, 0x14, 0xDB, 0x91, 0xF8, 0x1D, 0xAB, 0xBA, 0x05, 0x56, 0x53, 0x6D, 0xA9,
    0x08, 0xA0, 0x55, 0x3A, 0xE6, 0x50, 0xA0, 0x03, 0x79, 0x0F, 0x95, 0xF5, 0x19, 0xA0, 0xA3, 0xCD,
    0xFA, 0x74, 0xC0, 0x45, 0xE4, 0x1D, 0x90, 0x18, 0xAA, 0x8D, 0xA1, 0x86, 0xB2, 0x01, 0x06, 0xBF,
    0x98, 0xEA, 0x2A, 0xF2, 0xF9, 0xD3, 0x89, 0x4C, 0xB1, 0xFE, 0xDA, 0xA2, 0xAA, 0x14, 0x31, 0x36,
    0xCB, 0x59, 0xC4, 0x00, 0x21, 0x5D, 0x0F, 0x42, 0x19, 0xA6, 0xEB, 0xA6, 0x06, 0xD4, 0xA6, 0xEA,
    0xE3, 0x20, 0x68, 0x35, 0xF0, 0xE9, 0xD1, 0x45, 0x4F, 0x18, 0xFE, 0xBC, 0x7A, 0xA7, 0x72, 0x6D,
    0xB4, 0x2C, 0xC7, 0x4E, 0xBB, 0x94, 0x20, 0xF8, 0x42, 0x91, 0x65, 0xFD, 0xD9, 0x10, 0x7A, 0x2C,
    0x78, 0xA6, 0x72, 0x42, 0x55, 0x01, 0x5D, 0xC3, 0xA8, 0x69, 0xD8, 0x44, 0x35, 0xB7, 0x2D, 0x74,
    0x43, 0x64, 0xA2, 0xEA, 0xB0, 0x49, 0xF4, 0xBD, 0xCF, 0xC7, 0xCD, 0x23, 0x32, 0x9A, 0xBA, 0x75,
    0xA1, 0x3E, 0x1F, 0x7D, 0x5B, 0xB3, 0x93, 0x36, 0xE4, 0xB3, 0x2B, 0xB8, 0x19, 0x31, 0x64, 0x6B,
    0x3B, 0x37, 0x67, 0x66, 0x5C, 0xFB, 0xDA, 0xE7, 0xB7, 0x03, 0x1E, 0xFE, 0xB2, 0xC3, 0x11, 0xB2,
    0x3F, 0x62, 0x4D, 0x7A, 0xD9, 0xAF, 0x6C, 0x25, 0xA3, 0x23, 0x32, 0xA6, 0xEA, 0xEF, 0x90, 0xFE,
    0x4C, 0x71, 0xF3, 0x5B, 0x9B, 0xC1, 0x15, 0xF9, 0x77, 0x48, 0xF6, 0x5E, 0xB6, 0xBC, 0x71, 0x0E,
    0x23, 0x61, 0xA3, 0x11, 0x18, 0x81, 0xBA, 0xB7, 0x19, 0xE2, 0x0A, 0x5C, 0x71, 0x83, 0xCC, 0xA3,
    0x93, 0xB6, 0xCD, 0x21, 0x0A, 0xD2, 0x02, 0x6C, 0xA0, 0xF1, 0xF6, 0x2D, 0xFE, 0x0A, 0xBF, 0x7C,
    0x41, 0x00, 0x3C, 0x12, 0x30, 0x78, 0x27, 0x95, 0xDE, 0x8D, 0x59, 0xB3, 0x14, 0x49, 0x93, 0x17,
    0x64, 0x5A, 0xB3, 0xFB, 0x4B, 0x97, 0x57, 0x71, 0x53, 0x22, 0x8E, 0x11, 0xD9, 0x4D, 0x52, 0xD5,
    0x0E, 0xFC, 0x63, 0x30, 0xA6, 0x51, 0x23, 0x4A, 0x39, 0x67, 0x01, 0x79, 0x9B, 0xDC, 0xC3, 0xE6,
    0x1A, 0x35, 0x6D, 0xF7, 0x65, 0x73, 0x2D, 0xA5, 0xDB, 0xE6, 0xCB, 0xE1, 0x29, 0xAA, 0xFE, 0x9D,
    0xBB, 0xED, 0xA3, 0xCA, 0xAB, 0x02, 0x51, 0xCF, 0x82, 0x0C, 0x9C, 0xB0, 0x4F, 0x68, 0x6A, 0xF1,
    0x03, 0xE7, 0x1E, 0x5D, 0xB0, 0x9E, 0xBA, 0x5F, 0x77, 0xF7, 0xFF, 0xC4, 0x63, 0xB0, 0xA7, 0xC8,
    0x0D, 0xF9, 0x76, 0xBE, 0xFD, 0x1F, 0x0F, 0x04, 0x0D, 0xC9, 0xDB, 0xFD, 0x7F, 0x8F, 0x54, 0x92,
    0x7E, 0xD9, 0xFD, 0xC0, 0x7D, 0x9C, 0x8F, 0x81, 0x31, 0x81, 0xB6, 0x9C, 0x56, 0xEB, 0x87, 0x5F,
    0xE3, 0x66, 0x6F, 0xE3, 0xE2, 0xDA, 0x98, 0x76, 0xB8, 0x2F, 0xDE, 0x3A, 0xBD, 0xEE, 0x6E, 0x78,
    0x2D, 0xDA, 0x7B, 0x6D, 0x53, 0xFC, 0xAB, 0x75, 0xDC, 0x6E, 0xDF, 0x0D, 0x24, 0x7B, 0x6C, 0x3B,
    0x24, 0x7E, 0xB6, 0x7F, 0xFA, 0x1D, 0x53, 0x9F, 0xDB, 0x83, 0x3B, 0x86, 0xE3, 0xEE, 0x77, 0x34,
    0x43, 0x17, 0x56, 0x63, 0xA1, 0xA8, 0x33, 0xC8, 0xC6, 0x93, 0x12, 0x8A, 0xA9, 0xB5, 0xA1, 0xB3,
    0x62, 0xED, 0xD2, 0xBF, 0xB1, 0x33, 0xAE, 0xC2, 0x9E, 0xA0, 0x82, 0x56, 0x53, 0x50, 0xEE, 0x02,
    0xC5, 0x22, 0x94, 0xFD, 0xA5, 0xBD, 0xFE, 0x8F, 0xCD, 0xC7, 0xF2, 0xB8, 0xFB, 0xBC, 0x9C, 0xC4,
    0x27, 0x2E, 0x18, 0xB7, 0x56, 0xA7, 0xD9, 0x33, 0xAD, 0xD1, 0xB4, 0x55, 0x3B, 0x02, 0xF8, 0xA9,
    0xDC, 0x68, 0x84, 0x20, 0x2B, 0xDC, 0x1F, 0xEE, 0x7D, 0xF5, 0x5B, 0x27, 0xBE, 0xC2, 0xE7, 0x2B,
    0xFB, 0xA7, 0x3F, 0xDC, 0x3F, 0xFD, 0x1F, 0xBB, 0x82, 0x3F, 0x71, 0x17, 0xDF, 0x63, 0xEE, 0x89,
    0x3C, 0x41, 0xA5, 0x5A, 0xBA, 0x61, 0x23, 0xC6, 0xC2, 0xA3, 0xCC, 0xF5, 0x0A, 0xAF, 0x6D, 0xFD,
    0xFC, 0x5C, 0xD1, 0x89, 0xAC, 0xD0, 0xEC, 0x4C, 0x25, 0xA6, 0xB2, 0x50, 0x7D, 0x4C, 0x79, 0x29,
    0x50, 0x5A, 0x2B, 0x8D, 0x79, 0xA3, 0x5E, 0x4E, 0x2A, 0x99, 0xA4, 0xD0, 0xA8, 0x35, 0xDA, 0x55,
    0x0A, 0xFF, 0x87, 0x7A, 0x02, 0x6A, 0x0D, 0x75, 0x89, 0xA6, 0x09, 0xEA, 0xBD, 0x59, 0x0A, 0x05,
    0x85, 0x0A, 0x75, 0x44, 0xAA, 0x33, 0xC5, 0x9D, 0x06, 0xD2, 0x09, 0x14, 0x18, 0x1A, 0x4B, 0x35,
    0x53, 0x75, 0xC2, 0x6D, 0xA3, 0x38, 0x1C, 0xAA, 0x08, 0x31, 0x65, 0x8C, 0x6D, 0x63, 0x7C, 0x37,
    0x50, 0x87, 0xA0, 0x10, 0x3A, 0x6F, 0x7D, 0xCF, 0xFD, 0x66, 0x45, 0x9F, 0x20, 0xED, 0x93, 0x79,
    0xA3, 0x03, 0x7A, 0xEB, 0x46, 0x66, 0xB9, 0xE4, 0xD1, 0x0D, 0x47, 0xD4, 0x22, 0xF6, 0xAA, 0x95,
    0x5B, 0xC9, 0x9D, 0xD5, 0x4D, 0xC9, 0x4C, 0x32, 0x7F, 0x41, 0xE9, 0x9F, 0x42, 0x3E, 0xF6, 0xDF,
    0x9D, 0x78, 0x38, 0xB6, 0x03, 0xEF, 0xCD, 0x94, 0xCF, 0x46, 0x4A, 0xDF, 0x4B, 0x76, 0x92, 0x8D,
    0x64, 0x41, 0xFE, 0xB4, 0xC0, 0xB5, 0x8B, 0x68, 0xC3, 0x2C, 0x46, 0xA5, 0xA8, 0x8B, 0xA6, 0x03,
    0x0E, 0x18, 0xF9, 0xD5, 0xF5, 0x05, 0x3A, 0xC9, 0x1A, 0xB7, 0x36, 0x46, 0xDE, 0xFB, 0x1B, 0xE2,
    0xF0, 0xD6, 0x04, 0x49, 0x7D, 0x62, 0x3B, 0x59, 0x01, 0xA0, 0x2D, 0x9B, 0x7A, 0xC0, 0xDB, 0x8C,
    0xB6, 0xA9, 0x77, 0x39, 0x88, 0x6C, 0xB2, 0xB7, 0x1A, 0x17, 0x66, 0x2C, 0xB6, 0x8A, 0xFC, 0x78,
    0x10, 0x22, 0x32, 0xD7, 0xC4, 0xB5, 0x21, 0xE7, 0x85, 0xBF, 0x32, 0x3A, 0xA0, 0xA6, 0x56, 0x25,
    0x16, 0x2F, 0xB2, 0x49, 0x05, 0x7F, 0x15, 0xD9, 0x14, 0x5E, 0x84, 0x21, 0x8D, 0xA6, 0xF1, 0xEB,
    0x44, 0x35, 0xBD, 0x37, 0x58, 0xA7, 0xE7, 0xD3, 0xC5, 0x38, 0x59, 0x20, 0x6A, 0x5F, 0x85, 0x78,
    0xF2, 0x13, 0x88, 0x77, 0x5F, 0xF2, 0x09, 0x37, 0xEB, 0x43, 0x3D, 0x1F, 0xF6, 0x73, 0x3B, 0xCE,
    0x20, 0x85, 0xDB, 0xB6, 0x77, 0x2A, 0xBC, 0x6F, 0xB3, 0x4F, 0xFC, 0xEE, 0x7E, 0x4B, 0x3A, 0xDA,
    0x8F, 0xA0, 0x38, 0xBE, 0x8B, 0x50, 0x91, 0xD0, 0x2F, 0x36, 0xDE, 0x42, 0xFC, 0x20, 0x3E, 0x4F,
    0xF1, 0xE7, 0x10, 0x7F, 0xC3, 0xA2, 0xD5, 0x53, 0x8C, 0xB9, 0x4A, 0xD8, 0x12, 0x56, 0x79, 0x4A,
    0xF1, 0xC4, 0x5A, 0xCF, 0x1F, 0x52, 0x7C, 0xF1, 0x35, 0x66, 0x20, 0x5B, 0xFF, 0xD4, 0xBC, 0x78,
    0xFA, 0xBD, 0xF1, 0xB9, 0x43, 0x6D, 0xBF, 0xCF, 0xD7, 0x42, 0xEF, 0xF4, 0xCB, 0x8B, 0x39, 0xF9,
    0x7E, 0x8C, 0xF5, 0xF7, 0x91, 0x79, 0x2C, 0xAE, 0x85, 0xF1, 0xA9, 0x38, 0x17, 0x7B, 0xAF, 0x9E,
    0x71, 0x56, 0xE0, 0x2E, 0x8E, 0xBE, 0xCC, 0x57, 0x77, 0xFC, 0xF5, 0x07, 0x2A, 0xD2, 0xAC, 0x36,
    0xDD, 0xF6, 0x5D, 0x03, 0xE3, 0x44, 0xBC, 0x3A, 0xA8, 0x98, 0x53, 0xDE, 0x5B, 0x7C, 0x8A, 0xD7,
    0x00, 0xD8, 0x18, 0xA5, 0xBE, 0xB9, 0xF0, 0x13, 0xD1, 0x6F, 0x26, 0xF4, 0xB2, 0x91, 0x8D, 0xFD,
    0xB9, 0x6E, 0x56, 0xF0, 0xC5, 0x63, 0xB0, 0x8C, 0x80, 0xA0, 0x7E, 0x86, 0x60, 0x95, 0xB2, 0x31,
    0x4D, 0xE9, 0x8F, 0x94, 0x03, 0x52, 0x84, 0x97, 0xBB, 0xF0, 0xCF, 0xAF, 0x9F, 0xA5, 0xBA, 0x71,
    0x0F, 0x36, 0xA6, 0x60, 0x86, 0x98, 0x11, 0x25, 0x6C, 0x48, 0x66, 0x76, 0x39, 0xEA, 0x3B, 0x99,
    0x81, 0xE1, 0x6B, 0x71, 0xC7, 0xEA, 0x95, 0x90, 0x57, 0xF2, 0xB4, 0xA3, 0xB3, 0x7B, 0xA8, 0xD4,
    0xF0, 0x8C, 0x4E, 0x70, 0xC2, 0xD7, 0x84, 0x94, 0xC1, 0x29, 0xAD, 0xD9, 0x99, 0x6C, 0xD9, 0x6A,
    0x84, 0x4D, 0x01, 0x34, 0xC4, 0xE9, 0x1C, 0x78, 0xA4, 0x66, 0x2F, 0x05, 0x1C, 0xC5, 0x76, 0x39,
    0xC9, 0x94, 0x0E, 0xC2, 0x0A, 0x54, 0x12, 0xD5, 0x79, 0xFF, 0xCE, 0x54, 0x2A, 0x12, 0x3D, 0x99,
    0xBC, 0x42, 0xF2, 0xC5, 0x62, 0xB8, 0x5E, 0xBE, 0xB0, 0x4A, 0xA6, 0x57, 0x95, 0x66, 0x61, 0xB0,
    0xD5, 0xD7, 0x30, 0x9D, 0x0B, 0x26, 0xA3, 0xA8, 0x78, 0xD8, 0xA2, 0xEE, 0xC2, 0xA6, 0xAB, 0x19,
    0xEA, 0x33, 0x50, 0x1B, 0x7B, 0x94, 0x09, 0x3C, 0xA0, 0xD6, 0xA4, 0x3A, 0x42, 0x0A, 0x92, 0x3D,
    0xE8, 0x2C, 0x7E, 0x65, 0x18, 0xF9, 0x1B, 0x3E, 0x60, 0x41, 0xB6, 0x61, 0x1D, 0x2B, 0x51, 0xDE,
    0x6F, 0x75, 0x87, 0x45, 0xDE, 0xEB, 0x0E, 0x59, 0x2C, 0x93, 0x59, 0x1D, 0x03, 0xAA, 0xE6, 0x28,
    0x4A, 0xA0, 0x6E, 0x8E, 0xC6, 0xAB, 0xDD, 0xE3, 0xB9, 0xF2, 0x0F, 0xBC, 0x95, 0xB7, 0xFA, 0xE5,
    0x6C, 0x0F, 0x56, 0xB8, 0x0E, 0xAF, 0x92, 0x39, 0x7F, 0xDF, 0xCA, 0x3B, 0x66, 0x89, 0xA6, 0x69,
    0xC1, 0x41, 0x5D, 0x89, 0x4C, 0xC0, 0xD8, 0x2A, 0xEF, 0x11, 0x51, 0x6C, 0xD1, 0x72, 0x82, 0xAB,
    0x93, 0x61, 0xE4, 0xD7, 0xD8, 0x18, 0x16, 0xD6, 0x7E, 0xE5, 0x74, 0x6F, 0xFA, 0x80, 0x2E, 0x0A,
    0x1B, 0x13, 0x66, 0x4B, 0xE6, 0x41, 0x4E, 0xCC, 0xFB, 0xB5, 0x22, 0x3D, 0x2D, 0x04, 0x62, 0x3F,
    0x08, 0x9E, 0x2D, 0x23, 0x67, 0x1B, 0xCA, 0x70, 0xB7, 0xD6, 0x62, 0x0D, 0xDE, 0xEA, 0x3E, 0x4F,
    0xF3, 0x06, 0x7E, 0xFB, 0x0B, 0xF7, 0xC0, 0x17, 0x35, 0x41, 0xB8, 0xE6, 0xF2, 0xDA, 0xE8, 0x82,
    0xA5, 0x01, 0x9D, 0xC5, 0x4A, 0xB0, 0x8C, 0x27, 0xE5, 0x0A, 0x10, 0xA5, 0xBA, 0xF1, 0x3A, 0xAB,
    0xA8, 0x1C, 0x8C, 0x59, 0x2D, 0x0C, 0x1B, 0xF0, 0x9D, 0xFE, 0xAD, 0xDA, 0x33, 0xA6, 0x71, 0x36,
    0xD2, 0x88, 0x2D, 0xEC, 0x85, 0xAE, 0x64, 0x9A, 0x2B, 0xC7, 0x35, 0xCD, 0x7F, 0x1F, 0xE3, 0xB0,
    0xE5, 0x88, 0x6F, 0xCF, 0x3E, 0xE5, 0x57, 0xB9, 0x69, 0x0C, 0x2F, 0x6F, 0xB9, 0x2F, 0x6F, 0x0D,
    0xC3, 0x36, 0xD6, 0x54, 0xAA, 0xED, 0xCB, 0x55, 0x5E, 0x32, 0x45, 0x7C, 0xD9, 0x8B, 0x49, 0xB4,
    0xAA, 0x53, 0x15, 0xC9, 0x12, 0x4B, 0x76, 0xC3, 0x2B, 0xC1, 0xED, 0x0F, 0x94, 0xBC, 0x30, 0x70,
    0x08, 0x66, 0xC7, 0xA5, 0xA2, 0xE2, 0x29, 0x2D, 0xF6, 0x2F, 0x46, 0x49, 0x01, 0xDF, 0x53, 0x05,
    0xED, 0x25, 0x73, 0x20, 0x8C, 0x6C, 0xD8, 0x00, 0x62, 0x85, 0x51, 0xC1, 0x3C, 0x3B, 0x2B, 0x86,
    0xE2, 0x2B, 0x82, 0x65, 0x93, 0xB9, 0x64, 0xEA, 0x8F, 0x99, 0xC4, 0x6B, 0x24, 0xED, 0x6C, 0x64,
    0xA6, 0xD6, 0xD5, 0x16, 0xB2, 0x51, 0x1B, 0xCB, 0x42, 0x12, 0x38, 0x72, 0x1C, 0xE2, 0xC7, 0xA0,
    0x0C, 0x84, 0x78, 0x97, 0x2F, 0x9E, 0xE8, 0x88, 0x3A, 0xAD, 0x0E, 0x9E, 0x11, 0xD2, 0x12, 0x8A,
    0x88, 0x62, 0xE3, 0xEF, 0x82, 0xD1, 0xB4, 0x7B, 0xE0, 0x5E, 0x9D, 0xBF, 0x7C, 0x82, 0xD5, 0x2E,
    0xB1, 0xB4, 0xBF, 0x7C, 0x36, 0x73, 0xF3, 0x91, 0xA2, 0xA7, 0x68, 0xCC, 0x1F, 0xFE, 0xBD, 0xC5,
    0x89, 0x4A, 0x06, 0x5B, 0xF4, 0xA4, 0xDF, 0xF4, 0x36, 0x8C, 0xEB, 0xD7, 0xB9, 0x5A, 0xE5, 0x3D,
    0xAE, 0x77, 0x49, 0x34, 0xDC, 0x00, 0xF6, 0xC0, 0xF6, 0xE4, 0x2A, 0xD9, 0xD7, 0xD0, 0xD2, 0xC2,
    0x5F, 0xC2, 0xE1, 0xFE, 0xF2, 0xC5, 0xB4, 0x9F, 0xDB, 0x52, 0x54, 0xE1, 0x94, 0x3A, 0xAF, 0x1F,
    0xC3, 0xED, 0xF8, 0xF7, 0xBC, 0x0B, 0x6F, 0x2F, 0x49, 0x31, 0x2E, 0x49, 0x18, 0x2E, 0x9F, 0x4D,
    0x87, 0x8D, 0x44, 0x0E, 0x48, 0xE0, 0x0C, 0x07, 0x77, 0x8C, 0x60, 0xE6, 0x3D, 0x24, 0x9C, 0x0B,
    0x09, 0x5F, 0x95, 0xBA, 0x29, 0xB2, 0xA0, 0x02, 0x92, 0x0D, 0x0F, 0xD0, 0x70, 0x52, 0xB5, 0x1A,
    0x24, 0x3B, 0xC9, 0x7E, 0xFF, 0xCB, 0x64, 0xC1, 0x9B, 0x68, 0xE4, 0x4E, 0xB3, 0xB6, 0x5A, 0x81,
    0x58, 0x43, 0xD8, 0x15, 0x7E, 0xE5, 0x86, 0xC8, 0x42, 0xB7, 0x58, 0x60, 0x17, 0xA9, 0xA2, 0x6D,
    0xC8, 0x61, 0x0E, 0x09, 0x2C, 0x0E, 0x79, 0x46, 0xEE, 0xC7, 0xC0, 0xDA, 0x48, 0x48, 0x01, 0x59,
    0x8A, 0xF1, 0x09, 0xC8, 0x22, 0x61, 0xE8, 0x6E, 0x16, 0x68, 0x8F, 0x42, 0xA4, 0x9E, 0x92, 0xBC,
    0x5C, 0xA5, 0x8A, 0xBF, 0x74, 0x94, 0x99, 0xDE, 0x26, 0x1A, 0x69, 0xB5, 0x64, 0xA3, 0x15, 0x68,
    0x2D, 0x57, 0x56, 0xB5, 0x48, 0x69, 0x1E, 0x11, 0xAA, 0xF6, 0x7C, 0xAA, 0xA8, 0xC2, 0xFF, 0x52,
    0x66, 0xFC, 0xA4, 0xF4, 0xB2, 0x23, 0xEA, 0xBC, 0x95, 0x1D, 0x3E, 0x80, 0xBD, 0x94, 0x9A, 0xAA,
    0x64, 0x12, 0x0A, 0xB2, 0x90, 0x59, 0xC5, 0xAF, 0x8E, 0xFE, 0x37, 0xD5, 0x56, 0x1D, 0x04, 0xB8,
    0x98, 0x27, 0x7C, 0x98, 0x62, 0x5B, 0x25, 0xB2, 0x35, 0x99, 0xB1, 0xF2, 0x62, 0x2F, 0x15, 0x80,
    0xC2, 0x9C, 0xED, 0xCC, 0xDB, 0xC4, 0x24, 0x02, 0x51, 0x3A, 0x0A, 0xED, 0x7A, 0xAB, 0xFD, 0x90,
    0x5B, 0xBD, 0x56, 0xA1, 0x9C, 0x0C, 0x41, 0x72, 0xAD, 0x42, 0xA7, 0xC0, 0x86, 0x42, 0x06, 0x15,
    0x21, 0xD2, 0x21, 0x6D, 0x8F, 0x4C, 0x78, 0x13, 0xCF, 0x66, 0x84, 0xD9, 0xD0, 0x04, 0x13, 0xC4,
    0xDA, 0xAD, 0xB4, 0x86, 0x2B, 0xBE, 0xAF, 0xDC, 0x33, 0xD8, 0x6B, 0xF2, 0x8E, 0x2B, 0x88, 0x5D,
    0x9E, 0x95, 0xEE, 0x38, 0x4A, 0x5E, 0x29, 0x43, 0xFF, 0x78, 0x97, 0x3F, 0x2D, 0x7E, 0x46, 0xBE,
    0x6A, 0x4A, 0x7F, 0x53, 0xDE, 0x0D, 0xEE, 0x78, 0x8A, 0xE6, 0x56, 0x25, 0x9C, 0x7E, 0x85, 0x92,
    0x1B, 0x6F, 0x51, 0x77, 0x98, 0x7E, 0x1F, 0x05, 0xC8, 0xB9, 0x21, 0x87, 0x4F, 0xC6, 0x7B, 0xB7,
    0xDD, 0x42, 0x1F, 0xC0, 0xE1, 0xD6, 0x87, 0x26, 0x38, 0xF2, 0xDE, 0x0F, 0x64, 0x9E, 0xE1, 0x81,
    0x38, 0x6D, 0x0F, 0xDD, 0xFA, 0x30, 0xAE, 0x0F, 0xB3, 0x1E, 0x86, 0x4D, 0xED, 0xC3, 0xF4, 0x04,
    0xE8, 0xAC, 0x87, 0x48, 0x6C, 0x16, 0x0F, 0xD6, 0x86, 0xE5, 0x2A, 0x87, 0xAF, 0x7D, 0xD8, 0x84,
    0x96, 0xCA, 0x29, 0xCF, 0xF9, 0x89, 0x8D, 0x58, 0x6E, 0x00, 0x2F, 0xFA, 0xFF, 0x8E, 0xB4, 0x25,
    0x3C, 0x4C, 0xEB, 0x43, 0xBF, 0x3E, 0xD8, 0xA4, 0x4D, 0x6D, 0x1D, 0x69, 0x00, 0xCA, 0x33, 0x4A,
    0x7C, 0xF9, 0x76, 0xB5, 0x14, 0x52, 0xAC, 0x14, 0x54, 0xB3, 0x29, 0x1E, 0x0D, 0x68, 0x6A, 0x45,
    0xC8, 0xB1, 0x34, 0x41, 0xD5, 0x9D, 0x54, 0xA9, 0xC2, 0x1C, 0xEA, 0xF3, 0x41, 0x1D, 0xB3, 0x4D,
    0x41, 0x9E, 0x13, 0x72, 0xB9, 0x2F, 0x44, 0x3A, 0x68, 0x6A, 0x16, 0xA7, 0x96, 0xA7, 0x29, 0x6B,
    0x16, 0x4F, 0x5C, 0x91, 0x0C, 0x89, 0x26, 0xF2, 0x64, 0xC6, 0x77, 0xC0, 0x0D, 0xDB, 0x40, 0xC0,
    0x88, 0xF3, 0xE5, 0x73, 0xD1, 0xC4, 0x05, 0xF4, 0x9D, 0xF0, 0x59, 0xB7, 0x29, 0x5B, 0x84, 0x26,
    0x1B, 0x69, 0x4F, 0x3E, 0xD0, 0x1C, 0x30, 0xCC, 0x33, 0xB2, 0x6E, 0xB3, 0xA1, 0xEC, 0xCA, 0x3E,
    0x1D, 0xEA, 0x16, 0xC4, 0x1B, 0x61, 0x9A, 0xA1, 0x9C, 0xA1, 0xF4, 0xF8, 0xAF, 0xE2, 0x9C, 0x3B,
    0x5D, 0xEE, 0xD6, 0x32, 0xA4, 0x94, 0xBC, 0xF0, 0xFF, 0x64, 0x8E, 0x7E, 0x38, 0xBA, 0x6C, 0xA6,
    0x39, 0x0B, 0xAD, 0x99, 0x69, 0x0C, 0x09, 0xD5, 0xB8, 0x85, 0x11, 0x7D, 0xEA, 0x5B, 0xAC, 0xC7,
    0xCC, 0xAE, 0x19, 0xFA, 0xFE, 0x7F, 0x02, 0x3C, 0x7D, 0x74, 0x24, 0xEA, 0xD6, 0x7F, 0x6D, 0x2C,
    0xFB, 0xF2, 0xD9, 0x90, 0x8F, 0xB9, 0xEF, 0x52, 0xC6, 0x7C, 0xCC, 0x0D, 0x36, 0xDA, 0x25, 0x5B,
    0x6A, 0x6E, 0x12, 0x8F, 0xB8, 0xBC, 0x8F, 0x0A, 0x97, 0xAD, 0x0D, 0x24, 0xDD, 0x8E, 0x13, 0x56,
    0xBB, 0x86, 0x7B, 0xAB, 0xBE, 0x08, 0xF4, 0xCD, 0x9B, 0xF2, 0xE5, 0xD9, 0x36, 0x8E, 0x2F, 0xEA,
    0x76, 0x1D, 0xAC, 0x69, 0x99, 0x75, 0x97, 0xD5, 0x45, 0xC7, 0x53, 0x76, 0x5B, 0x1F, 0xA8, 0x70,
    0x8B, 0x23, 0x7E, 0xC4, 0xF7, 0x0C, 0xB4, 0x44, 0x9C, 0x9E, 0x6B, 0x47, 0x9C, 0xB8, 0x93, 0xFF,
    0x25, 0x5A, 0x32, 0x7B, 0x0C, 0x79, 0xE0, 0x2B, 0x98, 0x3C, 0xC0, 0x76, 0x1C, 0xDA, 0x77, 0xF9,
    0xB4, 0x79, 0xC4, 0x3D, 0xB8, 0xD9, 0x8D, 0xF6, 0xAD, 0x35, 0x3B, 0xF1, 0xFE, 0xF3, 0xF9, 0xFC,
    0x4B, 0x3D, 0x4F, 0x45, 0x92, 0xA0, 0x1B, 0xCD, 0x10, 0x64, 0x62, 0xA8, 0x34, 0xEB, 0x5B, 0x81,
    0x16, 0x83, 0x15, 0x67, 0xB8, 0x62, 0x9E, 0x35, 0xED, 0x2C, 0x8F, 0xAF, 0x89, 0xD7, 0xD2, 0xB3,
    0xFB, 0x08, 0xC6, 0xDD, 0x39, 0x71, 0xD4, 0x10, 0xDC, 0x22, 0x7C, 0x68, 0x59, 0x8F, 0xC5, 0x27,
    0x69, 0xC6, 0x2B, 0x37, 0xAF, 0x05, 0x2F, 0xB8, 0x54, 0x50, 0x8B, 0xCC, 0xE8, 0xD3, 0x4C, 0x06,
    0xB2, 0x0B, 0x14, 0xA8, 0x30, 0x24, 0xB1, 0x2B, 0xE1, 0x45, 0x94, 0x7F, 0xA7, 0x9E, 0xF6, 0x43,
    0xAF, 0x2C, 0x13, 0xA1, 0x50, 0x4C, 0x47, 0x42, 0x8E, 0xAD, 0x72, 0xCD, 0x02, 0xE7, 0x8D, 0x24,
    0x36, 0x3D, 0xB6, 0xC4, 0x98, 0x48, 0x66, 0xF6, 0x0C, 0xC1, 0x1E, 0x90, 0x21, 0x35, 0x12, 0x64,
    0xDF, 0xC2, 0x0E, 0x59, 0x85, 0x4C, 0xB7, 0x1E, 0x31, 0x93, 0x4C, 0x5F, 0x1E, 0x6C, 0x8B, 0x85,
    0x06, 0x11, 0xC9, 0x64, 0xB0, 0x73, 0xF3, 0xE6, 0x76, 0x8A, 0x13, 0x16, 0xE6, 0xB1, 0x74, 0x92,
    0x91, 0x7B, 0x8F, 0xC9, 0xC2, 0x72, 0x05, 0x6A, 0x57, 0xFF, 0xF5, 0x91, 0x55, 0x2F, 0x97, 0x1B,
    0xF6, 0x5C, 0xF3, 0x58, 0xA4, 0xA0, 0xBC, 0x29, 0x5F, 0xE3, 0x31, 0xB2, 0x5F, 0x91, 0x5F, 0x18,
    0x91, 0x0E, 0x30, 0x26, 0xEF, 0x63, 0x2F, 0x48, 0x73, 0x65, 0x0B, 0x7B, 0x6A, 0x23, 0xFB, 0xEC,
    0x6A, 0x0A, 0x57, 0xFF, 0x1D, 0x8C, 0x29, 0x69, 0x51, 0xFE, 0xC1, 0x42, 0xAB, 0xA6, 0x60, 0x54,
    0x42, 0x9B, 0x76, 0xBE, 0x0F, 0x76, 0xC9, 0x2C, 0xE3, 0xAD, 0xDE, 0x10, 0xFB, 0x48, 0x9C, 0x03,
    0x0A, 0x32, 0x78, 0x9C, 0x9C, 0x74, 0x5E, 0x3C, 0xB7, 0x20, 0x45, 0xDF, 0xAC, 0x85, 0xA0, 0xE3,
    0xEF, 0xB0, 0x89, 0xA3, 0x30, 0x54, 0x20, 0x92, 0xCC, 0x02, 0x1E, 0x23, 0xCF, 0x18, 0x6A, 0xD5,
    0x29, 0x94, 0xA4, 0xDA, 0x0A, 0x92, 0xFD, 0x6F, 0x6B, 0xEF, 0x76, 0x7E, 0x65, 0xB5, 0x9C, 0x97,
    0x8D, 0x5A, 0x25, 0xEF, 0x05, 0x46, 0xBE, 0x4D, 0xBC, 0x0C, 0xDE, 0xC9, 0x48, 0xAD, 0x2A, 0x5B,
    0xAC, 0x01, 0xAD, 0xAD, 0x03, 0xCD, 0x43, 0x4D, 0xBC, 0x8F, 0x42, 0x77, 0x91, 0x8B, 0x16, 0x23,
    0x55, 0x92, 0x85, 0x81, 0xB3, 0xF3, 0x2C, 0x39, 0x5B, 0x75, 0x48, 0x68, 0xC3, 0x16, 0x55, 0x17,
    0x1A, 0x91, 0xEB, 0xB2, 0x12, 0xDD, 0x68, 0xA2, 0x05, 0x32, 0xFD, 0x92, 0x2B, 0xF2, 0x54, 0x64,
    0x37, 0x6A, 0x70, 0x23, 0x54, 0x88, 0x02, 0x61, 0xB0, 0xA5, 0x79, 0x33, 0x8D, 0x64, 0x1D, 0x52,
    0xA7, 0x9B, 0xDF, 0x27, 0x1A, 0x0D, 0xCB, 0x02, 0x81, 0x39, 0xA3, 0x57, 0x3E, 0xF5, 0xF3, 0xD3,
    0x3E, 0x20, 0xED, 0x2D, 0xFA, 0xB8, 0xA8, 0xDF, 0x5B, 0x8B, 0x83, 0x84, 0xE3, 0xDE, 0x54, 0x81,
    0xDB, 0x7D, 0x52, 0xEA, 0xC0, 0x2F, 0x6F, 0x28, 0xD9, 0x74, 0x5F, 0xE5, 0xDC, 0x1B, 0xF6, 0x37,
    0x4D, 0xE8, 0xD9, 0x28, 0xC1, 0x16, 0x57, 0x6E, 0x91, 0x4B, 0xC2, 0xAF, 0x2F, 0xD0, 0xF2, 0xD6,
    0xFF, 0x57, 0xD5, 0xC0, 0x9D, 0x91, 0xAA, 0x08, 0xB7, 0xC9, 0x4F, 0xBE, 0xBF, 0xB1, 0x3F, 0xD0,
    0x84, 0x06, 0x39, 0xE8, 0x03, 0xD5, 0x6D, 0x58, 0x39, 0x94, 0x42, 0x8F, 0xCE, 0x44, 0xB5, 0x21,
    0xDE, 0x0D, 0x79, 0x97, 0xFE, 0x46, 0xA6, 0xDD, 0x26, 0xBE, 0x7C, 0x53, 0x74, 0x14, 0xC3, 0x57,
    0x6A, 0x4F, 0x1F, 0x7A, 0x9A, 0xE6, 0x41, 0x46, 0x5E, 0x7A, 0xF7, 0x70, 0xFE, 0x2A, 0xCE, 0xFA,
    0xE5, 0xE8, 0x16, 0x71, 0x52, 0x43, 0x45, 0xB7, 0xCF, 0x8B, 0xFE, 0x44, 0x74, 0x3F, 0xF5, 0x3D,
    0x9D, 0xD0, 0x73, 0x23, 0x32, 0x9E, 0x1A, 0xF4, 0x65, 0xA0, 0xF9, 0xFD, 0x19, 0xE1, 0x82, 0x38,
    0xCB, 0xC9, 0xCE, 0x89, 0xC7, 0x7F, 0xB6, 0x14, 0x7B, 0x72, 0x33, 0x51, 0xCC, 0xFE, 0x8A, 0x84,
    0xB8, 0x31, 0xE4, 0x8C, 0xEE, 0x2D, 0x5E, 0xBF, 0x25, 0xE2, 0xD0, 0x3F, 0x45, 0xDC, 0xA9, 0x19,
    0xF0, 0xE2, 0xF5, 0xD3, 0x0E, 0xED, 0x4A, 0xCF, 0x92, 0xD3, 0x59, 0x89, 0xB6, 0xE2, 0xF3, 0x06,
    0xC2, 0x91, 0x21, 0x3E, 0x0F, 0x05, 0x40, 0x15, 0x20, 0x15, 0xD1, 0x74, 0x0A, 0x79, 0x96, 0x50,
    0x2F, 0x1E, 0x5D, 0xFE, 0xAE, 0x0C, 0x76, 0x35, 0xAA, 0x0E, 0x86, 0x3A, 0xF4, 0x15, 0x7C, 0x57,
    0xF8, 0xAF, 0x13, 0x9A, 0x61, 0x8D, 0x7D, 0x9A, 0x3A, 0xE8, 0x3C, 0xE8, 0x8B, 0xA0, 0x55, 0xB4,
    0xD4, 0x2E, 0x04, 0xBD, 0xF3, 0x6B, 0xE7, 0xA4, 0x92, 0xE4, 0x58, 0xCA, 0xD0, 0x36, 0xA9, 0xB2,
    0xB9, 0x8C, 0xD5, 0x69, 0x86, 0x65, 0x82, 0x77, 0x6B, 0x82, 0xE2, 0xA0, 0x49, 0xC0, 0x09, 0xF5,
    0x78, 0x7B, 0x45, 0x75, 0xE1, 0x1F, 0xAD, 0xC5, 0x61, 0xA3, 0x11, 0x2A, 0x9F, 0xBF, 0x12, 0xA3,
    0x8C, 0xB4, 0x75, 0x02, 0xC8, 0xEF, 0xFC, 0x3B, 0x03, 0xEF, 0x78, 0x7F, 0x6F, 0xBE, 0x57, 0x28,
    0xF6, 0x6F, 0x19, 0x3E, 0xA6, 0x5A, 0x2D, 0x19, 0x0F, 0x09, 0xBC, 0xF3, 0xC5, 0x45, 0xA8, 0xCA,
    0x42, 0xA5, 0x46, 0x56, 0x34, 0x34, 0xF2, 0xCA, 0xDD, 0xC1, 0x63, 0x83, 0x3C, 0xF6, 0x55, 0x05,
    0x05, 0x3D, 0xE6, 0xE4, 0xB1, 0x78, 0x16, 0x25, 0xF7, 0x5F, 0x9F, 0x5E, 0xE9, 0xB1, 0x78, 0xF5,
    0x98, 0xD9, 0x82, 0x83, 0xCF, 0xC1, 0x63, 0xCB, 0xEA, 0xB1, 0x55, 0xC3, 0xA2, 0x94, 0x6B, 0x5D,
    0x99, 0xA7, 0xEA, 0xE0, 0xA1, 0xD5, 0x63, 0xBB, 0x60, 0x8F, 0x7B, 0xC8, 0x0E, 0xF1, 0x64, 0xE6,
    0xBD, 0xB4, 0x79, 0x38, 0x57, 0xF9, 0xBD, 0xE9, 0xE1, 0x89, 0x1E, 0x86, 0xF7, 0xCE, 0x79, 0x38,
    0x0E, 0x1E, 0x1E, 0xAF, 0x43, 0x24, 0xA3, 0xA0, 0x20, 0x2B, 0xDE, 0x35, 0x72, 0x63, 0x23, 0xEB,
    0x9B, 0xB5, 0xC5, 0xDC, 0x98, 0x83, 0x5F, 0x5B, 0xA0, 0x95, 0x83, 0xFC, 0xCB, 0x7C, 0x27, 0x42,
    0x72, 0x8F, 0x3F, 0x4C, 0xD9, 0x4F, 0xE7, 0xF5, 0x47, 0xE6, 0xDE, 0xDD, 0xBC, 0x9B, 0xC3, 0xE1,
    0xFD, 0xB4, 0x56, 0xC0, 0x50, 0x0C, 0x53, 0x73, 0xE3, 0xED, 0x1F, 0xF1, 0x44, 0x5E, 0x3A, 0x39,
    0xB5, 0xFE, 0x70, 0x50, 0x48, 0xA3, 0xF9, 0x74, 0x55, 0x4F, 0xBB, 0xAD, 0xC4, 0x80, 0xEC, 0x24,
    0x53, 0x24, 0xF6, 0x3A, 0x24, 0x93, 0xF2, 0x21, 0x99, 0xF8, 0x4F, 0x57, 0x97, 0x18, 0x81, 0x8B,
    0xF6, 0x35, 0x7C, 0x5F, 0x07, 0xD7, 0x87, 0xFD, 0xAB, 0xFD, 0xE0, 0x64, 0x49, 0x26, 0x31, 0xB5,
    0x8C, 0xEB, 0x88, 0x33, 0x69, 0xE5, 0x82, 0x59, 0x95, 0x4C, 0x5B, 0x95, 0x03, 0xED, 0xDE, 0x05,
    0x7B, 0xC8, 0xB7, 0x64, 0x2D, 0xE8, 0x57, 0xAA, 0x56, 0x00, 0x12, 0xD6, 0xD2, 0x72, 0x35, 0x2E,
    0x78, 0x90, 0x89, 0xBF, 0x59, 0xBD, 0xF5, 0x48, 0x27, 0xEC, 0xD2, 0xCE, 0x4E, 0x9A, 0xB7, 0xCE,
    0xAD, 0xF7, 0xA5, 0x58, 0x33, 0x17, 0xD4, 0xCF, 0xCF, 0xF8, 0x85, 0x1B, 0x00, 0xAE, 0x2A, 0x84,
    0xB0, 0x38, 0xF3, 0x96, 0x3D, 0x46, 0x2C, 0xFE, 0x02, 0xBE, 0x8A, 0xE8, 0x28, 0xBB, 0x5C, 0x80,
    0x9C, 0x01, 0xAA, 0x6B, 0x71, 0x1B, 0x84, 0x53, 0x65, 0x21, 0xEC, 0x43, 0xAA, 0x4D, 0xE1, 0xCC,
    0xF3, 0x11, 0x18, 0x24, 0x73, 0xFE, 0xBE, 0x3C, 0x38, 0x62, 0x7C, 0x4B, 0x76, 0x6C, 0xEB, 0xF8,
    0x16, 0x9C, 0x95, 0x4E, 0xC7, 0xFA, 0x60, 0xEB, 0xEC, 0x1B, 0x48, 0xD8, 0x13, 0xDB, 0xBF, 0xCA,
    0xCC, 0x1E, 0x42, 0x20, 0xA9, 0x61, 0xC3, 0x8B, 0x53, 0x0D, 0x75, 0x24, 0xB6, 0x95, 0x63, 0x16,
    0xD2, 0xB8, 0x34, 0x98, 0xB8, 0x6F, 0x84, 0x9E, 0x70, 0x33, 0xFF, 0xAE, 0x30, 0xEF, 0x99, 0xE5,
    0xC3, 0xF2, 0x48, 0x57, 0xB2, 0xD8, 0xC5, 0x74, 0x92, 0xA3, 0xF3, 0xCF, 0xFF, 0xB5, 0xD7, 0xCA,
    0xA9, 0x77, 0x42, 0xCE, 0x42, 0xCE, 0xAF, 0x8C, 0xEE, 0x9C, 0x95, 0x9B, 0x70, 0xAB, 0x95, 0x21,
    0x10, 0xC0, 0x30, 0xF3, 0xF2, 0xC0, 0x22, 0x39, 0x49, 0xF6, 0x2B, 0x45, 0xDF, 0xD4, 0x57, 0x9C,
    0x87, 0x1E, 0x82, 0x7C, 0x1C, 0xEB, 0xE2, 0x6C, 0xA2, 0xB8, 0x58, 0xAB, 0xA7, 0xA1, 0x38, 0x0E,
    0xC9, 0xB3, 0xCC, 0xF4, 0xC4, 0xAD, 0xD5, 0xBA, 0x39, 0x14, 0x91, 0xBF, 0x7F, 0xC8, 0x6D, 0xB7,
    0x6A, 0xEE, 0xB8, 0x0A, 0x9C, 0x77, 0xAD, 0xB8, 0xAE, 0x05, 0xB2, 0xEC, 0xC4, 0xFE, 0xDD, 0x67,
    0x08, 0x39, 0x09, 0x41, 0x2F, 0xA1, 0x51, 0x6A, 0x67, 0x62, 0xDA, 0x1B, 0x7A, 0xA8, 0xA0, 0x76,
    0x27, 0x2A, 0x9E, 0xB4, 0x48, 0x50, 0x49, 0x50, 0xE3, 0xB1, 0x4A, 0x87, 0x63, 0x95, 0xF5, 0xC7,
    0x2A, 0x3F, 0x51, 0xB0, 0x44, 0xAA, 0x95, 0xAA, 0xCD, 0x48, 0xB3, 0x15, 0xCE, 0x05, 0x46, 0xCD,
    0x35, 0xAC, 0x03, 0x54, 0xD5, 0x5E, 0x88, 0xC5, 0x16, 0x27, 0xF7, 0x23, 0x0F, 0x60, 0x0D, 0x02,
    0xF6, 0xB4, 0x64, 0xCE, 0x4C, 0xE5, 0x8A, 0x66, 0x2E, 0x78, 0x00, 0x16, 0xBB, 0x08, 0xDD, 0x44,
    0x2E, 0xBF, 0x9F, 0x91, 0x6D, 0xB2, 0x97, 0x65, 0x73, 0x90, 0xF5, 0x91, 0xF4, 0x95, 0x24, 0xD3,
    0x6C, 0x23, 0xB9, 0x55, 0xA6, 0xED, 0x84, 0x08, 0xB8, 0x05, 0xF8, 0x50, 0x6C, 0x72, 0x11, 0x57,
    0x9F, 0xB1, 0x9B, 0x75, 0xAE, 0x2E, 0x32, 0x88, 0x34, 0xD0, 0x94, 0xD1, 0x69, 0x7F, 0x30, 0x39,
    0x58, 0x6C, 0x24, 0xF5, 0xCE, 0x62, 0xA5, 0x2B, 0xC7, 0xE2, 0x5E, 0x0B, 0x04, 0x91, 0x1A, 0xBC,
    0xD0, 0x8E, 0xD1, 0x7D, 0x61, 0xC3, 0x52, 0xC7, 0x5B, 0x86, 0x68, 0x29, 0x2A, 0x08, 0xE4, 0xE7,
    0x5B, 0xCA, 0xA4, 0xD7, 0x33, 0x10, 0x22, 0xD9, 0x75, 0x71, 0x77, 0xE2, 0xA2, 0x34, 0xB0, 0xB2,
    0x5C, 0xB9, 0x5F, 0x67, 0xC6, 0x96, 0x0C, 0x4B, 0x51, 0x81, 0x92, 0xA1, 0x47, 0xBC, 0x0E, 0x85,
    0xF4, 0x8D, 0x95, 0x01, 0xCF, 0x79, 0x75, 0xAF, 0xC5, 0xBC, 0x20, 0x80, 0x3D, 0xC0, 0xB1, 0x5A,
    0x4C, 0x85, 0x92, 0x63, 0x05, 0x27, 0x36, 0x65, 0x8C, 0x24, 0xD0, 0x93, 0xB5, 0x21, 0x2B, 0x4D,
    0xAD, 0xFE, 0xBD, 0xDB, 0xDF, 0xBE, 0x91, 0xBA, 0x26, 0x5F, 0x35, 0xA5, 0x3B, 0x92, 0x42, 0x08,
    0x4B, 0x0A, 0xEB, 0xAC, 0x6A, 0x61, 0xBE, 0xC8, 0xCF, 0xC6, 0x1B, 0x15, 0x92, 0xFD, 0x8B, 0x7B,
    0x03, 0x0E, 0xCC, 0x5A, 0xC4, 0x2E, 0xEB, 0x46, 0x83, 0x50, 0x5F, 0xDD, 0xE8, 0x03, 0x42, 0x13,
    0x75, 0x56, 0x4C, 0xEE, 0xD5, 0xE2, 0xCE, 0xBC, 0x98, 0x9D, 0x54, 0xBD, 0x52, 0xB2, 0x46, 0x6D,
    0xD4, 0xDA, 0x45, 0xED, 0x85, 0x3F, 0x27, 0x5E, 0x41, 0xE4, 0x0D, 0x2A, 0x01, 0xCC, 0xE4, 0x1A,
    0xD4, 0x73, 0xD0, 0x0B, 0xF9, 0x1A, 0xB4, 0xF0, 0x8A, 0xBA, 0x70, 0x25, 0xEA, 0xAE, 0x87, 0x8B,
    0x6B, 0x5C, 0xB6, 0x2F, 0x31, 0x17, 0x77, 0xEF, 0xF3, 0x76, 0xB3, 0x50, 0x67, 0xDD, 0x76, 0xA6,
    0x4E, 0xFB, 0x68, 0xA2, 0x4E, 0x86, 0x9D, 0x74, 0x3C, 0xC6, 0x6C, 0x73, 0xFC, 0x6E, 0x4A, 0x58,
    0x01, 0x7D, 0x34, 0xA7, 0xA6, 0x97, 0xAC, 0xA5, 0xDE, 0xF8, 0x9C, 0x85, 0x0C, 0x61, 0x57, 0x07,
    0xCD, 0x1A, 0x0C, 0x0D, 0xA4, 0x04, 0x6C, 0x52, 0x10, 0x30, 0x21, 0x66, 0xD3, 0xAC, 0x91, 0x7E,
    0xF4, 0xCC, 0xF8, 0x15, 0x3A, 0x57, 0xEC, 0x5C, 0xC1, 0x73, 0x8F, 0x45, 0x75, 0xEB, 0x8E, 0xF0,
    0xD3, 0xB8, 0xBC, 0x21, 0xA8, 0xEA, 0x22, 0x7B, 0x17, 0xFC, 0x48, 0x55, 0x44, 0x52, 0x95, 0x29,
    0x94, 0x59, 0xA8, 0x17, 0x2D, 0x81, 0xCF, 0x3F, 0xEB, 0x12, 0xD4, 0x2A, 0xFF, 0xB4, 0xCF, 0x9E,
    0x42, 0xBD, 0x37, 0xE4, 0x54, 0xEF, 0x8E, 0xF9, 0x3B, 0x50, 0x97, 0x13, 0x89, 0xA6, 0x7F, 0x32,
    0x7B, 0xAA, 0xC7, 0x7E, 0xD6, 0x7D, 0xFA, 0x49, 0xAA, 0x36, 0x55, 0x8E, 0x89, 0x2E, 0xAD, 0x27,
    0xA4, 0x36, 0x59, 0x4F, 0x4C, 0x6D, 0xD2, 0x2E, 0x80, 0xEA, 0x3E, 0xB9, 0x2C, 0xAB, 0x0C, 0x57,
    0x03, 0xB0, 0xAE, 0xC9, 0x95, 0x77, 0x9F, 0x18, 0xA1, 0xCC, 0x3A, 0xEE, 0x90, 0xF6, 0x94, 0xC9,
    0x48, 0x7F, 0xC5, 0x84, 0x48, 0x12, 0x19, 0xE6, 0xCE, 0xC3, 0xF1, 0x3A, 0x45, 0x32, 0x2B, 0x25,
    0xB7, 0x74, 0x1A, 0x93, 0x42, 0x29, 0xA5, 0xDE, 0x67, 0xE2, 0x2C, 0x01, 0x30, 0xC8, 0x34, 0x8B,
    0x15, 0x88, 0x12, 0x6B, 0x5A, 0x6F, 0x45, 0x31, 0x1B, 0x78, 0x07, 0x24, 0x52, 0xA2, 0x77, 0x60,
    0x5A, 0x68, 0x1A, 0xB6, 0x62, 0x25, 0x62, 0x89, 0xC6, 0xA3, 0x0A, 0xB1, 0x26, 0xAB, 0x4D, 0x46,
    0x6D, 0x5A, 0x80, 0x38, 0x58, 0x1E, 0xC9, 0x63, 0xDE, 0x13, 0x5A, 0xF2, 0x51, 0xED, 0xD7, 0xB4,
    0xFD, 0xE3, 0xCD, 0x9F, 0xB8, 0x68, 0x8E, 0xB8, 0x8A, 0x78, 0x1A, 0xE3, 0x57, 0x98, 0x1A, 0x9F,
    0x72, 0xE0, 0x87, 0xF8, 0x6F, 0xEC, 0x55, 0xC1, 0xFC, 0x64, 0x64, 0x25, 0x7A, 0x14, 0x1F, 0x67,
    0x2C, 0x12, 0xDB, 0xF3, 0x2D, 0xC3, 0x0B, 0xA2, 0x1E, 0xF0, 0x9B, 0x6F, 0x29, 0x1A, 0x09, 0x0C,
    0xF6, 0x5D, 0xE6, 0xD5, 0xBD, 0x60, 0x08, 0xCE, 0x9B, 0xA2, 0x89, 0x20, 0xA6, 0xD7, 0xE0, 0x10,
    0x43, 0xDA, 0x1A, 0x1B, 0x5C, 0xE5, 0x76, 0x48, 0xAB, 0xF3, 0xDC, 0x5B, 0x0E, 0x2C, 0x17, 0xA3,
    0xC8, 0x7B, 0x69, 0x0E, 0x8F, 0x16, 0xB2, 0xCA, 0xDD, 0x4C, 0xD7, 0xC5, 0x13, 0x5D, 0x67, 0xAB,
    0xA5, 0x23, 0x5D, 0x97, 0x0D, 0xAA, 0xE6, 0xBD, 0xEA, 0x78, 0xC7, 0x7E, 0xCB, 0xB7, 0xE4, 0xE3,
    0x72, 0x1D, 0xDD, 0xC8, 0x78, 0xA5, 0xEB, 0xE4, 0xC6, 0x96, 0xCD, 0x4B, 0xDD, 0x81, 0x56, 0x02,
    0x8D, 0xE9, 0xC6, 0x7C, 0x00, 0xD5, 0x84, 0xD3, 0xE8, 0xC6, 0x74, 0xA2, 0x1B, 0xF1, 0x6E, 0xDA,
    0xF5, 0x38, 0xBD, 0xE8, 0xF3, 0x2A, 0xF4, 0xDB, 0xB1, 0xEF, 0x90, 0xEB, 0xA2, 0x74, 0x31, 0x7D,
    0x17, 0xD1, 0x77, 0xDB, 0x8F, 0xE5, 0xBB, 0x99, 0xBE, 0x1B, 0xE4, 0xBB, 0xF2, 0xA8, 0x41, 0x08,
    0x5D, 0x98, 0x16, 0x52, 0x59, 0x0C, 0x3A, 0xEF, 0x2C, 0x4F, 0xCB, 0x76, 0x6D, 0xA8, 0x82, 0x2E,
    0xA4, 0xB7, 0xDE, 0xF2, 0x99, 0xA8, 0xCE, 0xD8, 0x8D, 0x67, 0xA3, 0x90, 0x4C, 0x36, 0x6A, 0x14,
    0x26, 0x69, 0xA2, 0x08, 0xC7, 0x95, 0xA1, 0x2F, 0xF1, 0xA7, 0x7A, 0x1B, 0x74, 0xE4, 0x0D, 0x1F,
    0xE4, 0xDE, 0xC6, 0xAD, 0xD5, 0x55, 0xF4, 0x9F, 0x5A, 0x4C, 0x8E, 0x9D, 0x63, 0xD0, 0x08, 0x2D,
    0xF7, 0xF0, 0x8A, 0xC6, 0xFF, 0x88, 0x41, 0x6B, 0x6D, 0xA5, 0x2E, 0xC0, 0x4F, 0x0C, 0xB1, 0x16,
    0xCC, 0x5D, 0x1D, 0xE4, 0xE2, 0x2C, 0x01, 0xE9, 0x2C, 0x7C, 0x6C, 0xA4, 0xD5, 0x11, 0xEF, 0xE9,
    0x32, 0x5D, 0x9A, 0x5C, 0x4A, 0xB7, 0xB1, 0x19, 0x82, 0xE3, 0x88, 0xD7, 0x1D, 0x91, 0xF7, 0x0F,
    0x6C, 0xDA, 0x84, 0x09, 0xEF, 0x40, 0xA5, 0x1E, 0x7D, 0x92, 0x1F, 0x01, 0xF8, 0xB8, 0x9F, 0xCA,
    0x57, 0x79, 0x0B, 0xBC, 0x6C, 0xE0, 0xAA, 0x0A, 0xF4, 0x06, 0xD6, 0xCC, 0xB8, 0x94, 0xEE, 0x90,
    0xB5, 0x2C, 0x91, 0x87, 0x6F, 0xBB, 0x96, 0x81, 0x93, 0xAF, 0x51, 0x9B, 0xC3, 0xF7, 0xDC, 0x98,
    0xC3, 0xD8, 0xF6, 0x78, 0xCD, 0xED, 0xF7, 0xB7, 0x7F, 0xE2, 0x76, 0x13, 0x5A, 0xD2, 0x68, 0x11,
    0x83, 0x64, 0x1E, 0xD6, 0xCC, 0xD1, 0x07, 0xA7, 0x79, 0x48, 0xAA, 0xB3, 0xD9, 0xC7, 0x52, 0xAA,
    0x78, 0x18, 0xD1, 0x45, 0x94, 0x1D, 0xC0, 0x00, 0xF0, 0x7C, 0x2B, 0xD9, 0x0A, 0xE0, 0x2D, 0x5E,
    0x01, 0xE8, 0x7F, 0x60, 0x73, 0x19, 0x32, 0x5C, 0x0F, 0x4E, 0x7B, 0xA0, 0xDD, 0xFC, 0x73, 0x23,
    0xF4, 0x24, 0x78, 0xA8, 0xD6, 0x8A, 0x47, 0x14, 0x8A, 0xE7, 0xEC, 0x6F, 0xBE, 0x64, 0x0C, 0x6C,
    0x8F, 0xFF, 0x46, 0xA6, 0xAD, 0x36, 0xA0, 0x93, 0xD0, 0xC5, 0x9D, 0x91, 0x0D, 0xDF, 0x32, 0x2D,
    0xCB, 0x8E, 0x33, 0xEA, 0x96, 0x33, 0x00, 0xDC, 0x03, 0x6F, 0x15, 0xDD, 0x4C, 0x6A, 0xB0, 0x65,
    0x40, 0x36, 0x28, 0xBE, 0x30, 0xF8, 0x82, 0xAD, 0xCC, 0x96, 0xCD, 0x4F, 0xCE, 0xA0, 0xCC, 0xE9,
    0x91, 0x9C, 0xA3, 0xBE, 0xC4, 0x09, 0x0C, 0x85, 0x82, 0xA4, 0xA4, 0xB2, 0x78, 0x3E, 0x7B, 0x66,
    0x79, 0x04, 0x2D, 0x68, 0x39, 0xC4, 0xDE, 0xE6, 0x26, 0x5C, 0x45, 0x54, 0x84, 0x51, 0x07, 0x6F,
    0xB6, 0x65, 0xE1, 0xAC, 0x0B, 0x0A, 0x32, 0xAD, 0xF2, 0xC2, 0xDD, 0xFA, 0xF9, 0x54, 0xDD, 0x93,
    0xAF, 0xEE, 0xE9, 0x83, 0x7B, 0xB6, 0xAF, 0x73, 0x4F, 0xD4, 0x27, 0x8D, 0x01, 0xDC, 0x41, 0xE8,
    0xB7, 0xC3, 0x47, 0xE3, 0x3E, 0x45, 0x0F, 0xBA, 0xCD, 0xBC, 0x1B, 0x02, 0x09, 0x48, 0xA6, 0xD3,
    0x07, 0xF7, 0x57, 0xBB, 0xCE, 0xBD, 0xF2, 0x03, 0x54, 0x65, 0xA7, 0xE4, 0x09, 0x16, 0x89, 0x9E,
    0x23, 0xF5, 0x4E, 0xC0, 0xD9, 0x8D, 0x0A, 0x18, 0xC3, 0xB5, 0x6E, 0x8D, 0xD4, 0x09, 0xB8, 0xE5,
    0xE1, 0x74, 0x4C, 0xA6, 0x9D, 0xEA, 0x25, 0xF8, 0x81, 0x36, 0xE3, 0x9E, 0x44, 0x78, 0xC5, 0xB2,
    0x17, 0xFA, 0xD6, 0x01, 0x9E, 0xF6, 0x0F, 0xFB, 0x57, 0x91, 0x7F, 0x47, 0x18, 0x8E, 0x1A, 0x97,
    0x4C, 0xA9, 0xB1, 0x46, 0xFC, 0x5B, 0xD4, 0xEC, 0x24, 0x93, 0xFC, 0x52, 0x6A, 0x2F, 0x66, 0xAA,
    0x76, 0xEF, 0xC8, 0x75, 0xCC, 0x9E, 0x9D, 0x2C, 0x44, 0x15, 0x4A, 0xD4, 0xE0, 0x01, 0x9D, 0x32,
    0x59, 0x4E, 0x0F, 0x0D, 0x76, 0x04, 0xD6, 0xF0, 0xA6, 0x0C, 0x8C, 0x23, 0xF0, 0xE9, 0x6B, 0x7A,
    0x7D, 0x7F, 0xFA, 0xC1, 0x11, 0x84, 0xF8, 0x3A, 0x70, 0x3C, 0x1B, 0xD1, 0x06, 0x70, 0x6E, 0x09,
    0xD5, 0x16, 0x17, 0xA0, 0x41, 0xAD, 0x20, 0xFD, 0x31, 0xB7, 0xC9, 0x7A, 0x7F, 0x49, 0x47, 0x24,
    0x8A, 0x10, 0x2B, 0x05, 0xA4, 0x1C, 0x3B, 0xEB, 0x5C, 0xF4, 0xFB, 0xA2, 0x85, 0x6D, 0x5C, 0xD9,
    0xFB, 0x27, 0x76, 0x2A, 0xF2, 0x5F, 0x46, 0x18, 0xF8, 0x94, 0xCE, 0x84, 0xF5, 0x75, 0x24, 0x1C,
    0x53, 0x27, 0x52, 0xD1, 0xC9, 0xCD, 0x9E, 0x4A, 0x97, 0x7C, 0x54, 0xE0, 0x6E, 0xBB, 0x58, 0x40,
    0xB3, 0x32, 0x63, 0xB4, 0x3A, 0x46, 0x88, 0xA9, 0x3E, 0x57, 0xEC, 0x4E, 0x69, 0xB2, 0x42, 0x2E,
    0x56, 0xD9, 0x55, 0x69, 0x78, 0x44, 0x41, 0x48, 0xD0, 0x09, 0x52, 0x7A, 0x7F, 0x1B, 0xA2, 0xF2,
    0x58, 0xE0, 0x02, 0xBE, 0x82, 0x69, 0x45, 0x1E, 0xCA, 0x24, 0xE9, 0x2A, 0xA6, 0x5D, 0xF0, 0x7C,
    0x51, 0x9F, 0x36, 0x8C, 0xFE, 0xF5, 0xCB, 0xFF, 0x1F, 0x6C, 0xBA, 0x52, 0x02, 0xE0, 0x3B, 0xC0,
    0xA0, 0xE9, 0xB3, 0x6A, 0x6B, 0x79, 0x0A, 0x44, 0x19, 0x56, 0xD8, 0xF8, 0xA5, 0x40, 0x68, 0x54,
    0x42, 0x55, 0xFE, 0xA6, 0x77, 0xC9, 0xF4, 0x45, 0x56, 0x7A, 0x1C, 0x25, 0x67, 0xCD, 0x42, 0x04,
    0x31, 0x93, 0xF2, 0x7D, 0xB7, 0xB0, 0x17, 0xB0, 0x36, 0xA3, 0xDD, 0xF5, 0x40, 0x13, 0x49, 0x62,
    0xF8, 0x53, 0xCE, 0x9F, 0xC4, 0xA6, 0xC3, 0xD1, 0x16, 0x61, 0x7E, 0xE5, 0x36, 0x0F, 0x39, 0x86,
    0x01, 0xB5, 0x62, 0xB1, 0x89, 0x82, 0xFC, 0xEC, 0x0A, 0xA7, 0x69, 0xF7, 0xF9, 0xE7, 0x74, 0x97,
    0x38, 0x5F, 0x71, 0x6E, 0x5F, 0xA6, 0x01, 0x6F, 0xB6, 0x1C, 0xE9, 0xD1, 0x96, 0x57, 0x8E, 0x35,
    0x58, 0x2B, 0x6D, 0xDD, 0xB0, 0x79, 0x1B, 0x38, 0x9D, 0x85, 0xC1, 0x43, 0xAF, 0xD8, 0xA8, 0x38,
    0xE5, 0x66, 0xFF, 0xB2, 0xB1, 0xF2, 0x5D, 0xFD, 0x05, 0x2F, 0xA1, 0xE6, 0x8C, 0x9A, 0x6E, 0x2E,
    0xCD, 0xCD, 0x57, 0x4E, 0x40, 0x72, 0x56, 0x1E, 0xF3, 0xDB, 0x06, 0x01, 0x40, 0x99, 0x4B, 0x96,
    0xDE, 0xDA, 0x4C, 0x47, 0x30, 0x31, 0x3E, 0x43, 0xB9, 0x7B, 0x49, 0x99, 0x7C, 0x40, 0x99, 0xFE,
    0x44, 0xD1, 0x77, 0x29, 0xF9, 0x1D, 0xCA, 0x5A, 0xA4, 0x67, 0xA1, 0x7C, 0x32, 0x53, 0x5E, 0x4E,
    0x94, 0xEF, 0x89, 0x16, 0x3D, 0xED, 0x29, 0x5F, 0x88, 0x1D, 0x19, 0x3D, 0x62, 0xB3, 0xC1, 0x2D,
    0x28, 0x17, 0x49, 0xE1, 0x88, 0x80, 0x8A, 0x19, 0xD1, 0x5F, 0x17, 0xC1, 0xD0, 0x88, 0xD9, 0x14,
    0x53, 0x24, 0x14, 0x19, 0x45, 0x4E, 0x51, 0x52, 0xF0, 0x16, 0x1E, 0xA3, 0xB3, 0xC0, 0xE6, 0x10,
    0xEF, 0x0E, 0x10, 0x4F, 0x91, 0xBC, 0xFE, 0x59, 0x6B, 0xEF, 0x20, 0x2A, 0x0A, 0xE6, 0xE4, 0xA2,
    0x26, 0x85, 0x62, 0xA4, 0x10, 0x51, 0x2A, 0xDF, 0x56, 0x0C, 0x28, 0xED, 0x4C, 0x7E, 0xCB, 0xFD,
    0xD5, 0xB9, 0xA4, 0xB9, 0xE6, 0xB1, 0xFA, 0x7E, 0x1E, 0x2B, 0x8F, 0x3C, 0xE6, 0xEF, 0xEC, 0xB1,
    0xEA, 0x55, 0x1E, 0x43, 0xFA, 0x08, 0x11, 0x8F, 0x84, 0x7E, 0x3B, 0x36, 0x59, 0xBE, 0xDB, 0xED,
    0x7D, 0x97, 0x5E, 0xF3, 0x5D, 0xFD, 0x5A, 0xDF, 0x15, 0xAB, 0xEF, 0xE6, 0x33, 0xBE, 0xBB, 0x59,
    0x97, 0xE3, 0xF6, 0x5B, 0xAF, 0xA8, 0x23, 0x16, 0x9D, 0x25, 0xC3, 0x7D, 0xAB, 0xAC, 0xD9, 0x09,
    0xF7, 0x90, 0x8A, 0x88, 0xE4, 0x8C, 0x67, 0x0B, 0xE8, 0xA9, 0x7A, 0xD2, 0x11, 0x41, 0xCB, 0xEE,
    0xB0, 0xF8, 0xED, 0xD2, 0x46, 0x5A, 0x15, 0x0A, 0x75, 0x59, 0xAB, 0x69, 0xE5, 0xB0, 0x8B, 0xED,
    0x68, 0xBB, 0x07, 0x4B, 0xEE, 0xD0, 0x14, 0x3C, 0x30, 0x22, 0x37, 0x90, 0x82, 0x2D, 0x42, 0xCA,
    0x22, 0x07, 0x1B, 0xA5, 0x85, 0xBE, 0xC5, 0xB6, 0xB2, 0x4F, 0x66, 0xDC, 0x10, 0x7A, 0xAB, 0x71,
    0x39, 0x6B, 0x94, 0xE6, 0xAA, 0x23, 0xD3, 0x7A, 0xC6, 0x18, 0xB7, 0xF5, 0x47, 0x96, 0x9D, 0xBD,
    0xEA, 0xDE, 0x1C, 0x3A, 0xC3, 0x84, 0x23, 0x1B, 0x82, 0x5C, 0xDD, 0xF1, 0x3C, 0xE8, 0x06, 0x61,
    0x74, 0x3A, 0x90, 0x7F, 0x24, 0xA3, 0x11, 0xE4, 0x33, 0xB2, 0x59, 0x9B, 0xD2, 0x64, 0xA2, 0x47,
    0xD0, 0x9A, 0x76, 0x6A, 0x4D, 0xB5, 0x02, 0xE1, 0xD4, 0x77, 0xB6, 0xB2, 0xED, 0x62, 0x3B, 0xB2,
    0x10, 0x74, 0xAB, 0x25, 0xC7, 0xC7, 0x9D, 0xCF, 0x1F, 0x77, 0xE5, 0x44, 0xC7, 0x02, 0x2F, 0x7A,
    0xD0, 0xF0, 0x7A, 0x3D, 0x6E, 0x74, 0xCB, 0x71, 0xAD, 0x9C, 0xDE, 0xBC, 0xC1, 0xF3, 0x65, 0xF6,
    0x17, 0xCF, 0x3D, 0xF7, 0x0C, 0x98, 0xBD, 0x07, 0xA3, 0x83, 0x07, 0xEB, 0xDB, 0x3C, 0x58, 0xD3,
    0x83, 0x1E, 0x1E, 0xDC, 0xD0, 0x83, 0xBB, 0xF3, 0x1E, 0xDC, 0x0D, 0x69, 0x7B, 0xC4, 0x22, 0xB7,
    0x43, 0xD2, 0xDE, 0xE2, 0xB8, 0x45, 0x8C, 0xAA, 0xA7, 0x98, 0x55, 0x98, 0x8A, 0xDF, 0x5E, 0x2B,
    0x7C, 0xB7, 0xD6, 0x33, 0x51, 0xB1, 0x74, 0x64, 0x66, 0x4C, 0xD7, 0x84, 0xB3, 0xFA, 0xEA, 0xC4,
    0xBB, 0xD8, 0x13, 0x3A, 0x51, 0x31, 0xAB, 0x59, 0xDD, 0x5F, 0xE0, 0x74, 0x0D, 0x09, 0x5B, 0xA1,
    0xE5, 0x0F, 0xA5, 0x27, 0x69, 0x72, 0x5D, 0xE9, 0xFA, 0xE5, 0xFF, 0xD7, 0x4F, 0x8C, 0x41, 0x25,
    0x4E, 0x03, 0x63, 0xD8, 0xBC, 0x75, 0x5F, 0xD8, 0xA8, 0xEB, 0x1D, 0xB9, 0x49, 0xC4, 0x2E, 0xF2,
    0xE8, 0xBB, 0xAF, 0xFC, 0xD8, 0xF6, 0xF7, 0x31, 0x0E, 0xDB, 0xB4, 0xF8, 0x56, 0x9C, 0xFF, 0x80,
    0x09, 0x7C, 0x87, 0x12, 0x57, 0xAB, 0x7F, 0xA1, 0x97, 0x70, 0x05, 0xE4, 0x45, 0x3C, 0xC7, 0x4E,
    0x6C, 0x30, 0x9E, 0xF4, 0x20, 0x1C, 0x4D, 0x07, 0x0D, 0x20, 0x6A, 0xA0, 0xBB, 0xC4, 0xB4, 0xC6,
    0x58, 0xBE, 0x78, 0xDB, 0xFB, 0x5C, 0x33, 0xFD, 0x67, 0xE3, 0x6E, 0xB3, 0xAA, 0xB2, 0xF1, 0xD8,
    0x51, 0x4C, 0x55, 0x37, 0x2F, 0x7F, 0x5A, 0xA1, 0x56, 0xCD, 0x4E, 0xBC, 0x0D, 0x37, 0x62, 0xD7,
    0x8B, 0xC0, 0xAA, 0x59, 0x91, 0x85, 0xD7, 0x84, 0x7E, 0x27, 0x10, 0x22, 0xFE, 0x48, 0x93, 0x61,
    0x5D, 0x0C, 0x9C, 0x41, 0xAF, 0x88, 0xDB, 0x81, 0x75, 0x79, 0x4F, 0xE3, 0x10, 0x18, 0xA1, 0x6B,
    0x44, 0xC1, 0x6A, 0xB1, 0x49, 0xFE, 0x63, 0xCC, 0xCD, 0x7E, 0x0A, 0x91, 0x7C, 0x08, 0xB3, 0x92,
    0x97, 0x13, 0x37, 0x1F, 0x69, 0x99, 0x08, 0x4E, 0x4F, 0x8B, 0xBA, 0x1B, 0x74, 0x2E, 0x92, 0x65,
    0x4B, 0xB0, 0x2E, 0xE1, 0xD8, 0x44, 0x64, 0x48, 0x3D, 0xC2, 0x3D, 0xE1, 0xBC, 0x16, 0x48, 0x33,
    0x2C, 0x04, 0xB7, 0xD8, 0x20, 0x61, 0xF7, 0x83, 0xD3, 0x5A, 0x41, 0x77, 0x3B, 0xFE, 0xB7, 0xE0,
    0x45, 0x22, 0x98, 0x07, 0x7A, 0x36, 0xE3, 0x85, 0x77, 0xEC, 0xB5, 0xB2, 0xBE, 0x64, 0x22, 0x0E,
    0x22, 0x99, 0x13, 0x39, 0x51, 0x24, 0x77, 0x6C, 0xE5, 0x65, 0x27, 0xE7, 0xB9, 0x7A, 0x74, 0x6B,
    0xCC, 0xE9, 0x36, 0x9D, 0xA8, 0x7E, 0x22, 0x36, 0x97, 0x88, 0x29, 0xE9, 0x08, 0x88, 0x2C, 0xF5,
    0x73, 0xF9, 0x66, 0x0A, 0x35, 0xFC, 0x20, 0xF4, 0xDB, 0xFE, 0x83, 0xA5, 0x92, 0x59, 0xF4, 0x1F,
    0x06, 0xB3, 0x3D, 0x41, 0x78, 0xC1, 0xE8, 0xBC, 0x47, 0x34, 0x94, 0x1D, 0x4C, 0xAE, 0x1B, 0x71,
    0x78, 0xE7, 0xFF, 0x08, 0x4B, 0xD6, 0x4F, 0xB0, 0x40, 0xA9, 0x55, 0x7E, 0x02, 0xAB, 0xD2, 0x0F,
    0xE9, 0xB3, 0x97, 0x23, 0xF7, 0x1B, 0xE8, 0xEE, 0x9E, 0x46, 0x77, 0xA7, 0x24, 0x4D, 0xBD, 0x1A,
    0x23, 0x64, 0x09, 0xC9, 0x93, 0xF1, 0x56, 0x32, 0x71, 0x56, 0x35, 0xAE, 0x57, 0x76, 0xE5, 0xEF,
    0xD3, 0xE4, 0xF2, 0x47, 0x1C, 0xE5, 0xBF, 0xCE, 0x7B, 0x9B, 0x90, 0xD8, 0x2E, 0xEE, 0xF2, 0xDB,
    0x3C, 0xAD, 0x48, 0x86, 0x8F, 0x73, 0xB5, 0x19, 0xA9, 0xB5, 0x60, 0x33, 0x7D, 0x6C, 0x21, 0xCD,
    0xFF, 0xB2, 0x1D, 0xAB, 0x32, 0x1B, 0xDC, 0xB1, 0x16, 0x96, 0xEA, 0x41, 0x18, 0xCF, 0xE8, 0x40,
    0xE8, 0xB4, 0x8F, 0xD4, 0x8E, 0xC9, 0x75, 0xD1, 0x49, 0x24, 0xAB, 0x39, 0x0C, 0xF1, 0xDC, 0x5E,
    0x8F, 0xE4, 0xF9, 0xE0, 0x69, 0x8B, 0xE4, 0x8D, 0xFF, 0x2E, 0x76, 0x5C, 0xB0, 0x55, 0x3C, 0x96,
    0xE4, 0x01, 0x58, 0x30, 0xDF, 0x8E, 0x47, 0x26, 0xC3, 0xC9, 0xBB, 0x05, 0xF9, 0x9B, 0xCC, 0x2B,
    0x37, 0x41, 0x4C, 0x2F, 0x30, 0x23, 0xC4, 0x34, 0xC2, 0x98, 0x5D, 0x6B, 0x63, 0x31, 0x5D, 0x3F,
    0x86, 0x75, 0xF9, 0xDF, 0xD0, 0xD3, 0x1F, 0x60, 0xA9, 0xF4, 0x83, 0x35, 0xA6, 0x63, 0x8B, 0xE9,
    0x3E, 0x88, 0x8D, 0xB1, 0x72, 0x79, 0xBA, 0x62, 0x38, 0x14, 0xAF, 0x89, 0xE9, 0x3B, 0x74, 0x44,
    0x58, 0x4D, 0x55, 0xE1, 0x6E, 0xA2, 0x63, 0xF1, 0x18, 0x37, 0x35, 0x7B, 0x0E, 0x3F, 0x65, 0x14,
    0xD6, 0xC4, 0x3D, 0xFC, 0xE8, 0x9D, 0x3D, 0x68, 0xDE, 0x49, 0xA8, 0xF9, 0x39, 0x40, 0xB9, 0xC4,
    0x71, 0x43, 0x64, 0xA6, 0xC9, 0x3D, 0xAF, 0x12, 0x42, 0x85, 0xE1, 0x82, 0x8C, 0x6E, 0xED, 0x3B,
    0xD8, 0x4D, 0x36, 0x9B, 0xFA, 0xF9, 0x99, 0xDE, 0xE1, 0x44, 0x84, 0xD2, 0x78, 0xF8, 0x36, 0xF6,
    0xEA, 0x8D, 0xBE, 0x64, 0x84, 0xD7, 0xBE, 0x2E, 0xBF, 0xFD, 0xCB, 0xD6, 0xE8, 0xE8, 0x5B, 0x7C,
    0x9C, 0xBD, 0x6E, 0xDD, 0x47, 0xD5, 0xD2, 0x99, 0x6B, 0xF7, 0x6A, 0x3B, 0xA4, 0xD5, 0x2D, 0x88,
    0xB6, 0xFA, 0xE5, 0xDE, 0x8A, 0xA5, 0x4F, 0xFE, 0xEC, 0x82, 0x5B, 0xDD, 0xDA, 0x1B, 0x62, 0xC8,
    0x03, 0x91, 0x68, 0x00, 0x0B, 0xFB, 0x10, 0x34, 0x0B, 0xCD, 0xFE, 0xFE, 0xF6, 0x2A, 0xFC, 0x18,
    0x86, 0xC4, 0xC6, 0xBA, 0x6D, 0xFA, 0x7E, 0xB1, 0x5E, 0x6A, 0xB1, 0x80, 0x45, 0x61, 0xE5, 0x11,
    0xED, 0xA0, 0x07, 0x69, 0xBF, 0x5F, 0x3B, 0x51, 0x32, 0xBD, 0x46, 0xFA, 0x7F, 0x94, 0x04, 0x7E,
    0x53, 0xF6, 0x92, 0x03, 0xDF, 0xE6, 0x13, 0x65, 0x72, 0x43, 0xEA, 0x77, 0x1B, 0xB3, 0x8E, 0x6F,
    0x28, 0xAF, 0x98, 0xE9, 0xFB, 0x08, 0x3C, 0x12, 0xAF, 0x4C, 0x05, 0x3B, 0xDB, 0xA9, 0x78, 0x4D,
    0xF2, 0x10, 0x97, 0xAE, 0x09, 0x56, 0x9E, 0x20, 0x84, 0x08, 0x28, 0xA0, 0xF8, 0xDF, 0x12, 0x2A,
    0xCA, 0x96, 0xB0, 0xB0, 0xF1, 0x8F, 0x34, 0x78, 0x39, 0xFA, 0x12, 0x9E, 0xDC, 0xF1, 0x97, 0xF6,
    0x1E, 0x7F, 0x4F, 0xDE, 0xFB, 0x3F, 0x16, 0xCA, 0xAC, 0x5F, 0xA0, 0xF6, 0xE1, 0xBB, 0x63, 0x09,
    0x9C, 0x04, 0xA5, 0x22, 0x06, 0xAC, 0xD2, 0xA3, 0xD8, 0x41, 0x3A, 0xB3, 0x17, 0x01, 0x96, 0xC1,
    0xA8, 0x02, 0x8F, 0x05, 0xA1, 0x69, 0xA3, 0xA2, 0xB9, 0x56, 0x50, 0xE0, 0x25, 0x41, 0x1E, 0x43,
    0x15, 0x52, 0x30, 0xAC, 0x72, 0x6B, 0x49, 0x5C, 0x6B, 0xA2, 0x13, 0x54, 0x63, 0xA2, 0x54, 0x64,
    0x3F, 0xC6, 0x36, 0x24, 0xB5, 0x09, 0xF9, 0x28, 0x80, 0xAC, 0x7B, 0xE3, 0x69, 0x6D, 0x2E, 0xF4,
    0xAC, 0x92, 0xE5, 0x3F, 0xD0, 0x1F, 0x1C, 0x9B, 0xCC, 0x5A, 0x35, 0xA7, 0xA1, 0x00, 0x61, 0x16,
    0x6F, 0x63, 0x21, 0xD1, 0x39, 0x15, 0x7B, 0xFB, 0xCF, 0xE2, 0xF6, 0x05, 0xC3, 0x18, 0x06, 0x8D,
    0xAA, 0x1C, 0x0E, 0x80, 0x3F, 0x9C, 0x46, 0x0C, 0x86, 0x65, 0x2A, 0x42, 0xE1, 0x6C, 0x54, 0x7A,
    0x61, 0x4E, 0xFD, 0xD2, 0x78, 0xD9, 0x2C, 0x03, 0x47, 0xAD, 0xD7, 0xEB, 0x6A, 0xBA, 0x3D, 0x35,
    0xCA, 0xB4, 0x68, 0xAE, 0x1D, 0xFC, 0x3F, 0x78, 0x72, 0xE7, 0x27, 0x58, 0x01, 0x4E, 0xF2, 0x4C,
    0x04, 0x10, 0xC6, 0x06, 0xB5, 0x0E, 0x2D, 0x2B, 0xB6, 0x48, 0xE5, 0x1B, 0x97, 0xDF, 0x90, 0xA4,
    0x12, 0x56, 0x5E, 0x21, 0x0B, 0x49, 0x67, 0xB4, 0x35, 0xE7, 0x8D, 0xF6, 0xB8, 0x00, 0x54, 0x8E,
    0x98, 0xA4, 0xA4, 0xC2, 0x1F, 0x1E, 0xE0, 0x7D, 0x78, 0x02, 0x97, 0xC3, 0x3B, 0xC8, 0x07, 0xFA,
    0x21, 0x23, 0xB8, 0xD3, 0xF3, 0x0D, 0x2D, 0xC4, 0x32, 0x0C, 0x5D, 0x0B, 0xE0, 0x53, 0x49, 0x3F,
    0x16, 0xEB, 0xC8, 0x5C, 0xB3, 0xCA, 0x5E, 0x9E, 0xEC, 0x42, 0xD7, 0xB9, 0xF0, 0xA2, 0x77, 0xBA,
    0xE7, 0x2D, 0xB3, 0x85, 0x36, 0x70, 0x40, 0x39, 0xE0, 0x14, 0xD9, 0x04, 0x73, 0xF2, 0x01, 0x46,
    0x78, 0x30, 0x8E, 0xB7, 0x99, 0xF5, 0xF4, 0x96, 0xFF, 0x5B, 0x92, 0x0D, 0xFA, 0x2A, 0x57, 0x74,
    0x31, 0xB1, 0x4E, 0x85, 0x5E, 0xB8, 0xFA, 0x9F, 0xD8, 0x0F, 0x5C, 0xFA, 0x42, 0x73, 0xB1, 0x43,
    0xDD, 0xD3, 0x41, 0x03, 0xA2, 0x28, 0x9D, 0xFE, 0x3F, 0xD5, 0x57, 0xB1, 0x92, 0xDC, 0xC6, 0x11,
    0x1D, 0x60, 0x8B, 0x87, 0x2A, 0xA3, 0xCA, 0x48, 0xA4, 0x44, 0x17, 0x4C, 0xEE, 0x2A, 0x1B, 0x3F,
    0x60, 0xD6, 0xC0, 0x56, 0xE0, 0x40, 0x09, 0x03, 0xF9, 0x2F, 0x5C, 0xA5, 0x1F, 0xB0, 0x0C, 0xD8,
    0x0A, 0x1C, 0x8A, 0x9F, 0xA0, 0x40, 0x81, 0xAD, 0xD8, 0x81, 0x03, 0x91, 0x80, 0x4A, 0x81, 0x02,
    0x07, 0x86, 0x98, 0x3A, 0x81, 0x6C, 0x06, 0xCE, 0x08, 0x95, 0x46, 0x25, 0xB0, 0x04, 0x60, 0xDC,
    0xEF, 0xCD, 0x2C, 0x16, 0xD8, 0x3B, 0x92, 0x47, 0x9A, 0x7B, 0xBC, 0x5B, 0xDE, 0x35, 0x8E, 0x58,
    0x60, 0xA6, 0xFB, 0x75, 0xCF, 0xEB, 0xD7, 0x4A, 0xD5, 0x83, 0x92, 0x8F, 0x1B, 0xC5, 0x44, 0x6E,
    0x12, 0x1B, 0xBB, 0x59, 0xEC, 0x6E, 0x76, 0x62, 0x93, 0xD1, 0x15, 0x4A, 0xA5, 0xA3, 0x6B, 0x94,
    0xCA, 0x86, 0x5A, 0xAC, 0xB6, 0x65, 0xAB, 0x54, 0xDE, 0x9B, 0x5E, 0x29, 0xD3, 0xE7, 0x62, 0xCB,
    0x4E, 0xCB, 0x12, 0xAE, 0xC9, 0xC6, 0x60, 0x23, 0xE7, 0x64, 0x89, 0x9D, 0x58, 0xE7, 0x6D, 0x91,
    0xC2, 0x56, 0xD9, 0x24, 0x5F, 0xF9, 0xC7, 0xDA, 0x5C, 0x6C, 0xDD, 0x19, 0x2B, 0xAF, 0xF7, 0x25,
    0x96, 0xB2, 0xB5, 0xD8, 0x9C, 0xBE, 0x1C, 0x3E, 0x59, 0x0B, 0x8B, 0xAD, 0xB6, 0x96, 0xF7, 0x3F,
    0x10, 0xD7, 0x64, 0xE1, 0x5E, 0x65, 0x4E, 0xBC, 0x4F, 0xB8, 0xE7, 0xFD, 0x14, 0x5E, 0xEF, 0x82,
    0x89, 0x6A, 0xF1, 0x20, 0x83, 0x1B, 0x06, 0xA6, 0xB6, 0x72, 0xCF, 0xB5, 0x30, 0x0D, 0x8D, 0x3C,
    0xEC, 0xBA, 0x5C, 0xBE, 0xF0, 0x8F, 0x4C, 0x4E, 0x69, 0xD7, 0x3B, 0x01, 0xA0, 0xAA, 0xD7, 0x5E,
    0xEC, 0x2C, 0xB6, 0x1C, 0x37, 0x86, 0xF7, 0x54, 0xF9, 0x18, 0xB6, 0x9E, 0x68, 0x1D, 0x1F, 0x5E,
    0xD9, 0x64, 0xA6, 0xAF, 0x8C, 0x29, 0x6B, 0x60, 0xEF, 0x14, 0x87, 0x55, 0xCB, 0xD5, 0x5B, 0xCE,
    0x11, 0x7D, 0x60, 0x1D, 0x3B, 0x60, 0xBD, 0x9B, 0x81, 0x75, 0x32, 0x99, 0x0E, 0xE8, 0x23, 0xE8,
    0x6C, 0x04, 0xD6, 0x7A, 0x00, 0xD6, 0x79, 0x0F, 0x1F, 0x4C, 0x9F, 0x4E, 0x40, 0x1F, 0xDB, 0x30,
    0x2A, 0x45, 0xAC, 0x23, 0x62, 0x4D, 0xDC, 0x1B, 0xDA, 0x36, 0x9D, 0x81, 0xB2, 0xA0, 0x2F, 0xAF,
    0xF0, 0x45, 0x0B, 0xF4, 0xF3, 0xD1, 0xC8, 0x52, 0x7A, 0x04, 0xFA, 0xD9, 0xAC, 0xCE, 0xE1, 0x66,
    0xEE, 0x68, 0xE0, 0x6B, 0x09, 0x63, 0x60, 0xEA, 0x0A, 0xFE, 0x20, 0x66, 0x60, 0x1F, 0xDF, 0xDF,
    0x07, 0xB0, 0xE0, 0x9F, 0x02, 0xFF, 0x1D, 0xF0, 0x8F, 0x9F, 0x8F, 0xFF, 0x00, 0xD4, 0xBB, 0x25,
    0x09, 0x1D, 0xF0, 0xEF, 0xF5, 0x16, 0x7F, 0x5B, 0x02, 0x7F, 0xE3, 0xD3, 0xCF, 0x64, 0x6B, 0x49,
    0x76, 0x69, 0x4D, 0x81, 0x22, 0x7D, 0xB0, 0x2F, 0xCC, 0xD4, 0x96, 0xE2, 0x96, 0x6E, 0x7C, 0x85,
    0xAC, 0x3E, 0x2C, 0x64, 0x6F, 0x43, 0x21, 0x13, 0xDC, 0xF0, 0xD6, 0xE8, 0x2A, 0x40, 0x89, 0x08,
    0xF5, 0xC0, 0x42, 0xB6, 0x80, 0xD8, 0xB0, 0x9C, 0xCB, 0x2E, 0x97, 0xAC, 0xD6, 0xED, 0x52, 0xCE,
    0x91, 0xAB, 0x04, 0xE2, 0x78, 0x55, 0xCE, 0xC9, 0xA1, 0x9C, 0x43, 0xBD, 0x6B, 0x96, 0x33, 0xA0,
    0xAC, 0x7B, 0x94, 0xB3, 0xF1, 0xE5, 0x3C, 0xB8, 0x0E, 0x10, 0x63, 0x67, 0x98, 0xC4, 0x2A, 0x3D,
    0x89, 0xAF, 0xC6, 0x49, 0x64, 0xB5, 0x20, 0x1A, 0x4D, 0x12, 0x56, 0xD2, 0xCB, 0xFD, 0xA8, 0x50,
    0xF7, 0x8E, 0x11, 0x3D, 0x49, 0x45, 0x33, 0x99, 0x44, 0x53, 0xFC, 0xE9, 0x4B, 0x14, 0xF0, 0x40,
    0x9C, 0x6E, 0x15, 0xA2, 0x8C, 0x22, 0xEB, 0x78, 0x04, 0x11, 0xC3, 0x08, 0xC7, 0x62, 0xF8, 0x92,
    0x20, 0x80, 0xAC, 0x15, 0xFF, 0xEF, 0x00, 0x54, 0x7E, 0x22, 0x9C, 0xCD, 0x1C, 0x47, 0xCA, 0x00,
    0x57, 0xED, 0xDC, 0xA0, 0x7E, 0x5A, 0xE4, 0xEB, 0xB3, 0x7C, 0x06, 0xAC, 0x0D, 0x8C, 0xB8, 0x30,
    0xC6, 0xAE, 0xCD, 0xC6, 0x9D, 0x2B, 0x60, 0x14, 0x4D, 0x2E, 0xA6, 0xAA, 0x47, 0xF8, 0x8C, 0x47,
    0x7E, 0x18, 0x55, 0xE9, 0xBE, 0x1C, 0x55, 0x3A, 0xC7, 0xE3, 0xEA, 0x30, 0x73, 0x3F, 0x9E, 0x19,
    0xB5, 0xA3, 0x4D, 0xC4, 0x9A, 0x11, 0x55, 0x5B, 0xCF, 0x77, 0x71, 0xB8, 0x6B, 0xF9, 0x73, 0x37,
    0xE4, 0x20, 0xD2, 0x36, 0xE9, 0x8F, 0x30, 0x0E, 0x64, 0x30, 0x5F, 0x24, 0x83, 0xEA, 0x40, 0x06,
    0x40, 0x37, 0x1B, 0x81, 0xEE, 0x42, 0x06, 0x84, 0x07, 0x0C, 0xE3, 0x4F, 0xB6, 0x90, 0xC1, 0x04,
    0x08, 0x71, 0x5C, 0x89, 0x6E, 0x4C, 0x74, 0x77, 0x2B, 0x4A, 0x00, 0x19, 0xD4, 0x2D, 0xC8, 0xA0,
    0xEC, 0x35, 0x59, 0x84, 0x64, 0x60, 0x81, 0x74, 0x20, 0x83, 0x25, 0x2E, 0x62, 0x4D, 0xC6, 0x8D,
    0x82, 0xD1, 0x93, 0x06, 0x94, 0x19, 0x8A, 0xB8, 0x41, 0x11, 0x77, 0xC2, 0x0A, 0xBB, 0x0D, 0x6B,
    0x9F, 0xA6, 0x88, 0xED, 0x42, 0xCB, 0x75, 0xF1, 0x37, 0x00, 0xF3, 0x8D, 0x78, 0xB4, 0x7B, 0x84,
    0x9A, 0x48, 0x9A, 0xBC, 0x3A, 0x74, 0x0C, 0x3A, 0x6F, 0xC8, 0xAA, 0x38, 0x67, 0x2A, 0x1E, 0x51,
    0x2C, 0x49, 0x17, 0xDB, 0x9B, 0x4D, 0x14, 0xBA, 0xFD, 0xB9, 0x2C, 0xFC, 0xF4, 0xF7, 0x4A, 0x59,
    0x74, 0xE4, 0x3E, 0xED, 0xF6, 0xDD, 0x87, 0xFE, 0xC0, 0x91, 0xFC, 0x89, 0xDC, 0x2B, 0x93, 0x41,
    0x45, 0x83, 0x7A, 0xB0, 0x81, 0x7C, 0x7E, 0x11, 0xE4, 0xEA, 0xFF, 0xEA, 0x84, 0xC6, 0xAE, 0xA0,
    0xA2, 0x3B, 0x03, 0xA0, 0xD5, 0x5D, 0x2E, 0x0E, 0xBD, 0x53, 0x9C, 0x7D, 0x72, 0x04, 0xED, 0xAD,
    0x95, 0x14, 0x38, 0x16, 0xBE, 0x09, 0xD6, 0xE2, 0x5E, 0x3C, 0x6B, 0x69, 0x6E, 0x43, 0x32, 0xA2,
    0x6F, 0xBF, 0x7F, 0xE5, 0xF2, 0x7E, 0x11, 0xD6, 0xC9, 0x65, 0x5D, 0xEF, 0x65, 0x54, 0x87, 0x57,
    0x17, 0xD1, 0xB8, 0x3C, 0x95, 0xFE, 0xF9, 0x6B, 0x89, 0x21, 0x6D, 0xD0, 0xA0, 0x77, 0x16, 0x95,
    0xE3, 0x55, 0x84, 0x6C, 0x01, 0x5E, 0x3A, 0xFF, 0xAF, 0x3A, 0xA6, 0x1B, 0x5F, 0xFB, 0x1B, 0xBA,
    0xF1, 0x09, 0x02, 0xDD, 0x4C, 0x48, 0x4A, 0x3A, 0xAE, 0xE8, 0x66, 0x00, 0x46, 0xB9, 0xCD, 0x17,
    0xBA, 0x29, 0x49, 0x37, 0x75, 0x9B, 0x92, 0x6E, 0x44, 0x81, 0x44, 0xC7, 0x74, 0xD3, 0x24, 0x07,
    0xBA, 0xE9, 0xC8, 0x4D, 0x81, 0x6E, 0x70, 0x02, 0xCC, 0x80, 0x34, 0xE5, 0x9E, 0x6E, 0xA6, 0x40,
    0x9F, 0xF0, 0x46, 0x2A, 0x5B, 0xED, 0xFE, 0xD3, 0x0D, 0x12, 0x86, 0x1C, 0xD8, 0x08, 0x38, 0x4B,
    0x10, 0xE2, 0xC8, 0xF9, 0xAC, 0x4E, 0x4F, 0x32, 0x87, 0x8A, 0xF7, 0x99, 0x30, 0xD5, 0x22, 0xDD,
    0xD2, 0x2F, 0xBF, 0x79, 0x2E, 0xC4, 0xC3, 0x55, 0x20, 0x2E, 0x5E, 0x06, 0x62, 0xB3, 0x81, 0x18,
    0x11, 0x3D, 0x1F, 0xE2, 0x35, 0xA3, 0x2F, 0x10, 0xEB, 0x3D, 0xC4, 0x0C, 0x85, 0x91, 0x24, 0xB2,
    0xDB, 0xEE, 0x9B, 0xFE, 0x8D, 0x43, 0xEC, 0x85, 0x88, 0xF6, 0x9D, 0x90, 0x16, 0x9E, 0xA9, 0xEC,
    0xBD, 0x77, 0x01, 0x4A, 0x93, 0x88, 0x4D, 0x3B, 0xDD, 0x90, 0x97, 0xAB, 0x05, 0xCA, 0xF3, 0xC7,
    0xC7, 0x40, 0xD7, 0x1E, 0xE8, 0x89, 0x10, 0xCF, 0x0B, 0x45, 0x09, 0xD0, 0x05, 0x9A, 0x26, 0xDE,
    0x4D, 0x47, 0xC0, 0x9D, 0x11, 0x6E, 0x3D, 0x00, 0xEE, 0x9C, 0x34, 0x63, 0x7A, 0x34, 0xD0, 0xB2,
    0xF3, 0xFC, 0xE1, 0xC9, 0x26, 0x99, 0x02, 0xD0, 0x2B, 0xB2, 0xA9, 0x02, 0x8F, 0x4F, 0x7B, 0x4E,
    0xAA, 0xBB, 0x9C, 0x15, 0x4D, 0x1E, 0xB7, 0x9E, 0xC7, 0x41, 0x36, 0x02, 0x7F, 0x62, 0xC9, 0x71,
    0xF0, 0xE9, 0x97, 0xFB, 0x82, 0x7E, 0xD4, 0x5A, 0x41, 0x5B, 0x4A, 0x67, 0x8F, 0x76, 0xF3, 0x0A,
    0x68, 0x93, 0x56, 0xD2, 0x57, 0xA5, 0x95, 0xBC, 0x82, 0x37, 0x6E, 0x90, 0xFE, 0x12, 0x7D, 0x0F,
    0x7E, 0x8E, 0x3B, 0xBD, 0xEF, 0x30, 0x2A, 0xEE, 0xD5, 0xE7, 0x70, 0x95, 0x94, 0xE2, 0x9C, 0x65,
    0x07, 0xC5, 0xB7, 0x67, 0xF3, 0x31, 0xDA, 0xE6, 0x78, 0x6A, 0x51, 0x41, 0xA8, 0xD4, 0x9C, 0x5A,
    0xCA, 0x8B, 0x53, 0x8B, 0x5D, 0xA6, 0x16, 0x7B, 0x3C, 0xB5, 0xD4, 0xC7, 0x53, 0x4B, 0xBC, 0x9A,
    0x5A, 0x24, 0x1E, 0xD0, 0xCC, 0x7C, 0x98, 0x5A, 0xF4, 0x6A, 0x6A, 0x01, 0xF2, 0x59, 0xF0, 0x2E,
    0x1F, 0xEE, 0xC2, 0x25, 0xF9, 0x96, 0x59, 0xE5, 0xC7, 0xAA, 0x0F, 0x45, 0x1B, 0x2A, 0x64, 0xC9,
    0x61, 0x6F, 0xE0, 0x7E, 0xE6, 0xAA, 0x6B, 0xEC, 0x9A, 0x59, 0x05, 0x38, 0x45, 0xEB, 0x8D, 0x68,
    0xDF, 0x00, 0x75, 0xC7, 0xEC, 0x2B, 0x5F, 0xCE, 0xE7, 0x4F, 0x9F, 0x51, 0xC8, 0xE3, 0xE5, 0x85,
    0x3C, 0xFA, 0x42, 0xF6, 0x5D, 0x93, 0x85, 0x6C, 0xC9, 0x18, 0xFB, 0xAE, 0x39, 0xB0, 0x6B, 0xA2,
    0x36, 0x43, 0x9D, 0xA6, 0xF3, 0xBA, 0x90, 0xD7, 0x8C, 0x41, 0xF5, 0xE7, 0x58, 0xF5, 0xB5, 0x67,
    0x0C, 0x4B, 0x52, 0x1E, 0x3D, 0x63, 0xD4, 0xFD, 0x01, 0xDA, 0xAB, 0x74, 0x4D, 0xA9, 0xEB, 0x52,
    0xCA, 0x3B, 0x22, 0x37, 0x61, 0x65, 0x84, 0xC0, 0xFA, 0x39, 0x9B, 0x8B, 0x55, 0x79, 0x27, 0x2F,
    0x35, 0x2B, 0x5E, 0x5D, 0x14, 0x96, 0x6B, 0x47, 0xA9, 0xAC, 0x8F, 0xBA, 0x26, 0xEE, 0xC9, 0x5B,
    0xDD, 0xEA, 0xB7, 0x05, 0x8E, 0x17, 0x7E, 0x05, 0xA0, 0xCD, 0xEF, 0x65, 0xCF, 0x1C, 0x9E, 0x6D,
    0xD7, 0x6B, 0x1E, 0x78, 0x5F, 0x6D, 0x1F, 0xC4, 0xFF, 0xB5, 0xE0, 0x10, 0x2D, 0xD1, 0x6B, 0x46,
    0x30, 0x24, 0xAE, 0x28, 0x3B, 0x11, 0x8E, 0x75, 0xAB, 0xB8, 0xDD, 0x45, 0xC3, 0xF6, 0x02, 0xE0,
    0x41, 0x30, 0x38, 0x79, 0xE7, 0xFE, 0x5D, 0x92, 0x00, 0x72, 0x2B, 0x55, 0xB4, 0xDA, 0x79, 0xAF,
    0x09, 0x76, 0x9B, 0x12, 0xE6, 0x3D, 0x19, 0x68, 0xE4, 0xB7, 0x95, 0x5F, 0xE4, 0x36, 0xFC, 0xA2,
    0x88, 0x30, 0x94, 0x08, 0x25, 0xA8, 0xB7, 0x82, 0x26, 0x3E, 0x35, 0x4A, 0x29, 0xFA, 0xA4, 0x76,
    0x34, 0xCD, 0x7E, 0x62, 0xE2, 0x98, 0x51, 0x73, 0xD0, 0xD9, 0x2B, 0x9A, 0x68, 0x91, 0x94, 0xA7,
    0xC5, 0x2E, 0xB6, 0xBB, 0x56, 0xBB, 0xDF, 0xB4, 0x52, 0x73, 0x4D, 0x29, 0xBF, 0x0F, 0xC4, 0xB7,
    0xCF, 0xA3, 0x43, 0x33, 0x3F, 0x39, 0x20, 0x0F, 0x85, 0xA7, 0x76, 0xAE, 0x23, 0xFF, 0x8C, 0xA8,
    0xFF, 0x41, 0x65, 0x5F, 0x80, 0x93, 0x8A, 0x65, 0xA8, 0x39, 0x11, 0x02, 0xF3, 0x52, 0x3D, 0x79,
    0xEB, 0xB5, 0x8E, 0xEB, 0x1F, 0xCA, 0x79, 0x7A, 0x6A, 0x55, 0xFA, 0xE3, 0x08, 0x75, 0x2F, 0x24,
    0x66, 0x8A, 0x7C, 0xCD, 0x99, 0x06, 0xFE, 0x6D, 0x8C, 0xF5, 0x44, 0x70, 0xA9, 0x81, 0xCF, 0xC7,
    0xE6, 0x99, 0x0F, 0xAF, 0x5F, 0xB3, 0xC7, 0x1B, 0x81, 0x0C, 0x51, 0x1B, 0x32, 0xFB, 0xE8, 0x49,
    0xE6, 0x39, 0xE3, 0xF2, 0x62, 0x33, 0x81, 0x8A, 0x90, 0x29, 0xD4, 0xBD, 0x6B, 0x01, 0x8C, 0xD5,
    0xCA, 0xDE, 0x99, 0xF4, 0xA5, 0xB8, 0x36, 0x82, 0xF3, 0x62, 0x8C, 0x36, 0xA9, 0x95, 0xEF, 0x74,
    0x93, 0xAE, 0x8F, 0x64, 0x86, 0xF7, 0x36, 0x66, 0x3A, 0xA6, 0xA7, 0x95, 0x09, 0x35, 0xB0, 0x31,
    0xCF, 0x7C, 0x78, 0xFD, 0xDA, 0x74, 0xB4, 0xD1, 0xC6, 0x49, 0x0B, 0x27, 0xC7, 0xE0, 0x64, 0x62,
    0xCB, 0x4A, 0xE4, 0x95, 0x10, 0xF7, 0x1D, 0x60, 0x16, 0x48, 0x4B, 0x9A, 0x51, 0x02, 0x3D, 0x9B,
    0x03, 0xB6, 0x12, 0xFB, 0xBA, 0x4E, 0x4F, 0x02, 0x57, 0x32, 0xC7, 0xE8, 0x1D, 0xEC, 0x1E, 0x17,
    0x0C, 0x7B, 0x54, 0x81, 0x76, 0x85, 0xED, 0x24, 0x6D, 0xBF, 0xF3, 0xEF, 0xE6, 0xA1, 0xA1, 0x0E,
    0x20, 0xFE, 0x7D, 0xFD, 0x44, 0x5E, 0xA1, 0x11, 0x14, 0x66, 0x49, 0xDE, 0xE8, 0x27, 0x59, 0x60,
    0x40, 0xC1, 0x4D, 0x4B, 0xC1, 0x41, 0xF2, 0xAD, 0x0B, 0x6E, 0xDC, 0x9A, 0xE1, 0x14, 0x05, 0x37,
    0x1C, 0x6F, 0xB4, 0xEC, 0x5F, 0xED, 0x9F, 0x8A, 0x82, 0xD1, 0x93, 0x38, 0x68, 0x9C, 0x84, 0xB0,
    0xAE, 0xBF, 0x8D, 0xFC, 0x3F, 0x25, 0x65, 0x3D, 0x96, 0x33, 0x90, 0x34, 0x99, 0x7B, 0xAF, 0xCA,
    0x85, 0xAA, 0xEE, 0xC6, 0xC1, 0x55, 0x79, 0x2F, 0x12, 0xFC, 0x13, 0x14, 0x8C, 0xC0, 0x68, 0xD4,
    0x01, 0xC5, 0x93, 0x53, 0x98, 0x6E, 0x7F, 0x21, 0x3E, 0x4F, 0xA2, 0xB7, 0x06, 0x48, 0x98, 0x3E,
    0xDD, 0x6B, 0x30, 0x16, 0x48, 0x8A, 0x77, 0xF2, 0x27, 0xE8, 0x37, 0xEF, 0x8E, 0x90, 0xC3, 0x0F,
    0xAF, 0x01, 0xAA, 0x3D, 0xB7, 0x81, 0xE1, 0x05, 0x96, 0x14, 0x6B, 0x7F, 0xEB, 0xA4, 0xDB, 0x94,
    0xD5, 0x5F, 0xD5, 0x59, 0x75, 0x6D, 0xD0, 0x3C, 0x4F, 0x14, 0x50, 0x62, 0x19, 0x1C, 0x1F, 0x1C,
    0xBC, 0x78, 0x96, 0x49, 0x28, 0xB5, 0xBB, 0x51, 0xDD, 0x29, 0xD4, 0xFB, 0xD7, 0xD2, 0xFB, 0xAE,
    0xA0, 0x1B, 0xF4, 0x53, 0x39, 0xCB, 0x45, 0x2E, 0x2B, 0x1A, 0xFC, 0x44, 0x42, 0x05, 0x13, 0xF4,
    0x5E, 0x74, 0xCF, 0xC3, 0x37, 0xFA, 0x9F, 0xDC, 0x75, 0x3B, 0xE8, 0xCC, 0x97, 0xF8, 0xC9, 0x81,
    0x50, 0x78, 0xBD, 0xB4, 0xF5, 0x24, 0x13, 0x85, 0x8B, 0xE6, 0x6C, 0xCC, 0xDA, 0xB3, 0x02, 0x27,
    0xEE, 0x2A, 0xFF, 0x5E, 0xD7, 0xFE, 0xA1, 0x5A, 0x2D, 0xD8, 0xD4, 0xFF, 0xC8, 0xDF, 0xA6, 0x00,
    0x92, 0xAE, 0x31, 0xE4, 0x48, 0xFF, 0xF7, 0x8B, 0xFE, 0x91, 0x31, 0x0E, 0xEF, 0x9D, 0x39, 0x68,
    0x7C, 0x61, 0xC4, 0x16, 0xCA, 0x58, 0x48, 0x06, 0xEA, 0x1B, 0xFC, 0x5C, 0x68, 0x01, 0x15, 0x32,
    0xB8, 0x81, 0xE2, 0x76, 0x2D, 0xF2, 0x54, 0x77, 0x75, 0x87, 0x8C, 0xC9, 0xC3, 0x12, 0x3E, 0xD6,
    0xBA, 0xD4, 0xF2, 0x5B, 0xFF, 0xA4, 0x7F, 0x8B, 0x2B, 0x34, 0x7E, 0x35, 0xBF, 0xB2, 0xDF, 0xC5,
    0xEF, 0xE8, 0x77, 0x0F, 0x9E, 0x6C, 0x3E, 0x9E, 0x20, 0x2E, 0x2A, 0x7A, 0xDE, 0x3F, 0xF7, 0x85,
    0x87, 0x93, 0x23, 0x4B, 0xA1, 0x78, 0x0A, 0x33, 0xCA, 0x06, 0xB2, 0xA5, 0x6B, 0x65, 0xF7, 0xBA,
    0x93, 0x55, 0x4B, 0xF8, 0x64, 0xD6, 0x06, 0xF7, 0xF8, 0x2D, 0x9F, 0xE3, 0x1B, 0x7C, 0x97, 0xB3,
    0x15, 0xD7, 0xE3, 0xCA, 0xAB, 0x0F, 0xC5, 0xDE, 0x51, 0x3B, 0xE3, 0x3D, 0x55, 0xB3, 0x40, 0xDD,
    0x74, 0x18, 0x34, 0xD5, 0xCA, 0x52, 0x0D, 0x28, 0x3D, 0x1E, 0x66, 0x93, 0x9F, 0x1C, 0x74, 0xCA,
    0x4D, 0xC3, 0xFD, 0x05, 0xA2, 0xD7, 0x5D, 0x14, 0xBD, 0xA7, 0xC7, 0x5F, 0xB7, 0xFB, 0xF6, 0xE6,
    0xBA, 0x87, 0x68, 0xE3, 0xDF, 0x0F, 0x70, 0x85, 0x49, 0xF8, 0x76, 0x66, 0x1D, 0x94, 0x38, 0x88,
    0x6A, 0xD3, 0x8E, 0x6F, 0x20, 0xB8, 0x02, 0x1B, 0xA7, 0x06, 0xC8, 0xA5, 0x14, 0x4D, 0xFF, 0xE3,
    0x4A, 0x3A, 0xB3, 0xB4, 0xC3, 0x59, 0x66, 0x9C, 0x9D, 0x95, 0x06, 0x29, 0x2A, 0xE7, 0xAD, 0x6B,
    0xC1, 0xB5, 0x24, 0xB4, 0x4C, 0xAC, 0x74, 0x61, 0x8C, 0x5A, 0xF1, 0xB7, 0xF8, 0x2E, 0xE0, 0x9A,
    0xF6, 0xC4, 0xB5, 0xBD, 0x15, 0xB8, 0xEE, 0xA3, 0xF0, 0x87, 0xD4, 0xC0, 0xFF, 0x11, 0x6D, 0x15,
    0x8F, 0x16, 0x10, 0xE2, 0x79, 0x83, 0x93, 0x97, 0xC8, 0xB2, 0x77, 0xD4, 0xA2, 0xBC, 0x45, 0xEF,
    0x21, 0x8A, 0x84, 0xEB, 0xE4, 0xFB, 0x35, 0x27, 0x28, 0xBD, 0x0C, 0xAD, 0xA7, 0x91, 0x41, 0x34,
    0x76, 0x95, 0xFC, 0xC8, 0x1F, 0xFC, 0x2F, 0xFC, 0xD9, 0x5A, 0xDC, 0xF7, 0xCF, 0xF8, 0xE7, 0xFD,
    0xBB, 0x61, 0x1D, 0xCD, 0x35, 0xFD, 0xFA, 0x7E, 0x2F, 0xF1, 0xC8, 0xCF, 0x07, 0x9E, 0x1D, 0xF4,
    0x62, 0x5D, 0x07, 0x5D, 0xEE, 0xAC, 0x5D, 0xEA, 0xBA, 0xBF, 0x5D, 0x75, 0x7D, 0xA0, 0xE9, 0x7C,
    0x2D, 0x40, 0x33, 0x97, 0x41, 0x80, 0x7E, 0xAC, 0x42, 0x99, 0xA7, 0xA1, 0xCC, 0x57, 0x9F, 0x53,
    0xD3, 0xC7, 0xAC, 0x7A, 0x80, 0xFA, 0x48, 0x22, 0x4B, 0xBF, 0x42, 0xAC, 0x59, 0x51, 0x1F, 0x68,
    0x5D, 0x93, 0xBF, 0xCB, 0x03, 0x73, 0xEF, 0x56, 0xC5, 0x72, 0xF1, 0x73, 0x7D, 0xC0, 0xB7, 0x57,
    0x02, 0x5E, 0x77, 0x19, 0x44, 0x53, 0xAE, 0xD4, 0xDF, 0x11, 0x43, 0x9F, 0xD8, 0xE0, 0x68, 0x8C,
    0x51, 0x26, 0x81, 0x70, 0xD2, 0x3F, 0xCA, 0xBD, 0xF2, 0x4F, 0xF2, 0xAD, 0x8C, 0x0B, 0xD7, 0x09,
    0xFC, 0x3B, 0xF7, 0xD9, 0x1A, 0x07, 0x4E, 0x52, 0x00, 0x38, 0x99, 0xD8, 0x56, 0x30, 0x78, 0x4A,
    0x5B, 0xC9, 0xBA, 0x37, 0x0B, 0xF0, 0xEB, 0x96, 0x21, 0x19, 0x42, 0xCC, 0xC1, 0x37, 0xB5, 0x43,
    0xA9, 0x4B, 0x65, 0x25, 0x83, 0x28, 0xD0, 0x3B, 0xF7, 0xD4, 0x6F, 0xAF, 0xAD, 0x53, 0xBE, 0x50,
    0xA9, 0xA8, 0x9F, 0x7D, 0xEA, 0x85, 0x49, 0xEF, 0x87, 0x1E, 0x0A, 0x91, 0x94, 0xE5, 0xAF, 0x72,
    0xFF, 0x44, 0x59, 0x1D, 0x85, 0x9D, 0xF9, 0xF3, 0xAA, 0x07, 0x15, 0xD5, 0x73, 0x21, 0x71, 0x09,
    0x59, 0xDA, 0xBC, 0x87, 0x38, 0x9F, 0x4D, 0x0B, 0xE8, 0x1C, 0x70, 0xAC, 0x52, 0x71, 0x47, 0x40,
    0x55, 0xE2, 0x10, 0x10, 0x2E, 0x2D, 0x35, 0xBD, 0x19, 0x28, 0x8F, 0xE4, 0x0B, 0xA0, 0x2A, 0x2A,
    0x88, 0x67, 0xF0, 0x59, 0x17, 0xFF, 0x08, 0x5F, 0x18, 0xFC, 0xEB, 0x61, 0xB1, 0xDE, 0x2F, 0xDD,
    0x29, 0x6E, 0xD4, 0xB0, 0x2E, 0x1C, 0xE1, 0x74, 0x1E, 0x78, 0x0E, 0x09, 0x71, 0xED, 0x93, 0xC6,
    0x79, 0x05, 0x5B, 0x23, 0xD4, 0x76, 0x61, 0x5C, 0x11, 0x37, 0x6F, 0xDF, 0x43, 0x46, 0x7C, 0xA8,
    0x92, 0x3D, 0x01, 0xCE, 0x20, 0x92, 0xA1, 0x6E, 0x53, 0xC6, 0x01, 0x64, 0x65, 0x72, 0x19, 0x31,
    0x8A, 0x11, 0x6F, 0x38, 0x53, 0x76, 0x8A, 0x59, 0x50, 0x4C, 0xC8, 0xD6, 0xF2, 0x3E, 0xD3, 0x13,
    0x9E, 0x67, 0x82, 0x7C, 0x76, 0x15, 0x53, 0x14, 0x72, 0xB4, 0x3F, 0x16, 0x7F, 0xF1, 0x1E, 0x3A,
    0xB5, 0xCA, 0x40, 0x50, 0x90, 0x81, 0x8E, 0x20, 0x10, 0x6E, 0x79, 0x0A, 0x76, 0x7E, 0xC0, 0xA8,
    0x59, 0x66, 0x39, 0xF3, 0x90, 0xF8, 0x2A, 0x73, 0x85, 0xA4, 0x40, 0xBD, 0x5D, 0xBC, 0xC1, 0x14,
    0x50, 0xCA, 0xE2, 0x5E, 0xEF, 0x2F, 0x74, 0x4F, 0x25, 0xE3, 0x1A, 0xFB, 0xD4, 0xDF, 0xF4, 0x07,
    0x9C, 0xDA, 0x13, 0x81, 0xDC, 0xE2, 0x33, 0x71, 0xCE, 0x80, 0x8C, 0xF3, 0x96, 0xD9, 0x29, 0x9B,
    0x83, 0x06, 0x24, 0x24, 0xBB, 0x39, 0xB0, 0xC7, 0x3B, 0x9F, 0xAA, 0xF8, 0x93, 0x67, 0x9F, 0x92,
    0x4A, 0x93, 0x2F, 0x91, 0xA2, 0xC7, 0xA7, 0x49, 0x51, 0x3C, 0x29, 0x32, 0x97, 0xFB, 0xE3, 0xE0,
    0x23, 0xB1, 0x74, 0x9B, 0x19, 0x33, 0x09, 0x8F, 0xF4, 0x87, 0xEA, 0x0F, 0xB7, 0x37, 0x1B, 0xA6,
    0xD2, 0x88, 0xD8, 0x1A, 0x1C, 0x15, 0x44, 0x9F, 0xF0, 0xA9, 0xB4, 0x45, 0xBF, 0x4C, 0x9B, 0xF3,
    0x36, 0x60, 0x6F, 0x57, 0xD8, 0x77, 0xAB, 0xE3, 0x51, 0x00, 0xFB, 0xE1, 0x44, 0xC7, 0xE3, 0x76,
    0x72, 0xFE, 0x65, 0xBD, 0x7A, 0x39, 0xBF, 0x9B, 0xCB, 0x22, 0xA7, 0x3D, 0xC8, 0x9B, 0x32, 0xEF,
    0x08, 0x75, 0x43, 0xA8, 0x0B, 0xCD, 0x9D, 0x00, 0xB5, 0x87, 0x6E, 0x85, 0xE1, 0xEB, 0x83, 0x7A,
    0xD3, 0xB4, 0x03, 0xF0, 0x6B, 0xCB, 0xFB, 0xB2, 0x88, 0xD4, 0xC9, 0x6B, 0x34, 0x2D, 0xDC, 0xE9,
    0x44, 0x89, 0x88, 0x9F, 0xD9, 0x64, 0x26, 0x55, 0x8E, 0xF0, 0xD2, 0x22, 0xF0, 0x36, 0xA2, 0xBF,
    0xE7, 0x72, 0xB8, 0xAF, 0x20, 0x2A, 0x64, 0x3D, 0xD7, 0xBC, 0x8A, 0x91, 0x91, 0xC9, 0xB5, 0xB1,
    0x98, 0x4E, 0x30, 0xAA, 0x6D, 0x26, 0x42, 0x08, 0x55, 0x25, 0xA7, 0x5C, 0xD4, 0xA1, 0x1B, 0x4B,
    0x79, 0xA0, 0x35, 0xEB, 0xC9, 0x87, 0x9A, 0xFC, 0xC8, 0x03, 0x7F, 0x8F, 0x5A, 0x18, 0xDA, 0x4B,
    0x93, 0xD9, 0xCC, 0xDE, 0x44, 0xB8, 0xB7, 0x43, 0xB1, 0xEC, 0x98, 0xFA, 0xFD, 0xEC, 0xF7, 0xC6,
    0xE0, 0x24, 0x0B, 0x93, 0x84, 0x3D, 0x07, 0x97, 0x07, 0x4F, 0xAB, 0xC0, 0xBF, 0xF4, 0x34, 0x5A,
    0x79, 0xFA, 0xBA, 0xD1, 0x35, 0x40, 0xD7, 0x00, 0x5D, 0x8C, 0x3A, 0xF1, 0x67, 0xC5, 0x4A, 0x8F,
    0xE4, 0xFE, 0xDC, 0x97, 0x5D, 0xE8, 0xD5, 0x97, 0xAA, 0x91, 0x3D, 0x3B, 0x64, 0x23, 0x83, 0xD7,
    0x03, 0x2F, 0xB9, 0xE5, 0x85, 0xFA, 0x15, 0xB0, 0xF8, 0x8B, 0x87, 0xDA, 0xFA, 0x8B, 0x7A, 0x0D,
    0x97, 0xC4, 0x51, 0xD2, 0xA5, 0x8E, 0x04, 0x01, 0xD5, 0x4D, 0xB4, 0x15, 0x0F, 0x99, 0x94, 0x23,
    0x10, 0xEF, 0x78, 0xCC, 0xE8, 0xFD, 0xBE, 0x88, 0x8D, 0x77, 0xB9, 0x0E, 0x2D, 0xBF, 0x5A, 0x29,
    0x92, 0xAC, 0x17, 0x10, 0x82, 0x1A, 0xF3, 0x97, 0x99, 0xB0, 0x7F, 0x35, 0xF1, 0xF2, 0x4F, 0x32,
    0x95, 0xF3, 0x31, 0x20, 0xD3, 0xB8, 0xCC, 0x21, 0x33, 0x57, 0xBC, 0x44, 0xBC, 0x20, 0x1D, 0xE0,
    0x33, 0x8A, 0x23, 0xA6, 0x84, 0xC3, 0x06, 0xC7, 0x14, 0x14, 0x3D, 0xB2, 0x30, 0x96, 0x2C, 0x86,
    0xFB, 0xAC, 0x89, 0xCF, 0xAA, 0x95, 0x58, 0x0F, 0x32, 0x4A, 0xA5, 0x6C, 0xD2, 0xBE, 0xB4, 0x97,
    0xF6, 0x7D, 0x9B, 0x93, 0x93, 0x04, 0x0D, 0xCC, 0xAE, 0xBE, 0x90, 0x74, 0x3A, 0x86, 0x30, 0x6F,
    0x68, 0x72, 0xFC, 0xC0, 0x17, 0x68, 0x67, 0x4F, 0x3C, 0x4B, 0x3A, 0xFC, 0x25, 0x0E, 0x07, 0xC8,
    0x27, 0x2E, 0xEE, 0x6F, 0xF1, 0x01, 0x3A, 0x0F, 0x7A, 0xD8, 0xA9, 0x95, 0x80, 0x0C, 0x0A, 0x32,
    0x44, 0x1B, 0x4E, 0x95, 0x17, 0x91, 0xA0, 0x31, 0x6C, 0x28, 0x44, 0xB6, 0x4D, 0xDC, 0x3F, 0xDE,
    0x48, 0xE2, 0x3C, 0xC5, 0xFA, 0x76, 0xA2, 0xDB, 0x94, 0xD4, 0x3B, 0x69, 0xF8, 0xEB, 0xC3, 0x8C,
    0x31, 0x72, 0xC0, 0xE9, 0x92, 0xCD, 0xA2, 0x4B, 0x1E, 0xDF, 0xDE, 0x54, 0xD5, 0xC5, 0x5D, 0xD6,
    0x5E, 0xF7, 0x80, 0x87, 0xCB, 0x21, 0x00, 0x79, 0x12, 0x09, 0xCC, 0xBE, 0x20, 0x97, 0x64, 0x45,
    0x5E, 0xED, 0xB3, 0xE2, 0xFC, 0x71, 0x9A, 0x37, 0x59, 0x19, 0xFC, 0xA5, 0xF3, 0x59, 0x29, 0x78,
    0x69, 0x4F, 0x7B, 0x9C, 0x6E, 0x69, 0x5F, 0xB9, 0x44, 0xC2, 0x1D, 0xC2, 0x58, 0x5F, 0xC2, 0x77,
    0x2B, 0x22, 0xBB, 0x01, 0xC7, 0xE2, 0x38, 0x01, 0x47, 0x5A, 0xEB, 0x19, 0xA1, 0x84, 0xEF, 0x34,
    0x09, 0x30, 0x71, 0xFE, 0xEC, 0x37, 0x07, 0xDD, 0x90, 0x31, 0xD4, 0x78, 0xD8, 0xAE, 0x58, 0x83,
    0x10, 0x2A, 0x11, 0xF6, 0xF2, 0x86, 0xC8, 0x0C, 0x69, 0x63, 0x02, 0xB2, 0xAC, 0x88, 0xFF, 0x0E,
    0xF2, 0x95, 0x8C, 0x39, 0x58, 0x06, 0x73, 0x80, 0x6B, 0xE9, 0xED, 0xBF, 0x81, 0xB4, 0xF9, 0xC1,
    0x91, 0x5E, 0x27, 0x8A, 0x14, 0x8A, 0x4E, 0x0A, 0xE8, 0x98, 0xE2, 0x5F, 0xF9, 0x7D, 0x5F, 0xC9,
    0x52, 0xEB, 0xD0, 0x7D, 0xEF, 0xBD, 0xC1, 0x82, 0xE9, 0xDA, 0x6B, 0x38, 0x3B, 0x8B, 0x73, 0xD9,
    0x24, 0x7E, 0x66, 0xA3, 0x18, 0x3D, 0x24, 0x32, 0xF0, 0xF4, 0x92, 0x3B, 0xD3, 0xC7, 0x4E, 0x95,
    0xA2, 0xED, 0xAA, 0x3A, 0xA8, 0xAE, 0xFA, 0x0B, 0xF1, 0xD7, 0x3C, 0x92, 0x05, 0xCD, 0x77, 0x92,
    0x32, 0xFD, 0x9D, 0xB8, 0x9C, 0xFD, 0x38, 0xA2, 0x74, 0x06, 0x78, 0xDD, 0x07, 0x13, 0xB1, 0xD1,
    0x71, 0x4B, 0x30, 0x26, 0x9B, 0x04, 0x8B, 0x41, 0xCF, 0x21, 0xC4, 0x0C, 0x11, 0x66, 0x78, 0x2C,
    0x9B, 0x6F, 0x22, 0x72, 0x9B, 0x8F, 0x29, 0x2E, 0x7F, 0x06, 0xF7, 0x71, 0x92, 0x06, 0xF1, 0x4E,
    0x5B, 0x19, 0xB2, 0x4C, 0x2F, 0xE3, 0xA4, 0xE9, 0xC4, 0xF1, 0xB2, 0x4D, 0x27, 0x55, 0x37, 0x28,
    0x7D, 0xE1, 0x21, 0x51, 0x32, 0x91, 0xFB, 0x35, 0x8E, 0xDF, 0x47, 0x12, 0x6D, 0xFD, 0xA5, 0x78,
    0x6A, 0xFE, 0x05, 0xF3, 0xC4, 0xC2, 0xFD, 0x1E, 0xDE, 0xF7, 0x40, 0xB1, 0x45, 0xBA, 0x1A, 0x84,
    0xB1, 0x81, 0x8D, 0x0D, 0x47, 0xB2, 0xD3, 0x0A, 0x38, 0xA6, 0xCF, 0x9D, 0x85, 0xE9, 0x60, 0xAA,
    0xAC, 0xD5, 0x3E, 0x9F, 0xB5, 0x0F, 0x99, 0x15, 0xEB, 0xFC, 0xC1, 0x5B, 0x59, 0x2F, 0x04, 0x7D,
    0xD9, 0x66, 0x74, 0xFE, 0xCE, 0x32, 0x9D, 0xC9, 0x2C, 0x2B, 0x61, 0x64, 0x1C, 0x44, 0x05, 0x79,
    0xC1, 0x59, 0x00, 0x97, 0x1F, 0x39, 0x5E, 0x9E, 0x32, 0x40, 0x15, 0x35, 0x42, 0x93, 0x72, 0x81,
    0x76, 0xD1, 0x23, 0x4E, 0x41, 0x36, 0xC1, 0xD3, 0xC4, 0x79, 0x2F, 0x7D, 0x91, 0x71, 0x97, 0x7A,
    0x3C, 0x88, 0x9C, 0x57, 0xB2, 0x67, 0xB3, 0x0A, 0x60, 0xA4, 0x24, 0x73, 0xDD, 0x7B, 0x0D, 0xAB,
    0xD4, 0x07, 0x5D, 0x28, 0x29, 0xC5, 0x3D, 0xDE, 0x0A, 0x11, 0xF8, 0x91, 0x44, 0xCC, 0x28, 0x49,
    0xC8, 0x07, 0x24, 0x01, 0xF1, 0x98, 0x1E, 0x49, 0x68, 0xC9, 0x3F, 0xE8, 0x02, 0x55, 0xE4, 0x7E,
    0x25, 0xDE, 0xBA, 0x8F, 0x1C, 0x92, 0x20, 0x9B, 0x94, 0x5F, 0xED, 0x33, 0x91, 0x3F, 0xB1, 0x4B,
    0x12, 0x7A, 0x44, 0xD5, 0x22, 0x28, 0x0C, 0x0F, 0xDB, 0x4C, 0x50, 0x9A, 0xE2, 0x58, 0xE5, 0xA8,
    0xF8, 0x1C, 0xCF, 0xE6, 0x78, 0x42, 0x3F, 0x25, 0xCA, 0xDD, 0x4E, 0xDE, 0xCB, 0xE7, 0xB4, 0x25,
    0x05, 0x81, 0x96, 0x1C, 0xBE, 0x95, 0x49, 0x49, 0xBE, 0x1D, 0x6E, 0x3C, 0x5F, 0xA4, 0x5D, 0xD2,
    0x28, 0x33, 0x4B, 0x81, 0x94, 0x8E, 0xEC, 0x2C, 0xDB, 0x8D, 0x38, 0xB3, 0x36, 0xB6, 0x37, 0x8A,
    0x2F, 0xFE, 0x07, 0xBD, 0x52, 0xBB, 0xCE, 0x25, 0x47, 0x11, 0xAE, 0x33, 0x03, 0x7B, 0x10, 0x6D,
    0xA9, 0x37, 0xB0, 0x90, 0x05, 0x58, 0x43, 0xE0, 0x08, 0x0B, 0x77, 0xEA, 0x60, 0x71, 0xCF, 0xB2,
    0x01, 0xA9, 0x03, 0x3F, 0x84, 0xB3, 0x9F, 0x07, 0x40, 0xEA, 0xB1, 0x08, 0x37, 0x60, 0x05, 0x44,
    0x3C, 0x82, 0x93, 0x25, 0x20, 0xD8, 0xC0, 0xB8, 0x7B, 0x4D, 0x40, 0xE0, 0x80, 0xB1, 0x78, 0x81,
    0x66, 0x71, 0x44, 0xD4, 0x58, 0x23, 0xED, 0x2C, 0xDB, 0x67, 0x8A, 0xAF, 0x7A, 0x2E, 0xFF, 0x39,
    0xFF, 0x7F, 0xF6, 0x62, 0x2F, 0x72, 0x9F, 0x53, 0x35, 0x7D, 0xA9, 0xCB, 0x57, 0x5F, 0x15, 0x73,
    0xE0, 0xF3, 0xFF, 0xB3, 0x2A, 0x5D, 0x11, 0x59, 0xF9, 0x1B, 0x7F, 0x89, 0xBF, 0x8D, 0xFF, 0x82,
    0x96, 0x8E, 0xD6, 0x7A, 0x57, 0x8F, 0xFB, 0x41, 0x0F, 0x3A, 0x99, 0x64, 0xA3, 0xEB, 0x5D, 0xAF,
    0x47, 0x3D, 0x34, 0x72, 0xEA, 0x6D, 0x70, 0x9D, 0x23, 0x95, 0x75, 0x5E, 0xEE, 0xA2, 0x0D, 0xB6,
    0x13, 0x1B, 0x1B, 0x4D, 0xD2, 0x49, 0x0F, 0xFB, 0xA1, 0x1E, 0xC5, 0x1F, 0x11, 0x92, 0xC4, 0x40,
    0x94, 0x58, 0x3C, 0xA3, 0x0B, 0xAE, 0xF7, 0x10, 0x0E, 0x7A, 0x6C, 0x10, 0xDF, 0xA4, 0x26, 0xD9,
    0x39, 0x2A, 0xE2, 0x96, 0xC8, 0x9D, 0x27, 0x47, 0x4C, 0xCD, 0x50, 0xEE, 0xA3, 0x2D, 0x6F, 0x0E,
    0x6F, 0x1E, 0x6F, 0xDC, 0xFA, 0x16, 0xC0, 0x77, 0x07, 0x92, 0x18, 0x12, 0x4B, 0x62, 0x8A, 0xBF,
    0xE4, 0x90, 0x5C, 0x92, 0x53, 0x72, 0xC3, 0x80, 0xC8, 0x86, 0x53, 0x31, 0x1D, 0x7D, 0x60, 0x3E,
    0x7A, 0xDF, 0x33, 0xC7, 0x55, 0x3E, 0xB0, 0x0F, 0xDF, 0xBF, 0x66, 0xF7, 0x75, 0xE4, 0x6A, 0x1E,
    0xE4, 0x10, 0x39, 0x9E, 0x86, 0x7F, 0x5F, 0xFC, 0xF1, 0x4F, 0xE5, 0xFE, 0x0C, 0x1E, 0x79, 0x3B,
    0xB6, 0x5D, 0xFD, 0xAF, 0xE6, 0x50, 0x23, 0x59, 0x26, 0xC7, 0xED, 0x95, 0x69, 0xC4, 0x0D, 0xEE,
    0xF1, 0x8A, 0x05, 0x4B, 0x7C, 0xB9, 0x25, 0x8E, 0xC4, 0x13, 0x20, 0xF4, 0x25, 0x68, 0xCB, 0x23,
    0x71, 0x4F, 0x07, 0xA2, 0x48, 0xD4, 0x4A, 0x74, 0x1F, 0x71, 0x9F, 0x7C, 0x34, 0x9D, 0xE9, 0xAA,
    0xD1, 0x47, 0x35, 0x71, 0xD2, 0x2C, 0x22, 0x7B, 0xB9, 0x33, 0x9D, 0x8A, 0xF2, 0x62, 0x46, 0x79,
    0xB3, 0x59, 0x5E, 0x45, 0xCF, 0x37, 0xF3, 0xEB, 0x71, 0x9C, 0x6A, 0x22, 0x02, 0xE9, 0xB2, 0x1A,
    0x0E, 0xA4, 0xE7, 0x99, 0xB2, 0x52, 0x4F, 0x28, 0x5B, 0xC7, 0x03, 0xD9, 0x6E, 0x1E, 0xB1, 0xBB,
    0x23, 0xF9, 0x65, 0xDA, 0xEA, 0x4C, 0xD3, 0xB6, 0xC5, 0x61, 0xDD, 0x2E, 0xB1, 0x64, 0xAB, 0x93,
    0x6F, 0xC9, 0xDD, 0x23, 0x5F, 0x8F, 0xE6, 0xAF, 0x18, 0x4C, 0x54, 0xE3, 0xEE, 0x0E, 0xF6, 0xB7,
    0x3C, 0x2A, 0x14, 0x89, 0x14, 0xBE, 0x61, 0xC1, 0x87, 0xC4, 0xFD, 0x64, 0x1E, 0x4D, 0x26, 0x31,
    0xE0, 0xD4, 0xD9, 0x7E, 0xC1, 0x32, 0x38, 0x82, 0xCB, 0x06, 0x96, 0xE9, 0x22, 0xE0, 0xDA, 0xB6,
    0x4D, 0xBF, 0x6D, 0x6D, 0xB7, 0x6D, 0x3D, 0x6D, 0xDB, 0x89, 0xCC, 0x17, 0x93, 0xE9, 0x5D, 0x47,
    0x55, 0xA6, 0xE6, 0xD1, 0x41, 0x27, 0x2E, 0x35, 0x6A, 0xCE, 0x92, 0x58, 0x6A, 0xAC, 0x05, 0x4E,
    0x96, 0x58, 0xF0, 0xEC, 0xA4, 0x4D, 0x47, 0x3C, 0xAC, 0x54, 0xC4, 0xF5, 0x74, 0xC4, 0xC6, 0x29,
    0x21, 0x58, 0xFE, 0x92, 0x93, 0x85, 0x96, 0xC3, 0xF1, 0x69, 0x65, 0xE6, 0x94, 0x9C, 0x8D, 0x9F,
    0x8E, 0x4C, 0xA4, 0xE6, 0x4B, 0x39, 0x35, 0xA0, 0x88, 0x80, 0x09, 0x08, 0x11, 0x53, 0x58, 0xAA,
    0x79, 0xAA, 0x98, 0x3B, 0xE4, 0x13, 0xA2, 0xF6, 0xCC, 0x35, 0xC6, 0x06, 0x58, 0x84, 0x2B, 0x35,
    0xFA, 0xBB, 0xD9, 0x46, 0xCD, 0x9F, 0x65, 0xD4, 0x0D, 0x76, 0xFE, 0x3E, 0x34, 0xA9, 0x9A, 0x0A,
    0x63, 0x72, 0x4A, 0xD2, 0xC8, 0x42, 0xDA, 0x76, 0x2A, 0xBC, 0x6D, 0xA7, 0x42, 0xDD, 0x76, 0x2A,
    0xEC, 0x2D, 0x51, 0x0A, 0x81, 0x73, 0x86, 0xD1, 0x46, 0xE1, 0x50, 0xF3, 0x01, 0xA9, 0xEF, 0x20,
    0x3B, 0xD5, 0x03, 0x29, 0xCE, 0x80, 0x25, 0xC8, 0x16, 0x26, 0x0B, 0x6A, 0xDE, 0xC8, 0x94, 0x8A,
    0x50, 0x27, 0x1A, 0xC8, 0xED, 0x8E, 0x09, 0x0C, 0xEC, 0x47, 0xB1, 0xC4, 0x33, 0x68, 0xB3, 0xC2,
    0x60, 0x90, 0x51, 0xFF, 0x05, 0xD3, 0x4E, 0xF8, 0x02, 0x2D, 0x23, 0x4C, 0x60, 0xA1, 0x13, 0x6C,
    0x00, 0x13, 0x56, 0x9D, 0x03, 0xC4, 0x42, 0x25, 0x8C, 0x61, 0x29, 0xE6, 0xB0, 0x15, 0x07, 0x35,
    0x16, 0x17, 0xD8, 0x8B, 0x32, 0x7D, 0x71, 0x83, 0x8F, 0x28, 0x4F, 0xC5, 0xF5, 0x50, 0x9C, 0x77,
    0xE0, 0xDE, 0x22, 0x60, 0x22, 0x35, 0x08, 0x8C, 0x1D, 0xAE, 0x11, 0xC9, 0xB6, 0xD2, 0x4C, 0xDD,
    0xDB, 0xDE, 0x07, 0x3C, 0xC2, 0x42, 0x49, 0xD5, 0x08, 0x3C, 0xC0, 0xA4, 0x1E, 0x61, 0x54, 0x3C,
    0x5B, 0x4C, 0x84, 0x09, 0xC0, 0xAB, 0x7B, 0xD3, 0xC1, 0xF8, 0xA1, 0x94, 0x08, 0x73, 0x94, 0x28,
    0x0E, 0x98, 0x34, 0x71, 0x69, 0x62, 0x71, 0x52, 0xA9, 0xB8, 0x89, 0x37, 0x1C, 0xC1, 0x59, 0x71,
    0x9D, 0x66, 0x67, 0xD4, 0xF2, 0x8E, 0x8C, 0x91, 0x54, 0x83, 0xC1, 0x01, 0x8D, 0xBB, 0xC7, 0x91,
    0xEA, 0xAF, 0x50, 0x41, 0x0F, 0x6A, 0xC2, 0x27, 0xA4, 0xDB, 0xF7, 0xC8, 0xE0, 0xF7, 0x1E, 0xE9,
    0x32, 0x59, 0x3F, 0x9B, 0xF9, 0x0B, 0x35, 0xB7, 0x6A, 0xA2, 0x26, 0x93, 0x03, 0xCB, 0x3D, 0x79,
    0xCC, 0x21, 0x1C, 0x0E, 0x60, 0x1D, 0x54, 0x04, 0xF2, 0x7D, 0x09, 0x2C, 0x6B, 0xDF, 0x49, 0xAD,
    0x36, 0x89, 0x31, 0x5C, 0x6A, 0x61, 0xB8, 0x2F, 0x6E, 0xB1, 0xE2, 0x6E, 0xCF, 0xA4, 0x33, 0xD9,
    0x81, 0x5C, 0x24, 0xB5, 0xCC, 0x6E, 0x2D, 0xC3, 0xA8, 0xE4, 0xFE, 0x5D, 0x32, 0xBD, 0xCE, 0xE8,
    0x95, 0x19, 0x34, 0xE6, 0x0C, 0xFE, 0xF5, 0xD0, 0x8C, 0x04, 0x3F, 0xF2, 0x11, 0x48, 0x24, 0x02,
    0x6A, 0xCF, 0x4A, 0xFA, 0xB1, 0x67, 0x07, 0x47, 0x7B, 0x9B, 0xB9, 0x77, 0x24, 0xF3, 0x08, 0xC5,
    0xA1, 0x39, 0x94, 0x4F, 0x39, 0xD9, 0x16, 0x93, 0x82, 0x9A, 0x6B, 0x06, 0x1C, 0x30, 0x90, 0x91,
    0x02, 0x1E, 0x09, 0xA0, 0x4B, 0xF1, 0x32, 0x46, 0xD2, 0x07, 0x34, 0x3C, 0xD7, 0x83, 0xE0, 0x4A,
    0xD8, 0x20, 0x7B, 0xC0, 0x7E, 0x5A, 0x21, 0x2D, 0x00, 0x19, 0x97, 0xAF, 0x22, 0x0B, 0x3D, 0x64,
    0x3A, 0x15, 0x7D, 0x34, 0x23, 0x27, 0x9B, 0x45, 0x64, 0x2F, 0x77, 0x74, 0x31, 0xB5, 0x8A, 0x39,
    0x5A, 0xE6, 0xDC, 0x30, 0x1F, 0x34, 0xFF, 0x8D, 0x6F, 0xD8, 0xC0, 0xB4, 0xC9, 0x67, 0x13, 0xD9,
    0xCF, 0x01, 0x92, 0x07, 0x08, 0x28, 0x16, 0xE8, 0xB9, 0xC0, 0x27, 0x1B, 0x67, 0x91, 0xA5, 0xC3,
    0x72, 0xB7, 0x88, 0x49, 0xE5, 0x8E, 0xB1, 0xC2, 0x15, 0x55, 0xEC, 0xA5, 0xC2, 0x37, 0x6F, 0x41,
    0xDD, 0xD2, 0x50, 0x0F, 0xF6, 0x3D, 0xD5, 0x71, 0x37, 0xDD, 0xC6, 0x80, 0x38, 0x06, 0xCF, 0x37,
    0xF8, 0xDE, 0x82, 0x5C, 0xB1, 0xF4, 0x80, 0x27, 0xAA, 0x9E, 0xD0, 0x45, 0x50, 0x81, 0xAA, 0xD4,
    0x88, 0x47, 0xF1, 0x7D, 0x0B, 0xEA, 0xB5, 0x75, 0x04, 0xC2, 0x8C, 0xA2, 0x69, 0xE7, 0x59, 0xFB,
    0x39, 0xE4, 0x13, 0x08, 0x68, 0xAC, 0x00, 0xA6, 0x46, 0x18, 0x25, 0x26, 0xD2, 0xCB, 0xEB, 0xE3,
    0x58, 0xFD, 0x27, 0x51, 0x8D, 0x71, 0x54, 0xE1, 0xD7, 0xC7, 0xE3, 0xD8, 0x4A, 0x64, 0xDF, 0xAD,
    0x34, 0xBA, 0xF6, 0xD9, 0xBB, 0x1D, 0x42, 0xDE, 0x9C, 0x47, 0xEB, 0x89, 0xFD, 0x51, 0x9A, 0x77,
    0xA8, 0x77, 0x98, 0xD1, 0x6D, 0xBB, 0x1B, 0x9E, 0xF9, 0xCB, 0xC5, 0x05, 0x84, 0x2E, 0xD3, 0xC8,
    0x69, 0xD9, 0xE9, 0xC7, 0x6B, 0xD3, 0xCC, 0xA3, 0x69, 0x4D, 0xD1, 0xF3, 0x92, 0xC4, 0x84, 0x4F,
    0x67, 0xAB, 0x54, 0xB5, 0x3F, 0xD9, 0xE7, 0xB2, 0x13, 0x77, 0xD9, 0xA9, 0xB2, 0x1B, 0x8F, 0x77,
    0x37, 0x55, 0xFA, 0x2E, 0xBD, 0x5E, 0x0F, 0x3B, 0x72, 0xBF, 0xFC, 0xA7, 0x27, 0xFB, 0xFB, 0xC1,
    0xB5, 0x48, 0x8F, 0xB6, 0x42, 0x75, 0x97, 0xBB, 0xFB, 0x0C, 0x82, 0xDF, 0x96, 0x1D, 0x99, 0x12,
    0x54, 0x32, 0x3B, 0x19, 0x58, 0x2B, 0x99, 0x59, 0x18, 0xF0, 0x0E, 0x83, 0x7B, 0xB0, 0x3D, 0x50,
    0x37, 0x89, 0x54, 0x46, 0x87, 0xEB, 0x49, 0x8F, 0xC8, 0xA3, 0x71, 0x97, 0xF7, 0xC8, 0xF9, 0xAB,
    0xEF, 0xC3, 0xE3, 0x8D, 0xBA, 0xA5, 0xD2, 0xEA, 0xE5, 0x8F, 0xAB, 0x46, 0xCA, 0xB4, 0xB2, 0xF3,
    0x52, 0x87, 0xC4, 0xAD, 0xF2, 0x0A, 0xB6, 0x14, 0xD0, 0xC4, 0xD5, 0xC2, 0x6D, 0x16, 0x87, 0xAD,
    0x30, 0x21, 0x4E, 0xC7, 0x52, 0xFE, 0xD2, 0xB5, 0x62, 0xB1, 0x9B, 0x56, 0x8B, 0xFD, 0xB0, 0x06,
    0x32, 0x5B, 0x2A, 0x5E, 0x17, 0x5D, 0xFB, 0xBD, 0xF0, 0xC5, 0x73, 0x3B, 0xFF, 0x1D, 0xCA, 0x7F,
    0xF6, 0xDF, 0xAD, 0x66, 0xFE, 0xA5, 0xCD, 0x76, 0xFE, 0x09, 0x89, 0x18, 0xE6, 0xDE, 0x81, 0x1D,
    0xF4, 0x20, 0x21, 0x61, 0x42, 0x1B, 0x46, 0x9C, 0xC7, 0x77, 0x5A, 0x93, 0x45, 0x50, 0xCE, 0x15,
    0x69, 0x20, 0x72, 0xEF, 0x50, 0xAB, 0x1F, 0xD0, 0x85, 0x88, 0xA9, 0xE9, 0x49, 0xA1, 0x67, 0x0D,
    0xD2, 0x34, 0xA0, 0xCB, 0x82, 0x4F, 0x23, 0xCF, 0x20, 0x01, 0x8D, 0x92, 0xEC, 0x85, 0x0B, 0x21,
    0xEB, 0xA7, 0x60, 0xED, 0x63, 0xBA, 0xBE, 0xEC, 0x22, 0xD2, 0xA8, 0x73, 0xE2, 0x17, 0x59, 0xEC,
    0x04, 0xBB, 0xCE, 0x82, 0x5C, 0x67, 0xC1, 0xAE, 0xB3, 0x20, 0xD7, 0x05, 0xF3, 0x8C, 0xF4, 0x52,
    0x37, 0x45, 0xDB, 0x51, 0xB4, 0x58, 0xD2, 0x5E, 0xBC, 0x48, 0xB3, 0xD4, 0x63, 0x46, 0xD1, 0x36,
    0x16, 0x1D, 0x2E, 0xF5, 0x15, 0x6C, 0xD5, 0x28, 0x28, 0xD4, 0x24, 0x1A, 0x8E, 0xB3, 0xF6, 0xE5,
    0xA6, 0xBC, 0x72, 0x10, 0x44, 0x1C, 0x04, 0xD1, 0xC2, 0x66, 0x10, 0x44, 0x1C, 0x04, 0x91, 0x14,
    0xA0, 0x8F, 0x74, 0x53, 0xB4, 0x1B, 0xA0, 0x2B, 0x8E, 0x25, 0x58, 0x07, 0x6D, 0x0F, 0x12, 0xD8,
    0x27, 0xD1, 0xA0, 0x53, 0x34, 0x2D, 0xFA, 0x78, 0x99, 0x4E, 0x72, 0xFA, 0x58, 0x9E, 0xD2, 0xA5,
    0xC6, 0x0D, 0x10, 0xCD, 0xAF, 0x7C, 0xBA, 0xA6, 0x79, 0x40, 0x35, 0x9A, 0xD2, 0xA4, 0xB9, 0x29,
    0x42, 0x26, 0x1A, 0x53, 0x21, 0xF8, 0x5E, 0x9E, 0xC6, 0xE5, 0x29, 0x6E, 0x4F, 0xB5, 0x3C, 0x1D,
    0x4A, 0xAC, 0x4E, 0xD4, 0x48, 0x25, 0x92, 0x30, 0x5D, 0x54, 0x27, 0x2A, 0x3C, 0x57, 0x15, 0x93,
    0x76, 0xF5, 0x38, 0x88, 0x1A, 0xA0, 0x3E, 0x6E, 0xA1, 0x50, 0xC9, 0xAB, 0x28, 0x02, 0xC9, 0x41,
    0x01, 0x51, 0x68, 0x44, 0x59, 0x51, 0x60, 0x5F, 0x0B, 0xF9, 0x3A, 0xF0, 0x73, 0x55, 0x31, 0x29,
    0xC6, 0x76, 0x0B, 0x50, 0x42, 0x95, 0xA0, 0x27, 0xF5, 0x1E, 0x0A, 0x95, 0xB4, 0xD5, 0xF1, 0xD2,
    0x45, 0x17, 0xB7, 0x35, 0xC0, 0x38, 0x93, 0x58, 0x9A, 0x70, 0x45, 0x7D, 0xA7, 0x1A, 0x77, 0xAD,
    0xF9, 0xDD, 0x78, 0xD1, 0x99, 0xAD, 0x8E, 0xB7, 0x8B, 0xB5, 0x96, 0xBE, 0x1B, 0x71, 0x73, 0xF7,
    0xD1, 0x30, 0xD6, 0x09, 0x2D, 0x51, 0x99, 0x76, 0x87, 0x1A, 0x7D, 0xFC, 0x71, 0xD5, 0xA2, 0xD1,
    0x3E, 0x94, 0x79, 0x0B, 0x96, 0xCE, 0x2D, 0xEE, 0x7C, 0xE7, 0x82, 0x0D, 0x26, 0x34, 0xBD, 0x8E,
    0xFB, 0x34, 0xDF, 0x2A, 0x46, 0x8F, 0x1D, 0x3A, 0x59, 0x3D, 0xA1, 0x8B, 0xA0, 0x30, 0x83, 0xA9,
    0xC1, 0xF5, 0x83, 0x5B, 0x50, 0xB7, 0xDE, 0x82, 0x7A, 0x8D, 0xBE, 0xAD, 0xF5, 0x2E, 0xE4, 0xCD,
    0x92, 0x57, 0x0B, 0x82, 0x7D, 0x4F, 0x75, 0xDC, 0x4D, 0xB7, 0x5D, 0x07, 0x7C, 0x98, 0xBC, 0x1B,
    0x7C, 0xEF, 0x2C, 0x67, 0xAF, 0x17, 0xCE, 0x1E, 0x8D, 0xFE, 0x88, 0xB3, 0x1F, 0x32, 0xFF, 0x77,
    0xE3, 0x2C, 0x08, 0x67, 0x51, 0x38, 0x1B, 0xA8, 0x9E, 0xC0, 0x19, 0xFD, 0xA5, 0xC6, 0xF1, 0x7B,
    0xBB, 0x35, 0xF1, 0xFF, 0xB9, 0x11, 0x3A, 0xD4, 0xD9, 0xA4, 0xFD, 0x60, 0x93, 0x4A, 0x36, 0xE9,
    0xDE, 0x24, 0x13, 0x30, 0x5C, 0xE2, 0x01, 0xD7, 0x89, 0x60, 0x4A, 0x54, 0x21, 0x89, 0x38, 0x28,
    0xF4, 0x41, 0x03, 0x4D, 0x03, 0x94, 0xC5, 0xA4, 0x45, 0x4C, 0x98, 0x15, 0x93, 0x3A, 0xD5, 0xA3,
    0xCE, 0x2A, 0xE9, 0xAC, 0xA3, 0xCE, 0x4D, 0xD0, 0xA3, 0x0D, 0x75, 0xA2, 0x8B, 0xE9, 0x0F, 0xB0,
    0xF8, 0xB0, 0x06, 0x9E, 0x27, 0x6D, 0x95, 0x35, 0x97, 0x35, 0xDA, 0xF9, 0x9B, 0x5C, 0xBB, 0xBB,
    0x2F, 0x50, 0x3F, 0x84, 0xD1, 0x0F, 0x30, 0x6D, 0x5F, 0xAF, 0xD1, 0x88, 0x4F, 0xBB, 0x3A, 0xDD,
    0x24, 0xF5, 0x9B, 0xF4, 0x80, 0x9A, 0x7F, 0x7D, 0x75, 0x20, 0xF5, 0xF4, 0xE9, 0x40, 0x15, 0x33,
    0xCA, 0xF5, 0xDC, 0xCA, 0xF4, 0x62, 0xCE, 0x36, 0x85, 0xBB, 0x4E, 0x5E, 0x23, 0xA9, 0xC7, 0x4F,
    0x47, 0x6A, 0xFE, 0x21, 0x1E, 0x77, 0xD2, 0x9F, 0xE7, 0x28, 0x25, 0xDE, 0x5C, 0xAA, 0xCE, 0x97,
    0x22, 0xE7, 0xD3, 0x65, 0xA5, 0xF0, 0x70, 0x29, 0x72, 0x3E, 0xBF, 0xCE, 0xC4, 0x72, 0x0F, 0x79,
    0x9F, 0x9B, 0x44, 0x7C, 0xE7, 0xA0, 0x07, 0xDB, 0xEF, 0xCA, 0xC9, 0xA1, 0x0F, 0x3A, 0xD9, 0xC0,
    0xB4, 0x1F, 0x9B, 0xE8, 0x3E, 0x9A, 0x48, 0x4E, 0x1E, 0xCC, 0x37, 0xBD, 0x6D, 0xA5, 0x5D, 0xB6,
    0xFB, 0xB4, 0x1A, 0x55, 0x24, 0x4B, 0xA0, 0x5A, 0x07, 0xDA, 0x70, 0x49, 0xD8, 0x6B, 0x9F, 0xEB,
    0x98, 0xCF, 0x94, 0x00, 0x25, 0xE8, 0x51, 0xC2, 0xE9, 0x67, 0x79, 0xA3, 0x97, 0x59, 0x2F, 0x04,
    0xF1, 0xCA, 0x89, 0x5E, 0xA9, 0xCC, 0x97, 0xAF, 0xD6, 0x96, 0x1B, 0x0E, 0x3E, 0xD8, 0x67, 0x87,
    0x39, 0xB1, 0x11, 0x08, 0x35, 0x9F, 0xA8, 0x4A, 0x14, 0xE5, 0x67, 0x79, 0x63, 0xC0, 0x90, 0x54,
    0xE7, 0x4B, 0xE5, 0x03, 0xA9, 0x6C, 0xD7, 0xC9, 0x7B, 0xC6, 0x7A, 0x7E, 0xA2, 0x7A, 0xA1, 0xA2,
    0x58, 0x25, 0x7C, 0x32, 0xE2, 0xD6, 0x19, 0x66, 0xA7, 0x1F, 0x25, 0x9F, 0x69, 0x35, 0x39, 0xF5,
    0x3B, 0xFD, 0x70, 0x59, 0xE9, 0xEC, 0xE7, 0xAC, 0xC3, 0x37, 0x4D, 0x6B, 0x3A, 0x1F, 0x11, 0x39,
    0xF9, 0x68, 0xBA, 0xB5, 0xD8, 0x17, 0xDD, 0x49, 0x17, 0xE5, 0x87, 0x8E, 0x6D, 0x3B, 0x5A, 0xBA,
    0x7B, 0xEE, 0xF4, 0x3F, 0xCD, 0x53, 0x35, 0x94, 0xE6, 0x36, 0x18, 0x1C, 0xDB, 0xEF, 0xD6, 0xEF,
    0x65, 0x41, 0xD5, 0x35, 0x21, 0xF7, 0x95, 0xFB, 0xE6, 0xE4, 0x30, 0x33, 0x73, 0x5F, 0xA5, 0x0D,
    0xCB, 0x55, 0x98, 0x99, 0x93, 0xBE, 0x0D, 0xC3, 0x7F, 0x52, 0xFA, 0x22, 0x07, 0x5D, 0x50, 0xC1,
    0xF6, 0x54, 0x68, 0x5F, 0xBC, 0x2F, 0x92, 0x27, 0xDF, 0x0F, 0x8B, 0x61, 0x3E, 0x69, 0x3E, 0xF9,
    0xF3, 0x78, 0xC4, 0xE3, 0x72, 0x44, 0xC3, 0x43, 0x9A, 0xC1, 0x7C, 0x19, 0xED, 0x39, 0x89, 0xD5,
    0x2E, 0x08, 0x23, 0xBC, 0x7C, 0x55, 0x3C, 0x24, 0xCA, 0x0F, 0xF3, 0x87, 0xC8, 0xDB, 0x05, 0x27,
    0xBC, 0x0E, 0x1D, 0x60, 0x43, 0xC1, 0x50, 0x1D, 0x0B, 0xCB, 0x1F, 0x87, 0xE6, 0x92, 0x70, 0x40,
    0x85, 0xC9, 0x2D, 0xEB, 0xDC, 0x2C, 0x50, 0x41, 0x20, 0xCA, 0x96, 0x41, 0xCF, 0x71, 0xD5, 0xA5,
    0x1A, 0xD0, 0x63, 0xA7, 0xE9, 0x35, 0x07, 0x2C, 0x27, 0x54, 0x53, 0xBC, 0x77, 0x6B, 0xB2, 0x8C,
    0x96, 0xFE, 0xA4, 0xB1, 0x83, 0xF5, 0x35, 0x43, 0x23, 0xE2, 0x8D, 0x4B, 0x8D, 0x83, 0xED, 0x40,
    0x73, 0x88, 0x8C, 0xBC, 0x6F, 0xB6, 0xB0, 0x33, 0x92, 0xFD, 0x32, 0x69, 0xC6, 0x86, 0xBE, 0x64,
    0x77, 0xD5, 0x55, 0x57, 0x92, 0x69, 0x0E, 0x54, 0x32, 0x60, 0x80, 0xF2, 0x68, 0x1D, 0xB4, 0x83,
    0xE9, 0x40, 0x14, 0x79, 0x3A, 0x43, 0x3D, 0xCC, 0x16, 0xF2, 0x38, 0xB6, 0xB6, 0xAC, 0xAB, 0x29,
    0xDA, 0x4F, 0x0F, 0x29, 0x76, 0x8A, 0xBD, 0x39, 0x16, 0x72, 0x9D, 0x52, 0x95, 0xA4, 0xB5, 0x1C,
    0x44, 0x50, 0xB3, 0xC3, 0x95, 0x58, 0x66, 0xAF, 0xE9, 0x2D, 0x23, 0x1F, 0x1A, 0x16, 0x27, 0xF3,
    0x50, 0x32, 0x4C, 0xCD, 0x0F, 0xF3, 0x41, 0xE3, 0x7E, 0x13, 0xF4, 0x74, 0xC0, 0xBE, 0x1D, 0x50,
    0x85, 0x6D, 0x90, 0x41, 0xB0, 0x93, 0xB9, 0xEA, 0xAA, 0x4B, 0xE7, 0x24, 0x80, 0xAD, 0x64, 0x2B,
    0xAF, 0xBD, 0x72, 0x6D, 0xA7, 0x71, 0x0F, 0x26, 0xC8, 0x48, 0x5B, 0x35, 0x63, 0x22, 0x9C, 0x46,
    0xDB, 0x29, 0x57, 0xFB, 0x89, 0x64, 0x4D, 0xAF, 0xDC, 0xF2, 0xA1, 0xDA, 0xD7, 0xA1, 0xDA, 0xAA,
    0xF2, 0xE6, 0x97, 0x0F, 0x29, 0xD7, 0xF4, 0x5A, 0xF4, 0xD1, 0x3E, 0x4E, 0x46, 0x39, 0xA9, 0x8C,
    0x94, 0x7E, 0x09, 0x7F, 0xEA, 0xE2, 0xA1, 0x5D, 0x41, 0xB7, 0x4C, 0xA7, 0x05, 0xC6, 0xAD, 0x68,
    0x87, 0x5F, 0x41, 0xC1, 0xBE, 0x61, 0xD0, 0x4C, 0xEA, 0xA5, 0xB4, 0xAF, 0x4A, 0x10, 0x2C, 0x47,
    0x34, 0x01, 0x46, 0x3E, 0xA1, 0x4E, 0x68, 0xD6, 0xAF, 0xD2, 0xE4, 0x1C, 0xD8, 0x0F, 0xD4, 0x8C,
    0x68, 0x99, 0x25, 0x88, 0xB5, 0xD3, 0x08, 0x40, 0xA2, 0xCC, 0x28, 0x18, 0x25, 0xBC, 0x44, 0x02,
    0x8A, 0x39, 0x7F, 0xE0, 0x1A, 0x42, 0x73, 0x94, 0x48, 0x58, 0xE2, 0xE3, 0x98, 0x8E, 0xAB, 0x03,
    0x38, 0x33, 0xE0, 0x97, 0x41, 0xFD, 0x83, 0x06, 0xDC, 0xD7, 0x95, 0x0C, 0x8A, 0x61, 0xDA, 0xCB,
    0xC3, 0xFE, 0x92, 0x07, 0xCD, 0xBF, 0xE0, 0x41, 0xFD, 0xC7, 0x3D, 0x78, 0xDF, 0x6E, 0x0F, 0xDA,
    0xE3, 0xC2, 0x83, 0x61, 0xA7, 0x07, 0x6B, 0x76, 0x2D, 0xFD, 0xDA, 0x0D, 0x32, 0x6D, 0x5C, 0x66,
    0x34, 0x8C, 0xBC, 0x26, 0xE6, 0x2A, 0xF2, 0x96, 0x68, 0xC6, 0xD8, 0xF8, 0xB8, 0x34, 0x13, 0x98,
    0xE7, 0xE2, 0xC1, 0x62, 0x71, 0x76, 0xE3, 0x55, 0x57, 0x1E, 0x04, 0xCC, 0x33, 0x6F, 0x36, 0x8C,
    0x25, 0xFD, 0xA6, 0x60, 0x10, 0x41, 0x86, 0x20, 0x4B, 0x2B, 0xB9, 0x30, 0xF3, 0x73, 0x37, 0x1D,
    0xD1, 0x7E, 0x94, 0xA0, 0xBE, 0x89, 0xA8, 0xE8, 0x51, 0xD2, 0x01, 0xEC, 0x67, 0xCF, 0xFA, 0xC7,
    0x00, 0x75, 0x74, 0x80, 0x76, 0x19, 0x56, 0xEA, 0x49, 0x23, 0x0C, 0x0F, 0xDD, 0x7E, 0x43, 0x44,
    0x39, 0x5C, 0x75, 0xF5, 0x62, 0xC2, 0x5C, 0x0C, 0xE6, 0x9A, 0x28, 0x93, 0xD4, 0x63, 0x97, 0x80,
    0x6D, 0xD8, 0xFE, 0xB7, 0xFF, 0x9F, 0x5D, 0xE2, 0x6A, 0x48, 0xCA, 0x27, 0xDD, 0x27, 0x62, 0x4C,
    0xA0, 0x80, 0x98, 0xBE, 0xAA, 0x43, 0xA9, 0x8E, 0xA9, 0x4C, 0x7B, 0x4A, 0xB4, 0x67, 0x67, 0x50,
    0x4A, 0xC7, 0x0B, 0x72, 0xEB, 0xE4, 0x48, 0x94, 0x4B, 0x55, 0xF8, 0xBD, 0xE6, 0x77, 0xFF, 0xE9,
    0xC1, 0xF6, 0x64, 0xE0, 0x39, 0x31, 0x17, 0xDB, 0xA4, 0xE4, 0xC2, 0x90, 0x3E, 0xD9, 0xDD, 0x3B,
    0x04, 0xC4, 0xE8, 0x96, 0x7D, 0x5E, 0x42, 0x06, 0xEC, 0xB7, 0x68, 0x88, 0xC2, 0x3A, 0x28, 0xF7,
    0x6D, 0xE3, 0xC8, 0xCE, 0x6E, 0xA0, 0xE8, 0x6B, 0xA7, 0x9C, 0x21, 0xA9, 0xDC, 0x8E, 0xFA, 0xFD,
    0x32, 0xCB, 0xF1, 0x27, 0xAD, 0xD7, 0x01, 0xA4, 0x27, 0xC7, 0x1D, 0x07, 0xF0, 0xEF, 0x7F, 0xD7,
    0xDD, 0x92, 0xC5, 0x04, 0x41, 0xDA, 0x2B, 0x0B, 0x45, 0x14, 0x5D, 0x00, 0x78, 0xCD, 0x6C, 0x05,
    0x05, 0x5C, 0x10, 0x00, 0x52, 0x00, 0xE0, 0xA0, 0x80, 0xB8, 0x5D, 0x82, 0x00, 0xF2, 0x14, 0x00,
    0x72, 0x28, 0xE2, 0xE0, 0xA0, 0x38, 0xF4, 0xB2, 0x93, 0x3B, 0x1A, 0x14, 0x9D, 0x08, 0xA0, 0xC8,
    0x56, 0x1F, 0xA1, 0xC5, 0x4D, 0xDA, 0xD5, 0xEC, 0xDD, 0x9B, 0xDD, 0x6F, 0x7F, 0xBF, 0x19, 0xFF,
    0x77, 0xFB, 0xDE, 0xBB, 0x5C, 0x2B, 0x3A, 0x6E, 0x3F, 0xDF, 0xB1, 0x33, 0x33, 0xFF, 0xBD, 0x9D,
    0xFF, 0xCE, 0xBE, 0x3F, 0xFA, 0x67, 0x40, 0x49, 0x76, 0x30, 0x24, 0x60, 0x95, 0x7E, 0xB9, 0x01,
    0x8C, 0x13, 0x00, 0x7A, 0xC5, 0x91, 0xD3, 0x0E, 0x4F, 0xFA, 0x71, 0xD2, 0x7E, 0x73, 0x1E, 0x41,
    0xD7, 0x28, 0x95, 0x82, 0x5E, 0x01, 0x81, 0x4B, 0xD0, 0x2B, 0xD3, 0x1E, 0x53, 0x3B, 0xA0, 0xA9,
    0x07, 0xA0, 0xBD, 0xDD, 0xA1, 0x26, 0x07, 0x8C, 0x64, 0x28, 0x28, 0xD4, 0xC2, 0xD4, 0x30, 0x5A,
    0x6F, 0xD7, 0x87, 0xBF, 0x40, 0x3F, 0xCF, 0x27, 0x18, 0xC3, 0xFC, 0x01, 0xE8, 0xC3, 0x43, 0xF0,
    0x4B, 0xE5, 0xF1, 0x34, 0x83, 0x4F, 0x7C, 0x10, 0xBE, 0x14, 0xBE, 0x7A, 0x1C, 0x30, 0x7E, 0xF3,
    0x78, 0x42, 0x7F, 0xFE, 0xA1, 0x87, 0xE5, 0x87, 0x0E, 0x2D, 0x7F, 0xE5, 0x3A, 0xC3, 0x7F, 0x3C,
    0xCD, 0x97, 0x76, 0x50, 0x60, 0x95, 0xB7, 0xC7, 0xDF, 0x01, 0x27, 0x0D, 0x80, 0x0F, 0x7E, 0x2E,
    0xFC, 0xF4, 0x47, 0x42, 0xC1, 0x67, 0x80, 0x3D, 0xF6, 0xD3, 0x11, 0x32, 0xB6, 0xBB, 0x85, 0x36,
    0x02, 0xB0, 0xB3, 0xD0, 0x07, 0x5C, 0xDC, 0x97, 0xB7, 0x8D, 0xA3, 0xB3, 0x56, 0x61, 0x62, 0x10,
    0x02, 0xE8, 0xAD, 0x93, 0x2E, 0x4A, 0x10, 0xFA, 0x45, 0xB0, 0x9B, 0xFD, 0xBC, 0x6B, 0x48, 0x0E,
    0x46, 0x29, 0x15, 0x8C, 0x64, 0x87, 0x9A, 0x67, 0x48, 0xE7, 0x2E, 0xD3, 0x99, 0x08, 0xE0, 0xFB,
    0x21, 0x79, 0x85, 0xAB, 0x5D, 0x48, 0xBA, 0x1D, 0x2F, 0x9B, 0x05, 0x37, 0x79, 0x96, 0xD7, 0x1B,
    0x14, 0x0A, 0x72, 0x43, 0xC9, 0xE1, 0x4D, 0x01, 0xD8, 0x41, 0x32, 0xEC, 0x78, 0x75, 0x43, 0xB5,
    0x1D, 0xA7, 0x6F, 0xE7, 0xDC, 0x85, 0xEE, 0x0A, 0x90, 0x62, 0x91, 0x4A, 0x9F, 0xE3, 0x51, 0x8E,
    0x08, 0xB0, 0xE0, 0x6F, 0xB9, 0x81, 0xEF, 0xF3, 0x9C, 0xF4, 0x4C, 0x25, 0xE4, 0x58, 0xB8, 0x18,
    0x4E, 0x36, 0x32, 0x54, 0x74, 0x4D, 0xA4, 0x2F, 0xD9, 0x99, 0x8B, 0x70, 0x25, 0x71, 0x3D, 0xAA,
    0x1C, 0xE6, 0x52, 0xB4, 0x39, 0x6C, 0x8E, 0x3E, 0x07, 0x53, 0x7C, 0x9E, 0x02, 0xE5, 0x0C, 0x2D,
    0x65, 0x48, 0x51, 0xFB, 0x14, 0xC6, 0x25, 0x37, 0x58, 0x67, 0x98, 0xE8, 0x94, 0x41, 0x71, 0x47,
    0xCE, 0x27, 0xE1, 0xBB, 0x60, 0x1D, 0x49, 0x86, 0xC4, 0x83, 0xE7, 0xDB, 0x38, 0x99, 0x10, 0xA5,
    0x21, 0xAC, 0xFB, 0x86, 0x84, 0x09, 0xB6, 0x97, 0x86, 0x76, 0x14, 0x0C, 0x8F, 0xD4, 0x4A, 0xA5,
    0x94, 0x4A, 0x41, 0x47, 0x5D, 0x2B, 0x80, 0x64, 0x97, 0xC3, 0xE7, 0x08, 0x1A, 0xAE, 0x5F, 0x52,
    0x34, 0xF1, 0xF0, 0xAE, 0x84, 0x89, 0x65, 0x48, 0x51, 0xE7, 0x30, 0x1A, 0x6D, 0x6C, 0x18, 0xE8,
    0xC6, 0x65, 0x94, 0x20, 0xFF, 0xC5, 0x14, 0x5F, 0xE5, 0x80, 0x0D, 0x20, 0xEF, 0xA5, 0x70, 0x78,
    0x75, 0x2C, 0xAF, 0xA7, 0x60, 0xD0, 0x68, 0x72, 0x98, 0x1C, 0x07, 0x4E, 0x2F, 0xAE, 0x33, 0x07,
    0xDD, 0xEE, 0x72, 0xDD, 0xF1, 0x72, 0xC3, 0x4D, 0x9E, 0xD2, 0xD9, 0xD0, 0x72, 0xD1, 0xE8, 0x39,
    0xEB, 0x49, 0xEA, 0x2C, 0xF4, 0xEC, 0x7E, 0x4D, 0xD2, 0x31, 0xCF, 0xC2, 0x41, 0x62, 0xC1, 0x38,
    0x4B, 0x44, 0x58, 0x82, 0x5F, 0x44, 0xD4, 0xF4, 0x7C, 0xB2, 0x01, 0x9C, 0xF9, 0x98, 0x40, 0xA3,
    0x2B, 0x37, 0xA0, 0x8A, 0x74, 0x74, 0x28, 0x25, 0xC6, 0xE9, 0xAC, 0x8A, 0x79, 0x4E, 0xFD, 0x84,
    0x25, 0x4D, 0xDD, 0x46, 0xD2, 0xD3, 0x35, 0xEB, 0x9D, 0x0D, 0x63, 0xD7, 0xCC, 0x87, 0xAD, 0x17,
    0x8B, 0xB5, 0x1F, 0xDA, 0xA5, 0x88, 0xD6, 0xD9, 0x58, 0xEE, 0x5D, 0x5A, 0x77, 0xF7, 0x91, 0xE8,
    0xEF, 0x3E, 0xAA, 0xE6, 0xC6, 0x3F, 0xBA, 0x5B, 0x05, 0x33, 0xFD, 0xE1, 0x6E, 0x9D, 0x56, 0xF4,
    0xC1, 0x73, 0xEE, 0x4A, 0xFD, 0xED, 0x62, 0x6F, 0xFB, 0xEA, 0x9F, 0x4B, 0xFB, 0x89, 0x2F, 0xFF,
    0x3D, 0x37, 0x9F, 0xB8, 0xF2, 0xBB, 0xB9, 0xF9, 0xDA, 0x95, 0xE7, 0xC1, 0x3C, 0x75, 0x05, 0x83,
    0xE1, 0x90, 0xEC, 0x0E, 0x9C, 0x6A, 0x76, 0xA0, 0xAF, 0x88, 0xA3, 0xAE, 0x24, 0x48, 0x9E, 0xC2,
    0x3A, 0x92, 0x31, 0x07, 0x73, 0xD0, 0x49, 0xE0, 0x40, 0x2F, 0x51, 0x46, 0x3B, 0xA5, 0x68, 0x42,
    0x0A, 0xF3, 0x7F, 0x89, 0x1B, 0xEF, 0xF6, 0x1A, 0x00, 0x07, 0x8D, 0x8A, 0x1D, 0x4B, 0x92, 0x44,
    0x8A, 0x98, 0x23, 0xA4, 0xD8, 0x3A, 0x48, 0xA1, 0xCB, 0xE8, 0xF9, 0x2B, 0xEC, 0x5A, 0xC7, 0x89,
    0xAE, 0x62, 0x64, 0x7E, 0x33, 0x58, 0xA5, 0x5F, 0x6A, 0xBA, 0x31, 0x7D, 0x9B, 0xFD, 0x41, 0x70,
    0xB8, 0x8E, 0x47, 0xEA, 0xA2, 0x9D, 0x2B, 0xBA, 0xFD, 0xAB, 0x65, 0xD1, 0x49, 0x7D, 0xEF, 0xB0,
    0x2F, 0xFB, 0xBD, 0x10, 0xB8, 0xB3, 0xA5, 0xD7, 0xC8, 0x04, 0x4B, 0x9D, 0x88, 0x74, 0x05, 0xA7,
    0x9B, 0x5D, 0xC9, 0x0E, 0xA8, 0x08, 0xA0, 0x5E, 0xAF, 0x6D, 0x5B, 0xDF, 0xBF, 0x67, 0x6A, 0xE7,
    0x3C, 0xAC, 0xE4, 0x90, 0xBE, 0xDC, 0x87, 0x21, 0xB7, 0xD8, 0xD4, 0xAC, 0xE8, 0x47, 0xCA, 0x58,
    0x1B, 0x84, 0x7E, 0x12, 0xF4, 0x79, 0x2B, 0x08, 0x13, 0xCB, 0x4D, 0x30, 0x51, 0x68, 0x66, 0xC1,
    0x4E, 0xC2, 0xE8, 0x60, 0x56, 0x76, 0x2F, 0xDD, 0x15, 0x0D, 0x7B, 0xA7, 0xFD, 0xC2, 0x71, 0x44,
    0x1A, 0x5B, 0xAF, 0x42, 0x49, 0xA1, 0xE0, 0x90, 0xA6, 0x17, 0xC6, 0x29, 0x7D, 0x24, 0x49, 0xEE,
    0xD9, 0xFF, 0x6F, 0xDE, 0x54, 0x1E, 0x09, 0x5C, 0x95, 0x49, 0xE9, 0x90, 0x5B, 0x6D, 0x7C, 0x03,
    0x07, 0x4A, 0x6B, 0x4D, 0x69, 0xAD, 0xFE, 0xCC, 0x80, 0xC3, 0xBE, 0x15, 0xDA, 0x0A, 0xD4, 0x82,
    0xB4, 0x0A, 0x45, 0x6A, 0xB8, 0xE0, 0x30, 0xF2, 0x14, 0x5A, 0xAC, 0x8E, 0xD7, 0xD2, 0x92, 0x1C,
    0x8E, 0x8B, 0x11, 0xB4, 0x72, 0x03, 0x05, 0x97, 0xD4, 0xD6, 0x4F, 0x36, 0xE6, 0x8A, 0x37, 0x9B,
    0x26, 0x46, 0x57, 0x53, 0x13, 0x74, 0x65, 0xAE, 0x70, 0xC8, 0x95, 0xC3, 0xB1, 0x52, 0xB0, 0x3B,
    0x56, 0x20, 0x95, 0x71, 0x52, 0x2B, 0x56, 0x5C, 0x51, 0x6E, 0xA8, 0xB7, 0x86, 0xEC, 0xAA, 0x0D,
    0x66, 0xB5, 0xD3, 0x38, 0xD4, 0x2B, 0xDA, 0xD8, 0x3B, 0xEB, 0xEA, 0x88, 0x7E, 0x1E, 0x75, 0x57,
    0x8E, 0x07, 0x06, 0x42, 0x2A, 0x4B, 0x43, 0x47, 0x8C, 0x43, 0x43, 0xF2, 0xC0, 0x5F, 0xB2, 0x6B,
    0xC9, 0x58, 0x90, 0x84, 0x25, 0x7D, 0x99, 0xB7, 0x94, 0x67, 0x28, 0xD7, 0xD1, 0x43, 0x4B, 0x19,
    0x91, 0x4B, 0x75, 0xAC, 0xD4, 0x4B, 0x4E, 0x98, 0xF9, 0x58, 0x09, 0x57, 0x2B, 0xCD, 0xB1, 0xD2,
    0x4E, 0x79, 0xB0, 0x3E, 0x28, 0x96, 0x13, 0x40, 0xCE, 0x38, 0x90, 0x0B, 0x4A, 0x7E, 0x14, 0x85,
    0xF2, 0x32, 0xEF, 0x44, 0x14, 0xFC, 0x68, 0x01, 0xF8, 0xA7, 0x19, 0x18, 0x9F, 0x06, 0x1D, 0xE6,
    0x81, 0x96, 0x2E, 0xAF, 0xD8, 0x5B, 0x35, 0x81, 0x93, 0x4A, 0x6A, 0x9F, 0x19, 0x3A, 0xB0, 0xA5,
    0x2F, 0xC8, 0x71, 0xAA, 0xB8, 0xD9, 0x60, 0xBE, 0x89, 0x76, 0x6E, 0x9E, 0xCC, 0xED, 0x62, 0x87,
    0xA9, 0x89, 0xC0, 0xD5, 0x3F, 0x1B, 0x1A, 0xA1, 0x64, 0x62, 0x56, 0x26, 0x61, 0xEB, 0x0C, 0x39,
    0x40, 0x58, 0x94, 0x4D, 0xA1, 0x0C, 0xAC, 0x38, 0x90, 0x64, 0x4C, 0xC8, 0x40, 0x7A, 0x23, 0xB8,
    0x54, 0x7B, 0xD1, 0x60, 0x62, 0xA9, 0x9D, 0x6B, 0x5E, 0x8C, 0x5D, 0x94, 0x49, 0x78, 0x96, 0x3E,
    0xF4, 0x15, 0x48, 0xB8, 0x23, 0x0F, 0x78, 0x8A, 0x46, 0x67, 0x18, 0xC9, 0xB5, 0x4C, 0x33, 0xF3,
    0xA9, 0x7B, 0xD8, 0x50, 0x5A, 0x6D, 0x14, 0xFA, 0x20, 0x8C, 0x93, 0x40, 0xAF, 0x38, 0x43, 0x5E,
    0xC5, 0x9B, 0x27, 0x1C, 0x27, 0xA1, 0x0F, 0x82, 0x9D, 0x85, 0x76, 0x15, 0x0C, 0x3F, 0xFE, 0x82,
    0x15, 0x49, 0x1E, 0x14, 0x58, 0xA5, 0xE0, 0x76, 0xBA, 0xBF, 0x82, 0xD7, 0x3A, 0xA1, 0x9F, 0x05,
    0x30, 0x5E, 0x58, 0x70, 0x15, 0x4B, 0x52, 0x5D, 0xD5, 0x3A, 0x72, 0x00, 0xCC, 0x32, 0x3A, 0xFC,
    0xEC, 0xC1, 0xF3, 0xF1, 0xEF, 0xF7, 0x2C, 0x49, 0x86, 0x2C, 0x7A, 0xDF, 0xE8, 0xC2, 0x39, 0xB3,
    0x60, 0x7F, 0x3E, 0x5B, 0x12, 0xFA, 0x6F, 0x43, 0x41, 0xDD, 0x4C, 0x0E, 0xE9, 0x09, 0x06, 0x9D,
    0x3A, 0xBA, 0x76, 0x4E, 0x0F, 0x87, 0x2E, 0x79, 0xC8, 0xE2, 0x4E, 0xBE, 0x2B, 0x31, 0xEF, 0x67,
    0xB5, 0x30, 0x54, 0xA7, 0xC5, 0x71, 0x47, 0xC5, 0x81, 0xEE, 0xEA, 0xE3, 0xDE, 0x73, 0x41, 0x41,
    0x0E, 0xB8, 0xD2, 0x60, 0x67, 0xA4, 0x19, 0x8F, 0xCC, 0x40, 0xD7, 0xAE, 0xB8, 0x95, 0xEE, 0xDB,
    0xFE, 0x8F, 0xE1, 0x5B, 0x3C, 0x3B, 0xDE, 0x91, 0x3B, 0x52, 0x6B, 0xC8, 0x53, 0x8C, 0xE4, 0x54,
    0x90, 0xF4, 0x75, 0xDE, 0x7E, 0x6F, 0x3F, 0x1E, 0xD2, 0x9A, 0xD8, 0xF9, 0xA5, 0x0B, 0x73, 0x1D,
    0x7F, 0xEC, 0x92, 0x3A, 0xDB, 0x45, 0x59, 0x8D, 0xEB, 0x1A, 0x7E, 0xFD, 0x17, 0x97, 0x26, 0x2D,
    0x14, 0xF4, 0xCA, 0x4D, 0xAE, 0xE9, 0x0A, 0xF6, 0xF4, 0x68, 0xC5, 0x11, 0x56, 0x24, 0x7A, 0x87,
    0x03, 0x41, 0x87, 0x6A, 0x77, 0x73, 0xC7, 0x64, 0x9F, 0x2C, 0x53, 0xEB, 0x0F, 0x77, 0x7A, 0x5D,
    0x4D, 0xF3, 0xF4, 0xC9, 0x36, 0x79, 0x93, 0x13, 0xF2, 0x8F, 0x02, 0xB4, 0xD4, 0xFA, 0xA8, 0x1E,
    0xC8, 0x34, 0xCC, 0xDD, 0x1A, 0x44, 0x00, 0x17, 0x76, 0x49, 0x2F, 0x1E, 0xF2, 0xC6, 0x38, 0xD2,
    0xA7, 0xB1, 0x51, 0xAC, 0x48, 0x11, 0x77, 0xE8, 0xC4, 0x82, 0x93, 0x88, 0x3E, 0xF4, 0xCD, 0x5F,
    0x63, 0x13, 0x48, 0xD2, 0x84, 0xBF, 0x4D, 0x9F, 0x35, 0x26, 0x9C, 0xFB, 0x13, 0xD3, 0x4E, 0xF6,
    0xEC, 0x03, 0x33, 0xA6, 0xC5, 0x62, 0x57, 0x0A, 0x2B, 0xCA, 0x3F, 0xEA, 0xB6, 0x5B, 0xBA, 0x13,
    0x03, 0x64, 0x8B, 0xE1, 0xAD, 0xD7, 0x80, 0x97, 0xBE, 0x05, 0x2E, 0x97, 0x57, 0xBC, 0x28, 0x7E,
    0x38, 0xF7, 0xEF, 0xDF, 0xFF, 0x94, 0x64, 0xBC, 0xCF, 0xE7, 0x9F, 0xA2, 0x5D, 0xD2, 0x49, 0x92,
    0xF1, 0x78, 0xA4, 0x4E, 0x6D, 0xC4, 0x81, 0x0B, 0xC8, 0x00, 0xD2, 0x81, 0x6B, 0xFE, 0xF5, 0x64,
    0x43, 0xDE, 0x9B, 0xCC, 0x96, 0x5F, 0xB0, 0xE9, 0x2B, 0x9E, 0x6E, 0x70, 0xC8, 0x2F, 0xA0, 0x66,
    0xCB, 0x37, 0xF5, 0x48, 0x27, 0x34, 0x4E, 0xA0, 0xB2, 0x75, 0xE8, 0xE9, 0x01, 0x12, 0x83, 0x70,
    0xC7, 0xE1, 0x9D, 0x5D, 0xC3, 0x69, 0x6A, 0x68, 0xC3, 0xB9, 0xF2, 0x8E, 0x52, 0x12, 0x76, 0x52,
    0xBC, 0x40, 0x57, 0xB2, 0xE0, 0x50, 0xF2, 0x7D, 0xEA, 0x7C, 0xAB, 0x32, 0x2B, 0x83, 0x70, 0x86,
    0xFC, 0xD6, 0x07, 0x2C, 0x07, 0x8D, 0x87, 0xB5, 0xD7, 0x08, 0x65, 0xD0, 0x58, 0x72, 0x50, 0xCB,
    0x19, 0xFA, 0x94, 0x68, 0x53, 0xB8, 0x22, 0x85, 0x87, 0x76, 0xA9, 0x43, 0x8A, 0x42, 0xE3, 0xE4,
    0x27, 0x90, 0xF8, 0x96, 0xBD, 0xC6, 0x39, 0xF9, 0x78, 0x42, 0xC9, 0x8F, 0xCF, 0xE9, 0x50, 0xAC,
    0xA5, 0x67, 0x87, 0x6A, 0x41, 0x87, 0x74, 0xAB, 0xB4, 0x6C, 0x4C, 0xF1, 0x9B, 0xDE, 0x1F, 0x4E,
    0xF5, 0x2C, 0xE9, 0x25, 0x4C, 0x8E, 0x22, 0x07, 0x6E, 0x71, 0x38, 0x2E, 0xC5, 0xFF, 0x14, 0x4D,
    0xCC, 0xA3, 0xB8, 0x1D, 0xBF, 0x0D, 0x28, 0x35, 0x56, 0x18, 0x0D, 0xA2, 0xDD, 0x6E, 0xC7, 0x86,
    0x83, 0x5D, 0x4C, 0x2C, 0xE8, 0xFA, 0x20, 0xE3, 0xE8, 0xC7, 0x49, 0x62, 0x9C, 0xE8, 0x25, 0xFA,
    0x40, 0x27, 0x61, 0xAF, 0x05, 0xF0, 0x5F, 0xA2, 0xD4, 0x5B, 0x25, 0x70, 0x50, 0x26, 0x65, 0x2E,
    0x89, 0x3E, 0x0A, 0x8D, 0x62, 0x2E, 0x68, 0x94, 0x7E, 0xE9, 0x8F, 0x8F, 0xB7, 0x57, 0xBA, 0x31,
    0x4F, 0x00, 0xEC, 0x18, 0x49, 0xB7, 0xA3, 0x57, 0xAE, 0x74, 0x01, 0xE2, 0x49, 0xF6, 0xE2, 0x79,
    0x6C, 0x8F, 0x8F, 0xEF, 0x9A, 0x77, 0x92, 0xCE, 0x30, 0x5A, 0xBA, 0x36, 0xC6, 0x13, 0x4E, 0x36,
    0xC4, 0x93, 0x3E, 0x8C, 0xA2, 0x9D, 0x47, 0x1F, 0x4F, 0xDA, 0x85, 0x62, 0x13, 0xE9, 0xE2, 0x89,
    0xB9, 0xF0, 0xBD, 0x37, 0x6E, 0xBC, 0x97, 0xD7, 0x60, 0x4C, 0xF6, 0x93, 0x6A, 0xC3, 0x8B, 0xBB,
    0x5C, 0x6F, 0x6A, 0x91, 0x3A, 0xFD, 0x98, 0x24, 0x9D, 0xBD, 0x26, 0x42, 0xC0, 0xFE, 0x20, 0x67,
    0x90, 0xEC, 0xB4, 0x8D, 0xE4, 0x44, 0x37, 0x06, 0x3A, 0xBB, 0x3B, 0xC6, 0x29, 0xB7, 0xA5, 0x3E,
    0x03, 0xC9, 0x40, 0xD7, 0xCF, 0x74, 0x7A, 0x7D, 0x66, 0x77, 0xB4, 0x72, 0xF4, 0x4B, 0x6A, 0x27,
    0x7D, 0xEE, 0x3F, 0xE3, 0xD2, 0xE7, 0xDD, 0xBB, 0x07, 0xDC, 0xE2, 0xE9, 0x81, 0x5C, 0x6A, 0x72,
    0x6E, 0xC8, 0x60, 0xD7, 0xC3, 0x69, 0x1F, 0xF2, 0xB3, 0x49, 0x0F, 0xD0, 0xED, 0x0E, 0x9F, 0xCF,
    0x6B, 0xBB, 0x5D, 0xF1, 0xFB, 0x96, 0x9C, 0x8D, 0x1C, 0x85, 0x1C, 0x68, 0xD9, 0xED, 0x36, 0x99,
    0x65, 0x7F, 0xFC, 0x07, 0xD3, 0x5A, 0xB5, 0x6A, 0x55, 0x83, 0xFD, 0xFF, 0xFF, 0xFF, 0x0F, 0x20,
    0x08, 0x00, 0xD5, 0x91, 0x01, 0x66, 0x03, 0x41, 0x14, 0x86, 0xFF, 0xC9, 0x92, 0x45, 0x90, 0x02,
    0xB0, 0xD8, 0x23, 0xE4, 0x08, 0x9B, 0x1B, 0xE5, 0x08, 0xB3, 0x47, 0x68, 0xF5, 0x40, 0x33, 0xF4,
    0x02, 0x7B, 0x84, 0xA1, 0x39, 0x40, 0x10, 0x34, 0xA4, 0xF9, 0x3A, 0xF3, 0xB4, 0x23, 0x95, 0x05,
    0xDA, 0xA8, 0xAE, 0xF1, 0x7D, 0x6F, 0xCC, 0xDB, 0x35, 0x6F, 0x7F, 0x75, 0x3C, 0x2E, 0xD9, 0x2B,
    0x90, 0x36, 0x1C, 0x1D, 0x44, 0xCF, 0xA1, 0xC9, 0xA2, 0x68, 0x14, 0x49, 0x0D, 0x12, 0xF1, 0x4B,
    0x3D, 0xB4, 0x76, 0xCC, 0x70, 0xA3, 0xDA, 0x79, 0x6F, 0xA9, 0xE3, 0xE9, 0xAC, 0xC0, 0x2B, 0x0E,
    0x5E, 0x68, 0x0C, 0x8C, 0xEE, 0x5C, 0xCE, 0x65, 0xE8, 0xA1, 0x81, 0xEF, 0x68, 0xD0, 0x6F, 0x41,
    0x1D, 0xCF, 0xDC, 0xDE, 0xE0, 0xBA, 0xE5, 0xEE, 0x37, 0xB0, 0xE4, 0xBC, 0x2C, 0x3B, 0xDE, 0x88,
    0x0E, 0x26, 0xCF, 0x81, 0x68, 0xF9, 0x61, 0x85, 0x25, 0xE8, 0xEB, 0x7F, 0xAB, 0x45, 0xCD, 0xD1,
    0xB2, 0x9B, 0x2D, 0x6A, 0x9E, 0x7F, 0x5D, 0x7C, 0x4E, 0x4A, 0xBC, 0x9E, 0x34, 0xCE, 0x4E, 0x3A,
    0xF7, 0xFA, 0x7F, 0x9A, 0x74, 0x77, 0x19, 0xA5, 0x16, 0xDE, 0x2D, 0x20, 0xA2, 0x06, 0x63, 0x38,
    0x2E, 0x32, 0x6D, 0xBE, 0xBA, 0x9C, 0xCD, 0xBD, 0x32, 0xAE, 0xAF, 0xA8, 0x1F, 0xAD, 0xF4, 0x90,
    0x19, 0xEC, 0x3B, 0xDE, 0xB8, 0x31, 0x2E, 0x49, 0x92, 0x0B, 0x27, 0x49, 0x5A, 0x53, 0x36, 0x1A,
    0xE0, 0x9C, 0x15, 0x30, 0x11, 0x7B, 0x93, 0xD6, 0x55, 0x2E, 0x30, 0xF6, 0x90, 0x57, 0x0A, 0xE0,
    0x61, 0xC2, 0x9E, 0x58, 0x30, 0x2D, 0xB7, 0xB9, 0x85, 0x28, 0x15, 0x1D, 0x4D, 0x9E, 0x6D, 0x51,
    0x4E, 0xB8, 0xA8, 0x85, 0xD2, 0xA2, 0xC0, 0x54, 0xD4, 0x92, 0x8A, 0x14, 0x0E, 0xA6, 0xA1, 0x68,
    0x5F, 0x76, 0x17, 0x07, 0xA4, 0x15, 0x00, 0xB1, 0x35, 0x69, 0x01, 0x1D, 0x7B, 0x69, 0x77, 0xFA,
    0x00, 0x62, 0x40, 0x00, 0x76, 0x07, 0x08, 0x2D, 0x0F, 0x28, 0x69, 0x0C, 0x8E, 0x10, 0x04, 0x82,
    0x20, 0xB8, 0x94, 0x4F, 0x1F, 0x04, 0x60, 0x10, 0x84, 0xB0, 0x66, 0x06, 0x21, 0x98, 0x91, 0x84,
    0x70, 0x21, 0x5C, 0x08, 0x3E, 0xB0, 0x8A, 0x07, 0xDE, 0xD8, 0x73, 0xC7, 0x83, 0x2E, 0xB6, 0xBB,
    0x86, 0x32, 0xB8, 0x1E, 0x1D, 0x93, 0x7E, 0x43, 0x4B, 0x5B, 0xD7, 0x52, 0xED, 0xFA, 0x75, 0x3F,
    0xAD, 0x79, 0x35, 0x6B, 0x98, 0x04, 0xF3, 0xF5, 0xD8, 0x92, 0x20, 0x9B, 0xCA, 0xC2, 0x4D, 0x82,
    0x2D, 0x6E, 0x70, 0x4F, 0x6D, 0x33, 0x8C, 0x55, 0x35, 0xA5, 0x6B, 0x92, 0x4E, 0xF8, 0x61, 0xF9,
    0xE0, 0x5E, 0x17, 0x52, 0xBA, 0xC2, 0xED, 0x19, 0x70, 0xF5, 0x9F, 0xF9, 0x40, 0xB3, 0x6B, 0x96,
    0x60, 0xA8, 0xBE, 0xD1, 0x11, 0xCC, 0xA1, 0x09, 0xF6, 0x05, 0x4D, 0xB0, 0x27, 0x9A, 0xE0, 0x6B,
    0xED, 0xC0, 0xDA, 0x81, 0xB5, 0x03, 0x6B, 0x07, 0x43, 0x8F, 0xE7, 0x0F,
};

static const EpdGlyph notosans_16_boldGlyphs[] = {
    { 0, 0, 0, 0, 0, 0, 0 }, // U+0000
    { 0, 0, 139, 0, 0, 0, 0 }, // U+000D
    { 0, 0, 139, 0, 0, 0, 0 }, // U+0020
    { 6, 24, 150, 2, 24, 36, 0 }, // !
    { 12, 9, 255, 2, 24, 27, 36 }, // "
    { 20, 24, 344, 1, 24, 120, 63 }, // #
    { 17, 28, 305, 1, 26, 119, 183 }, // $
    { 28, 24, 481, 1, 24, 168, 302 }, // %
    { 24, 24, 400, 1, 24, 144, 470 }, // &
    { 5, 9, 142, 2, 24, 12, 614 }, // '
    { 9, 30, 181, 1, 24, 68, 626 }, // (
    { 9, 30, 181, 1, 24, 68, 694 }, // )
    { 18, 16, 289, 0, 26, 72, 762 }, // *
    { 16, 17, 305, 1, 21, 68, 834 }, // +
    { 7, 8, 152, 1, 4, 14, 902 }, // ,
    { 9, 4, 171, 1, 11, 9, 916 }, // -
    { 6, 6, 150, 2, 6, 9, 925 }, // .
    { 14, 24, 221, 0, 24, 84, 934 }, // /
    { 17, 24, 305, 1, 24, 102, 1018 }, // 0
    { 13, 24, 305, 2, 24, 78, 1120 }, // 1
    { 18, 24, 305, 0, 24, 108, 1198 }, // 2
    { 17, 24, 305, 1, 24, 102, 1306 }, // 3
    { 18, 24, 305, 1, 24, 108, 1408 }, // 4
    { 17, 24, 305, 2, 24, 102, 1516 }, // 5
    { 17, 24, 305, 1, 24, 102, 1618 }, // 6
    { 17, 24, 305, 1, 24, 102, 1720 }, // 7
    { 17, 24, 305, 1, 24, 102, 1822 }, // 8
    { 17, 24, 305, 1, 24, 102, 1924 }, // 9
    { 6, 19, 150, 2, 19, 29, 2026 }, // :
    { 7, 24, 152, 1, 19, 42, 2055 }, // ;
    { 16, 19, 305, 1, 22, 76, 2097 }, // <
    { 16, 10, 305, 1, 17, 40, 2173 }, // =
    { 16, 19, 305, 1, 22, 76, 2213 }, // >
    { 16, 24, 254, 0, 24, 96, 2289 }, // ?
    { 27, 26, 479, 2, 24, 176, 2385 }, // @
    { 24, 24, 369, 0, 24, 144, 2561 }, // A
    { 18, 24, 355, 3, 24, 108, 2705 }, // B
    { 19, 24, 342, 2, 24, 114, 2813 }, // C
    { 20, 24, 390, 3, 24, 120, 2927 }, // D
    { 14, 24, 299, 3, 24, 84, 3047 }, // E
    { 14, 24, 293, 3, 24, 84, 3131 }, // F
    { 20, 24, 386, 2, 24, 120, 3215 }, // G
    { 20, 24, 408, 3, 24, 120, 3335 }, // H
    { 11, 24, 207, 1, 24, 66, 3455 }, // I
    { 12, 31, 177, -3, 24, 93, 3521 }, // J
    { 20, 24, 354, 3, 24, 120, 3614 }, // K
    { 15, 24, 298, 3, 24, 90, 0 }, // L
    { 27, 24, 503, 3, 24, 162, 90 }, // M
    { 21, 24, 434, 3, 24, 126, 252 }, // N
    { 23, 24, 422, 2, 24, 138, 378 }, // O
    { 17, 24, 331, 3, 24, 102, 516 }, // P
    { 23, 30, 422, 2, 24, 173, 618 }, // Q
    { 20, 24, 350, 3, 24, 120, 791 }, // R
    { 17, 24, 294, 1, 24, 102, 911 }, // S
    { 18, 24, 308, 1, 24, 108, 1013 }, // T
    { 20, 24, 403, 3, 24, 120, 1121 }, // U
    { 22, 24, 347, 0, 24, 132, 1241 }, // V
    { 33, 24, 516, 0, 24, 198, 1373 }, // W
    { 23, 24, 357, 0, 24, 138, 1571 }, // X
    { 21, 24, 334, 0, 24, 126, 1709 }, // Y
    { 18, 24, 309, 1, 24, 108, 1835 }, // Z
    { 8, 30, 177, 2, 24, 60, 1943 }, // [
    { 14, 24, 221, 0, 24, 84, 2003 }, // <backslash>
    { 8, 30, 177, 0, 24, 60, 2087 }, // ]
    { 19, 16, 305, 0, 25, 76, 2147 }, // ^
    { 14, 3, 219, 0, -2, 11, 2223 }, // _
    { 10, 6, 195, 1, 27, 15, 2234 }, // `
    { 17, 19, 319, 1, 19, 81, 2249 }, // a
    { 17, 26, 337, 2, 26, 111, 2330 }, // b
    { 15, 19, 275, 2, 19, 72, 2441 }, // c
    { 18, 26, 337, 2, 26, 117, 2513 }, // d
    { 17, 19, 318, 2, 19, 81, 2630 }, // e
    { 14, 26, 206, 1, 26, 91, 2711 }, // f
    { 18, 27, 337, 2, 19, 122, 2802 }, // g
    { 17, 26, 347, 2, 26, 111, 2924 }, // h
    { 6, 26, 159, 2, 26, 39, 3035 }, // i
    { 10, 34, 159, -2, 26, 85, 3074 }, // j
    { 19, 26, 331, 3, 26, 124, 3159 }, // k
    { 6, 26, 159, 2, 26, 39, 3283 }, // l
    { 28, 19, 520, 2, 19, 133, 3322 }, // m
    { 17, 19, 347, 2, 19, 81, 3455 }, // n
    { 18, 19, 333, 2, 19, 86, 3536 }, // o
    { 17, 27, 337, 2, 19, 115, 0 }, // p
    { 18, 27, 337, 2, 19, 122, 115 }, // q
    { 13, 19, 238, 2, 19, 62, 237 }, // r
    { 14, 19, 268, 2, 19, 67, 299 }, // s
    { 13, 23, 231, 1, 23, 75, 366 }, // t
    { 17, 19, 347, 2, 19, 81, 441 }, // u
    { 20, 19, 304, 0, 19, 95, 522 }, // v
    { 29, 19, 456, 0, 19, 138, 617 }, // w
    { 20, 19, 308, 0, 19, 95, 755 }, // x
    { 20, 27, 304, -1, 19, 135, 850 }, // y
    { 14, 19, 263, 1, 19, 67, 985 }, // z
    { 11, 30, 210, 1, 24, 83, 1052 }, // {
    { 4, 34, 294, 7, 26, 34, 1135 }, // |
    { 12, 30, 210, 1, 24, 90, 1169 }, // }
    { 16, 7, 305, 1, 15, 28, 1259 }, // ~
    { 0, 0, 139, 0, 0, 0, 0 }, // U+00A0
    { 6, 25, 153, 2, 19, 38, 0 }, // U+00A1
    { 15, 24, 305, 2, 24, 90, 38 }, // U+00A2
    { 17, 24, 305, 1, 24, 102, 128 }, // U+00A3
    { 17, 18, 303, 1, 21, 77, 230 }, // U+00A4
    { 21, 24, 305, -1, 24, 126, 307 }, // U+00A5
    { 4, 34, 294, 7, 26, 34, 433 }, // U+00A6
    { 13, 26, 259, 2, 26, 85, 467 }, // U+00A7
    { 12, 4, 316, 4, 25, 12, 552 }, // U+00A8
    { 25, 26, 444, 2, 26, 163, 564 }, // U+00A9
    { 11, 12, 203, 1, 25, 33, 727 }, // U+00AA
    { 19, 17, 327, 1, 18, 81, 760 }, // U+00AB
    { 17, 10, 305, 1, 14, 43, 841 }, // U+00AC
    { 9, 4, 171, 1, 11, 9, 884 }, // U+00AD
    { 25, 26, 444, 2, 26, 163, 893 }, // U+00AE
    { 17, 4, 267, 0, 30, 17, 1056 }, // U+00AF
    { 11, 11, 226, 1, 24, 31, 1073 }, // U+00B0
    { 16, 22, 305, 1, 22, 88, 1104 }, // U+00B1
    { 12, 15, 202, 0, 29, 45, 1192 }, // U+00B2
    { 13, 15, 203, 0, 29, 49, 1237 }, // U+00B3
    { 10, 6, 195, 1, 27, 15, 1286 }, // U+00B4
    { 17, 27, 348, 2, 19, 115, 1301 }, // U+00B5
    { 17, 30, 346, 2, 26, 128, 1416 }, // U+00B6
    { 6, 6, 150, 2, 15, 9, 1544 }, // U+00B7
    { 8, 8, 140, 1, 0, 16, 1553 }, // U+00B8
    { 10, 14, 203, 1, 28, 35, 1569 }, // U+00B9
    { 11, 12, 206, 1, 24, 33, 1604 }, // U+00BA
    { 19, 17, 327, 1, 18, 81, 1637 }, // U+00BB
    { 27, 25, 443, 0, 25, 169, 1718 }, // U+00BC
    { 28, 25, 466, 0, 25, 175, 1887 }, // U+00BD
    { 27, 25, 451, 1, 25, 169, 2062 }, // U+00BE
    { 15, 25, 254, 1, 19, 94, 2231 }, // U+00BF
    { 24, 32, 369, 0, 32, 192, 2325 }, // U+00C0
    { 24, 32, 369, 0, 32, 192, 2517 }, // U+00C1
    { 24, 32, 369, 0, 32, 192, 2709 }, // U+00C2
    { 24, 32, 369, 0, 32, 192, 2901 }, // U+00C3
    { 24, 31, 369, 0, 31, 186, 3093 }, // U+00C4
    { 24, 30, 369, -1, 30, 180, 3279 }, // U+00C5
    { 30, 24, 508, 0, 24, 180, 3459 }, // U+00C6
    { 19, 32, 342, 2, 24, 152, 3639 }, // U+00C7
    { 14, 32, 299, 3, 32, 112, 0 }, // U+00C8
    { 14, 32, 299, 3, 32, 112, 112 }, // U+00C9
    { 14, 32, 299, 3, 32, 112, 224 }, // U+00CA
    { 14, 31, 299, 3, 31, 109, 336 }, // U+00CB
    { 12, 32, 207, 0, 32, 96, 445 }, // U+00CC
    { 12, 32, 207, 1, 32, 96, 541 }, // U+00CD
    { 15, 32, 207, -1, 32, 120, 637 }, // U+00CE
    { 12, 31, 207, 1, 31, 93, 757 }, // U+00CF
    { 22, 24, 390, 1, 24, 132, 850 }, // U+00D0
    { 21, 32, 429, 3, 32, 168, 982 }, // U+00D1
    { 23, 33, 422, 2, 33, 190, 1150 }, // U+00D2
    { 23, 33, 422, 2, 33, 190, 1340 }, // U+00D3
    { 23, 33, 422, 2, 33, 190, 1530 }, // U+00D4
    { 23, 32, 422, 2, 32, 184, 1720 }, // U+00D5
    { 23, 32, 422, 2, 32, 184, 1904 }, // U+00D6
    { 15, 16, 305, 2, 20, 60, 2088 }, // U+00D7
    { 23, 27, 422, 2, 25, 156, 2148 }, // U+00D8
    { 20, 33, 403, 3, 33, 165, 2304 }, // U+00D9
    { 20, 33, 403, 3, 33, 165, 2469 }, // U+00DA
    { 20, 33, 403, 3, 33, 165, 2634 }, // U+00DB
    { 20, 32, 403, 3, 32, 160, 2799 }, // U+00DC
    { 21, 32, 334, 0, 32, 168, 2959 }, // U+00DD
    { 17, 24, 335, 3, 24, 102, 3127 }, // U+00DE
    { 20, 26, 375, 2, 26, 130, 3229 }, // U+00DF
    { 17, 26, 319, 1, 26, 111, 3359 }, // U+00E0
    { 17, 26, 319, 1, 26, 111, 3470 }, // U+00E1
    { 17, 26, 319, 1, 26, 111, 3581 }, // U+00E2
    { 17, 26, 319, 1, 26, 111, 3692 }, // U+00E3
    { 17, 26, 319, 1, 26, 111, 0 }, // U+00E4
    { 17, 29, 319, 1, 29, 124, 111 }, // U+00E5
    { 28, 19, 489, 1, 19, 133, 235 }, // U+00E6
    { 15, 27, 275, 2, 19, 102, 368 }, // U+00E7
    { 17, 26, 318, 2, 26, 111, 470 }, // U+00E8
    { 17, 26, 318, 2, 26, 111, 581 }, // U+00E9
    { 17, 26, 318, 2, 26, 111, 692 }, // U+00EA
    { 17, 26, 318, 2, 26, 111, 803 }, // U+00EB
    { 10, 26, 159, -1, 26, 65, 914 }, // U+00EC
    { 11, 26, 159, 1, 26, 72, 979 }, // U+00ED
    { 15, 26, 159, -3, 26, 98, 1051 }, // U+00EE
    { 12, 26, 159, -1, 26, 78, 1149 }, // U+00EF
    { 18, 27, 334, 2, 27, 122, 1227 }, // U+00F0
    { 17, 26, 347, 2, 26, 111, 1349 }, // U+00F1
    { 18, 26, 333, 2, 26, 117, 1460 }, // U+00F2
    { 18, 26, 333, 2, 26, 117, 1577 }, // U+00F3
    { 18, 26, 333, 2, 26, 117, 1694 }, // U+00F4
    { 18, 26, 333, 2, 26, 117, 1811 }, // U+00F5
    { 18, 26, 333, 2, 26, 117, 1928 }, // U+00F6
    { 16, 17, 305, 1, 21, 68, 2045 }, // U+00F7
    { 18, 21, 330, 1, 20, 95, 2113 }, // U+00F8
    { 17, 26, 347, 2, 26, 111, 2208 }, // U+00F9
    { 17, 26, 347, 2, 26, 111, 2319 }, // U+00FA
    { 17, 26, 347, 2, 26, 111, 2430 }, // U+00FB
    { 17, 26, 347, 2, 26, 111, 2541 }, // U+00FC
    { 20, 34, 304, -1, 26, 170, 2652 }, // U+00FD
    { 17, 34, 337, 2, 26, 145, 2822 }, // U+00FE
    { 20, 34, 304, 0, 26, 170, 2967 }, // U+00FF
    { 24, 30, 369, 0, 30, 180, 0 }, // U+0100
    { 17, 24, 319, 1, 24, 102, 180 }, // U+0101
    { 24, 32, 369, 0, 32, 192, 282 }, // U+0102
    { 17, 26, 319, 1, 26, 111, 474 }, // U+0103
    { 25, 32, 369, -1, 24, 200, 585 }, // U+0104
    { 17, 27, 319, 1, 19, 115, 785 }, // U+0105
    { 19, 33, 342, 2, 33, 157, 900 }, // U+0106
    { 15, 26, 275, 2, 26, 98, 1057 }, // U+0107
    { 19, 33, 342, 2, 33, 157, 1155 }, // U+0108
    { 15, 26, 275, 2, 26, 98, 1312 }, // U+0109
    { 19, 32, 342, 2, 32, 152, 1410 }, // U+010A
    { 15, 26, 275, 2, 26, 98, 1562 }, // U+010B
    { 19, 33, 342, 2, 33, 157, 1660 }, // U+010C
    { 16, 26, 275, 2, 26, 104, 1817 }, // U+010D
    { 20, 32, 390, 3, 32, 160, 1921 }, // U+010E
    { 25, 26, 337, 2, 26, 163, 2081 }, // U+010F
    { 22, 24, 390, 1, 24, 132, 2244 }, // U+0110
    { 20, 26, 344, 2, 26, 130, 2376 }, // U+0111
    { 14, 30, 299, 3, 30, 105, 2506 }, // U+0112
    { 17, 24, 318, 2, 24, 102, 2611 }, // U+0113
    { 14, 32, 299, 3, 32, 112, 2713 }, // U+0114
    { 17, 26, 318, 2, 26, 111, 2825 }, // U+0115
    { 14, 32, 299, 3, 32, 112, 2936 }, // U+0116
    { 17, 26, 318, 2, 26, 111, 3048 }, // U+0117
    { 14, 32, 299, 3, 24, 112, 3159 }, // U+0118
    { 17, 27, 315, 2, 19, 115, 3271 }, // U+0119
    { 15, 32, 299, 3, 32, 120, 3386 }, // U+011A
    { 17, 26, 318, 2, 26, 111, 3506 }, // U+011B
    { 20, 33, 386, 2, 33, 165, 3617 }, // U+011C
    { 18, 34, 337, 2, 26, 153, 3782 }, // U+011D
    { 20, 33, 386, 2, 33, 165, 3935 }, // U+011E
    { 18, 34, 337, 2, 26, 153, 4100 }, // U+011F
    { 20, 32, 386, 2, 32, 160, 4253 }, // U+0120
    { 18, 34, 337, 2, 26, 153, 4413 }, // U+0121
    { 20, 31, 386, 2, 24, 155, 4566 }, // U+0122
    { 18, 34, 337, 2, 26, 153, 4721 }, // U+0123
    { 20, 32, 408, 3, 32, 160, 4874 }, // U+0124
    { 22, 34, 347, -3, 34, 187, 5034 }, // U+0125
    { 26, 24, 408, 0, 24, 156, 5221 }, // U+0126
    { 20, 26, 350, 1, 26, 130, 5377 }, // U+0127
    { 15, 32, 207, -2, 32, 120, 5507 }, // U+0128
    { 15, 26, 159, -3, 26, 98, 5627 }, // U+0129
    { 11, 30, 207, 1, 30, 83, 5725 }, // U+012A
    { 11, 24, 159, 0, 24, 66, 5808 }, // U+012B
    { 13, 32, 207, 1, 32, 104, 5874 }, // U+012C
    { 13, 26, 159, -1, 26, 85, 5978 }, // U+012D
    { 11, 32, 207, 1, 24, 88, 6063 }, // U+012E
    { 7, 34, 159, 1, 26, 60, 6151 }, // U+012F
    { 11, 32, 207, 1, 32, 88, 6211 }, // U+0130
    { 6, 19, 159, 2, 19, 29, 6299 }, // U+0131
    { 21, 31, 385, 1, 24, 163, 6328 }, // U+0132
    { 16, 34, 325, 2, 26, 136, 6491 }, // U+0133
    { 16, 39, 177, -3, 32, 156, 6627 }, // U+0134
    { 14, 34, 159, -2, 26, 119, 6783 }, // U+0135
    { 20, 31, 352, 3, 24, 155, 6902 }, // U+0136
    { 19, 33, 331, 3, 26, 157, 7057 }, // U+0137
    { 19, 19, 331, 3, 19, 91, 7214 }, // U+0138
    { 16, 32, 298, 2, 32, 128, 7305 }, // U+0139
    { 11, 34, 159, 1, 34, 94, 7433 }, // U+013A
    { 15, 31, 298, 3, 24, 117, 7527 }, // U+013B
    { 7, 33, 159, 1, 26, 58, 7644 }, // U+013C
    { 16, 24, 298, 3, 24, 96, 7702 }, // U+013D
    { 13, 26, 159, 2, 26, 85, 7798 }, // U+013E
    { 15, 24, 298, 3, 24, 90, 7883 }, // U+013F
    { 12, 26, 197, 2, 26, 78, 7973 }, // U+0140
    { 18, 24, 301, 0, 24, 108, 8051 }, // U+0141
    { 12, 26, 163, 0, 26, 78, 8159 }, // U+0142
    { 21, 32, 429, 3, 32, 168, 8237 }, // U+0143
    { 17, 26, 347, 2, 26, 111, 8405 }, // U+0144
    { 21, 31, 429, 3, 24, 163, 8516 }, // U+0145
    { 17, 26, 347, 2, 19, 111, 8679 }, // U+0146
    { 21, 32, 429, 3, 32, 168, 8790 }, // U+0147
    { 17, 26, 347, 2, 26, 111, 8958 }, // U+0148
    { 24, 24, 413, 0, 24, 144, 9069 }, // U+0149
    { 21, 31, 434, 3, 24, 163, 9213 }, // U+014A
    { 17, 27, 347, 2, 19, 115, 9376 }, // U+014B
    { 23, 30, 422, 2, 30, 173, 9491 }, // U+014C
    { 18, 24, 333, 2, 24, 108, 9664 }, // U+014D
    { 23, 33, 422, 2, 33, 190, 9772 }, // U+014E
    { 18, 26, 333, 2, 26, 117, 9962 }, // U+014F
    { 23, 32, 422, 2, 32, 184, 10079 }, // U+0150
    { 18, 26, 333, 2, 26, 117, 10263 }, // U+0151
    { 29, 24, 519, 2, 24, 174, 10380 }, // U+0152
    { 30, 19, 522, 1, 19, 143, 10554 }, // U+0153
    { 20, 32, 350, 3, 32, 160, 10697 }, // U+0154
    { 13, 26, 238, 2, 26, 85, 10857 }, // U+0155
    { 20, 31, 350, 3, 24, 155, 10942 }, // U+0156
    { 14, 26, 238, 1, 19, 91, 11097 }, // U+0157
    { 20, 32, 350, 3, 32, 160, 11188 }, // U+0158
    { 15, 26, 238, 1, 26, 98, 11348 }, // U+0159
    { 17, 33, 294, 1, 33, 141, 11446 }, // U+015A
    { 14, 26, 268, 2, 26, 91, 11587 }, // U+015B
    { 17, 33, 294, 1, 33, 141, 11678 }, // U+015C
    { 15, 26, 268, 1, 26, 98, 11819 }, // U+015D
    { 17, 32, 294, 1, 24, 136, 11917 }, // U+015E
    { 14, 27, 268, 2, 19, 95, 12053 }, // U+015F
    { 17, 33, 294, 1, 33, 141, 12148 }, // U+0160
    { 16, 26, 268, 1, 26, 104, 12289 }, // U+0161
    { 18, 32, 308, 1, 24, 144, 12393 }, // U+0162
    { 13, 31, 231, 1, 23, 101, 12537 }, // U+0163
    { 18, 32, 308, 1, 32, 144, 12638 }, // U+0164
    { 19, 26, 231, 1, 26, 124, 12782 }, // U+0165
    { 18, 24, 308, 1, 24, 108, 12906 }, // U+0166
    { 13, 23, 231, 1, 23, 75, 13014 }, // U+0167
    { 20, 32, 403, 3, 32, 160, 13089 }, // U+0168
    { 17, 26, 347, 2, 26, 111, 13249 }, // U+0169
    { 20, 30, 403, 3, 30, 150, 13360 }, // U+016A
    { 17, 24, 347, 2, 24, 102, 13510 }, // U+016B
    { 20, 33, 403, 3, 33, 165, 13612 }, // U+016C
    { 17, 26, 347, 2, 26, 111, 13777 }, // U+016D
    { 20, 35, 403, 3, 35, 175, 13888 }, // U+016E
    { 17, 29, 347, 2, 29, 124, 14063 }, // U+016F
    { 20, 32, 403, 3, 32, 160, 14187 }, // U+0170
    { 17, 26, 347, 2, 26, 111, 14347 }, // U+0171
    { 20, 32, 403, 3, 24, 160, 14458 }, // U+0172
    { 17, 27, 347, 2, 19, 115, 14618 }, // U+0173
    { 33, 32, 516, 0, 32, 264, 14733 }, // U+0174
    { 29, 26, 460, 0, 26, 189, 14997 }, // U+0175
    { 21, 32, 334, 0, 32, 168, 15186 }, // U+0176
    { 20, 34, 304, -1, 26, 170, 15354 }, // U+0177
    { 22, 31, 334, 0, 31, 171, 15524 }, // U+0178
    { 18, 32, 309, 1, 32, 144, 15695 }, // U+0179
    { 14, 26, 263, 1, 26, 91, 15839 }, // U+017A
    { 18, 32, 309, 1, 32, 144, 15930 }, // U+017B
    { 14, 26, 263, 1, 26, 91, 16074 }, // U+017C
    { 18, 32, 309, 1, 32, 144, 16165 }, // U+017D
    { 15, 26, 263, 1, 26, 98, 16309 }, // U+017E
    { 12, 26, 204, 3, 26, 78, 16407 }, // U+017F
    { 27, 26, 438, 2, 26, 176, 0 }, // U+01A0
    { 23, 22, 363, 2, 22, 127, 176 }, // U+01A1
    { 28, 26, 472, 3, 26, 182, 303 }, // U+01AF
    { 25, 22, 404, 2, 22, 138, 485 }, // U+01B0
    { 40, 32, 698, 3, 32, 320, 623 }, // U+01C4
    { 38, 26, 653, 3, 26, 247, 943 }, // U+01C5
    { 36, 26, 600, 2, 26, 234, 1190 }, // U+01C6
    { 25, 31, 478, 3, 24, 194, 1424 }, // U+01C7
    { 24, 34, 464, 3, 26, 204, 1618 }, // U+01C8
    { 16, 34, 325, 2, 26, 136, 1822 }, // U+01C9
    { 33, 31, 610, 3, 24, 256, 1958 }, // U+01CA
    { 32, 34, 596, 3, 26, 272, 2214 }, // U+01CB
    { 27, 34, 513, 2, 26, 230, 2486 }, // U+01CC
    { 24, 32, 369, 0, 32, 192, 2716 }, // U+01CD
    { 17, 26, 319, 1, 26, 111, 2908 }, // U+01CE
    { 15, 32, 207, -1, 32, 120, 3019 }, // U+01CF
    { 16, 26, 159, -3, 26, 104, 3139 }, // U+01D0
    { 23, 33, 422, 2, 33, 190, 3243 }, // U+01D1
    { 18, 26, 333, 2, 26, 117, 3433 }, // U+01D2
    { 20, 33, 403, 3, 33, 165, 3550 }, // U+01D3
    { 17, 26, 347, 2, 26, 111, 3715 }, // U+01D4
    { 20, 35, 403, 3, 35, 175, 3826 }, // U+01D5
    { 17, 29, 347, 2, 29, 124, 4001 }, // U+01D6
    { 20, 36, 403, 3, 36, 180, 4125 }, // U+01D7
    { 17, 30, 347, 2, 30, 128, 4305 }, // U+01D8
    { 20, 36, 403, 3, 36, 180, 4433 }, // U+01D9
    { 17, 31, 347, 2, 31, 132, 4613 }, // U+01DA
    { 20, 36, 403, 3, 36, 180, 4745 }, // U+01DB
    { 17, 30, 347, 2, 30, 128, 4925 }, // U+01DC
    { 17, 19, 318, 2, 19, 81, 5053 }, // U+01DD
    { 24, 35, 369, -1, 35, 210, 5134 }, // U+01DE
    { 17, 29, 319, 1, 29, 124, 5344 }, // U+01DF
    { 24, 35, 369, 0, 35, 210, 5468 }, // U+01E0
    { 17, 30, 319, 1, 30, 128, 5678 }, // U+01E1
    { 31, 30, 508, -1, 30, 233, 5806 }, // U+01E2
    { 28, 24, 489, 1, 24, 168, 6039 }, // U+01E3
    { 22, 24, 386, 2, 24, 132, 6207 }, // U+01E4
    { 19, 27, 339, 1, 19, 129, 6339 }, // U+01E5
    { 20, 33, 386, 2, 33, 165, 6468 }, // U+01E6
    { 18, 34, 337, 2, 26, 153, 6633 }, // U+01E7
    { 20, 32, 352, 3, 32, 160, 6786 }, // U+01E8
    { 24, 34, 331, -2, 34, 204, 6946 }, // U+01E9
    { 23, 32, 422, 2, 24, 184, 7150 }, // U+01EA
    { 18, 27, 333, 2, 19, 122, 7334 }, // U+01EB
    { 23, 38, 422, 2, 30, 219, 7456 }, // U+01EC
    { 18, 32, 333, 2, 24, 144, 7675 }, // U+01ED
    { 18, 33, 315, 1, 33, 149, 7819 }, // U+01EE
    { 18, 34, 310, 0, 26, 153, 7968 }, // U+01EF
    { 15, 34, 159, -2, 26, 128, 8121 }, // U+01F0
    { 40, 24, 698, 3, 24, 240, 8249 }, // U+01F1
    { 37, 24, 653, 3, 24, 222, 8489 }, // U+01F2
    { 35, 26, 600, 2, 26, 228, 8711 }, // U+01F3
    { 20, 33, 386, 2, 33, 165, 8939 }, // U+01F4
    { 18, 34, 337, 2, 26, 153, 9104 }, // U+01F5
    { 30, 24, 559, 3, 24, 180, 9257 }, // U+01F6
    { 18, 32, 360, 3, 24, 144, 9437 }, // U+01F7
    { 21, 32, 429, 3, 32, 168, 9581 }, // U+01F8
    { 17, 26, 347, 2, 26, 111, 9749 }, // U+01F9
    { 24, 33, 368, -1, 33, 198, 9860 }, // U+01FA
    { 17, 33, 319, 1, 33, 141, 10058 }, // U+01FB
    { 30, 32, 508, 0, 32, 240, 10199 }, // U+01FC
    { 28, 26, 489, 1, 26, 182, 10439 }, // U+01FD
    { 23, 35, 422, 2, 33, 202, 10621 }, // U+01FE
    { 18, 27, 330, 1, 26, 122, 10823 }, // U+01FF
    { 24, 32, 369, 0, 32, 192, 10945 }, // U+0200
    { 18, 26, 319, 0, 26, 117, 11137 }, // U+0201
    { 25, 32, 369, -1, 32, 200, 11254 }, // U+0202
    { 17, 26, 319, 1, 26, 111, 11454 }, // U+0203
    { 16, 32, 299, 1, 32, 128, 11565 }, // U+0204
    { 18, 26, 318, 1, 26, 117, 11693 }, // U+0205
    { 14, 32, 299, 3, 32, 112, 11810 }, // U+0206
    { 18, 26, 318, 2, 26, 117, 11922 }, // U+0207
    { 15, 32, 207, -3, 32, 120, 12039 }, // U+0208
    { 15, 26, 159, -5, 26, 98, 12159 }, // U+0209
    { 13, 32, 207, 0, 32, 104, 12257 }, // U+020A
    { 13, 26, 159, -2, 26, 85, 12361 }, // U+020B
    { 23, 32, 422, 2, 32, 184, 12446 }, // U+020C
    { 18, 26, 333, 2, 26, 117, 12630 }, // U+020D
    { 23, 33, 422, 2, 33, 190, 12747 }, // U+020E
    { 18, 26, 333, 2, 26, 117, 12937 }, // U+020F
    { 21, 32, 350, 2, 32, 168, 13054 }, // U+0210
    { 17, 26, 238, -2, 26, 111, 13222 }, // U+0211
    { 20, 32, 350, 3, 32, 160, 13333 }, // U+0212
    { 13, 26, 238, 1, 26, 85, 13493 }, // U+0213
    { 20, 32, 403, 3, 32, 160, 13578 }, // U+0214
    { 18, 26, 347, 1, 26, 117, 13738 }, // U+0215
    { 20, 33, 403, 3, 33, 165, 13855 }, // U+0216
    { 17, 26, 347, 2, 26, 111, 14020 }, // U+0217
    { 17, 31, 294, 1, 24, 132, 14131 }, // U+0218
    { 14, 26, 268, 2, 19, 91, 14263 }, // U+0219
    { 18, 31, 308, 1, 24, 140, 14354 }, // U+021A
    { 13, 30, 231, 1, 23, 98, 14494 }, // U+021B
    { 19, 31, 335, 1, 24, 148, 14592 }, // U+021C
    { 16, 28, 270, 0, 19, 112, 14740 }, // U+021D
    { 20, 32, 408, 3, 32, 160, 14852 }, // U+021E
    { 22, 34, 347, -3, 34, 187, 15012 }, // U+021F
    { 10, 6, 0, -18, 27, 15, 0 }, // U+0300
    { 11, 6, 0, -13, 27, 17, 15 }, // U+0301
    { 14, 6, 0, -7, 27, 21, 32 }, // U+0302
    { 15, 5, 0, -19, 26, 19, 53 }, // U+0303
    { 11, 4, 0, -5, 25, 11, 72 }, // U+0304
    { 14, 4, 0, -7, 29, 14, 83 }, // U+0305
    { 13, 6, 0, -6, 27, 20, 97 }, // U+0306
    { 6, 5, 0, -3, 26, 8, 117 }, // U+0307
    { 12, 4, 0, -6, 25, 12, 125 }, // U+0308
    { 8, 8, 0, -14, 29, 16, 137 }, // U+0309
    { 8, 8, 0, -4, 29, 16, 153 }, // U+030A
    { 16, 5, 0, -6, 26, 20, 169 }, // U+030B
    { 15, 6, 0, -7, 27, 23, 189 }, // U+030C
    { 3, 6, 0, -2, 26, 5, 212 }, // U+030D
    { 9, 6, 0, -4, 26, 14, 217 }, // U+030E
    { 14, 5, 0, -19, 26, 18, 231 }, // U+030F
    { 12, 8, 0, -6, 29, 24, 249 }, // U+0310
    { 13, 6, 0, -6, 27, 20, 273 }, // U+0311
    { 8, 8, 0, -4, 24, 16, 293 }, // U+0312
    { 8, 8, 0, -4, 24, 16, 309 }, // U+0313
    { 8, 8, 0, -4, 24, 16, 325 }, // U+0314
    { 8, 8, 0, -4, 24, 16, 341 }, // U+0315
    { 11, 6, 0, -6, -1, 17, 357 }, // U+0316
    { 10, 6, 0, -5, -1, 15, 374 }, // U+0317
    { 7, 7, 0, -3, 0, 13, 389 }, // U+0318
    { 6, 7, 0, -3, 0, 11, 402 }, // U+0319
    { 9, 9, 160, 1, 27, 21, 413 }, // U+031A
    { 9, 8, 0, -3, 26, 18, 434 }, // U+031B
    { 4, 8, 0, -2, 0, 8, 452 }, // U+031C
    { 7, 6, 0, -3, -1, 11, 460 }, // U+031D
    { 7, 7, 0, -3, -1, 13, 471 }, // U+031E
    { 7, 7, 0, -3, -1, 13, 484 }, // U+031F
    { 7, 3, 0, -3, -3, 6, 497 }, // U+0320
    { 8, 10, 0, -8, 2, 20, 503 }, // U+0321
    { 8, 10, 0, 0, 2, 20, 523 }, // U+0322
    { 6, 5, 0, -14, -2, 8, 543 }, // U+0323
    { 12, 4, 0, -6, -3, 12, 551 }, // U+0324
    { 8, 8, 0, -4, 0, 16, 563 }, // U+0325
    { 6, 5, 0, -3, -3, 8, 579 }, // U+0326
    { 8, 8, 0, -4, 0, 16, 587 }, // U+0327
    { 7, 9, 0, -3, 1, 16, 603 }, // U+0328
    { 3, 6, 0, -2, -1, 5, 619 }, // U+0329
    { 12, 7, 0, -6, -1, 21, 624 }, // U+032A
    { 13, 4, 0, -6, -2, 13, 645 }, // U+032B
    { 15, 6, 0, -7, -1, 23, 658 }, // U+032C
    { 14, 6, 0, -7, -1, 21, 681 }, // U+032D
    { 13, 6, 0, -6, -1, 20, 702 }, // U+032E
    { 13, 6, 0, -6, -1, 20, 722 }, // U+032F
    { 14, 5, 0, -7, -2, 18, 742 }, // U+0330
    { 11, 4, 0, -5, -2, 11, 760 }, // U+0331
    { 16, 3, 0, -8, -2, 12, 771 }, // U+0332
    { 14, 7, 0, -8, -1, 25, 783 }, // U+0333
    { 15, 5, 0, -7, 12, 19, 808 }, // U+0334
    { 14, 4, 0, -7, 12, 14, 827 }, // U+0335
    { 24, 4, 0, -12, 12, 24, 841 }, // U+0336
    { 12, 11, 0, -6, 15, 33, 865 }, // U+0337
    { 14, 28, 0, -7, 26, 98, 898 }, // U+0338
    { 5, 8, 0, -2, 0, 10, 996 }, // U+0339
    { 12, 6, 0, -6, -1, 18, 1006 }, // U+033A
    { 13, 7, 0, -6, -1, 23, 1024 }, // U+033B
    { 13, 4, 0, -6, -2, 13, 1047 }, // U+033C
    { 8, 8, 0, -4, 27, 16, 1060 }, // U+033D
    { 5, 10, 0, -2, 30, 13, 1076 }, // U+033E
    { 14, 7, 0, -8, 33, 25, 1089 }, // U+033F
    { 11, 6, 0, -8, 27, 17, 1114 }, // U+0340
    { 10, 6, 0, -2, 27, 15, 1131 }, // U+0341
    { 14, 5, 0, -7, 26, 18, 1146 }, // U+0342
    { 5, 7, 0, -3, 27, 9, 1164 }, // U+0343
    { 17, 6, 0, -7, 27, 26, 1173 }, // U+0344
    { 6, 6, 0, -1, -2, 9, 1199 }, // U+0345
    { 15, 7, 0, -7, 27, 27, 1208 }, // U+0346
    { 14, 7, 0, -8, -1, 25, 1235 }, // U+0347
    { 9, 6, 0, -4, -1, 14, 1260 }, // U+0348
    { 7, 7, 0, -3, -1, 13, 1274 }, // U+0349
    { 14, 8, 0, -7, 27, 28, 1287 }, // U+034A
    { 13, 13, 0, -7, 32, 43, 1315 }, // U+034B
    { 12, 9, 0, -6, 30, 27, 1358 }, // U+034C
    { 13, 8, 0, -7, 0, 26, 1385 }, // U+034D
    { 7, 8, 0, -3, 0, 14, 1411 }, // U+034E
    { 0, 0, 0, 0, 0, 0, 1425 }, // U+034F
    { 6, 7, 0, -3, 27, 11, 1425 }, // U+0350
    { 4, 8, 0, -2, 28, 8, 1436 }, // U+0351
    { 12, 8, 0, -6, 29, 24, 1444 }, // U+0352
    { 8, 7, 0, -4, -1, 14, 1468 }, // U+0353
    { 6, 7, 0, -3, -1, 11, 1482 }, // U+0354
    { 6, 7, 0, -3, -1, 11, 1493 }, // U+0355
    { 13, 7, 0, -6, -1, 23, 1504 }, // U+0356
    { 5, 8, 0, -2, 28, 10, 1527 }, // U+0357
    { 6, 5, 0, 3, 26, 8, 1537 }, // U+0358
    { 8, 7, 0, -4, -1, 14, 1545 }, // U+0359
    { 13, 7, 0, -6, -1, 23, 1559 }, // U+035A
    { 8, 7, 0, -4, 27, 14, 1582 }, // U+035B
    { 28, 7, 0, -14, -1, 49, 1596 }, // U+035C
    { 28, 7, 0, -14, 27, 49, 1645 }, // U+035D
    { 20, 3, 0, -10, 24, 15, 1694 }, // U+035E
    { 20, 3, 0, -10, -2, 15, 1709 }, // U+035F
    { 28, 6, 0, -14, 27, 42, 1724 }, // U+0360
    { 28, 8, 0, -14, 30, 56, 1766 }, // U+0361
    { 27, 8, 0, -12, -1, 54, 1822 }, // U+0362
    { 8, 8, 0, -3, 29, 16, 1876 }, // U+0363
    { 8, 9, 0, -3, 30, 18, 1892 }, // U+0364
    { 3, 10, 0, -1, 31, 8, 1910 }, // U+0365
    { 8, 8, 0, -4, 29, 16, 1918 }, // U+0366
    { 8, 7, 0, -3, 28, 14, 1934 }, // U+0367
    { 7, 8, 0, -3, 29, 14, 1948 }, // U+0368
    { 8, 11, 0, -4, 32, 22, 1962 }, // U+0369
    { 8, 10, 0, -3, 31, 20, 1984 }, // U+036A
    { 13, 8, 0, -6, 29, 26, 2004 }, // U+036B
    { 6, 8, 0, -2, 29, 12, 2030 }, // U+036C
    { 6, 9, 0, -2, 30, 14, 2042 }, // U+036D
    { 9, 8, 0, -4, 29, 18, 2056 }, // U+036E
    { 10, 7, 0, -5, 28, 18, 2074 }, // U+036F
    { 14, 32, 299, 3, 32, 112, 0 }, // U+0400
    { 14, 32, 299, 3, 32, 112, 112 }, // U+0401
    { 24, 24, 408, 1, 24, 144, 224 }, // U+0402
    { 15, 32, 300, 3, 32, 120, 368 }, // U+0403
    { 19, 24, 347, 2, 24, 114, 488 }, // U+0404
    { 17, 24, 292, 1, 24, 102, 602 }, // U+0405
    { 6, 24, 172, 3, 24, 36, 704 }, // U+0406
    { 10, 32, 177, 1, 32, 80, 740 }, // U+0407
    { 12, 31, 177, -3, 24, 93, 820 }, // U+0408
    { 33, 24, 551, 1, 24, 198, 913 }, // U+0409
    { 31, 24, 567, 3, 24, 186, 1111 }, // U+040A
    { 24, 24, 415, 1, 24, 144, 1297 }, // U+040B
    { 20, 32, 365, 3, 32, 160, 1441 }, // U+040C
    { 21, 32, 422, 3, 32, 168, 1601 }, // U+040D
    { 22, 32, 344, 0, 32, 176, 1769 }, // U+040E
    { 20, 29, 408, 3, 24, 145, 1945 }, // U+040F
    { 24, 24, 369, 0, 24, 144, 2090 }, // U+0410
    { 17, 24, 346, 3, 24, 102, 2234 }, // U+0411
    { 18, 24, 353, 3, 24, 108, 2336 }, // U+0412
    { 15, 24, 300, 3, 24, 90, 2444 }, // U+0413
    { 26, 30, 414, 1, 24, 195, 2534 }, // U+0414
    { 14, 24, 299, 3, 24, 84, 2729 }, // U+0415
    { 33, 24, 532, 0, 24, 198, 2813 }, // U+0416
    { 18, 24, 316, 1, 24, 108, 3011 }, // U+0417
    { 21, 24, 422, 3, 24, 126, 3119 }, // U+0418
    { 21, 32, 422, 3, 32, 168, 3245 }, // U+0419
    { 20, 24, 370, 3, 24, 120, 3413 }, // U+041A
    { 22, 24, 391, 1, 24, 132, 3533 }, // U+041B
    { 27, 24, 503, 3, 24, 162, 3665 }, // U+041C
    { 20, 24, 411, 3, 24, 120, 3827 }, // U+041D
    { 23, 24, 414, 2, 24, 138, 3947 }, // U+041E
    { 20, 24, 406, 3, 24, 120, 4085 }, // U+041F
    { 17, 24, 332, 3, 24, 102, 4205 }, // U+0420
    { 19, 24, 344, 2, 24, 114, 4307 }, // U+0421
    { 18, 24, 308, 1, 24, 108, 4421 }, // U+0422
    { 22, 24, 344, 0, 24, 132, 4529 }, // U+0423
    { 27, 24, 481, 2, 24, 162, 4661 }, // U+0424
    { 24, 24, 356, -1, 24, 144, 4823 }, // U+0425
    { 23, 30, 414, 3, 24, 173, 4967 }, // U+0426
    { 19, 24, 383, 2, 24, 114, 5140 }, // U+0427
    { 30, 24, 569, 3, 24, 180, 5254 }, // U+0428
    { 33, 31, 573, 3, 24, 256, 5434 }, // U+0429
    { 23, 24, 402, 1, 24, 138, 5690 }, // U+042A
    { 25, 24, 491, 3, 24, 150, 5828 }, // U+042B
    { 17, 24, 344, 3, 24, 102, 5978 }, // U+042C
    { 20, 24, 350, 1, 24, 120, 6080 }, // U+042D
    { 29, 24, 542, 3, 24, 174, 6200 }, // U+042E
    { 20, 24, 363, 0, 24, 120, 6374 }, // U+042F
    { 17, 19, 318, 1, 19, 81, 6494 }, // U+0430
    { 18, 27, 333, 2, 27, 122, 6575 }, // U+0431
    { 17, 19, 318, 2, 19, 81, 6697 }, // U+0432
    { 13, 19, 253, 3, 19, 62, 6778 }, // U+0433
    { 21, 25, 340, 1, 19, 132, 6840 }, // U+0434
    { 17, 19, 311, 1, 19, 81, 6972 }, // U+0435
    { 30, 19, 462, -1, 19, 143, 7053 }, // U+0436
    { 16, 19, 275, 0, 19, 76, 7196 }, // U+0437
    { 18, 19, 359, 3, 19, 86, 7272 }, // U+0438
    { 18, 27, 359, 3, 27, 122, 7358 }, // U+0439
    { 18, 19, 328, 3, 19, 86, 7480 }, // U+043A
    { 19, 19, 332, 1, 19, 91, 7566 }, // U+043B
    { 23, 19, 446, 3, 19, 110, 7657 }, // U+043C
    { 17, 19, 350, 3, 19, 81, 7767 }, // U+043D
    { 18, 19, 331, 1, 19, 86, 7848 }, // U+043E
    { 17, 19, 347, 3, 19, 81, 7934 }, // U+043F
    { 17, 27, 339, 3, 19, 115, 8015 }, // U+0440
    { 16, 19, 279, 1, 19, 76, 8130 }, // U+0441
    { 16, 19, 269, 1, 19, 76, 8206 }, // U+0442
    { 21, 27, 304, -1, 19, 142, 8282 }, // U+0443
    { 25, 34, 432, 1, 26, 213, 8424 }, // U+0444
    { 20, 19, 308, 0, 19, 95, 8637 }, // U+0445
    { 19, 25, 347, 2, 19, 119, 8732 }, // U+0446
    { 17, 19, 340, 2, 19, 81, 8851 }, // U+0447
    { 27, 19, 508, 3, 19, 129, 8932 }, // U+0448
    { 29, 25, 509, 3, 19, 182, 9061 }, // U+0449
    { 21, 19, 358, 1, 19, 100, 9243 }, // U+044A
    { 24, 19, 455, 3, 19, 114, 9343 }, // U+044B
    { 16, 19, 315, 3, 19, 76, 9457 }, // U+044C
    { 17, 19, 279, 0, 19, 81, 9533 }, // U+044D
    { 25, 19, 454, 3, 19, 119, 9614 }, // U+044E
    { 18, 19, 323, 0, 19, 86, 9733 }, // U+044F
    { 17, 27, 311, 1, 27, 115, 9819 }, // U+0450
    { 17, 26, 311, 1, 26, 111, 9934 }, // U+0451
    { 20, 34, 348, 0, 26, 170, 10045 }, // U+0452
    { 13, 26, 256, 3, 26, 85, 10215 }, // U+0453
    { 16, 19, 279, 1, 19, 76, 10300 }, // U+0454
    { 14, 19, 266, 1, 19, 67, 10376 }, // U+0455
    { 6, 26, 164, 3, 26, 39, 10443 }, // U+0456
    { 9, 26, 159, 1, 26, 59, 10482 }, // U+0457
    { 10, 34, 159, -2, 26, 85, 10541 }, // U+0458
    { 29, 19, 478, 1, 19, 138, 10626 }, // U+0459
    { 27, 19, 494, 3, 19, 129, 10764 }, // U+045A
    { 20, 26, 348, 0, 26, 130, 10893 }, // U+045B
    { 18, 26, 328, 3, 26, 117, 11023 }, // U+045C
    { 18, 26, 359, 3, 26, 117, 11140 }, // U+045D
    { 21, 35, 304, -1, 27, 184, 11257 }, // U+045E
    { 17, 24, 347, 3, 19, 102, 11441 }, // U+045F
    { 31, 24, 508, 1, 24, 186, 11543 }, // U+0460
    { 28, 19, 472, 1, 19, 133, 11729 }, // U+0461
    { 21, 24, 359, 0, 24, 126, 11862 }, // U+0462
    { 21, 23, 355, 1, 23, 121, 11988 }, // U+0463
    { 28, 24, 507, 3, 24, 168, 12109 }, // U+0464
    { 24, 19, 428, 2, 19, 114, 12277 }, // U+0465
    { 24, 24, 389, 0, 24, 144, 12391 }, // U+0466
    { 22, 19, 341, 0, 19, 105, 12535 }, // U+0467
    { 30, 24, 536, 3, 24, 180, 12640 }, // U+0468
    { 28, 19, 481, 3, 19, 133, 12820 }, // U+0469
    { 27, 24, 429, 0, 24, 162, 12953 }, // U+046A
    { 22, 19, 332, 0, 19, 105, 13115 }, // U+046B
    { 33, 24, 572, 3, 24, 198, 13220 }, // U+046C
    { 27, 19, 469, 3, 19, 129, 13418 }, // U+046D
    { 19, 38, 337, 1, 30, 181, 13547 }, // U+046E
    { 18, 32, 296, 1, 24, 144, 13728 }, // U+046F
    { 24, 24, 470, 3, 24, 144, 13872 }, // U+0470
    { 24, 34, 449, 2, 26, 204, 14016 }, // U+0471
    { 23, 24, 422, 2, 24, 138, 14220 }, // U+0472
    { 18, 19, 330, 1, 19, 86, 14358 }, // U+0473
    { 24, 24, 382, 0, 24, 144, 14444 }, // U+0474
    { 21, 19, 323, -1, 19, 100, 14588 }, // U+0475
    { 24, 32, 382, 0, 32, 192, 14688 }, // U+0476
    { 21, 26, 323, -1, 26, 137, 14880 }, // U+0477
    { 43, 32, 703, 2, 24, 344, 15017 }, // U+0478
    { 38, 27, 627, 2, 19, 257, 15361 }, // U+0479
    { 24, 29, 443, 2, 27, 174, 15618 }, // U+047A
    { 20, 22, 365, 2, 20, 110, 15792 }, // U+047B
    { 33, 37, 580, 2, 37, 306, 15902 }, // U+047C
    { 29, 32, 511, 2, 32, 232, 16208 }, // U+047D
    { 31, 31, 510, 1, 31, 241, 16440 }, // U+047E
    { 28, 25, 472, 1, 25, 175, 16681 }, // U+047F
    { 20, 32, 361, 2, 24, 160, 16856 }, // U+0480
    { 15, 27, 279, 1, 19, 102, 17016 }, // U+0481
    { 18, 23, 325, 1, 22, 104, 17118 }, // U+0482
    { 13, 6, 0, -16, 25, 20, 17222 }, // U+0483
    { 13, 6, 0, -15, 27, 20, 17242 }, // U+0484
    { 5, 7, 0, -11, 27, 9, 17262 }, // U+0485
    { 5, 7, 0, -11, 27, 9, 17271 }, // U+0486
    { 13, 6, 0, -6, 32, 20, 17280 }, // U+0487
    { 38, 36, 0, -19, 28, 342, 17300 }, // U+0488
    { 37, 38, 0, -18, 28, 352, 17642 }, // U+0489
    { 27, 40, 488, 3, 33, 270, 17994 }, // U+048A
    { 24, 33, 428, 3, 27, 198, 18264 }, // U+048B
    { 19, 24, 340, 1, 24, 114, 18462 }, // U+048C
    { 20, 26, 327, 1, 26, 130, 18576 }, // U+048D
    { 17, 24, 335, 3, 24, 102, 18706 }, // U+048E
    { 17, 27, 338, 3, 19, 115, 18808 }, // U+048F
    { 16, 30, 308, 3, 30, 120, 18923 }, // U+0490
    { 15, 24, 273, 3, 24, 90, 19043 }, // U+0491
    { 17, 24, 298, 1, 24, 102, 19133 }, // U+0492
    { 16, 19, 262, 1, 19, 76, 19235 }, // U+0493
    { 20, 32, 391, 3, 24, 160, 19311 }, // U+0494
    { 16, 27, 321, 3, 19, 108, 19471 }, // U+0495
    { 35, 31, 549, -1, 24, 272, 19579 }, // U+0496
    { 33, 26, 499, -1, 19, 215, 19851 }, // U+0497
    { 17, 32, 316, 1, 24, 136, 20066 }, // U+0498
    { 16, 27, 275, 1, 19, 108, 20202 }, // U+0499
    { 22, 31, 403, 3, 24, 171, 20310 }, // U+049A
    { 19, 26, 351, 2, 19, 124, 20481 }, // U+049B
    { 20, 24, 357, 3, 24, 120, 20605 }, // U+049C
    { 19, 19, 330, 2, 19, 91, 20725 }, // U+049D
    { 22, 24, 370, 1, 24, 132, 20816 }, // U+049E
    { 21, 26, 334, 1, 26, 137, 20948 }, // U+049F
    { 26, 24, 391, 0, 24, 156, 21085 }, // U+04A0
    { 24, 19, 371, 0, 19, 114, 21241 }, // U+04A1
    { 24, 31, 448, 3, 24, 186, 21355 }, // U+04A2
    { 23, 25, 396, 3, 19, 144, 21541 }, // U+04A3
    { 25, 24, 445, 3, 24, 150, 21685 }, // U+04A4
    { 23, 19, 404, 3, 19, 110, 21835 }, // U+04A5
    { 33, 32, 600, 3, 24, 264, 21945 }, // U+04A6
    { 26, 27, 474, 3, 19, 176, 22209 }, // U+04A7
    { 23, 25, 414, 2, 24, 144, 22385 }, // U+04A8
    { 19, 20, 350, 1, 19, 95, 22529 }, // U+04A9
    { 19, 32, 342, 2, 24, 152, 22624 }, // U+04AA
    { 15, 27, 275, 2, 19, 102, 22776 }, // U+04AB
    { 18, 31, 309, 1, 24, 140, 22878 }, // U+04AC
    { 17, 25, 293, 1, 19, 107, 23018 }, // U+04AD
    { 21, 24, 334, 0, 24, 126, 23125 }, // U+04AE
    { 21, 27, 306, -1, 19, 142, 23251 }, // U+04AF
    { 21, 24, 334, 0, 24, 126, 23393 }, // U+04B0
    { 20, 27, 306, -1, 19, 135, 23519 }, // U+04B1
    { 26, 31, 396, -1, 24, 202, 23654 }, // U+04B2
    { 22, 26, 338, 0, 19, 143, 23856 }, // U+04B3
    { 30, 32, 496, 1, 24, 240, 23999 }, // U+04B4
    { 25, 27, 422, 1, 19, 169, 24239 }, // U+04B5
    { 24, 31, 429, 2, 24, 186, 24408 }, // U+04B6
    { 22, 25, 387, 2, 19, 138, 24594 }, // U+04B7
    { 20, 24, 392, 2, 24, 120, 24732 }, // U+04B8
    { 18, 19, 351, 2, 19, 86, 24852 }, // U+04B9
    { 20, 24, 392, 3, 24, 120, 24938 }, // U+04BA
    { 17, 26, 347, 2, 26, 111, 25058 }, // U+04BB
    { 29, 24, 506, 0, 24, 174, 25169 }, // U+04BC
    { 23, 19, 378, 0, 19, 110, 25343 }, // U+04BD
    { 29, 30, 506, 0, 24, 218, 25453 }, // U+04BE
    { 23, 26, 378, 0, 19, 150, 25671 }, // U+04BF
    { 11, 24, 207, 1, 24, 66, 25821 }, // U+04C0
    { 33, 32, 533, 0, 32, 264, 25887 }, // U+04C1
    { 30, 27, 462, -1, 27, 203, 26151 }, // U+04C2
    { 21, 32, 405, 3, 24, 168, 26354 }, // U+04C3
    { 19, 27, 348, 3, 19, 129, 26522 }, // U+04C4
    { 28, 31, 447, 0, 24, 217, 26651 }, // U+04C5
    { 24, 26, 388, 0, 19, 156, 26868 }, // U+04C6
    { 20, 32, 408, 3, 24, 160, 27024 }, // U+04C7
    { 17, 27, 353, 3, 19, 115, 27184 }, // U+04C8
    { 25, 31, 458, 3, 24, 194, 27299 }, // U+04C9
    { 22, 25, 397, 3, 19, 138, 27493 }, // U+04CA
    { 20, 31, 392, 2, 24, 155, 27631 }, // U+04CB
    { 18, 25, 350, 2, 19, 113, 27786 }, // U+04CC
    { 32, 31, 552, 3, 24, 248, 27899 }, // U+04CD
    { 28, 25, 494, 3, 19, 175, 28147 }, // U+04CE
    { 11, 24, 207, 1, 24, 66, 28322 }, // U+04CF
    { 24, 32, 369, 0, 32, 192, 28388 }, // U+04D0
    { 17, 27, 319, 1, 27, 115, 28580 }, // U+04D1
    { 24, 31, 369, 0, 31, 186, 28695 }, // U+04D2
    { 17, 26, 319, 1, 26, 111, 28881 }, // U+04D3
    { 30, 24, 508, 0, 24, 180, 28992 }, // U+04D4
    { 28, 19, 489, 1, 19, 133, 29172 }, // U+04D5
    { 14, 32, 299, 3, 32, 112, 29305 }, // U+04D6
    { 17, 27, 318, 2, 27, 115, 29417 }, // U+04D7
    { 23, 24, 436, 3, 24, 138, 29532 }, // U+04D8
    { 17, 19, 318, 2, 19, 81, 29670 }, // U+04D9
    { 23, 32, 436, 3, 32, 184, 29751 }, // U+04DA
    { 17, 26, 318, 2, 26, 111, 29935 }, // U+04DB
    { 33, 31, 533, 0, 31, 256, 30046 }, // U+04DC
    { 30, 26, 462, 0, 26, 195, 30302 }, // U+04DD
    { 18, 32, 316, 1, 32, 144, 30497 }, // U+04DE
    { 16, 26, 275, 0, 26, 104, 30641 }, // U+04DF
    { 18, 24, 315, 1, 24, 108, 30745 }, // U+04E0
    { 18, 27, 310, 0, 19, 122, 30853 }, // U+04E1
    { 21, 30, 422, 3, 30, 158, 30975 }, // U+04E2
    { 18, 24, 359, 3, 24, 108, 31133 }, // U+04E3
    { 21, 31, 422, 3, 31, 163, 31241 }, // U+04E4
    { 18, 26, 359, 3, 26, 117, 31404 }, // U+04E5
    { 23, 32, 422, 2, 32, 184, 31521 }, // U+04E6
    { 18, 26, 333, 2, 26, 117, 31705 }, // U+04E7
    { 23, 24, 422, 2, 24, 138, 31822 }, // U+04E8
    { 18, 19, 333, 1, 19, 86, 31960 }, // U+04E9
    { 23, 32, 422, 2, 32, 184, 32046 }, // U+04EA
    { 18, 26, 333, 1, 26, 117, 32230 }, // U+04EB
    { 19, 32, 348, 1, 32, 152, 32347 }, // U+04EC
    { 16, 26, 279, 1, 26, 104, 32499 }, // U+04ED
    { 22, 30, 344, 0, 30, 165, 32603 }, // U+04EE
    { 20, 32, 304, -1, 24, 160, 32768 }, // U+04EF
    { 22, 32, 344, 0, 32, 176, 32928 }, // U+04F0
    { 20, 34, 304, 0, 26, 170, 33104 }, // U+04F1
    { 22, 32, 344, 0, 32, 176, 33274 }, // U+04F2
    { 20, 34, 304, -1, 26, 170, 33450 }, // U+04F3
    { 19, 31, 384, 2, 31, 148, 33620 }, // U+04F4
    { 17, 26, 340, 2, 26, 111, 33768 }, // U+04F5
    { 15, 31, 299, 3, 24, 117, 33879 }, // U+04F6
    { 13, 25, 255, 3, 19, 82, 33996 }, // U+04F7
    { 25, 31, 491, 3, 31, 194, 34078 }, // U+04F8
    { 24, 26, 455, 3, 26, 156, 34272 }, // U+04F9
    { 17, 32, 298, 1, 24, 136, 34428 }, // U+04FA
    { 16, 27, 262, 1, 19, 108, 34564 }, // U+04FB
    { 25, 32, 389, 0, 24, 200, 34672 }, // U+04FC
    { 21, 27, 344, -1, 19, 142, 34872 }, // U+04FD
    { 23, 24, 357, 0, 24, 138, 35014 }, // U+04FE
    { 20, 19, 308, 0, 19, 95, 35152 }, // U+04FF
    { 23, 31, 369, 0, 24, 179, 0 }, // U+1EA0
    { 17, 26, 319, 1, 19, 111, 179 }, // U+1EA1
    { 24, 34, 369, -1, 34, 204, 290 }, // U+1EA2
    { 17, 29, 319, 1, 29, 124, 494 }, // U+1EA3
    { 24, 33, 369, 0, 33, 198, 618 }, // U+1EA4
    { 20, 28, 319, 1, 28, 140, 816 }, // U+1EA5
    { 24, 33, 369, 0, 33, 198, 956 }, // U+1EA6
    { 20, 28, 319, -2, 28, 140, 1154 }, // U+1EA7
    { 24, 36, 369, -1, 36, 216, 1294 }, // U+1EA8
    { 18, 31, 319, 1, 31, 140, 1510 }, // U+1EA9
    { 24, 36, 369, 0, 36, 216, 1650 }, // U+1EAA
    { 17, 31, 319, 1, 31, 132, 1866 }, // U+1EAB
    { 23, 39, 369, 0, 32, 225, 1998 }, // U+1EAC
    { 17, 33, 319, 1, 26, 141, 2223 }, // U+1EAD
    { 24, 35, 369, 0, 35, 210, 2364 }, // U+1EAE
    { 17, 29, 319, 1, 29, 124, 2574 }, // U+1EAF
    { 24, 35, 369, 0, 35, 210, 2698 }, // U+1EB0
    { 17, 29, 319, 1, 29, 124, 2908 }, // U+1EB1
    { 24, 36, 369, 0, 36, 216, 3032 }, // U+1EB2
    { 17, 30, 319, 1, 30, 128, 3248 }, // U+1EB3
    { 24, 36, 369, -1, 36, 216, 3376 }, // U+1EB4
    { 17, 31, 319, 1, 31, 132, 3592 }, // U+1EB5
    { 24, 39, 369, 0, 32, 234, 3724 }, // U+1EB6
    { 17, 33, 319, 1, 26, 141, 3958 }, // U+1EB7
    { 14, 31, 299, 3, 24, 109, 4099 }, // U+1EB8
    { 17, 26, 318, 2, 19, 111, 4208 }, // U+1EB9
    { 14, 34, 299, 3, 34, 119, 4319 }, // U+1EBA
    { 17, 29, 318, 2, 29, 124, 4438 }, // U+1EBB
    { 14, 32, 299, 3, 32, 112, 4562 }, // U+1EBC
    { 17, 26, 318, 2, 26, 111, 4674 }, // U+1EBD
    { 18, 33, 299, 2, 33, 149, 4785 }, // U+1EBE
    { 20, 28, 318, 2, 28, 140, 4934 }, // U+1EBF
    { 20, 33, 299, -3, 33, 165, 5074 }, // U+1EC0
    { 20, 28, 318, -1, 28, 140, 5239 }, // U+1EC1
    { 17, 36, 299, 2, 36, 153, 5379 }, // U+1EC2
    { 18, 31, 318, 2, 31, 140, 5532 }, // U+1EC3
    { 14, 36, 299, 3, 36, 126, 5672 }, // U+1EC4
    { 17, 31, 318, 2, 31, 132, 5798 }, // U+1EC5
    { 14, 39, 299, 3, 32, 137, 5930 }, // U+1EC6
    { 17, 33, 318, 2, 26, 141, 6067 }, // U+1EC7
    { 11, 34, 207, 1, 34, 94, 6208 }, // U+1EC8
    { 8, 28, 159, 1, 28, 56, 6302 }, // U+1EC9
    { 11, 31, 207, 1, 24, 86, 6358 }, // U+1ECA
    { 6, 33, 159, 2, 26, 50, 6444 }, // U+1ECB
    { 23, 31, 422, 2, 24, 179, 6494 }, // U+1ECC
    { 18, 26, 333, 2, 19, 117, 6673 }, // U+1ECD
    { 23, 34, 422, 2, 34, 196, 6790 }, // U+1ECE
    { 18, 29, 333, 2, 29, 131, 6986 }, // U+1ECF
    { 23, 34, 422, 2, 34, 196, 7117 }, // U+1ED0
    { 20, 28, 333, 2, 28, 140, 7313 }, // U+1ED1
    { 23, 34, 422, 2, 34, 196, 7453 }, // U+1ED2
    { 21, 28, 333, -1, 28, 147, 7649 }, // U+1ED3
    { 23, 36, 422, 2, 36, 207, 7796 }, // U+1ED4
    { 18, 31, 333, 2, 31, 140, 8003 }, // U+1ED5
    { 23, 37, 422, 2, 37, 213, 8143 }, // U+1ED6
    { 18, 31, 333, 2, 31, 140, 8356 }, // U+1ED7
    { 23, 40, 422, 2, 33, 230, 8496 }, // U+1ED8
    { 18, 33, 333, 2, 26, 149, 8726 }, // U+1ED9
    { 27, 33, 438, 2, 33, 223, 8875 }, // U+1EDA
    { 23, 26, 363, 2, 26, 150, 9098 }, // U+1EDB
    { 27, 33, 438, 2, 33, 223, 9248 }, // U+1EDC
    { 23, 26, 363, 2, 26, 150, 9471 }, // U+1EDD
    { 27, 35, 438, 2, 35, 237, 9621 }, // U+1EDE
    { 23, 29, 363, 2, 29, 167, 9858 }, // U+1EDF
    { 27, 32, 438, 2, 32, 216, 10025 }, // U+1EE0
    { 23, 26, 363, 2, 26, 150, 10241 }, // U+1EE1
    { 27, 33, 438, 2, 26, 223, 10391 }, // U+1EE2
    { 23, 29, 363, 2, 22, 167, 10614 }, // U+1EE3
    { 20, 31, 403, 3, 24, 155, 10781 }, // U+1EE4
    { 17, 26, 347, 2, 19, 111, 10936 }, // U+1EE5
    { 20, 34, 403, 3, 34, 170, 11047 }, // U+1EE6
    { 17, 29, 347, 2, 29, 124, 11217 }, // U+1EE7
    { 28, 33, 472, 3, 33, 231, 11341 }, // U+1EE8
    { 25, 26, 404, 2, 26, 163, 11572 }, // U+1EE9
    { 28, 33, 472, 3, 33, 231, 11735 }, // U+1EEA
    { 25, 26, 404, 2, 26, 163, 11966 }, // U+1EEB
    { 28, 34, 472, 3, 34, 238, 12129 }, // U+1EEC
    { 25, 29, 404, 2, 29, 182, 12367 }, // U+1EED
    { 28, 32, 472, 3, 32, 224, 12549 }, // U+1EEE
    { 25, 26, 404, 2, 26, 163, 12773 }, // U+1EEF
    { 28, 33, 472, 3, 26, 231, 12936 }, // U+1EF0
    { 25, 29, 404, 2, 22, 182, 13167 }, // U+1EF1
    { 21, 32, 334, 0, 32, 168, 13349 }, // U+1EF2
    { 20, 34, 304, -1, 26, 170, 13517 }, // U+1EF3
    { 21, 31, 334, 0, 24, 163, 13687 }, // U+1EF4
    { 19, 27, 304, 0, 19, 129, 13850 }, // U+1EF5
    { 23, 34, 334, -1, 34, 196, 13979 }, // U+1EF6
    { 20, 37, 304, 0, 29, 185, 14175 }, // U+1EF7
    { 21, 32, 334, 0, 32, 168, 14360 }, // U+1EF8
    { 20, 34, 304, -1, 26, 170, 14528 }, // U+1EF9
    { 0, 0, 267, 0, 0, 0, 0 }, // U+2000
    { 0, 0, 533, 0, 0, 0, 0 }, // U+2001
    { 0, 0, 267, 0, 0, 0, 0 }, // U+2002
    { 0, 0, 533, 0, 0, 0, 0 }, // U+2003
    { 0, 0, 178, 0, 0, 0, 0 }, // U+2004
    { 0, 0, 133, 0, 0, 0, 0 }, // U+2005
    { 0, 0, 89, 0, 0, 0, 0 }, // U+2006
    { 0, 0, 305, 0, 0, 0, 0 }, // U+2007
    { 0, 0, 150, 0, 0, 0, 0 }, // U+2008
    { 0, 0, 89, 0, 0, 0, 0 }, // U+2009
    { 0, 0, 53, 0, 0, 0, 0 }, // U+200A
    { 0, 0, 0, 0, 0, 0, 0 }, // U+200B
    { 0, 0, 0, 0, 0, 0, 0 }, // U+200C
    { 0, 0, 0, 0, 0, 0, 0 }, // U+200D
    { 0, 0, 0, 0, 0, 0, 0 }, // U+200E
    { 0, 0, 0, 0, 0, 0, 0 }, // U+200F
    { 9, 4, 171, 1, 11, 9, 0 }, // U+2010
    { 9, 4, 171, 1, 11, 9, 9 }, // U+2011
    { 17, 4, 308, 1, 14, 17, 18 }, // U+2012
    { 14, 4, 267, 1, 11, 14, 35 }, // U+2013
    { 31, 4, 533, 1, 11, 31, 49 }, // U+2014
    { 31, 4, 533, 1, 11, 31, 80 }, // U+2015
    { 12, 34, 294, 3, 26, 102, 111 }, // U+2016
    { 14, 7, 219, 0, -1, 25, 213 }, // U+2017
    { 7, 8, 116, 0, 24, 14, 238 }, // U+2018
    { 7, 8, 116, 0, 24, 14, 252 }, // U+2019
    { 8, 8, 153, 0, 4, 16, 266 }, // U+201A
    { 7, 8, 116, 0, 24, 14, 282 }, // U+201B
    { 15, 8, 237, 0, 24, 30, 296 }, // U+201C
    { 15, 8, 237, 0, 24, 30, 326 }, // U+201D
    { 15, 8, 274, 1, 4, 30, 356 }, // U+201E
    { 15, 8, 237, 0, 24, 30, 386 }, // U+201F
    { 14, 26, 274, 1, 26, 91, 416 }, // U+2020
    { 14, 26, 277, 2, 26, 91, 507 }, // U+2021
    { 9, 11, 201, 2, 18, 25, 598 }, // U+2022
    { 11, 14, 201, 2, 20, 39, 623 }, // U+2023
    { 6, 6, 267, 5, 6, 9, 662 }, // U+2024
    { 16, 6, 307, 2, 6, 24, 671 }, // U+2025
    { 24, 6, 456, 2, 6, 36, 695 }, // U+2026
    { 6, 6, 150, 2, 12, 9, 731 }, // U+2027
    { 0, 0, 320, 0, 0, 0, 740 }, // U+2028
    { 0, 0, 320, 0, 0, 0, 740 }, // U+2029
    { 0, 0, 0, 0, 0, 0, 740 }, // U+202A
    { 0, 0, 0, 0, 0, 0, 740 }, // U+202B
    { 0, 0, 0, 0, 0, 0, 740 }, // U+202C
    { 0, 0, 0, 0, 0, 0, 740 }, // U+202D
    { 0, 0, 0, 0, 0, 0, 740 }, // U+202E
    { 0, 0, 89, 0, 0, 0, 740 }, // U+202F
    { 41, 24, 683, 1, 24, 246, 740 }, // U+2030
    { 54, 24, 889, 1, 24, 324, 986 }, // U+2031
    { 10, 9, 162, 1, 24, 23, 1310 }, // U+2032
    { 17, 9, 279, 1, 24, 39, 1333 }, // U+2033
    { 25, 9, 397, 1, 24, 57, 1372 }, // U+2034
    { 10, 9, 225, 1, 24, 23, 1429 }, // U+2035
    { 17, 9, 343, 1, 24, 39, 1452 }, // U+2036
    { 25, 9, 461, 1, 24, 57, 1491 }, // U+2037
    { 13, 11, 218, 0, 3, 36, 1548 }, // U+2038
    { 10, 17, 195, 1, 18, 43, 1584 }, // U+2039
    { 10, 17, 195, 1, 18, 43, 1627 }, // U+203A
    { 25, 24, 453, 2, 24, 150, 1670 }, // U+203B
    { 15, 24, 304, 2, 24, 90, 1820 }, // U+203C
    { 16, 24, 254, -1, 24, 96, 1910 }, // U+203D
    { 17, 4, 267, 0, 30, 17, 2006 }, // U+203E
    { 20, 8, 325, 0, 0, 40, 2023 }, // U+203F
    { 20, 9, 325, 0, 28, 45, 2063 }, // U+2040
    { 14, 22, 226, 0, 14, 77, 2108 }, // U+2041
    { 37, 31, 597, 0, 26, 287, 2185 }, // U+2042
    { 9, 4, 171, 2, 11, 9, 2472 }, // U+2043
    { 18, 24, 69, -7, 24, 108, 2481 }, // U+2044
    { 8, 30, 177, 2, 24, 60, 2589 }, // U+2045
    { 9, 30, 177, 0, 24, 68, 2649 }, // U+2046
    { 32, 24, 506, 0, 24, 192, 2717 }, // U+2047
    { 24, 24, 407, 0, 24, 144, 2909 }, // U+2048
    { 24, 24, 407, 2, 24, 144, 3053 }, // U+2049
    { 16, 19, 314, 1, 19, 76, 3197 }, // U+204A
    { 17, 30, 346, 3, 26, 128, 3273 }, // U+204B
    { 17, 18, 349, 2, 19, 77, 3401 }, // U+204C
    { 17, 18, 349, 3, 19, 77, 3478 }, // U+204D
    { 18, 16, 289, 0, 9, 72, 3555 }, // U+204E
    { 6, 24, 152, 2, 19, 36, 3627 }, // U+204F
    { 20, 36, 320, 0, 28, 180, 3663 }, // U+2050
    { 18, 33, 289, 0, 26, 149, 3843 }, // U+2051
    { 15, 24, 225, 0, 24, 90, 3992 }, // U+2052
    { 32, 6, 533, 1, 13, 48, 4082 }, // U+2053
    { 20, 9, 320, 0, 0, 45, 4130 }, // U+2054
    { 17, 17, 299, 1, 17, 73, 4175 }, // U+2055
    { 16, 24, 309, 2, 24, 96, 4248 }, // U+2056
    { 31, 9, 499, 1, 24, 70, 4344 }, // U+2057
    { 26, 24, 466, 2, 24, 156, 4414 }, // U+2058
    { 26, 24, 466, 2, 24, 156, 4570 }, // U+2059
    { 6, 24, 152, 2, 24, 36, 4726 }, // U+205A
    { 20, 27, 370, 2, 27, 135, 4762 }, // U+205B
    { 26, 27, 455, 1, 26, 176, 4897 }, // U+205C
    { 6, 26, 150, 2, 26, 39, 5073 }, // U+205D
    { 6, 24, 152, 2, 24, 36, 5112 }, // U+205E
    { 0, 0, 118, 0, 0, 0, 5148 }, // U+205F
    { 0, 0, 0, 0, 0, 0, 5148 }, // U+2060
    { 0, 0, 0, 0, 0, 0, 5148 }, // U+2061
    { 0, 0, 0, 0, 0, 0, 5148 }, // U+2062
    { 0, 0, 0, 0, 0, 0, 5148 }, // U+2063
    { 0, 0, 0, 0, 0, 0, 5148 }, // U+2064
    { 0, 0, 0, 0, 0, 0, 5148 }, // U+2065
    { 0, 0, 0, 0, 0, 0, 5148 }, // U+2066
    { 0, 0, 0, 0, 0, 0, 5148 }, // U+2067
    { 0, 0, 0, 0, 0, 0, 5148 }, // U+2068
    { 0, 0, 0, 0, 0, 0, 5148 }, // U+2069
    { 0, 0, 0, 0, 0, 0, 5148 }, // U+206A
    { 0, 0, 0, 0, 0, 0, 5148 }, // U+206B
    { 0, 0, 0, 0, 0, 0, 5148 }, // U+206C
    { 0, 0, 0, 0, 0, 0, 5148 }, // U+206D
    { 0, 0, 0, 0, 0, 0, 5148 }, // U+206E
    { 0, 0, 0, 0, 0, 0, 5148 }, // U+206F
    { 12, 15, 202, 1, 29, 45, 0 }, // U+2070
    { 4, 15, 103, 2, 25, 15, 45 }, // U+2071
    { 12, 15, 203, 1, 29, 45, 60 }, // U+2074
    { 12, 15, 203, 1, 29, 45, 105 }, // U+2075
    { 11, 15, 203, 1, 29, 42, 150 }, // U+2076
    { 11, 16, 203, 1, 29, 44, 192 }, // U+2077
    { 11, 15, 203, 1, 29, 42, 236 }, // U+2078
    { 12, 16, 203, 1, 30, 48, 278 }, // U+2079
    { 10, 10, 191, 1, 25, 25, 326 }, // U+207A
    { 10, 3, 191, 1, 22, 8, 351 }, // U+207B
    { 10, 7, 191, 1, 24, 18, 359 }, // U+207C
    { 6, 19, 129, 2, 31, 29, 377 }, // U+207D
    { 6, 19, 129, 0, 31, 29, 406 }, // U+207E
    { 11, 11, 226, 2, 21, 31, 435 }, // U+207F
    { 12, 15, 203, 1, 10, 45, 466 }, // U+2080
    { 10, 14, 203, 1, 10, 35, 511 }, // U+2081
    { 12, 15, 203, 0, 11, 45, 546 }, // U+2082
    { 13, 16, 203, 0, 11, 52, 591 }, // U+2083
    { 12, 15, 203, 1, 10, 45, 643 }, // U+2084
    { 12, 15, 203, 1, 10, 45, 688 }, // U+2085
    { 11, 16, 203, 1, 11, 44, 733 }, // U+2086
    { 11, 16, 203, 1, 11, 44, 777 }, // U+2087
    { 11, 15, 203, 1, 10, 42, 821 }, // U+2088
    { 12, 16, 203, 1, 11, 48, 863 }, // U+2089
    { 10, 10, 191, 1, 8, 25, 911 }, // U+208A
    { 10, 3, 191, 1, 5, 8, 936 }, // U+208B
    { 10, 7, 191, 1, 7, 18, 944 }, // U+208C
    { 6, 19, 129, 2, 12, 29, 962 }, // U+208D
    { 6, 19, 129, 0, 12, 29, 991 }, // U+208E
    { 11, 11, 207, 1, 8, 31, 1020 }, // U+2090
    { 11, 11, 207, 1, 8, 31, 1051 }, // U+2091
    { 12, 11, 216, 1, 8, 33, 1082 }, // U+2092
    { 13, 11, 201, 0, 8, 36, 1115 }, // U+2093
    { 11, 11, 207, 1, 8, 31, 1151 }, // U+2094
    { 11, 15, 226, 2, 12, 42, 1182 }, // U+2095
    { 12, 15, 211, 2, 12, 45, 1224 }, // U+2096
    { 3, 15, 103, 2, 12, 12, 1269 }, // U+2097
    { 17, 11, 338, 2, 8, 47, 1281 }, // U+2098
    { 11, 11, 226, 2, 8, 31, 1328 }, // U+2099
    { 11, 16, 219, 2, 8, 44, 1359 }, // U+209A
    { 9, 11, 174, 1, 8, 25, 1403 }, // U+209B
    { 8, 14, 146, 1, 11, 28, 1428 }, // U+209C
    { 18, 24, 305, 1, 24, 108, 0 }, // U+20A0
    { 19, 29, 325, 1, 26, 138, 108 }, // U+20A1
    { 18, 24, 305, 1, 24, 108, 246 }, // U+20A2
    { 17, 24, 305, 1, 24, 102, 354 }, // U+20A3
    { 17, 24, 305, 1, 24, 102, 456 }, // U+20A4
    { 28, 27, 520, 2, 23, 189, 558 }, // U+20A5
    { 18, 24, 305, 1, 24, 108, 747 }, // U+20A6
    { 26, 24, 475, 3, 24, 156, 855 }, // U+20A7
    { 27, 24, 489, 2, 24, 162, 1011 }, // U+20A8
    { 24, 24, 394, 1, 24, 144, 1173 }, // U+20A9
    { 25, 24, 490, 3, 24, 150, 1317 }, // U+20AA
    { 20, 31, 344, 2, 26, 155, 1467 }, // U+20AB
    { 18, 24, 305, 1, 24, 108, 1622 }, // U+20AC
    { 19, 24, 305, 1, 24, 114, 1730 }, // U+20AD
    { 18, 24, 305, 1, 24, 108, 1844 }, // U+20AE
    { 33, 32, 539, 0, 24, 264, 1952 }, // U+20AF
    { 20, 32, 325, -1, 24, 160, 2216 }, // U+20B0
    { 19, 24, 305, 1, 24, 114, 2376 }, // U+20B1
    { 20, 29, 391, 2, 26, 145, 2490 }, // U+20B2
    { 23, 24, 347, 0, 24, 138, 2635 }, // U+20B3
    { 18, 24, 305, 1, 24, 108, 2773 }, // U+20B4
    { 18, 29, 340, 2, 26, 131, 2881 }, // U+20B5
    { 22, 23, 371, 0, 23, 127, 3012 }, // U+20B6
    { 22, 27, 390, 1, 24, 149, 3139 }, // U+20B7
    { 18, 24, 306, 1, 24, 108, 3288 }, // U+20B8
    { 15, 24, 305, 2, 24, 90, 3396 }, // U+20B9
    { 18, 24, 305, 1, 24, 108, 3486 }, // U+20BA
    { 26, 24, 433, 1, 24, 156, 3594 }, // U+20BB
    { 26, 24, 466, 2, 24, 156, 3750 }, // U+20BC
    { 20, 24, 320, 0, 24, 120, 3906 }, // U+20BD
    { 23, 26, 421, 2, 26, 150, 4026 }, // U+20BE
    { 15, 32, 305, 3, 28, 120, 4176 }, // U+20BF
    { 15, 25, 279, 1, 19, 94, 4296 }, // U+20C0
    { 17, 4, 310, 1, 14, 17, 0 }, // U+2212
    { 27, 26, 412, 1, 26, 176, 0 }, // U+FB00
    { 20, 26, 365, 1, 26, 130, 176 }, // U+FB01
    { 20, 26, 369, 1, 26, 130, 306 }, // U+FB02
    { 33, 26, 571, 1, 26, 215, 436 }, // U+FB03
    { 33, 26, 575, 1, 26, 215, 651 }, // U+FB04
    { 22, 26, 417, 3, 26, 143, 866 }, // U+FB05
    { 28, 26, 496, 2, 26, 182, 1009 }, // U+FB06
    { 31, 32, 533, 1, 26, 248, 0 }, // U+FFFD
};


static const EpdFontGroup notosans_16_boldGroups[] = {
    { 0, 1559, 4082, 46, 1661, 0 },
    { 1559, 1287, 3980, 36, 3066, 46 },
    { 2846, 593, 1404, 15, 924, 82 },
    { 3439, 1484, 4048, 40, 2444, 97 },
    { 4923, 950, 4078, 28, 2550, 137 },
    { 5873, 953, 3492, 28, 2159, 165 },
    { 6826, 4267, 17918, 128, 761, 193 },
    { 11093, 4955, 16195, 96, 3827, 321 },
    { 16048, 1140, 2317, 112, 1594, 417 },
    { 17188, 11685, 37810, 256, 3832, 529 },
    { 28873, 3418, 15656, 90, 3788, 785 },
    { 32291, 1953, 5583, 112, 747, 875 },
    { 34244, 640, 1594, 42, 980, 987 },
    { 34884, 1840, 4695, 33, 3390, 1029 },
    { 36724, 14, 20, 1, 5, 1062 },
    { 36738, 271, 1248, 7, 482, 1063 },
    { 37009, 139, 256, 1, 122, 1070 },
};







static const int8_t notosans_16_boldKernSparseValues[] = {
     -37,   11,   11,    5,  -21,  -32,  -16,  -16,  -16,  -43,   37,   11,  -16,   11,  -37,  -32,
      11,   -5,  -21,  -37,   11,  -27,   16,   11,   16,   16,   11,  -32,  -11,  -32,  -11,  -16,
      48,   21,   53,  -16,   32,  -27,  -37,  -11,  -32,  -32,  -27,   32,  -11,  -21,  -43,  -21,
     -32,  -27,  -32,  -37,  -32,  -32,  -21,  -21,  -11,   -5,   -5,  -11,  -21,   -6,   -2,   -2,
      -2,   -2,  -37,  -11,   27,  -37,  -21,  -32,   -5,  -11,  -11,  -21,  -11,  -16,   -5,  -11,
      -5,   -5,   32,   11,  -32,   11,  -11,  -43,  -11,  -11,   -5,  -11,  -16,   -5,  -69,  -27,
     -11,   -5,  -11,  -16,   -5,  -11,  -32,  -21,   11,  -37,  -11,   11,  -43,  -37,  -37,  -27,
     -32,  -11,  -21,  -32,  -16,  -11,   -5,  -27,   11,  -21,   -5,  -11,  -11,   -5,   -5,   -5,
     -16,   -5,  -16,  -32,   11,  -32,  -11,  -27,  -27,  -27,  -16,  -21,  -11,  -43,  -16,   -5,
     -11,   51,   -5,   -5,  -11,   -5,   11,   32,   21,  -11,   21,  -85,  -11,  -11,   -5,   21,
     -21,   11,  -11,   27,  -11,   -5,  -16,  -16,   -5,  -16,  -16,   -5,   -5,  -32,  -16,  -11,
     -43,  -32,  -11,  -11,  -11,  -21,   53,  -21,  -16,  -21,   27,  -37,  -11,   59,  -37,  -21,
     -32,   62,   56,   77,   71,   16,   37,   50,   27,   63,   27,   70,   71,   87,   75,   50,
     -11,   11,   32,   37,   27,   32,   11,   21,   27,  -16,   -5,   11,   37,   37,   27,   32,
     -16,  -11,  -11,   11,   27,   27,   27,  -37,  -27,  -11,  -16,  -11,  -11,  -11,  -11,  -21,
     -32,  -27,  -11,  -16,   11,  -27,  -21,  -16,  -16,   11,  -11,  -13,  -37,  -13,  -19,  -21,
     -11,  -16,  -21,  -21,   -5,   -5,  -16,   -5,   -4,  -16,  -21,  -11,    5,  -11,  -11,  -16,
     -11,  -11,  -11,  -11,   -5,  -48,   -5,  -32,  -11,  -16,  -11,  -11,  -11,  -11,  -16,  -32,
      11,   -5,   -5,  -11,  -11,  -21,   -5,   -5,  -11,  -11,   -5,   -5,  -11,  -11,  -27,   11,
     -37,  -11,   -5,  -27,  -11,  -21,  -11,  -42,  -64,  -57,  -16,  -19,  -27,  -21,   -5,  -50,
     -38,  -16,  -11,  -27,  -11,  -27,   27,  -16,   -5,  -11,  -16,  -27,  -37,   -5,  -37,  -11,
      27,  -10,  -19,  -32,   -5,  -16,  -11,  -16,  -11,  -21,  -27,  -32,  -27,   -5,  -21,   -5,
      -5,   -5,   -5,   -8,   -5,   16,   48,   16,   21,   -5,  -13,   16,   16,   -5,   16,  -11,
      37,  -21,  -11,   -5,  -21,  -11,   -5,  -11,   -5,   -5,   -8,   -5,   -5,   -5,   -5,   -5,
     -11,  -69,   -5,   -5,  -11,   -5,  -32,  -11,  -27,  -32,  -11,   -5,  -13,  -27,   -5,  -21,
      -5,  -32,   -5,   -6,  -21,   -5,  -19,   -5,  -10,  -16,  -19,  -16,  -21,  -16,   -5,  -13,
      -8,   -8,   -5,  -11,   -5,  -21,  -18,  -11,   -5,   -5,   -3,  -32,  -20,   -5,  -16,  -11,
      -5,  -11,   -5,  -16,   -5,   -5,   -2,  -16,   -5,   -5,   -5,  -11,   -5,   -5,   16,  -21,
     -11,  -11,  -16,  -16,   -5,  -21,   -5,  -16,   21,   -5,   11,  -16,   53,   11,   16,   -8,
      11,   13,   -8,  -16,   32,   -3,  -21,  -20,   -5,  -11,  -11,   -5,  -11,   -5,  -16,   -5,
      -5,   -5,   -5,   -8,   -5,   -8,   -5,  -11,  -11,  -11,   -5,  -11,   16,  -16,   -1,   11,
     -11,   -5,   -5,   11,  -21,  -11,  -11,  -16,   -5,   -5,  -27,  -16,  -27,  -16,   21,  -43,
      -5,  -32,  -11,   -5,   -5,   -5,  -37,  -11,  -11,  -32,  -24,  -21,  -11,  -11,  -16,  -11,
     -16,   -5,  -21,   43,  -16,  -27,   11,   16,  -21,  -11,  -11,   13,  -16,  -16,   -5,  -21,
      -5,  -16,   13,   13,   21,  -11,  -16,   -5,  -11,   16,   11,   22,    9,   16,   11,   -5,
     -21,   21,  -16,  -27,  -21,  -11,  -21,  -21,  -21,  -11,  -16,  -11,  -16,  -37,  -11,  -27,
     -16,  -16,  -11,  -11,  -11,  -21,   -5,   -5,  -32,  -21,  -32,  -16,   11,  -11,  -21,  -37,
     -27,  -15,  -37,  -32,  -11,  -11,  -21,  -21,  -27,  -11,  -11,  -27,  -21,  -27,  -37,  -27,
     -43,  -27,  -11,  -16,   -5,  -21,   -5,  -16,  -27,  -11,   11,  -32,  -21,  -27,  -11,  -11,
     -27,   11,  -11,  -16,   11,  -11,  -16,  -21,  -16,  -11,  -16,  -11,  -27,  -11,  -27,  -11,
      -5,   -5,  -32,  -32,  -27,  -27,  -21,   11,  -11,  -16,  -21,  -21,  -21,   -5,  -21,   -5,
     -11,   -5,   -5,   -5,  -11,   -5,
};


static const EpdFontData notosans_16_bold = {
    notosans_16_boldBitmaps,
    notosans_16_boldGlyphs,
    epdSharedFontIntervals_cb6738f1a23b,
    19,
    45,
    36,
    -10,
    true,
    notosans_16_boldGroups,
    17,
    nullptr,
    nullptr,  // kernLeftClasses: built-in fonts use the split arrays below
    nullptr,  // kernRightClasses
    epdSharedFontKernLeftCodepoints_63dda1171fed,
    epdSharedFontKernLeftClassIds_a3a12d00c4f6,
    epdSharedFontKernRightCodepoints_dbaff3525670,
    epdSharedFontKernRightClassIds_d41c1eb3459f,
    nullptr,  // kernMatrix: built-in fonts use the sparse form below
    epdSharedFontKernRowOffsets_50d8fec22a76,
    epdSharedFontKernSparseCols_f5cf594115ef,
    notosans_16_boldKernSparseValues,
    478,
    474,
    88,
    76,
    epdSharedFontLigaturePairs_607bf6e70845,
    5,
};
