/**
 * generated by fontconvert.py
 * name: notosans_14_regular
 * size: 14
 * mode: 2-bit  compressed: zopfli
 * hinting: auto (FT_LOAD_FORCE_AUTOHINT — grid-fits stems to whole pixels)
 * Command used: fontconvert.py notosans_14_regular 14 ../builtinFonts/source/NotoSans/NotoSans-Regular.ttf --2bit --compress --zopfli --additional-intervals 0x0250,0x02AF --additional-intervals 0x02B0,0x02B7 --additional-intervals 0x02BC,0x02BC --additional-intervals 0x02C8,0x02D1 --additional-intervals 0x02E1,0x02E1 --additional-intervals 0x03B2,0x03B2 --additional-intervals 0x03B8,0x03B8 --additional-intervals 0x03C7,0x03C7
 */
#pragma once
#include "EpdFontData.h"
#include "shared_tables.h"

static const uint8_t notosans_14_regularBitmaps[32908] = {
    0xBD, 0x95, 0x31, 0xB3, 0xE5, 0x36, 0x15, 0xC7, 0x7F, 0xB6, 0xC3, 0xAA, 0x70, 0x21, 0x0A, 0x0A,
    0x60, 0x67, 0x62, 0x3E, 0x40, 0xF6, 0xB9, 0x4D, 0xF1, 0xEE, 0xB5, 0x18, 0x4A, 0x0A, 0x1A, 0xB6,
    0x25, 0x4D, 0x0A, 0x0A, 0x66, 0x5E, 0x9B, 0xE2, 0xDD, 0x77, 0xC5, 0x50, 0xD2, 0xBC, 0x8F, 0x42,
    0xB1, 0x05, 0x19, 0xFC, 0xD6, 0x02, 0x0A, 0x0A, 0x8A, 0x35, 0x40, 0x86, 0x12, 0xC3, 0xBC, 0x8E,
    0x22, 0x9E, 0x89, 0x33, 0xE8, 0x65, 0x75, 0x7D, 0x90, 0x6C, 0x4F, 0xEE, 0x64, 0xB3, 0x10, 0x92,
    0x61, 0x90, 0xF5, 0xFF, 0x59, 0x57, 0x3A, 0x3E, 0xD6, 0x91, 0x8E, 0x75, 0xDB, 0xCF, 0x16, 0x38,
    0x88, 0x1C, 0xF6, 0xA5, 0x8B, 0x75, 0x97, 0xAA, 0xDD, 0x29, 0xFB, 0x44, 0xD9, 0xB7, 0x62, 0x2D,
    0x0C, 0xDA, 0x3C, 0x03, 0xCD, 0xB8, 0xE1, 0xCD, 0x84, 0x8B, 0x6C, 0x80, 0x27, 0x79, 0x4F, 0x23,
    0x22, 0x6E, 0x01, 0xD7, 0x85, 0x83, 0xF7, 0x94, 0x85, 0x67, 0x65, 0xC4, 0x58, 0x9A, 0x08, 0x6D,
    0x90, 0x58, 0x56, 0xE4, 0xFD, 0x9B, 0x44, 0x3C, 0x81, 0xC2, 0x5D, 0x6E, 0x50, 0x76, 0xC1, 0x7B,
    0xC0, 0xE5, 0x59, 0xA5, 0x3C, 0x24, 0xD7, 0x3C, 0xBF, 0xFC, 0x36, 0xE1, 0x12, 0x7C, 0x54, 0xBA,
    0x3F, 0x8F, 0x6A, 0x02, 0x68, 0xB9, 0x25, 0xEB, 0x02, 0xEC, 0x05, 0x2E, 0x2B, 0xC7, 0xA5, 0x8E,
    0x2A, 0xD3, 0xDD, 0x7E, 0xBC, 0xEB, 0x10, 0x39, 0x71, 0x25, 0xB7, 0x9F, 0xF5, 0xE9, 0x29, 0x1C,
    0xCD, 0x8C, 0xB2, 0xDC, 0xD4, 0x46, 0x43, 0xAB, 0xED, 0x9B, 0x10, 0xB4, 0x4B, 0x6F, 0x28, 0xDD,
    0xB3, 0x85, 0x63, 0xE2, 0x6F, 0xFA, 0xD4, 0xFF, 0xDB, 0xDF, 0xF9, 0x68, 0xF3, 0xF3, 0x77, 0xC4,
    0xDC, 0xD4, 0x3F, 0xDA, 0x6B, 0x57, 0xCF, 0x97, 0x07, 0xD5, 0x97, 0xFE, 0xBD, 0xB6, 0x18, 0x60,
    0x4C, 0xCC, 0x86, 0xC4, 0xC2, 0x25, 0x96, 0x26, 0x51, 0x13, 0x6D, 0x78, 0x42, 0x93, 0x66, 0x45,
    0x25, 0x86, 0x5F, 0xA0, 0x4E, 0x70, 0xBC, 0x07, 0x0A, 0x99, 0x81, 0x72, 0x3A, 0x02, 0xDA, 0x55,
    0x36, 0xD2, 0xEA, 0x44, 0x97, 0x58, 0xBA, 0xDA, 0x40, 0x31, 0x3E, 0x07, 0xB2, 0x97, 0x1E, 0xA0,
    0xEB, 0x53, 0x5B, 0x2C, 0xA0, 0xFF, 0x32, 0xE2, 0x69, 0xB2, 0x90, 0x4D, 0xB4, 0x1C, 0xF3, 0x91,
    0x10, 0xFB, 0x7A, 0x3C, 0x85, 0x38, 0x02, 0x08, 0xDC, 0x91, 0x89, 0xA1, 0xB9, 0xBD, 0x92, 0x9E,
    0x4A, 0xE4, 0x7B, 0x13, 0x99, 0xDC, 0x33, 0xB3, 0xDF, 0xEF, 0x76, 0xBB, 0x27, 0x6F, 0xBD, 0xC5,
    0x54, 0x8C, 0x2A, 0xBE, 0xAB, 0x32, 0x0D, 0x7B, 0x0E, 0xB4, 0x04, 0x02, 0x7E, 0xBB, 0x02, 0x2D,
    0x2D, 0x07, 0xF6, 0xD4, 0x68, 0x53, 0xBA, 0xA2, 0xCF, 0x46, 0xDE, 0xBD, 0x58, 0xDB, 0x43, 0x3E,
    0x32, 0x11, 0x92, 0xC1, 0x62, 0xB2, 0x5D, 0x9B, 0x9B, 0x16, 0x9F, 0x25, 0xDF, 0x7D, 0x8C, 0x8A,
    0x6F, 0x41, 0x65, 0xA2, 0x00, 0xBD, 0xEA, 0x5D, 0x9D, 0xDD, 0x76, 0x1F, 0x76, 0x43, 0x27, 0x32,
    0xD0, 0x38, 0x38, 0xF6, 0xF0, 0xF1, 0x48, 0x31, 0x06, 0xCA, 0xFE, 0x86, 0xDC, 0xBD, 0x0D, 0x00,
    0xF5, 0xEB, 0x25, 0x22, 0x63, 0xD2, 0xBF, 0x1B, 0xAF, 0x6C, 0xBD, 0x44, 0x74, 0xC9, 0x35, 0xCF,
    0x00, 0x09, 0x12, 0x52, 0x52, 0xC3, 0x44, 0x3E, 0x52, 0x0C, 0xA8, 0x9E, 0xD2, 0xA1, 0x2D, 0x15,
    0xD4, 0xB0, 0x83, 0x6B, 0xF0, 0x9C, 0xC7, 0xDD, 0x32, 0x6E, 0xA8, 0x60, 0xBF, 0x8C, 0xB7, 0x40,
    0x17, 0x07, 0x24, 0xA0, 0xFB, 0x23, 0x0D, 0xDA, 0xEE, 0xA3, 0xCD, 0x35, 0x45, 0xDF, 0x52, 0x0C,
    0x81, 0x62, 0xF4, 0xE4, 0x9F, 0x53, 0xEA, 0x4F, 0xE3, 0xC9, 0x2E, 0xD9, 0xD7, 0x68, 0x97, 0x9E,
    0x57, 0x72, 0x5A, 0xFC, 0x51, 0x59, 0x3A, 0x5B, 0x88, 0xD5, 0x2F, 0x6C, 0xA3, 0xED, 0x37, 0xB5,
    0xE5, 0xCB, 0xD4, 0x4C, 0x06, 0x6A, 0x39, 0xD1, 0x99, 0x8E, 0xB7, 0x59, 0x32, 0xC8, 0x41, 0xB9,
    0x49, 0xDB, 0x75, 0xE9, 0x1B, 0xE0, 0x0E, 0xF2, 0x09, 0xCA, 0xF5, 0x95, 0xDC, 0x40, 0xE6, 0x41,
    0x9D, 0x7F, 0x7E, 0xBA, 0xAA, 0x59, 0x37, 0xA5, 0x6C, 0x49, 0x79, 0xE3, 0xBE, 0x41, 0xD9, 0x43,
    0x31, 0xAC, 0x52, 0xFD, 0xE2, 0x3F, 0xEB, 0xC8, 0x64, 0x8A, 0x9A, 0x81, 0x2B, 0xB7, 0x7A, 0x29,
    0x46, 0xC8, 0x37, 0xA5, 0x76, 0xD9, 0xBF, 0x6F, 0x8E, 0xEE, 0x28, 0x33, 0x8F, 0x65, 0x00, 0x6A,
    0x0B, 0x4D, 0x94, 0x58, 0xF2, 0x0F, 0x2D, 0xEA, 0x85, 0x45, 0xFF, 0xC0, 0x72, 0xA1, 0x2D, 0xD7,
    0x51, 0x93, 0xB6, 0xC5, 0xA0, 0x6D, 0xCA, 0x46, 0x9D, 0x96, 0x36, 0xAA, 0x8D, 0x92, 0xAD, 0x3C,
    0x7D, 0xFA, 0xCE, 0x07, 0x6B, 0x3C, 0x67, 0xA5, 0x39, 0x2E, 0x02, 0xEA, 0x4D, 0x17, 0x9B, 0xF6,
    0x40, 0x23, 0xF7, 0x51, 0x33, 0x6F, 0x70, 0xDC, 0xD6, 0x45, 0x2D, 0xB1, 0xBC, 0x1A, 0xCF, 0xFB,
    0x59, 0xC7, 0x51, 0x02, 0x8F, 0xE5, 0x96, 0x08, 0x10, 0xA1, 0x78, 0xC8, 0x96, 0x27, 0xEA, 0xCD,
    0xD7, 0x35, 0xD0, 0x02, 0xE1, 0xE8, 0x79, 0x10, 0x41, 0x6C, 0xED, 0x66, 0x4A, 0x17, 0x50, 0x83,
    0xA7, 0x58, 0xD4, 0x46, 0x1D, 0x50, 0x7D, 0xB3, 0x6E, 0xB1, 0xD9, 0xB6, 0xF8, 0x9C, 0xAD, 0x9C,
    0xDF, 0xB9, 0xEE, 0x4B, 0x0D, 0xEC, 0x36, 0xCF, 0x1E, 0xF2, 0xD7, 0x98, 0x34, 0xC0, 0xCD, 0x2B,
    0x26, 0x51, 0x69, 0xDF, 0xB5, 0x9C, 0x68, 0x6E, 0x8F, 0xE6, 0x80, 0x76, 0x2D, 0xE5, 0xA2, 0xD8,
    0xB6, 0x8D, 0xA9, 0xD1, 0x7F, 0x0B, 0xE4, 0x32, 0x44, 0x4D, 0xE8, 0x3F, 0xCE, 0x34, 0xD4, 0x71,
    0x5C, 0x7D, 0x9A, 0xA6, 0xE9, 0x7E, 0x87, 0x1A, 0xD2, 0x1E, 0x57, 0x22, 0x64, 0xDD, 0x7D, 0xD4,
    0x2D, 0xA5, 0x04, 0xEA, 0xDB, 0x8E, 0x1B, 0x2A, 0xD3, 0xAE, 0xF1, 0x39, 0x4F, 0xD1, 0x47, 0x0D,
    0x29, 0xD6, 0x3B, 0xF4, 0xD0, 0xD8, 0x6E, 0xA8, 0xE4, 0xA3, 0x21, 0x97, 0x9F, 0xF5, 0xA0, 0xCE,
    0xB9, 0x46, 0x0D, 0x3C, 0xE7, 0x0D, 0x15, 0xA8, 0x64, 0xA0, 0x9A, 0x61, 0xFD, 0xEA, 0x00, 0xD6,
    0xB6, 0xEA, 0xF5, 0xA8, 0x47, 0xD5, 0xF3, 0xB9, 0x52, 0x0E, 0x3A, 0x9D, 0x16, 0xB6, 0x5E, 0xBE,
    0x5B, 0xE0, 0x3B, 0x6B, 0xB4, 0xF5, 0x40, 0x3E, 0x9F, 0x6F, 0x3D, 0x9C, 0x80, 0xCE, 0x42, 0x99,
    0x1A, 0xC7, 0x01, 0xD4, 0x6C, 0xA0, 0xDE, 0x72, 0x8F, 0xAF, 0x8B, 0x88, 0x4B, 0xE2, 0x95, 0x22,
    0x5B, 0xBF, 0x05, 0x3C, 0x9B, 0x8F, 0xCF, 0x34, 0x8E, 0x16, 0xD4, 0xFA, 0x4E, 0x35, 0x43, 0xD7,
    0xF3, 0xF8, 0x04, 0x62, 0x57, 0x7B, 0x03, 0x3C, 0x92, 0x81, 0x46, 0x4E, 0x5C, 0x98, 0x0E, 0xA8,
    0xCC, 0x39, 0x1F, 0xB7, 0xCD, 0xCA, 0x4E, 0xA0, 0x26, 0xA8, 0xDC, 0xF6, 0xD9, 0x6D, 0x7B, 0xF7,
    0x63, 0xCE, 0xE5, 0x00, 0x48, 0xD2, 0xD6, 0xE6, 0x2A, 0x05, 0x50, 0x8A, 0x4C, 0x70, 0xFC, 0xF3,
    0xA3, 0x99, 0xFC, 0x04, 0xB5, 0x55, 0xC3, 0xB2, 0x2A, 0xAE, 0xFE, 0xA4, 0x18, 0xEB, 0x4C, 0xE4,
    0xA7, 0xD3, 0x5E, 0x4D, 0x95, 0xF5, 0xD7, 0xE9, 0xEF, 0x21, 0xB4, 0x95, 0xD1, 0xB6, 0x0D, 0x35,
    0x91, 0x3E, 0x31, 0x2C, 0xF4, 0xBE, 0x32, 0xF5, 0xAF, 0xA7, 0xA0, 0xFB, 0x5F, 0xFD, 0x69, 0x6C,
    0x95, 0xFC, 0x5D, 0xDC, 0x21, 0xEB, 0xCC, 0x73, 0x1A, 0x20, 0x79, 0x4D, 0xD4, 0x43, 0x62, 0x31,
    0x9B, 0x47, 0x3D, 0x74, 0x22, 0x7D, 0x0A, 0x6C, 0xE6, 0xD3, 0xE2, 0x81, 0x2C, 0x00, 0xC5, 0x29,
    0xE1, 0x43, 0xA0, 0x7C, 0x01, 0xCB, 0x07, 0x4B, 0xA5, 0x1C, 0xEC, 0x8B, 0x1E, 0x76, 0xF9, 0x08,
    0x6D, 0x16, 0xE1, 0xF1, 0xC4, 0x7B, 0x4B, 0x2E, 0x72, 0xA2, 0x10, 0x99, 0x51, 0x1F, 0x3C, 0xBD,
    0x42, 0x5B, 0xB4, 0xA9, 0x0C, 0x31, 0x08, 0x50, 0xFD, 0x9E, 0xE5, 0x24, 0x5C, 0xF2, 0x8F, 0x6C,
    0x12, 0xB9, 0x47, 0x44, 0x8C, 0xE7, 0xAA, 0xF7, 0xA8, 0xD1, 0x6F, 0xC9, 0xB9, 0xDE, 0x53, 0xD2,
    0x55, 0x36, 0xF9, 0x4B, 0xEE, 0x92, 0xCD, 0xDA, 0xCF, 0x14, 0xE5, 0x57, 0x65, 0xD3, 0xDA, 0x57,
    0x0D, 0x22, 0x12, 0x6D, 0x3D, 0xA8, 0xE8, 0xB4, 0x93, 0xB9, 0x98, 0xBF, 0x7B, 0xAD, 0x87, 0xED,
    0xD8, 0x01, 0x0E, 0x6C, 0x1F, 0x30, 0xE0, 0xCF, 0x22, 0x6C, 0xFD, 0x07, 0x56, 0xBB, 0xDA, 0x80,
    0xEE, 0x41, 0x9D, 0xF8, 0x09, 0xB2, 0x9C, 0x0A, 0xF7, 0x69, 0x9E, 0xCB, 0x44, 0xD3, 0x2C, 0x86,
    0x88, 0xC2, 0x47, 0x70, 0x97, 0xD0, 0x24, 0xD4, 0x09, 0x95, 0x89, 0xD0, 0xF6, 0xF5, 0x48, 0xA3,
    0x9B, 0xDD, 0x3E, 0x21, 0x44, 0xA8, 0x09, 0x9F, 0x1D, 0x87, 0xD5, 0xF3, 0xF6, 0x8E, 0x39, 0x56,
    0x0F, 0x9F, 0xAF, 0x22, 0x21, 0x56, 0x0F, 0xAF, 0xAB, 0xDB, 0x83, 0xE7, 0xC7, 0xBF, 0xBC, 0x07,
    0xBF, 0x24, 0xF7, 0x03, 0x1C, 0x45, 0x6C, 0xCC, 0x8C, 0xAB, 0x35, 0x49, 0x2A, 0x0B, 0x34, 0x5B,
    0xD2, 0x42, 0x9B, 0x10, 0x12, 0xFC, 0x0A, 0x2D, 0x6E, 0x41, 0x20, 0x1D, 0x40, 0x09, 0x87, 0x84,
    0x26, 0xA1, 0x36, 0x11, 0x7A, 0x88, 0x88, 0xFE, 0xDE, 0x71, 0x88, 0x88, 0xA3, 0x94, 0x07, 0x3C,
    0xD4, 0x5F, 0x24, 0xD9, 0x4A, 0x6A, 0xFF, 0x77, 0xF6, 0xDD, 0x5C, 0xBA, 0x2F, 0xBA, 0xBA, 0x59,
    0x84, 0xFD, 0x97, 0xB8, 0x0E, 0x59, 0x90, 0x49, 0x7A, 0xF0, 0xE4, 0x93, 0x47, 0x0D, 0x29, 0x27,
    0x3D, 0x47, 0x3C, 0x01, 0x5F, 0x8C, 0x78, 0xED, 0xF0, 0x0D, 0xF8, 0x3B, 0xF8, 0x24, 0x80, 0xCC,
    0x51, 0x47, 0x43, 0x48, 0xFD, 0x2A, 0x8E, 0xE7, 0x1E, 0xCF, 0x29, 0xAA, 0x61, 0x7D, 0xB6, 0xDC,
    0xF2, 0x98, 0x10, 0xF5, 0x15, 0xEA, 0xE9, 0xE9, 0x0F, 0xB7, 0xBD, 0x36, 0xD0, 0x38, 0xB1, 0xD0,
    0x39, 0x71, 0x20, 0xEE, 0x65, 0x4F, 0xF6, 0xD2, 0x7D, 0x32, 0x92, 0xFF, 0xC3, 0x3D, 0x8C, 0x14,
    0xBF, 0x77, 0xDE, 0xA3, 0x22, 0x5B, 0xF4, 0xF7, 0x9D, 0xDF, 0xA1, 0x4B, 0xE7, 0xF7, 0x5C, 0x44,
    0x56, 0xEC, 0x22, 0xB5, 0xB9, 0x8E, 0x2C, 0xDD, 0x2F, 0x23, 0x95, 0x9B, 0x22, 0x8B, 0x3F, 0x8C,
    0x91, 0xF9, 0x47, 0x43, 0x64, 0xF6, 0x4F, 0x17, 0x89, 0x2C, 0xEC, 0x4C, 0x62, 0x43, 0xE2, 0x3E,
    0x72, 0x06, 0x6D, 0xC5, 0x24, 0xB8, 0x84, 0x3E, 0xE2, 0xE5, 0x18, 0xE1, 0x7D, 0xC2, 0x5D, 0x42,
    0x93, 0x50, 0xD9, 0x88, 0xD2, 0x45, 0x14, 0x43, 0x44, 0x3E, 0x45, 0x10, 0x12, 0x6E, 0x12, 0xEA,
    0x04, 0xFD, 0x22, 0x42, 0xFD, 0x35, 0xA2, 0x90, 0x08, 0x16, 0x74, 0x09, 0x8D, 0x5D, 0xFF, 0x97,
    0x45, 0x02, 0xEA, 0x21, 0xEB, 0x8C, 0xEE, 0xD1, 0x29, 0xB5, 0x8A, 0x61, 0x0F, 0xF9, 0xD8, 0x02,
    0x53, 0x82, 0x0F, 0xAC, 0x4B, 0x4A, 0x7B, 0xC6, 0xD2, 0xB7, 0x8C, 0x5E, 0x03, 0xD3, 0xF2, 0x44,
    0x6D, 0x50, 0x83, 0xEE, 0xA9, 0xDC, 0xE2, 0x6F, 0xF1, 0xBC, 0xBC, 0x43, 0x16, 0x05, 0x7C, 0x26,
    0x78, 0x6A, 0xE3, 0xD1, 0xCE, 0x53, 0x6E, 0xD2, 0x49, 0x76, 0xE9, 0xFF, 0xDA, 0x8C, 0x88, 0x8F,
    0xB2, 0x78, 0xF8, 0x8F, 0xFA, 0x3F, 0x4D, 0xBE, 0x07, 0xD4, 0xB8, 0x9D, 0xDA, 0xD0, 0x25, 0xD4,
    0x0E, 0x78, 0x74, 0xBB, 0x46, 0x75, 0xC2, 0x67, 0xDD, 0x96, 0x80, 0xAF, 0x46, 0x55, 0x19, 0x4F,
    0xB7, 0x45, 0xD4, 0xE3, 0xD5, 0x80, 0xCF, 0x47, 0xFC, 0x72, 0xDD, 0xB1, 0x25, 0xEE, 0xB6, 0x1A,
    0x6A, 0xF0, 0x14, 0x13, 0xC7, 0xD9, 0xA8, 0x68, 0xAC, 0x87, 0xC7, 0xAE, 0x06, 0xF6, 0x9B, 0x9A,
    0xED, 0x1F, 0x46, 0x4F, 0x50, 0x2C, 0x89, 0x19, 0xE0, 0x91, 0x18, 0xA8, 0xFB, 0x75, 0x82, 0x45,
    0x54, 0xBE, 0xDD, 0xD5, 0xF0, 0xBE, 0xB9, 0x72, 0x9D, 0x48, 0x3A, 0x63, 0x91, 0xAD, 0x50, 0x3A,
    0xFE, 0x57, 0xF2, 0x50, 0x7F, 0x55, 0x05, 0x68, 0x0E, 0x70, 0x68, 0x20, 0x54, 0xF7, 0x8F, 0xA7,
    0x14, 0x2F, 0x57, 0x0F, 0x04, 0x50, 0xFD, 0x01, 0xB4, 0xDB, 0x47, 0xD8, 0x06, 0x2A, 0x53, 0x19,
    0x52, 0xAA, 0x2F, 0xDF, 0x05, 0x6D, 0x1C, 0x27, 0x50, 0x0C, 0x4C, 0xE4, 0x63, 0x3E, 0x92, 0x4D,
    0x29, 0x5A, 0x1F, 0x7B, 0x69, 0xE3, 0x38, 0x3B, 0x6D, 0xA1, 0xA9, 0x0C, 0xD4, 0x35, 0xA0, 0x6F,
    0x12, 0xEE, 0x00, 0x15, 0x80, 0xC2, 0xB3, 0x2E, 0xD1, 0xBF, 0x00, 0xA5, 0x96, 0x31, 0x8C, 0xE4,
    0xB4, 0x17, 0xC6, 0x7F, 0x89, 0xF5, 0xDF, 0x14, 0x29, 0xDC, 0xFD, 0xDB, 0xD0, 0x4B, 0xE0, 0x5E,
    0x62, 0x92, 0x1C, 0x14, 0xD7, 0xD2, 0x8B, 0x5E, 0xD7, 0x4D, 0x2F, 0xED, 0xEC, 0x44, 0xB4, 0x34,
    0x0B, 0x7D, 0x5F, 0x53, 0x5C, 0xC1, 0x49, 0x99, 0x1D, 0x8B, 0x96, 0x82, 0x48, 0xF4, 0x22, 0x12,
    0x23, 0xD1, 0xBA, 0x30, 0x8B, 0xEF, 0xCE, 0x33, 0xC6, 0xEF, 0x26, 0x3A, 0x1D, 0x30, 0xB7, 0x2C,
    0x90, 0xBC, 0xCF, 0xEB, 0xBC, 0x7C, 0xEF, 0xF3, 0x73, 0xFC, 0xDE, 0x6A, 0x46, 0x88, 0x10, 0x36,
    0x14, 0x47, 0x0A, 0xDF, 0x52, 0x9E, 0x28, 0x9D, 0x41, 0x25, 0x94, 0x6B, 0x50, 0x3F, 0xA1, 0x66,
    0xDD, 0x57, 0x3F, 0xF4, 0xD5, 0xA4, 0x07, 0xFD, 0xA5, 0xAD, 0xF3, 0xAD, 0x9F, 0x5A, 0x6D, 0x2B,
    0xDB, 0xA8, 0xEC, 0x52, 0x93, 0x51, 0x73, 0x93, 0x49, 0xAD, 0x44, 0x95, 0x6E, 0x25, 0x1A, 0x85,
    0x1F, 0x09, 0x2B, 0xF0, 0x81, 0xF1, 0x1A, 0x82, 0xE7, 0x7A, 0x84, 0x9D, 0x63, 0x15, 0xE0, 0xC6,
    0xD1, 0x7A, 0xE8, 0x66, 0x1A, 0x07, 0x9D, 0x45, 0x3B, 0x30, 0x16, 0x3D, 0x43, 0x33, 0x50, 0x4F,
    0x74, 0x60, 0x68, 0x7A, 0x5A, 0xB4, 0x25, 0x66, 0xED, 0xC2, 0x51, 0x7A, 0x35, 0x43, 0xAC, 0x2D,
    0xDC, 0xE4, 0x57, 0x98, 0x16, 0xD0, 0x11, 0xA8, 0xFC, 0x79, 0x58, 0x1E, 0xCD, 0x0D, 0xB0, 0x32,
    0x3D, 0x44, 0x6D, 0x29, 0x7C, 0x35, 0x67, 0x81, 0xD2, 0x91, 0x23, 0xA3, 0x88, 0xEE, 0xE8, 0xC8,
    0x36, 0xCA, 0x62, 0x32, 0xF4, 0x2D, 0x74, 0x18, 0xD8, 0x91, 0xF9, 0x81, 0x7A, 0xCA, 0x64, 0xE5,
    0xD4, 0x9C, 0x63, 0x6B, 0x2B, 0x2A, 0x03, 0x6C, 0x0C, 0xD0, 0x6D, 0x80, 0x26, 0x02, 0xDA, 0x03,
    0x95, 0x83, 0x2C, 0xFD, 0xA8, 0x21, 0xA5, 0xE4, 0x04, 0x50, 0xCF, 0xA0, 0x2D, 0x48, 0x82, 0x37,
    0x40, 0x84, 0xD2, 0x83, 0x7A, 0xC7, 0xDD, 0x9E, 0xDD, 0xC5, 0xE2, 0xAE, 0xAD, 0x64, 0x09, 0x1D,
    0xB0, 0x63, 0xD1, 0x12, 0x84, 0x14, 0x02, 0x8F, 0xBF, 0x85, 0x3F, 0xC2, 0x0A, 0x5A, 0x68, 0x40,
    0xF7, 0x22, 0x5D, 0x59, 0x59, 0xA4, 0x74, 0xE0, 0x21, 0xC0, 0xB5, 0x30, 0x30, 0x67, 0xC6, 0x80,
    0x30, 0xA6, 0xB7, 0x0C, 0x91, 0xE0, 0x1F, 0xDC, 0xC2, 0xE7, 0x7F, 0xC8, 0x5A, 0x60, 0x2C, 0x74,
    0x13, 0xBC, 0x70, 0xE0, 0x3C, 0xC5, 0x7C, 0x8D, 0xB2, 0x2B, 0x2A, 0xDB, 0xA0, 0x7B, 0xDD, 0x37,
    0x79, 0xF6, 0x21, 0x6A, 0xFA, 0x98, 0xC2, 0x7D, 0x0B, 0x9E, 0xF3, 0x56, 0xAD, 0xE0, 0x19, 0x5B,
    0x9A, 0xBE, 0xB2, 0x85, 0x2B, 0xF6, 0x07, 0x74, 0x3A, 0xA2, 0x3F, 0xDB, 0x42, 0xF6, 0x49, 0x92,
    0x82, 0x62, 0x9F, 0x86, 0x26, 0xA5, 0x61, 0x7B, 0xAB, 0x87, 0xFC, 0x76, 0x88, 0x19, 0x81, 0x26,
    0xFF, 0xED, 0x86, 0xBB, 0x4F, 0xD2, 0xD0, 0xA5, 0xEF, 0x87, 0xFA, 0x54, 0x65, 0x1F, 0x5C, 0xC4,
    0xFA, 0xC0, 0xAB, 0x74, 0x22, 0xDD, 0x6E, 0x87, 0x13, 0xDA, 0x4A, 0xD5, 0x65, 0xB8, 0x40, 0xF9,
    0x0E, 0x94, 0x8B, 0x08, 0xAA, 0x59, 0x38, 0x69, 0xDA, 0x0E, 0xF7, 0x39, 0xC6, 0xE5, 0x58, 0xF6,
    0x87, 0x2A, 0xC5, 0x66, 0x7A, 0xD6, 0xC1, 0x06, 0x22, 0x62, 0x41, 0x6C, 0x99, 0xEF, 0xA0, 0x03,
    0x33, 0x7D, 0x5E, 0xA7, 0x98, 0xC9, 0x50, 0xBA, 0x4B, 0x28, 0xF6, 0x5F, 0xBB, 0x3A, 0xBD, 0x72,
    0x66, 0xDA, 0xBA, 0x8E, 0xDA, 0xED, 0xDE, 0xAE, 0xB9, 0xE4, 0xB0, 0x40, 0x7C, 0x63, 0x86, 0x70,
    0x84, 0x5B, 0xA7, 0x97, 0x39, 0x76, 0x70, 0xEC, 0x67, 0xAA, 0x74, 0xA2, 0x99, 0xB6, 0x7D, 0x4B,
    0x6D, 0xAF, 0x51, 0x53, 0xE6, 0xCD, 0x29, 0xA5, 0x37, 0x08, 0x40, 0x04, 0x46, 0x60, 0x03, 0x74,
    0x40, 0x73, 0xF8, 0xBF, 0xAD, 0x52, 0xB2, 0xAC, 0x4F, 0x00, 0x18, 0x4F, 0x72, 0xA5, 0xEC, 0x36,
    0x07, 0x8A, 0xAD, 0xE5, 0x14, 0xAC, 0xCC, 0x1F, 0x67, 0xC5, 0xFE, 0x56, 0x12, 0x5A, 0x36, 0xA1,
    0xDD, 0xE6, 0x81, 0x4D, 0xEC, 0xFE, 0xB0, 0x89, 0x57, 0xF2, 0x01, 0x96, 0x8F, 0xA1, 0xDC, 0x52,
    0xFF, 0x53, 0xDB, 0x6F, 0x6D, 0x97, 0x12, 0x57, 0xE9, 0xC0, 0xDF, 0x1E, 0x60, 0xDE, 0xF8, 0xE9,
    0x5C, 0x00, 0x36, 0x52, 0xDB, 0xF0, 0x48, 0x3C, 0x0F, 0xCF, 0x81, 0xF0, 0xA7, 0x8B, 0xE7, 0x08,
    0x00, 0x78, 0x6C, 0xD1, 0x7F, 0xEA, 0x93, 0x4B, 0xEF, 0x2F, 0x34, 0xBA, 0x8C, 0x48, 0x28, 0x3D,
    0xA1, 0x9E, 0x08, 0xA6, 0x27, 0x6C, 0xE0, 0x65, 0x80, 0x24, 0x38, 0xC2, 0xB1, 0x83, 0xA0, 0x2D,
    0xA1, 0x9A, 0xCF, 0x3C, 0xE2, 0x12, 0xD7, 0x0C, 0xE1, 0xE2, 0x95, 0x4B, 0xF0, 0xEA, 0xD4, 0xDF,
    0xA7, 0xA3, 0x49, 0x53, 0xBA, 0xDD, 0xBF, 0xA8, 0xDD, 0x09, 0x33, 0x97, 0x3E, 0x22, 0x32, 0xE7,
    0x31, 0xA0, 0x87, 0x7F, 0x3B, 0xBA, 0xB5, 0xE7, 0xFE, 0x3F, 0x7C, 0x5D, 0xA9, 0xF8, 0x2A, 0x25,
    0x9A, 0x69, 0x6D, 0x3B, 0xAA, 0x79, 0x43, 0xE9, 0x46, 0x0A, 0x1F, 0x21, 0x84, 0x05, 0x32, 0x17,
    0x9F, 0xBC, 0x13, 0x8E, 0x70, 0x25, 0x86, 0xED, 0x01, 0x69, 0xB1, 0x65, 0xFD, 0xA5, 0x3D, 0xAB,
    0xA5, 0x3D, 0xD5, 0xC5, 0xF6, 0x4C, 0x4B, 0x7B, 0x4A, 0x45, 0x84, 0xF5, 0x03, 0x55, 0x03, 0x7F,
    0xA9, 0xD6, 0xA5, 0xE5, 0x04, 0x0F, 0x54, 0xEB, 0x3A, 0xC7, 0xDC, 0xE7, 0x6A, 0xFD, 0xC2, 0x41,
    0xF9, 0x5E, 0x38, 0x63, 0x7F, 0x4D, 0xF6, 0xF5, 0x4C, 0x82, 0x23, 0x44, 0x08, 0x0F, 0xDA, 0x55,
    0xBA, 0xED, 0x92, 0xBF, 0x7B, 0xF2, 0x4D, 0x84, 0x6C, 0x77, 0xD0, 0x4D, 0xD4, 0x27, 0x90, 0xB6,
    0xF6, 0x10, 0x61, 0x84, 0x78, 0xA8, 0x42, 0x4A, 0xB3, 0x39, 0xF5, 0xC5, 0x80, 0xB2, 0x62, 0xB5,
    0x65, 0xFB, 0xA6, 0x4B, 0xF3, 0xE4, 0x61, 0xAB, 0x7C, 0xAF, 0x92, 0x65, 0x3F, 0x84, 0x47, 0x9F,
    0x9F, 0xB6, 0x31, 0x63, 0xC4, 0xD8, 0xED, 0x93, 0x64, 0x4D, 0xFA, 0xC5, 0x56, 0xA7, 0xA7, 0x76,
    0xF9, 0xD5, 0xE0, 0x5B, 0x94, 0x33, 0xA8, 0xB9, 0xE9, 0x6B, 0xAB, 0x07, 0x6D, 0xF3, 0xD8, 0xAB,
    0x49, 0x3C, 0x2D, 0x85, 0xDB, 0x80, 0x97, 0x94, 0x03, 0x6C, 0x1C, 0x74, 0x19, 0x66, 0x82, 0xC6,
    0x32, 0xA2, 0x2D, 0x7E, 0x43, 0x33, 0x15, 0xAE, 0x95, 0x6A, 0x75, 0x86, 0xD6, 0x65, 0x1D, 0xAE,
    0x9D, 0x9A, 0x74, 0x3F, 0x86, 0x2A, 0xEB, 0xF9, 0xB1, 0xCE, 0x8A, 0xEE, 0x5A, 0x0F, 0xD5, 0x77,
    0x6E, 0x95, 0x95, 0x7F, 0x9C, 0x3F, 0x6A, 0x50, 0x3F, 0xDB, 0xC6, 0x50, 0xFE, 0x66, 0x75, 0xCE,
    0xE0, 0xF5, 0xA0, 0x47, 0x48, 0x7D, 0x15, 0x21, 0xA1, 0x02, 0xDC, 0xA1, 0x3C, 0x1D, 0xA5, 0xCF,
    0x51, 0x73, 0x35, 0x69, 0x2B, 0x19, 0x12, 0x6E, 0x60, 0x13, 0xC1, 0x38, 0xD0, 0x92, 0xC3, 0x0C,
    0x9D, 0x87, 0x51, 0xAA, 0xAE, 0x43, 0xB9, 0xA6, 0x97, 0xB5, 0x9A, 0x5E, 0xB9, 0x96, 0x22, 0xB4,
    0xB0, 0x31, 0x10, 0x9B, 0x5E, 0x9A, 0x51, 0x7E, 0x0C, 0xA8, 0x9C, 0x9D, 0xCA, 0x79, 0xD6, 0xF9,
    0x49, 0xDB, 0xEC, 0xED, 0x19, 0x0D, 0xAC, 0x5A, 0x68, 0x57, 0xD0, 0x8C, 0xA0, 0x03, 0xD4, 0x0E,
    0x94, 0x60, 0x82, 0xDA, 0x82, 0x1E, 0xC0, 0x70, 0x3E, 0xCD, 0x98, 0x31, 0x41, 0x4A, 0x31, 0x1B,
    0x45, 0x10, 0x62, 0x35, 0x09, 0xA5, 0x83, 0x11, 0x3C, 0x6A, 0x96, 0x20, 0x0D, 0x2B, 0x18, 0xDF,
    0x32, 0xAF, 0x1C, 0xC6, 0xB1, 0xED, 0x2F, 0x96, 0x50, 0xE1, 0xA9, 0x1C, 0xFB, 0x41, 0xAC, 0x72,
    0xF9, 0xF1, 0x02, 0x87, 0x88, 0x84, 0x1B, 0x97, 0xA5, 0xC2, 0x83, 0x17, 0xA4, 0x9E, 0xC6, 0x52,
    0x5D, 0xFC, 0xEF, 0xEE, 0x28, 0x8E, 0x60, 0x2C, 0x5B, 0xFB, 0x26, 0xFB, 0x0B, 0x9C, 0x1C, 0xD8,
    0x58, 0x11, 0x09, 0x60, 0x0E, 0x7C, 0x90, 0xD2, 0x57, 0xCE, 0xAF, 0x93, 0x1B, 0x8A, 0x7D, 0xFF,
    0x3B, 0xC5, 0x94, 0x01, 0x84, 0x25, 0xC9, 0x19, 0xC7, 0x7F, 0xDD, 0xC5, 0xB4, 0xA4, 0xB8, 0x82,
    0x0D, 0x49, 0xCE, 0x4D, 0x2F, 0x82, 0x4B, 0xD8, 0x6D, 0x80, 0x0B, 0xEF, 0xBD, 0xEE, 0x49, 0x00,
    0x90, 0x85, 0x03, 0xB0, 0x10, 0x1C, 0x22, 0x17, 0x04, 0x87, 0x37, 0xFB, 0xFA, 0x12, 0x01, 0x41,
    0x16, 0x02, 0xC0, 0xE1, 0x10, 0xC0, 0x62, 0xB0, 0xA1, 0x67, 0xBB, 0x72, 0x0B, 0x08, 0xAE, 0xB3,
    0x44, 0x00, 0x29, 0x6B, 0x22, 0x08, 0xAE, 0x48, 0x47, 0xEA, 0xB2, 0x3D, 0xEF, 0x4B, 0x55, 0x77,
    0xC6, 0x4C, 0xB2, 0xB3, 0x36, 0xCB, 0xB2, 0xD5, 0xDF, 0xFF, 0xF7, 0x95, 0xAF, 0xBE, 0xAA, 0xAF,
    0xBE, 0x99, 0xEE, 0x77, 0x2C, 0x72, 0x0C, 0xDD, 0x7F, 0x0F, 0x0C, 0x18, 0xB2, 0x3E, 0x68, 0x99,
    0xAA, 0xE1, 0x46, 0x0D, 0x1D, 0x4C, 0xB3, 0x85, 0x0B, 0x9B, 0xE6, 0xE0, 0x06, 0xAA, 0xF6, 0xEB,
    0x31, 0x2D, 0x26, 0x63, 0x58, 0x0C, 0xBD, 0x6F, 0xD8, 0x89, 0xE7, 0xFC, 0x60, 0xC8, 0x3D, 0xA8,
    0x24, 0xF7, 0xBC, 0x44, 0xA6, 0xA4, 0xE7, 0xD7, 0x06, 0xD0, 0x16, 0xAA, 0x06, 0x24, 0x26, 0x24,
    0xDD, 0x24, 0xA7, 0xEB, 0x7F, 0xD5, 0xD6, 0x22, 0x94, 0x7F, 0x98, 0x28, 0x59, 0xB3, 0xC2, 0x5C,
    0xD5, 0x1C, 0x33, 0x71, 0x2D, 0xE5, 0xA4, 0xDC, 0xB4, 0x27, 0x5D, 0x90, 0x92, 0xE8, 0x4D, 0x4B,
    0x47, 0x61, 0x19, 0x51, 0x2E, 0xF7, 0x64, 0x3E, 0x95, 0x09, 0xDA, 0xC2, 0xD6, 0x34, 0xB0, 0xA9,
    0x80, 0xF2, 0x18, 0xD0, 0x13, 0x28, 0x11, 0xBF, 0x80, 0x98, 0x9B, 0x70, 0x7D, 0xEC, 0x12, 0xE1,
    0x72, 0x00, 0xC0, 0xD5, 0x48, 0x21, 0xF7, 0x6B, 0x19, 0x1F, 0x65, 0x0F, 0x02, 0x4C, 0xF0, 0x08,
    0xAA, 0x33, 0x8C, 0x34, 0x9B, 0x0F, 0x5D, 0xA7, 0x42, 0x60, 0x9A, 0xE8, 0xCE, 0xE9, 0xEA, 0x76,
    0x34, 0xCF, 0x5C, 0x26, 0x16, 0xED, 0xC9, 0x26, 0xE8, 0x60, 0xFA, 0xCB, 0x41, 0x10, 0x71, 0xD5,
    0xBE, 0x39, 0x39, 0x0C, 0xD5, 0xC9, 0x21, 0xB9, 0x9C, 0x01, 0x95, 0x48, 0x4B, 0xB6, 0x6F, 0xEE,
    0x7A, 0x0A, 0x97, 0x72, 0x4D, 0x0B, 0x35, 0xB7, 0xE9, 0x47, 0xD3, 0xAC, 0x94, 0x4C, 0xCA, 0x3E,
    0xD4, 0xEE, 0x46, 0x3E, 0x78, 0x13, 0xF3, 0x9C, 0x2F, 0x1B, 0x70, 0xBE, 0x02, 0xFC, 0x55, 0xA6,
    0x78, 0xE6, 0x1E, 0x9A, 0x96, 0x7C, 0x58, 0xE9, 0xB3, 0x1B, 0xCA, 0xDE, 0x56, 0x12, 0x4C, 0x6B,
    0xDA, 0x9D, 0xAB, 0x29, 0xE6, 0x5B, 0x64, 0x72, 0x27, 0x56, 0x59, 0x2A, 0x2E, 0xD5, 0xAB, 0xF0,
    0xDD, 0x1F, 0x63, 0xD0, 0x95, 0xFC, 0xD6, 0x78, 0xE3, 0xAB, 0xDD, 0xDF, 0x80, 0x9B, 0x07, 0x10,
    0x4C, 0xA3, 0xFC, 0x06, 0x6D, 0x27, 0xAA, 0xEF, 0x79, 0x4E, 0xF5, 0xC0, 0x64, 0x2C, 0xB5, 0x72,
    0x94, 0x1F, 0x07, 0x8A, 0xE1, 0x98, 0x7C, 0xAC, 0xE0, 0xA1, 0x6E, 0x00, 0x00, 0x7A, 0x91, 0x90,
    0x04, 0x5C, 0xA7, 0x4F, 0x41, 0x26, 0x99, 0x5E, 0xD2, 0xB5, 0x96, 0x21, 0x76, 0xAD, 0x65, 0x4C,
    0x5D, 0xFF, 0x6E, 0x8A, 0x5D, 0x6B, 0xDB, 0x65, 0x2E, 0x72, 0x22, 0xF2, 0xB3, 0x80, 0xF7, 0x5A,
    0xDC, 0xCC, 0x36, 0xF1, 0xB1, 0x8D, 0x5D, 0xEB, 0xCF, 0x7C, 0xEA, 0xDA, 0x86, 0xD8, 0xB5, 0xB6,
    0xEB, 0xD8, 0xF5, 0x2F, 0x9A, 0xAF, 0xBD, 0xB8, 0x6B, 0xB8, 0x7C, 0x1D, 0x01, 0x1D, 0xA8, 0x25,
    0x76, 0xD2, 0x7A, 0x65, 0x17, 0x3B, 0x2D, 0xDB, 0x5A, 0x52, 0x9C, 0x8A, 0x6B, 0x15, 0x77, 0xFA,
    0xA4, 0x17, 0xAD, 0xC3, 0x65, 0x8E, 0x3E, 0x63, 0x77, 0xCE, 0x4F, 0x2B, 0x30, 0xB3, 0x1D, 0xC2,
    0x0A, 0x3C, 0x6A, 0xC0, 0x34, 0x69, 0x2A, 0x92, 0x4C, 0x9F, 0x53, 0x4B, 0xFB, 0xAD, 0xC2, 0xA2,
    0x2C, 0xDA, 0x16, 0x7B, 0xF4, 0x9E, 0x38, 0x41, 0x25, 0xBB, 0xA3, 0x6D, 0x2F, 0x4D, 0x15, 0xC8,
    0xEF, 0xEB, 0xA1, 0x6C, 0x37, 0x9C, 0x10, 0xD0, 0xF6, 0xFF, 0x93, 0xB1, 0xD3, 0xAC, 0xCA, 0xCA,
    0x91, 0x58, 0x91, 0xBF, 0xDA, 0x2F, 0xE5, 0xFB, 0x36, 0x00, 0x2F, 0x52, 0x26, 0x32, 0x99, 0xA8,
    0x5A, 0xFC, 0x6A, 0x17, 0xD5, 0x47, 0xC9, 0x35, 0xEA, 0xFF, 0xB3, 0x9E, 0xF2, 0xCA, 0xA8, 0x3C,
    0x0A, 0x5E, 0x45, 0x9F, 0xBC, 0x9B, 0x7E, 0xB8, 0x34, 0xA6, 0x29, 0x3C, 0x21, 0x0B, 0xBD, 0xDF,
    0xB5, 0xB9, 0x2F, 0xFD, 0xA9, 0xBF, 0xE9, 0xF9, 0x9F, 0x47, 0x07, 0xD6, 0x77, 0x79, 0xA0, 0xD2,
    0x3F, 0xCA, 0xE5, 0x36, 0x32, 0xCE, 0x57, 0x86, 0xF2, 0x1C, 0xE0, 0x46, 0x0E, 0x5B, 0x6D, 0xA9,
    0x94, 0xC7, 0xD8, 0x80, 0x72, 0xF7, 0xC8, 0x42, 0xD9, 0x32, 0x19, 0x9B, 0xFB, 0x9A, 0x62, 0x38,
    0xA5, 0x3C, 0x1A, 0xD9, 0x14, 0x2E, 0xE6, 0xB5, 0x00, 0xE4, 0x01, 0x35, 0x50, 0x06, 0xB4, 0xE5,
    0x34, 0x60, 0xE0, 0x66, 0x60, 0x03, 0x04, 0xB6, 0x33, 0xC7, 0xC4, 0xDC, 0x27, 0xAA, 0x21, 0xD1,
    0xB4, 0x53, 0x64, 0x99, 0x27, 0xAE, 0x55, 0x62, 0x67, 0xBA, 0xC8, 0xF1, 0x9D, 0xC8, 0xDC, 0xBD,
    0x17, 0x59, 0xD8, 0x07, 0x91, 0xE6, 0xE3, 0x21, 0xB2, 0x52, 0x22, 0x96, 0xF5, 0xCC, 0x8E, 0x68,
    0x99, 0x4F, 0x54, 0x2E, 0x31, 0x55, 0xB7, 0x73, 0x75, 0x38, 0x0E, 0x1C, 0xC2, 0x4F, 0x02, 0x2B,
    0x20, 0x70, 0x32, 0x73, 0xA9, 0x6B, 0x13, 0x8B, 0x36, 0xD1, 0x64, 0xBF, 0x89, 0xBC, 0x55, 0x4A,
    0x43, 0xD8, 0xDE, 0x32, 0x96, 0x30, 0xA2, 0x2D, 0xFF, 0x72, 0x89, 0xCA, 0x62, 0x1A, 0x74, 0x43,
    0x0D, 0x25, 0x74, 0xB0, 0x26, 0x77, 0xF0, 0x90, 0xB4, 0xD9, 0x73, 0x48, 0xAA, 0x5B, 0x8B, 0x2D,
    0xEC, 0xCC, 0x3D, 0x7C, 0x23, 0x4D, 0x58, 0xF1, 0x6D, 0xED, 0x08, 0x69, 0x39, 0xF3, 0xA0, 0xAD,
    0x1A, 0xD0, 0x82, 0x6E, 0x23, 0x1B, 0x03, 0x94, 0x76, 0x4D, 0x5A, 0xDD, 0x1A, 0x1B, 0xE9, 0x2B,
    0xFB, 0x43, 0xFD, 0xC4, 0xD5, 0xB6, 0x97, 0xC7, 0xF6, 0x99, 0xAD, 0xF6, 0xE6, 0xE8, 0xF7, 0x16,
    0x0E, 0xD5, 0x2F, 0x23, 0x57, 0x5A, 0x47, 0x9E, 0xBC, 0x93, 0xE8, 0x6B, 0x99, 0x50, 0x36, 0xB1,
    0x68, 0xD1, 0x16, 0x43, 0xE2, 0xAD, 0x99, 0x65, 0x03, 0xB5, 0x9D, 0x35, 0xCF, 0x2F, 0xC6, 0x37,
    0x81, 0x0A, 0xA8, 0x81, 0x7B, 0x90, 0x4D, 0x50, 0x8C, 0x50, 0x0E, 0x50, 0x37, 0x70, 0x0A, 0x4C,
    0x40, 0x58, 0xFC, 0xAC, 0xDD, 0xAF, 0x1F, 0x51, 0x8A, 0x90, 0x8B, 0x83, 0xAF, 0x36, 0x80, 0xB1,
    0x80, 0xF2, 0x00, 0x23, 0xC0, 0x0A, 0xAE, 0x8E, 0xC0, 0x72, 0x30, 0xEA, 0x3C, 0xE1, 0x0B, 0x40,
    0x7F, 0x0E, 0x98, 0x1F, 0xB4, 0x50, 0x16, 0x16, 0x36, 0x6A, 0x80, 0x75, 0xEE, 0xA1, 0xCB, 0x22,
    0x02, 0x81, 0xE8, 0x3B, 0x72, 0x91, 0x73, 0x94, 0xC8, 0x9E, 0xE2, 0x8F, 0xEF, 0x7F, 0x88, 0x69,
    0x31, 0x4D, 0xD9, 0x60, 0x6C, 0x05, 0xC5, 0xB0, 0x99, 0xFF, 0x48, 0x90, 0xFB, 0x09, 0xB2, 0x11,
    0x0E, 0xEE, 0x5F, 0x5C, 0xA6, 0x02, 0xD8, 0x02, 0xF8, 0x37, 0x74, 0x97, 0x4F, 0x2F, 0x6A, 0x68,
    0x01, 0x2A, 0x6D, 0xE1, 0xA3, 0xCC, 0xBF, 0x91, 0xBB, 0x94, 0xED, 0x7B, 0xB0, 0x1B, 0x4F, 0x60,
    0xEC, 0x3D, 0xB8, 0xD2, 0xBE, 0x91, 0x6B, 0xE8, 0x23, 0x07, 0xE6, 0x67, 0x9E, 0x79, 0xF6, 0xDC,
    0x38, 0x06, 0xE8, 0x01, 0x04, 0xC8, 0xA4, 0x05, 0xF5, 0x27, 0x0B, 0xC5, 0xE3, 0x01, 0xF4, 0xE3,
    0xB4, 0xF7, 0xC8, 0x43, 0xC9, 0x08, 0x9B, 0xE5, 0x73, 0xDB, 0x12, 0xFD, 0x06, 0x44, 0x84, 0x2C,
    0xA2, 0xC9, 0xFF, 0xF1, 0xFE, 0xDD, 0x56, 0x39, 0xB4, 0x2D, 0x2C, 0x6A, 0x30, 0x11, 0xDE, 0x34,
    0xB1, 0x78, 0x05, 0x84, 0x0D, 0xD0, 0x41, 0xDF, 0x40, 0xFE, 0x74, 0x00, 0x65, 0x3D, 0x0B, 0xF2,
    0x27, 0x0E, 0xE8, 0x5B, 0x60, 0xC7, 0xC5, 0xEC, 0x9F, 0x16, 0xB2, 0xBF, 0xA7, 0xBC, 0xA7, 0x1E,
    0x0A, 0x1B, 0xA1, 0xDB, 0x00, 0xA6, 0xD9, 0x42, 0xC9, 0x1A, 0x36, 0x54, 0xB0, 0xC5, 0x40, 0x2F,
    0xD2, 0xA6, 0x6B, 0xD8, 0xCC, 0xA3, 0x06, 0xE5, 0x50, 0xBE, 0xB0, 0x64, 0x5E, 0x5B, 0x08, 0xA6,
    0x85, 0xAE, 0x04, 0x8E, 0x6B, 0x20, 0xAA, 0x48, 0x99, 0x60, 0x16, 0x57, 0xA6, 0x75, 0xD8, 0x2C,
    0x6E, 0xBB, 0xB8, 0x69, 0x76, 0xD9, 0x38, 0x3B, 0xE5, 0x17, 0x37, 0xCC, 0x4E, 0x5B, 0x93, 0xAA,
    0x99, 0x66, 0x76, 0x15, 0x73, 0xB0, 0x4E, 0x73, 0xE8, 0x17, 0x17, 0xE6, 0x60, 0xEE, 0x67, 0xA7,
    0xDC, 0xEC, 0x0A, 0x9B, 0x5C, 0x52, 0x72, 0x65, 0x93, 0xCA, 0xDB, 0x9A, 0xD9, 0x51, 0xC8, 0x19,
    0xBD, 0xEC, 0xD5, 0xFE, 0x68, 0x6B, 0x1C, 0x54, 0x2D, 0xD4, 0xC0, 0x31, 0xD0, 0x01, 0x13, 0x10,
    0xAE, 0x68, 0x5A, 0xE2, 0xF3, 0x7A, 0x0D, 0x54, 0x0D, 0x98, 0x01, 0x8A, 0x73, 0x7E, 0x84, 0xC8,
    0xC4, 0xDB, 0x72, 0x46, 0x36, 0x80, 0x3A, 0x03, 0x1E, 0x01, 0x15, 0xB0, 0x03, 0xB3, 0x8F, 0x1A,
    0x39, 0x68, 0x51, 0x9E, 0x2C, 0xC0, 0x16, 0x4A, 0x00, 0x40, 0x64, 0x1F, 0x2D, 0xC0, 0xF3, 0x16,
    0x8F, 0x8C, 0x16, 0xE0, 0x5A, 0x5B, 0x36, 0x92, 0x7D, 0x42, 0xE1, 0x30, 0x96, 0x0A, 0x3E, 0x7A,
    0x4D, 0x67, 0xBE, 0x0B, 0x82, 0x12, 0x1B, 0xDF, 0xBF, 0xDB, 0x3C, 0x7C, 0x2D, 0x67, 0xC6, 0x97,
    0x3F, 0x7E, 0x04, 0x91, 0xF0, 0x7A, 0x2E, 0xF9, 0x01, 0xF7, 0xA8, 0x1A, 0x6D, 0x73, 0x0F, 0x29,
    0xD6, 0xEF, 0xB5, 0x7D, 0xD9, 0xD3, 0xC7, 0x8D, 0x7C, 0xA7, 0xA1, 0x27, 0x9B, 0x50, 0x0E, 0xDD,
    0x72, 0x71, 0x17, 0xFA, 0x3D, 0xDA, 0xBE, 0xB2, 0xC5, 0x5D, 0x22, 0xF0, 0x01, 0x99, 0xA0, 0xBE,
    0x68, 0xCD, 0xCF, 0xFD, 0x9A, 0x0E, 0x00, 0x8C, 0x78, 0x2D, 0x8E, 0x8E, 0x57, 0xB5, 0xB8, 0x2B,
    0xEE, 0x3D, 0x79, 0x2B, 0x94, 0x27, 0x6F, 0xC1, 0x45, 0x77, 0xCA, 0xBD, 0xEC, 0x49, 0xDD, 0x19,
    0xD9, 0xCF, 0xAF, 0xF8, 0x88, 0x69, 0x0F, 0xF6, 0x11, 0xD4, 0x6D, 0x84, 0x19, 0x22, 0x94, 0x8F,
    0xC8, 0x13, 0x96, 0x0F, 0x2C, 0xCC, 0x10, 0xF1, 0x2C, 0xB8, 0x88, 0xCD, 0xAB, 0x73, 0x9E, 0x72,
    0x11, 0xC6, 0x46, 0xEC, 0x1A, 0xD3, 0xBE, 0xBD, 0x9F, 0x4F, 0x8E, 0xD8, 0x03, 0xF7, 0x18, 0x40,
    0x9E, 0x5A, 0xF2, 0x27, 0x12, 0x61, 0x77, 0x5C, 0x19, 0x7B, 0x30, 0xAD, 0x34, 0x09, 0x36, 0x61,
    0x88, 0x78, 0xE6, 0x23, 0x42, 0x48, 0x38, 0x4D, 0xA8, 0x13, 0xCA, 0x36, 0x42, 0xDB, 0x08, 0xE5,
    0x22, 0xF2, 0x31, 0x82, 0x29, 0xE1, 0x5E, 0x42, 0x95, 0x60, 0x3E, 0x8F, 0x28, 0xFE, 0x1C, 0xA1,
    0x24, 0x82, 0x19, 0x7D, 0x42, 0x9D, 0x6E, 0x07, 0x14, 0x0E, 0xC8, 0x46, 0x80, 0x2D, 0xC0, 0x57,
    0xB8, 0x3A, 0xDE, 0x96, 0xFB, 0x20, 0x32, 0x51, 0x7C, 0x99, 0xF5, 0x8D, 0x19, 0x30, 0xB6, 0x6A,
    0x50, 0x6E, 0x03, 0xB9, 0xEF, 0x80, 0x31, 0x21, 0x4C, 0xC0, 0x14, 0x80, 0xEE, 0x12, 0x73, 0x6C,
    0x5E, 0xDD, 0x02, 0xE3, 0xBC, 0x23, 0xEE, 0x2D, 0x9C, 0x19, 0x28, 0xED, 0x7C, 0xDE, 0x7C, 0xF2,
    0x52, 0x03, 0xED, 0x00, 0x63, 0x81, 0x1A, 0xA0, 0x03, 0xB8, 0xF3, 0x46, 0xEE, 0xF2, 0x6F, 0xC5,
    0x96, 0x31, 0x6C, 0x24, 0x3F, 0x15, 0xC6, 0x7F, 0x33, 0xFE, 0xEB, 0x06, 0x69, 0xA4, 0x73, 0x07,
    0xD2, 0x85, 0x8B, 0x1B, 0x1A, 0x8A, 0xCB, 0xD4, 0x48, 0xC9, 0xCE, 0x70, 0x14, 0xD7, 0x5E, 0x2F,
    0x0A, 0x4A, 0xBA, 0xB4, 0x29, 0xB2, 0x99, 0xE9, 0xAB, 0x88, 0xBE, 0xBC, 0x5E, 0x14, 0x29, 0x28,
    0x26, 0x59, 0xF7, 0x14, 0xF8, 0xFA, 0xC6, 0x42, 0x41, 0x94, 0xB8, 0x18, 0xDD, 0x79, 0xC1, 0x59,
    0x63, 0xEF, 0x0C, 0xE1, 0x80, 0x3B, 0x08, 0xB0, 0xA7, 0x7B, 0x9B, 0xCF, 0xDE, 0xAC, 0xED, 0xDF,
    0xFB, 0xDE, 0xE8, 0xED, 0xCA, 0x10, 0x00, 0x11, 0x01, 0xF9, 0x3B, 0x0D, 0x27, 0xA5, 0x85, 0x1F,
    0xF1, 0x0B, 0x3E, 0x89, 0xA3, 0x78, 0x0D, 0x31, 0x06, 0xAA, 0x6D, 0xB1, 0xE9, 0xA4, 0x41, 0xEA,
    0xA6, 0x43, 0xD8, 0x15, 0x94, 0x6E, 0x04, 0xA6, 0x3C, 0xF8, 0x00, 0x04, 0x0F, 0x8C, 0x7F, 0x1F,
    0x02, 0x10, 0xF6, 0xAB, 0x97, 0xC0, 0xB4, 0x3F, 0x91, 0xCE, 0x56, 0x36, 0x51, 0x94, 0xDE, 0xF3,
    0x32, 0x79, 0xCE, 0x31, 0x87, 0x32, 0xA7, 0xD0, 0xFA, 0x0B, 0xB8, 0xE9, 0x1D, 0xB8, 0xDA, 0x7C,
    0x13, 0x2F, 0xC7, 0xA5, 0x81, 0x46, 0xD8, 0xE5, 0x1D, 0xF0, 0x2D, 0x6C, 0x7C, 0x0F, 0x86, 0x15,
    0xC2, 0xA8, 0x41, 0xEA, 0xCA, 0xB6, 0x14, 0x19, 0xD9, 0x3B, 0x50, 0x1A, 0x5A, 0x0B, 0x0F, 0x1E,
    0xE1, 0xAE, 0x90, 0x5A, 0x0D, 0x2D, 0x95, 0xF9, 0x21, 0x85, 0x66, 0x89, 0x2E, 0x11, 0x7E, 0x65,
    0x89, 0x31, 0xEE, 0xA9, 0x43, 0xE2, 0xB7, 0xD9, 0xE5, 0xC6, 0xAD, 0x28, 0x3E, 0xB8, 0x4B, 0x84,
    0xF5, 0x23, 0xB5, 0x4E, 0x48, 0x45, 0xF0, 0x9C, 0x65, 0x83, 0x3E, 0x0D, 0xA5, 0x4B, 0x2E, 0x2B,
    0x93, 0x5C, 0xCA, 0x01, 0x3F, 0x36, 0xD9, 0xE5, 0x25, 0xA5, 0x6B, 0xA7, 0xEC, 0xD2, 0xA1, 0x74,
    0x9D, 0x78, 0xA8, 0xEC, 0xF2, 0x24, 0xBB, 0xFC, 0x0E, 0x80, 0x3B, 0xA0, 0x01, 0xA4, 0x86, 0xD2,
    0x02, 0x6F, 0x59, 0x02, 0x0F, 0xCD, 0xFF, 0xAA, 0x00, 0xED, 0x1A, 0xD6, 0x2D, 0x04, 0x75, 0x7F,
    0x34, 0x55, 0x31, 0x1A, 0xCE, 0xB7, 0x40, 0x0B, 0xDC, 0x42, 0x31, 0x81, 0x30, 0x50, 0xF2, 0x75,
    0xF3, 0xD5, 0x16, 0xD4, 0x04, 0xEB, 0x35, 0x4C, 0x8A, 0xA2, 0x2B, 0xBA, 0xAF, 0x9A, 0xEF, 0xE6,
    0x18, 0x7C, 0x33, 0xCF, 0x7C, 0xE5, 0xDA, 0x78, 0xD1, 0x01, 0x2D, 0xC0, 0x08, 0x14, 0x0E, 0x10,
    0x9A, 0x4F, 0x62, 0x04, 0xD5, 0xAD, 0xA0, 0xA5, 0x81, 0x5B, 0xA4, 0xC6, 0x53, 0x9B, 0xD2, 0x21,
    0x9C, 0xB0, 0x14, 0x53, 0xAD, 0x21, 0xC8, 0x01, 0xD6, 0x0D, 0x73, 0x16, 0x54, 0x00, 0xE4, 0x04,
    0x54, 0x7B, 0x9E, 0x7D, 0xD2, 0xE0, 0xF9, 0x47, 0xC5, 0x68, 0x93, 0x1E, 0xF0, 0x6C, 0x92, 0xD4,
    0xE0, 0x91, 0xDA, 0x53, 0x2F, 0x92, 0x49, 0xAA, 0xF3, 0xC5, 0x86, 0x18, 0x43, 0xD2, 0x35, 0x1E,
    0xFE, 0x45, 0x65, 0x62, 0xA8, 0xC4, 0xE8, 0xBB, 0x9E, 0x31, 0x31, 0x02, 0x32, 0x73, 0x3A, 0x4F,
    0x8B, 0x27, 0xB1, 0x85, 0xC3, 0x4B, 0x9D, 0x34, 0xCC, 0x73, 0x35, 0xE1, 0x8B, 0x1D, 0x9E, 0x3E,
    0xE7, 0x71, 0x9E, 0x72, 0xF2, 0xE0, 0x67, 0x15, 0xDE, 0xFF, 0xA4, 0x72, 0xBE, 0x8D, 0xC6, 0x1F,
    0xED, 0x10, 0x13, 0x10, 0x80, 0x7D, 0xC9, 0x40, 0x35, 0xB0, 0x04, 0xC5, 0xE6, 0x1E, 0x99, 0xF2,
    0xCA, 0xB7, 0x3D, 0xA0, 0x3A, 0x52, 0xDE, 0xAC, 0x62, 0x13, 0x07, 0x15, 0xE3, 0xD0, 0x5F, 0xCB,
    0x21, 0xAD, 0x2E, 0x7E, 0xB2, 0xAF, 0x76, 0xB8, 0x7B, 0x1D, 0x87, 0x36, 0xFE, 0x76, 0xA8, 0x77,
    0x09, 0x54, 0x04, 0x10, 0x0E, 0x2A, 0x03, 0xB2, 0x83, 0x57, 0x1C, 0x8E, 0xDD, 0x76, 0xB0, 0xD1,
    0x14, 0x1F, 0x1D, 0xC2, 0xF8, 0x84, 0x3F, 0x39, 0x18, 0x5B, 0x6C, 0x6B, 0x64, 0xDC, 0xF1, 0xF2,
    0xC8, 0x1F, 0x8C, 0x59, 0x9A, 0x0B, 0x84, 0x1D, 0x49, 0xF3, 0xC1, 0x98, 0xF4, 0x1D, 0xC5, 0xEF,
    0x2D, 0x42, 0xBB, 0xBD, 0xCA, 0xF7, 0x16, 0x36, 0xC3, 0xE1, 0x3C, 0x47, 0x5B, 0x6F, 0x51, 0x31,
    0xF4, 0x71, 0x78, 0xDE, 0x6D, 0xFC, 0x91, 0x05, 0x65, 0x4A, 0x07, 0x52, 0x33, 0xED, 0x69, 0x3E,
    0xB1, 0x62, 0xF4, 0x2A, 0xE6, 0x31, 0xF3, 0xE0, 0x96, 0x3C, 0x26, 0xA6, 0x86, 0x44, 0xD5, 0x90,
    0xB8, 0x0E, 0xEE, 0x5E, 0x6F, 0x1F, 0x8A, 0x5F, 0xB7, 0xD1, 0xF6, 0xD1, 0x55, 0x3B, 0xEA, 0x38,
    0xB0, 0xB9, 0xAF, 0x62, 0x50, 0xE6, 0x97, 0x2D, 0xAC, 0x21, 0x40, 0x00, 0x0F, 0x7E, 0x79, 0x9F,
    0x50, 0xB4, 0xD0, 0x98, 0x9F, 0xD7, 0x31, 0xA4, 0xCD, 0xBC, 0x84, 0x55, 0x47, 0xB2, 0x51, 0x3A,
    0x2A, 0x57, 0x44, 0x43, 0xEC, 0x1E, 0x1B, 0xF8, 0x8A, 0xA5, 0x81, 0x35, 0x8F, 0xB1, 0xB1, 0x54,
    0x71, 0x87, 0x32, 0x7D, 0xB7, 0xA2, 0xD6, 0x97, 0x08, 0x33, 0x22, 0x6C, 0x32, 0xBB, 0x97, 0x5F,
    0x8E, 0x8E, 0x4B, 0xFF, 0xB7, 0x80, 0xBA, 0xFF, 0xBE, 0xAE, 0x62, 0xD4, 0x9C, 0xEF, 0xE6, 0xD5,
    0x72, 0x82, 0xCA, 0xCE, 0xCF, 0xEE, 0x84, 0xC3, 0xB1, 0xDB, 0x61, 0x6E, 0xE0, 0xBF, 0xE4, 0x06,
    0x0E, 0xB9, 0x81, 0x0F, 0xC6, 0xAE, 0x86, 0x1B, 0x6A, 0xED, 0xF3, 0xFC, 0x7F, 0x32, 0x7F, 0x30,
    0x33, 0xFB, 0x2D, 0x3F, 0xA6, 0x45, 0x6A, 0x61, 0x99, 0x00, 0x84, 0xFD, 0xF7, 0xAF, 0xE2, 0x9D,
    0x70, 0xB5, 0x56, 0xDD, 0x29, 0x00, 0xAB, 0xFF, 0xF0, 0xE2, 0x1D, 0xE2, 0x81, 0xFA, 0x4F, 0x34,
    0xB5, 0xBE, 0x28, 0x1C, 0x73, 0xF8, 0xFF, 0xEE, 0xEF, 0xE6, 0xB9, 0x57, 0x37, 0xCF, 0x9F, 0x62,
    0x8E, 0xB7, 0xC5, 0xFC, 0x6B, 0xDF, 0xC7, 0x0E, 0xE9, 0xA1, 0x0F, 0x94, 0xE1, 0x0A, 0x4C, 0xD3,
    0x81, 0xD4, 0x20, 0x4C, 0x11, 0x3F, 0x38, 0x19, 0xA3, 0x6B, 0x06, 0x35, 0x5D, 0x21, 0xFC, 0x38,
    0x5F, 0x5E, 0xBC, 0x5F, 0x14, 0x60, 0x1A, 0x29, 0x5D, 0x8B, 0xB0, 0xCA, 0x34, 0xF9, 0x31, 0x91,
    0x5B, 0xB4, 0xF2, 0xC7, 0xC8, 0x18, 0x78, 0x75, 0x34, 0xC1, 0x12, 0xEE, 0x7C, 0xE2, 0x43, 0xDC,
    0x11, 0xD3, 0xA3, 0xDF, 0xCD, 0xDF, 0x37, 0x1D, 0xA8, 0xB5, 0x7F, 0xA2, 0x8A, 0x00, 0xDC, 0x02,
    0x2D, 0x73, 0x1B, 0x0A, 0xC3, 0x12, 0x73, 0xCE, 0x18, 0x51, 0xE6, 0x5C, 0xB7, 0x54, 0x76, 0x4D,
    0xE9, 0x92, 0xD7, 0xE9, 0x9F, 0xBC, 0xFA, 0xFC, 0x59, 0x5E, 0xCB, 0x7B, 0xD2, 0xDE, 0xD9, 0x6F,
    0x7F, 0x0F, 0xDC, 0x01, 0x7F, 0xFB, 0x9D, 0xD6, 0x20, 0x39, 0x1C, 0xFB, 0xF1, 0x9A, 0x37, 0xA5,
    0xD5, 0x35, 0xD5, 0xA0, 0x0E, 0xC6, 0x2E, 0x77, 0x6F, 0x86, 0x3A, 0xC6, 0x4E, 0x3E, 0x7B, 0x38,
    0x18, 0xB3, 0xB0, 0x17, 0xF3, 0x89, 0x34, 0x1F, 0x8A, 0xC9, 0x31, 0xD0, 0x2C, 0x3A, 0xE6, 0x31,
    0x62, 0x8C, 0x2E, 0x8B, 0x39, 0x3E, 0xB7, 0xAF, 0x63, 0xF3, 0x07, 0x97, 0x38, 0x66, 0xCE, 0xDD,
    0xA4, 0xDC, 0xBD, 0x0B, 0x6C, 0xA7, 0x20, 0x9C, 0xF7, 0xB5, 0xF6, 0x5E, 0x75, 0x3E, 0xAC, 0xF0,
    0x63, 0x28, 0xA6, 0xDE, 0xA5, 0xDC, 0x66, 0xCE, 0xDD, 0xC4, 0xC8, 0x69, 0xF2, 0xFD, 0x1D, 0x20,
    0x1C, 0xE0, 0x81, 0xCB, 0x85, 0x5D, 0x77, 0xB0, 0x84, 0x7F, 0x72, 0x0F, 0x4A, 0x1D, 0x92, 0x46,
    0x1A, 0xDD, 0xFF, 0x34, 0x26, 0xFE, 0x1F, 0x75, 0xB5, 0x7B, 0xA3, 0x29, 0xFD, 0x9C, 0xA0, 0x5E,
    0xFA, 0xE6, 0x8C, 0xC3, 0xB1, 0x5B, 0x60, 0x33, 0x50, 0x7C, 0xB4, 0x88, 0xF7, 0x13, 0xB2, 0x3B,
    0x3D, 0x18, 0x5B, 0x0C, 0x37, 0x54, 0xDA, 0x93, 0xE6, 0x83, 0x30, 0x9F, 0xED, 0x7E, 0xA6, 0xE1,
    0x05, 0xD0, 0x03, 0x01, 0xCA, 0xE5, 0xBB, 0xB4, 0xC4, 0x6A, 0xBE, 0x56, 0x06, 0xD5, 0xE1, 0xA5,
    0xCE, 0x97, 0xCD, 0x7C, 0xEB, 0x14, 0xB6, 0x74, 0x75, 0xFA, 0x6F, 0x7F, 0x71, 0xEB, 0x18, 0x1B,
    0x38, 0x5B, 0xC1, 0xEA, 0x0C, 0xD4, 0x08, 0xD2, 0x43, 0xED, 0x40, 0x64, 0x99, 0xE5, 0x19, 0x0F,
    0xD0, 0x00, 0x77, 0xD0, 0x86, 0x24, 0x03, 0x9E, 0x2F, 0xA8, 0xB9, 0x67, 0x1B, 0x77, 0xC4, 0xEB,
    0x7E, 0xD8, 0xED, 0x3D, 0x0B, 0x9B, 0xE4, 0x3C, 0xE5, 0x27, 0x12, 0x2E, 0xEC, 0x55, 0xD9, 0xBC,
    0x27, 0x9A, 0x7E, 0xF8, 0x73, 0xDC, 0xE5, 0xB3, 0x5F, 0xE6, 0xC2, 0x67, 0xEF, 0xF6, 0x2B, 0x18,
    0xE7, 0x1A, 0x53, 0x45, 0x43, 0xAE, 0x2C, 0x55, 0x68, 0x2A, 0x23, 0x72, 0x8D, 0x4E, 0x0E, 0x78,
    0x35, 0xEF, 0x38, 0x3D, 0x83, 0xD5, 0x25, 0xA8, 0xDF, 0x80, 0x9C, 0xE6, 0x1A, 0x2B, 0x9B, 0xF4,
    0x99, 0x1A, 0xFD, 0x5C, 0xE3, 0x5F, 0x01, 0xC5, 0x52, 0xBF, 0x8F, 0x24, 0xC7, 0x75, 0xFE, 0xBA,
    0x1B, 0xDC, 0x02, 0xD4, 0xD0, 0x95, 0x01, 0xD1, 0x3F, 0xE0, 0x35, 0xAF, 0x13, 0x25, 0x86, 0x79,
    0xD7, 0x09, 0x03, 0x06, 0x3B, 0xD3, 0x7D, 0x66, 0xC0, 0x54, 0x81, 0x2E, 0x33, 0x20, 0x06, 0x0C,
    0x14, 0x18, 0x5E, 0x06, 0x0E, 0xCE, 0xC0, 0xEC, 0x4D, 0x1B, 0x0E, 0x15, 0x70, 0xA1, 0x7F, 0x40,
    0x0A, 0x98, 0xFB, 0x82, 0x0B, 0x4E, 0xC0, 0xEC, 0x4D, 0x99, 0x0A, 0x14, 0x28, 0x60, 0x4B, 0x82,
    0xA1, 0xC0, 0x01, 0x5B, 0xF6, 0x02, 0x0E, 0x59, 0xB6, 0xFA, 0xCC, 0xBA, 0xBB, 0x9E, 0x2E, 0x7F,
    0xAF, 0xBA, 0x67, 0x77, 0xF6, 0x7E, 0xEE, 0xEC, 0xED, 0x92, 0x35, 0xF5, 0x5E, 0x4F, 0x57, 0xBF,
    0x7A, 0xEF, 0xFB, 0xBE, 0xF7, 0x00, 0x59, 0x85, 0xB7, 0xA3, 0xDB, 0x58, 0x1D, 0x2D, 0x5A, 0xD1,
    0xC5, 0x9E, 0x2E, 0xF9, 0x8A, 0x4E, 0x7D, 0x51, 0x01, 0xFA, 0x27, 0x86, 0xEE, 0x83, 0x1A, 0xC8,
    0x93, 0x06, 0x98, 0x46, 0xBC, 0x36, 0x83, 0x03, 0xF7, 0x02, 0x68, 0x31, 0xE1, 0x05, 0xDF, 0x23,
    0xF1, 0xDE, 0x43, 0xFD, 0xFB, 0xED, 0x1F, 0x95, 0xDA, 0x40, 0x1B, 0x5D, 0x42, 0xD5, 0x39, 0xF3,
    0x34, 0x53, 0x66, 0xB4, 0x07, 0xCC, 0xDD, 0x2E, 0xC6, 0x2A, 0xD0, 0xBE, 0x0B, 0xB6, 0x5E, 0xD1,
    0xB2, 0x41, 0xE6, 0x57, 0xB8, 0x56, 0xCE, 0xF9, 0x96, 0x95, 0x8C, 0x90, 0xC2, 0x55, 0xB4, 0xF4,
    0x55, 0xE6, 0x7D, 0x35, 0x3F, 0xD4, 0xD5, 0x8A, 0xEF, 0xBC, 0x55, 0x39, 0x64, 0x7C, 0x16, 0xD5,
    0xC3, 0xBF, 0xF5, 0x55, 0xE1, 0x7F, 0x5D, 0xA5, 0xBD, 0xAA, 0xF0, 0x3E, 0xEE, 0x01, 0x93, 0xB8,
    0x91, 0xD4, 0x44, 0x1B, 0xF7, 0x78, 0x8E, 0x1A, 0x02, 0xB5, 0xFE, 0x94, 0x5A, 0xB9, 0xA6, 0xF6,
    0xA1, 0x39, 0x4B, 0xAD, 0x05, 0x89, 0x05, 0x6A, 0x33, 0x44, 0x9B, 0xD4, 0xF6, 0xCB, 0x94, 0xD4,
    0x2A, 0x62, 0x4B, 0x4D, 0xC6, 0x3C, 0x75, 0x41, 0x67, 0x27, 0x6B, 0x6A, 0x2E, 0xC5, 0xBB, 0x50,
    0x87, 0x33, 0xC6, 0x33, 0xC5, 0xB2, 0xDA, 0xA0, 0x77, 0x4C, 0x5C, 0x24, 0x70, 0xF8, 0x0C, 0xBD,
    0x7F, 0xF5, 0x95, 0x26, 0xBD, 0xA2, 0xD4, 0xD5, 0xE2, 0x59, 0x7A, 0xD1, 0x06, 0xBD, 0xD7, 0x11,
    0x38, 0xE9, 0x4D, 0x7C, 0x4A, 0xA0, 0x1B, 0x08, 0xC4, 0xCF, 0x13, 0x30, 0xAC, 0xAE, 0x02, 0x81,
    0x86, 0x04, 0x22, 0x21, 0x80, 0x40, 0x40, 0x0C, 0x32, 0x14, 0x09, 0x13, 0x92, 0x23, 0x06, 0xA0,
    0xBC, 0x21, 0xAF, 0x82, 0x21, 0xE9, 0xCE, 0x12, 0xFA, 0xC1, 0xB6, 0xFD, 0xFA, 0x55, 0xA5, 0xFA,
    0x44, 0x62, 0x79, 0x4F, 0xEA, 0xCE, 0xC6, 0xB2, 0x73, 0xA2, 0xCF, 0xEB, 0x41, 0x2E, 0xCD, 0x67,
    0xC6, 0x98, 0xA9, 0x68, 0x4A, 0x3B, 0x3C, 0x6D, 0xA4, 0xF2, 0xC7, 0x58, 0xFA, 0x3E, 0xE9, 0x6F,
    0xCD, 0xB4, 0xDC, 0x60, 0x14, 0x29, 0xE0, 0x60, 0xCC, 0xD2, 0x8D, 0x37, 0xD6, 0xD6, 0x8D, 0xE7,
    0xF2, 0x5D, 0xE2, 0xF2, 0x72, 0xC8, 0xAE, 0x56, 0xF8, 0x7B, 0x78, 0x0E, 0xE0, 0x2E, 0xF3, 0x45,
    0x8E, 0x4D, 0x14, 0xB6, 0x1C, 0xD9, 0xC9, 0xBA, 0xD0, 0xF2, 0x58, 0xF9, 0x2E, 0xAB, 0x7F, 0x5C,
    0x84, 0xCB, 0x5D, 0xD8, 0x61, 0xE4, 0xC7, 0xFF, 0x47, 0x21, 0x61, 0x5E, 0xFF, 0x5D, 0xCA, 0x2C,
    0x54, 0x23, 0xE2, 0x99, 0x62, 0x6F, 0xF4, 0xCF, 0x2A, 0x4C, 0xD8, 0x8A, 0x8F, 0xF8, 0xBB, 0x4A,
    0xD0, 0xFC, 0xB0, 0x34, 0xD1, 0xD7, 0x8D, 0xAA, 0x5B, 0x7D, 0x82, 0x7A, 0x5B, 0xD0, 0xB8, 0x3F,
    0x96, 0xBC, 0x8F, 0x33, 0xEB, 0x2A, 0x00, 0x5F, 0xE7, 0x39, 0xC4, 0xE3, 0xA2, 0x12, 0x3F, 0x88,
    0x2C, 0x72, 0xB6, 0x29, 0xFD, 0x8A, 0x73, 0xB8, 0x62, 0x82, 0xCF, 0xAE, 0x14, 0x31, 0x65, 0xA5,
    0xB8, 0x94, 0x98, 0x42, 0x87, 0xA0, 0x8B, 0x80, 0x8E, 0xCB, 0xB8, 0x44, 0x6C, 0x33, 0xA9, 0x27,
    0x05, 0x73, 0x3B, 0xCE, 0xF7, 0xE9, 0xF2, 0x84, 0x4E, 0xE7, 0x4B, 0x26, 0xD9, 0x6F, 0xE8, 0x12,
    0x27, 0xE9, 0x8E, 0xC4, 0x15, 0xE2, 0x72, 0x71, 0x59, 0x49, 0xA7, 0xAB, 0x97, 0xB8, 0xF0, 0x35,
    0xC4, 0x4D, 0x07, 0x28, 0x0E, 0xAA, 0x85, 0x8B, 0xE6, 0xCD, 0x90, 0x39, 0xD4, 0x00, 0x81, 0x38,
    0x71, 0xC4, 0x10, 0xFF, 0x8F, 0xB8, 0xFF, 0x25, 0x90, 0xF8, 0x8F, 0x46, 0xCE, 0x10, 0x2D, 0x7F,
    0x6A, 0x91, 0xFA, 0x27, 0xD4, 0xB8, 0x9E, 0x5B, 0x56, 0x4E, 0x2D, 0x31, 0x24, 0x96, 0xC9, 0x82,
    0x63, 0x88, 0x3B, 0xEB, 0xC2, 0x87, 0x85, 0xB8, 0x10, 0x1C, 0xAE, 0xA5, 0xFE, 0xB1, 0xA4, 0xAA,
    0x2C, 0xB4, 0xEF, 0x4B, 0x3A, 0xDF, 0x12, 0xE1, 0x4E, 0x4F, 0x87, 0xA2, 0xA2, 0xD3, 0x35, 0x5D,
    0x62, 0xE9, 0x62, 0x71, 0x51, 0x4B, 0x07, 0x17, 0x9C, 0xF7, 0x76, 0x74, 0xEB, 0xB3, 0xF0, 0x35,
    0xC4, 0x25, 0x8D, 0xDC, 0x35, 0x74, 0xF3, 0x52, 0x57, 0xBB, 0xFD, 0x98, 0xD9, 0xF7, 0x03, 0xAD,
    0x60, 0x85, 0xF7, 0xC1, 0xC6, 0x77, 0x21, 0x24, 0x7C, 0x04, 0x97, 0x00, 0x14, 0x32, 0x5D, 0x30,
    0x91, 0xE1, 0xD4, 0xE4, 0x4C, 0x58, 0x48, 0x8C, 0xC4, 0xA6, 0xFE, 0x11, 0xEF, 0xFE, 0x73, 0x68,
    0x94, 0xEF, 0xB8, 0xD7, 0x6D, 0xEA, 0xB9, 0xDD, 0xBA, 0xDB, 0x9B, 0x9B, 0x03, 0xC3, 0xFD, 0xC2,
    0x4F, 0x6E, 0x7D, 0x11, 0x43, 0x3A, 0x9C, 0xE4, 0x0B, 0xC3, 0xD4, 0x70, 0x70, 0x7B, 0x64, 0xF5,
    0xBC, 0x9C, 0x22, 0x35, 0x33, 0x24, 0x35, 0x91, 0x34, 0x6C, 0x59, 0xB0, 0x17, 0x4D, 0x6A, 0x76,
    0xFC, 0xE7, 0x46, 0x79, 0x6F, 0x30, 0x7F, 0x8C, 0xBF, 0xC2, 0x7B, 0xFA, 0x16, 0xF1, 0xD6, 0x11,
    0x5B, 0x7C, 0x19, 0x20, 0x35, 0xBE, 0x8B, 0xB4, 0x22, 0x0C, 0xCF, 0xA3, 0x65, 0xFD, 0x86, 0x40,
    0xFF, 0x6C, 0x00, 0xBA, 0x4F, 0xEE, 0x37, 0x64, 0x30, 0xC5, 0x9F, 0x0E, 0xFD, 0x9B, 0xA9, 0x79,
    0x1D, 0x32, 0xEF, 0x08, 0xCF, 0xCD, 0xF5, 0x86, 0x40, 0xDF, 0xB8, 0xC9, 0xF7, 0x11, 0x37, 0x48,
    0x0C, 0x4B, 0x23, 0xAD, 0xA1, 0x7A, 0xC4, 0xAB, 0x37, 0x6E, 0xB4, 0x34, 0x77, 0x8F, 0x27, 0x2D,
    0x10, 0xC9, 0x64, 0xCB, 0x93, 0xE7, 0x58, 0x56, 0x92, 0xFA, 0x6D, 0xBC, 0x9D, 0xDD, 0x6A, 0xD5,
    0xEF, 0xC3, 0x10, 0x3C, 0xBC, 0x1C, 0x79, 0x75, 0x99, 0x43, 0x11, 0x61, 0xF4, 0x35, 0xEB, 0x2D,
    0x59, 0xAA, 0xA8, 0x2E, 0x6F, 0x16, 0x20, 0x8A, 0xC4, 0x9E, 0x4E, 0xFD, 0x07, 0x53, 0x67, 0xB1,
    0x15, 0x12, 0x1F, 0x6F, 0x76, 0x71, 0xC7, 0x3F, 0x06, 0x79, 0xFB, 0x2A, 0xE9, 0xCB, 0x7D, 0xE8,
    0x46, 0x52, 0x54, 0x63, 0xAE, 0x90, 0x34, 0x64, 0x0F, 0x65, 0x04, 0xB4, 0x38, 0xED, 0x4D, 0x70,
    0x3C, 0x4B, 0xCD, 0x42, 0xDC, 0x81, 0xB8, 0x42, 0x5C, 0x5E, 0xD2, 0x31, 0x4B, 0x6A, 0x98, 0xEF,
    0x47, 0x86, 0x24, 0x09, 0x25, 0x95, 0x1A, 0xDF, 0xA1, 0xB4, 0x05, 0x41, 0x78, 0x8B, 0xD8, 0x76,
    0x48, 0xAB, 0xFC, 0x04, 0x43, 0xB4, 0x3C, 0xB4, 0x8C, 0xB1, 0x79, 0x3D, 0xB7, 0x05, 0xB4, 0x3D,
    0x40, 0xC2, 0x08, 0xB1, 0xD8, 0xBA, 0x0D, 0x93, 0xB3, 0x23, 0x5A, 0x81, 0x34, 0xC4, 0xA6, 0xFE,
    0x89, 0x8D, 0x96, 0x3F, 0x95, 0x46, 0xD1, 0x12, 0x31, 0xE2, 0x4F, 0xEB, 0x69, 0x39, 0x37, 0x85,
    0xF7, 0xE4, 0x76, 0x0C, 0xBC, 0x8B, 0x4F, 0x38, 0xBB, 0xB7, 0xF8, 0x51, 0xFB, 0x9A, 0x91, 0x3D,
    0x2E, 0x4E, 0xFF, 0xAD, 0xDB, 0xE5, 0x05, 0xE9, 0x2B, 0x5C, 0x43, 0x52, 0xED, 0xB1, 0x19, 0x2E,
    0xB4, 0xF5, 0x22, 0xD4, 0x17, 0x27, 0xD4, 0xF7, 0xCF, 0x47, 0x1D, 0x37, 0xA4, 0xC4, 0x14, 0xEB,
    0x7F, 0xC0, 0x1B, 0x76, 0x3E, 0x15, 0xEA, 0xE9, 0xB6, 0x9D, 0x4F, 0xD9, 0x79, 0x5D, 0x0D, 0xCF,
    0x8D, 0x75, 0xA5, 0x5D, 0xFF, 0xC6, 0xC6, 0x7A, 0x58, 0x13, 0x71, 0x7B, 0xE2, 0xEE, 0x88, 0xBB,
    0x27, 0x4E, 0x6A, 0x26, 0x1C, 0x78, 0xC5, 0xBA, 0x9A, 0xD4, 0x33, 0xBE, 0xE7, 0xDF, 0x10, 0xFD,
    0x58, 0x6A, 0xF2, 0x53, 0x41, 0x32, 0x8B, 0x29, 0xE2, 0x26, 0xAD, 0xD6, 0x75, 0xC9, 0x36, 0x7F,
    0x9D, 0xF9, 0x71, 0xAD, 0x6E, 0xDF, 0x9E, 0x9F, 0x27, 0x3E, 0x12, 0x1D, 0x93, 0x9E, 0x4E, 0x7F,
    0xCA, 0x42, 0x53, 0x41, 0xF4, 0x31, 0x3E, 0x3A, 0xD3, 0x6E, 0xF7, 0x6A, 0xB7, 0x4F, 0xD4, 0x4F,
    0x3C, 0x53, 0xF8, 0x7A, 0x5E, 0xA2, 0x97, 0x81, 0xE9, 0xA0, 0x0D, 0x5D, 0x6A, 0x64, 0xF2, 0xB6,
    0x73, 0x02, 0xC0, 0xE1, 0x79, 0x1F, 0x58, 0xD9, 0xC1, 0xBF, 0x20, 0x86, 0xC7, 0x27, 0xFE, 0x25,
    0x19, 0xCE, 0xE3, 0x09, 0x22, 0x98, 0xF7, 0x5D, 0xB0, 0xF5, 0x7B, 0xFA, 0xB9, 0xAF, 0xD2, 0x2F,
    0x7D, 0x9B, 0xAE, 0xE2, 0x2E, 0xB5, 0x38, 0x4A, 0x1B, 0x4C, 0xD3, 0x9A, 0x66, 0xCE, 0x69, 0xCD,
    0xB5, 0x62, 0x75, 0xE3, 0xFD, 0x79, 0xF7, 0x89, 0x6A, 0x06, 0x51, 0xB5, 0xE7, 0x3C, 0x34, 0x32,
    0xCB, 0x5B, 0x6E, 0xDE, 0x92, 0xBB, 0xEE, 0x5A, 0xEE, 0x57, 0x7B, 0xBB, 0xED, 0xD8, 0xA3, 0xE9,
    0x96, 0x5B, 0x28, 0x1A, 0xEE, 0xE1, 0x36, 0x87, 0x6F, 0xD9, 0x8B, 0x04, 0xDB, 0x6E, 0xDE, 0xE2,
    0xDD, 0xCD, 0x54, 0xDB, 0x66, 0xF8, 0x04, 0xCD, 0x3F, 0xA9, 0x3A, 0xF7, 0x95, 0x5A, 0x8D, 0x54,
    0x0A, 0x6F, 0xF8, 0x1A, 0x5B, 0x6C, 0xBB, 0x79, 0x8B, 0x77, 0x9B, 0xC4, 0xB4, 0x69, 0x35, 0xF7,
    0xC8, 0x1C, 0x2E, 0x06, 0xC9, 0xFB, 0x65, 0x9F, 0x9A, 0xD7, 0xFD, 0x96, 0x3D, 0x99, 0x3F, 0x88,
    0x1B, 0x25, 0x6F, 0xB5, 0xF2, 0xB1, 0x07, 0xAE, 0x23, 0xA7, 0x0D, 0x2B, 0x7F, 0xCD, 0xEF, 0x1A,
    0xF6, 0xD8, 0x4D, 0x87, 0x0E, 0x4B, 0x53, 0x50, 0x3C, 0x55, 0xA5, 0x46, 0x55, 0xEB, 0x7E, 0x9C,
    0x17, 0x81, 0x7B, 0x66, 0x79, 0x1F, 0xDB, 0x65, 0x1F, 0xDB, 0xD4, 0xBC, 0xB9, 0x49, 0x1E, 0xC9,
    0x07, 0x11, 0x57, 0x84, 0x01, 0x47, 0x5E, 0xF9, 0x0A, 0xAA, 0x0F, 0x28, 0xEF, 0x47, 0x8D, 0x8B,
    0x2D, 0x3D, 0xD6, 0x8B, 0xAF, 0x5B, 0xED, 0xD3, 0xDE, 0x25, 0x16, 0x69, 0x13, 0x7B, 0x13, 0x31,
    0xF5, 0x5F, 0x03, 0xCB, 0x32, 0x7E, 0x6A, 0xD4, 0xE7, 0xF6, 0x3A, 0x66, 0x17, 0x1C, 0xF0, 0xE7,
    0xF7, 0x01, 0xA2, 0x0E, 0xBE, 0x85, 0xAF, 0x43, 0xC2, 0xCF, 0x10, 0xAF, 0x90, 0x7E, 0x85, 0x2C,
    0x35, 0xB3, 0xC8, 0xAE, 0x09, 0x5C, 0x7C, 0x7F, 0xC0, 0xCC, 0x16, 0x54, 0xC7, 0x21, 0x6E, 0x1D,
    0x54, 0xE3, 0x90, 0x55, 0x0E, 0xF3, 0xD0, 0x62, 0x47, 0x7E, 0x4E, 0x1B, 0xB8, 0x82, 0xA1, 0x47,
    0xC0, 0x93, 0x8E, 0x4D, 0x26, 0x55, 0x3F, 0x2F, 0xD1, 0xC9, 0xB9, 0xE2, 0xF7, 0xD8, 0x31, 0x76,
    0x45, 0x2B, 0x30, 0xDC, 0x4D, 0x6B, 0x47, 0x61, 0x98, 0xBD, 0x3B, 0x51, 0x58, 0x73, 0x42, 0x74,
    0x09, 0x64, 0xFC, 0x7F, 0x83, 0xF6, 0x7E, 0xA8, 0xFE, 0x12, 0x2B, 0x86, 0xDA, 0x71, 0x0B, 0xC7,
    0xCE, 0xB9, 0xBC, 0x84, 0x3B, 0x00, 0x1E, 0xF3, 0xA3, 0x17, 0x5B, 0x01, 0x2B, 0xC1, 0x13, 0xEA,
    0x37, 0x43, 0x9C, 0xC4, 0x8F, 0xF5, 0x4F, 0x6A, 0x4E, 0x68, 0xD2, 0x86, 0x07, 0x34, 0x0A, 0x15,
    0xD5, 0x1B, 0xB9, 0x85, 0x57, 0xC8, 0x4D, 0xDE, 0x77, 0x79, 0x4E, 0xA4, 0x4F, 0xC7, 0xDC, 0xFD,
    0x66, 0xEE, 0x64, 0x9D, 0xFB, 0x2E, 0x2D, 0x2F, 0xA3, 0x9F, 0x43, 0x5A, 0x8E, 0xD4, 0x0C, 0x54,
    0xF6, 0x70, 0xBA, 0xA6, 0x97, 0x64, 0xC5, 0xED, 0xDB, 0x28, 0xBC, 0xAF, 0xC4, 0xE2, 0x56, 0x35,
    0xBA, 0xBA, 0x89, 0xEF, 0x8F, 0x15, 0xCE, 0xFF, 0xBB, 0xD8, 0x38, 0xAC, 0x6E, 0xFF, 0xD0, 0xFB,
    0xDE, 0x4B, 0x8B, 0xD7, 0x9C, 0x26, 0x41, 0xC4, 0xFB, 0x40, 0xB3, 0x55, 0x7D, 0x59, 0x19, 0x72,
    0x5E, 0xDF, 0xC3, 0x3D, 0xA6, 0x9E, 0x38, 0xEC, 0x39, 0xDC, 0x71, 0xB8, 0xEF, 0xD0, 0x6C, 0x8B,
    0xC6, 0x4D, 0xDC, 0xCC, 0x3D, 0x70, 0xD6, 0x35, 0x32, 0x6A, 0xAF, 0xFB, 0xBD, 0x7C, 0xC7, 0xB5,
    0x4B, 0x1A, 0xF1, 0xAF, 0x28, 0xF5, 0x7C, 0xC2, 0xFB, 0xCE, 0xD1, 0x5E, 0x50, 0x28, 0x69, 0xF0,
    0x0A, 0xFB, 0x13, 0x24, 0x7F, 0xB0, 0x48, 0x9E, 0xD2, 0x7C, 0x09, 0xC5, 0x22, 0x45, 0x33, 0xD8,
    0xF7, 0x9E, 0x8D, 0x7D, 0x74, 0xFB, 0x07, 0x89, 0xF7, 0x2E, 0x58, 0x83, 0x17, 0xEF, 0x3F, 0x30,
    0x8D, 0x6C, 0x26, 0xCA, 0x1B, 0x49, 0xF3, 0xBD, 0x97, 0x44, 0x02, 0x7F, 0x29, 0xE2, 0x17, 0xE2,
    0x16, 0xB4, 0x88, 0xF3, 0x8A, 0xC4, 0x6C, 0x4C, 0x2A, 0xD8, 0x5E, 0x5D, 0x11, 0x14, 0x9D, 0x11,
    0x57, 0xD3, 0x11, 0xA7, 0xAE, 0x9C, 0x13, 0x77, 0x24, 0xAE, 0x10, 0x97, 0x55, 0x74, 0xA9, 0xA1,
    0x4B, 0x38, 0x87, 0x2E, 0x6E, 0xE9, 0xD0, 0x89, 0xBB, 0x2B, 0x2E, 0x17, 0xA7, 0xBF, 0xA0, 0x53,
    0x5F, 0xD2, 0x25, 0x9E, 0x0E, 0xC1, 0x2D, 0xC5, 0x15, 0x15, 0xA2, 0xCF, 0x58, 0x9B, 0x00, 0x52,
    0xD6, 0xD7, 0xAC, 0xBC, 0x77, 0x0A, 0xC2, 0xEE, 0xB7, 0xF8, 0x3F, 0x4E, 0x9A, 0xAF, 0xE7, 0x65,
    0xCF, 0x62, 0x1D, 0xB4, 0xE9, 0x18, 0xE8, 0xCE, 0x69, 0xDF, 0x1C, 0x89, 0xD3, 0x15, 0xB4, 0x8C,
    0x45, 0xE3, 0xA4, 0x5E, 0xAB, 0xAA, 0x2E, 0x81, 0xCB, 0x49, 0x81, 0x6C, 0xB4, 0x1B, 0xA3, 0x56,
    0xFF, 0x48, 0x3B, 0x8C, 0x08, 0xC1, 0xE9, 0x12, 0x98, 0x4E, 0xF9, 0xAA, 0x9D, 0x14, 0xB5, 0xDF,
    0x4A, 0x3F, 0x35, 0x66, 0x50, 0xBF, 0xB5, 0x88, 0x58, 0x07, 0x73, 0x56, 0xFE, 0xD3, 0xCB, 0xE9,
    0xA5, 0x16, 0x05, 0xB2, 0x6A, 0x24, 0x8F, 0x5C, 0xDC, 0x44, 0xDC, 0xDE, 0xDE, 0xEE, 0x0A, 0x77,
    0x26, 0x4B, 0x5F, 0x71, 0xE4, 0xB3, 0x9A, 0x10, 0x38, 0xE1, 0x85, 0x8C, 0x54, 0x81, 0xD8, 0x62,
    0xBA, 0xAD, 0x7B, 0x56, 0xA9, 0x86, 0xEE, 0x49, 0x50, 0xAA, 0x13, 0x77, 0x70, 0xA2, 0x94, 0x16,
    0x91, 0x54, 0x2D, 0x4A, 0x59, 0x51, 0xC5, 0x89, 0x3B, 0x12, 0x57, 0x04, 0x91, 0x3E, 0xA5, 0x4B,
    0xBF, 0x58, 0x8B, 0x14, 0x6D, 0x8A, 0xE4, 0x46, 0x2A, 0x3A, 0xF0, 0x61, 0xDB, 0x82, 0x52, 0xC5,
    0x4A, 0x5C, 0x7B, 0x39, 0x7A, 0xE1, 0x8C, 0x51, 0xBD, 0x88, 0x15, 0x13, 0xCF, 0x89, 0x74, 0xE3,
    0x48, 0x14, 0xDE, 0x8E, 0xEE, 0x74, 0xED, 0xFA, 0x43, 0xB6, 0xD3, 0x77, 0x50, 0x8F, 0xA3, 0x65,
    0xA9, 0x39, 0x25, 0x26, 0x2F, 0x91, 0x34, 0x9C, 0xAA, 0xD8, 0x2E, 0x18, 0xD0, 0x8A, 0xA3, 0x12,
    0x40, 0x27, 0x79, 0x16, 0xA7, 0x2E, 0x9C, 0x85, 0xAF, 0x33, 0x89, 0x0B, 0x37, 0x78, 0x57, 0x35,
    0xCC, 0x92, 0x99, 0x90, 0x2F, 0x64, 0x1E, 0x6A, 0x70, 0x25, 0xDE, 0x07, 0x3B, 0x59, 0xCB, 0x63,
    0x28, 0xBE, 0x67, 0xF5, 0xBE, 0x29, 0x78, 0xEF, 0x20, 0x94, 0x8C, 0x5A, 0x5E, 0xE1, 0x90, 0x0E,
    0x26, 0xFF, 0xE5, 0x4C, 0xBE, 0x49, 0x8C, 0xC4, 0xCA, 0x1D, 0xCC, 0x8F, 0x81, 0xF7, 0x71, 0x0F,
    0xB8, 0x11, 0x37, 0xA4, 0x2B, 0xC3, 0x17, 0xF7, 0xF8, 0x36, 0xA8, 0x25, 0xA5, 0x46, 0x52, 0xFF,
    0x03, 0x1B, 0xCE, 0x83, 0x79, 0x73, 0x79, 0xF4, 0xD4, 0x6F, 0x18, 0xA2, 0x7F, 0xC9, 0x7E, 0x65,
    0x8A, 0xF4, 0xF6, 0x34, 0xE7, 0xE6, 0xFE, 0x3B, 0xDF, 0x0A, 0x47, 0x1C, 0x71, 0x68, 0x5D, 0x11,
    0x92, 0x2A, 0x63, 0xA1, 0xE3, 0xFA, 0xF2, 0x78, 0xEE, 0x7A, 0xEF, 0xFB, 0xC8, 0x8B, 0x57, 0x8F,
    0xC1, 0x50, 0x22, 0x20, 0xB0, 0xA2, 0x14, 0x4F, 0x5C, 0x8B, 0xB3, 0xBB, 0x0B, 0x9E, 0x59, 0x97,
    0xBE, 0x3B, 0xF1, 0x27, 0xE7, 0xC3, 0x9E, 0xE1, 0xF4, 0x6E, 0x1E, 0xF2, 0x0C, 0x39, 0x87, 0xFC,
    0x08, 0xB5, 0x86, 0xBA, 0x58, 0x36, 0x91, 0xAF, 0x48, 0x60, 0xA5, 0xBD, 0x23, 0x87, 0xF9, 0xFC,
    0xD6, 0x11, 0x0A, 0xE8, 0x0E, 0x39, 0xB3, 0x24, 0x2D, 0x74, 0xB9, 0x40, 0x42, 0xC6, 0x95, 0x93,
    0xE1, 0xF5, 0x7C, 0xC4, 0xE3, 0xC3, 0x8A, 0x78, 0xC3, 0x63, 0x21, 0x91, 0x52, 0x36, 0x11, 0x6D,
    0x79, 0x7D, 0xC5, 0x07, 0x93, 0xED, 0x1F, 0xEE, 0x4A, 0xEA, 0x54, 0xA8, 0xB2, 0xD0, 0x92, 0x5F,
    0xA3, 0x9F, 0x83, 0x0D, 0x22, 0x20, 0xB6, 0x34, 0x67, 0xD4, 0xDE, 0xA9, 0x90, 0x9E, 0x4A, 0x7B,
    0xBF, 0x82, 0x8B, 0x96, 0x4C, 0x9C, 0xB1, 0x86, 0x36, 0x0E, 0xE9, 0x68, 0xF2, 0x3F, 0x2B, 0x1D,
    0x96, 0x8C, 0x71, 0xB4, 0x1A, 0x4E, 0x35, 0x70, 0xAC, 0xEF, 0xC2, 0xEF, 0x88, 0x56, 0x60, 0x88,
    0x91, 0x58, 0xD5, 0x38, 0x41, 0xF5, 0x9D, 0x52, 0x14, 0x38, 0x60, 0x8B, 0x39, 0xA5, 0x63, 0x21,
    0x9B, 0x9B, 0x47, 0xDE, 0x3C, 0x6D, 0x40, 0x58, 0xAB, 0xA0, 0x9C, 0x7B, 0xE5, 0xBE, 0x12, 0x60,
    0xEB, 0x25, 0x63, 0x9D, 0xF1, 0x79, 0x73, 0x14, 0xE3, 0x3D, 0x3E, 0x52, 0x3B, 0x99, 0xDB, 0x29,
    0xAF, 0x19, 0x19, 0x83, 0x22, 0xB4, 0xF2, 0x15, 0x7B, 0x58, 0x79, 0xC8, 0x31, 0x01, 0xEE, 0x00,
    0xF7, 0x80, 0xBF, 0xC0, 0xDB, 0xD0, 0xB7, 0xC8, 0xFA, 0xF7, 0x35, 0x22, 0xCF, 0x22, 0x77, 0xAF,
    0x56, 0xE9, 0xEF, 0xE3, 0xE3, 0x9B, 0xB1, 0xD5, 0xBF, 0x36, 0x89, 0x0F, 0x92, 0x86, 0xB5, 0x3D,
    0x93, 0x39, 0xC2, 0x6D, 0x19, 0x2B, 0xC5, 0x11, 0x79, 0xEB, 0x14, 0x34, 0xE6, 0x7D, 0xA9, 0x88,
    0x46, 0x37, 0xBB, 0x46, 0x26, 0x67, 0x3A, 0x5A, 0x21, 0xDC, 0x2B, 0x0A, 0x49, 0x4D, 0x13, 0xCE,
    0x32, 0x96, 0xBC, 0xBF, 0x23, 0x8C, 0x73, 0x36, 0x5C, 0x31, 0x11, 0xE7, 0x37, 0x24, 0x94, 0xA7,
    0x6A, 0x7E, 0x51, 0xEE, 0x9B, 0x25, 0x27, 0x72, 0xD7, 0x1F, 0x03, 0x69, 0xCD, 0xD1, 0x16, 0xE9,
    0x66, 0x1C, 0x8B, 0xB1, 0xCE, 0x8E, 0x3F, 0x2C, 0x7C, 0xFB, 0xF0, 0xD6, 0xBD, 0x2E, 0x40, 0x79,
    0xC8, 0x12, 0x35, 0xD2, 0x5E, 0x46, 0x18, 0xAA, 0x0D, 0x67, 0x0B, 0xFA, 0x63, 0xE5, 0xBC, 0x6F,
    0xF2, 0xBE, 0x84, 0x66, 0x9D, 0x82, 0xB7, 0x17, 0x1D, 0xE2, 0x26, 0x47, 0x5C, 0xEE, 0x94, 0x57,
    0x0A, 0xBA, 0x43, 0xD2, 0x23, 0xFD, 0xB2, 0xCC, 0x94, 0xD9, 0x8B, 0xEC, 0x05, 0x41, 0x5F, 0x05,
    0xB0, 0x77, 0x24, 0x09, 0x43, 0xD3, 0x66, 0xEC, 0x20, 0x8D, 0xE3, 0x03, 0x5E, 0x0F, 0xF8, 0xDC,
    0xCB, 0xF1, 0x2D, 0x42, 0x0B, 0x16, 0x8F, 0x76, 0xD6, 0xF8, 0x38, 0xC2, 0x0E, 0xD8, 0x87, 0xF4,
    0x27, 0xAB, 0x38, 0x54, 0x09, 0xA7, 0xCC, 0xE8, 0x32, 0x6A, 0x0F, 0x38, 0xCB, 0xBC, 0x91, 0xB1,
    0xC8, 0x86, 0xD0, 0x57, 0x41, 0x88, 0xEA, 0x66, 0xAA, 0xA6, 0xD2, 0xD4, 0xFB, 0x64, 0xA6, 0xB7,
    0x55, 0xDA, 0x8F, 0x0B, 0x29, 0xE7, 0xF9, 0xB2, 0x2C, 0x21, 0x91, 0x54, 0x94, 0x66, 0xC1, 0x80,
    0x8C, 0xF6, 0x37, 0x2E, 0x40, 0x89, 0x2A, 0xEA, 0x24, 0x9B, 0x71, 0x73, 0x6F, 0xBC, 0x37, 0x69,
    0xF8, 0xFF, 0x8A, 0xAD, 0x6C, 0x99, 0x78, 0x83, 0x65, 0x85, 0xF7, 0x80, 0x5F, 0x50, 0xDA, 0x4A,
    0x4E, 0x33, 0x43, 0xBD, 0x92, 0x15, 0xE7, 0x99, 0x3F, 0x9B, 0x95, 0x58, 0x2C, 0x86, 0x39, 0x97,
    0x79, 0x1F, 0xD7, 0x95, 0x90, 0x83, 0xA6, 0xD3, 0x64, 0xA7, 0x11, 0x9B, 0xEB, 0xA4, 0xF2, 0x2E,
    0x14, 0x4F, 0xF6, 0x09, 0x91, 0x6C, 0xB6, 0x4A, 0xA5, 0xDA, 0x12, 0x42, 0x4D, 0xB8, 0x9D, 0x07,
    0xAB, 0x66, 0x01, 0xBD, 0x45, 0x91, 0xA8, 0x94, 0x56, 0xA8, 0x4A, 0xA6, 0x74, 0x10, 0x5B, 0x87,
    0xFF, 0xC3, 0xF6, 0xBE, 0xE2, 0xDE, 0x3C, 0x21, 0xB3, 0xB4, 0x59, 0x8B, 0x2D, 0xEB, 0x61, 0x64,
    0x62, 0xFF, 0x3B, 0x93, 0xFC, 0x92, 0x52, 0x97, 0x77, 0x4F, 0x74, 0x65, 0x2B, 0xF3, 0x8B, 0x1A,
    0x47, 0xA1, 0x38, 0x00, 0x0E, 0x38, 0xF9, 0x5D, 0x76, 0xBC, 0xDB, 0x2A, 0xEF, 0x6B, 0xEC, 0x3F,
    0x86, 0x7A, 0x7C, 0x9D, 0xFC, 0x56, 0x78, 0x67, 0xB7, 0xDD, 0xA8, 0x93, 0x9A, 0xF3, 0x99, 0x36,
    0x1D, 0x6D, 0x81, 0xDC, 0xCC, 0x6F, 0x79, 0x93, 0xFB, 0xFF, 0x36, 0xAA, 0xFF, 0xD0, 0x8C, 0x43,
    0x30, 0x34, 0xE6, 0x0A, 0xB1, 0xCB, 0xD2, 0xBE, 0x0B, 0x76, 0x19, 0xD8, 0x77, 0xFA, 0x0F, 0x4C,
    0x64, 0x54, 0x89, 0x36, 0xE3, 0x6C, 0xAC, 0x38, 0xF2, 0xED, 0x95, 0x6A, 0x9F, 0x62, 0x0F, 0x69,
    0xF5, 0x80, 0xB3, 0x68, 0xB1, 0x6E, 0xFD, 0xA5, 0xE8, 0x9F, 0x36, 0xC0, 0xE4, 0x0E, 0xB0, 0xB7,
    0x37, 0x98, 0xB6, 0xD8, 0x5C, 0x57, 0xD2, 0x8B, 0x79, 0x89, 0xE8, 0x3F, 0x1B, 0x24, 0xC6, 0x06,
    0x8B, 0x7F, 0xD3, 0x5C, 0x2E, 0xA7, 0x42, 0x1B, 0x1C, 0x64, 0x25, 0xDC, 0x14, 0x51, 0x33, 0x43,
    0x52, 0xD9, 0x2B, 0xE5, 0x13, 0xB9, 0x03, 0xC4, 0xB6, 0x83, 0xFA, 0x37, 0x0B, 0xFD, 0x41, 0x8D,
    0x77, 0x38, 0x16, 0x97, 0xC5, 0xE5, 0xF2, 0xF1, 0x7A, 0x82, 0xBB, 0x49, 0x64, 0xEC, 0x35, 0x16,
    0xB4, 0x23, 0xDA, 0x9C, 0x0D, 0xC8, 0x9B, 0x37, 0xC3, 0xFB, 0x47, 0xB3, 0xE3, 0xFF, 0xC5, 0x70,
    0x80, 0x98, 0x65, 0x42, 0x9B, 0x8D, 0xF9, 0xE7, 0x3C, 0xCB, 0xCD, 0x28, 0xC7, 0xC7, 0xC1, 0x47,
    0x7D, 0x78, 0xA8, 0xAF, 0x82, 0x4E, 0xD9, 0x87, 0x35, 0x02, 0x9E, 0x16, 0xCF, 0x2C, 0x5E, 0x27,
    0x07, 0xAA, 0x1B, 0xAD, 0x10, 0xB5, 0x53, 0xC4, 0x3D, 0x75, 0xCE, 0x91, 0x78, 0x24, 0x36, 0x43,
    0xF2, 0x25, 0x92, 0x46, 0x97, 0xEA, 0x8B, 0x52, 0xD5, 0xBA, 0xD2, 0x3F, 0x31, 0x29, 0x7F, 0xFA,
    0x43, 0xA3, 0x8D, 0x32, 0x59, 0xC2, 0xA3, 0xA4, 0xCE, 0x93, 0x86, 0x71, 0xCD, 0x54, 0x6E, 0xC5,
    0x76, 0x22, 0x39, 0xA2, 0x76, 0x01, 0x47, 0x7C, 0xAD, 0xC3, 0x82, 0x10, 0x5D, 0x8B, 0x19, 0xCB,
    0x1C, 0x59, 0x4C, 0x28, 0xD9, 0x5D, 0x8B, 0x29, 0x51, 0x14, 0x0D, 0x32, 0x8E, 0x4C, 0x61, 0xA0,
    0x6D, 0x00, 0xAF, 0xA9, 0x4D, 0x56, 0x21, 0x15, 0xA0, 0x3B, 0x01, 0x74, 0x1E, 0x30, 0xCF, 0xC3,
    0x60, 0x39, 0x82, 0x64, 0x95, 0x9C, 0x3E, 0x2E, 0x77, 0x4E, 0xC1, 0x73, 0x0A, 0xDB, 0x03, 0x64,
    0x75, 0x64, 0xA7, 0x54, 0x57, 0x30, 0x4C, 0xAD, 0x00, 0x9A, 0x59, 0xA2, 0x2B, 0x17, 0x4E, 0x19,
    0x5D, 0xB5, 0x0B, 0x41, 0x6D, 0x67, 0xBA, 0x52, 0x9F, 0xDB, 0x89, 0x2E, 0x93, 0xDF, 0x35, 0x37,
    0x09, 0xF9, 0xBF, 0x4C, 0x46, 0xC4, 0x5F, 0x1B, 0x4D, 0xEE, 0x4F, 0x2B, 0x4D, 0x84, 0xBE, 0x54,
    0x2C, 0x43, 0xE6, 0x84, 0xF9, 0x10, 0x09, 0x51, 0xC6, 0x87, 0xAC, 0x92, 0x8A, 0x68, 0xB9, 0xE8,
    0x3C, 0x63, 0xFD, 0xA8, 0x51, 0xE6, 0xAC, 0x7E, 0x59, 0x39, 0x25, 0x11, 0xE4, 0xD2, 0x67, 0xE2,
    0x61, 0xEB, 0xEA, 0xD8, 0x52, 0xBE, 0xA4, 0xA1, 0x12, 0x29, 0x83, 0x3B, 0x5D, 0x71, 0x44, 0x04,
    0xBB, 0xCC, 0x0A, 0x32, 0xE1, 0xA2, 0x25, 0xA9, 0xB2, 0x81, 0xD5, 0xF9, 0x9C, 0x60, 0x11, 0xAD,
    0x0A, 0x5E, 0x5F, 0x10, 0x79, 0x93, 0x9E, 0xE0, 0x98, 0x0E, 0xE9, 0xBB, 0xAC, 0x84, 0xD3, 0x46,
    0x8A, 0x4A, 0xF5, 0x84, 0x7A, 0xA4, 0x7C, 0x13, 0x4C, 0xBA, 0x94, 0x3B, 0x98, 0x30, 0x72, 0xCA,
    0xCE, 0x64, 0x84, 0xAD, 0xC9, 0x32, 0x65, 0xBE, 0x44, 0x8C, 0x52, 0x4B, 0x3A, 0x01, 0x2A, 0x38,
    0x1F, 0x0E, 0x65, 0x0A, 0xE9, 0xC0, 0x8D, 0x98, 0x1F, 0xA6, 0x12, 0x11, 0xFE, 0x9D, 0x5D, 0x85,
    0xDC, 0x63, 0x59, 0x0E, 0x87, 0xE1, 0x4D, 0x02, 0xE5, 0x08, 0xD9, 0x30, 0x52, 0x11, 0xF3, 0x2F,
    0x24, 0xF9, 0x54, 0x49, 0x6B, 0xB5, 0xA4, 0xFF, 0x19, 0x1B, 0xAB, 0xBC, 0x30, 0x5A, 0xC9, 0x8C,
    0x76, 0xA1, 0xB5, 0xE7, 0x74, 0x3F, 0x1E, 0x2E, 0x48, 0x46, 0x81, 0x9A, 0x9D, 0x82, 0xF0, 0xDE,
    0x5B, 0x31, 0x7E, 0x60, 0x25, 0x29, 0x94, 0xB3, 0xCE, 0x5D, 0x84, 0xD1, 0x8E, 0xDB, 0x41, 0xBF,
    0xF5, 0xF1, 0x74, 0x38, 0x8E, 0xC6, 0xE3, 0x90, 0xAA, 0x0C, 0x44, 0xD8, 0xBE, 0x8D, 0x5C, 0x3B,
    0x87, 0x72, 0x85, 0x37, 0xD8, 0x32, 0x7B, 0x52, 0xA8, 0xE3, 0x06, 0x99, 0x11, 0x85, 0xAA, 0x45,
    0xAE, 0x22, 0x8C, 0x40, 0x2B, 0xB9, 0x98, 0x4A, 0x53, 0xE2, 0x70, 0x30, 0x46, 0xA6, 0xE5, 0xA0,
    0x69, 0x5A, 0x9E, 0x51, 0x6D, 0x2B, 0xC0, 0xC5, 0x08, 0xD8, 0x6D, 0x70, 0xAF, 0x5E, 0x00, 0xF8,
    0x4E, 0x28, 0x7C, 0x67, 0xB3, 0xCA, 0x8B, 0xD0, 0x1E, 0x88, 0x9C, 0x3C, 0x10, 0xB4, 0xA5, 0x1C,
    0x1C, 0xAD, 0x23, 0xDF, 0xC2, 0x0E, 0xC3, 0x26, 0x88, 0x1E, 0x11, 0xC1, 0x9C, 0x08, 0xF2, 0xEA,
    0x4A, 0x25, 0xFE, 0x08, 0x1F, 0x4D, 0x92, 0x46, 0x7F, 0x5A, 0x25, 0x7E, 0x1C, 0x85, 0x8B, 0x48,
    0xCC, 0xFC, 0x1E, 0x85, 0x97, 0x91, 0xED, 0xC2, 0xA4, 0x5C, 0x60, 0xFF, 0x3F, 0xC5, 0x57, 0xBF,
    0x8F, 0xDC, 0xD6, 0x11, 0x1E, 0x92, 0xD2, 0x31, 0x09, 0x11, 0xD3, 0x45, 0x10, 0x24, 0xB8, 0x38,
    0x6C, 0xDC, 0x04, 0xB0, 0xC4, 0xC6, 0x85, 0x8B, 0xDB, 0x25, 0x65, 0x15, 0x2A, 0xED, 0x22, 0x87,
    0x94, 0x76, 0xE1, 0x22, 0xA9, 0xB6, 0x95, 0x81, 0xDB, 0x5B, 0x02, 0x2A, 0x53, 0xE4, 0xE0, 0xFC,
    0x03, 0x29, 0x5C, 0xA4, 0x8B, 0x0A, 0x05, 0x88, 0x81, 0xBD, 0x5B, 0xDA, 0x29, 0x5D, 0x88, 0x31,
    0x62, 0xA4, 0x34, 0x11, 0x9C, 0xE1, 0x52, 0x04, 0x42, 0x29, 0x3C, 0x89, 0xBB, 0xCC, 0xF7, 0xCD,
    0x7B, 0xDC, 0x1F, 0xFA, 0xE5, 0x3B, 0xDD, 0x49, 0xD9, 0x5B, 0xBE, 0xE1, 0x2D, 0x1F, 0xDF, 0x9B,
    0x99, 0x37, 0xF3, 0xCD, 0x37, 0x22, 0x22, 0x7E, 0x21, 0xDB, 0xDD, 0x41, 0x90, 0x4B, 0xD7, 0xCD,
    0xC3, 0xDC, 0x3F, 0x71, 0x66, 0xA3, 0x34, 0x2C, 0x24, 0x9C, 0x4B, 0x2C, 0xE2, 0x55, 0x32, 0x14,
    0x71, 0x2B, 0x99, 0x62, 0x66, 0xA3, 0x63, 0x8B, 0x3F, 0x8E, 0x0D, 0xC6, 0xE9, 0xC6, 0x68, 0x7E,
    0x37, 0x33, 0xF7, 0x30, 0xD6, 0xF6, 0xDD, 0x38, 0x15, 0xAF, 0x14, 0xAE, 0x99, 0x0B, 0xD7, 0xC7,
    0xA3, 0xAE, 0xE3, 0x64, 0xEC, 0x2B, 0xFC, 0x6C, 0x65, 0x18, 0x82, 0x82, 0x43, 0x2E, 0xB3, 0xE3,
    0x30, 0xF3, 0xBB, 0x2E, 0x96, 0xA8, 0x18, 0xCD, 0x25, 0x11, 0xBF, 0x92, 0xB1, 0xD1, 0xC0, 0xA9,
    0xB9, 0x51, 0xB3, 0x36, 0xB4, 0x46, 0x29, 0x3C, 0xD0, 0x29, 0x98, 0x5C, 0xF2, 0x35, 0x6C, 0xD3,
    0x75, 0x58, 0x6D, 0x76, 0xAC, 0xCB, 0x63, 0x69, 0xCC, 0x8E, 0x83, 0x9C, 0x63, 0x98, 0x71, 0x9C,
    0xF0, 0xFD, 0x58, 0x8D, 0x88, 0x0F, 0x74, 0x94, 0x17, 0x1C, 0xA1, 0x42, 0x22, 0xD8, 0x9E, 0xDF,
    0x44, 0xFF, 0x8D, 0x8E, 0xB7, 0x6B, 0xA1, 0x06, 0x34, 0x68, 0xB4, 0x30, 0x2A, 0x38, 0x7F, 0xC2,
    0xE0, 0xD6, 0x1C, 0xAA, 0x46, 0x82, 0xBF, 0x97, 0x18, 0xBE, 0x81, 0x42, 0x41, 0x87, 0x75, 0x60,
    0x7A, 0x43, 0xD3, 0x9F, 0x33, 0xC0, 0x75, 0x2D, 0x87, 0xA9, 0xC4, 0xB9, 0x4C, 0xAE, 0x75, 0xB9,
    0xC4, 0xDD, 0x77, 0xB0, 0x73, 0x71, 0x23, 0x37, 0x1B, 0x5C, 0x96, 0x2D, 0x73, 0xE3, 0x17, 0x03,
    0xBB, 0xE5, 0xFD, 0xDA, 0xDC, 0xC8, 0xA4, 0xB4, 0x37, 0x71, 0x26, 0x4F, 0x7E, 0xBA, 0xEE, 0x98,
    0x43, 0x57, 0xE1, 0x4A, 0xF5, 0xA6, 0x91, 0x11, 0xDF, 0x08, 0xA0, 0xA4, 0xC7, 0xA3, 0x0D, 0xE9,
    0xB9, 0x43, 0xBE, 0x9F, 0x36, 0x6A, 0xA5, 0xEC, 0x5B, 0xEB, 0x4D, 0x1C, 0x44, 0x29, 0x4D, 0xC3,
    0x4D, 0x98, 0xF1, 0x04, 0xCC, 0x4D, 0x98, 0xDB, 0x1B, 0x1C, 0xBF, 0xB9, 0x19, 0x8A, 0xBD, 0xD1,
    0x63, 0xC3, 0x5B, 0x38, 0x37, 0xB3, 0x0E, 0xC2, 0x83, 0x37, 0x43, 0xDA, 0xCA, 0x9B, 0x96, 0x4B,
    0xE2, 0xC6, 0xAF, 0x75, 0xB7, 0xC6, 0x81, 0x05, 0x87, 0xAA, 0xAA, 0xD5, 0x70, 0xA9, 0xB3, 0x5A,
    0xF0, 0x21, 0xFE, 0xF8, 0x19, 0x78, 0xA5, 0x3E, 0x08, 0xFF, 0x90, 0xE9, 0x4C, 0x8F, 0xCE, 0x85,
    0x29, 0x0E, 0xB5, 0x54, 0x4B, 0xC4, 0x1A, 0x22, 0x6A, 0x07, 0xA2, 0x50, 0xB7, 0x37, 0x12, 0x5B,
    0x3A, 0x8D, 0x51, 0xD0, 0xAB, 0xAC, 0x31, 0x85, 0xB5, 0x25, 0x33, 0x32, 0xB1, 0x06, 0x4C, 0xAD,
    0xD5, 0xF5, 0x52, 0xFD, 0x5E, 0x7B, 0x55, 0x3E, 0xB4, 0xBA, 0x0F, 0xAC, 0xEA, 0xD3, 0xA5, 0xE6,
    0xAD, 0x55, 0xBC, 0x65, 0x1C, 0xF8, 0x59, 0xA4, 0xF1, 0xE0, 0xD4, 0x53, 0x95, 0x32, 0xA9, 0x8C,
    0x8C, 0x0B, 0x23, 0x2F, 0x8B, 0x91, 0x3C, 0xCC, 0xD9, 0x27, 0x55, 0xD8, 0x75, 0x79, 0xD0, 0x3D,
    0x54, 0x19, 0x17, 0x9C, 0x1C, 0xE5, 0x89, 0x04, 0x15, 0x4D, 0x39, 0x64, 0xAA, 0x62, 0x6C, 0x55,
    0x32, 0x33, 0xF0, 0x1E, 0x6E, 0x1B, 0x4A, 0xD5, 0x0B, 0x32, 0x4C, 0x8D, 0x1C, 0x8A, 0x99, 0x37,
    0x65, 0xD6, 0x7A, 0x95, 0xA3, 0x2B, 0x04, 0x15, 0x4F, 0x81, 0xEB, 0xF2, 0x10, 0x82, 0xEE, 0x44,
    0xF7, 0x71, 0x66, 0x99, 0x4A, 0xD8, 0xE5, 0x95, 0x2F, 0x65, 0x98, 0xEF, 0xFE, 0x9A, 0xC7, 0xB6,
    0xB0, 0x83, 0x88, 0x46, 0x03, 0x61, 0x89, 0xF6, 0xC1, 0xDD, 0x70, 0x1C, 0xD1, 0xA8, 0xFF, 0xB8,
    0x45, 0xFF, 0xAE, 0xDE, 0xE9, 0x51, 0xAE, 0x86, 0xF3, 0xEA, 0xB2, 0x4B, 0x35, 0x3A, 0x3B, 0xF4,
    0xBA, 0x6C, 0x0E, 0x0E, 0x90, 0x0C, 0xA1, 0x05, 0xD5, 0xBC, 0x05, 0xCE, 0xB7, 0x6C, 0x90, 0xD1,
    0x4E, 0xA9, 0x78, 0xA4, 0x5F, 0xFC, 0x7B, 0x96, 0xAF, 0x2C, 0xBF, 0x38, 0x91, 0xA0, 0x74, 0xE1,
    0xF3, 0x85, 0x2C, 0x18, 0x66, 0x61, 0x06, 0xD3, 0x55, 0xE4, 0x46, 0x14, 0x2A, 0x1E, 0x55, 0x2A,
    0x10, 0xAA, 0x2A, 0x0E, 0x8D, 0x48, 0x8C, 0x88, 0x32, 0x15, 0x41, 0xAE, 0xC2, 0x2B, 0x55, 0xB8,
    0xB5, 0x0A, 0x69, 0x8D, 0xD8, 0x37, 0x22, 0x36, 0x22, 0xBC, 0xAB, 0xC2, 0xFF, 0x46, 0x85, 0xD7,
    0xA9, 0x10, 0x2B, 0x66, 0x46, 0x24, 0x10, 0xEA, 0x7C, 0x2B, 0x98, 0x9D, 0xC4, 0x15, 0x1D, 0x13,
    0x73, 0x36, 0x71, 0xBD, 0x81, 0x2A, 0x41, 0xBA, 0x6E, 0x43, 0x90, 0xAA, 0x0D, 0x58, 0xB7, 0x50,
    0xF1, 0xB0, 0x52, 0xD1, 0xDB, 0x30, 0x36, 0x22, 0x36, 0x22, 0x7C, 0x9A, 0x0D, 0x8E, 0xB5, 0x61,
    0x6A, 0xC4, 0xF0, 0xDC, 0x36, 0x3C, 0x4D, 0x5C, 0x4A, 0xD4, 0xB0, 0xD0, 0x80, 0x76, 0xD8, 0x58,
    0x4B, 0x56, 0x13, 0xCC, 0xFD, 0xE6, 0xA7, 0x1A, 0xD5, 0x78, 0xFA, 0xA0, 0x5B, 0x08, 0x8F, 0x68,
    0x92, 0x86, 0xD9, 0x42, 0xED, 0x20, 0x5E, 0x73, 0xA4, 0x1D, 0xCD, 0x39, 0xC6, 0xD5, 0xEE, 0x4F,
    0x8C, 0x97, 0x26, 0xE9, 0x52, 0x5D, 0x6A, 0xAB, 0x40, 0x38, 0x60, 0x90, 0x02, 0x02, 0x35, 0x3E,
    0x85, 0xE0, 0xB7, 0xF1, 0x69, 0xFA, 0xDF, 0x3C, 0x9E, 0x9B, 0x77, 0x8F, 0x56, 0xDD, 0xE5, 0xFB,
    0xEF, 0xE1, 0x8D, 0xC8, 0x47, 0x58, 0x0F, 0x3D, 0x04, 0xF8, 0x80, 0xB8, 0x33, 0x75, 0x2A, 0x53,
    0x6B, 0x1D, 0x82, 0x85, 0x0B, 0x86, 0x00, 0xE7, 0xC2, 0x50, 0xFF, 0xEB, 0xDD, 0x91, 0xE2, 0x62,
    0x8A, 0x48, 0x08, 0xF3, 0x98, 0xE9, 0x3A, 0x64, 0x76, 0xEC, 0x11, 0xAF, 0xB0, 0x38, 0x4E, 0x2B,
    0xBD, 0x2A, 0x1E, 0x12, 0xD4, 0xF9, 0x2F, 0x96, 0x98, 0x61, 0xD5, 0x64, 0xE5, 0x3A, 0x07, 0x85,
    0x39, 0xC4, 0x5A, 0xE1, 0xFB, 0x13, 0x1B, 0x4C, 0xB4, 0x26, 0xCC, 0x9C, 0xBF, 0xE0, 0xC8, 0xBA,
    0x2E, 0x4B, 0xE0, 0xC3, 0xA9, 0x82, 0x2E, 0xAF, 0x08, 0x3E, 0x4C, 0xB2, 0xD9, 0xBB, 0xF8, 0xBD,
    0xFB, 0x32, 0x0B, 0x16, 0x7E, 0xF6, 0xA6, 0xFC, 0x2C, 0x76, 0xEA, 0xE0, 0xCB, 0xC2, 0x45, 0x70,
    0xF5, 0xC8, 0x10, 0x76, 0x55, 0xD0, 0x95, 0x06, 0xD3, 0xCE, 0xF4, 0xC5, 0x5B, 0x78, 0x17, 0xAE,
    0x83, 0xE3, 0xE0, 0x36, 0x38, 0x6D, 0xE5, 0xB2, 0xE6, 0x8C, 0xDF, 0x1D, 0x94, 0x04, 0x89, 0x6E,
    0xC0, 0x7F, 0xFE, 0x3D, 0x98, 0xE5, 0xEA, 0xC9, 0x7C, 0xB4, 0xE1, 0x7F, 0x25, 0x3D, 0xAC, 0x00,
    0xA4, 0x42, 0xCA, 0xB4, 0x72, 0x25, 0x48, 0xCA, 0x95, 0x58, 0x08, 0xB4, 0x1A, 0x34, 0x4A, 0xA6,
    0x94, 0x57, 0xAD, 0x06, 0xFD, 0x4D, 0x9F, 0x2A, 0xBD, 0xD2, 0x37, 0xF0, 0xAE, 0x5F, 0x62, 0x95,
    0x48, 0xA9, 0x5B, 0x6A, 0x6A, 0x0B, 0xF7, 0x08, 0xB2, 0x10, 0x8F, 0xC1, 0x4A, 0xE6, 0x50, 0x29,
    0x29, 0x0D, 0x98, 0xF6, 0x1F, 0x1C, 0x00, 0x29, 0x12, 0xB9, 0x12, 0x49, 0xD3, 0x58, 0xB7, 0x76,
    0xEA, 0x56, 0x53, 0xD2, 0x5C, 0xBC, 0xE7, 0x6F, 0x7C, 0xC6, 0x39, 0x9C, 0xAB, 0xB4, 0x6A, 0x72,
    0x2C, 0x6E, 0x19, 0x64, 0xD2, 0x60, 0xFF, 0x04, 0xB3, 0x42, 0x1C, 0xB0, 0x9B, 0xAD, 0xC7, 0x57,
    0xFC, 0xA2, 0x17, 0xC9, 0x14, 0xA9, 0x14, 0x89, 0x14, 0x69, 0x94, 0x92, 0xA8, 0xD1, 0x09, 0x0A,
    0xEA, 0x0E, 0x22, 0xAC, 0x46, 0x30, 0x95, 0xCC, 0x67, 0xC3, 0x41, 0x96, 0xFB, 0x91, 0xD8, 0x9D,
    0xE6, 0x0A, 0x73, 0xA6, 0x24, 0x19, 0x14, 0x09, 0x14, 0xF9, 0x93, 0xD2, 0x27, 0xDA, 0xA4, 0x74,
    0xD1, 0x7E, 0xEE, 0xFC, 0x12, 0x8B, 0xC6, 0x46, 0xBE, 0x44, 0x9B, 0x02, 0x1C, 0x54, 0xD0, 0xAD,
    0x92, 0xD3, 0xCF, 0x6E, 0x42, 0xCB, 0xA9, 0xCA, 0x8B, 0xB0, 0x6D, 0x6B, 0x71, 0x3D, 0x37, 0x8E,
    0x9A, 0x1A, 0x12, 0xE1, 0x67, 0xAF, 0xD4, 0x3E, 0x90, 0x29, 0xED, 0x1F, 0x48, 0x04, 0x95, 0x2A,
    0xBE, 0x89, 0x7F, 0xB3, 0x3B, 0xE2, 0x43, 0x5B, 0xCA, 0x8B, 0xB2, 0xD1, 0x49, 0x5D, 0x10, 0x49,
    0x80, 0xC8, 0x3E, 0x88, 0x5D, 0x54, 0x93, 0xB6, 0xBE, 0x52, 0x3B, 0xC3, 0x74, 0x2C, 0xDE, 0x3F,
    0x10, 0x9B, 0xE4, 0xFB, 0x8C, 0xCD, 0x9F, 0xBF, 0x1C, 0x3B, 0xB5, 0xBD, 0x4A, 0x2C, 0xF2, 0xBB,
    0xC5, 0x2B, 0xB5, 0x91, 0x64, 0x4C, 0x79, 0x28, 0xC1, 0xE7, 0x2A, 0x3B, 0xB6, 0x97, 0x63, 0x23,
    0x71, 0x6B, 0x82, 0x9C, 0xF8, 0x58, 0x9B, 0xC4, 0x28, 0xD3, 0x86, 0x50, 0x58, 0x8E, 0x94, 0x91,
    0xE9, 0x85, 0x1D, 0x4B, 0x80, 0x67, 0x01, 0xE0, 0xCE, 0x87, 0x98, 0x13, 0x1F, 0xCC, 0x34, 0x8F,
    0x9C, 0x19, 0xA6, 0x25, 0xA8, 0x00, 0x66, 0x58, 0x7D, 0xAE, 0xD0, 0x59, 0x43, 0x16, 0xC5, 0x2B,
    0xBD, 0xDB, 0xEC, 0x87, 0x1E, 0x75, 0xB5, 0x0A, 0x32, 0xFD, 0x7D, 0x53, 0x0A, 0x59, 0x89, 0x7E,
    0x9F, 0xB3, 0x14, 0xF6, 0xAF, 0x99, 0x52, 0x28, 0xB5, 0xE1, 0xD5, 0x28, 0x85, 0x7B, 0x2C, 0x85,
    0x0B, 0x96, 0xC2, 0x4E, 0x4B, 0x61, 0x1A, 0x92, 0xDC, 0x20, 0x04, 0x83, 0xB5, 0x52, 0x38, 0xB6,
    0xA5, 0x50, 0xEA, 0xD3, 0x64, 0x7A, 0x5F, 0x12, 0x5F, 0x4B, 0x1F, 0x2B, 0x89, 0xB3, 0x2E, 0x8B,
    0x50, 0x12, 0x27, 0x07, 0x61, 0x86, 0x82, 0x49, 0x52, 0xB1, 0x2C, 0x89, 0x47, 0x6B, 0x25, 0xD1,
    0xAC, 0x92, 0xB0, 0x21, 0x4A, 0x6C, 0x57, 0xC4, 0xF0, 0x58, 0x52, 0xE3, 0x3B, 0xCF, 0x20, 0x01,
    0xEE, 0x92, 0x04, 0xF8, 0x4A, 0x02, 0x48, 0x1B, 0x42, 0x92, 0x80, 0x78, 0x49, 0x02, 0xF6, 0x8C,
    0xE5, 0x78, 0xA5, 0x7E, 0xDC, 0xF2, 0x0F, 0xD4, 0xF2, 0x1C, 0x7D, 0x85, 0x4F, 0xCB, 0x6D, 0x11,
    0x1B, 0xB3, 0xFE, 0x33, 0x52, 0xDA, 0x10, 0x56, 0x87, 0x6B, 0x96, 0x0B, 0xC3, 0x34, 0xB6, 0x72,
    0x69, 0x79, 0x29, 0xD1, 0xB9, 0x2D, 0xD7, 0x43, 0xEC, 0xD6, 0xC4, 0xE6, 0x07, 0x81, 0xDC, 0x69,
    0x2F, 0xA1, 0x22, 0x7A, 0x4F, 0xDF, 0x1A, 0x1A, 0x26, 0x35, 0x36, 0xA2, 0x35, 0xA2, 0x56, 0xE1,
    0x56, 0x2A, 0xBC, 0x42, 0x05, 0x58, 0x18, 0x14, 0x41, 0xA6, 0xAB, 0x88, 0x0D, 0xF7, 0x4A, 0x78,
    0x8F, 0x8C, 0x37, 0xA2, 0xD1, 0x1F, 0x1D, 0x43, 0x6B, 0x11, 0x34, 0x14, 0xBE, 0xE1, 0xBA, 0xA1,
    0x61, 0xBE, 0x64, 0x4A, 0xD8, 0x3D, 0x51, 0x2D, 0xF2, 0x0D, 0x9D, 0x9F, 0x50, 0xD9, 0xED, 0xCA,
    0xE0, 0x04, 0x5E, 0x69, 0x27, 0x5D, 0xF6, 0x5A, 0x3A, 0x6B, 0xB6, 0x59, 0xBE, 0x0B, 0xD7, 0x80,
    0x69, 0xAD, 0x1E, 0x6A, 0xE0, 0x9F, 0xAE, 0x6B, 0xE0, 0x21, 0x8C, 0xF4, 0x11, 0xBB, 0x3F, 0x8E,
    0xAD, 0x02, 0x6E, 0xA3, 0xE5, 0x1E, 0xBE, 0xC2, 0x3B, 0x47, 0xEF, 0x9E, 0xCC, 0x9D, 0xDB, 0xC8,
    0x8A, 0x49, 0x57, 0xF9, 0x0B, 0x84, 0x62, 0x26, 0x5B, 0x1D, 0x00, 0x7A, 0x02, 0xD5, 0xDD, 0x45,
    0x3A, 0x32, 0x88, 0x19, 0x65, 0x16, 0x5F, 0x64, 0x2C, 0x36, 0xD3, 0x35, 0x41, 0xFA, 0xD6, 0x2A,
    0x62, 0x13, 0x88, 0xA1, 0x15, 0x0D, 0x5E, 0x0C, 0x63, 0x9E, 0xED, 0x90, 0x43, 0xCC, 0xD0, 0x07,
    0x09, 0x09, 0x72, 0x7F, 0x9E, 0x7E, 0xC0, 0x92, 0x0A, 0x0B, 0xD1, 0x42, 0xE2, 0x70, 0x0F, 0x2A,
    0xB6, 0x92, 0x6C, 0x2B, 0xD1, 0xA1, 0x54, 0x6C, 0x37, 0xD9, 0x7A, 0xB2, 0x0D, 0xED, 0x2F, 0xFE,
    0xCF, 0xDF, 0xF7, 0xC5, 0xAF, 0xE2, 0x2C, 0x46, 0xBB, 0xF9, 0xB0, 0x72, 0xBB, 0xAF, 0x2A, 0x03,
    0x39, 0x6C, 0x5B, 0xFB, 0x28, 0xF2, 0xCB, 0x61, 0x0A, 0xC2, 0xD2, 0x75, 0xE9, 0x56, 0x77, 0x8C,
    0xE8, 0x64, 0x54, 0x87, 0xB7, 0x4A, 0x06, 0x30, 0x95, 0x57, 0xB2, 0xF5, 0xDB, 0x0D, 0x47, 0x2E,
    0xED, 0xF4, 0x68, 0x67, 0xF8, 0x3D, 0x76, 0x5E, 0xDE, 0x4D, 0x71, 0x8E, 0xB4, 0x33, 0xDC, 0xB4,
    0x13, 0x43, 0xC2, 0xC1, 0xD8, 0x59, 0x62, 0xC0, 0x7A, 0xEB, 0x76, 0x5E, 0xC6, 0x9F, 0x5F, 0x8C,
    0xC5, 0xB9, 0x8F, 0xD3, 0x99, 0x20, 0x73, 0xE2, 0x6C, 0x2D, 0xC0, 0x37, 0x7D, 0x30, 0xB6, 0x3E,
    0x68, 0xD7, 0x7C, 0xD0, 0xFB, 0xE1, 0x10, 0x57, 0x22, 0x81, 0xCE, 0x0D, 0xE0, 0x07, 0x67, 0xF6,
    0x89, 0xF5, 0x03, 0x2B, 0x29, 0xC1, 0x28, 0x28, 0x86, 0xE9, 0x84, 0x3E, 0x10, 0xFA, 0x60, 0x0B,
    0xFB, 0x7A, 0xC5, 0xC0, 0xEE, 0x5B, 0x6E, 0xEC, 0x8B, 0x35, 0x6B, 0xF4, 0x44, 0x25, 0x93, 0xA6,
    0x41, 0xAF, 0x46, 0xF0, 0x6A, 0xB0, 0x4C, 0x83, 0xF8, 0x40, 0xBB, 0x28, 0xE8, 0x1C, 0xE5, 0x21,
    0xAC, 0x44, 0x3E, 0x4B, 0x87, 0x46, 0xA2, 0xE5, 0xEF, 0x3E, 0x9E, 0xBB, 0x4C, 0xF6, 0x39, 0xAE,
    0x44, 0xCC, 0xBB, 0x01, 0x78, 0x3C, 0xCF, 0x4C, 0xDA, 0x9B, 0x6C, 0x08, 0x62, 0x22, 0x63, 0x40,
    0x7E, 0xAB, 0x2D, 0x84, 0x7C, 0xFA, 0x24, 0xB6, 0x3C, 0x6F, 0x48, 0x0C, 0x8E, 0x62, 0x1F, 0xE2,
    0x4A, 0x50, 0xB0, 0x82, 0x61, 0xAD, 0x86, 0xC7, 0x71, 0xC2, 0x39, 0x9D, 0x0E, 0x5C, 0x7A, 0xCE,
    0x73, 0x6A, 0x34, 0x9E, 0xFD, 0xB2, 0x7F, 0x43, 0xDF, 0x35, 0xAB, 0xE0, 0x2C, 0x5F, 0x15, 0x9D,
    0x16, 0x21, 0x58, 0xD3, 0x7C, 0x3D, 0x06, 0x3D, 0x0F, 0x24, 0x2E, 0x9B, 0x9A, 0xEE, 0x42, 0x58,
    0x75, 0x6D, 0x18, 0x5A, 0x44, 0x60, 0xB2, 0x11, 0xCA, 0xE4, 0x0D, 0xAB, 0x35, 0xD7, 0x3E, 0x8E,
    0xEF, 0xAF, 0xB2, 0x9F, 0x60, 0x73, 0xC3, 0x59, 0xBD, 0x17, 0x5C, 0xBD, 0x33, 0x18, 0xB8, 0x0A,
    0x3A, 0xC5, 0xB2, 0x0D, 0x3C, 0x3B, 0xB7, 0x53, 0xF2, 0xC7, 0x9C, 0x42, 0xFC, 0xAB, 0x0D, 0xAA,
    0xE7, 0x11, 0x74, 0x81, 0xEE, 0x47, 0x8C, 0x4A, 0x04, 0xD2, 0x8F, 0xD2, 0x35, 0x57, 0x75, 0x15,
    0x2F, 0x4C, 0x2E, 0x4C, 0xF3, 0x89, 0x80, 0xF2, 0x6A, 0xFB, 0xAF, 0xE8, 0xBF, 0x0E, 0x11, 0x4A,
    0xF1, 0x7B, 0x54, 0x9A, 0x87, 0x1A, 0xA3, 0xF6, 0x72, 0x6A, 0x9E, 0xF2, 0x51, 0x3A, 0x2A, 0x00,
    0x20, 0xE9, 0x36, 0xB2, 0xED, 0xB2, 0xFC, 0x10, 0x7B, 0x3E, 0x3D, 0xCB, 0x13, 0x62, 0xBB, 0x02,
    0x3B, 0x83, 0x79, 0x6C, 0xE9, 0x6F, 0x69, 0xAA, 0x59, 0x62, 0x30, 0x86, 0x14, 0xD1, 0xED, 0x74,
    0xE3, 0xD4, 0xF4, 0x63, 0x41, 0x61, 0x26, 0x2D, 0xAF, 0xC2, 0x50, 0x9E, 0x28, 0xFB, 0x0C, 0x14,
    0x68, 0x06, 0xDF, 0xD3, 0xF5, 0x1F, 0xC9, 0x87, 0xC3, 0xF3, 0xF7, 0xA6, 0x6B, 0xDF, 0xEB, 0xB5,
    0xC0, 0x33, 0x30, 0xBC, 0x23, 0x8E, 0x02, 0xC5, 0x2A, 0x5C, 0xA9, 0xDE, 0x34, 0xEA, 0x0B, 0x94,
    0x04, 0xA4, 0x3C, 0x1D, 0x11, 0x02, 0x0D, 0x51, 0x59, 0x68, 0x56, 0x63, 0x0C, 0xD9, 0x57, 0x8A,
    0xA9, 0x16, 0x35, 0x5A, 0xD6, 0x10, 0x09, 0x8D, 0xDA, 0x89, 0x1C, 0x35, 0x37, 0x44, 0x12, 0xBD,
    0x81, 0x2F, 0xCC, 0xCD, 0x50, 0xEC, 0x8D, 0x26, 0x2F, 0xDE, 0x72, 0x6A, 0x43, 0x55, 0xD5, 0xEC,
    0x86, 0xC7, 0x1B, 0x68, 0xD9, 0xC2, 0x04, 0x72, 0x00, 0x00, 0x57, 0xAD, 0xBB, 0x35, 0x0E, 0x60,
    0x8D, 0xFB, 0x2F, 0x35, 0x5C, 0xD3, 0xF9, 0x58, 0x1D, 0xA1, 0x4F, 0xD4, 0x21, 0xAA, 0xBA, 0x58,
    0xCD, 0xC5, 0x2A, 0x2E, 0xAA, 0x37, 0xE2, 0x58, 0xB7, 0x33, 0x12, 0x5B, 0x38, 0x8D, 0x51, 0x48,
    0x81, 0x8D, 0xCA, 0x17, 0x56, 0xF7, 0xCC, 0xC8, 0xC4, 0x2A, 0x3C, 0xB5, 0x56, 0xD6, 0x4B, 0x75,
    0x7B, 0x6D, 0x55, 0xD9, 0xD0, 0xEA, 0x3A, 0xB0, 0xAA, 0x4E, 0x97, 0x9A, 0xB6, 0x56, 0xD1, 0xD6,
    0x72, 0x67, 0x39, 0xAD, 0x24, 0xE8, 0x93, 0x23, 0xB0, 0x00, 0x50, 0xB2, 0x18, 0x30, 0x5C, 0x58,
    0x18, 0x68, 0xCA, 0xA1, 0x82, 0xCF, 0xA1, 0xB4, 0x2A, 0x89, 0x87, 0x78, 0x8F, 0xC0, 0x4E, 0xA9,
    0x7A, 0xB1, 0x68, 0xA6, 0x46, 0x0E, 0xC5, 0xCC, 0x9B, 0xB2, 0xD4, 0x79, 0x95, 0xA3, 0x2B, 0x04,
    0x15, 0xBD, 0xAE, 0x45, 0x86, 0x41, 0x88, 0xE2, 0xC4, 0x7D, 0x9C, 0x59, 0x56, 0x19, 0x6E, 0xE2,
    0x57, 0x62, 0xFA, 0x36, 0x3D, 0x67, 0x93, 0xF8, 0x1F, 0x9E, 0xA3, 0xB0, 0x1A, 0x82, 0xF4, 0x22,
    0x85, 0x55, 0x0B, 0x3A, 0x63, 0x9E, 0xA6, 0x52, 0xD9, 0x0D, 0xE6, 0xF8, 0xF2, 0x0A, 0xAB, 0xFA,
    0xEE, 0xB9, 0xA3, 0x59, 0x7B, 0x73, 0x64, 0x54, 0xF6, 0xE3, 0xB3, 0xE6, 0x6C, 0x8E, 0x4E, 0xAD,
    0xF1, 0x37, 0xDF, 0x66, 0xF4, 0x81, 0xED, 0x61, 0x0C, 0xE6, 0x52, 0x45, 0x73, 0xA9, 0xE1, 0x82,
    0x47, 0xC7, 0x51, 0xD5, 0xA5, 0x6E, 0xBD, 0x30, 0x20, 0xD9, 0xB6, 0x06, 0xB9, 0x79, 0xB5, 0x06,
    0x3C, 0x9D, 0xDA, 0x58, 0xE9, 0x95, 0x8D, 0xA6, 0x2A, 0xB3, 0xF4, 0x08, 0x65, 0x1E, 0x25, 0x3C,
    0x2E, 0xE5, 0x21, 0x03, 0x11, 0x89, 0x46, 0x88, 0x6B, 0xE4, 0xD9, 0x97, 0xFC, 0x4A, 0xFA, 0xB3,
    0xD3, 0x53, 0xF7, 0xB4, 0x4F, 0xDA, 0x28, 0x33, 0x0B, 0x26, 0x03, 0x96, 0xC3, 0x40, 0x3E, 0xDB,
    0x91, 0xDB, 0x3E, 0x22, 0xDD, 0x6D, 0x48, 0x7D, 0x1B, 0x72, 0x4F, 0x90, 0x0A, 0x0C, 0x51, 0x86,
    0x01, 0x87, 0x99, 0x35, 0x80, 0xAC, 0x0C, 0x25, 0x9B, 0x09, 0xD5, 0x72, 0xD8, 0xE7, 0x10, 0x73,
    0x08, 0xEF, 0x62, 0xF0, 0xBF, 0xC1, 0xE0, 0xA9, 0xC9, 0x3A, 0xCC, 0x38, 0x24, 0x99, 0x7B, 0x60,
    0x6B, 0x4B, 0x6B, 0x41, 0x3F, 0x58, 0x81, 0x7A, 0x35, 0xAA, 0xE5, 0x01, 0xF8, 0x4A, 0x57, 0x4C,
    0xD2, 0x85, 0xE9, 0x09, 0x10, 0x4E, 0xA7, 0xED, 0x39, 0xB5, 0x97, 0xE4, 0xCA, 0x44, 0x5D, 0x45,
    0x19, 0xF9, 0xC9, 0xAA, 0x4C, 0xE1, 0x5F, 0xF7, 0x2B, 0xC2, 0x71, 0x5E, 0xD9, 0xC1, 0x7D, 0xC4,
    0x79, 0x5A, 0xE1, 0x98, 0x14, 0xCE, 0x7F, 0xF8, 0xF4, 0xDF, 0x44, 0xE9, 0xCF, 0x35, 0x18, 0x89,
    0x0F, 0xE9, 0x1E, 0x73, 0x64, 0x40, 0x32, 0x1A, 0xB3, 0x55, 0x0A, 0x15, 0xA3, 0x32, 0x87, 0x01,
    0xEC, 0xDE, 0xDF, 0xFD, 0x4D, 0x09, 0x57, 0xBA, 0x9A, 0x65, 0xDA, 0x58, 0xB4, 0xAC, 0x64, 0x63,
    0x2D, 0x63, 0xE2, 0xFC, 0x59, 0x14, 0xA8, 0xF8, 0xF0, 0xB2, 0xD5, 0x82, 0x05, 0xE5, 0xAF, 0xD8,
    0xA1, 0xAA, 0xCC, 0x75, 0x9F, 0xE9, 0xBA, 0x7A, 0xDE, 0x77, 0x89, 0xE1, 0xFB, 0x2F, 0xDE, 0x2B,
    0xFD, 0xCE, 0x2C, 0xD5, 0xAE, 0x03, 0x8F, 0x6F, 0xFA, 0x91, 0x50, 0xBE, 0xB7, 0x73, 0x0A, 0xD7,
    0x3B, 0xA7, 0xBD, 0xF5, 0xCE, 0xC9, 0x31, 0x9D, 0x93, 0xF7, 0x62, 0x9D, 0x93, 0xBB, 0xD9, 0x39,
    0xE5, 0xD6, 0xB0, 0xA7, 0x77, 0x4E, 0x93, 0x95, 0x05, 0x8E, 0x32, 0x01, 0x13, 0xAF, 0x6B, 0x81,
    0xF2, 0x6A, 0xBA, 0x28, 0xD3, 0x38, 0x69, 0xC6, 0x24, 0x4B, 0xC8, 0x7B, 0x7F, 0x4D, 0x03, 0xD2,
    0xD3, 0x3F, 0x96, 0x8A, 0x66, 0x64, 0x53, 0x19, 0xB8, 0x47, 0x42, 0xAC, 0x9B, 0x55, 0x43, 0x71,
    0x1E, 0x80, 0xB9, 0x20, 0x6D, 0xA7, 0x8C, 0x24, 0x14, 0x3D, 0x66, 0xF4, 0x80, 0xA9, 0xDD, 0x60,
    0x80, 0x92, 0xD3, 0x16, 0x34, 0xBB, 0x9D, 0x52, 0xC9, 0x69, 0x4C, 0x76, 0xB6, 0x47, 0x76, 0x54,
    0x93, 0x9D, 0x55, 0x50, 0x2B, 0xC0, 0x7A, 0xB0, 0x0D, 0xD5, 0xE5, 0x2A, 0x29, 0xC2, 0x25, 0xB3,
    0xE1, 0x91, 0xF1, 0x0B, 0x31, 0x8D, 0x67, 0xBA, 0x3A, 0x50, 0xEC, 0xF9, 0x6D, 0x85, 0xB3, 0x2C,
    0x0C, 0x0F, 0x8B, 0xC1, 0xC3, 0x26, 0x00, 0xC6, 0x93, 0xBA, 0x05, 0xFE, 0x20, 0x5D, 0x9B, 0x26,
    0x4A, 0x1B, 0x34, 0x73, 0xCD, 0xB4, 0x75, 0xEA, 0x09, 0xA0, 0x29, 0x29, 0x0C, 0x0F, 0x8B, 0x01,
    0x88, 0x3B, 0x08, 0xBB, 0x4B, 0x7A, 0xB6, 0x24, 0x31, 0x35, 0xE1, 0x9D, 0x2A, 0xC9, 0x20, 0xE0,
    0x21, 0xB9, 0xF9, 0x13, 0xF4, 0x5F, 0x49, 0x8A, 0x36, 0x07, 0xDE, 0x3D, 0x1E, 0xCC, 0x5D, 0xBA,
    0xE9, 0x3D, 0x1E, 0x25, 0xB5, 0x1A, 0xF2, 0xB8, 0x06, 0x3C, 0x87, 0xA9, 0xA3, 0x60, 0xDA, 0x90,
    0x51, 0x4E, 0x71, 0x5E, 0x08, 0x6D, 0x70, 0xC7, 0x85, 0xF8, 0x5F, 0xEF, 0x8E, 0xF4, 0xF4, 0x53,
    0x9E, 0x7D, 0x8E, 0xBD, 0xFC, 0x62, 0xC8, 0xE8, 0xD8, 0x13, 0xC5, 0x73, 0x28, 0x71, 0x88, 0x27,
    0x09, 0x5C, 0x1F, 0x5E, 0x2F, 0xC4, 0x47, 0x3E, 0x3A, 0xC5, 0xCD, 0xB5, 0xC2, 0x70, 0xCE, 0x34,
    0x71, 0xD9, 0x4A, 0x86, 0xC0, 0x38, 0xB9, 0x4A, 0x0D, 0x77, 0xE4, 0xF6, 0x86, 0x89, 0x1A, 0x79,
    0xB4, 0x4E, 0xE7, 0xA9, 0x89, 0xFE, 0x5D, 0x86, 0xC3, 0xEF, 0xE9, 0xF3, 0xEB, 0x24, 0x86, 0xAC,
    0x28, 0x43, 0xBE, 0xBB, 0xC7, 0x48, 0x9B, 0x32, 0x34, 0x6A, 0xDC, 0x3B, 0xB4, 0x0E, 0x26, 0x82,
    0x23, 0x7F, 0xBB, 0xFB, 0x41, 0x8A, 0xD4, 0x0F, 0x81, 0x94, 0x88, 0x80, 0x88, 0xD6, 0x25, 0x74,
    0xF1, 0x80, 0xD6, 0x29, 0x29, 0x27, 0xC5, 0x74, 0x01, 0xDF, 0x7E, 0xB1, 0x27, 0x81, 0xFC, 0xE2,
    0xC2, 0xCC, 0xDB, 0x27, 0x31, 0xE3, 0xD6, 0xB7, 0x4A, 0x03, 0x74, 0xE5, 0xCE, 0x3A, 0x8D, 0xCD,
    0x78, 0x0D, 0x2D, 0xF8, 0x3E, 0xED, 0x62, 0x8D, 0xE4, 0xF5, 0xBC, 0x39, 0xC3, 0xB5, 0xB5, 0xA6,
    0x60, 0x06, 0x3C, 0xAA, 0xE8, 0x7A, 0x89, 0xA8, 0xE4, 0x51, 0xED, 0xAC, 0xB5, 0x07, 0xF8, 0x0D,
    0x3E, 0x89, 0x80, 0xE8, 0x24, 0x55, 0x48, 0x89, 0x02, 0x3C, 0xA5, 0x84, 0x8B, 0xF4, 0x6A, 0xAC,
    0xBB, 0xA7, 0x96, 0x56, 0x30, 0xCF, 0xA2, 0xE3, 0x9F, 0xB2, 0x3D, 0xC8, 0x65, 0xB4, 0x60, 0x03,
    0xE2, 0x77, 0x65, 0x78, 0xAD, 0x7E, 0x43, 0xDE, 0x16, 0xCB, 0x06, 0x17, 0xF8, 0x3E, 0x95, 0xF8,
    0x2A, 0x27, 0x6B, 0x9F, 0x45, 0x8B, 0xCD, 0x8B, 0x74, 0xBA, 0x87, 0x0E, 0xD4, 0x3F, 0x00, 0x98,
    0xCB, 0x8F, 0x2F, 0x4C, 0xD1, 0xC3, 0x38, 0x85, 0x0F, 0xC2, 0xEB, 0xA5, 0x9F, 0xD7, 0x4B, 0x07,
    0x78, 0x5D, 0xEB, 0x62, 0xAF, 0x58, 0xCE, 0xFA, 0xC5, 0x5B, 0x78, 0x17, 0x0B, 0x46, 0x37, 0xCA,
    0xE0, 0x8B, 0xCA, 0x2B, 0xFE, 0x26, 0xD5, 0x5B, 0x56, 0x51, 0x83, 0x9A, 0xA7, 0xFE, 0x02, 0xCB,
    0xE2, 0x2E, 0xFB, 0xD8, 0x2F, 0x6E, 0x4B, 0xD1, 0xC7, 0x00, 0xB2, 0x3E, 0x43, 0x7E, 0x9E, 0xF5,
    0x1B, 0xF3, 0xBC, 0xF3, 0x2D, 0x38, 0xA9, 0xCB, 0x07, 0x6E, 0xF1, 0x76, 0xBF, 0xE0, 0x59, 0xDB,
    0x13, 0x4F, 0xFB, 0xD6, 0x86, 0x31, 0xB4, 0xC7, 0x82, 0x79, 0x95, 0xA8, 0x11, 0xB8, 0xC5, 0xFF,
    0xA3, 0xED, 0xD5, 0xC0, 0xBD, 0x01, 0x66, 0xFA, 0x05, 0x38, 0x36, 0xDC, 0xBC, 0xF2, 0xF3, 0x79,
    0x7B, 0xDB, 0xE3, 0x65, 0x99, 0x4A, 0x2D, 0xD8, 0x5C, 0x21, 0x60, 0xBC, 0xB3, 0x09, 0x36, 0xAF,
    0xCA, 0x4E, 0x94, 0x04, 0x24, 0x13, 0xA8, 0x72, 0x71, 0x55, 0xBC, 0x2C, 0xBC, 0x30, 0x1B, 0x13,
    0x82, 0xCD, 0x0D, 0x90, 0xF9, 0x2F, 0x00, 0x36, 0x05, 0x69, 0xCD, 0x3A, 0xD8, 0x1C, 0x13, 0x24,
    0x90, 0x4F, 0xA3, 0x7C, 0x88, 0xF7, 0x86, 0x38, 0xF9, 0x21, 0xD6, 0x30, 0x17, 0xEF, 0x09, 0xFB,
    0x31, 0x48, 0xF9, 0x02, 0xF3, 0x6A, 0x00, 0x6A, 0x03, 0x60, 0x99, 0xE2, 0xE2, 0x5F, 0x8C, 0xF7,
    0xC2, 0xDC, 0xCC, 0xE1, 0x5C, 0x87, 0x01, 0x33, 0x4F, 0x40, 0xEE, 0xC2, 0x5B, 0x15, 0x6A, 0x42,
    0x2D, 0x2E, 0xEB, 0xC5, 0x9D, 0x37, 0x96, 0xFB, 0x79, 0xF9, 0x4C, 0xBC, 0x7F, 0x01, 0x7B, 0xEF,
    0xA1, 0xED, 0x6B, 0x0D, 0x19, 0xEC, 0xE9, 0xFF, 0x69, 0x2E, 0x54, 0x70, 0xF8, 0x02, 0x14, 0xE5,
    0x5A, 0x05, 0x64, 0x78, 0x7B, 0xB9, 0x6E, 0x07, 0xFF, 0xB1, 0x76, 0x81, 0x4D, 0x90, 0x32, 0x64,
    0x86, 0x8A, 0xF7, 0xB4, 0x93, 0xF7, 0x28, 0xAE, 0x32, 0xC3, 0x9C, 0x06, 0x57, 0x21, 0x8D, 0x8F,
    0x26, 0xD2, 0xAD, 0xB4, 0xF2, 0x35, 0x20, 0x1C, 0x8D, 0x36, 0x9B, 0x9C, 0xC3, 0xB9, 0x3E, 0xB0,
    0xC4, 0xAB, 0x51, 0x5A, 0xD0, 0x2B, 0x5D, 0x75, 0xCA, 0x65, 0xF1, 0xD9, 0x09, 0xAA, 0xC1, 0xA4,
    0x1A, 0x36, 0x24, 0x84, 0x49, 0x4A, 0x80, 0x19, 0x3E, 0xF7, 0x1B, 0xDD, 0xB2, 0x51, 0x4B, 0x6C,
    0xA2, 0xD7, 0xDF, 0x09, 0xD7, 0x8B, 0x74, 0xFC, 0xA2, 0x17, 0x1C, 0x97, 0x8C, 0x0D, 0x8B, 0x6D,
    0xA3, 0xE3, 0xED, 0x9A, 0xAC, 0x42, 0x46, 0x27, 0x40, 0x38, 0x43, 0x0C, 0x59, 0xE3, 0xFD, 0xCF,
    0x11, 0x4D, 0xC5, 0xED, 0xB5, 0xFD, 0x4E, 0x4B, 0xD2, 0x49, 0xE8, 0x43, 0xB4, 0x87, 0x71, 0x3E,
    0xB9, 0x46, 0x1C, 0xFA, 0x2E, 0xF7, 0x17, 0x37, 0x0C, 0xC3, 0x88, 0xD8, 0x24, 0x20, 0xAA, 0xAA,
    0x40, 0x9C, 0xDC, 0x4B, 0x5F, 0xA6, 0x2D, 0x68, 0x46, 0x00, 0xCE, 0x88, 0xA2, 0x83, 0x9B, 0x28,
    0xBD, 0x6F, 0x5D, 0x9C, 0x1D, 0x93, 0x45, 0xCA, 0x3D, 0xC2, 0x72, 0x9B, 0xAC, 0x66, 0x55, 0x2A,
    0x2D, 0xF7, 0x0F, 0x19, 0x91, 0x64, 0x96, 0x33, 0x68, 0xB6, 0x45, 0x60, 0x88, 0x81, 0x0B, 0xBE,
    0x6D, 0x53, 0xFB, 0x76, 0xD5, 0x2F, 0x3F, 0x4B, 0x47, 0x39, 0x98, 0x2B, 0x32, 0xF7, 0x78, 0x09,
    0xFA, 0xEC, 0x3D, 0x84, 0x70, 0x79, 0x45, 0x88, 0x22, 0x78, 0xFD, 0x00, 0x49, 0x73, 0x74, 0xED,
    0x76, 0xAB, 0x95, 0x09, 0xD4, 0x30, 0x29, 0x24, 0x58, 0x98, 0x4A, 0x56, 0xEB, 0x6F, 0x00, 0x87,
    0xF6, 0xD8, 0x6F, 0x50, 0xBE, 0xE2, 0x85, 0xFA, 0x73, 0x87, 0x84, 0x45, 0xEE, 0x68, 0xEF, 0x57,
    0x90, 0xB7, 0xEA, 0x47, 0x5B, 0x94, 0x8B, 0xBA, 0x96, 0xC9, 0x58, 0x1A, 0x8E, 0xAA, 0x1C, 0x12,
    0xFF, 0xBF, 0x86, 0xFC, 0x82, 0xD3, 0x73, 0x7E, 0x31, 0x6F, 0xD2, 0xE5, 0xA8, 0x9C, 0x81, 0xDE,
    0x3F, 0xE7, 0xEB, 0xD7, 0xA9, 0x87, 0x02, 0x3B, 0xD3, 0x46, 0x64, 0xA0, 0x06, 0xBC, 0xA3, 0x06,
    0x60, 0xF5, 0xD9, 0x89, 0xE9, 0x1B, 0xFE, 0xB9, 0x5D, 0xFD, 0xC0, 0xB4, 0x94, 0x6B, 0x3D, 0x2F,
    0xFD, 0x18, 0x15, 0x80, 0xBC, 0x14, 0x5B, 0x61, 0xEE, 0x28, 0x97, 0xD7, 0xF9, 0x9B, 0xB3, 0x5E,
    0xC8, 0xA7, 0xE6, 0xDE, 0xE9, 0xE7, 0x97, 0x1A, 0x18, 0xD1, 0x1C, 0xBE, 0x2D, 0x25, 0x99, 0xB3,
    0x5D, 0x15, 0x79, 0x9D, 0x0C, 0x17, 0xAC, 0xAB, 0xAB, 0x07, 0xE4, 0xBD, 0xFB, 0x7D, 0xFE, 0x8D,
    0x49, 0x83, 0xA3, 0x0A, 0x5D, 0x88, 0xF7, 0xA0, 0x71, 0x48, 0x0A, 0x92, 0xBE, 0x80, 0x27, 0x3A,
    0x0D, 0x9D, 0x6B, 0x2D, 0xB3, 0x02, 0xE4, 0x00, 0xAB, 0x35, 0x86, 0xDA, 0xA5, 0xF8, 0xAB, 0x41,
    0xE9, 0xC6, 0x98, 0x1E, 0xD5, 0xB6, 0xC3, 0x38, 0x7D, 0x9C, 0xF7, 0x27, 0x36, 0xDF, 0xDD, 0x9D,
    0x9C, 0x66, 0xFE, 0x4D, 0x56, 0x9C, 0x58, 0x8F, 0x81, 0x2C, 0xD6, 0x25, 0xA9, 0x95, 0x4F, 0xE5,
    0x09, 0x42, 0xFF, 0x9C, 0x61, 0x84, 0x08, 0x7C, 0x08, 0x80, 0x96, 0x0E, 0xCC, 0x48, 0x16, 0x8C,
    0x44, 0x6D, 0x9E, 0x5A, 0x1E, 0x4F, 0x73, 0xD6, 0xE1, 0x7F, 0xB5, 0x97, 0x31, 0x8F, 0xE4, 0x48,
    0x19, 0x86, 0x1F, 0xDB, 0xA7, 0x75, 0x60, 0x09, 0x43, 0x82, 0x90, 0x26, 0x70, 0x42, 0x08, 0xE7,
    0x94, 0x93, 0x76, 0xBB, 0xBC, 0x4B, 0x40, 0xC0, 0x4F, 0x20, 0xBD, 0x80, 0x04, 0x4D, 0x8C, 0x74,
    0x5E, 0x5B, 0xF0, 0x07, 0x5A, 0xFC, 0x16, 0x82, 0x43, 0x78, 0xD6, 0x75, 0x22, 0xBC, 0xC4, 0xBA,
    0x94, 0xA4, 0xC4, 0x2D, 0x11, 0x01, 0x25, 0xF0, 0x0D, 0xD5, 0xBB, 0xD5, 0xFE, 0xA8, 0xAA, 0x86,
    0xD9, 0x9D, 0xD1, 0xCC, 0xEC, 0x2C, 0xC7, 0xCA, 0xF5, 0xBC, 0xEB, 0xAD, 0xFA, 0xDE, 0xD7, 0xDF,
    0x4C, 0xDB, 0xAE, 0x1E, 0xDB, 0xAE, 0x7C, 0x23, 0x1B, 0xB2, 0x0C, 0x6C, 0x34, 0xA3, 0xA7, 0x4E,
    0x38, 0xDA, 0xCE, 0x65, 0x33, 0x22, 0x3E, 0xB0, 0xE0, 0x20, 0xE1, 0x81, 0xE1, 0xE9, 0xEF, 0x51,
    0xE2, 0x28, 0x65, 0x4F, 0x36, 0xEF, 0x6D, 0x25, 0x07, 0xDB, 0x2E, 0x83, 0x55, 0x54, 0xF6, 0x82,
    0xC2, 0xFA, 0x44, 0x6E, 0xDD, 0x1B, 0xD2, 0xDC, 0x14, 0x88, 0x35, 0xA1, 0x76, 0xAD, 0x64, 0x95,
    0x6C, 0x1E, 0x07, 0xF5, 0x74, 0xDE, 0xA3, 0xBE, 0x4C, 0x69, 0x4F, 0x37, 0x0A, 0x87, 0x0A, 0x55,
    0x34, 0x63, 0x90, 0x5A, 0x17, 0x86, 0xEA, 0x6D, 0x49, 0x73, 0x49, 0x52, 0x89, 0x8F, 0xC5, 0xC9,
    0xF6, 0x67, 0x71, 0x14, 0x5F, 0x84, 0xA8, 0x66, 0x81, 0xC1, 0xC0, 0x11, 0x70, 0x37, 0x39, 0x7F,
    0xC9, 0x2B, 0xD9, 0x90, 0xFD, 0x30, 0x6E, 0x21, 0xC4, 0x53, 0x98, 0xC0, 0xB5, 0x3E, 0xDD, 0x55,
    0xFF, 0xA5, 0x89, 0x35, 0xB2, 0x0C, 0xE3, 0x65, 0xF0, 0xD8, 0xE0, 0x6D, 0x37, 0x06, 0x59, 0x7E,
    0x58, 0xAE, 0xE0, 0xE1, 0x02, 0x9E, 0xC0, 0xEE, 0xAD, 0xD1, 0xC3, 0x44, 0xE6, 0x3E, 0x3D, 0xB3,
    0xB3, 0xE8, 0xF6, 0x40, 0x34, 0x64, 0x22, 0x94, 0xEB, 0xF7, 0x43, 0x12, 0xB4, 0x80, 0x22, 0x95,
    0x9E, 0x28, 0x37, 0x94, 0x12, 0xAD, 0x8E, 0xD5, 0xD2, 0x98, 0xC2, 0xC4, 0x9F, 0xB7, 0x59, 0x9B,
    0xA5, 0x15, 0x19, 0x1F, 0x07, 0xFF, 0x8F, 0x00, 0x00, 0xC8, 0xED, 0xDD, 0x92, 0xCD, 0xBF, 0xB3,
    0x54, 0xF2, 0xCA, 0x12, 0x3F, 0x03, 0x14, 0x95, 0x25, 0x7E, 0x0A, 0xF8, 0x24, 0xB1, 0xC4, 0x5D,
    0x97, 0xB4, 0x30, 0x51, 0xA4, 0xE2, 0x64, 0x4B, 0x01, 0x29, 0xEA, 0xAE, 0x0B, 0x65, 0xAE, 0x03,
    0x44, 0x03, 0x6D, 0x94, 0x21, 0xFD, 0x77, 0x84, 0x6C, 0xFD, 0xA0, 0x5D, 0x1D, 0x62, 0xD4, 0x18,
    0x65, 0xA1, 0x16, 0x8F, 0xDA, 0x0F, 0xF4, 0xD4, 0xE3, 0x44, 0xA9, 0x1D, 0xC5, 0x22, 0x22, 0x26,
    0x02, 0xC5, 0x09, 0xCA, 0x05, 0x2A, 0x0D, 0xCD, 0xF8, 0xEB, 0x6C, 0x66, 0x10, 0xCF, 0x99, 0xEC,
    0x13, 0xF1, 0x3C, 0xCE, 0xC5, 0xB5, 0x54, 0x13, 0xFC, 0x81, 0xE4, 0x8F, 0xB8, 0x70, 0xEE, 0x83,
    0x7F, 0x0A, 0x6B, 0xBB, 0x50, 0xD3, 0xEE, 0x67, 0x2A, 0xF1, 0xE9, 0xDA, 0x8F, 0x82, 0x1F, 0x94,
    0x78, 0xE0, 0x93, 0x94, 0x01, 0x8D, 0x06, 0xA8, 0xBE, 0xE8, 0x80, 0x52, 0x34, 0xA1, 0x50, 0x74,
    0x90, 0xD7, 0x5F, 0xDB, 0x6E, 0x38, 0x14, 0x7F, 0x11, 0xF3, 0xBC, 0x2B, 0x96, 0x79, 0xEC, 0x53,
    0x4F, 0xBB, 0x74, 0xC5, 0x96, 0x7A, 0x84, 0x7A, 0x19, 0x92, 0xC7, 0x03, 0xCC, 0x06, 0xC8, 0xE5,
    0x25, 0x8D, 0x08, 0xAA, 0xFB, 0x15, 0x13, 0x24, 0x7A, 0x40, 0xED, 0x4F, 0xD9, 0x55, 0x60, 0xE8,
    0xC0, 0xBF, 0xFD, 0x1C, 0x76, 0xBF, 0xA0, 0x15, 0xE1, 0x51, 0xF0, 0x9E, 0xC9, 0x38, 0xCB, 0xFA,
    0x49, 0x76, 0x7C, 0x73, 0x33, 0x3E, 0x72, 0x85, 0x2C, 0x85, 0xAC, 0xC4, 0x49, 0x05, 0x6D, 0xD0,
    0xBF, 0x66, 0x47, 0x11, 0xD7, 0xCA, 0x18, 0xEA, 0x61, 0x16, 0x07, 0xC1, 0xF3, 0x29, 0xA0, 0x5C,
    0x14, 0x0F, 0xF4, 0xBB, 0x1F, 0xF0, 0x68, 0x6D, 0x8F, 0x85, 0xE8, 0xCA, 0x45, 0x3F, 0x29, 0x21,
    0x65, 0xA4, 0x94, 0x74, 0x16, 0x92, 0x20, 0x64, 0x41, 0x48, 0x03, 0xCE, 0x0F, 0x94, 0x22, 0xBA,
    0x79, 0xD9, 0x18, 0x45, 0x61, 0x7B, 0xF2, 0xF4, 0xBC, 0x7B, 0x1A, 0xED, 0xEA, 0x0D, 0x57, 0xCB,
    0xE8, 0x29, 0xC3, 0x1C, 0xAE, 0x0F, 0x28, 0xB2, 0xB5, 0x79, 0x79, 0x66, 0xA3, 0x87, 0xE1, 0x00,
    0xEE, 0x96, 0x51, 0x8B, 0x0E, 0x03, 0xC7, 0xFD, 0xE3, 0xD9, 0x8A, 0x58, 0x52, 0x17, 0x00, 0x30,
    0x68, 0x40, 0x82, 0xE4, 0xEB, 0x3B, 0xEF, 0xCB, 0xDA, 0xD2, 0xBF, 0xFB, 0xBE, 0xBC, 0xB8, 0x79,
    0x5F, 0x5E, 0xC6, 0xA8, 0xDF, 0x5C, 0x25, 0x17, 0x57, 0x52, 0x2D, 0xEC, 0xBA, 0x41, 0xA3, 0x44,
    0x48, 0x9F, 0xCC, 0x8D, 0x57, 0x64, 0x6D, 0xFB, 0x7B, 0x5E, 0x91, 0x17, 0x6F, 0x5E, 0x91, 0x36,
    0x76, 0x99, 0xDA, 0x25, 0x0F, 0x14, 0x11, 0x13, 0xF3, 0x63, 0x7C, 0x4C, 0x4F, 0xE1, 0xE7, 0x1B,
    0xA5, 0xC8, 0x18, 0x7E, 0x95, 0x28, 0xA0, 0x07, 0x26, 0xC0, 0x03, 0xAE, 0x10, 0x1D, 0xF1, 0x54,
    0x89, 0x8B, 0x80, 0x0A, 0x34, 0x4B, 0xA3, 0x2B, 0x11, 0xCD, 0x7C, 0x40, 0x11, 0x46, 0xD3, 0xD1,
    0x53, 0x6B, 0xE2, 0x33, 0xC5, 0x4A, 0x61, 0x72, 0x4B, 0x6E, 0x0B, 0x03, 0x6B, 0x98, 0x60, 0xAA,
    0x47, 0x78, 0xD2, 0x00, 0x1F, 0x7F, 0x0C, 0xD4, 0x8F, 0x81, 0xCA, 0x03, 0xE5, 0xCA, 0xA9, 0xAF,
    0xD3, 0x59, 0xED, 0x81, 0xA6, 0x07, 0xDA, 0xF4, 0x76, 0x6B, 0xFF, 0x2B, 0x4A, 0x01, 0xCD, 0xF1,
    0x54, 0xC7, 0x0E, 0x5A, 0xA5, 0x91, 0xD2, 0xE4, 0x6B, 0xB6, 0x96, 0x4B, 0xCA, 0x57, 0x2D, 0xD4,
    0x53, 0x2A, 0x48, 0x89, 0x95, 0x4B, 0x51, 0xC1, 0x9A, 0x32, 0xD2, 0xBF, 0xED, 0x96, 0xD6, 0x1D,
    0x95, 0x7E, 0x18, 0xB5, 0xF6, 0x81, 0x89, 0x56, 0x0F, 0x4F, 0x45, 0xB7, 0xF2, 0x37, 0x5D, 0x6E,
    0x3F, 0xD7, 0x50, 0xDD, 0x03, 0xB4, 0x0B, 0x0C, 0x01, 0x7F, 0xD7, 0xEE, 0xB1, 0x0C, 0xDD, 0x76,
    0xDA, 0x25, 0xB5, 0x7F, 0x70, 0x2F, 0x1F, 0x3A, 0xFB, 0x26, 0x8D, 0x26, 0x93, 0x8E, 0xEC, 0x48,
    0xD5, 0xD5, 0x63, 0xD5, 0x01, 0x10, 0x92, 0xDF, 0x3E, 0xC4, 0x8B, 0xBF, 0x3E, 0xE3, 0xB8, 0xFD,
    0xF0, 0xBC, 0x40, 0xB9, 0x6A, 0x15, 0x3F, 0xBB, 0x4A, 0xDF, 0x7E, 0xCC, 0x4E, 0x3C, 0x3B, 0xEE,
    0x1A, 0xD5, 0xF6, 0x9D, 0x46, 0x7E, 0xFC, 0x58, 0xF9, 0x9F, 0x28, 0x7B, 0x4F, 0x19, 0xD3, 0x2D,
    0xA3, 0xF5, 0xCC, 0x1E, 0x1F, 0xC6, 0xC4, 0x2C, 0x56, 0x89, 0x65, 0xE2, 0xAE, 0xE1, 0xDE, 0xFB,
    0xF0, 0xBC, 0xF8, 0x48, 0xF9, 0xCA, 0x39, 0xE0, 0x36, 0x44, 0xC4, 0x47, 0x1C, 0xF9, 0xEA, 0x28,
    0x17, 0x47, 0xD3, 0x39, 0x76, 0x27, 0x77, 0x61, 0x71, 0xB5, 0xC6, 0x35, 0x5B, 0x40, 0xC2, 0xDA,
    0x59, 0xA8, 0xC9, 0xBC, 0x83, 0x8B, 0xC0, 0x2E, 0xC2, 0x89, 0x27, 0xC0, 0x04, 0x99, 0x2B, 0xF7,
    0xA7, 0xF7, 0x5E, 0x36, 0x1F, 0x70, 0xD4, 0x23, 0xEE, 0xDB, 0xA8, 0xA7, 0xD1, 0x59, 0x50, 0xA5,
    0x0B, 0x37, 0x3C, 0x7D, 0xBD, 0x36, 0xAE, 0x95, 0xAF, 0xE4, 0xF8, 0x79, 0xB9, 0x31, 0x98, 0xCF,
    0x3F, 0x58, 0xBE, 0x4B, 0xF9, 0x0E, 0x80, 0x07, 0x69, 0xF8, 0x06, 0xF5, 0x68, 0xEB, 0x2E, 0xE5,
    0xD8, 0xCA, 0x22, 0xFB, 0xF9, 0x0F, 0x95, 0xDD, 0x68, 0x4D, 0xBE, 0x7A, 0x6A, 0x8D, 0x4B, 0xFA,
    0xAD, 0xFA, 0xBC, 0xEF, 0xEA, 0xDF, 0x5B, 0x01, 0x94, 0x05, 0x68, 0x35, 0xF6, 0x7C, 0x85, 0x4B,
    0xD9, 0x48, 0x0F, 0x1C, 0x5B, 0xF4, 0xA7, 0x06, 0x3C, 0x95, 0xC6, 0xFD, 0x0F, 0x02, 0x37, 0x24,
    0x5F, 0x81, 0xD9, 0x02, 0xC3, 0x08, 0xFF, 0xF7, 0x2B, 0x72, 0xAB, 0x94, 0x06, 0x28, 0x64, 0x04,
    0xE6, 0x6E, 0xA3, 0x30, 0xD2, 0x05, 0x74, 0xC0, 0x14, 0xE6, 0x95, 0x2D, 0x8C, 0x73, 0x81, 0x3E,
    0xA0, 0x02, 0xCD, 0x6F, 0x8D, 0xAB, 0xFE, 0x64, 0x5C, 0xF1, 0xB5, 0x71, 0xD9, 0xBF, 0x8C, 0x43,
    0x02, 0x43, 0xA0, 0x0D, 0xD4, 0x86, 0xF9, 0x25, 0xA5, 0x08, 0xCD, 0x72, 0xAE, 0x55, 0xC8, 0xFA,
    0x2C, 0xED, 0xE8, 0xAC, 0x1E, 0x9C, 0x88, 0x24, 0x1C, 0xB8, 0x38, 0xF7, 0x19, 0x99, 0x8D, 0x35,
    0xCD, 0xD2, 0xEA, 0xE8, 0x09, 0xDE, 0x88, 0x88, 0x2D, 0x65, 0x0B, 0xDA, 0x98, 0x73, 0x07, 0x8A,
    0x32, 0x68, 0x4F, 0x1E, 0x74, 0x22, 0x0B, 0x1A, 0xB3, 0xD2, 0x10, 0x31, 0x27, 0xF5, 0x70, 0xB5,
    0x1A, 0x2A, 0xAF, 0x5C, 0xA1, 0x8B, 0xA0, 0xA7, 0x34, 0x86, 0x98, 0xCC, 0x99, 0x18, 0x32, 0x91,
    0x8D, 0xEA, 0x90, 0x0D, 0xBA, 0xD1, 0x94, 0x56, 0x11, 0x8C, 0x3D, 0xE0, 0x27, 0x7E, 0x49, 0xEF,
    0x99, 0xD8, 0xB9, 0x2B, 0xF1, 0x51, 0x26, 0x3C, 0x7D, 0xCF, 0x86, 0x57, 0x3F, 0xFB, 0xFB, 0x33,
    0xD7, 0xC8, 0x97, 0x62, 0xF3, 0x2D, 0x93, 0xEE, 0xDE, 0x2F, 0xD9, 0x70, 0x76, 0x80, 0x5C, 0x64,
    0xA5, 0x7E, 0x7D, 0xB9, 0xD1, 0x3E, 0xB3, 0xED, 0xF8, 0x3C, 0xB7, 0x95, 0x9E, 0xE2, 0x4E, 0xE9,
    0x83, 0x58, 0x97, 0xDB, 0xFC, 0x4A, 0x0A, 0x9B, 0x16, 0xFA, 0xDC, 0x96, 0x8B, 0xCA, 0x6D, 0xAD,
    0x9B, 0xAF, 0xEC, 0x40, 0x29, 0xE2, 0x61, 0x96, 0x25, 0x85, 0xBE, 0x4B, 0x0A, 0x73, 0xDF, 0x28,
    0x0D, 0xB5, 0xA1, 0x35, 0xD9, 0x1F, 0xCD, 0xF0, 0x0F, 0x33, 0x3C, 0xBB, 0xA7, 0xF8, 0xEE, 0x84,
    0xCA, 0xD0, 0x5C, 0x4F, 0x78, 0x10, 0x65, 0xA0, 0x0E, 0xB4, 0x86, 0x60, 0x66, 0xF8, 0x67, 0xE0,
    0xA7, 0x37, 0xEB, 0x2C, 0xE4, 0x6B, 0x07, 0xA2, 0x61, 0x18, 0x6D, 0xAB, 0xBF, 0x11, 0xFD, 0xDA,
    0x20, 0x70, 0x04, 0x0F, 0xEE, 0xFD, 0xC7, 0x7F, 0x42, 0x96, 0xF7, 0x0E, 0xF1, 0xF0, 0x02, 0x94,
    0xA3, 0x5A, 0xA9, 0xBC, 0xF2, 0x2F, 0x3E, 0xF2, 0xB8, 0x3B, 0x8E, 0xC1, 0x0C, 0xFE, 0xBB, 0x47,
    0x76, 0x0F, 0x3B, 0x44, 0x0C, 0x22, 0xC7, 0xE8, 0xE3, 0xB4, 0x31, 0xD4, 0xE3, 0x89, 0xE6, 0xFA,
    0x1F, 0xD0, 0x65, 0x20, 0xB7, 0x38, 0x7C, 0xE0, 0x79, 0xA0, 0x8D, 0xB5, 0xFA, 0x44, 0x1B, 0xEA,
    0x15, 0x8E, 0x09, 0x97, 0xA5, 0x4D, 0x25, 0xD5, 0x5F, 0xCF, 0xBE, 0xCA, 0x0D, 0x0C, 0x69, 0x3E,
    0xAE, 0xFF, 0x1B, 0xA5, 0x55, 0x31, 0x88, 0x25, 0xB9, 0x11, 0x7D, 0xDD, 0x32, 0xDB, 0x41, 0xC3,
    0x75, 0xEE, 0xC5, 0x56, 0xE2, 0xD0, 0xB6, 0x72, 0xD8, 0xFB, 0xEA, 0xB9, 0xE4, 0x82, 0x4D, 0x9C,
    0x47, 0x0E, 0x1D, 0x1C, 0x5C, 0x62, 0xF0, 0x1A, 0xCF, 0x4C, 0xB7, 0xF3, 0x64, 0x70, 0x1E, 0x3A,
    0xF7, 0x62, 0x36, 0xB0, 0xA1, 0xFF, 0xB4, 0x58, 0xE7, 0xD0, 0xE0, 0x1C, 0x04, 0x9E, 0x1C, 0x99,
    0x13, 0x3E, 0xAD, 0x57, 0xFD, 0xCB, 0xA5, 0xEA, 0x99, 0xF9, 0xDE, 0x61, 0xFE, 0xB0, 0x7B, 0x2B,
    0xEA, 0x3D, 0xA9, 0x55, 0xA5, 0xF7, 0xAB, 0xAA, 0xF9, 0xEA, 0x67, 0x74, 0x65, 0x29, 0x5E, 0x9F,
    0xBD, 0xCE, 0x00, 0xDB, 0x35, 0x60, 0x17, 0xB4, 0x07, 0x60, 0xF6, 0x68, 0xA2, 0xEC, 0x4D, 0xCC,
    0x37, 0x4D, 0x22, 0xF2, 0x74, 0xE8, 0x93, 0x6C, 0xED, 0x81, 0x21, 0x42, 0x47, 0xDC, 0x0E, 0x1D,
    0x30, 0x04, 0xEC, 0xC5, 0x97, 0x3E, 0xD7, 0xEA, 0x88, 0x99, 0xF5, 0x46, 0x51, 0x1E, 0x5C, 0x45,
    0x8E, 0x77, 0x54, 0x80, 0xF2, 0x27, 0xCD, 0x12, 0x9B, 0xAC, 0x9F, 0xB4, 0x97, 0x0B, 0xC8, 0xE1,
    0x20, 0x65, 0x92, 0xE3, 0x47, 0xDE, 0xFC, 0x44, 0x0B, 0x9C, 0x5E, 0x0F, 0x72, 0xB7, 0xF9, 0xA9,
    0x15, 0xDD, 0x01, 0x7A, 0x84, 0xC1, 0x0F, 0x33, 0x4D, 0x69, 0xA0, 0xB4, 0x1A, 0x24, 0x83, 0x7C,
    0x89, 0x21, 0x43, 0x73, 0xF9, 0x23, 0x28, 0xE0, 0xAB, 0xB4, 0xB5, 0xFF, 0x29, 0x23, 0x72, 0x44,
    0x7D, 0x59, 0xBF, 0x01, 0x5E, 0x03, 0xBF, 0x42, 0x35, 0x42, 0xB9, 0x62, 0x2D, 0xE7, 0x58, 0xBC,
    0x8E, 0x17, 0x3F, 0xC0, 0x9A, 0xD8, 0x2B, 0x72, 0x9C, 0x4A, 0x37, 0x62, 0xC2, 0x49, 0x22, 0x1E,
    0x5E, 0xE8, 0x03, 0x47, 0x46, 0xE7, 0x98, 0x5A, 0x57, 0x67, 0x56, 0xD2, 0x19, 0x35, 0x1D, 0xCE,
    0x81, 0xE1, 0xE6, 0x1C, 0x94, 0x2D, 0x15, 0xD4, 0x51, 0xF7, 0xCD, 0xD2, 0x2C, 0xDD, 0x58, 0x07,
    0x0D, 0x44, 0x0B, 0xA4, 0x1D, 0x30, 0xDD, 0xC1, 0x02, 0xD9, 0x00, 0xA9, 0x73, 0x2A, 0xB0, 0x84,
    0xAF, 0x88, 0x46, 0x98, 0x84, 0xA4, 0x0A, 0x08, 0xA9, 0xD2, 0x63, 0x42, 0xE7, 0x12, 0xDA, 0x07,
    0xE8, 0x0A, 0xD8, 0x67, 0xFA, 0x0C, 0x8B, 0x09, 0x7B, 0xD8, 0xAF, 0x13, 0x34, 0x79, 0x34, 0x07,
    0x80, 0xDD, 0x80, 0x59, 0x00, 0x1B, 0x80, 0x0B, 0xC6, 0x94, 0x80, 0x38, 0xA1, 0x0A, 0x17, 0x50,
    0x7E, 0x07, 0xB5, 0x18, 0x56, 0xE9, 0xFA, 0x6E, 0xEC, 0x9C, 0xEE, 0x5B, 0x67, 0xB6, 0x5D, 0xF6,
    0x56, 0x31, 0x03, 0x09, 0x03, 0x54, 0x04, 0x66, 0xA8, 0x04, 0x50, 0xDF, 0x64, 0x54, 0xEF, 0xC7,
    0x76, 0x8F, 0xFA, 0x7B, 0xD7, 0x5D, 0x42, 0xFD, 0x6B, 0xD1, 0x7C, 0xE2, 0x9F, 0xFE, 0x97, 0x1A,
    0xCD, 0xDB, 0xF0, 0x65, 0xC7, 0x0A, 0xE1, 0x05, 0x6B, 0x8D, 0x71, 0x2A, 0xAA, 0x53, 0x6A, 0x9C,
    0xC6, 0x79, 0x28, 0xBF, 0xB2, 0x0B, 0x45, 0xD9, 0xF8, 0x9A, 0xB5, 0xF5, 0x52, 0x85, 0xA9, 0xA4,
    0x16, 0x01, 0x96, 0x84, 0x65, 0x5C, 0x03, 0x48, 0x40, 0x1D, 0x00, 0xE5, 0x81, 0xC6, 0x01, 0x5D,
    0x01, 0xAF, 0x4D, 0x00, 0x76, 0x11, 0x38, 0xFF, 0x1B, 0x30, 0x9D, 0x4B, 0xE7, 0xAA, 0x60, 0xA0,
    0x82, 0xEE, 0x15, 0xBF, 0x89, 0xD6, 0xB5, 0x8E, 0xFB, 0xE6, 0xF9, 0x89, 0x77, 0xAB, 0xB8, 0x03,
    0xD2, 0x05, 0x30, 0x71, 0x7E, 0xC1, 0xA2, 0x59, 0x4A, 0x6D, 0x52, 0x59, 0xE0, 0x73, 0x5C, 0x3B,
    0xF6, 0x71, 0xEB, 0x87, 0x29, 0xFA, 0xE3, 0x49, 0x58, 0x22, 0xC1, 0x96, 0x5B, 0x06, 0x0B, 0x00,
    0xAD, 0x07, 0xB4, 0x03, 0x2C, 0x58, 0x07, 0xA8, 0xD2, 0xED, 0xB6, 0x03, 0x74, 0xBF, 0x6D, 0x0F,
    0x44, 0x98, 0x19, 0x80, 0x79, 0x00, 0x5D, 0x84, 0x0F, 0x40, 0xBD, 0x1E, 0xB5, 0x2F, 0x37, 0xED,
    0xBA, 0xB4, 0xC2, 0x4B, 0xCD, 0x12, 0x7A, 0xC1, 0x48, 0x66, 0x51, 0x81, 0x62, 0xFB, 0x36, 0x66,
    0xFD, 0xB5, 0x9B, 0x6C, 0xF7, 0xC7, 0xCC, 0xDA, 0x91, 0xB5, 0xAF, 0xF0, 0x02, 0xC0, 0x2B, 0xC8,
    0x60, 0x1D, 0x57, 0x00, 0x98, 0x5E, 0x0E, 0x4A, 0x52, 0x7E, 0xAB, 0xC3, 0x6E, 0xF2, 0x15, 0x2D,
    0xA8, 0x69, 0x2D, 0x8B, 0x7E, 0x2B, 0xA0, 0x5D, 0x24, 0xE8, 0x88, 0xE5, 0xB6, 0x8A, 0xF1, 0xEF,
    0xD5, 0x8C, 0x99, 0x32, 0x9E, 0xD3, 0xD5, 0x51, 0x5B, 0xAA, 0xDB, 0x1D, 0xDF, 0x91, 0x84, 0xDE,
    0xE6, 0x49, 0x9E, 0x71, 0x00, 0xAA, 0xB9, 0xD4, 0x77, 0xA7, 0x1B, 0xDA, 0xC3, 0x57, 0xC1, 0xD2,
    0x7F, 0xC2, 0xFA, 0x8C, 0x7C, 0x82, 0x5D, 0x32, 0xB4, 0xBF, 0x3E, 0x9B, 0x93, 0xA5, 0x34, 0xF1,
    0x4D, 0xFC, 0x33, 0x00, 0x0D, 0x2D, 0xFC, 0xF4, 0x65, 0xB5, 0x8A, 0xB6, 0x05, 0x0C, 0xB3, 0xAC,
    0xF7, 0xA5, 0x8A, 0x36, 0x60, 0x76, 0x60, 0x67, 0x3A, 0x6D, 0x22, 0x62, 0x28, 0x0F, 0xFD, 0xF9,
    0x24, 0xA5, 0xDE, 0x5F, 0x24, 0x97, 0xD2, 0x90, 0xCE, 0x43, 0x1D, 0x80, 0x01, 0x30, 0xA7, 0xEC,
    0x49, 0xFD, 0x15, 0x25, 0x87, 0x36, 0x48, 0x57, 0xF7, 0x92, 0x9B, 0xB9, 0xCF, 0x73, 0x77, 0xB6,
    0x5A, 0x8A, 0xCF, 0x68, 0xC4, 0x70, 0xA3, 0x28, 0x77, 0xFE, 0x37, 0xA6, 0xC7, 0x4E, 0xBA, 0x32,
    0xB1, 0x3D, 0xF6, 0x89, 0xC8, 0x62, 0x93, 0xC4, 0xEC, 0xB6, 0x0C, 0x97, 0x6F, 0x1A, 0xCA, 0x98,
    0x6F, 0xA4, 0xE3, 0x20, 0x5E, 0x37, 0xEF, 0xAA, 0xB9, 0xEF, 0x16, 0x74, 0x8E, 0xFD, 0xCA, 0x73,
    0x5C, 0x1D, 0x26, 0x00, 0xB1, 0x50, 0xCA, 0x7C, 0x36, 0x27, 0x10, 0xA6, 0x8D, 0xF8, 0x71, 0xCA,
    0x00, 0xB2, 0x78, 0xCF, 0x99, 0xA2, 0x9C, 0xE0, 0xB3, 0x8D, 0x67, 0x15, 0xED, 0x44, 0x4F, 0x94,
    0xE5, 0x37, 0x88, 0x6E, 0x18, 0x07, 0x24, 0x0C, 0xBD, 0xDC, 0x1E, 0x02, 0xCD, 0xEB, 0x01, 0x44,
    0x91, 0xB1, 0x22, 0xC1, 0x14, 0xDF, 0xF1, 0x96, 0xE1, 0x58, 0x3E, 0x23, 0x67, 0x6B, 0x86, 0x26,
    0x82, 0xED, 0xBF, 0x75, 0x13, 0x1A, 0x3F, 0xA1, 0x96, 0x1B, 0xC3, 0x5C, 0x21, 0x35, 0xD4, 0x27,
    0xCD, 0x18, 0x7A, 0xA4, 0xCC, 0x7B, 0x89, 0x7D, 0x99, 0x63, 0x06, 0x8E, 0x35, 0x44, 0x72, 0x16,
    0xA8, 0x56, 0xC8, 0x6B, 0x69, 0x16, 0xB0, 0xFE, 0x07, 0x18, 0xC8, 0x35, 0x44, 0x4E, 0xDF, 0x3C,
    0xEF, 0x2D, 0xA4, 0x4D, 0x98, 0x18, 0x99, 0x91, 0x14, 0xB9, 0x82, 0x8C, 0x56, 0xB0, 0x67, 0x58,
    0x86, 0x5E, 0xB4, 0x6B, 0xF9, 0x0C, 0xE6, 0x77, 0x48, 0x50, 0xFE, 0x14, 0x88, 0x48, 0xF0, 0x54,
    0x0C, 0x7E, 0x0A, 0x18, 0x30, 0x1F, 0xC7, 0x27, 0x7F, 0xE5, 0xC2, 0x40, 0xE1, 0xC1, 0x57, 0xCE,
    0xB2, 0xB4, 0x76, 0xCA, 0xB7, 0x5E, 0x79, 0x15, 0x95, 0x47, 0x66, 0x5C, 0x32, 0xCC, 0x4B, 0x8F,
    0x8E, 0x3C, 0xD4, 0x7B, 0xC6, 0x77, 0xBC, 0xFE, 0x07, 0xEF, 0xF1, 0xFE, 0x5E, 0xF9, 0x3A, 0x72,
    0xFC, 0xC2, 0xE7, 0x46, 0x7E, 0xC6, 0x69, 0x24, 0xE0, 0x23, 0x4D, 0xEA, 0xF7, 0xB8, 0x1D, 0x83,
    0x63, 0x22, 0xA6, 0x2A, 0x02, 0xA8, 0x03, 0x8E, 0x54, 0xCD, 0x7F, 0x0A, 0x68, 0xE9, 0xBF, 0x01,
    0x66, 0x19, 0x02, 0x2C, 0xDA, 0x80, 0x3D, 0x54, 0x40, 0xDE, 0x88, 0x43, 0xD2, 0x87, 0x24, 0x8E,
    0x89, 0x49, 0x82, 0xE5, 0x98, 0x08, 0x88, 0xD4, 0x51, 0xF9, 0x29, 0xC2, 0x73, 0x1A, 0x67, 0x8A,
    0xBF, 0xAF, 0xF2, 0xF6, 0xEF, 0xD8, 0x4C, 0xD6, 0xA2, 0xAE, 0x97, 0x8A, 0x50, 0x47, 0x0E, 0x2E,
    0x66, 0xC9, 0xB1, 0xC9, 0xFA, 0x68, 0x00, 0x1A, 0xBA, 0x32, 0x94, 0x86, 0xFE, 0x4D, 0x06, 0xD2,
    0xA3, 0xD7, 0xC1, 0x2A, 0x0F, 0xA2, 0xDD, 0x51, 0x60, 0xDB, 0xD6, 0x47, 0x13, 0xA5, 0x8F, 0x99,
    0xB8, 0x36, 0x22, 0x72, 0x5C, 0x67, 0x99, 0xA4, 0xE6, 0xCE, 0x59, 0x74, 0x01, 0x66, 0x6B, 0xD7,
    0xC5, 0x96, 0x79, 0x92, 0xE9, 0xB6, 0x55, 0xCD, 0x22, 0x53, 0x37, 0xCA, 0x64, 0x21, 0xBE, 0x0B,
    0x48, 0xF3, 0x12, 0xB0, 0x43, 0xFB, 0x5D, 0x00, 0xCC, 0x68, 0xBE, 0x77, 0x40, 0x4B, 0xEF, 0x8A,
    0x74, 0x35, 0x5F, 0x95, 0xE9, 0xB3, 0x32, 0xD3, 0x4E, 0xDE, 0x8C, 0xBD, 0x7B, 0x91, 0x99, 0xA7,
    0xDB, 0x97, 0xD9, 0x3A, 0xC9, 0xC5, 0xF4, 0x32, 0x5D, 0x40, 0x26, 0xF2, 0x12, 0x42, 0x07, 0xC9,
    0x8C, 0x2F, 0x77, 0x39, 0xDE, 0x2D, 0x22, 0xA6, 0x3C, 0x67, 0x16, 0xB6, 0xFD, 0xF0, 0x20, 0x01,
    0xB5, 0x4D, 0x8D, 0x97, 0xA9, 0x73, 0x4C, 0xBB, 0x7E, 0xEE, 0x01, 0x58, 0x5A, 0x99, 0xD1, 0xD2,
    0xF2, 0xC9, 0x4D, 0x1E, 0xB7, 0x52, 0xC6, 0xAD, 0x94, 0xDE, 0xA2, 0xBB, 0x2F, 0x65, 0x92, 0x3C,
    0xAB, 0x78, 0x57, 0x51, 0x3A, 0x56, 0xD4, 0x6D, 0x15, 0xD9, 0x26, 0x16, 0xDF, 0x64, 0xD6, 0x52,
    0x4A, 0xDC, 0x5B, 0x69, 0x72, 0x30, 0xA5, 0xC9, 0x6F, 0xFD, 0xB0, 0x35, 0x79, 0xDD, 0x9A, 0xEC,
    0x25, 0x69, 0xC8, 0x38, 0xDE, 0x02, 0x55, 0xCF, 0xA4, 0x46, 0xA6, 0xA6, 0x50, 0x57, 0x68, 0xE0,
    0xE8, 0xC4, 0xA0, 0xB5, 0x1B, 0xCD, 0xD5, 0x37, 0xDD, 0x68, 0x8B, 0x63, 0x57, 0xC8, 0xF6, 0x4C,
    0x5D, 0x64, 0x52, 0x34, 0x72, 0xF0, 0xB7, 0x91, 0xA9, 0x5E, 0x99, 0x30, 0x14, 0x32, 0x9D, 0x03,
    0x6C, 0xEB, 0x51, 0x5D, 0x2B, 0x16, 0xC8, 0x90, 0x8F, 0xBA, 0x8C, 0x26, 0x03, 0x9A, 0x61, 0x7B,
    0xC5, 0x82, 0x0D, 0xEB, 0x75, 0x8C, 0x81, 0x0E, 0x20, 0x06, 0xAF, 0x3F, 0x0E, 0x8E, 0x4B, 0xF4,
    0x97, 0x50, 0x7C, 0x06, 0xF3, 0x35, 0x80, 0xDD, 0x87, 0xF8, 0xD1, 0x1E, 0xE8, 0x32, 0x83, 0x73,
    0x18, 0x01, 0x40, 0xB9, 0x23, 0xB7, 0xC2, 0x03, 0xB9, 0x9A, 0x3C, 0x91, 0xD3, 0x14, 0x78, 0x67,
    0x38, 0xFB, 0x35, 0x73, 0x2E, 0xDE, 0x3A, 0x14, 0x56, 0x1B, 0xFB, 0xFF, 0xE7, 0xD9, 0x33, 0xBF,
    0xA7, 0xCC, 0x31, 0xB4, 0xEC, 0x99, 0x57, 0xEC, 0xDA, 0x85, 0x6B, 0xDA, 0x35, 0x71, 0xA0, 0xB3,
    0xB5, 0xA6, 0x55, 0x53, 0xC2, 0xEC, 0xEB, 0xBB, 0x7A, 0x61, 0x72, 0x61, 0x4A, 0x4C, 0x75, 0x21,
    0xA8, 0x20, 0xEC, 0x8F, 0xAC, 0xE9, 0xD0, 0x1E, 0x30, 0xD3, 0xC1, 0xD2, 0xA2, 0xBC, 0x89, 0x6D,
    0x60, 0x76, 0x75, 0x64, 0x1E, 0x91, 0x98, 0xF1, 0x79, 0x0C, 0xE0, 0x24, 0xD7, 0xB1, 0xF0, 0x1C,
    0x84, 0xC7, 0xC4, 0xFC, 0x28, 0xB8, 0x53, 0xC9, 0x50, 0x4E, 0xC3, 0xD9, 0xAB, 0x34, 0x01, 0x82,
    0x81, 0x61, 0x6E, 0xB6, 0x6F, 0x22, 0x86, 0x98, 0x50, 0xE7, 0x04, 0x5C, 0x32, 0x76, 0x2B, 0xCF,
    0x74, 0xF3, 0x2C, 0x13, 0x51, 0x4C, 0xF3, 0xA1, 0x3F, 0xA5, 0xCB, 0xFE, 0x50, 0x90, 0xD0, 0xF8,
    0xED, 0x33, 0x6C, 0x38, 0x76, 0x87, 0x84, 0x8C, 0x54, 0x07, 0xD6, 0x5E, 0x90, 0x3A, 0x87, 0x54,
    0xCA, 0xB8, 0x60, 0x24, 0xE0, 0x7D, 0x38, 0x9E, 0x0B, 0xED, 0xF8, 0xEA, 0x4D, 0xE7, 0xDE, 0xBC,
    0xD2, 0x2E, 0xBC, 0xF8, 0x85, 0x0F, 0x3F, 0x7F, 0xF1, 0x6F, 0xFF, 0x93, 0xDF, 0xFE, 0xD5, 0x7D,
    0xF1, 0xFA, 0x0F, 0xAE, 0x0B, 0x76, 0x6C, 0x17, 0xD3, 0x2B, 0xA7, 0x51, 0xC6, 0x89, 0xD8, 0xE5,
    0x8B, 0xD7, 0xBF, 0xBB, 0x8F, 0x6D, 0x38, 0x96, 0x64, 0x24, 0x98, 0x7B, 0xFB, 0x33, 0x7E, 0x8C,
    0x47, 0xC6, 0x23, 0x91, 0x6C, 0x07, 0xC0, 0x90, 0x83, 0x79, 0xB9, 0xC0, 0x28, 0xFF, 0x24, 0xAC,
    0x0A, 0x82, 0xB9, 0x5A, 0x1B, 0xC2, 0x4C, 0x7F, 0x81, 0x7E, 0x67, 0x00, 0x9C, 0xC4, 0xFF, 0x00,
    0x8D, 0x8C, 0x81, 0x66, 0xC3, 0x40, 0x1C, 0x87, 0xBF, 0x36, 0x48, 0x09, 0x3D, 0x98, 0xC2, 0xB4,
    0xF7, 0x02, 0x25, 0x30, 0x13, 0xD6, 0x26, 0x07, 0xC0, 0x60, 0x6F, 0x30, 0x80, 0x81, 0xDA, 0x28,
    0x60, 0xB6, 0x60, 0x0F, 0xB0, 0x47, 0xD8, 0x1B, 0x2C, 0x28, 0x0A, 0x96, 0x7B, 0x84, 0xD8, 0x13,
    0x1C, 0x30, 0x60, 0x0E, 0x1B, 0x19, 0xCD, 0x6E, 0x47, 0x67, 0xD1, 0x35, 0xE8, 0xFF, 0xF7, 0xDD,
    0x77, 0xC7, 0xFF, 0xE7, 0xBE, 0x21, 0xC6, 0x69, 0xAF, 0xF3, 0xCA, 0x2B, 0x30, 0x87, 0x28, 0x23,
    0xB0, 0x5B, 0x95, 0xF4, 0x9A, 0xD0, 0x41, 0xE9, 0x9E, 0x41, 0x7E, 0xC5, 0x00, 0x5D, 0x92, 0x0F,
    0x80, 0xD8, 0x00, 0xFD, 0x8D, 0x81, 0x3F, 0xDE, 0x1A, 0x9A, 0x4B, 0x6C, 0x90, 0x7B, 0xCC, 0x1E,
    0x47, 0xF0, 0x02, 0xF6, 0x80, 0x66, 0x0F, 0x7F, 0xC0, 0xBB, 0x3B, 0xC7, 0xEA, 0x8E, 0x57, 0xFB,
    0x7E, 0xF1, 0x81, 0xC5, 0xD0, 0x86, 0x64, 0x27, 0xEB, 0x51, 0x9D, 0xFA, 0x9B, 0x0E, 0xD6, 0x8C,
    0x6A, 0xD2, 0xED, 0x7B, 0x06, 0x73, 0x85, 0xD0, 0x46, 0x60, 0xC6, 0x98, 0x04, 0x53, 0xE0, 0xFC,
    0xD7, 0x0B, 0x8C, 0xC0, 0xF3, 0xB9, 0xC0, 0xD5, 0x14, 0x51, 0x9E, 0x2C, 0x85, 0x5E, 0x26, 0x43,
    0x5D, 0xCC, 0xA6, 0x95, 0x99, 0x26, 0xB6, 0x1A, 0x9F, 0xDC, 0xE8, 0xE1, 0xF5, 0xA9, 0x8E, 0x9E,
    0xCE, 0xF2, 0xB0, 0x8A, 0x55, 0xA0, 0x05, 0x32, 0x97, 0x2A, 0x26, 0x65, 0xCE, 0x2D, 0x2B, 0xEA,
    0xDF, 0x01, 0x9C, 0xD3, 0x9E, 0xFE, 0x63, 0x54, 0xC9, 0x3C, 0x65, 0xC5, 0x15, 0xF7, 0x48, 0x15,
    0xEA, 0x9E, 0xDD, 0x2B, 0xB5, 0xAB, 0xB6, 0x5E, 0xEA, 0x4C, 0x4D, 0x18, 0xF0, 0x7F, 0x06, 0x4C,
    0xC8, 0x54, 0xA9, 0xDB, 0xBD, 0xD9, 0x99, 0x1F, 0x8D, 0x53, 0x01, 0x84, 0x24, 0x47, 0x14, 0x7D,
    0xDD, 0x65, 0xAF, 0x25, 0xBD, 0x97, 0x1A, 0x1C, 0x42, 0x6E, 0xB7, 0x20, 0x64, 0xC3, 0xEC, 0x56,
    0x63, 0xD8, 0x45, 0xCF, 0x76, 0x13, 0x04, 0x88, 0x05, 0x00, 0x02, 0x90, 0x08, 0x32, 0x18, 0x44,
    0xE4, 0xD2, 0x05, 0x00, 0x58, 0x00, 0x20, 0x8D, 0x05, 0xC0, 0xA0, 0x13, 0x83, 0x4D, 0xBA, 0x12,
    0x08, 0x02, 0x05, 0x08, 0x17, 0x54, 0x38, 0x88, 0x90, 0x7C, 0x31, 0xA4, 0x8F, 0x99, 0xA9, 0x54,
    0x57, 0xEF, 0x4E, 0x76, 0x37, 0x87, 0xBC, 0xF7, 0xFB, 0xCF, 0x9F, 0xFA, 0x55, 0xBF, 0x66, 0xDE,
    0xFF, 0xFD, 0x2E, 0x8A, 0x92, 0x6B, 0x66, 0xB1, 0x8A, 0xEA, 0x84, 0xB8, 0x96, 0xF8, 0x02, 0xB8,
    0x02, 0x5B, 0x83, 0x3B, 0x48, 0xAE, 0x97, 0xB1, 0x4D, 0xED, 0x63, 0xB9, 0xC9, 0xF3, 0xAA, 0x9B,
    0x27, 0x16, 0x80, 0x73, 0xDA, 0x5B, 0x1F, 0x04, 0xD8, 0x58, 0xAF, 0x52, 0x55, 0x38, 0xA4, 0x1D,
    0x9A, 0xAE, 0x69, 0x0E, 0x3B, 0xD9, 0x1C, 0x02, 0x95, 0x6A, 0x6D, 0x44, 0xA0, 0xD4, 0x1C, 0xE2,
    0x00, 0xD2, 0x2C, 0x1B, 0xCA, 0x29, 0x6F, 0x96, 0xD2, 0x02, 0x89, 0xED, 0xF8, 0x0F, 0x24, 0x12,
    0x33, 0xE5, 0x65, 0x73, 0x80, 0x0B, 0x5C, 0x3C, 0x4B, 0x8C, 0xF8, 0xB0, 0x4C, 0x36, 0x88, 0x3B,
    0x74, 0x01, 0xD7, 0xB7, 0x2C, 0xB8, 0x16, 0xEF, 0xD9, 0xF4, 0x7B, 0x8A, 0xED, 0x12, 0x8B, 0x71,
    0x6C, 0xC0, 0x2C, 0xBC, 0xB7, 0x4C, 0x35, 0x02, 0xC5, 0x16, 0xE9, 0x0A, 0x1E, 0xB1, 0x2B, 0xB9,
    0x33, 0xC7, 0x11, 0x9D, 0x61, 0xC1, 0x74, 0xA2, 0xB8, 0x12, 0xA5, 0x44, 0x81, 0x73, 0x70, 0xED,
    0xA9, 0x04, 0x24, 0xA6, 0xC8, 0x51, 0x78, 0x4A, 0x88, 0x92, 0xAB, 0x44, 0x33, 0x7D, 0x3F, 0xF7,
    0x11, 0xBE, 0xF4, 0x99, 0x44, 0x47, 0x14, 0x5F, 0xA6, 0x46, 0x94, 0x53, 0xAC, 0xC0, 0xFC, 0x2E,
    0xE7, 0xC9, 0x3C, 0x09, 0x04, 0x1F, 0x87, 0x4F, 0xA0, 0x75, 0xAD, 0x03, 0xDF, 0xF1, 0x35, 0x46,
    0xCC, 0xFA, 0x53, 0xCA, 0xE1, 0x05, 0x80, 0x71, 0x43, 0x74, 0x3D, 0x7E, 0x14, 0x52, 0x8E, 0x1C,
    0x21, 0xF8, 0xDD, 0xF6, 0xDD, 0x37, 0xC0, 0xAD, 0xDD, 0x9A, 0xD9, 0x5B, 0xBE, 0x6F, 0xFC, 0x0D,
    0xE8, 0x76, 0x5C, 0xA3, 0xD5, 0x52, 0xEF, 0x84, 0xBD, 0x2F, 0xA4, 0x9C, 0xE6, 0x73, 0x4A, 0xC1,
    0xCB, 0x84, 0xD0, 0x45, 0x5D, 0x4B, 0x95, 0x02, 0x38, 0xA6, 0xB8, 0xDE, 0x9D, 0xEC, 0x7A, 0x84,
    0x66, 0x91, 0x37, 0xC2, 0x8D, 0x5D, 0x8C, 0x9E, 0xD0, 0xCC, 0x57, 0xF9, 0xAC, 0xF8, 0xD3, 0x02,
    0x0F, 0x5B, 0x10, 0xD5, 0x37, 0x03, 0x70, 0xCE, 0x95, 0x1F, 0x80, 0xBB, 0x2D, 0x7E, 0x20, 0x75,
    0x6A, 0x0E, 0x5E, 0x39, 0x1B, 0x70, 0x21, 0xF4, 0x4F, 0x00, 0x02, 0x86, 0xD8, 0x8F, 0x93, 0xD8,
    0x8C, 0xF3, 0x6A, 0x3D, 0x19, 0x8E, 0x3C, 0xDC, 0xA0, 0x07, 0x0F, 0x8F, 0x54, 0xA3, 0x52, 0x6C,
    0x0D, 0x69, 0x70, 0x8E, 0x01, 0x27, 0x40, 0x8E, 0x7E, 0x46, 0x57, 0x00, 0x21, 0xB6, 0x60, 0x06,
    0x89, 0x06, 0x2F, 0xC1, 0x43, 0x72, 0x1A, 0x92, 0xCB, 0x3E, 0x19, 0xDD, 0x26, 0x53, 0xD5, 0x27,
    0x45, 0x48, 0xE6, 0x21, 0x39, 0x7F, 0x26, 0xF8, 0xE1, 0x12, 0x3B, 0x39, 0x06, 0x75, 0xC2, 0x2F,
    0x58, 0x7B, 0x23, 0xE4, 0xDE, 0x86, 0x58, 0x7E, 0x65, 0x97, 0xCB, 0x25, 0x65, 0x39, 0x80, 0x51,
    0xF9, 0xB5, 0x2D, 0xB4, 0x54, 0x95, 0x59, 0x18, 0x40, 0xA0, 0xAF, 0x70, 0xDD, 0x8F, 0x98, 0x8F,
    0xBB, 0x57, 0xFD, 0x17, 0xF7, 0x31, 0x0A, 0x08, 0x95, 0x18, 0x50, 0x74, 0xC5, 0xA8, 0x1F, 0xAA,
    0x1C, 0xF7, 0x35, 0xDB, 0xC2, 0x29, 0xAE, 0x78, 0x79, 0x02, 0x8F, 0x35, 0x9A, 0x97, 0xF6, 0xE5,
    0x5F, 0xF4, 0xCD, 0xAF, 0x96, 0x69, 0x5C, 0x85, 0x2E, 0xBA, 0xB2, 0x28, 0xEF, 0x2A, 0x4A, 0x60,
    0xBB, 0xE7, 0xBF, 0x17, 0xFE, 0xFB, 0xE2, 0x00, 0x2D, 0xB5, 0x84, 0x81, 0x97, 0xF0, 0x78, 0x1D,
    0xE9, 0x1F, 0xE1, 0xEA, 0xB6, 0x9B, 0xFF, 0x6D, 0x61, 0xD0, 0xA3, 0x01, 0xBA, 0xDE, 0x0B, 0x75,
    0x56, 0xAD, 0x9A, 0xA6, 0x25, 0x2B, 0xF4, 0x6E, 0x51, 0x1A, 0xAA, 0x9C, 0xA1, 0x4F, 0x15, 0x00,
    0x69, 0xA9, 0x0D, 0x71, 0x1C, 0x83, 0x33, 0x5D, 0x38, 0xF2, 0x96, 0x32, 0x15, 0x45, 0x00, 0xDE,
    0x80, 0x54, 0x52, 0x71, 0xF4, 0x34, 0xD8, 0x42, 0x68, 0xA1, 0xB7, 0x30, 0x37, 0xAF, 0x41, 0xBC,
    0x05, 0x77, 0xFA, 0x24, 0xB6, 0x39, 0x68, 0xD4, 0x8C, 0x86, 0xDA, 0x40, 0xE6, 0x85, 0x94, 0xAA,
    0xD0, 0x9F, 0x9B, 0x51, 0x19, 0x69, 0xA9, 0x37, 0xD8, 0x40, 0xEA, 0x48, 0xDF, 0x2D, 0x60, 0xA2,
    0xCB, 0x2D, 0xB3, 0xE2, 0x47, 0x12, 0x3F, 0xCD, 0xB7, 0x1F, 0x9C, 0x99, 0xF1, 0x78, 0x7E, 0xCC,
    0xFB, 0xDE, 0xF9, 0x57, 0x82, 0xE9, 0x77, 0x7E, 0x2E, 0xD6, 0xA9, 0xE5, 0xB4, 0x77, 0x21, 0x9F,
    0xAF, 0x96, 0xDF, 0x1D, 0x53, 0xCE, 0xBD, 0x35, 0xDF, 0x1E, 0xCA, 0xDF, 0x3B, 0x00, 0x4F, 0x30,
    0x41, 0x65, 0x5B, 0x13, 0xE9, 0x58, 0xBF, 0x0D, 0x8F, 0x37, 0x83, 0xCA, 0x4B, 0x6E, 0x80, 0x84,
    0xD8, 0xF6, 0x62, 0xAF, 0x55, 0xA8, 0x9C, 0xDB, 0x00, 0x51, 0xBB, 0x2D, 0xF1, 0x7F, 0xF6, 0x38,
    0x0F, 0xDA, 0x09, 0x4E, 0xC1, 0xC5, 0xEE, 0x05, 0xF0, 0x94, 0x3B, 0xF7, 0x1B, 0xAE, 0xCF, 0xCB,
    0x4F, 0xFC, 0xCA, 0x04, 0x78, 0xCB, 0x29, 0x0C, 0x78, 0xE4, 0xDC, 0x25, 0x86, 0x1A, 0x6C, 0x5B,
    0x46, 0x95, 0xE6, 0x1A, 0x60, 0x34, 0xDC, 0x33, 0xDC, 0x09, 0x8F, 0x18, 0x1E, 0xB7, 0x4D, 0xA5,
    0xC1, 0x87, 0x95, 0x50, 0x27, 0x82, 0x34, 0xC8, 0x24, 0x99, 0x4C, 0x2F, 0xAA, 0x99, 0x54, 0x75,
    0xAD, 0x33, 0x47, 0x1A, 0x35, 0x84, 0x99, 0x01, 0x59, 0xC0, 0xB0, 0xDC, 0xB3, 0xAE, 0xA5, 0xCA,
    0xF6, 0x07, 0x4E, 0xC6, 0xE2, 0x17, 0xA9, 0x6B, 0xE8, 0xC0, 0x1A, 0x52, 0x23, 0xF3, 0xA5, 0x66,
    0xF5, 0xE2, 0x66, 0xEF, 0x42, 0xCE, 0x32, 0xF4, 0x3C, 0x5D, 0x9D, 0x8D, 0x6F, 0x4F, 0x9D, 0x3E,
    0x37, 0x93, 0xF9, 0x2C, 0xBB, 0x83, 0x53, 0x7D, 0x86, 0xEC, 0x86, 0xFB, 0x9E, 0x85, 0xF6, 0x3E,
    0x30, 0xD5, 0xA3, 0xBD, 0xA3, 0xFD, 0xFD, 0xA7, 0x8F, 0x27, 0x49, 0xC6, 0xEA, 0x58, 0xCF, 0x66,
    0x47, 0x3A, 0x2D, 0x79, 0x79, 0x64, 0xEA, 0xEC, 0x1F, 0x75, 0x8C, 0xB1, 0x51, 0xC4, 0x30, 0x10,
    0x45, 0xDF, 0x59, 0x81, 0x03, 0x05, 0x2A, 0xE1, 0x4A, 0x50, 0x05, 0x46, 0xCE, 0x68, 0x0A, 0xCE,
    0x2E, 0xE1, 0x0A, 0xF2, 0x20, 0x75, 0x80, 0x4A, 0x50, 0x40, 0x8E, 0x02, 0x02, 0x31, 0x23, 0xB3,
    0x68, 0x67, 0x80, 0x8C, 0xE0, 0x69, 0x9E, 0x76, 0xFF, 0xFE, 0x4B, 0x2C, 0x38, 0xF9, 0x22, 0xDC,
    0xE3, 0x7A, 0xC3, 0xA5, 0x63, 0xD0, 0xB1, 0xA9, 0xE1, 0x94, 0xB5, 0x71, 0xA3, 0x6D, 0x6F, 0x83,
    0x46, 0x63, 0x1B, 0x7F, 0xDD, 0x99, 0x32, 0xA8, 0x8D, 0xE9, 0x07, 0x75, 0x9B, 0xE5, 0xBE, 0x25,
    0x11, 0xE1, 0x33, 0x8E, 0x3C, 0xFC, 0x0B, 0xB1, 0x30, 0x4B, 0xC7, 0xE5, 0x0D, 0x8F, 0xDB, 0x17,
    0xE6, 0xF4, 0x84, 0xC9, 0x07, 0xA6, 0xFC, 0x76, 0x8A, 0x88, 0xA2, 0xFE, 0x47, 0xC7, 0x54, 0xCD,
    0x68, 0xF6, 0x01, 0x9B, 0xF4, 0x56, 0x3B, 0x8C, 0x9C, 0xDA, 0x49, 0x58, 0xB1, 0x29, 0xE4, 0x31,
    0x9D, 0x2B, 0x9E, 0xCB, 0x07, 0x0B, 0x74, 0x0E, 0x78, 0x1E, 0x4E, 0x30, 0x05, 0xAE, 0x8F, 0x09,
    0xDC, 0xEB, 0x0E, 0xF6, 0x1D, 0x30, 0x27, 0x30, 0x75, 0x7D, 0x1A, 0x30, 0xAB, 0xB9, 0x17, 0xC0,
    0x7B, 0x60, 0x71, 0x3B, 0x74, 0x9B, 0xB8, 0x54, 0x53, 0x30, 0x65, 0xAA, 0xD8, 0xC4, 0xC9, 0x75,
    0x25, 0x96, 0x00, 0x3E, 0x7F, 0x03, 0xCD, 0x77, 0x3F, 0x8C, 0xE4, 0xD6, 0x99, 0xE7, 0x23, 0x69,
    0x35, 0xEF, 0x4C, 0x40, 0x34, 0x0E, 0x87, 0xBB, 0x35, 0xFA, 0x4E, 0xDC, 0xC0, 0xC1, 0x1E, 0x70,
    0x1E, 0xA6, 0x36, 0x30, 0x4D, 0x72, 0xA4, 0x40, 0x81, 0x02, 0x4F, 0x70, 0xB3, 0x0E, 0xF6, 0x00,
    0x39, 0xD0, 0x01, 0x06, 0x76, 0xEF, 0x2A, 0x71, 0x20, 0x03, 0x55, 0x5D, 0x94, 0x15, 0x6C, 0xE0,
    0x40, 0x0D, 0x9C, 0x73, 0x29, 0x70, 0x2E, 0x05, 0xB3, 0x80, 0xD6, 0x60, 0x0F, 0x69, 0x09, 0x38,
    0x07, 0x0A, 0x4C, 0x7B, 0xA1, 0xC8, 0x81, 0xB8, 0xEB, 0x36, 0x0E, 0x0B, 0x07, 0xA2, 0x2D, 0x0A,
    0x7E, 0x3D, 0xC3, 0xAA, 0x77, 0xBF, 0xDF, 0xF7, 0x1E, 0xAB, 0xAB, 0xBA, 0xAB, 0x67, 0x7A, 0x24,
    0xD9, 0xBE, 0xEE, 0x7A, 0x1F, 0xAB, 0xC8, 0xC7, 0xF7, 0xBE, 0xF7, 0xFD, 0xF9, 0x7D, 0xBF, 0xEF,
    0xA0, 0x54, 0x41, 0xAF, 0x94, 0x56, 0xEA, 0x48, 0xA9, 0x58, 0xD9, 0x3F, 0x63, 0xD6, 0xF8, 0x8C,
    0x72, 0xFB, 0xD2, 0xC7, 0x98, 0x11, 0x9F, 0xBD, 0x8F, 0xC6, 0xE9, 0xC5, 0xF0, 0xB5, 0x2E, 0x7A,
    0xAF, 0x87, 0xFC, 0x42, 0x56, 0x33, 0x98, 0xA1, 0x44, 0xA8, 0x9C, 0xCB, 0x65, 0xD7, 0x89, 0xBC,
    0x3E, 0x87, 0x30, 0xA6, 0x51, 0xF9, 0x49, 0xD2, 0xE3, 0x9E, 0x3F, 0xF0, 0xC1, 0xB8, 0x11, 0xD5,
    0xCE, 0x4F, 0x79, 0x1A, 0x61, 0x5E, 0x88, 0x37, 0xB2, 0x70, 0xA5, 0x94, 0x77, 0xA2, 0xA2, 0x56,
    0xC5, 0x05, 0x4D, 0xF1, 0xEA, 0x93, 0x4D, 0x71, 0x93, 0x8F, 0x8A, 0x4C, 0xA7, 0x6A, 0xB3, 0x0A,
    0x56, 0x5E, 0x15, 0xB7, 0x4A, 0xA5, 0x85, 0x55, 0x76, 0xAE, 0xA8, 0x8E, 0x9C, 0x92, 0x67, 0x6B,
    0x38, 0x46, 0xF7, 0x9B, 0xF7, 0x4F, 0x95, 0x3D, 0x6D, 0x5E, 0xC2, 0x2B, 0xB0, 0x63, 0xB8, 0xBA,
    0xF3, 0x77, 0x1E, 0x6D, 0x70, 0x68, 0xCE, 0xD4, 0x72, 0x5D, 0x84, 0xC6, 0xB4, 0x71, 0x77, 0xD8,
    0xA4, 0xD3, 0x3C, 0x37, 0x52, 0xCE, 0x1F, 0x94, 0x0A, 0x0C, 0xBE, 0xD4, 0x58, 0xED, 0xC0, 0x60,
    0xC7, 0x14, 0x3B, 0x87, 0xF0, 0x32, 0x3D, 0xED, 0xBB, 0x6B, 0xD8, 0xFD, 0x63, 0x31, 0x6B, 0x6A,
    0x63, 0x64, 0x49, 0xBD, 0xEF, 0xEF, 0xFE, 0x7D, 0x0E, 0x5A, 0x21, 0x2E, 0x6F, 0xFA, 0x8F, 0xD3,
    0xDD, 0xFC, 0x7F, 0xE1, 0x8D, 0x66, 0x30, 0xAD, 0x12, 0xB7, 0x75, 0x5B, 0x17, 0x15, 0x74, 0xE2,
    0xD5, 0x9B, 0x5C, 0xCC, 0xBA, 0x90, 0x8B, 0xA1, 0xCB, 0x83, 0x3E, 0x1C, 0xED, 0xB3, 0x53, 0x7B,
    0xC9, 0xE1, 0xCC, 0x8B, 0x4B, 0x3A, 0xFD, 0x9A, 0xF3, 0x92, 0xC1, 0xDC, 0x9C, 0x89, 0x48, 0xE0,
    0x7B, 0x75, 0xCF, 0x55, 0xBA, 0xBA, 0x94, 0x35, 0xB5, 0x75, 0xC4, 0x53, 0x5F, 0xC6, 0x8D, 0x53,
    0x0D, 0xEC, 0x2A, 0x17, 0x63, 0x9F, 0x2D, 0x1B, 0xB9, 0x44, 0xAD, 0x5C, 0x82, 0x6E, 0xCF, 0x25,
    0xB4, 0x97, 0x98, 0x33, 0x4F, 0xEF, 0xD5, 0x25, 0x2E, 0xB5, 0x59, 0x2B, 0xB9, 0x74, 0xEA, 0xE6,
    0x99, 0xF0, 0xF6, 0x5A, 0x6C, 0xD9, 0x22, 0x13, 0x0E, 0x25, 0x13, 0xF4, 0x9E, 0x4C, 0x78, 0x8C,
    0x50, 0x3F, 0x56, 0xCC, 0x0F, 0x15, 0xC2, 0x37, 0xC8, 0x07, 0x26, 0xC4, 0xF4, 0xA7, 0x11, 0x41,
    0x1A, 0x0F, 0xB4, 0x68, 0x99, 0xE2, 0xF7, 0x02, 0x63, 0x54, 0x1A, 0x41, 0xA5, 0x31, 0x5F, 0xC7,
    0x0D, 0x74, 0x54, 0x32, 0x56, 0x2F, 0x37, 0x4A, 0x23, 0xA5, 0xE4, 0x99, 0x87, 0x39, 0xF0, 0x8A,
    0x86, 0xEE, 0x5A, 0x25, 0x38, 0x1A, 0x0D, 0x11, 0x60, 0x2D, 0x4F, 0xAB, 0xFF, 0xC2, 0x95, 0x99,
    0x1B, 0x2A, 0x6A, 0x94, 0x8D, 0x51, 0xA5, 0xEE, 0x2B, 0xB5, 0xBD, 0x2D, 0x62, 0x1B, 0x62, 0x49,
    0x61, 0x20, 0x7C, 0x8A, 0xE0, 0x23, 0x88, 0xF8, 0x0D, 0x88, 0x24, 0x86, 0x38, 0xA2, 0xA8, 0x20,
    0xBC, 0x1E, 0x22, 0xE8, 0x20, 0xA2, 0x06, 0x22, 0x2E, 0x20, 0x32, 0x44, 0xB1, 0x9E, 0x53, 0x0C,
    0x10, 0x0F, 0x7B, 0x08, 0x24, 0x3E, 0x44, 0x49, 0xC1, 0x18, 0x5F, 0x51, 0xA8, 0x44, 0xE1, 0xE0,
    0xF1, 0xF3, 0xBD, 0xCD, 0x5D, 0xEC, 0x53, 0x6C, 0xA9, 0x91, 0x53, 0xB9, 0xA4, 0x80, 0xBF, 0x70,
    0xCC, 0xB0, 0x25, 0x5C, 0x34, 0x38, 0x5C, 0x52, 0xC0, 0x5A, 0xB9, 0x33, 0xEE, 0x29, 0x0D, 0x98,
    0x89, 0xC6, 0x1E, 0x56, 0x89, 0x5F, 0xC7, 0x2A, 0xD1, 0xCF, 0x60, 0xC9, 0xE0, 0xB7, 0xCD, 0xB4,
    0x9E, 0xE1, 0x62, 0x0F, 0x94, 0xCB, 0x78, 0x0F, 0x3B, 0x7A, 0x11, 0x13, 0x13, 0x1A, 0xA9, 0x60,
    0x6D, 0xCF, 0xBB, 0xF8, 0x22, 0xC6, 0xEA, 0xDE, 0xBD, 0x53, 0x84, 0xCC, 0x8A, 0x43, 0x8C, 0xBB,
    0x3D, 0x0E, 0x4A, 0xBB, 0x93, 0xF2, 0xA8, 0x45, 0xB0, 0xA2, 0xF8, 0x98, 0x4E, 0xF8, 0x39, 0x73,
    0xFE, 0x5B, 0x78, 0x9A, 0x84, 0x98, 0x96, 0x05, 0x50, 0xFE, 0x88, 0x4E, 0xA9, 0x3C, 0xA9, 0x15,
    0xF0, 0x59, 0x8F, 0x43, 0xFA, 0x5C, 0x13, 0x29, 0xB3, 0x56, 0xE1, 0x87, 0xF7, 0x66, 0xB4, 0x5D,
    0x5C, 0xC0, 0x36, 0x31, 0x51, 0x29, 0x6C, 0x61, 0x89, 0xA0, 0x9B, 0xD3, 0x5E, 0x23, 0x4F, 0x08,
    0x05, 0x4A, 0x8E, 0xD1, 0x6D, 0x79, 0x79, 0x18, 0x09, 0xF0, 0xB5, 0x1A, 0x3D, 0x86, 0x3D, 0x63,
    0x8B, 0x31, 0xC6, 0xBC, 0x98, 0x86, 0x8D, 0x39, 0x3C, 0x2F, 0xB8, 0xAF, 0x31, 0x27, 0xCA, 0x65,
    0x58, 0x31, 0xAA, 0x19, 0x9E, 0x85, 0xBD, 0x8D, 0x27, 0xDF, 0x5D, 0x39, 0x3F, 0x29, 0xED, 0x5C,
    0xAC, 0xAB, 0x5E, 0x76, 0xF1, 0x06, 0xB0, 0xDB, 0x0C, 0x4F, 0xF3, 0xDE, 0xA8, 0x92, 0xCE, 0xEA,
    0xA7, 0x3F, 0x37, 0xE0, 0xE7, 0x04, 0xA2, 0x49, 0x0A, 0xD2, 0x66, 0x12, 0xCF, 0x37, 0x97, 0x47,
    0x22, 0x17, 0x22, 0x2B, 0x91, 0xA3, 0x48, 0x9E, 0xCC, 0x7D, 0x80, 0x5A, 0x90, 0x70, 0x21, 0xD6,
    0x17, 0x84, 0x29, 0xAD, 0xD4, 0x82, 0xD5, 0xD7, 0xC9, 0xCF, 0x59, 0x88, 0x53, 0x01, 0xAA, 0x1E,
    0x81, 0x0F, 0xA0, 0x6A, 0x91, 0xEA, 0x00, 0xAA, 0xD2, 0x67, 0x20, 0xE4, 0x9C, 0x58, 0x41, 0x65,
    0x7C, 0x2A, 0x09, 0x7C, 0x55, 0xF1, 0xE4, 0x71, 0x59, 0x11, 0x41, 0xC2, 0xA6, 0x8A, 0x19, 0xD7,
    0x44, 0x42, 0x26, 0x80, 0x5C, 0xC2, 0xDF, 0xAC, 0x66, 0xA5, 0x4C, 0x89, 0xDA, 0xCD, 0x0B, 0xC7,
    0x88, 0x30, 0xD9, 0xB2, 0x42, 0x16, 0x21, 0xA5, 0x2A, 0x5B, 0x0A, 0x2A, 0xF8, 0x51, 0xB6, 0x45,
    0x68, 0x15, 0xA2, 0x44, 0x4E, 0x5D, 0x3C, 0xFD, 0x65, 0x04, 0x00, 0x4C, 0xAD, 0x6E, 0x15, 0x4B,
    0x86, 0x34, 0x73, 0xAC, 0x73, 0x83, 0xC8, 0xD5, 0x28, 0x6F, 0x89, 0x6D, 0x07, 0x02, 0x3A, 0xB6,
    0x4C, 0x5A, 0x5B, 0xFA, 0xB6, 0xE3, 0x8E, 0xDB, 0x05, 0x3D, 0x4A, 0x61, 0x8B, 0x52, 0x58, 0x48,
    0x29, 0xFC, 0x93, 0x21, 0xCD, 0x5B, 0x07, 0x80, 0x82, 0x55, 0x02, 0x2B, 0x2C, 0x69, 0x91, 0x48,
    0xFF, 0x59, 0x00, 0xCF, 0x01, 0x7A, 0x77, 0x01, 0xE8, 0xC7, 0x16, 0xD0, 0x7D, 0x02, 0x7A, 0xB7,
    0x07, 0xD0, 0xBB, 0x7D, 0x80, 0xDE, 0x6C, 0x01, 0xFA, 0x68, 0xE3, 0xDF, 0x0A, 0x9A, 0x5C, 0x02,
    0xFB, 0xA9, 0xC4, 0xD1, 0xAE, 0x98, 0x53, 0x30, 0x0D, 0x10, 0x14, 0x7E, 0x5F, 0x33, 0x09, 0x50,
    0xA7, 0xFD, 0x9E, 0x60, 0x9A, 0x37, 0x44, 0xCD, 0x5A, 0xA4, 0x69, 0x1E, 0x75, 0xCA, 0x7B, 0xD4,
    0xE0, 0xB4, 0xFE, 0xAF, 0x1A, 0x8D, 0x4C, 0xF9, 0xA0, 0x41, 0x8A, 0x87, 0x90, 0xB0, 0xC4, 0x4B,
    0x8D, 0x3E, 0x52, 0x71, 0xD4, 0xC0, 0x34, 0xB7, 0x20, 0x13, 0x75, 0x04, 0x19, 0x17, 0x73, 0xC8,
    0xA8, 0x79, 0x17, 0x32, 0x6C, 0x7A, 0xC8, 0xE0, 0x9F, 0x29, 0xFD, 0x4F, 0x3A, 0x48, 0xF5, 0x87,
    0x86, 0xD2, 0x88, 0xAC, 0x0B, 0xCA, 0x5C, 0x51, 0x66, 0x22, 0x55, 0xFA, 0xA4, 0x61, 0xDC, 0x1F,
    0x8B, 0xF6, 0x4D, 0xE6, 0x83, 0x8E, 0x95, 0x34, 0x36, 0x94, 0x3E, 0xF7, 0x8C, 0x02, 0x69, 0x4C,
    0x18, 0xF4, 0x91, 0xE0, 0x69, 0xBF, 0x20, 0x9E, 0x56, 0xC4, 0x53, 0xC1, 0x51, 0x11, 0x7A, 0xF3,
    0x4D, 0x84, 0x3C, 0x95, 0x79, 0xF2, 0x86, 0xBC, 0x2B, 0xAB, 0x04, 0x5C, 0x4F, 0x56, 0x96, 0x3D,
    0x8C, 0xE5, 0xD6, 0xC4, 0x83, 0x4C, 0x7F, 0x41, 0xC3, 0x82, 0xF2, 0x08, 0x10, 0x27, 0xE7, 0x49,
    0x0B, 0x1B, 0x53, 0x1C, 0x91, 0xBB, 0x32, 0xDE, 0xD2, 0x62, 0x7C, 0x66, 0xAD, 0x2C, 0xD8, 0x96,
    0x7B, 0x8B, 0xC1, 0xF6, 0xB8, 0xA0, 0xD0, 0x77, 0x36, 0x14, 0x9A, 0xF4, 0x67, 0xB1, 0x45, 0xA1,
    0xA7, 0xA2, 0xB2, 0x97, 0x42, 0x63, 0x3E, 0xDF, 0x23, 0x85, 0x56, 0x8E, 0x42, 0x4F, 0x4E, 0x21,
    0x44, 0x5C, 0xA9, 0x8A, 0x9F, 0x71, 0xFC, 0xC9, 0xA8, 0x81, 0x23, 0x79, 0x56, 0xA6, 0xE6, 0xDC,
    0x42, 0x6A, 0xA7, 0xE2, 0x4F, 0xF3, 0x43, 0x44, 0x67, 0x91, 0xE1, 0xED, 0x63, 0x3C, 0xCD, 0x85,
    0xCD, 0x25, 0x05, 0x77, 0xA6, 0xD9, 0x2F, 0xA4, 0xBD, 0x63, 0x9F, 0xDA, 0x99, 0xF6, 0xAD, 0xF8,
    0x2C, 0x03, 0x7D, 0x0E, 0x64, 0x35, 0x35, 0x13, 0xCC, 0xB4, 0x4C, 0x73, 0x6B, 0x47, 0xFC, 0x4E,
    0x0A, 0xE1, 0xF9, 0x51, 0x2B, 0x50, 0x4C, 0x0D, 0x07, 0x42, 0x6E, 0x45, 0x43, 0x64, 0xA4, 0x8B,
    0xC9, 0x8C, 0x6E, 0x13, 0x4E, 0x31, 0x4C, 0x42, 0x7E, 0xC6, 0xC7, 0x5C, 0x05, 0x46, 0x52, 0x73,
    0x4E, 0x1E, 0xA4, 0x8E, 0x21, 0xB3, 0x51, 0x25, 0x46, 0x22, 0xE2, 0x31, 0xE2, 0x1F, 0x3B, 0x1C,
    0x2B, 0x4B, 0x81, 0xC5, 0x52, 0x5F, 0xBC, 0x00, 0x27, 0x5A, 0xDE, 0xA5, 0xFB, 0xB5, 0x08, 0x35,
    0x05, 0xDA, 0x25, 0xF1, 0xE3, 0x5D, 0xAA, 0xB0, 0x3B, 0x46, 0x37, 0x10, 0x65, 0x1A, 0x24, 0x5B,
    0x27, 0x58, 0xC8, 0x37, 0xFF, 0xFA, 0xA4, 0x60, 0x26, 0xDD, 0xE8, 0xC4, 0x0F, 0x7F, 0x96, 0xCB,
    0xEA, 0xDE, 0xB7, 0x3F, 0xBD, 0xF7, 0xB2, 0x25, 0x0B, 0x66, 0xBA, 0x30, 0x39, 0x05, 0xF7, 0xFF,
    0x2C, 0x97, 0xD5, 0xBD, 0x97, 0x3F, 0xBC, 0xB7, 0xFC, 0x6F, 0x0E, 0x24, 0x37, 0x58, 0xA9, 0x5C,
    0x16, 0x5F, 0x77, 0xF9, 0xAE, 0x44, 0xA7, 0x0D, 0xD1, 0xEC, 0xF1, 0xCD, 0x10, 0x6A, 0xBA, 0x90,
    0x04, 0x04, 0x16, 0x58, 0x82, 0xC4, 0x6D, 0x66, 0x8B, 0xD2, 0x45, 0x65, 0xB2, 0x3F, 0x3B, 0xFB,
    0x54, 0xE6, 0xE5, 0x46, 0x7A, 0xA8, 0x4E, 0xDC, 0x56, 0xDD, 0x40, 0x10, 0xFB, 0x2A, 0xEA, 0x5E,
    0x11, 0xFD, 0x2A, 0xC2, 0x5C, 0x45, 0xCC, 0x9B, 0x44, 0xB4, 0xF9, 0x86, 0xD4, 0x93, 0xA7, 0xAB,
    0xBF, 0x36, 0x7C, 0x43, 0xBB, 0x77, 0x9F, 0x14, 0x3B, 0x37, 0x05, 0x57, 0x2E, 0x3B, 0x81, 0xEB,
    0x81, 0x3B, 0x7C, 0x09, 0x8A, 0x34, 0x23, 0xF5, 0x09, 0x24, 0xB4, 0x57, 0x9B, 0xCC, 0x4E, 0x29,
    0x98, 0x90, 0xA0, 0x58, 0x1E, 0xA3, 0x41, 0x84, 0xD0, 0xC5, 0x49, 0xC8, 0xD3, 0x74, 0xF3, 0x06,
    0x71, 0x15, 0xFD, 0xE4, 0x37, 0x8B, 0x59, 0xC7, 0x95, 0x0B, 0xE2, 0x29, 0x15, 0xF4, 0xEA, 0x73,
    0x5E, 0x22, 0x8B, 0xE9, 0x79, 0x9B, 0x80, 0x22, 0x60, 0x23, 0xB2, 0x04, 0xB6, 0x92, 0x0B, 0x21,
    0x0D, 0xE4, 0x0A, 0xE0, 0x14, 0x74, 0x3F, 0xD9, 0x1A, 0xC0, 0x89, 0x38, 0x40, 0x6A, 0xBA, 0x7D,
    0xD1, 0xD1, 0xEE, 0x45, 0x66, 0x4E, 0xEF, 0xB9, 0x55, 0xA0, 0x82, 0x90, 0x0F, 0xBB, 0xC3, 0xB4,
    0x5F, 0x6C, 0x77, 0xF7, 0x6A, 0x1E, 0xF3, 0xD0, 0xB0, 0xCA, 0xAC, 0xD1, 0xD7, 0x64, 0xE0, 0x2C,
    0x19, 0x60, 0x39, 0x23, 0x70, 0xC9, 0x15, 0x03, 0xEB, 0x65, 0xC1, 0x39, 0x5C, 0xCE, 0xF6, 0x20,
    0xC1, 0x88, 0x9B, 0x0C, 0xE6, 0x23, 0x1C, 0x66, 0x84, 0x6B, 0x50, 0xC3, 0x8C, 0x71, 0xC1, 0x78,
    0x01, 0x49, 0xCB, 0x70, 0xFA, 0xEC, 0x00, 0x01, 0x91, 0xA2, 0xA3, 0x78, 0xAE, 0x58, 0x3A, 0xCB,
    0xC4, 0x42, 0x62, 0xBD, 0xDA, 0x94, 0x80, 0x80, 0x32, 0x3F, 0x89, 0xCB, 0x53, 0x41, 0x58, 0xFA,
    0x22, 0xC1, 0x35, 0x2F, 0xEB, 0x3B, 0xB8, 0x6F, 0x3E, 0x28, 0xA3, 0x55, 0x58, 0x4A, 0xEC, 0x7A,
    0x6F, 0x73, 0x91, 0x0E, 0x70, 0x51, 0x44, 0x83, 0x5D, 0xE1, 0x16, 0x6E, 0xDF, 0xC6, 0x98, 0x83,
    0x03, 0xFC, 0x04, 0x46, 0x35, 0xED, 0xAC, 0x35, 0xE8, 0x68, 0x56, 0x60, 0xC1, 0x23, 0x48, 0xEA,
    0xB8, 0x05, 0x3B, 0xC8, 0x00, 0x90, 0x19, 0x6F, 0x60, 0xD4, 0xA6, 0x20, 0x6E, 0x71, 0x37, 0x6B,
    0x02, 0xC6, 0xF7, 0x92, 0xDD, 0x50, 0xEB, 0x62, 0xE4, 0x81, 0x23, 0x66, 0xA9, 0x5C, 0x47, 0x18,
    0xC9, 0x76, 0x58, 0xEC, 0xDE, 0x96, 0xCA, 0xC6, 0xCA, 0xA4, 0xE3, 0x52, 0xD9, 0x2E, 0x89, 0xCF,
    0xD1, 0x08, 0x75, 0x37, 0xEF, 0x7E, 0x2C, 0x9D, 0x10, 0x31, 0xDA, 0x5B, 0x57, 0xC5, 0x40, 0x87,
    0x0C, 0xB6, 0x69, 0x94, 0x1E, 0x46, 0xC0, 0x08, 0xFC, 0xA6, 0x11, 0x35, 0xD4, 0x28, 0x2D, 0x4C,
    0x23, 0x42, 0x2B, 0x4B, 0xAB, 0xB6, 0x85, 0xAA, 0x5B, 0x15, 0xE2, 0x4C, 0xC9, 0x49, 0x2D, 0x15,
    0x6B, 0x2E, 0xB5, 0x2B, 0x6A, 0xDC, 0x4B, 0xCD, 0x76, 0xD1, 0x5F, 0xB8, 0x28, 0x4D, 0xBA, 0xC3,
    0x22, 0x64, 0x70, 0x22, 0x28, 0x73, 0xCC, 0x0F, 0x5B, 0x52, 0xE2, 0xB8, 0x24, 0x3B, 0x4E, 0x59,
    0xA2, 0x4B, 0xCC, 0x1C, 0xA4, 0x31, 0xAA, 0xE2, 0x1F, 0xB0, 0xF5, 0x8A, 0x59, 0x86, 0x13, 0x09,
    0xC0, 0x54, 0xE4, 0x71, 0xFC, 0x3A, 0x5B, 0xAF, 0xF8, 0x35, 0x30, 0xCE, 0x81, 0x1E, 0x85, 0xA5,
    0x4B, 0xAC, 0x85, 0x15, 0x92, 0x22, 0xE5, 0x6A, 0x0D, 0xAB, 0x68, 0xD0, 0x81, 0x4C, 0xD5, 0x46,
    0x7F, 0xDF, 0x5B, 0x09, 0xE0, 0x64, 0x54, 0xE2, 0x60, 0x8C, 0x4C, 0x1B, 0xA1, 0xF1, 0xE0, 0xCD,
    0x5C, 0xB2, 0x27, 0xFF, 0x8D, 0x07, 0xBA, 0xA5, 0x67, 0xC4, 0xDB, 0x94, 0x2C, 0x92, 0x7C, 0x52,
    0x98, 0xA5, 0xF6, 0x7F, 0x0B, 0xE6, 0x09, 0x86, 0x4A, 0x7E, 0x9A, 0xE0, 0xD0, 0x64, 0xA5, 0xE4,
    0xA4, 0x43, 0xD4, 0x9C, 0x83, 0x89, 0x62, 0xA5, 0xC6, 0x40, 0x73, 0x83, 0x33, 0xAF, 0x31, 0x0E,
    0x8A, 0x57, 0x54, 0xF8, 0x0B, 0x18, 0x91, 0x2D, 0x66, 0x5D, 0x6E, 0x75, 0x0C, 0x9F, 0x6F, 0xDD,
    0x11, 0x6A, 0x8E, 0x50, 0x9E, 0x8E, 0x1C, 0x49, 0xB7, 0x59, 0x95, 0xE9, 0x1F, 0x68, 0x8F, 0xF0,
    0x10, 0xB0, 0x1D, 0x11, 0xF2, 0x23, 0x92, 0x67, 0x84, 0x07, 0x47, 0x38, 0x75, 0x94, 0x7F, 0xA6,
    0x0B, 0x68, 0x19, 0x03, 0x4F, 0x82, 0x4F, 0x96, 0xA8, 0xAE, 0x1B, 0x1E, 0x07, 0x7A, 0x3B, 0xB6,
    0x8E, 0x21, 0x06, 0x42, 0xB6, 0x82, 0xA7, 0x2A, 0xB6, 0x24, 0x1D, 0xBE, 0xA4, 0x1D, 0xCC, 0x9F,
    0x53, 0x2C, 0xBB, 0x87, 0x9D, 0x7A, 0xD4, 0x9D, 0xF7, 0xEA, 0x93, 0x4E, 0x0F, 0xFE, 0xAF, 0x3B,
    0x5D, 0x05, 0xFF, 0xD4, 0xE9, 0xDB, 0xE1, 0xFB, 0x9D, 0xCE, 0xE2, 0x17, 0x3A, 0x9D, 0xC4, 0x41,
    0xA7, 0xE3, 0xFF, 0x05, 0x11, 0x41, 0x23, 0x1D, 0x88, 0x00, 0xAB, 0x40, 0x3F, 0x04, 0x21, 0x01,
    0x74, 0x75, 0x20, 0x37, 0x37, 0xB1, 0x73, 0xDD, 0x1C, 0x29, 0x4E, 0xF5, 0x19, 0xE2, 0xCE, 0xA0,
    0x6D, 0x9C, 0x35, 0x39, 0xBC, 0xBF, 0x10, 0xEA, 0x2D, 0xCC, 0x7B, 0x87, 0x06, 0x54, 0xC2, 0xB7,
    0xFD, 0x9E, 0x73, 0x38, 0x37, 0xDC, 0xE4, 0xA2, 0x94, 0x58, 0x87, 0x05, 0x4F, 0x3F, 0x86, 0xD9,
    0x99, 0xFA, 0x94, 0x10, 0xD6, 0x2E, 0x4B, 0x82, 0x13, 0x23, 0x10, 0xEC, 0xAC, 0x1F, 0xA5, 0xC9,
    0xF2, 0x65, 0x4C, 0xBF, 0x57, 0x78, 0x46, 0x36, 0xCB, 0xB9, 0x0F, 0xF1, 0x8E, 0x9E, 0x9D, 0x3D,
    0x9E, 0x54, 0x2F, 0x75, 0x68, 0xD6, 0xC9, 0xD9, 0x57, 0x73, 0xC9, 0x99, 0x4A, 0x32, 0xC8, 0xA6,
    0xF4, 0x28, 0x9F, 0x85, 0x65, 0x7A, 0x67, 0x5F, 0xC5, 0x34, 0x55, 0xEB, 0xC9, 0x5E, 0x92, 0x5C,
    0xD9, 0xD3, 0x0F, 0x66, 0x05, 0x5E, 0xAD, 0x10, 0x3E, 0xE8, 0x27, 0x3D, 0x44, 0xA0, 0x0F, 0x0F,
    0xE1, 0xBF, 0x0F, 0xF1, 0x0B, 0x01, 0x85, 0x36, 0x0C, 0x4F, 0x95, 0x3A, 0xE2, 0xE4, 0x23, 0xEC,
    0x3C, 0x47, 0x34, 0x30, 0xFD, 0x49, 0x7D, 0x39, 0xC8, 0xE0, 0x1B, 0x0B, 0x96, 0x98, 0xF6, 0x15,
    0x10, 0xE4, 0x9C, 0x2D, 0x55, 0x2B, 0x4C, 0xED, 0x3A, 0x0A, 0xB7, 0x11, 0x29, 0x6A, 0xA7, 0x4F,
    0x90, 0x8B, 0x3F, 0x5D, 0xD5, 0x65, 0xCA, 0x9A, 0x72, 0xCC, 0x52, 0x82, 0x80, 0xA4, 0x43, 0x35,
    0xBD, 0x39, 0x09, 0xF9, 0x29, 0x0F, 0x64, 0x4A, 0xCE, 0xC9, 0xF1, 0x80, 0xD7, 0x7C, 0x16, 0x0A,
    0x59, 0xEA, 0x09, 0xBB, 0x09, 0xC1, 0x87, 0x77, 0xE2, 0x26, 0xEC, 0x80, 0x3C, 0x38, 0x2B, 0x52,
    0x08, 0xAD, 0xA7, 0x5A, 0x40, 0xE5, 0xB4, 0xB7, 0xFD, 0x48, 0x8C, 0x72, 0x96, 0x03, 0xFE, 0x2B,
    0xE2, 0x39, 0xB1, 0x3C, 0x41, 0x77, 0x19, 0x35, 0x49, 0x89, 0x2D, 0x81, 0xF8, 0x9F, 0x25, 0x62,
    0x5C, 0x64, 0x8F, 0x8E, 0x42, 0x55, 0xDB, 0xE3, 0xFA, 0x6C, 0x00, 0x31, 0xC1, 0x58, 0x16, 0xB3,
    0x86, 0xC0, 0x77, 0x60, 0xDE, 0xDC, 0xDB, 0xDF, 0xB0, 0x92, 0x84, 0xED, 0x17, 0x25, 0x51, 0x17,
    0xC1, 0xB4, 0x84, 0xEC, 0x39, 0xC9, 0xFB, 0x76, 0x97, 0x2F, 0x42, 0x72, 0x7D, 0xB1, 0x85, 0x6D,
    0x72, 0x8D, 0xB9, 0xD2, 0x38, 0x4D, 0xB2, 0xE6, 0x93, 0x7A, 0xFD, 0x04, 0xF6, 0xB8, 0x16, 0xF6,
    0x58, 0xB0, 0x6F, 0x6A, 0x2E, 0x0B, 0x79, 0xB0, 0x4D, 0x17, 0xA3, 0xE6, 0x5A, 0x01, 0x0E, 0x47,
    0x01, 0x66, 0x33, 0x7A, 0x2B, 0xDE, 0xCB, 0xAF, 0x08, 0x79, 0x20, 0x53, 0x0C, 0xD1, 0xF9, 0x6A,
    0xCD, 0xC5, 0x1A, 0x78, 0x8C, 0x69, 0x98, 0xBE, 0xF9, 0xE0, 0xA7, 0xF4, 0x33, 0xE5, 0x6C, 0xA5,
    0x6A, 0xD3, 0xBC, 0x72, 0xD8, 0x93, 0x17, 0xD1, 0xF5, 0xC8, 0xE4, 0x63, 0xB0, 0x1B, 0x12, 0x1C,
    0x5B, 0x9C, 0x70, 0xD3, 0xD3, 0x3F, 0x3A, 0xEC, 0xE1, 0xEC, 0xD9, 0x39, 0x16, 0x4C, 0x56, 0x88,
    0x75, 0x62, 0x61, 0xA0, 0xC3, 0x5E, 0x33, 0x17, 0x35, 0xB2, 0xAC, 0xD2, 0xC8, 0xD5, 0x05, 0xB1,
    0x3F, 0x23, 0x9E, 0x59, 0xA1, 0xF9, 0x53, 0x1E, 0xD8, 0x29, 0x32, 0x39, 0xD0, 0x51, 0x6F, 0x17,
    0xE0, 0x52, 0x60, 0x42, 0x1D, 0x38, 0x20, 0x90, 0x30, 0xE8, 0x72, 0xB5, 0x3B, 0x78, 0x8F, 0xCF,
    0xA0, 0x61, 0xC7, 0x12, 0xE2, 0x03, 0xAA, 0x43, 0xA0, 0x40, 0xDC, 0x04, 0x5D, 0x5A, 0x04, 0xDD,
    0xB1, 0xE2, 0x3D, 0x57, 0xCE, 0x69, 0xFE, 0x18, 0x23, 0xBC, 0xA8, 0x70, 0x9F, 0x97, 0x09, 0xF8,
    0xED, 0xAB, 0xD8, 0xA1, 0x92, 0xEB, 0x95, 0x35, 0xDB, 0xCF, 0xB6, 0xE6, 0x94, 0x21, 0x06, 0xD5,
    0x98, 0x23, 0x9E, 0x32, 0xE6, 0x3D, 0x78, 0xEF, 0x23, 0x33, 0x44, 0x6B, 0x7F, 0x04, 0x88, 0x9D,
    0x92, 0x81, 0x92, 0x49, 0xE2, 0xD9, 0x8D, 0xC6, 0x25, 0x0C, 0x3D, 0x56, 0xEA, 0x0E, 0xD4, 0x20,
    0xD1, 0x82, 0xC2, 0x07, 0xA5, 0x22, 0x23, 0x55, 0xEA, 0x5D, 0xE5, 0x75, 0xEE, 0x1C, 0x4F, 0x4D,
    0xDD, 0xF6, 0x95, 0x00, 0x89, 0x21, 0x6D, 0x4B, 0xC0, 0xE9, 0x6E, 0x09, 0x38, 0x30, 0x27, 0xB9,
    0x19, 0x1E, 0xDC, 0x79, 0xC7, 0x3E, 0x65, 0xB8, 0x77, 0x2A, 0xC2, 0xA5, 0xEE, 0x54, 0x38, 0xC8,
    0x3D, 0xAE, 0x71, 0x16, 0x62, 0x85, 0x2E, 0x5D, 0x17, 0xF7, 0xF5, 0x7D, 0x16, 0xC9, 0xDD, 0xBF,
    0x7F, 0xE8, 0x1E, 0xF6, 0xFF, 0x20, 0x1A, 0x93, 0x8D, 0x3D, 0xEE, 0x5F, 0xDD, 0x87, 0x92, 0xF7,
    0x1D, 0xB1, 0xB9, 0xD1, 0xFF, 0x0B, 0x83, 0xE9, 0xC1, 0xFE, 0x85, 0x8C, 0x3A, 0x39, 0xBA, 0x82,
    0xB7, 0x2D, 0x47, 0x91, 0x24, 0xCA, 0x5A, 0xD8, 0x0A, 0xEE, 0x7B, 0x6B, 0x79, 0x9A, 0x7B, 0x56,
    0x92, 0xAB, 0xE6, 0xC2, 0x53, 0x73, 0xF0, 0x13, 0x66, 0x16, 0x49, 0xF5, 0x60, 0xC8, 0x70, 0x04,
    0x67, 0x95, 0x7A, 0xBC, 0x1C, 0x25, 0x0A, 0x2C, 0xEC, 0x18, 0xC7, 0x6B, 0xC1, 0x3D, 0x3B, 0x4A,
    0xD6, 0xEE, 0xB8, 0xF4, 0xFB, 0xCD, 0xF7, 0x26, 0x69, 0x6D, 0xDF, 0x42, 0xB9, 0x1D, 0x4F, 0x96,
    0x4C, 0x5D, 0x89, 0xA7, 0xD5, 0x67, 0x8C, 0x27, 0xEF, 0x2D, 0x5B, 0x49, 0xB9, 0x58, 0xE2, 0xDA,
    0x0D, 0xF7, 0x67, 0x99, 0xDF, 0xFC, 0x82, 0xF9, 0x05, 0xCD, 0x7E, 0xE6, 0x17, 0xED, 0x67, 0x7E,
    0x1E, 0x2A, 0xA2, 0xC7, 0xBC, 0x45, 0xD1, 0x96, 0x56, 0x26, 0x2A, 0x3E, 0x3B, 0x2B, 0x6D, 0x76,
    0x59, 0xA9, 0x7A, 0xCB, 0x2F, 0xD4, 0x10, 0x95, 0xC2, 0x1D, 0x72, 0x63, 0x59, 0x81, 0xFA, 0xE3,
    0x32, 0x8A, 0xCF, 0x58, 0x7B, 0xCB, 0x89, 0xF1, 0x5D, 0xCE, 0x5E, 0x69, 0x78, 0x58, 0x94, 0xB0,
    0xAF, 0xBB, 0x90, 0xCE, 0xF9, 0xBC, 0x54, 0xF6, 0x72, 0x4A, 0x03, 0xB2, 0x2B, 0xF1, 0x79, 0x01,
    0x1D, 0x00, 0x98, 0x16, 0x60, 0x94, 0x00, 0x26, 0x16, 0x34, 0x7A, 0x28, 0x29, 0xE2, 0x53, 0xA9,
    0x38, 0x49, 0xAE, 0x8E, 0xB0, 0xCE, 0xAD, 0x14, 0xF6, 0x0E, 0xDB, 0xA3, 0xB8, 0xA8, 0xB0, 0xE2,
    0x3C, 0x6E, 0x84, 0x14, 0x86, 0x3F, 0xC5, 0xD9, 0xF4, 0x10, 0xFC, 0x0B, 0x2E, 0xA7, 0xBD, 0xFF,
    0x87, 0x56, 0xF2, 0x54, 0xDA, 0x9A, 0x56, 0xD5, 0x6C, 0x58, 0x85, 0xC4, 0xB1, 0x4C, 0x06, 0xDD,
    0xB8, 0x25, 0x2B, 0x6C, 0x10, 0xB4, 0x94, 0x61, 0xBB, 0x60, 0xB8, 0xB2, 0xBD, 0x69, 0x62, 0x50,
    0xDF, 0x94, 0x2D, 0x0F, 0x0C, 0x93, 0xE0, 0xEE, 0x4F, 0x3A, 0x96, 0xD7, 0xDF, 0xF5, 0x47, 0x2A,
    0xF8, 0x65, 0x37, 0x60, 0xE3, 0x4F, 0x9A, 0x77, 0xD1, 0xD9, 0x3D, 0x2A, 0x33, 0x36, 0x23, 0xDC,
    0x83, 0x2A, 0x96, 0x16, 0x2F, 0x2F, 0x84, 0x70, 0x47, 0x11, 0x92, 0x7F, 0x97, 0x9E, 0xA2, 0x1E,
    0x9C, 0x51, 0xC0, 0xBB, 0x95, 0xB7, 0x6C, 0x70, 0x0F, 0xD1, 0xCD, 0x43, 0x29, 0xB1, 0x8E, 0xFB,
    0x26, 0x02, 0x21, 0x5F, 0x3D, 0x53, 0x37, 0x76, 0x32, 0x5F, 0xC3, 0x73, 0xB5, 0x25, 0x84, 0xF9,
    0x88, 0x08, 0x76, 0x1F, 0x6C, 0x09, 0xE4, 0xB2, 0x12, 0x2E, 0x87, 0x9F, 0xCB, 0x82, 0xE6, 0x2F,
    0x27, 0x91, 0x50, 0x2C, 0x2D, 0x55, 0xF4, 0x8D, 0x2D, 0xE7, 0x87, 0xE6, 0x04, 0x27, 0xC4, 0x9A,
    0xA0, 0x4B, 0xE7, 0x1E, 0x4E, 0x9B, 0x4A, 0xA2, 0x1F, 0x6F, 0xA1, 0x89, 0x20, 0x8B, 0x64, 0xC0,
    0xE8, 0xB4, 0xC0, 0x9F, 0x93, 0x5A, 0xEE, 0x4C, 0x72, 0x90, 0x99, 0xDB, 0x48, 0xF4, 0x40, 0x64,
    0x6E, 0xC1, 0xE3, 0xDC, 0x7B, 0x45, 0x73, 0x63, 0x36, 0x17, 0xA9, 0x01, 0x60, 0x1C, 0x50, 0xE4,
    0x06, 0x40, 0xB1, 0xBE, 0x73, 0x82, 0xDE, 0x06, 0xB3, 0x10, 0x4B, 0x4A, 0x33, 0x8B, 0xC7, 0xC8,
    0xA1, 0x4C, 0x29, 0x42, 0xEE, 0x59, 0x11, 0x32, 0x88, 0x69, 0x00, 0x40, 0xDB, 0x9D, 0x77, 0xB4,
    0x5A, 0x72, 0x01, 0x2C, 0x05, 0xD0, 0xB7, 0x35, 0x4F, 0xF2, 0x93, 0xDE, 0x50, 0x12, 0x21, 0x2A,
    0xF8, 0x35, 0x41, 0x39, 0xFC, 0x25, 0x95, 0x64, 0x20, 0x29, 0x89, 0x68, 0xB2, 0x58, 0xA9, 0x79,
    0x42, 0x9F, 0x96, 0x34, 0xB9, 0x5A, 0x2D, 0x5F, 0x86, 0xAA, 0x03, 0x31, 0xC5, 0xEF, 0x33, 0x6C,
    0x14, 0x74, 0x19, 0x76, 0x0A, 0x9B, 0x4C, 0xE2, 0x38, 0x23, 0xA1, 0x28, 0x32, 0x78, 0x2A, 0x45,
    0x20, 0x2C, 0x30, 0x32, 0x84, 0x5B, 0x25, 0xA5, 0x55, 0xF9, 0x2B, 0x6E, 0xC5, 0x55, 0xC2, 0x8F,
    0xB8, 0xC5, 0x1B, 0x4C, 0xBD, 0x97, 0x18, 0x9A, 0x4C, 0xC6, 0x23, 0x9A, 0xA8, 0x66, 0x53, 0x4B,
    0xF0, 0x06, 0x2D, 0xA7, 0xCB, 0xC1, 0x9A, 0x83, 0x56, 0x0B, 0xB1, 0x43, 0xFC, 0x97, 0x9A, 0x91,
    0xA8, 0x43, 0x04, 0xA5, 0x66, 0x83, 0x27, 0xC7, 0xD1, 0xF6, 0x3C, 0xDA, 0x1E, 0x88, 0xC1, 0x28,
    0x29, 0x1C, 0x7C, 0x42, 0x3B, 0xD9, 0x33, 0x59, 0xB2, 0xAB, 0x6C, 0x9E, 0x52, 0x43, 0x1E, 0xCB,
    0xBA, 0x67, 0xBA, 0x00, 0xCD, 0x72, 0xD4, 0x54, 0x8D, 0xA3, 0x11, 0x3C, 0xEC, 0xD9, 0xB4, 0x3D,
    0x1C, 0xEC, 0xC9, 0xD3, 0x69, 0x7B, 0x3C, 0xCD, 0xFC, 0x04, 0x54, 0xDA, 0x03, 0x6A, 0x7B, 0x42,
    0xCD, 0xA3, 0xA6, 0x05, 0x96, 0x96, 0x5D, 0x53, 0xD9, 0xF4, 0x88, 0xEE, 0x52, 0xF3, 0x4A, 0x42,
    0xE4, 0x88, 0xB2, 0xCF, 0x24, 0x44, 0x52, 0xE7, 0x37, 0x91, 0xD8, 0x2D, 0xFA, 0xE1, 0xFB, 0xD8,
    0x2C, 0x7E, 0xE9, 0x7D, 0x6C, 0x92, 0x44, 0xC8, 0x60, 0x9D, 0x51, 0x61, 0x7D, 0x9B, 0xDC, 0x5C,
    0x57, 0x51, 0x73, 0xA4, 0x88, 0x8F, 0x29, 0xEB, 0x04, 0x6B, 0x82, 0xC8, 0xB0, 0x23, 0x58, 0x40,
    0x2F, 0x7C, 0x61, 0xC9, 0x29, 0x59, 0xAF, 0xF3, 0x8D, 0xEB, 0xAC, 0x33, 0x7D, 0x1A, 0x03, 0xA1,
    0xB4, 0x9E, 0x92, 0x30, 0x38, 0xCF, 0x0F, 0x51, 0xB0, 0x3B, 0x1E, 0x28, 0x92, 0xF3, 0xF0, 0x54,
    0xA3, 0x38, 0xED, 0x54, 0x9C, 0xC6, 0xE3, 0xD8, 0x91, 0x89, 0xFF, 0xE9, 0xBA, 0x51, 0x80, 0x87,
    0xFB, 0x5A, 0x81, 0x18, 0xC4, 0x4E, 0x83, 0xF0, 0x4B, 0xBA, 0x2D, 0x79, 0x09, 0xDB, 0x44, 0x1F,
    0x97, 0x74, 0x20, 0x4C, 0xFF, 0x70, 0xBD, 0x26, 0xD5, 0x4F, 0x0B, 0xC4, 0x12, 0x5E, 0x2B, 0xE0,
    0xB1, 0x54, 0x8C, 0x49, 0xC3, 0xCE, 0x99, 0x2A, 0x95, 0xB4, 0x5B, 0x81, 0xCD, 0x10, 0x77, 0x61,
    0x5A, 0x9C, 0xE2, 0x3E, 0xB0, 0x50, 0x0A, 0x31, 0x51, 0x53, 0x0B, 0x06, 0xD1, 0x8F, 0x9D, 0xA0,
    0x96, 0x3F, 0x88, 0x35, 0xD5, 0x83, 0xC1, 0x79, 0xCE, 0xDA, 0x10, 0x51, 0x33, 0xAA, 0x07, 0xDF,
    0xFA, 0x3F, 0xDA, 0xFA, 0xA7, 0xE2, 0x3E, 0x74, 0x13, 0xF6, 0x8C, 0x4B, 0x6E, 0xDD, 0x22, 0x70,
    0x0A, 0x24, 0x07, 0xA9, 0x05, 0x55, 0x2A, 0xA9, 0x19, 0xBE, 0x87, 0x36, 0xAE, 0x24, 0xC6, 0xA4,
    0x20, 0xE7, 0xA2, 0x8A, 0x95, 0x31, 0xA1, 0x08, 0x4B, 0x90, 0x11, 0x78, 0x4C, 0x2A, 0xAD, 0x16,
    0x88, 0x11, 0xE0, 0xE5, 0x03, 0xBB, 0x3B, 0x79, 0xC1, 0xA3, 0x47, 0xDC, 0xF2, 0x07, 0x3D, 0x34,
    0x4F, 0x7D, 0xB4, 0x6E, 0x1A, 0x96, 0x45, 0x8C, 0xDE, 0xA6, 0x02, 0xFA, 0x5D, 0xBF, 0x67, 0x69,
    0xF3, 0x7B, 0x58, 0xA3, 0x67, 0x81, 0x8A, 0x4A, 0x34, 0x78, 0x1D, 0x30, 0xEE, 0x9C, 0xD1, 0xDB,
    0x82, 0x2E, 0x9F, 0xC1, 0x3B, 0xA6, 0x58, 0xDE, 0x9D, 0x35, 0x5F, 0x13, 0x4F, 0x06, 0x53, 0x7D,
    0xEA, 0xA4, 0x56, 0x3F, 0x53, 0x83, 0x6A, 0x9E, 0xA9, 0x50, 0x3C, 0x38, 0x6B, 0xED, 0x33, 0x07,
    0x20, 0x32, 0xF8, 0x9D, 0xF7, 0x66, 0xA4, 0xD6, 0xC5, 0x12, 0x73, 0x57, 0x8E, 0xB2, 0xAE, 0x6C,
    0xD2, 0x76, 0x09, 0xCD, 0xA3, 0xD4, 0x77, 0x62, 0x98, 0x34, 0x44, 0x61, 0xF5, 0x3F, 0x61, 0x8E,
    0x95, 0x2A, 0x82, 0xFE, 0x39, 0x02, 0xE9, 0xB9, 0x3B, 0x6B, 0x47, 0x6C, 0x53, 0x5B, 0xAF, 0xD8,
    0x39, 0xE0, 0x99, 0xB0, 0x4D, 0x49, 0x31, 0xC6, 0x96, 0xD4, 0xC9, 0x12, 0x0A, 0x03, 0x10, 0x57,
    0x58, 0xB7, 0xBB, 0xBC, 0x4F, 0x91, 0x90, 0x12, 0x4F, 0x7C, 0xED, 0xF1, 0x62, 0xDC, 0x88, 0x8A,
    0xD1, 0xB0, 0xA0, 0xBF, 0x60, 0xBA, 0x10, 0x2D, 0x82, 0x4E, 0x9B, 0xD0, 0x58, 0x74, 0x9F, 0x5A,
    0x01, 0x39, 0xEA, 0x3E, 0x41, 0x4E, 0xB3, 0x1F, 0xE3, 0x27, 0xC1, 0x38, 0x00, 0xE7, 0xA0, 0x17,
    0xC4, 0x09, 0x4E, 0x00, 0x3C, 0xF6, 0x88, 0xD1, 0x89, 0xB0, 0x3D, 0xE5, 0x6B, 0xE0, 0x80, 0x69,
    0x99, 0xFE, 0xFA, 0x77, 0xA0, 0x22, 0xCC, 0x37, 0x74, 0x36, 0x27, 0x4F, 0xD8, 0xCD, 0x8A, 0x43,
    0xCE, 0x93, 0x0C, 0x3D, 0xF7, 0x6A, 0xA4, 0x00, 0x42, 0x38, 0xA5, 0x3F, 0x33, 0x3E, 0x67, 0xBD,
    0x63, 0x0C, 0xD3, 0x10, 0x38, 0x1D, 0xA3, 0xC8, 0x0A, 0x69, 0x34, 0x44, 0xC8, 0x53, 0x52, 0xA9,
    0x41, 0xDE, 0x90, 0x77, 0xE3, 0x56, 0x25, 0x8D, 0xAC, 0x67, 0xAB, 0x9B, 0xEC, 0x51, 0x33, 0x2E,
    0x0C, 0x5A, 0x97, 0x59, 0xC3, 0x64, 0x59, 0xD8, 0xE5, 0x07, 0x42, 0x9C, 0x11, 0x26, 0x2F, 0x75,
    0x44, 0xF3, 0xDE, 0x5C, 0x79, 0xBD, 0x6D, 0xC1, 0xC4, 0xBC, 0x70, 0xD8, 0x99, 0xB0, 0x93, 0x3A,
    0x27, 0x22, 0x63, 0x8B, 0xF0, 0x9F, 0xE1, 0x60, 0xC9, 0x35, 0x12, 0x00, 0x61, 0x04, 0x98, 0x80,
    0xF3, 0x2C, 0xC8, 0x4C, 0x2A, 0x57, 0xE5, 0x2A, 0xE4, 0xBC, 0xCD, 0xF8, 0x9C, 0x31, 0x27, 0xB8,
    0x1D, 0xBF, 0x48, 0x16, 0xF5, 0x01, 0x39, 0xEA, 0xCF, 0x11, 0x23, 0xC1, 0xC7, 0x13, 0xC8, 0x7B,
    0x0C, 0x2B, 0x46, 0x07, 0xCE, 0xB2, 0xC4, 0x66, 0x26, 0x47, 0xFA, 0x26, 0x3C, 0x0C, 0xD2, 0x2E,
    0xC2, 0x7F, 0x88, 0xAC, 0x84, 0x4A, 0xF6, 0x8C, 0x3C, 0x2C, 0x41, 0x72, 0x8E, 0xD9, 0x47, 0xEF,
    0x22, 0x0E, 0xB1, 0x53, 0x82, 0x3D, 0x62, 0xC0, 0x1C, 0x92, 0x0B, 0x0F, 0x19, 0xA1, 0x73, 0xB0,
    0x3A, 0x95, 0x90, 0xB7, 0x85, 0x77, 0xBA, 0x0B, 0x06, 0xFB, 0xA7, 0x3B, 0x4B, 0xFA, 0x62, 0xA7,
    0xE2, 0xF7, 0x7A, 0x56, 0x25, 0x98, 0x14, 0x24, 0xFA, 0xD5, 0x67, 0x37, 0x4A, 0x7C, 0xDE, 0x73,
    0xAA, 0x64, 0x6D, 0x89, 0xB3, 0x67, 0x33, 0x16, 0x27, 0x39, 0x3F, 0x90, 0x04, 0x80, 0xF3, 0x5D,
    0xE9, 0x66, 0x4B, 0x56, 0xB8, 0x13, 0xC7, 0xEF, 0x03, 0xC9, 0x41, 0xD9, 0x54, 0xF8, 0x9E, 0x25,
    0x96, 0xF8, 0x35, 0x58, 0xF8, 0x27, 0xAB, 0x4B, 0x94, 0x7C, 0x99, 0xC3, 0x00, 0xDA, 0xC6, 0xDF,
    0x91, 0xBD, 0x93, 0x0A, 0xD7, 0x67, 0x34, 0x00, 0xD8, 0xF9, 0x3A, 0xF4, 0x13, 0xBB, 0x40, 0x55,
    0x14, 0x1F, 0xAE, 0xDC, 0x04, 0xFF, 0xD4, 0xD9, 0xBD, 0xFC, 0x5F, 0xB7, 0xE4, 0x8C, 0x4B, 0xE5,
    0xFD, 0xA1, 0x71, 0xFA, 0x00, 0x3B, 0xAC, 0x86, 0x54, 0xE9, 0x90, 0x3A, 0xE7, 0x93, 0x09, 0x8E,
    0xA6, 0x2F, 0xD5, 0x45, 0x03, 0x60, 0xFF, 0x7C, 0x7B, 0x22, 0xE5, 0x45, 0xCE, 0x6F, 0x81, 0xF0,
    0x0F, 0x7E, 0x59, 0x09, 0x27, 0x39, 0x63, 0xED, 0x1E, 0x18, 0x9C, 0x2C, 0xFC, 0x0C, 0xEA, 0x05,
    0x54, 0xCC, 0x05, 0xF9, 0x49, 0x49, 0x09, 0xAB, 0xE4, 0xCB, 0x60, 0xF7, 0xA5, 0xAD, 0xE3, 0xAC,
    0x88, 0x5A, 0xE8, 0x4E, 0x2E, 0xD7, 0xA0, 0x93, 0x03, 0x6A, 0x0F, 0x69, 0xC0, 0x79, 0x6A, 0x00,
    0x60, 0x73, 0xE3, 0x77, 0x07, 0x42, 0x5F, 0xA7, 0x8E, 0x7B, 0x49, 0x16, 0x32, 0x62, 0x49, 0x82,
    0xB4, 0x91, 0x44, 0x90, 0x26, 0x4B, 0xAC, 0xEC, 0xFA, 0x96, 0x74, 0x2B, 0xAA, 0xB6, 0x0E, 0xF3,
    0xBC, 0x3B, 0x8B, 0x73, 0x8E, 0xB2, 0x70, 0xB7, 0x10, 0x87, 0x15, 0xC4, 0x40, 0xE1, 0x6E, 0xE8,
    0x5E, 0x86, 0x45, 0xD2, 0xC1, 0x63, 0xC1, 0x40, 0xBB, 0x8C, 0x64, 0x8A, 0xA7, 0x5C, 0x22, 0xA3,
    0x2F, 0x73, 0x11, 0x5C, 0x29, 0x15, 0x71, 0x71, 0x4F, 0xA6, 0x70, 0x72, 0x25, 0xAF, 0x71, 0x81,
    0x9E, 0x4B, 0xB5, 0x5C, 0xB4, 0x40, 0x99, 0xD0, 0x6E, 0x23, 0xD9, 0x92, 0x1C, 0x2F, 0x11, 0x22,
    0x5B, 0xA2, 0x24, 0xF7, 0xE9, 0xDF, 0xFF, 0x52, 0xE3, 0xDD, 0xAA, 0xB2, 0xDB, 0x48, 0x2B, 0xA3,
    0xED, 0xF2, 0xF2, 0x9D, 0xF7, 0x71, 0x9C, 0x8A, 0xF3, 0x38, 0x9F, 0xEF, 0xF1, 0x7D, 0x59, 0x47,
    0x78, 0x3B, 0x7D, 0x20, 0x51, 0xAE, 0x86, 0x25, 0x91, 0x57, 0xF5, 0x07, 0x72, 0x09, 0xEC, 0x33,
    0xDF, 0xB9, 0xED, 0x2D, 0xEB, 0x45, 0x6B, 0xB1, 0xA0, 0xD8, 0xCA, 0xC1, 0x65, 0xE7, 0xA1, 0x6A,
    0x04, 0x66, 0x8C, 0xC9, 0x51, 0xCE, 0xBE, 0x1B, 0xDE, 0xA9, 0x0B, 0x72, 0x65, 0x04, 0xAF, 0xC4,
    0x47, 0xD8, 0x2D, 0xE4, 0x1D, 0xC1, 0x40, 0xA4, 0x88, 0x44, 0xB6, 0x67, 0x2F, 0x16, 0x0E, 0x2F,
    0x2E, 0xE8, 0x8E, 0x4E, 0xE4, 0x22, 0x6C, 0xB7, 0xE2, 0x85, 0xA4, 0x21, 0x20, 0x18, 0x1C, 0xF3,
    0x12, 0x08, 0x9C, 0xA1, 0x1F, 0x48, 0x1A, 0x64, 0x6F, 0xDA, 0x44, 0x43, 0xB2, 0xF2, 0x0C, 0xCD,
    0x51, 0x13, 0x1F, 0x67, 0xC3, 0x01, 0x11, 0xD2, 0x85, 0x9E, 0xF9, 0x11, 0x9B, 0x52, 0x69, 0x3F,
    0xE2, 0x3B, 0x6F, 0x53, 0xF5, 0x58, 0x14, 0x8F, 0x4A, 0x79, 0x2C, 0x32, 0x94, 0xA9, 0xFF, 0x59,
    0xED, 0xFE, 0x79, 0xF5, 0x49, 0x74, 0xCE, 0x4A, 0x99, 0x9A, 0x32, 0x7D, 0xAD, 0xFC, 0xB7, 0x87,
    0x44, 0x71, 0x77, 0x04, 0x4F, 0x8B, 0xEA, 0xA3, 0x95, 0xA2, 0x78, 0x45, 0x8A, 0xA9, 0x2A, 0x61,
    0x63, 0xA3, 0x95, 0xA7, 0x90, 0x1E, 0xB0, 0x0B, 0x29, 0xD5, 0xA7, 0x6D, 0x3D, 0x24, 0x6D, 0x44,
    0x68, 0x2E, 0xB1, 0x72, 0xC2, 0xB4, 0x14, 0x38, 0x57, 0x5E, 0xDB, 0x7D, 0x8F, 0x0B, 0x94, 0xC5,
    0x5F, 0x5E, 0xD2, 0xE0, 0x26, 0xDD, 0xE3, 0x62, 0xD3, 0x3D, 0x6A, 0xDB, 0x3D, 0x62, 0xEB, 0xAD,
    0xEE, 0x71, 0x65, 0xBB, 0xC7, 0x07, 0xB8, 0x48, 0xF7, 0x98, 0xB1, 0x7B, 0x4C, 0x8A, 0x23, 0xE9,
    0x1E, 0xCB, 0x39, 0xBB, 0x47, 0xD2, 0x4D, 0x6F, 0x40, 0x01, 0x1E, 0xA4, 0x7B, 0xFC, 0x9D, 0x74,
    0x8F, 0xDE, 0x1F, 0xBA, 0xED, 0xEE, 0x71, 0x59, 0x4A, 0xA6, 0xA4, 0xD2, 0x11, 0xF0, 0xDE, 0x7F,
    0x7A, 0x36, 0x84, 0x19, 0xFF, 0xCD, 0x97, 0xFC, 0xCB, 0x0A, 0xDF, 0xB4, 0xB7, 0x4C, 0x2F, 0x7A,
    0x4B, 0x90, 0xB0, 0x9F, 0xF4, 0xB6, 0xB7, 0xCC, 0xD8, 0x5B, 0xA2, 0x00, 0xFA, 0x9F, 0x34, 0xB0,
    0xA7, 0xDA, 0xF4, 0x96, 0x54, 0x46, 0x52, 0xF5, 0x60, 0x6A, 0x17, 0x83, 0x75, 0xF1, 0x3F, 0x05,
    0x38, 0xC9, 0x4C, 0x1C, 0x0A, 0x2D, 0x36, 0x09, 0x3B, 0xAA, 0x1D, 0xFE, 0x70, 0xF1, 0xB3, 0xDA,
    0xCC, 0x93, 0x37, 0x52, 0xC6, 0x42, 0xCC, 0x28, 0x0F, 0x57, 0x45, 0xC1, 0xD2, 0x5D, 0x32, 0x5A,
    0x4A, 0x47, 0x7C, 0x1E, 0x2F, 0x6A, 0x1D, 0x9A, 0x55, 0xD2, 0xFE, 0x45, 0x2E, 0x2B, 0x8E, 0xF2,
    0x91, 0x56, 0xC3, 0x7D, 0x3F, 0x95, 0x4D, 0xD2, 0xF6, 0x3B, 0x11, 0x50, 0xA3, 0xEE, 0xE9, 0xAF,
    0xAB, 0x1F, 0x1B, 0x6A, 0x24, 0x77, 0x8D, 0xFA, 0x06, 0x82, 0x72, 0xF9, 0x2D, 0x28, 0xB0, 0x76,
    0x55, 0x07, 0x4C, 0xCB, 0xFF, 0xFD, 0xF8, 0x95, 0xA0, 0xF9, 0xAB, 0x23, 0x3C, 0x4A, 0xDF, 0x84,
    0x9A, 0x6B, 0xD7, 0xC3, 0xB1, 0x91, 0xED, 0x11, 0x11, 0xCD, 0x5F, 0x48, 0x28, 0x87, 0x1B, 0x17,
    0xF4, 0x20, 0x4F, 0x68, 0x73, 0xA1, 0xC5, 0x57, 0x24, 0xBB, 0x43, 0xFC, 0x3C, 0xAB, 0x4E, 0xD5,
    0xED, 0xF9, 0xD8, 0x7F, 0xEF, 0x39, 0x75, 0xB4, 0x8C, 0xBF, 0xFE, 0x3D, 0x1A, 0xB4, 0x5E, 0x17,
    0xC3, 0x12, 0xCC, 0x54, 0x6F, 0xFB, 0x2F, 0x9A, 0x7E, 0xA5, 0x2B, 0xF7, 0xE5, 0x1B, 0xB1, 0xFB,
    0xF2, 0x97, 0xDE, 0xAE, 0xAB, 0x97, 0x85, 0xD5, 0x84, 0x89, 0x8F, 0x34, 0x03, 0x62, 0xFD, 0xF4,
    0x1D, 0x9C, 0xE2, 0x35, 0xA8, 0xCC, 0x40, 0xF6, 0xD5, 0x77, 0xD4, 0x53, 0xFD, 0xA5, 0x02, 0x32,
    0xFE, 0x1A, 0x66, 0x15, 0x4D, 0x4C, 0xD9, 0xFD, 0x57, 0x7E, 0x79, 0xD6, 0x6F, 0x8A, 0x2F, 0xF1,
    0xCB, 0x97, 0x54, 0x71, 0xA3, 0x85, 0x2E, 0x14, 0xEB, 0x9C, 0x62, 0xCD, 0xA4, 0x98, 0x12, 0xC5,
    0xEE, 0xAA, 0xA7, 0x3E, 0xF2, 0xE4, 0xA7, 0xA9, 0x7E, 0xB5, 0xEE, 0x2A, 0x50, 0xF8, 0x35, 0x92,
    0x75, 0xFC, 0xDD, 0x66, 0x84, 0x1E, 0xB8, 0x12, 0x02, 0x05, 0x08, 0x34, 0x5C, 0x9D, 0x4F, 0x23,
    0x7A, 0xB8, 0xE4, 0xEE, 0x58, 0xE5, 0xF1, 0xFA, 0xFF, 0x58, 0xE4, 0xB3, 0x74, 0x3E, 0x03, 0x6D,
    0x48, 0x64, 0xF3, 0xD8, 0xA8, 0x77, 0xE4, 0xC1, 0xE1, 0xCD, 0xCC, 0x59, 0x5A, 0xA0, 0xA6, 0x86,
    0x91, 0x6B, 0x29, 0xD0, 0x7A, 0x80, 0xB7, 0x28, 0xEF, 0x9C, 0x38, 0x02, 0xFA, 0x51, 0xF0, 0xEE,
    0x6D, 0x77, 0x8E, 0x7F, 0x2F, 0x40, 0xE8, 0x8A, 0x61, 0xE4, 0x2C, 0x1D, 0xD9, 0xEA, 0x0D, 0xFC,
    0xF7, 0x34, 0x4F, 0x20, 0xA9, 0xBF, 0xB1, 0xD3, 0x54, 0xE3, 0x53, 0x00, 0x88, 0xCA, 0x29, 0x0C,
    0xA1, 0x84, 0x22, 0x78, 0x04, 0x11, 0x7D, 0x00, 0x91, 0xFC, 0x10, 0x22, 0x27, 0xC6, 0x2C, 0xA4,
    0xAF, 0x8D, 0x1C, 0x25, 0x0F, 0xDB, 0x88, 0x6D, 0x18, 0x04, 0x33, 0x1F, 0xAC, 0x08, 0x62, 0x84,
    0x38, 0x27, 0xD2, 0x19, 0xA2, 0x1E, 0xF6, 0x82, 0x60, 0x36, 0x20, 0xE6, 0xA3, 0x95, 0xB5, 0xF0,
    0x94, 0xC2, 0x5A, 0xCA, 0x88, 0xB2, 0xFD, 0x8F, 0x0A, 0x7B, 0xF2, 0x02, 0x18, 0x19, 0xF9, 0x1C,
    0xB0, 0xBA, 0xBB, 0x20, 0xBA, 0x50, 0x32, 0xEE, 0x21, 0x12, 0x8A, 0x9C, 0xE2, 0x01, 0xC5, 0xEF,
    0x21, 0xFC, 0x7F, 0x81, 0x20, 0x87, 0xD2, 0xF1, 0xF3, 0x10, 0x09, 0x32, 0x52, 0x1F, 0x51, 0xBC,
    0x4B, 0x81, 0xBE, 0x4D, 0x3D, 0xEA, 0x20, 0x4C, 0x43, 0x51, 0xF8, 0xA6, 0x64, 0x9D, 0x11, 0xD0,
    0xD8, 0x90, 0x85, 0x6C, 0x43, 0x7E, 0x1C, 0xF4, 0x4C, 0x2D, 0x13, 0xF1, 0x8A, 0x5C, 0x89, 0x63,
    0x73, 0x6F, 0x1A, 0xE6, 0x21, 0x86, 0xE9, 0xE2, 0xE6, 0x50, 0xB3, 0x54, 0x60, 0x64, 0x5B, 0xE3,
    0x58, 0xEE, 0x35, 0x7F, 0xA3, 0x65, 0x0E, 0x1A, 0xC0, 0x83, 0xD2, 0xC5, 0x91, 0x1B, 0xF4, 0x04,
    0x47, 0xDC, 0xEC, 0xDE, 0xBF, 0x32, 0xD0, 0xA9, 0x62, 0xC0, 0xEC, 0xDE, 0x0A, 0xBF, 0x33, 0x37,
    0x8E, 0xF1, 0x7B, 0xC4, 0xFD, 0x01, 0xA3, 0xC4, 0x16, 0x58, 0x6B, 0xAD, 0x46, 0xAF, 0x2E, 0x61,
    0x29, 0x78, 0x29, 0xEC, 0x58, 0x79, 0x64, 0x78, 0x18, 0x31, 0x1A, 0xA7, 0xE8, 0xA3, 0x66, 0x0C,
    0x4C, 0x61, 0xD0, 0x00, 0xB2, 0x6C, 0x69, 0x61, 0x96, 0xCF, 0xAA, 0xAD, 0x6E, 0x74, 0x67, 0x0C,
    0xE9, 0x99, 0xFA, 0x14, 0x6B, 0x9A, 0x76, 0x59, 0xAE, 0xA5, 0x68, 0x85, 0x1D, 0xEB, 0x17, 0x07,
    0xA8, 0x92, 0x0C, 0xFB, 0xFB, 0x85, 0x7E, 0x15, 0xFC, 0xAC, 0x33, 0x48, 0x54, 0xD3, 0x9A, 0xE2,
    0x21, 0xDE, 0xD1, 0x33, 0x83, 0x35, 0x22, 0xE8, 0x12, 0x14, 0xFB, 0xD6, 0x16, 0xBB, 0xBB, 0x8F,
    0x91, 0xBF, 0x0D, 0xF0, 0x3E, 0xED, 0x87, 0x54, 0x83, 0x8C, 0xC2, 0x7D, 0x60, 0x09, 0x7C, 0x6E,
    0xBE, 0x1A, 0xD9, 0x94, 0x8C, 0x46, 0x5D, 0xF5, 0xF0, 0x4E, 0x14, 0x8C, 0x32, 0xAE, 0x9D, 0xB3,
    0x35, 0xE0, 0x11, 0x7E, 0x18, 0xFC, 0x17, 0x1F, 0xEC, 0x61, 0xB7, 0x89, 0xAE, 0x7C, 0x70, 0x7C,
    0x19, 0xE3, 0x35, 0x9E, 0xE0, 0x30, 0x20, 0x44, 0xF4, 0xDC, 0xCA, 0x7A, 0x18, 0xFD, 0x8B, 0x78,
    0x81, 0x45, 0x82, 0xAC, 0x6B, 0x74, 0xA3, 0x9A, 0xBE, 0xDB, 0xD7, 0x40, 0x2C, 0x24, 0xBD, 0xA2,
    0xCE, 0xBB, 0x3B, 0x6B, 0x40, 0xAF, 0x40, 0x89, 0xCE, 0xB0, 0x4E, 0x8B, 0xCF, 0x38, 0x15, 0x39,
    0xFB, 0x31, 0x8C, 0x8C, 0x6E, 0x0C, 0x91, 0xC2, 0xE0, 0x3E, 0xC7, 0x23, 0x89, 0x27, 0x3E, 0x29,
    0x39, 0x00, 0x8B, 0x60, 0x2E, 0x69, 0x52, 0xF9, 0xCF, 0xA3, 0x64, 0x82, 0x7F, 0x16, 0x60, 0xDB,
    0x8C, 0x34, 0xA8, 0x2F, 0x8C, 0x81, 0xD9, 0x28, 0x25, 0x54, 0xBA, 0xB3, 0x63, 0xD0, 0x79, 0x76,
    0x65, 0x85, 0xB6, 0x51, 0xAC, 0xC9, 0xCD, 0xA1, 0xF0, 0xB1, 0x65, 0x89, 0x12, 0x02, 0x8B, 0x47,
    0x82, 0x8A, 0xB9, 0x05, 0xC9, 0xF1, 0x7C, 0x10, 0x3C, 0x60, 0xBF, 0xCB, 0xE0, 0x65, 0x6D, 0x8F,
    0x09, 0x2F, 0xDC, 0x59, 0x93, 0xE6, 0x9E, 0x22, 0xD5, 0x01, 0x7D, 0x5C, 0x5F, 0x88, 0xA5, 0x56,
    0xC7, 0x77, 0x63, 0xD9, 0x9D, 0x93, 0xA1, 0x8B, 0xDE, 0x69, 0x59, 0x1E, 0x77, 0xF9, 0x31, 0xA8,
    0x54, 0x49, 0x0A, 0x13, 0x97, 0xA9, 0x74, 0x7A, 0xA0, 0x60, 0xD8, 0x0A, 0x4F, 0x17, 0xF1, 0xEB,
    0xD4, 0x3B, 0xFE, 0xA1, 0x34, 0x91, 0x6F, 0x4A, 0xA3, 0x43, 0xDC, 0x0A, 0x3F, 0xAE, 0xA9, 0xD0,
    0x1B, 0x6F, 0x50, 0x9F, 0xF8, 0xEF, 0xA1, 0xCE, 0x18, 0xFF, 0x80, 0xD5, 0x3F, 0x2E, 0x2B, 0x80,
    0x16, 0x69, 0x1B, 0x49, 0x50, 0x8C, 0x76, 0x01, 0x7D, 0xE3, 0xB8, 0xD5, 0x77, 0x5C, 0x27, 0xBF,
    0x7B, 0x88, 0xAA, 0x5B, 0x63, 0xF1, 0x6F, 0x7A, 0x24, 0x03, 0x49, 0xA3, 0x36, 0x48, 0xC0, 0x2B,
    0x60, 0x10, 0xFC, 0x21, 0x04, 0x57, 0x0A, 0xCD, 0x39, 0x4B, 0x62, 0xE9, 0x2A, 0x50, 0x6F, 0x9B,
    0xB1, 0xC0, 0x8D, 0xA8, 0x3D, 0xF7, 0xEA, 0x86, 0xB9, 0xFF, 0xB7, 0xE6, 0x2D, 0xD6, 0x1C, 0xE8,
    0x5A, 0xDA, 0xA2, 0xC1, 0x52, 0x50, 0x37, 0xCA, 0xB5, 0x9E, 0xEA, 0xD0, 0x94, 0xB5, 0xD1, 0xDF,
    0xF7, 0x56, 0xE2, 0xC8, 0x8C, 0x8C, 0xE7, 0x00, 0x00, 0xD2, 0x45, 0xE0, 0x21, 0xBC, 0x99, 0x4B,
    0x3A, 0xE6, 0xBF, 0xF1, 0xD6, 0x00, 0x9B, 0x19, 0x08, 0x14, 0xA0, 0x3A, 0x91, 0x80, 0x4E, 0x4A,
    0xF8, 0x5B, 0xD8, 0x0C, 0x9B, 0x3C, 0x3A, 0x20, 0xA4, 0xF9, 0x13, 0x1A, 0x5F, 0x4C, 0xCF, 0x74,
    0xA3, 0x32, 0x9A, 0x3C, 0x4C, 0xE7, 0x38, 0x8E, 0x06, 0x73, 0x52, 0x0F, 0xF5, 0xD4, 0x6E, 0x9D,
    0x4B, 0x3C, 0x52, 0x11, 0xCD, 0x83, 0x6A, 0x76, 0x91, 0xDA, 0x97, 0x0C, 0x5C, 0x51, 0xE4, 0x12,
    0x4C, 0x1F, 0x92, 0x2D, 0x1B, 0xBA, 0xE1, 0xF1, 0xF4, 0xED, 0xCB, 0x05, 0xF7, 0xE5, 0xB6, 0x8C,
    0x08, 0x96, 0x35, 0xC6, 0x97, 0x5E, 0xD8, 0x54, 0xE0, 0x86, 0x0F, 0x7B, 0x69, 0x3F, 0x94, 0x44,
    0x06, 0x83, 0x84, 0x0A, 0x8B, 0xE6, 0x35, 0x30, 0x91, 0x3C, 0x25, 0xD8, 0x33, 0xFC, 0x13, 0x9B,
    0x55, 0x11, 0xB2, 0x2B, 0xC1, 0x1E, 0x88, 0x62, 0xFC, 0xD2, 0x9F, 0x60, 0x0F, 0xE0, 0xB4, 0x46,
    0x51, 0xD2, 0xD0, 0x96, 0x81, 0x2A, 0x7B, 0x0C, 0xF6, 0xB7, 0xDC, 0xE7, 0x73, 0xCE, 0xEB, 0x99,
    0x00, 0x4B, 0x1A, 0xA7, 0xB4, 0x18, 0xEC, 0x43, 0xA5, 0xCC, 0xEA, 0xCA, 0x62, 0xF5, 0x88, 0xEB,
    0x40, 0xD7, 0xB5, 0xD5, 0x95, 0x7A, 0x72, 0xAD, 0xF3, 0xCD, 0x5A, 0x78, 0xF6, 0xA8, 0xB5, 0x73,
    0x65, 0x2D, 0xDB, 0x27, 0x35, 0x10, 0x49, 0xF9, 0x1F, 0x3F, 0xC5, 0xCF, 0xDA, 0x14, 0x15, 0xC4,
    0x9D, 0x01, 0x0F, 0x60, 0xF3, 0xA0, 0x43, 0xC4, 0x04, 0x5D, 0x42, 0x26, 0x90, 0x33, 0x5A, 0xC7,
    0x49, 0xF4, 0x4B, 0x9E, 0x0A, 0x2D, 0x1C, 0x02, 0x9C, 0x53, 0x42, 0x4E, 0xF6, 0xA5, 0x1F, 0x91,
    0xFC, 0x59, 0x52, 0xA4, 0x05, 0x44, 0xDC, 0x48, 0x4B, 0x76, 0x51, 0x98, 0x5C, 0xC1, 0xDB, 0x14,
    0x21, 0x6E, 0xC2, 0x54, 0x67, 0x9D, 0x9F, 0xAB, 0xE8, 0xA7, 0x83, 0x8A, 0xDE, 0x87, 0x56, 0x3F,
    0x47, 0xBD, 0x66, 0x75, 0xFF, 0xA8, 0x20, 0x51, 0xC0, 0x3D, 0xDB, 0xE2, 0xB0, 0x3F, 0x88, 0x9A,
    0x04, 0xC4, 0x80, 0x0C, 0xC1, 0x1F, 0x10, 0x9B, 0x48, 0x5E, 0x48, 0x38, 0x00, 0xB6, 0x80, 0x2B,
    0x20, 0x49, 0xF9, 0x33, 0x61, 0xF0, 0x99, 0x80, 0x55, 0x26, 0x2C, 0x20, 0xE3, 0x9E, 0x2A, 0x63,
    0x04, 0xA9, 0x5C, 0xF8, 0x42, 0x2E, 0xB9, 0x94, 0x09, 0xD5, 0xCF, 0x12, 0x79, 0x1A, 0xCA, 0x4C,
    0x61, 0xBD, 0x99, 0x7A, 0x20, 0x92, 0x2F, 0x64, 0xD2, 0x05, 0x64, 0x92, 0x15, 0x99, 0x40, 0x5A,
    0xC6, 0xD8, 0xC7, 0xBE, 0x71, 0x09, 0x21, 0xF8, 0x55, 0xF1, 0x45, 0x3E, 0x27, 0xA0, 0x64, 0x04,
    0xA5, 0x2C, 0x9B, 0x36, 0xC9, 0xAA, 0x69, 0x23, 0xD1, 0x42, 0x14, 0xCA, 0xAC, 0xCA, 0xC7, 0x14,
    0xC8, 0xC8, 0x4C, 0x42, 0x43, 0xEA, 0xE6, 0xCD, 0x84, 0x71, 0xD0, 0x2E, 0xD8, 0x9E, 0xDF, 0xF4,
    0x35, 0x2D, 0x62, 0x83, 0x57, 0x7B, 0xC5, 0xA6, 0xBA, 0x5F, 0x1A, 0xA3, 0xD4, 0x40, 0x23, 0xE3,
    0x9A, 0x39, 0x86, 0xC3, 0x51, 0x9F, 0x2B, 0x83, 0x5B, 0x4B, 0x0A, 0x3A, 0x69, 0xE9, 0xE1, 0x93,
    0xA4, 0x1C, 0xD1, 0x49, 0x39, 0xA9, 0xBA, 0xF9, 0xBB, 0xBB, 0x12, 0xDA, 0x4D, 0x82, 0x25, 0x45,
    0x70, 0x7E, 0x12, 0x12, 0xB6, 0xC6, 0x72, 0x1D, 0xD3, 0x5D, 0x7E, 0xBA, 0x4F, 0x58, 0x62, 0x31,
    0x5D, 0xC6, 0x4D, 0x5D, 0xAC, 0x6E, 0x7C, 0xA9, 0x51, 0x77, 0xE5, 0xB2, 0x92, 0x9B, 0x52, 0x7D,
    0xF1, 0x8C, 0x05, 0x18, 0x17, 0xA2, 0x05, 0x2E, 0xDE, 0x60, 0x5F, 0xD0, 0xF6, 0x32, 0xEE, 0x5C,
    0xAA, 0xDD, 0x9B, 0xDB, 0x85, 0x88, 0xE5, 0x79, 0x22, 0xC0, 0x2C, 0xD2, 0xAC, 0x80, 0xA8, 0xD3,
    0xBC, 0x08, 0x05, 0x76, 0xD5, 0x9A, 0x68, 0x68, 0xA5, 0xE5, 0x1F, 0xFA, 0x7A, 0x89, 0x7A, 0x41,
    0xB9, 0x96, 0xDA, 0xBC, 0x24, 0x53, 0x28, 0xC9, 0x06, 0x51, 0x93, 0x3A, 0x4A, 0xEA, 0x3B, 0x49,
    0xDF, 0xC9, 0x0B, 0x0D, 0x9C, 0x94, 0x7A, 0xCC, 0x5A, 0xA3, 0xBE, 0x96, 0x96, 0x52, 0xA1, 0x85,
    0xB0, 0x41, 0xD7, 0x43, 0x76, 0xB5, 0xD4, 0x2C, 0x3C, 0x7F, 0xC6, 0x96, 0x2C, 0xB8, 0x1A, 0xB5,
    0x01, 0xA9, 0x67, 0xDA, 0x4A, 0xE5, 0x2F, 0xF4, 0x15, 0x52, 0x66, 0x18, 0x51, 0x5A, 0xC0, 0x21,
    0x2A, 0x9E, 0xB9, 0x52, 0xD5, 0x38, 0x89, 0xB1, 0x52, 0x73, 0x35, 0x9E, 0xAA, 0x63, 0x4F, 0x23,
    0x65, 0xFD, 0x3E, 0x2D, 0xD2, 0x17, 0xBB, 0xB8, 0x8D, 0x3F, 0x6A, 0xC2, 0x55, 0x04, 0xE4, 0xC3,
    0x19, 0x0B, 0x94, 0xA9, 0x9A, 0x95, 0x26, 0x04, 0xD1, 0x69, 0xD8, 0x42, 0xAA, 0xE4, 0x84, 0xD9,
    0xB7, 0x6C, 0x17, 0x9E, 0xD1, 0x55, 0x30, 0x8C, 0x63, 0xD4, 0x1E, 0x83, 0x56, 0x64, 0x1C, 0x23,
    0x46, 0x15, 0xB6, 0x8B, 0x05, 0x68, 0x68, 0xEE, 0x3F, 0x1C, 0x92, 0x5F, 0x98, 0x2E, 0x34, 0xE6,
    0x17, 0xAA, 0xFE, 0xD8, 0x50, 0x55, 0x29, 0xA0, 0xB5, 0x59, 0x07, 0xEB, 0x3B, 0xF3, 0x18, 0xE7,
    0x4A, 0x85, 0x4E, 0xB0, 0xF4, 0x59, 0x07, 0xBB, 0xA8, 0x10, 0x77, 0x4C, 0xDF, 0x2B, 0xF7, 0x9C,
    0xF3, 0x90, 0xF3, 0x8A, 0xEF, 0x85, 0xAB, 0xE2, 0xEF, 0x84, 0xFE, 0x1D, 0x62, 0x3D, 0x45, 0x03,
    0xBD, 0xEA, 0x7A, 0x99, 0x39, 0x1E, 0x8E, 0x6C, 0x5F, 0xAC, 0x5F, 0xEB, 0xB3, 0xD0, 0x8C, 0x49,
    0xFB, 0x4A, 0xAE, 0x2C, 0x1B, 0x52, 0x1B, 0x26, 0x6A, 0xBF, 0x9F, 0xDA, 0x3A, 0xDB, 0xFE, 0xF7,
    0x88, 0x7C, 0xF2, 0x4C, 0x7D, 0x43, 0xA9, 0x5B, 0x52, 0x66, 0xB1, 0x13, 0x34, 0x16, 0xC8, 0x33,
    0xEE, 0xEF, 0xC9, 0x9D, 0xC1, 0x4D, 0xC6, 0xDA, 0x0E, 0xE9, 0x71, 0xAE, 0x0E, 0x6C, 0xD3, 0x70,
    0x38, 0x24, 0xBE, 0xF9, 0x40, 0x0F, 0x26, 0xC3, 0xDF, 0x3F, 0x60, 0xC4, 0x04, 0x61, 0x81, 0x65,
    0x53, 0x5A, 0x02, 0x27, 0x41, 0x5D, 0x68, 0xF1, 0x20, 0xE8, 0x11, 0x5F, 0xDE, 0x40, 0xD5, 0xD8,
    0x31, 0xA9, 0x05, 0x51, 0x27, 0x27, 0x2F, 0x4C, 0x68, 0xFC, 0x78, 0x50, 0xCE, 0x98, 0x12, 0x86,
    0x4F, 0x16, 0x84, 0x75, 0x6E, 0x61, 0xBB, 0x2D, 0x32, 0x45, 0x1F, 0x3B, 0xA0, 0xD0, 0xF5, 0x61,
    0x2B, 0xDB, 0x70, 0x97, 0x79, 0x62, 0x67, 0xA5, 0xE8, 0xF1, 0x12, 0x78, 0x8C, 0x54, 0x31, 0x72,
    0xD4, 0x38, 0xE8, 0xAE, 0x1D, 0x0B, 0x1E, 0x42, 0xA8, 0x2F, 0xAA, 0x95, 0x3B, 0x44, 0xD0, 0x21,
    0x69, 0xB1, 0x05, 0x09, 0x06, 0x8B, 0x48, 0x25, 0xB5, 0x82, 0x95, 0x24, 0xA5, 0x59, 0x62, 0x1E,
    0x22, 0xD2, 0x2E, 0x99, 0xBC, 0x6F, 0x7F, 0x7A, 0x97, 0xDD, 0x6C, 0x6F, 0x85, 0x18, 0x67, 0x9F,
    0x10, 0xEA, 0x95, 0x4A, 0x09, 0x2B, 0x09, 0x2E, 0xDC, 0x88, 0xEA, 0xB3, 0x60, 0x93, 0x64, 0x8A,
    0xC9, 0x48, 0xE7, 0xC8, 0x65, 0x54, 0xC5, 0xDD, 0x8E, 0xC4, 0x6E, 0xDC, 0x92, 0x07, 0x72, 0xFB,
    0x0E, 0x6E, 0xDF, 0xAD, 0x2D, 0xAF, 0xB3, 0x1B, 0xE2, 0x8D, 0x04, 0x18, 0xBB, 0xA2, 0x1E, 0x1F,
    0x53, 0x0B, 0x46, 0x2A, 0x95, 0x59, 0x88, 0x59, 0x85, 0x87, 0xBE, 0x59, 0xB8, 0xE0, 0x09, 0xB8,
    0xBC, 0x4F, 0x11, 0x30, 0x44, 0xE3, 0x8F, 0x99, 0x1B, 0x74, 0x5F, 0x26, 0x8E, 0xC4, 0x9E, 0xDE,
    0x20, 0xEA, 0x42, 0x7B, 0xF6, 0xA7, 0xB0, 0x9B, 0x4A, 0x90, 0xE4, 0x8E, 0x94, 0x5F, 0x2F, 0x00,
    0x1F, 0x7D, 0x02, 0x70, 0x22, 0xBF, 0x08, 0xFA, 0x14, 0x14, 0x01, 0x46, 0x3F, 0xD5, 0x36, 0xB6,
    0x92, 0xD6, 0x0E, 0x7E, 0x07, 0x9E, 0x78, 0x43, 0x46, 0x42, 0x23, 0x7A, 0x83, 0xB7, 0xAC, 0xA1,
    0xF5, 0xB5, 0x81, 0x4D, 0xC4, 0x97, 0x42, 0x38, 0x0A, 0xBF, 0xA1, 0x66, 0x71, 0xF9, 0x47, 0x93,
    0x1F, 0xDE, 0xFB, 0xF6, 0xA7, 0xEC, 0x24, 0x99, 0xB3, 0xB6, 0x08, 0x2A, 0x49, 0xEA, 0xC7, 0xC8,
    0x2F, 0x63, 0x9A, 0x28, 0x38, 0xD5, 0xB5, 0xEA, 0xB3, 0x88, 0x1E, 0xE0, 0x86, 0xED, 0x6A, 0xB7,
    0x67, 0x7A, 0xAD, 0x90, 0xE2, 0x73, 0x53, 0x31, 0x52, 0x48, 0xAD, 0x5A, 0x16, 0x33, 0xF4, 0x7F,
    0x04, 0x3E, 0xDF, 0x9C, 0x55, 0x9B, 0xE6, 0x65, 0x9F, 0xA8, 0xBB, 0x49, 0x3C, 0x26, 0x5F, 0x35,
    0x7B, 0xC1, 0x3D, 0x63, 0x94, 0x91, 0x34, 0xF5, 0x1D, 0xD3, 0xE4, 0xE6, 0xE3, 0x26, 0x5A, 0x3F,
    0x1D, 0x8E, 0x69, 0x57, 0x66, 0xAF, 0x8C, 0xA0, 0xD9, 0x8C, 0x11, 0xE3, 0x34, 0x68, 0xC6, 0xFC,
    0x7F, 0xFF, 0x6A, 0x4C, 0x70, 0x24, 0x1F, 0xE5, 0x04, 0x7D, 0xD2, 0xEE, 0xB0, 0x87, 0x91, 0x71,
    0x45, 0xCF, 0xDB, 0x17, 0x63, 0xBC, 0x9D, 0x36, 0x0F, 0x8E, 0xB6, 0x74, 0xBD, 0xBD, 0x35, 0x9C,
    0xCE, 0xDA, 0x05, 0xF9, 0xDE, 0x31, 0x5B, 0x0B, 0x87, 0x31, 0x67, 0x21, 0xAA, 0xA5, 0x47, 0xDE,
    0x30, 0x5E, 0x7B, 0x86, 0xDD, 0xB1, 0x7F, 0x3D, 0x54, 0xE7, 0x73, 0x54, 0x7D, 0xD3, 0x2E, 0x0B,
    0x03, 0xB4, 0x02, 0x4F, 0x70, 0x36, 0xDD, 0x6F, 0xEF, 0xCB, 0x43, 0xBA, 0x43, 0x29, 0x3D, 0x58,
    0x2D, 0x38, 0x47, 0xE1, 0x24, 0x99, 0x46, 0xB5, 0x4C, 0x08, 0x13, 0xB4, 0x71, 0xD8, 0x56, 0x47,
    0xE2, 0xC1, 0x39, 0x21, 0x06, 0x95, 0x1C, 0x89, 0xCB, 0xB0, 0x33, 0x7D, 0x2A, 0xD2, 0x5B, 0xDD,
    0xBB, 0x77, 0xEF, 0xEE, 0x4E, 0x87, 0xBB, 0x10, 0x29, 0xCC, 0x5D, 0x0A, 0xAF, 0x2D, 0xA5, 0x78,
    0x7D, 0x5D, 0xFC, 0x4D, 0x49, 0x4A, 0xC5, 0x2D, 0x23, 0x76, 0xB7, 0x5E, 0xDD, 0xF2, 0x1B, 0xE2,
    0x2E, 0x3D, 0xA9, 0xD5, 0x2B, 0x84, 0x0F, 0xF8, 0x26, 0x2E, 0x47, 0xEA, 0xCF, 0x5D, 0x9A, 0x54,
    0x8A, 0x94, 0x90, 0xA7, 0x71, 0xB3, 0xC3, 0x62, 0xB3, 0x7E, 0xD2, 0x1E, 0x16, 0xA8, 0xF5, 0xA0,
    0x0F, 0xAA, 0x3E, 0x57, 0xFB, 0x4F, 0x03, 0x0C, 0x07, 0xE8, 0x09, 0x3A, 0xA9, 0xA0, 0xAD, 0x16,
    0x72, 0x9A, 0xEA, 0x8F, 0x70, 0x1A, 0xB5, 0xF3, 0xDE, 0x55, 0xF9, 0x5D, 0xF5, 0x59, 0x4E, 0x2C,
    0xE2, 0x74, 0xA3, 0x43, 0xCA, 0x13, 0x47, 0x3C, 0xB1, 0x27, 0x27, 0xBE, 0x26, 0xF5, 0x0D, 0xD8,
    0x54, 0xD4, 0x3C, 0xE9, 0xBF, 0x5E, 0x13, 0x3F, 0x8E, 0x3C, 0x21, 0x31, 0xA9, 0xA5, 0x81, 0x60,
    0x74, 0x4A, 0x88, 0x68, 0xA1, 0x2E, 0xFD, 0xA5, 0x96, 0xF9, 0x22, 0x2E, 0x2A, 0x84, 0x05, 0x8A,
    0x60, 0x65, 0x79, 0x64, 0x65, 0x79, 0x7F, 0x45, 0x53, 0x2D, 0x2C, 0x96, 0xA4, 0xAA, 0xE2, 0x6A,
    0x71, 0x59, 0xB1, 0x56, 0x86, 0x8D, 0x54, 0xCB, 0xC0, 0xA2, 0x95, 0x6F, 0x2F, 0xE1, 0x6F, 0x56,
    0xB3, 0x52, 0xA6, 0x90, 0x72, 0xBA, 0x17, 0x8E, 0xC1, 0xB4, 0x85, 0x33, 0x55, 0x38, 0xB2, 0x3F,
    0xC8, 0xD2, 0x82, 0x78, 0x49, 0x29, 0xDB, 0xB2, 0x00, 0x88, 0x12, 0xB9, 0xD0, 0x6F, 0xAD, 0xFC,
    0xF2, 0xAB, 0x02, 0x30, 0xF4, 0x92, 0x27, 0x64, 0x5F, 0xCD, 0xBA, 0x5D, 0xB5, 0x73, 0xB2, 0xE0,
    0x36, 0x2E, 0xC0, 0x88, 0xD1, 0x9A, 0xC6, 0x65, 0x8A, 0xE9, 0x71, 0x89, 0x17, 0x86, 0x58, 0x38,
    0x7D, 0xFC, 0x03, 0x36, 0x7C, 0xF1, 0xCF, 0x58, 0x74, 0x68, 0x7A, 0xE2, 0x1E, 0xE4, 0x71, 0xFC,
    0x3A, 0xCB, 0x4F, 0xFC, 0x1A, 0xCA, 0x3E, 0x66, 0xA2, 0x30, 0xE3, 0xAD, 0x9C, 0x45, 0xA8, 0x4C,
    0x8A, 0x94, 0xAB, 0x35, 0x2C, 0xDB, 0xC4, 0x36, 0x1F, 0x6D, 0x00, 0x1B, 0xC4, 0x04, 0xEB, 0x1D,
    0x2B, 0x0D, 0xB5, 0x34, 0x9B, 0x18, 0xD2, 0x12, 0x5A, 0x06, 0xDE, 0x7F, 0x38, 0xD8, 0xA8, 0x24,
    0x9B, 0x1F, 0xD5, 0x0C, 0x0C, 0x3C, 0x98, 0x72, 0xFF, 0x98, 0x45, 0xCF, 0x8D, 0xD4, 0x8D, 0xDC,
    0x79, 0xFB, 0xD8, 0xFA, 0x1F, 0x2D, 0xEF, 0x49, 0xD2, 0x2B, 0xAA, 0xB5, 0x3C, 0x87, 0x79, 0xD9,
    0x50, 0x8E, 0x76, 0x0F, 0x84, 0xB5, 0x4E, 0xED, 0x1E, 0xE7, 0xB2, 0x47, 0x29, 0xFB, 0xAC, 0x0E,
    0xD6, 0x6E, 0x1E, 0x75, 0x92, 0x4E, 0x60, 0x2B, 0xE7, 0x63, 0x37, 0x12, 0x61, 0xC5, 0xFE, 0x9D,
    0x35, 0x7C, 0xA2, 0x11, 0x4F, 0x27, 0xF4, 0x3E, 0x1A, 0xAC, 0x49, 0x96, 0x44, 0xEF, 0xB8, 0xA0,
    0x4C, 0xD4, 0x85, 0x4C, 0xB7, 0x64, 0x26, 0xF2, 0x68, 0x4B, 0xCE, 0xB7, 0xA4, 0x94, 0x2B, 0xDB,
    0x91, 0x59, 0x69, 0xB9, 0x02, 0xE9, 0x60, 0xA7, 0x5E, 0xEC, 0x10, 0x11, 0x05, 0xCE, 0x84, 0xA6,
    0x74, 0xAD, 0x6C, 0x6B, 0x2A, 0xAC, 0x58, 0x71, 0x29, 0x65, 0x39, 0xF6, 0x94, 0x00, 0x8C, 0x8A,
    0xDC, 0x4C, 0xE2, 0x88, 0x31, 0x76, 0x7B, 0x23, 0xE6, 0x1B, 0x51, 0x59, 0xC6, 0x2D, 0xCC, 0x1B,
    0x62, 0x80, 0xF0, 0xA5, 0x9D, 0xA4, 0x40, 0x9C, 0x69, 0x55, 0xC3, 0x40, 0xED, 0x03, 0x58, 0x8A,
    0x4D, 0x0C, 0xA9, 0x95, 0x74, 0x50, 0x38, 0xE5, 0x54, 0xA1, 0x25, 0x83, 0x32, 0xB5, 0xE5, 0x8D,
    0xBD, 0x83, 0xDD, 0xEE, 0x44, 0xD8, 0x9F, 0x34, 0x77, 0x8F, 0x57, 0x2B, 0x39, 0xD2, 0xC9, 0xA1,
    0xF5, 0xEA, 0xEC, 0x5C, 0xCC, 0xB3, 0x6F, 0x90, 0x23, 0x48, 0xC5, 0xC0, 0xB8, 0x6E, 0x8E, 0xDE,
    0x21, 0xB0, 0xCC, 0x38, 0x78, 0xF7, 0x95, 0x65, 0xA1, 0x96, 0x6B, 0xE9, 0xDF, 0x24, 0x21, 0x6F,
    0x2A, 0x84, 0xC7, 0x88, 0xE0, 0x11, 0x6F, 0xFA, 0x1A, 0xA3, 0x39, 0x95, 0xAE, 0x76, 0x43, 0x70,
    0xA5, 0xF4, 0x53, 0x19, 0x89, 0x35, 0x09, 0x40, 0xDC, 0xBA, 0x56, 0x08, 0x19, 0xE2, 0x29, 0xAD,
    0x78, 0xDC, 0x64, 0x53, 0x68, 0x17, 0x2E, 0x89, 0x72, 0x4C, 0xC0, 0x46, 0xCC, 0x7C, 0x03, 0xB6,
    0xE2, 0xFE, 0x27, 0x96, 0x55, 0x12, 0x1E, 0xF2, 0x1D, 0xD2, 0x9D, 0x54, 0xA8, 0xC1, 0xD9, 0x0E,
    0x15, 0xB8, 0x18, 0xE4, 0xD9, 0x32, 0xCA, 0x7D, 0xE3, 0xB3, 0xD3, 0x9B, 0xDA, 0x8D, 0xFD, 0xDB,
    0x12, 0x83, 0xF3, 0xC6, 0xC8, 0x1C, 0x4A, 0xD3, 0x3C, 0x6A, 0x95, 0xF7, 0xA8, 0x79, 0x88, 0xE6,
    0xE0, 0xB7, 0x8D, 0x46, 0x1A, 0x7D, 0xD0, 0xC0, 0xF2, 0x21, 0xE4, 0x5C, 0x45, 0x2F, 0x35, 0xFA,
    0x48, 0xC5, 0xD8, 0x39, 0x53, 0xCF, 0x41, 0x26, 0xEA, 0x08, 0x32, 0x2E, 0x48, 0x5D, 0xA2, 0xF2,
    0x5D, 0xC8, 0xB0, 0xE9, 0x21, 0x83, 0x5F, 0x50, 0xFA, 0xBF, 0xEF, 0xA8, 0xE3, 0x27, 0x0D, 0xA5,
    0x11, 0x59, 0x17, 0x94, 0x39, 0xE8, 0x96, 0x86, 0x4D, 0x23, 0xE9, 0x49, 0xA5, 0xD7, 0x9D, 0x0A,
    0x98, 0x50, 0x77, 0x4F, 0xBC, 0x6C, 0x6B, 0x45, 0xD8, 0x1B, 0x51, 0x10, 0x91, 0xD6, 0x00, 0x79,
    0x44, 0x49, 0xEA, 0x08, 0x15, 0xCF, 0xFB, 0xE0, 0x57, 0xD0, 0x90, 0x0A, 0xDE, 0x8F, 0x7E, 0x08,
    0xFD, 0x62, 0xA8, 0x77, 0x9B, 0xDA, 0xDD, 0xBA, 0x45, 0xB5, 0xA8, 0x55, 0x5C, 0x51, 0xA9, 0x81,
    0x3A, 0xF5, 0xD8, 0xD4, 0xEF, 0xEC, 0x9E, 0xB7, 0xB7, 0xBC, 0xE8, 0xF6, 0xB3, 0x01, 0xD5, 0x3F,
    0x45, 0x55, 0xFB, 0x2B, 0x0F, 0x68, 0x96, 0x85, 0x04, 0x2D, 0x5A, 0x2E, 0x5C, 0xEF, 0x16, 0x05,
    0x59, 0x79, 0xD3, 0xD7, 0x04, 0xEC, 0x6B, 0xA2, 0x9F, 0x33, 0x4A, 0xBF, 0x05, 0x87, 0x26, 0xC4,
    0x85, 0x2C, 0x40, 0xE8, 0x1E, 0x71, 0xE3, 0x8A, 0xF5, 0x91, 0x01, 0xE5, 0xB1, 0xD6, 0xA1, 0x7C,
    0xAD, 0x58, 0xCA, 0xD6, 0x2A, 0xFC, 0xF0, 0xDE, 0x8C, 0x01, 0x10, 0x17, 0xC2, 0x96, 0x52, 0x46,
    0x3B, 0x39, 0x46, 0x37, 0xA7, 0xC2, 0xA3, 0x92, 0xDE, 0x8D, 0xA0, 0x88, 0x4A, 0x45, 0x8C, 0x58,
    0x5E, 0x14, 0x26, 0xAF, 0x3E, 0x03, 0xC8, 0xAE, 0x55, 0x7C, 0xB2, 0x54, 0x16, 0x87, 0x6D, 0x20,
    0x79, 0x6F, 0x9B, 0x12, 0xE0, 0x5B, 0xE6, 0xA8, 0x2F, 0x42, 0x0B, 0x24, 0xB8, 0xC8, 0xEB, 0xF2,
    0xF2, 0x81, 0x87, 0xFB, 0xE6, 0x83, 0x32, 0x5A, 0x87, 0xA5, 0x8A, 0xEE, 0x10, 0x9A, 0x59, 0xB9,
    0xE4, 0xDB, 0xE5, 0x3F, 0x21, 0x2D, 0x0F, 0x28, 0x8C, 0x14, 0x46, 0xC4, 0x51, 0xF0, 0x7F, 0x59,
    0x82, 0xDF, 0x27, 0xFD, 0x78, 0x9F, 0xEF, 0xDE, 0x61, 0xA3, 0x05, 0x84, 0x64, 0xE9, 0x65, 0xFA,
    0xCC, 0x99, 0x3E, 0x19, 0x4B, 0x88, 0xC1, 0x0B, 0x20, 0x18, 0xFE, 0xA7, 0xF7, 0x5E, 0x66, 0x05,
    0x88, 0x9A, 0x90, 0x7D, 0x14, 0x9B, 0xA9, 0x1E, 0x30, 0xE9, 0x0D, 0x44, 0x48, 0xF6, 0x78, 0xAA,
    0xF2, 0xDB, 0x57, 0xE5, 0x78, 0xBC, 0x5E, 0x3E, 0x5A, 0x74, 0xF7, 0xD2, 0xD1, 0x6A, 0x53, 0xA2,
    0xBE, 0x96, 0xCB, 0x93, 0xB8, 0x5C, 0x5D, 0x3A, 0x5A, 0xFD, 0xFC, 0xD6, 0xD1, 0xC8, 0xE7, 0xE8,
    0xB2, 0xD8, 0x5E, 0x12, 0x41, 0x0F, 0x14, 0x68, 0xE1, 0x5E, 0x73, 0x7B, 0x19, 0xE5, 0xE2, 0x0D,
    0x72, 0x81, 0x5A, 0x72, 0x69, 0xE5, 0x82, 0x12, 0xCF, 0x2A, 0x88, 0x7A, 0xCF, 0x4B, 0x6A, 0xC1,
    0x27, 0x17, 0x96, 0xE6, 0xC8, 0x1A, 0x3C, 0xC9, 0x99, 0x70, 0x2D, 0x2F, 0xB6, 0x9B, 0x63, 0x29,
    0x70, 0xF9, 0x2C, 0x95, 0xB1, 0xE0, 0xF6, 0x4D, 0x2E, 0x5A, 0x34, 0x5E, 0xDD, 0x45, 0xE7, 0x88,
    0xA3, 0x71, 0x69, 0xCA, 0x67, 0x8B, 0xE5, 0xF9, 0x21, 0xA3, 0xAA, 0x65, 0x68, 0x60, 0xEE, 0x20,
    0x52, 0x7B, 0x24, 0x6F, 0x3A, 0x91, 0x72, 0x80, 0x23, 0x36, 0xE4, 0x6C, 0x94, 0xA3, 0x48, 0x2D,
    0xFD, 0xEC, 0x28, 0x1D, 0x6D, 0x7D, 0xE7, 0x7C, 0xE5, 0xBD, 0x93, 0x9B, 0x6E, 0x69, 0x7A, 0x84,
    0x65, 0x64, 0xCA, 0x2F, 0xAB, 0x57, 0x40, 0x33, 0x22, 0xD0, 0x4F, 0x51, 0x4F, 0x18, 0x2C, 0x62,
    0x78, 0x3D, 0x2A, 0x5B, 0xC9, 0x76, 0x3E, 0x80, 0x29, 0x7C, 0xF6, 0x3E, 0x1A, 0xA7, 0x17, 0xC3,
    0xE6, 0x96, 0x70, 0x22, 0x9F, 0x8C, 0xA8, 0xDE, 0x8A, 0x0F, 0x7C, 0x0F, 0xE1, 0x9B, 0xA4, 0x5D,
    0x82, 0xCA, 0x44, 0xCD, 0x9C, 0x84, 0x78, 0xAB, 0xC0, 0x8C, 0xAE, 0xDC, 0x56, 0x2E, 0x84, 0x58,
    0xAD, 0x92, 0xB3, 0xFF, 0xD0, 0x84, 0x52, 0xA4, 0xD6, 0xEA, 0xA0, 0x5E, 0x0B, 0x3D, 0xEA, 0xD4,
    0xAD, 0xBB, 0x07, 0x52, 0x97, 0x97, 0x6A, 0xAA, 0xA0, 0x52, 0x4B, 0x99, 0x33, 0x16, 0xF8, 0xFD,
    0x5E, 0x08, 0xB5, 0x88, 0x51, 0xC8, 0x36, 0x05, 0x69, 0x77, 0x47, 0xD1, 0x1E, 0xD1, 0x53, 0x39,
    0x03, 0x04, 0x21, 0xB2, 0x54, 0xD1, 0x70, 0xB0, 0x62, 0x6A, 0xC1, 0x3E, 0xE9, 0xBA, 0x00, 0x8F,
    0x3F, 0x51, 0x4B, 0x28, 0xFF, 0x7D, 0xAF, 0x76, 0x41, 0x44, 0xB0, 0xE4, 0xEA, 0xDB, 0xCA, 0xB2,
    0x3A, 0xA2, 0x3F, 0xC1, 0x33, 0xF0, 0xE8, 0x92, 0x84, 0x9A, 0xCC, 0x5A, 0x28, 0xF6, 0xAB, 0x51,
    0x41, 0x6A, 0x57, 0xBA, 0x6F, 0xBB, 0x7F, 0x7F, 0xB2, 0x63, 0x84, 0xE5, 0x7D, 0xA9, 0x04, 0xBC,
    0x4E, 0x7F, 0x37, 0x3B, 0x5A, 0x78, 0xFD, 0xD1, 0xD4, 0x73, 0x7E, 0x6B, 0xF9, 0xBA, 0x38, 0xD6,
    0xFD, 0xDA, 0xF3, 0xF7, 0xFF, 0x23, 0x5F, 0x57, 0xF7, 0x9F, 0x13, 0xF8, 0x15, 0x96, 0x65, 0xBF,
    0x5F, 0xFC, 0x25, 0x45, 0xD8, 0xA0, 0x12, 0x00, 0x6F, 0x70, 0xED, 0x42, 0x30, 0x6D, 0x22, 0x28,
    0x8F, 0x11, 0x36, 0xB7, 0x89, 0xE6, 0x30, 0xA5, 0x4A, 0x5E, 0x7C, 0xAF, 0x97, 0xB4, 0x6C, 0x27,
    0x9E, 0x9A, 0x87, 0x3F, 0x45, 0x12, 0x1E, 0x43, 0x6B, 0x68, 0x12, 0xC2, 0x60, 0x41, 0x8F, 0xB7,
    0x8A, 0x90, 0x2B, 0xE0, 0x1F, 0xAB, 0x75, 0x29, 0xCE, 0xE4, 0xF7, 0x84, 0x4A, 0x62, 0xE6, 0x65,
    0xC8, 0x3C, 0xC4, 0x5A, 0x35, 0x50, 0x1D, 0x2E, 0x41, 0xAC, 0x24, 0x8E, 0x1D, 0x4F, 0x4C, 0x19,
    0x27, 0xF0, 0x56, 0x30, 0x3F, 0x90, 0x90, 0x28, 0xAE, 0xC0, 0xAB, 0xE4, 0xFE, 0x0E, 0xE7, 0x22,
    0xA2, 0x36, 0x9F, 0x7A, 0x75, 0xC9, 0xEA, 0xF0, 0xB7, 0x70, 0x31, 0xF6, 0xC0, 0x56, 0x9B, 0x9D,
    0xE0, 0x75, 0x30, 0xD7, 0x6F, 0x62, 0x21, 0x62, 0x6C, 0x46, 0xC3, 0x1F, 0x8C, 0xA1, 0x69, 0x43,
    0x33, 0x70, 0x75, 0x7A, 0x04, 0xE7, 0xCC, 0xFF, 0x87, 0xB7, 0xAE, 0x8D, 0x96, 0xC9, 0xA6, 0xCF,
    0x25, 0x8E, 0xD0, 0xC1, 0xAA, 0x1C, 0x5B, 0x62, 0x52, 0x30, 0xB8, 0x9F, 0x4A, 0x7E, 0x7A, 0x68,
    0x3A, 0x3D, 0x41, 0xB4, 0x59, 0x6F, 0x1F, 0x4A, 0x59, 0x73, 0x83, 0x75, 0x33, 0xE8, 0x1F, 0x14,
    0xB3, 0x76, 0x09, 0x30, 0x3F, 0x34, 0x67, 0x04, 0xC1, 0x26, 0xB7, 0x1D, 0x4E, 0x21, 0xF9, 0x4D,
    0x7F, 0x08, 0xC5, 0x2F, 0xED, 0x9A, 0x2C, 0x59, 0x30, 0x85, 0x6F, 0x56, 0xAE, 0x66, 0xD0, 0x14,
    0x51, 0xBB, 0x7B, 0x54, 0x8E, 0x48, 0x9A, 0x87, 0x7F, 0x44, 0x04, 0xD7, 0x88, 0x4A, 0x46, 0xF4,
    0x04, 0x5B, 0x8D, 0x13, 0xDB, 0x85, 0x36, 0x65, 0x9B, 0x95, 0x53, 0x18, 0x08, 0x8F, 0x22, 0xF8,
    0x88, 0x9C, 0xE9, 0x0D, 0x16, 0x00, 0x56, 0x81, 0x23, 0x0A, 0x64, 0xAB, 0xF6, 0x00, 0xE5, 0x9A,
    0xED, 0x99, 0x66, 0xA7, 0xA6, 0xD9, 0xB4, 0x69, 0x76, 0x59, 0xA0, 0x37, 0x10, 0x03, 0xC4, 0x43,
    0xA2, 0xB6, 0x21, 0x58, 0x13, 0xE4, 0x4B, 0x43, 0xED, 0x57, 0x14, 0x31, 0x34, 0x89, 0x6D, 0x07,
    0xE8, 0x36, 0x4E, 0xC9, 0x66, 0xC8, 0x6B, 0x84, 0xE1, 0x68, 0x32, 0x26, 0x32, 0x25, 0x12, 0x91,
    0x04, 0x59, 0x49, 0x76, 0x34, 0xC7, 0x00, 0xFF, 0x38, 0x47, 0xD0, 0x99, 0x16, 0x03, 0x0D, 0xA2,
    0xC1, 0xE9, 0xD6, 0x3C, 0xA1, 0x44, 0xA7, 0x04, 0xEA, 0xE5, 0x38, 0xDD, 0x3A, 0xD6, 0x72, 0x3A,
    0x96, 0xBF, 0x39, 0x56, 0xFC, 0x85, 0x1E, 0x2B, 0x00, 0x74, 0x30, 0xEE, 0x83, 0x2D, 0x08, 0xD9,
    0x7B, 0xB4, 0xE0, 0x9A, 0xA3, 0x81, 0xE6, 0x91, 0xDE, 0xED, 0x1C, 0x4D, 0x30, 0x43, 0xF0, 0x63,
    0x1F, 0x7A, 0x88, 0x3F, 0x51, 0x63, 0x54, 0x78, 0x8E, 0x84, 0x40, 0xC0, 0x49, 0x16, 0x87, 0x5D,
    0x46, 0x38, 0x3C, 0x65, 0x64, 0xB1, 0x3E, 0x68, 0x29, 0x16, 0x22, 0x18, 0x71, 0xD5, 0xC5, 0x4F,
    0x79, 0xCA, 0xF0, 0x1A, 0xE4, 0x0D, 0x79, 0x17, 0xAB, 0x24, 0x8D, 0xAC, 0x27, 0x2B, 0xCB, 0x1E,
    0xFB, 0xD8, 0x83, 0x02, 0x7B, 0x40, 0xB5, 0x41, 0x85, 0x9A, 0x01, 0x56, 0x43, 0xD6, 0x30, 0xA0,
    0xAD, 0x37, 0xB0, 0xDE, 0x69, 0x37, 0x46, 0xE9, 0x77, 0xBD, 0x81, 0xCF, 0x38, 0x87, 0x73, 0xF9,
    0x8E, 0x5A, 0x9E, 0x5D, 0x51, 0xBE, 0xB1, 0xC4, 0x2C, 0xB0, 0xCA, 0x53, 0x33, 0xAB, 0x3C, 0x55,
    0x1E, 0x89, 0xEA, 0x56, 0x5C, 0x52, 0x9E, 0x7D, 0x84, 0x53, 0x9E, 0xEF, 0xEE, 0x53, 0x7E, 0x57,
    0xD1, 0xC0, 0x29, 0xAA, 0x44, 0x51, 0x72, 0x00, 0x0E, 0x2D, 0x8A, 0xAA, 0x61, 0x0E, 0xE6, 0xC8,
    0x39, 0x49, 0x9B, 0x5E, 0x28, 0xFA, 0x54, 0x3E, 0xF8, 0xA3, 0x1D, 0xE3, 0xC9, 0x3E, 0x78, 0xFA,
    0xA3, 0xC9, 0x5A, 0x52, 0x1F, 0x77, 0x56, 0x9D, 0x8A, 0x2F, 0x90, 0xC8, 0xF2, 0xB1, 0x5B, 0xC5,
    0x4C, 0x68, 0xBD, 0xB4, 0x15, 0xC2, 0xFC, 0x73, 0x57, 0xB6, 0x84, 0x80, 0x11, 0x62, 0x48, 0x44,
    0xAD, 0x98, 0xEA, 0xB3, 0x08, 0x79, 0x9A, 0x6E, 0xDE, 0x38, 0x65, 0x95, 0xD2, 0xEA, 0x9B, 0xC5,
    0xAC, 0xE3, 0xCA, 0xA4, 0x0F, 0xD8, 0xE3, 0xEB, 0x61, 0x99, 0x45, 0xCD, 0xD7, 0x43, 0x47, 0xA9,
    0x40, 0x5F, 0x6A, 0xD3, 0xBE, 0x72, 0x38, 0x08, 0xCE, 0x2D, 0x04, 0x84, 0x73, 0xF0, 0xB5, 0x84,
    0x5A, 0xE7, 0x0E, 0x93, 0xD5, 0xF8, 0xA3, 0xC3, 0x01, 0xA5, 0x65, 0xB6, 0x72, 0xDA, 0xE6, 0x84,
    0x60, 0x11, 0xDB, 0xDC, 0xDA, 0x1B, 0x72, 0x82, 0x2B, 0x8A, 0x77, 0xD8, 0x8A, 0x6F, 0x80, 0xFF,
    0x71, 0x81, 0x82, 0x98, 0x12, 0x53, 0x33, 0x5B, 0x10, 0x51, 0x1C, 0x89, 0x7B, 0x6C, 0x1E, 0x92,
    0xD7, 0x89, 0xB2, 0x3F, 0x23, 0x92, 0xFE, 0xB6, 0x61, 0x45, 0x2D, 0x1C, 0x33, 0x17, 0xD5, 0x85,
    0x72, 0xF9, 0x84, 0x6F, 0x12, 0xCB, 0x88, 0x67, 0x0D, 0xA5, 0x2B, 0x81, 0x66, 0x81, 0xD4, 0x5E,
    0x35, 0x35, 0x61, 0xE3, 0x5C, 0xA8, 0x37, 0x1D, 0x4A, 0x32, 0xCE, 0xDD, 0x59, 0x2E, 0x01, 0x13,
    0x5D, 0x52, 0x30, 0x1B, 0xC4, 0xDF, 0x74, 0xFC, 0x1C, 0x8B, 0x1E, 0x91, 0xDD, 0x73, 0xFB, 0xCE,
    0xD6, 0x0D, 0x56, 0x2D, 0xDA, 0x8F, 0x96, 0xCB, 0x6C, 0xFF, 0x53, 0x0F, 0xC4, 0x30, 0x25, 0xD6,
    0xC2, 0x4D, 0x02, 0xFB, 0xC6, 0x62, 0x3B, 0x47, 0x0E, 0xBA, 0x9C, 0xB8, 0x4F, 0x62, 0xCC, 0xD2,
    0x9E, 0x14, 0xA8, 0x0B, 0x39, 0xDB, 0xC0, 0x05, 0x55, 0x1F, 0x79, 0x08, 0xCD, 0x8E, 0xA0, 0x67,
    0xE7, 0x84, 0xFD, 0x52, 0x12, 0x29, 0x40, 0x21, 0x5E, 0xFA, 0x88, 0xDD, 0x87, 0x30, 0x89, 0xD5,
    0x74, 0x5A, 0x69, 0xEA, 0xA4, 0x87, 0x24, 0x2F, 0x8E, 0x68, 0x8F, 0x50, 0x4F, 0x94, 0x80, 0x98,
    0xBB, 0x05, 0xB9, 0xD0, 0xB4, 0xC2, 0xDE, 0x63, 0x52, 0x90, 0xEF, 0xA3, 0x8A, 0x83, 0x1B, 0x04,
    0xA0, 0x33, 0x64, 0x0A, 0x04, 0x56, 0x35, 0x24, 0x98, 0x81, 0x77, 0xE6, 0x20, 0x63, 0x47, 0x38,
    0x7A, 0xFA, 0x2E, 0x76, 0xC6, 0x06, 0x51, 0x6F, 0x0B, 0x73, 0x38, 0x15, 0xF3, 0xC2, 0x1E, 0x1D,
    0x36, 0xCF, 0xE9, 0x19, 0xC9, 0xBA, 0x63, 0x1A, 0x64, 0xC4, 0x6D, 0xAF, 0xE7, 0x29, 0x5B, 0xBC,
    0x17, 0xDE, 0xD9, 0xCE, 0xC7, 0x9C, 0xF9, 0x83, 0x63, 0x4B, 0x07, 0x14, 0xB6, 0x11, 0xE1, 0x10,
    0x9A, 0xC3, 0xDC, 0x03, 0x9F, 0x8D, 0xD4, 0xEF, 0x94, 0xBE, 0xC9, 0xA4, 0x28, 0xD0, 0xDD, 0x31,
    0xDD, 0x1D, 0xED, 0x73, 0xF7, 0x83, 0x6D, 0x03, 0x78, 0x54, 0x30, 0x60, 0xB5, 0x0C, 0xA4, 0x3B,
    0x25, 0x9D, 0x8D, 0x40, 0x6E, 0x92, 0x17, 0x5A, 0x75, 0x14, 0x95, 0xEA, 0x7B, 0xCF, 0x6E, 0xDB,
    0x60, 0x91, 0x8A, 0x0D, 0x94, 0x8E, 0x1B, 0x0F, 0xB8, 0x1E, 0xF4, 0xB0, 0x42, 0x47, 0x6B, 0xC0,
    0x2A, 0xE8, 0x3F, 0x70, 0x38, 0xDA, 0xE0, 0x88, 0xEC, 0x02, 0x76, 0x48, 0xA0, 0x50, 0xAC, 0xAD,
    0x0D, 0x68, 0x67, 0xF2, 0xCB, 0x68, 0xCB, 0xFD, 0x50, 0x24, 0x1F, 0xAD, 0x0D, 0xBC, 0xEE, 0xEB,
    0x38, 0x61, 0x26, 0xD7, 0x4B, 0x25, 0x4E, 0x5F, 0x37, 0x46, 0x37, 0x60, 0x4A, 0x9D, 0x9F, 0x1C,
    0xB2, 0xEF, 0xD1, 0xBE, 0xF9, 0x57, 0xBD, 0x4B, 0x41, 0xAE, 0x8E, 0x7D, 0x84, 0x58, 0xCB, 0x9D,
    0xAB, 0x03, 0xC6, 0x68, 0x4E, 0x31, 0x96, 0xC5, 0xAC, 0x01, 0x59, 0x6F, 0x0E, 0xCC, 0x9B, 0xCE,
    0x91, 0xBB, 0xC3, 0xC8, 0xDF, 0xDE, 0x86, 0xE8, 0xF1, 0x1F, 0x58, 0x1E, 0x9F, 0xF0, 0xCA, 0x47,
    0x48, 0x78, 0x37, 0xDE, 0x78, 0x85, 0xE8, 0xCA, 0xE7, 0xF1, 0xE0, 0x2E, 0xE5, 0xF2, 0x06, 0xC2,
    0x00, 0x9F, 0x2B, 0x9E, 0xAC, 0x1A, 0x3D, 0xC3, 0x7B, 0x69, 0x01, 0x11, 0x37, 0x93, 0x88, 0x36,
    0xDF, 0x40, 0xCA, 0xE5, 0xE9, 0xEA, 0xAF, 0x0D, 0xDF, 0xD0, 0xEE, 0xDD, 0x6B, 0xBB, 0x20, 0x06,
    0x46, 0x73, 0xAD, 0xC0, 0xBB, 0x14, 0xE0, 0x2A, 0xA3, 0xB7, 0xE2, 0xBD, 0xFC, 0x8A, 0x90, 0x07,
    0x32, 0xC5, 0x90, 0x58, 0x80, 0x87, 0xF7, 0x32, 0x5C, 0x84, 0xED, 0x1D, 0x8D, 0x2D, 0x68, 0x1C,
    0x8F, 0x9B, 0x13, 0x8F, 0x76, 0x48, 0x13, 0x5A, 0x39, 0x56, 0x8A, 0x91, 0x90, 0xFC, 0x0A, 0x3E,
    0x1A, 0x7E, 0x76, 0x0D, 0x2E, 0x2D, 0x1A, 0xB7, 0xDF, 0xB9, 0x3F, 0xF2, 0xC3, 0x35, 0xE4, 0x83,
    0x45, 0x80, 0x0A, 0x58, 0x22, 0xE5, 0x46, 0x98, 0x0B, 0xEE, 0xD0, 0x02, 0xA4, 0x91, 0x1E, 0xF4,
    0x35, 0x91, 0xEB, 0x94, 0xDD, 0x4F, 0x2E, 0x5A, 0xBC, 0x8D, 0x9D, 0x23, 0x41, 0xE1, 0x71, 0xAA,
    0x51, 0x02, 0xCA, 0xF2, 0x20, 0xA5, 0xB2, 0x0B, 0x32, 0x63, 0x8D, 0xB7, 0xFD, 0x1E, 0xA0, 0x8F,
    0x37, 0x4F, 0xA9, 0x7F, 0x7E, 0x17, 0xCB, 0x27, 0xC0, 0x68, 0x49, 0x3F, 0xEB, 0xEC, 0x0B, 0xF1,
    0xEF, 0x28, 0x72, 0xE2, 0x5E, 0xDE, 0x70, 0xE7, 0x14, 0x30, 0x1A, 0x37, 0x49, 0x49, 0x74, 0xF5,
    0x59, 0xD2, 0x57, 0x38, 0x65, 0xDE, 0x59, 0xE6, 0x9D, 0x62, 0xFD, 0x65, 0x2F, 0x19, 0x17, 0x00,
    0x9C, 0xC2, 0x36, 0x15, 0xEC, 0x85, 0xDA, 0x6B, 0x34, 0x5B, 0x6B, 0x0B, 0x0B, 0xD3, 0xF8, 0xD2,
    0x03, 0x67, 0x3A, 0x16, 0x01, 0x1C, 0xAF, 0xC4, 0x31, 0xA3, 0xCD, 0xF1, 0x3C, 0x7B, 0x3C, 0x06,
    0xA4, 0x1C, 0x2F, 0xC1, 0x29, 0x9E, 0x79, 0x79, 0x7D, 0x8F, 0x1D, 0x94, 0xB1, 0x42, 0x45, 0xEB,
    0xE9, 0x78, 0x32, 0x45, 0x6C, 0xC1, 0xE3, 0xC9, 0x02, 0xF6, 0x78, 0x25, 0x6C, 0xC6, 0xE3, 0x95,
    0x0B, 0xF6, 0x05, 0x29, 0x01, 0x59, 0x80, 0x28, 0x6A, 0xFC, 0x01, 0xD0, 0x34, 0xB2, 0x8C, 0xE2,
    0x10, 0xE9, 0xA0, 0xA6, 0x88, 0xE0, 0x77, 0xB9, 0x87, 0x67, 0x3E, 0xC0, 0x9A, 0x00, 0xCA, 0x77,
    0xB0, 0x8A, 0xFE, 0x7F, 0xCD, 0x57, 0x31, 0x8F, 0xDC, 0xD6, 0x11, 0x1E, 0x92, 0xB2, 0x88, 0x84,
    0x80, 0x99, 0xE2, 0x10, 0x04, 0x38, 0x4B, 0x0C, 0x10, 0x15, 0x0E, 0xA0, 0x3B, 0xA6, 0x50, 0xA1,
    0xE2, 0x76, 0x49, 0xB9, 0x88, 0x0B, 0x17, 0x12, 0x10, 0xA8, 0x4A, 0x61, 0x17, 0x29, 0x9C, 0x22,
    0xB8, 0x94, 0x57, 0xEC, 0x6A, 0xE9, 0x18, 0x48, 0x8A, 0x14, 0xB9, 0x7F, 0x60, 0x17, 0x2E, 0xD2,
    0x45, 0x85, 0x0A, 0x15, 0x2B, 0x91, 0x88, 0x02, 0xA4, 0x70, 0x61, 0x26, 0x76, 0x90, 0x22, 0x85,
    0xE9, 0xE4, 0x02, 0x77, 0x31, 0x6D, 0x6C, 0x00, 0x6E, 0xC2, 0x5D, 0xE6, 0xFB, 0xE6, 0x91, 0xBB,
    0x7B, 0xD2, 0x46, 0x51, 0x74, 0x7B, 0xBA, 0xDB, 0xBB, 0xF7, 0x96, 0x4B, 0xF2, 0xCD, 0x9B, 0xF9,
    0x66, 0xE6, 0x9B, 0x79, 0x22, 0x13, 0x11, 0xB1, 0x6A, 0x4C, 0x8E, 0x4E, 0xFF, 0xC0, 0xE4, 0xBD,
    0x87, 0xC9, 0xBF, 0x19, 0x8B, 0x04, 0x5E, 0x26, 0xB2, 0xEB, 0x62, 0xEA, 0x39, 0x85, 0xC8, 0xC0,
    0x2E, 0x45, 0x2A, 0x2E, 0x99, 0xE0, 0xCB, 0x6E, 0x9A, 0x5A, 0x9C, 0xA6, 0x99, 0x89, 0xFB, 0xA7,
    0xDB, 0x23, 0xF1, 0x33, 0x09, 0xC4, 0x8F, 0xC5, 0x4F, 0x42, 0x88, 0xC8, 0xFA, 0x22, 0x6E, 0x3E,
    0x84, 0xC4, 0x72, 0x2C, 0xC2, 0x75, 0xCB, 0xCF, 0x3D, 0x4E, 0x55, 0x7B, 0x65, 0xA5, 0x47, 0xE2,
    0x43, 0x86, 0x7F, 0x6B, 0x84, 0x1B, 0x01, 0x36, 0xF5, 0x13, 0x0E, 0x2B, 0x6D, 0x92, 0xA0, 0x69,
    0x92, 0xD1, 0xA1, 0x9F, 0xE0, 0x69, 0x52, 0x63, 0x54, 0x12, 0xE0, 0x3B, 0x4A, 0x1E, 0xBE, 0xD6,
    0x24, 0x51, 0xF3, 0x61, 0xE2, 0xCD, 0xDD, 0x64, 0x21, 0xF5, 0x32, 0x46, 0xD8, 0x7E, 0x5B, 0x73,
    0x4C, 0x76, 0xC3, 0x87, 0x54, 0x5E, 0x9C, 0xAC, 0x7D, 0x28, 0x07, 0x9C, 0xAE, 0x2C, 0x16, 0x0D,
    0x39, 0x35, 0xDD, 0xA4, 0x2B, 0x9C, 0x3F, 0xE3, 0x65, 0xF7, 0x51, 0x0E, 0x25, 0x7E, 0x0B, 0xB5,
    0xFD, 0x1B, 0x25, 0x97, 0x42, 0xDD, 0xBE, 0xC0, 0x92, 0x81, 0xF4, 0x04, 0xDF, 0xB0, 0xAE, 0x69,
    0x1A, 0x42, 0xD0, 0xC4, 0xCE, 0xDF, 0x6F, 0xBF, 0x99, 0xB9, 0x39, 0xCC, 0x05, 0x5A, 0x4E, 0x01,
    0xF5, 0xED, 0x32, 0x80, 0x0E, 0x93, 0x08, 0x22, 0x6B, 0xBC, 0xCE, 0x75, 0xF8, 0x8C, 0x20, 0x7C,
    0x04, 0x14, 0x2D, 0x82, 0x81, 0xE1, 0x16, 0xC6, 0x5E, 0x2A, 0xFC, 0x35, 0xA3, 0xCE, 0x06, 0xC0,
    0xB8, 0x18, 0xD3, 0x79, 0x98, 0x3E, 0xC0, 0xCE, 0xCE, 0xEC, 0xDB, 0xF0, 0xC5, 0xAF, 0xF0, 0x6B,
    0x97, 0x10, 0x5C, 0x91, 0x5B, 0x9D, 0xE1, 0xD5, 0xC2, 0xED, 0x33, 0x4E, 0x5F, 0xD0, 0xED, 0x1F,
    0xA9, 0xDB, 0x21, 0x24, 0x20, 0x68, 0x7D, 0x07, 0x10, 0xF4, 0xE8, 0xB9, 0xB1, 0xA5, 0x6E, 0xAF,
    0xA8, 0xF9, 0x98, 0x36, 0xCF, 0xE8, 0xF6, 0x39, 0xDD, 0xBE, 0x4F, 0x05, 0xFD, 0x18, 0x9A, 0xFA,
    0x59, 0x48, 0x8F, 0x03, 0x18, 0xA7, 0x18, 0xD0, 0xE3, 0x35, 0x21, 0x30, 0x03, 0x92, 0xA2, 0x37,
    0x62, 0x49, 0x7F, 0x27, 0xF6, 0x57, 0xA5, 0xB8, 0xC9, 0x60, 0x81, 0xFF, 0x49, 0x0D, 0xFE, 0x3A,
    0x85, 0x78, 0xB4, 0xDB, 0xCE, 0x3F, 0xC0, 0xFC, 0x03, 0x5A, 0x73, 0x96, 0x06, 0xD3, 0xD5, 0x7D,
    0x8A, 0xF5, 0x73, 0xB1, 0x42, 0x88, 0x19, 0x0C, 0xC4, 0x2A, 0x82, 0x65, 0xF0, 0xEF, 0x4F, 0x29,
    0x2B, 0x76, 0x3E, 0x09, 0x18, 0x66, 0x39, 0x57, 0xEB, 0xD8, 0x6F, 0x0A, 0xB7, 0x69, 0x8A, 0xE0,
    0xC8, 0x29, 0xA2, 0x18, 0x03, 0xF7, 0xFA, 0x08, 0x91, 0x48, 0xFC, 0x22, 0x3C, 0x4C, 0x0B, 0xBF,
    0xF9, 0xAA, 0xB0, 0x9B, 0x77, 0x0A, 0xC6, 0x91, 0x74, 0x11, 0x4D, 0x87, 0xFF, 0x7A, 0x87, 0x71,
    0xBB, 0x85, 0x1F, 0x9F, 0xD2, 0x10, 0x1B, 0x6F, 0x6C, 0x2D, 0xAD, 0xD6, 0xC8, 0x63, 0x32, 0x58,
    0x1A, 0xDF, 0x5F, 0x00, 0x18, 0xE7, 0x2F, 0xDC, 0xF8, 0xF7, 0x98, 0xFC, 0x77, 0x19, 0x81, 0xB6,
    0xC6, 0x37, 0xBC, 0xD4, 0x93, 0x9A, 0xF1, 0x3D, 0xA0, 0xE9, 0x4F, 0xC6, 0x77, 0x86, 0x9C, 0xF6,
    0x35, 0xBE, 0x63, 0xE4, 0x74, 0x48, 0x5B, 0x69, 0x67, 0x3D, 0x34, 0xBB, 0xD0, 0x1A, 0xE9, 0x02,
    0x9B, 0xEE, 0x16, 0x49, 0xFF, 0x20, 0xD6, 0x97, 0x9B, 0x75, 0x37, 0x5C, 0xFD, 0x53, 0x68, 0x3B,
    0x81, 0xDE, 0xD7, 0x53, 0x60, 0x77, 0x2D, 0xE8, 0xF2, 0xDF, 0x56, 0xC7, 0xBF, 0x17, 0xD3, 0x83,
    0xF9, 0x2A, 0xD9, 0xBC, 0x28, 0xC7, 0xDB, 0xD3, 0x57, 0xC4, 0x05, 0x21, 0x7A, 0xDE, 0xC4, 0xEC,
    0x1B, 0x41, 0x97, 0x34, 0x13, 0xFB, 0x33, 0x40, 0x10, 0xEF, 0x6D, 0x0E, 0x02, 0xF9, 0x11, 0xCD,
    0xA5, 0x41, 0x2E, 0x7D, 0xAA, 0x14, 0x3D, 0xA0, 0xDB, 0x57, 0x3E, 0x67, 0x4D, 0xEA, 0x12, 0x62,
    0x9F, 0x11, 0x50, 0xFD, 0x57, 0x09, 0x90, 0x1E, 0x18, 0xDC, 0x16, 0x00, 0x54, 0x00, 0xA0, 0x11,
    0xFF, 0x70, 0x3F, 0xA3, 0x4C, 0x93, 0x05, 0x6E, 0x0E, 0x00, 0x72, 0x00, 0x90, 0x47, 0x87, 0x6E,
    0xFE, 0x00, 0xBF, 0x6B, 0x8C, 0x4A, 0x3C, 0x7C, 0x07, 0x79, 0x7A, 0x23, 0xCD, 0xA3, 0xE6, 0x6F,
    0xB9, 0x3B, 0x7F, 0x2D, 0x5F, 0x4B, 0xF8, 0x62, 0x1D, 0x76, 0x5C, 0xEF, 0x63, 0xBC, 0xB4, 0x75,
    0x85, 0x17, 0xF7, 0x88, 0x51, 0xC9, 0xE0, 0x4F, 0x8E, 0xC1, 0xC3, 0xC0, 0x95, 0x54, 0x59, 0x1F,
    0x6A, 0x59, 0xFF, 0xC6, 0x53, 0xFB, 0x73, 0xAC, 0x75, 0x3E, 0x06, 0x1E, 0xAE, 0xB2, 0x7E, 0x02,
    0x3C, 0x02, 0xDA, 0x13, 0x32, 0x21, 0x7A, 0x64, 0xFD, 0x01, 0x77, 0x63, 0x56, 0x70, 0x4A, 0xEC,
    0x7F, 0xDE, 0xFE, 0x61, 0x06, 0xFC, 0xDC, 0x1C, 0xBB, 0x3A, 0x25, 0x80, 0xB2, 0x4B, 0xD2, 0x6E,
    0x45, 0x95, 0xEA, 0xBE, 0xD6, 0x16, 0x22, 0xC4, 0x44, 0x85, 0x4A, 0x4E, 0x7C, 0x15, 0x97, 0x07,
    0x50, 0xA5, 0x34, 0x95, 0xE0, 0x58, 0x38, 0xCC, 0xC5, 0x3B, 0x7C, 0x2C, 0x1C, 0x7E, 0xD3, 0x24,
    0x40, 0x29, 0x89, 0x12, 0x3F, 0x79, 0xD0, 0x86, 0x43, 0xDD, 0x86, 0x43, 0x7A, 0x63, 0x25, 0x1C,
    0x0C, 0x03, 0xD2, 0x70, 0x8D, 0x81, 0xAD, 0x5B, 0xC8, 0xFD, 0x3D, 0x0B, 0x28, 0x05, 0x0D, 0xA1,
    0x9D, 0xCB, 0x99, 0x24, 0x03, 0x43, 0xE3, 0x3E, 0xC6, 0x55, 0x3C, 0xC4, 0xE4, 0x24, 0x07, 0x10,
    0xB0, 0xCE, 0xF2, 0x35, 0x89, 0xD0, 0x59, 0x1E, 0xFB, 0xC9, 0x58, 0x93, 0x60, 0x25, 0x11, 0xAC,
    0x15, 0xCB, 0x2D, 0x9A, 0xA0, 0xEE, 0x96, 0x9F, 0xD0, 0xF2, 0xB7, 0xDE, 0x12, 0xD9, 0xA1, 0xCE,
    0x7E, 0xC3, 0x80, 0x6A, 0xE2, 0x63, 0x96, 0xD3, 0x68, 0x5D, 0x61, 0xCF, 0x3B, 0xCB, 0xDD, 0x8F,
    0xB8, 0xE1, 0x2F, 0x61, 0x74, 0x40, 0xA3, 0x43, 0x66, 0x43, 0x8F, 0x02, 0x06, 0xC4, 0xA9, 0x22,
    0xAD, 0x4D, 0xE0, 0x78, 0x9B, 0x46, 0x3B, 0x74, 0x3C, 0x2C, 0x7F, 0x33, 0xF6, 0x95, 0x09, 0x63,
    0x18, 0x1D, 0x8A, 0x92, 0x34, 0x8C, 0x26, 0x09, 0x2A, 0xF5, 0xD7, 0x9A, 0xF6, 0xF4, 0x39, 0xB1,
    0x44, 0x64, 0xBA, 0x17, 0x60, 0x7D, 0x3E, 0x68, 0xAD, 0xCF, 0x37, 0x67, 0xFD, 0x3A, 0x26, 0xFC,
    0x06, 0x25, 0xAB, 0xF3, 0x43, 0x3A, 0xDF, 0x3B, 0x1B, 0xE7, 0x1B, 0x3A, 0xBE, 0x84, 0xF7, 0xC1,
    0x86, 0xAE, 0x61, 0x43, 0x0D, 0x82, 0xC3, 0xFB, 0x06, 0x86, 0x74, 0x83, 0x41, 0x70, 0x5D, 0xE8,
    0x34, 0x57, 0xE3, 0x1D, 0x2B, 0xDD, 0x99, 0x9C, 0x9C, 0x08, 0xAD, 0xCD, 0x11, 0xA1, 0x1B, 0x5F,
    0x6A, 0xDD, 0x3F, 0x59, 0xEB, 0xFE, 0xE7, 0x4E, 0xFB, 0xEE, 0xB3, 0xD3, 0xD2, 0xD9, 0x0E, 0x59,
    0x69, 0x8E, 0x7F, 0x8D, 0xDC, 0xC7, 0xFF, 0x61, 0x0B, 0xFE, 0xD7, 0x3E, 0xAA, 0xBA, 0x85, 0xAD,
    0xC0, 0x03, 0x2D, 0xE7, 0x98, 0x53, 0x70, 0x1B, 0xEE, 0x06, 0xF9, 0x28, 0xEE, 0xC3, 0xE2, 0x01,
    0xEC, 0x18, 0xC3, 0xCF, 0xC8, 0x03, 0x1D, 0x55, 0x9B, 0x53, 0xE3, 0xB6, 0x8B, 0x66, 0xB3, 0x1B,
    0x1C, 0x7D, 0x33, 0x43, 0x13, 0x93, 0xC9, 0xFE, 0x4A, 0xE4, 0x79, 0xAD, 0x71, 0xFC, 0x9E, 0x83,
    0xFF, 0x32, 0xA6, 0x06, 0x32, 0x04, 0x38, 0x5E, 0x6F, 0x5B, 0xF1, 0x4D, 0x68, 0x1E, 0x61, 0x8B,
    0x68, 0xA5, 0xBB, 0xBE, 0x58, 0x98, 0x36, 0xF8, 0xE5, 0x65, 0x77, 0x7D, 0x52, 0x93, 0xBC, 0xE2,
    0x95, 0x70, 0xB6, 0xB7, 0x37, 0xAA, 0xAE, 0xB9, 0x6D, 0xB9, 0x3D, 0xA1, 0xE2, 0xEE, 0xD4, 0xD3,
    0x52, 0xB8, 0xB3, 0x5D, 0x2D, 0xF1, 0x3A, 0x31, 0xEE, 0x76, 0xA2, 0x2D, 0xF1, 0xDB, 0x97, 0x01,
    0xF6, 0x16, 0xDA, 0x3D, 0x24, 0xAB, 0x55, 0xA0, 0x29, 0x7C, 0xAB, 0x53, 0x59, 0x47, 0xD5, 0x46,
    0xE9, 0xBA, 0xC1, 0xD0, 0xE7, 0x78, 0xDA, 0x3B, 0xD5, 0x8A, 0x2C, 0xF3, 0x13, 0x69, 0x10, 0x3E,
    0xCA, 0x24, 0xFD, 0x0C, 0x3E, 0x98, 0xC0, 0xC9, 0x3B, 0x1B, 0xB3, 0x89, 0x1D, 0x0F, 0xCF, 0x51,
    0xFE, 0x45, 0xB0, 0xFE, 0x4D, 0x38, 0xB7, 0x47, 0x6A, 0x06, 0xBB, 0x26, 0xB6, 0x8A, 0x07, 0x86,
    0x85, 0x8E, 0xA4, 0xCB, 0xA3, 0x35, 0x03, 0xB2, 0x74, 0x3C, 0xED, 0x9D, 0x64, 0x29, 0x8B, 0xBA,
    0xEC, 0x32, 0x7C, 0xDF, 0x28, 0xC5, 0x0A, 0xA0, 0xE1, 0x10, 0x69, 0x56, 0x7A, 0xCB, 0xA2, 0x12,
    0x82, 0x1B, 0x91, 0xA9, 0xEE, 0x24, 0xC8, 0xFD, 0x44, 0x4F, 0x7C, 0x13, 0x84, 0x74, 0x15, 0x35,
    0x8D, 0x8E, 0x7E, 0x6B, 0x47, 0xD8, 0xE5, 0x37, 0x6B, 0xC2, 0xF4, 0xA5, 0xBB, 0x58, 0x53, 0xCA,
    0x36, 0xB9, 0x6A, 0xD4, 0xB6, 0xF1, 0xC8, 0xE6, 0xB7, 0x77, 0xD4, 0x57, 0x2E, 0x7D, 0x85, 0x32,
    0x7E, 0xC1, 0x30, 0xF9, 0x29, 0xF9, 0x8A, 0x56, 0x5A, 0x85, 0x19, 0xD8, 0x3F, 0xFA, 0xB9, 0xB6,
    0xEA, 0xB6, 0xB6, 0xEA, 0x7B, 0x27, 0xF3, 0x59, 0xB1, 0x9D, 0xC0, 0x67, 0x89, 0xA4, 0x53, 0xD0,
    0xE3, 0xF7, 0xFC, 0xEA, 0xEE, 0xA5, 0x51, 0x71, 0x55, 0x9B, 0x13, 0xA4, 0x3E, 0xAC, 0xBB, 0x6C,
    0x95, 0x1B, 0x49, 0x1C, 0x6B, 0xFA, 0x32, 0x94, 0x03, 0x7D, 0x7A, 0x6D, 0xE2, 0x30, 0xFB, 0xA1,
    0xB0, 0xCD, 0xC0, 0x8B, 0x37, 0x17, 0x78, 0xF2, 0x2A, 0x15, 0x77, 0x9A, 0xC4, 0x7B, 0xB7, 0xD8,
    0xD5, 0x86, 0x46, 0x36, 0xCE, 0xB3, 0xDA, 0x2A, 0x67, 0x6D, 0xAB, 0x8C, 0x5A, 0x17, 0x87, 0x1B,
    0xE4, 0x82, 0x35, 0x1C, 0x0C, 0x2F, 0x05, 0x35, 0x5A, 0x9C, 0x3D, 0xBB, 0x74, 0x12, 0x27, 0xA6,
    0x5A, 0xE9, 0xDC, 0xCB, 0xFE, 0xD7, 0x5F, 0x3A, 0x67, 0xE7, 0x3B, 0x4A, 0xD2, 0xD2, 0xC2, 0x5F,
    0x90, 0x5C, 0x95, 0x6F, 0x69, 0xE9, 0x79, 0xFA, 0xDF, 0xFF, 0x23, 0x9B, 0x99, 0xE0, 0x65, 0x6E,
    0x72, 0xAF, 0x62, 0x09, 0xAD, 0x1E, 0xFB, 0xA0, 0x9C, 0xE2, 0xFE, 0x76, 0x73, 0x68, 0x42, 0xDE,
    0x9D, 0x5A, 0x69, 0xEC, 0xE7, 0x6C, 0x41, 0xE2, 0xAE, 0x0B, 0x1B, 0x77, 0x5D, 0x58, 0x45, 0x50,
    0xE8, 0x06, 0x19, 0x2F, 0x27, 0xBD, 0xA7, 0x4F, 0x79, 0x1E, 0x9D, 0xE8, 0x0A, 0xAC, 0x75, 0x0B,
    0x48, 0x09, 0x32, 0x95, 0xA7, 0x92, 0xCD, 0x1E, 0x2B, 0x9F, 0x03, 0x69, 0x21, 0xD6, 0x2B, 0x14,
    0x6E, 0xC0, 0x0B, 0x97, 0xEC, 0x67, 0x11, 0x16, 0x0F, 0x75, 0x5F, 0x6B, 0x52, 0x53, 0xE3, 0x76,
    0xF0, 0x9A, 0xF7, 0xF8, 0x8C, 0xEF, 0xF0, 0x5D, 0x57, 0xD1, 0x3B, 0x5A, 0xEF, 0x12, 0x8B, 0xAE,
    0x32, 0x87, 0x14, 0x3D, 0xC2, 0x90, 0x15, 0x94, 0x34, 0x78, 0xF6, 0xD0, 0x32, 0x69, 0x3E, 0x2F,
    0xD4, 0xFA, 0x67, 0x2A, 0xA8, 0x27, 0x06, 0xC3, 0xEB, 0x8E, 0x6C, 0x35, 0x08, 0xDE, 0x69, 0xAE,
    0xB4, 0x0D, 0xF9, 0x8E, 0x75, 0xEC, 0x40, 0xFB, 0x02, 0x0D, 0xAF, 0xD5, 0xE2, 0x00, 0x85, 0x2C,
    0xFA, 0x12, 0xEF, 0x57, 0x48, 0xB9, 0x55, 0x3E, 0x39, 0x99, 0xC1, 0x74, 0xB8, 0xF1, 0xAE, 0x55,
    0xB2, 0x53, 0xFD, 0x0E, 0xC3, 0xBE, 0x35, 0xB8, 0x3C, 0x0B, 0x83, 0x59, 0x55, 0x03, 0x86, 0xDD,
    0x2F, 0xB0, 0xFD, 0x4D, 0xDC, 0xEC, 0xA1, 0xE6, 0x4D, 0xBC, 0x65, 0x7F, 0x19, 0x4E, 0x59, 0xE5,
    0x32, 0x77, 0xB2, 0x8D, 0x23, 0xAE, 0x55, 0x21, 0x28, 0xC7, 0xE0, 0xA7, 0x21, 0x98, 0xA6, 0xDF,
    0x6F, 0x07, 0xAF, 0x79, 0x8F, 0xCF, 0xF8, 0x0E, 0xDF, 0xE5, 0x1A, 0x09, 0xA6, 0x94, 0x70, 0x87,
    0x93, 0xB3, 0x30, 0x1C, 0xAA, 0x58, 0xB3, 0x57, 0xE9, 0x6B, 0x7A, 0x9F, 0xA6, 0xEF, 0xF2, 0xE0,
    0xBA, 0x25, 0xB7, 0x9E, 0x30, 0x7D, 0x66, 0x4C, 0xF7, 0x16, 0xA6, 0x8B, 0x9A, 0x7E, 0x8F, 0xD3,
    0x01, 0xCD, 0x1C, 0xD0, 0xE0, 0xBD, 0xE5, 0xA4, 0xF7, 0xF4, 0xE9, 0xB0, 0x35, 0x5D, 0x4A, 0x5D,
    0xAB, 0x52, 0x54, 0xDE, 0xAA, 0xAF, 0xBD, 0xDC, 0x44, 0x36, 0x07, 0x0E, 0x3E, 0xC1, 0x23, 0x39,
    0x0D, 0x9F, 0xA3, 0x6D, 0xBC, 0xCB, 0x03, 0x19, 0x4F, 0x6A, 0xFB, 0xD9, 0xEA, 0x71, 0xD4, 0x59,
    0xF1, 0xFE, 0xD9, 0x84, 0xFB, 0xCC, 0x83, 0x12, 0x28, 0x70, 0xDF, 0xAF, 0xCD, 0xC6, 0x01, 0x74,
    0x19, 0x01, 0x8D, 0xC9, 0x7D, 0x38, 0xEB, 0xF2, 0xE6, 0x20, 0x50, 0x73, 0x6D, 0xF5, 0xF8, 0x87,
    0xD8, 0x22, 0xE4, 0x89, 0xE9, 0x4A, 0xDB, 0x90, 0x9E, 0x05, 0xB7, 0xAD, 0x65, 0x76, 0x76, 0x68,
    0x24, 0xBC, 0x07, 0x13, 0xAC, 0x1F, 0x82, 0x89, 0xFD, 0x0D, 0x02, 0xB0, 0xAE, 0x10, 0x6B, 0xFC,
    0xE1, 0x70, 0x27, 0xED, 0x19, 0x4E, 0xDA, 0x0E, 0xE3, 0xB8, 0x92, 0x38, 0xDB, 0x42, 0x6F, 0xF0,
    0x24, 0xCE, 0xA2, 0xBE, 0x5A, 0xB3, 0xAF, 0xF0, 0xCC, 0xD8, 0x5A, 0x3A, 0xA5, 0xA8, 0xB9, 0x6A,
    0x45, 0xA5, 0x73, 0xAD, 0x60, 0x9B, 0x86, 0x70, 0x7C, 0x6C, 0x36, 0xF7, 0xCD, 0x9B, 0x8A, 0x54,
    0xBB, 0x56, 0x71, 0x16, 0x85, 0x5C, 0xD1, 0x6F, 0xBB, 0xCA, 0x05, 0x5E, 0x64, 0x2A, 0x8B, 0x22,
    0x9C, 0xB2, 0x63, 0xEC, 0x40, 0x2E, 0x26, 0x9D, 0x05, 0xB8, 0x91, 0x1E, 0xF9, 0x6C, 0xFC, 0x42,
    0x02, 0x34, 0x43, 0x1B, 0xE2, 0x96, 0x32, 0x34, 0x5A, 0x59, 0x13, 0xD3, 0xFC, 0x2C, 0xA7, 0xDA,
    0x28, 0x8A, 0x07, 0xFA, 0x0A, 0xA1, 0x52, 0x5C, 0x15, 0x60, 0x45, 0xDA, 0xB8, 0x42, 0xC4, 0x9C,
    0xB2, 0xF0, 0xA2, 0x74, 0x95, 0x70, 0x51, 0x78, 0xCE, 0x07, 0x34, 0x96, 0xA6, 0xCD, 0x03, 0x69,
    0x5B, 0xAF, 0x96, 0xDE, 0xF3, 0x53, 0x85, 0x46, 0x7B, 0x05, 0xE4, 0x52, 0xB2, 0xA8, 0x9E, 0x86,
    0x57, 0xC5, 0x90, 0xF6, 0x9D, 0x65, 0x60, 0xCB, 0xB5, 0x73, 0x13, 0x41, 0x5D, 0x3F, 0xA1, 0xF9,
    0x65, 0x3A, 0x0A, 0x25, 0x5E, 0xF6, 0x14, 0xDA, 0x54, 0xA0, 0xAB, 0xB0, 0x62, 0x78, 0xF7, 0xB4,
    0x50, 0x6B, 0xE9, 0x2D, 0xE7, 0xF9, 0x26, 0xAA, 0x08, 0xCF, 0xBD, 0x91, 0x32, 0xBF, 0xC9, 0xC1,
    0xF3, 0x12, 0x50, 0xF6, 0xFC, 0xF5, 0x44, 0xBC, 0xA6, 0x89, 0x71, 0xD4, 0x9D, 0x19, 0xC2, 0x38,
    0x3D, 0x40, 0xCE, 0x47, 0x58, 0x1C, 0xE3, 0x62, 0x43, 0xC6, 0xED, 0xF5, 0xE9, 0x52, 0xCC, 0x71,
    0x4E, 0x36, 0xA9, 0xCB, 0x2B, 0x08, 0x08, 0x9F, 0x77, 0x60, 0xDF, 0x68, 0x68, 0xBA, 0xA3, 0x3A,
    0x38, 0xDA, 0x9E, 0x60, 0xBB, 0x5C, 0xF6, 0xA7, 0x2B, 0xF1, 0x95, 0x98, 0x9C, 0xC5, 0x77, 0x85,
    0x8B, 0x67, 0x1B, 0x7E, 0x56, 0x63, 0x8C, 0x25, 0xCC, 0x46, 0x37, 0x9A, 0x2C, 0x6C, 0x3E, 0xCF,
    0xDC, 0xF9, 0xEB, 0x8B, 0x46, 0x42, 0x76, 0xDA, 0xEA, 0xC1, 0x6F, 0x9F, 0x3D, 0x7A, 0xD5, 0xB2,
    0x25, 0x62, 0xDD, 0x9E, 0x98, 0xD6, 0xCB, 0x31, 0x0D, 0xDD, 0xA9, 0xD9, 0x36, 0x82, 0xFC, 0xD1,
    0xCA, 0x59, 0x01, 0xA1, 0xA5, 0xE7, 0x17, 0xB6, 0x10, 0x17, 0xA4, 0xDD, 0xFB, 0xA4, 0xF6, 0x8E,
    0x16, 0x8D, 0x13, 0x9D, 0xBA, 0xE0, 0xBD, 0x8B, 0xC7, 0xE3, 0xC8, 0xCB, 0xA9, 0x2D, 0xE5, 0x48,
    0xE8, 0x27, 0x9C, 0x47, 0x62, 0xF4, 0xE7, 0x7C, 0xA8, 0xB3, 0x3C, 0xE7, 0x5C, 0x2B, 0xCF, 0x0F,
    0xF5, 0x3F, 0xD2, 0x9F, 0x44, 0x42, 0x44, 0xB1, 0x10, 0xD9, 0x37, 0xD4, 0xCC, 0x7A, 0xE5, 0x14,
    0x5D, 0x15, 0x63, 0x77, 0x0D, 0x57, 0x58, 0xEF, 0x77, 0x8F, 0xEC, 0x12, 0x66, 0x3E, 0x2A, 0x30,
    0x7D, 0x4A, 0x83, 0x1B, 0x22, 0x93, 0x2B, 0x3C, 0x4F, 0x9B, 0x20, 0x8B, 0xA8, 0x08, 0x61, 0x11,
    0xE2, 0x22, 0x04, 0x46, 0x0C, 0x32, 0x0F, 0x65, 0x51, 0x82, 0xDA, 0xD2, 0xE9, 0x98, 0x7E, 0xF2,
    0xD6, 0xB9, 0x82, 0x46, 0xDB, 0x07, 0x6D, 0x24, 0x4C, 0x35, 0x0F, 0x4D, 0xF6, 0x9D, 0x2A, 0x34,
    0xBE, 0x02, 0xA1, 0x39, 0xD1, 0xF5, 0x10, 0x7B, 0xCB, 0xAE, 0xC2, 0x44, 0x90, 0x93, 0x9C, 0x97,
    0xD8, 0x59, 0x24, 0x93, 0x66, 0xD3, 0x4A, 0xA1, 0x64, 0x42, 0x69, 0x46, 0xB1, 0x50, 0xBE, 0x8F,
    0x9C, 0x3A, 0x2D, 0xBC, 0xCC, 0xE7, 0xA1, 0x95, 0xB1, 0xC7, 0xF8, 0x18, 0xB3, 0xF3, 0x88, 0xAD,
    0x86, 0x13, 0xDF, 0x39, 0x57, 0xA1, 0xE4, 0x4E, 0x41, 0x2D, 0x7E, 0x83, 0x1A, 0xB9, 0xB3, 0x6D,
    0xFA, 0xC3, 0xFF, 0x0A, 0xC8, 0x27, 0x27, 0x06, 0xE4, 0x7C, 0x84, 0x45, 0xFB, 0xB1, 0xF3, 0x65,
    0x7E, 0xDB, 0x6D, 0xF3, 0x72, 0xAA, 0x19, 0x24, 0xC7, 0x2A, 0x8D, 0x39, 0xA8, 0xE8, 0xD5, 0x77,
    0x97, 0x7D, 0x6F, 0xB6, 0x50, 0x69, 0xB2, 0xBA, 0x60, 0xCC, 0x98, 0xED, 0xF3, 0xA5, 0x90, 0x6D,
    0xB2, 0xAF, 0x1B, 0xE6, 0x20, 0x6F, 0xA7, 0xC4, 0xDB, 0xD6, 0x84, 0xA5, 0xB0, 0x66, 0xE5, 0x1D,
    0x92, 0x0A, 0x58, 0x5E, 0x24, 0x20, 0xBF, 0xFB, 0x94, 0xE2, 0x96, 0x9D, 0xD0, 0x67, 0x98, 0x7E,
    0xDC, 0xAA, 0xC2, 0xC3, 0x94, 0xE6, 0x4A, 0xB9, 0x50, 0xA2, 0x6F, 0xC4, 0xD7, 0xC8, 0x9E, 0xCA,
    0xCF, 0xB8, 0x29, 0x77, 0x77, 0x0A, 0xBB, 0xF4, 0xF0, 0x8B, 0x3A, 0xA1, 0x01, 0x1D, 0xE3, 0x8D,
    0x1E, 0xDE, 0xEC, 0xF7, 0x20, 0x63, 0x6C, 0x08, 0xC3, 0x2B, 0x0D, 0x65, 0x39, 0xB9, 0x29, 0xDA,
    0x54, 0x94, 0x7A, 0x82, 0x6D, 0x23, 0xBA, 0x2D, 0x57, 0xA7, 0xF9, 0x49, 0xC4, 0xDB, 0x90, 0xDE,
    0x37, 0x10, 0xBA, 0x05, 0x28, 0xCE, 0x2E, 0xB9, 0xB2, 0xA2, 0x2A, 0x63, 0xA2, 0xD3, 0x67, 0xEE,
    0x86, 0xAC, 0x60, 0x3E, 0xFB, 0x3A, 0x77, 0x71, 0x9A, 0xB2, 0x9F, 0x71, 0x5A, 0x09, 0x80, 0x62,
    0xB1, 0xB6, 0x50, 0x88, 0xAB, 0x3E, 0x88, 0x22, 0xC2, 0xAD, 0x20, 0x76, 0x72, 0x34, 0x49, 0x99,
    0x97, 0xF9, 0x09, 0xAE, 0x62, 0xDC, 0xC1, 0x13, 0x58, 0x55, 0xC1, 0xAA, 0x31, 0xC8, 0x6F, 0x0F,
    0xE7, 0xCB, 0x3E, 0x56, 0x06, 0x18, 0x7E, 0x6B, 0x15, 0x8F, 0x0D, 0xEC, 0xC0, 0x03, 0x34, 0x3F,
    0x7D, 0x3F, 0xB1, 0x6A, 0x2F, 0x4E, 0xCB, 0x96, 0x84, 0x4C, 0xCF, 0x42, 0x5D, 0x3D, 0x8D, 0x43,
    0xAD, 0x65, 0x3E, 0x03, 0x6E, 0xDC, 0x29, 0x62, 0x75, 0xFD, 0x33, 0xA1, 0xC8, 0x0C, 0x14, 0xC9,
    0x12, 0x0A, 0x38, 0xDC, 0x21, 0x14, 0x96, 0x42, 0x51, 0x13, 0x8A, 0x3B, 0x84, 0x22, 0x22, 0x14,
    0xC1, 0xAC, 0xA3, 0x66, 0x35, 0xE7, 0x59, 0xA7, 0x27, 0x9A, 0x9C, 0xD2, 0x50, 0xB8, 0x1D, 0x77,
    0xFE, 0x1E, 0x1B, 0x7F, 0xC3, 0xBB, 0x09, 0xBD, 0x0C, 0x6F, 0xE7, 0x6E, 0xEE, 0x14, 0xF0, 0x7E,
    0x09, 0x27, 0x4E, 0x60, 0xC6, 0x18, 0x9A, 0x0E, 0x80, 0x4A, 0x0F, 0x32, 0x76, 0xEF, 0x9B, 0x88,
    0xA3, 0xBF, 0x79, 0xE4, 0xA4, 0xA6, 0xFE, 0x63, 0xFE, 0xAE, 0x8C, 0xBF, 0x71, 0xBC, 0x42, 0xDC,
    0x36, 0x7F, 0xCD, 0xC5, 0xF9, 0x23, 0xB2, 0xC4, 0x49, 0x46, 0x67, 0x13, 0xEE, 0xE9, 0x8D, 0xDC,
    0x6E, 0x9A, 0xCC, 0xF9, 0x59, 0x13, 0xBF, 0x88, 0x30, 0xFF, 0x0F, 0xB5, 0x97, 0x01, 0x84, 0x25,
    0xD9, 0x15, 0x86, 0xBF, 0xAA, 0x8A, 0x29, 0x72, 0x65, 0xEE, 0x62, 0x03, 0x89, 0x9E, 0x1A, 0x04,
    0x8B, 0x7E, 0x5D, 0xB0, 0x68, 0xBC, 0xAE, 0xAA, 0xDE, 0x41, 0xB0, 0xD8, 0x81, 0x00, 0x64, 0x21,
    0x58, 0x20, 0xD0, 0x18, 0x74, 0xF7, 0xAB, 0x64, 0x10, 0xAC, 0xC8, 0x00, 0x00, 0x59, 0x04, 0x80,
    0x6D, 0x3C, 0x34, 0x5E, 0xE7, 0xDD, 0x9E, 0xC6, 0x00, 0xB6, 0x80, 0x00, 0x5C, 0xB1, 0x40, 0x22,
    0x73, 0x37, 0xFB, 0x42, 0xED, 0x6E, 0xF5, 0xBB, 0x39, 0x77, 0x6E, 0xED, 0xEB, 0x67, 0xBB, 0x8D,
    0x31, 0xEC, 0xA9, 0x73, 0xCE, 0xFD, 0xEF, 0xF9, 0xCF, 0x39, 0xF7, 0x54, 0x3D, 0x53, 0x35, 0x0D,
    0x7E, 0xF0, 0xC3, 0xE8, 0x01, 0xEF, 0xBD, 0x0B, 0x16, 0xA1, 0x08, 0xC0, 0x66, 0x33, 0x8C, 0xCB,
    0x9D, 0xC1, 0x5E, 0xB7, 0x3F, 0x86, 0x6E, 0x8F, 0x11, 0x71, 0xDE, 0xEA, 0x46, 0x53, 0x52, 0x71,
    0xCA, 0x05, 0x45, 0x5B, 0x34, 0x01, 0x1F, 0x70, 0xCC, 0x1C, 0x65, 0xB4, 0xD1, 0x21, 0xC2, 0x84,
    0xA9, 0xB0, 0xA7, 0xD4, 0x94, 0x68, 0x74, 0x93, 0xB7, 0x79, 0xEB, 0xF4, 0xA1, 0xD3, 0x99, 0x2D,
    0xF3, 0xAE, 0x52, 0xE6, 0x54, 0x9B, 0x0B, 0x6D, 0x8A, 0xA7, 0xAE, 0x78, 0xE4, 0x42, 0x24, 0x37,
    0x07, 0xAA, 0x3D, 0xD6, 0xCD, 0x5C, 0xB2, 0x2F, 0x7B, 0xFD, 0x7C, 0xA5, 0xFF, 0xE8, 0x0A, 0x49,
    0xCE, 0xCC, 0x24, 0x37, 0x53, 0xD5, 0x48, 0xB2, 0x94, 0x48, 0xA1, 0x24, 0x4B, 0x13, 0x69, 0x25,
    0x0D, 0x99, 0x41, 0x0D, 0x55, 0x50, 0x0E, 0xF8, 0xCD, 0xE4, 0xE7, 0x4B, 0xEF, 0x4F, 0x97, 0x9F,
    0xCB, 0xF6, 0x4D, 0x75, 0x80, 0x1E, 0xCE, 0x61, 0x0E, 0x47, 0xAC, 0xBF, 0x1D, 0xBC, 0x1F, 0x1E,
    0x1F, 0xBD, 0x2B, 0xDB, 0x10, 0xEC, 0x6F, 0x58, 0x09, 0x0A, 0xB5, 0xF6, 0x83, 0xA4, 0xDD, 0xB0,
    0x03, 0x65, 0xBB, 0xB4, 0xDE, 0x85, 0x6B, 0x69, 0xCB, 0x16, 0x3A, 0x06, 0x7C, 0xEB, 0x7B, 0xB9,
    0xCC, 0x35, 0x16, 0x38, 0xF1, 0xFE, 0xE4, 0x44, 0x3C, 0x5E, 0x54, 0xC0, 0x49, 0xB2, 0xCA, 0x3B,
    0x9F, 0x0D, 0xDA, 0xF9, 0xE0, 0x5E, 0x6D, 0x43, 0x8E, 0xEA, 0xC9, 0x0C, 0x50, 0xAF, 0xC9, 0x5B,
    0xE0, 0xB4, 0x6C, 0x34, 0xC0, 0x42, 0xB7, 0x0F, 0x00, 0x06, 0x6D, 0xA6, 0x00, 0xBD, 0x32, 0xF3,
    0x71, 0x75, 0x71, 0x7D, 0xDE, 0x45, 0xFE, 0xEA, 0x45, 0xCF, 0xAC, 0x5D, 0xE8, 0x4F, 0x3F, 0xF6,
    0x87, 0x7E, 0x75, 0x5A, 0xFE, 0xB6, 0xD2, 0x57, 0x76, 0x28, 0xD7, 0xD3, 0x93, 0xFC, 0x1F, 0x9D,
    0xF4, 0x7F, 0xB2, 0xC8, 0xFE, 0x65, 0x2A, 0x70, 0x71, 0x4D, 0x6C, 0x5C, 0x33, 0x13, 0x57, 0xD5,
    0xC4, 0x55, 0xF3, 0x2A, 0x9F, 0x09, 0x75, 0x71, 0xF5, 0xD5, 0xC0, 0x94, 0x22, 0xF4, 0xE3, 0x8C,
    0xFC, 0x9A, 0x59, 0xA7, 0x56, 0x24, 0x1D, 0x00, 0x94, 0xEB, 0x38, 0x72, 0x9C, 0x36, 0x6F, 0x60,
    0x1C, 0x58, 0x03, 0xE3, 0xCC, 0x13, 0x60, 0x1C, 0x77, 0xFF, 0x06, 0x9E, 0x6D, 0xE0, 0xA5, 0x05,
    0xC6, 0xF9, 0x9F, 0x5F, 0x53, 0xD8, 0x64, 0x2D, 0x1D, 0xFE, 0xF4, 0xA1, 0x6F, 0x97, 0x43, 0xEE,
    0xBB, 0xD3, 0xF2, 0xA3, 0xE2, 0xC3, 0xCB, 0xBE, 0xD6, 0x57, 0xAE, 0x5C, 0xEF, 0x94, 0xD9, 0x3F,
    0x5D, 0xF1, 0xF1, 0xE1, 0x4A, 0xF5, 0xD3, 0x3A, 0xFB, 0xDA, 0xE9, 0xDF, 0xB3, 0x82, 0x79, 0x95,
    0x7E, 0x6D, 0xF5, 0xE7, 0xF4, 0x60, 0x37, 0x30, 0x35, 0x1B, 0x98, 0xB7, 0xAF, 0x72, 0xFF, 0x2A,
    0x50, 0xF3, 0x7D, 0x07, 0x76, 0x28, 0x3E, 0xED, 0xFA, 0x99, 0x7E, 0xE1, 0x98, 0xA2, 0xE4, 0xB4,
    0x6B, 0x39, 0x8D, 0x39, 0xE9, 0x3A, 0xCC, 0xE0, 0x9B, 0xC4, 0x65, 0x36, 0x37, 0xBA, 0x79, 0x20,
    0xF4, 0x11, 0x8F, 0x49, 0xDC, 0x41, 0x66, 0x17, 0xB9, 0x71, 0xEA, 0x03, 0xAB, 0x33, 0x33, 0x51,
    0xCD, 0xBE, 0xE6, 0x6C, 0x12, 0xE2, 0xBA, 0x15, 0xA6, 0x44, 0xB8, 0x03, 0x84, 0x7D, 0x82, 0xF0,
    0x8E, 0x89, 0x3A, 0xB4, 0xEC, 0x0B, 0x94, 0xAC, 0xBC, 0xE1, 0x98, 0x0A, 0x8D, 0x6A, 0x33, 0x93,
    0x58, 0xCE, 0xF8, 0xD5, 0x71, 0x49, 0xA5, 0x9B, 0x42, 0x19, 0xF5, 0xB4, 0xCB, 0x2E, 0x6D, 0xDA,
    0x39, 0xDC, 0x3E, 0x47, 0xBB, 0xC7, 0xA5, 0x6E, 0x85, 0xF9, 0xB5, 0xA1, 0x50, 0x57, 0x16, 0x61,
    0x1D, 0xC2, 0xCF, 0x91, 0x8C, 0x29, 0x92, 0xB3, 0x83, 0x64, 0x69, 0x78, 0x17, 0x64, 0x7F, 0x01,
    0x2F, 0x49, 0x5F, 0x34, 0xD9, 0x53, 0xA3, 0x92, 0xEE, 0x3E, 0x6E, 0x97, 0xA3, 0x7D, 0x21, 0x1E,
    0xB3, 0xCA, 0xAC, 0x36, 0xA5, 0x24, 0x0C, 0x54, 0x14, 0x4D, 0xDE, 0xA5, 0x8E, 0x55, 0x28, 0x3B,
    0xA6, 0x44, 0x9B, 0xCC, 0x26, 0x3D, 0x43, 0xEA, 0xF2, 0xAE, 0x68, 0x2A, 0x89, 0xC1, 0x3B, 0x3C,
    0x20, 0xE1, 0x49, 0x60, 0xD9, 0x13, 0x7C, 0x80, 0x6A, 0x61, 0x85, 0xD4, 0xA5, 0x16, 0x16, 0x61,
    0x4B, 0x21, 0x14, 0xE4, 0xE6, 0x1C, 0x48, 0xFE, 0x6B, 0x61, 0xCE, 0xCC, 0xA8, 0xA6, 0x0F, 0x55,
    0x6D, 0xC4, 0xA4, 0x5F, 0x39, 0x40, 0x85, 0x1C, 0x4A, 0xC9, 0x1F, 0x6B, 0x63, 0x1F, 0x65, 0x60,
    0x45, 0x19, 0xFA, 0xC7, 0x49, 0x78, 0x18, 0xCE, 0x65, 0x91, 0xBA, 0x37, 0x57, 0x00, 0x90, 0x7F,
    0x3A, 0x3E, 0x1B, 0x44, 0x05, 0xA4, 0xDE, 0x52, 0xFA, 0x6B, 0xF6, 0xFA, 0x25, 0xF4, 0x45, 0x43,
    0xAF, 0xDB, 0xD1, 0x04, 0x97, 0xD0, 0x5F, 0xC0, 0xB7, 0x0E, 0x7C, 0x0B, 0x6B, 0x60, 0x18, 0xED,
    0x6F, 0xDC, 0xC8, 0xF9, 0x26, 0x1E, 0x31, 0x30, 0xBE, 0x63, 0x87, 0x77, 0x00, 0xDE, 0x87, 0xD4,
    0xEC, 0x42, 0xDE, 0x48, 0xD3, 0x07, 0xC8, 0x23, 0x1C, 0x60, 0xE9, 0x2D, 0xFC, 0x72, 0x4D, 0x14,
    0x41, 0x4D, 0x8C, 0x65, 0x2B, 0x61, 0x55, 0xC3, 0x1E, 0x3B, 0xA1, 0x62, 0x3F, 0xD4, 0x86, 0x2E,
    0x0D, 0xCC, 0xC1, 0x91, 0x74, 0x64, 0x86, 0xBC, 0x45, 0xC1, 0x7D, 0xD8, 0x85, 0x29, 0x1C, 0x11,
    0x98, 0x9E, 0xF4, 0xDF, 0x64, 0x7F, 0x46, 0x69, 0x74, 0xDE, 0xEC, 0x64, 0xED, 0x34, 0x35, 0x47,
    0x58, 0x20, 0x0B, 0x0E, 0xB6, 0x41, 0xF7, 0x03, 0x70, 0xFF, 0x03, 0xF3, 0x09, 0x00, 0xC5, 0x77,
    0x2F, 0x87, 0x38, 0x92, 0xF7, 0x7D, 0xE4, 0x94, 0x83, 0xC8, 0x2D, 0x46, 0x50, 0x55, 0x23, 0x18,
    0x8A, 0x06, 0x40, 0x0E, 0xD7, 0x26, 0x46, 0x1E, 0xDE, 0x03, 0x40, 0xB7, 0x40, 0x1F, 0x40, 0xB3,
    0x0D, 0x56, 0x5B, 0xE0, 0x7D, 0x95, 0x7C, 0x96, 0xB5, 0x67, 0xBF, 0x60, 0xF6, 0x72, 0xE9, 0xF2,
    0xF5, 0x77, 0x9E, 0x99, 0xF7, 0x2E, 0xF7, 0xDE, 0x43, 0x69, 0x20, 0x1D, 0x80, 0xCA, 0x42, 0xF6,
    0x1F, 0xA0, 0x5F, 0x81, 0xFE, 0x4B, 0x83, 0xFC, 0x92, 0x50, 0x2A, 0x43, 0x6E, 0x6B, 0x38, 0xCD,
    0x1C, 0x89, 0x79, 0x0F, 0x76, 0x52, 0xC3, 0x96, 0x8C, 0x1F, 0xC7, 0x69, 0x3C, 0x29, 0x71, 0x90,
    0x19, 0x50, 0x2D, 0x68, 0xE0, 0x00, 0x38, 0x06, 0x1C, 0xA4, 0x36, 0x52, 0xBA, 0x81, 0x62, 0xAC,
    0x38, 0x1F, 0x2B, 0x3A, 0xC8, 0xC7, 0x8A, 0xBD, 0xB1, 0x22, 0xBC, 0xA2, 0x7B, 0x6E, 0x5D, 0xAF,
    0x8D, 0xCB, 0x75, 0x17, 0xF5, 0xDA, 0xF8, 0x3D, 0x6F, 0x93, 0xE5, 0x97, 0xD4, 0xFE, 0xBA, 0xF0,
    0x6B, 0xF6, 0x9A, 0xA5, 0x6E, 0x66, 0x61, 0xC2, 0x06, 0x6D, 0x40, 0xB7, 0xA8, 0x9B, 0x65, 0x0C,
    0xD6, 0xA2, 0x0D, 0xC9, 0x35, 0xAC, 0x21, 0x5F, 0x05, 0xA5, 0x30, 0x14, 0x5D, 0xA4, 0x80, 0x8B,
    0xA0, 0xB0, 0x08, 0x0A, 0x9F, 0x04, 0xFD, 0xA1, 0x9C, 0x04, 0x05, 0x2F, 0x3A, 0x2E, 0x9B, 0xA0,
    0x8C, 0x94, 0x59, 0x19, 0x28, 0xB3, 0x32, 0x4E, 0x66, 0xA1, 0x78, 0x24, 0x4E, 0x3F, 0x1D, 0x5D,
    0xDC, 0xD6, 0x81, 0x90, 0x14, 0x39, 0x5D, 0x5C, 0xD1, 0x89, 0xAB, 0x1B, 0x71, 0x27, 0x88, 0x5B,
    0x6C, 0xDC, 0xF6, 0x81, 0x79, 0x87, 0x47, 0xBB, 0xE8, 0xC2, 0x76, 0x11, 0xEE, 0x7C, 0x11, 0xEE,
    0x7B, 0x11, 0xEE, 0x7A, 0x01, 0xDA, 0x88, 0x53, 0xA3, 0x1B, 0xB7, 0x65, 0x20, 0x96, 0x2C, 0x48,
    0x07, 0x71, 0x2A, 0x34, 0x2E, 0x8C, 0xB8, 0x1A, 0x71, 0xD5, 0xE8, 0xB6, 0xCF, 0x39, 0x01, 0x8F,
    0x1F, 0x9D, 0x6C, 0xB7, 0xFF, 0xE7, 0x94, 0x59, 0xE2, 0x13, 0x6D, 0xA0, 0x1E, 0x7F, 0xEA, 0x1E,
    0xD2, 0x40, 0x75, 0xE1, 0x40, 0x28, 0x80, 0x0A, 0x58, 0x40, 0xB2, 0x82, 0xCC, 0x85, 0xFA, 0x5E,
    0xCC, 0xB7, 0xAE, 0xF6, 0x9D, 0x98, 0x1B, 0x6D, 0x75, 0xA7, 0x45, 0xCE, 0x8A, 0x19, 0x57, 0xAF,
    0x71, 0x53, 0xDE, 0xD8, 0x3E, 0x7B, 0x0F, 0x12, 0xEF, 0x07, 0x2D, 0x26, 0x6D, 0xA6, 0x33, 0xB1,
    0xA5, 0x98, 0xBF, 0xC3, 0x96, 0x23, 0x1F, 0xF2, 0x42, 0x7E, 0x2A, 0xE6, 0xFD, 0x75, 0x98, 0xD3,
    0x6C, 0xCD, 0xD7, 0x8B, 0x0D, 0x77, 0x58, 0x3F, 0xF2, 0x2E, 0xE4, 0x7B, 0xBF, 0x86, 0xA2, 0x11,
    0x03, 0x74, 0xB4, 0xDF, 0xE9, 0xE4, 0xD9, 0xF2, 0xE5, 0xD2, 0x2E, 0xBD, 0xB7, 0xD4, 0x06, 0x66,
    0x1D, 0xFC, 0xCF, 0x91, 0xB9, 0x01, 0xD5, 0x9D, 0x92, 0x8E, 0xDF, 0xEB, 0x13, 0x3C, 0x5E, 0xFC,
    0x6D, 0xF9, 0x3B, 0x33, 0x6A, 0xCA, 0x46, 0xB7, 0xCA, 0x64, 0x06, 0xB5, 0x06, 0x66, 0xDE, 0x92,
    0x7E, 0x73, 0x4F, 0x5A, 0xB4, 0xF1, 0xCD, 0xA7, 0xE2, 0x9B, 0xEF, 0x21, 0xD0, 0xF0, 0x63, 0xC8,
    0xD6, 0x4B, 0x19, 0x8A, 0xF0, 0x52, 0x5E, 0x80, 0x1F, 0x5F, 0xCA, 0x6F, 0x7D, 0xD7, 0xF0, 0xF6,
    0xB5, 0x7B, 0x4C, 0x6B, 0xE6, 0x35, 0x6E, 0x2F, 0xB1, 0xA4, 0x1D, 0xE1, 0xD9, 0xB4, 0x84, 0xE9,
    0x60, 0x02, 0x53, 0x78, 0x02, 0x2E, 0x68, 0xBA, 0xF9, 0x06, 0x34, 0xE7, 0x9A, 0xE1, 0x01, 0xC3,
    0x94, 0xF3, 0xC4, 0x7F, 0x89, 0x84, 0xB5, 0xF7, 0xCF, 0x84, 0xAA, 0x0E, 0x97, 0xFE, 0x59, 0x29,
    0x15, 0xC9, 0xD2, 0x5F, 0x73, 0x86, 0xAC, 0x16, 0x7E, 0xFA, 0x0D, 0x9B, 0xAF, 0x4C, 0x8F, 0x6E,
    0xB6, 0x9E, 0x75, 0x36, 0x7E, 0x65, 0xC6, 0xA1, 0x7F, 0xA6, 0xA5, 0xD5, 0x47, 0xDA, 0xE4, 0x5F,
    0xD4, 0x24, 0x7E, 0x80, 0xA5, 0xDB, 0x7C, 0xD4, 0x04, 0x4B, 0x6C, 0x81, 0xFA, 0xA2, 0x6C, 0x0A,
    0x9D, 0x9B, 0x9F, 0x8C, 0x35, 0xB0, 0x07, 0x35, 0xC1, 0xB3, 0x2D, 0xE7, 0x30, 0x88, 0x06, 0x70,
    0x5B, 0x42, 0x49, 0xAC, 0x4A, 0xDC, 0x71, 0x91, 0x9B, 0xCC, 0xF6, 0x95, 0x6E, 0xF3, 0x4B, 0xD9,
    0xA0, 0x1E, 0x75, 0xAB, 0x03, 0x74, 0xD8, 0x30, 0x51, 0x8F, 0x8C, 0x63, 0xFF, 0x7E, 0xF6, 0x07,
    0xCB, 0xD9, 0xAE, 0xCA, 0x0C, 0x8C, 0x07, 0xD5, 0x30, 0xE2, 0xD7, 0xCB, 0x39, 0xA0, 0xDA, 0x01,
    0xD0, 0x26, 0xFA, 0x18, 0xE1, 0xF5, 0xB2, 0x39, 0x65, 0xFB, 0xAC, 0xED, 0x6E, 0x6F, 0xDF, 0xE7,
    0xED, 0x67, 0x3E, 0x1F, 0x06, 0x01, 0x5B, 0x12, 0x02, 0x12, 0x0F, 0x19, 0xD1, 0x02, 0xBE, 0xBB,
    0xE1, 0xDE, 0x00, 0x75, 0xB0, 0x80, 0xB9, 0x43, 0x6E, 0xF7, 0xA9, 0x20, 0x7A, 0xD9, 0x56, 0xA9,
    0x15, 0xA2, 0xCA, 0xDC, 0xE8, 0x63, 0x24, 0xB2, 0xB7, 0xBD, 0x0F, 0x62, 0xA2, 0xBF, 0xCD, 0xBE,
    0x79, 0xCF, 0xF0, 0xA7, 0x0E, 0x6C, 0x40, 0x5C, 0x83, 0xC5, 0xC0, 0x96, 0xFF, 0x3F, 0x95, 0x93,
    0x37, 0xAC, 0x2C, 0x35, 0x14, 0x86, 0xBF, 0xDD, 0x91, 0xB0, 0x90, 0x25, 0xDC, 0xBF, 0x34, 0x2D,
    0x79, 0x4A, 0xD2, 0xDC, 0x1D, 0xF7, 0x0D, 0x39, 0xA7, 0xBE, 0x20, 0x67, 0xD8, 0xE0, 0xBE, 0xA1,
    0xEF, 0x45, 0x45, 0x86, 0x97, 0xA3, 0xE9, 0x9B, 0xDB, 0x51, 0xF2, 0x52, 0xAF, 0x73, 0x57, 0x83,
    0x64, 0x36, 0x19, 0x5B, 0x9B, 0xC9, 0xF8, 0xFC, 0xBB, 0x3A, 0xCE, 0xE1, 0xFB, 0x47, 0x07, 0x9A,
    0x48, 0xDF, 0xD8, 0xD3, 0xCA, 0x49, 0xE1, 0x77, 0x75, 0x5A, 0xF9, 0xD4, 0x5E, 0x45, 0x74, 0xC0,
    0x5E, 0xB7, 0x5C, 0xDF, 0x14, 0x4A, 0x68, 0x20, 0xD2, 0xFD, 0x85, 0xE2, 0x73, 0x8C, 0xE1, 0x01,
    0xC3, 0xC7, 0x86, 0x18, 0x25, 0x09, 0xC3, 0x52, 0x55, 0xB4, 0x4D, 0xB4, 0x35, 0x2C, 0xD5, 0x04,
    0x52, 0x15, 0xED, 0x29, 0xB2, 0x9E, 0xD0, 0xFE, 0x5A, 0xA4, 0x0A, 0x74, 0x23, 0x26, 0xD2, 0x83,
    0x3E, 0x9C, 0x86, 0xF1, 0x9C, 0x18, 0x6D, 0xD0, 0x3E, 0x1F, 0xA1, 0xF0, 0x7D, 0xED, 0xAB, 0x88,
    0x0A, 0xC4, 0xE8, 0x93, 0xD0, 0x0E, 0x03, 0xA7, 0xA0, 0x86, 0x8F, 0x41, 0xE8, 0x5C, 0xCF, 0xEB,
    0x29, 0x8F, 0xB1, 0xDC, 0x09, 0x65, 0xCB, 0x68, 0x41, 0x5B, 0x22, 0x86, 0xF3, 0xA7, 0x68, 0x66,
    0x94, 0x81, 0x7E, 0x69, 0x5B, 0x95, 0x17, 0x4C, 0xCB, 0x8E, 0xA2, 0x3D, 0x1E, 0x58, 0xDE, 0xFB,
    0xBC, 0xB6, 0x52, 0x6C, 0xDA, 0x7D, 0x79, 0x6B, 0xBD, 0x50, 0x45, 0x33, 0xA7, 0xC9, 0x2B, 0xE7,
    0x88, 0xA9, 0xAC, 0xB3, 0x67, 0x9F, 0xCD, 0x35, 0xC8, 0xFF, 0xCA, 0x19, 0x0E, 0xA8, 0x39, 0x4F,
    0x8B, 0xAC, 0xA2, 0xE5, 0x3C, 0x75, 0x6A, 0x35, 0x28, 0xFB, 0x31, 0x0F, 0x60, 0x30, 0x56, 0xB9,
    0xC2, 0x6F, 0x43, 0x39, 0x63, 0x4D, 0xEA, 0xF9, 0x98, 0xA3, 0x05, 0xD3, 0xE8, 0x66, 0xDA, 0xB7,
    0x85, 0x97, 0x3F, 0xE9, 0x3F, 0xA2, 0xE9, 0x8A, 0x91, 0x81, 0xBC, 0x2F, 0xFC, 0x29, 0x8E, 0xE7,
    0xA7, 0xE0, 0xED, 0x12, 0x4C, 0x16, 0x0F, 0x42, 0x1F, 0x84, 0xC2, 0x63, 0xA0, 0x86, 0x18, 0xB3,
    0xEE, 0xF8, 0x2D, 0x73, 0x79, 0x78, 0xCD, 0x05, 0xED, 0xF4, 0x02, 0x1D, 0xD9, 0x27, 0x65, 0xAB,
    0xC0, 0x2E, 0x77, 0xF5, 0xF7, 0xDC, 0x9B, 0x25, 0xF7, 0x2D, 0x74, 0x28, 0x1D, 0xC5, 0x7A, 0x35,
    0xE3, 0x96, 0xDC, 0x3B, 0x57, 0x31, 0x29, 0xB1, 0xD4, 0x70, 0x1A, 0x8E, 0x02, 0xD3, 0x68, 0x67,
    0x99, 0xFB, 0x06, 0xBD, 0xDB, 0x43, 0xAF, 0xB6, 0xE8, 0xE9, 0x43, 0x4B, 0x47, 0x28, 0x0E, 0x51,
    0x6B, 0x53, 0xE8, 0xDB, 0x8C, 0xE6, 0x84, 0x0A, 0x31, 0xB4, 0x86, 0xC1, 0x80, 0xB2, 0xCD, 0x1C,
    0x2F, 0x97, 0x56, 0xB6, 0xF4, 0xD1, 0x01, 0x75, 0x9B, 0x66, 0xC1, 0x65, 0xB3, 0x74, 0x45, 0xD6,
    0x79, 0xED, 0x9B, 0xE9, 0xD2, 0x00, 0x6E, 0x65, 0x80, 0xD9, 0x5F, 0x19, 0x00, 0xFE, 0x97, 0x05,
    0xDC, 0xBF, 0x59, 0xE0, 0x78, 0xB8, 0xE7, 0x4D, 0x0C, 0xBA, 0x8C, 0x17, 0x5E, 0x17, 0x23, 0xE6,
    0xC2, 0xA8, 0xFA, 0x59, 0x07, 0x7A, 0xAF, 0xF3, 0xBE, 0xB2, 0x52, 0xB8, 0x18, 0xDD, 0xAF, 0xCF,
    0x22, 0x70, 0x1A, 0x7A, 0xCF, 0x59, 0xB5, 0x40, 0xCF, 0xE9, 0xBD, 0xEC, 0x4E, 0x77, 0xBD, 0x70,
    0xFD, 0x3A, 0x59, 0x29, 0x79, 0xBF, 0xEB, 0x53, 0xA3, 0x9A, 0x53, 0x77, 0xFD, 0x49, 0x65, 0xF5,
    0x5D, 0x14, 0x33, 0x3A, 0x6D, 0x56, 0xF1, 0x15, 0x19, 0x54, 0x3A, 0x4A, 0xF7, 0xF0, 0xAD, 0x96,
    0x2F, 0x86, 0xA0, 0xA1, 0x70, 0x2C, 0x17, 0x7F, 0xDE, 0x7D, 0xA7, 0x38, 0x78, 0x13, 0xDD, 0x22,
    0x6C, 0x75, 0x34, 0xFF, 0x27, 0x6B, 0x0A, 0x6C, 0x65, 0x90, 0x1A, 0x11, 0xC6, 0x9E, 0xA9, 0x63,
    0x71, 0x98, 0xF3, 0xDC, 0x72, 0x0A, 0xD1, 0x56, 0xF6, 0xCA, 0x38, 0x54, 0x6E, 0x3A, 0x8F, 0xD7,
    0x67, 0xE5, 0x4F, 0xD2, 0x9A, 0xD4, 0x69, 0xF8, 0xCB, 0xDF, 0x3F, 0x7F, 0x18, 0xE3, 0x59, 0xEA,
    0x25, 0x18, 0xB7, 0x69, 0x49, 0x18, 0x67, 0xC6, 0xA5, 0xC6, 0xD4, 0x25, 0x6C, 0x55, 0x5D, 0x8F,
    0x6D, 0xCB, 0x69, 0x1E, 0xB4, 0x1D, 0xA1, 0xB6, 0xFD, 0x18, 0x46, 0xD7, 0x4F, 0x70, 0x3F, 0x51,
    0x6A, 0xB6, 0x71, 0x40, 0x25, 0x5A, 0x7E, 0x07, 0x9D, 0x96, 0x01, 0x84, 0x25, 0xC9, 0x19, 0xC7,
    0xFF, 0xDD, 0x15, 0xD3, 0x72, 0xCD, 0x55, 0x02, 0x60, 0x99, 0x06, 0x80, 0xDC, 0x35, 0x82, 0x1C,
    0x66, 0x5F, 0x75, 0x12, 0x40, 0x70, 0x41, 0x36, 0x90, 0x23, 0x0B, 0x08, 0x8E, 0x07, 0x41, 0xC2,
    0xBC, 0x79, 0xB5, 0xB7, 0x08, 0x82, 0x1D, 0x21, 0x00, 0x0E, 0x02, 0xF6, 0x84, 0x20, 0x58, 0x49,
    0xCF, 0xBD, 0xDA, 0x5D, 0x1C, 0x16, 0xD3, 0x12, 0x12, 0x72, 0xDC, 0xD6, 0x31, 0x11, 0xC4, 0x65,
    0x4B, 0xD2, 0x73, 0x5B, 0x93, 0xAD, 0xD7, 0x5F, 0xBE, 0xAF, 0x5E, 0x9B, 0x19, 0x49, 0xB2, 0x71,
    0x57, 0xFB, 0x7E, 0xBF, 0x9E, 0xFA, 0xEA, 0xAB, 0xAF, 0xBC, 0x7A, 0xDD, 0x5D, 0x5B, 0xD0, 0x00,
    0x4D, 0x23, 0xDA, 0xE3, 0xDB, 0x38, 0x02, 0xD0, 0x33, 0x89, 0x89, 0x8A, 0xA2, 0x90, 0x94, 0x87,
    0xB0, 0x62, 0xCC, 0x5D, 0x8F, 0x86, 0x28, 0x94, 0x0C, 0xB8, 0xFF, 0x9F, 0x50, 0xCC, 0x94, 0x0F,
    0x07, 0xA8, 0x47, 0x0E, 0xD5, 0x63, 0x87, 0x35, 0x79, 0x45, 0x14, 0xF5, 0xB3, 0x3A, 0xB4, 0x6F,
    0xD6, 0x58, 0xBC, 0xAA, 0xD1, 0xEF, 0x6B, 0xA4, 0xD7, 0xF6, 0x11, 0x0F, 0x5E, 0x63, 0xBE, 0x82,
    0xF8, 0xC6, 0x01, 0xD2, 0x0F, 0xDF, 0x40, 0xFA, 0xD5, 0x8F, 0x70, 0x12, 0x7E, 0x0D, 0x13, 0x02,
    0x5A, 0x1F, 0xA0, 0xCF, 0xFD, 0x6D, 0x9E, 0x1B, 0xD4, 0x33, 0xAE, 0xC1, 0xA5, 0xD4, 0x5D, 0x2E,
    0xF9, 0x4D, 0x0B, 0xB4, 0x53, 0x57, 0x10, 0xF9, 0xEA, 0x62, 0xCF, 0x35, 0x0E, 0x30, 0x00, 0x16,
    0x4C, 0x3F, 0x93, 0xEA, 0x7B, 0x43, 0xAC, 0x89, 0x19, 0x11, 0x6B, 0xCF, 0x7D, 0x97, 0xE9, 0x99,
    0x23, 0xC6, 0x30, 0xCD, 0x13, 0x87, 0x9A, 0xFE, 0xE0, 0x4A, 0x22, 0x27, 0xF5, 0x6A, 0xA2, 0x90,
    0x71, 0xC0, 0x4B, 0xE1, 0x7C, 0xE1, 0x7A, 0x8C, 0xBB, 0xC2, 0xBF, 0xE7, 0xB2, 0xC8, 0x62, 0x4D,
    0x01, 0xDB, 0xBD, 0xA1, 0x0C, 0x80, 0x12, 0xFC, 0x15, 0x44, 0x49, 0xF8, 0x9F, 0xFD, 0x6A, 0x00,
    0xB4, 0x03, 0xDA, 0x0E, 0x20, 0x1E, 0x10, 0x00, 0x94, 0x1D, 0x0B, 0x5A, 0x84, 0xFD, 0xEC, 0x03,
    0x20, 0x2C, 0xCF, 0x8E, 0xA6, 0xEE, 0x53, 0xDA, 0x6E, 0x68, 0xA0, 0xE3, 0xCD, 0x45, 0x1D, 0x26,
    0xB4, 0xBE, 0x1C, 0x93, 0x54, 0x88, 0x3B, 0x47, 0x68, 0x2B, 0x6E, 0xB3, 0x4D, 0xF6, 0x26, 0x9B,
    0xC4, 0xC5, 0x33, 0xB1, 0x3A, 0x15, 0x57, 0xF7, 0xC4, 0x5A, 0x8B, 0xF7, 0xC5, 0xBC, 0x86, 0xB4,
    0xC3, 0xEC, 0x51, 0xA4, 0x7D, 0x19, 0x74, 0x60, 0x46, 0x26, 0x32, 0x3D, 0xF3, 0x4B, 0xE6, 0xDD,
    0x32, 0xD0, 0xDC, 0xF4, 0x4F, 0x1E, 0x05, 0x7D, 0x57, 0xF8, 0xDD, 0x55, 0xCC, 0x7E, 0x1A, 0xB4,
    0xFD, 0x0D, 0xB3, 0x60, 0x5A, 0xA6, 0x61, 0x34, 0x53, 0x07, 0xDA, 0x02, 0x20, 0x1A, 0x80, 0x78,
    0x23, 0xB0, 0x8A, 0xC8, 0x42, 0x12, 0xF5, 0x85, 0x48, 0x4B, 0xB7, 0x91, 0x01, 0x83, 0x58, 0xFF,
    0x43, 0xF6, 0xE4, 0x31, 0x6B, 0x8B, 0x16, 0x11, 0xFF, 0x47, 0x8D, 0x65, 0xE9, 0x89, 0xA5, 0xB6,
    0x79, 0x21, 0x10, 0x39, 0x76, 0xAC, 0x83, 0xB8, 0x1C, 0xC5, 0x88, 0x3B, 0xD7, 0x5B, 0xB1, 0xA1,
    0x2E, 0x62, 0x3C, 0xA9, 0x79, 0x34, 0x44, 0xC9, 0xF4, 0x6C, 0x22, 0xBB, 0x65, 0x4F, 0x58, 0x5B,
    0xC4, 0x16, 0xCD, 0x88, 0xA8, 0xBB, 0x72, 0x62, 0x3B, 0xAC, 0x11, 0xAB, 0x41, 0x56, 0x52, 0x1E,
    0xDA, 0xF2, 0x2C, 0x31, 0xE2, 0xD9, 0x9A, 0xEB, 0x24, 0xE2, 0x1C, 0xAC, 0xD6, 0x23, 0x1E, 0x20,
    0xE1, 0x41, 0xCF, 0x8A, 0x87, 0xC5, 0x16, 0xE3, 0x41, 0xF1, 0x37, 0x84, 0x9B, 0xE5, 0x47, 0x45,
    0xB8, 0xA9, 0x4E, 0x8B, 0xF0, 0xBA, 0x3A, 0x2D, 0x7D, 0xA3, 0x9E, 0x7C, 0x63, 0x68, 0xAA, 0x9F,
    0xDE, 0x1D, 0x88, 0x5B, 0xCA, 0xD2, 0x6F, 0xAA, 0x0F, 0x5C, 0x7D, 0x4F, 0x7D, 0x60, 0xAB, 0x7B,
    0xE5, 0x87, 0x9D, 0xFA, 0xA8, 0x60, 0x7D, 0x52, 0x3C, 0x83, 0xFA, 0x04, 0x84, 0x32, 0xED, 0x34,
    0xA1, 0x88, 0x78, 0x1F, 0xB2, 0x14, 0x88, 0x3C, 0x22, 0xCF, 0x94, 0x5F, 0x77, 0xC3, 0x42, 0xDB,
    0xB1, 0xB4, 0x8B, 0x71, 0x91, 0x55, 0x7F, 0x16, 0xED, 0x59, 0x16, 0x8A, 0x91, 0xA5, 0x02, 0xAB,
    0xF1, 0xD1, 0x10, 0x59, 0x56, 0x04, 0x50, 0x86, 0x0C, 0x47, 0x32, 0x73, 0xBF, 0xD8, 0xFC, 0x2C,
    0xD4, 0xF4, 0xCF, 0xD0, 0x0E, 0xEB, 0x60, 0x50, 0x87, 0x13, 0x9E, 0x9A, 0x04, 0x1E, 0x8B, 0xD7,
    0x90, 0x58, 0xCF, 0x48, 0x8E, 0xE4, 0xD6, 0x74, 0xCE, 0x73, 0xEF, 0x04, 0xCC, 0x4D, 0x13, 0x25,
    0x01, 0xD2, 0x4A, 0x3A, 0x43, 0x4B, 0x5B, 0x6C, 0xBA, 0xC3, 0x22, 0x82, 0x67, 0xE5, 0x47, 0x65,
    0x7E, 0x14, 0x29, 0xA3, 0x2D, 0x2E, 0x91, 0x69, 0x82, 0x8C, 0x4B, 0x9E, 0xE4, 0xCB, 0x3C, 0x9E,
    0xFF, 0x36, 0x5A, 0x4A, 0x52, 0x8F, 0xC7, 0x0C, 0x58, 0x89, 0x55, 0x8E, 0xAC, 0x6A, 0x60, 0x35,
    0x96, 0xB5, 0x00, 0x2B, 0xB1, 0x1E, 0x07, 0xD6, 0x93, 0xDD, 0x22, 0x69, 0xA7, 0xFA, 0xB9, 0xC4,
    0x86, 0xC8, 0x72, 0x27, 0x22, 0x23, 0xD2, 0x0E, 0x73, 0x81, 0x32, 0xB0, 0x90, 0x44, 0x47, 0xA2,
    0xB6, 0xA3, 0xB9, 0x49, 0xEF, 0x8A, 0x47, 0x9C, 0xFC, 0x94, 0x99, 0x00, 0x3D, 0x02, 0xC6, 0xA1,
    0xA0, 0x87, 0xAE, 0xFE, 0xF0, 0x89, 0xAF, 0x6A, 0xEA, 0x50, 0x47, 0xA0, 0x1D, 0x00, 0x72, 0xA8,
    0xFE, 0xCA, 0xC5, 0xBF, 0x75, 0x6D, 0x2E, 0x73, 0x83, 0x3C, 0xB8, 0x11, 0x4D, 0x6C, 0xFC, 0xB8,
    0x58, 0x3B, 0x48, 0xAB, 0x82, 0xF8, 0x41, 0x11, 0xD9, 0x18, 0x91, 0x76, 0x97, 0x15, 0xBB, 0x08,
    0x58, 0x00, 0x28, 0x77, 0x17, 0xE5, 0x77, 0x97, 0x21, 0x5F, 0x2A, 0x87, 0x55, 0x41, 0x36, 0xBF,
    0x2E, 0x29, 0xF0, 0x25, 0x35, 0xEF, 0x8C, 0xDA, 0x16, 0x71, 0x21, 0xB7, 0xB9, 0x0A, 0x87, 0x88,
    0x0D, 0xF4, 0xD0, 0x23, 0xB6, 0x58, 0xDB, 0x07, 0x65, 0x30, 0xDF, 0x9B, 0xB0, 0xAD, 0xBD, 0xA1,
    0x00, 0x22, 0x67, 0x26, 0x14, 0xCF, 0xB7, 0xC8, 0xD5, 0xC5, 0x52, 0xFD, 0xFA, 0x65, 0x10, 0xCB,
    0x22, 0xD2, 0xEA, 0xDD, 0x45, 0x5B, 0x60, 0xFE, 0x82, 0x01, 0xE5, 0x79, 0xDC, 0xDD, 0x23, 0xBE,
    0xDF, 0x91, 0xEF, 0x8F, 0x11, 0x45, 0x08, 0xC0, 0xB9, 0x07, 0x7E, 0xEB, 0xC0, 0x0B, 0x03, 0x46,
    0xE6, 0x00, 0xCE, 0xA0, 0xF4, 0x1B, 0xAB, 0xCE, 0x9F, 0xBB, 0x9A, 0x7E, 0x3F, 0x34, 0xE6, 0x9D,
    0xB0, 0xD0, 0x45, 0x38, 0xFC, 0x22, 0x22, 0x80, 0x74, 0xFD, 0x58, 0x00, 0xBE, 0x1C, 0x79, 0x6E,
    0x00, 0x8C, 0xAD, 0xE9, 0x0C, 0x75, 0xFE, 0x19, 0x96, 0xAE, 0x76, 0xF5, 0x40, 0x73, 0x93, 0xDF,
    0x4C, 0xB8, 0xEC, 0xF3, 0x18, 0xE7, 0xD8, 0x9C, 0x4B, 0xE3, 0x4B, 0xCF, 0x06, 0xE0, 0x80, 0xD9,
    0xA3, 0x0B, 0x60, 0x4D, 0x64, 0xD5, 0x74, 0xB8, 0x84, 0xF6, 0x1C, 0x6B, 0x2C, 0xCB, 0x80, 0xB5,
    0x12, 0xF5, 0xA2, 0x24, 0x8A, 0x3B, 0x19, 0x72, 0x59, 0x1C, 0xAB, 0x5D, 0x2F, 0x5A, 0x89, 0x8C,
    0xA8, 0xED, 0x58, 0xDA, 0xB3, 0xB8, 0xDE, 0xF7, 0x1D, 0x28, 0x9F, 0x34, 0xB2, 0x86, 0xCC, 0x9D,
    0x95, 0x98, 0x62, 0xCB, 0x52, 0x93, 0x88, 0x58, 0xD5, 0xD3, 0x0E, 0xD0, 0xA7, 0x96, 0x25, 0xB7,
    0x4B, 0xA3, 0x06, 0x18, 0x22, 0x0A, 0x59, 0xE8, 0x11, 0x81, 0x88, 0xFE, 0x5A, 0x4C, 0x0E, 0x78,
    0xC8, 0xCB, 0xAB, 0xAB, 0x1D, 0xB4, 0xD5, 0x56, 0x1E, 0x80, 0x8E, 0x23, 0x06, 0x50, 0x7E, 0xB1,
    0x7B, 0x9A, 0x2F, 0xA0, 0x89, 0x6C, 0x7D, 0xDC, 0xCC, 0xCF, 0x51, 0x39, 0xA3, 0xC2, 0xE5, 0x01,
    0xB5, 0x37, 0xA1, 0x9C, 0x3A, 0xD0, 0xDC, 0x9F, 0x0F, 0xE7, 0x8C, 0x61, 0xDA, 0x0E, 0x5F, 0xD2,
    0x67, 0x7B, 0xA1, 0x22, 0x0A, 0x58, 0x72, 0x22, 0x0E, 0x64, 0xCF, 0xCE, 0xB0, 0xA1, 0x89, 0xBF,
    0xE1, 0xDB, 0xB2, 0x61, 0xB2, 0x5F, 0xB2, 0x5D, 0x2B, 0xA6, 0x67, 0x12, 0x13, 0xAF, 0x91, 0xE6,
    0xF8, 0x09, 0x63, 0x98, 0x96, 0xF3, 0x65, 0x5E, 0x35, 0x1D, 0xBE, 0x55, 0x10, 0x25, 0xDC, 0xE0,
    0x7A, 0x1C, 0x17, 0x94, 0x7D, 0x15, 0xA8, 0xEC, 0x3E, 0x50, 0xDB, 0xD7, 0x81, 0x25, 0x11, 0x81,
    0x44, 0xFA, 0xCE, 0x11, 0xA0, 0xED, 0xE2, 0xB3, 0xC8, 0x88, 0xDA, 0x3B, 0x2C, 0x4D, 0xBC, 0x43,
    0x25, 0x75, 0xC0, 0x1E, 0x1D, 0x03, 0x86, 0xB6, 0xC0, 0xF4, 0xF5, 0x1E, 0xF9, 0x14, 0x51, 0x41,
    0xE4, 0x45, 0x81, 0x55, 0x46, 0x16, 0x24, 0x17, 0x6D, 0x94, 0x3E, 0x59, 0x76, 0x23, 0x99, 0x45,
    0x62, 0x61, 0xD1, 0x2E, 0xFF, 0x18, 0xCD, 0x57, 0x3F, 0x4E, 0xFB, 0xED, 0xD7, 0x5C, 0xD0, 0xC6,
    0xB0, 0xDE, 0xD7, 0x17, 0xA1, 0x49, 0x8A, 0x88, 0xBC, 0xFA, 0x13, 0x11, 0x14, 0xC7, 0x76, 0xBA,
    0xDC, 0xE9, 0x6B, 0xED, 0x32, 0xA6, 0x2D, 0x3E, 0x0F, 0xF7, 0xEF, 0xDF, 0x27, 0xA2, 0xF7, 0xA6,
    0xFB, 0x38, 0x01, 0x0C, 0x6E, 0x2D, 0x6F, 0x71, 0xF7, 0xD6, 0xF2, 0xE7, 0x68, 0x81, 0x23, 0xBC,
    0x17, 0x41, 0xC7, 0x38, 0x94, 0x11, 0x34, 0x1D, 0x6A, 0x07, 0xE5, 0xF3, 0x37, 0x4D, 0x32, 0x0A,
    0x23, 0xDD, 0x99, 0x2F, 0x40, 0x7D, 0x7C, 0x02, 0x45, 0x31, 0xBF, 0xCC, 0x88, 0x63, 0x7F, 0xF1,
    0x2B, 0xA8, 0x17, 0x11, 0x15, 0x75, 0xD8, 0x04, 0x7C, 0xE7, 0x85, 0x47, 0xCF, 0xB9, 0x89, 0x89,
    0xCC, 0xA8, 0x7C, 0x19, 0x94, 0x97, 0x7F, 0x8D, 0x53, 0x7F, 0xDE, 0x74, 0x8A, 0x12, 0x14, 0x2F,
    0xD7, 0x78, 0x70, 0x5B, 0x27, 0xF1, 0x78, 0x24, 0x0E, 0x46, 0x3C, 0xB6, 0x39, 0x4E, 0x44, 0x11,
    0x0D, 0x9B, 0x3A, 0x70, 0xE4, 0x86, 0x13, 0x97, 0x83, 0x18, 0x1E, 0xED, 0x2B, 0x0A, 0x01, 0x6D,
    0xFB, 0xAE, 0x63, 0xBF, 0x98, 0xFE, 0xEE, 0xD1, 0x0C, 0xE3, 0x46, 0x4E, 0xE6, 0xDB, 0x6D, 0x97,
    0x5F, 0x1F, 0x28, 0xC8, 0xB1, 0xF1, 0x38, 0x88, 0xCB, 0x6D, 0xF1, 0xED, 0x5C, 0x75, 0x60, 0xD7,
    0x74, 0xCC, 0xEE, 0xF1, 0x12, 0x2D, 0xE9, 0x0C, 0x4A, 0xD6, 0xD6, 0x63, 0xBF, 0x74, 0xAD, 0xED,
    0xAB, 0x60, 0xD0, 0x97, 0xE3, 0x8A, 0x47, 0x53, 0xCF, 0xEA, 0x93, 0x28, 0xB2, 0x56, 0xB3, 0xF0,
    0xDF, 0xA5, 0x68, 0xEA, 0x54, 0x7E, 0xFC, 0xF6, 0x64, 0x4B, 0x8E, 0x18, 0xC3, 0xB4, 0x33, 0x86,
    0x59, 0xC9, 0xD8, 0x86, 0x73, 0x36, 0x92, 0x7B, 0x86, 0xCB, 0xED, 0xDE, 0xD0, 0x28, 0xCC, 0xFD,
    0x2B, 0xB0, 0x57, 0x76, 0x80, 0x56, 0x0E, 0x68, 0x88, 0x45, 0x24, 0xDB, 0xAF, 0x08, 0xFA, 0x54,
    0x3D, 0xB5, 0xAD, 0x56, 0x4F, 0x86, 0x85, 0x56, 0x8F, 0x43, 0xAF, 0xD5, 0xA3, 0x90, 0xB4, 0x7A,
    0x38, 0xB2, 0x5C, 0x8C, 0x59, 0xAF, 0x94, 0xF6, 0x17, 0x11, 0xDC, 0x92, 0xA8, 0x17, 0xDD, 0x14,
    0x99, 0xCB, 0x57, 0x75, 0xE5, 0x31, 0xBF, 0x6E, 0x0C, 0x11, 0xB9, 0xAC, 0xFC, 0xFF, 0xF3, 0x19,
    0x22, 0x21, 0xE2, 0xE2, 0xBB, 0x5B, 0x44, 0xAC, 0x19, 0xC3, 0xB4, 0xF3, 0x75, 0x81, 0x58, 0x24,
    0x10, 0x79, 0x66, 0xE4, 0xBF, 0xA7, 0x79, 0x4C, 0xDB, 0x2B, 0x1A, 0xC6, 0xC8, 0x98, 0xD4, 0x61,
    0x06, 0x5C, 0xAF, 0x8F, 0xCD, 0x59, 0x45, 0xA9, 0x19, 0x7E, 0x60, 0x80, 0x15, 0x90, 0xF2, 0x27,
    0xCA, 0x67, 0xFE, 0x3B, 0xDF, 0xC3, 0x68, 0x87, 0xB7, 0x6A, 0x4A, 0x9C, 0x8C, 0xDC, 0x88, 0x12,
    0x7F, 0xFE, 0x05, 0x63, 0x00, 0x82, 0xFD, 0xFF, 0xFF, 0x7F, 0x00, 0x61, 0x00, 0xBD, 0x90, 0x31,
    0x4E, 0xC3, 0x30, 0x18, 0x85, 0x5F, 0x6C, 0x89, 0x0E, 0x1D, 0xCC, 0xCE, 0x90, 0x23, 0xF8, 0x06,
    0x38, 0x3D, 0x01, 0x47, 0xE9, 0x11, 0x30, 0x33, 0x0B, 0x47, 0x61, 0xE8, 0x58, 0xB5, 0x4C, 0xAC,
    0x2D, 0x37, 0xF0, 0xC0, 0x01, 0x3C, 0x64, 0xF8, 0x91, 0x42, 0x1E, 0xF6, 0x0F, 0x16, 0x88, 0x09,
    0x01, 0x10, 0xE9, 0x7D, 0xCF, 0x7A, 0x89, 0xA2, 0xE7, 0x07, 0x7D, 0xE0, 0xC5, 0x70, 0x00, 0x47,
    0x47, 0x18, 0x81, 0x8F, 0xB0, 0x19, 0x01, 0xB0, 0x09, 0xE7, 0x8D, 0x6B, 0xDE, 0x73, 0x02, 0x79,
    0x28, 0xD4, 0xE4, 0x77, 0xD9, 0x7A, 0x6C, 0xC0, 0x2C, 0x46, 0xB0, 0xB1, 0x59, 0xDF, 0xA8, 0xD6,
    0xBC, 0x13, 0x16, 0x95, 0xF3, 0xB7, 0x04, 0x3F, 0x0A, 0x38, 0x8A, 0x91, 0x53, 0xB1, 0xF9, 0x3D,
    0xFF, 0xF1, 0x7F, 0x3F, 0xCC, 0x77, 0xFD, 0xBA, 0x9F, 0x8B, 0x3A, 0xE0, 0x72, 0xD0, 0x05, 0xDB,
    0xE5, 0x9A, 0xE9, 0x88, 0x2E, 0x92, 0x87, 0x6A, 0x1A, 0xFE, 0xA9, 0x69, 0xB3, 0x8B, 0x08, 0x8A,
    0x2B, 0x56, 0xAE, 0xEF, 0xAF, 0x5C, 0xD4, 0x66, 0x9F, 0xBF, 0xFC, 0xEF, 0x66, 0x86, 0x37, 0xE8,
    0x29, 0xB8, 0x5C, 0xCD, 0xD8, 0x22, 0x60, 0x82, 0x87, 0x34, 0x75, 0xA4, 0xD8, 0x22, 0x78, 0x7C,
    0x5D, 0xFD, 0x83, 0xC0, 0x51, 0x60, 0x08, 0x9C, 0x3D, 0x01, 0xC0, 0x9E, 0x11, 0xE8, 0x9E, 0xFB,
    0x23, 0x60, 0xB2, 0x4D, 0x8D, 0x5D, 0xE5, 0x09, 0xA5, 0x67, 0x0E, 0x94, 0xC0, 0xBC, 0x5B, 0xDD,
    0x96, 0x64, 0x02, 0x1A, 0xB1, 0x53, 0x86, 0x63, 0xE5, 0x72, 0xAE, 0xC4, 0x3E, 0x55, 0x2E, 0xC6,
    0x4A, 0x4C, 0xCA, 0xED, 0xDB, 0x39, 0xE3, 0x71, 0x21, 0x65, 0x5C, 0x32, 0x81, 0xD9, 0xCF, 0x03,
    0x7C, 0x7A, 0x01, 0x25, 0xCD, 0x65, 0x01, 0x02, 0x41, 0x10, 0x86, 0xE1, 0xC1, 0x1D, 0x22, 0x70,
    0x0D, 0x88, 0x70, 0x01, 0xA8, 0x41, 0x8F, 0xA3, 0x0F, 0x11, 0xD0, 0x08, 0x34, 0x40, 0x03, 0xEC,
    0x3F, 0x6C, 0xE0, 0xE5, 0x9B, 0x93, 0xF5, 0x67, 0xC4, 0xCC, 0x32, 0x4D, 0x7D, 0x5E, 0xAE, 0x0D,
    0xCA, 0x6D, 0xC2, 0x21, 0xB6, 0x9C, 0x14, 0x1B, 0x2B, 0x0F, 0xBA, 0x5B, 0x11, 0x74, 0xD0, 0x10,
    0x1D, 0x17, 0x03, 0x21, 0x1F, 0xEF, 0xB8, 0xB2, 0xF0, 0x01, 0xCA, 0xE2, 0xA9, 0xCC, 0x1C, 0xCE,
    0x53, 0xD2, 0x1E, 0x96, 0x05, 0xCF, 0x19, 0xD4, 0x21, 0x0D, 0xF8, 0x75, 0xE0, 0x50, 0xE7, 0x3B,
    0x40, 0x3D, 0x84, 0xA8, 0xA8, 0x30, 0x5A, 0x0C, 0x64, 0xAA, 0x59, 0xF7, 0xAA, 0xFD, 0xA6, 0x21,
    0x12, 0xCE, 0x45, 0xC2, 0x20, 0x61, 0x50, 0x60, 0xB5, 0x65, 0x9A, 0x7F,
};

static const EpdGlyph notosans_14_regularGlyphs[] = {
    { 0, 0, 0, 0, 0, 0, 0 }, // U+0000
    { 0, 0, 121, 0, 0, 0, 0 }, // U+000D
    { 0, 0, 121, 0, 0, 0, 0 }, // U+0020
    { 4, 21, 126, 2, 21, 21, 0 }, // !
    { 9, 8, 190, 1, 21, 18, 21 }, // "
    { 17, 21, 302, 1, 21, 90, 39 }, // #
    { 13, 24, 267, 2, 22, 78, 129 }, // $
    { 22, 21, 388, 1, 21, 116, 207 }, // %
    { 21, 21, 342, 2, 21, 111, 323 }, // &
    { 4, 8, 105, 1, 21, 8, 434 }, // '
    { 7, 26, 140, 1, 21, 46, 442 }, // (
    { 8, 26, 140, 0, 21, 52, 488 }, // )
    { 14, 14, 257, 1, 22, 49, 540 }, // *
    { 14, 14, 267, 1, 17, 49, 589 }, // +
    { 5, 7, 125, 1, 3, 9, 638 }, // ,
    { 7, 3, 150, 1, 10, 6, 647 }, // -
    { 4, 4, 125, 2, 4, 4, 653 }, // .
    { 11, 21, 174, 0, 21, 58, 657 }, // /
    { 14, 21, 267, 1, 21, 74, 715 }, // 0
    { 9, 21, 267, 2, 21, 48, 789 }, // 1
    { 14, 21, 267, 1, 21, 74, 837 }, // 2
    { 14, 21, 267, 1, 21, 74, 911 }, // 3
    { 16, 21, 267, 1, 21, 84, 985 }, // 4
    { 14, 21, 267, 1, 21, 74, 1069 }, // 5
    { 14, 21, 267, 2, 21, 74, 1143 }, // 6
    { 14, 21, 267, 1, 21, 74, 1217 }, // 7
    { 14, 21, 267, 1, 21, 74, 1291 }, // 8
    { 14, 21, 267, 1, 21, 74, 1365 }, // 9
    { 4, 16, 125, 2, 16, 16, 1439 }, // :
    { 6, 20, 125, 0, 16, 30, 1455 }, // ;
    { 14, 15, 267, 1, 18, 53, 1485 }, // <
    { 13, 8, 267, 2, 14, 26, 1538 }, // =
    { 14, 15, 267, 1, 18, 53, 1564 }, // >
    { 13, 21, 203, -1, 21, 69, 1617 }, // ?
    { 23, 24, 420, 2, 21, 138, 1686 }, // @
    { 19, 21, 298, 0, 21, 100, 1824 }, // A
    { 15, 21, 303, 3, 21, 79, 1924 }, // B
    { 16, 21, 295, 2, 21, 84, 2003 }, // C
    { 17, 21, 341, 3, 21, 90, 2087 }, // D
    { 12, 21, 260, 3, 21, 63, 2177 }, // E
    { 12, 21, 242, 3, 21, 63, 2240 }, // F
    { 17, 21, 340, 2, 21, 90, 2303 }, // G
    { 16, 21, 346, 3, 21, 84, 2393 }, // H
    { 8, 21, 158, 1, 21, 42, 2477 }, // I
    { 8, 27, 127, -2, 21, 54, 2519 }, // J
    { 16, 21, 289, 3, 21, 84, 2573 }, // K
    { 12, 21, 245, 3, 21, 63, 2657 }, // L
    { 21, 21, 423, 3, 21, 111, 2720 }, // M
    { 17, 21, 355, 3, 21, 90, 2831 }, // N
    { 19, 21, 365, 2, 21, 100, 2921 }, // O
    { 13, 21, 282, 3, 21, 69, 3021 }, // P
    { 19, 26, 365, 2, 21, 124, 3090 }, // Q
    { 15, 21, 290, 3, 21, 79, 3214 }, // R
    { 14, 21, 256, 1, 21, 74, 3293 }, // S
    { 16, 21, 260, 1, 21, 84, 3367 }, // T
    { 16, 21, 341, 3, 21, 84, 3451 }, // U
    { 18, 21, 280, 0, 21, 95, 3535 }, // V
    { 27, 21, 434, 0, 21, 142, 0 }, // W
    { 17, 21, 274, 0, 21, 90, 142 }, // X
    { 17, 21, 264, 0, 21, 90, 232 }, // Y
    { 14, 21, 267, 1, 21, 74, 322 }, // Z
    { 7, 26, 154, 2, 21, 46, 396 }, // [
    { 11, 21, 174, 0, 21, 58, 442 }, // <backslash>
    { 7, 26, 154, 1, 21, 46, 500 }, // ]
    { 15, 14, 267, 1, 22, 53, 546 }, // ^
    { 13, 3, 207, 0, -2, 10, 599 }, // _
    { 7, 5, 131, 1, 23, 9, 609 }, // `
    { 13, 16, 262, 1, 16, 52, 618 }, // a
    { 14, 22, 287, 2, 22, 77, 670 }, // b
    { 12, 16, 224, 2, 16, 48, 747 }, // c
    { 14, 22, 287, 2, 22, 77, 795 }, // d
    { 14, 16, 263, 2, 16, 56, 872 }, // e
    { 11, 23, 161, 1, 23, 64, 928 }, // f
    { 14, 23, 287, 2, 16, 81, 992 }, // g
    { 13, 22, 288, 2, 22, 72, 1073 }, // h
    { 3, 22, 120, 2, 22, 17, 1145 }, // i
    { 7, 29, 120, -1, 22, 51, 1162 }, // j
    { 14, 22, 249, 2, 22, 77, 1213 }, // k
    { 3, 22, 120, 2, 22, 17, 1290 }, // l
    { 23, 16, 436, 2, 16, 92, 1307 }, // m
    { 13, 16, 288, 2, 16, 52, 1399 }, // n
    { 15, 16, 282, 2, 16, 60, 1451 }, // o
    { 14, 23, 287, 2, 16, 81, 1511 }, // p
    { 14, 23, 287, 2, 16, 81, 1592 }, // q
    { 10, 16, 193, 2, 16, 40, 1673 }, // r
    { 11, 16, 224, 2, 16, 44, 1713 }, // s
    { 9, 20, 168, 1, 20, 45, 1757 }, // t
    { 13, 16, 288, 2, 16, 52, 1802 }, // u
    { 15, 16, 237, 0, 16, 60, 1854 }, // v
    { 23, 16, 367, 0, 16, 92, 1914 }, // w
    { 15, 16, 247, 0, 16, 60, 2006 }, // x
    { 16, 23, 238, -1, 16, 92, 2066 }, // y
    { 11, 16, 219, 1, 16, 44, 2158 }, // z
    { 10, 26, 177, 0, 21, 65, 2202 }, // {
    { 3, 29, 257, 7, 22, 22, 2267 }, // |
    { 9, 26, 177, 1, 21, 59, 2289 }, // }
    { 14, 4, 267, 1, 12, 14, 2348 }, // ~
    { 0, 0, 121, 0, 0, 0, 0 }, // U+00A0
    { 4, 21, 126, 2, 16, 21, 0 }, // U+00A1
    { 12, 21, 267, 3, 21, 63, 21 }, // U+00A2
    { 15, 21, 267, 1, 21, 79, 84 }, // U+00A3
    { 13, 14, 267, 2, 17, 46, 163 }, // U+00A4
    { 17, 21, 267, 0, 21, 90, 209 }, // U+00A5
    { 3, 29, 257, 7, 22, 22, 299 }, // U+00A6
    { 11, 23, 239, 2, 23, 64, 321 }, // U+00A7
    { 8, 3, 271, 4, 22, 6, 385 }, // U+00A8
    { 22, 22, 388, 1, 22, 121, 391 }, // U+00A9
    { 8, 10, 167, 1, 21, 20, 512 }, // U+00AA
    { 13, 13, 238, 1, 14, 43, 532 }, // U+00AB
    { 15, 9, 267, 1, 12, 34, 575 }, // U+00AC
    { 7, 3, 150, 1, 10, 6, 609 }, // U+00AD
    { 22, 22, 388, 1, 22, 121, 615 }, // U+00AE
    { 15, 3, 233, 0, 25, 12, 736 }, // U+00AF
    { 9, 10, 200, 2, 22, 23, 748 }, // U+00B0
    { 14, 17, 267, 1, 17, 60, 771 }, // U+00B1
    { 9, 13, 163, 1, 25, 30, 831 }, // U+00B2
    { 10, 13, 163, 0, 25, 33, 861 }, // U+00B3
    { 7, 5, 131, 1, 23, 9, 894 }, // U+00B4
    { 13, 23, 291, 2, 16, 75, 903 }, // U+00B5
    { 15, 27, 306, 2, 22, 102, 978 }, // U+00B6
    { 4, 4, 125, 2, 12, 4, 1080 }, // U+00B7
    { 7, 7, 105, 0, 0, 13, 1084 }, // U+00B8
    { 7, 12, 163, 1, 24, 21, 1097 }, // U+00B9
    { 9, 10, 175, 1, 21, 23, 1118 }, // U+00BA
    { 13, 13, 238, 1, 14, 43, 1141 }, // U+00BB
    { 21, 21, 348, 1, 21, 111, 1184 }, // U+00BC
    { 21, 21, 360, 1, 21, 111, 1295 }, // U+00BD
    { 23, 21, 365, 0, 21, 121, 1406 }, // U+00BE
    { 13, 22, 203, 1, 16, 72, 1527 }, // U+00BF
    { 19, 28, 298, 0, 28, 133, 1599 }, // U+00C0
    { 19, 28, 298, 0, 28, 133, 1732 }, // U+00C1
    { 19, 28, 298, 0, 28, 133, 1865 }, // U+00C2
    { 19, 27, 298, 0, 27, 129, 1998 }, // U+00C3
    { 20, 27, 298, -1, 27, 135, 2127 }, // U+00C4
    { 20, 26, 298, -1, 26, 130, 2262 }, // U+00C5
    { 25, 21, 411, -1, 21, 132, 2392 }, // U+00C6
    { 16, 28, 295, 2, 21, 112, 2524 }, // U+00C7
    { 12, 28, 260, 3, 28, 84, 2636 }, // U+00C8
    { 12, 28, 260, 3, 28, 84, 2720 }, // U+00C9
    { 12, 28, 260, 3, 28, 84, 2804 }, // U+00CA
    { 12, 27, 260, 3, 27, 81, 2888 }, // U+00CB
    { 8, 28, 158, 1, 28, 56, 2969 }, // U+00CC
    { 9, 28, 158, 1, 28, 63, 3025 }, // U+00CD
    { 12, 28, 158, -1, 28, 84, 3088 }, // U+00CE
    { 8, 27, 158, 1, 27, 54, 3172 }, // U+00CF
    { 19, 21, 341, 1, 21, 100, 3226 }, // U+00D0
    { 17, 27, 355, 3, 27, 115, 3326 }, // U+00D1
    { 19, 28, 365, 2, 28, 133, 3441 }, // U+00D2
    { 19, 28, 365, 2, 28, 133, 3574 }, // U+00D3
    { 19, 28, 365, 2, 28, 133, 0 }, // U+00D4
    { 19, 28, 365, 2, 28, 133, 133 }, // U+00D5
    { 19, 27, 365, 2, 27, 129, 266 }, // U+00D6
    { 14, 14, 267, 1, 17, 49, 395 }, // U+00D7
    { 19, 23, 365, 2, 22, 110, 444 }, // U+00D8
    { 16, 28, 341, 3, 28, 112, 554 }, // U+00D9
    { 16, 28, 341, 3, 28, 112, 666 }, // U+00DA
    { 16, 28, 341, 3, 28, 112, 778 }, // U+00DB
    { 16, 27, 341, 3, 27, 108, 890 }, // U+00DC
    { 17, 28, 264, 0, 28, 119, 998 }, // U+00DD
    { 13, 21, 282, 3, 21, 69, 1117 }, // U+00DE
    { 15, 23, 295, 2, 23, 87, 1186 }, // U+00DF
    { 13, 23, 262, 1, 23, 75, 1273 }, // U+00E0
    { 13, 23, 262, 1, 23, 75, 1348 }, // U+00E1
    { 13, 23, 262, 1, 23, 75, 1423 }, // U+00E2
    { 13, 21, 262, 1, 21, 69, 1498 }, // U+00E3
    { 13, 21, 262, 1, 21, 69, 1567 }, // U+00E4
    { 13, 24, 262, 1, 24, 78, 1636 }, // U+00E5
    { 23, 16, 403, 1, 16, 92, 1714 }, // U+00E6
    { 12, 23, 224, 2, 16, 69, 1806 }, // U+00E7
    { 14, 23, 263, 2, 23, 81, 1875 }, // U+00E8
    { 14, 23, 263, 2, 23, 81, 1956 }, // U+00E9
    { 14, 23, 263, 2, 23, 81, 2037 }, // U+00EA
    { 14, 21, 263, 2, 21, 74, 2118 }, // U+00EB
    { 7, 23, 120, -1, 23, 41, 2192 }, // U+00EC
    { 7, 23, 120, 1, 23, 41, 2233 }, // U+00ED
    { 11, 23, 120, -2, 23, 64, 2274 }, // U+00EE
    { 8, 21, 120, 0, 21, 42, 2338 }, // U+00EF
    { 15, 23, 282, 2, 23, 87, 2380 }, // U+00F0
    { 13, 21, 288, 2, 21, 69, 2467 }, // U+00F1
    { 15, 23, 282, 2, 23, 87, 2536 }, // U+00F2
    { 15, 23, 282, 2, 23, 87, 2623 }, // U+00F3
    { 15, 23, 282, 2, 23, 87, 2710 }, // U+00F4
    { 15, 21, 282, 2, 21, 79, 2797 }, // U+00F5
    { 15, 21, 282, 2, 21, 79, 2876 }, // U+00F6
    { 14, 14, 267, 1, 18, 49, 2955 }, // U+00F7
    { 15, 18, 282, 2, 17, 68, 3004 }, // U+00F8
    { 13, 23, 288, 2, 23, 75, 3072 }, // U+00F9
    { 13, 23, 288, 2, 23, 75, 3147 }, // U+00FA
    { 13, 23, 288, 2, 23, 75, 3222 }, // U+00FB
    { 13, 21, 288, 2, 21, 69, 3297 }, // U+00FC
    { 16, 30, 238, -1, 23, 120, 3366 }, // U+00FD
    { 14, 29, 287, 2, 22, 102, 3486 }, // U+00FE
    { 16, 28, 238, 0, 21, 112, 3588 }, // U+00FF
    { 20, 26, 298, 0, 26, 130, 0 }, // U+0100
    { 13, 21, 262, 1, 21, 69, 130 }, // U+0101
    { 19, 27, 298, 0, 27, 129, 199 }, // U+0102
    { 13, 22, 262, 1, 22, 72, 328 }, // U+0103
    { 19, 29, 298, 0, 21, 138, 400 }, // U+0104
    { 14, 23, 262, 1, 16, 81, 538 }, // U+0105
    { 16, 28, 295, 2, 28, 112, 619 }, // U+0106
    { 12, 23, 224, 2, 23, 69, 731 }, // U+0107
    { 16, 28, 295, 2, 28, 112, 800 }, // U+0108
    { 12, 23, 224, 2, 23, 69, 912 }, // U+0109
    { 16, 27, 295, 2, 27, 108, 981 }, // U+010A
    { 12, 22, 224, 2, 22, 66, 1089 }, // U+010B
    { 16, 28, 295, 2, 28, 112, 1155 }, // U+010C
    { 12, 23, 224, 2, 23, 69, 1267 }, // U+010D
    { 17, 28, 341, 3, 28, 119, 1336 }, // U+010E
    { 19, 22, 287, 2, 22, 105, 1455 }, // U+010F
    { 19, 21, 341, 1, 21, 100, 1560 }, // U+0110
    { 16, 22, 288, 2, 22, 88, 1660 }, // U+0111
    { 12, 26, 260, 3, 26, 78, 1748 }, // U+0112
    { 14, 21, 263, 2, 21, 74, 1826 }, // U+0113
    { 12, 27, 260, 3, 27, 81, 1900 }, // U+0114
    { 14, 22, 263, 2, 22, 77, 1981 }, // U+0115
    { 12, 27, 260, 3, 27, 81, 2058 }, // U+0116
    { 14, 22, 263, 2, 22, 77, 2139 }, // U+0117
    { 12, 29, 260, 3, 21, 87, 2216 }, // U+0118
    { 14, 23, 263, 2, 16, 81, 2303 }, // U+0119
    { 12, 28, 260, 3, 28, 84, 2384 }, // U+011A
    { 14, 23, 263, 2, 23, 81, 2468 }, // U+011B
    { 17, 28, 340, 2, 28, 119, 2549 }, // U+011C
    { 14, 30, 287, 2, 23, 105, 2668 }, // U+011D
    { 17, 27, 340, 2, 27, 115, 2773 }, // U+011E
    { 14, 29, 287, 2, 22, 102, 2888 }, // U+011F
    { 17, 27, 340, 2, 27, 115, 2990 }, // U+0120
    { 14, 29, 287, 2, 22, 102, 3105 }, // U+0121
    { 17, 27, 340, 2, 21, 115, 3207 }, // U+0122
    { 14, 30, 287, 2, 23, 105, 3322 }, // U+0123
    { 16, 28, 346, 3, 28, 112, 3427 }, // U+0124
    { 17, 29, 288, -2, 29, 124, 3539 }, // U+0125
    { 22, 21, 346, 0, 21, 116, 3663 }, // U+0126
    { 16, 22, 288, 1, 22, 88, 3779 }, // U+0127
    { 12, 27, 158, -1, 27, 81, 3867 }, // U+0128
    { 12, 21, 120, -3, 21, 63, 3948 }, // U+0129
    { 9, 26, 158, 1, 26, 59, 4011 }, // U+012A
    { 9, 20, 120, 0, 20, 45, 4070 }, // U+012B
    { 10, 27, 158, 0, 27, 68, 4115 }, // U+012C
    { 9, 22, 120, -1, 22, 50, 4183 }, // U+012D
    { 8, 29, 158, 1, 21, 58, 4233 }, // U+012E
    { 5, 30, 120, 1, 22, 38, 4291 }, // U+012F
    { 8, 27, 158, 1, 27, 54, 4329 }, // U+0130
    { 3, 16, 120, 2, 16, 12, 4383 }, // U+0131
    { 14, 27, 286, 1, 21, 95, 4395 }, // U+0132
    { 10, 29, 241, 2, 22, 73, 4490 }, // U+0133
    { 12, 34, 127, -2, 28, 102, 4563 }, // U+0134
    { 11, 30, 120, -1, 23, 83, 4665 }, // U+0135
    { 16, 28, 289, 3, 21, 112, 4748 }, // U+0136
    { 14, 29, 249, 2, 22, 102, 4860 }, // U+0137
    { 13, 16, 249, 2, 16, 52, 4962 }, // U+0138
    { 13, 28, 245, 2, 28, 91, 5014 }, // U+0139
    { 7, 29, 120, 1, 29, 51, 5105 }, // U+013A
    { 12, 28, 245, 3, 21, 84, 5156 }, // U+013B
    { 5, 29, 120, 1, 22, 37, 5240 }, // U+013C
    { 12, 21, 245, 3, 21, 63, 5277 }, // U+013D
    { 8, 22, 120, 2, 22, 44, 5340 }, // U+013E
    { 12, 21, 245, 3, 21, 63, 5384 }, // U+013F
    { 7, 22, 125, 2, 22, 39, 5447 }, // U+0140
    { 15, 21, 245, 0, 21, 79, 5486 }, // U+0141
    { 9, 22, 120, -1, 22, 50, 5565 }, // U+0142
    { 17, 28, 355, 3, 28, 119, 5615 }, // U+0143
    { 13, 23, 288, 2, 23, 75, 5734 }, // U+0144
    { 17, 28, 355, 3, 21, 119, 5809 }, // U+0145
    { 13, 23, 288, 2, 16, 75, 5928 }, // U+0146
    { 17, 28, 355, 3, 28, 119, 6003 }, // U+0147
    { 13, 22, 288, 2, 22, 72, 6122 }, // U+0148
    { 18, 21, 321, 0, 21, 95, 6194 }, // U+0149
    { 17, 27, 355, 3, 21, 115, 6289 }, // U+014A
    { 13, 23, 288, 2, 16, 75, 6404 }, // U+014B
    { 19, 26, 365, 2, 26, 124, 6479 }, // U+014C
    { 15, 21, 282, 2, 21, 79, 6603 }, // U+014D
    { 19, 27, 365, 2, 27, 129, 6682 }, // U+014E
    { 15, 22, 282, 2, 22, 83, 6811 }, // U+014F
    { 19, 28, 365, 2, 28, 133, 6894 }, // U+0150
    { 15, 23, 282, 2, 23, 87, 7027 }, // U+0151
    { 24, 21, 433, 2, 21, 126, 7114 }, // U+0152
    { 25, 16, 442, 2, 16, 100, 7240 }, // U+0153
    { 15, 28, 290, 3, 28, 105, 7340 }, // U+0154
    { 10, 23, 193, 2, 23, 58, 7445 }, // U+0155
    { 15, 28, 290, 3, 21, 105, 7503 }, // U+0156
    { 11, 23, 193, 1, 16, 64, 7608 }, // U+0157
    { 15, 28, 290, 3, 28, 105, 7672 }, // U+0158
    { 11, 23, 193, 1, 23, 64, 7777 }, // U+0159
    { 14, 28, 256, 1, 28, 98, 7841 }, // U+015A
    { 11, 23, 224, 2, 23, 64, 7939 }, // U+015B
    { 14, 28, 256, 1, 28, 98, 8003 }, // U+015C
    { 11, 23, 224, 2, 23, 64, 8101 }, // U+015D
    { 14, 28, 256, 1, 21, 98, 8165 }, // U+015E
    { 11, 23, 224, 2, 16, 64, 8263 }, // U+015F
    { 14, 28, 256, 1, 28, 98, 8327 }, // U+0160
    { 11, 23, 224, 2, 23, 64, 8425 }, // U+0161
    { 16, 28, 260, 1, 21, 112, 8489 }, // U+0162
    { 9, 27, 168, 1, 20, 61, 8601 }, // U+0163
    { 16, 28, 260, 1, 28, 112, 8662 }, // U+0164
    { 13, 22, 168, 1, 22, 72, 8774 }, // U+0165
    { 16, 21, 260, 1, 21, 84, 8846 }, // U+0166
    { 9, 20, 168, 1, 20, 45, 8930 }, // U+0167
    { 16, 28, 341, 3, 28, 112, 8975 }, // U+0168
    { 13, 21, 288, 2, 21, 69, 9087 }, // U+0169
    { 16, 26, 341, 3, 26, 104, 9156 }, // U+016A
    { 13, 21, 288, 2, 21, 69, 9260 }, // U+016B
    { 16, 27, 341, 3, 27, 108, 9329 }, // U+016C
    { 13, 22, 288, 2, 22, 72, 9437 }, // U+016D
    { 16, 29, 341, 3, 29, 116, 9509 }, // U+016E
    { 13, 24, 288, 2, 24, 78, 9625 }, // U+016F
    { 16, 28, 341, 3, 28, 112, 9703 }, // U+0170
    { 13, 23, 288, 2, 23, 75, 9815 }, // U+0171
    { 16, 28, 341, 3, 21, 112, 9890 }, // U+0172
    { 13, 23, 288, 2, 16, 75, 10002 }, // U+0173
    { 27, 28, 434, 0, 28, 189, 10077 }, // U+0174
    { 23, 23, 367, 0, 23, 133, 10266 }, // U+0175
    { 17, 28, 264, 0, 28, 119, 10399 }, // U+0176
    { 16, 30, 238, -1, 23, 120, 10518 }, // U+0177
    { 18, 27, 264, -1, 27, 122, 10638 }, // U+0178
    { 14, 28, 267, 1, 28, 98, 10760 }, // U+0179
    { 11, 23, 219, 1, 23, 64, 10858 }, // U+017A
    { 14, 27, 267, 1, 27, 95, 10922 }, // U+017B
    { 11, 22, 219, 1, 22, 61, 11017 }, // U+017C
    { 14, 28, 267, 1, 28, 98, 11078 }, // U+017D
    { 11, 23, 219, 1, 23, 64, 11176 }, // U+017E
    { 9, 23, 152, 2, 23, 52, 11240 }, // U+017F
    { 22, 22, 366, 2, 22, 121, 0 }, // U+01A0
    { 18, 19, 288, 2, 19, 86, 121 }, // U+01A1
    { 22, 22, 364, 3, 22, 121, 207 }, // U+01AF
    { 19, 19, 315, 2, 19, 91, 328 }, // U+01B0
    { 34, 28, 603, 3, 28, 238, 419 }, // U+01C4
    { 31, 23, 560, 3, 23, 179, 657 }, // U+01C5
    { 29, 22, 506, 2, 22, 160, 836 }, // U+01C6
    { 18, 27, 372, 3, 21, 122, 996 }, // U+01C7
    { 18, 29, 365, 3, 22, 131, 1118 }, // U+01C8
    { 10, 29, 241, 2, 22, 73, 1249 }, // U+01C9
    { 25, 27, 482, 3, 21, 169, 1322 }, // U+01CA
    { 25, 29, 475, 3, 22, 182, 1491 }, // U+01CB
    { 21, 29, 409, 2, 22, 153, 1673 }, // U+01CC
    { 19, 28, 298, 0, 28, 133, 1826 }, // U+01CD
    { 13, 23, 262, 1, 23, 75, 1959 }, // U+01CE
    { 12, 28, 158, -1, 28, 84, 2034 }, // U+01CF
    { 11, 23, 120, -2, 23, 64, 2118 }, // U+01D0
    { 19, 28, 365, 2, 28, 133, 2182 }, // U+01D1
    { 15, 23, 282, 2, 23, 87, 2315 }, // U+01D2
    { 16, 28, 341, 3, 28, 112, 2402 }, // U+01D3
    { 13, 23, 288, 2, 23, 75, 2514 }, // U+01D4
    { 16, 30, 341, 3, 30, 120, 2589 }, // U+01D5
    { 13, 25, 288, 2, 25, 82, 2709 }, // U+01D6
    { 16, 31, 341, 3, 31, 124, 2791 }, // U+01D7
    { 13, 26, 288, 2, 26, 85, 2915 }, // U+01D8
    { 16, 32, 341, 3, 32, 128, 3000 }, // U+01D9
    { 13, 26, 288, 2, 26, 85, 3128 }, // U+01DA
    { 16, 31, 341, 3, 31, 124, 3213 }, // U+01DB
    { 13, 26, 288, 2, 26, 85, 3337 }, // U+01DC
    { 14, 16, 263, 1, 16, 56, 3422 }, // U+01DD
    { 19, 30, 298, 0, 30, 143, 3478 }, // U+01DE
    { 13, 25, 262, 1, 25, 82, 3621 }, // U+01DF
    { 20, 30, 298, 0, 30, 150, 3703 }, // U+01E0
    { 13, 25, 262, 1, 25, 82, 3853 }, // U+01E1
    { 25, 26, 411, -1, 26, 163, 3935 }, // U+01E2
    { 23, 21, 403, 1, 21, 121, 4098 }, // U+01E3
    { 19, 21, 340, 2, 21, 100, 4219 }, // U+01E4
    { 15, 23, 287, 2, 16, 87, 4319 }, // U+01E5
    { 17, 28, 340, 2, 28, 119, 4406 }, // U+01E6
    { 14, 30, 287, 2, 23, 105, 4525 }, // U+01E7
    { 16, 28, 289, 3, 28, 112, 4630 }, // U+01E8
    { 18, 29, 249, -2, 29, 131, 4742 }, // U+01E9
    { 19, 28, 365, 2, 21, 133, 4873 }, // U+01EA
    { 15, 23, 282, 2, 16, 87, 5006 }, // U+01EB
    { 19, 33, 365, 2, 26, 157, 5093 }, // U+01EC
    { 15, 28, 282, 2, 21, 105, 5250 }, // U+01ED
    { 15, 28, 273, 1, 28, 105, 5355 }, // U+01EE
    { 14, 30, 232, 0, 23, 105, 5460 }, // U+01EF
    { 11, 30, 120, -1, 23, 83, 5565 }, // U+01F0
    { 34, 21, 603, 3, 21, 179, 5648 }, // U+01F1
    { 31, 21, 560, 3, 21, 163, 5827 }, // U+01F2
    { 29, 22, 506, 2, 22, 160, 5990 }, // U+01F3
    { 17, 28, 340, 2, 28, 119, 6150 }, // U+01F4
    { 14, 30, 287, 2, 23, 105, 6269 }, // U+01F5
    { 22, 21, 438, 3, 21, 116, 6374 }, // U+01F6
    { 15, 28, 309, 3, 21, 105, 6490 }, // U+01F7
    { 17, 28, 355, 3, 28, 119, 6595 }, // U+01F8
    { 13, 23, 288, 2, 23, 75, 6714 }, // U+01F9
    { 20, 28, 299, -1, 28, 140, 6789 }, // U+01FA
    { 13, 29, 262, 1, 29, 95, 6929 }, // U+01FB
    { 25, 28, 411, -1, 28, 175, 7024 }, // U+01FC
    { 23, 23, 403, 1, 23, 133, 7199 }, // U+01FD
    { 19, 29, 365, 2, 28, 138, 7332 }, // U+01FE
    { 15, 24, 282, 2, 23, 90, 7470 }, // U+01FF
    { 19, 28, 298, 0, 28, 133, 7560 }, // U+0200
    { 13, 23, 262, 1, 23, 75, 7693 }, // U+0201
    { 19, 27, 298, 0, 27, 129, 7768 }, // U+0202
    { 13, 22, 262, 1, 22, 72, 7897 }, // U+0203
    { 13, 28, 260, 2, 28, 91, 7969 }, // U+0204
    { 14, 23, 263, 2, 23, 81, 8060 }, // U+0205
    { 12, 27, 260, 3, 27, 81, 8141 }, // U+0206
    { 14, 22, 263, 2, 22, 77, 8222 }, // U+0207
    { 12, 28, 158, -2, 28, 84, 8299 }, // U+0208
    { 12, 23, 120, -4, 23, 69, 8383 }, // U+0209
    { 10, 27, 158, 0, 27, 68, 8452 }, // U+020A
    { 10, 22, 120, -2, 22, 55, 8520 }, // U+020B
    { 19, 28, 365, 2, 28, 133, 8575 }, // U+020C
    { 15, 23, 282, 2, 23, 87, 8708 }, // U+020D
    { 19, 28, 365, 2, 28, 133, 8795 }, // U+020E
    { 15, 22, 282, 2, 22, 83, 8928 }, // U+020F
    { 16, 28, 290, 2, 28, 112, 9011 }, // U+0210
    { 13, 23, 193, -1, 23, 75, 9123 }, // U+0211
    { 15, 27, 290, 3, 27, 102, 9198 }, // U+0212
    { 11, 22, 193, 1, 22, 61, 9300 }, // U+0213
    { 16, 28, 341, 3, 28, 112, 9361 }, // U+0214
    { 13, 23, 288, 2, 23, 75, 9473 }, // U+0215
    { 16, 28, 341, 3, 28, 112, 9548 }, // U+0216
    { 13, 22, 288, 2, 22, 72, 9660 }, // U+0217
    { 14, 27, 256, 1, 21, 95, 9732 }, // U+0218
    { 11, 22, 224, 2, 16, 61, 9827 }, // U+0219
    { 16, 28, 260, 1, 21, 112, 9888 }, // U+021A
    { 9, 26, 168, 1, 20, 59, 10000 }, // U+021B
    { 15, 27, 268, 0, 21, 102, 10059 }, // U+021C
    { 12, 24, 232, 1, 16, 72, 10161 }, // U+021D
    { 16, 28, 346, 3, 28, 112, 10233 }, // U+021E
    { 17, 29, 288, -2, 29, 124, 10345 }, // U+021F
    { 13, 16, 262, 2, 16, 52, 0 }, // U+0250
    { 16, 16, 287, 2, 16, 64, 52 }, // U+0251
    { 17, 16, 287, -1, 16, 68, 116 }, // U+0252
    { 14, 23, 287, 2, 23, 81, 184 }, // U+0253
    { 12, 16, 224, 1, 16, 48, 265 }, // U+0254
    { 14, 18, 248, 1, 16, 63, 313 }, // U+0255
    { 17, 29, 287, 2, 22, 124, 376 }, // U+0256
    { 17, 23, 287, 2, 23, 98, 500 }, // U+0257
    { 14, 16, 263, 1, 16, 56, 598 }, // U+0258
    { 14, 16, 263, 1, 16, 56, 654 }, // U+0259
    { 22, 16, 366, 1, 16, 88, 710 }, // U+025A
    { 13, 16, 225, 1, 16, 52, 798 }, // U+025B
    { 12, 16, 229, 1, 16, 48, 850 }, // U+025C
    { 20, 16, 328, 1, 16, 80, 898 }, // U+025D
    { 15, 16, 280, 2, 16, 60, 978 }, // U+025E
    { 9, 23, 120, -1, 16, 52, 1038 }, // U+025F
    { 17, 30, 287, 2, 23, 128, 1090 }, // U+0260
    { 14, 23, 287, 2, 16, 81, 1218 }, // U+0261
    { 13, 16, 268, 2, 16, 52, 1299 }, // U+0262
    { 17, 23, 237, -1, 16, 98, 1351 }, // U+0263
    { 16, 16, 237, -1, 16, 64, 1449 }, // U+0264
    { 13, 23, 288, 2, 16, 75, 1513 }, // U+0265
    { 13, 23, 288, 2, 23, 75, 1588 }, // U+0266
    { 13, 30, 288, 2, 23, 98, 1663 }, // U+0267
    { 7, 22, 120, 1, 22, 39, 1761 }, // U+0268
    { 7, 16, 155, 2, 16, 28, 1800 }, // U+0269
    { 7, 16, 149, 1, 16, 28, 1828 }, // U+026A
    { 12, 22, 176, -1, 22, 66, 1856 }, // U+026B
    { 10, 22, 163, 0, 22, 55, 1922 }, // U+026C
    { 7, 29, 120, 2, 22, 51, 1977 }, // U+026D
    { 16, 29, 307, 2, 22, 116, 2028 }, // U+026E
    { 23, 16, 436, 2, 16, 92, 2144 }, // U+026F
    { 23, 23, 436, 2, 16, 133, 2236 }, // U+0270
    { 23, 23, 436, 2, 16, 133, 2369 }, // U+0271
    { 17, 23, 288, -1, 16, 98, 2502 }, // U+0272
    { 17, 23, 288, 2, 16, 98, 2600 }, // U+0273
    { 14, 16, 295, 2, 16, 56, 2698 }, // U+0274
    { 15, 16, 282, 2, 16, 60, 2754 }, // U+0275
    { 22, 16, 403, 2, 16, 88, 2814 }, // U+0276
    { 20, 16, 365, 2, 16, 80, 2902 }, // U+0277
    { 18, 29, 338, 2, 22, 131, 2982 }, // U+0278
    { 10, 16, 193, 0, 16, 40, 3113 }, // U+0279
    { 10, 22, 193, 0, 22, 55, 3153 }, // U+027A
    { 13, 23, 193, 0, 16, 75, 3208 }, // U+027B
    { 10, 23, 193, 2, 16, 58, 3283 }, // U+027C
    { 10, 23, 193, 2, 16, 58, 3341 }, // U+027D
    { 8, 16, 161, 2, 16, 32, 3399 }, // U+027E
    { 8, 23, 161, 0, 16, 46, 3431 }, // U+027F
    { 14, 16, 261, 2, 16, 56, 3477 }, // U+0280
    { 14, 16, 261, 2, 16, 56, 3533 }, // U+0281
    { 11, 22, 224, 2, 16, 61, 0 }, // U+0282
    { 10, 30, 120, -1, 23, 75, 61 }, // U+0283
    { 9, 30, 120, -1, 23, 68, 136 }, // U+0284
    { 9, 23, 120, 0, 16, 52, 204 }, // U+0285
    { 12, 30, 120, -3, 23, 90, 256 }, // U+0286
    { 9, 20, 168, 1, 16, 45, 346 }, // U+0287
    { 9, 27, 168, 1, 20, 61, 391 }, // U+0288
    { 18, 16, 288, 1, 16, 72, 452 }, // U+0289
    { 16, 16, 282, 1, 16, 64, 524 }, // U+028A
    { 13, 16, 282, 2, 16, 52, 588 }, // U+028B
    { 15, 16, 237, 0, 16, 60, 640 }, // U+028C
    { 23, 16, 367, 0, 16, 92, 700 }, // U+028D
    { 16, 23, 238, 0, 23, 92, 792 }, // U+028E
    { 15, 16, 221, 0, 16, 60, 884 }, // U+028F
    { 16, 23, 219, 1, 16, 92, 944 }, // U+0290
    { 15, 19, 253, 1, 16, 72, 1036 }, // U+0291
    { 14, 23, 232, 0, 16, 81, 1108 }, // U+0292
    { 16, 23, 232, 0, 16, 92, 1189 }, // U+0293
    { 12, 23, 199, 0, 23, 69, 1281 }, // U+0294
    { 12, 23, 199, 1, 23, 69, 1350 }, // U+0295
    { 12, 22, 199, 0, 22, 66, 1419 }, // U+0296
    { 12, 23, 219, 2, 16, 69, 1485 }, // U+0297
    { 19, 21, 365, 2, 21, 100, 1554 }, // U+0298
    { 13, 16, 269, 2, 16, 52, 1654 }, // U+0299
    { 15, 16, 280, 1, 16, 60, 1706 }, // U+029A
    { 16, 23, 268, 2, 23, 92, 1766 }, // U+029B
    { 14, 16, 297, 2, 16, 56, 1858 }, // U+029C
    { 10, 29, 120, -3, 22, 73, 1914 }, // U+029D
    { 14, 23, 249, 0, 16, 81, 1987 }, // U+029E
    { 10, 16, 203, 2, 16, 40, 2068 }, // U+029F
    { 17, 30, 287, 2, 23, 128, 2108 }, // U+02A0
    { 12, 23, 199, 0, 23, 69, 2236 }, // U+02A1
    { 11, 23, 199, 1, 23, 64, 2305 }, // U+02A2
    { 25, 22, 448, 2, 22, 138, 2369 }, // U+02A3
    { 26, 29, 458, 2, 22, 189, 2507 }, // U+02A4
    { 28, 25, 482, 2, 22, 175, 2696 }, // U+02A5
    { 20, 20, 354, 1, 20, 100, 2871 }, // U+02A6
    { 15, 30, 238, 1, 23, 113, 2971 }, // U+02A7
    { 24, 20, 402, 1, 20, 120, 3084 }, // U+02A8
    { 23, 30, 402, 0, 23, 173, 3204 }, // U+02A9
    { 16, 22, 309, 2, 22, 88, 3377 }, // U+02AA
    { 14, 22, 281, 2, 22, 77, 3465 }, // U+02AB
    { 15, 21, 238, 0, 21, 79, 3542 }, // U+02AC
    { 12, 21, 275, 2, 21, 63, 3621 }, // U+02AD
    { 16, 23, 293, 0, 16, 92, 3684 }, // U+02AE
    { 19, 23, 293, 0, 16, 110, 0 }, // U+02AF
    { 9, 14, 188, 2, 22, 32, 110 }, // U+02B0
    { 9, 14, 188, 2, 22, 32, 142 }, // U+02B1
    { 5, 18, 78, -1, 22, 23, 174 }, // U+02B2
    { 7, 10, 125, 2, 18, 18, 197 }, // U+02B3
    { 7, 10, 125, 0, 18, 18, 215 }, // U+02B4
    { 9, 14, 125, 0, 18, 32, 233 }, // U+02B5
    { 9, 10, 169, 2, 18, 23, 265 }, // U+02B6
    { 15, 10, 239, 0, 18, 38, 288 }, // U+02B7
    { 5, 7, 82, 0, 21, 9, 326 }, // U+02BC
    { 3, 8, 75, 1, 23, 6, 335 }, // U+02C8
    { 9, 3, 176, 1, 21, 7, 341 }, // U+02C9
    { 7, 5, 131, 1, 23, 9, 348 }, // U+02CA
    { 7, 5, 131, 1, 23, 9, 357 }, // U+02CB
    { 3, 8, 75, 1, 2, 6, 366 }, // U+02CC
    { 9, 3, 176, 1, -1, 7, 372 }, // U+02CD
    { 7, 5, 131, 1, -1, 9, 379 }, // U+02CE
    { 7, 5, 131, 1, -1, 9, 388 }, // U+02CF
    { 6, 16, 150, 2, 16, 24, 397 }, // U+02D0
    { 6, 5, 150, 2, 16, 8, 421 }, // U+02D1
    { 2, 14, 78, 2, 22, 7, 429 }, // U+02E1
    { 7, 5, 0, -15, 23, 9, 0 }, // U+0300
    { 7, 5, 0, -10, 23, 9, 9 }, // U+0301
    { 10, 5, 0, -5, 23, 13, 18 }, // U+0302
    { 12, 4, 0, -15, 22, 12, 31 }, // U+0303
    { 9, 3, 0, -4, 21, 7, 43 }, // U+0304
    { 12, 3, 0, -6, 26, 9, 50 }, // U+0305
    { 10, 4, 0, -4, 22, 10, 59 }, // U+0306
    { 3, 3, 0, -1, 21, 3, 69 }, // U+0307
    { 8, 3, 0, -4, 22, 6, 72 }, // U+0308
    { 6, 8, 0, -11, 25, 12, 78 }, // U+0309
    { 7, 7, 0, -3, 24, 13, 90 }, // U+030A
    { 11, 5, 0, -4, 23, 14, 103 }, // U+030B
    { 10, 5, 0, -5, 23, 13, 117 }, // U+030C
    { 3, 5, 0, -1, 22, 4, 130 }, // U+030D
    { 7, 5, 0, -3, 22, 9, 134 }, // U+030E
    { 12, 5, 0, -16, 23, 15, 143 }, // U+030F
    { 9, 7, 0, -4, 25, 16, 158 }, // U+0310
    { 10, 5, 0, -6, 23, 13, 174 }, // U+0311
    { 6, 7, 0, -3, 21, 11, 187 }, // U+0312
    { 6, 7, 0, -3, 21, 11, 198 }, // U+0313
    { 6, 7, 0, -3, 21, 11, 209 }, // U+0314
    { 6, 7, 0, -3, 21, 11, 220 }, // U+0315
    { 6, 5, 0, -3, -1, 8, 231 }, // U+0316
    { 6, 5, 0, -3, -1, 8, 239 }, // U+0317
    { 5, 6, 0, -2, 0, 8, 247 }, // U+0318
    { 5, 6, 0, -2, 0, 8, 255 }, // U+0319
    { 8, 9, 146, 0, 24, 18, 263 }, // U+031A
    { 6, 7, 0, -3, 22, 11, 281 }, // U+031B
    { 3, 6, 0, -1, -1, 5, 292 }, // U+031C
    { 6, 5, 0, -3, -1, 8, 297 }, // U+031D
    { 6, 6, 0, -3, 0, 9, 305 }, // U+031E
    { 6, 6, 0, -3, -1, 9, 314 }, // U+031F
    { 7, 3, 0, -3, -2, 6, 323 }, // U+0320
    { 6, 8, 0, -5, 1, 12, 329 }, // U+0321
    { 5, 8, 0, 0, 1, 10, 341 }, // U+0322
    { 3, 3, 0, -10, -2, 3, 351 }, // U+0323
    { 8, 3, 0, -4, -2, 6, 354 }, // U+0324
    { 7, 7, 0, -3, 0, 13, 360 }, // U+0325
    { 4, 5, 0, -2, -1, 5, 373 }, // U+0326
    { 7, 7, 0, -3, 0, 13, 378 }, // U+0327
    { 5, 8, 0, -2, 2, 10, 391 }, // U+0328
    { 3, 5, 0, -1, -1, 4, 401 }, // U+0329
    { 10, 6, 0, -5, 0, 15, 405 }, // U+032A
    { 11, 5, 0, -5, -1, 14, 420 }, // U+032B
    { 10, 5, 0, -5, -1, 13, 434 }, // U+032C
    { 10, 5, 0, -5, -1, 13, 447 }, // U+032D
    { 10, 4, 0, -4, -1, 10, 460 }, // U+032E
    { 10, 5, 0, -6, -1, 13, 470 }, // U+032F
    { 12, 4, 0, -6, -1, 12, 483 }, // U+0330
    { 9, 3, 0, -4, -1, 7, 495 }, // U+0331
    { 13, 3, 0, -6, -2, 10, 502 }, // U+0332
    { 12, 6, 0, -6, -1, 18, 512 }, // U+0333
    { 12, 4, 0, -6, 10, 12, 530 }, // U+0334
    { 12, 3, 0, -6, 11, 9, 542 }, // U+0335
    { 21, 3, 0, -10, 10, 16, 551 }, // U+0336
    { 10, 7, 0, -5, 12, 18, 567 }, // U+0337
    { 12, 24, 0, -6, 22, 72, 585 }, // U+0338
    { 4, 7, 0, -2, 0, 7, 657 }, // U+0339
    { 10, 5, 0, -5, -1, 13, 664 }, // U+033A
    { 11, 7, 0, -5, 0, 20, 677 }, // U+033B
    { 11, 4, 0, -5, -2, 11, 697 }, // U+033C
    { 6, 7, 0, -3, 23, 11, 708 }, // U+033D
    { 5, 9, 0, -2, 25, 12, 719 }, // U+033E
    { 12, 6, 0, -6, 28, 18, 731 }, // U+033F
    { 7, 5, 0, -5, 23, 9, 749 }, // U+0340
    { 7, 5, 0, -2, 23, 9, 758 }, // U+0341
    { 12, 4, 0, -6, 22, 12, 767 }, // U+0342
    { 5, 7, 0, -2, 24, 9, 779 }, // U+0343
    { 10, 5, 0, -4, 23, 13, 788 }, // U+0344
    { 5, 5, 0, -1, -2, 7, 801 }, // U+0345
    { 13, 6, 0, -6, 24, 20, 808 }, // U+0346
    { 12, 6, 0, -6, -1, 18, 828 }, // U+0347
    { 7, 5, 0, -3, -1, 9, 846 }, // U+0348
    { 6, 7, 0, -3, -1, 11, 855 }, // U+0349
    { 12, 8, 0, -6, 24, 24, 866 }, // U+034A
    { 11, 10, 0, -5, 27, 28, 890 }, // U+034B
    { 10, 7, 0, -5, 25, 18, 918 }, // U+034C
    { 11, 6, 0, -5, -1, 17, 936 }, // U+034D
    { 6, 7, 0, -3, 0, 11, 953 }, // U+034E
    { 0, 0, 0, 0, 0, 0, 964 }, // U+034F
    { 5, 6, 0, -2, 23, 8, 964 }, // U+0350
    { 3, 6, 0, -1, 23, 5, 972 }, // U+0351
    { 10, 7, 0, -5, 25, 18, 977 }, // U+0352
    { 6, 7, 0, -3, 0, 11, 995 }, // U+0353
    { 5, 6, 0, -2, -1, 8, 1006 }, // U+0354
    { 5, 6, 0, -2, -1, 8, 1014 }, // U+0355
    { 12, 6, 0, -5, -1, 18, 1022 }, // U+0356
    { 4, 7, 0, -2, 24, 7, 1040 }, // U+0357
    { 3, 3, 0, 4, 21, 3, 1047 }, // U+0358
    { 8, 6, 0, -4, -1, 12, 1050 }, // U+0359
    { 12, 7, 0, -5, -1, 21, 1062 }, // U+035A
    { 6, 6, 0, -3, 23, 9, 1083 }, // U+035B
    { 24, 6, 0, -12, -1, 36, 1092 }, // U+035C
    { 24, 6, 0, -12, 23, 36, 1128 }, // U+035D
    { 18, 2, 0, -9, 20, 9, 1164 }, // U+035E
    { 18, 2, 0, -9, -2, 9, 1173 }, // U+035F
    { 24, 4, 0, -12, 22, 24, 1182 }, // U+0360
    { 24, 7, 0, -12, 26, 42, 1206 }, // U+0361
    { 23, 6, 0, -11, -1, 35, 1248 }, // U+0362
    { 6, 6, 0, -3, 24, 9, 1283 }, // U+0363
    { 6, 7, 0, -3, 25, 11, 1292 }, // U+0364
    { 2, 9, 0, -1, 27, 5, 1303 }, // U+0365
    { 6, 7, 0, -3, 25, 11, 1308 }, // U+0366
    { 7, 6, 0, -3, 24, 11, 1319 }, // U+0367
    { 6, 7, 0, -2, 25, 11, 1330 }, // U+0368
    { 6, 9, 0, -3, 27, 14, 1341 }, // U+0369
    { 7, 9, 0, -3, 27, 16, 1355 }, // U+036A
    { 10, 6, 0, -5, 24, 15, 1371 }, // U+036B
    { 5, 6, 0, -2, 24, 8, 1386 }, // U+036C
    { 6, 8, 0, -3, 26, 12, 1394 }, // U+036D
    { 8, 7, 0, -4, 25, 14, 1406 }, // U+036E
    { 7, 6, 0, -3, 24, 11, 1420 }, // U+036F
    { 14, 29, 286, 2, 22, 102, 0 }, // U+03B2
    { 14, 22, 277, 2, 22, 77, 102 }, // U+03B8
    { 18, 23, 277, 0, 16, 104, 179 }, // U+03C7
    { 12, 28, 260, 3, 28, 84, 0 }, // U+0400
    { 12, 26, 260, 3, 26, 78, 84 }, // U+0401
    { 19, 21, 334, 1, 21, 100, 162 }, // U+0402
    { 12, 28, 238, 3, 28, 84, 262 }, // U+0403
    { 16, 21, 298, 2, 21, 84, 346 }, // U+0404
    { 14, 21, 256, 1, 21, 74, 430 }, // U+0405
    { 3, 21, 133, 3, 21, 16, 504 }, // U+0406
    { 7, 26, 133, 1, 26, 46, 520 }, // U+0407
    { 8, 27, 127, -2, 21, 54, 566 }, // U+0408
    { 28, 21, 471, 0, 21, 147, 620 }, // U+0409
    { 26, 21, 479, 3, 21, 137, 767 }, // U+040A
    { 19, 21, 334, 1, 21, 100, 904 }, // U+040B
    { 16, 28, 292, 3, 28, 112, 1004 }, // U+040C
    { 17, 28, 353, 3, 28, 119, 1116 }, // U+040D
    { 19, 27, 288, -1, 27, 129, 1235 }, // U+040E
    { 16, 26, 341, 3, 21, 104, 1364 }, // U+040F
    { 19, 21, 298, 0, 21, 100, 1468 }, // U+0410
    { 14, 21, 287, 3, 21, 74, 1568 }, // U+0411
    { 15, 21, 303, 3, 21, 79, 1642 }, // U+0412
    { 12, 21, 238, 3, 21, 63, 1721 }, // U+0413
    { 21, 26, 340, 1, 21, 137, 1784 }, // U+0414
    { 12, 21, 260, 3, 21, 63, 1921 }, // U+0415
    { 27, 21, 422, 0, 21, 142, 1984 }, // U+0416
    { 15, 21, 269, 1, 21, 79, 2126 }, // U+0417
    { 17, 21, 353, 3, 21, 90, 2205 }, // U+0418
    { 17, 27, 353, 3, 27, 115, 2295 }, // U+0419
    { 16, 21, 292, 3, 21, 84, 2410 }, // U+041A
    { 18, 21, 326, 0, 21, 95, 2494 }, // U+041B
    { 21, 21, 423, 3, 21, 111, 2589 }, // U+041C
    { 16, 21, 347, 3, 21, 84, 2700 }, // U+041D
    { 19, 21, 355, 2, 21, 100, 2784 }, // U+041E
    { 16, 21, 342, 3, 21, 84, 2884 }, // U+041F
    { 13, 21, 282, 3, 21, 69, 2968 }, // U+0420
    { 16, 21, 299, 2, 21, 84, 3037 }, // U+0421
    { 16, 21, 260, 1, 21, 84, 3121 }, // U+0422
    { 19, 21, 288, -1, 21, 100, 3205 }, // U+0423
    { 21, 21, 381, 2, 21, 111, 3305 }, // U+0424
    { 18, 21, 274, 0, 21, 95, 3416 }, // U+0425
    { 19, 26, 345, 3, 21, 124, 3511 }, // U+0426
    { 15, 21, 314, 2, 21, 79, 3635 }, // U+0427
    { 25, 21, 483, 3, 21, 132, 3714 }, // U+0428
    { 27, 26, 479, 3, 21, 176, 3846 }, // U+0429
    { 18, 21, 320, 1, 21, 95, 4022 }, // U+042A
    { 19, 21, 396, 3, 21, 100, 4117 }, // U+042B
    { 13, 21, 283, 3, 21, 69, 4217 }, // U+042C
    { 17, 21, 302, 1, 21, 90, 4286 }, // U+042D
    { 25, 21, 466, 3, 21, 132, 4376 }, // U+042E
    { 16, 21, 298, 0, 21, 84, 4508 }, // U+042F
    { 13, 16, 260, 1, 16, 52, 4592 }, // U+0430
    { 15, 24, 279, 2, 24, 90, 4644 }, // U+0431
    { 13, 16, 263, 2, 16, 52, 4734 }, // U+0432
    { 10, 16, 204, 2, 16, 40, 4786 }, // U+0433
    { 17, 20, 283, 1, 16, 85, 4826 }, // U+0434
    { 13, 16, 257, 1, 16, 52, 4911 }, // U+0435
    { 23, 16, 354, 0, 16, 92, 4963 }, // U+0436
    { 12, 16, 228, 1, 16, 48, 5055 }, // U+0437
    { 13, 16, 290, 2, 16, 52, 5103 }, // U+0438
    { 13, 22, 290, 2, 22, 72, 5155 }, // U+0439
    { 13, 16, 248, 2, 16, 52, 5227 }, // U+043A
    { 15, 16, 274, 0, 16, 60, 5279 }, // U+043B
    { 18, 16, 358, 2, 16, 72, 5339 }, // U+043C
    { 13, 16, 287, 2, 16, 52, 5411 }, // U+043D
    { 15, 16, 277, 1, 16, 60, 5463 }, // U+043E
    { 13, 16, 283, 2, 16, 52, 5523 }, // U+043F
    { 14, 23, 284, 2, 16, 81, 5575 }, // U+0440
    { 12, 16, 230, 1, 16, 48, 5656 }, // U+0441
    { 13, 16, 217, 1, 16, 52, 5704 }, // U+0442
    { 16, 23, 238, 0, 16, 92, 5756 }, // U+0443
    { 19, 30, 344, 1, 23, 143, 5848 }, // U+0444
    { 15, 16, 239, 0, 16, 60, 5991 }, // U+0445
    { 15, 20, 286, 3, 16, 75, 6051 }, // U+0446
    { 13, 16, 275, 2, 16, 52, 6126 }, // U+0447
    { 22, 16, 417, 2, 16, 88, 6178 }, // U+0448
    { 24, 20, 419, 2, 16, 120, 6266 }, // U+0449
    { 17, 16, 291, 0, 16, 68, 6386 }, // U+044A
    { 17, 16, 354, 2, 16, 68, 6454 }, // U+044B
    { 12, 16, 254, 2, 16, 48, 6522 }, // U+044C
    { 12, 16, 231, 1, 16, 48, 6570 }, // U+044D
    { 20, 16, 373, 2, 16, 80, 6618 }, // U+044E
    { 14, 16, 269, 1, 16, 56, 6698 }, // U+044F
    { 13, 23, 257, 1, 23, 75, 6754 }, // U+0450
    { 13, 21, 257, 1, 21, 69, 6829 }, // U+0451
    { 16, 29, 289, 1, 22, 116, 6898 }, // U+0452
    { 10, 23, 204, 2, 23, 58, 7014 }, // U+0453
    { 12, 16, 230, 1, 16, 48, 7072 }, // U+0454
    { 11, 16, 218, 1, 16, 44, 7120 }, // U+0455
    { 3, 21, 120, 2, 21, 16, 7164 }, // U+0456
    { 6, 21, 120, 1, 21, 32, 7180 }, // U+0457
    { 7, 28, 120, -1, 21, 49, 7212 }, // U+0458
    { 24, 16, 401, 0, 16, 96, 7261 }, // U+0459
    { 22, 16, 415, 2, 16, 88, 7357 }, // U+045A
    { 16, 22, 290, 1, 22, 88, 7445 }, // U+045B
    { 13, 23, 248, 2, 23, 75, 7533 }, // U+045C
    { 13, 23, 290, 2, 23, 75, 7608 }, // U+045D
    { 16, 29, 238, 0, 22, 116, 7683 }, // U+045E
    { 13, 20, 283, 2, 16, 65, 7799 }, // U+045F
    { 25, 21, 429, 1, 21, 132, 7864 }, // U+0460
    { 22, 16, 368, 1, 16, 88, 7996 }, // U+0461
    { 18, 21, 315, 1, 21, 95, 8084 }, // U+0462
    { 17, 19, 296, 1, 19, 81, 8179 }, // U+0463
    { 24, 21, 430, 3, 21, 126, 8260 }, // U+0464
    { 19, 16, 346, 2, 16, 76, 8386 }, // U+0465
    { 21, 21, 319, 0, 21, 111, 8462 }, // U+0466
    { 18, 16, 267, -1, 16, 72, 8573 }, // U+0467
    { 25, 21, 434, 3, 21, 132, 8645 }, // U+0468
    { 21, 16, 364, 2, 16, 84, 8777 }, // U+0469
    { 21, 21, 340, 0, 21, 111, 8861 }, // U+046A
    { 19, 16, 299, 0, 16, 76, 8972 }, // U+046B
    { 26, 21, 459, 3, 21, 137, 9048 }, // U+046C
    { 22, 16, 396, 2, 16, 88, 9185 }, // U+046D
    { 15, 31, 274, 1, 25, 117, 9273 }, // U+046E
    { 13, 26, 229, 1, 20, 85, 9390 }, // U+046F
    { 19, 21, 375, 3, 21, 100, 9475 }, // U+0470
    { 18, 30, 355, 2, 23, 135, 9575 }, // U+0471
    { 19, 21, 365, 2, 21, 100, 9710 }, // U+0472
    { 15, 16, 282, 2, 16, 60, 9810 }, // U+0473
    { 20, 21, 296, -1, 21, 105, 9870 }, // U+0474
    { 16, 16, 241, 0, 16, 64, 9975 }, // U+0475
    { 20, 28, 296, -1, 28, 140, 10039 }, // U+0476
    { 16, 23, 241, 0, 23, 92, 10179 }, // U+0477
    { 34, 28, 569, 2, 21, 238, 10271 }, // U+0478
    { 31, 23, 511, 2, 16, 179, 10509 }, // U+0479
    { 20, 24, 383, 2, 22, 120, 10688 }, // U+047A
    { 16, 19, 308, 2, 17, 76, 10808 }, // U+047B
    { 27, 31, 479, 2, 31, 210, 10884 }, // U+047C
    { 23, 27, 422, 2, 27, 156, 11094 }, // U+047D
    { 25, 26, 429, 1, 26, 163, 11250 }, // U+047E
    { 22, 21, 368, 1, 21, 116, 11413 }, // U+047F
    { 17, 28, 300, 2, 21, 119, 11529 }, // U+0480
    { 12, 23, 230, 2, 16, 69, 11648 }, // U+0481
    { 16, 20, 284, 1, 19, 80, 11717 }, // U+0482
    { 11, 5, 0, -13, 21, 14, 11797 }, // U+0483
    { 11, 4, 0, -13, 22, 11, 11811 }, // U+0484
    { 4, 6, 0, -10, 23, 6, 11822 }, // U+0485
    { 4, 6, 0, -10, 23, 6, 11828 }, // U+0486
    { 11, 4, 0, -5, 26, 11, 11834 }, // U+0487
    { 33, 32, 0, -16, 24, 264, 11845 }, // U+0488
    { 32, 32, 0, -16, 24, 256, 12109 }, // U+0489
    { 20, 33, 366, 3, 27, 165, 12365 }, // U+048A
    { 17, 28, 308, 2, 22, 119, 12530 }, // U+048B
    { 16, 21, 287, 1, 21, 84, 12649 }, // U+048C
    { 16, 23, 277, 1, 23, 92, 12733 }, // U+048D
    { 14, 21, 286, 3, 21, 74, 12825 }, // U+048E
    { 14, 23, 287, 2, 16, 81, 12899 }, // U+048F
    { 12, 25, 248, 3, 25, 75, 12980 }, // U+0490
    { 10, 21, 204, 2, 21, 53, 13055 }, // U+0491
    { 14, 21, 247, 1, 21, 74, 13108 }, // U+0492
    { 12, 16, 203, 1, 16, 48, 13182 }, // U+0493
    { 15, 28, 304, 3, 21, 105, 13230 }, // U+0494
    { 12, 23, 249, 2, 16, 69, 13335 }, // U+0495
    { 27, 27, 422, -1, 21, 183, 13404 }, // U+0496
    { 23, 22, 372, 0, 16, 127, 13587 }, // U+0497
    { 14, 28, 269, 1, 21, 98, 13714 }, // U+0498
    { 12, 23, 228, 1, 16, 69, 13812 }, // U+0499
    { 17, 27, 313, 3, 21, 115, 13881 }, // U+049A
    { 14, 22, 260, 2, 16, 77, 13996 }, // U+049B
    { 16, 21, 292, 3, 21, 84, 14073 }, // U+049C
    { 13, 16, 247, 2, 16, 52, 14157 }, // U+049D
    { 19, 21, 292, 0, 21, 100, 14209 }, // U+049E
    { 15, 22, 249, 1, 22, 83, 14309 }, // U+049F
    { 21, 21, 323, 1, 21, 111, 14392 }, // U+04A0
    { 18, 16, 291, 1, 16, 72, 14503 }, // U+04A1
    { 19, 27, 352, 3, 21, 129, 14575 }, // U+04A2
    { 16, 22, 307, 2, 16, 88, 14704 }, // U+04A3
    { 21, 21, 380, 3, 21, 111, 14792 }, // U+04A4
    { 19, 16, 344, 2, 16, 76, 14903 }, // U+04A5
    { 27, 28, 493, 3, 21, 189, 14979 }, // U+04A6
    { 22, 23, 403, 2, 16, 127, 15168 }, // U+04A7
    { 20, 22, 364, 2, 21, 110, 15295 }, // U+04A8
    { 16, 17, 300, 2, 16, 68, 15405 }, // U+04A9
    { 16, 28, 295, 2, 21, 112, 15473 }, // U+04AA
    { 12, 23, 224, 2, 16, 69, 15585 }, // U+04AB
    { 16, 27, 260, 1, 21, 108, 15654 }, // U+04AC
    { 13, 22, 222, 1, 16, 72, 15762 }, // U+04AD
    { 17, 21, 264, 0, 21, 90, 15834 }, // U+04AE
    { 16, 23, 237, -1, 16, 92, 15924 }, // U+04AF
    { 17, 21, 264, 0, 21, 90, 16016 }, // U+04B0
    { 17, 23, 237, -1, 16, 98, 16106 }, // U+04B1
    { 19, 27, 295, -1, 21, 129, 16204 }, // U+04B2
    { 16, 22, 258, 0, 16, 88, 16333 }, // U+04B3
    { 24, 27, 402, 1, 21, 162, 16421 }, // U+04B4
    { 20, 22, 338, 1, 16, 110, 16583 }, // U+04B5
    { 18, 27, 328, 2, 21, 122, 16693 }, // U+04B6
    { 16, 22, 290, 2, 16, 88, 16815 }, // U+04B7
    { 15, 21, 326, 2, 21, 79, 16903 }, // U+04B8
    { 13, 16, 283, 2, 16, 52, 16982 }, // U+04B9
    { 15, 21, 326, 3, 21, 79, 17034 }, // U+04BA
    { 13, 22, 288, 2, 22, 72, 17113 }, // U+04BB
    { 22, 21, 396, 1, 21, 116, 17185 }, // U+04BC
    { 17, 16, 310, 1, 16, 68, 17301 }, // U+04BD
    { 22, 27, 396, 1, 21, 149, 17369 }, // U+04BE
    { 17, 21, 310, 1, 16, 90, 17518 }, // U+04BF
    { 8, 21, 158, 1, 21, 42, 17608 }, // U+04C0
    { 27, 27, 422, 0, 27, 183, 17650 }, // U+04C1
    { 23, 22, 354, 0, 22, 127, 17833 }, // U+04C2
    { 16, 28, 325, 3, 21, 112, 17960 }, // U+04C3
    { 13, 23, 261, 2, 16, 75, 18072 }, // U+04C4
    { 21, 26, 336, 1, 21, 137, 18147 }, // U+04C5
    { 18, 22, 274, 0, 16, 99, 18284 }, // U+04C6
    { 16, 28, 341, 3, 21, 112, 18383 }, // U+04C7
    { 14, 23, 290, 2, 16, 81, 18495 }, // U+04C8
    { 19, 27, 353, 3, 21, 129, 18576 }, // U+04C9
    { 17, 22, 309, 2, 16, 94, 18705 }, // U+04CA
    { 15, 27, 326, 2, 21, 102, 18799 }, // U+04CB
    { 13, 22, 286, 2, 16, 72, 18901 }, // U+04CC
    { 24, 27, 428, 3, 21, 162, 18973 }, // U+04CD
    { 20, 22, 352, 2, 16, 110, 19135 }, // U+04CE
    { 8, 21, 158, 1, 21, 42, 19245 }, // U+04CF
    { 19, 27, 298, 0, 27, 129, 19287 }, // U+04D0
    { 13, 22, 262, 1, 22, 72, 19416 }, // U+04D1
    { 20, 27, 298, -1, 27, 135, 19488 }, // U+04D2
    { 13, 21, 262, 1, 21, 69, 19623 }, // U+04D3
    { 25, 21, 411, -1, 21, 132, 19692 }, // U+04D4
    { 23, 16, 403, 1, 16, 92, 19824 }, // U+04D5
    { 12, 27, 260, 3, 27, 81, 19916 }, // U+04D6
    { 14, 22, 263, 2, 22, 77, 19997 }, // U+04D7
    { 18, 21, 345, 2, 21, 95, 20074 }, // U+04D8
    { 14, 16, 263, 1, 16, 56, 20169 }, // U+04D9
    { 18, 27, 345, 2, 27, 122, 20225 }, // U+04DA
    { 14, 21, 263, 1, 21, 74, 20347 }, // U+04DB
    { 27, 27, 422, 0, 27, 183, 20421 }, // U+04DC
    { 23, 21, 354, -1, 21, 121, 20604 }, // U+04DD
    { 14, 27, 269, 1, 27, 95, 20725 }, // U+04DE
    { 12, 21, 228, 0, 21, 63, 20820 }, // U+04DF
    { 15, 21, 273, 1, 21, 79, 20883 }, // U+04E0
    { 14, 23, 232, 0, 16, 81, 20962 }, // U+04E1
    { 17, 26, 353, 3, 26, 111, 21043 }, // U+04E2
    { 13, 20, 290, 2, 20, 65, 21154 }, // U+04E3
    { 17, 27, 353, 3, 27, 115, 21219 }, // U+04E4
    { 13, 21, 290, 2, 21, 69, 21334 }, // U+04E5
    { 19, 27, 365, 2, 27, 129, 21403 }, // U+04E6
    { 15, 21, 282, 2, 21, 79, 21532 }, // U+04E7
    { 19, 21, 365, 2, 21, 100, 21611 }, // U+04E8
    { 15, 16, 282, 2, 16, 60, 21711 }, // U+04E9
    { 19, 27, 365, 2, 27, 129, 21771 }, // U+04EA
    { 15, 21, 282, 2, 21, 79, 21900 }, // U+04EB
    { 17, 27, 302, 1, 27, 115, 21979 }, // U+04EC
    { 12, 21, 231, 1, 21, 63, 22094 }, // U+04ED
    { 19, 26, 288, 0, 26, 124, 22157 }, // U+04EE
    { 16, 27, 238, 0, 20, 108, 22281 }, // U+04EF
    { 18, 27, 288, 0, 27, 122, 22389 }, // U+04F0
    { 16, 28, 238, 0, 21, 112, 22511 }, // U+04F1
    { 19, 28, 288, -1, 28, 133, 22623 }, // U+04F2
    { 16, 30, 238, -1, 23, 120, 22756 }, // U+04F3
    { 15, 27, 314, 2, 27, 102, 22876 }, // U+04F4
    { 13, 21, 275, 2, 21, 69, 22978 }, // U+04F5
    { 12, 27, 247, 3, 21, 81, 23047 }, // U+04F6
    { 10, 22, 202, 2, 16, 55, 23128 }, // U+04F7
    { 19, 27, 396, 3, 27, 129, 23183 }, // U+04F8
    { 17, 21, 354, 2, 21, 90, 23312 }, // U+04F9
    { 14, 27, 247, 1, 21, 95, 23402 }, // U+04FA
    { 12, 22, 203, 1, 16, 66, 23497 }, // U+04FB
    { 19, 27, 295, 0, 21, 129, 23563 }, // U+04FC
    { 16, 22, 257, 0, 16, 88, 23692 }, // U+04FD
    { 18, 21, 274, 0, 21, 95, 23780 }, // U+04FE
    { 16, 16, 247, 0, 16, 64, 23875 }, // U+04FF
    { 19, 26, 298, 0, 21, 124, 0 }, // U+1EA0
    { 13, 21, 262, 1, 16, 69, 124 }, // U+1EA1
    { 20, 29, 298, -1, 29, 145, 193 }, // U+1EA2
    { 13, 26, 262, 1, 26, 85, 338 }, // U+1EA3
    { 19, 29, 298, 0, 29, 138, 423 }, // U+1EA4
    { 15, 24, 262, 1, 24, 90, 561 }, // U+1EA5
    { 19, 29, 298, 0, 29, 138, 651 }, // U+1EA6
    { 14, 24, 262, 0, 24, 84, 789 }, // U+1EA7
    { 20, 30, 298, -1, 30, 150, 873 }, // U+1EA8
    { 14, 26, 262, 1, 26, 91, 1023 }, // U+1EA9
    { 19, 31, 298, 0, 31, 148, 1114 }, // U+1EAA
    { 13, 26, 262, 1, 26, 85, 1262 }, // U+1EAB
    { 19, 33, 298, 0, 28, 157, 1347 }, // U+1EAC
    { 14, 28, 262, 1, 23, 98, 1504 }, // U+1EAD
    { 20, 30, 298, -1, 30, 150, 1602 }, // U+1EAE
    { 13, 25, 262, 1, 25, 82, 1752 }, // U+1EAF
    { 19, 30, 298, 0, 30, 143, 1834 }, // U+1EB0
    { 13, 25, 262, 1, 25, 82, 1977 }, // U+1EB1
    { 20, 30, 298, 0, 30, 150, 2059 }, // U+1EB2
    { 13, 26, 262, 1, 26, 85, 2209 }, // U+1EB3
    { 19, 31, 298, 0, 31, 148, 2294 }, // U+1EB4
    { 13, 27, 262, 1, 27, 88, 2442 }, // U+1EB5
    { 19, 32, 298, 0, 27, 152, 2530 }, // U+1EB6
    { 13, 27, 262, 1, 22, 88, 2682 }, // U+1EB7
    { 12, 26, 260, 3, 21, 78, 2770 }, // U+1EB8
    { 14, 21, 263, 2, 16, 74, 2848 }, // U+1EB9
    { 12, 29, 260, 3, 29, 87, 2922 }, // U+1EBA
    { 14, 26, 263, 2, 26, 91, 3009 }, // U+1EBB
    { 12, 27, 260, 3, 27, 81, 3100 }, // U+1EBC
    { 14, 21, 263, 2, 21, 74, 3181 }, // U+1EBD
    { 14, 29, 260, 3, 29, 102, 3255 }, // U+1EBE
    { 15, 24, 263, 2, 24, 90, 3357 }, // U+1EBF
    { 14, 29, 260, 1, 29, 102, 3447 }, // U+1EC0
    { 15, 24, 263, 1, 24, 90, 3549 }, // U+1EC1
    { 13, 30, 260, 3, 30, 98, 3639 }, // U+1EC2
    { 14, 26, 263, 2, 26, 91, 3737 }, // U+1EC3
    { 12, 31, 260, 3, 31, 93, 3828 }, // U+1EC4
    { 14, 26, 263, 2, 26, 91, 3921 }, // U+1EC5
    { 12, 33, 260, 3, 28, 99, 4012 }, // U+1EC6
    { 14, 28, 263, 2, 23, 98, 4111 }, // U+1EC7
    { 8, 30, 158, 1, 30, 60, 4209 }, // U+1EC8
    { 6, 25, 120, 1, 25, 38, 4269 }, // U+1EC9
    { 8, 26, 158, 1, 21, 52, 4307 }, // U+1ECA
    { 3, 27, 120, 2, 22, 21, 4359 }, // U+1ECB
    { 19, 26, 365, 2, 21, 124, 4380 }, // U+1ECC
    { 15, 21, 282, 2, 16, 79, 4504 }, // U+1ECD
    { 19, 29, 365, 2, 29, 138, 4583 }, // U+1ECE
    { 15, 26, 282, 2, 26, 98, 4721 }, // U+1ECF
    { 19, 29, 365, 2, 29, 138, 4819 }, // U+1ED0
    { 16, 24, 282, 2, 24, 96, 4957 }, // U+1ED1
    { 19, 29, 365, 2, 29, 138, 5053 }, // U+1ED2
    { 16, 24, 282, 1, 24, 96, 5191 }, // U+1ED3
    { 19, 31, 365, 2, 31, 148, 5287 }, // U+1ED4
    { 15, 26, 282, 2, 26, 98, 5435 }, // U+1ED5
    { 19, 31, 365, 2, 31, 148, 5533 }, // U+1ED6
    { 15, 26, 282, 2, 26, 98, 5681 }, // U+1ED7
    { 19, 33, 365, 2, 28, 157, 5779 }, // U+1ED8
    { 15, 28, 282, 2, 23, 105, 5936 }, // U+1ED9
    { 22, 28, 366, 2, 28, 154, 6041 }, // U+1EDA
    { 18, 23, 288, 2, 23, 104, 6195 }, // U+1EDB
    { 22, 28, 366, 2, 28, 154, 6299 }, // U+1EDC
    { 18, 23, 288, 2, 23, 104, 6453 }, // U+1EDD
    { 22, 30, 366, 2, 30, 165, 6557 }, // U+1EDE
    { 18, 26, 288, 2, 26, 117, 6722 }, // U+1EDF
    { 22, 28, 366, 2, 28, 154, 6839 }, // U+1EE0
    { 18, 21, 288, 2, 21, 95, 6993 }, // U+1EE1
    { 22, 27, 366, 2, 22, 149, 7088 }, // U+1EE2
    { 18, 24, 288, 2, 19, 108, 7237 }, // U+1EE3
    { 16, 26, 341, 3, 21, 104, 7345 }, // U+1EE4
    { 13, 21, 288, 2, 16, 69, 7449 }, // U+1EE5
    { 16, 29, 341, 3, 29, 116, 7518 }, // U+1EE6
    { 13, 26, 288, 2, 26, 85, 7634 }, // U+1EE7
    { 22, 28, 364, 3, 28, 154, 7719 }, // U+1EE8
    { 19, 23, 315, 2, 23, 110, 7873 }, // U+1EE9
    { 22, 28, 364, 3, 28, 154, 7983 }, // U+1EEA
    { 19, 23, 315, 2, 23, 110, 8137 }, // U+1EEB
    { 22, 29, 364, 3, 29, 160, 8247 }, // U+1EEC
    { 19, 26, 315, 2, 26, 124, 8407 }, // U+1EED
    { 22, 28, 364, 3, 28, 154, 8531 }, // U+1EEE
    { 19, 21, 315, 2, 21, 100, 8685 }, // U+1EEF
    { 22, 27, 364, 3, 22, 149, 8785 }, // U+1EF0
    { 19, 24, 315, 2, 19, 114, 8934 }, // U+1EF1
    { 17, 28, 264, 0, 28, 119, 9048 }, // U+1EF2
    { 16, 30, 238, -1, 23, 120, 9167 }, // U+1EF3
    { 17, 26, 264, 0, 21, 111, 9287 }, // U+1EF4
    { 15, 23, 238, 0, 16, 87, 9398 }, // U+1EF5
    { 18, 30, 264, 0, 30, 135, 9485 }, // U+1EF6
    { 16, 31, 238, 0, 24, 124, 9620 }, // U+1EF7
    { 17, 27, 264, 0, 27, 115, 9744 }, // U+1EF8
    { 16, 28, 238, -1, 21, 112, 9859 }, // U+1EF9
    { 0, 0, 233, 0, 0, 0, 0 }, // U+2000
    { 0, 0, 467, 0, 0, 0, 0 }, // U+2001
    { 0, 0, 233, 0, 0, 0, 0 }, // U+2002
    { 0, 0, 467, 0, 0, 0, 0 }, // U+2003
    { 0, 0, 155, 0, 0, 0, 0 }, // U+2004
    { 0, 0, 117, 0, 0, 0, 0 }, // U+2005
    { 0, 0, 78, 0, 0, 0, 0 }, // U+2006
    { 0, 0, 267, 0, 0, 0, 0 }, // U+2007
    { 0, 0, 125, 0, 0, 0, 0 }, // U+2008
    { 0, 0, 77, 0, 0, 0, 0 }, // U+2009
    { 0, 0, 47, 0, 0, 0, 0 }, // U+200A
    { 0, 0, 0, 0, 0, 0, 0 }, // U+200B
    { 0, 0, 0, 0, 0, 0, 0 }, // U+200C
    { 0, 0, 0, 0, 0, 0, 0 }, // U+200D
    { 0, 0, 0, 0, 0, 0, 0 }, // U+200E
    { 0, 0, 0, 0, 0, 0, 0 }, // U+200F
    { 7, 3, 150, 1, 10, 6, 0 }, // U+2010
    { 7, 3, 150, 1, 10, 6, 6 }, // U+2011
    { 14, 3, 267, 1, 12, 11, 12 }, // U+2012
    { 12, 3, 233, 1, 10, 9, 23 }, // U+2013
    { 27, 3, 467, 1, 10, 21, 32 }, // U+2014
    { 27, 3, 467, 1, 10, 21, 53 }, // U+2015
    { 9, 29, 257, 4, 22, 66, 74 }, // U+2016
    { 12, 6, 192, 0, -1, 18, 140 }, // U+2017
    { 5, 7, 82, 0, 21, 9, 158 }, // U+2018
    { 5, 7, 82, 0, 21, 9, 167 }, // U+2019
    { 6, 7, 117, 0, 3, 11, 176 }, // U+201A
    { 5, 7, 82, 0, 21, 9, 187 }, // U+201B
    { 11, 7, 168, 0, 21, 20, 196 }, // U+201C
    { 11, 7, 168, 0, 21, 20, 216 }, // U+201D
    { 11, 7, 194, 0, 3, 20, 236 }, // U+201E
    { 11, 7, 168, 0, 21, 20, 256 }, // U+201F
    { 12, 22, 239, 1, 22, 66, 276 }, // U+2020
    { 11, 22, 239, 2, 22, 61, 342 }, // U+2021
    { 6, 7, 175, 2, 14, 11, 403 }, // U+2022
    { 8, 10, 172, 2, 16, 20, 414 }, // U+2023
    { 4, 4, 233, 5, 4, 4, 434 }, // U+2024
    { 12, 4, 250, 2, 4, 12, 438 }, // U+2025
    { 18, 4, 369, 2, 4, 18, 450 }, // U+2026
    { 4, 4, 125, 2, 9, 4, 468 }, // U+2027
    { 0, 0, 280, 0, 0, 0, 472 }, // U+2028
    { 0, 0, 280, 0, 0, 0, 472 }, // U+2029
    { 0, 0, 0, 0, 0, 0, 472 }, // U+202A
    { 0, 0, 0, 0, 0, 0, 472 }, // U+202B
    { 0, 0, 0, 0, 0, 0, 472 }, // U+202C
    { 0, 0, 0, 0, 0, 0, 472 }, // U+202D
    { 0, 0, 0, 0, 0, 0, 472 }, // U+202E
    { 0, 0, 77, 0, 0, 0, 472 }, // U+202F
    { 32, 21, 549, 1, 21, 168, 472 }, // U+2030
    { 43, 21, 721, 1, 21, 226, 640 }, // U+2031
    { 7, 8, 108, 1, 21, 14, 866 }, // U+2032
    { 12, 8, 190, 1, 21, 24, 880 }, // U+2033
    { 17, 8, 273, 1, 21, 34, 904 }, // U+2034
    { 7, 8, 108, -1, 21, 14, 938 }, // U+2035
    { 12, 8, 205, -1, 21, 24, 952 }, // U+2036
    { 17, 8, 281, -1, 21, 34, 976 }, // U+2037
    { 12, 10, 186, 0, 3, 30, 1010 }, // U+2038
    { 7, 13, 145, 1, 14, 23, 1040 }, // U+2039
    { 7, 13, 145, 1, 14, 23, 1063 }, // U+203A
    { 21, 21, 391, 1, 21, 111, 1086 }, // U+203B
    { 11, 21, 233, 2, 21, 58, 1197 }, // U+203C
    { 13, 21, 207, 0, 21, 69, 1255 }, // U+203D
    { 15, 3, 233, 0, 25, 12, 1324 }, // U+203E
    { 18, 7, 284, 0, 0, 32, 1336 }, // U+203F
    { 18, 8, 284, 0, 25, 36, 1368 }, // U+2040
    { 11, 19, 175, 0, 12, 53, 1404 }, // U+2041
    { 33, 27, 522, 0, 22, 223, 1457 }, // U+2042
    { 7, 3, 150, 1, 10, 6, 1680 }, // U+2043
    { 16, 21, 61, -6, 21, 84, 1686 }, // U+2044
    { 7, 26, 151, 2, 21, 46, 1770 }, // U+2045
    { 7, 26, 151, 1, 21, 46, 1816 }, // U+2046
    { 25, 21, 399, -1, 21, 132, 1862 }, // U+2047
    { 18, 21, 317, -1, 21, 95, 1994 }, // U+2048
    { 17, 21, 318, 2, 21, 90, 2089 }, // U+2049
    { 14, 16, 267, 1, 16, 56, 2179 }, // U+204A
    { 15, 27, 306, 3, 22, 102, 2235 }, // U+204B
    { 15, 15, 298, 2, 16, 57, 2337 }, // U+204C
    { 15, 15, 298, 3, 16, 57, 2394 }, // U+204D
    { 14, 14, 257, 1, 7, 49, 2451 }, // U+204E
    { 6, 20, 111, 1, 16, 30, 2500 }, // U+204F
    { 18, 30, 282, 0, 23, 135, 2530 }, // U+2050
    { 14, 29, 257, 1, 22, 102, 2665 }, // U+2051
    { 11, 21, 174, 0, 21, 58, 2767 }, // U+2052
    { 25, 5, 467, 2, 11, 32, 2825 }, // U+2053
    { 18, 7, 282, 0, 0, 32, 2857 }, // U+2054
    { 15, 15, 267, 1, 15, 57, 2889 }, // U+2055
    { 12, 21, 241, 2, 21, 63, 2946 }, // U+2056
    { 22, 8, 346, 1, 21, 44, 3009 }, // U+2057
    { 21, 21, 384, 2, 21, 111, 3053 }, // U+2058
    { 21, 21, 387, 2, 21, 111, 3164 }, // U+2059
    { 3, 21, 103, 2, 21, 16, 3275 }, // U+205A
    { 16, 22, 305, 2, 22, 88, 3291 }, // U+205B
    { 21, 22, 372, 1, 22, 116, 3379 }, // U+205C
    { 4, 21, 125, 2, 21, 21, 3495 }, // U+205D
    { 4, 21, 125, 2, 21, 21, 3516 }, // U+205E
    { 0, 0, 104, 0, 0, 0, 3537 }, // U+205F
    { 0, 0, 0, 0, 0, 0, 3537 }, // U+2060
    { 0, 0, 0, 0, 0, 0, 3537 }, // U+2061
    { 0, 0, 0, 0, 0, 0, 3537 }, // U+2062
    { 0, 0, 0, 0, 0, 0, 3537 }, // U+2063
    { 0, 0, 0, 0, 0, 0, 3537 }, // U+2064
    { 0, 0, 0, 0, 0, 0, 3537 }, // U+2065
    { 0, 0, 0, 0, 0, 0, 3537 }, // U+2066
    { 0, 0, 0, 0, 0, 0, 3537 }, // U+2067
    { 0, 0, 0, 0, 0, 0, 3537 }, // U+2068
    { 0, 0, 0, 0, 0, 0, 3537 }, // U+2069
    { 0, 0, 0, 0, 0, 0, 3537 }, // U+206A
    { 0, 0, 0, 0, 0, 0, 3537 }, // U+206B
    { 0, 0, 0, 0, 0, 0, 3537 }, // U+206C
    { 0, 0, 0, 0, 0, 0, 3537 }, // U+206D
    { 0, 0, 0, 0, 0, 0, 3537 }, // U+206E
    { 0, 0, 0, 0, 0, 0, 3537 }, // U+206F
    { 10, 13, 163, 1, 25, 33, 0 }, // U+2070
    { 2, 14, 78, 2, 22, 7, 33 }, // U+2071
    { 10, 13, 163, 1, 25, 33, 40 }, // U+2074
    { 10, 13, 163, 0, 25, 33, 73 }, // U+2075
    { 10, 13, 163, 1, 25, 33, 106 }, // U+2076
    { 9, 13, 163, 1, 25, 30, 139 }, // U+2077
    { 9, 13, 163, 1, 25, 30, 169 }, // U+2078
    { 10, 13, 163, 1, 25, 33, 199 }, // U+2079
    { 8, 8, 158, 1, 21, 16, 232 }, // U+207A
    { 8, 2, 158, 1, 18, 4, 248 }, // U+207B
    { 8, 5, 158, 1, 20, 10, 252 }, // U+207C
    { 5, 16, 105, 2, 27, 20, 262 }, // U+207D
    { 6, 16, 105, 0, 27, 24, 282 }, // U+207E
    { 9, 10, 188, 2, 18, 23, 306 }, // U+207F
    { 10, 13, 163, 1, 9, 33, 329 }, // U+2080
    { 7, 13, 163, 1, 9, 23, 362 }, // U+2081
    { 9, 13, 163, 1, 9, 30, 385 }, // U+2082
    { 10, 14, 163, 0, 10, 35, 415 }, // U+2083
    { 10, 13, 163, 1, 9, 33, 450 }, // U+2084
    { 10, 13, 163, 0, 9, 33, 483 }, // U+2085
    { 10, 14, 163, 1, 10, 35, 516 }, // U+2086
    { 9, 13, 163, 1, 9, 30, 551 }, // U+2087
    { 9, 14, 163, 1, 10, 32, 581 }, // U+2088
    { 10, 14, 163, 1, 10, 35, 613 }, // U+2089
    { 8, 8, 158, 1, 6, 16, 648 }, // U+208A
    { 8, 3, 158, 1, 3, 6, 664 }, // U+208B
    { 8, 5, 158, 1, 4, 10, 670 }, // U+208C
    { 5, 16, 105, 2, 11, 20, 680 }, // U+208D
    { 6, 16, 105, 0, 11, 24, 700 }, // U+208E
    { 8, 10, 170, 1, 7, 20, 724 }, // U+2090
    { 9, 10, 171, 1, 7, 23, 744 }, // U+2091
    { 10, 10, 183, 1, 7, 25, 767 }, // U+2092
    { 10, 10, 161, 0, 7, 25, 792 }, // U+2093
    { 9, 10, 171, 1, 7, 23, 817 }, // U+2094
    { 9, 14, 188, 2, 11, 32, 840 }, // U+2095
    { 9, 14, 162, 2, 11, 32, 872 }, // U+2096
    { 3, 14, 78, 2, 11, 11, 904 }, // U+2097
    { 15, 10, 284, 2, 7, 38, 915 }, // U+2098
    { 9, 10, 188, 2, 7, 23, 953 }, // U+2099
    { 10, 14, 187, 2, 7, 35, 976 }, // U+209A
    { 7, 10, 145, 1, 7, 18, 1011 }, // U+209B
    { 7, 12, 110, 1, 9, 21, 1029 }, // U+209C
    { 15, 21, 267, 1, 21, 79, 0 }, // U+20A0
    { 15, 24, 267, 1, 22, 90, 79 }, // U+20A1
    { 14, 21, 267, 2, 21, 74, 169 }, // U+20A2
    { 14, 21, 267, 1, 21, 74, 243 }, // U+20A3
    { 15, 21, 267, 1, 21, 79, 317 }, // U+20A4
    { 23, 23, 436, 2, 20, 133, 396 }, // U+20A5
    { 16, 21, 267, 1, 21, 84, 529 }, // U+20A6
    { 20, 21, 362, 2, 21, 105, 613 }, // U+20A7
    { 21, 21, 389, 2, 21, 111, 718 }, // U+20A8
    { 19, 21, 313, 1, 21, 100, 829 }, // U+20A9
    { 19, 21, 373, 2, 21, 100, 929 }, // U+20AA
    { 16, 27, 288, 2, 22, 108, 1029 }, // U+20AB
    { 16, 21, 267, 1, 21, 84, 1137 }, // U+20AC
    { 17, 21, 267, 1, 21, 90, 1221 }, // U+20AD
    { 16, 21, 267, 1, 21, 84, 1311 }, // U+20AE
    { 27, 28, 453, 1, 21, 189, 1395 }, // U+20AF
    { 15, 28, 267, 0, 21, 105, 1584 }, // U+20B0
    { 16, 21, 267, 1, 21, 84, 1689 }, // U+20B1
    { 17, 24, 340, 2, 22, 102, 1773 }, // U+20B2
    { 19, 21, 284, 0, 21, 100, 1875 }, // U+20B3
    { 15, 21, 256, 1, 21, 79, 1975 }, // U+20B4
    { 16, 24, 295, 2, 22, 96, 2054 }, // U+20B5
    { 17, 19, 290, 1, 19, 81, 2150 }, // U+20B6
    { 20, 23, 339, 0, 21, 115, 2231 }, // U+20B7
    { 15, 21, 255, 1, 21, 79, 2346 }, // U+20B8
    { 12, 21, 267, 2, 21, 63, 2425 }, // U+20B9
    { 15, 21, 267, 1, 21, 79, 2488 }, // U+20BA
    { 22, 21, 365, 1, 21, 116, 2567 }, // U+20BB
    { 20, 21, 378, 2, 21, 105, 2683 }, // U+20BC
    { 16, 21, 272, 0, 21, 84, 2788 }, // U+20BD
    { 19, 23, 360, 2, 23, 110, 2872 }, // U+20BE
    { 13, 27, 267, 3, 24, 88, 2982 }, // U+20BF
    { 12, 20, 230, 1, 16, 60, 3070 }, // U+20C0
    { 14, 3, 267, 1, 12, 11, 0 }, // U+2212
    { 21, 23, 321, 1, 23, 121, 0 }, // U+FB00
    { 15, 23, 281, 1, 23, 87, 121 }, // U+FB01
    { 15, 22, 281, 1, 22, 83, 208 }, // U+FB02
    { 25, 23, 442, 1, 23, 144, 291 }, // U+FB03
    { 25, 22, 442, 1, 22, 138, 435 }, // U+FB04
    { 16, 23, 314, 2, 23, 92, 573 }, // U+FB05
    { 22, 22, 392, 2, 22, 121, 665 }, // U+FB06
    { 27, 27, 467, 1, 22, 183, 0 }, // U+FFFD
};


static const EpdFontGroup notosans_14_regularGroups[] = {
    { 0, 1675, 3991, 57, 1944, 0 },
    { 1675, 1078, 2670, 40, 2102, 57 },
    { 2753, 1518, 4009, 52, 1209, 97 },
    { 4271, 1176, 4070, 44, 3036, 149 },
    { 5447, 3366, 12418, 128, 762, 193 },
    { 8813, 3709, 11410, 96, 3831, 321 },
    { 12522, 1385, 4033, 50, 3905, 417 },
    { 13907, 1565, 4066, 45, 2005, 467 },
    { 15472, 248, 531, 21, 91, 512 },
    { 15720, 881, 1634, 112, 825, 533 },
    { 16601, 189, 319, 3, 84, 645 },
    { 16790, 9374, 25798, 256, 3827, 648 },
    { 26164, 2679, 10790, 90, 3819, 904 },
    { 28843, 1539, 3871, 112, 3307, 994 },
    { 30382, 586, 1290, 42, 793, 1106 },
    { 30968, 1563, 3312, 33, 2976, 1148 },
    { 32531, 10, 12, 1, 4, 1181 },
    { 32541, 246, 857, 7, 349, 1182 },
    { 32787, 121, 189, 1, 127, 1189 },
};


static const uint8_t notosans_14_regularKernLeftClassIds[] = {
      1,   2,   1,   3,   4,   5,   4,   6,   7,   8,   9,  10,  11,  12,   9,  13,
     10,  14,  10,  15,  16,  17,  18,  18,   9,  19,  20,   3,  21,  22,  23,  24,
     23,  25,  22,  22,  22,  23,  23,  26,  24,  27,  27,  28,  27,   3,  29,  30,
     31,  32,   7,   7,   7,   7,   7,   7,  11,   9,  11,  11,  11,  11,  10,  10,
     10,  10,  10,  10,  10,  17,  17,  17,  17,  19,  14,  22,  22,  22,  22,  22,
     22,  23,  23,  23,  23,  23,  33,  33,  23,  23,  23,  23,  23,  23,  23,  27,
     23,  27,   7,  22,   7,  22,  34,  22,   9,   9,   9,   9,  10,  35,  10,  11,
     23,  11,  23,  11,  23,  11,  23,  11,  23,  22,  36,  33,  37,   9,  28,  13,
     13,  13,  35,  13,  13,  22,  22,  22,  22,  10,  23,  10,  23,  10,  23,  11,
     23,  26,  26,  26,  16,  24,  16,  38,  16,  24,  17,  17,  17,  17,  17,  17,
     18,  27,  19,  27,  19,  20,  20,  20,  39,  40,  41,  42,   7,  22,  11,  23,
     10,  33,  16,  24,  43,  44,  45,  46,  46,  47,  48,  49,  50,  51,  51,  47,
     52,  53,  54,  55,  56,  48,  57,  46,  52,  56,  52,  58,  59,  49,  48,  53,
     60,  52,  57,  57,  51,  51,  58,  58,  61,  62,  63,  64,  65,  66,  67,  63,
     68,  68,  67,  68,  68,  68,  66,  68,  66,  69,  64,  70,  66,  67,  65,  68,
     68,  65,  71,  68,  71,  66,  66,  68,  66,  66,  72,  64,  69,  73,  74,  75,
     71,  71,  76,  67,  68,  70,  68,  58,  77,  78,  71,  49,  69,  54,  79,  54,
     79,  80,  66,  58,  66,  53,  77,  53,  77,  70,  70,  58,  66,  58,  66,  58,
     77,  49,  57,  65,  78,  71,  59,  66,  81,  82,  83,  84,  85,  86,  80,  63,
     85,  86,  52,  67,  52,  67,  52,  67,  57,  65,  83,  82,  66,  49,  69,  81,
     82,  87,  88,  87,  88,  85,  86,  57,  65,  57,  65,  89,  90,  89,  90,  52,
     67,  57,  65,  57,  65,  57,  65,  54,  61,  54,  61,  46,  90,  46,  90,  58,
     66,  58,  66,  52,  67,  80,  63,  68,  68,  58,  66,  58,  66,  58,  66,  58,
     66,  53,  70,  53,  70,  53,  70,  68,  81,  82,  68,  83,  84,  85,  86,  52,
     86,   7,  22,   7,  22,   7,  22,   7,  22,   7,  22,   7,  22,   7,  22,   7,
     22,   7,  22,   7,  22,   7,  22,   7,  22,  11,  23,  11,  23,  11,  23,  11,
     23,  11,  23,  11,  23,  11,  23,  11,  23,  10,  23,  10,  23,  10,  23,  10,
     23,  10,  23,  10,  23,  10,  23,  39,  40,  39,  40,  39,  40,  39,  40,  39,
     40,  17,  17,  41,  42,  41,  42,  41,  42,  41,  42,  41,  42,  19,  27,  19,
     27,  19,  27,  19,  27,   5,   5,   5,   1,   1,   4,   1,   1,   4,  30,  31,
     25,
};



static const uint16_t notosans_14_regularKernRowOffsets[] = {
        0,    30,    33,    38,    55,    62,    67,    73,    74,    76,    83,    84,    88,    94,   101,   102,
      118,   120,   131,   144,   146,   147,   148,   151,   152,   155,   160,   163,   164,   168,   174,   183,
      187,   188,   194,   201,   203,   204,   209,   215,   218,   228,   231,   232,   234,   235,   236,   249,
      274,   280,   282,   293,   308,   337,   356,   358,   362,   374,   390,   407,   425,   431,   442,   450,
      461,   473,   484,   496,   498,   502,   514,   532,   538,   542,   546,   548,   553,   555,   562,   570,
      573,   598,   605,   621,   624,   629,   631,   643,   645,   648,   651,
};

static const uint8_t notosans_14_regularKernSparseCols[] = {
      8,  12,  14,  16,  18,  20,  22,  24,  25,  30,  32,  33,  35,  39,  40,  41,
     42,  43,  45,  48,  51,  54,  55,  56,  57,  60,  62,  69,  74,  75,  12,  14,
     16,  11,  23,  38,  45,  63,   9,  12,  13,  14,  16,  35,  38,  40,  45,  46,
     56,  58,  64,  68,  69,  70,  72,  12,  35,  40,  43,  53,  56,  69,  35,  43,
     45,  46,  58,   1,   9,  11,  12,  14,  16,   4,   9,  28,   4,   8,  12,  14,
     15,  16,  17,  11,   3,   4,   7,   8,   1,   9,  12,  13,  14,  16,   2,   4,
      8,  15,  17,  28,  30,  28,   2,   4,   5,   7,   8,   9,  12,  18,  20,  22,
     24,  25,  26,  27,  28,  29,   4,   8,   4,   7,   8,   9,  18,  20,  22,  24,
     25,  28,  29,   2,   4,   7,   8,   9,  18,  20,  22,  24,  25,  27,  28,  29,
      9,  28,  11,   1,   1,  26,  27,   1,   1,   3,   4,   1,   4,  18,  20,  22,
      1,   4,   7,  20,  11,  12,  14,  16,  12,  14,  16,  35,  41,  69,  12,  14,
     15,  16,  35,  40,  43,  46,  69,  11,  12,  14,  16,   3,   1,   9,  11,  12,
     14,  16,   0,   1,   3,   7,  19,  31,  77,   3,  32,  11,   0,   1,   3,   7,
     77,   8,  10,  12,  14,  15,  16,  19,  21,  26,   8,   9,  10,  12,  14,  15,
     16,  18,  20,  22,  19,  21,  26,  32,   1,  34,   1,  38,   1,  35,  40,  46,
     56,  57,  58,  66,  68,  69,  70,  71,  77,   1,   4,   5,   6,  29,  35,  36,
     39,  41,  42,  45,  48,  49,  50,  51,  52,  53,  54,  55,  56,  57,  58,  59,
     61,  69,  28,  36,  45,  58,  64,  72,   4,  45,   1,   4,  35,  40,  46,  53,
     56,  57,  59,  69,  77,   1,   5,   6,  28,  36,  45,  46,  48,  49,  52,  56,
     57,  58,  64,  72,   1,   4,   5,   6,  28,  29,  36,  37,  39,  41,  42,  45,
     47,  48,  49,  50,  51,  52,  53,  54,  55,  58,  59,  60,  61,  64,  72,  73,
     74,   1,  29,  35,  36,  38,  40,  45,  46,  52,  56,  57,  58,  66,  68,  69,
     70,  72,  76,  77,  53,  57,   3,  53,  58,  59,   4,  38,  39,  42,  45,  46,
     51,  55,  56,  57,  58,  63,   4,  35,  39,  40,  41,  42,  43,  44,  51,  53,
     55,  59,  68,  69,  70,  74,   4,   5,   6,  28,  29,  39,  40,  41,  42,  43,
     45,  48,  51,  52,  55,  59,  74,   1,   3,   4,   6,  35,  37,  39,  40,  41,
     42,  43,  44,  47,  51,  53,  55,  59,  69,   1,  35,  40,  53,  56,  57,  35,
     40,  41,  43,  47,  51,  53,  56,  57,  58,  59,   3,  35,  40,  43,  47,  53,
     56,  57,   1,   4,   5,  39,  41,  42,  43,  51,  52,  55,  77,   1,   4,  35,
     38,  39,  42,  46,  51,  55,  56,  58,  63,  35,  40,  41,  43,  47,  51,  53,
     56,  57,  58,  59,   5,  35,  36,  40,  45,  46,  48,  52,  58,  59,  73,  77,
     35,  60,   1,  35,  52,  59,   1,   4,  39,  41,  42,  43,  48,  51,  52,  55,
     59,  77,   1,   6,  35,  40,  41,  43,  45,  46,  47,  53,  56,  57,  58,  59,
     65,  71,  73,  77,   1,  35,  38,  56,  57,  63,  35,  40,  47,  59,   1,  35,
     60,  62,  38,  63,   1,  35,  38,  56,  57,   4,  51,   1,  35,  46,  56,  68,
     69,  70,   1,  48,  56,  57,  58,  65,  71,  73,   4,  68,  70,   4,   5,  28,
     29,  35,  36,  39,  41,  42,  45,  48,  51,  53,  54,  56,  57,  58,  64,  65,
     67,  71,  72,  73,  74,  75,   4,   5,  41,  48,  51,  52,  55,   4,   5,  35,
     41,  48,  51,  53,  54,  58,  60,  64,  67,  69,  72,  73,  74,   4,  48,  51,
     56,  58,  64,  72,  73,  48,  58,   4,  41,  48,  51,  58,  60,  64,  67,  73,
     74,  75,  76,   4,  51,  35,  68,  70,   1,  53,  57,
};

static const int8_t notosans_14_regularKernSparseValues[] = {
     -33,    9,    9,    5,  -19,  -28,  -14,  -14,  -14,  -37,   33,  -14,    9,  -14,    9,  -33,
     -28,    9,   -5,  -19,  -33,    9,  -23,   14,    9,   14,   14,    9,  -28,   -9,  -28,   -9,
     -14,   42,   19,   47,  -14,   28,  -23,  -33,   -9,  -28,  -28,  -23,   28,   -9,  -19,  -37,
     -19,  -28,  -23,  -28,  -33,  -28,  -28,  -19,  -19,   -9,   -5,   -5,   -9,  -19,  -14,   -5,
      -5,   -5,   -5,  -33,   -9,   23,  -33,  -19,  -28,   -5,   -9,   -9,  -19,   -9,  -14,   -5,
      -9,   -5,   -5,   28,    9,  -28,    9,   -9,  -37,   -9,   -9,   -5,   -9,  -14,   -5,  -61,
     -23,   -9,   -5,   -9,  -14,   -5,   -9,  -28,  -19,    9,  -33,   -9,    9,  -37,  -33,  -33,
     -23,  -28,   -9,  -19,  -28,  -14,   -9,   -5,  -23,    9,  -19,   -5,   -9,   -9,   -5,   -5,
      -5,  -14,   -5,  -14,  -28,    9,  -28,   -9,  -23,  -23,  -23,  -14,  -19,   -9,  -37,  -14,
      -5,   -9,   44,   -5,   -5,   -9,   -5,    9,   28,   19,   -9,   19,  -75,   -9,   -9,   -5,
      19,  -19,    9,   -9,   23,   -9,   -5,  -14,  -14,   -5,  -14,  -14,   -5,   -5,  -28,  -14,
      -9,  -37,  -28,   -9,   -9,   -9,  -19,   47,  -19,  -14,  -19,   23,  -33,   -9,   51,  -33,
     -19,  -28,   23,   23,   42,   42,   14,   33,   33,   23,   61,   23,   33,   51,   56,   51,
      33,   -9,    9,   28,   33,   23,   28,    9,   19,   23,  -14,   -5,    9,   33,   33,   23,
      28,  -14,   -9,   -9,    9,   23,   23,   33,   -5,   -9,   19,   23,  -33,  -23,   -9,  -14,
      -9,   -9,   -9,   -9,  -19,  -28,  -23,   -9,  -14,    9,  -23,  -19,  -14,  -14,    9,   -9,
     -12,  -33,  -12,  -16,  -19,   -9,  -14,  -19,  -19,   -5,   -5,  -14,   -5,   -9,  -14,  -19,
      -9,    5,   -9,   -9,  -14,   -9,   -9,   -9,   -9,   -5,  -42,   -5,  -28,   -9,  -14,   -9,
      -9,   -9,   -9,  -14,  -28,    9,   -5,   -5,   -9,   -9,  -19,   -5,   -5,   -9,   -9,   -5,
      -5,   -9,   -9,  -23,    9,  -33,   -9,   -5,  -23,   -9,  -19,   -9,  -42,  -56,  -47,  -14,
     -14,  -23,  -19,   -5,  -47,  -28,  -14,   -9,  -23,   -9,  -23,   23,  -14,   -5,   -9,  -14,
     -23,  -33,   -5,  -33,   -9,   23,  -14,  -16,  -28,   -5,  -14,   -9,  -14,   -9,  -19,  -23,
     -28,  -23,   -5,  -19,   -5,   -5,  -12,   -5,   -7,   -5,   14,   42,   14,   19,   -5,  -12,
      14,   14,   -5,   14,   -9,   33,  -19,   -9,   -5,  -19,   -9,   -5,   -9,   -5,   -5,   -7,
      -5,   -5,   -5,   -5,   -5,   -9,  -61,   -5,   -5,   -9,   -5,  -28,   -9,  -23,  -28,   -9,
      -5,  -12,  -23,   -5,  -19,   -5,  -28,   -5,  -14,  -19,   -5,  -16,   -5,  -12,  -14,  -16,
     -14,  -19,  -14,   -5,  -12,   -7,   -7,   -5,   -9,   -5,  -19,  -19,   -9,   -5,   -5,  -28,
     -19,   -5,  -14,   -9,   -5,   -9,   -5,  -14,   -5,   -5,   -5,  -14,   -5,   -5,   -5,   -9,
      -5,   -5,   14,  -19,   -9,   -9,  -14,  -14,   -5,  -19,   -5,  -14,   19,   -5,    9,  -14,
      47,    9,   14,   -7,    9,   12,   -7,  -14,   28,  -19,  -19,   -5,   -9,   -9,   -5,   -9,
      -5,  -14,   -5,   -5,   -5,   -5,   -7,   -5,   -7,   -5,   -9,   -9,   -9,   -5,   -9,   14,
     -14,   -2,    9,   -9,   -5,   -5,    9,  -19,   -9,   -9,  -14,   -5,   -5,  -23,  -14,  -23,
     -14,   19,  -37,   -5,  -28,   -9,   -5,   -5,   -5,  -33,   -9,   -9,  -28,  -21,  -19,   -9,
      -9,  -14,   -9,  -14,   -5,  -19,   37,  -14,  -23,    9,   -9,  -14,   -5,   -9,   14,    9,
      14,    5,   14,    9,   -5,  -19,   19,  -14,  -23,  -19,   -9,  -19,  -19,  -19,   -9,  -14,
      -9,  -14,  -33,   -9,  -23,  -14,  -14,   -9,   -9,   -9,  -19,   -5,   -5,  -28,  -19,  -28,
     -14,    9,   -9,  -19,  -33,  -23,  -16,  -33,  -28,   -9,   -9,  -19,  -19,  -23,   -9,   -9,
     -23,  -19,  -23,  -33,  -23,  -37,  -23,   -9,  -14,   -5,  -19,   -5,  -14,  -23,   -9,    9,
     -28,  -19,  -23,   -9,   -9,  -23,    9,   -9,  -14,    9,   -9,  -14,  -19,  -14,   -9,  -14,
      -9,  -23,   -9,  -23,   -9,   -5,   -5,  -28,  -28,  -23,  -23,  -19,    9,   -9,  -14,  -19,
     -19,  -19,   -5,  -19,   -5,   -9,   -5,   -5,   -5,   -9,   -5,
};


static const EpdFontData notosans_14_regular = {
    notosans_14_regularBitmaps,
    notosans_14_regularGlyphs,
    epdSharedFontIntervals_6fa0a3752aab,
    27,
    40,
    32,
    -9,
    true,
    notosans_14_regularGroups,
    19,
    nullptr,
    nullptr,  // kernLeftClasses: built-in fonts use the split arrays below
    nullptr,  // kernRightClasses
    epdSharedFontKernLeftCodepoints_bb01f06b0be8,
    notosans_14_regularKernLeftClassIds,
    epdSharedFontKernRightCodepoints_108cfbcb7b27,
    epdSharedFontKernRightClassIds_fea901bfdf04,
    nullptr,  // kernMatrix: built-in fonts use the sparse form below
    notosans_14_regularKernRowOffsets,
    notosans_14_regularKernSparseCols,
    notosans_14_regularKernSparseValues,
    481,
    476,
    90,
    78,
    epdSharedFontLigaturePairs_607bf6e70845,
    5,
};
