/**
 * generated by fontconvert.py
 * name: notosans_8_regular
 * size: 8
 * mode: 1-bit
 * hinting: auto (FT_LOAD_FORCE_AUTOHINT — grid-fits stems to whole pixels)
 * Command used: fontconvert.py notosans_8_regular 8 ../builtinFonts/source/NotoSans/NotoSans-Regular.ttf
 */
#pragma once
#include "EpdFontData.h"
#include "shared_tables.h"

static const uint8_t notosans_8_regularBitmaps[13426] = {
    0xFF, 0xFF, 0x0F, 0xDE, 0xF7, 0x30, 0x09, 0x02, 0x41, 0x90, 0x64, 0x7F, 0xC4, 0x81, 0x23, 0xFE,
    0x36, 0x09, 0x82, 0x40, 0x90, 0x18, 0x18, 0x7E, 0xDA, 0xD8, 0xF8, 0x7C, 0x1E, 0x1B, 0x9E, 0xFE,
    0x18, 0x18, 0x10, 0x70, 0xC6, 0xC4, 0x36, 0x61, 0xB2, 0x0D, 0xB0, 0x6D, 0x71, 0xD6, 0xC0, 0xB3,
    0x09, 0x98, 0x4C, 0xC4, 0x6C, 0x61, 0xC0, 0x3C, 0x06, 0x60, 0x66, 0x06, 0x60, 0x3C, 0x03, 0x80,
    0x7C, 0x4C, 0x6C, 0xC3, 0xCC, 0x38, 0xE7, 0xC7, 0xC6, 0xFE, 0x36, 0x6C, 0xCC, 0xCC, 0xCC, 0xC4,
    0x62, 0x00, 0x63, 0x0C, 0x61, 0x08, 0x63, 0x18, 0x8C, 0x62, 0x31, 0x00, 0x08, 0x04, 0x12, 0x4F,
    0xE1, 0xC0, 0xB0, 0xD8, 0x00, 0x18, 0x18, 0x18, 0xFF, 0x18, 0x18, 0x18, 0x18, 0x66, 0x64, 0x0F,
    0x00, 0x38, 0x0C, 0x18, 0x20, 0xC1, 0x06, 0x0C, 0x10, 0x60, 0xC1, 0x06, 0x00, 0x3C, 0x66, 0xC3,
    0xC3, 0xC3, 0xC3, 0xC3, 0xC3, 0xC3, 0xC3, 0x66, 0x3C, 0x1C, 0xF6, 0xC3, 0x0C, 0x30, 0xC3, 0x0C,
    0x30, 0xC3, 0x7C, 0xE6, 0x03, 0x03, 0x02, 0x06, 0x0C, 0x18, 0x30, 0x60, 0xE0, 0xFF, 0x7C, 0xC6,
    0x03, 0x03, 0x06, 0x3C, 0x06, 0x03, 0x03, 0x03, 0xC6, 0xFC, 0x06, 0x07, 0x03, 0x82, 0xC3, 0x61,
    0x31, 0x19, 0x8C, 0xFF, 0x83, 0x01, 0x80, 0xC0, 0x7E, 0x40, 0xC0, 0xC0, 0xC0, 0xFC, 0x06, 0x03,
    0x03, 0x02, 0xCE, 0xFC, 0x1E, 0x30, 0x40, 0xC0, 0xFE, 0xE7, 0xC3, 0xC3, 0xC3, 0xC3, 0x66, 0x3C,
    0xFF, 0x03, 0x02, 0x06, 0x06, 0x0C, 0x0C, 0x18, 0x18, 0x10, 0x30, 0x20, 0x3C, 0x66, 0xC3, 0xC3,
    0x66, 0x3C, 0x7E, 0xC3, 0xC3, 0xC3, 0xE7, 0x7C, 0x3C, 0x66, 0xC3, 0xC3, 0xC3, 0xC7, 0x7F, 0x03,
    0x03, 0x06, 0x0C, 0x78, 0xB0, 0x03, 0x80, 0x4C, 0x00, 0x02, 0x4B, 0x00, 0x00, 0x01, 0x07, 0x1C,
    0x60, 0xE0, 0x38, 0x0F, 0x03, 0x00, 0xFF, 0x00, 0x00, 0xFF, 0x00, 0x00, 0x80, 0xE0, 0x38, 0x06,
    0x07, 0x1C, 0xF0, 0xC0, 0x00, 0x7C, 0x9C, 0x18, 0x30, 0xE3, 0x8C, 0x18, 0x20, 0x00, 0xC1, 0x00,
    0x0F, 0xC1, 0xC7, 0x18, 0x0C, 0xCF, 0x3C, 0xCD, 0xEC, 0x6F, 0x63, 0x7B, 0x1B, 0xD9, 0xDE, 0x7B,
    0x98, 0x00, 0x60, 0x81, 0xFC, 0x00, 0x00, 0x0C, 0x01, 0xC0, 0x38, 0x0D, 0x01, 0x30, 0x62, 0x0C,
    0x61, 0xFC, 0x61, 0x8C, 0x1B, 0x03, 0x60, 0x30, 0xFE, 0x63, 0xB0, 0xD8, 0x6C, 0x37, 0xF3, 0x1D,
    0x82, 0xC1, 0xE0, 0xB1, 0xDF, 0xC0, 0x1F, 0x98, 0xD8, 0x18, 0x0C, 0x06, 0x03, 0x01, 0x80, 0xC0,
    0x30, 0x1C, 0x43, 0xE0, 0xFE, 0x31, 0xCC, 0x1B, 0x06, 0xC0, 0xB0, 0x3C, 0x0F, 0x02, 0xC1, 0xB0,
    0x6C, 0x73, 0xF0, 0xFF, 0x83, 0x06, 0x0C, 0x1F, 0xB0, 0x60, 0xC1, 0x83, 0x07, 0xF0, 0xFF, 0x83,
    0x06, 0x0C, 0x18, 0x3F, 0x60, 0xC1, 0x83, 0x06, 0x00, 0x1F, 0x8E, 0x36, 0x03, 0x00, 0xC0, 0x30,
    0x0C, 0x3F, 0x03, 0xC0, 0xD8, 0x33, 0x8C, 0x7F, 0xC1, 0xE0, 0xF0, 0x78, 0x3C, 0x1F, 0xFF, 0x07,
    0x83, 0xC1, 0xE0, 0xF0, 0x78, 0x30, 0xF6, 0x66, 0x66, 0x66, 0x66, 0x6F, 0x18, 0xC6, 0x31, 0x8C,
    0x63, 0x18, 0xC6, 0x31, 0x9B, 0xC0, 0xC3, 0x63, 0x33, 0x19, 0x0D, 0x87, 0x83, 0xE1, 0x98, 0xCC,
    0x63, 0x30, 0xD8, 0x60, 0xC1, 0x83, 0x06, 0x0C, 0x18, 0x30, 0x60, 0xC1, 0x83, 0x07, 0xF0, 0xE0,
    0x7E, 0x07, 0xE0, 0x7F, 0x0F, 0xF0, 0xBD, 0x8B, 0xD9, 0xBC, 0x93, 0xCF, 0x3C, 0xF3, 0xC6, 0x3C,
    0x63, 0xC0, 0xF8, 0x3F, 0x0F, 0xC3, 0xD8, 0xF2, 0x3C, 0xCF, 0x1B, 0xC6, 0xF0, 0xFC, 0x1F, 0x07,
    0x1F, 0x0E, 0x39, 0x83, 0x60, 0x3C, 0x07, 0x80, 0xF0, 0x1E, 0x03, 0xC0, 0x6C, 0x19, 0xC7, 0x0F,
    0x80, 0xFC, 0xCE, 0xC2, 0xC3, 0xC2, 0xC6, 0xFC, 0xC0, 0xC0, 0xC0, 0xC0, 0xC0, 0x1F, 0x0E, 0x39,
    0x83, 0x60, 0x3C, 0x07, 0x80, 0xF0, 0x1E, 0x03, 0xC0, 0x6C, 0x19, 0xC7, 0x0F, 0x80, 0x30, 0x03,
    0x00, 0x30, 0xFC, 0x63, 0x30, 0x98, 0x6C, 0x26, 0x33, 0xF1, 0x98, 0xC4, 0x63, 0x30, 0xD8, 0x60,
    0x7E, 0xE6, 0xC0, 0xC0, 0xE0, 0x78, 0x1E, 0x06, 0x03, 0x03, 0xC6, 0xFC, 0xFF, 0x8C, 0x06, 0x03,
    0x01, 0x80, 0xC0, 0x60, 0x30, 0x18, 0x0C, 0x06, 0x03, 0x00, 0xC1, 0xE0, 0xF0, 0x78, 0x3C, 0x1E,
    0x0F, 0x07, 0x83, 0xC1, 0xE0, 0xD8, 0xC7, 0xC0, 0xC0, 0xF0, 0x36, 0x19, 0x86, 0x61, 0x8C, 0xC3,
    0x30, 0x48, 0x1E, 0x07, 0x80, 0xC0, 0x30, 0xC1, 0x86, 0xC3, 0x86, 0x63, 0x86, 0x62, 0xC4, 0x62,
    0xCC, 0x26, 0x4C, 0x36, 0x6C, 0x34, 0x68, 0x3C, 0x78, 0x1C, 0x38, 0x18, 0x38, 0x18, 0x30, 0x41,
    0x98, 0x63, 0x30, 0xC8, 0x1E, 0x03, 0x01, 0xC0, 0x78, 0x33, 0x08, 0xC6, 0x1B, 0x02, 0xC1, 0x98,
    0x66, 0x30, 0xCC, 0x36, 0x07, 0x81, 0xC0, 0x30, 0x0C, 0x03, 0x00, 0xC0, 0x30, 0xFF, 0x03, 0x06,
    0x06, 0x0C, 0x18, 0x18, 0x30, 0x60, 0x60, 0xC0, 0xFF, 0xFC, 0xCC, 0xCC, 0xCC, 0xCC, 0xCC, 0xCF,
    0x00, 0xC0, 0x81, 0x83, 0x02, 0x06, 0x0C, 0x08, 0x18, 0x10, 0x30, 0x60, 0x78, 0xC6, 0x31, 0x8C,
    0x63, 0x18, 0xC6, 0x31, 0xBC, 0x00, 0x08, 0x06, 0x07, 0x02, 0xC3, 0x21, 0x19, 0x84, 0x83, 0x01,
    0xFC, 0x00, 0x43, 0x0C, 0x7C, 0x66, 0x03, 0x03, 0x7F, 0xE3, 0xC3, 0xCF, 0x7B, 0xC0, 0xC0, 0xC0,
    0xFC, 0xE6, 0xC3, 0xC3, 0xC3, 0xC3, 0xC3, 0xE6, 0xBC, 0x3C, 0xCB, 0x06, 0x0C, 0x18, 0x30, 0x30,
    0x3C, 0x03, 0x03, 0x03, 0x3F, 0x67, 0xC3, 0xC3, 0xC3, 0xC3, 0xC3, 0x67, 0x3D, 0x3C, 0x66, 0xC2,
    0xC3, 0xFF, 0xC0, 0xC0, 0x62, 0x3E, 0x1C, 0x60, 0xC3, 0xE3, 0x06, 0x0C, 0x18, 0x30, 0x60, 0xC1,
    0x80, 0x3D, 0x67, 0xC3, 0xC3, 0xC3, 0xC3, 0xC3, 0x67, 0x3F, 0x03, 0x03, 0x46, 0x7C, 0xC0, 0xC0,
    0xC0, 0xFC, 0xE6, 0xC3, 0xC3, 0xC3, 0xC3, 0xC3, 0xC3, 0xC3, 0xA3, 0xFF, 0xFF, 0x10, 0x80, 0x31,
    0x8C, 0x63, 0x18, 0xC6, 0x31, 0x8C, 0xDE, 0xC0, 0xC0, 0xC0, 0xC6, 0xCC, 0xD8, 0xF0, 0xF0, 0xD8,
    0xCC, 0xCC, 0xC6, 0xFF, 0xFF, 0xFF, 0xBC, 0xF7, 0x39, 0xB1, 0x87, 0x8C, 0x3C, 0x61, 0xE3, 0x0F,
    0x18, 0x78, 0xC3, 0xC6, 0x18, 0xBC, 0xE6, 0xC3, 0xC3, 0xC3, 0xC3, 0xC3, 0xC3, 0xC3, 0x3E, 0x33,
    0xB0, 0xD8, 0x3C, 0x1E, 0x0F, 0x0C, 0xCE, 0x3E, 0x00, 0xBC, 0xE6, 0xC3, 0xC3, 0xC3, 0xC3, 0xC3,
    0xE6, 0xFC, 0xC0, 0xC0, 0xC0, 0xC0, 0x3D, 0x67, 0xC3, 0xC3, 0xC3, 0xC3, 0xC3, 0x67, 0x3F, 0x03,
    0x03, 0x03, 0x03, 0xBB, 0x8C, 0x30, 0xC3, 0x0C, 0x30, 0xC0, 0x7D, 0x8B, 0x07, 0x03, 0x81, 0x81,
    0xC6, 0xF8, 0x30, 0xC7, 0xCC, 0x30, 0xC3, 0x0C, 0x30, 0xC1, 0xC0, 0xC3, 0xC3, 0xC3, 0xC3, 0xC3,
    0xC3, 0xC3, 0xE7, 0x7B, 0xC1, 0x61, 0x98, 0xCC, 0x42, 0x61, 0xA0, 0xF0, 0x38, 0x18, 0x00, 0xC7,
    0x1E, 0x38, 0xD1, 0xC4, 0xCB, 0x66, 0xDB, 0x16, 0x58, 0xE3, 0x87, 0x1C, 0x38, 0xE0, 0x63, 0x31,
    0x0D, 0x83, 0x81, 0xC0, 0xE0, 0xD8, 0xC6, 0x43, 0x00, 0x61, 0x98, 0x62, 0x10, 0xCC, 0x13, 0x06,
    0x81, 0xE0, 0x38, 0x0C, 0x03, 0x00, 0x80, 0x60, 0x70, 0x00, 0xFC, 0x31, 0x84, 0x30, 0x84, 0x30,
    0xFC, 0x1C, 0xC3, 0x0C, 0x30, 0xC6, 0x30, 0x60, 0xC3, 0x0C, 0x30, 0x70, 0x00, 0xFF, 0xFF, 0xFF,
    0xFF, 0xC1, 0x83, 0x0C, 0x30, 0xC3, 0x07, 0x30, 0xC3, 0x0C, 0x63, 0x80, 0x00, 0xF1, 0x9F, 0x00,
    0xF0, 0xFF, 0xFF, 0x18, 0x79, 0x96, 0x0C, 0x18, 0x30, 0x60, 0xE0, 0xFC, 0x60, 0xC0, 0x1E, 0x33,
    0x60, 0x60, 0x60, 0x60, 0xFE, 0x60, 0x60, 0x60, 0x60, 0xFF, 0x00, 0x7F, 0x76, 0x62, 0x63, 0x66,
    0x7F, 0x40, 0x61, 0x98, 0x63, 0x30, 0x4C, 0x1A, 0x03, 0x83, 0xF0, 0x30, 0x0C, 0x0F, 0xC0, 0xC0,
    0x30, 0xFF, 0xF0, 0x0F, 0xFF, 0x3E, 0x62, 0x60, 0x38, 0x7E, 0x63, 0x63, 0x3E, 0x0E, 0x03, 0x46,
    0x7C, 0x06, 0xC0, 0x1F, 0x81, 0xC7, 0x1B, 0xD9, 0x9A, 0x6D, 0x81, 0x6C, 0x0F, 0x60, 0x7B, 0x02,
    0xD8, 0x33, 0x79, 0x8C, 0x38, 0x3F, 0x00, 0x00, 0x00, 0x78, 0x7F, 0x1F, 0x80, 0x12, 0x36, 0x6C,
    0xC8, 0x4C, 0x66, 0x32, 0x00, 0x00, 0x7F, 0xC0, 0x60, 0x30, 0x18, 0x00, 0x0F, 0x00, 0x1F, 0x81,
    0xC7, 0x1F, 0xD9, 0xB6, 0x6D, 0x99, 0x6C, 0x8F, 0x7C, 0x7B, 0x62, 0xD9, 0x33, 0x4D, 0x8C, 0x38,
    0x3F, 0x00, 0x00, 0x00, 0x00, 0xFF, 0x00, 0x7B, 0x6C, 0xF2, 0x78, 0x00, 0x18, 0x18, 0x18, 0x18,
    0xFF, 0x18, 0x18, 0x18, 0x00, 0xFF, 0x74, 0xC2, 0x22, 0x23, 0xE0, 0x38, 0x98, 0x31, 0xC0, 0xC1,
    0x9E, 0x00, 0x31, 0x10, 0xC3, 0xC3, 0xC3, 0xC3, 0xC3, 0xC3, 0xC3, 0xE7, 0xFB, 0xC0, 0xC0, 0xC0,
    0xC0, 0x3F, 0xBF, 0xDF, 0xFF, 0xFF, 0xFF, 0xFD, 0xFE, 0xFF, 0x07, 0x83, 0xC1, 0xE0, 0xF0, 0x78,
    0x3C, 0x12, 0x38, 0x01, 0x0C, 0x37, 0x00, 0x33, 0x84, 0x21, 0x08, 0x40, 0x74, 0x63, 0x17, 0x00,
    0x08, 0x4C, 0x66, 0x32, 0x26, 0x6C, 0xC8, 0x00, 0x38, 0x63, 0xC6, 0x06, 0x20, 0x33, 0x01, 0x90,
    0x0D, 0x98, 0x79, 0xC0, 0x96, 0x0D, 0xB0, 0x4F, 0xC6, 0x0C, 0x20, 0x60, 0x38, 0x43, 0xC6, 0x06,
    0x20, 0x33, 0x01, 0x90, 0x0D, 0x38, 0x78, 0x60, 0x83, 0x0C, 0x10, 0x41, 0x04, 0x10, 0x61, 0xF0,
    0x00, 0x00, 0x78, 0x21, 0x31, 0x80, 0x8C, 0x1E, 0x20, 0x19, 0x80, 0x34, 0xCF, 0xA7, 0x01, 0x9C,
    0x04, 0xB0, 0x37, 0xE0, 0x83, 0x04, 0x0C, 0x10, 0x30, 0x00, 0x81, 0x86, 0x1C, 0x60, 0xC1, 0x83,
    0x13, 0xE0, 0x00, 0x08, 0x01, 0x80, 0x10, 0x00, 0x00, 0xC0, 0x1C, 0x03, 0x80, 0xD0, 0x13, 0x06,
    0x20, 0xC6, 0x1F, 0xC6, 0x18, 0xC1, 0xB0, 0x36, 0x03, 0x02, 0x00, 0xC0, 0x10, 0x00, 0x00, 0xC0,
    0x1C, 0x03, 0x80, 0xD0, 0x13, 0x06, 0x20, 0xC6, 0x1F, 0xC6, 0x18, 0xC1, 0xB0, 0x36, 0x03, 0x04,
    0x01, 0xC0, 0x4C, 0x00, 0x00, 0xC0, 0x1C, 0x03, 0x80, 0xD0, 0x13, 0x06, 0x20, 0xC6, 0x1F, 0xC6,
    0x18, 0xC1, 0xB0, 0x36, 0x03, 0x1D, 0x06, 0xE0, 0x00, 0x06, 0x00, 0xE0, 0x1C, 0x06, 0x80, 0x98,
    0x31, 0x06, 0x30, 0xFE, 0x30, 0xC6, 0x0D, 0x81, 0xB0, 0x18, 0x1B, 0x00, 0x00, 0x00, 0x06, 0x00,
    0xE0, 0x1C, 0x06, 0x80, 0x98, 0x33, 0x06, 0x20, 0xFE, 0x30, 0xC6, 0x0C, 0x81, 0xB0, 0x10, 0x06,
    0x00, 0xF0, 0x0F, 0x00, 0xF0, 0x06, 0x00, 0xF0, 0x0F, 0x00, 0x90, 0x19, 0x81, 0x08, 0x3F, 0xC3,
    0x0C, 0x60, 0x66, 0x06, 0x40, 0x20, 0x03, 0xFC, 0x1B, 0x00, 0x6C, 0x03, 0x30, 0x0C, 0xC0, 0x63,
    0xF1, 0x8C, 0x07, 0xF0, 0x30, 0xC0, 0x83, 0x06, 0x0C, 0x10, 0x3F, 0x1F, 0x98, 0xD8, 0x18, 0x0C,
    0x06, 0x03, 0x01, 0x80, 0xC0, 0x30, 0x1C, 0x43, 0xE0, 0xC0, 0x30, 0x18, 0x38, 0x20, 0x60, 0x40,
    0x0F, 0xF8, 0x30, 0x60, 0xC1, 0xFB, 0x06, 0x0C, 0x18, 0x30, 0x7F, 0x0C, 0x30, 0x40, 0x0F, 0xF8,
    0x30, 0x60, 0xC1, 0xFB, 0x06, 0x0C, 0x18, 0x30, 0x7F, 0x10, 0x71, 0x30, 0x0F, 0xF8, 0x30, 0x60,
    0xC1, 0xFB, 0x06, 0x0C, 0x18, 0x30, 0x7F, 0x6C, 0x00, 0x07, 0xFC, 0x18, 0x30, 0x60, 0xFF, 0x83,
    0x06, 0x0C, 0x18, 0x3F, 0x80, 0xC6, 0x20, 0xF6, 0x66, 0x66, 0x66, 0x66, 0x6F, 0x11, 0x88, 0x0F,
    0x31, 0x8C, 0x63, 0x18, 0xC6, 0x31, 0x9E, 0x10, 0xE4, 0xC0, 0x78, 0xC3, 0x0C, 0x30, 0xC3, 0x0C,
    0x30, 0xC3, 0x1E, 0xD8, 0x01, 0xF6, 0x31, 0x8C, 0x63, 0x18, 0xC6, 0x33, 0xE0, 0x7F, 0x0C, 0x71,
    0x83, 0x30, 0x66, 0x04, 0xC0, 0xFF, 0x1B, 0x02, 0x60, 0xCC, 0x19, 0x8E, 0x3F, 0x00, 0x39, 0x0B,
    0x80, 0x03, 0x03, 0xE0, 0xFC, 0x3F, 0x0F, 0x63, 0xC8, 0xF3, 0x3C, 0x6F, 0x1B, 0xC3, 0xF0, 0x7C,
    0x1C, 0x08, 0x01, 0x80, 0x18, 0x00, 0x01, 0xF0, 0xE3, 0x98, 0x36, 0x03, 0xC0, 0x78, 0x0F, 0x01,
    0xE0, 0x3C, 0x06, 0xC1, 0x9C, 0x70, 0xF8, 0x03, 0x00, 0xC0, 0x10, 0x00, 0x01, 0xF0, 0xE3, 0x98,
    0x36, 0x03, 0xC0, 0x78, 0x0F, 0x01, 0xE0, 0x3C, 0x06, 0xC1, 0x9C, 0x70, 0xF8, 0x04, 0x01, 0xC0,
    0x6C, 0x00, 0x01, 0xF0, 0xE3, 0x98, 0x36, 0x03, 0xC0, 0x78, 0x0F, 0x01, 0xE0, 0x3C, 0x06, 0xC1,
    0x9C, 0x70, 0xF8, 0x1D, 0x86, 0xE0, 0x00, 0x0F, 0x87, 0x1C, 0xC1, 0xB0, 0x1E, 0x03, 0xC0, 0x78,
    0x0F, 0x01, 0xE0, 0x36, 0x0C, 0xE3, 0x87, 0xC0, 0x1B, 0x00, 0x00, 0x00, 0x0F, 0x87, 0x1C, 0xC1,
    0xB0, 0x1E, 0x03, 0xC0, 0x78, 0x0F, 0x01, 0xE0, 0x36, 0x0C, 0xE3, 0x87, 0xC0, 0x00, 0xC2, 0x64,
    0x38, 0x38, 0x6C, 0xC6, 0x02, 0x00, 0x03, 0xF9, 0xC7, 0x30, 0xEC, 0x37, 0x84, 0xF1, 0x9E, 0x63,
    0xD8, 0x7A, 0x0D, 0xC3, 0x38, 0xE7, 0xF0, 0x00, 0x00, 0x10, 0x0C, 0x03, 0x00, 0x0C, 0x1E, 0x0F,
    0x07, 0x83, 0xC1, 0xE0, 0xF0, 0x78, 0x3C, 0x1E, 0x0D, 0x8C, 0x7C, 0x06, 0x06, 0x02, 0x00, 0x0C,
    0x1E, 0x0F, 0x07, 0x83, 0xC1, 0xE0, 0xF0, 0x78, 0x3C, 0x1E, 0x0D, 0x8C, 0x7C, 0x08, 0x0E, 0x0D,
    0x80, 0x0C, 0x1E, 0x0F, 0x07, 0x83, 0xC1, 0xE0, 0xF0, 0x78, 0x3C, 0x1E, 0x0D, 0x8C, 0x7C, 0x36,
    0x00, 0x00, 0x18, 0x3C, 0x1E, 0x0F, 0x07, 0x83, 0xC1, 0xE0, 0xF0, 0x78, 0x3C, 0x1B, 0x18, 0xF8,
    0x02, 0x01, 0x80, 0xC0, 0x00, 0xC1, 0x98, 0x66, 0x30, 0xCC, 0x36, 0x07, 0x81, 0xC0, 0x30, 0x0C,
    0x03, 0x00, 0xC0, 0x30, 0xC0, 0xC0, 0xFC, 0xCE, 0xC3, 0xC3, 0xC2, 0xC6, 0xFC, 0xC0, 0xC0, 0xC0,
    0x7E, 0x73, 0x30, 0xD8, 0xCC, 0xC6, 0x43, 0x31, 0x8E, 0xC3, 0x60, 0xF4, 0xDB, 0xE0, 0x30, 0x18,
    0x00, 0x7C, 0x66, 0x03, 0x03, 0x7F, 0xE3, 0xC3, 0xCF, 0x7B, 0x0C, 0x18, 0x00, 0x7C, 0x66, 0x03,
    0x03, 0x7F, 0xE3, 0xC3, 0xCF, 0x7B, 0x18, 0x24, 0x00, 0x7C, 0x66, 0x03, 0x03, 0x7F, 0xE3, 0xC3,
    0xCF, 0x7B, 0x72, 0x5E, 0x00, 0x7C, 0x66, 0x03, 0x03, 0x7F, 0xE3, 0xC3, 0xCF, 0x7B, 0x2C, 0x00,
    0x00, 0x7C, 0x66, 0x03, 0x03, 0x7F, 0xE3, 0xC3, 0xCF, 0x7B, 0x18, 0x3C, 0x3C, 0x3C, 0x00, 0x7C,
    0x66, 0x03, 0x03, 0x7F, 0xE3, 0xC3, 0xCF, 0x7B, 0x7D, 0xE3, 0x79, 0x81, 0x84, 0x0C, 0x37, 0xFF,
    0xF3, 0x03, 0x18, 0x19, 0xE2, 0x79, 0xF0, 0x3C, 0xCB, 0x06, 0x0C, 0x18, 0x30, 0x30, 0x3C, 0x20,
    0x60, 0x63, 0x80, 0x30, 0x18, 0x00, 0x3C, 0x66, 0xC2, 0xC3, 0xFF, 0xC0, 0xC0, 0x62, 0x3E, 0x0C,
    0x18, 0x00, 0x3C, 0x66, 0xC2, 0xC3, 0xFF, 0xC0, 0xC0, 0x62, 0x3E, 0x38, 0x6C, 0x00, 0x3C, 0x66,
    0xC2, 0xC3, 0xFF, 0xC0, 0xC0, 0x62, 0x3E, 0x6C, 0x00, 0x00, 0x3C, 0x66, 0xC2, 0xC3, 0xFF, 0xC0,
    0xC0, 0x62, 0x3E, 0x63, 0x03, 0x33, 0x33, 0x33, 0x33, 0x33, 0x00, 0xC6, 0x31, 0x8C, 0x63, 0x18,
    0xC0, 0x38, 0xD8, 0x00, 0xC1, 0x83, 0x06, 0x0C, 0x18, 0x30, 0x60, 0xC0, 0xD8, 0x00, 0xC6, 0x31,
    0x8C, 0x63, 0x18, 0xC0, 0x12, 0x0F, 0x07, 0x06, 0xC0, 0x31, 0xF9, 0x9D, 0x83, 0xC1, 0xE0, 0xF0,
    0x4C, 0xE3, 0xE0, 0x72, 0x5C, 0x00, 0xBC, 0xE6, 0xC3, 0xC3, 0xC3, 0xC3, 0xC3, 0xC3, 0xC3, 0x30,
    0x0C, 0x00, 0x07, 0xC6, 0x76, 0x1B, 0x07, 0x83, 0xC1, 0xE1, 0x99, 0xC7, 0xC0, 0x06, 0x04, 0x00,
    0x07, 0xC6, 0x76, 0x1B, 0x07, 0x83, 0xC1, 0xE1, 0x99, 0xC7, 0xC0, 0x1C, 0x1B, 0x00, 0x07, 0xC6,
    0x76, 0x1B, 0x07, 0x83, 0xC1, 0xE1, 0x99, 0xC7, 0xC0, 0x3A, 0x37, 0x00, 0x07, 0xC6, 0x76, 0x1B,
    0x07, 0x83, 0xC1, 0xE1, 0x99, 0xC7, 0xC0, 0x36, 0x00, 0x00, 0x07, 0xC6, 0x76, 0x1B, 0x07, 0x83,
    0xC1, 0xE1, 0x99, 0xC7, 0xC0, 0x10, 0x10, 0x00, 0x00, 0xFF, 0x00, 0x10, 0x10, 0x00, 0x1F, 0x99,
    0xD8, 0xEC, 0xDE, 0xCF, 0x47, 0xE6, 0x67, 0x7F, 0x00, 0x00, 0x30, 0x18, 0x00, 0xC3, 0xC3, 0xC3,
    0xC3, 0xC3, 0xC3, 0xC3, 0xE7, 0x7B, 0x0C, 0x18, 0x00, 0xC3, 0xC3, 0xC3, 0xC3, 0xC3, 0xC3, 0xC3,
    0xE7, 0x7B, 0x38, 0x6C, 0x00, 0xC3, 0xC3, 0xC3, 0xC3, 0xC3, 0xC3, 0xC3, 0xE7, 0x7B, 0x2C, 0x00,
    0x00, 0xC3, 0xC3, 0xC3, 0xC3, 0xC3, 0xC3, 0xC3, 0xE7, 0x7B, 0x06, 0x03, 0x00, 0x01, 0x86, 0x61,
    0x88, 0x43, 0x30, 0x4C, 0x1A, 0x07, 0x80, 0xE0, 0x30, 0x0C, 0x02, 0x01, 0x81, 0xC0, 0xC0, 0xC0,
    0xC0, 0xFC, 0xE6, 0xC3, 0xC3, 0xC3, 0xC3, 0xC3, 0xE6, 0xFC, 0xC0, 0xC0, 0xC0, 0xC0, 0x36, 0x00,
    0x00, 0x18, 0x24, 0x33, 0x18, 0x88, 0x4C, 0x36, 0x0E, 0x07, 0x03, 0x01, 0x80, 0xC0, 0xC1, 0xC0,
    0x1F, 0x00, 0x00, 0x18, 0x07, 0x00, 0xE0, 0x36, 0x06, 0xC0, 0x88, 0x31, 0x87, 0xF1, 0x83, 0x30,
    0x64, 0x05, 0x80, 0xC0, 0x7C, 0x00, 0x7C, 0x66, 0x03, 0x03, 0x7F, 0xE3, 0xC3, 0xCF, 0x7B, 0x11,
    0x03, 0xE0, 0x00, 0x03, 0x00, 0xE0, 0x1C, 0x06, 0xC0, 0xD8, 0x11, 0x06, 0x30, 0xFE, 0x10, 0x66,
    0x0C, 0x80, 0xB0, 0x18, 0x66, 0x3C, 0x00, 0x7C, 0x66, 0x03, 0x03, 0x7F, 0xC3, 0xC3, 0xC7, 0x7B,
    0x0C, 0x00, 0xE0, 0x0E, 0x01, 0xB0, 0x1B, 0x01, 0x10, 0x31, 0x83, 0xF8, 0x60, 0xC6, 0x0C, 0x40,
    0x6C, 0x06, 0x00, 0x40, 0x0C, 0x00, 0xC0, 0x0E, 0x7C, 0x66, 0x03, 0x03, 0x7F, 0xE3, 0xC3, 0xCF,
    0x7B, 0x02, 0x06, 0x06, 0x07, 0x02, 0x03, 0x01, 0x00, 0x01, 0xF9, 0x8D, 0x81, 0x80, 0xC0, 0x60,
    0x30, 0x18, 0x0C, 0x03, 0x01, 0xC4, 0x3E, 0x0C, 0x30, 0x01, 0xE6, 0x58, 0x30, 0x60, 0xC1, 0x81,
    0x81, 0xE0, 0x04, 0x07, 0x04, 0xC0, 0x01, 0xF9, 0x8D, 0x81, 0x80, 0xC0, 0x60, 0x30, 0x18, 0x0C,
    0x03, 0x01, 0xC4, 0x3E, 0x18, 0xD8, 0x01, 0xE6, 0x58, 0x30, 0x60, 0xC1, 0x81, 0x81, 0xE0, 0x04,
    0x02, 0x00, 0x03, 0xF3, 0x1B, 0x03, 0x01, 0x80, 0xC0, 0x60, 0x30, 0x18, 0x06, 0x03, 0x88, 0x7C,
    0x10, 0x20, 0x01, 0xE6, 0x58, 0x30, 0x60, 0xC1, 0x81, 0x81, 0xE0, 0x01, 0x0D, 0x03, 0x00, 0x01,
    0xF9, 0x8D, 0x81, 0x80, 0xC0, 0x60, 0x30, 0x18, 0x0C, 0x03, 0x01, 0xC4, 0x3E, 0x64, 0x70, 0x01,
    0xE6, 0x58, 0x30, 0x60, 0xC1, 0x81, 0x81, 0xE0, 0x22, 0x0D, 0x81, 0xC0, 0x00, 0xFE, 0x31, 0xCC,
    0x1B, 0x06, 0xC0, 0xB0, 0x3C, 0x0F, 0x02, 0xC1, 0xB0, 0x6C, 0x73, 0xF0, 0x03, 0x60, 0x68, 0x0D,
    0x1F, 0x86, 0x71, 0x86, 0x30, 0xC6, 0x18, 0xC3, 0x18, 0x61, 0x9C, 0x1E, 0x80, 0x7F, 0x0C, 0x71,
    0x83, 0x30, 0x66, 0x04, 0xC0, 0xFF, 0x1B, 0x02, 0x60, 0xCC, 0x19, 0x8E, 0x3F, 0x00, 0x03, 0x0F,
    0xC0, 0xC7, 0xE6, 0x76, 0x1B, 0x0D, 0x86, 0xC3, 0x61, 0x99, 0xC7, 0xA0, 0x7C, 0x03, 0xFE, 0x0C,
    0x18, 0x30, 0x7F, 0xC1, 0x83, 0x06, 0x0C, 0x1F, 0xC0, 0x7C, 0x00, 0x3C, 0x66, 0xC2, 0xC3, 0xFF,
    0xC0, 0xC0, 0x62, 0x3E, 0x44, 0xF0, 0x07, 0xFC, 0x18, 0x30, 0x60, 0xFD, 0x83, 0x06, 0x0C, 0x18,
    0x3F, 0x80, 0x44, 0x3C, 0x00, 0x3C, 0x66, 0xC2, 0xC3, 0xFF, 0xC0, 0xC0, 0x62, 0x3E, 0x10, 0x20,
    0x07, 0xEC, 0x18, 0x30, 0x60, 0xFD, 0x83, 0x06, 0x0C, 0x18, 0x3F, 0x00, 0x10, 0x10, 0x00, 0x3C,
    0x66, 0xC2, 0xC3, 0xFF, 0xC0, 0xC0, 0x62, 0x3E, 0xFF, 0x83, 0x06, 0x0C, 0x18, 0x3F, 0x60, 0xC1,
    0x83, 0x07, 0xF0, 0xC1, 0x06, 0x07, 0x3C, 0x66, 0xC2, 0xC3, 0xFF, 0xC0, 0xC0, 0x62, 0x3E, 0x04,
    0x0C, 0x0C, 0x0E, 0x44, 0xD8, 0xE0, 0x0F, 0xF8, 0x30, 0x60, 0xC1, 0xFB, 0x06, 0x0C, 0x18, 0x30,
    0x7F, 0x64, 0x38, 0x00, 0x3C, 0x66, 0xC2, 0xC3, 0xFF, 0xC0, 0xC0, 0x62, 0x3E, 0x04, 0x03, 0x81,
    0x90, 0x00, 0x1F, 0x8E, 0x36, 0x03, 0x00, 0xC0, 0x30, 0x0C, 0x3F, 0x03, 0xC0, 0xD8, 0x33, 0x8C,
    0x7F, 0x18, 0x24, 0x00, 0x3D, 0x67, 0xC3, 0xC3, 0xC3, 0xC3, 0xC3, 0x67, 0x3F, 0x03, 0x03, 0x46,
    0x7C, 0x10, 0x06, 0x40, 0xF0, 0x00, 0x1F, 0x8E, 0x36, 0x03, 0x00, 0xC0, 0x30, 0x0C, 0x3F, 0x03,
    0xC0, 0xD8, 0x33, 0x8C, 0x7F, 0x66, 0x3C, 0x00, 0x3D, 0x67, 0xC3, 0xC3, 0xC3, 0xC3, 0xC3, 0x67,
    0x3F, 0x03, 0x03, 0x46, 0x7C, 0x04, 0x01, 0x00, 0x00, 0x7E, 0x38, 0xD8, 0x0C, 0x03, 0x00, 0xC0,
    0x30, 0xFC, 0x0F, 0x03, 0x60, 0xCE, 0x31, 0xFC, 0x08, 0x08, 0x00, 0x3D, 0x67, 0xC3, 0xC3, 0xC3,
    0xC3, 0xC3, 0x67, 0x3F, 0x03, 0x03, 0x46, 0x7C, 0x1F, 0x8E, 0x36, 0x03, 0x00, 0xC0, 0x30, 0x0C,
    0x3F, 0x03, 0xC0, 0xD8, 0x33, 0x8C, 0x7F, 0x00, 0x01, 0x80, 0x40, 0x10, 0x08, 0x18, 0x18, 0x3D,
    0x67, 0xC3, 0xC3, 0xC3, 0xC3, 0xC3, 0x67, 0x3F, 0x03, 0x03, 0x46, 0x7C, 0x08, 0x0E, 0x0D, 0x80,
    0x0C, 0x1E, 0x0F, 0x07, 0x83, 0xC1, 0xFF, 0xF0, 0x78, 0x3C, 0x1E, 0x0F, 0x07, 0x83, 0x10, 0x07,
    0x01, 0xB0, 0x20, 0x00, 0x00, 0x30, 0x06, 0x00, 0xC0, 0x1F, 0x83, 0x98, 0x61, 0x8C, 0x31, 0x86,
    0x30, 0xC6, 0x18, 0xC3, 0x18, 0x60, 0x60, 0x66, 0x06, 0xFF, 0xF6, 0x06, 0x60, 0x67, 0xFE, 0x60,
    0x66, 0x06, 0x60, 0x66, 0x06, 0x60, 0x66, 0x06, 0x60, 0x7E, 0x18, 0x0D, 0xE7, 0x3B, 0x0D, 0x86,
    0xC3, 0x61, 0xB0, 0xD8, 0x6C, 0x30, 0x66, 0xF0, 0x1E, 0x30, 0xC3, 0x0C, 0x30, 0xC3, 0x0C, 0x30,
    0xC7, 0x80, 0x72, 0xB8, 0x00, 0xC1, 0x83, 0x06, 0x0C, 0x18, 0x30, 0x60, 0xC0, 0xF8, 0x3C, 0xC6,
    0x31, 0x8C, 0x63, 0x18, 0xC6, 0x78, 0xF8, 0x18, 0xC6, 0x31, 0x8C, 0x63, 0x18, 0xC9, 0xE0, 0x1E,
    0x30, 0xC3, 0x0C, 0x30, 0xC3, 0x0C, 0x30, 0xC7, 0x80, 0x89, 0xE0, 0x0C, 0x30, 0xC3, 0x0C, 0x30,
    0xC3, 0x0C, 0xF6, 0x66, 0x66, 0x66, 0x66, 0x6F, 0x32, 0x63, 0x48, 0x36, 0xDB, 0x6D, 0xB5, 0xB7,
    0x22, 0x0F, 0x66, 0x66, 0x66, 0x66, 0x66, 0xF0, 0xFF, 0xFF, 0xC0, 0xF3, 0x63, 0x63, 0x63, 0x63,
    0x63, 0x63, 0x63, 0x63, 0x63, 0x63, 0xF3, 0x03, 0x03, 0x1E, 0x00, 0x86, 0x10, 0x33, 0xCF, 0x3C,
    0xF3, 0xCF, 0x3C, 0xF3, 0x0C, 0x30, 0xCE, 0x18, 0x79, 0x90, 0x01, 0x83, 0x06, 0x0C, 0x18, 0x30,
    0x60, 0xC1, 0x83, 0x06, 0x0C, 0x18, 0x63, 0xC0, 0x00, 0x38, 0xD8, 0x00, 0xC1, 0x83, 0x06, 0x0C,
    0x18, 0x30, 0x60, 0xC1, 0x83, 0x0C, 0x78, 0xC3, 0x63, 0x33, 0x19, 0x0D, 0x87, 0x83, 0xE1, 0x98,
    0xCC, 0x63, 0x30, 0xD8, 0x60, 0x00, 0xC0, 0x60, 0x20, 0xC0, 0xC0, 0xC0, 0xC6, 0xCC, 0xD8, 0xF0,
    0xF0, 0xD8, 0xCC, 0xCC, 0xC6, 0x00, 0x10, 0x30, 0x20, 0xC6, 0xCC, 0xD8, 0xF0, 0xF0, 0xD8, 0xCC,
    0xCC, 0xC6, 0x10, 0x30, 0x60, 0x00, 0x60, 0x60, 0x60, 0x60, 0x60, 0x60, 0x60, 0x60, 0x60, 0x60,
    0x60, 0x7F, 0x11, 0x98, 0x80, 0x31, 0x8C, 0x63, 0x18, 0xC6, 0x31, 0x8C, 0x60, 0xC1, 0x83, 0x06,
    0x0C, 0x18, 0x30, 0x60, 0xC1, 0x83, 0x07, 0xF0, 0x02, 0x04, 0x18, 0x6D, 0xB6, 0xDB, 0x6D, 0xB0,
    0xD2, 0xC7, 0x8B, 0x16, 0x0C, 0x18, 0x30, 0x60, 0xC1, 0x83, 0x07, 0xF0, 0xD7, 0xB9, 0x8C, 0x63,
    0x18, 0xC6, 0x31, 0x80, 0xC1, 0x83, 0x06, 0x0C, 0x19, 0x32, 0x60, 0xC1, 0x83, 0x07, 0xF0, 0xCC,
    0xCC, 0xCE, 0xEC, 0xCC, 0xCC, 0x30, 0x18, 0x0C, 0x06, 0x03, 0x41, 0xE0, 0xE0, 0xE0, 0x30, 0x18,
    0x0C, 0x07, 0xF0, 0x30, 0xC3, 0x0C, 0x30, 0xE7, 0x1C, 0x30, 0xC3, 0x0C, 0x02, 0x01, 0x80, 0xC0,
    0x00, 0xC0, 0xF8, 0x3F, 0x0F, 0xC3, 0xD8, 0xF2, 0x3C, 0xCF, 0x1B, 0xC6, 0xF0, 0xFC, 0x1F, 0x07,
    0x0C, 0x18, 0x00, 0xBC, 0xE6, 0xC3, 0xC3, 0xC3, 0xC3, 0xC3, 0xC3, 0xC3, 0xC0, 0xF8, 0x3F, 0x0F,
    0xC3, 0xD8, 0xF2, 0x3C, 0xCF, 0x1B, 0xC6, 0xF0, 0xFC, 0x1F, 0x07, 0x00, 0x03, 0x00, 0x80, 0x20,
    0xBC, 0xE6, 0xC3, 0xC3, 0xC3, 0xC3, 0xC3, 0xC3, 0xC3, 0x00, 0x18, 0x10, 0x10, 0x22, 0x05, 0x80,
    0xC0, 0x00, 0xC0, 0xF8, 0x3F, 0x0F, 0xC3, 0xD8, 0xF2, 0x3C, 0xCF, 0x1B, 0xC6, 0xF0, 0xFC, 0x1F,
    0x07, 0x64, 0x38, 0x00, 0xBC, 0xE6, 0xC3, 0xC3, 0xC3, 0xC3, 0xC3, 0xC3, 0xC3, 0x60, 0x0C, 0x01,
    0x00, 0x6B, 0xC1, 0xCC, 0x30, 0xC6, 0x18, 0xC3, 0x18, 0x63, 0x0C, 0x61, 0x8C, 0x30, 0xC0, 0xF8,
    0x3F, 0x0F, 0xC3, 0xD8, 0xF3, 0x3C, 0xCF, 0x1B, 0xC2, 0xF0, 0xFC, 0x1F, 0x03, 0x00, 0xC0, 0x60,
    0x78, 0x00, 0xBC, 0xE6, 0xC3, 0xC3, 0xC3, 0xC3, 0xC3, 0xC3, 0xC3, 0x03, 0x03, 0x06, 0x0E, 0x1F,
    0x00, 0x00, 0x7C, 0x38, 0xE6, 0x0D, 0x80, 0xF0, 0x1E, 0x03, 0xC0, 0x78, 0x0F, 0x01, 0xB0, 0x67,
    0x1C, 0x3E, 0x00, 0x3E, 0x00, 0x0F, 0x8C, 0xEC, 0x36, 0x0F, 0x07, 0x83, 0xC3, 0x33, 0x8F, 0x80,
    0x11, 0x02, 0x20, 0x38, 0x00, 0x01, 0xF0, 0xE3, 0x98, 0x36, 0x03, 0xC0, 0x78, 0x0F, 0x01, 0xE0,
    0x3C, 0x06, 0xC1, 0x9C, 0x70, 0xF8, 0x22, 0x1E, 0x00, 0x07, 0xC6, 0x76, 0x1B, 0x07, 0x83, 0xC1,
    0xE1, 0x99, 0xC7, 0xC0, 0x09, 0x03, 0x60, 0x48, 0x00, 0x01, 0xF0, 0xE3, 0x98, 0x36, 0x03, 0xC0,
    0x78, 0x0F, 0x01, 0xE0, 0x3C, 0x06, 0xC1, 0x9C, 0x70, 0xF8, 0x36, 0x12, 0x13, 0x07, 0xC6, 0x76,
    0x1B, 0x07, 0x83, 0xC1, 0xE1, 0x99, 0xC7, 0xC0, 0x1F, 0xFD, 0xC6, 0x06, 0x18, 0x30, 0x60, 0xC1,
    0x83, 0x07, 0xEC, 0x18, 0x30, 0x60, 0xC1, 0x81, 0x86, 0x07, 0x18, 0x07, 0xFF, 0x3C, 0xF1, 0x9E,
    0x6C, 0x30, 0xF0, 0xC3, 0xC3, 0xFF, 0x0C, 0x0C, 0x30, 0x19, 0xF0, 0x3C, 0xF8, 0x0C, 0x04, 0x04,
    0x00, 0x0F, 0xC6, 0x33, 0x09, 0x86, 0xC2, 0x63, 0x3F, 0x19, 0x8C, 0x46, 0x33, 0x0D, 0x86, 0x18,
    0xC0, 0x2E, 0xE3, 0x0C, 0x30, 0xC3, 0x0C, 0x30, 0xFC, 0x63, 0x30, 0x98, 0x6C, 0x26, 0x33, 0xF1,
    0x98, 0xC4, 0x63, 0x30, 0xD8, 0x60, 0x00, 0xC0, 0x60, 0x20, 0x5C, 0xE1, 0x83, 0x06, 0x0C, 0x18,
    0x30, 0x60, 0x01, 0x82, 0x04, 0x00, 0x44, 0x36, 0x0E, 0x00, 0x0F, 0xC6, 0x33, 0x09, 0x86, 0xC2,
    0x63, 0x3F, 0x19, 0x8C, 0x46, 0x33, 0x0D, 0x86, 0x6C, 0x70, 0x02, 0xE7, 0x0C, 0x18, 0x30, 0x60,
    0xC1, 0x83, 0x00, 0x04, 0x0C, 0x18, 0x00, 0x7E, 0xE6, 0xC0, 0xC0, 0xE0, 0x78, 0x1E, 0x06, 0x03,
    0x03, 0xC6, 0xFC, 0x18, 0x20, 0x03, 0xEC, 0x58, 0x38, 0x1C, 0x0C, 0x0E, 0x37, 0xC0, 0x10, 0x38,
    0x64, 0x00, 0x7E, 0xE6, 0xC0, 0xC0, 0xE0, 0x78, 0x1E, 0x06, 0x03, 0x03, 0xC6, 0xFC, 0x30, 0xD8,
    0x03, 0xEC, 0x58, 0x38, 0x1C, 0x0C, 0x0E, 0x37, 0xC0, 0x7E, 0xE6, 0xC0, 0xC0, 0xE0, 0x78, 0x1E,
    0x06, 0x03, 0x03, 0xC6, 0xFC, 0x10, 0x18, 0x0C, 0x38, 0x7D, 0x8B, 0x07, 0x03, 0x81, 0x81, 0xC6,
    0xF8, 0x60, 0x60, 0xC3, 0x00, 0x40, 0x2C, 0x18, 0x00, 0x7E, 0xE6, 0xC0, 0xC0, 0xE0, 0x78, 0x1E,
    0x06, 0x03, 0x03, 0xC6, 0xFC, 0x4C, 0x70, 0x03, 0xEC, 0x58, 0x38, 0x1C, 0x0C, 0x0E, 0x37, 0xC0,
    0xFF, 0x8C, 0x06, 0x03, 0x01, 0x80, 0xC0, 0x60, 0x30, 0x18, 0x0C, 0x06, 0x03, 0x00, 0x80, 0x60,
    0x18, 0x38, 0x30, 0xC7, 0xCC, 0x30, 0xC3, 0x0C, 0x30, 0xC1, 0xC6, 0x0C, 0x33, 0x80, 0x22, 0x1A,
    0x06, 0x00, 0x0F, 0xF8, 0xC0, 0x60, 0x30, 0x18, 0x0C, 0x06, 0x03, 0x01, 0x80, 0xC0, 0x60, 0x30,
    0x01, 0x01, 0x8C, 0x8F, 0x83, 0x01, 0x80, 0xC0, 0x60, 0x30, 0x18, 0x0C, 0x03, 0x80, 0xFF, 0x8C,
    0x06, 0x03, 0x01, 0x83, 0xF0, 0x60, 0x30, 0x18, 0x0C, 0x06, 0x03, 0x00, 0x30, 0xC7, 0xCC, 0x31,
    0xF3, 0x0C, 0x30, 0xC1, 0xC0, 0x3A, 0x17, 0x00, 0x18, 0x3C, 0x1E, 0x0F, 0x07, 0x83, 0xC1, 0xE0,
    0xF0, 0x78, 0x3C, 0x1B, 0x18, 0xF8, 0x72, 0x5C, 0x00, 0xC3, 0xC3, 0xC3, 0xC3, 0xC3, 0xC3, 0xC3,
    0xE7, 0x7B, 0x3E, 0x00, 0x30, 0x78, 0x3C, 0x1E, 0x0F, 0x07, 0x83, 0xC1, 0xE0, 0xF0, 0x78, 0x36,
    0x31, 0xF0, 0x7C, 0x00, 0xC3, 0xC3, 0xC3, 0xC3, 0xC3, 0xC3, 0xC3, 0xE7, 0x7B, 0x22, 0x11, 0x07,
    0x00, 0x0C, 0x1E, 0x0F, 0x07, 0x83, 0xC1, 0xE0, 0xF0, 0x78, 0x3C, 0x1E, 0x0D, 0x8C, 0x7C, 0x64,
    0x3C, 0x00, 0xC3, 0xC3, 0xC3, 0xC3, 0xC3, 0xC3, 0xC3, 0xE7, 0x7B, 0x18, 0x1E, 0x0F, 0x03, 0x80,
    0x06, 0x0F, 0x07, 0x83, 0xC1, 0xE0, 0xF0, 0x78, 0x3C, 0x1E, 0x0F, 0x06, 0xC6, 0x3E, 0x00, 0x38,
    0x2C, 0x6C, 0x3C, 0x00, 0xC3, 0xC3, 0xC3, 0xC3, 0xC3, 0xC3, 0xC3, 0xE7, 0x7B, 0x12, 0x1B, 0x09,
    0x00, 0x0C, 0x1E, 0x0F, 0x07, 0x83, 0xC1, 0xE0, 0xF0, 0x78, 0x3C, 0x1E, 0x0D, 0x8C, 0x7C, 0x36,
    0x6C, 0x48, 0xC3, 0xC3, 0xC3, 0xC3, 0xC3, 0xC3, 0xC3, 0xE7, 0x7B, 0xC1, 0xE0, 0xF0, 0x78, 0x3C,
    0x1E, 0x0F, 0x07, 0x83, 0xC1, 0xE0, 0xD8, 0xC7, 0xC0, 0x60, 0x30, 0x18, 0x0E, 0xC3, 0xC3, 0xC3,
    0xC3, 0xC3, 0xC3, 0xC3, 0xE7, 0x7F, 0x02, 0x06, 0x06, 0x07, 0x01, 0x00, 0x03, 0x80, 0x06, 0x40,
    0x00, 0x00, 0xC1, 0x86, 0xC3, 0x86, 0x63, 0x86, 0x62, 0xC4, 0x62, 0xCC, 0x26, 0x4C, 0x36, 0x6C,
    0x34, 0x68, 0x3C, 0x78, 0x1C, 0x38, 0x18, 0x38, 0x18, 0x30, 0x07, 0x00, 0x6C, 0x00, 0x01, 0x8E,
    0x3C, 0x71, 0xA3, 0x89, 0x96, 0xCD, 0xB6, 0x2C, 0xB1, 0xC7, 0x0E, 0x38, 0x71, 0xC0, 0x08, 0x07,
    0x03, 0x20, 0x00, 0xC1, 0x98, 0x66, 0x30, 0xCC, 0x36, 0x07, 0x81, 0xC0, 0x30, 0x0C, 0x03, 0x00,
    0xC0, 0x30, 0x0C, 0x04, 0x80, 0x01, 0x86, 0x61, 0x88, 0x43, 0x30, 0x4C, 0x1A, 0x07, 0x80, 0xE0,
    0x30, 0x0C, 0x02, 0x01, 0x81, 0xC0, 0x1B, 0x00, 0x00, 0x01, 0x83, 0x61, 0x8C, 0x63, 0x30, 0x6C,
    0x1E, 0x03, 0x80, 0xC0, 0x30, 0x0C, 0x03, 0x00, 0xC0, 0x04, 0x0C, 0x18, 0x00, 0xFF, 0x03, 0x06,
    0x06, 0x0C, 0x18, 0x18, 0x30, 0x60, 0x60, 0xC0, 0xFF, 0x18, 0xC0, 0x3F, 0x0C, 0x61, 0x0C, 0x21,
    0x0C, 0x3F, 0x08, 0x08, 0x00, 0xFF, 0x03, 0x06, 0x06, 0x0C, 0x18, 0x18, 0x30, 0x60, 0x60, 0xC0,
    0xFF, 0x10, 0x40, 0x3F, 0x0C, 0x21, 0x8C, 0x21, 0x8C, 0x3F, 0x02, 0x3C, 0x18, 0x00, 0xFF, 0x03,
    0x06, 0x06, 0x0C, 0x18, 0x18, 0x30, 0x60, 0x60, 0xC0, 0xFF, 0xC8, 0xC0, 0x3F, 0x0C, 0x61, 0x0C,
    0x21, 0x0C, 0x3F, 0x7E, 0x31, 0x8C, 0x63, 0x18, 0xC6, 0x31, 0x80, 0x1F, 0x13, 0x8F, 0x98, 0x39,
    0x80, 0xCC, 0x06, 0x60, 0x33, 0x01, 0x98, 0x0C, 0xC0, 0x63, 0x06, 0x1C, 0x70, 0x3E, 0x00, 0x00,
    0x40, 0x18, 0xFB, 0x33, 0xCC, 0x11, 0x83, 0x30, 0x66, 0x0C, 0xC3, 0x0C, 0xE0, 0xF8, 0x00, 0xC1,
    0xB6, 0x0F, 0xB0, 0x71, 0x83, 0x0C, 0x18, 0x60, 0xC3, 0x06, 0x18, 0x30, 0xC1, 0x86, 0x0C, 0x18,
    0xC0, 0x7C, 0x00, 0x00, 0x78, 0x7B, 0x0E, 0x61, 0x8C, 0x31, 0x86, 0x30, 0xC6, 0x18, 0xE7, 0x0F,
    0x60, 0x00, 0x00, 0x40, 0x00, 0xF0, 0x00, 0x0C, 0x00, 0x00, 0x0F, 0xE1, 0xFF, 0x8E, 0x00, 0xF0,
    0x60, 0x36, 0x0C, 0x06, 0xC0, 0x81, 0x98, 0x18, 0x63, 0x03, 0x0C, 0x60, 0x43, 0x0C, 0x18, 0xC1,
    0x83, 0x18, 0x31, 0xC6, 0x07, 0xE0, 0xFF, 0xFE, 0x0F, 0x63, 0x83, 0x30, 0x60, 0x18, 0x33, 0xFC,
    0x08, 0x1E, 0x06, 0x1B, 0x03, 0x09, 0x81, 0x0C, 0xC1, 0x84, 0x60, 0xC4, 0x31, 0xC6, 0x1F, 0x83,
    0xF0, 0x03, 0x32, 0x03, 0x0C, 0x03, 0x00, 0x3F, 0x3F, 0x67, 0x03, 0xC3, 0x06, 0xC3, 0x06, 0xC3,
    0x0C, 0xC3, 0x18, 0xC3, 0x10, 0x67, 0x30, 0x3D, 0x3F, 0xC0, 0xF0, 0x3C, 0x0F, 0x03, 0xC0, 0xF0,
    0x3C, 0x0F, 0x03, 0xC0, 0xF0, 0x3C, 0x0F, 0xFB, 0x00, 0xC0, 0x30, 0x38, 0x00, 0xC0, 0x70, 0x1C,
    0x03, 0x03, 0xC0, 0xF0, 0x3C, 0x0F, 0x03, 0xC0, 0xF0, 0x3C, 0x0F, 0xFB, 0x00, 0xC0, 0x30, 0x0C,
    0x0E, 0xC7, 0x1C, 0x33, 0xCF, 0x3C, 0xF3, 0xCF, 0x3C, 0xF3, 0x0C, 0x30, 0xCE, 0xC0, 0xCF, 0x83,
    0x3F, 0x0C, 0xFC, 0x33, 0xD8, 0xCF, 0x23, 0x3C, 0xCC, 0xF1, 0xB3, 0xC6, 0xCF, 0x0F, 0x3C, 0x1C,
    0xF0, 0x73, 0x00, 0x0C, 0x00, 0x30, 0x03, 0x80, 0x00, 0xC0, 0xC7, 0x83, 0x1F, 0x0C, 0x3C, 0x33,
    0xD8, 0xCF, 0x63, 0x3C, 0xCC, 0xF1, 0xB3, 0xC6, 0xCF, 0x0F, 0x3C, 0x1C, 0xF0, 0x73, 0x00, 0x0C,
    0x00, 0x30, 0x00, 0xC0, 0x0E, 0x00, 0x10, 0x01, 0x00, 0x0B, 0xC3, 0xE6, 0x3C, 0x33, 0xC3, 0x3C,
    0x33, 0xC3, 0x3C, 0x33, 0xC3, 0x3C, 0x33, 0x00, 0x30, 0x03, 0x00, 0x30, 0x0E, 0x11, 0x03, 0x40,
    0x30, 0x00, 0x00, 0xC0, 0x1C, 0x03, 0x80, 0xD0, 0x13, 0x06, 0x20, 0xC6, 0x1F, 0xC6, 0x18, 0xC1,
    0xB0, 0x36, 0x03, 0x66, 0x3C, 0x00, 0x7C, 0x66, 0x03, 0x03, 0x7F, 0xC3, 0xC3, 0xCF, 0x7B, 0x01,
    0xE3, 0x00, 0x78, 0xC3, 0x0C, 0x30, 0xC3, 0x0C, 0x30, 0xC3, 0x1E, 0x64, 0x70, 0x00, 0xC1, 0x83,
    0x06, 0x0C, 0x18, 0x30, 0x60, 0xC0, 0x11, 0x03, 0x60, 0x38, 0x00, 0x01, 0xF0, 0xE3, 0x98, 0x36,
    0x03, 0xC0, 0x78, 0x0F, 0x01, 0xE0, 0x3C, 0x06, 0xC1, 0x9C, 0x70, 0xF8, 0x26, 0x0E, 0x00, 0x07,
    0xC6, 0x76, 0x1B, 0x07, 0x83, 0xC1, 0xE1, 0x99, 0xC7, 0xC0, 0x22, 0x1B, 0x07, 0x00, 0x0C, 0x1E,
    0x0F, 0x07, 0x83, 0xC1, 0xE0, 0xF0, 0x78, 0x3C, 0x1E, 0x0D, 0x8C, 0x7C, 0x64, 0x38, 0x00, 0xC3,
    0xC3, 0xC3, 0xC3, 0xC3, 0xC3, 0xC3, 0xE7, 0x7B, 0x3E, 0x00, 0x00, 0x06, 0xC0, 0x06, 0x0F, 0x07,
    0x83, 0xC1, 0xE0, 0xF0, 0x78, 0x3C, 0x1E, 0x0F, 0x06, 0xC6, 0x3E, 0x00, 0x7C, 0x00, 0x6C, 0x00,
    0x00, 0xC3, 0xC3, 0xC3, 0xC3, 0xC3, 0xC3, 0xC3, 0xE7, 0x7B, 0x02, 0x03, 0x03, 0x02, 0x41, 0x20,
    0x03, 0x07, 0x83, 0xC1, 0xE0, 0xF0, 0x78, 0x3C, 0x1E, 0x0F, 0x07, 0x83, 0x63, 0x1F, 0x00, 0x04,
    0x0C, 0x18, 0x2C, 0x00, 0x00, 0xC3, 0xC3, 0xC3, 0xC3, 0xC3, 0xC3, 0xC3, 0xE7, 0x7B, 0x22, 0x0F,
    0x03, 0x02, 0x41, 0x20, 0x03, 0x07, 0x83, 0xC1, 0xE0, 0xF0, 0x78, 0x3C, 0x1E, 0x0F, 0x07, 0x83,
    0x63, 0x1F, 0x00, 0x44, 0x3C, 0x18, 0x2C, 0x00, 0x00, 0xC3, 0xC3, 0xC3, 0xC3, 0xC3, 0xC3, 0xC3,
    0xE7, 0x7B, 0x10, 0x0C, 0x02, 0x02, 0x41, 0x20, 0x03, 0x07, 0x83, 0xC1, 0xE0, 0xF0, 0x78, 0x3C,
    0x1E, 0x0F, 0x07, 0x83, 0x63, 0x1F, 0x00, 0x20, 0x30, 0x10, 0x2C, 0x00, 0x00, 0xC3, 0xC3, 0xC3,
    0xC3, 0xC3, 0xC3, 0xC3, 0xE7, 0x7B, 0x7C, 0xCE, 0x02, 0x03, 0xFF, 0xC3, 0xC2, 0x66, 0x3C, 0x1F,
    0x00, 0x00, 0x00, 0x0D, 0x80, 0x00, 0x1C, 0x03, 0x80, 0x70, 0x1B, 0x03, 0x60, 0x46, 0x18, 0xC3,
    0xF8, 0xC1, 0x98, 0x32, 0x02, 0xC0, 0x60, 0x7E, 0x00, 0x66, 0x00, 0x00, 0x7E, 0x66, 0x03, 0x03,
    0x7F, 0xE3, 0xC3, 0xCF, 0x7B, 0x1F, 0x00, 0xC0, 0x10, 0x00, 0x00, 0x60, 0x1C, 0x03, 0x80, 0x58,
    0x19, 0x02, 0x30, 0xC6, 0x1F, 0xC2, 0x0C, 0xC1, 0x90, 0x16, 0x03, 0x7C, 0x00, 0x10, 0x10, 0x00,
    0x7C, 0x66, 0x03, 0x03, 0x7F, 0xE3, 0xC3, 0xCF, 0x7B, 0x03, 0xE0, 0x00, 0x00, 0x3F, 0xC1, 0xB0,
    0x04, 0xC0, 0x33, 0x00, 0x8C, 0x06, 0x3F, 0x18, 0xC0, 0xFF, 0x03, 0x0C, 0x18, 0x30, 0x60, 0xC3,
    0x03, 0xF0, 0x0F, 0x80, 0x00, 0x1F, 0x78, 0xDE, 0x60, 0x61, 0x83, 0x0D, 0xFF, 0xFC, 0xC0, 0xC6,
    0x06, 0x7C, 0x1E, 0x7C, 0x1F, 0x87, 0x19, 0x80, 0x60, 0x0C, 0x01, 0x80, 0x30, 0xF6, 0x06, 0xC3,
    0xEC, 0x19, 0xC3, 0x0F, 0xE0, 0x3D, 0x33, 0xB0, 0xD8, 0x6C, 0x36, 0x1B, 0x0C, 0xCE, 0x3F, 0x01,
    0x83, 0xE8, 0xE7, 0xE0, 0x10, 0x02, 0xC0, 0x60, 0x00, 0x1F, 0x8E, 0x36, 0x03, 0x00, 0xC0, 0x30,
    0x0C, 0x3F, 0x03, 0xC0, 0xD8, 0x33, 0x8C, 0x7F, 0x66, 0x18, 0x00, 0x3D, 0x67, 0xC3, 0xC3, 0xC3,
    0xC3, 0xC3, 0x67, 0x3F, 0x03, 0x03, 0x46, 0x7C, 0x00, 0x1E, 0x06, 0x00, 0x0C, 0x36, 0x33, 0x31,
    0x90, 0xD8, 0x78, 0x3E, 0x19, 0x8C, 0xC6, 0x33, 0x0D, 0x86, 0x40, 0x0D, 0x80, 0xE0, 0x08, 0x00,
    0x00, 0x30, 0x06, 0x00, 0xC0, 0x18, 0xC3, 0x30, 0x6C, 0x0F, 0x01, 0xE0, 0x36, 0x06, 0x60, 0xCC,
    0x18, 0xC0, 0x1F, 0x0E, 0x39, 0x83, 0x60, 0x3C, 0x07, 0x80, 0xF0, 0x1E, 0x03, 0xC0, 0x6C, 0x19,
    0xC7, 0x0F, 0x80, 0x40, 0x18, 0x03, 0x00, 0x70, 0x3E, 0x33, 0xB0, 0xD8, 0x3C, 0x1E, 0x0F, 0x0C,
    0xCE, 0x3E, 0x04, 0x06, 0x03, 0x01, 0xC0, 0x1F, 0x00, 0x00, 0x7C, 0x38, 0xE6, 0x0D, 0x80, 0xF0,
    0x1E, 0x03, 0xC0, 0x78, 0x0F, 0x01, 0xB0, 0x67, 0x1C, 0x3E, 0x01, 0x80, 0x20, 0x0C, 0x00, 0xC0,
    0x3E, 0x00, 0x0F, 0x8C, 0xEC, 0x36, 0x0F, 0x07, 0x83, 0xC3, 0x33, 0x8F, 0x81, 0x01, 0x80, 0xC0,
    0x70, 0x20, 0x0B, 0x07, 0x00, 0x07, 0xF0, 0x18, 0x18, 0x18, 0x18, 0x0F, 0x00, 0xE0, 0x30, 0x18,
    0x0F, 0x0C, 0xFC, 0x6C, 0x38, 0x00, 0xFE, 0x06, 0x0C, 0x18, 0x30, 0x3C, 0x0E, 0x02, 0x03, 0x03,
    0x06, 0xCE, 0xFC, 0x64, 0x70, 0x00, 0xC1, 0x83, 0x06, 0x0C, 0x18, 0x30, 0x60, 0xC1, 0x83, 0x0C,
    0x78, 0xFE, 0x1F, 0xF8, 0xE0, 0x0F, 0x06, 0x03, 0x60, 0xC0, 0x6C, 0x08, 0x19, 0x81, 0x86, 0x30,
    0x30, 0xC6, 0x04, 0x30, 0xC1, 0x8C, 0x18, 0x31, 0x83, 0x1C, 0x60, 0x7E, 0x0F, 0xF0, 0xFE, 0x00,
    0x63, 0x80, 0x30, 0x60, 0x18, 0x33, 0xFC, 0x08, 0x1E, 0x06, 0x1B, 0x03, 0x09, 0x81, 0x0C, 0xC1,
    0x84, 0x60, 0xC4, 0x31, 0xC6, 0x1F, 0x83, 0xF0, 0x03, 0x00, 0x03, 0x00, 0x03, 0x00, 0x3F, 0x3F,
    0x67, 0x03, 0xC3, 0x06, 0xC3, 0x06, 0xC3, 0x0C, 0xC3, 0x18, 0xC3, 0x10, 0x67, 0x30, 0x3D, 0x3F,
    0x01, 0x00, 0xC0, 0x60, 0x00, 0x1F, 0x8E, 0x36, 0x03, 0x00, 0xC0, 0x30, 0x0C, 0x3F, 0x03, 0xC0,
    0xD8, 0x33, 0x8C, 0x7F, 0x0C, 0x18, 0x00, 0x3D, 0x67, 0xC3, 0xC3, 0xC3, 0xC3, 0xC3, 0x67, 0x3F,
    0x03, 0x03, 0x46, 0x7C, 0xC3, 0x06, 0x18, 0x30, 0xC1, 0x86, 0x3C, 0x31, 0xFF, 0x8F, 0x0C, 0x78,
    0x63, 0xC3, 0x1E, 0x18, 0xF0, 0x6D, 0x81, 0xC0, 0x9E, 0x71, 0xB0, 0x58, 0x3C, 0x1E, 0x0B, 0x0D,
    0x86, 0xC6, 0x66, 0x3E, 0x1C, 0x0C, 0x06, 0x03, 0x01, 0x80, 0x10, 0x06, 0x00, 0xC0, 0x00, 0xC0,
    0xF8, 0x3F, 0x0F, 0xC3, 0xD8, 0xF2, 0x3C, 0xCF, 0x1B, 0xC6, 0xF0, 0xFC, 0x1F, 0x07, 0x30, 0x18,
    0x00, 0xBC, 0xE6, 0xC3, 0xC3, 0xC3, 0xC3, 0xC3, 0xC3, 0xC3, 0x03, 0x00, 0x20, 0x00, 0x00, 0xF0,
    0x0F, 0x00, 0xF0, 0x06, 0x00, 0xF0, 0x0D, 0x01, 0x98, 0x19, 0x83, 0x0C, 0x3F, 0xC2, 0x0E, 0x60,
    0x64, 0x02, 0x0E, 0x08, 0x18, 0x3C, 0x3C, 0x18, 0x00, 0x7C, 0x66, 0x03, 0x03, 0x7F, 0xE3, 0xC3,
    0xCF, 0x7B, 0x00, 0x20, 0x01, 0x80, 0x0C, 0x00, 0x00, 0x03, 0xFC, 0x1B, 0x00, 0x6C, 0x03, 0x30,
    0x0C, 0xC0, 0x63, 0xF1, 0x8C, 0x07, 0xF0, 0x30, 0xC0, 0x83, 0x06, 0x0C, 0x10, 0x3F, 0x01, 0x80,
    0x18, 0x00, 0x00, 0xFB, 0xC6, 0xF3, 0x03, 0x08, 0x18, 0x6F, 0xFF, 0xE6, 0x06, 0x30, 0x33, 0xC4,
    0xF3, 0xE0, 0x03, 0x00, 0xC0, 0x10, 0x00, 0x01, 0xFC, 0xE3, 0x98, 0x76, 0x1B, 0xC2, 0x78, 0xCF,
    0x31, 0xEC, 0x3D, 0x06, 0xE1, 0x9C, 0x73, 0xF8, 0x00, 0x00, 0x06, 0x04, 0x00, 0x07, 0xE6, 0x76,
    0x3B, 0x37, 0xB3, 0xD1, 0xF9, 0x99, 0xDF, 0xC0, 0x00, 0x24, 0x06, 0xC0, 0x68, 0x00, 0x00, 0xC0,
    0x1C, 0x03, 0x80, 0xD0, 0x13, 0x06, 0x20, 0xC6, 0x1F, 0xC6, 0x18, 0xC1, 0xB0, 0x36, 0x03, 0xD8,
    0x6C, 0x24, 0x7C, 0x66, 0x03, 0x03, 0x7F, 0xE3, 0xC3, 0xCF, 0x7B, 0x0E, 0x02, 0x20, 0x00, 0x06,
    0x00, 0xE0, 0x1C, 0x06, 0xC0, 0xD8, 0x11, 0x06, 0x30, 0xFE, 0x30, 0x66, 0x0C, 0x80, 0xB0, 0x18,
    0x3C, 0x66, 0x00, 0x7C, 0x66, 0x03, 0x03, 0x7F, 0xE3, 0xC3, 0xCF, 0x7B, 0x6C, 0x6C, 0x36, 0x00,
    0x7F, 0x60, 0x60, 0x60, 0x60, 0x7E, 0x60, 0x60, 0x60, 0x60, 0x60, 0x7F, 0xD8, 0x68, 0x24, 0x3C,
    0x66, 0xC2, 0xC3, 0xFF, 0xC0, 0xC0, 0x62, 0x3E, 0x38, 0x88, 0x07, 0xFC, 0x18, 0x30, 0x60, 0xFD,
    0x83, 0x06, 0x0C, 0x18, 0x3F, 0x80, 0x3C, 0x64, 0x00, 0x3C, 0x66, 0xC2, 0xC3, 0xFF, 0xC0, 0xC0,
    0x62, 0x3E, 0x48, 0xD8, 0x90, 0x03, 0xC3, 0x06, 0x0C, 0x18, 0x30, 0x60, 0xC1, 0x83, 0x06, 0x1E,
    0xD8, 0x90, 0x90, 0xC1, 0x83, 0x06, 0x0C, 0x18, 0x30, 0x60, 0xC0, 0x79, 0x30, 0x1E, 0x30, 0xC3,
    0x0C, 0x30, 0xC3, 0x0C, 0x30, 0xC7, 0x80, 0x7B, 0x30, 0x0C, 0x30, 0xC3, 0x0C, 0x30, 0xC3, 0x0C,
    0x36, 0x06, 0xC0, 0x6C, 0x00, 0x01, 0xF0, 0xE3, 0x98, 0x36, 0x03, 0xC0, 0x78, 0x0F, 0x01, 0xE0,
    0x3C, 0x06, 0xC1, 0x9C, 0x70, 0xF8, 0x48, 0x36, 0x09, 0x07, 0xC6, 0x76, 0x1B, 0x07, 0x83, 0xC1,
    0xE1, 0x99, 0xC7, 0xC0, 0x0E, 0x02, 0x20, 0x00, 0x0F, 0x87, 0x1C, 0xC1, 0xB0, 0x1E, 0x03, 0xC0,
    0x78, 0x0F, 0x01, 0xE0, 0x36, 0x0C, 0xE3, 0x87, 0xC0, 0x3C, 0x13, 0x00, 0x07, 0xC6, 0x76, 0x1B,
    0x07, 0x83, 0xC1, 0xE1, 0x99, 0xC7, 0xC0, 0x6C, 0x0B, 0x03, 0x60, 0x00, 0x7E, 0x18, 0xC6, 0x11,
    0x86, 0x61, 0x18, 0xC7, 0xE1, 0x98, 0x62, 0x18, 0xC6, 0x19, 0x86, 0x6C, 0x24, 0x12, 0x2E, 0x38,
    0x30, 0x30, 0x30, 0x30, 0x30, 0x30, 0x30, 0x38, 0x22, 0x00, 0x1F, 0x8C, 0x66, 0x13, 0x0D, 0x84,
    0xC6, 0x7E, 0x33, 0x18, 0x8C, 0x66, 0x1B, 0x0C, 0x38, 0xC8, 0x02, 0xE7, 0x0C, 0x18, 0x30, 0x60,
    0xC1, 0x83, 0x00, 0x6C, 0x16, 0x0D, 0x80, 0x0C, 0x1E, 0x0F, 0x07, 0x83, 0xC1, 0xE0, 0xF0, 0x78,
    0x3C, 0x1E, 0x0D, 0x8C, 0x7C, 0xD8, 0x68, 0x24, 0xC3, 0xC3, 0xC3, 0xC3, 0xC3, 0xC3, 0xC3, 0xE7,
    0x7B, 0x1C, 0x11, 0x00, 0x18, 0x3C, 0x1E, 0x0F, 0x07, 0x83, 0xC1, 0xE0, 0xF0, 0x78, 0x3C, 0x1B,
    0x18, 0xF8, 0x3C, 0x64, 0x00, 0xC3, 0xC3, 0xC3, 0xC3, 0xC3, 0xC3, 0xC3, 0xE7, 0x7B, 0x7E, 0xE6,
    0xC0, 0xC0, 0xE0, 0x78, 0x1E, 0x06, 0x03, 0x03, 0xC6, 0xFC, 0x00, 0x10, 0x10, 0x30, 0x7D, 0x8B,
    0x07, 0x03, 0x81, 0x81, 0xC6, 0xF8, 0x00, 0x41, 0x82, 0x00, 0xFF, 0x8C, 0x06, 0x03, 0x01, 0x80,
    0xC0, 0x60, 0x30, 0x18, 0x0C, 0x06, 0x03, 0x00, 0x00, 0x40, 0x60, 0x20, 0x00, 0xC7, 0xCC, 0x30,
    0xC3, 0x0C, 0x30, 0xC1, 0xC0, 0x08, 0x61, 0x00, 0x3E, 0x31, 0x80, 0x60, 0x30, 0x30, 0xF0, 0xFC,
    0x06, 0x01, 0x80, 0xC0, 0xC0, 0xE1, 0xE3, 0xC3, 0x00, 0x78, 0x98, 0x18, 0x20, 0xC7, 0x81, 0x83,
    0x06, 0x0C, 0x77, 0xCC, 0x00, 0x22, 0x1B, 0x07, 0x00, 0x0C, 0x1E, 0x0F, 0x07, 0x83, 0xC1, 0xFF,
    0xF0, 0x78, 0x3C, 0x1E, 0x0F, 0x07, 0x83, 0x40, 0x0D, 0x80, 0xE0, 0x08, 0x00, 0x00, 0x30, 0x06,
    0x00, 0xC0, 0x1F, 0x83, 0x98, 0x61, 0x8C, 0x31, 0x86, 0x30, 0xC6, 0x18, 0xC3, 0x18, 0x60, 0x43,
    0x0C, 0x36, 0x40, 0x31, 0xEC, 0xC0, 0x72, 0xB8, 0x00, 0x07, 0xC0, 0x01, 0xFC, 0x00, 0x8B, 0xE0,
    0x00, 0xA0, 0x06, 0xC0, 0x0E, 0x36, 0x40, 0xFF, 0xF0, 0x36, 0x59, 0x20, 0x01, 0xE3, 0x00, 0xFC,
    0xFF, 0xF0, 0x58, 0xD8, 0x90, 0x20, 0x8C, 0x9E, 0x00, 0x00, 0xE4, 0x40, 0x26, 0x66, 0x66, 0x64,
    0x66, 0x62, 0x66, 0x64, 0x46, 0x30, 0x26, 0xC0, 0x3F, 0x30, 0xCE, 0xC0, 0x01, 0xF0, 0xC3, 0x0C,
    0x00, 0x36, 0xE0, 0xFB, 0x80, 0x21, 0x9E, 0x03, 0xCC, 0x40, 0x33, 0xCC, 0x0F, 0x00, 0x03, 0x33,
    0xE0, 0x1B, 0x6E, 0x00, 0xA0, 0x06, 0xC0, 0xFF, 0xF0, 0x26, 0x40, 0x01, 0x0C, 0x37, 0x00, 0x4C,
    0xCE, 0x00, 0xFC, 0x03, 0xFC, 0xF3, 0x00, 0x95, 0xF8, 0x00, 0x01, 0xE3, 0x00, 0x31, 0xEC, 0xC0,
    0x8B, 0xE0, 0x00, 0x00, 0xE4, 0x40, 0x32, 0x5E, 0x00, 0x07, 0xC0, 0x01, 0xFC, 0x00, 0xFE, 0x03,
    0xF8, 0x00, 0x65, 0x78, 0x00, 0x01, 0xFC, 0x00, 0x00, 0x0F, 0xFF, 0x00, 0x00, 0x00, 0x67, 0x10,
    0x02, 0x02, 0x06, 0x04, 0x0C, 0x08, 0x08, 0x18, 0x10, 0x30, 0x20, 0x20, 0x60, 0x40, 0xCF, 0x00,
    0x03, 0x3C, 0xFF, 0xFF, 0x8F, 0xF8, 0x00, 0x00, 0xFA, 0xD8, 0x00, 0x06, 0x60, 0x64, 0x62, 0x60,
    0xFE, 0x03, 0xF8, 0x00, 0x46, 0x30, 0x26, 0xC0, 0x32, 0x5E, 0x00, 0x06, 0x32, 0x00, 0x33, 0xF2,
    0x00, 0x9B, 0x80, 0x00, 0xFF, 0xC3, 0xC3, 0x00, 0xFE, 0x03, 0xF8, 0x00, 0xFF, 0xF0, 0x0F, 0x33,
    0x00, 0x00, 0x3A, 0x5E, 0x10, 0x10, 0xE5, 0x70, 0x01, 0x80, 0x00, 0x66, 0x66, 0x7E, 0x00, 0x00,
    0x51, 0xF1, 0x60, 0x00, 0x0E, 0x66, 0xCF, 0x00, 0xFB, 0x80, 0x7B, 0x22, 0x08, 0x06, 0x60, 0x79,
    0x80, 0xCF, 0x00, 0xCC, 0xDB, 0x58, 0xCF, 0x00, 0xA0, 0x6F, 0x60, 0xFD, 0xEF, 0xF0, 0x00, 0x04,
    0xE2, 0x00, 0x40, 0x09, 0xC0, 0xE1, 0xFE, 0x00, 0x00, 0x40, 0x09, 0xC0, 0xE1, 0xFE, 0x00, 0x00,
    0x00, 0x3F, 0xF0, 0x00, 0x00, 0x3F, 0xF0, 0x00, 0x7F, 0x09, 0x0F, 0xE0, 0x00, 0x00, 0x00, 0x00,
    0x7F, 0x83, 0x87, 0x10, 0x02, 0x00, 0x00, 0x00, 0x00, 0x00, 0x4F, 0xFF, 0x80, 0x04, 0x00, 0x00,
    0x71, 0x77, 0x00, 0xEA, 0xFE, 0x00, 0x55, 0x40, 0x6F, 0xFF, 0x00, 0x99, 0x9F, 0x00, 0x7C, 0xCF,
    0x00, 0x3F, 0xFF, 0xF0, 0x8F, 0x99, 0x90, 0xFD, 0x6B, 0x50, 0xFA, 0x40, 0x06, 0x44, 0x60, 0x00,
    0x98, 0xC0, 0x53, 0x18, 0xA0, 0x20, 0x60, 0x40, 0x0F, 0xF8, 0x30, 0x60, 0xC1, 0xFB, 0x06, 0x0C,
    0x18, 0x30, 0x7F, 0x28, 0xD8, 0x07, 0xFC, 0x18, 0x30, 0x60, 0xFD, 0x83, 0x06, 0x0C, 0x18, 0x3F,
    0x80, 0xFF, 0x03, 0x00, 0x60, 0x0C, 0x01, 0x80, 0x3F, 0x86, 0x38, 0xC3, 0x18, 0x63, 0x0C, 0x63,
    0x8D, 0xE0, 0x0C, 0x30, 0x40, 0x0F, 0xF8, 0x30, 0x60, 0xC1, 0x83, 0x06, 0x0C, 0x18, 0x30, 0x60,
    0x1F, 0x38, 0x98, 0x18, 0x0C, 0x07, 0xF3, 0x01, 0x80, 0xC0, 0x30, 0x1C, 0x43, 0xE0, 0x7E, 0xE6,
    0xC0, 0xC0, 0xE0, 0x78, 0x1E, 0x06, 0x03, 0x03, 0xC6, 0xFC, 0xFF, 0xFF, 0xFF, 0xAF, 0x06, 0x66,
    0x66, 0x66, 0x66, 0x66, 0x60, 0x18, 0xC6, 0x31, 0x8C, 0x63, 0x18, 0xC6, 0x31, 0x9B, 0xC0, 0x1F,
    0xC0, 0x0C, 0x60, 0x06, 0x30, 0x03, 0x18, 0x01, 0x8C, 0x00, 0xC7, 0xF0, 0x63, 0x1C, 0x31, 0x83,
    0x10, 0xC1, 0x88, 0x60, 0x8C, 0x31, 0xDC, 0x1F, 0xC0, 0xC1, 0x81, 0x83, 0x03, 0x06, 0x06, 0x0C,
    0x0C, 0x18, 0x1F, 0xFF, 0x30, 0x63, 0x60, 0xC3, 0xC1, 0x87, 0x83, 0x0F, 0x06, 0x76, 0x0F, 0xC0,
    0xFF, 0x03, 0x00, 0x60, 0x0C, 0x01, 0x80, 0x3F, 0x86, 0x38, 0xC3, 0x18, 0x63, 0x0C, 0x61, 0x8C,
    0x30, 0x04, 0x06, 0x06, 0x00, 0x0C, 0x36, 0x1B, 0x19, 0x98, 0xD8, 0x7C, 0x36, 0x19, 0x8C, 0xE6,
    0x33, 0x0D, 0x83, 0x10, 0x06, 0x00, 0xC0, 0x00, 0xC1, 0xF0, 0x7C, 0x3F, 0x1B, 0xC6, 0xF3, 0x3C,
    0x8F, 0x63, 0xF0, 0xF8, 0x3E, 0x0F, 0x03, 0x19, 0x81, 0xE0, 0x00, 0x30, 0x36, 0x04, 0x61, 0x8C,
    0x20, 0xCC, 0x19, 0x81, 0xE0, 0x3C, 0x03, 0x00, 0x60, 0x18, 0x0E, 0x00, 0xC1, 0xE0, 0xF0, 0x78,
    0x3C, 0x1E, 0x0F, 0x07, 0x83, 0xC1, 0xE0, 0xF0, 0x7F, 0xF1, 0x80, 0xC0, 0x20, 0x0C, 0x01, 0xC0,
    0x38, 0x0D, 0x01, 0x30, 0x62, 0x0C, 0x61, 0xFC, 0x61, 0x8C, 0x1B, 0x03, 0x60, 0x30, 0xFE, 0xC0,
    0xC0, 0xC0, 0xC0, 0xFC, 0xC7, 0xC3, 0xC3, 0xC3, 0xC6, 0xFC, 0xFE, 0x63, 0xB0, 0xD8, 0x6C, 0x37,
    0xF3, 0x1D, 0x83, 0xC1, 0xE0, 0xF1, 0xDF, 0xC0, 0xFF, 0x83, 0x06, 0x0C, 0x18, 0x30, 0x60, 0xC1,
    0x83, 0x06, 0x00, 0x1F, 0xE1, 0x86, 0x18, 0x61, 0x86, 0x18, 0x61, 0x86, 0x10, 0x61, 0x06, 0x30,
    0x63, 0x06, 0x60, 0x6F, 0xFF, 0xC0, 0x3C, 0x03, 0xC0, 0x10, 0xFF, 0x83, 0x06, 0x0C, 0x1F, 0xB0,
    0x60, 0xC1, 0x83, 0x07, 0xF0, 0x61, 0x86, 0x21, 0x8C, 0x31, 0x8C, 0x19, 0x98, 0x09, 0xB0, 0x0F,
    0xF0, 0x0D, 0xB0, 0x19, 0x98, 0x31, 0x98, 0x31, 0x8C, 0x61, 0x86, 0x41, 0x86, 0xFC, 0xC6, 0x03,
    0x03, 0x06, 0x7C, 0x06, 0x03, 0x03, 0x03, 0xC6, 0xFC, 0xC1, 0xF0, 0x7C, 0x3F, 0x1B, 0xC6, 0xF3,
    0x3C, 0x8F, 0x63, 0xF0, 0xF8, 0x3E, 0x0F, 0x03, 0x32, 0x07, 0x80, 0x03, 0x07, 0xC1, 0xF0, 0xFC,
    0x6F, 0x1B, 0xCC, 0xF2, 0x3D, 0x8F, 0xC3, 0xE0, 0xF8, 0x3C, 0x0C, 0xC3, 0x63, 0x31, 0x99, 0x8D,
    0x87, 0xC3, 0x61, 0x98, 0xCE, 0x63, 0x30, 0xD8, 0x30, 0x1F, 0xE3, 0x0C, 0x61, 0x8C, 0x31, 0x86,
    0x30, 0xC6, 0x18, 0xC3, 0x10, 0x62, 0x0C, 0xC1, 0xF0, 0x30, 0xE0, 0x7E, 0x07, 0xE0, 0x7F, 0x0F,
    0xD0, 0xBD, 0x8B, 0xD9, 0xBC, 0x93, 0xCF, 0x3C, 0xF3, 0xC6, 0x3C, 0x63, 0xC1, 0xE0, 0xF0, 0x78,
    0x3C, 0x1F, 0xFF, 0x07, 0x83, 0xC1, 0xE0, 0xF0, 0x78, 0x30, 0x1F, 0x0E, 0x31, 0x83, 0x60, 0x2C,
    0x07, 0x80, 0xF0, 0x1E, 0x03, 0xC0, 0xCC, 0x19, 0xC6, 0x0F, 0x80, 0xFF, 0xE0, 0xF0, 0x78, 0x3C,
    0x1E, 0x0F, 0x07, 0x83, 0xC1, 0xE0, 0xF0, 0x78, 0x30, 0xFC, 0xCE, 0xC3, 0xC3, 0xC3, 0xC6, 0xFC,
    0xC0, 0xC0, 0xC0, 0xC0, 0xC0, 0x1F, 0x38, 0x98, 0x18, 0x0C, 0x06, 0x03, 0x01, 0x80, 0xC0, 0x30,
    0x1C, 0x43, 0xE0, 0xFF, 0x8C, 0x06, 0x03, 0x01, 0x80, 0xC0, 0x60, 0x30, 0x18, 0x0C, 0x06, 0x03,
    0x00, 0x60, 0x6C, 0x08, 0xC3, 0x18, 0x41, 0x98, 0x33, 0x03, 0xC0, 0x78, 0x06, 0x00, 0xC0, 0x30,
    0x1C, 0x00, 0x06, 0x03, 0xF8, 0x76, 0xEC, 0x66, 0xC6, 0x3C, 0x63, 0xC6, 0x3C, 0x66, 0x66, 0xE3,
    0xFC, 0x06, 0x00, 0x60, 0x60, 0xC6, 0x30, 0xC6, 0x0D, 0x80, 0xE0, 0x1C, 0x03, 0x80, 0xD8, 0x1B,
    0x06, 0x30, 0x82, 0x30, 0x60, 0xC1, 0x98, 0x33, 0x06, 0x60, 0xCC, 0x19, 0x83, 0x30, 0x66, 0x0C,
    0xC1, 0x98, 0x33, 0x06, 0x7F, 0xF0, 0x06, 0x00, 0xC0, 0x10, 0xC1, 0xE0, 0xF0, 0x78, 0x3C, 0x1E,
    0x0D, 0xFE, 0x03, 0x01, 0x80, 0xC0, 0x60, 0x30, 0xC3, 0x07, 0x86, 0x0F, 0x0C, 0x1E, 0x18, 0x3C,
    0x30, 0x78, 0x60, 0xF0, 0xC1, 0xE1, 0x83, 0xC3, 0x07, 0x86, 0x0F, 0x0C, 0x1F, 0xFF, 0xF0, 0xC3,
    0x0C, 0xC3, 0x0C, 0xC3, 0x0C, 0xC3, 0x0C, 0xC3, 0x0C, 0xC3, 0x0C, 0xC3, 0x0C, 0xC3, 0x0C, 0xC3,
    0x0C, 0xC3, 0x0C, 0xC3, 0x0C, 0xFF, 0xFF, 0x00, 0x03, 0x00, 0x03, 0x00, 0x02, 0xF8, 0x03, 0x00,
    0x60, 0x0C, 0x01, 0x80, 0x3F, 0x06, 0x30, 0xC3, 0x18, 0x63, 0x0C, 0x67, 0x0F, 0xC0, 0xC0, 0x78,
    0x0F, 0x01, 0xE0, 0x3C, 0x07, 0xF8, 0xF1, 0x9E, 0x1B, 0xC3, 0x78, 0x6F, 0x39, 0xFE, 0x30, 0xC0,
    0xC0, 0xC0, 0xC0, 0xC0, 0xFC, 0xC6, 0xC3, 0xC3, 0xC3, 0xCE, 0xFC, 0x7E, 0x11, 0xC0, 0x18, 0x06,
    0x00, 0xCF, 0xF0, 0x0C, 0x02, 0x01, 0x80, 0x64, 0x71, 0xF8, 0xC3, 0xE3, 0x18, 0xEC, 0xC1, 0xB2,
    0x03, 0xD8, 0x0F, 0xE0, 0x3D, 0x80, 0xF6, 0x03, 0xC8, 0x0F, 0x30, 0x6C, 0x63, 0xB0, 0xF8, 0x1F,
    0xB8, 0xD8, 0x6C, 0x36, 0x1B, 0x8C, 0xFE, 0x33, 0x11, 0x98, 0xD8, 0x68, 0x30, 0x7C, 0x8C, 0x1B,
    0xFE, 0x78, 0xF1, 0xE7, 0x7A, 0x00, 0x1E, 0x3C, 0x60, 0xC0, 0xFC, 0xE6, 0xC3, 0xC3, 0xC3, 0xC3,
    0xC3, 0x66, 0x3C, 0xFD, 0x8F, 0x1E, 0x3F, 0xD8, 0xF1, 0xE3, 0xFC, 0xFF, 0x0C, 0x30, 0xC3, 0x0C,
    0x30, 0xC0, 0x3F, 0x8C, 0x63, 0x18, 0xC6, 0x21, 0x88, 0x66, 0x19, 0x86, 0xFF, 0xF0, 0x3C, 0x0F,
    0x03, 0x3C, 0x66, 0xC2, 0xC3, 0xFF, 0xC0, 0xC0, 0x62, 0x3E, 0x63, 0x19, 0x19, 0x8C, 0xC8, 0x36,
    0xC1, 0xFC, 0x0D, 0xB0, 0xCC, 0x8C, 0x66, 0x63, 0x18, 0x7C, 0x98, 0x18, 0x67, 0xC0, 0xC1, 0xC7,
    0xFC, 0xC7, 0xC7, 0xCF, 0xCB, 0xDB, 0xF3, 0xE3, 0xE3, 0xC3, 0x64, 0x3C, 0x00, 0xC7, 0xC7, 0xCF,
    0xCB, 0xDB, 0xF3, 0xE3, 0xE3, 0xC3, 0xC6, 0xC4, 0xCC, 0xD8, 0xF8, 0xD8, 0xCC, 0xC6, 0xC6, 0x1F,
    0x8C, 0xC6, 0x63, 0x31, 0x98, 0xCC, 0x46, 0x63, 0x71, 0x80, 0xC0, 0xF8, 0x7E, 0x1F, 0xCF, 0xD2,
    0xF4, 0xBD, 0xEF, 0x33, 0xCC, 0xC0, 0xC3, 0xC3, 0xC3, 0xC3, 0xFF, 0xC3, 0xC3, 0xC3, 0xC3, 0x3E,
    0x33, 0xB0, 0xD8, 0x3C, 0x1E, 0x0F, 0x0C, 0xCE, 0x3E, 0x00, 0xFF, 0xC3, 0xC3, 0xC3, 0xC3, 0xC3,
    0xC3, 0xC3, 0xC3, 0xBC, 0xE6, 0xC3, 0xC3, 0xC3, 0xC3, 0xC3, 0xE6, 0xFC, 0xC0, 0xC0, 0xC0, 0xC0,
    0x3E, 0xC3, 0x06, 0x0C, 0x18, 0x30, 0x30, 0x3C, 0xFE, 0x30, 0x60, 0xC1, 0x83, 0x06, 0x0C, 0x18,
    0x61, 0x98, 0x62, 0x10, 0xCC, 0x33, 0x04, 0x81, 0xE0, 0x30, 0x0C, 0x03, 0x00, 0x80, 0x60, 0x70,
    0x00, 0x04, 0x01, 0x80, 0x30, 0x06, 0x03, 0xF0, 0xFB, 0x33, 0x36, 0x62, 0xCC, 0x79, 0x8B, 0x33,
    0x3E, 0xC3, 0xF0, 0x18, 0x03, 0x00, 0x60, 0x0C, 0x00, 0x63, 0x31, 0x8D, 0x83, 0x81, 0xC0, 0xE0,
    0xD8, 0xC6, 0x41, 0x00, 0xC3, 0x61, 0xB0, 0xD8, 0x6C, 0x36, 0x1B, 0x0D, 0x86, 0xFF, 0x80, 0xC0,
    0x60, 0x30, 0xC3, 0xC3, 0xC3, 0xC3, 0xC3, 0x7F, 0x03, 0x03, 0x03, 0xC6, 0x1E, 0x30, 0xF1, 0x87,
    0x8C, 0x3C, 0x61, 0xE3, 0x0F, 0x18, 0x78, 0xC3, 0xFF, 0xF8, 0xC6, 0x33, 0x18, 0xCC, 0x63, 0x31,
    0x8C, 0xC6, 0x33, 0x18, 0xCC, 0x63, 0x31, 0x8C, 0xFF, 0xFC, 0x00, 0x30, 0x00, 0xC0, 0x03, 0xF8,
    0x06, 0x01, 0x80, 0x7E, 0x19, 0xC6, 0x31, 0x8C, 0x67, 0x1F, 0x80, 0xC0, 0xF0, 0x3C, 0x0F, 0xF3,
    0xCE, 0xF1, 0xBC, 0x6F, 0x3B, 0xFC, 0xC0, 0xC1, 0x83, 0x07, 0xEC, 0xF8, 0xF1, 0xE7, 0xFC, 0x7C,
    0x4E, 0x06, 0x03, 0x7F, 0x03, 0x06, 0x0E, 0x7C, 0xC7, 0x99, 0x9B, 0x61, 0xEC, 0x3F, 0x87, 0xB0,
    0xF6, 0x1E, 0x66, 0xC7, 0x80, 0x3F, 0x63, 0x63, 0x63, 0x3F, 0x13, 0x33, 0x63, 0x63, 0x30, 0x10,
    0x08, 0x00, 0x3C, 0x66, 0xC2, 0xC3, 0xFF, 0xC0, 0xC0, 0x62, 0x3E, 0x26, 0x00, 0x00, 0x3C, 0x66,
    0xC2, 0xC3, 0xFF, 0xC0, 0xC0, 0x62, 0x3E, 0x60, 0x30, 0x3F, 0x0C, 0x06, 0xF3, 0x9D, 0x86, 0xC3,
    0x61, 0xB0, 0xD8, 0x6C, 0x36, 0x18, 0x0C, 0x06, 0x03, 0x07, 0x00, 0x08, 0x63, 0x00, 0xFF, 0x0C,
    0x30, 0xC3, 0x0C, 0x30, 0xC0, 0x3E, 0xC3, 0x06, 0x0F, 0xD8, 0x30, 0x30, 0x3C, 0x3E, 0x62, 0x60,
    0x70, 0x1C, 0x06, 0x03, 0x46, 0x7C, 0xE3, 0xFF, 0xFF, 0xFA, 0x06, 0x66, 0x66, 0x66, 0x66, 0x18,
    0x80, 0x31, 0x8C, 0x63, 0x18, 0xC6, 0x31, 0x8C, 0xDE, 0x1F, 0x80, 0x33, 0x00, 0x66, 0x00, 0xCF,
    0xC1, 0x98, 0xC3, 0x30, 0xC4, 0x61, 0x98, 0xC6, 0x71, 0xF8, 0xC3, 0x06, 0x18, 0x30, 0xC1, 0x86,
    0x0F, 0xFF, 0x61, 0x9B, 0x0C, 0x78, 0x66, 0xC3, 0xF0, 0x60, 0x30, 0x3F, 0x0C, 0x06, 0xF3, 0x9D,
    0x86, 0xC3, 0x61, 0xB0, 0xD8, 0x6C, 0x36, 0x18, 0x04, 0x08, 0x10, 0x00, 0xC6, 0xCC, 0xCC, 0xD8,
    0xF8, 0xD8, 0xCC, 0xCC, 0xC6, 0x20, 0x30, 0x18, 0x00, 0xC7, 0xC7, 0xCF, 0xCB, 0xDB, 0xF3, 0xE3,
    0xE3, 0xC3, 0x13, 0x07, 0x80, 0x01, 0x86, 0x61, 0x88, 0x43, 0x30, 0xCC, 0x12, 0x07, 0x80, 0xC0,
    0x30, 0x0C, 0x02, 0x01, 0x81, 0xC0, 0xC3, 0xC3, 0xC3, 0xC3, 0xC3, 0xC3, 0xC3, 0xC3, 0xFF, 0x18,
    0x18, 0x10, 0xC3, 0x07, 0x86, 0x0F, 0x04, 0x1E, 0x0C, 0x2C, 0x38, 0x4C, 0x71, 0x98, 0xE3, 0x33,
    0x66, 0x34, 0xD8, 0x78, 0xB0, 0x71, 0xC0, 0xC1, 0x80, 0xC6, 0x1E, 0x30, 0xF0, 0x85, 0x86, 0x64,
    0x73, 0x33, 0x98, 0xB5, 0x87, 0x3C, 0x18, 0xC0, 0x30, 0x0C, 0x0F, 0xE0, 0xC0, 0x30, 0x0F, 0xC3,
    0x1C, 0xC3, 0x30, 0xCC, 0x33, 0x1C, 0xFC, 0x20, 0x0C, 0x0F, 0xC0, 0xC0, 0x30, 0x0C, 0x03, 0xF8,
    0xC6, 0x30, 0xCC, 0x63, 0xF8, 0xC1, 0xFB, 0x0E, 0x6C, 0x60, 0x31, 0x80, 0xCC, 0x03, 0xFF, 0xCC,
    0xC0, 0x33, 0x00, 0xC6, 0x03, 0x18, 0x0C, 0x38, 0xB0, 0x7E, 0xC3, 0xF8, 0xCB, 0x30, 0x66, 0x0F,
    0xFD, 0x98, 0x33, 0x06, 0x30, 0xC3, 0xC0, 0x06, 0x00, 0xE0, 0x0B, 0x01, 0xB0, 0x19, 0x81, 0xF8,
    0x36, 0x82, 0x6C, 0x66, 0xC6, 0x66, 0x46, 0x6C, 0x62, 0x0E, 0x01, 0xE0, 0x2C, 0x0C, 0x81, 0xF8,
    0x6F, 0x0D, 0xB3, 0x36, 0x66, 0x40, 0xC1, 0x81, 0x83, 0x83, 0x0F, 0x06, 0x1B, 0x0C, 0x66, 0x1F,
    0xFC, 0x33, 0x6C, 0x66, 0xC8, 0xCD, 0x99, 0xB3, 0x33, 0x66, 0x36, 0x8C, 0x60, 0xC7, 0x0C, 0x78,
    0xC5, 0x8C, 0xC8, 0xFF, 0xCD, 0xBC, 0xDB, 0x6D, 0x36, 0xF3, 0x20, 0x3F, 0xF0, 0xC1, 0xC1, 0x86,
    0x03, 0x30, 0x07, 0x80, 0x7F, 0x01, 0xB6, 0x0C, 0xCC, 0x33, 0x30, 0x8C, 0x46, 0x31, 0x98, 0xC6,
    0x3F, 0xC3, 0x0C, 0x19, 0x80, 0xF0, 0x1F, 0x83, 0x6C, 0x26, 0x46, 0x66, 0x66, 0x60, 0xCF, 0xFC,
    0xCC, 0x1C, 0xC6, 0x18, 0xC3, 0x30, 0xC1, 0xE0, 0xFF, 0xF0, 0xCE, 0xD8, 0xCC, 0xCC, 0xCC, 0xCC,
    0xC8, 0xC4, 0xD8, 0xC6, 0xD8, 0xC6, 0xDF, 0xE6, 0xC3, 0x33, 0x31, 0x8F, 0x0F, 0xFC, 0x6D, 0xB3,
    0x6C, 0x9A, 0x66, 0xF3, 0x30, 0x66, 0x3C, 0x3C, 0xF7, 0x03, 0x03, 0x06, 0x7C, 0x06, 0x03, 0x03,
    0x03, 0x06, 0x7C, 0xC0, 0xC0, 0x7F, 0x00, 0x27, 0x3C, 0x7C, 0x7E, 0x03, 0x06, 0x3C, 0x06, 0x03,
    0x06, 0x7E, 0xC0, 0xC0, 0x7F, 0x00, 0xCC, 0x79, 0x8F, 0x31, 0xE6, 0x3C, 0xC7, 0x98, 0xB3, 0x33,
    0x66, 0x3F, 0x81, 0x80, 0x30, 0x06, 0x00, 0x08, 0x03, 0x00, 0xC0, 0x30, 0xCC, 0xF3, 0x3C, 0xCF,
    0x33, 0xCC, 0xF3, 0x3C, 0xCD, 0xBE, 0x3F, 0x03, 0x00, 0xC0, 0x30, 0x0C, 0x00, 0x1F, 0x0E, 0x39,
    0x83, 0x60, 0x3C, 0x07, 0xFF, 0xF0, 0x1E, 0x03, 0xC0, 0x6C, 0x19, 0xC7, 0x0F, 0x80, 0x3C, 0x66,
    0xC3, 0xC3, 0xFF, 0xC3, 0xC3, 0x66, 0x3C, 0x60, 0x76, 0x06, 0x20, 0xC3, 0x0C, 0x30, 0x81, 0x98,
    0x19, 0x81, 0x90, 0x0F, 0x00, 0xF0, 0x06, 0x00, 0x60, 0xC1, 0xE1, 0x98, 0x8C, 0x42, 0x61, 0xB0,
    0xD0, 0x38, 0x1C, 0x00, 0x16, 0x01, 0xB0, 0x09, 0x00, 0x00, 0x60, 0x76, 0x06, 0x20, 0xC3, 0x0C,
    0x30, 0x81, 0x98, 0x19, 0x81, 0x90, 0x0F, 0x00, 0xF0, 0x06, 0x00, 0x60, 0x48, 0x36, 0x0D, 0x80,
    0x0C, 0x1E, 0x19, 0x88, 0xC4, 0x26, 0x1B, 0x0D, 0x03, 0x81, 0xC0, 0x3E, 0x00, 0x07, 0x38, 0x00,
    0x60, 0x80, 0x0C, 0x0D, 0x86, 0xC0, 0xD8, 0x6C, 0x0C, 0x84, 0xC0, 0xCC, 0xCC, 0x0C, 0x4C, 0xC0,
    0xC6, 0x86, 0x08, 0x78, 0x73, 0x83, 0x83, 0xE0, 0x30, 0x00, 0x03, 0x00, 0x00, 0x20, 0x00, 0x06,
    0x00, 0x01, 0xC0, 0x3E, 0x61, 0x99, 0xD8, 0x6C, 0x32, 0x13, 0x06, 0xCC, 0xC1, 0x93, 0x30, 0x66,
    0x8C, 0x31, 0xE1, 0x9C, 0x38, 0x3E, 0x0C, 0x00, 0x03, 0x00, 0x00, 0x80, 0x00, 0x60, 0x00, 0x70,
    0x00, 0x06, 0x01, 0xF8, 0x7F, 0xC6, 0x06, 0xC0, 0x6C, 0x03, 0xC0, 0x3C, 0x03, 0xC0, 0x3C, 0x06,
    0x60, 0x67, 0x6C, 0x1F, 0x80, 0x60, 0x08, 0x1F, 0x1F, 0xD8, 0x3C, 0x1E, 0x0F, 0x07, 0x83, 0x7F,
    0x1F, 0x07, 0x00, 0x07, 0x80, 0x09, 0xC0, 0x04, 0x00, 0x08, 0x00, 0x00, 0x07, 0xCF, 0x1C, 0x93,
    0x20, 0x02, 0xC0, 0x07, 0x80, 0x0F, 0x00, 0x1E, 0x08, 0x3C, 0x18, 0x78, 0x30, 0xD8, 0x61, 0x39,
    0xCE, 0x3E, 0xF8, 0x0F, 0x00, 0x5E, 0x00, 0x80, 0x06, 0x00, 0x20, 0x00, 0x00, 0xE3, 0x8C, 0x06,
    0xC0, 0x1E, 0x00, 0xF0, 0x87, 0x86, 0x3C, 0x31, 0xB3, 0x98, 0xF7, 0x80, 0x0F, 0xE0, 0x12, 0x80,
    0x00, 0x06, 0x18, 0x3C, 0x30, 0x78, 0x20, 0xF0, 0x61, 0x61, 0xC2, 0x63, 0x8C, 0xC7, 0x19, 0x9B,
    0x31, 0xA6, 0xC3, 0xC5, 0x83, 0x8E, 0x06, 0x0C, 0x00, 0x1F, 0xC0, 0x94, 0x00, 0x01, 0x8C, 0x3C,
    0x61, 0xE1, 0x0B, 0x0C, 0xC8, 0xE6, 0x67, 0x31, 0x6B, 0x0E, 0x78, 0x31, 0x80, 0x1F, 0x8E, 0x26,
    0x03, 0x00, 0xC0, 0x30, 0x0C, 0x03, 0x00, 0xC0, 0x18, 0x07, 0x00, 0x7C, 0x03, 0x00, 0xC0, 0x30,
    0x0C, 0x3E, 0xC3, 0x06, 0x0C, 0x18, 0x30, 0x30, 0x3C, 0x18, 0x30, 0x60, 0xC0, 0x00, 0x00, 0x41,
    0xB0, 0x38, 0x07, 0x01, 0x26, 0x80, 0xE0, 0x1E, 0x0C, 0x82, 0x00, 0x00, 0x00, 0x3F, 0xE0, 0x1E,
    0xE4, 0x00, 0xE4, 0xD8, 0xF1, 0x38, 0x00, 0x00, 0xE0, 0x00, 0x36, 0x00, 0x00, 0x00, 0x1C, 0x01,
    0xC2, 0x40, 0x48, 0x00, 0x00, 0x00, 0x00, 0x00, 0x00, 0x00, 0xF0, 0x01, 0xF2, 0x00, 0x24, 0x00,
    0x00, 0x00, 0x00, 0x03, 0x80, 0x38, 0x48, 0x09, 0x00, 0x00, 0x00, 0x07, 0x00, 0x01, 0xB0, 0x00,
    0x00, 0x00, 0x00, 0x40, 0x00, 0x30, 0x03, 0x0C, 0x00, 0x40, 0x1C, 0x18, 0x06, 0x00, 0x00, 0x00,
    0x00, 0x00, 0x00, 0x00, 0xE0, 0x01, 0x98, 0x00, 0x70, 0x00, 0x00, 0x00, 0x00, 0x00, 0x00, 0x02,
    0x01, 0x81, 0x80, 0x60, 0x83, 0x08, 0x00, 0xC0, 0x00, 0x20, 0x00, 0x33, 0x03, 0xE0, 0x00, 0x0C,
    0x1C, 0xC1, 0xCC, 0x3C, 0xC2, 0xCC, 0x6C, 0xCC, 0xCC, 0x8C, 0xD8, 0xCD, 0x0C, 0xF0, 0xCE, 0x0C,
    0xC0, 0xE0, 0x06, 0x00, 0x60, 0x0C, 0x42, 0x19, 0x83, 0xE0, 0x00, 0xC3, 0x31, 0xCC, 0xF3, 0x2C,
    0xDB, 0x34, 0xCF, 0x33, 0x8C, 0xC3, 0x80, 0x20, 0x18, 0x06, 0x60, 0x30, 0x3E, 0x0C, 0x06, 0x03,
    0xF1, 0x8C, 0xC3, 0x61, 0xB0, 0xD8, 0xCF, 0xC0, 0x20, 0x30, 0x3E, 0x0C, 0x06, 0x03, 0x01, 0x80,
    0xC0, 0x7F, 0x30, 0xD8, 0x6C, 0x37, 0xF0, 0xFC, 0xCE, 0xC3, 0xC3, 0xD3, 0xCE, 0xFC, 0xC6, 0xC0,
    0xC0, 0xC0, 0xC0, 0xBC, 0xE6, 0xC3, 0xC3, 0xC3, 0xC3, 0xCB, 0xEE, 0xFE, 0xC2, 0xC0, 0xC0, 0xC0,
    0x06, 0x0F, 0xFE, 0x0C, 0x18, 0x30, 0x60, 0xC1, 0x83, 0x06, 0x0C, 0x18, 0x00, 0x0C, 0x30, 0xFF,
    0xC3, 0x0C, 0x30, 0xC3, 0x0C, 0x30, 0x7F, 0x60, 0x60, 0x60, 0x60, 0x60, 0xFC, 0x60, 0x60, 0x60,
    0x60, 0x60, 0x7E, 0x60, 0x60, 0x60, 0xFC, 0x60, 0x60, 0x60, 0x60, 0xFE, 0x60, 0x30, 0x18, 0x0C,
    0x07, 0xE3, 0x39, 0x86, 0xC1, 0x60, 0xF0, 0x78, 0x30, 0x10, 0x18, 0x9C, 0x78, 0xFD, 0x83, 0x06,
    0x0F, 0x99, 0xB1, 0xE3, 0xC6, 0x0C, 0x18, 0x63, 0x80, 0x61, 0x84, 0x31, 0x8C, 0x11, 0x98, 0x19,
    0xB0, 0x0D, 0xE0, 0x07, 0xE0, 0x07, 0xE0, 0x0D, 0xB0, 0x19, 0xB0, 0x31, 0x98, 0x31, 0x8C, 0x61,
    0x87, 0x00, 0x03, 0x00, 0x03, 0x00, 0x03, 0x63, 0x10, 0xCC, 0x81, 0xB6, 0x02, 0xF0, 0x0F, 0x80,
    0x6F, 0x01, 0x36, 0x0C, 0xCC, 0x63, 0x1C, 0x00, 0x30, 0x00, 0xC0, 0x03, 0xFC, 0xC6, 0x03, 0x03,
    0x02, 0x06, 0x7C, 0x07, 0x03, 0x03, 0x87, 0xFC, 0x18, 0x08, 0x0C, 0x18, 0x7C, 0x46, 0x06, 0x06,
    0x3C, 0x06, 0x03, 0x46, 0x7C, 0x18, 0x0C, 0x0C, 0x18, 0xC3, 0x31, 0x8C, 0xC3, 0x30, 0xD8, 0x3C,
    0x0F, 0x03, 0x60, 0xCC, 0x31, 0x8C, 0x33, 0x0F, 0x00, 0xC0, 0x30, 0x0C, 0xC4, 0xCC, 0xD8, 0xF0,
    0xE0, 0xF0, 0xD8, 0xCC, 0xC7, 0x03, 0x03, 0x03, 0xC1, 0xB0, 0xCF, 0x63, 0xF0, 0xF8, 0x3C, 0x0F,
    0x03, 0xE0, 0xFC, 0x3D, 0x8C, 0x33, 0x06, 0xC6, 0xFC, 0xF8, 0xF0, 0xF0, 0xF0, 0xF8, 0xFC, 0xC6,
    0x30, 0xC6, 0x31, 0xE6, 0x19, 0x83, 0x60, 0x7C, 0x0D, 0x81, 0x98, 0x33, 0x86, 0x30, 0xC3, 0x18,
    0x30, 0x60, 0x30, 0x3F, 0x0C, 0x06, 0x33, 0x31, 0x90, 0xD0, 0x78, 0x36, 0x19, 0x8C, 0x46, 0x30,
    0xF8, 0x61, 0x8C, 0x19, 0x81, 0xB0, 0x1B, 0x01, 0xE0, 0x1E, 0x01, 0xB0, 0x19, 0x81, 0x8C, 0x18,
    0x61, 0x86, 0xF8, 0xC3, 0x30, 0x6C, 0x0F, 0x01, 0xC0, 0x3C, 0x06, 0xC0, 0xCC, 0x18, 0xC0, 0xC1,
    0x98, 0x33, 0x06, 0x60, 0xCC, 0x19, 0xFF, 0x30, 0x66, 0x0C, 0xC1, 0x98, 0x33, 0x06, 0x60, 0xF0,
    0x06, 0x00, 0xC0, 0x18, 0xC3, 0x61, 0xB0, 0xD8, 0x6F, 0xF6, 0x1B, 0x0D, 0x86, 0xC3, 0x80, 0xC0,
    0x60, 0x30, 0xC1, 0xFC, 0x18, 0xC1, 0x8C, 0x18, 0xC1, 0x8F, 0xF8, 0xC1, 0x8C, 0x18, 0xC1, 0x8C,
    0x18, 0xC1, 0x8C, 0x18, 0xC3, 0xF8, 0x63, 0x0C, 0x61, 0x8F, 0xF1, 0x86, 0x30, 0xC6, 0x18, 0xC3,
    0x00, 0xFF, 0x80, 0xC1, 0x80, 0xC1, 0x80, 0xC1, 0x80, 0xC1, 0x80, 0xC1, 0x80, 0xC1, 0xF8, 0xC1,
    0x8C, 0xC1, 0x86, 0xC1, 0x82, 0xC1, 0x83, 0xC1, 0x83, 0x00, 0x02, 0x00, 0x06, 0x00, 0x0E, 0x00,
    0x78, 0xFF, 0x06, 0x18, 0x30, 0xC1, 0x86, 0x0C, 0x3E, 0x61, 0x9B, 0x0C, 0x58, 0x63, 0xC3, 0x18,
    0x00, 0xC0, 0x04, 0x00, 0x60, 0x0E, 0x00, 0x1E, 0x07, 0x00, 0x63, 0xCC, 0x66, 0xC6, 0x6C, 0x66,
    0xC6, 0x6C, 0x66, 0xC6, 0x66, 0x2C, 0x73, 0xC1, 0xFF, 0x00, 0x00, 0x3C, 0x30, 0x31, 0xD9, 0xBC,
    0xDE, 0x6F, 0x36, 0xCE, 0x3F, 0x80, 0x1F, 0x98, 0xD8, 0x18, 0x0C, 0x06, 0x03, 0x01, 0x80, 0xC0,
    0x30, 0x1C, 0x43, 0xE0, 0xC0, 0x20, 0x18, 0x18, 0x3C, 0xC3, 0x06, 0x0C, 0x18, 0x30, 0x30, 0x3C,
    0x30, 0x20, 0x61, 0x80, 0xFF, 0x8C, 0x06, 0x03, 0x01, 0x80, 0xC0, 0x60, 0x30, 0x18, 0x0C, 0x06,
    0x03, 0xC0, 0x60, 0x30, 0x18, 0xFE, 0x30, 0x60, 0xC1, 0x83, 0x06, 0x0C, 0x1C, 0x18, 0x30, 0x60,
    0xC0, 0x98, 0x66, 0x30, 0xCC, 0x36, 0x07, 0x81, 0xC0, 0x30, 0x0C, 0x03, 0x00, 0xC0, 0x30, 0x41,
    0x98, 0x66, 0x30, 0x8C, 0x32, 0x05, 0x81, 0xE0, 0x70, 0x0C, 0x03, 0x00, 0xC0, 0x30, 0x0C, 0x00,
    0x40, 0x98, 0x63, 0x10, 0xCC, 0x1B, 0x07, 0x80, 0xE0, 0x30, 0x3F, 0x03, 0x00, 0xC0, 0x30, 0x61,
    0x98, 0x62, 0x10, 0xCC, 0x33, 0x06, 0x81, 0xE0, 0x38, 0x0C, 0x0F, 0xC0, 0xC0, 0x30, 0x0C, 0x00,
    0x60, 0x8C, 0x30, 0xCC, 0x09, 0x81, 0xE0, 0x18, 0x03, 0x00, 0xF0, 0x33, 0x06, 0x61, 0x86, 0x60,
    0x70, 0x06, 0x00, 0xC0, 0x18, 0x61, 0x8C, 0xC1, 0x60, 0x78, 0x0C, 0x07, 0x83, 0x60, 0xCC, 0x61,
    0xC0, 0x30, 0x0C, 0x03, 0xFF, 0x98, 0x60, 0x61, 0x81, 0x86, 0x06, 0x18, 0x18, 0x60, 0x61, 0x81,
    0x86, 0x06, 0x18, 0x18, 0x60, 0x61, 0x81, 0x87, 0xFF, 0x00, 0x0C, 0x00, 0x30, 0x00, 0xC0, 0xFE,
    0xC3, 0x0C, 0x30, 0xC3, 0x0C, 0x30, 0xC3, 0x0C, 0x30, 0xC3, 0x0C, 0x3F, 0xF0, 0x03, 0x00, 0x30,
    0x03, 0xC1, 0xB0, 0x6C, 0x1B, 0x06, 0xC1, 0xB0, 0x6C, 0x39, 0xFE, 0x01, 0x80, 0x60, 0x18, 0x07,
    0x00, 0xC0, 0x30, 0x0C, 0xC3, 0x61, 0xB0, 0xD8, 0x6C, 0x73, 0xF8, 0x0C, 0x06, 0x03, 0x80, 0xC0,
    0x60, 0x30, 0xC1, 0xE0, 0xF0, 0x78, 0x3D, 0x9E, 0xCF, 0x6E, 0xFF, 0x19, 0x8C, 0xC0, 0x60, 0x30,
    0xC3, 0xC3, 0xC3, 0xDB, 0xDF, 0x7F, 0x1B, 0x1B, 0x03, 0xC0, 0x60, 0x30, 0x18, 0x0F, 0xE7, 0x1B,
    0x07, 0x83, 0xC1, 0xE0, 0xF0, 0x78, 0x30, 0xC0, 0xC0, 0xC0, 0xC0, 0xFC, 0xE6, 0xC3, 0xC3, 0xC3,
    0xC3, 0xC3, 0xC3, 0xC3, 0x07, 0xC0, 0x63, 0x06, 0x0D, 0x20, 0x2F, 0x01, 0xFF, 0xFC, 0xC0, 0x06,
    0x00, 0x18, 0x00, 0xC0, 0x03, 0x8C, 0x0F, 0xE0, 0x0F, 0x06, 0x6D, 0x0F, 0xC3, 0xFF, 0xCC, 0x01,
    0x00, 0x70, 0x0F, 0x80, 0x07, 0xC0, 0x63, 0x06, 0x0D, 0x20, 0x2F, 0x01, 0xFF, 0xFC, 0xC0, 0x06,
    0x00, 0x18, 0x00, 0xC0, 0x03, 0x8C, 0x0F, 0xE0, 0x18, 0x00, 0xC0, 0x06, 0x00, 0x0F, 0x06, 0x6D,
    0x0F, 0xC3, 0xFF, 0xCC, 0x01, 0x00, 0x70, 0x0F, 0x81, 0x80, 0x60, 0x18, 0xF6, 0x66, 0x66, 0x66,
    0x66, 0x6F, 0x06, 0x40, 0x03, 0xC0, 0x00, 0x00, 0x61, 0x86, 0x21, 0x8C, 0x31, 0x8C, 0x19, 0x98,
    0x09, 0xB0, 0x0F, 0xF0, 0x0D, 0xB0, 0x19, 0x98, 0x31, 0x98, 0x31, 0x8C, 0x61, 0x86, 0x41, 0x86,
    0x0C, 0x80, 0x3C, 0x00, 0x00, 0xC6, 0x32, 0x33, 0x19, 0x90, 0x6D, 0x83, 0xF8, 0x1B, 0x61, 0x99,
    0x18, 0xCC, 0xC6, 0x30, 0xC3, 0x63, 0x33, 0x19, 0x8D, 0x87, 0x83, 0xF9, 0x8E, 0xC1, 0xE0, 0xF0,
    0x78, 0x30, 0x18, 0x0C, 0x1C, 0x7C, 0xC6, 0xCC, 0xD8, 0xF0, 0xFC, 0xCE, 0xC6, 0xC3, 0xC3, 0x03,
    0x02, 0x26, 0x3C, 0x0F, 0xE0, 0x63, 0x02, 0x18, 0x10, 0xC1, 0x86, 0x0C, 0x30, 0x61, 0x83, 0x0C,
    0x10, 0x61, 0x83, 0x0C, 0x19, 0xC0, 0xE0, 0x03, 0x00, 0x18, 0x01, 0x80, 0x1F, 0x83, 0x30, 0x46,
    0x08, 0xC1, 0x18, 0x63, 0x0C, 0x63, 0x0C, 0xE1, 0xC0, 0x18, 0x02, 0x00, 0x40, 0xC1, 0xE0, 0xF0,
    0x78, 0x3C, 0x1F, 0xFF, 0x07, 0x83, 0xC1, 0xE0, 0xF0, 0x78, 0x30, 0x18, 0x0C, 0x0C, 0x7C, 0xC3,
    0xC3, 0xC3, 0xC3, 0xFF, 0xC3, 0xC3, 0xC3, 0xC3, 0x03, 0x03, 0x06, 0x1C, 0xC1, 0x98, 0x33, 0x06,
    0x60, 0xCC, 0x19, 0xFF, 0x30, 0x66, 0x0C, 0xC1, 0x98, 0x33, 0x06, 0x60, 0xF0, 0x04, 0x01, 0x80,
    0x30, 0xC3, 0x30, 0xCC, 0x33, 0x0C, 0xFF, 0x30, 0xCC, 0x33, 0x0C, 0xC3, 0x80, 0x20, 0x18, 0x06,
    0xC1, 0xE0, 0xF0, 0x78, 0x3C, 0x1E, 0x0F, 0x0E, 0xFF, 0x01, 0x80, 0xC0, 0x60, 0x70, 0x30, 0x18,
    0x0C, 0xC3, 0xC3, 0xC3, 0xC3, 0xC7, 0x7F, 0x03, 0x03, 0x07, 0x06, 0x06, 0x06, 0xE0, 0x73, 0x81,
    0xCE, 0x07, 0x3C, 0x3C, 0xD0, 0xB3, 0x42, 0xCD, 0x9B, 0x32, 0x4C, 0xCD, 0x33, 0x3C, 0xCC, 0x63,
    0x31, 0x8F, 0x00, 0x08, 0x00, 0x60, 0x01, 0x80, 0xC1, 0xCE, 0x1C, 0xE3, 0xCE, 0x2C, 0xF2, 0xCD,
    0x6C, 0xDC, 0xCC, 0xCC, 0xCC, 0xE0, 0x06, 0x00, 0x60, 0x0C, 0xF6, 0x66, 0x66, 0x66, 0x66, 0x6F,
    0x13, 0x03, 0xC0, 0x00, 0x06, 0x00, 0xE0, 0x1C, 0x06, 0x80, 0x98, 0x31, 0x06, 0x30, 0xFE, 0x30,
    0xC6, 0x0D, 0x81, 0xB0, 0x18, 0x26, 0x3C, 0x00, 0x7E, 0x66, 0x03, 0x03, 0x7F, 0xC3, 0xC3, 0xC7,
    0x7B, 0x1B, 0x00, 0x00, 0x00, 0x06, 0x00, 0xE0, 0x1C, 0x06, 0x80, 0x98, 0x33, 0x06, 0x30, 0xFE,
    0x30, 0xC6, 0x0C, 0x81, 0xB0, 0x10, 0x2C, 0x00, 0x00, 0x7E, 0x66, 0x03, 0x03, 0x7F, 0xE3, 0xC3,
    0xC7, 0x7B, 0x03, 0xFC, 0x1B, 0x00, 0x6C, 0x03, 0x30, 0x0C, 0xC0, 0x63, 0xF1, 0x8C, 0x07, 0xF0,
    0x30, 0xC0, 0x83, 0x06, 0x0C, 0x10, 0x3F, 0x7D, 0xE3, 0x79, 0x81, 0x84, 0x0C, 0x37, 0xFF, 0xF3,
    0x03, 0x18, 0x19, 0xE2, 0x79, 0xF0, 0x6C, 0x78, 0x07, 0xFC, 0x18, 0x30, 0x60, 0xFD, 0x83, 0x06,
    0x0C, 0x18, 0x3F, 0x80, 0x04, 0x24, 0x3C, 0x00, 0x3C, 0x66, 0xC2, 0xC3, 0xFF, 0xC0, 0xC0, 0x62,
    0x3E, 0x7E, 0x18, 0xE0, 0x08, 0x03, 0x00, 0xFF, 0xFC, 0x0F, 0x03, 0xC0, 0xD0, 0x67, 0x38, 0xF8,
    0x7C, 0x4E, 0x02, 0x03, 0xFF, 0xC3, 0xC2, 0x66, 0x3C, 0x36, 0x00, 0x00, 0x01, 0xF8, 0x63, 0x80,
    0x20, 0x0C, 0x03, 0xFF, 0xF0, 0x3C, 0x0F, 0x03, 0x41, 0x9C, 0xE3, 0xE0, 0x6C, 0x00, 0x00, 0x7C,
    0x4E, 0x02, 0x03, 0xFF, 0xC3, 0xC2, 0x66, 0x3C, 0x06, 0x40, 0x00, 0x00, 0x00, 0x00, 0x61, 0x86,
    0x21, 0x8C, 0x31, 0x8C, 0x19, 0x98, 0x09, 0xB0, 0x0F, 0xF0, 0x0D, 0xB0, 0x19, 0x98, 0x31, 0x98,
    0x31, 0x8C, 0x61, 0x86, 0x41, 0x86, 0x0D, 0x80, 0x00, 0x00, 0x01, 0x8C, 0x66, 0x62, 0x1B, 0x30,
    0xDB, 0x03, 0xF8, 0x36, 0xC1, 0xB3, 0x19, 0x8D, 0x8C, 0x60, 0x36, 0x00, 0x00, 0x0F, 0xC4, 0x70,
    0x18, 0x0C, 0x06, 0x3E, 0x03, 0x80, 0x40, 0x30, 0x12, 0x39, 0xF8, 0x6C, 0x00, 0x07, 0xEC, 0xC0,
    0xC3, 0x3C, 0x0E, 0x0E, 0x3F, 0xE0, 0x7F, 0x01, 0x81, 0x81, 0x81, 0x80, 0xF0, 0x0E, 0x03, 0x01,
    0x80, 0xF0, 0xCF, 0xC0, 0xFE, 0x06, 0x0C, 0x18, 0x30, 0x3C, 0x0E, 0x02, 0x03, 0x03, 0x06, 0xCE,
    0xFC, 0x3E, 0x00, 0x0C, 0x1F, 0x07, 0xC3, 0xF1, 0xBC, 0x6F, 0x33, 0xC8, 0xF6, 0x3F, 0x0F, 0x83,
    0xE0, 0xF0, 0x30, 0x7C, 0x00, 0xC7, 0xC7, 0xCF, 0xCB, 0xDB, 0xF3, 0xE3, 0xE3, 0xC3, 0x36, 0x00,
    0x00, 0x03, 0x07, 0xC1, 0xF0, 0xFC, 0x6F, 0x1B, 0xCC, 0xF2, 0x3D, 0x8F, 0xC3, 0xE0, 0xF8, 0x3C,
    0x0C, 0x2C, 0x00, 0x00, 0xC7, 0xC7, 0xCF, 0xCB, 0xDB, 0xF3, 0xE3, 0xE3, 0xC3, 0x1B, 0x00, 0x00,
    0x00, 0x0F, 0x87, 0x1C, 0xC1, 0xB0, 0x1E, 0x03, 0xC0, 0x78, 0x0F, 0x01, 0xE0, 0x36, 0x0C, 0xE3,
    0x87, 0xC0, 0x36, 0x00, 0x00, 0x07, 0xC6, 0x76, 0x1B, 0x07, 0x83, 0xC1, 0xE1, 0x99, 0xC7, 0xC0,
    0x1F, 0x0E, 0x39, 0x83, 0x60, 0x3C, 0x07, 0xFF, 0xF0, 0x1E, 0x03, 0xC0, 0x6C, 0x19, 0xC7, 0x0F,
    0x80, 0x3C, 0x66, 0xC3, 0xC3, 0xFF, 0xC3, 0xC3, 0x66, 0x3C, 0x1B, 0x00, 0x00, 0x00, 0x0F, 0x87,
    0x1C, 0xC1, 0xB0, 0x1E, 0x03, 0xFF, 0xF8, 0x0F, 0x01, 0xE0, 0x36, 0x0C, 0xE3, 0x87, 0xC0, 0x36,
    0x00, 0x00, 0x3C, 0x66, 0xC3, 0xC3, 0xFF, 0xC3, 0xC3, 0x66, 0x3C, 0x36, 0x00, 0x00, 0x01, 0xF8,
    0x63, 0x80, 0x60, 0x0C, 0x03, 0x3F, 0xC0, 0x30, 0x0C, 0x03, 0x01, 0x90, 0xC7, 0xE0, 0x6C, 0x00,
    0x03, 0xC4, 0xC0, 0xC1, 0xBF, 0x06, 0x0C, 0x33, 0xC0, 0x1F, 0x00, 0x03, 0x01, 0x30, 0x66, 0x0C,
    0x63, 0x0C, 0x60, 0xC8, 0x1B, 0x01, 0xC0, 0x18, 0x02, 0x00, 0xC0, 0xF0, 0x00, 0x3E, 0x00, 0x30,
    0x68, 0x26, 0x31, 0x18, 0xD8, 0x6C, 0x14, 0x0E, 0x07, 0x01, 0x01, 0x81, 0x83, 0x80, 0x1B, 0x00,
    0x00, 0x00, 0x60, 0x66, 0x0C, 0xC1, 0x0C, 0x61, 0x88, 0x1B, 0x03, 0x60, 0x38, 0x07, 0x00, 0xC0,
    0x38, 0x1E, 0x00, 0x36, 0x00, 0x00, 0x18, 0x24, 0x33, 0x19, 0x88, 0x4C, 0x36, 0x0A, 0x07, 0x03,
    0x01, 0x80, 0xC0, 0xC1, 0xC0, 0x06, 0xC0, 0x90, 0x24, 0x00, 0x06, 0x06, 0xC0, 0x8C, 0x31, 0x84,
    0x19, 0x83, 0x30, 0x3C, 0x07, 0x80, 0x60, 0x0C, 0x03, 0x01, 0xC0, 0x0D, 0x82, 0x41, 0x20, 0x00,
    0x61, 0x98, 0x62, 0x10, 0xCC, 0x13, 0x06, 0x81, 0xE0, 0x38, 0x0C, 0x03, 0x00, 0x80, 0x60, 0x70,
    0x00, 0x36, 0x00, 0x00, 0x18, 0x3C, 0x1E, 0x0F, 0x07, 0x83, 0xC1, 0xBF, 0xC0, 0x60, 0x30, 0x18,
    0x0C, 0x06, 0x6C, 0x00, 0x00, 0xC3, 0xC3, 0xC3, 0xC3, 0xC3, 0x7F, 0x03, 0x03, 0x03, 0xFF, 0x83,
    0x06, 0x0C, 0x18, 0x30, 0x60, 0xC1, 0x83, 0x07, 0x06, 0x0C, 0x18, 0x00, 0xFF, 0x0C, 0x30, 0xC3,
    0x0C, 0x30, 0xE1, 0x86, 0x18, 0x1B, 0x00, 0x00, 0x00, 0x60, 0x3C, 0x07, 0x80, 0xF0, 0x1E, 0x03,
    0xFC, 0x78, 0xCF, 0x0D, 0xE1, 0xBC, 0x37, 0x9C, 0xFF, 0x18, 0x36, 0x00, 0x00, 0x03, 0x03, 0xC0,
    0xF0, 0x3F, 0xCF, 0x3B, 0xC6, 0xF1, 0xBC, 0xEF, 0xF3, 0x7F, 0x60, 0x60, 0x60, 0x60, 0x60, 0xFC,
    0x60, 0x60, 0x60, 0x60, 0x70, 0x30, 0x30, 0x70, 0x00, 0x7E, 0x60, 0x60, 0x60, 0xFC, 0x60, 0x60,
    0x60, 0x70, 0x30, 0x30, 0x70, 0x00, 0x60, 0x8C, 0x30, 0xCC, 0x0D, 0x81, 0xE0, 0x18, 0x03, 0x80,
    0xF0, 0x33, 0x06, 0x21, 0x86, 0x20, 0x70, 0x06, 0x00, 0xC0, 0x70, 0x00, 0x61, 0x8C, 0xC1, 0x60,
    0x78, 0x0C, 0x07, 0x83, 0x20, 0xCC, 0x61, 0xC0, 0x30, 0x0C, 0x0E, 0x00, 0x00, 0x40, 0x98, 0x63,
    0x30, 0x48, 0x1E, 0x1F, 0xE1, 0xE0, 0x78, 0x33, 0x08, 0x46, 0x1B, 0x03, 0x63, 0x31, 0x8D, 0x83,
    0x87, 0xF0, 0xE0, 0xD8, 0xC6, 0x43, 0x00, 0x06, 0x01, 0xC0, 0x38, 0x05, 0x81, 0x90, 0x33, 0x04,
    0x61, 0xFC, 0x30, 0xCC, 0x19, 0x81, 0x20, 0x30, 0x00, 0x08, 0x01, 0x00, 0x7C, 0x66, 0x03, 0x03,
    0x7F, 0xE3, 0xC3, 0xCF, 0x7B, 0x00, 0x10, 0x10, 0x0E, 0x00, 0x30, 0x06, 0x00, 0x40, 0x00, 0x00,
    0xE0, 0x0E, 0x00, 0xA0, 0x1B, 0x01, 0x90, 0x11, 0x83, 0x18, 0x3F, 0x86, 0x0C, 0x60, 0x44, 0x06,
    0xC0, 0x60, 0x1C, 0x0C, 0x0C, 0x10, 0x00, 0x7C, 0x66, 0x03, 0x03, 0x7F, 0xE3, 0xC3, 0xCF, 0x7B,
    0x00, 0x81, 0xC0, 0x68, 0x08, 0x00, 0xC0, 0x1C, 0x03, 0x80, 0xD0, 0x13, 0x06, 0x20, 0xC6, 0x1F,
    0xC6, 0x18, 0xC1, 0xB0, 0x36, 0x03, 0x01, 0x01, 0x86, 0x84, 0x80, 0x03, 0xE1, 0x98, 0x06, 0x03,
    0x3F, 0xB8, 0xD8, 0x6C, 0xF3, 0xD8, 0x60, 0x01, 0xC0, 0x68, 0x08, 0x00, 0xC0, 0x1C, 0x03, 0x80,
    0xD0, 0x13, 0x06, 0x20, 0xC6, 0x1F, 0xC6, 0x18, 0xC1, 0xB0, 0x36, 0x03, 0x40, 0x30, 0x0B, 0x02,
    0x40, 0x01, 0xF0, 0xCC, 0x03, 0x01, 0x9F, 0xDC, 0x6C, 0x36, 0x79, 0xEC, 0x00, 0xC0, 0x04, 0x06,
    0x80, 0xF0, 0x00, 0x00, 0x60, 0x07, 0x00, 0xF0, 0x0D, 0x00, 0x98, 0x19, 0x81, 0x88, 0x3F, 0xC3,
    0x0C, 0x20, 0x66, 0x06, 0x60, 0x20, 0x03, 0x01, 0x01, 0x1A, 0x24, 0x00, 0x7C, 0x66, 0x03, 0x03,
    0x7F, 0xE3, 0xC3, 0xCF, 0x7B, 0x1F, 0x00, 0x00, 0x38, 0x07, 0x01, 0x30, 0x18, 0x03, 0x80, 0x70,
    0x1A, 0x02, 0x60, 0xC4, 0x18, 0xC3, 0xF8, 0xC3, 0x18, 0x36, 0x06, 0xC0, 0x60, 0x32, 0x7C, 0x00,
    0x18, 0x24, 0x00, 0x7C, 0x66, 0x03, 0x03, 0x7F, 0xE3, 0xC3, 0xCF, 0x7B, 0x04, 0x01, 0xC0, 0x64,
    0x00, 0x00, 0x60, 0x1C, 0x03, 0x80, 0x58, 0x19, 0x03, 0x30, 0x46, 0x1F, 0xC3, 0x0C, 0xC1, 0x98,
    0x12, 0x03, 0x00, 0x00, 0x80, 0x10, 0x00, 0x18, 0x24, 0x00, 0x7C, 0x66, 0x03, 0x03, 0x7F, 0xE3,
    0xC3, 0xCF, 0x7B, 0x00, 0x10, 0x10, 0x02, 0x00, 0xC0, 0x44, 0x0F, 0x00, 0x00, 0x18, 0x03, 0x80,
    0x70, 0x1B, 0x03, 0x60, 0xC4, 0x18, 0xC3, 0xF8, 0xC1, 0x18, 0x32, 0x06, 0xC0, 0x60, 0x0C, 0x08,
    0x66, 0x3C, 0x00, 0x7C, 0x66, 0x03, 0x03, 0x7F, 0xC3, 0xC3, 0xC7, 0x7B, 0x08, 0x01, 0x80, 0x44,
    0x0F, 0x00, 0x00, 0x18, 0x03, 0x80, 0x70, 0x1A, 0x02, 0x60, 0xC4, 0x18, 0xC3, 0xF8, 0xC3, 0x18,
    0x36, 0x06, 0xC0, 0x60, 0x30, 0x10, 0x66, 0x3C, 0x00, 0x7C, 0x66, 0x03, 0x03, 0x7F, 0xC3, 0xC3,
    0xC7, 0x7B, 0x06, 0x00, 0x20, 0x11, 0x00, 0xF0, 0x00, 0x00, 0x60, 0x0E, 0x00, 0xF0, 0x0B, 0x01,
    0x90, 0x19, 0x81, 0x18, 0x3F, 0x83, 0x0C, 0x60, 0x46, 0x06, 0x40, 0x60, 0x18, 0x08, 0x18, 0x66,
    0x3C, 0x00, 0x7C, 0x66, 0x03, 0x03, 0x7F, 0xC3, 0xC3, 0xC7, 0x7B, 0x1F, 0x00, 0x00, 0x4C, 0x0F,
    0x00, 0x00, 0x18, 0x03, 0x80, 0x70, 0x1A, 0x02, 0x60, 0xC4, 0x18, 0xC3, 0xF8, 0xC3, 0x18, 0x36,
    0x06, 0xC0, 0x60, 0x32, 0x6C, 0x00, 0x66, 0x3C, 0x00, 0x7C, 0x66, 0x03, 0x03, 0x7F, 0xC3, 0xC3,
    0xC7, 0x7B, 0x19, 0x01, 0xE0, 0x00, 0x03, 0x00, 0xE0, 0x1C, 0x02, 0xC0, 0xC8, 0x19, 0x82, 0x30,
    0xFE, 0x18, 0x62, 0x0C, 0xC0, 0x90, 0x18, 0x00, 0x04, 0x00, 0x80, 0x66, 0x3C, 0x00, 0x7C, 0x66,
    0x03, 0x03, 0x7F, 0xC3, 0xC3, 0xC7, 0x7B, 0x00, 0x10, 0x10, 0xFF, 0x83, 0x06, 0x0C, 0x1F, 0xB0,
    0x60, 0xC1, 0x83, 0x07, 0xF0, 0x02, 0x04, 0x00, 0x3C, 0x66, 0xC2, 0xC3, 0xFF, 0xC0, 0xC0, 0x62,
    0x3E, 0x00, 0x08, 0x08, 0x38, 0x0C, 0x18, 0x10, 0x00, 0xFE, 0xC0, 0xC0, 0xC0, 0xC0, 0xFE, 0xC0,
    0xC0, 0xC0, 0xC0, 0xC0, 0xFE, 0x1C, 0x0C, 0x0C, 0x18, 0x00, 0x3C, 0x66, 0xC2, 0xC3, 0xFF, 0xC0,
    0xC0, 0x62, 0x3E, 0x77, 0xB8, 0x07, 0xFC, 0x18, 0x30, 0x60, 0xFD, 0x83, 0x06, 0x0C, 0x18, 0x3F,
    0x80, 0x72, 0x5C, 0x00, 0x3C, 0x66, 0xC2, 0xC3, 0xFF, 0xC0, 0xC0, 0x62, 0x3E, 0x02, 0x38, 0x68,
    0x44, 0xFE, 0xC0, 0xC0, 0xC0, 0xC0, 0xFC, 0xC0, 0xC0, 0xC0, 0xC0, 0xC0, 0xFE, 0x01, 0x01, 0x86,
    0x84, 0x80, 0x01, 0xE1, 0x99, 0x84, 0xC3, 0x7F, 0xB0, 0x18, 0x06, 0x21, 0xF0, 0xC0, 0x1C, 0x34,
    0x22, 0x7F, 0x60, 0x60, 0x60, 0x60, 0x7E, 0x60, 0x60, 0x60, 0x60, 0x60, 0x7F, 0x40, 0x30, 0x0B,
    0x02, 0x40, 0x00, 0xF0, 0xCC, 0xC2, 0x61, 0xBF, 0xD8, 0x0C, 0x03, 0x10, 0xF8, 0x06, 0x03, 0x32,
    0x6C, 0x00, 0xFE, 0xC0, 0xC0, 0xC0, 0xC0, 0xFE, 0xC0, 0xC0, 0xC0, 0xC0, 0xC0, 0xFE, 0x06, 0x03,
    0x02, 0x38, 0x2C, 0x00, 0x3C, 0x66, 0xC2, 0xC3, 0xFF, 0xC0, 0xC0, 0x62, 0x3E, 0x7C, 0x00, 0xE3,
    0xC4, 0xDF, 0xF0, 0x60, 0xC1, 0x83, 0xF6, 0x0C, 0x18, 0x30, 0x60, 0xFE, 0x34, 0x5C, 0x00, 0x18,
    0x24, 0x00, 0x3C, 0x66, 0xC2, 0xC3, 0xFF, 0xC0, 0xC0, 0x62, 0x3E, 0x10, 0x71, 0x30, 0x0F, 0xF8,
    0x30, 0x60, 0xC1, 0xFB, 0x06, 0x0C, 0x18, 0x30, 0x7F, 0x00, 0x20, 0x40, 0x18, 0x24, 0x00, 0x3C,
    0x66, 0xC2, 0xC3, 0xFF, 0xC0, 0xC0, 0x62, 0x3E, 0x00, 0x08, 0x08, 0x71, 0x20, 0xF6, 0x66, 0x66,
    0x66, 0x66, 0x6F, 0x73, 0x34, 0x06, 0x66, 0x66, 0x66, 0x66, 0xF6, 0x66, 0x66, 0x66, 0x66, 0x6F,
    0x02, 0x20, 0xA3, 0xFF, 0xFF, 0x28, 0x1F, 0x0E, 0x39, 0x83, 0x60, 0x3C, 0x07, 0x80, 0xF0, 0x1E,
    0x03, 0xC0, 0x6C, 0x19, 0xC7, 0x0F, 0x80, 0x00, 0x08, 0x01, 0x00, 0x3E, 0x33, 0xB0, 0xD8, 0x3C,
    0x1E, 0x0F, 0x0C, 0xCE, 0x3E, 0x00, 0x02, 0x01, 0x00, 0x0E, 0x00, 0x60, 0x18, 0x02, 0x00, 0x00,
    0x3E, 0x1C, 0x73, 0x06, 0xC0, 0x78, 0x0F, 0x01, 0xE0, 0x3C, 0x07, 0x80, 0xD8, 0x33, 0x8E, 0x1F,
    0x00, 0x1C, 0x06, 0x03, 0x03, 0x00, 0x01, 0xF1, 0x9D, 0x86, 0xC1, 0xE0, 0xF0, 0x78, 0x66, 0x71,
    0xF0, 0x00, 0x40, 0x10, 0x38, 0x0D, 0x80, 0x00, 0x3E, 0x1C, 0x73, 0x06, 0xC0, 0x78, 0x0F, 0x01,
    0xE0, 0x3C, 0x07, 0x80, 0xD8, 0x33, 0x8E, 0x1F, 0x00, 0x01, 0x00, 0x87, 0x84, 0xC0, 0x01, 0xF1,
    0x9D, 0x86, 0xC1, 0xE0, 0xF0, 0x78, 0x66, 0x71, 0xF0, 0x40, 0x04, 0x00, 0x38, 0x0D, 0x80, 0x00,
    0x3E, 0x1C, 0x73, 0x06, 0xC0, 0x78, 0x0F, 0x01, 0xE0, 0x3C, 0x07, 0x80, 0xD8, 0x33, 0x8E, 0x1F,
    0x00, 0x40, 0x18, 0x02, 0xE0, 0x6C, 0x00, 0x07, 0xC3, 0x39, 0x86, 0x60, 0xD8, 0x36, 0x0D, 0x86,
    0x33, 0x87, 0xC0, 0x01, 0x80, 0x18, 0x12, 0x0D, 0x00, 0x00, 0x3E, 0x1C, 0x73, 0x06, 0xC0, 0x78,
    0x0F, 0x01, 0xE0, 0x3C, 0x07, 0x80, 0xD8, 0x33, 0x8E, 0x1F, 0x00, 0x07, 0x01, 0x03, 0x1A, 0x24,
    0x00, 0x3C, 0x66, 0xC3, 0xC3, 0xC3, 0xC3, 0xC3, 0x66, 0x3C, 0x1D, 0x02, 0xE0, 0x00, 0x07, 0x01,
    0xB0, 0x00, 0x07, 0xC3, 0x8E, 0x60, 0xD8, 0x0F, 0x01, 0xE0, 0x3C, 0x07, 0x80, 0xF0, 0x1B, 0x06,
    0x71, 0xC3, 0xE0, 0x3A, 0x17, 0x00, 0x03, 0x82, 0x60, 0x00, 0xF8, 0xCE, 0xC3, 0x60, 0xF0, 0x78,
    0x3C, 0x33, 0x38, 0xF8, 0x04, 0x01, 0xC0, 0x64, 0x00, 0x01, 0xF0, 0xE3, 0x98, 0x36, 0x03, 0xC0,
    0x78, 0x0F, 0x01, 0xE0, 0x3C, 0x06, 0xC1, 0x9C, 0x70, 0xF8, 0x00, 0x00, 0x80, 0x10, 0x00, 0x1C,
    0x1B, 0x00, 0x07, 0xC6, 0x76, 0x1B, 0x07, 0x83, 0xC1, 0xE1, 0x99, 0xC7, 0xC0, 0x00, 0x40, 0x20,
    0x03, 0x00, 0x30, 0x01, 0x00, 0x00, 0x01, 0xF1, 0x38, 0xF9, 0x83, 0x98, 0x0C, 0xC0, 0x66, 0x03,
    0x30, 0x19, 0x80, 0xCC, 0x06, 0x30, 0x61, 0xC7, 0x03, 0xE0, 0x0C, 0x01, 0x00, 0x03, 0x1F, 0x66,
    0x79, 0x82, 0x30, 0x66, 0x0C, 0xC1, 0x98, 0x61, 0x9C, 0x1F, 0x00, 0x08, 0x00, 0x60, 0x01, 0x80,
    0x00, 0x01, 0xF1, 0x38, 0xF9, 0x83, 0x98, 0x0C, 0xC0, 0x66, 0x03, 0x30, 0x19, 0x80, 0xCC, 0x06,
    0x30, 0x61, 0xC7, 0x03, 0xE0, 0x30, 0x03, 0x00, 0x03, 0x1F, 0x66, 0x79, 0x82, 0x30, 0x66, 0x0C,
    0xC1, 0x98, 0x61, 0x9C, 0x1F, 0x00, 0x0E, 0x00, 0x18, 0x00, 0x80, 0x0C, 0x00, 0x40, 0x0F, 0x89,
    0xC7, 0xCC, 0x1C, 0xC0, 0x66, 0x03, 0x30, 0x19, 0x80, 0xCC, 0x06, 0x60, 0x31, 0x83, 0x0E, 0x38,
    0x1F, 0x00, 0x1C, 0x01, 0x80, 0x30, 0x0C, 0x00, 0x0C, 0x7D, 0x99, 0xE6, 0x08, 0xC1, 0x98, 0x33,
    0x06, 0x61, 0x86, 0x70, 0x7C, 0x00, 0x1D, 0x81, 0xB8, 0x00, 0x00, 0x3E, 0x27, 0x1F, 0x30, 0x73,
    0x01, 0x98, 0x0C, 0xC0, 0x66, 0x03, 0x30, 0x19, 0x80, 0xC6, 0x0C, 0x38, 0xE0, 0x7C, 0x00, 0x3A,
    0x09, 0xC0, 0x03, 0x1F, 0x66, 0x79, 0x82, 0x30, 0x66, 0x0C, 0xC1, 0x98, 0x61, 0x9C, 0x1F, 0x00,
    0x1F, 0x13, 0x8F, 0x98, 0x39, 0x80, 0xCC, 0x06, 0x60, 0x33, 0x01, 0x98, 0x0C, 0xC0, 0x63, 0x06,
    0x1C, 0x70, 0x3E, 0x00, 0x00, 0x02, 0x00, 0x10, 0x00, 0x00, 0x40, 0x18, 0xFB, 0x33, 0xCC, 0x11,
    0x83, 0x30, 0x66, 0x0C, 0xC3, 0x0C, 0xE0, 0xF8, 0x00, 0x00, 0x80, 0x10, 0x00, 0xC1, 0xE0, 0xF0,
    0x78, 0x3C, 0x1E, 0x0F, 0x07, 0x83, 0xC1, 0xE0, 0xD8, 0xC7, 0xC0, 0x00, 0x40, 0x20, 0xC3, 0xC3,
    0xC3, 0xC3, 0xC3, 0xC3, 0xC3, 0xE7, 0x7B, 0x00, 0x10, 0x10, 0x1C, 0x03, 0x03, 0x01, 0x00, 0x06,
    0x0F, 0x07, 0x83, 0xC1, 0xE0, 0xF0, 0x78, 0x3C, 0x1E, 0x0F, 0x06, 0xC6, 0x3E, 0x00, 0x1C, 0x0C,
    0x0C, 0x10, 0x00, 0xC3, 0xC3, 0xC3, 0xC3, 0xC3, 0xC3, 0xC3, 0xE7, 0x7B, 0x04, 0x00, 0x60, 0x02,
    0x00, 0x00, 0x0C, 0x1B, 0x60, 0xFB, 0x07, 0x18, 0x30, 0xC1, 0x86, 0x0C, 0x30, 0x61, 0x83, 0x0C,
    0x18, 0x60, 0xC1, 0x8C, 0x07, 0xC0, 0x0C, 0x03, 0x00, 0x01, 0xE1, 0xEC, 0x39, 0x86, 0x30, 0xC6,
    0x18, 0xC3, 0x18, 0x63, 0x9C, 0x3D, 0x80, 0x10, 0x00, 0xC0, 0x02, 0x00, 0x00, 0x0C, 0x1B, 0x60,
    0xFB, 0x07, 0x18, 0x30, 0xC1, 0x86, 0x0C, 0x30, 0x61, 0x83, 0x0C, 0x18, 0x60, 0xC1, 0x8C, 0x07,
    0xC0, 0x30, 0x03, 0x00, 0x01, 0xE1, 0xEC, 0x39, 0x86, 0x30, 0xC6, 0x18, 0xC3, 0x18, 0x63, 0x9C,
    0x3D, 0x80, 0x1C, 0x00, 0x30, 0x01, 0x80, 0x18, 0x00, 0x80, 0x60, 0xDB, 0x07, 0xD8, 0x38, 0xC1,
    0x86, 0x0C, 0x30, 0x61, 0x83, 0x0C, 0x18, 0x60, 0xC3, 0x06, 0x0C, 0x60, 0x3E, 0x00, 0x1C, 0x01,
    0x80, 0x30, 0x08, 0x00, 0x07, 0x87, 0xB0, 0xE6, 0x18, 0xC3, 0x18, 0x63, 0x0C, 0x61, 0x8E, 0x70,
    0xF6, 0x00, 0x3A, 0x01, 0x70, 0x00, 0x01, 0x83, 0x6C, 0x1F, 0x60, 0xE3, 0x06, 0x18, 0x30, 0xC1,
    0x86, 0x0C, 0x30, 0x61, 0x83, 0x0C, 0x18, 0x31, 0x80, 0xF8, 0x00, 0x72, 0x0B, 0x80, 0x01, 0xE1,
    0xEC, 0x39, 0x86, 0x30, 0xC6, 0x18, 0xC3, 0x18, 0x63, 0x9C, 0x3D, 0x80, 0xC1, 0xB6, 0x0F, 0xB0,
    0x71, 0x83, 0x0C, 0x18, 0x60, 0xC3, 0x06, 0x18, 0x30, 0xC1, 0x86, 0x0C, 0x18, 0xC0, 0x7C, 0x00,
    0x00, 0x04, 0x00, 0x20, 0x00, 0x00, 0x78, 0x7B, 0x0E, 0x61, 0x8C, 0x31, 0x86, 0x30, 0xC6, 0x18,
    0xE7, 0x0F, 0x60, 0x00, 0x08, 0x01, 0x00, 0x10, 0x06, 0x00, 0xC0, 0x00, 0xC1, 0x98, 0x66, 0x30,
    0xCC, 0x36, 0x07, 0x81, 0xC0, 0x30, 0x0C, 0x03, 0x00, 0xC0, 0x30, 0x18, 0x03, 0x00, 0x01, 0x86,
    0x61, 0x88, 0x43, 0x30, 0x4C, 0x1A, 0x07, 0x80, 0xE0, 0x30, 0x0C, 0x02, 0x01, 0x81, 0xC0, 0xC1,
    0x98, 0x66, 0x30, 0xCC, 0x36, 0x07, 0x81, 0xC0, 0x30, 0x0C, 0x03, 0x00, 0xC0, 0x30, 0x00, 0x02,
    0x00, 0x80, 0xC1, 0xB0, 0x98, 0xC4, 0x63, 0x21, 0xB0, 0x70, 0x38, 0x0C, 0x04, 0x06, 0x86, 0x4F,
    0x00, 0x1E, 0x01, 0x80, 0xC0, 0x00, 0xC0, 0xD8, 0x66, 0x18, 0xCC, 0x32, 0x07, 0x81, 0xC0, 0x30,
    0x0C, 0x03, 0x00, 0xC0, 0x30, 0x1C, 0x03, 0x03, 0x01, 0x00, 0x06, 0x0D, 0x06, 0xC6, 0x23, 0x1B,
    0x0D, 0x82, 0xC1, 0xC0, 0xE0, 0x60, 0x30, 0x30, 0x78, 0x00, 0x39, 0x0B, 0x80, 0x03, 0x06, 0x61,
    0x98, 0xC3, 0x30, 0xD8, 0x1E, 0x07, 0x00, 0xC0, 0x30, 0x0C, 0x03, 0x00, 0xC0, 0x19, 0x0B, 0xC0,
    0x01, 0x86, 0x61, 0x88, 0x43, 0x30, 0x4C, 0x1A, 0x07, 0x80, 0xE0, 0x30, 0x0C, 0x02, 0x01, 0x81,
    0xC0, 0x0F, 0x00, 0x0F, 0x00, 0x00, 0xFF, 0x00, 0x01, 0xFC, 0x00, 0x00, 0x01, 0xFF, 0xFC, 0x00,
    0x00, 0x00, 0x01, 0xFF, 0xFC, 0x00, 0x00, 0xDE, 0xF7, 0xBD, 0xEF, 0x7B, 0xDE, 0xF7, 0xBD, 0xEF,
    0x7B, 0xFE, 0x03, 0xF8, 0x00, 0x69, 0x60, 0x6B, 0x60, 0x66, 0x44, 0xC9, 0x30, 0x6D, 0x34, 0xB6,
    0x6D, 0x2C, 0xB6, 0x6C, 0xD9, 0x22, 0x40, 0xD9, 0x24, 0xDB, 0x18, 0x18, 0x10, 0xFE, 0x18, 0x18,
    0x18, 0x18, 0x18, 0x18, 0x18, 0x18, 0x10, 0x20, 0x47, 0xF1, 0x02, 0x04, 0x08, 0xFE, 0x20, 0x40,
    0x80, 0xFF, 0xFE, 0x06, 0x3D, 0xCC, 0x00, 0x38, 0x01, 0x8E, 0x08, 0x00, 0x19, 0x8E, 0x11, 0x00,
    0x38, 0x70, 0xC0, 0x36, 0x20, 0x0D, 0x98, 0x03, 0x64, 0x00, 0xDB, 0x00, 0x36, 0xB8, 0xE7, 0x5B,
    0x6C, 0x16, 0x7B, 0x09, 0x9E, 0xC2, 0x67, 0xB1, 0x1B, 0x6C, 0xC3, 0x8E, 0x70, 0x40, 0x00, 0x6C,
    0x40, 0x00, 0x36, 0x20, 0x00, 0x1B, 0x20, 0x00, 0x0D, 0xB0, 0x00, 0x06, 0xD7, 0x1C, 0x71, 0xDA,
    0x5B, 0x6C, 0x0B, 0x3C, 0xF3, 0x09, 0x9E, 0x79, 0x84, 0xCF, 0x3C, 0xC4, 0x3D, 0xB6, 0xC2, 0x1E,
    0x71, 0xC0, 0x31, 0x18, 0x80, 0x36, 0x24, 0x6C, 0x48, 0x36, 0xC4, 0x91, 0xB6, 0x24, 0x80, 0x43,
    0x0C, 0x20, 0x48, 0xD8, 0xD0, 0x90, 0x4B, 0x1B, 0x43, 0x48, 0x4A, 0x00, 0x60, 0xE3, 0x44, 0x58,
    0x80, 0x02, 0x6C, 0x46, 0x30, 0x04, 0x63, 0x26, 0xC0, 0x02, 0x12, 0x11, 0x88, 0x18, 0x31, 0x80,
    0xD8, 0x43, 0x8A, 0x1C, 0x41, 0xB0, 0x10, 0xC1, 0x03, 0x10, 0x8C, 0x04, 0x20, 0xCF, 0x3C, 0xF3,
    0xCF, 0x3C, 0xF3, 0x00, 0x0C, 0xF2, 0x79, 0xF8, 0xD9, 0xB3, 0x47, 0x0C, 0x18, 0x20, 0x00, 0x81,
    0x00, 0x00, 0xFF, 0x00, 0x00, 0x50, 0x23, 0x38, 0x78, 0x00, 0x07, 0x83, 0x39, 0x02, 0x00, 0x40,
    0x04, 0x20, 0x86, 0x10, 0x43, 0x0C, 0x59, 0x2C, 0x80, 0x00, 0xC0, 0x00, 0x08, 0x00, 0x09, 0x20,
    0x03, 0xFC, 0x00, 0x0E, 0x00, 0x03, 0x40, 0x00, 0x6C, 0x00, 0x40, 0x10, 0x18, 0x02, 0x03, 0x00,
    0x43, 0xFC, 0x7F, 0x3F, 0x07, 0xC3, 0xC0, 0x70, 0x6C, 0x1B, 0x09, 0x02, 0x20, 0x0F, 0x00, 0x00,
    0x80, 0x60, 0x30, 0x08, 0x06, 0x01, 0x00, 0x80, 0x60, 0x10, 0x0C, 0x02, 0x01, 0x00, 0xFC, 0xCC,
    0xCC, 0xCF, 0xCC, 0xCC, 0xCF, 0x00, 0x78, 0xC6, 0x31, 0x8C, 0x6F, 0x18, 0xC6, 0x31, 0xBC, 0x00,
    0x7C, 0xF9, 0x3A, 0x30, 0x60, 0xC1, 0x83, 0x0E, 0x0C, 0x70, 0x63, 0x02, 0x0C, 0x18, 0x20, 0x00,
    0x00, 0x03, 0x06, 0x08, 0x08, 0x7C, 0xF3, 0xB0, 0x6C, 0x1B, 0x06, 0xC3, 0x31, 0x8C, 0xC3, 0x30,
    0xC0, 0x03, 0x0C, 0x81, 0xCF, 0xB6, 0x3C, 0x0F, 0x03, 0xC1, 0xB0, 0xCC, 0x63, 0x18, 0x00, 0x00,
    0x0C, 0x63, 0x10, 0xFF, 0x03, 0x02, 0x06, 0x0C, 0x08, 0x18, 0x30, 0x30, 0xFE, 0xFF, 0xFF, 0xFF,
    0xFF, 0xFF, 0xFF, 0xFE, 0xF0, 0xF0, 0xF0, 0xF0, 0xF0, 0xF0, 0x90, 0x7F, 0xFE, 0xFF, 0x7F, 0xBF,
    0xDF, 0xEF, 0xF6, 0xFF, 0x00, 0x00, 0xFE, 0xFF, 0xFF, 0xFF, 0xFF, 0xFF, 0xFF, 0xFE, 0x00, 0x08,
    0x04, 0x12, 0x4F, 0xE1, 0xC0, 0xB0, 0xD8, 0x00, 0x98, 0x00, 0x06, 0xC9, 0x00, 0x1E, 0x0C, 0xE4,
    0x08, 0x00, 0x00, 0x00, 0x00, 0x00, 0x00, 0x00, 0x00, 0x00, 0x00, 0x00, 0x00, 0x00, 0x04, 0x08,
    0xCE, 0x1E, 0x00, 0x08, 0x04, 0x12, 0x4F, 0xE1, 0xC0, 0xB0, 0xD8, 0x00, 0x08, 0x04, 0x02, 0x0F,
    0xE3, 0xE0, 0xE0, 0xD8, 0x64, 0x44, 0x88, 0x30, 0x40, 0x83, 0x04, 0x08, 0x20, 0x41, 0x9A, 0x20,
    0x7F, 0x05, 0x87, 0xF8, 0x00, 0x00, 0x00, 0x07, 0x83, 0x39, 0x02, 0x00, 0x40, 0x18, 0x7A, 0x3C,
    0xFF, 0x3C, 0x7E, 0x5A, 0x18, 0x04, 0x08, 0x00, 0x00, 0x10, 0x20, 0x00, 0x00, 0x00, 0x10, 0x20,
    0x36, 0xD9, 0x25, 0x9B, 0x48, 0x96, 0xC0, 0x04, 0x00, 0x40, 0x00, 0x00, 0x00, 0x00, 0x08, 0x01,
    0x80, 0x10, 0x00, 0x00, 0x00, 0x00, 0x04, 0x00, 0x40, 0x80, 0x28, 0x02, 0x00, 0x00, 0x00, 0x00,
    0x00, 0x40, 0x04, 0x00, 0x00, 0x00, 0x00, 0x00, 0x80, 0x28, 0x02, 0xB0, 0x00, 0x0E, 0x08, 0x0C,
    0x00, 0x00, 0x00, 0x06, 0x0E, 0x02, 0x00, 0x00, 0x00, 0x06, 0x01, 0x00, 0x06, 0x06, 0x66, 0x26,
    0x40, 0x60, 0x06, 0x0F, 0xFF, 0x06, 0x00, 0x60, 0x06, 0x06, 0x66, 0x26, 0x40, 0x60, 0xB0, 0x2C,
    0x0E, 0xB2, 0xC3, 0x8E, 0x39, 0xB4, 0x51, 0x45, 0xB3, 0x80, 0x45, 0x54, 0x30, 0xC5, 0x24, 0xFC,
    0x41, 0x00, 0xFB, 0x0F, 0x06, 0x08, 0x6F, 0x00, 0x39, 0x87, 0x9B, 0x45, 0xB3, 0x80, 0xF8, 0xC4,
    0x62, 0x11, 0x80, 0x38, 0x99, 0xB1, 0xC4, 0x48, 0x9E, 0x00, 0x39, 0x34, 0x5F, 0x04, 0x37, 0x80,
    0x21, 0x3E, 0x42, 0x00, 0x78, 0x78, 0x07, 0x80, 0x26, 0x44, 0x44, 0x46, 0x20, 0xC4, 0x62, 0x22,
    0x64, 0xC0, 0x7D, 0xB4, 0x51, 0x44, 0x39, 0xB4, 0x51, 0x45, 0x16, 0xCE, 0x00, 0x33, 0x84, 0x21,
    0x08, 0x40, 0x74, 0xC2, 0x22, 0x23, 0xE0, 0x38, 0xD8, 0x10, 0x63, 0x81, 0x83, 0x3C, 0x00, 0x30,
    0xC5, 0x24, 0xFC, 0x41, 0x00, 0xFB, 0x0C, 0x3C, 0x18, 0x21, 0xBC, 0x00, 0x39, 0x84, 0x1E, 0x6D,
    0x16, 0xCE, 0x00, 0xF8, 0xC4, 0x23, 0x11, 0x88, 0x38, 0x99, 0x13, 0xC7, 0xC8, 0x93, 0x3C, 0x00,
    0x39, 0xB4, 0x53, 0x7C, 0x10, 0xDE, 0x00, 0x21, 0x3E, 0x42, 0x00, 0x78, 0x78, 0x07, 0x80, 0x26,
    0x44, 0x44, 0x46, 0x20, 0xC4, 0x62, 0x22, 0x64, 0xC0, 0x78, 0x42, 0xF8, 0xFC, 0x74, 0x7F, 0x0C,
    0x3C, 0x74, 0x63, 0x18, 0xB8, 0x49, 0x63, 0x0C, 0x5B, 0x20, 0xF0, 0xC3, 0xF8, 0xB8, 0x41, 0x07,
    0x9B, 0x45, 0x14, 0x51, 0x41, 0x04, 0x94, 0x71, 0xC4, 0x93, 0x49, 0x24, 0x92, 0x7B, 0x9B, 0xB4,
    0x45, 0x11, 0x44, 0x51, 0x10, 0x79, 0xB4, 0x51, 0x45, 0x10, 0x79, 0xB4, 0x51, 0x6D, 0xE4, 0x10,
    0x79, 0x06, 0x06, 0x19, 0xE0, 0x23, 0xC8, 0x42, 0x10, 0xE0, 0x3C, 0x32, 0x30, 0x18, 0x0C, 0xF6,
    0x63, 0xB0, 0xFE, 0x0C, 0x06, 0x03, 0x01, 0xE0, 0x0B, 0x0F, 0x8E, 0xCF, 0x4D, 0x26, 0xB3, 0x51,
    0xA8, 0xF4, 0x72, 0x1F, 0x07, 0xE2, 0x80, 0x40, 0x1F, 0x73, 0x60, 0xC0, 0xC0, 0xDF, 0xDC, 0xD8,
    0xD8, 0x78, 0x7A, 0x3E, 0x7F, 0x60, 0x60, 0x60, 0x60, 0x60, 0x7E, 0x60, 0x60, 0xF8, 0x60, 0x60,
    0x1F, 0x33, 0x20, 0x60, 0x60, 0xFE, 0x60, 0xFE, 0x60, 0x60, 0x60, 0xFF, 0x00, 0x80, 0x0C, 0x2F,
    0x7D, 0xCE, 0x6C, 0x61, 0xE3, 0x0F, 0x18, 0x78, 0xC3, 0xCE, 0x1E, 0x70, 0xF7, 0x86, 0x20, 0x03,
    0x00, 0x00, 0x63, 0x39, 0x9C, 0xCE, 0x6F, 0xFB, 0x59, 0xAD, 0xFF, 0x6F, 0x33, 0x99, 0xCC, 0x60,
    0xF8, 0x0C, 0xC0, 0xC4, 0x0C, 0x68, 0xC4, 0x8C, 0xFE, 0xF9, 0x8C, 0x18, 0xC1, 0x8C, 0x18, 0xC1,
    0xCC, 0x0E, 0xF8, 0x0D, 0xC0, 0xCC, 0x0C, 0xCF, 0xCD, 0x9C, 0xD8, 0xF9, 0xCD, 0x8E, 0xD8, 0x3C,
    0xC3, 0xCD, 0x3C, 0x7E, 0xC6, 0x79, 0xCF, 0x39, 0xA5, 0x24, 0xA5, 0xFF, 0xDE, 0xF3, 0xDE, 0x31,
    0xC6, 0x30, 0xC6, 0x18, 0xC0, 0xFC, 0x78, 0xCF, 0x09, 0xED, 0xBD, 0xB7, 0xB6, 0xF6, 0xDE, 0xDB,
    0xDB, 0x7B, 0x0B, 0x63, 0x6F, 0xC0, 0x03, 0x0F, 0xC0, 0xC7, 0xE6, 0x76, 0x1B, 0x0D, 0x86, 0xC3,
    0x61, 0x99, 0xC7, 0xA0, 0x03, 0xF8, 0x00, 0x1F, 0x1C, 0x88, 0x0C, 0x0F, 0xE3, 0x01, 0x81, 0xF8,
    0x60, 0x10, 0x0E, 0x43, 0xE0, 0x61, 0xB1, 0x99, 0x8D, 0x86, 0x87, 0xF9, 0xF0, 0xC8, 0x66, 0x31,
    0x98, 0xCC, 0x30, 0xFF, 0x8C, 0x06, 0x03, 0x61, 0xC1, 0xC1, 0xEC, 0x38, 0x18, 0x3C, 0x06, 0x03,
    0x00, 0x7E, 0x00, 0x47, 0x00, 0x11, 0x80, 0x10, 0x80, 0x30, 0xC0, 0x30, 0xC0, 0x30, 0xC0, 0x21,
    0x9E, 0x21, 0xB3, 0x63, 0x33, 0x6E, 0x37, 0x7C, 0x3E, 0x00, 0x60, 0x00, 0x60, 0x00, 0x40, 0x00,
    0x40, 0x07, 0x06, 0x83, 0x61, 0xA0, 0xD0, 0x78, 0x18, 0x0C, 0x26, 0x3F, 0x9E, 0xDB, 0x20, 0x18,
    0x0C, 0x0C, 0x0E, 0x3E, 0x0C, 0xCF, 0xFC, 0xC6, 0x31, 0xBF, 0xF3, 0x38, 0xF8, 0x30, 0x0C, 0x03,
    0x00, 0xC0, 0x1F, 0x8F, 0xB6, 0x63, 0x18, 0xC6, 0x31, 0x8C, 0x7F, 0x1B, 0xC6, 0xD9, 0xB3, 0xEC,
    0x7F, 0x06, 0x00, 0x00, 0x06, 0x00, 0x60, 0x0F, 0x00, 0xF0, 0x09, 0x07, 0xFE, 0x19, 0x87, 0xFE,
    0x30, 0xC2, 0x04, 0x60, 0x66, 0x06, 0x7E, 0x33, 0x80, 0xC0, 0x6F, 0xF8, 0xF0, 0xE1, 0xFF, 0xC0,
    0x60, 0x18, 0xC7, 0xE0, 0x1F, 0xBE, 0xDB, 0x19, 0x8C, 0xC6, 0x63, 0x31, 0x98, 0xCC, 0x36, 0x1F,
    0x07, 0xE0, 0xC0, 0x33, 0x06, 0x61, 0xFF, 0x19, 0x83, 0x30, 0x66, 0x0C, 0xC1, 0x98, 0x33, 0x06,
    0x60, 0xC7, 0x00, 0x07, 0xC1, 0x88, 0x60, 0x0C, 0x00, 0xC0, 0x0E, 0x00, 0x70, 0x03, 0xFB, 0x79,
    0xBD, 0xF7, 0xBF, 0xC4, 0xD8, 0xFF, 0x80, 0x00, 0x1F, 0xF1, 0x80, 0xC0, 0x60, 0x30, 0x18, 0x0C,
    0x06, 0x03, 0x00, 0x01, 0xFC, 0xC0, 0xCF, 0xE3, 0x0C, 0x70, 0xC0, 0xC1, 0x81, 0x83, 0x03, 0x00,
    0x30, 0x19, 0x0F, 0x9E, 0x0B, 0xE3, 0xC3, 0xC6, 0x63, 0x31, 0x99, 0x8D, 0xC7, 0x80, 0x70, 0x07,
    0x80, 0x36, 0x01, 0xFF, 0xC1, 0x83, 0x0C, 0x0C, 0x7F, 0x63, 0x2E, 0x18, 0x01, 0xC0, 0x03, 0x00,
    0x0F, 0x80, 0x06, 0x00, 0x60, 0x06, 0x00, 0x60, 0x3F, 0x87, 0x6C, 0xC6, 0x6C, 0x62, 0xC6, 0x3C,
    0x03, 0xC0, 0x3C, 0x03, 0x3F, 0x0C, 0xE3, 0x08, 0xC3, 0x30, 0x8C, 0x6F, 0xF0, 0xC0, 0x30, 0x3F,
    0x03, 0x00, 0xC0, 0x1F, 0x0F, 0x71, 0xEF, 0x6D, 0xBD, 0xB7, 0xB6, 0xF0, 0x06, 0x00, 0xC0, 0x0C,
    0x00, 0xC0, 0x3F, 0xE0, 0x28, 0x78, 0xFC, 0xCE, 0xC6, 0xC6, 0xC6, 0xFC, 0xC6, 0xC2, 0xC3, 0xC2,
    0xC6, 0xFC, 0x78, 0x28, 0x3C, 0xCB, 0x06, 0x0C, 0x18, 0x30, 0x32, 0x3C, 0x03, 0xF0, 0x00, 0x00,
    0xFF, 0x1C, 0xF1, 0x86, 0x0C, 0x60, 0xFF, 0xE3, 0x18, 0x18, 0xC0, 0xC6, 0x06, 0x30, 0x31, 0x81,
    0x8C, 0x0C, 0x60, 0x63, 0x00, 0x1E, 0x98, 0x4C, 0x0F, 0xB3, 0x19, 0x8C, 0xC6, 0x63, 0x31, 0x98,
    0xCC, 0x66, 0x30, 0x1F, 0x98, 0xCC, 0x6F, 0xB3, 0x19, 0x8C, 0xC6, 0x63, 0x31, 0x98, 0xCC, 0x66,
    0x30, 0x1C, 0xF4, 0x61, 0x88, 0xC6, 0x03, 0xFF, 0x33, 0x18, 0x66, 0x30, 0xCC, 0x61, 0x98, 0xC3,
    0x31, 0x86, 0x63, 0x0C, 0xC6, 0x19, 0x8C, 0x30, 0x1C, 0xF6, 0x61, 0x8C, 0xC6, 0x1B, 0xFF, 0x33,
    0x18, 0x66, 0x30, 0xCC, 0x61, 0x98, 0xC3, 0x31, 0x86, 0x63, 0x0C, 0xC6, 0x19, 0x8C, 0x30, 0x7C,
    0x31, 0x8C, 0x63, 0x3F, 0xC6, 0x31, 0x8C, 0x63, 0x18, 0xC6, 0x31, 0x8C, 0x33, 0x0F, 0x07, 0x80,
    0x36, 0x03, 0x30, 0xFB, 0xFC, 0x4C, 0x60, 0x63, 0x83, 0x07, 0x18, 0x0C, 0xC0, 0x36, 0x23, 0x19,
    0xF0, 0xF0, 0x00, 0x80, 0x01, 0xC0, 0x03, 0xE0, 0x07, 0xF0, 0x0C, 0x18, 0x1F, 0x9C, 0x3F, 0x9E,
    0x7F, 0x3F, 0x7E, 0x7F, 0x3E, 0x7E, 0x1F, 0xFC, 0x0E, 0x78, 0x06, 0x70, 0x03, 0xE0, 0x01, 0xC0,
    0x00, 0x00,
};

static const EpdGlyphPacked notosans_8_regularGlyphs[] = {
    { 0, 0, 0, 0, 0 }, // U+0000
    { 0, 0, 69, 0, 0 }, // U+000D
    { 0, 0, 69, 0, 0 }, // U+0020
    { 2, 12, 72, 1, 12 }, // !
    { 5, 4, 109, 1, 12 }, // "
    { 10, 12, 172, 1, 12 }, // #
    { 8, 14, 153, 1, 12 }, // $
    { 13, 12, 222, 1, 12 }, // %
    { 12, 12, 195, 1, 12 }, // &
    { 2, 4, 60, 1, 12 }, // '
    { 4, 15, 80, 1, 12 }, // (
    { 5, 15, 80, 0, 12 }, // )
    { 9, 8, 147, 0, 12 }, // *
    { 8, 8, 153, 1, 10 }, // +
    { 4, 4, 71, 0, 2 }, // ,
    { 4, 3, 86, 1, 6 }, // -
    { 2, 3, 71, 1, 3 }, // .
    { 7, 12, 99, 0, 12 }, // /
    { 8, 12, 153, 1, 12 }, // 0
    { 6, 12, 153, 1, 12 }, // 1
    { 8, 12, 153, 1, 12 }, // 2
    { 8, 12, 153, 1, 12 }, // 3
    { 9, 12, 153, 1, 12 }, // 4
    { 8, 12, 153, 1, 12 }, // 5
    { 8, 12, 153, 1, 12 }, // 6
    { 8, 12, 153, 1, 12 }, // 7
    { 8, 12, 153, 1, 12 }, // 8
    { 8, 12, 153, 1, 12 }, // 9
    { 2, 9, 71, 1, 9 }, // :
    { 3, 11, 71, 0, 9 }, // ;
    { 8, 10, 153, 1, 11 }, // <
    { 8, 5, 153, 1, 8 }, // =
    { 8, 10, 153, 1, 11 }, // >
    { 7, 12, 116, 0, 12 }, // ?
    { 13, 14, 240, 1, 12 }, // @
    { 11, 12, 170, 0, 12 }, // A
    { 9, 12, 173, 2, 12 }, // B
    { 9, 12, 169, 1, 12 }, // C
    { 10, 12, 195, 2, 12 }, // D
    { 7, 12, 148, 2, 12 }, // E
    { 7, 12, 138, 2, 12 }, // F
    { 10, 12, 194, 1, 12 }, // G
    { 9, 12, 198, 2, 12 }, // H
    { 4, 12, 90, 1, 12 }, // I
    { 5, 16, 73, -1, 12 }, // J
    { 9, 12, 165, 2, 12 }, // K
    { 7, 12, 140, 2, 12 }, // L
    { 12, 12, 242, 2, 12 }, // M
    { 10, 12, 203, 2, 12 }, // N
    { 11, 12, 208, 1, 12 }, // O
    { 8, 12, 161, 2, 12 }, // P
    { 11, 15, 208, 1, 12 }, // Q
    { 9, 12, 166, 2, 12 }, // R
    { 8, 12, 146, 1, 12 }, // S
    { 9, 12, 148, 1, 12 }, // T
    { 9, 12, 195, 1, 12 }, // U
    { 10, 12, 160, 0, 12 }, // V
    { 16, 12, 248, 0, 12 }, // W
    { 10, 12, 156, 0, 12 }, // X
    { 10, 12, 151, 0, 12 }, // Y
    { 8, 12, 153, 1, 12 }, // Z
    { 4, 15, 88, 1, 12 }, // [
    { 7, 12, 99, 0, 12 }, // <backslash>
    { 5, 15, 88, 0, 12 }, // ]
    { 9, 8, 153, 0, 12 }, // ^
    { 7, 3, 118, 0, 0 }, // _
    { 5, 3, 75, 0, 13 }, // `
    { 8, 9, 150, 1, 9 }, // a
    { 8, 12, 164, 1, 12 }, // b
    { 7, 9, 128, 1, 9 }, // c
    { 8, 12, 164, 1, 12 }, // d
    { 8, 9, 150, 1, 9 }, // e
    { 7, 12, 92, 0, 12 }, // f
    { 8, 13, 164, 1, 9 }, // g
    { 8, 12, 165, 1, 12 }, // h
    { 2, 12, 69, 1, 12 }, // i
    { 5, 16, 69, -1, 12 }, // j
    { 8, 12, 142, 1, 12 }, // k
    { 2, 12, 69, 1, 12 }, // l
    { 13, 9, 249, 1, 9 }, // m
    { 8, 9, 165, 1, 9 }, // n
    { 9, 9, 161, 1, 9 }, // o
    { 8, 13, 164, 1, 9 }, // p
    { 8, 13, 164, 1, 9 }, // q
    { 6, 9, 110, 1, 9 }, // r
    { 7, 9, 128, 1, 9 }, // s
    { 6, 11, 96, 0, 11 }, // t
    { 8, 9, 165, 1, 9 }, // u
    { 9, 9, 136, 0, 9 }, // v
    { 13, 9, 210, 0, 9 }, // w
    { 9, 9, 141, 0, 9 }, // x
    { 10, 13, 136, -1, 9 }, // y
    { 6, 9, 125, 1, 9 }, // z
    { 6, 15, 101, 1, 12 }, // {
    { 2, 16, 147, 4, 12 }, // |
    { 6, 15, 101, 1, 12 }, // }
    { 8, 3, 153, 1, 7 }, // ~
    { 0, 0, 69, 0, 0 }, // U+00A0
    { 2, 12, 72, 1, 9 }, // U+00A1
    { 7, 12, 153, 2, 12 }, // U+00A2
    { 8, 12, 153, 1, 12 }, // U+00A3
    { 8, 8, 153, 0, 10 }, // U+00A4
    { 10, 12, 153, 0, 12 }, // U+00A5
    { 2, 16, 147, 4, 12 }, // U+00A6
    { 8, 12, 137, 0, 12 }, // U+00A7
    { 5, 3, 155, 2, 13 }, // U+00A8
    { 13, 13, 222, 1, 12 }, // U+00A9
    { 5, 5, 95, 1, 12 }, // U+00AA
    { 8, 8, 136, 1, 8 }, // U+00AB
    { 9, 6, 153, 0, 7 }, // U+00AC
    { 4, 3, 86, 1, 6 }, // U+00AD
    { 13, 13, 222, 1, 12 }, // U+00AE
    { 8, 3, 133, 0, 15 }, // U+00AF
    { 6, 6, 114, 1, 12 }, // U+00B0
    { 8, 10, 153, 1, 10 }, // U+00B1
    { 5, 8, 93, 1, 14 }, // U+00B2
    { 7, 8, 93, -1, 14 }, // U+00B3
    { 5, 3, 75, 0, 13 }, // U+00B4
    { 8, 13, 166, 1, 9 }, // U+00B5
    { 9, 15, 175, 0, 12 }, // U+00B6
    { 2, 3, 71, 1, 8 }, // U+00B7
    { 5, 5, 60, -1, 1 }, // U+00B8
    { 5, 7, 93, 0, 14 }, // U+00B9
    { 5, 5, 100, 1, 12 }, // U+00BA
    { 8, 8, 136, 0, 8 }, // U+00BB
    { 13, 12, 199, 0, 12 }, // U+00BC
    { 13, 13, 206, 0, 12 }, // U+00BD
    { 14, 12, 208, 0, 12 }, // U+00BE
    { 7, 13, 116, 1, 9 }, // U+00BF
    { 11, 16, 170, 0, 16 }, // U+00C0
    { 11, 16, 170, 0, 16 }, // U+00C1
    { 11, 16, 170, 0, 16 }, // U+00C2
    { 11, 15, 170, 0, 15 }, // U+00C3
    { 11, 15, 170, 0, 15 }, // U+00C4
    { 12, 15, 170, -1, 15 }, // U+00C5
    { 14, 12, 235, -1, 12 }, // U+00C6
    { 9, 16, 169, 1, 12 }, // U+00C7
    { 7, 16, 148, 2, 16 }, // U+00C8
    { 7, 16, 148, 2, 16 }, // U+00C9
    { 7, 16, 148, 2, 16 }, // U+00CA
    { 7, 15, 148, 2, 15 }, // U+00CB
    { 4, 16, 90, 1, 16 }, // U+00CC
    { 5, 16, 90, 1, 16 }, // U+00CD
    { 6, 16, 90, 0, 16 }, // U+00CE
    { 5, 15, 90, 1, 15 }, // U+00CF
    { 11, 12, 195, 1, 12 }, // U+00D0
    { 10, 15, 203, 2, 15 }, // U+00D1
    { 11, 16, 208, 1, 16 }, // U+00D2
    { 11, 16, 208, 1, 16 }, // U+00D3
    { 11, 16, 208, 1, 16 }, // U+00D4
    { 11, 15, 208, 1, 15 }, // U+00D5
    { 11, 15, 208, 1, 15 }, // U+00D6
    { 8, 8, 153, 1, 10 }, // U+00D7
    { 11, 14, 208, 1, 13 }, // U+00D8
    { 9, 16, 195, 1, 16 }, // U+00D9
    { 9, 16, 195, 1, 16 }, // U+00DA
    { 9, 16, 195, 1, 16 }, // U+00DB
    { 9, 15, 195, 1, 15 }, // U+00DC
    { 10, 16, 151, 0, 16 }, // U+00DD
    { 8, 12, 161, 2, 12 }, // U+00DE
    { 9, 12, 168, 1, 12 }, // U+00DF
    { 8, 12, 150, 1, 12 }, // U+00E0
    { 8, 12, 150, 1, 12 }, // U+00E1
    { 8, 12, 150, 1, 12 }, // U+00E2
    { 8, 12, 150, 1, 12 }, // U+00E3
    { 8, 12, 150, 1, 12 }, // U+00E4
    { 8, 14, 150, 1, 14 }, // U+00E5
    { 13, 9, 230, 1, 9 }, // U+00E6
    { 7, 13, 128, 1, 9 }, // U+00E7
    { 8, 12, 150, 1, 12 }, // U+00E8
    { 8, 12, 150, 1, 12 }, // U+00E9
    { 8, 12, 150, 1, 12 }, // U+00EA
    { 8, 12, 150, 1, 12 }, // U+00EB
    { 4, 12, 69, -1, 12 }, // U+00EC
    { 5, 12, 69, 0, 12 }, // U+00ED
    { 7, 12, 69, -2, 12 }, // U+00EE
    { 5, 12, 69, 0, 12 }, // U+00EF
    { 9, 13, 161, 1, 13 }, // U+00F0
    { 8, 12, 165, 1, 12 }, // U+00F1
    { 9, 12, 161, 1, 12 }, // U+00F2
    { 9, 12, 161, 1, 12 }, // U+00F3
    { 9, 12, 161, 1, 12 }, // U+00F4
    { 9, 12, 161, 1, 12 }, // U+00F5
    { 9, 12, 161, 1, 12 }, // U+00F6
    { 8, 8, 153, 1, 10 }, // U+00F7
    { 9, 11, 161, 1, 10 }, // U+00F8
    { 8, 12, 165, 1, 12 }, // U+00F9
    { 8, 12, 165, 1, 12 }, // U+00FA
    { 8, 12, 165, 1, 12 }, // U+00FB
    { 8, 12, 165, 1, 12 }, // U+00FC
    { 10, 16, 136, -1, 12 }, // U+00FD
    { 8, 16, 164, 1, 12 }, // U+00FE
    { 9, 16, 136, 0, 12 }, // U+00FF
    { 11, 14, 170, 0, 14 }, // U+0100
    { 8, 11, 150, 1, 11 }, // U+0101
    { 11, 15, 170, 0, 15 }, // U+0102
    { 8, 12, 150, 1, 12 }, // U+0103
    { 12, 16, 170, 0, 12 }, // U+0104
    { 8, 13, 150, 1, 9 }, // U+0105
    { 9, 16, 169, 1, 16 }, // U+0106
    { 7, 12, 128, 1, 12 }, // U+0107
    { 9, 16, 169, 1, 16 }, // U+0108
    { 7, 12, 128, 1, 12 }, // U+0109
    { 9, 15, 169, 1, 15 }, // U+010A
    { 7, 12, 128, 1, 12 }, // U+010B
    { 9, 16, 169, 1, 16 }, // U+010C
    { 7, 12, 128, 1, 12 }, // U+010D
    { 10, 16, 195, 2, 16 }, // U+010E
    { 11, 12, 164, 1, 12 }, // U+010F
    { 11, 12, 195, 1, 12 }, // U+0110
    { 9, 12, 165, 1, 12 }, // U+0111
    { 7, 14, 148, 2, 14 }, // U+0112
    { 8, 11, 150, 1, 11 }, // U+0113
    { 7, 15, 148, 2, 15 }, // U+0114
    { 8, 12, 150, 1, 12 }, // U+0115
    { 7, 15, 148, 2, 15 }, // U+0116
    { 8, 12, 150, 1, 12 }, // U+0117
    { 7, 16, 148, 2, 12 }, // U+0118
    { 8, 13, 150, 1, 9 }, // U+0119
    { 7, 16, 148, 2, 16 }, // U+011A
    { 8, 12, 150, 1, 12 }, // U+011B
    { 10, 16, 194, 1, 16 }, // U+011C
    { 8, 16, 164, 1, 12 }, // U+011D
    { 10, 16, 194, 1, 16 }, // U+011E
    { 8, 16, 164, 1, 12 }, // U+011F
    { 10, 15, 194, 1, 15 }, // U+0120
    { 8, 16, 164, 1, 12 }, // U+0121
    { 10, 16, 194, 1, 12 }, // U+0122
    { 8, 16, 164, 1, 12 }, // U+0123
    { 9, 16, 198, 2, 16 }, // U+0124
    { 11, 17, 165, -2, 17 }, // U+0125
    { 12, 12, 198, 0, 12 }, // U+0126
    { 9, 12, 165, 1, 12 }, // U+0127
    { 6, 15, 90, 0, 15 }, // U+0128
    { 7, 12, 69, -2, 12 }, // U+0129
    { 5, 14, 90, 1, 14 }, // U+012A
    { 5, 11, 69, 0, 11 }, // U+012B
    { 6, 15, 90, 0, 15 }, // U+012C
    { 6, 12, 69, 0, 12 }, // U+012D
    { 4, 16, 90, 1, 12 }, // U+012E
    { 3, 16, 69, 1, 12 }, // U+012F
    { 4, 15, 90, 1, 15 }, // U+0130
    { 2, 9, 69, 1, 9 }, // U+0131
    { 8, 16, 163, 1, 12 }, // U+0132
    { 6, 16, 138, 1, 12 }, // U+0133
    { 7, 20, 73, -1, 16 }, // U+0134
    { 7, 16, 69, -1, 12 }, // U+0135
    { 9, 16, 165, 2, 12 }, // U+0136
    { 8, 16, 142, 1, 12 }, // U+0137
    { 8, 9, 142, 1, 9 }, // U+0138
    { 8, 16, 140, 1, 16 }, // U+0139
    { 5, 17, 69, 0, 17 }, // U+013A
    { 7, 16, 140, 2, 12 }, // U+013B
    { 3, 16, 69, 0, 12 }, // U+013C
    { 7, 12, 140, 2, 12 }, // U+013D
    { 5, 12, 69, 1, 12 }, // U+013E
    { 7, 12, 140, 2, 12 }, // U+013F
    { 4, 12, 71, 1, 12 }, // U+0140
    { 9, 12, 140, 0, 12 }, // U+0141
    { 6, 12, 69, -1, 12 }, // U+0142
    { 10, 16, 203, 2, 16 }, // U+0143
    { 8, 12, 165, 1, 12 }, // U+0144
    { 10, 16, 203, 2, 12 }, // U+0145
    { 8, 13, 165, 1, 9 }, // U+0146
    { 10, 16, 203, 2, 16 }, // U+0147
    { 8, 12, 165, 1, 12 }, // U+0148
    { 11, 12, 184, 0, 12 }, // U+0149
    { 10, 16, 203, 2, 12 }, // U+014A
    { 8, 13, 165, 1, 9 }, // U+014B
    { 11, 14, 208, 1, 14 }, // U+014C
    { 9, 11, 161, 1, 11 }, // U+014D
    { 11, 16, 208, 1, 16 }, // U+014E
    { 9, 12, 161, 1, 12 }, // U+014F
    { 11, 16, 208, 1, 16 }, // U+0150
    { 9, 12, 161, 1, 12 }, // U+0151
    { 14, 12, 248, 1, 12 }, // U+0152
    { 14, 9, 252, 1, 9 }, // U+0153
    { 9, 16, 166, 2, 16 }, // U+0154
    { 6, 12, 110, 1, 12 }, // U+0155
    { 9, 16, 166, 2, 12 }, // U+0156
    { 7, 13, 110, 0, 9 }, // U+0157
    { 9, 16, 166, 2, 16 }, // U+0158
    { 7, 12, 110, 0, 12 }, // U+0159
    { 8, 16, 146, 1, 16 }, // U+015A
    { 7, 12, 128, 1, 12 }, // U+015B
    { 8, 16, 146, 1, 16 }, // U+015C
    { 7, 12, 128, 1, 12 }, // U+015D
    { 8, 16, 146, 1, 12 }, // U+015E
    { 7, 13, 128, 1, 9 }, // U+015F
    { 8, 16, 146, 1, 16 }, // U+0160
    { 7, 12, 128, 1, 12 }, // U+0161
    { 9, 16, 148, 1, 12 }, // U+0162
    { 6, 15, 96, 0, 11 }, // U+0163
    { 9, 16, 148, 1, 16 }, // U+0164
    { 9, 12, 96, 0, 12 }, // U+0165
    { 9, 12, 148, 1, 12 }, // U+0166
    { 6, 11, 96, 0, 11 }, // U+0167
    { 9, 15, 195, 1, 15 }, // U+0168
    { 8, 12, 165, 1, 12 }, // U+0169
    { 9, 14, 195, 1, 14 }, // U+016A
    { 8, 11, 165, 1, 11 }, // U+016B
    { 9, 16, 195, 1, 16 }, // U+016C
    { 8, 12, 165, 1, 12 }, // U+016D
    { 9, 17, 195, 1, 17 }, // U+016E
    { 8, 14, 165, 1, 14 }, // U+016F
    { 9, 16, 195, 1, 16 }, // U+0170
    { 8, 12, 165, 1, 12 }, // U+0171
    { 9, 16, 195, 1, 12 }, // U+0172
    { 8, 13, 165, 1, 9 }, // U+0173
    { 16, 16, 248, 0, 16 }, // U+0174
    { 13, 12, 210, 0, 12 }, // U+0175
    { 10, 16, 151, 0, 16 }, // U+0176
    { 10, 16, 136, -1, 12 }, // U+0177
    { 10, 15, 151, -1, 15 }, // U+0178
    { 8, 16, 153, 1, 16 }, // U+0179
    { 6, 12, 125, 1, 12 }, // U+017A
    { 8, 15, 153, 1, 15 }, // U+017B
    { 6, 12, 125, 1, 12 }, // U+017C
    { 8, 16, 153, 1, 16 }, // U+017D
    { 6, 12, 125, 1, 12 }, // U+017E
    { 5, 12, 87, 1, 12 }, // U+017F
    { 13, 12, 209, 1, 12 }, // U+01A0
    { 11, 11, 164, 1, 11 }, // U+01A1
    { 13, 12, 208, 1, 12 }, // U+01AF
    { 11, 10, 180, 1, 10 }, // U+01B0
    { 19, 16, 345, 2, 16 }, // U+01C4
    { 17, 12, 320, 2, 12 }, // U+01C5
    { 16, 12, 289, 1, 12 }, // U+01C6
    { 10, 16, 213, 2, 12 }, // U+01C7
    { 10, 16, 209, 2, 12 }, // U+01C8
    { 6, 16, 138, 1, 12 }, // U+01C9
    { 14, 16, 276, 2, 12 }, // U+01CA
    { 14, 16, 272, 2, 12 }, // U+01CB
    { 12, 16, 234, 1, 12 }, // U+01CC
    { 11, 16, 170, 0, 16 }, // U+01CD
    { 8, 12, 150, 1, 12 }, // U+01CE
    { 6, 16, 90, 0, 16 }, // U+01CF
    { 7, 12, 69, -2, 12 }, // U+01D0
    { 11, 16, 208, 1, 16 }, // U+01D1
    { 9, 12, 161, 1, 12 }, // U+01D2
    { 9, 16, 195, 1, 16 }, // U+01D3
    { 8, 12, 165, 1, 12 }, // U+01D4
    { 9, 17, 195, 1, 17 }, // U+01D5
    { 8, 14, 165, 1, 14 }, // U+01D6
    { 9, 18, 195, 1, 18 }, // U+01D7
    { 8, 15, 165, 1, 15 }, // U+01D8
    { 9, 18, 195, 1, 18 }, // U+01D9
    { 8, 15, 165, 1, 15 }, // U+01DA
    { 9, 18, 195, 1, 18 }, // U+01DB
    { 8, 15, 165, 1, 15 }, // U+01DC
    { 8, 9, 150, 1, 9 }, // U+01DD
    { 11, 17, 170, 0, 17 }, // U+01DE
    { 8, 14, 150, 1, 14 }, // U+01DF
    { 11, 16, 170, 0, 16 }, // U+01E0
    { 8, 14, 150, 1, 14 }, // U+01E1
    { 14, 14, 235, 0, 14 }, // U+01E2
    { 13, 11, 230, 1, 11 }, // U+01E3
    { 11, 12, 194, 1, 12 }, // U+01E4
    { 9, 13, 164, 1, 9 }, // U+01E5
    { 10, 16, 194, 1, 16 }, // U+01E6
    { 8, 16, 164, 1, 12 }, // U+01E7
    { 9, 16, 165, 2, 16 }, // U+01E8
    { 11, 17, 142, -2, 17 }, // U+01E9
    { 11, 16, 208, 1, 12 }, // U+01EA
    { 9, 13, 161, 1, 9 }, // U+01EB
    { 11, 18, 208, 1, 14 }, // U+01EC
    { 9, 15, 161, 1, 11 }, // U+01ED
    { 9, 16, 156, 0, 16 }, // U+01EE
    { 8, 16, 133, 1, 12 }, // U+01EF
    { 7, 16, 69, -1, 12 }, // U+01F0
    { 19, 12, 345, 2, 12 }, // U+01F1
    { 17, 12, 320, 2, 12 }, // U+01F2
    { 16, 12, 289, 1, 12 }, // U+01F3
    { 10, 16, 194, 1, 16 }, // U+01F4
    { 8, 16, 164, 1, 12 }, // U+01F5
    { 13, 12, 250, 2, 12 }, // U+01F6
    { 9, 16, 176, 2, 12 }, // U+01F7
    { 10, 16, 203, 2, 16 }, // U+01F8
    { 8, 12, 165, 1, 12 }, // U+01F9
    { 12, 16, 171, -1, 16 }, // U+01FA
    { 8, 16, 150, 1, 16 }, // U+01FB
    { 14, 16, 235, -1, 16 }, // U+01FC
    { 13, 12, 230, 1, 12 }, // U+01FD
    { 11, 17, 208, 1, 16 }, // U+01FE
    { 9, 13, 161, 1, 12 }, // U+01FF
    { 11, 16, 170, 0, 16 }, // U+0200
    { 8, 12, 150, 1, 12 }, // U+0201
    { 11, 15, 170, 0, 15 }, // U+0202
    { 8, 12, 150, 1, 12 }, // U+0203
    { 8, 16, 148, 1, 16 }, // U+0204
    { 8, 12, 150, 1, 12 }, // U+0205
    { 7, 15, 148, 2, 15 }, // U+0206
    { 8, 12, 150, 1, 12 }, // U+0207
    { 7, 16, 90, -1, 16 }, // U+0208
    { 7, 12, 69, -2, 12 }, // U+0209
    { 6, 15, 90, 0, 15 }, // U+020A
    { 6, 12, 69, -1, 12 }, // U+020B
    { 11, 16, 208, 1, 16 }, // U+020C
    { 9, 12, 161, 1, 12 }, // U+020D
    { 11, 15, 208, 1, 15 }, // U+020E
    { 9, 12, 161, 1, 12 }, // U+020F
    { 10, 16, 166, 1, 16 }, // U+0210
    { 8, 12, 110, -1, 12 }, // U+0211
    { 9, 15, 166, 2, 15 }, // U+0212
    { 7, 12, 110, 0, 12 }, // U+0213
    { 9, 16, 195, 1, 16 }, // U+0214
    { 8, 12, 165, 1, 12 }, // U+0215
    { 9, 15, 195, 1, 15 }, // U+0216
    { 8, 12, 165, 1, 12 }, // U+0217
    { 8, 16, 146, 1, 12 }, // U+0218
    { 7, 13, 128, 1, 9 }, // U+0219
    { 9, 16, 148, 1, 12 }, // U+021A
    { 6, 15, 96, 0, 11 }, // U+021B
    { 9, 15, 153, 0, 12 }, // U+021C
    { 7, 13, 132, 1, 9 }, // U+021D
    { 9, 16, 198, 2, 16 }, // U+021E
    { 11, 17, 165, -2, 17 }, // U+021F
    { 5, 3, 0, -9, 13 }, // U+0300
    { 4, 3, 0, -6, 13 }, // U+0301
    { 6, 3, 0, -3, 13 }, // U+0302
    { 7, 3, 0, -9, 12 }, // U+0303
    { 5, 3, 0, -2, 12 }, // U+0304
    { 7, 3, 0, -3, 15 }, // U+0305
    { 6, 3, 0, -3, 12 }, // U+0306
    { 2, 2, 0, -1, 12 }, // U+0307
    { 5, 3, 0, -2, 13 }, // U+0308
    { 4, 6, 0, -6, 15 }, // U+0309
    { 4, 4, 0, -2, 13 }, // U+030A
    { 7, 3, 0, -3, 13 }, // U+030B
    { 6, 3, 0, -3, 13 }, // U+030C
    { 2, 3, 0, -1, 13 }, // U+030D
    { 4, 3, 0, -2, 13 }, // U+030E
    { 7, 3, 0, -9, 13 }, // U+030F
    { 6, 5, 0, -3, 14 }, // U+0310
    { 6, 4, 0, -3, 13 }, // U+0311
    { 4, 4, 0, -2, 12 }, // U+0312
    { 4, 4, 0, -2, 12 }, // U+0313
    { 4, 4, 0, -2, 12 }, // U+0314
    { 4, 4, 0, -2, 12 }, // U+0315
    { 4, 3, 0, -2, 0 }, // U+0316
    { 4, 3, 0, -2, 0 }, // U+0317
    { 4, 3, 0, -1, -1 }, // U+0318
    { 4, 3, 0, -1, -1 }, // U+0319
    { 6, 6, 83, -1, 14 }, // U+031A
    { 4, 4, 0, -2, 13 }, // U+031B
    { 3, 4, 0, -1, -1 }, // U+031C
    { 5, 3, 0, -2, 0 }, // U+031D
    { 5, 4, 0, -2, 0 }, // U+031E
    { 5, 3, 0, -2, -1 }, // U+031F
    { 4, 3, 0, -2, -1 }, // U+0320
    { 4, 6, 0, -3, 1 }, // U+0321
    { 3, 6, 0, 0, 1 }, // U+0322
    { 2, 2, 0, -6, -1 }, // U+0323
    { 5, 3, 0, -2, 0 }, // U+0324
    { 4, 4, 0, -2, -1 }, // U+0325
    { 4, 3, 0, -2, -1 }, // U+0326
    { 5, 5, 0, -2, 1 }, // U+0327
    { 4, 5, 0, -1, 0 }, // U+0328
    { 2, 3, 0, -1, 0 }, // U+0329
    { 6, 5, 0, -3, 0 }, // U+032A
    { 7, 3, 0, -3, -1 }, // U+032B
    { 6, 3, 0, -3, 0 }, // U+032C
    { 6, 3, 0, -3, 0 }, // U+032D
    { 6, 3, 0, -3, -1 }, // U+032E
    { 6, 4, 0, -3, 0 }, // U+032F
    { 8, 3, 0, -4, -1 }, // U+0330
    { 5, 3, 0, -2, 0 }, // U+0331
    { 7, 3, 0, -4, 0 }, // U+0332
    { 7, 4, 0, -3, -1 }, // U+0333
    { 7, 3, 0, -3, 6 }, // U+0334
    { 7, 3, 0, -3, 6 }, // U+0335
    { 12, 3, 0, -6, 6 }, // U+0336
    { 6, 4, 0, -3, 7 }, // U+0337
    { 8, 14, 0, -4, 13 }, // U+0338
    { 3, 4, 0, 0, -1 }, // U+0339
    { 6, 4, 0, -3, 0 }, // U+033A
    { 7, 4, 0, -3, -1 }, // U+033B
    { 7, 4, 0, -3, 0 }, // U+033C
    { 4, 4, 0, -2, 13 }, // U+033D
    { 4, 6, 0, -2, 15 }, // U+033E
    { 7, 4, 0, -3, 16 }, // U+033F
    { 4, 3, 0, -3, 13 }, // U+0340
    { 4, 3, 0, -1, 13 }, // U+0341
    { 8, 3, 0, -4, 12 }, // U+0342
    { 4, 5, 0, -2, 14 }, // U+0343
    { 6, 3, 0, -2, 13 }, // U+0344
    { 3, 4, 0, 0, -1 }, // U+0345
    { 8, 5, 0, -4, 14 }, // U+0346
    { 7, 4, 0, -3, -1 }, // U+0347
    { 4, 3, 0, -2, 0 }, // U+0348
    { 4, 5, 0, -1, 0 }, // U+0349
    { 8, 4, 0, -4, 13 }, // U+034A
    { 7, 6, 0, -4, 15 }, // U+034B
    { 6, 5, 0, -3, 14 }, // U+034C
    { 7, 5, 0, -4, 1 }, // U+034D
    { 4, 4, 0, -1, 0 }, // U+034E
    { 0, 0, 0, 0, 0 }, // U+034F
    { 3, 3, 0, -2, 13 }, // U+0350
    { 3, 4, 0, -1, 13 }, // U+0351
    { 6, 4, 0, -3, 14 }, // U+0352
    { 4, 4, 0, -2, 0 }, // U+0353
    { 3, 3, 0, -1, -1 }, // U+0354
    { 3, 3, 0, -2, -1 }, // U+0355
    { 7, 3, 0, -3, -1 }, // U+0356
    { 3, 4, 0, 0, 13 }, // U+0357
    { 2, 2, 0, 2, 12 }, // U+0358
    { 4, 4, 0, -2, -1 }, // U+0359
    { 7, 4, 0, -3, -1 }, // U+035A
    { 4, 5, 0, -2, 14 }, // U+035B
    { 14, 4, 0, -7, -1 }, // U+035C
    { 14, 4, 0, -7, 13 }, // U+035D
    { 10, 3, 0, -5, 12 }, // U+035E
    { 10, 3, 0, -5, 0 }, // U+035F
    { 14, 3, 0, -7, 12 }, // U+0360
    { 14, 5, 0, -7, 15 }, // U+0361
    { 14, 5, 0, -6, 1 }, // U+0362
    { 4, 5, 0, -2, 14 }, // U+0363
    { 4, 5, 0, -1, 14 }, // U+0364
    { 2, 5, 0, -1, 15 }, // U+0365
    { 4, 5, 0, -2, 14 }, // U+0366
    { 4, 5, 0, -1, 14 }, // U+0367
    { 4, 5, 0, -1, 14 }, // U+0368
    { 4, 6, 0, -2, 15 }, // U+0369
    { 4, 5, 0, -1, 15 }, // U+036A
    { 5, 4, 0, -3, 14 }, // U+036B
    { 3, 4, 0, -1, 14 }, // U+036C
    { 4, 6, 0, -1, 15 }, // U+036D
    { 5, 4, 0, -2, 14 }, // U+036E
    { 5, 4, 0, -2, 14 }, // U+036F
    { 7, 16, 148, 2, 16 }, // U+0400
    { 7, 15, 148, 2, 15 }, // U+0401
    { 11, 12, 191, 1, 12 }, // U+0402
    { 7, 16, 136, 2, 16 }, // U+0403
    { 9, 12, 170, 1, 12 }, // U+0404
    { 8, 12, 146, 1, 12 }, // U+0405
    { 2, 12, 76, 2, 12 }, // U+0406
    { 4, 15, 76, 1, 15 }, // U+0407
    { 5, 16, 73, -1, 12 }, // U+0408
    { 17, 12, 269, 0, 12 }, // U+0409
    { 15, 12, 274, 2, 12 }, // U+040A
    { 11, 12, 191, 1, 12 }, // U+040B
    { 9, 16, 167, 2, 16 }, // U+040C
    { 10, 16, 202, 2, 16 }, // U+040D
    { 11, 15, 164, -1, 15 }, // U+040E
    { 9, 15, 195, 2, 12 }, // U+040F
    { 11, 12, 170, 0, 12 }, // U+0410
    { 8, 12, 164, 2, 12 }, // U+0411
    { 9, 12, 173, 2, 12 }, // U+0412
    { 7, 12, 136, 2, 12 }, // U+0413
    { 12, 15, 194, 1, 12 }, // U+0414
    { 7, 12, 148, 2, 12 }, // U+0415
    { 16, 12, 241, 0, 12 }, // U+0416
    { 8, 12, 154, 1, 12 }, // U+0417
    { 10, 12, 202, 2, 12 }, // U+0418
    { 10, 15, 202, 2, 15 }, // U+0419
    { 9, 12, 167, 2, 12 }, // U+041A
    { 11, 12, 186, 0, 12 }, // U+041B
    { 12, 12, 242, 2, 12 }, // U+041C
    { 9, 12, 198, 2, 12 }, // U+041D
    { 11, 12, 203, 1, 12 }, // U+041E
    { 9, 12, 196, 2, 12 }, // U+041F
    { 8, 12, 161, 2, 12 }, // U+0420
    { 9, 12, 171, 1, 12 }, // U+0421
    { 9, 12, 148, 1, 12 }, // U+0422
    { 11, 12, 164, -1, 12 }, // U+0423
    { 12, 12, 218, 1, 12 }, // U+0424
    { 11, 12, 157, -1, 12 }, // U+0425
    { 11, 15, 197, 2, 12 }, // U+0426
    { 9, 12, 180, 1, 12 }, // U+0427
    { 15, 12, 276, 2, 12 }, // U+0428
    { 16, 15, 274, 2, 12 }, // U+0429
    { 11, 12, 183, 0, 12 }, // U+042A
    { 11, 12, 226, 2, 12 }, // U+042B
    { 8, 12, 162, 2, 12 }, // U+042C
    { 10, 12, 173, 0, 12 }, // U+042D
    { 14, 12, 266, 2, 12 }, // U+042E
    { 9, 12, 170, 0, 12 }, // U+042F
    { 7, 9, 148, 1, 9 }, // U+0430
    { 8, 14, 159, 1, 14 }, // U+0431
    { 7, 9, 150, 1, 9 }, // U+0432
    { 6, 9, 117, 1, 9 }, // U+0433
    { 10, 12, 162, 1, 9 }, // U+0434
    { 8, 9, 147, 1, 9 }, // U+0435
    { 13, 9, 202, 0, 9 }, // U+0436
    { 7, 9, 130, 0, 9 }, // U+0437
    { 8, 9, 166, 1, 9 }, // U+0438
    { 8, 12, 166, 1, 12 }, // U+0439
    { 8, 9, 142, 1, 9 }, // U+043A
    { 9, 9, 157, -1, 9 }, // U+043B
    { 10, 9, 205, 1, 9 }, // U+043C
    { 8, 9, 164, 1, 9 }, // U+043D
    { 9, 9, 158, 1, 9 }, // U+043E
    { 8, 9, 162, 1, 9 }, // U+043F
    { 8, 13, 162, 1, 9 }, // U+0440
    { 7, 9, 132, 1, 9 }, // U+0441
    { 7, 9, 124, 1, 9 }, // U+0442
    { 10, 13, 136, 0, 9 }, // U+0443
    { 11, 17, 197, 1, 13 }, // U+0444
    { 9, 9, 136, 0, 9 }, // U+0445
    { 9, 12, 163, 1, 9 }, // U+0446
    { 8, 9, 157, 1, 9 }, // U+0447
    { 13, 9, 238, 1, 9 }, // U+0448
    { 14, 12, 239, 1, 9 }, // U+0449
    { 10, 9, 166, 0, 9 }, // U+044A
    { 10, 9, 202, 1, 9 }, // U+044B
    { 7, 9, 145, 1, 9 }, // U+044C
    { 8, 9, 132, 0, 9 }, // U+044D
    { 11, 9, 213, 1, 9 }, // U+044E
    { 8, 9, 154, 0, 9 }, // U+044F
    { 8, 13, 147, 1, 13 }, // U+0450
    { 8, 12, 147, 1, 12 }, // U+0451
    { 9, 17, 165, 1, 13 }, // U+0452
    { 6, 13, 117, 1, 13 }, // U+0453
    { 7, 9, 132, 1, 9 }, // U+0454
    { 8, 9, 125, 0, 9 }, // U+0455
    { 2, 12, 69, 1, 12 }, // U+0456
    { 4, 12, 69, 1, 12 }, // U+0457
    { 5, 16, 69, -1, 12 }, // U+0458
    { 15, 9, 229, -1, 9 }, // U+0459
    { 13, 9, 237, 1, 9 }, // U+045A
    { 9, 13, 166, 1, 13 }, // U+045B
    { 8, 13, 142, 1, 13 }, // U+045C
    { 8, 13, 166, 1, 13 }, // U+045D
    { 10, 16, 136, 0, 12 }, // U+045E
    { 8, 12, 162, 1, 9 }, // U+045F
    { 15, 12, 245, 1, 12 }, // U+0460
    { 13, 9, 210, 1, 9 }, // U+0461
    { 10, 12, 180, 1, 12 }, // U+0462
    { 10, 11, 169, 1, 11 }, // U+0463
    { 14, 12, 246, 2, 12 }, // U+0464
    { 11, 9, 198, 1, 9 }, // U+0465
    { 12, 12, 182, 0, 12 }, // U+0466
    { 11, 9, 153, -1, 9 }, // U+0467
    { 15, 12, 248, 2, 12 }, // U+0468
    { 12, 9, 208, 1, 9 }, // U+0469
    { 14, 12, 194, -1, 12 }, // U+046A
    { 12, 9, 171, -1, 9 }, // U+046B
    { 16, 12, 262, 2, 12 }, // U+046C
    { 13, 9, 226, 1, 9 }, // U+046D
    { 8, 18, 157, 1, 14 }, // U+046E
    { 8, 15, 131, 0, 11 }, // U+046F
    { 11, 12, 214, 1, 12 }, // U+0470
    { 10, 17, 203, 1, 13 }, // U+0471
    { 11, 12, 209, 1, 12 }, // U+0472
    { 8, 9, 161, 1, 9 }, // U+0473
    { 12, 12, 169, -1, 12 }, // U+0474
    { 9, 9, 138, 0, 9 }, // U+0475
    { 12, 16, 169, -1, 16 }, // U+0476
    { 9, 13, 138, 0, 13 }, // U+0477
    { 20, 16, 325, 1, 12 }, // U+0478
    { 18, 13, 292, 1, 9 }, // U+0479
    { 12, 14, 219, 1, 13 }, // U+047A
    { 9, 11, 176, 1, 10 }, // U+047B
    { 15, 17, 274, 1, 17 }, // U+047C
    { 13, 15, 241, 1, 15 }, // U+047D
    { 15, 15, 245, 1, 15 }, // U+047E
    { 13, 12, 210, 1, 12 }, // U+047F
    { 10, 16, 172, 1, 12 }, // U+0480
    { 7, 13, 131, 1, 9 }, // U+0481
    { 10, 12, 162, 0, 11 }, // U+0482
    { 6, 4, 0, -8, 13 }, // U+0483
    { 7, 3, 0, -9, 12 }, // U+0484
    { 2, 3, 0, -6, 13 }, // U+0485
    { 2, 3, 0, -6, 13 }, // U+0486
    { 7, 3, 0, -3, 15 }, // U+0487
    { 19, 18, 0, -9, 13 }, // U+0488
    { 18, 18, 0, -9, 13 }, // U+0489
    { 12, 18, 209, 2, 15 }, // U+048A
    { 10, 16, 176, 1, 13 }, // U+048B
    { 9, 12, 164, 1, 12 }, // U+048C
    { 9, 13, 158, 1, 13 }, // U+048D
    { 8, 12, 164, 2, 12 }, // U+048E
    { 8, 13, 164, 1, 9 }, // U+048F
    { 7, 14, 142, 2, 14 }, // U+0490
    { 6, 12, 116, 1, 12 }, // U+0491
    { 8, 12, 141, 1, 12 }, // U+0492
    { 8, 9, 116, 1, 9 }, // U+0493
    { 9, 16, 174, 2, 12 }, // U+0494
    { 7, 13, 142, 1, 9 }, // U+0495
    { 16, 15, 241, -1, 12 }, // U+0496
    { 14, 12, 212, 0, 9 }, // U+0497
    { 8, 16, 154, 1, 12 }, // U+0498
    { 8, 13, 130, 0, 9 }, // U+0499
    { 10, 15, 179, 2, 12 }, // U+049A
    { 8, 12, 149, 1, 9 }, // U+049B
    { 10, 12, 167, 2, 12 }, // U+049C
    { 8, 9, 141, 1, 9 }, // U+049D
    { 11, 12, 167, 0, 12 }, // U+049E
    { 9, 13, 142, 1, 13 }, // U+049F
    { 12, 12, 185, 0, 12 }, // U+04A0
    { 11, 9, 166, 0, 9 }, // U+04A1
    { 11, 15, 201, 2, 12 }, // U+04A2
    { 9, 12, 175, 1, 9 }, // U+04A3
    { 12, 12, 217, 2, 12 }, // U+04A4
    { 11, 9, 197, 1, 9 }, // U+04A5
    { 16, 16, 282, 2, 12 }, // U+04A6
    { 13, 13, 230, 1, 9 }, // U+04A7
    { 12, 13, 208, 1, 12 }, // U+04A8
    { 9, 9, 171, 1, 9 }, // U+04A9
    { 9, 16, 169, 1, 12 }, // U+04AA
    { 7, 13, 128, 1, 9 }, // U+04AB
    { 9, 15, 148, 1, 12 }, // U+04AC
    { 7, 12, 127, 1, 9 }, // U+04AD
    { 10, 12, 151, 0, 12 }, // U+04AE
    { 10, 13, 136, -1, 9 }, // U+04AF
    { 10, 12, 151, -1, 12 }, // U+04B0
    { 10, 13, 136, -1, 9 }, // U+04B1
    { 11, 15, 168, 0, 12 }, // U+04B2
    { 10, 12, 147, 0, 9 }, // U+04B3
    { 14, 15, 230, 1, 12 }, // U+04B4
    { 12, 12, 193, 1, 9 }, // U+04B5
    { 10, 15, 188, 1, 12 }, // U+04B6
    { 9, 12, 166, 1, 9 }, // U+04B7
    { 9, 12, 186, 1, 12 }, // U+04B8
    { 8, 9, 162, 1, 9 }, // U+04B9
    { 9, 12, 186, 2, 12 }, // U+04BA
    { 8, 13, 165, 1, 13 }, // U+04BB
    { 13, 12, 226, 1, 12 }, // U+04BC
    { 10, 9, 177, 1, 9 }, // U+04BD
    { 13, 15, 226, 1, 12 }, // U+04BE
    { 10, 12, 177, 1, 9 }, // U+04BF
    { 4, 12, 90, 1, 12 }, // U+04C0
    { 16, 15, 241, 0, 15 }, // U+04C1
    { 13, 12, 202, 0, 12 }, // U+04C2
    { 9, 16, 186, 2, 12 }, // U+04C3
    { 8, 13, 149, 1, 9 }, // U+04C4
    { 13, 15, 192, 0, 12 }, // U+04C5
    { 11, 12, 157, 0, 9 }, // U+04C6
    { 9, 16, 195, 2, 12 }, // U+04C7
    { 8, 13, 166, 1, 9 }, // U+04C8
    { 11, 15, 202, 2, 12 }, // U+04C9
    { 10, 12, 177, 1, 9 }, // U+04CA
    { 9, 15, 186, 1, 12 }, // U+04CB
    { 8, 12, 164, 1, 9 }, // U+04CC
    { 14, 15, 245, 2, 12 }, // U+04CD
    { 12, 12, 201, 1, 9 }, // U+04CE
    { 4, 12, 90, 1, 12 }, // U+04CF
    { 11, 15, 170, 0, 15 }, // U+04D0
    { 8, 12, 150, 1, 12 }, // U+04D1
    { 11, 15, 170, 0, 15 }, // U+04D2
    { 8, 12, 150, 1, 12 }, // U+04D3
    { 14, 12, 235, -1, 12 }, // U+04D4
    { 13, 9, 230, 1, 9 }, // U+04D5
    { 7, 15, 148, 2, 15 }, // U+04D6
    { 8, 13, 150, 1, 13 }, // U+04D7
    { 10, 12, 197, 1, 12 }, // U+04D8
    { 8, 9, 150, 1, 9 }, // U+04D9
    { 10, 15, 197, 1, 15 }, // U+04DA
    { 8, 12, 150, 1, 12 }, // U+04DB
    { 16, 15, 241, 0, 15 }, // U+04DC
    { 13, 12, 202, 0, 12 }, // U+04DD
    { 9, 15, 154, 0, 15 }, // U+04DE
    { 7, 12, 130, 1, 12 }, // U+04DF
    { 9, 12, 156, 0, 12 }, // U+04E0
    { 8, 13, 133, 1, 9 }, // U+04E1
    { 10, 14, 202, 2, 14 }, // U+04E2
    { 8, 11, 166, 1, 11 }, // U+04E3
    { 10, 15, 202, 2, 15 }, // U+04E4
    { 8, 12, 166, 1, 12 }, // U+04E5
    { 11, 15, 208, 1, 15 }, // U+04E6
    { 9, 12, 161, 1, 12 }, // U+04E7
    { 11, 12, 209, 1, 12 }, // U+04E8
    { 8, 9, 161, 1, 9 }, // U+04E9
    { 11, 15, 209, 1, 15 }, // U+04EA
    { 8, 12, 161, 1, 12 }, // U+04EB
    { 10, 15, 173, 0, 15 }, // U+04EC
    { 7, 12, 132, 0, 12 }, // U+04ED
    { 11, 14, 164, 0, 14 }, // U+04EE
    { 9, 15, 136, 0, 11 }, // U+04EF
    { 11, 15, 164, 0, 15 }, // U+04F0
    { 9, 16, 136, 0, 12 }, // U+04F1
    { 11, 16, 164, -1, 16 }, // U+04F2
    { 10, 17, 136, -1, 13 }, // U+04F3
    { 9, 15, 180, 1, 15 }, // U+04F4
    { 8, 12, 157, 1, 12 }, // U+04F5
    { 7, 15, 141, 2, 12 }, // U+04F6
    { 6, 12, 116, 1, 9 }, // U+04F7
    { 11, 15, 226, 2, 15 }, // U+04F8
    { 10, 12, 202, 1, 12 }, // U+04F9
    { 8, 16, 141, 1, 12 }, // U+04FA
    { 8, 13, 116, 1, 9 }, // U+04FB
    { 11, 16, 169, 0, 12 }, // U+04FC
    { 10, 13, 147, -1, 9 }, // U+04FD
    { 10, 12, 156, 0, 12 }, // U+04FE
    { 9, 9, 141, 0, 9 }, // U+04FF
    { 11, 15, 170, 0, 12 }, // U+1EA0
    { 8, 12, 150, 1, 9 }, // U+1EA1
    { 12, 17, 170, 0, 17 }, // U+1EA2
    { 8, 14, 150, 1, 14 }, // U+1EA3
    { 11, 16, 170, 0, 16 }, // U+1EA4
    { 9, 14, 150, 1, 14 }, // U+1EA5
    { 11, 16, 170, 0, 16 }, // U+1EA6
    { 9, 14, 150, 0, 14 }, // U+1EA7
    { 12, 17, 170, -1, 17 }, // U+1EA8
    { 8, 15, 150, 1, 15 }, // U+1EA9
    { 11, 17, 170, 0, 17 }, // U+1EAA
    { 8, 15, 150, 1, 15 }, // U+1EAB
    { 11, 19, 170, 0, 16 }, // U+1EAC
    { 8, 15, 150, 1, 12 }, // U+1EAD
    { 11, 17, 170, 0, 17 }, // U+1EAE
    { 8, 14, 150, 1, 14 }, // U+1EAF
    { 11, 17, 170, 0, 17 }, // U+1EB0
    { 8, 14, 150, 1, 14 }, // U+1EB1
    { 12, 17, 170, 0, 17 }, // U+1EB2
    { 8, 15, 150, 1, 15 }, // U+1EB3
    { 11, 17, 170, 0, 17 }, // U+1EB4
    { 8, 15, 150, 1, 15 }, // U+1EB5
    { 11, 18, 170, -1, 15 }, // U+1EB6
    { 8, 15, 150, 1, 12 }, // U+1EB7
    { 7, 15, 148, 2, 12 }, // U+1EB8
    { 8, 12, 150, 1, 9 }, // U+1EB9
    { 8, 17, 148, 2, 17 }, // U+1EBA
    { 8, 14, 150, 1, 14 }, // U+1EBB
    { 7, 15, 148, 2, 15 }, // U+1EBC
    { 8, 12, 150, 1, 12 }, // U+1EBD
    { 8, 16, 148, 2, 16 }, // U+1EBE
    { 9, 14, 150, 1, 14 }, // U+1EBF
    { 8, 16, 148, 1, 16 }, // U+1EC0
    { 9, 14, 150, 0, 14 }, // U+1EC1
    { 8, 17, 148, 2, 17 }, // U+1EC2
    { 8, 15, 150, 1, 15 }, // U+1EC3
    { 7, 17, 148, 2, 17 }, // U+1EC4
    { 8, 15, 150, 1, 15 }, // U+1EC5
    { 7, 19, 148, 2, 16 }, // U+1EC6
    { 8, 15, 150, 1, 12 }, // U+1EC7
    { 4, 16, 90, 1, 16 }, // U+1EC8
    { 4, 14, 69, 0, 14 }, // U+1EC9
    { 4, 15, 90, 1, 12 }, // U+1ECA
    { 2, 15, 69, 1, 12 }, // U+1ECB
    { 11, 15, 208, 1, 12 }, // U+1ECC
    { 9, 12, 161, 1, 9 }, // U+1ECD
    { 11, 17, 208, 1, 17 }, // U+1ECE
    { 9, 14, 161, 1, 14 }, // U+1ECF
    { 11, 17, 208, 1, 17 }, // U+1ED0
    { 9, 14, 161, 1, 14 }, // U+1ED1
    { 11, 17, 208, 1, 17 }, // U+1ED2
    { 10, 14, 161, 0, 14 }, // U+1ED3
    { 11, 17, 208, 1, 17 }, // U+1ED4
    { 8, 15, 161, 1, 15 }, // U+1ED5
    { 11, 18, 208, 1, 18 }, // U+1ED6
    { 9, 15, 161, 1, 15 }, // U+1ED7
    { 11, 19, 208, 1, 16 }, // U+1ED8
    { 9, 15, 161, 1, 12 }, // U+1ED9
    { 13, 16, 209, 1, 16 }, // U+1EDA
    { 11, 12, 164, 1, 12 }, // U+1EDB
    { 13, 16, 209, 1, 16 }, // U+1EDC
    { 11, 12, 164, 1, 12 }, // U+1EDD
    { 13, 17, 209, 1, 17 }, // U+1EDE
    { 11, 14, 164, 1, 14 }, // U+1EDF
    { 13, 15, 209, 1, 15 }, // U+1EE0
    { 11, 12, 164, 1, 12 }, // U+1EE1
    { 13, 15, 209, 1, 12 }, // U+1EE2
    { 11, 14, 164, 1, 11 }, // U+1EE3
    { 9, 15, 195, 1, 12 }, // U+1EE4
    { 8, 12, 165, 1, 9 }, // U+1EE5
    { 9, 17, 195, 1, 17 }, // U+1EE6
    { 8, 14, 165, 1, 14 }, // U+1EE7
    { 13, 16, 208, 1, 16 }, // U+1EE8
    { 11, 12, 180, 1, 12 }, // U+1EE9
    { 13, 16, 208, 1, 16 }, // U+1EEA
    { 11, 12, 180, 1, 12 }, // U+1EEB
    { 13, 17, 208, 1, 17 }, // U+1EEC
    { 11, 14, 180, 1, 14 }, // U+1EED
    { 13, 15, 208, 1, 15 }, // U+1EEE
    { 11, 12, 180, 1, 12 }, // U+1EEF
    { 13, 15, 208, 1, 12 }, // U+1EF0
    { 11, 13, 180, 1, 10 }, // U+1EF1
    { 10, 16, 151, 0, 16 }, // U+1EF2
    { 10, 16, 136, -1, 12 }, // U+1EF3
    { 10, 15, 151, 0, 12 }, // U+1EF4
    { 9, 13, 136, 0, 9 }, // U+1EF5
    { 10, 16, 151, 0, 16 }, // U+1EF6
    { 9, 18, 136, 0, 14 }, // U+1EF7
    { 10, 15, 151, 0, 15 }, // U+1EF8
    { 10, 16, 136, -1, 12 }, // U+1EF9
    { 0, 0, 133, 0, 0 }, // U+2000
    { 0, 0, 267, 0, 0 }, // U+2001
    { 0, 0, 133, 0, 0 }, // U+2002
    { 0, 0, 267, 0, 0 }, // U+2003
    { 0, 0, 89, 0, 0 }, // U+2004
    { 0, 0, 67, 0, 0 }, // U+2005
    { 0, 0, 45, 0, 0 }, // U+2006
    { 0, 0, 153, 0, 0 }, // U+2007
    { 0, 0, 71, 0, 0 }, // U+2008
    { 0, 0, 44, 0, 0 }, // U+2009
    { 0, 0, 27, 0, 0 }, // U+200A
    { 0, 0, 0, 0, 0 }, // U+200B
    { 0, 0, 0, 0, 0 }, // U+200C
    { 0, 0, 0, 0, 0 }, // U+200D
    { 0, 0, 0, 0, 0 }, // U+200E
    { 0, 0, 0, 0, 0 }, // U+200F
    { 4, 3, 86, 1, 6 }, // U+2010
    { 4, 3, 86, 1, 6 }, // U+2011
    { 8, 3, 153, 1, 7 }, // U+2012
    { 7, 3, 133, 1, 6 }, // U+2013
    { 15, 3, 267, 1, 6 }, // U+2014
    { 15, 3, 267, 1, 6 }, // U+2015
    { 5, 16, 147, 2, 12 }, // U+2016
    { 7, 4, 110, 0, -1 }, // U+2017
    { 3, 4, 47, 0, 12 }, // U+2018
    { 3, 4, 47, 0, 12 }, // U+2019
    { 4, 4, 67, 0, 2 }, // U+201A
    { 3, 4, 47, 0, 12 }, // U+201B
    { 6, 4, 96, 0, 12 }, // U+201C
    { 6, 4, 96, 0, 12 }, // U+201D
    { 7, 4, 111, 0, 2 }, // U+201E
    { 6, 4, 96, 0, 12 }, // U+201F
    { 8, 12, 137, 1, 12 }, // U+2020
    { 7, 12, 137, 1, 12 }, // U+2021
    { 4, 4, 100, 1, 8 }, // U+2022
    { 5, 6, 98, 1, 9 }, // U+2023
    { 2, 3, 133, 3, 3 }, // U+2024
    { 7, 3, 143, 1, 3 }, // U+2025
    { 11, 3, 211, 1, 3 }, // U+2026
    { 2, 3, 71, 1, 6 }, // U+2027
    { 0, 0, 160, 0, 0 }, // U+2028
    { 0, 0, 160, 0, 0 }, // U+2029
    { 0, 0, 0, 0, 0 }, // U+202A
    { 0, 0, 0, 0, 0 }, // U+202B
    { 0, 0, 0, 0, 0 }, // U+202C
    { 0, 0, 0, 0, 0 }, // U+202D
    { 0, 0, 0, 0, 0 }, // U+202E
    { 0, 0, 44, 0, 0 }, // U+202F
    { 18, 12, 314, 1, 12 }, // U+2030
    { 25, 12, 412, 1, 12 }, // U+2031
    { 5, 4, 62, 0, 12 }, // U+2032
    { 8, 4, 109, 0, 12 }, // U+2033
    { 11, 4, 156, 0, 12 }, // U+2034
    { 5, 4, 62, -1, 12 }, // U+2035
    { 7, 4, 117, -1, 12 }, // U+2036
    { 10, 4, 161, -1, 12 }, // U+2037
    { 7, 6, 106, 0, 2 }, // U+2038
    { 4, 8, 83, 1, 8 }, // U+2039
    { 4, 8, 83, 1, 8 }, // U+203A
    { 13, 12, 223, 1, 12 }, // U+203B
    { 6, 12, 133, 1, 12 }, // U+203C
    { 7, 12, 118, 0, 12 }, // U+203D
    { 8, 3, 133, 0, 15 }, // U+203E
    { 10, 4, 162, 0, 0 }, // U+203F
    { 10, 5, 162, 0, 14 }, // U+2040
    { 6, 11, 100, 0, 7 }, // U+2041
    { 19, 15, 298, 0, 12 }, // U+2042
    { 4, 3, 86, 1, 6 }, // U+2043
    { 10, 12, 35, -4, 12 }, // U+2044
    { 4, 15, 86, 1, 12 }, // U+2045
    { 5, 15, 86, 0, 12 }, // U+2046
    { 14, 12, 228, 0, 12 }, // U+2047
    { 10, 12, 181, 0, 12 }, // U+2048
    { 10, 12, 182, 1, 12 }, // U+2049
    { 8, 9, 153, 1, 9 }, // U+204A
    { 8, 15, 175, 2, 12 }, // U+204B
    { 9, 9, 170, 1, 9 }, // U+204C
    { 8, 9, 170, 1, 9 }, // U+204D
    { 9, 8, 147, 0, 4 }, // U+204E
    { 3, 11, 63, 1, 9 }, // U+204F
    { 10, 17, 161, 0, 13 }, // U+2050
    { 9, 16, 147, 0, 12 }, // U+2051
    { 7, 12, 99, 0, 12 }, // U+2052
    { 15, 3, 267, 1, 6 }, // U+2053
    { 10, 5, 161, 0, 1 }, // U+2054
    { 8, 8, 153, 1, 8 }, // U+2055
    { 7, 12, 138, 1, 12 }, // U+2056
    { 13, 4, 198, 0, 12 }, // U+2057
    { 12, 12, 219, 1, 12 }, // U+2058
    { 12, 12, 221, 1, 12 }, // U+2059
    { 2, 12, 59, 1, 12 }, // U+205A
    { 9, 12, 174, 1, 12 }, // U+205B
    { 12, 12, 212, 1, 12 }, // U+205C
    { 2, 12, 71, 1, 12 }, // U+205D
    { 2, 12, 71, 1, 12 }, // U+205E
    { 0, 0, 59, 0, 0 }, // U+205F
    { 0, 0, 0, 0, 0 }, // U+2060
    { 0, 0, 0, 0, 0 }, // U+2061
    { 0, 0, 0, 0, 0 }, // U+2062
    { 0, 0, 0, 0, 0 }, // U+2063
    { 0, 0, 0, 0, 0 }, // U+2064
    { 0, 0, 0, 0, 0 }, // U+2065
    { 0, 0, 0, 0, 0 }, // U+2066
    { 0, 0, 0, 0, 0 }, // U+2067
    { 0, 0, 0, 0, 0 }, // U+2068
    { 0, 0, 0, 0, 0 }, // U+2069
    { 0, 0, 0, 0, 0 }, // U+206A
    { 0, 0, 0, 0, 0 }, // U+206B
    { 0, 0, 0, 0, 0 }, // U+206C
    { 0, 0, 0, 0, 0 }, // U+206D
    { 0, 0, 0, 0, 0 }, // U+206E
    { 0, 0, 0, 0, 0 }, // U+206F
    { 6, 8, 93, 0, 14 }, // U+2070
    { 2, 7, 45, 0, 12 }, // U+2071
    { 6, 7, 93, 1, 14 }, // U+2074
    { 6, 8, 93, 0, 14 }, // U+2075
    { 6, 8, 93, 0, 14 }, // U+2076
    { 5, 8, 93, 1, 14 }, // U+2077
    { 7, 8, 93, 0, 14 }, // U+2078
    { 6, 8, 93, 0, 14 }, // U+2079
    { 5, 5, 90, 1, 13 }, // U+207A
    { 6, 1, 90, 0, 10 }, // U+207B
    { 6, 4, 90, 0, 12 }, // U+207C
    { 4, 9, 60, 0, 15 }, // U+207D
    { 4, 9, 60, 0, 15 }, // U+207E
    { 6, 5, 107, 0, 10 }, // U+207F
    { 6, 9, 93, 0, 6 }, // U+2080
    { 5, 7, 93, 0, 5 }, // U+2081
    { 5, 8, 93, 1, 5 }, // U+2082
    { 7, 9, 93, -1, 6 }, // U+2083
    { 6, 7, 93, 1, 5 }, // U+2084
    { 6, 9, 93, 0, 6 }, // U+2085
    { 6, 9, 93, 0, 6 }, // U+2086
    { 5, 8, 93, 1, 5 }, // U+2087
    { 7, 9, 93, 0, 6 }, // U+2088
    { 6, 9, 93, 0, 6 }, // U+2089
    { 5, 5, 90, 1, 3 }, // U+208A
    { 6, 1, 90, 0, 2 }, // U+208B
    { 6, 4, 90, 0, 3 }, // U+208C
    { 4, 9, 60, 0, 6 }, // U+208D
    { 4, 9, 60, 0, 6 }, // U+208E
    { 5, 6, 97, 0, 4 }, // U+2090
    { 5, 6, 98, 1, 4 }, // U+2091
    { 5, 6, 105, 1, 4 }, // U+2092
    { 6, 6, 92, 0, 4 }, // U+2093
    { 5, 6, 98, 1, 4 }, // U+2094
    { 6, 8, 107, 0, 6 }, // U+2095
    { 6, 8, 93, 0, 6 }, // U+2096
    { 3, 8, 45, 0, 6 }, // U+2097
    { 10, 6, 162, 0, 4 }, // U+2098
    { 6, 6, 107, 0, 4 }, // U+2099
    { 6, 8, 107, 0, 4 }, // U+209A
    { 6, 6, 83, 0, 4 }, // U+209B
    { 5, 7, 63, -1, 5 }, // U+209C
    { 9, 12, 153, 1, 12 }, // U+20A0
    { 9, 14, 153, 1, 12 }, // U+20A1
    { 8, 12, 153, 1, 12 }, // U+20A2
    { 8, 12, 153, 1, 12 }, // U+20A3
    { 8, 12, 153, 1, 12 }, // U+20A4
    { 13, 13, 249, 1, 11 }, // U+20A5
    { 9, 12, 153, 1, 12 }, // U+20A6
    { 12, 12, 207, 1, 12 }, // U+20A7
    { 12, 12, 222, 1, 12 }, // U+20A8
    { 11, 12, 179, 1, 12 }, // U+20A9
    { 11, 12, 213, 1, 12 }, // U+20AA
    { 9, 15, 165, 1, 12 }, // U+20AB
    { 9, 12, 153, 1, 12 }, // U+20AC
    { 9, 12, 153, 1, 12 }, // U+20AD
    { 9, 12, 153, 1, 12 }, // U+20AE
    { 16, 16, 259, 0, 12 }, // U+20AF
    { 9, 16, 153, 0, 12 }, // U+20B0
    { 10, 12, 153, 0, 12 }, // U+20B1
    { 10, 14, 194, 1, 12 }, // U+20B2
    { 12, 12, 162, 0, 12 }, // U+20B3
    { 9, 12, 146, 1, 12 }, // U+20B4
    { 9, 13, 169, 1, 12 }, // U+20B5
    { 11, 11, 166, 0, 11 }, // U+20B6
    { 11, 13, 194, 1, 12 }, // U+20B7
    { 9, 12, 146, 1, 12 }, // U+20B8
    { 7, 14, 153, 1, 14 }, // U+20B9
    { 9, 12, 153, 0, 12 }, // U+20BA
    { 13, 12, 208, 1, 12 }, // U+20BB
    { 12, 12, 216, 1, 12 }, // U+20BC
    { 10, 12, 155, 0, 12 }, // U+20BD
    { 11, 12, 206, 1, 12 }, // U+20BE
    { 8, 16, 153, 2, 14 }, // U+20BF
    { 7, 12, 132, 1, 9 }, // U+20C0
    { 8, 2, 153, 1, 7 }, // U+2212
    { 13, 12, 184, 0, 12 }, // U+FB00
    { 9, 12, 161, 0, 12 }, // U+FB01
    { 9, 12, 161, 0, 12 }, // U+FB02
    { 15, 12, 252, 0, 12 }, // U+FB03
    { 15, 12, 252, 0, 12 }, // U+FB04
    { 10, 12, 180, 1, 12 }, // U+FB05
    { 13, 12, 224, 1, 12 }, // U+FB06
    { 16, 16, 267, 0, 13 }, // U+FFFD
};

static const uint16_t notosans_8_regularBitmapOffsets[] = {
    0, // U+0000
    0, // U+000D
    0, // U+0020
    0, // !
    3, // "
    6, // #
    21, // $
    35, // %
    55, // &
    73, // '
    74, // (
    82, // )
    92, // *
    101, // +
    109, // ,
    111, // -
    113, // .
    114, // /
    125, // 0
    137, // 1
    146, // 2
    158, // 3
    170, // 4
    184, // 5
    196, // 6
    208, // 7
    220, // 8
    232, // 9
    244, // :
    247, // ;
    252, // <
    262, // =
    267, // >
    277, // ?
    288, // @
    311, // A
    328, // B
    342, // C
    356, // D
    371, // E
    382, // F
    393, // G
    408, // H
    422, // I
    428, // J
    438, // K
    452, // L
    463, // M
    481, // N
    496, // O
    513, // P
    525, // Q
    546, // R
    560, // S
    572, // T
    586, // U
    600, // V
    615, // W
    639, // X
    654, // Y
    669, // Z
    681, // [
    689, // <backslash>
    700, // ]
    710, // ^
    719, // _
    722, // `
    724, // a
    733, // b
    745, // c
    753, // d
    765, // e
    774, // f
    785, // g
    798, // h
    810, // i
    813, // j
    823, // k
    835, // l
    838, // m
    853, // n
    862, // o
    873, // p
    886, // q
    899, // r
    906, // s
    914, // t
    923, // u
    932, // v
    943, // w
    958, // x
    969, // y
    986, // z
    993, // {
    1005, // |
    1009, // }
    1021, // ~
    1024, // U+00A0
    1024, // U+00A1
    1027, // U+00A2
    1038, // U+00A3
    1050, // U+00A4
    1058, // U+00A5
    1073, // U+00A6
    1077, // U+00A7
    1089, // U+00A8
    1091, // U+00A9
    1113, // U+00AA
    1117, // U+00AB
    1125, // U+00AC
    1132, // U+00AD
    1134, // U+00AE
    1156, // U+00AF
    1159, // U+00B0
    1164, // U+00B1
    1174, // U+00B2
    1179, // U+00B3
    1186, // U+00B4
    1188, // U+00B5
    1201, // U+00B6
    1218, // U+00B7
    1219, // U+00B8
    1223, // U+00B9
    1228, // U+00BA
    1232, // U+00BB
    1240, // U+00BC
    1260, // U+00BD
    1282, // U+00BE
    1303, // U+00BF
    1315, // U+00C0
    1337, // U+00C1
    1359, // U+00C2
    1381, // U+00C3
    1402, // U+00C4
    1423, // U+00C5
    1446, // U+00C6
    1467, // U+00C7
    1485, // U+00C8
    1499, // U+00C9
    1513, // U+00CA
    1527, // U+00CB
    1541, // U+00CC
    1549, // U+00CD
    1559, // U+00CE
    1571, // U+00CF
    1581, // U+00D0
    1598, // U+00D1
    1617, // U+00D2
    1639, // U+00D3
    1661, // U+00D4
    1683, // U+00D5
    1704, // U+00D6
    1725, // U+00D7
    1733, // U+00D8
    1753, // U+00D9
    1771, // U+00DA
    1789, // U+00DB
    1807, // U+00DC
    1824, // U+00DD
    1844, // U+00DE
    1856, // U+00DF
    1870, // U+00E0
    1882, // U+00E1
    1894, // U+00E2
    1906, // U+00E3
    1918, // U+00E4
    1930, // U+00E5
    1944, // U+00E6
    1959, // U+00E7
    1971, // U+00E8
    1983, // U+00E9
    1995, // U+00EA
    2007, // U+00EB
    2019, // U+00EC
    2025, // U+00ED
    2033, // U+00EE
    2044, // U+00EF
    2052, // U+00F0
    2067, // U+00F1
    2079, // U+00F2
    2093, // U+00F3
    2107, // U+00F4
    2121, // U+00F5
    2135, // U+00F6
    2149, // U+00F7
    2157, // U+00F8
    2170, // U+00F9
    2182, // U+00FA
    2194, // U+00FB
    2206, // U+00FC
    2218, // U+00FD
    2238, // U+00FE
    2254, // U+00FF
    2272, // U+0100
    2292, // U+0101
    2303, // U+0102
    2324, // U+0103
    2336, // U+0104
    2360, // U+0105
    2373, // U+0106
    2391, // U+0107
    2402, // U+0108
    2420, // U+0109
    2431, // U+010A
    2448, // U+010B
    2459, // U+010C
    2477, // U+010D
    2488, // U+010E
    2508, // U+010F
    2525, // U+0110
    2542, // U+0111
    2556, // U+0112
    2569, // U+0113
    2580, // U+0114
    2594, // U+0115
    2606, // U+0116
    2620, // U+0117
    2632, // U+0118
    2646, // U+0119
    2659, // U+011A
    2673, // U+011B
    2685, // U+011C
    2705, // U+011D
    2721, // U+011E
    2741, // U+011F
    2757, // U+0120
    2776, // U+0121
    2792, // U+0122
    2812, // U+0123
    2828, // U+0124
    2846, // U+0125
    2870, // U+0126
    2888, // U+0127
    2902, // U+0128
    2914, // U+0129
    2925, // U+012A
    2934, // U+012B
    2941, // U+012C
    2953, // U+012D
    2962, // U+012E
    2970, // U+012F
    2976, // U+0130
    2984, // U+0131
    2987, // U+0132
    3003, // U+0133
    3015, // U+0134
    3033, // U+0135
    3047, // U+0136
    3065, // U+0137
    3081, // U+0138
    3090, // U+0139
    3106, // U+013A
    3117, // U+013B
    3131, // U+013C
    3137, // U+013D
    3148, // U+013E
    3156, // U+013F
    3167, // U+0140
    3173, // U+0141
    3187, // U+0142
    3196, // U+0143
    3216, // U+0144
    3228, // U+0145
    3248, // U+0146
    3261, // U+0147
    3281, // U+0148
    3293, // U+0149
    3310, // U+014A
    3330, // U+014B
    3343, // U+014C
    3363, // U+014D
    3376, // U+014E
    3398, // U+014F
    3412, // U+0150
    3434, // U+0151
    3448, // U+0152
    3469, // U+0153
    3485, // U+0154
    3503, // U+0155
    3512, // U+0156
    3530, // U+0157
    3542, // U+0158
    3560, // U+0159
    3571, // U+015A
    3587, // U+015B
    3598, // U+015C
    3614, // U+015D
    3625, // U+015E
    3641, // U+015F
    3653, // U+0160
    3669, // U+0161
    3680, // U+0162
    3698, // U+0163
    3710, // U+0164
    3728, // U+0165
    3742, // U+0166
    3756, // U+0167
    3765, // U+0168
    3782, // U+0169
    3794, // U+016A
    3810, // U+016B
    3821, // U+016C
    3839, // U+016D
    3851, // U+016E
    3871, // U+016F
    3885, // U+0170
    3903, // U+0171
    3915, // U+0172
    3933, // U+0173
    3946, // U+0174
    3978, // U+0175
    3998, // U+0176
    4018, // U+0177
    4038, // U+0178
    4057, // U+0179
    4073, // U+017A
    4082, // U+017B
    4097, // U+017C
    4106, // U+017D
    4122, // U+017E
    4131, // U+017F
    4139, // U+01A0
    4159, // U+01A1
    4175, // U+01AF
    4195, // U+01B0
    4209, // U+01C4
    4247, // U+01C5
    4273, // U+01C6
    4297, // U+01C7
    4317, // U+01C8
    4337, // U+01C9
    4349, // U+01CA
    4377, // U+01CB
    4405, // U+01CC
    4429, // U+01CD
    4451, // U+01CE
    4463, // U+01CF
    4475, // U+01D0
    4486, // U+01D1
    4508, // U+01D2
    4522, // U+01D3
    4540, // U+01D4
    4552, // U+01D5
    4572, // U+01D6
    4586, // U+01D7
    4607, // U+01D8
    4622, // U+01D9
    4643, // U+01DA
    4658, // U+01DB
    4679, // U+01DC
    4694, // U+01DD
    4703, // U+01DE
    4727, // U+01DF
    4741, // U+01E0
    4763, // U+01E1
    4777, // U+01E2
    4802, // U+01E3
    4820, // U+01E4
    4837, // U+01E5
    4852, // U+01E6
    4872, // U+01E7
    4888, // U+01E8
    4906, // U+01E9
    4930, // U+01EA
    4952, // U+01EB
    4967, // U+01EC
    4992, // U+01ED
    5009, // U+01EE
    5027, // U+01EF
    5043, // U+01F0
    5057, // U+01F1
    5086, // U+01F2
    5112, // U+01F3
    5136, // U+01F4
    5156, // U+01F5
    5172, // U+01F6
    5192, // U+01F7
    5210, // U+01F8
    5230, // U+01F9
    5242, // U+01FA
    5266, // U+01FB
    5282, // U+01FC
    5310, // U+01FD
    5330, // U+01FE
    5354, // U+01FF
    5369, // U+0200
    5391, // U+0201
    5403, // U+0202
    5424, // U+0203
    5436, // U+0204
    5452, // U+0205
    5464, // U+0206
    5478, // U+0207
    5490, // U+0208
    5504, // U+0209
    5515, // U+020A
    5527, // U+020B
    5536, // U+020C
    5558, // U+020D
    5572, // U+020E
    5593, // U+020F
    5607, // U+0210
    5627, // U+0211
    5639, // U+0212
    5656, // U+0213
    5667, // U+0214
    5685, // U+0215
    5697, // U+0216
    5714, // U+0217
    5726, // U+0218
    5742, // U+0219
    5754, // U+021A
    5772, // U+021B
    5784, // U+021C
    5801, // U+021D
    5813, // U+021E
    5831, // U+021F
    5855, // U+0300
    5857, // U+0301
    5859, // U+0302
    5862, // U+0303
    5865, // U+0304
    5867, // U+0305
    5870, // U+0306
    5873, // U+0307
    5874, // U+0308
    5876, // U+0309
    5879, // U+030A
    5881, // U+030B
    5884, // U+030C
    5887, // U+030D
    5888, // U+030E
    5890, // U+030F
    5893, // U+0310
    5897, // U+0311
    5900, // U+0312
    5902, // U+0313
    5904, // U+0314
    5906, // U+0315
    5908, // U+0316
    5910, // U+0317
    5912, // U+0318
    5914, // U+0319
    5916, // U+031A
    5921, // U+031B
    5923, // U+031C
    5925, // U+031D
    5927, // U+031E
    5930, // U+031F
    5932, // U+0320
    5934, // U+0321
    5937, // U+0322
    5940, // U+0323
    5941, // U+0324
    5943, // U+0325
    5945, // U+0326
    5947, // U+0327
    5951, // U+0328
    5954, // U+0329
    5955, // U+032A
    5959, // U+032B
    5962, // U+032C
    5965, // U+032D
    5968, // U+032E
    5971, // U+032F
    5974, // U+0330
    5977, // U+0331
    5979, // U+0332
    5982, // U+0333
    5986, // U+0334
    5989, // U+0335
    5992, // U+0336
    5997, // U+0337
    6000, // U+0338
    6014, // U+0339
    6016, // U+033A
    6019, // U+033B
    6023, // U+033C
    6027, // U+033D
    6029, // U+033E
    6032, // U+033F
    6036, // U+0340
    6038, // U+0341
    6040, // U+0342
    6043, // U+0343
    6046, // U+0344
    6049, // U+0345
    6051, // U+0346
    6056, // U+0347
    6060, // U+0348
    6062, // U+0349
    6065, // U+034A
    6069, // U+034B
    6075, // U+034C
    6079, // U+034D
    6084, // U+034E
    6086, // U+034F
    6086, // U+0350
    6088, // U+0351
    6090, // U+0352
    6093, // U+0353
    6095, // U+0354
    6097, // U+0355
    6099, // U+0356
    6102, // U+0357
    6104, // U+0358
    6105, // U+0359
    6107, // U+035A
    6111, // U+035B
    6114, // U+035C
    6121, // U+035D
    6128, // U+035E
    6132, // U+035F
    6136, // U+0360
    6142, // U+0361
    6151, // U+0362
    6160, // U+0363
    6163, // U+0364
    6166, // U+0365
    6168, // U+0366
    6171, // U+0367
    6174, // U+0368
    6177, // U+0369
    6180, // U+036A
    6183, // U+036B
    6186, // U+036C
    6188, // U+036D
    6191, // U+036E
    6194, // U+036F
    6197, // U+0400
    6211, // U+0401
    6225, // U+0402
    6242, // U+0403
    6256, // U+0404
    6270, // U+0405
    6282, // U+0406
    6285, // U+0407
    6293, // U+0408
    6303, // U+0409
    6329, // U+040A
    6352, // U+040B
    6369, // U+040C
    6387, // U+040D
    6407, // U+040E
    6428, // U+040F
    6445, // U+0410
    6462, // U+0411
    6474, // U+0412
    6488, // U+0413
    6499, // U+0414
    6522, // U+0415
    6533, // U+0416
    6557, // U+0417
    6569, // U+0418
    6584, // U+0419
    6603, // U+041A
    6617, // U+041B
    6634, // U+041C
    6652, // U+041D
    6666, // U+041E
    6683, // U+041F
    6697, // U+0420
    6709, // U+0421
    6723, // U+0422
    6737, // U+0423
    6754, // U+0424
    6772, // U+0425
    6789, // U+0426
    6810, // U+0427
    6824, // U+0428
    6847, // U+0429
    6877, // U+042A
    6894, // U+042B
    6911, // U+042C
    6923, // U+042D
    6938, // U+042E
    6959, // U+042F
    6973, // U+0430
    6981, // U+0431
    6995, // U+0432
    7003, // U+0433
    7010, // U+0434
    7025, // U+0435
    7034, // U+0436
    7049, // U+0437
    7057, // U+0438
    7066, // U+0439
    7078, // U+043A
    7087, // U+043B
    7098, // U+043C
    7110, // U+043D
    7119, // U+043E
    7130, // U+043F
    7139, // U+0440
    7152, // U+0441
    7160, // U+0442
    7168, // U+0443
    7185, // U+0444
    7209, // U+0445
    7220, // U+0446
    7234, // U+0447
    7243, // U+0448
    7258, // U+0449
    7279, // U+044A
    7291, // U+044B
    7303, // U+044C
    7311, // U+044D
    7320, // U+044E
    7333, // U+044F
    7342, // U+0450
    7355, // U+0451
    7367, // U+0452
    7387, // U+0453
    7397, // U+0454
    7405, // U+0455
    7414, // U+0456
    7417, // U+0457
    7423, // U+0458
    7433, // U+0459
    7450, // U+045A
    7465, // U+045B
    7480, // U+045C
    7493, // U+045D
    7506, // U+045E
    7526, // U+045F
    7538, // U+0460
    7561, // U+0461
    7576, // U+0462
    7591, // U+0463
    7605, // U+0464
    7626, // U+0465
    7639, // U+0466
    7657, // U+0467
    7670, // U+0468
    7693, // U+0469
    7707, // U+046A
    7728, // U+046B
    7742, // U+046C
    7766, // U+046D
    7781, // U+046E
    7799, // U+046F
    7814, // U+0470
    7831, // U+0471
    7853, // U+0472
    7870, // U+0473
    7879, // U+0474
    7897, // U+0475
    7908, // U+0476
    7932, // U+0477
    7947, // U+0478
    7987, // U+0479
    8017, // U+047A
    8038, // U+047B
    8051, // U+047C
    8083, // U+047D
    8108, // U+047E
    8137, // U+047F
    8157, // U+0480
    8177, // U+0481
    8189, // U+0482
    8204, // U+0483
    8207, // U+0484
    8210, // U+0485
    8211, // U+0486
    8212, // U+0487
    8215, // U+0488
    8258, // U+0489
    8299, // U+048A
    8326, // U+048B
    8346, // U+048C
    8360, // U+048D
    8375, // U+048E
    8387, // U+048F
    8400, // U+0490
    8413, // U+0491
    8422, // U+0492
    8434, // U+0493
    8443, // U+0494
    8461, // U+0495
    8473, // U+0496
    8503, // U+0497
    8524, // U+0498
    8540, // U+0499
    8553, // U+049A
    8572, // U+049B
    8584, // U+049C
    8599, // U+049D
    8608, // U+049E
    8625, // U+049F
    8640, // U+04A0
    8658, // U+04A1
    8671, // U+04A2
    8692, // U+04A3
    8706, // U+04A4
    8724, // U+04A5
    8737, // U+04A6
    8769, // U+04A7
    8791, // U+04A8
    8811, // U+04A9
    8822, // U+04AA
    8840, // U+04AB
    8852, // U+04AC
    8869, // U+04AD
    8880, // U+04AE
    8895, // U+04AF
    8912, // U+04B0
    8927, // U+04B1
    8944, // U+04B2
    8965, // U+04B3
    8980, // U+04B4
    9007, // U+04B5
    9025, // U+04B6
    9044, // U+04B7
    9058, // U+04B8
    9072, // U+04B9
    9081, // U+04BA
    9095, // U+04BB
    9108, // U+04BC
    9128, // U+04BD
    9140, // U+04BE
    9165, // U+04BF
    9180, // U+04C0
    9186, // U+04C1
    9216, // U+04C2
    9236, // U+04C3
    9254, // U+04C4
    9267, // U+04C5
    9292, // U+04C6
    9309, // U+04C7
    9327, // U+04C8
    9340, // U+04C9
    9361, // U+04CA
    9376, // U+04CB
    9393, // U+04CC
    9405, // U+04CD
    9432, // U+04CE
    9450, // U+04CF
    9456, // U+04D0
    9477, // U+04D1
    9489, // U+04D2
    9510, // U+04D3
    9522, // U+04D4
    9543, // U+04D5
    9558, // U+04D6
    9572, // U+04D7
    9585, // U+04D8
    9600, // U+04D9
    9609, // U+04DA
    9628, // U+04DB
    9640, // U+04DC
    9670, // U+04DD
    9690, // U+04DE
    9707, // U+04DF
    9718, // U+04E0
    9732, // U+04E1
    9745, // U+04E2
    9763, // U+04E3
    9774, // U+04E4
    9793, // U+04E5
    9805, // U+04E6
    9826, // U+04E7
    9840, // U+04E8
    9857, // U+04E9
    9866, // U+04EA
    9887, // U+04EB
    9899, // U+04EC
    9918, // U+04ED
    9929, // U+04EE
    9949, // U+04EF
    9966, // U+04F0
    9987, // U+04F1
    10005, // U+04F2
    10027, // U+04F3
    10049, // U+04F4
    10066, // U+04F5
    10078, // U+04F6
    10092, // U+04F7
    10101, // U+04F8
    10122, // U+04F9
    10137, // U+04FA
    10153, // U+04FB
    10166, // U+04FC
    10188, // U+04FD
    10205, // U+04FE
    10220, // U+04FF
    10231, // U+1EA0
    10252, // U+1EA1
    10264, // U+1EA2
    10290, // U+1EA3
    10304, // U+1EA4
    10326, // U+1EA5
    10342, // U+1EA6
    10364, // U+1EA7
    10380, // U+1EA8
    10406, // U+1EA9
    10421, // U+1EAA
    10445, // U+1EAB
    10460, // U+1EAC
    10487, // U+1EAD
    10502, // U+1EAE
    10526, // U+1EAF
    10540, // U+1EB0
    10564, // U+1EB1
    10578, // U+1EB2
    10604, // U+1EB3
    10619, // U+1EB4
    10643, // U+1EB5
    10658, // U+1EB6
    10683, // U+1EB7
    10698, // U+1EB8
    10712, // U+1EB9
    10724, // U+1EBA
    10741, // U+1EBB
    10755, // U+1EBC
    10769, // U+1EBD
    10781, // U+1EBE
    10797, // U+1EBF
    10813, // U+1EC0
    10829, // U+1EC1
    10845, // U+1EC2
    10862, // U+1EC3
    10877, // U+1EC4
    10892, // U+1EC5
    10907, // U+1EC6
    10924, // U+1EC7
    10939, // U+1EC8
    10947, // U+1EC9
    10954, // U+1ECA
    10962, // U+1ECB
    10966, // U+1ECC
    10987, // U+1ECD
    11001, // U+1ECE
    11025, // U+1ECF
    11041, // U+1ED0
    11065, // U+1ED1
    11081, // U+1ED2
    11105, // U+1ED3
    11123, // U+1ED4
    11147, // U+1ED5
    11162, // U+1ED6
    11187, // U+1ED7
    11204, // U+1ED8
    11231, // U+1ED9
    11248, // U+1EDA
    11274, // U+1EDB
    11291, // U+1EDC
    11317, // U+1EDD
    11334, // U+1EDE
    11362, // U+1EDF
    11382, // U+1EE0
    11407, // U+1EE1
    11424, // U+1EE2
    11449, // U+1EE3
    11469, // U+1EE4
    11486, // U+1EE5
    11498, // U+1EE6
    11518, // U+1EE7
    11532, // U+1EE8
    11558, // U+1EE9
    11575, // U+1EEA
    11601, // U+1EEB
    11618, // U+1EEC
    11646, // U+1EED
    11666, // U+1EEE
    11691, // U+1EEF
    11708, // U+1EF0
    11733, // U+1EF1
    11751, // U+1EF2
    11771, // U+1EF3
    11791, // U+1EF4
    11810, // U+1EF5
    11825, // U+1EF6
    11845, // U+1EF7
    11866, // U+1EF8
    11885, // U+1EF9
    11905, // U+2000
    11905, // U+2001
    11905, // U+2002
    11905, // U+2003
    11905, // U+2004
    11905, // U+2005
    11905, // U+2006
    11905, // U+2007
    11905, // U+2008
    11905, // U+2009
    11905, // U+200A
    11905, // U+200B
    11905, // U+200C
    11905, // U+200D
    11905, // U+200E
    11905, // U+200F
    11905, // U+2010
    11907, // U+2011
    11909, // U+2012
    11912, // U+2013
    11915, // U+2014
    11921, // U+2015
    11927, // U+2016
    11937, // U+2017
    11941, // U+2018
    11943, // U+2019
    11945, // U+201A
    11947, // U+201B
    11949, // U+201C
    11952, // U+201D
    11955, // U+201E
    11959, // U+201F
    11962, // U+2020
    11974, // U+2021
    11985, // U+2022
    11987, // U+2023
    11991, // U+2024
    11992, // U+2025
    11995, // U+2026
    12000, // U+2027
    12001, // U+2028
    12001, // U+2029
    12001, // U+202A
    12001, // U+202B
    12001, // U+202C
    12001, // U+202D
    12001, // U+202E
    12001, // U+202F
    12001, // U+2030
    12028, // U+2031
    12066, // U+2032
    12069, // U+2033
    12073, // U+2034
    12079, // U+2035
    12082, // U+2036
    12086, // U+2037
    12091, // U+2038
    12097, // U+2039
    12101, // U+203A
    12105, // U+203B
    12125, // U+203C
    12134, // U+203D
    12145, // U+203E
    12148, // U+203F
    12153, // U+2040
    12160, // U+2041
    12169, // U+2042
    12205, // U+2043
    12207, // U+2044
    12222, // U+2045
    12230, // U+2046
    12240, // U+2047
    12261, // U+2048
    12276, // U+2049
    12291, // U+204A
    12300, // U+204B
    12315, // U+204C
    12326, // U+204D
    12335, // U+204E
    12344, // U+204F
    12349, // U+2050
    12371, // U+2051
    12389, // U+2052
    12400, // U+2053
    12406, // U+2054
    12413, // U+2055
    12421, // U+2056
    12432, // U+2057
    12439, // U+2058
    12457, // U+2059
    12475, // U+205A
    12478, // U+205B
    12492, // U+205C
    12510, // U+205D
    12513, // U+205E
    12516, // U+205F
    12516, // U+2060
    12516, // U+2061
    12516, // U+2062
    12516, // U+2063
    12516, // U+2064
    12516, // U+2065
    12516, // U+2066
    12516, // U+2067
    12516, // U+2068
    12516, // U+2069
    12516, // U+206A
    12516, // U+206B
    12516, // U+206C
    12516, // U+206D
    12516, // U+206E
    12516, // U+206F
    12516, // U+2070
    12522, // U+2071
    12524, // U+2074
    12530, // U+2075
    12536, // U+2076
    12542, // U+2077
    12547, // U+2078
    12554, // U+2079
    12560, // U+207A
    12564, // U+207B
    12565, // U+207C
    12568, // U+207D
    12573, // U+207E
    12578, // U+207F
    12582, // U+2080
    12589, // U+2081
    12594, // U+2082
    12599, // U+2083
    12607, // U+2084
    12613, // U+2085
    12620, // U+2086
    12627, // U+2087
    12632, // U+2088
    12640, // U+2089
    12647, // U+208A
    12651, // U+208B
    12652, // U+208C
    12655, // U+208D
    12660, // U+208E
    12665, // U+2090
    12669, // U+2091
    12673, // U+2092
    12677, // U+2093
    12682, // U+2094
    12686, // U+2095
    12692, // U+2096
    12698, // U+2097
    12701, // U+2098
    12709, // U+2099
    12714, // U+209A
    12720, // U+209B
    12725, // U+209C
    12730, // U+20A0
    12744, // U+20A1
    12760, // U+20A2
    12772, // U+20A3
    12784, // U+20A4
    12796, // U+20A5
    12818, // U+20A6
    12832, // U+20A7
    12850, // U+20A8
    12868, // U+20A9
    12885, // U+20AA
    12902, // U+20AB
    12919, // U+20AC
    12933, // U+20AD
    12947, // U+20AE
    12961, // U+20AF
    12993, // U+20B0
    13011, // U+20B1
    13026, // U+20B2
    13044, // U+20B3
    13062, // U+20B4
    13076, // U+20B5
    13091, // U+20B6
    13107, // U+20B7
    13125, // U+20B8
    13139, // U+20B9
    13152, // U+20BA
    13166, // U+20BB
    13186, // U+20BC
    13204, // U+20BD
    13219, // U+20BE
    13236, // U+20BF
    13252, // U+20C0
    13263, // U+2212
    13265, // U+FB00
    13285, // U+FB01
    13299, // U+FB02
    13313, // U+FB03
    13336, // U+FB04
    13359, // U+FB05
    13374, // U+FB06
    13394, // U+FFFD
};








static const int8_t notosans_8_regularKernSparseValues[] = {
     -19,    5,    5,    3,  -11,  -16,   -8,   -8,   -8,  -21,   19,    5,   -8,    5,  -19,  -16,
       5,   -3,  -11,  -19,    5,  -13,    8,    5,    8,    8,    5,  -16,   -5,  -16,   -5,   -8,
      24,   11,   27,   -8,   16,  -13,  -19,   -5,  -16,  -16,  -13,   16,   -5,  -11,  -21,  -11,
     -16,  -13,  -16,  -19,  -16,  -16,  -11,  -11,   -5,   -3,   -3,   -5,  -11,   -8,   -3,   -3,
      -3,   -3,  -19,   -5,   13,  -19,  -11,  -16,   -3,   -5,   -5,  -11,   -5,   -8,   -3,   -5,
      -3,   -3,   16,    5,  -16,    5,   -5,  -21,   -5,   -5,   -3,   -5,   -8,   -3,  -35,  -13,
      -5,   -3,   -5,   -8,   -3,   -5,  -16,  -11,    5,  -19,   -5,    5,  -21,  -19,  -19,  -13,
     -16,   -5,  -11,  -16,   -8,   -5,   -3,  -13,    5,  -11,   -3,   -5,   -5,   -3,   -3,   -3,
      -8,   -3,   -8,  -16,    5,  -16,   -5,  -13,  -13,  -13,   -8,  -11,   -5,  -21,   -8,   -3,
      -5,   25,   -3,   -3,   -5,   -3,    5,   16,   11,   -5,   11,  -43,   -5,   -5,   -3,   11,
     -11,    5,   -5,   13,   -5,   -3,   -8,   -8,   -3,   -8,   -8,   -3,   -3,  -16,   -8,   -5,
     -21,  -16,   -5,   -5,   -5,  -11,   27,  -11,   -8,  -11,   13,  -19,   -5,   29,  -19,  -11,
     -16,   13,   13,   24,   24,    8,   19,   19,   13,   35,   13,   19,   29,   32,   29,   19,
      -5,    5,   16,   19,   13,   16,    5,   11,   13,   -8,   -3,    5,   19,   19,   13,   16,
      -8,   -5,   -5,    5,   13,   13,   13,  -19,  -13,   -5,   -8,   -5,   -5,   -5,   -5,  -11,
     -16,  -13,   -5,   -8,    5,  -13,  -11,   -8,   -8,    5,   -5,   -7,  -19,   -7,   -9,  -11,
      -5,   -8,  -11,  -11,   -3,   -3,   -8,   -3,   -5,   -8,  -11,   -5,    3,   -5,   -5,   -8,
      -5,   -5,   -5,   -5,   -3,  -24,   -3,  -16,   -5,   -8,   -5,   -5,   -5,   -5,   -8,  -16,
       5,   -3,   -3,   -5,   -5,  -11,   -3,   -3,   -5,   -5,   -3,   -3,   -5,   -5,  -13,    5,
     -19,   -5,   -3,  -13,   -5,  -11,   -5,  -24,  -32,  -27,   -8,   -8,  -13,  -11,   -3,  -27,
     -16,   -8,   -5,  -13,   -5,  -13,   13,   -8,   -3,   -5,   -8,  -13,  -19,   -3,  -19,   -5,
      13,   -8,   -9,  -16,   -3,   -8,   -5,   -8,   -5,  -11,  -13,  -16,  -13,   -3,  -11,   -3,
      -3,   -7,   -3,   -4,   -3,    8,   24,    8,   11,   -3,   -7,    8,    8,   -3,    8,   -5,
      19,  -11,   -5,   -3,  -11,   -5,   -3,   -5,   -3,   -3,   -4,   -3,   -3,   -3,   -3,   -3,
      -5,  -35,   -3,   -3,   -5,   -3,  -16,   -5,  -13,  -16,   -5,   -3,   -7,  -13,   -3,  -11,
      -3,  -16,   -3,   -8,  -11,   -3,   -9,   -3,   -7,   -8,   -9,   -8,  -11,   -8,   -3,   -7,
      -4,   -4,   -3,   -5,   -3,  -11,  -11,   -5,   -3,   -3,  -16,  -11,   -3,   -8,   -5,   -3,
      -5,   -3,   -8,   -3,   -3,   -3,   -8,   -3,   -3,   -3,   -5,   -3,   -3,    8,  -11,   -5,
      -5,   -8,   -8,   -3,  -11,   -3,   -8,   11,   -3,    5,   -8,   27,    5,    8,   -4,    5,
       7,   -4,   -8,   16,  -11,  -11,   -3,   -5,   -5,   -3,   -5,   -3,   -8,   -3,   -3,   -3,
      -3,   -4,   -3,   -4,   -3,   -5,   -5,   -5,   -3,   -5,    8,   -8,   -1,    5,   -5,   -3,
      -3,    5,  -11,   -5,   -5,   -8,   -3,   -3,  -13,   -8,  -13,   -8,   11,  -21,   -3,  -16,
      -5,   -3,   -3,   -3,  -19,   -5,   -5,  -16,  -12,  -11,   -5,   -5,   -8,   -5,   -8,   -3,
     -11,   21,   -8,  -13,    5,   -5,   -8,   -3,   -5,    8,    5,    8,    3,    8,    5,   -3,
     -11,   11,   -8,  -13,  -11,   -5,  -11,  -11,  -11,   -5,   -8,   -5,   -8,  -19,   -5,  -13,
      -8,   -8,   -5,   -5,   -5,  -11,   -3,   -3,  -16,  -11,  -16,   -8,    5,   -5,  -11,  -19,
     -13,   -9,  -19,  -16,   -5,   -5,  -11,  -11,  -13,   -5,   -5,  -13,  -11,  -13,  -19,  -13,
     -21,  -13,   -5,   -8,   -3,  -11,   -3,   -8,  -13,   -5,    5,  -16,  -11,  -13,   -5,   -5,
     -13,    5,   -5,   -8,    5,   -5,   -8,  -11,   -8,   -5,   -8,   -5,  -13,   -5,  -13,   -5,
      -3,   -3,  -16,  -16,  -13,  -13,  -11,    5,   -5,   -8,  -11,  -11,  -11,   -3,  -11,   -3,
      -5,   -3,   -3,   -3,   -5,   -3,
};


static const EpdFontData notosans_8_regular = {
    notosans_8_regularBitmaps,
    nullptr,  // glyph: the 16-byte EpdGlyph array is the .cpfont form, SD-card fonts only
    notosans_8_regularGlyphs,
    notosans_8_regularBitmapOffsets,
    epdSharedFontIntervals_cb6738f1a23b,
    19,
    23,
    18,
    -5,
    false,
    nullptr,
    0,
    nullptr,
    nullptr,  // kernLeftClasses: built-in fonts use the split arrays below
    nullptr,  // kernRightClasses
    epdSharedFontKernLeftCodepoints_63dda1171fed,
    epdSharedFontKernLeftClassIds_a3cd3940db95,
    epdSharedFontKernRightCodepoints_dbaff3525670,
    epdSharedFontKernRightClassIds_d41c1eb3459f,
    nullptr,  // kernMatrix: built-in fonts use the sparse form below
    epdSharedFontKernRowOffsets_27736f853c8b,
    epdSharedFontKernSparseCols_957194106b27,
    notosans_8_regularKernSparseValues,
    478,
    474,
    87,
    76,
    epdSharedFontLigaturePairs_607bf6e70845,
    5,
};
