/**
 * generated by fontconvert.py
 * name: notosans_12_bolditalic
 * size: 12
 * mode: 2-bit  compressed: zopfli
 * hinting: auto (FT_LOAD_FORCE_AUTOHINT — grid-fits stems to whole pixels)
 * Command used: fontconvert.py notosans_12_bolditalic 12 ../builtinFonts/source/NotoSans/NotoSans-BoldItalic.ttf --2bit --compress --zopfli
 */
#pragma once
#include "EpdFontData.h"
#include "shared_tables.h"

static const uint8_t notosans_12_bolditalicBitmaps[29723] = {
    0x95, 0x57, 0x2F, 0xB0, 0x1D, 0xB7, 0xF5, 0xFE, 0x76, 0x35, 0xE3, 0x9D, 0xF9, 0x69, 0x26, 0xA2,
    0xBF, 0x8E, 0xA7, 0xB3, 0x1C, 0x89, 0x06, 0x3D, 0xA9, 0x09, 0x08, 0x28, 0x08, 0x47, 0x0D, 0x6F,
    0x67, 0x4A, 0x0A, 0x0A, 0x62, 0x6B, 0x9B, 0xC2, 0x80, 0xB8, 0x1C, 0x84, 0x94, 0x27, 0x20, 0xA0,
    0xC0, 0xCF, 0x52, 0x13, 0x58, 0xB2, 0x6E, 0x40, 0xA1, 0x35, 0x8D, 0x51, 0x0B, 0x9E, 0x1C, 0x6F,
    0x6A, 0x79, 0xAC, 0xDD, 0xD3, 0x73, 0xF6, 0xEE, 0x7D, 0x7E, 0x7D, 0xB5, 0xDB, 0xE9, 0x5D, 0x7D,
    0xDF, 0xF5, 0x6A, 0xF5, 0xCE, 0xBF, 0x7B, 0xCE, 0x77, 0xAF, 0x3B, 0xEA, 0xB7, 0x7E, 0x55, 0x8D,
    0xAF, 0x3A, 0x2C, 0xBA, 0xE8, 0x6C, 0x66, 0x93, 0x4C, 0x02, 0x00, 0x8B, 0x38, 0xC5, 0xE9, 0x3E,
    0xEC, 0x67, 0xD9, 0x99, 0xC4, 0xEB, 0x62, 0x9C, 0xEE, 0x8D, 0xFE, 0x63, 0x0B, 0xA8, 0x5C, 0x81,
    0xE1, 0xF1, 0x02, 0xE8, 0xAF, 0x0B, 0x60, 0x7E, 0x2B, 0xF4, 0xFE, 0x0C, 0x43, 0x44, 0x27, 0xFA,
    0xBF, 0xF8, 0xC5, 0xDF, 0x00, 0x3E, 0x0E, 0x3C, 0xB4, 0x40, 0x20, 0x6A, 0x37, 0xA8, 0x2F, 0x0F,
    0xFF, 0xDD, 0xC8, 0x37, 0x4C, 0xC0, 0xAF, 0x18, 0x5F, 0x02, 0x23, 0x79, 0x10, 0xCD, 0x8A, 0x28,
    0x0D, 0x2F, 0x1F, 0xFB, 0xE1, 0xFB, 0x84, 0xE1, 0x55, 0x82, 0xA2, 0x84, 0x8E, 0x2A, 0xE0, 0x08,
    0xD0, 0xE4, 0x61, 0xC2, 0x84, 0x77, 0xDC, 0xF4, 0xEB, 0x1F, 0x47, 0x1F, 0x88, 0x10, 0x68, 0xC5,
    0x5D, 0xCA, 0xC0, 0xBB, 0x87, 0xA9, 0x8F, 0x80, 0x7E, 0xC5, 0x90, 0xF9, 0xAC, 0x49, 0x23, 0x25,
    0x0B, 0xF7, 0x59, 0xBA, 0x87, 0x60, 0x52, 0xC5, 0x7D, 0x71, 0x79, 0x39, 0x7E, 0x9A, 0xF0, 0xC8,
    0xFD, 0xEC, 0xC3, 0x1C, 0xE8, 0x22, 0x34, 0xD7, 0xDA, 0xB6, 0x9A, 0xBF, 0xFE, 0xD0, 0x2E, 0x31,
    0x7C, 0xB7, 0x5C, 0x4A, 0x54, 0x97, 0x70, 0xAA, 0x34, 0x5C, 0x32, 0x75, 0x55, 0x3D, 0x5F, 0x54,
    0xE9, 0x29, 0x9B, 0x84, 0xE8, 0x71, 0x67, 0x03, 0x60, 0x69, 0x96, 0x04, 0x0B, 0x10, 0x0D, 0xD3,
    0xA6, 0x99, 0x1E, 0x19, 0xD9, 0x73, 0x13, 0xE0, 0x56, 0xA0, 0xA3, 0x32, 0xA6, 0x81, 0x16, 0x97,
    0xC6, 0x17, 0x2D, 0x78, 0xF7, 0xC7, 0x6D, 0x83, 0x9B, 0xA8, 0xC1, 0x25, 0xB7, 0xC0, 0xCD, 0xA1,
    0xC0, 0x12, 0x2D, 0x30, 0x7B, 0x6D, 0xE8, 0x77, 0x04, 0x3B, 0x39, 0x38, 0x5C, 0xE0, 0x1E, 0x3E,
    0x06, 0x86, 0x82, 0x31, 0xC1, 0x79, 0x6C, 0xE8, 0x1A, 0xD4, 0x22, 0x1B, 0x6C, 0xDF, 0x24, 0xD9,
    0xB6, 0x93, 0x3C, 0x91, 0x85, 0xF3, 0x92, 0x5B, 0xD9, 0x1F, 0x93, 0x9C, 0xD1, 0xF3, 0xBE, 0x6B,
    0xFD, 0x71, 0x6F, 0x66, 0x59, 0x3A, 0x1F, 0xCB, 0xE4, 0x63, 0x47, 0x6C, 0xED, 0x5E, 0x02, 0xAE,
    0x1D, 0xE9, 0x2C, 0xDB, 0x01, 0xC0, 0x8F, 0x18, 0xE3, 0xB4, 0x9B, 0x79, 0xD7, 0x02, 0xF1, 0x11,
    0x20, 0xF5, 0xEE, 0x18, 0x8A, 0x7E, 0x0E, 0x73, 0xE5, 0xA5, 0xB0, 0x18, 0xD9, 0x5B, 0x37, 0xCC,
    0xD8, 0x5F, 0x17, 0xFF, 0x8A, 0x48, 0xE4, 0xCF, 0x90, 0xFB, 0xDB, 0xE0, 0x0E, 0x2C, 0x86, 0x0B,
    0x2B, 0xB9, 0x4B, 0xDD, 0x42, 0x0B, 0x4D, 0x7A, 0x90, 0xFC, 0x7D, 0x40, 0x72, 0x96, 0x58, 0x25,
    0x1E, 0x09, 0x12, 0x11, 0xC0, 0x0A, 0xF4, 0x0D, 0x50, 0x37, 0x1F, 0x4D, 0x40, 0xB8, 0xF1, 0x48,
    0xBA, 0xEB, 0xC6, 0x23, 0xE8, 0x97, 0x12, 0xB8, 0xEF, 0x88, 0x92, 0x5A, 0xED, 0xAC, 0x97, 0x71,
    0x36, 0xEC, 0x95, 0x39, 0xDB, 0x34, 0xCE, 0x6E, 0x87, 0x4D, 0x6E, 0x72, 0x07, 0x82, 0x77, 0x13,
    0xC1, 0x7D, 0xB3, 0xC1, 0x52, 0x83, 0xA1, 0x82, 0x9E, 0x3C, 0xA0, 0x0B, 0x82, 0xF4, 0x81, 0xA5,
    0x39, 0x5E, 0x25, 0x67, 0xD3, 0xFF, 0xBB, 0x24, 0x1E, 0xC2, 0x5E, 0xBF, 0x08, 0xD0, 0x5E, 0xC5,
    0x55, 0xA2, 0x50, 0xBC, 0xAA, 0x2C, 0xE8, 0x4D, 0xBC, 0xCF, 0x3D, 0x51, 0xC1, 0x6A, 0x16, 0x7C,
    0x34, 0x2C, 0x80, 0x40, 0x1A, 0xC7, 0x66, 0x20, 0x48, 0x7B, 0x03, 0xBA, 0x01, 0xB6, 0x00, 0x94,
    0xA0, 0x36, 0x80, 0x4F, 0xC2, 0x11, 0x4D, 0x81, 0xC8, 0x0B, 0x60, 0xD9, 0x2E, 0xDF, 0xCB, 0x74,
    0x60, 0xB6, 0x33, 0x30, 0x32, 0x6C, 0x42, 0x17, 0x27, 0xC4, 0x0D, 0xA0, 0xCC, 0xD8, 0x1B, 0x0F,
    0x90, 0x90, 0x76, 0x44, 0x3C, 0xBD, 0x43, 0x20, 0x5A, 0x19, 0x0B, 0xEC, 0xE6, 0x01, 0xE8, 0xE5,
    0xE4, 0x28, 0x14, 0x74, 0x94, 0xA1, 0x18, 0xE6, 0xC9, 0x0C, 0xF7, 0x39, 0xCF, 0x84, 0x4D, 0x5D,
    0x73, 0xD3, 0x50, 0x9C, 0x37, 0x29, 0x88, 0xFF, 0x72, 0x20, 0x03, 0x62, 0xBB, 0x1D, 0x25, 0x66,
    0x44, 0xCA, 0x32, 0xAD, 0x8C, 0x24, 0xDB, 0xAA, 0x32, 0x24, 0x33, 0xCA, 0xD0, 0xB4, 0x32, 0x08,
    0x5D, 0x47, 0x12, 0xC3, 0x39, 0x16, 0x06, 0xE1, 0xF7, 0xC3, 0x86, 0x48, 0x8D, 0x51, 0x30, 0x4A,
    0x3C, 0x77, 0x28, 0xC1, 0xB1, 0x0D, 0xC9, 0x4D, 0xF2, 0x2E, 0xC7, 0x27, 0xF7, 0x79, 0x86, 0x8B,
    0xA2, 0x1D, 0x7C, 0xFE, 0x31, 0xE1, 0x7C, 0x6D, 0x7C, 0x51, 0xB7, 0x22, 0x7E, 0xD0, 0xE0, 0x24,
    0x27, 0x9A, 0xC1, 0x26, 0xA1, 0x88, 0xEA, 0xC0, 0xD0, 0x92, 0x28, 0xC6, 0x0C, 0xB8, 0x04, 0xC4,
    0x09, 0xA0, 0x5D, 0x0E, 0x30, 0xB4, 0x73, 0xC9, 0x8F, 0x47, 0x1E, 0x1D, 0x9D, 0x52, 0xD1, 0xF5,
    0x78, 0x34, 0x03, 0xB8, 0xBB, 0x02, 0x71, 0x8F, 0x67, 0x56, 0xEB, 0x98, 0x55, 0x35, 0x3B, 0xFA,
    0x66, 0x13, 0x28, 0x02, 0x71, 0x81, 0x92, 0xAE, 0xF8, 0x81, 0xE0, 0x52, 0xF0, 0xCE, 0x9F, 0xFA,
    0xC5, 0xA5, 0xE8, 0x1D, 0x11, 0xCC, 0x3E, 0xCE, 0x33, 0x10, 0x33, 0x06, 0x39, 0x47, 0x1B, 0xDC,
    0x4C, 0x90, 0x53, 0xFB, 0x85, 0xE8, 0xC3, 0x27, 0x04, 0x39, 0x6B, 0x19, 0x43, 0xDD, 0x80, 0x6E,
    0x3D, 0x02, 0x59, 0xE0, 0x43, 0x91, 0x92, 0x32, 0x80, 0xF8, 0x14, 0xE8, 0x97, 0xA1, 0xE9, 0xAA,
    0x0A, 0x6E, 0xBC, 0xAE, 0x27, 0xC4, 0x7A, 0x84, 0x24, 0x49, 0x3A, 0xBC, 0xF1, 0xA5, 0xAA, 0x34,
    0xAD, 0x91, 0x89, 0x96, 0xB3, 0xFB, 0xA9, 0xCE, 0x03, 0xA3, 0xE4, 0xEE, 0xA1, 0x37, 0x09, 0xF3,
    0xF4, 0x26, 0x11, 0x3F, 0x00, 0xAC, 0x0C, 0x11, 0xC9, 0xF4, 0x10, 0xF6, 0x33, 0xD0, 0x0C, 0x79,
    0xDD, 0x1A, 0xE6, 0x37, 0xEC, 0xC9, 0xE6, 0x1F, 0x70, 0x2A, 0x7A, 0xA8, 0x62, 0x47, 0xC4, 0x63,
    0xFF, 0xC7, 0xC9, 0x9F, 0xDD, 0x30, 0xD0, 0x8C, 0xB0, 0x9E, 0xCE, 0xC8, 0x59, 0x0F, 0x71, 0xF3,
    0xC0, 0xD2, 0x32, 0x52, 0x7B, 0xE7, 0xBD, 0x86, 0xAE, 0x49, 0x87, 0xE9, 0x8A, 0x90, 0x3B, 0xF2,
    0xAA, 0x89, 0x08, 0xE8, 0x43, 0x5C, 0x44, 0x8D, 0x64, 0xE4, 0xF6, 0x64, 0xD0, 0xC5, 0x97, 0xB2,
    0x45, 0xB4, 0x87, 0x7E, 0x77, 0x91, 0x6C, 0xD1, 0xF6, 0xD1, 0xBF, 0xCF, 0x27, 0x63, 0x75, 0x70,
    0x8A, 0x9A, 0xC5, 0x85, 0xC9, 0xCC, 0x0F, 0xC7, 0xA9, 0x32, 0xBB, 0x6E, 0x71, 0x68, 0x4E, 0x95,
    0x0B, 0xB4, 0x0B, 0x55, 0x2E, 0xD1, 0x9C, 0x79, 0x56, 0xF1, 0xD0, 0x6E, 0x54, 0x70, 0x4F, 0x2F,
    0x74, 0x2E, 0xA6, 0x4D, 0xD8, 0xB5, 0xA3, 0xFB, 0x4A, 0x12, 0xA0, 0x45, 0xB6, 0xE8, 0xC1, 0x1E,
    0xC5, 0x02, 0xC0, 0x55, 0x00, 0x41, 0x68, 0x6B, 0xF2, 0x01, 0x32, 0xA9, 0x97, 0x4C, 0xBA, 0x30,
    0xB1, 0x43, 0x31, 0xB0, 0x02, 0x6E, 0x92, 0x64, 0x3D, 0x13, 0xD1, 0x86, 0x5E, 0x48, 0x11, 0x11,
    0x1F, 0x43, 0xE4, 0x63, 0x4C, 0x36, 0x31, 0x89, 0x8A, 0x00, 0x91, 0x26, 0x99, 0x53, 0x46, 0xEB,
    0x56, 0xB5, 0xF6, 0xED, 0x74, 0x29, 0x69, 0x00, 0xA2, 0x3C, 0xC8, 0xDF, 0x11, 0x25, 0x53, 0xC6,
    0x6C, 0xB2, 0x29, 0x02, 0x91, 0x32, 0x9B, 0x5C, 0x76, 0xBC, 0xCF, 0x80, 0xA3, 0xA7, 0x32, 0x52,
    0x0F, 0xE0, 0xD8, 0x06, 0x51, 0x55, 0xE4, 0xBF, 0x34, 0x15, 0x18, 0x8F, 0xF6, 0x76, 0x09, 0x08,
    0xD3, 0x79, 0x20, 0x05, 0xC7, 0x7D, 0x02, 0x5C, 0x19, 0xA4, 0x9C, 0x10, 0x3F, 0x88, 0x95, 0x21,
    0xF3, 0x49, 0x54, 0x84, 0x1A, 0xE7, 0x38, 0x70, 0x06, 0x6C, 0x95, 0x09, 0x24, 0xFD, 0x1A, 0xA5,
    0xE4, 0x51, 0xC4, 0x4C, 0x12, 0x62, 0x32, 0x27, 0xEA, 0x57, 0x98, 0xCC, 0xCF, 0x39, 0xB8, 0x0A,
    0x9B, 0x42, 0x81, 0x84, 0xC7, 0xB4, 0x81, 0x49, 0x6A, 0x18, 0xF7, 0x2C, 0x8B, 0xA0, 0x3B, 0x64,
    0x5B, 0xA0, 0x04, 0x44, 0xFE, 0xC8, 0x54, 0xEC, 0x9D, 0x90, 0xAF, 0xE5, 0x4E, 0x12, 0x3B, 0xE3,
    0x3F, 0xDB, 0xA9, 0xC0, 0xB5, 0x1D, 0xC1, 0x6D, 0x3B, 0x82, 0xE9, 0x04, 0xF4, 0x5C, 0x36, 0x4B,
    0xBB, 0x52, 0x2A, 0xF2, 0xBF, 0xD0, 0xED, 0x76, 0xC5, 0xA8, 0x05, 0x4F, 0x2D, 0x7A, 0xAA, 0xD1,
    0x0F, 0x4B, 0x98, 0x74, 0x71, 0xC9, 0x14, 0x97, 0x4D, 0x96, 0x06, 0x1C, 0x24, 0x3D, 0x69, 0xC7,
    0x28, 0x2E, 0x48, 0x7C, 0x6C, 0xB0, 0x89, 0x43, 0x72, 0xA9, 0x67, 0x9A, 0x38, 0xA8, 0xE0, 0xD5,
    0x4E, 0xB4, 0x57, 0xF8, 0x14, 0xD8, 0x06, 0x23, 0x71, 0x8B, 0xBA, 0x9C, 0x2B, 0xC6, 0x64, 0x93,
    0xAA, 0x70, 0x69, 0x58, 0xE0, 0xD8, 0x0F, 0x93, 0x84, 0x4E, 0xD4, 0x89, 0x12, 0x4A, 0x3D, 0xF1,
    0xFA, 0x6B, 0xC7, 0xDF, 0xFA, 0xDA, 0xE1, 0x25, 0x06, 0x08, 0x41, 0x46, 0xF2, 0x2C, 0xBC, 0x00,
    0xE8, 0xC0, 0x2E, 0x36, 0xB7, 0x8A, 0xB4, 0x00, 0x5A, 0x50, 0xF0, 0xD6, 0x22, 0x85, 0x93, 0x58,
    0xD2, 0xC6, 0x68, 0x8C, 0xF3, 0x40, 0x46, 0x39, 0x41, 0x20, 0x8F, 0x4D, 0x49, 0x0C, 0xBA, 0xB2,
    0xE9, 0xB1, 0x30, 0x85, 0x04, 0xD5, 0x08, 0x50, 0xAF, 0x44, 0x7B, 0xA9, 0x02, 0x5A, 0xC8, 0x50,
    0x63, 0xFA, 0x7E, 0x15, 0x37, 0x24, 0x7E, 0x48, 0x1C, 0x05, 0x99, 0xEB, 0x3D, 0x2B, 0x3B, 0xC3,
    0xF9, 0x31, 0xE3, 0x8D, 0x79, 0xA9, 0x2A, 0xC1, 0x8A, 0xA2, 0x9D, 0x56, 0x96, 0x38, 0xA5, 0x1E,
    0xD4, 0xF6, 0x55, 0x45, 0xC6, 0x42, 0x91, 0xF0, 0x48, 0xB8, 0xA3, 0xCC, 0x4B, 0xD1, 0xDC, 0xCB,
    0xF0, 0xA4, 0xFE, 0x55, 0x36, 0x57, 0x49, 0xBD, 0xC8, 0xE3, 0x17, 0x49, 0x3D, 0x2F, 0xCE, 0x4D,
    0xC3, 0xF3, 0x72, 0xDF, 0x79, 0xFD, 0xBC, 0xB4, 0x00, 0xF3, 0xDD, 0xB3, 0x1A, 0x61, 0xBE, 0x7D,
    0x5E, 0x1E, 0xC1, 0x7C, 0xF3, 0x22, 0x6F, 0x18, 0xBF, 0xA6, 0xB4, 0xC2, 0x7E, 0x42, 0xBF, 0x69,
    0x70, 0x9F, 0x50, 0xCF, 0xFC, 0xDE, 0x26, 0x1F, 0x4D, 0xD7, 0xD4, 0x02, 0xC4, 0xD4, 0x35, 0xB0,
    0x55, 0xA6, 0xAC, 0x6A, 0x47, 0x45, 0x2D, 0x3D, 0x95, 0xA1, 0xA8, 0x17, 0x55, 0x17, 0xF5, 0x8F,
    0xA6, 0xB3, 0x7A, 0xD6, 0x4C, 0x1E, 0xCA, 0x6A, 0x66, 0x5D, 0xE2, 0x98, 0x4C, 0x0E, 0x36, 0x99,
    0xD9, 0xFD, 0x72, 0x32, 0xC9, 0x91, 0x1F, 0xD3, 0x48, 0xE0, 0x0D, 0x82, 0x9B, 0x84, 0xBC, 0xDE,
    0x10, 0xA0, 0x56, 0x99, 0x5F, 0xE9, 0x4B, 0x5A, 0xD0, 0x11, 0xAD, 0x50, 0x5B, 0x4F, 0x30, 0x15,
    0x24, 0x2D, 0x19, 0xBD, 0x9D, 0x11, 0xBC, 0x4B, 0x4C, 0x61, 0xE2, 0xDB, 0xE0, 0x99, 0xA2, 0x07,
    0xF1, 0x5B, 0xB7, 0x49, 0x83, 0x49, 0xD3, 0xE9, 0x06, 0x97, 0x6D, 0x39, 0xA9, 0xE3, 0x40, 0xE4,
    0xF7, 0x2F, 0x13, 0x26, 0xF2, 0xC7, 0xBC, 0x54, 0x1E, 0x67, 0x51, 0x97, 0xB5, 0x17, 0xAD, 0xE1,
    0x77, 0x55, 0x55, 0x1B, 0x96, 0xB1, 0x6A, 0xA2, 0x62, 0x44, 0x65, 0xE8, 0xE5, 0x9B, 0xE7, 0xC5,
    0xE3, 0x7F, 0x8F, 0x10, 0xFF, 0x35, 0x42, 0x09, 0xAE, 0x01, 0xE0, 0x13, 0x00, 0xC8, 0xE3, 0xA4,
    0x49, 0xB0, 0xF9, 0xA4, 0x43, 0x44, 0x99, 0xB1, 0x48, 0x8B, 0x71, 0xAC, 0xA2, 0x8A, 0x7C, 0x0D,
    0x55, 0xD5, 0x71, 0x19, 0x88, 0xB2, 0x26, 0xF2, 0xD2, 0x5B, 0xE6, 0xD9, 0x06, 0x93, 0x65, 0x02,
    0xA3, 0x3F, 0x7E, 0xD2, 0x31, 0xDB, 0xBC, 0x0F, 0xD1, 0x5D, 0xB6, 0x13, 0xA5, 0x1B, 0xE4, 0x87,
    0xE0, 0x1D, 0x2F, 0x8D, 0xBF, 0x63, 0x57, 0x1D, 0xE9, 0xF0, 0x7C, 0x92, 0x74, 0x23, 0x1B, 0xAB,
    0xC4, 0xC2, 0x58, 0xF1, 0x15, 0x1F, 0x88, 0x54, 0x11, 0x28, 0xEF, 0x26, 0x02, 0x51, 0x8A, 0x44,
    0x13, 0x11, 0xF9, 0xB7, 0x0E, 0xD6, 0x79, 0xB8, 0x6E, 0x0F, 0xD6, 0x8D, 0x8A, 0xAA, 0x43, 0x14,
    0x22, 0x86, 0x0A, 0xBA, 0x96, 0xD1, 0x1B, 0xA2, 0x70, 0xE8, 0xC1, 0x7C, 0xAD, 0x07, 0x49, 0x1F,
    0xA2, 0x10, 0x26, 0x23, 0x24, 0xE3, 0x32, 0x87, 0x04, 0x2B, 0xA1, 0x18, 0x5A, 0x71, 0x4A, 0x22,
    0x42, 0xB5, 0xC8, 0xB6, 0x44, 0x8E, 0x82, 0xCC, 0x17, 0xDC, 0x14, 0x64, 0x58, 0xB1, 0xC1, 0xFD,
    0xA4, 0xC1, 0xBD, 0x5F, 0xE1, 0x3E, 0x28, 0x70, 0x1F, 0xE6, 0xFD, 0x77, 0x9F, 0x8D, 0x13, 0x03,
    0xB0, 0x1B, 0x30, 0x36, 0x46, 0x3D, 0x45, 0x1C, 0x31, 0xB2, 0x5B, 0x19, 0x72, 0xB1, 0x15, 0x92,
    0xC9, 0x11, 0x94, 0x6C, 0x12, 0x76, 0x53, 0xEC, 0x29, 0x05, 0x1F, 0xD5, 0x2B, 0xBE, 0x8F, 0xFA,
    0xEF, 0xF3, 0x8A, 0x60, 0xFE, 0xF4, 0xE7, 0x86, 0x30, 0x7E, 0xFA, 0x6D, 0x45, 0x70, 0x3F, 0xFD,
    0x4B, 0x41, 0x08, 0xFA, 0x49, 0x46, 0xB8, 0xD4, 0x4F, 0x12, 0x42, 0xD3, 0x57, 0xCC, 0x8B, 0x26,
    0x8F, 0x50, 0x06, 0x02, 0x42, 0x1E, 0x56, 0x48, 0x6A, 0x0D, 0xC7, 0x9B, 0xA8, 0x2A, 0x67, 0xED,
    0x66, 0xB0, 0xAF, 0x09, 0xE6, 0x19, 0x01, 0xC3, 0x0B, 0x29, 0x26, 0x2D, 0x40, 0x4F, 0x59, 0x48,
    0x6A, 0x27, 0x64, 0x84, 0xEC, 0x55, 0x06, 0xC2, 0x67, 0x05, 0x20, 0x5D, 0xA0, 0xD6, 0xA1, 0x42,
    0x57, 0x91, 0xD2, 0xB2, 0xF7, 0x59, 0xB7, 0x21, 0xC2, 0x94, 0xC0, 0x5D, 0xC9, 0x35, 0x98, 0x5C,
    0x22, 0xD8, 0xAF, 0x57, 0x8C, 0x1C, 0xA1, 0xB9, 0x2A, 0x30, 0x34, 0x43, 0xD3, 0x04, 0x89, 0x46,
    0xAD, 0x6F, 0xFF, 0xDC, 0x04, 0x20, 0xDA, 0x18, 0x6B, 0x47, 0xD4, 0x8E, 0x1F, 0xE8, 0x52, 0xEB,
    0x84, 0xEE, 0xF8, 0x63, 0x53, 0x8F, 0x5F, 0xD6, 0xB2, 0xE5, 0xA1, 0xB6, 0xD7, 0x5B, 0x8E, 0x28,
    0x05, 0xA2, 0x29, 0x12, 0x79, 0xB8, 0x06, 0x57, 0xA5, 0xD3, 0x1E, 0x01, 0x97, 0xC0, 0x0A, 0x9C,
    0x7E, 0xF7, 0x54, 0xF4, 0x0B, 0x54, 0x91, 0x35, 0x14, 0xE8, 0x0C, 0x3D, 0xC3, 0xA4, 0xD7, 0xFF,
    0xE9, 0xB3, 0xD7, 0x7F, 0xBA, 0x00, 0x80, 0x3B, 0x5D, 0xDE, 0x4E, 0xE3, 0x34, 0x26, 0x23, 0xD7,
    0xAC, 0x67, 0x9D, 0x87, 0xA2, 0xE4, 0x5A, 0xFA, 0xA5, 0xAF, 0xFF, 0x04, 0x95, 0x55, 0x21, 0x6C,
    0x25, 0x37, 0x10, 0x7D, 0x59, 0x4B, 0xB7, 0x60, 0x81, 0xCB, 0x0B, 0xCC, 0x91, 0x39, 0xA9, 0x7D,
    0x2A, 0x08, 0x28, 0x38, 0x8E, 0x7A, 0xA0, 0xBC, 0x5C, 0xEA, 0xC5, 0xFF, 0x70, 0x49, 0x38, 0xE7,
    0xE5, 0x52, 0x2F, 0xB6, 0x54, 0x70, 0xB0, 0x6E, 0xCB, 0x55, 0x57, 0xE5, 0x8A, 0xA5, 0x5B, 0xE9,
    0x5C, 0x75, 0x76, 0xA7, 0x33, 0x9B, 0x44, 0x51, 0xA2, 0x1F, 0x50, 0xCF, 0xBC, 0xC9, 0x6A, 0x23,
    0xCF, 0xF3, 0x9B, 0xF1, 0xFC, 0x45, 0x18, 0x48, 0x2B, 0x72, 0x87, 0xE9, 0x98, 0xC5, 0x1B, 0x96,
    0x0A, 0x5B, 0xD4, 0x5D, 0x81, 0x3F, 0x21, 0x44, 0x04, 0xA8, 0x27, 0xE0, 0x06, 0xD8, 0x00, 0x52,
    0xBF, 0xA0, 0xC7, 0xAD, 0xC7, 0xBA, 0x06, 0xA6, 0x0E, 0xCC, 0x2B, 0x60, 0x07, 0xE0, 0x09, 0xB8,
    0x7A, 0x07, 0xD0, 0x57, 0x98, 0xD6, 0x20, 0x79, 0xBD, 0xA4, 0x74, 0xD1, 0x47, 0x7B, 0xBA, 0xC2,
    0x52, 0x02, 0x93, 0xFA, 0xC9, 0x17, 0x5B, 0x85, 0x39, 0x7F, 0x53, 0x0D, 0xFF, 0x59, 0x2C, 0x73,
    0xF1, 0x9D, 0x4F, 0xA1, 0xA4, 0x93, 0x58, 0xCC, 0x48, 0x60, 0x64, 0xC1, 0x0E, 0x9E, 0x36, 0xF0,
    0xE5, 0x86, 0xCC, 0x84, 0xB0, 0x13, 0x96, 0xBF, 0x06, 0x90, 0x01, 0xB0, 0x60, 0x07, 0x2E, 0x36,
    0x01, 0x01, 0x13, 0xDD, 0xC0, 0xFC, 0xCB, 0xC5, 0x30, 0xD7, 0x79, 0x73, 0x6D, 0x59, 0x6D, 0x3F,
    0xAC, 0xDA, 0x66, 0xAB, 0xAB, 0xAE, 0x78, 0xB1, 0x50, 0x42, 0xE3, 0x18, 0x98, 0x11, 0x32, 0xE1,
    0x9D, 0x6F, 0x10, 0x2D, 0x86, 0xC9, 0xF2, 0xF0, 0xFD, 0x8B, 0x50, 0x90, 0xA2, 0x26, 0xE7, 0x07,
    0xCF, 0xEF, 0xAF, 0x13, 0x57, 0x2F, 0x29, 0xF7, 0x08, 0x98, 0x15, 0x5A, 0x2C, 0x2C, 0x02, 0xAB,
    0x68, 0xC8, 0x6F, 0x44, 0xC1, 0xED, 0x83, 0x82, 0x72, 0x56, 0xC1, 0xC5, 0x33, 0x05, 0x6D, 0x00,
    0xDF, 0xAF, 0x98, 0x78, 0x83, 0xEC, 0x83, 0x5F, 0x53, 0x94, 0x7D, 0x31, 0xBD, 0x66, 0x64, 0xDE,
    0xC1, 0x3C, 0x04, 0x27, 0x30, 0x80, 0x1C, 0xDF, 0x22, 0xF1, 0x0A, 0xCF, 0x1D, 0xAF, 0xE4, 0x1D,
    0xE0, 0x54, 0x3E, 0x01, 0x2C, 0x09, 0x36, 0xC0, 0x10, 0xB0, 0x70, 0x45, 0xE2, 0x82, 0x2C, 0xB0,
    0x8F, 0x47, 0x83, 0xAB, 0x80, 0x2F, 0x40, 0x50, 0x9C, 0x04, 0x11, 0xAA, 0xEF, 0x79, 0xF5, 0x34,
    0x45, 0x1E, 0x82, 0x2E, 0x50, 0x0A, 0xFF, 0xFB, 0x0A, 0xFE, 0xDC, 0x0D, 0x73, 0x5F, 0x28, 0x34,
    0xDB, 0x5D, 0x13, 0xAB, 0xBE, 0xB8, 0x12, 0xEE, 0x6A, 0x28, 0x9D, 0xCA, 0x31, 0xFC, 0xC6, 0xD1,
    0x33, 0xC3, 0x0A, 0xCC, 0xD8, 0x01, 0x6C, 0xDA, 0x06, 0xBC, 0x9D, 0x09, 0x99, 0xBB, 0xA0, 0xC2,
    0xEF, 0x78, 0xA1, 0x5B, 0x39, 0xDE, 0x77, 0xAB, 0xCD, 0xBB, 0xED, 0xCB, 0x38, 0x7A, 0xD5, 0xEE,
    0xFA, 0xE5, 0xAA, 0xB2, 0x29, 0x93, 0x72, 0x89, 0xC5, 0x10, 0x13, 0x92, 0x26, 0xBA, 0x7A, 0xE8,
    0xCC, 0x07, 0xE0, 0x38, 0xBA, 0xFA, 0xC0, 0xBC, 0x6A, 0x53, 0xAC, 0x78, 0x53, 0x77, 0x55, 0x85,
    0x07, 0xF1, 0xE3, 0x22, 0xAB, 0x68, 0xDD, 0x09, 0xBE, 0xC7, 0xB1, 0xF9, 0x38, 0x2C, 0x8C, 0x62,
    0x40, 0x33, 0x68, 0x0A, 0xC5, 0xCB, 0x05, 0x3C, 0x3D, 0x29, 0xE0, 0xB4, 0x03, 0x81, 0x04, 0x43,
    0x50, 0x5F, 0x12, 0x3A, 0x93, 0x11, 0x71, 0x66, 0x84, 0x32, 0xAF, 0x8C, 0xE5, 0x13, 0xC1, 0x72,
    0x17, 0xB4, 0xE3, 0xAF, 0xD3, 0xE6, 0xFE, 0x41, 0x08, 0xBF, 0x08, 0xDE, 0xEF, 0x08, 0x91, 0x91,
    0x90, 0x4E, 0xF7, 0xB7, 0x70, 0x97, 0x44, 0xEA, 0xD3, 0x73, 0xA1, 0xEA, 0xCF, 0x84, 0xA6, 0xA8,
    0x6E, 0x7A, 0x7E, 0xBD, 0xC3, 0x7C, 0xE2, 0x8F, 0x5A, 0x5D, 0x59, 0x65, 0xDE, 0x2C, 0xF9, 0xAA,
    0x15, 0x76, 0x55, 0xAB, 0xEC, 0x8A, 0x3E, 0xE9, 0x04, 0x6A, 0x85, 0x5D, 0xD5, 0x1A, 0x7B, 0x41,
    0x8A, 0xFA, 0x94, 0xA1, 0x4F, 0x12, 0x05, 0x8C, 0x24, 0xD8, 0x35, 0x67, 0x94, 0x8C, 0xFF, 0xBF,
    0x5B, 0xA9, 0xC1, 0xB0, 0x0A, 0x66, 0xF8, 0x96, 0xEF, 0x6E, 0x79, 0x54, 0x8E, 0x14, 0xF9, 0x80,
    0x72, 0x48, 0xFC, 0x7A, 0x43, 0xE2, 0x01, 0xCF, 0x0D, 0xAF, 0x74, 0xD0, 0xC8, 0x9F, 0xB0, 0x71,
    0x07, 0xF3, 0x7A, 0xC1, 0x97, 0x63, 0xDA, 0x0C, 0x1D, 0xB6, 0x9A, 0x61, 0xD6, 0x79, 0x9D, 0xFB,
    0x22, 0x26, 0xEC, 0x23, 0x54, 0x9D, 0x3C, 0x77, 0xCB, 0x70, 0x1F, 0xC7, 0x93, 0x5E, 0x3D, 0xF4,
    0x49, 0x71, 0xE6, 0x77, 0x26, 0x9E, 0x9F, 0x52, 0x7A, 0x9C, 0xD2, 0xBF, 0xC7, 0xD9, 0x81, 0xD7,
    0x92, 0x9B, 0xF5, 0x83, 0xF9, 0x4C, 0xA2, 0x6C, 0xDE, 0xB1, 0x8C, 0x87, 0x6E, 0xD4, 0x73, 0xD7,
    0x2E, 0xB7, 0x99, 0xC9, 0x32, 0xB9, 0xF6, 0x9D, 0x6B, 0xB0, 0x03, 0x33, 0x47, 0x70, 0x83, 0xEB,
    0x92, 0xF4, 0xDA, 0xF5, 0xCC, 0x2D, 0x73, 0xF1, 0x1B, 0x40, 0xB8, 0x18, 0x4A, 0xE8, 0xF4, 0x4D,
    0x65, 0x2E, 0x67, 0xEF, 0x71, 0x96, 0xB8, 0x21, 0x6C, 0x70, 0x03, 0xDA, 0x82, 0xC7, 0xF2, 0xAB,
    0x69, 0xF9, 0xD5, 0xB4, 0xCC, 0xF9, 0x10, 0x96, 0xA7, 0x1D, 0xF9, 0x72, 0x47, 0x62, 0xD9, 0x45,
    0x24, 0x0A, 0x08, 0x19, 0xA1, 0x68, 0x0B, 0x54, 0x7C, 0x12, 0xD9, 0xC1, 0x10, 0xC2, 0xE5, 0x8A,
    0xF0, 0xA6, 0x23, 0x7C, 0x2B, 0x94, 0xA9, 0xC0, 0x67, 0x1C, 0xC3, 0xEB, 0x48, 0x30, 0x0E, 0xF5,
    0x77, 0x97, 0x21, 0x4D, 0x52, 0xA9, 0x64, 0xD8, 0x50, 0x9A, 0x79, 0x5E, 0x93, 0xBD, 0x5D, 0x7A,
    0xB0, 0x3F, 0xD9, 0x1A, 0xBC, 0xF7, 0x25, 0x04, 0x2F, 0xFC, 0xEF, 0x7C, 0x42, 0xF8, 0xD9, 0xDF,
    0x20, 0x0C, 0x4F, 0x08, 0xDD, 0x0F, 0x84, 0xE6, 0x3B, 0x42, 0xF5, 0x0D, 0x60, 0xB1, 0xA3, 0xE5,
    0x08, 0x3F, 0x0E, 0x09, 0xBF, 0x76, 0xC0, 0x71, 0x01, 0x2C, 0x03, 0x58, 0x36, 0x00, 0x96, 0x00,
    0x84, 0x1D, 0x40, 0x66, 0xE0, 0x62, 0xD7, 0x7B, 0x4D, 0xA1, 0xC0, 0x76, 0x2D, 0x47, 0x75, 0x4D,
    0x07, 0x82, 0x25, 0xE8, 0x74, 0x90, 0x21, 0x80, 0x74, 0x7E, 0x37, 0xDB, 0x25, 0xE8, 0xD4, 0xEE,
    0xA1, 0x00, 0x37, 0x29, 0x4A, 0xC8, 0x3A, 0xFB, 0x9A, 0x34, 0x90, 0x86, 0x55, 0x43, 0xD3, 0x50,
    0x34, 0x9C, 0x94, 0x43, 0x30, 0x1D, 0x64, 0xA4, 0xA1, 0x6B, 0x88, 0x10, 0x5E, 0xE6, 0x32, 0x31,
    0x9F, 0x0C, 0x73, 0x94, 0x43, 0x00, 0x4A, 0xA4, 0x14, 0xBA, 0x35, 0x3F, 0x7B, 0xC5, 0x24, 0x18,
    0x48, 0xBC, 0x1E, 0xC3, 0x3F, 0x93, 0x8A, 0x70, 0xF5, 0xC9, 0xA7, 0x34, 0xEB, 0x7F, 0x3C, 0xC1,
    0x57, 0x84, 0xAE, 0xA3, 0x3C, 0xAD, 0x30, 0xE2, 0xF2, 0x7C, 0xE7, 0x1B, 0xCC, 0x31, 0xEE, 0x00,
    0x7E, 0x78, 0x69, 0xE1, 0x0A, 0x48, 0x05, 0xB9, 0xC2, 0x3D, 0xFD, 0x62, 0xAB, 0x57, 0x65, 0x9D,
    0x87, 0xCA, 0xE4, 0x08, 0x2D, 0x0E, 0x26, 0xBD, 0x55, 0x4A, 0x96, 0x3A, 0x52, 0xC5, 0x55, 0xC4,
    0xFD, 0xF2, 0xFF, 0x4C, 0x31, 0x33, 0x1F, 0xB8, 0xFE, 0x72, 0x87, 0xAE, 0xFF, 0x00, 0xBD, 0x95,
    0x31, 0xCC, 0x1F, 0x37, 0x19, 0xC6, 0x7F, 0x77, 0x0E, 0xB9, 0xAA, 0x37, 0xB8, 0x03, 0x03, 0x02,
    0xE8, 0x2D, 0x2C, 0x30, 0xC4, 0x6B, 0x41, 0x5F, 0xFE, 0x76, 0xD4, 0x31, 0x03, 0x33, 0xFB, 0x2E,
    0x96, 0x0C, 0x19, 0x9A, 0x9C, 0xA3, 0xEE, 0x22, 0xFB, 0xC4, 0xC0, 0xCE, 0xB7, 0xEB, 0x4B, 0xCE,
    0xA2, 0x03, 0x03, 0x03, 0xA7, 0x76, 0x60, 0x60, 0x31, 0x6D, 0x27, 0x18, 0xEA, 0xD2, 0x0B, 0x75,
    0x54, 0xDF, 0xBD, 0xD8, 0xFA, 0x2B, 0xA1, 0x7C, 0x02, 0x89, 0x21, 0xC9, 0xD9, 0xCF, 0xF3, 0x9E,
    0xFD, 0xBE, 0x7E, 0x1E, 0xBD, 0xD2, 0xC9, 0xC7, 0x55, 0x77, 0xF4, 0x07, 0x19, 0x40, 0x25, 0x95,
    0x86, 0x34, 0x46, 0xBD, 0xEA, 0x75, 0x0A, 0x26, 0xD8, 0x30, 0xFB, 0xC5, 0x89, 0x63, 0x0C, 0x8C,
    0x9E, 0x65, 0x1B, 0xA4, 0x68, 0xC9, 0x26, 0xBE, 0x63, 0x03, 0x8B, 0x43, 0x40, 0xE0, 0x68, 0x8C,
    0xDC, 0xF1, 0xB3, 0x04, 0x23, 0x41, 0x1D, 0x4E, 0xAD, 0xA8, 0x00, 0x98, 0x0C, 0x9D, 0x08, 0x28,
    0xD9, 0x61, 0xDC, 0xBE, 0x07, 0x3A, 0x01, 0xD3, 0xFA, 0x82, 0x4C, 0x68, 0x49, 0xF1, 0x0C, 0xD2,
    0x6C, 0x44, 0x80, 0xD9, 0x01, 0x0B, 0xC0, 0x01, 0xA8, 0x0C, 0x18, 0x91, 0x88, 0x15, 0x59, 0x1B,
    0x05, 0xDE, 0xE2, 0xBB, 0xA7, 0xA7, 0x0F, 0x66, 0x39, 0x26, 0xC9, 0xD3, 0xA3, 0x6C, 0xB8, 0xAA,
    0xB3, 0xBE, 0xD4, 0xA5, 0x95, 0xFD, 0xB4, 0x3C, 0xA9, 0x05, 0x53, 0x18, 0xB6, 0xDA, 0x47, 0xD4,
    0xD1, 0x84, 0x31, 0xCE, 0x6E, 0x48, 0x07, 0xEA, 0x1F, 0x05, 0xF5, 0xCD, 0x46, 0x2F, 0x91, 0x4E,
    0x02, 0x56, 0x4A, 0x45, 0xA6, 0x3B, 0xA0, 0xDB, 0x61, 0x91, 0x84, 0x54, 0x34, 0x4F, 0xB5, 0xC1,
    0x90, 0xE0, 0x83, 0x97, 0x0F, 0xF0, 0x1F, 0xCB, 0x29, 0x83, 0x88, 0xEB, 0x45, 0x50, 0xF9, 0x6D,
    0xDA, 0x81, 0x7E, 0x07, 0x24, 0xA2, 0x24, 0x33, 0x7E, 0x5C, 0xD0, 0x61, 0xAF, 0xA8, 0xF1, 0x59,
    0x46, 0x49, 0x84, 0xB9, 0x62, 0x4C, 0x34, 0xE5, 0x6D, 0x6A, 0x66, 0x01, 0xB3, 0x9F, 0x85, 0x0D,
    0xBB, 0xE5, 0xEA, 0x04, 0x37, 0x0F, 0x07, 0xB3, 0x6C, 0xF4, 0xB9, 0x7B, 0xCA, 0xE8, 0xD1, 0xEE,
    0xDD, 0x4E, 0xDE, 0x0F, 0x17, 0xA3, 0x3C, 0x8A, 0xF7, 0x0D, 0xA4, 0xCB, 0xDB, 0x70, 0xEF, 0xF2,
    0x02, 0xEE, 0xA7, 0x0F, 0xE0, 0xBD, 0xCB, 0x46, 0x6D, 0x79, 0xEF, 0x5E, 0x4D, 0x5C, 0x5E, 0x4C,
    0x77, 0x5C, 0xBA, 0x35, 0xCA, 0x87, 0xAB, 0x7E, 0xF4, 0x54, 0x7B, 0xB5, 0xB1, 0xC0, 0x22, 0x19,
    0x46, 0xF1, 0xF4, 0xCF, 0xA3, 0x96, 0x75, 0xBA, 0x1B, 0xEC, 0x10, 0x4E, 0x63, 0xB8, 0xAD, 0xFD,
    0x69, 0x72, 0x56, 0xD0, 0x7F, 0x82, 0x77, 0x3A, 0x78, 0x30, 0xAC, 0x88, 0x4E, 0xAA, 0xD8, 0xA0,
    0x37, 0x71, 0xE6, 0xE3, 0x1D, 0xFB, 0x51, 0xC1, 0xFC, 0xBE, 0xA0, 0xE3, 0xC1, 0x98, 0x16, 0x86,
    0x34, 0xD3, 0xBB, 0x1F, 0x03, 0x4D, 0x57, 0xDC, 0x0B, 0x80, 0xBE, 0x86, 0xB7, 0x01, 0xBB, 0xCF,
    0x65, 0x2E, 0xFF, 0xB5, 0x2B, 0xFD, 0x5C, 0x85, 0x0B, 0xDD, 0xBA, 0xD2, 0x43, 0x48, 0x97, 0x5A,
    0x85, 0x7B, 0x97, 0xF5, 0xED, 0x7E, 0xD2, 0xE2, 0xDE, 0xBB, 0xD4, 0x3B, 0x95, 0xA6, 0xDA, 0x95,
    0x1E, 0xFD, 0xE5, 0x45, 0xCD, 0xA6, 0x5B, 0xBA, 0xFF, 0x6C, 0xD5, 0x9E, 0xEB, 0x5D, 0x01, 0x58,
    0x11, 0x2B, 0xC7, 0x2C, 0x3B, 0xA0, 0x33, 0x56, 0x28, 0x93, 0xDB, 0xB4, 0xAF, 0xF3, 0x89, 0x71,
    0xF6, 0x60, 0xDC, 0xE0, 0xC4, 0x35, 0x5C, 0xEB, 0xE0, 0x7A, 0xFE, 0x5A, 0x87, 0x9D, 0xB8, 0x51,
    0xD6, 0xE1, 0x8B, 0xD8, 0x0D, 0x11, 0x1D, 0x30, 0x8E, 0x9D, 0x21, 0x61, 0xFE, 0xE6, 0x66, 0xF1,
    0xB3, 0x38, 0x7E, 0xC9, 0x20, 0x61, 0x90, 0xB5, 0x15, 0x8C, 0x6B, 0x2F, 0x4E, 0x1D, 0x74, 0xBF,
    0xF3, 0xE8, 0xF0, 0xF3, 0xC5, 0x5B, 0xC1, 0x64, 0xD4, 0xDE, 0xBE, 0x4C, 0x0B, 0xC2, 0x71, 0x1E,
    0xDD, 0xDE, 0xED, 0x7D, 0xE9, 0x8B, 0x6A, 0x23, 0xD7, 0xB1, 0xA9, 0x6D, 0xDC, 0x6A, 0x55, 0x1A,
    0xD3, 0x94, 0x74, 0x9E, 0xA3, 0x16, 0x59, 0x27, 0xF9, 0x7B, 0x98, 0xBE, 0xF8, 0x75, 0x30, 0x01,
    0x6C, 0x83, 0x87, 0xD9, 0xC1, 0xC2, 0x19, 0x9D, 0x48, 0x1C, 0x2B, 0xA6, 0x0A, 0x2B, 0x7F, 0xFD,
    0x9F, 0x30, 0x15, 0xBA, 0xA2, 0xAF, 0xA0, 0xFB, 0x3F, 0x01, 0x4C, 0xDE, 0x86, 0x39, 0x58, 0x37,
    0x7A, 0x1D, 0xDB, 0x4D, 0xB1, 0xA4, 0xD9, 0xF3, 0x74, 0xD8, 0x4D, 0x99, 0xCB, 0xCF, 0x72, 0x97,
    0xFB, 0xAD, 0xED, 0x0E, 0xB1, 0x8E, 0x6C, 0x8E, 0x07, 0xE6, 0xCA, 0x64, 0x93, 0x4F, 0xE5, 0xC9,
    0x9C, 0xA7, 0xC7, 0xF8, 0x1B, 0x8C, 0xEB, 0xBF, 0x3F, 0x21, 0x95, 0xAD, 0xEF, 0x8B, 0x0D, 0xAA,
    0x42, 0x27, 0xC1, 0x7E, 0x52, 0x58, 0xEE, 0x6E, 0x3C, 0x1C, 0x56, 0xDE, 0xEA, 0x5A, 0x63, 0x0C,
    0x6B, 0x2F, 0x68, 0x3F, 0x1D, 0x58, 0xEC, 0xCE, 0x13, 0x7E, 0x74, 0xD5, 0x65, 0x28, 0x2A, 0x55,
    0xD2, 0x81, 0x2E, 0x9B, 0x3B, 0xD5, 0xF3, 0xE1, 0x90, 0x55, 0x2A, 0x7A, 0x53, 0x5F, 0x25, 0xBB,
    0x55, 0x8F, 0x6F, 0x12, 0xD3, 0x87, 0x5F, 0x25, 0xEC, 0xF8, 0x87, 0x48, 0xD1, 0x52, 0xFA, 0x6D,
    0x92, 0x3C, 0x44, 0x74, 0xD0, 0xA1, 0x12, 0x4D, 0x99, 0x26, 0xED, 0x69, 0xDA, 0x34, 0xF1, 0x2B,
    0xF8, 0xE1, 0x55, 0xB7, 0xD1, 0xE4, 0x23, 0x67, 0xFD, 0x66, 0x70, 0x37, 0x53, 0x1D, 0xAC, 0x50,
    0x2D, 0x6E, 0xCD, 0xA8, 0xA6, 0x4B, 0x35, 0xE1, 0x04, 0x93, 0xEF, 0x32, 0xD8, 0xA6, 0x46, 0xC1,
    0x50, 0x2B, 0x91, 0x9D, 0x21, 0xF6, 0x52, 0xD0, 0x41, 0x55, 0x06, 0x60, 0x68, 0xA7, 0xB5, 0x84,
    0x71, 0xFD, 0x8E, 0x0E, 0x53, 0x35, 0xF5, 0x16, 0x75, 0x70, 0xC5, 0xB0, 0x37, 0x47, 0xDB, 0x0C,
    0x8D, 0x0E, 0xC7, 0xE3, 0xD9, 0xBC, 0xBF, 0xCB, 0xFE, 0x70, 0x2C, 0xF3, 0xE7, 0x65, 0x2A, 0xA8,
    0xF4, 0x20, 0x57, 0xAB, 0x67, 0xB9, 0xF6, 0xF3, 0xE9, 0x86, 0x1D, 0xE4, 0xA0, 0x8C, 0xB2, 0x57,
    0x1B, 0x15, 0x87, 0x58, 0x8D, 0x9A, 0xE3, 0x90, 0x19, 0x33, 0x4D, 0x03, 0x00, 0xBD, 0x32, 0x05,
    0x66, 0xDF, 0xFA, 0x2B, 0xD8, 0x95, 0xD9, 0xB1, 0xC0, 0x72, 0x27, 0xCE, 0x92, 0xAC, 0xA4, 0xF1,
    0x70, 0xF0, 0xE2, 0xF2, 0xD5, 0x11, 0x50, 0x09, 0x20, 0x03, 0xE7, 0xC4, 0x06, 0xD8, 0x0C, 0xCC,
    0x8D, 0x8E, 0x02, 0xDD, 0x5E, 0x49, 0x3D, 0xAF, 0x34, 0xA6, 0x4A, 0x3A, 0x56, 0x32, 0x61, 0x07,
    0xEB, 0x2B, 0x2D, 0xAE, 0x92, 0xC8, 0x41, 0xDF, 0x48, 0x89, 0x08, 0x63, 0x62, 0x69, 0xE2, 0x0B,
    0x26, 0x54, 0xB2, 0x9E, 0x19, 0xE0, 0xFB, 0x1E, 0x98, 0x1B, 0xED, 0x80, 0xDA, 0x80, 0xDE, 0xBF,
    0x7E, 0xDF, 0x61, 0x07, 0x26, 0x01, 0x66, 0xE3, 0xE9, 0xF2, 0x18, 0x5E, 0xBB, 0xE5, 0x59, 0xDE,
    0x25, 0xB0, 0x9F, 0x46, 0x58, 0x64, 0x85, 0x24, 0x01, 0xE2, 0x2D, 0xDE, 0x8C, 0xB9, 0xD1, 0x1E,
    0xAC, 0x09, 0x70, 0x9A, 0x1C, 0xC0, 0xEB, 0xF7, 0xED, 0x33, 0xA0, 0x8F, 0x46, 0xFA, 0x25, 0xED,
    0x2D, 0xB1, 0xBD, 0x01, 0x73, 0x11, 0x09, 0xA0, 0xCE, 0x41, 0xD7, 0xE0, 0x61, 0xFA, 0x4B, 0x02,
    0xB0, 0x7F, 0x6C, 0x81, 0x45, 0xB7, 0xD0, 0x1D, 0xE7, 0xAF, 0xBE, 0x4C, 0xD2, 0x3C, 0x73, 0x0B,
    0xE8, 0x64, 0x5A, 0xB0, 0xAB, 0xF5, 0xC0, 0x2C, 0xD2, 0x82, 0x88, 0xB8, 0xB3, 0x30, 0x30, 0x14,
    0x16, 0x5A, 0x21, 0x22, 0x09, 0x13, 0x5B, 0xC0, 0x86, 0x4E, 0x24, 0xC2, 0x4D, 0x79, 0x8C, 0x95,
    0x52, 0x17, 0x59, 0x89, 0xBB, 0xD4, 0x19, 0xA6, 0x04, 0x66, 0x05, 0x1B, 0x60, 0x7E, 0x71, 0x4F,
    0x9F, 0x71, 0x5E, 0x07, 0xB0, 0xDB, 0x0F, 0x98, 0x44, 0x18, 0x2A, 0x58, 0xDA, 0x21, 0xCE, 0x07,
    0xC6, 0xB5, 0x81, 0x4E, 0x02, 0x1C, 0xC0, 0xB0, 0x41, 0x5F, 0x80, 0xF2, 0xED, 0xBF, 0xD2, 0x86,
    0x48, 0x6A, 0xE8, 0xF6, 0x96, 0x3E, 0x43, 0x35, 0x88, 0xB8, 0xA6, 0x39, 0x56, 0xE8, 0xC4, 0x19,
    0x11, 0xA6, 0x15, 0x4C, 0xF3, 0x95, 0xF2, 0x12, 0x70, 0xF3, 0x37, 0xE7, 0xAC, 0xF5, 0xF0, 0x14,
    0xF8, 0xED, 0xAB, 0xD5, 0xEF, 0xC4, 0xA3, 0x24, 0xA0, 0xFF, 0x1C, 0xB1, 0xDD, 0xF6, 0x4A, 0xB5,
    0x01, 0xC6, 0x8F, 0x62, 0xD5, 0x4E, 0xB4, 0x08, 0xBC, 0x52, 0x7D, 0x13, 0xD0, 0x2B, 0x43, 0xA2,
    0xDB, 0x00, 0x44, 0x3A, 0x39, 0x58, 0x72, 0xDB, 0xB7, 0x75, 0x7A, 0x66, 0xD7, 0xE6, 0x02, 0x02,
    0x07, 0xDD, 0xDE, 0x6C, 0xEA, 0xAC, 0x46, 0x46, 0x98, 0xC5, 0x2D, 0xE2, 0xE0, 0xA7, 0x15, 0x8B,
    0x6B, 0x59, 0x54, 0x82, 0x9B, 0x0E, 0xCE, 0x6A, 0x34, 0xB9, 0xA6, 0xC7, 0xF5, 0x3F, 0x7A, 0xC3,
    0x02, 0x08, 0x70, 0xC0, 0xF5, 0x26, 0x8C, 0xD0, 0xD4, 0x69, 0xF2, 0x8C, 0x6D, 0xA3, 0xE9, 0x58,
    0xD7, 0x67, 0x1D, 0x5E, 0xA9, 0x36, 0x9C, 0xEF, 0x8F, 0xD9, 0x78, 0x6E, 0x4F, 0x00, 0xBC, 0x52,
    0xFD, 0xE5, 0xA8, 0x24, 0x92, 0x1A, 0x95, 0x5A, 0x3A, 0x1C, 0xB5, 0xAE, 0x93, 0x4A, 0x48, 0xAB,
    0x5E, 0x50, 0xB9, 0x92, 0x95, 0x55, 0x98, 0x25, 0x9C, 0x09, 0x9D, 0xFA, 0x1D, 0x1D, 0x6B, 0x7E,
    0x5A, 0x75, 0xC6, 0x84, 0x39, 0x61, 0x45, 0x42, 0xA5, 0x83, 0x4A, 0x8F, 0x79, 0xF1, 0x98, 0x3B,
    0x11, 0xE6, 0x4F, 0x56, 0x68, 0x69, 0xBE, 0x14, 0x4F, 0x17, 0x4F, 0x00, 0xC0, 0x12, 0xBA, 0x82,
    0x84, 0xE6, 0x15, 0x55, 0xEE, 0x24, 0xA9, 0xAD, 0x97, 0x34, 0x24, 0xF5, 0x75, 0x1E, 0x93, 0xFA,
    0x67, 0x19, 0xA3, 0xFA, 0xB2, 0xE8, 0x38, 0xA4, 0x5D, 0xAF, 0x63, 0x5A, 0xA6, 0xA0, 0xE3, 0x6C,
    0x82, 0x5E, 0xED, 0xAF, 0xBC, 0x0E, 0x56, 0xDC, 0x14, 0x26, 0xA1, 0x6E, 0x08, 0xD6, 0x37, 0x72,
    0xE3, 0xC1, 0x8C, 0xDA, 0xCF, 0x3D, 0xC3, 0x01, 0x60, 0x01, 0xB4, 0xE7, 0x5B, 0xCF, 0x4D, 0xF1,
    0x60, 0x65, 0xA3, 0x13, 0xD9, 0x51, 0x47, 0x2F, 0xE8, 0x8C, 0x30, 0x25, 0x16, 0x67, 0x56, 0x66,
    0x67, 0x43, 0xA5, 0xD9, 0xD7, 0xE5, 0xEC, 0x2A, 0x2D, 0x0E, 0xA9, 0xA1, 0xAB, 0xF2, 0xAE, 0xCA,
    0xDB, 0x30, 0x16, 0x6C, 0x34, 0x89, 0x49, 0x64, 0x65, 0x10, 0x71, 0xB0, 0x7C, 0x0E, 0xA0, 0x0A,
    0x30, 0x6E, 0x80, 0x5E, 0x01, 0xEB, 0x80, 0x9F, 0xBC, 0x01, 0xDF, 0x39, 0x42, 0x27, 0x09, 0x86,
    0x67, 0x19, 0x26, 0xFF, 0xE4, 0x0D, 0xF5, 0x9B, 0x35, 0x28, 0x99, 0x60, 0x90, 0x03, 0xF4, 0x2F,
    0x4A, 0xA5, 0x7E, 0x7B, 0xFD, 0xBE, 0x00, 0x5D, 0xBA, 0x02, 0xF5, 0xAC, 0x40, 0x9F, 0xF2, 0x1B,
    0xEA, 0x97, 0x77, 0xB9, 0xB0, 0xFE, 0xD0, 0x9F, 0x15, 0x25, 0x09, 0x09, 0x88, 0x57, 0x12, 0xF5,
    0xD7, 0xD9, 0x86, 0x63, 0xE2, 0xF6, 0x0D, 0x6E, 0xFC, 0x0B, 0xBD, 0x96, 0x81, 0xA6, 0x27, 0xBF,
    0x15, 0xC7, 0x3F, 0x33, 0xC3, 0x1D, 0x0C, 0x52, 0x14, 0x55, 0x74, 0x9E, 0xE0, 0xDF, 0xBC, 0x40,
    0xFB, 0x4F, 0xDA, 0xE2, 0xA2, 0x00, 0x05, 0xA0, 0x45, 0x41, 0xA1, 0x2F, 0xB0, 0x77, 0x33, 0xED,
    0xA2, 0x80, 0xDE, 0x37, 0x58, 0xD8, 0xC7, 0x58, 0x37, 0xB1, 0x45, 0xCB, 0x62, 0xB3, 0xDD, 0x07,
    0xD8, 0xAC, 0x2E, 0x00, 0x1B, 0xDD, 0xA9, 0x8E, 0xCA, 0xCC, 0x69, 0x62, 0xBA, 0xAE, 0xBA, 0x8A,
    0xED, 0x8F, 0x3B, 0x27, 0xDF, 0xAF, 0x21, 0xCE, 0xE7, 0x97, 0x64, 0x8E, 0x93, 0x1F, 0xD0, 0xC1,
    0x95, 0x3C, 0xB7, 0x18, 0x11, 0x3A, 0x91, 0x83, 0xE1, 0x18, 0x84, 0x69, 0x1D, 0x85, 0x39, 0x29,
    0xB1, 0x3A, 0x18, 0x67, 0x4D, 0x78, 0x69, 0xAC, 0xF9, 0xDD, 0xEA, 0xAC, 0xBB, 0x4E, 0x0E, 0xA7,
    0x82, 0xE0, 0x0C, 0x07, 0xAE, 0xF4, 0x3B, 0x66, 0x1D, 0x0B, 0x26, 0xEB, 0xCC, 0x2C, 0x12, 0x1B,
    0xC9, 0x72, 0xE3, 0x3F, 0xC2, 0x77, 0x01, 0x18, 0x0A, 0xD0, 0x35, 0xE3, 0x0E, 0x40, 0x73, 0xFF,
    0xB4, 0x49, 0x67, 0xAB, 0x79, 0xC6, 0x0D, 0x61, 0x5C, 0x11, 0xA6, 0xCC, 0x81, 0xCA, 0xDD, 0x8E,
    0x4A, 0x7D, 0x61, 0x8E, 0x75, 0x5E, 0xC7, 0x61, 0xC3, 0x84, 0x71, 0xAD, 0x36, 0x55, 0x5B, 0xA6,
    0x8C, 0x5B, 0x54, 0x33, 0x1D, 0x31, 0xD1, 0x05, 0xB4, 0x88, 0x45, 0xC9, 0x0E, 0x9D, 0x24, 0x80,
    0x69, 0x83, 0xCA, 0x01, 0x74, 0x00, 0x9E, 0x02, 0xFC, 0xFA, 0x11, 0x7E, 0x57, 0x02, 0xF4, 0xED,
    0x75, 0xFA, 0x5B, 0x06, 0x63, 0xB7, 0xC7, 0xD9, 0xEF, 0xC9, 0xFF, 0xB0, 0xC2, 0xF8, 0xB9, 0xD9,
    0x5F, 0xF3, 0x23, 0xFD, 0xEE, 0x6F, 0xA0, 0xDF, 0x61, 0x58, 0x41, 0x45, 0xF8, 0x3E, 0x00, 0xF8,
    0x8A, 0x76, 0x56, 0x47, 0xB3, 0xB8, 0xC5, 0x04, 0x41, 0xBF, 0xDA, 0x99, 0xDF, 0x6D, 0xA8, 0x4F,
    0x19, 0x25, 0x91, 0x49, 0x16, 0x46, 0x81, 0xA1, 0xA5, 0x96, 0xAA, 0x8D, 0xB6, 0x2C, 0xA6, 0x0C,
    0xAA, 0x29, 0x9D, 0xC2, 0x03, 0x02, 0x1C, 0xD0, 0xC9, 0x41, 0x2F, 0x12, 0xAA, 0xD2, 0x50, 0xE6,
    0x3C, 0x6C, 0xB5, 0x50, 0xD7, 0x29, 0x4F, 0x59, 0xD5, 0xD0, 0x49, 0xD5, 0xB9, 0x2A, 0x66, 0xF9,
    0x88, 0x0E, 0x60, 0x9A, 0x96, 0x53, 0x70, 0x25, 0x11, 0xB4, 0x14, 0xF0, 0x72, 0x80, 0xFC, 0x54,
    0xE8, 0x76, 0x84, 0xBE, 0x74, 0x07, 0x43, 0x99, 0x0A, 0xC3, 0xE6, 0x32, 0xE3, 0x2A, 0x96, 0xE9,
    0x1F, 0x07, 0x4C, 0xB9, 0xED, 0x34, 0xFB, 0x84, 0x4A, 0xF3, 0xCA, 0x1C, 0xC7, 0x52, 0xB1, 0x7D,
    0xC1, 0xFC, 0x65, 0xAC, 0xF6, 0x46, 0x36, 0xCC, 0x1F, 0x25, 0xE3, 0xAE, 0xC5, 0xE2, 0x01, 0x04,
    0xE8, 0x0F, 0xC0, 0x94, 0x66, 0x5B, 0xB3, 0x48, 0xF3, 0x00, 0x73, 0xD5, 0x94, 0xA0, 0xCF, 0x00,
    0xE0, 0x7F, 0x1E, 0x07, 0x79, 0xDF, 0x16, 0x1C, 0x74, 0x96, 0xC5, 0x04, 0xB7, 0xD4, 0xB0, 0x1E,
    0x87, 0xE0, 0x11, 0x0E, 0xA4, 0xDF, 0x91, 0xEB, 0x1D, 0x2F, 0x05, 0x73, 0x14, 0xA6, 0x0F, 0x1B,
    0xE0, 0x17, 0xBA, 0xE3, 0x3C, 0xF0, 0x29, 0x5C, 0xC6, 0x52, 0x05, 0xF4, 0x01, 0x77, 0xA6, 0xE2,
    0xD4, 0x72, 0x11, 0x4B, 0xFF, 0x3E, 0xE1, 0x25, 0x52, 0xF3, 0xBA, 0x74, 0xC7, 0x45, 0xAC, 0x1F,
    0xCF, 0x6D, 0x4D, 0x96, 0x1B, 0x0D, 0x70, 0x19, 0x6B, 0xCC, 0x30, 0x17, 0xF8, 0xE6, 0x9B, 0x53,
    0xED, 0xFD, 0x2A, 0x5D, 0xC4, 0xAC, 0x79, 0xCF, 0x57, 0x6A, 0xA6, 0xEC, 0x28, 0xA9, 0x0F, 0x3A,
    0x49, 0xF6, 0xD4, 0xFC, 0xE0, 0x70, 0xD6, 0xFD, 0xA4, 0x65, 0xB7, 0x0C, 0xA9, 0x9E, 0x10, 0xE4,
    0x17, 0x20, 0xBD, 0x40, 0x65, 0x89, 0xFD, 0x15, 0x5E, 0x44, 0x32, 0x66, 0xAF, 0x5E, 0x89, 0x7F,
    0x97, 0x5B, 0x70, 0xEB, 0x20, 0x45, 0xC9, 0xA6, 0xF3, 0x77, 0x4C, 0xA8, 0x10, 0x3C, 0xC8, 0x97,
    0xE1, 0x97, 0x5B, 0x27, 0x51, 0x4B, 0x1C, 0x0F, 0x3B, 0x24, 0xC6, 0x0D, 0x4A, 0x1B, 0x7A, 0x43,
    0x27, 0xEE, 0xEB, 0x2B, 0xDE, 0xD7, 0xD7, 0x6F, 0x57, 0xFA, 0x73, 0x7D, 0xE8, 0xB5, 0x35, 0xF1,
    0xFF, 0xAC, 0x4B, 0x0E, 0x44, 0xB6, 0xAA, 0x05, 0x01, 0x7C, 0x5D, 0x8D, 0x93, 0x15, 0x2D, 0x99,
    0x2B, 0x59, 0x00, 0xB1, 0xF4, 0xFB, 0x79, 0x6E, 0xD3, 0x72, 0x19, 0x4B, 0x15, 0x30, 0x3B, 0xEC,
    0x86, 0x21, 0xCF, 0xCB, 0x45, 0xAC, 0x1B, 0x4D, 0xE3, 0xF0, 0xF2, 0x5B, 0x00, 0x2E, 0x61, 0x4D,
    0x79, 0xD8, 0xBA, 0xC2, 0x0D, 0x0C, 0xA5, 0xC6, 0xD6, 0x9A, 0x88, 0xCA, 0x2A, 0xA9, 0x34, 0x47,
    0x1D, 0x4C, 0x30, 0x8B, 0xB1, 0xCE, 0xA2, 0x32, 0x26, 0x70, 0x47, 0xF7, 0x82, 0xB3, 0x87, 0xB6,
    0xB1, 0x31, 0xAE, 0x15, 0x80, 0xAA, 0x23, 0xB5, 0x31, 0x47, 0x74, 0xC0, 0xD4, 0xB1, 0x60, 0x2C,
    0x35, 0xAF, 0x13, 0x3B, 0x4A, 0x98, 0x5F, 0xA7, 0xA7, 0x7D, 0xFE, 0xAA, 0xC4, 0xE9, 0x59, 0xAC,
    0x59, 0xEA, 0x0F, 0x11, 0xF8, 0xAA, 0x44, 0x00, 0x86, 0xE5, 0x96, 0xE9, 0x9F, 0x99, 0x51, 0x22,
    0x83, 0x80, 0x96, 0x85, 0x1F, 0xCC, 0x01, 0x54, 0xC0, 0xBD, 0x89, 0xAD, 0x6B, 0x4E, 0x55, 0x6A,
    0x75, 0x49, 0x47, 0x1D, 0x4D, 0xA8, 0x5A, 0x74, 0xDB, 0x6C, 0x95, 0x5B, 0xCC, 0x5B, 0x61, 0x96,
    0x9D, 0x49, 0x36, 0x3A, 0x59, 0x60, 0xFC, 0xF8, 0x84, 0x59, 0x36, 0x8C, 0x64, 0x7E, 0xA4, 0x03,
    0xC0, 0x90, 0xBD, 0x1D, 0x3E, 0x4B, 0x18, 0x2A, 0x67, 0x3C, 0x54, 0x9E, 0x36, 0x95, 0x6B, 0xA4,
    0xAA, 0xD8, 0x0E, 0xAF, 0x1D, 0x5F, 0x25, 0xB6, 0x58, 0x6A, 0x58, 0x63, 0x1D, 0x0E, 0x0F, 0x6E,
    0x81, 0x86, 0x50, 0x11, 0x86, 0x04, 0x00, 0x2E, 0x31, 0x48, 0x39, 0x3F, 0x5E, 0xF2, 0xE7, 0xC7,
    0xB3, 0x66, 0xF1, 0x38, 0x2B, 0x34, 0x79, 0x84, 0xEA, 0x3F, 0xDB, 0x71, 0xB2, 0xA1, 0x25, 0x71,
    0x75, 0xD8, 0x07, 0x05, 0x7A, 0x01, 0xEB, 0x41, 0x81, 0x5E, 0xC4, 0x32, 0xCF, 0xCE, 0xE6, 0x27,
    0xB2, 0xF4, 0x6F, 0xEF, 0xB8, 0x88, 0xF5, 0xE4, 0x41, 0xB1, 0xFF, 0xFF, 0xAC, 0x1F, 0x02, 0xEE,
    0x54, 0x7B, 0xF7, 0x22, 0xF6, 0x8B, 0x80, 0x07, 0xF3, 0x00, 0xCC, 0xFF, 0x0A, 0x88, 0xC4, 0x41,
    0x24, 0x4C, 0x9B, 0x09, 0x2A, 0x49, 0x9C, 0x5F, 0x49, 0xD2, 0xAF, 0xDF, 0x47, 0xF3, 0xFE, 0x97,
    0xD1, 0xEC, 0x3A, 0x98, 0xCD, 0xB4, 0xA6, 0x69, 0x95, 0x1C, 0x68, 0xD9, 0xF8, 0xD6, 0xDF, 0xF2,
    0xBD, 0xFF, 0x71, 0xD9, 0xB5, 0x1A, 0xB9, 0xAF, 0x8F, 0x16, 0x66, 0x39, 0xA3, 0xED, 0xC1, 0xE3,
    0x11, 0x7C, 0x7F, 0xE0, 0xAF, 0x0F, 0x9C, 0xEC, 0x98, 0x52, 0x50, 0xA9, 0x70, 0x16, 0xCE, 0x79,
    0xD9, 0x71, 0xB5, 0x5C, 0xC6, 0x9A, 0xEE, 0x2F, 0xBB, 0x7E, 0x55, 0xE1, 0x22, 0x56, 0xBB, 0xA0,
    0xFC, 0xFD, 0x05, 0x75, 0x11, 0x0B, 0xB5, 0x02, 0x3A, 0x00, 0x0E, 0xE0, 0x05, 0xE7, 0xD3, 0x17,
    0xA4, 0x5A, 0xB7, 0xD3, 0x95, 0xA1, 0x40, 0x19, 0x57, 0xD8, 0x55, 0xAE, 0x36, 0x47, 0x38, 0x4C,
    0x80, 0x3B, 0x67, 0xAB, 0x79, 0xE0, 0xE9, 0x0E, 0x95, 0xD9, 0x6C, 0x6D, 0x96, 0x9A, 0x85, 0x66,
    0x0B, 0xE0, 0x81, 0xFE, 0x00, 0x7C, 0x69, 0x96, 0x9B, 0x59, 0xE0, 0xBF, 0xFE, 0x27, 0x35, 0x96,
    0x03, 0xBC, 0x5E, 0x38, 0x24, 0x23, 0xB2, 0x76, 0x72, 0xBD, 0xF5, 0xFB, 0x50, 0xCE, 0x3E, 0x59,
    0x63, 0x1D, 0xB7, 0x31, 0x4F, 0x67, 0xBF, 0xDC, 0x4C, 0x54, 0x22, 0x41, 0x7D, 0x12, 0xE6, 0x3F,
    0x6F, 0x0F, 0x50, 0x9E, 0x53, 0x8C, 0xAF, 0x32, 0xA8, 0x77, 0xD5, 0xA6, 0x3F, 0x25, 0x80, 0x47,
    0xDC, 0xE0, 0xBF, 0x01, 0xBD, 0x57, 0x3D, 0x93, 0xDC, 0xC6, 0x11, 0x1D, 0x60, 0x4A, 0x87, 0x2A,
    0x23, 0x80, 0x02, 0x27, 0x2A, 0x57, 0x19, 0xA9, 0x13, 0x79, 0xFE, 0x80, 0xC5, 0x81, 0xCA, 0x01,
    0x03, 0x05, 0x56, 0x60, 0x45, 0x0E, 0xA4, 0x80, 0xCE, 0x5C, 0xE6, 0x1F, 0x20, 0x0F, 0x90, 0x13,
    0x07, 0x0E, 0x78, 0xFF, 0xC0, 0x89, 0x03, 0x3B, 0xB2, 0x03, 0x07, 0x0A, 0xC8, 0xC3, 0x58, 0x0E,
    0x99, 0x40, 0xA2, 0xAB, 0x14, 0x12, 0x2E, 0x31, 0x73, 0x40, 0x88, 0x82, 0x2C, 0xA8, 0x04, 0x60,
    0xFC, 0x5E, 0x0F, 0xB0, 0xBB, 0x3C, 0xDE, 0x1D, 0xC9, 0xDB, 0x3D, 0xEF, 0xDD, 0xCC, 0xDD, 0xE2,
    0x63, 0xE6, 0x75, 0x4F, 0xF7, 0xEB, 0xD7, 0x4A, 0xC9, 0xC7, 0xFA, 0x8A, 0x53, 0xA1, 0x54, 0xC9,
    0x49, 0x3E, 0x79, 0xCF, 0x1B, 0x03, 0xA6, 0x92, 0xD3, 0x3C, 0x2A, 0x15, 0x4D, 0x98, 0xF4, 0x77,
    0x98, 0xD2, 0x0E, 0x53, 0xD6, 0x62, 0x32, 0x6E, 0xC2, 0x63, 0x15, 0xA6, 0xBA, 0xC0, 0xE4, 0xFD,
    0xAC, 0x62, 0x4E, 0xDA, 0x7B, 0x8F, 0xC7, 0x54, 0x8D, 0xC7, 0x30, 0x19, 0x87, 0xC9, 0x56, 0xAA,
    0xE4, 0x16, 0x78, 0x76, 0x19, 0xFC, 0xD4, 0xEF, 0x35, 0xDA, 0x3F, 0x76, 0x99, 0xF7, 0xCE, 0x74,
    0xBE, 0xB2, 0xAE, 0xAC, 0xF0, 0x53, 0xD4, 0x78, 0xD6, 0xE3, 0x25, 0xAF, 0x66, 0xE5, 0xE3, 0x49,
    0xF9, 0x9B, 0x13, 0x5E, 0x19, 0x95, 0x05, 0x92, 0xF4, 0xDF, 0x84, 0x74, 0x2B, 0x02, 0xEA, 0x3B,
    0xA9, 0x5B, 0xF0, 0x9B, 0x19, 0xD7, 0xA2, 0x13, 0x75, 0xDD, 0xF8, 0x07, 0xEC, 0x58, 0x63, 0x43,
    0xDA, 0x91, 0x0F, 0x7B, 0xDA, 0x70, 0x6D, 0x28, 0x55, 0xC4, 0x95, 0x93, 0x06, 0x53, 0xE6, 0x38,
    0xFD, 0x8B, 0x13, 0xF7, 0xD0, 0xC3, 0xD5, 0xF1, 0x6A, 0xAC, 0x97, 0x23, 0x42, 0x2C, 0x51, 0xBF,
    0x8F, 0xD1, 0x12, 0x20, 0x37, 0xC2, 0xCD, 0xAC, 0x23, 0x50, 0x25, 0xBB, 0xDF, 0x0A, 0x7E, 0x39,
    0xF2, 0x27, 0x38, 0x9C, 0x31, 0xF2, 0x7E, 0xD0, 0xBE, 0xF8, 0x1B, 0xF7, 0xCF, 0xF9, 0x14, 0x96,
    0xB1, 0x7C, 0x12, 0xC7, 0x56, 0x16, 0x34, 0x2A, 0x0C, 0xF9, 0xCE, 0xF3, 0xEC, 0x12, 0x95, 0xC3,
    0xB2, 0xC4, 0x33, 0x4E, 0xF0, 0x52, 0x34, 0x13, 0x76, 0xD6, 0x28, 0x23, 0xCB, 0x96, 0xBD, 0xF6,
    0x63, 0xE6, 0x07, 0xD3, 0xBD, 0x89, 0x65, 0xB0, 0x42, 0x0D, 0x9F, 0xAC, 0xBF, 0xF5, 0xC7, 0x27,
    0xA5, 0x6F, 0x8C, 0x6F, 0x92, 0x19, 0x4B, 0x7A, 0x07, 0x4F, 0xB5, 0x2A, 0xFD, 0xB2, 0x53, 0xB6,
    0x18, 0xD7, 0xE0, 0x38, 0x18, 0x30, 0x03, 0xDF, 0x0F, 0xF1, 0x30, 0xA6, 0x8D, 0x7D, 0x4D, 0x60,
    0xB4, 0x84, 0xCB, 0x72, 0xF9, 0x1B, 0xEA, 0xE0, 0xC0, 0x10, 0xA4, 0x79, 0xCB, 0xD7, 0xB2, 0xEA,
    0xF5, 0x80, 0x65, 0xEE, 0x58, 0x25, 0xCF, 0x06, 0xF1, 0x9A, 0xF2, 0xD5, 0xA1, 0x81, 0xE9, 0x2E,
    0xAF, 0xA2, 0xF1, 0x34, 0x80, 0x64, 0xF8, 0x04, 0x74, 0x88, 0xE4, 0x51, 0x01, 0x1F, 0x1C, 0xFA,
    0x66, 0x58, 0x8F, 0xEB, 0x28, 0x81, 0xB7, 0x19, 0xC0, 0x89, 0xAC, 0x43, 0x10, 0x60, 0x88, 0x0F,
    0x75, 0x6B, 0x0A, 0x15, 0x0F, 0x13, 0xEF, 0x33, 0xDC, 0xCB, 0x66, 0x01, 0x5B, 0xCB, 0xD1, 0xFB,
    0x8E, 0xD3, 0x88, 0x8C, 0x4A, 0x90, 0x2F, 0x80, 0x8E, 0x09, 0x0B, 0xE9, 0x11, 0x2B, 0x23, 0x9C,
    0x6A, 0x95, 0xF4, 0x4A, 0xD2, 0xC7, 0x33, 0x76, 0x39, 0x21, 0xE6, 0xB3, 0x16, 0xF7, 0xF3, 0x06,
    0xF6, 0x19, 0x57, 0x22, 0x68, 0x90, 0x22, 0x98, 0x66, 0x92, 0x8C, 0x70, 0x8B, 0xEE, 0xF1, 0x7F,
    0xC2, 0xCC, 0x4C, 0x9F, 0x61, 0xCF, 0xEC, 0xEB, 0x26, 0xA4, 0x40, 0xFD, 0x8B, 0x06, 0x46, 0x3C,
    0x75, 0x8A, 0x49, 0x05, 0x33, 0xF8, 0x1A, 0xD2, 0x4A, 0x31, 0xAF, 0x14, 0x13, 0x4B, 0x32, 0x4B,
    0x52, 0x4B, 0xF9, 0x88, 0x49, 0x7C, 0x93, 0xE9, 0x0C, 0x78, 0x92, 0x5E, 0x2A, 0x6D, 0x87, 0x57,
    0x07, 0x6E, 0x7D, 0xE3, 0xE1, 0x0A, 0xB7, 0x4C, 0xAF, 0x04, 0x1C, 0xC6, 0x46, 0xBF, 0xFA, 0x4E,
    0x0E, 0x22, 0xE5, 0xE5, 0x8C, 0xB9, 0xDC, 0xA8, 0xFA, 0x43, 0x97, 0x00, 0x36, 0x50, 0x57, 0xB6,
    0xAD, 0x0B, 0x60, 0x2E, 0xEA, 0xA2, 0x54, 0x81, 0x0A, 0x66, 0x81, 0xEA, 0x6F, 0x8E, 0x81, 0x06,
    0xC0, 0x4C, 0x69, 0xB7, 0x50, 0x5E, 0x0A, 0x90, 0x19, 0x62, 0x84, 0x43, 0x5C, 0x8E, 0x13, 0x20,
    0x70, 0x0C, 0x5A, 0x07, 0xC0, 0x32, 0x34, 0x87, 0xF7, 0x45, 0xD8, 0x56, 0x1C, 0x1D, 0x46, 0x2B,
    0xBB, 0x0B, 0x61, 0x58, 0xAE, 0xBD, 0x8C, 0x4D, 0x69, 0x20, 0x44, 0x7E, 0x6E, 0xF7, 0x08, 0xC5,
    0x89, 0x5E, 0x55, 0xA6, 0x2F, 0x05, 0x5F, 0xF9, 0x2E, 0x5C, 0x89, 0xFB, 0x08, 0x45, 0x8C, 0x2A,
    0xC4, 0x46, 0xF1, 0x11, 0x7C, 0xD1, 0x23, 0x36, 0x3A, 0x84, 0x2A, 0x82, 0xEF, 0x07, 0xE0, 0xA0,
    0xEC, 0xDD, 0x1E, 0x2F, 0x76, 0xB0, 0x19, 0xBB, 0xFC, 0x5A, 0x1D, 0x14, 0x67, 0x8F, 0xC4, 0x92,
    0x98, 0x9E, 0x17, 0x16, 0xDF, 0x03, 0xAB, 0x3A, 0xDE, 0x89, 0xF2, 0x07, 0x5B, 0x32, 0x38, 0x14,
    0x56, 0x8D, 0x1B, 0x69, 0x1F, 0x1E, 0x4A, 0xDA, 0xFD, 0xB0, 0x1E, 0x0A, 0x53, 0xB2, 0x94, 0x12,
    0x72, 0x9F, 0x2D, 0x02, 0x17, 0xF0, 0xC1, 0x2B, 0xE1, 0xE2, 0x5A, 0xB8, 0x78, 0x07, 0x63, 0x5C,
    0x86, 0x48, 0x1A, 0x8C, 0xBC, 0x42, 0xD0, 0x7E, 0xD1, 0x01, 0x1C, 0x2B, 0x41, 0x71, 0x50, 0xBF,
    0x0E, 0x69, 0xA3, 0x4E, 0x01, 0xDE, 0x4E, 0x07, 0x88, 0x01, 0x3A, 0x00, 0x5F, 0xF4, 0x37, 0x20,
    0x42, 0x77, 0x77, 0x13, 0x03, 0xB1, 0x7F, 0x82, 0x87, 0x3C, 0x5E, 0x9C, 0xC0, 0xBB, 0xBF, 0x49,
    0xC7, 0xB3, 0xBC, 0xEB, 0xC7, 0xB2, 0xF0, 0x63, 0x5D, 0xF8, 0xA1, 0x2E, 0x92, 0xBE, 0xAC, 0xD2,
    0xCE, 0xBA, 0xAC, 0xB3, 0x6D, 0xD6, 0x82, 0x77, 0x9B, 0x84, 0x34, 0x50, 0x7F, 0x47, 0xC3, 0x60,
    0x08, 0xEC, 0xB7, 0xF7, 0x9C, 0x9A, 0x96, 0x20, 0x30, 0x9F, 0xC3, 0x0F, 0xDF, 0x76, 0xB0, 0xB9,
    0x4B, 0x47, 0xBC, 0xD1, 0xE5, 0x2D, 0x7E, 0x1A, 0xE3, 0x72, 0x67, 0x9D, 0xC1, 0xB0, 0x90, 0x06,
    0xE0, 0x84, 0xCF, 0x7C, 0x41, 0x08, 0xB4, 0x49, 0x0F, 0xCC, 0xCB, 0xE0, 0xB4, 0x8F, 0x12, 0xF2,
    0x02, 0x2A, 0x20, 0x39, 0x99, 0x97, 0xB5, 0xFB, 0x29, 0x62, 0xED, 0xAE, 0x90, 0x39, 0x6D, 0x51,
    0x6F, 0x15, 0x07, 0xB5, 0xE1, 0x46, 0x4C, 0x5E, 0x6B, 0x50, 0x50, 0x9C, 0x4A, 0x26, 0x75, 0x2D,
    0x36, 0x20, 0x60, 0x02, 0x2A, 0x8E, 0xBC, 0x38, 0xF8, 0x39, 0x30, 0x38, 0xE3, 0x29, 0x8C, 0x68,
    0xB8, 0x1E, 0x1B, 0x0E, 0x86, 0x75, 0xF9, 0x48, 0xE0, 0x17, 0x81, 0xA6, 0x04, 0xF2, 0x8D, 0xC0,
    0x53, 0x11, 0x13, 0xA6, 0x3F, 0xC7, 0x06, 0xF3, 0x4A, 0x36, 0x24, 0x97, 0x9E, 0x03, 0xA4, 0x55,
    0x50, 0x09, 0x90, 0x57, 0xA0, 0xAF, 0x20, 0xB0, 0x78, 0x89, 0xF9, 0xE8, 0x99, 0x90, 0x33, 0x80,
    0x21, 0x7F, 0xAD, 0x83, 0x2F, 0x6D, 0x85, 0x45, 0xCA, 0x42, 0xCB, 0xE4, 0x83, 0xE0, 0x90, 0x2C,
    0x9E, 0x91, 0xC2, 0x11, 0xAB, 0x23, 0xEE, 0x2F, 0x25, 0x12, 0x93, 0x71, 0xA8, 0xA3, 0xD6, 0xA1,
    0x26, 0x5A, 0x18, 0x8F, 0x89, 0x79, 0x0E, 0xF9, 0x10, 0xB1, 0x5A, 0x40, 0xFD, 0xE4, 0xD5, 0xFD,
    0x1D, 0x1A, 0x5E, 0x98, 0x79, 0xA6, 0x38, 0x0F, 0x56, 0xC7, 0x70, 0x9E, 0xFE, 0xDE, 0x3B, 0x6C,
    0xD5, 0x26, 0x73, 0xD6, 0xA5, 0x43, 0xD6, 0xE1, 0x07, 0x66, 0x67, 0x0D, 0x9C, 0xD8, 0xD0, 0x70,
    0x31, 0x9A, 0x66, 0x57, 0xB6, 0xB0, 0x28, 0xA9, 0x2C, 0xAA, 0xF8, 0xCD, 0x03, 0xFA, 0x37, 0xFC,
    0x07, 0xE5, 0x13, 0x78, 0xDB, 0x8F, 0x86, 0x13, 0xD1, 0x57, 0x97, 0xA1, 0x9F, 0x5E, 0x86, 0x7E,
    0x41, 0x99, 0x09, 0xF9, 0x8C, 0xEA, 0x68, 0xFE, 0x65, 0x20, 0xB5, 0x01, 0x9A, 0x01, 0x48, 0xB1,
    0x62, 0x9B, 0x4E, 0x79, 0x0B, 0xA4, 0xAD, 0x20, 0xBD, 0x0C, 0xA5, 0xF8, 0x3F, 0x6A, 0x55, 0xF9,
    0xA8, 0x41, 0x10, 0xB9, 0xE8, 0x2B, 0x5F, 0x45, 0xCD, 0xA2, 0x52, 0x01, 0x2C, 0x62, 0x71, 0x16,
    0xF9, 0xBB, 0xE4, 0x89, 0x5D, 0xD4, 0xDF, 0xAE, 0x6A, 0x5B, 0xBC, 0xB5, 0x4B, 0xAE, 0xC6, 0x87,
    0x0E, 0xB3, 0xC6, 0x48, 0x9E, 0xDC, 0xC9, 0xFD, 0x60, 0x7D, 0xF7, 0x33, 0x52, 0x2B, 0x6F, 0xF3,
    0x77, 0xA0, 0x4C, 0x81, 0x49, 0x30, 0x08, 0xA7, 0x8C, 0x5F, 0xDC, 0x34, 0x54, 0x52, 0xDC, 0x02,
    0x21, 0x58, 0x16, 0x6B, 0xC7, 0x5A, 0x2C, 0x2B, 0x1D, 0x14, 0x14, 0xC4, 0x4C, 0xE6, 0x9B, 0xDC,
    0xBF, 0x26, 0xA2, 0x8F, 0xE2, 0x42, 0xDD, 0x87, 0xE2, 0xE6, 0x32, 0x06, 0xCB, 0xBF, 0xF1, 0xFE,
    0x41, 0x51, 0xE5, 0x51, 0x9F, 0xFB, 0x0E, 0xC0, 0x62, 0x49, 0x8C, 0xD7, 0x00, 0xE6, 0x3D, 0xF7,
    0xAF, 0x87, 0xED, 0x8D, 0xB2, 0xD8, 0xAA, 0xFF, 0x99, 0xBB, 0x62, 0xC3, 0x58, 0x16, 0x34, 0x14,
    0x93, 0x05, 0xF6, 0x43, 0xE7, 0x98, 0x38, 0xF6, 0x0D, 0xF9, 0x89, 0xCA, 0x7A, 0xEE, 0x42, 0x4E,
    0xB4, 0xB2, 0x82, 0x11, 0xFF, 0xFB, 0xE7, 0x5E, 0x0F, 0x60, 0xCE, 0xE2, 0x69, 0x88, 0x07, 0x8B,
    0x20, 0x6A, 0x90, 0x4A, 0x13, 0xF6, 0xC4, 0xDB, 0xB0, 0x3D, 0xEE, 0xD9, 0x2C, 0x26, 0xEC, 0x04,
    0xD4, 0xEA, 0xA5, 0x2B, 0x80, 0xD4, 0x23, 0x7E, 0x86, 0xA4, 0x4F, 0xBB, 0x35, 0x98, 0x17, 0x8E,
    0x29, 0xF0, 0xA6, 0xF7, 0x1A, 0xA2, 0x79, 0xA6, 0x5E, 0x1E, 0x34, 0xD7, 0x65, 0xA6, 0xB8, 0x35,
    0x53, 0xCA, 0x02, 0xF8, 0xCA, 0x82, 0xDA, 0x97, 0x94, 0xE8, 0xB9, 0xEF, 0x8C, 0xFB, 0xD1, 0x86,
    0x45, 0x62, 0x11, 0xDA, 0x94, 0xDC, 0xD8, 0x4F, 0x76, 0x04, 0x3E, 0xFF, 0xEE, 0x14, 0x9C, 0x0F,
    0x32, 0xC2, 0x79, 0x26, 0xAC, 0x6F, 0x09, 0x23, 0x25, 0x99, 0x57, 0xA2, 0x38, 0x86, 0xA9, 0x1E,
    0xBD, 0xAA, 0x47, 0xB6, 0x3E, 0x08, 0x4C, 0x09, 0x94, 0xBD, 0x1E, 0x93, 0x5E, 0x0F, 0x69, 0x97,
    0xF4, 0x20, 0x0A, 0x21, 0x89, 0x9C, 0x24, 0xE1, 0xB2, 0x16, 0xEC, 0xD8, 0x08, 0x3B, 0x56, 0xD4,
    0x09, 0xB6, 0x82, 0xB2, 0x2F, 0xA0, 0xBC, 0x8B, 0x9D, 0xA0, 0xE0, 0x86, 0x8C, 0x9F, 0x9A, 0x29,
    0x7E, 0x89, 0x4E, 0x78, 0xA1, 0x63, 0xDA, 0x09, 0x2A, 0x11, 0x36, 0x83, 0xB4, 0x00, 0xA2, 0x03,
    0xD3, 0xF3, 0x84, 0xCD, 0x36, 0x36, 0xA3, 0x45, 0x7E, 0x4B, 0x15, 0x5F, 0x5B, 0xAA, 0x88, 0x39,
    0x8B, 0xBA, 0x90, 0x3F, 0x6C, 0xD5, 0x71, 0x1C, 0xCE, 0xEE, 0x85, 0xB5, 0xBB, 0xCB, 0xD7, 0x5E,
    0x63, 0x7F, 0x81, 0xC9, 0x70, 0xB6, 0xEC, 0x7F, 0xD8, 0x0A, 0x36, 0x42, 0xB4, 0x78, 0x12, 0x1E,
    0x2F, 0xD4, 0xAC, 0x79, 0xEE, 0xF0, 0x73, 0x3C, 0xA2, 0x72, 0xC5, 0x23, 0x5A, 0x49, 0x3D, 0xE2,
    0x15, 0xFD, 0xFD, 0x44, 0xAF, 0xB3, 0xC1, 0xE5, 0x44, 0xA2, 0x53, 0xD9, 0xB3, 0x89, 0xDB, 0x79,
    0xEE, 0xE7, 0xB9, 0x61, 0xC9, 0x68, 0x95, 0x48, 0xC2, 0xF1, 0xDA, 0x22, 0x6F, 0xD5, 0xCE, 0x87,
    0x75, 0x8C, 0xDD, 0x58, 0x50, 0x89, 0x51, 0x7F, 0x21, 0xC1, 0x27, 0x88, 0xAF, 0xAC, 0xD3, 0x03,
    0x79, 0x16, 0x5C, 0xFC, 0xF5, 0x28, 0xAD, 0x44, 0x68, 0x79, 0x3A, 0x48, 0x10, 0x68, 0xB7, 0x47,
    0xD0, 0x81, 0xFF, 0xC4, 0xF8, 0x18, 0xE1, 0x83, 0x33, 0x2B, 0xA5, 0xEB, 0xDD, 0x29, 0x1A, 0xA3,
    0x84, 0xBB, 0xC8, 0x6F, 0xBD, 0xAE, 0xD7, 0x63, 0xBD, 0xEE, 0x75, 0xD6, 0xFB, 0x4B, 0xD0, 0x0A,
    0xF4, 0x6F, 0x06, 0x3F, 0xBE, 0x75, 0x7E, 0x51, 0x7A, 0x4E, 0xC3, 0xEE, 0x1C, 0xC7, 0xE5, 0x1A,
    0x16, 0x0F, 0x46, 0x7F, 0x66, 0x32, 0xE2, 0x36, 0x1C, 0xF3, 0x93, 0x75, 0xE5, 0x35, 0xEF, 0x76,
    0x13, 0x7C, 0x9B, 0xDD, 0xDD, 0x59, 0xB6, 0x09, 0xF9, 0x7A, 0x6E, 0xC2, 0x5E, 0xF8, 0xA2, 0x1F,
    0xE5, 0x77, 0x51, 0x40, 0x50, 0x01, 0xB1, 0x50, 0x02, 0x98, 0xE7, 0x72, 0x1E, 0x38, 0x97, 0xFD,
    0x72, 0x61, 0x9B, 0x8D, 0x58, 0x81, 0x29, 0xC7, 0x41, 0xA9, 0xD4, 0x09, 0x54, 0x7E, 0xDA, 0xAA,
    0x39, 0x43, 0x7A, 0x9B, 0xAB, 0x7B, 0xA9, 0xCE, 0x11, 0x98, 0xA0, 0xAF, 0xD9, 0x02, 0xC6, 0xFD,
    0xF3, 0x13, 0xEB, 0xA2, 0x75, 0xCE, 0x90, 0xFE, 0xE5, 0x27, 0x67, 0x54, 0xD0, 0x63, 0x75, 0x91,
    0x75, 0x37, 0x5E, 0x82, 0xE9, 0xA2, 0x73, 0x7A, 0x90, 0x7E, 0x35, 0x67, 0xF8, 0xED, 0xC6, 0xF3,
    0xCF, 0xE9, 0x05, 0x54, 0x04, 0xF5, 0x66, 0x50, 0xEC, 0x58, 0x38, 0x62, 0x48, 0x2E, 0xA9, 0x99,
    0xB3, 0x53, 0xDB, 0x35, 0x70, 0x91, 0x6E, 0x19, 0xF9, 0x21, 0x9C, 0x4D, 0x2D, 0x96, 0x6C, 0x30,
    0xCC, 0x50, 0xFF, 0xE8, 0xA0, 0x2A, 0xD4, 0x41, 0xAC, 0x57, 0x76, 0xCA, 0x84, 0xE3, 0x71, 0x02,
    0xA3, 0x92, 0x4D, 0xF1, 0xAA, 0x5B, 0x9C, 0x40, 0xCB, 0x43, 0x4F, 0xFA, 0xC6, 0xAA, 0xB5, 0x6B,
    0x87, 0x04, 0xF4, 0x0E, 0x77, 0x7C, 0xAB, 0x07, 0x28, 0x32, 0xDD, 0xC7, 0xBE, 0x4B, 0x3A, 0xFD,
    0x2D, 0x38, 0x54, 0xFF, 0x77, 0x4C, 0x5B, 0xFD, 0x15, 0x2C, 0x4B, 0xBA, 0x29, 0x6B, 0xE0, 0x28,
    0xF2, 0x68, 0x69, 0x5C, 0xD6, 0xD8, 0xDB, 0x55, 0xE6, 0x20, 0x0C, 0x72, 0x97, 0x93, 0xD3, 0x33,
    0x4F, 0xBA, 0xC7, 0x54, 0xA4, 0x33, 0x4C, 0xD4, 0x64, 0x6F, 0xFA, 0x93, 0x96, 0x9F, 0xAE, 0x99,
    0x8F, 0x90, 0x83, 0x90, 0xFB, 0xFA, 0x2A, 0x42, 0xEE, 0xFA, 0x50, 0x6E, 0x3E, 0x3C, 0x7A, 0x7A,
    0x0E, 0xA0, 0xF9, 0xF5, 0x9D, 0x7D, 0xF0, 0x5E, 0xC0, 0x4B, 0xF8, 0x42, 0xEF, 0x5B, 0x96, 0x66,
    0xD1, 0xDD, 0xD9, 0x70, 0xED, 0xC7, 0x60, 0xB0, 0x70, 0xF6, 0xB0, 0x93, 0x72, 0xA2, 0xFD, 0x5E,
    0xC7, 0x20, 0xDD, 0x07, 0x03, 0x93, 0x82, 0x63, 0xF5, 0xD5, 0x2F, 0x7E, 0x3F, 0xA8, 0x1B, 0xF9,
    0x1F, 0x59, 0x0B, 0x10, 0xAA, 0xCA, 0xF6, 0x35, 0xDA, 0xDE, 0x06, 0xD1, 0x8A, 0x22, 0xCB, 0xA8,
    0x95, 0xA0, 0x15, 0x0D, 0x03, 0x83, 0x67, 0x49, 0x1F, 0x20, 0x8A, 0x46, 0x21, 0x2D, 0xE1, 0x17,
    0xE6, 0x74, 0x5D, 0x05, 0xFB, 0x07, 0xD4, 0x40, 0xDD, 0x6F, 0xED, 0x8F, 0x17, 0xFB, 0x21, 0xC7,
    0x69, 0x7A, 0xD2, 0x81, 0x5B, 0xD2, 0xAE, 0xA4, 0xFD, 0xF6, 0x36, 0xEC, 0x37, 0x4F, 0x61, 0x7F,
    0x4E, 0xFB, 0x61, 0xB5, 0xA9, 0x52, 0xDA, 0xAF, 0x49, 0xE8, 0x30, 0xDD, 0x4A, 0xC6, 0x4B, 0x81,
    0x09, 0x69, 0xF5, 0x9C, 0x88, 0xB8, 0xFA, 0xD9, 0x2E, 0x74, 0xC2, 0x3A, 0x51, 0x62, 0xED, 0xB2,
    0x57, 0x52, 0x3A, 0x34, 0xCB, 0xA3, 0x26, 0x57, 0x68, 0xBF, 0xB4, 0x69, 0xEA, 0xC8, 0xB3, 0x10,
    0xE3, 0x6B, 0x84, 0xEE, 0x10, 0xE9, 0x1A, 0x7B, 0x1E, 0xB9, 0x67, 0x83, 0x58, 0x17, 0xA8, 0x97,
    0x90, 0x21, 0x10, 0xB2, 0x05, 0x5E, 0xAF, 0x29, 0xA5, 0xEA, 0x02, 0xCE, 0xF3, 0xF8, 0x03, 0x59,
    0x53, 0x8A, 0x09, 0x0E, 0xED, 0xA4, 0x6D, 0x0D, 0x4B, 0x16, 0x80, 0xA3, 0xAD, 0x20, 0xF3, 0x3F,
    0x61, 0xC0, 0x78, 0x51, 0xBC, 0x22, 0x1D, 0x24, 0xC7, 0x5B, 0x01, 0x40, 0xBA, 0x30, 0x2D, 0x3A,
    0x3F, 0x28, 0x9C, 0xA0, 0x71, 0xA8, 0x6F, 0x38, 0x78, 0x08, 0x98, 0x7F, 0x3E, 0x41, 0x61, 0x41,
    0xA5, 0x81, 0x76, 0x8E, 0x66, 0x2C, 0xA6, 0xDD, 0x3B, 0x8C, 0xCD, 0xFB, 0x0B, 0x74, 0x84, 0x9F,
    0xDA, 0x96, 0xBD, 0x6B, 0xC4, 0xDF, 0x43, 0xAD, 0xF2, 0x5B, 0x09, 0xFC, 0x79, 0xBF, 0x9F, 0x0D,
    0xCA, 0x3C, 0x64, 0x43, 0xC9, 0x78, 0x1C, 0x2D, 0xAD, 0x19, 0x76, 0xF3, 0xFA, 0xFA, 0x6C, 0x48,
    0xBE, 0x41, 0xF7, 0xF7, 0x08, 0x6A, 0x17, 0xE9, 0xF0, 0x89, 0xD9, 0xCF, 0x86, 0x23, 0xF4, 0xA0,
    0x58, 0x09, 0x73, 0x07, 0x9C, 0x98, 0x35, 0x73, 0x05, 0xE2, 0x97, 0x9C, 0x9D, 0x77, 0xD2, 0xA5,
    0xB0, 0x1B, 0x05, 0x1C, 0x44, 0x2C, 0x56, 0x04, 0x0E, 0xAC, 0x97, 0xCA, 0x4C, 0xA6, 0x15, 0xA1,
    0xCD, 0xB9, 0xE1, 0x33, 0xAC, 0x61, 0xB6, 0x25, 0xFB, 0x4A, 0xD7, 0x2B, 0x2D, 0x2E, 0xB5, 0xAD,
    0x97, 0x5A, 0xD6, 0x98, 0x1E, 0x28, 0xBF, 0x61, 0xC3, 0xCB, 0xBD, 0x80, 0xD4, 0xF7, 0x74, 0x43,
    0xE9, 0xA8, 0xE8, 0xCB, 0x8F, 0x89, 0xB2, 0xC4, 0x5D, 0xFC, 0xF5, 0x74, 0x95, 0x87, 0x0B, 0x3D,
    0x85, 0xAA, 0xAA, 0x6F, 0xFA, 0xEA, 0x87, 0xB8, 0x47, 0xB0, 0xC6, 0x3F, 0xC6, 0x9C, 0xC0, 0xA1,
    0x27, 0xAC, 0x2D, 0x7F, 0x0A, 0x72, 0x57, 0x76, 0xC6, 0xF7, 0x5B, 0x0B, 0xB1, 0xCD, 0xEC, 0x10,
    0x5A, 0x8C, 0x9E, 0x12, 0x33, 0x9E, 0xF4, 0xC8, 0xB4, 0x87, 0x42, 0x43, 0xB3, 0x90, 0xF7, 0xC0,
    0xD5, 0xC2, 0x86, 0x82, 0xDA, 0x12, 0x55, 0x54, 0x94, 0x65, 0xDE, 0xE0, 0x5C, 0x44, 0xA5, 0x33,
    0xF7, 0x4C, 0x2B, 0x7D, 0x84, 0x48, 0x58, 0xD6, 0x47, 0xD6, 0xC5, 0x20, 0xFC, 0x74, 0xFF, 0x40,
    0xE9, 0x6F, 0x47, 0xF1, 0x37, 0x33, 0x9A, 0x8D, 0xC2, 0x46, 0x13, 0x34, 0xE7, 0x08, 0xE2, 0x8D,
    0x26, 0xA0, 0xDC, 0xC6, 0x51, 0xD2, 0xD7, 0xCF, 0x61, 0xD2, 0x03, 0x71, 0x25, 0x43, 0xDE, 0x01,
    0x53, 0x93, 0xED, 0xE0, 0xCA, 0x81, 0xCB, 0x34, 0x65, 0xC0, 0xE4, 0x4C, 0x13, 0x30, 0xAD, 0xCD,
    0x80, 0x92, 0x22, 0x47, 0xA6, 0x8F, 0x78, 0x75, 0x42, 0xE3, 0x36, 0xF9, 0xA5, 0x23, 0xAD, 0x44,
    0x79, 0xEB, 0x55, 0x73, 0xF4, 0x67, 0xF4, 0x4B, 0xBB, 0xC5, 0xAA, 0xB6, 0x9A, 0x4A, 0xB0, 0x42,
    0x55, 0xB1, 0x9B, 0xC3, 0xC3, 0x0E, 0xFF, 0xEA, 0x67, 0x30, 0x2F, 0x96, 0xF4, 0xF4, 0x4E, 0x6D,
    0x9D, 0x2B, 0xDE, 0xA5, 0x7B, 0x17, 0x09, 0x0F, 0x63, 0x56, 0x62, 0x65, 0xDF, 0x07, 0x1F, 0xF3,
    0xF0, 0x5B, 0x45, 0x2F, 0x2F, 0x12, 0x1E, 0xF6, 0xAC, 0x12, 0x1E, 0xB1, 0x4E, 0x57, 0x6F, 0x24,
    0x7C, 0x1B, 0xBA, 0xB6, 0xA8, 0x87, 0xFA, 0x9D, 0xCA, 0x20, 0x4B, 0x4C, 0xB7, 0x9F, 0xBB, 0x29,
    0x4A, 0xE4, 0x0A, 0x35, 0x18, 0x45, 0xF0, 0x49, 0x40, 0xFF, 0x23, 0xA0, 0xAF, 0x7D, 0x13, 0x7B,
    0x90, 0xF0, 0x74, 0x54, 0x24, 0x8B, 0x6B, 0x12, 0xA1, 0xD1, 0x42, 0x94, 0x91, 0x2A, 0xB9, 0x09,
    0x2F, 0xB0, 0x53, 0x08, 0x1A, 0xEE, 0xEF, 0x78, 0x80, 0x61, 0x59, 0xE2, 0x3E, 0x97, 0x90, 0xEB,
    0xAC, 0x21, 0xA2, 0xDD, 0x16, 0x5D, 0x53, 0xB7, 0xB0, 0x7A, 0x14, 0x7B, 0xF3, 0xF6, 0x96, 0x62,
    0x57, 0x92, 0x49, 0x09, 0x28, 0x02, 0xC5, 0xE5, 0xA1, 0x79, 0x3A, 0x21, 0x09, 0xE0, 0x7B, 0x0D,
    0x97, 0x1A, 0xE9, 0x38, 0x3D, 0x65, 0x17, 0x8A, 0xD7, 0x3D, 0xD8, 0xAF, 0xB7, 0xBD, 0xCC, 0xA1,
    0xB0, 0xD2, 0x97, 0x68, 0x30, 0xE3, 0x61, 0x52, 0x69, 0x63, 0xF7, 0xC3, 0x7A, 0x20, 0x4C, 0x0C,
    0x59, 0x11, 0x86, 0xC7, 0x21, 0x8C, 0xF9, 0x78, 0xD6, 0x0B, 0x2E, 0xC0, 0x02, 0xAA, 0xAC, 0xBD,
    0x05, 0x4C, 0x80, 0x04, 0x44, 0x5C, 0xD4, 0xB0, 0x11, 0x00, 0xE7, 0xD4, 0x75, 0x0B, 0x2C, 0xB7,
    0xC1, 0xA9, 0x8D, 0x6C, 0xCC, 0xAA, 0xCE, 0xF6, 0xD2, 0x90, 0x01, 0x20, 0x79, 0xF2, 0x7B, 0x8D,
    0xF8, 0x32, 0x99, 0xD5, 0xA1, 0xFD, 0xA8, 0xBB, 0xBC, 0x52, 0xE3, 0xA9, 0xF8, 0x12, 0x3C, 0xB7,
    0x97, 0x1F, 0x41, 0x90, 0x1D, 0xA4, 0x4B, 0x6B, 0x49, 0x09, 0xF6, 0x8C, 0x5A, 0x5F, 0xEB, 0xFD,
    0x99, 0x16, 0x62, 0xD3, 0x8A, 0xEC, 0xA8, 0x75, 0xED, 0xC2, 0xDF, 0x78, 0x08, 0xC3, 0xE2, 0xBA,
    0x6D, 0x02, 0x13, 0x0E, 0x94, 0x80, 0xA9, 0x6F, 0x4B, 0xDF, 0x60, 0xDB, 0x33, 0x8D, 0x42, 0xE8,
    0x15, 0x90, 0x89, 0x25, 0x8A, 0xCD, 0xA4, 0x72, 0x34, 0x88, 0x05, 0x1F, 0x60, 0x83, 0xD6, 0x11,
    0x79, 0x7D, 0xBE, 0xC1, 0x60, 0x61, 0x07, 0x42, 0xAF, 0x3C, 0x33, 0xFB, 0x22, 0x90, 0xE7, 0xF5,
    0x4C, 0xF4, 0xC5, 0x4E, 0x9F, 0xB3, 0xA4, 0x2A, 0x80, 0xE2, 0xE1, 0xA1, 0x17, 0xB5, 0x0A, 0xAC,
    0x58, 0xBF, 0x11, 0x27, 0x9D, 0xD7, 0x5F, 0xAD, 0xC9, 0x5D, 0xF3, 0x2F, 0xF6, 0xB3, 0x74, 0xE4,
    0xF0, 0x32, 0x67, 0x82, 0x6C, 0x76, 0x7A, 0xAA, 0xCB, 0x70, 0xB2, 0x84, 0x1C, 0xB3, 0xD1, 0x49,
    0xFC, 0x60, 0x7C, 0x6F, 0x51, 0x0F, 0xA5, 0x09, 0xB5, 0xDE, 0x95, 0xB4, 0xBA, 0x5A, 0x7C, 0x88,
    0x5F, 0x88, 0x3F, 0xF4, 0x40, 0x14, 0x64, 0xDD, 0x8F, 0xF1, 0xF2, 0xF4, 0x8E, 0x0A, 0x34, 0x97,
    0x13, 0xCF, 0xDB, 0x6B, 0x0E, 0x63, 0x03, 0x54, 0x73, 0x44, 0x11, 0xCF, 0xCC, 0x73, 0x29, 0xCF,
    0x8D, 0x50, 0x71, 0x50, 0x03, 0x60, 0x22, 0x80, 0xE4, 0xAC, 0xAF, 0x28, 0xB2, 0x03, 0x40, 0x73,
    0x2B, 0x87, 0x72, 0x66, 0xD1, 0x1D, 0x42, 0xDD, 0x65, 0x9C, 0xB0, 0x19, 0x84, 0xAD, 0xA3, 0xCE,
    0x25, 0x93, 0x32, 0x3A, 0x85, 0x8E, 0xCD, 0xEF, 0x18, 0x4C, 0x2C, 0x27, 0x2E, 0x6A, 0x4F, 0x43,
    0x2F, 0x41, 0x21, 0xB9, 0x11, 0x91, 0x22, 0x24, 0xAB, 0xF0, 0x43, 0x39, 0x50, 0x8B, 0x08, 0xA8,
    0x51, 0x17, 0xEA, 0x9B, 0x10, 0x19, 0x58, 0xC9, 0x8E, 0x88, 0xDB, 0x76, 0x5C, 0x34, 0x6A, 0xBA,
    0x99, 0xAE, 0x19, 0x79, 0x49, 0x01, 0xE6, 0x83, 0x98, 0xDC, 0x07, 0x75, 0x56, 0xDC, 0x61, 0x95,
    0x5A, 0x35, 0x76, 0x4C, 0x8D, 0xAD, 0x3E, 0x50, 0xD7, 0x8E, 0xFF, 0x93, 0xD4, 0x01, 0x3B, 0x32,
    0xC8, 0x87, 0x72, 0xB4, 0x8F, 0x0D, 0xEA, 0xB7, 0xEC, 0x15, 0x58, 0x5A, 0xE3, 0x47, 0x80, 0x1F,
    0x7F, 0xDA, 0x2C, 0x5F, 0x77, 0xFB, 0xB9, 0x6B, 0xB5, 0x86, 0xB1, 0x9F, 0x03, 0xC9, 0xDB, 0x6F,
    0x87, 0xC1, 0xFF, 0x8F, 0xDA, 0x3D, 0xAD, 0xB2, 0xF7, 0xB0, 0xC2, 0x8C, 0x0C, 0x8C, 0x51, 0xBE,
    0x55, 0xF2, 0x8F, 0xEE, 0xFF, 0x63, 0x8B, 0x1E, 0xB0, 0xCA, 0x97, 0xA8, 0x05, 0xEF, 0xB5, 0xEA,
    0x4E, 0x56, 0xEC, 0x63, 0xC3, 0x2B, 0xA3, 0x74, 0x67, 0x50, 0x66, 0xCF, 0xA1, 0xFC, 0xAC, 0x7E,
    0x11, 0xE5, 0x0D, 0x15, 0x54, 0x1B, 0xF4, 0x0E, 0x15, 0x6C, 0x2F, 0x11, 0xA0, 0x96, 0x23, 0xBF,
    0xB2, 0xCF, 0x49, 0x39, 0x94, 0xA8, 0xEC, 0x08, 0xEC, 0xFB, 0xA1, 0xE6, 0xA7, 0xDC, 0x2E, 0x97,
    0x10, 0xB5, 0xB2, 0xE1, 0xC4, 0x6A, 0xAB, 0x3B, 0x53, 0xAC, 0x52, 0x4E, 0xE5, 0x80, 0x5E, 0x13,
    0x7B, 0x07, 0xF1, 0x8D, 0x1A, 0x81, 0xF5, 0xB1, 0x27, 0x67, 0xB4, 0x0F, 0x31, 0x78, 0xAF, 0xA8,
    0xF5, 0xF7, 0xF8, 0x5E, 0xA7, 0xFF, 0x69, 0xD0, 0x3C, 0x64, 0x0F, 0x3F, 0x87, 0x63, 0xF2, 0x3F,
    0x3C, 0x42, 0x55, 0xB4, 0xEF, 0x7D, 0x01, 0x33, 0xCB, 0xF4, 0x31, 0x48, 0xFB, 0x41, 0xFA, 0x18,
    0xED, 0xCC, 0x98, 0x3E, 0xC5, 0xDC, 0xA7, 0x4C, 0xF0, 0x2E, 0xF1, 0xEC, 0x4B, 0x12, 0xD2, 0xB4,
    0x63, 0xA5, 0x65, 0x07, 0x40, 0x4B, 0x81, 0x2B, 0x79, 0x06, 0xA3, 0x4D, 0x35, 0xAE, 0x42, 0xD6,
    0xAB, 0xB9, 0x8C, 0x7D, 0x34, 0x95, 0xDA, 0xEB, 0xB1, 0x4C, 0x7C, 0xD2, 0x97, 0xD9, 0xD3, 0xB4,
    0xB3, 0xD9, 0x5F, 0xB3, 0xC6, 0x1A, 0x03, 0x1F, 0x58, 0x03, 0x17, 0xDC, 0x35, 0xA5, 0xB2, 0xF7,
    0xCD, 0x29, 0xCA, 0xBD, 0x01, 0x99, 0x77, 0x66, 0x08, 0x1D, 0x92, 0x6D, 0xA8, 0xF5, 0xD8, 0xCF,
    0x95, 0x54, 0x03, 0xA7, 0x2A, 0x69, 0xCD, 0x62, 0x5E, 0xD6, 0x95, 0x05, 0x75, 0x33, 0x35, 0x34,
    0xB4, 0xF4, 0xA7, 0x28, 0x74, 0x80, 0x9E, 0x3D, 0x85, 0x98, 0x00, 0x5D, 0xA4, 0xC8, 0x62, 0xC2,
    0x64, 0xCD, 0xBF, 0xA8, 0x66, 0x65, 0x92, 0x0B, 0xEC, 0xE6, 0x34, 0xF3, 0x32, 0x83, 0xCD, 0xCA,
    0x46, 0x4B, 0xEF, 0x88, 0x28, 0xF0, 0x98, 0x10, 0x11, 0x11, 0xC5, 0xAF, 0x1A, 0xF9, 0xF6, 0xC4,
    0x57, 0x27, 0xD6, 0xAE, 0x99, 0x75, 0xE8, 0x94, 0x45, 0xE8, 0x94, 0x67, 0x7B, 0x3C, 0xAD, 0x07,
    0xC1, 0x2A, 0x1D, 0x0A, 0x2A, 0x9F, 0x90, 0x52, 0x25, 0xA7, 0x4F, 0xD1, 0xAE, 0x6A, 0x3E, 0x51,
    0x33, 0x65, 0xEA, 0xF5, 0x9C, 0xD4, 0x7D, 0xD4, 0x17, 0x16, 0xE2, 0xE1, 0xEE, 0x26, 0x8F, 0x0E,
    0x67, 0x5C, 0xB4, 0xDB, 0x44, 0x15, 0x9B, 0x26, 0xCA, 0xB3, 0x17, 0xF3, 0x53, 0x24, 0x3D, 0x1C,
    0xB5, 0x19, 0x01, 0x23, 0x9E, 0xA3, 0x65, 0x51, 0xCA, 0x1C, 0x46, 0x59, 0xC9, 0x4B, 0x10, 0x0B,
    0xF3, 0xF6, 0x12, 0x0A, 0x31, 0x2A, 0xA6, 0xAF, 0x6A, 0x69, 0x5B, 0x69, 0xA3, 0x5F, 0x24, 0x4A,
    0x50, 0xE1, 0x58, 0xD3, 0x41, 0x8D, 0x55, 0x6C, 0x2A, 0x83, 0x92, 0x1E, 0x03, 0x28, 0x4A, 0x97,
    0xFA, 0xCC, 0x25, 0x14, 0x6D, 0x2B, 0x2A, 0x8C, 0x4E, 0x33, 0xCB, 0x7A, 0x65, 0x15, 0x1A, 0x3E,
    0x75, 0x58, 0xAC, 0xEC, 0x14, 0x56, 0x65, 0x10, 0xF7, 0x2F, 0xC1, 0xEA, 0xCE, 0xC1, 0x3A, 0x6E,
    0xB1, 0xA6, 0xAE, 0x64, 0x03, 0x35, 0x2E, 0x41, 0xBF, 0x6D, 0xA0, 0x08, 0x96, 0x68, 0x55, 0x80,
    0x1B, 0x74, 0xAF, 0x44, 0x03, 0x10, 0x07, 0x2E, 0x20, 0x66, 0x41, 0x18, 0xFA, 0xA0, 0x52, 0xAE,
    0xC3, 0x74, 0x02, 0xDF, 0xB9, 0x4E, 0xEC, 0x54, 0x64, 0x95, 0x0A, 0x9E, 0xBE, 0x0B, 0xF5, 0x66,
    0x3F, 0x84, 0x78, 0x62, 0x69, 0x1A, 0xF7, 0x83, 0xAF, 0x0C, 0x26, 0xFC, 0x13, 0x03, 0xFC, 0x85,
    0x82, 0x8E, 0x1D, 0x98, 0x7B, 0x5E, 0xA4, 0xED, 0x0A, 0x58, 0xA2, 0x9D, 0xB6, 0xDA, 0x90, 0x34,
    0xC0, 0xA5, 0xA5, 0x77, 0x2C, 0x94, 0xFA, 0x1F, 0xCD, 0x57, 0x3D, 0xAF, 0xE5, 0x56, 0x15, 0x3D,
    0xF6, 0x81, 0xB1, 0x14, 0x17, 0x87, 0x22, 0x42, 0xC0, 0x14, 0x6E, 0x52, 0x80, 0x84, 0xE4, 0x86,
    0x06, 0x69, 0x66, 0xEC, 0x11, 0xC5, 0x14, 0x29, 0x92, 0x22, 0x3D, 0x29, 0x28, 0x10, 0x8A, 0x34,
    0x7F, 0x20, 0x89, 0x1D, 0x28, 0x29, 0x78, 0xFF, 0x20, 0x14, 0x14, 0x50, 0xD1, 0x50, 0x04, 0x69,
    0x66, 0x8E, 0x99, 0x14, 0x29, 0x52, 0xE0, 0x64, 0x0A, 0x0A, 0x8A, 0x71, 0x34, 0x41, 0xD0, 0xE5,
    0xCC, 0xC4, 0x64, 0x1C, 0x62, 0xFB, 0xB0, 0xD6, 0xDE, 0xBE, 0x1F, 0xEF, 0x25, 0x9A, 0x08, 0xDE,
    0xBC, 0xC0, 0x7D, 0xEF, 0x1E, 0xDF, 0x0F, 0xDF, 0x73, 0xD6, 0xFE, 0x5A, 0x7B, 0x6D, 0x63, 0x8C,
    0xA9, 0x3A, 0x73, 0x29, 0xB6, 0x4D, 0x6D, 0xAA, 0x38, 0x45, 0x93, 0xC4, 0x18, 0x67, 0x63, 0xD7,
    0x34, 0x06, 0x93, 0x4F, 0x26, 0xD6, 0xA6, 0x08, 0x06, 0x5F, 0x96, 0x3D, 0x57, 0xDC, 0xCB, 0xB5,
    0xE5, 0x8A, 0x7F, 0x6F, 0xB8, 0x46, 0xAE, 0xC9, 0xCA, 0xD5, 0x2E, 0xDC, 0x2F, 0x9F, 0xB1, 0x0E,
    0x65, 0x30, 0xA6, 0x88, 0xB1, 0x37, 0x26, 0x8B, 0xB8, 0xC5, 0x18, 0xFF, 0xA1, 0x91, 0x47, 0xD9,
    0xE9, 0xA9, 0xCD, 0x50, 0xD5, 0x36, 0x2E, 0xAB, 0x71, 0x31, 0x4E, 0xA6, 0x1C, 0x7C, 0x8B, 0x4F,
    0x65, 0x63, 0x1C, 0xE0, 0x75, 0x67, 0x59, 0x70, 0x4C, 0xE4, 0x29, 0xFE, 0x47, 0xD8, 0xBE, 0xC1,
    0xBD, 0xA6, 0x8C, 0x83, 0x31, 0x97, 0xD6, 0x5A, 0x37, 0x74, 0xC1, 0xCE, 0xA6, 0x79, 0x61, 0xB0,
    0x93, 0xF1, 0x65, 0xC7, 0x35, 0xB6, 0xD9, 0x68, 0xE2, 0x6A, 0xF2, 0x60, 0xE2, 0x87, 0xF8, 0x3E,
    0xC1, 0x0F, 0xDD, 0x90, 0x02, 0x57, 0xD1, 0xE3, 0x5E, 0x40, 0xD8, 0xD6, 0x89, 0x48, 0x70, 0x2F,
    0x6C, 0xC2, 0xBD, 0x38, 0xCE, 0x05, 0xBE, 0x2E, 0x80, 0xBA, 0xEA, 0x9B, 0x8E, 0x27, 0xC1, 0x05,
    0x40, 0x88, 0x0D, 0xE0, 0x9B, 0x5E, 0x0F, 0x4C, 0xF9, 0xCE, 0xCE, 0x2E, 0xB8, 0xBF, 0x8F, 0x6E,
    0x28, 0xE2, 0x50, 0xF4, 0x65, 0x6C, 0xCB, 0xAE, 0xFC, 0x07, 0xF6, 0x84, 0x65, 0x55, 0x0B, 0x0B,
    0xAA, 0x56, 0x6C, 0x01, 0x78, 0x2F, 0xE0, 0x53, 0x78, 0xC8, 0xDF, 0xE0, 0xC2, 0xCD, 0xAA, 0x79,
    0x26, 0xA4, 0x59, 0x37, 0x34, 0x79, 0xD7, 0xE8, 0x0B, 0xFB, 0x68, 0xDA, 0xCE, 0xA0, 0x89, 0xF2,
    0x88, 0x9D, 0x39, 0x3C, 0x3C, 0x8C, 0x8E, 0xDC, 0x20, 0x22, 0x40, 0xDB, 0x8B, 0x39, 0x61, 0xCC,
    0x92, 0x25, 0xC3, 0xE6, 0xC5, 0x68, 0x52, 0xBC, 0x67, 0x00, 0xF0, 0x82, 0x07, 0xE3, 0xE7, 0x30,
    0xD6, 0x63, 0x43, 0xEC, 0x0E, 0xDF, 0x98, 0x0C, 0x3F, 0xA2, 0x7B, 0x8C, 0x83, 0xDD, 0xF4, 0x10,
    0xEF, 0x85, 0x93, 0xE8, 0xE9, 0x8E, 0x2F, 0xD2, 0x85, 0x1B, 0x00, 0x9D, 0x9D, 0x19, 0x50, 0xF8,
    0xCC, 0x4D, 0x6E, 0x92, 0xC8, 0x35, 0x81, 0x61, 0x45, 0xAA, 0xC4, 0xAE, 0x89, 0x11, 0x46, 0xC2,
    0xC9, 0x9E, 0x2E, 0xAA, 0xE2, 0x89, 0xBE, 0x90, 0xC7, 0xED, 0x2C, 0x08, 0xD2, 0xEA, 0x66, 0x2B,
    0x40, 0x8B, 0x28, 0x38, 0x8D, 0xDB, 0xC1, 0x34, 0x82, 0x12, 0xB8, 0x3B, 0x82, 0x4C, 0xB1, 0x15,
    0x31, 0x5A, 0x6C, 0x20, 0x10, 0x91, 0x4D, 0x82, 0x30, 0x9B, 0x14, 0x20, 0xC0, 0x09, 0x3E, 0xF8,
    0x96, 0xF0, 0x8C, 0xAF, 0x05, 0x1D, 0x93, 0x8E, 0xE0, 0xB2, 0x49, 0xB1, 0x49, 0xF0, 0xB0, 0x27,
    0x32, 0x59, 0x90, 0xE9, 0xF5, 0x04, 0x39, 0x33, 0xD2, 0xB5, 0x63, 0x99, 0xE0, 0xC6, 0x2C, 0xB8,
    0x77, 0x07, 0x1A, 0x9E, 0x01, 0x3F, 0x73, 0x47, 0x6D, 0x15, 0xE7, 0xBE, 0xD0, 0x37, 0x71, 0xB0,
    0xF1, 0xA3, 0xCE, 0xC7, 0x01, 0x59, 0xD9, 0x21, 0x7D, 0xCB, 0x00, 0x07, 0xFA, 0x16, 0x99, 0xD9,
    0xC2, 0x2B, 0x0D, 0x82, 0x2A, 0xDE, 0x6C, 0x36, 0x87, 0x21, 0x4D, 0x70, 0x81, 0x13, 0x60, 0x68,
    0x22, 0x7E, 0x8B, 0x76, 0x61, 0x72, 0xF9, 0x38, 0x3B, 0x42, 0x58, 0xE7, 0x02, 0x51, 0xCA, 0xC7,
    0xA9, 0x64, 0xB0, 0x3C, 0x01, 0x33, 0x2A, 0x28, 0x82, 0x95, 0xB9, 0xC7, 0xCC, 0xAC, 0x5A, 0x66,
    0x66, 0x53, 0x73, 0xF5, 0xB5, 0xFC, 0x98, 0x91, 0xA2, 0xFD, 0xC0, 0x2D, 0x59, 0x8C, 0xDB, 0x70,
    0x1E, 0x6E, 0xC0, 0x8A, 0x1B, 0x00, 0x17, 0x2B, 0x76, 0xC2, 0x6D, 0xD8, 0x09, 0xB7, 0x55, 0x71,
    0xC6, 0x6D, 0x58, 0x1D, 0xD7, 0x49, 0xED, 0x29, 0x24, 0x5F, 0x1B, 0xA9, 0x37, 0x1A, 0x0B, 0x34,
    0xFC, 0xA0, 0x1A, 0x8F, 0x12, 0xCA, 0x14, 0x2C, 0x36, 0x7A, 0x36, 0xCA, 0x8A, 0x3B, 0xCA, 0x9A,
    0xA8, 0x18, 0x22, 0x62, 0xD0, 0x95, 0xA8, 0x56, 0x1E, 0x87, 0xAF, 0x32, 0xE6, 0x18, 0x51, 0x59,
    0xC5, 0x33, 0xED, 0xD6, 0x81, 0x5F, 0xE1, 0x50, 0x7C, 0x55, 0x32, 0x52, 0x82, 0x67, 0xE0, 0x8A,
    0x0F, 0x81, 0x4A, 0xF1, 0x48, 0xFD, 0xF3, 0x28, 0x7A, 0x9C, 0xA8, 0x0A, 0xA1, 0x87, 0x42, 0xCE,
    0x64, 0x4E, 0x02, 0xCF, 0x2D, 0x78, 0x73, 0x35, 0x2B, 0x32, 0x71, 0x31, 0x13, 0xD1, 0xA4, 0xB3,
    0x1D, 0xED, 0x9C, 0x8D, 0x76, 0x42, 0xE0, 0x46, 0x17, 0xF2, 0xE0, 0x06, 0x17, 0x10, 0xFC, 0x50,
    0x74, 0x6E, 0x28, 0xBB, 0xA2, 0xAF, 0x3A, 0xD4, 0x1E, 0xE3, 0x04, 0xFA, 0xF0, 0x52, 0x78, 0x4D,
    0xCD, 0x8D, 0x61, 0x10, 0x37, 0x10, 0xB7, 0xC2, 0xA9, 0x3E, 0xE8, 0xA9, 0xBE, 0x4B, 0x66, 0x64,
    0x12, 0x13, 0x90, 0x29, 0x08, 0xF2, 0x40, 0x3E, 0xC5, 0x80, 0x53, 0x26, 0x70, 0x5F, 0x86, 0x43,
    0xEC, 0x63, 0x9C, 0x95, 0x07, 0xFB, 0xC9, 0x9C, 0xE3, 0x28, 0xFB, 0x70, 0xE6, 0x89, 0x59, 0x58,
    0x5C, 0xEF, 0x86, 0x3C, 0xF8, 0x02, 0x67, 0xBA, 0xA1, 0x41, 0xD5, 0x77, 0xAE, 0x47, 0xA2, 0x57,
    0x9D, 0x43, 0xE2, 0xE1, 0x70, 0x7C, 0x41, 0xE2, 0xC2, 0xC7, 0xC8, 0x0F, 0xBC, 0x77, 0x92, 0x26,
    0x75, 0xBE, 0x92, 0xCF, 0x0C, 0x2A, 0x6A, 0x3D, 0x90, 0x08, 0xD2, 0x51, 0x28, 0xC0, 0x4A, 0x86,
    0xE2, 0x22, 0x71, 0xB3, 0x3B, 0x66, 0xDB, 0x1E, 0xC9, 0x28, 0x70, 0x61, 0x02, 0xE1, 0x5A, 0x85,
    0x9B, 0x06, 0x81, 0x4B, 0xA6, 0x00, 0x2A, 0x00, 0x24, 0x5C, 0x54, 0x85, 0xC0, 0xED, 0x05, 0x6E,
    0xD1, 0x0B, 0xDC, 0xB2, 0x13, 0xB8, 0x00, 0x48, 0xB8, 0x00, 0x44, 0xB8, 0xA0, 0xBA, 0xAE, 0x8C,
    0x75, 0x63, 0x04, 0xAE, 0x37, 0x02, 0x17, 0x15, 0x46, 0xB8, 0xAB, 0xC0, 0x85, 0xD7, 0x08, 0x37,
    0x55, 0x8E, 0xDA, 0x2E, 0x56, 0x2F, 0xB9, 0xC0, 0x05, 0x00, 0x73, 0xC4, 0x8B, 0xBB, 0xEA, 0x9F,
    0x0E, 0x37, 0xEA, 0x9A, 0x6C, 0x09, 0x67, 0x83, 0xAF, 0xE1, 0xD0, 0x8F, 0x63, 0xC7, 0xB2, 0x43,
    0x89, 0x0D, 0xD9, 0x0A, 0x12, 0xED, 0xF3, 0x49, 0x43, 0xC9, 0x40, 0xF2, 0x3D, 0x91, 0x22, 0xA0,
    0xA0, 0x61, 0x54, 0x75, 0x4D, 0x4A, 0x6D, 0x90, 0x2F, 0x0C, 0x2B, 0x02, 0x8C, 0xA0, 0x56, 0x80,
    0xBD, 0x02, 0x9C, 0x3F, 0xE4, 0xE9, 0xEE, 0xA8, 0x4C, 0x0E, 0x57, 0x6F, 0xAA, 0x33, 0x05, 0xD5,
    0x6D, 0x4B, 0x6A, 0x28, 0xBA, 0x2D, 0xD9, 0xDC, 0xBC, 0xCF, 0x7E, 0xDE, 0x59, 0xF1, 0x47, 0x0D,
    0x97, 0x75, 0x66, 0xB6, 0x60, 0xB1, 0x9F, 0xCE, 0xE4, 0x88, 0x1D, 0x49, 0x97, 0x9D, 0xD4, 0x29,
    0x2B, 0xB8, 0x16, 0xCE, 0x5D, 0xE1, 0x76, 0x2C, 0xB0, 0x22, 0x32, 0xDD, 0x3D, 0x93, 0x9F, 0x4E,
    0x64, 0xA8, 0xD1, 0x1E, 0x8D, 0x99, 0xB3, 0xC1, 0xBC, 0x8E, 0x97, 0x25, 0xA2, 0xED, 0x36, 0x4E,
    0xF7, 0xCF, 0xF7, 0x36, 0xDE, 0xEF, 0xC8, 0x2C, 0xA0, 0x15, 0xE1, 0x14, 0x12, 0x0A, 0xD9, 0x24,
    0x4A, 0x97, 0x40, 0x8A, 0x30, 0x27, 0x6F, 0x2C, 0xA4, 0x0F, 0x72, 0x87, 0xC9, 0x3F, 0xC0, 0x6F,
    0x6F, 0x61, 0xAF, 0xAA, 0xDC, 0xF6, 0xDA, 0xA0, 0x47, 0xF6, 0xEA, 0x55, 0x73, 0x9A, 0x15, 0xC5,
    0x7A, 0xC2, 0x71, 0xEC, 0x98, 0xF2, 0xF4, 0xBC, 0xE7, 0x90, 0xFE, 0xF4, 0x11, 0x9F, 0xD2, 0xF7,
    0xD8, 0xB1, 0xE1, 0x16, 0x8F, 0x67, 0x79, 0x7D, 0x76, 0xEF, 0x80, 0x0A, 0x3B, 0xA1, 0x41, 0x7E,
    0xCD, 0xFF, 0x89, 0x85, 0x9C, 0x0B, 0xE9, 0xC2, 0x2E, 0xFC, 0xA3, 0x72, 0x71, 0x88, 0xB4, 0x36,
    0x78, 0x5F, 0x0E, 0xC8, 0xFA, 0x0A, 0xF7, 0xFF, 0x93, 0x70, 0x24, 0x0D, 0xFC, 0x71, 0x9B, 0xA2,
    0xA4, 0x20, 0xE9, 0x8C, 0x14, 0x14, 0x8B, 0xE8, 0x09, 0x7A, 0x21, 0x52, 0x4D, 0xF8, 0x5A, 0xC4,
    0x84, 0x68, 0x89, 0x06, 0xE4, 0x53, 0x53, 0x49, 0xD4, 0x5E, 0x3A, 0x3D, 0x75, 0x84, 0xC8, 0x08,
    0x51, 0x11, 0x22, 0x22, 0x44, 0x43, 0x64, 0xD2, 0x5A, 0x44, 0x41, 0x4C, 0x79, 0x6F, 0xEE, 0x00,
    0x43, 0xB5, 0x6C, 0xD1, 0x63, 0xEC, 0xC0, 0x87, 0x6C, 0x2F, 0x70, 0x0A, 0x74, 0x44, 0x4D, 0x12,
    0xD8, 0xD1, 0x40, 0x94, 0xA7, 0x17, 0x05, 0x41, 0x01, 0x41, 0xFD, 0x40, 0xF9, 0x20, 0xEA, 0xC1,
    0x75, 0x77, 0x60, 0xC8, 0x83, 0x69, 0x57, 0x79, 0x42, 0x92, 0xBB, 0x07, 0x45, 0x85, 0x92, 0x7D,
    0x36, 0x29, 0x17, 0x4B, 0xA8, 0x57, 0xD5, 0x13, 0x22, 0x27, 0x44, 0x4D, 0x94, 0x3D, 0xFC, 0x25,
    0x2A, 0x02, 0xA0, 0x47, 0x55, 0x12, 0x4D, 0xEB, 0xB8, 0xC0, 0x50, 0x91, 0x11, 0xA2, 0x22, 0x44,
    0x44, 0x24, 0x72, 0x0E, 0x93, 0xA3, 0x29, 0x4F, 0x25, 0x07, 0xB3, 0x9F, 0x59, 0xCF, 0x9C, 0xD7,
    0x3F, 0xAA, 0x08, 0xFE, 0xD1, 0x16, 0x2F, 0x16, 0x50, 0x43, 0x50, 0x42, 0x34, 0xD8, 0x89, 0x02,
    0x42, 0x52, 0x33, 0x8D, 0x0C, 0x6B, 0xDC, 0x65, 0xB4, 0x7D, 0x0F, 0xC1, 0xC8, 0x1F, 0xC0, 0x31,
    0xD9, 0xFB, 0xE1, 0xAB, 0xB1, 0xA6, 0x8C, 0x64, 0xF7, 0x43, 0xF8, 0xAF, 0x15, 0xC8, 0x10, 0x44,
    0xE8, 0x6A, 0x79, 0x3E, 0xCB, 0x4C, 0xF2, 0x5B, 0x23, 0x9A, 0x05, 0x7B, 0x90, 0x61, 0xB8, 0x5D,
    0xF6, 0x27, 0x9A, 0x77, 0x0F, 0x4B, 0x76, 0x77, 0xF8, 0x6A, 0xCC, 0x33, 0xDF, 0x69, 0xB5, 0xB4,
    0x10, 0xAC, 0x74, 0x4B, 0xB8, 0xAB, 0x05, 0x38, 0xA5, 0xAC, 0xCD, 0xAB, 0xE7, 0x34, 0x31, 0xA9,
    0xBF, 0x8D, 0x4D, 0xC3, 0xAD, 0x5D, 0x11, 0xB1, 0x8A, 0xFF, 0x07, 0x11, 0xFC, 0x56, 0x72, 0x62,
    0x0A, 0xD4, 0x55, 0x1E, 0xF7, 0x0C, 0x8F, 0x28, 0x9A, 0xA7, 0x12, 0x45, 0x65, 0x67, 0x59, 0x5E,
    0x17, 0xC6, 0xDD, 0x27, 0xE9, 0x3D, 0x9A, 0x78, 0xF7, 0xAB, 0x4A, 0xD2, 0x4E, 0xB3, 0x08, 0x95,
    0x67, 0x92, 0x70, 0x88, 0xE2, 0xEB, 0x8C, 0x62, 0x71, 0x2E, 0x13, 0x13, 0xF0, 0x52, 0x06, 0x2E,
    0xE6, 0x9C, 0x93, 0x88, 0xB8, 0x40, 0x18, 0x6F, 0xC6, 0x2E, 0x27, 0xCF, 0x43, 0xDA, 0x02, 0x4F,
    0x2D, 0x44, 0x04, 0x5E, 0xAF, 0x36, 0xFA, 0xC9, 0xA4, 0xC5, 0x17, 0x84, 0x56, 0xEE, 0xC6, 0x8A,
    0x6D, 0x3C, 0x72, 0xDC, 0x00, 0xE4, 0x20, 0x75, 0x74, 0xC1, 0x5D, 0xEA, 0xF3, 0xA5, 0xAB, 0x41,
    0x7F, 0xAD, 0x7C, 0x72, 0xC7, 0xAA, 0xBF, 0xA4, 0x63, 0xA9, 0x51, 0xD5, 0xA9, 0xD1, 0xC5, 0xA4,
    0x83, 0x68, 0x00, 0x2E, 0xC3, 0x85, 0xF7, 0x5F, 0x9E, 0x7D, 0x7C, 0x3E, 0x0F, 0xE7, 0xD9, 0xB6,
    0x3F, 0xA7, 0x65, 0xBB, 0x87, 0x53, 0x72, 0xD8, 0x5F, 0x8E, 0x82, 0x08, 0x68, 0x3C, 0xD9, 0xEA,
    0x05, 0x47, 0xB0, 0xAF, 0x14, 0x7F, 0x95, 0xAC, 0xAB, 0xDE, 0x95, 0x8B, 0xE7, 0xAC, 0x82, 0x39,
    0x47, 0x84, 0xBA, 0xC5, 0x8C, 0x40, 0x73, 0x27, 0xB9, 0xB8, 0x50, 0xF2, 0x52, 0xF5, 0xE4, 0x1C,
    0x23, 0x63, 0x16, 0x2D, 0x66, 0x03, 0xE4, 0xC6, 0xAA, 0x19, 0xBD, 0xD1, 0x91, 0x0D, 0xAC, 0x51,
    0x0E, 0x72, 0xC1, 0x2C, 0x11, 0xB5, 0x89, 0x49, 0x27, 0x8F, 0xA2, 0x32, 0xE3, 0x72, 0x98, 0x1C,
    0x9F, 0x7F, 0x73, 0x04, 0xA4, 0xFB, 0xF8, 0x88, 0x88, 0xD8, 0x29, 0x63, 0x80, 0xB7, 0xBA, 0x06,
    0xEA, 0x0A, 0x09, 0x7A, 0x9D, 0x66, 0xD3, 0x54, 0x5C, 0xB1, 0x0F, 0xFA, 0xE5, 0x4B, 0x86, 0xA3,
    0x19, 0x77, 0xB9, 0x11, 0xEB, 0x97, 0x39, 0xDE, 0xF1, 0x98, 0x85, 0x6B, 0xFE, 0xC1, 0x23, 0xCC,
    0x55, 0xC0, 0xF3, 0x21, 0x0B, 0x8D, 0x83, 0xA8, 0x8D, 0xF5, 0x4F, 0xD1, 0xB2, 0xD9, 0xE0, 0x51,
    0x9E, 0x2C, 0x01, 0x3F, 0x37, 0x6D, 0x9C, 0x91, 0xF8, 0x93, 0xAF, 0xB3, 0xD1, 0x5F, 0x8F, 0xB1,
    0xF9, 0x79, 0x5C, 0xA1, 0xED, 0x42, 0x35, 0x14, 0x03, 0xDB, 0x7A, 0x46, 0xFF, 0xF8, 0x4F, 0xF1,
    0x83, 0xF7, 0x51, 0xE9, 0x8F, 0xA9, 0x09, 0x43, 0x3E, 0x55, 0x22, 0xEC, 0xB5, 0x0C, 0xA9, 0x5A,
    0xA9, 0xFF, 0x28, 0xEC, 0x63, 0x5D, 0x7E, 0x16, 0xA5, 0xC7, 0x67, 0x8B, 0x57, 0x65, 0xE3, 0xF1,
    0x7B, 0xEC, 0xF1, 0xEB, 0x1C, 0x43, 0x23, 0x50, 0x79, 0x04, 0xA1, 0xA0, 0xDD, 0xD9, 0x00, 0x6D,
    0x92, 0x1E, 0x69, 0x93, 0x53, 0x15, 0x46, 0xD4, 0x02, 0xDB, 0x88, 0x36, 0x89, 0xF5, 0x2B, 0x86,
    0xC8, 0x05, 0xBA, 0x60, 0xD7, 0xE1, 0x84, 0xE8, 0x29, 0x1E, 0xE0, 0x6C, 0xD8, 0x60, 0x68, 0x04,
    0x3E, 0xE3, 0x94, 0xD5, 0x71, 0xB4, 0x19, 0x28, 0x8B, 0x36, 0x6D, 0x82, 0xDB, 0x69, 0x86, 0xB9,
    0x86, 0xFE, 0x50, 0xFC, 0xAA, 0x07, 0xC8, 0x1A, 0x20, 0xB7, 0x7A, 0x3E, 0xB2, 0x6D, 0x16, 0xDB,
    0x68, 0xFD, 0x19, 0xDB, 0xA0, 0x59, 0xDE, 0x83, 0x7D, 0x51, 0xED, 0xB3, 0x13, 0x8D, 0x50, 0xD5,
    0xF6, 0x32, 0x83, 0xBD, 0xD9, 0x46, 0xB9, 0x80, 0xDA, 0x01, 0x63, 0xA5, 0xD3, 0xB2, 0x93, 0xB9,
    0xCD, 0xCE, 0x36, 0xAF, 0x43, 0x1C, 0x8E, 0x5E, 0xED, 0x8A, 0x2A, 0x82, 0x53, 0xD2, 0xB9, 0xE0,
    0xD4, 0x08, 0x3A, 0xB4, 0x33, 0xA9, 0xFD, 0x33, 0xFC, 0x2A, 0x83, 0x2D, 0x20, 0xFA, 0x89, 0x89,
    0xC9, 0x6C, 0x7B, 0xB4, 0xB0, 0xC6, 0x22, 0xA7, 0x45, 0x99, 0x4B, 0x21, 0xC9, 0x80, 0x89, 0x4A,
    0x8F, 0x54, 0x5A, 0x17, 0x83, 0x28, 0x3D, 0x11, 0x7A, 0xF4, 0xE5, 0xB1, 0xCC, 0x3B, 0xA3, 0x31,
    0x13, 0x61, 0xFB, 0x6C, 0xB6, 0x90, 0xF3, 0x76, 0x22, 0x3D, 0xA3, 0x36, 0x3F, 0xA6, 0x2C, 0x0B,
    0x52, 0x26, 0xBC, 0x16, 0xC0, 0x5C, 0xDE, 0x43, 0x3D, 0xBD, 0x8D, 0xE7, 0x1B, 0x1C, 0x34, 0x38,
    0x14, 0xE1, 0xCC, 0xF3, 0x08, 0xC6, 0x76, 0x2F, 0x18, 0xC7, 0x9B, 0x9F, 0x17, 0x8C, 0x42, 0x65,
    0xB7, 0xF6, 0x83, 0x89, 0x0E, 0x08, 0x52, 0x5A, 0xF5, 0x93, 0xA4, 0x63, 0xF5, 0x44, 0xE9, 0x98,
    0xB2, 0x81, 0xB1, 0xB8, 0x59, 0xD9, 0xAD, 0xCE, 0xAD, 0xD9, 0x68, 0x36, 0x25, 0x66, 0xE3, 0xB4,
    0x9F, 0xE9, 0xCE, 0x29, 0x86, 0xCF, 0x63, 0x9B, 0x8F, 0xCA, 0x06, 0xCA, 0x05, 0x4F, 0xDF, 0x56,
    0xD7, 0xDE, 0x16, 0xA1, 0x62, 0x01, 0x2A, 0x89, 0x87, 0x99, 0xB5, 0x61, 0xCD, 0x90, 0x49, 0xE8,
    0x81, 0xAA, 0x97, 0x19, 0xCC, 0x0A, 0xB3, 0xE1, 0x2D, 0x28, 0xAA, 0x5A, 0x79, 0x8F, 0xF6, 0x49,
    0x29, 0x38, 0x25, 0x8C, 0x1F, 0x26, 0xB1, 0xAB, 0x80, 0xAD, 0x82, 0x93, 0x2E, 0x93, 0x5E, 0xBE,
    0x68, 0x7F, 0xDD, 0x7B, 0xD2, 0xBD, 0xF9, 0x3B, 0xF8, 0x0A, 0x3C, 0x2D, 0x13, 0xA9, 0x6C, 0x33,
    0xF2, 0x1E, 0x63, 0xBE, 0xB9, 0xDF, 0xBF, 0x3B, 0x0C, 0x48, 0x4D, 0xFB, 0x83, 0x34, 0xD6, 0x15,
    0xFC, 0xC1, 0x68, 0x5C, 0xE6, 0x2D, 0x25, 0xB2, 0xD6, 0x81, 0x93, 0x31, 0x02, 0x19, 0x9D, 0x81,
    0x0E, 0x83, 0x12, 0xA5, 0x27, 0x0D, 0xCD, 0x83, 0x3E, 0x89, 0x9F, 0x84, 0x5D, 0xF4, 0xA7, 0x67,
    0xAE, 0xDD, 0xDC, 0xB5, 0xD5, 0x03, 0x24, 0x02, 0xB4, 0x81, 0xB6, 0x35, 0x5A, 0x6F, 0x3C, 0x9C,
    0xC8, 0xC8, 0x93, 0x39, 0xF5, 0x3A, 0x27, 0x7C, 0x2E, 0xD9, 0xCA, 0x0E, 0x98, 0xE2, 0x1D, 0x1D,
    0x93, 0x92, 0x7B, 0x0D, 0x46, 0x31, 0xD2, 0x7B, 0x4A, 0x1A, 0xA0, 0x10, 0x5A, 0x54, 0x06, 0x39,
    0x19, 0xC8, 0x22, 0xFD, 0x47, 0xDE, 0x67, 0x1D, 0xBA, 0x90, 0x2E, 0xFC, 0xA5, 0x1B, 0xEC, 0x6C,
    0x39, 0x0D, 0xF5, 0x6E, 0x72, 0x32, 0x0E, 0x36, 0xA1, 0xA4, 0xAB, 0x41, 0x4C, 0x6C, 0x1F, 0xB4,
    0x17, 0xE4, 0x0D, 0xBB, 0x4F, 0xE4, 0x2A, 0x78, 0x74, 0x86, 0x0C, 0xDB, 0x55, 0xE4, 0x99, 0xE2,
    0xA1, 0xF9, 0x49, 0x04, 0xBE, 0x8E, 0x78, 0xD0, 0x71, 0x5A, 0xE2, 0x01, 0x7D, 0xD5, 0x82, 0x07,
    0x39, 0x29, 0x78, 0x20, 0xD0, 0x04, 0x8F, 0x0B, 0x8A, 0xA7, 0x52, 0x3C, 0x0C, 0x07, 0xF1, 0x24,
    0xAB, 0xE2, 0xC9, 0x36, 0x3C, 0x6E, 0xC3, 0x43, 0xFD, 0xA3, 0xFE, 0xE7, 0xF5, 0x04, 0xA1, 0x92,
    0xA2, 0xD1, 0x4A, 0xC9, 0x14, 0x4E, 0x1E, 0x36, 0x39, 0xA6, 0x17, 0xE9, 0xAF, 0xFE, 0x85, 0xBE,
    0x89, 0x83, 0x8D, 0x1F, 0x75, 0x68, 0x4E, 0x6C, 0xDA, 0x28, 0x04, 0xF4, 0x6D, 0xB4, 0x0F, 0x69,
    0xDD, 0x70, 0x03, 0xBB, 0xB7, 0x78, 0xAE, 0xD9, 0x1C, 0x44, 0xDF, 0xB3, 0x8D, 0x43, 0x90, 0xC5,
    0x44, 0x1C, 0x15, 0xED, 0xC2, 0xB0, 0x22, 0x35, 0x1D, 0x21, 0xAC, 0x68, 0xBB, 0x0B, 0x12, 0x67,
    0x2A, 0xA5, 0x4D, 0xD2, 0x85, 0x8C, 0x36, 0x55, 0x22, 0x24, 0x90, 0xF9, 0xDE, 0xA1, 0x5B, 0x1C,
    0x7A, 0xDC, 0x2B, 0xA7, 0x7B, 0x9C, 0x76, 0x09, 0x36, 0x09, 0xBF, 0xF5, 0x39, 0x76, 0x08, 0xED,
    0x71, 0xEE, 0x74, 0x8F, 0x63, 0x9F, 0x96, 0x2C, 0x59, 0x36, 0x25, 0x74, 0x01, 0xBD, 0xC1, 0x4B,
    0x6A, 0xC2, 0x6A, 0x66, 0x27, 0x4C, 0x27, 0x40, 0x30, 0x33, 0xF3, 0x33, 0x65, 0x2F, 0x6B, 0xEA,
    0x54, 0x3D, 0x24, 0x8E, 0xF2, 0x2A, 0x9F, 0x22, 0x09, 0x65, 0xC5, 0xDD, 0xD0, 0xAB, 0x0B, 0x65,
    0x76, 0x48, 0xE7, 0x74, 0xD6, 0xAC, 0xC2, 0x05, 0x52, 0x1B, 0x81, 0x87, 0xEC, 0x9E, 0xE0, 0x9C,
    0x12, 0xC9, 0x59, 0xB0, 0x03, 0x5A, 0x12, 0x11, 0xF6, 0xA5, 0x3A, 0x81, 0xB3, 0x4A, 0x31, 0xF0,
    0x06, 0x13, 0xFE, 0x66, 0xD4, 0x48, 0x83, 0x6D, 0xD0, 0x77, 0x7C, 0x07, 0x47, 0x09, 0x2C, 0x01,
    0x45, 0x48, 0x02, 0x88, 0x38, 0x10, 0x2E, 0x44, 0xC5, 0xA2, 0x63, 0xC0, 0x2A, 0x08, 0x41, 0x88,
    0x04, 0x8E, 0x20, 0xA2, 0xDB, 0xE7, 0x4D, 0x52, 0x15, 0xA4, 0x34, 0x31, 0x4A, 0x4C, 0x92, 0xC6,
    0x5C, 0x1D, 0x08, 0x4E, 0xDD, 0x28, 0x9F, 0xCA, 0x4D, 0x54, 0xF7, 0xC2, 0x57, 0xDA, 0x9F, 0x3A,
    0x14, 0xB7, 0xE6, 0xF1, 0x60, 0xA7, 0x24, 0x06, 0x3B, 0xA6, 0x31, 0x64, 0xC1, 0x3E, 0x9E, 0xF2,
    0x60, 0x3F, 0x99, 0xF3, 0xC1, 0x3E, 0x9C, 0xDD, 0x90, 0x85, 0xC5, 0xF5, 0x79, 0xF0, 0x45, 0xE7,
    0x86, 0xA6, 0xEC, 0x5C, 0x5F, 0xDD, 0x6C, 0x1D, 0x32, 0xB5, 0x2E, 0xBA, 0x82, 0xA8, 0x1D, 0xB2,
    0xBB, 0xE5, 0x52, 0xE7, 0x2B, 0x7D, 0xB7, 0x68, 0x8A, 0x32, 0x69, 0xD9, 0xF2, 0xCC, 0x6B, 0x3A,
    0xBB, 0x04, 0x18, 0xF4, 0x71, 0xA4, 0x67, 0x86, 0x6C, 0x75, 0x10, 0x32, 0x98, 0x27, 0x38, 0x51,
    0x04, 0xD7, 0x1F, 0xA6, 0x8A, 0x4A, 0x83, 0xDA, 0x56, 0x75, 0x05, 0xA5, 0xD9, 0xA8, 0x05, 0xCC,
    0x0C, 0x7D, 0xF5, 0x9B, 0x9D, 0x0D, 0x05, 0x37, 0xBE, 0x7A, 0x05, 0xCB, 0x95, 0xEF, 0xF3, 0x0E,
    0x72, 0x3C, 0xA9, 0xCD, 0x78, 0x2E, 0x2B, 0xDB, 0xCB, 0x42, 0x76, 0x62, 0x5B, 0x76, 0x0F, 0x99,
    0x93, 0x3D, 0x19, 0xA7, 0x9B, 0xE9, 0x99, 0x45, 0x95, 0xCD, 0x4E, 0x21, 0xAF, 0x5B, 0xA5, 0x9E,
    0x51, 0xC8, 0xE6, 0x99, 0x13, 0x75, 0x1D, 0xDB, 0xF7, 0x89, 0x9E, 0x5B, 0x62, 0xCF, 0x2B, 0x57,
    0xF4, 0x59, 0x52, 0x92, 0x0E, 0x4F, 0x56, 0xCB, 0xE6, 0xCB, 0xD5, 0xF2, 0xCF, 0x36, 0xAE, 0xD9,
    0x0D, 0x78, 0x52, 0xE1, 0xBA, 0xED, 0x33, 0xB5, 0xF9, 0x7F, 0x11, 0xCD, 0x8A, 0x4F, 0x67, 0x55,
    0xA5, 0x21, 0x76, 0xBB, 0x0B, 0x94, 0xCE, 0x26, 0xF9, 0xDD, 0xCE, 0x1F, 0x62, 0x15, 0x07, 0xBE,
    0x8D, 0x72, 0xBE, 0x4E, 0xC5, 0xF0, 0x66, 0xCD, 0x2A, 0xA2, 0x62, 0x40, 0x0C, 0x57, 0x74, 0xA6,
    0x7C, 0xCC, 0xA0, 0x18, 0xC0, 0x7D, 0x35, 0xB2, 0x88, 0x8A, 0xE1, 0x16, 0x72, 0xE8, 0x8D, 0x11,
    0xC7, 0xDF, 0x18, 0x80, 0xC2, 0x75, 0xA0, 0xC0, 0x0A, 0x71, 0x68, 0x66, 0x04, 0xA2, 0x1A, 0x61,
    0x6E, 0xC5, 0x2E, 0x20, 0x8A, 0xA1, 0xA2, 0x23, 0x5E, 0xA3, 0x62, 0x78, 0x76, 0x1B, 0xBB, 0x82,
    0x86, 0xFE, 0x0E, 0x70, 0x6C, 0x2A, 0xA5, 0xF8, 0x17, 0xB5, 0x34, 0xC2, 0x8C, 0xC1, 0x15, 0xE2,
    0x0D, 0x92, 0xB0, 0x2F, 0xEE, 0xC6, 0xA1, 0x7C, 0xF7, 0x7E, 0x5F, 0xDD, 0xFF, 0x71, 0x5F, 0x2D,
    0x38, 0x16, 0x9F, 0x23, 0xFC, 0x35, 0xD9, 0xB3, 0x04, 0x81, 0x5F, 0xF3, 0x27, 0xE6, 0x5B, 0xE2,
    0xAB, 0x07, 0xD8, 0x2F, 0x7B, 0x34, 0x71, 0x37, 0x5A, 0xF4, 0xD6, 0xD5, 0x8B, 0x9E, 0xEF, 0x1C,
    0x12, 0x43, 0xA4, 0x41, 0xC0, 0xB6, 0xE3, 0x95, 0x73, 0x66, 0xA9, 0x68, 0xF5, 0x92, 0xC9, 0x22,
    0x23, 0xE3, 0x6D, 0xAA, 0x9D, 0x17, 0x93, 0xFA, 0xA2, 0x67, 0xD4, 0x9C, 0x7C, 0x19, 0xD9, 0x90,
    0x5A, 0x33, 0x6D, 0xF9, 0xF6, 0x5F, 0xDA, 0x90, 0xCE, 0xA8, 0xE2, 0x19, 0x7B, 0x5E, 0x2B, 0x6A,
    0x53, 0xE4, 0xDB, 0x5E, 0x68, 0xAE, 0xAA, 0x39, 0x42, 0xA2, 0x1D, 0xE3, 0x20, 0x6D, 0x90, 0x11,
    0x19, 0x71, 0xC5, 0xA8, 0xB2, 0xE6, 0xAC, 0xB4, 0xE1, 0xDE, 0xDB, 0xB3, 0xFC, 0x33, 0x34, 0xC7,
    0xBD, 0x60, 0xEC, 0x07, 0x50, 0xB0, 0xE1, 0x2D, 0x75, 0xCA, 0xCD, 0x11, 0xD6, 0x2D, 0xAA, 0x25,
    0xC7, 0x46, 0xB5, 0x24, 0xEB, 0x00, 0x06, 0x47, 0x91, 0x67, 0xAD, 0x94, 0x94, 0x47, 0xF6, 0xB3,
    0xC7, 0x97, 0x80, 0x21, 0x32, 0x98, 0xED, 0x38, 0xDB, 0x0D, 0x03, 0xD7, 0x47, 0x24, 0xFB, 0x8B,
    0x4F, 0x13, 0xAB, 0x04, 0xAB, 0x59, 0x45, 0xF7, 0xA6, 0xA1, 0x38, 0x17, 0x56, 0xF7, 0x97, 0x90,
    0x3D, 0x18, 0x53, 0x64, 0x98, 0x26, 0x58, 0x84, 0x2A, 0x82, 0x9C, 0x98, 0x78, 0xA8, 0x0C, 0x48,
    0x6C, 0x42, 0xD4, 0xEB, 0xC2, 0x1E, 0x1C, 0xB9, 0x08, 0x19, 0xFF, 0x00, 0x5D, 0xA2, 0x1A, 0x63,
    0xED, 0x63, 0xBD, 0xA2, 0x4A, 0xCB, 0xB6, 0x78, 0xBE, 0xCB, 0xDF, 0xEE, 0x37, 0x9E, 0x39, 0xBA,
    0xD9, 0xB2, 0xF5, 0xF1, 0x3F, 0x13, 0x79, 0x47, 0x31, 0x35, 0x50, 0x80, 0xD0, 0x34, 0x91, 0x4E,
    0x51, 0x95, 0xF2, 0x8C, 0x8C, 0xDC, 0x25, 0xA4, 0xB0, 0x02, 0x2C, 0xF4, 0xD3, 0x69, 0x15, 0xCA,
    0x8E, 0x78, 0xA4, 0x42, 0x77, 0x53, 0xD9, 0xB1, 0x27, 0x75, 0x3B, 0x20, 0xC6, 0x13, 0x82, 0x3A,
    0x47, 0x89, 0xC7, 0x50, 0x26, 0x41, 0x99, 0x48, 0xC1, 0x9C, 0x42, 0x32, 0x10, 0xC9, 0xDE, 0xDC,
    0xAA, 0xD6, 0x03, 0x44, 0xF3, 0x16, 0x64, 0xE9, 0x5F, 0x62, 0xC9, 0xEE, 0x0E, 0x47, 0x34, 0x7E,
    0xAE, 0x61, 0xA7, 0xDE, 0x0F, 0x3B, 0x43, 0xF9, 0xB9, 0x61, 0xA7, 0x38, 0x4A, 0x43, 0x13, 0x5E,
    0xFD, 0x92, 0x91, 0xA6, 0x79, 0xE2, 0x48, 0xB3, 0x3D, 0x28, 0xE2, 0x12, 0x9D, 0xD5, 0xE0, 0x9D,
    0xAC, 0xC7, 0xA6, 0x97, 0xEA, 0xEF, 0x5E, 0xB4, 0x21, 0xFB, 0xBA, 0xE7, 0x27, 0xA3, 0xAB, 0xCF,
    0x65, 0xC8, 0x82, 0x9A, 0x6F, 0x4A, 0x28, 0x30, 0xD7, 0x99, 0xFC, 0x17, 0xBD, 0xD6, 0x92, 0xCC,
    0x1B, 0xEC, 0x70, 0x63, 0xB2, 0xE4, 0x53, 0x0A, 0xD5, 0x9B, 0xCE, 0x54, 0x73, 0xD9, 0x44, 0xA1,
    0x05, 0x24, 0x03, 0x65, 0x16, 0x55, 0x96, 0x7B, 0xB8, 0x22, 0xCA, 0x30, 0xAA, 0xF7, 0xEC, 0x2B,
    0xAD, 0xEA, 0x93, 0x72, 0x80, 0xE0, 0x09, 0xA8, 0x7B, 0xF7, 0x4E, 0x80, 0xBB, 0xB5, 0xE8, 0xED,
    0x78, 0xDB, 0x3E, 0x9E, 0x01, 0x12, 0x53, 0x02, 0x2C, 0x50, 0xE1, 0xAF, 0xB9, 0x7A, 0x36, 0x43,
    0x4C, 0xD3, 0xA3, 0xE2, 0x38, 0x54, 0x61, 0x4A, 0xE8, 0x6E, 0xA1, 0xC8, 0x9F, 0x7D, 0x9A, 0xC0,
    0xCC, 0xE5, 0x69, 0x5F, 0xE4, 0xC9, 0x58, 0x88, 0x03, 0x81, 0xCE, 0x00, 0x9E, 0x38, 0x91, 0x63,
    0x0C, 0x7D, 0xBC, 0x27, 0x8B, 0xFE, 0x0B, 0x66, 0xB6, 0xAD, 0x5A, 0xCC, 0xC2, 0x7A, 0xB9, 0xC3,
    0xB7, 0x15, 0x29, 0xD8, 0xDD, 0xE8, 0x8E, 0x92, 0xD9, 0x52, 0x35, 0x8B, 0x58, 0xCE, 0x18, 0x7A,
    0x99, 0x7C, 0x50, 0x1D, 0x80, 0x46, 0x96, 0x72, 0x1C, 0xD9, 0xA0, 0x8C, 0x51, 0xEE, 0x90, 0xC7,
    0xD8, 0x1A, 0xDF, 0x23, 0xEA, 0x58, 0x30, 0x04, 0x60, 0x32, 0x70, 0x5C, 0x90, 0x29, 0x55, 0x0F,
    0x25, 0x5C, 0xAA, 0xB0, 0x5D, 0x98, 0x71, 0x28, 0x18, 0x90, 0x8B, 0x01, 0xBB, 0x98, 0xF4, 0xA8,
    0x81, 0x89, 0x5C, 0xDC, 0x4B, 0x45, 0x91, 0x8B, 0xAD, 0xFE, 0x31, 0x19, 0xBC, 0xA4, 0x80, 0xC7,
    0x74, 0xE9, 0x6F, 0x20, 0xC5, 0xB0, 0x53, 0x35, 0xCF, 0xDA, 0x7A, 0xB6, 0xF6, 0xD7, 0x32, 0x91,
    0x39, 0xAB, 0x72, 0xA8, 0x72, 0xED, 0x44, 0x29, 0xF1, 0xD2, 0x45, 0x1B, 0x72, 0xBA, 0x8B, 0xE5,
    0xDD, 0xB9, 0x0C, 0xB9, 0xBC, 0x92, 0x9C, 0x7A, 0xF4, 0xCD, 0xCE, 0x2E, 0x97, 0x6A, 0x8E, 0x63,
    0xF2, 0x94, 0x2E, 0x50, 0xEB, 0x81, 0x6C, 0xC2, 0x6E, 0xD6, 0x79, 0x2D, 0x51, 0x92, 0xFB, 0x83,
    0x0C, 0x42, 0x13, 0xF6, 0x1A, 0x64, 0x8B, 0x7D, 0xF8, 0x58, 0xDA, 0x74, 0x48, 0xBF, 0xE9, 0x39,
    0x3F, 0x64, 0x1C, 0xFE, 0xE6, 0x62, 0xF8, 0x49, 0x31, 0xB0, 0x9C, 0x33, 0xEC, 0x8A, 0x1F, 0xA1,
    0xA6, 0xF3, 0x70, 0x52, 0x04, 0xC8, 0x37, 0x8F, 0xC6, 0xBB, 0x6C, 0xBF, 0xCF, 0x34, 0xC1, 0x5B,
    0x53, 0x1A, 0x16, 0x31, 0x34, 0x66, 0x1C, 0x2A, 0x11, 0x54, 0x67, 0x78, 0x77, 0xC7, 0xB9, 0x67,
    0x78, 0x57, 0xBA, 0xD7, 0xA4, 0x54, 0x4E, 0x3B, 0xF2, 0x70, 0x48, 0x2D, 0xBE, 0x46, 0xCD, 0x1A,
    0xD4, 0xAE, 0xB9, 0xC6, 0x0F, 0x26, 0x4A, 0x31, 0xB4, 0xC6, 0x26, 0xF6, 0xC0, 0xF0, 0x85, 0xD4,
    0x0B, 0x86, 0x69, 0xE0, 0xAD, 0x45, 0xC7, 0x22, 0xD1, 0x26, 0xFA, 0xAD, 0x31, 0x1C, 0x10, 0xCC,
    0xEF, 0x3F, 0x15, 0x9C, 0xAD, 0x0E, 0x60, 0x45, 0x0D, 0x95, 0xFB, 0x35, 0x69, 0x95, 0x3A, 0x1D,
    0x21, 0x78, 0xC8, 0x0D, 0x32, 0xDB, 0xC4, 0x17, 0x54, 0x2F, 0x7F, 0x13, 0xDD, 0x2B, 0xB3, 0xC7,
    0x61, 0xA2, 0xE2, 0x67, 0x29, 0xE7, 0x49, 0xBA, 0xD9, 0x78, 0x4E, 0xBB, 0xD8, 0xF3, 0x32, 0x43,
    0x5E, 0x52, 0xBB, 0x56, 0x24, 0xB1, 0xE7, 0xE4, 0x7C, 0x0D, 0xD8, 0x00, 0xCF, 0x07, 0xF3, 0x1C,
    0x12, 0x46, 0xA6, 0x22, 0x9A, 0x56, 0xF6, 0xE2, 0x5B, 0x26, 0x46, 0x85, 0xC4, 0xFC, 0x06, 0x6B,
    0x8F, 0x2D, 0x63, 0x57, 0x83, 0xF8, 0x0E, 0xD3, 0xD4, 0x25, 0x64, 0x6A, 0x85, 0xBD, 0x1B, 0xFC,
    0xEA, 0x8F, 0xFB, 0xA8, 0x05, 0x78, 0x3C, 0x99, 0xEF, 0x18, 0xED, 0x71, 0xE0, 0xD0, 0x5D, 0x82,
    0xD3, 0x16, 0x52, 0x02, 0x7C, 0x5C, 0xCA, 0x1C, 0xD9, 0xA5, 0xDB, 0x30, 0x29, 0xC9, 0x8D, 0x85,
    0x5A, 0x2B, 0x8B, 0x2A, 0x16, 0x8E, 0x93, 0x9B, 0xD3, 0xEC, 0x96, 0xE1, 0xDD, 0x3E, 0xC3, 0x99,
    0xDC, 0xC2, 0x27, 0x59, 0x5F, 0x19, 0x8C, 0x82, 0xC8, 0x2F, 0x20, 0x8F, 0x47, 0x04, 0x70, 0xA6,
    0x97, 0x26, 0xD2, 0x4B, 0x31, 0xE7, 0x7D, 0xF6, 0x9F, 0xCF, 0x79, 0xFF, 0x06, 0x95, 0x92, 0x01,
    0xA4, 0x1C, 0x47, 0x1C, 0xC6, 0x7F, 0x7B, 0xAB, 0xB9, 0xC8, 0x4A, 0xA6, 0xA5, 0xB4, 0x95, 0x97,
    0x6C, 0x10, 0x04, 0x2F, 0x6F, 0xE0, 0x70, 0xD5, 0xBB, 0x9D, 0x01, 0xA0, 0x10, 0x00, 0xA5, 0xF2,
    0x10, 0x14, 0x78, 0x57, 0xBD, 0x52, 0x75, 0x77, 0xBB, 0x00, 0x40, 0x1E, 0x00, 0x20, 0x00, 0x40,
    0x57, 0x1D, 0x7D, 0xF4, 0xBD, 0xEC, 0x50, 0x00, 0x74, 0x28, 0x02, 0xE8, 0xD0, 0x40, 0x41, 0xA6,
    0xBA, 0x95, 0xC5, 0xDD, 0x4D, 0x67, 0x73, 0xCF, 0xD3, 0xB4, 0xA0, 0xB3, 0x33, 0xB3, 0x33, 0xF3,
    0xCD, 0xFF, 0xFF, 0xCD, 0x7C, 0xF3, 0xA9, 0x4A, 0x1A, 0x61, 0x53, 0x3F, 0xEC, 0x84, 0x53, 0xD5,
    0x05, 0x04, 0x93, 0x06, 0x2B, 0x7E, 0xF1, 0x2A, 0xE9, 0x80, 0xDC, 0x7A, 0x15, 0x7C, 0x13, 0x6C,
    0x7B, 0xA2, 0x01, 0x19, 0x8C, 0x0A, 0x55, 0xAC, 0x40, 0x19, 0xBA, 0x26, 0xB4, 0x21, 0xB4, 0xD3,
    0xD4, 0xA9, 0x60, 0xF3, 0x50, 0x0D, 0xB7, 0x14, 0x34, 0x3A, 0xB0, 0x04, 0x58, 0x48, 0xB6, 0x8A,
    0xF3, 0x02, 0x28, 0x4D, 0xE9, 0x23, 0x45, 0x24, 0x98, 0x92, 0x55, 0xCA, 0x9F, 0xAD, 0xD7, 0xF3,
    0xD2, 0xE7, 0x36, 0xED, 0x76, 0xE2, 0xB7, 0x4E, 0x7E, 0x6A, 0x17, 0xB9, 0x2E, 0x06, 0xAD, 0x7C,
    0x6A, 0x45, 0xD0, 0x31, 0x4B, 0x8E, 0x44, 0x51, 0x30, 0x65, 0xC1, 0x39, 0x85, 0x64, 0x5A, 0xB0,
    0x98, 0x72, 0xBE, 0x40, 0x3D, 0x36, 0xF9, 0x53, 0x9B, 0xFD, 0xE4, 0x52, 0xEB, 0x81, 0x81, 0x23,
    0xF5, 0xFC, 0xF9, 0xA2, 0xEA, 0x72, 0xCA, 0x1D, 0x79, 0x0B, 0x30, 0x88, 0x83, 0xFE, 0x90, 0x66,
    0x39, 0xB4, 0xF7, 0x93, 0x2A, 0xE9, 0x52, 0x9F, 0x39, 0x61, 0xA5, 0x51, 0x55, 0xDA, 0x0D, 0xBD,
    0x70, 0xB9, 0x91, 0x5A, 0xB1, 0xDD, 0x6E, 0x2F, 0x96, 0xD3, 0x7F, 0xAE, 0x04, 0x94, 0xCE, 0xCD,
    0xD0, 0xA4, 0x9B, 0xCC, 0xE7, 0xA6, 0x00, 0xA7, 0x6C, 0x69, 0x06, 0x26, 0xD1, 0x13, 0x94, 0x29,
    0xCD, 0x8C, 0x47, 0x94, 0xDB, 0x66, 0xCB, 0x01, 0x87, 0x4C, 0x18, 0x33, 0xE7, 0xDE, 0x60, 0x9B,
    0x6E, 0x86, 0xAD, 0x72, 0x65, 0xF5, 0x84, 0x21, 0x92, 0x7E, 0x79, 0xCA, 0x1D, 0x60, 0x60, 0x52,
    0x23, 0x5B, 0xE5, 0x95, 0x2F, 0xBD, 0xE0, 0x16, 0xD7, 0x19, 0x90, 0x51, 0xBA, 0xC6, 0xF5, 0x63,
    0xD9, 0xA9, 0x96, 0x2F, 0xD8, 0xB0, 0x89, 0xE7, 0xEB, 0x77, 0x39, 0xA5, 0x15, 0x8A, 0x15, 0xCF,
    0x69, 0x5C, 0xE9, 0x72, 0x27, 0x75, 0xE4, 0xAC, 0x14, 0x80, 0x14, 0x95, 0x8A, 0x07, 0x12, 0x3A,
    0xB3, 0xB2, 0x9B, 0xC4, 0xA2, 0xBA, 0x37, 0x37, 0x8A, 0xE8, 0x82, 0xAC, 0x8A, 0x42, 0x46, 0x79,
    0x1B, 0xD7, 0x54, 0x99, 0x91, 0x2C, 0xE3, 0x57, 0x5A, 0x19, 0x47, 0xF2, 0x4A, 0xC2, 0x0E, 0x15,
    0x5C, 0x19, 0x5C, 0x9D, 0xD8, 0x3A, 0x31, 0x7E, 0x60, 0x8E, 0x8F, 0x8F, 0x6B, 0xEF, 0x54, 0x53,
    0x01, 0xAB, 0xA8, 0xFC, 0x63, 0x23, 0x02, 0xD9, 0x16, 0x42, 0x95, 0x06, 0x23, 0x5E, 0x78, 0x95,
    0xBC, 0xF5, 0xAE, 0xFF, 0x95, 0x15, 0x18, 0xBE, 0x5C, 0xE4, 0xA1, 0x53, 0xC1, 0x4F, 0x72, 0x0B,
    0xA8, 0x4B, 0x73, 0xE8, 0x32, 0xEC, 0x9A, 0xB0, 0x13, 0x21, 0x20, 0xC2, 0x0E, 0x00, 0x19, 0x36,
    0xA8, 0xD8, 0x80, 0x61, 0xFB, 0x56, 0x50, 0x19, 0x36, 0x7B, 0x23, 0x5D, 0xEE, 0x0B, 0x61, 0xA3,
    0xAE, 0x3A, 0x80, 0xCC, 0x50, 0x9A, 0x34, 0x20, 0x5B, 0x54, 0xC5, 0x01, 0x97, 0xE5, 0x09, 0xD0,
    0xC1, 0xC0, 0x43, 0x6A, 0xE9, 0x77, 0x21, 0x80, 0x02, 0x58, 0xEC, 0xA1, 0xE4, 0xFF, 0x41, 0x0F,
    0x0A, 0x21, 0x96, 0xEB, 0xF7, 0x79, 0x34, 0xC2, 0xCD, 0x71, 0x4D, 0xB0, 0x4D, 0x7F, 0x1F, 0x37,
    0xC2, 0xCE, 0x30, 0xB3, 0xC4, 0xC4, 0x29, 0x20, 0x7E, 0xB5, 0xA3, 0x75, 0x1D, 0xE5, 0x83, 0x87,
    0x5E, 0x98, 0xBC, 0xFA, 0xD6, 0xBE, 0xAB, 0x07, 0x2E, 0xD3, 0x82, 0x4C, 0xA7, 0xD5, 0x50, 0x4F,
    0xA1, 0xBF, 0x6A, 0xAC, 0x40, 0x19, 0xDA, 0x26, 0xD6, 0xBD, 0xAF, 0x6C, 0xD6, 0xE5, 0x4E, 0xE9,
    0x8B, 0xBD, 0x0A, 0x93, 0x2B, 0x15, 0x56, 0x34, 0x5A, 0xE8, 0x9C, 0xEB, 0x1C, 0x89, 0xD7, 0xB6,
    0x91, 0x3F, 0xDB, 0xA5, 0x12, 0x15, 0x17, 0xD0, 0x9B, 0x52, 0x99, 0xDC, 0xE4, 0x61, 0x27, 0xC3,
    0x76, 0xCC, 0xC1, 0x98, 0xC3, 0x39, 0x93, 0x37, 0xE9, 0x3B, 0x20, 0xE6, 0x0E, 0xC1, 0x4F, 0x8B,
    0xC5, 0xF4, 0x7C, 0xBA, 0x59, 0x28, 0xA7, 0x6C, 0x62, 0x7A, 0xDB, 0x71, 0x1F, 0xD1, 0x3A, 0x15,
    0xCC, 0x97, 0xAF, 0x74, 0xA2, 0x61, 0x0A, 0x2B, 0x98, 0x00, 0x64, 0xAE, 0x96, 0xC1, 0x8E, 0x72,
    0x9D, 0x78, 0xD2, 0x96, 0xD8, 0x0F, 0xDB, 0x5A, 0x04, 0x7B, 0x90, 0xEB, 0xEC, 0xD4, 0xCA, 0x60,
    0x46, 0x2B, 0x80, 0xF4, 0x1A, 0xF9, 0x9B, 0xE7, 0xBC, 0x71, 0x13, 0x00, 0xEE, 0x52, 0xEA, 0xBD,
    0xE9, 0x2D, 0x2B, 0x04, 0xCF, 0xB1, 0xDC, 0x28, 0xCE, 0xD6, 0x8B, 0xC3, 0x4B, 0x6F, 0x88, 0x60,
    0x8E, 0x52, 0x3B, 0xF9, 0xCB, 0x26, 0x1B, 0x68, 0x81, 0xAF, 0x74, 0xA9, 0x15, 0x3F, 0x56, 0xEF,
    0x31, 0xD0, 0x25, 0x67, 0x9C, 0xC4, 0xFF, 0x08, 0x59, 0x0D, 0x8D, 0xAC, 0x46, 0xD8, 0x1B, 0xAC,
    0x84, 0x16, 0x8F, 0xAB, 0xD5, 0xC7, 0xC6, 0xCE, 0xEC, 0x87, 0x48, 0x04, 0x82, 0x82, 0x6F, 0x62,
    0x0B, 0x04, 0x96, 0x64, 0x7C, 0x72, 0x7A, 0x62, 0xF3, 0xEA, 0xA3, 0x0A, 0xE4, 0x77, 0xD5, 0xCC,
    0x3F, 0x7B, 0x56, 0xCF, 0x66, 0xBE, 0x96, 0xAF, 0x0C, 0x70, 0x8F, 0x9A, 0x50, 0x7D, 0xA0, 0x07,
    0x6C, 0x20, 0xE9, 0xCA, 0x53, 0x4E, 0x7C, 0x6F, 0x9F, 0x6A, 0x18, 0xC2, 0x16, 0x4E, 0xC2, 0x29,
    0x05, 0x70, 0x21, 0x5F, 0x72, 0xBB, 0x15, 0x11, 0xB0, 0x83, 0x10, 0x76, 0x70, 0x3B, 0x3C, 0x03,
    0x40, 0x85, 0xE0, 0x63, 0x73, 0x65, 0x44, 0xFE, 0x35, 0x77, 0x00, 0x30, 0x08, 0xBF, 0xEB, 0x9C,
    0x3E, 0x74, 0xC7, 0xDE, 0x8E, 0x4B, 0x3E, 0xBB, 0x04, 0xE1, 0x5A, 0x78, 0x09, 0x4D, 0x08, 0x3A,
    0xF2, 0x05, 0x97, 0xB7, 0x91, 0x45, 0x01, 0x9B, 0x27, 0xC0, 0x03, 0xAE, 0x4A, 0x4D, 0x1F, 0xBA,
    0xA5, 0xEC, 0xFB, 0xCB, 0x15, 0x00, 0x8D, 0x58, 0x4F, 0xD6, 0xE3, 0x7A, 0xEE, 0xBF, 0x76, 0x85,
    0x4D, 0x1E, 0x89, 0x7A, 0x52, 0x2B, 0x3B, 0xA6, 0xB0, 0xEF, 0xE8, 0x21, 0x20, 0xB8, 0xC5, 0x1D,
    0x7A, 0xC5, 0x33, 0x3B, 0xA9, 0x47, 0xB3, 0x79, 0x3D, 0x77, 0xB2, 0x3A, 0x1C, 0x4D, 0xE6, 0xE3,
    0x7A, 0xE4, 0xE7, 0x31, 0x06, 0x72, 0x33, 0xA6, 0xC6, 0xF7, 0x1C, 0x9A, 0x43, 0xC6, 0xE2, 0x6C,
    0xB2, 0x1E, 0xC5, 0x8C, 0x3D, 0x7A, 0x33, 0x46, 0x1F, 0xB9, 0x69, 0xDD, 0x33, 0xD4, 0xEE, 0xF8,
    0xF4, 0xEE, 0x6B, 0xF7, 0x70, 0xE1, 0x27, 0x73, 0x37, 0xAE, 0xED, 0xFC, 0x0F, 0x73, 0x64, 0xA6,
    0x8C, 0x99, 0x53, 0x43, 0x24, 0x52, 0x66, 0xFF, 0xB4, 0x91, 0x1E, 0xEF, 0xBE, 0x37, 0x3F, 0xE8,
    0x55, 0x4F, 0xFC, 0x79, 0xDA, 0x46, 0x67, 0xFB, 0x87, 0xF3, 0xBF, 0x01, 0xCD, 0x77, 0x3D, 0x90,
    0xDD, 0x46, 0x7A, 0x6D, 0x03, 0x90, 0x07, 0xEF, 0x11, 0xB5, 0x86, 0xEA, 0x05, 0xF6, 0xAE, 0xF9,
    0x5C, 0xD8, 0xC0, 0x81, 0xAB, 0x6C, 0x0B, 0x2F, 0xD8, 0xC0, 0x7E, 0xE5, 0x55, 0x43, 0x62, 0xBD,
    0x62, 0xC0, 0x80, 0x0C, 0xE4, 0x58, 0x0E, 0x1C, 0x6C, 0xE4, 0xD9, 0x60, 0x83, 0x0D, 0x56, 0xDB,
    0x20, 0x19, 0x28, 0x50, 0x40, 0x06, 0x8E, 0x2D, 0x06, 0x1B, 0xD8, 0x89, 0xB9, 0xA1, 0xAA, 0x9E,
    0xC4, 0x06, 0x39, 0xC1, 0x04, 0x0C, 0x08, 0x89, 0xAE, 0x72, 0xB0, 0x01, 0x21, 0x93, 0xAE, 0x75,
    0x59, 0x01, 0x9B, 0x1C, 0x68, 0x89, 0xE1, 0x00, 0x68, 0x9F, 0xF3, 0x35, 0xEE, 0x9D, 0x3B, 0x3F,
    0x92, 0x2C, 0x9A, 0x92, 0x3D, 0x43, 0x34, 0x38, 0xF7, 0x02, 0xDD, 0xDF, 0xEF, 0x39, 0xE7, 0x53,
    0x69, 0xAF, 0x54, 0x3C, 0x2A, 0xA5, 0x78, 0xBD, 0xAE, 0xE4, 0xC7, 0x7B, 0xB7, 0x5C, 0x5D, 0x34,
    0x85, 0xAF, 0x13, 0x5E, 0x83, 0x52, 0xA9, 0xF7, 0x15, 0x2E, 0x95, 0xE1, 0xCA, 0x9D, 0x52, 0x79,
    0xA7, 0x54, 0xD1, 0x2A, 0x55, 0xF2, 0x6A, 0x94, 0xD2, 0x7E, 0x94, 0xCB, 0x78, 0x3C, 0x9C, 0x5D,
    0x6D, 0x54, 0x7E, 0xB7, 0x55, 0xC5, 0xBD, 0x56, 0xE5, 0xE7, 0x6B, 0xB5, 0xFA, 0x79, 0x49, 0xFB,
    0x1B, 0xBC, 0x6F, 0xBD, 0x6F, 0xBD, 0xF7, 0x8D, 0xF2, 0xD8, 0x77, 0x0E, 0x97, 0xEC, 0xE9, 0xE7,
    0x2A, 0xC1, 0xF7, 0xB8, 0x5C, 0x3A, 0x64, 0x43, 0xDA, 0x27, 0x43, 0xE6, 0x92, 0x21, 0xC7, 0x5F,
    0x79, 0x97, 0xBB, 0xE2, 0xBE, 0x77, 0xE5, 0x8E, 0x6F, 0xCA, 0x1D, 0xBE, 0xB4, 0xF5, 0x8B, 0x70,
    0x92, 0x86, 0x8D, 0xB7, 0xF0, 0xF7, 0x2F, 0x82, 0x9D, 0xF6, 0xA4, 0x9D, 0xF1, 0x62, 0xA7, 0xD8,
    0x8A, 0xD0, 0x65, 0xB4, 0x71, 0xB1, 0x33, 0x6F, 0x17, 0x5B, 0x69, 0x67, 0x13, 0x76, 0xD3, 0x15,
    0xB7, 0xF7, 0x1D, 0x8D, 0x8E, 0xBC, 0x1F, 0x92, 0x59, 0xFD, 0x38, 0xC7, 0x7B, 0x45, 0x77, 0xE8,
    0x8F, 0x59, 0x2E, 0x8B, 0x67, 0x79, 0x99, 0x6A, 0x79, 0xBF, 0xDB, 0x52, 0x05, 0xE2, 0xC0, 0x78,
    0x28, 0xBB, 0xAF, 0xD4, 0xD9, 0xB9, 0x82, 0x4D, 0x6D, 0x0C, 0x7F, 0x93, 0x31, 0xAA, 0x78, 0xBE,
    0x5C, 0xB4, 0xC9, 0x57, 0x2A, 0xC2, 0x31, 0xCA, 0xC0, 0xB0, 0x9C, 0x1F, 0xC0, 0xE0, 0x28, 0x04,
    0xE3, 0xAF, 0x10, 0x5C, 0x8B, 0x78, 0x59, 0x7C, 0xCF, 0x2D, 0x18, 0x2B, 0xCF, 0x48, 0xE1, 0x3B,
    0xF8, 0x83, 0x6F, 0xE1, 0x4D, 0x3A, 0x70, 0x2F, 0xB8, 0x03, 0x6F, 0xE0, 0x0C, 0xFC, 0x80, 0x79,
    0x3A, 0xFC, 0xAB, 0xC5, 0xA4, 0xDE, 0xC5, 0xCF, 0x87, 0xF8, 0x37, 0x7D, 0xF4, 0xC4, 0xAD, 0xF2,
    0x78, 0xCA, 0x3E, 0x49, 0x7F, 0xCA, 0x3E, 0xE5, 0xE6, 0x3E, 0x27, 0x62, 0xC4, 0x0F, 0xAD, 0x0A,
    0x97, 0xDF, 0x48, 0xE1, 0x46, 0x59, 0x9C, 0x16, 0x6E, 0x6E, 0x63, 0xB0, 0xAB, 0xAF, 0x95, 0xC6,
    0x2B, 0xFA, 0x91, 0x62, 0xDA, 0x59, 0x77, 0x88, 0x86, 0xEF, 0xC3, 0x8D, 0xA6, 0xA6, 0x8E, 0xAF,
    0xE0, 0x5D, 0xBE, 0x85, 0x57, 0xF9, 0x22, 0x92, 0x55, 0xE2, 0x45, 0x55, 0x34, 0x25, 0x1F, 0x2D,
    0x1B, 0xED, 0x27, 0x5A, 0xA3, 0xAF, 0x78, 0x26, 0xCD, 0x54, 0xB8, 0x19, 0x58, 0x24, 0x2E, 0xF2,
    0x57, 0x4D, 0x58, 0x66, 0x1A, 0x34, 0x23, 0xB4, 0x7E, 0x60, 0x32, 0x95, 0xEF, 0x70, 0x60, 0xA7,
    0x3C, 0x4A, 0x2D, 0xC4, 0x95, 0x2E, 0x85, 0x75, 0xA6, 0x6B, 0x70, 0x03, 0xCE, 0xC1, 0x11, 0x2B,
    0xAE, 0xF8, 0xD5, 0x8A, 0x8C, 0xE2, 0x38, 0xAE, 0xBE, 0xC9, 0xB8, 0xC2, 0xC2, 0x64, 0xCC, 0x61,
    0x20, 0xAA, 0xB4, 0x2F, 0xDA, 0xB4, 0xCF, 0xFA, 0xB2, 0xC9, 0xFA, 0xDC, 0x61, 0x75, 0xA5, 0xD3,
    0x4D, 0x8E, 0x27, 0x75, 0x8D, 0x15, 0xA6, 0x15, 0xFE, 0xD1, 0xD7, 0xAC, 0x7D, 0xAC, 0x2E, 0xC5,
    0x6E, 0xB8, 0xBA, 0xCC, 0x15, 0x2D, 0xF7, 0xCD, 0xBB, 0xB2, 0x91, 0x48, 0xFC, 0xBD, 0x5A, 0x10,
    0x20, 0x65, 0x94, 0x72, 0xD8, 0xAE, 0xBE, 0xB7, 0xEE, 0x54, 0xFA, 0xE2, 0x59, 0x95, 0x73, 0xCC,
    0x3C, 0xA3, 0xD4, 0x62, 0xD8, 0x09, 0x37, 0xF0, 0x79, 0x32, 0xE0, 0x73, 0x78, 0x4E, 0x7F, 0xF0,
    0x7E, 0xC6, 0x25, 0x7F, 0x32, 0x31, 0xC4, 0x9E, 0xE9, 0xE1, 0xD2, 0x98, 0x9A, 0xC1, 0x65, 0xFE,
    0xA5, 0x02, 0x50, 0xF7, 0xA6, 0x92, 0x74, 0x18, 0xEE, 0x5F, 0xD6, 0xAB, 0x23, 0xD3, 0x76, 0x39,
    0x12, 0x81, 0x73, 0x08, 0xB6, 0xED, 0x14, 0x1A, 0xA6, 0x8D, 0xC6, 0xC4, 0x37, 0xF1, 0x98, 0xA1,
    0xE2, 0x87, 0xE2, 0x71, 0x9D, 0xF4, 0xDA, 0xD4, 0xA9, 0xBB, 0xA5, 0xAB, 0xD4, 0x8D, 0x46, 0x65,
    0x0F, 0x7B, 0xAB, 0xF2, 0x5F, 0xBB, 0x59, 0xE5, 0x0F, 0x9A, 0x09, 0xCD, 0x52, 0x8F, 0xAA, 0xF4,
    0x11, 0x20, 0x62, 0x82, 0x47, 0x7A, 0x40, 0xD9, 0x68, 0x87, 0x8A, 0x34, 0x2D, 0x7D, 0x3B, 0x53,
    0xFD, 0x08, 0x16, 0xDD, 0xA6, 0x95, 0xAC, 0x8B, 0xD8, 0x1F, 0x22, 0x92, 0x54, 0x96, 0x6E, 0x50,
    0x62, 0xB6, 0xC2, 0x4B, 0x1E, 0x0E, 0xC6, 0x74, 0x15, 0xFF, 0x8F, 0xE8, 0xAF, 0x9A, 0x18, 0xAA,
    0x99, 0x89, 0xB5, 0x2C, 0x57, 0xC3, 0x70, 0x6B, 0x06, 0xAD, 0x64, 0xA1, 0x15, 0x74, 0x88, 0x10,
    0xA5, 0x6C, 0x4D, 0xD8, 0xE0, 0x7F, 0xF8, 0xA5, 0xE9, 0x42, 0x10, 0xCB, 0x26, 0x44, 0x92, 0x45,
    0x21, 0x35, 0x81, 0xCD, 0x4D, 0xC5, 0xB6, 0x54, 0x72, 0x1A, 0x9A, 0x6F, 0x46, 0x7D, 0xE3, 0xAB,
    0xCC, 0xE1, 0xAB, 0x5C, 0x96, 0x0E, 0xDF, 0x17, 0x28, 0x08, 0x6C, 0x0C, 0xBB, 0x58, 0x08, 0xA8,
    0x75, 0xBF, 0x2C, 0xCC, 0x7F, 0xE8, 0x9E, 0xB0, 0x48, 0x63, 0x59, 0xF1, 0xA4, 0x60, 0x07, 0x68,
    0x2E, 0xC4, 0x02, 0xC5, 0xAC, 0x44, 0x93, 0xF4, 0xD1, 0xC8, 0x1C, 0xD3, 0xFD, 0x6E, 0x64, 0xC9,
    0xB3, 0xE0, 0xB9, 0xD8, 0x6A, 0x26, 0x26, 0xCF, 0xEC, 0x9E, 0x99, 0x4D, 0xE3, 0x19, 0x0D, 0xCB,
    0x26, 0xB3, 0x34, 0xDD, 0x48, 0xE7, 0xF2, 0x91, 0x7E, 0x05, 0xDD, 0x27, 0xFA, 0x13, 0xCD, 0x40,
    0xE8, 0x46, 0x31, 0x37, 0xB9, 0xD3, 0x1D, 0x9A, 0x0C, 0x6D, 0x86, 0xAB, 0x29, 0xDB, 0xB2, 0x31,
    0xE8, 0x2E, 0x5F, 0x69, 0x6C, 0x6E, 0x68, 0xB5, 0x45, 0xE0, 0xC3, 0x5E, 0x63, 0x34, 0x31, 0xD0,
    0xE1, 0x37, 0x19, 0xD3, 0x81, 0x65, 0xBB, 0xC0, 0x3F, 0xF6, 0x29, 0x3A, 0x42, 0xB5, 0xC0, 0xB5,
    0x94, 0x6C, 0xD9, 0x69, 0xB6, 0x81, 0xEC, 0xF5, 0xE8, 0xE5, 0xC1, 0x33, 0x4A, 0xC6, 0x0B, 0x14,
    0xB3, 0x20, 0xB8, 0x7B, 0x68, 0x7D, 0x15, 0xDA, 0x1F, 0x99, 0x61, 0xB2, 0x27, 0x01, 0xD3, 0x31,
    0x96, 0x83, 0xC2, 0x31, 0x74, 0x9E, 0xBC, 0xC2, 0x63, 0x78, 0x18, 0x7A, 0xAB, 0xE7, 0xD6, 0x3C,
    0xD4, 0xD6, 0x38, 0x56, 0x5A, 0x1B, 0xC5, 0xB6, 0x5A, 0x67, 0xF4, 0x03, 0x3B, 0xB4, 0x94, 0x15,
    0x36, 0xB0, 0x48, 0x6B, 0x09, 0xE2, 0xCB, 0x25, 0x5E, 0xE0, 0x05, 0x82, 0x86, 0xD3, 0xF2, 0x56,
    0xB7, 0x44, 0xBC, 0x06, 0x75, 0x09, 0x20, 0xB9, 0x4D, 0x04, 0x1A, 0xF4, 0x55, 0x89, 0x94, 0xBE,
    0xC6, 0xD2, 0x9D, 0xCC, 0xB6, 0xD4, 0xAD, 0x38, 0xAF, 0x68, 0xA9, 0xA0, 0x28, 0x6F, 0xD9, 0x38,
    0xB1, 0xAC, 0x8A, 0x27, 0xA3, 0x84, 0xEB, 0x13, 0xB9, 0xF9, 0xAB, 0x23, 0x7A, 0x38, 0xF6, 0xA4,
    0x52, 0x30, 0x4F, 0xD2, 0x13, 0xE7, 0xFB, 0xD4, 0x65, 0x68, 0x35, 0x60, 0x0B, 0xCD, 0xBD, 0xB9,
    0x4F, 0x6B, 0x1B, 0xE6, 0x32, 0xAA, 0x8A, 0x55, 0x06, 0x70, 0xE1, 0x24, 0x46, 0x17, 0xA9, 0x8F,
    0x88, 0x1A, 0x8A, 0x91, 0x96, 0x2C, 0x60, 0x5F, 0x53, 0xFF, 0x65, 0xE4, 0x2B, 0x98, 0x01, 0x53,
    0xD8, 0xC4, 0xD7, 0xBF, 0x49, 0x24, 0x88, 0x6E, 0x9C, 0x01, 0x72, 0xF5, 0xBA, 0x5A, 0x0C, 0x31,
    0xFD, 0x06, 0x12, 0x7C, 0x83, 0xE7, 0x7E, 0x73, 0x70, 0x2A, 0xC4, 0x27, 0xB4, 0x27, 0x8B, 0x50,
    0x5E, 0xE6, 0x84, 0x83, 0x85, 0x85, 0x85, 0x87, 0x49, 0xC3, 0x35, 0xDF, 0xAB, 0xF4, 0xD2, 0xD5,
    0x96, 0xC0, 0x31, 0xE3, 0x16, 0x4D, 0x02, 0x7A, 0xA4, 0xBA, 0x1E, 0x1F, 0x48, 0xFD, 0x59, 0xC2,
    0x94, 0xF2, 0xAD, 0x32, 0x8E, 0x2B, 0x89, 0xAE, 0x85, 0xC6, 0x40, 0x4C, 0x12, 0x8A, 0x10, 0x34,
    0x6A, 0x93, 0x1C, 0x74, 0xF9, 0xE3, 0x26, 0x79, 0xD6, 0x15, 0x37, 0xEB, 0x64, 0xAF, 0xD3, 0x88,
    0xCA, 0x9E, 0xFB, 0xB9, 0xAE, 0xB2, 0x87, 0x0C, 0x4E, 0x7E, 0xFF, 0xC9, 0x80, 0xE8, 0xDC, 0xDF,
    0x43, 0x78, 0x8A, 0x9D, 0x67, 0x1D, 0xE2, 0x03, 0xC9, 0x85, 0x00, 0x5D, 0xF1, 0x97, 0x11, 0x9C,
    0x37, 0x3D, 0x43, 0x14, 0xCF, 0x88, 0x91, 0x41, 0xFB, 0xF7, 0x8C, 0x0F, 0xEC, 0x14, 0xB8, 0x44,
    0x0E, 0x1A, 0xE9, 0x11, 0x69, 0x91, 0x44, 0xE0, 0x12, 0x0A, 0x46, 0x38, 0x93, 0xCB, 0xCC, 0x46,
    0x98, 0x89, 0x94, 0x13, 0x5C, 0xC4, 0x43, 0x45, 0x8B, 0x87, 0xCA, 0x86, 0x70, 0x49, 0x18, 0x47,
    0x17, 0x62, 0xA9, 0xD1, 0x8A, 0x21, 0x3E, 0x5B, 0x2C, 0x6F, 0x23, 0x95, 0x87, 0xB8, 0x26, 0x13,
    0xC2, 0x0F, 0x19, 0xE6, 0xA9, 0xC3, 0x6C, 0x45, 0x8C, 0x93, 0x90, 0x54, 0x08, 0xAF, 0x05, 0xC3,
    0xE2, 0x20, 0xE4, 0x82, 0x89, 0x42, 0xD7, 0x03, 0xAD, 0x69, 0x08, 0x72, 0xA5, 0x3B, 0x54, 0x33,
    0x14, 0x59, 0x2B, 0xDD, 0x88, 0xA6, 0x79, 0x14, 0x5A, 0xA6, 0x39, 0x5C, 0x88, 0xEE, 0x35, 0x09,
    0x7F, 0x13, 0xDD, 0x19, 0xD1, 0xD4, 0x05, 0x74, 0x87, 0xB9, 0x6C, 0x92, 0x80, 0xEE, 0xED, 0xCA,
    0xDC, 0x80, 0xEE, 0x80, 0x3C, 0xD8, 0x9C, 0x8B, 0xCD, 0x68, 0x6F, 0x2F, 0xB0, 0xDC, 0x11, 0x2B,
    0xA3, 0x29, 0x13, 0x84, 0x94, 0xDF, 0x01, 0x38, 0xD9, 0x17, 0x3D, 0x6C, 0xE8, 0x10, 0x04, 0x88,
    0x82, 0x61, 0x8D, 0x06, 0xC0, 0x97, 0x13, 0xD2, 0xEA, 0x4B, 0xE5, 0xA7, 0x74, 0xDE, 0x22, 0xC1,
    0xBE, 0x42, 0x7E, 0x82, 0x72, 0x1A, 0xC2, 0x84, 0x97, 0x1E, 0x0E, 0x5A, 0x2D, 0x3A, 0x45, 0xAB,
    0xA5, 0xA7, 0x69, 0xB5, 0xEE, 0x10, 0x7B, 0xBF, 0x41, 0xA6, 0x0D, 0x12, 0x46, 0x4E, 0x56, 0x67,
    0x82, 0x24, 0x93, 0x6E, 0xF0, 0x4C, 0x7A, 0x3E, 0x94, 0x77, 0x50, 0x5B, 0x6D, 0x59, 0x7B, 0xB6,
    0x01, 0xD2, 0x8C, 0xA4, 0x33, 0xE7, 0x95, 0x91, 0x3E, 0xB0, 0xD2, 0x9E, 0x33, 0x5C, 0xD2, 0xFD,
    0x74, 0x76, 0x14, 0xC4, 0x76, 0x42, 0x87, 0x38, 0x69, 0x9B, 0x84, 0x23, 0xEE, 0x29, 0x4A, 0x5C,
    0x25, 0x38, 0x3F, 0x86, 0x94, 0x15, 0x01, 0x64, 0x61, 0x50, 0xFE, 0x84, 0xDD, 0xFB, 0x4C, 0xF4,
    0xB8, 0xE3, 0xD2, 0x2E, 0x32, 0x23, 0xE1, 0x92, 0x93, 0x65, 0xCA, 0xC7, 0x94, 0xAD, 0xD7, 0x08,
    0x06, 0x30, 0x33, 0x99, 0x10, 0xAD, 0x8C, 0x4C, 0x52, 0xB0, 0x2A, 0x50, 0xEE, 0xF3, 0xD7, 0xD6,
    0x0B, 0xD3, 0xA6, 0x5E, 0x68, 0x57, 0x7A, 0x41, 0x2F, 0x7A, 0x81, 0x5C, 0x49, 0xD5, 0x18, 0x20,
    0x5D, 0xF2, 0x26, 0x7C, 0xC6, 0xAC, 0x05, 0xD9, 0x27, 0x8A, 0x1C, 0xD8, 0x86, 0x8B, 0xB5, 0xC8,
    0x17, 0x59, 0x84, 0xAC, 0x41, 0x68, 0xCD, 0xD6, 0xE2, 0x02, 0x81, 0x93, 0x76, 0xA1, 0x95, 0x7D,
    0xBD, 0x15, 0x4A, 0xFF, 0x74, 0xBD, 0x6E, 0x43, 0x23, 0xA1, 0x73, 0x58, 0x7E, 0xB3, 0xFC, 0x2D,
    0xD0, 0x62, 0xF9, 0x35, 0x70, 0x05, 0xB7, 0x05, 0x6A, 0xE4, 0x6F, 0x92, 0x28, 0xFE, 0x06, 0x8B,
    0xF2, 0x6F, 0x0E, 0x68, 0xEC, 0x0D, 0x27, 0xAC, 0x9A, 0xBB, 0x8C, 0xC8, 0x49, 0x26, 0x83, 0x3F,
    0x50, 0x00, 0xA0, 0x17, 0x55, 0x06, 0x66, 0xA3, 0x4F, 0x52, 0xD5, 0x9E, 0xDD, 0x28, 0x37, 0x51,
    0xDE, 0x02, 0x6A, 0x7E, 0x05, 0x6B, 0x3E, 0x00, 0xDB, 0xFA, 0xD8, 0xF9, 0xF0, 0x58, 0xF9, 0x9B,
    0xA7, 0xE1, 0x6F, 0x9E, 0x96, 0x8C, 0x42, 0xE2, 0xCB, 0xB1, 0xE9, 0xE6, 0xB1, 0xF8, 0x5B, 0x4E,
    0xCF, 0x79, 0x3A, 0xFF, 0x13, 0xCE, 0xF3, 0xE1, 0x46, 0x4D, 0x23, 0x6A, 0x9E, 0x3F, 0xF1, 0x72,
    0x0B, 0x61, 0x5D, 0x78, 0x3D, 0x14, 0x0D, 0x7F, 0x0C, 0xAA, 0xC0, 0xB2, 0x79, 0x96, 0xEE, 0x39,
    0x12, 0x3D, 0xBF, 0xCF, 0x5A, 0x6B, 0x82, 0x68, 0x2F, 0x1C, 0x47, 0x80, 0xCC, 0x71, 0x04, 0xA0,
    0x02, 0x2A, 0x1D, 0x3A, 0xB1, 0xC1, 0x55, 0x95, 0x2C, 0x44, 0x2F, 0x35, 0xEE, 0xA5, 0xBF, 0x66,
    0x76, 0x18, 0x77, 0x28, 0x08, 0x83, 0x48, 0x7E, 0x22, 0xE2, 0x8E, 0xAB, 0xC6, 0x6E, 0x8F, 0x10,
    0x11, 0x76, 0xB0, 0x11, 0x6D, 0x66, 0x01, 0x86, 0xA6, 0xA5, 0x82, 0x28, 0x3A, 0x82, 0x5F, 0xD1,
    0x01, 0x99, 0xDB, 0xF2, 0x63, 0x6A, 0x12, 0x73, 0x87, 0x0A, 0xC2, 0x9F, 0xE3, 0x3A, 0x11, 0x71,
    0x3D, 0xC5, 0xE7, 0x09, 0x3B, 0x57, 0x9D, 0x2E, 0x45, 0xFE, 0xE8, 0xA8, 0xEA, 0x73, 0x41, 0xB3,
    0x51, 0xF9, 0x2D, 0xAA, 0xAF, 0x3E, 0x54, 0x7D, 0xC2, 0x4F, 0xB5, 0x0C, 0x4C, 0xA2, 0x0A, 0x88,
    0x11, 0x8B, 0x56, 0xE3, 0x74, 0x2A, 0xF3, 0x94, 0xDF, 0xC0, 0x0D, 0x62, 0x86, 0x6E, 0xA0, 0x0A,
    0x6A, 0x23, 0x7B, 0xA0, 0xB0, 0xD9, 0x45, 0x1E, 0x78, 0x16, 0x66, 0x2D, 0xB6, 0xD8, 0x2C, 0x78,
    0x0E, 0x19, 0x89, 0x5F, 0xD8, 0x96, 0xF5, 0x52, 0x5B, 0x39, 0x83, 0x83, 0x72, 0x6E, 0xD9, 0x30,
    0x2C, 0x0D, 0x21, 0x0E, 0xD6, 0x25, 0x01, 0x53, 0xD1, 0x7F, 0xC3, 0xF2, 0x44, 0x85, 0xD7, 0xC8,
    0x19, 0x1A, 0x98, 0x14, 0x53, 0xA0, 0xCA, 0x33, 0x02, 0x72, 0x89, 0x78, 0xAB, 0x30, 0x73, 0x2D,
    0xD1, 0x63, 0x3D, 0x09, 0xDA, 0x03, 0x08, 0x3A, 0x6E, 0xD9, 0x11, 0x1E, 0xC0, 0xA9, 0x5D, 0xB9,
    0xE2, 0x62, 0x8C, 0x67, 0x58, 0xF0, 0x9C, 0x46, 0xCB, 0x08, 0x70, 0x06, 0xE4, 0xCC, 0x08, 0xE3,
    0x05, 0x79, 0x5C, 0xDF, 0x21, 0x9D, 0x22, 0xBE, 0xA0, 0xBC, 0x91, 0xDA, 0x69, 0xA0, 0x72, 0xEA,
    0x45, 0x37, 0x21, 0x65, 0xF7, 0x5D, 0xE4, 0x0F, 0x1C, 0xF7, 0xCE, 0x7B, 0xCD, 0x08, 0xB6, 0x64,
    0x6C, 0xCD, 0xAB, 0x96, 0xDF, 0x4A, 0xD7, 0x68, 0xAB, 0xDB, 0x52, 0x78, 0x38, 0xE0, 0x16, 0x60,
    0xE0, 0x1D, 0x9A, 0x04, 0x15, 0x63, 0x1B, 0x04, 0x87, 0x0C, 0x84, 0x8C, 0xFF, 0x0D, 0x00, 0x25,
    0xA0, 0x6E, 0xB9, 0x8B, 0xCD, 0xED, 0xC4, 0x0A, 0x55, 0x16, 0x59, 0xB7, 0xB5, 0x95, 0x1E, 0xF1,
    0xA2, 0x6C, 0xBD, 0x0C, 0xB4, 0x56, 0xF2, 0x8D, 0x42, 0x87, 0x4B, 0x5B, 0xF3, 0x32, 0x3E, 0x78,
    0x4E, 0xB4, 0xC8, 0x29, 0x86, 0x50, 0x66, 0xB2, 0x14, 0x14, 0xD9, 0x57, 0xCC, 0xA5, 0xAE, 0xD8,
    0xDA, 0xEC, 0x72, 0x00, 0x83, 0xE8, 0x51, 0x84, 0x1F, 0x52, 0x89, 0x1A, 0x2A, 0x09, 0x33, 0x04,
    0x2C, 0xB2, 0x01, 0x22, 0x52, 0x0F, 0xBE, 0x45, 0x67, 0x21, 0x52, 0xC5, 0xB0, 0xB0, 0x4A, 0xF3,
    0x07, 0x30, 0x15, 0x9E, 0xE3, 0x8A, 0xA9, 0xF2, 0x6E, 0x3E, 0x5A, 0x31, 0x1D, 0x79, 0xA8, 0x59,
    0xB4, 0x3A, 0x68, 0xF9, 0x3D, 0xC4, 0xE2, 0x33, 0x87, 0x30, 0xBB, 0xC2, 0x69, 0xA7, 0x61, 0x89,
    0x5C, 0x75, 0xD9, 0x52, 0xC4, 0xC0, 0x86, 0x9A, 0xB1, 0x28, 0xD1, 0x7A, 0xB9, 0xF0, 0x7A, 0xBD,
    0xB2, 0x5D, 0xEA, 0x0C, 0x31, 0x0C, 0x4F, 0xDF, 0x16, 0x04, 0x0C, 0xFA, 0x78, 0xAE, 0x83, 0xDE,
    0x6C, 0xBF, 0x8B, 0xF7, 0x88, 0xF0, 0xB0, 0x1D, 0x36, 0xA0, 0x74, 0x8C, 0xDA, 0x46, 0xE8, 0x2A,
    0x1B, 0x33, 0x82, 0xCD, 0x9C, 0xA1, 0xC4, 0xCA, 0x76, 0x62, 0x09, 0xE6, 0x1F, 0x8B, 0xEE, 0xCD,
    0x85, 0xF6, 0xE4, 0xC6, 0x20, 0x85, 0x5B, 0xB9, 0xD3, 0x13, 0x04, 0xF5, 0xBB, 0x4E, 0xB0, 0x30,
    0x63, 0x55, 0x95, 0x73, 0xDE, 0x69, 0x4A, 0x3F, 0x74, 0x2D, 0x9A, 0xE8, 0x7A, 0xDE, 0x42, 0x39,
    0x6C, 0xF9, 0x16, 0x87, 0xA1, 0x14, 0x22, 0xF6, 0xD2, 0x1C, 0x7B, 0x88, 0xCA, 0x96, 0x1C, 0x81,
    0xEF, 0x92, 0xF1, 0x52, 0x3A, 0x5A, 0xDF, 0x5B, 0xDF, 0x6D, 0xCF, 0x00, 0xDD, 0xBC, 0xCD, 0x5B,
    0x0A, 0xB6, 0x90, 0x7D, 0x1D, 0xB2, 0x2F, 0x2C, 0xB5, 0xCE, 0x1C, 0x58, 0xC2, 0xA7, 0x93, 0x28,
    0x65, 0x3D, 0x72, 0x4A, 0x44, 0x61, 0xFD, 0x62, 0xAB, 0x56, 0x63, 0xD1, 0x08, 0xB8, 0x94, 0x6B,
    0xC8, 0x51, 0x2F, 0xBA, 0x9F, 0x4C, 0x63, 0x82, 0x43, 0x24, 0x04, 0xE4, 0xF9, 0xE9, 0x24, 0x39,
    0xCB, 0x3D, 0x25, 0x10, 0xA0, 0xF0, 0x2E, 0x6A, 0x6B, 0x17, 0xEA, 0xF6, 0x2A, 0x95, 0x1C, 0x55,
    0x92, 0x0F, 0xAA, 0xA9, 0x94, 0x60, 0xCF, 0x04, 0x11, 0xCA, 0x3A, 0x65, 0x89, 0xB8, 0x28, 0xF5,
    0x29, 0x19, 0xA2, 0x31, 0xED, 0xD1, 0xA3, 0x8E, 0xB3, 0x43, 0xDA, 0x83, 0x31, 0x81, 0x6C, 0x16,
    0x90, 0x7A, 0x8B, 0x78, 0xE5, 0xAB, 0x02, 0x41, 0xA9, 0xF4, 0x90, 0x82, 0xAD, 0x7A, 0x24, 0xC0,
    0x63, 0xB9, 0xEC, 0x5D, 0xFE, 0xF8, 0xEA, 0x81, 0xCB, 0x1F, 0xBC, 0xFB, 0x59, 0x57, 0xDC, 0xBB,
    0x76, 0xAF, 0x2D, 0xEF, 0xBD, 0x7F, 0xAD, 0xD1, 0xD7, 0x3C, 0x9A, 0xF5, 0xE2, 0x0C, 0x87, 0xF2,
    0x11, 0x95, 0x90, 0x0F, 0x28, 0x4B, 0x20, 0x10, 0xAD, 0x06, 0x86, 0x13, 0xC0, 0x09, 0xDB, 0xCB,
    0xE4, 0xE8, 0x19, 0x7C, 0x41, 0xCF, 0xD0, 0x4B, 0x68, 0x52, 0x74, 0x92, 0x74, 0x53, 0xB0, 0x7A,
    0x96, 0x88, 0x45, 0x47, 0x2A, 0x87, 0xF1, 0x02, 0x2E, 0x34, 0xAC, 0xB6, 0xF0, 0xD6, 0xAA, 0xE2,
    0x0A, 0x38, 0x96, 0x2D, 0x15, 0x97, 0x38, 0xA8, 0x98, 0x3D, 0xDF, 0xA0, 0xD3, 0xDB, 0x0C, 0xE5,
    0x92, 0x0D, 0xCB, 0xC4, 0xDA, 0x9D, 0x88, 0xF8, 0xA2, 0x38, 0x6C, 0x98, 0x2A, 0x47, 0x60, 0xD3,
    0x24, 0x93, 0xDE, 0x10, 0x79, 0xB0, 0xD0, 0x44, 0x65, 0x47, 0x15, 0x84, 0x7B, 0x4F, 0x2F, 0xD2,
    0x41, 0xB0, 0x7F, 0x2C, 0x9D, 0xD8, 0xFE, 0x18, 0xE1, 0xD9, 0x1D, 0x4E, 0x68, 0xBB, 0x15, 0x0D,
    0xAB, 0x72, 0x1F, 0x93, 0x4C, 0xEA, 0xA7, 0xBC, 0x7F, 0x05, 0x45, 0x2B, 0xA0, 0xC4, 0x87, 0x30,
    0xE1, 0x08, 0x2C, 0x7D, 0xBF, 0x44, 0x20, 0xBD, 0x43, 0xC3, 0xC1, 0x62, 0x28, 0x9C, 0xE4, 0x99,
    0xBF, 0xEB, 0x89, 0x6C, 0xD8, 0x3B, 0x1B, 0x8B, 0x11, 0xFA, 0x13, 0xA7, 0x81, 0x5C, 0x1D, 0xFB,
    0x9D, 0xD6, 0x23, 0x06, 0x2D, 0xFD, 0xA6, 0x07, 0xEC, 0x76, 0x78, 0x2F, 0x7D, 0x6F, 0x05, 0x01,
    0xBC, 0xE8, 0x25, 0xF2, 0xBB, 0x8F, 0x88, 0xBB, 0x54, 0xCA, 0xE4, 0x57, 0xC5, 0xA9, 0x47, 0xD2,
    0xAD, 0x66, 0x82, 0xDA, 0xCC, 0x66, 0xB6, 0x54, 0xA5, 0x56, 0x4C, 0x36, 0xEC, 0x96, 0x5B, 0x2B,
    0x45, 0xA7, 0x59, 0xA6, 0x7A, 0xAD, 0xE8, 0xE8, 0x98, 0x78, 0x15, 0xAD, 0x65, 0x9D, 0xA5, 0xD4,
    0xA2, 0x40, 0x3D, 0x2C, 0x67, 0x2E, 0x7C, 0x9A, 0x9B, 0x4A, 0x3C, 0x24, 0x18, 0x4C, 0x08, 0x87,
    0x58, 0xD1, 0x6B, 0x4D, 0x3E, 0x58, 0x22, 0x28, 0x4E, 0x2F, 0x9B, 0x09, 0xED, 0x78, 0x7B, 0xC4,
    0x72, 0x45, 0x16, 0xE8, 0x1C, 0xBD, 0x33, 0xC0, 0x9F, 0x87, 0x9F, 0x7B, 0x02, 0x98, 0x0C, 0x12,
    0x48, 0xA6, 0xA5, 0x5A, 0x94, 0xDD, 0x8B, 0x93, 0xBB, 0x87, 0xC5, 0xD3, 0x2E, 0x4F, 0xE2, 0x33,
    0x17, 0x70, 0x9A, 0x7E, 0x9F, 0x10, 0x1B, 0x84, 0x1D, 0x8D, 0xA2, 0xBD, 0x85, 0xB8, 0x45, 0x15,
    0x40, 0x48, 0x8B, 0x27, 0x62, 0xE0, 0x80, 0x97, 0x81, 0x60, 0x4C, 0x49, 0xD9, 0x7E, 0x8D, 0x7E,
    0x9C, 0xE9, 0x4F, 0xA3, 0x47, 0x2F, 0xC8, 0x17, 0x6C, 0xD0, 0x54, 0xC4, 0xEA, 0xE8, 0xBB, 0x26,
    0xF0, 0x02, 0x2A, 0x59, 0xEF, 0x84, 0xD6, 0x2B, 0x67, 0x54, 0xE8, 0xBF, 0x8C, 0xC7, 0x64, 0x39,
    0x35, 0x0D, 0xDF, 0xCC, 0x99, 0xD7, 0xA6, 0x90, 0xB7, 0x99, 0x61, 0xC9, 0xEE, 0x82, 0xEA, 0x76,
    0xC9, 0x2B, 0x2C, 0x41, 0x95, 0xA0, 0x52, 0xC0, 0x8E, 0x3E, 0x21, 0x5D, 0xF9, 0x6C, 0x86, 0x87,
    0xB0, 0x08, 0x18, 0xA0, 0x47, 0xBB, 0x0F, 0xC6, 0xE8, 0xCA, 0x4F, 0x5E, 0xD6, 0x9E, 0xD0, 0x09,
    0xA3, 0x1D, 0x7C, 0x4D, 0xD6, 0x93, 0x99, 0x45, 0x19, 0x49, 0xB7, 0xD4, 0x36, 0xDE, 0x65, 0x98,
    0x4B, 0xE0, 0xAF, 0xDE, 0x50, 0x23, 0x64, 0x0C, 0xF4, 0x2C, 0x8A, 0xDA, 0xF7, 0x01, 0xAD, 0xD8,
    0x3D, 0x59, 0x1F, 0x7B, 0xE9, 0x2B, 0x30, 0xE2, 0xBE, 0x38, 0xCE, 0x6A, 0x8C, 0x26, 0xB8, 0x1F,
    0x01, 0x7A, 0x10, 0x12, 0x88, 0x03, 0x28, 0x04, 0xBC, 0x33, 0x14, 0x68, 0x99, 0xBE, 0x78, 0x0E,
    0xDC, 0x86, 0x5A, 0xB9, 0x80, 0x14, 0x99, 0x8B, 0x28, 0x18, 0x0F, 0x97, 0xFC, 0x4C, 0xDC, 0x40,
    0x5B, 0xA0, 0x63, 0x74, 0xB3, 0xA8, 0x94, 0xA3, 0x53, 0x0D, 0xE2, 0x40, 0xFE, 0xC3, 0xEB, 0xF5,
    0x2A, 0x17, 0x65, 0x1B, 0x38, 0x91, 0xBC, 0x12, 0x83, 0xF3, 0x20, 0x54, 0x72, 0xCE, 0x68, 0x3D,
    0x05, 0x3B, 0x1A, 0x9B, 0xA8, 0x3F, 0xA6, 0x9C, 0x3F, 0x21, 0xFA, 0xFB, 0x4B, 0xA5, 0x33, 0xBE,
    0x35, 0x90, 0x74, 0xFC, 0x12, 0x68, 0x02, 0x58, 0xF4, 0xC4, 0x5B, 0x0F, 0x00, 0x33, 0x57, 0x60,
    0x2C, 0x7A, 0x2B, 0xF7, 0x13, 0x17, 0xA8, 0xD5, 0xC2, 0x03, 0x1F, 0xCA, 0x3B, 0x80, 0x09, 0xE8,
    0x88, 0x64, 0xD0, 0x97, 0x27, 0x00, 0x1E, 0x86, 0x31, 0x88, 0x74, 0xE8, 0x4A, 0xAB, 0xB2, 0x7D,
    0xF2, 0xED, 0x24, 0x44, 0x47, 0x4D, 0xE4, 0xA9, 0xAC, 0x81, 0xB9, 0x70, 0x51, 0x31, 0x22, 0x5A,
    0x2E, 0xF0, 0xEA, 0xC5, 0x2E, 0x86, 0x77, 0xE9, 0xC8, 0x6E, 0x87, 0xD5, 0x2D, 0xCB, 0x93, 0x63,
    0x19, 0xAA, 0x39, 0x61, 0x2F, 0xF6, 0xCB, 0x4C, 0xF0, 0x62, 0x5C, 0xAA, 0x5E, 0xCB, 0x91, 0xBC,
    0xB2, 0x56, 0xAF, 0x17, 0x87, 0x5D, 0xFB, 0xA2, 0x7B, 0x2D, 0x13, 0x06, 0xFF, 0x86, 0xFB, 0x2A,
    0x9D, 0xDF, 0x5A, 0xCA, 0x19, 0xB2, 0xEE, 0xE0, 0x10, 0x75, 0xF3, 0x5E, 0x50, 0x17, 0x1D, 0x5F,
    0x34, 0xC7, 0x7B, 0x23, 0x4C, 0x77, 0x1B, 0xA3, 0x0A, 0x35, 0x3A, 0xB1, 0xC5, 0xBA, 0x05, 0x59,
    0x7E, 0xAF, 0x0E, 0xFF, 0x99, 0xC2, 0x64, 0x17, 0x2F, 0x68, 0xF3, 0xA2, 0x7A, 0x46, 0x90, 0x38,
    0x01, 0x12, 0x0F, 0x82, 0xC4, 0xBE, 0xD5, 0x68, 0x62, 0xFC, 0x3B, 0x81, 0xC4, 0x50, 0x4D, 0x10,
    0x4F, 0x78, 0xAF, 0x68, 0xBF, 0x0F, 0xCC, 0xC9, 0x51, 0x13, 0xBE, 0x8A, 0x28, 0x2A, 0x1D, 0x2A,
    0xEC, 0x7A, 0xEE, 0x90, 0x5B, 0x04, 0x6C, 0x1B, 0x79, 0x7D, 0x47, 0xAC, 0xC7, 0xBF, 0x0F, 0x97,
    0xB9, 0x02, 0x05, 0x84, 0xB4, 0xA2, 0x16, 0x33, 0x3E, 0x4B, 0xDC, 0xC2, 0x0E, 0x0B, 0xEA, 0x0B,
    0xF0, 0x53, 0xAF, 0xE2, 0xC9, 0xDD, 0x3A, 0x7D, 0xDC, 0xA4, 0x0F, 0x9A, 0xE4, 0x6E, 0x75, 0xEC,
    0xC5, 0xFC, 0xE4, 0x8B, 0xF5, 0xE1, 0x8B, 0x72, 0xE4, 0xBA, 0xD1, 0x3E, 0x54, 0xEB, 0x79, 0x66,
    0xB3, 0x0D, 0xD6, 0xAD, 0xD0, 0x05, 0xD0, 0x24, 0x5C, 0x9E, 0x46, 0x50, 0x1B, 0x81, 0x37, 0xA3,
    0x04, 0x16, 0xB2, 0x48, 0x44, 0x14, 0x81, 0x92, 0x09, 0x57, 0x52, 0x06, 0xF8, 0x58, 0x46, 0x26,
    0x2B, 0x13, 0x13, 0xD9, 0x0C, 0x49, 0xA1, 0x60, 0x47, 0xE3, 0x22, 0xD3, 0xE8, 0xDC, 0x8E, 0x43,
    0x2A, 0x57, 0xF2, 0x3B, 0x14, 0xA8, 0xE3, 0xB7, 0x96, 0x33, 0x93, 0x02, 0xA9, 0x40, 0xA0, 0x27,
    0x6C, 0x71, 0x45, 0x7D, 0x41, 0x33, 0x69, 0x58, 0xE6, 0x68, 0x1A, 0x78, 0x6D, 0xD1, 0x70, 0x22,
    0xDC, 0x59, 0x4F, 0xCF, 0xFD, 0x67, 0x33, 0xA7, 0x1E, 0xE2, 0x66, 0x58, 0x6B, 0x73, 0x19, 0xB2,
    0xA5, 0xA6, 0x29, 0x18, 0x7C, 0xD1, 0xB5, 0x16, 0x1D, 0x5C, 0x9F, 0xAC, 0xC2, 0xE9, 0xCB, 0xAB,
    0x30, 0x3F, 0xB5, 0x0A, 0xED, 0x52, 0x85, 0x5B, 0x37, 0x02, 0xDB, 0x31, 0x38, 0xD8, 0x24, 0xBA,
    0xB1, 0x84, 0xF6, 0x05, 0xD5, 0x96, 0x48, 0x53, 0x5C, 0x29, 0x5C, 0x8D, 0xDD, 0x7F, 0x4A, 0xF1,
    0xA9, 0xAD, 0xEA, 0x47, 0xDC, 0x0C, 0xFF, 0xCB, 0x3F, 0x61, 0x9A, 0x39, 0x5F, 0x89, 0xAC, 0x5E,
    0x66, 0xDA, 0x6F, 0x9C, 0xE3, 0x5F, 0xD8, 0xF2, 0xEF, 0x62, 0xBF, 0x21, 0xB4, 0x2F, 0x21, 0x2C,
    0x95, 0xD6, 0xC6, 0x00, 0xE7, 0xC8, 0x43, 0xD0, 0x98, 0x60, 0xC8, 0xA2, 0x25, 0x1B, 0x01, 0xDD,
    0x15, 0x3F, 0xC3, 0x5E, 0xF8, 0x0C, 0xBB, 0x51, 0xCB, 0xC4, 0xD0, 0x9A, 0x80, 0x4B, 0xFF, 0x06,
    0x76, 0xCD, 0x38, 0x9F, 0xD9, 0xDC, 0x9F, 0xC7, 0x50, 0x5A, 0xDA, 0x8B, 0x0E, 0xEE, 0x90, 0xE7,
    0xCD, 0xAC, 0x39, 0x0B, 0x8E, 0xC2, 0x41, 0x43, 0x49, 0xC1, 0xD8, 0x93, 0xEB, 0x0B, 0xC7, 0x4A,
    0x23, 0xFF, 0x06, 0x5D, 0xC4, 0xF9, 0x88, 0x8A, 0x08, 0xF9, 0x41, 0x90, 0x60, 0x33, 0xA2, 0x64,
    0x62, 0x0F, 0x83, 0xF4, 0x39, 0x8F, 0x47, 0xF5, 0x45, 0x08, 0x57, 0xA5, 0xDF, 0xF6, 0x6C, 0x36,
    0xCB, 0x50, 0x95, 0x33, 0xE5, 0x42, 0x31, 0x32, 0x58, 0x98, 0xB7, 0xA4, 0xA5, 0x44, 0x81, 0x2C,
    0x5D, 0xA3, 0x17, 0x39, 0x6D, 0x70, 0xAD, 0x1A, 0x30, 0x41, 0x65, 0xA4, 0x32, 0x7B, 0x79, 0xC1,
    0xF0, 0xA0, 0x36, 0x43, 0xD4, 0xCA, 0xC6, 0x02, 0x6E, 0x88, 0xAD, 0x9C, 0xFB, 0xAE, 0x8B, 0x42,
    0x55, 0x90, 0xA8, 0x6D, 0x98, 0x5A, 0x53, 0xB0, 0x06, 0xE6, 0x43, 0xE9, 0xFE, 0xFC, 0x37, 0x00,
    0x19, 0x54, 0xF5, 0xC2, 0x77, 0x88, 0x0D, 0x5F, 0xF7, 0x8C, 0xFB, 0x8C, 0x50, 0x1D, 0x4C, 0x1A,
    0xF4, 0xD5, 0x1B, 0xC0, 0x5A, 0x2D, 0xAD, 0xF0, 0x88, 0xB2, 0x0F, 0x61, 0x9F, 0xC1, 0xBA, 0x3D,
    0x18, 0x75, 0x56, 0x3F, 0x46, 0x4F, 0x12, 0x32, 0x47, 0x0E, 0x4A, 0x89, 0xCC, 0x49, 0x89, 0x74,
    0x57, 0x2A, 0x6B, 0x26, 0x6A, 0x21, 0x97, 0xE1, 0x08, 0x59, 0x10, 0xE5, 0x46, 0x24, 0x2D, 0x5A,
    0xA6, 0x1B, 0x19, 0xEE, 0xB6, 0x50, 0x10, 0x64, 0x4C, 0x5D, 0x67, 0x5C, 0x81, 0x3D, 0xFB, 0x52,
    0x69, 0x24, 0x74, 0xCF, 0x8E, 0xF0, 0x3D, 0x5A, 0xA2, 0x7D, 0x15, 0x84, 0x58, 0x85, 0x11, 0x4C,
    0x06, 0x30, 0x59, 0x8A, 0x66, 0xE2, 0x26, 0x8C, 0x51, 0xE3, 0x23, 0x14, 0x8A, 0x25, 0xCA, 0x22,
    0x4F, 0xA6, 0xCA, 0x44, 0xCC, 0x1D, 0x0A, 0x32, 0x29, 0x33, 0x82, 0xCD, 0x74, 0x8B, 0xD6, 0xDE,
    0x62, 0xA9, 0x18, 0x8A, 0x46, 0x2F, 0xA3, 0x5C, 0x88, 0x32, 0x52, 0x8D, 0x43, 0x66, 0xA3, 0xAB,
    0x68, 0x34, 0x1A, 0x6C, 0x7C, 0xAB, 0xAC, 0x33, 0x37, 0x51, 0x0E, 0x4F, 0x45, 0x53, 0xDE, 0xC6,
    0x70, 0x05, 0x0D, 0xC9, 0x3A, 0x47, 0x29, 0x44, 0xB8, 0x30, 0xC2, 0xA9, 0xEC, 0x00, 0xC8, 0xFD,
    0x4F, 0xC0, 0xF9, 0x5D, 0x24, 0xF7, 0x33, 0xEA, 0x0E, 0xC7, 0xE8, 0x24, 0xF3, 0x41, 0x9F, 0xED,
    0xFD, 0x66, 0xC8, 0x1F, 0x3E, 0x1D, 0xCB, 0x9D, 0x27, 0x23, 0x26, 0x44, 0x78, 0xA5, 0xB2, 0x89,
    0x39, 0xCD, 0x65, 0x45, 0x11, 0xA1, 0x50, 0xD0, 0x28, 0xF4, 0x17, 0x41, 0x06, 0x5B, 0x63, 0x7E,
    0x81, 0xCF, 0x5A, 0x62, 0xE8, 0x2B, 0x51, 0xE7, 0x55, 0x26, 0xEA, 0x08, 0x59, 0xBE, 0x79, 0xB3,
    0x46, 0x0C, 0xF5, 0x36, 0xB4, 0xD6, 0xAC, 0x81, 0x30, 0x3B, 0xA3, 0x81, 0x55, 0xBB, 0x83, 0xCD,
    0x1B, 0x7D, 0xCF, 0xDD, 0xCA, 0x5B, 0xD4, 0xE9, 0x84, 0xD5, 0x50, 0xF1, 0xB2, 0xEC, 0x5A, 0xB4,
    0x83, 0xEF, 0x12, 0xD8, 0xD3, 0xA5, 0x2E, 0x39, 0xC0, 0x3C, 0x94, 0xEE, 0x71, 0x34, 0x79, 0xC8,
    0x89, 0xC2, 0xF7, 0x5C, 0x86, 0xA2, 0x99, 0xE7, 0xA1, 0xBC, 0x32, 0x4D, 0xA3, 0x3E, 0xF7, 0xF9,
    0x30, 0xEA, 0x8B, 0x4F, 0xB1, 0x14, 0xF7, 0xFB, 0xC9, 0xE8, 0x1D, 0x37, 0x4B, 0x9C, 0xEB, 0x10,
    0x77, 0x06, 0x6B, 0x66, 0xDC, 0x20, 0x65, 0x82, 0x88, 0x42, 0x34, 0xA5, 0x9B, 0x2D, 0x2B, 0x35,
    0x12, 0x2C, 0xCF, 0xF9, 0x38, 0x83, 0x89, 0x02, 0xB6, 0xDB, 0xF7, 0x08, 0x0E, 0xFA, 0x2E, 0x35,
    0x17, 0xFC, 0x87, 0x6F, 0x5C, 0xD3, 0xDE, 0x9C, 0x67, 0xF1, 0x59, 0xB0, 0x48, 0xD1, 0x7A, 0xAC,
    0xC8, 0x1E, 0x1B, 0xD7, 0x50, 0xB2, 0x19, 0x2F, 0x22, 0x0F, 0x07, 0x15, 0x57, 0x70, 0x4E, 0xBE,
    0x8B, 0xBA, 0x02, 0x83, 0x31, 0x4B, 0xC4, 0x17, 0x20, 0x12, 0x15, 0x9F, 0x4A, 0x9E, 0x3E, 0x07,
    0x89, 0x3D, 0xFC, 0x1C, 0xC5, 0xB5, 0xF3, 0x04, 0x53, 0xD1, 0xEE, 0x13, 0x80, 0xC1, 0x05, 0x22,
    0x81, 0x65, 0xD4, 0x1A, 0x28, 0x4B, 0xB9, 0xCD, 0xFC, 0x0B, 0x61, 0x86, 0xF6, 0xE2, 0x94, 0x12,
    0xB1, 0x5A, 0x39, 0x8E, 0x02, 0x8A, 0xD0, 0x4B, 0xC6, 0xD6, 0x12, 0xEA, 0x59, 0xA9, 0x30, 0x09,
    0x49, 0xC1, 0x92, 0x21, 0x9C, 0x7E, 0xFF, 0x57, 0x24, 0x47, 0x8B, 0x50, 0xA0, 0x66, 0xA7, 0x72,
    0x07, 0xC6, 0x7E, 0x32, 0x62, 0x70, 0x50, 0x25, 0x86, 0x87, 0xAB, 0x00, 0xE2, 0xBB, 0x4E, 0x6E,
    0xD7, 0x9C, 0x39, 0x87, 0xDB, 0xDB, 0xAD, 0x15, 0x72, 0x85, 0xEB, 0x4D, 0x02, 0x05, 0x07, 0x31,
    0xE7, 0x4A, 0x6C, 0x9C, 0xBA, 0xFC, 0x36, 0x78, 0xBD, 0x4B, 0x77, 0x02, 0xEF, 0x34, 0x1B, 0x1C,
    0x04, 0x64, 0xBF, 0x3D, 0xCD, 0xD8, 0xF1, 0xEA, 0xD3, 0x01, 0x5B, 0x9C, 0x7F, 0xDA, 0xC3, 0x89,
    0x8B, 0xF7, 0xB9, 0x16, 0x3B, 0x28, 0x17, 0xA3, 0xCF, 0x63, 0x55, 0x69, 0xF3, 0x73, 0x95, 0xFC,
    0x33, 0x6C, 0x44, 0x50, 0x89, 0xC6, 0xDB, 0xA2, 0x6E, 0x47, 0xF5, 0x11, 0x5C, 0x7A, 0x15, 0x82,
    0x5A, 0x45, 0x0B, 0xB7, 0x9E, 0xC5, 0x56, 0xD8, 0x5A, 0x0B, 0x68, 0xB4, 0xC4, 0x26, 0x54, 0x78,
    0x1F, 0x2E, 0xA4, 0x2B, 0xB2, 0x54, 0xCA, 0x0D, 0xAD, 0xB2, 0xC0, 0x05, 0xC4, 0x59, 0x20, 0x86,
    0xC3, 0x8F, 0x11, 0x2D, 0x3B, 0x04, 0xA0, 0x3F, 0x03, 0x5A, 0xCA, 0x76, 0xE1, 0x0C, 0xCE, 0x3A,
    0xCB, 0xCE, 0xC7, 0x79, 0xE6, 0x66, 0xAF, 0x5E, 0x25, 0xED, 0x03, 0xC8, 0xCE, 0x58, 0x98, 0xCF,
    0x04, 0x31, 0xD5, 0xC4, 0x74, 0xC2, 0x3F, 0xEE, 0xDB, 0x98, 0x24, 0x11, 0xEC, 0xD2, 0xDF, 0x08,
    0x5A, 0x4E, 0x48, 0x7D, 0x10, 0x7A, 0x4F, 0x85, 0xDC, 0xF9, 0x24, 0xD0, 0x09, 0x2B, 0xF1, 0x12,
    0x95, 0x5A, 0xCD, 0xE8, 0x61, 0x03, 0xDD, 0x85, 0x4F, 0xA3, 0x91, 0x28, 0x8A, 0xDC, 0xE0, 0x53,
    0x14, 0xAF, 0xAE, 0x26, 0xD4, 0x84, 0x7E, 0x83, 0x74, 0x0E, 0xB9, 0x5B, 0x52, 0x48, 0x2D, 0xD1,
    0xA3, 0xC7, 0x0C, 0x61, 0xD0, 0x1F, 0xAB, 0x55, 0x26, 0xB7, 0x30, 0x18, 0x86, 0x01, 0xEE, 0xF4,
    0x11, 0x8E, 0x28, 0xE2, 0x4C, 0x86, 0x36, 0xB0, 0x14, 0x06, 0x33, 0x95, 0xFF, 0x94, 0x39, 0x0E,
    0x88, 0x8E, 0x03, 0x22, 0x92, 0x0A, 0x38, 0x44, 0x4A, 0x41, 0x17, 0x49, 0x0F, 0xBB, 0x52, 0x68,
    0x6C, 0xF3, 0xDE, 0x13, 0x62, 0x30, 0x2A, 0xBC, 0x64, 0xD6, 0xB6, 0x3C, 0xD1, 0xE5, 0xF8, 0xEE,
    0xD5, 0xC2, 0x6B, 0x61, 0x70, 0xD9, 0x0A, 0x7D, 0xD0, 0xD3, 0xD4, 0x49, 0x25, 0x73, 0x0C, 0xCC,
    0xA2, 0x9E, 0x00, 0x4E, 0x9A, 0x8A, 0x72, 0x8B, 0xDA, 0xD7, 0x43, 0xB8, 0xAF, 0x16, 0xAB, 0x84,
    0xDF, 0x38, 0x26, 0x55, 0x48, 0xA6, 0xAE, 0x53, 0x84, 0xA2, 0x2B, 0xC8, 0xFE, 0xC8, 0x65, 0xCA,
    0xB6, 0xA0, 0xBE, 0xC1, 0xF6, 0x1D, 0x32, 0x43, 0x89, 0x8C, 0x50, 0xB7, 0x24, 0x31, 0xCD, 0x0D,
    0x80, 0x7D, 0x20, 0x31, 0x5C, 0x73, 0x20, 0x49, 0x65, 0xCF, 0x4D, 0x92, 0x56, 0x56, 0xC4, 0xD6,
    0x2C, 0x9A, 0xCE, 0x42, 0xAE, 0x78, 0x04, 0xDE, 0x1B, 0xBC, 0x69, 0x28, 0x77, 0x48, 0x5A, 0xA4,
    0xAC, 0x37, 0x70, 0x16, 0xAB, 0xF8, 0x3C, 0x09, 0x0A, 0x15, 0xF4, 0x3E, 0x66, 0x27, 0xF4, 0x46,
    0x69, 0x49, 0x4F, 0x01, 0x43, 0x29, 0x77, 0xD9, 0xF3, 0x4C, 0x1C, 0xDE, 0xEA, 0x40, 0x6D, 0x9D,
    0x21, 0x7E, 0xA1, 0xEC, 0xF5, 0x79, 0xA4, 0x0A, 0x54, 0x89, 0x2E, 0x50, 0xA5, 0x69, 0x4E, 0x7D,
    0xAF, 0xBC, 0x87, 0xAA, 0x01, 0x46, 0x26, 0x9F, 0x22, 0x26, 0xEE, 0x83, 0xD5, 0x70, 0xF7, 0x52,
    0x6C, 0x32, 0x08, 0x68, 0x79, 0x11, 0xC5, 0xB1, 0x8B, 0xB6, 0xBE, 0xED, 0x96, 0xBD, 0x5F, 0xCC,
    0xCE, 0x90, 0x39, 0x15, 0x92, 0x27, 0xB8, 0x26, 0xC0, 0x16, 0x52, 0xC8, 0x0A, 0x03, 0xA6, 0xA6,
    0x2E, 0x9E, 0x90, 0x19, 0x73, 0x1E, 0x23, 0x24, 0x0A, 0xDF, 0x9C, 0xEB, 0x51, 0x41, 0x0D, 0xEF,
    0x28, 0x1D, 0x34, 0xCC, 0xB9, 0x81, 0xB2, 0x52, 0xD9, 0x37, 0x07, 0x94, 0x74, 0x05, 0x7D, 0x31,
    0x52, 0xAA, 0x45, 0x73, 0x34, 0x32, 0xBB, 0x09, 0x06, 0x3A, 0xD8, 0xD2, 0x20, 0xC1, 0x68, 0x7E,
    0xDD, 0x81, 0xF2, 0xFD, 0x92, 0x66, 0xF2, 0x33, 0x33, 0x6D, 0x9B, 0x90, 0x6C, 0x72, 0xA5, 0x5A,
    0xA4, 0x00, 0x6D, 0x99, 0xC2, 0x3D, 0x0D, 0xDD, 0x14, 0x79, 0xB7, 0xDC, 0x43, 0xBD, 0x13, 0x07,
    0x58, 0x1F, 0x9C, 0xF9, 0x38, 0x6A, 0x0E, 0x9C, 0x72, 0x21, 0x40, 0xD2, 0xA1, 0xEC, 0xEC, 0x9B,
    0xAC, 0xED, 0xC6, 0xBC, 0xC1, 0xEA, 0xAE, 0xF4, 0xE5, 0x91, 0x8D, 0x68, 0xAA, 0x91, 0x1A, 0x08,
    0x37, 0x2B, 0xC5, 0x37, 0x4D, 0x52, 0x3A, 0xB7, 0x46, 0xA9, 0x1E, 0x1B, 0x70, 0xC1, 0x38, 0xA9,
    0x21, 0xD3, 0x4A, 0x19, 0x09, 0xE0, 0x2F, 0x85, 0xBE, 0xB2, 0x2B, 0x09, 0xE6, 0x2C, 0xF8, 0x21,
    0x9D, 0x89, 0x3A, 0x96, 0x27, 0x7E, 0x28, 0xE6, 0x55, 0x14, 0xF9, 0x3D, 0xA1, 0x66, 0x12, 0xBC,
    0x05, 0x0D, 0xBE, 0xE3, 0x6B, 0x44, 0x50, 0x37, 0x08, 0x1F, 0xE5, 0x06, 0xB5, 0x40, 0x2D, 0x62,
    0x5C, 0xB4, 0x78, 0x58, 0x0C, 0x74, 0x33, 0x60, 0x4A, 0x37, 0x88, 0xBC, 0xFE, 0xF5, 0x83, 0x89,
    0x31, 0xE2, 0x8C, 0x84, 0x13, 0x62, 0xE9, 0x87, 0x82, 0xFD, 0x90, 0x31, 0x5D, 0x29, 0x03, 0x26,
    0x9A, 0x88, 0xFA, 0xA0, 0xD1, 0x9F, 0xDD, 0x84, 0xC2, 0xA0, 0xEE, 0xCB, 0x3B, 0x34, 0xDE, 0x72,
    0x81, 0x6D, 0xB0, 0xB1, 0xFD, 0x07, 0x5F, 0x6B, 0x91, 0x10, 0x43, 0x10, 0xB7, 0x7F, 0x7E, 0x68,
    0x6F, 0x22, 0xB9, 0x4E, 0xFF, 0xDF, 0x47, 0xFC, 0xE4, 0xF5, 0x00, 0x59, 0xB2, 0x7E, 0x47, 0xD6,
    0x1F, 0xAC, 0xE7, 0xD9, 0xB3, 0x53, 0x24, 0xC8, 0x98, 0x78, 0x97, 0x70, 0xD8, 0x1B, 0xD2, 0xF1,
    0x95, 0x28, 0x11, 0x52, 0x44, 0x69, 0x74, 0xCC, 0x05, 0x23, 0xB5, 0x5E, 0x6B, 0x26, 0xCF, 0x54,
    0x67, 0x6E, 0xC4, 0x58, 0xC1, 0xCE, 0x23, 0xE6, 0x0B, 0x4C, 0x32, 0x84, 0x82, 0xAC, 0x67, 0x00,
    0x0A, 0x87, 0x52, 0x6D, 0x0C, 0xB5, 0x90, 0x30, 0xFF, 0x01, 0x2D, 0xB1, 0xB5, 0x65, 0x30, 0x0B,
    0x01, 0x2E, 0x46, 0xD7, 0xA1, 0x68, 0xD5, 0x27, 0xE7, 0xEB, 0xE0, 0xB0, 0x8A, 0xB8, 0x24, 0xFC,
    0xF6, 0xB7, 0x56, 0x86, 0xD9, 0x16, 0xB4, 0x8F, 0xB1, 0x11, 0xEC, 0xDE, 0x78, 0xC2, 0x66, 0x3C,
    0xF1, 0xF0, 0x99, 0xA0, 0x34, 0x5B, 0xF5, 0x17, 0x6A, 0xF2, 0x90, 0x6F, 0x13, 0xFE, 0xC5, 0xA3,
    0x8F, 0xC6, 0x64, 0xF4, 0xE7, 0xA6, 0xBC, 0x27, 0x02, 0x39, 0xED, 0x89, 0xE0, 0x43, 0x3A, 0x09,
    0x29, 0x74, 0xB2, 0xB2, 0xB0, 0x3E, 0xDD, 0xA9, 0xD5, 0xE6, 0xCF, 0xB7, 0x29, 0xAC, 0x05, 0xE6,
    0xB8, 0xB2, 0xB4, 0xF3, 0xEF, 0xFC, 0x31, 0xCF, 0x7F, 0x65, 0x6D, 0xC9, 0x37, 0x22, 0xBB, 0xB7,
    0x48, 0xA1, 0x7E, 0x44, 0xDF, 0x0F, 0x09, 0x04, 0x6E, 0x36, 0x04, 0x22, 0x25, 0xD1, 0x1D, 0x99,
    0x6B, 0x97, 0x8B, 0xFF, 0x67, 0x56, 0x74, 0xF7, 0x8A, 0x0C, 0x87, 0x19, 0xCB, 0x8A, 0x13, 0x4D,
    0xE6, 0x02, 0xA0, 0xF0, 0x62, 0x45, 0x70, 0x73, 0xD2, 0x85, 0x19, 0xD0, 0x9B, 0x28, 0xBE, 0xD2,
    0xBD, 0x4A, 0xCC, 0x10, 0x64, 0xF6, 0xAB, 0x7F, 0x00, 0x38, 0x43, 0xE9, 0x8E, 0x6D, 0x44, 0xFC,
    0x8B, 0x44, 0x84, 0x47, 0xA2, 0x2D, 0x60, 0xDC, 0xFF, 0xC0, 0xF5, 0x27, 0x4A, 0x5D, 0x47, 0xCD,
    0x4E, 0x38, 0xA3, 0xA4, 0x3A, 0xE2, 0x59, 0xB0, 0x24, 0xCF, 0xEA, 0x9F, 0xE0, 0x2B, 0xF3, 0xB3,
    0x40, 0xF8, 0x04, 0x83, 0xE4, 0x01, 0xF4, 0xE9, 0xE5, 0x46, 0x6A, 0xF8, 0x7F, 0xAE, 0x82, 0x16,
    0x75, 0xDA, 0x3B, 0xEB, 0xDB, 0x00, 0xC1, 0x11, 0x6A, 0xCC, 0xB7, 0xD6, 0x77, 0xF3, 0xB9, 0xAE,
    0x84, 0x35, 0x1F, 0xA2, 0x65, 0x33, 0x94, 0x3E, 0x94, 0x7F, 0xF5, 0x9A, 0x22, 0x02, 0xA6, 0xFB,
    0x94, 0x06, 0x60, 0xF2, 0xD7, 0xB7, 0xF8, 0x67, 0x59, 0xAD, 0x0A, 0x2D, 0xDC, 0xDB, 0x5F, 0x86,
    0x7B, 0xF5, 0xEA, 0x91, 0x1A, 0x59, 0x08, 0x92, 0xA2, 0x0D, 0x00, 0x12, 0xD7, 0x78, 0xFA, 0xC6,
    0x0F, 0xD4, 0x57, 0xFD, 0x04, 0x12, 0xBF, 0x15, 0x66, 0xC6, 0xD8, 0x37, 0xFF, 0xE7, 0x7F, 0xB3,
    0xC0, 0xAB, 0xE6, 0x2B, 0x5F, 0xFC, 0xEB, 0xA5, 0x4D, 0xBE, 0xF8, 0xBC, 0xAF, 0xB2, 0xFB, 0xB7,
    0xC3, 0xED, 0xF7, 0xC3, 0x4D, 0x30, 0xE1, 0xFB, 0xE1, 0xF6, 0x13, 0xF5, 0x53, 0x15, 0x85, 0x8F,
    0xB0, 0xC9, 0x6B, 0x41, 0x6B, 0xE5, 0x0C, 0xE4, 0x46, 0x54, 0x4F, 0xFE, 0x5C, 0x52, 0xD2, 0x97,
    0x72, 0x5E, 0xDA, 0x4B, 0x69, 0x61, 0x60, 0x5A, 0x3E, 0xFD, 0xB2, 0x1F, 0x9C, 0xA5, 0x7E, 0x19,
    0xDC, 0xE9, 0x43, 0x8D, 0xFD, 0x54, 0xC5, 0x8F, 0x70, 0xF0, 0x1F, 0x07, 0xCB, 0xBE, 0xB3, 0x36,
    0x70, 0x8D, 0x48, 0x3F, 0x16, 0x56, 0x70, 0x28, 0xF7, 0xD4, 0x65, 0xD0, 0x07, 0xE0, 0x1F, 0x12,
    0x17, 0x5E, 0xDD, 0x5E, 0x44, 0x1D, 0x82, 0x8A, 0x71, 0x08, 0x43, 0xC7, 0x00, 0xB9, 0x65, 0x7A,
    0xA8, 0x2D, 0xDF, 0xC7, 0x23, 0xE0, 0x2B, 0x1E, 0xB2, 0x03, 0x97, 0xF4, 0xF9, 0xAF, 0x3A, 0xC8,
    0xD6, 0x6B, 0x6D, 0xEA, 0x30, 0x4E, 0x64, 0x4F, 0x30, 0xEF, 0xE4, 0x0F, 0xB1, 0x4B, 0xFE, 0x00,
    0xF2, 0x27, 0x7F, 0x8C, 0xB1, 0xAA, 0x40, 0x59, 0x92, 0x2C, 0xCD, 0x5B, 0xE8, 0x18, 0x3B, 0x69,
    0xD0, 0xE0, 0xA8, 0x3B, 0x25, 0x24, 0x29, 0x0A, 0x4C, 0xA4, 0x97, 0xD0, 0x03, 0x67, 0x3B, 0x14,
    0x73, 0x74, 0x23, 0xBA, 0x91, 0xF4, 0x89, 0x93, 0xE1, 0x90, 0xDA, 0xAD, 0xDC, 0x0F, 0x49, 0xE6,
    0x0C, 0xD2, 0x1D, 0x8E, 0xAB, 0x84, 0x7E, 0xCD, 0x0B, 0x70, 0x6F, 0x2A, 0x2B, 0xFA, 0xC5, 0xA2,
    0x7C, 0x2D, 0x90, 0xC8, 0x12, 0x97, 0x26, 0x8F, 0x37, 0x08, 0x45, 0x39, 0x76, 0x2F, 0xEB, 0xA0,
    0xB0, 0xE6, 0x40, 0x87, 0x36, 0xB0, 0x50, 0x2E, 0x8A, 0x08, 0xD3, 0x80, 0x17, 0x7D, 0x2F, 0x94,
    0x94, 0x60, 0x5E, 0x4D, 0x49, 0x36, 0x38, 0x1B, 0x78, 0x85, 0xAB, 0x6C, 0xC3, 0xB9, 0xA0, 0x9D,
    0xC6, 0x36, 0x20, 0x01, 0x74, 0x1A, 0x94, 0x01, 0xC4, 0x70, 0xF4, 0x77, 0x4B, 0x97, 0xFD, 0xEE,
    0x74, 0x09, 0xED, 0x61, 0x3C, 0x86, 0x25, 0x56, 0x23, 0x9C, 0x42, 0xE6, 0xA8, 0xD7, 0x1E, 0xA3,
    0x6D, 0x46, 0x0C, 0x26, 0xE6, 0x0D, 0xC8, 0x95, 0xD9, 0xBE, 0x31, 0x1B, 0xFE, 0xE9, 0x52, 0xA1,
    0x81, 0x8A, 0x63, 0x1F, 0xAE, 0x81, 0x93, 0x06, 0x07, 0x39, 0x5E, 0xC9, 0xF8, 0xBF, 0xA6, 0x64,
    0x38, 0x18, 0xD3, 0xDE, 0x0E, 0xB0, 0x81, 0x43, 0x57, 0x93, 0x93, 0xA0, 0xBA, 0xAC, 0x5A, 0x81,
    0xC1, 0x0A, 0x51, 0x44, 0x3D, 0x8E, 0xF0, 0x6D, 0x92, 0x7D, 0xFA, 0xC8, 0xA7, 0x43, 0xCC, 0xA9,
    0x85, 0xBF, 0x50, 0x19, 0x98, 0xBA, 0xFA, 0xD4, 0xBD, 0xE7, 0xB2, 0x3D, 0xEC, 0xB3, 0xEF, 0x5B,
    0xEE, 0x55, 0x3C, 0x06, 0xA5, 0xED, 0x7A, 0x50, 0x48, 0x8E, 0xF8, 0x45, 0x87, 0xC8, 0x14, 0x94,
    0x15, 0x2B, 0x69, 0x54, 0x21, 0x1A, 0x03, 0xE7, 0x36, 0x11, 0xF2, 0xC1, 0xCE, 0x8E, 0xA1, 0x8B,
    0x57, 0xDF, 0x2E, 0x4F, 0xA4, 0xC7, 0x40, 0x2B, 0xDF, 0x00, 0xAD, 0xB5, 0x9D, 0x42, 0x05, 0x67,
    0xAA, 0xE5, 0x53, 0xB1, 0x1C, 0x8C, 0xAE, 0xC2, 0x35, 0x1F, 0xDD, 0xA3, 0xFB, 0x82, 0x3D, 0x16,
    0xD4, 0x3C, 0x6E, 0x4F, 0x74, 0xCC, 0x1E, 0xCD, 0xB9, 0x43, 0xAE, 0xEE, 0xCB, 0xED, 0x11, 0xE5,
    0xC4, 0x99, 0xCF, 0xD7, 0x9B, 0x7E, 0x95, 0x78, 0x57, 0x0B, 0x98, 0xB7, 0x47, 0x6D, 0x6A, 0x17,
    0xF1, 0xFE, 0x45, 0xF1, 0x18, 0x96, 0x78, 0x04, 0xB1, 0x51, 0x23, 0xD6, 0xA8, 0x9B, 0xD2, 0xE5,
    0x6D, 0x8E, 0x36, 0x4E, 0x31, 0x14, 0xA4, 0x83, 0xE6, 0x55, 0xA7, 0xBD, 0xAE, 0x56, 0x3B, 0x97,
    0x5D, 0x04, 0xD9, 0x86, 0x38, 0x54, 0x14, 0x11, 0x31, 0xCE, 0x0C, 0xFF, 0x3F, 0x25, 0x2E, 0xF8,
    0x2E, 0x97, 0x81, 0x0B, 0xF3, 0xC4, 0x6D, 0x30, 0x17, 0x38, 0x93, 0x8C, 0x09, 0x06, 0x23, 0x73,
    0x85, 0xDA, 0x06, 0xC6, 0xBC, 0x92, 0x8E, 0x52, 0xCF, 0x7C, 0x3E, 0x9B, 0x85, 0xEE, 0x56, 0x7A,
    0xA9, 0x46, 0x8B, 0xA1, 0x8C, 0xDF, 0x98, 0xE9, 0x91, 0x61, 0xC0, 0x32, 0xF4, 0xAD, 0x63, 0x96,
    0x3D, 0x89, 0x2A, 0x1E, 0x67, 0x23, 0x92, 0x63, 0x16, 0x49, 0xE8, 0x65, 0xFC, 0x4A, 0xC2, 0x2D,
    0x7B, 0xF6, 0x9C, 0xB7, 0xE2, 0xE1, 0x20, 0x7B, 0xEE, 0xF6, 0xD2, 0x42, 0x29, 0x08, 0x5D, 0x25,
    0x93, 0xE8, 0xD8, 0x6C, 0x80, 0xBB, 0x13, 0x19, 0xB8, 0xCD, 0x29, 0x54, 0x0B, 0xDE, 0x36, 0x84,
    0x5E, 0x12, 0x30, 0x25, 0x15, 0x7D, 0xBC, 0x8C, 0x5F, 0xF4, 0x2C, 0x05, 0xE7, 0x22, 0x3B, 0x29,
    0xA8, 0x1F, 0xD8, 0x9D, 0xFA, 0x66, 0x66, 0x77, 0x60, 0xBE, 0x12, 0x0A, 0xFC, 0x78, 0x62, 0xE2,
    0xF2, 0x8F, 0x47, 0xE6, 0x8C, 0x32, 0xA7, 0x0A, 0x37, 0x1A, 0xF1, 0xD9, 0x73, 0xB9, 0xBD, 0xEB,
    0xD8, 0xD9, 0xFE, 0x82, 0x83, 0xF1, 0x25, 0x46, 0x33, 0xF0, 0xA0, 0xA6, 0x2D, 0x88, 0xD1, 0xF5,
    0xBC, 0xCD, 0x16, 0xF5, 0x3B, 0xAE, 0x6B, 0x5B, 0x85, 0x84, 0x1D, 0x9A, 0x94, 0xF4, 0x6B, 0x14,
    0xBD, 0xB9, 0xCF, 0xE6, 0x67, 0x42, 0xBA, 0x88, 0x52, 0x73, 0x5D, 0xD6, 0x25, 0x8B, 0xA5, 0x52,
    0x32, 0x9A, 0xCD, 0x8B, 0x3A, 0x95, 0x52, 0x22, 0x75, 0xD4, 0xBF, 0xC0, 0xDF, 0x00, 0x1D, 0xD4,
    0xC6, 0xA8, 0xFE, 0x08, 0xC0, 0x20, 0x0A, 0xB6, 0x0C, 0x57, 0xEA, 0x97, 0x6B, 0xA0, 0x4A, 0x40,
    0x0F, 0x8E, 0x99, 0x9F, 0x23, 0x66, 0x0C, 0xB3, 0x01, 0xB0, 0x14, 0xC2, 0xCB, 0x51, 0x9B, 0x27,
    0xE3, 0xA5, 0x74, 0xB4, 0xBE, 0x07, 0xAB, 0x6E, 0x43, 0x56, 0x7E, 0x28, 0x9B, 0xBC, 0xAE, 0xF2,
    0x99, 0x10, 0x9C, 0x13, 0xD3, 0xA9, 0x18, 0xBC, 0xBC, 0x88, 0x90, 0x46, 0x10, 0x60, 0xF0, 0x83,
    0x5A, 0x6D, 0xC4, 0xE7, 0x90, 0x64, 0x70, 0xE4, 0x60, 0xE4, 0x59, 0xAC, 0x1A, 0x2E, 0xF9, 0x33,
    0x4E, 0x27, 0x0F, 0x29, 0x55, 0xFE, 0x99, 0xF3, 0x0A, 0x84, 0x2C, 0xE2, 0xEA, 0x45, 0x27, 0xB3,
    0x78, 0x34, 0xF5, 0x0F, 0xB5, 0x53, 0x18, 0x11, 0x24, 0x28, 0x92, 0x2C, 0x89, 0x4B, 0xCA, 0xED,
    0x53, 0xCC, 0x03, 0xB9, 0x4B, 0x58, 0xB9, 0xBD, 0xAF, 0xB2, 0xA7, 0xB3, 0x6C, 0x9A, 0xC3, 0xE2,
    0x1C, 0x3D, 0x52, 0x3C, 0x80, 0xCA, 0xDF, 0xC5, 0x34, 0xB2, 0x83, 0x84, 0x5F, 0x06, 0xE6, 0x56,
    0x00, 0x41, 0x65, 0x11, 0xAE, 0x6C, 0xE9, 0x18, 0x62, 0x6F, 0x11, 0xF0, 0x17, 0x92, 0xAB, 0x25,
    0x46, 0x57, 0x6A, 0xFE, 0x21, 0x05, 0x0A, 0xD8, 0x1A, 0x2A, 0xD3, 0x6D, 0x9A, 0xFF, 0x7C, 0x5A,
    0x9B, 0xCF, 0xB0, 0xEF, 0xD1, 0xFC, 0x3D, 0x9A, 0xFF, 0x90, 0xE6, 0xDF, 0xA7, 0xF9, 0xBB, 0xA8,
    0x0D, 0x7D, 0x17, 0x51, 0xA7, 0x82, 0xC4, 0x82, 0xDC, 0x24, 0x03, 0xE4, 0x67, 0x5F, 0x74, 0xE9,
    0x1E, 0x84, 0xE8, 0x1E, 0x24, 0xFA, 0xB3, 0x49, 0xE5, 0x9F, 0xA1, 0x53, 0x1E, 0x73, 0x06, 0xC1,
    0x93, 0x0F, 0xD0, 0xCD, 0xB0, 0x54, 0xDF, 0x44, 0xA5, 0x19, 0xD0, 0xD0, 0x9F, 0xCD, 0x21, 0x8C,
    0xEB, 0x80, 0xE6, 0xFE, 0x3E, 0x5E, 0xF1, 0x77, 0xE9, 0xD9, 0x03, 0x06, 0x54, 0x9F, 0x62, 0x51,
    0x7F, 0xC4, 0xA2, 0x4F, 0x0F, 0x03, 0x6A, 0x25, 0xA0, 0xB4, 0x48, 0xD3, 0x22, 0xAA, 0xB6, 0x35,
    0xBF, 0x4C, 0xC2, 0x31, 0x5B, 0xF3, 0x5B, 0x21, 0x96, 0xE3, 0xD1, 0x58, 0x66, 0x5F, 0x18, 0xCB,
    0x79, 0xE9, 0x6B, 0x5B, 0x53, 0xD8, 0x35, 0x96, 0xCA, 0xD8, 0xFB, 0x98, 0xDA, 0x0E, 0xD2, 0x32,
    0xE2, 0x1C, 0xB9, 0x61, 0xE5, 0x3C, 0xB1, 0x4F, 0x09, 0x3E, 0x07, 0x58, 0x32, 0x31, 0xF0, 0x29,
    0xE5, 0x46, 0xE7, 0x65, 0xA9, 0x60, 0x2A, 0x9B, 0x83, 0x23, 0x13, 0xC0, 0xA0, 0xA3, 0x95, 0x12,
    0x1B, 0x80, 0x82, 0x27, 0x8E, 0xF8, 0xAB, 0x78, 0x5A, 0x5F, 0xC0, 0xCB, 0xE6, 0x6D, 0x9A, 0x4F,
    0x69, 0x2A, 0x3D, 0xC6, 0x25, 0x9A, 0xE0, 0x61, 0xC4, 0xD3, 0x70, 0x24, 0x00, 0x8A, 0xC4, 0xCC,
    0xAA, 0x40, 0x85, 0xB0, 0xA6, 0x2D, 0xE1, 0x91, 0x63, 0x12, 0x75, 0x42, 0x83, 0x4A, 0xC2, 0xE4,
    0x05, 0x17, 0x6A, 0x2E, 0x15, 0xCA, 0xC9, 0x54, 0x32, 0xBC, 0xA5, 0x3E, 0x90, 0x2A, 0x2A, 0xC8,
    0xE1, 0xA1, 0xBC, 0xC3, 0xF7, 0x79, 0x8B, 0xEF, 0x0B, 0x2E, 0x65, 0x83, 0x9A, 0x43, 0x60, 0x50,
    0x43, 0x75, 0xE6, 0x3B, 0xE8, 0x48, 0x19, 0x22, 0x04, 0x70, 0x09, 0x00, 0x41, 0x22, 0x08, 0x6E,
    0x63, 0xBF, 0x40, 0x70, 0x03, 0x66, 0x54, 0x10, 0x5C, 0x06, 0xD2, 0xCD, 0x49, 0x93, 0xBC, 0x3A,
    0xC2, 0x6E, 0x90, 0x08, 0x3A, 0xFC, 0xD6, 0x7A, 0xD2, 0x95, 0xC1, 0xE4, 0x64, 0x8F, 0xD2, 0x1A,
    0x34, 0x8F, 0xA0, 0x90, 0x15, 0xA4, 0x84, 0xFD, 0xA8, 0x94, 0x99, 0x31, 0x11, 0x0F, 0x94, 0xB8,
    0x20, 0x6B, 0xC5, 0x9E, 0x30, 0x2A, 0x8C, 0xA0, 0xC1, 0x8D, 0xE0, 0x47, 0x70, 0x24, 0x78, 0x12,
    0x5C, 0x09, 0xBE, 0x04, 0x67, 0xE8, 0x4D, 0x4F, 0x93, 0x89, 0x74, 0xF0, 0x87, 0x33, 0x1E, 0xBA,
    0x9D, 0x86, 0x7B, 0xDA, 0xEE, 0xC5, 0x78, 0x95, 0x89, 0x64, 0xF0, 0x52, 0x04, 0x64, 0x2C, 0xB2,
    0x52, 0x01, 0xEB, 0x15, 0x5D, 0x08, 0x43, 0x2E, 0x35, 0x0E, 0x76, 0xE0, 0x68, 0x5B, 0x19, 0x21,
    0x20, 0x2F, 0xE9, 0x59, 0xD6, 0x9A, 0xDD, 0x1B, 0x6C, 0xC5, 0x23, 0x58, 0xAD, 0x74, 0xB1, 0x17,
    0x4F, 0x67, 0xF6, 0x31, 0x10, 0x0B, 0x84, 0x13, 0x31, 0x3A, 0x2E, 0x86, 0xDC, 0xE0, 0x24, 0x99,
    0x8D, 0x58, 0x21, 0x16, 0x48, 0x4D, 0xD1, 0x0C, 0xF8, 0x75, 0x0A, 0x53, 0x67, 0xC6, 0x95, 0x3D,
    0x35, 0xC3, 0x62, 0xA1, 0xB7, 0x15, 0x7C, 0x33, 0xD3, 0xAA, 0xE2, 0xC0, 0xB3, 0xCC, 0x77, 0x82,
    0xC4, 0x9C, 0x2F, 0xB9, 0x23, 0x83, 0xD3, 0x73, 0x61, 0x51, 0x60, 0x13, 0x66, 0x44, 0x14, 0x1B,
    0xA2, 0x53, 0x08, 0x0F, 0x7A, 0x90, 0x60, 0x89, 0xD1, 0xB2, 0xD1, 0x57, 0x26, 0x66, 0x65, 0xA6,
    0x6E, 0x9B, 0x65, 0x08, 0x33, 0x32, 0x89, 0x2D, 0x20, 0x24, 0xA7, 0xC9, 0xF4, 0x44, 0x08, 0x60,
    0x52, 0x54, 0x3E, 0x11, 0x38, 0x89, 0xB5, 0xF4, 0xD5, 0x4B, 0xC1, 0x93, 0x3A, 0x06, 0x0C, 0x2C,
    0x85, 0x33, 0xA0, 0xC3, 0x16, 0x1F, 0xEA, 0x3B, 0xA3, 0x56, 0xFA, 0xEA, 0xA0, 0x95, 0x39, 0xD7,
    0x1B, 0x2C, 0x4E, 0x16, 0x48, 0xCF, 0x73, 0x4F, 0x10, 0x9F, 0xAB, 0xE8, 0x0C, 0xFD, 0x09, 0xF6,
    0x2C, 0x18, 0x37, 0x64, 0x91, 0x2A, 0xF0, 0xF1, 0x0A, 0xF6, 0x0C, 0x2A, 0x5A, 0xA2, 0x0F, 0xD5,
    0xF6, 0xE9, 0x47, 0xA0, 0x37, 0x5F, 0x9B, 0x8B, 0xBE, 0xB1, 0xC5, 0xBD, 0xC6, 0x97, 0x17, 0x97,
    0x6B, 0xBB, 0xB6, 0x6F, 0xA3, 0x27, 0xD1, 0xCF, 0x25, 0xF6, 0x48, 0x67, 0xDA, 0x06, 0x69, 0x0F,
    0x4C, 0xDF, 0x9C, 0xFC, 0xF2, 0x63, 0x93, 0x9F, 0x39, 0x3E, 0xF9, 0xD5, 0xCB, 0xE4, 0xD7, 0x9F,
    0xA5, 0x2D, 0xA2, 0x35, 0x95, 0x65, 0xEF, 0xE2, 0xC3, 0x04, 0x2F, 0x25, 0x68, 0x40, 0xDF, 0x85,
    0xA1, 0x44, 0x5E, 0xF8, 0xD2, 0xC9, 0xEF, 0xF2, 0x75, 0xE3, 0x11, 0xD8, 0x36, 0x05, 0x65, 0xA0,
    0xDC, 0x30, 0xC6, 0x7D, 0x88, 0xF1, 0x54, 0xFE, 0x75, 0xB0, 0x15, 0x3E, 0xA0, 0x42, 0x84, 0x36,
    0x7D, 0xC0, 0xA4, 0x95, 0x04, 0xDE, 0xD4, 0x4C, 0x27, 0x74, 0x1C, 0xD1, 0x1B, 0xE7, 0x33, 0xFC,
    0xA5, 0xDF, 0x10, 0x88, 0x1B, 0xEF, 0x27, 0x0E, 0x6A, 0x56, 0x25, 0x7B, 0xFE, 0xAE, 0xD0, 0x25,
    0x23, 0x32, 0xE5, 0x63, 0xD9, 0x42, 0x06, 0x38, 0x50, 0x3F, 0x0A, 0x00, 0xC3, 0x80, 0x63, 0x2B,
    0xE6, 0x2D, 0x9B, 0x91, 0xFA, 0x59, 0xD7, 0x54, 0xED, 0xA6, 0xD2, 0x61, 0xA5, 0x72, 0x77, 0x2C,
    0x01, 0xE3, 0xA8, 0x60, 0x4A, 0x19, 0xE3, 0x64, 0x20, 0x10, 0xDE, 0x58, 0xDA, 0x3F, 0xF4, 0x3F,
    0x2A, 0x1C, 0x9D, 0x0A, 0xB9, 0x51, 0xB6, 0xD4, 0x31, 0x54, 0x3F, 0xE5, 0x1D, 0xA8, 0x8D, 0xFB,
    0x40, 0xD0, 0xC7, 0x2E, 0xA8, 0x1D, 0x58, 0x4A, 0xA2, 0x4D, 0xA6, 0x2F, 0x50, 0xA7, 0x8B, 0xB2,
    0x04, 0x11, 0x35, 0x56, 0x7A, 0x09, 0xD9, 0x64, 0xEF, 0xE0, 0x61, 0x7D, 0xBE, 0x57, 0xFA, 0x22,
    0x38, 0xE2, 0x6D, 0x78, 0x4C, 0xA8, 0x84, 0xB7, 0x05, 0x21, 0x9E, 0xAD, 0x3D, 0x1C, 0x53, 0xB6,
    0x4B, 0x66, 0x57, 0x6A, 0x12, 0xFB, 0x23, 0x8D, 0x3D, 0xB4, 0x17, 0x00, 0x89, 0x3C, 0x9E, 0x13,
    0x9C, 0x11, 0x7E, 0xC1, 0x4C, 0x35, 0x49, 0xE0, 0x58, 0xB1, 0x44, 0x20, 0x4C, 0x51, 0x74, 0xA6,
    0x5B, 0x20, 0x8D, 0x15, 0xC0, 0x72, 0x62, 0x71, 0xFB, 0x95, 0x02, 0x9F, 0x57, 0x4B, 0xE6, 0xD0,
    0xA8, 0x8E, 0x1A, 0x3E, 0xC7, 0x94, 0x06, 0x70, 0x81, 0xCE, 0x4A, 0x7A, 0x00, 0x60, 0x0F, 0x7D,
    0xF8, 0x39, 0xF4, 0x22, 0xF8, 0x23, 0x3E, 0x70, 0x68, 0x0A, 0x1C, 0x26, 0x70, 0x50, 0x4B, 0x8E,
    0x58, 0xA3, 0xBC, 0x2C, 0x3A, 0x73, 0x33, 0xCF, 0x30, 0x37, 0x25, 0xCC, 0xC2, 0x40, 0xA6, 0x03,
    0x1E, 0xA1, 0xC0, 0x72, 0x47, 0x90, 0x78, 0x26, 0xA3, 0x4F, 0xAF, 0xA4, 0x0F, 0xD0, 0xD3, 0x2C,
    0x46, 0xEE, 0x96, 0x4B, 0x95, 0xB3, 0xE3, 0xCD, 0x35, 0x16, 0x25, 0x9C, 0x4D, 0x26, 0xE2, 0x16,
    0xAA, 0xB2, 0x2B, 0x1C, 0x16, 0x0C, 0x11, 0x02, 0x08, 0x27, 0x60, 0x9A, 0x0B, 0x28, 0x3E, 0x99,
    0x22, 0x72, 0x96, 0xC7, 0xA1, 0xE4, 0x15, 0x4D, 0xFD, 0x81, 0x0C, 0x15, 0xB0, 0xA7, 0xEC, 0x25,
    0x28, 0x91, 0x67, 0xD4, 0x48, 0x0C, 0x18, 0x8E, 0x5A, 0x33, 0xD8, 0x5A, 0x1F, 0xE2, 0xF3, 0xC6,
    0x40, 0x80, 0x72, 0x7E, 0xCF, 0xA1, 0x9E, 0x2F, 0x3A, 0x94, 0xDB, 0x8A, 0x74, 0x3C, 0x0F, 0x3E,
    0xCA, 0x3C, 0x81, 0x74, 0x08, 0x84, 0x70, 0x9A, 0xA9, 0xC1, 0xF7, 0x44, 0xB6, 0x85, 0x79, 0x1C,
    0x99, 0xC7, 0x93, 0x27, 0x58, 0xB5, 0x65, 0x00, 0xD2, 0xE3, 0x96, 0x4B, 0x22, 0x7C, 0x10, 0x85,
    0xC6, 0xFF, 0x06, 0xC2, 0x6C, 0x8F, 0xD7, 0x40, 0xD6, 0x91, 0xB1, 0x6A, 0xC5, 0x3B, 0xCB, 0x58,
    0x9A, 0x77, 0x1A, 0x45, 0x6F, 0x39, 0x62, 0x41, 0xDF, 0x5D, 0x03, 0xB2, 0xB2, 0xF4, 0xC8, 0x33,
    0x89, 0x5B, 0x7C, 0x11, 0x49, 0x44, 0x86, 0x20, 0x3F, 0x00, 0x71, 0x7B, 0xE2, 0x2D, 0xF9, 0xC1,
    0x80, 0x1D, 0xC8, 0xA2, 0x16, 0xFE, 0xD8, 0xCA, 0xB0, 0x65, 0x39, 0x66, 0xD6, 0xD9, 0x6C, 0x8E,
    0xF5, 0x1E, 0xA5, 0xB8, 0x67, 0xC0, 0x4E, 0x6D, 0x5A, 0x69, 0x28, 0xB4, 0x53, 0xF8, 0x85, 0xC8,
    0x89, 0x66, 0x48, 0xC5, 0x09, 0x49, 0x1B, 0x45, 0xCC, 0x1B, 0x60, 0x20, 0x1B, 0x26, 0xBC, 0x06,
    0xAF, 0x73, 0x64, 0x38, 0x17, 0x25, 0x2B, 0xB9, 0x0A, 0xE7, 0xB0, 0xF0, 0x26, 0xB5, 0xB2, 0x53,
    0x07, 0x3B, 0x7B, 0xB1, 0xF3, 0x02, 0xEC, 0xCC, 0x61, 0xE7, 0x6F, 0xC3, 0xCE, 0xBF, 0xB5, 0x2B,
    0x3B, 0x1B, 0xB1, 0xF3, 0x4F, 0x61, 0xE7, 0x4F, 0xF0, 0xFE, 0x2F, 0x7D, 0xB8, 0x16, 0x9C, 0x20,
    0x79, 0x1D, 0x5A, 0x05, 0x19, 0xF3, 0xA7, 0xB0, 0xE9, 0xFF, 0xC2, 0xB6, 0xFF, 0x3F, 0x89, 0x5A,
    0x66, 0x99, 0x16, 0x94, 0x55, 0xB0, 0x2B, 0xDA, 0x85, 0xBA, 0x7E, 0x6F, 0x71, 0xE7, 0x18, 0xDC,
    0xC4, 0x2B, 0xC8, 0x9A, 0x6C, 0x07, 0xB8, 0x19, 0x52, 0xC6, 0x79, 0x3F, 0x99, 0x98, 0x52, 0x66,
    0x94, 0x9C, 0x76, 0xD2, 0x66, 0xD6, 0xDC, 0xD1, 0x7D, 0xC2, 0xB8, 0x68, 0xAB, 0xE4, 0x20, 0xA8,
    0xFC, 0x74, 0xCE, 0x1D, 0x21, 0x4B, 0xF2, 0xC8, 0xD1, 0x05, 0xB9, 0xDC, 0xD0, 0x0F, 0xB0, 0x5E,
    0x57, 0xE0, 0x5E, 0x4A, 0x31, 0x72, 0x05, 0xB5, 0x7D, 0xC9, 0x36, 0x61, 0x3C, 0x13, 0x1F, 0x4F,
    0xE5, 0x85, 0x01, 0x52, 0x16, 0x16, 0x4C, 0xFA, 0xED, 0xF6, 0xEC, 0x88, 0x70, 0xF8, 0x9E, 0x25,
    0xD5, 0x42, 0x22, 0xFC, 0xEB, 0x52, 0x50, 0x61, 0x59, 0x17, 0x59, 0xE9, 0xE2, 0x8A, 0x05, 0x58,
    0x93, 0x30, 0x99, 0xE0, 0x7D, 0xB5, 0x30, 0x10, 0xEB, 0x72, 0xFE, 0x43, 0xDD, 0xFA, 0x0F, 0x4D,
    0xED, 0x3F, 0x82, 0xDC, 0x43, 0x84, 0x47, 0xEC, 0x06, 0xD6, 0x7E, 0x1E, 0xE8, 0xD1, 0xAB, 0x4B,
    0x32, 0x80, 0x72, 0xCA, 0xCD, 0x98, 0xB9, 0xFF, 0xB4, 0x45, 0xD2, 0xBA, 0xFD, 0xEF, 0x9E, 0xB4,
    0x48, 0x57, 0x27, 0x7B, 0x41, 0x90, 0xE9, 0x3F, 0x68, 0xEA, 0xAC, 0x5E, 0x55, 0xF6, 0xDF, 0x56,
    0xA6, 0xD6, 0x47, 0xFB, 0x00, 0xD7, 0x19, 0x62, 0x95, 0xE7, 0x34, 0x05, 0xF6, 0x13, 0xAD, 0x43,
    0xB3, 0x44, 0xE5, 0x2C, 0x14, 0xC7, 0x29, 0x81, 0x49, 0x8F, 0x09, 0x0F, 0x70, 0x12, 0xC5, 0x82,
    0x29, 0x8B, 0x16, 0xFD, 0x28, 0xBE, 0x4E, 0x4B, 0xA6, 0x40, 0x16, 0x86, 0x36, 0x03, 0x20, 0xF6,
    0xD5, 0xF1, 0x1F, 0x40, 0x5D, 0x47, 0xB0, 0x03, 0x07, 0xC1, 0x51, 0xE4, 0xB6, 0xB1, 0x35, 0x1A,
    0xA6, 0xBC, 0x2D, 0xEA, 0x48, 0x5F, 0x95, 0x62, 0xD0, 0xD7, 0x08, 0xC9, 0x93, 0xD9, 0x6E, 0x83,
    0xB8, 0xAA, 0x45, 0xDD, 0x78, 0x49, 0xB7, 0xDC, 0xB2, 0x71, 0x62, 0x1C, 0x8A, 0x27, 0x82, 0xE7,
    0xFA, 0x13, 0xB9, 0xF9, 0xAB, 0x84, 0xF8, 0xD8, 0x07, 0x25, 0x3C, 0x26, 0x3D, 0x15, 0x0F, 0x90,
    0x1A, 0x50, 0xA7, 0x3B, 0x02, 0x37, 0xDF, 0xBF, 0xFE, 0x3D, 0xD1, 0x4E, 0xEE, 0x96, 0x08, 0x29,
    0x1F, 0xA6, 0x4E, 0xDB, 0x1D, 0x37, 0x13, 0x3D, 0x6A, 0xD4, 0x36, 0xEA, 0xB1, 0xB2, 0x31, 0xCB,
    0xB2, 0x99, 0x99, 0xDB, 0xB2, 0x9D, 0x38, 0x4B, 0xE4, 0x1F, 0xCB, 0x79, 0xB9, 0x90, 0xB8, 0xDC,
    0x94, 0xF0, 0x06, 0x6F, 0xE5, 0x4E, 0xCF, 0xE4, 0xE8, 0x77, 0x9D, 0x94, 0x39, 0x5A, 0x14, 0xD4,
    0x35, 0x03, 0x09, 0x00, 0x83, 0x90, 0x79, 0x25, 0xFA, 0xEB, 0x7A, 0xDE, 0x82, 0x94, 0x38, 0xEB,
    0xD4, 0x00, 0x84, 0x63, 0xC3, 0x63, 0xCB, 0xE9, 0x0B, 0xA9, 0xD9, 0x3F, 0x1C, 0x1E, 0x27, 0x51,
    0xB7, 0xCD, 0xA2, 0x49, 0x3B, 0xC0, 0xF4, 0xA6, 0x4A, 0x27, 0xBE, 0x1E, 0x95, 0xF7, 0x8B, 0x34,
    0x64, 0xCB, 0x92, 0xD6, 0x22, 0xBE, 0x1B, 0x05, 0xBA, 0x7B, 0x44, 0xE6, 0x39, 0x3E, 0x41, 0x02,
    0x80, 0x0F, 0x56, 0x53, 0xCF, 0x4C, 0x3F, 0x2A, 0x4C, 0x50, 0x4B, 0xB3, 0xA1, 0xE9, 0xAA, 0xA2,
    0x31, 0x42, 0x25, 0x41, 0x3B, 0x45, 0xB0, 0x38, 0xC1, 0x73, 0x9C, 0x6E, 0xE2, 0x25, 0x33, 0x3D,
    0x0F, 0x71, 0x4C, 0x8E, 0x0B, 0x73, 0x08, 0x62, 0xDF, 0x29, 0xF2, 0x23, 0xAC, 0x28, 0xC9, 0x6A,
    0x78, 0x17, 0xFC, 0x26, 0x03, 0x0F, 0xC8, 0xA6, 0x96, 0x9A, 0x92, 0x92, 0x92, 0xA2, 0xC2, 0x6E,
    0x63, 0x34, 0xBF, 0x65, 0x07, 0xF0, 0x0E, 0xEB, 0xB5, 0xB7, 0x75, 0x42, 0xB1, 0x19, 0xA4, 0x87,
    0xD0, 0x98, 0x94, 0xBD, 0x54, 0x80, 0x38, 0xB2, 0xCF, 0xC0, 0xCC, 0x61, 0x9E, 0x53, 0xFA, 0x63,
    0x38, 0xAD, 0xAF, 0x30, 0xA6, 0x74, 0x7F, 0x4E, 0x38, 0x8F, 0xA5, 0x0C, 0x67, 0x2A, 0xB3, 0x28,
    0xAA, 0x9D, 0xB5, 0x60, 0x31, 0x8E, 0x54, 0xB6, 0x29, 0x30, 0xF1, 0x22, 0x25, 0xCC, 0xF2, 0xB8,
    0x88, 0x4D, 0x61, 0x05, 0x81, 0x6D, 0x75, 0xE6, 0xFA, 0xE9, 0xF3, 0xD3, 0x14, 0x02, 0x2C, 0x2C,
    0x66, 0xD4, 0x17, 0xCF, 0x4F, 0xDD, 0xF1, 0xF9, 0xA9, 0x0F, 0x03, 0x87, 0x20, 0x5F, 0x68, 0x33,
    0xCA, 0x95, 0x48, 0xD9, 0x86, 0xF1, 0xC2, 0x78, 0x40, 0x0F, 0x28, 0x17, 0xD4, 0xD7, 0x1C, 0xA2,
    0x6A, 0x0E, 0x20, 0x12, 0xC5, 0x05, 0x4D, 0x23, 0x14, 0x6D, 0x22, 0xCA, 0x9F, 0xA9, 0xA8, 0x5E,
    0xDE, 0x1C, 0xB8, 0x7F, 0x69, 0x3D, 0x07, 0xB6, 0x9C, 0x03, 0x9B, 0x15, 0x16, 0xAD, 0xB5, 0xD1,
    0xAA, 0xEA, 0xBE, 0x86, 0x0B, 0xFF, 0x08, 0x07, 0xE6, 0x65, 0x0E, 0x5C, 0xE6, 0x3F, 0xE1, 0xCD,
    0x36, 0x24, 0x5C, 0xD7, 0x5F, 0x83, 0x97, 0x9B, 0x13, 0xBC, 0x6C, 0x60, 0x95, 0x45, 0x60, 0x19,
    0xDC, 0x53, 0xE4, 0xF5, 0x7F, 0x8C, 0x97, 0x7B, 0xE1, 0xE5, 0x98, 0x45, 0x2D, 0x57, 0xB7, 0x56,
    0x40, 0x41, 0x39, 0x2C, 0xA2, 0xD8, 0xB6, 0x90, 0xCB, 0x8A, 0x23, 0x2B, 0x57, 0xA4, 0x12, 0xFF,
    0x12, 0xDF, 0xC6, 0xA0, 0x32, 0xDF, 0xC4, 0x07, 0x5D, 0xFE, 0xB8, 0x49, 0x9E, 0x75, 0xC5, 0xCD,
    0x26, 0xD9, 0x73, 0x1A, 0x7A, 0x6F, 0xCF, 0xFD, 0x5C, 0x57, 0xD9, 0x9E, 0x1B, 0x8D, 0xCA, 0x1F,
    0x3E, 0x19, 0xE0, 0xCF, 0xFD, 0x3D, 0xE0, 0x51, 0xBE, 0xF3, 0xAC, 0x43, 0xFB, 0xDD, 0xF1, 0x0D,
    0xE6, 0xA7, 0x2B, 0xFE, 0xF2, 0x74, 0x49, 0x5F, 0xF1, 0xE8, 0x05, 0xFD, 0xE6, 0x8C, 0xE3, 0x75,
    0x84, 0x29, 0xB5, 0x3D, 0x94, 0xE0, 0xC2, 0x17, 0x21, 0x01, 0xD1, 0xBC, 0x0C, 0x85, 0x68, 0xC7,
    0x82, 0x8C, 0x53, 0x6B, 0x59, 0x31, 0x09, 0xA6, 0x98, 0x34, 0xA0, 0x0C, 0xFD, 0x65, 0xAE, 0x8F,
    0x77, 0x9E, 0xA1, 0xC5, 0x1F, 0xEC, 0x72, 0xBD, 0x77, 0xEF, 0x57, 0x9D, 0x2A, 0xEE, 0x3D, 0xB8,
    0x86, 0xF1, 0xEA, 0x9E, 0x87, 0x1B, 0xE5, 0x7B, 0x33, 0x36, 0xD6, 0x17, 0xC0, 0x18, 0x4A, 0x67,
    0x83, 0xC6, 0x94, 0x86, 0x90, 0x0B, 0x3C, 0x46, 0xB2, 0x4A, 0x8B, 0x84, 0x1E, 0x59, 0x26, 0x82,
    0xB2, 0x79, 0x61, 0xBA, 0x10, 0xB6, 0xB8, 0xC5, 0x28, 0x1A, 0x56, 0xD3, 0xD9, 0xE9, 0x08, 0xF8,
    0x16, 0x22, 0xC8, 0x87, 0x30, 0xCC, 0x62, 0x97, 0x91, 0x09, 0x64, 0xE6, 0xF6, 0x47, 0x5A, 0xC0,
    0x01, 0xA0, 0x1B, 0x79, 0x3E, 0x7B, 0xBF, 0xE6, 0xD8, 0x58, 0x31, 0xD5, 0x30, 0x24, 0xF6, 0x82,
    0x4C, 0xAC, 0x67, 0x17, 0xCA, 0xDF, 0xD2, 0x32, 0x2B, 0x86, 0xE1, 0xD8, 0xAD, 0x1A, 0x0C, 0xD5,
    0x08, 0x3D, 0x15, 0x1B, 0x67, 0xDA, 0x0B, 0x6D, 0xE2, 0x1F, 0x34, 0x39, 0xC5, 0xA7, 0x83, 0xD6,
    0x6D, 0x0C, 0x06, 0x1A, 0xD6, 0x07, 0x07, 0x12, 0x6A, 0x24, 0x54, 0x08, 0x10, 0xC0, 0x9F, 0x0F,
    0x0A, 0x49, 0xC3, 0xA2, 0xEC, 0x53, 0x9A, 0x56, 0xE6, 0x48, 0x83, 0x66, 0x20, 0x5E, 0xCB, 0xAB,
    0x6F, 0xC5, 0x85, 0x1F, 0x16, 0x08, 0x1C, 0x9A, 0xEF, 0x67, 0xAF, 0xBD, 0x04, 0xF3, 0xE3, 0xA0,
    0xB4, 0x93, 0x70, 0x23, 0x91, 0xC1, 0x9D, 0xE2, 0x57, 0x92, 0x63, 0xFD, 0x9E, 0xDC, 0xAC, 0xC0,
    0x56, 0x34, 0x0B, 0x70, 0x41, 0xD0, 0x91, 0x31, 0xB3, 0x41, 0x6E, 0x80, 0x76, 0xDE, 0x74, 0x1B,
    0x34, 0xFA, 0x9A, 0xA6, 0xAB, 0x35, 0x4D, 0x83, 0xE6, 0x7C, 0x60, 0x22, 0x32, 0x03, 0x60, 0x8F,
    0x37, 0x4E, 0x27, 0x84, 0x3B, 0x7B, 0xE1, 0xFD, 0x1E, 0x47, 0x3F, 0x40, 0x8B, 0xF2, 0x64, 0x4E,
    0x9B, 0xBE, 0x33, 0xF8, 0xDA, 0x84, 0x59, 0xF0, 0x4D, 0xDA, 0x4E, 0x7B, 0x71, 0xF7, 0xC4, 0x31,
    0xFF, 0x96, 0x0A, 0x7C, 0x09, 0x4F, 0x7C, 0xF5, 0x7D, 0x0A, 0x03, 0x6E, 0x37, 0x71, 0xCD, 0x3E,
    0x7D, 0x4A, 0xD9, 0x75, 0xA6, 0xFA, 0x91, 0x2A, 0x6E, 0x8F, 0x42, 0x66, 0x81, 0x9C, 0x96, 0x08,
    0xA1, 0xFE, 0xF9, 0x18, 0xAE, 0x15, 0x14, 0xAC, 0xE1, 0x00, 0x06, 0xA7, 0x01, 0x00, 0x83, 0x68,
    0xDF, 0x9C, 0x2B, 0x09, 0x44, 0x8C, 0xD8, 0x72, 0x49, 0xDD, 0x7E, 0x84, 0xEA, 0x3F, 0x5E, 0x40,
    0xDB, 0xBD, 0xE0, 0x78, 0x4E, 0x2F, 0x00, 0x52, 0xF0, 0x41, 0x99, 0x37, 0x68, 0xF7, 0x24, 0xEC,
    0xE8, 0xE7, 0x4A, 0x02, 0x61, 0xAB, 0x57, 0xF1, 0x6A, 0x8F, 0x4E, 0x70, 0x6A, 0x8B, 0xE6, 0x6D,
    0xF3, 0x0B, 0x3A, 0x07, 0xD8, 0xBE, 0x9E, 0x8E, 0x6A, 0xA5, 0xD3, 0x78, 0xFD, 0x9E, 0x9F, 0x11,
    0x28, 0xE8, 0x0E, 0x3F, 0x15, 0x43, 0x02, 0xC5, 0x91, 0x8E, 0x20, 0x91, 0x01, 0xC0, 0x88, 0x99,
    0xD3, 0xB6, 0x50, 0x76, 0x15, 0xD9, 0x8F, 0x72, 0x33, 0x02, 0xB1, 0x93, 0x0E, 0xE9, 0x47, 0x44,
    0x59, 0xC1, 0x5E, 0xDC, 0xF6, 0x00, 0x6D, 0x99, 0xA6, 0x6A, 0x8C, 0x70, 0x80, 0x3B, 0xB4, 0xDF,
    0x39, 0x70, 0x00, 0x8E, 0x2A, 0x09, 0x65, 0x38, 0x5A, 0x25, 0x5D, 0xAF, 0xD2, 0xA7, 0xC0, 0xED,
    0x8F, 0xDD, 0xA1, 0x2F, 0x2F, 0xC7, 0x26, 0xF5, 0x3A, 0x3A, 0xC2, 0x94, 0xB5, 0x54, 0xEC, 0xF2,
    0xF3, 0xC2, 0x76, 0xAA, 0xD5, 0x2E, 0xB7, 0x84, 0x77, 0xD4, 0x3B, 0xAF, 0xFD, 0x77, 0x13, 0x96,
    0x91, 0xFB, 0x50, 0x50, 0xF2, 0x73, 0x01, 0xCB, 0xB8, 0xEB, 0xFF, 0x0B, 0x14, 0x65, 0xFE, 0x6E,
    0xAB, 0x8A, 0xBB, 0x9D, 0xCA, 0xCF, 0x37, 0xEB, 0x63, 0x6F, 0xEE, 0x33, 0xDA, 0x32, 0x58, 0x45,
    0x55, 0xB1, 0xAA, 0x6F, 0x5C, 0xDB, 0xEC, 0x46, 0x64, 0xBA, 0x5F, 0xB4, 0xA1, 0x0C, 0x9D, 0xF5,
    0x4A, 0xE5, 0xFD, 0x65, 0x44, 0xA4, 0xF6, 0xD2, 0x7F, 0x25, 0xB3, 0xF9, 0x4E, 0x89, 0xB8, 0x61,
    0x28, 0xFD, 0xE9, 0x61, 0xE4, 0xB7, 0xC0, 0x47, 0x39, 0xBE, 0xCF, 0xF0, 0x7E, 0xB4, 0x68, 0x90,
    0x58, 0x46, 0x9E, 0x56, 0x08, 0x93, 0xED, 0xCF, 0x16, 0xBB, 0x84, 0x3B, 0x1B, 0x90, 0x5D, 0xCC,
    0xE2, 0x92, 0x09, 0x53, 0x1A, 0x9B, 0x43, 0x12, 0xC7, 0x1D, 0x9C, 0x9D, 0x8C, 0xC1, 0x2C, 0x08,
    0x56, 0x00, 0xD4, 0x32, 0x41, 0xD0, 0x96, 0xB2, 0x0D, 0x97, 0x6E, 0x7E, 0x00, 0xCD, 0x04, 0xB2,
    0x97, 0x4E, 0x3C, 0x4B, 0x9B, 0xC2, 0x3E, 0x43, 0xD8, 0x87, 0xCF, 0xD8, 0x4A, 0xA6, 0xD2, 0x6C,
    0xF9, 0x53, 0xF7, 0x7C, 0x46, 0xA9, 0xDF, 0x59, 0xED, 0x25, 0xFB, 0xAD, 0x95, 0xEC, 0x0F, 0xE0,
    0xA3, 0x86, 0xED, 0x1A, 0xAF, 0x9F, 0x0D, 0xA5, 0x20, 0x81, 0x10, 0x3D, 0x36, 0x2E, 0x4E, 0xE2,
    0x6B, 0xA7, 0x26, 0x4E, 0x08, 0x63, 0x04, 0x72, 0x07, 0x09, 0x43, 0x43, 0x65, 0x08, 0xE8, 0x50,
    0x3C, 0xAE, 0x93, 0x5E, 0x9B, 0x1A, 0xB3, 0x84, 0xAE, 0x52, 0xB2, 0x79, 0xF6, 0x10, 0x99, 0xCA,
    0x7F, 0xED, 0x20, 0xA4, 0x1E, 0x00, 0xD8, 0x0B, 0x5F, 0x33, 0x78, 0xA0, 0x4F, 0x3D, 0x51, 0x72,
    0x0D, 0x14, 0x84, 0x0E, 0x3C, 0x6A, 0x5A, 0xEA, 0x08, 0x70, 0xA1, 0x58, 0x67, 0x65, 0x8E, 0x53,
    0x32, 0xEE, 0xAE, 0x47, 0x5D, 0x91, 0x49, 0x75, 0xF8, 0x5D, 0x49, 0x15, 0x64, 0x03, 0xE2, 0xD7,
    0xA6, 0xA0, 0x66, 0xD8, 0xA8, 0xC7, 0x31, 0x70, 0x88, 0x1A, 0xDE, 0x21, 0x47, 0x73, 0xA0, 0xE9,
    0x7F, 0xB6, 0x59, 0x71, 0xDF, 0x9C, 0xE9, 0xAF, 0x2F, 0x24, 0xB4, 0xD1, 0x86, 0x2F, 0x6C, 0x7E,
    0xEC, 0xA8, 0xFE, 0x9E, 0x8C, 0x27, 0x9A, 0x46, 0x00, 0x52, 0x87, 0xD9, 0x02, 0xC2, 0x76, 0x8E,
    0x81, 0xCF, 0x3D, 0xE5, 0xAC, 0x03, 0x3B, 0x20, 0xBD, 0x84, 0x59, 0xF2, 0x44, 0x8D, 0xB4, 0x53,
    0x71, 0x54, 0x96, 0x20, 0x6B, 0x2B, 0xC8, 0x21, 0x08, 0x5B, 0x8A, 0x5D, 0xD4, 0x9D, 0xEE, 0x4A,
    0xC7, 0x46, 0x6A, 0xD9, 0x05, 0x55, 0x98, 0x80, 0xD4, 0xCF, 0x96, 0x5A, 0xFE, 0x60, 0x03, 0x45,
    0x4C, 0x27, 0xD3, 0xA0, 0x20, 0x78, 0x67, 0x89, 0xE0, 0xD8, 0x54, 0xD7, 0x64, 0x22, 0x2F, 0x97,
    0x95, 0x61, 0xC5, 0x02, 0x99, 0xCC, 0x82, 0x4C, 0x5B, 0xAC, 0xE5, 0xD3, 0xAD, 0x84, 0x3E, 0xED,
    0x68, 0x25, 0x14, 0x11, 0x4A, 0x0C, 0x27, 0x9B, 0xF5, 0x22, 0xCA, 0xC8, 0x32, 0x3B, 0xA6, 0x92,
    0xA9, 0x42, 0xAC, 0x2C, 0x4E, 0x5A, 0xB9, 0x69, 0x11, 0xC4, 0xAE, 0xE8, 0x7D, 0x20, 0x16, 0xBA,
    0xB2, 0xE2, 0x3E, 0xF3, 0x17, 0x59, 0x24, 0x58, 0x8E, 0x7C, 0xA2, 0xFF, 0xEE, 0x74, 0x5F, 0x1D,
    0xD0, 0x97, 0x61, 0xEA, 0x87, 0xAF, 0x63, 0x96, 0xC2, 0x83, 0x1F, 0xFC, 0xF0, 0xF4, 0x80, 0x7E,
    0x1D, 0xF3, 0x8B, 0x0C, 0x96, 0x5C, 0x6C, 0xD4, 0x6B, 0xD9, 0x06, 0x7D, 0x73, 0xA8, 0xF1, 0x75,
    0x4C, 0x5A, 0x12, 0x10, 0x83, 0x2C, 0x17, 0x1D, 0x8F, 0x2B, 0x00, 0xC0, 0x02, 0x02, 0xD9, 0x02,
    0x6E, 0xC4, 0x54, 0xDD, 0x00, 0xC4, 0x6A, 0xE3, 0xE7, 0x65, 0xFF, 0x9A, 0xFD, 0x11, 0x0F, 0x53,
    0xD4, 0x7F, 0xB0, 0x8A, 0x07, 0xC8, 0xAA, 0xCB, 0xF0, 0x5E, 0x98, 0x5C, 0x3C, 0xFF, 0xA5, 0x04,
    0xB0, 0x01, 0x10, 0x72, 0x09, 0x44, 0xEE, 0x5B, 0x34, 0x69, 0x89, 0x73, 0x32, 0xC2, 0x59, 0x1E,
    0x96, 0x25, 0xA6, 0x9C, 0xE9, 0x38, 0xDD, 0xD9, 0x0A, 0x8F, 0x7B, 0xBC, 0x2F, 0x3A, 0x97, 0xA3,
    0xE7, 0x48, 0x0B, 0x26, 0xEA, 0x87, 0x99, 0x40, 0x63, 0x49, 0x28, 0x9C, 0x47, 0x94, 0xC8, 0xE9,
    0x92, 0x45, 0x4E, 0x1F, 0x04, 0xA2, 0x14, 0x48, 0x2A, 0x20, 0x80, 0x1D, 0x43, 0xD0, 0xD4, 0xFA,
    0xB4, 0x6E, 0xE3, 0xB4, 0x98, 0x32, 0x28, 0x1E, 0x41, 0xC5, 0xE8, 0xE3, 0x11, 0x0B, 0x23, 0x30,
    0x1D, 0x3D, 0x48, 0xB8, 0xF1, 0x16, 0x49, 0xE2, 0xE7, 0x64, 0x6C, 0xC3, 0x0D, 0xB5, 0xE8, 0xD0,
    0x4E, 0x05, 0xCC, 0x0B, 0x53, 0x03, 0x9F, 0x88, 0xE7, 0xD5, 0x91, 0xD6, 0x89, 0x30, 0xE1, 0x21,
    0xE9, 0x27, 0x3C, 0xF7, 0x3E, 0xE3, 0x7B, 0x65, 0xB3, 0x72, 0xBE, 0x41, 0x57, 0xA5, 0x44, 0xE5,
    0xC8, 0x6C, 0x67, 0xF3, 0xC8, 0x6F, 0xC5, 0x5F, 0x65, 0x51, 0xF5, 0xD1, 0x84, 0x6D, 0x12, 0x2A,
    0xF2, 0xEC, 0xDB, 0x72, 0x3A, 0x9C, 0x0B, 0xD4, 0x0D, 0xE7, 0xE6, 0x57, 0xBF, 0xCD, 0x24, 0x73,
    0x64, 0xD1, 0x18, 0xF5, 0x36, 0x06, 0x96, 0xA2, 0x05, 0x25, 0xE0, 0x2A, 0xE1, 0xAF, 0x6E, 0x30,
    0xF6, 0xD5, 0x39, 0x44, 0x6C, 0xDE, 0x99, 0xAA, 0x40, 0xE7, 0x16, 0xAD, 0x69, 0x34, 0x89, 0x57,
    0x24, 0xDA, 0x56, 0xE8, 0xFA, 0xE5, 0x84, 0x40, 0xFA, 0x6A, 0xA5, 0xA9, 0x39, 0x94, 0x4C, 0x26,
    0xE0, 0xC1, 0x7A, 0x6F, 0xE1, 0x02, 0xFE, 0x0A, 0x17, 0x10, 0x52, 0x35, 0xE0, 0x54, 0xEF, 0x90,
    0xC8, 0x67, 0x28, 0x99, 0x49, 0x65, 0xFF, 0xB2, 0xA9, 0xC7, 0x87, 0xD0, 0xDE, 0x36, 0xC8, 0x75,
    0x4A, 0xD1, 0x23, 0x92, 0x7D, 0x38, 0x7C, 0x24, 0xDB, 0x90, 0xEB, 0x1C, 0x49, 0x0F, 0x25, 0x7B,
    0x85, 0x4B, 0xC9, 0x25, 0xC2, 0x75, 0x0A, 0x43, 0xEC, 0x86, 0xE4, 0x5F, 0xAE, 0xF9, 0xCB, 0xF7,
    0xE1, 0x35, 0x85, 0xBC, 0x32, 0xD0, 0xB2, 0x07, 0xCF, 0x27, 0xFA, 0xB0, 0x4B, 0x44, 0x34, 0x87,
    0xC2, 0xCD, 0x77, 0xF9, 0x47, 0x76, 0xB5, 0x3D, 0xAA, 0xFA, 0xBC, 0xEC, 0xEE, 0x65, 0xFF, 0x99,
    0x27, 0xD0, 0x97, 0xA2, 0xA3, 0x25, 0x65, 0x9B, 0xC8, 0x04, 0xC8, 0x55, 0x43, 0xA0, 0x3D, 0x22,
    0xC0, 0x7A, 0x92, 0x0D, 0xE4, 0x75, 0x63, 0x2B, 0xE4, 0xA0, 0xE5, 0x48, 0x52, 0x74, 0xE0, 0xBC,
    0xAE, 0xE8, 0x66, 0xC6, 0xF2, 0xE3, 0x09, 0x6F, 0x98, 0x3B, 0x1C, 0x47, 0xFC, 0x39, 0xAE, 0x13,
    0x5E, 0x37, 0xBE, 0x63, 0x48, 0x84, 0xD7, 0x24, 0xFE, 0xEA, 0x83, 0x3F, 0xD9, 0x54, 0x9E, 0xF8,
    0x6E, 0x66, 0xE1, 0x4E, 0x70, 0x36, 0x1A, 0x61, 0x4F, 0xCC, 0x12, 0x4E, 0xC6, 0xDC, 0xF7, 0x48,
    0xBC, 0x9F, 0xD3, 0xBE, 0x78, 0x0E, 0x5D, 0x89, 0x8D, 0x2F, 0x40, 0xC6, 0x9B, 0x8B, 0x5D, 0xD9,
    0x78, 0x70, 0xB9, 0x9F, 0x8B, 0x16, 0xFA, 0xAE, 0x6C, 0x20, 0xE7, 0x11, 0x8A, 0x63, 0x09, 0x59,
    0x25, 0x65, 0x95, 0x33, 0xCD, 0x59, 0x0C, 0x97, 0xC1, 0x75, 0x64, 0x86, 0xFA, 0x37, 0x26, 0xA3,
    0x5E, 0x27, 0x65, 0x55, 0x33, 0x14, 0x6A, 0x0C, 0xAA, 0x59, 0x34, 0xA0, 0x22, 0xA7, 0x70, 0x0E,
    0x45, 0x91, 0x6D, 0x26, 0xBC, 0x94, 0x7D, 0x3B, 0x5C, 0xED, 0x61, 0xA2, 0x44, 0x79, 0x36, 0xE0,
    0xA1, 0x66, 0x11, 0xAD, 0xA1, 0x26, 0x0B, 0xEC, 0x5D, 0x8C, 0x01, 0xFE, 0x19, 0xCD, 0x81, 0x53,
    0x01, 0xE8, 0xAA, 0x85, 0xF9, 0x39, 0x58, 0x1D, 0x2F, 0xE3, 0xE4, 0xF4, 0x99, 0xD4, 0x00, 0x93,
    0x48, 0x78, 0x8D, 0xB9, 0x49, 0x42, 0x7A, 0xE0, 0x96, 0x38, 0x0F, 0xC6, 0x98, 0x6B, 0x9D, 0x48,
    0x6D, 0xA8, 0xF6, 0x74, 0xBE, 0x91, 0x0D, 0x78, 0xB0, 0x70, 0x58, 0x38, 0xBB, 0xD2, 0xD6, 0xB2,
    0x59, 0x35, 0x9B, 0x91, 0xF7, 0x28, 0xDA, 0x59, 0x68, 0xE0, 0x53, 0x61, 0x35, 0xA1, 0x35, 0xA5,
    0xDF, 0xA3, 0x10, 0x7D, 0xC0, 0x40, 0x78, 0x51, 0xF7, 0x32, 0x60, 0xF0, 0x31, 0x01, 0x8A, 0x49,
    0x05, 0x68, 0x88, 0x66, 0xF3, 0x17, 0x08, 0xA3, 0x66, 0xB2, 0x4B, 0x88, 0xB6, 0x56, 0x26, 0x4B,
    0x16, 0x9B, 0x04, 0x40, 0x22, 0x4C, 0x9D, 0x8E, 0xA5, 0x5B, 0x10, 0x25, 0x68, 0x9B, 0xC5, 0xB7,
    0x36, 0xF8, 0x96, 0x89, 0x6F, 0x7B, 0xE2, 0x9B, 0x93, 0xB1, 0xA6, 0xE6, 0x52, 0x45, 0x32, 0x46,
    0x30, 0x64, 0x4A, 0xDF, 0xC3, 0x06, 0xF6, 0xA2, 0xC3, 0x91, 0xD0, 0xC8, 0xC9, 0x98, 0x92, 0xE8,
    0xB0, 0x7D, 0xE1, 0x48, 0xEF, 0x0D, 0x94, 0xD3, 0xA6, 0xF5, 0xEF, 0x32, 0xAB, 0xF7, 0xDC, 0xDA,
    0xFA, 0x8A, 0xC2, 0x81, 0x83, 0x2E, 0xB6, 0x97, 0x45, 0x84, 0xBA, 0xF2, 0x96, 0x26, 0x22, 0x0B,
    0x39, 0xC0, 0x03, 0x55, 0x5D, 0x74, 0xEA, 0xDF, 0x01, 0xC5, 0x95, 0x3F, 0x8C, 0xE4, 0x76, 0x15,
    0xC7, 0x9F, 0xC7, 0xE2, 0x2C, 0xC5, 0x52, 0x4C, 0x83, 0x10, 0x17, 0xE9, 0x9C, 0x96, 0x62, 0xE3,
    0x86, 0x22, 0xC5, 0xDE, 0xFD, 0x8C, 0xAE, 0x48, 0x71, 0x45, 0xAE, 0x48, 0x0F, 0x45, 0xFA, 0x6B,
    0x28, 0x40, 0xDA, 0xDB, 0x31, 0x81, 0x8E, 0x26, 0xA2, 0x4D, 0x43, 0x49, 0x83, 0x44, 0x71, 0xA0,
    0x2B, 0xD8, 0xB5, 0x05, 0x8A, 0xAE, 0xF5, 0x89, 0x22, 0x05, 0x05, 0x3E, 0x11, 0x04, 0x5D, 0x2C,
    0xE4, 0x20, 0x47, 0xD8, 0xF3, 0xE3, 0xFB, 0x7D, 0xCF, 0x9E, 0x99, 0x4D, 0xB8, 0x9C, 0x98, 0x99,
    0x9D, 0x9D, 0x9D, 0xDF, 0xDB, 0x99, 0xB1, 0xFD, 0xFB, 0xBD, 0xCF, 0xFB, 0xF3, 0x7D, 0x22, 0x69,
    0x27, 0x22, 0xAE, 0x87, 0x59, 0xD2, 0xAC, 0x06, 0x91, 0x60, 0x84, 0x09, 0xBF, 0x80, 0x89, 0x5B,
    0x98, 0xA4, 0x81, 0xC9, 0xAA, 0x11, 0xB7, 0x15, 0x30, 0x65, 0x0E, 0xE3, 0xFD, 0x4A, 0x16, 0x34,
    0xA1, 0xF7, 0x1E, 0xB7, 0x49, 0x89, 0xDB, 0x60, 0xB2, 0x0A, 0xC6, 0x15, 0xB2, 0x14, 0x7B, 0xC5,
    0x35, 0x4C, 0xDA, 0xCC, 0x26, 0xA9, 0x60, 0xCA, 0x07, 0x75, 0xE8, 0xFF, 0x5A, 0x25, 0xDE, 0x57,
    0x59, 0xEB, 0x0B, 0x57, 0x2D, 0x0B, 0xFC, 0xE5, 0x25, 0x1E, 0xF2, 0x78, 0xDA, 0xCB, 0x4A, 0xFC,
    0x62, 0x14, 0xFF, 0xCE, 0x28, 0xA5, 0x1F, 0xC4, 0xC1, 0xA5, 0xF8, 0x45, 0xAF, 0xDB, 0x85, 0xD8,
    0x24, 0x86, 0xC3, 0x49, 0x2B, 0x12, 0x71, 0x43, 0x89, 0x78, 0x21, 0x5A, 0xF1, 0xA3, 0xA3, 0x39,
    0xE7, 0x5D, 0xFC, 0x2D, 0xAC, 0x27, 0x17, 0xAE, 0x97, 0x30, 0xC6, 0x96, 0x09, 0x6E, 0x97, 0xC7,
    0x58, 0x7F, 0xC0, 0xA6, 0x38, 0x2C, 0xAA, 0xEC, 0xDA, 0x1E, 0xA0, 0xB7, 0x0A, 0xF5, 0x3C, 0xC7,
    0x66, 0xC3, 0x5D, 0x06, 0x6E, 0xF5, 0x90, 0x10, 0x19, 0x7F, 0xED, 0x93, 0x42, 0xAE, 0xB0, 0x19,
    0x9C, 0xD1, 0x29, 0x9E, 0xF1, 0x19, 0xA0, 0x11, 0x1A, 0xA2, 0x31, 0x1A, 0xA4, 0x51, 0x2A, 0xA6,
    0x71, 0x1A, 0xA8, 0x91, 0x1A, 0xAA, 0xB1, 0x6E, 0x60, 0x5F, 0xCB, 0x2D, 0xCA, 0x71, 0x0F, 0xD0,
    0x6C, 0x80, 0x47, 0xE7, 0xF7, 0x70, 0x56, 0x97, 0xCC, 0xDE, 0x00, 0x58, 0x48, 0x2C, 0x44, 0x16,
    0x32, 0x0B, 0xA1, 0x85, 0xD4, 0x42, 0x6C, 0xE5, 0x56, 0x70, 0x25, 0x57, 0x74, 0x65, 0x57, 0xF8,
    0x89, 0x9E, 0xD4, 0x12, 0x3D, 0x63, 0x9A, 0x7E, 0xB0, 0x9A, 0xA9, 0x37, 0xD0, 0xD7, 0x95, 0x4E,
    0x9E, 0x92, 0x3C, 0xE8, 0x25, 0x78, 0x34, 0x28, 0xD8, 0x9A, 0x6B, 0x8F, 0x34, 0x5E, 0xD0, 0x3C,
    0xA2, 0xB9, 0xC3, 0x4C, 0x3E, 0x85, 0xF7, 0xE3, 0xC3, 0x35, 0x51, 0x7E, 0xFD, 0x05, 0xCA, 0xA4,
    0xFF, 0x06, 0xEB, 0x44, 0x92, 0xBE, 0x43, 0xCE, 0x72, 0xB9, 0x24, 0x59, 0xBA, 0x27, 0x59, 0xF2,
    0x1C, 0xDD, 0xE5, 0x90, 0x63, 0xF9, 0x1E, 0xE9, 0x62, 0xAD, 0xAD, 0x4B, 0x42, 0xA5, 0xB9, 0x6C,
    0xBD, 0xAE, 0x8D, 0x2C, 0xFD, 0x65, 0x85, 0xF3, 0x0B, 0xF9, 0x2D, 0xFA, 0x3D, 0xC1, 0xD6, 0xEE,
    0x42, 0x82, 0x3E, 0xDB, 0x1C, 0xBC, 0x33, 0x59, 0xC4, 0xA6, 0x48, 0x3D, 0x3D, 0xCE, 0x0A, 0xEC,
    0x19, 0x57, 0xC7, 0x50, 0x91, 0xFF, 0xA9, 0x93, 0x09, 0xB7, 0x43, 0x03, 0x5C, 0x3A, 0xA8, 0x4A,
    0x52, 0xED, 0x5B, 0x8B, 0x5F, 0xD5, 0x4E, 0xF9, 0x0E, 0x0D, 0xE5, 0xE5, 0xCD, 0xCF, 0xD1, 0x5D,
    0x77, 0x3F, 0xAA, 0x98, 0xD4, 0x49, 0xD4, 0x8E, 0x91, 0x45, 0xF9, 0xAE, 0x89, 0x66, 0x00, 0x77,
    0x7E, 0xF7, 0x00, 0x3F, 0xE1, 0xF0, 0xB4, 0x7F, 0x75, 0x16, 0xF3, 0x57, 0xD1, 0xDE, 0xCA, 0xE7,
    0x09, 0xF0, 0xE6, 0x0B, 0x90, 0x9D, 0xBE, 0x31, 0x93, 0x25, 0x47, 0x22, 0xA3, 0x03, 0x1C, 0x03,
    0x21, 0xD6, 0x93, 0x8F, 0x8C, 0x2C, 0x3B, 0x04, 0x59, 0xA0, 0x82, 0x7F, 0x46, 0x03, 0x35, 0x91,
    0x9F, 0x7C, 0xA2, 0x64, 0xF9, 0xF1, 0xC8, 0x16, 0x28, 0x9F, 0xE0, 0x09, 0xB6, 0xC4, 0xFF, 0xDF,
    0xFF, 0xE5, 0x80, 0x64, 0xF1, 0x87, 0xA8, 0x82, 0x8C, 0x9A, 0xF2, 0xF6, 0x23, 0xF0, 0x7C, 0x53,
    0x60, 0xCE, 0x22, 0xC5, 0x43, 0x0A, 0xE3, 0xF1, 0x38, 0x78, 0xF1, 0x4F, 0x2B, 0x15, 0xB6, 0x1F,
    0x4D, 0x9D, 0xD9, 0xC1, 0x83, 0x25, 0xE2, 0x9B, 0x8E, 0x07, 0x10, 0x97, 0xF7, 0x03, 0x90, 0x9C,
    0xC5, 0x33, 0x13, 0x9B, 0x5B, 0x82, 0x0F, 0xE5, 0xC6, 0x14, 0x86, 0xEA, 0x56, 0xC2, 0x13, 0xB7,
    0xD5, 0x77, 0x87, 0x54, 0x98, 0xD2, 0x77, 0xF0, 0xAF, 0xE5, 0x0A, 0xE0, 0xEA, 0x62, 0xB0, 0x15,
    0x72, 0x79, 0x9F, 0x47, 0x74, 0x18, 0x8B, 0xF7, 0xEB, 0xC2, 0x33, 0x69, 0x4D, 0x42, 0x06, 0x68,
    0x58, 0x2F, 0x7D, 0x51, 0x26, 0x56, 0x8C, 0x08, 0xFD, 0xC6, 0x7A, 0xD4, 0x01, 0x7B, 0x14, 0xF8,
    0x29, 0x59, 0xB7, 0xCC, 0xE1, 0x67, 0xBE, 0xFC, 0x3E, 0x3C, 0x44, 0x24, 0xBC, 0xEF, 0xB1, 0x0A,
    0x61, 0xC3, 0x97, 0xF9, 0x0F, 0x91, 0xBF, 0x0E, 0x85, 0xD5, 0xCA, 0x2D, 0x06, 0x9D, 0x7E, 0xB6,
    0xE6, 0x27, 0x97, 0x29, 0x21, 0x37, 0x66, 0xE5, 0x31, 0x2A, 0x69, 0xA1, 0xDF, 0xE5, 0xC9, 0x14,
    0x8F, 0x03, 0x32, 0x24, 0x9D, 0xA9, 0xBA, 0x5C, 0x60, 0xE1, 0x7F, 0x44, 0x47, 0xA6, 0x01, 0xB3,
    0x07, 0x0F, 0x02, 0x7F, 0x8A, 0x7D, 0xCF, 0x30, 0xB7, 0x7A, 0x39, 0xC9, 0x5A, 0x39, 0x8D, 0xEA,
    0x83, 0xFA, 0xEE, 0xEE, 0x57, 0xD8, 0xA3, 0x42, 0x99, 0xE5, 0xE1, 0xF3, 0x71, 0x5F, 0x7F, 0x83,
    0x5F, 0x4D, 0xB5, 0xE2, 0xDF, 0x2D, 0xE0, 0xC7, 0xC7, 0x38, 0xF8, 0x13, 0x9E, 0x4A, 0x65, 0x59,
    0xBB, 0xAD, 0x7E, 0xAB, 0xD1, 0x8C, 0xD3, 0x6D, 0x33, 0xA1, 0x1A, 0x78, 0x22, 0x74, 0x5F, 0xFD,
    0x57, 0xE7, 0x27, 0xA3, 0x05, 0x4E, 0x7A, 0x42, 0x4C, 0xDE, 0xAF, 0x0D, 0x5E, 0xB7, 0x39, 0x19,
    0x1C, 0x53, 0x81, 0x22, 0x72, 0xC3, 0x43, 0xE4, 0xE2, 0x31, 0x45, 0x2D, 0x9D, 0xBB, 0x10, 0x5C,
    0x0A, 0xA6, 0x64, 0x8A, 0x26, 0x64, 0x13, 0xC2, 0x29, 0x9D, 0xE2, 0x29, 0x9F, 0x02, 0x2A, 0xA1,
    0x22, 0x2A, 0xA3, 0x41, 0x92, 0x2E, 0x68, 0xE1, 0xE3, 0xB7, 0x51, 0x55, 0xA4, 0x9B, 0xE1, 0x0E,
    0x94, 0x11, 0x47, 0x54, 0x54, 0x53, 0xB0, 0x1C, 0x14, 0x60, 0xED, 0xFF, 0xEE, 0x59, 0x49, 0x19,
    0x98, 0x37, 0x18, 0x34, 0xCE, 0x2C, 0x7F, 0x87, 0x0E, 0xFD, 0x1C, 0xA7, 0x3C, 0xE3, 0xD1, 0xC7,
    0x48, 0x4D, 0xD0, 0x5B, 0x97, 0x0B, 0x6A, 0xB9, 0x6B, 0x91, 0x9B, 0x5C, 0x46, 0x92, 0x65, 0xFB,
    0x91, 0x2D, 0xFA, 0xB7, 0xE1, 0x49, 0x27, 0xAF, 0x43, 0x00, 0x03, 0xBA, 0xF6, 0x59, 0x25, 0xD9,
    0xFD, 0x66, 0x23, 0xE6, 0x07, 0xEA, 0x91, 0xEC, 0x67, 0x36, 0x28, 0xDA, 0x0B, 0x53, 0x72, 0x64,
    0x66, 0xD1, 0xDD, 0xDB, 0x0C, 0x8D, 0x5D, 0xFD, 0x0F, 0x3C, 0x9B, 0x84, 0x55, 0xD4, 0x88, 0x0B,
    0xBA, 0x83, 0x6B, 0xD2, 0x97, 0x75, 0x95, 0xFA, 0xE4, 0xF0, 0x65, 0x74, 0xD0, 0xC9, 0xB4, 0xD8,
    0x57, 0x9B, 0xBE, 0xA2, 0xB5, 0x71, 0x2F, 0x31, 0xB6, 0x3F, 0xA7, 0x08, 0x86, 0x9D, 0x16, 0x1B,
    0x8B, 0x29, 0xC0, 0x5E, 0x65, 0x4F, 0x17, 0x5D, 0xA5, 0x63, 0x2B, 0xE7, 0xBB, 0xD4, 0x1E, 0x5B,
    0xD1, 0x3B, 0x00, 0xE2, 0x0D, 0xC4, 0xCC, 0x33, 0xCE, 0x25, 0x42, 0x8D, 0x4B, 0x0C, 0x4C, 0x25,
    0x69, 0x25, 0x97, 0x93, 0x60, 0x87, 0x7A, 0x4F, 0xD8, 0x4B, 0xD4, 0x49, 0xDC, 0x12, 0x1F, 0xF4,
    0x78, 0x83, 0x7F, 0xBD, 0xB7, 0xD3, 0xBD, 0x77, 0x3C, 0x14, 0x04, 0xB5, 0xA4, 0x0D, 0xDF, 0xD3,
    0xB4, 0x70, 0xFA, 0x78, 0x96, 0x2B, 0xC8, 0x95, 0x67, 0xCD, 0x93, 0x2F, 0x3B, 0x53, 0x5B, 0x17,
    0x08, 0x0A, 0x7B, 0xA9, 0x67, 0xB2, 0x4A, 0x34, 0x5E, 0x0E, 0xC1, 0x0B, 0x3C, 0x22, 0x1D, 0xAE,
    0x16, 0x48, 0x1F, 0x22, 0x2B, 0x69, 0x8B, 0xB0, 0x66, 0xB5, 0x30, 0xEA, 0x30, 0x78, 0xA0, 0xCC,
    0xE9, 0x63, 0x5E, 0x92, 0xBF, 0xCC, 0x91, 0xBB, 0x65, 0x1E, 0x8E, 0xF0, 0x20, 0x46, 0x52, 0x1B,
    0x88, 0x7F, 0xEA, 0x7D, 0xCD, 0x06, 0x84, 0x3F, 0xE5, 0xA7, 0x73, 0xF5, 0x39, 0x53, 0xAA, 0xD9,
    0x9C, 0xF3, 0xEB, 0xB2, 0x41, 0xB5, 0x0C, 0x96, 0xD5, 0xA6, 0xB4, 0xAC, 0xE6, 0xAE, 0x28, 0xB1,
    0xA1, 0xD7, 0x55, 0xE2, 0x04, 0xD8, 0xFB, 0x23, 0xD8, 0x11, 0x25, 0xDF, 0xC8, 0xAD, 0x95, 0x52,
    0x0A, 0xF5, 0x20, 0xEA, 0x2D, 0xAB, 0xE1, 0xA6, 0x97, 0x1C, 0x93, 0xB9, 0x6C, 0xA7, 0xB4, 0x9B,
    0xD1, 0x66, 0x7F, 0x6B, 0xBE, 0xE3, 0x7A, 0x31, 0xA1, 0x88, 0x5A, 0xBF, 0x2A, 0x23, 0xF8, 0x1F,
    0xB1, 0xF8, 0xAC, 0x0E, 0xF7, 0xA1, 0x65, 0x47, 0xFC, 0x89, 0xF3, 0xEA, 0xEF, 0xB9, 0x84, 0xFF,
    0x66, 0x43, 0x55, 0x4F, 0x65, 0xEB, 0x75, 0x9D, 0x50, 0xAF, 0x9C, 0x57, 0xE0, 0x52, 0xB0, 0x69,
    0x5E, 0x01, 0x6D, 0x9A, 0x57, 0x80, 0x13, 0xD2, 0x89, 0x37, 0xA3, 0x65, 0xCD, 0x19, 0x06, 0x42,
    0x45, 0x54, 0xC6, 0x09, 0x92, 0x9D, 0x2F, 0x67, 0xCC, 0xDF, 0xB7, 0xF8, 0x63, 0xF8, 0xAF, 0x23,
    0x52, 0xBE, 0x74, 0x98, 0xED, 0x9E, 0xB2, 0x40, 0xFB, 0x54, 0x87, 0x16, 0xCC, 0xF2, 0x19, 0xFA,
    0xCD, 0xBF, 0x98, 0xB1, 0x8A, 0x63, 0x25, 0xEF, 0xCA, 0x44, 0xEB, 0x74, 0xA2, 0x5D, 0x6C, 0x4D,
    0xB4, 0x9D, 0xF1, 0x2E, 0x5E, 0x47, 0x05, 0x30, 0xE5, 0xE1, 0x07, 0xDD, 0xBA, 0x0C, 0x90, 0xBA,
    0xC5, 0x7F, 0x58, 0xEF, 0x75, 0x7F, 0x1C, 0xBC, 0xED, 0x81, 0x97, 0xCC, 0x03, 0x2F, 0xDB, 0x9C,
    0xBC, 0x33, 0x1E, 0x2B, 0x3A, 0xF0, 0x54, 0x98, 0xCF, 0x7B, 0x0A, 0xEC, 0xC5, 0xB1, 0x7A, 0xED,
    0x25, 0x3A, 0x49, 0x45, 0x71, 0xE8, 0x99, 0xD1, 0x41, 0xD1, 0xD2, 0x42, 0x0E, 0xAE, 0x9D, 0xD1,
    0xA0, 0xC7, 0x68, 0xB9, 0xAA, 0x5C, 0xCA, 0x52, 0xEF, 0x7C, 0x7F, 0x23, 0xAB, 0xC0, 0x06, 0x8D,
    0xF3, 0xBD, 0x27, 0x38, 0x4E, 0x26, 0x79, 0x2B, 0x31, 0xD0, 0x73, 0xB2, 0xE3, 0xA2, 0xC2, 0x8B,
    0xD2, 0x5F, 0x99, 0x65, 0xDA, 0xFC, 0xB0, 0x88, 0x80, 0x85, 0xC0, 0x62, 0x60, 0x41, 0xB0, 0x28,
    0x30, 0x0C, 0x0A, 0x6E, 0x71, 0x60, 0x48, 0x16, 0xA3, 0x98, 0x7E, 0xA2, 0x5F, 0x6E, 0x17, 0xE6,
    0xC4, 0xB2, 0x71, 0x45, 0xE8, 0x47, 0x4F, 0xEC, 0x81, 0xDC, 0xF5, 0x2E, 0x52, 0xB3, 0x50, 0x5A,
    0x19, 0x65, 0x03, 0x9A, 0xE6, 0xDB, 0x29, 0x3E, 0x32, 0xEE, 0xB2, 0x98, 0xC3, 0x9E, 0xD4, 0x1C,
    0x5A, 0xCD, 0xED, 0xE9, 0x87, 0xC3, 0xE0, 0xCE, 0x50, 0xB5, 0x5A, 0xCD, 0x71, 0xA8, 0x36, 0xB2,
    0x7C, 0x6B, 0x3D, 0xBD, 0x75, 0x43, 0x99, 0xD6, 0xBA, 0xEB, 0xA6, 0x1A, 0x37, 0xAD, 0xE2, 0xB4,
    0x33, 0xDF, 0xE2, 0x22, 0xAD, 0xD6, 0x89, 0xCF, 0xE7, 0x48, 0xF4, 0x8C, 0x44, 0xB1, 0x53, 0xE2,
    0xDB, 0x3B, 0xDC, 0x75, 0xBC, 0xCB, 0xF3, 0x28, 0x5F, 0x92, 0xA6, 0xD4, 0xAA, 0x13, 0xEB, 0x82,
    0xA3, 0xD3, 0xBB, 0xFB, 0x1C, 0x0B, 0xBE, 0xE2, 0x49, 0xB9, 0x84, 0xCF, 0x2F, 0xBF, 0x91, 0xBF,
    0x24, 0xF1, 0xCD, 0x8E, 0x89, 0xBF, 0x89, 0x74, 0x8A, 0x49, 0xB0, 0x56, 0xB5, 0x89, 0x98, 0xDC,
    0x9B, 0xAF, 0x5C, 0x4D, 0xE7, 0x6A, 0xBF, 0x74, 0xAE, 0x27, 0x5C, 0x38, 0xCC, 0x66, 0xD1, 0xD9,
    0x27, 0x78, 0x3B, 0xE0, 0xE1, 0x88, 0xC2, 0x1C, 0x75, 0x30, 0x71, 0x2B, 0x38, 0xAD, 0x0D, 0x46,
    0x49, 0x1A, 0xF4, 0x7F, 0x5A, 0xE3, 0x7A, 0x56, 0x87, 0x3D, 0xCE, 0xC5, 0x75, 0x60, 0xC1, 0x14,
    0xB8, 0x69, 0x59, 0x24, 0x34, 0x88, 0x88, 0xAB, 0x31, 0xD1, 0x32, 0x26, 0x26, 0x81, 0xCE, 0x23,
    0x76, 0xCD, 0xCC, 0xC7, 0x22, 0x65, 0x48, 0x4C, 0xA2, 0xA4, 0x57, 0xE9, 0x4C, 0x9A, 0xA4, 0x49,
    0xEB, 0xB4, 0xCE, 0x2A, 0xFB, 0x73, 0x85, 0xFD, 0x51, 0x96, 0x4B, 0x15, 0xE3, 0x72, 0xB1, 0x92,
    0xF2, 0x1D, 0x4C, 0x01, 0x6C, 0xE7, 0x06, 0x48, 0x77, 0x63, 0x3A, 0xC4, 0xE2, 0xA3, 0x14, 0x53,
    0x7E, 0xA3, 0xF5, 0x21, 0x52, 0x32, 0x7E, 0x25, 0xBF, 0xEB, 0x8F, 0x31, 0xDB, 0xD7, 0x11, 0xFB,
    0x74, 0xBA, 0xE1, 0x9A, 0x31, 0x63, 0x4E, 0x88, 0xD5, 0x34, 0x82, 0x2E, 0x70, 0x1C, 0xA7, 0x45,
    0x65, 0x0D, 0xBB, 0x33, 0x2D, 0x37, 0xC5, 0xF3, 0xCD, 0x54, 0x9B, 0xF3, 0x80, 0x5B, 0x0F, 0x9A,
    0xA4, 0x25, 0xD5, 0xBB, 0x0D, 0x3C, 0x2E, 0xB3, 0x8A, 0xD6, 0x17, 0x04, 0x5B, 0x91, 0xCC, 0x7F,
    0x6A, 0x68, 0xC6, 0x66, 0x70, 0x28, 0xA9, 0xC9, 0xF6, 0x62, 0x90, 0x06, 0x88, 0xD0, 0x30, 0x9E,
    0xAE, 0x48, 0x6B, 0x31, 0x46, 0x83, 0x34, 0x4A, 0x60, 0xD6, 0xEB, 0x20, 0x73, 0x47, 0xA5, 0x93,
    0xD7, 0x0A, 0xFD, 0xBC, 0x18, 0x00, 0xF8, 0x8F, 0x1E, 0x84, 0xBE, 0x05, 0xA2, 0x2F, 0x40, 0xF8,
    0x05, 0x8E, 0x80, 0xC3, 0x64, 0x14, 0x62, 0x0A, 0x39, 0x15, 0x54, 0x49, 0x15, 0x15, 0xCE, 0xB2,
    0x45, 0x00, 0x3B, 0xD1, 0x6A, 0x49, 0xDA, 0xFE, 0x33, 0x68, 0xB6, 0x3D, 0x67, 0x8E, 0x8D, 0xEB,
    0xD6, 0x33, 0x46, 0x4B, 0x6A, 0xD1, 0xCA, 0xAF, 0x67, 0xDC, 0xBF, 0x6D, 0x70, 0x99, 0xD0, 0xF1,
    0xEB, 0x70, 0xFD, 0x4B, 0x70, 0xB7, 0x0B, 0xD7, 0x2A, 0x77, 0xAA, 0xE7, 0xD8, 0x4E, 0xD7, 0xDF,
    0x4F, 0x6F, 0x28, 0xD3, 0x73, 0x49, 0x5B, 0x4D, 0x5B, 0x36, 0x2E, 0xE6, 0xC4, 0x87, 0x95, 0xB6,
    0x72, 0xA8, 0x89, 0xEF, 0x18, 0x89, 0x66, 0x4E, 0xFC, 0x3F, 0x77, 0x49, 0xFC, 0xA2, 0x3D, 0xD1,
    0x41, 0x73, 0xBA, 0x1E, 0x34, 0x77, 0x32, 0x9E, 0x73, 0x32, 0xF7, 0xF7, 0x91, 0xE9, 0xB3, 0x0F,
    0x36, 0x83, 0xA6, 0x90, 0xC5, 0x8B, 0x4B, 0x79, 0x6F, 0x9D, 0xF8, 0x61, 0x9D, 0x78, 0x76, 0xF3,
    0x6A, 0xC7, 0xC4, 0xDF, 0x44, 0x3A, 0x35, 0x7F, 0x1C, 0x10, 0xB3, 0x1E, 0x9B, 0x34, 0xCB, 0xAC,
    0xCC, 0x07, 0x4B, 0xA7, 0x6C, 0x4D, 0x16, 0xA1, 0xDA, 0xE2, 0x53, 0x3B, 0x4F, 0x37, 0x96, 0x75,
    0x02, 0x2F, 0xC3, 0x49, 0x51, 0x80, 0xBA, 0xCC, 0xB3, 0x1A, 0x9B, 0x17, 0xAE, 0xF2, 0x92, 0xFD,
    0x71, 0x94, 0xF4, 0xCF, 0xBD, 0x24, 0x9F, 0xB5, 0x40, 0xA8, 0x25, 0x46, 0x02, 0x22, 0x9C, 0x16,
    0x8E, 0xB6, 0x1D, 0xF1, 0x09, 0x4F, 0x74, 0x82, 0x53, 0x1B, 0x55, 0x1F, 0x79, 0x41, 0x16, 0x7A,
    0xBC, 0x0A, 0x88, 0x9B, 0x1D, 0x19, 0xE0, 0xEC, 0x62, 0x40, 0x38, 0x83, 0x81, 0x1B, 0x0C, 0x7C,
    0x7A, 0xE4, 0xA3, 0x23, 0x43, 0xB6, 0x62, 0x93, 0x5F, 0x02, 0x4C, 0x2E, 0x4B, 0xD6, 0x39, 0x9F,
    0x75, 0xDC, 0xC5, 0x11, 0xC0, 0x35, 0xB3, 0x0C, 0x68, 0x37, 0xF2, 0x0E, 0x52, 0x4B, 0xC9, 0x3B,
    0xCA, 0x76, 0x42, 0x3A, 0x1C, 0x04, 0x5E, 0x69, 0x6E, 0x27, 0x72, 0x65, 0xFF, 0x8F, 0xFF, 0xE7,
    0xF4, 0x6E, 0xF9, 0xB5, 0xFE, 0xFB, 0x2C, 0x87, 0xFF, 0xCB, 0x02, 0xFE, 0xD3, 0xB4, 0x6E, 0xF2,
    0x5F, 0xB2, 0xC6, 0x1E, 0x58, 0xF4, 0x2A, 0x73, 0x2A, 0x7A, 0x89, 0x1C, 0x36, 0x41, 0xC2, 0xAA,
    0x14, 0x4F, 0x67, 0x62, 0x15, 0xD6, 0x6A, 0xD6, 0x95, 0x1F, 0x1F, 0x31, 0x55, 0xFA, 0x7A, 0x1C,
    0x56, 0x81, 0xFF, 0x45, 0x11, 0xA2, 0x51, 0xC2, 0x67, 0x5E, 0xA2, 0xE2, 0xE9, 0x61, 0x51, 0xA3,
    0xEE, 0x74, 0x12, 0xB2, 0xCC, 0xE3, 0xFA, 0x69, 0x5A, 0x1F, 0x0F, 0xF0, 0xBF, 0xAD, 0x96, 0x85,
    0xB3, 0xEC, 0x48, 0x15, 0xC6, 0x7F, 0x49, 0xA8, 0xCD, 0x42, 0xAA, 0x5E, 0x6F, 0x39, 0x9E, 0x72,
    0x9C, 0xC6, 0x59, 0xBD, 0xDD, 0x4F, 0x70, 0xFB, 0x0F, 0x70, 0xF7, 0x52, 0xF4, 0x4E, 0x02, 0xAF,
    0x14, 0xFF, 0x0F, 0xD8, 0x52, 0xDC, 0x1D, 0xEE, 0xDC, 0x34, 0xEE, 0x90, 0xAD, 0x2D, 0xC3, 0x83,
    0x3B, 0xAF, 0x81, 0x50, 0x2F, 0x40, 0x67, 0x0E, 0xDD, 0x23, 0x35, 0x4F, 0xF1, 0x33, 0xFD, 0x9D,
    0x96, 0x73, 0x4E, 0x7F, 0xDF, 0xC4, 0xC1, 0xCC, 0x4D, 0x68, 0xC2, 0xBE, 0x07, 0x2D, 0xE2, 0xCC,
    0x16, 0x80, 0x91, 0xD9, 0x48, 0x68, 0x24, 0x00, 0xEB, 0x69, 0xB4, 0x79, 0xED, 0x43, 0x13, 0xDD,
    0xD5, 0xD7, 0x8F, 0x8A, 0xFE, 0xFF, 0xD5, 0xB4, 0xCC, 0x7A, 0x4D, 0xD4, 0xC8, 0x14, 0x5B, 0xEE,
    0x4B, 0xAF, 0xFA, 0xDA, 0x99, 0xB6, 0xA1, 0xF2, 0x6A, 0xA8, 0x9D, 0x6E, 0x0D, 0x4B, 0x8A, 0xA9,
    0x8C, 0x33, 0xE5, 0xB4, 0x35, 0xEC, 0x7E, 0x9A, 0x9A, 0xDC, 0x2F, 0xCA, 0x21, 0xA8, 0xDB, 0x42,
    0xFD, 0xF9, 0xD1, 0xBC, 0xD1, 0x37, 0x6A, 0xA8, 0xFC, 0x4A, 0xFD, 0x38, 0x4E, 0x27, 0x7D, 0xD6,
    0x9B, 0xAA, 0x3F, 0x54, 0xAE, 0x98, 0x3A, 0x4A, 0xBF, 0x22, 0x2E, 0xA3, 0x3E, 0x37, 0xA2, 0x4F,
    0x7B, 0x62, 0x84, 0x46, 0xF5, 0x26, 0xB6, 0x2A, 0x35, 0x5D, 0x0E, 0xF5, 0xE9, 0x01, 0x63, 0x31,
    0x70, 0x00, 0xB7, 0xC0, 0x6B, 0x31, 0x49, 0xD2, 0xF8, 0x82, 0xBF, 0xDE, 0x8A, 0x27, 0xF3, 0xE4,
    0x9E, 0x62, 0xA0, 0x1C, 0x88, 0xB5, 0xCA, 0xA5, 0x56, 0x3B, 0x74, 0x8B, 0x69, 0xA1, 0x98, 0x22,
    0xFC, 0x16, 0x3D, 0xF9, 0x7B, 0x7E, 0xD3, 0x16, 0x22, 0xAE, 0x14, 0x69, 0x51, 0x2D, 0xD4, 0x11,
    0x3A, 0x81, 0x35, 0xB4, 0xCC, 0x18, 0x09, 0xDC, 0x77, 0xF9, 0x4E, 0x38, 0x02, 0x02, 0x64, 0x11,
    0xF9, 0x04, 0x95, 0xD7, 0xC1, 0xAC, 0x9A, 0xF8, 0x33, 0x2B, 0x1D, 0x2A, 0x0F, 0xD7, 0x52, 0x53,
    0x3B, 0xED, 0x4D, 0x30, 0x73, 0xD3, 0x1F, 0x73, 0x2B, 0xA0, 0x9C, 0xE9, 0x8D, 0xD3, 0x56, 0xB3,
    0xEC, 0x5E, 0x27, 0x72, 0x6A, 0xB5, 0x20, 0x68, 0x42, 0x39, 0x74, 0x67, 0x67, 0x35, 0xCA, 0xE9,
    0x59, 0xF9, 0x45, 0x36, 0x55, 0x7D, 0xDD, 0x6E, 0xF2, 0xF2, 0x39, 0x29, 0x87, 0x4A, 0xAC, 0x72,
    0x40, 0x2D, 0x4E, 0x03, 0x98, 0xB7, 0xBA, 0x43, 0x80, 0x46, 0xB9, 0x09, 0x60, 0xA1, 0x3E, 0xEF,
    0x01, 0x96, 0xF5, 0x1B, 0x1D, 0xC0, 0xB1, 0x79, 0xDA, 0x53, 0x86, 0x7C, 0xA2, 0x91, 0x83, 0x26,
    0xD4, 0x82, 0x09, 0x61, 0x35, 0x9B, 0xCE, 0xAA, 0x9F, 0xFC, 0x25, 0x2C, 0x9B, 0xBA, 0xA5, 0xFC,
    0xE9, 0xB8, 0x5C, 0xC6, 0x3E, 0xD6, 0x2D, 0x83, 0xB6, 0x98, 0xC2, 0x87, 0x60, 0x60, 0xB9, 0xE9,
    0xB3, 0xA9, 0xF8, 0xF3, 0x38, 0x2F, 0x29, 0x7C, 0x2E, 0x43, 0x37, 0xA1, 0x1C, 0x9D, 0xD5, 0x3D,
    0x3B, 0x3D, 0x7B, 0x45, 0x7B, 0x4D, 0x7B, 0x55, 0x7B, 0x5D, 0x7B, 0x65, 0x7B, 0x6D, 0x7B, 0x75,
    0xDD, 0x4E, 0x5F, 0x21, 0x6E, 0xAB, 0xF0, 0x29, 0xE7, 0xFA, 0xAD, 0xC6, 0xB7, 0x7F, 0x79, 0xD8,
    0xAA, 0xFC, 0xC0, 0x63, 0x86, 0xAD, 0xCE, 0xA6, 0xEA, 0xB7, 0x4A, 0x8D, 0x72, 0x2C, 0x77, 0xA3,
    0xAD, 0x5A, 0xF3, 0x32, 0xBB, 0xD5, 0xAB, 0x57, 0x3B, 0xC5, 0xD5, 0x04, 0x73, 0x3E, 0x15, 0x7E,
    0x7D, 0x4C, 0xB9, 0x37, 0xCC, 0xB5, 0xCB, 0x27, 0x63, 0x4B, 0x7F, 0x8C, 0x72, 0x01, 0x7D, 0xCA,
    0x73, 0x50, 0xF6, 0x69, 0xFD, 0x73, 0x21, 0x06, 0x4E, 0xFB, 0x18, 0x51, 0x7D, 0x0C, 0xD5, 0x6D,
    0x8C, 0x99, 0x14, 0x3C, 0xC2, 0xD8, 0xDA, 0x55, 0x7D, 0x31, 0xE4, 0x9E, 0x89, 0x67, 0x9B, 0xB3,
    0x23, 0xEA, 0xB3, 0x13, 0x55, 0x1F, 0x28, 0xFC, 0x01, 0xD9, 0xA8, 0x61, 0x52, 0x36, 0xAE, 0x37,
    0x29, 0xA0, 0x6D, 0x8C, 0x28, 0x17, 0x43, 0x65, 0x1F, 0x63, 0x85, 0x8F, 0xC1, 0x93, 0x9E, 0x87,
    0xC1, 0x27, 0xC9, 0x62, 0xC9, 0xF7, 0xA9, 0xEE, 0xC1, 0x3D, 0x4F, 0x70, 0xF3, 0x09, 0x3E, 0xAA,
    0xE0, 0x3A, 0x38, 0x04, 0xA1, 0x08, 0xA8, 0x11, 0xDD, 0x63, 0x1C, 0xDA, 0xA1, 0x06, 0x2A, 0x4F,
    0xE9, 0xC9, 0x2D, 0xB4, 0x55, 0x9F, 0x6E, 0x92, 0x62, 0xCA, 0x43, 0x11, 0x94, 0x37, 0x7D, 0x67,
    0x17, 0x5C, 0x4B, 0x86, 0x8E, 0xE5, 0x65, 0xDB, 0xD8, 0x4F, 0xA2, 0x7C, 0x73, 0x7A, 0xA6, 0x9C,
    0x75, 0x3D, 0x82, 0xB4, 0x8D, 0x03, 0xFD, 0xA7, 0x15, 0xE8, 0x52, 0xC6, 0x03, 0x4C, 0x2B, 0xAE,
    0xB1, 0x1B, 0xAF, 0x73, 0x89, 0xAA, 0xA9, 0xCE, 0x07, 0x40, 0x3B, 0x01, 0x3A, 0x4C, 0x4B, 0x1E,
    0x36, 0xA4, 0xBA, 0x98, 0x50, 0x31, 0x6F, 0xA6, 0xB4, 0x8D, 0xBD, 0x1E, 0xD0, 0x40, 0x26, 0xE5,
    0x94, 0xAF, 0xAA, 0x31, 0x9F, 0x95, 0x2F, 0xC2, 0x1A, 0x43, 0x31, 0xD5, 0x7D, 0x39, 0x6A, 0x57,
    0xF9, 0x88, 0xC1, 0xB4, 0xAA, 0x37, 0x56, 0x39, 0x93, 0xAA, 0xD9, 0x99, 0x26, 0xD0, 0xBD, 0x7E,
    0x45, 0xBC, 0xC4, 0x59, 0x64, 0x13, 0xD7, 0x88, 0xED, 0xA4, 0x6F, 0xC4, 0x9B, 0x5F, 0x8E, 0xD5,
    0xED, 0x5E, 0x7D, 0xD9, 0xAB, 0x1F, 0x0D, 0x4A, 0xDA, 0x7A, 0xA6, 0xF6, 0x68, 0x87, 0xB6, 0x6C,
    0xEC, 0x00, 0xC4, 0x22, 0x70, 0xB8, 0x7B, 0xA2, 0x19, 0x59, 0x35, 0x32, 0x5F, 0x07, 0xF6, 0x41,
    0x64, 0xEE, 0x7A, 0x4A, 0x7B, 0x4F, 0x1E, 0x48, 0x25, 0x13, 0x59, 0xD7, 0xC2, 0xCB, 0xDE, 0x46,
    0x11, 0xC7, 0xAA, 0x7D, 0x20, 0x37, 0x53, 0xF2, 0x72, 0x8A, 0xD6, 0x92, 0x01, 0x85, 0x03, 0x05,
    0xDC, 0x13, 0x62, 0x04, 0x3E, 0x0A, 0xD9, 0xB0, 0x59, 0xAE, 0x2C, 0xD4, 0x80, 0x01, 0x3A, 0xE0,
    0xBC, 0xA5, 0xF8, 0x7C, 0x4B, 0x79, 0xD6, 0xA1, 0x62, 0xFC, 0x96, 0xDC, 0xB1, 0x37, 0xCA, 0xE1,
    0xA2, 0xFE, 0xDA, 0x72, 0x13, 0xDD, 0x5D, 0xDA, 0x5A, 0x7E, 0xD3, 0x02, 0x5C, 0x23, 0xB2, 0x59,
    0x68, 0x36, 0x7D, 0x26, 0xCE, 0x02, 0x94, 0xE7, 0x37, 0x75, 0xEA, 0xA7, 0x7E, 0x9D, 0x76, 0xEA,
    0x73, 0xD3, 0x5D, 0x2C, 0x54, 0x7D, 0xD6, 0xD7, 0x2D, 0x54, 0x0E, 0xB4, 0xE5, 0x9E, 0xAA, 0xE5,
    0x7A, 0x0D, 0xFA, 0x9C, 0xA5, 0x3B, 0x06, 0x2D, 0xE2, 0x1A, 0x11, 0xE8, 0xC4, 0x65, 0xA9, 0x97,
    0xEF, 0xB6, 0x85, 0xBC, 0x88, 0xE2, 0xEF, 0x0E, 0x75, 0xCE, 0xC6, 0xDD, 0x86, 0x74, 0xEF, 0x51,
    0x7E, 0xDE, 0x53, 0x57, 0x3D, 0x59, 0x3E, 0x92, 0x95, 0x3D, 0x7B, 0x33, 0xB3, 0x09, 0x4D, 0x60,
    0xBD, 0x3B, 0x2C, 0x00, 0x02, 0x50, 0x78, 0x12, 0x39, 0x90, 0xD8, 0x31, 0xBB, 0xF5, 0x7C, 0xDC,
    0xFD, 0x45, 0xE5, 0x00, 0x0D, 0x70, 0x08, 0x30, 0x5D, 0xA5, 0x08, 0x13, 0x30, 0x13, 0xCD, 0xC4,
    0x31, 0x2C, 0x61, 0x86, 0x40, 0x16, 0xC8, 0xA7, 0xB4, 0x57, 0x21, 0xAE, 0x90, 0xB6, 0x14, 0x5B,
    0x5D, 0xF6, 0x14, 0xD6, 0x76, 0x57, 0x3A, 0x02, 0x6C, 0x47, 0x9D, 0x4F, 0x2C, 0x65, 0x6C, 0x17,
    0x15, 0x6C, 0x37, 0x11, 0x30, 0xD0, 0xC0, 0xF1, 0x96, 0x68, 0xCD, 0xB5, 0x2F, 0x05, 0x32, 0x79,
    0x5B, 0xCC, 0xD4, 0x32, 0x36, 0xD2, 0xD7, 0x12, 0x1A, 0xF1, 0x27, 0x4E, 0x85, 0x1B, 0xAA, 0x31,
    0xE5, 0x95, 0x23, 0x79, 0xA0, 0xF2, 0x54, 0x13, 0x7A, 0xA0, 0x19, 0x32, 0x69, 0x33, 0xB1, 0xE5,
    0x4C, 0x11, 0x50, 0x6B, 0xDA, 0xDA, 0x25, 0x5A, 0x6D, 0xB9, 0xD0, 0xEA, 0x96, 0x05, 0x18, 0x87,
    0xD8, 0xB5, 0x27, 0x25, 0x2C, 0x21, 0x97, 0xB7, 0x55, 0x63, 0xA4, 0x52, 0x3E, 0x32, 0xA9, 0x44,
    0x54, 0x0F, 0x64, 0xA1, 0xEE, 0xC9, 0x83, 0x76, 0x91, 0xC5, 0xB8, 0x48, 0x62, 0x12, 0x87, 0xB1,
    0x45, 0xA0, 0x49, 0x0C, 0x4D, 0x22, 0x38, 0xBE, 0x68, 0xF7, 0x6C, 0xC2, 0xB8, 0x62, 0x4E, 0x2E,
    0xA0, 0x6D, 0x3E, 0x92, 0x49, 0x26, 0x7D, 0xBE, 0xAA, 0x65, 0xCA, 0x67, 0x25, 0xA1, 0x08, 0x27,
    0x4E, 0xCD, 0x31, 0xC6, 0x5C, 0x4C, 0xE4, 0xA1, 0x1C, 0xA9, 0xA6, 0xCA, 0x63, 0x7C, 0x35, 0x20,
    0xAD, 0xEA, 0x93, 0x7C, 0x57, 0xFA, 0xE8, 0xE2, 0xC2, 0xDE, 0x34, 0xCA, 0xD1, 0xB5, 0xA6, 0xDF,
    0xB8, 0x45, 0xA4, 0xA2, 0x11, 0x69, 0xB7, 0xB0, 0xD0, 0x00, 0x33, 0x64, 0x01, 0x0A, 0x0F, 0xA9,
    0xBA, 0x76, 0x60, 0x5A, 0xE8, 0x36, 0xA1, 0xC4, 0x5A, 0x7A, 0x68, 0x64, 0x8A, 0x90, 0x84, 0xF6,
    0x95, 0x8D, 0xB8, 0x2D, 0xFA, 0x4B, 0xE0, 0x22, 0x52, 0x9C, 0x57, 0x36, 0x13, 0xAF, 0x7C, 0x25,
    0xFF, 0x16, 0x00, 0x72, 0x11, 0x57, 0x47, 0x18, 0xF9, 0xBC, 0x6B, 0x22, 0xBA, 0x4B, 0xD0, 0x44,
    0xA4, 0x98, 0x8E, 0x39, 0x65, 0x04, 0x80, 0x91, 0x29, 0x42, 0xEC, 0xCD, 0x46, 0x5C, 0x44, 0x1F,
    0x31, 0x5C, 0x82, 0x3E, 0x22, 0xD6, 0x49, 0x6B, 0x64, 0x66, 0x6D, 0x77, 0xB2, 0xA0, 0x5C, 0x44,
    0xCB, 0x2D, 0x35, 0x98, 0x73, 0x90, 0x8E, 0x45, 0x16, 0x91, 0xCB, 0x7B, 0xA8, 0xA4, 0x45, 0x7F,
    0xDD, 0xA1, 0x1E, 0x33, 0x90, 0x15, 0x03, 0x64, 0x90, 0x8F, 0x45, 0x28, 0x43, 0xE1, 0xB9, 0xC8,
    0x8C, 0xDD, 0x7D, 0xD6, 0x68, 0xA0, 0xEB, 0xA1, 0x94, 0x00, 0xB5, 0xAD, 0x21, 0x3D, 0x9F, 0xF8,
    0x20, 0x79, 0xCB, 0xFF, 0xCF, 0xAE, 0x03, 0x4B, 0x7A, 0xF8, 0x6D, 0x76, 0x4F, 0x8F, 0x3F, 0x2A,
    0x99, 0x20, 0xEB, 0xDE, 0xC6, 0xD6, 0x16, 0xC0, 0x21, 0xB4, 0x47, 0x64, 0xD3, 0x11, 0xB9, 0xFC,
    0xED, 0x9D, 0xBC, 0x4C, 0x02, 0x65, 0x44, 0x1D, 0xEE, 0x40, 0x17, 0xE3, 0x4B, 0x03, 0xF7, 0xD6,
    0x2D, 0xDC, 0x05, 0xEE, 0x78, 0xC1, 0xB1, 0x50, 0x76, 0x7D, 0x2C, 0xF4, 0xE6, 0x58, 0x44, 0xBC,
    0xC7, 0x5E, 0xE9, 0x58, 0x2C, 0xF2, 0x51, 0x4E, 0x7B, 0x79, 0x42, 0xBF, 0x50, 0x8E, 0xBA, 0xC5,
    0x90, 0xDA, 0x12, 0x42, 0xA4, 0xA4, 0xF0, 0x14, 0xBB, 0x1B, 0xB7, 0x3E, 0x3D, 0x98, 0x6A, 0x5C,
    0x54, 0xE3, 0xB2, 0x18, 0x72, 0xF9, 0x19, 0xDC, 0xAC, 0x44, 0x7E, 0x9E, 0x05, 0x23, 0xD1, 0xC6,
    0x45, 0x14, 0x26, 0xC3, 0x27, 0xE1, 0x6E, 0x2B, 0xCB, 0xDD, 0x06, 0x32, 0x99, 0x29, 0xFB, 0xDA,
    0x9E, 0x20, 0x77, 0xD7, 0x43, 0xBF, 0xFE, 0xB7, 0xCA, 0x72, 0x8D, 0x7A, 0x1C, 0xEA, 0xDB, 0x2F,
    0xB3, 0xA5, 0xAC, 0xC8, 0x64, 0xA4, 0x8B, 0x55, 0x09, 0x69, 0x5C, 0x48, 0x40, 0x9D, 0xEB, 0x50,
    0x4F, 0x79, 0x1A, 0xB9, 0x3A, 0x43, 0xCA, 0x87, 0x40, 0xBE, 0x4A, 0x8D, 0xC0, 0xCE, 0x0C, 0x74,
    0x36, 0x35, 0xC3, 0xDE, 0x2E, 0xCA, 0x9C, 0xCD, 0x53, 0x6E, 0x1F, 0xF3, 0xE9, 0x58, 0xBF, 0x71,
    0x28, 0xFF, 0x18, 0x9A, 0xDA, 0xA9, 0xCF, 0xFB, 0x60, 0xD0, 0x4F, 0xB8, 0x6D, 0x3C, 0xE4, 0x40,
    0x9D, 0x1D, 0xA6, 0xDD, 0x03, 0x72, 0xB5, 0x73, 0x04, 0x2E, 0x35, 0x03, 0xF9, 0x18, 0x69, 0x8A,
    0xB0, 0x76, 0xEB, 0x29, 0x97, 0xDA, 0xA5, 0xBB, 0xFC, 0xEB, 0xB2, 0x00, 0x64, 0xAB, 0x9D, 0xE3,
    0x08, 0x80, 0xAB, 0x92, 0x97, 0x61, 0xED, 0xD6, 0x53, 0x43, 0x67, 0x3B, 0x6B, 0xAE, 0x92, 0xBF,
    0x8D, 0x55, 0x3D, 0x28, 0x9F, 0x90, 0xC6, 0x97, 0xEE, 0x19, 0x77, 0xCB, 0xE7, 0x84, 0x34, 0xE6,
    0x52, 0xBB, 0xAC, 0xD6, 0x40, 0xE1, 0x4D, 0x31, 0x54, 0xA3, 0xA9, 0xC6, 0xB5, 0x2B, 0x86, 0x38,
    0x05, 0x03, 0x7B, 0xD7, 0x48, 0xB4, 0xBD, 0xDB, 0x07, 0x62, 0x6D, 0x99, 0x6A, 0xD5, 0x98, 0xDC,
    0xA5, 0xB5, 0x9A, 0xA6, 0x6D, 0x5A, 0xCD, 0xC6, 0xB4, 0x6D, 0x5C, 0xE3, 0xF4, 0x85, 0x7F, 0xA8,
    0xED, 0x5A, 0x83, 0xB6, 0xC6, 0x19, 0xA7, 0xED, 0xAE, 0x87, 0xCB, 0x47, 0xFF, 0x00, 0x45, 0x94,
    0x21, 0x8C, 0x1C, 0x37, 0x14, 0x86, 0xBF, 0x1D, 0x83, 0x91, 0x62, 0xB5, 0xC6, 0x69, 0xA5, 0x98,
    0x94, 0x54, 0x6A, 0xCF, 0x3C, 0xCA, 0xAE, 0x2D, 0x85, 0xEB, 0x70, 0x79, 0x50, 0xA5, 0xAA, 0x34,
    0xE0, 0xB2, 0x63, 0x29, 0xA0, 0x30, 0xE1, 0x24, 0x3C, 0xE4, 0x48, 0xC0, 0x81, 0xDB, 0x1B, 0x37,
    0x07, 0x0B, 0x62, 0xE9, 0xB8, 0x6A, 0x50, 0x94, 0x82, 0x1B, 0x29, 0x03, 0x46, 0xED, 0xCE, 0xBE,
    0x8E, 0xF7, 0x4E, 0x3D, 0xBD, 0x5F, 0xA3, 0x7D, 0xCF, 0xFF, 0xEE, 0xDA, 0xEF, 0x7B, 0x9E, 0x66,
    0xC6, 0x48, 0x70, 0xB7, 0xC9, 0x9B, 0xD4, 0x99, 0x74, 0x65, 0xD2, 0xCE, 0xC6, 0x9D, 0x0F, 0x7D,
    0x8F, 0xDF, 0x63, 0x0B, 0x4D, 0x69, 0x32, 0xB4, 0x49, 0x27, 0x13, 0x4D, 0xB0, 0x58, 0x1C, 0x1B,
    0xD6, 0x60, 0x32, 0x3E, 0xD3, 0xA7, 0x46, 0x52, 0xFB, 0x67, 0x34, 0x2E, 0x6C, 0xFA, 0xB7, 0x9D,
    0xE4, 0x5E, 0x12, 0x5B, 0x78, 0x85, 0x92, 0xA2, 0x24, 0xB7, 0x9F, 0xA3, 0x8E, 0x98, 0x03, 0x8F,
    0xFA, 0x80, 0x89, 0xD8, 0xF8, 0xB4, 0x0F, 0x5E, 0x70, 0x23, 0x3C, 0x0E, 0x4A, 0x92, 0x91, 0xE8,
    0x22, 0x1E, 0xB6, 0x33, 0xBD, 0xB0, 0xB3, 0xE1, 0xD2, 0x86, 0x6D, 0x8F, 0x9F, 0xD1, 0x23, 0x8F,
    0xDE, 0xBF, 0x75, 0x92, 0xBD, 0x24, 0x4C, 0x35, 0xB1, 0x83, 0x09, 0x35, 0xA0, 0x33, 0x26, 0xD5,
    0xC2, 0xF7, 0xC0, 0x63, 0xEA, 0x1E, 0xA4, 0xE8, 0x9B, 0xD2, 0xDE, 0x64, 0x25, 0xA1, 0x95, 0xE0,
    0x4E, 0xEB, 0x89, 0xFC, 0x79, 0x72, 0x12, 0xF5, 0xCC, 0xEA, 0x05, 0x5A, 0x70, 0x12, 0xBC, 0x89,
    0xAF, 0x4C, 0xDA, 0xD8, 0xE4, 0x25, 0xDA, 0xDB, 0x80, 0xE7, 0xE7, 0x99, 0x7E, 0xA4, 0x8F, 0xAC,
    0x72, 0x95, 0x97, 0xAA, 0xFA, 0xB9, 0x8A, 0xAE, 0xA6, 0xC8, 0x2C, 0x33, 0x77, 0xCF, 0xB7, 0x2A,
    0xE9, 0xF0, 0x84, 0x67, 0x9C, 0x71, 0xC1, 0xC8, 0x50, 0x83, 0x0F, 0xBC, 0x5C, 0x2A, 0xAB, 0xB0,
    0xCA, 0x0C, 0x0F, 0xB1, 0x2A, 0x2A, 0xB7, 0xC9, 0x84, 0x93, 0x65, 0x55, 0xFF, 0x1A, 0x8D, 0x24,
    0x73, 0x9D, 0xAD, 0x4A, 0xAE, 0x4D, 0x1B, 0x1D, 0xD7, 0x26, 0x9C, 0x19, 0x78, 0x41, 0x2B, 0x2C,
    0x4B, 0xEE, 0x4D, 0xF2, 0xA6, 0x6A, 0xBB, 0x50, 0x38, 0x22, 0xE8, 0x2A, 0x02, 0x74, 0x01, 0x4F,
    0x53, 0x3D, 0xF8, 0x03, 0x5F, 0xED, 0x60, 0x7F, 0xAF, 0xD5, 0x44, 0x33, 0xD6, 0x6E, 0xD0, 0xC7,
    0x56, 0x8A, 0xFA, 0x7B, 0xA8, 0x49, 0x5B, 0xB0, 0x89, 0x2B, 0xD4, 0x88, 0xF9, 0x1C, 0xBD, 0xA4,
    0x45, 0xFC, 0x84, 0x92, 0xB4, 0x10, 0x59, 0x2D, 0xAB, 0x3A, 0x37, 0x12, 0x9A, 0x03, 0xAB, 0xF3,
    0x88, 0x49, 0x4F, 0xFB, 0x58, 0x71, 0x4C, 0xA0, 0x07, 0x5C, 0xA1, 0xCB, 0xAB, 0xC5, 0xF9, 0x29,
    0x99, 0xD3, 0xE8, 0xCF, 0xB3, 0x97, 0xD2, 0x49, 0xC1, 0xC3, 0x06, 0x2D, 0xC9, 0x2C, 0x7A, 0x1F,
    0x2C, 0xB8, 0x3D, 0x4F, 0x04, 0x7C, 0xD5, 0x3F, 0x82, 0xEC, 0xE9, 0x0A, 0x7C, 0x13, 0x9A, 0xA3,
    0xC7, 0x26, 0xEA, 0x37, 0xAE, 0xE8, 0x24, 0x6C, 0x6B, 0xC3, 0xA3, 0xEF, 0x83, 0x3B, 0xDC, 0x03,
    0xB5, 0x52, 0x9C, 0x64, 0x4C, 0xC4, 0xC1, 0x16, 0xF6, 0xF5, 0x14, 0x6D, 0xC1, 0x24, 0x5C, 0xA0,
    0x02, 0xAD, 0xB0, 0x42, 0xFD, 0x9D, 0x37, 0xC9, 0x9E, 0x46, 0x7D, 0xC0, 0xCE, 0xBC, 0xF2, 0xEC,
    0x5D, 0x38, 0xF4, 0x74, 0x4B, 0x3A, 0xDE, 0x79, 0xB0, 0x12, 0xFD, 0x42, 0x53, 0x1F, 0x5B, 0x27,
    0xC9, 0xDC, 0xC6, 0x0A, 0xF4, 0x40, 0x3F, 0xD1, 0x45, 0x54, 0x54, 0xB1, 0x32, 0x53, 0xB1, 0x86,
    0xEC, 0x65, 0xEE, 0xE7, 0xFE, 0x00, 0xF5, 0xB9, 0x1A, 0x54, 0xAA, 0xE3, 0xBC, 0xE6, 0x19, 0x2F,
    0xB9, 0xE0, 0x03, 0x35, 0x2A, 0xC5, 0x1F, 0xF8, 0x9F, 0xE2, 0xB8, 0xC4, 0x03, 0x47, 0x7E, 0xE4,
    0x3B, 0xDA, 0x2F, 0xE9, 0xF8, 0xA7, 0xF1, 0xCC, 0x2C, 0x83, 0xCA, 0xA5, 0xAF, 0xFB, 0x71, 0xBF,
    0xD0, 0xCC, 0x58, 0x61, 0x63, 0xC3, 0x92, 0xF6, 0x7F, 0x71, 0x49, 0x65, 0x67, 0x27, 0xDA, 0xBB,
    0xBA, 0x09, 0xD5, 0xBF, 0xC8, 0xE1, 0x97, 0xCA, 0x88, 0x2A, 0xD3, 0xEA, 0xCB, 0x80, 0x24, 0x7A,
    0x10, 0x94, 0xA0, 0x3F, 0x45, 0xD7, 0x26, 0x3D, 0xE1, 0x0E, 0xE0, 0xF8, 0x56, 0xE8, 0x84, 0x69,
    0x8D, 0x2C, 0x95, 0x4C, 0x33, 0xA0, 0x0A, 0x2A, 0xB3, 0xDC, 0x35, 0x2D, 0xD9, 0xDC, 0x14, 0xF3,
    0xBA, 0xCE, 0x92, 0x6D, 0xD3, 0xC9, 0x71, 0x96, 0x1E, 0x0C, 0x1F, 0x07, 0xFD, 0x47, 0x32, 0xE7,
    0x98, 0x3D, 0x76, 0x8F, 0xDB, 0xB0, 0xB1, 0xAC, 0x4D, 0x6C, 0x06, 0x55, 0xCF, 0x71, 0x7F, 0x91,
    0x0D, 0x96, 0x13, 0xD6, 0xB4, 0xEF, 0x7E, 0x2B, 0xFA, 0xDF, 0xC3, 0x68, 0xAE, 0x87, 0xD1, 0x3C,
    0xCF, 0xA3, 0x6D, 0x7F, 0x1F, 0xAC, 0xFE, 0x38, 0x9C, 0xE8, 0xD7, 0x65, 0xBD, 0x14, 0xBE, 0xEE,
    0x6A, 0x93, 0xDD, 0x69, 0xDC, 0x98, 0xE3, 0xC4, 0x5A, 0x2E, 0x1C, 0xD3, 0x06, 0xF5, 0x2E, 0xB6,
    0x92, 0xF5, 0x75, 0x31, 0xCF, 0x8B, 0x51, 0xD9, 0xEA, 0xE4, 0x24, 0xAC, 0x77, 0xAC, 0xE1, 0x8C,
    0xAA, 0x0B, 0xD0, 0x93, 0x9D, 0x1D, 0x26, 0x37, 0x13, 0x97, 0xFD, 0xD4, 0x15, 0x15, 0x75, 0xF4,
    0x53, 0x37, 0xDE, 0xBD, 0x40, 0xCE, 0xE8, 0x92, 0x4B, 0xFF, 0x01, 0x4D, 0x96, 0x01, 0xC4, 0x26,
    0xC7, 0xFD, 0xC7, 0x3F, 0xCF, 0x6E, 0x72, 0xFB, 0x67, 0xC9, 0xFC, 0x51, 0x44, 0xDA, 0x66, 0x02,
    0x80, 0x5E, 0x06, 0x82, 0xD2, 0x4B, 0x66, 0x2F, 0x47, 0x8B, 0xD0, 0x37, 0xA0, 0x00, 0x2D, 0x00,
    0x4A, 0x20, 0x08, 0xCD, 0x65, 0x37, 0x39, 0x5A, 0x84, 0xE6, 0x14, 0x00, 0x02, 0x05, 0xA8, 0x06,
    0x10, 0x5C, 0xEC, 0x24, 0x2F, 0x5E, 0x9C, 0xBA, 0x4D, 0x83, 0x00, 0x6E, 0xDB, 0x0B, 0x41, 0xE8,
    0xCD, 0xDD, 0x6D, 0x9A, 0xBD, 0x64, 0x76, 0xBF, 0x9D, 0xDD, 0xE7, 0xBD, 0x4B, 0x1E, 0xFB, 0xF9,
    0xFC, 0x78, 0x3C, 0x3B, 0xFB, 0xFC, 0x66, 0xBE, 0xCF, 0xCC, 0x43, 0x3B, 0x51, 0x6A, 0xC6, 0x68,
    0xC2, 0x8E, 0xFF, 0x8F, 0x0F, 0xE0, 0x5F, 0xD1, 0xD8, 0xD6, 0x1A, 0x7A, 0xA3, 0xD0, 0x9B, 0x40,
    0xFB, 0x7E, 0xC0, 0x4B, 0x8D, 0x93, 0xA8, 0x32, 0x78, 0xA0, 0x05, 0xFA, 0x35, 0xB3, 0x80, 0x12,
    0x60, 0x7E, 0x0A, 0xCF, 0x5E, 0xE2, 0x82, 0x12, 0x4E, 0x0B, 0x52, 0x2A, 0x75, 0x6F, 0xAA, 0xD7,
    0x7F, 0x07, 0xF3, 0xDF, 0xD3, 0xE0, 0xEE, 0x9C, 0x35, 0xFE, 0xEC, 0x04, 0x7F, 0xF3, 0x29, 0xFC,
    0x9F, 0x2F, 0xE2, 0xFF, 0x76, 0x09, 0x7F, 0xE3, 0x0D, 0xFC, 0xFC, 0x01, 0x6E, 0xFA, 0x06, 0x73,
    0x3E, 0x76, 0xA9, 0x87, 0x54, 0xEF, 0x42, 0x6D, 0x80, 0x42, 0x23, 0x4E, 0x09, 0x29, 0x15, 0x6A,
    0x5E, 0xAF, 0x12, 0x98, 0x08, 0x76, 0x04, 0xF7, 0xF1, 0xBD, 0xE8, 0x3F, 0xF9, 0x66, 0xF4, 0xA7,
    0x1A, 0xFC, 0xB5, 0x19, 0x7F, 0x2D, 0xE2, 0xCF, 0x32, 0x37, 0xB7, 0x5B, 0xBE, 0x7C, 0x3C, 0x1E,
    0xFD, 0x43, 0x68, 0x35, 0x67, 0x26, 0x7A, 0x45, 0x04, 0xAC, 0x70, 0x58, 0x32, 0x09, 0x0A, 0xA9,
    0x2B, 0xA5, 0x66, 0xA3, 0x9A, 0xA0, 0x8E, 0x60, 0x32, 0xBD, 0x02, 0x52, 0x87, 0x1D, 0xC0, 0x05,
    0xF0, 0x19, 0x78, 0x6D, 0xDE, 0xEF, 0x80, 0x4A, 0x0B, 0x98, 0xE9, 0xE9, 0xAC, 0x11, 0xF6, 0x4F,
    0x95, 0xD2, 0xB0, 0xE9, 0xD1, 0x87, 0x7D, 0x07, 0xB5, 0xD4, 0x61, 0xA4, 0x06, 0xC4, 0xF1, 0xA1,
    0x54, 0x13, 0xE0, 0xA4, 0x11, 0x2F, 0x0D, 0x9B, 0x02, 0x00, 0xD3, 0xA6, 0x72, 0xDC, 0x5C, 0x05,
    0xCA, 0xD8, 0x9B, 0x95, 0xF2, 0x81, 0xA4, 0x50, 0x6A, 0x73, 0xB5, 0xDA, 0xC5, 0x0D, 0xF5, 0x6C,
    0x26, 0x3B, 0x98, 0x68, 0xA2, 0x0D, 0x99, 0xC1, 0x05, 0x33, 0xBA, 0xE0, 0x83, 0x1D, 0x7C, 0xF0,
    0x9D, 0x0B, 0xEA, 0xDA, 0xC6, 0x7F, 0x92, 0x8D, 0xBF, 0xA6, 0xA6, 0xC7, 0x9F, 0x08, 0xD1, 0x5A,
    0xB1, 0xC2, 0x8B, 0x00, 0xDC, 0xD8, 0x74, 0x88, 0x9B, 0x11, 0x09, 0x35, 0xF3, 0x41, 0x97, 0xA7,
    0x42, 0x2F, 0xC7, 0x42, 0xEF, 0xC4, 0xF2, 0xAB, 0x6B, 0xD1, 0x4A, 0xC9, 0x65, 0xEA, 0x9B, 0x37,
    0x43, 0x7D, 0x76, 0x2B, 0xB4, 0x52, 0xDC, 0xB0, 0x57, 0x6E, 0x37, 0xAE, 0xBC, 0x8B, 0x2F, 0x95,
    0x59, 0x79, 0x29, 0x73, 0xB5, 0x5C, 0xA0, 0xCF, 0x80, 0x14, 0x76, 0x8F, 0x40, 0xB2, 0x11, 0x0E,
    0xA9, 0x8E, 0x1F, 0x52, 0x64, 0xCF, 0x94, 0xB3, 0xB9, 0x3F, 0x51, 0x4E, 0xED, 0x97, 0xDF, 0x76,
    0x95, 0x74, 0x57, 0xA1, 0x96, 0xBC, 0xBA, 0x5A, 0x5F, 0x98, 0x81, 0xEF, 0xAF, 0x80, 0xDD, 0x2F,
    0xB7, 0x5F, 0xBE, 0xC3, 0xAD, 0xF8, 0x06, 0xBB, 0xBB, 0x5A, 0x40, 0x33, 0x80, 0xD4, 0xC0, 0x41,
    0x0A, 0x50, 0x24, 0x3F, 0x40, 0x99, 0xEC, 0xD0, 0x5F, 0x2F, 0x67, 0xFB, 0xB9, 0xA6, 0x6A, 0x72,
    0xB7, 0x15, 0xAB, 0xD8, 0xDF, 0x1A, 0x5E, 0xAD, 0xA5, 0x93, 0x01, 0xA3, 0xC5, 0x4C, 0xD9, 0xB1,
    0x5A, 0xB1, 0x9F, 0x4D, 0x07, 0x75, 0xEE, 0x74, 0xC6, 0x05, 0x77, 0x9A, 0xB0, 0xC1, 0xBF, 0x93,
    0xAE, 0xBB, 0xE0, 0x2F, 0xA7, 0x5E, 0xA1, 0xBD, 0xBC, 0xF4, 0xA2, 0x67, 0xCD, 0x8B, 0x5D, 0x0E,
    0xAE, 0xBB, 0x5A, 0x0D, 0xBE, 0xBB, 0x51, 0x0D, 0x6D, 0x37, 0x57, 0x43, 0xFF, 0xF6, 0x54, 0x05,
    0x5D, 0x89, 0xD5, 0xC7, 0xDF, 0x5D, 0x19, 0xEB, 0xD3, 0xBB, 0xAF, 0x0C, 0xF5, 0xE9, 0xAD, 0x93,
    0xE0, 0xB5, 0x4F, 0x50, 0x96, 0xB9, 0x6D, 0x3C, 0xE6, 0xEF, 0xE6, 0x2A, 0xE6, 0x23, 0x73, 0x03,
    0x93, 0xCC, 0x8C, 0x99, 0xED, 0x84, 0x99, 0x6C, 0xC4, 0x44, 0x3B, 0x62, 0x06, 0x1B, 0xA0, 0xD5,
    0x50, 0x8F, 0xF4, 0x9A, 0xEB, 0x01, 0x69, 0x31, 0x81, 0xC4, 0x6A, 0xC2, 0x21, 0x2D, 0xAD, 0xED,
    0x8A, 0x39, 0xB5, 0xAE, 0x2B, 0xA6, 0xF4, 0x96, 0x6F, 0xCA, 0x7B, 0xF3, 0x47, 0x9E, 0xF2, 0x7E,
    0x7E, 0x8B, 0xEA, 0x41, 0x7E, 0x8B, 0xFA, 0xCE, 0xBD, 0xF4, 0x11, 0xE6, 0xB3, 0xFB, 0xF3, 0x82,
    0x39, 0xBB, 0x33, 0x25, 0xCC, 0xCD, 0xB1, 0x98, 0xB1, 0xEF, 0x0D, 0x75, 0xC4, 0x9D, 0xEC, 0xD9,
    0xCA, 0xEE, 0xF0, 0x56, 0x0F, 0x79, 0x14, 0xBC, 0xDF, 0xAC, 0xCD, 0x3E, 0x61, 0x7B, 0xE6, 0xA1,
    0x9C, 0xCE, 0xC3, 0xE8, 0x3E, 0x8F, 0x1C, 0xF4, 0x5D, 0xA4, 0x94, 0x46, 0xCC, 0xEC, 0x06, 0xB6,
    0x64, 0xE1, 0x86, 0x7D, 0x15, 0xB2, 0xB6, 0x68, 0x65, 0xB5, 0x0D, 0xFE, 0x53, 0x81, 0x93, 0xC0,
    0xA8, 0x85, 0x22, 0xBD, 0xC4, 0x0F, 0x5E, 0xBD, 0xA6, 0x4D, 0x11, 0x72, 0x19, 0xA9, 0x94, 0x70,
    0x9A, 0x68, 0x87, 0xDF, 0xA1, 0xE3, 0x97, 0xB0, 0x5A, 0x70, 0x4A, 0x54, 0x33, 0xD4, 0x13, 0x78,
    0x45, 0x5A, 0x8D, 0xD4, 0x91, 0x9D, 0x2A, 0x5D, 0xA0, 0x94, 0x38, 0x64, 0x70, 0x0F, 0xA1, 0x47,
    0x0D, 0x2A, 0x56, 0x58, 0xAB, 0xC4, 0x61, 0x31, 0x91, 0x22, 0xB9, 0x21, 0xAB, 0xED, 0x28, 0x93,
    0xA0, 0xFC, 0x36, 0x81, 0x97, 0x46, 0x5A, 0x69, 0xD8, 0x9E, 0xD0, 0x60, 0xEE, 0x27, 0x30, 0xFF,
    0x5A, 0xC0, 0x0E, 0x02, 0x17, 0x04, 0x3E, 0xF4, 0x0D, 0xBE, 0x6B, 0x3B, 0x7C, 0xE3, 0x03, 0xD5,
    0x16, 0x6F, 0x69, 0x36, 0xD2, 0x84, 0x89, 0x60, 0x1E, 0x64, 0xD4, 0x60, 0x13, 0xB8, 0x01, 0xDA,
    0x40, 0xA9, 0xFF, 0x60, 0x94, 0x78, 0xB2, 0x1D, 0xA0, 0x87, 0x52, 0xE0, 0x56, 0xB8, 0xB8, 0x1C,
    0xBB, 0x29, 0x12, 0xFC, 0x58, 0x23, 0x40, 0xAB, 0x15, 0x78, 0xF4, 0x6B, 0xFE, 0xD1, 0xD6, 0x3E,
    0x14, 0xC9, 0x44, 0xA0, 0x4C, 0xD5, 0xBC, 0x95, 0xB9, 0xDC, 0xCB, 0x54, 0x26, 0xA0, 0x8A, 0x7B,
    0xA9, 0x63, 0x4E, 0xEC, 0x8C, 0xC9, 0xA5, 0x5F, 0x31, 0x63, 0xFD, 0xF5, 0xE2, 0xB1, 0x83, 0x79,
    0x30, 0xD9, 0xC6, 0x06, 0xFF, 0x59, 0xB4, 0x8D, 0xFB, 0x44, 0x7F, 0x8A, 0xAE, 0xF1, 0x5A, 0xEB,
    0xA9, 0xC5, 0x6B, 0xAA, 0xB5, 0xD0, 0xAE, 0x8D, 0xB9, 0x3B, 0x02, 0x98, 0xB0, 0x19, 0x7B, 0x2C,
    0xAE, 0x3B, 0x96, 0x66, 0x33, 0x9E, 0x1F, 0x94, 0x6A, 0x06, 0xBC, 0x80, 0x5E, 0x1D, 0xC8, 0x76,
    0x1C, 0x96, 0x5D, 0x6E, 0x93, 0x27, 0xEB, 0x2D, 0x60, 0x4D, 0x80, 0x26, 0xA0, 0x1F, 0xE0, 0xB9,
    0x36, 0xC0, 0xEB, 0x9B, 0x66, 0x0D, 0x94, 0xCA, 0xAA, 0x75, 0x6B, 0xC4, 0x3A, 0x13, 0x79, 0xF1,
    0x27, 0x59, 0xF0, 0xBD, 0xDC, 0x08, 0xA5, 0x86, 0x4D, 0x1D, 0x14, 0x0B, 0xA0, 0x85, 0x83, 0xD4,
    0x15, 0x52, 0xC8, 0xAD, 0x8E, 0x56, 0x4A, 0x99, 0xB9, 0x8A, 0x66, 0xF0, 0xD2, 0x94, 0x89, 0xE6,
    0x53, 0x35, 0x56, 0x2B, 0x4E, 0x73, 0xA6, 0xC3, 0x77, 0xE0, 0x9B, 0xF3, 0x33, 0x06, 0x10, 0x00,
    0xCF, 0x02, 0x85, 0xE6, 0xF3, 0xFC, 0x49, 0x0B, 0xA5, 0x6E, 0xFC, 0x0C, 0x93, 0x3E, 0x04, 0x1B,
    0x27, 0xF0, 0x43, 0xCC, 0x0A, 0x59, 0xED, 0xDB, 0x4A, 0xB4, 0x2F, 0x67, 0xF5, 0x57, 0x76, 0x9D,
    0xCE, 0xB4, 0xBF, 0x3A, 0x9B, 0x68, 0xCF, 0xDE, 0x8D, 0xF8, 0xBB, 0xEF, 0x45, 0xAC, 0xB4, 0x25,
    0x54, 0x03, 0xF4, 0x6B, 0x03, 0xCF, 0x03, 0x3C, 0xBD, 0x09, 0x17, 0x01, 0xBF, 0xA9, 0xDF, 0xA4,
    0xAC, 0x62, 0x53, 0xF9, 0xCD, 0x04, 0xF5, 0x83, 0x89, 0x52, 0xD2, 0x58, 0x65, 0x0D, 0xF8, 0x97,
    0x67, 0x8C, 0xA4, 0x6E, 0x57, 0x99, 0x0E, 0x89, 0x6A, 0xCA, 0x32, 0x31, 0xCB, 0x8E, 0x87, 0x05,
    0x1F, 0x58, 0x68, 0xBB, 0x2C, 0xDC, 0x3E, 0x15, 0x01, 0x69, 0xE4, 0xAF, 0xE6, 0x3C, 0xF2, 0x66,
    0xF4, 0xD2, 0x9C, 0x99, 0xD0, 0x4A, 0x95, 0x4B, 0x2F, 0xC5, 0xCC, 0xE8, 0x03, 0xC7, 0xA9, 0x18,
    0x9E, 0xC1, 0x69, 0xC5, 0x64, 0x0E, 0xFA, 0x02, 0xB0, 0x50, 0xED, 0x81, 0x4F, 0x07, 0x69, 0x2E,
    0xD7, 0xAB, 0x1F, 0x98, 0xF9, 0x0D, 0x6C, 0xFC, 0x10, 0x37, 0x4C, 0xFB, 0x14, 0xF8, 0xB7, 0x63,
    0x9E, 0x80, 0x31, 0x33, 0xD0, 0x5E, 0xD9, 0x08, 0xB9, 0xF9, 0x80, 0xFF, 0xEA, 0x8F, 0x58, 0x89,
    0x3A, 0x73, 0xD0, 0x02, 0x96, 0x63, 0xEF, 0x9E, 0x09, 0xDE, 0x2A, 0x22, 0x2C, 0x65, 0x64, 0x6F,
    0xCE, 0x65, 0x05, 0xAF, 0xE3, 0xC2, 0x05, 0xAA, 0xC9, 0x05, 0xEA, 0xE8, 0x77, 0x75, 0x98, 0xB1,
    0x6D, 0xB2, 0x7A, 0xB0, 0x43, 0x96, 0x0B, 0x7A, 0x02, 0x1F, 0x94, 0xF0, 0x5D, 0x9F, 0xD5, 0xB8,
    0x19, 0xB8, 0xA0, 0xEB, 0xE0, 0x1F, 0x6F, 0x0B, 0xBA, 0x7C, 0x9D, 0xC3, 0x02, 0xE7, 0x12, 0x80,
    0x06, 0xA0, 0x9D, 0x01, 0xBB, 0x02, 0xA5, 0x00, 0xFA, 0xC6, 0xD9, 0xE7, 0x7D, 0xF3, 0x07, 0xDD,
    0xCD, 0xBA, 0xF9, 0x5E, 0x8F, 0xBF, 0x7D, 0xB2, 0xB2, 0xE5, 0x06, 0xB3, 0xA5, 0xD7, 0x3C, 0x7B,
    0x11, 0xEC, 0xF3, 0x2F, 0x66, 0x49, 0xD1, 0x49, 0xA3, 0x97, 0x06, 0xCE, 0x5F, 0xAD, 0xD4, 0xF5,
    0x52, 0x23, 0x89, 0x1F, 0x1E, 0xF8, 0xC5, 0x46, 0x82, 0x72, 0x63, 0x86, 0xFD, 0xC0, 0xDF, 0x88,
    0x50, 0x49, 0xA1, 0xCE, 0xE0, 0x02, 0x98, 0xC8, 0x93, 0xBF, 0xFD, 0x1A, 0x2B, 0xED, 0x15, 0x37,
    0xE2, 0x15, 0xF0, 0x2B, 0xF8, 0x21, 0x13, 0xC0, 0x0E, 0x60, 0xE2, 0x71, 0x8C, 0x32, 0x3D, 0xCA,
    0x3A, 0xDF, 0x87, 0x76, 0x7D, 0x06, 0xB4, 0x72, 0x41, 0x5F, 0xE0, 0x12, 0xFC, 0x22, 0xFD, 0x9E,
    0x52, 0x09, 0xA7, 0xEB, 0x7B, 0xAC, 0xDE, 0x8F, 0x66, 0x30, 0xA3, 0x1D, 0xCC, 0xB0, 0x1D, 0xDE,
    0xB9, 0xDF, 0x33, 0xE1, 0x94, 0xF0, 0x1A, 0xF7, 0xE7, 0xD4, 0x91, 0xFD, 0xBE, 0x4B, 0x97, 0xE0,
    0xCD, 0x4C, 0x2B, 0x45, 0x7F, 0xDC, 0xB3, 0x56, 0x22, 0x8E, 0xD8, 0x98, 0xC3, 0x9D, 0x7F, 0x3C,
    0x75, 0x90, 0x2E, 0x16, 0xEB, 0x77, 0xA9, 0x8C, 0x7F, 0x19, 0x4D, 0x04, 0x3F, 0x3F, 0xC1, 0x13,
    0x5A, 0xA0, 0x4D, 0x60, 0x67, 0xE0, 0x90, 0x80, 0x62, 0xD3, 0xF9, 0xFE, 0x73, 0xAE, 0x0B, 0x52,
    0xC7, 0x31, 0x77, 0xD2, 0x52, 0xAC, 0xE6, 0x9F, 0xEB, 0xB6, 0xCE, 0xAA, 0xA3, 0x0B, 0xBD, 0xD9,
    0x35, 0xFA, 0x6E, 0x35, 0x83, 0x6F, 0x56, 0x1B, 0xB6, 0x6D, 0x22, 0x50, 0x24, 0xBF, 0xAB, 0xA3,
    0x9C, 0xB1, 0x1A, 0xCE, 0xBF, 0xF2, 0x92, 0xF3, 0x26, 0xDA, 0x26, 0x83, 0xE8, 0x0F, 0x2B, 0x6B,
    0x95, 0x8C, 0x34, 0x67, 0x46, 0xAB, 0xF5, 0xF1, 0x8C, 0x7B, 0xC5, 0xCC, 0x78, 0x0C, 0xFE, 0xC6,
    0x08, 0x50, 0x3C, 0x09, 0xD4, 0x4F, 0x3D, 0xD2, 0x6B, 0x6A, 0xF6, 0xE5, 0xC0, 0x6D, 0x6A, 0xD3,
    0x4B, 0x1D, 0x7A, 0xF3, 0x05, 0x8A, 0xF5, 0xE7, 0xAF, 0x53, 0xA6, 0x17, 0x3E, 0xC8, 0x7A, 0xEE,
    0x55, 0xAA, 0x19, 0xA8, 0xA6, 0xC7, 0x6D, 0x3D, 0xEE, 0x12, 0x6D, 0xF2, 0x23, 0x7B, 0x73, 0x9B,
    0xE2, 0x51, 0x1C, 0x7E, 0x09, 0xE5, 0xBB, 0x99, 0x13, 0xE8, 0x05, 0xE7, 0xBF, 0xC5, 0x43, 0x72,
    0x71, 0xDB, 0xAA, 0x8B, 0xD9, 0x8C, 0xE5, 0xEC, 0xC3, 0xFE, 0x5F, 0x50, 0x33, 0xB5, 0xD6, 0x2D,
    0xE0, 0x8D, 0x19, 0xDA, 0xCE, 0x0C, 0xBE, 0xB3, 0xA1, 0x6D, 0xDC, 0xC7, 0xC2, 0x6B, 0xCD, 0xCC,
    0x99, 0xEB, 0xFB, 0x50, 0xD5, 0xAF, 0xE1, 0xC2, 0xFF, 0xC1, 0xFF, 0x00, 0x63, 0x60, 0xB0, 0xFF,
    0x5B, 0xFF, 0xA7, 0xFE, 0x0F, 0x00, 0xC5, 0x93, 0x01, 0xA6, 0xDE, 0x40, 0x14, 0x85, 0xCF, 0x9F,
    0x20, 0x18, 0xCC, 0x12, 0xA6, 0x3B, 0xC8, 0x0E, 0x9A, 0xAC, 0xAC, 0xC9, 0x12, 0xDE, 0x8E, 0x26,
    0xAF, 0xDD, 0x40, 0xDA, 0x15, 0x64, 0x09, 0x83, 0x41, 0x30, 0x99, 0xDB, 0x73, 0x6F, 0x32, 0xBC,
    0x2A, 0x55, 0xA8, 0xC2, 0xC7, 0x88, 0x6B, 0xBE, 0x93, 0x73, 0x07, 0x08, 0xA7, 0x2B, 0x40, 0x3C,
    0x27, 0x52, 0xB2, 0x14, 0x74, 0x17, 0x2A, 0xD0, 0x9F, 0xAF, 0x02, 0x38, 0x11, 0x39, 0xB0, 0x90,
    0x3B, 0xA2, 0xD1, 0xA7, 0x21, 0x03, 0xFE, 0x18, 0x12, 0xB9, 0x3B, 0x32, 0xEC, 0x9E, 0x1C, 0x37,
    0x7F, 0x00, 0xD3, 0x16, 0x76, 0x72, 0x1D, 0x37, 0x72, 0x56, 0x2E, 0x3C, 0x01, 0x91, 0x27, 0x40,
    0xB0, 0x90, 0x95, 0x27, 0xBC, 0x2E, 0x08, 0xD0, 0x97, 0xAE, 0xB6, 0xBB, 0x63, 0x9A, 0x32, 0xB9,
    0x4E, 0x3B, 0xA0, 0x56, 0x13, 0x19, 0x4B, 0x9C, 0xCD, 0x0A, 0x6A, 0xF5, 0x45, 0x07, 0x00, 0xB5,
    0xFA, 0x7E, 0x81, 0x56, 0x5F, 0x75, 0x4C, 0xBE, 0x91, 0x3E, 0xF5, 0x27, 0xD9, 0xDC, 0xC8, 0x60,
    0x6E, 0xB4, 0x22, 0xA7, 0xDB, 0x6D, 0xA5, 0x5B, 0xB3, 0x22, 0xCD, 0x8A, 0x14, 0x33, 0xA4, 0x87,
    0x59, 0xA1, 0x5D, 0x12, 0x4F, 0x63, 0x32, 0xAE, 0x84, 0x59, 0x2D, 0xB3, 0x59, 0x41, 0xAD, 0xC8,
    0xEE, 0x89, 0x81, 0xFA, 0x27, 0x2B, 0xF2, 0xDF, 0x5A, 0xB9, 0x32, 0xE2, 0xFE, 0x8F, 0xCB, 0x7A,
    0xB7, 0x48, 0x4F, 0xEB, 0xF1, 0x73, 0x6B, 0xF2, 0xE9, 0xD2, 0x0C, 0x45, 0x4D, 0xAD, 0xCF, 0x1F,
    0x66, 0x39, 0xE4, 0xBE, 0x98, 0xE1, 0x6D, 0x4A, 0xC7, 0xDE, 0x5C, 0xF5, 0xCB, 0xDD, 0xAC, 0x33,
    0x5F, 0x6B, 0xDA, 0xDA, 0x35, 0x73, 0xDA, 0xFA, 0xFD, 0x6E, 0x38, 0x98, 0xB7, 0xA5, 0xB0, 0x96,
    0x35, 0x81, 0xF5, 0xDC, 0x9A, 0x6E, 0x5D, 0xB7, 0xB6, 0x5B, 0xDF, 0xAD, 0xF1, 0x96, 0x43, 0x43,
    0x5B, 0x8E, 0xF9, 0xC9, 0x81, 0x3B, 0x47, 0x7C, 0x72, 0xC8, 0x93, 0xA3, 0xFE, 0x65, 0x8E, 0xF3,
    0x3F, 0xE4, 0x70, 0xF2, 0x06, 0xD5, 0x2B, 0x1C, 0x12, 0xA9, 0x1C, 0xA9, 0xCC, 0x40, 0xFF, 0xAE,
    0x00, 0x43, 0x1E, 0x24, 0xC3, 0xA5, 0x49, 0x12, 0xBC, 0xF1, 0xE3, 0x66, 0x84, 0xED, 0xF7, 0xB7,
    0x14, 0x3E, 0x6E, 0xC6, 0xBB, 0x6D, 0x86, 0xA8, 0xD5, 0x48, 0x5E, 0x70, 0xF5, 0xD9, 0x8F, 0xCE,
    0x6C, 0x06, 0xA3, 0x64, 0xE3, 0x61, 0x9C, 0x7F, 0xB5, 0xBA, 0x48, 0xB3, 0xEA, 0x2E, 0x1D, 0xEC,
    0xF2, 0xCB, 0x9E, 0x7F, 0x27, 0x14, 0x2B, 0xA3, 0x64, 0x2F, 0x27, 0xAD, 0xFC, 0xF1, 0x89, 0x56,
    0xE1, 0xC0, 0x40, 0xC1, 0x93, 0xBE, 0x18, 0x64, 0x56, 0xAB, 0x78, 0x28, 0x43, 0x52, 0x37, 0x97,
    0x68, 0xF5, 0x16, 0xD2, 0xF8, 0x8E, 0x28, 0xC7, 0x28, 0xE4, 0x16, 0x04, 0xE3, 0x85, 0xA1, 0xE2,
    0x27, 0x62, 0x80, 0x02, 0x76, 0x07, 0x40, 0x05, 0x72, 0x6C, 0x84, 0x40, 0x08, 0x85, 0x61, 0xF0,
    0x83, 0x84, 0x80, 0x1E, 0xA4, 0x04, 0x4A, 0xF0, 0xC6, 0x86, 0xEC, 0xE0, 0xC0, 0xC6, 0x64, 0xEC,
    0x80, 0x12, 0x48, 0xCD, 0x2E, 0x20, 0x20, 0xC1, 0xDF, 0x79, 0xC9, 0x06, 0x6B, 0xA6, 0x6E, 0x96,
    0x09, 0x38, 0x6D, 0xEB, 0x6F, 0x3B, 0xE0, 0x46, 0xE8, 0x70, 0xE2, 0x27, 0x4E, 0xCF, 0xD7, 0x26,
    0x48, 0x1F, 0x1D, 0x49, 0x7A, 0xA8, 0x17, 0xED, 0xA0, 0xD9, 0x34, 0x93, 0x56, 0xD6, 0x55, 0x34,
    0xA2, 0x46, 0x53, 0xF5, 0x92, 0x7E, 0xD0, 0xA4, 0x05, 0xF9, 0x6A, 0x03, 0x62, 0xBF, 0x57, 0xF0,
    0xE3, 0x04, 0x78, 0x2F, 0x33, 0x0F, 0x33, 0x56, 0xD3, 0x01, 0x7F,
};

static const EpdGlyphPacked notosans_12_bolditalicGlyphs[] = {
    { 0, 0, 0, 0, 0 }, // U+0000
    { 0, 0, 104, 0, 0 }, // U+000D
    { 0, 0, 104, 0, 0 }, // U+0020
    { 8, 18, 115, 0, 18 }, // !
    { 10, 6, 181, 2, 18 }, // "
    { 17, 18, 258, 0, 18 }, // #
    { 14, 21, 220, 0, 19 }, // $
    { 20, 18, 342, 1, 18 }, // %
    { 18, 18, 283, 0, 18 }, // &
    { 5, 6, 102, 2, 18 }, // '
    { 11, 22, 136, 0, 18 }, // (
    { 10, 22, 136, -2, 18 }, // )
    { 13, 13, 218, 2, 19 }, // *
    { 13, 12, 229, 1, 15 }, // +
    { 7, 6, 115, -2, 3 }, // ,
    { 8, 4, 129, 0, 9 }, // -
    { 5, 4, 115, 0, 4 }, // .
    { 15, 18, 170, -2, 18 }, // /
    { 14, 18, 220, 0, 18 }, // 0
    { 11, 18, 220, 2, 18 }, // 1
    { 15, 18, 220, -1, 18 }, // 2
    { 14, 18, 220, 0, 18 }, // 3
    { 15, 18, 220, -1, 18 }, // 4
    { 14, 18, 220, 0, 18 }, // 5
    { 14, 18, 220, 1, 18 }, // 6
    { 15, 18, 220, 0, 18 }, // 7
    { 14, 18, 220, 0, 18 }, // 8
    { 13, 18, 220, 1, 18 }, // 9
    { 7, 14, 115, 0, 14 }, // :
    { 9, 17, 115, -2, 14 }, // ;
    { 13, 14, 229, 1, 16 }, // <
    { 13, 9, 229, 1, 14 }, // =
    { 13, 14, 229, 1, 16 }, // >
    { 12, 18, 184, 1, 18 }, // ?
    { 21, 20, 342, 1, 18 }, // @
    { 17, 18, 251, -2, 18 }, // A
    { 16, 18, 248, 0, 18 }, // B
    { 16, 18, 245, 1, 18 }, // C
    { 17, 18, 271, 0, 18 }, // D
    { 15, 18, 217, 0, 18 }, // E
    { 15, 18, 213, 0, 18 }, // F
    { 16, 18, 276, 1, 18 }, // G
    { 18, 18, 280, 0, 18 }, // H
    { 12, 18, 153, -1, 18 }, // I
    { 13, 24, 134, -4, 18 }, // J
    { 18, 18, 245, 0, 18 }, // K
    { 12, 18, 207, 0, 18 }, // L
    { 23, 18, 352, 0, 18 }, // M
    { 20, 18, 303, 0, 18 }, // N
    { 17, 18, 292, 1, 18 }, // O
    { 16, 18, 244, 0, 18 }, // P
    { 17, 22, 292, 1, 18 }, // Q
    { 15, 18, 248, 0, 18 }, // R
    { 14, 18, 212, 0, 18 }, // S
    { 14, 18, 213, 2, 18 }, // T
    { 17, 18, 277, 1, 18 }, // U
    { 15, 18, 236, 2, 18 }, // V
    { 23, 18, 358, 2, 18 }, // W
    { 20, 18, 244, -2, 18 }, // X
    { 15, 18, 226, 2, 18 }, // Y
    { 16, 18, 214, -1, 18 }, // Z
    { 11, 24, 132, -1, 18 }, // [
    { 7, 18, 170, 2, 18 }, // <backslash>
    { 11, 24, 132, -2, 18 }, // ]
    { 14, 12, 220, 0, 18 }, // ^
    { 12, 2, 160, -3, -2 }, // _
    { 6, 4, 130, 3, 19 }, // `
    { 14, 14, 237, 1, 14 }, // a
    { 14, 19, 238, 0, 19 }, // b
    { 12, 14, 194, 1, 14 }, // c
    { 15, 19, 238, 1, 19 }, // d
    { 13, 14, 223, 1, 14 }, // e
    { 16, 25, 150, -3, 19 }, // f
    { 15, 20, 238, 0, 14 }, // g
    { 14, 19, 242, 0, 19 }, // h
    { 9, 19, 120, 0, 19 }, // i
    { 13, 25, 120, -4, 19 }, // j
    { 16, 19, 227, 0, 19 }, // k
    { 9, 19, 120, 0, 19 }, // l
    { 22, 14, 362, 0, 14 }, // m
    { 14, 14, 242, 0, 14 }, // n
    { 13, 14, 234, 1, 14 }, // o
    { 15, 20, 238, -1, 14 }, // p
    { 14, 20, 238, 1, 14 }, // q
    { 12, 14, 169, 0, 14 }, // r
    { 12, 14, 190, 0, 14 }, // s
    { 10, 17, 164, 1, 17 }, // t
    { 14, 14, 242, 1, 14 }, // u
    { 14, 14, 205, 1, 14 }, // v
    { 20, 14, 315, 1, 14 }, // w
    { 17, 14, 214, -2, 14 }, // x
    { 17, 20, 208, -2, 14 }, // y
    { 13, 14, 188, -1, 14 }, // z
    { 12, 23, 142, -1, 18 }, // {
    { 4, 25, 220, 5, 19 }, // |
    { 11, 23, 142, -2, 18 }, // }
    { 13, 6, 229, 1, 12 }, // ~
    { 0, 0, 104, 0, 0 }, // U+00A0
    { 8, 18, 114, -1, 14 }, // U+00A1
    { 12, 18, 220, 2, 18 }, // U+00A2
    { 17, 18, 220, -1, 18 }, // U+00A3
    { 12, 12, 220, 1, 15 }, // U+00A4
    { 15, 18, 220, 1, 18 }, // U+00A5
    { 4, 25, 220, 5, 19 }, // U+00A6
    { 13, 19, 194, 0, 19 }, // U+00A7
    { 9, 4, 222, 5, 20 }, // U+00A8
    { 19, 19, 333, 1, 19 }, // U+00A9
    { 10, 9, 152, 1, 18 }, // U+00AA
    { 15, 12, 226, 0, 13 }, // U+00AB
    { 13, 9, 229, 1, 12 }, // U+00AC
    { 8, 4, 129, 0, 9 }, // U+00AD
    { 19, 19, 333, 1, 19 }, // U+00AE
    { 12, 4, 171, 2, 23 }, // U+00AF
    { 9, 9, 170, 1, 19 }, // U+00B0
    { 13, 16, 229, 1, 16 }, // U+00B1
    { 10, 11, 152, 1, 21 }, // U+00B2
    { 10, 12, 152, 1, 22 }, // U+00B3
    { 8, 4, 129, 2, 19 }, // U+00B4
    { 16, 20, 244, -1, 14 }, // U+00B5
    { 14, 24, 262, 1, 19 }, // U+00B6
    { 6, 4, 115, 1, 11 }, // U+00B7
    { 7, 6, 82, -3, 0 }, // U+00B8
    { 8, 11, 152, 2, 21 }, // U+00B9
    { 8, 9, 147, 2, 18 }, // U+00BA
    { 14, 12, 225, 0, 13 }, // U+00BB
    { 19, 18, 334, 1, 18 }, // U+00BC
    { 21, 18, 356, 1, 18 }, // U+00BD
    { 20, 19, 345, 1, 19 }, // U+00BE
    { 11, 19, 186, -1, 14 }, // U+00BF
    { 17, 23, 251, -2, 23 }, // U+00C0
    { 18, 24, 251, -2, 24 }, // U+00C1
    { 18, 23, 251, -2, 23 }, // U+00C2
    { 18, 25, 251, -2, 25 }, // U+00C3
    { 17, 24, 251, -2, 24 }, // U+00C4
    { 17, 25, 251, -2, 25 }, // U+00C5
    { 26, 18, 358, -2, 18 }, // U+00C6
    { 16, 24, 245, 1, 18 }, // U+00C7
    { 15, 23, 217, 0, 23 }, // U+00C8
    { 15, 24, 217, 0, 24 }, // U+00C9
    { 15, 23, 217, 0, 23 }, // U+00CA
    { 15, 24, 217, 0, 24 }, // U+00CB
    { 12, 23, 153, -1, 23 }, // U+00CC
    { 14, 24, 153, -1, 24 }, // U+00CD
    { 14, 23, 153, -1, 23 }, // U+00CE
    { 13, 24, 153, -1, 24 }, // U+00CF
    { 17, 18, 271, 0, 18 }, // U+00D0
    { 20, 25, 303, 0, 25 }, // U+00D1
    { 17, 24, 292, 1, 24 }, // U+00D2
    { 17, 24, 292, 1, 24 }, // U+00D3
    { 17, 24, 292, 1, 24 }, // U+00D4
    { 17, 24, 292, 1, 24 }, // U+00D5
    { 17, 24, 292, 1, 24 }, // U+00D6
    { 12, 12, 229, 1, 15 }, // U+00D7
    { 17, 20, 292, 1, 19 }, // U+00D8
    { 17, 24, 277, 1, 24 }, // U+00D9
    { 17, 24, 277, 1, 24 }, // U+00DA
    { 17, 24, 277, 1, 24 }, // U+00DB
    { 17, 24, 277, 1, 24 }, // U+00DC
    { 15, 24, 226, 2, 24 }, // U+00DD
    { 15, 18, 240, 0, 18 }, // U+00DE
    { 20, 25, 264, -4, 19 }, // U+00DF
    { 14, 19, 237, 1, 19 }, // U+00E0
    { 14, 19, 237, 1, 19 }, // U+00E1
    { 14, 19, 237, 1, 19 }, // U+00E2
    { 14, 19, 237, 1, 19 }, // U+00E3
    { 14, 19, 237, 1, 19 }, // U+00E4
    { 14, 21, 237, 1, 21 }, // U+00E5
    { 21, 14, 349, 1, 14 }, // U+00E6
    { 12, 20, 194, 1, 14 }, // U+00E7
    { 13, 19, 223, 1, 19 }, // U+00E8
    { 13, 19, 223, 1, 19 }, // U+00E9
    { 13, 19, 223, 1, 19 }, // U+00EA
    { 13, 19, 223, 1, 19 }, // U+00EB
    { 8, 19, 120, 0, 19 }, // U+00EC
    { 11, 19, 120, 0, 19 }, // U+00ED
    { 11, 19, 120, 0, 19 }, // U+00EE
    { 10, 19, 120, 0, 19 }, // U+00EF
    { 15, 21, 231, 0, 21 }, // U+00F0
    { 15, 19, 242, 0, 19 }, // U+00F1
    { 13, 19, 236, 1, 19 }, // U+00F2
    { 13, 19, 236, 1, 19 }, // U+00F3
    { 13, 19, 236, 1, 19 }, // U+00F4
    { 14, 19, 236, 1, 19 }, // U+00F5
    { 13, 19, 236, 1, 19 }, // U+00F6
    { 13, 12, 229, 1, 15 }, // U+00F7
    { 14, 16, 234, 0, 15 }, // U+00F8
    { 14, 19, 242, 1, 19 }, // U+00F9
    { 14, 19, 242, 1, 19 }, // U+00FA
    { 14, 19, 242, 1, 19 }, // U+00FB
    { 14, 19, 242, 1, 19 }, // U+00FC
    { 17, 25, 208, -2, 19 }, // U+00FD
    { 15, 25, 238, -1, 19 }, // U+00FE
    { 17, 25, 208, -2, 19 }, // U+00FF
    { 17, 23, 251, -2, 23 }, // U+0100
    { 14, 18, 237, 1, 18 }, // U+0101
    { 18, 24, 251, -2, 24 }, // U+0102
    { 14, 19, 237, 1, 19 }, // U+0103
    { 17, 24, 251, -2, 18 }, // U+0104
    { 14, 20, 237, 1, 14 }, // U+0105
    { 16, 24, 245, 1, 24 }, // U+0106
    { 12, 19, 194, 1, 19 }, // U+0107
    { 16, 24, 245, 1, 24 }, // U+0108
    { 12, 19, 194, 1, 19 }, // U+0109
    { 16, 24, 245, 1, 24 }, // U+010A
    { 12, 19, 194, 1, 19 }, // U+010B
    { 16, 24, 245, 1, 24 }, // U+010C
    { 13, 19, 194, 1, 19 }, // U+010D
    { 17, 23, 271, 0, 23 }, // U+010E
    { 20, 19, 272, 1, 19 }, // U+010F
    { 17, 18, 271, 0, 18 }, // U+0110
    { 16, 19, 238, 1, 19 }, // U+0111
    { 15, 23, 217, 0, 23 }, // U+0112
    { 13, 18, 223, 1, 18 }, // U+0113
    { 15, 24, 217, 0, 24 }, // U+0114
    { 13, 19, 223, 1, 19 }, // U+0115
    { 15, 24, 217, 0, 24 }, // U+0116
    { 13, 19, 223, 1, 19 }, // U+0117
    { 15, 24, 217, 0, 18 }, // U+0118
    { 13, 20, 223, 1, 14 }, // U+0119
    { 16, 23, 217, 0, 23 }, // U+011A
    { 14, 19, 223, 1, 19 }, // U+011B
    { 16, 24, 276, 1, 24 }, // U+011C
    { 15, 25, 238, 0, 19 }, // U+011D
    { 16, 24, 276, 1, 24 }, // U+011E
    { 15, 25, 238, 0, 19 }, // U+011F
    { 16, 24, 276, 1, 24 }, // U+0120
    { 15, 25, 238, 0, 19 }, // U+0121
    { 16, 24, 276, 1, 18 }, // U+0122
    { 15, 25, 238, 0, 19 }, // U+0123
    { 18, 23, 280, 0, 23 }, // U+0124
    { 14, 25, 242, 0, 25 }, // U+0125
    { 20, 18, 280, 0, 18 }, // U+0126
    { 14, 19, 242, 0, 19 }, // U+0127
    { 14, 25, 153, -1, 25 }, // U+0128
    { 12, 19, 120, 0, 19 }, // U+0129
    { 13, 23, 153, -1, 23 }, // U+012A
    { 10, 18, 120, 0, 18 }, // U+012B
    { 14, 24, 153, -1, 24 }, // U+012C
    { 11, 19, 120, 0, 19 }, // U+012D
    { 12, 24, 153, -1, 18 }, // U+012E
    { 10, 25, 120, -1, 19 }, // U+012F
    { 12, 24, 153, -1, 24 }, // U+0130
    { 8, 14, 120, 0, 14 }, // U+0131
    { 20, 24, 286, -1, 18 }, // U+0132
    { 16, 25, 239, 0, 19 }, // U+0133
    { 16, 30, 134, -4, 24 }, // U+0134
    { 15, 25, 120, -4, 19 }, // U+0135
    { 18, 24, 251, 0, 18 }, // U+0136
    { 16, 25, 227, 0, 19 }, // U+0137
    { 16, 14, 227, 0, 14 }, // U+0138
    { 13, 24, 207, 0, 24 }, // U+0139
    { 12, 25, 120, 0, 25 }, // U+013A
    { 12, 24, 207, 0, 18 }, // U+013B
    { 10, 25, 120, -1, 19 }, // U+013C
    { 15, 18, 207, 0, 18 }, // U+013D
    { 14, 19, 152, 0, 19 }, // U+013E
    { 13, 18, 207, 0, 18 }, // U+013F
    { 12, 19, 176, 0, 19 }, // U+0140
    { 13, 18, 207, -1, 18 }, // U+0141
    { 9, 19, 131, 0, 19 }, // U+0142
    { 20, 24, 303, 0, 24 }, // U+0143
    { 15, 19, 242, 0, 19 }, // U+0144
    { 20, 24, 303, 0, 18 }, // U+0145
    { 14, 20, 242, 0, 14 }, // U+0146
    { 20, 23, 303, 0, 23 }, // U+0147
    { 16, 19, 242, 0, 19 }, // U+0148
    { 17, 18, 282, 0, 18 }, // U+0149
    { 19, 23, 302, 0, 18 }, // U+014A
    { 14, 20, 242, 0, 14 }, // U+014B
    { 17, 22, 292, 1, 22 }, // U+014C
    { 13, 18, 236, 1, 18 }, // U+014D
    { 17, 24, 292, 1, 24 }, // U+014E
    { 13, 19, 236, 1, 19 }, // U+014F
    { 19, 24, 292, 1, 24 }, // U+0150
    { 16, 19, 236, 1, 19 }, // U+0151
    { 23, 18, 360, 1, 18 }, // U+0152
    { 21, 14, 353, 1, 14 }, // U+0153
    { 16, 24, 248, 0, 24 }, // U+0154
    { 13, 19, 169, 0, 19 }, // U+0155
    { 15, 24, 248, 0, 18 }, // U+0156
    { 13, 20, 169, -1, 14 }, // U+0157
    { 17, 23, 248, 0, 23 }, // U+0158
    { 14, 19, 169, 0, 19 }, // U+0159
    { 14, 24, 212, 0, 24 }, // U+015A
    { 13, 19, 190, 0, 19 }, // U+015B
    { 14, 24, 212, 0, 24 }, // U+015C
    { 13, 19, 190, 0, 19 }, // U+015D
    { 14, 24, 212, 0, 18 }, // U+015E
    { 12, 20, 190, 0, 14 }, // U+015F
    { 15, 24, 212, 0, 24 }, // U+0160
    { 13, 19, 190, 0, 19 }, // U+0161
    { 15, 24, 213, 1, 18 }, // U+0162
    { 10, 23, 164, 1, 17 }, // U+0163
    { 14, 23, 213, 2, 23 }, // U+0164
    { 13, 19, 164, 1, 19 }, // U+0165
    { 15, 18, 213, 1, 18 }, // U+0166
    { 11, 17, 164, 0, 17 }, // U+0167
    { 17, 24, 277, 1, 24 }, // U+0168
    { 14, 19, 242, 1, 19 }, // U+0169
    { 17, 22, 277, 1, 22 }, // U+016A
    { 14, 18, 242, 1, 18 }, // U+016B
    { 17, 24, 277, 1, 24 }, // U+016C
    { 14, 19, 242, 1, 19 }, // U+016D
    { 17, 26, 277, 1, 26 }, // U+016E
    { 14, 21, 242, 1, 21 }, // U+016F
    { 18, 24, 277, 1, 24 }, // U+0170
    { 16, 19, 242, 1, 19 }, // U+0171
    { 17, 24, 277, 1, 18 }, // U+0172
    { 14, 20, 242, 1, 14 }, // U+0173
    { 23, 23, 362, 2, 23 }, // U+0174
    { 20, 19, 315, 1, 19 }, // U+0175
    { 15, 23, 226, 2, 23 }, // U+0176
    { 17, 25, 208, -2, 19 }, // U+0177
    { 15, 24, 226, 2, 24 }, // U+0178
    { 16, 24, 214, -1, 24 }, // U+0179
    { 14, 19, 188, -1, 19 }, // U+017A
    { 16, 24, 214, -1, 24 }, // U+017B
    { 13, 19, 188, -1, 19 }, // U+017C
    { 17, 23, 214, -1, 23 }, // U+017D
    { 15, 19, 188, -1, 19 }, // U+017E
    { 15, 25, 143, -3, 19 }, // U+017F
    { 21, 19, 309, 1, 19 }, // U+01A0
    { 18, 16, 257, 1, 16 }, // U+01A1
    { 23, 19, 310, 1, 19 }, // U+01AF
    { 20, 16, 284, 1, 16 }, // U+01B0
    { 33, 23, 485, 0, 23 }, // U+01C4
    { 31, 19, 453, 0, 19 }, // U+01C5
    { 28, 19, 420, 1, 19 }, // U+01C6
    { 22, 24, 340, 0, 18 }, // U+01C7
    { 22, 25, 326, 0, 19 }, // U+01C8
    { 16, 25, 239, 0, 19 }, // U+01C9
    { 28, 24, 434, 0, 18 }, // U+01CA
    { 27, 25, 421, 0, 19 }, // U+01CB
    { 24, 25, 360, 0, 19 }, // U+01CC
    { 19, 23, 251, -2, 23 }, // U+01CD
    { 14, 19, 237, 1, 19 }, // U+01CE
    { 15, 23, 153, -1, 23 }, // U+01CF
    { 12, 19, 120, 0, 19 }, // U+01D0
    { 17, 24, 292, 1, 24 }, // U+01D1
    { 14, 19, 236, 1, 19 }, // U+01D2
    { 17, 24, 277, 1, 24 }, // U+01D3
    { 14, 19, 242, 1, 19 }, // U+01D4
    { 17, 26, 277, 1, 26 }, // U+01D5
    { 14, 22, 242, 1, 22 }, // U+01D6
    { 17, 27, 277, 1, 27 }, // U+01D7
    { 14, 23, 242, 1, 23 }, // U+01D8
    { 17, 27, 277, 1, 27 }, // U+01D9
    { 15, 23, 242, 1, 23 }, // U+01DA
    { 17, 27, 277, 1, 27 }, // U+01DB
    { 14, 23, 242, 1, 23 }, // U+01DC
    { 13, 14, 223, 0, 14 }, // U+01DD
    { 18, 26, 251, -2, 26 }, // U+01DE
    { 14, 22, 237, 1, 22 }, // U+01DF
    { 18, 26, 251, -2, 26 }, // U+01E0
    { 14, 22, 237, 1, 22 }, // U+01E1
    { 26, 23, 358, -2, 23 }, // U+01E2
    { 21, 18, 349, 1, 18 }, // U+01E3
    { 16, 18, 276, 1, 18 }, // U+01E4
    { 15, 20, 238, 0, 14 }, // U+01E5
    { 17, 24, 276, 1, 24 }, // U+01E6
    { 15, 25, 238, 0, 19 }, // U+01E7
    { 18, 23, 251, 0, 23 }, // U+01E8
    { 16, 25, 227, 0, 25 }, // U+01E9
    { 17, 24, 292, 1, 18 }, // U+01EA
    { 13, 20, 236, 1, 14 }, // U+01EB
    { 17, 28, 292, 1, 22 }, // U+01EC
    { 13, 24, 236, 1, 18 }, // U+01ED
    { 16, 24, 222, -1, 24 }, // U+01EE
    { 16, 25, 219, -2, 19 }, // U+01EF
    { 16, 25, 120, -4, 19 }, // U+01F0
    { 32, 18, 485, 0, 18 }, // U+01F1
    { 29, 18, 459, 0, 18 }, // U+01F2
    { 26, 19, 426, 1, 19 }, // U+01F3
    { 16, 24, 276, 1, 24 }, // U+01F4
    { 15, 25, 238, 0, 19 }, // U+01F5
    { 25, 18, 403, 0, 18 }, // U+01F6
    { 18, 24, 258, -1, 18 }, // U+01F7
    { 20, 23, 303, 0, 23 }, // U+01F8
    { 14, 19, 242, 0, 19 }, // U+01F9
    { 19, 24, 251, -2, 24 }, // U+01FA
    { 15, 25, 237, 1, 25 }, // U+01FB
    { 26, 24, 358, -2, 24 }, // U+01FC
    { 21, 19, 349, 1, 19 }, // U+01FD
    { 17, 25, 292, 1, 24 }, // U+01FE
    { 15, 20, 234, 0, 19 }, // U+01FF
    { 17, 23, 251, -2, 23 }, // U+0200
    { 14, 19, 237, 1, 19 }, // U+0201
    { 18, 24, 251, -2, 24 }, // U+0202
    { 14, 19, 237, 1, 19 }, // U+0203
    { 15, 23, 217, 0, 23 }, // U+0204
    { 13, 19, 223, 1, 19 }, // U+0205
    { 15, 24, 217, 0, 24 }, // U+0206
    { 13, 19, 223, 1, 19 }, // U+0207
    { 12, 23, 153, -1, 23 }, // U+0208
    { 10, 19, 120, -1, 19 }, // U+0209
    { 13, 24, 153, -1, 24 }, // U+020A
    { 11, 19, 120, 0, 19 }, // U+020B
    { 17, 24, 292, 1, 24 }, // U+020C
    { 13, 19, 236, 1, 19 }, // U+020D
    { 17, 25, 292, 1, 25 }, // U+020E
    { 13, 19, 236, 1, 19 }, // U+020F
    { 15, 23, 248, 0, 23 }, // U+0210
    { 12, 19, 169, 0, 19 }, // U+0211
    { 15, 24, 248, 0, 24 }, // U+0212
    { 13, 19, 169, 0, 19 }, // U+0213
    { 17, 24, 277, 1, 24 }, // U+0214
    { 14, 19, 242, 1, 19 }, // U+0215
    { 17, 25, 277, 1, 25 }, // U+0216
    { 14, 19, 242, 1, 19 }, // U+0217
    { 14, 24, 212, 0, 18 }, // U+0218
    { 12, 20, 190, 0, 14 }, // U+0219
    { 15, 24, 213, 1, 18 }, // U+021A
    { 10, 22, 164, 1, 16 }, // U+021B
    { 18, 23, 252, -2, 18 }, // U+021C
    { 15, 21, 202, -2, 14 }, // U+021D
    { 18, 23, 280, 0, 23 }, // U+021E
    { 14, 25, 242, 0, 25 }, // U+021F
    { 6, 4, 0, -11, 19 }, // U+0300
    { 8, 4, 0, -6, 19 }, // U+0301
    { 11, 4, 0, -4, 19 }, // U+0302
    { 11, 5, 0, -11, 20 }, // U+0303
    { 9, 4, 0, -3, 19 }, // U+0304
    { 11, 4, 0, -3, 23 }, // U+0305
    { 10, 4, 0, -3, 19 }, // U+0306
    { 5, 4, 0, 0, 19 }, // U+0307
    { 9, 4, 0, -2, 20 }, // U+0308
    { 6, 7, 0, -8, 22 }, // U+0309
    { 7, 6, 0, -1, 21 }, // U+030A
    { 12, 4, 0, -3, 19 }, // U+030B
    { 11, 4, 0, -3, 19 }, // U+030C
    { 5, 7, 0, 0, 19 }, // U+030D
    { 9, 4, 0, -2, 19 }, // U+030E
    { 11, 4, 0, -12, 19 }, // U+030F
    { 9, 7, 0, -2, 22 }, // U+0310
    { 10, 6, 0, -3, 21 }, // U+0311
    { 7, 6, 0, -2, 18 }, // U+0312
    { 7, 6, 0, -2, 18 }, // U+0313
    { 4, 6, 0, 0, 18 }, // U+0314
    { 7, 6, 0, -2, 18 }, // U+0315
    { 6, 4, 0, -5, -1 }, // U+0316
    { 8, 4, 0, -6, -1 }, // U+0317
    { 6, 5, 0, -5, -1 }, // U+0318
    { 6, 5, 0, -5, -1 }, // U+0319
    { 8, 8, 126, 2, 20 }, // U+031A
    { 8, 6, 0, -2, 19 }, // U+031B
    { 5, 7, 0, -2, 0 }, // U+031C
    { 7, 4, 0, -6, -1 }, // U+031D
    { 6, 5, 0, -5, -1 }, // U+031E
    { 6, 6, 0, -5, 0 }, // U+031F
    { 7, 2, 0, -6, -2 }, // U+0320
    { 8, 8, 0, -6, 2 }, // U+0321
    { 6, 7, 0, -3, 1 }, // U+0322
    { 5, 4, 0, -12, -1 }, // U+0323
    { 9, 4, 0, -7, -1 }, // U+0324
    { 7, 6, 0, -6, 0 }, // U+0325
    { 6, 4, 0, 1, -2 }, // U+0326
    { 7, 6, 0, -5, 0 }, // U+0327
    { 6, 6, 0, -5, 0 }, // U+0328
    { 5, 7, 0, -4, -1 }, // U+0329
    { 10, 5, 0, -7, -1 }, // U+032A
    { 10, 4, 0, -7, -1 }, // U+032B
    { 11, 4, 0, -7, -1 }, // U+032C
    { 11, 4, 0, -8, -1 }, // U+032D
    { 10, 4, 0, -7, -1 }, // U+032E
    { 10, 6, 0, -7, 0 }, // U+032F
    { 12, 5, 0, -8, 0 }, // U+0330
    { 9, 4, 0, -7, 0 }, // U+0331
    { 12, 2, 0, -8, -2 }, // U+0332
    { 13, 5, 0, -9, -1 }, // U+0333
    { 12, 5, 0, -6, 10 }, // U+0334
    { 11, 4, 0, -6, 9 }, // U+0335
    { 20, 4, 0, -10, 10 }, // U+0336
    { 10, 8, 0, -5, 11 }, // U+0337
    { 16, 21, 0, -8, 20 }, // U+0338
    { 4, 6, 0, -2, 0 }, // U+0339
    { 10, 5, 0, -7, 0 }, // U+033A
    { 10, 6, 0, -7, 0 }, // U+033B
    { 10, 3, 0, -7, -2 }, // U+033C
    { 7, 6, 0, -1, 20 }, // U+033D
    { 6, 8, 0, -1, 22 }, // U+033E
    { 12, 5, 0, -3, 24 }, // U+033F
    { 6, 4, 0, -2, 19 }, // U+0340
    { 7, 4, 0, 0, 19 }, // U+0341
    { 12, 5, 0, 3, 20 }, // U+0342
    { 5, 5, 0, 0, 20 }, // U+0343
    { 14, 4, 0, -4, 19 }, // U+0344
    { 6, 4, 0, -4, -2 }, // U+0345
    { 12, 5, 0, -4, 20 }, // U+0346
    { 12, 5, 0, -8, -1 }, // U+0347
    { 8, 4, 0, -6, -1 }, // U+0348
    { 6, 5, 0, -5, -1 }, // U+0349
    { 10, 5, 0, -3, 19 }, // U+034A
    { 11, 10, 0, -3, 24 }, // U+034B
    { 11, 6, 0, -3, 21 }, // U+034C
    { 10, 6, 0, -7, 0 }, // U+034D
    { 5, 6, 0, -4, 0 }, // U+034E
    { 0, 0, 0, 0, 0 }, // U+034F
    { 5, 5, 0, 0, 20 }, // U+0350
    { 4, 7, 0, 3, 21 }, // U+0351
    { 10, 7, 0, -3, 22 }, // U+0352
    { 5, 6, 0, -4, 0 }, // U+0353
    { 5, 5, 0, -4, -1 }, // U+0354
    { 5, 5, 0, -4, -1 }, // U+0355
    { 10, 5, 0, -6, -1 }, // U+0356
    { 5, 6, 0, 2, 21 }, // U+0357
    { 5, 4, 0, 0, 19 }, // U+0358
    { 6, 6, 0, -5, -1 }, // U+0359
    { 10, 6, 0, -7, -1 }, // U+035A
    { 5, 5, 0, 0, 20 }, // U+035B
    { 20, 5, 0, -11, -1 }, // U+035C
    { 20, 5, 0, -8, 20 }, // U+035D
    { 14, 4, 0, -5, 19 }, // U+035E
    { 14, 4, 0, -9, 0 }, // U+035F
    { 21, 5, 0, -8, 20 }, // U+0360
    { 20, 7, 0, -7, 23 }, // U+0361
    { 21, 6, 0, -13, 0 }, // U+0362
    { 7, 6, 0, -1, 22 }, // U+0363
    { 7, 7, 0, -1, 22 }, // U+0364
    { 5, 7, 0, 0, 23 }, // U+0365
    { 7, 6, 0, -1, 22 }, // U+0366
    { 7, 7, 0, -1, 22 }, // U+0367
    { 6, 6, 0, 0, 22 }, // U+0368
    { 8, 8, 0, -1, 24 }, // U+0369
    { 7, 8, 0, -1, 23 }, // U+036A
    { 10, 5, 0, -3, 21 }, // U+036B
    { 6, 5, 0, 0, 21 }, // U+036C
    { 5, 8, 0, 0, 24 }, // U+036D
    { 6, 5, 0, 0, 21 }, // U+036E
    { 8, 5, 0, -2, 21 }, // U+036F
    { 15, 23, 212, 0, 23 }, // U+0400
    { 15, 24, 212, 0, 24 }, // U+0401
    { 15, 18, 284, 2, 18 }, // U+0402
    { 15, 24, 201, 0, 24 }, // U+0403
    { 16, 18, 242, 1, 18 }, // U+0404
    { 14, 18, 212, 0, 18 }, // U+0405
    { 9, 18, 123, 0, 18 }, // U+0406
    { 11, 24, 124, 0, 24 }, // U+0407
    { 14, 23, 128, -5, 18 }, // U+0408
    { 25, 18, 387, -1, 18 }, // U+0409
    { 23, 18, 374, 0, 18 }, // U+040A
    { 15, 18, 291, 2, 18 }, // U+040B
    { 18, 24, 251, 0, 24 }, // U+040C
    { 18, 23, 280, 0, 23 }, // U+040D
    { 18, 24, 236, 0, 24 }, // U+040E
    { 18, 22, 270, 0, 18 }, // U+040F
    { 17, 18, 251, -2, 18 }, // U+0410
    { 15, 18, 236, 0, 18 }, // U+0411
    { 16, 18, 246, 0, 18 }, // U+0412
    { 15, 18, 201, 0, 18 }, // U+0413
    { 21, 23, 289, -3, 18 }, // U+0414
    { 15, 18, 212, 0, 18 }, // U+0415
    { 27, 18, 362, -2, 18 }, // U+0416
    { 15, 18, 228, 0, 18 }, // U+0417
    { 18, 18, 280, 0, 18 }, // U+0418
    { 18, 24, 280, 0, 24 }, // U+0419
    { 18, 18, 251, 0, 18 }, // U+041A
    { 19, 18, 279, -1, 18 }, // U+041B
    { 23, 18, 348, 0, 18 }, // U+041C
    { 18, 18, 274, 0, 18 }, // U+041D
    { 17, 18, 287, 1, 18 }, // U+041E
    { 18, 18, 270, 0, 18 }, // U+041F
    { 16, 18, 236, 0, 18 }, // U+0420
    { 16, 18, 238, 1, 18 }, // U+0421
    { 14, 18, 209, 2, 18 }, // U+0422
    { 18, 18, 238, 0, 18 }, // U+0423
    { 21, 18, 352, 1, 18 }, // U+0424
    { 20, 18, 243, -2, 18 }, // U+0425
    { 18, 23, 279, 0, 18 }, // U+0426
    { 15, 18, 264, 2, 18 }, // U+0427
    { 25, 18, 394, 0, 18 }, // U+0428
    { 25, 23, 398, 0, 18 }, // U+0429
    { 15, 18, 280, 2, 18 }, // U+042A
    { 23, 18, 351, 0, 18 }, // U+042B
    { 15, 18, 238, 0, 18 }, // U+042C
    { 16, 18, 244, 0, 18 }, // U+042D
    { 25, 18, 395, 0, 18 }, // U+042E
    { 18, 18, 247, -2, 18 }, // U+042F
    { 15, 14, 232, 0, 14 }, // U+0430
    { 14, 20, 226, 1, 20 }, // U+0431
    { 14, 14, 221, 0, 14 }, // U+0432
    { 13, 14, 185, -1, 14 }, // U+0433
    { 14, 19, 230, 0, 19 }, // U+0434
    { 13, 14, 209, 0, 14 }, // U+0435
    { 26, 14, 382, -1, 14 }, // U+0436
    { 12, 14, 199, 0, 14 }, // U+0437
    { 14, 14, 238, 1, 14 }, // U+0438
    { 14, 20, 237, 1, 20 }, // U+0439
    { 16, 14, 224, 0, 14 }, // U+043A
    { 16, 14, 243, -1, 14 }, // U+043B
    { 19, 14, 309, 0, 14 }, // U+043C
    { 15, 14, 235, 0, 14 }, // U+043D
    { 14, 14, 228, 0, 14 }, // U+043E
    { 14, 14, 238, 0, 14 }, // U+043F
    { 16, 20, 242, -1, 14 }, // U+0440
    { 12, 14, 188, 0, 14 }, // U+0441
    { 22, 14, 358, 0, 14 }, // U+0442
    { 17, 20, 213, -2, 14 }, // U+0443
    { 18, 26, 297, 0, 20 }, // U+0444
    { 17, 14, 208, -2, 14 }, // U+0445
    { 14, 17, 245, 1, 14 }, // U+0446
    { 14, 14, 232, 1, 14 }, // U+0447
    { 22, 14, 358, 1, 14 }, // U+0448
    { 22, 17, 365, 1, 14 }, // U+0449
    { 15, 14, 250, 0, 14 }, // U+044A
    { 20, 14, 320, 0, 14 }, // U+044B
    { 13, 14, 220, 0, 14 }, // U+044C
    { 12, 14, 190, 0, 14 }, // U+044D
    { 20, 14, 322, 0, 14 }, // U+044E
    { 16, 14, 220, -2, 14 }, // U+044F
    { 13, 19, 209, 0, 19 }, // U+0450
    { 13, 19, 209, 0, 19 }, // U+0451
    { 14, 25, 239, 0, 19 }, // U+0452
    { 14, 20, 185, -1, 20 }, // U+0453
    { 12, 14, 188, 0, 14 }, // U+0454
    { 12, 14, 182, 0, 14 }, // U+0455
    { 9, 19, 116, 0, 19 }, // U+0456
    { 10, 19, 114, 0, 19 }, // U+0457
    { 13, 25, 115, -4, 19 }, // U+0458
    { 22, 14, 343, -1, 14 }, // U+0459
    { 21, 14, 335, 0, 14 }, // U+045A
    { 14, 19, 239, 0, 19 }, // U+045B
    { 16, 20, 222, 0, 20 }, // U+045C
    { 14, 19, 237, 1, 19 }, // U+045D
    { 17, 26, 213, -2, 20 }, // U+045E
    { 14, 19, 238, 1, 14 }, // U+045F
    { 23, 18, 354, 2, 18 }, // U+0460
    { 21, 14, 323, 1, 14 }, // U+0461
    { 14, 18, 251, 1, 18 }, // U+0462
    { 20, 14, 344, 0, 14 }, // U+0463
    { 24, 18, 355, 0, 18 }, // U+0464
    { 19, 14, 300, 0, 14 }, // U+0465
    { 18, 18, 268, -2, 18 }, // U+0466
    { 16, 14, 232, -2, 14 }, // U+0467
    { 22, 18, 370, 0, 18 }, // U+0468
    { 20, 14, 334, 0, 14 }, // U+0469
    { 21, 18, 292, -2, 18 }, // U+046A
    { 17, 14, 232, -2, 14 }, // U+046B
    { 26, 18, 394, 0, 18 }, // U+046C
    { 22, 14, 331, 0, 14 }, // U+046D
    { 16, 28, 238, -1, 22 }, // U+046E
    { 15, 23, 210, -2, 17 }, // U+046F
    { 21, 18, 331, 2, 18 }, // U+0470
    { 19, 25, 323, 1, 19 }, // U+0471
    { 17, 18, 292, 1, 18 }, // U+0472
    { 13, 14, 234, 1, 14 }, // U+0473
    { 16, 18, 260, 2, 18 }, // U+0474
    { 14, 14, 218, 1, 14 }, // U+0475
    { 16, 23, 260, 2, 23 }, // U+0476
    { 14, 19, 218, 1, 19 }, // U+0477
    { 32, 24, 500, 1, 18 }, // U+0478
    { 28, 20, 442, 1, 14 }, // U+0479
    { 18, 21, 303, 1, 19 }, // U+047A
    { 14, 16, 253, 1, 15 }, // U+047B
    { 24, 26, 405, 1, 26 }, // U+047C
    { 20, 23, 346, 1, 23 }, // U+047D
    { 23, 23, 354, 2, 23 }, // U+047E
    { 21, 19, 325, 1, 19 }, // U+047F
    { 16, 24, 245, 1, 18 }, // U+0480
    { 12, 20, 194, 1, 14 }, // U+0481
    { 13, 17, 244, 1, 16 }, // U+0482
    { 10, 5, 0, -10, 18 }, // U+0483
    { 10, 4, 0, -10, 19 }, // U+0484
    { 5, 5, 0, -7, 20 }, // U+0485
    { 5, 6, 0, -7, 20 }, // U+0486
    { 11, 4, 0, -3, 23 }, // U+0487
    { 30, 27, 0, -15, 20 }, // U+0488
    { 28, 28, 0, -14, 21 }, // U+0489
    { 20, 29, 328, 0, 24 }, // U+048A
    { 15, 25, 252, 1, 20 }, // U+048B
    { 14, 18, 235, 0, 18 }, // U+048C
    { 12, 20, 227, 1, 20 }, // U+048D
    { 16, 18, 244, 0, 18 }, // U+048E
    { 15, 20, 238, -1, 14 }, // U+048F
    { 16, 22, 204, 0, 22 }, // U+0490
    { 14, 18, 184, 0, 18 }, // U+0491
    { 15, 18, 202, 0, 18 }, // U+0492
    { 14, 14, 185, -1, 14 }, // U+0493
    { 15, 24, 266, 0, 18 }, // U+0494
    { 13, 20, 229, 0, 14 }, // U+0495
    { 26, 23, 368, -2, 18 }, // U+0496
    { 26, 20, 384, -1, 14 }, // U+0497
    { 15, 24, 228, 0, 18 }, // U+0498
    { 12, 20, 199, 0, 14 }, // U+0499
    { 18, 23, 275, 0, 18 }, // U+049A
    { 16, 19, 245, 0, 14 }, // U+049B
    { 18, 18, 251, 0, 18 }, // U+049C
    { 15, 14, 235, 1, 14 }, // U+049D
    { 18, 18, 245, 0, 18 }, // U+049E
    { 16, 19, 231, 0, 19 }, // U+049F
    { 18, 18, 280, 2, 18 }, // U+04A0
    { 18, 14, 259, 0, 14 }, // U+04A1
    { 18, 23, 306, 0, 18 }, // U+04A2
    { 16, 19, 268, 0, 14 }, // U+04A3
    { 22, 18, 308, 0, 18 }, // U+04A4
    { 20, 14, 284, 0, 14 }, // U+04A5
    { 24, 24, 413, 0, 18 }, // U+04A6
    { 20, 20, 346, 0, 14 }, // U+04A7
    { 17, 19, 292, 1, 18 }, // U+04A8
    { 14, 15, 245, 1, 14 }, // U+04A9
    { 16, 24, 245, 1, 18 }, // U+04AA
    { 12, 20, 194, 1, 14 }, // U+04AB
    { 14, 23, 212, 2, 18 }, // U+04AC
    { 23, 19, 370, 0, 14 }, // U+04AD
    { 15, 18, 226, 2, 18 }, // U+04AE
    { 14, 20, 205, 1, 14 }, // U+04AF
    { 17, 18, 226, 0, 18 }, // U+04B0
    { 16, 20, 205, -1, 14 }, // U+04B1
    { 20, 23, 276, -2, 18 }, // U+04B2
    { 16, 19, 239, -1, 14 }, // U+04B3
    { 19, 24, 335, 2, 18 }, // U+04B4
    { 16, 19, 273, 1, 14 }, // U+04B5
    { 16, 23, 299, 2, 18 }, // U+04B6
    { 13, 19, 256, 2, 14 }, // U+04B7
    { 15, 18, 271, 2, 18 }, // U+04B8
    { 13, 14, 242, 2, 14 }, // U+04B9
    { 16, 18, 271, 0, 18 }, // U+04BA
    { 14, 19, 242, 0, 19 }, // U+04BB
    { 20, 18, 312, 0, 18 }, // U+04BC
    { 16, 14, 264, 0, 14 }, // U+04BD
    { 20, 23, 312, 0, 18 }, // U+04BE
    { 16, 19, 264, 0, 14 }, // U+04BF
    { 12, 18, 153, -1, 18 }, // U+04C0
    { 27, 24, 362, -2, 24 }, // U+04C1
    { 26, 20, 382, -1, 20 }, // U+04C2
    { 18, 24, 277, 0, 18 }, // U+04C3
    { 16, 20, 248, 0, 14 }, // U+04C4
    { 20, 23, 304, -1, 18 }, // U+04C5
    { 17, 19, 264, -1, 14 }, // U+04C6
    { 18, 24, 280, 0, 18 }, // U+04C7
    { 15, 20, 247, 0, 14 }, // U+04C8
    { 19, 23, 306, 0, 18 }, // U+04C9
    { 16, 19, 270, 0, 14 }, // U+04CA
    { 15, 23, 269, 2, 18 }, // U+04CB
    { 13, 19, 238, 2, 14 }, // U+04CC
    { 23, 23, 378, 0, 18 }, // U+04CD
    { 21, 19, 335, 0, 14 }, // U+04CE
    { 12, 18, 153, -1, 18 }, // U+04CF
    { 18, 24, 251, -2, 24 }, // U+04D0
    { 14, 20, 237, 1, 20 }, // U+04D1
    { 17, 23, 251, -2, 23 }, // U+04D2
    { 14, 19, 237, 1, 19 }, // U+04D3
    { 26, 18, 358, -2, 18 }, // U+04D4
    { 21, 14, 349, 1, 14 }, // U+04D5
    { 16, 24, 217, 0, 24 }, // U+04D6
    { 14, 20, 223, 1, 20 }, // U+04D7
    { 16, 18, 264, 0, 18 }, // U+04D8
    { 13, 14, 223, 0, 14 }, // U+04D9
    { 16, 23, 264, 0, 23 }, // U+04DA
    { 13, 19, 223, 0, 19 }, // U+04DB
    { 27, 23, 362, -2, 23 }, // U+04DC
    { 26, 19, 382, -1, 19 }, // U+04DD
    { 15, 23, 228, 0, 23 }, // U+04DE
    { 13, 19, 199, 0, 19 }, // U+04DF
    { 16, 18, 222, -1, 18 }, // U+04E0
    { 16, 20, 219, -2, 14 }, // U+04E1
    { 18, 22, 280, 0, 22 }, // U+04E2
    { 14, 18, 242, 1, 18 }, // U+04E3
    { 18, 23, 280, 0, 23 }, // U+04E4
    { 14, 19, 242, 1, 19 }, // U+04E5
    { 17, 23, 292, 1, 23 }, // U+04E6
    { 13, 19, 236, 1, 19 }, // U+04E7
    { 17, 18, 292, 1, 18 }, // U+04E8
    { 13, 14, 236, 1, 14 }, // U+04E9
    { 17, 23, 292, 1, 23 }, // U+04EA
    { 13, 19, 236, 1, 19 }, // U+04EB
    { 16, 23, 244, 0, 23 }, // U+04EC
    { 12, 19, 190, 0, 19 }, // U+04ED
    { 18, 22, 236, 0, 22 }, // U+04EE
    { 17, 24, 208, -2, 18 }, // U+04EF
    { 18, 23, 236, 0, 23 }, // U+04F0
    { 17, 25, 208, -2, 19 }, // U+04F1
    { 18, 24, 236, 0, 24 }, // U+04F2
    { 18, 25, 208, -2, 19 }, // U+04F3
    { 15, 23, 262, 2, 23 }, // U+04F4
    { 14, 19, 231, 1, 19 }, // U+04F5
    { 15, 23, 201, 0, 18 }, // U+04F6
    { 13, 19, 185, 0, 14 }, // U+04F7
    { 23, 23, 351, 0, 23 }, // U+04F8
    { 20, 19, 322, 0, 19 }, // U+04F9
    { 15, 24, 202, 0, 18 }, // U+04FA
    { 14, 20, 185, -1, 14 }, // U+04FB
    { 20, 24, 276, -2, 18 }, // U+04FC
    { 17, 20, 240, -2, 14 }, // U+04FD
    { 20, 18, 244, -2, 18 }, // U+04FE
    { 17, 14, 212, -2, 14 }, // U+04FF
    { 17, 23, 251, -2, 18 }, // U+1EA0
    { 14, 19, 237, 1, 14 }, // U+1EA1
    { 17, 25, 251, -2, 25 }, // U+1EA2
    { 14, 22, 237, 1, 22 }, // U+1EA3
    { 22, 25, 251, -2, 25 }, // U+1EA4
    { 17, 21, 237, 1, 21 }, // U+1EA5
    { 17, 24, 251, -2, 24 }, // U+1EA6
    { 14, 20, 237, 1, 20 }, // U+1EA7
    { 20, 26, 251, -2, 26 }, // U+1EA8
    { 16, 22, 237, 1, 22 }, // U+1EA9
    { 18, 26, 251, -2, 26 }, // U+1EAA
    { 14, 22, 237, 1, 22 }, // U+1EAB
    { 18, 28, 251, -2, 23 }, // U+1EAC
    { 14, 24, 237, 1, 19 }, // U+1EAD
    { 18, 26, 251, -2, 26 }, // U+1EAE
    { 14, 22, 237, 1, 22 }, // U+1EAF
    { 18, 26, 251, -2, 26 }, // U+1EB0
    { 14, 22, 237, 1, 22 }, // U+1EB1
    { 18, 26, 251, -2, 26 }, // U+1EB2
    { 14, 22, 237, 1, 22 }, // U+1EB3
    { 18, 27, 251, -2, 27 }, // U+1EB4
    { 14, 23, 237, 1, 23 }, // U+1EB5
    { 18, 29, 251, -2, 24 }, // U+1EB6
    { 14, 24, 237, 1, 19 }, // U+1EB7
    { 15, 23, 217, 0, 18 }, // U+1EB8
    { 13, 19, 223, 1, 14 }, // U+1EB9
    { 15, 25, 217, 0, 25 }, // U+1EBA
    { 13, 22, 223, 1, 22 }, // U+1EBB
    { 16, 25, 217, 0, 25 }, // U+1EBC
    { 14, 19, 223, 1, 19 }, // U+1EBD
    { 19, 25, 217, 0, 25 }, // U+1EBE
    { 17, 21, 223, 1, 21 }, // U+1EBF
    { 15, 24, 217, 0, 24 }, // U+1EC0
    { 13, 20, 223, 1, 20 }, // U+1EC1
    { 18, 26, 217, 0, 26 }, // U+1EC2
    { 16, 22, 223, 1, 22 }, // U+1EC3
    { 15, 26, 217, 0, 26 }, // U+1EC4
    { 13, 22, 223, 1, 22 }, // U+1EC5
    { 15, 28, 217, 0, 23 }, // U+1EC6
    { 13, 24, 223, 1, 19 }, // U+1EC7
    { 12, 25, 153, -1, 25 }, // U+1EC8
    { 10, 21, 120, 0, 21 }, // U+1EC9
    { 12, 23, 153, -1, 18 }, // U+1ECA
    { 10, 24, 120, -1, 19 }, // U+1ECB
    { 17, 23, 292, 1, 18 }, // U+1ECC
    { 13, 19, 236, 1, 14 }, // U+1ECD
    { 17, 26, 292, 1, 26 }, // U+1ECE
    { 13, 22, 236, 1, 22 }, // U+1ECF
    { 20, 25, 292, 1, 25 }, // U+1ED0
    { 17, 21, 236, 1, 21 }, // U+1ED1
    { 17, 25, 292, 1, 25 }, // U+1ED2
    { 13, 20, 236, 1, 20 }, // U+1ED3
    { 19, 27, 292, 1, 27 }, // U+1ED4
    { 16, 22, 236, 1, 22 }, // U+1ED5
    { 17, 27, 292, 1, 27 }, // U+1ED6
    { 13, 22, 236, 1, 22 }, // U+1ED7
    { 17, 29, 292, 1, 24 }, // U+1ED8
    { 13, 24, 236, 1, 19 }, // U+1ED9
    { 21, 24, 309, 1, 24 }, // U+1EDA
    { 18, 19, 261, 1, 19 }, // U+1EDB
    { 21, 24, 309, 1, 24 }, // U+1EDC
    { 18, 19, 261, 1, 19 }, // U+1EDD
    { 21, 26, 309, 1, 26 }, // U+1EDE
    { 18, 22, 261, 1, 22 }, // U+1EDF
    { 21, 24, 309, 1, 24 }, // U+1EE0
    { 18, 19, 261, 1, 19 }, // U+1EE1
    { 21, 24, 309, 1, 19 }, // U+1EE2
    { 18, 21, 261, 1, 16 }, // U+1EE3
    { 17, 23, 277, 1, 18 }, // U+1EE4
    { 14, 19, 242, 1, 14 }, // U+1EE5
    { 17, 26, 277, 1, 26 }, // U+1EE6
    { 14, 22, 242, 1, 22 }, // U+1EE7
    { 23, 24, 310, 1, 24 }, // U+1EE8
    { 20, 19, 284, 1, 19 }, // U+1EE9
    { 23, 24, 310, 1, 24 }, // U+1EEA
    { 20, 19, 284, 1, 19 }, // U+1EEB
    { 23, 26, 310, 1, 26 }, // U+1EEC
    { 20, 22, 284, 1, 22 }, // U+1EED
    { 23, 24, 310, 1, 24 }, // U+1EEE
    { 20, 19, 284, 1, 19 }, // U+1EEF
    { 23, 24, 310, 1, 19 }, // U+1EF0
    { 20, 21, 284, 1, 16 }, // U+1EF1
    { 15, 23, 226, 2, 23 }, // U+1EF2
    { 17, 25, 208, -2, 19 }, // U+1EF3
    { 15, 23, 226, 2, 18 }, // U+1EF4
    { 17, 20, 208, -2, 14 }, // U+1EF5
    { 15, 25, 226, 2, 25 }, // U+1EF6
    { 17, 27, 208, -2, 21 }, // U+1EF7
    { 15, 25, 226, 2, 25 }, // U+1EF8
    { 17, 25, 208, -2, 19 }, // U+1EF9
    { 0, 0, 200, 0, 0 }, // U+2000
    { 0, 0, 400, 0, 0 }, // U+2001
    { 0, 0, 200, 0, 0 }, // U+2002
    { 0, 0, 400, 0, 0 }, // U+2003
    { 0, 0, 133, 0, 0 }, // U+2004
    { 0, 0, 100, 0, 0 }, // U+2005
    { 0, 0, 67, 0, 0 }, // U+2006
    { 0, 0, 220, 0, 0 }, // U+2007
    { 0, 0, 115, 0, 0 }, // U+2008
    { 0, 0, 66, 0, 0 }, // U+2009
    { 0, 0, 40, 0, 0 }, // U+200A
    { 0, 0, 0, 0, 0 }, // U+200B
    { 0, 0, 0, 0, 0 }, // U+200C
    { 0, 0, 0, 0, 0 }, // U+200D
    { 0, 0, 0, 0, 0 }, // U+200E
    { 0, 0, 0, 0, 0 }, // U+200F
    { 8, 4, 129, 0, 9 }, // U+2010
    { 8, 4, 129, 0, 9 }, // U+2011
    { 14, 4, 220, 0, 11 }, // U+2012
    { 12, 4, 192, 0, 9 }, // U+2013
    { 24, 4, 384, 0, 9 }, // U+2014
    { 24, 4, 384, 0, 9 }, // U+2015
    { 10, 25, 220, 2, 19 }, // U+2016
    { 12, 5, 160, -3, -1 }, // U+2017
    { 7, 6, 87, 1, 18 }, // U+2018
    { 7, 6, 87, 1, 18 }, // U+2019
    { 7, 6, 112, -2, 3 }, // U+201A
    { 5, 6, 86, 2, 18 }, // U+201B
    { 12, 6, 173, 1, 18 }, // U+201C
    { 12, 6, 173, 1, 18 }, // U+201D
    { 13, 6, 199, -2, 3 }, // U+201E
    { 10, 6, 173, 2, 18 }, // U+201F
    { 11, 19, 206, 2, 19 }, // U+2020
    { 14, 19, 206, 0, 19 }, // U+2021
    { 8, 8, 150, 1, 13 }, // U+2022
    { 8, 11, 141, 1, 15 }, // U+2023
    { 6, 4, 200, 2, 4 }, // U+2024
    { 12, 4, 230, 0, 4 }, // U+2025
    { 19, 4, 333, 0, 4 }, // U+2026
    { 6, 4, 129, 1, 9 }, // U+2027
    { 0, 0, 240, 0, 0 }, // U+2028
    { 0, 0, 240, 0, 0 }, // U+2029
    { 0, 0, 0, 0, 0 }, // U+202A
    { 0, 0, 0, 0, 0 }, // U+202B
    { 0, 0, 0, 0, 0 }, // U+202C
    { 0, 0, 0, 0, 0 }, // U+202D
    { 0, 0, 0, 0, 0 }, // U+202E
    { 0, 0, 66, 0, 0 }, // U+202F
    { 29, 18, 487, 1, 18 }, // U+2030
    { 38, 18, 632, 1, 18 }, // U+2031
    { 8, 7, 113, 1, 18 }, // U+2032
    { 14, 6, 205, 1, 18 }, // U+2033
    { 20, 6, 297, 1, 18 }, // U+2034
    { 7, 7, 113, 1, 18 }, // U+2035
    { 13, 6, 205, 1, 18 }, // U+2036
    { 19, 6, 297, 1, 18 }, // U+2037
    { 9, 8, 141, -2, 2 }, // U+2038
    { 9, 12, 130, 0, 13 }, // U+2039
    { 8, 12, 130, 0, 13 }, // U+203A
    { 21, 18, 338, 0, 18 }, // U+203B
    { 15, 18, 224, 0, 18 }, // U+203C
    { 11, 18, 184, 2, 18 }, // U+203D
    { 12, 4, 200, 2, 23 }, // U+203E
    { 14, 6, 214, -2, 0 }, // U+203F
    { 13, 6, 214, 2, 20 }, // U+2040
    { 14, 16, 154, -3, 10 }, // U+2041
    { 29, 24, 461, -1, 20 }, // U+2042
    { 8, 4, 130, 0, 9 }, // U+2043
    { 17, 18, 50, -7, 18 }, // U+2044
    { 11, 24, 132, -1, 18 }, // U+2045
    { 11, 24, 132, -2, 18 }, // U+2046
    { 23, 18, 362, 1, 18 }, // U+2047
    { 19, 18, 301, 1, 18 }, // U+2048
    { 20, 18, 298, 0, 18 }, // U+2049
    { 13, 14, 213, 1, 14 }, // U+204A
    { 14, 24, 249, 2, 19 }, // U+204B
    { 14, 13, 256, 1, 14 }, // U+204C
    { 14, 13, 256, 1, 14 }, // U+204D
    { 13, 13, 217, -1, 7 }, // U+204E
    { 7, 17, 114, 0, 14 }, // U+204F
    { 17, 26, 214, -2, 20 }, // U+2050
    { 16, 26, 217, -1, 20 }, // U+2051
    { 11, 18, 169, 0, 18 }, // U+2052
    { 24, 5, 400, 1, 10 }, // U+2053
    { 14, 6, 214, -3, 0 }, // U+2054
    { 14, 13, 230, 0, 13 }, // U+2055
    { 12, 18, 224, 1, 18 }, // U+2056
    { 23, 6, 354, 1, 18 }, // U+2057
    { 19, 18, 340, 1, 18 }, // U+2058
    { 19, 18, 341, 1, 18 }, // U+2059
    { 5, 18, 110, 1, 18 }, // U+205A
    { 16, 19, 286, 1, 19 }, // U+205B
    { 20, 19, 331, 0, 19 }, // U+205C
    { 5, 19, 112, 1, 19 }, // U+205D
    { 5, 18, 114, 1, 18 }, // U+205E
    { 0, 0, 89, 0, 0 }, // U+205F
    { 0, 0, 0, 0, 0 }, // U+2060
    { 0, 0, 0, 0, 0 }, // U+2061
    { 0, 0, 0, 0, 0 }, // U+2062
    { 0, 0, 0, 0, 0 }, // U+2063
    { 0, 0, 0, 0, 0 }, // U+2064
    { 0, 0, 0, 0, 0 }, // U+2065
    { 0, 0, 240, 0, 0 }, // U+2066
    { 0, 0, 240, 0, 0 }, // U+2067
    { 0, 0, 240, 0, 0 }, // U+2068
    { 0, 0, 240, 0, 0 }, // U+2069
    { 0, 0, 0, 0, 0 }, // U+206A
    { 0, 0, 0, 0, 0 }, // U+206B
    { 0, 0, 0, 0, 0 }, // U+206C
    { 0, 0, 0, 0, 0 }, // U+206D
    { 0, 0, 0, 0, 0 }, // U+206E
    { 0, 0, 0, 0, 0 }, // U+206F
    { 9, 11, 152, 2, 21 }, // U+2070
    { 6, 12, 98, 1, 19 }, // U+2071
    { 10, 11, 152, 1, 21 }, // U+2074
    { 10, 11, 152, 1, 21 }, // U+2075
    { 9, 12, 152, 2, 22 }, // U+2076
    { 10, 12, 152, 2, 22 }, // U+2077
    { 10, 12, 152, 1, 22 }, // U+2078
    { 9, 12, 152, 2, 22 }, // U+2079
    { 9, 7, 150, 2, 18 }, // U+207A
    { 9, 2, 150, 2, 16 }, // U+207B
    { 8, 5, 161, 3, 18 }, // U+207C
    { 6, 14, 89, 3, 23 }, // U+207D
    { 7, 14, 89, 0, 23 }, // U+207E
    { 10, 8, 157, 1, 15 }, // U+207F
    { 10, 12, 152, -1, 8 }, // U+2080
    { 9, 11, 152, -1, 8 }, // U+2081
    { 10, 11, 152, -2, 8 }, // U+2082
    { 10, 12, 152, -2, 9 }, // U+2083
    { 10, 11, 152, -2, 8 }, // U+2084
    { 10, 11, 152, -1, 8 }, // U+2085
    { 10, 12, 152, -1, 9 }, // U+2086
    { 10, 12, 152, -1, 8 }, // U+2087
    { 9, 12, 152, -1, 8 }, // U+2088
    { 9, 12, 152, -1, 9 }, // U+2089
    { 8, 7, 150, 0, 6 }, // U+208A
    { 8, 2, 150, 0, 3 }, // U+208B
    { 8, 5, 161, 0, 5 }, // U+208C
    { 7, 14, 89, 0, 9 }, // U+208D
    { 7, 14, 89, -3, 9 }, // U+208E
    { 10, 8, 154, -1, 6 }, // U+2090
    { 9, 8, 142, -1, 6 }, // U+2091
    { 9, 8, 154, -1, 6 }, // U+2092
    { 12, 8, 139, -3, 6 }, // U+2093
    { 9, 8, 142, -1, 6 }, // U+2094
    { 10, 11, 178, -1, 9 }, // U+2095
    { 11, 11, 157, -1, 9 }, // U+2096
    { 6, 11, 102, -1, 9 }, // U+2097
    { 15, 8, 256, -1, 6 }, // U+2098
    { 9, 8, 157, -1, 6 }, // U+2099
    { 10, 12, 155, -2, 6 }, // U+209A
    { 8, 8, 134, -1, 6 }, // U+209B
    { 7, 10, 106, -1, 8 }, // U+209C
    { 14, 18, 229, 1, 18 }, // U+20A0
    { 16, 21, 221, 0, 19 }, // U+20A1
    { 16, 18, 229, 0, 18 }, // U+20A2
    { 15, 18, 220, 0, 18 }, // U+20A3
    { 17, 18, 220, -1, 18 }, // U+20A4
    { 22, 20, 362, 0, 17 }, // U+20A5
    { 16, 18, 232, 0, 18 }, // U+20A6
    { 22, 18, 342, 0, 18 }, // U+20A7
    { 23, 18, 358, 0, 18 }, // U+20A8
    { 20, 18, 291, 0, 18 }, // U+20A9
    { 22, 18, 346, 0, 18 }, // U+20AA
    { 17, 23, 238, 0, 19 }, // U+20AB
    { 16, 18, 220, 0, 18 }, // U+20AC
    { 17, 18, 229, 0, 18 }, // U+20AD
    { 16, 18, 212, 0, 18 }, // U+20AE
    { 25, 24, 404, 0, 18 }, // U+20AF
    { 17, 24, 236, -2, 18 }, // U+20B0
    { 16, 18, 229, 0, 18 }, // U+20B1
    { 17, 21, 276, 1, 19 }, // U+20B2
    { 18, 18, 240, -2, 18 }, // U+20B3
    { 15, 18, 228, 0, 18 }, // U+20B4
    { 16, 21, 245, 1, 19 }, // U+20B5
    { 18, 17, 270, 0, 17 }, // U+20B6
    { 19, 20, 274, -1, 18 }, // U+20B7
    { 14, 18, 212, 1, 18 }, // U+20B8
    { 14, 18, 220, 1, 18 }, // U+20B9
    { 14, 18, 220, 0, 18 }, // U+20BA
    { 16, 18, 257, 1, 18 }, // U+20BB
    { 20, 18, 326, -1, 18 }, // U+20BC
    { 16, 18, 233, -1, 18 }, // U+20BD
    { 18, 21, 245, -1, 21 }, // U+20BE
    { 14, 24, 220, 0, 21 }, // U+20BF
    { 8, 4, 129, 0, 9 }, // U+2212
    { 24, 25, 285, -3, 19 }, // U+FB00
    { 21, 25, 268, -3, 19 }, // U+FB01
    { 21, 25, 268, -3, 19 }, // U+FB02
    { 29, 25, 400, -3, 19 }, // U+FB03
    { 29, 25, 400, -3, 19 }, // U+FB04
    { 23, 25, 303, -3, 19 }, // U+FB05
    { 23, 19, 353, 0, 19 }, // U+FB06
    { 23, 24, 400, 1, 20 }, // U+FFFD
};


static const EpdFontGroup notosans_12_bolditalicGroups[] = {
    { 0, 1980, 4077, 63, 3573, 0 },
    { 1980, 962, 2072, 34, 1970, 63 },
    { 2942, 1484, 4046, 56, 2002, 97 },
    { 4426, 1050, 3300, 40, 2344, 153 },
    { 5476, 3476, 11420, 128, 3831, 193 },
    { 8952, 3717, 10092, 96, 3822, 321 },
    { 12669, 975, 1573, 112, 757, 417 },
    { 13644, 9501, 22668, 256, 3833, 529 },
    { 23145, 2116, 9761, 90, 1777, 785 },
    { 25261, 1601, 3438, 112, 2263, 875 },
    { 26862, 733, 1152, 42, 1089, 987 },
    { 27595, 1617, 2892, 32, 2572, 1029 },
    { 29212, 10, 8, 1, 0, 1061 },
    { 29222, 395, 1114, 7, 1023, 1062 },
    { 29617, 106, 144, 1, 23, 1069 },
};







static const int8_t notosans_12_bolditalicKernSparseValues[] = {
      -8,   -8,  -28,    8,    8,    4,  -16,  -24,  -12,  -12,  -12,   26,    8,   12,  -20,   12,
     -28,  -24,   12,   16,    8,    4,  -12,    8,   16,   16,    8,   -4,  -28,  -24,  -24,   -8,
     -24,  -16,  -24,   36,   16,   16,   12,   44,   -4,   16,    8,   12,   -8,   12,   16,   12,
      36,   12,  -20,  -28,   -8,  -24,  -24,  -24,  -16,  -32,  -24,  -20,  -24,  -20,  -28,  -24,
     -24,  -16,  -16,   -8,   -4,   -8,  -20,   -4,   -4,   -4,   -8,   -8,   -4,  -16,  -28,   -8,
      30,  -20,   -4,  -12,   -8,   -4,   -8,   -8,  -16,   -8,  -12,   -4,   -8,   -4,   -4,   -4,
      24,  -24,    8,   -8,   -8,   -8,  -32,   -8,  -16,   -4,   -8,  -16,  -16,   -8,  -52,  -20,
      -8,   -4,   -4,   -4,   -8,  -24,  -16,    8,  -20,   -8,    4,  -32,  -28,  -28,  -20,  -24,
      -8,  -16,  -24,  -16,   -8,   -4,   -4,  -20,    8,   -4,   -4,   -8,   -8,   -4,   -4,   -4,
     -16,   -8,  -12,  -24,    8,  -12,   -8,  -20,  -20,   -8,  -12,  -16,   -8,  -16,  -16,   -8,
      -8,   -4,   -4,   43,   -4,   -4,   -8,   -4,    8,   24,   16,   -8,   16,  -46,   -8,   -8,
      -4,    8,    8,   16,  -16,    8,   24,   -8,   -4,  -16,   -8,  -16,  -16,   -4,   -8,  -12,
     -24,  -16,  -16,  -24,   -8,   -8,  -24,  -16,   40,  -20,   -4,  -12,   16,   24,   30,   35,
      32,   28,   14,   16,   46,   20,   15,   23,   31,   15,    7,   12,    8,   12,   16,   12,
      24,    8,    8,   16,    8,   16,   20,   24,    8,  -16,   20,   -8,   12,    8,   28,   32,
      24,   32,   -8,    4,   -4,    8,    8,   -4,    8,   20,    8,   20,   20,   20,  -32,   -4,
      -8,  -28,   -4,   -8,   -4,   -4,  -32,   -4,   -4,  -12,  -12,  -24,  -12,  -28,   12,  -24,
     -16,   -8,  -16,    4,   -8,  -24,  -20,  -24,    4,  -14,   -4,  -28,   -8,  -38,   -7,  -12,
     -12,  -28,   -6,   -8,  -15,   -6,  -12,   20,  -12,    8,  -11,   -8,   -4,    8,   -8,   -4,
      -4,   -4,   -8,   -8,   -8,   -4,   -4,   -8,   -6,   -4,   20,   12,  -32,  -28,   -8,  -32,
     -12,  -20,  -20,    8,   -4,  -12,   -8,  -10,    8,    4,  -16,   -8,   -4,   -8,   -4,   -4,
     -12,   -4,    4,   -4,   -8,  -20,  -32,   -8,   -8,  -16,   -8,   -8,  -30,  -30,  -28,  -12,
     -12,  -12,   -8,   -4,  -19,   -4,   -8,  -22,   -8,   -4,   22,   -8,    8,  -16,   -4,   -8,
      -8,  -12,  -20,  -28,  -24,  -16,   12,    8,  -10,  -16,  -36,   -4,   -4,   -4,   -4,    6,
     -12,  -24,  -24,  -12,  -16,   -8,  -20,  -24,  -20,   -8,  -28,   -8,   -4,   -4,   -4,   -4,
      -8,   -4,  -12,   -4,  -12,  -16,  -12,   -8,   -8,   -8,   -8,   -4,   -4,   -4,   -4,   -4,
      -4,   -8,   -4,   -4,   -4,   -4,   -4,   16,   -4,   -4,   48,   12,    6,   12,    4,   -4,
     -12,   16,   12,  -16,   -8,   40,   12,  -16,  -16,  -16,   -8,  -10,   -4,   -8,   -4,   -4,
      -4,   -4,   -4,   -4,  -52,   -4,   -4,   -8,  -20,  -12,  -20,  -20,  -12,   -4,   -4,   -4,
      -4,  -16,  -20,  -24,   -8,  -16,   -4,  -20,   -4,   -8,  -22,   -8,   -6,  -16,   -8,   -8,
     -12,   -8,   -4,   -4,   -8,  -12,   -8,  -12,   -4,   -8,  -42,  -12,   -4,  -12,   -4,   -8,
     -16,   -8,   -8,   -8,   -4,   -4,  -16,   -8,   -8,  -24,   -4,   -4,   -4,  -12,   -8,   -4,
       2,  -12,   -4,  -20,   -4,   -4,   -4,   -8,   -4,   -8,   -4,   -8,   -8,   -4,   -4,  -16,
      -4,   -8,   -8,    4,   -8,   -8,   -8,   -4,   -8,   -7,   -4,   -8,   -4,   -8,   -6,   -4,
       4,   -4,   -8,  -28,  -12,   -4,  -12,   -4,   -8,  -16,   -8,   -8,   -8,   -4,   -4,  -16,
      -8,  -12,  -16,   -4,   -8,  -20,   -8,   -8,  -20,  -16,  -16,   -4,   -6,  -12,   -4,   -4,
     -10,  -10,  -20,   -4,   -8,    8,   -8,   16,  -20,   52,   16,    8,   16,    8,   -8,  -16,
      -4,    8,    4,   -8,   -8,   30,    4,  -12,  -24,  -36,  -12,    6,   -5,    2,  -48,   -4,
      -6,   -4,  -24,   -2,  -28,  -28,  -24,   -8,  -12,   -8,  -36,  -12,  -36,   34,  -16,   -8,
      -8,   10,  -16,  -16,  -12,   -8,   -4,   -4,   -8,   16,   12,   10,    8,    4,   15,    4,
      16,   32,   12,  -16,   -4,  -11,  -12,   -4,   -4,  -10,  -10,  -20,   -4,   -8,    8,  -16,
      -8,  -16,  -16,  -24,   -8,  -12,  -20,  -12,  -28,  -12,  -12,  -20,   12,  -12,   -8,   -4,
      -8,   -8,   -8,   -8,  -24,  -16,  -24,  -16,    4,  -20,  -16,   -8,   -8,  -16,  -20,  -16,
     -12,  -24,  -16,   -8,  -20,  -24,   -8,  -28,  -16,  -20,  -28,  -20,  -20,   -8,  -12,   -4,
     -20,   -8,    8,  -24,  -12,   -8,   -8,  -20,    8,  -12,  -12,  -20,   -8,  -16,    8,   -8,
     -12,  -16,  -12,   20,  -12,   -8,  -28,   -8,  -32,  -20,   -8,   -8,   -8,   -8,   88,  -12,
     -16,   -8,   -8,  -12,   -8,   -4,   -4,  -24,  -24,  -12,  -16,  -16,   -8,    8,  -12,  -20,
      -8,  -20,  -16,  -16,  -16,   -4,  -16,   -4,   -8,   -4,   -4,   13,   15,
};


static const EpdFontData notosans_12_bolditalic = {
    notosans_12_bolditalicBitmaps,
    nullptr,  // glyph: the 16-byte EpdGlyph array is the .cpfont form, SD-card fonts only
    notosans_12_bolditalicGlyphs,
    nullptr,  // bitmapOffsets: a compressed font recovers the offset from the group walk
    epdSharedFontIntervals_fe01a1bffeae,
    19,
    34,
    27,
    -8,
    true,
    notosans_12_bolditalicGroups,
    15,
    nullptr,
    nullptr,  // kernLeftClasses: built-in fonts use the split arrays below
    nullptr,  // kernRightClasses
    epdSharedFontKernLeftCodepoints_098307c85e24,
    epdSharedFontKernLeftClassIds_9ed6d29d3fe5,
    epdSharedFontKernRightCodepoints_6389aea175cb,
    epdSharedFontKernRightClassIds_172deea42ee0,
    nullptr,  // kernMatrix: built-in fonts use the sparse form below
    epdSharedFontKernRowOffsets_4da67a895acc,
    epdSharedFontKernSparseCols_6435717310a7,
    notosans_12_bolditalicKernSparseValues,
    471,
    471,
    90,
    83,
    epdSharedFontLigaturePairs_607bf6e70845,
    5,
};
