/**
 * generated by fontconvert.py
 * name: notosans_14_bolditalic
 * size: 14
 * mode: 2-bit  compressed: zopfli
 * hinting: auto (FT_LOAD_FORCE_AUTOHINT — grid-fits stems to whole pixels)
 * Command used: fontconvert.py notosans_14_bolditalic 14 ../builtinFonts/source/NotoSans/NotoSans-BoldItalic.ttf --2bit --compress --zopfli --additional-intervals 0x0250,0x02AF --additional-intervals 0x02B0,0x02B7 --additional-intervals 0x02BC,0x02BC --additional-intervals 0x02C8,0x02D1 --additional-intervals 0x02E1,0x02E1 --additional-intervals 0x03B2,0x03B2 --additional-intervals 0x03B8,0x03B8 --additional-intervals 0x03C7,0x03C7
 */
#pragma once
#include "EpdFontData.h"
#include "shared_tables.h"

static const uint8_t notosans_14_bolditalicBitmaps[43383] = {
    0xAD, 0x57, 0xBF, 0x8F, 0xDC, 0xC6, 0x15, 0x1E, 0x92, 0x89, 0x18, 0x84, 0x08, 0x26, 0x85, 0x25,
    0x04, 0x16, 0x10, 0x76, 0x86, 0x8B, 0x04, 0xFC, 0x07, 0x12, 0x0C, 0x0D, 0x15, 0x29, 0xD2, 0xA8,
    0xD0, 0xB9, 0x71, 0x21, 0x17, 0x29, 0x02, 0xB8, 0xB8, 0x36, 0x4D, 0x34, 0x74, 0x54, 0xA4, 0xB4,
    0x8B, 0xA4, 0xB1, 0x0B, 0x37, 0x01, 0x82, 0x24, 0x85, 0x9A, 0x14, 0x29, 0xE2, 0x9B, 0x91, 0x54,
    0xB8, 0x70, 0x21, 0xC2, 0x82, 0xDD, 0xA8, 0x30, 0x6D, 0xCB, 0x16, 0x02, 0x17, 0xA2, 0x6D, 0xCA,
    0xE2, 0x5A, 0x24, 0x27, 0xDF, 0xF7, 0x86, 0x7B, 0xDA, 0x3D, 0x9D, 0x95, 0x04, 0xC8, 0xDE, 0x72,
    0xF6, 0x40, 0x0E, 0xDF, 0xBC, 0x9F, 0xDF, 0xFB, 0x9E, 0x72, 0x5E, 0x05, 0x7C, 0x9B, 0x24, 0xD4,
    0x49, 0x50, 0x69, 0x50, 0xD9, 0xA2, 0xB2, 0x59, 0x65, 0x93, 0xCA, 0xF1, 0x1D, 0x55, 0x31, 0x28,
    0xDD, 0xF3, 0x1B, 0x3F, 0x65, 0xA3, 0x6C, 0xAB, 0x1C, 0xBE, 0x5E, 0x99, 0x5A, 0xE9, 0x8F, 0xE6,
    0xF2, 0xBD, 0xA9, 0xBC, 0x31, 0x55, 0x57, 0x47, 0x73, 0xA1, 0x37, 0x59, 0x6F, 0xF2, 0x4E, 0xA9,
    0x49, 0xFB, 0xB8, 0x24, 0x63, 0xD5, 0xA8, 0x74, 0xC0, 0x4E, 0x3C, 0x51, 0x2A, 0xEF, 0xAF, 0xA8,
    0x22, 0x84, 0x30, 0xC9, 0xA2, 0xB9, 0xA8, 0xF2, 0xD5, 0x51, 0xA9, 0xEA, 0xC2, 0xA0, 0x14, 0xDE,
    0x56, 0x06, 0xF7, 0x5A, 0x7B, 0xBC, 0x9C, 0x9B, 0x0F, 0xDF, 0xAF, 0x93, 0xA9, 0xDC, 0x15, 0x92,
    0x41, 0x88, 0xCA, 0xBB, 0xB7, 0xA9, 0x8E, 0x8E, 0xD7, 0x99, 0x70, 0x17, 0x6F, 0x2E, 0x2A, 0x84,
    0x39, 0x85, 0xCC, 0x6C, 0xF9, 0xD9, 0xF3, 0xD9, 0xF4, 0x1B, 0xD8, 0xF1, 0x77, 0x95, 0x85, 0x5E,
    0x25, 0x61, 0xA3, 0x94, 0x0D, 0x0D, 0xCE, 0xEE, 0x61, 0xE2, 0xA0, 0xB2, 0x5B, 0xA3, 0xCA, 0xDE,
    0x1D, 0x5F, 0xCE, 0x5F, 0x1B, 0xED, 0xDF, 0xC2, 0x80, 0xA3, 0x3A, 0x1C, 0xDC, 0x14, 0xDC, 0xF7,
    0x63, 0x88, 0xFC, 0x29, 0xAE, 0x9F, 0xE0, 0x72, 0x8D, 0xAA, 0x3C, 0x25, 0x58, 0xA5, 0xF1, 0xDA,
    0xAC, 0xCA, 0x47, 0x63, 0x36, 0xAA, 0xEA, 0xE6, 0x58, 0x40, 0xD5, 0xAB, 0x63, 0x09, 0x27, 0x5C,
    0x18, 0xA1, 0x98, 0xCD, 0x87, 0x23, 0x1C, 0xA1, 0xBF, 0x98, 0x6C, 0x63, 0xAF, 0x7D, 0xF2, 0x65,
    0xE8, 0x4D, 0xB8, 0x75, 0x27, 0x8C, 0x55, 0x38, 0x7C, 0xED, 0xE3, 0x29, 0x1F, 0x2D, 0x5C, 0x04,
    0x8F, 0x18, 0xAC, 0xD9, 0x80, 0x17, 0x55, 0xD1, 0xE1, 0x45, 0x55, 0x7A, 0xF3, 0xCB, 0x01, 0x7E,
    0x34, 0xF7, 0x7B, 0xB5, 0xC0, 0x82, 0x36, 0x85, 0x3F, 0x42, 0x93, 0xF7, 0x2A, 0x9F, 0x79, 0x3C,
    0x5C, 0xA9, 0x72, 0xF8, 0x08, 0x46, 0x86, 0x80, 0xB5, 0xFA, 0x86, 0xAB, 0xF1, 0x3B, 0xEB, 0x75,
    0x59, 0xDF, 0xE5, 0xF6, 0x0A, 0x2A, 0x72, 0xA7, 0xE7, 0xAB, 0xB3, 0x42, 0x28, 0x43, 0x48, 0x17,
    0xA5, 0xE7, 0x70, 0x75, 0x52, 0x55, 0x6F, 0xEF, 0x8C, 0xCA, 0x74, 0x15, 0xAC, 0x31, 0x2D, 0x37,
    0x99, 0x3E, 0x0F, 0xB5, 0x32, 0xF3, 0x35, 0xAC, 0x25, 0x9C, 0xED, 0x25, 0x34, 0xF0, 0x96, 0x1B,
    0xCB, 0x51, 0xE9, 0xAE, 0x6C, 0x4B, 0x5F, 0x35, 0x50, 0x4E, 0x31, 0x72, 0xBC, 0x83, 0x33, 0x95,
    0x53, 0x89, 0x64, 0x47, 0xCC, 0x8B, 0xB2, 0xE5, 0x3D, 0x83, 0xA4, 0xA8, 0xF1, 0x04, 0x47, 0x9E,
    0xFC, 0x3A, 0xF9, 0xE2, 0xA9, 0xA1, 0x2B, 0x95, 0x6E, 0x99, 0x04, 0xF0, 0x01, 0x45, 0xC0, 0x58,
    0xC8, 0x82, 0xE1, 0xFC, 0xEE, 0xBE, 0x24, 0x77, 0xF0, 0x08, 0x1B, 0xB2, 0x98, 0x84, 0x92, 0x81,
    0x78, 0xDF, 0x36, 0x78, 0x9E, 0xCE, 0xAB, 0x3A, 0xCF, 0xD6, 0x4A, 0x25, 0x30, 0x16, 0xE2, 0x90,
    0x15, 0xEA, 0x19, 0x48, 0x36, 0xBF, 0x80, 0x46, 0x8F, 0xB0, 0x31, 0x84, 0x21, 0x71, 0x70, 0x08,
    0xAE, 0x14, 0x46, 0xE9, 0x87, 0x83, 0x2A, 0x3F, 0x86, 0xB0, 0xEB, 0xF4, 0x26, 0xBD, 0x85, 0x77,
    0x99, 0xA5, 0x27, 0xAE, 0xB3, 0x97, 0x3F, 0xBD, 0x84, 0x77, 0xC7, 0xED, 0x75, 0xDA, 0x9E, 0x6C,
    0xCE, 0xA6, 0x62, 0xD4, 0x7D, 0xD9, 0x1A, 0x6F, 0xD4, 0xD9, 0x83, 0xDA, 0x84, 0xC6, 0x84, 0xDA,
    0x06, 0x55, 0x35, 0xB6, 0x75, 0xAD, 0xF3, 0xC8, 0x08, 0x31, 0x44, 0x25, 0x0B, 0xD5, 0xE3, 0x91,
    0xD0, 0x58, 0xC5, 0x32, 0xAA, 0x5A, 0x89, 0x1E, 0x83, 0x54, 0xFF, 0x37, 0x3B, 0x44, 0xD0, 0x89,
    0x1D, 0x65, 0xB7, 0xDD, 0x81, 0x7C, 0x6E, 0x10, 0xBE, 0x01, 0x16, 0x4F, 0x2A, 0xDC, 0x99, 0xB3,
    0x90, 0x2D, 0x39, 0xAA, 0xA0, 0x98, 0xD2, 0xA0, 0x61, 0x7A, 0xD9, 0xA7, 0x4B, 0x85, 0xCB, 0x74,
    0xD9, 0x62, 0xDA, 0x6C, 0x36, 0x6D, 0x3E, 0x99, 0xB6, 0xC0, 0xA5, 0x47, 0xD3, 0x96, 0xBD, 0xE9,
    0x90, 0x13, 0xDF, 0x04, 0x8F, 0x04, 0xAB, 0xF3, 0x00, 0xC7, 0xA0, 0xB6, 0x51, 0x30, 0x0A, 0xC9,
    0x80, 0xB8, 0x01, 0x0B, 0x70, 0xAF, 0xC2, 0x65, 0x1E, 0x21, 0x35, 0xDF, 0x99, 0xD4, 0x0F, 0x0A,
    0x28, 0xA1, 0x87, 0xA8, 0x47, 0x89, 0xAB, 0xE2, 0x05, 0x75, 0x4C, 0x1B, 0x35, 0xB2, 0x5E, 0xEA,
    0x06, 0x90, 0x82, 0xAB, 0x16, 0xED, 0x13, 0x71, 0x05, 0xB3, 0xB9, 0x62, 0x32, 0x07, 0xE6, 0x72,
    0xF8, 0x1C, 0x0F, 0x7F, 0xCE, 0x5D, 0x3F, 0x94, 0xAD, 0xB2, 0x24, 0x7C, 0x21, 0xE3, 0x6E, 0xCD,
    0x10, 0x19, 0xDA, 0x1B, 0x3A, 0xDE, 0xC2, 0x43, 0x4D, 0x4F, 0xD9, 0x81, 0xBB, 0x3C, 0xCB, 0x82,
    0x8E, 0x5A, 0x0E, 0x2E, 0x11, 0x32, 0x46, 0x89, 0x37, 0x62, 0x8D, 0x48, 0x43, 0x71, 0x24, 0x09,
    0xA3, 0x8E, 0xB3, 0x96, 0xCB, 0x8B, 0xBA, 0x08, 0x44, 0x53, 0xA8, 0x03, 0xC2, 0x9A, 0x2A, 0x26,
    0x75, 0xCE, 0x11, 0x66, 0x1A, 0x65, 0x16, 0x82, 0x02, 0xB4, 0xB6, 0xFD, 0x6A, 0x91, 0x5C, 0x35,
    0x2C, 0x5A, 0xDE, 0x08, 0x1D, 0x2B, 0x22, 0x00, 0x53, 0xCE, 0x87, 0xD7, 0xD5, 0xAA, 0x5E, 0x46,
    0xF5, 0x0A, 0x39, 0x98, 0x8B, 0xE5, 0x12, 0x28, 0x78, 0xA1, 0xE4, 0xAF, 0x60, 0x5A, 0x75, 0x1B,
    0x8B, 0xFD, 0x3D, 0x8D, 0x84, 0x9F, 0xB2, 0x49, 0xB3, 0x4A, 0x98, 0xBA, 0x0F, 0x0E, 0x1F, 0x08,
    0xB6, 0xED, 0x2C, 0x6B, 0x00, 0xAD, 0x8F, 0x40, 0x13, 0x83, 0x6D, 0xF8, 0x80, 0x50, 0x06, 0xE9,
    0x58, 0xDC, 0x1F, 0x2F, 0xED, 0x24, 0x52, 0x4A, 0xA7, 0x64, 0xF3, 0x25, 0x6A, 0x02, 0x55, 0x72,
    0x00, 0x24, 0x17, 0xA8, 0x5F, 0x5B, 0x29, 0xFD, 0xFD, 0x05, 0xD1, 0xB9, 0x48, 0xE3, 0x8E, 0xDE,
    0xC4, 0x3E, 0xF8, 0xA6, 0xC1, 0x02, 0x09, 0xAB, 0x41, 0x0E, 0x35, 0x0C, 0x0F, 0x19, 0xA6, 0xCD,
    0xE6, 0xD7, 0x34, 0x0D, 0xBE, 0x91, 0x17, 0xCB, 0x0E, 0x4E, 0xBD, 0x13, 0x80, 0x4A, 0x82, 0xC2,
    0x9D, 0x1B, 0x4C, 0xEF, 0x7C, 0xD9, 0xBB, 0x06, 0x57, 0xCD, 0x5F, 0xD3, 0x59, 0x6F, 0x5B, 0xF3,
    0x75, 0x68, 0x2A, 0xE8, 0xAB, 0x21, 0x22, 0xC1, 0x11, 0x84, 0x0F, 0x02, 0xD5, 0xBA, 0x7C, 0xF7,
    0xE0, 0x32, 0xF5, 0xD5, 0xCC, 0x5C, 0x26, 0x09, 0xC0, 0x87, 0xFE, 0xF2, 0xBB, 0x61, 0x2E, 0x04,
    0xDB, 0x18, 0x66, 0xC3, 0x1D, 0xB6, 0x5D, 0x77, 0xA4, 0xB2, 0x63, 0xD9, 0xBE, 0x5E, 0x1E, 0xEF,
    0x60, 0x76, 0xF2, 0xF1, 0xEB, 0x8C, 0x01, 0xEE, 0x8A, 0x45, 0xE1, 0x4E, 0x80, 0x4C, 0xB6, 0xAF,
    0x85, 0xF0, 0xB0, 0xD0, 0x59, 0x81, 0x15, 0xE3, 0xEE, 0x0F, 0xDC, 0xD7, 0x70, 0x5F, 0x4D, 0xA7,
    0xB5, 0x38, 0x0C, 0xBA, 0x54, 0x1D, 0xEC, 0x34, 0x1E, 0x21, 0x8A, 0x0B, 0x6A, 0x41, 0x99, 0x0D,
    0xF2, 0x02, 0x38, 0xD8, 0xD1, 0x0E, 0xBE, 0xC1, 0x33, 0xCB, 0x19, 0x82, 0x83, 0x87, 0x93, 0x3B,
    0xBD, 0xD8, 0xBE, 0xEA, 0xF5, 0x80, 0xCD, 0x83, 0xF1, 0x28, 0x1E, 0xB9, 0xCA, 0x01, 0xBE, 0x18,
    0x10, 0xB5, 0xBE, 0x0C, 0xF7, 0x01, 0xA8, 0x6F, 0x75, 0xEA, 0x12, 0x2B, 0x81, 0x51, 0x85, 0x14,
    0x18, 0xF9, 0x17, 0x42, 0x31, 0x92, 0x93, 0x87, 0x3B, 0xF4, 0x17, 0xF5, 0x36, 0x4A, 0x14, 0x45,
    0x9A, 0x8E, 0x6A, 0xE7, 0xB3, 0x83, 0x1C, 0x45, 0x4B, 0x53, 0xF9, 0xED, 0x70, 0x5B, 0x7D, 0xCB,
    0x07, 0xC9, 0x9C, 0x6F, 0x51, 0xB8, 0x8A, 0x10, 0x2C, 0xF7, 0x7F, 0x04, 0xF7, 0x8E, 0xE2, 0xB1,
    0x04, 0x87, 0x96, 0xEC, 0xEA, 0xF8, 0x61, 0x3E, 0xC1, 0xFB, 0x96, 0x4F, 0xE0, 0xBB, 0xC4, 0x2D,
    0x4C, 0xE4, 0xBB, 0xF1, 0x8E, 0xC0, 0xCA, 0xF3, 0x7C, 0xF9, 0xEC, 0xC1, 0xC1, 0x3E, 0xFA, 0x9D,
    0x72, 0xEF, 0x65, 0xDC, 0xBB, 0xA2, 0xA2, 0x3C, 0x96, 0xD0, 0x19, 0x16, 0x68, 0xC5, 0x12, 0xE3,
    0x3F, 0x8C, 0x14, 0x64, 0x16, 0xA1, 0x4B, 0x04, 0x38, 0x5E, 0x97, 0x13, 0x80, 0xFF, 0xEA, 0x57,
    0xAB, 0xE2, 0x09, 0xB6, 0x55, 0x92, 0x78, 0xC0, 0xCB, 0x3F, 0x07, 0x28, 0xBC, 0x83, 0x12, 0xC5,
    0x2C, 0x25, 0xCE, 0x6C, 0x62, 0xF4, 0x8B, 0x15, 0x67, 0xBE, 0xFF, 0xFA, 0xAE, 0xA7, 0x56, 0x8C,
    0x81, 0x97, 0x41, 0x42, 0xD8, 0x9C, 0x14, 0x93, 0xBA, 0xA3, 0x06, 0xAC, 0x1E, 0xF6, 0xB2, 0x56,
    0xD9, 0xBB, 0x48, 0x3A, 0x8A, 0xCC, 0xD0, 0xB1, 0xCF, 0x2C, 0x2F, 0x4C, 0xBA, 0x47, 0xEB, 0x9B,
    0x4B, 0xD4, 0x74, 0x77, 0x64, 0x7E, 0x37, 0xEB, 0xF6, 0x8A, 0xC9, 0x06, 0xED, 0x8F, 0x6C, 0xD1,
    0x97, 0xFE, 0xE8, 0x48, 0xB7, 0x55, 0x33, 0x1F, 0x69, 0x04, 0x60, 0xC2, 0x6A, 0x53, 0xAC, 0x6D,
    0x28, 0x86, 0x23, 0xA6, 0x72, 0x67, 0xF3, 0x70, 0x0B, 0x18, 0xFF, 0xC2, 0x92, 0x6F, 0x56, 0xD4,
    0x8D, 0x84, 0xA8, 0x58, 0xEA, 0x33, 0x5E, 0x8E, 0x25, 0xF0, 0x49, 0xDA, 0xA4, 0xEE, 0x4F, 0x12,
    0x1E, 0xFE, 0x5F, 0x08, 0x6C, 0x71, 0xA9, 0xB8, 0xC1, 0xDC, 0xA7, 0xDA, 0x87, 0xCC, 0x0C, 0x44,
    0x2C, 0x9D, 0xB1, 0xE4, 0x13, 0x3A, 0xA8, 0x1E, 0xB0, 0x94, 0x3D, 0x30, 0xDD, 0x74, 0x58, 0xEC,
    0xA7, 0x87, 0x1D, 0x31, 0x12, 0xDA, 0x63, 0xC9, 0xB8, 0x20, 0xD2, 0x80, 0x11, 0x34, 0xA3, 0x1E,
    0x35, 0x8D, 0xF4, 0xEB, 0xB0, 0xC0, 0x07, 0x4C, 0x5D, 0x06, 0x89, 0xDC, 0x85, 0xC7, 0x23, 0xC1,
    0x3E, 0x80, 0x1F, 0xA0, 0x69, 0x0F, 0xA7, 0x22, 0xCF, 0x81, 0x34, 0x88, 0x03, 0xDC, 0x95, 0x86,
    0x17, 0x43, 0x0D, 0x51, 0x33, 0x8B, 0xA0, 0x27, 0x68, 0x30, 0x7D, 0x90, 0x9D, 0x10, 0x11, 0x6A,
    0x2D, 0x0B, 0x52, 0x14, 0xC5, 0x8D, 0x7B, 0x00, 0xAB, 0x05, 0x1A, 0xC7, 0x18, 0x75, 0x11, 0x8D,
    0xA4, 0x17, 0xB0, 0x32, 0xBA, 0x78, 0x33, 0x6C, 0x0E, 0x21, 0xB4, 0x49, 0xEA, 0xFC, 0x71, 0x91,
    0x0E, 0x7B, 0x85, 0x6E, 0xDA, 0xED, 0x62, 0x8F, 0x97, 0x78, 0x8F, 0x4F, 0xAB, 0x01, 0xB8, 0x5F,
    0x86, 0x37, 0x7A, 0xCA, 0x24, 0x29, 0x23, 0x8A, 0x55, 0x8B, 0x20, 0xE0, 0xDD, 0x15, 0x06, 0x2D,
    0xDD, 0x0A, 0x8B, 0x7A, 0x5A, 0x34, 0xAC, 0x7A, 0xA2, 0x80, 0x61, 0x11, 0xBB, 0x1B, 0x16, 0xE4,
    0x08, 0x96, 0x19, 0xF7, 0xE8, 0x21, 0x2E, 0xE5, 0x50, 0x90, 0xEB, 0xB0, 0x9E, 0x59, 0xE3, 0x01,
    0xB0, 0x05, 0x96, 0x53, 0x3D, 0x70, 0x62, 0x11, 0xFD, 0x05, 0x2F, 0x89, 0xD3, 0xA2, 0xD7, 0x0C,
    0x81, 0xD4, 0x72, 0x71, 0xEF, 0x1F, 0xA8, 0xB5, 0x13, 0x1D, 0x77, 0xEF, 0x20, 0x58, 0x83, 0x1E,
    0x93, 0xB1, 0x82, 0xB7, 0xAE, 0xEB, 0x59, 0x79, 0xBB, 0xD8, 0xB5, 0x45, 0x5B, 0x58, 0xF0, 0xE0,
    0xA0, 0xE6, 0x41, 0x9E, 0x82, 0x7D, 0x3C, 0x62, 0xFF, 0x20, 0xF5, 0x94, 0x83, 0x24, 0x6F, 0x0E,
    0x2E, 0xEE, 0x1E, 0x24, 0x78, 0x74, 0xDA, 0x41, 0xB2, 0xEC, 0xFB, 0x59, 0xA9, 0xC3, 0xA5, 0xE1,
    0x2B, 0x23, 0x55, 0x80, 0xD7, 0x96, 0x57, 0xBA, 0x14, 0x5A, 0xD4, 0xD2, 0x2B, 0x9F, 0x88, 0x91,
    0x06, 0xE9, 0x6D, 0xCB, 0xD0, 0x9A, 0x16, 0xD9, 0x69, 0xDB, 0xB3, 0xCE, 0x93, 0xD9, 0x7B, 0x88,
    0x22, 0xC0, 0x33, 0x81, 0xE0, 0x3F, 0xC4, 0xE8, 0xCD, 0x10, 0x91, 0x3D, 0x61, 0x37, 0x94, 0x92,
    0xE6, 0x71, 0xA4, 0x8E, 0xB2, 0x5A, 0x4F, 0xED, 0x9D, 0xA7, 0xFA, 0xA1, 0x61, 0x9F, 0x45, 0xA6,
    0xCD, 0xB2, 0xB2, 0x2D, 0xD0, 0x57, 0x70, 0xE1, 0x4B, 0x13, 0xAD, 0x82, 0x66, 0x5C, 0x07, 0x2A,
    0x19, 0xDD, 0x08, 0x63, 0x90, 0x82, 0x30, 0x44, 0x22, 0x46, 0x03, 0x0D, 0x6B, 0x81, 0x15, 0x5E,
    0xC5, 0xB5, 0x63, 0x73, 0xDC, 0x3D, 0x10, 0x58, 0xDE, 0x45, 0x34, 0x85, 0x6D, 0x00, 0xE8, 0x27,
    0xD8, 0x88, 0x39, 0x8D, 0x8D, 0xD4, 0x72, 0x51, 0x55, 0x2A, 0x2A, 0xCC, 0x17, 0x62, 0x9C, 0x5C,
    0xED, 0x1A, 0x4D, 0x7D, 0x92, 0xDA, 0x74, 0x8F, 0x85, 0x89, 0x20, 0xFF, 0x04, 0xAD, 0xA1, 0xB0,
    0x6C, 0xE5, 0x16, 0xCC, 0x0A, 0x8A, 0xD9, 0x32, 0x24, 0x8A, 0x40, 0xFB, 0xA5, 0x9A, 0x6C, 0x3F,
    0xE8, 0x03, 0xEA, 0x6C, 0x2D, 0xC1, 0x62, 0xEF, 0x43, 0xFF, 0x20, 0xD8, 0x79, 0x78, 0x19, 0x82,
    0x89, 0xA6, 0xE1, 0x55, 0xA2, 0x44, 0xB8, 0x20, 0xB4, 0x82, 0xE1, 0x4A, 0x02, 0x1F, 0xA6, 0x0B,
    0x6B, 0x27, 0x5B, 0x22, 0x03, 0xE1, 0xD9, 0xB9, 0xA4, 0x55, 0x2E, 0xA8, 0x43, 0x26, 0xC7, 0xE3,
    0xD8, 0x1D, 0x01, 0x71, 0xA2, 0x39, 0xED, 0x40, 0x0D, 0x90, 0x8F, 0x74, 0x1C, 0x24, 0x70, 0xE0,
    0xC2, 0x03, 0x25, 0xC3, 0xF6, 0x3C, 0x73, 0x8A, 0x41, 0xCB, 0xBE, 0x41, 0xF9, 0x8E, 0x41, 0x5B,
    0xA3, 0x98, 0xE5, 0x4C, 0x72, 0x26, 0x76, 0x4C, 0xEE, 0x49, 0x60, 0xDD, 0x30, 0xC8, 0x00, 0x30,
    0xD0, 0x6C, 0x86, 0x67, 0x92, 0x59, 0x84, 0x23, 0x1E, 0x7E, 0x16, 0xA0, 0x09, 0x02, 0x01, 0xA6,
    0x64, 0x5D, 0x9D, 0xCC, 0xB3, 0x5A, 0x1C, 0xF8, 0xFD, 0x9C, 0x4C, 0x18, 0x53, 0xA6, 0x39, 0x1B,
    0xF9, 0xB3, 0xE4, 0x5F, 0x2C, 0xE8, 0x46, 0x47, 0xFA, 0x63, 0xA0, 0xD3, 0x70, 0x54, 0xDE, 0x44,
    0x83, 0xEB, 0x8F, 0xCC, 0x55, 0xA2, 0x9F, 0xB3, 0x19, 0x7F, 0xEC, 0x82, 0x6E, 0x55, 0x76, 0x76,
    0x42, 0x6B, 0xA8, 0x5A, 0x3B, 0x4A, 0xF7, 0xB3, 0xA4, 0x58, 0x06, 0x3E, 0x24, 0x84, 0x7A, 0x34,
    0x65, 0xC6, 0x4C, 0x3A, 0xA3, 0x21, 0x66, 0x52, 0x21, 0xDC, 0x82, 0xFF, 0xB1, 0x22, 0x87, 0x41,
    0xAF, 0xC9, 0xC1, 0xA0, 0x13, 0x38, 0x8E, 0x4F, 0x66, 0x8C, 0x6C, 0x4D, 0x3A, 0x19, 0xEF, 0x90,
    0xB1, 0xA6, 0x65, 0xDE, 0x56, 0x1D, 0xF2, 0x16, 0xB2, 0xB1, 0x0E, 0x1A, 0x3A, 0x15, 0x43, 0xB1,
    0x01, 0xCA, 0xF4, 0xF9, 0x42, 0x1D, 0x32, 0x9A, 0x84, 0xCA, 0x02, 0xD0, 0xB4, 0x09, 0x8B, 0x0D,
    0x46, 0x0E, 0x32, 0x1B, 0x51, 0x0B, 0xA1, 0x93, 0xD2, 0xE9, 0x8B, 0xB5, 0xEE, 0x89, 0x96, 0x6E,
    0x40, 0x47, 0xD0, 0x53, 0x4E, 0xC0, 0x42, 0x60, 0xB2, 0x19, 0x95, 0x98, 0xCD, 0x08, 0x17, 0x18,
    0x79, 0xC7, 0x05, 0x4C, 0x8E, 0x91, 0x2C, 0x26, 0x04, 0x5B, 0xCB, 0x02, 0x7A, 0x8E, 0x28, 0xE2,
    0xA9, 0xED, 0xAA, 0x01, 0x9C, 0xB7, 0x5C, 0x0E, 0x43, 0x5D, 0x10, 0xB9, 0x9F, 0x8A, 0x96, 0xED,
    0x1E, 0xFE, 0x97, 0xEC, 0x81, 0xE4, 0xFF, 0x8A, 0x03, 0x00, 0xA4, 0xB0, 0xFE, 0xEA, 0x88, 0xFF,
    0x82, 0x2D, 0x64, 0x93, 0x91, 0x32, 0xF6, 0xDF, 0x86, 0x2D, 0xD2, 0xF0, 0xFE, 0x1F, 0x16, 0x0D,
    0x4F, 0xB3, 0xA8, 0x5B, 0xBB, 0x64, 0xE4, 0x79, 0x02, 0x54, 0x02, 0x59, 0xC2, 0x13, 0x93, 0xBF,
    0x2A, 0xA9, 0xD7, 0x2D, 0x35, 0x66, 0x39, 0x7D, 0xC0, 0xE4, 0x6A, 0x90, 0xC6, 0x88, 0x62, 0xCB,
    0x56, 0xD7, 0xAE, 0xAD, 0x4E, 0xD1, 0xCA, 0x97, 0xD6, 0x7E, 0x97, 0xAF, 0x70, 0xE3, 0x63, 0xA5,
    0x08, 0xFD, 0x43, 0xC3, 0xED, 0x63, 0x99, 0x54, 0x3D, 0xDB, 0x45, 0x87, 0x64, 0x97, 0xA2, 0x34,
    0x2D, 0x89, 0xE7, 0x19, 0xF8, 0xB4, 0xC2, 0x39, 0x2E, 0x4C, 0x49, 0xF8, 0x8C, 0x5D, 0x32, 0x56,
    0xC4, 0x12, 0x95, 0x49, 0x89, 0x17, 0xB1, 0xED, 0xC6, 0xEE, 0x4E, 0x8C, 0x15, 0x3A, 0x22, 0xA5,
    0xD5, 0xBE, 0x0C, 0x25, 0xEC, 0x1B, 0x80, 0x54, 0x44, 0x85, 0x43, 0x59, 0x01, 0xC4, 0x84, 0xCF,
    0x66, 0x5C, 0x13, 0xEE, 0x4D, 0x07, 0xF6, 0xC1, 0xA5, 0x3D, 0x58, 0x39, 0x51, 0x89, 0x5B, 0x58,
    0x39, 0x59, 0x89, 0xC7, 0xD0, 0xB2, 0x56, 0xA3, 0xE0, 0xAC, 0x00, 0xEC, 0x71, 0x2F, 0x1C, 0xD9,
    0x0B, 0x87, 0x4C, 0x52, 0x95, 0xD8, 0xBA, 0xD7, 0x0B, 0x39, 0xED, 0x21, 0x98, 0x02, 0xAE, 0x70,
    0x02, 0x90, 0x5E, 0xA8, 0x42, 0x2B, 0xFE, 0x83, 0x08, 0x83, 0xF4, 0x46, 0x52, 0x1D, 0xB2, 0x6C,
    0x63, 0xB7, 0xA3, 0x6E, 0x1B, 0xD1, 0x0F, 0x53, 0x22, 0x12, 0x1B, 0xA5, 0xC5, 0x37, 0x08, 0xF8,
    0xC6, 0xE3, 0x3C, 0xE3, 0x71, 0x0A, 0x79, 0x30, 0x0A, 0x01, 0x62, 0xAB, 0x96, 0x8C, 0xB5, 0xC5,
    0xF6, 0xB2, 0xE5, 0x50, 0xFA, 0x11, 0xC9, 0xD8, 0x27, 0xB0, 0x40, 0xDF, 0x23, 0xB8, 0x7E, 0x4E,
    0x04, 0xB9, 0x4F, 0x98, 0xA2, 0x03, 0x09, 0x0D, 0x58, 0xB6, 0x03, 0x15, 0x89, 0x9F, 0xB2, 0x0D,
    0x98, 0xBB, 0x1E, 0x6D, 0x03, 0xD9, 0x28, 0xF5, 0x86, 0xFA, 0x74, 0xB6, 0xC1, 0xE0, 0x67, 0x5A,
    0xD3, 0x80, 0xC4, 0x52, 0x03, 0x50, 0x4D, 0x96, 0xAD, 0x09, 0xA2, 0x85, 0x73, 0x4C, 0x6D, 0xBF,
    0x38, 0xA0, 0x83, 0xB9, 0x31, 0x39, 0xA0, 0x83, 0xB9, 0x39, 0x39, 0x96, 0xFE, 0x3B, 0x83, 0xA3,
    0xC1, 0xB7, 0x7A, 0x87, 0x82, 0x37, 0xB7, 0x5A, 0x07, 0xED, 0xCD, 0x35, 0x6F, 0x41, 0x46, 0x81,
    0x44, 0x56, 0xE6, 0x2C, 0x61, 0x35, 0x60, 0xB1, 0x40, 0x08, 0xA2, 0x17, 0xB9, 0x2A, 0x20, 0x83,
    0xC3, 0x14, 0xF0, 0xC3, 0xAE, 0xC5, 0x00, 0x6C, 0x86, 0x20, 0xE8, 0xAB, 0x47, 0xC6, 0xA5, 0x98,
    0x72, 0x89, 0x08, 0xE3, 0x80, 0x34, 0xEF, 0x19, 0x29, 0x27, 0x53, 0x4D, 0xEC, 0xE7, 0xCB, 0x3A,
    0x5D, 0xF1, 0xFF, 0x41, 0xFA, 0x3A, 0xFF, 0xCF, 0x65, 0xD5, 0x8F, 0x64, 0xAE, 0xFD, 0x92, 0x26,
    0xBB, 0xEB, 0x02, 0xB9, 0x75, 0x1C, 0x13, 0x28, 0x7E, 0x92, 0x86, 0x37, 0x28, 0xA9, 0x10, 0x99,
    0x00, 0xE0, 0x6F, 0x2F, 0xC1, 0x11, 0x20, 0x2F, 0x89, 0xE9, 0x02, 0xF2, 0x52, 0x4A, 0xC5, 0x80,
    0x57, 0xF3, 0x0D, 0xD3, 0x93, 0x53, 0x50, 0xC6, 0x9C, 0x4C, 0x89, 0x0C, 0x89, 0x74, 0xB4, 0x48,
    0x31, 0xF6, 0xD8, 0x05, 0x53, 0x4A, 0xF2, 0x49, 0x65, 0xA2, 0x93, 0xD0, 0x18, 0x61, 0xF9, 0x96,
    0x90, 0xE2, 0x84, 0x35, 0xB0, 0x14, 0x0F, 0x5E, 0x64, 0x78, 0x64, 0xDE, 0xD5, 0x7C, 0xA7, 0xE2,
    0x4E, 0xF1, 0x07, 0x45, 0x47, 0x72, 0xCB, 0xFB, 0xE5, 0xB4, 0x2D, 0x58, 0xDE, 0x4F, 0x63, 0x5B,
    0xDA, 0x56, 0xAE, 0x99, 0xC1, 0x9C, 0x64, 0x8C, 0x70, 0x71, 0x00, 0x0A, 0x7D, 0x2C, 0x18, 0x4C,
    0x25, 0x28, 0x30, 0x6C, 0x78, 0x5F, 0x71, 0x70, 0x51, 0x18, 0x7A, 0x64, 0x44, 0x70, 0xAB, 0xC2,
    0x90, 0x9C, 0x40, 0xC9, 0x74, 0x8A, 0x17, 0x75, 0xCD, 0x38, 0xA7, 0xC0, 0x9B, 0x45, 0x1F, 0x91,
    0x4A, 0xA3, 0x7E, 0x34, 0x8E, 0x2C, 0xA1, 0x66, 0xE5, 0x57, 0x51, 0x8C, 0x25, 0x7B, 0x2A, 0xD9,
    0x07, 0x84, 0x59, 0x08, 0x35, 0xB5, 0x41, 0xC2, 0x56, 0xF8, 0x2B, 0x5B, 0xDD, 0xEA, 0x4E, 0x77,
    0x45, 0x5F, 0xF4, 0x79, 0x9F, 0x0F, 0x9C, 0x0B, 0xB2, 0x09, 0xF2, 0xAB, 0x98, 0x09, 0xF2, 0xFA,
    0x39, 0xBC, 0x9A, 0x9C, 0x38, 0x36, 0xC3, 0xB1, 0x79, 0xBF, 0x7F, 0x34, 0x08, 0x7B, 0x3C, 0xD6,
    0xAF, 0x16, 0x34, 0x4F, 0x58, 0x70, 0x6E, 0xD5, 0x84, 0x99, 0x20, 0xB1, 0xE7, 0x68, 0x26, 0x93,
    0x53, 0x88, 0xF3, 0x6D, 0x0E, 0x4F, 0x68, 0x8C, 0x04, 0xD5, 0x6B, 0x28, 0x2D, 0x0C, 0x7D, 0x73,
    0xDE, 0xA5, 0x53, 0xD6, 0xE3, 0x6F, 0xD0, 0x5D, 0x3A, 0x42, 0xFC, 0x04, 0xC7, 0x10, 0x32, 0x6A,
    0xF8, 0x8F, 0xF5, 0x0A, 0x1B, 0x0A, 0x3C, 0x55, 0x6C, 0x4F, 0x61, 0x5A, 0x88, 0x6F, 0x3A, 0xD8,
    0xA9, 0x1C, 0xF5, 0x64, 0xFA, 0x02, 0xFD, 0xA2, 0xC0, 0x54, 0xA0, 0x07, 0xE7, 0xD1, 0x2E, 0x51,
    0xE7, 0xAC, 0x70, 0xE7, 0x5D, 0x6B, 0x1F, 0x4A, 0xAB, 0xF6, 0x55, 0xB0, 0x3E, 0x1F, 0x4D, 0xB3,
    0x03, 0xEB, 0x84, 0x1E, 0xC1, 0x1E, 0x21, 0x49, 0x2B, 0x21, 0x45, 0x97, 0x4C, 0x16, 0x47, 0xDA,
    0x86, 0x5C, 0xCE, 0xC2, 0xE7, 0x68, 0xCD, 0x21, 0x65, 0x7F, 0x26, 0xD8, 0x08, 0xFB, 0x06, 0x78,
    0xC3, 0x15, 0x29, 0x17, 0x94, 0x6A, 0x49, 0xB0, 0xA9, 0x06, 0xC2, 0xC0, 0xC2, 0x16, 0x28, 0x14,
    0xFB, 0x90, 0x23, 0x89, 0xE4, 0xD6, 0x79, 0xF4, 0xA9, 0x20, 0x8D, 0xC7, 0xEB, 0xF0, 0x4A, 0xCD,
    0x09, 0x91, 0x19, 0x63, 0x77, 0x48, 0x15, 0x0F, 0x97, 0x5F, 0xFF, 0x1D, 0x20, 0xCE, 0x3F, 0x21,
    0x82, 0x20, 0x14, 0x49, 0xC5, 0xBE, 0xAA, 0x4F, 0xD0, 0xE6, 0x8A, 0x28, 0x13, 0xBE, 0xA1, 0xA2,
    0x28, 0x02, 0xBD, 0xB0, 0xD7, 0xC3, 0x1F, 0x8A, 0x0E, 0x51, 0xF4, 0x88, 0xA2, 0x4B, 0x14, 0x7D,
    0x82, 0xB7, 0xCB, 0x3E, 0x92, 0x5B, 0xE1, 0xBA, 0xF6, 0xEB, 0x2D, 0x4F, 0xAF, 0xC2, 0x35, 0xCC,
    0x62, 0x1B, 0xB3, 0xA6, 0x35, 0x18, 0x21, 0x29, 0x78, 0x11, 0xAE, 0x0D, 0xE5, 0x08, 0xBF, 0x76,
    0x2C, 0x37, 0xDB, 0x23, 0x12, 0x1D, 0x22, 0xD1, 0xB8, 0xB0, 0x01, 0x89, 0x8F, 0x1A, 0xDB, 0xCD,
    0x35, 0x69, 0xBF, 0x5A, 0x08, 0xF2, 0x5D, 0x2A, 0xE5, 0x3A, 0x16, 0x81, 0xA4, 0x3A, 0x7B, 0xDA,
    0xA6, 0xD9, 0xE9, 0xA3, 0x49, 0x90, 0x9E, 0x21, 0x53, 0x2A, 0x73, 0x24, 0xFC, 0x61, 0x8F, 0xFC,
    0x7F, 0x5B, 0x79, 0x3E, 0x26, 0xFF, 0x3B, 0x5D, 0x7A, 0xBF, 0x41, 0x53, 0x99, 0xE7, 0xE2, 0xB4,
    0xA1, 0x62, 0x19, 0xC4, 0x41, 0x0B, 0x02, 0x08, 0xDD, 0x01, 0xB6, 0xB1, 0xF3, 0x67, 0xE1, 0x2D,
    0x04, 0x11, 0xA9, 0x83, 0x12, 0x05, 0x1A, 0xE8, 0x21, 0x25, 0xAC, 0xE0, 0xCC, 0xAA, 0xCF, 0xD8,
    0x2C, 0xF2, 0xB5, 0x63, 0x54, 0x3D, 0x70, 0xA8, 0xDA, 0x20, 0x9C, 0x9A, 0x65, 0x5B, 0x04, 0x00,
    0x77, 0xBA, 0xEC, 0x9D, 0x79, 0x91, 0x98, 0x75, 0xE5, 0x4D, 0x19, 0x6B, 0xA4, 0x29, 0x43, 0xC9,
    0xF3, 0x02, 0x3A, 0x27, 0xF3, 0xAB, 0x39, 0x8E, 0x9C, 0x80, 0x22, 0x7A, 0x3B, 0xF2, 0x4B, 0x9A,
    0x3E, 0x53, 0xEB, 0x46, 0x10, 0xFC, 0xA3, 0xE1, 0x6C, 0x66, 0xCC, 0xAF, 0x51, 0x54, 0x93, 0x2E,
    0x90, 0x89, 0x7E, 0x5B, 0xD5, 0x3A, 0x09, 0x2A, 0x9B, 0x19, 0xE3, 0x69, 0xBD, 0xB0, 0xD1, 0x86,
    0xB9, 0x44, 0xE4, 0xAC, 0x55, 0xFC, 0x30, 0x14, 0xF4, 0x28, 0x04, 0x64, 0x9C, 0x73, 0xF9, 0xC5,
    0x8B, 0x78, 0x0D, 0x5F, 0x36, 0xAA, 0x9E, 0xDE, 0x83, 0x96, 0xD2, 0xD4, 0xE8, 0xD0, 0x35, 0x46,
    0xCC, 0xC9, 0x63, 0x29, 0xEA, 0x54, 0x92, 0x9F, 0xED, 0x72, 0xE2, 0x1D, 0xA2, 0x7F, 0x3C, 0x2F,
    0xB4, 0xA7, 0xCE, 0x0B, 0x2F, 0x71, 0x46, 0x62, 0x6A, 0x8D, 0x91, 0x2A, 0xFC, 0xA7, 0x1A, 0x44,
    0x03, 0x48, 0xD0, 0xE1, 0x30, 0x4F, 0xE5, 0x34, 0x02, 0x45, 0x03, 0x6E, 0x0A, 0x5A, 0x35, 0x11,
    0xF2, 0xE9, 0xEE, 0x82, 0x98, 0xA2, 0xF9, 0x5F, 0x4C, 0xA7, 0x0D, 0x31, 0xB5, 0x67, 0x2E, 0x77,
    0xB0, 0x02, 0xFD, 0x52, 0x7A, 0xBD, 0x64, 0xFF, 0xA8, 0x1E, 0xDB, 0xEA, 0xD8, 0xC1, 0x79, 0xC6,
    0x7F, 0xE1, 0x23, 0xB3, 0xEB, 0xA3, 0x09, 0x55, 0x3E, 0x02, 0x1B, 0xDD, 0x84, 0x04, 0x4B, 0x97,
    0xB0, 0xB8, 0xD0, 0x64, 0xE1, 0x76, 0x78, 0xC0, 0xCA, 0x06, 0x97, 0x03, 0xB4, 0x80, 0x5E, 0xD6,
    0xF8, 0x21, 0x1D, 0x71, 0x8D, 0xC4, 0x10, 0x04, 0x91, 0x6C, 0x24, 0xD4, 0x9A, 0x21, 0x0C, 0x82,
    0x14, 0xC2, 0x47, 0xE5, 0x69, 0xD5, 0xC9, 0x53, 0xC6, 0x33, 0x13, 0x1E, 0xC1, 0x10, 0x33, 0xA6,
    0xF4, 0xEF, 0xC4, 0x2C, 0x99, 0x98, 0x25, 0xB3, 0x64, 0xC9, 0x3D, 0x2E, 0x2F, 0x30, 0x77, 0x8F,
    0xB3, 0x64, 0xFA, 0x5F, 0xB2, 0xE4, 0x3C, 0x9B, 0x82, 0xA0, 0x50, 0x0F, 0x90, 0x18, 0x08, 0x57,
    0x06, 0xFB, 0xAC, 0x07, 0x3F, 0xF5, 0xC5, 0xE8, 0x1A, 0xCD, 0x6B, 0x20, 0x44, 0x10, 0x37, 0x89,
    0x0D, 0xA8, 0xEB, 0x5A, 0x03, 0x54, 0xA4, 0x9D, 0x1A, 0x58, 0xAF, 0x2C, 0x8B, 0x8B, 0x10, 0xA0,
    0x02, 0xB1, 0x23, 0x78, 0xE7, 0x85, 0x73, 0x26, 0xA4, 0x26, 0xA8, 0x24, 0xEB, 0xA1, 0x83, 0xE3,
    0x12, 0x9A, 0xA8, 0xE3, 0x4C, 0x5A, 0x16, 0xAE, 0xAD, 0x9C, 0x4A, 0x3F, 0x04, 0x24, 0x94, 0x18,
    0x28, 0x4E, 0x56, 0xEF, 0x69, 0x08, 0x87, 0x3D, 0x47, 0xC7, 0x30, 0xBF, 0x3C, 0x01, 0xF3, 0xBD,
    0xC0, 0x7C, 0xC3, 0xAB, 0x02, 0xCC, 0x03, 0xA0, 0xDA, 0x2D, 0xCC, 0x3B, 0xC0, 0xBC, 0x3B, 0x65,
    0xAC, 0x9B, 0x1F, 0xA7, 0xF0, 0x5C, 0xB6, 0xC9, 0x1C, 0x40, 0x96, 0xE9, 0x92, 0xCF, 0x6A, 0x76,
    0x7A, 0x78, 0x76, 0x7F, 0xDA, 0xDB, 0x66, 0xF5, 0x6E, 0x66, 0xAF, 0x74, 0x55, 0x1D, 0x6E, 0x58,
    0xBE, 0x9E, 0xC4, 0x5A, 0x2F, 0x87, 0xB5, 0x1E, 0x12, 0xA9, 0x86, 0x02, 0x72, 0x32, 0x62, 0x1F,
    0x09, 0x15, 0xA1, 0x14, 0xB9, 0x50, 0xE3, 0x3A, 0x3A, 0x14, 0x3A, 0x8D, 0x0B, 0xC9, 0xC5, 0x92,
    0x78, 0x16, 0xB2, 0xA4, 0x5D, 0xD2, 0x3D, 0xB3, 0x25, 0x33, 0x9E, 0x2E, 0xCF, 0x97, 0xD6, 0x0C,
    0xEC, 0x25, 0x03, 0xB7, 0xE9, 0xC7, 0x0C, 0xFC, 0x0C, 0x83, 0x26, 0xBF, 0x90, 0xB9, 0x42, 0x04,
    0x5B, 0xD0, 0x10, 0x33, 0x80, 0x7C, 0x37, 0x9B, 0xD6, 0x3E, 0xD4, 0x81, 0xF4, 0x22, 0xF8, 0x23,
    0x83, 0x3F, 0x6C, 0xF9, 0xAE, 0xE1, 0x02, 0x60, 0xB6, 0xF7, 0xD8, 0x9B, 0xC2, 0x87, 0x98, 0x43,
    0xC2, 0x65, 0x8C, 0x04, 0x23, 0xF8, 0x03, 0xE8, 0xE6, 0xCC, 0x34, 0xE0, 0x7E, 0x50, 0x85, 0x8E,
    0x13, 0x24, 0x88, 0x25, 0x68, 0x03, 0x32, 0xF5, 0x06, 0xD2, 0xF4, 0x36, 0x44, 0xDF, 0xC1, 0xD4,
    0xF9, 0x61, 0x2F, 0xD4, 0x95, 0xCC, 0x95, 0xC4, 0x55, 0x87, 0x48, 0x5B, 0xF1, 0x0E, 0xF2, 0x17,
    0xEF, 0x0C, 0x94, 0x61, 0x07, 0x4A, 0x09, 0x98, 0x30, 0xCC, 0xF5, 0x80, 0xB6, 0x61, 0x6E, 0x3C,
    0x44, 0xB4, 0xCC, 0xCD, 0xAF, 0x06, 0xB0, 0xD6, 0x77, 0x3F, 0x19, 0x40, 0x5A, 0x6F, 0xDD, 0xFE,
    0x1A, 0x59, 0xFF, 0xE1, 0xCD, 0x87, 0xD0, 0xF6, 0xFE, 0x85, 0x87, 0x00, 0xDB, 0x40, 0x9F, 0x55,
    0x88, 0x34, 0xF8, 0x33, 0xE6, 0x0D, 0x2F, 0x6B, 0x83, 0x9E, 0x2A, 0xC3, 0x0F, 0x7A, 0xF9, 0xB8,
    0x56, 0x74, 0x87, 0x67, 0x25, 0xD9, 0xA3, 0x10, 0xC9, 0x82, 0x90, 0xCB, 0x97, 0x14, 0xDF, 0x11,
    0x42, 0x11, 0x79, 0xB5, 0x61, 0xC6, 0x3A, 0xE8, 0x9B, 0x06, 0xF8, 0x20, 0x9F, 0xE1, 0x0D, 0x3D,
    0x92, 0xAB, 0xB3, 0x5D, 0xC3, 0xE0, 0x9C, 0xA9, 0x5A, 0x4C, 0x5B, 0x17, 0xB1, 0xD6, 0x3D, 0x67,
    0x33, 0x58, 0x0D, 0x02, 0x4F, 0x38, 0x79, 0x6F, 0x21, 0x77, 0x27, 0xC4, 0xDC, 0x1B, 0x8F, 0x69,
    0x7B, 0xC7, 0x23, 0x7D, 0x8C, 0x72, 0xE4, 0x79, 0x64, 0xC2, 0xB1, 0x4F, 0x49, 0x77, 0x62, 0x5F,
    0x7F, 0x2E, 0x2A, 0x50, 0xEF, 0x35, 0x21, 0x8C, 0x3D, 0xB8, 0x10, 0x33, 0xC4, 0xFF, 0x00, 0x4D,
    0x85, 0x38, 0x44, 0x54, 0xE5, 0xFB, 0x82, 0x4F, 0xD8, 0x15, 0xD6, 0x5B, 0x90, 0x56, 0xCE, 0x07,
    0xEC, 0xAA, 0xB5, 0x91, 0x11, 0x8A, 0x07, 0x81, 0x0D, 0x01, 0x64, 0x84, 0x79, 0xE6, 0xE0, 0x13,
    0xFA, 0x74, 0x2E, 0x96, 0x08, 0xB9, 0x54, 0xE4, 0xD0, 0x24, 0xF0, 0xEA, 0x3C, 0xA9, 0xDC, 0x7C,
    0x82, 0x4D, 0x8E, 0x2B, 0x9B, 0x9C, 0x22, 0xC1, 0x15, 0x92, 0xCB, 0xEB, 0xAC, 0x52, 0x47, 0x4F,
    0xFB, 0x44, 0xA2, 0xD7, 0x47, 0xC9, 0x15, 0x25, 0x9C, 0xC6, 0x49, 0xBB, 0xE8, 0x8A, 0x7C, 0x1D,
    0xE4, 0x98, 0x24, 0x66, 0x13, 0xCB, 0x3A, 0x3C, 0x49, 0x6F, 0xA9, 0x04, 0x87, 0x0E, 0x52, 0x6B,
    0xD6, 0xD5, 0x33, 0x6B, 0xE3, 0x39, 0xBF, 0x51, 0xDF, 0xB3, 0xE1, 0x5F, 0xFF, 0x20, 0x7B, 0xFE,
    0xED, 0x61, 0x18, 0x2F, 0x26, 0xD2, 0x34, 0xD4, 0xBF, 0x01, 0xC5, 0x52, 0xBF, 0xB3, 0xDD, 0xC6,
    0x79, 0xFD, 0x00, 0xF0, 0x09, 0x4E, 0x30, 0x93, 0xD5, 0x64, 0xC4, 0xC6, 0xD4, 0xCC, 0xA6, 0x4A,
    0x97, 0xD9, 0x7F, 0x80, 0xCA, 0x22, 0xA3, 0x42, 0xED, 0x2B, 0xF8, 0x26, 0x85, 0x0B, 0x37, 0xA9,
    0x92, 0xE2, 0xB5, 0x29, 0x24, 0x2E, 0x92, 0x57, 0xA8, 0x50, 0x11, 0x36, 0xA9, 0x5C, 0x58, 0x85,
    0xAA, 0x34, 0x6C, 0x52, 0x8A, 0x5C, 0x28, 0x2C, 0x54, 0xB8, 0x08, 0x68, 0x8F, 0xE2, 0x32, 0x90,
    0x45, 0x9B, 0x93, 0xB8, 0xE0, 0x2A, 0x81, 0x4C, 0xBC, 0x70, 0x81, 0x2F, 0xE7, 0x00, 0xF7, 0x3D,
    0xD2, 0x3F, 0x54, 0xC8, 0x22, 0x9F, 0xEF, 0xDC, 0xFD, 0x2E, 0x2E, 0x76, 0xF7, 0x7C, 0xE7, 0x3B,
    0xE7, 0x88, 0xE9, 0xC5, 0x8F, 0xE2, 0x93, 0xF8, 0x41, 0x5C, 0x27, 0xFB, 0x27, 0x8A, 0xA8, 0xC8,
    0x2A, 0xC5, 0x22, 0xE5, 0x22, 0x55, 0xE6, 0xB7, 0xCE, 0xD2, 0xCC, 0x62, 0xF0, 0x9D, 0xC4, 0x26,
    0x71, 0x89, 0x97, 0x44, 0x66, 0x91, 0x62, 0x12, 0x69, 0xCE, 0x71, 0x4B, 0xFB, 0x4A, 0xB5, 0x6F,
    0x54, 0x3B, 0xBB, 0x94, 0x3C, 0x41, 0x68, 0x09, 0x3D, 0xB6, 0xB8, 0xBA, 0xC3, 0xC2, 0x73, 0x18,
    0xDF, 0x14, 0xAF, 0x59, 0x2C, 0x56, 0xAD, 0xC0, 0x58, 0xDA, 0x4B, 0x28, 0xC1, 0x9B, 0x3B, 0xB8,
    0xAA, 0x78, 0x56, 0x4D, 0x52, 0xEA, 0x0F, 0x46, 0xA9, 0x56, 0xBE, 0xCF, 0x28, 0xCD, 0x56, 0x70,
    0x96, 0x44, 0x04, 0x0D, 0xA7, 0xCB, 0x92, 0xA4, 0x08, 0x5F, 0x1D, 0x0B, 0x47, 0x41, 0xE9, 0x65,
    0xEF, 0x57, 0x60, 0x14, 0xB1, 0xCB, 0xC9, 0x89, 0x38, 0xD5, 0x15, 0xB8, 0xBA, 0xB0, 0xE4, 0x6D,
    0xD2, 0x3F, 0x92, 0xB2, 0x75, 0xA7, 0x3F, 0x1D, 0xF0, 0x22, 0x59, 0x92, 0x3F, 0x8F, 0xAD, 0xE9,
    0x6D, 0x6F, 0x3A, 0xB3, 0x2F, 0x3C, 0xF3, 0x1D, 0xF7, 0x70, 0x66, 0x74, 0xA7, 0xBF, 0x1C, 0x78,
    0x87, 0x77, 0x4D, 0xC2, 0x6C, 0x20, 0xA1, 0x6D, 0x33, 0x97, 0xAB, 0xD4, 0xF3, 0x26, 0x14, 0x5E,
    0x54, 0x19, 0x02, 0x95, 0x0B, 0x18, 0x14, 0x4B, 0x6C, 0x39, 0x05, 0x4E, 0x6F, 0x0D, 0x23, 0x78,
    0x13, 0x8A, 0x54, 0x3A, 0xF9, 0x6E, 0xFC, 0x6F, 0xEC, 0x06, 0x70, 0x0C, 0x3C, 0xB2, 0x95, 0x08,
    0x8A, 0x3B, 0xE5, 0x82, 0x23, 0x43, 0x7E, 0x91, 0xFB, 0xCF, 0x3F, 0x07, 0x83, 0x5E, 0x7C, 0xF3,
    0x1A, 0x90, 0x28, 0x16, 0x26, 0xC0, 0x95, 0x0F, 0x0B, 0xDE, 0x50, 0xE0, 0xC6, 0x89, 0x68, 0x52,
    0xAE, 0xDA, 0xD5, 0xC9, 0xF7, 0x66, 0xC4, 0x54, 0x09, 0xD3, 0xCC, 0xBE, 0xAB, 0xD8, 0x24, 0x66,
    0xCA, 0x82, 0x16, 0xEC, 0xA3, 0xF2, 0x11, 0x7E, 0x23, 0x48, 0x46, 0x40, 0xDD, 0x58, 0x5B, 0x39,
    0x92, 0x63, 0xFF, 0x69, 0xF2, 0x3F, 0x4A, 0xEE, 0x9D, 0x51, 0x0A, 0x12, 0x27, 0xF3, 0x8E, 0xB1,
    0x68, 0x30, 0x22, 0xCC, 0xFD, 0x58, 0x9A, 0xCE, 0x4D, 0x4E, 0x6C, 0xA1, 0xD9, 0x74, 0x6F, 0xD5,
    0xE3, 0x1B, 0x55, 0x7F, 0x13, 0x79, 0x2A, 0x87, 0xBF, 0x37, 0xAD, 0x14, 0xE3, 0xBF, 0x5A, 0x0C,
    0x91, 0x58, 0x25, 0xED, 0xCF, 0xFB, 0xFB, 0xFD, 0xCC, 0x7E, 0xDE, 0x96, 0x9A, 0x9B, 0xCE, 0x74,
    0xA7, 0xC0, 0xA9, 0x10, 0x96, 0x7B, 0x07, 0xFC, 0x5D, 0xA0, 0x43, 0x5F, 0xD8, 0x3C, 0x4F, 0x46,
    0x93, 0x7F, 0x3F, 0x85, 0x6A, 0xBC, 0x57, 0x8D, 0xB9, 0x1E, 0xB2, 0xE9, 0x57, 0xD7, 0x07, 0xED,
    0xDC, 0x3F, 0xB5, 0xF2, 0xBA, 0xB4, 0x72, 0x53, 0x92, 0x68, 0xB5, 0x54, 0x6A, 0xB2, 0xC9, 0x3E,
    0xB9, 0x14, 0xFB, 0xF8, 0x63, 0x6D, 0xF5, 0x6C, 0x95, 0xF0, 0x89, 0x22, 0x13, 0xDA, 0xF2, 0x9D,
    0x81, 0x14, 0xCD, 0xE8, 0xBA, 0x42, 0xAE, 0xC9, 0xF5, 0x93, 0x93, 0x5B, 0x10, 0x7D, 0xBE, 0x58,
    0xE8, 0xF7, 0x5B, 0xEB, 0xFA, 0x49, 0xEB, 0xB5, 0xF3, 0xDA, 0x06, 0x95, 0xAF, 0x95, 0xE1, 0x0C,
    0xC1, 0x10, 0x5B, 0x6D, 0x32, 0x54, 0xC3, 0x7B, 0x90, 0xA1, 0x1A, 0xDE, 0x82, 0x0C, 0xA8, 0x90,
    0xA1, 0x1A, 0x3E, 0x86, 0x0C, 0x15, 0x74, 0x65, 0x1D, 0x20, 0x43, 0xF5, 0x30, 0x41, 0x86, 0x6A,
    0x98, 0x21, 0x43, 0x35, 0xBC, 0x0B, 0x19, 0xAA, 0xC1, 0x43, 0x86, 0xB3, 0xC1, 0x9C, 0x7E, 0xAD,
    0x0C, 0x47, 0x27, 0x27, 0xC7, 0xF8, 0x9B, 0xFC, 0xBE, 0xC6, 0xF2, 0x1C, 0x4C, 0xC0, 0x6C, 0xBC,
    0x5F, 0xA7, 0x5C, 0xF2, 0x7B, 0xBF, 0xC2, 0xC6, 0xE8, 0xB4, 0xAF, 0x61, 0x29, 0x44, 0xFE, 0xCD,
    0xF5, 0xE2, 0xAC, 0xD7, 0xBF, 0xFF, 0xF3, 0x5B, 0xBF, 0xEB, 0xCC, 0x6F, 0x69, 0x72, 0x3A, 0x62,
    0x2E, 0x7C, 0x8B, 0x4F, 0x90, 0x95, 0x2C, 0x65, 0x96, 0x26, 0x89, 0xEF, 0x11, 0xB5, 0x7A, 0x02,
    0xBD, 0xC9, 0x6B, 0x0A, 0x48, 0x9E, 0x76, 0x30, 0xA8, 0xD1, 0xA9, 0xA8, 0x26, 0xA9, 0x53, 0xA5,
    0xC8, 0x58, 0x2B, 0xB6, 0x17, 0x33, 0xDC, 0xB1, 0x03, 0x12, 0xAF, 0xDA, 0x9E, 0xCE, 0x52, 0xFC,
    0x8B, 0xD4, 0x8B, 0x18, 0x5C, 0x1C, 0x24, 0x42, 0x4A, 0xC4, 0x32, 0x49, 0xE8, 0x6D, 0x92, 0xD8,
    0x39, 0xF8, 0xD7, 0xBA, 0x51, 0xE8, 0x55, 0xA1, 0x6C, 0xA1, 0xD8, 0x62, 0x2A, 0xBB, 0x6A, 0x11,
    0x00, 0xE6, 0x42, 0xDB, 0x3A, 0x97, 0x2A, 0x4D, 0xAE, 0x51, 0xF4, 0x74, 0x15, 0xA3, 0x2B, 0xE0,
    0x34, 0x67, 0xB1, 0xCF, 0x3E, 0xCF, 0x82, 0xDB, 0xC0, 0x1C, 0x2E, 0x0B, 0x46, 0x02, 0x04, 0x4A,
    0xEC, 0x98, 0xF1, 0x16, 0xA5, 0x50, 0xB8, 0x84, 0x05, 0x05, 0x73, 0xD0, 0xE9, 0x26, 0xE2, 0x7E,
    0x53, 0x7F, 0x63, 0xF1, 0x1D, 0xF7, 0x3C, 0x96, 0xC5, 0xAA, 0xB1, 0x44, 0xBE, 0xC9, 0x3A, 0x7E,
    0xA3, 0x19, 0x5C, 0xF2, 0xC9, 0x8F, 0xB6, 0x6B, 0x7A, 0x33, 0x36, 0x53, 0x35, 0xBF, 0x33, 0x6B,
    0x82, 0x99, 0x16, 0x73, 0xF5, 0x0D, 0x8D, 0xEB, 0x5C, 0x68, 0xAF, 0x05, 0xA1, 0x10, 0xF0, 0x6B,
    0x91, 0x62, 0x53, 0xB7, 0xCA, 0x0C, 0x7C, 0xA9, 0xAD, 0xD1, 0xDE, 0x7D, 0x30, 0xF8, 0x7A, 0xBC,
    0x5D, 0x8F, 0xF7, 0x9A, 0xE1, 0x9E, 0xE9, 0x6F, 0x3B, 0xDC, 0x92, 0x06, 0x59, 0x40, 0xE0, 0xCB,
    0x74, 0xA3, 0x6F, 0x26, 0x3F, 0xD4, 0xD9, 0xA6, 0x6A, 0x31, 0x53, 0xA9, 0xD8, 0xD0, 0x0A, 0xFA,
    0x40, 0x9E, 0xC5, 0x4E, 0x76, 0x0A, 0x83, 0x1F, 0xB5, 0x8B, 0x67, 0xAB, 0x38, 0x99, 0x11, 0xF7,
    0xD7, 0xA1, 0x48, 0x87, 0x56, 0xC0, 0x46, 0x1F, 0xAB, 0xF0, 0x49, 0xA2, 0xC2, 0x21, 0x79, 0xEB,
    0x3E, 0x77, 0x5E, 0x5F, 0xE4, 0x3E, 0x5A, 0x2F, 0xE0, 0x01, 0x2E, 0x8C, 0x76, 0x99, 0xCD, 0xE0,
    0xFB, 0x6A, 0xF6, 0x9D, 0xF6, 0xD5, 0x14, 0x4B, 0x24, 0xEB, 0xCB, 0x0C, 0xEE, 0x52, 0x4D, 0x36,
    0xB6, 0x62, 0xC6, 0xDB, 0x1E, 0x11, 0xED, 0x33, 0x86, 0x08, 0xD5, 0x84, 0xCB, 0x4B, 0xAD, 0x3C,
    0xD9, 0xA0, 0x36, 0x23, 0x07, 0x72, 0xBD, 0x94, 0xE0, 0x1B, 0x9E, 0xF7, 0x75, 0x97, 0x7D, 0x7B,
    0xB9, 0xB9, 0x8A, 0x6F, 0x39, 0x3A, 0xAE, 0x16, 0x4B, 0xB9, 0xF5, 0xAD, 0xD3, 0xDF, 0xE2, 0x98,
    0xF9, 0xA9, 0x26, 0xF4, 0xFD, 0x40, 0x67, 0xF4, 0xAD, 0xCE, 0x32, 0xFA, 0x4A, 0x35, 0x0B, 0xC3,
    0x35, 0xA1, 0xAF, 0xD8, 0x51, 0x5C, 0x47, 0x5B, 0x83, 0x94, 0x9B, 0x72, 0x78, 0x87, 0x4D, 0xAF,
    0x23, 0x1E, 0xA2, 0x8E, 0xE8, 0xAB, 0xCA, 0x0C, 0x6C, 0x5A, 0x0E, 0x18, 0x12, 0xD9, 0xC4, 0x95,
    0xF2, 0xED, 0x19, 0x57, 0xC0, 0x89, 0x43, 0x22, 0xA7, 0x13, 0x76, 0x3B, 0xDE, 0x85, 0x1B, 0x08,
    0x8A, 0x19, 0xB1, 0x29, 0xCD, 0xB8, 0x54, 0xF9, 0x23, 0xFB, 0x93, 0xD9, 0xE4, 0xA8, 0x1F, 0x24,
    0x3F, 0x9F, 0x9E, 0xDB, 0x3E, 0x4E, 0x90, 0xAF, 0x7C, 0x9A, 0x38, 0xE4, 0xE3, 0x04, 0x32, 0xF6,
    0x83, 0x51, 0x9A, 0xE4, 0x49, 0xA6, 0x0F, 0x9A, 0x31, 0x49, 0xD4, 0x99, 0x4E, 0xBA, 0x9E, 0x93,
    0x40, 0xD0, 0x6D, 0x2C, 0xDD, 0xCC, 0xC4, 0xA2, 0xB4, 0x72, 0xF9, 0x29, 0x3F, 0x12, 0x0E, 0x24,
    0x86, 0xB0, 0x09, 0xC7, 0x7A, 0x24, 0x1A, 0x77, 0x29, 0xD6, 0xB0, 0x07, 0x96, 0x79, 0x8D, 0xFD,
    0xBB, 0x12, 0x14, 0x32, 0x29, 0x13, 0x8F, 0xB3, 0x27, 0xBC, 0x5C, 0x13, 0xA8, 0x5C, 0xF9, 0x48,
    0x58, 0x09, 0x4C, 0xB6, 0xED, 0x0E, 0xD0, 0x98, 0x05, 0x33, 0xB0, 0x18, 0x16, 0x07, 0x68, 0xF1,
    0x4F, 0x50, 0xE2, 0x29, 0x8A, 0xD2, 0x92, 0x05, 0x05, 0xC1, 0x81, 0x2E, 0x13, 0x8A, 0x4D, 0x90,
    0x13, 0x51, 0x1D, 0x25, 0xFC, 0xFC, 0x74, 0x84, 0x70, 0x9A, 0x0A, 0x96, 0x8A, 0xA5, 0x86, 0xB6,
    0xC9, 0xCC, 0x28, 0x36, 0xE1, 0xB8, 0x1F, 0x51, 0x42, 0xBF, 0xA5, 0x50, 0x6A, 0x52, 0x30, 0x7C,
    0x72, 0xD4, 0x3A, 0x92, 0xC6, 0xDF, 0xC8, 0x95, 0xD3, 0xD0, 0x91, 0x1A, 0xC3, 0x99, 0xE6, 0x19,
    0xFE, 0xBA, 0x87, 0x50, 0x3F, 0xD2, 0xE5, 0xAB, 0xA5, 0x51, 0x4D, 0x66, 0x6B, 0x72, 0xB7, 0x65,
    0x17, 0xFA, 0xE2, 0x03, 0x7D, 0x7A, 0x17, 0x89, 0xFD, 0x35, 0x4D, 0x76, 0x36, 0x3B, 0x9D, 0x9D,
    0xCF, 0x4E, 0x68, 0x67, 0xB4, 0x51, 0xDA, 0x39, 0xED, 0xA4, 0x76, 0x56, 0x3B, 0xAD, 0x9D, 0xD7,
    0x4E, 0x6C, 0x63, 0x26, 0x1B, 0x35, 0xD9, 0xB8, 0xC9, 0x46, 0x4E, 0x36, 0x76, 0xB2, 0xD1, 0x93,
    0x8D, 0x9F, 0x5C, 0xE8, 0x54, 0xB4, 0xC7, 0x40, 0xFB, 0x1C, 0xF2, 0x98, 0xFF, 0x41, 0x69, 0x1E,
    0xCE, 0xF2, 0xC2, 0xE7, 0xEA, 0xFC, 0x0A, 0x80, 0x2F, 0x68, 0x5A, 0xF5, 0x39, 0x4C, 0xAB, 0x86,
    0x74, 0x78, 0xDA, 0xDE, 0x6D, 0xBB, 0x57, 0x4C, 0xC8, 0xE3, 0xC0, 0x66, 0xC0, 0xE1, 0x17, 0x3F,
    0xEC, 0x58, 0xAD, 0xF1, 0xB3, 0x13, 0xC6, 0x3C, 0x47, 0xBE, 0xC5, 0x85, 0xB8, 0x71, 0x73, 0x49,
    0x99, 0x74, 0x09, 0xC3, 0xFE, 0xAB, 0xFF, 0xA0, 0xFF, 0x7C, 0x8B, 0x11, 0x2C, 0x55, 0x19, 0x84,
    0x15, 0xBF, 0xF0, 0xDC, 0xE4, 0x8A, 0xAE, 0x88, 0x3D, 0xFF, 0xEB, 0x2C, 0x7B, 0x97, 0xED, 0x37,
    0xEE, 0xBF, 0xA4, 0xC6, 0xE6, 0xD5, 0x4A, 0x8F, 0x30, 0x29, 0x08, 0x9E, 0x9F, 0xB4, 0xFC, 0x63,
    0x49, 0xC3, 0x27, 0xC6, 0xA8, 0xA7, 0x7B, 0x7E, 0xA7, 0x15, 0x56, 0xEA, 0x01, 0x91, 0x3C, 0x8B,
    0x9E, 0x9F, 0xF6, 0xA5, 0x76, 0x45, 0x5B, 0xAF, 0xE4, 0x46, 0x48, 0x3B, 0x6D, 0xEC, 0xD8, 0x8B,
    0x4A, 0xFA, 0xE1, 0xA2, 0x84, 0xCB, 0xB2, 0xBF, 0xE3, 0x11, 0x37, 0xCB, 0x9F, 0xA1, 0xD3, 0xDD,
    0x44, 0xCC, 0x04, 0xF6, 0xE4, 0xEA, 0x56, 0x4C, 0x54, 0x0F, 0xDB, 0xB0, 0xDB, 0xE4, 0x24, 0xCA,
    0xF2, 0xA7, 0x2C, 0x61, 0xBE, 0x80, 0x29, 0x74, 0x1B, 0x9C, 0xE3, 0x7B, 0x52, 0xB3, 0x2C, 0xF5,
    0x78, 0x70, 0xCE, 0x53, 0x3E, 0x94, 0x56, 0x02, 0xCB, 0xA6, 0xE2, 0x96, 0xF6, 0xED, 0x82, 0x5E,
    0xDC, 0x2F, 0xF5, 0xE4, 0x16, 0xA3, 0x3B, 0xC9, 0x26, 0x54, 0x7D, 0xC8, 0xF0, 0x26, 0x85, 0x30,
    0xC7, 0x07, 0x16, 0x76, 0xA3, 0xFB, 0x15, 0xB4, 0xD9, 0x04, 0xF1, 0x87, 0xB2, 0x79, 0xB1, 0xFB,
    0xC4, 0x3B, 0x3C, 0x6E, 0xC9, 0xED, 0xBB, 0x72, 0xE5, 0x34, 0x3C, 0x0F, 0x45, 0x1C, 0x2F, 0x57,
    0x7A, 0x34, 0x85, 0x16, 0x8A, 0x6C, 0x9A, 0x5C, 0x29, 0x8D, 0xE3, 0x23, 0x88, 0x91, 0xD1, 0xBC,
    0xCA, 0xB1, 0x95, 0x72, 0xBA, 0x2D, 0x2F, 0x7C, 0xAE, 0x8C, 0x06, 0xCF, 0xF0, 0x46, 0xC5, 0x0B,
    0xB4, 0xC6, 0xEF, 0x04, 0x22, 0x43, 0xAB, 0x03, 0x7E, 0x7B, 0xB1, 0xCB, 0x0E, 0x63, 0xD2, 0x8E,
    0xC4, 0xD0, 0x32, 0xB3, 0x8C, 0x27, 0x03, 0x85, 0xD0, 0x4B, 0xEC, 0x76, 0x6E, 0x58, 0x64, 0x56,
    0x62, 0xD5, 0x78, 0xF6, 0x80, 0x89, 0xDB, 0x1A, 0x0E, 0xB9, 0xE7, 0xE5, 0xD0, 0x49, 0x01, 0xCC,
    0xE2, 0xC3, 0x57, 0xD7, 0xAB, 0x04, 0x56, 0x8D, 0x07, 0xFB, 0x24, 0x49, 0x38, 0x9B, 0x8A, 0xA5,
    0xC8, 0xAF, 0xAC, 0xD7, 0x91, 0x1C, 0x8B, 0x7B, 0x30, 0x89, 0xFF, 0x74, 0x12, 0xFB, 0x76, 0xBA,
    0x34, 0xF1, 0x55, 0xF4, 0xF2, 0xFA, 0x68, 0x4B, 0x87, 0x30, 0x18, 0xBD, 0xC4, 0xFF, 0x80, 0xE3,
    0xDA, 0xF9, 0x09, 0x97, 0x60, 0xA5, 0xC2, 0x4F, 0x5C, 0x6D, 0x72, 0xC9, 0xE2, 0x35, 0xB3, 0xCC,
    0x66, 0x0E, 0x3A, 0x99, 0xF9, 0xC6, 0x72, 0x6C, 0x27, 0x04, 0xC3, 0x25, 0x9C, 0xF4, 0x23, 0xD8,
    0x68, 0x6F, 0x13, 0x3A, 0xB8, 0xAF, 0xE2, 0xCA, 0x60, 0xCC, 0x04, 0x1E, 0x50, 0x98, 0x1B, 0x24,
    0xB2, 0x61, 0x3E, 0xF4, 0x2E, 0x18, 0x39, 0x36, 0x14, 0x1F, 0x30, 0x84, 0xDC, 0xAC, 0xA7, 0xCB,
    0x94, 0x4E, 0x9C, 0xC7, 0xCF, 0xAC, 0x21, 0x8B, 0x05, 0xC7, 0x85, 0x55, 0x01, 0x37, 0x60, 0x74,
    0x4E, 0xB6, 0x6A, 0xEB, 0xFB, 0x62, 0x09, 0x5D, 0xE8, 0xCA, 0xEC, 0xFB, 0xD8, 0x56, 0xD9, 0x0F,
    0x8A, 0xEA, 0x46, 0x95, 0x7A, 0x36, 0x09, 0x75, 0x32, 0x5F, 0xAE, 0xD2, 0x4C, 0xCD, 0xF9, 0x02,
    0xA4, 0x7A, 0xCD, 0xA8, 0x95, 0x12, 0xAF, 0x44, 0x75, 0x43, 0x01, 0x42, 0xAE, 0x17, 0xA4, 0x1C,
    0x78, 0x31, 0xB1, 0x06, 0xAA, 0x4C, 0xED, 0xC4, 0x8D, 0xB2, 0xAB, 0x2A, 0x15, 0x79, 0x1D, 0x6C,
    0xA6, 0xFA, 0xE7, 0x22, 0x0D, 0x33, 0x8E, 0xA1, 0x40, 0xE9, 0x3C, 0x4E, 0x95, 0x76, 0x26, 0xD7,
    0xE8, 0x94, 0x11, 0xC4, 0x6A, 0xB1, 0x13, 0x0A, 0x7C, 0xA8, 0x16, 0x18, 0x81, 0x32, 0x48, 0x0D,
    0x6A, 0xD8, 0x0D, 0x03, 0x92, 0xCA, 0x32, 0xE3, 0xAF, 0x4B, 0xD8, 0x0D, 0xA3, 0x9B, 0x0A, 0xA8,
    0xB5, 0x9E, 0x6A, 0x0B, 0xCC, 0x05, 0xDE, 0x28, 0x4D, 0x5C, 0xDB, 0x4D, 0x06, 0x76, 0x8F, 0x30,
    0xB0, 0x58, 0x49, 0x83, 0xEA, 0xBD, 0x76, 0xE7, 0xCA, 0x69, 0x34, 0xB4, 0xC8, 0x32, 0x3F, 0x01,
    0x5C, 0x8A, 0xD5, 0x8C, 0x10, 0xB6, 0x4E, 0x57, 0x4D, 0xC3, 0xFD, 0x17, 0x1C, 0x60, 0x96, 0x0A,
    0xBE, 0xAC, 0x7E, 0xC5, 0x50, 0x3F, 0xFF, 0x5C, 0x19, 0x8D, 0xEB, 0x05, 0x85, 0x80, 0x06, 0x12,
    0x59, 0x6E, 0x37, 0xFD, 0x1F, 0x80, 0xC6, 0x35, 0xB4, 0xFA, 0x0B, 0x31, 0x12, 0x5B, 0xDF, 0xFB,
    0x87, 0x2A, 0xE6, 0x19, 0xB0, 0xB9, 0xA9, 0x30, 0x48, 0x81, 0x89, 0x48, 0xDB, 0xA7, 0x8B, 0x84,
    0x5E, 0xDB, 0x20, 0xBE, 0x7B, 0x53, 0xFE, 0xE4, 0x92, 0xE2, 0xEB, 0x64, 0xF9, 0x1E, 0x59, 0x66,
    0xB2, 0x9C, 0xC8, 0x72, 0x2E, 0xB5, 0x75, 0xB9, 0x5E, 0x24, 0x66, 0x33, 0x17, 0xBA, 0xD8, 0x54,
    0x3D, 0x05, 0x4B, 0xF3, 0x05, 0x58, 0xBA, 0x33, 0xB0, 0x8C, 0x55, 0xF6, 0x9F, 0x64, 0x50, 0x7D,
    0x30, 0x35, 0xD9, 0xFF, 0xFB, 0x68, 0x26, 0xAF, 0x9D, 0x4D, 0x5E, 0x05, 0x07, 0xF2, 0x05, 0x4B,
    0x43, 0x96, 0x9E, 0x2C, 0x83, 0x43, 0x62, 0xBF, 0xB3, 0x37, 0x54, 0x2A, 0xE4, 0x59, 0xDC, 0x80,
    0x62, 0x98, 0x9C, 0xEA, 0x22, 0x3E, 0xDA, 0x56, 0x4B, 0xA1, 0x10, 0xA1, 0x54, 0x88, 0x50, 0x41,
    0xA7, 0xB9, 0x5A, 0xC4, 0x4C, 0x2C, 0xA9, 0xCE, 0x62, 0x53, 0x93, 0x21, 0x87, 0x99, 0xD1, 0xC8,
    0x4C, 0xE2, 0x07, 0x9B, 0x80, 0x85, 0x12, 0x7A, 0xA8, 0x18, 0x7B, 0xE8, 0xA4, 0x1D, 0x14, 0xD3,
    0xD6, 0x0F, 0x80, 0xF0, 0x09, 0x52, 0xBB, 0xF5, 0x34, 0x8B, 0xE1, 0x68, 0x95, 0xB2, 0x79, 0x38,
    0xDF, 0xBD, 0x41, 0xF7, 0x82, 0x31, 0xAE, 0xF2, 0x05, 0x8D, 0x3F, 0x6E, 0xAF, 0x9C, 0x86, 0x59,
    0xA8, 0xC6, 0xCA, 0x9E, 0xB1, 0x05, 0x15, 0xD7, 0x8B, 0x19, 0xCD, 0x70, 0xD5, 0x34, 0xDE, 0x38,
    0x42, 0x59, 0xD1, 0xBC, 0x58, 0x69, 0x4D, 0xB6, 0xED, 0x0B, 0x29, 0xBE, 0x3A, 0x1A, 0x6E, 0xA2,
    0x1A, 0xC3, 0xD6, 0x53, 0xA4, 0xA4, 0x31, 0xE5, 0x9D, 0x03, 0x0B, 0xF0, 0xD2, 0x7E, 0x03, 0x70,
    0x23, 0xA2, 0x69, 0x93, 0x01, 0x40, 0x42, 0x03, 0x84, 0x6F, 0x90, 0x66, 0xD2, 0x4E, 0xEA, 0x73,
    0x85, 0x9D, 0x08, 0x1D, 0xCA, 0x8C, 0xAB, 0x48, 0x1E, 0x2C, 0xDE, 0xE0, 0x3A, 0x16, 0xE1, 0x5F,
    0x62, 0x6E, 0x85, 0xA2, 0x57, 0x94, 0x7F, 0x0B, 0x40, 0xCD, 0xD2, 0xCC, 0x72, 0x41, 0x60, 0x2B,
    0x81, 0x31, 0x8D, 0x9F, 0xF1, 0x2E, 0x98, 0x0A, 0xF3, 0x8C, 0xA2, 0x40, 0x29, 0xB5, 0x05, 0x8A,
    0x76, 0x50, 0x03, 0x65, 0x41, 0x01, 0x80, 0xB6, 0x75, 0xAE, 0xA0, 0xD1, 0x72, 0xBA, 0x72, 0xB6,
    0x6D, 0xC0, 0x51, 0xAC, 0x62, 0x36, 0xC7, 0x7C, 0xB9, 0xF1, 0xD7, 0xD0, 0x89, 0xCD, 0xB1, 0xEB,
    0x4D, 0x01, 0xA7, 0xA4, 0xEB, 0xCF, 0x23, 0x1A, 0xC5, 0x1E, 0x62, 0x02, 0xD3, 0xB0, 0x29, 0xEF,
    0x82, 0x76, 0x1C, 0xC1, 0xBB, 0x81, 0x2E, 0xD5, 0x6A, 0x33, 0x99, 0x43, 0x56, 0x50, 0xF7, 0x89,
    0xDC, 0x1D, 0xDE, 0x34, 0xD9, 0x60, 0x2E, 0x33, 0x97, 0x40, 0xC3, 0x45, 0xE4, 0x9B, 0x3E, 0x8C,
    0x87, 0xEA, 0xBE, 0xF8, 0x05, 0x94, 0xF0, 0x3F, 0x61, 0x2F, 0x56, 0x0C, 0xF7, 0x49, 0x7C, 0xC4,
    0x56, 0x72, 0xA1, 0xCF, 0x26, 0xBA, 0x7C, 0x4F, 0x37, 0x62, 0xEB, 0x56, 0x37, 0x3D, 0xE2, 0x4E,
    0x96, 0x64, 0x28, 0xD0, 0x26, 0x17, 0x75, 0x0B, 0xFB, 0x0C, 0x6E, 0x84, 0x10, 0x79, 0x85, 0x8F,
    0x8B, 0xD1, 0x90, 0xED, 0x6C, 0x40, 0xAA, 0x99, 0xFD, 0xD0, 0x4C, 0xA1, 0x37, 0x13, 0x66, 0x49,
    0x11, 0x69, 0x60, 0x0E, 0x62, 0x1F, 0x87, 0xF0, 0x14, 0x36, 0x82, 0x85, 0xD3, 0xD0, 0xD7, 0xB3,
    0x47, 0x63, 0x18, 0xB9, 0xE9, 0x43, 0xB5, 0xD1, 0xB6, 0xF8, 0xE8, 0xE5, 0xE0, 0x52, 0x87, 0x1A,
    0x33, 0xDB, 0x27, 0x48, 0xE2, 0xD9, 0x0C, 0xCA, 0xF9, 0xA5, 0xE0, 0x36, 0x93, 0xA3, 0x5B, 0x60,
    0x1A, 0x60, 0xB1, 0xDC, 0xA7, 0x61, 0xC7, 0x45, 0x2B, 0xCF, 0x59, 0x13, 0x9E, 0xB9, 0x5E, 0x84,
    0x0D, 0x84, 0x1D, 0x84, 0x2D, 0x84, 0x3D, 0x84, 0x4D, 0xE8, 0x70, 0x12, 0xB6, 0x11, 0xF6, 0x11,
    0x36, 0x12, 0x76, 0x12, 0xB6, 0x12, 0xF6, 0x92, 0x83, 0x38, 0xFF, 0x38, 0x89, 0x7B, 0x30, 0x63,
    0x4D, 0x72, 0x54, 0x1C, 0x8B, 0xC8, 0xCB, 0x51, 0xA7, 0x58, 0x19, 0xBC, 0x5E, 0x9A, 0xB3, 0x61,
    0x5B, 0x7C, 0x2E, 0x56, 0x79, 0x69, 0xF8, 0x6E, 0xCC, 0x71, 0x28, 0x74, 0x56, 0x9D, 0x81, 0x41,
    0x94, 0x35, 0xE8, 0x2F, 0x57, 0x3B, 0x99, 0xB5, 0x58, 0xFD, 0x68, 0x72, 0xB9, 0xFA, 0xC1, 0x4C,
    0x37, 0x32, 0xD0, 0x54, 0x89, 0xA7, 0x3A, 0xC4, 0xCE, 0xEA, 0x23, 0x89, 0x1D, 0x43, 0x0D, 0x54,
    0x66, 0xE2, 0xA9, 0xAE, 0xDF, 0x1B, 0x3C, 0x11, 0x06, 0x60, 0xA3, 0x02, 0xDD, 0x81, 0xE7, 0x8D,
    0xB5, 0x15, 0xF4, 0x03, 0x36, 0x6E, 0xFE, 0x5D, 0x6B, 0x11, 0x4C, 0xDE, 0x0A, 0xC3, 0x9E, 0x23,
    0xC6, 0x3A, 0x76, 0x87, 0xDF, 0xFE, 0x9A, 0x84, 0xAF, 0x3E, 0x86, 0xB4, 0x19, 0x86, 0x64, 0x29,
    0x74, 0x14, 0xC1, 0xF9, 0x92, 0xE3, 0x46, 0x2C, 0xDF, 0xCA, 0x35, 0xFC, 0xDA, 0x75, 0x0F, 0xF9,
    0xD7, 0x26, 0xBD, 0xC1, 0x81, 0xA8, 0x03, 0x7A, 0xA6, 0x46, 0xEF, 0x4E, 0x76, 0x86, 0x1E, 0xA3,
    0x99, 0xFC, 0x10, 0x12, 0x98, 0x8D, 0x51, 0xB5, 0x8B, 0x7A, 0x2E, 0xF1, 0xB3, 0xBD, 0x6F, 0x38,
    0xBF, 0x4B, 0x3B, 0xD1, 0x53, 0xD1, 0xF3, 0x11, 0x81, 0xC9, 0x72, 0xDC, 0x98, 0x15, 0xC0, 0x2D,
    0x3F, 0x7C, 0x39, 0xB8, 0xA5, 0x22, 0x95, 0x8C, 0xCD, 0x93, 0x51, 0xC2, 0x3B, 0x53, 0x91, 0x8B,
    0xFC, 0x52, 0x70, 0xED, 0x59, 0x12, 0xFF, 0xE9, 0x24, 0xFE, 0xFD, 0x84, 0xEC, 0xB5, 0x97, 0xD9,
    0xF8, 0x96, 0xB8, 0x75, 0x96, 0x0A, 0xD3, 0xEB, 0xA6, 0xAB, 0xED, 0x88, 0xC8, 0x0D, 0x8C, 0x21,
    0xD5, 0xCA, 0x2D, 0x1C, 0xC0, 0x17, 0x0E, 0xC0, 0x08, 0x7C, 0x6D, 0x12, 0x87, 0xEF, 0x28, 0x7E,
    0x10, 0xDF, 0x6F, 0xF6, 0xE2, 0x1C, 0xB4, 0x74, 0x83, 0x84, 0x56, 0x6E, 0xC9, 0xEF, 0x83, 0x10,
    0xC7, 0x12, 0xEC, 0x9F, 0xCD, 0xEE, 0xE1, 0x12, 0x76, 0x7F, 0xBF, 0x21, 0x42, 0x3D, 0x66, 0xF3,
    0xE5, 0x62, 0x3E, 0xCF, 0x45, 0x7B, 0x7C, 0xD0, 0xE5, 0x9B, 0x72, 0xE0, 0xA7, 0x1A, 0xDF, 0x85,
    0x77, 0x38, 0xAD, 0x13, 0xAE, 0xF6, 0x62, 0x11, 0x4E, 0xF7, 0xC3, 0x24, 0xDF, 0x69, 0x26, 0x39,
    0x7A, 0x7B, 0x2E, 0xF4, 0x7F, 0xE7, 0x46, 0x35, 0x5B, 0x2C, 0x3F, 0xB9, 0x1C, 0x06, 0x33, 0xC7,
    0xDE, 0xCC, 0xDA, 0x99, 0x49, 0x5B, 0x9B, 0xB4, 0xF5, 0x49, 0xBB, 0x30, 0xC4, 0x5F, 0x68, 0x4F,
    0x8D, 0x2D, 0xF2, 0x5D, 0xEA, 0x1D, 0x91, 0x62, 0xAD, 0x07, 0x80, 0x02, 0x11, 0xB2, 0x77, 0x62,
    0x7F, 0x00, 0xB9, 0x8F, 0x0E, 0x5A, 0x89, 0x64, 0x3B, 0x49, 0x91, 0xE3, 0x22, 0xE5, 0x82, 0x4B,
    0x95, 0x3E, 0x66, 0xF9, 0x2B, 0x95, 0x7A, 0xC5, 0x10, 0x75, 0xC6, 0x18, 0x4D, 0x2E, 0xA1, 0xF1,
    0x44, 0xA1, 0x13, 0x86, 0xB1, 0xA9, 0xCA, 0xE0, 0x8F, 0x81, 0xDC, 0x88, 0x91, 0xFC, 0x80, 0x89,
    0x7C, 0x6F, 0x12, 0xE6, 0xC0, 0x60, 0x1C, 0x8E, 0x33, 0x0A, 0x0E, 0xC9, 0x16, 0xBE, 0xDB, 0x7B,
    0x9F, 0x1B, 0xF4, 0x59, 0x7B, 0x26, 0xC5, 0xAC, 0x61, 0x72, 0x93, 0x41, 0x52, 0x9A, 0x39, 0xF4,
    0x4D, 0xC6, 0x9A, 0x63, 0x67, 0xB8, 0xA6, 0xD8, 0xD9, 0x14, 0x7B, 0x3F, 0x86, 0x5F, 0x6D, 0x53,
    0xB4, 0x06, 0x82, 0x14, 0x3A, 0x00, 0x00, 0x2E, 0x8B, 0x1F, 0x61, 0x57, 0x27, 0x05, 0xB0, 0xCA,
    0x0F, 0x5F, 0x0E, 0x6E, 0x05, 0x49, 0x1A, 0x68, 0xE3, 0x9E, 0x8C, 0x12, 0xDF, 0x99, 0x8A, 0xBC,
    0x91, 0xFE, 0xF6, 0xB8, 0xCD, 0xA3, 0xBF, 0x44, 0xD4, 0x17, 0x89, 0xB0, 0x61, 0x89, 0x93, 0x1C,
    0x1F, 0xB5, 0x2F, 0x05, 0xD7, 0xBE, 0x9D, 0xC4, 0xFF, 0x08, 0x92, 0xBF, 0x9F, 0xE4, 0xA8, 0x68,
    0xE5, 0xE2, 0xF3, 0xAD, 0xF9, 0x22, 0x85, 0x76, 0xDC, 0x57, 0xB3, 0x27, 0x32, 0xA8, 0xCE, 0x17,
    0xEB, 0xFA, 0xC9, 0xC9, 0x9E, 0x98, 0xDF, 0x71, 0x4E, 0xE4, 0x35, 0x7D, 0x0F, 0xE6, 0xE8, 0x4A,
    0x0A, 0x19, 0x92, 0xFE, 0x70, 0x41, 0x6A, 0x0C, 0x53, 0xE3, 0x57, 0x24, 0x22, 0xAA, 0xB8, 0x9F,
    0xFD, 0xDF, 0x2A, 0xEE, 0xF1, 0xCF, 0x50, 0xF4, 0xC1, 0x82, 0xC2, 0xFC, 0x64, 0x78, 0x6A, 0x96,
    0x98, 0x18, 0xCC, 0x01, 0xEF, 0xB4, 0x15, 0x7F, 0x8A, 0xEC, 0xBC, 0x79, 0x39, 0xD5, 0xE6, 0x3A,
    0x62, 0x88, 0x52, 0x6E, 0xBE, 0xAC, 0x2C, 0xFE, 0xB0, 0xB9, 0xC7, 0x73, 0x46, 0x31, 0xD3, 0x9E,
    0xD1, 0x85, 0x19, 0xCD, 0x68, 0xB9, 0xC7, 0x33, 0x33, 0x9E, 0x33, 0xE3, 0xC9, 0x8C, 0x5A, 0x66,
    0xD4, 0xB3, 0xC4, 0x51, 0xC2, 0x63, 0xB4, 0xF4, 0xFA, 0x9F, 0xEC, 0xFB, 0xFD, 0x1E, 0x28, 0x96,
    0xC3, 0x18, 0x36, 0x71, 0x89, 0xC3, 0x77, 0x17, 0xDD, 0x8E, 0x5F, 0x55, 0xB7, 0x02, 0xB1, 0x93,
    0x5A, 0x29, 0xE6, 0x33, 0xB4, 0xF4, 0x67, 0x98, 0x75, 0x91, 0xFC, 0x8A, 0xBA, 0x99, 0x7F, 0x83,
    0xB2, 0xEE, 0xC1, 0xCC, 0x82, 0xA7, 0xA3, 0xCB, 0xB9, 0x5E, 0x8D, 0x92, 0x12, 0x10, 0x2A, 0x81,
    0xA3, 0x52, 0x71, 0xA2, 0x86, 0x9A, 0x1E, 0x5D, 0xC4, 0x35, 0x74, 0xF5, 0x22, 0x8C, 0xE6, 0x05,
    0x20, 0x24, 0xF7, 0xBD, 0x07, 0x42, 0x1F, 0x3B, 0x71, 0x83, 0x42, 0x92, 0x1F, 0x43, 0x7C, 0xFB,
    0x05, 0xEE, 0x9A, 0xC7, 0xE0, 0x6C, 0x9E, 0x00, 0xC0, 0x50, 0xAB, 0x86, 0xAA, 0x35, 0x04, 0xAE,
    0x95, 0xCC, 0x97, 0x8B, 0x80, 0x00, 0x08, 0x22, 0xE2, 0xD8, 0x9F, 0xF3, 0x84, 0xE7, 0x09, 0xCF,
    0x4D, 0x3F, 0xCA, 0xC5, 0xAE, 0x21, 0x0B, 0x9B, 0x2E, 0x3C, 0x76, 0xDC, 0xF1, 0xE4, 0xE9, 0x3F,
    0x9D, 0xB7, 0xBC, 0x8B, 0x44, 0xD5, 0x4E, 0x74, 0x04, 0x84, 0x76, 0x01, 0x05, 0x34, 0x8B, 0x15,
    0xA5, 0x5C, 0x24, 0xF6, 0x18, 0x65, 0x2B, 0xDA, 0xD5, 0xB9, 0xD4, 0xB6, 0x59, 0x2A, 0xA8, 0xA6,
    0x77, 0x17, 0x06, 0x18, 0x51, 0x7E, 0x0A, 0x7E, 0xF6, 0xCB, 0xB5, 0x3D, 0x00, 0x3F, 0x47, 0xA7,
    0x20, 0x81, 0x25, 0x76, 0x07, 0x51, 0xF0, 0xB9, 0x67, 0xF0, 0x67, 0x75, 0x78, 0xBD, 0xB0, 0xBC,
    0x71, 0xF4, 0x82, 0x1F, 0x7F, 0x00, 0x85, 0xFE, 0x1F, 0xCD, 0x57, 0x31, 0xB3, 0xDD, 0xC6, 0x75,
    0x3E, 0xB8, 0xB0, 0x89, 0x19, 0xA1, 0xD8, 0x14, 0x51, 0x32, 0x63, 0x15, 0xE8, 0x5C, 0xA4, 0x30,
    0x7E, 0x41, 0xBC, 0x70, 0x54, 0xB8, 0x34, 0x8B, 0xF7, 0x9C, 0x99, 0xA8, 0xB0, 0xDB, 0x8C, 0x8A,
    0xF7, 0x07, 0x3C, 0x5A, 0x64, 0x5C, 0xBA, 0x10, 0xAB, 0x14, 0x56, 0x61, 0x17, 0xE9, 0x52, 0xF0,
    0x0F, 0x98, 0x5A, 0x58, 0xF4, 0x8C, 0x8A, 0x14, 0x82, 0x9D, 0x89, 0x9B, 0x14, 0x86, 0xC7, 0x34,
    0xE5, 0x8E, 0x70, 0x02, 0x51, 0xB8, 0x26, 0x80, 0xCD, 0xF7, 0x9D, 0x05, 0xEE, 0xBD, 0x4F, 0xA4,
    0x2C, 0x72, 0xFC, 0xDE, 0x55, 0x2E, 0x89, 0x25, 0x2F, 0x2E, 0x70, 0xF6, 0x7C, 0xE7, 0x9C, 0xFD,
    0xCE, 0x77, 0x44, 0x4C, 0x98, 0x64, 0x5B, 0x46, 0x89, 0x9F, 0x34, 0xD4, 0x22, 0x39, 0x17, 0xC3,
    0xA5, 0x0C, 0x8D, 0x88, 0x7D, 0x82, 0xC5, 0x5F, 0x61, 0x09, 0x65, 0x23, 0xBB, 0x19, 0x4B, 0x36,
    0x15, 0xAD, 0x98, 0x01, 0x4B, 0xD1, 0x17, 0x9D, 0xD8, 0x0E, 0x8B, 0xFB, 0xFD, 0x55, 0x27, 0x21,
    0x84, 0x3E, 0xE1, 0x92, 0x72, 0xC9, 0x26, 0x31, 0xBD, 0x19, 0xB1, 0x14, 0x3D, 0x1E, 0xB7, 0x1D,
    0x16, 0xD7, 0x48, 0x3E, 0x4A, 0x11, 0x06, 0x18, 0xEF, 0xF5, 0xDA, 0x3E, 0x65, 0x17, 0x24, 0x4C,
    0x0B, 0xDE, 0x9C, 0x4D, 0x70, 0x53, 0x31, 0x9A, 0xC9, 0xF6, 0xF9, 0x68, 0xDB, 0x1C, 0x2F, 0x99,
    0xC1, 0x37, 0xA6, 0xF7, 0x4D, 0x81, 0xCB, 0x76, 0xBE, 0xF1, 0xAD, 0xFB, 0x34, 0x34, 0x36, 0x84,
    0xA6, 0x0C, 0xAE, 0xC9, 0x46, 0x0B, 0x6F, 0x0B, 0xF9, 0x26, 0x96, 0xFA, 0xC1, 0x8A, 0x2A, 0xA3,
    0xED, 0xC4, 0x57, 0x67, 0x86, 0x66, 0xE5, 0x67, 0x62, 0xB1, 0x3F, 0x21, 0xE6, 0xA1, 0x15, 0xB9,
    0xB8, 0x21, 0x78, 0xE7, 0x02, 0xC0, 0x18, 0x62, 0x79, 0x1F, 0x57, 0xC2, 0x6F, 0xBB, 0x81, 0xD1,
    0x5B, 0x70, 0x2F, 0xE1, 0x96, 0xE2, 0xEB, 0xBF, 0x1C, 0x0B, 0x72, 0x94, 0xC2, 0x6C, 0x8E, 0xF0,
    0x18, 0xD8, 0x34, 0x7B, 0xFC, 0x7F, 0xC6, 0x56, 0x33, 0x23, 0xE5, 0x70, 0x57, 0x02, 0xF2, 0x96,
    0xF2, 0x6B, 0xCE, 0x0A, 0x79, 0x6D, 0xCB, 0xA2, 0xB8, 0x85, 0x41, 0x08, 0x00, 0xC6, 0x25, 0xEC,
    0xAF, 0x9A, 0x5D, 0xA8, 0x93, 0x2A, 0xC3, 0x6D, 0x31, 0x13, 0x9D, 0xA7, 0xBB, 0x25, 0x5F, 0x02,
    0x26, 0x2C, 0xED, 0xB6, 0xB8, 0xC3, 0x12, 0xEF, 0xF1, 0xD7, 0x72, 0x90, 0xBF, 0x42, 0xA6, 0x7E,
    0xDC, 0xD3, 0x66, 0x2F, 0x3B, 0x2E, 0x52, 0x2E, 0xDC, 0xCD, 0xE2, 0x7F, 0xBE, 0x91, 0x04, 0x86,
    0x53, 0x84, 0xE1, 0xCE, 0xBD, 0xB8, 0xFF, 0x1B, 0xF8, 0x11, 0x50, 0x00, 0xBD, 0x31, 0xE1, 0xED,
    0xAA, 0x18, 0xE3, 0x93, 0xB4, 0xEB, 0x1A, 0x7D, 0x83, 0x01, 0x8A, 0xFF, 0x36, 0x5F, 0x11, 0xB7,
    0x8F, 0xD5, 0xC0, 0x8A, 0x4C, 0x02, 0xB7, 0x34, 0x04, 0x65, 0x03, 0x21, 0xA2, 0x36, 0xD3, 0x09,
    0x29, 0x33, 0x9D, 0x69, 0xCF, 0x0C, 0x2F, 0x87, 0x03, 0x05, 0x62, 0xEC, 0x7C, 0x93, 0x2C, 0xA6,
    0xCD, 0x86, 0xAC, 0xBF, 0x19, 0x78, 0x4C, 0x6B, 0xF4, 0xD4, 0xB0, 0x78, 0xB2, 0x4E, 0x4E, 0x3F,
    0xE7, 0x82, 0xB7, 0xC3, 0xDE, 0x19, 0x02, 0x8D, 0x2A, 0x8F, 0x1E, 0xC9, 0xCD, 0x64, 0x2F, 0x1D,
    0x59, 0x0B, 0x33, 0x8E, 0x94, 0x78, 0x3E, 0x68, 0xE9, 0x78, 0x39, 0x9D, 0x19, 0x5E, 0x32, 0xED,
    0x26, 0xF1, 0x38, 0x18, 0x16, 0x8E, 0x96, 0x61, 0xAD, 0xA9, 0x9B, 0xC8, 0xDE, 0x9C, 0xC0, 0x92,
    0xCB, 0x07, 0x32, 0x4B, 0x1B, 0x2B, 0x44, 0xCC, 0xB2, 0xA2, 0xB3, 0xE1, 0x11, 0x17, 0xEC, 0xE7,
    0xB0, 0x81, 0xF8, 0x5F, 0xC3, 0x9F, 0x50, 0xDB, 0x01, 0x67, 0x15, 0xB9, 0x0E, 0x48, 0x78, 0x12,
    0x24, 0x9F, 0x76, 0x5C, 0xD2, 0x85, 0xCB, 0x8C, 0x7B, 0x24, 0x1A, 0x2E, 0xC5, 0x90, 0x4F, 0x80,
    0x8E, 0x27, 0x6D, 0x67, 0xF0, 0x0E, 0xF8, 0x21, 0x0B, 0x55, 0xF9, 0x89, 0x5F, 0x00, 0x01, 0x0D,
    0x08, 0x86, 0x5B, 0x2C, 0xB1, 0x13, 0xD9, 0x87, 0x8C, 0x96, 0xFB, 0x90, 0xDF, 0xFC, 0x8F, 0x18,
    0xAF, 0xF0, 0x1D, 0x72, 0x4F, 0x28, 0x2A, 0xD2, 0x10, 0x83, 0xF3, 0x5B, 0x3D, 0x42, 0x7F, 0xE2,
    0xF1, 0x04, 0x0D, 0xD1, 0x4D, 0x87, 0x77, 0x48, 0x45, 0x04, 0x4D, 0x1E, 0x23, 0x1D, 0x11, 0x38,
    0x76, 0x13, 0x52, 0x12, 0xC1, 0x17, 0xBA, 0x32, 0xBC, 0xBE, 0xD1, 0xB0, 0x3C, 0x55, 0x1A, 0x25,
    0x1E, 0xB8, 0x71, 0x1F, 0x6B, 0xB6, 0x27, 0x41, 0xBD, 0x12, 0x58, 0xC4, 0x90, 0xCB, 0x68, 0x46,
    0x17, 0x06, 0x33, 0xBE, 0x31, 0xDF, 0x7D, 0x25, 0xB0, 0x4C, 0x4D, 0xCC, 0x0F, 0x6F, 0xF0, 0x67,
    0xD0, 0xF4, 0x10, 0x71, 0x7E, 0xF5, 0x5B, 0x00, 0xE8, 0x9F, 0x2E, 0x11, 0x24, 0xEA, 0x00, 0x81,
    0x9C, 0x8A, 0x09, 0x08, 0x69, 0x9B, 0x00, 0x1D, 0x91, 0x29, 0x3C, 0x45, 0xE7, 0xEB, 0xB2, 0x8B,
    0xD8, 0x14, 0x9A, 0x22, 0x2B, 0x08, 0x2C, 0xDB, 0x97, 0xC0, 0xB5, 0x23, 0xA2, 0x34, 0x2E, 0xC7,
    0xBC, 0xA2, 0x9F, 0x60, 0xA9, 0x08, 0xB5, 0x12, 0xFF, 0x5F, 0x97, 0xF0, 0xA2, 0x5E, 0x39, 0x58,
    0x18, 0x66, 0x8D, 0xF8, 0x2E, 0x5C, 0x5E, 0xF0, 0xD5, 0x81, 0x4B, 0x8F, 0xF6, 0xCA, 0x85, 0x69,
    0xCA, 0x0F, 0xA7, 0x9D, 0x91, 0x16, 0x86, 0x58, 0xCA, 0x4F, 0x2E, 0x2B, 0x42, 0x5D, 0x3D, 0xD0,
    0x2D, 0xB4, 0xDB, 0x5B, 0xBD, 0x8E, 0xAC, 0x90, 0x13, 0x5F, 0x68, 0x69, 0x32, 0x0F, 0xF7, 0x87,
    0x62, 0x44, 0x1B, 0x41, 0xC8, 0x6C, 0xEB, 0x7A, 0x78, 0xD3, 0x79, 0xBC, 0xE8, 0xC3, 0x1E, 0x4E,
    0xC5, 0xB2, 0x75, 0xFB, 0xFB, 0x9A, 0x15, 0x83, 0x2B, 0x61, 0x8A, 0xD2, 0x36, 0x6F, 0x24, 0xED,
    0xD1, 0xB2, 0x14, 0x55, 0xC2, 0x52, 0x40, 0x7F, 0x3A, 0x37, 0xB4, 0x77, 0x12, 0xE4, 0x04, 0xEF,
    0x13, 0x9E, 0xB6, 0xE7, 0x8B, 0x9B, 0x81, 0x27, 0x79, 0xB7, 0x31, 0x86, 0x2E, 0x87, 0x46, 0x71,
    0x5E, 0x78, 0x54, 0x03, 0x34, 0xB5, 0xA3, 0xB9, 0x59, 0x6E, 0x2C, 0x7B, 0xE7, 0x03, 0xC0, 0x07,
    0x53, 0x8D, 0x20, 0x4F, 0x5B, 0xA1, 0xCB, 0x1F, 0x36, 0x5A, 0x4E, 0xD5, 0x16, 0xC8, 0xF3, 0x14,
    0xCB, 0xB0, 0x62, 0x79, 0x1C, 0x88, 0xA5, 0x05, 0x96, 0xCA, 0xC3, 0xE7, 0x8D, 0x40, 0xAF, 0x63,
    0x19, 0x63, 0xAB, 0xA3, 0x72, 0xB2, 0xB2, 0x5E, 0x43, 0xBC, 0x28, 0x60, 0xB2, 0x1E, 0x6B, 0x3A,
    0x5A, 0xEA, 0x09, 0xE5, 0x2D, 0xA5, 0xB7, 0xFE, 0xDC, 0x69, 0x74, 0xE2, 0xB1, 0xDB, 0x0F, 0xC9,
    0x93, 0x4F, 0x7A, 0xB6, 0x2A, 0xF2, 0x5D, 0x38, 0x4D, 0x26, 0x23, 0x10, 0xCD, 0x33, 0x06, 0xC2,
    0x84, 0x46, 0x0A, 0x63, 0x4A, 0xE9, 0x1E, 0xC8, 0x85, 0xA6, 0x98, 0x55, 0x4D, 0xAB, 0xC6, 0x42,
    0x83, 0x11, 0xD9, 0xD2, 0xC4, 0x53, 0xC8, 0xD2, 0x8D, 0xA6, 0xB5, 0x87, 0x38, 0xEA, 0xD4, 0xC5,
    0x74, 0x68, 0xC6, 0xE9, 0x86, 0xFA, 0x0A, 0x92, 0x32, 0x23, 0xDB, 0x95, 0xDC, 0x2E, 0x2C, 0x6F,
    0x77, 0x3B, 0xF8, 0x53, 0xE9, 0x4B, 0xCF, 0x35, 0x4B, 0x13, 0x3A, 0xDB, 0x16, 0xA1, 0xB5, 0x2D,
    0x74, 0xAF, 0x6B, 0x5F, 0x57, 0x86, 0x83, 0xBE, 0x6C, 0x23, 0x9B, 0x83, 0x5B, 0xC1, 0xB2, 0xD8,
    0xEB, 0xBD, 0x40, 0x92, 0x64, 0x46, 0x48, 0x6F, 0x65, 0xA0, 0x6A, 0xF3, 0x3D, 0x63, 0x07, 0x63,
    0xD9, 0x33, 0x22, 0x6F, 0xD9, 0xE2, 0x2A, 0xB7, 0x81, 0x66, 0x52, 0x5C, 0x00, 0xE7, 0xE3, 0xB5,
    0x2A, 0x0D, 0x3F, 0x09, 0x92, 0x41, 0xD8, 0xC2, 0x83, 0xDD, 0x82, 0x70, 0x42, 0x91, 0x16, 0x3D,
    0xFA, 0x58, 0xD9, 0xA7, 0x24, 0xF4, 0x6C, 0x65, 0xF5, 0xB2, 0xC7, 0x7E, 0xE5, 0xDE, 0xF3, 0xB0,
    0x6B, 0xAC, 0x10, 0xCE, 0xDD, 0x52, 0x1E, 0x7B, 0x7A, 0x23, 0x77, 0xC1, 0xFA, 0xF2, 0xCE, 0x7B,
    0x9A, 0xD4, 0x85, 0x5D, 0x04, 0xF9, 0x79, 0x43, 0xB3, 0x2A, 0x53, 0x02, 0x67, 0x66, 0x2A, 0x2E,
    0x47, 0x26, 0xB4, 0xBC, 0x9B, 0xED, 0xE5, 0xCC, 0x71, 0x31, 0x75, 0xB9, 0xA6, 0x2B, 0x67, 0x39,
    0x6A, 0x84, 0xE4, 0x75, 0xF9, 0x12, 0xE3, 0x92, 0xE8, 0x59, 0x24, 0xBD, 0x50, 0xBB, 0xA9, 0x88,
    0x3B, 0xF9, 0x9C, 0xAD, 0x5E, 0xD8, 0x27, 0x57, 0x41, 0xC6, 0xDA, 0xB6, 0xD5, 0xA9, 0x17, 0x5F,
    0x46, 0x5C, 0xCE, 0x86, 0x3C, 0x02, 0xA4, 0x55, 0xDA, 0x2A, 0xDA, 0x2D, 0x18, 0x56, 0x7F, 0x49,
    0xBB, 0xAD, 0x01, 0x95, 0x7A, 0xE6, 0xEB, 0x95, 0x9C, 0x5E, 0x18, 0x97, 0xFF, 0x3E, 0x43, 0x5C,
    0x52, 0xE5, 0x47, 0xA3, 0x53, 0xA9, 0xEA, 0x55, 0x09, 0x24, 0xDB, 0x74, 0x3C, 0x56, 0x0E, 0xAC,
    0xE0, 0xA1, 0xB8, 0xBA, 0x86, 0x34, 0xEA, 0x1B, 0x36, 0xB1, 0x50, 0xC3, 0x2D, 0xDC, 0x64, 0xB5,
    0x61, 0xA5, 0xFE, 0x25, 0x97, 0x82, 0x62, 0xDF, 0x9A, 0xC8, 0x7F, 0xD8, 0x85, 0xEB, 0xC0, 0xB8,
    0x47, 0x9A, 0x05, 0xAB, 0x22, 0x34, 0x70, 0x4D, 0x45, 0x9D, 0x28, 0x25, 0xF2, 0x26, 0x6A, 0xA4,
    0x8C, 0x6B, 0xC7, 0xDE, 0x70, 0xBA, 0x21, 0xA4, 0x1A, 0xE3, 0x34, 0x93, 0x10, 0x41, 0xBC, 0xD9,
    0x88, 0xE8, 0x98, 0x56, 0x1B, 0x90, 0x9C, 0x20, 0x5C, 0xEB, 0x8C, 0x8D, 0x25, 0x2E, 0x1A, 0xD4,
    0x80, 0xA4, 0x26, 0x8B, 0x9F, 0x29, 0xD9, 0x02, 0x9C, 0xF9, 0x80, 0x0B, 0x7E, 0x82, 0xC7, 0x74,
    0x95, 0xEA, 0x73, 0xD4, 0xD0, 0x42, 0x6A, 0x1B, 0x86, 0xB6, 0x38, 0x86, 0xB6, 0x23, 0x6B, 0xB7,
    0x74, 0x91, 0xBA, 0xD0, 0x35, 0xEC, 0x08, 0x74, 0xA9, 0x3E, 0x8D, 0x04, 0x22, 0x0E, 0x80, 0x71,
    0x2D, 0x82, 0xC2, 0xD4, 0x78, 0x7C, 0x5E, 0x24, 0xD2, 0xCF, 0x44, 0xA2, 0x7F, 0x41, 0x24, 0x28,
    0x40, 0x4F, 0x23, 0xB1, 0x6D, 0xA8, 0x58, 0x01, 0x35, 0xD3, 0xC9, 0x24, 0x5E, 0x7A, 0x5F, 0x9B,
    0x45, 0xD1, 0xED, 0x16, 0x3F, 0xC1, 0x3E, 0x0A, 0xE6, 0xE3, 0x90, 0x86, 0x24, 0x64, 0x73, 0x12,
    0x20, 0xAE, 0x17, 0x33, 0xA6, 0x0B, 0x10, 0xCE, 0xC4, 0x46, 0x68, 0x44, 0x46, 0x60, 0xC4, 0xA5,
    0xB0, 0xF2, 0xEE, 0x1B, 0x18, 0xC2, 0x1E, 0xA0, 0x2C, 0x26, 0x99, 0xFD, 0x28, 0x43, 0x1E, 0xA5,
    0x9F, 0xE7, 0xFC, 0x85, 0x56, 0xE6, 0x29, 0x7F, 0xE7, 0xD8, 0x18, 0x59, 0xD4, 0x8C, 0x04, 0x0F,
    0x0A, 0x27, 0x80, 0xD5, 0xA7, 0x28, 0xBD, 0xEB, 0xD8, 0x6D, 0x71, 0x6D, 0x3A, 0x27, 0x63, 0x1E,
    0xB5, 0xDF, 0x75, 0xDA, 0x15, 0x77, 0xFB, 0x9C, 0x7E, 0x57, 0x38, 0x84, 0x62, 0xAF, 0x66, 0xF9,
    0xEB, 0xE4, 0x6E, 0xCC, 0x63, 0x38, 0x6A, 0xA3, 0x74, 0x89, 0x04, 0xC6, 0xB6, 0xCC, 0x8B, 0x87,
    0x49, 0xB7, 0x1E, 0x8E, 0x5B, 0x97, 0x9F, 0xD9, 0x1A, 0x67, 0x6F, 0x38, 0x48, 0xE3, 0x5B, 0xF2,
    0x1D, 0x0C, 0x6F, 0xF8, 0x77, 0x3B, 0x17, 0x3C, 0xF6, 0x7C, 0x10, 0xFE, 0xC2, 0x5D, 0x78, 0x8A,
    0xBF, 0xF0, 0x15, 0x3B, 0xE1, 0x2F, 0xF6, 0xC1, 0x36, 0x70, 0x13, 0x9B, 0xF0, 0x50, 0x63, 0x8B,
    0xBF, 0x17, 0x4C, 0x8A, 0xC9, 0xA8, 0x2E, 0x16, 0x8C, 0xC5, 0x3A, 0x3B, 0xDC, 0x82, 0xAB, 0xA6,
    0xB6, 0x28, 0xCD, 0x45, 0x9B, 0xD2, 0x8E, 0x11, 0x79, 0x5D, 0x6E, 0x26, 0xCC, 0xB7, 0xE0, 0xAB,
    0x3C, 0x88, 0xA2, 0x32, 0x6F, 0xA3, 0xAE, 0x34, 0x68, 0xE2, 0x06, 0xA6, 0x77, 0x6B, 0xFB, 0xCA,
    0x34, 0xB6, 0xBB, 0x61, 0x45, 0x80, 0xDD, 0x62, 0x6C, 0xAD, 0xC6, 0xD6, 0x69, 0x6C, 0xB1, 0x0D,
    0xAC, 0x86, 0x2A, 0x26, 0x64, 0xA7, 0x09, 0x49, 0xA7, 0xF5, 0x3D, 0xB0, 0x6D, 0x59, 0x91, 0x7E,
    0xED, 0x23, 0x29, 0x47, 0xE1, 0x3C, 0x1B, 0xA5, 0x78, 0xF4, 0xE9, 0x54, 0x8A, 0xDF, 0x06, 0xBC,
    0x57, 0x2D, 0x13, 0xBC, 0x88, 0xBB, 0xF0, 0x02, 0x3F, 0xC0, 0x0F, 0x6C, 0x09, 0x4F, 0xF0, 0xB3,
    0xE1, 0x98, 0x2A, 0xE6, 0x40, 0x11, 0x35, 0xDF, 0xE4, 0x66, 0x5D, 0x24, 0x4B, 0x3A, 0x60, 0x95,
    0x97, 0x5D, 0xC3, 0xDC, 0xFA, 0xFA, 0xC0, 0xCB, 0x58, 0x33, 0x65, 0xE7, 0x9C, 0xE5, 0x40, 0xCA,
    0x81, 0x97, 0xA4, 0x9C, 0xD0, 0x71, 0xE4, 0xD5, 0x0D, 0xE1, 0x6B, 0x9C, 0xF8, 0x94, 0x51, 0x55,
    0x91, 0x26, 0xEF, 0xB1, 0x45, 0x24, 0x21, 0x8A, 0xE7, 0x49, 0xD7, 0xD8, 0xCE, 0x40, 0x10, 0xAE,
    0x55, 0xB6, 0xA2, 0xF7, 0xD5, 0xB5, 0x81, 0x2A, 0x44, 0x66, 0xF4, 0x35, 0x76, 0x0A, 0x35, 0x3C,
    0x21, 0x21, 0x26, 0x2B, 0xDD, 0x66, 0xEC, 0x64, 0xF9, 0x08, 0xCF, 0xC0, 0x48, 0x13, 0x16, 0xA5,
    0xC2, 0x9C, 0x9C, 0xAB, 0x8D, 0x41, 0x79, 0x10, 0x3E, 0xD9, 0x66, 0xB3, 0x1E, 0x83, 0x1E, 0xBD,
    0x62, 0x78, 0xBE, 0x4E, 0x9F, 0x2C, 0x5D, 0xB2, 0x4C, 0x9C, 0x7D, 0x14, 0x9B, 0x98, 0xF6, 0xB0,
    0x7A, 0x6D, 0x61, 0x41, 0x07, 0x85, 0x74, 0xB8, 0xA6, 0x39, 0xAE, 0xEB, 0xFB, 0xD8, 0x9C, 0xFB,
    0x6D, 0xCE, 0xBD, 0xBE, 0x47, 0xD4, 0xE3, 0x2F, 0x9C, 0x1E, 0x24, 0x1E, 0x9C, 0x55, 0x61, 0x1D,
    0x06, 0x87, 0xFC, 0xFA, 0xE0, 0xC0, 0xA9, 0x84, 0x35, 0x84, 0x05, 0xEF, 0x7B, 0x3E, 0xFB, 0x7A,
    0x54, 0x40, 0xBE, 0xD3, 0x03, 0x99, 0x3F, 0x03, 0xDA, 0x5F, 0xCE, 0x18, 0x26, 0xDC, 0xE7, 0x1E,
    0xCC, 0xF4, 0xF4, 0x60, 0x8E, 0xC7, 0x83, 0x59, 0x9C, 0x1E, 0xCC, 0x76, 0x2D, 0xC4, 0x26, 0xFA,
    0x8B, 0xED, 0xDE, 0x62, 0x7F, 0x66, 0xFE, 0xF1, 0x8A, 0xD7, 0xEE, 0xD8, 0xA6, 0x5A, 0x1A, 0x3C,
    0x54, 0x08, 0xE9, 0xC0, 0xA7, 0x1D, 0xDE, 0x0F, 0xFF, 0x42, 0x0F, 0xC3, 0x9B, 0x3A, 0x4B, 0x51,
    0x02, 0x25, 0x81, 0x3F, 0xEE, 0x16, 0xCA, 0xB6, 0x74, 0xA1, 0xB9, 0x94, 0xA3, 0x14, 0x1B, 0x4E,
    0xAD, 0x6B, 0x43, 0xB4, 0xDC, 0x12, 0xCD, 0xA3, 0x67, 0x0C, 0x4B, 0x75, 0x87, 0xCE, 0x41, 0x89,
    0x4C, 0x74, 0x8B, 0xA2, 0x13, 0x1B, 0x2E, 0x5B, 0x2D, 0x5E, 0xFB, 0x68, 0xD0, 0xA5, 0xD4, 0x6A,
    0xB1, 0xAA, 0x3E, 0x22, 0xFA, 0x07, 0x2F, 0x6C, 0xE5, 0x87, 0x7E, 0xBE, 0xE6, 0xC0, 0x75, 0x09,
    0xBA, 0x1A, 0x34, 0x47, 0xC6, 0x93, 0x54, 0xA0, 0xA5, 0x4E, 0x48, 0x5B, 0x3A, 0x05, 0x0A, 0xBB,
    0x65, 0x55, 0xE0, 0x64, 0xBD, 0x28, 0xC8, 0x8B, 0x3D, 0xDE, 0x2B, 0xFB, 0xC0, 0x56, 0x0A, 0x44,
    0xB6, 0xB5, 0x5A, 0x56, 0x3C, 0x45, 0xE6, 0x9A, 0x28, 0xB6, 0x07, 0x21, 0xE6, 0x65, 0xA5, 0x83,
    0x64, 0x90, 0x17, 0x6C, 0x69, 0xD6, 0x2D, 0x33, 0xDD, 0xF2, 0xD9, 0xAB, 0x6F, 0xC9, 0xA0, 0x79,
    0x8E, 0xAF, 0xD4, 0x57, 0x22, 0x77, 0xEE, 0x1D, 0x35, 0xCC, 0x81, 0x51, 0x8E, 0x89, 0x3C, 0xD4,
    0xC4, 0xF2, 0x12, 0x64, 0x8D, 0x49, 0x95, 0x83, 0x2A, 0x47, 0xD4, 0x38, 0xA6, 0xC2, 0x09, 0xA5,
    0x23, 0x3A, 0x88, 0x64, 0x7F, 0xAD, 0x7A, 0xB9, 0xBD, 0x5E, 0xB2, 0x31, 0x7C, 0x96, 0x08, 0x6F,
    0x07, 0xC3, 0xC6, 0xCA, 0x75, 0xB4, 0x33, 0xC7, 0x71, 0x86, 0xCD, 0xE2, 0x48, 0xF0, 0x38, 0x7E,
    0x26, 0xB2, 0xE9, 0x17, 0x37, 0x86, 0xF4, 0xA4, 0x31, 0x1C, 0x84, 0x3A, 0xDF, 0x6B, 0x29, 0xD1,
    0xAD, 0xC2, 0x40, 0x21, 0xD8, 0x46, 0x49, 0x14, 0xDB, 0xF9, 0x0F, 0xB0, 0x5F, 0xF8, 0x61, 0xFF,
    0x1C, 0x0F, 0x2C, 0xCF, 0xF3, 0x40, 0x76, 0x9D, 0x07, 0x8E, 0x64, 0x40, 0x5C, 0x9C, 0x3A, 0x1A,
    0x51, 0x54, 0x11, 0x9A, 0xFD, 0x15, 0x48, 0xFD, 0xE1, 0x24, 0xEE, 0x43, 0x50, 0xEF, 0x47, 0xD0,
    0x77, 0xEF, 0xD6, 0xE7, 0xC9, 0x43, 0xD6, 0xA7, 0x54, 0x84, 0x28, 0xE6, 0x6C, 0xCA, 0xBB, 0x97,
    0xCA, 0xC3, 0x4B, 0xD7, 0x4C, 0xD1, 0x64, 0x38, 0x1F, 0xBC, 0xF2, 0xB1, 0xAC, 0xBF, 0xD0, 0xD7,
    0xCF, 0x76, 0xD7, 0x03, 0xA9, 0xFD, 0x02, 0x0F, 0x90, 0xC1, 0x38, 0x63, 0x2C, 0xB0, 0x4F, 0x69,
    0xC7, 0x10, 0xE2, 0xF1, 0x25, 0xCE, 0xB5, 0x07, 0x7E, 0x9C, 0x2F, 0xEF, 0x62, 0x02, 0xEB, 0x71,
    0xFC, 0x3A, 0x5E, 0xB4, 0x71, 0xDA, 0x4D, 0xD7, 0xFC, 0xD3, 0xE7, 0x24, 0x60, 0xE2, 0xEB, 0xB3,
    0xD0, 0xC1, 0x34, 0x8E, 0xAD, 0x9D, 0x28, 0x06, 0x8E, 0x75, 0x13, 0x5F, 0x52, 0x6A, 0xCA, 0x54,
    0x98, 0x45, 0x92, 0x58, 0xBB, 0xA1, 0x16, 0xCB, 0xC5, 0x91, 0x32, 0xF4, 0x35, 0xAB, 0xC5, 0xE3,
    0xD0, 0xC1, 0x3A, 0x72, 0x3C, 0x56, 0x78, 0x0B, 0x76, 0xA3, 0xB6, 0x6D, 0x64, 0x09, 0x95, 0x6D,
    0x92, 0xD9, 0xD5, 0xAE, 0xDE, 0x4D, 0xB6, 0xF1, 0x68, 0xC4, 0xB6, 0x65, 0x3B, 0x2E, 0x3B, 0xF4,
    0xC1, 0xD1, 0xF4, 0x58, 0x07, 0xF3, 0x47, 0xB4, 0xC3, 0x21, 0xDF, 0xA3, 0x1F, 0xF6, 0xD9, 0x32,
    0x71, 0x08, 0x09, 0xB4, 0xB7, 0xC3, 0x5A, 0xA2, 0xA5, 0x8F, 0x1C, 0x13, 0x03, 0x67, 0x10, 0xF1,
    0xBD, 0x62, 0xEA, 0xB5, 0x0D, 0x55, 0x6B, 0xE5, 0x69, 0x95, 0xE9, 0x24, 0xF9, 0x77, 0x9B, 0x6F,
    0x13, 0x67, 0x9E, 0x89, 0x33, 0xCF, 0xAC, 0x33, 0xCF, 0xC7, 0x5C, 0xBE, 0xC5, 0x49, 0xF2, 0x30,
    0xF3, 0x4C, 0xAF, 0x34, 0xF3, 0x7C, 0xB9, 0x58, 0x4F, 0x3E, 0xA9, 0x9E, 0xDA, 0x4C, 0xF3, 0x92,
    0xEB, 0x6F, 0x51, 0x78, 0x14, 0xD5, 0x6D, 0xE0, 0x7E, 0x89, 0x06, 0x01, 0xD6, 0x00, 0x6F, 0x80,
    0x5F, 0x59, 0x30, 0xD9, 0xB3, 0x49, 0x95, 0x48, 0xAF, 0x24, 0xD1, 0xFC, 0xFF, 0x28, 0x15, 0xD3,
    0x22, 0x44, 0xD9, 0x00, 0xE7, 0x77, 0x0B, 0x9D, 0xD4, 0xE1, 0xC5, 0xF7, 0xB7, 0x53, 0x2A, 0x91,
    0x15, 0xA7, 0x2D, 0x47, 0xDA, 0xED, 0x35, 0x43, 0xE5, 0xC3, 0xDE, 0xB5, 0xF6, 0xDB, 0xFF, 0x03,
    0xEF, 0xF2, 0x67, 0x70, 0xD7, 0x84, 0x9F, 0x60, 0x99, 0xA9, 0xFD, 0xC6, 0x94, 0x02, 0x30, 0x5B,
    0x05, 0xE0, 0x66, 0x50, 0x3B, 0x26, 0x88, 0x91, 0x56, 0x43, 0x5D, 0x52, 0xE1, 0xE2, 0x20, 0x32,
    0x56, 0x09, 0xE5, 0x25, 0x1B, 0x29, 0x83, 0x3A, 0x9C, 0x04, 0x75, 0xD2, 0x70, 0x2E, 0x0C, 0xC2,
    0x12, 0x83, 0xEA, 0x9F, 0x0B, 0x2A, 0xC3, 0x99, 0x4E, 0x1A, 0xCE, 0xD1, 0x0C, 0x0B, 0x02, 0x93,
    0xED, 0x11, 0x54, 0x30, 0x22, 0x83, 0xCA, 0x40, 0x9A, 0x3E, 0xD1, 0xA0, 0x32, 0x50, 0xB0, 0xE7,
    0x07, 0xDA, 0xB3, 0x1A, 0x54, 0xED, 0xE5, 0x91, 0xD1, 0xF9, 0xC0, 0xCA, 0x0D, 0xC9, 0xBF, 0x32,
    0xD5, 0xCF, 0x6B, 0xE4, 0x63, 0x68, 0x97, 0x9B, 0xA9, 0xC6, 0x13, 0xAD, 0x0A, 0xFB, 0x7F, 0xC3,
    0x5D, 0x4B, 0x12, 0x71, 0xC9, 0xA0, 0x97, 0x5A, 0x8E, 0x8E, 0x3B, 0xAF, 0xB2, 0x73, 0xAB, 0x3F,
    0xBF, 0xA7, 0x4A, 0x89, 0x6D, 0x07, 0xA8, 0xF6, 0x7E, 0x48, 0x43, 0x6D, 0x26, 0xB8, 0x91, 0x4F,
    0x50, 0x6C, 0xE0, 0xEC, 0x01, 0x0B, 0xD8, 0x37, 0x9D, 0x29, 0xA6, 0x66, 0x18, 0xCF, 0x28, 0xF1,
    0xF2, 0x09, 0x02, 0xC6, 0xE8, 0x32, 0xE2, 0x6B, 0xD9, 0xE3, 0x57, 0xD7, 0x95, 0x03, 0x2A, 0xBB,
    0x58, 0xAE, 0x42, 0x05, 0x9B, 0xC0, 0x16, 0x58, 0xED, 0xE5, 0x52, 0xD1, 0x97, 0x5E, 0x07, 0x5B,
    0x8E, 0x3E, 0xDB, 0xE7, 0x0D, 0xCE, 0x1F, 0xA1, 0x49, 0xC9, 0xCF, 0x8B, 0x1B, 0xCA, 0x01, 0xA6,
    0x80, 0xCD, 0x35, 0x30, 0xDE, 0xE4, 0xA3, 0xAF, 0x0D, 0xAF, 0xC1, 0xD7, 0x45, 0xEF, 0x31, 0xE7,
    0xB8, 0xA7, 0xDA, 0x73, 0x2A, 0x03, 0xCB, 0x31, 0x88, 0x63, 0x02, 0xF3, 0x73, 0xA6, 0x62, 0x9A,
    0x7D, 0x81, 0x78, 0xF3, 0xBD, 0x9C, 0x19, 0xDA, 0x37, 0x05, 0xDD, 0x82, 0xF5, 0x80, 0x3B, 0x86,
    0x81, 0xBD, 0xB8, 0x21, 0x78, 0xE9, 0xC2, 0x54, 0x66, 0x23, 0xF5, 0x8D, 0xF9, 0x2D, 0xF3, 0x68,
    0xDF, 0x64, 0x22, 0x1F, 0xE4, 0xC7, 0x79, 0x8A, 0x20, 0x23, 0xCA, 0x08, 0x53, 0x71, 0x8A, 0x02,
    0x15, 0x45, 0x2A, 0x0A, 0x55, 0x14, 0xAB, 0x28, 0x58, 0x51, 0xB4, 0xA2, 0x70, 0x45, 0xF1, 0x8A,
    0x02, 0xD6, 0x95, 0x95, 0xB5, 0x8A, 0x24, 0xCC, 0x00, 0x0A, 0x5A, 0x14, 0xB5, 0x28, 0xEC, 0x15,
    0x77, 0x04, 0x8E, 0xCD, 0xBE, 0x83, 0x53, 0xAD, 0x81, 0x1B, 0x7C, 0x25, 0xE6, 0x97, 0xA8, 0x6F,
    0x9B, 0xF6, 0x27, 0xE9, 0x65, 0x00, 0x38, 0x25, 0x20, 0x32, 0x08, 0x81, 0x30, 0x06, 0xC2, 0x20,
    0x08, 0xA3, 0xC0, 0x65, 0x14, 0xC6, 0x81, 0xCB, 0x20, 0x8C, 0x84, 0x30, 0x14, 0xC2, 0x58, 0x10,
    0x0F, 0x6C, 0x72, 0xD3, 0x18, 0x0E, 0x24, 0x99, 0x86, 0xE0, 0x47, 0xD0, 0x42, 0x0A, 0x31, 0xAD,
    0xF7, 0xF7, 0x97, 0x77, 0x77, 0x81, 0xAF, 0x12, 0x30, 0x75, 0x02, 0xA0, 0x50, 0x4B, 0x14, 0x83,
    0x1E, 0x05, 0x82, 0xF9, 0xFD, 0xA5, 0x02, 0x22, 0x9B, 0xE2, 0xD0, 0x82, 0x05, 0xC8, 0x16, 0xB0,
    0x8C, 0x03, 0xCB, 0x56, 0xC9, 0x7F, 0xF4, 0xE0, 0xA8, 0x78, 0xB3, 0x9D, 0x0E, 0x26, 0x65, 0xAF,
    0x02, 0xAE, 0x58, 0xDE, 0x5E, 0x2E, 0x2F, 0xE2, 0xAE, 0x03, 0xE1, 0xC7, 0xC4, 0xC7, 0x7F, 0x8A,
    0x31, 0xF1, 0x78, 0x29, 0x98, 0x30, 0x65, 0xFC, 0x65, 0x01, 0x4A, 0x1C, 0x65, 0x0C, 0x3B, 0x98,
    0x6D, 0x6D, 0x67, 0x70, 0x8E, 0x29, 0xED, 0xF3, 0xC5, 0x37, 0x50, 0x1F, 0x13, 0x50, 0xC2, 0x08,
    0x60, 0x22, 0x5F, 0xBE, 0x2E, 0xF7, 0x77, 0x39, 0x69, 0x21, 0xA3, 0x80, 0xBB, 0xFC, 0x53, 0x17,
    0x11, 0x99, 0xF0, 0x09, 0x56, 0x0C, 0x15, 0x7A, 0x70, 0x99, 0x93, 0x28, 0xA6, 0xB4, 0x9D, 0x6B,
    0x57, 0x7B, 0xAD, 0xDA, 0x5A, 0x07, 0xF3, 0x6D, 0x39, 0x5D, 0x38, 0x86, 0xCA, 0xFF, 0x1A, 0x41,
    0x0B, 0xB5, 0x6B, 0x0E, 0x6C, 0xD8, 0x2A, 0x1B, 0x02, 0x0D, 0xAB, 0xF0, 0x2D, 0x34, 0x0C, 0x62,
    0xCE, 0x88, 0x43, 0x87, 0x35, 0x9D, 0xD5, 0xCC, 0x88, 0x00, 0x99, 0xA1, 0xE8, 0xE3, 0xA0, 0x06,
    0x9A, 0x25, 0xC3, 0x68, 0x7D, 0xA4, 0x34, 0xA1, 0x5A, 0x82, 0xFC, 0x41, 0x4F, 0xF0, 0xFF, 0x1D,
    0x72, 0xBC, 0xFB, 0x69, 0x74, 0x60, 0x2E, 0xDA, 0x64, 0x0E, 0xD8, 0x80, 0xF6, 0x1F, 0xC3, 0x7C,
    0xA5, 0xDA, 0xE8, 0x9A, 0x68, 0x7C, 0x91, 0x7E, 0x3B, 0x88, 0xD1, 0xB3, 0x01, 0x38, 0x7C, 0x94,
    0x99, 0xB5, 0x61, 0xDB, 0x6A, 0x6B, 0xD8, 0x2A, 0x1B, 0xEC, 0xB7, 0xD1, 0x54, 0xD0, 0x12, 0x3D,
    0xF2, 0x1A, 0xF6, 0xF7, 0x04, 0x25, 0x87, 0x24, 0x1C, 0x87, 0x93, 0x4D, 0x50, 0x12, 0xDB, 0x0B,
    0xF0, 0x9D, 0xDA, 0xA7, 0xDE, 0xE2, 0xF8, 0xEA, 0x37, 0xDB, 0xE9, 0xC8, 0x71, 0x6E, 0xE6, 0x6F,
    0x9E, 0x87, 0xD9, 0x2A, 0x27, 0x4F, 0xE7, 0x4E, 0xE3, 0x8C, 0x3F, 0x0E, 0x30, 0xCB, 0x27, 0x1D,
    0xCE, 0x55, 0x8D, 0x9A, 0xBE, 0x99, 0x34, 0xE2, 0x80, 0x4B, 0x8C, 0xCA, 0x1A, 0x5E, 0x4A, 0xA1,
    0x7F, 0xDE, 0x22, 0x72, 0x27, 0x3C, 0xE2, 0x79, 0x51, 0xBD, 0x3E, 0x21, 0x9E, 0x8F, 0xA7, 0xF8,
    0x7C, 0x7A, 0x9C, 0x91, 0x74, 0x64, 0xD2, 0x33, 0xAE, 0xFA, 0xC3, 0xF2, 0x3B, 0x1D, 0xC4, 0x4D,
    0xDA, 0xF7, 0xED, 0x26, 0xB4, 0xB1, 0x7C, 0x5F, 0x27, 0xB7, 0x1F, 0xE3, 0x07, 0x1E, 0x67, 0x2C,
    0xF4, 0x32, 0xDC, 0xD3, 0x40, 0xF6, 0x3A, 0x7F, 0x24, 0xF4, 0x1D, 0x3E, 0xDF, 0xB9, 0x17, 0x1D,
    0xB8, 0xDA, 0xF3, 0xD8, 0x36, 0x8C, 0x95, 0x59, 0xAE, 0x2A, 0x33, 0x24, 0xAA, 0xDD, 0x73, 0xC0,
    0x54, 0x35, 0xE6, 0x68, 0x61, 0xD1, 0x39, 0xA5, 0xC2, 0xF5, 0xFE, 0xD5, 0xA2, 0x9E, 0x7A, 0xC4,
    0xB7, 0xD0, 0x29, 0x93, 0x7A, 0x28, 0xC1, 0xB7, 0x28, 0xE1, 0x8A, 0x0E, 0xA5, 0xE0, 0x2A, 0x77,
    0x6E, 0x78, 0xCC, 0x16, 0x47, 0x1C, 0xE7, 0xA1, 0x5A, 0x4C, 0x0B, 0x6D, 0xD2, 0xDF, 0x08, 0x3C,
    0x02, 0xA0, 0xFF, 0xE0, 0x27, 0x78, 0x3F, 0xA6, 0xDB, 0xB4, 0xB6, 0x44, 0xCF, 0xD5, 0x71, 0xFA,
    0x4D, 0xB7, 0xE9, 0xB5, 0x3A, 0x4D, 0x32, 0xD0, 0x1A, 0x68, 0xBF, 0x4F, 0x0E, 0xFB, 0xF7, 0xD0,
    0xD0, 0x5D, 0x7A, 0xAB, 0xCE, 0xFE, 0x4C, 0x74, 0xFA, 0x53, 0x51, 0x8C, 0xD3, 0xF0, 0x15, 0x54,
    0x84, 0x61, 0x0B, 0x19, 0x5F, 0xC2, 0x5F, 0xCF, 0x18, 0x1F, 0x36, 0x97, 0x7F, 0xCB, 0x8E, 0xFE,
    0x52, 0xD0, 0x50, 0x59, 0xA7, 0x73, 0x9C, 0x2C, 0xC5, 0xC5, 0x23, 0x5C, 0xCE, 0xCA, 0xF6, 0x58,
    0x1A, 0xEC, 0x96, 0xF7, 0xB8, 0x95, 0x32, 0x55, 0x3B, 0xED, 0x55, 0xA1, 0x3D, 0x73, 0xAA, 0x92,
    0x09, 0x24, 0xB9, 0x50, 0x80, 0xA2, 0x1A, 0x75, 0x2A, 0x9D, 0x6F, 0xA4, 0x12, 0xD1, 0x20, 0x66,
    0x5C, 0x13, 0xB6, 0x9B, 0x2E, 0xDD, 0x27, 0x17, 0xDA, 0xE5, 0xE8, 0x8D, 0x5B, 0x4F, 0x22, 0xB6,
    0x13, 0x3A, 0x0B, 0x7B, 0x49, 0x8C, 0x5E, 0xE4, 0xAE, 0x95, 0xBF, 0xAE, 0x71, 0xD7, 0x7A, 0xB0,
    0xB3, 0x86, 0xF3, 0x49, 0x54, 0xE4, 0xA4, 0xF6, 0x7F, 0xC4, 0x05, 0x01, 0x21, 0x9E, 0x25, 0x67,
    0x35, 0xC2, 0xD0, 0xC1, 0xDC, 0x17, 0xDB, 0x4E, 0xDF, 0x9B, 0x2F, 0xF0, 0xB2, 0x51, 0x5D, 0x0D,
    0x3A, 0x00, 0x13, 0x60, 0x7B, 0x6A, 0x5F, 0xC4, 0xE0, 0x71, 0x05, 0xFD, 0x85, 0xBF, 0x00, 0x90,
    0xB5, 0x7C, 0x06, 0xDB, 0x25, 0x13, 0x8D, 0xC2, 0x1E, 0xEB, 0x65, 0x4E, 0x40, 0x3F, 0x39, 0x9A,
    0xF2, 0x93, 0x16, 0x70, 0xD0, 0xDA, 0x97, 0x95, 0xFE, 0x6E, 0x1E, 0xD5, 0x7A, 0xB7, 0x57, 0x6C,
    0xB6, 0x80, 0x77, 0x96, 0x38, 0x08, 0x04, 0xFB, 0x4D, 0x9A, 0x2B, 0x60, 0x79, 0x9E, 0xDE, 0x4E,
    0xA8, 0x4D, 0xE9, 0xED, 0x71, 0xAD, 0xAA, 0x92, 0x17, 0x13, 0xF3, 0xB9, 0xBE, 0xDA, 0xA3, 0xAF,
    0x56, 0x0F, 0x42, 0x50, 0x99, 0xF1, 0xDD, 0x70, 0xA1, 0xFE, 0xFE, 0x59, 0x5F, 0xEF, 0x50, 0xDE,
    0x35, 0x87, 0xB6, 0x81, 0x0A, 0xA9, 0x20, 0x10, 0x84, 0xD7, 0xDF, 0x86, 0xCB, 0x43, 0xF7, 0xB1,
    0xA8, 0x02, 0x87, 0x2A, 0xE1, 0xB5, 0xF9, 0xAC, 0x7E, 0xEF, 0x7F, 0x8A, 0x12, 0xED, 0xF4, 0xDA,
    0x29, 0x5F, 0xB9, 0xC7, 0x43, 0xD4, 0x69, 0x68, 0x14, 0x90, 0x66, 0x8F, 0xAF, 0x35, 0x40, 0xB4,
    0x8F, 0x39, 0xE1, 0x88, 0xB1, 0xE3, 0x88, 0x01, 0xC7, 0xF2, 0x11, 0xD6, 0x31, 0x67, 0xE8, 0xDC,
    0xC8, 0x61, 0x8B, 0x9D, 0xA3, 0x57, 0x9D, 0xC6, 0x11, 0xA3, 0x2D, 0x38, 0xD7, 0x14, 0x9C, 0x33,
    0xCA, 0x55, 0x9D, 0x21, 0xCD, 0xAD, 0x36, 0x27, 0x98, 0xB0, 0x3D, 0x45, 0xD7, 0x72, 0xC5, 0xA1,
    0x2D, 0x50, 0x78, 0x2A, 0x3B, 0xA8, 0x28, 0x1D, 0x0A, 0xD5, 0x49, 0xF4, 0x1C, 0xEE, 0xBF, 0xEF,
    0x81, 0xF7, 0x22, 0x59, 0x5D, 0x89, 0x13, 0xCE, 0x88, 0xC5, 0x0C, 0x71, 0xCC, 0xE1, 0xF6, 0x87,
    0x59, 0xAF, 0xCB, 0xA9, 0x4C, 0xE9, 0x43, 0xA3, 0x63, 0x8E, 0x6E, 0x6F, 0xB9, 0x78, 0xC8, 0xB8,
    0x8F, 0x81, 0xCA, 0x86, 0xDF, 0x40, 0xA7, 0x86, 0xEF, 0xE1, 0xB8, 0x8F, 0x45, 0xB3, 0x0A, 0xCD,
    0x24, 0x68, 0xC7, 0xDE, 0xF0, 0x9E, 0x0D, 0x6A, 0x41, 0xB2, 0x28, 0xD9, 0x21, 0xCA, 0x70, 0xA2,
    0x05, 0x6E, 0x1E, 0xE5, 0xAE, 0x4F, 0x91, 0xE4, 0xD1, 0xB4, 0x11, 0x2F, 0x6A, 0x8C, 0x3A, 0xFB,
    0xD1, 0xB9, 0x53, 0x6B, 0xE5, 0x01, 0xA1, 0x92, 0xA8, 0xB5, 0x2D, 0x2A, 0x61, 0x5E, 0xDE, 0x16,
    0x68, 0x54, 0x12, 0xF7, 0x24, 0x87, 0xFE, 0xE0, 0x1B, 0xDB, 0xA2, 0x5F, 0xF5, 0x87, 0xF3, 0x57,
    0x76, 0x12, 0x5B, 0x05, 0xBE, 0xE6, 0x0F, 0xDB, 0x75, 0xD1, 0xAF, 0xC9, 0x22, 0xB7, 0x99, 0x7D,
    0xA0, 0xD2, 0x51, 0xF0, 0x8F, 0x3A, 0xA5, 0x3C, 0xA4, 0xDE, 0xF2, 0x39, 0x05, 0xD7, 0x58, 0xD4,
    0xA7, 0x41, 0x10, 0x8D, 0x82, 0x68, 0x18, 0x44, 0xE3, 0x20, 0x1A, 0x08, 0x5D, 0x7B, 0xD1, 0x50,
    0x88, 0xC6, 0x42, 0xE7, 0xBD, 0x4E, 0x34, 0x1A, 0xA2, 0xE1, 0x10, 0x75, 0x43, 0x34, 0x20, 0xA2,
    0x11, 0xD1, 0x59, 0xA9, 0x52, 0x09, 0x29, 0x31, 0x28, 0x31, 0x2A, 0x31, 0x2C, 0x6B, 0x5C, 0x62,
    0x60, 0xE0, 0xCF, 0xBB, 0x23, 0xA2, 0x00, 0x15, 0x98, 0x8E, 0xEC, 0xF9, 0x94, 0x4A, 0xC5, 0x3F,
    0x0C, 0xB7, 0x14, 0x8F, 0xCF, 0x4D, 0xF8, 0xF4, 0xC5, 0x09, 0xEF, 0xAE, 0x27, 0xBC, 0xD3, 0x84,
    0x83, 0xE2, 0xCB, 0xE0, 0x5F, 0x40, 0x65, 0xED, 0x36, 0x2F, 0xBC, 0x43, 0x20, 0x9A, 0x65, 0x8A,
    0x76, 0x71, 0x5C, 0xD8, 0x34, 0x6E, 0x3E, 0xD7, 0x0F, 0xA8, 0x44, 0x18, 0xB9, 0x8C, 0x7B, 0xF0,
    0xC4, 0x8B, 0xF9, 0x93, 0x44, 0x7D, 0x20, 0xBB, 0x28, 0x28, 0xA2, 0xB2, 0x49, 0x23, 0xE7, 0x98,
    0x67, 0x1A, 0x67, 0xFB, 0xC1, 0x14, 0x7D, 0x9C, 0x0F, 0x85, 0xE8, 0x6A, 0x14, 0xA6, 0x19, 0x5D,
    0x8D, 0x10, 0x99, 0xDE, 0xD5, 0xAC, 0xEB, 0xCE, 0xD5, 0xE8, 0xBF, 0xB6, 0xB5, 0x35, 0xB4, 0x16,
    0x7C, 0x69, 0x30, 0x6E, 0x22, 0x0E, 0x8D, 0x0D, 0xC0, 0x60, 0x1B, 0xEF, 0x81, 0xC2, 0x36, 0x8B,
    0x07, 0x04, 0x58, 0xF4, 0x90, 0x07, 0x28, 0x38, 0x4F, 0x4D, 0xF3, 0xE1, 0xE0, 0x19, 0xC7, 0x8F,
    0x7A, 0x5F, 0xC2, 0xED, 0x8F, 0x5A, 0xCF, 0xFE, 0x7F, 0xBF, 0x71, 0x0E, 0x35, 0xE2, 0x6B, 0xA7,
    0x7C, 0x2F, 0x6E, 0xD1, 0x29, 0x87, 0x82, 0xC6, 0xA2, 0xDD, 0x52, 0x3E, 0x8E, 0xC2, 0x51, 0xD7,
    0xA2, 0x89, 0x45, 0x77, 0x35, 0x8A, 0xA5, 0x8E, 0x20, 0x3A, 0x14, 0xED, 0x66, 0xE2, 0xCE, 0xFB,
    0x7C, 0x63, 0x50, 0xF8, 0x84, 0x54, 0xC2, 0xA5, 0x01, 0x13, 0x4E, 0xE3, 0x06, 0x33, 0xD8, 0x26,
    0x60, 0xC2, 0xB1, 0x3F, 0x0F, 0x03, 0x1C, 0xFF, 0xE0, 0xD3, 0x01, 0x7E, 0x3F, 0xFC, 0xDF, 0x01,
    0x6E, 0xFF, 0xC7, 0xEF, 0x06, 0x78, 0xFD, 0xD1, 0x7F, 0x3E, 0x45, 0x7B, 0xFF, 0xCD, 0xC3, 0x4F,
    0x11, 0xF1, 0x27, 0x6F, 0x7E, 0x8A, 0x29, 0x28, 0x30, 0x36, 0xE5, 0x92, 0x22, 0x59, 0xE5, 0xC4,
    0x23, 0xCA, 0xB5, 0xC6, 0x38, 0x1B, 0x75, 0x1F, 0x1B, 0x85, 0x61, 0x96, 0x29, 0x49, 0x24, 0x60,
    0xE7, 0x74, 0xDC, 0x8D, 0xDB, 0xEE, 0x18, 0xB7, 0xB4, 0xE8, 0xCB, 0x2E, 0x9B, 0x39, 0x55, 0xB1,
    0xAA, 0x74, 0xC8, 0x42, 0xC9, 0xE4, 0x03, 0xCC, 0x64, 0x7B, 0xB6, 0x76, 0x36, 0xB7, 0x94, 0x0D,
    0x40, 0xD5, 0x66, 0x12, 0xC5, 0x63, 0xBD, 0x0A, 0xE0, 0x24, 0x0A, 0x4A, 0x89, 0x92, 0x45, 0xFB,
    0xB8, 0x8E, 0x91, 0xAA, 0x04, 0xA2, 0x1E, 0x5E, 0xE5, 0xA1, 0x4A, 0xCD, 0xE0, 0x2B, 0x08, 0x26,
    0x6A, 0xD8, 0x4E, 0x0F, 0xB6, 0x26, 0x0F, 0xBB, 0xBB, 0x86, 0x05, 0x14, 0x6B, 0xA7, 0x64, 0x11,
    0xC3, 0x85, 0xB2, 0x41, 0xD4, 0xCA, 0x16, 0xAF, 0x15, 0xBF, 0x82, 0xED, 0xE2, 0x77, 0x3C, 0x92,
    0x1F, 0x53, 0x54, 0x3C, 0xA1, 0x32, 0x60, 0x7D, 0xE6, 0xCA, 0x51, 0x44, 0x99, 0xD1, 0x7A, 0x36,
    0x6F, 0x1B, 0xAB, 0xEE, 0xE0, 0xB8, 0xF4, 0x75, 0x45, 0xCF, 0x27, 0x94, 0x50, 0xAD, 0x6E, 0xFA,
    0x55, 0x76, 0x69, 0xFB, 0x23, 0x0A, 0xD2, 0x77, 0xB1, 0xD8, 0xAC, 0x3D, 0x61, 0xB5, 0x33, 0xC6,
    0x45, 0xE5, 0x76, 0x42, 0xE7, 0xF4, 0x27, 0x8A, 0x1D, 0x79, 0x6D, 0xD3, 0x32, 0x8E, 0x02, 0xC7,
    0x73, 0x09, 0x01, 0x58, 0x2F, 0xBF, 0x4B, 0x24, 0x31, 0xA3, 0xB4, 0x58, 0xF2, 0x0D, 0xB7, 0xC9,
    0x7F, 0x26, 0x3D, 0x9E, 0x9C, 0x62, 0x5A, 0x91, 0xEB, 0x7D, 0xD5, 0x4B, 0x1A, 0x1B, 0xA3, 0xF7,
    0xE7, 0xCB, 0x0B, 0x1A, 0x1E, 0x69, 0x78, 0xA0, 0xE1, 0x7E, 0x1D, 0x6C, 0x29, 0x0E, 0xA9, 0xF1,
    0x68, 0xE2, 0x62, 0x65, 0x5A, 0xF4, 0x3F, 0x3C, 0x9A, 0xF0, 0xC9, 0x4B, 0x1F, 0x47, 0x4F, 0x22,
    0x62, 0x94, 0xA9, 0xED, 0x18, 0xCB, 0xB0, 0xDE, 0xA2, 0x85, 0xF9, 0x92, 0xD2, 0xB0, 0xDA, 0xE4,
    0x61, 0x9C, 0x51, 0xF5, 0xC9, 0xB8, 0x64, 0xDD, 0x69, 0xF3, 0x38, 0x1F, 0x3C, 0xB7, 0xE6, 0x85,
    0xD7, 0xFB, 0x27, 0xDD, 0xF4, 0x2F, 0x84, 0x97, 0x0E, 0xE9, 0x20, 0xC9, 0x8C, 0x56, 0x10, 0x8F,
    0xB7, 0x3D, 0xB8, 0x7D, 0x56, 0x78, 0xB6, 0x02, 0x2F, 0x15, 0x3F, 0x9F, 0x57, 0x7E, 0x24, 0x13,
    0x44, 0x7B, 0x07, 0x90, 0x44, 0x29, 0x0A, 0x33, 0xE2, 0xD4, 0x79, 0x63, 0x77, 0x38, 0x2F, 0x9A,
    0x1B, 0x3D, 0x17, 0xE1, 0x70, 0x9F, 0xBB, 0x11, 0xB0, 0x22, 0x56, 0xC1, 0xBF, 0xA6, 0x14, 0x76,
    0xEE, 0xF1, 0xEC, 0xB5, 0x64, 0x36, 0x9E, 0xAC, 0xA7, 0x75, 0x9C, 0x0B, 0xC4, 0x6B, 0xE5, 0x57,
    0xA7, 0xE5, 0x9F, 0xFC, 0xD9, 0xF2, 0x8F, 0x85, 0x31, 0x6C, 0x75, 0xCF, 0x02, 0xD4, 0x4E, 0xB3,
    0x8E, 0x9F, 0xDA, 0x73, 0x9B, 0xD5, 0x5B, 0xCD, 0xDD, 0xDB, 0x34, 0xE7, 0x69, 0xCE, 0x4F, 0x5B,
    0x6B, 0xFA, 0x3F, 0xCD, 0x57, 0xBF, 0xAF, 0xDE, 0xD6, 0x79, 0x3E, 0x24, 0x21, 0x31, 0x2D, 0x07,
    0x76, 0x88, 0x87, 0x5A, 0x05, 0x98, 0xA9, 0x40, 0xDA, 0x81, 0x73, 0x07, 0xFB, 0x30, 0xC8, 0xD0,
    0xB1, 0x1A, 0x74, 0xE3, 0x41, 0x83, 0x3A, 0x64, 0xE8, 0x8F, 0xE1, 0xFE, 0x03, 0x95, 0xF9, 0x05,
    0x1E, 0x32, 0x74, 0xA8, 0x50, 0x20, 0x19, 0xE2, 0xC1, 0x19, 0xBC, 0x34, 0x8B, 0xD6, 0xA0, 0x90,
    0x45, 0x46, 0x1A, 0x3A, 0x64, 0x28, 0xDB, 0x20, 0xCE, 0x18, 0x3A, 0xB6, 0x24, 0x14, 0x19, 0x4C,
    0x1B, 0x54, 0xC2, 0x1B, 0x93, 0x3C, 0x7D, 0x9E, 0xE7, 0x25, 0xBF, 0xEF, 0xCA, 0x81, 0x81, 0x0C,
    0x92, 0x9C, 0x2B, 0xDD, 0x73, 0x78, 0xBF, 0x1F, 0xE7, 0xBC, 0xBF, 0x9E, 0xE7, 0x7D, 0x5E, 0xE7,
    0xF0, 0x13, 0x0E, 0xCE, 0x35, 0x17, 0x2E, 0x38, 0x97, 0x85, 0xF0, 0x60, 0x75, 0xCE, 0x87, 0xF0,
    0xD9, 0x8C, 0xD7, 0x2F, 0x9A, 0x30, 0xB8, 0x24, 0x1C, 0x72, 0x7C, 0x22, 0x5D, 0x5D, 0xBA, 0x38,
    0x97, 0xCF, 0x2E, 0xC1, 0x56, 0x8C, 0xDA, 0xCA, 0x41, 0x9B, 0xEF, 0x6D, 0xEB, 0x5C, 0x3A, 0x9F,
    0xB6, 0x96, 0x1F, 0xD6, 0x36, 0xEA, 0x45, 0x7C, 0x98, 0x9F, 0xAC, 0x7B, 0x7E, 0x2F, 0x0A, 0x2D,
    0x4E, 0x59, 0xCF, 0x43, 0xA5, 0x5B, 0xF1, 0x6D, 0x17, 0x07, 0xDC, 0x86, 0x9F, 0x72, 0x75, 0xDB,
    0xCF, 0x8F, 0xB4, 0x06, 0x2E, 0x11, 0xD6, 0x6B, 0x0B, 0x6F, 0x09, 0xE1, 0xA7, 0x13, 0x8C, 0x0A,
    0xA1, 0x77, 0xF9, 0x5A, 0xE3, 0xB3, 0xE5, 0x98, 0x4F, 0x3C, 0x39, 0xC3, 0x6D, 0x75, 0xBB, 0xAD,
    0x78, 0xA5, 0x39, 0xE4, 0xB6, 0x8E, 0x5C, 0x0B, 0x9C, 0xDD, 0xB4, 0xB8, 0xDF, 0xD5, 0xBF, 0xE1,
    0xDD, 0xF0, 0x11, 0x57, 0xE7, 0xBA, 0x39, 0x0A, 0xDD, 0x7E, 0x65, 0xD3, 0xE2, 0x8E, 0x7C, 0x0C,
    0x15, 0x5C, 0xC8, 0x3F, 0x0D, 0x0E, 0xC7, 0x15, 0x61, 0x76, 0x38, 0xAF, 0x84, 0x75, 0x38, 0xCA,
    0xAF, 0x95, 0xCB, 0x07, 0xBA, 0xE5, 0x70, 0x64, 0xDD, 0x2A, 0x08, 0x4D, 0x2B, 0xD7, 0x9A, 0x83,
    0x1C, 0xE5, 0xC1, 0x78, 0x9F, 0x76, 0xD7, 0x2D, 0x0D, 0xC7, 0x1B, 0xF1, 0xAA, 0x40, 0x27, 0xDA,
    0xAA, 0x64, 0xD6, 0x96, 0x69, 0x6B, 0x11, 0x4C, 0x26, 0xA0, 0xA1, 0xF7, 0x30, 0x0B, 0x67, 0xC1,
    0xAE, 0xD5, 0xBC, 0xFE, 0x68, 0x37, 0xEC, 0xEA, 0xBB, 0x5C, 0xE9, 0x11, 0xD6, 0x21, 0x9D, 0xA3,
    0x50, 0xF6, 0xD9, 0x14, 0x85, 0xA6, 0xCD, 0x47, 0x44, 0x0E, 0xA6, 0x25, 0x61, 0xC4, 0x3B, 0xCA,
    0xCE, 0xC0, 0x04, 0xF0, 0x7D, 0xDA, 0xA3, 0xE8, 0xB4, 0x8C, 0x42, 0xDD, 0x32, 0x0A, 0x75, 0xEB,
    0xB5, 0x36, 0x8C, 0xC5, 0x13, 0xBA, 0xEE, 0xC3, 0x2F, 0xB1, 0x96, 0xE1, 0x16, 0xAE, 0xCE, 0xA6,
    0xA2, 0xDD, 0xEF, 0xCC, 0xBB, 0xFD, 0x39, 0x1B, 0x9A, 0xCA, 0x9E, 0x92, 0x75, 0xD9, 0xDE, 0x8D,
    0xC2, 0xB8, 0x7F, 0x10, 0xB9, 0xB8, 0xF4, 0xE3, 0x61, 0x35, 0x4C, 0x42, 0xD1, 0xC0, 0x1B, 0xA5,
    0xEA, 0xE0, 0x6A, 0xF8, 0xC5, 0xA7, 0xCA, 0x35, 0xEF, 0x87, 0x21, 0x3A, 0xBB, 0x15, 0x18, 0x0E,
    0x8F, 0x13, 0x0A, 0x56, 0x5A, 0x25, 0x23, 0x47, 0x26, 0x9B, 0x4F, 0x38, 0x2F, 0x52, 0xEC, 0x63,
    0x44, 0x23, 0xD6, 0x53, 0x1A, 0x78, 0x37, 0x9F, 0x72, 0x18, 0xC0, 0x24, 0x4D, 0xFA, 0x02, 0xF3,
    0x34, 0x39, 0xFA, 0x82, 0xA7, 0x62, 0x54, 0x5D, 0xE1, 0x43, 0xE5, 0x90, 0x04, 0x8B, 0x97, 0xEF,
    0xF9, 0x05, 0xA6, 0x2E, 0xB4, 0x25, 0xC3, 0x87, 0xE8, 0x84, 0xAA, 0x66, 0xB0, 0xCB, 0xA7, 0xCD,
    0xEA, 0xC2, 0xA3, 0xB3, 0xEB, 0xF0, 0x3D, 0x4C, 0x34, 0xB9, 0xA3, 0xC9, 0x1D, 0x0D, 0x6D, 0xF1,
    0x64, 0x75, 0xB6, 0x85, 0x20, 0x9A, 0xE3, 0x59, 0xAE, 0xB9, 0x06, 0x51, 0xA4, 0x67, 0x58, 0x5A,
    0x39, 0x86, 0xAF, 0x3B, 0xF9, 0x25, 0xDB, 0xCC, 0x2D, 0x67, 0x5E, 0x25, 0xAC, 0x53, 0x3A, 0x95,
    0xE2, 0x5C, 0xF9, 0x84, 0x6A, 0x6F, 0xE5, 0xD2, 0x95, 0x6F, 0xA9, 0x1E, 0x60, 0x2C, 0x4C, 0x35,
    0x87, 0x00, 0x18, 0xF3, 0x07, 0x35, 0x25, 0x77, 0x5C, 0xDD, 0x99, 0x37, 0x11, 0x22, 0x27, 0x67,
    0x58, 0x41, 0xF2, 0x85, 0xE0, 0x92, 0x2B, 0xC4, 0x95, 0x3C, 0x69, 0x1E, 0xDD, 0x90, 0x23, 0x80,
    0xC8, 0x2C, 0x3F, 0x22, 0x7B, 0x98, 0x98, 0x0D, 0x15, 0x4E, 0xDD, 0xDE, 0x8F, 0x16, 0xED, 0xFE,
    0x5F, 0x07, 0xD5, 0x65, 0x2E, 0xF7, 0x50, 0x8A, 0xE1, 0x08, 0x35, 0x03, 0x1B, 0xC3, 0xF3, 0x41,
    0x10, 0x26, 0xC3, 0xBA, 0xC2, 0x0D, 0x04, 0x34, 0x2C, 0xDC, 0x81, 0xBA, 0x39, 0x3A, 0x43, 0xD9,
    0x4E, 0x30, 0x01, 0x76, 0xF9, 0x01, 0x75, 0x06, 0xB3, 0x7C, 0x97, 0x8D, 0xB4, 0xB1, 0x66, 0xAD,
    0x79, 0x82, 0x22, 0x17, 0x32, 0x88, 0x3D, 0x9E, 0xD8, 0x1C, 0x7C, 0x4F, 0x0A, 0x69, 0xDA, 0x5A,
    0x35, 0x49, 0x1C, 0xFA, 0xA7, 0x67, 0x2A, 0xF9, 0x06, 0xF5, 0x5E, 0x86, 0xBB, 0x2D, 0x99, 0x20,
    0xBD, 0xF0, 0x07, 0x31, 0x02, 0xA0, 0x44, 0x80, 0x11, 0x6A, 0x40, 0x16, 0xA1, 0x86, 0x42, 0x22,
    0xD4, 0x10, 0x0B, 0x3C, 0xF1, 0x4C, 0x3C, 0xC5, 0x41, 0x76, 0xC3, 0x00, 0xBE, 0x80, 0x38, 0x12,
    0x6A, 0x00, 0x18, 0x03, 0x95, 0x1A, 0x5B, 0x65, 0x0A, 0x2B, 0x6D, 0xD3, 0x36, 0x12, 0xCE, 0x04,
    0x31, 0x31, 0x51, 0xD8, 0x56, 0xF6, 0x7C, 0x22, 0x88, 0xCB, 0xA7, 0x67, 0x15, 0xD9, 0x0A, 0x56,
    0xF1, 0x72, 0x14, 0x6F, 0xB3, 0x6D, 0x87, 0x2D, 0xAB, 0x4E, 0x64, 0x25, 0x50, 0x9E, 0x0B, 0xA6,
    0x69, 0x98, 0x6D, 0x1B, 0x6C, 0xDB, 0xA0, 0xE2, 0x6A, 0xF3, 0x81, 0x40, 0x30, 0xAB, 0xE9, 0xC3,
    0x7D, 0x27, 0x1F, 0x36, 0xDE, 0xB5, 0x03, 0xC5, 0x6B, 0xB2, 0x9A, 0x3E, 0xC0, 0x48, 0xFA, 0x60,
    0x51, 0xA5, 0x75, 0x7C, 0x1B, 0x5B, 0xAA, 0x8C, 0x6B, 0x43, 0xCE, 0xE9, 0x03, 0xAC, 0xDE, 0xC8,
    0x55, 0x5B, 0xEB, 0x0C, 0xDF, 0xF2, 0xA1, 0x69, 0xE5, 0x83, 0xA1, 0xF0, 0x80, 0x4B, 0xB4, 0x5D,
    0xCE, 0x6F, 0x6C, 0x44, 0x9B, 0x08, 0xD0, 0xD1, 0xF9, 0x6C, 0x7E, 0x4D, 0xB6, 0x0D, 0xF6, 0x41,
    0xBA, 0x82, 0xC4, 0xF6, 0x38, 0x5C, 0x74, 0x27, 0xB2, 0xCB, 0x3B, 0xB3, 0x5D, 0xEF, 0x06, 0x23,
    0x39, 0x50, 0x5C, 0x30, 0x82, 0x03, 0xBD, 0x2D, 0x78, 0x81, 0x14, 0x85, 0x05, 0x97, 0x64, 0x93,
    0x38, 0x15, 0xDE, 0xE5, 0x23, 0xAB, 0x7A, 0x50, 0x45, 0x67, 0x82, 0xE6, 0x48, 0x82, 0x1A, 0x2E,
    0x9D, 0xAE, 0x1C, 0x58, 0xDC, 0x14, 0xAE, 0xBF, 0xE4, 0x4D, 0x9E, 0x06, 0x7B, 0xDA, 0xE9, 0x49,
    0x88, 0x9E, 0x44, 0x87, 0xEB, 0xFC, 0x44, 0xC2, 0x5B, 0x5D, 0x8D, 0x43, 0x7B, 0xDC, 0xD1, 0x2C,
    0xDC, 0x67, 0xC7, 0x62, 0xEA, 0x70, 0x13, 0x30, 0xEA, 0xD9, 0x10, 0x56, 0x14, 0x69, 0x9B, 0x4F,
    0xD1, 0x52, 0x1F, 0x6A, 0xB4, 0x83, 0x78, 0xF6, 0x6D, 0x53, 0x15, 0x43, 0x32, 0xFB, 0x2E, 0x68,
    0x2F, 0xFB, 0x80, 0x58, 0xA6, 0x53, 0x3E, 0xE0, 0x1B, 0x5D, 0x3A, 0xE6, 0x9F, 0x58, 0x39, 0x67,
    0x17, 0x0B, 0xCB, 0x79, 0x48, 0xD7, 0x59, 0xE5, 0x9C, 0x20, 0xD1, 0xE1, 0x50, 0xF4, 0x31, 0xF7,
    0xAA, 0x04, 0xC0, 0x00, 0x36, 0x57, 0x82, 0xEB, 0x41, 0x3C, 0x8C, 0x7F, 0x23, 0xB3, 0xC0, 0x0A,
    0x43, 0xB2, 0x75, 0xB1, 0x64, 0xA3, 0xCB, 0x5C, 0xE1, 0x75, 0x7F, 0xDE, 0x4C, 0x86, 0x2D, 0x0B,
    0x30, 0x76, 0xAB, 0x85, 0xE2, 0x62, 0x67, 0xCF, 0x68, 0x36, 0xFF, 0xF0, 0x45, 0xF9, 0x07, 0xC8,
    0xC8, 0xBF, 0x78, 0x32, 0xFF, 0x18, 0x72, 0xFA, 0xC7, 0x9D, 0x77, 0x21, 0x7A, 0xF2, 0x0F, 0x20,
    0x5B, 0x1A, 0xF8, 0x57, 0x0E, 0xF1, 0x42, 0xFF, 0xCA, 0xDE, 0xFC, 0xF3, 0x9D, 0xF9, 0xE7, 0x5B,
    0xF3, 0xAF, 0xE6, 0x0E, 0xFF, 0x9A, 0xD6, 0xFC, 0x43, 0x7B, 0x97, 0x7F, 0x60, 0x2B, 0xF3, 0xCF,
    0xC9, 0x3F, 0xF8, 0x23, 0xFF, 0x90, 0x3F, 0xF9, 0x47, 0x73, 0xE8, 0x9F, 0xED, 0xB5, 0x3A, 0x8C,
    0xAA, 0x7D, 0xDB, 0xB3, 0x69, 0xF3, 0xD3, 0xB8, 0xEF, 0x4A, 0x63, 0xFE, 0x65, 0x5B, 0x6B, 0xC8,
    0xB6, 0x62, 0xCF, 0xF6, 0xEE, 0x11, 0xDB, 0xE7, 0xB3, 0xF9, 0xF2, 0x96, 0x0E, 0xEE, 0xD9, 0x9F,
    0x19, 0x14, 0x08, 0xF2, 0x9B, 0xE1, 0x79, 0xD9, 0xC7, 0x0B, 0x1D, 0x06, 0x3B, 0x3F, 0xA1, 0x37,
    0x49, 0xF8, 0x86, 0x9C, 0x41, 0xC1, 0xC1, 0x17, 0x55, 0x5B, 0x38, 0x64, 0xAC, 0x37, 0x78, 0x32,
    0xB2, 0x0E, 0x15, 0x44, 0xBC, 0xCC, 0x0C, 0xD3, 0x0D, 0xD8, 0x8C, 0x97, 0xD9, 0x16, 0xE9, 0x44,
    0xA7, 0x62, 0x64, 0xFC, 0xB0, 0xB1, 0x33, 0x6E, 0x1E, 0x6C, 0x0E, 0xE4, 0x5B, 0x7E, 0xB4, 0xFD,
    0x49, 0x23, 0x2F, 0x8C, 0x2C, 0xB1, 0x55, 0xA7, 0x5E, 0x5C, 0x1E, 0x10, 0x1E, 0x97, 0xF7, 0xAC,
    0xD0, 0x94, 0xAA, 0x09, 0x6C, 0x3E, 0x08, 0x3A, 0xC7, 0x36, 0x4A, 0x09, 0x75, 0x0C, 0x41, 0xAE,
    0xD5, 0xD2, 0xEE, 0x3F, 0xE6, 0xDA, 0x9C, 0x8B, 0x82, 0x79, 0x4C, 0xBC, 0x70, 0x4D, 0xE7, 0xA2,
    0xA3, 0x1D, 0x5C, 0x8B, 0x81, 0x19, 0xF7, 0x3D, 0xD7, 0xFA, 0xD1, 0x79, 0xCF, 0xA4, 0xE3, 0xFC,
    0x48, 0x6B, 0xA2, 0x95, 0x1D, 0x63, 0x50, 0xF7, 0x18, 0x36, 0x36, 0xF3, 0xA2, 0x05, 0xA0, 0x47,
    0x02, 0x80, 0x34, 0x54, 0x3E, 0x20, 0xF1, 0x7D, 0x3C, 0x90, 0x9D, 0x3A, 0x1A, 0xB4, 0x53, 0x14,
    0x2B, 0xC3, 0x85, 0x79, 0xE5, 0x59, 0x00, 0x69, 0x60, 0xA9, 0x91, 0xD7, 0x45, 0xEA, 0x62, 0x74,
    0xD1, 0xF9, 0xC6, 0xE5, 0xC5, 0x60, 0x1A, 0xAA, 0x69, 0x9B, 0xCE, 0xD5, 0xBF, 0x55, 0x93, 0x54,
    0xFB, 0xC3, 0x5D, 0xE9, 0xE4, 0x0F, 0xA4, 0xBC, 0xE6, 0xF2, 0x6D, 0x19, 0xFD, 0x3C, 0xDD, 0xD6,
    0x04, 0x39, 0xD0, 0xF1, 0x89, 0x02, 0x6A, 0xD9, 0xE3, 0xAD, 0x68, 0x17, 0xC3, 0x1E, 0xF0, 0x13,
    0x05, 0x90, 0x38, 0xC5, 0x03, 0x12, 0x57, 0x1B, 0xE3, 0x54, 0x1B, 0x85, 0x89, 0x84, 0x45, 0xB7,
    0x9E, 0x07, 0x37, 0xB6, 0x30, 0x6A, 0x6D, 0xD9, 0x32, 0x25, 0x4C, 0x48, 0xA2, 0x70, 0x6D, 0xC9,
    0x08, 0xF6, 0xCD, 0xD8, 0x1A, 0x86, 0xC0, 0xC9, 0x02, 0xE6, 0xAF, 0x7A, 0xC2, 0xE8, 0xF6, 0xA6,
    0x20, 0x43, 0xCA, 0xDE, 0xCC, 0xA0, 0x15, 0x32, 0xC2, 0xCD, 0x80, 0xA7, 0x6B, 0x32, 0xB6, 0x0A,
    0xB2, 0x78, 0x29, 0x11, 0xB9, 0x1C, 0xD5, 0xE3, 0x85, 0xD4, 0xAC, 0x28, 0xB7, 0xA7, 0x7E, 0x1E,
    0xA9, 0x9E, 0xE7, 0x94, 0x5D, 0x5E, 0xCA, 0x59, 0xBA, 0x59, 0xAA, 0x59, 0x9A, 0x59, 0x52, 0xD9,
    0xB3, 0xC5, 0xA3, 0xCF, 0xE7, 0x5A, 0x26, 0x29, 0x65, 0xE9, 0xE4, 0x92, 0x6A, 0x46, 0x1A, 0x59,
    0x0A, 0xD9, 0xF4, 0x71, 0x09, 0xFD, 0x69, 0x51, 0xF6, 0x6F, 0xB1, 0x1F, 0x30, 0xCA, 0xAA, 0xCB,
    0x34, 0xEC, 0x56, 0x5C, 0x5B, 0xC4, 0x0D, 0x2D, 0x73, 0x3A, 0x50, 0x24, 0x8F, 0xA6, 0x91, 0x3D,
    0x05, 0xA1, 0x14, 0xB2, 0x04, 0xB2, 0xF4, 0xB1, 0xE4, 0xB1, 0xD4, 0xB1, 0x12, 0x2B, 0x6D, 0x2C,
    0x69, 0x2C, 0x65, 0x6C, 0xC2, 0x38, 0x19, 0x93, 0xD1, 0x45, 0x0B, 0xCB, 0xB1, 0x91, 0xC4, 0x25,
    0xB5, 0x95, 0xD3, 0xAE, 0xFD, 0x76, 0xBA, 0x97, 0xA8, 0x49, 0x4E, 0x74, 0xBF, 0x48, 0xA7, 0xEE,
    0x74, 0x9F, 0x1F, 0xE9, 0xBE, 0x18, 0x9E, 0x69, 0x26, 0xB8, 0x15, 0x8A, 0x89, 0xAA, 0xD9, 0x77,
    0x24, 0x4F, 0x90, 0x11, 0x9C, 0x44, 0x37, 0xCA, 0x03, 0x04, 0x66, 0x22, 0xFD, 0x55, 0x93, 0x1D,
    0xB7, 0x42, 0x66, 0x2F, 0xFC, 0x6C, 0x3C, 0x16, 0xF2, 0x61, 0xA7, 0x21, 0x8A, 0x2B, 0xE8, 0x61,
    0xDC, 0x0C, 0xAC, 0x6F, 0xD7, 0x27, 0xB3, 0x69, 0xE1, 0x92, 0xC3, 0x81, 0x94, 0xB0, 0x84, 0xF0,
    0x76, 0xBD, 0x1F, 0x4C, 0x05, 0x4B, 0x04, 0x4B, 0x03, 0x4B, 0x02, 0x6F, 0x0A, 0xD8, 0x33, 0xDA,
    0x35, 0x97, 0xE6, 0x28, 0x6F, 0xEF, 0x15, 0xB8, 0x6E, 0x65, 0x35, 0x2C, 0x2C, 0xF6, 0xEB, 0x57,
    0x5E, 0x76, 0x0C, 0xB2, 0xA0, 0x29, 0x8D, 0xEA, 0x20, 0xEC, 0x55, 0x97, 0xFF, 0x84, 0x15, 0xFB,
    0x33, 0xE4, 0xA3, 0x78, 0x88, 0xA7, 0x2B, 0xEE, 0xFA, 0x8B, 0x0A, 0x89, 0x7B, 0xF5, 0xCE, 0x8E,
    0x4B, 0xD6, 0x7D, 0x4C, 0xB6, 0x8B, 0xF9, 0xD2, 0x54, 0x54, 0xE8, 0x5B, 0x88, 0x0B, 0x96, 0x2F,
    0x25, 0x2E, 0x2E, 0xFA, 0x8F, 0xBD, 0x17, 0x89, 0x4A, 0x68, 0x85, 0xFB, 0x3A, 0xFF, 0xFA, 0x0E,
    0xC5, 0xDD, 0x43, 0x6A, 0xA5, 0xB7, 0x5E, 0x6C, 0x70, 0xBE, 0x8D, 0x7F, 0xEE, 0x75, 0x76, 0xB0,
    0x92, 0x20, 0xC9, 0x09, 0x92, 0xF8, 0xDD, 0xAD, 0x68, 0xA2, 0x2F, 0xB3, 0x68, 0xAE, 0x56, 0x7F,
    0x5A, 0xB9, 0xB4, 0x87, 0xF0, 0x8C, 0x3F, 0x23, 0x6A, 0x05, 0xEA, 0x7F, 0xAA, 0x5E, 0x66, 0xE5,
    0x88, 0x3C, 0xD9, 0xDB, 0x5C, 0x46, 0x2C, 0xC5, 0xCC, 0xD1, 0xBD, 0x9C, 0x45, 0x53, 0xB2, 0x68,
    0xCA, 0x2F, 0x07, 0x4C, 0x0C, 0x46, 0x22, 0xE5, 0x21, 0xB1, 0xE6, 0x8F, 0x73, 0xEF, 0xA9, 0x68,
    0x5E, 0x6C, 0x5C, 0xCE, 0xD5, 0x77, 0x3B, 0x4D, 0x57, 0xFF, 0x47, 0x65, 0x98, 0x59, 0x33, 0xFA,
    0xEB, 0x30, 0xE3, 0xB5, 0x19, 0x06, 0x4F, 0x7E, 0xBD, 0x35, 0xD2, 0x45, 0x9C, 0xD4, 0xFB, 0xC7,
    0x98, 0x98, 0xC0, 0x00, 0x39, 0x64, 0x5A, 0x1C, 0xEE, 0x48, 0x59, 0x84, 0xE3, 0x9A, 0x86, 0x63,
    0x07, 0x70, 0x51, 0x45, 0x93, 0xB3, 0x0F, 0x04, 0x88, 0x4F, 0xB9, 0x66, 0xFF, 0x33, 0xFD, 0x71,
    0xE8, 0x11, 0xB2, 0x57, 0x2E, 0xAD, 0x61, 0x04, 0x96, 0x3F, 0x18, 0x15, 0x6B, 0x86, 0x7A, 0x8F,
    0x34, 0x55, 0x09, 0x44, 0x09, 0x35, 0x09, 0x25, 0x09, 0x15, 0x09, 0x05, 0x09, 0xF5, 0x08, 0xE5,
    0x08, 0xD5, 0x08, 0xC5, 0x08, 0x73, 0x4D, 0x29, 0x42, 0x25, 0x42, 0x21, 0x42, 0x1D, 0x62, 0x32,
    0x24, 0x35, 0x8A, 0xE4, 0xF8, 0x74, 0xE4, 0x49, 0xF7, 0xD5, 0x6D, 0x26, 0x73, 0xEC, 0x9E, 0xCE,
    0xDD, 0x7E, 0x26, 0x1C, 0x8A, 0x86, 0x82, 0xA1, 0x58, 0x28, 0x14, 0x8A, 0x04, 0x03, 0xA1, 0x38,
    0x28, 0x0C, 0x8A, 0x82, 0x82, 0xA0, 0x18, 0x28, 0x04, 0xF4, 0x5A, 0x01, 0x90, 0xFF, 0x72, 0x5F,
    0xDE, 0xCB, 0x79, 0xF9, 0x6E, 0xAE, 0x9F, 0x3C, 0xDF, 0x34, 0xF3, 0xED, 0xCD, 0x94, 0xFB, 0xBB,
    0x71, 0xCF, 0xC1, 0x73, 0xEB, 0xFC, 0xCF, 0xEE, 0x87, 0xCB, 0x92, 0x1A, 0x1F, 0xD7, 0x1B, 0xCD,
    0xB6, 0x63, 0xE3, 0x07, 0x92, 0xB5, 0xF9, 0xF9, 0x99, 0x6A, 0xDC, 0xA6, 0x53, 0xDC, 0x75, 0x30,
    0x01, 0x6C, 0xEA, 0xAD, 0xEE, 0x6C, 0x0F, 0xDF, 0x09, 0xDF, 0xBB, 0x41, 0x05, 0x05, 0x39, 0x32,
    0xF1, 0x6B, 0x31, 0x51, 0x05, 0xF1, 0x22, 0xB1, 0x81, 0x39, 0xE6, 0x8D, 0x79, 0xBB, 0x65, 0x36,
    0xC5, 0xA7, 0x9D, 0xE1, 0x11, 0xDA, 0x56, 0xD3, 0x7B, 0xA8, 0xF3, 0xFC, 0xE2, 0xAC, 0xE2, 0x1F,
    0x05, 0xCD, 0x00, 0x4A, 0x38, 0xAC, 0xB2, 0x46, 0xBC, 0x99, 0x55, 0xE8, 0xF3, 0x05, 0xCF, 0x3E,
    0x0E, 0x4B, 0xC7, 0x9F, 0xB2, 0x9F, 0x1B, 0x0E, 0x27, 0x38, 0x94, 0x31, 0x47, 0xAC, 0xD6, 0x3A,
    0xFC, 0x7A, 0x2D, 0xC6, 0x7C, 0x05, 0xD3, 0xF6, 0x39, 0xE4, 0x3E, 0xF5, 0xFD, 0xB5, 0x19, 0x31,
    0x83, 0x79, 0x0D, 0xD7, 0x0E, 0x2A, 0x27, 0x7C, 0x04, 0xAD, 0xE3, 0xD9, 0xD2, 0x5B, 0xCE, 0x27,
    0x88, 0xDE, 0x7A, 0xB3, 0x63, 0x40, 0x42, 0x87, 0x08, 0x62, 0x45, 0x0C, 0x4B, 0x72, 0xC1, 0xF9,
    0x7A, 0x20, 0x9E, 0x26, 0x5A, 0x35, 0x60, 0xDE, 0xFA, 0x67, 0x8C, 0x44, 0xAD, 0xAB, 0xA4, 0xB1,
    0x34, 0xC9, 0x15, 0xB2, 0x6B, 0xB8, 0x72, 0x76, 0x1D, 0xD7, 0x85, 0x1E, 0x08, 0xE5, 0x52, 0x86,
    0x0E, 0x1A, 0xAE, 0x6E, 0x6B, 0x1C, 0x8A, 0x9C, 0xF9, 0x30, 0xFA, 0xA1, 0x0E, 0x63, 0x39, 0x72,
    0xAA, 0x0A, 0x6F, 0x07, 0xF6, 0xEF, 0xC0, 0x60, 0xAC, 0x74, 0xEA, 0x0E, 0x29, 0xA8, 0xA4, 0x58,
    0x44, 0xE2, 0xF0, 0x46, 0x95, 0x84, 0x77, 0xC0, 0x7B, 0x4B, 0x02, 0x84, 0xCF, 0xE2, 0x97, 0x78,
    0xE1, 0xF0, 0x82, 0xD9, 0x87, 0x24, 0x83, 0x01, 0x95, 0x0B, 0x4A, 0xAB, 0x1C, 0x4A, 0xC5, 0x6D,
    0x20, 0xA5, 0x01, 0x70, 0xE1, 0x1D, 0x38, 0xF3, 0xED, 0xB2, 0xDF, 0x94, 0xB3, 0x67, 0xC9, 0x7B,
    0xC4, 0xFD, 0x3F, 0x6F, 0x22, 0x67, 0x0D, 0x2F, 0x6B, 0x18, 0xCD, 0x6B, 0xA2, 0x8C, 0x5D, 0xC2,
    0xC2, 0x01, 0x7F, 0x97, 0x88, 0x96, 0x84, 0x5D, 0xF7, 0xD0, 0xFE, 0xA1, 0x9E, 0xEB, 0xAE, 0xCD,
    0xF3, 0x8E, 0x9E, 0xC3, 0xE9, 0x57, 0x1A, 0x2C, 0x64, 0xE0, 0x8E, 0x61, 0x06, 0x30, 0xAA, 0x2F,
    0xF6, 0x9C, 0x12, 0xDD, 0x65, 0x03, 0x85, 0x38, 0xA7, 0xA6, 0x58, 0x29, 0x56, 0x67, 0xB2, 0x69,
    0x92, 0x43, 0xE6, 0xB3, 0x71, 0x59, 0xBF, 0x28, 0x2E, 0x22, 0xDF, 0x61, 0x8F, 0x4B, 0x79, 0xD1,
    0x6C, 0x71, 0xC9, 0x02, 0xC4, 0x71, 0xBC, 0x96, 0x97, 0x87, 0x89, 0xEB, 0x0E, 0xDE, 0xBC, 0xF9,
    0x36, 0x7C, 0xAE, 0x69, 0x4A, 0x6D, 0x71, 0x39, 0x1C, 0xE3, 0x62, 0xDA, 0x1E, 0xE2, 0xBE, 0x73,
    0x5B, 0x68, 0x2E, 0xC9, 0x7B, 0x0D, 0x9F, 0x3C, 0x86, 0x2F, 0xA1, 0xDB, 0x8C, 0x2C, 0xA4, 0xBA,
    0x17, 0x28, 0xC8, 0x14, 0xDF, 0x64, 0x90, 0x02, 0xA3, 0x14, 0x05, 0xBE, 0x19, 0xAF, 0x35, 0x35,
    0xEA, 0x2A, 0x7C, 0x51, 0x54, 0x33, 0xB2, 0x62, 0x27, 0x7E, 0x3C, 0xA3, 0xF2, 0x27, 0x43, 0x50,
    0xC1, 0x0F, 0x8C, 0x68, 0x41, 0x27, 0xE8, 0xCA, 0xCC, 0x12, 0x4F, 0x17, 0x5D, 0xB8, 0xF2, 0x42,
    0x0D, 0x2C, 0x03, 0xC4, 0x45, 0x3C, 0x97, 0xF8, 0x52, 0x68, 0x38, 0x04, 0xD0, 0x2E, 0x3F, 0x9D,
    0x6C, 0x7B, 0x76, 0x5C, 0xFA, 0xDC, 0xCC, 0x84, 0x79, 0x22, 0x0A, 0x51, 0x38, 0xC4, 0x2B, 0xDA,
    0x21, 0x06, 0x91, 0x09, 0x9D, 0x8F, 0x33, 0xC8, 0x1C, 0x0E, 0x3B, 0x5B, 0x72, 0x68, 0x33, 0xCA,
    0x0C, 0x04, 0x32, 0xBE, 0x07, 0xF0, 0x63, 0xBA, 0xEB, 0xE1, 0x05, 0x8A, 0x59, 0x5D, 0x56, 0xF3,
    0xE0, 0xF4, 0x5C, 0x46, 0x9D, 0x82, 0xA3, 0x8E, 0x1F, 0x70, 0x6E, 0xD3, 0x97, 0x13, 0xAA, 0xAC,
    0x08, 0x77, 0x7F, 0x7F, 0xD4, 0x49, 0x99, 0x3D, 0xCA, 0x6E, 0x6B, 0xCF, 0xA2, 0xEF, 0x5A, 0x29,
    0x3A, 0x8E, 0x8C, 0x9C, 0x77, 0x10, 0x51, 0x12, 0x10, 0x87, 0x1D, 0xCE, 0x3A, 0x1C, 0x75, 0x38,
    0xE9, 0x70, 0xD0, 0xE1, 0x9C, 0xC3, 0x31, 0x87, 0x53, 0x0E, 0x79, 0xB3, 0xB6, 0x2E, 0x5A, 0x91,
    0x8A, 0x35, 0xE0, 0x2C, 0x8C, 0xAD, 0x29, 0x93, 0xBC, 0x33, 0x2C, 0x64, 0x2B, 0x9B, 0x9F, 0xEE,
    0x3A, 0x4E, 0xAB, 0xCD, 0x3E, 0x44, 0xFE, 0x31, 0xF9, 0x4E, 0x6A, 0xF4, 0xFA, 0xED, 0xDD, 0xE5,
    0xF9, 0xEF, 0x45, 0xC5, 0x23, 0x1D, 0x80, 0x8F, 0x84, 0xE8, 0x74, 0x2B, 0xAB, 0xBD, 0x99, 0x77,
    0x73, 0x36, 0xD6, 0xEF, 0x8C, 0xC0, 0x6B, 0x2E, 0xAF, 0xDC, 0x3C, 0xB2, 0x06, 0x79, 0xC9, 0xA9,
    0xF6, 0xC9, 0x34, 0xAA, 0x20, 0xF5, 0xD9, 0x92, 0x04, 0xFF, 0xCA, 0xF9, 0x6C, 0x3D, 0x01, 0x17,
    0x2F, 0xFB, 0x02, 0x50, 0x7F, 0xCD, 0x15, 0x50, 0x54, 0xDF, 0xC7, 0x47, 0x14, 0x68, 0xCD, 0xA5,
    0x57, 0xC1, 0xE1, 0xB4, 0x2D, 0x47, 0x60, 0x47, 0x4F, 0x65, 0xCD, 0x03, 0xD5, 0x64, 0xEA, 0x4B,
    0x66, 0xB4, 0x47, 0x33, 0x0E, 0xEE, 0xEC, 0x8D, 0x93, 0x19, 0xC3, 0x66, 0x46, 0x72, 0x32, 0xE3,
    0x62, 0xB7, 0x45, 0x13, 0x9F, 0xAB, 0xA7, 0xFD, 0xC3, 0x32, 0x28, 0x3D, 0x3E, 0xE1, 0xD3, 0x7F,
    0xC6, 0x03, 0xDE, 0xFC, 0x01, 0x6C, 0xA9, 0xED, 0x74, 0xE1, 0x46, 0x54, 0x41, 0x3A, 0xCB, 0xD1,
    0xBC, 0x5D, 0x4A, 0x3A, 0x4B, 0x78, 0x54, 0x74, 0x2C, 0x18, 0x17, 0xD4, 0x03, 0xA9, 0x7C, 0x83,
    0xDB, 0x2E, 0x37, 0x4F, 0x4F, 0x57, 0x4C, 0xBB, 0x41, 0x6A, 0x90, 0xC5, 0x29, 0xC3, 0x27, 0xFA,
    0xEA, 0x9E, 0x01, 0x77, 0xD8, 0xC1, 0xAD, 0x28, 0x37, 0x3C, 0xB3, 0x11, 0x32, 0x3B, 0x8B, 0xC1,
    0x47, 0x2C, 0x25, 0x2B, 0x52, 0x29, 0xB3, 0x83, 0x8C, 0xE6, 0x13, 0x9A, 0xC2, 0xFB, 0x90, 0x2C,
    0x67, 0xB7, 0x02, 0x4F, 0xF1, 0x1C, 0x02, 0x66, 0x1E, 0xC5, 0xEB, 0xF9, 0x57, 0x90, 0x21, 0xF0,
    0x92, 0x72, 0x97, 0x52, 0xB3, 0x75, 0xD2, 0xE2, 0x8E, 0x5D, 0x80, 0x82, 0x7C, 0x16, 0x29, 0x52,
    0xFD, 0x4E, 0xFA, 0x02, 0x35, 0xCF, 0x84, 0x52, 0xD6, 0x53, 0x31, 0x46, 0x46, 0x6F, 0xA4, 0xE7,
    0x60, 0x5E, 0xA1, 0x55, 0x2C, 0xE6, 0x1A, 0xB4, 0x8A, 0x1A, 0xFB, 0x90, 0x86, 0x4A, 0x09, 0x2B,
    0x9F, 0xC2, 0xF4, 0xF0, 0xE8, 0xEC, 0x3A, 0x3B, 0xCE, 0x44, 0x93, 0x55, 0x42, 0x14, 0xC5, 0xCA,
    0xE2, 0xE4, 0xEC, 0x49, 0x1E, 0xED, 0xE9, 0xB5, 0x87, 0x7A, 0x97, 0x38, 0x74, 0xC7, 0xE2, 0x2C,
    0x6F, 0x9C, 0x39, 0x93, 0x08, 0x9D, 0xB8, 0x1E, 0x7C, 0xDB, 0xC9, 0x15, 0x00, 0xAC, 0x95, 0x27,
    0x57, 0xBE, 0x15, 0x0E, 0xE6, 0x08, 0x2C, 0x34, 0x3F, 0x90, 0x72, 0x73, 0xA3, 0x1C, 0xCC, 0x0B,
    0x48, 0x1E, 0x73, 0x22, 0x42, 0xC0, 0xE4, 0x03, 0xF3, 0x26, 0x17, 0x58, 0x1E, 0xF2, 0x80, 0xAC,
    0x2D, 0x07, 0x9A, 0x47, 0x37, 0x64, 0xBF, 0xA3, 0xDE, 0xF1, 0xBA, 0x4F, 0x0F, 0x93, 0x33, 0x9D,
    0xB4, 0x25, 0xEE, 0xD2, 0xDE, 0x1C, 0xF6, 0x71, 0xE7, 0x54, 0x22, 0x7B, 0x95, 0xE0, 0xD0, 0x0F,
    0x42, 0x6C, 0x0D, 0x78, 0x4D, 0x4C, 0x59, 0x2E, 0x1B, 0x9E, 0xE7, 0xE8, 0x0C, 0x74, 0x01, 0x5D,
    0x88, 0x8F, 0x56, 0xD4, 0x86, 0xCC, 0x08, 0xF5, 0x21, 0x6D, 0xAC, 0x35, 0x79, 0x70, 0x0A, 0xCA,
    0xB9, 0x38, 0x62, 0x9C, 0x27, 0xB2, 0x1D, 0xB3, 0x9F, 0xB0, 0x41, 0x33, 0xB7, 0xF5, 0x6F, 0x80,
    0xF9, 0xA7, 0x67, 0x02, 0x09, 0x05, 0x42, 0x19, 0xEE, 0xB6, 0x24, 0x9F, 0xF4, 0xC2, 0x1F, 0x82,
    0x29, 0x66, 0x41, 0x85, 0x85, 0x26, 0x8B, 0x12, 0xFA, 0x70, 0xF5, 0xCE, 0xCB, 0x56, 0x09, 0x4E,
    0x05, 0x24, 0xF8, 0x15, 0xC2, 0x01, 0x83, 0xF6, 0x8F, 0xEE, 0xCB, 0x53, 0x09, 0x9C, 0x2B, 0x15,
    0x9D, 0xD6, 0x12, 0x55, 0xAB, 0x35, 0x33, 0x50, 0x02, 0x35, 0x0A, 0x50, 0xB8, 0xE6, 0x10, 0x3B,
    0x13, 0xA1, 0x9C, 0x63, 0xF1, 0x87, 0xE6, 0x46, 0xFC, 0x11, 0x87, 0xB3, 0x5B, 0x80, 0x87, 0x4A,
    0x9A, 0x23, 0xA4, 0x26, 0x06, 0x7C, 0x23, 0xDD, 0xF7, 0x4D, 0xE6, 0xE1, 0xC3, 0x48, 0xE9, 0xAC,
    0xE1, 0x89, 0xFD, 0x56, 0xE3, 0x13, 0xC5, 0x32, 0xA6, 0xC9, 0x0E, 0x61, 0xC5, 0x7F, 0x7F, 0x01,
    0xA0, 0xC0, 0x6A, 0xE9, 0x66, 0x98, 0xA5, 0xAE, 0x0D, 0xDB, 0xA3, 0x86, 0x30, 0xC9, 0xFB, 0x1A,
    0xE1, 0xCB, 0x3F, 0x24, 0xBD, 0x16, 0x1F, 0x93, 0x1E, 0xCB, 0xF0, 0x0E, 0xA5, 0xC4, 0x24, 0x05,
    0xA3, 0xA2, 0xF0, 0x04, 0xC5, 0xE6, 0x41, 0x43, 0x38, 0x6C, 0xD6, 0xA3, 0x11, 0xCD, 0x1B, 0x09,
    0xE0, 0x03, 0x9E, 0xD1, 0x21, 0x19, 0x24, 0x4B, 0x0A, 0x87, 0x92, 0xB9, 0x24, 0xC9, 0xAD, 0x41,
    0xA3, 0x1C, 0xB9, 0x4F, 0x63, 0x16, 0xAE, 0xEF, 0x8F, 0x5A, 0x49, 0xBC, 0x65, 0xD9, 0x37, 0xE2,
    0xB7, 0xC0, 0x9A, 0x3A, 0xD9, 0x00, 0xB0, 0x97, 0xBF, 0xC8, 0xCF, 0xC8, 0x10, 0x2D, 0xC5, 0x1D,
    0xFB, 0x9C, 0x2B, 0xAB, 0xA3, 0xB2, 0x19, 0x39, 0x4A, 0x7A, 0x0D, 0x94, 0xF5, 0xCC, 0x42, 0x68,
    0x16, 0xAE, 0xAC, 0x5B, 0xA4, 0x23, 0xF0, 0xDC, 0x15, 0x58, 0x68, 0xA3, 0xA5, 0x3E, 0xD4, 0x87,
    0x78, 0xF6, 0x6D, 0x83, 0xF0, 0xFB, 0x8E, 0x49, 0xE0, 0x40, 0x95, 0x4E, 0x39, 0x84, 0x66, 0x3A,
    0xE6, 0x9F, 0x00, 0xF2, 0x63, 0x76, 0x01, 0xBC, 0x0F, 0xE9, 0xCA, 0x39, 0x2D, 0x09, 0x3C, 0x2F,
    0xC6, 0x5A, 0x72, 0x9E, 0x70, 0x20, 0x71, 0x76, 0x1B, 0x00, 0x87, 0x6A, 0x47, 0x1D, 0xC5, 0xF2,
    0x6B, 0xC9, 0xA6, 0x49, 0x25, 0xCD, 0xCF, 0x77, 0x66, 0x9F, 0x51, 0xE8, 0xD1, 0x0C, 0x7B, 0xE2,
    0x45, 0x34, 0xFB, 0x84, 0xCB, 0x37, 0x58, 0x87, 0x4A, 0xBD, 0x58, 0x47, 0xC5, 0xC8, 0xC9, 0x87,
    0x19, 0x2E, 0x4E, 0xC5, 0xD8, 0x2B, 0xCB, 0x96, 0x62, 0x78, 0xD6, 0x5A, 0xD8, 0xDC, 0x8F, 0xAA,
    0xBD, 0x45, 0x20, 0x8B, 0x5C, 0x5F, 0xE5, 0x0B, 0xD1, 0x6A, 0xA3, 0x2A, 0x2F, 0xCE, 0x1E, 0x32,
    0x9C, 0xD9, 0x37, 0xB5, 0xFE, 0x42, 0xAB, 0x8A, 0x33, 0x17, 0x97, 0x94, 0x7A, 0xAE, 0x4D, 0xFB,
    0xD5, 0x02, 0x30, 0x6D, 0x4E, 0x38, 0xC3, 0xC2, 0x24, 0xAE, 0xF9, 0x48, 0x15, 0x59, 0x0E, 0x98,
    0x65, 0x61, 0x01, 0x91, 0xD5, 0x90, 0x2B, 0x35, 0xC9, 0xAA, 0x6B, 0x80, 0x02, 0x97, 0xB3, 0x5B,
    0x83, 0x78, 0x71, 0x70, 0x1A, 0x64, 0x9D, 0x26, 0x59, 0x67, 0xA3, 0x2C, 0x2D, 0xA9, 0xB6, 0x7E,
    0xE5, 0xF7, 0xF1, 0x32, 0x52, 0xDB, 0xE6, 0xED, 0xF9, 0x77, 0x79, 0x49, 0xD2, 0x6E, 0x4F, 0x7A,
    0x2D, 0x5A, 0x4E, 0xD3, 0x1B, 0xFB, 0xCE, 0xAC, 0xEA, 0x47, 0x2A, 0x02, 0x73, 0x4A, 0x3E, 0x13,
    0x99, 0x89, 0xC9, 0x54, 0xEB, 0x1B, 0x87, 0x15, 0x5C, 0x70, 0x37, 0xC7, 0x5D, 0x4E, 0x6C, 0x5B,
    0x67, 0xE7, 0xC4, 0xEB, 0xF6, 0x91, 0xD7, 0xA5, 0xDB, 0xE1, 0xF9, 0x78, 0x49, 0x0C, 0xB3, 0xCA,
    0xB6, 0x2B, 0xDF, 0x7D, 0x76, 0x7E, 0xF4, 0xD6, 0x51, 0xE8, 0xB5, 0xF6, 0xA0, 0xF6, 0x88, 0xA0,
    0x37, 0x3F, 0x3F, 0x53, 0x4D, 0xAA, 0xC1, 0x3A, 0x6A, 0x24, 0xAB, 0x64, 0x23, 0xE9, 0xBA, 0xB3,
    0x1D, 0x72, 0xFF, 0x7B, 0x37, 0x58, 0x19, 0xC6, 0xED, 0xC9, 0x8A, 0x7D, 0x24, 0xF1, 0x25, 0xD2,
    0x6E, 0xC5, 0xC5, 0x1B, 0xF3, 0x76, 0x8B, 0xF6, 0xC6, 0x76, 0xD0, 0x9A, 0x3A, 0x01, 0x2B, 0x61,
    0x34, 0x56, 0xCB, 0x2F, 0xCE, 0x2A, 0xFE, 0x51, 0x08, 0xC3, 0x83, 0x61, 0xB9, 0xDE, 0x3C, 0xDC,
    0xA9, 0x74, 0x83, 0x93, 0x81, 0x47, 0x55, 0x10, 0x9D, 0xDC, 0x29, 0xFB, 0xB9, 0x61, 0xE5, 0xE2,
    0x68, 0x72, 0x49, 0x58, 0xD0, 0x21, 0xC2, 0xAF, 0xD7, 0x62, 0xCC, 0xD7, 0x68, 0x05, 0xF5, 0xA2,
    0xF8, 0x58, 0x62, 0xD7, 0xA0, 0xFC, 0x40, 0x10, 0x63, 0xC3, 0xB5, 0x43, 0x57, 0x40, 0x2F, 0x05,
    0xF9, 0x0E, 0x24, 0x2E, 0x94, 0x3A, 0xE3, 0xBA, 0xDE, 0xEC, 0x18, 0x96, 0x00, 0x92, 0x46, 0x5F,
    0xED, 0x10, 0xDA, 0x72, 0x3D, 0xC2, 0x58, 0x98, 0x3D, 0xF6, 0x81, 0xD8, 0xFA, 0xC0, 0xD7, 0xA8,
    0x84, 0x6F, 0x93, 0x05, 0xD4, 0xF2, 0x46, 0x2A, 0x61, 0x34, 0xF0, 0xAA, 0x9C, 0x91, 0x8E, 0x66,
    0xCE, 0xA7, 0x28, 0x2C, 0x28, 0xF7, 0xDF, 0x42, 0x09, 0xE7, 0x1F, 0x42, 0x09, 0x97, 0x6F, 0x41,
    0x09, 0x37, 0x00, 0xE6, 0x4F, 0x66, 0xC8, 0xE1, 0x87, 0x23, 0x06, 0xA0, 0xFF, 0xEE, 0x31, 0xFF,
    0x04, 0x34, 0x29, 0x0F, 0x14, 0xF7, 0x25, 0xF0, 0xD2, 0x16, 0xEB, 0x39, 0xB5, 0x28, 0x2A, 0xC3,
    0x33, 0x9A, 0x35, 0xAD, 0xF8, 0x8A, 0x39, 0x1B, 0x6B, 0x84, 0x92, 0x90, 0x18, 0xF6, 0x88, 0xFC,
    0xD5, 0x1E, 0x89, 0xAB, 0xE1, 0x36, 0x43, 0x4E, 0x16, 0x0B, 0x6C, 0xEB, 0xEF, 0x2C, 0x54, 0xE3,
    0x8C, 0xB5, 0x5F, 0x11, 0xC2, 0x26, 0xB8, 0xF2, 0x57, 0xBF, 0x03, 0x63, 0x3C, 0xF9, 0x15, 0xDB,
    0xDD, 0x43, 0xB4, 0x85, 0x40, 0x10, 0xCE, 0x2C, 0xF1, 0xC5, 0x9A, 0x41, 0xC7, 0x04, 0x54, 0xCE,
    0x9F, 0x23, 0x3D, 0x7F, 0x71, 0xAA, 0x96, 0x74, 0xC6, 0x8B, 0xF1, 0x5C, 0xA3, 0x16, 0x84, 0xA1,
    0x9A, 0xAA, 0xB8, 0x48, 0x76, 0xC1, 0x9D, 0xB0, 0x74, 0x04, 0xC0, 0x9C, 0x8B, 0x49, 0xC9, 0x8F,
    0x39, 0x30, 0x9C, 0x73, 0x28, 0xC4, 0x37, 0x62, 0x7E, 0x2D, 0x9D, 0x81, 0xB6, 0x7C, 0xC4, 0x52,
    0x0C, 0x40, 0x9C, 0xEF, 0xB1, 0xD4, 0x8F, 0xCE, 0x7B, 0x81, 0x2E, 0x0A, 0xD6, 0xE4, 0x03, 0x89,
    0x21, 0x1F, 0x04, 0x3B, 0xA1, 0x4E, 0xA0, 0x13, 0xE6, 0xF2, 0xA7, 0xA0, 0x96, 0x09, 0x2D, 0x64,
    0xF6, 0x95, 0x7B, 0xAF, 0x68, 0xDD, 0xEB, 0x69, 0x7B, 0x84, 0x13, 0xD0, 0x44, 0x30, 0x11, 0x4B,
    0x84, 0x12, 0x91, 0x44, 0x20, 0x11, 0x47, 0x84, 0x11, 0x51, 0x44, 0x10, 0x11, 0x43, 0x84, 0x10,
    0xEB, 0x8B, 0x00, 0xDA, 0xF0, 0xF3, 0x4A, 0xC5, 0xEA, 0x1C, 0x8E, 0x33, 0xE0, 0xC2, 0xA9, 0xE3,
    0x4D, 0xBC, 0x8E, 0x7F, 0x2F, 0xD5, 0x47, 0x58, 0x71, 0xC0, 0x35, 0x04, 0x02, 0x98, 0xE0, 0xFB,
    0xB3, 0x7B, 0xCD, 0xDD, 0x7B, 0x2E, 0x3E, 0x06, 0xF2, 0x5D, 0xF3, 0x77, 0x70, 0xD1, 0x7F, 0x17,
    0x4B, 0xFE, 0x00, 0x19, 0x4E, 0xBA, 0x7B, 0x27, 0x3A, 0x38, 0xD8, 0x74, 0x51, 0x4B, 0x1C, 0x93,
    0x04, 0x8E, 0xEA, 0xFA, 0xB2, 0x76, 0x3F, 0xBB, 0x41, 0xCE, 0x1A, 0x9D, 0x70, 0x9E, 0x6A, 0xB9,
    0x3C, 0x1E, 0x5C, 0xD6, 0xEE, 0xE5, 0x53, 0x40, 0xBB, 0x3C, 0x0E, 0x22, 0xBA, 0x22, 0xFF, 0x14,
    0x35, 0x39, 0x80, 0xF7, 0x26, 0xB4, 0xB8, 0x19, 0x0D, 0xEE, 0x76, 0x6E, 0xF4, 0xC5, 0xF1, 0xAA,
    0x91, 0xE4, 0x1D, 0xB2, 0x70, 0x77, 0x2C, 0x26, 0xB8, 0x46, 0x64, 0x74, 0xF5, 0x00, 0x8B, 0x7A,
    0x10, 0xC8, 0xA1, 0x09, 0x17, 0x30, 0xCC, 0x14, 0x59, 0x7D, 0x71, 0x57, 0x22, 0x38, 0x97, 0x58,
    0x62, 0xBB, 0xBF, 0x72, 0x9D, 0x20, 0x5D, 0x44, 0x32, 0xCC, 0x16, 0x2E, 0x4B, 0x7B, 0x4C, 0x8E,
    0x57, 0xAA, 0x2B, 0xD5, 0xCB, 0xF5, 0x51, 0x20, 0x2D, 0xA4, 0xE1, 0x41, 0xDC, 0x6F, 0x8F, 0xEE,
    0xC7, 0x6E, 0x7C, 0x1E, 0x3E, 0x2A, 0x76, 0x63, 0x38, 0xC5, 0xEE, 0xB5, 0x6C, 0xD3, 0xFE, 0x14,
    0xF9, 0xB8, 0xAF, 0x81, 0x05, 0xC5, 0x62, 0xE6, 0x91, 0x1E, 0x68, 0x21, 0xB9, 0x8B, 0x02, 0x84,
    0xED, 0x80, 0x6C, 0x41, 0x1A, 0x23, 0xA5, 0xD3, 0x67, 0xFC, 0xD2, 0x63, 0xB6, 0xF7, 0x94, 0xA0,
    0xC7, 0x31, 0x8D, 0x7E, 0x61, 0xFA, 0x4F, 0xA7, 0xE2, 0x67, 0x73, 0xFE, 0xC1, 0x9C, 0x0C, 0xF7,
    0xDD, 0x58, 0x3A, 0x23, 0x9C, 0xC2, 0x64, 0x57, 0xCF, 0xD3, 0x6A, 0xD1, 0x34, 0x8E, 0xC2, 0x37,
    0xA5, 0xEE, 0x70, 0x0C, 0xE5, 0xDC, 0xC2, 0x89, 0x4E, 0xF1, 0x7A, 0x85, 0xC7, 0x02, 0x07, 0x88,
    0x02, 0xA7, 0x80, 0x37, 0xA3, 0xD9, 0x7D, 0xD5, 0xDD, 0x78, 0x51, 0x16, 0x63, 0xF6, 0x82, 0x94,
    0x01, 0x72, 0xF3, 0xC7, 0xEB, 0xAB, 0xC6, 0x89, 0x0C, 0x1B, 0x3F, 0x9B, 0xC8, 0xAC, 0x54, 0x66,
    0x65, 0x52, 0x92, 0xA6, 0x23, 0xA9, 0x22, 0xE5, 0x8B, 0x97, 0x2F, 0xCE, 0xFF, 0x02, 0xC9, 0x2D,
    0x3E, 0x84, 0xED, 0xD9, 0xC0, 0xE1, 0x6E, 0x04, 0x01, 0xB8, 0xA9, 0xD8, 0x49, 0xB0, 0xB9, 0x90,
    0xDE, 0x53, 0x0D, 0xF5, 0x64, 0xFA, 0x11, 0x9C, 0x90, 0xCF, 0x29, 0x87, 0x28, 0xB4, 0xA9, 0x64,
    0x81, 0x10, 0x82, 0xC4, 0x18, 0xB0, 0x78, 0x6A, 0x45, 0x1C, 0x0C, 0x92, 0xE7, 0x04, 0x05, 0xB1,
    0x9F, 0x6B, 0x01, 0x5C, 0x71, 0x2B, 0xDE, 0xAD, 0xFB, 0x72, 0xDC, 0x99, 0x3E, 0x23, 0xD3, 0x6B,
    0xD4, 0x71, 0xE5, 0x5A, 0x7D, 0x71, 0x9A, 0xAF, 0x51, 0x98, 0x6A, 0x7C, 0xE5, 0x10, 0x34, 0x96,
    0x23, 0x8E, 0x83, 0x80, 0xAA, 0x5B, 0x5C, 0xD0, 0x66, 0x53, 0x73, 0xC8, 0xF9, 0x3B, 0x72, 0xE0,
    0x21, 0x0B, 0x68, 0xC0, 0x09, 0x6C, 0x24, 0x0B, 0xE2, 0x20, 0x35, 0x70, 0x63, 0x57, 0x48, 0x5E,
    0x01, 0xE3, 0x8D, 0x4B, 0x8A, 0xE5, 0x87, 0xD1, 0x0F, 0x5F, 0xAE, 0x8F, 0x78, 0x04, 0x17, 0xA8,
    0x30, 0xA0, 0xAA, 0xDE, 0x9E, 0xDC, 0xBF, 0xB8, 0xE9, 0xB9, 0xF8, 0x58, 0xFF, 0x1B, 0xAB, 0xE7,
    0xBF, 0x58, 0x4E, 0xFF, 0x8B, 0x3C, 0xA6, 0x3D, 0x96, 0x78, 0x78, 0xFD, 0xC8, 0x72, 0xFD, 0xD6,
    0x20, 0x8D, 0x01, 0xDE, 0x47, 0xF9, 0x85, 0x03, 0x52, 0x0F, 0xE9, 0xCC, 0xA9, 0x46, 0xE3, 0x80,
    0xA6, 0x01, 0x9A, 0x70, 0x93, 0x03, 0x55, 0xD0, 0x64, 0x32, 0x72, 0x01, 0x3D, 0xD3, 0xD5, 0x7C,
    0x2A, 0x49, 0xD9, 0x05, 0xE1, 0xA0, 0x59, 0x2A, 0xA3, 0x90, 0x45, 0x81, 0x79, 0x20, 0x1B, 0x0B,
    0xD0, 0xCF, 0x1A, 0xCA, 0x3F, 0x01, 0x12, 0xC6, 0xFB, 0x2E, 0x9A, 0xBC, 0x73, 0xF7, 0x36, 0x96,
    0x5B, 0x8A, 0x2E, 0x5A, 0x02, 0x2E, 0xE0, 0xF9, 0x8F, 0x2B, 0x2A, 0x48, 0x84, 0x56, 0x70, 0xA1,
    0xA4, 0xFC, 0x3C, 0x0C, 0xCA, 0xCF, 0xC1, 0x00, 0x0C, 0x75, 0x5D, 0xF2, 0x56, 0x10, 0x6A, 0x49,
    0x75, 0x68, 0x3B, 0x63, 0xD6, 0xE1, 0xF5, 0xA8, 0x7A, 0xB9, 0x3E, 0xFE, 0x3E, 0xCB, 0x45, 0xE3,
    0x73, 0xF1, 0xF1, 0x94, 0xC2, 0xE2, 0xE1, 0x74, 0x4C, 0xE1, 0x6B, 0x5B, 0x0A, 0x61, 0xEF, 0x12,
    0x71, 0xAE, 0x88, 0x39, 0x57, 0x00, 0xD9, 0xD9, 0x04, 0xB3, 0x30, 0x5C, 0x68, 0xA2, 0x81, 0x8C,
    0x96, 0xA9, 0x34, 0x9A, 0xD4, 0x4A, 0x69, 0xCF, 0x31, 0x86, 0x43, 0x63, 0x5B, 0x6E, 0x32, 0x3A,
    0x1C, 0x18, 0x88, 0x8A, 0x5E, 0x40, 0x71, 0xC2, 0xB6, 0x72, 0x3D, 0x9F, 0xC9, 0xB2, 0x62, 0x7C,
    0x11, 0xAF, 0x13, 0x02, 0x01, 0x41, 0xA8, 0xE7, 0x88, 0x6A, 0xC3, 0xBD, 0xC7, 0x79, 0xC7, 0x6F,
    0x7A, 0x63, 0x1B, 0x6B, 0xA0, 0xEE, 0x70, 0xB3, 0xCD, 0x36, 0xBC, 0x3E, 0xE1, 0xF5, 0x36, 0xD6,
    0xCC, 0x1C, 0x6B, 0x26, 0x8E, 0x35, 0xE3, 0x7E, 0xBD, 0xE7, 0xD2, 0x00, 0x16, 0x4F, 0x14, 0xB4,
    0x5F, 0x52, 0x6A, 0xDD, 0x62, 0xCB, 0x2F, 0xDA, 0x63, 0x62, 0x57, 0x29, 0xF1, 0x83, 0x25, 0x36,
    0x79, 0x36, 0xB1, 0x2F, 0xCB, 0x73, 0x17, 0x35, 0x52, 0x3A, 0xCC, 0x11, 0xC5, 0x10, 0x45, 0x88,
    0xFB, 0xBA, 0xFB, 0x87, 0x17, 0xE4, 0xF9, 0x55, 0x74, 0xB6, 0x12, 0xE5, 0xDA, 0x04, 0x9C, 0xFC,
    0x18, 0xF3, 0x83, 0x4D, 0x7E, 0xFA, 0x15, 0xD5, 0xA3, 0x36, 0x38, 0x34, 0x40, 0x1E, 0x4B, 0x79,
    0xC5, 0xB4, 0xB3, 0xE9, 0xB6, 0xA2, 0xE9, 0xFE, 0x1E, 0x47, 0xD7, 0x3F, 0x08, 0x2D, 0x8A, 0x1D,
    0x05, 0x0F, 0x7E, 0x0F, 0x77, 0xB6, 0x70, 0xE1, 0xBB, 0x8B, 0xA9, 0x75, 0x52, 0x5C, 0x46, 0x02,
    0x3C, 0xBF, 0x20, 0x07, 0xB5, 0xAC, 0xF3, 0x7C, 0x3D, 0xAF, 0xF2, 0x31, 0x52, 0x3F, 0xCF, 0x50,
    0xA2, 0x09, 0xFD, 0xAD, 0x67, 0x6B, 0xD2, 0x08, 0x4F, 0x85, 0xDF, 0xFB, 0xE7, 0x32, 0x0B, 0xBF,
    0x9C, 0x4F, 0x0C, 0xC1, 0x09, 0x59, 0x85, 0xDF, 0xA1, 0x86, 0xE2, 0x04, 0x29, 0x36, 0x0D, 0x0B,
    0x27, 0x1D, 0xD8, 0x30, 0x9F, 0xD5, 0x4F, 0x6F, 0x1C, 0xDB, 0x57, 0xBD, 0xB7, 0xAF, 0xD6, 0x94,
    0xC6, 0xA5, 0xF6, 0x15, 0xEF, 0x3E, 0x2E, 0x1B, 0x34, 0x76, 0x78, 0x4C, 0xA7, 0x11, 0x6E, 0xEB,
    0xBA, 0xAE, 0xD8, 0xE1, 0x81, 0xBF, 0xDF, 0xE3, 0x8B, 0xAF, 0xE2, 0x6F, 0x4D, 0x76, 0x28, 0x82,
    0xB0, 0xD4, 0xBC, 0x79, 0xBE, 0xB5, 0xDC, 0xD8, 0x7A, 0x9B, 0xF5, 0xE9, 0xBD, 0xB1, 0xB1, 0xB7,
    0x3D, 0x3E, 0x60, 0xC2, 0xC0, 0xFF, 0x6C, 0xDD, 0x1B, 0x79, 0xEF, 0xA0, 0x55, 0x51, 0xD7, 0x6F,
    0x8A, 0x74, 0x19, 0xB3, 0x54, 0xA3, 0x19, 0xC6, 0x30, 0x7C, 0x26, 0xFF, 0xDD, 0x4D, 0x98, 0x98,
    0x55, 0xD2, 0x43, 0x26, 0x8D, 0x64, 0x34, 0x5E, 0x5B, 0x54, 0x20, 0x23, 0x17, 0x66, 0x26, 0xB1,
    0xA9, 0x31, 0x20, 0xBB, 0x98, 0x89, 0x0A, 0x19, 0x9E, 0x4D, 0xA7, 0x35, 0x9F, 0x4E, 0x33, 0xA9,
    0xD7, 0x10, 0xA7, 0x4E, 0x24, 0x1D, 0x1D, 0x35, 0x34, 0xE7, 0xDC, 0x0A, 0xCD, 0xBA, 0x12, 0x85,
    0x9C, 0x67, 0x0D, 0xBA, 0xBF, 0x31, 0xF7, 0xA3, 0x86, 0xF1, 0xE0, 0xBB, 0xB9, 0xC8, 0xE9, 0x91,
    0xBE, 0xEE, 0x8F, 0x0B, 0xA3, 0xAB, 0x99, 0x88, 0xCA, 0x2F, 0xE5, 0x08, 0x9A, 0xB2, 0x66, 0xD3,
    0x7F, 0x5F, 0x8F, 0x86, 0x1F, 0x85, 0x1D, 0xC3, 0x6D, 0x22, 0xAE, 0x1E, 0xE9, 0x34, 0xBA, 0x16,
    0x9D, 0x2D, 0x45, 0x98, 0x17, 0xA7, 0x3B, 0x57, 0x8D, 0x98, 0xFE, 0x6F, 0x69, 0x7A, 0xF9, 0x71,
    0xEF, 0x36, 0xC5, 0x8F, 0x4F, 0x1F, 0xB3, 0x22, 0x18, 0x6D, 0x6B, 0xDD, 0xF2, 0xF4, 0x86, 0x8C,
    0x8A, 0x24, 0x33, 0xAF, 0x44, 0xAA, 0xD6, 0xD9, 0x09, 0xB0, 0x94, 0x94, 0x37, 0x39, 0x90, 0x31,
    0xC4, 0x5C, 0x45, 0xB5, 0x26, 0x2B, 0x91, 0x2A, 0x44, 0x0A, 0xD9, 0x12, 0x6E, 0x9D, 0x80, 0xEB,
    0x84, 0x1A, 0xB2, 0x23, 0xD7, 0x9E, 0xEA, 0xE7, 0xF2, 0x85, 0xC9, 0x80, 0x82, 0x8E, 0x67, 0xCE,
    0x61, 0xEB, 0xEE, 0xBA, 0xF3, 0xE3, 0x25, 0xDB, 0xB6, 0xC1, 0x50, 0x74, 0x4A, 0x30, 0xDB, 0x62,
    0xD1, 0x40, 0x8E, 0xA2, 0xB5, 0x51, 0x33, 0x86, 0xC6, 0x08, 0x0F, 0xB8, 0xE0, 0x2D, 0x58, 0x1C,
    0x76, 0x70, 0x1B, 0xAE, 0x57, 0xE2, 0x7A, 0x81, 0x2D, 0x09, 0x69, 0xC5, 0xC0, 0x3D, 0x11, 0xDC,
    0xC4, 0x75, 0x4E, 0xDB, 0x60, 0xE6, 0xFF, 0x03, 0xBD, 0x57, 0xBF, 0xAF, 0x1C, 0xD7, 0x75, 0xBE,
    0xB3, 0x23, 0x6A, 0x22, 0x4C, 0x71, 0x5D, 0xC4, 0x89, 0x11, 0x1A, 0x9E, 0x2E, 0x01, 0xA2, 0x04,
    0xF3, 0x0F, 0x84, 0xBC, 0x43, 0xAA, 0x48, 0xE1, 0x42, 0x2C, 0xF8, 0x6C, 0x20, 0x02, 0xF2, 0xD2,
    0xA5, 0x50, 0xB1, 0xFF, 0x80, 0xA4, 0x59, 0x99, 0x85, 0x0B, 0x17, 0x61, 0xE1, 0x08, 0x81, 0x08,
    0xD8, 0x8D, 0x2B, 0x37, 0x72, 0xE1, 0x2A, 0xA0, 0x79, 0x47, 0x64, 0xA1, 0xC2, 0x85, 0x86, 0x52,
    0x00, 0x19, 0x70, 0xC1, 0xA1, 0xF8, 0xCB, 0x76, 0x80, 0xBC, 0x91, 0x39, 0x24, 0x67, 0xC9, 0x99,
    0x39, 0xF9, 0xBE, 0x73, 0x67, 0x77, 0x1F, 0xDF, 0x23, 0x45, 0x1A, 0x08, 0xF2, 0xF8, 0xE6, 0x2E,
    0xDF, 0xEC, 0xCC, 0x3D, 0xE7, 0x9E, 0xF3, 0x9D, 0xEF, 0x7C, 0x27, 0x69, 0xCB, 0x3A, 0xBD, 0x2F,
    0x9D, 0x15, 0x19, 0xAC, 0x5C, 0x1A, 0x6C, 0x1F, 0x8F, 0x59, 0x1B, 0x0F, 0x79, 0x93, 0x0D, 0x4E,
    0xA4, 0xC5, 0xB5, 0x2A, 0xFF, 0x70, 0xCE, 0x94, 0x2B, 0x63, 0x7C, 0x85, 0xEB, 0x8E, 0x37, 0xB8,
    0x67, 0x32, 0x5C, 0x0B, 0xB9, 0x6D, 0x4C, 0xDE, 0x88, 0x91, 0x61, 0x8A, 0x45, 0x46, 0x2B, 0xE5,
    0x90, 0xF5, 0x76, 0x70, 0x6D, 0xDA, 0xBB, 0x3A, 0xED, 0xCA, 0xCA, 0x76, 0xBE, 0xB2, 0xAD, 0xAF,
    0x32, 0x5C, 0xAE, 0xF1, 0x95, 0xAF, 0xCB, 0x47, 0xD2, 0xE1, 0xFD, 0x31, 0x97, 0x37, 0xC7, 0xA4,
    0x4F, 0x06, 0x57, 0xE7, 0x75, 0xF9, 0x95, 0xF4, 0x25, 0xEC, 0x67, 0x72, 0x63, 0x4C, 0xA7, 0x78,
    0x4A, 0x87, 0x78, 0xB2, 0x1D, 0xAE, 0x36, 0x9E, 0xE0, 0xCB, 0x98, 0x35, 0x09, 0xFC, 0xE1, 0xBE,
    0x79, 0xE7, 0x46, 0x69, 0xF1, 0x6C, 0xE5, 0x9D, 0x98, 0x29, 0xED, 0x8D, 0x59, 0x8C, 0xC6, 0x98,
    0x6C, 0xC2, 0xE2, 0xB8, 0x94, 0x77, 0xB0, 0x78, 0x38, 0x6B, 0xA4, 0xE0, 0x92, 0x35, 0x26, 0x9A,
    0xFC, 0x00, 0x5F, 0x65, 0x32, 0xB1, 0xFC, 0xB7, 0x60, 0x59, 0x60, 0x19, 0x22, 0x31, 0x49, 0x8F,
    0x25, 0xED, 0xB0, 0xD8, 0x76, 0xC1, 0x25, 0x9E, 0x4C, 0xD6, 0x26, 0x83, 0xC9, 0x3B, 0xDB, 0x9B,
    0x7C, 0xF2, 0x2D, 0x8F, 0x5A, 0x1B, 0xB7, 0x94, 0x95, 0x29, 0x69, 0xCC, 0x2C, 0x7B, 0xBC, 0xCF,
    0x3D, 0xA4, 0x8A, 0xEF, 0x4A, 0x1D, 0x19, 0xD7, 0x20, 0x04, 0xED, 0xEE, 0xE2, 0xDF, 0xAE, 0xD6,
    0x58, 0x45, 0xB2, 0xFA, 0xCE, 0x25, 0x31, 0xB9, 0x8C, 0xD8, 0xA6, 0x35, 0x27, 0x27, 0x38, 0x14,
    0xF9, 0xDB, 0xC6, 0xCA, 0x80, 0x1B, 0x83, 0x91, 0x07, 0xBF, 0x8C, 0xE0, 0x24, 0x8C, 0xC2, 0x1D,
    0x03, 0x6F, 0x96, 0xAB, 0x14, 0x11, 0xC7, 0xD5, 0xA7, 0x72, 0xA6, 0x4F, 0x87, 0xA8, 0x4F, 0xE4,
    0x52, 0xCF, 0x7B, 0xC8, 0x4E, 0x95, 0x67, 0xA3, 0xF9, 0xB6, 0xD9, 0xFE, 0xB8, 0x8A, 0xA7, 0xAD,
    0x9E, 0x3E, 0x2D, 0x2E, 0x9C, 0xC6, 0xE4, 0x37, 0xB1, 0xC8, 0x63, 0x1E, 0x18, 0xC6, 0xED, 0x54,
    0x0E, 0x86, 0x79, 0x31, 0x4C, 0x8C, 0x61, 0x66, 0x0C, 0x53, 0x63, 0x98, 0x1B, 0xBC, 0x9D, 0x71,
    0xC9, 0x1B, 0xFC, 0x59, 0xD6, 0xA6, 0xBC, 0x2B, 0x15, 0x4F, 0x5D, 0xC1, 0x6F, 0xEC, 0x9E, 0xF4,
    0xC7, 0x77, 0xC7, 0xF2, 0x63, 0xFE, 0xC9, 0x78, 0x78, 0x2E, 0x59, 0x47, 0x87, 0x10, 0x37, 0x58,
    0x66, 0x36, 0x4A, 0x2E, 0xF2, 0xBB, 0xF9, 0xBD, 0x97, 0x71, 0xA8, 0x3F, 0xEE, 0x90, 0xDB, 0x38,
    0xF4, 0x70, 0xE7, 0xD0, 0x47, 0x70, 0x68, 0xED, 0xE0, 0x50, 0xDE, 0x33, 0xA1, 0xAB, 0x04, 0xD9,
    0xB1, 0x48, 0x93, 0x6D, 0x33, 0x5C, 0x16, 0x59, 0xB3, 0x1D, 0xC2, 0xD5, 0xE1, 0xBB, 0xD6, 0xBC,
    0x2E, 0x73, 0x3A, 0x7C, 0xFD, 0xDE, 0x5B, 0x00, 0x31, 0xD2, 0x56, 0xC2, 0xE7, 0x14, 0xB9, 0x34,
    0x4B, 0xF5, 0xA4, 0xC6, 0xD5, 0xC6, 0xBF, 0xE7, 0x19, 0xD2, 0x41, 0x0F, 0xF0, 0xBA, 0x0C, 0xB1,
    0x16, 0x82, 0xF4, 0x6E, 0xDA, 0xEF, 0x5C, 0x9D, 0xB5, 0x25, 0x80, 0xEB, 0x10, 0x14, 0x82, 0x9E,
    0x99, 0x5B, 0xC8, 0x45, 0xBC, 0xCF, 0x13, 0x12, 0x04, 0xBA, 0xC2, 0x0E, 0x76, 0x41, 0x10, 0x22,
    0x63, 0xFB, 0x6F, 0xE1, 0x9B, 0x14, 0xCF, 0x21, 0xD5, 0x5C, 0x4B, 0x59, 0xCB, 0xBF, 0xC0, 0xCF,
    0xCE, 0xF7, 0x59, 0x9F, 0xB5, 0x6E, 0x70, 0xD8, 0xCF, 0x36, 0xAE, 0x62, 0x31, 0xB9, 0x7B, 0x74,
    0x86, 0x3B, 0x23, 0x88, 0x1A, 0xCF, 0x05, 0x6F, 0x10, 0xCF, 0x85, 0x11, 0x69, 0xD4, 0xC7, 0xE9,
    0xAD, 0x2A, 0xEE, 0x03, 0x44, 0x22, 0x81, 0x11, 0xA0, 0x32, 0x81, 0xC9, 0x7C, 0x7D, 0x4E, 0x81,
    0x46, 0x1C, 0xB8, 0xF5, 0xAF, 0xB0, 0xCB, 0x88, 0x3D, 0xC6, 0x50, 0x94, 0xCB, 0xA9, 0x48, 0xC2,
    0xFB, 0x6D, 0xBC, 0x5E, 0xE2, 0x25, 0x04, 0x17, 0xD0, 0x86, 0x37, 0xB5, 0xF1, 0xC0, 0x9B, 0x47,
    0x62, 0xBE, 0x47, 0xEF, 0x5D, 0x5D, 0xE0, 0xBA, 0xF2, 0x21, 0x0A, 0x0A, 0xF1, 0xF4, 0xA8, 0x91,
    0x93, 0xD2, 0xE8, 0xFB, 0x88, 0x87, 0xF0, 0xBF, 0xD8, 0xE3, 0xC1, 0x2F, 0xCC, 0xE2, 0xF7, 0x4B,
    0x1E, 0x13, 0x11, 0xD0, 0x84, 0x7F, 0x85, 0x6F, 0xB0, 0x17, 0x6E, 0x21, 0xD7, 0xBE, 0xE1, 0x7E,
    0x27, 0x0C, 0x76, 0xAC, 0x15, 0x99, 0x8D, 0xAE, 0xF8, 0xFF, 0x95, 0x7F, 0xA2, 0x0D, 0xEE, 0xCC,
    0x95, 0xE5, 0xA9, 0xBB, 0x1B, 0x4D, 0x82, 0x97, 0x2E, 0xC4, 0xFA, 0xD2, 0x94, 0xF7, 0x8B, 0xC9,
    0x35, 0xC9, 0x58, 0x7E, 0x2C, 0xBD, 0xBF, 0x2A, 0x17, 0xFD, 0x05, 0x69, 0xFC, 0xFB, 0x1F, 0x75,
    0x7E, 0x95, 0xF6, 0xC0, 0x44, 0xEF, 0xD6, 0xBE, 0xCB, 0x43, 0x69, 0x54, 0x91, 0x5F, 0x07, 0x2C,
    0x12, 0x57, 0x0B, 0x5E, 0xAC, 0x9F, 0x31, 0x5C, 0xC4, 0x20, 0xB3, 0x12, 0xAE, 0x02, 0x25, 0xAD,
    0xC7, 0x7E, 0xAA, 0x32, 0x59, 0x33, 0xBC, 0x08, 0x6C, 0x3C, 0xF2, 0x16, 0xB6, 0xD0, 0x90, 0xF4,
    0x44, 0x8A, 0x96, 0x56, 0xA4, 0x70, 0x4F, 0x75, 0xCD, 0x74, 0xCD, 0x1F, 0x17, 0xF3, 0x91, 0x42,
    0xC0, 0xD3, 0x5E, 0x77, 0x11, 0xB2, 0xA2, 0xD0, 0x50, 0x2C, 0x3F, 0xC5, 0x3E, 0x09, 0x68, 0x10,
    0x31, 0x1A, 0xE8, 0x96, 0xED, 0xE8, 0x18, 0xE9, 0x8B, 0xE6, 0x99, 0xBD, 0x9C, 0xD4, 0x82, 0x15,
    0xDC, 0x82, 0x35, 0x47, 0x46, 0xF2, 0x35, 0x51, 0x63, 0x15, 0x41, 0xA9, 0x1C, 0xB4, 0x3C, 0x4C,
    0xBE, 0x8D, 0x5E, 0x30, 0x75, 0xCE, 0x30, 0x86, 0xEF, 0x5D, 0xA2, 0x1F, 0xA5, 0xC6, 0xB0, 0xD4,
    0x1C, 0x9C, 0x0C, 0x48, 0x01, 0xD3, 0x56, 0xB8, 0x83, 0xA2, 0xA0, 0x1F, 0xEA, 0x86, 0x7A, 0x01,
    0x27, 0x26, 0xFA, 0x30, 0x06, 0x17, 0xD4, 0x03, 0x75, 0x40, 0xED, 0xAB, 0x79, 0x58, 0x6F, 0x83,
    0x71, 0xB5, 0x3D, 0x9B, 0x56, 0xCB, 0xD8, 0x53, 0xED, 0xAA, 0x59, 0xB5, 0xAA, 0x46, 0x83, 0xCD,
    0x14, 0x15, 0xE0, 0xA5, 0x8F, 0x95, 0x97, 0x3E, 0x6C, 0x78, 0x90, 0x10, 0xD7, 0xBD, 0x73, 0xFE,
    0xAC, 0xB4, 0x12, 0x4B, 0x83, 0xAB, 0x96, 0x22, 0xAF, 0x50, 0xC6, 0x55, 0xB9, 0xF6, 0x2C, 0x9E,
    0x15, 0x2C, 0x15, 0x91, 0xAC, 0xB9, 0x37, 0xBE, 0xAA, 0x11, 0x23, 0xF2, 0x3A, 0x52, 0x04, 0x7F,
    0x58, 0xC0, 0x26, 0x6D, 0xF1, 0x55, 0x82, 0xA4, 0x83, 0x75, 0x10, 0xC0, 0xF8, 0x31, 0x93, 0x4A,
    0xB3, 0x0B, 0xC6, 0x27, 0x52, 0x70, 0xD1, 0x81, 0x85, 0x28, 0x38, 0x57, 0x8C, 0x1C, 0x96, 0xEC,
    0x53, 0xE2, 0xF8, 0x4D, 0x2E, 0x96, 0x4B, 0xC6, 0x92, 0xF2, 0x78, 0x24, 0x17, 0x8D, 0x0F, 0x59,
    0x0A, 0x87, 0x30, 0x2C, 0x77, 0x43, 0x97, 0x41, 0xE2, 0xF9, 0x1A, 0xF5, 0x84, 0x0A, 0x5C, 0x30,
    0x77, 0x46, 0x58, 0xCD, 0xCC, 0x84, 0xA1, 0x21, 0xB5, 0x96, 0xDC, 0xC7, 0x9F, 0xE9, 0x97, 0xCC,
    0xCE, 0xE7, 0xFC, 0x9F, 0xD6, 0x38, 0x3D, 0x50, 0x6C, 0x24, 0xEC, 0x1E, 0x29, 0xBB, 0x87, 0xED,
    0x35, 0xCC, 0x88, 0xB0, 0x65, 0x84, 0x43, 0xF7, 0x68, 0x36, 0xA4, 0xE6, 0x6A, 0xD4, 0x9D, 0xAB,
    0x58, 0x78, 0x95, 0xE3, 0x52, 0xA2, 0x6C, 0xAE, 0xB3, 0xA3, 0x6C, 0x09, 0x36, 0x20, 0xE9, 0x19,
    0x1C, 0xAE, 0xD8, 0x56, 0x70, 0x2B, 0xB2, 0x5F, 0xD4, 0xE7, 0x4E, 0x76, 0x78, 0xAB, 0x64, 0xF9,
    0x6B, 0x7B, 0xBA, 0xC7, 0xE5, 0x8C, 0xB0, 0xB9, 0xC8, 0xEC, 0x6E, 0x00, 0x04, 0x6E, 0x58, 0x02,
    0x22, 0xDB, 0x01, 0xA2, 0xD9, 0x79, 0x6A, 0xE9, 0x24, 0x0B, 0xE6, 0xFF, 0xD7, 0x9A, 0xD6, 0xA8,
    0xD9, 0xC2, 0xEF, 0x2F, 0x88, 0xF8, 0x9C, 0xB9, 0xCD, 0x69, 0x9C, 0x00, 0x33, 0x69, 0xC3, 0x36,
    0x43, 0x94, 0xD4, 0xBB, 0x06, 0x88, 0xD0, 0xC1, 0x29, 0x3C, 0x48, 0x64, 0xE1, 0x0D, 0xA8, 0x15,
    0xFC, 0x36, 0xB0, 0x05, 0x4B, 0xA0, 0x74, 0x22, 0xAB, 0x23, 0x09, 0xE0, 0xBD, 0xE3, 0x77, 0x60,
    0x0F, 0xD6, 0xF0, 0xCB, 0x6D, 0xF4, 0x57, 0xEE, 0x16, 0x60, 0x32, 0x28, 0x8B, 0x74, 0x62, 0x5D,
    0x87, 0xCB, 0x8F, 0xC1, 0xB5, 0x7C, 0x43, 0xB6, 0xAC, 0xFC, 0x95, 0x82, 0x4A, 0x93, 0xB5, 0xA1,
    0x22, 0x56, 0x3B, 0x5C, 0x71, 0xDA, 0xAE, 0xAA, 0xB9, 0xA7, 0x0F, 0x01, 0x81, 0xA4, 0xDF, 0xC3,
    0x5C, 0x94, 0x07, 0x2E, 0x7A, 0x55, 0xAE, 0x55, 0xB9, 0xFC, 0x9A, 0xE5, 0x51, 0x5C, 0x86, 0xAD,
    0x8E, 0x68, 0x3F, 0xB4, 0x9F, 0xD2, 0xDA, 0x66, 0x9B, 0x79, 0xAB, 0x63, 0x7C, 0x97, 0xEE, 0x6C,
    0xA4, 0x07, 0xAD, 0x4A, 0x8D, 0x77, 0xC1, 0x75, 0xBC, 0x36, 0x42, 0x2D, 0x28, 0xB7, 0xC0, 0x77,
    0xBC, 0x8E, 0x51, 0xE7, 0x10, 0x22, 0x3F, 0x87, 0x34, 0x44, 0x15, 0x1D, 0x88, 0x0F, 0x2E, 0x34,
    0xAD, 0x78, 0x6A, 0x8E, 0x6A, 0x08, 0xA0, 0xA6, 0x22, 0xDF, 0xC6, 0x70, 0xF3, 0x9E, 0x84, 0xF7,
    0x7E, 0x03, 0x45, 0x68, 0xB4, 0xC7, 0x1F, 0x66, 0xB2, 0x59, 0xAE, 0x04, 0x1C, 0xCD, 0xAB, 0xC2,
    0x89, 0xD4, 0x45, 0x5B, 0xA2, 0x9A, 0x52, 0x21, 0x35, 0xED, 0xED, 0x0F, 0x46, 0x79, 0x8B, 0x76,
    0xB1, 0x73, 0xA2, 0xA4, 0x9A, 0xF6, 0x56, 0x4F, 0x4A, 0x2E, 0xB7, 0x6D, 0x79, 0x9B, 0x11, 0x65,
    0x2F, 0xCB, 0x5B, 0x2D, 0xA8, 0x86, 0xBD, 0x08, 0x06, 0xF1, 0x16, 0x0C, 0x6A, 0xD9, 0x05, 0x68,
    0x69, 0xD0, 0x43, 0x0B, 0x80, 0x7B, 0xF0, 0x68, 0x7A, 0x5B, 0x02, 0x75, 0xAB, 0x75, 0x86, 0x55,
    0xF1, 0xA6, 0xD8, 0x2D, 0xAB, 0x94, 0x55, 0xED, 0x57, 0x5A, 0xD7, 0x52, 0xE0, 0x03, 0x62, 0x0D,
    0xF6, 0xF4, 0x5B, 0x96, 0x38, 0xBE, 0x25, 0x8E, 0x11, 0x17, 0x22, 0x19, 0x0F, 0x11, 0xCB, 0x08,
    0x4E, 0x59, 0xE5, 0x6D, 0x3A, 0x68, 0xB1, 0x5B, 0x4A, 0x1A, 0x4F, 0x9A, 0x2D, 0x3F, 0x93, 0x07,
    0x20, 0x17, 0x27, 0x37, 0xE4, 0x09, 0x02, 0x26, 0xDF, 0x95, 0x5F, 0x03, 0xC5, 0xB0, 0x00, 0x48,
    0x1F, 0xB1, 0xD7, 0x7F, 0xBD, 0xBD, 0xC5, 0xCE, 0x5E, 0xAD, 0x74, 0xC3, 0xEA, 0x39, 0x6C, 0xAF,
    0x54, 0x7B, 0x1F, 0x4B, 0xAB, 0xCA, 0xF5, 0x80, 0xD4, 0x0E, 0x9D, 0x2D, 0x37, 0x82, 0xBD, 0xD0,
    0x59, 0xE6, 0x84, 0xCC, 0x19, 0x99, 0x53, 0x32, 0x67, 0x63, 0xF3, 0x11, 0xB2, 0xA2, 0xE8, 0x1E,
    0x60, 0xBF, 0x37, 0xD1, 0xE0, 0x31, 0x0D, 0x00, 0x2F, 0x32, 0x79, 0x59, 0xC5, 0xF2, 0xB9, 0x3C,
    0x80, 0x00, 0x96, 0x48, 0xAA, 0xB2, 0x4A, 0x26, 0x70, 0x22, 0x3E, 0x98, 0x20, 0x36, 0x6C, 0x78,
    0x29, 0xDB, 0xD0, 0xB5, 0x7A, 0x94, 0x2C, 0x1C, 0x05, 0xC1, 0xE9, 0xF5, 0x28, 0x9B, 0x33, 0xF0,
    0xA0, 0xDB, 0xD0, 0x29, 0x77, 0x9A, 0x0D, 0x65, 0x87, 0x9A, 0xD9, 0x50, 0x83, 0x79, 0xCD, 0xEB,
    0x87, 0x0D, 0x0A, 0xC3, 0xCE, 0xBD, 0x8F, 0x4A, 0x00, 0x1E, 0x52, 0x79, 0x0D, 0x2C, 0xD3, 0xC5,
    0xC8, 0x84, 0x2A, 0x1F, 0x05, 0x42, 0x42, 0x2F, 0xE4, 0x29, 0xD4, 0x7A, 0xE0, 0xA4, 0x40, 0x4A,
    0x81, 0x95, 0x02, 0x2D, 0x6D, 0xFA, 0x32, 0x89, 0x29, 0x30, 0x53, 0xA0, 0xA6, 0x99, 0x9B, 0x66,
    0x9C, 0xEE, 0xD0, 0xFA, 0x37, 0x62, 0x36, 0xB4, 0x68, 0xDC, 0x70, 0x28, 0xA2, 0x74, 0x44, 0xFD,
    0x50, 0x37, 0x76, 0xAC, 0x98, 0xFC, 0xDF, 0xB0, 0xA2, 0x71, 0x0F, 0xCD, 0xDC, 0xD4, 0x32, 0x2E,
    0xAF, 0x92, 0x9F, 0xAA, 0xB4, 0x45, 0x12, 0x38, 0xBE, 0xD4, 0x16, 0x72, 0xAF, 0xCD, 0xD0, 0xE4,
    0xDA, 0xBC, 0x4A, 0x9E, 0x74, 0xAE, 0x4A, 0xEE, 0x0F, 0x6E, 0x95, 0x72, 0xB1, 0x5F, 0x8D, 0x65,
    0x61, 0x1B, 0x29, 0x4D, 0x56, 0xC3, 0xB5, 0xBC, 0x2A, 0x91, 0x85, 0xCA, 0x21, 0x07, 0x2B, 0x9C,
    0xC0, 0x15, 0x19, 0xE2, 0x5F, 0x40, 0x8E, 0x9B, 0x93, 0xA3, 0xEA, 0x27, 0x6D, 0xED, 0xD3, 0xB2,
    0xCB, 0x75, 0x90, 0x4B, 0x74, 0x38, 0xC3, 0xD5, 0x7B, 0x5E, 0xFF, 0xBE, 0xDF, 0x51, 0xA2, 0x73,
    0xA0, 0xA3, 0x36, 0x27, 0x77, 0x59, 0x74, 0x50, 0xED, 0xCF, 0x27, 0xD7, 0xC2, 0xC1, 0x06, 0x3F,
    0xD4, 0xD1, 0x78, 0x1A, 0x52, 0x7F, 0xDA, 0x3B, 0x87, 0x79, 0x6A, 0x64, 0xF5, 0x91, 0xAA, 0x80,
    0x76, 0x21, 0x6C, 0xB8, 0x7A, 0x8A, 0x02, 0xAE, 0xEB, 0xBD, 0x42, 0x65, 0x3F, 0x2A, 0xDD, 0x31,
    0xF2, 0x0F, 0xE5, 0xC1, 0x1E, 0xD9, 0x4B, 0x35, 0x77, 0x20, 0x07, 0xAF, 0xB5, 0xCA, 0x49, 0xCC,
    0xA4, 0x5A, 0xB1, 0x65, 0xB8, 0xFF, 0xF8, 0x6D, 0x02, 0xB2, 0x80, 0x76, 0x4B, 0x35, 0x8B, 0xB6,
    0x3D, 0x71, 0x2E, 0x6B, 0xF9, 0x69, 0x5B, 0xE8, 0x77, 0x7C, 0xBA, 0x2A, 0xD7, 0x15, 0xA3, 0x26,
    0x74, 0x77, 0x59, 0xBB, 0xDA, 0x3D, 0x14, 0x78, 0x9E, 0xC9, 0x23, 0xEC, 0x90, 0xCA, 0x4D, 0xF5,
    0xBE, 0x28, 0x19, 0x63, 0x65, 0x42, 0x5D, 0x12, 0xA2, 0x30, 0xED, 0x36, 0x40, 0x24, 0x20, 0x12,
    0x81, 0x2C, 0xF6, 0x41, 0x57, 0xE3, 0x68, 0xE2, 0x0F, 0xC6, 0xAC, 0x77, 0xD7, 0x20, 0x5D, 0xCB,
    0xAB, 0xE8, 0xE5, 0xFE, 0x7D, 0xC1, 0x84, 0x7B, 0x46, 0xFC, 0x0A, 0x13, 0x26, 0x96, 0x78, 0xF2,
    0x1F, 0x4F, 0x10, 0xB5, 0x57, 0x47, 0x8C, 0xAE, 0x8F, 0x30, 0xA6, 0x80, 0x8A, 0xA5, 0x4E, 0x95,
    0x74, 0x3C, 0x55, 0xBA, 0x02, 0xDD, 0xB6, 0x9B, 0x65, 0x97, 0xEE, 0xBC, 0xDE, 0x16, 0xE8, 0xDC,
    0x29, 0xB6, 0xCA, 0xF5, 0x29, 0x26, 0x0F, 0x9D, 0x22, 0x0E, 0x38, 0x37, 0x88, 0xF1, 0x6B, 0x98,
    0x74, 0x33, 0x64, 0x20, 0xBF, 0x0F, 0x38, 0x5D, 0xE8, 0xCD, 0xAE, 0x43, 0xD8, 0xA3, 0x5D, 0xE8,
    0xC8, 0xBE, 0xE5, 0xF1, 0x7D, 0x17, 0x5F, 0xB7, 0xEF, 0xE1, 0xF7, 0xDD, 0xCB, 0xBF, 0xFF, 0x04,
    0xEF, 0xFF, 0xE8, 0x88, 0x2B, 0xD9, 0xBA, 0xD0, 0x8A, 0xE6, 0x50, 0x40, 0x79, 0xE5, 0xFE, 0x11,
    0x24, 0x56, 0x62, 0x06, 0x04, 0x7D, 0xC9, 0xFA, 0x22, 0xF9, 0x3A, 0xD2, 0xAF, 0x9E, 0xDD, 0x14,
    0xED, 0x33, 0xFA, 0xEB, 0x46, 0xEB, 0x3F, 0xE5, 0x19, 0x4B, 0x78, 0xCC, 0xEA, 0x68, 0x94, 0x6A,
    0xA1, 0x20, 0xBF, 0x5B, 0x10, 0x38, 0x74, 0xF1, 0x05, 0x7D, 0x7A, 0xB7, 0x4F, 0x15, 0xF6, 0xD1,
    0x0B, 0x03, 0xAE, 0x4E, 0x78, 0xB8, 0x32, 0x05, 0x8B, 0xCA, 0x64, 0xDC, 0x9C, 0x70, 0xF4, 0xFF,
    0x60, 0xD7, 0x3C, 0xDA, 0x9F, 0xBF, 0xD6, 0x47, 0x68, 0x43, 0x70, 0x87, 0x17, 0xF3, 0xAF, 0xDA,
    0x77, 0xC3, 0xEF, 0xE2, 0x70, 0xEB, 0xDD, 0x76, 0xDF, 0xAD, 0x7C, 0x39, 0xDC, 0x7D, 0x57, 0x66,
    0xD6, 0xB2, 0x68, 0xA4, 0x3C, 0x60, 0x13, 0x4F, 0x25, 0x08, 0x86, 0xEC, 0x8A, 0xAB, 0x47, 0xF5,
    0x01, 0x7D, 0x56, 0xAB, 0x15, 0xC9, 0x78, 0x84, 0x64, 0xDC, 0x04, 0x0B, 0xD4, 0x82, 0xF7, 0xA1,
    0x79, 0x50, 0x91, 0x68, 0x23, 0xE8, 0xE0, 0xF0, 0x8D, 0x3D, 0xA9, 0x26, 0x8D, 0x17, 0xF1, 0xA8,
    0xBD, 0x1F, 0x21, 0x4E, 0x86, 0x9C, 0x73, 0x27, 0xBA, 0x6C, 0xCA, 0xB1, 0xD0, 0xB2, 0x04, 0x2D,
    0x9B, 0x4F, 0x20, 0x31, 0x96, 0x76, 0x7E, 0x07, 0x59, 0x76, 0x6C, 0x3A, 0x58, 0xA0, 0xAA, 0x64,
    0xAD, 0x2C, 0x75, 0x11, 0x9C, 0x05, 0x7E, 0x21, 0x2F, 0xDC, 0xED, 0xB0, 0xE7, 0x37, 0x34, 0x7A,
    0x94, 0xDB, 0x8E, 0x00, 0xD1, 0x09, 0x91, 0xF2, 0xAA, 0x7D, 0x85, 0xB3, 0xC9, 0x5D, 0x69, 0xC8,
    0x09, 0x28, 0x95, 0x22, 0x87, 0x89, 0x9C, 0x82, 0x6B, 0x35, 0x5F, 0xBF, 0x09, 0x84, 0x9B, 0x6F,
    0x94, 0x90, 0xAA, 0x54, 0x3B, 0x05, 0x32, 0xA6, 0x44, 0x3D, 0x0A, 0x40, 0xA2, 0xE5, 0x28, 0x62,
    0x8E, 0x82, 0xEF, 0x59, 0x59, 0xDE, 0x64, 0xB8, 0x50, 0xB2, 0xE7, 0xEE, 0xB4, 0x1B, 0x68, 0xFE,
    0x65, 0x6C, 0x8E, 0x3B, 0x9B, 0x7E, 0x3B, 0x8D, 0xAE, 0xCC, 0xFE, 0xFA, 0x19, 0xF5, 0xF7, 0x62,
    0x9B, 0x79, 0x53, 0x0E, 0xE5, 0xB8, 0x44, 0x2A, 0x90, 0x8E, 0x21, 0x19, 0xD2, 0x01, 0x32, 0xA8,
    0xE3, 0xC8, 0x04, 0x3E, 0x6B, 0xC0, 0x66, 0xC8, 0x9C, 0x5F, 0xF9, 0xFF, 0xF2, 0xA3, 0x1B, 0x09,
    0xB6, 0x40, 0x1F, 0x48, 0x12, 0x98, 0xA1, 0x61, 0x09, 0x9E, 0xDB, 0x50, 0x4D, 0x77, 0x9C, 0x6A,
    0xDC, 0xE1, 0x99, 0x6F, 0x96, 0x03, 0x2F, 0x1E, 0x46, 0x02, 0x43, 0x0E, 0xBC, 0x8F, 0xB3, 0x65,
    0x3C, 0x9C, 0x7B, 0x13, 0xBB, 0x9F, 0xE6, 0xC6, 0xA7, 0x69, 0x3F, 0xC8, 0x29, 0x3E, 0x1B, 0xF9,
    0x66, 0x21, 0x03, 0x7F, 0x2F, 0x6D, 0x90, 0x9C, 0x1C, 0x45, 0xF2, 0x37, 0xCB, 0x3B, 0x4E, 0xC6,
    0x92, 0x5D, 0xA6, 0x36, 0x1E, 0xF2, 0x0C, 0xDD, 0xD4, 0x98, 0x9F, 0xC1, 0x5B, 0xF8, 0x93, 0x05,
    0x0C, 0x44, 0x0A, 0xDD, 0x20, 0x68, 0xFF, 0x52, 0xF6, 0x8E, 0x73, 0xC1, 0x26, 0xB3, 0xDD, 0xD7,
    0x44, 0x79, 0x8E, 0xB4, 0xFF, 0x03, 0x33, 0x13, 0x10, 0x98, 0xEA, 0x80, 0xC3, 0x8E, 0xAB, 0x2D,
    0x08, 0xB8, 0x6B, 0xB0, 0xE0, 0x2D, 0x56, 0x86, 0xCA, 0xB3, 0x9C, 0xFD, 0x8C, 0xDD, 0xA8, 0xE7,
    0x02, 0xD1, 0x12, 0xB1, 0x9F, 0xC7, 0x5C, 0xF0, 0x72, 0x32, 0x61, 0x10, 0x8A, 0x65, 0xE4, 0x34,
    0xF4, 0x80, 0x19, 0x7F, 0x1F, 0x63, 0x86, 0xB4, 0x32, 0x58, 0x69, 0xB8, 0x5C, 0x97, 0xFE, 0x84,
    0x7F, 0x7F, 0x3A, 0x1F, 0x8D, 0x94, 0x01, 0x90, 0x69, 0x2B, 0x4B, 0x79, 0xCA, 0xF2, 0xAD, 0xB4,
    0x7A, 0x75, 0x02, 0xA1, 0x3D, 0xF4, 0x3E, 0xCC, 0xB6, 0xF9, 0xB4, 0xD4, 0xAE, 0x07, 0xFD, 0xCB,
    0x4A, 0x33, 0x4B, 0xE5, 0x11, 0x30, 0x4C, 0xDA, 0xA3, 0xEF, 0xDB, 0x2E, 0xA3, 0x42, 0x84, 0x87,
    0xEA, 0xEB, 0xEC, 0x30, 0x1C, 0x72, 0xF5, 0x82, 0x0E, 0x53, 0x93, 0x42, 0x8B, 0x51, 0x47, 0xF4,
    0xDC, 0x1B, 0xA6, 0x1E, 0x22, 0xA6, 0x39, 0x07, 0x5D, 0x16, 0x3E, 0xC2, 0x78, 0x51, 0x75, 0x5F,
    0xA3, 0x10, 0x89, 0x50, 0xAD, 0x50, 0x0C, 0x3A, 0xE0, 0xDA, 0x47, 0x48, 0xC5, 0x3D, 0x48, 0x90,
    0x4F, 0x3A, 0xE3, 0x7F, 0xD8, 0x1B, 0x89, 0xA1, 0xD6, 0x08, 0x38, 0x90, 0x48, 0x1F, 0x0F, 0x2C,
    0x74, 0xD7, 0xC4, 0x63, 0x59, 0x31, 0xEA, 0xB2, 0x82, 0xDA, 0x59, 0xC0, 0xE5, 0x1E, 0xEF, 0x73,
    0x4D, 0xD1, 0xC8, 0x91, 0x53, 0xA9, 0x58, 0xB5, 0x07, 0x57, 0x49, 0xF4, 0x37, 0xAE, 0x3D, 0xEA,
    0x8D, 0xFF, 0xE9, 0x27, 0xF7, 0x51, 0xFA, 0xD9, 0xA7, 0xB7, 0x86, 0x68, 0xCA, 0x3E, 0xBD, 0x36,
    0xC4, 0x63, 0x76, 0x70, 0x01, 0xBB, 0x66, 0xFE, 0x8D, 0x81, 0xA7, 0xE1, 0xCE, 0xD9, 0xC8, 0xBD,
    0x33, 0x58, 0x42, 0x22, 0x7A, 0x45, 0x57, 0x74, 0x9E, 0x38, 0xE5, 0xFF, 0x44, 0x71, 0x36, 0x84,
    0x66, 0xA2, 0x74, 0x1F, 0xE4, 0xBC, 0xA2, 0x96, 0xD4, 0xA1, 0x58, 0x5F, 0x88, 0x76, 0x68, 0x2C,
    0xF6, 0x09, 0xB3, 0x7F, 0x8F, 0x04, 0xF3, 0x05, 0x96, 0xF2, 0x13, 0x0E, 0x55, 0x6F, 0xF4, 0x78,
    0x22, 0xE6, 0x4C, 0x11, 0x93, 0x49, 0xB1, 0xA8, 0x08, 0xCD, 0xDB, 0x05, 0x95, 0x28, 0xB0, 0x44,
    0xED, 0xEE, 0x94, 0x03, 0x11, 0xD0, 0xCF, 0x26, 0x93, 0xDD, 0xC2, 0x23, 0x4F, 0x30, 0x53, 0x61,
    0x73, 0x92, 0x14, 0xBB, 0xAC, 0x92, 0xC9, 0x30, 0x43, 0xAE, 0x7F, 0x9A, 0x4C, 0x4C, 0x50, 0x3E,
    0x3D, 0x60, 0xDA, 0x99, 0x3D, 0xAF, 0x5A, 0x26, 0xB4, 0xC0, 0x31, 0x38, 0xCD, 0x4A, 0x93, 0xF9,
    0x16, 0x5B, 0xC6, 0xA8, 0x0A, 0xA7, 0xE0, 0x8C, 0x56, 0xAA, 0xB6, 0xE1, 0xE9, 0xF0, 0x6C, 0xC4,
    0x4B, 0xCE, 0x69, 0x6A, 0x8C, 0x04, 0x10, 0xAB, 0xE0, 0xE1, 0xC6, 0x11, 0xE9, 0x35, 0xDA, 0x0B,
    0xA7, 0xAE, 0xE6, 0xBA, 0x54, 0xDD, 0x4C, 0x15, 0x6C, 0xDC, 0x75, 0xA6, 0xE6, 0x47, 0x52, 0x2C,
    0x04, 0x05, 0x98, 0x0E, 0x57, 0xB2, 0x55, 0xF6, 0x78, 0xF4, 0x2B, 0xE2, 0x96, 0x56, 0x46, 0x95,
    0x2F, 0x78, 0x8E, 0x10, 0xF8, 0x07, 0x2E, 0xAF, 0xA8, 0x80, 0x15, 0x1D, 0x5A, 0xB1, 0x94, 0x2C,
    0xE5, 0xBD, 0xEF, 0x73, 0x57, 0xAB, 0x43, 0x61, 0x3B, 0x8B, 0xDF, 0x78, 0x17, 0xFB, 0xB5, 0xCA,
    0x50, 0x16, 0x25, 0xBD, 0x33, 0x65, 0xBF, 0x79, 0x38, 0xDD, 0xB0, 0x42, 0xF8, 0x1F, 0x9E, 0xFE,
    0x06, 0x37, 0x78, 0xEF, 0x43, 0x98, 0x2C, 0xC3, 0xEE, 0x13, 0xD5, 0x5B, 0xAD, 0x12, 0x9E, 0x88,
    0xE3, 0x92, 0xD1, 0xA3, 0x6F, 0x7E, 0x6F, 0x67, 0x84, 0x07, 0xA1, 0x18, 0x0B, 0x67, 0x23, 0x85,
    0xE8, 0x2B, 0x96, 0x31, 0x38, 0xB1, 0x54, 0xFA, 0x99, 0x29, 0x29, 0xBA, 0x12, 0xB1, 0x54, 0x6E,
    0xA2, 0x69, 0xC9, 0x63, 0xA0, 0xFF, 0x2C, 0x0E, 0xE8, 0xD8, 0x90, 0xDD, 0x87, 0xA1, 0x0B, 0xB5,
    0xA1, 0x51, 0x45, 0xD2, 0x84, 0xD9, 0x07, 0x64, 0x74, 0x1B, 0xCF, 0x4E, 0x1A, 0xF9, 0xEC, 0xAE,
    0x54, 0x7F, 0xA6, 0xB4, 0xE0, 0xE6, 0x0B, 0x19, 0xA3, 0xD2, 0x48, 0x44, 0xBB, 0x7A, 0xA2, 0x75,
    0x51, 0x04, 0x81, 0xF1, 0x82, 0x76, 0x61, 0x96, 0xA3, 0x96, 0x2B, 0xCC, 0x35, 0x28, 0x60, 0x68,
    0xE3, 0x68, 0x2B, 0xAB, 0x36, 0x17, 0x63, 0xC9, 0xDE, 0x45, 0xAD, 0xB3, 0x90, 0x6A, 0xCB, 0xF7,
    0xCF, 0x6A, 0x57, 0xC9, 0x4C, 0x6A, 0x1A, 0x84, 0xA3, 0x37, 0x8F, 0xA9, 0x89, 0x21, 0x8C, 0x04,
    0xBA, 0xA9, 0xAF, 0x03, 0xD4, 0xF2, 0xF9, 0x72, 0x0D, 0xCE, 0x58, 0xE7, 0x1F, 0x40, 0x73, 0x2B,
    0x06, 0x06, 0x6D, 0xC9, 0x1A, 0x08, 0xAB, 0x7D, 0x19, 0x85, 0x7E, 0xF7, 0x97, 0x2A, 0x84, 0xC6,
    0x90, 0x47, 0x6E, 0x7D, 0x54, 0x22, 0xBA, 0x23, 0x67, 0xD9, 0x9E, 0xA9, 0x79, 0xC5, 0xB8, 0xF5,
    0x65, 0x15, 0x77, 0x29, 0xAE, 0x48, 0x91, 0xE9, 0xD7, 0x2A, 0xD2, 0x57, 0x0C, 0x33, 0xC0, 0xBB,
    0xF6, 0x5D, 0x8C, 0x91, 0x70, 0x40, 0xFD, 0xA6, 0x83, 0x65, 0x0D, 0x02, 0xAC, 0xF1, 0x98, 0xB7,
    0x65, 0x3C, 0xBA, 0x46, 0x2E, 0x8C, 0xEE, 0xBA, 0xFC, 0x70, 0xC0, 0xF2, 0xDD, 0xA1, 0xAC, 0xAF,
    0x58, 0x2C, 0x88, 0x39, 0xAC, 0xA2, 0x20, 0x01, 0x9C, 0x26, 0xEF, 0x30, 0xE2, 0x64, 0x60, 0xC5,
    0x22, 0x25, 0x82, 0x17, 0xA2, 0x45, 0x31, 0x31, 0x70, 0xF0, 0x1A, 0x7F, 0xB1, 0xE4, 0x16, 0x18,
    0x57, 0xE2, 0x31, 0xED, 0x94, 0xA7, 0x20, 0x3F, 0xA0, 0xD5, 0xE9, 0x42, 0x61, 0xD7, 0xBE, 0x0A,
    0x83, 0x00, 0xE4, 0x3F, 0x12, 0x0E, 0x22, 0x44, 0x35, 0x10, 0x00, 0xB7, 0xC3, 0x26, 0x5A, 0x51,
    0x09, 0x8B, 0x37, 0x9D, 0x96, 0x3A, 0x9D, 0x61, 0x26, 0x40, 0x15, 0x23, 0x9D, 0x35, 0xC5, 0x5C,
    0xCD, 0x11, 0xA1, 0x02, 0xB8, 0xD6, 0x67, 0x66, 0x7E, 0xC5, 0xEC, 0x32, 0x9A, 0x72, 0x0D, 0xB6,
    0xDB, 0x20, 0x0C, 0xCD, 0xC9, 0x87, 0xA1, 0x55, 0xA7, 0x86, 0x7C, 0xD8, 0x8C, 0x86, 0xFE, 0xC7,
    0x73, 0x13, 0x65, 0x61, 0x9F, 0x94, 0x31, 0xB0, 0x44, 0xAC, 0xE2, 0x49, 0x3E, 0x00, 0xDD, 0xF6,
    0x9B, 0x16, 0x5C, 0x56, 0x7B, 0xE7, 0x8D, 0xBF, 0x8A, 0x2F, 0xFC, 0x0F, 0x50, 0xE7, 0xFE, 0x02,
    0x76, 0xA6, 0xE7, 0xC8, 0x67, 0x86, 0x4E, 0xB1, 0x46, 0x5C, 0x73, 0xAA, 0x2A, 0x8E, 0x4D, 0x21,
    0xC0, 0xD8, 0xD7, 0x17, 0x11, 0x67, 0xCB, 0x05, 0x3B, 0x0B, 0xBA, 0x12, 0xA4, 0x1A, 0x07, 0xCC,
    0x64, 0xC0, 0x8D, 0x70, 0x22, 0x2E, 0x41, 0xAA, 0x3D, 0xD8, 0xEF, 0x90, 0x54, 0xA4, 0x96, 0xB3,
    0x10, 0x14, 0x82, 0xF6, 0x20, 0xEE, 0x5C, 0xA1, 0x5B, 0x97, 0x2B, 0x6D, 0xFE, 0x51, 0x3F, 0xE3,
    0x0C, 0xD7, 0xA2, 0x33, 0xDB, 0x9F, 0x97, 0x51, 0xD6, 0x52, 0x28, 0x86, 0x8F, 0x4A, 0x20, 0xC0,
    0x95, 0x12, 0x81, 0x92, 0x8E, 0x02, 0xE1, 0x34, 0xCD, 0xE6, 0x8D, 0xAA, 0x03, 0xAD, 0x6C, 0x61,
    0xCB, 0xF5, 0xA0, 0x5E, 0x6C, 0xCC, 0x8E, 0x88, 0x4C, 0x81, 0xC9, 0xB0, 0xB9, 0x85, 0x4A, 0xE7,
    0x21, 0x56, 0x8C, 0x96, 0x66, 0xA9, 0x40, 0x1D, 0x60, 0x77, 0xBB, 0x66, 0xDF, 0xFE, 0x12, 0x36,
    0xE4, 0x1A, 0x6B, 0x8E, 0x4C, 0x3E, 0xB0, 0xE1, 0xB5, 0x81, 0x79, 0x5E, 0x28, 0x74, 0x40, 0x1B,
    0x13, 0x43, 0xC6, 0x66, 0x10, 0xD4, 0x48, 0xCF, 0x39, 0x0F, 0x8F, 0x53, 0x8D, 0x34, 0x7C, 0x3A,
    0xBF, 0x73, 0xDE, 0xB1, 0xD9, 0x77, 0xA5, 0x74, 0x1B, 0x4A, 0xCB, 0xE9, 0x6E, 0xC9, 0xC5, 0xFF,
    0x6E, 0x96, 0x47, 0x3C, 0x6C, 0x7E, 0x93, 0x20, 0x79, 0x3C, 0xD1, 0xCD, 0x11, 0xC2, 0x10, 0xBC,
    0x91, 0xF5, 0x96, 0xEE, 0xC0, 0x13, 0x57, 0x63, 0x29, 0x2B, 0xB8, 0x13, 0x52, 0xB9, 0xD2, 0x05,
    0x06, 0xBC, 0x36, 0xFD, 0x7A, 0xC3, 0xBA, 0x39, 0x06, 0x47, 0xB8, 0xF1, 0x2C, 0xDD, 0xB5, 0x93,
    0x5C, 0x5B, 0xDD, 0x75, 0x72, 0x2A, 0x16, 0x61, 0x08, 0xED, 0xA2, 0x69, 0x39, 0x98, 0x55, 0x32,
    0xEC, 0xDA, 0x52, 0x3A, 0x4F, 0x23, 0x65, 0xAB, 0x5D, 0x8B, 0xF3, 0x08, 0xA5, 0xF6, 0x4C, 0x33,
    0x54, 0xE2, 0x4E, 0xAF, 0xFE, 0x98, 0x76, 0x3A, 0x44, 0x61, 0xF5, 0xCB, 0x51, 0xD8, 0x2E, 0xF5,
    0x08, 0x95, 0x61, 0xAC, 0x38, 0xB2, 0x1D, 0xDE, 0x57, 0x23, 0x37, 0xAB, 0xCA, 0xED, 0x87, 0x1E,
    0x73, 0x3E, 0xE8, 0x5C, 0x1D, 0xE1, 0xB0, 0x0C, 0x26, 0xC1, 0x2A, 0x93, 0xCA, 0x2C, 0xE1, 0x4F,
    0x8B, 0x90, 0x8E, 0xE8, 0x77, 0x1A, 0x54, 0x94, 0x2E, 0xC2, 0x4A, 0x9D, 0x53, 0xA7, 0x1D, 0x4E,
    0x8A, 0xD0, 0xB6, 0x59, 0xA8, 0x13, 0x70, 0x06, 0xE5, 0x1B, 0xFC, 0x41, 0xB7, 0xBB, 0x35, 0x91,
    0xCB, 0xCB, 0xDF, 0x72, 0x3A, 0x7B, 0x28, 0x07, 0x6B, 0xED, 0xB4, 0x6C, 0x81, 0xB9, 0x7C, 0xC4,
    0x8F, 0x64, 0xC4, 0xDF, 0xD3, 0x9F, 0xEC, 0x99, 0x04, 0xCF, 0xA6, 0xE0, 0xD9, 0xA8, 0x9E, 0x2D,
    0xFB, 0x90, 0xEE, 0x46, 0x13, 0x4E, 0xDD, 0x98, 0x76, 0x40, 0x36, 0x93, 0x9E, 0x85, 0xB4, 0xEB,
    0x6C, 0x06, 0xCF, 0x6E, 0xD3, 0xB3, 0x06, 0x9B, 0xC0, 0xB3, 0xFA, 0x23, 0xD0, 0xF1, 0x43, 0xE4,
    0xC7, 0xD7, 0xA1, 0xF7, 0x36, 0xF0, 0x0C, 0x38, 0x68, 0x93, 0x35, 0x94, 0x6E, 0x1E, 0x9A, 0x95,
    0x0B, 0x1F, 0x6C, 0x85, 0x51, 0x11, 0x69, 0xB7, 0x7F, 0xBC, 0xA4, 0x6F, 0x8B, 0xE0, 0xFC, 0x42,
    0x14, 0x9D, 0x10, 0x88, 0xC5, 0xA1, 0x33, 0x6C, 0x3F, 0xE7, 0xC3, 0x6C, 0x4E, 0x33, 0x1F, 0x67,
    0x3E, 0xCF, 0x26, 0xD4, 0x73, 0xAC, 0xCD, 0x1C, 0x6C, 0x33, 0x47, 0xDB, 0xCC, 0xE1, 0x36, 0x73,
    0xBC, 0x37, 0x01, 0x0F, 0x11, 0xEF, 0x8C, 0x1E, 0x8C, 0x62, 0x43, 0x4F, 0xF6, 0x6F, 0xA2, 0x41,
    0x17, 0x27, 0x2B, 0x8D, 0x3A, 0x54, 0x07, 0xC3, 0xBE, 0x11, 0x1E, 0xBB, 0xC0, 0x8F, 0x21, 0xF2,
    0x32, 0x9F, 0x6F, 0xA6, 0x97, 0xBF, 0x33, 0x87, 0x7E, 0xC2, 0xCD, 0x52, 0x57, 0xCD, 0x10, 0x38,
    0x00, 0x83, 0xA4, 0xEE, 0xC3, 0x0E, 0x06, 0x1E, 0xD8, 0x1F, 0xF7, 0xA7, 0x25, 0x20, 0xCB, 0x02,
    0xC7, 0x1C, 0xA4, 0x8D, 0x90, 0x13, 0x59, 0xD6, 0x26, 0xA2, 0xE5, 0x2B, 0xAC, 0x3C, 0x08, 0x2C,
    0x92, 0x94, 0xEA, 0x61, 0xAE, 0xE5, 0x9D, 0xBD, 0xB7, 0x47, 0xDD, 0x47, 0x87, 0x54, 0xED, 0xED,
    0x12, 0x22, 0xF7, 0x2A, 0x4B, 0x2B, 0xA3, 0x35, 0x8C, 0x5D, 0xCE, 0xF8, 0x3B, 0xB0, 0x8F, 0xB3,
    0x83, 0x5A, 0x0B, 0x5A, 0x37, 0x1B, 0xF5, 0x34, 0x99, 0xFD, 0xF1, 0xFB, 0x23, 0x2C, 0xAB, 0x7A,
    0x04, 0xB6, 0x6D, 0x8B, 0x98, 0x80, 0x55, 0x7B, 0xB2, 0x2A, 0x84, 0xF3, 0xCC, 0xAA, 0xB3, 0xBC,
    0x2F, 0xEF, 0xA2, 0x17, 0x3B, 0x92, 0xB6, 0xE6, 0x38, 0x9D, 0xFC, 0x53, 0xC3, 0x95, 0x26, 0xE2,
    0x75, 0xD9, 0xB0, 0x8A, 0xCA, 0x28, 0x95, 0xB4, 0x7F, 0x75, 0x28, 0x10, 0x7E, 0x17, 0x88, 0x54,
    0x46, 0x34, 0xED, 0x92, 0x23, 0x05, 0xC6, 0x24, 0xCC, 0x23, 0xFD, 0xFE, 0x78, 0x5E, 0xEE, 0xFC,
    0x82, 0x09, 0x2A, 0x82, 0x9A, 0x85, 0x43, 0x2A, 0x2D, 0x91, 0xB4, 0x25, 0x68, 0x26, 0x7D, 0x22,
    0xE0, 0x53, 0xD4, 0x33, 0x08, 0xD5, 0xCA, 0xD9, 0x1E, 0xAE, 0x0D, 0x51, 0x5F, 0x3E, 0x11, 0xB9,
    0xD4, 0x69, 0x40, 0x5B, 0x87, 0x11, 0x45, 0xAA, 0x74, 0x6D, 0xB2, 0x75, 0x98, 0xD4, 0x42, 0x13,
    0x53, 0x5D, 0xC7, 0x2A, 0xAF, 0x03, 0x56, 0xD6, 0x01, 0x4A, 0xAE, 0x7E, 0x0A, 0x61, 0xE0, 0x64,
    0x51, 0x29, 0x82, 0xC8, 0x70, 0x90, 0x82, 0x90, 0x9B, 0x48, 0xD3, 0xAF, 0xCA, 0x07, 0x50, 0x63,
    0x1C, 0xD8, 0x00, 0x5A, 0x8A, 0xE0, 0x09, 0x0E, 0xE2, 0xD8, 0x98, 0x5F, 0x09, 0x14, 0x4A, 0xF0,
    0x91, 0x11, 0x88, 0xA9, 0xC2, 0x55, 0x0D, 0x27, 0x9C, 0xA8, 0x10, 0xD7, 0x80, 0x35, 0xE6, 0x94,
    0xBC, 0x87, 0xAC, 0xB6, 0x3C, 0x14, 0xC6, 0x83, 0x36, 0x1E, 0xC2, 0x27, 0x8F, 0x97, 0xA3, 0x53,
    0xD0, 0x2E, 0xDD, 0x61, 0xF6, 0xD9, 0x8A, 0x6C, 0x17, 0x86, 0x3B, 0xC4, 0xFE, 0xAF, 0x61, 0xFA,
    0x35, 0x9C, 0x84, 0x2E, 0x59, 0xD6, 0x16, 0xE3, 0x42, 0x8E, 0x6A, 0x66, 0x01, 0x1B, 0x8E, 0xA1,
    0x1D, 0x6F, 0x3E, 0x8A, 0x26, 0x46, 0xB9, 0x6C, 0x53, 0x2E, 0x42, 0xD6, 0x8C, 0x04, 0x10, 0x81,
    0xFB, 0x9C, 0x38, 0x21, 0x57, 0xD6, 0x57, 0x0C, 0xF5, 0xCA, 0x2B, 0x70, 0x98, 0x9D, 0x10, 0x13,
    0xCC, 0xA8, 0x4E, 0xC3, 0x86, 0xED, 0xA8, 0xD6, 0xD9, 0x58, 0x89, 0x07, 0x92, 0x30, 0x54, 0x72,
    0x4A, 0xA0, 0xAD, 0x97, 0x01, 0x6E, 0x9D, 0xAE, 0x20, 0xFD, 0x8F, 0xFD, 0xB4, 0xF1, 0x41, 0x5D,
    0x50, 0x0F, 0xD4, 0x01, 0xD9, 0xD1, 0x3F, 0x4A, 0x85, 0xD1, 0x1D, 0x16, 0x5C, 0xE2, 0x69, 0xAF,
    0x64, 0x76, 0xCB, 0x3A, 0x61, 0x4D, 0x62, 0x1E, 0x9B, 0x88, 0x7E, 0x62, 0x10, 0x7E, 0xD8, 0x0E,
    0x04, 0x91, 0x7D, 0x85, 0xF7, 0xF2, 0xFB, 0xD8, 0xD9, 0x1D, 0x8C, 0x7B, 0x9C, 0x29, 0xD0, 0x6F,
    0xB1, 0xAC, 0x58, 0x31, 0x45, 0x52, 0x5D, 0x49, 0xEA, 0xA4, 0x9A, 0xD2, 0x2A, 0xBE, 0x3A, 0xD9,
    0x22, 0xFE, 0xFC, 0x7F, 0x72, 0x13, 0x7F, 0xF1, 0x93, 0x53, 0x26, 0xBE, 0xF1, 0xCF, 0x97, 0x51,
    0xFA, 0x9C, 0xE4, 0x46, 0xB8, 0xBD, 0x18, 0xB2, 0xDA, 0x2C, 0xFA, 0x6C, 0x26, 0x90, 0xCB, 0xB6,
    0xBA, 0x6C, 0x2E, 0x67, 0x55, 0x6F, 0xDE, 0x71, 0x9F, 0xB5, 0xE6, 0x9D, 0xF2, 0xF3, 0xC6, 0xBC,
    0xF3, 0xE8, 0x8B, 0xCA, 0x9C, 0xBA, 0x7F, 0x03, 0xCC, 0x70, 0x8B, 0xB4, 0x70, 0x95, 0x26, 0x7F,
    0x80, 0xA4, 0xB8, 0x45, 0x1F, 0x06, 0x09, 0x95, 0xFA, 0x35, 0xE7, 0x8C, 0xCA, 0xC8, 0xDE, 0xB2,
    0x82, 0xF2, 0xC9, 0x57, 0x06, 0x41, 0x58, 0x45, 0x58, 0x8A, 0xE8, 0x67, 0xE6, 0x6F, 0xCD, 0x73,
    0x7F, 0x4E, 0xEC, 0x41, 0x05, 0xA9, 0x60, 0xC9, 0x18, 0xB2, 0x9C, 0x65, 0x9A, 0xAF, 0x12, 0x14,
    0x54, 0x91, 0x72, 0xB1, 0xD8, 0xDD, 0xD8, 0x9A, 0x22, 0xD7, 0x55, 0xC8, 0x50, 0x59, 0xF9, 0x01,
    0x90, 0xDA, 0xE7, 0xC2, 0xE0, 0x14, 0x5C, 0x8C, 0xC2, 0x09, 0x58, 0x9A, 0x42, 0x55, 0x58, 0xA2,
    0x67, 0x53, 0xAA, 0x8C, 0x5A, 0x49, 0xF5, 0x85, 0xED, 0x13, 0x39, 0xC0, 0x30, 0x35, 0xBD, 0x79,
    0x44, 0x28, 0x1C, 0x49, 0xCD, 0x9C, 0x95, 0x23, 0x26, 0xDF, 0x0A, 0xA9, 0x78, 0xAE, 0x49, 0x65,
    0x07, 0x4B, 0x93, 0x80, 0x84, 0x1D, 0xFD, 0xD6, 0xE4, 0x0D, 0x9A, 0x0C, 0xD6, 0xDA, 0xC3, 0xB2,
    0xC4, 0xB8, 0x87, 0x3A, 0x57, 0x69, 0xDD, 0xCD, 0x9D, 0x1F, 0x93, 0x0B, 0x52, 0x83, 0x96, 0x8A,
    0xDF, 0x7B, 0x60, 0xB7, 0x21, 0x69, 0x87, 0xB4, 0x1E, 0x6C, 0x35, 0xD8, 0x55, 0x9F, 0x9D, 0xE9,
    0xF2, 0x45, 0xEB, 0x62, 0xFC, 0x32, 0x2A, 0xD4, 0x81, 0xDD, 0xFC, 0x64, 0x8C, 0x27, 0xBB, 0xE7,
    0x3C, 0x69, 0x0B, 0x93, 0x15, 0x3B, 0xB2, 0x3D, 0x6D, 0xCC, 0xBB, 0x48, 0xB5, 0x41, 0x86, 0x66,
    0x73, 0x61, 0x13, 0xFC, 0x36, 0x8C, 0x34, 0xB2, 0x48, 0x39, 0xF7, 0xDB, 0x0A, 0x6A, 0x22, 0xE9,
    0x4C, 0x0A, 0x69, 0x0E, 0xB8, 0xAF, 0xB8, 0x47, 0x5E, 0x70, 0x03, 0xF2, 0x54, 0x5A, 0x1D, 0xBA,
    0xAB, 0xB7, 0x4A, 0x8A, 0x2C, 0x54, 0xDE, 0xE9, 0x77, 0x9E, 0xFB, 0x2D, 0x04, 0xD5, 0xE9, 0x60,
    0x77, 0xD0, 0x00, 0x97, 0x05, 0x1C, 0x34, 0x49, 0xF3, 0x2B, 0x93, 0x5C, 0x87, 0x22, 0xFB, 0xA4,
    0xD1, 0xEA, 0xB5, 0x48, 0x51, 0x76, 0x16, 0x50, 0x78, 0x83, 0x15, 0xC4, 0xAA, 0x2E, 0xCC, 0xBB,
    0xB6, 0xB9, 0x7C, 0xCA, 0x36, 0xFD, 0xA9, 0xFC, 0xCB, 0xF6, 0xD4, 0xE9, 0x5B, 0xCD, 0xA9, 0xFF,
    0xBC, 0x57, 0x9D, 0xFA, 0xE3, 0x8D, 0xEA, 0xF4, 0x1F, 0x0F, 0x0A, 0xF7, 0x19, 0xF8, 0xFA, 0x2A,
    0x88, 0xFE, 0x2C, 0xE7, 0x8C, 0x64, 0x48, 0x3B, 0x34, 0xAC, 0xDA, 0xAD, 0x00, 0x9B, 0xCA, 0x56,
    0xD9, 0x2A, 0x2B, 0x72, 0x78, 0xE0, 0xCC, 0x7B, 0xDC, 0xAD, 0x94, 0xDA, 0x4B, 0x15, 0xFD, 0x9C,
    0x5A, 0x94, 0xD2, 0xB8, 0x26, 0xDF, 0x42, 0x9B, 0x55, 0x59, 0x9D, 0xB6, 0x71, 0x67, 0x57, 0xD9,
    0x2A, 0x2F, 0xC2, 0xD3, 0xEF, 0x22, 0x46, 0xFA, 0x86, 0xBE, 0xB4, 0x7D, 0xE4, 0xC8, 0xBB, 0x2C,
    0x64, 0x9C, 0xEF, 0xEF, 0x8D, 0xF9, 0xF3, 0xE7, 0x20, 0x1C, 0xB4, 0x57, 0x31, 0x8A, 0x39, 0x65,
    0x8B, 0xC3, 0x93, 0x78, 0xB0, 0x8F, 0xBA, 0x45, 0x1B, 0xE3, 0x5F, 0xD2, 0x24, 0x75, 0x0A, 0x37,
    0x2D, 0xDD, 0x54, 0xC3, 0xFF, 0x0B, 0x75, 0x94, 0x01, 0x84, 0x25, 0xD9, 0x15, 0x86, 0xBF, 0x7A,
    0xD5, 0xBD, 0x95, 0xA8, 0x64, 0xAB, 0xC5, 0x2C, 0x36, 0x9D, 0x74, 0x05, 0x61, 0x67, 0xA3, 0xDF,
    0x14, 0x0C, 0x5E, 0xA8, 0x7E, 0xE7, 0xCA, 0x12, 0x00, 0x8D, 0x1D, 0x00, 0xA0, 0x01, 0xD8, 0x41,
    0xA3, 0xC8, 0xEB, 0xAE, 0x8A, 0x45, 0xB0, 0xC8, 0x80, 0x40, 0xA0, 0x11, 0xC8, 0xC2, 0xB6, 0x78,
    0x18, 0xCC, 0xBC, 0xBA, 0x40, 0x30, 0x50, 0x49, 0x20, 0x04, 0xB9, 0x61, 0x09, 0x92, 0x64, 0x6E,
    0x28, 0xD4, 0x66, 0xEB, 0xBD, 0x93, 0x5B, 0xB3, 0xFD, 0x92, 0x9D, 0x48, 0xCE, 0x39, 0xE7, 0xA8,
    0x7B, 0xCE, 0x5F, 0xFF, 0xBD, 0x55, 0xE7, 0xDE, 0x2B, 0x2E, 0xF7, 0x99, 0x8F, 0x07, 0xC6, 0xE8,
    0x63, 0x92, 0x2D, 0x59, 0x8F, 0x58, 0x5A, 0x40, 0xBB, 0x58, 0x7D, 0xFA, 0xF9, 0x50, 0xFC, 0x66,
    0x6C, 0xD9, 0x44, 0xE7, 0x87, 0x64, 0xBB, 0x1A, 0xD1, 0x1D, 0xB5, 0x8E, 0x3C, 0x3D, 0x76, 0x88,
    0xBA, 0x60, 0xB5, 0x76, 0x6F, 0x3D, 0x7A, 0x64, 0x44, 0xD5, 0x06, 0x6F, 0xEA, 0xE0, 0xF7, 0xB9,
    0xA8, 0x7F, 0x3E, 0x88, 0xFA, 0x42, 0xBB, 0x64, 0x87, 0x98, 0xD6, 0xAA, 0xAD, 0x39, 0x8C, 0x8C,
    0xFC, 0xC4, 0xCB, 0x47, 0x5E, 0x12, 0x07, 0xAD, 0x6B, 0xFB, 0x78, 0x88, 0xFB, 0xC2, 0x09, 0xEF,
    0x92, 0x3A, 0x19, 0x9F, 0x9D, 0x3D, 0x3D, 0x7B, 0x76, 0x26, 0x63, 0xE6, 0xE2, 0xAD, 0xD8, 0xB4,
    0x57, 0x93, 0xFF, 0x76, 0x8B, 0xBC, 0xE7, 0x19, 0x33, 0xCB, 0x86, 0x9D, 0xBC, 0x37, 0xE4, 0x2F,
    0x5D, 0xA6, 0x36, 0x51, 0x32, 0x9B, 0x37, 0xB9, 0x29, 0x10, 0x84, 0x6B, 0x9E, 0x23, 0x99, 0x95,
    0xAC, 0xB9, 0xCE, 0x9B, 0xE7, 0x85, 0x19, 0x05, 0x79, 0x31, 0xE4, 0xBF, 0x1B, 0xB3, 0x3F, 0x8D,
    0xB1, 0xDF, 0xD0, 0x17, 0x5C, 0xC1, 0x8E, 0xFB, 0xDB, 0x8B, 0xF2, 0xDE, 0x20, 0x3F, 0xF4, 0xB9,
    0x76, 0x6F, 0xEC, 0xE0, 0x7D, 0x52, 0xB5, 0x85, 0xFA, 0x5A, 0xFD, 0xF3, 0x59, 0x7F, 0xC1, 0x0D,
    0xDB, 0xD9, 0x98, 0xF4, 0x99, 0xCF, 0x9D, 0x74, 0xB5, 0x8D, 0xB7, 0xC9, 0x98, 0x4E, 0xA3, 0x4E,
    0x9A, 0x1A, 0x9D, 0x94, 0x96, 0x1A, 0x41, 0x78, 0xBD, 0xD6, 0x5A, 0xB1, 0xB9, 0x4B, 0xFD, 0xAC,
    0xE7, 0x63, 0x13, 0x2B, 0xE9, 0x40, 0xEE, 0x10, 0x03, 0xDF, 0xA5, 0x2A, 0x7A, 0xF1, 0x78, 0xDC,
    0x57, 0x99, 0x23, 0x5E, 0xFC, 0x82, 0x0A, 0x51, 0x5B, 0xAB, 0x25, 0x6E, 0x48, 0x1A, 0x52, 0x43,
    0xC6, 0x64, 0x27, 0xA0, 0x26, 0xD2, 0x40, 0x4E, 0x3E, 0x52, 0x3B, 0x5A, 0xC3, 0x39, 0x40, 0xDA,
    0x88, 0x59, 0xB1, 0xE2, 0x8A, 0x07, 0x1C, 0x10, 0x99, 0xD8, 0x26, 0x4D, 0xDB, 0xAB, 0x97, 0x51,
    0xC6, 0xA4, 0x49, 0x4D, 0x4A, 0xD4, 0xC4, 0xB6, 0x1E, 0xEA, 0x21, 0x35, 0x19, 0xED, 0xA0, 0x03,
    0xDF, 0x83, 0xDA, 0xD0, 0x82, 0xC2, 0x8E, 0x77, 0xB6, 0xC8, 0x88, 0xF4, 0x48, 0x47, 0xDE, 0x15,
    0xB6, 0xB0, 0xD2, 0xC8, 0xEF, 0x65, 0x2C, 0xC6, 0x64, 0xCC, 0xAD, 0x38, 0xE9, 0x8A, 0xE6, 0xCB,
    0xED, 0x49, 0x7A, 0xF2, 0x1D, 0xCB, 0x9C, 0x32, 0x9B, 0x62, 0x78, 0x0E, 0x99, 0xFD, 0xF7, 0x2E,
    0x89, 0x5D, 0xEA, 0x93, 0x91, 0xF1, 0x1B, 0x63, 0x98, 0xB3, 0x8B, 0x7D, 0x66, 0x85, 0xA0, 0xBD,
    0xF4, 0x69, 0x78, 0x9E, 0x5A, 0x53, 0x18, 0x41, 0x58, 0x72, 0x4D, 0xA6, 0x4A, 0x1E, 0x7C, 0x4E,
    0x46, 0xC9, 0x49, 0xF0, 0x39, 0xC0, 0xED, 0xE2, 0xDB, 0xB7, 0xAB, 0x52, 0x5E, 0xFA, 0xC3, 0x88,
    0x9A, 0x16, 0xF9, 0x70, 0x24, 0x7F, 0xE9, 0xA7, 0x8E, 0x90, 0x28, 0xD0, 0x7A, 0x66, 0xEA, 0x49,
    0x3E, 0x0F, 0xF9, 0x6E, 0x4B, 0x6D, 0x6A, 0xDE, 0xE5, 0xBE, 0xFC, 0x6C, 0x14, 0x1D, 0x72, 0x75,
    0x33, 0x35, 0x3C, 0x0A, 0xC8, 0x2E, 0x57, 0x1F, 0x32, 0xD7, 0xD1, 0x70, 0xC1, 0xC5, 0x17, 0xBB,
    0xF4, 0x03, 0x53, 0xA8, 0x22, 0xBA, 0x65, 0x75, 0xDC, 0x53, 0x4C, 0xF5, 0x60, 0xAE, 0x55, 0xED,
    0x34, 0x78, 0x16, 0x3C, 0x57, 0xB5, 0xDC, 0x89, 0xA8, 0x36, 0xC1, 0x0D, 0xE7, 0x91, 0x49, 0xF4,
    0x93, 0x26, 0xD4, 0x27, 0x02, 0x96, 0xC9, 0xC0, 0xDD, 0xCE, 0x6E, 0xEA, 0x90, 0x0B, 0xEF, 0x87,
    0x71, 0x90, 0xF3, 0x5A, 0x83, 0xB8, 0x57, 0xB1, 0x0B, 0xD9, 0x3D, 0xD7, 0x63, 0xE2, 0x81, 0x62,
    0x8C, 0x02, 0xFD, 0x0E, 0xF1, 0x64, 0x86, 0x03, 0x00, 0xDE, 0x68, 0x80, 0x6C, 0x0A, 0x02, 0x70,
    0x0D, 0x30, 0x02, 0xB3, 0x1E, 0x88, 0x3D, 0x90, 0xDA, 0xD7, 0x10, 0x57, 0xAF, 0x23, 0xDC, 0x1E,
    0x91, 0xFF, 0x0F, 0x84, 0xDF, 0x23, 0xB2, 0x57, 0x08, 0xB3, 0x47, 0x1C, 0x90, 0x99, 0xD4, 0xC6,
    0x36, 0xB1, 0xD2, 0x9C, 0x51, 0x32, 0xAF, 0x28, 0x2F, 0x29, 0x5B, 0x1D, 0x54, 0xFB, 0x42, 0x47,
    0xD1, 0xF1, 0x21, 0x8B, 0xC7, 0x3C, 0x6C, 0xB5, 0x57, 0xF5, 0xE9, 0x9F, 0x87, 0xC5, 0xD5, 0x3C,
    0x74, 0x05, 0x80, 0x6F, 0x2D, 0xF2, 0x3E, 0xB3, 0x85, 0xAB, 0xFC, 0x11, 0xAC, 0x93, 0x2E, 0x50,
    0x35, 0xC9, 0x2B, 0xB2, 0x25, 0x70, 0xF7, 0x07, 0xBB, 0xFF, 0xFE, 0x83, 0xD2, 0xFD, 0xFB, 0x32,
    0xF9, 0x65, 0xB2, 0xCD, 0xBC, 0xD8, 0x0D, 0x77, 0x2D, 0xE1, 0xCB, 0x2D, 0xA9, 0x4D, 0x6B, 0xB3,
    0x49, 0x01, 0x62, 0x85, 0xFC, 0xC3, 0xF1, 0x1A, 0x79, 0xD1, 0x2B, 0xF2, 0x53, 0xB7, 0xE3, 0xA0,
    0x68, 0xEE, 0x21, 0x8D, 0x98, 0xFA, 0x49, 0xDD, 0x15, 0xF6, 0x8E, 0xBE, 0xA9, 0x48, 0xCC, 0x9A,
    0x14, 0x4F, 0xF6, 0xFF, 0x97, 0x90, 0xD9, 0x60, 0xFB, 0x6B, 0x80, 0xD6, 0xA9, 0x9B, 0x75, 0xB1,
    0x8D, 0xED, 0xCC, 0x00, 0x7C, 0x8D, 0xEC, 0xAF, 0x0B, 0x19, 0xD7, 0x97, 0xEA, 0xFF, 0xF1, 0x47,
    0x1B, 0x35, 0x00, 0x14, 0x20, 0x06, 0x81, 0x03, 0xD2, 0xBE, 0x14, 0x1D, 0xAA, 0xC2, 0x71, 0xCE,
    0x6C, 0x9C, 0x2C, 0xEA, 0x01, 0x92, 0xE1, 0x34, 0xD7, 0xE1, 0xF4, 0xD8, 0x01, 0xF9, 0xA7, 0x6B,
    0x51, 0xB7, 0xFE, 0xA0, 0xC1, 0x30, 0xFB, 0xB1, 0xCD, 0xB5, 0x17, 0xED, 0xD3, 0xB8, 0x89, 0x00,
    0x12, 0x72, 0x5B, 0x3C, 0xC9, 0x38, 0x61, 0x4E, 0xC7, 0x26, 0x8C, 0x72, 0xBB, 0xA1, 0x03, 0x12,
    0x5B, 0xD8, 0x25, 0x25, 0x4B, 0x72, 0x0E, 0x99, 0x69, 0x93, 0xA9, 0x2B, 0x7E, 0xD0, 0x97, 0xF7,
    0x9E, 0x5E, 0x6C, 0x2F, 0xA2, 0x2D, 0x0C, 0xC0, 0x43, 0x2B, 0x2E, 0xB7, 0xD2, 0x7D, 0xDF, 0x01,
    0x37, 0xC7, 0xDD, 0x92, 0x25, 0x69, 0xC7, 0xCD, 0x0D, 0xD7, 0xA4, 0x36, 0xB5, 0xD7, 0xE6, 0x86,
    0x2E, 0x7A, 0xB2, 0x89, 0x5D, 0xFE, 0x6B, 0x9F, 0xBF, 0xB8, 0xDC, 0xBC, 0xB9, 0xE8, 0x4E, 0x4F,
    0x5F, 0x6F, 0xF5, 0xFE, 0xBA, 0x8D, 0x9B, 0x77, 0x7E, 0x21, 0x43, 0xDA, 0x9D, 0xF8, 0xAF, 0x98,
    0xFC, 0x0F, 0xBE, 0x7A, 0x5E, 0xDE, 0x2E, 0xBE, 0x1E, 0xEC, 0x72, 0x75, 0x5A, 0xFC, 0xA5, 0x07,
    0xBE, 0xC3, 0x63, 0xDA, 0x4E, 0xED, 0xCC, 0xC6, 0xCD, 0x05, 0x10, 0xDD, 0xD4, 0x40, 0xEE, 0xE4,
    0x53, 0xA2, 0x69, 0x79, 0xAA, 0x5B, 0x66, 0x21, 0x3A, 0x38, 0xD6, 0xCF, 0xE0, 0x3E, 0x13, 0x46,
    0x80, 0xD4, 0x15, 0x13, 0xC6, 0xA6, 0xA1, 0xBA, 0x23, 0xFA, 0x02, 0xF3, 0xCD, 0x09, 0x73, 0x18,
    0xCE, 0x07, 0x85, 0x4E, 0x9D, 0x08, 0x01, 0xD1, 0xBB, 0x43, 0x53, 0x07, 0x60, 0xF0, 0x6D, 0x1B,
    0x3C, 0xD2, 0x7F, 0x9E, 0xB3, 0x9A, 0xF8, 0x75, 0x90, 0x29, 0xBA, 0x2B, 0x0E, 0x3F, 0xD9, 0x19,
    0x78, 0xEB, 0x7D, 0x20, 0x90, 0x76, 0x30, 0x01, 0x89, 0xA7, 0xAA, 0xC9, 0x76, 0x26, 0x6A, 0xAD,
    0x74, 0x90, 0xB9, 0xCD, 0xDD, 0x89, 0xD9, 0xCB, 0x0C, 0x80, 0xB8, 0x93, 0x57, 0x6C, 0xF5, 0x14,
    0x7B, 0x80, 0xD8, 0xFE, 0xA7, 0x0A, 0xE9, 0xDF, 0x1E, 0xAC, 0xCA, 0xB2, 0x5A, 0x54, 0xBD, 0x78,
    0x98, 0xF5, 0xD9, 0xB3, 0xB3, 0x52, 0xFA, 0x92, 0xE5, 0xED, 0x1B, 0x4F, 0x52, 0x32, 0x60, 0x4E,
    0x19, 0xB4, 0x62, 0x8D, 0x27, 0xF5, 0x67, 0xAB, 0xAA, 0xBC, 0x2C, 0xAB, 0x75, 0xE1, 0xE0, 0xED,
    0xB7, 0xCB, 0x79, 0x78, 0xB7, 0xAC, 0x06, 0x59, 0x1F, 0x1C, 0x85, 0xDA, 0xD1, 0x53, 0xD6, 0x41,
    0xC5, 0xC2, 0xFE, 0xDE, 0x0E, 0x13, 0x30, 0x5F, 0x51, 0x06, 0x86, 0x05, 0x55, 0xA8, 0x79, 0x00,
    0xC8, 0x78, 0x93, 0x93, 0xA1, 0x08, 0x73, 0x2F, 0xCA, 0xCB, 0xEA, 0x76, 0x7D, 0x74, 0x34, 0xFF,
    0x6C, 0x58, 0x2E, 0xCB, 0x20, 0x55, 0x55, 0xAD, 0xD7, 0x97, 0xFE, 0xF6, 0xF6, 0xC4, 0x17, 0x66,
    0x3F, 0x77, 0x44, 0x8A, 0xB8, 0x07, 0x77, 0xAB, 0x11, 0x03, 0xBE, 0xBA, 0xF5, 0xBF, 0xEA, 0x7E,
    0xD4, 0x08, 0x67, 0x24, 0x1F, 0x35, 0xF1, 0xDF, 0x89, 0x06, 0xE2, 0x9E, 0x6C, 0xC5, 0xD9, 0x19,
    0xFF, 0x02, 0x3D, 0xCF, 0x21, 0x6C, 0xC5, 0x20, 0x18, 0x04, 0xE0, 0x6B, 0x49, 0x56, 0x51, 0x81,
    0xCF, 0x04, 0x5E, 0xE1, 0x55, 0xEB, 0xBD, 0x7F, 0xDE, 0xFB, 0x80, 0x37, 0x9B, 0x9F, 0x98, 0x57,
    0xF3, 0x0A, 0xBC, 0xAA, 0x99, 0x5E, 0xFD, 0x0C, 0x59, 0x10, 0x15, 0xC0, 0xED, 0x52, 0xF1, 0x92,
    0xFE, 0x5F, 0x05, 0x07, 0xB9, 0x1F, 0xF0, 0x1D, 0x98, 0xC8, 0x8C, 0x85, 0x2C, 0xB0, 0x23, 0x15,
    0xB8, 0xE2, 0x2A, 0xB6, 0xD3, 0x8A, 0xC3, 0x16, 0x84, 0xEC, 0x0A, 0x52, 0x0E, 0x07, 0xF8, 0xC6,
    0x1D, 0x7C, 0x5C, 0x00, 0xFD, 0xD0, 0xAD, 0x57, 0xC6, 0x79, 0xE8, 0xC8, 0x74, 0x25, 0x4D, 0x13,
    0x4B, 0x53, 0x5C, 0x30, 0xAF, 0xFC, 0x60, 0xB4, 0x24, 0x21, 0x1A, 0xDC, 0x1F, 0xDF, 0xE1, 0x4F,
    0x40, 0xA1, 0x27, 0x59, 0x04, 0x81, 0x14, 0x05, 0x77, 0x81, 0x17, 0xFD, 0x3C, 0x0B, 0x12, 0xAF,
    0x99, 0x9F, 0xCD, 0x0C, 0xD3, 0xD6, 0x66, 0xBA, 0xAD, 0xA6, 0xBB, 0x62, 0xBA, 0x3F, 0x4D, 0xDB,
    0xC8, 0x7B, 0x82, 0x26, 0x7D, 0x3F, 0xAE, 0x14, 0x6D, 0x4D, 0xD1, 0x17, 0xEE, 0xDB, 0xC9, 0x3D,
    0xE4, 0x14, 0x99, 0xC3, 0x2F, 0xB1, 0xB1, 0xC3, 0xB1, 0x62, 0x66, 0x04, 0x92, 0x9A, 0xEB, 0x3B,
    0x8C, 0x8A, 0xB3, 0xA8, 0xE2, 0xF4, 0x55, 0xB4, 0x1C, 0xD6, 0xCB, 0xAB, 0xCB, 0xD2, 0x82, 0x32,
    0xA6, 0x11, 0x92, 0x5D, 0xCE, 0xBC, 0xA4, 0xA2, 0x12, 0xCC, 0xB7, 0x51, 0x4C, 0xB7, 0x86, 0x59,
    0xAE, 0xB7, 0x8E, 0xF7, 0x32, 0x3F, 0xA7, 0xA4, 0x55, 0x7E, 0x1E, 0xB6, 0x42, 0x4F, 0xAE, 0x23,
    0xC2, 0xD6, 0x45, 0x21, 0xB5, 0x96, 0x5A, 0x55, 0x15, 0xFE, 0x01, 0xD5, 0x77, 0x3D, 0xB0, 0xDE,
    0xE6, 0x99, 0xDD, 0x0B, 0x40, 0x22, 0x26, 0xC6, 0x64, 0xC1, 0x42, 0x4C, 0x32, 0xE2, 0x24, 0x48,
    0x91, 0x22, 0x6B, 0xAF, 0x17, 0xCD, 0x16, 0x29, 0x76, 0x0D, 0xC8, 0x2A, 0x54, 0xB8, 0x10, 0x33,
    0xC3, 0x4B, 0x4E, 0xE6, 0x16, 0x74, 0xB9, 0xC9, 0xCE, 0xE4, 0xBA, 0xD8, 0x9D, 0x71, 0x61, 0x0B,
    0xB0, 0x54, 0xA8, 0x70, 0x61, 0x16, 0xA6, 0x5C, 0xA4, 0x58, 0x15, 0xCE, 0x8C, 0x93, 0x22, 0xDE,
    0x62, 0x8B, 0xDD, 0x89, 0x4D, 0x80, 0xBC, 0x93, 0x61, 0xC1, 0xC2, 0x90, 0x68, 0x5A, 0x85, 0x0B,
    0x42, 0x16, 0xAF, 0x35, 0x89, 0x0B, 0x82, 0x22, 0xAE, 0x89, 0x6B, 0x02, 0x78, 0x73, 0xCE, 0x79,
    0x81, 0xEF, 0x7E, 0x97, 0x3F, 0x8E, 0xBC, 0x5A, 0x5B, 0x0E, 0xA5, 0xEF, 0xC1, 0x25, 0x2F, 0xBE,
    0xF7, 0x7D, 0x7E, 0xCF, 0x39, 0x8F, 0x31, 0xD6, 0xE0, 0x4F, 0x51, 0xC2, 0x24, 0x35, 0x4C, 0xD4,
    0x98, 0xAD, 0x3F, 0x99, 0xB5, 0xA5, 0x29, 0xAC, 0xCD, 0x4D, 0x65, 0xF1, 0x62, 0x75, 0x65, 0xC7,
    0x18, 0xFC, 0xC5, 0x19, 0x8F, 0x5F, 0xF5, 0x69, 0x02, 0xBB, 0x73, 0x0E, 0xC6, 0xF6, 0x34, 0x9D,
    0x09, 0x69, 0xA2, 0x11, 0xBF, 0x88, 0x07, 0x9A, 0x9E, 0xA6, 0xE3, 0x0D, 0x34, 0xE9, 0xE1, 0x4E,
    0xCE, 0x83, 0xEB, 0xAD, 0xD3, 0x8D, 0xDF, 0x7D, 0x1D, 0xC7, 0xF4, 0xB3, 0x31, 0x21, 0x4D, 0xD0,
    0xFE, 0xE0, 0xD3, 0x70, 0x03, 0x3F, 0x59, 0x67, 0xF0, 0xD7, 0xD9, 0x9C, 0x29, 0x0E, 0xCF, 0xE3,
    0x72, 0x66, 0x44, 0xA6, 0x60, 0x82, 0x2A, 0x19, 0xDC, 0x61, 0xF8, 0x1E, 0x4D, 0xE9, 0xD9, 0xB7,
    0x6C, 0x0D, 0x0F, 0x8A, 0x26, 0x98, 0xF1, 0x66, 0x30, 0xD1, 0x8C, 0x30, 0xE1, 0x88, 0xD7, 0xA3,
    0xF1, 0x82, 0x2D, 0xE3, 0xA1, 0xB2, 0xF0, 0xA0, 0x9A, 0xE0, 0x41, 0xD1, 0x32, 0x26, 0xDC, 0x69,
    0xF0, 0x3A, 0x32, 0x4E, 0xBF, 0x12, 0x9E, 0xFF, 0xE2, 0x89, 0x78, 0x33, 0x7A, 0x54, 0x3C, 0x16,
    0xAF, 0x59, 0x8C, 0x0B, 0x9A, 0x5F, 0xC7, 0x6D, 0x30, 0x8C, 0x32, 0xDC, 0x98, 0xE8, 0x69, 0xF1,
    0xCA, 0xB4, 0x6B, 0x2C, 0x59, 0xAD, 0x9B, 0xAA, 0x39, 0x37, 0x91, 0xB5, 0x2D, 0x6F, 0x6B, 0x8C,
    0x3D, 0xDC, 0xAB, 0x03, 0x9B, 0x7B, 0x79, 0x38, 0xAD, 0x59, 0x7B, 0x32, 0x57, 0x8B, 0x51, 0x32,
    0x64, 0xDC, 0x79, 0x3C, 0x39, 0xED, 0xCD, 0x69, 0x13, 0xCF, 0x17, 0x3A, 0x9E, 0xD9, 0xA1, 0x28,
    0x30, 0x26, 0x9D, 0x4B, 0xD6, 0xE7, 0xAE, 0x49, 0x91, 0xD2, 0xCA, 0x8E, 0x9E, 0xBD, 0xFD, 0x77,
    0x2C, 0x17, 0x1D, 0x67, 0x02, 0x70, 0x21, 0x7E, 0x8D, 0x33, 0x2C, 0x5C, 0x2F, 0xF0, 0x8B, 0x04,
    0xC1, 0x07, 0xB8, 0xC1, 0x54, 0x8D, 0x3B, 0x3C, 0x6B, 0xCE, 0xE1, 0xA6, 0xD7, 0x2E, 0xD8, 0xBA,
    0x50, 0x69, 0x46, 0x73, 0xD6, 0x5E, 0xD6, 0xAF, 0x70, 0x3F, 0xEA, 0x51, 0x95, 0xCC, 0x0E, 0xFC,
    0xB6, 0xEC, 0x03, 0x9C, 0x89, 0xA3, 0x91, 0x11, 0xA4, 0x02, 0xD5, 0x47, 0x14, 0xC8, 0x04, 0xC2,
    0xC0, 0xFF, 0xC8, 0x01, 0xFC, 0x74, 0xDF, 0x33, 0x5F, 0x4F, 0x8D, 0x99, 0x8B, 0x1C, 0x1F, 0x63,
    0x7E, 0xF0, 0x67, 0x5B, 0xCD, 0xD6, 0xB8, 0xEC, 0xF0, 0x1D, 0x9C, 0xAC, 0xC4, 0xE3, 0xC3, 0x8C,
    0xD3, 0x6D, 0x26, 0x5D, 0xAE, 0x8F, 0x2E, 0xD9, 0x6C, 0x30, 0x66, 0x8A, 0xE9, 0x66, 0xB6, 0x99,
    0x30, 0xA6, 0x99, 0x09, 0xE1, 0x51, 0x4A, 0x91, 0x2A, 0xB2, 0xBE, 0xA5, 0x37, 0xBA, 0xE3, 0x37,
    0x36, 0x97, 0xD5, 0xAE, 0x2B, 0x3E, 0xE6, 0x65, 0x3C, 0xA2, 0x6A, 0x91, 0x51, 0x24, 0x80, 0x93,
    0x81, 0x7F, 0x7E, 0x5E, 0x01, 0x24, 0x9C, 0x00, 0xD7, 0x45, 0xEB, 0xB3, 0xD3, 0x90, 0xDF, 0xDE,
    0xD3, 0xB3, 0x2A, 0x33, 0xD7, 0x81, 0xB9, 0x2A, 0x87, 0x7E, 0x52, 0x33, 0xE0, 0xCE, 0xE2, 0xC7,
    0xAE, 0xAB, 0x2A, 0x34, 0x04, 0xEF, 0xB5, 0xD6, 0xDD, 0xAD, 0x4E, 0x0F, 0x07, 0x63, 0x7D, 0xF8,
    0x17, 0xF7, 0x78, 0x13, 0xBE, 0xC6, 0x1D, 0xDF, 0xAC, 0x11, 0x0E, 0xDE, 0xC4, 0x33, 0x6B, 0xF9,
    0x66, 0x89, 0xAA, 0x85, 0x63, 0x88, 0xB3, 0x6D, 0x1D, 0xBA, 0x71, 0x62, 0x33, 0x60, 0x1A, 0xD0,
    0xFA, 0x74, 0x04, 0x77, 0xC7, 0x16, 0x5D, 0x87, 0xD0, 0x35, 0xB4, 0x45, 0xAD, 0x29, 0xA8, 0x6A,
    0x35, 0x72, 0x55, 0xAA, 0x95, 0x6D, 0xA9, 0x3E, 0xB6, 0x39, 0x03, 0xC6, 0x75, 0x8C, 0xD9, 0xB7,
    0x0A, 0x1B, 0xA3, 0xBD, 0x4C, 0x38, 0xFE, 0xE4, 0xEE, 0x51, 0x87, 0xD3, 0x4E, 0x71, 0x50, 0xB5,
    0x11, 0x87, 0x2E, 0xED, 0xF0, 0x76, 0x51, 0x27, 0x1D, 0xDE, 0xAE, 0xF8, 0xE8, 0x70, 0x5C, 0xDA,
    0x25, 0x7C, 0x14, 0x2D, 0x4A, 0xC3, 0x69, 0xCD, 0x5A, 0x8F, 0x5F, 0xA7, 0x0F, 0x88, 0x11, 0x3E,
    0x58, 0x74, 0xD4, 0xC7, 0x1F, 0xFF, 0xFF, 0xC5, 0x9E, 0x60, 0x72, 0x78, 0x08, 0x4F, 0xE2, 0xF8,
    0x57, 0xDB, 0xE3, 0x0F, 0x53, 0x23, 0x86, 0x02, 0xE3, 0x8F, 0xA0, 0xE0, 0x91, 0xCD, 0xE1, 0x0F,
    0x4C, 0xA7, 0xD1, 0x35, 0x49, 0xBF, 0xF6, 0xDA, 0x32, 0xD5, 0xFE, 0x28, 0x7B, 0x79, 0xAB, 0x0F,
    0x99, 0x1F, 0x9C, 0x32, 0xF1, 0x6A, 0x66, 0x00, 0x85, 0xEB, 0x98, 0x14, 0x35, 0xCA, 0x4B, 0x6A,
    0x13, 0xE6, 0xCE, 0xB3, 0xF1, 0xC8, 0xF4, 0xB0, 0xBA, 0x01, 0xC7, 0x98, 0x16, 0x7D, 0x14, 0x72,
    0x4C, 0xD1, 0x32, 0xBC, 0x24, 0x1E, 0x58, 0xF3, 0xB8, 0x67, 0xD3, 0xC4, 0x9D, 0xEB, 0x42, 0x7E,
    0x2B, 0xED, 0x98, 0x61, 0x94, 0x6E, 0xE6, 0x85, 0x81, 0x2E, 0xF4, 0x04, 0x35, 0x42, 0x0E, 0x13,
    0x10, 0x03, 0x8C, 0x27, 0xDF, 0xCC, 0x6B, 0xE6, 0xE4, 0x9F, 0xAC, 0xE6, 0x98, 0x16, 0x65, 0xC4,
    0xAA, 0x97, 0x31, 0x9B, 0x10, 0x65, 0x67, 0x3C, 0x85, 0x2C, 0x72, 0xE8, 0xCD, 0xFE, 0x3C, 0x19,
    0x7F, 0x0A, 0x7F, 0x85, 0x91, 0x9C, 0xE2, 0x07, 0x23, 0xDA, 0x29, 0xDD, 0xA7, 0x2D, 0xDE, 0x1C,
    0xD0, 0x52, 0x16, 0xE8, 0x17, 0xFD, 0x72, 0xC2, 0x65, 0xF1, 0xC3, 0x81, 0xD6, 0xB2, 0x50, 0x89,
    0x6D, 0x92, 0x16, 0xB6, 0x4E, 0x1B, 0xA0, 0x06, 0xDB, 0x33, 0x9B, 0x65, 0x47, 0x32, 0x55, 0xD1,
    0x6B, 0x2E, 0xC3, 0x2E, 0x6E, 0x49, 0x17, 0x69, 0xBD, 0x06, 0x6C, 0xAA, 0x49, 0xDE, 0x6E, 0x1C,
    0x44, 0x01, 0x10, 0x12, 0x6A, 0xC1, 0x1F, 0x66, 0x76, 0x11, 0x52, 0x8A, 0xF3, 0x51, 0x02, 0x26,
    0x45, 0x6D, 0x0C, 0x9F, 0x19, 0x6F, 0xF1, 0x3A, 0xBB, 0x30, 0xDB, 0x67, 0xA4, 0xD9, 0x4D, 0x46,
    0x9D, 0xDE, 0x13, 0x76, 0x32, 0x9F, 0x70, 0xAB, 0x96, 0xD5, 0x28, 0xCF, 0xB2, 0xE3, 0xA6, 0x8A,
    0x3B, 0x55, 0x2B, 0x4A, 0x70, 0xC4, 0xA0, 0x49, 0xBB, 0xBB, 0x54, 0x90, 0xB5, 0x2E, 0xD8, 0x1B,
    0xEC, 0xEF, 0x59, 0xED, 0xCD, 0xA6, 0x51, 0x93, 0xDB, 0x1C, 0x5E, 0xE1, 0x85, 0x48, 0x5E, 0xC1,
    0x37, 0x7A, 0xD8, 0xD3, 0x5B, 0x78, 0xE8, 0x2C, 0x5E, 0x40, 0xBF, 0xAA, 0xAB, 0xF9, 0x02, 0x6D,
    0xCF, 0x36, 0x74, 0x16, 0x2F, 0x20, 0x0F, 0xC0, 0xE6, 0x95, 0xB9, 0x16, 0x5B, 0xC8, 0x2E, 0x05,
    0x4C, 0xB6, 0xAC, 0xD0, 0xDF, 0xBC, 0x58, 0xCA, 0xB9, 0x80, 0x19, 0x63, 0xE5, 0x5C, 0x70, 0x29,
    0x4D, 0x76, 0x8F, 0xF9, 0xD8, 0x63, 0x7B, 0x21, 0xAB, 0xFE, 0x8C, 0xF4, 0x07, 0x23, 0xA8, 0x29,
    0x1A, 0x60, 0xE2, 0x0E, 0x35, 0xC9, 0x5A, 0x24, 0xBD, 0xB8, 0x7D, 0xA9, 0x63, 0xE7, 0x77, 0xEC,
    0xFC, 0x8E, 0x23, 0xD8, 0xC1, 0xD3, 0xB8, 0x13, 0xD4, 0xE2, 0xAA, 0xB8, 0x47, 0xB3, 0x45, 0x3D,
    0x5C, 0x44, 0x6C, 0x8F, 0x51, 0xEC, 0x49, 0x2E, 0xF3, 0x8E, 0xB9, 0xCC, 0x9E, 0x5B, 0xBA, 0x17,
    0x66, 0x60, 0xEF, 0x4E, 0x08, 0x3C, 0x62, 0x62, 0x34, 0xF8, 0x34, 0x1D, 0x32, 0x94, 0x74, 0x98,
    0x87, 0xF4, 0x70, 0x6F, 0x74, 0xF0, 0x26, 0xDA, 0xCA, 0xEC, 0x91, 0x60, 0x6E, 0x30, 0x1B, 0xD2,
    0x04, 0x26, 0xDE, 0x06, 0x88, 0x59, 0x4E, 0x8C, 0xCD, 0xD1, 0xF5, 0xA8, 0x78, 0xCB, 0xB2, 0xA3,
    0x18, 0xA0, 0xE3, 0x80, 0xC7, 0xAF, 0x22, 0x81, 0xED, 0x11, 0xA8, 0x0E, 0x18, 0xCF, 0xCD, 0xA0,
    0x26, 0x1D, 0xAE, 0x4C, 0x0F, 0x2F, 0xCD, 0x48, 0x8D, 0x1D, 0x1D, 0x88, 0x66, 0x0E, 0xB8, 0x7E,
    0x67, 0xEC, 0x2C, 0x00, 0x25, 0x7C, 0xCE, 0xAC, 0x12, 0xF1, 0x26, 0x3E, 0xDC, 0xE5, 0xD4, 0xB6,
    0x9A, 0xDA, 0x86, 0xA0, 0x90, 0x09, 0x1A, 0x00, 0x10, 0x3D, 0xDB, 0x2B, 0x11, 0x40, 0xF0, 0x34,
    0x06, 0xBC, 0x34, 0xBA, 0x60, 0x89, 0x5E, 0xB8, 0x8A, 0x10, 0xB3, 0x7B, 0x22, 0xB5, 0x72, 0xF3,
    0x7C, 0x75, 0xB0, 0x63, 0xBF, 0x1D, 0x13, 0x46, 0x47, 0xD9, 0x21, 0x11, 0xC2, 0xD2, 0x99, 0xB8,
    0xA3, 0x37, 0x49, 0x47, 0x77, 0xD2, 0x8E, 0xF8, 0x97, 0xB5, 0xFF, 0x09, 0x1D, 0xF3, 0xD9, 0xCB,
    0xBF, 0x3B, 0x65, 0x48, 0xDC, 0xA6, 0xB0, 0x60, 0x51, 0x0C, 0xA4, 0x53, 0x34, 0x78, 0x33, 0x9D,
    0x0F, 0x46, 0x7F, 0x0E, 0x44, 0x91, 0xC1, 0x14, 0x31, 0xCB, 0x16, 0xAD, 0xCA, 0xF3, 0xEC, 0x2B,
    0xA3, 0xF8, 0xAD, 0xB8, 0x31, 0x08, 0xAC, 0xB3, 0x3B, 0xBF, 0x52, 0x61, 0x52, 0x25, 0x50, 0xE5,
    0xD3, 0xEC, 0x5A, 0xF7, 0x04, 0x6E, 0x7E, 0x20, 0x19, 0x36, 0xA7, 0xEF, 0xF2, 0xBD, 0x64, 0xCC,
    0xAE, 0xF1, 0xDE, 0x0C, 0x51, 0x8B, 0x8D, 0x9B, 0xA2, 0xC6, 0x39, 0x18, 0x97, 0xAA, 0x2C, 0x30,
    0x0A, 0x96, 0xBC, 0x09, 0x70, 0x1A, 0xE9, 0x16, 0x5A, 0x82, 0x6E, 0xF1, 0xDE, 0xCF, 0x81, 0x40,
    0xD4, 0xBA, 0xBE, 0xCA, 0x75, 0xB4, 0x8B, 0xC3, 0x72, 0x6F, 0x93, 0x12, 0x19, 0xA6, 0xE4, 0xCC,
    0x1E, 0x4B, 0x47, 0x82, 0x2D, 0xC4, 0x7B, 0xFC, 0xC9, 0xEC, 0xF5, 0x2B, 0xA4, 0xB8, 0x0E, 0xA1,
    0x49, 0x06, 0x73, 0x75, 0x07, 0x89, 0xAB, 0x28, 0xCF, 0x2A, 0xE6, 0xE2, 0xAC, 0xBD, 0xFB, 0xA9,
    0xA3, 0xAE, 0xA9, 0x8C, 0x78, 0x5A, 0x74, 0x55, 0xFC, 0x17, 0x01, 0xA5, 0x42, 0x08, 0x39, 0x1A,
    0xBF, 0x0F, 0xBC, 0xF0, 0x29, 0xF3, 0xA6, 0xCA, 0xC5, 0xE6, 0x6A, 0x64, 0x6B, 0x5C, 0xB3, 0x83,
    0x8B, 0x7D, 0x69, 0x24, 0xA7, 0x90, 0x68, 0x73, 0x04, 0xC9, 0x31, 0x89, 0x88, 0x6C, 0xD4, 0x52,
    0xB2, 0x3C, 0x2E, 0x69, 0x09, 0x1A, 0x5A, 0x1E, 0x70, 0x28, 0xAF, 0x81, 0x88, 0x60, 0x14, 0x04,
    0x27, 0x4F, 0x22, 0x68, 0x77, 0xD6, 0x58, 0x8C, 0x6C, 0x40, 0x74, 0x08, 0x35, 0x4D, 0xE9, 0xA4,
    0xE4, 0x88, 0x78, 0x5A, 0x3E, 0x02, 0xDC, 0x5F, 0x40, 0x00, 0x13, 0x09, 0x47, 0x41, 0x3C, 0x5F,
    0x77, 0x8F, 0xAC, 0x2A, 0xBD, 0x19, 0xB2, 0xA4, 0xCA, 0xBD, 0x69, 0x32, 0x13, 0x54, 0xF3, 0x38,
    0xF9, 0x23, 0x88, 0x72, 0x9C, 0x82, 0xC3, 0x99, 0x8F, 0xE8, 0xFE, 0x0C, 0xFF, 0xE6, 0xF8, 0x5D,
    0x80, 0x70, 0x7F, 0x95, 0x85, 0x89, 0xBB, 0xAB, 0xD9, 0xCB, 0x7A, 0x54, 0x10, 0x82, 0x71, 0x5B,
    0x4D, 0xA8, 0x50, 0xD2, 0x56, 0x23, 0x1E, 0x69, 0x53, 0xF4, 0xA8, 0x51, 0x56, 0x17, 0x9D, 0x7B,
    0xB0, 0x4A, 0x59, 0x59, 0xB0, 0x4C, 0x74, 0x8B, 0x48, 0x59, 0x7B, 0x22, 0x41, 0xD9, 0x92, 0xD0,
    0x08, 0x10, 0xA6, 0xCD, 0x11, 0xAC, 0xC7, 0xAB, 0x39, 0x1C, 0xE2, 0xEB, 0x9D, 0xDD, 0x41, 0xEA,
    0xAE, 0x5F, 0x2C, 0x41, 0x50, 0xA0, 0x81, 0x60, 0x49, 0x82, 0x2D, 0x33, 0x40, 0x2A, 0xE4, 0x55,
    0xCC, 0x03, 0x70, 0x09, 0xBF, 0x92, 0x02, 0x5D, 0xF2, 0xB0, 0xB9, 0xD0, 0x48, 0x16, 0x47, 0xCB,
    0x6E, 0x87, 0x5F, 0x1F, 0x54, 0xE0, 0x2B, 0x1C, 0x13, 0x92, 0x5D, 0x70, 0x5A, 0x38, 0x8A, 0x6C,
    0x53, 0x1A, 0x7C, 0x3D, 0x60, 0xD1, 0x43, 0x9A, 0x68, 0x24, 0xCF, 0x0E, 0x22, 0x5B, 0xFC, 0x35,
    0xED, 0xB8, 0x38, 0xB4, 0xCC, 0x77, 0x1D, 0xCF, 0xBB, 0xE0, 0x6E, 0xA2, 0x89, 0x27, 0x65, 0x9D,
    0x2C, 0xA4, 0xB0, 0xA1, 0xDE, 0x4A, 0x08, 0x50, 0x5D, 0xB9, 0x38, 0x2D, 0x2C, 0x8F, 0x9E, 0x8F,
    0x1C, 0xD7, 0x8F, 0x4F, 0xE3, 0x7A, 0x85, 0xB6, 0x70, 0xBD, 0x0B, 0x70, 0x9B, 0xEB, 0x3B, 0x27,
    0xB2, 0xC5, 0xF5, 0x2D, 0x43, 0xCB, 0x9C, 0xDD, 0x12, 0x17, 0x0E, 0x4F, 0x32, 0xE2, 0x9B, 0x83,
    0xE4, 0xB7, 0x58, 0xE8, 0x1C, 0x70, 0x65, 0xDD, 0x7B, 0x32, 0x45, 0x23, 0xC1, 0x1E, 0x4C, 0xBE,
    0x08, 0xD0, 0x32, 0xB3, 0xEC, 0x10, 0x74, 0x4A, 0x7C, 0x74, 0xEE, 0x49, 0x34, 0x6E, 0xD7, 0xB5,
    0xEE, 0x1F, 0xB0, 0x30, 0x76, 0x4F, 0x7E, 0xF7, 0x19, 0x0B, 0xA3, 0x79, 0xEA, 0xC2, 0x88, 0xD3,
    0x27, 0x02, 0x35, 0xC2, 0x19, 0xA1, 0xC3, 0xCF, 0x9D, 0x58, 0xA7, 0xAA, 0x75, 0x33, 0x7B, 0xC6,
    0xB2, 0x34, 0x3D, 0x65, 0x33, 0xEB, 0x3F, 0x75, 0x35, 0x88, 0x1F, 0x1C, 0x42, 0x56, 0x7A, 0x38,
    0xB4, 0x38, 0xA5, 0x56, 0x51, 0xDF, 0xB4, 0x0C, 0x9F, 0x04, 0x12, 0xD9, 0x97, 0xC7, 0x14, 0xDB,
    0xD2, 0x10, 0x8C, 0x70, 0x33, 0xED, 0xC0, 0x74, 0xF4, 0x50, 0x78, 0x01, 0x40, 0xE8, 0xF5, 0xD0,
    0xF6, 0x05, 0x05, 0xC0, 0xE5, 0x2B, 0x83, 0x32, 0x03, 0x28, 0x25, 0x53, 0xFA, 0x4E, 0xD5, 0x1B,
    0x91, 0xF8, 0x72, 0x18, 0xAE, 0xD8, 0xB3, 0x62, 0x0D, 0x53, 0x5D, 0xDE, 0xBA, 0xDC, 0x49, 0x15,
    0x96, 0x09, 0x8C, 0x4A, 0x28, 0xA9, 0x9D, 0xC4, 0x42, 0x20, 0xA1, 0xB2, 0xC7, 0xBC, 0x61, 0x22,
    0x3A, 0x66, 0x95, 0x69, 0xF1, 0xAC, 0x23, 0x31, 0x45, 0x5B, 0x39, 0xFE, 0xEC, 0xC5, 0x9E, 0x83,
    0x74, 0x8A, 0x28, 0xFD, 0x11, 0x9B, 0x20, 0xFB, 0x88, 0x67, 0x57, 0xD7, 0xAC, 0x42, 0xC4, 0xB7,
    0x10, 0x03, 0x8F, 0x1F, 0x99, 0x5E, 0xD4, 0x1B, 0x85, 0xC4, 0x9D, 0x3C, 0xF9, 0x99, 0xF2, 0x38,
    0xFF, 0x8D, 0xE5, 0xF1, 0xC9, 0x91, 0x49, 0xB6, 0x47, 0x06, 0xF2, 0xF8, 0xDB, 0x9A, 0xCE, 0x71,
    0xB1, 0x85, 0x92, 0xBC, 0xAA, 0x8F, 0xC5, 0x2E, 0x02, 0x59, 0xF6, 0xC5, 0xCB, 0x6E, 0x0C, 0x75,
    0x24, 0xB1, 0x06, 0xC9, 0xD6, 0x42, 0x89, 0xF3, 0x34, 0x81, 0x1A, 0xC0, 0xE3, 0xB9, 0xCA, 0x5A,
    0x96, 0xE2, 0x68, 0x77, 0x72, 0x4A, 0x31, 0xA6, 0xF1, 0x9C, 0xB8, 0x78, 0xA6, 0xD4, 0xDB, 0xCC,
    0x06, 0xC8, 0x43, 0xBA, 0x4C, 0xDB, 0x22, 0xBC, 0xD6, 0xC2, 0x48, 0xDE, 0xAC, 0x25, 0x45, 0xF1,
    0xA3, 0x84, 0xCF, 0x66, 0x73, 0x64, 0xC7, 0xE2, 0x3A, 0xFC, 0x98, 0x92, 0x27, 0xD8, 0x19, 0x7C,
    0x4A, 0xE2, 0xB1, 0xAF, 0x97, 0xBD, 0xD3, 0xAD, 0x9E, 0xC4, 0x37, 0x32, 0x70, 0x2F, 0x71, 0x5B,
    0xC6, 0x02, 0x50, 0x4A, 0x5B, 0xF8, 0xE4, 0xA9, 0xF7, 0x93, 0x4E, 0x27, 0x21, 0x4D, 0x17, 0xED,
    0x4E, 0x41, 0x56, 0xB5, 0x76, 0x11, 0x60, 0x27, 0x9E, 0xEE, 0x74, 0xE4, 0x53, 0x8C, 0x24, 0x7C,
    0xE5, 0x51, 0x46, 0xA7, 0x7B, 0x8B, 0x7F, 0xBE, 0x9E, 0x27, 0xFC, 0x53, 0x7A, 0x08, 0xEE, 0xDB,
    0xFE, 0x45, 0x7A, 0xEA, 0x84, 0x8D, 0x7F, 0xE3, 0x53, 0xFC, 0x23, 0xE0, 0x77, 0x3A, 0xC1, 0x05,
    0x4D, 0x1C, 0x3E, 0xBC, 0x38, 0xEF, 0x14, 0xB7, 0x17, 0xBF, 0xEC, 0xF2, 0x9C, 0x97, 0xE7, 0xB4,
    0x59, 0xFB, 0x4E, 0x3C, 0x55, 0x85, 0x15, 0x9F, 0xF0, 0xE7, 0x33, 0x6F, 0xE3, 0xFD, 0x9E, 0x80,
    0xD9, 0x71, 0xF4, 0x60, 0xCE, 0x14, 0x27, 0x01, 0x4B, 0x30, 0x55, 0xB9, 0x11, 0xBE, 0x4C, 0x1E,
    0x9F, 0x44, 0xE6, 0x08, 0xE7, 0xA2, 0x2D, 0x11, 0xA6, 0xAD, 0xE1, 0x4E, 0xC1, 0x9E, 0x85, 0x21,
    0xB3, 0x87, 0xA3, 0x67, 0xCB, 0x68, 0x82, 0xE8, 0x93, 0x4E, 0x8F, 0x49, 0x5C, 0xB1, 0xDB, 0x16,
    0x1A, 0x95, 0x3C, 0x93, 0x78, 0xD6, 0xC1, 0xF8, 0x17, 0xE9, 0x94, 0x5A, 0x00, 0x56, 0xD4, 0x92,
    0x86, 0x8E, 0x1A, 0xF1, 0x2F, 0xEE, 0x91, 0xFB, 0xF8, 0x32, 0x79, 0x51, 0x5B, 0x16, 0x1F, 0x04,
    0x81, 0x70, 0xDA, 0x9B, 0x70, 0x67, 0x84, 0x75, 0x25, 0x98, 0xB4, 0x19, 0x71, 0xEF, 0xC2, 0xE0,
    0x46, 0xA3, 0xC4, 0x03, 0x02, 0x4C, 0xBA, 0x68, 0xC2, 0x23, 0x3D, 0x2C, 0xC6, 0x58, 0xEB, 0x11,
    0x75, 0x13, 0x35, 0x35, 0x7D, 0xB0, 0xC3, 0x06, 0x47, 0xB7, 0x30, 0x59, 0xB2, 0xCE, 0x96, 0xDB,
    0xDA, 0x7D, 0x11, 0xF0, 0xF0, 0x5F, 0xB2, 0x9D, 0xD7, 0xE3, 0xF2, 0x4B, 0xEE, 0x6A, 0x5C, 0xEC,
    0x1D, 0xAF, 0x64, 0xF6, 0x29, 0x2B, 0x59, 0xBD, 0xAC, 0x64, 0x7F, 0x81, 0x53, 0x3D, 0xFE, 0x9B,
    0xCB, 0xA0, 0x34, 0xF1, 0x72, 0x55, 0x75, 0xCC, 0x06, 0xB5, 0x39, 0xB3, 0x53, 0xD4, 0xEE, 0x7B,
    0xC5, 0xC6, 0xB8, 0xF7, 0x3C, 0xB7, 0x44, 0xB0, 0x98, 0x93, 0xC4, 0xB9, 0x79, 0xED, 0x02, 0x1C,
    0x2A, 0x48, 0x3E, 0xDA, 0xBE, 0xCE, 0xDA, 0xA5, 0x68, 0xA9, 0x10, 0x1B, 0x60, 0x62, 0xC5, 0x12,
    0xAA, 0x00, 0x95, 0xDF, 0x11, 0xF5, 0xB6, 0x85, 0x74, 0x77, 0x72, 0x43, 0xE5, 0xF3, 0xAC, 0x8C,
    0xD3, 0x81, 0x78, 0xFA, 0xF6, 0xA2, 0x53, 0x21, 0x6E, 0x74, 0xDD, 0xD3, 0x17, 0x41, 0x0A, 0x7D,
    0x24, 0x15, 0x44, 0x19, 0xAE, 0x65, 0xE3, 0x1E, 0x4F, 0xE5, 0x1C, 0x06, 0xA8, 0xAF, 0x0C, 0x00,
    0xD2, 0x80, 0xD5, 0x96, 0xD4, 0x4B, 0x80, 0x90, 0xE6, 0xE0, 0x6E, 0x2A, 0x19, 0x07, 0xA0, 0x17,
    0xFE, 0x9E, 0x15, 0x8E, 0x4A, 0x25, 0x04, 0xCB, 0x72, 0x77, 0x91, 0xCA, 0x6F, 0x90, 0xF2, 0x23,
    0x98, 0xE3, 0x90, 0x70, 0x5C, 0x2D, 0xAA, 0x49, 0x02, 0x63, 0x29, 0xC9, 0x90, 0xBD, 0x59, 0x28,
    0xD2, 0xD9, 0x70, 0x02, 0x92, 0x62, 0x4F, 0x10, 0x8E, 0x68, 0x49, 0xB3, 0x35, 0x12, 0xE9, 0x4B,
    0xE9, 0x86, 0xDA, 0x92, 0x62, 0x0D, 0xAB, 0x96, 0x14, 0xCE, 0x41, 0xC6, 0x75, 0xAD, 0x60, 0x4D,
    0x18, 0xE4, 0x25, 0x14, 0x70, 0x14, 0xAC, 0xE2, 0x5E, 0xF2, 0x8C, 0x9B, 0x55, 0x41, 0x12, 0xF9,
    0x66, 0x81, 0x3F, 0xAA, 0x9E, 0xEC, 0xA8, 0xEA, 0x08, 0x0E, 0x00, 0x5A, 0x7B, 0x07, 0xE4, 0x32,
    0xC7, 0xCD, 0x42, 0x6A, 0x2F, 0x12, 0x84, 0x08, 0x7D, 0xD0, 0x16, 0xF6, 0x7F, 0x53, 0x7D, 0x32,
    0x14, 0xF1, 0xEE, 0xFD, 0x2A, 0x4F, 0x7F, 0x61, 0x1B, 0x36, 0x61, 0x36, 0x15, 0x3D, 0xD4, 0x61,
    0x5F, 0xE1, 0x44, 0x40, 0x9B, 0xFB, 0x60, 0x5B, 0x25, 0xA2, 0x16, 0x75, 0xD6, 0x64, 0x87, 0xE8,
    0x50, 0xCB, 0xE9, 0x61, 0x01, 0x2E, 0x93, 0x18, 0xB9, 0x00, 0xF6, 0xC4, 0xD1, 0xC0, 0xEE, 0x4E,
    0xF0, 0x13, 0xCB, 0x40, 0x38, 0xE2, 0x9D, 0x01, 0xE7, 0x5D, 0xA6, 0xFA, 0xC8, 0x6E, 0x17, 0x1D,
    0x3D, 0x04, 0x52, 0xF7, 0xE9, 0x11, 0x4E, 0x87, 0x7B, 0x81, 0xFA, 0xE7, 0x88, 0x22, 0x82, 0x49,
    0xAA, 0xA5, 0xD0, 0x8E, 0xF6, 0x3A, 0x07, 0xC0, 0x08, 0xE4, 0x14, 0xDA, 0xA3, 0xA2, 0x7C, 0x83,
    0x88, 0x45, 0x7B, 0x13, 0x8C, 0x35, 0x12, 0x87, 0x7B, 0x20, 0x77, 0xCB, 0x24, 0x1B, 0xAF, 0x02,
    0x61, 0x7A, 0xE7, 0x34, 0xFC, 0x25, 0x0D, 0xDF, 0x21, 0x65, 0x9C, 0xD6, 0x9E, 0xC9, 0xF0, 0x5C,
    0x5F, 0x32, 0xA9, 0x69, 0xCB, 0x36, 0x1A, 0xC1, 0x59, 0xAC, 0x78, 0x3C, 0x23, 0xA7, 0xC9, 0x10,
    0x10, 0xBB, 0xFC, 0x95, 0x19, 0x1A, 0x82, 0x1E, 0xC1, 0x0F, 0xCE, 0x32, 0xC5, 0x68, 0x98, 0xF4,
    0xB0, 0x62, 0x26, 0xE1, 0x6B, 0x28, 0x4A, 0xE5, 0x8D, 0x70, 0x2D, 0x27, 0x1A, 0xC1, 0x65, 0x1C,
    0x70, 0x69, 0xC4, 0xA8, 0xA1, 0xEE, 0xD1, 0x98, 0x76, 0x7B, 0x83, 0x52, 0x88, 0xD7, 0x39, 0x56,
    0xD9, 0x81, 0x11, 0x7D, 0xA6, 0x47, 0xBB, 0xD8, 0xAD, 0x6C, 0x19, 0x72, 0x69, 0x81, 0xCC, 0xF5,
    0xE7, 0x1C, 0xCD, 0x52, 0x61, 0xFB, 0x41, 0x3E, 0x42, 0x20, 0x94, 0x85, 0x1A, 0x4F, 0x00, 0x28,
    0x7B, 0x58, 0xA0, 0xB2, 0x43, 0x72, 0x7B, 0xD2, 0x6A, 0xBF, 0x19, 0xE9, 0xB4, 0x6B, 0xC0, 0x59,
    0xEC, 0xED, 0x90, 0x33, 0xB4, 0x8E, 0xB4, 0xE2, 0xA3, 0xEA, 0x3B, 0x7A, 0x76, 0xD5, 0xCB, 0x12,
    0x40, 0x2D, 0xD1, 0xC6, 0x3C, 0x6F, 0x6B, 0x1B, 0xD8, 0xF3, 0xA8, 0xF4, 0x4B, 0xD6, 0x23, 0x92,
    0x4C, 0x94, 0x93, 0x03, 0xD8, 0x1C, 0xBB, 0x0D, 0x96, 0x55, 0xAF, 0xA2, 0x74, 0x91, 0x3F, 0x4D,
    0x70, 0x85, 0x9D, 0x49, 0x05, 0x49, 0x0D, 0x8A, 0x4B, 0x2D, 0x57, 0x17, 0x5C, 0x76, 0xC1, 0x61,
    0x1D, 0x3F, 0x7F, 0x0F, 0x28, 0x85, 0x52, 0x46, 0x7E, 0xB9, 0x98, 0x5C, 0x36, 0x84, 0xD0, 0x68,
    0x40, 0x67, 0xF5, 0x2C, 0x75, 0x30, 0x61, 0x1A, 0xE0, 0x28, 0xC4, 0x78, 0x8B, 0xBE, 0x65, 0x99,
    0x41, 0xC3, 0x58, 0x29, 0xBA, 0xAA, 0xCE, 0xF0, 0xA9, 0xDA, 0xEA, 0x27, 0xB6, 0x29, 0xEC, 0x3D,
    0xE4, 0x24, 0x05, 0xD3, 0xA5, 0xA5, 0xF9, 0xAC, 0xF9, 0x73, 0x53, 0x60, 0x3B, 0xE5, 0x9E, 0x42,
    0x68, 0xE7, 0xEE, 0x63, 0xCE, 0x2F, 0x4C, 0xF0, 0xC9, 0xCE, 0x46, 0xB9, 0x91, 0xD8, 0x19, 0x82,
    0x26, 0x98, 0x31, 0x58, 0x01, 0x21, 0x16, 0xBB, 0x02, 0x25, 0x08, 0x82, 0x61, 0xD3, 0xA0, 0x9A,
    0xD3, 0x62, 0x92, 0x87, 0xF8, 0x6B, 0x72, 0x1F, 0x91, 0xA6, 0xAD, 0xF6, 0x11, 0xAE, 0x26, 0xB5,
    0xC0, 0x5F, 0x7B, 0x4A, 0xB2, 0x0E, 0x73, 0xCC, 0xE6, 0x4C, 0x68, 0xD2, 0x03, 0x6A, 0xA2, 0x86,
    0x78, 0x51, 0x63, 0x8E, 0x0B, 0xEC, 0x4E, 0x50, 0x6A, 0xF8, 0x9E, 0x25, 0x3A, 0x83, 0x6F, 0x72,
    0x0F, 0xE3, 0x8C, 0x7B, 0xE1, 0xC8, 0xEE, 0x88, 0xBC, 0xDB, 0x9E, 0xB2, 0x8A, 0x0C, 0x5B, 0x51,
    0x2D, 0x79, 0xDC, 0x6D, 0xD0, 0x71, 0x2D, 0x8A, 0x1E, 0xF0, 0x7F, 0x0C, 0x42, 0x17, 0xA1, 0x0E,
    0xE8, 0x01, 0x5B, 0x87, 0x8F, 0x3A, 0x6C, 0x7E, 0xD1, 0xC3, 0xAE, 0x00, 0x2E, 0x3E, 0xE8, 0x6C,
    0x51, 0xC6, 0x0F, 0xEE, 0x8F, 0x55, 0x9E, 0x7C, 0xF0, 0x60, 0x40, 0xBB, 0xDE, 0x7A, 0xD4, 0xA1,
    0x5F, 0xF7, 0x6D, 0x8B, 0x5E, 0xDD, 0xB7, 0xD7, 0x64, 0x5F, 0x07, 0x3F, 0xBF, 0x61, 0x71, 0x72,
    0xF5, 0xF2, 0xAC, 0xF3, 0xDD, 0xD6, 0xA6, 0xA5, 0x8D, 0x3B, 0x9B, 0xC7, 0x65, 0x4D, 0x1B, 0x1B,
    0xFE, 0x35, 0x5A, 0x28, 0x6F, 0x72, 0xDA, 0x27, 0x39, 0xDC, 0xE5, 0x46, 0xA3, 0x5D, 0x4D, 0xAB,
    0x9A, 0x36, 0x35, 0x2D, 0x6A, 0x8A, 0x9F, 0xF3, 0x16, 0xCE, 0xEC, 0xF5, 0x76, 0xED, 0x75, 0x8D,
    0x37, 0x42, 0x02, 0x08, 0xCD, 0xC0, 0x20, 0x7E, 0x26, 0x8E, 0x0C, 0x27, 0x86, 0x03, 0x93, 0x02,
    0x7E, 0x38, 0x2E, 0x81, 0xD6, 0xAB, 0xBB, 0xC6, 0x43, 0x2B, 0x63, 0x63, 0x05, 0x78, 0xD9, 0x39,
    0xB0, 0xEF, 0xA1, 0x2F, 0x3D, 0x1B, 0xC2, 0xA9, 0x08, 0xEE, 0x10, 0x4B, 0x59, 0x67, 0xD6, 0x38,
    0x21, 0x64, 0x1C, 0xD7, 0xB8, 0x47, 0xFC, 0x1D, 0x61, 0xC7, 0x64, 0xA4, 0x93, 0x22, 0xE3, 0xAE,
    0xC4, 0x29, 0xB4, 0x07, 0x5C, 0x66, 0xEA, 0x2D, 0x4D, 0xD7, 0xAC, 0x93, 0x0B, 0x82, 0xA7, 0x30,
    0xC3, 0xFB, 0x24, 0x78, 0x92, 0x81, 0xDD, 0x9D, 0x5D, 0xA0, 0xF1, 0x43, 0xD6, 0xCF, 0x15, 0x7A,
    0xB3, 0xD6, 0x3C, 0x8D, 0x5B, 0xA5, 0xB9, 0x23, 0x21, 0x5A, 0x47, 0x82, 0x0A, 0xED, 0x5B, 0x75,
    0x3C, 0xBA, 0x85, 0x61, 0x83, 0x40, 0x8D, 0xFB, 0x9E, 0x9E, 0x1C, 0x9E, 0xA3, 0xFF, 0x4C, 0x05,
    0xE1, 0x00, 0x62, 0x09, 0x99, 0x5A, 0x18, 0x51, 0x67, 0x62, 0xA8, 0xD9, 0x12, 0x74, 0xDE, 0xB3,
    0x87, 0xDC, 0xE6, 0x7C, 0x5B, 0x57, 0x65, 0x38, 0x11, 0xFA, 0xCB, 0x88, 0x85, 0x81, 0x9A, 0x1A,
    0xE0, 0x3D, 0x20, 0xA9, 0x87, 0xFF, 0x22, 0xE9, 0x51, 0x92, 0x8F, 0x63, 0x60, 0x98, 0x13, 0xA1,
    0x92, 0xA0, 0x9F, 0xDD, 0x2F, 0x15, 0xCA, 0x97, 0x24, 0x72, 0x23, 0x8E, 0xAB, 0xC4, 0x98, 0xB6,
    0x03, 0xA7, 0x78, 0xD5, 0x93, 0xC4, 0x9A, 0x6F, 0x50, 0xB6, 0xBF, 0x01, 0xB7, 0x0A, 0x2E, 0x48,
    0xD9, 0x4D, 0x4A, 0xA9, 0x1F, 0x31, 0x8C, 0x3B, 0xD4, 0x3A, 0x9C, 0xBA, 0x94, 0x21, 0x27, 0x04,
    0x99, 0x78, 0xB3, 0x18, 0xC6, 0x1B, 0x89, 0xC5, 0xF9, 0xBF, 0xA0, 0xE5, 0x4D, 0x5A, 0x67, 0x38,
    0xDE, 0x4E, 0xCC, 0x7F, 0xD7, 0x6A, 0xA4, 0x2D, 0xC3, 0x97, 0x9A, 0x0B, 0x9C, 0x1D, 0x37, 0x7A,
    0xCE, 0x27, 0x9C, 0x90, 0x8A, 0xA4, 0x2A, 0xD0, 0x73, 0x81, 0xFD, 0xFE, 0x23, 0x52, 0x74, 0xF2,
    0x3E, 0x83, 0x4D, 0x1B, 0x5B, 0xA6, 0xA0, 0x05, 0x30, 0x7F, 0x9B, 0x21, 0x27, 0x18, 0xAA, 0x9A,
    0x62, 0xBD, 0x28, 0x19, 0x45, 0xF5, 0x45, 0x22, 0x33, 0x5A, 0x05, 0xCB, 0x92, 0x2D, 0x06, 0xED,
    0x4A, 0x92, 0x37, 0x6E, 0x53, 0xBA, 0xBB, 0xB9, 0x6A, 0xB9, 0x70, 0x38, 0x96, 0x8F, 0xCB, 0xB6,
    0xD0, 0x1D, 0x6F, 0x0B, 0xB6, 0x04, 0xAF, 0x56, 0xB5, 0x26, 0x17, 0x3E, 0xA5, 0x1F, 0x70, 0xEC,
    0x1F, 0x72, 0xE9, 0xB4, 0x9A, 0xF0, 0x86, 0x10, 0x5B, 0xF2, 0x27, 0x25, 0x83, 0xB5, 0xA5, 0xB1,
    0xDF, 0x07, 0x45, 0x5A, 0x1C, 0x11, 0x91, 0xD6, 0x13, 0x20, 0x3C, 0x20, 0x34, 0x9C, 0x7E, 0x73,
    0x8C, 0x42, 0xE9, 0x81, 0x51, 0x73, 0x66, 0x5F, 0x9D, 0xA2, 0x81, 0xB9, 0xA1, 0xD3, 0x74, 0x39,
    0xD2, 0xC2, 0x7B, 0xFC, 0x1D, 0xD1, 0x6C, 0x07, 0x77, 0x5B, 0x66, 0x82, 0xEA, 0xC0, 0x5E, 0x47,
    0xBF, 0x20, 0x91, 0x90, 0x50, 0x65, 0x3A, 0x00, 0x5D, 0x72, 0xEB, 0x38, 0x0D, 0xBD, 0xA1, 0x94,
    0xE3, 0xC3, 0x59, 0x42, 0x33, 0x44, 0x9B, 0x36, 0xC2, 0x83, 0x82, 0xCF, 0xB5, 0x91, 0xBA, 0x89,
    0x8D, 0xC2, 0x39, 0x69, 0x5D, 0x1B, 0x35, 0x6A, 0xA3, 0xCC, 0xB5, 0x11, 0x5D, 0xD5, 0xD2, 0x87,
    0xF9, 0x05, 0x2D, 0xD5, 0xB6, 0x65, 0xB6, 0xD8, 0xAE, 0x94, 0x6F, 0x77, 0xEC, 0x23, 0xEA, 0xD1,
    0xD8, 0xDE, 0xC4, 0x02, 0x37, 0x48, 0x4E, 0xFC, 0xD6, 0xEE, 0x9B, 0x74, 0x1F, 0x4A, 0xCC, 0xFB,
    0x6E, 0x70, 0xA3, 0xF4, 0x27, 0xC7, 0xDF, 0x4B, 0xA7, 0x2D, 0xAD, 0xB6, 0xF4, 0x1A, 0xD3, 0x58,
    0xB0, 0x50, 0x32, 0x92, 0x00, 0x3B, 0x9A, 0x60, 0x27, 0x8C, 0x51, 0x56, 0x9F, 0xC3, 0xCF, 0x09,
    0x84, 0x16, 0x80, 0x7A, 0x93, 0x87, 0xE1, 0xB8, 0x81, 0xC4, 0x79, 0x77, 0x72, 0x0A, 0xD2, 0x50,
    0x2F, 0x41, 0x89, 0xE4, 0x4A, 0xAD, 0xA0, 0xD2, 0x28, 0x3C, 0xA3, 0xA1, 0x34, 0xF1, 0xAA, 0xF1,
    0x70, 0x52, 0x42, 0x7C, 0x6B, 0xD2, 0x96, 0x9C, 0x80, 0xC0, 0x0E, 0xF7, 0x7A, 0xC6, 0x45, 0xC4,
    0xC2, 0xBF, 0x41, 0x2E, 0x21, 0x38, 0x22, 0x17, 0x64, 0x0E, 0x72, 0x83, 0x37, 0x25, 0x4E, 0x5F,
    0x22, 0x1A, 0xF6, 0x6E, 0xDD, 0x3A, 0x2E, 0xDD, 0xE8, 0x26, 0x05, 0xA7, 0xF2, 0x4D, 0x9E, 0xD8,
    0xC7, 0x48, 0xCD, 0x82, 0x85, 0x23, 0x91, 0x19, 0xE7, 0xF4, 0xFC, 0xDD, 0xAA, 0x1D, 0xBC, 0xAA,
    0x91, 0xF4, 0xC2, 0xDF, 0x8D, 0x7F, 0x51, 0x12, 0xB5, 0x74, 0x3B, 0x09, 0x75, 0x84, 0x70, 0xB7,
    0xF4, 0x98, 0x05, 0x4F, 0xC2, 0xD5, 0xFC, 0xD5, 0x1E, 0x93, 0x0A, 0xEE, 0xB7, 0x4E, 0x78, 0xB3,
    0x44, 0x5A, 0x46, 0x2D, 0x19, 0x22, 0xA0, 0x10, 0x9B, 0xE2, 0x69, 0x8F, 0x08, 0xDC, 0x43, 0x8C,
    0x08, 0x83, 0xC1, 0x12, 0x4D, 0x34, 0x10, 0xC5, 0x63, 0x67, 0xFB, 0xE4, 0x10, 0x32, 0x10, 0xFB,
    0x09, 0x4B, 0xB7, 0xC8, 0x40, 0x09, 0x41, 0x44, 0x0E, 0x3F, 0xB0, 0xBF, 0x5A, 0xD6, 0x93, 0xBE,
    0xC1, 0x41, 0xA4, 0x32, 0x61, 0xF2, 0xB5, 0x26, 0x54, 0x07, 0xE4, 0x46, 0x11, 0x24, 0x11, 0xC9,
    0x96, 0x0E, 0xC8, 0x85, 0x0B, 0x9C, 0x35, 0xB8, 0x94, 0x7D, 0x48, 0xBD, 0xBF, 0x4F, 0xAF, 0x02,
    0x2E, 0x2F, 0x94, 0xED, 0x03, 0x46, 0x39, 0xEB, 0x38, 0xC9, 0x4C, 0x90, 0xCF, 0x19, 0xBF, 0x4A,
    0x50, 0x32, 0x9B, 0x3F, 0x9F, 0x50, 0x83, 0x19, 0xCF, 0xE4, 0x26, 0xDE, 0xC7, 0x58, 0xDF, 0x02,
    0xB8, 0xBC, 0xDE, 0xFD, 0xA3, 0x9D, 0xBB, 0xB0, 0x43, 0xC4, 0xBC, 0xB9, 0x4F, 0x69, 0x96, 0x72,
    0xF8, 0x16, 0x5C, 0x38, 0x53, 0x26, 0x3B, 0x2E, 0x0C, 0x41, 0x06, 0x11, 0x1A, 0x3C, 0x76, 0x5C,
    0x48, 0x2C, 0x59, 0x6A, 0xFF, 0x38, 0x96, 0x24, 0xDD, 0x09, 0xFA, 0x39, 0xA3, 0xBD, 0x0D, 0xDB,
    0x02, 0x12, 0x97, 0x12, 0xED, 0xFC, 0xEF, 0x39, 0xE8, 0x96, 0x8E, 0x43, 0x3F, 0x70, 0x58, 0xBE,
    0xEB, 0xE2, 0xF9, 0xA4, 0xF2, 0xDA, 0x91, 0x21, 0xF9, 0x1F, 0x1A, 0xE5, 0xAD, 0x72, 0x43, 0x86,
    0x76, 0xD4, 0xC6, 0xA4, 0x4D, 0xF5, 0xF6, 0xB9, 0x0D, 0x19, 0x66, 0x20, 0x43, 0x56, 0x95, 0x93,
    0xA2, 0xEF, 0xEF, 0x1D, 0x71, 0xC4, 0x6A, 0xEA, 0x4D, 0xF4, 0x99, 0x00, 0x59, 0x2B, 0x87, 0xE5,
    0xC6, 0x8A, 0x2F, 0x70, 0xFA, 0x92, 0x49, 0x62, 0x1D, 0x92, 0x0D, 0x9B, 0x27, 0xC0, 0x04, 0xFF,
    0x46, 0x77, 0xF7, 0xE0, 0x97, 0x81, 0x5C, 0x24, 0x9D, 0x21, 0xE0, 0xDC, 0x05, 0xA4, 0x2D, 0x90,
    0xAF, 0x63, 0x84, 0xD8, 0x2F, 0x23, 0x61, 0x1F, 0x47, 0x12, 0xA2, 0x3B, 0xFE, 0x9F, 0xB6, 0x5A,
    0xE7, 0x9A, 0xE5, 0x7B, 0x5E, 0xD7, 0x05, 0x0F, 0x87, 0xE0, 0x61, 0xEF, 0xFF, 0xAC, 0x3D, 0x3E,
    0x61, 0x5E, 0x4E, 0x08, 0x37, 0x27, 0xF4, 0xCB, 0x09, 0xDC, 0xA1, 0xDC, 0x09, 0xF5, 0x72, 0x82,
    0x9C, 0x90, 0x4A, 0xE0, 0x5F, 0x56, 0x3F, 0x96, 0xDD, 0xC2, 0xB7, 0x6E, 0xD1, 0x38, 0x31, 0xD0,
    0xC3, 0x12, 0x64, 0xEF, 0xD2, 0xAD, 0xF2, 0xAD, 0xCA, 0xA1, 0x71, 0x47, 0xE9, 0xB8, 0xD2, 0xAC,
    0xBD, 0xC1, 0xDD, 0x92, 0x92, 0x94, 0x1C, 0x2B, 0x8A, 0x8D, 0xB4, 0x38, 0x92, 0xF7, 0x5A, 0xF7,
    0xA0, 0x5C, 0x81, 0xFA, 0xAC, 0x25, 0x5D, 0xDC, 0xA3, 0x2E, 0xC8, 0x5F, 0x05, 0xC4, 0x39, 0x95,
    0x47, 0x2E, 0x72, 0xC4, 0x64, 0x73, 0xB1, 0xB5, 0x14, 0x82, 0xB5, 0x37, 0x03, 0x37, 0xA1, 0x8B,
    0x88, 0xA2, 0xB6, 0xDC, 0x05, 0xF2, 0x7D, 0x07, 0x3F, 0x60, 0xC7, 0xB4, 0xD4, 0xA4, 0x02, 0x86,
    0x2A, 0x57, 0x89, 0xF9, 0x42, 0xCE, 0xB4, 0x28, 0x1C, 0x81, 0x07, 0x25, 0x14, 0xC2, 0x61, 0x70,
    0xE1, 0x74, 0x71, 0x3E, 0x4F, 0x97, 0xE0, 0x06, 0x99, 0xD8, 0xF6, 0xB2, 0x23, 0x71, 0x4F, 0x38,
    0x05, 0x94, 0x24, 0xD6, 0x4B, 0x07, 0x4E, 0x98, 0x94, 0x1A, 0xF3, 0x80, 0xBE, 0xA5, 0x84, 0x42,
    0xCE, 0xD0, 0x03, 0x4F, 0x9F, 0x0B, 0x97, 0x42, 0x6F, 0x7E, 0xDA, 0x5C, 0xF8, 0x6E, 0x2E, 0xFA,
    0xC7, 0xE6, 0xA2, 0x79, 0x7C, 0x2E, 0x7C, 0x82, 0x60, 0x38, 0x6D, 0x74, 0x0B, 0x33, 0xF3, 0x87,
    0xC7, 0x05, 0xFA, 0x47, 0xDE, 0x06, 0xFA, 0x45, 0x71, 0x4C, 0x27, 0xD0, 0xE8, 0x13, 0x6F, 0x44,
    0x61, 0x07, 0x5E, 0x0D, 0xFA, 0xB4, 0xE6, 0xB0, 0x70, 0xF1, 0xE2, 0xF9, 0xCF, 0x1F, 0x77, 0xFC,
    0xEF, 0x5A, 0xE0, 0x7D, 0xE2, 0x80, 0x4E, 0x51, 0x57, 0x3B, 0xDA, 0xE6, 0x87, 0xBC, 0xED, 0x7D,
    0x8F, 0x97, 0x06, 0x64, 0x50, 0xE9, 0xF5, 0xB4, 0xC5, 0x63, 0x64, 0x33, 0x63, 0x7F, 0x60, 0x33,
    0xD7, 0x12, 0x07, 0x60, 0x13, 0x8C, 0x3F, 0xF6, 0x2A, 0xC6, 0x8C, 0x48, 0x93, 0xC1, 0x23, 0xC5,
    0x64, 0x58, 0x16, 0xF8, 0xDB, 0x41, 0x2F, 0xD9, 0x81, 0x62, 0xEC, 0x9A, 0x1D, 0x30, 0x62, 0xC5,
    0xBE, 0x1D, 0x39, 0xB4, 0xEF, 0x3D, 0x1A, 0x39, 0xB5, 0x77, 0x3E, 0x60, 0x6D, 0x33, 0x7B, 0x6B,
    0x66, 0x25, 0xED, 0x3E, 0x67, 0x23, 0xB1, 0x5F, 0xB4, 0x92, 0x7B, 0x3E, 0x07, 0x26, 0x9E, 0xB9,
    0x85, 0x19, 0x5E, 0xC3, 0x04, 0xA1, 0x6F, 0xFD, 0xD9, 0x49, 0x14, 0x5A, 0x04, 0x59, 0x53, 0x7C,
    0x8B, 0xD5, 0xBB, 0x0C, 0x41, 0xC2, 0xDF, 0xBA, 0xE8, 0xA4, 0x4F, 0x11, 0x74, 0xF6, 0xAE, 0x05,
    0xB3, 0xA7, 0xB7, 0xEC, 0x7D, 0xC8, 0x9C, 0x7B, 0x8F, 0x1E, 0x60, 0x8D, 0xB2, 0x37, 0x89, 0xA2,
    0xF6, 0x4D, 0x4C, 0x6C, 0x8C, 0x0D, 0x07, 0x0A, 0x69, 0xA2, 0x9E, 0x94, 0xD2, 0x38, 0x31, 0xF5,
    0xA9, 0x63, 0x10, 0x7E, 0xDA, 0x33, 0x76, 0x27, 0x57, 0xF7, 0xDB, 0x73, 0x92, 0xCA, 0x28, 0x7C,
    0x4F, 0x31, 0x12, 0x8E, 0xD1, 0x0C, 0xD6, 0x01, 0x23, 0x60, 0x02, 0xB0, 0x69, 0xC1, 0xA3, 0x29,
    0x39, 0xDC, 0x1B, 0x29, 0xA4, 0xF1, 0xBD, 0x86, 0xEC, 0x63, 0x46, 0x36, 0xA3, 0x37, 0xB2, 0x4D,
    0x30, 0x39, 0xA2, 0xFA, 0xF7, 0x64, 0x29, 0x34, 0x42, 0x4D, 0x31, 0x6F, 0xFF, 0x1F, 0x5A, 0x31,
    0x2C, 0xE7, 0x13, 0x27, 0xB3, 0x90, 0x50, 0xDF, 0x88, 0x13, 0xC5, 0x74, 0x96, 0xEC, 0x8F, 0xA8,
    0x79, 0x37, 0x06, 0x07, 0xA7, 0xD3, 0xC9, 0x59, 0xFE, 0x9E, 0xB5, 0x97, 0x51, 0x14, 0x29, 0xA8,
    0x82, 0xE3, 0x4A, 0x05, 0x9D, 0xCD, 0xBB, 0xE8, 0xC1, 0xB2, 0x6A, 0xCD, 0x39, 0xC7, 0xE7, 0xE8,
    0x19, 0xDF, 0xA9, 0x2D, 0x49, 0x32, 0xDF, 0xEE, 0x4E, 0x3B, 0xE7, 0x24, 0xD3, 0xF1, 0xBE, 0x1E,
    0x1D, 0xA5, 0x8A, 0x1E, 0xA3, 0xDA, 0x0E, 0xC2, 0x42, 0xB8, 0xD6, 0x4B, 0xA6, 0xE3, 0x31, 0x48,
    0xA6, 0x47, 0x1C, 0xAA, 0xB4, 0x0B, 0xED, 0x95, 0x1F, 0xA0, 0x22, 0xBA, 0x35, 0x23, 0x41, 0x8D,
    0x0E, 0x34, 0xEE, 0x52, 0xD4, 0x85, 0xF6, 0x32, 0x5B, 0x01, 0x9B, 0xD9, 0x2C, 0x3A, 0x42, 0x92,
    0xDF, 0xAA, 0x19, 0x12, 0x67, 0x52, 0x5A, 0x81, 0x98, 0x24, 0x98, 0x1A, 0xB5, 0x30, 0xA0, 0x28,
    0x87, 0xC5, 0xC1, 0x39, 0x35, 0x1C, 0x4F, 0xD7, 0xB6, 0xD6, 0xA6, 0x47, 0x7B, 0x54, 0xA4, 0xC8,
    0x9A, 0x60, 0x4A, 0x20, 0x3F, 0xC8, 0xF9, 0x9A, 0x19, 0x6C, 0x96, 0x8D, 0x20, 0x96, 0x24, 0xBC,
    0x43, 0x46, 0xE5, 0x44, 0xD9, 0x57, 0x3B, 0x44, 0x19, 0x61, 0x07, 0x99, 0x2F, 0x29, 0xA6, 0xDE,
    0x28, 0x29, 0x29, 0xAF, 0xC9, 0xEE, 0x3C, 0x00, 0x92, 0x7E, 0x0B, 0xBD, 0x60, 0x93, 0x0F, 0x80,
    0x5A, 0xE9, 0x2D, 0x94, 0x31, 0xBB, 0x3E, 0xC6, 0x43, 0x76, 0x1D, 0xB3, 0x03, 0x93, 0xB5, 0xC5,
    0x37, 0xE6, 0xA2, 0xAE, 0x5E, 0x22, 0x65, 0x33, 0xD6, 0x82, 0x86, 0x4D, 0xE9, 0xCD, 0x62, 0x0E,
    0x2A, 0xCE, 0x7E, 0xE6, 0x6C, 0x5A, 0xAE, 0x1F, 0x9C, 0x6B, 0x1A, 0x62, 0xBA, 0x3F, 0x57, 0x45,
    0x19, 0x8C, 0x36, 0x83, 0xE4, 0x9E, 0xD1, 0x96, 0xF7, 0x27, 0xC0, 0xD2, 0xBB, 0x53, 0x5A, 0x17,
    0xD7, 0xC7, 0x54, 0x4C, 0x97, 0x0D, 0x02, 0x3E, 0x86, 0x81, 0x68, 0x78, 0x6A, 0x55, 0xFA, 0xD2,
    0xB5, 0x10, 0x79, 0x7C, 0xE4, 0xD1, 0x21, 0x1F, 0x26, 0xBE, 0x3F, 0x11, 0x4E, 0xD2, 0x77, 0xA8,
    0xB6, 0x76, 0x8A, 0xDB, 0xB3, 0x2B, 0xD2, 0xF2, 0xB0, 0xAE, 0x56, 0x94, 0xC7, 0xD1, 0xD1, 0x54,
    0xB1, 0x56, 0x1F, 0x8D, 0x15, 0x8A, 0x94, 0x62, 0xA6, 0x72, 0x4C, 0xFC, 0xFE, 0x58, 0x94, 0x49,
    0x67, 0xDF, 0x1C, 0x8A, 0x32, 0x7D, 0xDF, 0x46, 0xE8, 0x99, 0xF4, 0x83, 0x99, 0x43, 0x92, 0xBD,
    0x37, 0xEA, 0xF1, 0xA3, 0x81, 0x0F, 0xE8, 0x8F, 0x10, 0xAB, 0xCA, 0x44, 0x96, 0xF7, 0x39, 0x1F,
    0x25, 0xE7, 0xFC, 0x5E, 0x0D, 0x5B, 0xED, 0xD5, 0x21, 0x06, 0x3A, 0xA9, 0x75, 0x53, 0xB3, 0x45,
    0x29, 0x6D, 0xDC, 0xA6, 0x77, 0xEE, 0x75, 0x49, 0x53, 0xDC, 0xB9, 0xD3, 0x61, 0x39, 0xBC, 0x74,
    0xB3, 0x4B, 0xAF, 0xD9, 0xF4, 0x66, 0x9F, 0xED, 0x4F, 0xD9, 0x8D, 0x3E, 0x7B, 0x73, 0xCC, 0x70,
    0xEF, 0xAB, 0x7D, 0xF1, 0xC6, 0xE8, 0xBC, 0x95, 0xB3, 0xCE, 0xF3, 0x51, 0xD1, 0xB0, 0x4A, 0x42,
    0xB4, 0xEA, 0x75, 0x82, 0x5E, 0x76, 0x83, 0x2D, 0x99, 0xDE, 0x63, 0x9F, 0xA5, 0x2C, 0xA6, 0xCF,
    0x52, 0xB1, 0x6A, 0xB3, 0x32, 0xCC, 0x14, 0xDF, 0x40, 0x5C, 0xC6, 0x7E, 0x09, 0xF1, 0x40, 0x86,
    0xC1, 0x12, 0xF1, 0xC0, 0x97, 0x23, 0xD1, 0x2D, 0x1A, 0x38, 0xF8, 0x08, 0x5E, 0x20, 0xC0, 0x25,
    0x15, 0x1F, 0x80, 0x00, 0xBF, 0x3B, 0x3A, 0xC3, 0x79, 0x36, 0xF1, 0x41, 0x81, 0x89, 0xEF, 0x0A,
    0x08, 0x9A, 0x43, 0xC2, 0x9C, 0xDB, 0x29, 0x87, 0xE3, 0x02, 0x42, 0xBF, 0x56, 0x59, 0x1E, 0x0C,
    0x2C, 0x60, 0x37, 0x67, 0x65, 0xFC, 0x3E, 0x6A, 0x97, 0xA2, 0x76, 0x75, 0xF6, 0x06, 0x0C, 0x99,
    0xC6, 0x52, 0x2B, 0x03, 0x5F, 0xF4, 0x2C, 0xF4, 0x2C, 0xB9, 0xB1, 0xDE, 0xDE, 0x9D, 0xB5, 0xBE,
    0x36, 0x89, 0xAA, 0x08, 0x87, 0x14, 0x64, 0xDC, 0xE3, 0x35, 0xD4, 0x31, 0x22, 0xC6, 0x21, 0xF4,
    0x8B, 0xE4, 0x2F, 0x25, 0x65, 0x7D, 0x12, 0x7E, 0xF4, 0x6C, 0x58, 0xCC, 0xD1, 0xA2, 0x67, 0x19,
    0x8F, 0xC5, 0xF0, 0x01, 0xBD, 0xDF, 0x5F, 0x9E, 0xD7, 0xF9, 0xC4, 0xD2, 0xF9, 0x3A, 0xC2, 0xC6,
    0x7C, 0x60, 0x88, 0xF9, 0xFC, 0x99, 0xD5, 0x38, 0x65, 0xB7, 0x20, 0xC5, 0xA9, 0xC3, 0x6F, 0xE2,
    0x00, 0x4A, 0x9A, 0x99, 0xD5, 0x42, 0x59, 0x23, 0x17, 0x53, 0xC0, 0xDB, 0x82, 0xD1, 0x9F, 0x76,
    0x7B, 0x72, 0xE2, 0x08, 0x06, 0xC3, 0x4E, 0x7B, 0x15, 0xFA, 0xC8, 0x15, 0xC6, 0xE9, 0x85, 0x52,
    0x93, 0x08, 0x77, 0x31, 0x8A, 0xF7, 0xEE, 0x61, 0x35, 0x68, 0x8B, 0x04, 0xAB, 0x64, 0xDA, 0xCC,
    0xE9, 0x4D, 0x88, 0xAD, 0x6B, 0x63, 0x76, 0x03, 0xD8, 0xBD, 0x8F, 0xE2, 0xE2, 0xF1, 0x66, 0x5F,
    0xBC, 0x82, 0xA5, 0xF3, 0xD5, 0xAE, 0x0A, 0x7B, 0x31, 0x1F, 0xA2, 0xFE, 0x3A, 0xE7, 0x3B, 0xFD,
    0xBE, 0x26, 0x92, 0x50, 0x31, 0xAB, 0x90, 0x0D, 0x55, 0x6A, 0x47, 0x83, 0x51, 0xBF, 0xCC, 0xEC,
    0x18, 0x41, 0x08, 0xE5, 0x97, 0x48, 0xEE, 0x02, 0x40, 0x4A, 0x5C, 0x1A, 0x58, 0x87, 0x0C, 0x39,
    0x4B, 0x53, 0x2F, 0x78, 0xEC, 0xD8, 0x4F, 0x86, 0xB3, 0xBE, 0xC7, 0x4D, 0xC5, 0xA9, 0xDE, 0x01,
    0x45, 0x85, 0xEE, 0xCC, 0x8E, 0x56, 0x2D, 0x91, 0x1D, 0xEC, 0xA8, 0x5D, 0x1A, 0x27, 0xC2, 0x7C,
    0xA7, 0xC4, 0x8E, 0xA9, 0xBF, 0x24, 0x69, 0x77, 0xAA, 0xC7, 0xC0, 0xF5, 0xA1, 0x63, 0xE1, 0x5D,
    0x87, 0xE5, 0xE6, 0xF3, 0x2F, 0x39, 0x90, 0xCC, 0x9D, 0xD2, 0x09, 0xED, 0xB8, 0xA0, 0x8B, 0x1A,
    0xC4, 0xC9, 0x16, 0x0A, 0x2C, 0xB7, 0xD1, 0x62, 0x57, 0xC3, 0xFA, 0x34, 0x38, 0xD1, 0x97, 0x12,
    0xE7, 0xB3, 0xBB, 0x84, 0x0A, 0xEA, 0x80, 0xE2, 0xF6, 0xF9, 0xE5, 0xCC, 0x84, 0xC6, 0x05, 0x64,
    0x44, 0xE6, 0xD0, 0x5D, 0x03, 0xB9, 0x2A, 0xEA, 0xC1, 0x65, 0xF8, 0x5B, 0xDA, 0x24, 0xAD, 0x98,
    0xAB, 0x65, 0x03, 0xA3, 0x77, 0xB8, 0xB1, 0xD5, 0x69, 0x53, 0x95, 0xF8, 0x5B, 0x5D, 0xE5, 0x45,
    0x49, 0x8B, 0xFF, 0xCA, 0xAA, 0x24, 0x61, 0x14, 0xAD, 0x8D, 0x66, 0x4D, 0x04, 0x67, 0x95, 0x77,
    0x23, 0xC8, 0x59, 0xAA, 0x8A, 0x77, 0x48, 0xEF, 0xB0, 0xB4, 0xC6, 0x29, 0x5B, 0xA7, 0x6B, 0x17,
    0x15, 0xE1, 0xB6, 0xD9, 0xC5, 0xFF, 0xE5, 0xD5, 0x13, 0x5F, 0xD0, 0x0A, 0x47, 0xC1, 0x40, 0xE0,
    0xA7, 0x74, 0x48, 0x64, 0x49, 0xFE, 0xB1, 0x38, 0x55, 0xEC, 0x0A, 0x5F, 0x69, 0xA1, 0x05, 0xCA,
    0x8A, 0x3E, 0x96, 0x14, 0x00, 0x60, 0x18, 0xCE, 0x02, 0x08, 0x06, 0x4C, 0x8F, 0x54, 0x65, 0xBF,
    0xB4, 0x05, 0xCB, 0x43, 0x0F, 0x63, 0x89, 0x5D, 0x64, 0xEB, 0xEE, 0x5A, 0xF4, 0xA7, 0xF8, 0xE6,
    0x6C, 0x22, 0x9B, 0x3A, 0xF1, 0x5F, 0x1D, 0xA9, 0x2F, 0x4B, 0x86, 0x0B, 0x25, 0x75, 0x50, 0x80,
    0x19, 0xF3, 0x78, 0x0C, 0xB9, 0x09, 0x60, 0xB7, 0x81, 0xD2, 0x41, 0x33, 0x4F, 0xE9, 0xE1, 0xCE,
    0xC5, 0x89, 0x09, 0x91, 0x19, 0x65, 0x00, 0xAC, 0x11, 0x0D, 0x30, 0xBD, 0x76, 0x8C, 0x92, 0xB5,
    0x90, 0x1D, 0xB6, 0x4E, 0xE6, 0x5D, 0xE0, 0x2B, 0x87, 0xC1, 0x97, 0x66, 0x4F, 0x99, 0xBA, 0xB3,
    0xD4, 0xF2, 0xB6, 0x0E, 0x48, 0xBE, 0xD3, 0x1E, 0x30, 0x84, 0xBA, 0x29, 0x1C, 0x0A, 0x1E, 0x84,
    0x26, 0xAB, 0xF8, 0xB9, 0x72, 0xA9, 0xAF, 0x00, 0xA7, 0x08, 0xB8, 0x2D, 0x0E, 0xB8, 0x56, 0xC2,
    0x13, 0x4B, 0x7C, 0xD6, 0xEA, 0x42, 0x1D, 0x62, 0x32, 0x9A, 0x0A, 0xC6, 0xB3, 0xDF, 0xCE, 0x6A,
    0x74, 0x4A, 0x56, 0x4B, 0x2B, 0x71, 0x4C, 0x1B, 0x2E, 0x2B, 0x0D, 0xFC, 0x48, 0xC9, 0xDA, 0x49,
    0xC3, 0xD6, 0x68, 0x29, 0x61, 0x7F, 0x46, 0x45, 0xFB, 0x01, 0xF5, 0xCE, 0x2F, 0xA8, 0x76, 0xEE,
    0x71, 0xE5, 0x72, 0x8C, 0x56, 0xBB, 0xC5, 0x0B, 0x19, 0x60, 0xBE, 0x58, 0x32, 0x02, 0x1F, 0x84,
    0x97, 0xC5, 0x91, 0xF8, 0xA4, 0x87, 0xEC, 0x10, 0xE6, 0x1F, 0x58, 0x64, 0xD2, 0xEB, 0xB3, 0x01,
    0x93, 0x99, 0xE4, 0xA7, 0x58, 0x8C, 0xEE, 0x74, 0x3A, 0x84, 0x67, 0xF0, 0x08, 0xCE, 0x22, 0x0F,
    0x88, 0x3F, 0x9A, 0x16, 0xE2, 0x0A, 0x06, 0xE8, 0x3D, 0x33, 0xA6, 0x38, 0xFE, 0xCF, 0xA2, 0xDA,
    0xF5, 0xE6, 0xEF, 0x2C, 0x0C, 0x2A, 0xDF, 0x74, 0x1F, 0x93, 0xF3, 0x3E, 0x6A, 0xD8, 0xFD, 0xD0,
    0x78, 0xBD, 0x13, 0xE7, 0x9F, 0x34, 0x3C, 0xD7, 0x30, 0xFA, 0xA3, 0xAE, 0xD1, 0x9F, 0xCC, 0xED,
    0x64, 0x9C, 0xEB, 0xC3, 0x42, 0xED, 0x66, 0xD4, 0x44, 0x0E, 0x0F, 0x26, 0xB4, 0x49, 0x4C, 0x95,
    0xA4, 0x76, 0x8A, 0x3B, 0xCC, 0xBD, 0x7A, 0x0A, 0xEA, 0x6B, 0xE6, 0x72, 0x09, 0xC1, 0xD2, 0x33,
    0xF8, 0x56, 0x3F, 0x01, 0xAA, 0x32, 0x42, 0x34, 0x27, 0x98, 0x3F, 0x45, 0xF8, 0x89, 0x2B, 0x07,
    0x5C, 0x81, 0x3E, 0x43, 0x42, 0xF8, 0xD3, 0x10, 0x90, 0xA6, 0x98, 0x22, 0xA8, 0x36, 0x2B, 0xDC,
    0x2A, 0xB0, 0x31, 0xC1, 0xBF, 0xB4, 0x07, 0xA6, 0x89, 0xE9, 0xD5, 0x85, 0x0B, 0xF7, 0x68, 0x91,
    0xD4, 0x6A, 0x44, 0xEB, 0x36, 0x47, 0x36, 0xE5, 0x1A, 0x80, 0xB0, 0xC8, 0xFD, 0x11, 0xF8, 0xB8,
    0xF8, 0xC6, 0xE5, 0x87, 0xE7, 0xF7, 0x86, 0x4D, 0xC8, 0xED, 0xE6, 0xA7, 0xF5, 0xAB, 0x91, 0xCB,
    0x07, 0xFA, 0x5B, 0xEB, 0x08, 0x9B, 0x3C, 0xEE, 0x30, 0xA2, 0xEA, 0x74, 0x08, 0x4C, 0xA8, 0xEB,
    0xBD, 0x3E, 0xA6, 0x9E, 0x4B, 0x11, 0x1C, 0xE1, 0xC8, 0x70, 0x69, 0x00, 0x36, 0x01, 0xD8, 0x21,
    0xED, 0x21, 0x1A, 0xD8, 0xDE, 0xD1, 0x10, 0x0E, 0x15, 0x28, 0xAE, 0x44, 0x70, 0x83, 0xA5, 0x5E,
    0x81, 0x46, 0x3D, 0xE2, 0x1A, 0x8B, 0x89, 0x08, 0x1E, 0x51, 0xC1, 0x60, 0x2C, 0x02, 0xD1, 0xE8,
    0x01, 0x43, 0xEC, 0x1C, 0xFA, 0x49, 0xB9, 0xBB, 0x29, 0xA9, 0x8D, 0x46, 0x65, 0x13, 0x95, 0xBF,
    0x06, 0xE5, 0xB0, 0x88, 0xF3, 0xBF, 0x84, 0xF4, 0xFC, 0x52, 0x25, 0xA7, 0xE9, 0xDC, 0x0F, 0x2B,
    0x7A, 0x2E, 0xB1, 0x86, 0xFA, 0x05, 0x55, 0xB5, 0xC4, 0xB8, 0x71, 0xD4, 0x4E, 0x52, 0x18, 0xF0,
    0x0F, 0x37, 0xEF, 0x4C, 0x54, 0xD5, 0x48, 0x56, 0x4C, 0xA9, 0x41, 0x90, 0xA1, 0x8A, 0xA2, 0x22,
    0x64, 0x31, 0x68, 0x9B, 0x2D, 0x5B, 0xF3, 0x1D, 0x58, 0x36, 0x3A, 0x8B, 0xCB, 0x77, 0xF0, 0x45,
    0xBC, 0x9F, 0xA2, 0xD5, 0xA6, 0x23, 0x78, 0x11, 0x89, 0x1A, 0x03, 0xF1, 0x24, 0x6E, 0x69, 0x57,
    0x32, 0x40, 0xE7, 0xCA, 0x1F, 0xBA, 0x75, 0x16, 0x6F, 0x78, 0x8B, 0x82, 0x1E, 0x9D, 0x6E, 0x49,
    0x0F, 0x3F, 0xE2, 0x8D, 0xDA, 0x88, 0x9C, 0xD8, 0x81, 0x29, 0xB9, 0xE6, 0x42, 0xEF, 0xE1, 0xAF,
    0x08, 0xBD, 0xF8, 0xE9, 0x1D, 0xA9, 0x93, 0x9E, 0x58, 0xBE, 0x70, 0xA0, 0x29, 0x08, 0x93, 0xB1,
    0x8B, 0x39, 0xBC, 0xAB, 0x47, 0xEA, 0x52, 0xF0, 0xA7, 0x67, 0x95, 0xA4, 0xBF, 0x7C, 0xFB, 0xEF,
    0x74, 0xFB, 0x92, 0x8E, 0xAF, 0xBA, 0xC7, 0xDF, 0xB8, 0x7C, 0x96, 0xC7, 0x74, 0xE7, 0xDB, 0xCB,
    0xA7, 0x66, 0xEE, 0x55, 0x3D, 0x25, 0x55, 0x65, 0xBB, 0xC4, 0xF6, 0xBE, 0xFD, 0x49, 0xF3, 0x07,
    0x97, 0xA0, 0x07, 0x14, 0x84, 0xFA, 0x88, 0xEB, 0x8B, 0x1E, 0x02, 0xDF, 0x60, 0x4E, 0xDD, 0x43,
    0x84, 0x8B, 0x47, 0xA3, 0x2A, 0xE1, 0x41, 0xA9, 0x99, 0x35, 0x54, 0x32, 0x78, 0x80, 0x49, 0x00,
    0xAE, 0x5C, 0x0D, 0x93, 0x1E, 0xB5, 0x07, 0xE0, 0x77, 0x6C, 0x78, 0x84, 0x05, 0x08, 0xB5, 0x17,
    0x05, 0xB2, 0x4C, 0x02, 0x0A, 0x54, 0xB0, 0xD1, 0xF7, 0xFA, 0x53, 0x8A, 0xC1, 0x3B, 0x72, 0x25,
    0xE5, 0xA9, 0x49, 0x48, 0x2F, 0x3E, 0xFF, 0x6F, 0xFF, 0x98, 0xFF, 0xF4, 0x9A, 0x5C, 0xD6, 0x8F,
    0xE6, 0x5F, 0xCA, 0xFE, 0xAD, 0x6C, 0xBE, 0x09, 0x27, 0x1D, 0x10, 0x8D, 0x67, 0x27, 0x34, 0x06,
    0xB8, 0x39, 0x22, 0x58, 0xFF, 0xF9, 0xA9, 0xBD, 0x81, 0xEE, 0xD2, 0x23, 0x52, 0x0B, 0x12, 0x2D,
    0xFB, 0x99, 0xCB, 0xE1, 0x58, 0x95, 0x29, 0x7A, 0x19, 0xF0, 0xD1, 0xC4, 0xB4, 0xE8, 0xFC, 0x8A,
    0xAC, 0xD5, 0x15, 0x3F, 0xB7, 0x87, 0xDC, 0xCC, 0x58, 0xD4, 0xC4, 0x7E, 0x20, 0x1F, 0xF3, 0xA2,
    0x55, 0x96, 0xA5, 0x39, 0x52, 0x07, 0x1E, 0xFF, 0x2A, 0x89, 0x79, 0xEB, 0x73, 0xCF, 0x3D, 0xB7,
    0xF1, 0x00, 0x81, 0xCE, 0xA2, 0x13, 0xC4, 0x4B, 0x52, 0xA4, 0x52, 0x6E, 0x8A, 0x46, 0xF0, 0x58,
    0xD4, 0x5A, 0x76, 0x39, 0x36, 0x86, 0x84, 0x88, 0x9C, 0xE2, 0xD8, 0x3A, 0x19, 0x54, 0xFF, 0x6C,
    0xC0, 0x37, 0xF1, 0xDB, 0x41, 0x2F, 0xD9, 0x01, 0x2F, 0x81, 0x27, 0x07, 0xF4, 0x66, 0xB1, 0x6F,
    0xB1, 0xE0, 0x99, 0xEC, 0xBD, 0x47, 0x8C, 0x21, 0xBB, 0x03, 0xF5, 0x4E, 0xD5, 0x7A, 0x8B, 0x6A,
    0x31, 0xB5, 0xFB, 0xEC, 0xB9, 0xC4, 0x7E, 0x91, 0xA8, 0x11, 0x83, 0x5D, 0x09, 0xAE, 0xB3, 0xE6,
    0x8A, 0xD7, 0xD4, 0x1B, 0xCF, 0xB8, 0x32, 0xCA, 0xE2, 0x05, 0xFF, 0x9D, 0x46, 0x03, 0x92, 0xAF,
    0xA9, 0x83, 0xD2, 0xE8, 0xFD, 0x99, 0x1C, 0x1E, 0x8C, 0xB4, 0x84, 0xF9, 0x84, 0x24, 0x57, 0x53,
    0x89, 0x50, 0x30, 0x8B, 0xD7, 0xC5, 0xF0, 0x16, 0x62, 0x3A, 0x7B, 0xD7, 0x76, 0x36, 0x4F, 0x6F,
    0xD9, 0xFB, 0x98, 0x9B, 0x7B, 0x8F, 0x1E, 0x50, 0x69, 0xDC, 0x94, 0xD4, 0x79, 0x93, 0x12, 0xDA,
    0x72, 0xEF, 0x8A, 0xB0, 0xD0, 0x95, 0xDA, 0x5B, 0x05, 0xDD, 0x68, 0xB3, 0x88, 0xDD, 0x2F, 0xED,
    0x65, 0x8F, 0xF6, 0x00, 0x02, 0xA5, 0x97, 0x87, 0xF3, 0x3A, 0xD8, 0x1A, 0x56, 0x35, 0x96, 0x13,
    0x73, 0xCD, 0x6A, 0x8A, 0x8D, 0xD9, 0x92, 0x7A, 0xBD, 0xB4, 0xE3, 0x05, 0x2E, 0x93, 0xB6, 0x5E,
    0x66, 0x7C, 0x6F, 0xD5, 0x65, 0x0E, 0x3B, 0x8E, 0x85, 0x98, 0x4C, 0xB8, 0x11, 0x95, 0x67, 0xE7,
    0x7C, 0x21, 0xF3, 0x3A, 0x9E, 0x77, 0xF3, 0x84, 0xDB, 0x56, 0xE7, 0x4E, 0x67, 0x77, 0x68, 0xE5,
    0x28, 0x97, 0x0F, 0x7E, 0x2E, 0xDA, 0xD3, 0x70, 0x9A, 0xE2, 0xB4, 0xC5, 0xE8, 0x36, 0x27, 0x5F,
    0xE4, 0xBD, 0xBC, 0xD6, 0x6E, 0xA3, 0xB0, 0x87, 0x17, 0x82, 0xC6, 0xFC, 0x09, 0x78, 0xB3, 0x78,
    0x35, 0x77, 0x1A, 0x77, 0x76, 0xDA, 0xD4, 0x7B, 0x08, 0x1A, 0x69, 0xBE, 0x46, 0x4A, 0xCD, 0xFE,
    0xDA, 0x18, 0x85, 0xAF, 0xEF, 0xF7, 0xC6, 0xBF, 0xCF, 0x5F, 0xFD, 0x0B, 0x13, 0xE1, 0xC8, 0x70,
    0x53, 0x36, 0xB4, 0x56, 0x86, 0x76, 0xCB, 0xEC, 0xF4, 0x05, 0x63, 0x5E, 0x30, 0xE6, 0xCC, 0xF7,
    0xFB, 0x8C, 0xA2, 0x63, 0xAE, 0x0E, 0xAE, 0xA6, 0x68, 0xA2, 0xAB, 0xE6, 0x6B, 0x26, 0xCB, 0x4F,
    0xE5, 0x11, 0x88, 0x37, 0xEC, 0x82, 0x36, 0x2D, 0xFF, 0x0D, 0xBC, 0xBC, 0xC2, 0x16, 0xD5, 0xDE,
    0xF9, 0xDA, 0x85, 0xF9, 0x58, 0xBE, 0x99, 0x45, 0x75, 0xF3, 0xCF, 0x1F, 0x85, 0x4B, 0xF1, 0x4F,
    0x7B, 0xE6, 0xC4, 0x9F, 0xAC, 0x14, 0xD3, 0x3A, 0xCE, 0xF1, 0x60, 0xBC, 0xFA, 0x4F, 0x10, 0x40,
    0xF9, 0x95, 0xF5, 0x85, 0xD3, 0xE6, 0xE3, 0xFC, 0x49, 0xD4, 0x61, 0x1E, 0x30, 0xD3, 0xA9, 0x48,
    0x5B, 0x7F, 0xE5, 0x9F, 0xCA, 0x13, 0xD3, 0x98, 0xDF, 0xE8, 0x4F, 0x4A, 0x7F, 0xA8, 0x43, 0xE8,
    0x8F, 0x41, 0x11, 0xBC, 0xE6, 0x2F, 0xE1, 0x4F, 0xFD, 0x37, 0xC6, 0xCB, 0x91, 0x10, 0x3F, 0xFF,
    0xD7, 0x27, 0x5E, 0xF7, 0x37, 0x91, 0xCE, 0x9B, 0x48, 0x97, 0x1F, 0x5E, 0xD8, 0x44, 0xFA, 0xA7,
    0xEB, 0x0F, 0x5F, 0x5D, 0x7F, 0xE8, 0xD7, 0x1F, 0x9C, 0x0C, 0xFE, 0x27, 0xC6, 0x77, 0x3F, 0xC4,
    0x10, 0x20, 0xC6, 0x83, 0x0B, 0x2C, 0x0B, 0xF4, 0x8C, 0x2A, 0xEB, 0x1A, 0x8C, 0x6F, 0xF8, 0xFA,
    0x1E, 0x43, 0x2D, 0x4F, 0x42, 0xD1, 0xB3, 0xFE, 0xFC, 0xA1, 0x73, 0x12, 0x8A, 0x75, 0x58, 0xC8,
    0x2D, 0x5C, 0xF3, 0x63, 0xFE, 0x48, 0xBF, 0x3B, 0x55, 0x7F, 0xFC, 0xDC, 0xA8, 0x14, 0x5F, 0x59,
    0xBC, 0xF6, 0xC7, 0x85, 0x69, 0x84, 0xD2, 0x5F, 0x73, 0x88, 0x39, 0x0A, 0x30, 0x4F, 0xF3, 0x17,
    0xF1, 0x1A, 0xE0, 0x29, 0xD7, 0xA5, 0xDD, 0x9A, 0xB1, 0xB5, 0x20, 0xFE, 0x72, 0xF3, 0xAC, 0x55,
    0xC9, 0xBA, 0x26, 0x78, 0xCB, 0x4A, 0x23, 0x69, 0x7A, 0xEC, 0xE5, 0x4D, 0x93, 0xA0, 0xB5, 0x3B,
    0x5A, 0x14, 0xA5, 0x28, 0x03, 0x92, 0x47, 0xCE, 0x4D, 0x08, 0xEA, 0xC8, 0x92, 0xC5, 0x32, 0x59,
    0x5B, 0xD5, 0xDE, 0xEC, 0xCF, 0x45, 0xE9, 0x63, 0xF7, 0xAC, 0x72, 0xEE, 0xA1, 0x90, 0x16, 0x63,
    0x0A, 0x41, 0x08, 0xF1, 0x5C, 0xCF, 0x26, 0xEC, 0x2D, 0x3A, 0x24, 0x7A, 0x38, 0xF9, 0x50, 0x1A,
    0x8F, 0x20, 0x8C, 0xD0, 0x9F, 0xE4, 0x88, 0xC4, 0x36, 0x01, 0x77, 0x83, 0x32, 0xB4, 0x43, 0xCA,
    0x45, 0xAE, 0xCF, 0xF4, 0x2B, 0xCC, 0xBD, 0x23, 0x06, 0xB7, 0xCC, 0x69, 0x46, 0x97, 0xC1, 0x73,
    0xD2, 0xC7, 0xC9, 0x1E, 0x20, 0xAB, 0x37, 0xF1, 0x95, 0x99, 0x6F, 0x28, 0x84, 0xC2, 0xED, 0x6A,
    0x97, 0xB7, 0x77, 0x3D, 0x42, 0x53, 0x44, 0xF4, 0x25, 0xF8, 0xC1, 0x50, 0xEE, 0xE8, 0x76, 0xE0,
    0x9F, 0x21, 0x35, 0x18, 0x32, 0x83, 0x13, 0xB6, 0xC0, 0x69, 0x2A, 0x9E, 0x8C, 0x06, 0x54, 0x50,
    0xBC, 0x8B, 0x90, 0xC9, 0x10, 0x65, 0x6A, 0xF7, 0x78, 0x4A, 0xCA, 0xEB, 0xBD, 0x69, 0xDD, 0x97,
    0xA2, 0x7E, 0xAD, 0x43, 0xD6, 0x6C, 0x3E, 0x5E, 0x71, 0x5B, 0xBA, 0x33, 0xD2, 0x6A, 0x60, 0x35,
    0xF9, 0x74, 0xDE, 0xB7, 0xE7, 0x08, 0xCC, 0x25, 0xC1, 0x99, 0x30, 0x1D, 0x8E, 0x11, 0x78, 0x97,
    0xA4, 0x8B, 0x0F, 0xBC, 0x02, 0x12, 0x8F, 0xC9, 0x61, 0x31, 0x52, 0xC4, 0xE0, 0xCE, 0x32, 0xA3,
    0x8E, 0xDA, 0x42, 0x9D, 0x6C, 0x99, 0xF5, 0x0C, 0x54, 0xC0, 0xDB, 0xD9, 0x51, 0x5C, 0x9F, 0xB8,
    0x3C, 0x71, 0x69, 0xA2, 0x1F, 0x29, 0x44, 0x16, 0xD9, 0x8B, 0x6A, 0x37, 0x3B, 0x28, 0x3A, 0xC6,
    0x83, 0x3D, 0xAD, 0xCB, 0x0E, 0x2A, 0x32, 0x5D, 0x9D, 0x88, 0xE5, 0xEE, 0xF2, 0xB0, 0xBB, 0xEE,
    0x44, 0xA4, 0x0C, 0x45, 0xAC, 0x6E, 0x57, 0x58, 0xAC, 0xCA, 0x8C, 0xEA, 0x90, 0x12, 0x11, 0x87,
    0x79, 0x36, 0x4C, 0x3B, 0x7F, 0x4E, 0x2B, 0x70, 0x5D, 0x2C, 0x1C, 0xB5, 0x79, 0x48, 0x95, 0x1A,
    0x92, 0x5C, 0xA2, 0xA3, 0x7F, 0x3F, 0xF2, 0xE6, 0xB7, 0xDD, 0xBE, 0xA6, 0x1C, 0x08, 0xD6, 0xD3,
    0x63, 0x58, 0x57, 0xED, 0x32, 0xBA, 0x58, 0x64, 0x56, 0xB2, 0x0C, 0x55, 0x3A, 0x64, 0xCB, 0x00,
    0xD1, 0xC4, 0x86, 0x1E, 0xB9, 0x10, 0x4D, 0x51, 0xD4, 0x52, 0x0C, 0xC1, 0xF8, 0x1C, 0x7A, 0x61,
    0xBC, 0x4A, 0x65, 0x51, 0xA1, 0x61, 0x6C, 0x21, 0x05, 0x85, 0x6E, 0x78, 0x48, 0x64, 0xBE, 0x0F,
    0x93, 0xB6, 0x9E, 0xC4, 0xF7, 0xE5, 0xAD, 0x3B, 0x88, 0xD2, 0xAE, 0x47, 0x56, 0x81, 0x28, 0x54,
    0x4A, 0x37, 0x2F, 0x70, 0x99, 0x59, 0xD6, 0xC7, 0x9C, 0xF1, 0xE2, 0xED, 0xDB, 0x3B, 0x8B, 0x06,
    0xD5, 0x57, 0xEC, 0xDA, 0x5F, 0x02, 0xF0, 0x63, 0x4A, 0xD1, 0xD0, 0x3A, 0x4A, 0x19, 0xD6, 0x35,
    0x35, 0xEE, 0x9F, 0x15, 0xAF, 0x1B, 0x30, 0x96, 0x46, 0xE5, 0x19, 0xD4, 0x1F, 0x28, 0x26, 0xE5,
    0x20, 0x55, 0x7D, 0x30, 0xEF, 0xE4, 0x3C, 0x36, 0x7C, 0x56, 0xF1, 0x3A, 0x77, 0x9C, 0xFA, 0xA8,
    0x5E, 0xE2, 0xFA, 0xB8, 0x8E, 0xBB, 0xF9, 0x55, 0x9B, 0xCC, 0x2C, 0xEA, 0x44, 0xB9, 0x7F, 0xFE,
    0x37, 0x70, 0x1C, 0xDC, 0xA3, 0xF1, 0xA9, 0xF0, 0xB1, 0x57, 0xCE, 0xE9, 0x68, 0x7C, 0x4E, 0xD9,
    0xF3, 0xEA, 0x2A, 0x62, 0x03, 0x3F, 0x72, 0xFC, 0x29, 0xCE, 0x3F, 0xE1, 0xE8, 0x95, 0x9D, 0xD5,
    0xC7, 0xA7, 0x65, 0xF8, 0x05, 0x89, 0x94, 0x86, 0xCD, 0x34, 0xD0, 0xA0, 0xDA, 0x43, 0xC8, 0x11,
    0xF5, 0xB0, 0x83, 0xA1, 0x01, 0x39, 0x87, 0x55, 0xAD, 0xF5, 0x03, 0x8E, 0x62, 0xAD, 0x68, 0x68,
    0xEA, 0xE3, 0xD0, 0xFD, 0x65, 0x8D, 0xF4, 0xAE, 0x14, 0xA3, 0xDB, 0x99, 0x9C, 0x3C, 0xA8, 0x18,
    0x2F, 0x7A, 0xE6, 0x44, 0xD2, 0xC7, 0xAD, 0xA4, 0x4B, 0xBF, 0x68, 0x32, 0xEB, 0xE4, 0xB0, 0x6A,
    0x31, 0x1B, 0x5D, 0x4A, 0xDB, 0x50, 0xFB, 0xB8, 0x69, 0x71, 0xF2, 0x83, 0x69, 0xB1, 0xF5, 0x67,
    0x2E, 0xF2, 0x5D, 0xE0, 0x86, 0xFC, 0xE4, 0x8E, 0x41, 0x91, 0x0B, 0xA1, 0x92, 0x10, 0x43, 0xB8,
    0x75, 0x62, 0x31, 0x64, 0xC7, 0x70, 0x39, 0x8A, 0x54, 0xFB, 0x88, 0x6B, 0x21, 0x97, 0x47, 0x6E,
    0x4D, 0x88, 0x3A, 0xEE, 0x9C, 0xD7, 0xC9, 0x47, 0x82, 0xB0, 0xEA, 0xAF, 0x3F, 0x14, 0x7C, 0x65,
    0xF7, 0xEE, 0x89, 0x56, 0x8A, 0x65, 0x33, 0xB5, 0xD5, 0x3D, 0x29, 0x6D, 0x5B, 0xFC, 0xA8, 0x13,
    0xC6, 0x55, 0xDF, 0x92, 0x58, 0xEA, 0xED, 0x2B, 0xA3, 0xB4, 0x91, 0x15, 0xE6, 0xD8, 0xD2, 0x32,
    0x87, 0x81, 0xF5, 0x2C, 0x13, 0x1A, 0x8D, 0xF8, 0x9B, 0xE5, 0xE2, 0x06, 0xB7, 0x2A, 0xA8, 0x49,
    0x89, 0xD1, 0x85, 0x1D, 0xE3, 0x75, 0x85, 0x5A, 0x48, 0x20, 0xE9, 0x56, 0x21, 0xB8, 0xE0, 0x7B,
    0xB3, 0xC1, 0xF9, 0x80, 0x15, 0xE0, 0x20, 0xDA, 0x26, 0x02, 0x3C, 0xE1, 0x09, 0x49, 0x88, 0xB9,
    0xF7, 0xB9, 0x18, 0x66, 0x87, 0x8C, 0x2F, 0xE9, 0x2A, 0xC9, 0x6A, 0x00, 0x7B, 0xAE, 0xE7, 0x3B,
    0xAA, 0x81, 0x75, 0xFB, 0x10, 0x9F, 0x93, 0xA4, 0x87, 0x7B, 0xE2, 0xED, 0x37, 0xF8, 0xCC, 0x3A,
    0xFB, 0x32, 0x7E, 0x7F, 0xC6, 0x36, 0x90, 0xAD, 0x57, 0xD0, 0x21, 0x2F, 0xC1, 0x6F, 0xF4, 0xD3,
    0x84, 0xE1, 0xAF, 0xF0, 0x6C, 0x31, 0xFF, 0xE9, 0xB2, 0xF3, 0x05, 0xEB, 0x73, 0x5D, 0xF0, 0x16,
    0xFF, 0xA3, 0xC7, 0xE2, 0xF8, 0xCC, 0xDB, 0xC6, 0x7C, 0x0E, 0x28, 0x1F, 0xB8, 0x4D, 0x8F, 0xF7,
    0x1F, 0xED, 0xC2, 0x19, 0x6C, 0x05, 0xC7, 0x1D, 0xB7, 0x34, 0xC9, 0x99, 0xBD, 0x91, 0xCD, 0xD9,
    0x52, 0x9C, 0x6E, 0xD6, 0xB6, 0xBD, 0x7E, 0x65, 0x91, 0x63, 0xC1, 0x08, 0x85, 0x78, 0xF5, 0x02,
    0xC0, 0xA6, 0xB2, 0x5A, 0x92, 0xF0, 0xFD, 0xB3, 0x56, 0x1B, 0x18, 0x8B, 0x17, 0x71, 0x16, 0x23,
    0xA6, 0x2B, 0x6E, 0x99, 0xFC, 0xC6, 0x71, 0xB9, 0x6B, 0x67, 0x0F, 0x4D, 0x17, 0x39, 0x78, 0xAC,
    0x83, 0x03, 0x20, 0xE9, 0x66, 0x94, 0xD1, 0x27, 0x3C, 0x08, 0x5E, 0x7A, 0x74, 0xF2, 0x82, 0x2D,
    0x57, 0x41, 0xC9, 0x0B, 0x2A, 0xA1, 0x35, 0xC8, 0x2A, 0xE3, 0xF5, 0xF0, 0x37, 0xC6, 0xAF, 0x52,
    0xAA, 0xDD, 0x12, 0x9F, 0x45, 0xCE, 0x61, 0xBB, 0x98, 0x59, 0x21, 0xCA, 0x67, 0x31, 0x13, 0x0E,
    0xA8, 0xD8, 0x9A, 0xDF, 0x90, 0x2A, 0x7D, 0x59, 0x73, 0xCA, 0x5F, 0x7A, 0x96, 0xB7, 0xFA, 0x96,
    0x22, 0x3A, 0x98, 0xF9, 0xCB, 0xC0, 0x6A, 0xBB, 0x9B, 0x65, 0x47, 0x26, 0x24, 0x1A, 0xE8, 0x74,
    0x3C, 0x10, 0x5A, 0xD0, 0x9E, 0x2D, 0xCB, 0x24, 0x5F, 0x3B, 0xB6, 0x0A, 0xF6, 0x03, 0x4B, 0x74,
    0x0D, 0x91, 0x85, 0x8C, 0x1D, 0x70, 0xDC, 0x33, 0xAE, 0x63, 0x16, 0xA4, 0x90, 0x2D, 0x1C, 0x35,
    0x3B, 0x09, 0xD1, 0xB0, 0x19, 0x4B, 0x7F, 0xC6, 0x3A, 0x09, 0xB6, 0x80, 0xC2, 0x9D, 0x70, 0x6A,
    0x30, 0xC2, 0xCF, 0x70, 0x52, 0x30, 0x33, 0x1B, 0x83, 0xBB, 0xCB, 0x43, 0xEE, 0x31, 0x1C, 0x84,
    0xB4, 0xE3, 0x62, 0xD3, 0x72, 0xC9, 0x01, 0x35, 0x61, 0x2F, 0x4B, 0xB9, 0x26, 0x39, 0xE1, 0x6A,
    0x9D, 0x3E, 0x59, 0xA8, 0x56, 0x8A, 0x27, 0x58, 0x0D, 0x56, 0x4E, 0x7C, 0x31, 0xAB, 0x43, 0xFC,
    0xAA, 0xD8, 0xBF, 0x03, 0xB7, 0xAB, 0x1B, 0xAC, 0xA9, 0xFD, 0xA6, 0xF2, 0xF1, 0xEA, 0xFC, 0x58,
    0x3E, 0x66, 0x3A, 0xEA, 0x32, 0xB1, 0xE4, 0x63, 0x5A, 0xF2, 0x41, 0xB9, 0x37, 0x54, 0xCA, 0x04,
    0x0F, 0x80, 0x25, 0x96, 0xDD, 0x27, 0xED, 0xA6, 0x1F, 0xFD, 0x62, 0x5C, 0x46, 0x5D, 0x17, 0xD2,
    0x7A, 0x8E, 0xC7, 0xAB, 0xDA, 0x9F, 0xE1, 0x41, 0x30, 0xFD, 0xCF, 0x09, 0xFE, 0x10, 0x15, 0x46,
    0xAE, 0x0C, 0x23, 0x12, 0x1B, 0x3D, 0xB2, 0x6B, 0x98, 0x8F, 0x60, 0x92, 0x07, 0xF8, 0x76, 0xFA,
    0x21, 0xBF, 0xFC, 0x0B, 0xBA, 0x7C, 0x87, 0xB1, 0xFE, 0x08, 0xD9, 0x13, 0xC6, 0x54, 0x25, 0x53,
    0x8E, 0xEA, 0xEA, 0x70, 0x38, 0xEC, 0x15, 0x3F, 0x4E, 0x7B, 0x60, 0xCC, 0x08, 0xE1, 0x01, 0x94,
    0x82, 0x7B, 0xB1, 0x7D, 0xA8, 0xEA, 0x7E, 0x49, 0xD1, 0x70, 0x75, 0xF2, 0x2D, 0x6B, 0xB6, 0x5D,
    0xDD, 0x60, 0xDE, 0x8A, 0x66, 0x54, 0x34, 0x03, 0x0B, 0x84, 0xEA, 0x0A, 0x99, 0xF9, 0x2D, 0x6C,
    0x77, 0x8C, 0xA9, 0x8D, 0x94, 0x3E, 0x6E, 0x23, 0xEE, 0xDA, 0x63, 0x0E, 0x65, 0xE7, 0x72, 0x72,
    0x17, 0xB3, 0x62, 0x76, 0xB5, 0xA9, 0xEB, 0x4C, 0x3C, 0x63, 0x5D, 0x33, 0xD5, 0xB5, 0x66, 0x57,
    0x71, 0xD5, 0x9B, 0xD6, 0x80, 0x1F, 0xCC, 0xCA, 0x9D, 0xEA, 0x5A, 0x6E, 0xEA, 0x0A, 0xF5, 0xE4,
    0x40, 0x9C, 0x02, 0x8B, 0x80, 0x9C, 0xC3, 0xC2, 0x81, 0xC2, 0xB6, 0x38, 0xED, 0x4C, 0xD1, 0xD0,
    0xC9, 0xA2, 0xE6, 0x95, 0xD5, 0x75, 0x5E, 0x5A, 0xBD, 0xC9, 0x8A, 0xDB, 0x6F, 0x09, 0xC5, 0x0B,
    0xAD, 0x26, 0x1A, 0x33, 0x61, 0xBB, 0x3F, 0x33, 0xBE, 0x60, 0x52, 0x87, 0x4F, 0xCC, 0x04, 0x40,
    0xA8, 0x63, 0xDC, 0x8C, 0x2F, 0x1E, 0x58, 0x75, 0xC0, 0x31, 0x7D, 0xEA, 0x18, 0x5F, 0xD2, 0xF9,
    0x72, 0x08, 0x21, 0xB8, 0x1B, 0x2B, 0x8B, 0x0B, 0x71, 0x60, 0x55, 0xEF, 0xE8, 0xBA, 0xEA, 0x06,
    0xBC, 0xAE, 0x78, 0x99, 0xEE, 0xE2, 0x55, 0x1E, 0x6F, 0x52, 0xD3, 0x04, 0x33, 0x6E, 0xA0, 0x2C,
    0x43, 0xC0, 0x31, 0xCB, 0x8C, 0xF4, 0x45, 0xD0, 0x6A, 0xD4, 0x91, 0xAA, 0x99, 0x51, 0x1F, 0xD2,
    0x4A, 0xCE, 0xA0, 0x33, 0x68, 0x99, 0x2E, 0x26, 0x90, 0xAD, 0x43, 0x19, 0xCC, 0x9E, 0x09, 0x49,
    0x51, 0x3B, 0xBB, 0x23, 0x6B, 0x86, 0x8E, 0xA1, 0x65, 0xA5, 0xC9, 0x5A, 0x21, 0x85, 0x28, 0xA1,
    0x17, 0x81, 0xA0, 0x21, 0x70, 0x25, 0x2D, 0xE9, 0x85, 0x67, 0x2B, 0x77, 0x1C, 0xBE, 0xCA, 0x92,
    0x02, 0xA9, 0x0A, 0x6B, 0x21, 0xCA, 0x3A, 0x24, 0x4E, 0x15, 0x0B, 0x85, 0x9C, 0x64, 0x59, 0x30,
    0x94, 0xB0, 0x66, 0xD5, 0xB4, 0x38, 0xC6, 0xA7, 0xCC, 0x0A, 0xA8, 0x92, 0xF1, 0x0A, 0x15, 0x96,
    0x11, 0x56, 0x59, 0x61, 0x36, 0x2B, 0x8E, 0x98, 0x0E, 0x2F, 0xCE, 0xA4, 0x34, 0x00, 0xD2, 0x22,
    0x8B, 0x47, 0x76, 0x25, 0x94, 0x28, 0x46, 0xB2, 0xE3, 0x5C, 0x9E, 0xD4, 0x75, 0x4E, 0x78, 0x11,
    0x19, 0xAB, 0x05, 0x6C, 0xE5, 0x5E, 0xAD, 0x84, 0x30, 0xDD, 0xC8, 0x05, 0x13, 0x8C, 0xC7, 0xCE,
    0x9A, 0x93, 0x25, 0x29, 0x2E, 0x2B, 0x4B, 0x5A, 0x94, 0x97, 0xC1, 0x2C, 0x89, 0x59, 0x32, 0xB3,
    0xA4, 0x66, 0xC9, 0x8D, 0x92, 0xA3, 0xF9, 0x34, 0xAE, 0xB1, 0xF5, 0x70, 0xF9, 0x59, 0x12, 0xA4,
    0x0C, 0x95, 0x6B, 0x4D, 0x96, 0xA2, 0x28, 0x01, 0x54, 0x5F, 0xEA, 0x3C, 0xF6, 0x1C, 0xC3, 0xAB,
    0x6E, 0xE7, 0x4A, 0x82, 0x71, 0xEC, 0xAD, 0x34, 0xB8, 0x3C, 0xB8, 0x44, 0x30, 0x13, 0x93, 0x71,
    0xA9, 0x70, 0xB9, 0xC0, 0xE1, 0xA1, 0x06, 0x87, 0x92, 0x47, 0x5B, 0x02, 0xFB, 0x79, 0x91, 0x3C,
    0xF6, 0xF8, 0x51, 0x38, 0x1E, 0xAC, 0x6E, 0x5F, 0x54, 0x90, 0xA5, 0x63, 0xEB, 0x5C, 0x04, 0x63,
    0x45, 0x31, 0xDC, 0x41, 0x06, 0x55, 0x8B, 0x87, 0x70, 0x0F, 0x39, 0xCC, 0xF9, 0xA0, 0x2A, 0x67,
    0xD2, 0x21, 0x88, 0x42, 0xAA, 0x2C, 0xDB, 0x6B, 0x29, 0x49, 0x47, 0x6D, 0x24, 0xE8, 0x6E, 0x06,
    0xA9, 0x4E, 0x44, 0x05, 0xE7, 0x94, 0x22, 0x1D, 0x8F, 0x56, 0x0F, 0x95, 0x18, 0xC3, 0x50, 0xEB,
    0x61, 0x8E, 0xB7, 0x23, 0x5D, 0x25, 0xFE, 0x85, 0xF9, 0x83, 0x0B, 0xDA, 0xA7, 0x62, 0x8D, 0x11,
    0x1E, 0x7A, 0xF1, 0x94, 0x60, 0x73, 0x69, 0x7A, 0x58, 0x9F, 0x8B, 0x0E, 0xDA, 0x7E, 0xC7, 0xCA,
    0x2B, 0xCB, 0x5E, 0x62, 0x7F, 0x69, 0x83, 0x42, 0x15, 0x7C, 0xAB, 0xF5, 0x09, 0x5E, 0x72, 0xBC,
    0x6C, 0x87, 0x05, 0x6A, 0xDA, 0xEB, 0xD3, 0x2E, 0xC2, 0xE0, 0x81, 0x3A, 0xA0, 0x7E, 0xD0, 0x31,
    0x50, 0x43, 0xC8, 0x11, 0xF2, 0xC6, 0xD5, 0x63, 0xB3, 0xA7, 0x6D, 0xB4, 0x08, 0xBD, 0xF1, 0xAF,
    0x38, 0xFA, 0x74, 0x20, 0x26, 0x98, 0x57, 0x77, 0x51, 0xBA, 0x45, 0x56, 0x6C, 0xCD, 0x89, 0x3C,
    0xFC, 0x32, 0x7E, 0x5B, 0x92, 0xBF, 0x88, 0x95, 0x63, 0x88, 0x0B, 0xFB, 0x04, 0x8B, 0x62, 0x97,
    0x7D, 0x38, 0x66, 0x6D, 0xB1, 0x8F, 0xDB, 0xAA, 0x97, 0x61, 0x20, 0x8B, 0xB2, 0xDA, 0xF2, 0x5A,
    0x1B, 0x41, 0x71, 0x41, 0x6E, 0x65, 0xAD, 0xA5, 0xA4, 0x2B, 0x6C, 0x1D, 0x4F, 0x85, 0xBA, 0x7C,
    0xFE, 0xB2, 0xAF, 0x96, 0x4A, 0x67, 0xBB, 0x68, 0xDF, 0xB3, 0x1C, 0x52, 0xA0, 0x1A, 0xEE, 0x8B,
    0xE7, 0xFF, 0x00, 0xF9, 0x54, 0xF4, 0xD9, 0xFB, 0xC0, 0xDE, 0x7D, 0x3B, 0x55, 0x37, 0x86, 0xB9,
    0xFA, 0x66, 0xC7, 0xCF, 0x54, 0x7D, 0xF3, 0xFE, 0x58, 0xDD, 0x78, 0x30, 0x14, 0x1F, 0x6A, 0x29,
    0xFB, 0x31, 0x32, 0x88, 0x6C, 0x7C, 0x7F, 0xD1, 0xF7, 0x54, 0x14, 0x91, 0x75, 0x3B, 0x22, 0x5A,
    0xEF, 0x70, 0xAF, 0xF6, 0x6D, 0xE9, 0xE5, 0x44, 0x58, 0x13, 0x4B, 0x53, 0xF4, 0xAB, 0xDC, 0xCE,
    0x4E, 0xCA, 0xED, 0x62, 0x63, 0xDC, 0xBF, 0xC9, 0xAB, 0xC1, 0x7C, 0x19, 0xBD, 0xF0, 0xFD, 0x8E,
    0x67, 0x76, 0x4E, 0xD4, 0xC2, 0x63, 0x74, 0xB2, 0xA7, 0xDC, 0x29, 0x99, 0x3F, 0xA4, 0x91, 0xAE,
    0xE2, 0x5F, 0x25, 0xF4, 0x74, 0xF4, 0x59, 0xBC, 0x67, 0xB5, 0xA6, 0xD5, 0xF1, 0xBC, 0x9B, 0xF3,
    0xE2, 0xCC, 0x09, 0x10, 0x0D, 0x08, 0x81, 0xB3, 0x5A, 0xC4, 0x47, 0x55, 0x3F, 0x67, 0x8A, 0xA3,
    0x1F, 0x48, 0xCE, 0x13, 0xBC, 0x95, 0xFD, 0x2F, 0xD0, 0x01, 0x7E, 0x70, 0x5D, 0x4A, 0xEA, 0x81,
    0xB2, 0xB5, 0x4E, 0xE6, 0x23, 0xB8, 0x09, 0x9F, 0x11, 0x0D, 0x3E, 0x9E, 0x29, 0x0E, 0xCF, 0x6F,
    0xD4, 0xF1, 0xBA, 0xA4, 0xF0, 0x60, 0x91, 0xAF, 0x5B, 0x74, 0xDD, 0xB2, 0xEB, 0xF6, 0xA8, 0x13,
    0xFB, 0x8E, 0xEE, 0xA3, 0xFC, 0xDE, 0x5E, 0x7A, 0x1E, 0x3B, 0x6B, 0x44, 0x57, 0x41, 0x2D, 0x8D,
    0xD5, 0x88, 0x9D, 0xD1, 0x9F, 0xED, 0x8C, 0x36, 0x09, 0xEC, 0x2D, 0xEE, 0x8D, 0x94, 0xBC, 0x75,
    0x51, 0x87, 0xB3, 0x47, 0xA5, 0x10, 0x8E, 0xB8, 0xA3, 0x2A, 0xD1, 0x96, 0xD0, 0xBF, 0x79, 0x4C,
    0xF9, 0x8B, 0x87, 0x44, 0x39, 0x0E, 0x56, 0xCF, 0xB2, 0x35, 0xF1, 0x5B, 0xF4, 0x26, 0x10, 0xFB,
    0x1C, 0x9B, 0xD3, 0xB7, 0x2D, 0xBB, 0xD3, 0xB3, 0x4D, 0xE1, 0x36, 0x8C, 0x55, 0xFE, 0x6E, 0x3D,
    0x84, 0x6A, 0x0B, 0xAE, 0x2D, 0x28, 0x2B, 0x28, 0x01, 0xA8, 0xD4, 0xD2, 0x02, 0xC0, 0x83, 0x89,
    0x9C, 0x8A, 0x68, 0x3A, 0xA1, 0x36, 0xFC, 0x8F, 0x7A, 0x24, 0x20, 0x3C, 0x62, 0xD4, 0x1C, 0xAE,
    0x80, 0x1D, 0xEC, 0x5B, 0xF1, 0x57, 0x63, 0xD6, 0x8D, 0xED, 0xC4, 0xB2, 0xE6, 0x6F, 0xB6, 0xCC,
    0xE0, 0xE4, 0x96, 0x59, 0x00, 0xA5, 0x39, 0xF5, 0x84, 0x1A, 0xB0, 0x27, 0x1C, 0xE6, 0x7F, 0x55,
    0x99, 0xD6, 0xB8, 0xFA, 0x3A, 0x50, 0xFA, 0x16, 0x60, 0xF1, 0xA7, 0xBD, 0x89, 0xEF, 0xE0, 0x6E,
    0x9C, 0x1E, 0x8B, 0xB5, 0x41, 0xC6, 0xF3, 0xB2, 0x99, 0x8D, 0x6E, 0xE4, 0x1E, 0x5F, 0x2D, 0x59,
    0x35, 0xFC, 0x3D, 0xA3, 0xD4, 0xAB, 0xEA, 0x68, 0xF0, 0x88, 0x4D, 0x14, 0x6C, 0x24, 0x36, 0x6E,
    0x2B, 0xC6, 0xA7, 0x6A, 0xF3, 0x24, 0x98, 0xC4, 0x31, 0x82, 0xB5, 0x4A, 0xCB, 0x47, 0xBF, 0x34,
    0xE9, 0x99, 0xE2, 0x40, 0x0B, 0x5E, 0x43, 0x85, 0x5C, 0x3B, 0xF4, 0x78, 0xDA, 0x86, 0x17, 0x4A,
    0x47, 0x62, 0x9B, 0xAC, 0x85, 0xB3, 0x01, 0xB7, 0x94, 0x60, 0xC4, 0xCF, 0x5C, 0x8F, 0xA0, 0xE8,
    0xE0, 0x88, 0x0F, 0xD0, 0x80, 0xC0, 0x43, 0x5E, 0xBD, 0x89, 0xC9, 0x96, 0x2C, 0x13, 0x32, 0x59,
    0x41, 0x26, 0xAF, 0xAC, 0xBA, 0x45, 0x63, 0x16, 0x22, 0x15, 0x1A, 0x29, 0xF3, 0x0B, 0x64, 0x95,
    0xE3, 0x5C, 0x06, 0xE2, 0x3F, 0x72, 0x41, 0xCB, 0x70, 0x99, 0x10, 0x71, 0x34, 0x76, 0x32, 0xF5,
    0x1F, 0xD3, 0x21, 0x49, 0x4A, 0x66, 0xD7, 0x4E, 0xE6, 0x0A, 0xE2, 0xF6, 0x31, 0xCD, 0x55, 0xD5,
    0xCB, 0xFF, 0x5E, 0x32, 0x71, 0x34, 0x8B, 0xAC, 0x31, 0x29, 0x75, 0x8D, 0x29, 0xDE, 0xB5, 0x6E,
    0xF3, 0xE2, 0x2F, 0x59, 0x4C, 0x64, 0xAC, 0xB2, 0x39, 0xE4, 0x1A, 0x9A, 0xB4, 0xE0, 0xF8, 0x3F,
    0x9B, 0x85, 0x57, 0x3C, 0xA6, 0x0F, 0x05, 0x75, 0x5E, 0xD6, 0x22, 0x91, 0x40, 0x27, 0x54, 0x8E,
    0x52, 0x29, 0xA6, 0x68, 0x0C, 0x79, 0x99, 0x04, 0xB7, 0xCF, 0x7E, 0xF1, 0x99, 0xD5, 0x88, 0x26,
    0xD1, 0xE2, 0x72, 0x8F, 0xE2, 0x04, 0xDB, 0x60, 0x60, 0x23, 0xAC, 0x65, 0x28, 0x5A, 0x87, 0x75,
    0x4F, 0x98, 0x99, 0x3E, 0xC6, 0xC8, 0x34, 0x95, 0x62, 0xCB, 0x39, 0xB2, 0x94, 0xD6, 0xB0, 0x35,
    0x32, 0x07, 0xCD, 0x8F, 0xE1, 0x3D, 0x87, 0x5F, 0xA2, 0x11, 0x70, 0xEF, 0xB1, 0x7E, 0x31, 0xAB,
    0x7E, 0x71, 0xCA, 0xA5, 0x0C, 0x56, 0xFD, 0xE2, 0x6D, 0xEB, 0x17, 0xED, 0x87, 0x52, 0x3F, 0x62,
    0xAE, 0x7E, 0x61, 0xE7, 0x70, 0xDA, 0xD9, 0x3B, 0x14, 0x81, 0xDA, 0x92, 0xAB, 0x1F, 0x66, 0xD0,
    0x3A, 0x3E, 0x5C, 0xB5, 0x89, 0x6C, 0xF0, 0x8C, 0xDC, 0x9C, 0xFA, 0x1E, 0xE1, 0xE5, 0x12, 0xB0,
    0x1A, 0x90, 0x8D, 0xD2, 0x66, 0xCD, 0x19, 0x7B, 0x5E, 0x64, 0x56, 0x50, 0xB6, 0xA0, 0x7D, 0xA6,
    0x45, 0xB6, 0xE4, 0x1A, 0x69, 0x4D, 0xBD, 0x54, 0x18, 0x58, 0x07, 0x06, 0xF8, 0x7E, 0x2E, 0x04,
    0x48, 0x40, 0xCF, 0x76, 0xC8, 0x57, 0x55, 0x3E, 0x55, 0x9D, 0xB8, 0x09, 0x96, 0x8E, 0x90, 0x7C,
    0x90, 0x49, 0x3A, 0x27, 0xC4, 0x61, 0xA8, 0x1E, 0x94, 0x0F, 0x99, 0xC2, 0x5D, 0x4F, 0xD3, 0x82,
    0x26, 0x08, 0x7F, 0xE4, 0xE6, 0x11, 0x55, 0xE2, 0x56, 0xF0, 0x82, 0xEA, 0x29, 0x52, 0x13, 0xA7,
    0x49, 0x0A, 0x24, 0xC2, 0x6A, 0x9A, 0xEC, 0x31, 0xA5, 0xB4, 0x5D, 0x12, 0xB9, 0x41, 0x6D, 0x45,
    0x31, 0x41, 0x37, 0x28, 0x24, 0x88, 0x44, 0xB8, 0x1E, 0x9F, 0xA2, 0xAD, 0xAE, 0x01, 0x99, 0x30,
    0x53, 0x19, 0x61, 0x7C, 0xC2, 0xB7, 0xF2, 0x0D, 0xAE, 0xB2, 0x1C, 0x94, 0x91, 0x6C, 0x14, 0xDC,
    0x1D, 0xE2, 0xEA, 0xA8, 0x73, 0xB7, 0x6B, 0xCA, 0x5B, 0x17, 0x1E, 0xE6, 0xAE, 0x3D, 0x11, 0x5E,
    0xB5, 0x84, 0xF7, 0x0E, 0xF6, 0xAD, 0xEC, 0xDD, 0x16, 0xE1, 0xED, 0xBF, 0x83, 0xC8, 0x6E, 0x5D,
    0x87, 0x79, 0x64, 0x97, 0xF0, 0x12, 0xAB, 0xB3, 0x3F, 0x24, 0x74, 0x30, 0xBC, 0x84, 0xE1, 0xFD,
    0x31, 0xC3, 0xFB, 0x3C, 0x0F, 0x7F, 0x41, 0x4B, 0xE0, 0xCA, 0x63, 0xD4, 0x43, 0x1C, 0xEE, 0x0C,
    0x20, 0x82, 0x00, 0xFA, 0xE2, 0x26, 0x02, 0xF8, 0x16, 0x02, 0xF8, 0x51, 0xD5, 0xA1, 0x84, 0x2D,
    0xE1, 0x21, 0xB5, 0x44, 0x68, 0xC4, 0xFE, 0xEF, 0x10, 0xC4, 0x57, 0x11, 0xC0, 0xDF, 0x0A, 0x50,
    0x5C, 0x53, 0x6C, 0xD1, 0x60, 0xBD, 0xCC, 0xF7, 0x82, 0x90, 0xC7, 0x40, 0x82, 0xC4, 0x93, 0xB2,
    0x49, 0x68, 0xB6, 0x0D, 0xEC, 0x41, 0x75, 0xAC, 0x4D, 0x3B, 0xA9, 0xE5, 0xC7, 0x22, 0x4D, 0xD6,
    0x42, 0xD6, 0x6A, 0xEF, 0xA5, 0xBB, 0x9F, 0x52, 0x85, 0xAA, 0xDC, 0x74, 0x04, 0x48, 0xD2, 0x9B,
    0xAB, 0x49, 0x17, 0x61, 0xB6, 0xAE, 0x5B, 0x4D, 0xB7, 0xD3, 0x3E, 0xEA, 0x36, 0xD1, 0x07, 0xA8,
    0x65, 0xE6, 0x42, 0x41, 0xCC, 0x0F, 0xC6, 0x8D, 0x3E, 0x1E, 0x96, 0x3E, 0xAA, 0xE3, 0xE5, 0x7A,
    0x66, 0x68, 0x56, 0xC3, 0x73, 0x84, 0x63, 0xB1, 0x77, 0x06, 0x81, 0x84, 0x8B, 0x9A, 0x78, 0x48,
    0xDE, 0xB1, 0x39, 0x6A, 0xBE, 0x3F, 0x73, 0x3F, 0xBB, 0x81, 0x13, 0xFA, 0xEC, 0xCE, 0x74, 0x41,
    0xA2, 0x02, 0x51, 0x22, 0xFF, 0x56, 0x7E, 0xCC, 0x97, 0x1D, 0x60, 0x9F, 0xB4, 0x8B, 0x82, 0x72,
    0x73, 0x63, 0xAF, 0xFC, 0x50, 0x97, 0x70, 0x96, 0x2A, 0xD9, 0xB3, 0xF6, 0x2E, 0x61, 0x86, 0x4A,
    0x01, 0x1B, 0x0E, 0x95, 0x15, 0x24, 0xC4, 0x7C, 0xA9, 0xCF, 0x92, 0x21, 0x1A, 0xAE, 0xB2, 0xE7,
    0xAB, 0xAC, 0x29, 0x38, 0x63, 0xB6, 0x4D, 0x39, 0xA8, 0xBE, 0xC4, 0x76, 0xF5, 0xE3, 0x35, 0xF9,
    0xC5, 0xE1, 0xAE, 0x68, 0x5E, 0x6E, 0x33, 0xFB, 0x77, 0x7F, 0x4B, 0xD1, 0xF4, 0x5B, 0xD1, 0x4C,
    0xE6, 0x39, 0x46, 0xF3, 0x7F, 0xA6, 0xAD, 0x68, 0xA4, 0x99, 0xEC, 0xDB, 0x2B, 0x15, 0x2E, 0xA2,
    0x31, 0xDE, 0x3A, 0x82, 0x7A, 0xC1, 0x98, 0x17, 0x2F, 0x9B, 0x4F, 0x18, 0x71, 0x73, 0xEA, 0xC9,
    0x88, 0xD5, 0x15, 0xD2, 0xA3, 0xF4, 0xC6, 0xDF, 0x70, 0xB3, 0xFF, 0x5D, 0x39, 0x87, 0xBE, 0x12,
    0xEF, 0xD5, 0x26, 0x99, 0x9E, 0x4E, 0xAF, 0x4F, 0x88, 0xA2, 0x7C, 0x23, 0x8A, 0x7C, 0xA1, 0x7C,
    0x2E, 0x78, 0xA8, 0xF4, 0x69, 0x14, 0x5A, 0xE3, 0x54, 0x47, 0xDC, 0x3A, 0xBD, 0x11, 0x49, 0x0F,
    0xF3, 0xF5, 0xDE, 0x09, 0x8F, 0xE7, 0xCD, 0xD6, 0x1F, 0x72, 0x1B, 0x72, 0xCD, 0xBB, 0xC5, 0x3B,
    0x20, 0xF1, 0xD9, 0xED, 0x32, 0xFE, 0xCC, 0x85, 0x17, 0x76, 0x8A, 0xC4, 0xA0, 0xC1, 0xA8, 0x5C,
    0xDB, 0x57, 0x46, 0xA9, 0xC3, 0xE2, 0xC6, 0xA0, 0xB0, 0xB3, 0x3B, 0xBF, 0x52, 0x90, 0xA9, 0x4B,
    0x38, 0x33, 0xA0, 0xA6, 0xB2, 0xEE, 0xE9, 0xDB, 0xBD, 0x0F, 0x66, 0x25, 0x36, 0x15, 0xE3, 0x25,
    0x63, 0x76, 0x4D, 0x0B, 0x15, 0xD6, 0x40, 0x01, 0x11, 0x64, 0x13, 0xCE, 0x81, 0x2C, 0x07, 0x58,
    0x41, 0xF4, 0x58, 0x42, 0x26, 0x28, 0x97, 0x9A, 0x0B, 0x39, 0xC8, 0xE8, 0x96, 0xAB, 0xF1, 0x7F,
    0x34, 0xDF, 0x93, 0xC7, 0x57, 0x7D, 0xB7, 0x8C, 0x54, 0xE1, 0xB2, 0x8D, 0x48, 0x7F, 0x33, 0xEB,
    0x4E, 0x65, 0x99, 0x73, 0x5B, 0xE1, 0xF9, 0x33, 0x9A, 0xCA, 0x54, 0xD0, 0x58, 0x28, 0x60, 0x68,
    0x21, 0xA6, 0xBB, 0xB8, 0x4B, 0xA0, 0xA8, 0xF7, 0x06, 0x88, 0xFA, 0x43, 0x32, 0x69, 0xD2, 0x6A,
    0x25, 0x80, 0x74, 0x10, 0xEF, 0x5B, 0xB7, 0x73, 0x85, 0xD6, 0xC5, 0x13, 0x2E, 0x71, 0xC4, 0x47,
    0xD5, 0x77, 0xF4, 0xEC, 0xB0, 0x21, 0x08, 0xB4, 0x2C, 0xA9, 0xE7, 0x79, 0x5B, 0xDB, 0xC0, 0x9E,
    0x47, 0xF4, 0x2F, 0x41, 0x4A, 0x62, 0x80, 0x27, 0x52, 0xCC, 0x80, 0x4C, 0xA2, 0xD6, 0x09, 0x95,
    0x6E, 0x43, 0xE9, 0x8E, 0x91, 0x1E, 0x59, 0x43, 0xEA, 0x9D, 0x8A, 0xF1, 0x1A, 0xFB, 0x0D, 0x55,
    0xF2, 0x15, 0x2D, 0xB1, 0x6C, 0x5F, 0xCF, 0x6A, 0x91, 0x99, 0xF9, 0xCB, 0x75, 0x91, 0x59, 0x16,
    0xD7, 0xD9, 0xB9, 0x91, 0x6B, 0x61, 0xA2, 0x10, 0x41, 0x40, 0xD2, 0x5D, 0x92, 0x26, 0x84, 0x4F,
    0x67, 0x5B, 0x5A, 0x34, 0x0C, 0x6D, 0xED, 0x90, 0xCA, 0xA1, 0x94, 0x83, 0x42, 0x96, 0xD3, 0xFC,
    0xD7, 0x3D, 0x6D, 0x94, 0x6C, 0x5D, 0x35, 0x8D, 0x31, 0xFA, 0x07, 0x64, 0xB9, 0xC2, 0xDA, 0x07,
    0x01, 0xE7, 0xCF, 0x70, 0x18, 0xDA, 0x0D, 0xCC, 0xCC, 0x42, 0x87, 0x23, 0x6E, 0x0C, 0xDD, 0x46,
    0x3B, 0xAB, 0xB5, 0x5B, 0x9A, 0x1E, 0x37, 0x27, 0xA3, 0xD3, 0xAD, 0x69, 0x8B, 0x4C, 0x64, 0x0D,
    0x0D, 0xB9, 0x95, 0x7B, 0xE5, 0x46, 0x7D, 0x2E, 0x1B, 0x8B, 0x77, 0x05, 0xB2, 0xCB, 0x5B, 0xF6,
    0x42, 0xDE, 0x7C, 0x77, 0x69, 0x95, 0x46, 0xD6, 0xA9, 0x31, 0x66, 0xE5, 0x8A, 0x7A, 0x62, 0xE9,
    0x70, 0x58, 0x7F, 0x66, 0xA7, 0x07, 0x93, 0xC4, 0xFF, 0x48, 0xCA, 0x87, 0xC0, 0xC4, 0xF1, 0x51,
    0xCF, 0x31, 0xE2, 0x52, 0xC8, 0x16, 0xE6, 0x35, 0x19, 0x89, 0x8A, 0x89, 0xEE, 0x99, 0x62, 0x8E,
    0x91, 0xCD, 0x91, 0x9D, 0x8B, 0x68, 0xA3, 0x5F, 0xBD, 0x8D, 0x12, 0x62, 0x4A, 0x2C, 0xC5, 0x15,
    0xBB, 0x2E, 0x73, 0xAD, 0xB2, 0x2D, 0xB1, 0xB6, 0xD6, 0x4A, 0x91, 0x92, 0xC3, 0x83, 0xB3, 0xF6,
    0x32, 0x3B, 0xB9, 0x73, 0x70, 0x10, 0xCF, 0x12, 0x83, 0x48, 0x2C, 0x24, 0x34, 0xD2, 0x0C, 0x0D,
    0x8D, 0xAB, 0x90, 0x61, 0x9B, 0x63, 0x34, 0xE9, 0x2F, 0x17, 0x07, 0x78, 0x0B, 0x9F, 0x2F, 0x01,
    0xEC, 0xCF, 0x5B, 0x48, 0xC6, 0x91, 0x5C, 0x33, 0x40, 0xFC, 0xA8, 0x4D, 0x63, 0x29, 0xAC, 0x8D,
    0xA0, 0xE0, 0x84, 0x4A, 0xD3, 0x78, 0xFF, 0xCD, 0x98, 0x0D, 0xC1, 0x1C, 0xCB, 0xA7, 0x9A, 0x71,
    0x5B, 0x27, 0xA2, 0x28, 0x9F, 0xA4, 0x7B, 0x57, 0xF9, 0x64, 0x77, 0x76, 0x47, 0xF5, 0xEB, 0x20,
    0xDB, 0xAB, 0x49, 0xBA, 0x45, 0x44, 0x89, 0xBA, 0x19, 0x10, 0xCE, 0x13, 0xA5, 0x19, 0xD1, 0x99,
    0x11, 0x7D, 0x1B, 0xF1, 0xF7, 0x89, 0x0B, 0x57, 0x6D, 0xE5, 0x54, 0x95, 0xEA, 0x76, 0x50, 0x0C,
    0xC6, 0x45, 0x4F, 0x2B, 0x77, 0x8F, 0x96, 0xC5, 0x05, 0xAD, 0x82, 0x00, 0xE0, 0x16, 0x8A, 0x3D,
    0x1F, 0xAB, 0x29, 0x1A, 0x12, 0x1F, 0xB5, 0x1B, 0xBB, 0x04, 0x58, 0x7E, 0x78, 0xF1, 0x31, 0x92,
    0x1B, 0x49, 0x72, 0x83, 0x2B, 0x54, 0x51, 0x3B, 0xA5, 0xD3, 0xAD, 0x28, 0x0C, 0x04, 0xF0, 0xDF,
    0xC2, 0x55, 0x3E, 0xBB, 0xDD, 0xE7, 0x00, 0x7A, 0xD5, 0xA2, 0x7D, 0x16, 0x65, 0x99, 0x6F, 0x52,
    0xE3, 0x3D, 0x9E, 0x1A, 0xF3, 0x9B, 0xA5, 0xA6, 0xE7, 0x9C, 0x6C, 0x52, 0x93, 0x29, 0x35, 0x85,
    0x15, 0xE1, 0x3B, 0xB2, 0x07, 0x10, 0xD5, 0x8B, 0xA0, 0x17, 0x70, 0x2F, 0xFA, 0xD2, 0x11, 0x88,
    0x6B, 0x12, 0x21, 0xA1, 0xE0, 0xFF, 0x93, 0x25, 0x65, 0x7E, 0x1B, 0x49, 0x01, 0xD7, 0xD5, 0x31,
    0xB4, 0x4E, 0x1D, 0x2B, 0xD9, 0x99, 0xA4, 0xC5, 0x5A, 0x98, 0xE3, 0x99, 0x3A, 0xF5, 0xDD, 0x8F,
    0x2B, 0x3B, 0xCD, 0xFF, 0x53, 0x76, 0x0E, 0xDB, 0xB2, 0xF3, 0xF9, 0x4B, 0xDD, 0x46, 0x75, 0x92,
    0x79, 0x6C, 0x73, 0x42, 0xE9, 0x3C, 0x29, 0xA9, 0x9E, 0x21, 0x3B, 0x5B, 0x22, 0xF9, 0x53, 0x64,
    0x67, 0x6E, 0xCE, 0x58, 0xB7, 0x21, 0xE9, 0x33, 0x8B, 0x13, 0x09, 0xE6, 0xC1, 0x96, 0x00, 0x3D,
    0x45, 0xA6, 0xCE, 0x58, 0xC8, 0x96, 0x0F, 0xAE, 0x24, 0x05, 0xFD, 0x6D, 0xB8, 0x54, 0x31, 0x31,
    0xF0, 0x3E, 0xC1, 0x63, 0x46, 0x1F, 0xE1, 0xD4, 0x19, 0x78, 0x53, 0xE5, 0xDE, 0x34, 0x99, 0xB9,
    0xC2, 0x59, 0x93, 0x37, 0xB2, 0x0D, 0xA6, 0x60, 0xE0, 0x63, 0x0E, 0xEF, 0xCF, 0x58, 0x1B, 0xAF,
    0xC6, 0x3F, 0x9B, 0x70, 0xF6, 0xD5, 0x64, 0x7F, 0x84, 0xBE, 0xBD, 0x9A, 0xBD, 0x31, 0x12, 0xC5,
    0x8B, 0x80, 0x8F, 0x62, 0x06, 0x8B, 0x24, 0x6D, 0x31, 0x46, 0x3D, 0x16, 0x9F, 0x62, 0x88, 0x6D,
    0x9F, 0xD6, 0x45, 0xA7, 0x5A, 0x14, 0x2D, 0x56, 0x25, 0x0E, 0x79, 0xA2, 0x7A, 0x2C, 0xF2, 0x7F,
    0x81, 0x8D, 0x05, 0x37, 0x96, 0x9E, 0x58, 0x84, 0x14, 0x89, 0xD4, 0x20, 0x81, 0xB6, 0xF7, 0x6C,
    0x87, 0xFF, 0xC1, 0x36, 0x81, 0x6C, 0x48, 0x10, 0xC0, 0xA9, 0x4D, 0xF0, 0xA8, 0x4B, 0xEE, 0x35,
    0xE1, 0xC3, 0x3E, 0xAB, 0xEA, 0xE8, 0x61, 0x5F, 0xA0, 0xE2, 0x0F, 0xFA, 0xA9, 0x28, 0xE3, 0x07,
    0xBF, 0x1C, 0xAB, 0x3C, 0xFE, 0xE0, 0x51, 0x5F, 0x99, 0xE4, 0x5D, 0x2C, 0x1E, 0x06, 0x74, 0xD9,
    0xA0, 0x9F, 0xAE, 0xDB, 0x6B, 0xD8, 0xB6, 0xAE, 0xDB, 0x2F, 0xDA, 0xB1, 0xF8, 0x06, 0xA8, 0x66,
    0x5B, 0xBD, 0x08, 0xE0, 0x1D, 0xD9, 0x57, 0xC7, 0x80, 0x46, 0x28, 0xF9, 0xAD, 0x28, 0x8B, 0xB4,
    0xCE, 0x72, 0x5A, 0xF6, 0x64, 0xF2, 0x73, 0x91, 0xBA, 0x68, 0xC4, 0xB3, 0x97, 0x37, 0x7C, 0x1B,
    0xA8, 0x43, 0x22, 0x59, 0x47, 0xC8, 0xA9, 0x6B, 0xE6, 0x7B, 0xEA, 0xA1, 0x3D, 0x35, 0x11, 0xF1,
    0xCF, 0x9F, 0x68, 0xC1, 0xBA, 0x94, 0x82, 0x03, 0x43, 0x01, 0xA1, 0xD0, 0xAB, 0x96, 0xB6, 0xB8,
    0x7D, 0xA9, 0x95, 0x84, 0x10, 0x6B, 0x38, 0xFC, 0x75, 0xF3, 0x8B, 0x28, 0xD0, 0xB0, 0xB0, 0x08,
    0x65, 0x33, 0xC2, 0x08, 0x81, 0xAD, 0xFC, 0x22, 0x34, 0x42, 0x96, 0xA3, 0xCF, 0xAF, 0xB3, 0x47,
    0x06, 0x75, 0x8D, 0x79, 0xC1, 0x39, 0x46, 0x76, 0xB7, 0x13, 0x24, 0x8D, 0x9D, 0xE2, 0x79, 0x6F,
    0x4C, 0x86, 0x78, 0xCC, 0x3A, 0xB6, 0x6E, 0xC4, 0xD6, 0xED, 0xC9, 0x18, 0x15, 0xDB, 0x17, 0x5A,
    0x1F, 0x04, 0xDD, 0x14, 0x3F, 0x77, 0xAD, 0xAB, 0xA5, 0x63, 0xD0, 0x28, 0xE6, 0xA7, 0xE1, 0xE9,
    0xFB, 0x64, 0x9D, 0x8F, 0x60, 0xA2, 0x77, 0x86, 0x6D, 0x19, 0xA5, 0xB8, 0x15, 0xB6, 0xA2, 0x56,
    0xD0, 0x8A, 0x59, 0x21, 0x33, 0x62, 0x05, 0xAC, 0x78, 0x15, 0xAE, 0xA2, 0x55, 0xB0, 0x8A, 0x95,
    0xE1, 0x29, 0x52, 0x05, 0xAA, 0x38, 0x15, 0xA6, 0xA2, 0x54, 0x90, 0x2E, 0xC6, 0xF8, 0x75, 0xF4,
    0xE9, 0x3E, 0xC6, 0x7F, 0x1F, 0xA4, 0x6A, 0xF2, 0xCD, 0xFD, 0x9F, 0x3C, 0x3C, 0xEA, 0x6C, 0xD5,
    0x68, 0x79, 0x52, 0x76, 0x53, 0x84, 0xCC, 0xD5, 0xED, 0x1D, 0xF5, 0x79, 0xE5, 0x54, 0x65, 0xEF,
    0x5A, 0x2D, 0xED, 0x04, 0x03, 0x48, 0xBD, 0x7B, 0x42, 0xCF, 0xEC, 0x9C, 0x67, 0xE7, 0x78, 0x92,
    0xC5, 0xC1, 0xEC, 0x4B, 0xBD, 0xC4, 0xA3, 0x98, 0xD3, 0x24, 0x47, 0x17, 0xC7, 0x6D, 0x75, 0x58,
    0xB9, 0xA7, 0x27, 0x88, 0x16, 0xEB, 0x08, 0x56, 0xC1, 0x0E, 0xF1, 0xE1, 0x4E, 0xCE, 0xBF, 0x24,
    0xEC, 0x5F, 0x48, 0xA2, 0x94, 0xEE, 0x20, 0x78, 0x27, 0x13, 0xD2, 0x76, 0xA4, 0x4E, 0x19, 0xF1,
    0x35, 0x66, 0x4A, 0xD1, 0xDA, 0xF7, 0xE6, 0xA4, 0x8F, 0x67, 0x6F, 0x86, 0x04, 0x80, 0x6A, 0x25,
    0x1A, 0x9D, 0x1D, 0x89, 0xA2, 0x96, 0x71, 0xE3, 0x98, 0xAA, 0x4C, 0x20, 0xC6, 0x81, 0x4C, 0x4E,
    0x7D, 0xC1, 0x22, 0xFE, 0xE9, 0x42, 0xA3, 0xD5, 0x82, 0x7B, 0x25, 0x2C, 0xB2, 0xC0, 0xE5, 0x24,
    0xEC, 0xC0, 0xD0, 0x61, 0x87, 0x02, 0x05, 0x47, 0xC5, 0xAA, 0x56, 0xF6, 0x16, 0xE1, 0x4C, 0x1F,
    0x28, 0x1E, 0x48, 0x42, 0xFC, 0x85, 0x32, 0xF3, 0xF8, 0x96, 0x29, 0xCD, 0xBB, 0x73, 0xCE, 0xA9,
    0x37, 0x05, 0x1F, 0x2E, 0xAD, 0xBB, 0xD0, 0xEA, 0x06, 0x6F, 0x17, 0xDE, 0x63, 0xBC, 0x0A, 0x32,
    0x5B, 0x0C, 0x0E, 0x7C, 0x31, 0xFF, 0x2C, 0x7E, 0x53, 0x62, 0xD2, 0xD2, 0x6B, 0x1C, 0x5F, 0x26,
    0x2B, 0x94, 0x5A, 0x7B, 0x61, 0xAD, 0x78, 0xE4, 0x74, 0xDC, 0xD6, 0xA6, 0x02, 0xA1, 0x15, 0xAD,
    0x1B, 0x2C, 0x30, 0x8C, 0x3E, 0x72, 0x74, 0x71, 0x9E, 0xE4, 0x5E, 0xF5, 0xED, 0x5F, 0xBB, 0x9B,
    0x9D, 0xE5, 0xF1, 0x05, 0x35, 0x5E, 0xC1, 0xAF, 0xBC, 0x76, 0x41, 0x33, 0x9F, 0x75, 0x2B, 0xD7,
    0x09, 0x73, 0xE4, 0x36, 0xCC, 0x29, 0x06, 0x57, 0xB1, 0x53, 0xD9, 0xAE, 0xB1, 0xBD, 0x52, 0xB4,
    0x80, 0xBE, 0xA2, 0x41, 0xA7, 0xA2, 0xB1, 0x50, 0x20, 0xF0, 0x4F, 0x08, 0xF4, 0x3A, 0x2C, 0x38,
    0x89, 0xF4, 0x4F, 0x61, 0x55, 0x83, 0xD3, 0x9B, 0x70, 0xB9, 0xA1, 0xDB, 0xC1, 0xC1, 0xDE, 0xE0,
    0xB2, 0x82, 0xF4, 0x7C, 0xCE, 0xB2, 0x57, 0x46, 0xB8, 0x34, 0x64, 0x47, 0xD8, 0xBB, 0x40, 0x6B,
    0x10, 0xCC, 0x6D, 0xF6, 0x13, 0xB5, 0xAA, 0x72, 0xE0, 0x0B, 0x69, 0x4E, 0x7B, 0xDC, 0xA9, 0x12,
    0x44, 0x32, 0x13, 0x43, 0xC6, 0xA4, 0xDC, 0x1A, 0xC4, 0xDF, 0x59, 0x18, 0xF1, 0x35, 0x4C, 0xE2,
    0x2D, 0xFC, 0xFB, 0x63, 0x93, 0xF8, 0x89, 0xC3, 0x73, 0x48, 0xC3, 0x0A, 0x77, 0x93, 0xE3, 0x96,
    0xFB, 0xEE, 0x19, 0x36, 0xA3, 0x79, 0xF2, 0xCF, 0xFF, 0x3F, 0x0B, 0x5C, 0xFA, 0x4A, 0xEB, 0xA6,
    0xE8, 0x5B, 0x6E, 0x61, 0xCB, 0xBE, 0xE4, 0xFE, 0xFE, 0x9C, 0x97, 0x3F, 0x19, 0xD6, 0xA7, 0xBE,
    0xB8, 0x99, 0xFC, 0x39, 0x1C, 0x0A, 0x3A, 0x86, 0x74, 0xE0, 0xF2, 0xD1, 0xFD, 0x70, 0xDB, 0xBD,
    0xCF, 0xA1, 0x54, 0x01, 0xB1, 0xCB, 0xD7, 0xAD, 0x47, 0xBB, 0x78, 0x25, 0xF7, 0x1C, 0x0C, 0xAC,
    0x86, 0x2C, 0x7A, 0x66, 0x8F, 0xAB, 0x89, 0x7A, 0x72, 0x3E, 0xDE, 0xB8, 0xFA, 0x15, 0x0B, 0xB6,
    0x96, 0xA4, 0xC1, 0x5C, 0xDD, 0x71, 0xDD, 0xA8, 0xA1, 0xCD, 0xD1, 0xC9, 0x1C, 0xCB, 0xE4, 0x65,
    0xE4, 0xF0, 0x26, 0x3E, 0x5F, 0xEA, 0xCC, 0x73, 0xC7, 0x6D, 0xE6, 0xC1, 0x55, 0x36, 0x63, 0xC8,
    0x56, 0x43, 0xDB, 0x3A, 0xFD, 0x5C, 0x50, 0xB5, 0x62, 0x13, 0x19, 0x30, 0xD3, 0xB8, 0xEE, 0x02,
    0xBD, 0x60, 0x8D, 0xAB, 0xFA, 0xEF, 0x2F, 0xA2, 0x3E, 0x68, 0xB3, 0x0A, 0x39, 0x49, 0xD9, 0x66,
    0xDA, 0xBD, 0x84, 0x38, 0xDA, 0xBC, 0xCE, 0x5C, 0xB4, 0xAB, 0x8A, 0xE1, 0x61, 0x9E, 0x32, 0x3B,
    0xAF, 0x68, 0x25, 0x3A, 0x4B, 0x89, 0xE7, 0x67, 0x8A, 0x8D, 0xC7, 0x52, 0xA4, 0xAB, 0x2C, 0x3D,
    0xCD, 0xEF, 0x7E, 0xE1, 0x4A, 0xC5, 0x0D, 0x8B, 0xCA, 0x8D, 0x01, 0x7C, 0x46, 0x01, 0x1C, 0xDF,
    0xA1, 0x81, 0xDC, 0xBA, 0x48, 0x43, 0xE9, 0x38, 0x66, 0x73, 0xD1, 0xD1, 0x7A, 0x5B, 0xA6, 0xB5,
    0x43, 0x1B, 0x48, 0x3C, 0x3E, 0x99, 0x2E, 0xBC, 0x7D, 0x9A, 0x07, 0x60, 0xBE, 0x5B, 0x77, 0xB0,
    0x66, 0xFE, 0xAC, 0xA6, 0xDD, 0x3C, 0x0F, 0xFC, 0xE5, 0x39, 0x9D, 0x59, 0x0F, 0x72, 0xD6, 0xB5,
    0x5D, 0x1D, 0xD0, 0x99, 0x92, 0x6C, 0x5D, 0x95, 0x31, 0x1C, 0xAD, 0xF2, 0x8C, 0x82, 0x14, 0x47,
    0x68, 0xF7, 0x84, 0x30, 0x9D, 0x7D, 0x08, 0x4B, 0x7F, 0x0A, 0x7F, 0x35, 0x21, 0xC2, 0xF8, 0x01,
    0x74, 0xE8, 0x98, 0xEE, 0xD3, 0x16, 0x6F, 0x42, 0x56, 0x0C, 0x16, 0x6A, 0x31, 0xFA, 0xE5, 0x44,
    0x2D, 0xF2, 0x70, 0xA0, 0xB5, 0x24, 0xEA, 0xC4, 0x36, 0xA0, 0x73, 0x88, 0x45, 0x70, 0x7C, 0xCA,
    0x55, 0xC0, 0x64, 0xB3, 0xEC, 0x48, 0xE5, 0x58, 0xF4, 0x52, 0x59, 0xD4, 0x25, 0x30, 0xFD, 0xE2,
    0x9E, 0xF3, 0x54, 0xA1, 0x81, 0x3A, 0x30, 0xBB, 0x40, 0x82, 0xDE, 0x27, 0x1B, 0x22, 0xB3, 0x31,
    0x57, 0x84, 0xE4, 0x29, 0x7B, 0x13, 0x24, 0x29, 0xD5, 0x7E, 0x46, 0x83, 0xFD, 0x08, 0x6C, 0xC6,
    0x5A, 0xDE, 0xE3, 0xB5, 0x97, 0x28, 0x13, 0x88, 0x8D, 0x0B, 0x28, 0x65, 0x6F, 0x2A, 0xFC, 0x9B,
    0xDD, 0xD6, 0x00, 0x9A, 0xDF, 0x8F, 0x54, 0xC4, 0xD7, 0x99, 0x05, 0x88, 0x19, 0xA9, 0x99, 0x13,
    0x20, 0xFA, 0xDB, 0xC8, 0xC7, 0x73, 0xA4, 0x8D, 0x22, 0x46, 0x83, 0x58, 0x4A, 0xCC, 0xD7, 0xE2,
    0x7A, 0x3B, 0x15, 0x5C, 0x6D, 0xA3, 0x85, 0xDE, 0x81, 0xFE, 0x87, 0x45, 0x1F, 0xD8, 0x3C, 0x1E,
    0xC3, 0x09, 0xFD, 0x86, 0x06, 0x0C, 0x26, 0x60, 0x58, 0x30, 0x01, 0xD0, 0x82, 0x09, 0xE8, 0x06,
    0xD3, 0xC0, 0x45, 0x98, 0x68, 0xC4, 0xD0, 0xC5, 0x32, 0x50, 0x5B, 0x40, 0x3C, 0xFC, 0x96, 0x2C,
    0xE2, 0xD9, 0x3A, 0x99, 0x77, 0x6D, 0x1E, 0x11, 0x8D, 0x7C, 0x69, 0xA0, 0x74, 0x46, 0x80, 0xC9,
    0x1B, 0x9C, 0xE7, 0x5E, 0x75, 0xD9, 0x9A, 0x67, 0x73, 0x96, 0x1B, 0xAC, 0xAD, 0x49, 0x1B, 0x90,
    0x34, 0x7D, 0xDA, 0xE3, 0xB8, 0x36, 0x1A, 0x8A, 0x1A, 0x17, 0xD4, 0xD1, 0x80, 0xEA, 0xF0, 0x03,
    0xF1, 0xE5, 0x44, 0x5C, 0x71, 0x20, 0xDA, 0xC8, 0x63, 0x9C, 0xEE, 0xA9, 0xE9, 0x1F, 0x0B, 0xE0,
    0xE0, 0x38, 0x80, 0x70, 0x3B, 0x80, 0xC3, 0x9D, 0x8B, 0x13, 0x75, 0x8F, 0xCC, 0x28, 0x43, 0x65,
    0x49, 0x83, 0x1B, 0xB1, 0x2D, 0x74, 0x88, 0x22, 0x6B, 0x11, 0xE8, 0x33, 0x02, 0xD8, 0x76, 0x74,
    0x82, 0xA3, 0x52, 0x99, 0xE1, 0x50, 0xF0, 0x20, 0x00, 0x62, 0xC5, 0xCF, 0x95, 0x4B, 0xBF, 0xC6,
    0x51, 0xD1, 0x37, 0xC5, 0xB0, 0x37, 0x71, 0xFD, 0x18, 0xD3, 0xFC, 0xD7, 0xD4, 0xE1, 0xB7, 0x16,
    0x46, 0x1A, 0xA2, 0x4E, 0x20, 0xA2, 0x02, 0x7A, 0x4F, 0x9D, 0xF1, 0x94, 0x3A, 0xFC, 0x83, 0xC2,
    0x23, 0x79, 0x47, 0xCF, 0x5A, 0x13, 0xFE, 0x02, 0x81, 0x79, 0x12, 0xC6, 0x22, 0x29, 0xD1, 0xC6,
    0x22, 0x21, 0x9D, 0x32, 0xAB, 0xDD, 0x46, 0x77, 0x66, 0x67, 0x55, 0xBC, 0xC5, 0xC6, 0xB8, 0xF7,
    0x3C, 0xC7, 0x75, 0x9C, 0x90, 0x49, 0x6C, 0x4C, 0x08, 0x94, 0xD6, 0x6B, 0x9C, 0x28, 0x95, 0x00,
    0x52, 0x77, 0x5B, 0x0C, 0x1F, 0x65, 0xD2, 0xE9, 0xE3, 0xF0, 0xBC, 0xAA, 0x91, 0xD2, 0x00, 0x6D,
    0x18, 0xFF, 0xA2, 0x36, 0x3E, 0xEA, 0x99, 0x1A, 0x3E, 0x81, 0x61, 0x15, 0x76, 0xE9, 0xED, 0x2C,
    0x5B, 0x20, 0x6E, 0xF9, 0xAB, 0xBD, 0x09, 0xA7, 0x82, 0x15, 0x71, 0x3A, 0xE5, 0x31, 0x33, 0x28,
    0x66, 0x5B, 0x18, 0x97, 0x47, 0xEE, 0xEC, 0x08, 0x98, 0xF1, 0x76, 0x30, 0xE9, 0x87, 0x99, 0xE8,
    0x0C, 0xF2, 0x4B, 0xB8, 0xBC, 0x69, 0xCD, 0xB4, 0x8E, 0x85, 0x72, 0x7E, 0xB7, 0x78, 0x9D, 0xE7,
    0x64, 0xFB, 0x62, 0x80, 0x9B, 0x02, 0xFD, 0x7B, 0x04, 0xA7, 0x44, 0xD9, 0x8B, 0x15, 0x68, 0x6C,
    0x37, 0x0A, 0xD7, 0xC1, 0xBD, 0x53, 0x10, 0x3B, 0x55, 0x2B, 0x0E, 0x75, 0x6B, 0x8A, 0xB6, 0x8F,
    0xBB, 0x2E, 0x2E, 0xE5, 0xC7, 0xBA, 0xE4, 0x22, 0x20, 0xBA, 0xA4, 0x3F, 0x45, 0x89, 0x2C, 0x71,
    0x86, 0x56, 0x9C, 0xA0, 0x22, 0xA9, 0x39, 0xA7, 0x35, 0x10, 0x28, 0x6D, 0x70, 0x48, 0xF2, 0x2E,
    0xAE, 0x49, 0x3E, 0x60, 0xC1, 0x3E, 0x84, 0x37, 0x31, 0x9D, 0x89, 0x99, 0xC3, 0x88, 0x67, 0x46,
    0x74, 0x39, 0xDC, 0xA4, 0x5B, 0x04, 0x24, 0xF5, 0x48, 0x31, 0x79, 0xC6, 0x11, 0x15, 0xC5, 0xD0,
    0x24, 0x65, 0xA1, 0x3B, 0x4F, 0x3F, 0xC7, 0xAC, 0x8C, 0x19, 0xFE, 0x19, 0x20, 0x09, 0xEB, 0xF5,
    0xD9, 0x49, 0xD8, 0xFD, 0xB4, 0xB3, 0xB5, 0x11, 0xD0, 0x58, 0x99, 0x24, 0xA0, 0xB7, 0x27, 0xF0,
    0xD3, 0x48, 0x59, 0x4C, 0x85, 0x05, 0x35, 0xCD, 0x7F, 0x2A, 0x5E, 0xE1, 0xBB, 0x13, 0x71, 0x3A,
    0xE8, 0xB2, 0xDF, 0x97, 0x94, 0x45, 0xA3, 0x18, 0xEB, 0xBE, 0xD5, 0xD1, 0x3C, 0xF4, 0x6A, 0x44,
    0x9D, 0x34, 0x1C, 0xE7, 0x4E, 0x89, 0x73, 0x99, 0x73, 0xA9, 0x73, 0xB9, 0x73, 0xC9, 0x73, 0xD9,
    0x73, 0xE9, 0x73, 0xF9, 0x73, 0x09, 0x74, 0x19, 0x74, 0x29, 0x74, 0x39, 0x74, 0x49, 0x74, 0x59,
    0x74, 0x69, 0x74, 0x79, 0x74, 0x89, 0x74, 0x99, 0x74, 0xAB, 0x8C, 0x72, 0xE9, 0x92, 0xE9, 0xB2,
    0xB9, 0xA6, 0xD3, 0x61, 0x10, 0xB7, 0x07, 0xAD, 0x0E, 0x51, 0xB3, 0x8D, 0x41, 0x6E, 0x45, 0x1C,
    0xC8, 0x9E, 0xAC, 0x6E, 0x4C, 0xCE, 0x44, 0x22, 0xAB, 0x12, 0x02, 0x52, 0xCA, 0x9D, 0x4B, 0x8F,
    0xD2, 0x4A, 0xD3, 0x82, 0x7B, 0xB3, 0xA3, 0xDD, 0x89, 0xDB, 0xC1, 0xC8, 0x75, 0x71, 0xE4, 0x88,
    0x8D, 0xEE, 0x9C, 0x75, 0x91, 0xEA, 0x36, 0xBB, 0x6C, 0xB7, 0x3A, 0xC1, 0x90, 0xD9, 0x66, 0xEC,
    0x32, 0x6E, 0x69, 0x5B, 0x4B, 0x1A, 0x2F, 0xE6, 0xBD, 0xBC, 0x16, 0xB7, 0x76, 0xB6, 0x84, 0x24,
    0xC7, 0x9D, 0x36, 0xAF, 0x6A, 0x7B, 0xDD, 0xD6, 0xDC, 0x58, 0xA9, 0xE8, 0xD2, 0xC1, 0xE6, 0x5E,
    0x6E, 0x1D, 0xE4, 0xC1, 0x0D, 0x69, 0x4D, 0x7E, 0xB2, 0x85, 0x1E, 0x72, 0x07, 0x78, 0xD5, 0x95,
    0x9D, 0x2D, 0xD1, 0x6D, 0x84, 0x49, 0xD6, 0xB8, 0xAF, 0x9C, 0x14, 0xA9, 0xAB, 0x80, 0x1C, 0xB6,
    0x56, 0xC0, 0x6D, 0xCF, 0x53, 0xE6, 0x3F, 0x63, 0x9B, 0xC8, 0x38, 0x34, 0xAE, 0x56, 0xE4, 0x7D,
    0xEC, 0x78, 0xC0, 0x0D, 0x48, 0xDE, 0x76, 0xE4, 0x94, 0x60, 0xDE, 0xC9, 0x03, 0xB7, 0xE6, 0xE9,
    0xC3, 0x1B, 0x78, 0x36, 0x3F, 0x3C, 0x9E, 0xA7, 0xA7, 0x3A, 0xBB, 0x54, 0xBD, 0xA8, 0xAE, 0xCC,
    0xF2, 0xC1, 0xB6, 0x06, 0x79, 0x45, 0xAC, 0x70, 0x9F, 0x75, 0x3E, 0x1D, 0x47, 0x9A, 0x85, 0x25,
    0x8D, 0x19, 0xD2, 0x27, 0xB6, 0x24, 0xF5, 0x15, 0xA7, 0x53, 0x49, 0xA7, 0xB7, 0xF8, 0x17, 0xB6,
    0x19, 0xFE, 0x85, 0x1E, 0xE3, 0x5F, 0xDC, 0x06, 0x20, 0x87, 0x81, 0xEC, 0x7A, 0xE4, 0xBE, 0x9D,
    0xB1, 0xAA, 0x10, 0xBE, 0x3B, 0xF7, 0x18, 0x31, 0x4B, 0xE1, 0xB4, 0x37, 0x61, 0xB0, 0x22, 0x2C,
    0xA9, 0x54, 0x5A, 0x83, 0x6F, 0x11, 0x08, 0xA4, 0x97, 0x45, 0x3B, 0x43, 0x77, 0xCD, 0xE8, 0x98,
    0xA4, 0x8B, 0x26, 0x3C, 0xD2, 0xC3, 0x62, 0x8C, 0xA5, 0xF3, 0xA9, 0xF4, 0x48, 0x52, 0xF4, 0x81,
    0x2B, 0x14, 0x0B, 0x2F, 0x51, 0x87, 0x51, 0xD6, 0x4E, 0x43, 0x59, 0xF7, 0x98, 0xAE, 0x73, 0xD9,
    0x0B, 0x47, 0x56, 0x27, 0x1A, 0x58, 0x19, 0x48, 0x3B, 0x22, 0x09, 0x65, 0x1D, 0xAF, 0x80, 0xE6,
    0x4C, 0x3A, 0x34, 0x5A, 0x93, 0xB6, 0xB0, 0xA0, 0xF1, 0xF8, 0x70, 0xAF, 0xA7, 0xC0, 0x8B, 0xFB,
    0xA2, 0xC6, 0xBF, 0xF5, 0x15, 0xEE, 0xC3, 0x32, 0x57, 0x26, 0x47, 0x45, 0x47, 0xE2, 0xB5, 0x98,
    0x29, 0xF0, 0xD9, 0x4B, 0x6C, 0x05, 0x4A, 0xC5, 0x27, 0xFA, 0xE3, 0xF6, 0xCE, 0x53, 0x0B, 0xE8,
    0x5B, 0xB7, 0x9D, 0xD0, 0xE0, 0x5B, 0x05, 0x09, 0xF9, 0xEC, 0x74, 0xFE, 0xC9, 0xFE, 0x38, 0x3A,
    0xB7, 0x88, 0x75, 0x99, 0x6C, 0xD3, 0x24, 0x4A, 0xFC, 0x71, 0x93, 0xFC, 0x33, 0xA1, 0x9A, 0x35,
    0x27, 0xA0, 0x2D, 0xB3, 0x24, 0xD0, 0x51, 0x7B, 0x97, 0xBD, 0x72, 0x6E, 0x53, 0x74, 0xCB, 0xD3,
    0x26, 0xFC, 0x7A, 0xD4, 0xE7, 0x9F, 0xE3, 0x5E, 0x35, 0xCE, 0xFC, 0x5D, 0x0C, 0xD9, 0x80, 0x4F,
    0x0F, 0xBC, 0xEA, 0x8E, 0xBB, 0x07, 0xA7, 0x3D, 0x8F, 0x4B, 0xA0, 0xA8, 0xF1, 0x31, 0x6E, 0x41,
    0xC5, 0xBF, 0x63, 0x57, 0x4B, 0x28, 0x71, 0x54, 0x29, 0x7A, 0x4E, 0xA8, 0x80, 0x50, 0x1A, 0xD8,
    0xF4, 0xDC, 0xAF, 0xFC, 0x99, 0xFE, 0x79, 0xD6, 0x85, 0x2E, 0xBC, 0xAB, 0xD4, 0x64, 0xD4, 0x20,
    0x48, 0xC1, 0x20, 0x90, 0x11, 0x10, 0x3D, 0x92, 0xD7, 0x1F, 0x69, 0x4D, 0xBD, 0x26, 0x1F, 0x73,
    0x7B, 0x85, 0x60, 0x4B, 0x79, 0x03, 0xDD, 0x6E, 0xF3, 0x94, 0x55, 0xE7, 0x9D, 0x8A, 0xD2, 0x0D,
    0x98, 0x1B, 0x2E, 0xD7, 0xB9, 0xDE, 0xA5, 0x51, 0x87, 0xBA, 0xA3, 0x5B, 0x25, 0x5A, 0xFD, 0x97,
    0x10, 0x6E, 0x10, 0x02, 0x06, 0x1D, 0xFE, 0x7F, 0x64, 0x79, 0x1B, 0xA3, 0xE5, 0x9B, 0x01, 0x5F,
    0x0C, 0xB4, 0x06, 0xF2, 0xE5, 0xD8, 0x11, 0x04, 0xD2, 0x5B, 0x01, 0x13, 0x7D, 0xFB, 0xAA, 0xED,
    0xC2, 0x09, 0x4B, 0x45, 0x3C, 0x84, 0x68, 0x86, 0x4E, 0x6F, 0xAB, 0xF1, 0x9D, 0x61, 0x74, 0x67,
    0xF8, 0xE5, 0xE3, 0xC4, 0xA7, 0x77, 0x9F, 0x4C, 0x4D, 0xCE, 0x5E, 0x9B, 0x8D, 0xD3, 0x90, 0x70,
    0x96, 0x69, 0x95, 0x86, 0xC7, 0xF8, 0x55, 0x6A, 0x0D, 0x2B, 0xC8, 0x67, 0x26, 0xEC, 0x6A, 0x91,
    0x9B, 0x5D, 0x3B, 0x9D, 0x3B, 0x4E, 0x8D, 0xDD, 0x4E, 0x4D, 0xA9, 0xD4, 0xD4, 0xDC, 0x4E, 0xE1,
    0x04, 0x53, 0xD3, 0x2A, 0x35, 0xDD, 0x1A, 0x70, 0x7D, 0x32, 0xE0, 0x87, 0x44, 0x62, 0x77, 0xE6,
    0xA1, 0x8E, 0xC7, 0x0C, 0x52, 0x85, 0xD1, 0xA8, 0xAE, 0xC8, 0x70, 0x8B, 0x93, 0x2F, 0x61, 0xC5,
    0xE0, 0xB4, 0x41, 0xF3, 0xA2, 0x37, 0x30, 0x79, 0xE6, 0xFF, 0x02, 0xCD, 0x57, 0xBF, 0x8F, 0xDC,
    0xD6, 0x11, 0x1E, 0x92, 0x91, 0x17, 0x30, 0x0B, 0x22, 0x85, 0x90, 0x42, 0x88, 0xD8, 0x05, 0x31,
    0xE2, 0x88, 0xFF, 0x80, 0x24, 0x2E, 0x10, 0x20, 0x2E, 0x5C, 0x44, 0x85, 0x04, 0x17, 0x29, 0xDC,
    0xB8, 0x49, 0x75, 0x6D, 0x0A, 0x21, 0xDC, 0x20, 0x45, 0x8A, 0x14, 0x56, 0xEF, 0xC6, 0x85, 0x0B,
    0xC3, 0x8D, 0x1B, 0x97, 0xB9, 0x23, 0x63, 0xC1, 0x08, 0x12, 0x37, 0xEB, 0x00, 0x49, 0x93, 0x42,
    0x4C, 0x7C, 0xB1, 0x8A, 0x14, 0xA2, 0x03, 0x26, 0xE1, 0xC5, 0xE4, 0xBE, 0x7C, 0xDF, 0xCC, 0xE3,
    0x2E, 0xF7, 0xF4, 0xC3, 0x09, 0x6E, 0xB5, 0x5A, 0x42, 0x3B, 0x5C, 0xED, 0x91, 0xEF, 0xCD, 0x7C,
    0xEF, 0x9B, 0x99, 0x6F, 0x44, 0x22, 0xB7, 0x10, 0x89, 0x69, 0x12, 0x9A, 0xCC, 0x55, 0x22, 0xF9,
    0x23, 0x98, 0xF2, 0x08, 0xC6, 0x65, 0x95, 0x84, 0x03, 0xCC, 0xAC, 0x4F, 0x97, 0x92, 0xB4, 0x30,
    0x69, 0x93, 0xD6, 0x92, 0xD7, 0x30, 0xC5, 0xDF, 0x8E, 0x6A, 0x71, 0xCE, 0x35, 0x01, 0x4D, 0x44,
    0x33, 0xEB, 0x25, 0x69, 0x92, 0x0E, 0x26, 0x6D, 0xF0, 0x78, 0x5E, 0xC3, 0x14, 0x95, 0xC4, 0x9D,
    0x6C, 0xAE, 0xB0, 0x85, 0x89, 0x7B, 0x98, 0x84, 0x66, 0xD6, 0xC0, 0x64, 0xB5, 0x13, 0xD7, 0xAF,
    0xB0, 0xC6, 0x90, 0xB8, 0xA2, 0x4F, 0xBB, 0xA4, 0xCF, 0x9B, 0xB8, 0xCB, 0x97, 0x31, 0x5E, 0x4F,
    0xDA, 0xB2, 0x4A, 0x9A, 0xB2, 0x4A, 0xF1, 0xC9, 0xEB, 0xB2, 0x2A, 0x97, 0xC5, 0xBF, 0x5D, 0x95,
    0x3B, 0x57, 0x65, 0xAE, 0xA8, 0x66, 0x5D, 0xBE, 0x18, 0x97, 0x0E, 0xB0, 0x60, 0x34, 0x60, 0x4D,
    0x7C, 0xC2, 0xC9, 0x9E, 0x6E, 0x49, 0xD3, 0x8C, 0xBB, 0xC5, 0x35, 0x4C, 0xC1, 0xB7, 0xEE, 0x8E,
    0x4F, 0xEC, 0x0B, 0x86, 0xC0, 0xCD, 0x25, 0xA4, 0x3B, 0x09, 0x7C, 0x48, 0x70, 0xC7, 0xCF, 0xB2,
    0x82, 0x03, 0xAD, 0xF9, 0xB1, 0x0B, 0x20, 0x0A, 0x5B, 0x6A, 0xD0, 0xC8, 0xEF, 0x37, 0x1A, 0xDD,
    0x97, 0x73, 0xE2, 0xFD, 0xB9, 0xEE, 0x92, 0xCF, 0xFB, 0xC9, 0x71, 0x68, 0xE4, 0x3E, 0x76, 0x1F,
    0xBD, 0x8F, 0xDF, 0x23, 0xE0, 0x31, 0x30, 0x14, 0xC4, 0x70, 0x10, 0x43, 0x42, 0x0C, 0x0B, 0x31,
    0x34, 0xC4, 0xF0, 0x10, 0x43, 0x44, 0x14, 0x13, 0x9C, 0x89, 0xDD, 0x22, 0xBB, 0x29, 0x32, 0x78,
    0xAD, 0xD3, 0x9B, 0xA2, 0xC3, 0xD7, 0xF4, 0x36, 0x21, 0xCA, 0x4F, 0xEC, 0x30, 0x03, 0xF7, 0xCB,
    0x5A, 0x66, 0xEE, 0x93, 0xB9, 0x64, 0xBF, 0xC5, 0xE3, 0x27, 0x41, 0x3B, 0x71, 0x5C, 0xB1, 0x22,
    0x58, 0x5C, 0x7B, 0x10, 0xC2, 0x25, 0xC4, 0x4B, 0x08, 0x98, 0x10, 0x31, 0x21, 0x64, 0x42, 0xCC,
    0x84, 0xA0, 0x09, 0x51, 0x13, 0xC2, 0x26, 0xC4, 0x4D, 0x08, 0x9C, 0x10, 0x39, 0x31, 0xE8, 0x78,
    0x1C, 0x12, 0xD1, 0xF3, 0xA0, 0x61, 0xFC, 0x6F, 0xD0, 0x61, 0xC5, 0x6C, 0x83, 0xD8, 0x9E, 0x78,
    0x92, 0x62, 0xB1, 0x04, 0x9F, 0xE8, 0x2F, 0xD8, 0xE5, 0x0D, 0xBA, 0x89, 0xF8, 0xA7, 0xE1, 0xEF,
    0x80, 0x27, 0x9A, 0x0A, 0x08, 0x5D, 0xD7, 0xB3, 0x44, 0xF8, 0x48, 0x19, 0xB3, 0x64, 0x98, 0x7F,
    0x9D, 0x33, 0x76, 0x3E, 0x92, 0x4B, 0x7F, 0x8E, 0x2C, 0xC6, 0x15, 0xA3, 0x8A, 0x31, 0xC5, 0x88,
    0x62, 0x3C, 0x51, 0x9A, 0x18, 0x4B, 0x8C, 0x24, 0xC6, 0x11, 0xA3, 0x88, 0x31, 0xC4, 0x08, 0xA2,
    0x8C, 0x30, 0x7A, 0x18, 0x3B, 0x8C, 0x1C, 0xC6, 0x0D, 0xA3, 0x86, 0x31, 0x63, 0x4D, 0x8C, 0x4B,
    0xCA, 0x62, 0x3A, 0xF5, 0xB2, 0x3A, 0xDF, 0x20, 0x97, 0xDE, 0x5E, 0xC0, 0x9F, 0xDF, 0xC3, 0x91,
    0x4F, 0xEB, 0xE7, 0xCE, 0x90, 0xB1, 0x82, 0x0D, 0xA9, 0xA2, 0xC0, 0x0C, 0x4B, 0xA6, 0xB5, 0x4D,
    0xB1, 0x98, 0x39, 0x52, 0x28, 0xFB, 0x98, 0x9E, 0x5C, 0x96, 0xDB, 0x87, 0x81, 0x5D, 0xD4, 0x7C,
    0x5B, 0x92, 0xE1, 0xAE, 0x5C, 0xCD, 0x3A, 0x79, 0x75, 0x86, 0x05, 0xEE, 0xD0, 0xA1, 0x4A, 0xD2,
    0x07, 0xB5, 0x9C, 0x84, 0xBB, 0xE4, 0x15, 0xA3, 0x0F, 0x99, 0x39, 0xF1, 0x57, 0xD8, 0x37, 0xFB,
    0x0C, 0xE4, 0x29, 0xC7, 0x92, 0x74, 0x20, 0xDD, 0x26, 0xC4, 0xB6, 0x33, 0x14, 0xE1, 0xF4, 0x51,
    0x23, 0xC5, 0x2F, 0x3A, 0x54, 0xCA, 0x7E, 0x67, 0xC5, 0xF7, 0xC9, 0x5D, 0x28, 0xE2, 0xB6, 0x4C,
    0xE8, 0xE4, 0xDA, 0x35, 0x18, 0xB9, 0x01, 0xF3, 0xA7, 0x9E, 0x5C, 0xD1, 0x0A, 0xB9, 0xD8, 0x37,
    0x3C, 0xE1, 0x3D, 0x73, 0x27, 0x13, 0xB9, 0xF1, 0xD3, 0xBB, 0x92, 0x05, 0x9D, 0xA4, 0x24, 0x11,
    0x77, 0xBD, 0xBD, 0x2B, 0x26, 0x28, 0xA8, 0x37, 0x18, 0xF8, 0xD5, 0x43, 0x08, 0x3A, 0x78, 0x17,
    0xBB, 0x92, 0x0D, 0xBF, 0x86, 0x57, 0xAF, 0x6E, 0x82, 0x8E, 0x77, 0x1A, 0x74, 0xC6, 0x12, 0xF5,
    0x2D, 0xE6, 0x72, 0xCC, 0x88, 0xBE, 0xBF, 0x8E, 0xFC, 0xB3, 0xEE, 0xC5, 0x1D, 0xF7, 0xCF, 0xD8,
    0xA2, 0xED, 0xF3, 0xD8, 0x71, 0xEF, 0xAE, 0xA1, 0x68, 0xBA, 0xAD, 0x12, 0x2D, 0x81, 0x94, 0x34,
    0xC9, 0x0F, 0x37, 0x89, 0x98, 0x92, 0x6A, 0x92, 0xDC, 0x3B, 0xD6, 0x12, 0xC8, 0xDF, 0x03, 0x77,
    0xEF, 0x40, 0x4A, 0x63, 0x77, 0x0D, 0x9B, 0xF6, 0x72, 0xF5, 0x8A, 0x95, 0xC1, 0x1B, 0x72, 0x5D,
    0x7B, 0xDE, 0xCE, 0x11, 0x4A, 0xE5, 0x26, 0xCC, 0xE2, 0x58, 0x74, 0x3B, 0x4F, 0x86, 0x72, 0x7E,
    0x50, 0xA5, 0x31, 0x97, 0x63, 0x74, 0x3D, 0x06, 0xDF, 0xC2, 0x99, 0xE5, 0x0E, 0x13, 0xE3, 0xC9,
    0xA5, 0x11, 0x0F, 0x2D, 0x68, 0xE6, 0x52, 0xD0, 0x94, 0x7F, 0x44, 0x5F, 0x52, 0xCC, 0x1D, 0x71,
    0x71, 0xCA, 0x13, 0xAD, 0xD8, 0x77, 0x6E, 0xF3, 0x34, 0x5B, 0x1A, 0x1E, 0x8B, 0x1D, 0xEB, 0xE8,
    0x7E, 0xA7, 0x4A, 0x54, 0x75, 0x28, 0x7D, 0xFD, 0xE7, 0x1D, 0x08, 0x46, 0x37, 0xF6, 0x6F, 0xDD,
    0x62, 0x72, 0xE5, 0xF3, 0xB1, 0x53, 0xEB, 0xEF, 0xDA, 0x9A, 0x62, 0xF0, 0xB5, 0x74, 0x4B, 0x2E,
    0x1E, 0xBB, 0x0F, 0xDB, 0xB4, 0x43, 0x68, 0x35, 0x60, 0x5B, 0x16, 0x0D, 0xFC, 0xAA, 0x4B, 0x2C,
    0x51, 0xBA, 0x33, 0xB8, 0x87, 0xC7, 0xF0, 0x66, 0x71, 0xF6, 0x21, 0x97, 0xC5, 0x49, 0x39, 0xF8,
    0x77, 0x2A, 0x5B, 0xE1, 0xAD, 0xEC, 0x33, 0x99, 0x3F, 0x72, 0xBA, 0x96, 0xF7, 0xFE, 0x01, 0x09,
    0x69, 0x54, 0x28, 0xA7, 0xEB, 0x27, 0xF6, 0x05, 0x43, 0xB8, 0xB2, 0xBE, 0x1F, 0x68, 0x06, 0x91,
    0x5D, 0x0B, 0x9B, 0x14, 0xBC, 0x04, 0xB8, 0x30, 0x10, 0x27, 0x21, 0xD3, 0xEE, 0xEF, 0x4B, 0x3A,
    0x57, 0x49, 0xF2, 0x67, 0x6C, 0x9A, 0xCC, 0x4F, 0xF6, 0x1D, 0x66, 0x72, 0x7A, 0x13, 0xDF, 0x06,
    0x84, 0xD2, 0xCB, 0x50, 0x36, 0x72, 0xEB, 0xD2, 0x5C, 0x76, 0x74, 0xCE, 0x3A, 0xEF, 0x28, 0x89,
    0xB2, 0x96, 0xD5, 0xAC, 0xEC, 0x6F, 0xF1, 0xB0, 0xF9, 0x35, 0x59, 0x66, 0xB2, 0x75, 0xA2, 0x16,
    0xAB, 0x05, 0x6B, 0xD1, 0x5A, 0xB8, 0x16, 0xAF, 0x06, 0x6C, 0x11, 0x5B, 0xC8, 0x16, 0xB3, 0x05,
    0x6D, 0x51, 0x5B, 0xD8, 0x16, 0xB7, 0x05, 0x6E, 0x91, 0x5B, 0xE8, 0x16, 0xBB, 0x05, 0x6F, 0xD1,
    0x4F, 0xC8, 0xFE, 0xBE, 0x28, 0x07, 0x23, 0xF7, 0x3A, 0xEA, 0x85, 0xFB, 0x04, 0x7F, 0xFA, 0x15,
    0x3C, 0x1F, 0xC2, 0x66, 0x9A, 0x0B, 0xC4, 0x83, 0x80, 0xD8, 0x9E, 0x84, 0x44, 0x88, 0x89, 0x10,
    0x14, 0x21, 0x2A, 0xF4, 0x1D, 0x8A, 0x98, 0xAB, 0x12, 0x18, 0x45, 0x46, 0xA1, 0x51, 0x6C, 0x14,
    0x1C, 0x45, 0xC7, 0xE0, 0x31, 0xCE, 0xAB, 0xB3, 0x77, 0x33, 0xF8, 0x79, 0xB9, 0xEC, 0x3D, 0x36,
    0x1B, 0x68, 0xF6, 0xC5, 0x81, 0x6C, 0x61, 0x04, 0x9F, 0xDD, 0x77, 0xF3, 0xE0, 0x4D, 0xFE, 0x8A,
    0xF8, 0xA7, 0xE1, 0xEF, 0x80, 0x0B, 0xFD, 0xFA, 0x14, 0x35, 0x93, 0xAF, 0x31, 0xD5, 0x3B, 0x4E,
    0x1C, 0xF7, 0x24, 0xEA, 0x87, 0x17, 0x11, 0xF5, 0x7A, 0x48, 0xAA, 0xC7, 0x21, 0x29, 0xAC, 0xB1,
    0x56, 0x82, 0x2C, 0x74, 0xBF, 0x83, 0x1B, 0x6F, 0x93, 0x03, 0xD1, 0xF3, 0xE4, 0x80, 0xBF, 0xCA,
    0x1F, 0x54, 0x6C, 0xC2, 0x0B, 0x89, 0x7E, 0xB3, 0xDA, 0xAA, 0x83, 0xDA, 0xFA, 0xDA, 0x13, 0xFA,
    0x79, 0x79, 0xDF, 0xE0, 0xCC, 0xEA, 0xEB, 0x92, 0x62, 0x0A, 0xBA, 0x51, 0xB4, 0x72, 0x3D, 0x5E,
    0x4A, 0x70, 0x87, 0x2D, 0x17, 0xCF, 0x3D, 0xA8, 0xB6, 0x50, 0xB9, 0x30, 0x35, 0xF2, 0x4E, 0x2B,
    0x03, 0xEB, 0x2D, 0x96, 0x42, 0x8F, 0x9C, 0x4B, 0x5A, 0xA5, 0xD5, 0xDE, 0xB9, 0xF0, 0xAC, 0x9E,
    0x17, 0xE2, 0x6B, 0xCC, 0xF9, 0xF6, 0x11, 0x14, 0xC4, 0x6B, 0x6D, 0xD0, 0x07, 0xBD, 0x3C, 0xEF,
    0x5E, 0x18, 0x22, 0xC4, 0x88, 0xB2, 0x22, 0xA1, 0x74, 0xC3, 0xDB, 0xAB, 0x4D, 0xEB, 0x29, 0x1D,
    0x45, 0xCC, 0x12, 0x77, 0x8C, 0xA5, 0x83, 0x05, 0x07, 0xC5, 0xA6, 0xF1, 0x65, 0x0D, 0x35, 0x1E,
    0x3E, 0x78, 0x2D, 0xE7, 0xA6, 0xBE, 0x73, 0x11, 0x31, 0x7C, 0x88, 0x57, 0xE8, 0x58, 0x33, 0xE7,
    0xF0, 0xA5, 0xD6, 0xA5, 0xC8, 0x68, 0x29, 0xB0, 0x1C, 0xF0, 0x43, 0x19, 0x6C, 0xB9, 0x06, 0x60,
    0x78, 0x45, 0x2C, 0x67, 0xF1, 0x0A, 0xDE, 0x80, 0x73, 0x90, 0x23, 0x40, 0x15, 0xFF, 0x40, 0x79,
    0x6C, 0x89, 0x7F, 0xD8, 0x10, 0xCF, 0x66, 0x35, 0x77, 0xC3, 0x66, 0xBA, 0xD7, 0x73, 0xF0, 0xCD,
    0x5F, 0x94, 0x5D, 0x5C, 0x2E, 0xC5, 0x27, 0x66, 0xD6, 0xC2, 0xA4, 0xEA, 0x44, 0x3C, 0x3E, 0x64,
    0x4E, 0x00, 0x6C, 0x9C, 0x18, 0x8A, 0x99, 0x39, 0xAF, 0x9E, 0x9B, 0xF3, 0xF1, 0xDA, 0xF9, 0xC6,
    0x37, 0x06, 0x32, 0x62, 0xE1, 0x5F, 0xD2, 0xB3, 0x2F, 0xCF, 0xC8, 0x74, 0xE3, 0x1D, 0x42, 0x39,
    0x2B, 0x5B, 0xE8, 0xCD, 0xA4, 0x9F, 0xAD, 0xF0, 0x32, 0xD4, 0x5F, 0x34, 0x60, 0xCB, 0x68, 0x40,
    0x28, 0xD1, 0x80, 0x58, 0x60, 0xD0, 0xC0, 0x7B, 0x98, 0xB8, 0x07, 0x84, 0x89, 0x1A, 0x88, 0x3D,
    0xC4, 0x8A, 0xBF, 0x16, 0x75, 0xD6, 0x06, 0xAE, 0x4A, 0x57, 0x47, 0x6E, 0x8E, 0x35, 0x07, 0x84,
    0xC7, 0x56, 0x95, 0xAD, 0xE6, 0x5B, 0x65, 0x85, 0xDE, 0x67, 0xAA, 0x29, 0x69, 0x94, 0xFC, 0x57,
    0x06, 0xCA, 0xF3, 0x8A, 0xD4, 0x4A, 0x56, 0x45, 0x9B, 0xB5, 0x58, 0xB4, 0x8E, 0xBB, 0xA2, 0xC2,
    0x36, 0x55, 0xDC, 0x95, 0x8B, 0x84, 0x9F, 0xB6, 0x5C, 0x98, 0x92, 0x2C, 0xFE, 0xA5, 0x2A, 0x72,
    0x9E, 0x60, 0x8F, 0x60, 0x02, 0x19, 0x05, 0x4B, 0xE4, 0x8C, 0x5A, 0x46, 0x5A, 0xEA, 0x49, 0xCD,
    0x64, 0xEC, 0xB6, 0xF0, 0x7C, 0xD7, 0x24, 0x8A, 0xC8, 0xBC, 0xA8, 0x5E, 0x57, 0xA5, 0x3D, 0xC1,
    0xB0, 0x91, 0x59, 0xD5, 0x5A, 0x66, 0x05, 0xF0, 0x31, 0xF0, 0xA7, 0xB3, 0x03, 0x20, 0x82, 0xF7,
    0x46, 0xF6, 0xC4, 0xAB, 0x54, 0x07, 0x06, 0x96, 0xD3, 0x92, 0x5F, 0xC3, 0x6E, 0xB6, 0x94, 0xED,
    0x8B, 0x81, 0x5B, 0xE4, 0x16, 0xBA, 0xC6, 0x2E, 0x1A, 0xBC, 0x68, 0xF4, 0xA2, 0xE1, 0x8B, 0xC6,
    0x2F, 0x0A, 0x80, 0x28, 0x02, 0xA2, 0x10, 0x88, 0x62, 0x20, 0x0A, 0x82, 0xDA, 0x4E, 0x14, 0x06,
    0x51, 0x1C, 0x44, 0x81, 0x10, 0x45, 0x42, 0x14, 0x0A, 0x8F, 0xC5, 0x86, 0x13, 0x53, 0x35, 0x12,
    0x3F, 0x4D, 0x8D, 0x10, 0x15, 0xC2, 0x62, 0x05, 0x8F, 0xC0, 0x08, 0x91, 0x11, 0x42, 0x23, 0xC4,
    0x86, 0xA6, 0x13, 0xA2, 0x43, 0xD3, 0x0A, 0xF1, 0x11, 0x02, 0x24, 0x44, 0xC8, 0x6A, 0x2A, 0x31,
    0xF2, 0x20, 0x69, 0x99, 0xCB, 0x55, 0x34, 0xBD, 0x4E, 0xAA, 0x1C, 0x39, 0x8F, 0xD0, 0x79, 0x80,
    0xF6, 0x44, 0x8B, 0x2D, 0x49, 0xF2, 0xE3, 0x27, 0x48, 0x92, 0x1D, 0xD0, 0x42, 0xB3, 0x5D, 0xBE,
    0xA7, 0xAD, 0x26, 0xAA, 0x48, 0x0E, 0x95, 0xAA, 0xEE, 0xBB, 0x0C, 0x33, 0x53, 0x72, 0xC4, 0x07,
    0x46, 0x8E, 0x73, 0x82, 0x25, 0xA0, 0x60, 0xF9, 0xD1, 0x96, 0x60, 0x79, 0xBE, 0x34, 0xB1, 0x2B,
    0x3D, 0x6D, 0xA9, 0xD4, 0xB1, 0xD3, 0x47, 0x47, 0x00, 0x22, 0xE0, 0xE0, 0x9B, 0x92, 0x30, 0x05,
    0x9A, 0x37, 0x40, 0xAB, 0x5E, 0x00, 0x61, 0x54, 0xB0, 0x24, 0x10, 0x2C, 0xD7, 0x26, 0x82, 0x65,
    0x46, 0x71, 0x7B, 0x4E, 0xB0, 0x5C, 0x98, 0x38, 0xB1, 0xD3, 0x70, 0x39, 0xAC, 0xA0, 0x65, 0x04,
    0x2B, 0x1C, 0xC7, 0xAC, 0x9D, 0x35, 0x7B, 0x0E, 0xF7, 0xD9, 0xDD, 0x23, 0x9A, 0x08, 0x96, 0x72,
    0x22, 0x58, 0x9E, 0x5B, 0x57, 0x21, 0x99, 0x37, 0xD3, 0x5A, 0x34, 0x98, 0x67, 0x06, 0xCA, 0xCB,
    0x6B, 0x77, 0x99, 0x36, 0x00, 0xC8, 0x29, 0x44, 0x1F, 0xAF, 0x34, 0x87, 0xBE, 0xEA, 0x35, 0x89,
    0x10, 0x18, 0x81, 0xC2, 0x13, 0x80, 0x8A, 0x3D, 0xCA, 0xF2, 0xC8, 0x27, 0x92, 0xCF, 0x24, 0x9F,
    0x4A, 0x3E, 0x97, 0xD6, 0xB7, 0x8A, 0x0F, 0xEB, 0xAD, 0x15, 0x9F, 0x4F, 0x3E, 0xA1, 0xF0, 0x95,
    0x19, 0xE5, 0x53, 0xCA, 0xE7, 0xD4, 0x98, 0x54, 0x00, 0xD2, 0xDC, 0xB2, 0x69, 0x31, 0xD7, 0xD6,
    0x47, 0x39, 0xA2, 0xFD, 0x07, 0x8F, 0xBD, 0xBB, 0x19, 0x3B, 0xAF, 0x0C, 0x91, 0x42, 0xF7, 0x69,
    0xCF, 0x54, 0xB2, 0x5C, 0xA2, 0x1A, 0x66, 0x32, 0x59, 0x36, 0x59, 0x3A, 0x59, 0x3E, 0x59, 0x42,
    0x59, 0x46, 0x59, 0x4A, 0x59, 0x4E, 0x59, 0x52, 0xF9, 0x51, 0x57, 0xD3, 0x6A, 0x0D, 0x6B, 0x61,
    0x49, 0x93, 0xDB, 0xFF, 0x92, 0x7A, 0x2D, 0x78, 0x64, 0xA2, 0x09, 0x0F, 0x14, 0x40, 0x13, 0x52,
    0xAA, 0xB0, 0x31, 0xCC, 0x8D, 0x8A, 0x16, 0xD7, 0x89, 0x7C, 0x30, 0x01, 0x70, 0x35, 0x01, 0xB0,
    0x55, 0x00, 0x17, 0x04, 0xB0, 0xDF, 0x0D, 0x80, 0x33, 0xCF, 0x39, 0x63, 0xA0, 0x69, 0x9B, 0xB1,
    0xC6, 0xAB, 0xBE, 0xF1, 0x0A, 0x67, 0xAA, 0x71, 0x0E, 0x13, 0xCE, 0x50, 0x6F, 0x91, 0xCE, 0x20,
    0x81, 0x4D, 0x42, 0x49, 0x75, 0x8E, 0x9B, 0x50, 0x47, 0x8F, 0x73, 0xB3, 0x53, 0x68, 0xEB, 0xF3,
    0xDC, 0xEC, 0x2F, 0xCC, 0xCD, 0x2F, 0x5A, 0xFD, 0x9F, 0x7A, 0x19, 0x39, 0xFD, 0x75, 0xF6, 0x85,
    0x9B, 0x6F, 0xB7, 0xC6, 0xC3, 0x04, 0x33, 0x3E, 0xBD, 0xA9, 0x73, 0xE4, 0xA0, 0x63, 0x13, 0x69,
    0x39, 0x94, 0xFC, 0xFB, 0xAD, 0x4B, 0x73, 0xF7, 0x14, 0x6E, 0x36, 0x1B, 0x6E, 0xEE, 0x28, 0xB9,
    0x0F, 0xB7, 0xF4, 0x6D, 0x5D, 0xB1, 0x25, 0x46, 0xD6, 0x4C, 0x6F, 0xE9, 0x3A, 0x84, 0x0F, 0xFC,
    0x3C, 0xF8, 0x0C, 0xDA, 0x61, 0xD5, 0xDD, 0xD1, 0x6E, 0x72, 0x9D, 0xD8, 0xA6, 0xF3, 0x4D, 0x2E,
    0x0F, 0xBE, 0xDD, 0x44, 0x03, 0x7E, 0x98, 0xF5, 0x18, 0x1B, 0xE3, 0x1E, 0xA7, 0x18, 0x77, 0x70,
    0x2A, 0x69, 0x69, 0x1A, 0x00, 0x94, 0x36, 0x70, 0x20, 0x6B, 0x54, 0xF1, 0x60, 0xE3, 0x7C, 0x89,
    0x7D, 0xF3, 0x0A, 0xA6, 0xA8, 0x32, 0xAF, 0x73, 0xDC, 0x02, 0xB0, 0xB9, 0x79, 0xBE, 0xC4, 0x12,
    0x79, 0x83, 0x13, 0xC8, 0x56, 0x47, 0x50, 0x71, 0x2C, 0x51, 0x11, 0x95, 0x93, 0x14, 0x67, 0x5B,
    0xAE, 0x64, 0x3A, 0x23, 0x32, 0x1F, 0x35, 0x41, 0x0B, 0x4A, 0x8F, 0x1E, 0x3E, 0xC4, 0x1D, 0x4C,
    0xD2, 0x22, 0x79, 0xFD, 0xF6, 0x11, 0xB7, 0x87, 0x0F, 0x19, 0xA1, 0xC8, 0x97, 0xF4, 0xA1, 0xA2,
    0x0F, 0xB6, 0x7D, 0x4E, 0x53, 0xE2, 0xA4, 0x1E, 0x22, 0xDA, 0xDC, 0x3D, 0xC0, 0xD1, 0xB9, 0x37,
    0x2B, 0xAC, 0x92, 0x4E, 0xD5, 0x93, 0xD6, 0x51, 0xED, 0xA6, 0x5A, 0xDE, 0x7C, 0x23, 0xD0, 0x7E,
    0x95, 0x10, 0x87, 0x6F, 0xA8, 0x6E, 0xA7, 0x09, 0xF5, 0x21, 0x1E, 0xE0, 0x4B, 0x8B, 0x91, 0x72,
    0xFB, 0x02, 0x27, 0x20, 0xB9, 0x03, 0xAA, 0x61, 0x6B, 0xF9, 0xCA, 0x23, 0x6D, 0x68, 0xC7, 0xF4,
    0xE3, 0x2D, 0xEF, 0xCF, 0xEE, 0x61, 0x0A, 0xAD, 0x06, 0xF9, 0xD2, 0x9F, 0x18, 0x61, 0x73, 0x03,
    0xF0, 0x95, 0x8D, 0x02, 0xAD, 0x34, 0x6C, 0x37, 0xC7, 0x2E, 0xC9, 0x3F, 0x88, 0x05, 0xE4, 0x5B,
    0x8F, 0x35, 0xB0, 0x56, 0xC3, 0xC4, 0xC9, 0x21, 0xA8, 0x92, 0x46, 0x5F, 0xD4, 0x4D, 0x95, 0xFB,
    0x3C, 0x62, 0x20, 0xC0, 0x9A, 0xAB, 0x18, 0xE8, 0xC2, 0x2A, 0x72, 0x2B, 0xA5, 0x60, 0xB9, 0xD0,
    0x3A, 0xED, 0x16, 0xD1, 0xCA, 0xB0, 0xEE, 0xF5, 0x16, 0xEB, 0xAD, 0x4A, 0x5B, 0xD5, 0x82, 0x5A,
    0x6A, 0x72, 0x45, 0x0A, 0xA8, 0xAD, 0x8C, 0xC5, 0xA7, 0x5E, 0x75, 0xF4, 0x9B, 0x2C, 0x2B, 0x26,
    0x95, 0xFD, 0x96, 0xD7, 0x23, 0x49, 0x4B, 0xC0, 0xB2, 0x86, 0x88, 0x95, 0x80, 0x04, 0xA9, 0x4B,
    0xCC, 0x5C, 0x47, 0xD0, 0x58, 0x1E, 0x88, 0x9A, 0xC1, 0x66, 0xB8, 0x19, 0x70, 0xF0, 0x8F, 0xC9,
    0xA5, 0xD0, 0x19, 0x76, 0x06, 0x9E, 0xA1, 0x67, 0xF0, 0x6D, 0xF0, 0x93, 0x4D, 0x4E, 0x7B, 0x2F,
    0xF0, 0x48, 0xB5, 0xD1, 0x95, 0x07, 0x0C, 0xA0, 0xA1, 0x34, 0x53, 0x14, 0x43, 0x63, 0x80, 0x15,
    0xB5, 0x5C, 0x5E, 0x7A, 0xDF, 0x1E, 0x20, 0x80, 0xA9, 0x01, 0xB8, 0x54, 0x00, 0x17, 0x04, 0x50,
    0x59, 0xE7, 0xEE, 0xFD, 0x7F, 0x00, 0xD6, 0x4F, 0x04, 0xD0, 0x8B, 0x46, 0xC9, 0x4D, 0xEF, 0x7C,
    0xD3, 0x6E, 0x62, 0xB7, 0xB8, 0x9B, 0x16, 0xD0, 0xF4, 0xC0, 0xF9, 0xA8, 0x49, 0xEC, 0xB3, 0xD8,
    0x2B, 0x77, 0xEB, 0x07, 0xA6, 0x4C, 0x8F, 0x75, 0xCC, 0x7B, 0xEB, 0x6B, 0xB8, 0xD9, 0xEE, 0x90,
    0x9B, 0xAB, 0x77, 0x2A, 0xD5, 0x73, 0xDE, 0x59, 0xE5, 0x68, 0xF6, 0xCE, 0x70, 0xAE, 0x33, 0x1C,
    0x26, 0x98, 0xF1, 0x69, 0xA6, 0x7F, 0xE3, 0x8F, 0x85, 0x57, 0x1D, 0x7C, 0xE9, 0x56, 0x30, 0x8F,
    0x1F, 0x07, 0xD0, 0xB8, 0x39, 0x5F, 0x27, 0x37, 0x3C, 0xDE, 0x01, 0x80, 0x07, 0x5C, 0xFA, 0x1E,
    0xEF, 0xED, 0xBE, 0xB9, 0x8F, 0xDD, 0x5D, 0x36, 0xC7, 0xFC, 0xD2, 0x7B, 0x9B, 0x64, 0x67, 0xDB,
    0x02, 0x6A, 0xF5, 0xD7, 0xD2, 0xAE, 0xBB, 0x10, 0x6A, 0x5B, 0x9E, 0x59, 0x8D, 0x34, 0x6B, 0x15,
    0xDA, 0xE6, 0x1D, 0x1D, 0x77, 0x66, 0xDD, 0x7A, 0xD8, 0x39, 0xF6, 0x2F, 0x11, 0xAA, 0x4A, 0x1B,
    0x66, 0x56, 0xA3, 0x31, 0xA5, 0x0D, 0xEA, 0x7C, 0xD2, 0x64, 0x44, 0x1B, 0x60, 0xC6, 0x2D, 0x65,
    0xDE, 0x99, 0xA3, 0x8E, 0x1E, 0x68, 0x3A, 0xAE, 0xDD, 0x8C, 0xA2, 0x47, 0x73, 0xD0, 0x8D, 0x38,
    0xE8, 0xA6, 0x0A, 0xB5, 0x4A, 0x00, 0x85, 0x59, 0xEB, 0x9D, 0xAF, 0x2C, 0x9A, 0x99, 0x3A, 0x31,
    0xEA, 0xBC, 0xA8, 0xD3, 0x62, 0xD8, 0xCA, 0x58, 0xCC, 0xB1, 0xBB, 0x0A, 0x30, 0xDF, 0x4F, 0x33,
    0x1E, 0x33, 0x25, 0x62, 0x85, 0x83, 0xCD, 0x96, 0x58, 0x3B, 0xFD, 0x03, 0xD6, 0x4E, 0x3F, 0xC7,
    0x8A, 0xC9, 0x43, 0xAC, 0x98, 0x3C, 0x6A, 0x78, 0x54, 0x35, 0x93, 0xAE, 0xF2, 0x93, 0xD4, 0xCC,
    0x8D, 0xFD, 0x55, 0x37, 0xD6, 0xA0, 0x89, 0xE2, 0x77, 0x4C, 0xB4, 0x91, 0x1A, 0xC3, 0x58, 0x06,
    0xF7, 0x18, 0xF9, 0x96, 0x62, 0xD5, 0x16, 0xAA, 0xC6, 0x4A, 0xED, 0x53, 0x23, 0xCF, 0x2F, 0x1A,
    0x79, 0xF6, 0x65, 0x8F, 0xC8, 0xEF, 0x0F, 0x88, 0xFC, 0x35, 0x98, 0x21, 0xEC, 0xC6, 0x06, 0xA0,
    0xCE, 0xAC, 0xD6, 0xF3, 0xA7, 0x4E, 0x9F, 0xC5, 0x38, 0x72, 0xAE, 0x07, 0xCE, 0x3D, 0x22, 0xF4,
    0x3F, 0x6A, 0xC4, 0xFD, 0xB3, 0x04, 0x87, 0x74, 0x03, 0xFB, 0x0E, 0x9C, 0x7D, 0x10, 0x61, 0xF0,
    0x1F, 0x44, 0x18, 0x36, 0x63, 0xEE, 0xED, 0x33, 0x7B, 0x7E, 0xDE, 0xDA, 0x4C, 0x1B, 0x71, 0x78,
    0x99, 0x3D, 0xC4, 0xDB, 0xC1, 0xFC, 0xF2, 0x0B, 0xC3, 0xE5, 0xBF, 0xB5, 0x97, 0x31, 0xCC, 0xDE,
    0x46, 0x19, 0xC7, 0x7F, 0xF6, 0xA5, 0x18, 0xB0, 0x84, 0x3B, 0x24, 0x15, 0x28, 0x48, 0xB7, 0x2F,
    0x78, 0x61, 0x60, 0x48, 0x72, 0xA6, 0x11, 0x62, 0xE8, 0xD0, 0x0E, 0xCD, 0xD4, 0xA1, 0x0B, 0x03,
    0x5B, 0x19, 0x19, 0x4A, 0xED, 0x34, 0x42, 0x8C, 0x74, 0x62, 0x66, 0x43, 0x62, 0xC9, 0xC2, 0x46,
    0x13, 0x5F, 0xBE, 0x8E, 0x0C, 0x75, 0x41, 0x88, 0xA1, 0x03, 0x47, 0xE9, 0x82, 0x3A, 0xF4, 0x28,
    0x86, 0xB8, 0xCD, 0xD9, 0x0F, 0x77, 0xBE, 0x58, 0x79, 0xFB, 0xE9, 0x53, 0x94, 0xA5, 0x8F, 0xFD,
    0x3F, 0x3F, 0x77, 0xF7, 0xF8, 0xFF, 0x3C, 0xFF, 0x7B, 0xBF, 0xF7, 0xEE, 0xFD, 0xAE, 0xDC, 0xEA,
    0x8C, 0x0C, 0x46, 0xBA, 0x5E, 0xF8, 0xB2, 0x7F, 0xEB, 0x95, 0x5E, 0x64, 0x1E, 0x45, 0xBC, 0x44,
    0xC4, 0x7E, 0x9C, 0x14, 0x9B, 0xD0, 0x47, 0xC4, 0x7E, 0xB4, 0x57, 0x8D, 0x24, 0x0B, 0x8F, 0x1F,
    0x7D, 0x7E, 0x3C, 0x6D, 0xAE, 0xE7, 0xDE, 0x57, 0x71, 0x37, 0x22, 0x2E, 0x81, 0x6C, 0xB4, 0x92,
    0x4B, 0x65, 0x2D, 0x83, 0x5A, 0x6A, 0xAF, 0xBD, 0x99, 0x8C, 0x55, 0x6B, 0x15, 0xEA, 0xB9, 0xF1,
    0x7A, 0x32, 0x43, 0xCF, 0x69, 0xCF, 0x20, 0x8C, 0xF1, 0xEA, 0x31, 0xFB, 0xC5, 0x5A, 0xBB, 0x32,
    0x34, 0x93, 0x5A, 0x8C, 0xAD, 0x7D, 0x3F, 0x68, 0x2F, 0x98, 0x0F, 0x36, 0xCC, 0x7B, 0x2B, 0x6A,
    0x6D, 0x5D, 0x15, 0xE2, 0xF8, 0xDC, 0x0F, 0x8D, 0x1F, 0xD1, 0x53, 0x1C, 0xBF, 0x1D, 0xE8, 0xD5,
    0x1C, 0xE7, 0xB4, 0x53, 0xC1, 0x4C, 0xF5, 0x6C, 0xEC, 0xE9, 0x9C, 0x89, 0x73, 0x52, 0xCF, 0xF1,
    0x1E, 0xAB, 0x39, 0x06, 0x9A, 0x78, 0xDF, 0x9C, 0xDB, 0x17, 0x17, 0x1A, 0x4F, 0xC6, 0x14, 0x61,
    0x23, 0x06, 0xAE, 0xE8, 0x5F, 0x76, 0xAD, 0xA4, 0x4F, 0x42, 0xBA, 0x1B, 0xE3, 0x5D, 0xB8, 0x01,
    0xFC, 0x02, 0x78, 0x17, 0x08, 0x19, 0x45, 0x44, 0xB9, 0x40, 0xE4, 0xA5, 0x8A, 0xA8, 0x0F, 0x9A,
    0x08, 0xED, 0x00, 0xC6, 0x2E, 0x02, 0xB8, 0x0F, 0xAC, 0x40, 0xA0, 0x14, 0x09, 0x09, 0x4A, 0x64,
    0x29, 0x4A, 0xFF, 0x3C, 0xCA, 0x9F, 0xBC, 0x38, 0x71, 0xA9, 0xB1, 0x9D, 0x16, 0xB1, 0xC7, 0xE2,
    0xD1, 0x02, 0x06, 0xE8, 0x01, 0xC9, 0x28, 0x57, 0x1A, 0xE9, 0xDA, 0x18, 0x70, 0xDC, 0xD1, 0x8F,
    0x23, 0x71, 0x1C, 0xF8, 0x06, 0x34, 0x1D, 0x8D, 0xA3, 0x59, 0xD0, 0x1B, 0x7B, 0x58, 0x67, 0x66,
    0xFA, 0x8E, 0x9F, 0x43, 0x07, 0xDA, 0x9A, 0x69, 0x74, 0xE3, 0x64, 0xBA, 0x76, 0x68, 0x6C, 0x3F,
    0x99, 0xE8, 0xF7, 0x7E, 0xB4, 0xBD, 0x4B, 0x23, 0xF9, 0xEA, 0xA7, 0x74, 0x8D, 0xF9, 0xB2, 0xE9,
    0x32, 0x5D, 0xBA, 0xD2, 0xCC, 0x38, 0xA5, 0x1E, 0xE3, 0x40, 0x6B, 0x01, 0x25, 0x9E, 0x1E, 0xA0,
    0x91, 0x99, 0x15, 0x40, 0x3F, 0x5A, 0xD4, 0x02, 0xD0, 0xBE, 0xB7, 0x24, 0x69, 0x60, 0xEE, 0x2C,
    0xDA, 0xEE, 0xCE, 0xCD, 0xC5, 0x74, 0x00, 0x7D, 0x35, 0xDF, 0x67, 0x77, 0x9A, 0x7F, 0x87, 0x7E,
    0x88, 0xA5, 0xF7, 0x77, 0xFF, 0xF9, 0x99, 0xF8, 0x26, 0x2D, 0xF9, 0xFB, 0x1F, 0xCA, 0xB2, 0xAB,
    0x7A, 0xE3, 0xD7, 0x1F, 0x85, 0xF1, 0xE5, 0xA9, 0x5A, 0x7A, 0x7D, 0x16, 0xB6, 0x66, 0x82, 0x60,
    0xCE, 0xC2, 0x1A, 0x1D, 0x35, 0x9B, 0x3B, 0x9F, 0x07, 0x3D, 0x51, 0x3B, 0x73, 0xF3, 0x8B, 0xD0,
    0xDA, 0x24, 0xEB, 0xA5, 0xFF, 0x05, 0x63, 0x89, 0x75, 0x7E, 0xFA, 0xD9, 0x26, 0x1D, 0x1B, 0x46,
    0x3E, 0x10, 0xA1, 0x0C, 0x68, 0x19, 0x24, 0x50, 0x79, 0xAA, 0x95, 0xD6, 0x71, 0x14, 0xCF, 0x69,
    0xFD, 0xA7, 0x12, 0x4E, 0x55, 0x9C, 0x0A, 0x39, 0xD5, 0x72, 0x2A, 0xE7, 0x54, 0xD1, 0xA9, 0xA8,
    0xAB, 0xEE, 0x89, 0xAE, 0x31, 0x70, 0x48, 0x7B, 0x20, 0xC2, 0xA1, 0xEE, 0x2F, 0x61, 0xE4, 0x10,
    0xF8, 0x37, 0xDF, 0x73, 0x68, 0xFC, 0xD0, 0x8F, 0x1C, 0x32, 0xFF, 0xEE, 0x46, 0x0E, 0xA5, 0xEF,
    0xBB, 0x8D, 0x43, 0xEC, 0xFB, 0xFF, 0x58, 0x39, 0xF4, 0xBE, 0xFC, 0x28, 0x70, 0x48, 0x4E, 0x3A,
    0x0E, 0xD5, 0x95, 0x38, 0x0E, 0xE1, 0x85, 0x74, 0x60, 0x2C, 0x23, 0xC5, 0x8A, 0x5A, 0xD2, 0x78,
    0x33, 0xD1, 0x0E, 0x7C, 0x07, 0x30, 0xB7, 0x57, 0x44, 0x2D, 0x45, 0xA8, 0xBD, 0x9A, 0xB5, 0x8D,
    0xE9, 0xBA, 0xC6, 0xDE, 0xC7, 0x10, 0xF6, 0xB9, 0xDA, 0xA7, 0x59, 0x3D, 0xA5, 0x79, 0x33, 0xA4,
    0x88, 0x91, 0x14, 0x13, 0x88, 0x51, 0x6A, 0x4E, 0x71, 0x95, 0xA3, 0xEF, 0x8C, 0xD5, 0xB6, 0x71,
    0xCA, 0x97, 0x33, 0x81, 0x9F, 0xF6, 0x2F, 0x06, 0x8C, 0xDD, 0xD0, 0x53, 0x8E, 0x56, 0x5E, 0xDB,
    0x62, 0x69, 0x26, 0x82, 0x72, 0x71, 0xAE, 0xF1, 0x69, 0xB6, 0x9A, 0xD3, 0xBC, 0x5A, 0x32, 0x1F,
    0x29, 0xE6, 0x3E, 0x29, 0xCA, 0x90, 0xE2, 0x74, 0x47, 0x0D, 0xB1, 0x35, 0x03, 0x7F, 0xB4, 0xFC,
    0xC7, 0xAA, 0x3F, 0x4F, 0xF5, 0x6D, 0xD7, 0xE0, 0xAE, 0xE3, 0x79, 0x1E, 0xAE, 0x81, 0xA0, 0x84,
    0x26, 0xD0, 0x7A, 0xC6, 0x09, 0x19, 0xE8, 0x2D, 0x66, 0x4A, 0xDD, 0xC6, 0x47, 0x5A, 0x0A, 0x88,
    0x91, 0x65, 0xF4, 0x67, 0xAA, 0x80, 0x5A, 0x29, 0x05, 0x24, 0xB5, 0xD5, 0x8A, 0x9E, 0x31, 0x6E,
    0xFF, 0xA3, 0x80, 0x4B, 0x00, 0x95, 0x03, 0x65, 0x9B, 0xB9, 0x70, 0xCD, 0xDC, 0xCC, 0xF5, 0xA2,
    0xD6, 0xCA, 0xB5, 0x0E, 0xE9, 0x52, 0x90, 0x71, 0x6A, 0x83, 0x7A, 0x69, 0x66, 0x28, 0xA5, 0x9F,
    0xD0, 0xC3, 0x28, 0x5D, 0x30, 0x93, 0x0E, 0xE5, 0x96, 0x5B, 0x3D, 0xF4, 0x42, 0xA0, 0x90, 0xDE,
    0x42, 0x95, 0x64, 0xA2, 0x7D, 0x15, 0xA0, 0xB7, 0x85, 0x50, 0x48, 0x72, 0xAA, 0xB8, 0x5E, 0xDA,
    0x37, 0xBE, 0x99, 0xAB, 0x25, 0xE7, 0xCA, 0x79, 0x49, 0x5F, 0x37, 0xC4, 0x4A, 0x6C, 0x06, 0x19,
    0x0A, 0xE9, 0xA4, 0x2B, 0xA4, 0x48, 0xB5, 0x96, 0x82, 0xDA, 0xCA, 0x0D, 0xB5, 0x46, 0x01, 0x2A,
    0xA8, 0x40, 0x24, 0x89, 0xCD, 0x52, 0x2D, 0x51, 0x58, 0x94, 0x16, 0xD9, 0x7C, 0x6E, 0x9E, 0x98,
    0x1E, 0xF4, 0x40, 0xFA, 0x3A, 0x93, 0xBE, 0xCD, 0x99, 0x3D, 0x7D, 0x97, 0x29, 0x46, 0x87, 0x91,
    0x35, 0x42, 0x68, 0x57, 0x89, 0x5C, 0x63, 0xA7, 0x96, 0x11, 0x35, 0x47, 0xFF, 0xE1, 0x4A, 0x25,
    0x91, 0x55, 0x26, 0x9A, 0x0D, 0x9A, 0x25, 0xC2, 0xC3, 0x37, 0xDF, 0xE1, 0x30, 0xDA, 0x81, 0xC8,
    0x0B, 0x63, 0x82, 0x25, 0x92, 0xC2, 0x73, 0xF1, 0xCC, 0x6A, 0x45, 0xBC, 0xC9, 0x70, 0x00, 0x3F,
    0x83, 0xEF, 0x7E, 0x1F, 0x7E, 0x70, 0x8D, 0xC2, 0x37, 0xDD, 0x55, 0x5B, 0xC9, 0x06, 0xE3, 0xC7,
    0x70, 0xF5, 0x73, 0x10, 0x19, 0xAA, 0x8F, 0xBF, 0xE6, 0x1B, 0xF8, 0xC3, 0x35, 0xB8, 0x96, 0x62,
    0xC9, 0xF6, 0x13, 0x60, 0x06, 0xE5, 0xA0, 0xB2, 0xD0, 0x74, 0xF0, 0x3D, 0xE0, 0xCD, 0x3C, 0x5C,
    0x1E, 0xC3, 0x43, 0x2E, 0xC4, 0x58, 0x78, 0x64, 0x29, 0x3F, 0x9B, 0x50, 0x0F, 0x1C, 0xCD, 0x6D,
    0x8F, 0xC6, 0x73, 0x3D, 0x22, 0xD9, 0xF3, 0x64, 0xC3, 0x0C, 0x87, 0xD3, 0x91, 0xAC, 0xE8, 0x4C,
    0xEE, 0x97, 0xF3, 0x5B, 0xC7, 0x86, 0xF0, 0xEE, 0xE1, 0x88, 0xE4, 0xE8, 0xAB, 0x22, 0x39, 0xBA,
    0x3A, 0x9C, 0x56, 0xC8, 0x36, 0xF6, 0x8F, 0x79, 0xB6, 0xD6, 0x66, 0xBE, 0x37, 0x9B, 0xE9, 0x72,
    0xE2, 0x0B, 0x97, 0x9A, 0x29, 0x65, 0x53, 0x0B, 0x97, 0x52, 0xB6, 0xAF, 0xAB, 0x19, 0x52, 0x36,
    0x7D, 0xC7, 0xC7, 0x6C, 0x37, 0xA0, 0x7D, 0xE4, 0x50, 0x72, 0x2F, 0xB1, 0x49, 0xD8, 0xB3, 0x15,
    0xA3, 0x84, 0x94, 0x6D, 0xC0, 0xC8, 0xB2, 0x67, 0x2B, 0xC4, 0xE7, 0x6C, 0xD5, 0xBA, 0xC0, 0x78,
    0xB7, 0xA3, 0xF1, 0x81, 0x42, 0xB4, 0x45, 0x4D, 0x1B, 0x5C, 0x6B, 0x26, 0xE8, 0xEE, 0x43, 0xCC,
    0xC6, 0x61, 0xF9, 0x67, 0x44, 0xBE, 0x21, 0x9F, 0x54, 0x28, 0x0F, 0xC4, 0xA0, 0xBC, 0x5E, 0xF4,
    0x00, 0x2B, 0x7B, 0x7D, 0xF9, 0x08, 0x42, 0xDB, 0x63, 0x5D, 0xB6, 0x5D, 0x00, 0x50, 0x1D, 0x2F,
    0xE5, 0x85, 0x1B, 0x39, 0xC8, 0xE6, 0x34, 0xEE, 0x12, 0x99, 0x3D, 0xC8, 0x68, 0x64, 0x40, 0x4B,
    0xB7, 0x97, 0x6B, 0xFE, 0x1A, 0x31, 0x64, 0xBA, 0x3E, 0x62, 0x04, 0x24, 0x33, 0x17, 0x2B, 0x94,
    0xDB, 0x2B, 0x94, 0xE2, 0x51, 0x3B, 0xDC, 0x97, 0xCF, 0x4F, 0x97, 0x53, 0x6A, 0xBB, 0xB3, 0x67,
    0xAA, 0x2D, 0x62, 0x85, 0x3E, 0x22, 0xF3, 0x4B, 0x1E, 0x7C, 0x61, 0xCD, 0x15, 0x95, 0x11, 0x2A,
    0xE1, 0x38, 0x90, 0xF3, 0xB9, 0x5A, 0xBC, 0xFE, 0x98, 0x5F, 0x26, 0x6A, 0x49, 0x64, 0x09, 0x43,
    0xC2, 0xF9, 0xBA, 0x22, 0x55, 0xE6, 0x1F, 0x03, 0x48, 0x44, 0x21, 0x8E, 0x71, 0xA1, 0x95, 0xD0,
    0x88, 0x60, 0x44, 0xB4, 0xC8, 0xD0, 0xFE, 0x4E, 0x9A, 0x7F, 0x89, 0xFD, 0x36, 0xF2, 0xA3, 0x9D,
    0x4B, 0x48, 0x8F, 0x42, 0x60, 0xB4, 0xD4, 0x2B, 0xA5, 0x74, 0xF4, 0x33, 0x7A, 0xA5, 0x90, 0x89,
    0xDE, 0xA3, 0xB6, 0xE8, 0x0D, 0xD4, 0x33, 0x6A, 0x4D, 0xFA, 0x52, 0x85, 0xE9, 0x6B, 0x54, 0xFE,
    0x96, 0x73, 0xD6, 0xC6, 0xA8, 0x09, 0x7A, 0x4B, 0xEB, 0x61, 0x9C, 0x30, 0xE9, 0x61, 0xF7, 0x87,
    0xC9, 0xCB, 0x51, 0x8A, 0x43, 0x06, 0x23, 0xA1, 0x48, 0x1F, 0xAD, 0x94, 0x42, 0xAC, 0x27, 0xB6,
    0xB1, 0x9C, 0x9B, 0x1B, 0xC4, 0x36, 0x2D, 0x87, 0xA8, 0x00, 0xF5, 0x56, 0xC5, 0xD6, 0x2C, 0xF5,
    0x02, 0xE2, 0x52, 0x7A, 0x49, 0xD9, 0x63, 0x37, 0xB6, 0xE9, 0x76, 0xE9, 0xD6, 0xD3, 0xF9, 0x12,
    0xDA, 0x2E, 0x55, 0x30, 0xC6, 0x7B, 0x42, 0x76, 0x47, 0x06, 0x0C, 0xBC, 0x05, 0xB1, 0x73, 0x75,
    0xEB, 0x90, 0x33, 0x91, 0x09, 0xB9, 0x23, 0xE2, 0x0B, 0xF9, 0xE1, 0xF6, 0xC6, 0x52, 0x08, 0xEF,
    0xD4, 0x4B, 0x29, 0x44, 0x76, 0xB5, 0x41, 0x33, 0x27, 0xA9, 0xBD, 0x57, 0x81, 0x52, 0x6C, 0x15,
    0xA8, 0x85, 0x6A, 0xA1, 0x9D, 0xD3, 0x2A, 0x18, 0x9B, 0xB2, 0x8F, 0x5D, 0x6A, 0x85, 0x53, 0x43,
    0x0F, 0x45, 0x80, 0x7E, 0x4A, 0x1C, 0xE3, 0x54, 0xA5, 0xD6, 0x56, 0xFB, 0x09, 0x57, 0xCE, 0x60,
    0x44, 0xC2, 0x81, 0x2B, 0xB7, 0x5E, 0x9B, 0x49, 0x0C, 0xB4, 0xF9, 0xF3, 0x44, 0xF2, 0xDF, 0xD5,
    0xAE, 0x7C, 0x06, 0xED, 0xF2, 0x47, 0x3D, 0xE6, 0x29, 0x95, 0x58, 0x44, 0x86, 0x08, 0x1F, 0x11,
    0xAE, 0x6B, 0x59, 0x23, 0xB6, 0x08, 0xB9, 0x00, 0x69, 0x3C, 0xC5, 0xCC, 0x11, 0xD3, 0x75, 0x0D,
    0xCF, 0x8A, 0xCB, 0xCF, 0x01, 0xA3, 0x6C, 0xB5, 0xC8, 0xA6, 0x23, 0x8C, 0x2C, 0x37, 0x12, 0xFA,
    0x0B, 0x70, 0xCC, 0x69, 0xC9, 0xF1, 0xDC, 0x95, 0x35, 0x3D, 0x44, 0x64, 0x8A, 0xF0, 0x4B, 0x9C,
    0x8C, 0x08, 0x4F, 0xC1, 0x92, 0xE2, 0x52, 0xFC, 0x28, 0x9F, 0x43, 0xC1, 0xF1, 0xA7, 0xCF, 0xE5,
    0xCA, 0x61, 0x5E, 0x9A, 0xE8, 0xC5, 0x46, 0xC8, 0x5C, 0x8C, 0x32, 0x33, 0x8A, 0x57, 0xE2, 0x68,
    0x1E, 0x7A, 0xDA, 0x8F, 0x16, 0xAA, 0x07, 0x81, 0x82, 0x05, 0xE8, 0x28, 0xE7, 0x3A, 0x34, 0xA1,
    0x59, 0x2A, 0xC7, 0x39, 0x13, 0xE4, 0xF8, 0x5D, 0x1E, 0xAF, 0xBC, 0x67, 0x23, 0x32, 0x90, 0x76,
    0x6D, 0xD2, 0xB6, 0x4D, 0xDA, 0xB7, 0xC9, 0x1B, 0xF7, 0x57, 0x64, 0x99, 0x3D, 0x9D, 0x21, 0xA4,
    0x43, 0x84, 0x74, 0x8A, 0x50, 0xC9, 0x46, 0x3E, 0x47, 0xE0, 0x5B, 0xDD, 0xB1, 0x4D, 0x69, 0x1B,
    0x4B, 0xD2, 0x03, 0xC8, 0xEB, 0x1D, 0x85, 0xC8, 0xEF, 0x07, 0xDE, 0x10, 0x99, 0x28, 0x52, 0xA3,
    0xE4, 0x37, 0x03, 0xFA, 0x53, 0x0B, 0xFD, 0x9F, 0x1C, 0x98, 0x1F, 0xA7, 0x13, 0x4D, 0xCD, 0x80,
    0x7A, 0x27, 0xAF, 0x1F, 0x7B, 0xAF, 0xF2, 0xC4, 0x25, 0xF4, 0x29, 0x62, 0x02, 0xF3, 0xC8, 0xB2,
    0xAF, 0x22, 0xFB, 0x32, 0xA6, 0x75, 0xA4, 0x14, 0xC7, 0xBE, 0x92, 0xE8, 0xB8, 0x94, 0x69, 0x2D,
    0x8F, 0xED, 0x94, 0x0E, 0x4C, 0xD7, 0x33, 0xDA, 0x0D, 0x89, 0xC3, 0xE3, 0x59, 0xC0, 0xDC, 0x3C,
    0xB6, 0x37, 0x97, 0x2B, 0x3C, 0x76, 0xC6, 0x31, 0xBF, 0x54, 0x1C, 0x1B, 0x97, 0x27, 0x87, 0x4D,
    0xF7, 0xD0, 0x67, 0x82, 0x79, 0x5B, 0xE8, 0x4B, 0x61, 0xE4, 0x1E, 0x5C, 0x79, 0x05, 0xB8, 0x5C,
    0x8A, 0x44, 0xC5, 0xEF, 0x36, 0x22, 0xF2, 0xC5, 0x6B, 0xA1, 0x95, 0x64, 0xDE, 0x74, 0x2F, 0xC4,
    0xC7, 0xF4, 0x26, 0x14, 0x77, 0xB7, 0xA7, 0x9F, 0xAB, 0xCA, 0x51, 0x28, 0x37, 0xD4, 0xEF, 0x7D,
    0xE4, 0xEB, 0x87, 0x9F, 0xF8, 0x48, 0x67, 0x19, 0x25, 0xC9, 0x93, 0x0C, 0xD9, 0x62, 0xBF, 0x53,
    0x91, 0xAE, 0x79, 0xF8, 0xC9, 0x5C, 0xC5, 0xB8, 0x18, 0xDF, 0xA5, 0xF7, 0xC8, 0xA5, 0xBB, 0x08,
    0x9F, 0x9F, 0x7A, 0x80, 0xF3, 0xBF, 0x07, 0x0E, 0xE4, 0xFE, 0xA9, 0x5D, 0xF8, 0xBE, 0xF9, 0xD5,
    0xD2, 0xBF, 0x34, 0x23, 0x8D, 0xDF, 0x1A, 0x57, 0x84, 0xF6, 0x2C, 0x18, 0xAB, 0xE6, 0xF8, 0xC9,
    0xF4, 0xD4, 0x6E, 0x6B, 0xA6, 0x95, 0xE6, 0x41, 0x68, 0xDF, 0x5E, 0x30, 0xCA, 0x9B, 0xEA, 0x28,
    0x22, 0xBF, 0x7E, 0xDA, 0x9E, 0x16, 0x73, 0xBE, 0xA8, 0x7A, 0xDA, 0xCB, 0xF1, 0x7B, 0x3B, 0x67,
    0x3F, 0x8F, 0x73, 0xDE, 0x9E, 0xCE, 0x7F, 0xC2, 0xA6, 0x4F, 0xD8, 0xF4, 0xB3, 0xB2, 0xF9, 0x13,
    0x36, 0xFB, 0x4C, 0xD5, 0xFA, 0xD3, 0x6A, 0x8F, 0xFF, 0xCB, 0x62, 0xEF, 0x42, 0x3B, 0x99, 0xCF,
    0x87, 0xF4, 0x96, 0x1A, 0x39, 0xBC, 0x22, 0x5C, 0x94, 0x2F, 0xA5, 0xCB, 0x6A, 0x92, 0x98, 0xAC,
    0xE5, 0x62, 0x29, 0x4F, 0x21, 0xAD, 0xDD, 0xD1, 0x16, 0x4B, 0xED, 0xF4, 0xA0, 0xD6, 0xDA, 0x99,
    0xA9, 0xDA, 0x6A, 0xD7, 0xBB, 0xEC, 0xE7, 0xF1, 0xD3, 0x48, 0x23, 0xD1, 0xD6, 0xD3, 0x36, 0xEE,
    0xEA, 0xFF, 0xBD, 0xF5, 0xEA, 0x79, 0xB6, 0x76, 0x67, 0xEB, 0x33, 0xDB, 0x94, 0xFD, 0x3C, 0x7E,
    0x1A, 0xA9, 0x07, 0x13, 0x73, 0x99, 0x3D, 0x07, 0xE4, 0xBE, 0xF1, 0x4F, 0xFA, 0xA7, 0x11, 0x06,
    0xB1, 0xE9, 0x32, 0x3C, 0xF1, 0xA0, 0xEF, 0x92, 0xD7, 0x77, 0x9C, 0xF8, 0xFF, 0x07, 0x75, 0x93,
    0x2F, 0x8C, 0xDF, 0x36, 0x14, 0xC7, 0xBF, 0x89, 0xB5, 0x1A, 0x58, 0x93, 0x39, 0xA9, 0x39, 0x99,
    0xB9, 0xD4, 0xFE, 0x9C, 0x5E, 0x41, 0xC1, 0xC0, 0xC6, 0xD1, 0x38, 0x19, 0x97, 0xD6, 0x8B, 0xAB,
    0x82, 0x82, 0x82, 0x0D, 0x8C, 0x8F, 0x8E, 0xA3, 0x82, 0xBB, 0x8B, 0x75, 0x03, 0x05, 0x23, 0x91,
    0x06, 0x06, 0xE7, 0xA9, 0x93, 0x0E, 0xDE, 0xDB, 0x66, 0x69, 0xDE, 0x9A, 0xE4, 0xED, 0x39, 0x97,
    0xB6, 0xA8, 0xF2, 0x37, 0x92, 0xFD, 0xF4, 0xEC, 0xF7, 0xEF, 0x13, 0x4C, 0x51, 0x31, 0x59, 0xAE,
    0xEE, 0x4D, 0xF5, 0xD7, 0x4B, 0x78, 0x5E, 0xC3, 0x63, 0x51, 0x19, 0x0D, 0x85, 0x2F, 0x28, 0x70,
    0x72, 0x3C, 0xE8, 0x0A, 0x95, 0x55, 0x06, 0x00, 0x9B, 0x6C, 0x72, 0xD1, 0x0F, 0x1E, 0x01, 0x27,
    0x3C, 0xC5, 0x25, 0x16, 0xA0, 0xFB, 0x11, 0x6A, 0x81, 0x5D, 0x10, 0x2A, 0xA6, 0xD2, 0xFF, 0x4D,
    0xFA, 0x35, 0xB9, 0xCF, 0xE5, 0xF2, 0x3A, 0xF2, 0x22, 0x82, 0x4B, 0xF0, 0x49, 0x71, 0xD1, 0x4C,
    0x46, 0x82, 0x45, 0xB8, 0xEF, 0xE1, 0x79, 0xB8, 0x3F, 0x25, 0xD8, 0x59, 0xF4, 0x9D, 0x4F, 0xCC,
    0x22, 0x7C, 0x5D, 0x00, 0x5F, 0x7B, 0xAE, 0x86, 0x8B, 0xCD, 0xF0, 0x11, 0x61, 0x4A, 0x81, 0x69,
    0x7C, 0x42, 0xA3, 0xA2, 0x20, 0x39, 0x71, 0x76, 0x9C, 0xF4, 0x0A, 0xCB, 0xEB, 0xAE, 0x05, 0xAA,
    0xC0, 0x90, 0x24, 0x86, 0x10, 0x31, 0x01, 0x2B, 0x54, 0x85, 0xA6, 0xF6, 0x70, 0x48, 0x90, 0xF2,
    0x24, 0xA8, 0x7D, 0x53, 0xEC, 0x75, 0xB1, 0x37, 0xA4, 0x79, 0xD6, 0x3C, 0x84, 0xDB, 0x79, 0x32,
    0xB4, 0x19, 0x9A, 0x5C, 0x96, 0x0A, 0xCD, 0x8A, 0x6E, 0x8A, 0x2D, 0x31, 0x2E, 0xFE, 0xBA, 0x86,
    0xB3, 0x2A, 0x5D, 0x70, 0x5C, 0xCC, 0x5B, 0x6A, 0x2F, 0xFB, 0x79, 0xE4, 0x38, 0x6E, 0x18, 0x33,
    0xBA, 0x77, 0x9A, 0x38, 0x89, 0xDE, 0x1F, 0x99, 0xA3, 0x08, 0xC0, 0xC8, 0x49, 0xF4, 0x61, 0xF3,
    0x0D, 0x48, 0x65, 0x93, 0xEC, 0xE0, 0x71, 0xC2, 0x43, 0x3C, 0x10, 0x43, 0x5B, 0x0F, 0x64, 0xFF,
    0x19, 0x1C, 0x40, 0x28, 0xB8, 0x10, 0xC3, 0xB1, 0x64, 0x5F, 0x41, 0x3D, 0xA9, 0xD9, 0x46, 0x27,
    0x47, 0xF5, 0x9A, 0xF4, 0xED, 0xA2, 0x69, 0x31, 0xF3, 0x62, 0xD3, 0x62, 0x63, 0x75, 0x8F, 0x8A,
    0xEF, 0x29, 0x28, 0x51, 0xDE, 0x6B, 0xCB, 0x96, 0xC9, 0xFF, 0x52, 0xC2, 0xF3, 0x32, 0xCA, 0xD0,
    0x74, 0x99, 0xA4, 0x2A, 0x2B, 0x85, 0x49, 0xD2, 0xD2, 0x38, 0x98, 0x0A, 0xB8, 0x19, 0x93, 0x94,
    0x9D, 0xBC, 0x68, 0x8A, 0x9F, 0x86, 0x01, 0xA2, 0x11, 0x98, 0x80, 0x0D, 0x90, 0xE2, 0x97, 0x26,
    0xA9, 0x4F, 0xF1, 0x22, 0xEA, 0x9E, 0xAD, 0xC0, 0x02, 0x55, 0x5B, 0xF1, 0x21, 0x75, 0x1B, 0x4C,
    0x81, 0xE7, 0xD2, 0xC6, 0xC0, 0xB4, 0x3F, 0x55, 0x9B, 0xDB, 0xA3, 0x05, 0x7D, 0xE9, 0x78, 0xEE,
    0x39, 0x36, 0x4F, 0x4D, 0x5F, 0x59, 0x71, 0xC8, 0x12, 0xD7, 0xFD, 0xBB, 0x33, 0xA1, 0xDF, 0x31,
    0xC1, 0xA5, 0xFF, 0x87, 0x8C, 0x30, 0x61, 0x72, 0xD8, 0x81, 0x98, 0x0E, 0x26, 0x24, 0xFF, 0xD2,
    0xFA, 0xFE, 0x51, 0x26, 0xE2, 0x1D, 0x13, 0xF2, 0xF5, 0xBB, 0xA7, 0xCB, 0x6D, 0xCA, 0x61, 0x8C,
    0x12, 0x48, 0x98, 0x38, 0x57, 0xD4, 0x38, 0xE5, 0xD9, 0x71, 0xDC, 0x99, 0x58, 0x1C, 0x2F, 0x9E,
    0x2B, 0x54, 0x9B, 0x7F, 0x0B, 0x11, 0x5A, 0x8D, 0xDD, 0x0E, 0x89, 0xA5, 0xDD, 0x10, 0x01, 0x00,
    0x53, 0xEE, 0xA5, 0x58, 0x6A, 0xBD, 0x55, 0xFF, 0x2D, 0x1D, 0xCB, 0x71, 0x76, 0xB7, 0x74, 0xE0,
    0xFF, 0xA2, 0x38, 0xCE, 0xF7, 0xB6, 0xA1, 0xE3, 0xC1, 0xF2, 0xEC, 0x59, 0xEC, 0x25, 0xA8, 0x12,
    0x9E, 0xB4, 0x26, 0x58, 0xC1, 0xC2, 0x66, 0x8C, 0x42, 0xC0, 0x30, 0xAD, 0xD2, 0x0F, 0xF4, 0x1F,
    0x74, 0xA0, 0xF0, 0xFE, 0x08, 0x88, 0x65, 0x10, 0xDD, 0x11, 0x03, 0xE0, 0xD8, 0x5C, 0x74, 0xC7,
    0x94, 0x3D, 0x1E, 0x1E, 0xA3, 0x97, 0x75, 0xB0, 0x71, 0x1F, 0x1D, 0xED, 0x6C, 0xBC, 0x3A, 0xCC,
    0xAF, 0x50, 0x51, 0xE4, 0x46, 0xD6, 0xC2, 0xD2, 0x49, 0x0C, 0x7D, 0x2D, 0x6D, 0xF0, 0x2F, 0x1B,
    0x07, 0xE7, 0x6A, 0xBE, 0xD4, 0xE9, 0xC2, 0xA6, 0x2B, 0x2F, 0xD0, 0x45, 0xF7, 0x6D, 0xCB, 0xDB,
    0x48, 0xDE, 0x2F, 0xF2, 0xC9, 0x34, 0x0E, 0x24, 0xCB, 0x4B, 0xE0, 0xEA, 0x1E, 0x1A, 0x10, 0x2B,
    0xFA, 0x0D, 0x56, 0x50, 0x78, 0x99, 0xE5, 0xEE, 0x53, 0x95, 0x2F, 0x74, 0xBE, 0x30, 0xF3, 0xB9,
    0x3B, 0x70, 0x11, 0xB4, 0xD0, 0x95, 0x15, 0xD8, 0x4A, 0x6B, 0x13, 0xF6, 0x8E, 0x4D, 0x03, 0x3A,
    0x4E, 0xD0, 0x37, 0x33, 0xEC, 0x4F, 0x04, 0xE1, 0x0F, 0x3D, 0x0F, 0x42, 0xDF, 0x27, 0x5A, 0x76,
    0xD4, 0x33, 0x39, 0xA6, 0xF0, 0x38, 0x07, 0x27, 0x94, 0x0D, 0x0D, 0xBA, 0x2A, 0x8F, 0xA0, 0x27,
    0x28, 0xD1, 0x0D, 0x29, 0xFE, 0x38, 0xC5, 0x15, 0xCD, 0xB5, 0xF9, 0x36, 0x67, 0x48, 0x3D, 0xD0,
    0xBF, 0x57, 0x98, 0x5F, 0x33, 0xCC, 0x6F, 0x11, 0x96, 0xB1, 0x7F, 0xEE, 0x36, 0xC2, 0xDB, 0x84,
    0x60, 0xF2, 0x1E, 0x1F, 0xB5, 0x2B, 0x7D, 0x51, 0x24, 0x2B, 0xEB, 0xD9, 0x24, 0x9B, 0xA4, 0x9B,
    0xD1, 0x0F, 0x01, 0xA1, 0xFD, 0x37, 0x57, 0x50, 0xB7, 0x6F, 0x85, 0x0A, 0x62, 0x1B, 0x5B, 0xDC,
    0x28, 0x91, 0x5D, 0xB4, 0xCF, 0xAA, 0x1B, 0xDC, 0x59, 0xF1, 0xF0, 0x67, 0x14, 0xDA, 0x3B, 0x27,
    0xB4, 0x2E, 0x40, 0xFD, 0x2C, 0x7F, 0x5A, 0x35, 0xB4, 0xD8, 0x96, 0x63, 0x6D, 0x7E, 0x67, 0x47,
    0x8E, 0x27, 0xC9, 0xF1, 0xAF, 0xDA, 0xF1, 0xD6, 0xD7, 0xBB, 0x8C, 0x83, 0x9A, 0x4F, 0x7A, 0xBE,
    0x34, 0x7F, 0x2E, 0x0D, 0xDC, 0x1F, 0xA2, 0x1B, 0xE0, 0x81, 0xB0, 0xAB, 0xDF, 0x84, 0x98, 0xC1,
    0x3F, 0x82, 0x4F, 0xB0, 0x55, 0x8E, 0xC0, 0x88, 0x2F, 0x47, 0xC8, 0x08, 0xC6, 0x3F, 0x04, 0x08,
    0x9D, 0xFC, 0x36, 0xAD, 0x6E, 0xF0, 0x08, 0xB2, 0x4E, 0x38, 0xC7, 0x48, 0x7E, 0xFE, 0x1F, 0x6D,
    0xD6, 0x01, 0xA4, 0x26, 0xD7, 0x15, 0x07, 0xF0, 0xFF, 0xCC, 0xB4, 0x6F, 0xAA, 0x53, 0xB9, 0x85,
    0x28, 0x0D, 0x6E, 0x51, 0x50, 0xF4, 0x52, 0x00, 0xC9, 0xDE, 0x91, 0x22, 0x08, 0xF2, 0xE0, 0x35,
    0x08, 0x12, 0x40, 0x09, 0x16, 0x00, 0xDD, 0xE6, 0x8E, 0xB6, 0x04, 0x0B, 0x51, 0x5A, 0x08, 0x1A,
    0x24, 0x41, 0x60, 0x43, 0x8B, 0x20, 0xE9, 0x9D, 0xDD, 0x57, 0x16, 0x0B, 0x93, 0x2E, 0x16, 0x41,
    0x66, 0x37, 0x56, 0x11, 0xBC, 0xBB, 0x9B, 0xD9, 0x64, 0xDE, 0xBE, 0x3B, 0xF7, 0xDF, 0x39, 0x77,
    0xE6, 0xED, 0xAB, 0xD5, 0x6F, 0xED, 0xEF, 0x60, 0xDE, 0x7C, 0xF7, 0x9B, 0x73, 0xCF, 0x39, 0x77,
    0xF0, 0x5C, 0x6A, 0x01, 0xCF, 0x1E, 0x15, 0xD9, 0xA2, 0xE1, 0x9B, 0x80, 0x9A, 0x00, 0x98, 0x71,
    0xC5, 0x0E, 0x47, 0x47, 0xB0, 0xD7, 0x49, 0xB8, 0x1B, 0x1B, 0x09, 0xEE, 0x38, 0x02, 0xF6, 0xAB,
    0x79, 0x85, 0x9C, 0xA1, 0xC9, 0x09, 0x35, 0x19, 0x80, 0xD7, 0x1F, 0x1D, 0x02, 0x4A, 0xEE, 0xD3,
    0xF7, 0x0F, 0x01, 0xC3, 0x11, 0xB0, 0x1C, 0x84, 0x1E, 0x00, 0x42, 0x00, 0xCA, 0xBB, 0x23, 0xF0,
    0xE6, 0xD9, 0x20, 0xB7, 0x8C, 0x30, 0x72, 0x9F, 0x27, 0x87, 0x92, 0x49, 0xF7, 0x15, 0xAF, 0xBC,
    0x80, 0x66, 0xB9, 0xF2, 0x3C, 0xD4, 0x3C, 0x7D, 0x02, 0x13, 0x42, 0x80, 0xBD, 0x77, 0x77, 0xE5,
    0xAB, 0xE3, 0x01, 0xF6, 0xCE, 0x71, 0x0F, 0xFB, 0xE5, 0xCB, 0x1D, 0xEC, 0x89, 0x02, 0x6C, 0xD2,
    0x80, 0x59, 0x2E, 0x7D, 0x0C, 0x45, 0x06, 0xD4, 0x42, 0x21, 0x94, 0x67, 0xA7, 0x40, 0xF5, 0xEF,
    0x01, 0xA8, 0x8F, 0xF3, 0xB2, 0x97, 0x93, 0x3C, 0x17, 0x47, 0x58, 0x72, 0x80, 0x3F, 0xBD, 0xDC,
    0x97, 0xEC, 0x8A, 0xB6, 0x4A, 0x00, 0x9A, 0xB8, 0xA2, 0xE6, 0x15, 0x1D, 0xAC, 0x86, 0x09, 0xCE,
    0xC1, 0x8E, 0x8E, 0xB0, 0x83, 0xBF, 0xBF, 0x42, 0xAC, 0xA4, 0x95, 0xBB, 0xCB, 0xCA, 0xC3, 0x08,
    0xE8, 0xB3, 0xF8, 0xB3, 0xA7, 0x97, 0x84, 0x91, 0x24, 0x6A, 0xB2, 0x87, 0x11, 0x2C, 0xD9, 0xC1,
    0xDE, 0x3F, 0x02, 0x5C, 0x8F, 0x1D, 0xDF, 0xAD, 0xB0, 0xDD, 0x29, 0xC8, 0x88, 0x92, 0x9C, 0x85,
    0x09, 0x55, 0x3A, 0x3A, 0x44, 0x15, 0x01, 0xD4, 0x82, 0xE7, 0x2C, 0x4C, 0x40, 0xFE, 0x76, 0x15,
    0x00, 0x68, 0x21, 0x6F, 0x0A, 0x50, 0xF3, 0x1D, 0xC0, 0x9E, 0x5F, 0x2F, 0xF9, 0xEE, 0x88, 0xFC,
    0x34, 0x17, 0xDF, 0xD0, 0xAC, 0x94, 0xE4, 0x82, 0x4A, 0x16, 0xDA, 0x6F, 0x5E, 0xA9, 0x65, 0xC9,
    0x46, 0x96, 0xBC, 0xF8, 0x55, 0x25, 0x01, 0xE8, 0x65, 0xDD, 0x69, 0x43, 0x26, 0x58, 0x72, 0x11,
    0x22, 0xE4, 0xD3, 0x0C, 0x22, 0x54, 0x27, 0xC2, 0x02, 0x88, 0xCD, 0xE8, 0x67, 0x14, 0xD1, 0x2D,
    0x24, 0xCA, 0x48, 0x92, 0x5D, 0x25, 0xB2, 0xAF, 0x78, 0x83, 0xA3, 0xEF, 0x6B, 0x16, 0xEC, 0x5D,
    0x5F, 0x2F, 0x05, 0x5B, 0xD7, 0x35, 0xB1, 0x24, 0x7C, 0xA7, 0xE6, 0x6A, 0x01, 0x5B, 0x35, 0x35,
    0x11, 0x84, 0x0E, 0x3A, 0x16, 0x84, 0x09, 0x36, 0x96, 0x09, 0x66, 0xF4, 0x72, 0xD5, 0x7E, 0xCE,
    0xA9, 0x8A, 0xB0, 0xC7, 0x0C, 0x75, 0x84, 0xBB, 0x75, 0x22, 0x01, 0xBA, 0xDD, 0x96, 0xCE, 0x22,
    0x66, 0x61, 0x47, 0x35, 0xC0, 0x8D, 0xAA, 0x87, 0xCF, 0x04, 0xDD, 0x83, 0xC1, 0x74, 0x2B, 0xB6,
    0x2D, 0x1E, 0x07, 0x8B, 0xF2, 0x71, 0x70, 0xD0, 0x24, 0x07, 0x93, 0x7F, 0xDA, 0x83, 0x69, 0x41,
    0x2D, 0x58, 0x92, 0xAD, 0x13, 0x54, 0xFF, 0x78, 0x82, 0xEE, 0xCF, 0x56, 0x3A, 0x06, 0x18, 0xC1,
    0xB6, 0x7E, 0x84, 0x85, 0x1F, 0xE0, 0xE0, 0x7B, 0xC0, 0x4A, 0xAA, 0x25, 0xCC, 0x12, 0x1C, 0x53,
    0x0E, 0xEF, 0x52, 0x82, 0x6F, 0xB7, 0xFD, 0x04, 0x7F, 0x1D, 0x72, 0x78, 0x69, 0x44, 0x91, 0xC0,
    0x57, 0x06, 0x94, 0xA9, 0xA4, 0x1E, 0x50, 0x2D, 0x4D, 0xF2, 0x39, 0x3D, 0x89, 0x6C, 0xD7, 0xF0,
    0x90, 0x44, 0x2D, 0xEB, 0xB7, 0x68, 0x4E, 0x0F, 0xE1, 0xB7, 0x66, 0xE3, 0xB6, 0xC7, 0x29, 0x87,
    0x62, 0x0D, 0x7A, 0x44, 0xC1, 0xDF, 0xC2, 0x0C, 0x6B, 0x88, 0xB0, 0x3D, 0xB0, 0x07, 0x23, 0x1B,
    0x97, 0x57, 0x85, 0x67, 0xD8, 0x42, 0x94, 0xC0, 0x6B, 0x4B, 0x0E, 0xB9, 0x0E, 0x0A, 0x96, 0xE9,
    0x80, 0x6D, 0x99, 0xAA, 0x64, 0x18, 0xAA, 0xA5, 0x4A, 0x4E, 0x42, 0xB3, 0xF8, 0x2F, 0x86, 0x2A,
    0xF9, 0x48, 0xE4, 0xE2, 0x65, 0xEE, 0x8B, 0xDE, 0x0F, 0x50, 0x24, 0x6C, 0x84, 0x0A, 0x44, 0x23,
    0x9B, 0xC3, 0xB6, 0x60, 0xA7, 0x83, 0xEF, 0xE0, 0x7A, 0x33, 0xBA, 0x3F, 0xC1, 0x75, 0x76, 0x70,
    0xB7, 0x3E, 0x64, 0x67, 0x7B, 0x7B, 0x8B, 0x84, 0xEB, 0xED, 0x17, 0x5C, 0xE0, 0x3B, 0x7B, 0x8F,
    0x23, 0xAA, 0xA9, 0x8A, 0xE5, 0x5C, 0x4D, 0xF5, 0xFA, 0xBF, 0x9A, 0x9A, 0xB9, 0x0A, 0x55, 0x50,
    0x73, 0x33, 0x56, 0x41, 0xCF, 0x6A, 0xA8, 0x82, 0x99, 0x75, 0x5F, 0x85, 0x4B, 0xB3, 0xE9, 0xAA,
    0xF0, 0xFB, 0xC9, 0xB6, 0x55, 0x88, 0x93, 0x43, 0x1D, 0x4E, 0xA7, 0x7F, 0xC2, 0xE6, 0xCA, 0x71,
    0xD9, 0xFA, 0x3F, 0xF7, 0x1E, 0x4E, 0xA8, 0xBF, 0xBE, 0xF1, 0x4D, 0x40, 0xF3, 0xE5, 0x8D, 0xEF,
    0x46, 0x34, 0x27, 0x2F, 0x9E, 0x0D, 0x68, 0x58, 0xB2, 0x47, 0x93, 0x4A, 0x76, 0xC8, 0xE5, 0x04,
    0xB5, 0x39, 0x55, 0x0B, 0x00, 0xC3, 0x05, 0x3A, 0x77, 0x5D, 0x6F, 0x72, 0x18, 0x6D, 0x0F, 0xF7,
    0x97, 0x6B, 0xC1, 0x76, 0xF0, 0x68, 0x26, 0xD7, 0x82, 0xFA, 0xF6, 0xE4, 0x81, 0x64, 0x8E, 0x73,
    0xB0, 0x37, 0xA7, 0x84, 0x62, 0xB1, 0x57, 0x43, 0x42, 0x19, 0xED, 0x2B, 0x0F, 0x16, 0x54, 0xD1,
    0xA9, 0x7B, 0x11, 0xD5, 0xEC, 0xD5, 0xED, 0x35, 0x4C, 0xD4, 0xC7, 0x33, 0xEA, 0x20, 0x77, 0xA0,
    0x79, 0x20, 0x7F, 0x0A, 0xF5, 0x40, 0x52, 0x04, 0xF9, 0x33, 0x33, 0x40, 0xDF, 0x5E, 0x7E, 0x23,
    0x0D, 0x7F, 0x4C, 0xB2, 0x85, 0xB9, 0x49, 0x2E, 0x80, 0xBD, 0xCA, 0xAD, 0x60, 0xA0, 0xC3, 0x8E,
    0x61, 0x02, 0xAC, 0xE0, 0xB8, 0x6C, 0xD3, 0xA0, 0x38, 0x74, 0x1D, 0xCC, 0xE2, 0x3B, 0xC8, 0xBD,
    0xE5, 0x0A, 0x6A, 0xD6, 0x84, 0x8A, 0x55, 0x82, 0x9A, 0xCA, 0x05, 0x3A, 0x54, 0x11, 0x26, 0x33,
    0xD6, 0x42, 0x33, 0xC3, 0x04, 0x3D, 0x41, 0x2F, 0x3E, 0x9C, 0x8F, 0x9F, 0xAF, 0xA5, 0x58, 0x5E,
    0x1E, 0x71, 0xF1, 0x71, 0x24, 0xE0, 0x05, 0xEC, 0x83, 0x5D, 0x76, 0x87, 0xEC, 0xA1, 0x78, 0xB9,
    0x83, 0x9E, 0x0A, 0xC0, 0x8E, 0x40, 0x2E, 0x6D, 0xB0, 0x03, 0x94, 0x5C, 0xD4, 0x42, 0x4E, 0xA5,
    0xE5, 0xB2, 0xE3, 0x18, 0xF7, 0x81, 0xB2, 0x91, 0x56, 0x4A, 0xFE, 0x35, 0xEC, 0x33, 0xC9, 0x09,
    0x4D, 0x9E, 0x43, 0x83, 0x5A, 0x60, 0x7B, 0x33, 0x4B, 0x51, 0x8C, 0xF0, 0x3D, 0x7B, 0xF0, 0x0F,
    0x04, 0xF8, 0xD2, 0xB2, 0xA2, 0x66, 0x14, 0x34, 0x01, 0x65, 0x72, 0x79, 0x6F, 0xB8, 0xE1, 0xC8,
    0x84, 0x9A, 0xB2, 0xA1, 0xB3, 0xEB, 0xA1, 0x26, 0x3B, 0x40, 0x05, 0x3B, 0x42, 0x07, 0x13, 0xB6,
    0x47, 0x35, 0xA3, 0x9A, 0xE5, 0xDB, 0xA5, 0xF2, 0x9B, 0x08, 0x25, 0xB9, 0x12, 0xA0, 0x85, 0x67,
    0x5F, 0x5F, 0x8E, 0xF6, 0xD1, 0xAD, 0xBE, 0x1D, 0x56, 0xB8, 0xA2, 0x89, 0xDC, 0x23, 0xDB, 0x53,
    0x96, 0xBC, 0xD3, 0x42, 0xC9, 0x1A, 0xC6, 0x2F, 0xC0, 0xF7, 0xFC, 0xB8, 0x3F, 0x74, 0xC5, 0x16,
    0x30, 0x04, 0xE0, 0x85, 0x5F, 0xE5, 0xD9, 0xB9, 0x9C, 0x3F, 0xEA, 0x01, 0x4F, 0x57, 0x91, 0x8F,
    0x8B, 0x3D, 0xCE, 0x12, 0xF5, 0x07, 0x3E, 0x61, 0x9F, 0xBF, 0x22, 0x08, 0x76, 0x39, 0x6E, 0xE9,
    0x2C, 0x08, 0x2B, 0xB1, 0x4C, 0xB0, 0x43, 0xFE, 0xC6, 0x3D, 0x6E, 0xAD, 0x8B, 0x3A, 0xE6, 0x6E,
    0x42, 0x33, 0xC3, 0xDF, 0xE0, 0x22, 0x91, 0x6F, 0x93, 0x50, 0x53, 0x41, 0x15, 0x5C, 0xAB, 0x42,
    0x9D, 0xF4, 0x60, 0x3B, 0x99, 0x8D, 0xA6, 0xB7, 0x9D, 0xF9, 0x96, 0x93, 0xED, 0x7D, 0x2B, 0xBF,
    0xC3, 0xE6, 0xBC, 0xA5, 0xBC, 0x2B, 0x32, 0x92, 0xBC, 0xDB, 0xB6, 0xDD, 0x67, 0x81, 0xB4, 0xC7,
    0x25, 0x8B, 0x62, 0x8F, 0x65, 0xDC, 0x62, 0x75, 0x1E, 0x67, 0x71, 0x1B, 0xFB, 0x0D, 0x27, 0x40,
    0x33, 0x02, 0xF6, 0x6C, 0xC5, 0x7D, 0x2E, 0x5C, 0x5F, 0xF1, 0x37, 0x84, 0xE3, 0x19, 0x70, 0xB7,
    0xC2, 0xCA, 0x97, 0xDB, 0x09, 0x2E, 0x00, 0x30, 0x11, 0xF8, 0x81, 0xA4, 0xFD, 0x79, 0x15, 0x81,
    0xCF, 0x6C, 0x44, 0x91, 0xF2, 0x39, 0xF3, 0x5D, 0x82, 0x3A, 0xB9, 0x97, 0x60, 0x5E, 0x59, 0x37,
    0xFF, 0xAD, 0xA6, 0x20, 0x80, 0x4C, 0x29, 0xE4, 0xFA, 0xF9, 0xDB, 0xB2, 0xC2, 0x28, 0x04, 0xA1,
    0x03, 0xFC, 0xC6, 0x04, 0x50, 0x2E, 0xF0, 0xB5, 0x24, 0xD3, 0x8B, 0x79, 0xB7, 0xC7, 0x3C, 0xBE,
    0x2B, 0x39, 0x28, 0xAA, 0x28, 0x59, 0x25, 0xD9, 0x09, 0xAD, 0x9A, 0xCC, 0x04, 0x45, 0x8E, 0x42,
    0x07, 0x2D, 0x3B, 0x66, 0xEE, 0xB7, 0xD8, 0x12, 0x6E, 0xFF, 0xCF, 0xA1, 0x0B, 0x94, 0x41, 0x9A,
    0xE2, 0x71, 0xBB, 0x9D, 0x81, 0x86, 0x9C, 0xE0, 0xC9, 0x50, 0xF2, 0xE4, 0xFA, 0x7B, 0x35, 0x55,
    0x07, 0x15, 0x55, 0x0B, 0x3D, 0x6B, 0xC0, 0x04, 0x03, 0xD8, 0xD1, 0x32, 0xD8, 0x61, 0xC5, 0x0D,
    0x8E, 0xA3, 0xEB, 0x3F, 0x5B, 0x63, 0xFF, 0x89, 0xED, 0xDD, 0x30, 0x4B, 0xA5, 0x4F, 0xBE, 0xB3,
    0x8F, 0x02, 0x5B, 0xCD, 0x6F, 0xD9, 0x36, 0x24, 0x51, 0x0A, 0xB8, 0xCC, 0xF7, 0x81, 0x5A, 0x56,
    0x6F, 0x04, 0xD4, 0x14, 0x55, 0x56, 0x67, 0x6D, 0xD6, 0x65, 0xE9, 0x5B, 0xA0, 0x48, 0x6E, 0xB5,
    0x5A, 0x56, 0x2B, 0xE6, 0x69, 0x90, 0x85, 0x09, 0x4E, 0xD2, 0x3E, 0xD8, 0x3E, 0xE7, 0x63, 0xC9,
    0x46, 0x94, 0x84, 0x1D, 0x72, 0x79, 0xF5, 0x68, 0x22, 0xA4, 0x73, 0x26, 0x98, 0x01, 0xD2, 0x38,
    0x23, 0xEC, 0x28, 0xFA, 0x1E, 0x7A, 0x04, 0x0E, 0xA4, 0x43, 0x3D, 0xE7, 0xFD, 0xE8, 0xB2, 0x72,
    0x70, 0xFD, 0x18, 0x2B, 0xC8, 0x94, 0x44, 0x3E, 0x1D, 0xAD, 0x00, 0xCB, 0x00, 0xE4, 0x51, 0xC0,
    0x24, 0x77, 0x91, 0xA0, 0x60, 0x02, 0xCE, 0x33, 0x3B, 0xE2, 0x10, 0x66, 0x79, 0x73, 0xDC, 0x92,
    0x5F, 0xE7, 0x0E, 0xF1, 0xA7, 0x4F, 0xD2, 0xEB, 0xB7, 0x57, 0xAD, 0xB0, 0xF5, 0x0E, 0x79, 0xD2,
    0x57, 0xBC, 0x7A, 0xBD, 0xAD, 0xD3, 0x93, 0xF4, 0x4E, 0xFF, 0x93, 0xDE, 0x95, 0xE1, 0x92, 0xF0,
    0xC2, 0x4A, 0x7F, 0x45, 0xF8, 0x74, 0x65, 0x98, 0xE5, 0xEA, 0x04, 0x98, 0xD3, 0x69, 0x7F, 0xD5,
    0x6A, 0x84, 0xF2, 0xE2, 0x55, 0xEB, 0x22, 0xBD, 0x07, 0xDD, 0x41, 0x0B, 0xA8, 0x5E, 0xF7, 0x80,
    0x34, 0x0D, 0x60, 0x3B, 0xD7, 0xE6, 0xAD, 0x20, 0xF4, 0x85, 0xF8, 0x09, 0x5F, 0x4D, 0x47, 0x28,
    0x53, 0xB5, 0x48, 0xA6, 0xAB, 0x3C, 0xDC, 0xEA, 0xD5, 0x3A, 0x36, 0x33, 0xD0, 0xCC, 0x6A, 0x02,
    0xD4, 0xA4, 0x82, 0xA8, 0xC5, 0x20, 0xEA, 0x60, 0x4E, 0xDF, 0x81, 0x19, 0x35, 0x07, 0x19, 0x45,
    0x62, 0x5F, 0x6E, 0x5D, 0x7F, 0xF9, 0x34, 0x6F, 0x2E, 0x7B, 0x40, 0x65, 0xED, 0xE9, 0xB5, 0x5C,
    0x81, 0xC5, 0x56, 0x7D, 0x17, 0x8E, 0xA2, 0x8D, 0xA2, 0xCE, 0xC5, 0xD8, 0x70, 0xC8, 0xCD, 0x11,
    0xF2, 0x85, 0x59, 0x6C, 0x22, 0xCC, 0xD5, 0x9B, 0x5F, 0x45, 0xFC, 0x8E, 0xFC, 0x26, 0xE2, 0xEF,
    0x0F, 0x1F, 0xAD, 0xBA, 0xDB, 0x77, 0xCF, 0x26, 0xD8, 0x33, 0x39, 0x63, 0xF3, 0xF8, 0x83, 0x3A,
    0xE1, 0x04, 0xA8, 0x97, 0x8F, 0x65, 0x55, 0xF5, 0xF6, 0xEA, 0x53, 0x63, 0xF1, 0xFB, 0x47, 0x47,
    0x47, 0xB8, 0xF8, 0x58, 0x32, 0xC2, 0x09, 0x9E, 0x9C, 0x71, 0xE4, 0xE4, 0xC5, 0xDC, 0x0E, 0x4F,
    0xFA, 0x43, 0xE0, 0x93, 0x26, 0x79, 0xAA, 0x65, 0x9F, 0x1A, 0x8B, 0x1F, 0x7D, 0xF4, 0xBE, 0x22,
    0x27, 0xC5, 0xC7, 0xEF, 0x41, 0x4F, 0xF8, 0xE9, 0xB5, 0xF4, 0x8E, 0x6C, 0xF3, 0x2F, 0xAE, 0xA5,
    0x0E, 0x92, 0x3D, 0x1D, 0xF2, 0xB3, 0x3A, 0x76, 0xF0, 0xCB, 0xDE, 0xDD, 0xFD, 0xB6, 0x9A, 0xC9,
    0x69, 0xCD, 0x4F, 0x99, 0xBF, 0xB1, 0x24, 0x50, 0xE4, 0x21, 0x3C, 0xC8, 0xAE, 0xCB, 0xFF, 0x43,
    0xB8, 0x2F, 0x46, 0x78, 0x0E, 0x0D, 0x4F, 0x73, 0x9A, 0x7E, 0xC9, 0xE7, 0xFA, 0x82, 0xEC, 0x6A,
    0x19, 0x7B, 0xA9, 0x85, 0x8F, 0xC0, 0xAB, 0xB1, 0x60, 0x33, 0x97, 0x4B, 0x33, 0x55, 0x51, 0x05,
    0x35, 0xAB, 0xE0, 0x82, 0x3E, 0xCB, 0xAF, 0x78, 0xAD, 0xCD, 0xA3, 0xB1, 0x43, 0x19, 0xCF, 0xDB,
    0xCD, 0xA8, 0x16, 0xB8, 0x24, 0xD8, 0x8C, 0x64, 0xCA, 0xAC, 0x8C, 0x6A, 0x65, 0x2A, 0xDE, 0x3A,
    0x7A, 0x6D, 0xC6, 0xF3, 0xC0, 0x8C, 0x2B, 0x3F, 0x6F, 0x3F, 0xC1, 0xA7, 0xCB, 0xF8, 0x0F, 0x78,
    0x86, 0x00, 0x7A, 0x3F, 0x22, 0xFD, 0xC8, 0x74, 0xF9, 0xB9, 0xF5, 0xB2, 0xF2, 0x8C, 0xFF, 0xF0,
    0x7C, 0x0A, 0x6A, 0x61, 0xAF, 0x01, 0x33, 0x66, 0x07, 0xD1, 0xF6, 0x17, 0xBA, 0xEE, 0x89, 0xCF,
    0x4A, 0x07, 0x1E, 0xC8, 0xD2, 0xC8, 0x6B, 0xC3, 0xE7, 0xC5, 0xF9, 0xE7, 0x45, 0xC7, 0x2A, 0x49,
    0x0D, 0x56, 0xF9, 0x5F, 0x33, 0xD7, 0xE2, 0x54, 0xAF, 0x51, 0x4D, 0x12, 0x55, 0xF8, 0xE1, 0x7B,
    0xCD, 0xAC, 0x73, 0xEA, 0x64, 0x21, 0x15, 0x24, 0x95, 0x3A, 0xD8, 0x3E, 0x2F, 0xDC, 0x70, 0xD9,
    0x2B, 0x6F, 0x1B, 0x84, 0x8F, 0x7C, 0x80, 0x1E, 0xB7, 0x73, 0x73, 0x82, 0x1D, 0x84, 0x5E, 0x87,
    0x15, 0x1B, 0xE0, 0xAE, 0x4B, 0x62, 0xC9, 0x4E, 0x91, 0x09, 0x2B, 0x13, 0x0E, 0x78, 0x94, 0xCF,
    0x2A, 0xC0, 0x6C, 0x87, 0x7E, 0xDC, 0x91, 0xAE, 0x40, 0x33, 0x43, 0xD6, 0x45, 0xFE, 0xBC, 0xF1,
    0xC6, 0x4A, 0xF8, 0x58, 0xC8, 0xA7, 0xFE, 0x0C, 0xF8, 0x6D, 0x4A, 0x25, 0x68, 0xDE, 0x59, 0x60,
    0xCF, 0xFE, 0xF8, 0x2F, 0xF8, 0x3B, 0x6F, 0x77, 0xE0, 0xD5, 0x97, 0xDA, 0x92, 0xAA, 0x69, 0x2B,
    0x3E, 0xD3, 0x5C, 0x94, 0xD0, 0x05, 0xDB, 0x92, 0x20, 0xCE, 0xCB, 0xCF, 0x04, 0xAC, 0x87, 0x39,
    0x3F, 0x68, 0x2F, 0xC6, 0xBB, 0x5B, 0x79, 0xB2, 0x6C, 0xD8, 0xB1, 0x1C, 0x85, 0xB8, 0x8F, 0x32,
    0x2F, 0xA3, 0x8C, 0x2F, 0x0A, 0xC5, 0x4E, 0x91, 0xAA, 0x84, 0x32, 0x5D, 0x8E, 0xA8, 0xC8, 0x51,
    0xE8, 0x50, 0xE7, 0x39, 0x35, 0xEB, 0x09, 0xCD, 0xA4, 0x66, 0xA8, 0x70, 0x8E, 0x0E, 0x92, 0x2A,
    0x49, 0x9A, 0xA1, 0xB4, 0x35, 0xD9, 0xAE, 0x4C, 0x40, 0x29, 0xBD, 0x55, 0x65, 0x6E, 0x76, 0xC0,
    0x7F, 0x01, 0x93, 0x5A, 0xE5, 0x60, 0xFF, 0xBF, 0xC1, 0xFE, 0xBF, 0x43, 0xFD, 0x7F, 0x06, 0x00,
    0xBD, 0x94, 0x01, 0x86, 0xDD, 0x50, 0x18, 0x85, 0x4F, 0x12, 0xFA, 0x10, 0x04, 0x28, 0x14, 0x01,
    0x0A, 0xF0, 0x96, 0xF0, 0xD2, 0x1D, 0xCC, 0x3E, 0x8A, 0x2C, 0x21, 0xE3, 0x75, 0x0B, 0x2D, 0xED,
    0x0E, 0x0A, 0x14, 0x80, 0xA2, 0x49, 0x77, 0x90, 0x16, 0x50, 0xF0, 0x8A, 0x02, 0x70, 0xCB, 0x0C,
    0x79, 0x24, 0xF9, 0x7B, 0x8E, 0xC3, 0x65, 0x0C, 0x45, 0x99, 0x0E, 0xB9, 0x1F, 0xF7, 0xDE, 0xFC,
    0xF9, 0xBF, 0xDF, 0x99, 0x07, 0x14, 0xE3, 0xE5, 0xC5, 0x06, 0x1C, 0x22, 0x8D, 0x3B, 0xD0, 0xC4,
    0xB7, 0xD8, 0x80, 0xE3, 0xF5, 0x4D, 0x7C, 0x04, 0x4E, 0x73, 0xB5, 0x01, 0x18, 0xA6, 0xC3, 0x0A,
    0x14, 0xC1, 0xBF, 0x84, 0x46, 0xB8, 0xA0, 0x15, 0x66, 0x3C, 0x8B, 0x77, 0xFD, 0x7D, 0xC7, 0x33,
    0xB4, 0x09, 0x28, 0x77, 0x1C, 0x2F, 0x40, 0xB5, 0xF3, 0x4D, 0x62, 0xC3, 0x69, 0x22, 0x56, 0x0C,
    0xC4, 0xC1, 0xA8, 0x17, 0x8C, 0xB7, 0x40, 0x73, 0x87, 0xE8, 0x88, 0x84, 0x00, 0xF8, 0x6E, 0x61,
    0xB0, 0x00, 0x58, 0x82, 0x05, 0xFC, 0x71, 0x61, 0x62, 0x01, 0x60, 0x9C, 0x6A, 0xE2, 0x65, 0x9C,
    0xFB, 0x3B, 0xEE, 0x45, 0x15, 0x89, 0xD8, 0xAA, 0x98, 0x09, 0xDF, 0x87, 0x54, 0xBE, 0x40, 0x2A,
    0xBF, 0x03, 0x52, 0xF9, 0x4E, 0x50, 0xE5, 0x56, 0x65, 0xD4, 0x90, 0x30, 0x01, 0x90, 0x8A, 0x8C,
    0xA8, 0xA2, 0xA2, 0x6D, 0xEC, 0xCD, 0x02, 0x3C, 0x8F, 0xB7, 0xEC, 0x4A, 0x2A, 0x8D, 0x54, 0x6C,
    0x54, 0xD1, 0x28, 0x59, 0x45, 0x62, 0xAB, 0xEA, 0xE0, 0x40, 0x58, 0x45, 0x46, 0x4D, 0x36, 0x0A,
    0x21, 0x49, 0xCC, 0x46, 0x52, 0x11, 0x1E, 0x7E, 0x1C, 0x23, 0x41, 0x15, 0xDD, 0x96, 0x8A, 0x8F,
    0x36, 0xE3, 0xA2, 0xD5, 0x2A, 0xD1, 0x49, 0x25, 0x59, 0xE5, 0xA7, 0x55, 0xCE, 0x0F, 0x07, 0x43,
    0x3C, 0x52, 0xA9, 0x9F, 0x4C, 0xA5, 0xFC, 0x57, 0x15, 0x06, 0xAC, 0x99, 0xE1, 0x88, 0x9D, 0x12,
    0x1C, 0x32, 0x9D, 0x2B, 0x66, 0xEF, 0xDB, 0x29, 0x2B, 0x39, 0x6A, 0xA2, 0xC3, 0xC6, 0x66, 0x1C,
    0xB7, 0xE8, 0xE0, 0xC0, 0x05, 0x1C, 0xB9, 0x57, 0x01, 0x87, 0xAE, 0x0C, 0x38, 0x76, 0x5C, 0xA4,
    0xE8, 0x4A, 0x7C, 0x94, 0x1B, 0x69, 0xBA, 0xA4, 0xE3, 0x47, 0x4D, 0x07, 0x90, 0x86, 0x8E, 0x20,
    0x17, 0xC8, 0x93, 0x8B, 0x4D, 0xB9, 0x80, 0x8F, 0x93, 0xEC, 0x28, 0x4A, 0x39, 0x37, 0xE8, 0xB2,
    0x39, 0x90, 0x39, 0x92, 0x39, 0x94, 0x39, 0x96, 0x39, 0x98, 0x79, 0x08, 0x2C, 0xED, 0x21, 0xA8,
    0xB4, 0x87, 0x30, 0xC3, 0xFF, 0x6B, 0xF9, 0x1B, 0xA7, 0xC9, 0x43, 0xE0, 0xF2, 0xE4, 0x43, 0x58,
    0xFE, 0xF3, 0x10, 0xD0, 0xEF, 0x1D, 0x34, 0x82, 0xE0, 0x5D, 0xB9, 0x6C, 0x3A, 0xBF, 0xF6, 0x2A,
    0x31, 0xCC, 0x6C, 0x2E, 0x17, 0x8C, 0xAE, 0x8D, 0x85, 0x80, 0xAE, 0x16, 0x51, 0x44, 0x24, 0x02,
    0xFD, 0xFD, 0x8D, 0x3D, 0x2D, 0x37, 0xFF, 0x2D, 0xC6, 0x8F, 0x7E, 0x63, 0x88, 0x1F, 0x92, 0x41,
    0x84, 0x54, 0x30, 0x0A, 0x13, 0xDA, 0xAB, 0x06, 0x6E, 0x1B, 0xC3, 0x69, 0x7E, 0x1D, 0xDE, 0xDB,
    0x0D, 0xFB, 0x0E, 0x0E, 0x75, 0xDE, 0xAF, 0xAD, 0x72, 0x8C, 0x58, 0x21, 0x95, 0x4F, 0xC2, 0x70,
    0x5B, 0x2F, 0x82, 0x1A, 0x40, 0x2F, 0x95, 0x54, 0x46, 0x7C, 0xA5, 0x03, 0xCD, 0xCF, 0x44, 0xB3,
    0xF7, 0xC5, 0xF0, 0xEB, 0x46, 0xC7, 0xEC, 0xA3, 0x59, 0x88, 0x89, 0xA5, 0x3A, 0xF5, 0x51, 0xD2,
    0x54, 0xCD, 0x0F, 0x2B, 0xD4, 0x7C, 0xBD, 0x23, 0x00, 0xEE, 0xC2, 0x28, 0x88, 0xCF, 0xFD, 0x5E,
    0xC6, 0x07, 0x8C, 0xB1, 0x16, 0xB1, 0x11, 0x09, 0x44, 0xCB, 0xD1, 0x1E, 0x17, 0xFC, 0x01, 0x25,
    0xCD, 0x57, 0x01, 0xC2, 0x40, 0x10, 0x84, 0xE1, 0xA3, 0x77, 0x90, 0x40, 0x1C, 0x20, 0x21, 0x02,
    0xB0, 0x81, 0x8F, 0xE0, 0x07, 0x09, 0x54, 0x09, 0x48, 0x88, 0x84, 0x7B, 0xA3, 0x2D, 0xFC, 0xCC,
    0xA4, 0x5C, 0xFF, 0xB6, 0xA4, 0x94, 0x0A, 0x4D, 0x7D, 0xD1, 0xAC, 0x3D, 0x9A, 0x6D, 0xC5, 0xCD,
    0x5B, 0x49, 0xF6, 0xC6, 0x21, 0x4C, 0x75, 0xAA, 0x4C, 0x37, 0x0D, 0xD1, 0x7D, 0x37, 0x13, 0xF2,
    0x89, 0x51, 0x28, 0x8B, 0x98, 0xA1, 0x2C, 0x9E, 0xCA, 0x2C, 0xA1, 0x5E, 0x93, 0xAF, 0xB0, 0xAF,
    0x78, 0x6E, 0xA0, 0x0B, 0x79, 0xC6, 0x6F, 0x04, 0xB7, 0x2E, 0xDF, 0x19, 0xEA, 0x21, 0x44, 0x45,
    0x85, 0x6E, 0x31, 0x93, 0xA9, 0x66, 0x37, 0xDA, 0xF6, 0xA7, 0x9E, 0x48, 0xB8, 0x15, 0x09, 0x4D,
    0x42, 0x93, 0xB1, 0xDD, 0x0A, 0xCD, 0x3F,
};

static const EpdGlyph notosans_14_bolditalicGlyphs[] = {
    { 0, 0, 0, 0, 0, 0, 0 }, // U+0000
    { 0, 0, 121, 0, 0, 0, 0 }, // U+000D
    { 0, 0, 121, 0, 0, 0, 0 }, // U+0020
    { 10, 21, 134, 0, 21, 53, 0 }, // !
    { 12, 7, 211, 2, 21, 21, 53 }, // "
    { 19, 21, 302, 0, 21, 100, 74 }, // #
    { 16, 24, 257, 0, 22, 96, 174 }, // $
    { 23, 21, 400, 1, 21, 121, 270 }, // %
    { 21, 21, 330, 0, 21, 111, 391 }, // &
    { 6, 7, 119, 2, 21, 11, 502 }, // '
    { 11, 25, 158, 1, 21, 69, 513 }, // (
    { 12, 26, 159, -3, 21, 78, 582 }, // )
    { 15, 15, 255, 2, 23, 57, 660 }, // *
    { 15, 14, 267, 1, 17, 53, 717 }, // +
    { 8, 7, 134, -2, 3, 14, 770 }, // ,
    { 9, 4, 151, 0, 10, 9, 784 }, // -
    { 6, 5, 134, 0, 5, 8, 793 }, // .
    { 17, 21, 198, -2, 21, 90, 801 }, // /
    { 16, 21, 257, 0, 21, 84, 891 }, // 0
    { 13, 21, 257, 2, 21, 69, 975 }, // 1
    { 17, 21, 257, -1, 21, 90, 1044 }, // 2
    { 16, 21, 257, 0, 21, 84, 1134 }, // 3
    { 17, 21, 257, -1, 21, 90, 1218 }, // 4
    { 17, 21, 257, 0, 21, 90, 1308 }, // 5
    { 16, 21, 257, 1, 21, 84, 1398 }, // 6
    { 17, 21, 257, 1, 21, 90, 1482 }, // 7
    { 17, 21, 257, 0, 21, 90, 1572 }, // 8
    { 15, 21, 257, 1, 21, 79, 1662 }, // 9
    { 8, 16, 134, 0, 16, 32, 1741 }, // :
    { 10, 20, 134, -2, 16, 50, 1773 }, // ;
    { 15, 16, 267, 1, 18, 60, 1823 }, // <
    { 15, 9, 267, 1, 15, 34, 1883 }, // =
    { 15, 16, 267, 1, 18, 60, 1917 }, // >
    { 13, 21, 214, 2, 21, 69, 1977 }, // ?
    { 24, 24, 400, 1, 21, 144, 2046 }, // @
    { 19, 21, 293, -2, 21, 100, 2190 }, // A
    { 18, 21, 289, 0, 21, 95, 2290 }, // B
    { 19, 21, 286, 1, 21, 100, 2385 }, // C
    { 19, 21, 316, 0, 21, 100, 2485 }, // D
    { 17, 21, 253, 0, 21, 90, 2585 }, // E
    { 17, 21, 249, 0, 21, 90, 2675 }, // F
    { 19, 21, 322, 1, 21, 100, 2765 }, // G
    { 21, 21, 327, 0, 21, 111, 2865 }, // H
    { 14, 21, 179, -1, 21, 74, 2976 }, // I
    { 15, 27, 156, -5, 21, 102, 3050 }, // J
    { 21, 21, 286, 0, 21, 111, 3152 }, // K
    { 14, 21, 242, 0, 21, 74, 3263 }, // L
    { 26, 21, 411, 0, 21, 137, 3337 }, // M
    { 23, 21, 354, 0, 21, 121, 3474 }, // N
    { 20, 21, 341, 1, 21, 105, 3595 }, // O
    { 18, 21, 285, 0, 21, 95, 3700 }, // P
    { 20, 26, 341, 1, 21, 130, 3795 }, // Q
    { 18, 21, 289, 0, 21, 95, 3925 }, // R
    { 16, 21, 247, 0, 21, 84, 4020 }, // S
    { 16, 21, 248, 2, 21, 84, 4104 }, // T
    { 20, 21, 323, 1, 21, 105, 4188 }, // U
    { 18, 21, 275, 2, 21, 95, 4293 }, // V
    { 27, 21, 417, 2, 21, 142, 4388 }, // W
    { 23, 21, 285, -2, 21, 121, 4530 }, // X
    { 18, 21, 263, 2, 21, 95, 4651 }, // Y
    { 19, 21, 250, -1, 21, 100, 4746 }, // Z
    { 13, 26, 154, -1, 21, 85, 4846 }, // [
    { 8, 21, 198, 3, 21, 42, 4931 }, // <backslash>
    { 13, 26, 154, -2, 21, 85, 4973 }, // ]
    { 16, 14, 257, 0, 21, 56, 5058 }, // ^
    { 13, 2, 187, -3, -3, 7, 5114 }, // _
    { 7, 5, 151, 4, 22, 9, 5121 }, // `
    { 16, 16, 276, 1, 16, 64, 5130 }, // a
    { 17, 22, 278, 0, 22, 94, 5194 }, // b
    { 14, 16, 226, 1, 16, 56, 5288 }, // c
    { 18, 22, 277, 1, 22, 99, 5344 }, // d
    { 15, 16, 260, 1, 16, 60, 5443 }, // e
    { 19, 29, 175, -4, 22, 138, 5503 }, // f
    { 17, 23, 278, 0, 16, 98, 5641 }, // g
    { 17, 22, 282, 0, 22, 94, 5739 }, // h
    { 10, 22, 140, 0, 22, 55, 5833 }, // i
    { 14, 29, 140, -4, 22, 102, 5888 }, // j
    { 18, 22, 265, 0, 22, 99, 5990 }, // k
    { 10, 22, 140, 0, 22, 55, 6089 }, // l
    { 25, 16, 422, 0, 16, 100, 6144 }, // m
    { 17, 16, 282, 0, 16, 68, 6244 }, // n
    { 15, 16, 273, 1, 16, 60, 6312 }, // o
    { 18, 23, 278, -1, 16, 104, 6372 }, // p
    { 16, 23, 277, 1, 16, 92, 6476 }, // q
    { 14, 16, 197, 0, 16, 56, 6568 }, // r
    { 14, 16, 222, 0, 16, 56, 6624 }, // s
    { 12, 20, 191, 1, 20, 60, 6680 }, // t
    { 17, 16, 282, 1, 16, 68, 6740 }, // u
    { 16, 16, 239, 1, 16, 64, 6808 }, // v
    { 24, 16, 368, 1, 16, 96, 6872 }, // w
    { 19, 16, 249, -2, 16, 76, 6968 }, // x
    { 20, 23, 242, -3, 16, 115, 7044 }, // y
    { 15, 16, 219, -1, 16, 60, 7159 }, // z
    { 14, 26, 166, -1, 21, 91, 7219 }, // {
    { 4, 29, 257, 6, 22, 29, 7310 }, // |
    { 13, 26, 166, -2, 21, 85, 7339 }, // }
    { 15, 7, 267, 1, 14, 27, 7424 }, // ~
    { 0, 0, 121, 0, 0, 0, 0 }, // U+00A0
    { 10, 21, 133, -2, 16, 53, 0 }, // U+00A1
    { 14, 21, 257, 2, 21, 74, 53 }, // U+00A2
    { 19, 21, 257, -1, 21, 100, 127 }, // U+00A3
    { 15, 16, 257, 1, 18, 60, 227 }, // U+00A4
    { 18, 21, 257, 1, 21, 95, 287 }, // U+00A5
    { 4, 29, 257, 6, 22, 29, 382 }, // U+00A6
    { 15, 22, 227, 0, 22, 83, 411 }, // U+00A7
    { 11, 4, 259, 5, 22, 11, 494 }, // U+00A8
    { 22, 21, 388, 1, 21, 116, 505 }, // U+00A9
    { 11, 11, 177, 2, 22, 31, 621 }, // U+00AA
    { 16, 14, 264, 1, 15, 56, 652 }, // U+00AB
    { 15, 9, 267, 1, 13, 34, 708 }, // U+00AC
    { 9, 4, 151, 0, 10, 9, 742 }, // U+00AD
    { 22, 21, 388, 1, 21, 116, 751 }, // U+00AE
    { 15, 4, 200, 2, 26, 15, 867 }, // U+00AF
    { 11, 10, 198, 1, 21, 28, 882 }, // U+00B0
    { 15, 18, 267, 1, 18, 68, 910 }, // U+00B1
    { 12, 13, 177, 1, 25, 39, 978 }, // U+00B2
    { 11, 13, 177, 2, 25, 36, 1017 }, // U+00B3
    { 9, 5, 150, 3, 22, 12, 1053 }, // U+00B4
    { 19, 23, 285, -1, 16, 110, 1065 }, // U+00B5
    { 16, 26, 306, 2, 22, 104, 1175 }, // U+00B6
    { 7, 5, 134, 1, 13, 9, 1279 }, // U+00B7
    { 7, 7, 96, -3, 0, 13, 1288 }, // U+00B8
    { 10, 12, 177, 2, 24, 30, 1301 }, // U+00B9
    { 10, 11, 172, 2, 22, 28, 1331 }, // U+00BA
    { 16, 14, 262, 0, 15, 56, 1359 }, // U+00BB
    { 22, 20, 389, 2, 20, 110, 1415 }, // U+00BC
    { 23, 20, 416, 2, 20, 115, 1525 }, // U+00BD
    { 24, 21, 403, 1, 21, 126, 1640 }, // U+00BE
    { 13, 22, 217, -1, 16, 72, 1766 }, // U+00BF
    { 19, 27, 293, -2, 27, 129, 1838 }, // U+00C0
    { 20, 27, 293, -2, 27, 135, 1967 }, // U+00C1
    { 20, 27, 293, -2, 27, 135, 2102 }, // U+00C2
    { 21, 27, 293, -2, 27, 142, 2237 }, // U+00C3
    { 20, 27, 293, -2, 27, 135, 2379 }, // U+00C4
    { 19, 29, 293, -2, 29, 138, 2514 }, // U+00C5
    { 30, 21, 418, -2, 21, 158, 2652 }, // U+00C6
    { 19, 28, 286, 1, 21, 133, 2810 }, // U+00C7
    { 17, 27, 253, 0, 27, 115, 2943 }, // U+00C8
    { 17, 27, 253, 0, 27, 115, 3058 }, // U+00C9
    { 17, 27, 253, 0, 27, 115, 3173 }, // U+00CA
    { 17, 27, 253, 0, 27, 115, 3288 }, // U+00CB
    { 14, 27, 179, -1, 27, 95, 3403 }, // U+00CC
    { 16, 27, 179, -1, 27, 108, 3498 }, // U+00CD
    { 16, 27, 179, -1, 27, 108, 3606 }, // U+00CE
    { 15, 27, 179, -1, 27, 102, 3714 }, // U+00CF
    { 19, 21, 316, 0, 21, 100, 3816 }, // U+00D0
    { 23, 27, 354, 0, 27, 156, 3916 }, // U+00D1
    { 20, 27, 341, 1, 27, 135, 4072 }, // U+00D2
    { 20, 27, 341, 1, 27, 135, 4207 }, // U+00D3
    { 20, 27, 341, 1, 27, 135, 4342 }, // U+00D4
    { 20, 27, 341, 1, 27, 135, 4477 }, // U+00D5
    { 20, 27, 341, 1, 27, 135, 4612 }, // U+00D6
    { 14, 14, 267, 2, 17, 49, 4747 }, // U+00D7
    { 20, 23, 341, 1, 22, 115, 4796 }, // U+00D8
    { 20, 27, 323, 1, 27, 135, 4911 }, // U+00D9
    { 20, 27, 323, 1, 27, 135, 5046 }, // U+00DA
    { 20, 27, 323, 1, 27, 135, 5181 }, // U+00DB
    { 20, 27, 323, 1, 27, 135, 5316 }, // U+00DC
    { 18, 27, 263, 2, 27, 122, 5451 }, // U+00DD
    { 17, 21, 281, 0, 21, 90, 5573 }, // U+00DE
    { 23, 29, 308, -4, 22, 167, 5663 }, // U+00DF
    { 16, 22, 276, 1, 22, 88, 5830 }, // U+00E0
    { 16, 22, 276, 1, 22, 88, 5918 }, // U+00E1
    { 16, 22, 276, 1, 22, 88, 6006 }, // U+00E2
    { 17, 22, 276, 1, 22, 94, 6094 }, // U+00E3
    { 16, 22, 276, 1, 22, 88, 6188 }, // U+00E4
    { 16, 24, 276, 1, 24, 96, 6276 }, // U+00E5
    { 24, 16, 407, 1, 16, 96, 6372 }, // U+00E6
    { 14, 23, 226, 1, 16, 81, 6468 }, // U+00E7
    { 15, 22, 260, 1, 22, 83, 6549 }, // U+00E8
    { 15, 22, 260, 1, 22, 83, 6632 }, // U+00E9
    { 16, 22, 260, 1, 22, 88, 6715 }, // U+00EA
    { 15, 22, 260, 1, 22, 83, 6803 }, // U+00EB
    { 9, 22, 140, 0, 22, 50, 6886 }, // U+00EC
    { 12, 22, 140, 0, 22, 66, 6936 }, // U+00ED
    { 12, 22, 140, 0, 22, 66, 7002 }, // U+00EE
    { 12, 22, 140, 0, 22, 66, 7068 }, // U+00EF
    { 16, 23, 269, 1, 23, 92, 7134 }, // U+00F0
    { 18, 22, 282, 0, 22, 99, 7226 }, // U+00F1
    { 15, 22, 275, 1, 22, 83, 7325 }, // U+00F2
    { 15, 22, 275, 1, 22, 83, 7408 }, // U+00F3
    { 15, 22, 275, 1, 22, 83, 7491 }, // U+00F4
    { 16, 22, 275, 1, 22, 88, 7574 }, // U+00F5
    { 15, 22, 275, 1, 22, 83, 7662 }, // U+00F6
    { 15, 14, 267, 1, 17, 53, 7745 }, // U+00F7
    { 17, 19, 273, 0, 17, 81, 7798 }, // U+00F8
    { 17, 22, 282, 1, 22, 94, 7879 }, // U+00F9
    { 17, 22, 282, 1, 22, 94, 7973 }, // U+00FA
    { 17, 22, 282, 1, 22, 94, 8067 }, // U+00FB
    { 17, 22, 282, 1, 22, 94, 8161 }, // U+00FC
    { 20, 29, 242, -3, 22, 145, 8255 }, // U+00FD
    { 18, 29, 278, -1, 22, 131, 8400 }, // U+00FE
    { 20, 29, 242, -3, 22, 145, 8531 }, // U+00FF
    { 20, 25, 293, -2, 25, 125, 0 }, // U+0100
    { 16, 21, 276, 1, 21, 84, 125 }, // U+0101
    { 20, 27, 293, -2, 27, 135, 209 }, // U+0102
    { 16, 22, 276, 1, 22, 88, 344 }, // U+0103
    { 19, 28, 293, -2, 21, 133, 432 }, // U+0104
    { 16, 23, 276, 1, 16, 92, 565 }, // U+0105
    { 19, 27, 286, 1, 27, 129, 657 }, // U+0106
    { 15, 22, 226, 1, 22, 83, 786 }, // U+0107
    { 19, 27, 286, 1, 27, 129, 869 }, // U+0108
    { 15, 22, 226, 1, 22, 83, 998 }, // U+0109
    { 19, 27, 286, 1, 27, 129, 1081 }, // U+010A
    { 14, 22, 226, 1, 22, 77, 1210 }, // U+010B
    { 19, 27, 286, 1, 27, 129, 1287 }, // U+010C
    { 16, 22, 226, 1, 22, 88, 1416 }, // U+010D
    { 20, 27, 316, 0, 27, 135, 1504 }, // U+010E
    { 24, 22, 317, 1, 22, 132, 1639 }, // U+010F
    { 19, 21, 316, 0, 21, 100, 1771 }, // U+0110
    { 19, 22, 277, 1, 22, 105, 1871 }, // U+0111
    { 17, 25, 253, 0, 25, 107, 1976 }, // U+0112
    { 15, 21, 260, 1, 21, 79, 2083 }, // U+0113
    { 18, 27, 253, 0, 27, 122, 2162 }, // U+0114
    { 15, 22, 260, 1, 22, 83, 2284 }, // U+0115
    { 17, 27, 253, 0, 27, 115, 2367 }, // U+0116
    { 15, 22, 260, 1, 22, 83, 2482 }, // U+0117
    { 17, 28, 253, 0, 21, 119, 2565 }, // U+0118
    { 15, 23, 260, 1, 16, 87, 2684 }, // U+0119
    { 19, 27, 253, 0, 27, 129, 2771 }, // U+011A
    { 17, 22, 260, 1, 22, 94, 2900 }, // U+011B
    { 19, 27, 322, 1, 27, 129, 2994 }, // U+011C
    { 17, 29, 278, 0, 22, 124, 3123 }, // U+011D
    { 19, 27, 322, 1, 27, 129, 3247 }, // U+011E
    { 17, 29, 278, 0, 22, 124, 3376 }, // U+011F
    { 19, 27, 322, 1, 27, 129, 3500 }, // U+0120
    { 17, 29, 278, 0, 22, 124, 3629 }, // U+0121
    { 19, 27, 322, 1, 21, 129, 3753 }, // U+0122
    { 17, 29, 278, 0, 22, 124, 3882 }, // U+0123
    { 21, 27, 327, 0, 27, 142, 4006 }, // U+0124
    { 17, 28, 282, 0, 28, 119, 4148 }, // U+0125
    { 23, 21, 327, 0, 21, 121, 4267 }, // U+0126
    { 16, 22, 282, 0, 22, 88, 4388 }, // U+0127
    { 16, 27, 179, -1, 27, 108, 4476 }, // U+0128
    { 13, 22, 140, 0, 22, 72, 4584 }, // U+0129
    { 15, 25, 179, -1, 25, 94, 4656 }, // U+012A
    { 12, 21, 140, 0, 21, 63, 4750 }, // U+012B
    { 16, 27, 179, -1, 27, 108, 4813 }, // U+012C
    { 13, 22, 140, 0, 22, 72, 4921 }, // U+012D
    { 14, 28, 179, -1, 21, 98, 4993 }, // U+012E
    { 12, 29, 140, -2, 22, 87, 5091 }, // U+012F
    { 14, 27, 179, -1, 27, 95, 5178 }, // U+0130
    { 9, 16, 140, 0, 16, 36, 5273 }, // U+0131
    { 23, 27, 333, -1, 21, 156, 5309 }, // U+0132
    { 19, 29, 279, 0, 22, 138, 5465 }, // U+0133
    { 19, 34, 156, -5, 28, 162, 5603 }, // U+0134
    { 16, 29, 140, -4, 22, 116, 5765 }, // U+0135
    { 21, 28, 293, 0, 21, 147, 5881 }, // U+0136
    { 18, 29, 265, 0, 22, 131, 6028 }, // U+0137
    { 18, 16, 265, 0, 16, 72, 6159 }, // U+0138
    { 15, 27, 242, 0, 27, 102, 6231 }, // U+0139
    { 14, 28, 140, 0, 28, 98, 6333 }, // U+013A
    { 14, 28, 242, 0, 21, 98, 6431 }, // U+013B
    { 12, 29, 140, -2, 22, 87, 6529 }, // U+013C
    { 17, 21, 242, 0, 21, 90, 6616 }, // U+013D
    { 16, 22, 177, 0, 22, 88, 6706 }, // U+013E
    { 15, 21, 242, 0, 21, 79, 6794 }, // U+013F
    { 14, 22, 206, 0, 22, 77, 6873 }, // U+0140
    { 15, 21, 242, -1, 21, 79, 6950 }, // U+0141
    { 11, 22, 153, 0, 22, 61, 7029 }, // U+0142
    { 23, 27, 354, 0, 27, 156, 7090 }, // U+0143
    { 17, 22, 282, 0, 22, 94, 7246 }, // U+0144
    { 23, 28, 354, 0, 21, 161, 7340 }, // U+0145
    { 17, 23, 282, 0, 16, 98, 7501 }, // U+0146
    { 23, 27, 354, 0, 27, 156, 7599 }, // U+0147
    { 18, 22, 282, 0, 22, 99, 7755 }, // U+0148
    { 20, 21, 330, 0, 21, 105, 7854 }, // U+0149
    { 23, 27, 352, 0, 21, 156, 7959 }, // U+014A
    { 17, 23, 282, 0, 16, 98, 8115 }, // U+014B
    { 20, 25, 341, 1, 25, 125, 8213 }, // U+014C
    { 15, 21, 275, 1, 21, 79, 8338 }, // U+014D
    { 20, 27, 341, 1, 27, 135, 8417 }, // U+014E
    { 16, 22, 275, 1, 22, 88, 8552 }, // U+014F
    { 22, 27, 341, 1, 27, 149, 8640 }, // U+0150
    { 19, 22, 275, 1, 22, 105, 8789 }, // U+0151
    { 27, 21, 421, 1, 21, 142, 8894 }, // U+0152
    { 24, 16, 412, 1, 16, 96, 9036 }, // U+0153
    { 18, 27, 289, 0, 27, 122, 9132 }, // U+0154
    { 15, 22, 197, 0, 22, 83, 9254 }, // U+0155
    { 18, 28, 289, 0, 21, 126, 9337 }, // U+0156
    { 15, 23, 197, -1, 16, 87, 9463 }, // U+0157
    { 19, 27, 289, 0, 27, 129, 9550 }, // U+0158
    { 16, 22, 197, 0, 22, 88, 9679 }, // U+0159
    { 17, 27, 248, 0, 27, 115, 9767 }, // U+015A
    { 15, 22, 222, 0, 22, 83, 9882 }, // U+015B
    { 17, 27, 248, 0, 27, 115, 9965 }, // U+015C
    { 15, 22, 222, 0, 22, 83, 10080 }, // U+015D
    { 16, 28, 248, 0, 21, 112, 10163 }, // U+015E
    { 14, 23, 222, 0, 16, 81, 10275 }, // U+015F
    { 18, 27, 248, 0, 27, 122, 10356 }, // U+0160
    { 16, 22, 222, 0, 22, 88, 10478 }, // U+0161
    { 16, 28, 248, 2, 21, 112, 10566 }, // U+0162
    { 12, 26, 191, 1, 19, 78, 10678 }, // U+0163
    { 16, 27, 248, 2, 27, 108, 10756 }, // U+0164
    { 15, 22, 191, 1, 22, 83, 10864 }, // U+0165
    { 16, 21, 248, 2, 21, 84, 10947 }, // U+0166
    { 13, 20, 191, 0, 20, 65, 11031 }, // U+0167
    { 20, 27, 323, 1, 27, 135, 11096 }, // U+0168
    { 17, 22, 282, 1, 22, 94, 11231 }, // U+0169
    { 20, 25, 323, 1, 25, 125, 11325 }, // U+016A
    { 17, 21, 282, 1, 21, 90, 11450 }, // U+016B
    { 20, 27, 323, 1, 27, 135, 11540 }, // U+016C
    { 17, 22, 282, 1, 22, 94, 11675 }, // U+016D
    { 20, 29, 323, 1, 29, 145, 11769 }, // U+016E
    { 17, 24, 282, 1, 24, 102, 11914 }, // U+016F
    { 21, 27, 323, 1, 27, 142, 12016 }, // U+0170
    { 19, 22, 282, 1, 22, 105, 12158 }, // U+0171
    { 20, 28, 323, 1, 21, 140, 12263 }, // U+0172
    { 17, 23, 282, 1, 16, 98, 12403 }, // U+0173
    { 27, 27, 422, 2, 27, 183, 12501 }, // U+0174
    { 24, 22, 368, 1, 22, 132, 12684 }, // U+0175
    { 18, 27, 263, 2, 27, 122, 12816 }, // U+0176
    { 20, 29, 242, -3, 22, 145, 12938 }, // U+0177
    { 18, 27, 263, 2, 27, 122, 13083 }, // U+0178
    { 19, 27, 250, -1, 27, 129, 13205 }, // U+0179
    { 16, 22, 219, -1, 22, 88, 13334 }, // U+017A
    { 19, 27, 250, -1, 27, 129, 13422 }, // U+017B
    { 15, 22, 219, -1, 22, 83, 13551 }, // U+017C
    { 19, 27, 250, -1, 27, 129, 13634 }, // U+017D
    { 17, 22, 219, -1, 22, 94, 13763 }, // U+017E
    { 18, 29, 167, -4, 22, 131, 13857 }, // U+017F
    { 25, 22, 360, 1, 22, 138, 0 }, // U+01A0
    { 21, 19, 300, 1, 19, 100, 138 }, // U+01A1
    { 25, 22, 362, 2, 22, 138, 238 }, // U+01AF
    { 23, 19, 332, 1, 19, 110, 376 }, // U+01B0
    { 38, 27, 566, 0, 27, 257, 486 }, // U+01C4
    { 36, 22, 528, 0, 22, 198, 743 }, // U+01C5
    { 32, 22, 490, 1, 22, 176, 941 }, // U+01C6
    { 26, 27, 396, 0, 21, 176, 1117 }, // U+01C7
    { 25, 29, 380, 0, 22, 182, 1293 }, // U+01C8
    { 19, 29, 279, 0, 22, 138, 1475 }, // U+01C9
    { 32, 27, 507, 0, 21, 216, 1613 }, // U+01CA
    { 32, 29, 491, 0, 22, 232, 1829 }, // U+01CB
    { 28, 29, 421, 0, 22, 203, 2061 }, // U+01CC
    { 21, 27, 293, -2, 27, 142, 2264 }, // U+01CD
    { 17, 22, 276, 1, 22, 94, 2406 }, // U+01CE
    { 17, 27, 179, -1, 27, 115, 2500 }, // U+01CF
    { 14, 22, 140, 0, 22, 77, 2615 }, // U+01D0
    { 20, 27, 341, 1, 27, 135, 2692 }, // U+01D1
    { 17, 22, 275, 1, 22, 94, 2827 }, // U+01D2
    { 20, 27, 323, 1, 27, 135, 2921 }, // U+01D3
    { 17, 22, 282, 1, 22, 94, 3056 }, // U+01D4
    { 20, 30, 323, 1, 30, 150, 3150 }, // U+01D5
    { 17, 25, 282, 1, 25, 107, 3300 }, // U+01D6
    { 20, 31, 323, 1, 31, 155, 3407 }, // U+01D7
    { 17, 26, 282, 1, 26, 111, 3562 }, // U+01D8
    { 20, 31, 323, 1, 31, 155, 3673 }, // U+01D9
    { 17, 26, 282, 1, 26, 111, 3828 }, // U+01DA
    { 20, 30, 323, 1, 30, 150, 3939 }, // U+01DB
    { 17, 26, 282, 1, 26, 111, 4089 }, // U+01DC
    { 15, 16, 260, 0, 16, 60, 4200 }, // U+01DD
    { 21, 30, 293, -2, 30, 158, 4260 }, // U+01DE
    { 16, 25, 276, 1, 25, 100, 4418 }, // U+01DF
    { 20, 30, 293, -2, 30, 150, 4518 }, // U+01E0
    { 16, 25, 276, 1, 25, 100, 4668 }, // U+01E1
    { 30, 25, 418, -2, 25, 188, 4768 }, // U+01E2
    { 24, 21, 407, 1, 21, 126, 4956 }, // U+01E3
    { 19, 21, 322, 1, 21, 100, 5082 }, // U+01E4
    { 17, 23, 277, 0, 16, 98, 5182 }, // U+01E5
    { 20, 27, 322, 1, 27, 135, 5280 }, // U+01E6
    { 18, 29, 278, 0, 22, 131, 5415 }, // U+01E7
    { 21, 27, 293, 0, 27, 142, 5546 }, // U+01E8
    { 18, 28, 265, 0, 28, 126, 5688 }, // U+01E9
    { 20, 28, 341, 1, 21, 140, 5814 }, // U+01EA
    { 15, 23, 275, 1, 16, 87, 5954 }, // U+01EB
    { 20, 32, 341, 1, 25, 160, 6041 }, // U+01EC
    { 15, 28, 275, 1, 21, 105, 6201 }, // U+01ED
    { 19, 27, 260, -1, 27, 129, 6306 }, // U+01EE
    { 18, 29, 255, -2, 22, 131, 6435 }, // U+01EF
    { 18, 29, 140, -4, 22, 131, 6566 }, // U+01F0
    { 37, 21, 566, 0, 21, 195, 6697 }, // U+01F1
    { 34, 21, 535, 0, 21, 179, 6892 }, // U+01F2
    { 31, 22, 497, 1, 22, 171, 7071 }, // U+01F3
    { 19, 27, 322, 1, 27, 129, 7242 }, // U+01F4
    { 17, 29, 278, 0, 22, 124, 7371 }, // U+01F5
    { 29, 21, 470, 0, 21, 153, 7495 }, // U+01F6
    { 21, 28, 301, -1, 21, 147, 7648 }, // U+01F7
    { 23, 27, 354, 0, 27, 156, 7795 }, // U+01F8
    { 17, 22, 282, 0, 22, 94, 7951 }, // U+01F9
    { 21, 28, 293, -2, 28, 147, 8045 }, // U+01FA
    { 17, 28, 276, 1, 28, 119, 8192 }, // U+01FB
    { 30, 27, 418, -2, 27, 203, 8311 }, // U+01FC
    { 24, 22, 407, 1, 22, 132, 8514 }, // U+01FD
    { 20, 28, 341, 1, 27, 140, 8646 }, // U+01FE
    { 17, 24, 273, 0, 22, 102, 8786 }, // U+01FF
    { 19, 27, 293, -2, 27, 129, 8888 }, // U+0200
    { 16, 22, 276, 1, 22, 88, 9017 }, // U+0201
    { 20, 28, 293, -2, 28, 140, 9105 }, // U+0202
    { 16, 22, 276, 1, 22, 88, 9245 }, // U+0203
    { 17, 27, 253, 0, 27, 115, 9333 }, // U+0204
    { 15, 22, 260, 1, 22, 83, 9448 }, // U+0205
    { 17, 28, 253, 0, 28, 119, 9531 }, // U+0206
    { 15, 22, 260, 1, 22, 83, 9650 }, // U+0207
    { 14, 27, 179, -1, 27, 95, 9733 }, // U+0208
    { 12, 22, 140, -2, 22, 66, 9828 }, // U+0209
    { 15, 28, 179, -1, 28, 105, 9894 }, // U+020A
    { 12, 22, 140, 0, 22, 66, 9999 }, // U+020B
    { 20, 27, 341, 1, 27, 135, 10065 }, // U+020C
    { 15, 22, 275, 1, 22, 83, 10200 }, // U+020D
    { 20, 28, 341, 1, 28, 140, 10283 }, // U+020E
    { 15, 22, 275, 1, 22, 83, 10423 }, // U+020F
    { 18, 27, 289, 0, 27, 122, 10506 }, // U+0210
    { 14, 22, 197, 0, 22, 77, 10628 }, // U+0211
    { 18, 28, 289, 0, 28, 126, 10705 }, // U+0212
    { 15, 22, 197, 0, 22, 83, 10831 }, // U+0213
    { 20, 27, 323, 1, 27, 135, 10914 }, // U+0214
    { 17, 22, 282, 1, 22, 94, 11049 }, // U+0215
    { 20, 28, 323, 1, 28, 140, 11143 }, // U+0216
    { 17, 22, 282, 1, 22, 94, 11283 }, // U+0217
    { 16, 27, 248, 0, 21, 108, 11377 }, // U+0218
    { 14, 22, 222, 0, 16, 77, 11485 }, // U+0219
    { 16, 28, 248, 2, 21, 112, 11562 }, // U+021A
    { 12, 26, 191, 1, 20, 78, 11674 }, // U+021B
    { 21, 26, 294, -2, 21, 137, 11752 }, // U+021C
    { 18, 23, 236, -3, 16, 104, 11889 }, // U+021D
    { 21, 27, 327, 0, 27, 142, 11993 }, // U+021E
    { 17, 28, 282, 0, 28, 119, 12135 }, // U+021F
    { 16, 16, 272, 1, 16, 64, 0 }, // U+0250
    { 16, 16, 286, 1, 16, 64, 64 }, // U+0251
    { 16, 16, 286, 1, 16, 64, 128 }, // U+0252
    { 17, 22, 278, 0, 22, 94, 192 }, // U+0253
    { 14, 16, 226, -1, 16, 56, 286 }, // U+0254
    { 16, 18, 233, -1, 16, 72, 342 }, // U+0255
    { 18, 29, 277, 1, 22, 131, 414 }, // U+0256
    { 20, 22, 277, 1, 22, 110, 545 }, // U+0257
    { 15, 16, 253, 0, 16, 60, 655 }, // U+0258
    { 15, 16, 260, 0, 16, 60, 715 }, // U+0259
    { 24, 16, 367, 0, 16, 96, 775 }, // U+025A
    { 14, 16, 241, 0, 16, 56, 871 }, // U+025B
    { 15, 16, 246, 0, 16, 60, 927 }, // U+025C
    { 23, 16, 347, 0, 16, 92, 987 }, // U+025D
    { 16, 16, 280, 1, 16, 64, 1079 }, // U+025E
    { 14, 23, 140, -4, 16, 81, 1143 }, // U+025F
    { 21, 29, 278, 0, 22, 153, 1224 }, // U+0260
    { 17, 23, 278, 0, 16, 98, 1377 }, // U+0261
    { 15, 16, 270, 1, 16, 60, 1475 }, // U+0262
    { 17, 23, 239, 0, 16, 98, 1535 }, // U+0263
    { 17, 16, 257, 1, 16, 68, 1633 }, // U+0264
    { 17, 23, 282, 1, 16, 98, 1701 }, // U+0265
    { 17, 22, 282, 0, 22, 94, 1799 }, // U+0266
    { 17, 29, 282, 0, 22, 124, 1893 }, // U+0267
    { 11, 22, 140, -1, 22, 61, 2017 }, // U+0268
    { 9, 16, 175, 1, 16, 36, 2078 }, // U+0269
    { 13, 16, 147, -2, 16, 52, 2114 }, // U+026A
    { 14, 22, 194, 0, 22, 77, 2166 }, // U+026B
    { 13, 22, 185, 0, 22, 72, 2243 }, // U+026C
    { 10, 29, 139, 0, 22, 73, 2315 }, // U+026D
    { 21, 29, 337, 0, 22, 153, 2388 }, // U+026E
    { 25, 16, 422, 1, 16, 100, 2541 }, // U+026F
    { 25, 23, 422, 1, 16, 144, 2641 }, // U+0270
    { 25, 23, 422, 0, 16, 144, 2785 }, // U+0271
    { 21, 23, 282, -4, 16, 121, 2929 }, // U+0272
    { 17, 23, 282, 0, 16, 98, 3050 }, // U+0273
    { 19, 16, 297, 0, 16, 76, 3148 }, // U+0274
    { 15, 16, 275, 1, 16, 60, 3224 }, // U+0275
    { 24, 16, 386, 1, 16, 96, 3284 }, // U+0276
    { 22, 16, 373, 0, 16, 88, 3380 }, // U+0277
    { 20, 29, 356, 1, 22, 145, 3468 }, // U+0278
    { 14, 16, 197, -2, 16, 56, 3613 }, // U+0279
    { 16, 22, 200, -2, 22, 88, 3669 }, // U+027A
    { 14, 23, 197, -2, 16, 81, 3757 }, // U+027B
    { 15, 23, 197, -1, 16, 87, 3838 }, // U+027C
    { 14, 23, 197, 0, 16, 81, 3925 }, // U+027D
    { 13, 16, 175, 0, 16, 52, 4006 }, // U+027E
    { 9, 23, 169, 1, 16, 52, 4058 }, // U+027F
    { 14, 16, 253, 0, 16, 56, 4110 }, // U+0280
    { 19, 16, 273, 0, 16, 76, 4166 }, // U+0281
    { 16, 23, 222, -2, 16, 92, 4242 }, // U+0282
    { 16, 29, 139, -4, 22, 116, 4334 }, // U+0283
    { 16, 29, 139, -4, 22, 116, 4450 }, // U+0284
    { 8, 23, 142, 0, 16, 46, 4566 }, // U+0285
    { 18, 29, 139, -6, 22, 131, 4612 }, // U+0286
    { 12, 20, 191, -1, 16, 60, 4743 }, // U+0287
    { 13, 26, 191, 0, 19, 85, 4803 }, // U+0288
    { 20, 16, 282, -1, 16, 80, 4888 }, // U+0289
    { 20, 16, 298, 0, 16, 80, 4968 }, // U+028A
    { 17, 16, 291, 1, 16, 68, 5048 }, // U+028B
    { 16, 16, 239, -2, 16, 64, 5116 }, // U+028C
    { 24, 16, 368, -2, 16, 96, 5180 }, // U+028D
    { 20, 23, 242, -2, 23, 115, 5276 }, // U+028E
    { 15, 16, 215, 1, 16, 60, 5391 }, // U+028F
    { 15, 23, 219, -1, 16, 87, 5451 }, // U+0290
    { 17, 19, 260, -1, 16, 81, 5538 }, // U+0291
    { 18, 23, 255, -2, 16, 104, 5619 }, // U+0292
    { 19, 24, 255, -3, 16, 114, 5723 }, // U+0293
    { 14, 22, 224, 2, 22, 77, 5837 }, // U+0294
    { 15, 22, 225, 2, 22, 83, 5914 }, // U+0295
    { 14, 22, 225, -1, 22, 77, 5997 }, // U+0296
    { 16, 23, 240, 0, 16, 92, 6074 }, // U+0297
    { 20, 21, 341, 1, 21, 105, 6166 }, // U+0298
    { 15, 16, 246, 0, 16, 60, 6271 }, // U+0299
    { 17, 16, 280, 0, 16, 68, 6331 }, // U+029A
    { 19, 22, 275, 1, 22, 105, 6399 }, // U+029B
    { 17, 16, 272, 0, 16, 68, 6504 }, // U+029C
    { 16, 29, 140, -6, 22, 116, 6572 }, // U+029D
    { 19, 23, 265, -2, 16, 110, 6688 }, // U+029E
    { 11, 16, 201, 0, 16, 44, 6798 }, // U+029F
    { 20, 29, 277, 1, 22, 145, 6842 }, // U+02A0
    { 16, 22, 224, 0, 22, 88, 6987 }, // U+02A1
    { 14, 22, 224, 2, 22, 77, 7075 }, // U+02A2
    { 27, 22, 435, 1, 22, 149, 7152 }, // U+02A3
    { 28, 29, 475, 1, 22, 203, 7301 }, // U+02A4
    { 29, 25, 484, 1, 22, 182, 7504 }, // U+02A5
    { 21, 19, 361, 1, 19, 100, 7686 }, // U+02A6
    { 20, 29, 281, 1, 22, 145, 7786 }, // U+02A7
    { 24, 20, 392, 1, 20, 120, 7931 }, // U+02A8
    { 29, 29, 421, -4, 22, 211, 8051 }, // U+02A9
    { 21, 22, 337, 0, 22, 116, 8262 }, // U+02AA
    { 20, 22, 306, 0, 22, 110, 8378 }, // U+02AB
    { 18, 21, 241, 0, 21, 95, 8488 }, // U+02AC
    { 18, 21, 274, 0, 21, 95, 8583 }, // U+02AD
    { 18, 23, 284, 0, 16, 104, 8678 }, // U+02AE
    { 18, 23, 284, 0, 16, 104, 8782 }, // U+02AF
    { 12, 14, 183, 1, 22, 42, 8886 }, // U+02B0
    { 12, 14, 183, 1, 22, 42, 8928 }, // U+02B1
    { 9, 18, 91, -1, 22, 41, 8970 }, // U+02B2
    { 10, 10, 128, 1, 18, 25, 9011 }, // U+02B3
    { 10, 10, 128, 0, 18, 25, 9036 }, // U+02B4
    { 10, 14, 128, 0, 18, 35, 9061 }, // U+02B5
    { 13, 10, 177, 1, 18, 33, 9096 }, // U+02B6
    { 16, 10, 239, 2, 18, 40, 9129 }, // U+02B7
    { 8, 7, 101, 1, 21, 14, 9169 }, // U+02BC
    { 6, 8, 84, 2, 22, 12, 9183 }, // U+02C8
    { 10, 3, 179, 3, 20, 8, 9195 }, // U+02C9
    { 9, 5, 150, 3, 22, 12, 9203 }, // U+02CA
    { 7, 5, 151, 4, 22, 9, 9215 }, // U+02CB
    { 5, 8, 84, -2, 2, 10, 9224 }, // U+02CC
    { 10, 3, 179, -2, -2, 8, 9234 }, // U+02CD
    { 7, 5, 151, -1, -1, 9, 9242 }, // U+02CE
    { 9, 5, 150, -2, -1, 12, 9251 }, // U+02CF
    { 10, 15, 133, -1, 15, 38, 9263 }, // U+02D0
    { 6, 4, 133, 3, 15, 6, 9301 }, // U+02D1
    { 7, 14, 91, 1, 22, 25, 9307 }, // U+02E1
    { 8, 5, 0, -13, 22, 10, 0 }, // U+0300
    { 9, 5, 0, -7, 22, 12, 10 }, // U+0301
    { 12, 5, 0, -4, 22, 15, 22 }, // U+0302
    { 13, 5, 0, -13, 22, 17, 37 }, // U+0303
    { 10, 3, 0, -3, 20, 8, 54 }, // U+0304
    { 14, 4, 0, -4, 25, 14, 62 }, // U+0305
    { 11, 5, 0, -3, 22, 14, 76 }, // U+0306
    { 5, 4, 0, 0, 22, 5, 90 }, // U+0307
    { 11, 4, 0, -3, 22, 11, 95 }, // U+0308
    { 7, 8, 0, -9, 25, 14, 106 }, // U+0309
    { 8, 7, 0, -1, 24, 14, 120 }, // U+030A
    { 14, 5, 0, -3, 22, 18, 134 }, // U+030B
    { 12, 5, 0, -3, 22, 15, 152 }, // U+030C
    { 5, 8, 0, 0, 22, 10, 167 }, // U+030D
    { 10, 5, 0, -2, 22, 13, 177 }, // U+030E
    { 12, 5, 0, -14, 22, 15, 190 }, // U+030F
    { 11, 7, 0, -3, 24, 20, 205 }, // U+0310
    { 11, 6, 0, -3, 23, 17, 225 }, // U+0311
    { 8, 7, 0, -2, 21, 14, 242 }, // U+0312
    { 8, 7, 0, -2, 21, 14, 256 }, // U+0313
    { 5, 7, 0, 0, 21, 9, 270 }, // U+0314
    { 8, 7, 0, -2, 21, 14, 279 }, // U+0315
    { 7, 5, 0, -6, -1, 9, 293 }, // U+0316
    { 9, 5, 0, -7, -1, 12, 302 }, // U+0317
    { 7, 6, 0, -6, 0, 11, 314 }, // U+0318
    { 7, 6, 0, -6, 0, 11, 325 }, // U+0319
    { 10, 8, 147, 2, 22, 20, 336 }, // U+031A
    { 9, 7, 0, -2, 22, 16, 356 }, // U+031B
    { 5, 8, 0, -2, 1, 10, 372 }, // U+031C
    { 7, 5, 0, -6, -1, 9, 382 }, // U+031D
    { 8, 5, 0, -6, -1, 10, 391 }, // U+031E
    { 7, 6, 0, -6, -1, 11, 401 }, // U+031F
    { 7, 2, 0, -6, -3, 4, 412 }, // U+0320
    { 9, 9, 0, -7, 2, 21, 416 }, // U+0321
    { 8, 8, 0, -4, 1, 16, 437 }, // U+0322
    { 6, 4, 0, -14, -2, 6, 453 }, // U+0323
    { 11, 4, 0, -8, -2, 11, 459 }, // U+0324
    { 9, 7, 0, -7, 0, 16, 470 }, // U+0325
    { 7, 5, 0, 1, -1, 9, 486 }, // U+0326
    { 8, 7, 0, -6, 0, 14, 495 }, // U+0327
    { 7, 7, 0, -6, 0, 13, 509 }, // U+0328
    { 6, 8, 0, -5, -1, 12, 522 }, // U+0329
    { 13, 5, 0, -9, -1, 17, 534 }, // U+032A
    { 12, 5, 0, -8, -1, 15, 551 }, // U+032B
    { 13, 5, 0, -8, -1, 17, 566 }, // U+032C
    { 13, 5, 0, -9, -1, 17, 583 }, // U+032D
    { 12, 5, 0, -8, -1, 15, 600 }, // U+032E
    { 11, 6, 0, -8, 0, 17, 615 }, // U+032F
    { 13, 5, 0, -9, -1, 17, 632 }, // U+0330
    { 11, 3, 0, -8, -2, 9, 649 }, // U+0331
    { 14, 2, 0, -9, -3, 7, 658 }, // U+0332
    { 14, 6, 0, -10, 0, 21, 665 }, // U+0333
    { 13, 5, 0, -7, 11, 17, 686 }, // U+0334
    { 13, 4, 0, -7, 10, 13, 703 }, // U+0335
    { 22, 4, 0, -11, 11, 22, 716 }, // U+0336
    { 12, 9, 0, -6, 13, 27, 738 }, // U+0337
    { 18, 24, 0, -9, 22, 108, 765 }, // U+0338
    { 6, 7, 0, -3, 0, 11, 873 }, // U+0339
    { 12, 5, 0, -8, -1, 15, 884 }, // U+033A
    { 12, 6, 0, -8, -1, 18, 899 }, // U+033B
    { 12, 4, 0, -8, -2, 12, 917 }, // U+033C
    { 8, 7, 0, -1, 23, 14, 929 }, // U+033D
    { 7, 9, 0, -1, 25, 16, 943 }, // U+033E
    { 14, 6, 0, -4, 28, 21, 959 }, // U+033F
    { 7, 5, 0, -3, 22, 9, 980 }, // U+0340
    { 8, 5, 0, 0, 22, 10, 989 }, // U+0341
    { 13, 5, 0, 4, 22, 17, 999 }, // U+0342
    { 6, 6, 0, 0, 22, 9, 1016 }, // U+0343
    { 17, 5, 0, -5, 22, 22, 1025 }, // U+0344
    { 6, 5, 0, -4, -2, 8, 1047 }, // U+0345
    { 13, 5, 0, -4, 22, 17, 1055 }, // U+0346
    { 14, 6, 0, -10, 0, 21, 1072 }, // U+0347
    { 10, 5, 0, -7, -1, 13, 1093 }, // U+0348
    { 6, 6, 0, -5, -1, 9, 1106 }, // U+0349
    { 11, 8, 0, -3, 23, 22, 1115 }, // U+034A
    { 12, 11, 0, -3, 27, 33, 1137 }, // U+034B
    { 12, 8, 0, -3, 25, 24, 1170 }, // U+034C
    { 11, 6, 0, -8, -1, 17, 1194 }, // U+034D
    { 6, 7, 0, -5, 0, 11, 1211 }, // U+034E
    { 0, 0, 0, 0, 0, 0, 1222 }, // U+034F
    { 5, 6, 0, 0, 23, 8, 1222 }, // U+0350
    { 6, 8, 0, 3, 25, 12, 1230 }, // U+0351
    { 11, 7, 0, -3, 24, 20, 1242 }, // U+0352
    { 7, 7, 0, -5, 0, 13, 1262 }, // U+0353
    { 6, 6, 0, -5, -1, 9, 1275 }, // U+0354
    { 6, 6, 0, -4, -1, 9, 1284 }, // U+0355
    { 12, 6, 0, -7, -1, 18, 1293 }, // U+0356
    { 6, 7, 0, 2, 24, 11, 1311 }, // U+0357
    { 5, 4, 0, 0, 22, 5, 1322 }, // U+0358
    { 7, 6, 0, -6, -1, 11, 1327 }, // U+0359
    { 12, 7, 0, -8, -1, 21, 1338 }, // U+035A
    { 6, 6, 0, 0, 23, 9, 1359 }, // U+035B
    { 23, 6, 0, -13, -1, 35, 1368 }, // U+035C
    { 23, 6, 0, -9, 23, 35, 1403 }, // U+035D
    { 17, 4, 0, -6, 21, 17, 1438 }, // U+035E
    { 16, 4, 0, -10, 0, 16, 1455 }, // U+035F
    { 24, 4, 0, -9, 22, 24, 1471 }, // U+0360
    { 23, 7, 0, -8, 26, 41, 1495 }, // U+0361
    { 24, 8, 0, -15, 0, 48, 1536 }, // U+0362
    { 8, 7, 0, -1, 24, 14, 1584 }, // U+0363
    { 8, 7, 0, -1, 25, 14, 1598 }, // U+0364
    { 5, 9, 0, 1, 27, 12, 1612 }, // U+0365
    { 8, 7, 0, -1, 24, 14, 1624 }, // U+0366
    { 8, 7, 0, -1, 24, 14, 1638 }, // U+0367
    { 7, 7, 0, 0, 24, 13, 1652 }, // U+0368
    { 9, 10, 0, -1, 27, 23, 1665 }, // U+0369
    { 8, 10, 0, -1, 27, 20, 1688 }, // U+036A
    { 12, 6, 0, -3, 24, 18, 1708 }, // U+036B
    { 7, 6, 0, 0, 24, 11, 1726 }, // U+036C
    { 6, 9, 0, 0, 26, 14, 1737 }, // U+036D
    { 7, 6, 0, 0, 24, 11, 1751 }, // U+036E
    { 9, 6, 0, -2, 24, 14, 1762 }, // U+036F
    { 19, 29, 285, -1, 22, 138, 0 }, // U+03B2
    { 16, 22, 265, 1, 22, 88, 138 }, // U+03B8
    { 21, 23, 279, -2, 16, 121, 226 }, // U+03C7
    { 17, 27, 247, 0, 27, 115, 0 }, // U+0400
    { 17, 27, 247, 0, 27, 115, 115 }, // U+0401
    { 18, 21, 332, 2, 21, 95, 230 }, // U+0402
    { 18, 27, 235, 0, 27, 122, 325 }, // U+0403
    { 18, 21, 282, 1, 21, 95, 447 }, // U+0404
    { 16, 21, 247, 0, 21, 84, 542 }, // U+0405
    { 10, 21, 144, 0, 21, 53, 626 }, // U+0406
    { 13, 27, 144, 0, 27, 88, 679 }, // U+0407
    { 15, 27, 149, -5, 21, 102, 767 }, // U+0408
    { 30, 21, 452, -2, 21, 158, 869 }, // U+0409
    { 27, 21, 437, 0, 21, 142, 1027 }, // U+040A
    { 18, 21, 340, 2, 21, 95, 1169 }, // U+040B
    { 21, 27, 293, 0, 27, 142, 1264 }, // U+040C
    { 21, 27, 326, 0, 27, 142, 1406 }, // U+040D
    { 21, 27, 276, 0, 27, 142, 1548 }, // U+040E
    { 21, 26, 315, 0, 21, 137, 1690 }, // U+040F
    { 19, 21, 293, -2, 21, 100, 1827 }, // U+0410
    { 17, 21, 276, 0, 21, 90, 1927 }, // U+0411
    { 19, 21, 287, 0, 21, 100, 2017 }, // U+0412
    { 17, 21, 235, 0, 21, 90, 2117 }, // U+0413
    { 24, 26, 337, -3, 21, 156, 2207 }, // U+0414
    { 17, 21, 247, 0, 21, 90, 2363 }, // U+0415
    { 31, 21, 422, -2, 21, 163, 2453 }, // U+0416
    { 17, 21, 266, 0, 21, 90, 2616 }, // U+0417
    { 21, 21, 326, 0, 21, 111, 2706 }, // U+0418
    { 21, 27, 326, 0, 27, 142, 2817 }, // U+0419
    { 21, 21, 293, 0, 21, 111, 2959 }, // U+041A
    { 22, 21, 325, -1, 21, 116, 3070 }, // U+041B
    { 26, 21, 406, 0, 21, 137, 3186 }, // U+041C
    { 21, 21, 320, 0, 21, 111, 3323 }, // U+041D
    { 20, 21, 335, 1, 21, 105, 3434 }, // U+041E
    { 21, 21, 316, 0, 21, 111, 3539 }, // U+041F
    { 18, 21, 275, 0, 21, 95, 3650 }, // U+0420
    { 18, 21, 278, 1, 21, 95, 3745 }, // U+0421
    { 16, 21, 244, 2, 21, 84, 3840 }, // U+0422
    { 21, 21, 278, 0, 21, 111, 3924 }, // U+0423
    { 25, 21, 411, 1, 21, 132, 4035 }, // U+0424
    { 23, 21, 284, -2, 21, 121, 4167 }, // U+0425
    { 21, 26, 325, 0, 21, 137, 4288 }, // U+0426
    { 18, 21, 308, 2, 21, 95, 4425 }, // U+0427
    { 30, 21, 460, 0, 21, 158, 4520 }, // U+0428
    { 29, 26, 464, 0, 21, 189, 4678 }, // U+0429
    { 18, 21, 326, 2, 21, 95, 4867 }, // U+042A
    { 26, 21, 409, 0, 21, 137, 4962 }, // U+042B
    { 17, 21, 277, 0, 21, 90, 5099 }, // U+042C
    { 18, 21, 285, 0, 21, 95, 5189 }, // U+042D
    { 29, 21, 461, 0, 21, 153, 5284 }, // U+042E
    { 21, 21, 288, -2, 21, 111, 5437 }, // U+042F
    { 17, 16, 271, 0, 16, 68, 5548 }, // U+0430
    { 16, 23, 264, 1, 23, 92, 5616 }, // U+0431
    { 16, 16, 258, 0, 16, 64, 5708 }, // U+0432
    { 15, 16, 216, -1, 16, 60, 5772 }, // U+0433
    { 17, 23, 268, 0, 23, 98, 5832 }, // U+0434
    { 16, 16, 244, 0, 16, 64, 5930 }, // U+0435
    { 30, 16, 446, -1, 16, 120, 5994 }, // U+0436
    { 14, 16, 232, 0, 16, 56, 6114 }, // U+0437
    { 16, 16, 278, 1, 16, 64, 6170 }, // U+0438
    { 16, 23, 276, 1, 23, 92, 6234 }, // U+0439
    { 18, 16, 261, 0, 16, 72, 6326 }, // U+043A
    { 19, 16, 284, -1, 16, 76, 6398 }, // U+043B
    { 23, 16, 360, 0, 16, 92, 6474 }, // U+043C
    { 17, 16, 274, 0, 16, 68, 6566 }, // U+043D
    { 16, 16, 266, 0, 16, 64, 6634 }, // U+043E
    { 16, 16, 277, 0, 16, 64, 6698 }, // U+043F
    { 18, 23, 282, -1, 16, 104, 6762 }, // U+0440
    { 14, 16, 219, 0, 16, 56, 6866 }, // U+0441
    { 25, 16, 418, 0, 16, 100, 6922 }, // U+0442
    { 19, 23, 249, -2, 16, 110, 7022 }, // U+0443
    { 21, 29, 347, 0, 22, 153, 7132 }, // U+0444
    { 19, 16, 243, -2, 16, 76, 7285 }, // U+0445
    { 16, 20, 286, 1, 16, 80, 7361 }, // U+0446
    { 15, 16, 270, 2, 16, 60, 7441 }, // U+0447
    { 25, 16, 418, 1, 16, 100, 7501 }, // U+0448
    { 25, 20, 426, 1, 16, 125, 7601 }, // U+0449
    { 17, 16, 292, 1, 16, 68, 7726 }, // U+044A
    { 23, 16, 373, 0, 16, 92, 7794 }, // U+044B
    { 16, 16, 257, 0, 16, 64, 7886 }, // U+044C
    { 13, 16, 222, 0, 16, 52, 7950 }, // U+044D
    { 23, 16, 376, 0, 16, 92, 8002 }, // U+044E
    { 18, 16, 257, -2, 16, 72, 8094 }, // U+044F
    { 16, 22, 244, 0, 22, 88, 8166 }, // U+0450
    { 16, 22, 244, 0, 22, 88, 8254 }, // U+0451
    { 16, 29, 279, 0, 22, 116, 8342 }, // U+0452
    { 16, 23, 216, -1, 23, 92, 8458 }, // U+0453
    { 14, 16, 219, 0, 16, 56, 8550 }, // U+0454
    { 14, 16, 213, 0, 16, 56, 8606 }, // U+0455
    { 10, 22, 135, 0, 22, 55, 8662 }, // U+0456
    { 11, 22, 133, 0, 22, 61, 8717 }, // U+0457
    { 14, 29, 134, -4, 22, 102, 8778 }, // U+0458
    { 26, 16, 400, -1, 16, 104, 8880 }, // U+0459
    { 24, 16, 391, 0, 16, 96, 8984 }, // U+045A
    { 16, 22, 279, 0, 22, 88, 9080 }, // U+045B
    { 18, 22, 259, 0, 22, 99, 9168 }, // U+045C
    { 16, 22, 276, 1, 22, 88, 9267 }, // U+045D
    { 19, 29, 249, -2, 22, 138, 9355 }, // U+045E
    { 16, 22, 278, 1, 16, 88, 9493 }, // U+045F
    { 27, 21, 414, 2, 21, 142, 9581 }, // U+0460
    { 24, 16, 377, 1, 16, 96, 9723 }, // U+0461
    { 16, 21, 293, 1, 21, 84, 9819 }, // U+0462
    { 24, 16, 402, 0, 16, 96, 9903 }, // U+0463
    { 28, 21, 414, 0, 21, 147, 9999 }, // U+0464
    { 23, 16, 350, 0, 16, 92, 10146 }, // U+0465
    { 20, 21, 312, -2, 21, 105, 10238 }, // U+0466
    { 18, 16, 271, -2, 16, 72, 10343 }, // U+0467
    { 26, 21, 431, 0, 21, 137, 10415 }, // U+0468
    { 23, 16, 390, 0, 16, 92, 10552 }, // U+0469
    { 24, 21, 341, -2, 21, 126, 10644 }, // U+046A
    { 20, 16, 270, -2, 16, 80, 10770 }, // U+046B
    { 30, 21, 460, 0, 21, 158, 10850 }, // U+046C
    { 25, 16, 386, 0, 16, 100, 11008 }, // U+046D
    { 20, 32, 278, -2, 25, 160, 11108 }, // U+046E
    { 18, 27, 245, -2, 20, 122, 11268 }, // U+046F
    { 23, 21, 386, 3, 21, 121, 11390 }, // U+0470
    { 22, 29, 377, 1, 22, 160, 11511 }, // U+0471
    { 20, 21, 341, 1, 21, 105, 11671 }, // U+0472
    { 15, 16, 273, 1, 16, 60, 11776 }, // U+0473
    { 19, 21, 303, 2, 21, 100, 11836 }, // U+0474
    { 16, 16, 255, 1, 16, 64, 11936 }, // U+0475
    { 19, 27, 303, 2, 27, 129, 12000 }, // U+0476
    { 16, 22, 255, 1, 22, 88, 12129 }, // U+0477
    { 37, 28, 583, 1, 21, 259, 12217 }, // U+0478
    { 33, 23, 515, 1, 16, 190, 12476 }, // U+0479
    { 21, 24, 353, 1, 22, 126, 12666 }, // U+047A
    { 17, 18, 295, 1, 16, 77, 12792 }, // U+047B
    { 28, 30, 472, 1, 30, 210, 12869 }, // U+047C
    { 23, 26, 403, 1, 26, 150, 13079 }, // U+047D
    { 27, 26, 414, 2, 26, 176, 13229 }, // U+047E
    { 24, 22, 379, 1, 22, 132, 13405 }, // U+047F
    { 19, 28, 286, 1, 21, 133, 13537 }, // U+0480
    { 14, 23, 226, 1, 16, 81, 13670 }, // U+0481
    { 16, 20, 284, 1, 19, 80, 13751 }, // U+0482
    { 12, 6, 0, -12, 21, 18, 13831 }, // U+0483
    { 12, 4, 0, -12, 21, 12, 13849 }, // U+0484
    { 5, 6, 0, -8, 23, 8, 13861 }, // U+0485
    { 6, 6, 0, -9, 23, 9, 13869 }, // U+0486
    { 13, 4, 0, -3, 26, 13, 13878 }, // U+0487
    { 34, 30, 0, -17, 23, 255, 13891 }, // U+0488
    { 34, 32, 0, -17, 24, 272, 14146 }, // U+0489
    { 23, 33, 383, 0, 27, 190, 14418 }, // U+048A
    { 18, 28, 294, 1, 23, 126, 14608 }, // U+048B
    { 16, 21, 274, 0, 21, 84, 14734 }, // U+048C
    { 14, 22, 265, 1, 22, 77, 14818 }, // U+048D
    { 18, 21, 285, 0, 21, 95, 14895 }, // U+048E
    { 18, 23, 278, -1, 16, 104, 14990 }, // U+048F
    { 18, 25, 238, 0, 25, 113, 15094 }, // U+0490
    { 16, 20, 215, 0, 20, 80, 15207 }, // U+0491
    { 17, 21, 236, 0, 21, 90, 15287 }, // U+0492
    { 16, 16, 216, -1, 16, 64, 15377 }, // U+0493
    { 17, 28, 311, 0, 21, 119, 15441 }, // U+0494
    { 15, 23, 267, 0, 16, 87, 15560 }, // U+0495
    { 30, 27, 429, -2, 21, 203, 15647 }, // U+0496
    { 30, 22, 448, -1, 16, 165, 15850 }, // U+0497
    { 17, 28, 266, 0, 21, 119, 16015 }, // U+0498
    { 14, 23, 232, 0, 16, 81, 16134 }, // U+0499
    { 21, 27, 321, 0, 21, 142, 16215 }, // U+049A
    { 18, 22, 286, 0, 16, 99, 16357 }, // U+049B
    { 21, 21, 293, 0, 21, 111, 16456 }, // U+049C
    { 18, 16, 274, 1, 16, 72, 16567 }, // U+049D
    { 21, 21, 286, 0, 21, 111, 16639 }, // U+049E
    { 18, 22, 270, 0, 22, 99, 16750 }, // U+049F
    { 21, 21, 327, 2, 21, 111, 16849 }, // U+04A0
    { 20, 16, 302, 1, 16, 80, 16960 }, // U+04A1
    { 21, 27, 358, 0, 21, 142, 17040 }, // U+04A2
    { 19, 22, 312, 0, 16, 105, 17182 }, // U+04A3
    { 25, 21, 359, 0, 21, 132, 17287 }, // U+04A4
    { 23, 16, 332, 0, 16, 92, 17419 }, // U+04A5
    { 28, 28, 482, 0, 21, 196, 17511 }, // U+04A6
    { 23, 23, 403, 0, 16, 133, 17707 }, // U+04A7
    { 20, 22, 341, 1, 21, 110, 17840 }, // U+04A8
    { 16, 17, 286, 1, 16, 68, 17950 }, // U+04A9
    { 19, 28, 286, 1, 21, 133, 18018 }, // U+04AA
    { 14, 23, 226, 1, 16, 81, 18151 }, // U+04AB
    { 16, 27, 248, 2, 21, 108, 18232 }, // U+04AC
    { 26, 22, 432, 0, 16, 143, 18340 }, // U+04AD
    { 18, 21, 263, 2, 21, 95, 18483 }, // U+04AE
    { 16, 23, 239, 1, 16, 92, 18578 }, // U+04AF
    { 19, 21, 263, 1, 21, 100, 18670 }, // U+04B0
    { 18, 23, 239, -1, 16, 104, 18770 }, // U+04B1
    { 22, 27, 323, -2, 21, 149, 18874 }, // U+04B2
    { 20, 22, 279, -2, 16, 110, 19023 }, // U+04B3
    { 22, 28, 391, 2, 21, 154, 19133 }, // U+04B4
    { 18, 21, 318, 1, 16, 95, 19287 }, // U+04B5
    { 19, 27, 349, 2, 21, 129, 19382 }, // U+04B6
    { 16, 22, 298, 2, 16, 88, 19511 }, // U+04B7
    { 18, 21, 316, 2, 21, 95, 19599 }, // U+04B8
    { 16, 16, 282, 2, 16, 64, 19694 }, // U+04B9
    { 18, 21, 316, 0, 21, 95, 19758 }, // U+04BA
    { 17, 22, 282, 0, 22, 94, 19853 }, // U+04BB
    { 23, 21, 364, 0, 21, 121, 19947 }, // U+04BC
    { 19, 16, 309, 0, 16, 76, 20068 }, // U+04BD
    { 23, 27, 364, 0, 21, 156, 20144 }, // U+04BE
    { 19, 22, 309, 0, 16, 105, 20300 }, // U+04BF
    { 14, 21, 179, -1, 21, 74, 20405 }, // U+04C0
    { 31, 27, 422, -2, 27, 210, 20479 }, // U+04C1
    { 30, 23, 446, -1, 23, 173, 20689 }, // U+04C2
    { 21, 28, 323, 0, 21, 147, 20862 }, // U+04C3
    { 18, 23, 289, 0, 16, 104, 21009 }, // U+04C4
    { 23, 27, 355, -1, 21, 156, 21113 }, // U+04C5
    { 20, 22, 308, -1, 16, 110, 21269 }, // U+04C6
    { 21, 28, 327, 0, 21, 147, 21379 }, // U+04C7
    { 18, 23, 288, 0, 16, 104, 21526 }, // U+04C8
    { 22, 27, 358, 0, 21, 149, 21630 }, // U+04C9
    { 19, 22, 315, 0, 16, 105, 21779 }, // U+04CA
    { 18, 27, 314, 2, 21, 122, 21884 }, // U+04CB
    { 15, 22, 278, 2, 16, 83, 22006 }, // U+04CC
    { 27, 27, 442, 0, 21, 183, 22089 }, // U+04CD
    { 24, 22, 391, 0, 16, 132, 22272 }, // U+04CE
    { 14, 21, 179, -1, 21, 74, 22404 }, // U+04CF
    { 21, 27, 293, -2, 27, 142, 22478 }, // U+04D0
    { 16, 23, 276, 1, 23, 92, 22620 }, // U+04D1
    { 20, 27, 293, -2, 27, 135, 22712 }, // U+04D2
    { 16, 22, 276, 1, 22, 88, 22847 }, // U+04D3
    { 30, 21, 418, -2, 21, 158, 22935 }, // U+04D4
    { 24, 16, 407, 1, 16, 96, 23093 }, // U+04D5
    { 18, 27, 253, 0, 27, 122, 23189 }, // U+04D6
    { 17, 23, 260, 1, 23, 98, 23311 }, // U+04D7
    { 19, 21, 308, 0, 21, 100, 23409 }, // U+04D8
    { 15, 16, 260, 0, 16, 60, 23509 }, // U+04D9
    { 19, 27, 308, 0, 27, 129, 23569 }, // U+04DA
    { 15, 22, 260, 0, 22, 83, 23698 }, // U+04DB
    { 31, 27, 422, -2, 27, 210, 23781 }, // U+04DC
    { 30, 22, 446, -1, 22, 165, 23991 }, // U+04DD
    { 17, 27, 266, 0, 27, 115, 24156 }, // U+04DE
    { 15, 22, 232, 0, 22, 83, 24271 }, // U+04DF
    { 18, 21, 259, -1, 21, 95, 24354 }, // U+04E0
    { 18, 23, 255, -2, 16, 104, 24449 }, // U+04E1
    { 21, 26, 326, 0, 26, 137, 24553 }, // U+04E2
    { 17, 21, 282, 1, 21, 90, 24690 }, // U+04E3
    { 21, 27, 326, 0, 27, 142, 24780 }, // U+04E4
    { 17, 22, 282, 1, 22, 94, 24922 }, // U+04E5
    { 20, 27, 341, 1, 27, 135, 25016 }, // U+04E6
    { 15, 22, 275, 1, 22, 83, 25151 }, // U+04E7
    { 20, 21, 341, 1, 21, 105, 25234 }, // U+04E8
    { 15, 16, 275, 1, 16, 60, 25339 }, // U+04E9
    { 20, 27, 341, 1, 27, 135, 25399 }, // U+04EA
    { 15, 22, 275, 1, 22, 83, 25534 }, // U+04EB
    { 18, 27, 284, 0, 27, 122, 25617 }, // U+04EC
    { 14, 22, 222, 0, 22, 77, 25739 }, // U+04ED
    { 21, 25, 276, 0, 25, 132, 25816 }, // U+04EE
    { 20, 28, 242, -3, 21, 140, 25948 }, // U+04EF
    { 21, 27, 276, 0, 27, 142, 26088 }, // U+04F0
    { 20, 29, 242, -3, 22, 145, 26230 }, // U+04F1
    { 21, 27, 276, 0, 27, 142, 26375 }, // U+04F2
    { 21, 29, 242, -3, 22, 153, 26517 }, // U+04F3
    { 18, 27, 305, 2, 27, 122, 26670 }, // U+04F4
    { 15, 22, 269, 2, 22, 83, 26792 }, // U+04F5
    { 17, 27, 235, 0, 21, 115, 26875 }, // U+04F6
    { 15, 22, 216, 0, 16, 83, 26990 }, // U+04F7
    { 26, 27, 409, 0, 27, 176, 27073 }, // U+04F8
    { 23, 22, 376, 0, 22, 127, 27249 }, // U+04F9
    { 17, 28, 236, 0, 21, 119, 27376 }, // U+04FA
    { 16, 23, 216, -1, 16, 92, 27495 }, // U+04FB
    { 22, 28, 323, -2, 21, 154, 27587 }, // U+04FC
    { 19, 23, 280, -2, 16, 110, 27741 }, // U+04FD
    { 23, 21, 285, -2, 21, 121, 27851 }, // U+04FE
    { 19, 16, 248, -2, 16, 76, 27972 }, // U+04FF
    { 19, 27, 293, -2, 21, 129, 0 }, // U+1EA0
    { 16, 22, 276, 1, 16, 88, 129 }, // U+1EA1
    { 19, 29, 293, -2, 29, 138, 217 }, // U+1EA2
    { 16, 24, 276, 1, 24, 96, 355 }, // U+1EA3
    { 25, 28, 293, -2, 28, 175, 451 }, // U+1EA4
    { 20, 24, 276, 1, 24, 120, 626 }, // U+1EA5
    { 20, 28, 293, -2, 28, 140, 746 }, // U+1EA6
    { 16, 24, 276, 1, 24, 96, 886 }, // U+1EA7
    { 23, 30, 293, -2, 30, 173, 982 }, // U+1EA8
    { 19, 26, 276, 1, 26, 124, 1155 }, // U+1EA9
    { 21, 31, 293, -2, 31, 163, 1279 }, // U+1EAA
    { 16, 26, 276, 1, 26, 104, 1442 }, // U+1EAB
    { 20, 33, 293, -2, 27, 165, 1546 }, // U+1EAC
    { 16, 28, 276, 1, 22, 112, 1711 }, // U+1EAD
    { 20, 29, 293, -2, 29, 145, 1823 }, // U+1EAE
    { 16, 25, 276, 1, 25, 100, 1968 }, // U+1EAF
    { 20, 29, 293, -2, 29, 145, 2068 }, // U+1EB0
    { 16, 25, 276, 1, 25, 100, 2213 }, // U+1EB1
    { 20, 30, 293, -2, 30, 150, 2313 }, // U+1EB2
    { 16, 25, 276, 1, 25, 100, 2463 }, // U+1EB3
    { 21, 31, 293, -2, 31, 163, 2563 }, // U+1EB4
    { 16, 26, 276, 1, 26, 104, 2726 }, // U+1EB5
    { 20, 33, 293, -2, 27, 165, 2830 }, // U+1EB6
    { 16, 28, 276, 1, 22, 112, 2995 }, // U+1EB7
    { 17, 27, 253, 0, 21, 115, 3107 }, // U+1EB8
    { 15, 22, 260, 1, 16, 83, 3222 }, // U+1EB9
    { 17, 29, 253, 0, 29, 124, 3305 }, // U+1EBA
    { 15, 24, 260, 1, 24, 90, 3429 }, // U+1EBB
    { 18, 27, 253, 0, 27, 122, 3519 }, // U+1EBC
    { 16, 22, 260, 1, 22, 88, 3641 }, // U+1EBD
    { 22, 28, 253, 0, 28, 154, 3729 }, // U+1EBE
    { 20, 24, 260, 1, 24, 120, 3883 }, // U+1EBF
    { 17, 28, 253, 0, 28, 119, 4003 }, // U+1EC0
    { 15, 24, 260, 1, 24, 90, 4122 }, // U+1EC1
    { 20, 30, 253, 0, 30, 150, 4212 }, // U+1EC2
    { 18, 26, 260, 1, 26, 117, 4362 }, // U+1EC3
    { 18, 31, 253, 0, 31, 140, 4479 }, // U+1EC4
    { 16, 26, 260, 1, 26, 104, 4619 }, // U+1EC5
    { 17, 33, 253, 0, 27, 141, 4723 }, // U+1EC6
    { 16, 28, 260, 1, 22, 112, 4864 }, // U+1EC7
    { 14, 29, 179, -1, 29, 102, 4976 }, // U+1EC8
    { 11, 24, 140, 0, 24, 66, 5078 }, // U+1EC9
    { 14, 27, 179, -1, 21, 95, 5144 }, // U+1ECA
    { 11, 28, 140, -1, 22, 77, 5239 }, // U+1ECB
    { 20, 27, 341, 1, 21, 135, 5316 }, // U+1ECC
    { 15, 22, 275, 1, 16, 83, 5451 }, // U+1ECD
    { 20, 29, 341, 1, 29, 145, 5534 }, // U+1ECE
    { 15, 24, 275, 1, 24, 90, 5679 }, // U+1ECF
    { 23, 29, 341, 1, 29, 167, 5769 }, // U+1ED0
    { 20, 24, 275, 1, 24, 120, 5936 }, // U+1ED1
    { 20, 29, 341, 1, 29, 145, 6056 }, // U+1ED2
    { 15, 24, 275, 1, 24, 90, 6201 }, // U+1ED3
    { 22, 30, 341, 1, 30, 165, 6291 }, // U+1ED4
    { 18, 26, 275, 1, 26, 117, 6456 }, // U+1ED5
    { 20, 31, 341, 1, 31, 155, 6573 }, // U+1ED6
    { 16, 26, 275, 1, 26, 104, 6728 }, // U+1ED7
    { 20, 33, 341, 1, 27, 165, 6832 }, // U+1ED8
    { 15, 28, 275, 1, 22, 105, 6997 }, // U+1ED9
    { 25, 27, 360, 1, 27, 169, 7102 }, // U+1EDA
    { 21, 22, 305, 1, 22, 116, 7271 }, // U+1EDB
    { 25, 27, 360, 1, 27, 169, 7387 }, // U+1EDC
    { 21, 22, 305, 1, 22, 116, 7556 }, // U+1EDD
    { 25, 29, 360, 1, 29, 182, 7672 }, // U+1EDE
    { 21, 24, 305, 1, 24, 126, 7854 }, // U+1EDF
    { 25, 27, 360, 1, 27, 169, 7980 }, // U+1EE0
    { 21, 22, 305, 1, 22, 116, 8149 }, // U+1EE1
    { 25, 28, 360, 1, 22, 175, 8265 }, // U+1EE2
    { 21, 25, 305, 1, 19, 132, 8440 }, // U+1EE3
    { 20, 27, 323, 1, 21, 135, 8572 }, // U+1EE4
    { 17, 22, 282, 1, 16, 94, 8707 }, // U+1EE5
    { 20, 29, 323, 1, 29, 145, 8801 }, // U+1EE6
    { 17, 24, 282, 1, 24, 102, 8946 }, // U+1EE7
    { 25, 27, 362, 2, 27, 169, 9048 }, // U+1EE8
    { 23, 22, 332, 1, 22, 127, 9217 }, // U+1EE9
    { 25, 27, 362, 2, 27, 169, 9344 }, // U+1EEA
    { 23, 22, 332, 1, 22, 127, 9513 }, // U+1EEB
    { 25, 29, 362, 2, 29, 182, 9640 }, // U+1EEC
    { 23, 24, 332, 1, 24, 138, 9822 }, // U+1EED
    { 25, 27, 362, 2, 27, 169, 9960 }, // U+1EEE
    { 23, 22, 332, 1, 22, 127, 10129 }, // U+1EEF
    { 25, 28, 362, 2, 22, 175, 10256 }, // U+1EF0
    { 23, 25, 332, 1, 19, 144, 10431 }, // U+1EF1
    { 18, 27, 263, 2, 27, 122, 10575 }, // U+1EF2
    { 20, 29, 242, -3, 22, 145, 10697 }, // U+1EF3
    { 18, 27, 263, 2, 21, 122, 10842 }, // U+1EF4
    { 20, 23, 242, -3, 16, 115, 10964 }, // U+1EF5
    { 18, 29, 263, 2, 29, 131, 11079 }, // U+1EF6
    { 20, 31, 242, -3, 24, 155, 11210 }, // U+1EF7
    { 18, 27, 263, 2, 27, 122, 11365 }, // U+1EF8
    { 20, 29, 242, -3, 22, 145, 11487 }, // U+1EF9
    { 0, 0, 233, 0, 0, 0, 0 }, // U+2000
    { 0, 0, 467, 0, 0, 0, 0 }, // U+2001
    { 0, 0, 233, 0, 0, 0, 0 }, // U+2002
    { 0, 0, 467, 0, 0, 0, 0 }, // U+2003
    { 0, 0, 155, 0, 0, 0, 0 }, // U+2004
    { 0, 0, 117, 0, 0, 0, 0 }, // U+2005
    { 0, 0, 78, 0, 0, 0, 0 }, // U+2006
    { 0, 0, 257, 0, 0, 0, 0 }, // U+2007
    { 0, 0, 134, 0, 0, 0, 0 }, // U+2008
    { 0, 0, 77, 0, 0, 0, 0 }, // U+2009
    { 0, 0, 47, 0, 0, 0, 0 }, // U+200A
    { 0, 0, 0, 0, 0, 0, 0 }, // U+200B
    { 0, 0, 0, 0, 0, 0, 0 }, // U+200C
    { 0, 0, 0, 0, 0, 0, 0 }, // U+200D
    { 0, 0, 0, 0, 0, 0, 0 }, // U+200E
    { 0, 0, 0, 0, 0, 0, 0 }, // U+200F
    { 9, 4, 151, 0, 10, 9, 0 }, // U+2010
    { 9, 4, 151, 0, 10, 9, 9 }, // U+2011
    { 15, 4, 257, 1, 12, 15, 18 }, // U+2012
    { 14, 4, 224, 0, 10, 14, 33 }, // U+2013
    { 28, 4, 448, 0, 10, 28, 47 }, // U+2014
    { 28, 4, 448, 0, 10, 28, 75 }, // U+2015
    { 12, 29, 257, 2, 22, 87, 103 }, // U+2016
    { 14, 6, 187, -4, 0, 21, 190 }, // U+2017
    { 8, 7, 101, 1, 21, 14, 211 }, // U+2018
    { 8, 7, 101, 1, 21, 14, 225 }, // U+2019
    { 8, 7, 131, -2, 3, 14, 239 }, // U+201A
    { 5, 7, 100, 3, 21, 9, 253 }, // U+201B
    { 14, 7, 202, 1, 21, 25, 262 }, // U+201C
    { 14, 7, 202, 1, 21, 25, 287 }, // U+201D
    { 14, 7, 232, -2, 3, 25, 312 }, // U+201E
    { 11, 7, 202, 3, 21, 20, 337 }, // U+201F
    { 13, 22, 240, 2, 22, 72, 357 }, // U+2020
    { 16, 22, 240, 0, 22, 88, 429 }, // U+2021
    { 10, 9, 175, 1, 15, 23, 517 }, // U+2022
    { 10, 12, 164, 1, 17, 30, 540 }, // U+2023
    { 6, 5, 233, 3, 5, 8, 570 }, // U+2024
    { 14, 5, 268, 0, 5, 18, 578 }, // U+2025
    { 22, 5, 389, 0, 5, 28, 596 }, // U+2026
    { 6, 5, 150, 2, 10, 8, 624 }, // U+2027
    { 0, 0, 280, 0, 0, 0, 632 }, // U+2028
    { 0, 0, 280, 0, 0, 0, 632 }, // U+2029
    { 0, 0, 0, 0, 0, 0, 632 }, // U+202A
    { 0, 0, 0, 0, 0, 0, 632 }, // U+202B
    { 0, 0, 0, 0, 0, 0, 632 }, // U+202C
    { 0, 0, 0, 0, 0, 0, 632 }, // U+202D
    { 0, 0, 0, 0, 0, 0, 632 }, // U+202E
    { 0, 0, 77, 0, 0, 0, 632 }, // U+202F
    { 34, 21, 569, 1, 21, 179, 632 }, // U+2030
    { 45, 21, 737, 1, 21, 237, 811 }, // U+2031
    { 10, 8, 132, 1, 21, 20, 1048 }, // U+2032
    { 16, 7, 239, 1, 21, 28, 1068 }, // U+2033
    { 23, 7, 347, 1, 21, 41, 1096 }, // U+2034
    { 8, 8, 132, 2, 21, 16, 1137 }, // U+2035
    { 14, 7, 239, 2, 21, 25, 1153 }, // U+2036
    { 21, 7, 347, 2, 21, 37, 1178 }, // U+2037
    { 11, 9, 164, -3, 2, 25, 1215 }, // U+2038
    { 9, 14, 152, 1, 15, 32, 1240 }, // U+2039
    { 9, 14, 151, 0, 15, 32, 1272 }, // U+203A
    { 24, 21, 395, 0, 21, 126, 1304 }, // U+203B
    { 18, 21, 262, 0, 21, 95, 1430 }, // U+203C
    { 13, 21, 215, 2, 21, 69, 1525 }, // U+203D
    { 15, 4, 233, 2, 26, 15, 1594 }, // U+203E
    { 16, 7, 250, -2, 0, 28, 1609 }, // U+203F
    { 16, 7, 250, 2, 23, 28, 1637 }, // U+2040
    { 15, 19, 179, -3, 12, 72, 1665 }, // U+2041
    { 33, 27, 538, -1, 23, 223, 1737 }, // U+2042
    { 9, 4, 151, 0, 10, 9, 1960 }, // U+2043
    { 20, 21, 58, -8, 21, 105, 1969 }, // U+2044
    { 13, 26, 154, -1, 21, 85, 2074 }, // U+2045
    { 13, 26, 154, -2, 21, 85, 2159 }, // U+2046
    { 26, 21, 423, 2, 21, 137, 2244 }, // U+2047
    { 21, 21, 351, 2, 21, 111, 2381 }, // U+2048
    { 23, 21, 348, 0, 21, 121, 2492 }, // U+2049
    { 15, 16, 248, 1, 16, 60, 2613 }, // U+204A
    { 16, 26, 290, 2, 22, 104, 2673 }, // U+204B
    { 16, 15, 299, 1, 16, 60, 2777 }, // U+204C
    { 16, 15, 299, 2, 16, 60, 2837 }, // U+204D
    { 15, 15, 253, -1, 8, 57, 2897 }, // U+204E
    { 8, 20, 133, 1, 16, 40, 2954 }, // U+204F
    { 20, 30, 250, -2, 23, 150, 2994 }, // U+2050
    { 18, 29, 253, -1, 22, 131, 3144 }, // U+2051
    { 13, 21, 197, 0, 21, 69, 3275 }, // U+2052
    { 28, 6, 467, 1, 12, 42, 3344 }, // U+2053
    { 16, 7, 250, -3, 0, 28, 3386 }, // U+2054
    { 16, 15, 268, 0, 15, 60, 3414 }, // U+2055
    { 14, 21, 261, 1, 21, 74, 3474 }, // U+2056
    { 27, 7, 413, 1, 21, 48, 3548 }, // U+2057
    { 23, 21, 397, 1, 21, 121, 3596 }, // U+2058
    { 23, 21, 398, 1, 21, 121, 3717 }, // U+2059
    { 6, 21, 128, 1, 21, 32, 3838 }, // U+205A
    { 19, 22, 333, 1, 22, 105, 3870 }, // U+205B
    { 24, 22, 386, 0, 21, 132, 3975 }, // U+205C
    { 6, 22, 131, 1, 22, 33, 4107 }, // U+205D
    { 5, 21, 133, 2, 21, 27, 4140 }, // U+205E
    { 0, 0, 104, 0, 0, 0, 4167 }, // U+205F
    { 0, 0, 0, 0, 0, 0, 4167 }, // U+2060
    { 0, 0, 0, 0, 0, 0, 4167 }, // U+2061
    { 0, 0, 0, 0, 0, 0, 4167 }, // U+2062
    { 0, 0, 0, 0, 0, 0, 4167 }, // U+2063
    { 0, 0, 0, 0, 0, 0, 4167 }, // U+2064
    { 0, 0, 0, 0, 0, 0, 4167 }, // U+2065
    { 0, 0, 280, 0, 0, 0, 4167 }, // U+2066
    { 0, 0, 280, 0, 0, 0, 4167 }, // U+2067
    { 0, 0, 280, 0, 0, 0, 4167 }, // U+2068
    { 0, 0, 280, 0, 0, 0, 4167 }, // U+2069
    { 0, 0, 0, 0, 0, 0, 4167 }, // U+206A
    { 0, 0, 0, 0, 0, 0, 4167 }, // U+206B
    { 0, 0, 0, 0, 0, 0, 4167 }, // U+206C
    { 0, 0, 0, 0, 0, 0, 4167 }, // U+206D
    { 0, 0, 0, 0, 0, 0, 4167 }, // U+206E
    { 0, 0, 0, 0, 0, 0, 4167 }, // U+206F
    { 11, 13, 177, 2, 25, 36, 0 }, // U+2070
    { 6, 14, 114, 2, 22, 21, 36 }, // U+2071
    { 12, 13, 177, 1, 25, 39, 57 }, // U+2074
    { 11, 13, 177, 2, 25, 36, 96 }, // U+2075
    { 11, 13, 177, 2, 25, 36, 132 }, // U+2076
    { 12, 13, 177, 2, 25, 39, 168 }, // U+2077
    { 11, 13, 177, 2, 25, 36, 207 }, // U+2078
    { 11, 13, 177, 2, 25, 36, 243 }, // U+2079
    { 9, 8, 175, 3, 21, 18, 279 }, // U+207A
    { 9, 3, 175, 3, 18, 7, 297 }, // U+207B
    { 10, 5, 188, 3, 20, 13, 304 }, // U+207C
    { 8, 16, 104, 3, 26, 32, 317 }, // U+207D
    { 8, 16, 104, 0, 26, 32, 349 }, // U+207E
    { 12, 10, 183, 1, 18, 30, 381 }, // U+207F
    { 11, 13, 177, -1, 9, 36, 411 }, // U+2080
    { 10, 13, 177, -1, 9, 33, 447 }, // U+2081
    { 12, 13, 177, -2, 9, 39, 480 }, // U+2082
    { 11, 13, 177, -2, 9, 36, 519 }, // U+2083
    { 12, 13, 177, -2, 9, 39, 555 }, // U+2084
    { 11, 13, 177, -1, 9, 36, 594 }, // U+2085
    { 11, 13, 177, -1, 9, 36, 630 }, // U+2086
    { 12, 13, 177, -1, 9, 39, 666 }, // U+2087
    { 12, 14, 177, -2, 10, 42, 705 }, // U+2088
    { 11, 13, 177, -1, 9, 36, 747 }, // U+2089
    { 9, 9, 175, 0, 7, 21, 783 }, // U+208A
    { 9, 3, 175, 0, 4, 7, 804 }, // U+208B
    { 9, 5, 188, 0, 4, 12, 811 }, // U+208C
    { 8, 16, 104, 0, 11, 32, 823 }, // U+208D
    { 7, 16, 104, -3, 11, 28, 855 }, // U+208E
    { 11, 10, 180, -1, 7, 28, 883 }, // U+2090
    { 10, 10, 166, -1, 7, 25, 911 }, // U+2091
    { 10, 10, 179, -1, 7, 25, 936 }, // U+2092
    { 13, 10, 162, -3, 7, 33, 961 }, // U+2093
    { 11, 10, 166, -2, 7, 28, 994 }, // U+2094
    { 12, 14, 208, -1, 11, 42, 1022 }, // U+2095
    { 13, 14, 183, -1, 11, 46, 1064 }, // U+2096
    { 7, 14, 119, -1, 11, 25, 1110 }, // U+2097
    { 17, 10, 299, -1, 7, 43, 1135 }, // U+2098
    { 11, 10, 183, -2, 7, 28, 1178 }, // U+2099
    { 12, 14, 181, -3, 7, 42, 1206 }, // U+209A
    { 9, 10, 157, -1, 7, 23, 1248 }, // U+209B
    { 8, 12, 124, -1, 9, 24, 1271 }, // U+209C
    { 17, 21, 267, 1, 21, 90, 0 }, // U+20A0
    { 19, 24, 258, 0, 22, 114, 90 }, // U+20A1
    { 18, 21, 267, 0, 21, 95, 204 }, // U+20A2
    { 18, 21, 257, 0, 21, 95, 299 }, // U+20A3
    { 19, 21, 257, -1, 21, 100, 394 }, // U+20A4
    { 25, 22, 422, 0, 19, 138, 494 }, // U+20A5
    { 18, 21, 271, 0, 21, 95, 632 }, // U+20A6
    { 25, 21, 400, 0, 21, 132, 727 }, // U+20A7
    { 27, 21, 418, 0, 21, 142, 859 }, // U+20A8
    { 23, 21, 339, 0, 21, 121, 1001 }, // U+20A9
    { 26, 21, 404, 0, 21, 137, 1122 }, // U+20AA
    { 20, 26, 277, 0, 22, 130, 1259 }, // U+20AB
    { 18, 21, 257, 0, 21, 95, 1389 }, // U+20AC
    { 20, 21, 267, 0, 21, 105, 1484 }, // U+20AD
    { 17, 21, 248, 1, 21, 90, 1589 }, // U+20AE
    { 29, 28, 471, 0, 21, 203, 1679 }, // U+20AF
    { 20, 28, 275, -2, 21, 140, 1882 }, // U+20B0
    { 18, 21, 267, 0, 21, 95, 2022 }, // U+20B1
    { 19, 24, 322, 1, 22, 114, 2117 }, // U+20B2
    { 21, 21, 280, -2, 21, 111, 2231 }, // U+20B3
    { 18, 21, 267, 0, 21, 95, 2342 }, // U+20B4
    { 19, 24, 286, 1, 22, 114, 2437 }, // U+20B5
    { 21, 20, 316, 0, 20, 105, 2551 }, // U+20B6
    { 22, 23, 320, -1, 21, 127, 2656 }, // U+20B7
    { 17, 21, 247, 1, 21, 90, 2783 }, // U+20B8
    { 15, 21, 257, 2, 21, 79, 2873 }, // U+20B9
    { 16, 21, 257, 0, 21, 84, 2952 }, // U+20BA
    { 19, 21, 300, 1, 21, 100, 3036 }, // U+20BB
    { 24, 21, 380, -1, 21, 126, 3136 }, // U+20BC
    { 19, 21, 272, -1, 21, 100, 3262 }, // U+20BD
    { 20, 24, 286, -1, 24, 120, 3362 }, // U+20BE
    { 17, 27, 257, 0, 24, 115, 3482 }, // U+20BF
    { 9, 4, 151, 0, 10, 9, 0 }, // U+2212
    { 28, 29, 333, -4, 22, 203, 0 }, // U+FB00
    { 25, 29, 313, -4, 22, 182, 203 }, // U+FB01
    { 25, 29, 313, -4, 22, 182, 385 }, // U+FB02
    { 34, 29, 467, -4, 22, 247, 567 }, // U+FB03
    { 35, 29, 467, -4, 22, 254, 814 }, // U+FB04
    { 27, 29, 354, -4, 22, 196, 1068 }, // U+FB05
    { 27, 22, 412, 0, 22, 149, 1264 }, // U+FB06
    { 27, 27, 467, 1, 22, 183, 0 }, // U+FFFD
};


static const EpdFontGroup notosans_14_bolditalicGroups[] = {
    { 0, 3850, 8111, 97, 3824, 0 },
    { 3850, 3295, 9196, 96, 760, 97 },
    { 7145, 4442, 14977, 128, 3827, 193 },
    { 11587, 5045, 13118, 96, 3832, 321 },
    { 16632, 4670, 10143, 116, 3818, 417 },
    { 21302, 1212, 1982, 112, 1464, 533 },
    { 22514, 233, 371, 3, 235, 645 },
    { 22747, 12544, 30195, 256, 3825, 648 },
    { 35291, 2672, 12384, 90, 3833, 904 },
    { 37963, 1939, 4507, 112, 3480, 994 },
    { 39902, 833, 1413, 42, 874, 1106 },
    { 40735, 2003, 3873, 32, 2969, 1148 },
    { 42738, 14, 12, 1, 0, 1180 },
    { 42752, 511, 1488, 7, 1124, 1181 },
    { 43263, 120, 189, 1, 127, 1188 },
};





static const uint16_t notosans_14_bolditalicKernRowOffsets[] = {
        0,     2,    33,    36,    51,    66,    79,    85,    86,    89,    97,    98,   101,   103,   110,   116,
      117,   133,   135,   147,   161,   164,   165,   166,   169,   170,   172,   173,   178,   180,   183,   186,
      193,   201,   205,   206,   212,   214,   215,   220,   227,   233,   247,   255,   256,   258,   260,   276,
      305,   315,   320,   322,   329,   348,   377,   401,   415,   429,   445,   458,   474,   493,   494,   510,
      520,   528,   533,   541,   551,   567,   576,   588,   606,   625,   634,   639,   647,   649,   661,   663,
      670,   682,   706,   710,   728,   732,   740,   747,   749,   764,   766,   769,   770,   771,
};

static const uint8_t notosans_14_bolditalicKernSparseCols[] = {
     72,  73,   8,  13,  15,  17,  19,  20,  22,  24,  25,  33,  34,  36,  38,  40,
     41,  42,  43,  44,  45,  47,  51,  56,  57,  62,  64,  66,  70,  71,  73,  79,
     80,  13,  15,  17,  11,  21,  23,  36,  39,  40,  43,  44,  45,  46,  57,  62,
     64,  65,  66,   9,  13,  14,  15,  17,  36,  46,  47,  59,  60,  67,  72,  74,
     75,  77,  13,  36,  41,  43,  44,  47,  56,  57,  58,  59,  60,  66,  74,   1,
      9,  11,  13,  15,  17,   4,   2,   9,  29,   4,   8,  13,  15,  16,  17,  18,
     38,  11,   4,   7,   8,   9,  29,   1,   9,  13,  14,  15,  17,  29,   2,   4,
      8,  16,  18,  29,  29,   2,   4,   5,   7,   8,   9,  13,  19,  20,  22,  24,
     25,  27,  28,  29,  30,   4,   8,   2,   4,   7,   8,   9,  19,  20,  22,  24,
     25,  29,  30,   2,   4,   7,   8,   9,  19,  20,  22,  24,  25,  28,  29,  30,
     31,   2,   9,  29,  11,   1,   1,  27,  28,   1,   1,   3,  20,   1,   4,  19,
     20,  22,   1,   3,   1,   4,   7,  11,  13,  17,  13,  15,  17,  36,  41,  47,
     74,  13,  15,  17,  36,  41,  44,  47,  74,  11,  13,  15,  17,   3,   0,   1,
      3,   7,  32,  82,   3,  33,  11,   0,   1,   3,   7,  82,   7,  12,  13,  15,
     16,  17,  20,   1,  21,  25,  26,  27,  82,   1,   4,   7,   8,  10,  12,  13,
     15,  16,  17,  19,  20,  24,  82,   1,   4,   7,  21,  25,  26,  27,  82,  33,
      1,  35,   1,   4,   1,   3,   4,  36,  37,  41,  44,  46,  47,  48,  53,  57,
     59,  60,  66,  82,   3,   4,   5,   6,  30,  36,  37,  40,  42,  43,  45,  46,
     48,  49,  51,  52,  53,  54,  55,  56,  57,  58,  59,  60,  61,  62,  63,  64,
     66,  29,  37,  39,  46,  47,  49,  52,  59,  72,  77,   4,  46,  47,  59,  82,
     39,  65,   1,  36,  41,  47,  59,  60,  82,   3,   4,   5,  29,  37,  39,  43,
     46,  47,  49,  52,  54,  57,  59,  60,  64,  66,  72,  77,   4,   5,   6,  29,
     30,  37,  40,  42,  43,  46,  48,  49,  50,  51,  52,  54,  55,  56,  59,  61,
     62,  63,  64,  71,  72,  73,  77,  78,  79,   1,  36,  37,  39,  40,  41,  46,
     47,  49,  50,  52,  54,  56,  57,  59,  60,  66,  67,  69,  74,  75,  77,  81,
     82,   1,  37,  42,  44,  46,  47,  53,  57,  58,  59,  60,  66,  77,  82,   4,
     36,  38,  41,  42,  44,  45,  46,  47,  48,  53,  59,  67,  75,   3,  36,  37,
     39,  40,  42,  43,  44,  46,  47,  56,  57,  59,  60,  65,  66,   4,  36,  41,
     42,  44,  45,  47,  48,  59,  67,  71,  74,  75,   4,   5,  29,  36,  40,  41,
     42,  43,  44,  45,  48,  49,  52,  56,  71,  79,   3,   4,   6,  36,  38,  40,
     41,  42,  43,  44,  45,  47,  48,  56,  67,  71,  74,  75,  79,  36,   1,   4,
     36,  41,  44,  47,  51,  53,  57,  58,  59,  60,  61,  63,  66,  82,   4,  36,
     47,  51,  53,  57,  59,  60,  61,  66,   1,  36,  47,  49,  52,  57,  59,  66,
      1,   4,  36,  44,  58,  36,  47,  49,  52,  56,  59,  73,  78,   4,   5,  36,
     47,  49,  50,  52,  54,  59,  82,   1,   4,  36,  41,  44,  47,  51,  53,  57,
     58,  59,  60,  61,  63,  66,  82,   1,  36,  44,  47,  57,  59,  60,  66,  82,
      4,   5,  36,  40,  42,  44,  49,  52,  56,  61,  71,  82,   1,   3,  36,  39,
     40,  42,  43,  44,  46,  47,  54,  56,  57,  59,  60,  65,  66,  82,   1,  36,
     37,  40,  41,  43,  47,  50,  53,  54,  57,  58,  59,  60,  66,  68,  76,  78,
     82,   1,  36,  39,  57,  59,  60,  65,  66,  82,  36,  41,  49,  52,  59,   1,
      3,  36,  41,  44,  62,  64,  82,  39,  65,   4,   5,  36,  40,  42,  44,  49,
     52,  56,  61,  71,  82,   4,  71,   1,  36,  47,  60,  67,  74,  75,   1,  57,
     59,  60,  61,  66,  68,  70,  73,  76,  78,  80,   4,   5,  29,  30,  36,  42,
     46,  51,  53,  57,  59,  60,  61,  63,  66,  68,  70,  71,  72,  73,  76,  77,
     78,  79,   4,   5,  71,  73,   4,   5,  36,  42,  46,  51,  53,  59,  62,  63,
     70,  71,  72,  73,  74,  77,  78,  79,   4,  68,  71,  73,   1,  57,  59,  60,
     66,  68,  76,  78,  39,  46,  59,  60,  72,  77,  78,  59,  73,   4,  42,  46,
     51,  59,  61,  62,  70,  71,  72,  73,  78,  79,  80,  81,   4,  71,  36,  67,
     75,  83,  84,
};

static const int8_t notosans_14_bolditalicKernSparseValues[] = {
      -9,   -9,  -33,    9,    9,    5,  -19,  -28,  -14,  -14,  -14,   30,   -8,    9,   14,  -23,
      14,  -33,  -28,   14,   19,    9,    5,  -14,    9,   19,   19,    9,   -5,  -33,  -28,  -28,
      -9,  -28,  -19,  -28,   42,   19,   19,   14,   51,   -5,   19,    9,   14,   -9,   14,   19,
      14,   42,   14,  -23,  -33,   -9,  -28,  -28,  -28,  -19,  -37,  -28,  -23,  -28,  -23,  -33,
     -28,  -28,  -19,  -19,   -9,   -5,   -9,  -23,   -5,   -5,   -5,   -9,   -9,   -5,  -19,  -33,
      -9,   35,  -23,   -5,  -14,   -9,   -5,   -9,   -9,  -19,   -9,  -14,   -5,   -9,   -5,   -5,
      -5,   28,  -28,    9,   -9,   -9,   -9,  -37,   -9,  -19,   -5,   -9,  -19,  -19,   -9,  -61,
     -23,   -9,   -5,   -5,   -5,   -9,  -28,  -19,    9,  -23,   -9,    5,  -37,  -33,  -33,  -23,
     -28,   -9,  -19,  -28,  -19,   -9,   -5,   -5,  -23,    9,   -5,   -5,   -9,   -9,   -5,   -5,
      -5,  -19,   -9,  -14,  -28,    9,  -14,   -9,  -23,  -23,   -9,  -14,  -19,   -9,  -19,  -19,
      -9,   -9,   -5,   -5,   50,   -5,   -5,   -9,   -5,    9,   28,   19,   -9,   19,  -53,   -9,
      -9,   -5,    9,    9,   19,  -19,    9,   28,   -9,   -5,  -19,   -9,  -19,  -19,   -5,   -9,
     -14,  -28,  -19,  -19,  -28,   -9,   -9,  -28,  -19,   47,  -23,   -5,  -14,   19,   28,   35,
      41,   37,   33,   16,   19,   54,   23,   17,   27,   36,   18,    8,   14,    9,   14,   19,
      14,   28,    9,    9,   19,    9,   19,   23,   28,    9,  -19,   23,   -9,   14,    9,   33,
      37,   28,   37,   -9,    5,   -5,    9,    9,   -5,    9,   23,    9,   23,   23,   23,   30,
      -3,   -6,   11,  -11,  -37,   -5,   -9,  -33,   -5,   -9,   -5,   -5,  -37,   -5,   -5,  -14,
     -14,  -28,  -14,  -33,   14,  -28,  -19,   -9,  -19,    5,   -9,  -28,  -23,  -28,    5,  -16,
      -5,  -33,  -10,  -44,   -8,  -14,  -14,  -33,   -7,  -10,  -18,   -7,  -14,   23,  -14,    9,
     -13,   -9,   -5,    9,   -9,   -5,   -5,   -5,   -9,   -9,   -9,   -5,   -5,   -9,   -7,   -5,
      23,   14,  -37,  -33,   -9,  -37,  -14,  -23,  -23,    9,   -5,  -14,   -9,  -12,    9,    5,
     -19,   -9,   -5,   -9,   -5,   -5,  -14,   -5,    5,   -5,   -9,  -23,  -37,   -9,   -9,  -19,
      -9,   -9,  -35,  -35,  -33,  -14,  -14,  -14,   -9,   -5,  -22,   -5,   -9,  -26,   -9,   -5,
      26,   -9,    9,  -19,   -5,   -9,   -9,  -14,  -23,  -33,  -28,  -19,   14,    9,  -12,  -19,
     -42,   -5,   -5,   -5,   -5,    7,  -14,  -28,  -28,  -14,  -19,   -9,  -23,  -28,  -23,   -9,
     -33,   -9,   -5,   -5,   -5,   -5,   -9,   -5,  -14,   -5,  -14,  -19,  -14,   -9,   -9,   -9,
      -9,   -5,   -5,   -5,   -5,   -5,   -5,   -9,   -5,   -5,   -5,   -5,   -5,   19,   -5,   -5,
      56,   14,    7,   14,    5,   -5,  -14,   19,   14,  -19,   -9,   47,   14,  -19,  -19,  -19,
      -9,  -12,   -5,   -9,   -5,   -5,   -5,   -5,   -5,   -5,  -61,   -5,   -5,   -9,  -23,  -14,
     -23,  -23,  -14,   -5,   -5,   -5,   -5,  -19,  -23,  -28,   -9,  -19,   -5,  -23,   -5,   -9,
     -25,   -9,   -7,  -19,   -9,   -9,  -14,   -9,   -5,   -5,   -9,  -14,   -9,  -14,   -5,   -9,
     -49,  -14,   -5,  -14,   -5,   -9,  -19,   -9,   -9,   -9,   -5,   -5,  -19,   -9,   -9,  -28,
      -5,   -5,   -5,  -14,   -9,   -5,    3,  -14,   -5,  -23,   -5,   -5,   -5,   -9,   -5,   -9,
      -5,   -9,   -9,   -5,   -5,  -19,   -5,   -9,   -9,    5,   -9,   -9,   -9,   -5,   -9,   -8,
      -5,   -9,   -5,   -9,   -7,   -5,    5,   -5,   -9,  -33,  -14,   -5,  -14,   -5,   -9,  -19,
      -9,   -9,   -9,   -5,   -5,  -19,   -9,  -14,  -19,   -5,   -9,  -23,   -9,   -9,  -23,  -19,
     -19,   -5,   -7,  -14,   -5,   -5,  -11,  -11,  -23,   -5,   -9,    9,   -9,   19,  -23,   61,
      19,    9,   19,    9,   -9,  -19,   -5,    9,    5,   -9,   -9,   35,    5,  -14,  -28,  -42,
     -14,    7,   -6,    3,  -56,   -5,   -7,   -5,  -28,   -2,  -33,  -33,  -28,   -9,  -14,   -9,
     -42,  -14,  -42,   40,  -19,   -9,   -9,   12,  -19,  -19,  -14,   -9,   -5,   -5,   -9,   19,
      14,   12,    9,    5,   18,    5,   19,   37,   14,  -19,   -5,  -13,  -14,   -5,   -5,  -11,
     -11,  -23,   -5,   -9,    9,  -19,   -9,  -19,  -19,  -28,   -9,  -14,  -23,  -14,  -33,  -14,
     -14,  -23,   14,  -14,   -9,   -5,   -9,   -9,   -9,   -9,  -28,  -19,  -28,  -19,    5,  -23,
     -19,   -9,   -9,  -19,  -23,  -19,  -14,  -28,  -19,   -9,  -23,  -28,   -9,  -33,  -19,  -23,
     -33,  -23,  -23,   -9,  -14,   -5,  -23,   -9,    9,  -28,  -14,   -9,   -9,  -23,    9,  -14,
     -14,  -23,   -9,  -19,    9,   -9,  -14,  -19,  -14,   23,  -14,   -9,  -33,   -9,  -37,  -23,
      -9,   -9,   -9,   -9,  103,  -14,  -19,   -9,   -9,  -14,   -9,   -5,   -5,  -28,  -28,  -14,
     -19,  -19,   -9,    9,  -14,  -23,   -9,  -23,  -19,  -19,  -19,   -5,  -19,   -5,   -9,   -5,
      -5,   15,   18,
};


static const EpdFontData notosans_14_bolditalic = {
    notosans_14_bolditalicBitmaps,
    notosans_14_bolditalicGlyphs,
    epdSharedFontIntervals_cfc34526fa91,
    27,
    40,
    32,
    -9,
    true,
    notosans_14_bolditalicGroups,
    15,
    nullptr,
    nullptr,  // kernLeftClasses: built-in fonts use the split arrays below
    nullptr,  // kernRightClasses
    epdSharedFontKernLeftCodepoints_7531f75e2b15,
    epdSharedFontKernLeftClassIds_92bc86b000dd,
    epdSharedFontKernRightCodepoints_c9ab5b5ed136,
    epdSharedFontKernRightClassIds_23117bb18d6e,
    nullptr,  // kernMatrix: built-in fonts use the sparse form below
    notosans_14_bolditalicKernRowOffsets,
    notosans_14_bolditalicKernSparseCols,
    notosans_14_bolditalicKernSparseValues,
    474,
    473,
    93,
    85,
    epdSharedFontLigaturePairs_607bf6e70845,
    5,
};
