/**
 * generated by fontconvert.py
 * name: notosans_12_regular
 * size: 12
 * mode: 2-bit  compressed: zopfli
 * hinting: auto (FT_LOAD_FORCE_AUTOHINT — grid-fits stems to whole pixels)
 * Command used: fontconvert.py notosans_12_regular 12 ../builtinFonts/source/NotoSans/NotoSans-Regular.ttf --2bit --compress --zopfli
 */
#pragma once
#include "EpdFontData.h"
#include "shared_tables.h"

static const uint8_t notosans_12_regularBitmaps[23934] = {
    0xB5, 0x96, 0x3F, 0x8C, 0xE4, 0x48, 0x15, 0x87, 0x3F, 0xDB, 0x62, 0x2C, 0xB0, 0x44, 0x5D, 0x78,
    0xD2, 0xEE, 0xAD, 0x93, 0x4B, 0x40, 0xB7, 0xED, 0xE4, 0x82, 0x91, 0xB0, 0xDB, 0x3E, 0x08, 0x49,
    0xC8, 0xA3, 0xCB, 0x03, 0x06, 0x21, 0x21, 0x0D, 0x92, 0x67, 0xDA, 0xC7, 0xE5, 0x62, 0xF2, 0x00,
    0x08, 0x09, 0x17, 0x69, 0x03, 0x07, 0x3D, 0xB4, 0xEF, 0x2E, 0x20, 0x20, 0xC0, 0x1C, 0x01, 0x01,
    0x12, 0x67, 0x74, 0x9B, 0x11, 0x5C, 0x71, 0xFB, 0x8E, 0xF5, 0xB2, 0x9E, 0x7E, 0x54, 0xB5, 0xD5,
    0xF3, 0x67, 0x47, 0xA3, 0xDD, 0x13, 0xA2, 0xEA, 0xF7, 0xBD, 0xB6, 0xAB, 0x5E, 0xD5, 0x7B, 0x5D,
    0x55, 0xB2, 0x5D, 0x5F, 0x2F, 0xD0, 0x4E, 0x6D, 0xBD, 0xAC, 0x1F, 0xE6, 0xAE, 0x1E, 0xBE, 0x75,
    0x78, 0xFF, 0xF0, 0x3E, 0x6F, 0x45, 0x0D, 0xEF, 0xC4, 0x15, 0x79, 0x02, 0x87, 0x8E, 0x63, 0x43,
    0xA9, 0x3A, 0x7D, 0xF7, 0x3F, 0x9B, 0xDF, 0x62, 0xDF, 0x81, 0xC1, 0x93, 0x13, 0xF4, 0x87, 0xA8,
    0xAA, 0xF5, 0x44, 0xDD, 0x23, 0xA2, 0xC6, 0x12, 0x57, 0x9E, 0x81, 0x24, 0xE8, 0x21, 0xF7, 0x3A,
    0xD0, 0xB3, 0x52, 0xE5, 0x3C, 0x7F, 0x5F, 0x72, 0x9C, 0xA6, 0x9C, 0xD5, 0x9A, 0x74, 0x4B, 0xB0,
    0x19, 0x58, 0x8E, 0xE4, 0x35, 0x79, 0x41, 0x9E, 0x9F, 0xE5, 0x6B, 0x55, 0x7B, 0xA4, 0x0D, 0x39,
    0xB3, 0xD2, 0x9E, 0x77, 0x29, 0x2D, 0x8F, 0x68, 0x5B, 0x7A, 0xA4, 0x0E, 0x1B, 0x67, 0x22, 0x9C,
    0xF9, 0xB6, 0x37, 0xF7, 0xBF, 0xE3, 0xCC, 0xBB, 0xDA, 0xAC, 0xC7, 0x9F, 0x7E, 0xDE, 0x97, 0xF6,
    0x2F, 0x1F, 0x0F, 0xC9, 0x2F, 0x3E, 0xFC, 0xC8, 0x12, 0xC5, 0xCE, 0x7C, 0xCB, 0x9B, 0xFB, 0x91,
    0x33, 0xEF, 0x7A, 0xF3, 0x93, 0xE8, 0xF3, 0x81, 0x3E, 0xD0, 0x2E, 0x6C, 0x58, 0xB9, 0xD0, 0x0D,
    0xC4, 0x2A, 0x60, 0x9A, 0x09, 0x52, 0x6A, 0x30, 0x3B, 0xD3, 0x8C, 0x10, 0xFF, 0xD5, 0x42, 0xA0,
    0x0D, 0x84, 0x5B, 0xC0, 0xFC, 0xBA, 0x31, 0x14, 0xF1, 0x90, 0xD2, 0x06, 0x63, 0x81, 0x70, 0x5A,
    0x23, 0x18, 0x61, 0x24, 0xB1, 0x9C, 0xB2, 0x9A, 0xC8, 0xF4, 0xA2, 0xF4, 0xFF, 0xD3, 0x74, 0x75,
    0x9D, 0xE7, 0x87, 0x87, 0x87, 0x61, 0x1F, 0x77, 0xA6, 0x4A, 0x29, 0xC8, 0xA9, 0x69, 0x91, 0x6B,
    0x75, 0xA4, 0xA5, 0xA6, 0x60, 0x81, 0x21, 0x69, 0xA2, 0x8E, 0xB3, 0xFC, 0xF2, 0x3A, 0xEA, 0xC3,
    0x21, 0xB0, 0xF8, 0x2A, 0x88, 0xFF, 0x0D, 0x5C, 0x0D, 0x87, 0xE8, 0x72, 0xBE, 0xB7, 0xA1, 0x86,
    0x7C, 0xA7, 0x43, 0xB6, 0x3F, 0x3F, 0x57, 0xDD, 0xB2, 0x25, 0xF8, 0x82, 0xE8, 0x8F, 0x4D, 0xF2,
    0x49, 0x6F, 0xBE, 0x3F, 0x04, 0x40, 0x7D, 0x43, 0xBA, 0x2B, 0x2F, 0x35, 0x2E, 0x8B, 0xFC, 0xF8,
    0xB1, 0x55, 0x57, 0xDD, 0x01, 0x20, 0xEE, 0x48, 0x2A, 0x0C, 0xA4, 0x50, 0x40, 0x0E, 0x2D, 0x08,
    0x58, 0xC2, 0x81, 0xA8, 0xBB, 0xEA, 0x7F, 0x70, 0xAD, 0x3F, 0xD4, 0xCA, 0xE8, 0x90, 0x31, 0xE6,
    0xE4, 0x35, 0x45, 0xCB, 0x42, 0x48, 0x5F, 0x92, 0x6B, 0x74, 0x5D, 0xCE, 0xC1, 0xB9, 0x19, 0xB5,
    0x81, 0x56, 0x9C, 0x84, 0x17, 0xE6, 0x62, 0x59, 0x1C, 0x16, 0xDC, 0x59, 0x0F, 0xB4, 0x2A, 0x75,
    0x38, 0x09, 0xE4, 0x0D, 0xD6, 0xFB, 0x94, 0xD7, 0x20, 0x84, 0xD6, 0xA7, 0x92, 0xBA, 0x49, 0x08,
    0x84, 0xB8, 0xF7, 0x97, 0x05, 0xE8, 0xAE, 0x1C, 0x68, 0xB3, 0x52, 0x39, 0x66, 0xDA, 0xAF, 0x50,
    0x4D, 0x20, 0x91, 0x36, 0xB1, 0x0E, 0x04, 0x13, 0x2C, 0x21, 0xDD, 0x6B, 0x39, 0x30, 0xA9, 0x4A,
    0xA6, 0x15, 0x4C, 0x10, 0x3A, 0x22, 0x87, 0xA9, 0xE1, 0xA1, 0xE3, 0xD8, 0x61, 0x6B, 0xC2, 0xBE,
    0x26, 0x6E, 0x6A, 0x0C, 0xF5, 0xBC, 0x95, 0xF3, 0x6A, 0x76, 0x1E, 0xA8, 0xB9, 0x4E, 0xA9, 0xD6,
    0x69, 0x0E, 0x7C, 0xBC, 0xD3, 0xE9, 0x96, 0x95, 0x0E, 0x6F, 0x1C, 0x08, 0xAC, 0x21, 0xDF, 0xAF,
    0x9C, 0x53, 0xDB, 0x87, 0x56, 0xB5, 0x3F, 0xDA, 0xC2, 0x91, 0x84, 0x3A, 0x9A, 0x9E, 0x6C, 0x3F,
    0xF0, 0xF1, 0xAA, 0x79, 0xA6, 0xA2, 0xD5, 0x7A, 0x62, 0x79, 0x6D, 0x19, 0xD3, 0x9C, 0x65, 0x56,
    0xAD, 0x8D, 0x4A, 0xA0, 0x8D, 0xEE, 0x0A, 0x2C, 0xAE, 0xB6, 0x2A, 0xB0, 0x44, 0x3D, 0x71, 0x87,
    0xA9, 0x48, 0x6F, 0xF4, 0x84, 0xFB, 0x9E, 0x50, 0x9B, 0x54, 0xA5, 0x64, 0x9A, 0xF7, 0xAB, 0x20,
    0xCF, 0x90, 0xE4, 0x9F, 0x7D, 0xA8, 0x55, 0xF2, 0xC5, 0xB0, 0x0C, 0xA6, 0xF5, 0x3E, 0xE2, 0x48,
    0x76, 0xCA, 0x79, 0xA6, 0xA3, 0x3B, 0xD5, 0xAE, 0x37, 0xD5, 0x61, 0xC9, 0xB8, 0x26, 0x17, 0x16,
    0x7B, 0x87, 0xF2, 0x14, 0xCD, 0xF4, 0xB3, 0x78, 0x3B, 0x07, 0x2B, 0xA0, 0x86, 0x91, 0xD8, 0x66,
    0xDA, 0x64, 0xCF, 0xF1, 0x87, 0x6A, 0x2E, 0xFE, 0x72, 0x51, 0x2E, 0xF6, 0x77, 0xF3, 0xB9, 0x83,
    0x00, 0x52, 0x82, 0x2D, 0xE9, 0xB0, 0x33, 0x5C, 0xC0, 0x16, 0xD2, 0x27, 0x04, 0x9B, 0x8A, 0x64,
    0x84, 0x15, 0xC4, 0x80, 0xEA, 0xE4, 0x04, 0x00, 0x97, 0xB7, 0x15, 0x08, 0x78, 0xC7, 0xAB, 0x9F,
    0x15, 0x6C, 0xB8, 0x27, 0xC1, 0xB6, 0xCA, 0x76, 0xB3, 0xF5, 0x00, 0xDC, 0xF3, 0x7B, 0xD0, 0xBF,
    0x1D, 0x59, 0x70, 0x12, 0x6F, 0xA3, 0x01, 0xD3, 0xB1, 0x82, 0x71, 0x3E, 0xDC, 0x5E, 0x73, 0xF1,
    0xB7, 0xD6, 0x5B, 0x0E, 0xF4, 0x09, 0x6E, 0xA0, 0x56, 0xC1, 0x05, 0xE9, 0x10, 0xF7, 0x04, 0x62,
    0xDE, 0xD3, 0xB3, 0xF5, 0x32, 0x51, 0x5B, 0xE4, 0xE9, 0x7B, 0x76, 0xD1, 0x2E, 0x03, 0x9B, 0x4A,
    0xEE, 0x4D, 0x7D, 0x69, 0xF2, 0xD0, 0x2E, 0x65, 0x19, 0x4B, 0xDD, 0xA6, 0xDB, 0x52, 0xEA, 0x78,
    0x4C, 0xFB, 0x25, 0x40, 0xDA, 0x00, 0x89, 0xF0, 0x26, 0x81, 0xEA, 0x08, 0xF7, 0xF4, 0x8C, 0x5D,
    0xD8, 0x64, 0x00, 0x63, 0xE1, 0xC1, 0x63, 0x28, 0x8E, 0x21, 0xCF, 0xA1, 0x5D, 0x80, 0x35, 0x04,
    0x83, 0xA9, 0xC2, 0x3E, 0x6E, 0x22, 0xD5, 0x2E, 0x56, 0xED, 0x4D, 0xE5, 0x22, 0x80, 0x5D, 0x40,
    0x9B, 0x43, 0x5D, 0x43, 0x21, 0x90, 0xA9, 0x9B, 0x4B, 0x75, 0x42, 0x38, 0x75, 0xA4, 0xD7, 0x38,
    0x41, 0x75, 0xD8, 0x21, 0x9C, 0x3B, 0x32, 0x87, 0xF1, 0x54, 0x0E, 0xE6, 0xFB, 0x53, 0x7C, 0x42,
    0x7E, 0x0E, 0xB2, 0x6D, 0x15, 0xBA, 0x38, 0xC9, 0x10, 0x34, 0x59, 0x05, 0x05, 0x50, 0x03, 0x2D,
    0x20, 0x2F, 0x31, 0x02, 0x6B, 0x66, 0x9F, 0x0C, 0x30, 0x03, 0x7E, 0x6C, 0xC7, 0xD1, 0xB6, 0xBA,
    0xCA, 0x67, 0xE5, 0x30, 0x9D, 0x10, 0xF5, 0x42, 0x68, 0x85, 0xC0, 0x81, 0x47, 0x66, 0x98, 0xDB,
    0x5C, 0xDF, 0xEC, 0xE3, 0x7D, 0x37, 0xCC, 0xF9, 0x34, 0x0E, 0xEB, 0x24, 0x70, 0x5D, 0xAA, 0xBD,
    0xEA, 0x20, 0x70, 0x5B, 0xB3, 0xFF, 0xE5, 0xA8, 0xD7, 0x1F, 0xE8, 0xE4, 0x37, 0xC4, 0xEF, 0x4C,
    0xF2, 0x84, 0xF7, 0xD3, 0x0A, 0x96, 0xB7, 0xFE, 0x7B, 0x39, 0x09, 0x2B, 0x07, 0xF5, 0xE8, 0x58,
    0x3B, 0x0A, 0x47, 0x56, 0x51, 0x9B, 0x81, 0x3A, 0x54, 0x9D, 0xC8, 0xF4, 0x37, 0x42, 0x60, 0xEF,
    0x42, 0x55, 0x3D, 0xFE, 0xFA, 0x95, 0xA8, 0x3D, 0x72, 0xFB, 0x7D, 0x77, 0x3D, 0xEA, 0xD5, 0x22,
    0xAF, 0x55, 0x6D, 0x68, 0xB5, 0xDF, 0x22, 0xA4, 0x95, 0x50, 0x20, 0x8C, 0x48, 0x34, 0x20, 0xA6,
    0x41, 0x32, 0x90, 0x35, 0x7C, 0x65, 0xE1, 0x85, 0x43, 0x27, 0x98, 0x96, 0x20, 0x69, 0x85, 0x24,
    0x1D, 0x12, 0xD9, 0xD9, 0x9F, 0x93, 0xFD, 0xE9, 0x69, 0x04, 0xEE, 0xD6, 0xDD, 0xBB, 0x02, 0x89,
    0x37, 0xC6, 0xBE, 0xA8, 0x48, 0xED, 0xB3, 0x8E, 0x87, 0xDE, 0x14, 0xF6, 0xAB, 0x81, 0x9F, 0x59,
    0xB1, 0xFC, 0xCB, 0xCA, 0x63, 0xFE, 0x61, 0xE5, 0x38, 0xFC, 0xB3, 0x95, 0xDC, 0xBD, 0xB2, 0xE5,
    0x61, 0xFC, 0x81, 0x95, 0x34, 0x09, 0xAC, 0x18, 0xE3, 0x4C, 0xF2, 0x2B, 0x67, 0xA2, 0x69, 0x6F,
    0x02, 0x71, 0x06, 0x1B, 0xD8, 0x09, 0x44, 0x3D, 0x15, 0xF2, 0xA2, 0x43, 0x9E, 0x0D, 0x88, 0xFB,
    0x3F, 0x22, 0xAD, 0xA3, 0x70, 0xA4, 0x0E, 0x97, 0xB6, 0x44, 0x9D, 0x48, 0x38, 0x88, 0x20, 0x8E,
    0xDA, 0xB1, 0x70, 0x18, 0x47, 0xE2, 0x88, 0x84, 0xA3, 0xE7, 0x10, 0xA9, 0x76, 0x98, 0xFE, 0xC0,
    0x92, 0xC1, 0x9A, 0x1C, 0x0A, 0xD6, 0x90, 0x31, 0x82, 0x41, 0xF6, 0xA6, 0xBA, 0x34, 0x8C, 0x90,
    0xCE, 0x2E, 0x05, 0x14, 0xF3, 0x30, 0xD3, 0xC7, 0xE2, 0xA7, 0xEA, 0xD9, 0x4D, 0xAA, 0xDB, 0x4A,
    0xD5, 0x65, 0x3C, 0xFA, 0xB0, 0xE4, 0x42, 0xB1, 0xB3, 0x6B, 0x39, 0x10, 0xE7, 0xA3, 0xCF, 0xEF,
    0x38, 0x91, 0xFF, 0x9F, 0x7C, 0xB6, 0x00, 0x25, 0x80, 0xE9, 0x80, 0xC8, 0x02, 0x4C, 0x3E, 0x47,
    0x54, 0x2D, 0x12, 0x4C, 0x08, 0xB5, 0xA3, 0x70, 0xE4, 0xF3, 0x75, 0x20, 0xB8, 0xC1, 0x0E, 0x10,
    0x53, 0x21, 0x71, 0x37, 0x9F, 0xA0, 0x60, 0x7F, 0x3A, 0x6A, 0x47, 0xE9, 0x48, 0x2B, 0xF7, 0xBA,
    0xC8, 0x74, 0x3C, 0xE1, 0x7D, 0x81, 0x59, 0xE7, 0x50, 0x9E, 0x91, 0x6C, 0x61, 0xD3, 0x13, 0x8F,
    0xD7, 0xDE, 0x84, 0xF5, 0x59, 0x30, 0xAA, 0x0E, 0xBB, 0x27, 0x86, 0x76, 0x1E, 0x52, 0xF8, 0x5F,
    0x10, 0x02, 0xFB, 0x75, 0x69, 0x09, 0x87, 0x9A, 0xA8, 0x2F, 0xAB, 0xB4, 0x33, 0xEA, 0x3F, 0x4B,
    0x9F, 0xE0, 0xB3, 0xAC, 0x41, 0x72, 0xB0, 0x4B, 0x42, 0x9B, 0xBA, 0x7E, 0x53, 0xC5, 0x5D, 0xD2,
    0x24, 0x8D, 0xFF, 0x10, 0x8B, 0xFA, 0xD4, 0x8D, 0x5A, 0x10, 0xD8, 0x02, 0xA4, 0x86, 0xB6, 0x85,
    0xDC, 0xC2, 0xD2, 0x91, 0x0D, 0x60, 0xBA, 0x1D, 0xEB, 0x9D, 0xA9, 0xBD, 0x1D, 0x0B, 0xD2, 0x1E,
    0x59, 0xB2, 0x18, 0x02, 0x9B, 0x39, 0xE7, 0x70, 0x48, 0xC9, 0x1F, 0xFB, 0x79, 0xDB, 0xE3, 0xC8,
    0xCD, 0x2C, 0x79, 0xDC, 0xC5, 0x9D, 0xCD, 0x93, 0x26, 0xFA, 0x68, 0x58, 0xB8, 0x18, 0x9F, 0xF6,
    0xA9, 0x21, 0xFC, 0xBC, 0x33, 0x29, 0xC1, 0xD3, 0x2E, 0xF9, 0x31, 0x3C, 0x6B, 0xE2, 0x73, 0xD0,
    0x2A, 0x9A, 0x60, 0x83, 0xB7, 0xA7, 0x84, 0x23, 0x14, 0x20, 0xCE, 0x84, 0x36, 0x23, 0xEA, 0x4C,
    0x63, 0x5C, 0x8E, 0x3E, 0xBF, 0x1C, 0xA4, 0x85, 0x13, 0x0B, 0x59, 0x3F, 0xE7, 0x94, 0x39, 0x7C,
    0x8E, 0x22, 0x04, 0xB6, 0x76, 0xDE, 0x0B, 0x92, 0xC6, 0x54, 0x29, 0x49, 0x57, 0x10, 0x0D, 0x6B,
    0xD7, 0xEA, 0x71, 0xD7, 0x7D, 0x86, 0xFF, 0xA7, 0xA6, 0x4A, 0xBA, 0xCC, 0xDD, 0x15, 0xBB, 0x95,
    0x42, 0x2C, 0x9C, 0x0E, 0x50, 0x76, 0x90, 0x36, 0x60, 0xAA, 0x3B, 0xD1, 0x5D, 0x81, 0x02, 0xC6,
    0xF9, 0xDB, 0xC4, 0x05, 0x21, 0x85, 0x02, 0xD6, 0x57, 0x0D, 0x06, 0x96, 0x50, 0x83, 0xCE, 0x65,
    0xD0, 0x5E, 0x78, 0x75, 0xD5, 0x5E, 0x87, 0x76, 0x7F, 0x90, 0x1E, 0x80, 0x81, 0xA4, 0x22, 0xEE,
    0x88, 0x3A, 0xC2, 0x01, 0x2C, 0x08, 0x5C, 0x7A, 0xA4, 0xB3, 0x47, 0xE3, 0x3C, 0x36, 0xB2, 0x7A,
    0x9D, 0x00, 0xCE, 0x6B, 0x23, 0x7C, 0x03, 0x30, 0x40, 0xD6, 0xC0, 0xF7, 0x3A, 0xF8, 0xDD, 0x00,
    0xD6, 0x12, 0xF6, 0xC7, 0x2E, 0x50, 0x4E, 0x5C, 0x3D, 0xC0, 0xB8, 0xFA, 0x80, 0xB8, 0xC9, 0x5D,
    0xCB, 0xFC, 0x6D, 0x32, 0x51, 0x60, 0xDC, 0xDD, 0x81, 0x36, 0xA9, 0xDA, 0x6F, 0x32, 0x42, 0xED,
    0x14, 0x6E, 0xA6, 0x4C, 0xA7, 0x53, 0xEA, 0x91, 0x5A, 0xBC, 0xA6, 0x75, 0x34, 0x95, 0x9A, 0x27,
    0x63, 0x2E, 0x70, 0x43, 0x9B, 0xE6, 0x85, 0xCA, 0x96, 0xB5, 0x9B, 0x69, 0x24, 0x13, 0xD2, 0x4B,
    0x8D, 0x2C, 0x5C, 0xE3, 0x96, 0xE9, 0x99, 0x8A, 0xDD, 0x34, 0x81, 0x9E, 0x19, 0xED, 0x4B, 0xAA,
    0x1A, 0xDA, 0x9B, 0x93, 0xB4, 0x50, 0x43, 0xC9, 0x8F, 0x8C, 0x0E, 0xA1, 0x36, 0x90, 0x5E, 0x57,
    0xB8, 0x4D, 0x8D, 0x7E, 0x56, 0xB2, 0xA9, 0x29, 0xDB, 0x97, 0x43, 0x64, 0xAE, 0xD1, 0x75, 0xA5,
    0xFA, 0x59, 0xB8, 0x35, 0xF3, 0x37, 0xFE, 0x12, 0xA9, 0xA9, 0x1F, 0x93, 0xAB, 0x5E, 0x38, 0xDD,
    0x08, 0x51, 0xBD, 0x69, 0x74, 0x0C, 0x74, 0x60, 0xD3, 0x45, 0xDA, 0xF9, 0x3D, 0xAD, 0xBC, 0x56,
    0x8A, 0xAA, 0xBB, 0x78, 0xB5, 0x5C, 0x94, 0x5D, 0x32, 0x7A, 0x3B, 0x99, 0x96, 0xF4, 0x5A, 0x32,
    0x57, 0x1F, 0xEF, 0x6F, 0xB3, 0x2E, 0x55, 0xEE, 0x69, 0x73, 0x7B, 0xE9, 0xDC, 0xCA, 0x6C, 0x99,
    0x26, 0xEA, 0x91, 0x42, 0xEE, 0xD6, 0x23, 0x79, 0x04, 0x72, 0xA3, 0xF0, 0x08, 0x0F, 0xF0, 0xEA,
    0x97, 0x6A, 0x60, 0x37, 0xC3, 0xEA, 0x56, 0xF4, 0x40, 0x24, 0xEA, 0xC5, 0x34, 0xB2, 0x44, 0x46,
    0xFE, 0x6D, 0x79, 0x31, 0xA0, 0xC2, 0x58, 0x23, 0x19, 0xBE, 0x3D, 0xEE, 0x25, 0xB4, 0xC2, 0x24,
    0xB7, 0x8B, 0xDB, 0xCE, 0xD5, 0xF0, 0x4C, 0xBF, 0xD4, 0x69, 0x1B, 0x68, 0x75, 0x32, 0xF1, 0x7B,
    0x96, 0x23, 0x35, 0x0B, 0xF9, 0x3A, 0xC6, 0xBE, 0xF6, 0x02, 0x04, 0xDA, 0x60, 0x54, 0x28, 0x59,
    0x53, 0xB3, 0xA4, 0x25, 0xBD, 0xFE, 0x79, 0xE8, 0xF1, 0x6D, 0xBB, 0x3E, 0xEF, 0xE3, 0x7D, 0xFD,
    0x98, 0xCB, 0x08, 0x77, 0x9D, 0x4E, 0xDD, 0x9D, 0x4E, 0xD9, 0xDC, 0x5A, 0x1D, 0xFC, 0x4E, 0xBF,
    0xDE, 0xB1, 0x4B, 0xE1, 0x65, 0xD9, 0xCD, 0xD3, 0xAD, 0x56, 0x13, 0x23, 0x72, 0xAB, 0x26, 0xDB,
    0x6A, 0xA5, 0xCD, 0x18, 0x20, 0x30, 0xC2, 0xAA, 0xF2, 0xF3, 0x05, 0x0A, 0x69, 0x47, 0xE4, 0xD4,
    0x9F, 0x25, 0x9D, 0x6A, 0x75, 0x34, 0x12, 0x63, 0x5C, 0xDD, 0xA8, 0x6A, 0xCA, 0xCD, 0xEA, 0xDA,
    0x9B, 0x44, 0x03, 0x15, 0x8A, 0xBB, 0x75, 0x32, 0x72, 0x7E, 0x1E, 0x5E, 0x94, 0x7A, 0x9E, 0x5C,
    0x3C, 0x1C, 0xDD, 0x88, 0x1A, 0x43, 0x4E, 0xC6, 0x82, 0x82, 0x94, 0x1C, 0x53, 0xB5, 0x24, 0x8D,
    0x10, 0x77, 0x96, 0xE8, 0xD3, 0xC1, 0x3F, 0xC0, 0xE1, 0xA9, 0xE3, 0x45, 0x03, 0x2B, 0xA0, 0x84,
    0x96, 0x9A, 0xBC, 0xE6, 0x82, 0x3A, 0x47, 0x69, 0x8B, 0xE0, 0x0B, 0x64, 0x11, 0xFE, 0xAD, 0xB2,
    0x69, 0xF4, 0x87, 0x0F, 0xAC, 0x89, 0x3F, 0xFC, 0x78, 0x30, 0x3F, 0xFC, 0xC1, 0x27, 0x7D, 0xFC,
    0x4B, 0x37, 0x3A, 0xFA, 0x93, 0x1B, 0x1E, 0xFD, 0xDD, 0x8D, 0x0F, 0x27, 0x36, 0x55, 0x30, 0xB1,
    0x82, 0x91, 0xD2, 0xC7, 0x73, 0x75, 0x49, 0xD2, 0xAD, 0x89, 0x7A, 0x4B, 0xF0, 0xB4, 0x87, 0x4D,
    0x07, 0x25, 0x8E, 0x0A, 0xB4, 0x23, 0xFC, 0x72, 0x20, 0xEA, 0x64, 0x97, 0x67, 0xE6, 0x6A, 0x81,
    0xA9, 0x0A, 0xE7, 0xBD, 0x20, 0xEE, 0x52, 0xD7, 0x6A, 0x2A, 0xE3, 0xC6, 0xA7, 0xCE, 0xA7, 0x20,
    0x1C, 0xF2, 0xF9, 0x21, 0x6F, 0x05, 0x5A, 0x0B, 0xC5, 0xFE, 0x41, 0xEF, 0x30, 0x8D, 0x03, 0xC8,
    0x80, 0x02, 0x58, 0x43, 0x69, 0x1D, 0x8D, 0x43, 0xAD, 0x13, 0xD1, 0xC0, 0xFC, 0x7C, 0x5F, 0x5E,
    0x3D, 0xDF, 0x4D, 0x47, 0x06, 0x27, 0xFB, 0x8F, 0x40, 0x32, 0x34, 0xB4, 0x51, 0x7F, 0x59, 0xBB,
    0xA4, 0xDB, 0xB2, 0x75, 0x6E, 0x51, 0x77, 0xAD, 0xD5, 0xA2, 0x64, 0x72, 0x57, 0x19, 0xD1, 0x2A,
    0xB9, 0x31, 0x20, 0xB4, 0x6C, 0x58, 0x85, 0x72, 0x73, 0x62, 0xAD, 0x46, 0x56, 0x4F, 0x42, 0x55,
    0x6D, 0xEE, 0x3D, 0xFF, 0x2F, 0xBD, 0x95, 0x81, 0x87, 0x25, 0xCB, 0x15, 0xC6, 0x7F, 0xDD, 0xB5,
    0x99, 0x8E, 0xE9, 0x7D, 0x53, 0x8B, 0x20, 0xB1, 0x37, 0x53, 0x41, 0xB0, 0x64, 0xE7, 0xF6, 0x86,
    0xC5, 0x0D, 0xDD, 0x73, 0x2B, 0x59, 0x04, 0x90, 0xFD, 0x23, 0x02, 0xC0, 0x0C, 0x16, 0x83, 0x9E,
    0xB7, 0x2D, 0x10, 0x40, 0xF6, 0x4F, 0x58, 0x04, 0x91, 0xC0, 0x62, 0xC8, 0xB5, 0xEE, 0xEC, 0xD4,
    0xBE, 0xFC, 0x03, 0x9D, 0x17, 0x3C, 0x08, 0x3A, 0x3C, 0x10, 0x50, 0x89, 0xCA, 0xBE, 0xDE, 0xBC,
    0x3B, 0x53, 0x39, 0xE5, 0x9A, 0x79, 0xB3, 0xB3, 0xD9, 0xD8, 0xD8, 0xB1, 0xA7, 0xCF, 0xF7, 0xE9,
    0xAA, 0x73, 0xEA, 0x3B, 0x1F, 0xD5, 0xD7, 0x5D, 0xAC, 0x16, 0xD0, 0x5E, 0x0E, 0x5A, 0xB2, 0xF8,
    0x44, 0xC7, 0x61, 0x6E, 0x6D, 0x0B, 0x0B, 0x08, 0x6F, 0x66, 0x3A, 0x00, 0x73, 0xFB, 0x50, 0x7A,
    0xB2, 0xD8, 0xD1, 0x92, 0xB2, 0x7A, 0x0D, 0x31, 0xA2, 0xFC, 0xB7, 0x50, 0x0E, 0x8A, 0x2B, 0x88,
    0xD1, 0x27, 0xBC, 0xB5, 0x5F, 0x76, 0x60, 0x48, 0xF5, 0xE8, 0x12, 0x7E, 0xC0, 0x8D, 0xE5, 0x8B,
    0xA6, 0x8A, 0xA3, 0xFE, 0xA9, 0x9F, 0x72, 0xD0, 0x50, 0x4B, 0xCA, 0x8B, 0x2C, 0x65, 0xB3, 0x7D,
    0xD1, 0x48, 0xC3, 0x82, 0x7C, 0xA8, 0x65, 0xCA, 0x54, 0x4E, 0x6B, 0xB4, 0xF0, 0x8E, 0xAC, 0x6A,
    0xD9, 0x0D, 0xF0, 0x0F, 0x0F, 0x8F, 0x1D, 0x9B, 0x27, 0x7F, 0x47, 0xC7, 0x08, 0x86, 0x84, 0xF4,
    0xFE, 0xC6, 0x3A, 0x21, 0x5C, 0x04, 0x70, 0x79, 0x79, 0xFB, 0xCC, 0x3E, 0x8E, 0x6E, 0xCC, 0x6C,
    0x80, 0x63, 0xA8, 0x7A, 0xCC, 0x29, 0xCB, 0xAA, 0x0B, 0x85, 0x0B, 0xAA, 0x5F, 0x2A, 0x37, 0xFF,
    0x4D, 0x57, 0x9C, 0xC1, 0x9E, 0xA5, 0x70, 0xA8, 0xFE, 0x49, 0x29, 0xDE, 0xED, 0xDE, 0x6B, 0x9E,
    0xDE, 0x09, 0xED, 0xB3, 0x19, 0x1B, 0xF1, 0x09, 0x3C, 0x8E, 0x23, 0xD9, 0xC8, 0x9E, 0xB4, 0x48,
    0xEA, 0xEC, 0xA4, 0x1B, 0x26, 0x45, 0xEC, 0xF7, 0x67, 0xBA, 0xB3, 0xB3, 0x7B, 0x15, 0x4C, 0xEE,
    0x35, 0x70, 0xF3, 0x1B, 0xBA, 0x2F, 0x34, 0x99, 0x55, 0x30, 0x9B, 0x48, 0xCB, 0xBE, 0x2E, 0xA2,
    0x1B, 0x0A, 0xF7, 0xE2, 0x81, 0x4B, 0x2A, 0x56, 0xF4, 0x56, 0x24, 0x65, 0x8C, 0xFF, 0x4E, 0xCD,
    0xA4, 0x5C, 0xFD, 0x64, 0xB2, 0x3F, 0xB9, 0x5F, 0x57, 0x7F, 0x05, 0x80, 0xFE, 0xBE, 0xEA, 0x83,
    0x7E, 0xD0, 0x4F, 0xCB, 0x6E, 0x59, 0x31, 0xEE, 0xD2, 0x68, 0x6B, 0x0A, 0x57, 0xBC, 0xF4, 0xF9,
    0xB0, 0xC0, 0xDE, 0x8A, 0x31, 0x22, 0xB0, 0xA0, 0xDF, 0x42, 0xF4, 0xD1, 0xFF, 0x57, 0xD3, 0x2A,
    0x8A, 0x69, 0x15, 0x87, 0xFD, 0x99, 0xFA, 0xDC, 0xCF, 0xEE, 0xA9, 0x3F, 0xFB, 0xC9, 0x3D, 0x79,
    0xBB, 0x79, 0x4F, 0x45, 0x97, 0x48, 0x4C, 0xAB, 0xBF, 0x74, 0x13, 0xA9, 0xF6, 0xB3, 0x89, 0xEA,
    0xFD, 0xBE, 0x56, 0xFD, 0x42, 0x4C, 0xA3, 0xAE, 0x98, 0xBE, 0xB8, 0x5F, 0x3D, 0xCC, 0x57, 0x61,
    0xDB, 0x6B, 0xAF, 0x8F, 0xB6, 0xE7, 0xAB, 0x72, 0xA0, 0xE5, 0x72, 0xC6, 0x98, 0xE2, 0xCA, 0x26,
    0xB0, 0xDE, 0x37, 0xC3, 0xF3, 0xF1, 0x56, 0x4D, 0xCD, 0x0C, 0xAF, 0x9C, 0xA6, 0xE6, 0xDF, 0xBF,
    0x8B, 0x2B, 0x13, 0x76, 0x8F, 0xD1, 0x6C, 0x6D, 0x2C, 0xF5, 0xC8, 0x36, 0x1A, 0xFD, 0xFC, 0xB8,
    0x0A, 0xDA, 0x55, 0xD4, 0x78, 0x02, 0xCD, 0xBB, 0xF3, 0x70, 0xE4, 0xF8, 0x34, 0x3F, 0x8D, 0xF1,
    0xF0, 0xD5, 0xE9, 0x4E, 0x80, 0x2B, 0x99, 0x89, 0xE1, 0x52, 0x60, 0xA2, 0x73, 0xF3, 0xFF, 0x81,
    0x4A, 0xA0, 0x05, 0xB9, 0x80, 0x4C, 0xC0, 0xFB, 0xC0, 0x5A, 0xF9, 0xF1, 0x6D, 0xA0, 0xED, 0x86,
    0x27, 0xFC, 0xC8, 0xCF, 0xFB, 0x1B, 0xE4, 0x5E, 0xFB, 0xDA, 0xDF, 0xF2, 0xBC, 0xF1, 0x94, 0x81,
    0x9D, 0xEF, 0x73, 0xBF, 0x64, 0xBF, 0x90, 0x4C, 0x2F, 0x77, 0xB7, 0x28, 0x47, 0xD6, 0xF1, 0x68,
    0x42, 0x6B, 0x30, 0xA5, 0x2B, 0x7F, 0x35, 0xA8, 0x61, 0xCC, 0xFD, 0x52, 0xEE, 0x5C, 0x3E, 0x04,
    0xB9, 0xFF, 0xC5, 0x94, 0x5B, 0x22, 0x1A, 0x98, 0x62, 0x02, 0x35, 0x75, 0xE0, 0x08, 0x42, 0xE6,
    0x85, 0x94, 0x13, 0x2A, 0x3B, 0x21, 0x8D, 0xD0, 0x4E, 0xE9, 0x08, 0xAD, 0x16, 0xF2, 0x73, 0xC7,
    0xAB, 0xE1, 0x8F, 0xE9, 0x0E, 0xBF, 0x70, 0x94, 0x0F, 0x7E, 0xED, 0x44, 0xBC, 0x70, 0xD4, 0x3A,
    0x7A, 0x16, 0x9B, 0x7F, 0x18, 0xF0, 0x14, 0x2E, 0xEF, 0x13, 0x05, 0x1E, 0x25, 0x65, 0x2F, 0xCA,
    0xB9, 0x4B, 0xA2, 0x49, 0xAF, 0x44, 0x68, 0x2B, 0x51, 0x9D, 0xE8, 0xD1, 0x49, 0x47, 0xF8, 0xE7,
    0x17, 0x03, 0xAF, 0x7A, 0x19, 0xFC, 0x55, 0x27, 0x54, 0x92, 0x0F, 0x6C, 0x93, 0x44, 0x31, 0x88,
    0xC6, 0x01, 0x78, 0x06, 0xF2, 0x5E, 0x45, 0xAF, 0x9C, 0x50, 0x35, 0x4A, 0xF5, 0x87, 0x06, 0x0D,
    0xDA, 0x6E, 0x43, 0x45, 0x8D, 0x1E, 0x39, 0x42, 0x9F, 0x32, 0x80, 0x49, 0xEE, 0xF5, 0xCF, 0x7F,
    0xE6, 0x1F, 0x1A, 0xAD, 0xFC, 0xC9, 0xD9, 0xDD, 0x2D, 0x5F, 0x85, 0xD9, 0x8E, 0x07, 0xFF, 0x63,
    0x4F, 0xD6, 0xFF, 0xCD, 0xA3, 0x3E, 0x7B, 0xE9, 0x29, 0x55, 0x5C, 0xB1, 0x95, 0xFF, 0x7E, 0xE4,
    0x2E, 0x32, 0xF7, 0x51, 0xA2, 0x05, 0xAC, 0x48, 0xBC, 0x8E, 0x36, 0x25, 0x23, 0xB9, 0x47, 0xF7,
    0xCC, 0x61, 0x09, 0xE1, 0x3C, 0x8F, 0x33, 0xB9, 0xDF, 0xBE, 0x3C, 0xB3, 0xEC, 0x02, 0x06, 0x92,
    0x67, 0xB2, 0x81, 0x8B, 0x48, 0x46, 0xCA, 0x01, 0xB4, 0x87, 0xED, 0x23, 0x68, 0x0E, 0xA0, 0xAE,
    0x61, 0x31, 0x05, 0xAF, 0xA5, 0x55, 0xDB, 0xBC, 0x2F, 0x3A, 0x15, 0xA3, 0x2B, 0x62, 0xEC, 0xB5,
    0xCD, 0xBC, 0x01, 0x3F, 0x85, 0x45, 0x0D, 0x6D, 0x0B, 0x4D, 0x80, 0x0A, 0x0E, 0x81, 0x11, 0xF2,
    0x01, 0x54, 0x77, 0xFD, 0xFA, 0x65, 0x0F, 0xC6, 0x43, 0xDD, 0x82, 0xD7, 0xD7, 0xAF, 0xFF, 0xE9,
    0x03, 0x4B, 0x8C, 0x64, 0x2F, 0x8F, 0xAF, 0x5F, 0x5B, 0xBE, 0x76, 0x68, 0x0C, 0x70, 0x67, 0x93,
    0xCB, 0x91, 0x7B, 0x40, 0x25, 0x2A, 0x46, 0x40, 0xB7, 0x80, 0x69, 0x80, 0x9D, 0x6D, 0xA0, 0xD6,
    0xC0, 0x41, 0x69, 0xD7, 0x1F, 0x3B, 0x5E, 0x28, 0x8F, 0x71, 0x40, 0xAD, 0xFF, 0x87, 0x08, 0x48,
    0xAD, 0x45, 0x43, 0xCD, 0x36, 0xEC, 0xD2, 0x80, 0xA1, 0x05, 0x6D, 0x51, 0x03, 0xB0, 0x75, 0x07,
    0xB8, 0x79, 0x13, 0xF8, 0xE4, 0x2E, 0xA0, 0x47, 0xA0, 0xF0, 0x40, 0x19, 0x00, 0xBD, 0x04, 0x4C,
    0x0D, 0x4C, 0xA7, 0x40, 0x6D, 0x80, 0x56, 0xA7, 0x69, 0x65, 0x77, 0x31, 0xAD, 0xBF, 0x98, 0xE6,
    0xD3, 0xB4, 0x05, 0x1A, 0x5A, 0x0C, 0x34, 0x34, 0x30, 0xA5, 0x06, 0x03, 0xCC, 0x93, 0x2F, 0x1E,
    0xA7, 0x7E, 0x42, 0x00, 0x32, 0x9F, 0x58, 0xF5, 0x89, 0x0B, 0x97, 0x58, 0xDB, 0xC4, 0x86, 0x18,
    0x1D, 0x4D, 0x62, 0x6A, 0x02, 0x70, 0x12, 0x13, 0xC7, 0xC4, 0xF9, 0x80, 0xB0, 0x72, 0x89, 0xCB,
    0x2E, 0xB1, 0x26, 0xF1, 0x14, 0x44, 0xB9, 0x49, 0x3C, 0x50, 0x9D, 0xD9, 0xE4, 0xAB, 0x1C, 0xB2,
    0xAE, 0xB2, 0xD0, 0x00, 0x2D, 0xB0, 0x00, 0xC2, 0x15, 0x8C, 0xC0, 0x92, 0x75, 0x4F, 0x05, 0xE8,
    0x81, 0x74, 0xD6, 0xB1, 0x77, 0x66, 0xD9, 0x04, 0x74, 0x07, 0xB9, 0x87, 0x4C, 0x30, 0x1F, 0x04,
    0x1D, 0xDA, 0xA1, 0x7A, 0xF0, 0x50, 0x03, 0x90, 0x86, 0x7A, 0xC9, 0x00, 0x97, 0x53, 0x1C, 0x88,
    0x99, 0x00, 0x6F, 0xE7, 0xBA, 0x3F, 0x69, 0x57, 0xD0, 0x82, 0xFF, 0x20, 0x9D, 0x6C, 0x44, 0x9D,
    0xA2, 0x7F, 0x61, 0x9B, 0xDC, 0x7D, 0x88, 0xCE, 0x96, 0xEA, 0x4C, 0xE1, 0x36, 0xF3, 0xEE, 0x43,
    0x44, 0x56, 0x34, 0x68, 0x54, 0x07, 0x10, 0xFD, 0x5E, 0xAF, 0xED, 0xBB, 0x9F, 0xBD, 0x3E, 0x7A,
    0x42, 0x3E, 0x14, 0x9D, 0xE6, 0x7D, 0xFB, 0x8B, 0x01, 0x1D, 0x68, 0x6A, 0x8E, 0x34, 0xEB, 0x98,
    0xAF, 0xB8, 0x1D, 0x50, 0xFD, 0xFB, 0xA6, 0x34, 0xCB, 0x91, 0x67, 0xB3, 0xD0, 0x3E, 0xBD, 0x73,
    0x3E, 0xB5, 0xB4, 0xEF, 0x7E, 0xD2, 0x54, 0x13, 0x47, 0x4C, 0x8C, 0x9D, 0xA1, 0xF4, 0x86, 0x6C,
    0x34, 0xD0, 0x0A, 0x76, 0x05, 0x95, 0x40, 0x4A, 0xCE, 0x24, 0x18, 0x48, 0x98, 0x0A, 0x9A, 0x75,
    0x4F, 0x16, 0x0C, 0xB7, 0x07, 0x29, 0x5A, 0x13, 0xBF, 0x84, 0xD3, 0x4F, 0x50, 0x71, 0x85, 0xCA,
    0x03, 0xE7, 0xB1, 0x82, 0x10, 0x13, 0x2C, 0xE1, 0x6B, 0x47, 0xF8, 0x6A, 0x20, 0xFC, 0xCB, 0x13,
    0xC2, 0x42, 0xD0, 0x08, 0x8C, 0x40, 0x77, 0x21, 0x28, 0x17, 0x42, 0x3E, 0x84, 0x40, 0x10, 0xB4,
    0x82, 0xA9, 0x40, 0x0B, 0x4A, 0x81, 0x0A, 0x7C, 0x0F, 0xA0, 0x02, 0x28, 0x3B, 0x20, 0xEF, 0x01,
    0x1E, 0x72, 0x39, 0xF6, 0x5E, 0x83, 0x12, 0xA3, 0xE8, 0x7E, 0xC3, 0x53, 0xC1, 0x92, 0x1A, 0x1A,
    0x96, 0x50, 0x31, 0x82, 0x26, 0x9C, 0x93, 0xBD, 0x20, 0x46, 0x30, 0xEB, 0x96, 0x06, 0xC9, 0x74,
    0x4C, 0x04, 0x8A, 0x90, 0xA4, 0xFA, 0xB5, 0x28, 0xEB, 0xE9, 0x87, 0x00, 0xE1, 0x7C, 0x78, 0x6E,
    0x3F, 0xD2, 0xF0, 0xBC, 0x03, 0x4A, 0x0F, 0x54, 0x4B, 0xE0, 0x60, 0x0A, 0x3C, 0xDC, 0xF8, 0x48,
    0xC3, 0xA7, 0x69, 0x7A, 0xFC, 0x93, 0x85, 0xCF, 0x23, 0x64, 0xEE, 0xF0, 0x23, 0xCD, 0x4D, 0x7F,
    0x14, 0xB4, 0x06, 0x98, 0x6D, 0x01, 0xF0, 0x71, 0xE6, 0xDE, 0xE2, 0x46, 0xCD, 0x4E, 0xC5, 0xA2,
    0xFC, 0xCC, 0xE7, 0x5F, 0x3B, 0x4E, 0x90, 0x94, 0x17, 0x59, 0x56, 0x2C, 0xA5, 0x04, 0x37, 0xCE,
    0x2D, 0xD4, 0xE9, 0xDC, 0xB8, 0x56, 0xA8, 0x50, 0x2B, 0x6A, 0xF4, 0x21, 0x4B, 0xA6, 0xC9, 0x42,
    0xAB, 0x09, 0x78, 0xA1, 0x7C, 0x90, 0xE9, 0x85, 0x13, 0xD2, 0xC9, 0x42, 0x93, 0x2C, 0x2C, 0xA8,
    0xD8, 0xF5, 0x34, 0xCC, 0xDD, 0xDA, 0x82, 0x27, 0xFD, 0xC0, 0xA8, 0x93, 0x85, 0xB5, 0xFE, 0x6F,
    0x81, 0x25, 0xB0, 0x0B, 0x68, 0x0B, 0x99, 0x80, 0x75, 0x04, 0x32, 0xFF, 0xFF, 0x62, 0x41, 0x3E,
    0xB4, 0xA8, 0x7E, 0x6E, 0x8D, 0xD3, 0xF1, 0x8C, 0xEC, 0xE4, 0x4B, 0xE0, 0x97, 0x48, 0x09, 0xD9,
    0x5E, 0xCF, 0xF8, 0x36, 0xD7, 0x3F, 0x63, 0x13, 0x98, 0x3B, 0x78, 0x3E, 0x48, 0x55, 0x3A, 0xEC,
    0x77, 0xAF, 0x7F, 0xC6, 0xD3, 0xA7, 0xA4, 0x2A, 0xC3, 0x33, 0x80, 0xEB, 0xD7, 0x67, 0x84, 0xDC,
    0x43, 0xE1, 0x40, 0x73, 0x11, 0x4B, 0xE9, 0x6F, 0xA4, 0xB7, 0x22, 0x5D, 0xAF, 0xB6, 0xA5, 0xAB,
    0x64, 0xD5, 0x90, 0x54, 0x08, 0x1E, 0x3E, 0x1D, 0x60, 0xEE, 0xC0, 0x74, 0xA0, 0xED, 0x3B, 0x11,
    0x60, 0x9D, 0xF1, 0xCC, 0xC6, 0xE8, 0x43, 0x36, 0x06, 0xDA, 0x40, 0x1D, 0x68, 0x12, 0xB3, 0x0C,
    0x79, 0x88, 0x71, 0x10, 0x37, 0x81, 0x6F, 0xF2, 0x3F, 0xA5, 0x94, 0x01, 0x84, 0xE5, 0x56, 0x14,
    0x86, 0xBF, 0xDC, 0xBB, 0x9D, 0x98, 0x49, 0xB9, 0xC5, 0x60, 0x69, 0x6D, 0x60, 0x00, 0x9D, 0x17,
    0x80, 0x45, 0xF2, 0x12, 0x5D, 0x14, 0xD0, 0x01, 0x00, 0x2C, 0x00, 0xA8, 0x05, 0xB4, 0xA4, 0x3B,
    0xD7, 0x96, 0x16, 0x60, 0x00, 0x40, 0x0D, 0x00, 0x54, 0x8B, 0x45, 0x54, 0x5E, 0x27, 0xB5, 0x00,
    0x68, 0x0A, 0x00, 0x9A, 0x02, 0x00, 0xA1, 0x97, 0x0D, 0xCD, 0xBC, 0xD3, 0xE3, 0x45, 0xFB, 0x74,
    0x99, 0xED, 0x3E, 0x93, 0xF3, 0xFF, 0x71, 0x73, 0xEF, 0xF9, 0x8E, 0x20, 0x7F, 0x62, 0xF1, 0x94,
    0x32, 0xB2, 0x61, 0x26, 0x50, 0x2F, 0x8E, 0x02, 0x21, 0xE9, 0x09, 0x19, 0x84, 0x42, 0xBD, 0x56,
    0xA7, 0x1D, 0x21, 0x0E, 0x04, 0x36, 0xEA, 0x4C, 0xED, 0x50, 0x57, 0xE1, 0x4A, 0xD7, 0xB2, 0x25,
    0x5C, 0x06, 0xEC, 0x40, 0x34, 0x42, 0x0E, 0xC7, 0x00, 0x47, 0xE2, 0x53, 0x19, 0x8F, 0x99, 0xA0,
    0x56, 0x99, 0x9B, 0x39, 0x93, 0xF9, 0x39, 0xF5, 0x44, 0x1D, 0x50, 0xCD, 0xAD, 0x9D, 0x4B, 0xC9,
    0x93, 0x29, 0x27, 0xEE, 0x71, 0x9E, 0x73, 0x38, 0x3B, 0x10, 0xDC, 0x10, 0x49, 0x15, 0x7F, 0xDD,
    0x1F, 0x73, 0x7D, 0x10, 0x98, 0x48, 0xC8, 0x64, 0x00, 0x0E, 0xA2, 0xEC, 0x8B, 0x2E, 0x7E, 0xD5,
    0x9B, 0x17, 0xFE, 0x20, 0x8A, 0x9F, 0xB1, 0xDF, 0x78, 0x4B, 0x67, 0x3F, 0xE9, 0xAC, 0x78, 0x36,
    0xEC, 0x71, 0x1A, 0xC8, 0x55, 0xFF, 0xE0, 0xF9, 0x44, 0x1E, 0x54, 0xB4, 0xAD, 0x51, 0xBC, 0x4E,
    0xA6, 0x8F, 0x8F, 0xB6, 0x66, 0x5B, 0x65, 0xF2, 0xAB, 0xF4, 0xA7, 0xE6, 0x36, 0x1A, 0x61, 0xA2,
    0x81, 0x40, 0x7D, 0x24, 0x22, 0x4A, 0x89, 0x72, 0x04, 0x98, 0x08, 0xA8, 0x26, 0x08, 0x66, 0x86,
    0x36, 0xFE, 0x81, 0xB3, 0x52, 0x9C, 0x84, 0x64, 0x8A, 0xA4, 0x8F, 0xE4, 0xCA, 0x49, 0x5F, 0x52,
    0xD5, 0x2C, 0xF8, 0x5E, 0x0D, 0xD4, 0x50, 0x72, 0xE1, 0x64, 0x30, 0xE2, 0x79, 0x06, 0x13, 0xA4,
    0xE0, 0x2A, 0x2B, 0xD8, 0x89, 0xB8, 0x27, 0x1A, 0xE1, 0x0B, 0x78, 0x08, 0x60, 0xA4, 0xD2, 0xCE,
    0x35, 0xA1, 0xA6, 0x7E, 0x49, 0x2E, 0x72, 0xAB, 0xFA, 0xCF, 0xA8, 0xEA, 0xA1, 0x93, 0x29, 0x92,
    0x81, 0xA4, 0x23, 0x85, 0x1C, 0x9E, 0x1E, 0x08, 0xCE, 0x18, 0x21, 0xF9, 0xB6, 0x3B, 0xE6, 0xEA,
    0x20, 0x30, 0x31, 0x9D, 0x7B, 0xD2, 0x9F, 0x18, 0xBF, 0xA7, 0xA2, 0xFF, 0xA7, 0x4A, 0x9C, 0x37,
    0x3D, 0x17, 0x60, 0xFB, 0xB7, 0xD4, 0xE0, 0xFC, 0x8A, 0x53, 0xA0, 0x78, 0x4B, 0x45, 0x13, 0xF1,
    0x96, 0x47, 0x89, 0x3F, 0x8D, 0x2A, 0x80, 0xF0, 0xAE, 0xFA, 0xF1, 0xA3, 0x70, 0x7E, 0xFD, 0x3E,
    0xC4, 0xDD, 0xDD, 0x05, 0x60, 0x86, 0x97, 0x44, 0x32, 0x42, 0xE9, 0x89, 0xFE, 0xEA, 0xB1, 0xBF,
    0x8D, 0x40, 0x03, 0xE4, 0x18, 0xF9, 0x9C, 0x54, 0x84, 0x35, 0x37, 0xB4, 0x64, 0x4B, 0x42, 0x17,
    0xA3, 0xA6, 0x65, 0xC5, 0x9A, 0x16, 0x27, 0x01, 0x23, 0x9E, 0x64, 0x78, 0xA6, 0x31, 0x78, 0xFC,
    0xA1, 0x07, 0xC6, 0x1B, 0xFF, 0x5A, 0xC2, 0x96, 0x79, 0xA6, 0x9E, 0x28, 0xC2, 0xDD, 0xB2, 0x23,
    0x10, 0x80, 0x1C, 0x38, 0x01, 0x80, 0x48, 0xFC, 0x6E, 0x6A, 0x49, 0x4B, 0xCD, 0x9A, 0x86, 0x74,
    0xFF, 0x8F, 0x58, 0xBC, 0xDB, 0xD3, 0x33, 0xCA, 0xE5, 0x0D, 0x76, 0x0C, 0x76, 0x00, 0xE7, 0xE1,
    0x11, 0x70, 0x76, 0xCF, 0x59, 0xCF, 0x01, 0xA9, 0xB0, 0xAF, 0x7A, 0x4E, 0x78, 0x7A, 0xAF, 0x59,
    0xB1, 0x4C, 0xBA, 0x1E, 0x00, 0xEE, 0x35, 0xC7, 0xFA, 0x81, 0xF8, 0x97, 0x11, 0xE3, 0xAF, 0xEF,
    0x35, 0x87, 0xC7, 0x50, 0xEF, 0xEE, 0x00, 0xC8, 0xEE, 0x02, 0x60, 0x7F, 0x04, 0x0F, 0x88, 0xE4,
    0x3B, 0x65, 0x66, 0x4A, 0x66, 0xEA, 0x68, 0x4B, 0x63, 0x7F, 0x27, 0xB8, 0xCF, 0x08, 0x2B, 0x9D,
    0x5D, 0xAB, 0x47, 0xC7, 0x4F, 0x7D, 0xCA, 0x65, 0xB7, 0x26, 0xAB, 0x5A, 0x32, 0x09, 0x7C, 0x29,
    0x9E, 0x0F, 0x00, 0xBB, 0xE4, 0xBC, 0x86, 0x07, 0x00, 0x81, 0xE2, 0x6E, 0x7D, 0x35, 0xB1, 0xD9,
    0x98, 0xDB, 0x52, 0x36, 0xC9, 0xED, 0xF9, 0x3E, 0xE7, 0x17, 0x07, 0x82, 0x4B, 0xCE, 0x3F, 0xED,
    0x1E, 0x70, 0x71, 0x10, 0x18, 0x9B, 0x2E, 0x79, 0xD2, 0xC7, 0xC6, 0xBF, 0x33, 0xF5, 0xBD, 0x52,
    0x30, 0x81, 0x1D, 0x20, 0xA9, 0xE0, 0x3D, 0x00, 0x28, 0xB0, 0xFD, 0x8A, 0xB8, 0x4B, 0x71, 0xDE,
    0x55, 0x8E, 0x44, 0x57, 0xB6, 0x2B, 0x30, 0x43, 0x4E, 0x34, 0x36, 0x30, 0x06, 0x68, 0x46, 0x28,
    0x06, 0x28, 0x3B, 0x48, 0xD5, 0xCE, 0xAB, 0x81, 0x0C, 0x28, 0x80, 0x16, 0xCA, 0x25, 0x91, 0x84,
    0x37, 0xB4, 0xA4, 0x8A, 0x76, 0xA6, 0x98, 0x58, 0x05, 0xD2, 0x7F, 0xA5, 0x8F, 0xBA, 0xB9, 0x65,
    0xD6, 0x06, 0x6D, 0x7B, 0x13, 0x04, 0xD3, 0x0D, 0x9A, 0xEE, 0xFD, 0xB7, 0xD3, 0x90, 0xF8, 0x1C,
    0x57, 0x15, 0xA4, 0x5A, 0x6B, 0x1C, 0xB9, 0xEE, 0xD4, 0xC4, 0x5D, 0xC0, 0xF6, 0xDA, 0xF7, 0xC7,
    0x08, 0x7F, 0xF6, 0xF0, 0xBA, 0x83, 0x4B, 0x0F, 0x65, 0x05, 0x19, 0xB0, 0x06, 0x72, 0xA0, 0x85,
    0x28, 0xC0, 0xE5, 0xA0, 0xAE, 0xE0, 0x6F, 0xAD, 0x96, 0x31, 0x4C, 0xE4, 0x46, 0x14, 0x40, 0x9F,
    0x6D, 0xE5, 0x9C, 0x93, 0x15, 0xE6, 0x0A, 0x8A, 0x44, 0x08, 0xA6, 0x49, 0x79, 0xE0, 0x2B, 0x52,
    0x5C, 0xB1, 0x8B, 0xA7, 0x6F, 0x72, 0x7D, 0x75, 0x65, 0x94, 0x86, 0x2B, 0xAE, 0xD8, 0xC2, 0x84,
    0xE9, 0xD2, 0xD2, 0x57, 0xD7, 0x4B, 0x91, 0x28, 0xAE, 0xD8, 0x62, 0x4F, 0x3B, 0x52, 0xCA, 0x34,
    0xEE, 0x9B, 0x58, 0x11, 0xFD, 0x39, 0xD2, 0x44, 0xB1, 0x14, 0xDF, 0xFE, 0x8C, 0xB1, 0xB0, 0x96,
    0x43, 0xC0, 0x02, 0xF7, 0xE7, 0xBF, 0x0F, 0x03, 0x7F, 0xEC, 0xC7, 0x58, 0xB3, 0x86, 0x42, 0xA0,
    0x2F, 0xEB, 0x11, 0xD7, 0x40, 0xD2, 0x00, 0xA9, 0x07, 0xB2, 0x12, 0x50, 0x13, 0x60, 0x6F, 0x0F,
    0x98, 0x28, 0xA0, 0xCC, 0x0C, 0xBC, 0x4F, 0x2D, 0x34, 0x89, 0x23, 0x12, 0xA9, 0x48, 0x44, 0x1A,
    0xC2, 0xA4, 0x21, 0xB3, 0xCC, 0x51, 0x86, 0x12, 0x0D, 0x53, 0x0E, 0x08, 0x39, 0x01, 0x85, 0x12,
    0x17, 0x12, 0x00, 0x9E, 0x88, 0xD5, 0xD2, 0x7C, 0x4D, 0x0B, 0x65, 0xC8, 0x78, 0xD9, 0xE5, 0xD2,
    0xFD, 0x42, 0xD9, 0x52, 0xFA, 0x3E, 0xBB, 0x45, 0xD2, 0x15, 0x52, 0x66, 0xED, 0x84, 0x67, 0x91,
    0x81, 0x97, 0xA9, 0x05, 0x2D, 0xFD, 0xCA, 0x96, 0xF5, 0x88, 0x1A, 0x20, 0xF6, 0x40, 0xD2, 0x01,
    0xE9, 0x6F, 0x80, 0xDA, 0x03, 0xB4, 0x02, 0xF6, 0x7B, 0xD1, 0x49, 0xEA, 0x60, 0x96, 0x38, 0xF0,
    0x51, 0x0D, 0xBD, 0x68, 0x2C, 0xE2, 0x7B, 0xDB, 0x19, 0xA9, 0x63, 0x42, 0xE8, 0x3A, 0x40, 0x81,
    0xE6, 0x00, 0x94, 0x99, 0x42, 0x66, 0xB7, 0xA8, 0x33, 0xA9, 0x22, 0x31, 0xEB, 0xC2, 0x4F, 0x2F,
    0x85, 0xF9, 0x79, 0xA1, 0x3F, 0x13, 0x8E, 0x83, 0xF0, 0xA4, 0x17, 0x4E, 0x2A, 0x20, 0x6D, 0x00,
    0x75, 0x51, 0x66, 0xC0, 0xFE, 0x04, 0x98, 0x4C, 0x81, 0x99, 0x06, 0xBC, 0x32, 0xD0, 0x64, 0x96,
    0xB8, 0x4E, 0x1C, 0x89, 0x48, 0x4D, 0xDA, 0x7B, 0x65, 0x06, 0x8F, 0x82, 0x05, 0x7B, 0x50, 0x32,
    0x85, 0x43, 0x4A, 0xD0, 0xCC, 0xA1, 0x5F, 0xC2, 0x2E, 0xC0, 0x0C, 0xC0, 0x03, 0xB4, 0x00, 0x62,
    0x81, 0xDC, 0x8C, 0x86, 0xB7, 0x6D, 0xE9, 0x60, 0xC8, 0x8C, 0xA8, 0xEE, 0x3D, 0x93, 0x50, 0x57,
    0xF0, 0x01, 0xBE, 0x03, 0x8E, 0x01, 0x0F, 0xBD, 0x7F, 0xCC, 0x18, 0xE4, 0x2B, 0x13, 0x8B, 0x54,
    0x59, 0x1D, 0xD9, 0xDC, 0xC0, 0x14, 0x28, 0x81, 0x39, 0xE0, 0x3F, 0xA3, 0x05, 0x16, 0x0C, 0x3D,
    0x39, 0xA0, 0x6A, 0xFA, 0xB5, 0x8E, 0xA3, 0x95, 0x21, 0x73, 0x28, 0xC3, 0x14, 0x5E, 0x03, 0x44,
    0x72, 0xAA, 0xA4, 0x2A, 0x30, 0x25, 0xCC, 0xC1, 0xAF, 0xE5, 0x1C, 0x4A, 0x28, 0x78, 0xA5, 0xA4,
    0x8E, 0xC5, 0x12, 0xDB, 0x61, 0x2B, 0x0F, 0xE6, 0x30, 0x3F, 0x80, 0xD3, 0x27, 0x5F, 0x5E, 0xAE,
    0x23, 0x16, 0xB2, 0x5F, 0xDD, 0x53, 0x4E, 0xEF, 0x27, 0x97, 0x58, 0x48, 0x1D, 0xFD, 0x57, 0xE0,
    0xCB, 0x8B, 0xBD, 0x84, 0x92, 0xBE, 0xC2, 0xFD, 0xC4, 0xFA, 0x5D, 0x9A, 0x1F, 0x0C, 0xBB, 0xA6,
    0x1A, 0x88, 0xED, 0x17, 0x97, 0xDB, 0x8B, 0xEA, 0xF4, 0x0F, 0x1B, 0xAD, 0xE0, 0xA7, 0xFB, 0xC9,
    0xA5, 0x76, 0x46, 0xF4, 0x57, 0x0D, 0x4B, 0x07, 0x05, 0x63, 0x88, 0x9C, 0x06, 0x3A, 0x3C, 0x27,
    0x01, 0xE5, 0x3C, 0x49, 0xE5, 0x89, 0x1B, 0x4F, 0x14, 0xA0, 0xC7, 0x0F, 0x30, 0xFC, 0x8C, 0xB8,
    0xE9, 0x7B, 0x86, 0xDE, 0x25, 0x22, 0x6D, 0xC0, 0x02, 0x5A, 0x07, 0x76, 0x03, 0xCF, 0x03, 0x3F,
    0x04, 0x88, 0x57, 0x1A, 0x25, 0x7F, 0x52, 0xB0, 0xA4, 0xA4, 0x60, 0x4E, 0x8E, 0x47, 0x5F, 0xA1,
    0x25, 0xA7, 0xA4, 0xE8, 0x7B, 0xD0, 0xA1, 0x37, 0x5E, 0x29, 0xB4, 0xB4, 0x01, 0xB1, 0x9A, 0xAC,
    0xD1, 0x44, 0xAD, 0x86, 0x32, 0x70, 0x18, 0xC8, 0x03, 0x5A, 0xC4, 0x5D, 0xA0, 0xA1, 0xE7, 0x20,
    0x30, 0x1D, 0x7A, 0x22, 0xAF, 0xD9, 0xA9, 0xB5, 0x88, 0xD1, 0x72, 0x0E, 0x68, 0x28, 0xA4, 0xE9,
    0x01, 0xCD, 0xA5, 0x93, 0x7E, 0x80, 0xD3, 0xFA, 0x47, 0xA9, 0x48, 0x13, 0xD2, 0xC3, 0x7A, 0x8A,
    0x54, 0x22, 0xB5, 0x87, 0xEB, 0x39, 0xF4, 0xAF, 0x5F, 0x21, 0x16, 0xA3, 0xA4, 0x3E, 0xC4, 0x97,
    0x94, 0xEF, 0x99, 0x88, 0x7C, 0x0A, 0x79, 0xE5, 0xB9, 0x99, 0x6D, 0x25, 0x6D, 0x24, 0xF5, 0x36,
    0x76, 0x37, 0x09, 0x0B, 0x4D, 0xDC, 0xF2, 0x98, 0xBB, 0x7F, 0x43, 0x95, 0x89, 0x8B, 0x57, 0x5C,
    0x11, 0x88, 0x6E, 0x11, 0xF8, 0x76, 0x10, 0xE0, 0x0C, 0x3C, 0x7D, 0xE5, 0x51, 0x02, 0xE3, 0xB1,
    0xDA, 0x70, 0x07, 0x46, 0x81, 0x07, 0xDE, 0x2E, 0x76, 0x64, 0x06, 0x05, 0x1A, 0x54, 0x43, 0x5A,
    0x6F, 0xFC, 0x27, 0x7B, 0x92, 0x71, 0x6D, 0xA8, 0x2D, 0xB1, 0x9F, 0xC6, 0x4E, 0xFD, 0x68, 0x92,
    0x4F, 0x44, 0x8F, 0x7B, 0x0A, 0xEB, 0xC7, 0xF7, 0x7E, 0x4F, 0x21, 0x3A, 0x85, 0xC4, 0x83, 0xFA,
    0x00, 0x53, 0x65, 0x78, 0x15, 0x19, 0x2E, 0x63, 0x47, 0x4E, 0x23, 0x91, 0x36, 0x3B, 0xE7, 0xB5,
    0x36, 0x70, 0x78, 0xED, 0xB3, 0xA5, 0xE8, 0x3C, 0x27, 0x01, 0xCA, 0x36, 0xB0, 0x08, 0x4C, 0x03,
    0xB9, 0xA1, 0x54, 0x35, 0x65, 0x2C, 0xD2, 0x91, 0xCB, 0x3B, 0x8E, 0x89, 0xC4, 0xA4, 0xBF, 0x57,
    0x4F, 0x79, 0x0D, 0xC4, 0x2B, 0x15, 0x0E, 0x6F, 0x81, 0x94, 0x14, 0x73, 0x72, 0x8F, 0x1E, 0x73,
    0x8E, 0x2E, 0x29, 0x0A, 0x96, 0xE1, 0x74, 0xF4, 0x07, 0x8A, 0x21, 0x0F, 0xBF, 0x67, 0x51, 0x88,
    0xDF, 0x11, 0xCB, 0x8B, 0xC4, 0xF2, 0x32, 0x33, 0xE4, 0x2B, 0x48, 0x3D, 0x9B, 0xAB, 0x9E, 0x6C,
    0xA4, 0x9A, 0x72, 0x96, 0x8C, 0xFF, 0x2A, 0x8C, 0xAA, 0x66, 0x79, 0x4C, 0xB1, 0x20, 0x6F, 0xD1,
    0x63, 0x2E, 0xD0, 0xC7, 0x0C, 0xAA, 0x1F, 0xAF, 0xAB, 0x66, 0x62, 0xA1, 0x86, 0xA8, 0x01, 0x6A,
    0x00, 0xEE, 0xB7, 0xAB, 0xC5, 0x9D, 0xAA, 0x3C, 0x87, 0x29, 0x7D, 0x85, 0x47, 0xEE, 0xEA, 0x9A,
    0xD2, 0x9B, 0xEB, 0x4A, 0xEB, 0x3B, 0x58, 0x74, 0xB7, 0x2A, 0x8D, 0xD1, 0x40, 0x54, 0x43, 0x3C,
    0xBC, 0x4D, 0xD9, 0x82, 0x7D, 0x98, 0xC0, 0xEC, 0xD1, 0xAA, 0xB9, 0x81, 0x93, 0x0A, 0xFE, 0x6E,
    0x48, 0xDC, 0x84, 0xCB, 0xF0, 0x44, 0xCD, 0x4D, 0x88, 0x48, 0xCF, 0x30, 0xBF, 0x03, 0xDE, 0x41,
    0xDC, 0x41, 0xF6, 0x11, 0xF6, 0x32, 0xCB, 0x76, 0x64, 0x19, 0xC3, 0xC3, 0x75, 0x96, 0x96, 0x7F,
    0xC5, 0xB3, 0xA2, 0xA3, 0xA3, 0xA4, 0x65, 0x8A, 0xBF, 0x9B, 0xD4, 0xA1, 0x19, 0x0B, 0x12, 0xA2,
    0xBB, 0x28, 0x6B, 0xBF, 0x10, 0x91, 0xA1, 0xF4, 0xD3, 0x8D, 0x8B, 0x86, 0x1E, 0x44, 0x5C, 0xCF,
    0x30, 0xDF, 0x69, 0xD1, 0x27, 0x82, 0xAE, 0x95, 0xD3, 0x36, 0x75, 0xDA, 0x24, 0x4E, 0x93, 0x54,
    0x77, 0x52, 0x55, 0x85, 0xB8, 0x17, 0x39, 0x00, 0xA0, 0x84, 0x27, 0x9F, 0xC0, 0x6F, 0x9A, 0xA1,
    0x59, 0x09, 0xBA, 0xAA, 0x0B, 0xA9, 0xDE, 0xE4, 0x06, 0xEE, 0xB1, 0x56, 0x3A, 0xE9, 0x00, 0x8A,
    0x4E, 0x9F, 0xA7, 0xEE, 0xE6, 0xA1, 0xCF, 0x8B, 0x6E, 0xE8, 0xBD, 0xAD, 0xEB, 0xD9, 0x57, 0x6F,
    0x77, 0x8B, 0x2E, 0xAB, 0x87, 0x2B, 0xEE, 0xF8, 0xA4, 0xBA, 0x79, 0xEC, 0xF8, 0xA2, 0x7B, 0x93,
    0xF2, 0x76, 0x2B, 0x74, 0x32, 0x2C, 0x49, 0xAA, 0x4D, 0x53, 0x9A, 0xA3, 0x4A, 0x99, 0x9B, 0xC7,
    0x51, 0x25, 0x4D, 0xEC, 0x52, 0x7B, 0x31, 0x6B, 0xE2, 0x7A, 0x0B, 0xCD, 0x16, 0x00, 0xFA, 0x96,
    0xB1, 0xCB, 0x0C, 0x8F, 0x47, 0x4C, 0x6E, 0x32, 0x54, 0x00, 0x80, 0x8D, 0xEE, 0xE6, 0xAF, 0x84,
    0x34, 0xFA, 0xA8, 0xD2, 0xCA, 0x6C, 0x9A, 0xA1, 0x39, 0x2C, 0x01, 0x0D, 0x39, 0x1C, 0x53, 0xB4,
    0xE4, 0xA7, 0x67, 0x89, 0xF5, 0xA9, 0x0B, 0x15, 0x00, 0xC2, 0xF7, 0x1B, 0x26, 0x63, 0x66, 0x2E,
    0x91, 0xE1, 0xBD, 0x47, 0xA8, 0xE1, 0x1D, 0xB8, 0x9F, 0x38, 0x00, 0xC0, 0x3F, 0x34, 0x1B, 0xE2,
    0x06, 0xA9, 0x58, 0x41, 0xD4, 0x92, 0xAE, 0xFA, 0x03, 0xBC, 0x1D, 0x19, 0x78, 0xC8, 0xA5, 0xA2,
    0x86, 0x65, 0xCD, 0x89, 0xC5, 0xA3, 0xCD, 0x70, 0x68, 0x5B, 0x7C, 0x52, 0xE3, 0x95, 0xC5, 0xE7,
    0xE0, 0x17, 0xF0, 0x4F, 0x03, 0xFF, 0x05, 0xA4, 0x83, 0xEE, 0x10, 0xBC, 0x36, 0xF8, 0xCC, 0xE1,
    0x93, 0x66, 0xE8, 0xE7, 0x38, 0x90, 0x07, 0x94, 0xE5, 0x32, 0xA6, 0xC0, 0x04, 0x78, 0x0B, 0x9C,
    0xC1, 0xFF, 0xBD, 0x96, 0x31, 0x6C, 0xDC, 0xCA, 0x11, 0x86, 0xBF, 0xE5, 0x06, 0x26, 0x60, 0xC2,
    0xDE, 0x22, 0x6D, 0x62, 0x36, 0x2E, 0x63, 0x5D, 0x4A, 0x17, 0x47, 0xDD, 0x02, 0x2E, 0x53, 0xC4,
    0x7D, 0x8A, 0xB8, 0x70, 0x91, 0x4E, 0x2E, 0x54, 0xA8, 0x38, 0x41, 0xAC, 0x53, 0xA9, 0xAF, 0x5C,
    0xA7, 0x52, 0x91, 0x42, 0xC5, 0x29, 0xC7, 0x3E, 0xCD, 0x22, 0x08, 0x90, 0x32, 0x0C, 0x90, 0xFE,
    0xAD, 0xF1, 0xC6, 0x12, 0x0D, 0x9F, 0x6E, 0x1E, 0x79, 0x0B, 0x42, 0x4F, 0xB0, 0xF4, 0xAC, 0x7B,
    0xD2, 0xF3, 0xEC, 0xFF, 0x0F, 0x4E, 0xE4, 0xCC, 0xFC, 0xFF, 0x0E, 0x0E, 0xD0, 0x09, 0x5C, 0x83,
    0x11, 0xB1, 0x41, 0x5C, 0x2D, 0xBB, 0x48, 0xC7, 0x79, 0xE4, 0x73, 0x8B, 0x0A, 0xDD, 0x1C, 0x99,
    0x30, 0x3C, 0xCF, 0x83, 0x64, 0x51, 0x58, 0x91, 0x22, 0x0E, 0x30, 0x01, 0x5B, 0x23, 0x26, 0x4A,
    0x3E, 0xF6, 0x2E, 0xAE, 0x7A, 0x57, 0x0B, 0x64, 0x96, 0x7A, 0x9B, 0x4D, 0x6F, 0x67, 0x5B, 0x8A,
    0x86, 0x12, 0x5E, 0x42, 0x8A, 0x6A, 0x4B, 0xCC, 0x74, 0xD5, 0xC3, 0x1C, 0xE7, 0xC1, 0xF9, 0x17,
    0x3C, 0x4F, 0x33, 0xEE, 0x74, 0x84, 0xED, 0xA0, 0x1A, 0x7B, 0x90, 0xE2, 0x14, 0x22, 0xB4, 0x98,
    0x86, 0xEA, 0xCB, 0x80, 0x9D, 0xEA, 0xE5, 0x3B, 0x21, 0x8A, 0x69, 0x25, 0x6B, 0xC4, 0xD6, 0x77,
    0x17, 0x10, 0x91, 0xF8, 0x31, 0x9C, 0x37, 0xC2, 0x4F, 0x9F, 0x9B, 0x50, 0x20, 0xCE, 0x4B, 0x71,
    0xFB, 0x6C, 0xAE, 0x9F, 0xF3, 0xE6, 0xE2, 0x06, 0x25, 0x1B, 0xB8, 0x85, 0x1E, 0xFB, 0x9F, 0x80,
    0xD5, 0x1A, 0xDB, 0x41, 0x19, 0x60, 0x76, 0x53, 0x9D, 0x6A, 0xB3, 0x61, 0xB8, 0x76, 0xFE, 0x6D,
    0xD7, 0xB6, 0x73, 0x61, 0x16, 0x7E, 0x7D, 0xED, 0x39, 0x74, 0x90, 0xB5, 0x90, 0x37, 0xE0, 0x60,
    0x8C, 0x15, 0x88, 0x0E, 0xF4, 0xC8, 0xE7, 0x06, 0xB9, 0x68, 0x91, 0x8F, 0x11, 0x91, 0xD3, 0x9E,
    0x55, 0xCF, 0xB2, 0xA7, 0xAB, 0x45, 0x6C, 0x23, 0x92, 0xB5, 0x22, 0x48, 0xCF, 0x79, 0xCF, 0x9D,
    0x9E, 0xAE, 0x67, 0xD1, 0xD3, 0x0A, 0xE9, 0x0B, 0x36, 0x85, 0x37, 0x00, 0x71, 0x59, 0x5F, 0xA8,
    0xAC, 0x59, 0xAD, 0x98, 0x77, 0x54, 0x72, 0x3B, 0x1E, 0xCC, 0xC0, 0x18, 0x79, 0x0D, 0x05, 0xF0,
    0x14, 0xF8, 0xCD, 0x36, 0x4E, 0x48, 0x31, 0x85, 0x03, 0x38, 0x81, 0x96, 0x2C, 0x4C, 0x41, 0x62,
    0xDA, 0x7F, 0x59, 0x3F, 0xF8, 0xD2, 0x9E, 0x65, 0x21, 0xFF, 0xA7, 0x37, 0x6B, 0xF8, 0xCB, 0x76,
    0x4B, 0x9B, 0x00, 0xBB, 0xC9, 0x2B, 0x73, 0x60, 0xBF, 0x6F, 0x3D, 0xE9, 0x7B, 0x51, 0xB3, 0xA2,
    0xEF, 0xA6, 0x6F, 0x47, 0xBE, 0xC6, 0xEB, 0xCB, 0xBF, 0x68, 0x90, 0xF3, 0x16, 0xD9, 0xB8, 0x9D,
    0xF7, 0xDC, 0xE9, 0xE9, 0xBC, 0x48, 0xDE, 0x88, 0xD8, 0x56, 0x84, 0x98, 0x2E, 0x41, 0x75, 0xED,
    0x12, 0x82, 0x11, 0x60, 0x60, 0x04, 0x1B, 0x31, 0xDA, 0xC0, 0x9A, 0xB8, 0x3C, 0xBE, 0xF3, 0xE2,
    0x47, 0x30, 0xC7, 0x75, 0xB8, 0x96, 0x99, 0x42, 0x4A, 0x57, 0xB1, 0xF7, 0x29, 0x7D, 0xE9, 0x71,
    0xE1, 0x51, 0x64, 0x02, 0x0B, 0xA6, 0x50, 0xB1, 0x80, 0x09, 0x1D, 0x38, 0x64, 0x4C, 0x5E, 0xC6,
    0x44, 0x07, 0x65, 0x2A, 0x19, 0x14, 0x52, 0x9B, 0x0B, 0xB9, 0x0C, 0xA3, 0xC2, 0x38, 0x34, 0x6E,
    0x38, 0x86, 0xD1, 0x1A, 0xA7, 0xC2, 0x8C, 0x05, 0x73, 0x76, 0x39, 0xA5, 0x44, 0x70, 0x03, 0xBD,
    0x24, 0x6E, 0x9E, 0xF5, 0xEF, 0x36, 0x35, 0x7D, 0xED, 0xA6, 0x87, 0xF7, 0x39, 0xB0, 0xFF, 0x0C,
    0x98, 0xAD, 0x80, 0xA2, 0xFD, 0x36, 0xFE, 0x0B, 0x4E, 0xC8, 0x35, 0x60, 0xD4, 0xDF, 0xFF, 0x0E,
    0xA5, 0xF3, 0x50, 0xED, 0x00, 0x7F, 0x9F, 0x02, 0x21, 0x7E, 0x9B, 0x3B, 0x98, 0x28, 0xD8, 0x7F,
    0xB5, 0x14, 0xAF, 0x1A, 0x9E, 0xB8, 0x7B, 0xDE, 0x61, 0x4F, 0x55, 0x6D, 0x4F, 0xED, 0x45, 0x1A,
    0x26, 0xF4, 0xA9, 0x1A, 0xD2, 0x62, 0x48, 0xDD, 0x90, 0x84, 0x5C, 0x2F, 0x87, 0xB4, 0x96, 0xF4,
    0xE7, 0xF8, 0x62, 0x91, 0x8A, 0xC7, 0xB6, 0xCD, 0x80, 0xCD, 0xA8, 0xCD, 0xD0, 0x4C, 0xFD, 0xA4,
    0xC5, 0xE9, 0x07, 0xBD, 0x64, 0x17, 0x0D, 0x83, 0xF6, 0xAC, 0x2E, 0xEA, 0xD3, 0x4D, 0xB5, 0x50,
    0xAA, 0x5E, 0x65, 0x20, 0xE5, 0xFE, 0xAD, 0x67, 0xA8, 0x6C, 0x60, 0xC6, 0xE7, 0x36, 0xF3, 0x4E,
    0xA3, 0xAA, 0x37, 0xEA, 0xCB, 0x4B, 0x70, 0x35, 0x4C, 0x80, 0x29, 0x10, 0x61, 0x0C, 0x5D, 0x7B,
    0x54, 0x23, 0x62, 0x56, 0x08, 0x73, 0x84, 0x0A, 0x61, 0x9A, 0x3E, 0x1B, 0x41, 0x35, 0xF4, 0x04,
    0x71, 0x1E, 0x19, 0xEE, 0x60, 0x5B, 0xC4, 0x44, 0x84, 0x8E, 0x54, 0x3F, 0x43, 0x28, 0x3D, 0x87,
    0x74, 0x59, 0xC8, 0x3C, 0xC4, 0xE5, 0xF7, 0x6B, 0xF5, 0x2B, 0x3A, 0xE4, 0x8B, 0x73, 0xA5, 0x36,
    0x76, 0x4F, 0xB9, 0x52, 0x5C, 0x20, 0xD9, 0x8F, 0x15, 0xEB, 0xA4, 0x98, 0x45, 0x04, 0x21, 0xD5,
    0xEF, 0x26, 0xB5, 0x31, 0xA6, 0x24, 0xEE, 0x03, 0xEF, 0x61, 0x3A, 0x69, 0xA6, 0x5A, 0xCF, 0x02,
    0x33, 0xD8, 0x85, 0xEA, 0x76, 0xA4, 0xD8, 0x81, 0x29, 0xBC, 0x84, 0x77, 0xF0, 0x22, 0x0B, 0x14,
    0x7F, 0xF4, 0xD8, 0x4B, 0xA0, 0x7B, 0xF8, 0x0D, 0x4D, 0x6D, 0xE3, 0xFE, 0x8C, 0x5D, 0x61, 0xDE,
    0xC3, 0x56, 0x56, 0xB3, 0x1A, 0x37, 0xFE, 0xDF, 0x7B, 0x4D, 0x8A, 0x47, 0x7A, 0x3C, 0xD1, 0xEE,
    0x90, 0x37, 0x02, 0x09, 0x67, 0x30, 0x3B, 0xA6, 0x58, 0xC3, 0x32, 0x90, 0x77, 0xB0, 0x80, 0x29,
    0x54, 0x30, 0x3F, 0x36, 0x9D, 0x6A, 0xBB, 0xB7, 0xF6, 0x4C, 0x60, 0x0E, 0x11, 0x53, 0x03, 0x7D,
    0xB1, 0x3F, 0xD2, 0xBA, 0x33, 0x08, 0x74, 0x70, 0xE4, 0x29, 0x3B, 0x8C, 0x42, 0xD9, 0x60, 0x7B,
    0x84, 0xE3, 0xA2, 0x51, 0xF5, 0x7B, 0x1D, 0xBC, 0x85, 0x35, 0xF6, 0x3B, 0xEF, 0x5E, 0x85, 0x5F,
    0xF1, 0xFA, 0x3E, 0x1E, 0x6C, 0xA4, 0xE8, 0xD8, 0xD9, 0xE1, 0xF9, 0x23, 0xBF, 0x8D, 0x87, 0x9F,
    0x29, 0x47, 0x8B, 0xE9, 0x60, 0x02, 0xE5, 0x50, 0x99, 0x77, 0x49, 0xB1, 0xE9, 0x8C, 0xBF, 0xA6,
    0xB8, 0x04, 0x37, 0x2A, 0xE6, 0x49, 0x11, 0xD3, 0x90, 0x09, 0xCC, 0xA1, 0xA2, 0x58, 0x51, 0xB4,
    0xF4, 0x77, 0xEF, 0x37, 0x60, 0xFF, 0xEB, 0x59, 0xC3, 0x5B, 0xEE, 0xB3, 0x87, 0x83, 0xC2, 0x97,
    0x15, 0xB9, 0x60, 0x8E, 0xD9, 0x6A, 0x0F, 0xAA, 0xDA, 0x0C, 0xA4, 0x84, 0x7B, 0xF1, 0x09, 0xF0,
    0x5B, 0xA0, 0x68, 0xC0, 0x06, 0xF8, 0x53, 0x03, 0xFF, 0x80, 0x1C, 0xDC, 0x06, 0x4B, 0xF5, 0xAA,
    0x94, 0xDC, 0x84, 0x54, 0x53, 0x53, 0xA8, 0x37, 0x0A, 0x11, 0xD3, 0xA5, 0xA7, 0xBE, 0x50, 0x8A,
    0x8E, 0xBC, 0x3E, 0xC0, 0x7C, 0x88, 0x70, 0xD4, 0xC0, 0xC4, 0x33, 0xC6, 0x83, 0x99, 0x67, 0xDA,
    0xC3, 0xB0, 0x5F, 0x70, 0xE2, 0xE0, 0x48, 0xB9, 0x83, 0x55, 0x8C, 0x7E, 0xD5, 0x80, 0x53, 0x1D,
    0xF8, 0x55, 0x03, 0x39, 0x0E, 0xC7, 0x52, 0x55, 0x4B, 0x86, 0xA3, 0xBA, 0xFC, 0x5B, 0xFA, 0xE4,
    0x70, 0x75, 0xA1, 0x46, 0x91, 0xC7, 0xD8, 0xF5, 0x13, 0xF2, 0x62, 0xC5, 0x63, 0x23, 0x8C, 0x21,
    0x98, 0xB8, 0x2D, 0x4F, 0xC9, 0xDA, 0x39, 0x36, 0xCC, 0x7C, 0xD9, 0x38, 0x5D, 0x63, 0x96, 0xFF,
    0xA7, 0xD0, 0x38, 0xD1, 0x30, 0xCE, 0xAC, 0x6E, 0xC7, 0x61, 0xC7, 0xD9, 0x59, 0x76, 0x39, 0xD3,
    0xB3, 0xE2, 0xF2, 0xC5, 0xF8, 0x33, 0xE4, 0xA1, 0xDD, 0x38, 0x6D, 0x7A, 0x6C, 0xE3, 0xE6, 0xB0,
    0xF8, 0x54, 0xD9, 0xFA, 0x77, 0x64, 0xCD, 0x01, 0x68, 0x84, 0x49, 0xFD, 0xE0, 0xAE, 0x9E, 0x12,
    0x0A, 0x6D, 0xB2, 0x35, 0xDB, 0xAE, 0x69, 0x63, 0xE6, 0x7F, 0x2D, 0x34, 0xBF, 0x87, 0x70, 0x02,
    0xDA, 0xFE, 0x22, 0x06, 0xE9, 0xB0, 0x7F, 0xC5, 0x5A, 0xEC, 0x1F, 0xB0, 0x6B, 0x38, 0xDD, 0xCE,
    0xE6, 0x0F, 0xA5, 0x92, 0x31, 0x88, 0xD4, 0x4C, 0x14, 0xC7, 0x7F, 0x93, 0x29, 0xC2, 0x47, 0x3E,
    0x99, 0xC6, 0x52, 0x4D, 0x0F, 0x77, 0x9B, 0x1E, 0x32, 0x9B, 0x81, 0x2B, 0x6D, 0xAE, 0xB0, 0xEF,
    0x2B, 0x2B, 0x8B, 0x2B, 0x72, 0x77, 0x91, 0xEB, 0xB1, 0xEF, 0xEC, 0x41, 0xB0, 0xB0, 0x48, 0xB1,
    0xEB, 0x8D, 0x5E, 0x61, 0xE9, 0xA8, 0xA5, 0x20, 0x83, 0xDA, 0x3B, 0x70, 0x03, 0x06, 0xDC, 0x35,
    0x26, 0xDE, 0x2E, 0xE1, 0x90, 0x43, 0x8F, 0x7B, 0x79, 0xEF, 0x05, 0x92, 0xF9, 0xFF, 0xDF, 0x2F,
    0x8F, 0xB0, 0xD0, 0x10, 0x5A, 0xE4, 0x3B, 0x4F, 0xBA, 0xD7, 0xB0, 0x8D, 0x88, 0x08, 0xD7, 0xAD,
    0x96, 0xC4, 0xD7, 0x48, 0x57, 0x99, 0xDC, 0xAA, 0xFE, 0x27, 0xE2, 0xF4, 0x2B, 0xF2, 0x73, 0x48,
    0xCF, 0xAC, 0xCA, 0xCC, 0xCE, 0x2D, 0x80, 0x88, 0xBE, 0x3A, 0x0F, 0x3B, 0x96, 0xCB, 0x64, 0x5D,
    0xF5, 0xCB, 0x6C, 0xBD, 0x7B, 0x73, 0x80, 0x7E, 0x00, 0x58, 0x01, 0x01, 0xA4, 0x03, 0x69, 0x37,
    0xF7, 0x1E, 0x78, 0xF9, 0x8F, 0x24, 0xCF, 0x06, 0x12, 0x78, 0x84, 0xF0, 0x48, 0xC7, 0x98, 0x6B,
    0x58, 0x82, 0xB2, 0x00, 0x45, 0x00, 0x38, 0x68, 0x01, 0xE1, 0xEF, 0x71, 0x29, 0x16, 0x28, 0xCB,
    0xA2, 0x1E, 0x7B, 0xA7, 0xC9, 0x1D, 0x71, 0xCE, 0xCC, 0x8B, 0x50, 0x50, 0x86, 0xC4, 0xE7, 0x94,
    0x2F, 0xA4, 0x53, 0xA6, 0x3D, 0x90, 0x36, 0x6B, 0x62, 0x99, 0xDA, 0xD4, 0x86, 0x32, 0x6B, 0xE4,
    0x2B, 0x3F, 0x53, 0x46, 0xBE, 0x77, 0xB9, 0x22, 0xF9, 0x62, 0x55, 0x8E, 0x38, 0xB7, 0xD9, 0x43,
    0xF8, 0xDE, 0xA4, 0x4B, 0xE8, 0x8D, 0x5C, 0xC1, 0x29, 0x63, 0x3F, 0x22, 0xE9, 0x40, 0x43, 0x04,
    0x96, 0x40, 0xD2, 0x03, 0xD9, 0x89, 0x83, 0xFF, 0xD8, 0x07, 0x80, 0x96, 0x9A, 0xB2, 0x66, 0x4D,
    0x5D, 0xD2, 0xD3, 0x6A, 0xF1, 0x8D, 0x38, 0x4B, 0x3E, 0x9A, 0x90, 0xCB, 0x37, 0x8F, 0x83, 0x4A,
    0x4F, 0x5E, 0x7B, 0x75, 0x7F, 0xEF, 0xCC, 0xA5, 0x4F, 0x86, 0x61, 0xF2, 0x2D, 0xE7, 0x56, 0x7E,
    0xE2, 0x47, 0x93, 0xAC, 0x38, 0x35, 0x62, 0xC5, 0x31, 0x74, 0x54, 0x90, 0x37, 0x50, 0x39, 0x88,
    0x11, 0x69, 0xCB, 0xE9, 0x13, 0x11, 0x41, 0x23, 0x5D, 0x41, 0x6A, 0x95, 0x51, 0x26, 0xB3, 0x05,
    0xD2, 0x69, 0x44, 0x68, 0x21, 0x06, 0x38, 0xF2, 0x50, 0xD9, 0x0B, 0xBD, 0x32, 0x57, 0xD7, 0xF8,
    0xFE, 0xD8, 0x21, 0x7C, 0x8B, 0x30, 0xB7, 0x01, 0x18, 0x7D, 0x67, 0xA4, 0x36, 0x47, 0x35, 0x83,
    0x37, 0x99, 0xCD, 0x91, 0x56, 0x93, 0xF8, 0xF2, 0xC2, 0x3F, 0x44, 0x68, 0x03, 0xE8, 0xED, 0x0C,
    0x0B, 0xAA, 0x01, 0x05, 0x14, 0x80, 0x06, 0x16, 0x50, 0x05, 0xA8, 0x1A, 0xE0, 0xF9, 0x1D, 0x88,
    0xBB, 0xF0, 0xF4, 0x7F, 0xB6, 0x51, 0x43, 0x3B, 0x43, 0x04, 0x85, 0xF4, 0x99, 0x4D, 0xAD, 0x74,
    0xAA, 0x11, 0x21, 0x87, 0xA8, 0xA1, 0xAE, 0x61, 0x1E, 0x41, 0x05, 0xC8, 0x1C, 0xA4, 0xF6, 0xEA,
    0x92, 0x9E, 0xCC, 0x92, 0x43, 0x09, 0x00, 0xF4, 0xBF, 0x03, 0x34, 0x74, 0x88, 0x80, 0x74, 0x9B,
    0x03, 0x1A, 0x16, 0xD3, 0x03, 0x05, 0x73, 0xA8, 0xB7, 0xE7, 0x51, 0x0D, 0x05, 0x1C, 0xC0, 0x3E,
    0x40, 0xD5, 0x87, 0x21, 0x27, 0xF3, 0xF9, 0xA4, 0x55, 0x96, 0x02, 0x0E, 0x47, 0x61, 0x18, 0x92,
    0x1D, 0xD0, 0x8C, 0x9D, 0x3F, 0x01, 0x56, 0x24, 0x1B, 0xCD, 0x64, 0xB2, 0x75, 0x55, 0xE6, 0x32,
    0x80, 0x47, 0x04, 0xF0, 0xC0, 0x04, 0x40, 0xEA, 0xA7, 0x79, 0x1D, 0x49, 0x20, 0x75, 0x1B, 0xD2,
    0x7A, 0x0B, 0xA0, 0x08, 0xF2, 0x83, 0xA3, 0x37, 0x1C, 0xDD, 0x68, 0x03, 0x77, 0x93, 0xE1, 0x57,
    0x34, 0xC9, 0x1A, 0x1E, 0x5C, 0x6F, 0x03, 0x59, 0x57, 0x75, 0x0B, 0xE2, 0x5F, 0xAE, 0x5F, 0xBD,
    0x57, 0x31, 0x73, 0xDC, 0xD6, 0x11, 0x5E, 0x00, 0x0E, 0x61, 0x1B, 0x8E, 0xE0, 0x42, 0x85, 0x3D,
    0xB2, 0x89, 0x86, 0x85, 0x33, 0x23, 0x1E, 0x5A, 0x15, 0x87, 0x03, 0x12, 0x17, 0x29, 0xA3, 0x22,
    0x3F, 0x40, 0x45, 0x8A, 0x4C, 0x1A, 0xA5, 0x50, 0xA1, 0xCC, 0x80, 0x26, 0xE2, 0x14, 0x69, 0x39,
    0xF9, 0x01, 0x89, 0x8A, 0xB4, 0x99, 0xB8, 0x60, 0x71, 0xF1, 0x1C, 0x73, 0xD0, 0xB8, 0x4C, 0x11,
    0xC4, 0x29, 0x52, 0xA4, 0xD0, 0x25, 0xA3, 0x19, 0x97, 0x46, 0x9C, 0x67, 0xEB, 0x3C, 0x02, 0xEF,
    0xE5, 0xFB, 0xF6, 0x01, 0x3C, 0x8A, 0x26, 0xA5, 0x13, 0x2D, 0x85, 0xC2, 0x5B, 0x9C, 0x00, 0xBC,
    0x7D, 0xBB, 0xFB, 0x76, 0xBF, 0xFD, 0x9E, 0x88, 0x88, 0x91, 0xDB, 0x5F, 0x4B, 0x1B, 0x58, 0xFB,
    0xE9, 0x22, 0x6E, 0xFC, 0xC7, 0x75, 0x2A, 0xF2, 0x67, 0x19, 0x8B, 0x4C, 0x64, 0x26, 0x92, 0xCA,
    0x52, 0x24, 0xC6, 0x37, 0xBD, 0x28, 0x4E, 0x04, 0x5F, 0x24, 0xEE, 0x93, 0x4C, 0x70, 0x61, 0xDA,
    0x4C, 0xE2, 0x26, 0x6C, 0x05, 0xAA, 0x1A, 0xA1, 0x52, 0xFE, 0x2D, 0xB9, 0x82, 0x67, 0xAB, 0x36,
    0xB6, 0x8F, 0x9A, 0x5C, 0xE6, 0x45, 0x29, 0x23, 0x99, 0x62, 0xA6, 0x51, 0x8D, 0xD4, 0xA5, 0x43,
    0x9F, 0xF1, 0x5D, 0x4E, 0x35, 0xD6, 0x08, 0xE6, 0x70, 0xBE, 0xDF, 0xE2, 0xE7, 0x17, 0x0B, 0x88,
    0xFF, 0x36, 0xFA, 0x10, 0xE2, 0x18, 0x13, 0xBD, 0x76, 0x63, 0x31, 0x15, 0x7F, 0x01, 0xD5, 0x41,
    0x23, 0x79, 0x91, 0xD4, 0x12, 0x59, 0x2B, 0xE2, 0xCD, 0x1F, 0xAA, 0x79, 0x30, 0x5D, 0xC6, 0x46,
    0xB2, 0xD2, 0xC8, 0xC4, 0x18, 0xC9, 0xB1, 0x46, 0x26, 0xE7, 0x8F, 0x3D, 0xF8, 0x72, 0x24, 0x47,
    0xFE, 0xB1, 0xE4, 0xF6, 0x48, 0xA2, 0xE3, 0x5D, 0x55, 0x10, 0xD4, 0x63, 0xBD, 0x0B, 0x66, 0xEB,
    0x5F, 0xDE, 0xB8, 0x7B, 0x52, 0xC9, 0xD9, 0x3F, 0x6B, 0x0F, 0x30, 0xD7, 0xD6, 0xD6, 0x76, 0x7A,
    0x37, 0xB2, 0x2F, 0x2E, 0x9C, 0x71, 0x8D, 0x89, 0x58, 0x03, 0x36, 0xC2, 0x52, 0x03, 0xAF, 0xB9,
    0x2F, 0x6A, 0xBD, 0x4F, 0x2F, 0xA4, 0x95, 0xB0, 0xE6, 0x9D, 0xD1, 0x72, 0xF7, 0x54, 0xDC, 0xF3,
    0x52, 0xDC, 0x77, 0x4B, 0xD1, 0x79, 0x6E, 0x66, 0xD0, 0x04, 0xB5, 0x7E, 0x5C, 0xC7, 0x15, 0xEF,
    0x73, 0x04, 0x97, 0xEB, 0x2F, 0xFB, 0xF5, 0x2B, 0xBD, 0xD3, 0xA6, 0xB0, 0x38, 0xA4, 0x59, 0xDE,
    0x67, 0x0D, 0xAD, 0xC2, 0xFE, 0xA8, 0x51, 0x6F, 0x8B, 0xB3, 0x49, 0x55, 0xC5, 0xB6, 0xA3, 0x66,
    0xBD, 0x61, 0x21, 0x59, 0xEA, 0xBA, 0xDC, 0x18, 0xBC, 0x0E, 0x6B, 0x67, 0x55, 0xA5, 0x0F, 0x53,
    0x67, 0x4B, 0xEF, 0x82, 0x71, 0x96, 0xB4, 0xAA, 0x2C, 0xAA, 0xD5, 0x0E, 0x98, 0xEF, 0xCC, 0xE8,
    0x9C, 0x15, 0x1D, 0xB3, 0xE8, 0x4E, 0xC4, 0x80, 0xC9, 0xF6, 0x58, 0x6F, 0x91, 0xD1, 0x9B, 0x7F,
    0xA0, 0x37, 0xE6, 0xC0, 0x2A, 0xC1, 0xA4, 0x3A, 0xB6, 0x0F, 0x78, 0x43, 0x12, 0x21, 0x68, 0x55,
    0x89, 0x80, 0x61, 0xBD, 0x29, 0x03, 0xB1, 0x07, 0xD5, 0x09, 0x73, 0x8D, 0x37, 0x5D, 0x2F, 0x71,
    0xF1, 0x4A, 0xF0, 0x21, 0x1E, 0xA7, 0xFC, 0xB6, 0xD4, 0xD4, 0x82, 0x98, 0x7B, 0x58, 0x20, 0xB1,
    0x0F, 0x90, 0xA7, 0xB5, 0xBF, 0x8A, 0x03, 0xDD, 0x09, 0xC9, 0xBE, 0xCD, 0xB0, 0xB6, 0xD5, 0xC1,
    0x6C, 0xEA, 0x07, 0x1C, 0xDB, 0x47, 0xB0, 0x72, 0xA6, 0xC1, 0x0D, 0x7C, 0x83, 0x0C, 0xD3, 0xBB,
    0xF4, 0xA3, 0x7C, 0x9E, 0x01, 0xDD, 0x3A, 0x84, 0x6E, 0xAC, 0x07, 0xAB, 0x0F, 0xAF, 0xD3, 0xC6,
    0x04, 0x95, 0xC1, 0x4E, 0x04, 0x95, 0x6E, 0x86, 0xF0, 0xF7, 0x66, 0x97, 0x9C, 0x5C, 0x51, 0x1D,
    0xD8, 0x22, 0x38, 0xA6, 0xDD, 0x78, 0x6E, 0x9D, 0x2C, 0x28, 0x1F, 0xD7, 0x94, 0x8F, 0x16, 0x94,
    0x5F, 0xB6, 0xAA, 0x7C, 0xAA, 0x32, 0x53, 0x99, 0xA8, 0x8C, 0x9D, 0x01, 0xAA, 0xD6, 0x5F, 0x50,
    0xA2, 0x22, 0x28, 0x4B, 0x95, 0x23, 0x95, 0xB1, 0xCA, 0x48, 0x65, 0xC0, 0xD5, 0x99, 0x80, 0xA7,
    0x64, 0x52, 0xF0, 0xA7, 0xD5, 0xBA, 0x72, 0xE5, 0x14, 0x54, 0x6B, 0x7B, 0x82, 0xCA, 0x6A, 0xEE,
    0x3F, 0xD6, 0x4A, 0xF8, 0x4A, 0xED, 0x31, 0xCE, 0x9E, 0xBB, 0xDF, 0xB0, 0x27, 0x3A, 0x65, 0x8F,
    0xF7, 0x74, 0x7B, 0xC2, 0x0B, 0xED, 0x71, 0x32, 0xA2, 0xF4, 0x2D, 0x6D, 0x43, 0xF1, 0xF3, 0x6F,
    0x81, 0xC1, 0x4A, 0x70, 0xBF, 0xFA, 0xBF, 0x76, 0x5E, 0x79, 0xED, 0x23, 0x6B, 0xBC, 0x76, 0x25,
    0x9D, 0xD7, 0x76, 0x52, 0x7A, 0xED, 0x52, 0x32, 0x0F, 0x75, 0xF2, 0x1C, 0x62, 0xD0, 0xBC, 0x16,
    0xAC, 0x68, 0x21, 0xA2, 0x0A, 0x4C, 0x68, 0x63, 0x64, 0x17, 0xB6, 0x3E, 0xC1, 0xC3, 0xA8, 0x59,
    0x2F, 0xCE, 0x72, 0x8F, 0x60, 0x4C, 0x8C, 0xE7, 0xDB, 0x87, 0xC8, 0xC8, 0xBB, 0xF8, 0x0E, 0x69,
    0x38, 0x1D, 0x09, 0xE7, 0x78, 0x8B, 0xB8, 0xF0, 0x9B, 0xB0, 0x62, 0xAE, 0x87, 0x80, 0xE7, 0xB8,
    0xF0, 0x5A, 0x14, 0x4C, 0x8B, 0xB7, 0x53, 0x7C, 0x55, 0x96, 0x2E, 0x8F, 0xD3, 0xD8, 0x6B, 0x83,
    0x7F, 0xD4, 0x82, 0x68, 0xFF, 0x94, 0x5A, 0xB7, 0x6C, 0x95, 0xD8, 0xF6, 0x35, 0x62, 0x4B, 0xC9,
    0xEB, 0x67, 0xB3, 0xC4, 0x76, 0x1F, 0x48, 0xB9, 0x64, 0x56, 0xE2, 0xEA, 0x66, 0x41, 0x97, 0xDB,
    0x71, 0xB4, 0x1C, 0x9B, 0x58, 0xB2, 0x31, 0xE2, 0x29, 0xE1, 0x10, 0x91, 0xBC, 0x93, 0x6B, 0x0A,
    0x68, 0x1B, 0x5E, 0xF8, 0x18, 0x53, 0xB2, 0xA0, 0x8E, 0x7F, 0x27, 0x01, 0x36, 0xFD, 0xA6, 0x43,
    0xD5, 0x8D, 0xAF, 0x9B, 0x5B, 0xF8, 0xFC, 0xEE, 0x36, 0x44, 0x3A, 0xE3, 0xA6, 0x69, 0xE8, 0x9E,
    0xC4, 0x60, 0xB6, 0x24, 0x46, 0x00, 0x6D, 0x6A, 0xAB, 0x75, 0x0D, 0x6B, 0xCC, 0x16, 0x70, 0xA9,
    0x3E, 0x67, 0x4E, 0xF5, 0xB9, 0xB8, 0x40, 0xD7, 0x43, 0xDC, 0x18, 0x38, 0xF9, 0x9E, 0x5B, 0x8C,
    0xFD, 0x8B, 0x7D, 0x8C, 0xA0, 0x53, 0xA2, 0x99, 0x5E, 0xDC, 0xF3, 0x26, 0x4F, 0xF4, 0x3C, 0xBF,
    0x78, 0x0B, 0xFD, 0x6A, 0x2A, 0xF2, 0x31, 0x22, 0x99, 0x43, 0xE7, 0xEB, 0x6B, 0x07, 0x08, 0xAE,
    0xCF, 0x3B, 0xD8, 0xFD, 0xD8, 0xFC, 0xD8, 0xFB, 0x62, 0xBB, 0xD2, 0xCE, 0x77, 0xC5, 0x5B, 0x04,
    0xFF, 0xAC, 0x64, 0x25, 0xF2, 0x63, 0xA7, 0x36, 0xBB, 0xF8, 0xDA, 0x43, 0xD7, 0x43, 0xD3, 0x43,
    0xCF, 0x43, 0xCB, 0x0B, 0x2C, 0xDD, 0xD6, 0xCC, 0x47, 0x70, 0xEF, 0x41, 0x2D, 0x80, 0xBE, 0xFE,
    0xE8, 0x85, 0x1B, 0x18, 0x13, 0xED, 0xFB, 0xF4, 0x8E, 0xFC, 0x3A, 0x7E, 0xBF, 0x79, 0x5D, 0xF7,
    0x72, 0x73, 0x4B, 0x85, 0x20, 0xCF, 0x76, 0x1A, 0xA1, 0x6E, 0x5F, 0xC5, 0xD4, 0x9B, 0x48, 0xA8,
    0x16, 0x96, 0x2F, 0x5E, 0xBC, 0xB5, 0xCC, 0x33, 0x74, 0x4B, 0x14, 0xD3, 0xA1, 0xA2, 0x86, 0x5F,
    0x47, 0xEF, 0x37, 0xE1, 0x73, 0x18, 0xFC, 0x07, 0x18, 0x7C, 0xB2, 0xEF, 0x73, 0xEC, 0x7B, 0x8A,
    0xB9, 0xAF, 0xBD, 0x5C, 0xA3, 0xB7, 0xBD, 0x36, 0xFC, 0x4B, 0xED, 0x5B, 0xED, 0x54, 0x97, 0x35,
    0x9A, 0x41, 0xD6, 0x4E, 0xC4, 0xBA, 0xF3, 0x5F, 0xAE, 0xC1, 0x5B, 0x05, 0xF1, 0x98, 0x90, 0x38,
    0xBE, 0xBC, 0xC1, 0xC9, 0x4A, 0xF6, 0x6D, 0x73, 0x93, 0x98, 0x3A, 0x55, 0x45, 0x63, 0x6B, 0x8F,
    0x71, 0x19, 0xB2, 0xC0, 0x72, 0x26, 0xCB, 0x89, 0xDF, 0x26, 0xB6, 0xF1, 0x51, 0x1A, 0x39, 0x11,
    0x3F, 0xB7, 0x83, 0x1B, 0xEF, 0xB1, 0x0E, 0x33, 0xD0, 0x17, 0xB9, 0x1E, 0x3D, 0x81, 0x2A, 0x8A,
    0xCF, 0xDA, 0xAE, 0x42, 0x46, 0x32, 0x66, 0x38, 0x62, 0xE4, 0x82, 0x8C, 0x62, 0x52, 0x01, 0xCE,
    0x28, 0x43, 0x58, 0x79, 0x48, 0x8C, 0x6E, 0xFD, 0x06, 0x55, 0x6E, 0x95, 0x24, 0xB7, 0x44, 0xED,
    0xA9, 0x44, 0x15, 0x22, 0x88, 0xAF, 0x32, 0x52, 0x98, 0x11, 0xB3, 0x28, 0xA1, 0x61, 0x71, 0x71,
    0x51, 0x11, 0x38, 0x54, 0x7E, 0x75, 0x40, 0x65, 0x7F, 0xDE, 0xA5, 0x17, 0xA0, 0xB2, 0x33, 0x7F,
    0xED, 0xC3, 0xF9, 0x8D, 0x4B, 0x9B, 0x17, 0x1D, 0xA1, 0x0F, 0x01, 0x09, 0x7B, 0xA8, 0x3E, 0x90,
    0xE0, 0xC6, 0xF4, 0x61, 0x57, 0x1D, 0x61, 0x21, 0xDD, 0x55, 0x1F, 0x28, 0xAC, 0x5D, 0xA0, 0x27,
    0x3A, 0x1F, 0x80, 0xFA, 0x15, 0x1C, 0x81, 0x0F, 0x70, 0x84, 0x18, 0x39, 0x22, 0x5A, 0xD2, 0x07,
    0x57, 0xC8, 0x75, 0xBF, 0xC8, 0x0D, 0x35, 0xF8, 0x86, 0x6C, 0xEC, 0x43, 0x49, 0x1F, 0x7A, 0xFB,
    0x4F, 0x79, 0xD1, 0xFF, 0xED, 0x2B, 0x85, 0xB5, 0x94, 0xDE, 0x7F, 0x74, 0x13, 0xFE, 0x46, 0x19,
    0xDE, 0xA7, 0x8C, 0xBE, 0x4F, 0x19, 0xAB, 0xB3, 0x23, 0x44, 0xBC, 0x90, 0xB1, 0x47, 0xC6, 0x39,
    0xD5, 0x27, 0x34, 0xDC, 0x99, 0x0F, 0xFB, 0xF9, 0x24, 0xAA, 0x28, 0xD9, 0x16, 0x19, 0x7E, 0xCA,
    0x8C, 0xFB, 0x54, 0x97, 0x2A, 0x45, 0x7D, 0x58, 0x3B, 0xA2, 0x1E, 0xAC, 0xFC, 0x55, 0x91, 0xDA,
    0xBF, 0xDA, 0xE6, 0xAA, 0x7F, 0xAC, 0xB4, 0x98, 0x19, 0x05, 0xE3, 0xB7, 0x60, 0x11, 0xBC, 0xB1,
    0xF4, 0xC7, 0x38, 0x52, 0x8A, 0x8B, 0xF4, 0xDC, 0x47, 0x7E, 0xCC, 0xC2, 0x3F, 0xCA, 0x4E, 0x6E,
    0x81, 0xF6, 0xD1, 0xD2, 0xC3, 0xEE, 0x5E, 0x23, 0xF9, 0x26, 0x23, 0x8E, 0x1E, 0xCA, 0x2D, 0x47,
    0x80, 0xC8, 0x22, 0xB5, 0xA8, 0xA8, 0xD0, 0xF1, 0x45, 0x88, 0xFD, 0x4E, 0xB4, 0x43, 0x92, 0x0E,
    0xBA, 0xB0, 0xCD, 0x10, 0x93, 0x3A, 0xA3, 0x48, 0x35, 0xF2, 0x3C, 0xE4, 0xF8, 0xCA, 0xE2, 0x53,
    0x28, 0x05, 0xB3, 0x15, 0x32, 0xE6, 0x1C, 0x4D, 0x89, 0xD4, 0x77, 0xAA, 0xE4, 0x3C, 0x79, 0x62,
    0xB8, 0xFE, 0x93, 0x93, 0x13, 0x93, 0x10, 0x2B, 0xD1, 0x56, 0xCE, 0x0D, 0x9D, 0x1C, 0x3B, 0xF2,
    0x01, 0x6E, 0x4B, 0x35, 0x52, 0x6E, 0x7A, 0x85, 0xE6, 0x7F, 0xBC, 0xE7, 0xD2, 0xDD, 0x3B, 0x58,
    0x07, 0x03, 0x1F, 0xD0, 0x09, 0xFA, 0x40, 0x17, 0x26, 0xBD, 0x03, 0xD3, 0x13, 0xBA, 0xBB, 0xDF,
    0xB9, 0xC1, 0x1D, 0x66, 0x9D, 0x49, 0x09, 0x2F, 0x4B, 0xDA, 0x4D, 0xB3, 0xD5, 0xEA, 0xD4, 0xDE,
    0x8B, 0x65, 0xA0, 0x1F, 0xEF, 0x39, 0xDE, 0x1F, 0xC3, 0x03, 0x38, 0x00, 0x1B, 0xA7, 0x64, 0xBA,
    0xC9, 0xC9, 0x05, 0xCB, 0xF1, 0x10, 0x76, 0xC3, 0x6C, 0xB5, 0xDA, 0x5D, 0x93, 0x1D, 0x99, 0xE5,
    0xD6, 0x5C, 0xB3, 0x15, 0x54, 0x49, 0xF0, 0xF7, 0x5A, 0x49, 0x13, 0xBC, 0x38, 0x85, 0x46, 0x49,
    0xE1, 0xCE, 0x73, 0xD8, 0x98, 0x00, 0x1C, 0x12, 0x07, 0x04, 0xC3, 0xB3, 0x14, 0x6C, 0x02, 0xB9,
    0x95, 0xC7, 0x18, 0x0C, 0x61, 0x07, 0x1F, 0x0C, 0x7C, 0x31, 0x3C, 0xB7, 0xE8, 0x91, 0x62, 0xA9,
    0x67, 0x40, 0xA3, 0x61, 0x8C, 0xAB, 0x1D, 0xA9, 0x64, 0x44, 0xDA, 0xFC, 0x39, 0xEC, 0x64, 0xDD,
    0xFF, 0x5E, 0x4E, 0x2F, 0x72, 0xCE, 0x00, 0x56, 0x1A, 0x34, 0x24, 0x5D, 0x90, 0xCA, 0x11, 0x88,
    0xAF, 0xB8, 0x20, 0x2A, 0xD1, 0x32, 0x4F, 0x78, 0x90, 0xA3, 0x21, 0x7C, 0x1F, 0xE2, 0x3B, 0x3D,
    0x40, 0x75, 0x2F, 0x8F, 0xB4, 0x88, 0x4F, 0x6C, 0x21, 0x32, 0xB1, 0x72, 0x79, 0xA4, 0x62, 0xD9,
    0x2C, 0x7B, 0x20, 0xB8, 0x2C, 0x7D, 0x91, 0xEB, 0xA4, 0x61, 0xBD, 0xCF, 0x54, 0x36, 0x87, 0xEE,
    0x74, 0x40, 0xD2, 0x33, 0x45, 0xFC, 0x72, 0x7C, 0x53, 0x8E, 0xCE, 0xFE, 0xE3, 0x11, 0xE4, 0xC8,
    0x01, 0x7A, 0xA1, 0x8D, 0x6E, 0x26, 0xCA, 0x60, 0x06, 0x16, 0xF3, 0x6D, 0xA8, 0x9A, 0xEC, 0x9E,
    0xF5, 0xB5, 0x52, 0x5F, 0xBF, 0x23, 0x57, 0x95, 0x19, 0xC9, 0x23, 0x2C, 0xBB, 0x0F, 0xDF, 0xDF,
    0x5E, 0xBB, 0x9C, 0x5B, 0xAB, 0x43, 0x0B, 0x44, 0x91, 0xA7, 0xA6, 0x27, 0x3A, 0xDF, 0x67, 0xD9,
    0x5A, 0x9A, 0xBF, 0xDF, 0xEF, 0x07, 0x0F, 0x20, 0xC3, 0x88, 0xAB, 0x9F, 0xE0, 0xF9, 0x1C, 0xC9,
    0xC9, 0x72, 0x04, 0xE5, 0xF4, 0x3F, 0xAB, 0x51, 0xB7, 0x58, 0x4B, 0xD5, 0x02, 0x2E, 0x79, 0x54,
    0xE2, 0xAE, 0xA2, 0xA3, 0x24, 0xD4, 0xEF, 0xD1, 0xCD, 0xC2, 0x87, 0xA7, 0x5E, 0xA7, 0x45, 0x99,
    0x0E, 0x75, 0x82, 0x1F, 0xD9, 0x2D, 0xAF, 0x9B, 0xDB, 0xF6, 0xDA, 0xAA, 0xB8, 0x3C, 0xE7, 0x76,
    0x57, 0xCB, 0x85, 0xC0, 0x5A, 0xF6, 0x2B, 0xE0, 0xEA, 0x01, 0xBD, 0xAB, 0x59, 0xCF, 0xBC, 0x1B,
    0xE7, 0x09, 0x23, 0x08, 0x0F, 0x72, 0xD1, 0x03, 0x01, 0x2C, 0x33, 0xDA, 0x35, 0x8D, 0x72, 0x03,
    0xD1, 0x44, 0x87, 0x96, 0xB0, 0x76, 0x0A, 0xE3, 0xC2, 0xDD, 0xD3, 0x5E, 0x7B, 0xE9, 0x38, 0x84,
    0x42, 0x28, 0x3E, 0x76, 0x33, 0x83, 0x86, 0x5D, 0x88, 0x7A, 0x19, 0x27, 0x43, 0x00, 0x53, 0x5C,
    0x5F, 0xF6, 0xEB, 0x57, 0xFD, 0x5D, 0x41, 0x4A, 0x41, 0x51, 0x61, 0xC8, 0xDD, 0x68, 0x8C, 0xEA,
    0x88, 0x6D, 0x47, 0x95, 0x7A, 0x53, 0x0C, 0xD7, 0x05, 0xFD, 0x56, 0xD7, 0xE7, 0xA9, 0x50, 0x6B,
    0x5D, 0x1F, 0xA6, 0xCE, 0x88, 0xDE, 0x76, 0xE3, 0x4C, 0x68, 0x55, 0x19, 0x21, 0x02, 0x06, 0xC0,
    0x6E, 0xB7, 0x7E, 0xE7, 0x96, 0xEF, 0x34, 0xD4, 0x22, 0x4F, 0xBB, 0x11, 0xBB, 0x2C, 0x7B, 0xE4,
    0x03, 0xDE, 0x88, 0xC3, 0x58, 0x8F, 0x90, 0x8C, 0xF5, 0x88, 0xD8, 0x8A, 0x38, 0x89, 0xEB, 0x22,
    0x89, 0xE8, 0x7A, 0x89, 0x0B, 0x54, 0xC2, 0x04, 0x59, 0xE2, 0x93, 0x5C, 0x14, 0xC3, 0x67, 0x8C,
    0xEF, 0x9C, 0x84, 0x0C, 0x90, 0xC8, 0xA2, 0x02, 0x7A, 0x6A, 0x6D, 0xE9, 0x01, 0x22, 0xEF, 0x11,
    0x19, 0x3E, 0x7A, 0xC5, 0x73, 0xE0, 0x76, 0xBE, 0x11, 0x6E, 0x0B, 0x80, 0x14, 0xD6, 0xA0, 0xED,
    0xEF, 0x7C, 0x5B, 0xDC, 0x56, 0x6F, 0xCF, 0x11, 0xE5, 0x5A, 0xA0, 0xB5, 0xF6, 0xE2, 0xCC, 0x8B,
    0xD3, 0x22, 0x56, 0x51, 0x61, 0x43, 0x43, 0x4B, 0x4A, 0x39, 0xAF, 0xDA, 0xDB, 0x0B, 0xF9, 0x02,
    0xD5, 0x65, 0x8B, 0x54, 0x8E, 0xF1, 0xAA, 0xD3, 0x0D, 0x3E, 0x3D, 0xA2, 0xCA, 0x55, 0x3B, 0xAB,
    0x7F, 0xE8, 0x10, 0x88, 0x78, 0x52, 0xCB, 0x97, 0xE0, 0x83, 0x04, 0x8C, 0x55, 0x71, 0x01, 0xB8,
    0xD3, 0xED, 0xAE, 0xEF, 0xDD, 0x64, 0x4B, 0xC1, 0xFA, 0xE4, 0xC9, 0xAA, 0xB4, 0x1C, 0x48, 0xEB,
    0xC7, 0xD8, 0xB9, 0x47, 0x68, 0x3A, 0xE8, 0x34, 0xC6, 0x4C, 0x31, 0xB0, 0x8C, 0xC1, 0x72, 0x00,
    0x7D, 0x63, 0x82, 0xDA, 0x18, 0x7F, 0x61, 0x90, 0x5A, 0x86, 0x1C, 0xC8, 0xC8, 0x08, 0x23, 0xC6,
    0x88, 0x30, 0x02, 0xF6, 0x04, 0xA6, 0x28, 0xF0, 0xE6, 0x2D, 0x65, 0x6C, 0xF3, 0xEA, 0x91, 0x35,
    0x2B, 0xE9, 0x3A, 0xEE, 0xCD, 0x53, 0xF8, 0x6F, 0xD6, 0xE3, 0x4F, 0x39, 0xF0, 0x3C, 0x4D, 0x00,
    0x9F, 0xD8, 0x18, 0x13, 0xB4, 0xBE, 0x4B, 0xC4, 0x7E, 0xE3, 0x0D, 0x88, 0xD7, 0xB9, 0x7B, 0x81,
    0x72, 0x28, 0x3A, 0x14, 0x13, 0xDA, 0x12, 0x92, 0xED, 0xDD, 0x6D, 0x65, 0xB2, 0xCC, 0x0C, 0xB2,
    0xC0, 0x56, 0x79, 0x38, 0xEA, 0xCF, 0x27, 0x0B, 0x54, 0x26, 0x0B, 0xC8, 0xD1, 0xC2, 0x9D, 0x71,
    0xBF, 0xC6, 0x5C, 0x73, 0x44, 0x28, 0x4F, 0x54, 0x1F, 0x52, 0x63, 0x57, 0x43, 0x81, 0x3E, 0xFC,
    0xEF, 0x5A, 0xEA, 0x5A, 0x3E, 0xAD, 0x15, 0x17, 0xD7, 0x4C, 0xF0, 0xB5, 0x67, 0x33, 0xC1, 0xEB,
    0x43, 0x8F, 0x52, 0xB8, 0xEC, 0xFD, 0x91, 0xF6, 0x2C, 0x2B, 0xCC, 0x69, 0x13, 0xB9, 0x21, 0x80,
    0xC6, 0x18, 0xE5, 0xBB, 0xCA, 0x6B, 0x1B, 0x65, 0xE8, 0xB5, 0xE9, 0xF1, 0x88, 0xB6, 0xB1, 0x3A,
    0x32, 0x95, 0x63, 0xDD, 0xC1, 0x39, 0xFB, 0x30, 0xFE, 0x6F, 0x34, 0x3C, 0x3C, 0x3F, 0x2A, 0x22,
    0xA9, 0x6F, 0xDC, 0x55, 0x43, 0xAF, 0xF0, 0xBE, 0xC9, 0x1C, 0xFF, 0x75, 0x38, 0xA2, 0x75, 0xAC,
    0x47, 0x92, 0x5B, 0x2F, 0x96, 0x1A, 0xBA, 0x6D, 0xDB, 0x1B, 0x08, 0x85, 0xB6, 0x6B, 0xFF, 0x54,
    0xF1, 0x5E, 0x65, 0x03, 0x1D, 0x33, 0xFE, 0x4B, 0xD7, 0xFF, 0x52, 0x82, 0xF8, 0x98, 0x04, 0x6D,
    0x26, 0x23, 0x36, 0xD0, 0x92, 0x3D, 0xAC, 0x85, 0xF0, 0x17, 0xF0, 0x39, 0xAC, 0x21, 0x62, 0x36,
    0x50, 0x1E, 0x35, 0x66, 0x84, 0x97, 0x49, 0x8B, 0x00, 0xE4, 0xB5, 0x6B, 0xA0, 0x2D, 0x90, 0x83,
    0xB1, 0x60, 0x57, 0x7E, 0x45, 0x57, 0x08, 0x16, 0x2E, 0xE4, 0xDC, 0xFE, 0x9D, 0xA1, 0x57, 0xFE,
    0x16, 0xFD, 0x0F, 0xE8, 0x8E, 0xBC, 0x2E, 0xBD, 0x95, 0x4C, 0x83, 0x07, 0xA0, 0x2C, 0x3F, 0x12,
    0x33, 0x82, 0xF2, 0x12, 0x03, 0xCB, 0x7D, 0xDC, 0x24, 0xB2, 0x5F, 0x4F, 0xD0, 0x0A, 0x67, 0x40,
    0x07, 0x23, 0xBF, 0x00, 0x1C, 0xBE, 0xC9, 0xE8, 0x7F, 0xD2, 0x88, 0xFF, 0x2F, 0xC4, 0xA3, 0x45,
    0x66, 0xDD, 0x78, 0x67, 0xED, 0x09, 0xA1, 0x3C, 0xE2, 0x5A, 0x78, 0xB7, 0x7D, 0x88, 0x2A, 0xC2,
    0xFB, 0x31, 0x42, 0x3A, 0x45, 0xB8, 0xA1, 0xCF, 0x83, 0xF5, 0x7E, 0x13, 0x56, 0x84, 0xB3, 0x10,
    0xE1, 0x27, 0x4D, 0x47, 0xD4, 0x5B, 0xBC, 0x9D, 0xE2, 0xAB, 0x12, 0x99, 0x80, 0x3C, 0x97, 0x74,
    0x96, 0x49, 0x06, 0x58, 0x8C, 0x8A, 0xE0, 0xC3, 0x7A, 0xE3, 0xCC, 0xD2, 0x73, 0x12, 0x00, 0x10,
    0x99, 0xC3, 0xCE, 0x7B, 0x87, 0x59, 0x7E, 0x2F, 0x7C, 0x22, 0xA5, 0x94, 0x3D, 0x84, 0x7A, 0x9E,
    0x68, 0x87, 0xBA, 0xD8, 0xE5, 0x8E, 0x8F, 0x95, 0x00, 0x30, 0x3A, 0x87, 0x9C, 0xD6, 0x22, 0x53,
    0xBC, 0x05, 0x9C, 0x51, 0x22, 0x12, 0x32, 0x45, 0x50, 0x2E, 0xAD, 0x4B, 0x1D, 0xED, 0xC8, 0x19,
    0x33, 0x65, 0xCC, 0x34, 0x9A, 0xEA, 0x39, 0xC3, 0x16, 0x21, 0xDC, 0x91, 0xC5, 0x2B, 0xDA, 0x7A,
    0x37, 0x37, 0x38, 0x9B, 0x48, 0x12, 0x4B, 0xF4, 0x7E, 0xED, 0xDF, 0x6F, 0x86, 0xB4, 0x27, 0x01,
    0x50, 0x42, 0xB4, 0xBE, 0x00, 0xA9, 0xA0, 0xEF, 0x67, 0x1E, 0x0E, 0xAF, 0xF8, 0xFD, 0x0C, 0x26,
    0x8D, 0x10, 0x31, 0x09, 0x7E, 0xC0, 0x88, 0xF9, 0x16, 0x87, 0xCE, 0xC5, 0xC4, 0x33, 0xA5, 0x94,
    0x87, 0x32, 0xB6, 0xF6, 0x18, 0x97, 0x6B, 0xF2, 0x53, 0xB5, 0x29, 0x2F, 0xDE, 0x8A, 0x2D, 0x92,
    0x73, 0xE1, 0x7F, 0x8D, 0x2C, 0x28, 0xDE, 0x0D, 0xEA, 0xF7, 0xBC, 0xFE, 0x50, 0x04, 0x14, 0xB0,
    0xB6, 0x3D, 0x43, 0x0D, 0x10, 0x07, 0x44, 0xE1, 0x5C, 0xD6, 0xE0, 0xBE, 0x47, 0x06, 0x85, 0xB6,
    0xBE, 0xE2, 0x35, 0xAF, 0x48, 0xB1, 0x36, 0x40, 0x9E, 0x6D, 0x40, 0x1F, 0x81, 0x1F, 0x56, 0xFE,
    0xFD, 0xDE, 0x80, 0xC0, 0xD6, 0x1E, 0xC8, 0xE6, 0xB9, 0xDE, 0x9E, 0x77, 0xE1, 0x63, 0x4C, 0x29,
    0x27, 0x32, 0xA2, 0x9E, 0x21, 0x92, 0x1B, 0x4F, 0x8F, 0x1E, 0xE6, 0xC7, 0x77, 0xE2, 0x7B, 0x91,
    0x06, 0xBF, 0xBB, 0x06, 0x6A, 0x7F, 0xF1, 0xBF, 0x6B, 0x26, 0xEF, 0x22, 0x93, 0x1F, 0x7F, 0x14,
    0x15, 0x1E, 0xD3, 0xE9, 0xE2, 0x7F, 0xE1, 0x27, 0x28, 0x03, 0xBF, 0x65, 0x9A, 0x1D, 0x32, 0xCD,
    0xAE, 0xBF, 0xFB, 0x7F, 0x20, 0xCC, 0x50, 0x8A, 0x70, 0x32, 0x9E, 0x0C, 0xA8, 0x0C, 0x39, 0x75,
    0x69, 0x5A, 0x7C, 0xAA, 0x9A, 0xAE, 0x7C, 0xB3, 0x9A, 0x5E, 0xDE, 0x81, 0x06, 0xF4, 0x9B, 0xB4,
    0x3E, 0x2C, 0x7E, 0x0E, 0x0A, 0xFE, 0xE6, 0x19, 0x1F, 0x90, 0x51, 0xC0, 0xB1, 0xA9, 0x6A, 0x8E,
    0x38, 0x8A, 0x7E, 0xE8, 0x33, 0xBE, 0xCB, 0x8B, 0xF2, 0xC4, 0x87, 0x8C, 0x54, 0x19, 0xFD, 0x2C,
    0xFC, 0x15, 0x5A, 0x5D, 0xDD, 0x9C, 0xEA, 0x2E, 0x07, 0xCA, 0xEC, 0x32, 0x50, 0x49, 0xA2, 0x68,
    0x06, 0xFB, 0x30, 0xFA, 0xDF, 0x7B, 0xAC, 0x38, 0x0C, 0xB4, 0x15, 0x60, 0x46, 0xE6, 0x11, 0x5D,
    0xD1, 0x9B, 0xB5, 0xF0, 0x27, 0xC3, 0xF7, 0x75, 0x26, 0x61, 0x03, 0xA8, 0x9A, 0x00, 0xAA, 0x80,
    0x69, 0xBF, 0x64, 0xFA, 0xC6, 0x51, 0x1B, 0xE7, 0x8B, 0x58, 0x99, 0x29, 0x00, 0x17, 0x0B, 0x5F,
    0x74, 0x79, 0x70, 0x34, 0x02, 0x95, 0xB8, 0xE2, 0xD7, 0xF2, 0xCE, 0x50, 0x7B, 0x2C, 0xBF, 0x15,
    0xD9, 0x27, 0x68, 0x05, 0xA8, 0xBE, 0x51, 0x96, 0x4A, 0x06, 0x33, 0x76, 0xBF, 0xC1, 0x0A, 0x19,
    0x25, 0x1E, 0x3B, 0x0C, 0xD9, 0x35, 0x09, 0x24, 0xB0, 0xDD, 0x78, 0xC3, 0xB9, 0x96, 0xDF, 0x93,
    0x9D, 0x27, 0x45, 0xB8, 0x44, 0x17, 0x90, 0x71, 0x50, 0xBC, 0xE9, 0x69, 0x5F, 0x4B, 0xAB, 0xB1,
    0x2D, 0xF2, 0x86, 0x04, 0x72, 0xF2, 0xD4, 0x8A, 0x48, 0x60, 0x77, 0xF4, 0x6B, 0x60, 0xDF, 0x7D,
    0x64, 0x70, 0x7B, 0xE7, 0xC4, 0x30, 0xA3, 0x0D, 0xF8, 0xF9, 0xC6, 0x14, 0xFD, 0xB7, 0x44, 0x9D,
    0xE4, 0x45, 0x02, 0x6A, 0xBC, 0x42, 0xA9, 0x3E, 0x94, 0x35, 0x54, 0x7D, 0xE8, 0xD8, 0xFB, 0x53,
    0x28, 0xCF, 0xDE, 0x52, 0x8E, 0x8E, 0xFC, 0xE3, 0xDC, 0x1E, 0x45, 0xC7, 0xBB, 0x92, 0x56, 0x4A,
    0xDE, 0xFC, 0xE6, 0x86, 0x04, 0xC5, 0x3B, 0x2F, 0xDC, 0xB0, 0x1E, 0xC2, 0xA4, 0x87, 0xB0, 0xCD,
    0x0D, 0xDB, 0xB2, 0x07, 0xA9, 0x5D, 0xEE, 0xC9, 0xAD, 0x13, 0x4C, 0x3C, 0x42, 0x82, 0x1D, 0x48,
    0x04, 0xB2, 0x39, 0x47, 0xFF, 0x58, 0xEA, 0x61, 0x55, 0x6B, 0x43, 0xCA, 0x03, 0x6F, 0x09, 0x24,
    0xBD, 0xBD, 0x1A, 0xFA, 0xFF, 0x54, 0xA9, 0xCF, 0x42, 0x90, 0x06, 0xD1, 0xAA, 0xD8, 0xB7, 0xD5,
    0xD2, 0x73, 0x94, 0x82, 0xC4, 0x2A, 0x59, 0x22, 0x89, 0xB1, 0x25, 0x35, 0x3B, 0x6B, 0xD0, 0x1C,
    0x44, 0x38, 0x08, 0x15, 0xB7, 0x97, 0x83, 0xE7, 0x3A, 0x11, 0xB9, 0xE3, 0xF3, 0xC0, 0xC6, 0x43,
    0x12, 0x12, 0x36, 0xE9, 0x99, 0xCC, 0x65, 0xC7, 0xF0, 0x87, 0xF4, 0x52, 0x02, 0x4C, 0xDC, 0x02,
    0x63, 0xF3, 0x51, 0x5F, 0x31, 0xD9, 0x98, 0x4D, 0xE4, 0xC9, 0x7F, 0x20, 0x22, 0x55, 0x64, 0x69,
    0xA6, 0x06, 0xAD, 0xF5, 0x1A, 0xBF, 0xF6, 0x91, 0xA4, 0xAE, 0xBA, 0xF2, 0x5E, 0xED, 0xA0, 0x8E,
    0x94, 0x0F, 0xC1, 0x48, 0xB0, 0x8D, 0xAC, 0xD0, 0xE6, 0x83, 0xFE, 0x1D, 0x8E, 0x5E, 0x3C, 0x0E,
    0xE9, 0xE0, 0x6F, 0xB2, 0x15, 0xCC, 0x25, 0x9D, 0x4A, 0x5B, 0x1C, 0x6F, 0x0A, 0xC1, 0x0E, 0xC9,
    0x9F, 0x7A, 0xE3, 0x10, 0xA9, 0xDC, 0x36, 0x3B, 0x3C, 0x41, 0xB6, 0xFD, 0xA1, 0x12, 0x65, 0x90,
    0x82, 0x58, 0x54, 0xC1, 0x6F, 0x94, 0xA7, 0x69, 0xE3, 0xD5, 0x6B, 0x49, 0xE6, 0x9A, 0x34, 0x5B,
    0x56, 0xF6, 0x4D, 0xAF, 0x20, 0xA8, 0xB1, 0x19, 0x6C, 0x71, 0xFB, 0x00, 0x84, 0xA4, 0xD8, 0x28,
    0x93, 0xAC, 0xF6, 0x39, 0xBB, 0x51, 0x76, 0x5D, 0xF5, 0x2A, 0xD9, 0x0E, 0x51, 0x46, 0x9F, 0x3B,
    0x0F, 0xE4, 0xDE, 0xA9, 0xC0, 0x9E, 0x7B, 0xEC, 0x00, 0xE2, 0xE1, 0x10, 0x20, 0x38, 0x05, 0x90,
    0x8E, 0x29, 0xD6, 0x98, 0x67, 0x8F, 0xFF, 0x01, 0x75, 0x52, 0x01, 0x84, 0x24, 0x47, 0x14, 0x7D,
    0x33, 0x9D, 0xDC, 0xB8, 0x2D, 0x37, 0xB5, 0x89, 0x13, 0x91, 0xDB, 0xD9, 0x5E, 0x1C, 0x22, 0xB9,
    0xDB, 0x6A, 0x4C, 0x62, 0xD0, 0xB3, 0x55, 0x02, 0x00, 0x22, 0x00, 0x90, 0x00, 0x00, 0x3B, 0xD8,
    0xB0, 0x98, 0x4D, 0x57, 0x02, 0xC1, 0x21, 0x73, 0x00, 0x40, 0x93, 0x00, 0xA0, 0x13, 0x8B, 0xC5,
    0xDD, 0xCC, 0x3F, 0x01, 0x80, 0x3A, 0x10, 0x10, 0xD7, 0x62, 0x01, 0xB8, 0x22, 0x1D, 0x19, 0xCC,
    0xA8, 0xFC, 0xEA, 0xDE, 0x59, 0x71, 0xDC, 0xFB, 0xBF, 0xCB, 0xAB, 0xFA, 0xF5, 0x9F, 0xF9, 0x6F,
    0xEA, 0x04, 0x29, 0x06, 0xD4, 0xAB, 0x93, 0x5A, 0x50, 0x8A, 0x1C, 0xBD, 0x06, 0xC9, 0x16, 0xF2,
    0x6B, 0xE4, 0x09, 0x49, 0x57, 0xE9, 0xE0, 0xC6, 0xCA, 0x86, 0x0D, 0x47, 0xF0, 0x9C, 0xE6, 0xDD,
    0x7A, 0x58, 0x6C, 0xD2, 0xBA, 0x6A, 0xAA, 0xF2, 0xE3, 0x66, 0x5E, 0x4D, 0x96, 0x08, 0x34, 0x70,
    0x09, 0x29, 0x33, 0xC1, 0x7D, 0xA4, 0x34, 0xAE, 0xB2, 0x99, 0xF6, 0x29, 0x25, 0xBF, 0xD7, 0xF2,
    0x47, 0x3A, 0x94, 0x98, 0x3C, 0x6A, 0xA5, 0x24, 0x06, 0x9B, 0x28, 0xDE, 0x30, 0xFE, 0xF1, 0x5D,
    0xAC, 0xE7, 0x98, 0x1E, 0x43, 0x0A, 0x24, 0x5F, 0x50, 0x9F, 0x12, 0xF7, 0xFE, 0xF7, 0xB3, 0xA1,
    0xDE, 0x88, 0x46, 0x5C, 0xEB, 0xED, 0xA5, 0xF8, 0xB2, 0x37, 0x1C, 0xE5, 0xF3, 0x67, 0x6B, 0x75,
    0x92, 0xCF, 0x2F, 0xFD, 0xFA, 0xD9, 0x3C, 0x1F, 0x0D, 0x23, 0x3F, 0xAB, 0x2E, 0xA0, 0x20, 0x6C,
    0xDF, 0x0D, 0x9C, 0xB4, 0xC7, 0x38, 0x47, 0x42, 0x09, 0xAD, 0xA8, 0xE0, 0xD5, 0xC3, 0x23, 0xD8,
    0x60, 0x3C, 0x8A, 0xF5, 0x6A, 0x83, 0xFC, 0x26, 0x1E, 0x26, 0x2E, 0x21, 0x41, 0x05, 0xD6, 0x00,
    0xEE, 0x4E, 0xC7, 0xD9, 0xF4, 0x9E, 0x84, 0x44, 0xA0, 0x2E, 0x22, 0xBF, 0xCB, 0xDF, 0x8E, 0xF3,
    0xA4, 0x9E, 0x3B, 0xBA, 0x60, 0xDD, 0x02, 0xCD, 0x6D, 0xAC, 0x8C, 0x32, 0xB7, 0xC3, 0x0B, 0xAB,
    0xEB, 0xF1, 0x8C, 0x07, 0xAE, 0xF9, 0x87, 0xE4, 0x93, 0xD9, 0x1D, 0x48, 0x73, 0xC7, 0xA3, 0xF9,
    0xD4, 0x6B, 0xF7, 0x0E, 0x80, 0x43, 0x9C, 0xB7, 0x4D, 0xC1, 0x6A, 0xD3, 0x30, 0x42, 0x20, 0x4E,
    0x9F, 0xDC, 0x64, 0xC6, 0x9D, 0xA1, 0x96, 0x3F, 0xD1, 0x8D, 0x41, 0x5B, 0x36, 0x28, 0x26, 0x3B,
    0x25, 0xD3, 0xE8, 0xDA, 0xCE, 0xED, 0x9D, 0x21, 0xE9, 0xC2, 0xE9, 0x40, 0xD5, 0xA9, 0xE9, 0xFE,
    0x90, 0x2E, 0x3D, 0x27, 0x80, 0x8E, 0xA4, 0xAE, 0xD6, 0xC1, 0xCD, 0x94, 0x61, 0xDE, 0xE6, 0x6E,
    0x01, 0x70, 0x80, 0xAD, 0xA8, 0x0B, 0x33, 0x41, 0x84, 0x47, 0xDF, 0x21, 0x21, 0x0C, 0x2C, 0x04,
    0x20, 0x81, 0x11, 0x90, 0x03, 0x5C, 0xBC, 0x8C, 0xC5, 0x5E, 0x8D, 0x3E, 0xB5, 0x75, 0x13, 0x8B,
    0x43, 0xE0, 0x71, 0x5B, 0x3F, 0x8F, 0x45, 0x94, 0x57, 0x07, 0x07, 0x57, 0xE5, 0xA2, 0x67, 0xBB,
    0x39, 0xBA, 0xB1, 0x74, 0xF0, 0x9C, 0x19, 0xB2, 0x8E, 0x88, 0x27, 0x56, 0x85, 0x7A, 0x7C, 0x56,
    0x1D, 0x1D, 0xED, 0x1F, 0xD9, 0xC2, 0xA5, 0x46, 0xDB, 0x6F, 0x1D, 0x20, 0x8C, 0x36, 0x53, 0x56,
    0x93, 0x1C, 0x1A, 0x53, 0xBC, 0x31, 0xC0, 0x86, 0x8F, 0x24, 0xD8, 0x0F, 0x52, 0xC8, 0xE1, 0x71,
    0x3B, 0xF2, 0x05, 0x56, 0x6D, 0xCF, 0x23, 0xF4, 0xD6, 0xF8, 0xED, 0x6F, 0xFB, 0xEF, 0x1F, 0xF4,
    0xF3, 0x0F, 0x96, 0x3D, 0xFD, 0xAE, 0x33, 0xC2, 0x23, 0xEF, 0xF2, 0x0D, 0xC1, 0xDD, 0x63, 0x0B,
    0x36, 0x50, 0xD2, 0x06, 0x1E, 0x22, 0xF5, 0x51, 0xF5, 0xD7, 0xD7, 0xA6, 0x6F, 0x80, 0x0A, 0x68,
    0x80, 0x12, 0xB7, 0xDE, 0x31, 0x47, 0x13, 0xCF, 0x85, 0x21, 0xF5, 0x17, 0x4D, 0x56, 0x36, 0x3B,
    0x84, 0x7C, 0x4A, 0xDC, 0x32, 0x56, 0x60, 0x0C, 0xF6, 0x90, 0x06, 0x52, 0x81, 0x06, 0x02, 0x2D,
    0x24, 0x34, 0x49, 0xC4, 0x70, 0xCB, 0x74, 0xE9, 0xBA, 0x27, 0x26, 0x1A, 0xBD, 0x3D, 0x13, 0x5F,
    0xBD, 0x48, 0x5C, 0x9F, 0x80, 0xCF, 0xAC, 0x26, 0xF6, 0x80, 0xF6, 0xCD, 0x60, 0xD9, 0x2C, 0x07,
    0xED, 0x3D, 0xB7, 0x87, 0xE7, 0x29, 0x52, 0x65, 0x96, 0x9F, 0x93, 0xAB, 0x5C, 0x67, 0x2B, 0xBF,
    0x2E, 0x89, 0xD3, 0x45, 0xE1, 0x94, 0xFD, 0xC4, 0x02, 0xE9, 0x2B, 0x1A, 0x5F, 0x56, 0xD9, 0x6C,
    0xC6, 0x9E, 0xA6, 0x4F, 0xE8, 0x3E, 0x4E, 0x58, 0xE8, 0x03, 0xEA, 0x99, 0x33, 0x00, 0xA3, 0x63,
    0x00, 0x57, 0xB2, 0x86, 0xF0, 0xBD, 0x10, 0x82, 0xC1, 0x83, 0x70, 0x8D, 0xB7, 0x16, 0x98, 0x6C,
    0xFE, 0xFF, 0x89, 0xF0, 0x0B, 0x86, 0x3A, 0xB2, 0x19, 0x3E, 0x0A, 0x35, 0xF6, 0x42, 0x89, 0xF6,
    0xB6, 0xB8, 0xC6, 0x83, 0xBA, 0x55, 0x88, 0x5A, 0x8F, 0xB1, 0x83, 0x0B, 0x8C, 0x26, 0x2E, 0xEB,
    0x76, 0x8B, 0x08, 0x6D, 0xDE, 0x23, 0x50, 0x41, 0x2F, 0xE9, 0x39, 0x69, 0x3C, 0xA5, 0x40, 0x84,
    0x12, 0xCA, 0x1E, 0x21, 0x8B, 0x50, 0xB6, 0x2C, 0x29, 0xA3, 0xAC, 0x2C, 0x95, 0xA5, 0x16, 0x2F,
    0xE8, 0x82, 0x14, 0x4A, 0x10, 0xDA, 0x8B, 0x88, 0xE4, 0x84, 0xDB, 0x19, 0xBC, 0x4E, 0x29, 0x9E,
    0xBF, 0x36, 0x71, 0xDF, 0xE1, 0xD5, 0xA9, 0x79, 0xD9, 0xED, 0x76, 0xF8, 0xB3, 0x8E, 0x6B, 0xB6,
    0xCC, 0x18, 0xC7, 0xFB, 0xFB, 0xD9, 0x37, 0xE3, 0xC5, 0x87, 0x34, 0x34, 0x02, 0xD9, 0xE2, 0x9E,
    0x15, 0x18, 0xD9, 0xAC, 0xFC, 0x0F, 0xB5, 0x96, 0x31, 0x8C, 0xE4, 0x48, 0x15, 0x40, 0x5F, 0xD9,
    0xD2, 0x3A, 0xB0, 0x44, 0x25, 0x17, 0x20, 0xAD, 0x38, 0x13, 0x90, 0xB2, 0x4E, 0x09, 0xEC, 0x1E,
    0x67, 0x84, 0xE4, 0x19, 0x01, 0xF9, 0x26, 0x20, 0x2D, 0x92, 0x77, 0xA7, 0xC9, 0x93, 0x26, 0x17,
    0x22, 0x4F, 0x4F, 0x23, 0x31, 0x41, 0xAF, 0xA6, 0x8E, 0x3C, 0xF0, 0xE5, 0x89, 0x91, 0xC8, 0x55,
    0x48, 0xFF, 0xEE, 0x7C, 0xE0, 0x99, 0xCF, 0xAF, 0x6A, 0xDF, 0x6E, 0xB3, 0x73, 0x7B, 0x3B, 0xDC,
    0xEC, 0xB9, 0xFF, 0x7B, 0x3D, 0xAA, 0xAA, 0x5F, 0x53, 0x56, 0xF7, 0xFF, 0xEE, 0x3A, 0x50, 0xCE,
    0x10, 0xA1, 0xE3, 0x74, 0xA9, 0x46, 0x0B, 0x81, 0xF3, 0x50, 0x9D, 0x54, 0x67, 0x81, 0x7B, 0xB1,
    0xAD, 0xAF, 0x6B, 0xFC, 0x6F, 0x06, 0xF3, 0x63, 0x36, 0x51, 0xD5, 0x40, 0x16, 0x02, 0xDF, 0xAD,
    0x7F, 0xEB, 0x01, 0x54, 0x57, 0x58, 0x78, 0x05, 0x42, 0x93, 0xE4, 0x87, 0x73, 0xE5, 0xB1, 0x3C,
    0x7B, 0xB1, 0x26, 0x4D, 0xD0, 0x0C, 0xF4, 0x70, 0x85, 0x9B, 0xDE, 0x9C, 0x70, 0x56, 0x9D, 0x04,
    0xFE, 0xAF, 0xA0, 0xBD, 0x1B, 0x0A, 0xD5, 0xE0, 0x27, 0x37, 0xB4, 0x40, 0x67, 0xBC, 0x30, 0x84,
    0x7C, 0xA8, 0x8C, 0x00, 0xCB, 0xC6, 0xD1, 0xD8, 0x19, 0xED, 0x00, 0x7E, 0x76, 0xFB, 0xD2, 0x72,
    0x79, 0x7E, 0x37, 0x3C, 0xD1, 0xB9, 0xD5, 0xE5, 0x25, 0xBF, 0x5B, 0x72, 0xAE, 0xF9, 0x35, 0xD8,
    0x39, 0xEB, 0x3B, 0xB8, 0x99, 0xA8, 0x96, 0x9C, 0xDA, 0xE7, 0x18, 0x0F, 0x6E, 0x51, 0x9D, 0x2D,
    0x4B, 0xEE, 0x5D, 0x9F, 0x85, 0xAF, 0xA7, 0xCF, 0x02, 0x40, 0xF3, 0x80, 0x17, 0xF2, 0xA0, 0x57,
    0x2C, 0xA2, 0x4E, 0x77, 0xA7, 0x1B, 0x62, 0xB3, 0x30, 0x7E, 0xAF, 0x2F, 0x75, 0x9F, 0x2D, 0x79,
    0xE4, 0x35, 0xD1, 0xBC, 0xCB, 0x6E, 0x4E, 0x76, 0x27, 0xCF, 0x69, 0xBC, 0x9C, 0xCC, 0x47, 0x0D,
    0x69, 0xFD, 0x1D, 0x29, 0x57, 0xA8, 0x02, 0x3C, 0xC4, 0x6A, 0xD7, 0x3F, 0xB3, 0x75, 0x48, 0x23,
    0x4D, 0x48, 0x2E, 0xE7, 0x64, 0x17, 0xDF, 0x75, 0x1A, 0xDF, 0xD6, 0x9C, 0xD6, 0xEB, 0xC2, 0xC3,
    0xBE, 0x65, 0xD3, 0x87, 0xBF, 0x65, 0xF7, 0x55, 0x4D, 0xA4, 0x37, 0x7E, 0x06, 0xFC, 0x8A, 0xED,
    0xCA, 0xE9, 0x46, 0x6F, 0x5C, 0x23, 0x2E, 0x22, 0x65, 0x40, 0xEA, 0x3D, 0xD2, 0x80, 0xAE, 0x27,
    0xA4, 0x35, 0xD2, 0x3E, 0x55, 0xB0, 0xF9, 0x19, 0x21, 0x1A, 0xC7, 0x2D, 0xAF, 0x31, 0xFC, 0x9E,
    0x23, 0xD0, 0x1B, 0xDE, 0x28, 0xF7, 0x67, 0xFB, 0x97, 0xE9, 0x6E, 0x0D, 0x6F, 0x3C, 0x33, 0xFE,
    0x68, 0xFC, 0x2B, 0x8A, 0xFB, 0x22, 0x4A, 0xF9, 0x79, 0x94, 0xDA, 0x45, 0xF9, 0xD4, 0xE8, 0x8C,
    0xDF, 0x1B, 0xD1, 0xC5, 0xAF, 0x82, 0x8B, 0xFF, 0xD9, 0xBB, 0xA8, 0xB8, 0x78, 0x6B, 0xAC, 0x06,
    0xBF, 0x7D, 0x02, 0xC7, 0x06, 0x2E, 0x6E, 0xA1, 0x16, 0xB6, 0x2B, 0x7F, 0x15, 0x7B, 0x18, 0x4F,
    0x47, 0x74, 0xB1, 0x0E, 0xE5, 0x5C, 0x4E, 0x65, 0x28, 0x62, 0xBA, 0x09, 0x0F, 0xC7, 0x67, 0xD0,
    0x77, 0xD0, 0x8E, 0xE0, 0x05, 0xAA, 0x08, 0xE5, 0x04, 0x75, 0xC8, 0x95, 0xE7, 0x6F, 0x4F, 0xC3,
    0x42, 0x31, 0x3F, 0x06, 0x55, 0xCD, 0xD0, 0xC0, 0x39, 0x94, 0x01, 0xEA, 0x19, 0x7C, 0x84, 0x4F,
    0xAF, 0xA0, 0x7F, 0x01, 0x5D, 0x07, 0xD7, 0xCF, 0x20, 0x7A, 0xDC, 0xEC, 0x87, 0x62, 0xAA, 0x72,
    0xF5, 0x55, 0xAA, 0x53, 0xBA, 0x87, 0x06, 0xA2, 0xCD, 0x5E, 0x77, 0x30, 0x8E, 0xD0, 0x0B, 0xB4,
    0xAA, 0xAB, 0xC5, 0xBD, 0xD6, 0xB4, 0x57, 0x15, 0xE1, 0xB5, 0xB0, 0x13, 0x9A, 0x2D, 0xD2, 0xDF,
    0xB6, 0x58, 0x54, 0x07, 0xD5, 0xC3, 0x56, 0xF7, 0xAF, 0x8C, 0xD6, 0x68, 0xB6, 0xF7, 0x97, 0xA8,
    0xCE, 0x19, 0x4B, 0xDF, 0xC6, 0x7C, 0x62, 0x38, 0xD1, 0xE6, 0x1C, 0xD5, 0xC5, 0x38, 0xFC, 0xD0,
    0x8E, 0x74, 0xA9, 0xB7, 0x9B, 0x46, 0xFA, 0x07, 0xE9, 0x3A, 0x49, 0x92, 0xA2, 0xA9, 0x48, 0x2A,
    0x27, 0x53, 0x1D, 0x4C, 0x6A, 0x57, 0xCC, 0x12, 0x70, 0xEF, 0xEA, 0x11, 0xCD, 0xBD, 0xC9, 0x45,
    0x59, 0xEF, 0xAD, 0x28, 0xA7, 0x72, 0xAA, 0x42, 0xBD, 0x77, 0xD1, 0x4A, 0x13, 0xAE, 0xAB, 0xD0,
    0x41, 0x5F, 0x85, 0x2B, 0xF0, 0xD5, 0xE7, 0x11, 0x6A, 0xD5, 0xB0, 0x19, 0xFF, 0xEB, 0xBF, 0x47,
    0xD8, 0x55, 0x41, 0x60, 0xAC, 0xC2, 0x08, 0x4B, 0x15, 0x76, 0x14, 0x39, 0xF7, 0xB4, 0x8F, 0xCF,
    0x7B, 0xA6, 0xFD, 0x8B, 0xB8, 0x33, 0xB3, 0x3C, 0xD5, 0xFD, 0x8D, 0xCA, 0xCF, 0xDD, 0xFA, 0xA6,
    0x87, 0xE2, 0xA4, 0xD6, 0x83, 0xD7, 0x89, 0x34, 0xB8, 0x83, 0x86, 0x2D, 0x76, 0x07, 0x97, 0x3E,
    0x48, 0x6B, 0xAF, 0x1F, 0xAB, 0x8C, 0x8A, 0xF9, 0x05, 0xA8, 0xC0, 0xE5, 0xF4, 0xD1, 0x4B, 0x54,
    0xF0, 0xEF, 0xB4, 0x92, 0xE9, 0x7E, 0x2B, 0x69, 0xCE, 0x5A, 0x49, 0x31, 0x23, 0xF9, 0x75, 0x34,
    0x76, 0x6C, 0xAD, 0x24, 0x9C, 0x3D, 0xAD, 0xC6, 0xEF, 0x25, 0xBE, 0xC5, 0x25, 0x66, 0xC6, 0xD4,
    0xBE, 0x35, 0x30, 0xDE, 0x61, 0xEF, 0x50, 0x47, 0x93, 0xB7, 0x93, 0xD2, 0xC4, 0xAF, 0x03, 0x7D,
    0xFC, 0x6A, 0x32, 0x7D, 0x39, 0xF3, 0x87, 0x28, 0x31, 0xDD, 0xE2, 0x15, 0xFF, 0x88, 0xF2, 0xA2,
    0xB0, 0x1B, 0xED, 0xD2, 0x9D, 0xFE, 0xB2, 0xFA, 0x53, 0x14, 0x5F, 0x3B, 0x93, 0x37, 0xD5, 0x7F,
    0x31, 0x95, 0xEB, 0xB7, 0x72, 0x62, 0x22, 0x26, 0xBD, 0x1F, 0x55, 0xCD, 0x08, 0xEE, 0x83, 0xF0,
    0xFC, 0x1B, 0xCA, 0xFC, 0xC8, 0xAE, 0x62, 0x0B, 0x4B, 0x0F, 0xE3, 0x11, 0x76, 0x0B, 0xB4, 0x02,
    0xCD, 0x39, 0x69, 0x2C, 0xCD, 0x6D, 0xCD, 0x6E, 0x49, 0x39, 0x29, 0x37, 0xED, 0xA1, 0xAA, 0x53,
    0x42, 0x28, 0x1F, 0x85, 0xDE, 0x0D, 0xE9, 0xE4, 0x6E, 0x11, 0x46, 0xA1, 0xCF, 0xD1, 0x09, 0x47,
    0x79, 0x22, 0xE9, 0x3F, 0x7C, 0xF3, 0x81, 0x1F, 0x1E, 0xB3, 0xDB, 0xB7, 0x03, 0xF4, 0xC0, 0x68,
    0x2C, 0x86, 0xBC, 0xC3, 0x02, 0x6F, 0x9E, 0x14, 0x2D, 0xFF, 0xFB, 0xC3, 0x43, 0xED, 0x3D, 0x41,
    0x03, 0x8F, 0xE0, 0x63, 0x3D, 0x12, 0xB6, 0x9E, 0xF2, 0x5C, 0x0F, 0x54, 0xAA, 0x2B, 0xCD, 0x9F,
    0xE3, 0x25, 0x3B, 0x17, 0x7D, 0x38, 0xBA, 0x58, 0x86, 0xC5, 0x34, 0x49, 0xAA, 0xA8, 0xB7, 0xCA,
    0x63, 0x36, 0x5B, 0x85, 0xBC, 0xAE, 0xF9, 0xC2, 0x32, 0x72, 0x6E, 0xDE, 0x25, 0xEF, 0x97, 0xB5,
    0xCB, 0x27, 0x2B, 0xE6, 0x2A, 0x54, 0x76, 0x36, 0x3F, 0xE4, 0x76, 0x7F, 0xDC, 0x5A, 0x7D, 0x33,
    0x9F, 0x4E, 0xE2, 0x67, 0x78, 0x26, 0xA7, 0x6F, 0x84, 0xEC, 0x28, 0xE6, 0xD4, 0x45, 0xEA, 0xE0,
    0x87, 0x72, 0x6A, 0x71, 0xB1, 0x83, 0xE5, 0xD1, 0x9F, 0xF7, 0x76, 0x01, 0xCD, 0x39, 0x82, 0x1F,
    0xDE, 0xC7, 0x62, 0xBC, 0xA4, 0x1D, 0x2E, 0x54, 0x87, 0x4A, 0xFF, 0x3A, 0x80, 0x7F, 0x2F, 0x42,
    0x43, 0x31, 0xFF, 0x78, 0xD6, 0x74, 0x6D, 0x16, 0x7A, 0xFC, 0xF0, 0xE3, 0x59, 0xD3, 0xB5, 0x9E,
    0x0C, 0xC0, 0x78, 0xDF, 0x2A, 0x90, 0xE0, 0xBB, 0xB0, 0xE2, 0x3A, 0x3D, 0x6F, 0xDD, 0xB2, 0x75,
    0xB0, 0x7E, 0xA3, 0x33, 0xC6, 0x3C, 0x9E, 0xE6, 0x6D, 0x9D, 0x80, 0xFF, 0x80, 0x6C, 0x95, 0x49,
    0x67, 0x3F, 0x58, 0x9E, 0x89, 0x31, 0xA9, 0x7F, 0xA3, 0x2E, 0xE9, 0x68, 0x2A, 0x96, 0x6D, 0x5D,
    0xCE, 0x10, 0xB8, 0x1F, 0xB9, 0xEC, 0xE7, 0xFB, 0x65, 0x6F, 0xB9, 0x36, 0x6E, 0xB3, 0x4F, 0xF5,
    0xC0, 0x85, 0xAE, 0x7C, 0xC2, 0x25, 0xE0, 0xC3, 0xA9, 0x5C, 0x8A, 0x08, 0x2E, 0x16, 0xAA, 0x52,
    0x1A, 0x40, 0x22, 0x8F, 0xE5, 0xB9, 0xBC, 0xC6, 0x87, 0x5F, 0x70, 0x99, 0x73, 0xD3, 0x1E, 0x42,
    0x7D, 0x37, 0x98, 0x6F, 0x34, 0x62, 0x9B, 0xBB, 0x15, 0xA9, 0x66, 0x2E, 0x10, 0x1F, 0xF0, 0xE6,
    0x01, 0xBF, 0x97, 0x06, 0xEA, 0xA0, 0x0A, 0xD5, 0x66, 0x69, 0xCE, 0xEC, 0xD3, 0xEC, 0xB6, 0xB2,
    0xCE, 0x59, 0xE5, 0xCC, 0x0E, 0x71, 0x79, 0x37, 0x2E, 0x35, 0x6E, 0xFF, 0x85, 0x9B, 0xFC, 0x83,
    0x2A, 0x34, 0xFB, 0x2A, 0xB4, 0x96, 0xD9, 0x9F, 0xD1, 0x1A, 0x7E, 0xAA, 0x42, 0xEE, 0x3C, 0x97,
    0xC6, 0x31, 0x3D, 0xFF, 0x53, 0x2D, 0xA6, 0x0A, 0xAB, 0x42, 0xAA, 0xB4, 0x9D, 0x71, 0x34, 0x2A,
    0xDD, 0x5F, 0x68, 0xFC, 0x84, 0x05, 0x46, 0x8B, 0xE2, 0x66, 0x6D, 0x75, 0x7D, 0xC5, 0xB8, 0x30,
    0x4A, 0x8A, 0xF5, 0x58, 0xAE, 0x17, 0xDA, 0xD5, 0x4B, 0x07, 0xC0, 0xD3, 0x5B, 0x9C, 0xDE, 0x52,
    0x7F, 0x09, 0xCD, 0xD6, 0x0B, 0x3B, 0xE3, 0xEA, 0xE6, 0xC0, 0xDF, 0x74, 0x41, 0x79, 0xCD, 0x4A,
    0xCB, 0x42, 0xC3, 0x79, 0x55, 0x5D, 0xE1, 0x19, 0x69, 0xE8, 0xD8, 0xD1, 0x0E, 0x47, 0x6A, 0x8D,
    0x38, 0xDD, 0xA3, 0x9A, 0x3F, 0x9A, 0x22, 0x0A, 0x22, 0x44, 0xFB, 0x43, 0xF5, 0xFC, 0xC3, 0xB2,
    0x58, 0x54, 0x6D, 0x70, 0x9F, 0x63, 0x10, 0xF8, 0x60, 0xA4, 0xBB, 0xCE, 0x4C, 0xD5, 0x5B, 0xC2,
    0x5B, 0xF2, 0x6B, 0x5F, 0x05, 0x4F, 0x15, 0x7E, 0x62, 0xA8, 0xEA, 0x9A, 0x10, 0x18, 0xBF, 0x05,
    0xA0, 0xD0, 0xC1, 0xEB, 0xBC, 0x63, 0x19, 0x19, 0xAF, 0xE8, 0x54, 0x6F, 0x2D, 0x04, 0x2C, 0xAE,
    0xF3, 0x92, 0x8B, 0xE1, 0xA7, 0x5E, 0x17, 0xA7, 0xF3, 0x7F, 0x01, 0xAD, 0x97, 0x3F, 0x8C, 0x24,
    0xC5, 0x15, 0xC6, 0x7F, 0xDD, 0x85, 0x69, 0x8B, 0x0E, 0x8A, 0x10, 0x0B, 0xE9, 0xDA, 0x81, 0x13,
    0x4B, 0xDE, 0x99, 0x5C, 0xEA, 0xDA, 0x29, 0x4C, 0x40, 0x40, 0x60, 0x12, 0xE7, 0x79, 0x74, 0x09,
    0xC1, 0xC9, 0xEA, 0xD3, 0xB6, 0x21, 0x20, 0x84, 0x3C, 0x72, 0x1E, 0x21, 0xB4, 0xC1, 0x04, 0x03,
    0x53, 0xBA, 0xCB, 0xE5, 0x82, 0xCB, 0x45, 0x4B, 0x46, 0x72, 0x60, 0x09, 0x4A, 0xF6, 0xE3, 0xAE,
    0x31, 0x33, 0xFB, 0x5C, 0xD5, 0x37, 0x3A, 0xEE, 0x6E, 0x81, 0x35, 0xD8, 0xD5, 0xEF, 0xFB, 0xB6,
    0xDE, 0x5F, 0x3D, 0x4D, 0x75, 0x55, 0x6D, 0xAF, 0x71, 0x6C, 0xAD, 0x77, 0x55, 0x32, 0xC1, 0x99,
    0x50, 0x4F, 0xAE, 0x19, 0x11, 0x67, 0x61, 0x70, 0x67, 0xB0, 0xD6, 0x19, 0x36, 0x7A, 0x80, 0x9D,
    0x5B, 0x51, 0x25, 0x67, 0xBD, 0xC9, 0x21, 0xA1, 0xCD, 0xC1, 0x53, 0x4E, 0x23, 0x9D, 0xE3, 0xD8,
    0xBD, 0x7A, 0xE5, 0x37, 0x3A, 0xFD, 0xA6, 0x4E, 0x20, 0x90, 0x68, 0xA6, 0x56, 0x7D, 0xA3, 0x91,
    0x4A, 0x60, 0xC8, 0xF2, 0x56, 0x35, 0xEF, 0x35, 0xAD, 0xD5, 0x0B, 0x47, 0xA9, 0x8E, 0x62, 0x8E,
    0xD2, 0x7C, 0x2C, 0xD6, 0xC9, 0x99, 0x93, 0xDE, 0xC9, 0xA5, 0x93, 0xE4, 0x1E, 0x46, 0xF7, 0x6D,
    0x70, 0xEA, 0xDD, 0x15, 0xEE, 0x80, 0xB3, 0x75, 0x6C, 0xDF, 0x0D, 0x46, 0x47, 0x3E, 0x06, 0xF8,
    0xEF, 0x13, 0x85, 0x24, 0x26, 0x4A, 0x13, 0xC4, 0x22, 0x67, 0xC8, 0x80, 0x26, 0x74, 0x2E, 0x13,
    0x59, 0x23, 0x76, 0x2C, 0xAE, 0x3A, 0x09, 0x82, 0x6A, 0x5C, 0x20, 0xE6, 0x07, 0x51, 0xA5, 0xC7,
    0x30, 0x93, 0x89, 0x17, 0x31, 0xC3, 0x9B, 0x78, 0xA4, 0x3A, 0x28, 0x66, 0xC1, 0xB7, 0x63, 0xBB,
    0x7B, 0x14, 0xEC, 0xF0, 0x30, 0xDE, 0x1A, 0xBE, 0x9E, 0x7E, 0x37, 0x48, 0xEA, 0x07, 0x79, 0xFB,
    0xED, 0x41, 0xFA, 0x34, 0xC8, 0xD9, 0x34, 0x48, 0x17, 0x07, 0xB1, 0x61, 0x90, 0xD6, 0x0F, 0x82,
    0x7B, 0x4E, 0x54, 0x8F, 0x59, 0xAE, 0xDB, 0x2B, 0x1D, 0xB1, 0x2A, 0x6C, 0xD8, 0x31, 0x70, 0xCE,
    0x96, 0x0E, 0xC1, 0x16, 0xF8, 0x13, 0x16, 0x5B, 0xF1, 0x95, 0x98, 0x12, 0x5B, 0x72, 0x54, 0x0F,
    0x59, 0x84, 0xE1, 0x46, 0x49, 0xFB, 0xF1, 0x91, 0xCA, 0x15, 0x87, 0x03, 0x6E, 0x66, 0x2D, 0x74,
    0x4F, 0x64, 0x66, 0x95, 0x8D, 0xCA, 0x21, 0x07, 0xC8, 0x7E, 0x14, 0x78, 0x4E, 0xAA, 0xFD, 0xD4,
    0x6A, 0x5A, 0xFB, 0x97, 0x07, 0xD8, 0x3E, 0xE3, 0x2A, 0xEA, 0x00, 0x1B, 0xFF, 0xB2, 0xD5, 0x54,
    0xE9, 0xF4, 0xB8, 0x1F, 0x84, 0x1B, 0xA5, 0xC7, 0xC4, 0x15, 0x4D, 0xE8, 0xB0, 0xA3, 0xF5, 0x96,
    0x76, 0xEC, 0x30, 0xC1, 0x65, 0x6B, 0x4F, 0x95, 0xB6, 0x90, 0x04, 0x2E, 0x13, 0xDC, 0x9D, 0x60,
    0x13, 0xA0, 0xCB, 0xB0, 0x3E, 0x03, 0xB8, 0x05, 0x38, 0x60, 0x07, 0x9B, 0x94, 0x31, 0x02, 0x75,
    0xA6, 0x26, 0x5C, 0xC7, 0xFE, 0x8A, 0x46, 0x35, 0xAE, 0xDF, 0xBB, 0x37, 0xBB, 0x26, 0x0C, 0xBB,
    0x26, 0x9C, 0x4B, 0x13, 0xBA, 0xA7, 0x51, 0x6C, 0xC5, 0x57, 0x62, 0x72, 0xEC, 0x54, 0x72, 0x4E,
    0xF9, 0xD7, 0x70, 0x8E, 0xF5, 0xD6, 0xAF, 0x68, 0xC3, 0x80, 0x99, 0x04, 0x1E, 0x4E, 0x70, 0x11,
    0x60, 0xE3, 0x33, 0x46, 0xD8, 0x07, 0xAA, 0x7F, 0x26, 0x4C, 0x9C, 0x69, 0x47, 0x47, 0xC7, 0x1A,
    0x87, 0x1D, 0x85, 0x81, 0x9F, 0x02, 0x55, 0x0D, 0x19, 0xCF, 0x35, 0x00, 0xCF, 0xBD, 0x38, 0x33,
    0xEE, 0x63, 0xEE, 0x6E, 0xF4, 0xD8, 0x5E, 0xDD, 0x05, 0xF7, 0xB4, 0x08, 0x82, 0xFC, 0x4C, 0xD2,
    0x3C, 0x16, 0x2A, 0x6A, 0x95, 0xF8, 0xDF, 0x59, 0xCB, 0xF0, 0x8F, 0x19, 0xC0, 0x5E, 0x63, 0xD8,
    0x0B, 0x5C, 0x64, 0xF0, 0x34, 0xF4, 0x8A, 0xD3, 0x9E, 0x4D, 0x08, 0x05, 0xE5, 0x49, 0x45, 0x2F,
    0xF6, 0xE2, 0x17, 0x18, 0x9E, 0x87, 0x5E, 0x65, 0x68, 0x1C, 0x72, 0x58, 0xD6, 0x0B, 0x24, 0x23,
    0x15, 0x7D, 0xB1, 0x17, 0xBF, 0xC0, 0xD3, 0x92, 0x4D, 0xD9, 0x93, 0x03, 0x84, 0x2C, 0x52, 0xD8,
    0xA4, 0x6C, 0xC9, 0xF6, 0xDB, 0x33, 0x7B, 0xCD, 0x2F, 0x79, 0xC0, 0x4C, 0x54, 0x09, 0xD2, 0x5A,
    0x25, 0x0B, 0xA4, 0xA2, 0x9A, 0xC9, 0xDB, 0xA0, 0xEA, 0x2F, 0x66, 0x84, 0x7D, 0x44, 0x1A, 0x3D,
    0x20, 0x76, 0xDC, 0x20, 0x2B, 0xAC, 0x17, 0x47, 0x3B, 0x4A, 0x4F, 0x13, 0xB2, 0xF9, 0x44, 0x8B,
    0xFA, 0xD8, 0xB1, 0xC6, 0xFA, 0x12, 0x7C, 0x4A, 0x2B, 0x05, 0x6A, 0x55, 0xAB, 0xBA, 0xA6, 0x73,
    0x8B, 0x9C, 0xD3, 0xAD, 0x7D, 0xD7, 0xAA, 0x56, 0x59, 0x52, 0x67, 0x62, 0x67, 0xC7, 0x2E, 0x7B,
    0xEF, 0xD2, 0x99, 0x09, 0x04, 0x7A, 0xB8, 0x05, 0xCB, 0xA8, 0xD5, 0x5B, 0x9D, 0xCE, 0x99, 0x07,
    0x86, 0x4B, 0xFA, 0xD3, 0x91, 0xF3, 0xCC, 0x6E, 0x7D, 0xC5, 0xEA, 0x5C, 0xE9, 0x64, 0xDE, 0x09,
    0xCD, 0xFD, 0x68, 0xDE, 0x19, 0x9F, 0xCB, 0xDA, 0xFE, 0x68, 0x96, 0xF5, 0xA0, 0x1A, 0x16, 0x94,
    0xF9, 0x82, 0x37, 0x67, 0xEC, 0x5E, 0xBD, 0x4D, 0x36, 0xD8, 0xD0, 0x04, 0x3B, 0x9A, 0x68, 0xFD,
    0xCD, 0x80, 0x27, 0x08, 0xD0, 0x06, 0x8C, 0x8E, 0xD4, 0x47, 0xF8, 0x15, 0xDC, 0x05, 0xA1, 0x8E,
    0x54, 0x1E, 0x40, 0x75, 0x54, 0xF5, 0x02, 0x37, 0xCA, 0xF5, 0xD3, 0x4A, 0x35, 0x64, 0xB9, 0x7E,
    0x5A, 0xB5, 0x3A, 0x6E, 0x34, 0x1E, 0xAA, 0x51, 0x60, 0x86, 0x0B, 0x4F, 0x37, 0xE7, 0xF4, 0x91,
    0x76, 0xA2, 0x2E, 0x0B, 0xFB, 0x81, 0x99, 0x72, 0xE2, 0xED, 0x2B, 0x3E, 0x94, 0x0F, 0x91, 0x67,
    0xC6, 0x47, 0xE1, 0x51, 0xFC, 0x28, 0x40, 0xF7, 0x23, 0x0F, 0x39, 0x29, 0x03, 0xE4, 0xA6, 0xA7,
    0x4A, 0xFB, 0xE9, 0x62, 0x2C, 0x8D, 0xC2, 0x89, 0xA5, 0xB9, 0xCE, 0xFA, 0xC5, 0xC2, 0xBA, 0x58,
    0xBA, 0xB1, 0x70, 0x1B, 0xAA, 0xD4, 0x84, 0x66, 0xE1, 0x36, 0x98, 0xA9, 0xD8, 0x2F, 0x42, 0x89,
    0xB9, 0xF0, 0x8D, 0x0A, 0xC2, 0xC0, 0x0F, 0x93, 0xE6, 0x31, 0x16, 0x4A, 0x45, 0x3D, 0x14, 0x1A,
    0x9E, 0xD0, 0x2C, 0x5C, 0x68, 0x2A, 0x34, 0x5A, 0x0F, 0xD7, 0xD6, 0xFD, 0xE7, 0xAE, 0xF9, 0x8B,
    0x9E, 0xCE, 0xE3, 0xE0, 0x12, 0xDE, 0x02, 0x58, 0x76, 0xDA, 0x74, 0xBA, 0xC1, 0x57, 0x3F, 0x72,
    0x83, 0xCF, 0xF5, 0x48, 0xFD, 0xE4, 0x85, 0xFF, 0xE5, 0x4F, 0xFB, 0x3F, 0xA1, 0x3E, 0xDD, 0x2C,
    0xEC, 0x13, 0xAC, 0x47, 0x80, 0xFF, 0xFB, 0x2D, 0x24, 0xC8, 0x8D, 0xA2, 0x5A, 0x04, 0xE1, 0x24,
    0x7F, 0x41, 0xE8, 0x30, 0xF1, 0xC4, 0x58, 0x4C, 0x98, 0xB1, 0xDE, 0x84, 0xDD, 0xC2, 0x03, 0x76,
    0x6C, 0x42, 0x4F, 0x17, 0x9A, 0xE0, 0x58, 0x87, 0x76, 0x5C, 0xB1, 0x89, 0xD6, 0x77, 0xFC, 0x69,
    0xB2, 0x58, 0xFF, 0x75, 0xEA, 0x68, 0xC7, 0x94, 0x56, 0x34, 0xF7, 0xA6, 0xAD, 0xC3, 0xFC, 0x2D,
    0xF6, 0x3D, 0xD5, 0xBF, 0x82, 0xDB, 0x82, 0x8E, 0x5D, 0x82, 0x0B, 0x6C, 0xE9, 0x9F, 0x26, 0x20,
    0x08, 0xC3, 0x77, 0xB4, 0x25, 0x3F, 0x03, 0x3B, 0xE6, 0x9E, 0x01, 0x71, 0x1C, 0xAB, 0xB4, 0xAA,
    0xAE, 0xEA, 0xA9, 0x33, 0x9F, 0x9B, 0x68, 0xDF, 0x78, 0xFF, 0x8D, 0xD0, 0xFC, 0xB5, 0x79, 0xDF,
    0x9B, 0x2F, 0xCD, 0xE7, 0x54, 0x87, 0xB2, 0x35, 0x67, 0x66, 0xAA, 0xC4, 0x02, 0xD5, 0x43, 0xC1,
    0x49, 0x3F, 0x41, 0xFF, 0x9D, 0xA1, 0x53, 0x95, 0xEA, 0x39, 0xEB, 0x43, 0x46, 0x9F, 0xE1, 0x4E,
    0x7F, 0x77, 0xC5, 0xBE, 0xF8, 0xF5, 0xCA, 0xD7, 0xE3, 0x77, 0x27, 0x80, 0x6A, 0x28, 0x28, 0xF3,
    0x67, 0x91, 0xE3, 0x4C, 0x8E, 0x37, 0xB1, 0x4E, 0x59, 0x97, 0x05, 0x65, 0xAE, 0x1A, 0xB3, 0x0F,
    0xA1, 0xDA, 0x7F, 0x21, 0x74, 0x7A, 0x14, 0x2E, 0xFC, 0x2B, 0xC2, 0x0C, 0x52, 0x27, 0x4A, 0x54,
    0xA1, 0x00, 0x9A, 0x47, 0x58, 0x48, 0x9A, 0x70, 0xB2, 0x9D, 0xBC, 0x13, 0xA7, 0x60, 0x0E, 0x50,
    0x0A, 0xBC, 0x50, 0x4A, 0x1D, 0x84, 0x5A, 0x67, 0x61, 0x7D, 0x94, 0x4A, 0x8F, 0x39, 0xEA, 0x05,
    0x69, 0x47, 0xC4, 0x7A, 0xA4, 0x5B, 0xCA, 0xCD, 0x19, 0x52, 0xE6, 0x62, 0x0B, 0x46, 0xA4, 0x99,
    0x7E, 0x21, 0xB5, 0x5E, 0x09, 0xEB, 0x6F, 0xA8, 0x66, 0xA0, 0x3E, 0x00, 0xE6, 0x08, 0xB4, 0x9F,
    0x03, 0xF6, 0x0F, 0x1E, 0xBA, 0x76, 0x84, 0x55, 0xE9, 0xA1, 0x37, 0x13, 0xEC, 0x35, 0x81, 0xAA,
    0x50, 0x25, 0xD9, 0x61, 0x26, 0x19, 0x30, 0x41, 0xCE, 0x69, 0x83, 0x74, 0x58, 0x2F, 0x65, 0x91,
    0xA5, 0x0D, 0xAE, 0x74, 0x3C, 0x20, 0xF5, 0x44, 0x9B, 0xC0, 0x0A, 0x74, 0x77, 0xC0, 0xF5, 0xD0,
    0xAF, 0x60, 0xBB, 0xB4, 0xE4, 0x2B, 0xD5, 0xD1, 0x3C, 0x78, 0x10, 0xCC, 0xFD, 0xCF, 0xA6, 0xF6,
    0xDD, 0x4F, 0x93, 0x35, 0x51, 0x3A, 0x13, 0x07, 0x67, 0x62, 0x2F, 0x34, 0x13, 0xC8, 0x92, 0x2E,
    0xD8, 0xCB, 0xC2, 0xAB, 0xBE, 0x70, 0xEF, 0x0A, 0xDF, 0xB9, 0x55, 0x58, 0xEC, 0xE9, 0x44, 0x58,
    0x38, 0x20, 0xE6, 0xFE, 0x83, 0x88, 0x34, 0xF7, 0x3F, 0x4D, 0x88, 0x7D, 0x3D, 0x16, 0x36, 0x71,
    0x8B, 0xAC, 0x72, 0x59, 0x24, 0x17, 0x76, 0xC8, 0x60, 0xE2, 0x1A, 0xD9, 0x9A, 0x68, 0x91, 0x94,
    0x79, 0x14, 0xF6, 0x20, 0xA8, 0x47, 0xAA, 0x47, 0x23, 0x52, 0x3F, 0x28, 0x95, 0xEE, 0x4D, 0x48,
    0xF3, 0xE7, 0x54, 0x2A, 0x4B, 0xA1, 0x19, 0x59, 0xB9, 0x1E, 0xE9, 0x5D, 0xD9, 0xF0, 0xAE, 0x43,
    0x2E, 0x9D, 0xF5, 0x92, 0x5C, 0x13, 0x1E, 0x4E, 0xCE, 0x04, 0xAB, 0xAA, 0x2C, 0x64, 0x22, 0x65,
    0x33, 0x22, 0x30, 0x98, 0x78, 0xFA, 0x0D, 0xDB, 0x2F, 0x81, 0xDB, 0xFA, 0x01, 0x55, 0xA9, 0x67,
    0x26, 0xD9, 0xD1, 0x06, 0x59, 0x61, 0xC7, 0xD3, 0x2F, 0x47, 0x87, 0x58, 0xBF, 0x42, 0xDA, 0xD1,
    0x21, 0x65, 0xFF, 0x88, 0x09, 0xBB, 0x4C, 0xD1, 0xAA, 0xA6, 0x02, 0x13, 0x4C, 0x20, 0x59, 0xCF,
    0x70, 0x06, 0xEB, 0x2D, 0xA8, 0x7A, 0xF3, 0xF7, 0x7F, 0x84, 0xF6, 0xDD, 0xCF, 0x26, 0x6B, 0x62,
    0xB9, 0x66, 0x2F, 0xCF, 0x4C, 0xBC, 0xD3, 0x9B, 0xD8, 0xDF, 0x31, 0xF1, 0x4C, 0x96, 0x6E, 0x4E,
    0xBC, 0x34, 0x25, 0x4B, 0x57, 0xB2, 0xB4, 0x25, 0xAC, 0xDB, 0x11, 0xA1, 0xFD, 0x0A, 0x34, 0x8F,
    0x0F, 0x16, 0x9E, 0x91, 0x65, 0x55, 0xA5, 0x29, 0xCD, 0x49, 0xE9, 0x2E, 0xF3, 0x22, 0x4B, 0x7F,
    0xC5, 0xD8, 0x8C, 0xB2, 0x2C, 0xB0, 0xF4, 0x0B, 0x2F, 0xEB, 0x2C, 0x1B, 0xD5, 0xF0, 0x98, 0x2C,
    0xB6, 0xD8, 0x1D, 0x52, 0x0E, 0x24, 0xE1, 0x93, 0x44, 0x29, 0x9C, 0xE9, 0x2B, 0x45, 0x3A, 0xFB,
    0xE6, 0x28, 0xBD, 0x7D, 0x3D, 0xE7, 0xD9, 0xDF, 0x47, 0xB9, 0xB4, 0xAF, 0x4D, 0x92, 0xAC, 0x4F,
    0x5F, 0x4F, 0xD6, 0x5F, 0x5A, 0x76, 0x98, 0x7B, 0x07, 0xAA, 0x6F, 0x03, 0xEC, 0x3D, 0x9D, 0x0A,
    0xFB, 0x3F, 0x5E, 0xF1, 0x6B, 0xD6, 0x80, 0xF5, 0x0B, 0xCA, 0xBC, 0xDA, 0x61, 0x35, 0x66, 0x4C,
    0x50, 0x1D, 0x80, 0xC5, 0xCF, 0x29, 0xE6, 0xA4, 0x7F, 0xC2, 0x4B, 0x3A, 0x97, 0xCB, 0x80, 0x12,
    0x21, 0xC0, 0x0C, 0x59, 0x57, 0x5E, 0x55, 0xF5, 0x00, 0xB7, 0x2A, 0x69, 0xDF, 0x13, 0xF3, 0x15,
    0x2F, 0x1E, 0xD9, 0x68, 0xFC, 0x6D, 0xF3, 0xDD, 0xF7, 0x61, 0xAD, 0xBE, 0x7E, 0xEA, 0xFB, 0x90,
    0x6A, 0x6E, 0x35, 0x5D, 0xA8, 0x9F, 0x41, 0x60, 0xF9, 0x56, 0x14, 0x58, 0x96, 0xC7, 0xDF, 0x4C,
    0xEC, 0x4C, 0xEC, 0xB8, 0x6B, 0xE2, 0x39, 0xEB, 0xD7, 0x3F, 0x3D, 0xD0, 0xAA, 0x26, 0xAA, 0xBD,
    0x7A, 0x30, 0x91, 0xEF, 0xA7, 0x97, 0x00, 0xEB, 0xAF, 0xA1, 0x2C, 0xC2, 0x09, 0xDB, 0x8C, 0x5D,
    0xC6, 0xF0, 0x1C, 0x76, 0xB3, 0xF5, 0xF3, 0xCE, 0xBE, 0x26, 0x1B, 0xFB, 0xE6, 0xD4, 0xA9, 0x8E,
    0xB5, 0x7E, 0x53, 0x72, 0xBF, 0x1F, 0xB7, 0xB3, 0xCF, 0xA8, 0x46, 0x6C, 0xAC, 0x85, 0x15, 0x0C,
    0xF4, 0x70, 0xC6, 0x16, 0x3A, 0x04, 0x2C, 0x9A, 0xC7, 0x42, 0xBE, 0xA8, 0x0B, 0x31, 0x17, 0xEF,
    0x0E, 0xD6, 0x38, 0x38, 0x67, 0x4D, 0x56, 0x6C, 0x6C, 0x64, 0x29, 0xB5, 0x14, 0xE5, 0xD9, 0x6F,
    0xC4, 0x15, 0x5B, 0x2C, 0x92, 0x51, 0x0A, 0x15, 0x08, 0xB6, 0xD8, 0x8A, 0xEF, 0x99, 0x6F, 0xC4,
    0xFF, 0x00, 0xB5, 0x94, 0x3F, 0xAC, 0x1C, 0x57, 0x15, 0x87, 0xBF, 0x99, 0x09, 0x1A, 0x39, 0x03,
    0x5C, 0x17, 0x11, 0x42, 0x0A, 0xF8, 0xBA, 0xA0, 0xA0, 0x70, 0x76, 0x29, 0x29, 0x66, 0xDE, 0xDE,
    0x90, 0x82, 0x82, 0xC2, 0x69, 0xA8, 0xDD, 0xD3, 0x38, 0x45, 0x0A, 0x0B, 0x8D, 0xF3, 0x26, 0x15,
    0x65, 0xD2, 0x57, 0xE9, 0x91, 0x20, 0x85, 0x05, 0xAF, 0x58, 0xFB, 0x5D, 0x82, 0x10, 0x65, 0x46,
    0xA4, 0xC7, 0x53, 0xA4, 0x86, 0x4B, 0x74, 0x9D, 0x9D, 0xC8, 0xFB, 0xF6, 0x70, 0x8E, 0x46, 0xB6,
    0x37, 0xCE, 0x73, 0x02, 0x48, 0xDC, 0x3D, 0xBF, 0xEF, 0xEC, 0xFD, 0x77, 0xEE, 0x79, 0xF7, 0x9E,
    0x7D, 0x3D, 0xF8, 0xD8, 0xC2, 0x69, 0x5C, 0xC1, 0x8C, 0x87, 0x84, 0x0B, 0xE5, 0x44, 0x33, 0x54,
    0x23, 0x75, 0xAC, 0x22, 0xD5, 0xD8, 0x0C, 0x94, 0x93, 0x0B, 0x90, 0x1C, 0x90, 0x3D, 0xB0, 0xED,
    0x80, 0xB6, 0x05, 0xBA, 0x1E, 0xB8, 0x76, 0x0F, 0x70, 0x09, 0x68, 0x0C, 0xF5, 0x04, 0x2D, 0x65,
    0xEA, 0xB4, 0xBB, 0xC2, 0xE1, 0xB8, 0x86, 0x0B, 0xAF, 0x69, 0xBC, 0x96, 0x2A, 0xF6, 0x1A, 0xF2,
    0x1E, 0x45, 0x4A, 0xF0, 0x2F, 0xD5, 0x1F, 0x26, 0x78, 0x27, 0xC2, 0x46, 0xB5, 0x1E, 0xA8, 0x3E,
    0x99, 0xA0, 0xB4, 0x49, 0xEE, 0xF5, 0xC0, 0x8D, 0x1F, 0x72, 0xD4, 0xFE, 0x7F, 0xF9, 0x7A, 0x37,
    0xD0, 0xFC, 0x26, 0x52, 0xFE, 0x69, 0x82, 0x0F, 0xDF, 0x66, 0x69, 0xFF, 0xFB, 0xDF, 0xC1, 0xE9,
    0x0C, 0x40, 0x25, 0x12, 0x00, 0xDC, 0xD8, 0x8C, 0x00, 0x1B, 0xDD, 0x01, 0xD0, 0xC3, 0xBC, 0xA5,
    0x89, 0x5B, 0xE8, 0x5B, 0x5C, 0x98, 0xA1, 0xB5, 0x33, 0xB2, 0x7A, 0xCF, 0xCA, 0x7C, 0xE7, 0x42,
    0x87, 0xF9, 0x66, 0x68, 0xB1, 0xF1, 0x2A, 0x9E, 0x31, 0x9B, 0x1F, 0x13, 0xB6, 0xCF, 0xCE, 0x6E,
    0x61, 0xE6, 0xB3, 0x69, 0x89, 0xFB, 0xC7, 0xB8, 0x9C, 0xB3, 0x89, 0xCB, 0xB9, 0x9B, 0xB0, 0xE4,
    0xE1, 0x59, 0xDA, 0x8A, 0xA5, 0x75, 0xCF, 0xAE, 0x13, 0xA0, 0xC8, 0x8B, 0x3F, 0x9D, 0x58, 0x7C,
    0x80, 0x42, 0x86, 0x35, 0x65, 0x72, 0x92, 0x1D, 0xD5, 0xB8, 0x61, 0xEB, 0x86, 0x3A, 0xF6, 0x9C,
    0xD4, 0xB1, 0x19, 0xCE, 0xF0, 0xD5, 0xE8, 0x42, 0xC6, 0x95, 0x93, 0x47, 0x5D, 0x48, 0x2B, 0xCC,
    0xE5, 0xD6, 0x1C, 0x77, 0x7A, 0x74, 0x09, 0xED, 0x3D, 0x74, 0x03, 0xAF, 0x25, 0x74, 0x3B, 0x7E,
    0x42, 0x83, 0xE1, 0x46, 0x0B, 0x4D, 0x1D, 0x01, 0x68, 0x06, 0x23, 0x2E, 0x00, 0x4F, 0xD3, 0xBC,
    0xBB, 0x74, 0xE6, 0xC5, 0x8D, 0x40, 0x99, 0x80, 0xE6, 0x0B, 0x40, 0x64, 0xA4, 0x16, 0x99, 0x71,
    0x7F, 0x4B, 0xF7, 0xD9, 0xC0, 0xDA, 0x96, 0xBB, 0x61, 0x0B, 0x4D, 0x9C, 0xA1, 0x8A, 0xF9, 0x09,
    0xC6, 0xA7, 0xB0, 0x89, 0x3A, 0xDA, 0x92, 0xD8, 0xD9, 0x62, 0xDB, 0x66, 0x01, 0x2E, 0x96, 0x50,
    0x16, 0x14, 0xEA, 0x2F, 0x9E, 0x1C, 0xE4, 0x03, 0x9C, 0x4F, 0x34, 0x72, 0x60, 0x7D, 0xEB, 0xD6,
    0xD0, 0x63, 0xF7, 0x5E, 0x4E, 0x99, 0x22, 0x1D, 0xCB, 0xC6, 0x3A, 0x8D, 0x6B, 0x6B, 0x6C, 0xAD,
    0xEE, 0x59, 0xF6, 0x72, 0x1F, 0xA0, 0xB4, 0xA0, 0x54, 0x1F, 0x89, 0xF1, 0x2F, 0xD7, 0x00, 0x9C,
    0x81, 0x3A, 0x18, 0x2B, 0x03, 0xDF, 0xE1, 0x69, 0x3B, 0x1F, 0x7C, 0xA6, 0x96, 0x74, 0x2A, 0xF8,
    0xE1, 0xEA, 0x75, 0x3F, 0x9C, 0x00, 0xF5, 0xD8, 0x83, 0x9E, 0xB3, 0x05, 0x8A, 0x34, 0x03, 0xA4,
    0x6C, 0xCC, 0x5F, 0xA6, 0x0B, 0xE8, 0xAC, 0x71, 0xAB, 0x2C, 0x52, 0xAF, 0xAC, 0xA6, 0x8D, 0xB2,
    0x8E, 0x3E, 0xAE, 0xE3, 0x7A, 0xA8, 0x45, 0x96, 0x1C, 0x4F, 0x3F, 0x5D, 0xAE, 0x92, 0xB5, 0x58,
    0x2D, 0x7D, 0x4F, 0x41, 0x0F, 0x70, 0xC3, 0xF0, 0x03, 0xC3, 0x5B, 0x1C, 0xB5, 0xF2, 0xA0, 0xA9,
    0x39, 0x41, 0xD2, 0x49, 0x41, 0xD8, 0xF6, 0x40, 0x77, 0x06, 0xAC, 0x32, 0xE0, 0x17, 0xD0, 0xB3,
    0xE0, 0x4C, 0xB1, 0xEA, 0x15, 0xDD, 0xA6, 0x10, 0xF6, 0x4E, 0x1E, 0x4A, 0x2A, 0x0F, 0xAF, 0xCB,
    0x80, 0x13, 0x01, 0xBB, 0x53, 0xA0, 0xAA, 0xAF, 0x70, 0xDC, 0xC8, 0x78, 0xAA, 0xF1, 0x09, 0x9D,
    0xBD, 0x98, 0xFD, 0x01, 0x71, 0x8B, 0xB1, 0xC7, 0x6A, 0xAF, 0xC5, 0xC7, 0x3A, 0x76, 0xAC, 0xB5,
    0x00, 0x57, 0x6C, 0x46, 0x17, 0x3C, 0xBF, 0x9E, 0x1C, 0x2E, 0x3C, 0x4A, 0x9E, 0x66, 0x48, 0x79,
    0x45, 0xFD, 0xD1, 0x74, 0xD6, 0x51, 0x7D, 0x32, 0xB6, 0x2D, 0xC5, 0x2E, 0x5A, 0x9E, 0x32, 0xF8,
    0x04, 0xA7, 0xB8, 0x09, 0x36, 0xD4, 0x11, 0x44, 0x12, 0x9C, 0xCB, 0x04, 0xD7, 0xAF, 0x87, 0x27,
    0xE7, 0x67, 0xFA, 0x67, 0x38, 0x43, 0x3F, 0x5B, 0xB6, 0xE4, 0x5E, 0x91, 0x5A, 0xF6, 0x45, 0x5A,
    0x15, 0x17, 0x5A, 0xEC, 0xD5, 0xDF, 0xAB, 0xE8, 0xEA, 0xF7, 0x9A, 0xA1, 0x79, 0xAF, 0xB9, 0x49,
    0xF5, 0x8F, 0xEA, 0x77, 0x94, 0xFB, 0x72, 0x0F, 0x33, 0x09, 0xFC, 0x61, 0x28, 0x44, 0xA6, 0x66,
    0x2A, 0x06, 0x1F, 0xE0, 0x04, 0xE8, 0x81, 0x33, 0x20, 0x3F, 0xA7, 0x19, 0xD8, 0x02, 0x1D, 0xB0,
    0x06, 0x2C, 0xBD, 0x52, 0xF6, 0xB0, 0x56, 0xD1, 0x5F, 0xAA, 0xE2, 0x7C, 0x72, 0x92, 0x36, 0xE1,
    0x6A, 0x8F, 0xC5, 0xCC, 0x47, 0xA6, 0xDD, 0x1E, 0x36, 0x01, 0x27, 0xB1, 0x90, 0x48, 0xFD, 0x15,
    0x7B, 0x5A, 0x6E, 0x37, 0x60, 0xBA, 0x03, 0x17, 0x09, 0xFC, 0x04, 0xD5, 0x0C, 0xCD, 0xEF, 0x03,
    0xAE, 0x1E, 0xDE, 0x7E, 0x0D, 0x36, 0x3A, 0x55, 0x67, 0x28, 0x0E, 0x50, 0x3D, 0x8C, 0x34, 0xAF,
    0x47, 0x1C, 0xF0, 0xF4, 0xC1, 0xCA, 0xE1, 0x57, 0xBF, 0x8D, 0x22, 0xF1, 0xD1, 0x2F, 0xB9, 0x8A,
    0xA6, 0x34, 0x9C, 0xCA, 0xF4, 0x20, 0xA4, 0x7E, 0x4E, 0xED, 0x4B, 0xDD, 0xE6, 0xBB, 0x77, 0x58,
    0x7F, 0x8A, 0xC8, 0x98, 0x5E, 0x1D, 0x81, 0xD3, 0x00, 0x00, 0x62, 0x1D, 0x28, 0xE2, 0x07, 0x1C,
    0xB5, 0x77, 0x00, 0x3F, 0x60, 0xF9, 0x72, 0x3A, 0x51, 0xBD, 0x1B, 0xE1, 0x83, 0xB7, 0x28, 0x08,
    0x10, 0xAE, 0xF2, 0x4D, 0xCD, 0x8F, 0xC6, 0x07, 0x6C, 0x32, 0x50, 0xCA, 0xF0, 0xD6, 0x8F, 0x81,
    0x4A, 0xF3, 0xFD, 0xA6, 0xF6, 0x00, 0x58, 0x0F, 0xBA, 0xC5, 0xCE, 0x4D, 0x54, 0x61, 0x84, 0xF1,
    0x27, 0x1C, 0xB5, 0xF5, 0x93, 0xBC, 0x23, 0x4B, 0xDE, 0x13, 0xC0, 0xB3, 0xAC, 0x6E, 0x2C, 0xAE,
    0x5D, 0xDC, 0x1D, 0xC3, 0x9B, 0xDC, 0x03, 0x48, 0x24, 0xBE, 0xB5, 0x0C, 0x9D, 0x42, 0xBB, 0xDC,
    0xEF, 0x4A, 0x5D, 0x84, 0x6F, 0xF3, 0xC2, 0xF6, 0xBE, 0xE1, 0x0A, 0x32, 0x00, 0x6E, 0xF4, 0x11,
    0x68, 0xF6, 0x85, 0xF5, 0xF8, 0x3E, 0x5F, 0xD7, 0xF4, 0xAC, 0x22, 0xC2, 0x1A, 0xCA, 0x09, 0x0E,
    0x40, 0xA2, 0x9A, 0x68, 0xB1, 0x0C, 0x14, 0x96, 0xE9, 0x92, 0x19, 0x7C, 0xB8, 0xB8, 0x09, 0x28,
    0xC3, 0x15, 0xCB, 0xA9, 0x63, 0x29, 0x3A, 0xBB, 0xFE, 0xA3, 0x96, 0x29, 0xB3, 0xA2, 0x36, 0x38,
    0xC3, 0xDA, 0xD0, 0x1A, 0x66, 0x45, 0x91, 0x14, 0xD5, 0xA8, 0x68, 0x06, 0x85, 0x47, 0xD1, 0x19,
    0x7A, 0x43, 0x52, 0x7C, 0x3E, 0x29, 0x1E, 0x47, 0x85, 0x04, 0xC5, 0x01, 0x64, 0xD8, 0x63, 0x1D,
    0x70, 0x00, 0xDE, 0x70, 0x62, 0xE8, 0x0C, 0x5B, 0xAE, 0xF0, 0x23, 0x1C, 0x67, 0xB8, 0x77, 0x33,
    0xB5, 0x24, 0x8A, 0xF3, 0x00, 0x40, 0xE6, 0x54, 0x25, 0xE4, 0x42, 0x55, 0x3D, 0x24, 0x37, 0xB7,
    0xC8, 0xCE, 0x93, 0x3B, 0xD5, 0x1D, 0x55, 0xF2, 0x7A, 0x9A, 0x67, 0x17, 0x3D, 0x12, 0x54, 0xF8,
    0x74, 0xA1, 0x02, 0x26, 0x28, 0x55, 0xD5, 0xA8, 0x8A, 0xD0, 0x44, 0x0F, 0x98, 0x44, 0x16, 0x79,
    0x8E, 0x24, 0x1F, 0xA8, 0x0E, 0x78, 0xD6, 0x83, 0xC7, 0xD6, 0x56, 0xA6, 0xD1, 0xFC, 0xD2, 0xD7,
    0x71, 0x9B, 0x97, 0x4F, 0x79, 0x19, 0x70, 0xC1, 0xF4, 0x2C, 0x96, 0x0B, 0x5F, 0x23, 0xF9, 0x42,
    0x25, 0x83, 0x0B, 0x4D, 0x74, 0xA1, 0x1A, 0x17, 0xE9, 0x77, 0x91, 0xE0, 0x64, 0x46, 0x0E, 0x41,
    0x24, 0xE5, 0x62, 0xCE, 0xF4, 0x99, 0xCE, 0xEC, 0x95, 0x36, 0xB7, 0xDB, 0xEC, 0xB3, 0xC8, 0x28,
    0x8F, 0x63, 0x26, 0x65, 0xDE, 0xCC, 0x70, 0x6C, 0xE9, 0x7C, 0xD8, 0x49, 0x3E, 0xB0, 0xDF, 0xD3,
    0xCD, 0xAC, 0x33, 0xFE, 0xA9, 0xCD, 0x57, 0x56, 0x7B, 0x77, 0x57, 0xEA, 0xFD, 0x4E, 0xC3, 0x9E,
    0x27, 0x7B, 0x3A, 0x5E, 0x39, 0xDE, 0x7B, 0x1C, 0x49, 0xC4, 0x2C, 0xC3, 0x7F, 0x65, 0xBC, 0x0C,
    0x2E, 0x2C, 0x26, 0x62, 0xF6, 0x9F, 0xEC, 0xF2, 0x22, 0x66, 0xF0, 0x9C, 0x89, 0x44, 0x35, 0x0F,
    0x97, 0x9B, 0x24, 0xB5, 0x2F, 0xAF, 0x37, 0xBB, 0x2C, 0xCE, 0xAC, 0xCA, 0x64, 0xB8, 0x54, 0x7A,
    0xD3, 0xCB, 0x7C, 0x71, 0x41, 0x66, 0xAD, 0x72, 0x21, 0x63, 0x55, 0x5C, 0xC7, 0x4C, 0xB5, 0x48,
    0xBF, 0x63, 0xC2, 0x0D, 0xE0, 0x29, 0x78, 0x87, 0x4A, 0x66, 0x4A, 0x79, 0x7F, 0x39, 0x97, 0xCC,
    0x33, 0x13, 0x3B, 0x30, 0xE4, 0x66, 0xCC, 0x55, 0xB2, 0x1F, 0x06, 0x6A, 0x59, 0x0D, 0xB5, 0x22,
    0x51, 0xA6, 0x97, 0xEA, 0xD1, 0xC9, 0x50, 0x5F, 0x70, 0xC2, 0xF2, 0xFE, 0x2E, 0x78, 0x6A, 0xF5,
    0x9D, 0x4E, 0xBA, 0x30, 0xC3, 0x99, 0xFB, 0x59, 0x82, 0xCE, 0xFD, 0xDC, 0x8E, 0xBC, 0x79, 0x13,
    0xA8, 0x3F, 0xBE, 0xCB, 0x93, 0x5F, 0x66, 0xF5, 0xCF, 0x2D, 0xD0, 0xBC, 0x77, 0x1B, 0x58, 0xBB,
    0x9B, 0x03, 0xF4, 0xEE, 0x8D, 0x11, 0xB2, 0x7B, 0x3D, 0x51, 0x4D, 0x2E, 0x9C, 0x61, 0x51, 0x3B,
    0x3C, 0x1A, 0x39, 0x77, 0xCA, 0x26, 0x03, 0xF0, 0x42, 0x7A, 0x3A, 0x66, 0xDD, 0xD5, 0x95, 0x93,
    0x46, 0xE8, 0xEA, 0x08, 0xB9, 0x73, 0x40, 0xDB, 0x75, 0x80, 0xEF, 0xCE, 0x80, 0xE6, 0x3C, 0x01,
    0xEE, 0x81, 0x71, 0xD5, 0xF5, 0xC0, 0xB6, 0x5B, 0x41, 0x91, 0x3A, 0x17, 0xA8, 0xC6, 0xAE, 0x8A,
    0xE8, 0xA9, 0x85, 0x84, 0x13, 0x3A, 0x96, 0x1F, 0xAB, 0x7B, 0x01, 0x5F, 0xE6, 0x55, 0x19, 0xCE,
    0x25, 0x5F, 0x2F, 0xF6, 0xD0, 0x99, 0xD1, 0x53, 0xCC, 0x8D, 0x8C, 0x4E, 0x26, 0x6C, 0xF0, 0xE4,
    0xE8, 0x0D, 0x4F, 0xDE, 0x2F, 0xF6, 0x22, 0xF9, 0xF6, 0x21, 0xF0, 0x53, 0xB8, 0x06, 0x0E, 0x7C,
    0x40, 0x60, 0x66, 0x7D, 0xE0, 0x5C, 0xE2, 0x9B, 0x55, 0xA2, 0x30, 0xC3, 0xEE, 0x36, 0x38, 0x19,
    0xA8, 0xA7, 0x65, 0x64, 0xA8, 0x27, 0x91, 0x78, 0xFB, 0x00, 0x09, 0x7A, 0x68, 0xA1, 0xA3, 0xDA,
    0x53, 0x4D, 0x64, 0xBC, 0xEA, 0xAE, 0x4A, 0x3F, 0xD6, 0x77, 0x03, 0x79, 0x03, 0x79, 0x0B, 0x9F,
    0x27, 0x90, 0x08, 0x8F, 0x27, 0x78, 0x94, 0x21, 0xDF, 0x55, 0xAD, 0x55, 0x4D, 0x24, 0x57, 0x89,
    0xCC, 0xAC, 0xDA, 0xA4, 0x8C, 0x4B, 0x50, 0x7C, 0x45, 0xB9, 0x9C, 0x72, 0x1D, 0xB3, 0x27, 0x77,
    0x64, 0xFB, 0xF7, 0xC7, 0xE3, 0x68, 0xF6, 0x28, 0x59, 0xF8, 0x7C, 0x42, 0x76, 0x21, 0x57, 0x17,
    0x56, 0x76, 0x74, 0xC7, 0x96, 0x71, 0x71, 0x29, 0x44, 0x5D, 0xF6, 0x59, 0x22, 0xEF, 0x46, 0xB2,
    0x04, 0xF2, 0x01, 0x1E, 0xCD, 0xF0, 0x38, 0x2D, 0xB2, 0xEF, 0x36, 0x96, 0x65, 0x20, 0x3F, 0x1E,
    0x75, 0x6D, 0x26, 0x73, 0x9F, 0x65, 0x6F, 0x13, 0x35, 0x81, 0xDD, 0x5F, 0xE3, 0xEE, 0x21, 0xBB,
    0x3D, 0xBB, 0x8C, 0x46, 0x59, 0x12, 0xD8, 0x25, 0x76, 0x33, 0xBB, 0x03, 0xBB, 0x8F, 0xC3, 0xEE,
    0xCF, 0x63, 0x2E, 0x92, 0x0B, 0xA8, 0xAA, 0x51, 0xF6, 0x4D, 0x94, 0xBD, 0xB3, 0x47, 0x54, 0x9D,
    0x61, 0xE5, 0xE4, 0x24, 0x2E, 0xD2, 0x82, 0xD4, 0x84, 0x55, 0xBD, 0x6A, 0xA5, 0xB2, 0x8F, 0x95,
    0x99, 0x15, 0x9C, 0xC5, 0x60, 0xAF, 0xC2, 0x24, 0x12, 0x4D, 0x2C, 0x7D, 0xAF, 0xEA, 0x96, 0xBD,
    0x6F, 0x4C, 0xB8, 0x5F, 0x0C, 0xB8, 0xDB, 0xE0, 0xB6, 0xAA, 0xFB, 0xAA, 0x5B, 0x01, 0x2B, 0xF3,
    0x25, 0xFE, 0x56, 0x75, 0xA2, 0x72, 0x83, 0x64, 0x7C, 0x50, 0x74, 0x90, 0x99, 0x15, 0xD5, 0xA4,
    0x70, 0x83, 0x62, 0x83, 0x62, 0xCB, 0xF2, 0x44, 0x48, 0x04, 0x76, 0x13, 0x90, 0x67, 0xC3, 0x5D,
    0x83, 0x0F, 0xCB, 0x43, 0x91, 0xCB, 0xA4, 0x60, 0x6F, 0xD8, 0x18, 0xDC, 0x70, 0x7E, 0x41, 0x7F,
    0x7A, 0x41, 0xA2, 0xAB, 0x46, 0xAC, 0x72, 0xAD, 0x86, 0xBB, 0x2D, 0x9C, 0x24, 0x55, 0x86, 0xAE,
    0x57, 0x79, 0x95, 0x06, 0xE8, 0x74, 0x7F, 0xC7, 0xAC, 0xEA, 0x32, 0x45, 0x7A, 0x91, 0x44, 0xC4,
    0xB4, 0xF4, 0x5F, 0x2C, 0x31, 0x01, 0xEE, 0x79, 0x65, 0x3C, 0x97, 0x49, 0x63, 0x9A, 0x2E, 0x9B,
    0x4B, 0xAA, 0x4B, 0x0B, 0xEF, 0xDF, 0xAD, 0x97, 0x31, 0x8C, 0xE4, 0x48, 0x15, 0x86, 0x3F, 0xBB,
    0xA4, 0x2D, 0x1D, 0x96, 0x28, 0x02, 0x52, 0xCE, 0x09, 0x01, 0x01, 0x33, 0xBE, 0x08, 0x11, 0xD8,
    0xED, 0x22, 0xDA, 0xF4, 0xF2, 0x88, 0x80, 0x88, 0x64, 0x12, 0x90, 0x16, 0xC9, 0x7B, 0x63, 0x2E,
    0x21, 0x20, 0xD9, 0x5C, 0x42, 0x22, 0x41, 0x22, 0xBC, 0x60, 0x24, 0x1C, 0xF4, 0xD0, 0x75, 0x4B,
    0x2E, 0x8A, 0x3C, 0x31, 0xE2, 0x72, 0x15, 0x50, 0xEC, 0xF8, 0xB4, 0xDD, 0xFD, 0x70, 0xB9, 0x67,
    0x76, 0x66, 0xA7, 0x67, 0x96, 0x3D, 0xEE, 0x3C, 0xFF, 0xF7, 0xA9, 0xA6, 0x5A, 0x7E, 0x7A, 0xAA,
    0x72, 0xBB, 0xD4, 0x91, 0x4C, 0xC2, 0x8D, 0x02, 0x0F, 0x49, 0x44, 0xAE, 0x15, 0xC9, 0xBE, 0x8A,
    0x4A, 0xB9, 0x86, 0xBB, 0x88, 0x48, 0xE2, 0x76, 0xEE, 0xF8, 0x73, 0xC7, 0xB5, 0x23, 0xFA, 0x7D,
    0x2C, 0x71, 0xB1, 0xD8, 0x34, 0x53, 0xFA, 0xE4, 0x3C, 0x24, 0x13, 0x17, 0x0F, 0x8B, 0xBB, 0x63,
    0x03, 0xB0, 0x5E, 0x3C, 0x01, 0xA9, 0x6D, 0xF8, 0x8E, 0x1E, 0x81, 0x56, 0x7A, 0xA0, 0xFC, 0x12,
    0x91, 0x2D, 0x07, 0x45, 0xBA, 0x07, 0x74, 0xBE, 0x4B, 0x12, 0x17, 0xE9, 0x74, 0x98, 0x45, 0x4C,
    0x1A, 0x92, 0xBA, 0x5B, 0x01, 0x07, 0xAD, 0x01, 0x26, 0xC8, 0xF2, 0x00, 0x4A, 0x3C, 0x64, 0x7B,
    0xCB, 0xF9, 0xF2, 0xCF, 0x2C, 0xE3, 0x81, 0x96, 0x72, 0xA4, 0x63, 0xB3, 0x65, 0x9D, 0xC5, 0x15,
    0x53, 0x1E, 0x4A, 0xA2, 0x1A, 0xCD, 0x2C, 0x6F, 0xEC, 0xAD, 0xA6, 0x34, 0xB7, 0xCE, 0x43, 0x45,
    0x43, 0x6C, 0xA8, 0xD8, 0xAE, 0x31, 0xBE, 0x8D, 0x28, 0x91, 0x11, 0xCE, 0x5E, 0x8B, 0x03, 0xCE,
    0xFA, 0x5C, 0xC0, 0xEC, 0x61, 0x95, 0x5D, 0xD2, 0x69, 0xB1, 0x83, 0xF9, 0xAD, 0x8B, 0x46, 0xB9,
    0x58, 0x2A, 0x9F, 0x48, 0xE3, 0xC1, 0x3C, 0x75, 0x5D, 0xF1, 0x57, 0xDB, 0xAA, 0x1D, 0x46, 0x24,
    0x64, 0x72, 0x16, 0xA8, 0xF6, 0x36, 0x17, 0xF1, 0xC5, 0x98, 0xF5, 0x95, 0x85, 0x06, 0xE8, 0x80,
    0x01, 0x88, 0xF7, 0x98, 0x80, 0x35, 0xD0, 0x00, 0x95, 0x05, 0x33, 0x92, 0xEE, 0x75, 0x9C, 0xED,
    0x2D, 0xDA, 0x42, 0xEE, 0x21, 0x0B, 0x90, 0xCF, 0x94, 0xE3, 0x4C, 0x4F, 0x26, 0x2F, 0x8C, 0xF8,
    0x16, 0xDB, 0xC1, 0x00, 0xF1, 0x4E, 0x06, 0xE8, 0xA0, 0xE5, 0x63, 0x23, 0x63, 0x2E, 0x3D, 0xBF,
    0x80, 0x13, 0x28, 0xA1, 0x82, 0x3D, 0x4C, 0x88, 0x88, 0x4B, 0x50, 0xC2, 0xFF, 0x47, 0x38, 0xC0,
    0x31, 0x22, 0xDB, 0x39, 0x44, 0xDE, 0x15, 0xB1, 0x29, 0xE6, 0xAD, 0xAC, 0xC9, 0x42, 0x83, 0xF2,
    0x15, 0xDA, 0x19, 0x6B, 0x6C, 0xE1, 0x2A, 0x94, 0x6F, 0xC8, 0xC2, 0x1A, 0x62, 0x80, 0x4F, 0x46,
    0x68, 0x1D, 0x94, 0x3D, 0x18, 0xFB, 0x28, 0x35, 0xCA, 0x9F, 0xA2, 0x5D, 0x49, 0xD1, 0x2F, 0x75,
    0xFA, 0x12, 0xE5, 0x56, 0x28, 0x5F, 0x93, 0x85, 0x01, 0x42, 0x84, 0x21, 0xC0, 0xF3, 0xEB, 0x7A,
    0x95, 0x7B, 0x67, 0xBD, 0x06, 0xBA, 0x12, 0xA2, 0xB1, 0x79, 0xD0, 0x4E, 0x79, 0x35, 0x16, 0x2E,
    0x0B, 0x06, 0xA6, 0x15, 0x74, 0x1D, 0xAC, 0x26, 0x28, 0xAF, 0x1F, 0x3F, 0xED, 0x50, 0x22, 0x2E,
    0x91, 0xC6, 0x77, 0x19, 0x28, 0xFA, 0x1A, 0x63, 0x1B, 0x0C, 0x25, 0xA7, 0x69, 0xB4, 0xCC, 0x68,
    0x37, 0xA0, 0x7C, 0x24, 0x0F, 0x01, 0xFE, 0x35, 0xC2, 0x9F, 0x1C, 0x9C, 0xCF, 0xB4, 0x3D, 0x54,
    0x60, 0x64, 0xCB, 0xB7, 0x36, 0x7F, 0x3C, 0xDA, 0x84, 0x39, 0x13, 0xA6, 0xCF, 0x02, 0x73, 0x4F,
    0x9E, 0x3C, 0x14, 0x3D, 0x4C, 0x25, 0x50, 0x37, 0xC0, 0xE9, 0x00, 0x98, 0x00, 0xE8, 0xF1, 0x66,
    0x54, 0x4E, 0x40, 0x5D, 0x03, 0x43, 0x05, 0x59, 0x30, 0x16, 0xE5, 0xB5, 0xA3, 0x70, 0x6A, 0xC4,
    0x80, 0xD8, 0x15, 0x6C, 0x2C, 0x60, 0x1E, 0x54, 0x47, 0x45, 0x45, 0x83, 0xE9, 0x27, 0xD4, 0xCB,
    0x40, 0xFE, 0x6F, 0x07, 0xD2, 0x43, 0x0B, 0x9C, 0x03, 0xAF, 0x1D, 0xEA, 0x1F, 0x1E, 0xFD, 0x79,
    0x58, 0x36, 0x74, 0x45, 0xEB, 0x3B, 0x4A, 0x0F, 0xEA, 0x08, 0x11, 0x71, 0x91, 0x83, 0x69, 0xE0,
    0x1B, 0x77, 0x9B, 0x6A, 0x5F, 0x1B, 0xD0, 0x8F, 0x5A, 0x24, 0x34, 0x2C, 0xCA, 0x02, 0x5F, 0x55,
    0x22, 0xE2, 0x17, 0x01, 0xEA, 0x31, 0x41, 0x44, 0xBB, 0x77, 0x31, 0xCD, 0x5C, 0x72, 0xE6, 0x5A,
    0x11, 0xF7, 0x64, 0xFF, 0xD4, 0x81, 0xBE, 0xCF, 0xEE, 0x00, 0xCD, 0x7D, 0x22, 0x0D, 0x0F, 0xF3,
    0x9C, 0xCB, 0x27, 0x3B, 0x5A, 0xB9, 0xA4, 0x98, 0xEE, 0xDE, 0xD2, 0xFA, 0x03, 0xEA, 0x88, 0x07,
    0xFB, 0xAB, 0x6F, 0x99, 0x66, 0x2E, 0xEB, 0x9B, 0x3E, 0x7F, 0xE3, 0xA8, 0xF5, 0x2D, 0xDC, 0x12,
    0x69, 0x6E, 0xF3, 0xD1, 0x21, 0xCF, 0x2F, 0x7F, 0xB4, 0x9B, 0x7B, 0x49, 0xAD, 0x7C, 0xB4, 0x84,
    0x94, 0x08, 0x3C, 0xC8, 0xD9, 0x17, 0x88, 0x08, 0x7B, 0x5B, 0xF6, 0x91, 0xE2, 0xB8, 0xAB, 0x23,
    0x78, 0x2B, 0x9B, 0x17, 0x57, 0x12, 0xF7, 0x6C, 0xB7, 0x74, 0x13, 0x4D, 0x7C, 0x3C, 0xB0, 0x99,
    0x40, 0x8B, 0xF4, 0x54, 0xBD, 0x1E, 0x0F, 0x3B, 0x3B, 0xC0, 0x14, 0x03, 0x74, 0x5F, 0x26, 0x6D,
    0x44, 0x64, 0x5B, 0x25, 0x65, 0x01, 0x60, 0x51, 0x04, 0x98, 0x00, 0x3A, 0x80, 0x16, 0xC0, 0xF8,
    0xEC, 0x33, 0x94, 0x48, 0x80, 0xB3, 0x7D, 0x4F, 0xB1, 0x87, 0x56, 0x3C, 0x53, 0x1E, 0x5E, 0x05,
    0x86, 0x2B, 0x4F, 0xB7, 0x54, 0x9A, 0xB9, 0x59, 0xF2, 0x7C, 0x84, 0xA5, 0xE8, 0x25, 0xDF, 0xA7,
    0x92, 0xC8, 0x13, 0x79, 0x01, 0xE7, 0x87, 0x8E, 0x2C, 0x65, 0x5F, 0x78, 0x56, 0xE4, 0x81, 0x35,
    0xC4, 0x9F, 0x45, 0x18, 0xDE, 0xA7, 0xAD, 0x35, 0xC0, 0x0A, 0xA0, 0xF4, 0xFC, 0x14, 0x7D, 0xE8,
    0x28, 0x55, 0xD6, 0x8E, 0x23, 0xE5, 0x3D, 0xE8, 0xA5, 0x55, 0x97, 0x4E, 0xC4, 0x3F, 0x04, 0xE2,
    0xAB, 0x91, 0x75, 0x6A, 0x77, 0x73, 0xB7, 0xDD, 0x91, 0xD4, 0x08, 0xEC, 0xF8, 0x2E, 0xAD, 0x44,
    0x0A, 0x19, 0x8F, 0xF7, 0xED, 0xF7, 0x48, 0x38, 0xF3, 0xC6, 0x3E, 0xFE, 0x77, 0xE6, 0x25, 0xC0,
    0xC7, 0x1F, 0x00, 0x5C, 0x9C, 0x00, 0x9C, 0x6F, 0x01, 0xCA, 0x91, 0xB7, 0xAE, 0x12, 0xED, 0xB2,
    0x50, 0xF4, 0xCB, 0x4B, 0xD7, 0x6B, 0x57, 0xF4, 0x59, 0xD0, 0xAE, 0x84, 0x41, 0xBB, 0x1A, 0x1A,
    0xED, 0x2E, 0xC0, 0xA4, 0x77, 0x0D, 0x85, 0x88, 0xBB, 0xB1, 0x79, 0xFA, 0x32, 0xC0, 0x4A, 0xBB,
    0x08, 0x9D, 0x76, 0x1D, 0x4C, 0xDA, 0xAD, 0xC8, 0x97, 0x7B, 0x0F, 0x75, 0xCC, 0x52, 0x33, 0xD5,
    0xCF, 0xC3, 0x6A, 0x36, 0x13, 0x85, 0x0D, 0xA0, 0x5F, 0x7A, 0x50, 0xE2, 0x80, 0x3F, 0x03, 0x00,
    0x15, 0x0D, 0x83, 0xB1, 0x4D, 0x16, 0x94, 0x6B, 0x94, 0xCB, 0xC7, 0x46, 0xF7, 0xC4, 0xC6, 0x40,
    0xD7, 0x9C, 0x40, 0x25, 0x13, 0xB4, 0xB2, 0x85, 0x75, 0x73, 0x4A, 0x16, 0x1A, 0x63, 0xD5, 0x38,
    0x77, 0x56, 0xB8, 0x46, 0x8D, 0xF3, 0x6D, 0x84, 0x15, 0x0D, 0xEB, 0x88, 0xE9, 0x23, 0x2B, 0x22,
    0x13, 0x51, 0x8D, 0x44, 0xD3, 0x13, 0x57, 0x10, 0x27, 0xB8, 0x1A, 0x41, 0xE4, 0xC5, 0xCC, 0x8E,
    0xC8, 0xC6, 0x46, 0x8C, 0x8B, 0x87, 0x13, 0x61, 0x8C, 0x64, 0xE1, 0x2E, 0x90, 0x8F, 0xA0, 0x3C,
    0x14, 0x0E, 0x2A, 0x9B, 0xC9, 0x0E, 0x36, 0x23, 0x31, 0x0F, 0x51, 0xBB, 0x58, 0x12, 0x6B, 0x62,
    0xE4, 0xCA, 0x23, 0x7B, 0x44, 0x5C, 0xD4, 0x21, 0xA6, 0x89, 0x21, 0xD2, 0x1D, 0x42, 0xCA, 0x00,
    0x31, 0x53, 0x41, 0x89, 0xCB, 0xF7, 0x50, 0xC9, 0xEE, 0x5A, 0x0D, 0x0D, 0xD4, 0x6F, 0xD4, 0x25,
    0x3D, 0x4B, 0x1A, 0x92, 0x2E, 0x92, 0x62, 0x52, 0xB8, 0x51, 0x96, 0x94, 0x8F, 0xB3, 0x94, 0x9F,
    0xA5, 0xDD, 0x2C, 0xB1, 0xB4, 0xE3, 0x0E, 0x5A, 0x0F, 0xA8, 0x37, 0x0F, 0x59, 0xD1, 0x03, 0xC6,
    0x02, 0x25, 0x88, 0xD8, 0x85, 0x60, 0x16, 0xB2, 0xC4, 0x68, 0x6C, 0x3E, 0xA3, 0xFC, 0x35, 0x2E,
    0x1D, 0xDD, 0x87, 0x27, 0x46, 0x30, 0xD3, 0x84, 0x89, 0x40, 0x38, 0x90, 0x5D, 0x2F, 0x83, 0x72,
    0x69, 0x59, 0x1E, 0x43, 0x44, 0x12, 0x69, 0xFC, 0x3F, 0x81, 0x7C, 0x46, 0x8D, 0x87, 0x76, 0xAB,
    0x3E, 0x93, 0x3D, 0x6C, 0xBE, 0x20, 0x52, 0xDE, 0x8B, 0x2C, 0xD7, 0xF1, 0x3C, 0x29, 0x15, 0xAC,
    0xB0, 0x6B, 0x24, 0xB2, 0x79, 0xB1, 0xD4, 0x5D, 0xF4, 0x8D, 0xFD, 0x40, 0x10, 0x9B, 0x04, 0x60,
    0x00, 0x4E, 0x01, 0x1A, 0x80, 0x0E, 0x60, 0x4B, 0xA4, 0x3C, 0xF0, 0xFE, 0xBF, 0x1C, 0x42, 0x02,
    0x18, 0xEF, 0x2E, 0x2B, 0x68, 0xF7, 0xF5, 0x0F, 0xAD, 0xF3, 0x6B, 0x3A, 0xEE, 0x13, 0x69, 0x8E,
    0xF2, 0xFC, 0xF2, 0xC9, 0xCD, 0x01, 0xC1, 0x12, 0xB5, 0x5B, 0xE2, 0xEF, 0x46, 0xA0, 0x08, 0x08,
    0x98, 0xC0, 0xEB, 0x3E, 0x75, 0x7E, 0xE5, 0x38, 0x09, 0xBC, 0xF2, 0x34, 0x81, 0xFF, 0x8C, 0xFC,
    0x32, 0x10, 0x03, 0xFF, 0x9C, 0x7D, 0xC1, 0xDF, 0x67, 0x3F, 0xCB, 0xFF, 0x36, 0xBB, 0x56, 0x9F,
    0xCF, 0x3E, 0xD1, 0xBF, 0x9E, 0x6D, 0x8A, 0x2C, 0xD9, 0x24, 0x17, 0xBF, 0x4B, 0x56, 0xDB, 0x5B,
    0x67, 0x71, 0x59, 0xE4, 0x90, 0x09, 0x00, 0x86, 0x37, 0xEB, 0x4C, 0xB3, 0x78, 0xBD, 0x78, 0xCB,
    0x0E, 0x15, 0x11, 0x74, 0x92, 0x89, 0xBC, 0xB6, 0xB3, 0xAE, 0xDC, 0xF7, 0x22, 0xAF, 0x5C, 0x1D,
    0xE7, 0x4E, 0x7E, 0x1C, 0x89, 0xE1, 0x62, 0xD6, 0x67, 0x61, 0xD6, 0xAF, 0xC6, 0x59, 0x2B, 0x3F,
    0xAB, 0x72, 0xB3, 0x4C, 0x2F, 0x7D, 0x34, 0x88, 0x05, 0xCC, 0x83, 0xDB, 0xF9, 0x5E, 0xAF, 0xD1,
    0x78, 0x0A, 0xE7, 0x3B, 0x28, 0x23, 0x6F, 0x2E, 0xE5, 0xA0, 0x18, 0xC1, 0x04, 0xF8, 0xF0, 0x02,
    0x9A, 0x67, 0x50, 0xD7, 0x30, 0x9C, 0x42, 0x30, 0x2C, 0x5F, 0x34, 0xAF, 0x7B, 0x25, 0xE2, 0xB4,
    0x88, 0x4F, 0x5F, 0xBF, 0x12, 0xC2, 0x29, 0x0C, 0x35, 0x74, 0x1D, 0x34, 0x11, 0xAA, 0xE2, 0x27,
    0x41, 0x89, 0x67, 0x63, 0x01, 0xE0, 0x89, 0xF4, 0xA5, 0x84, 0x0F, 0x98, 0xA0, 0x9B, 0x93, 0xFD,
    0x7C, 0x5D, 0xCA, 0xF6, 0x13, 0xBA, 0x89, 0x2E, 0xA6, 0x6C, 0xD7, 0x6A, 0xDB, 0x4A, 0x5D, 0x4C,
    0x35, 0x3F, 0xFC, 0x36, 0xD0, 0x94, 0xC0, 0x0F, 0xD2, 0xE8, 0xF6, 0xCA, 0x47, 0x40, 0x05, 0x40,
    0x4F, 0x80, 0xE9, 0x92, 0x1A, 0xE0, 0xE4, 0x43, 0xA0, 0x36, 0xC0, 0xB3, 0xC2, 0x42, 0x54, 0x0E,
    0xC2, 0xAC, 0x5C, 0x64, 0x3C, 0x9C, 0xA7, 0xDA, 0x11, 0x29, 0x2C, 0x1D, 0x06, 0x6A, 0x4A, 0x38,
    0xA5, 0x81, 0x92, 0x1A, 0x8C, 0x55, 0x9F, 0x3A, 0xFD, 0x17, 0x9F, 0x7F, 0xDA, 0x1F, 0x37, 0x9A,
    0x6F, 0xB6, 0xD5, 0x23, 0x8D, 0xFE, 0x17, 0xB5, 0x95, 0x01, 0xA4, 0x24, 0xC9, 0x19, 0xC7, 0x7F,
    0xDD, 0x15, 0xD7, 0x5C, 0xCB, 0x56, 0x00, 0xC7, 0x92, 0x86, 0xC5, 0x8A, 0xDD, 0x69, 0x80, 0x17,
    0xBA, 0x66, 0x5A, 0x82, 0x43, 0xE0, 0x00, 0x00, 0x87, 0x00, 0xB0, 0x70, 0x48, 0xE8, 0xBD, 0x69,
    0x01, 0x00, 0x0B, 0x00, 0x64, 0x01, 0x01, 0x72, 0x18, 0x0C, 0xE6, 0x4C, 0xED, 0x05, 0x00, 0xE9,
    0x13, 0x04, 0xA0, 0x8F, 0x10, 0x80, 0x8A, 0x94, 0x4B, 0xC7, 0xCD, 0x9B, 0x2F, 0xF5, 0xE9, 0x99,
    0xB7, 0x9D, 0xF7, 0xDC, 0xE6, 0x12, 0xB9, 0x9A, 0xFF, 0xFF, 0xDF, 0xD3, 0x3D, 0xF5, 0xD5, 0xFC,
    0xA6, 0x4C, 0x7F, 0x0D, 0x1B, 0x91, 0x11, 0xB6, 0x22, 0x03, 0xC4, 0x08, 0x64, 0x41, 0xD3, 0x0C,
    0x9A, 0x85, 0xD7, 0xB4, 0xAD, 0x66, 0x85, 0x88, 0xC7, 0xA1, 0xD9, 0x10, 0x81, 0xA3, 0x68, 0x8A,
    0x66, 0x3E, 0x12, 0xC1, 0x78, 0xCD, 0xB2, 0xD7, 0xB4, 0x68, 0xAE, 0x40, 0x64, 0x70, 0x9A, 0xE3,
    0x7B, 0xE7, 0x5C, 0xDA, 0x5A, 0xFE, 0x28, 0xE3, 0x0F, 0xF2, 0x73, 0x36, 0xC1, 0x44, 0x07, 0x91,
    0xE6, 0x3D, 0x11, 0xB9, 0xAD, 0x35, 0x3E, 0x25, 0xC2, 0xA4, 0x11, 0x99, 0x20, 0xE6, 0x27, 0x38,
    0x14, 0xBF, 0x6F, 0x3F, 0xD8, 0x88, 0x95, 0xA9, 0x9C, 0x32, 0x19, 0x57, 0xC6, 0x5B, 0xE9, 0xF3,
    0x5B, 0xE6, 0x21, 0x12, 0x92, 0x22, 0x2C, 0x25, 0x32, 0x88, 0x8C, 0x11, 0x1E, 0x6A, 0x9E, 0x6F,
    0x7F, 0x36, 0x16, 0xE2, 0xB3, 0x33, 0xF3, 0x48, 0x5C, 0x56, 0xC6, 0x75, 0x36, 0x75, 0x74, 0x3B,
    0x9A, 0x04, 0x92, 0x34, 0xCF, 0xDF, 0x43, 0x07, 0x9B, 0xF6, 0x03, 0x2B, 0xFA, 0xED, 0xEF, 0xCB,
    0x5F, 0x74, 0xC7, 0x78, 0x42, 0xE5, 0x21, 0x0F, 0x40, 0x04, 0x3A, 0xA0, 0x51, 0x8B, 0xD6, 0xCE,
    0xC5, 0x8D, 0x5A, 0xCB, 0x3B, 0x98, 0xD6, 0xE4, 0xA1, 0xEA, 0xCB, 0xA1, 0x10, 0x69, 0x39, 0x46,
    0x1E, 0x9F, 0xD9, 0xCA, 0xF0, 0x91, 0x2E, 0xB0, 0xD7, 0xD2, 0xBB, 0x2F, 0xD5, 0xB2, 0xEE, 0x90,
    0x0A, 0xD2, 0x7C, 0x19, 0xF2, 0x33, 0x8C, 0x37, 0x64, 0xA1, 0x43, 0x8F, 0xCB, 0xF1, 0xFF, 0x22,
    0x29, 0x4D, 0x6F, 0x3F, 0xF4, 0xEF, 0x9B, 0x1E, 0xA8, 0xFE, 0x03, 0xD5, 0xFE, 0x2D, 0x15, 0x37,
    0xCF, 0x00, 0x3A, 0x07, 0xF0, 0xF4, 0x29, 0x2C, 0x47, 0x85, 0xF1, 0x59, 0x28, 0x7B, 0xE3, 0xCD,
    0x90, 0x5E, 0xBE, 0xEC, 0xB3, 0x60, 0x7C, 0x05, 0x7B, 0xE3, 0x1B, 0x70, 0xC6, 0xEF, 0xC0, 0x9A,
    0x37, 0x01, 0x4A, 0x11, 0x7F, 0x4D, 0xFB, 0xF3, 0x2F, 0x02, 0xAC, 0x8D, 0x8F, 0xD0, 0x19, 0xAF,
    0xB4, 0xC6, 0x2B, 0xAF, 0xD6, 0xCE, 0xEB, 0x58, 0x5D, 0x73, 0xD0, 0xF5, 0xF3, 0xB0, 0x4E, 0xC9,
    0x44, 0xA9, 0xE8, 0xE9, 0x27, 0xC0, 0xFC, 0x23, 0x00, 0xC7, 0x8E, 0x50, 0xB1, 0x33, 0x43, 0xD9,
    0xEE, 0x8A, 0x54, 0xB2, 0xB3, 0x64, 0xE3, 0xEE, 0x39, 0xC4, 0x5D, 0x07, 0x1B, 0x09, 0x70, 0x94,
    0x09, 0xC2, 0xAE, 0xC1, 0x8C, 0xBB, 0x9A, 0x22, 0x4D, 0x69, 0x6D, 0x9A, 0xEC, 0x57, 0xEC, 0xF2,
    0xB1, 0x63, 0x47, 0x9C, 0x77, 0x26, 0x25, 0xD7, 0xF1, 0x58, 0xFA, 0xA3, 0xC4, 0x27, 0xD9, 0x09,
    0x1C, 0xAA, 0x8E, 0x2C, 0x96, 0xF2, 0xAA, 0x94, 0x01, 0xBD, 0xB8, 0x86, 0xEA, 0xAA, 0xF5, 0xAB,
    0xEC, 0x24, 0x12, 0x5F, 0x9C, 0xDB, 0xE5, 0x0E, 0x3F, 0x3E, 0xB7, 0x1B, 0x19, 0x9F, 0xE4, 0x01,
    0x22, 0x04, 0x8A, 0xB1, 0x94, 0xB6, 0xD0, 0xF2, 0x08, 0x5D, 0xD2, 0x47, 0xD9, 0x74, 0x94, 0x50,
    0x4B, 0x9A, 0x26, 0xA8, 0xA1, 0x83, 0x2C, 0x40, 0xE9, 0xA1, 0x06, 0x26, 0xC8, 0xE5, 0x55, 0xF2,
    0x2D, 0xB0, 0x05, 0x6C, 0x4F, 0xE2, 0xBF, 0x5A, 0xCF, 0x7F, 0xC9, 0x96, 0xA3, 0x9C, 0x12, 0xEF,
    0x2B, 0x36, 0x72, 0x4A, 0x82, 0x88, 0x19, 0x28, 0x7B, 0x6A, 0x94, 0x3A, 0x60, 0xA4, 0xCD, 0x25,
    0x5C, 0xB1, 0xEB, 0x2B, 0x76, 0x0D, 0xEE, 0xE3, 0xEC, 0x94, 0x18, 0x12, 0x2A, 0xA9, 0x50, 0x7D,
    0x1D, 0x11, 0x13, 0x22, 0x45, 0xB2, 0x4D, 0x5E, 0x25, 0xFF, 0x34, 0xF9, 0x6F, 0x21, 0x66, 0x5F,
    0x86, 0x68, 0xDE, 0x84, 0x58, 0x66, 0x21, 0x3E, 0x4A, 0x6E, 0x92, 0x3F, 0x49, 0x0E, 0x59, 0xF8,
    0x7A, 0xC8, 0xC2, 0x37, 0x7D, 0x16, 0x84, 0x2C, 0x9C, 0x93, 0x4F, 0xC9, 0x56, 0x7C, 0x12, 0x10,
    0xB9, 0x8D, 0xD9, 0x6D, 0x34, 0xB7, 0xB1, 0xF8, 0x3C, 0x5A, 0x17, 0x9F, 0xBB, 0xD8, 0xB8, 0xB8,
    0x73, 0x31, 0xB8, 0xAF, 0x07, 0xF7, 0x8D, 0x77, 0xD2, 0xBA, 0x33, 0xEE, 0x84, 0x63, 0xFC, 0x6C,
    0xEE, 0x4C, 0xAF, 0x5F, 0xBF, 0x03, 0xE7, 0xD7, 0x0F, 0x71, 0x7E, 0x7C, 0x0F, 0xC7, 0xBF, 0xC5,
    0xB9, 0xBD, 0xE0, 0x14, 0xA6, 0x2F, 0x3F, 0xF4, 0x29, 0xBF, 0x13, 0x11, 0x57, 0xA2, 0x9B, 0x47,
    0x40, 0x57, 0x81, 0xBE, 0x7B, 0x30, 0x5E, 0xFC, 0x13, 0x8C, 0xC8, 0x80, 0x1D, 0xF2, 0x48, 0x0D,
    0x07, 0x1C, 0x49, 0x07, 0xA8, 0x99, 0xC0, 0x12, 0xAF, 0xD1, 0xDE, 0x05, 0x13, 0x54, 0xF3, 0x14,
    0x07, 0xEB, 0xB9, 0xCC, 0x0E, 0x45, 0x9C, 0x97, 0x9A, 0x17, 0xED, 0x47, 0x8A, 0x37, 0x81, 0x3C,
    0x1D, 0x01, 0x32, 0xE9, 0xB1, 0x12, 0xD9, 0x70, 0xA0, 0x63, 0xCD, 0x9E, 0x8A, 0x88, 0x55, 0xB7,
    0x17, 0xEB, 0x35, 0xFD, 0x4C, 0xE7, 0xE8, 0x5C, 0xAD, 0xB9, 0x4F, 0xB8, 0x82, 0x8E, 0x06, 0x9E,
    0xB3, 0x87, 0x6A, 0x86, 0x93, 0x34, 0xD0, 0xF8, 0x6F, 0x08, 0xEF, 0x13, 0xAD, 0xD8, 0xCF, 0x34,
    0xE8, 0x42, 0xEA, 0x99, 0xC8, 0xEA, 0x67, 0x4B, 0x22, 0x16, 0x3B, 0xFA, 0x74, 0xB9, 0xA3, 0xDF,
    0x1F, 0xEA, 0x62, 0x33, 0x5F, 0x03, 0xFF, 0x3B, 0xBA, 0x76, 0x09, 0xED, 0x41, 0x7A, 0x04, 0x96,
    0x1D, 0x83, 0xAD, 0x4C, 0x3C, 0xE1, 0x08, 0x54, 0x97, 0x3B, 0xD5, 0x8C, 0x90, 0x87, 0x42, 0x44,
    0x1D, 0x20, 0xBB, 0x38, 0x1F, 0xC1, 0x0C, 0xD7, 0xBB, 0xF8, 0x63, 0x8E, 0xDA, 0xA5, 0xA8, 0xA5,
    0xE7, 0xD9, 0x23, 0x5C, 0x75, 0xD9, 0x95, 0x17, 0x53, 0xBA, 0xDC, 0xFE, 0xC8, 0x7A, 0x5D, 0x47,
    0xCB, 0x42, 0x25, 0x31, 0x09, 0x82, 0x9E, 0x9A, 0xB1, 0xB5, 0x3E, 0xA1, 0x6E, 0x27, 0xEE, 0xDF,
    0xBF, 0x07, 0xD8, 0x3B, 0x88, 0x35, 0x79, 0xB0, 0xAD, 0x19, 0xCA, 0xBE, 0xF0, 0xDA, 0x55, 0xF3,
    0xD1, 0xA6, 0xCA, 0x15, 0x4C, 0x0D, 0x74, 0x1D, 0xAC, 0x23, 0x54, 0x01, 0xEC, 0x78, 0x85, 0x81,
    0x1A, 0xEC, 0x69, 0xBE, 0x64, 0x24, 0xA8, 0x17, 0xEB, 0xDA, 0xB6, 0xC3, 0xB2, 0x66, 0x45, 0x85,
    0xC3, 0xD2, 0x50, 0xF6, 0xFB, 0x54, 0xAA, 0x5D, 0x27, 0x90, 0x7F, 0x35, 0xC2, 0xDF, 0x3D, 0xFC,
    0x23, 0x79, 0xDB, 0xC3, 0x06, 0xA8, 0x81, 0xE7, 0x40, 0x03, 0xFC, 0x0A, 0x25, 0x67, 0x3B, 0x24,
    0xB7, 0xC0, 0x67, 0x37, 0x10, 0xBB, 0xF9, 0x08, 0x4B, 0xFE, 0x4E, 0xF9, 0x57, 0xDA, 0x43, 0x30,
    0xA3, 0x3E, 0x61, 0x94, 0xDF, 0x8C, 0xB6, 0xCD, 0x42, 0x0D, 0x93, 0x7B, 0x37, 0xFF, 0xED, 0x7C,
    0x29, 0xF7, 0x23, 0xE6, 0xCB, 0xB7, 0xB7, 0xD0, 0x3E, 0xD1, 0x76, 0xD8, 0xD6, 0x51, 0x51, 0xB1,
    0xBA, 0xF0, 0x77, 0x33, 0xBF, 0xBF, 0xF2, 0x0F, 0x0B, 0xFE, 0x76, 0xE6, 0x5F, 0x5D, 0xF8, 0x3B,
    0xC8, 0x22, 0x6C, 0xC7, 0x0B, 0xBF, 0xF9, 0x2A, 0x50, 0xFC, 0x61, 0xC0, 0x96, 0x2D, 0xCF, 0x7E,
    0xB8, 0xE4, 0x77, 0x4A, 0x58, 0x43, 0x54, 0xE2, 0xD2, 0x9B, 0x51, 0x9F, 0x6B, 0x79, 0x28, 0x7B,
    0xA2, 0x85, 0xC3, 0x0A, 0x5C, 0x03, 0x75, 0x07, 0x36, 0x42, 0x11, 0xC0, 0x0C, 0x73, 0xEF, 0xAF,
    0xDA, 0x99, 0x3F, 0x92, 0xE2, 0x17, 0x9E, 0x95, 0x85, 0x9B, 0x06, 0xC2, 0x27, 0x5C, 0x87, 0xC3,
    0x0C, 0xAB, 0x44, 0x5D, 0x61, 0x7B, 0xDB, 0xDA, 0x54, 0x56, 0x61, 0xBC, 0x23, 0x1F, 0x1B, 0xB2,
    0xB0, 0x87, 0x10, 0x61, 0x1F, 0xC0, 0x8D, 0xB0, 0xD1, 0x35, 0x2F, 0x7B, 0x63, 0x81, 0x1A, 0x70,
    0x33, 0xE4, 0x26, 0x24, 0xF7, 0x0F, 0x5B, 0x0D, 0xB0, 0x6C, 0x2B, 0x0F, 0x3C, 0x25, 0xBF, 0xA4,
    0xD6, 0x67, 0x57, 0x5B, 0xC8, 0x6F, 0x5B, 0xB0, 0xDF, 0xEA, 0xE5, 0x53, 0x31, 0xE2, 0x96, 0x9A,
    0x70, 0x9F, 0xF3, 0x72, 0x23, 0xB7, 0xE5, 0xF9, 0x25, 0xB8, 0xA5, 0x44, 0x26, 0x91, 0x18, 0xE1,
    0x3B, 0x4A, 0x5A, 0x55, 0xF9, 0xEF, 0x92, 0x34, 0x22, 0x0F, 0x5F, 0xD2, 0x4A, 0x6B, 0xEF, 0x5E,
    0xDF, 0xDA, 0x8D, 0xA2, 0xE2, 0xBF, 0x3B, 0xE4, 0xDC, 0xA6, 0x90, 0x31, 0x9D, 0x66, 0x53, 0x0A,
    0x3A, 0x0D, 0x77, 0x17, 0x8D, 0xC6, 0x21, 0x45, 0x3E, 0xCD, 0xF3, 0xE6, 0x8A, 0xBB, 0xFF, 0xFD,
    0xEB, 0x74, 0x04, 0x22, 0x74, 0xF7, 0x2D, 0xE7, 0x64, 0x19, 0xBA, 0x68, 0x42, 0x3A, 0x57, 0xC7,
    0xF9, 0x98, 0xCE, 0xF5, 0xBA, 0x7E, 0x5E, 0x89, 0xA8, 0xE0, 0x9E, 0x44, 0x7C, 0x52, 0x05, 0xF7,
    0x15, 0x55, 0x5C, 0x55, 0x05, 0x2A, 0x8F, 0x95, 0xA0, 0x82, 0x3B, 0x89, 0xA8, 0x2C, 0x0B, 0x45,
    0xEC, 0x83, 0xC2, 0x1A, 0x26, 0x6C, 0xAF, 0xAD, 0xC8, 0x9B, 0x01, 0xFD, 0x73, 0x43, 0xAC, 0x80,
    0xCE, 0x01, 0xAB, 0x3D, 0x60, 0x03, 0x50, 0x0C, 0xD7, 0x77, 0xD5, 0x04, 0x34, 0x0D, 0xB0, 0xAF,
    0xD1, 0x9B, 0xBB, 0xC5, 0x0C, 0x85, 0x47, 0x6F, 0x6D, 0x14, 0xBC, 0x75, 0x70, 0x6C, 0x01, 0xBB,
    0x0C, 0x32, 0x21, 0xC5, 0x89, 0x8E, 0x9A, 0x35, 0x2F, 0xB1, 0xED, 0x44, 0xF1, 0x45, 0x20, 0xFF,
    0xAB, 0xD7, 0x22, 0xF8, 0x14, 0x38, 0xCE, 0x6D, 0xDD, 0xFC, 0x69, 0xA0, 0x7C, 0x13, 0xA8, 0x98,
    0x70, 0x6C, 0x86, 0x03, 0xD5, 0x00, 0xE6, 0x6A, 0x0F, 0x5B, 0x35, 0x8A, 0xAF, 0xF4, 0xDA, 0x1A,
    0xF3, 0x60, 0x7B, 0xA6, 0x7A, 0xBE, 0x29, 0xAB, 0x88, 0x15, 0x09, 0x6A, 0xAA, 0x00, 0xEB, 0x6B,
    0x3B, 0xAA, 0xC8, 0x47, 0xAB, 0xAD, 0x74, 0xB0, 0x6D, 0xBE, 0x68, 0x43, 0x6E, 0xCD, 0xDE, 0x66,
    0x21, 0x35, 0x02, 0xF3, 0x67, 0x8F, 0xB0, 0x91, 0xD3, 0x4F, 0xE4, 0x77, 0x99, 0xB4, 0xE9, 0xB4,
    0xFC, 0xCD, 0x58, 0x11, 0x1D, 0xDD, 0x81, 0xF5, 0xBF, 0x00, 0xBD, 0xD7, 0x3F, 0x8C, 0xDC, 0xD8,
    0x7D, 0x07, 0xF0, 0x0F, 0x49, 0xFB, 0x18, 0x89, 0xA7, 0xE5, 0x05, 0x70, 0xE1, 0x20, 0xF6, 0xB2,
    0xB9, 0xE2, 0x0A, 0xCD, 0x4C, 0x0A, 0x15, 0x2A, 0x86, 0x3B, 0x4C, 0x52, 0xB8, 0x48, 0x11, 0xF5,
    0x95, 0x8B, 0x54, 0x69, 0xEE, 0x8A, 0x2B, 0x84, 0x84, 0x92, 0xE8, 0xB8, 0x48, 0xEB, 0xA4, 0x47,
    0xA2, 0xE2, 0xCA, 0xFC, 0x51, 0xB1, 0xC5, 0x20, 0xD8, 0xBD, 0x25, 0x9C, 0x1E, 0x26, 0xDC, 0x03,
    0x61, 0x91, 0xEE, 0x0A, 0xD3, 0x31, 0x81, 0x4C, 0x90, 0xDD, 0x7D, 0x19, 0xFA, 0x66, 0x95, 0x95,
    0x70, 0x9B, 0xDC, 0x6A, 0x77, 0x35, 0xF3, 0xFB, 0x3D, 0x0E, 0x38, 0x8F, 0xEF, 0x7D, 0xBF, 0xDF,
    0xDF, 0x1F, 0xF0, 0x49, 0x5A, 0xD2, 0x9E, 0x7C, 0x60, 0xEF, 0x90, 0xD9, 0x53, 0x96, 0x4B, 0x9E,
    0xCE, 0x38, 0xCC, 0x19, 0x72, 0x71, 0x9F, 0x36, 0x49, 0x08, 0x6D, 0x1A, 0x42, 0x97, 0x55, 0xD1,
    0x90, 0x33, 0x14, 0xAC, 0x4B, 0xEA, 0x25, 0xE5, 0x9A, 0x39, 0x80, 0xB8, 0x25, 0xE9, 0xA6, 0xAB,
    0x0F, 0x42, 0x53, 0x84, 0xE1, 0x9E, 0x0D, 0x35, 0x75, 0x7C, 0x72, 0xBA, 0x08, 0xA7, 0xCF, 0xD5,
    0x1B, 0xF5, 0x38, 0xD9, 0xE9, 0x51, 0x72, 0xBA, 0x0A, 0xCB, 0x6C, 0xB3, 0x84, 0xC7, 0xD4, 0xD3,
    0x28, 0xEB, 0x91, 0x9F, 0xC2, 0x33, 0x58, 0x22, 0x1E, 0x91, 0x34, 0x88, 0x2B, 0x80, 0xA4, 0x47,
    0x3A, 0x20, 0x1F, 0x91, 0xD7, 0x98, 0x2D, 0xB1, 0xDC, 0xC7, 0xD3, 0x1C, 0x87, 0x59, 0xC5, 0x90,
    0xB4, 0xA2, 0x3E, 0x6E, 0x6D, 0x39, 0xF4, 0xB6, 0x24, 0x06, 0x59, 0xE5, 0x50, 0xCE, 0x52, 0x41,
    0xA9, 0x64, 0xDF, 0x92, 0xDC, 0x9A, 0xAC, 0x71, 0x4E, 0x68, 0xA5, 0x9D, 0xA4, 0xB5, 0xA8, 0x3C,
    0xE6, 0x63, 0xBC, 0xE6, 0x33, 0x29, 0xC4, 0xC3, 0xE8, 0x6B, 0x3E, 0xD5, 0xC3, 0x8D, 0x87, 0xA3,
    0xE5, 0xA8, 0x3E, 0x8A, 0xB6, 0x7C, 0xFE, 0x21, 0x3B, 0xFB, 0x01, 0x46, 0xF1, 0x4F, 0x7A, 0xF9,
    0x6F, 0x1A, 0xF3, 0x35, 0x87, 0xFB, 0x00, 0x24, 0x2D, 0xD9, 0x4E, 0xF1, 0xFD, 0x43, 0xCA, 0x9D,
    0xE2, 0xEB, 0x39, 0x43, 0x2E, 0xEA, 0xF3, 0x2A, 0xEE, 0xFE, 0x57, 0xF1, 0x7C, 0xAB, 0x78, 0xC1,
    0x30, 0x67, 0xBD, 0xA4, 0xAE, 0x29, 0x47, 0x16, 0xE4, 0x15, 0xFB, 0x1C, 0x3F, 0x16, 0x87, 0x4A,
    0xFA, 0xD3, 0xD6, 0x77, 0x3D, 0xB1, 0x43, 0x6A, 0x0B, 0xD5, 0xA4, 0x3D, 0xB5, 0xC9, 0xB7, 0xF2,
    0xDB, 0xE2, 0xF5, 0x5C, 0x6D, 0xA3, 0x36, 0x9A, 0xFC, 0xD4, 0x36, 0x08, 0xB6, 0x51, 0x30, 0x85,
    0xA1, 0x40, 0xF6, 0x47, 0x8D, 0xF8, 0x17, 0x03, 0x07, 0x13, 0xEE, 0x1F, 0xDE, 0x3A, 0xEE, 0x35,
    0x0F, 0xC9, 0x17, 0x95, 0xBF, 0xEC, 0xA2, 0x7E, 0x88, 0xAA, 0xEF, 0x21, 0x3A, 0xE9, 0xD3, 0x70,
    0x1A, 0x57, 0x07, 0x14, 0x93, 0xFD, 0x73, 0xC8, 0x42, 0x28, 0x9A, 0xE2, 0x40, 0x51, 0x4E, 0xB6,
    0x5A, 0x08, 0x79, 0xF8, 0x45, 0x7C, 0x9E, 0x93, 0x74, 0xF0, 0x19, 0xBC, 0x22, 0xFE, 0xDB, 0x96,
    0xEC, 0xD7, 0x15, 0x45, 0x8D, 0xC7, 0xFB, 0xF8, 0x28, 0x7A, 0x23, 0x47, 0x92, 0x01, 0xD9, 0x88,
    0xFC, 0x29, 0xF6, 0x97, 0x28, 0x67, 0x58, 0xE6, 0x58, 0xE7, 0x15, 0x43, 0xDA, 0x88, 0xA6, 0x44,
    0x89, 0xB7, 0xC8, 0x6D, 0x29, 0x0C, 0xD2, 0xC6, 0x20, 0xAF, 0xAC, 0xE5, 0xD4, 0xE6, 0x94, 0x96,
    0xCC, 0xD5, 0x14, 0x38, 0x26, 0x9D, 0xCC, 0xCC, 0xF1, 0xA3, 0x28, 0x54, 0xE9, 0x4F, 0xBB, 0x49,
    0x7E, 0xD7, 0x49, 0xFB, 0xF9, 0x8F, 0x38, 0x39, 0xA7, 0x3B, 0x22, 0xAA, 0xC8, 0x7A, 0x77, 0x95,
    0x2E, 0x49, 0xFF, 0x2A, 0x0B, 0xDD, 0x83, 0xA2, 0x81, 0x63, 0xF1, 0x57, 0x55, 0x16, 0x75, 0xB8,
    0x1E, 0xE0, 0xB4, 0x23, 0x1F, 0x28, 0x6B, 0x86, 0x1C, 0xC0, 0x5D, 0x76, 0x11, 0xCF, 0x44, 0xA1,
    0x49, 0x7F, 0xDE, 0xDF, 0xF3, 0x09, 0xE2, 0xD0, 0x15, 0xE1, 0xF4, 0x9E, 0x67, 0xCC, 0x99, 0x47,
    0x27, 0xE7, 0x8B, 0x70, 0xFE, 0xBC, 0x9A, 0x6F, 0xCC, 0xC7, 0xC9, 0x0E, 0x8E, 0xA2, 0xF3, 0x55,
    0xF8, 0xBB, 0xEC, 0x6C, 0xEF, 0x8D, 0xA6, 0xA2, 0x84, 0xA7, 0xD0, 0xE3, 0x51, 0x82, 0xC5, 0x09,
    0xB2, 0x0D, 0x00, 0x88, 0x07, 0x24, 0x03, 0xD2, 0x0D, 0xF2, 0x1A, 0xF9, 0x0C, 0xF3, 0x02, 0xCB,
    0x1C, 0x75, 0xD6, 0x70, 0x38, 0x31, 0x1E, 0x92, 0x4E, 0x14, 0x42, 0x6F, 0x4A, 0x18, 0x49, 0xEB,
    0x50, 0xD6, 0xA8, 0x5F, 0x77, 0x96, 0xB9, 0x92, 0xC2, 0x92, 0xBC, 0x92, 0x35, 0x72, 0x96, 0xEE,
    0xEB, 0xD3, 0xAF, 0xDA, 0xE8, 0xDC, 0x37, 0x8A, 0xEF, 0xCF, 0x8F, 0x8A, 0xB7, 0xC4, 0x8F, 0x2F,
    0xC4, 0x2F, 0x91, 0x23, 0xA9, 0x78, 0xB5, 0x67, 0x4B, 0x95, 0x62, 0xBC, 0xFD, 0x4C, 0x99, 0xDA,
    0x25, 0x9F, 0xDB, 0xD3, 0xBD, 0x1B, 0xD2, 0xCB, 0x25, 0xFA, 0x12, 0xBF, 0xFB, 0x13, 0x3C, 0xDA,
    0xC3, 0xEA, 0x0C, 0xD9, 0x08, 0x00, 0x92, 0x0E, 0xE9, 0x95, 0x35, 0x5A, 0xE0, 0x30, 0xC7, 0x90,
    0x35, 0xA2, 0xFE, 0x52, 0x8D, 0xF6, 0xB2, 0xC6, 0x20, 0x67, 0x54, 0x50, 0x9B, 0xB3, 0xBC, 0x5C,
    0xA3, 0xCF, 0x48, 0xC9, 0x78, 0x28, 0xD3, 0xA7, 0xA1, 0x8D, 0x42, 0x75, 0x6D, 0x2E, 0x97, 0x6B,
    0x14, 0x5E, 0x3D, 0xE0, 0xC5, 0x29, 0x45, 0x7F, 0x07, 0x35, 0xFA, 0x59, 0x16, 0xFA, 0x07, 0xBF,
    0xDF, 0x62, 0x12, 0x3F, 0xBC, 0x93, 0xF8, 0x1F, 0x7D, 0x97, 0xCF, 0xF7, 0x58, 0x9D, 0x92, 0xF5,
    0xD7, 0xAA, 0xD1, 0x68, 0x57, 0xA3, 0x5B, 0xEF, 0xB2, 0xE6, 0xDB, 0xD7, 0xE8, 0x9E, 0x21, 0x0D,
    0xDD, 0xBB, 0xA8, 0x8B, 0x57, 0x8C, 0xD3, 0x18, 0xC2, 0xB0, 0xB5, 0x91, 0xCB, 0xB6, 0x05, 0x12,
    0x42, 0x3F, 0xF2, 0xB6, 0xD9, 0xCD, 0xC7, 0xE5, 0x45, 0xE2, 0x50, 0xE5, 0xA1, 0x3F, 0x30, 0xD6,
    0xEA, 0x43, 0xCB, 0x10, 0xCE, 0xB6, 0x36, 0x32, 0xB2, 0xA6, 0x66, 0x55, 0x7D, 0x3F, 0x0F, 0x9B,
    0x28, 0xF4, 0xF0, 0x90, 0x72, 0x1A, 0xE3, 0x8D, 0xE4, 0x9C, 0x05, 0x05, 0xA7, 0x74, 0x34, 0x78,
    0x57, 0x48, 0x5F, 0x12, 0x1A, 0x59, 0x2B, 0x6D, 0x2D, 0x78, 0xCC, 0x23, 0x5C, 0x60, 0x8B, 0xFE,
    0x7F, 0x6C, 0x45, 0xD7, 0xAF, 0x42, 0xF7, 0xD9, 0xA2, 0xE2, 0xDD, 0x61, 0x64, 0x61, 0x58, 0x84,
    0x8E, 0xEB, 0x6D, 0x4D, 0xE9, 0xE5, 0xD3, 0xE4, 0xB4, 0xCF, 0xFE, 0xC9, 0x2C, 0x6D, 0x6E, 0x02,
    0x80, 0x1C, 0x33, 0x8E, 0x1F, 0x89, 0x7E, 0x65, 0xF7, 0x86, 0x52, 0x5D, 0x00, 0xB2, 0x45, 0x64,
    0x0B, 0x49, 0xAD, 0xB6, 0x05, 0x65, 0x0B, 0x69, 0x72, 0x23, 0x46, 0xAC, 0x51, 0x33, 0x61, 0xB3,
    0x05, 0x67, 0x42, 0x57, 0xB3, 0x7F, 0x5F, 0xBA, 0x6A, 0xFD, 0xCB, 0x10, 0x75, 0x4F, 0x81, 0x3C,
    0x84, 0xC9, 0x2A, 0x6F, 0x58, 0x38, 0xCB, 0xC3, 0xF9, 0xF4, 0xE3, 0x6D, 0xDB, 0xCD, 0xAF, 0x31,
    0x43, 0xB6, 0xA8, 0x78, 0x31, 0x35, 0xBD, 0xC1, 0xF4, 0x36, 0x02, 0x4E, 0x3A, 0x49, 0xD8, 0xC8,
    0x9B, 0x52, 0xA1, 0x30, 0x93, 0x5B, 0x85, 0x50, 0x4D, 0x5E, 0x62, 0xF2, 0x39, 0x0A, 0xE4, 0xDD,
    0x07, 0x92, 0x70, 0xCE, 0x8B, 0x0D, 0x46, 0x3E, 0xE4, 0x07, 0xBE, 0x78, 0x95, 0x9C, 0x3E, 0xC9,
    0xFE, 0xDE, 0x7E, 0xDA, 0x7C, 0xA4, 0x42, 0x08, 0x63, 0x08, 0xC3, 0x37, 0x0A, 0x75, 0xB5, 0x86,
    0x23, 0x1B, 0x3E, 0x9C, 0xCC, 0x63, 0xA7, 0x7F, 0x10, 0xFF, 0x4A, 0xFA, 0xC7, 0xCD, 0x77, 0x54,
    0x7C, 0x9B, 0x54, 0xFF, 0xDE, 0xD7, 0x31, 0xCD, 0xFF, 0xA6, 0x5D, 0x84, 0xE6, 0xD1, 0x82, 0x27,
    0xE2, 0x8D, 0xDF, 0x46, 0xF6, 0x46, 0xA9, 0x95, 0xF4, 0x2F, 0xB3, 0xD0, 0x7E, 0x58, 0x34, 0x70,
    0x26, 0xFE, 0x37, 0x59, 0xDC, 0x82, 0xEB, 0x14, 0xE0, 0x46, 0x72, 0x26, 0xFB, 0xD3, 0x6A, 0xB6,
    0x7B, 0xF6, 0x76, 0x3A, 0x80, 0x23, 0x51, 0x90, 0xFE, 0x75, 0x7B, 0xCF, 0xCF, 0x78, 0xC7, 0x86,
    0x50, 0x34, 0x8B, 0xC1, 0x68, 0x48, 0xFB, 0x4C, 0x86, 0x30, 0x7E, 0xDA, 0xE7, 0xD5, 0xD5, 0xDF,
    0x4F, 0xFB, 0x30, 0x9E, 0x54, 0x27, 0x6D, 0xD2, 0xA6, 0xED, 0xCC, 0xF7, 0x51, 0x5E, 0xFD, 0x15,
    0x86, 0x4F, 0xBB, 0xFF, 0x73, 0xB5, 0x2E, 0x0C, 0x90, 0xC9, 0xAB, 0xCC, 0xAB, 0x71, 0xA2, 0xF6,
    0xC6, 0x87, 0xE9, 0xE6, 0xA7, 0xFF, 0xC5, 0xD4, 0xAD, 0xA7, 0x0C, 0x1C, 0x2C, 0x38, 0xB2, 0xA4,
    0x74, 0xC4, 0xC2, 0x86, 0xDC, 0x78, 0x31, 0x54, 0xAF, 0x07, 0x1B, 0x0A, 0xD3, 0x14, 0x25, 0xA5,
    0xE9, 0x31, 0x79, 0x97, 0x8E, 0xA6, 0xA6, 0x6F, 0x5A, 0xF4, 0x52, 0x7F, 0x97, 0x74, 0xBB, 0x5F,
    0x51, 0x68, 0xE4, 0x61, 0xB4, 0x72, 0xA4, 0x76, 0x60, 0xAD, 0x30, 0xCA, 0x27, 0xAF, 0x76, 0x6E,
    0xBA, 0x37, 0xFD, 0x37, 0xCD, 0x99, 0xE6, 0x4E, 0xCF, 0x80, 0x87, 0x28, 0x77, 0xD7, 0xAC, 0x47,
    0x76, 0x0A, 0x35, 0x2C, 0x11, 0x6D, 0x2E, 0xB6, 0x4A, 0x1A, 0xC0, 0x1D, 0xB2, 0xFB, 0x12, 0x27,
    0x2D, 0x69, 0x47, 0xD2, 0xB2, 0xA8, 0x58, 0xE2, 0x13, 0xB8, 0x11, 0xD3, 0x3F, 0x83, 0x81, 0xF8,
    0xAF, 0x3A, 0xF2, 0x5F, 0x63, 0xB6, 0xC4, 0xE7, 0x7B, 0xE0, 0xEE, 0x99, 0x5D, 0x1C, 0x09, 0x9F,
    0x3F, 0x26, 0x54, 0x92, 0x9F, 0xEF, 0x8E, 0x84, 0x37, 0x60, 0x75, 0xEF, 0x62, 0xD9, 0xED, 0x6A,
    0x3F, 0xC3, 0x9F, 0x0C, 0xAF, 0x59, 0xE5, 0xEF, 0x87, 0xD5, 0x12, 0xFB, 0x48, 0x8B, 0x86, 0x55,
    0xC7, 0x70, 0xE8, 0x75, 0x9F, 0x7E, 0xD1, 0x4B, 0xC2, 0x99, 0xBC, 0x5D, 0x28, 0xE4, 0xCD, 0x5C,
    0xDA, 0x96, 0x92, 0xC9, 0xBB, 0x9D, 0xB7, 0xD3, 0xBD, 0xE9, 0xBF, 0x69, 0xCE, 0x34, 0x77, 0x7A,
    0x86, 0xF4, 0xAA, 0x53, 0xE4, 0x1A, 0xCB, 0x19, 0x7E, 0xFC, 0xC1, 0x9D, 0x53, 0xE3, 0x19, 0xD2,
    0x9D, 0xCF, 0x78, 0xFE, 0xE8, 0xD6, 0x02, 0x67, 0xF1, 0x23, 0xBC, 0x38, 0xC7, 0xCB, 0x35, 0xA2,
    0x0A, 0xD9, 0x80, 0x79, 0xFD, 0x1E, 0x73, 0x32, 0x1E, 0x3F, 0x93, 0x86, 0xDE, 0xFD, 0xAC, 0x05,
    0x9E, 0x13, 0x7D, 0xD5, 0x48, 0xFF, 0xB0, 0x87, 0x9B, 0x51, 0x8C, 0x9A, 0x0B, 0x4E, 0xC5, 0x1A,
    0xF5, 0x1C, 0x4F, 0x3E, 0x00, 0x80, 0xF7, 0xDB, 0x24, 0x1D, 0xD8, 0xC5, 0xAF, 0x73, 0xDF, 0x8F,
    0x71, 0x8B, 0x8D, 0xD3, 0xEF, 0xC1, 0x11, 0x8C, 0xAF, 0x37, 0x05, 0x80, 0x71, 0xC2, 0x35, 0x6C,
    0x11, 0xFE, 0xB2, 0xCF, 0xBB, 0xF8, 0xBF, 0xDB, 0x05, 0x5F, 0x5A, 0x72, 0xF0, 0x6E, 0x64, 0x87,
    0xCB, 0x64, 0xD3, 0x8E, 0xBC, 0x61, 0x86, 0x8F, 0x7D, 0x81, 0x71, 0x0B, 0x72, 0xC8, 0xC3, 0x7F,
    0xF6, 0x2B, 0x27, 0x4D, 0x6D, 0xEE, 0x6A, 0x62, 0xF3, 0xCB, 0xC4, 0x76, 0x3C, 0x16, 0x90, 0x35,
    0x88, 0x3B, 0x78, 0xF2, 0x7E, 0x88, 0x24, 0x03, 0x46, 0x2C, 0x71, 0xFF, 0x86, 0x44, 0xF2, 0x1E,
    0xF9, 0x06, 0xEA, 0x8B, 0x21, 0x19, 0x90, 0x54, 0xA6, 0xE1, 0xCE, 0xD9, 0xF8, 0x12, 0xA1, 0x21,
    0x6B, 0x49, 0x5B, 0x16, 0x15, 0x8F, 0xF1, 0xC8, 0xE6, 0x12, 0xB3, 0x6E, 0xCB, 0xAC, 0xBA, 0x16,
    0xB3, 0x79, 0xDC, 0x10, 0xFE, 0xB5, 0xE1, 0x97, 0x81, 0xA8, 0x7D, 0xF6, 0x7E, 0xA2, 0x93, 0x86,
    0x51, 0x1E, 0x7A, 0xDC, 0x10, 0xFF, 0xDD, 0xC1, 0xBC, 0xA2, 0xF4, 0x6F, 0x0E, 0xF9, 0xAD, 0x72,
    0x1F, 0x45, 0xC3, 0x75, 0x7D, 0x2D, 0xEE, 0x6B, 0x49, 0xB7, 0xAA, 0x8A, 0x36, 0x0F, 0xE7, 0xA2,
    0x93, 0x7F, 0x07, 0xF6, 0x50, 0x60, 0x8F, 0x51, 0x79, 0xB5, 0x3D, 0xDB, 0x38, 0x3E, 0x8E, 0xCF,
    0x56, 0xE1, 0x38, 0x3B, 0x9B, 0xBD, 0xF1, 0x52, 0xBD, 0x6A, 0x58, 0xF5, 0xC4, 0x03, 0xD1, 0x40,
    0xD6, 0xB1, 0x87, 0x07, 0x70, 0x7B, 0x68, 0xA3, 0x8D, 0xE8, 0x9C, 0xC2, 0x64, 0x47, 0xBC, 0xA4,
    0xE2, 0x7A, 0xA8, 0xBF, 0x40, 0x3C, 0x20, 0x6D, 0x91, 0xC3, 0xEF, 0x00, 0x20, 0x9E, 0x36, 0xFF,
    0x8F, 0x7E, 0x3B, 0xFC, 0xA6, 0xFB, 0xAD, 0xF4, 0xDB, 0xE1, 0xCC, 0x04, 0xE8, 0x5B, 0x0F, 0x13,
    0x72, 0x13, 0x74, 0x13, 0x76, 0x59, 0x08, 0x76, 0x5A, 0xE7, 0x2D, 0x05, 0x96, 0x78, 0xA2, 0xC4,
    0x72, 0x54, 0xD6, 0xA3, 0x83, 0x71, 0xB4, 0xEA, 0x46, 0xA5, 0x6F, 0xF6, 0x67, 0xB6, 0x24, 0x6C,
    0x59, 0xD8, 0xD2, 0x30, 0xF1, 0xF0, 0x12, 0x8E, 0xE0, 0x00, 0xF2, 0x0A, 0x51, 0xF5, 0x7E, 0x88,
    0x24, 0x1D, 0xD1, 0x80, 0x1A, 0xDF, 0xB9, 0x21, 0x91, 0x45, 0x83, 0x55, 0x8F, 0x78, 0xB0, 0x5B,
    0x37, 0xEB, 0xB0, 0x07, 0x0F, 0xEE, 0x9E, 0x8D, 0x73, 0x84, 0xB7, 0xDE, 0xF8, 0x1F, 0xE3, 0xE3,
    0x0B, 0x66, 0xB3, 0x7A, 0x34, 0x1F, 0x46, 0x8B, 0x6E, 0x34, 0xF3, 0xB6, 0x5F, 0xB0, 0xDB, 0x78,
    0xE6, 0x38, 0x9A, 0x98, 0xFD, 0xA3, 0xEC, 0xEC, 0x87, 0x8C, 0xF7, 0x49, 0xCE, 0x1F, 0x90, 0x66,
    0xA7, 0xDC, 0x8F, 0x86, 0xF7, 0x13, 0x9D, 0x2C, 0x0C, 0x16, 0xA1, 0xC3, 0x0D, 0x23, 0x73, 0xB7,
    0x30, 0x81, 0x3D, 0x28, 0x60, 0x8F, 0xDB, 0x80, 0xCC, 0x2B, 0x8C, 0xBB, 0xEB, 0x29, 0x4A, 0xE4,
    0x48, 0x1A, 0x00, 0x47, 0xA2, 0xA1, 0x94, 0x74, 0x0B, 0x69, 0x3B, 0x1D, 0xA9, 0xB3, 0x76, 0x21,
    0xE9, 0x4A, 0x53, 0xDB, 0x31, 0x0E, 0x3C, 0xEF, 0x59, 0xB5, 0x14, 0x0D, 0x79, 0x75, 0xB5, 0xBF,
    0x5E, 0xBF, 0x22, 0xAA, 0xC0, 0xB4, 0xEE, 0xEB, 0x43, 0x45, 0x95, 0xCB, 0xDA, 0x42, 0xD2, 0x96,
    0xE2, 0x7E, 0x69, 0x5A, 0xDF, 0x30, 0xB2, 0x1E, 0x28, 0x2F, 0xF6, 0x68, 0xC9, 0x1B, 0x72, 0x2C,
    0x50, 0xE2, 0x88, 0xD5, 0xC0, 0xAA, 0xB9, 0x45, 0xAC, 0x00, 0xD9, 0x0E, 0x6F, 0x46, 0x29, 0x6D,
    0xE7, 0xB2, 0xA6, 0x90, 0xCB, 0xAB, 0x42, 0xD6, 0xCC, 0x24, 0xED, 0x52, 0xD2, 0xD5, 0xA2, 0xE1,
    0x90, 0x61, 0xE0, 0xB0, 0xE7, 0x2F, 0xBA, 0xB7, 0xF6, 0xC0, 0x3E, 0x96, 0x0F, 0x59, 0x97, 0x56,
    0xC3, 0x27, 0x26, 0xAC, 0x16, 0x0D, 0x8B, 0x81, 0x68, 0xC4, 0x40, 0xDA, 0x91, 0xE1, 0x3E, 0x70,
    0xC4, 0x38, 0x29, 0xB1, 0x90, 0x6C, 0xB9, 0x64, 0xCD, 0x56, 0x9B, 0x1D, 0x97, 0x9A, 0xCD, 0xF8,
    0xED, 0xB9, 0x2C, 0x3A, 0x16, 0x03, 0x06, 0xE2, 0x81, 0xBC, 0xE2, 0x1E, 0x50, 0x8A, 0x87, 0xB9,
    0xA4, 0x2B, 0xBE, 0xD6, 0xAB, 0xC9, 0x9A, 0xBC, 0x4A, 0xDA, 0x85, 0xB8, 0x3B, 0x30, 0xED, 0x63,
    0xD8, 0xB0, 0x1E, 0x29, 0x07, 0x56, 0xFD, 0x4E, 0xFF, 0x76, 0xB7, 0x2E, 0x0E, 0x76, 0xFA, 0x8F,
    0xAC, 0x3A, 0xA2, 0xB3, 0x3D, 0x49, 0x38, 0x93, 0xC6, 0xE3, 0xAD, 0xE7, 0x4F, 0x1C, 0xCE, 0xA5,
    0x61, 0x03, 0x77, 0x92, 0x3B, 0xFF, 0x03, 0x9D, 0x95, 0x01, 0x84, 0x24, 0xD9, 0x19, 0xC7, 0x7F,
    0xD5, 0xEF, 0xA4, 0x62, 0xCB, 0xF6, 0x5B, 0x1C, 0xD8, 0x9D, 0x99, 0x3A, 0x2C, 0x49, 0xE8, 0xE9,
    0x5E, 0x34, 0x3A, 0x54, 0x6F, 0xD7, 0xDD, 0x20, 0x48, 0xC8, 0x02, 0x08, 0x80, 0x03, 0x09, 0x76,
    0xC5, 0x60, 0x13, 0xEF, 0x32, 0x25, 0x03, 0x00, 0x07, 0x00, 0x38, 0x2C, 0x1C, 0xD0, 0x62, 0xD1,
    0xE8, 0xBB, 0x7E, 0xB3, 0x8B, 0x43, 0x90, 0xBA, 0x2C, 0x02, 0xF0, 0x64, 0x97, 0x04, 0xD8, 0x17,
    0x29, 0x49, 0x8B, 0x9E, 0x7E, 0xF9, 0xE6, 0x55, 0xB7, 0xF4, 0x8C, 0x19, 0x99, 0xE4, 0xAB, 0xEF,
    0xFB, 0xBE, 0xAF, 0xFE, 0xDF, 0xFF, 0xFD, 0xBB, 0xBA, 0xBA, 0xFA, 0x55, 0xF0, 0x9B, 0x63, 0x63,
    0xAB, 0xE8, 0xE1, 0xDA, 0xDC, 0x98, 0xFF, 0xF5, 0x08, 0xC1, 0x8B, 0x03, 0x6D, 0xA3, 0xE9, 0x72,
    0xC8, 0x18, 0xC3, 0x9C, 0x01, 0x7D, 0xE9, 0x0A, 0x9E, 0x33, 0x45, 0x97, 0x9A, 0x5C, 0x26, 0x05,
    0x23, 0x99, 0x18, 0xC6, 0x32, 0xEB, 0xA2, 0xD1, 0xAA, 0xEA, 0x66, 0xE5, 0xA1, 0x66, 0x9C, 0x63,
    0x1E, 0x33, 0x7F, 0xCC, 0x40, 0x57, 0x7D, 0x5D, 0xCA, 0x69, 0xD1, 0xE7, 0x79, 0xC1, 0xB4, 0x40,
    0xFF, 0xC8, 0xE6, 0x99, 0xCD, 0xB5, 0xD0, 0x28, 0x0E, 0x18, 0xF5, 0x84, 0x26, 0x64, 0x84, 0x23,
    0x88, 0x2C, 0x17, 0x11, 0x96, 0xD0, 0x44, 0xF7, 0x30, 0x65, 0x11, 0xFC, 0xAF, 0xFF, 0xE5, 0x69,
    0xF8, 0xAF, 0x9E, 0x78, 0xD8, 0xFA, 0x97, 0xFF, 0xF8, 0x22, 0x04, 0xFF, 0xC4, 0x3D, 0xC1, 0xB3,
    0xEB, 0x82, 0x08, 0x2E, 0xD3, 0x2D, 0x22, 0xAB, 0x18, 0x54, 0x0B, 0x17, 0x7C, 0xF0, 0x0B, 0x37,
    0xA8, 0xA0, 0xE6, 0x9C, 0x50, 0xC9, 0x79, 0xB5, 0x92, 0x1E, 0x66, 0xAB, 0xD9, 0xAC, 0xE3, 0x56,
    0xCA, 0x4B, 0x16, 0xCF, 0x2A, 0x69, 0xB5, 0x8D, 0x9D, 0x8C, 0xF2, 0x9A, 0x21, 0x30, 0xF1, 0x4C,
    0x81, 0xD9, 0x2C, 0x2E, 0x69, 0x4C, 0xA7, 0x8A, 0x45, 0x11, 0x4B, 0xB7, 0x2D, 0x7B, 0x3F, 0xE0,
    0x7E, 0xD9, 0x98, 0xE1, 0x85, 0xFA, 0x7C, 0xF9, 0xCB, 0xB7, 0x7F, 0xF4, 0xCB, 0x89, 0x7F, 0xF3,
    0xEA, 0x6D, 0x6D, 0xB2, 0xDF, 0x9E, 0x9E, 0xFD, 0xDD, 0x16, 0xA8, 0xF4, 0xEC, 0x9F, 0x76, 0xCC,
    0x9D, 0xB6, 0xEC, 0xA9, 0x08, 0x0E, 0xA5, 0xD4, 0x86, 0x67, 0xEA, 0xED, 0x9F, 0xDD, 0x92, 0x3A,
    0x09, 0x36, 0x78, 0xD1, 0x3F, 0x61, 0x62, 0xB5, 0xA3, 0x20, 0xDA, 0x64, 0xC5, 0x31, 0xD1, 0xE4,
    0x8E, 0x7A, 0xA2, 0x35, 0x79, 0x52, 0x6F, 0x3B, 0x65, 0xB7, 0x5D, 0x5A, 0x6E, 0xBB, 0xEE, 0xFD,
    0xF2, 0xCE, 0xE7, 0x9D, 0x2F, 0x58, 0x0E, 0x7A, 0xC1, 0x4D, 0x96, 0x7A, 0x85, 0x19, 0xFF, 0xD0,
    0x37, 0xF3, 0x71, 0xBF, 0x2F, 0x7A, 0xBF, 0x73, 0xB3, 0xA6, 0x5F, 0x68, 0x32, 0x27, 0x17, 0xE8,
    0x73, 0xE9, 0xE8, 0xBC, 0xAE, 0x3F, 0xF3, 0xB9, 0xD1, 0x25, 0xE9, 0xD1, 0xB6, 0xD3, 0x6A, 0x3B,
    0xDD, 0xEF, 0xB8, 0xB9, 0x1F, 0x48, 0x47, 0x91, 0xF8, 0x66, 0x36, 0x7E, 0x3C, 0x80, 0x63, 0x82,
    0x9F, 0xAC, 0xF2, 0x73, 0x70, 0x0C, 0x2A, 0xED, 0xD2, 0x06, 0x7C, 0xC7, 0x29, 0x9B, 0x95, 0x5D,
    0x7A, 0x7C, 0x08, 0x7E, 0x96, 0x38, 0xAF, 0x5E, 0xD5, 0xE9, 0x91, 0xD5, 0x69, 0xB9, 0xDF, 0x65,
    0xB4, 0x87, 0x80, 0x85, 0xA0, 0x2F, 0x05, 0xF6, 0xE9, 0xD1, 0x2B, 0x19, 0x1C, 0x55, 0xFB, 0xDD,
    0x4C, 0x46, 0x5D, 0x0C, 0x87, 0x68, 0xD2, 0x52, 0xD9, 0xA4, 0xE6, 0x89, 0x31, 0x8C, 0xE5, 0x5C,
    0x93, 0x65, 0xA5, 0x3A, 0xB5, 0xC9, 0x99, 0xC5, 0x39, 0x63, 0x0A, 0x41, 0x05, 0x8E, 0xF8, 0x8F,
    0x65, 0xF0, 0x5A, 0x26, 0x67, 0xB5, 0x8C, 0x5C, 0xFB, 0x8B, 0xAB, 0xBF, 0x92, 0xFE, 0x04, 0x7D,
    0x87, 0x7D, 0x45, 0xA1, 0xAA, 0xE3, 0xC4, 0x42, 0x52, 0xAB, 0x5A, 0x97, 0x7D, 0xE6, 0x2C, 0x19,
    0x93, 0x93, 0xDA, 0x8E, 0xA3, 0x84, 0x63, 0x0C, 0x39, 0x59, 0xA5, 0x5C, 0xC7, 0xA7, 0x56, 0x9E,
    0x67, 0x66, 0xDC, 0x93, 0x63, 0x0A, 0xCF, 0x69, 0x12, 0xD7, 0x67, 0x9A, 0xDA, 0xD4, 0xD2, 0x17,
    0x61, 0x19, 0x31, 0x56, 0x0E, 0xF4, 0x4F, 0x4B, 0xA6, 0xEA, 0x9C, 0x69, 0x83, 0x1C, 0xB1, 0x13,
    0x0C, 0x64, 0x6A, 0xE1, 0x25, 0x9E, 0x4E, 0x4D, 0x21, 0xAA, 0x68, 0x44, 0x40, 0x59, 0x91, 0xC2,
    0x45, 0x51, 0xB9, 0xA9, 0xB7, 0x71, 0xA2, 0xCD, 0xE4, 0x71, 0xD4, 0x56, 0x72, 0xB6, 0xE6, 0x24,
    0xD4, 0xDF, 0x7B, 0xE3, 0x55, 0x2D, 0xDE, 0x5C, 0xE4, 0x6F, 0xBD, 0xFA, 0x93, 0x55, 0xEF, 0x51,
    0x4B, 0x94, 0x43, 0xD5, 0x28, 0x4B, 0x6B, 0x1D, 0x2B, 0xA7, 0x92, 0x09, 0x21, 0xD8, 0x8B, 0xF8,
    0x08, 0x1E, 0x0E, 0xE1, 0xD9, 0x3E, 0x38, 0xD1, 0xB2, 0x9D, 0x10, 0x60, 0xF0, 0x0E, 0xF2, 0x77,
    0x24, 0x61, 0x4D, 0x5A, 0x3F, 0xB0, 0x5D, 0x12, 0x37, 0x12, 0xCE, 0x23, 0xE1, 0x02, 0xA0, 0x2A,
    0x54, 0x49, 0x06, 0x77, 0xA1, 0x07, 0x17, 0x33, 0x70, 0x24, 0xA2, 0xEC, 0x50, 0x53, 0xB2, 0x21,
    0x77, 0x7B, 0xEC, 0xDD, 0x65, 0x74, 0x87, 0x67, 0x29, 0x40, 0x01, 0x37, 0x95, 0xAF, 0x3F, 0xFB,
    0x1A, 0x60, 0x11, 0xD6, 0xED, 0x29, 0xD1, 0xDE, 0xC7, 0x2C, 0x5F, 0x03, 0x20, 0x7B, 0xED, 0x62,
    0xF9, 0x58, 0x0A, 0xDF, 0x07, 0x3E, 0x85, 0x31, 0x60, 0x5A, 0x8D, 0xE7, 0xD0, 0x8B, 0xE5, 0xD3,
    0xDE, 0x7D, 0x5E, 0x0C, 0xF7, 0x4E, 0x42, 0x20, 0x2C, 0xCE, 0x7F, 0x16, 0xBE, 0xE4, 0xE7, 0xEB,
    0x17, 0x2C, 0x80, 0x73, 0x92, 0xBF, 0x54, 0xA8, 0x3F, 0xA0, 0xDE, 0xD4, 0x64, 0xDF, 0xD8, 0xEC,
    0xCC, 0x93, 0x1F, 0xB9, 0x4E, 0x59, 0x93, 0x26, 0x15, 0xAD, 0x05, 0x1F, 0x3C, 0xA8, 0x0A, 0x34,
    0xB0, 0x4F, 0xAB, 0xFE, 0x12, 0x70, 0xA0, 0x2C, 0xA4, 0x65, 0x3B, 0xEA, 0x01, 0x23, 0xC0, 0x43,
    0x52, 0xB7, 0xA3, 0x0C, 0x38, 0xD8, 0xAC, 0x38, 0x06, 0x82, 0x0B, 0x75, 0xC3, 0xE5, 0x23, 0xD4,
    0xC1, 0x5D, 0xC5, 0x9A, 0xC8, 0x5C, 0x34, 0x27, 0x57, 0x61, 0x41, 0x16, 0xD7, 0x62, 0x0F, 0xD6,
    0x3C, 0x5D, 0x72, 0x12, 0xDE, 0x84, 0xC0, 0x43, 0xF5, 0xB7, 0xCF, 0x75, 0x05, 0x9E, 0xD4, 0x42,
    0x13, 0x73, 0xEC, 0x95, 0x43, 0x97, 0x68, 0xCB, 0x63, 0x38, 0x21, 0x59, 0x42, 0x7C, 0x14, 0x3A,
    0x8E, 0xAC, 0x42, 0x59, 0x34, 0x6D, 0xDE, 0xB5, 0xED, 0xD4, 0xCB, 0xBA, 0x4D, 0x2F, 0x9F, 0x65,
    0xE4, 0xE1, 0x32, 0x0F, 0x95, 0x37, 0x20, 0x41, 0xD3, 0x56, 0xE5, 0x8C, 0xB0, 0x0C, 0x27, 0x18,
    0x96, 0x18, 0x61, 0x1B, 0x65, 0xDB, 0xD8, 0x51, 0x9B, 0x29, 0xCF, 0xEA, 0xA2, 0x9A, 0x07, 0xA1,
    0x14, 0x21, 0x6F, 0x1E, 0x26, 0x4B, 0x03, 0x66, 0x13, 0xF3, 0x56, 0x30, 0x15, 0xB1, 0x41, 0x65,
    0xF8, 0x4D, 0x2B, 0x86, 0xC7, 0x24, 0x9E, 0xAD, 0xCD, 0x44, 0x60, 0xA5, 0x7C, 0xAC, 0x21, 0x1A,
    0x1C, 0x82, 0x81, 0x06, 0x81, 0x94, 0x25, 0xAB, 0xC8, 0x61, 0x0C, 0x73, 0xF0, 0x82, 0x91, 0x5A,
    0x26, 0xA1, 0x91, 0x08, 0x3C, 0x9A, 0x84, 0x4A, 0xC2, 0x6E, 0xA2, 0xDE, 0x89, 0x88, 0x6D, 0xE6,
    0xC2, 0x5B, 0xF1, 0xE8, 0x11, 0xB7, 0x8A, 0x7B, 0xF7, 0xE0, 0x3B, 0x21, 0xD8, 0x5C, 0x62, 0x12,
    0x94, 0x5D, 0x48, 0x84, 0x6B, 0x42, 0xF0, 0x38, 0x1F, 0x08, 0x4F, 0xF8, 0x82, 0xD5, 0x21, 0x2C,
    0x7D, 0x38, 0xF7, 0x61, 0xED, 0x43, 0xB8, 0xEC, 0x6B, 0xC1, 0x65, 0x2A, 0x1C, 0x0C, 0x14, 0xD1,
    0x47, 0xAC, 0x7F, 0xF5, 0x55, 0x08, 0x6B, 0xD6, 0x24, 0xEF, 0x51, 0xBF, 0xAF, 0xB2, 0xD3, 0x5A,
    0x7F, 0xE2, 0x92, 0xF8, 0x6A, 0x62, 0x63, 0x73, 0x53, 0x1C, 0x1E, 0xE8, 0x9B, 0xFF, 0xAF, 0xFF,
    0xBF, 0x7D, 0x04, 0x1F, 0x0E, 0x61, 0x78, 0x69, 0x6F, 0x78, 0xDA, 0xB0, 0xBD, 0x40, 0xCA, 0x2B,
    0x17, 0xF8, 0x8D, 0xD5, 0xA7, 0x2E, 0xFB, 0xC4, 0x01, 0x70, 0x33, 0x6D, 0xE7, 0x7B, 0xF4, 0x12,
    0x3B, 0x56, 0x55, 0xAF, 0xDD, 0x4D, 0xBA, 0xB0, 0x27, 0x10, 0x0C, 0x37, 0x1B, 0x0A, 0x71, 0xAB,
    0x52, 0x15, 0x29, 0x71, 0xB7, 0xE9, 0xD8, 0x3D, 0x55, 0x8F, 0x3A, 0x36, 0x09, 0x2F, 0x84, 0xA1,
    0x43, 0x78, 0x97, 0xB8, 0x43, 0x9E, 0x86, 0x60, 0x47, 0xF0, 0x8B, 0x35, 0x0C, 0xDA, 0x9B, 0x90,
    0xC9, 0x4D, 0x38, 0xB8, 0x7A, 0x13, 0x0A, 0xF8, 0xA0, 0xF8, 0x2E, 0x07, 0xC5, 0x98, 0xF4, 0x2B,
    0x2F, 0xBC, 0xFF, 0x6C, 0x82, 0x49, 0xA8, 0x50, 0x6B, 0x87, 0x2E, 0x66, 0xF4, 0x8A, 0x43, 0xE1,
    0x7D, 0x10, 0xF9, 0xE0, 0x48, 0x3C, 0x92, 0x77, 0x6C, 0x0A, 0x4D, 0xCC, 0x97, 0x6D, 0x87, 0xEC,
    0x9B, 0x99, 0x49, 0x9C, 0xBF, 0x78, 0x8B, 0x7D, 0xEB, 0xE4, 0x35, 0x76, 0x2A, 0xEF, 0xB1, 0x2C,
    0xBE, 0xC8, 0x74, 0xC6, 0xA8, 0xB7, 0x77, 0x37, 0x72, 0x89, 0xEC, 0xD8, 0x5D, 0x67, 0x53, 0xE8,
    0xD8, 0x06, 0x54, 0x1D, 0x3B, 0x6E, 0xB6, 0x5D, 0xA9, 0xDB, 0x2D, 0xBB, 0xFA, 0xE1, 0xB7, 0xBA,
    0x82, 0x69, 0x33, 0xBD, 0x34, 0x95, 0xD3, 0x2E, 0x90, 0x83, 0xD4, 0x1B, 0x04, 0x64, 0x7D, 0x5C,
    0x7E, 0xC3, 0x85, 0xEC, 0xAE, 0x4F, 0xFC, 0x26, 0x65, 0x89, 0xEF, 0xA1, 0x3F, 0xF6, 0xE3, 0xD8,
    0x45, 0x6C, 0x27, 0x05, 0x31, 0x1F, 0xD3, 0x16, 0xBB, 0xD5, 0xDA, 0xF8, 0x7F, 0xD9, 0x96, 0x58,
    0xC5, 0xA5, 0x48, 0x92, 0xDC, 0xA6, 0x7F, 0x03, 0x65, 0x92, 0x01, 0x67, 0x1C, 0x41, 0x14, 0xC7,
    0xFF, 0x77, 0xA7, 0x37, 0xDA, 0xD1, 0x9B, 0x00, 0x8A, 0xDC, 0x6D, 0x01, 0x1A, 0xB7, 0x59, 0x58,
    0xAC, 0x9A, 0xDC, 0xDE, 0x47, 0x5A, 0x2C, 0x82, 0x48, 0xF6, 0x23, 0xDC, 0x47, 0x08, 0x8A, 0x13,
    0xC8, 0x96, 0x43, 0xD5, 0xE6, 0x7A, 0x9F, 0xA0, 0xEE, 0x13, 0xD4, 0x54, 0x4A, 0x29, 0x78, 0x64,
    0xE8, 0x6A, 0xF6, 0x76, 0xFB, 0x66, 0xB3, 0x49, 0xD2, 0x74, 0xFE, 0x33, 0xB3, 0xEF, 0x3D, 0xFC,
    0xBD, 0xF7, 0x9B, 0x55, 0x66, 0x56, 0xAC, 0x7C, 0x1A, 0x91, 0x6A, 0x35, 0x5A, 0xF9, 0xB3, 0x42,
    0x99, 0xBD, 0xB7, 0x40, 0x72, 0xBF, 0x70, 0x82, 0xAA, 0x5F, 0x09, 0xFD, 0x5A, 0x6B, 0x9D, 0xEB,
    0xA6, 0xB9, 0x58, 0x43, 0x43, 0xC7, 0xBB, 0xD9, 0x32, 0x42, 0x88, 0xF8, 0xC7, 0xC1, 0x15, 0x26,
    0x50, 0x98, 0x7C, 0x2E, 0x02, 0x23, 0xAA, 0x60, 0x79, 0x8C, 0x1C, 0xBF, 0x6D, 0x7D, 0xE5, 0x4C,
    0xF3, 0xC9, 0xAC, 0x90, 0xF6, 0x62, 0xD9, 0x54, 0x88, 0x90, 0x80, 0x7A, 0xDB, 0xC1, 0x66, 0x30,
    0x97, 0x18, 0x61, 0x0A, 0xCF, 0x9C, 0x96, 0xC4, 0x8E, 0x33, 0x0A, 0x4C, 0xEA, 0x5A, 0x18, 0xAD,
    0xAF, 0x02, 0xCB, 0xD5, 0x82, 0xC6, 0x9C, 0x79, 0xEB, 0x2F, 0xC1, 0x37, 0x8C, 0xA1, 0x0F, 0x6C,
    0xBC, 0x50, 0x70, 0x6A, 0xAA, 0xCB, 0xE5, 0xDD, 0x17, 0x7C, 0x2E, 0x96, 0xCE, 0x57, 0xB1, 0x53,
    0x84, 0x15, 0xE8, 0x41, 0x2B, 0xCE, 0xA7, 0x50, 0x7C, 0x8F, 0xA1, 0x20, 0xE6, 0x83, 0x8C, 0xB5,
    0x71, 0xB7, 0x98, 0x2B, 0xAE, 0x45, 0xB8, 0x2E, 0xEB, 0x35, 0xA9, 0x47, 0x0D, 0x17, 0x81, 0x3D,
    0xD6, 0xF9, 0xB8, 0xC3, 0xC0, 0x9D, 0xA4, 0x8C, 0x41, 0x9A, 0x3E, 0x27, 0x9A, 0xF6, 0x08, 0xFF,
    0x68, 0x98, 0x9D, 0xD9, 0xE4, 0x04, 0x9A, 0x95, 0x82, 0x06, 0x1B, 0xC5, 0xC1, 0x1F, 0xEE, 0x64,
    0xB8, 0x88, 0xAB, 0xB0, 0x25, 0xF1, 0xAA, 0x50, 0x25, 0x5C, 0xA4, 0xDC, 0x44, 0x4F, 0xF9, 0x25,
    0x0F, 0xFC, 0x0E, 0x96, 0xF1, 0x8E, 0xF9, 0xB1, 0x62, 0xF3, 0xFE, 0x09, 0xC1, 0xDE, 0x07, 0x55,
    0x1D, 0xB1, 0xF1, 0xC7, 0x45, 0x53, 0x95, 0x87, 0xAE, 0x9F, 0x95, 0x63, 0x68, 0x3A, 0x86, 0x29,
    0x08, 0xDB, 0x3E, 0x4F, 0x23, 0xE1, 0x66, 0x79, 0x83, 0x61, 0x16, 0xDB, 0x95, 0x26, 0xFD, 0xE9,
    0x38, 0x30, 0x87, 0x96, 0x9F, 0x52, 0x39, 0x8E, 0x9E, 0xE5, 0x7A, 0xC9, 0xF5, 0x11, 0xCB, 0x3B,
    0x5D, 0x7B, 0x5F, 0x3B, 0x92, 0x99, 0xE3, 0x77, 0xD9, 0x72, 0xBB, 0x27, 0xD9, 0x3A, 0xE3, 0x91,
    0x65, 0x8A, 0x1C, 0xD4, 0x29, 0xE7, 0xEC, 0x29, 0x4D, 0x39, 0x17, 0x2D, 0x4D, 0x56, 0x26, 0x32,
    0xD9, 0xF1, 0x94, 0x15, 0x5E, 0x2A, 0x40, 0x40, 0x36, 0x38, 0x12, 0x48, 0x04, 0x22, 0x0F, 0xDE,
    0x35, 0x44, 0x09, 0x7F, 0x82, 0x50, 0xE0, 0xAC, 0x61, 0x1F, 0x84, 0x80, 0xFF, 0x02, 0x62, 0xE7,
    0xB6, 0x2F, 0xE7, 0x61, 0x7F, 0x93, 0xF4, 0xDC, 0xE6, 0x80, 0x53, 0x2E, 0x86, 0x0A, 0xFB, 0x53,
    0xC8, 0x04, 0x83, 0x2D, 0x06, 0x06, 0x2A, 0xC4, 0x74, 0x1F, 0xA9, 0x04, 0x33, 0xDC, 0x1B, 0x03,
    0x77, 0x3E, 0x12, 0xA1, 0x84, 0xEF, 0x43, 0xDA, 0xAE, 0xC7, 0x9B, 0x67, 0xAF, 0xD9, 0xF5, 0x1E,
    0x91, 0xB9, 0xC9, 0x1A, 0xDC, 0x66, 0xB4, 0xA5, 0x94, 0xA6, 0xF4, 0xB8, 0x7E, 0x7E, 0xDF, 0xA1,
    0xBE, 0xBD, 0x04, 0x1D, 0x49, 0x90, 0xFE, 0xFF, 0x3C, 0xFF, 0x3D, 0xAE, 0x6D, 0x5D, 0xD0, 0xA4,
    0x8D, 0x27, 0x75, 0x71, 0x63, 0xEF, 0xE1, 0x04, 0xA6, 0xCE, 0x09, 0xEF, 0x80, 0x73, 0x44, 0xBF,
    0xCA, 0x33, 0xD3, 0x83, 0x84, 0x42, 0x4C, 0xC1, 0xB9, 0x42, 0xA7, 0x73, 0x41, 0x7F, 0x01, 0x95,
    0xD6, 0x01, 0x84, 0x24, 0xD9, 0x19, 0xC0, 0xF1, 0x7F, 0xD5, 0xB3, 0x5B, 0xA1, 0x72, 0xF3, 0x0E,
    0xC1, 0xB1, 0xB7, 0xF7, 0xE0, 0x40, 0xB2, 0x37, 0x05, 0x8B, 0x41, 0xF5, 0xF4, 0x4B, 0x8E, 0x04,
    0xB0, 0x47, 0x2C, 0x08, 0x04, 0x21, 0x20, 0xD9, 0xC5, 0x62, 0x50, 0x7B, 0x5D, 0x04, 0x11, 0x8B,
    0x0C, 0x00, 0x90, 0x05, 0x70, 0x30, 0x83, 0x41, 0xA3, 0x77, 0xBA, 0x92, 0xC5, 0x01, 0xD9, 0xDA,
    0x3B, 0x04, 0x70, 0x15, 0x96, 0x90, 0xC5, 0xBE, 0xF0, 0xE2, 0x6A, 0x93, 0x9E, 0xFA, 0xF2, 0xBD,
    0xEB, 0xD1, 0xC6, 0xDE, 0x72, 0x32, 0xF3, 0x7E, 0xFF, 0xEE, 0x6F, 0x5E, 0x4F, 0xA1, 0xAA, 0x6A,
    0xCC, 0xF5, 0x09, 0x9C, 0x78, 0x0E, 0x33, 0x58, 0x01, 0x31, 0xB1, 0xE2, 0xA3, 0x93, 0x36, 0x3A,
    0x58, 0xAA, 0x4F, 0x55, 0x25, 0xC2, 0x75, 0x85, 0xE3, 0x0D, 0xE2, 0x55, 0x8B, 0x7D, 0x07, 0xF6,
    0xDE, 0x87, 0xEA, 0x82, 0x5C, 0xA4, 0xB5, 0x9B, 0x39, 0x55, 0x73, 0x9B, 0xD9, 0xC1, 0x7D, 0x56,
    0xB7, 0x4F, 0x19, 0xEF, 0x9F, 0x12, 0x4F, 0x07, 0x62, 0xE8, 0x89, 0x7F, 0x57, 0x5F, 0x74, 0x3C,
    0xF9, 0x4B, 0xC7, 0xE2, 0x69, 0xCB, 0xFC, 0xA9, 0xC7, 0xFE, 0xED, 0xA7, 0x14, 0x22, 0x14, 0x27,
    0xAF, 0x29, 0xF7, 0x20, 0x1D, 0x8E, 0xC5, 0x88, 0x11, 0xC1, 0xF6, 0xD7, 0x98, 0x03, 0x33, 0xB5,
    0x52, 0x63, 0xBD, 0x20, 0x1E, 0x0A, 0x71, 0xDE, 0xEA, 0x2B, 0xC4, 0x19, 0x8C, 0x6A, 0xA5, 0x1A,
    0x35, 0x57, 0xEE, 0xE2, 0x1A, 0x85, 0x4C, 0xB0, 0x1E, 0xB1, 0x22, 0x69, 0x79, 0xDE, 0x5C, 0x72,
    0x61, 0x65, 0xDA, 0x8D, 0x22, 0x69, 0xED, 0x46, 0xAA, 0xD7, 0x20, 0x42, 0x1E, 0xAE, 0x61, 0x3A,
    0x12, 0x8A, 0x4B, 0x22, 0x21, 0xF9, 0xD6, 0xFB, 0xC4, 0xB6, 0x50, 0x01, 0x22, 0xD2, 0x25, 0xC0,
    0x99, 0x22, 0xA8, 0xAC, 0x27, 0xAC, 0x7F, 0x27, 0xC3, 0xD7, 0xF2, 0xB5, 0x6C, 0xA6, 0x4C, 0xFC,
    0xC3, 0x0D, 0xE7, 0x1C, 0x8E, 0x34, 0xEC, 0xC7, 0x6D, 0x56, 0x29, 0x1B, 0x4D, 0x9E, 0x62, 0x52,
    0xCA, 0x95, 0xC6, 0xA6, 0xDD, 0x9B, 0x29, 0xB5, 0x86, 0x07, 0x57, 0x0E, 0x09, 0xAE, 0x73, 0x5B,
    0x83, 0x0A, 0xEA, 0x4C, 0x1D, 0x38, 0x44, 0x24, 0x9C, 0xAC, 0x4F, 0x1E, 0xBB, 0x3D, 0x9D, 0xED,
    0x76, 0x4E, 0x9C, 0xF9, 0x0A, 0x97, 0xBF, 0xC2, 0x21, 0x97, 0x16, 0x6A, 0x8E, 0xBC, 0x06, 0x44,
    0x5A, 0x88, 0x65, 0xAF, 0xC9, 0x83, 0x26, 0x0B, 0xA7, 0x29, 0x41, 0xF3, 0x2F, 0x8D, 0xF9, 0xAF,
    0x10, 0x9D, 0x08, 0x22, 0x59, 0x40, 0x5E, 0x68, 0x22, 0x6F, 0x0B, 0x29, 0x88, 0xD7, 0xCC, 0xBD,
    0x8C, 0x80, 0x08, 0x10, 0x5D, 0xAB, 0x29, 0x3A, 0x52, 0xD6, 0xC7, 0xB1, 0xF8, 0x5C, 0x86, 0x58,
    0x3E, 0x6B, 0x7D, 0x74, 0x77, 0x3C, 0x32, 0xD9, 0x16, 0x19, 0x8B, 0x81, 0x78, 0x94, 0x4F, 0xC4,
    0x9A, 0xAA, 0x8B, 0xFB, 0x14, 0x43, 0x74, 0x64, 0x21, 0x5A, 0xAF, 0x29, 0xFF, 0x60, 0x42, 0x34,
    0xCF, 0xA4, 0x8F, 0xE6, 0xE5, 0xC4, 0x99, 0xE9, 0xF6, 0xCE, 0x8A, 0xFE, 0x83, 0xA3, 0x72, 0xF8,
    0xE8, 0xA0, 0x0C, 0xB7, 0xEA, 0xBD, 0xD3, 0xBA, 0xDE, 0xBB, 0x5F, 0xDF, 0xBA, 0xF9, 0xE0, 0xE0,
    0xA3, 0x9B, 0x07, 0x47, 0x22, 0x22, 0x27, 0xE7, 0xE7, 0xFF, 0xB1, 0xF5, 0xAD, 0x53, 0x7B, 0xF0,
    0x7E, 0x28, 0x1F, 0xDC, 0x0C, 0xE5, 0xD9, 0x3B, 0x43, 0x11, 0x6C, 0x6F, 0x92, 0xA1, 0xEC, 0xCC,
    0x50, 0x74, 0x22, 0xDE, 0x89, 0x04, 0x17, 0xB3, 0xD1, 0x45, 0x1A, 0x17, 0x9B, 0x5A, 0xCD, 0xBE,
    0x03, 0xC9, 0xBE, 0x7A, 0x12, 0x17, 0x32, 0xAA, 0x63, 0x70, 0x30, 0x97, 0x90, 0x80, 0x23, 0xC9,
    0x27, 0x87, 0x93, 0xAF, 0x98, 0xB3, 0xA6, 0xD1, 0x2E, 0xA9, 0x88, 0xB8, 0xAB, 0x18, 0xA9, 0xD2,
    0x5E, 0xFA, 0x4C, 0xFA, 0x2C, 0xF9, 0x64, 0x01, 0x00, 0xB0, 0x22, 0x5D, 0x42, 0x39, 0x79, 0xD6,
    0xD2, 0xE7, 0x31, 0x6B, 0x4D, 0x0F, 0x65, 0x0B, 0xD6, 0xEF, 0xEE, 0x41, 0x1C, 0xA8, 0xED, 0x7C,
    0xF2, 0xCF, 0xC7, 0x69, 0x8F, 0xB2, 0x03, 0x33, 0x40, 0x36, 0xE2, 0x59, 0x6C, 0x8F, 0x61, 0x7D,
    0xD9, 0x59, 0xEF, 0xB0, 0x7E, 0xA6, 0x46, 0xEC, 0x4F, 0x02, 0xF6, 0x67, 0x1D, 0x56, 0xAF, 0x80,
    0xFD, 0x2D, 0x88, 0x08, 0x27, 0xF2, 0x19, 0xF6, 0x99, 0xCE, 0x1F, 0x77, 0xBA, 0x3F, 0x60, 0x7D,
    0x54, 0x8D, 0xAA, 0x54, 0xFA, 0x2E, 0xBA, 0xDD, 0x3D, 0xEE, 0x60, 0xEB, 0xFB, 0xAA, 0x51, 0x01,
    0xAA, 0x16, 0x04, 0x8A, 0x57, 0xB7, 0xB0, 0x6E, 0x04, 0xD7, 0xC3, 0x02, 0x72, 0x01, 0xFB, 0x27,
    0xB8, 0xE6, 0x80, 0x4B, 0x37, 0xE4, 0x18, 0x98, 0xCB, 0x05, 0xF0, 0x03, 0x16, 0x1E, 0xF8, 0x55,
    0xD9, 0x01, 0x67, 0x66, 0x00, 0x42, 0x16, 0x52, 0xD1, 0x6E, 0xEF, 0xAC, 0x7C, 0x48, 0x35, 0x3D,
    0xA1, 0x1C, 0x4C, 0x97, 0x85, 0xC5, 0x85, 0xE9, 0xF2, 0x61, 0x9C, 0x17, 0x9D, 0xF9, 0x62, 0x70,
    0x65, 0x6B, 0x9F, 0xF6, 0xCE, 0xFA, 0xB9, 0xE9, 0x2A, 0x9B, 0x6F, 0x8A, 0xEE, 0xA1, 0x95, 0xA1,
    0x94, 0xD1, 0x4D, 0x94, 0xEB, 0x1E, 0xB0, 0xB0, 0xAB, 0x53, 0xB0, 0xAF, 0x60, 0xA6, 0xA0, 0x56,
    0xD9, 0x05, 0x14, 0xE2, 0xB1, 0x8F, 0xBA, 0x74, 0x62, 0x76, 0xCA, 0x47, 0x9E, 0xE2, 0x8F, 0x60,
    0xFE, 0x0A, 0xF9, 0x06, 0x18, 0x55, 0x20, 0xFF, 0xF1, 0x88, 0x79, 0xBA, 0xC1, 0xBE, 0xFC, 0x0D,
    0x1F, 0x4C, 0x8E, 0xBA, 0xB6, 0x1C, 0x7D, 0x58, 0xB6, 0x50, 0x74, 0x3B, 0x94, 0x1D, 0xB9, 0xF8,
    0x74, 0x6C, 0x2B, 0xC7, 0x6A, 0x83, 0xF5, 0x9F, 0xEE, 0x9E, 0xC9, 0xED, 0x39, 0xB5, 0xBB, 0x39,
    0xED, 0x59, 0x19, 0x55, 0x8B, 0xF5, 0xBC, 0x15, 0x04, 0xD2, 0xC9, 0xCB, 0x44, 0xC6, 0xF2, 0x45,
    0xF8, 0xA5, 0xF3, 0x81, 0x43, 0x02, 0x8D, 0x5A, 0xAA, 0x98, 0x20, 0x9B, 0xAD, 0xD0, 0x8C, 0x6A,
    0xA5, 0x66, 0xAA, 0xF2, 0xA1, 0xB1, 0x43, 0x68, 0x72, 0x91, 0x0D, 0x95, 0x3C, 0x86, 0x40, 0x82,
    0x51, 0x14, 0x11, 0x28, 0x47, 0xC0, 0xD6, 0x80, 0x9B, 0x01, 0x33, 0x07, 0x3F, 0x3C, 0x3F, 0xF9,
    0x8C, 0xB9, 0x88, 0x6C, 0x9F, 0xE1, 0x2C, 0x98, 0x6E, 0x3B, 0xA6, 0x50, 0x74, 0x04, 0xCA, 0x96,
    0x11, 0xEB, 0x69, 0x70, 0x30, 0x63, 0x1F, 0x5D, 0x33, 0x70, 0xE4, 0xF2, 0x02, 0x2B, 0x13, 0xD7,
    0xA8, 0x00, 0xEB, 0x15, 0xBB, 0x3B, 0xA8, 0x18, 0x61, 0xDD, 0xA6, 0x97, 0xDD, 0xCF, 0x66, 0x40,
    0x72, 0xA8, 0x2A, 0x7F, 0x1D, 0x2B, 0xE2, 0xB3, 0xF5, 0x6B, 0x30, 0x1D, 0x54, 0x93, 0xCF, 0x45,
    0x7A, 0xFB, 0xE5, 0x9F, 0xDB, 0x4A, 0xE7, 0x99, 0x6A, 0xD4, 0x52, 0xC5, 0x37, 0x8C, 0x6A, 0xA5,
    0x1E, 0xAA, 0xB9, 0xB2, 0x5F, 0x76, 0xBE, 0x10, 0xE9, 0x58, 0x4B, 0x8B, 0xCE, 0x89, 0xF1, 0xB7,
    0x29, 0xFC, 0x03, 0x4A, 0x7F, 0xC6, 0xBD, 0xDD, 0x15, 0x88, 0x7C, 0xB7, 0x8D, 0x5A, 0x8C, 0xD6,
    0xBB, 0x08, 0x0B, 0x65, 0x64, 0x02, 0xDB, 0x7D, 0x4F, 0xB3, 0xBB, 0xBF, 0x2C, 0x29, 0x1D, 0x60,
    0x46, 0x80, 0x75, 0x0B, 0x94, 0x11, 0xE0, 0x89, 0xC2, 0xF1, 0xF0, 0xC9, 0x43, 0xCB, 0xE7, 0x8F,
    0x7E, 0x6F, 0xFD, 0x3F, 0x8C, 0x71, 0x2C, 0x3E, 0x36, 0xE7, 0x58, 0x91, 0x11, 0x73, 0x22, 0x2D,
    0xC6, 0x18, 0xB6, 0xD9, 0x9D, 0x2F, 0x00, 0xAE, 0xCC, 0x33, 0xF8, 0x7F, 0xDC, 0xBD, 0xFB, 0x89,
    0x48, 0xF8, 0xC5, 0xBF, 0x3F, 0x21, 0x72, 0xF7, 0x49, 0x7A, 0xAF, 0x65, 0x49, 0x1E, 0x90, 0x9E,
    0x09, 0x1A, 0xB6, 0x17, 0x0D, 0xEB, 0x29, 0x3A, 0xCC, 0x00, 0x01, 0x96, 0x98, 0x9E, 0x4B, 0xF7,
    0x31, 0x2F, 0x03, 0xC5, 0x04, 0x8B, 0x1E, 0x7E, 0xFD, 0x3C, 0x60, 0xA4, 0xE7, 0xC6, 0x08, 0xEB,
    0xDE, 0x74, 0x3F, 0x57, 0xE6, 0x1B, 0xA5, 0xB2, 0xDE, 0xF4, 0x15, 0xE6, 0xF9, 0x05, 0x46, 0x22,
    0x66, 0xF2, 0x54, 0x3D, 0xB0, 0x8E, 0x40, 0x5C, 0x01, 0x63, 0x03, 0x2C, 0x44, 0x26, 0x7F, 0x43,
    0x44, 0x06, 0x1A, 0x88, 0x29, 0x47, 0x34, 0xEF, 0xBE, 0x5B, 0xD3, 0x2C, 0x43, 0xCD, 0xA1, 0x6C,
    0x8E, 0x98, 0xDF, 0xB9, 0x13, 0x99, 0xE5, 0xF9, 0xC0, 0x04, 0xE4, 0xAF, 0x00, 0xCA, 0x1E, 0x30,
    0xB2, 0x01, 0xEE, 0x8D, 0x90, 0x05, 0xDE, 0x9E, 0x7B, 0x72, 0x4C, 0x21, 0xB2, 0xC1, 0x3D, 0x0F,
    0x6B, 0x0E, 0xB3, 0x60, 0xDB, 0x26, 0x0B, 0x45, 0xB7, 0xCC, 0x82, 0xE9, 0xA3, 0x66, 0xD0, 0xE4,
    0x97, 0x81, 0x6F, 0xC5, 0xCA, 0x80, 0x95, 0x09, 0xEB, 0xAB, 0xCB, 0x3F, 0xA1, 0xC5, 0x15, 0xB6,
    0xB5, 0x7E, 0x81, 0xC8, 0x46, 0x1D, 0xEF, 0x1E, 0x51, 0x11, 0x9F, 0xEC, 0xE6, 0x84, 0xF7, 0x3E,
    0x84, 0xBA, 0x86, 0xC5, 0x05, 0x66, 0xFB, 0xCF, 0x52, 0xA8, 0xEA, 0x7A, 0xAC, 0xF5, 0x6B, 0x55,
    0xD7, 0x33, 0x7D, 0xB3, 0x1F, 0xEB, 0xDA, 0x7D, 0x03, 0x48, 0x96, 0xAA, 0x51, 0x87, 0x6C, 0x8F,
    0x51, 0x0C, 0xF0, 0x23, 0x91, 0xCD, 0x5C, 0x95, 0x35, 0xDB, 0x25, 0x13, 0x22, 0x7D, 0x2C, 0x42,
    0x44, 0x57, 0x4C, 0x35, 0x83, 0x88, 0x17, 0x69, 0x63, 0x1E, 0x22, 0xCB, 0x48, 0x73, 0xB9, 0x18,
    0x63, 0x1E, 0x45, 0x06, 0x99, 0xFC, 0xF6, 0x77, 0xAF, 0xBF, 0x47, 0xB6, 0x1E, 0xAC, 0x84, 0xB9,
    0x7F, 0xB7, 0x81, 0x25, 0xC4, 0x2B, 0x4B, 0xC7, 0x06, 0x74, 0xCB, 0x4A, 0xC8, 0xA4, 0x07, 0x00,
    0x91, 0xA0, 0xEB, 0x7F, 0xDB, 0xFF, 0x1F, 0x04, 0x00, 0xB5, 0xCF, 0x01, 0x46, 0x45, 0x41, 0x14,
    0x06, 0xE0, 0xFF, 0xDE, 0xC1, 0xC3, 0xC1, 0x2C, 0x61, 0x96, 0xF0, 0x56, 0x70, 0xDD, 0xD9, 0x51,
    0x1B, 0x88, 0x29, 0x2D, 0xA0, 0xB7, 0xA0, 0xB8, 0x93, 0x00, 0xA1, 0x69, 0x07, 0xD1, 0x06, 0x8E,
    0xBA, 0x18, 0x8C, 0xFE, 0xCE, 0x7D, 0x53, 0x12, 0x50, 0x4F, 0x39, 0xFE, 0x0F, 0xFF, 0x30, 0xC7,
    0xC1, 0x52, 0xF6, 0xEA, 0x58, 0xA8, 0x92, 0x47, 0x85, 0x8F, 0xAE, 0x74, 0x12, 0x03, 0x33, 0x39,
    0x33, 0xF7, 0xEE, 0x34, 0xB0, 0xDC, 0x63, 0xC7, 0x87, 0x28, 0x59, 0xAC, 0xC0, 0x31, 0x89, 0x3E,
    0xD2, 0xF2, 0xDB, 0xC1, 0x72, 0x1D, 0xFB, 0x5F, 0x5F, 0xDD, 0xE9, 0x7F, 0x95, 0xFD, 0x4B, 0x76,
    0xBC, 0xE5, 0x6B, 0x91, 0xEC, 0x74, 0xEC, 0x57, 0xA2, 0xBB, 0xDD, 0x7E, 0x57, 0xC8, 0xD9, 0xDC,
    0x1A, 0xF7, 0x07, 0x6E, 0x1B, 0x9F, 0x8B, 0xE3, 0xE3, 0xC7, 0xC6, 0xEF, 0xAF, 0xFF, 0xB1, 0x51,
    0xDE, 0x80, 0x99, 0x4F, 0xB8, 0x19, 0x15, 0xEB, 0xE7, 0x08, 0x75, 0xF5, 0x16, 0xFC, 0x64, 0x9A,
    0x25, 0xE9, 0x8A, 0xA0, 0x18, 0x96, 0x03, 0x20, 0xAC, 0x80, 0xBF, 0x38, 0x07, 0x02, 0x26, 0xC0,
    0x1B, 0xC2, 0x4B, 0xB6, 0xC4, 0x2B, 0xB6, 0x3A, 0x60, 0xC2, 0x0A, 0xA3, 0x6E, 0xA4, 0x68, 0x84,
    0x6A, 0x0C, 0x34, 0x10, 0xB2, 0xE1, 0x8E, 0x94, 0x09, 0x07, 0xC9, 0x33, 0xC8, 0x18, 0xDA, 0x59,
    0xC5, 0xAE, 0xBD, 0x03, 0x62, 0x80, 0x02, 0x76, 0x07, 0x40, 0x05, 0x72, 0x6C, 0x84, 0x40, 0x08,
    0x85, 0x61, 0xF0, 0x83, 0x84, 0x80, 0x1E, 0xA4, 0x04, 0x4A, 0xF0, 0xC6, 0x86, 0xEC, 0xE0, 0xC0,
    0xC6, 0x64, 0xEC, 0x80, 0x12, 0x48, 0xCD, 0x2E, 0x20, 0x20, 0xC1, 0xDF, 0x79, 0xC9, 0x06, 0x6B,
    0xA6, 0x6E, 0x96, 0x09, 0x38, 0x6D, 0xEB, 0x6F, 0x3B, 0xE0, 0x46, 0xE8, 0x70, 0xE2, 0x27, 0x4E,
    0xCF, 0xD7, 0x26, 0x48, 0x1F, 0x1D, 0x49, 0x7A, 0xA8, 0x17, 0xED, 0xA0, 0xD9, 0x34, 0x93, 0x56,
    0xD6, 0x55, 0x34, 0xA2, 0x46, 0x53, 0xF5, 0x92, 0x7E, 0xD0, 0xA4, 0x05, 0xF9, 0x6A, 0x03, 0x62,
    0xBF, 0x57, 0xF0, 0xE3, 0x04, 0x78, 0x2F, 0x33, 0x0F, 0x33, 0x56, 0xD3, 0x01, 0x7F,
};

static const EpdGlyph notosans_12_regularGlyphs[] = {
    { 0, 0, 0, 0, 0, 0, 0 }, // U+0000
    { 0, 0, 104, 0, 0, 0, 0 }, // U+000D
    { 0, 0, 104, 0, 0, 0, 0 }, // U+0020
    { 3, 18, 108, 2, 18, 14, 0 }, // !
    { 8, 7, 163, 1, 18, 14, 14 }, // "
    { 15, 18, 258, 1, 18, 68, 28 }, // #
    { 12, 21, 229, 2, 19, 63, 96 }, // $
    { 18, 18, 332, 1, 18, 81, 159 }, // %
    { 18, 18, 293, 1, 18, 81, 240 }, // &
    { 3, 7, 90, 1, 18, 6, 321 }, // '
    { 6, 23, 120, 1, 18, 35, 327 }, // (
    { 7, 23, 120, 0, 18, 41, 362 }, // )
    { 12, 12, 220, 1, 19, 36, 403 }, // *
    { 12, 12, 229, 1, 15, 36, 439 }, // +
    { 4, 6, 107, 1, 3, 6, 475 }, // ,
    { 6, 2, 129, 1, 8, 3, 481 }, // -
    { 3, 3, 107, 2, 3, 3, 484 }, // .
    { 10, 18, 149, 0, 18, 45, 487 }, // /
    { 12, 18, 229, 1, 18, 54, 532 }, // 0
    { 8, 18, 229, 2, 18, 36, 586 }, // 1
    { 12, 18, 229, 1, 18, 54, 622 }, // 2
    { 12, 18, 229, 1, 18, 54, 676 }, // 3
    { 13, 18, 229, 1, 18, 59, 730 }, // 4
    { 12, 18, 229, 2, 18, 54, 789 }, // 5
    { 12, 18, 229, 1, 18, 54, 843 }, // 6
    { 12, 18, 229, 1, 18, 54, 897 }, // 7
    { 12, 18, 229, 1, 18, 54, 951 }, // 8
    { 12, 18, 229, 1, 18, 54, 1005 }, // 9
    { 3, 14, 107, 2, 14, 11, 1059 }, // :
    { 4, 17, 107, 1, 14, 17, 1070 }, // ;
    { 12, 14, 229, 1, 16, 42, 1087 }, // <
    { 11, 7, 229, 1, 13, 20, 1129 }, // =
    { 12, 14, 229, 1, 16, 42, 1149 }, // >
    { 11, 18, 174, 0, 18, 50, 1191 }, // ?
    { 20, 20, 360, 1, 18, 100, 1241 }, // @
    { 16, 18, 256, 0, 18, 72, 1341 }, // A
    { 13, 18, 260, 2, 18, 59, 1413 }, // B
    { 14, 18, 253, 2, 18, 63, 1472 }, // C
    { 15, 18, 292, 2, 18, 68, 1535 }, // D
    { 10, 18, 222, 2, 18, 45, 1603 }, // E
    { 10, 18, 208, 2, 18, 45, 1648 }, // F
    { 15, 18, 291, 2, 18, 68, 1693 }, // G
    { 14, 18, 296, 2, 18, 63, 1761 }, // H
    { 6, 18, 136, 1, 18, 27, 1824 }, // I
    { 7, 23, 109, -2, 18, 41, 1851 }, // J
    { 14, 18, 248, 2, 18, 63, 1892 }, // K
    { 10, 18, 210, 2, 18, 45, 1955 }, // L
    { 18, 18, 363, 2, 18, 81, 2000 }, // M
    { 15, 18, 304, 2, 18, 68, 2081 }, // N
    { 17, 18, 312, 2, 18, 77, 2149 }, // O
    { 12, 18, 242, 2, 18, 54, 2226 }, // P
    { 17, 22, 312, 2, 18, 94, 2280 }, // Q
    { 13, 18, 249, 2, 18, 59, 2374 }, // R
    { 12, 18, 220, 1, 18, 54, 2433 }, // S
    { 13, 18, 222, 1, 18, 59, 2487 }, // T
    { 14, 18, 292, 2, 18, 63, 2546 }, // U
    { 15, 18, 240, 0, 18, 68, 2609 }, // V
    { 23, 18, 372, 0, 18, 104, 2677 }, // W
    { 15, 18, 234, 0, 18, 68, 2781 }, // X
    { 15, 18, 226, 0, 18, 68, 2849 }, // Y
    { 12, 18, 229, 1, 18, 54, 2917 }, // Z
    { 6, 22, 132, 2, 18, 33, 2971 }, // [
    { 10, 18, 149, 0, 18, 45, 3004 }, // <backslash>
    { 7, 22, 132, 0, 18, 39, 3049 }, // ]
    { 14, 12, 229, 0, 19, 42, 3088 }, // ^
    { 11, 2, 178, 0, -2, 6, 3130 }, // _
    { 6, 4, 112, 1, 20, 6, 3136 }, // `
    { 11, 14, 224, 1, 14, 39, 3142 }, // a
    { 12, 19, 246, 2, 19, 57, 3181 }, // b
    { 10, 14, 192, 1, 14, 35, 3238 }, // c
    { 12, 19, 246, 1, 19, 57, 3273 }, // d
    { 12, 14, 226, 1, 14, 42, 3330 }, // e
    { 10, 19, 138, 1, 19, 48, 3372 }, // f
    { 12, 20, 246, 1, 14, 60, 3420 }, // g
    { 12, 19, 247, 2, 19, 57, 3480 }, // h
    { 3, 19, 103, 2, 19, 15, 3537 }, // i
    { 7, 25, 103, -2, 19, 44, 3552 }, // j
    { 12, 19, 214, 2, 19, 57, 3596 }, // k
    { 3, 19, 103, 2, 19, 15, 3653 }, // l
    { 20, 14, 374, 2, 14, 70, 3668 }, // m
    { 12, 14, 247, 2, 14, 42, 3738 }, // n
    { 13, 14, 242, 1, 14, 46, 3780 }, // o
    { 12, 20, 246, 2, 14, 60, 3826 }, // p
    { 12, 20, 246, 1, 14, 60, 3886 }, // q
    { 8, 14, 165, 2, 14, 28, 3946 }, // r
    { 10, 14, 192, 1, 14, 35, 3974 }, // s
    { 8, 17, 144, 1, 17, 34, 4009 }, // t
    { 12, 14, 247, 2, 14, 42, 4043 }, // u
    { 13, 14, 203, 0, 14, 46, 4085 }, // v
    { 20, 14, 314, 0, 14, 70, 4131 }, // w
    { 13, 14, 212, 0, 14, 46, 4201 }, // x
    { 14, 20, 204, -1, 14, 70, 4247 }, // y
    { 10, 14, 188, 1, 14, 35, 4317 }, // z
    { 8, 22, 152, 1, 18, 44, 4352 }, // {
    { 3, 25, 220, 6, 19, 19, 4396 }, // |
    { 8, 22, 152, 1, 18, 44, 4415 }, // }
    { 12, 3, 229, 1, 10, 9, 4459 }, // ~
    { 0, 0, 104, 0, 0, 0, 0 }, // U+00A0
    { 3, 18, 108, 2, 14, 14, 0 }, // U+00A1
    { 10, 18, 229, 2, 18, 45, 14 }, // U+00A2
    { 13, 18, 229, 1, 18, 59, 59 }, // U+00A3
    { 12, 12, 229, 1, 15, 36, 118 }, // U+00A4
    { 14, 18, 229, 0, 18, 63, 154 }, // U+00A5
    { 3, 25, 220, 6, 19, 19, 217 }, // U+00A6
    { 10, 19, 205, 2, 19, 48, 236 }, // U+00A7
    { 7, 3, 232, 4, 19, 6, 284 }, // U+00A8
    { 19, 19, 333, 0, 19, 91, 290 }, // U+00A9
    { 8, 9, 143, 0, 19, 18, 381 }, // U+00AA
    { 11, 12, 204, 1, 13, 33, 399 }, // U+00AB
    { 13, 7, 229, 1, 10, 23, 432 }, // U+00AC
    { 6, 2, 129, 1, 8, 3, 455 }, // U+00AD
    { 19, 19, 333, 0, 19, 91, 458 }, // U+00AE
    { 13, 2, 200, 0, 21, 7, 549 }, // U+00AF
    { 8, 8, 171, 1, 19, 16, 556 }, // U+00B0
    { 12, 15, 229, 1, 15, 45, 572 }, // U+00B1
    { 7, 11, 140, 1, 21, 20, 617 }, // U+00B2
    { 8, 11, 140, 0, 21, 22, 637 }, // U+00B3
    { 6, 4, 112, 1, 20, 6, 659 }, // U+00B4
    { 12, 20, 249, 2, 14, 60, 665 }, // U+00B5
    { 13, 24, 262, 1, 19, 78, 725 }, // U+00B6
    { 3, 3, 107, 2, 10, 3, 803 }, // U+00B7
    { 7, 7, 90, 0, 0, 13, 806 }, // U+00B8
    { 6, 11, 140, 0, 21, 17, 819 }, // U+00B9
    { 9, 9, 150, 0, 19, 21, 836 }, // U+00BA
    { 11, 12, 204, 1, 13, 33, 857 }, // U+00BB
    { 18, 18, 298, 0, 18, 81, 890 }, // U+00BC
    { 18, 18, 308, 0, 18, 81, 971 }, // U+00BD
    { 19, 18, 312, 0, 18, 86, 1052 }, // U+00BE
    { 10, 18, 174, 1, 14, 45, 1138 }, // U+00BF
    { 16, 24, 256, 0, 24, 96, 1183 }, // U+00C0
    { 16, 24, 256, 0, 24, 96, 1279 }, // U+00C1
    { 16, 24, 256, 0, 24, 96, 1375 }, // U+00C2
    { 16, 23, 256, 0, 23, 92, 1471 }, // U+00C3
    { 17, 23, 256, -1, 23, 98, 1563 }, // U+00C4
    { 17, 22, 256, -1, 22, 94, 1661 }, // U+00C5
    { 22, 18, 352, -1, 18, 99, 1755 }, // U+00C6
    { 14, 24, 253, 2, 18, 84, 1854 }, // U+00C7
    { 10, 24, 222, 2, 24, 60, 1938 }, // U+00C8
    { 10, 24, 222, 2, 24, 60, 1998 }, // U+00C9
    { 10, 24, 222, 2, 24, 60, 2058 }, // U+00CA
    { 10, 23, 222, 2, 23, 58, 2118 }, // U+00CB
    { 6, 24, 136, 1, 24, 36, 2176 }, // U+00CC
    { 7, 24, 136, 1, 24, 42, 2212 }, // U+00CD
    { 9, 24, 136, 0, 24, 54, 2254 }, // U+00CE
    { 7, 23, 136, 1, 23, 41, 2308 }, // U+00CF
    { 16, 18, 292, 1, 18, 72, 2349 }, // U+00D0
    { 15, 23, 304, 2, 23, 87, 2421 }, // U+00D1
    { 17, 25, 312, 2, 25, 107, 2508 }, // U+00D2
    { 17, 25, 312, 2, 25, 107, 2615 }, // U+00D3
    { 17, 25, 312, 2, 25, 107, 2722 }, // U+00D4
    { 17, 24, 312, 2, 24, 102, 2829 }, // U+00D5
    { 17, 24, 312, 2, 24, 102, 2931 }, // U+00D6
    { 12, 12, 229, 1, 15, 36, 3033 }, // U+00D7
    { 17, 20, 312, 2, 19, 85, 3069 }, // U+00D8
    { 14, 25, 292, 2, 25, 88, 3154 }, // U+00D9
    { 14, 25, 292, 2, 25, 88, 3242 }, // U+00DA
    { 14, 25, 292, 2, 25, 88, 3330 }, // U+00DB
    { 14, 24, 292, 2, 24, 84, 3418 }, // U+00DC
    { 15, 24, 226, 0, 24, 90, 3502 }, // U+00DD
    { 12, 18, 242, 2, 18, 54, 3592 }, // U+00DE
    { 13, 19, 252, 2, 19, 62, 0 }, // U+00DF
    { 11, 19, 224, 1, 19, 53, 62 }, // U+00E0
    { 11, 19, 224, 1, 19, 53, 115 }, // U+00E1
    { 11, 19, 224, 1, 19, 53, 168 }, // U+00E2
    { 11, 18, 224, 1, 18, 50, 221 }, // U+00E3
    { 11, 18, 224, 1, 18, 50, 271 }, // U+00E4
    { 11, 21, 224, 1, 21, 58, 321 }, // U+00E5
    { 19, 14, 346, 1, 14, 67, 379 }, // U+00E6
    { 10, 20, 192, 1, 14, 50, 446 }, // U+00E7
    { 12, 19, 226, 1, 19, 57, 496 }, // U+00E8
    { 12, 19, 226, 1, 19, 57, 553 }, // U+00E9
    { 12, 19, 226, 1, 19, 57, 610 }, // U+00EA
    { 12, 18, 226, 1, 18, 54, 667 }, // U+00EB
    { 6, 19, 103, -1, 19, 29, 721 }, // U+00EC
    { 6, 19, 103, 1, 19, 29, 750 }, // U+00ED
    { 10, 19, 103, -2, 19, 48, 779 }, // U+00EE
    { 8, 18, 103, 0, 18, 36, 827 }, // U+00EF
    { 13, 20, 242, 1, 20, 65, 863 }, // U+00F0
    { 12, 18, 247, 2, 18, 54, 928 }, // U+00F1
    { 13, 19, 242, 1, 19, 62, 982 }, // U+00F2
    { 13, 19, 242, 1, 19, 62, 1044 }, // U+00F3
    { 13, 19, 242, 1, 19, 62, 1106 }, // U+00F4
    { 13, 18, 242, 1, 18, 59, 1168 }, // U+00F5
    { 13, 18, 242, 1, 18, 59, 1227 }, // U+00F6
    { 12, 12, 229, 1, 15, 36, 1286 }, // U+00F7
    { 13, 16, 242, 1, 15, 52, 1322 }, // U+00F8
    { 12, 19, 247, 2, 19, 57, 1374 }, // U+00F9
    { 12, 19, 247, 2, 19, 57, 1431 }, // U+00FA
    { 12, 19, 247, 2, 19, 57, 1488 }, // U+00FB
    { 12, 18, 247, 2, 18, 54, 1545 }, // U+00FC
    { 14, 25, 204, -1, 19, 88, 1599 }, // U+00FD
    { 12, 25, 246, 2, 19, 75, 1687 }, // U+00FE
    { 13, 24, 204, 0, 18, 78, 1762 }, // U+00FF
    { 17, 22, 256, -1, 22, 94, 0 }, // U+0100
    { 11, 18, 224, 1, 18, 50, 94 }, // U+0101
    { 17, 24, 256, -1, 24, 102, 144 }, // U+0102
    { 11, 19, 224, 1, 19, 53, 246 }, // U+0103
    { 17, 24, 256, 0, 18, 102, 299 }, // U+0104
    { 12, 20, 224, 1, 14, 60, 401 }, // U+0105
    { 14, 25, 253, 2, 25, 88, 461 }, // U+0106
    { 10, 19, 192, 1, 19, 48, 549 }, // U+0107
    { 14, 25, 253, 2, 25, 88, 597 }, // U+0108
    { 10, 19, 192, 1, 19, 48, 685 }, // U+0109
    { 14, 24, 253, 2, 24, 84, 733 }, // U+010A
    { 10, 19, 192, 1, 19, 48, 817 }, // U+010B
    { 14, 25, 253, 2, 25, 88, 865 }, // U+010C
    { 10, 19, 192, 1, 19, 48, 953 }, // U+010D
    { 15, 24, 292, 2, 24, 90, 1001 }, // U+010E
    { 16, 19, 246, 1, 19, 76, 1091 }, // U+010F
    { 16, 18, 292, 1, 18, 72, 1167 }, // U+0110
    { 14, 19, 247, 1, 19, 67, 1239 }, // U+0111
    { 10, 22, 222, 2, 22, 55, 1306 }, // U+0112
    { 12, 18, 226, 1, 18, 54, 1361 }, // U+0113
    { 10, 24, 222, 2, 24, 60, 1415 }, // U+0114
    { 12, 19, 226, 1, 19, 57, 1475 }, // U+0115
    { 10, 24, 222, 2, 24, 60, 1532 }, // U+0116
    { 12, 19, 226, 1, 19, 57, 1592 }, // U+0117
    { 10, 24, 222, 2, 18, 60, 1649 }, // U+0118
    { 12, 20, 226, 1, 14, 60, 1709 }, // U+0119
    { 10, 24, 222, 2, 24, 60, 1769 }, // U+011A
    { 12, 19, 226, 1, 19, 57, 1829 }, // U+011B
    { 15, 25, 291, 2, 25, 94, 1886 }, // U+011C
    { 12, 25, 246, 1, 19, 75, 1980 }, // U+011D
    { 15, 24, 291, 2, 24, 90, 2055 }, // U+011E
    { 12, 25, 246, 1, 19, 75, 2145 }, // U+011F
    { 15, 24, 291, 2, 24, 90, 2220 }, // U+0120
    { 12, 25, 246, 1, 19, 75, 2310 }, // U+0121
    { 15, 24, 291, 2, 18, 90, 2385 }, // U+0122
    { 12, 25, 246, 1, 19, 75, 2475 }, // U+0123
    { 14, 24, 296, 2, 24, 84, 2550 }, // U+0124
    { 16, 26, 247, -2, 26, 104, 2634 }, // U+0125
    { 19, 18, 296, 0, 18, 86, 2738 }, // U+0126
    { 14, 19, 247, 1, 19, 67, 2824 }, // U+0127
    { 10, 23, 136, -1, 23, 58, 2891 }, // U+0128
    { 10, 18, 103, -2, 18, 45, 2949 }, // U+0129
    { 7, 22, 136, 1, 22, 39, 2994 }, // U+012A
    { 7, 17, 103, 0, 17, 30, 3033 }, // U+012B
    { 8, 24, 136, 0, 24, 48, 3063 }, // U+012C
    { 9, 19, 103, -1, 19, 43, 3111 }, // U+012D
    { 6, 24, 136, 1, 18, 36, 3154 }, // U+012E
    { 5, 25, 103, 1, 19, 32, 3190 }, // U+012F
    { 6, 24, 136, 1, 24, 36, 3222 }, // U+0130
    { 3, 14, 103, 2, 14, 11, 3258 }, // U+0131
    { 12, 23, 245, 1, 18, 69, 3269 }, // U+0132
    { 9, 25, 206, 2, 19, 57, 3338 }, // U+0133
    { 10, 29, 109, -2, 24, 73, 3395 }, // U+0134
    { 10, 25, 103, -2, 19, 63, 3468 }, // U+0135
    { 14, 24, 248, 2, 18, 84, 3531 }, // U+0136
    { 12, 25, 214, 2, 19, 75, 0 }, // U+0137
    { 11, 14, 214, 2, 14, 39, 75 }, // U+0138
    { 11, 24, 210, 1, 24, 66, 114 }, // U+0139
    { 6, 26, 103, 1, 26, 39, 180 }, // U+013A
    { 10, 24, 210, 2, 18, 60, 219 }, // U+013B
    { 4, 25, 103, 1, 19, 25, 279 }, // U+013C
    { 10, 18, 210, 2, 18, 45, 304 }, // U+013D
    { 7, 19, 103, 2, 19, 34, 349 }, // U+013E
    { 10, 18, 210, 2, 18, 45, 383 }, // U+013F
    { 6, 19, 107, 2, 19, 29, 428 }, // U+0140
    { 13, 18, 210, -1, 18, 59, 457 }, // U+0141
    { 8, 19, 103, -1, 19, 38, 516 }, // U+0142
    { 15, 24, 304, 2, 24, 90, 554 }, // U+0143
    { 12, 19, 247, 2, 19, 57, 644 }, // U+0144
    { 15, 24, 304, 2, 18, 90, 701 }, // U+0145
    { 12, 20, 247, 2, 14, 60, 791 }, // U+0146
    { 15, 24, 304, 2, 24, 90, 851 }, // U+0147
    { 12, 19, 247, 2, 19, 57, 941 }, // U+0148
    { 16, 18, 275, 0, 18, 72, 998 }, // U+0149
    { 15, 23, 304, 2, 18, 87, 1070 }, // U+014A
    { 12, 20, 247, 2, 14, 60, 1157 }, // U+014B
    { 17, 22, 312, 2, 22, 94, 1217 }, // U+014C
    { 13, 18, 242, 1, 18, 59, 1311 }, // U+014D
    { 17, 24, 312, 2, 24, 102, 1370 }, // U+014E
    { 13, 19, 242, 1, 19, 62, 1472 }, // U+014F
    { 17, 24, 312, 2, 24, 102, 1534 }, // U+0150
    { 13, 19, 242, 1, 19, 62, 1636 }, // U+0151
    { 20, 18, 371, 2, 18, 90, 1698 }, // U+0152
    { 21, 14, 378, 1, 14, 74, 1788 }, // U+0153
    { 13, 24, 249, 2, 24, 78, 1862 }, // U+0154
    { 8, 19, 165, 2, 19, 38, 1940 }, // U+0155
    { 13, 24, 249, 2, 18, 78, 1978 }, // U+0156
    { 9, 20, 165, 1, 14, 45, 2056 }, // U+0157
    { 13, 24, 249, 2, 24, 78, 2101 }, // U+0158
    { 10, 19, 165, 1, 19, 48, 2179 }, // U+0159
    { 12, 25, 220, 1, 25, 75, 2227 }, // U+015A
    { 10, 19, 192, 1, 19, 48, 2302 }, // U+015B
    { 12, 25, 220, 1, 25, 75, 2350 }, // U+015C
    { 10, 19, 192, 1, 19, 48, 2425 }, // U+015D
    { 12, 24, 220, 1, 18, 72, 2473 }, // U+015E
    { 10, 20, 192, 1, 14, 50, 2545 }, // U+015F
    { 12, 25, 220, 1, 25, 75, 2595 }, // U+0160
    { 10, 19, 192, 1, 19, 48, 2670 }, // U+0161
    { 13, 24, 222, 1, 18, 78, 2718 }, // U+0162
    { 9, 23, 144, 1, 17, 52, 2796 }, // U+0163
    { 13, 24, 222, 1, 24, 78, 2848 }, // U+0164
    { 12, 19, 144, 1, 19, 57, 2926 }, // U+0165
    { 13, 18, 222, 1, 18, 59, 2983 }, // U+0166
    { 8, 17, 144, 1, 17, 34, 3042 }, // U+0167
    { 14, 24, 292, 2, 24, 84, 3076 }, // U+0168
    { 12, 18, 247, 2, 18, 54, 3160 }, // U+0169
    { 14, 22, 292, 2, 22, 77, 3214 }, // U+016A
    { 12, 18, 247, 2, 18, 54, 3291 }, // U+016B
    { 14, 24, 292, 2, 24, 84, 3345 }, // U+016C
    { 12, 19, 247, 2, 19, 57, 3429 }, // U+016D
    { 14, 26, 292, 2, 26, 91, 3486 }, // U+016E
    { 12, 21, 247, 2, 21, 63, 3577 }, // U+016F
    { 14, 24, 292, 2, 24, 84, 0 }, // U+0170
    { 12, 19, 247, 2, 19, 57, 84 }, // U+0171
    { 14, 24, 292, 2, 18, 84, 141 }, // U+0172
    { 12, 20, 247, 2, 14, 60, 225 }, // U+0173
    { 23, 24, 372, 0, 24, 138, 285 }, // U+0174
    { 20, 19, 314, 0, 19, 95, 423 }, // U+0175
    { 15, 24, 226, 0, 24, 90, 518 }, // U+0176
    { 14, 25, 204, -1, 19, 88, 608 }, // U+0177
    { 15, 23, 226, 0, 23, 87, 696 }, // U+0178
    { 12, 24, 229, 1, 24, 72, 783 }, // U+0179
    { 10, 19, 188, 1, 19, 48, 855 }, // U+017A
    { 12, 24, 229, 1, 24, 72, 903 }, // U+017B
    { 10, 19, 188, 1, 19, 48, 975 }, // U+017C
    { 12, 24, 229, 1, 24, 72, 1023 }, // U+017D
    { 10, 19, 188, 1, 19, 48, 1095 }, // U+017E
    { 7, 19, 130, 2, 19, 34, 1143 }, // U+017F
    { 19, 19, 314, 2, 19, 91, 0 }, // U+01A0
    { 15, 16, 246, 1, 16, 60, 91 }, // U+01A1
    { 18, 19, 312, 2, 19, 86, 151 }, // U+01AF
    { 16, 16, 270, 2, 16, 64, 237 }, // U+01B0
    { 29, 24, 517, 2, 24, 174, 301 }, // U+01C4
    { 27, 19, 480, 2, 19, 129, 475 }, // U+01C5
    { 25, 19, 434, 1, 19, 119, 604 }, // U+01C6
    { 16, 23, 319, 2, 18, 92, 723 }, // U+01C7
    { 15, 25, 313, 2, 19, 94, 815 }, // U+01C8
    { 9, 25, 206, 2, 19, 57, 909 }, // U+01C9
    { 21, 23, 413, 2, 18, 121, 966 }, // U+01CA
    { 21, 25, 407, 2, 19, 132, 1087 }, // U+01CB
    { 18, 25, 350, 2, 19, 113, 1219 }, // U+01CC
    { 16, 24, 256, 0, 24, 96, 1332 }, // U+01CD
    { 11, 19, 224, 1, 19, 53, 1428 }, // U+01CE
    { 9, 24, 136, 0, 24, 54, 1481 }, // U+01CF
    { 10, 19, 103, -2, 19, 48, 1535 }, // U+01D0
    { 17, 25, 312, 2, 25, 107, 1583 }, // U+01D1
    { 13, 19, 242, 1, 19, 62, 1690 }, // U+01D2
    { 14, 25, 292, 2, 25, 88, 1752 }, // U+01D3
    { 12, 19, 247, 2, 19, 57, 1840 }, // U+01D4
    { 14, 26, 292, 2, 26, 91, 1897 }, // U+01D5
    { 12, 22, 247, 2, 22, 66, 1988 }, // U+01D6
    { 14, 27, 292, 2, 27, 95, 2054 }, // U+01D7
    { 12, 23, 247, 2, 23, 69, 2149 }, // U+01D8
    { 14, 28, 292, 2, 28, 98, 2218 }, // U+01D9
    { 12, 23, 247, 2, 23, 69, 2316 }, // U+01DA
    { 14, 27, 292, 2, 27, 95, 2385 }, // U+01DB
    { 12, 23, 247, 2, 23, 69, 2480 }, // U+01DC
    { 12, 14, 226, 1, 14, 42, 2549 }, // U+01DD
    { 17, 26, 256, -1, 26, 111, 2591 }, // U+01DE
    { 11, 22, 224, 1, 22, 61, 2702 }, // U+01DF
    { 17, 26, 256, -1, 26, 111, 2763 }, // U+01E0
    { 11, 22, 224, 1, 22, 61, 2874 }, // U+01E1
    { 21, 22, 352, 0, 22, 116, 2935 }, // U+01E2
    { 19, 18, 346, 1, 18, 86, 3051 }, // U+01E3
    { 17, 18, 291, 2, 18, 77, 3137 }, // U+01E4
    { 13, 20, 246, 1, 14, 65, 3214 }, // U+01E5
    { 15, 25, 291, 2, 25, 94, 3279 }, // U+01E6
    { 12, 25, 246, 1, 19, 75, 3373 }, // U+01E7
    { 14, 24, 248, 2, 24, 84, 3448 }, // U+01E8
    { 16, 26, 214, -2, 26, 104, 3532 }, // U+01E9
    { 17, 24, 312, 2, 18, 102, 3636 }, // U+01EA
    { 13, 20, 242, 1, 14, 65, 3738 }, // U+01EB
    { 17, 28, 312, 2, 22, 119, 3803 }, // U+01EC
    { 13, 24, 242, 1, 18, 78, 3922 }, // U+01ED
    { 13, 25, 234, 0, 25, 82, 4000 }, // U+01EE
    { 12, 25, 199, 0, 19, 75, 4082 }, // U+01EF
    { 10, 25, 103, -2, 19, 63, 4157 }, // U+01F0
    { 29, 18, 517, 2, 18, 131, 4220 }, // U+01F1
    { 27, 18, 480, 2, 18, 122, 4351 }, // U+01F2
    { 25, 19, 434, 1, 19, 119, 4473 }, // U+01F3
    { 15, 25, 291, 2, 25, 94, 4592 }, // U+01F4
    { 12, 25, 246, 1, 19, 75, 4686 }, // U+01F5
    { 19, 18, 375, 2, 18, 86, 4761 }, // U+01F6
    { 13, 24, 264, 2, 18, 78, 4847 }, // U+01F7
    { 15, 24, 304, 2, 24, 90, 4925 }, // U+01F8
    { 12, 19, 247, 2, 19, 57, 5015 }, // U+01F9
    { 17, 25, 256, -1, 25, 107, 5072 }, // U+01FA
    { 11, 25, 224, 1, 25, 69, 5179 }, // U+01FB
    { 22, 24, 352, -1, 24, 132, 5248 }, // U+01FC
    { 19, 19, 346, 1, 19, 91, 5380 }, // U+01FD
    { 17, 26, 312, 2, 25, 111, 5471 }, // U+01FE
    { 13, 20, 242, 1, 19, 65, 5582 }, // U+01FF
    { 16, 24, 256, 0, 24, 96, 5647 }, // U+0200
    { 11, 19, 224, 1, 19, 53, 5743 }, // U+0201
    { 17, 24, 256, 0, 24, 102, 5796 }, // U+0202
    { 11, 19, 224, 1, 19, 53, 5898 }, // U+0203
    { 11, 24, 222, 1, 24, 66, 5951 }, // U+0204
    { 12, 19, 226, 1, 19, 57, 6017 }, // U+0205
    { 10, 24, 222, 2, 24, 60, 6074 }, // U+0206
    { 12, 19, 226, 1, 19, 57, 6134 }, // U+0207
    { 10, 24, 136, -2, 24, 60, 6191 }, // U+0208
    { 10, 19, 103, -3, 19, 48, 6251 }, // U+0209
    { 8, 24, 136, 0, 24, 48, 6299 }, // U+020A
    { 8, 19, 103, -1, 19, 38, 6347 }, // U+020B
    { 17, 24, 312, 2, 24, 102, 6385 }, // U+020C
    { 13, 19, 242, 1, 19, 62, 6487 }, // U+020D
    { 17, 24, 312, 2, 24, 102, 6549 }, // U+020E
    { 13, 19, 242, 1, 19, 62, 6651 }, // U+020F
    { 14, 24, 249, 1, 24, 84, 6713 }, // U+0210
    { 10, 19, 165, 0, 19, 48, 6797 }, // U+0211
    { 13, 24, 249, 2, 24, 78, 6845 }, // U+0212
    { 9, 19, 165, 1, 19, 43, 6923 }, // U+0213
    { 14, 24, 292, 2, 24, 84, 6966 }, // U+0214
    { 12, 19, 247, 2, 19, 57, 7050 }, // U+0215
    { 14, 24, 292, 2, 24, 84, 7107 }, // U+0216
    { 12, 19, 247, 2, 19, 57, 7191 }, // U+0217
    { 12, 24, 220, 1, 18, 72, 7248 }, // U+0218
    { 10, 20, 192, 1, 14, 50, 7320 }, // U+0219
    { 13, 24, 222, 1, 18, 78, 7370 }, // U+021A
    { 8, 23, 144, 1, 17, 46, 7448 }, // U+021B
    { 13, 24, 230, 0, 18, 78, 7494 }, // U+021C
    { 11, 21, 198, 0, 14, 58, 7572 }, // U+021D
    { 14, 24, 296, 2, 24, 84, 7630 }, // U+021E
    { 16, 26, 247, -2, 26, 104, 7714 }, // U+021F
    { 6, 4, 0, -13, 20, 6, 0 }, // U+0300
    { 6, 4, 0, -9, 20, 6, 6 }, // U+0301
    { 10, 4, 0, -5, 20, 10, 12 }, // U+0302
    { 10, 3, 0, -13, 19, 8, 22 }, // U+0303
    { 7, 2, 0, -4, 18, 4, 30 }, // U+0304
    { 10, 2, 0, -5, 22, 5, 34 }, // U+0305
    { 8, 4, 0, -4, 20, 8, 39 }, // U+0306
    { 3, 3, 0, -1, 19, 3, 47 }, // U+0307
    { 7, 3, 0, -3, 19, 6, 50 }, // U+0308
    { 6, 7, 0, -9, 22, 11, 56 }, // U+0309
    { 6, 5, 0, -3, 21, 8, 67 }, // U+030A
    { 10, 4, 0, -4, 20, 10, 75 }, // U+030B
    { 10, 4, 0, -5, 20, 10, 85 }, // U+030C
    { 3, 4, 0, -1, 19, 3, 95 }, // U+030D
    { 6, 4, 0, -3, 19, 6, 98 }, // U+030E
    { 10, 4, 0, -13, 20, 10, 104 }, // U+030F
    { 8, 6, 0, -4, 22, 12, 114 }, // U+0310
    { 8, 4, 0, -4, 19, 8, 126 }, // U+0311
    { 4, 6, 0, -2, 18, 6, 134 }, // U+0312
    { 4, 6, 0, -2, 18, 6, 140 }, // U+0313
    { 4, 6, 0, -2, 18, 6, 146 }, // U+0314
    { 4, 6, 0, -2, 18, 6, 152 }, // U+0315
    { 6, 4, 0, -3, -1, 6, 158 }, // U+0316
    { 6, 4, 0, -3, -1, 6, 164 }, // U+0317
    { 5, 5, 0, -3, -1, 7, 170 }, // U+0318
    { 5, 5, 0, -2, -1, 7, 177 }, // U+0319
    { 7, 7, 125, 0, 20, 13, 184 }, // U+031A
    { 6, 6, 0, -2, 19, 9, 197 }, // U+031B
    { 4, 6, 0, -2, 0, 6, 206 }, // U+031C
    { 5, 4, 0, -3, -1, 5, 212 }, // U+031D
    { 5, 5, 0, -3, -1, 7, 217 }, // U+031E
    { 5, 5, 0, -3, -1, 7, 224 }, // U+031F
    { 6, 2, 0, -3, -2, 3, 231 }, // U+0320
    { 6, 7, 0, -5, 1, 11, 234 }, // U+0321
    { 5, 7, 0, 0, 1, 9, 245 }, // U+0322
    { 3, 3, 0, -9, -2, 3, 254 }, // U+0323
    { 7, 3, 0, -3, -1, 6, 257 }, // U+0324
    { 6, 6, 0, -3, 0, 9, 263 }, // U+0325
    { 4, 4, 0, -2, -2, 4, 272 }, // U+0326
    { 7, 7, 0, -3, 0, 13, 276 }, // U+0327
    { 5, 7, 0, -2, 1, 9, 289 }, // U+0328
    { 3, 4, 0, -1, -1, 3, 298 }, // U+0329
    { 9, 5, 0, -4, -1, 12, 301 }, // U+032A
    { 10, 3, 0, -5, -2, 8, 313 }, // U+032B
    { 10, 4, 0, -5, -1, 10, 321 }, // U+032C
    { 10, 4, 0, -5, -1, 10, 331 }, // U+032D
    { 8, 4, 0, -4, -1, 8, 341 }, // U+032E
    { 8, 4, 0, -4, -1, 8, 349 }, // U+032F
    { 10, 3, 0, -5, -2, 8, 357 }, // U+0330
    { 7, 2, 0, -4, -2, 4, 365 }, // U+0331
    { 11, 2, 0, -5, -2, 6, 369 }, // U+0332
    { 10, 5, 0, -5, -1, 13, 375 }, // U+0333
    { 10, 3, 0, -5, 8, 8, 388 }, // U+0334
    { 10, 2, 0, -5, 9, 5, 396 }, // U+0335
    { 18, 2, 0, -9, 8, 9, 401 }, // U+0336
    { 8, 7, 0, -4, 11, 14, 410 }, // U+0337
    { 10, 21, 0, -5, 20, 53, 424 }, // U+0338
    { 3, 6, 0, -2, 0, 5, 477 }, // U+0339
    { 9, 5, 0, -4, -1, 12, 482 }, // U+033A
    { 10, 5, 0, -5, -1, 13, 494 }, // U+033B
    { 10, 4, 0, -5, -1, 10, 507 }, // U+033C
    { 6, 6, 0, -3, 20, 9, 517 }, // U+033D
    { 5, 8, 0, -2, 23, 10, 526 }, // U+033E
    { 10, 5, 0, -5, 25, 13, 536 }, // U+033F
    { 6, 4, 0, -4, 20, 6, 549 }, // U+0340
    { 6, 4, 0, -1, 20, 6, 555 }, // U+0341
    { 10, 3, 0, -5, 19, 8, 561 }, // U+0342
    { 5, 5, 0, -2, 20, 7, 569 }, // U+0343
    { 9, 4, 0, -4, 20, 9, 576 }, // U+0344
    { 4, 4, 0, -1, -2, 4, 585 }, // U+0345
    { 11, 5, 0, -5, 20, 14, 589 }, // U+0346
    { 10, 5, 0, -5, -1, 13, 603 }, // U+0347
    { 6, 4, 0, -3, -1, 6, 616 }, // U+0348
    { 5, 5, 0, -2, -1, 7, 622 }, // U+0349
    { 10, 5, 0, -5, 20, 13, 629 }, // U+034A
    { 10, 9, 0, -5, 24, 23, 642 }, // U+034B
    { 10, 7, 0, -5, 23, 18, 665 }, // U+034C
    { 10, 6, 0, -5, 0, 15, 683 }, // U+034D
    { 6, 6, 0, -3, 0, 9, 698 }, // U+034E
    { 0, 0, 0, 0, 0, 0, 707 }, // U+034F
    { 4, 5, 0, -2, 20, 5, 707 }, // U+0350
    { 4, 6, 0, -2, 21, 6, 712 }, // U+0351
    { 8, 6, 0, -4, 22, 12, 718 }, // U+0352
    { 6, 6, 0, -3, 0, 9, 730 }, // U+0353
    { 4, 5, 0, -2, -1, 5, 739 }, // U+0354
    { 4, 5, 0, -2, -1, 5, 744 }, // U+0355
    { 10, 5, 0, -4, -1, 13, 749 }, // U+0356
    { 3, 6, 0, -1, 21, 5, 762 }, // U+0357
    { 3, 3, 0, 3, 19, 3, 767 }, // U+0358
    { 6, 6, 0, -3, -1, 9, 770 }, // U+0359
    { 10, 5, 0, -6, -1, 13, 779 }, // U+035A
    { 6, 5, 0, -3, 20, 8, 792 }, // U+035B
    { 20, 5, 0, -10, -1, 25, 800 }, // U+035C
    { 20, 5, 0, -10, 20, 25, 825 }, // U+035D
    { 15, 2, 0, -7, 18, 8, 850 }, // U+035E
    { 15, 2, 0, -7, -1, 8, 858 }, // U+035F
    { 20, 3, 0, -10, 19, 15, 866 }, // U+0360
    { 20, 5, 0, -10, 22, 25, 881 }, // U+0361
    { 20, 6, 0, -9, 0, 30, 906 }, // U+0362
    { 5, 6, 0, -2, 22, 8, 936 }, // U+0363
    { 5, 6, 0, -2, 22, 8, 944 }, // U+0364
    { 2, 7, 0, -1, 23, 4, 952 }, // U+0365
    { 6, 6, 0, -2, 22, 9, 956 }, // U+0366
    { 5, 5, 0, -2, 21, 7, 965 }, // U+0367
    { 5, 6, 0, -2, 22, 8, 972 }, // U+0368
    { 5, 8, 0, -2, 24, 10, 980 }, // U+0369
    { 5, 8, 0, -2, 24, 10, 990 }, // U+036A
    { 9, 6, 0, -4, 22, 14, 1000 }, // U+036B
    { 4, 6, 0, -1, 22, 6, 1014 }, // U+036C
    { 4, 7, 0, -2, 23, 7, 1020 }, // U+036D
    { 7, 6, 0, -3, 22, 11, 1027 }, // U+036E
    { 7, 5, 0, -3, 21, 9, 1038 }, // U+036F
    { 10, 24, 222, 2, 24, 60, 0 }, // U+0400
    { 10, 23, 222, 2, 23, 58, 60 }, // U+0401
    { 17, 18, 286, 1, 18, 77, 118 }, // U+0402
    { 10, 24, 204, 2, 24, 60, 195 }, // U+0403
    { 14, 18, 256, 1, 18, 63, 255 }, // U+0404
    { 12, 18, 220, 1, 18, 54, 318 }, // U+0405
    { 3, 18, 114, 2, 18, 14, 372 }, // U+0406
    { 6, 23, 114, 1, 23, 35, 386 }, // U+0407
    { 7, 23, 109, -2, 18, 41, 421 }, // U+0408
    { 24, 18, 404, 1, 18, 108, 462 }, // U+0409
    { 22, 18, 411, 2, 18, 99, 570 }, // U+040A
    { 17, 18, 286, 1, 18, 77, 669 }, // U+040B
    { 13, 24, 250, 2, 24, 78, 746 }, // U+040C
    { 14, 24, 302, 2, 24, 84, 824 }, // U+040D
    { 16, 24, 246, 0, 24, 96, 908 }, // U+040E
    { 14, 22, 292, 2, 18, 77, 1004 }, // U+040F
    { 16, 18, 255, 0, 18, 72, 1081 }, // U+0410
    { 12, 18, 246, 2, 18, 54, 1153 }, // U+0411
    { 13, 18, 260, 2, 18, 59, 1207 }, // U+0412
    { 10, 18, 204, 2, 18, 45, 1266 }, // U+0413
    { 18, 23, 292, 1, 18, 104, 1311 }, // U+0414
    { 10, 18, 222, 2, 18, 45, 1415 }, // U+0415
    { 23, 18, 362, -1, 18, 104, 1460 }, // U+0416
    { 12, 18, 231, 1, 18, 54, 1564 }, // U+0417
    { 14, 18, 302, 2, 18, 63, 1618 }, // U+0418
    { 14, 23, 302, 2, 23, 81, 1681 }, // U+0419
    { 14, 18, 250, 2, 18, 63, 1762 }, // U+041A
    { 15, 18, 279, 1, 18, 68, 1825 }, // U+041B
    { 18, 18, 363, 2, 18, 81, 1893 }, // U+041C
    { 14, 18, 297, 2, 18, 63, 1974 }, // U+041D
    { 16, 18, 304, 1, 18, 72, 2037 }, // U+041E
    { 14, 18, 293, 2, 18, 63, 2109 }, // U+041F
    { 12, 18, 242, 2, 18, 54, 2172 }, // U+0420
    { 14, 18, 256, 1, 18, 63, 2226 }, // U+0421
    { 13, 18, 222, 1, 18, 59, 2289 }, // U+0422
    { 16, 18, 246, 0, 18, 72, 2348 }, // U+0423
    { 18, 18, 327, 1, 18, 81, 2420 }, // U+0424
    { 15, 18, 235, 0, 18, 68, 2501 }, // U+0425
    { 16, 22, 296, 2, 18, 88, 2569 }, // U+0426
    { 13, 18, 269, 2, 18, 59, 2657 }, // U+0427
    { 22, 18, 414, 2, 18, 99, 2716 }, // U+0428
    { 23, 22, 410, 2, 18, 127, 2815 }, // U+0429
    { 16, 18, 274, 1, 18, 72, 2942 }, // U+042A
    { 17, 18, 340, 2, 18, 77, 3014 }, // U+042B
    { 12, 18, 243, 2, 18, 54, 3091 }, // U+042C
    { 15, 18, 259, 0, 18, 68, 3145 }, // U+042D
    { 21, 18, 400, 2, 18, 95, 3213 }, // U+042E
    { 13, 18, 255, 1, 18, 59, 3308 }, // U+042F
    { 11, 14, 222, 1, 14, 39, 3367 }, // U+0430
    { 13, 21, 239, 1, 21, 69, 3406 }, // U+0431
    { 11, 14, 226, 2, 14, 39, 3475 }, // U+0432
    { 9, 14, 175, 2, 14, 32, 3514 }, // U+0433
    { 15, 18, 243, 1, 14, 68, 3546 }, // U+0434
    { 12, 14, 220, 1, 14, 42, 3614 }, // U+0435
    { 20, 14, 304, -1, 14, 70, 0 }, // U+0436
    { 11, 14, 195, 0, 14, 39, 70 }, // U+0437
    { 12, 14, 248, 2, 14, 42, 109 }, // U+0438
    { 12, 19, 248, 2, 19, 57, 151 }, // U+0439
    { 11, 14, 212, 2, 14, 39, 208 }, // U+043A
    { 14, 14, 235, 0, 14, 49, 247 }, // U+043B
    { 15, 14, 307, 2, 14, 53, 296 }, // U+043C
    { 12, 14, 246, 2, 14, 42, 349 }, // U+043D
    { 13, 14, 238, 1, 14, 46, 391 }, // U+043E
    { 11, 14, 242, 2, 14, 39, 437 }, // U+043F
    { 12, 20, 243, 2, 14, 60, 476 }, // U+0440
    { 11, 14, 197, 1, 14, 39, 536 }, // U+0441
    { 11, 14, 186, 1, 14, 39, 575 }, // U+0442
    { 14, 20, 204, 0, 14, 70, 614 }, // U+0443
    { 16, 26, 295, 1, 20, 104, 684 }, // U+0444
    { 13, 14, 204, 0, 14, 46, 788 }, // U+0445
    { 13, 18, 245, 2, 14, 59, 834 }, // U+0446
    { 12, 14, 236, 1, 14, 42, 893 }, // U+0447
    { 19, 14, 358, 2, 14, 67, 935 }, // U+0448
    { 21, 18, 359, 2, 14, 95, 1002 }, // U+0449
    { 15, 14, 249, 0, 14, 53, 1097 }, // U+044A
    { 15, 14, 304, 2, 14, 53, 1150 }, // U+044B
    { 11, 14, 218, 2, 14, 39, 1203 }, // U+044C
    { 11, 14, 198, 1, 14, 39, 1242 }, // U+044D
    { 17, 14, 320, 2, 14, 60, 1281 }, // U+044E
    { 12, 14, 231, 1, 14, 42, 1341 }, // U+044F
    { 12, 20, 220, 1, 20, 60, 1383 }, // U+0450
    { 12, 18, 220, 1, 18, 54, 1443 }, // U+0451
    { 14, 25, 248, 1, 19, 88, 1497 }, // U+0452
    { 9, 20, 175, 2, 20, 45, 1585 }, // U+0453
    { 11, 14, 197, 1, 14, 39, 1630 }, // U+0454
    { 10, 14, 187, 1, 14, 35, 1669 }, // U+0455
    { 3, 18, 103, 2, 18, 14, 1704 }, // U+0456
    { 6, 18, 103, 1, 18, 27, 1718 }, // U+0457
    { 7, 24, 103, -2, 18, 42, 1745 }, // U+0458
    { 21, 14, 344, 0, 14, 74, 1787 }, // U+0459
    { 19, 14, 356, 2, 14, 67, 1861 }, // U+045A
    { 14, 19, 248, 1, 19, 67, 1928 }, // U+045B
    { 11, 20, 212, 2, 20, 55, 1995 }, // U+045C
    { 12, 20, 248, 2, 20, 60, 2050 }, // U+045D
    { 14, 25, 204, 0, 19, 88, 2110 }, // U+045E
    { 11, 18, 242, 2, 14, 50, 2198 }, // U+045F
    { 22, 18, 368, 1, 18, 99, 2248 }, // U+0460
    { 19, 14, 316, 1, 14, 67, 2347 }, // U+0461
    { 16, 18, 270, 1, 18, 72, 2414 }, // U+0462
    { 15, 17, 254, 1, 17, 64, 2486 }, // U+0463
    { 20, 18, 369, 2, 18, 90, 2550 }, // U+0464
    { 16, 14, 297, 2, 14, 56, 2640 }, // U+0465
    { 18, 18, 273, -1, 18, 81, 2696 }, // U+0466
    { 16, 14, 229, -1, 14, 56, 2777 }, // U+0467
    { 21, 18, 372, 2, 18, 95, 2833 }, // U+0468
    { 18, 14, 312, 2, 14, 63, 2928 }, // U+0469
    { 18, 18, 292, 0, 18, 81, 2991 }, // U+046A
    { 16, 14, 256, 0, 14, 56, 3072 }, // U+046B
    { 22, 18, 394, 2, 18, 99, 3128 }, // U+046C
    { 19, 14, 340, 2, 14, 67, 3227 }, // U+046D
    { 13, 28, 235, 1, 22, 91, 3294 }, // U+046E
    { 11, 22, 196, 1, 17, 61, 3385 }, // U+046F
    { 17, 18, 322, 2, 18, 77, 3446 }, // U+0470
    { 15, 26, 304, 2, 20, 98, 3523 }, // U+0471
    { 17, 18, 313, 2, 18, 77, 3621 }, // U+0472
    { 13, 14, 242, 1, 14, 46, 3698 }, // U+0473
    { 17, 18, 254, 0, 18, 77, 0 }, // U+0474
    { 14, 14, 206, -1, 14, 49, 77 }, // U+0475
    { 17, 24, 254, 0, 24, 102, 126 }, // U+0476
    { 14, 20, 206, -1, 20, 70, 228 }, // U+0477
    { 29, 24, 488, 2, 18, 174, 298 }, // U+0478
    { 26, 20, 438, 1, 14, 130, 472 }, // U+0479
    { 18, 22, 328, 2, 20, 99, 602 }, // U+047A
    { 14, 16, 264, 1, 15, 56, 701 }, // U+047B
    { 23, 27, 410, 2, 27, 156, 757 }, // U+047C
    { 20, 23, 362, 1, 23, 115, 913 }, // U+047D
    { 22, 23, 368, 1, 23, 127, 1028 }, // U+047E
    { 19, 18, 316, 1, 18, 86, 1155 }, // U+047F
    { 14, 24, 257, 1, 18, 84, 1241 }, // U+0480
    { 11, 20, 197, 1, 14, 55, 1325 }, // U+0481
    { 13, 18, 244, 1, 17, 59, 1380 }, // U+0482
    { 9, 5, 0, -11, 19, 12, 1439 }, // U+0483
    { 10, 3, 0, -12, 19, 8, 1451 }, // U+0484
    { 4, 5, 0, -8, 20, 5, 1459 }, // U+0485
    { 4, 5, 0, -9, 20, 5, 1464 }, // U+0486
    { 10, 3, 0, -4, 23, 8, 1469 }, // U+0487
    { 29, 27, 0, -15, 20, 196, 1477 }, // U+0488
    { 27, 28, 0, -14, 21, 189, 1673 }, // U+0489
    { 17, 29, 314, 2, 24, 124, 1862 }, // U+048A
    { 15, 25, 264, 2, 20, 94, 1986 }, // U+048B
    { 14, 18, 246, 1, 18, 63, 2080 }, // U+048C
    { 14, 20, 238, 1, 20, 70, 2143 }, // U+048D
    { 12, 18, 245, 2, 18, 54, 2213 }, // U+048E
    { 12, 20, 246, 2, 14, 60, 2267 }, // U+048F
    { 11, 22, 213, 2, 22, 61, 2327 }, // U+0490
    { 9, 18, 174, 2, 18, 41, 2388 }, // U+0491
    { 12, 18, 212, 1, 18, 54, 2429 }, // U+0492
    { 10, 14, 174, 1, 14, 35, 2483 }, // U+0493
    { 13, 24, 260, 2, 18, 78, 2518 }, // U+0494
    { 11, 20, 213, 2, 14, 55, 2596 }, // U+0495
    { 23, 23, 362, 0, 18, 133, 2651 }, // U+0496
    { 21, 19, 318, -1, 14, 100, 2784 }, // U+0497
    { 12, 24, 231, 1, 18, 72, 2884 }, // U+0498
    { 10, 20, 195, 1, 14, 50, 2956 }, // U+0499
    { 14, 23, 268, 2, 18, 81, 3006 }, // U+049A
    { 12, 19, 223, 2, 14, 57, 3087 }, // U+049B
    { 14, 18, 250, 2, 18, 63, 3144 }, // U+049C
    { 11, 14, 212, 2, 14, 39, 3207 }, // U+049D
    { 16, 18, 250, 1, 18, 72, 3246 }, // U+049E
    { 14, 19, 214, 1, 19, 67, 3318 }, // U+049F
    { 18, 18, 277, 1, 18, 81, 3385 }, // U+04A0
    { 16, 14, 249, 0, 14, 56, 3466 }, // U+04A1
    { 16, 23, 302, 2, 18, 92, 3522 }, // U+04A2
    { 14, 19, 263, 2, 14, 67, 3614 }, // U+04A3
    { 18, 18, 326, 2, 18, 81, 0 }, // U+04A4
    { 16, 14, 295, 2, 14, 56, 81 }, // U+04A5
    { 23, 24, 422, 2, 18, 138, 137 }, // U+04A6
    { 19, 20, 345, 2, 14, 95, 275 }, // U+04A7
    { 17, 19, 312, 2, 18, 81, 370 }, // U+04A8
    { 14, 14, 257, 1, 14, 49, 451 }, // U+04A9
    { 14, 24, 253, 2, 18, 84, 500 }, // U+04AA
    { 10, 20, 192, 1, 14, 50, 584 }, // U+04AB
    { 13, 23, 222, 1, 18, 75, 634 }, // U+04AC
    { 11, 19, 190, 1, 14, 53, 709 }, // U+04AD
    { 15, 18, 226, 0, 18, 68, 762 }, // U+04AE
    { 14, 20, 203, -1, 14, 70, 830 }, // U+04AF
    { 16, 18, 226, -1, 18, 72, 900 }, // U+04B0
    { 13, 20, 203, 0, 14, 65, 972 }, // U+04B1
    { 17, 23, 252, -1, 18, 98, 1037 }, // U+04B2
    { 14, 19, 221, 0, 14, 67, 1135 }, // U+04B3
    { 21, 23, 345, 1, 18, 121, 1202 }, // U+04B4
    { 18, 20, 290, 1, 14, 90, 1323 }, // U+04B5
    { 16, 23, 281, 2, 18, 92, 1413 }, // U+04B6
    { 14, 19, 248, 2, 14, 67, 1505 }, // U+04B7
    { 13, 18, 279, 2, 18, 59, 1572 }, // U+04B8
    { 12, 14, 242, 2, 14, 42, 1631 }, // U+04B9
    { 13, 18, 279, 2, 18, 59, 1673 }, // U+04BA
    { 12, 19, 247, 2, 19, 57, 1732 }, // U+04BB
    { 19, 18, 340, 1, 18, 86, 1789 }, // U+04BC
    { 15, 14, 266, 1, 14, 53, 1875 }, // U+04BD
    { 19, 23, 340, 1, 18, 110, 1928 }, // U+04BE
    { 15, 19, 266, 1, 14, 72, 2038 }, // U+04BF
    { 6, 18, 136, 1, 18, 27, 2110 }, // U+04C0
    { 23, 24, 362, -1, 24, 138, 2137 }, // U+04C1
    { 20, 19, 304, -1, 19, 95, 2275 }, // U+04C2
    { 14, 24, 278, 2, 18, 84, 2370 }, // U+04C3
    { 11, 20, 224, 2, 14, 55, 2454 }, // U+04C4
    { 18, 23, 288, 1, 18, 104, 2509 }, // U+04C5
    { 15, 19, 235, 1, 14, 72, 2613 }, // U+04C6
    { 14, 24, 292, 2, 18, 84, 2685 }, // U+04C7
    { 12, 20, 248, 2, 14, 60, 2769 }, // U+04C8
    { 17, 23, 302, 2, 18, 98, 2829 }, // U+04C9
    { 15, 19, 265, 2, 14, 72, 2927 }, // U+04CA
    { 13, 23, 279, 2, 18, 75, 2999 }, // U+04CB
    { 12, 19, 245, 2, 14, 57, 3074 }, // U+04CC
    { 21, 23, 367, 2, 18, 121, 3131 }, // U+04CD
    { 17, 19, 302, 2, 14, 81, 3252 }, // U+04CE
    { 6, 18, 136, 1, 18, 27, 3333 }, // U+04CF
    { 16, 23, 256, 0, 23, 92, 3360 }, // U+04D0
    { 11, 19, 224, 1, 19, 53, 3452 }, // U+04D1
    { 17, 23, 256, -1, 23, 98, 3505 }, // U+04D2
    { 11, 18, 224, 1, 18, 50, 3603 }, // U+04D3
    { 22, 18, 352, -1, 18, 99, 0 }, // U+04D4
    { 20, 14, 346, 1, 14, 70, 99 }, // U+04D5
    { 10, 23, 222, 2, 23, 58, 169 }, // U+04D6
    { 12, 19, 226, 1, 19, 57, 227 }, // U+04D7
    { 16, 18, 296, 1, 18, 72, 284 }, // U+04D8
    { 12, 14, 226, 1, 14, 42, 356 }, // U+04D9
    { 16, 24, 296, 1, 24, 96, 398 }, // U+04DA
    { 12, 18, 226, 1, 18, 54, 494 }, // U+04DB
    { 23, 23, 362, -1, 23, 133, 548 }, // U+04DC
    { 19, 18, 304, 0, 18, 86, 681 }, // U+04DD
    { 12, 24, 231, 1, 24, 72, 767 }, // U+04DE
    { 11, 18, 195, 0, 18, 50, 839 }, // U+04DF
    { 13, 18, 234, 0, 18, 59, 889 }, // U+04E0
    { 12, 20, 199, 0, 14, 60, 948 }, // U+04E1
    { 14, 22, 302, 2, 22, 77, 1008 }, // U+04E2
    { 12, 17, 248, 2, 17, 51, 1085 }, // U+04E3
    { 14, 23, 302, 2, 23, 81, 1136 }, // U+04E4
    { 12, 18, 248, 2, 18, 54, 1217 }, // U+04E5
    { 17, 24, 312, 2, 24, 102, 1271 }, // U+04E6
    { 13, 18, 242, 1, 18, 59, 1373 }, // U+04E7
    { 17, 18, 313, 2, 18, 77, 1432 }, // U+04E8
    { 13, 14, 242, 1, 14, 46, 1509 }, // U+04E9
    { 17, 23, 313, 2, 23, 98, 1555 }, // U+04EA
    { 13, 18, 242, 1, 18, 59, 1653 }, // U+04EB
    { 14, 24, 259, 1, 24, 84, 1712 }, // U+04EC
    { 11, 18, 198, 1, 18, 50, 1796 }, // U+04ED
    { 15, 22, 246, 0, 22, 83, 1846 }, // U+04EE
    { 13, 24, 204, 0, 18, 78, 1929 }, // U+04EF
    { 16, 24, 246, 0, 24, 96, 2007 }, // U+04F0
    { 13, 24, 204, 0, 18, 78, 2103 }, // U+04F1
    { 16, 24, 246, 0, 24, 96, 2181 }, // U+04F2
    { 14, 26, 204, -1, 20, 91, 2277 }, // U+04F3
    { 13, 23, 269, 2, 23, 75, 2368 }, // U+04F4
    { 12, 18, 236, 1, 18, 54, 2443 }, // U+04F5
    { 11, 23, 212, 2, 18, 64, 2497 }, // U+04F6
    { 8, 19, 173, 2, 14, 38, 2561 }, // U+04F7
    { 17, 23, 340, 2, 23, 98, 2599 }, // U+04F8
    { 15, 18, 304, 2, 18, 68, 2697 }, // U+04F9
    { 12, 23, 212, 1, 18, 69, 2765 }, // U+04FA
    { 10, 19, 174, 1, 14, 48, 2834 }, // U+04FB
    { 17, 23, 253, -1, 18, 98, 2882 }, // U+04FC
    { 14, 19, 220, 0, 14, 67, 2980 }, // U+04FD
    { 16, 18, 234, 0, 18, 72, 3047 }, // U+04FE
    { 12, 14, 212, 0, 14, 42, 3119 }, // U+04FF
    { 16, 23, 256, 0, 18, 92, 0 }, // U+1EA0
    { 11, 18, 224, 1, 14, 50, 92 }, // U+1EA1
    { 17, 26, 256, 0, 26, 111, 142 }, // U+1EA2
    { 11, 22, 224, 1, 22, 61, 253 }, // U+1EA3
    { 16, 25, 256, 0, 25, 100, 314 }, // U+1EA4
    { 13, 21, 224, 1, 21, 69, 414 }, // U+1EA5
    { 16, 25, 256, 0, 25, 100, 483 }, // U+1EA6
    { 12, 21, 224, 0, 21, 63, 583 }, // U+1EA7
    { 17, 27, 256, 0, 27, 115, 646 }, // U+1EA8
    { 12, 23, 224, 1, 23, 69, 761 }, // U+1EA9
    { 16, 27, 256, 0, 27, 108, 830 }, // U+1EAA
    { 11, 23, 224, 1, 23, 64, 938 }, // U+1EAB
    { 16, 29, 256, 0, 24, 116, 1002 }, // U+1EAC
    { 12, 23, 224, 1, 19, 69, 1118 }, // U+1EAD
    { 17, 26, 256, -1, 26, 111, 1187 }, // U+1EAE
    { 11, 22, 224, 1, 22, 61, 1298 }, // U+1EAF
    { 16, 26, 256, 0, 26, 104, 1359 }, // U+1EB0
    { 11, 22, 224, 1, 22, 61, 1463 }, // U+1EB1
    { 17, 27, 256, 0, 27, 115, 1524 }, // U+1EB2
    { 11, 23, 224, 1, 23, 64, 1639 }, // U+1EB3
    { 16, 27, 256, 0, 27, 108, 1703 }, // U+1EB4
    { 11, 23, 224, 1, 23, 64, 1811 }, // U+1EB5
    { 16, 29, 256, 0, 24, 116, 1875 }, // U+1EB6
    { 11, 23, 224, 1, 19, 64, 1991 }, // U+1EB7
    { 10, 23, 222, 2, 18, 58, 2055 }, // U+1EB8
    { 12, 18, 226, 1, 14, 54, 2113 }, // U+1EB9
    { 10, 26, 222, 2, 26, 65, 2167 }, // U+1EBA
    { 12, 22, 226, 1, 22, 66, 2232 }, // U+1EBB
    { 10, 23, 222, 2, 23, 58, 2298 }, // U+1EBC
    { 12, 18, 226, 1, 18, 54, 2356 }, // U+1EBD
    { 12, 25, 222, 2, 25, 75, 2410 }, // U+1EBE
    { 13, 21, 226, 1, 21, 69, 2485 }, // U+1EBF
    { 12, 25, 222, 0, 25, 75, 2554 }, // U+1EC0
    { 13, 21, 226, 0, 21, 69, 2629 }, // U+1EC1
    { 11, 27, 222, 2, 27, 75, 2698 }, // U+1EC2
    { 12, 23, 226, 1, 23, 69, 2773 }, // U+1EC3
    { 10, 27, 222, 2, 27, 68, 2842 }, // U+1EC4
    { 12, 23, 226, 1, 23, 69, 2910 }, // U+1EC5
    { 10, 29, 222, 2, 24, 73, 2979 }, // U+1EC6
    { 12, 23, 226, 1, 19, 69, 3052 }, // U+1EC7
    { 7, 26, 136, 1, 26, 46, 3121 }, // U+1EC8
    { 6, 21, 103, 1, 21, 32, 3167 }, // U+1EC9
    { 6, 23, 136, 1, 18, 35, 3199 }, // U+1ECA
    { 3, 24, 103, 2, 19, 18, 3234 }, // U+1ECB
    { 17, 22, 312, 2, 18, 94, 3252 }, // U+1ECC
    { 13, 18, 242, 1, 14, 59, 3346 }, // U+1ECD
    { 17, 26, 312, 2, 26, 111, 3405 }, // U+1ECE
    { 13, 22, 242, 1, 22, 72, 3516 }, // U+1ECF
    { 17, 26, 312, 2, 26, 111, 3588 }, // U+1ED0
    { 13, 21, 242, 1, 21, 69, 3699 }, // U+1ED1
    { 17, 26, 312, 2, 26, 111, 3768 }, // U+1ED2
    { 14, 21, 242, 0, 21, 74, 3879 }, // U+1ED3
    { 17, 27, 312, 2, 27, 115, 3953 }, // U+1ED4
    { 13, 23, 242, 1, 23, 75, 4068 }, // U+1ED5
    { 17, 27, 312, 2, 27, 115, 4143 }, // U+1ED6
    { 13, 23, 242, 1, 23, 75, 4258 }, // U+1ED7
    { 17, 29, 312, 2, 25, 124, 4333 }, // U+1ED8
    { 13, 23, 242, 1, 19, 75, 4457 }, // U+1ED9
    { 19, 25, 314, 2, 25, 119, 4532 }, // U+1EDA
    { 15, 19, 246, 1, 19, 72, 4651 }, // U+1EDB
    { 19, 25, 314, 2, 25, 119, 4723 }, // U+1EDC
    { 15, 19, 246, 1, 19, 72, 4842 }, // U+1EDD
    { 19, 26, 314, 2, 26, 124, 4914 }, // U+1EDE
    { 15, 22, 246, 1, 22, 83, 5038 }, // U+1EDF
    { 19, 24, 314, 2, 24, 114, 5121 }, // U+1EE0
    { 15, 18, 246, 1, 18, 68, 5235 }, // U+1EE1
    { 19, 23, 314, 2, 19, 110, 5303 }, // U+1EE2
    { 15, 20, 246, 1, 16, 75, 5413 }, // U+1EE3
    { 14, 22, 292, 2, 18, 77, 5488 }, // U+1EE4
    { 12, 18, 247, 2, 14, 54, 5565 }, // U+1EE5
    { 14, 26, 292, 2, 26, 91, 5619 }, // U+1EE6
    { 12, 22, 247, 2, 22, 66, 5710 }, // U+1EE7
    { 18, 25, 312, 2, 25, 113, 5776 }, // U+1EE8
    { 16, 19, 270, 2, 19, 76, 5889 }, // U+1EE9
    { 18, 25, 312, 2, 25, 113, 5965 }, // U+1EEA
    { 16, 19, 270, 2, 19, 76, 6078 }, // U+1EEB
    { 18, 26, 312, 2, 26, 117, 6154 }, // U+1EEC
    { 16, 22, 270, 2, 22, 88, 6271 }, // U+1EED
    { 18, 24, 312, 2, 24, 108, 6359 }, // U+1EEE
    { 16, 18, 270, 2, 18, 72, 6467 }, // U+1EEF
    { 18, 23, 312, 2, 19, 104, 6539 }, // U+1EF0
    { 16, 20, 270, 2, 16, 80, 6643 }, // U+1EF1
    { 15, 24, 226, 0, 24, 90, 6723 }, // U+1EF2
    { 14, 25, 204, -1, 19, 88, 6813 }, // U+1EF3
    { 15, 23, 226, 0, 18, 87, 6901 }, // U+1EF4
    { 14, 20, 204, 0, 14, 70, 6988 }, // U+1EF5
    { 15, 26, 226, 0, 26, 98, 7058 }, // U+1EF6
    { 14, 27, 204, 0, 21, 95, 7156 }, // U+1EF7
    { 15, 23, 226, 0, 23, 87, 7251 }, // U+1EF8
    { 14, 24, 204, -1, 18, 84, 7338 }, // U+1EF9
    { 0, 0, 200, 0, 0, 0, 0 }, // U+2000
    { 0, 0, 400, 0, 0, 0, 0 }, // U+2001
    { 0, 0, 200, 0, 0, 0, 0 }, // U+2002
    { 0, 0, 400, 0, 0, 0, 0 }, // U+2003
    { 0, 0, 133, 0, 0, 0, 0 }, // U+2004
    { 0, 0, 100, 0, 0, 0, 0 }, // U+2005
    { 0, 0, 67, 0, 0, 0, 0 }, // U+2006
    { 0, 0, 229, 0, 0, 0, 0 }, // U+2007
    { 0, 0, 107, 0, 0, 0, 0 }, // U+2008
    { 0, 0, 66, 0, 0, 0, 0 }, // U+2009
    { 0, 0, 40, 0, 0, 0, 0 }, // U+200A
    { 0, 0, 0, 0, 0, 0, 0 }, // U+200B
    { 0, 0, 0, 0, 0, 0, 0 }, // U+200C
    { 0, 0, 0, 0, 0, 0, 0 }, // U+200D
    { 0, 0, 0, 0, 0, 0, 0 }, // U+200E
    { 0, 0, 0, 0, 0, 0, 0 }, // U+200F
    { 6, 2, 129, 1, 8, 3, 0 }, // U+2010
    { 6, 2, 129, 1, 8, 3, 3 }, // U+2011
    { 12, 2, 229, 1, 10, 6, 6 }, // U+2012
    { 11, 2, 200, 1, 8, 6, 12 }, // U+2013
    { 23, 2, 400, 1, 8, 12, 18 }, // U+2014
    { 23, 2, 400, 1, 8, 12, 30 }, // U+2015
    { 7, 25, 220, 3, 19, 44, 42 }, // U+2016
    { 10, 5, 164, 0, -1, 13, 86 }, // U+2017
    { 5, 6, 70, 0, 18, 8, 99 }, // U+2018
    { 5, 6, 70, 0, 18, 8, 107 }, // U+2019
    { 5, 6, 100, 0, 3, 8, 115 }, // U+201A
    { 5, 6, 70, 0, 18, 8, 123 }, // U+201B
    { 9, 6, 144, 0, 18, 14, 131 }, // U+201C
    { 9, 6, 144, 0, 18, 14, 145 }, // U+201D
    { 10, 6, 166, 0, 3, 15, 159 }, // U+201E
    { 9, 6, 144, 0, 18, 14, 174 }, // U+201F
    { 10, 19, 205, 1, 19, 48, 188 }, // U+2020
    { 10, 19, 205, 1, 19, 48, 236 }, // U+2021
    { 6, 6, 150, 2, 12, 9, 284 }, // U+2022
    { 7, 9, 147, 2, 14, 16, 293 }, // U+2023
    { 3, 3, 200, 5, 3, 3, 309 }, // U+2024
    { 10, 3, 214, 2, 3, 8, 312 }, // U+2025
    { 17, 3, 316, 2, 3, 13, 320 }, // U+2026
    { 3, 3, 107, 2, 8, 3, 333 }, // U+2027
    { 0, 0, 240, 0, 0, 0, 336 }, // U+2028
    { 0, 0, 240, 0, 0, 0, 336 }, // U+2029
    { 0, 0, 0, 0, 0, 0, 336 }, // U+202A
    { 0, 0, 0, 0, 0, 0, 336 }, // U+202B
    { 0, 0, 0, 0, 0, 0, 336 }, // U+202C
    { 0, 0, 0, 0, 0, 0, 336 }, // U+202D
    { 0, 0, 0, 0, 0, 0, 336 }, // U+202E
    { 0, 0, 66, 0, 0, 0, 336 }, // U+202F
    { 28, 18, 471, 1, 18, 126, 336 }, // U+2030
    { 37, 18, 618, 1, 18, 167, 462 }, // U+2031
    { 7, 7, 93, 0, 18, 13, 629 }, // U+2032
    { 11, 7, 163, 0, 18, 20, 642 }, // U+2033
    { 16, 7, 234, 0, 18, 28, 662 }, // U+2034
    { 6, 7, 93, -1, 18, 11, 690 }, // U+2035
    { 10, 7, 176, -1, 18, 18, 701 }, // U+2036
    { 14, 7, 241, -1, 18, 25, 719 }, // U+2037
    { 10, 8, 160, 0, 2, 20, 744 }, // U+2038
    { 6, 12, 124, 1, 13, 18, 764 }, // U+2039
    { 6, 12, 124, 1, 13, 18, 782 }, // U+203A
    { 19, 18, 335, 1, 18, 86, 800 }, // U+203B
    { 9, 18, 200, 2, 18, 41, 886 }, // U+203C
    { 11, 18, 178, 0, 18, 50, 927 }, // U+203D
    { 13, 2, 200, 0, 21, 7, 977 }, // U+203E
    { 15, 6, 244, 0, 0, 23, 984 }, // U+203F
    { 15, 7, 244, 0, 21, 27, 1007 }, // U+2040
    { 9, 16, 150, 0, 10, 36, 1034 }, // U+2041
    { 28, 24, 447, 0, 19, 168, 1070 }, // U+2042
    { 6, 2, 129, 1, 8, 3, 1238 }, // U+2043
    { 13, 18, 52, -5, 18, 59, 1241 }, // U+2044
    { 6, 23, 130, 2, 18, 35, 1300 }, // U+2045
    { 7, 22, 130, 0, 18, 39, 1335 }, // U+2046
    { 21, 18, 342, 0, 18, 95, 1374 }, // U+2047
    { 15, 18, 272, 0, 18, 68, 1469 }, // U+2048
    { 15, 18, 273, 2, 18, 68, 1537 }, // U+2049
    { 12, 14, 229, 1, 14, 42, 1605 }, // U+204A
    { 14, 24, 262, 2, 19, 84, 1647 }, // U+204B
    { 13, 13, 256, 1, 14, 43, 1731 }, // U+204C
    { 12, 13, 256, 2, 14, 39, 1774 }, // U+204D
    { 12, 12, 220, 1, 6, 36, 1813 }, // U+204E
    { 4, 17, 95, 1, 14, 17, 1849 }, // U+204F
    { 15, 27, 242, 0, 21, 102, 1866 }, // U+2050
    { 12, 25, 220, 1, 19, 75, 1968 }, // U+2051
    { 10, 18, 149, 0, 18, 45, 2043 }, // U+2052
    { 23, 4, 400, 1, 9, 23, 2088 }, // U+2053
    { 15, 7, 242, 0, 0, 27, 2111 }, // U+2054
    { 13, 13, 229, 1, 13, 43, 2138 }, // U+2055
    { 10, 18, 207, 1, 18, 45, 2181 }, // U+2056
    { 20, 7, 297, 0, 18, 35, 2226 }, // U+2057
    { 18, 18, 329, 1, 18, 81, 2261 }, // U+2058
    { 18, 18, 332, 1, 18, 81, 2342 }, // U+2059
    { 3, 18, 88, 1, 18, 14, 2423 }, // U+205A
    { 14, 19, 262, 1, 19, 67, 2437 }, // U+205B
    { 18, 19, 318, 1, 19, 86, 2504 }, // U+205C
    { 3, 18, 107, 2, 18, 14, 2590 }, // U+205D
    { 3, 18, 107, 2, 18, 14, 2604 }, // U+205E
    { 0, 0, 89, 0, 0, 0, 2618 }, // U+205F
    { 0, 0, 0, 0, 0, 0, 2618 }, // U+2060
    { 0, 0, 0, 0, 0, 0, 2618 }, // U+2061
    { 0, 0, 0, 0, 0, 0, 2618 }, // U+2062
    { 0, 0, 0, 0, 0, 0, 2618 }, // U+2063
    { 0, 0, 0, 0, 0, 0, 2618 }, // U+2064
    { 0, 0, 0, 0, 0, 0, 2618 }, // U+2065
    { 0, 0, 0, 0, 0, 0, 2618 }, // U+2066
    { 0, 0, 0, 0, 0, 0, 2618 }, // U+2067
    { 0, 0, 0, 0, 0, 0, 2618 }, // U+2068
    { 0, 0, 0, 0, 0, 0, 2618 }, // U+2069
    { 0, 0, 0, 0, 0, 0, 2618 }, // U+206A
    { 0, 0, 0, 0, 0, 0, 2618 }, // U+206B
    { 0, 0, 0, 0, 0, 0, 2618 }, // U+206C
    { 0, 0, 0, 0, 0, 0, 2618 }, // U+206D
    { 0, 0, 0, 0, 0, 0, 2618 }, // U+206E
    { 0, 0, 0, 0, 0, 0, 2618 }, // U+206F
    { 8, 11, 140, 1, 21, 22, 0 }, // U+2070
    { 3, 13, 67, 1, 20, 10, 22 }, // U+2071
    { 8, 11, 140, 1, 21, 22, 32 }, // U+2074
    { 8, 11, 140, 0, 21, 22, 54 }, // U+2075
    { 8, 11, 140, 1, 21, 22, 76 }, // U+2076
    { 7, 11, 140, 1, 22, 20, 98 }, // U+2077
    { 8, 11, 140, 1, 21, 22, 118 }, // U+2078
    { 8, 11, 140, 1, 21, 22, 140 }, // U+2079
    { 7, 7, 135, 1, 18, 13, 162 }, // U+207A
    { 7, 2, 135, 1, 16, 4, 175 }, // U+207B
    { 7, 4, 135, 1, 17, 7, 179 }, // U+207C
    { 5, 13, 90, 2, 22, 17, 186 }, // U+207D
    { 5, 13, 90, 0, 22, 17, 203 }, // U+207E
    { 8, 8, 161, 1, 15, 16, 220 }, // U+207F
    { 8, 12, 140, 1, 8, 24, 236 }, // U+2080
    { 6, 11, 140, 0, 8, 17, 260 }, // U+2081
    { 7, 12, 140, 1, 9, 21, 277 }, // U+2082
    { 8, 12, 140, 0, 8, 24, 298 }, // U+2083
    { 8, 11, 140, 1, 8, 22, 322 }, // U+2084
    { 8, 12, 140, 0, 8, 24, 344 }, // U+2085
    { 8, 12, 140, 1, 8, 24, 368 }, // U+2086
    { 7, 12, 140, 1, 8, 21, 392 }, // U+2087
    { 8, 12, 140, 1, 8, 24, 413 }, // U+2088
    { 8, 12, 140, 1, 8, 24, 437 }, // U+2089
    { 7, 7, 135, 1, 5, 13, 461 }, // U+208A
    { 7, 2, 135, 1, 2, 4, 474 }, // U+208B
    { 7, 5, 135, 1, 5, 9, 478 }, // U+208C
    { 5, 14, 90, 2, 9, 18, 487 }, // U+208D
    { 5, 14, 90, 0, 9, 18, 505 }, // U+208E
    { 9, 8, 146, 0, 6, 18, 523 }, // U+2090
    { 9, 8, 147, 0, 6, 18, 541 }, // U+2091
    { 10, 8, 157, 0, 6, 20, 559 }, // U+2092
    { 9, 8, 138, 0, 6, 18, 579 }, // U+2093
    { 9, 8, 147, 0, 6, 18, 597 }, // U+2094
    { 8, 11, 161, 1, 9, 22, 615 }, // U+2095
    { 8, 11, 139, 1, 9, 22, 637 }, // U+2096
    { 2, 11, 67, 1, 9, 6, 659 }, // U+2097
    { 13, 8, 243, 1, 6, 26, 665 }, // U+2098
    { 8, 8, 161, 1, 6, 16, 691 }, // U+2099
    { 8, 12, 160, 1, 6, 24, 707 }, // U+209A
    { 7, 8, 124, 1, 6, 14, 731 }, // U+209B
    { 7, 11, 94, -1, 9, 20, 745 }, // U+209C
    { 13, 18, 229, 1, 18, 59, 0 }, // U+20A0
    { 13, 21, 229, 1, 19, 69, 59 }, // U+20A1
    { 13, 18, 229, 1, 18, 59, 128 }, // U+20A2
    { 12, 18, 229, 1, 18, 54, 187 }, // U+20A3
    { 13, 18, 229, 1, 18, 59, 241 }, // U+20A4
    { 20, 20, 374, 2, 17, 100, 300 }, // U+20A5
    { 14, 18, 229, 1, 18, 63, 400 }, // U+20A6
    { 17, 18, 310, 2, 18, 77, 463 }, // U+20A7
    { 18, 18, 333, 2, 18, 81, 540 }, // U+20A8
    { 16, 18, 268, 1, 18, 72, 621 }, // U+20A9
    { 16, 18, 320, 2, 18, 72, 693 }, // U+20AA
    { 14, 23, 247, 1, 19, 81, 765 }, // U+20AB
    { 14, 18, 229, 1, 18, 63, 846 }, // U+20AC
    { 14, 18, 229, 1, 18, 63, 909 }, // U+20AD
    { 13, 18, 229, 1, 18, 59, 972 }, // U+20AE
    { 24, 24, 388, 0, 18, 144, 1031 }, // U+20AF
    { 13, 24, 229, 0, 18, 78, 1175 }, // U+20B0
    { 14, 18, 229, 1, 18, 63, 1253 }, // U+20B1
    { 15, 21, 291, 2, 19, 79, 1316 }, // U+20B2
    { 17, 18, 243, 0, 18, 77, 1395 }, // U+20B3
    { 13, 18, 220, 1, 18, 59, 1472 }, // U+20B4
    { 14, 21, 253, 2, 19, 74, 1531 }, // U+20B5
    { 15, 17, 248, 0, 17, 64, 1605 }, // U+20B6
    { 17, 20, 290, 1, 18, 85, 1669 }, // U+20B7
    { 13, 18, 218, 1, 18, 59, 1754 }, // U+20B8
    { 10, 19, 229, 2, 19, 48, 1813 }, // U+20B9
    { 14, 18, 229, 0, 18, 63, 1861 }, // U+20BA
    { 19, 18, 312, 1, 18, 86, 1924 }, // U+20BB
    { 18, 18, 324, 1, 18, 81, 2010 }, // U+20BC
    { 13, 18, 233, 1, 18, 59, 2091 }, // U+20BD
    { 16, 20, 308, 2, 20, 80, 2150 }, // U+20BE
    { 11, 24, 229, 2, 21, 66, 2230 }, // U+20BF
    { 11, 18, 197, 1, 14, 50, 2296 }, // U+20C0
    { 12, 2, 229, 1, 10, 6, 0 }, // U+2212
    { 19, 19, 275, 1, 19, 91, 0 }, // U+FB00
    { 13, 19, 241, 1, 19, 62, 91 }, // U+FB01
    { 13, 19, 241, 1, 19, 62, 153 }, // U+FB02
    { 22, 19, 378, 1, 19, 105, 215 }, // U+FB03
    { 22, 19, 378, 1, 19, 105, 320 }, // U+FB04
    { 14, 19, 269, 2, 19, 67, 425 }, // U+FB05
    { 19, 19, 336, 1, 19, 91, 492 }, // U+FB06
    { 23, 24, 400, 1, 20, 138, 0 }, // U+FFFD
};


static const EpdFontGroup notosans_12_regularGroups[] = {
    { 0, 2085, 4850, 97, 3044, 0 },
    { 2085, 1476, 4088, 63, 1672, 97 },
    { 3561, 718, 2044, 33, 1060, 160 },
    { 4279, 1163, 4026, 55, 2091, 193 },
    { 5442, 1088, 4073, 57, 2183, 248 },
    { 6530, 525, 1261, 16, 651, 305 },
    { 7055, 3113, 8694, 96, 3800, 321 },
    { 10168, 750, 1240, 112, 621, 417 },
    { 10918, 1285, 4042, 54, 2385, 529 },
    { 12203, 1687, 4083, 62, 3628, 583 },
    { 13890, 1732, 4032, 48, 1279, 645 },
    { 15622, 1473, 4032, 48, 3130, 693 },
    { 17095, 1395, 3461, 44, 1814, 741 },
    { 18490, 2013, 8128, 90, 3923, 785 },
    { 20503, 1297, 2916, 112, 1737, 875 },
    { 21800, 519, 866, 42, 543, 987 },
    { 22319, 1301, 2627, 33, 2349, 1029 },
    { 23620, 5, 6, 1, 1, 1062 },
    { 23625, 203, 646, 7, 252, 1063 },
    { 23828, 106, 144, 1, 23, 1070 },
};







static const int8_t notosans_12_regularKernSparseValues[] = {
     -28,    8,    8,    4,  -16,  -24,  -12,  -12,  -12,  -32,   28,    8,  -12,    8,  -28,  -24,
       8,   -4,  -16,  -28,    8,  -20,   12,    8,   12,   12,    8,  -24,   -8,  -24,   -8,  -12,
      36,   16,   40,  -12,   24,  -20,  -28,   -8,  -24,  -24,  -20,   24,   -8,  -16,  -32,  -16,
     -24,  -20,  -24,  -28,  -24,  -24,  -16,  -16,   -8,   -4,   -4,   -8,  -16,  -12,   -4,   -4,
      -4,   -4,  -28,   -8,   20,  -28,  -16,  -24,   -4,   -8,   -8,  -16,   -8,  -12,   -4,   -8,
      -4,   -4,   24,    8,  -24,    8,   -8,  -32,   -8,   -8,   -4,   -8,  -12,   -4,  -52,  -20,
      -8,   -4,   -8,  -12,   -4,   -8,  -24,  -16,    8,  -28,   -8,    8,  -32,  -28,  -28,  -20,
     -24,   -8,  -16,  -24,  -12,   -8,   -4,  -20,    8,  -16,   -4,   -8,   -8,   -4,   -4,   -4,
     -12,   -4,  -12,  -24,    8,  -24,   -8,  -20,  -20,  -20,  -12,  -16,   -8,  -32,  -12,   -4,
      -8,   38,   -4,   -4,   -8,   -4,    8,   24,   16,   -8,   16,  -64,   -8,   -8,   -4,   16,
     -16,    8,   -8,   20,   -8,   -4,  -12,  -12,   -4,  -12,  -12,   -4,   -4,  -24,  -12,   -8,
     -32,  -24,   -8,   -8,   -8,  -16,   40,  -16,  -12,  -16,   20,  -28,   -8,   44,  -28,  -16,
     -24,   20,   20,   36,   36,   12,   28,   28,   20,   52,   20,   28,   44,   48,   44,   28,
      -8,    8,   24,   28,   20,   24,    8,   16,   20,  -12,   -4,    8,   28,   28,   20,   24,
     -12,   -8,   -8,    8,   20,   20,   20,  -28,  -20,   -8,  -12,   -8,   -8,   -8,   -8,  -16,
     -24,  -20,   -8,  -12,    8,  -20,  -16,  -12,  -12,    8,   -8,  -10,  -28,  -10,  -14,  -16,
      -8,  -12,  -16,  -16,   -4,   -4,  -12,   -4,   -8,  -12,  -16,   -8,    4,   -8,   -8,  -12,
      -8,   -8,   -8,   -8,   -4,  -36,   -4,  -24,   -8,  -12,   -8,   -8,   -8,   -8,  -12,  -24,
       8,   -4,   -4,   -8,   -8,  -16,   -4,   -4,   -8,   -8,   -4,   -4,   -8,   -8,  -20,    8,
     -28,   -8,   -4,  -20,   -8,  -16,   -8,  -36,  -48,  -40,  -12,  -12,  -20,  -16,   -4,  -40,
     -24,  -12,   -8,  -20,   -8,  -20,   20,  -12,   -4,   -8,  -12,  -20,  -28,   -4,  -28,   -8,
      20,  -12,  -14,  -24,   -4,  -12,   -8,  -12,   -8,  -16,  -20,  -24,  -20,   -4,  -16,   -4,
      -4,  -10,   -4,   -6,   -4,   12,   36,   12,   16,   -4,  -10,   12,   12,   -4,   12,   -8,
      28,  -16,   -8,   -4,  -16,   -8,   -4,   -8,   -4,   -4,   -6,   -4,   -4,   -4,   -4,   -4,
      -8,  -52,   -4,   -4,   -8,   -4,  -24,   -8,  -20,  -24,   -8,   -4,  -10,  -20,   -4,  -16,
      -4,  -24,   -4,  -12,  -16,   -4,  -14,   -4,  -10,  -12,  -14,  -12,  -16,  -12,   -4,  -10,
      -6,   -6,   -4,   -8,   -4,  -16,  -16,   -8,   -4,   -4,  -24,  -16,   -4,  -12,   -8,   -4,
      -8,   -4,  -12,   -4,   -4,   -4,  -12,   -4,   -4,   -4,   -8,   -4,   -4,   12,  -16,   -8,
      -8,  -12,  -12,   -4,  -16,   -4,  -12,   16,   -4,    8,  -12,   40,    8,   12,   -6,    8,
      10,   -6,  -12,   24,  -16,  -16,   -4,   -8,   -8,   -4,   -8,   -4,  -12,   -4,   -4,   -4,
      -4,   -6,   -4,   -6,   -4,   -8,   -8,   -8,   -4,   -8,   12,  -12,   -2,    8,   -8,   -4,
      -4,    8,  -16,   -8,   -8,  -12,   -4,   -4,  -20,  -12,  -20,  -12,   16,  -32,   -4,  -24,
      -8,   -4,   -4,   -4,  -28,   -8,   -8,  -24,  -18,  -16,   -8,   -8,  -12,   -8,  -12,   -4,
     -16,   32,  -12,  -20,    8,   -8,  -12,   -4,   -8,   12,    8,   12,    4,   12,    8,   -4,
     -16,   16,  -12,  -20,  -16,   -8,  -16,  -16,  -16,   -8,  -12,   -8,  -12,  -28,   -8,  -20,
     -12,  -12,   -8,   -8,   -8,  -16,   -4,   -4,  -24,  -16,  -24,  -12,    8,   -8,  -16,  -28,
     -20,  -14,  -28,  -24,   -8,   -8,  -16,  -16,  -20,   -8,   -8,  -20,  -16,  -20,  -28,  -20,
     -32,  -20,   -8,  -12,   -4,  -16,   -4,  -12,  -20,   -8,    8,  -24,  -16,  -20,   -8,   -8,
     -20,    8,   -8,  -12,    8,   -8,  -12,  -16,  -12,   -8,  -12,   -8,  -20,   -8,  -20,   -8,
      -4,   -4,  -24,  -24,  -20,  -20,  -16,    8,   -8,  -12,  -16,  -16,  -16,   -4,  -16,   -4,
      -8,   -4,   -4,   -4,   -8,   -4,
};


static const EpdFontData notosans_12_regular = {
    notosans_12_regularBitmaps,
    notosans_12_regularGlyphs,
    epdSharedFontIntervals_cb6738f1a23b,
    19,
    34,
    27,
    -8,
    true,
    notosans_12_regularGroups,
    20,
    nullptr,
    nullptr,  // kernLeftClasses: built-in fonts use the split arrays below
    nullptr,  // kernRightClasses
    epdSharedFontKernLeftCodepoints_63dda1171fed,
    epdSharedFontKernLeftClassIds_a3cd3940db95,
    epdSharedFontKernRightCodepoints_dbaff3525670,
    epdSharedFontKernRightClassIds_d41c1eb3459f,
    nullptr,  // kernMatrix: built-in fonts use the sparse form below
    epdSharedFontKernRowOffsets_27736f853c8b,
    epdSharedFontKernSparseCols_957194106b27,
    notosans_12_regularKernSparseValues,
    478,
    474,
    87,
    76,
    epdSharedFontLigaturePairs_607bf6e70845,
    5,
};
