/**
 * generated by fontconvert.py
 * name: notosans_10_bold
 * size: 10
 * mode: 2-bit  compressed: zopfli
 * hinting: auto (FT_LOAD_FORCE_AUTOHINT — grid-fits stems to whole pixels)
 * Command used: fontconvert.py notosans_10_bold 10 ../builtinFonts/source/NotoSans/NotoSans-Bold.ttf --2bit --compress --zopfli
 */
#pragma once
#include "EpdFontData.h"
#include "shared_tables.h"

static const uint8_t notosans_10_boldBitmaps[21649] = {
    0x9D, 0x96, 0x01, 0xA4, 0x66, 0xC7, 0x15, 0xC7, 0x7F, 0xF7, 0xDE, 0x26, 0x57, 0x7B, 0x31, 0xA0,
    0x4A, 0x43, 0x6F, 0x01, 0xA4, 0xE4, 0x86, 0xA2, 0xB0, 0xBB, 0x33, 0xE9, 0x22, 0x08, 0x1A, 0xE4,
    0x09, 0x82, 0x00, 0x20, 0x78, 0x0A, 0xA4, 0xBC, 0xBC, 0x3B, 0x4D, 0x50, 0x14, 0x09, 0x14, 0x40,
    0xA1, 0xA0, 0x4F, 0xBD, 0xA0, 0xE5, 0xE1, 0xDB, 0xEF, 0x4E, 0xBB, 0x58, 0x2C, 0x72, 0x9B, 0x15,
    0x01, 0xEC, 0x4D, 0x93, 0x24, 0x65, 0xF1, 0xA6, 0xC9, 0xD7, 0xE6, 0xEE, 0xCB, 0xCC, 0x9C, 0xCE,
    0xDD, 0xF7, 0xBD, 0xF5, 0xDE, 0xCA, 0xDB, 0x54, 0xEF, 0xF9, 0xFF, 0x8F, 0x99, 0x73, 0xFE, 0x33,
    0xE7, 0xCD, 0x9D, 0x79, 0xF3, 0xDD, 0xF0, 0xF0, 0x81, 0x55, 0x38, 0x5A, 0xED, 0xAF, 0xAE, 0xAD,
    0xAE, 0xEE, 0x65, 0x63, 0xEF, 0x0A, 0x1C, 0xED, 0xC1, 0xE6, 0x08, 0xFC, 0x06, 0x2D, 0xE2, 0x16,
    0x96, 0xFF, 0xF0, 0x94, 0xEF, 0x4F, 0xBC, 0xFC, 0xF9, 0xA7, 0x88, 0xC8, 0x42, 0xEA, 0x5B, 0x8E,
    0xE6, 0x37, 0x16, 0xF5, 0x42, 0xA6, 0x32, 0xF0, 0x2C, 0xFC, 0x85, 0x56, 0xA6, 0x5E, 0xA6, 0xF4,
    0x4B, 0x1B, 0x9F, 0x65, 0xF0, 0xE8, 0x48, 0x2D, 0x8E, 0xDE, 0xF3, 0x33, 0x6F, 0x7E, 0xEA, 0xD3,
    0xE0, 0x45, 0xC6, 0xDD, 0xB4, 0x88, 0x33, 0xDA, 0xB1, 0xF0, 0x39, 0x57, 0x8D, 0xAC, 0xE7, 0xC6,
    0xB2, 0xD9, 0x53, 0xE0, 0xAF, 0x3C, 0xB3, 0xB8, 0x3D, 0x98, 0x57, 0xF3, 0x9A, 0xFE, 0xDF, 0x5F,
    0x88, 0xD5, 0x5F, 0xDE, 0xF9, 0xD0, 0x3D, 0xF1, 0xC2, 0xCD, 0x9B, 0x0E, 0x75, 0x3D, 0xBB, 0xAE,
    0xCA, 0xEE, 0x8D, 0xEA, 0x9E, 0x63, 0x2E, 0xC4, 0x16, 0x9E, 0x35, 0x65, 0x32, 0xB4, 0x32, 0xA2,
    0x8F, 0x3D, 0xBA, 0xCA, 0x7C, 0x61, 0xA2, 0x3D, 0x76, 0x34, 0x02, 0x6D, 0xA8, 0x7C, 0x3F, 0xD4,
    0x3E, 0xB5, 0x77, 0xC7, 0x50, 0x8B, 0x8B, 0x85, 0x98, 0xE1, 0x40, 0xAC, 0x16, 0x99, 0x6A, 0x79,
    0x7E, 0x5E, 0xAD, 0x56, 0x7B, 0x7B, 0x95, 0x6F, 0x9C, 0xB2, 0x9D, 0xD1, 0xEC, 0x73, 0x83, 0x48,
    0x58, 0x8C, 0x98, 0xDB, 0xFB, 0x68, 0xB4, 0x69, 0x6D, 0xE3, 0x2A, 0xBF, 0x42, 0xD3, 0x1A, 0xE5,
    0x9A, 0xB1, 0x9E, 0x6A, 0x5F, 0x3D, 0xB4, 0xDA, 0xD7, 0x53, 0x33, 0x2A, 0xD7, 0x1A, 0xCD, 0x8A,
    0x2D, 0x5E, 0xE7, 0xEA, 0xAF, 0xFE, 0xDC, 0xCB, 0xFC, 0xB4, 0xFC, 0xA1, 0x14, 0xEA, 0xBB, 0x56,
    0xDD, 0x76, 0xE5, 0x75, 0x03, 0xE0, 0xB7, 0xD8, 0xB9, 0xFF, 0xA2, 0x88, 0xCF, 0xC0, 0xF3, 0x10,
    0xED, 0xF2, 0x67, 0x70, 0x8D, 0x2B, 0xEC, 0x18, 0x71, 0xE2, 0xF2, 0x16, 0xD1, 0x19, 0x34, 0x39,
    0xC6, 0x0D, 0x08, 0x14, 0x33, 0xA5, 0xA7, 0xF2, 0xD4, 0x23, 0xCA, 0xA1, 0xEC, 0x36, 0xBF, 0xBF,
    0xD4, 0xA5, 0x8E, 0xB4, 0x62, 0xF5, 0xA1, 0x5B, 0x37, 0xD3, 0x8D, 0xCA, 0xC7, 0xCA, 0x87, 0x33,
    0xE4, 0x76, 0x8E, 0xEC, 0x37, 0x93, 0x3E, 0x1C, 0xB3, 0x26, 0x2B, 0xD1, 0x14, 0x42, 0x23, 0x68,
    0xE1, 0x19, 0xCD, 0x77, 0x34, 0x5C, 0x8E, 0x52, 0x6C, 0x2B, 0xBE, 0xBB, 0x37, 0x7F, 0xB7, 0x08,
    0x10, 0xC8, 0xBE, 0xDA, 0xA0, 0x3C, 0x9D, 0x63, 0xA0, 0x0C, 0x34, 0xB9, 0xF9, 0xE9, 0x4B, 0x5A,
    0x42, 0xC6, 0x53, 0xC9, 0x0C, 0x32, 0x5D, 0x3B, 0xF4, 0x54, 0x0B, 0x9E, 0x38, 0x74, 0x4D, 0xA2,
    0x11, 0x47, 0xB3, 0x8D, 0x98, 0xDA, 0x9F, 0x1C, 0x4E, 0x22, 0x6E, 0x37, 0x82, 0x72, 0x68, 0x47,
    0xEF, 0x10, 0x57, 0x1E, 0xBB, 0xFA, 0x3D, 0xA7, 0x7E, 0xE1, 0x3A, 0xE5, 0xAE, 0x28, 0x17, 0x5F,
    0xFD, 0x44, 0x24, 0x64, 0x64, 0xCD, 0x29, 0xB4, 0x2C, 0xE8, 0x77, 0xCC, 0x3E, 0x64, 0x0C, 0x89,
    0x41, 0xDC, 0xD3, 0xB9, 0x50, 0x7D, 0x7E, 0xE6, 0x51, 0xC4, 0xEE, 0xDE, 0x87, 0xC1, 0xE5, 0xA2,
    0xED, 0x7D, 0xAB, 0xCD, 0x22, 0xBE, 0x31, 0x98, 0x24, 0xA3, 0x1C, 0xFA, 0x54, 0x6F, 0x5F, 0xC8,
    0xBA, 0xF6, 0xFA, 0x70, 0x6A, 0x73, 0xDD, 0xC4, 0x69, 0xA1, 0x9D, 0x97, 0xE7, 0x65, 0x5D, 0xB5,
    0x47, 0x8D, 0xB4, 0x8E, 0xCE, 0xA2, 0x61, 0x0D, 0x81, 0x72, 0xC9, 0xD0, 0x2C, 0x19, 0x9A, 0x84,
    0x7E, 0x30, 0x55, 0xAC, 0x17, 0xF4, 0xAF, 0x8E, 0x4A, 0x68, 0x22, 0x7A, 0x70, 0x6B, 0x35, 0x85,
    0x07, 0xC1, 0xE1, 0x70, 0xD2, 0xE2, 0xB2, 0xB2, 0x4E, 0x74, 0x32, 0xF6, 0x07, 0x3E, 0x95, 0x73,
    0x20, 0x44, 0x82, 0x54, 0xA1, 0x97, 0xD0, 0xC5, 0x50, 0xBC, 0xB8, 0xCC, 0x9B, 0xCB, 0x3D, 0x3D,
    0x64, 0xB1, 0xD5, 0x33, 0x47, 0x21, 0xBC, 0x0E, 0x40, 0xDE, 0xFA, 0x67, 0xD0, 0xD9, 0x7E, 0xC4,
    0xF9, 0xA7, 0x43, 0x73, 0x95, 0x2B, 0x9C, 0x8A, 0x78, 0x97, 0xC6, 0x33, 0x8C, 0xCD, 0xCC, 0x60,
    0x49, 0xD0, 0x4F, 0xB9, 0x9C, 0xA1, 0xF7, 0x94, 0x1E, 0x7E, 0xBC, 0xB3, 0x73, 0x76, 0xC8, 0xE0,
    0x7C, 0x7B, 0x62, 0x2B, 0x2E, 0x13, 0x74, 0xD3, 0xE9, 0x24, 0x4F, 0x45, 0x64, 0x64, 0x06, 0x0B,
    0x4D, 0x32, 0x5A, 0x46, 0x7D, 0xB6, 0x83, 0x34, 0xDB, 0x8D, 0x5E, 0xD2, 0x1E, 0x5E, 0x04, 0xB6,
    0xE7, 0xB0, 0x9C, 0x20, 0xEF, 0x37, 0x85, 0x88, 0xCF, 0xB5, 0x0F, 0x22, 0xED, 0x87, 0xB1, 0x47,
    0x77, 0xA2, 0xCC, 0x5E, 0x7F, 0xD8, 0xB8, 0xA3, 0x23, 0x55, 0xB9, 0xCD, 0x26, 0x3B, 0xEF, 0x55,
    0xED, 0xFC, 0xA6, 0x6D, 0xDC, 0x66, 0x3D, 0x1C, 0x9A, 0x23, 0xFD, 0x95, 0xB0, 0xD7, 0xFE, 0x7D,
    0x46, 0x1B, 0x40, 0x9D, 0x1C, 0x38, 0x2A, 0x11, 0x07, 0xBB, 0x11, 0xD0, 0x23, 0xF4, 0x13, 0x0C,
    0x1E, 0xE2, 0x86, 0x62, 0x9E, 0x29, 0x37, 0x81, 0xCA, 0xBF, 0x41, 0x3D, 0x69, 0x1A, 0x11, 0x94,
    0x88, 0x69, 0x45, 0x9C, 0x36, 0xCA, 0xE5, 0xC8, 0xD4, 0x53, 0xFB, 0x94, 0x15, 0x22, 0x56, 0xC4,
    0xA7, 0xD7, 0x42, 0x28, 0x1E, 0xA0, 0x9A, 0x45, 0x26, 0x91, 0x31, 0xBD, 0xB6, 0x59, 0xBA, 0x2C,
    0xC1, 0xF4, 0x4A, 0x0E, 0x66, 0xA5, 0x61, 0xF8, 0xA4, 0x96, 0xD8, 0x9E, 0xAC, 0xB4, 0x65, 0x80,
    0xC8, 0x82, 0x70, 0xD6, 0x18, 0x20, 0xC7, 0xBB, 0xFB, 0xAB, 0x46, 0x42, 0x31, 0x7C, 0x22, 0xC9,
    0x20, 0x32, 0x91, 0x76, 0x03, 0xA1, 0x88, 0x04, 0x86, 0x4C, 0xFD, 0x08, 0xFB, 0xCC, 0xF5, 0x92,
    0xCF, 0xBA, 0x99, 0x45, 0x2F, 0x09, 0x44, 0x6C, 0x46, 0xDA, 0x21, 0xB0, 0x20, 0x37, 0x44, 0x32,
    0xB6, 0xDD, 0x73, 0x41, 0x9B, 0x71, 0x5E, 0x7C, 0xB9, 0x7E, 0x0B, 0xFA, 0xFB, 0xD4, 0x22, 0xB4,
    0x27, 0x7F, 0x42, 0x3B, 0x18, 0x80, 0x04, 0x44, 0x25, 0x84, 0xCC, 0xF8, 0x44, 0x4F, 0x44, 0x33,
    0x64, 0x6A, 0xA3, 0xE9, 0x4E, 0x06, 0x1A, 0x11, 0x8A, 0xE1, 0x3E, 0x01, 0xFD, 0x28, 0x73, 0xA9,
    0xFE, 0xEC, 0xB2, 0x5F, 0xFA, 0x97, 0x52, 0x82, 0x84, 0x6E, 0x54, 0xEE, 0x51, 0xEB, 0xC6, 0x25,
    0xC3, 0xB7, 0x58, 0x11, 0x5E, 0x9B, 0x07, 0xDF, 0xDB, 0x40, 0x22, 0x94, 0x39, 0x50, 0x7B, 0x42,
    0x3B, 0x12, 0xB4, 0x21, 0x24, 0x48, 0x01, 0x24, 0x66, 0x0A, 0x44, 0x6D, 0x73, 0xCE, 0x11, 0x1A,
    0x4F, 0xA8, 0x36, 0xCB, 0x60, 0x02, 0x29, 0xF3, 0xDB, 0x21, 0x7F, 0xB4, 0x22, 0x6E, 0x81, 0x2B,
    0xB3, 0xAF, 0x44, 0xC6, 0x5A, 0x64, 0x6A, 0x24, 0x79, 0x35, 0x44, 0xAF, 0xFA, 0x30, 0xB7, 0x3A,
    0xAC, 0xAE, 0xEA, 0xB0, 0x77, 0x45, 0x87, 0xAB, 0x7B, 0x3A, 0x5C, 0x3B, 0xD2, 0xA1, 0xDD, 0xE8,
    0xA0, 0x7C, 0xE6, 0xA4, 0x43, 0x33, 0x6A, 0xB1, 0xCA, 0x89, 0xCB, 0x9C, 0x32, 0xBD, 0x72, 0x69,
    0x56, 0x2E, 0x84, 0xCC, 0xFD, 0x4C, 0x9D, 0xD9, 0xBE, 0xED, 0x82, 0x7A, 0xCF, 0x85, 0xFA, 0xD8,
    0x85, 0x4A, 0x5C, 0x28, 0x32, 0x59, 0xD8, 0xBB, 0x7C, 0x6E, 0xC8, 0xD5, 0x96, 0xD7, 0x6E, 0xB5,
    0x69, 0xDD, 0x9A, 0x66, 0x8A, 0xD4, 0x7E, 0x61, 0xA0, 0xF2, 0x67, 0xED, 0x25, 0xBE, 0xE4, 0x17,
    0xDD, 0xA2, 0x5F, 0xC6, 0x49, 0x42, 0xC4, 0xA5, 0x5D, 0x1F, 0xEA, 0xB3, 0xBB, 0xBC, 0xF1, 0x22,
    0xA3, 0x88, 0x49, 0x2F, 0x3D, 0xBA, 0xD2, 0xFF, 0xAF, 0x90, 0xE4, 0x71, 0xCB, 0xE0, 0x08, 0x0C,
    0x06, 0xB4, 0x83, 0xEF, 0xBD, 0xF3, 0xA0, 0xF0, 0x98, 0x0B, 0x6F, 0xAB, 0xD6, 0x3E, 0xED, 0x4E,
    0x22, 0x56, 0x84, 0xA0, 0x4D, 0x68, 0x5D, 0x50, 0xD3, 0x12, 0x2F, 0x43, 0x20, 0xD6, 0x62, 0xB5,
    0x4C, 0xC3, 0xC1, 0x18, 0x21, 0x43, 0x0C, 0x7A, 0xA6, 0x15, 0x53, 0xC8, 0x48, 0xEB, 0x73, 0x45,
    0xBB, 0x1D, 0xEE, 0x76, 0xE3, 0xD9, 0x4D, 0x7B, 0xF6, 0xE7, 0x3F, 0x1E, 0x01, 0xFD, 0x3F, 0x31,
    0x66, 0x0E, 0xD9, 0xB4, 0x44, 0x5A, 0x99, 0x29, 0xE5, 0x1D, 0x22, 0x6A, 0xDC, 0x47, 0x39, 0x4D,
    0x6B, 0xB5, 0xD1, 0x26, 0xFB, 0xDC, 0x5B, 0x22, 0x37, 0xA8, 0xA7, 0x40, 0xF5, 0xAF, 0x99, 0xEA,
    0x8B, 0x0D, 0xC5, 0x57, 0x1E, 0xBE, 0x9E, 0x40, 0x46, 0xE8, 0x1D, 0x68, 0x4B, 0x60, 0x8D, 0xE6,
    0x06, 0x42, 0xCF, 0x3E, 0xB2, 0xF4, 0x0A, 0x31, 0x11, 0x5D, 0x8A, 0x0D, 0x74, 0xD7, 0xEF, 0xB9,
    0x40, 0xFB, 0xD6, 0xE7, 0x7F, 0x9D, 0x51, 0xB7, 0xEE, 0xBC, 0xEF, 0x51, 0xB7, 0x6F, 0x7E, 0xEC,
    0x69, 0xEE, 0xFE, 0xED, 0xCB, 0x89, 0xFA, 0xEE, 0xAF, 0xBF, 0x1E, 0xA9, 0xC4, 0x88, 0xCB, 0x9E,
    0xEC, 0x4B, 0x61, 0xB0, 0x14, 0x89, 0xDE, 0xD0, 0xD3, 0xBA, 0xCE, 0x69, 0xAB, 0xC6, 0x81, 0x65,
    0x3B, 0xAA, 0x93, 0x19, 0xC4, 0x43, 0x3F, 0x82, 0x76, 0x20, 0x13, 0x85, 0x78, 0xAA, 0xFF, 0x04,
    0x9A, 0x29, 0x65, 0x75, 0x8F, 0xB6, 0x9D, 0x1B, 0x50, 0xD3, 0x40, 0x1E, 0x89, 0x36, 0x9D, 0xCD,
    0x3D, 0x97, 0xF3, 0x1F, 0xCD, 0x54, 0x5F, 0xFA, 0xAC, 0x9F, 0x40, 0x1C, 0xF4, 0x16, 0x34, 0xDF,
    0xC8, 0xED, 0x6B, 0x7F, 0x65, 0xDE, 0xFE, 0xBA, 0x9D, 0x5E, 0x77, 0x81, 0x6A, 0xA6, 0xF1, 0xB4,
    0x0E, 0x6D, 0x18, 0x7E, 0xF7, 0xD2, 0xA9, 0x4C, 0x9C, 0xB8, 0x64, 0x02, 0x97, 0x59, 0x3A, 0xFD,
    0x3C, 0x81, 0x7D, 0xD0, 0xD0, 0x19, 0x94, 0x45, 0x39, 0xEA, 0x91, 0x6A, 0xA2, 0xF4, 0x14, 0x1B,
    0x08, 0x70, 0x4E, 0x31, 0xF8, 0xC1, 0xFF, 0xC0, 0x57, 0x97, 0x59, 0xCE, 0x2D, 0x0A, 0x5E, 0x87,
    0x15, 0x24, 0xCA, 0x63, 0xAA, 0xDB, 0xB6, 0xB9, 0xE9, 0xD4, 0xCF, 0xA7, 0x16, 0x7F, 0x8D, 0xA3,
    0x3D, 0xAE, 0x88, 0x38, 0xE0, 0x87, 0xA6, 0x75, 0xB5, 0x67, 0xAE, 0xC5, 0x74, 0x32, 0xAA, 0x07,
    0x3F, 0x52, 0xC5, 0xCB, 0xBE, 0x13, 0x3F, 0x88, 0x4F, 0x0F, 0x8E, 0xAB, 0x1C, 0xFA, 0x3E, 0xF9,
    0x76, 0xF2, 0x17, 0x4E, 0x53, 0x6F, 0x45, 0x26, 0x39, 0xD8, 0xA4, 0x72, 0x8E, 0x45, 0x08, 0x2C,
    0xC8, 0x8D, 0xDC, 0xCD, 0xC1, 0x9C, 0x0A, 0x83, 0x2D, 0xC5, 0xB6, 0xE2, 0xF4, 0x3D, 0x3B, 0x40,
    0x3C, 0x1B, 0xB8, 0xFD, 0x1D, 0xB8, 0xE7, 0x72, 0xEA, 0x49, 0x31, 0xE7, 0xA7, 0x6C, 0xE6, 0xD0,
    0x49, 0xE8, 0x0F, 0xC2, 0x50, 0x86, 0xF3, 0x73, 0xAE, 0xCB, 0x25, 0xD8, 0xA5, 0x2C, 0x58, 0x95,
    0x62, 0x5A, 0xF1, 0xFA, 0x60, 0x5E, 0xE7, 0x5A, 0x3B, 0x41, 0x64, 0x41, 0x84, 0x35, 0xE8, 0xCF,
    0x8E, 0x5A, 0x99, 0x4B, 0x99, 0x72, 0x5D, 0x95, 0xF1, 0x99, 0x51, 0x8E, 0x5E, 0x10, 0x61, 0xF7,
    0x03, 0x94, 0xBB, 0x14, 0x0F, 0xEB, 0xAE, 0xBF, 0xB1, 0xAE, 0x84, 0x2C, 0x80, 0x40, 0x19, 0xF6,
    0x0F, 0x37, 0xBD, 0x4C, 0x5D, 0x32, 0x17, 0x5E, 0xC5, 0x60, 0xE4, 0xF4, 0x5B, 0xE8, 0xE2, 0x57,
    0xE2, 0x79, 0xAC, 0xC2, 0x8A, 0x70, 0xEE, 0x29, 0x7D, 0xE5, 0x4B, 0x0F, 0x95, 0xBF, 0xDC, 0x76,
    0xFD, 0x30, 0xF5, 0xF6, 0x42, 0xA5, 0x6A, 0x0E, 0x8D, 0x0F, 0x9D, 0x0B, 0x3D, 0x31, 0x20, 0x19,
    0x09, 0xE9, 0x59, 0x22, 0xCB, 0x0D, 0xB2, 0x09, 0x65, 0x78, 0xF4, 0x99, 0x87, 0x37, 0x23, 0x22,
    0xC7, 0x62, 0xE5, 0x30, 0x0D, 0x2E, 0x55, 0xB3, 0x72, 0xB1, 0xDA, 0x28, 0x17, 0x2A, 0xFF, 0x6D,
    0x6E, 0x5E, 0x56, 0x36, 0x3D, 0x7E, 0x65, 0x4F, 0x26, 0x5A, 0x19, 0xF5, 0x81, 0x5F, 0x5F, 0x3C,
    0x08, 0xB9, 0x9B, 0x83, 0x39, 0x55, 0x26, 0xE6, 0xC1, 0x26, 0xF1, 0x8F, 0x3F, 0x2C, 0x01, 0xCE,
    0x63, 0xD9, 0x93, 0xF4, 0xD8, 0x3D, 0xD9, 0x04, 0xB8, 0x80, 0x79, 0x9D, 0xA2, 0xFC, 0x53, 0x88,
    0x84, 0x0B, 0xF6, 0x54, 0xA2, 0x5F, 0x56, 0x4F, 0x04, 0xB1, 0xE8, 0x48, 0x2D, 0x86, 0xDE, 0xD1,
    0xBA, 0x93, 0xC1, 0x89, 0x98, 0x7E, 0xA6, 0xB4, 0xB5, 0x53, 0x4E, 0x8B, 0xC8, 0xEE, 0x07, 0xCA,
    0x9D, 0xB3, 0xAF, 0x1B, 0x29, 0x53, 0xB8, 0x64, 0xED, 0xB1, 0xF6, 0xB2, 0xFB, 0xE0, 0x9F, 0xE3,
    0x23, 0x1F, 0x59, 0xEF, 0x13, 0x35, 0xA1, 0x7B, 0x6E, 0x6E, 0xDF, 0xDA, 0xA8, 0x9B, 0xBE, 0xB9,
    0x35, 0xD5, 0xF7, 0x5C, 0x25, 0xAE, 0x14, 0x83, 0x40, 0x42, 0x17, 0xB1, 0xF2, 0xBA, 0x4C, 0xF5,
    0xD4, 0x5D, 0x4F, 0xCD, 0xD8, 0xBE, 0x75, 0x37, 0x57, 0xB8, 0xF5, 0x5E, 0x76, 0xB7, 0xDF, 0x7E,
    0xD5, 0x36, 0x77, 0x7F, 0xFB, 0x7B, 0x53, 0x1D, 0x3F, 0x7F, 0x4C, 0x75, 0x5C, 0x09, 0xA5, 0x54,
    0x89, 0x22, 0x55, 0x11, 0x62, 0x19, 0xE8, 0x89, 0xFA, 0xCD, 0xA0, 0xEE, 0xF8, 0x46, 0xA6, 0x4A,
    0x5C, 0x21, 0x26, 0x23, 0x37, 0x9A, 0x7B, 0x53, 0x7B, 0x73, 0xA3, 0x9F, 0x0B, 0x03, 0x69, 0x8D,
    0xCE, 0x96, 0xBD, 0x89, 0xB4, 0x36, 0xA0, 0xF2, 0x95, 0xDA, 0xDC, 0xF1, 0x54, 0x1F, 0x67, 0x7E,
    0x35, 0x52, 0x88, 0x03, 0xB1, 0x30, 0x18, 0xE8, 0x21, 0x4B, 0x21, 0xC2, 0x4F, 0x02, 0x68, 0x9F,
    0x69, 0x41, 0xC4, 0x65, 0xEC, 0xF4, 0x76, 0x11, 0xC4, 0xED, 0x8D, 0xA6, 0x4E, 0x6F, 0xB4, 0x1D,
    0x73, 0x9A, 0xE5, 0x46, 0x99, 0xAA, 0x7C, 0x88, 0xCE, 0x4E, 0x6A, 0xE7, 0x07, 0x33, 0x8C, 0x8D,
    0xAF, 0xCE, 0x2C, 0x96, 0x89, 0xB5, 0xFF, 0xA6, 0x27, 0x21, 0x6E, 0x70, 0xEA, 0xCC, 0xC6, 0xE6,
    0x7E, 0x91, 0xEA, 0xA4, 0xA6, 0xB3, 0xC8, 0xE0, 0xC4, 0x25, 0xBE, 0x0F, 0x72, 0xF2, 0xAE, 0x88,
    0xB7, 0xBB, 0x23, 0xF0, 0x5F, 0xAD, 0x97, 0x01, 0xA4, 0x26, 0xD7, 0x15, 0xC7, 0x7F, 0x33, 0xB3,
    0xFB, 0x26, 0xDD, 0xC9, 0xE6, 0x2E, 0x16, 0x6D, 0x92, 0xEE, 0x94, 0x14, 0xA9, 0x36, 0x3B, 0x8B,
    0x45, 0xD4, 0xF7, 0xDE, 0x9D, 0x08, 0x82, 0x20, 0xAF, 0xE4, 0x29, 0x8A, 0x16, 0x81, 0x52, 0x16,
    0x60, 0xD5, 0x7B, 0x6F, 0xA6, 0x0D, 0xA0, 0xC8, 0xA2, 0xA0, 0x85, 0x22, 0x68, 0xAD, 0x7A, 0x8B,
    0x60, 0xD5, 0xB7, 0xDF, 0xDC, 0x66, 0x11, 0x04, 0x99, 0xB4, 0x0A, 0x8A, 0x4C, 0x9A, 0x4D, 0x4B,
    0x17, 0x7B, 0x23, 0xB3, 0x32, 0xBB, 0xB9, 0x33, 0xA7, 0xF7, 0x76, 0xEC, 0xDB, 0x97, 0xED, 0x6E,
    0xF3, 0x62, 0x77, 0xEE, 0xFF, 0x9C, 0xEF, 0xCE, 0x39, 0xFF, 0xFB, 0xBF, 0xF7, 0x9B, 0x7B, 0x8F,
    0x31, 0xE7, 0x9D, 0x3B, 0x0F, 0x6E, 0xFF, 0xC2, 0xC2, 0x4D, 0x94, 0x18, 0x2D, 0xA6, 0x79, 0xA1,
    0x1C, 0xC1, 0xC3, 0x05, 0xCF, 0x0A, 0xAA, 0x7F, 0x9B, 0x42, 0x4C, 0x2A, 0x35, 0x16, 0x8F, 0xA8,
    0xE9, 0x52, 0xE9, 0xD5, 0xED, 0x4B, 0xCA, 0xE0, 0x71, 0xEE, 0x6F, 0xA5, 0x88, 0xF1, 0x98, 0x6F,
    0x73, 0x43, 0x51, 0xD2, 0x6C, 0xBD, 0x2A, 0xE2, 0x3C, 0x4E, 0x50, 0xEE, 0x7E, 0xDE, 0x55, 0xD2,
    0x16, 0x7B, 0xF5, 0x7A, 0x6A, 0x16, 0x89, 0xF1, 0xDE, 0xF7, 0x7D, 0x64, 0xF7, 0xF3, 0xD6, 0x67,
    0x97, 0x4C, 0x1B, 0xB8, 0x22, 0xEE, 0xF3, 0x17, 0xAD, 0x7A, 0xD7, 0xA4, 0x1F, 0xD4, 0x89, 0xA0,
    0xC4, 0x7A, 0xE0, 0x58, 0x1B, 0x37, 0xF7, 0xFB, 0x1E, 0x76, 0xBE, 0x2C, 0xB0, 0xDF, 0xB7, 0xF9,
    0x50, 0x4D, 0xD3, 0x1F, 0x7B, 0x56, 0xE8, 0xFE, 0x4F, 0xA3, 0xD5, 0x83, 0xAE, 0xAE, 0x64, 0x2E,
    0xDC, 0xDE, 0x6E, 0x64, 0x2C, 0xAE, 0x9D, 0xDC, 0x1C, 0xDD, 0x72, 0xE0, 0xA9, 0x5B, 0xD0, 0x3F,
    0x65, 0x92, 0x9A, 0x4B, 0x4F, 0xAC, 0xF5, 0xCF, 0x3F, 0x5D, 0xB8, 0xC7, 0xCF, 0xEE, 0x1C, 0x39,
    0x76, 0xE6, 0x2D, 0xD2, 0x33, 0x96, 0xE4, 0xBF, 0x76, 0x89, 0xF4, 0xEC, 0x36, 0xC7, 0x9E, 0xD5,
    0xEE, 0xF8, 0xF1, 0x6C, 0xF8, 0x5E, 0x5A, 0x72, 0x29, 0xBA, 0x96, 0xB6, 0x14, 0x13, 0x00, 0xDA,
    0x7C, 0xDF, 0x62, 0x2B, 0x7B, 0xCB, 0xDE, 0xB4, 0xCD, 0xA5, 0x23, 0x27, 0xE2, 0x72, 0x33, 0xFD,
    0xD0, 0xA9, 0xAB, 0x56, 0xBF, 0xD2, 0xAE, 0x8A, 0x7A, 0xD4, 0xB5, 0x56, 0x6D, 0x7E, 0xD5, 0xFA,
    0x60, 0x5C, 0xFF, 0x6E, 0x6B, 0x6B, 0x53, 0xC4, 0x7A, 0xC0, 0x5D, 0x6C, 0x95, 0x62, 0xC4, 0x7C,
    0x61, 0x31, 0xF0, 0xFC, 0xD3, 0x7A, 0x78, 0xFC, 0xEC, 0xE2, 0xF4, 0xB1, 0x33, 0x0B, 0x95, 0x9E,
    0x59, 0x9C, 0x4A, 0xCE, 0xE8, 0x21, 0x39, 0xB3, 0x38, 0x9F, 0x9E, 0x5D, 0x2C, 0x8E, 0x3D, 0xBB,
    0x78, 0xE2, 0xF8, 0xF1, 0x45, 0xF6, 0xB3, 0x7B, 0x17, 0xB3, 0x75, 0xE7, 0x11, 0x1F, 0x2D, 0xB5,
    0x6D, 0x86, 0x7E, 0xDB, 0x2E, 0x26, 0x57, 0xF5, 0x79, 0xBB, 0x3F, 0xDB, 0xD6, 0xAD, 0x3B, 0x0B,
    0xB0, 0xEC, 0xE3, 0xC0, 0xAA, 0xB2, 0x41, 0x8F, 0x8F, 0x6D, 0xB0, 0xCE, 0x90, 0x74, 0x79, 0xAD,
    0x45, 0x4B, 0xEE, 0x23, 0x27, 0x76, 0x54, 0xAF, 0x06, 0x76, 0x36, 0x77, 0x1B, 0x57, 0x5C, 0x8B,
    0xDE, 0x4C, 0xAD, 0xAA, 0x37, 0x70, 0x89, 0xBD, 0x2F, 0xC6, 0xD4, 0xCA, 0x5E, 0x90, 0x9B, 0x6E,
    0x5A, 0x07, 0x07, 0x91, 0x8A, 0xCB, 0xC5, 0x69, 0xD9, 0xAE, 0x64, 0x71, 0x10, 0x5A, 0x16, 0x85,
    0x2C, 0x32, 0x59, 0xA0, 0x1E, 0x80, 0xA3, 0x27, 0x2F, 0xFB, 0x03, 0xFA, 0x04, 0x79, 0x9D, 0x98,
    0xCA, 0x54, 0x65, 0xDA, 0x15, 0x5D, 0xD3, 0x3D, 0xD3, 0x25, 0xFB, 0x2D, 0x6F, 0x77, 0x7A, 0xBB,
    0x08, 0xED, 0xF2, 0xE5, 0xC2, 0x46, 0x1C, 0x8D, 0xEA, 0xE2, 0xE5, 0xD6, 0xEF, 0x44, 0xFA, 0x89,
    0x8B, 0x87, 0x55, 0xEC, 0xAA, 0xD4, 0xFA, 0x8D, 0xE9, 0x8B, 0x97, 0xBB, 0x63, 0x71, 0x9D, 0x9A,
    0xC4, 0x92, 0x9B, 0xB4, 0xA5, 0x0A, 0xA7, 0xF4, 0x19, 0x93, 0x43, 0x62, 0x36, 0x82, 0x5B, 0x06,
    0xD7, 0x17, 0x24, 0x6F, 0xDB, 0x8A, 0xE4, 0x6A, 0x2B, 0xA0, 0x5E, 0xFF, 0x00, 0xF2, 0xEC, 0x15,
    0x58, 0x3F, 0xA5, 0x60, 0x5B, 0x8B, 0xA1, 0xF7, 0x2E, 0xEE, 0x50, 0xA4, 0xE1, 0x27, 0x37, 0x89,
    0x09, 0x52, 0xF5, 0x1D, 0xA9, 0xF5, 0xE0, 0xB6, 0x09, 0x52, 0x8D, 0x97, 0xFA, 0x48, 0x4C, 0x72,
    0xD5, 0xBC, 0x64, 0xC8, 0xEA, 0xB4, 0x26, 0xF7, 0x8D, 0x75, 0x7C, 0x7A, 0x3B, 0xBE, 0xB5, 0x49,
    0x9F, 0x88, 0x8D, 0x3B, 0xEF, 0x8A, 0x3A, 0x69, 0xA5, 0xCB, 0xCC, 0xB7, 0xAC, 0x2A, 0xB1, 0x05,
    0x85, 0x97, 0x29, 0xDA, 0x25, 0xD1, 0x27, 0x3D, 0xE5, 0xA7, 0x76, 0x29, 0x9F, 0xBD, 0xEF, 0xAA,
    0x37, 0x5E, 0x77, 0xE4, 0x6A, 0x9B, 0x8D, 0xE7, 0x16, 0x6C, 0x9F, 0x5F, 0x30, 0x88, 0x44, 0x56,
    0x24, 0xE9, 0x58, 0xF0, 0x16, 0xB8, 0x00, 0x2E, 0x03, 0xB0, 0x09, 0x96, 0xC8, 0x92, 0x59, 0x2F,
    0x45, 0x75, 0xA7, 0x86, 0xA7, 0xB5, 0xBA, 0x09, 0x85, 0x5D, 0xAF, 0xBD, 0x09, 0x0D, 0x50, 0xD4,
    0x90, 0xB6, 0x10, 0x5D, 0x00, 0x00, 0xDD, 0x42, 0xD5, 0x41, 0x63, 0x61, 0xEC, 0x89, 0x86, 0x81,
    0xB8, 0x77, 0x24, 0x76, 0x87, 0xB4, 0xD3, 0x64, 0x22, 0x28, 0x91, 0x32, 0x17, 0xAF, 0x52, 0x2A,
    0xE3, 0x23, 0x5D, 0x45, 0x6A, 0x27, 0xCF, 0x20, 0x72, 0x84, 0x1F, 0x94, 0x81, 0xAF, 0xF1, 0xF0,
    0x7A, 0x85, 0x81, 0xCA, 0xCB, 0xF6, 0x03, 0x51, 0xFD, 0xF5, 0x87, 0xD7, 0xBB, 0xF2, 0x4D, 0x22,
    0x71, 0xC4, 0xD7, 0xBD, 0x5E, 0xB9, 0xF9, 0xF0, 0x7A, 0x27, 0x37, 0x61, 0x74, 0xB0, 0x1C, 0xD8,
    0xBF, 0x72, 0x03, 0x45, 0x07, 0xDA, 0xC2, 0x4E, 0x3F, 0xE7, 0xDC, 0xD2, 0xEB, 0xEE, 0x90, 0x58,
    0x4D, 0x22, 0x12, 0x34, 0x6B, 0xAF, 0x69, 0x72, 0xA3, 0x4C, 0x51, 0x67, 0x9D, 0x2E, 0xD3, 0x70,
    0xDC, 0x7A, 0x54, 0x3D, 0x8F, 0x5D, 0xD8, 0xD9, 0x66, 0x9D, 0xD9, 0x56, 0x41, 0xC7, 0x79, 0xBB,
    0x42, 0x3C, 0xEC, 0x06, 0x2D, 0xD2, 0x9B, 0x55, 0x79, 0x40, 0xAB, 0x2D, 0xEA, 0x34, 0xCC, 0x30,
    0x6B, 0xA5, 0x22, 0x8E, 0x2C, 0x38, 0xF5, 0xC1, 0xC7, 0xAF, 0x52, 0xBC, 0x62, 0x40, 0x2B, 0x03,
    0x57, 0xD4, 0xC7, 0x9B, 0x38, 0x25, 0x43, 0x34, 0x78, 0x97, 0xDC, 0xFA, 0xB1, 0x09, 0x5C, 0x43,
    0x16, 0x9C, 0x32, 0x9E, 0x52, 0x94, 0xEA, 0xE3, 0x57, 0x35, 0x4A, 0xDC, 0x2A, 0x38, 0x9A, 0x6B,
    0xA9, 0x8C, 0xF9, 0xED, 0xA5, 0xAE, 0x69, 0xE0, 0xE0, 0xEB, 0xC0, 0xA3, 0x01, 0x1F, 0x2F, 0x6E,
    0x2D, 0x33, 0x71, 0x51, 0x73, 0x8D, 0x53, 0x90, 0xD7, 0x24, 0x86, 0xC6, 0xB0, 0x42, 0x97, 0x5E,
    0x92, 0xC4, 0xC2, 0x4F, 0x00, 0x44, 0x6A, 0x8F, 0x69, 0x0B, 0x47, 0x80, 0xEF, 0x88, 0x78, 0xCC,
    0xB7, 0x07, 0x83, 0x81, 0xC6, 0x8A, 0x68, 0x20, 0xE9, 0x58, 0x2B, 0xBF, 0xF2, 0xD8, 0xCC, 0x92,
    0x3B, 0xD6, 0x37, 0x78, 0x6D, 0xED, 0x2B, 0x8F, 0x3D, 0x79, 0x14, 0xAD, 0xD9, 0x28, 0x80, 0xAF,
    0x3C, 0x36, 0x1C, 0x91, 0xC4, 0xF2, 0x1A, 0x68, 0xD1, 0x92, 0xF5, 0x89, 0xBD, 0xB7, 0x65, 0x7D,
    0xC8, 0xC4, 0x2E, 0xB5, 0x79, 0xFD, 0x0D, 0x40, 0x9C, 0xB8, 0xA2, 0x55, 0xE6, 0xDE, 0x56, 0xB4,
    0x21, 0x93, 0xF5, 0xE4, 0x8E, 0x1D, 0xED, 0xFF, 0x47, 0x49, 0x10, 0x0D, 0xF0, 0xC1, 0xC4, 0x3E,
    0x10, 0x3E, 0x3B, 0xD3, 0xE6, 0x37, 0x1D, 0xCC, 0x73, 0xE4, 0xDD, 0xFF, 0xCE, 0x91, 0x77, 0x21,
    0xA3, 0xA5, 0xF5, 0xF4, 0x11, 0xFD, 0x1B, 0x29, 0x35, 0x85, 0xD1, 0xA8, 0x4E, 0x93, 0x5A, 0x71,
    0xC1, 0x12, 0x5B, 0xFD, 0x3A, 0x1C, 0xAB, 0x60, 0xAA, 0xD5, 0x21, 0x1F, 0x78, 0x81, 0x2F, 0x17,
    0x60, 0x38, 0x4B, 0x2C, 0x96, 0xE4, 0x46, 0x47, 0x14, 0x95, 0x00, 0x48, 0xAD, 0x8C, 0x18, 0x6F,
    0x9D, 0x37, 0xAB, 0xCC, 0x34, 0x28, 0xE3, 0x9C, 0xB7, 0x5D, 0x6F, 0xDA, 0x5B, 0xFE, 0x86, 0x71,
    0xEA, 0x3D, 0xE3, 0xD2, 0x1B, 0xC6, 0x25, 0x62, 0x5C, 0xE4, 0x8D, 0x60, 0x95, 0xE1, 0x0F, 0x40,
    0x35, 0x97, 0x11, 0x49, 0xC7, 0x9D, 0x2B, 0x9C, 0xAC, 0x4C, 0x26, 0x8A, 0xDB, 0x4D, 0xAD, 0xCB,
    0xDC, 0xAC, 0xC8, 0xBA, 0x91, 0xD4, 0x06, 0x0B, 0xC5, 0x7A, 0xA7, 0x1F, 0xE2, 0x21, 0x1F, 0x78,
    0x81, 0x1F, 0xC6, 0xC1, 0xEF, 0x21, 0xE9, 0x21, 0x6B, 0x21, 0xE7, 0xD1, 0x68, 0x3E, 0x59, 0x42,
    0xD5, 0xC2, 0x6D, 0x4B, 0xD2, 0x2D, 0x1F, 0x8D, 0xE6, 0x89, 0x23, 0x30, 0x3D, 0x47, 0x2C, 0x9E,
    0xF9, 0x4E, 0x4F, 0xC4, 0xE6, 0x43, 0x6B, 0x46, 0x76, 0x20, 0xB6, 0x0E, 0x36, 0x37, 0x1F, 0xB0,
    0x46, 0x65, 0x1A, 0x82, 0x5E, 0x62, 0x83, 0xCD, 0x7A, 0xB3, 0xCD, 0x7A, 0xEA, 0x9E, 0x67, 0xC9,
    0xF3, 0x89, 0xD9, 0x55, 0x6D, 0xDE, 0x94, 0xA9, 0x27, 0x0D, 0x64, 0x5E, 0xE8, 0x5C, 0xBD, 0x93,
    0xB5, 0xDF, 0x8E, 0xEB, 0x59, 0xDE, 0x13, 0xAF, 0xFB, 0x01, 0x52, 0x16, 0xB7, 0x43, 0x41, 0x54,
    0xED, 0x0A, 0xE9, 0xC6, 0xE4, 0x5F, 0x76, 0x4C, 0xDF, 0xB1, 0x4E, 0xBD, 0x68, 0xC7, 0x0D, 0xBF,
    0xE0, 0xED, 0xD4, 0x36, 0x36, 0xEB, 0xAA, 0x6E, 0x5E, 0x70, 0x2E, 0x13, 0xA7, 0xFD, 0x04, 0x8F,
    0x01, 0x6B, 0x17, 0xE6, 0xFD, 0x62, 0x09, 0x14, 0xEC, 0x5F, 0x0E, 0x7D, 0x28, 0x1B, 0xBD, 0x35,
    0xBE, 0x85, 0x43, 0x9A, 0xCB, 0x40, 0x2C, 0x17, 0x66, 0xD1, 0xDC, 0x80, 0x06, 0x86, 0x47, 0xA4,
    0xF9, 0x53, 0x40, 0x4A, 0x92, 0xEB, 0x06, 0xF5, 0x4B, 0xFB, 0x48, 0x34, 0xB3, 0xAB, 0x1D, 0xEA,
    0xAA, 0x25, 0x7A, 0xA1, 0x7C, 0x24, 0x7A, 0x24, 0x03, 0x64, 0x1D, 0xE4, 0x25, 0x7C, 0x07, 0x00,
    0x1A, 0x42, 0x91, 0xEB, 0xB2, 0xA8, 0x1B, 0x94, 0x71, 0x64, 0x1F, 0x0E, 0x24, 0x9F, 0x5A, 0x22,
    0xE9, 0x40, 0x0C, 0x54, 0x35, 0x68, 0xEE, 0x6B, 0x8E, 0x00, 0x99, 0x10, 0x31, 0xD3, 0xB9, 0xCE,
    0xA5, 0xD6, 0x25, 0x01, 0xBE, 0x33, 0xED, 0x75, 0x3E, 0xE8, 0x53, 0x0E, 0x66, 0xAC, 0x49, 0x8D,
    0x16, 0x4B, 0x73, 0xD1, 0x31, 0x46, 0x0E, 0x17, 0x2C, 0xB5, 0xB8, 0xC2, 0xE0, 0x74, 0xE9, 0xAD,
    0xC5, 0xA9, 0x01, 0x17, 0x87, 0x41, 0xD5, 0xFC, 0x47, 0x7E, 0x2E, 0xB8, 0xCA, 0xDF, 0x17, 0x3D,
    0x9E, 0x1A, 0x39, 0x28, 0x00, 0x52, 0x29, 0x0B, 0x69, 0xD5, 0x9E, 0x25, 0xB1, 0xD1, 0x0F, 0x6D,
    0x21, 0xB6, 0x11, 0x3B, 0x85, 0xB9, 0xAD, 0xEC, 0xD9, 0x6A, 0xB2, 0x79, 0x67, 0xC9, 0x5B, 0x34,
    0x0C, 0x77, 0xF9, 0x79, 0xE0, 0x07, 0x64, 0x62, 0xAB, 0x99, 0x9F, 0xDE, 0xE5, 0xC7, 0x23, 0xE9,
    0x8D, 0x32, 0x4F, 0xDB, 0x43, 0xEA, 0xA7, 0x5D, 0xA7, 0xA4, 0x3D, 0xDD, 0x98, 0x93, 0x47, 0x0F,
    0xC5, 0x57, 0xBF, 0x32, 0xEA, 0x3D, 0x73, 0x34, 0x2A, 0x81, 0xB5, 0x43, 0xF0, 0x71, 0x24, 0x42,
    0xF2, 0x5E, 0x40, 0x34, 0x72, 0xC8, 0x51, 0xD9, 0x94, 0x0D, 0x14, 0x22, 0xC2, 0xA9, 0xBD, 0xA9,
    0xA9, 0x49, 0x7B, 0x65, 0xA2, 0x1F, 0xF9, 0xF7, 0x7A, 0x88, 0x99, 0xE6, 0xB7, 0xDE, 0x8D, 0x89,
    0x85, 0x31, 0xEB, 0x41, 0xF6, 0xA6, 0x8B, 0x75, 0x35, 0x69, 0xA9, 0xF3, 0x3E, 0x9B, 0x88, 0xFD,
    0xAF, 0x18, 0x7D, 0xBD, 0x9C, 0x5F, 0xEC, 0x2E, 0x20, 0x74, 0x1A, 0x4A, 0x7D, 0xDD, 0xF8, 0x94,
    0x5F, 0x00, 0x1D, 0x2C, 0x61, 0x41, 0xE2, 0x48, 0x7A, 0xBC, 0xCA, 0xFE, 0xA6, 0xC4, 0x52, 0xE6,
    0x62, 0xF5, 0xC5, 0x61, 0x15, 0xB9, 0x69, 0xCB, 0x89, 0x04, 0xCC, 0x9F, 0x89, 0xFA, 0x9F, 0x97,
    0x73, 0x19, 0x62, 0xE9, 0x50, 0x1D, 0xBA, 0x64, 0x38, 0x2C, 0x3F, 0x9E, 0xC8, 0x6E, 0xD4, 0x45,
    0xDA, 0x1D, 0x92, 0x9F, 0xBD, 0x1B, 0x1E, 0x72, 0xA8, 0x97, 0x7D, 0xFE, 0xF5, 0xFB, 0xF2, 0xDF,
    0xCA, 0xA5, 0x8F, 0xA5, 0xAD, 0x4A, 0xD5, 0x46, 0x16, 0x94, 0xB9, 0x7F, 0x4B, 0x7A, 0xD5, 0x6E,
    0x00, 0xFA, 0x01, 0x2D, 0x1D, 0xC8, 0x57, 0xEC, 0xA8, 0x1A, 0x48, 0xEC, 0x97, 0x63, 0x39, 0x8C,
    0xEE, 0xE4, 0xE6, 0x83, 0xE7, 0x03, 0xE2, 0x5F, 0x98, 0x44, 0x5A, 0xA4, 0x4C, 0xA4, 0x4E, 0xFE,
    0xDE, 0x92, 0xD8, 0x74, 0xEA, 0x0B, 0x19, 0xAA, 0x8B, 0x6E, 0x8A, 0x9D, 0xAF, 0x1C, 0x47, 0xF0,
    0xAB, 0xD8, 0x47, 0x6C, 0x2E, 0xED, 0xDA, 0x44, 0xF6, 0x97, 0xB0, 0x3B, 0xA7, 0x9B, 0xD2, 0x1F,
    0xC5, 0xA1, 0x29, 0x45, 0x3A, 0xD9, 0x0B, 0x07, 0x63, 0x7C, 0xC0, 0x97, 0x59, 0x6A, 0xE1, 0xCE,
    0xAE, 0xF9, 0xE1, 0x5E, 0x44, 0x5F, 0xB4, 0x5E, 0x70, 0x16, 0xDF, 0xD7, 0xF7, 0x41, 0x9F, 0x8A,
    0x27, 0x50, 0x73, 0x29, 0x1D, 0x96, 0x1F, 0xCD, 0xA5, 0xF4, 0x52, 0x7B, 0x48, 0x7E, 0xDA, 0x59,
    0x25, 0xDD, 0xA9, 0x50, 0x4A, 0x87, 0xE2, 0xEF, 0x97, 0xD2, 0x21, 0xF5, 0x59, 0xCE, 0xDF, 0x42,
    0x07, 0xBF, 0x70, 0xEF, 0x06, 0x09, 0x22, 0x5D, 0x2E, 0x9D, 0xDE, 0xB3, 0x2B, 0x35, 0x8C, 0x85,
    0x73, 0xEB, 0xCE, 0xF5, 0x4E, 0x3E, 0x71, 0xCD, 0xDB, 0x83, 0xBE, 0x6E, 0x0B, 0x69, 0x37, 0x26,
    0x8E, 0x40, 0x6A, 0x89, 0x06, 0x78, 0x0E, 0xF8, 0xBF, 0x5F, 0xBD, 0xE7, 0x6C, 0x28, 0xC6, 0x0F,
    0x2D, 0x85, 0x61, 0x17, 0xEC, 0x61, 0xF9, 0xB1, 0x23, 0x13, 0x4E, 0x67, 0xF5, 0x21, 0xF9, 0xFB,
    0xCF, 0xE1, 0xCB, 0xF9, 0xA3, 0xCD, 0x3B, 0x4B, 0x6A, 0x21, 0xAF, 0x61, 0x1D, 0x00, 0x56, 0x68,
    0x74, 0xF0, 0xE5, 0xE8, 0xC3, 0x0E, 0xF5, 0xE7, 0x81, 0xEC, 0xAF, 0x96, 0xE4, 0x23, 0x6F, 0x9F,
    0xB5, 0x44, 0x62, 0x40, 0x6A, 0x68, 0x4A, 0xA8, 0x08, 0x03, 0x60, 0x84, 0xEF, 0x3A, 0xD0, 0xD6,
    0x5B, 0x0D, 0xEE, 0x20, 0xAA, 0x3A, 0x9C, 0xBD, 0x8B, 0xFD, 0xF4, 0xC5, 0xBD, 0xF0, 0xB7, 0x3E,
    0xE8, 0x53, 0xAE, 0xA9, 0x1D, 0x1C, 0x44, 0xFC, 0x69, 0xE7, 0xA7, 0xB2, 0xF0, 0x83, 0x12, 0x00,
    0x5D, 0x6A, 0x8A, 0x7A, 0x85, 0x32, 0xA3, 0x37, 0x47, 0xFA, 0xFE, 0x40, 0xF2, 0x8F, 0xDE, 0xF3,
    0x2C, 0x7C, 0xD6, 0x81, 0xB4, 0x50, 0x99, 0x79, 0xEE, 0xA2, 0x04, 0x0D, 0xEC, 0xC2, 0x93, 0x0E,
    0x8A, 0x1E, 0xF2, 0x16, 0xFE, 0x03, 0xA5, 0x96, 0x01, 0x84, 0x25, 0xCB, 0x15, 0x86, 0xBF, 0xEE,
    0x32, 0xDB, 0xB8, 0xA4, 0x82, 0x0D, 0x2F, 0xEF, 0xA1, 0x21, 0x20, 0x22, 0x05, 0x00, 0xFB, 0x6E,
    0x75, 0x12, 0x00, 0x58, 0xEC, 0x24, 0x78, 0x10, 0x04, 0x22, 0x58, 0x00, 0xC2, 0xCC, 0x6D, 0x02,
    0x08, 0xB2, 0x08, 0x08, 0x58, 0x04, 0xB1, 0x2B, 0x26, 0x78, 0x58, 0xCC, 0x4E, 0x17, 0x00, 0x41,
    0xAE, 0x24, 0x0B, 0x40, 0x87, 0x27, 0x62, 0x17, 0x53, 0xE2, 0xC6, 0xEB, 0x9D, 0x9C, 0xEE, 0xF3,
    0xAA, 0xBB, 0x77, 0xAF, 0x99, 0xDD, 0xB9, 0x3B, 0xF7, 0xCD, 0x3B, 0xF5, 0xFF, 0x3D, 0xA5, 0xCE,
    0xA9, 0xF3, 0x9F, 0x3A, 0x6A, 0xBA, 0x2F, 0x2A, 0x4C, 0x3C, 0x7C, 0xC0, 0x64, 0xAE, 0x05, 0x1F,
    0x61, 0xB5, 0x81, 0xE7, 0x1D, 0x88, 0x90, 0x75, 0xCF, 0x31, 0xD1, 0x4F, 0x2C, 0x54, 0x2B, 0xAB,
    0x1A, 0x46, 0xBA, 0x7A, 0xD1, 0xFA, 0xAA, 0x98, 0x3C, 0x0D, 0xA6, 0xB3, 0x1A, 0x12, 0x0E, 0x0E,
    0xAB, 0x3B, 0x5A, 0x39, 0x5D, 0xDB, 0x93, 0x98, 0x1C, 0xD9, 0xCF, 0xA2, 0xD3, 0xD8, 0x68, 0x1C,
    0x4C, 0x14, 0x13, 0xF5, 0x24, 0xAE, 0x86, 0x58, 0xB6, 0x91, 0xFB, 0x07, 0xB0, 0x29, 0xA1, 0xE9,
    0xC1, 0x75, 0x70, 0x50, 0x31, 0x59, 0x19, 0xC1, 0x6D, 0xC0, 0x77, 0x70, 0x24, 0x20, 0xCF, 0x13,
    0x8F, 0xC9, 0xBA, 0x51, 0xC6, 0x55, 0x46, 0xB5, 0x5E, 0xCC, 0x05, 0xAC, 0x6D, 0x28, 0xA2, 0xAB,
    0x53, 0x59, 0x95, 0xE9, 0x56, 0xE4, 0xF2, 0xAD, 0x2C, 0x2E, 0xB4, 0x35, 0x5A, 0xF3, 0x80, 0x54,
    0x43, 0xB9, 0xA3, 0x86, 0xA1, 0x7C, 0x5B, 0x83, 0xDD, 0x40, 0xD9, 0x81, 0x13, 0xF0, 0x47, 0x70,
    0xBC, 0x04, 0xF1, 0x89, 0xAE, 0xCA, 0x3A, 0x5B, 0x27, 0xAD, 0x90, 0xB8, 0x2E, 0x54, 0x5B, 0xBB,
    0x36, 0xD1, 0x06, 0xB3, 0x71, 0x21, 0xEF, 0x7C, 0x9D, 0x09, 0x10, 0x21, 0x0F, 0x60, 0xFE, 0x93,
    0x28, 0x80, 0x14, 0xFB, 0x9C, 0xDB, 0xAC, 0x59, 0xD4, 0xD8, 0x16, 0x3B, 0x86, 0x91, 0xFD, 0x91,
    0x22, 0x62, 0x03, 0x4B, 0x66, 0xA3, 0xF9, 0xA2, 0xD0, 0xBE, 0xBC, 0x38, 0xF5, 0x35, 0x0D, 0xF4,
    0x13, 0xE4, 0xED, 0xA4, 0x81, 0xB4, 0xEE, 0x5E, 0x9F, 0x2E, 0x54, 0xB2, 0xE6, 0x0B, 0x5C, 0x20,
    0xF5, 0x66, 0x03, 0x90, 0x6B, 0x5D, 0x6A, 0xF0, 0xAF, 0xEA, 0x79, 0x97, 0x24, 0x6C, 0xB7, 0xBC,
    0x0A, 0xC9, 0x95, 0x5A, 0xC2, 0xF7, 0xA1, 0x09, 0xF9, 0x97, 0x6D, 0x11, 0xBA, 0x5B, 0xC8, 0x19,
    0xC1, 0x2A, 0xCB, 0x45, 0xD8, 0x57, 0xCE, 0x81, 0x07, 0x77, 0xAB, 0xA3, 0x75, 0x20, 0xD0, 0xB1,
    0xA7, 0xD6, 0x9D, 0xEA, 0x23, 0xF3, 0xAF, 0x0E, 0x6D, 0x59, 0x85, 0x5B, 0xC8, 0x2D, 0x8B, 0xD6,
    0x9E, 0xD7, 0x66, 0xD8, 0x57, 0xCE, 0xFE, 0x28, 0x52, 0xBC, 0x5A, 0x93, 0x69, 0x0D, 0xBF, 0x64,
    0x32, 0x1D, 0x2A, 0x54, 0x5B, 0x86, 0x87, 0x82, 0x64, 0x3D, 0x42, 0x93, 0xE8, 0xDF, 0xE1, 0x2A,
    0xF1, 0x6C, 0xF4, 0xA7, 0xB8, 0x6E, 0x8A, 0xD7, 0x49, 0x55, 0x8E, 0x12, 0x9F, 0x25, 0xC6, 0x44,
    0x16, 0x9D, 0xE0, 0x34, 0x45, 0x3F, 0x15, 0x9A, 0x5C, 0xE8, 0x33, 0x61, 0x1E, 0xF3, 0xFC, 0x2C,
    0x9F, 0x7D, 0x6E, 0x18, 0x63, 0x4F, 0xF1, 0xBA, 0x4E, 0xEC, 0xF1, 0x7F, 0xD0, 0xCA, 0xE3, 0x82,
    0xC7, 0xB6, 0x9E, 0x22, 0xAA, 0x8C, 0x34, 0x71, 0xF5, 0xFB, 0x22, 0x7A, 0x46, 0xDA, 0xF5, 0xE4,
    0x4F, 0x71, 0x53, 0xBC, 0x3E, 0x02, 0x04, 0xD5, 0x11, 0x3F, 0xED, 0x8B, 0x4E, 0x92, 0xEC, 0xEA,
    0x44, 0xCE, 0x8C, 0x24, 0x1D, 0x21, 0x61, 0x9C, 0xA4, 0x1A, 0x92, 0x5C, 0x52, 0x5B, 0x6C, 0xC4,
    0x2B, 0x09, 0xDF, 0x39, 0x04, 0x50, 0xAD, 0x13, 0x86, 0x43, 0x84, 0x11, 0x69, 0x32, 0x67, 0x12,
    0x66, 0x6C, 0x17, 0xEB, 0x84, 0xED, 0x1B, 0x22, 0xD7, 0xAA, 0xD4, 0xE8, 0x9F, 0x76, 0x67, 0x99,
    0x0C, 0x87, 0xA2, 0x3A, 0xA2, 0x87, 0x33, 0xF0, 0xFF, 0xFE, 0xBC, 0xD4, 0x4D, 0xAE, 0xED, 0xDD,
    0xAC, 0xBA, 0x57, 0x04, 0xA7, 0xD5, 0x62, 0x20, 0xBB, 0x3F, 0x6B, 0x85, 0x84, 0xE1, 0xB0, 0x7A,
    0x9B, 0xB6, 0x9A, 0xD3, 0x5E, 0xD6, 0xD2, 0x27, 0xF5, 0x1C, 0xB6, 0xCC, 0x82, 0x4B, 0x8A, 0xD3,
    0xDE, 0x37, 0x72, 0xAF, 0x46, 0xB9, 0x9E, 0xAB, 0x72, 0x2F, 0x63, 0x72, 0xE5, 0xFA, 0xC8, 0xB4,
    0x98, 0x48, 0x7A, 0xC2, 0xD7, 0x3E, 0xD7, 0xD5, 0xBB, 0x3A, 0x6B, 0x5D, 0x7B, 0xB4, 0x67, 0xA5,
    0x76, 0xE9, 0x68, 0xFB, 0x1C, 0x24, 0x2D, 0xCE, 0x61, 0x58, 0xF8, 0x01, 0x2C, 0x6B, 0x7C, 0x9A,
    0x87, 0x3D, 0x5A, 0x17, 0x31, 0x35, 0x16, 0xEC, 0xE3, 0xF9, 0x25, 0x73, 0x6A, 0x6B, 0x77, 0x8C,
    0x15, 0xF2, 0xC7, 0xFB, 0x1E, 0x4D, 0x9F, 0xBC, 0x29, 0xC9, 0xFD, 0x78, 0xB3, 0x38, 0x4F, 0xA2,
    0xC0, 0x87, 0xDA, 0xB8, 0x3D, 0x1A, 0x1F, 0x57, 0xB0, 0x0A, 0xF0, 0xFF, 0xB1, 0x99, 0xA7, 0x6C,
    0x6D, 0xF5, 0x9A, 0x42, 0x95, 0xF2, 0xE2, 0xCF, 0xF8, 0x00, 0x0D, 0x30, 0x00, 0xBD, 0x55, 0x24,
    0xB1, 0x3F, 0x58, 0xD1, 0xE3, 0x69, 0x12, 0x7D, 0xE5, 0x71, 0x17, 0x0D, 0x0B, 0x55, 0xB2, 0xE6,
    0x35, 0xF9, 0x40, 0x71, 0x5E, 0x97, 0x3F, 0x69, 0x81, 0xC5, 0x7C, 0x3F, 0x9F, 0xCA, 0x59, 0x7E,
    0xE5, 0x7E, 0x9E, 0xCD, 0xF7, 0x53, 0x25, 0x05, 0x80, 0x90, 0xCB, 0xF1, 0xC9, 0x66, 0xA5, 0xAD,
    0x1B, 0xAA, 0xAC, 0xBA, 0x4B, 0xFE, 0xF2, 0x14, 0x74, 0x03, 0x6E, 0x7D, 0x7D, 0x49, 0xF5, 0x5C,
    0x52, 0xBF, 0xAB, 0xA4, 0xDA, 0xE3, 0x06, 0xDD, 0x96, 0x74, 0xE9, 0x53, 0xF3, 0xC1, 0x92, 0xCE,
    0xDF, 0xFC, 0xCB, 0x90, 0x8D, 0x25, 0x2D, 0x4F, 0x36, 0x7E, 0x2A, 0x09, 0x5B, 0x83, 0x0D, 0x89,
    0xF5, 0xCD, 0x1D, 0x2A, 0x14, 0x49, 0xEC, 0xB3, 0xDD, 0x1D, 0xDA, 0x5E, 0xC0, 0xDB, 0x75, 0x68,
    0xA7, 0xF4, 0xC1, 0xE1, 0xDC, 0x89, 0xC4, 0x5D, 0xD2, 0x5B, 0x2B, 0x2B, 0x70, 0xC0, 0xA7, 0xC0,
    0x0F, 0xE1, 0x08, 0xE4, 0xB6, 0xE5, 0x28, 0xE4, 0x5A, 0x53, 0xFC, 0xA3, 0xE5, 0x0E, 0x3F, 0x07,
    0x40, 0xF0, 0xEF, 0x51, 0x9F, 0x34, 0xA8, 0xEA, 0x44, 0xC1, 0xEF, 0x64, 0xD1, 0x81, 0x15, 0xF0,
    0x0E, 0x7E, 0x71, 0xA7, 0x02, 0xC0, 0xC4, 0x77, 0xF8, 0xDF, 0x1E, 0xA3, 0x5A, 0x99, 0xA1, 0x09,
    0xA6, 0x1B, 0xBF, 0xF4, 0x89, 0x71, 0x37, 0xC7, 0xE7, 0xC3, 0x17, 0x9F, 0xFD, 0x4F, 0xDF, 0xD8,
    0xB4, 0xFA, 0xE2, 0xB3, 0x68, 0x55, 0x67, 0x7E, 0x70, 0x37, 0xA8, 0xCE, 0x7C, 0xF8, 0x02, 0xEC,
    0x5F, 0x37, 0xD8, 0xF3, 0x1E, 0x7B, 0xA1, 0xD8, 0x76, 0x85, 0x0D, 0xFE, 0xC3, 0xFC, 0x7B, 0xF0,
    0x1A, 0x96, 0x5A, 0x7D, 0xFB, 0x2E, 0xC0, 0xFC, 0x56, 0xCD, 0x7B, 0x90, 0x9D, 0x48, 0xDE, 0x39,
    0xAC, 0xFC, 0x4D, 0xDA, 0x5B, 0xFF, 0x5A, 0x49, 0x7B, 0x4D, 0xBC, 0x19, 0x2A, 0x2A, 0x87, 0x0F,
    0x98, 0xFE, 0xBA, 0xB5, 0x0D, 0xEF, 0x0E, 0xB7, 0x1E, 0x3D, 0x73, 0x94, 0x0D, 0xD7, 0x8F, 0xEA,
    0x20, 0xBA, 0xA6, 0x77, 0xDD, 0x41, 0x35, 0xE7, 0x29, 0xDB, 0xF7, 0x63, 0xCA, 0x76, 0xF4, 0xC4,
    0xB2, 0x19, 0x7C, 0x8A, 0xDB, 0x95, 0x69, 0x8C, 0xF9, 0x24, 0x9A, 0xF7, 0xC6, 0x27, 0x71, 0xF4,
    0xF0, 0x97, 0xBC, 0x35, 0x9D, 0x11, 0x64, 0xE9, 0x97, 0xF8, 0x4B, 0x76, 0xEF, 0xF3, 0x0B, 0xF5,
    0xB6, 0x4E, 0x29, 0x6A, 0xB8, 0xE9, 0x30, 0x97, 0x4D, 0xC5, 0x86, 0x91, 0x73, 0xF4, 0x4D, 0x63,
    0x8E, 0x53, 0x99, 0x09, 0x65, 0xA2, 0xAF, 0x59, 0x28, 0x2C, 0x7A, 0xC8, 0xEE, 0x73, 0xBA, 0x08,
    0xC9, 0x93, 0x9E, 0x40, 0x9A, 0xDC, 0x08, 0x66, 0x34, 0x21, 0xD3, 0x9A, 0x81, 0xAC, 0xC7, 0x68,
    0x65, 0x7F, 0x1B, 0xBE, 0x9B, 0x3D, 0x02, 0x90, 0xAF, 0x87, 0x4C, 0xF8, 0x55, 0x47, 0x13, 0x59,
    0xD5, 0x14, 0x1D, 0xE5, 0x19, 0x9F, 0xDA, 0x1A, 0x30, 0x71, 0x5F, 0x3C, 0x8C, 0x34, 0xED, 0xB8,
    0x5D, 0xE8, 0xC5, 0x74, 0xB2, 0x68, 0xA5, 0x0C, 0xE2, 0x91, 0x9E, 0xA1, 0x43, 0x05, 0x1D, 0xE8,
    0x7D, 0x25, 0x2E, 0x15, 0xDF, 0x4A, 0x11, 0xC5, 0x88, 0xD0, 0x33, 0x9B, 0xC0, 0x86, 0xAC, 0xBD,
    0x5A, 0x94, 0xD9, 0x88, 0x5D, 0x8B, 0xAB, 0xE5, 0x8C, 0x5E, 0xD0, 0x39, 0x49, 0x83, 0xF8, 0x7A,
    0x5C, 0x5F, 0xC4, 0xA4, 0xC2, 0x64, 0xF9, 0x86, 0x3C, 0x92, 0x07, 0x24, 0xEF, 0xC6, 0xCC, 0x36,
    0x48, 0x12, 0xEA, 0xA7, 0xF8, 0xF4, 0x6C, 0xE8, 0x67, 0xD1, 0x94, 0x30, 0x4F, 0x0F, 0xEC, 0x1A,
    0x07, 0xDF, 0x03, 0xC0, 0xEF, 0x83, 0x97, 0x8F, 0xBD, 0xC6, 0x04, 0xD3, 0x2D, 0x5A, 0x57, 0x7D,
    0x04, 0xF8, 0x1B, 0x86, 0x70, 0x33, 0xB6, 0x3F, 0x48, 0x98, 0x2C, 0x8F, 0x98, 0x16, 0x13, 0x6E,
    0xCC, 0x0D, 0xE0, 0xAA, 0x25, 0xF7, 0x90, 0x62, 0x2D, 0xE3, 0xB5, 0xD9, 0x4B, 0x45, 0x8E, 0xE4,
    0x54, 0x36, 0xC2, 0xEE, 0x71, 0x15, 0xB6, 0x9E, 0x2E, 0x5A, 0x7D, 0x7D, 0x32, 0x2E, 0x8D, 0xAE,
    0x17, 0xE9, 0xAE, 0xA6, 0xB2, 0xE1, 0x12, 0xFE, 0x89, 0x15, 0x6C, 0x8F, 0x8B, 0x34, 0x01, 0xBF,
    0x5D, 0xBF, 0xF8, 0x93, 0x55, 0x19, 0x11, 0x2E, 0x8D, 0x68, 0xA5, 0xDC, 0x34, 0x61, 0x15, 0xCA,
    0xED, 0x1A, 0x26, 0xC2, 0x22, 0x40, 0x09, 0xDC, 0x65, 0x32, 0xAD, 0x6D, 0xD0, 0x90, 0xD8, 0x26,
    0x46, 0x1B, 0x86, 0x2E, 0x15, 0x2B, 0x89, 0xC7, 0x89, 0x3E, 0xB1, 0xFC, 0x5D, 0x2A, 0xFE, 0x6F,
    0x41, 0x8A, 0xF3, 0x20, 0x46, 0x83, 0x64, 0x89, 0x8C, 0x5C, 0x05, 0x5C, 0xCD, 0x31, 0x6C, 0x00,
    0xBA, 0xA6, 0x52, 0x6D, 0xF5, 0x24, 0x0E, 0x26, 0xF6, 0x26, 0xCA, 0x75, 0xF8, 0x46, 0x5A, 0x6F,
    0xCD, 0xCD, 0x1F, 0x3F, 0xEE, 0xED, 0xA7, 0xC9, 0x6C, 0x1D, 0x44, 0xB2, 0x35, 0x66, 0xFD, 0x0C,
    0xBE, 0x8C, 0x4C, 0x19, 0x3F, 0xAE, 0xBE, 0x71, 0x0B, 0xBE, 0x02, 0xAD, 0x95, 0x01, 0x84, 0x25,
    0xC9, 0x19, 0xC7, 0x7F, 0xDD, 0x6D, 0xA7, 0x45, 0x71, 0x0D, 0x07, 0x12, 0xAE, 0x21, 0xC0, 0x49,
    0x1A, 0x00, 0x76, 0xA7, 0x4A, 0x0E, 0x01, 0xDC, 0x84, 0x9D, 0x40, 0x90, 0x20, 0x00, 0x0C, 0x04,
    0x07, 0x77, 0xAF, 0xCE, 0x21, 0x08, 0x32, 0x30, 0x00, 0x2E, 0x38, 0x24, 0x59, 0x2C, 0x04, 0xB0,
    0xF7, 0xBA, 0x92, 0xC5, 0x62, 0xB1, 0xED, 0xCE, 0x81, 0x60, 0xFA, 0xEE, 0x22, 0x17, 0xB7, 0x78,
    0xE5, 0x76, 0x48, 0x67, 0xA7, 0xAA, 0xBF, 0x54, 0xCD, 0x7B, 0xE3, 0xF6, 0xEC, 0xCC, 0xCD, 0x9B,
    0xDD, 0xAD, 0xFE, 0xFE, 0x9F, 0x79, 0x55, 0xDF, 0xF7, 0xFF, 0xFF, 0x3F, 0xDD, 0xA6, 0xBA, 0x7A,
    0x50, 0x2B, 0x53, 0x46, 0x80, 0xA9, 0x37, 0x22, 0xA3, 0xDC, 0xF5, 0x73, 0xE5, 0x63, 0xE5, 0xC3,
    0x45, 0xD1, 0x5A, 0x68, 0x0D, 0x74, 0xC0, 0xEE, 0x6E, 0x37, 0xDC, 0xD2, 0xFD, 0x84, 0x7E, 0x1C,
    0xD0, 0x36, 0xC1, 0x24, 0x70, 0x29, 0xC4, 0x36, 0x4E, 0x5C, 0x82, 0x4F, 0x38, 0x69, 0xDC, 0x1C,
    0x1A, 0x17, 0x96, 0x09, 0xFA, 0x6D, 0x17, 0xBA, 0x47, 0x2E, 0x34, 0x2B, 0x17, 0x6A, 0x71, 0xA1,
    0x4C, 0x20, 0x63, 0x91, 0xA0, 0x13, 0x5A, 0x07, 0x4D, 0x42, 0xE7, 0x50, 0x62, 0x51, 0x33, 0x14,
    0x7B, 0xD9, 0xEF, 0x7C, 0x95, 0x5F, 0xD6, 0xF1, 0xA6, 0x47, 0x8F, 0x68, 0x8B, 0x04, 0x32, 0xD8,
    0xBF, 0x0D, 0x40, 0xD1, 0xFF, 0x0B, 0x25, 0x33, 0xDD, 0xD3, 0xDE, 0x6A, 0xD3, 0xB8, 0x1E, 0x35,
    0xC6, 0xD4, 0x90, 0x11, 0x12, 0xE2, 0x06, 0xCB, 0xB4, 0x9F, 0xCF, 0x73, 0x5D, 0xAE, 0xCF, 0x7D,
    0x8D, 0xB8, 0x14, 0x37, 0xF6, 0xCD, 0xCE, 0x4C, 0x2B, 0x83, 0xBE, 0xE3, 0x97, 0xE5, 0x14, 0x8B,
    0x10, 0xC8, 0x91, 0xFE, 0x48, 0x3F, 0xD3, 0x66, 0x3A, 0x2A, 0x53, 0x83, 0x79, 0x9D, 0xF2, 0x7F,
    0xF7, 0x40, 0x4E, 0xA0, 0x1B, 0x00, 0x2E, 0x30, 0xD0, 0xBA, 0x2C, 0x14, 0xA9, 0x7D, 0xC2, 0xC6,
    0x40, 0x9D, 0xB1, 0x31, 0xD0, 0x7E, 0xC7, 0xC0, 0x6B, 0x85, 0x57, 0x32, 0x56, 0x62, 0xB9, 0xCD,
    0x36, 0x1E, 0xF2, 0x5E, 0xF5, 0x8D, 0x47, 0xFD, 0xDE, 0xBE, 0x12, 0x7D, 0xF5, 0xD5, 0xD8, 0xBC,
    0x6D, 0x6F, 0xDD, 0x02, 0xB6, 0xD2, 0x2F, 0x7A, 0x11, 0xAF, 0x24, 0xA5, 0xEE, 0xEB, 0xFE, 0x68,
    0x4F, 0x1B, 0x0D, 0x4B, 0x34, 0x44, 0xF4, 0x91, 0x49, 0x49, 0xC6, 0x90, 0x53, 0xDC, 0xEC, 0x6D,
    0x4E, 0x73, 0x1D, 0x67, 0x1D, 0x67, 0xBD, 0x67, 0x2C, 0x3B, 0x73, 0x39, 0x9B, 0x56, 0x8E, 0x65,
    0xD4, 0x77, 0xE4, 0xCE, 0xC9, 0xB2, 0x8C, 0x59, 0x76, 0xFE, 0x65, 0x08, 0x88, 0xAC, 0x53, 0x12,
    0x87, 0x65, 0x92, 0x25, 0x95, 0x7C, 0xFD, 0xB7, 0x56, 0x56, 0x72, 0x52, 0xCE, 0xA5, 0x1C, 0xD2,
    0x39, 0x16, 0x30, 0x51, 0x1C, 0x02, 0xC8, 0x8C, 0xC8, 0x30, 0x1F, 0x9C, 0x7F, 0x33, 0xB5, 0x9F,
    0x0F, 0x46, 0x11, 0x2B, 0x42, 0xD0, 0x26, 0xB4, 0x2E, 0x34, 0x63, 0xDE, 0x2F, 0x43, 0x20, 0x32,
    0x57, 0x27, 0xCA, 0xC1, 0xB4, 0x9C, 0xA3, 0xFC, 0x47, 0x88, 0x84, 0x67, 0x9F, 0x35, 0x99, 0xCB,
    0x64, 0xF5, 0x39, 0x9F, 0x4A, 0x64, 0x4E, 0x84, 0x79, 0x41, 0xE8, 0x12, 0xD9, 0x70, 0x76, 0x94,
    0xC9, 0x58, 0xAF, 0x00, 0x27, 0x14, 0x23, 0xBB, 0x9D, 0xD5, 0xBD, 0xD1, 0x4F, 0xD1, 0x0E, 0x6D,
    0xD0, 0x3C, 0x1F, 0x9B, 0xD5, 0x19, 0x76, 0xE1, 0x26, 0xEC, 0xD6, 0x43, 0xF3, 0xA1, 0xAD, 0x67,
    0x8A, 0x3F, 0x5F, 0x7B, 0x94, 0x77, 0x95, 0x6B, 0x7B, 0xEA, 0x00, 0x6C, 0x27, 0xFD, 0x43, 0xC3,
    0x82, 0x22, 0x50, 0x8D, 0xAC, 0x57, 0x2D, 0x56, 0xCB, 0xD8, 0xDF, 0x19, 0x22, 0xA4, 0x90, 0xD4,
    0x38, 0xD1, 0x8A, 0x29, 0x64, 0xA0, 0xF5, 0xD4, 0xDE, 0x6E, 0x0C, 0xB8, 0x83, 0x08, 0x0B, 0xC3,
    0x79, 0xEF, 0x8F, 0x66, 0x16, 0x62, 0xE5, 0x2E, 0xB9, 0xCB, 0xA2, 0x23, 0xB5, 0x24, 0x72, 0x47,
    0xEB, 0x9E, 0xF6, 0x4E, 0xC4, 0x2C, 0x26, 0x8A, 0x8F, 0xA8, 0x23, 0xED, 0x5D, 0x6E, 0x29, 0xF7,
    0x02, 0x72, 0x65, 0x44, 0xAD, 0x4C, 0x57, 0x0F, 0xC0, 0x8E, 0xD8, 0x56, 0x46, 0xFD, 0xD8, 0xE5,
    0xD1, 0x46, 0x9A, 0x67, 0x5A, 0x76, 0xEF, 0x7A, 0x2D, 0x43, 0x3B, 0x73, 0x4E, 0xEE, 0xB6, 0x22,
    0x1F, 0x29, 0x26, 0xB8, 0x89, 0x0A, 0xA8, 0x71, 0xAB, 0x71, 0x2A, 0x47, 0xE9, 0xC1, 0xD3, 0xA4,
    0x18, 0xF8, 0x71, 0x71, 0xD8, 0x29, 0x97, 0x9C, 0x54, 0x91, 0x17, 0x98, 0xAE, 0x2B, 0xBD, 0x5A,
    0xB9, 0x52, 0xD8, 0x72, 0x3A, 0x91, 0x90, 0x62, 0x7F, 0xBE, 0x4D, 0xE0, 0xEA, 0xF8, 0x1D, 0x2C,
    0xA1, 0xA1, 0x14, 0xCA, 0x89, 0xD2, 0xD6, 0xAE, 0x71, 0x5A, 0x44, 0x0E, 0x3E, 0x6B, 0xDC, 0x33,
    0xCF, 0xA9, 0x92, 0x72, 0xE6, 0x1D, 0xDE, 0xA3, 0x29, 0xA5, 0x08, 0xED, 0xCF, 0x7C, 0xFD, 0x4F,
    0x57, 0x8A, 0xE1, 0x2F, 0xC0, 0x35, 0x25, 0x79, 0x17, 0xEE, 0xD5, 0xCE, 0x37, 0x8E, 0x4E, 0x10,
    0xE1, 0xE0, 0x33, 0x1A, 0xF7, 0x5C, 0x9C, 0xA2, 0x84, 0xF2, 0xA2, 0x79, 0x1A, 0xF1, 0x29, 0x6E,
    0xCC, 0x7B, 0xCF, 0x93, 0xEF, 0xD0, 0xD0, 0xB2, 0x10, 0x91, 0xC5, 0x91, 0x46, 0xA2, 0x44, 0x6D,
    0x34, 0x09, 0x8F, 0x5B, 0xA9, 0xE7, 0xC2, 0xEC, 0xA1, 0xFC, 0x48, 0x2B, 0x03, 0x3F, 0xD1, 0x8E,
    0xD7, 0x6F, 0x00, 0x40, 0x40, 0x6F, 0x85, 0x98, 0xD0, 0xD3, 0xA3, 0x25, 0xD2, 0xCA, 0x44, 0x29,
    0x87, 0xA8, 0x4F, 0x5C, 0x2B, 0xEE, 0xA7, 0xBD, 0x49, 0x64, 0xE1, 0x92, 0x8B, 0x29, 0xD6, 0x5E,
    0x0E, 0xFC, 0x62, 0xF6, 0xED, 0xE7, 0xBE, 0x12, 0x4F, 0x46, 0xB1, 0xBF, 0xF7, 0xB2, 0xDA, 0xDF,
    0xDE, 0x4A, 0x57, 0x08, 0x47, 0xDF, 0x8E, 0x7E, 0x87, 0x3D, 0x9A, 0x7F, 0x7B, 0x6A, 0x19, 0x28,
    0xC4, 0x00, 0x2F, 0x3F, 0xFC, 0x6B, 0xD5, 0xB7, 0xB7, 0xD2, 0x36, 0x1E, 0x58, 0x42, 0x29, 0x96,
    0xEA, 0xBE, 0xA3, 0xBC, 0x6F, 0x41, 0x78, 0x25, 0x3E, 0x08, 0x54, 0x42, 0xF5, 0x28, 0x47, 0x11,
    0x81, 0xEF, 0x73, 0xD3, 0x27, 0x37, 0x21, 0xBB, 0xA9, 0x9E, 0x78, 0xD4, 0x43, 0xC7, 0x1B, 0x6F,
    0xBC, 0x1A, 0x17, 0xEA, 0xD8, 0xB5, 0x1D, 0x37, 0xDF, 0x01, 0xB6, 0xFA, 0x14, 0x5E, 0x5C, 0x6B,
    0x80, 0xDA, 0x42, 0x43, 0xC2, 0x9F, 0x12, 0x4E, 0xA0, 0xF2, 0x97, 0x68, 0xD6, 0x3E, 0xAA, 0x33,
    0xCD, 0x53, 0xDF, 0x7E, 0xE1, 0xA9, 0x2C, 0x8A, 0xDC, 0xD5, 0xF8, 0xDC, 0x83, 0xC0, 0xFA, 0x9D,
    0x80, 0x7A, 0x30, 0x02, 0x3F, 0xE0, 0x37, 0x6C, 0x56, 0x60, 0x89, 0xE6, 0x63, 0x84, 0x05, 0xEF,
    0x21, 0xF9, 0x57, 0x21, 0x26, 0xA2, 0x53, 0x7D, 0xA0, 0x7B, 0xEB, 0xB1, 0x0B, 0xB4, 0x1F, 0x7C,
    0xF5, 0xF7, 0x89, 0xE6, 0xC1, 0xA7, 0x9F, 0x78, 0x9A, 0x87, 0xF7, 0xBF, 0xF4, 0xA8, 0xE3, 0x7F,
    0x3C, 0x19, 0xA9, 0x8F, 0xDF, 0x3F, 0x1D, 0xA8, 0xC4, 0x88, 0x4B, 0x99, 0x94, 0x4B, 0xA1, 0xB7,
    0x14, 0x33, 0x0B, 0xC3, 0xFA, 0x2D, 0xD5, 0x2B, 0x03, 0x6D, 0x35, 0x00, 0x90, 0xB8, 0x63, 0xE5,
    0x75, 0x39, 0xD7, 0x63, 0xF7, 0xD6, 0xAC, 0x86, 0xF6, 0x83, 0xE3, 0xC6, 0x35, 0x0F, 0x1E, 0xA5,
    0xF4, 0xF0, 0x8F, 0xBF, 0xB6, 0xEA, 0xF8, 0x0F, 0x1F, 0x9A, 0x6A, 0xF5, 0xF3, 0x15, 0xD5, 0xAA,
    0x12, 0x4A, 0xA9, 0xE6, 0xC4, 0x55, 0x45, 0x88, 0x65, 0x80, 0x85, 0x85, 0xAC, 0xF4, 0x8D, 0x67,
    0xC7, 0xFE, 0x16, 0x80, 0x9E, 0xCE, 0x69, 0xB4, 0xE9, 0x6C, 0x4F, 0xE3, 0x02, 0xEA, 0xF3, 0x89,
    0xFC, 0xCA, 0x0B, 0x19, 0x41, 0xDC, 0xBA, 0x47, 0x73, 0x31, 0x04, 0xCA, 0x53, 0x87, 0x7A, 0xDF,
    0x03, 0xE4, 0xC9, 0xD1, 0x39, 0x9B, 0x48, 0x6B, 0x03, 0x4D, 0x9A, 0x59, 0x7D, 0xEA, 0xA9, 0xBE,
    0x4C, 0xF8, 0xEF, 0x40, 0x21, 0x0E, 0xC4, 0x42, 0x6F, 0x60, 0x41, 0x6E, 0x80, 0x08, 0x6F, 0x06,
    0xD0, 0x3E, 0xC1, 0x02, 0xBF, 0x30, 0xA9, 0xD6, 0x53, 0x3E, 0x19, 0x39, 0x5F, 0x7D, 0x3A, 0xD1,
    0x46, 0xD3, 0xD9, 0x25, 0xD9, 0x63, 0xFD, 0xC5, 0x35, 0x3C, 0xB6, 0x0E, 0x0D, 0x01, 0x0E, 0x9F,
    0xF9, 0x27, 0xFC, 0xAB, 0x89, 0x3A, 0x5F, 0x3B, 0x59, 0xB2, 0x87, 0x40, 0x35, 0xA1, 0x3C, 0xB9,
    0xD6, 0xD0, 0x1F, 0xDD, 0x5E, 0x97, 0xE5, 0xD3, 0xB8, 0xB9, 0xA1, 0x45, 0x5C, 0x8A, 0xFD, 0xA4,
    0xB4, 0x80, 0xB8, 0xA9, 0x6F, 0xD6, 0xF5, 0x7F, 0xB5, 0xEB, 0x53, 0xEE, 0x41, 0x20, 0x67, 0xBE,
    0xAB, 0x95, 0xA9, 0x37, 0x5A, 0xC5, 0x25, 0x5A, 0xA5, 0xA7, 0xF2, 0xA4, 0x7C, 0xA9, 0xD6, 0x9A,
    0xE0, 0xC8, 0xAC, 0x4F, 0xD3, 0xE5, 0xA2, 0x36, 0x97, 0xCB, 0xB5, 0xE7, 0xFA, 0x58, 0xB9, 0xAE,
    0x47, 0x85, 0xAB, 0xE6, 0xDA, 0x3F, 0xD7, 0x9A, 0x16, 0x93, 0x7C, 0x14, 0x09, 0x97, 0x3C, 0xFF,
    0x07, 0xBD, 0x57, 0x31, 0x6C, 0xDE, 0xC6, 0x15, 0x7E, 0x24, 0x2D, 0x11, 0x09, 0x81, 0x32, 0x83,
    0x0D, 0xB4, 0x35, 0x60, 0x2E, 0xDD, 0x9A, 0x96, 0x6B, 0x87, 0xF8, 0x27, 0xE3, 0xB5, 0x83, 0x55,
    0x40, 0x42, 0x06, 0x0F, 0xF6, 0xD0, 0xA9, 0xCB, 0xBF, 0x06, 0x81, 0x25, 0x32, 0xE8, 0x90, 0x21,
    0x43, 0xD4, 0x21, 0x93, 0x96, 0x0E, 0x19, 0xD2, 0x08, 0xAD, 0x3A, 0x7A, 0x90, 0x7E, 0x12, 0xF5,
    0xD0, 0x31, 0x84, 0x83, 0xA0, 0x43, 0x86, 0x32, 0x80, 0xDD, 0x16, 0xD5, 0x20, 0xC6, 0xF9, 0x83,
    0x50, 0xF2, 0x91, 0xD7, 0xEF, 0xBB, 0x23, 0x7F, 0x4B, 0xAD, 0x65, 0xC9, 0x90, 0xD0, 0x5F, 0x77,
    0x8F, 0x14, 0x79, 0xC7, 0xF7, 0xEE, 0xEE, 0xBD, 0xEF, 0x7D, 0x4F, 0x44, 0xE2, 0x5C, 0x8A, 0xC7,
    0x71, 0x1A, 0x68, 0x9D, 0x49, 0x7C, 0x54, 0x28, 0x49, 0xD2, 0xB0, 0x91, 0x42, 0x82, 0x46, 0x3A,
    0xF1, 0x06, 0xA1, 0x16, 0x77, 0x46, 0x98, 0xB7, 0x18, 0x57, 0x71, 0x46, 0x29, 0x98, 0x2B, 0xE2,
    0x14, 0x8F, 0x05, 0x3F, 0xBF, 0x11, 0x09, 0xEA, 0xE5, 0xFE, 0x76, 0x19, 0x69, 0x9D, 0x27, 0xDB,
    0x9D, 0xCC, 0xDC, 0x56, 0x3A, 0x47, 0xC9, 0xF8, 0xC7, 0x7B, 0x3E, 0x4B, 0xB6, 0x1B, 0x89, 0x74,
    0x25, 0x6E, 0xCF, 0x79, 0xB0, 0x03, 0xAA, 0xE3, 0x14, 0xA2, 0xC0, 0xA0, 0x84, 0x23, 0x93, 0x4D,
    0x0A, 0x39, 0x5D, 0x74, 0x14, 0x05, 0xFE, 0x24, 0xD1, 0x9D, 0xE0, 0x6B, 0xAD, 0x88, 0xAB, 0x37,
    0xCD, 0xF7, 0x3E, 0x45, 0x57, 0xCA, 0x7B, 0xDA, 0x2A, 0x4F, 0x37, 0xE8, 0xA5, 0xF2, 0xE6, 0xA2,
    0xB8, 0x96, 0x63, 0xBD, 0x83, 0xB9, 0x7A, 0xDA, 0x48, 0xD6, 0xC3, 0x96, 0xAF, 0x1B, 0xCE, 0x73,
    0x9A, 0xD8, 0xCC, 0xDF, 0x53, 0xE6, 0x92, 0xCC, 0xCD, 0xE5, 0x75, 0xFB, 0x51, 0xFC, 0x74, 0x9F,
    0x86, 0x5A, 0x97, 0x5A, 0xD7, 0xBC, 0xF4, 0x53, 0xB5, 0xB4, 0x56, 0xE4, 0xCA, 0x81, 0xFA, 0x0C,
    0x46, 0x15, 0x34, 0x8A, 0xB6, 0x79, 0xAD, 0xB9, 0x04, 0x8D, 0xB9, 0x84, 0xA5, 0xB9, 0x24, 0x39,
    0x2E, 0x19, 0x07, 0x61, 0x0B, 0xB0, 0x0D, 0x82, 0x79, 0xB0, 0x4A, 0xFA, 0x69, 0x1B, 0x1C, 0xAE,
    0xA5, 0xC3, 0x37, 0x75, 0x2F, 0xBC, 0x40, 0x57, 0x50, 0xED, 0x42, 0x9D, 0xFB, 0xAC, 0xC1, 0x1B,
    0x29, 0xA8, 0x4C, 0xCC, 0x9C, 0x50, 0x2B, 0xA8, 0x32, 0x32, 0x59, 0x7A, 0xA7, 0xE5, 0xA7, 0xFD,
    0xC6, 0xE8, 0xA9, 0xAC, 0x1A, 0x6A, 0xA1, 0x39, 0x33, 0xEE, 0xB8, 0xD1, 0x01, 0x15, 0xFE, 0x77,
    0xAB, 0x46, 0x83, 0x32, 0x0A, 0xA8, 0x3D, 0xBE, 0x85, 0x25, 0xAB, 0xE0, 0x00, 0xBA, 0x94, 0xAB,
    0xF9, 0x6D, 0x2A, 0x6D, 0x55, 0xA2, 0x9B, 0x58, 0x53, 0x66, 0xDB, 0xEA, 0xDA, 0xDD, 0xBA, 0x70,
    0x95, 0x44, 0x25, 0xCF, 0x2D, 0x49, 0x79, 0x2E, 0x3D, 0xBF, 0xEA, 0x9A, 0x93, 0xC4, 0xFE, 0xCD,
    0x5C, 0x05, 0x47, 0xC0, 0xC8, 0xF8, 0xCB, 0x95, 0xB8, 0xE7, 0xAC, 0xA0, 0xDD, 0x85, 0xA4, 0x82,
    0x57, 0xE9, 0xFA, 0xB3, 0x5C, 0x61, 0xD9, 0xA6, 0xE3, 0x18, 0xD0, 0xB1, 0x87, 0x52, 0xC0, 0xC2,
    0xA2, 0x12, 0xB9, 0xC6, 0xBD, 0x6F, 0x87, 0xB1, 0xAD, 0xB2, 0xB6, 0x9E, 0xE3, 0x9B, 0x9B, 0xF8,
    0x5E, 0x65, 0xBA, 0x9D, 0xC2, 0xEF, 0xFE, 0x54, 0xD9, 0x73, 0x4D, 0x2A, 0x15, 0x94, 0x2A, 0x2C,
    0x29, 0xF1, 0x32, 0x2C, 0xCF, 0x6C, 0x62, 0x5B, 0x51, 0x3A, 0x3A, 0xC7, 0x36, 0xE8, 0x3C, 0x2C,
    0x13, 0xD1, 0xA5, 0x91, 0xB5, 0x91, 0x0D, 0x65, 0xDF, 0x52, 0x2A, 0x65, 0xE4, 0x86, 0x91, 0x89,
    0x91, 0xD1, 0x47, 0x94, 0xE1, 0xE7, 0x94, 0xFE, 0x01, 0x25, 0x1C, 0x13, 0xD2, 0x31, 0x52, 0xAC,
    0xCC, 0x20, 0x8D, 0xEB, 0x19, 0x59, 0x50, 0x44, 0x9D, 0x91, 0x2D, 0xE5, 0x52, 0x6A, 0x9E, 0x4F,
    0x8C, 0x72, 0xEA, 0x9E, 0x50, 0xB5, 0xD5, 0xDC, 0x51, 0xB1, 0xDA, 0xA5, 0x98, 0x50, 0xC4, 0x14,
    0x21, 0x94, 0xAA, 0x00, 0x3A, 0x95, 0x77, 0x40, 0x01, 0x2D, 0x46, 0xA1, 0xD1, 0xB7, 0x50, 0x67,
    0x44, 0x46, 0x57, 0xA7, 0x23, 0x84, 0x54, 0x18, 0xD2, 0xF7, 0xC3, 0x9C, 0xA2, 0x1C, 0xEF, 0xB0,
    0xF9, 0x45, 0x1A, 0x1A, 0xF7, 0x2F, 0xF5, 0x0E, 0x74, 0xF6, 0x1E, 0x44, 0x47, 0xA1, 0xCE, 0x16,
    0xE3, 0xA7, 0x22, 0x08, 0x17, 0xC8, 0x21, 0x9E, 0xC6, 0x6A, 0x3C, 0x80, 0x4A, 0x3D, 0x41, 0xE4,
    0xF0, 0x5C, 0x70, 0xDE, 0x3F, 0x1E, 0x82, 0x2D, 0xC1, 0xB9, 0x67, 0xB5, 0xF5, 0x81, 0x6E, 0x2E,
    0x4E, 0xDB, 0x8A, 0x3B, 0x27, 0x14, 0xAD, 0x8B, 0x5F, 0x27, 0x06, 0x76, 0x10, 0x28, 0x29, 0x80,
    0xA6, 0x04, 0x18, 0x61, 0x19, 0x41, 0x9D, 0x21, 0x10, 0x7A, 0x8C, 0x88, 0x6E, 0x35, 0xD8, 0x5F,
    0xE3, 0xD3, 0xE2, 0xEB, 0x34, 0xD6, 0x55, 0xB8, 0xD3, 0xE0, 0xB9, 0xF3, 0x0E, 0x3C, 0xBB, 0x29,
    0x74, 0x03, 0xB3, 0x61, 0x51, 0x1F, 0x35, 0x99, 0x6E, 0xA2, 0xBA, 0x79, 0x10, 0x94, 0x49, 0x26,
    0xA1, 0x92, 0xE5, 0xDF, 0x1B, 0xCD, 0x9A, 0x2D, 0x98, 0x13, 0xEC, 0x4E, 0x6B, 0x78, 0x6B, 0x87,
    0xAD, 0x07, 0x65, 0x54, 0x88, 0x6F, 0xF0, 0xE2, 0x25, 0xE3, 0x17, 0xCD, 0x4D, 0x7F, 0x84, 0x75,
    0xEC, 0xDA, 0x75, 0x71, 0x8D, 0xC3, 0x8F, 0x08, 0x1A, 0x20, 0x36, 0x81, 0xA9, 0x79, 0x92, 0x46,
    0xE5, 0x0C, 0xEB, 0xE9, 0xB0, 0x9E, 0xCE, 0x04, 0xB7, 0xD7, 0x8C, 0xF7, 0x7C, 0xCE, 0xF7, 0x1C,
    0xC7, 0xF1, 0x9C, 0x67, 0xD7, 0xEB, 0x98, 0xF5, 0x2E, 0xF7, 0xC4, 0x55, 0xC0, 0x2B, 0x50, 0x16,
    0x21, 0xAA, 0x18, 0x0A, 0x0A, 0x37, 0xF8, 0x17, 0x0F, 0xF1, 0x0A, 0x88, 0xFB, 0x9A, 0xDC, 0x93,
    0xE0, 0x0B, 0xD8, 0x42, 0x9C, 0xD1, 0xE9, 0xC2, 0x06, 0xC2, 0xC7, 0x79, 0x3A, 0x91, 0x97, 0xC0,
    0x4B, 0xDC, 0x25, 0xEC, 0x12, 0x75, 0x63, 0xBF, 0x0A, 0x0E, 0x52, 0xD7, 0xB8, 0xAA, 0x32, 0xDB,
    0xFB, 0xBF, 0x0D, 0x80, 0x0B, 0xBC, 0x05, 0xDC, 0x02, 0x6D, 0x9D, 0xB5, 0x15, 0x9C, 0x7F, 0x63,
    0xBA, 0xFC, 0x2A, 0x15, 0xEF, 0x7B, 0xD8, 0xF3, 0x6D, 0x7D, 0x29, 0xB6, 0x2C, 0xAD, 0x01, 0xA5,
    0xCB, 0xD0, 0xA0, 0x68, 0xF8, 0x51, 0x8E, 0x88, 0x5B, 0x5A, 0x3A, 0xCB, 0xA8, 0x8E, 0x8E, 0x20,
    0xFE, 0xDC, 0xFA, 0xE8, 0x0D, 0xCC, 0x5C, 0x81, 0x81, 0xDF, 0xC2, 0xA8, 0xA7, 0xCD, 0xA5, 0x18,
    0x25, 0x71, 0xC9, 0x30, 0x7B, 0x20, 0xAF, 0x6A, 0x94, 0xF7, 0x3E, 0x8C, 0x7A, 0x56, 0x9A, 0x20,
    0x75, 0x7E, 0xB7, 0x79, 0xA9, 0x46, 0xDD, 0xF0, 0x4B, 0xFF, 0xC0, 0xC0, 0xE2, 0x2B, 0x1A, 0xC5,
    0x8D, 0x32, 0x09, 0xE3, 0x67, 0x97, 0xBF, 0x53, 0x51, 0x05, 0x44, 0x10, 0xF9, 0xF3, 0x2B, 0x1B,
    0x15, 0x1D, 0x4A, 0xA6, 0xF3, 0xF7, 0x76, 0x2A, 0x12, 0x11, 0x0F, 0x79, 0x93, 0xAD, 0xBF, 0xC3,
    0x31, 0xD9, 0x4E, 0x15, 0xEB, 0xDC, 0x87, 0x7B, 0xAE, 0xAD, 0xC2, 0xE7, 0x95, 0xED, 0xFC, 0xED,
    0xEE, 0xDA, 0x74, 0x71, 0xF5, 0xAA, 0xFD, 0x3F, 0xAA, 0x2D, 0x0E, 0x31, 0x47, 0xEC, 0xB5, 0xE6,
    0x9D, 0xA3, 0xD6, 0x11, 0xB3, 0x48, 0xEB, 0x0D, 0x52, 0x2D, 0x88, 0x0D, 0x13, 0x34, 0x7A, 0x15,
    0x95, 0x8C, 0x45, 0x1F, 0x4F, 0xBD, 0x79, 0x21, 0xAE, 0x3A, 0xE1, 0x77, 0x1F, 0x96, 0x34, 0xDC,
    0x49, 0x01, 0x40, 0x89, 0xAE, 0x6E, 0xBC, 0x08, 0x80, 0x00, 0xA1, 0x0C, 0x06, 0xF8, 0xDD, 0x7F,
    0x1B, 0x45, 0xB4, 0xA5, 0x1F, 0x2E, 0x0D, 0xDB, 0x99, 0x0C, 0x46, 0x15, 0xF3, 0x45, 0x0E, 0x74,
    0xE7, 0x7B, 0xC6, 0x20, 0xCF, 0x82, 0xE1, 0x68, 0x54, 0x19, 0xE7, 0x0B, 0xA3, 0x9A, 0x02, 0x59,
    0xD4, 0x5A, 0x04, 0xD3, 0x0C, 0x7C, 0x9B, 0x43, 0x5B, 0x91, 0xE5, 0xD3, 0x51, 0xF1, 0xB9, 0x51,
    0xD6, 0x1A, 0x23, 0x68, 0x9F, 0xF9, 0xB9, 0x1A, 0x98, 0xE3, 0x51, 0x04, 0xFB, 0xDF, 0xAD, 0x4A,
    0xF8, 0x10, 0xC3, 0xA2, 0xDF, 0x72, 0xBB, 0x3C, 0xFC, 0xBB, 0xE1, 0x61, 0xF4, 0x1E, 0x45, 0x77,
    0x87, 0xF0, 0x62, 0xE2, 0x1B, 0x22, 0xA8, 0x80, 0x7C, 0x61, 0x89, 0x21, 0x51, 0xEE, 0xE9, 0x3E,
    0x49, 0x21, 0x08, 0x9E, 0x62, 0xC5, 0xB5, 0x35, 0x10, 0x8F, 0x3E, 0x68, 0x25, 0xD6, 0x40, 0xF5,
    0x1B, 0x3B, 0x7D, 0x91, 0x23, 0x12, 0xC3, 0xD2, 0xB9, 0x73, 0x78, 0xB7, 0xE4, 0xB3, 0xB2, 0xD8,
    0x82, 0x40, 0x9E, 0x41, 0x2A, 0x00, 0xF2, 0x8A, 0xDE, 0xE9, 0xB7, 0xF3, 0xAC, 0x4F, 0x74, 0x1E,
    0xCD, 0x03, 0x30, 0xC8, 0xEC, 0x90, 0xE7, 0x22, 0xD1, 0xD1, 0x1F, 0xC9, 0xB2, 0x4C, 0xD6, 0xEC,
    0x9C, 0x35, 0xE9, 0x3C, 0xCD, 0x1C, 0x6B, 0x9C, 0x0C, 0xF7, 0x4D, 0x81, 0x9E, 0xBC, 0x9D, 0x6D,
    0xC6, 0x87, 0x85, 0xC9, 0x1F, 0x4E, 0x71, 0x48, 0xC2, 0x03, 0xB6, 0x03, 0x02, 0xD3, 0xBB, 0xCA,
    0xE2, 0x25, 0x28, 0x1C, 0xEE, 0xF1, 0x24, 0xD1, 0x2A, 0x30, 0xA4, 0x43, 0x30, 0x56, 0xEB, 0xF7,
    0xB6, 0x5A, 0xA4, 0x8B, 0xEB, 0x3A, 0x35, 0x10, 0x4E, 0x86, 0x43, 0xE8, 0x4A, 0xCA, 0x85, 0xCF,
    0xBF, 0xD0, 0x0C, 0xF6, 0x10, 0x66, 0xA0, 0x77, 0x4B, 0xD9, 0xE0, 0xEF, 0x64, 0x69, 0x89, 0xC4,
    0xBD, 0x5E, 0x98, 0x71, 0x3C, 0x65, 0x2D, 0x4C, 0x9A, 0x8D, 0x26, 0x8D, 0x10, 0xAE, 0xB2, 0x03,
    0x05, 0x96, 0x15, 0xCC, 0xE9, 0x93, 0x70, 0xB8, 0x8D, 0x9D, 0x79, 0xA6, 0xEB, 0xB8, 0x4F, 0x31,
    0x5D, 0x82, 0xAF, 0x4A, 0x6C, 0x39, 0x8E, 0xF9, 0x0F, 0x63, 0x08, 0xF6, 0x86, 0xA8, 0x91, 0xA6,
    0x29, 0xC4, 0x94, 0x4A, 0x52, 0xAC, 0x0C, 0x7C, 0x93, 0x96, 0xC3, 0x2E, 0xF2, 0xF6, 0x8E, 0xA4,
    0x14, 0xF9, 0x58, 0x91, 0xAA, 0x92, 0x22, 0x3B, 0x96, 0xE2, 0xDD, 0x0F, 0x4A, 0x89, 0x33, 0xCB,
    0x04, 0xDC, 0x4F, 0xEC, 0xF7, 0xB8, 0xFB, 0x27, 0x7B, 0x58, 0x7B, 0x4D, 0x5C, 0x1A, 0x37, 0xFB,
    0x46, 0x19, 0x04, 0xB7, 0x88, 0xDE, 0x22, 0xA9, 0x2B, 0xEB, 0x7E, 0x4D, 0x92, 0x63, 0x1C, 0x8E,
    0x3F, 0x68, 0x2E, 0x92, 0xE1, 0xE4, 0x07, 0x30, 0xE0, 0x4D, 0x12, 0x9F, 0xDC, 0x6E, 0x39, 0x82,
    0xE3, 0x3C, 0x99, 0x4E, 0xE0, 0x85, 0xA5, 0x78, 0xFF, 0xC2, 0x5E, 0x19, 0xCF, 0x1F, 0x63, 0x6C,
    0xF0, 0xE7, 0x93, 0x26, 0x85, 0x65, 0x61, 0x4C, 0xA2, 0x29, 0xDE, 0x60, 0x92, 0xED, 0xD6, 0xA4,
    0xF0, 0x4C, 0x93, 0x16, 0xB1, 0x36, 0xD8, 0xB6, 0x6F, 0x6C, 0x93, 0xD1, 0x36, 0x31, 0xB6, 0xED,
    0x8F, 0xB6, 0xFD, 0xC2, 0x60, 0xDC, 0x11, 0x2C, 0x22, 0xB6, 0xBF, 0x26, 0xBF, 0x0E, 0xFF, 0xDA,
    0x80, 0x9F, 0xD9, 0x3C, 0x6E, 0x62, 0x83, 0x2E, 0x78, 0x6D, 0x3A, 0x67, 0xEA, 0x20, 0xBE, 0xC0,
    0xBB, 0x72, 0x1F, 0x3B, 0x7C, 0xDD, 0x2E, 0x86, 0x4E, 0x30, 0xDB, 0x69, 0x11, 0xB9, 0xF0, 0x80,
    0xF0, 0x16, 0xE7, 0x8A, 0x3E, 0x36, 0xF1, 0x4E, 0x8B, 0x92, 0x00, 0xAC, 0x9D, 0x65, 0x1B, 0x8E,
    0x44, 0x57, 0x3C, 0x1D, 0xDF, 0xB8, 0x8E, 0x9D, 0xEE, 0xAA, 0xD9, 0x74, 0x5E, 0x18, 0x07, 0xBA,
    0x19, 0x94, 0xE1, 0xAB, 0xD0, 0x18, 0xDB, 0x50, 0x3C, 0x15, 0xB5, 0x64, 0xF9, 0xFF, 0xAF, 0x2E,
    0x82, 0x22, 0x62, 0x92, 0x26, 0x51, 0xB8, 0xF4, 0x8A, 0x68, 0x08, 0x9B, 0x93, 0xF2, 0xB2, 0x2A,
    0x22, 0x71, 0x10, 0x47, 0x78, 0x6F, 0xB0, 0x7D, 0x22, 0x2F, 0x46, 0x8D, 0xD2, 0xA2, 0x46, 0x7F,
    0x1A, 0x6A, 0xA4, 0x09, 0x7D, 0x75, 0x81, 0x1A, 0x12, 0xD6, 0x3C, 0xDF, 0xF6, 0x2C, 0xD4, 0xD8,
    0xE6, 0xAB, 0x01, 0xCB, 0x8E, 0xA1, 0x86, 0xB2, 0x6E, 0x70, 0x4C, 0xD0, 0xED, 0xC9, 0x8C, 0xD7,
    0x98, 0x08, 0xF4, 0x28, 0x9E, 0xBF, 0x18, 0x44, 0xC7, 0xED, 0x2D, 0x76, 0x6A, 0xEC, 0x00, 0xEB,
    0x35, 0x40, 0x70, 0x9B, 0xE5, 0x1D, 0xD2, 0xED, 0x7E, 0xAB, 0x1D, 0x60, 0x8C, 0x1A, 0x7C, 0x1E,
    0x66, 0x78, 0x2D, 0xB0, 0x45, 0x45, 0x75, 0x57, 0xF0, 0x08, 0xF5, 0x9C, 0x7C, 0x73, 0xF4, 0xBF,
    0xA1, 0x99, 0xCE, 0x0A, 0x24, 0xC4, 0xD9, 0x3A, 0x96, 0x8E, 0xB2, 0xBE, 0x61, 0x79, 0x63, 0x2A,
    0x0D, 0x16, 0x1A, 0xA8, 0x6D, 0x58, 0x52, 0xB1, 0xA0, 0x62, 0x39, 0xC5, 0x62, 0x8A, 0xA5, 0x14,
    0x0B, 0x29, 0x16, 0x35, 0xAC, 0x69, 0x58, 0xD2, 0xB0, 0xA2, 0x09, 0x6A, 0x71, 0xE0, 0x3F, 0x37,
    0x87, 0x7A, 0x05, 0x87, 0x8C, 0x9C, 0x86, 0xE4, 0xD6, 0x9D, 0x42, 0x21, 0x0C, 0x38, 0x90, 0x71,
    0x2C, 0x0D, 0x15, 0x0A, 0x33, 0xED, 0x5B, 0xE8, 0x6F, 0x8E, 0x54, 0x80, 0x99, 0xB7, 0xB5, 0x25,
    0x0A, 0xD6, 0xE5, 0xB6, 0x33, 0x24, 0x7C, 0xFA, 0x58, 0x92, 0x8E, 0x99, 0x17, 0x65, 0x48, 0x35,
    0x66, 0xDE, 0x0C, 0x6F, 0x25, 0xCE, 0x65, 0x9D, 0x99, 0x16, 0x8B, 0x43, 0x06, 0xF2, 0x3E, 0xA7,
    0xB4, 0x5E, 0xE5, 0x9F, 0x99, 0x7B, 0xBF, 0x86, 0x3E, 0x43, 0xB0, 0xC2, 0x6A, 0xAC, 0xCD, 0x7E,
    0x32, 0x7A, 0x0B, 0x5C, 0x45, 0xF1, 0xFC, 0x95, 0x84, 0x7F, 0x7F, 0xB2, 0x2A, 0xF1, 0x6D, 0xDA,
    0x4B, 0xA3, 0xF7, 0xC2, 0x27, 0x2B, 0x74, 0x98, 0xD6, 0x41, 0xCA, 0x6F, 0x3D, 0x64, 0x4E, 0x8E,
    0x2D, 0x39, 0x96, 0x65, 0x2B, 0x86, 0xC4, 0x69, 0xF8, 0x64, 0x35, 0xA1, 0xAF, 0xCF, 0xAC, 0xC3,
    0xB3, 0xE0, 0x73, 0xE8, 0x3C, 0xDE, 0x58, 0x87, 0x5C, 0x28, 0x0B, 0xCB, 0xA7, 0xC2, 0x08, 0x47,
    0xB6, 0x07, 0x27, 0x18, 0xED, 0xF5, 0xE0, 0xA8, 0xFB, 0x25, 0x8C, 0x48, 0xE3, 0x23, 0x0D, 0x90,
    0xCD, 0xAA, 0x99, 0xE8, 0xBA, 0xF3, 0xFE, 0xD9, 0xA8, 0xE0, 0x61, 0xA3, 0x42, 0x1C, 0xCB, 0x4D,
    0xE0, 0xFE, 0xAE, 0xDF, 0x14, 0xC8, 0x27, 0x49, 0x15, 0x53, 0x55, 0x1E, 0xC1, 0x57, 0x7E, 0x0E,
    0x90, 0xBD, 0xC2, 0x4F, 0x00, 0xFD, 0x36, 0xCC, 0x89, 0xB2, 0xBA, 0xA9, 0x23, 0x5D, 0x27, 0x3B,
    0xCD, 0x2C, 0x6C, 0xBB, 0x58, 0xA9, 0x9B, 0x4A, 0xCD, 0x95, 0xFE, 0x46, 0x15, 0x7F, 0x21, 0xAE,
    0x62, 0x5B, 0x27, 0x3D, 0xE7, 0xC0, 0x31, 0xC4, 0xFB, 0x02, 0xA7, 0xD7, 0x3C, 0x67, 0xA4, 0x17,
    0x29, 0x28, 0x93, 0x84, 0x44, 0xD4, 0x7D, 0xC4, 0x6D, 0x72, 0x74, 0x15, 0xE8, 0xB9, 0xB7, 0x6F,
    0x7C, 0x77, 0x4D, 0x05, 0x9A, 0xB1, 0x05, 0x88, 0x01, 0x9F, 0x4D, 0x3E, 0x50, 0x91, 0x56, 0x7E,
    0xFB, 0x96, 0x38, 0x38, 0xF8, 0x18, 0x5B, 0x91, 0x61, 0x5B, 0xE6, 0xA1, 0xC8, 0xE6, 0xF2, 0xC0,
    0xEB, 0x48, 0x97, 0xF0, 0x3C, 0xC1, 0xEC, 0x09, 0x88, 0xE7, 0xFA, 0x06, 0xBE, 0x82, 0x03, 0x56,
    0x71, 0xEA, 0xCE, 0xC9, 0x8D, 0x74, 0x89, 0x0E, 0x05, 0xF0, 0x7B, 0x24, 0xCD, 0xA8, 0xF4, 0xE6,
    0x71, 0x8E, 0x9C, 0x91, 0x3A, 0xCA, 0x25, 0x4A, 0x95, 0xD1, 0x56, 0x75, 0x45, 0x52, 0xFF, 0x1C,
    0xF4, 0x6D, 0xB4, 0x79, 0xE0, 0x27, 0xF0, 0x09, 0xB6, 0x27, 0x2B, 0x4C, 0x53, 0x68, 0xB8, 0x41,
    0x5C, 0x31, 0xB4, 0xE4, 0x79, 0x3B, 0xFA, 0xC4, 0x0E, 0x4B, 0x00, 0x2A, 0x20, 0xB0, 0xE2, 0x3D,
    0x1A, 0xF6, 0xAF, 0x00, 0xA5, 0xA6, 0xCB, 0xFD, 0x1B, 0xB9, 0x32, 0xCF, 0x24, 0xF9, 0x18, 0x1D,
    0xFB, 0x65, 0x3A, 0x02, 0x36, 0x26, 0x5D, 0x3D, 0xFC, 0x13, 0xC6, 0xF4, 0x26, 0x52, 0xB0, 0xFC,
    0x08, 0xD8, 0xD0, 0xCB, 0xBB, 0xA1, 0xDC, 0x33, 0x4B, 0xC7, 0x99, 0xA2, 0xF5, 0x6B, 0x43, 0xC8,
    0xE3, 0xC6, 0x70, 0xAA, 0x13, 0x38, 0x60, 0x1E, 0x72, 0x98, 0x5D, 0x6A, 0xBC, 0x55, 0x5F, 0x91,
    0x15, 0x97, 0x27, 0xD2, 0x24, 0xDB, 0x2D, 0x52, 0x03, 0x60, 0x09, 0x8E, 0x8F, 0x86, 0xBC, 0x32,
    0xC3, 0x26, 0xFE, 0xE3, 0x01, 0x4A, 0x06, 0x17, 0xFE, 0xC0, 0xA5, 0x96, 0xEE, 0xA3, 0xA1, 0x7A,
    0x44, 0x9A, 0x63, 0xA6, 0x2B, 0x52, 0x86, 0xCE, 0x69, 0xAD, 0x48, 0xED, 0xB0, 0xDD, 0x3D, 0x89,
    0x63, 0x09, 0x3E, 0xC8, 0x07, 0xBC, 0x3F, 0xAB, 0x71, 0x69, 0x1D, 0x69, 0xEB, 0xBB, 0x41, 0x7A,
    0xCF, 0x4D, 0x2D, 0x85, 0x45, 0x43, 0x40, 0xBC, 0x24, 0x51, 0xE2, 0xED, 0x30, 0x8C, 0xE1, 0x25,
    0x1B, 0xD3, 0xF4, 0x0D, 0xE7, 0x5C, 0x19, 0x16, 0xEB, 0x12, 0xFF, 0x6F, 0x95, 0x38, 0xC7, 0x3C,
    0xF9, 0x22, 0x44, 0x0A, 0xD5, 0x0E, 0x97, 0xFB, 0xCB, 0xDC, 0x04, 0xD3, 0x39, 0x08, 0xD4, 0x12,
    0x96, 0x88, 0x1C, 0xEF, 0x90, 0xD4, 0x55, 0xF7, 0xC5, 0xCD, 0x7F, 0x78, 0x61, 0x1B, 0xF0, 0xD9,
    0x60, 0xF4, 0xE4, 0xF3, 0xD8, 0x30, 0x41, 0xB6, 0x8C, 0xEE, 0xA6, 0xE2, 0x3D, 0x7C, 0xCE, 0xB5,
    0x01, 0x3A, 0xE8, 0xD8, 0xD5, 0xAD, 0x63, 0xD5, 0x24, 0x33, 0xF2, 0x56, 0x8B, 0xE7, 0x35, 0xF3,
    0x12, 0x60, 0x11, 0xEC, 0x07, 0x19, 0x37, 0x01, 0x28, 0xD9, 0x31, 0x36, 0x87, 0xEE, 0x1D, 0x3B,
    0xF2, 0xF0, 0xC3, 0x3A, 0x3C, 0xA8, 0xC2, 0x3E, 0x47, 0x64, 0x62, 0xF8, 0x89, 0x68, 0x18, 0x1B,
    0x50, 0x3C, 0xA0, 0x99, 0xE9, 0x4D, 0x3F, 0xBF, 0x6A, 0xF2, 0x13, 0x33, 0x99, 0xAE, 0xFA, 0xE9,
    0x98, 0x43, 0x80, 0x12, 0xD3, 0xDA, 0xF8, 0x2E, 0x59, 0x36, 0x08, 0xB5, 0x0A, 0x6B, 0x3E, 0x77,
    0x15, 0x73, 0xA5, 0x39, 0xF2, 0x89, 0x39, 0xF2, 0x49, 0x9C, 0x26, 0x45, 0x9A, 0x1C, 0x31, 0xD3,
    0x27, 0xA7, 0xF9, 0x27, 0x7A, 0x78, 0xFB, 0xE4, 0x72, 0x8F, 0x2D, 0xF2, 0xA5, 0xDD, 0x12, 0x05,
    0x2C, 0x13, 0x04, 0x1F, 0xB1, 0x81, 0x7A, 0x60, 0x53, 0x92, 0x09, 0xBC, 0x28, 0x75, 0xCD, 0xD7,
    0x08, 0x52, 0x2F, 0x6C, 0x6F, 0xAB, 0xE4, 0x2B, 0x80, 0xD7, 0xAE, 0xDF, 0xDE, 0x97, 0x6B, 0x04,
    0x39, 0x66, 0x8F, 0x5A, 0x82, 0xB4, 0x41, 0x56, 0xBC, 0x77, 0x61, 0x1B, 0xDC, 0x0E, 0x11, 0x9D,
    0xC6, 0x5B, 0x25, 0xC0, 0x59, 0x9D, 0x92, 0x86, 0x41, 0x2A, 0xF4, 0x74, 0xC8, 0x7F, 0x20, 0xBA,
    0x38, 0xC5, 0x62, 0xBB, 0xEA, 0x4C, 0x09, 0x05, 0xCE, 0x90, 0xB4, 0x3C, 0x01, 0x80, 0xAF, 0x44,
    0x20, 0xB1, 0x4D, 0x3E, 0x6C, 0x79, 0x39, 0xED, 0xC6, 0xCA, 0xD4, 0x06, 0x60, 0x25, 0xD7, 0x7B,
    0xC9, 0x70, 0x14, 0x3B, 0x66, 0x22, 0xBC, 0xA4, 0x63, 0xC6, 0x05, 0x2D, 0x00, 0x67, 0x3B, 0x02,
    0x09, 0xD1, 0x69, 0xD6, 0xCA, 0xA2, 0xA2, 0xC1, 0x78, 0x1F, 0xAC, 0xD9, 0xA0, 0xCA, 0x5A, 0xBF,
    0x7A, 0x1E, 0x04, 0x18, 0x7E, 0x40, 0xEF, 0x96, 0xF5, 0x85, 0x5F, 0x06, 0x26, 0x3B, 0x4E, 0xBF,
    0x64, 0x92, 0x5D, 0xFC, 0x3D, 0x0B, 0x34, 0xC3, 0x07, 0xBF, 0xB9, 0xD3, 0xB8, 0xD5, 0xB2, 0xCE,
    0x33, 0x3D, 0x87, 0xB7, 0xBE, 0x31, 0x52, 0x6F, 0x90, 0x67, 0x1F, 0x68, 0xFF, 0xAC, 0x71, 0x9C,
    0x63, 0x1F, 0xC7, 0xF3, 0x70, 0xEE, 0x14, 0x75, 0xAC, 0xD3, 0x62, 0x2E, 0x33, 0x43, 0x86, 0xE2,
    0x43, 0x29, 0x74, 0x3A, 0x29, 0x46, 0x7F, 0xCC, 0xF2, 0x80, 0x00, 0x29, 0xAF, 0x4F, 0x8F, 0x39,
    0x69, 0xC2, 0xE2, 0xB1, 0x00, 0x05, 0xAA, 0xE4, 0xB1, 0x05, 0xFC, 0xF7, 0xB1, 0x21, 0xDF, 0x33,
    0x72, 0xE1, 0xE7, 0xBF, 0x39, 0xDD, 0x8D, 0xF4, 0x67, 0x85, 0x68, 0x03, 0xC6, 0xFA, 0xA5, 0xC7,
    0xBA, 0x8E, 0x92, 0x30, 0x9A, 0x22, 0xBB, 0xBF, 0xAC, 0x24, 0x7C, 0x8A, 0x52, 0x03, 0x3B, 0xEC,
    0xF5, 0x45, 0xE9, 0x81, 0xB1, 0x79, 0xA0, 0x0F, 0x28, 0xFF, 0x4E, 0xED, 0xFF, 0x01, 0x75, 0x51,
    0x01, 0x64, 0x24, 0x57, 0x18, 0xFE, 0x66, 0x27, 0xB9, 0x91, 0x9D, 0xD5, 0x09, 0x0D, 0xAA, 0x56,
    0xDE, 0xE2, 0x90, 0x56, 0xEE, 0xE6, 0x85, 0xC1, 0xD1, 0xDD, 0xBC, 0xE7, 0xA0, 0x28, 0xBA, 0xA5,
    0x0B, 0x84, 0x03, 0x00, 0x5C, 0x14, 0x04, 0xDD, 0x9D, 0xA1, 0x28, 0x40, 0x00, 0x28, 0x1C, 0x0D,
    0x38, 0x2A, 0x39, 0x8A, 0xA8, 0xDD, 0xE4, 0xE7, 0x10, 0x0A, 0x06, 0x08, 0x0A, 0x4B, 0x01, 0x94,
    0x47, 0xA7, 0x3A, 0x72, 0xB3, 0xF3, 0xF7, 0x9F, 0xEC, 0x65, 0x1B, 0xE1, 0xBE, 0xEF, 0xCD, 0xDB,
    0xF7, 0xFF, 0xDF, 0xFF, 0xD6, 0xFB, 0xFE, 0xFF, 0x53, 0xAB, 0xC8, 0x77, 0x28, 0x5B, 0xAF, 0xA2,
    0x79, 0x6C, 0xBF, 0x87, 0x77, 0x82, 0xA0, 0x42, 0x74, 0x89, 0x41, 0x48, 0xEB, 0xD6, 0xAA, 0x77,
    0x64, 0x38, 0x4B, 0x26, 0x18, 0x7D, 0xCB, 0x15, 0x57, 0xA3, 0x91, 0x65, 0x26, 0x59, 0xC3, 0xF5,
    0x9B, 0xD3, 0x74, 0xA1, 0x8A, 0x69, 0x35, 0xDD, 0x1A, 0x2E, 0xAA, 0x69, 0x79, 0x0E, 0x46, 0x04,
    0x85, 0x3E, 0x1E, 0xC3, 0x80, 0xE9, 0x6F, 0x61, 0x6A, 0x81, 0xF0, 0x8F, 0x5C, 0xBD, 0xB0, 0x7D,
    0x49, 0x7B, 0xC7, 0xF1, 0xD7, 0x14, 0x32, 0xFC, 0x05, 0xDC, 0x3D, 0xCC, 0x66, 0x88, 0x63, 0x84,
    0x3F, 0x66, 0x18, 0xFA, 0xEE, 0xBB, 0x7F, 0x8F, 0x22, 0xB3, 0x08, 0x0B, 0x6F, 0x18, 0x57, 0x69,
    0x5D, 0x44, 0xC3, 0x75, 0x85, 0x7D, 0x8C, 0x31, 0x43, 0x05, 0x83, 0x89, 0x9C, 0xA6, 0x28, 0x50,
    0x49, 0x3C, 0x90, 0xBC, 0xBA, 0x97, 0xFB, 0x1C, 0x31, 0x05, 0x73, 0xAF, 0x78, 0x74, 0x1C, 0x91,
    0xC1, 0x39, 0xFC, 0x34, 0xF0, 0x35, 0x8C, 0xD5, 0xD0, 0x60, 0xF2, 0x08, 0x4B, 0x22, 0xA2, 0x48,
    0xDE, 0x55, 0xE3, 0x18, 0xBB, 0x95, 0xAB, 0x76, 0xD7, 0x3A, 0x1D, 0x06, 0x77, 0x3B, 0xE8, 0xC8,
    0xC6, 0x68, 0x5B, 0xD1, 0x85, 0xA7, 0x19, 0x4B, 0xCD, 0x09, 0xAA, 0x5B, 0xD6, 0xF6, 0x32, 0x8B,
    0xED, 0xCA, 0xEA, 0x7D, 0x7B, 0x66, 0x70, 0xFE, 0x11, 0x54, 0xE6, 0x53, 0x2A, 0x61, 0xF7, 0xC8,
    0xDD, 0xB0, 0x71, 0x02, 0xC3, 0x3A, 0xD0, 0x7E, 0xAF, 0xF5, 0x7C, 0xED, 0xEA, 0x60, 0x52, 0x34,
    0xD6, 0xBF, 0x5A, 0x5A, 0xBF, 0xEB, 0xEF, 0x29, 0xF6, 0xC3, 0x55, 0x13, 0xC5, 0x6D, 0xB9, 0x74,
    0xEB, 0xDD, 0x75, 0xFC, 0xD9, 0x5D, 0xC7, 0x99, 0x1D, 0x00, 0x66, 0x02, 0xB0, 0x3A, 0x48, 0x59,
    0xF4, 0x8E, 0x62, 0xA6, 0x67, 0x2F, 0xB1, 0x1A, 0xC9, 0x68, 0x24, 0x37, 0x98, 0xAB, 0xE6, 0xC3,
    0x27, 0x98, 0x05, 0xA5, 0xC9, 0x27, 0xE8, 0x01, 0x5E, 0x06, 0x9F, 0x10, 0x64, 0x88, 0xD0, 0xAC,
    0x27, 0x40, 0x1F, 0x38, 0x02, 0x7E, 0x05, 0x1C, 0xBC, 0xB9, 0x88, 0xCD, 0x0A, 0x6D, 0x23, 0x6E,
    0x03, 0x83, 0x5B, 0x7D, 0x5E, 0xF6, 0xCB, 0xF9, 0xA6, 0xA7, 0x7D, 0xED, 0x1B, 0x06, 0x0C, 0x93,
    0xF6, 0x48, 0x83, 0xE4, 0x00, 0x60, 0x52, 0x5D, 0x7F, 0xF9, 0xDC, 0xDB, 0xB4, 0x86, 0x22, 0x18,
    0xDA, 0xB4, 0xBB, 0x3A, 0xE9, 0x76, 0x93, 0x07, 0xAF, 0x94, 0x91, 0x64, 0x61, 0xEE, 0x39, 0xEF,
    0x24, 0x70, 0x2A, 0xDB, 0xC7, 0x9D, 0xB9, 0xE6, 0xD5, 0x5B, 0x48, 0x11, 0x61, 0x1B, 0x00, 0x2E,
    0x30, 0xAD, 0x4A, 0xE1, 0x96, 0x1B, 0x3A, 0xB7, 0x18, 0x1B, 0x76, 0x1A, 0x87, 0x1A, 0xBA, 0x87,
    0xDE, 0x83, 0x3F, 0x74, 0xEF, 0x71, 0x19, 0xF8, 0x2D, 0xD8, 0xA7, 0xBF, 0xA7, 0xF5, 0xCF, 0xE5,
    0x23, 0x60, 0x08, 0xDF, 0xA1, 0xE5, 0x10, 0xFF, 0x90, 0xA5, 0x6C, 0x7F, 0xAB, 0xFF, 0xCF, 0x6C,
    0x6F, 0x98, 0xBF, 0xDE, 0x94, 0xB2, 0x2F, 0xDE, 0x94, 0x40, 0x47, 0xA7, 0x8B, 0x6E, 0x02, 0xAC,
    0xE1, 0x89, 0xB0, 0x23, 0xCC, 0xC7, 0xE3, 0x7C, 0xA7, 0x74, 0xE5, 0x4E, 0x58, 0x98, 0xFA, 0xE8,
    0xC5, 0xC7, 0xFF, 0xC8, 0x9D, 0xD7, 0x83, 0x8B, 0x6F, 0x36, 0xCA, 0x72, 0xA3, 0xD1, 0xF2, 0x9D,
    0x71, 0x7F, 0xFC, 0x4B, 0x7E, 0x75, 0xDB, 0x0C, 0x99, 0x7F, 0x1B, 0x86, 0x94, 0x8D, 0x33, 0x60,
    0x5C, 0x5C, 0x1F, 0xBC, 0xED, 0x5C, 0x1F, 0x8C, 0x8B, 0xCD, 0x57, 0xDC, 0x5E, 0x7B, 0xDC, 0x74,
    0x39, 0xB6, 0x50, 0x59, 0x74, 0xF3, 0x9A, 0xD1, 0x62, 0x2E, 0x81, 0x98, 0x33, 0x7C, 0x50, 0xE0,
    0xA5, 0xA5, 0xD5, 0xAF, 0x37, 0x02, 0x6C, 0xC4, 0xF5, 0x4F, 0x64, 0x98, 0x65, 0xFE, 0xDE, 0xCB,
    0x05, 0xB0, 0x2E, 0x49, 0x5C, 0xF2, 0x1C, 0x01, 0x73, 0x0D, 0x95, 0x23, 0xB5, 0x03, 0x20, 0x20,
    0xBC, 0xC7, 0x0E, 0xB8, 0x11, 0x58, 0xB0, 0x0C, 0x6F, 0xD1, 0x46, 0x9B, 0x0C, 0xED, 0xD1, 0x53,
    0x02, 0x26, 0xF8, 0xD3, 0xB2, 0x9D, 0xC3, 0xE0, 0x10, 0xBA, 0x81, 0xA2, 0xE4, 0x4C, 0xEB, 0xE4,
    0x4C, 0x11, 0xA0, 0xA9, 0x61, 0x53, 0xA8, 0x6C, 0x02, 0x8D, 0x04, 0xCA, 0x42, 0x43, 0xAB, 0xB3,
    0xE4, 0x50, 0x6A, 0x0E, 0xD5, 0x99, 0x04, 0x30, 0xD9, 0x1E, 0x2D, 0x2B, 0xCD, 0xC5, 0xDE, 0x95,
    0x7E, 0xDB, 0xF0, 0x8B, 0x44, 0x0B, 0x66, 0xF2, 0x0D, 0xD0, 0x1B, 0x26, 0xF9, 0x67, 0x14, 0x65,
    0x21, 0x92, 0x5C, 0x6C, 0x22, 0xA6, 0x24, 0xFF, 0x0F, 0xAD, 0x57, 0x4D, 0x8C, 0xDD, 0xD6, 0x75,
    0xBE, 0x24, 0xAD, 0x21, 0x22, 0xA6, 0xA1, 0x37, 0x46, 0x1A, 0x2B, 0x0D, 0xB3, 0xE8, 0x22, 0x49,
    0x53, 0xD1, 0x48, 0x0A, 0x34, 0x3F, 0xD2, 0x5C, 0xBA, 0x5A, 0x78, 0xD1, 0x85, 0x66, 0xA1, 0xB1,
    0x16, 0xB3, 0x90, 0x17, 0x45, 0x51, 0xC0, 0x28, 0xDE, 0xA6, 0x40, 0x1B, 0xC0, 0x12, 0x89, 0x78,
    0x91, 0x85, 0x17, 0x99, 0x02, 0x16, 0x52, 0x54, 0x0B, 0x1B, 0x28, 0x50, 0x24, 0x76, 0xD1, 0x31,
    0x02, 0x03, 0x75, 0xD2, 0x99, 0x47, 0x3A, 0x5A, 0x78, 0xA1, 0x85, 0x98, 0xB8, 0x6A, 0x17, 0x5E,
    0x98, 0xB6, 0x25, 0xB7, 0xA9, 0x81, 0xEA, 0xC6, 0xA6, 0x22, 0x8E, 0x74, 0xC9, 0xDB, 0xEF, 0xBB,
    0x97, 0xEF, 0xCD, 0x9B, 0xA7, 0x19, 0x55, 0xB6, 0x3B, 0xEF, 0x9E, 0x33, 0xEF, 0x91, 0xF7, 0xF7,
    0xDC, 0x73, 0xBE, 0xF3, 0x1D, 0x59, 0x88, 0xB8, 0x16, 0xBE, 0x12, 0xE2, 0x29, 0x81, 0x3F, 0x63,
    0x2A, 0xB4, 0x61, 0x3D, 0xD3, 0x42, 0xA0, 0x0D, 0xEB, 0x78, 0x52, 0xA0, 0xB9, 0x9F, 0xB3, 0x87,
    0x99, 0xEB, 0x76, 0xFC, 0xB8, 0x90, 0x52, 0x40, 0xBB, 0xBF, 0x8F, 0x35, 0xD6, 0x18, 0x2D, 0x28,
    0x4F, 0xF6, 0x67, 0xEC, 0x0B, 0x2B, 0xC3, 0x60, 0x67, 0x11, 0xC3, 0xA4, 0x11, 0x3A, 0x54, 0x42,
    0x07, 0x0B, 0x72, 0x0E, 0x52, 0xD6, 0x90, 0x4C, 0xA4, 0x85, 0xB8, 0x20, 0x44, 0x27, 0xC4, 0xE6,
    0x01, 0xEB, 0xDE, 0xBF, 0x89, 0xF2, 0x7A, 0x64, 0xFA, 0x64, 0x77, 0x5B, 0x66, 0x62, 0xCA, 0xFD,
    0xAC, 0x19, 0xA3, 0xD0, 0x7A, 0x21, 0xD0, 0x4A, 0x21, 0x64, 0x21, 0xD2, 0xDD, 0xED, 0xC8, 0x68,
    0x8F, 0x3D, 0x0B, 0x69, 0x9A, 0xF2, 0x52, 0xED, 0xDE, 0x9A, 0x42, 0xC8, 0x4E, 0x24, 0x26, 0xF3,
    0x4C, 0x2D, 0x12, 0x25, 0x42, 0x95, 0x85, 0xEA, 0xCE, 0xA4, 0xC1, 0xEA, 0x93, 0x5E, 0xE8, 0xFD,
    0x7F, 0x3F, 0x53, 0x46, 0xED, 0x28, 0xEE, 0x2F, 0xAE, 0xEE, 0xF7, 0xC1, 0xA6, 0xEE, 0xFB, 0xF1,
    0xF4, 0x46, 0x57, 0xAA, 0xBC, 0x08, 0x68, 0x18, 0x31, 0xEA, 0xDD, 0x09, 0xB5, 0x8A, 0x17, 0x35,
    0xF6, 0x44, 0xAD, 0xA9, 0xFF, 0x7D, 0xB0, 0xCF, 0x73, 0x6C, 0x31, 0xAE, 0xE4, 0xA8, 0x23, 0xFB,
    0x64, 0xAB, 0xE1, 0x5B, 0x53, 0xB1, 0xA7, 0x11, 0x1C, 0xA5, 0x85, 0x14, 0x07, 0xAA, 0x61, 0xBD,
    0xE4, 0x1D, 0x1A, 0x53, 0x53, 0xB5, 0x78, 0xE6, 0x6B, 0xBE, 0x98, 0x2B, 0x8F, 0x6A, 0xAB, 0x83,
    0x32, 0x8A, 0xAA, 0x38, 0xF0, 0x56, 0xF5, 0x19, 0xDE, 0x51, 0x01, 0x69, 0x44, 0x1F, 0x2D, 0xDD,
    0xEA, 0x82, 0x24, 0x38, 0x07, 0x56, 0x15, 0xDB, 0x90, 0x35, 0xE7, 0x52, 0x1A, 0x77, 0x04, 0x0B,
    0xB8, 0x2E, 0xF0, 0x53, 0x8D, 0x9B, 0x37, 0xB8, 0x24, 0xC3, 0xDB, 0x30, 0x78, 0x8F, 0x5B, 0xD4,
    0x18, 0xA7, 0x63, 0x38, 0x4C, 0xD0, 0x0A, 0xED, 0xD3, 0x66, 0x03, 0x24, 0x17, 0x3E, 0xD7, 0xCE,
    0x21, 0x49, 0x26, 0xC4, 0x4A, 0x36, 0xCE, 0x97, 0x57, 0xD8, 0x61, 0xA5, 0x3D, 0x48, 0x00, 0x09,
    0xDF, 0xAE, 0x74, 0x7C, 0xB5, 0xD2, 0xC9, 0xE9, 0x4A, 0xCB, 0xB8, 0xD2, 0xE7, 0x21, 0x3A, 0xAE,
    0xFA, 0x36, 0xAE, 0x0C, 0xCC, 0x65, 0x6A, 0x08, 0x2E, 0xC9, 0x64, 0x30, 0xF2, 0x8B, 0x5F, 0x80,
    0xCF, 0xAD, 0x62, 0x61, 0x4C, 0x9C, 0x36, 0x62, 0xF6, 0x27, 0xE1, 0x04, 0x49, 0x15, 0xD5, 0x31,
    0xFA, 0x46, 0x4D, 0x52, 0x04, 0x4A, 0x0A, 0xBF, 0x45, 0x3F, 0xBD, 0x23, 0xC4, 0x0E, 0xFA, 0xCA,
    0x16, 0xFD, 0xE1, 0x09, 0x09, 0xC6, 0xA4, 0x15, 0x4C, 0x8E, 0x90, 0x83, 0xA3, 0xC7, 0x2D, 0xF7,
    0x93, 0x54, 0x1F, 0x47, 0xCC, 0x4B, 0x25, 0x7C, 0xDD, 0x58, 0xB1, 0xB6, 0x9A, 0x4B, 0x8D, 0xB3,
    0x62, 0xFE, 0x12, 0xEB, 0xF4, 0xAD, 0xF0, 0xBA, 0x0E, 0x7B, 0xA0, 0x2B, 0x9C, 0x17, 0x61, 0x83,
    0xAB, 0x37, 0xBC, 0x6A, 0x93, 0x25, 0x18, 0x27, 0x33, 0xEB, 0x0C, 0x0D, 0x9D, 0x83, 0x6E, 0xE2,
    0xFC, 0x1F, 0x81, 0x30, 0x46, 0xE8, 0x19, 0x61, 0x2F, 0x5C, 0xE9, 0xB0, 0xD3, 0xBC, 0x60, 0x0D,
    0xA3, 0x0E, 0x1B, 0x2D, 0x6E, 0xCF, 0x0C, 0x99, 0x8D, 0x68, 0x35, 0x6C, 0xE8, 0xD9, 0xAB, 0x8E,
    0xCF, 0x4D, 0x8D, 0x0E, 0xE3, 0x13, 0x0F, 0x9D, 0x3B, 0x3B, 0x67, 0xF6, 0xB1, 0x02, 0x13, 0x9E,
    0xAD, 0xAC, 0xDC, 0xDA, 0x50, 0xC1, 0x61, 0x9F, 0x26, 0x50, 0x61, 0x1D, 0xA8, 0xA8, 0x0A, 0xD4,
    0xE4, 0xDA, 0xC6, 0x2D, 0x33, 0xFE, 0xD1, 0xC8, 0x33, 0xF9, 0xB1, 0x10, 0x5F, 0xFB, 0x58, 0x48,
    0x24, 0x33, 0x09, 0x37, 0x49, 0x60, 0x93, 0x1E, 0x56, 0x91, 0x7E, 0x27, 0x82, 0x56, 0x02, 0x7C,
    0x04, 0x1D, 0x02, 0x16, 0x2D, 0x0D, 0x7C, 0x47, 0xD2, 0xDB, 0x44, 0x6E, 0xF8, 0x7D, 0x90, 0xB8,
    0x45, 0x1F, 0x6F, 0x9B, 0xB1, 0x67, 0xA4, 0x64, 0xD0, 0x71, 0x06, 0xAF, 0x07, 0x7C, 0x48, 0xA0,
    0x48, 0x89, 0x4B, 0x91, 0x99, 0x85, 0x8F, 0xF6, 0x4B, 0x97, 0xC6, 0x35, 0xBD, 0x8D, 0x36, 0x30,
    0x88, 0x63, 0x00, 0x47, 0x37, 0xEE, 0xC2, 0xD3, 0xAB, 0x1B, 0x1D, 0x82, 0xE7, 0x98, 0xC9, 0x3E,
    0x8D, 0x6B, 0x46, 0x15, 0x36, 0x8D, 0x79, 0x45, 0xB9, 0x39, 0x77, 0xCB, 0x4F, 0x33, 0x9F, 0x86,
    0x29, 0x70, 0xB5, 0x07, 0x87, 0xDD, 0xB0, 0x14, 0x76, 0xC4, 0x69, 0x1B, 0x76, 0x18, 0x83, 0x83,
    0x13, 0xA1, 0xAC, 0xEC, 0x9E, 0xAB, 0x88, 0x41, 0x87, 0x09, 0x31, 0x89, 0x88, 0x34, 0x19, 0xD7,
    0x1D, 0x04, 0xFF, 0xFB, 0x6E, 0x74, 0x1D, 0xC2, 0xAD, 0x22, 0x33, 0xA8, 0xB8, 0xEC, 0x55, 0x9C,
    0xEB, 0x2E, 0x91, 0x7A, 0xFB, 0xA4, 0xD4, 0xCF, 0x9C, 0x90, 0xFA, 0xE4, 0x33, 0x52, 0xAF, 0xBE,
    0x26, 0x75, 0xD2, 0x4A, 0x1D, 0x2B, 0x48, 0x23, 0x75, 0x54, 0x4B, 0x8B, 0x49, 0x4B, 0x32, 0xAC,
    0xE7, 0xC4, 0x2F, 0x2B, 0x07, 0xBD, 0x9F, 0x09, 0x92, 0x02, 0x42, 0x64, 0x00, 0xF0, 0x97, 0x85,
    0xCC, 0x92, 0x6A, 0x0A, 0x47, 0xE8, 0x11, 0x1E, 0x0C, 0xA0, 0x99, 0xF0, 0x37, 0x9F, 0xF3, 0x3D,
    0xFB, 0xB1, 0x3F, 0xC7, 0xCD, 0xE6, 0xE7, 0x5A, 0xF7, 0x5B, 0xE3, 0x20, 0xC1, 0x14, 0xF4, 0xD3,
    0x09, 0x62, 0x4D, 0xC1, 0xD6, 0x6C, 0x91, 0xB2, 0xD1, 0x97, 0x0D, 0x6B, 0xF7, 0x66, 0xAE, 0x76,
    0xCC, 0x5C, 0x05, 0xF3, 0x54, 0xBF, 0xF0, 0x6A, 0xCC, 0x5C, 0x48, 0x8C, 0xBB, 0xFF, 0xE4, 0x32,
    0x17, 0x62, 0x02, 0x6D, 0x1D, 0xC1, 0xFC, 0x00, 0xB1, 0xF7, 0x69, 0x10, 0x0C, 0x96, 0x11, 0xC2,
    0x2B, 0xCD, 0x26, 0xF1, 0x05, 0x53, 0x7D, 0xF0, 0x5B, 0x23, 0x4A, 0x4C, 0x90, 0xF5, 0x81, 0x4A,
    0x0B, 0x9C, 0x08, 0xC0, 0x45, 0x65, 0x7F, 0xDA, 0x17, 0xB6, 0x8B, 0xED, 0x6C, 0x87, 0xD9, 0x09,
    0xAC, 0x02, 0x30, 0x35, 0x49, 0x95, 0x54, 0xB8, 0xD0, 0x2C, 0x80, 0xAD, 0x99, 0x6C, 0x84, 0xC1,
    0x1A, 0xB9, 0x72, 0x00, 0x47, 0x70, 0x33, 0x0C, 0x4F, 0xDE, 0x45, 0x09, 0x7F, 0x91, 0x45, 0x5A,
    0x24, 0x75, 0x8E, 0x00, 0xFC, 0xD8, 0x96, 0x7F, 0xA9, 0x04, 0x6C, 0x11, 0xA5, 0x18, 0x36, 0xC1,
    0x82, 0x78, 0xC0, 0x41, 0xB9, 0xD8, 0x10, 0xD3, 0x38, 0x12, 0x42, 0x3F, 0x35, 0xC6, 0xFF, 0x49,
    0x6E, 0xF1, 0x76, 0xAF, 0xD9, 0x0C, 0xFD, 0x09, 0x95, 0x85, 0xAE, 0x3D, 0x35, 0xA6, 0xB9, 0x4F,
    0xAD, 0xCD, 0xCB, 0xC3, 0xCB, 0x83, 0xCD, 0xDB, 0x66, 0xD4, 0x62, 0xCC, 0x12, 0xFB, 0xF5, 0x23,
    0xA2, 0x84, 0x81, 0x29, 0x8F, 0xCC, 0x53, 0x35, 0xE9, 0xD4, 0x90, 0xD9, 0x54, 0x3D, 0x4C, 0x66,
    0xF9, 0x74, 0xFC, 0xE0, 0x3B, 0x9F, 0xF1, 0x1D, 0xFA, 0xD0, 0x73, 0x96, 0x05, 0xFE, 0x8C, 0xA3,
    0x54, 0x1A, 0xFC, 0x4D, 0xD3, 0xA5, 0xE9, 0xD0, 0x56, 0x70, 0x41, 0xA6, 0x6C, 0xEC, 0x3B, 0xF6,
    0x59, 0xF2, 0x40, 0x9B, 0x57, 0x9A, 0xE1, 0xE9, 0x56, 0xFB, 0x63, 0x0A, 0xC1, 0x17, 0x53, 0x8E,
    0x29, 0xE7, 0x18, 0xF6, 0x03, 0x88, 0x14, 0xC7, 0x89, 0xA3, 0x74, 0x75, 0xA0, 0xB5, 0xB7, 0x5E,
    0x0A, 0x40, 0x84, 0x95, 0xBD, 0x24, 0x58, 0xDA, 0xF7, 0xAB, 0x4F, 0x5B, 0x3E, 0x22, 0x38, 0x4E,
    0x0B, 0x7B, 0x08, 0x86, 0x7F, 0xB4, 0x5B, 0x02, 0xFF, 0xE0, 0xE3, 0x00, 0x33, 0x24, 0xBE, 0x3C,
    0x63, 0xE6, 0x9B, 0x29, 0x9D, 0xCE, 0x55, 0x82, 0xB7, 0xAE, 0x5F, 0xC8, 0x11, 0x76, 0x2C, 0x67,
    0x11, 0x13, 0x87, 0x6B, 0x11, 0xB8, 0x17, 0x03, 0xC5, 0x7E, 0xF0, 0x3F, 0xC4, 0x6F, 0xA2, 0x16,
    0x92, 0x03, 0x88, 0x6B, 0x5C, 0xF9, 0xC0, 0xD4, 0x00, 0x98, 0x1A, 0x03, 0xDB, 0xE0, 0xCB, 0xF0,
    0xD1, 0xB8, 0xC2, 0x56, 0xA4, 0xA9, 0xBF, 0x06, 0x06, 0x8B, 0xDC, 0x65, 0x14, 0x76, 0x57, 0xFE,
    0x48, 0x21, 0x22, 0x60, 0x23, 0x33, 0x51, 0xF9, 0xA0, 0x92, 0x46, 0x89, 0x95, 0x57, 0x3C, 0xE0,
    0xB0, 0x51, 0xE9, 0x0D, 0x1E, 0x66, 0xE7, 0x11, 0xB1, 0x43, 0x20, 0x68, 0xCD, 0x29, 0xDD, 0xBB,
    0xCC, 0xCA, 0x70, 0xD4, 0x17, 0x3C, 0x2D, 0x2F, 0xB5, 0x89, 0x69, 0x7C, 0x1A, 0xCD, 0xDA, 0xED,
    0x1C, 0x81, 0x63, 0x38, 0xD7, 0xD8, 0x9F, 0x35, 0x6D, 0x8D, 0x9F, 0x13, 0x8B, 0x23, 0xCE, 0x0D,
    0x86, 0xF5, 0x7B, 0x79, 0x25, 0xE9, 0x9F, 0x95, 0x6B, 0x90, 0x6A, 0xBF, 0x90, 0x6B, 0x20, 0x76,
    0x45, 0x7E, 0x91, 0x6B, 0x38, 0xB6, 0x31, 0x7B, 0xFB, 0x63, 0x71, 0xB4, 0xF0, 0x49, 0x24, 0x1A,
    0x6C, 0x63, 0xEA, 0x75, 0xC3, 0x93, 0xDA, 0x61, 0x0D, 0x2E, 0x07, 0x7C, 0x5A, 0xBE, 0xFF, 0x6A,
    0x62, 0x5A, 0xDF, 0x6C, 0xCA, 0x4C, 0x13, 0xE1, 0x35, 0x11, 0x05, 0x16, 0x0F, 0x5A, 0x8D, 0x43,
    0xF5, 0x03, 0x91, 0x0A, 0x21, 0x6C, 0x49, 0x22, 0x2E, 0x7B, 0x4A, 0x90, 0x65, 0xDC, 0x23, 0x9B,
    0xA4, 0xE8, 0xDC, 0xE4, 0x19, 0x68, 0x1C, 0xB2, 0x21, 0x68, 0xF7, 0x97, 0x36, 0x68, 0x2E, 0x6F,
    0xD2, 0x84, 0x26, 0x0B, 0x41, 0x53, 0x43, 0xFE, 0xFC, 0xCE, 0x04, 0xD6, 0xAB, 0x53, 0xB8, 0x5F,
    0x00, 0x0F, 0x43, 0xFE, 0xD2, 0x3A, 0xD1, 0x7A, 0x55, 0xEB, 0x67, 0xB4, 0x6E, 0xF5, 0x00, 0x37,
    0xAB, 0x35, 0x9D, 0x2C, 0xD3, 0xB8, 0xB6, 0x47, 0xFD, 0xCD, 0xE4, 0xB9, 0x3A, 0x36, 0x15, 0x66,
    0x10, 0x40, 0xC2, 0x07, 0x18, 0x82, 0xAC, 0x47, 0xC7, 0xC5, 0xC6, 0x61, 0x80, 0x9C, 0x09, 0x0F,
    0x6D, 0x28, 0x91, 0xF1, 0x0A, 0x4D, 0x97, 0x80, 0x6D, 0x91, 0x4C, 0x0D, 0xDB, 0x2E, 0xD1, 0x6C,
    0xB1, 0x85, 0x4A, 0x4E, 0x1A, 0x59, 0xD6, 0x32, 0xC7, 0xF6, 0xAB, 0x44, 0x99, 0x2A, 0x55, 0xA6,
    0x96, 0xCA, 0x34, 0xB9, 0xEA, 0xD5, 0xBF, 0x2A, 0xDD, 0x7E, 0xA4, 0xF4, 0xCF, 0x20, 0x17, 0xDE,
    0xC3, 0xA1, 0xDF, 0x84, 0xBF, 0x5D, 0x86, 0xBB, 0x3D, 0x8B, 0xD5, 0x4E, 0xCD, 0xD0, 0x7F, 0xD6,
    0x46, 0x4E, 0x76, 0x76, 0xDF, 0x43, 0xDC, 0xF8, 0xCC, 0xEC, 0xBA, 0x17, 0xA3, 0x4B, 0xE0, 0xCB,
    0x74, 0x9F, 0x4B, 0x1C, 0x30, 0x70, 0xA9, 0x75, 0x65, 0xC1, 0xC8, 0xBA, 0xD4, 0x0E, 0x7E, 0x37,
    0x77, 0x2D, 0x7C, 0xC1, 0x4F, 0x3C, 0xC4, 0x2B, 0x94, 0x58, 0x4B, 0x11, 0xEA, 0x9B, 0x22, 0x01,
    0x53, 0x7A, 0xBF, 0x58, 0x4C, 0x3C, 0x63, 0xD6, 0x79, 0xBF, 0xC2, 0xAB, 0x15, 0xCB, 0x0B, 0xD1,
    0x9E, 0xEC, 0xD7, 0xEE, 0x93, 0x69, 0x72, 0xF2, 0x22, 0xE8, 0xB4, 0xD8, 0xB1, 0x5E, 0x16, 0xBF,
    0xDE, 0x89, 0xE8, 0xDD, 0x56, 0x04, 0x1F, 0x29, 0xE1, 0xDF, 0x6E, 0x84, 0xC7, 0xEA, 0x86, 0x52,
    0x66, 0x2E, 0xA4, 0x73, 0x17, 0xF2, 0xDF, 0x65, 0x12, 0x52, 0xB6, 0x38, 0x13, 0x70, 0x40, 0xD6,
    0x54, 0xFB, 0xC4, 0x2B, 0x07, 0xA6, 0x94, 0x5A, 0xDE, 0xBC, 0xA9, 0xCA, 0xF8, 0x17, 0x5D, 0xEF,
    0xB8, 0x8D, 0x15, 0x7E, 0xE7, 0x33, 0xBE, 0x63, 0x1F, 0xAF, 0xEC, 0xEF, 0x19, 0x4F, 0x91, 0xD9,
    0x54, 0xA4, 0xAF, 0x63, 0x4F, 0x6F, 0xB6, 0x22, 0xBC, 0x8B, 0xFD, 0xD8, 0xBD, 0x14, 0x56, 0x02,
    0xFA, 0xDF, 0x6D, 0x25, 0xE2, 0x5F, 0x75, 0xD8, 0x7B, 0x8F, 0x6D, 0x95, 0xE2, 0x3E, 0x16, 0x1E,
    0x5E, 0xBE, 0x63, 0x46, 0xE4, 0x9D, 0x67, 0x8A, 0x47, 0x16, 0x3B, 0x20, 0xF6, 0xCD, 0xCB, 0x2A,
    0x37, 0x2A, 0xB9, 0x4B, 0xAF, 0x9E, 0xB7, 0xBD, 0x7C, 0xF9, 0x00, 0x6A, 0xD8, 0xB8, 0x35, 0x61,
    0x6C, 0x1A, 0xA7, 0x34, 0xD3, 0xF6, 0x83, 0x2A, 0x8C, 0xCD, 0x37, 0xCD, 0x98, 0x01, 0xCD, 0x2C,
    0x03, 0x3B, 0xE5, 0xBF, 0xC8, 0x07, 0x94, 0xB3, 0xB3, 0xBC, 0xC8, 0xAC, 0x8B, 0xD3, 0xC0, 0xE7,
    0x2B, 0xAE, 0x6C, 0x05, 0x1C, 0xC8, 0x3E, 0xC3, 0xBB, 0x45, 0x9E, 0x44, 0x31, 0x03, 0x5D, 0xF8,
    0x32, 0x50, 0x08, 0xDE, 0x1E, 0x3A, 0x19, 0x26, 0xEF, 0xD9, 0x67, 0x7C, 0xB7, 0x1F, 0xFC, 0x17,
    0x38, 0x10, 0x80, 0x79, 0xD2, 0xF0, 0x40, 0x83, 0x38, 0xB6, 0xCB, 0x82, 0xF2, 0xD1, 0x49, 0x8D,
    0xEC, 0xEE, 0x6D, 0xA8, 0xD0, 0xB0, 0x71, 0x37, 0x91, 0xFA, 0x76, 0x5E, 0xE3, 0x55, 0xBA, 0x8B,
    0x1C, 0x8A, 0xA8, 0x8D, 0xE0, 0xB0, 0xC9, 0x07, 0xC0, 0x97, 0xC7, 0xF5, 0x90, 0x33, 0xFF, 0x38,
    0xD1, 0x2C, 0x51, 0xF1, 0xCC, 0xBE, 0x63, 0x1F, 0xF4, 0xF5, 0x8D, 0x4E, 0x8C, 0x96, 0xEF, 0x03,
    0x72, 0xD8, 0xD2, 0xF7, 0x35, 0x20, 0x30, 0x30, 0x84, 0x4C, 0x04, 0x37, 0x42, 0xBC, 0xB4, 0x94,
    0x16, 0x85, 0x24, 0x8B, 0xD0, 0x2F, 0x30, 0x49, 0x3E, 0x08, 0xD6, 0xC5, 0xCF, 0x55, 0x20, 0xD6,
    0x9E, 0x77, 0xFF, 0xCE, 0xAF, 0x24, 0x46, 0xA1, 0x33, 0xBC, 0x17, 0xCE, 0x66, 0x53, 0xB3, 0x98,
    0x5C, 0x43, 0x04, 0xAC, 0xC5, 0x6F, 0x63, 0x1B, 0x43, 0x0C, 0xC7, 0xAD, 0x73, 0xE4, 0x8B, 0x7B,
    0x9B, 0xF5, 0x9F, 0x5C, 0x1C, 0x85, 0x8F, 0x6B, 0x92, 0xAE, 0xAF, 0x8A, 0xDE, 0x6F, 0x83, 0x5A,
    0x1C, 0x0A, 0xEE, 0x8B, 0xE1, 0xCA, 0x7A, 0x6E, 0x60, 0x5B, 0x0A, 0xD7, 0x63, 0x03, 0x32, 0x56,
    0x31, 0x3C, 0x6D, 0x9F, 0x17, 0xA4, 0x39, 0x44, 0xC9, 0x1C, 0xEC, 0xAE, 0xDA, 0xCD, 0xE1, 0x51,
    0xD9, 0xA4, 0x13, 0xDB, 0xFA, 0x35, 0x18, 0x71, 0xEF, 0xEF, 0xA7, 0xD5, 0x47, 0xD5, 0x4F, 0x2B,
    0x61, 0x83, 0xF8, 0xA0, 0x8F, 0x8F, 0x1A, 0xCD, 0x6F, 0x84, 0x75, 0xA4, 0xC3, 0x3F, 0x13, 0x55,
    0x36, 0xB9, 0xF5, 0x1D, 0xE1, 0xD4, 0x6E, 0xC9, 0x01, 0xF2, 0x0C, 0x95, 0x21, 0xFB, 0x34, 0xA8,
    0xF3, 0x64, 0xA4, 0x2C, 0xAC, 0x5A, 0x75, 0xAE, 0x91, 0xE7, 0x14, 0x90, 0xD5, 0xD4, 0xC0, 0xD6,
    0xC1, 0xB2, 0x9C, 0x65, 0x35, 0x9C, 0xDD, 0x5D, 0xA3, 0x41, 0x5C, 0xCA, 0x23, 0xF3, 0x4C, 0x19,
    0x12, 0x08, 0xFE, 0x00, 0xE7, 0x21, 0x68, 0x23, 0x67, 0xC0, 0x57, 0x97, 0xED, 0x8F, 0x03, 0xBF,
    0xDD, 0xC6, 0xA6, 0x8F, 0xEF, 0x98, 0x43, 0xED, 0xBF, 0x52, 0x20, 0xEA, 0x05, 0x08, 0x71, 0x67,
    0x2B, 0x2B, 0xBF, 0x9D, 0xE5, 0x88, 0x8C, 0x39, 0x42, 0xDF, 0x9B, 0x23, 0xBA, 0x95, 0x4D, 0xE6,
    0x2B, 0x0F, 0xFD, 0x4F, 0xDA, 0x21, 0x0F, 0x90, 0x7A, 0xC2, 0x1A, 0x41, 0xF6, 0x9B, 0xD6, 0x15,
    0x72, 0xC0, 0x1B, 0xF0, 0xB3, 0xFF, 0x17, 0xBC, 0x24, 0x9D, 0x3A, 0xA4, 0xCD, 0x7D, 0x74, 0x1E,
    0x8E, 0xF6, 0x63, 0x15, 0xAB, 0x39, 0x10, 0x0E, 0xE4, 0x85, 0x29, 0x54, 0x97, 0x0B, 0xA4, 0x07,
    0xE9, 0x19, 0xBF, 0x95, 0xA7, 0x0C, 0x6C, 0xFB, 0xAC, 0x39, 0xA5, 0xE2, 0x37, 0x6E, 0xFE, 0xA0,
    0x89, 0xDF, 0xBA, 0x7A, 0x05, 0xE5, 0xDA, 0x73, 0x37, 0xC1, 0x8E, 0x4E, 0x99, 0x02, 0x3D, 0x70,
    0xA5, 0x86, 0xC5, 0xA0, 0x33, 0x3E, 0x54, 0x4F, 0x3E, 0xB4, 0xE3, 0xB7, 0x49, 0x75, 0xC1, 0xEF,
    0x92, 0x42, 0x06, 0x30, 0x9C, 0x0C, 0x11, 0xA0, 0xC9, 0xE9, 0x7E, 0x15, 0xE6, 0x5F, 0xDD, 0x11,
    0xD1, 0x90, 0x02, 0x38, 0x34, 0x9C, 0xDB, 0xEF, 0x22, 0x1B, 0xE6, 0x62, 0xE3, 0x16, 0xEF, 0x53,
    0x59, 0xB1, 0x20, 0x74, 0x2B, 0x83, 0x6D, 0xB4, 0x03, 0x22, 0x14, 0x13, 0x7B, 0xC5, 0x24, 0xC0,
    0xE8, 0x0E, 0xFC, 0x06, 0x57, 0x1F, 0x98, 0xEB, 0x73, 0x22, 0x4F, 0x4E, 0x46, 0xD9, 0xE0, 0x38,
    0x3B, 0x7E, 0x4D, 0xB8, 0x3E, 0xF4, 0xB1, 0xD4, 0x8D, 0xBD, 0x95, 0x93, 0xD4, 0x65, 0x0E, 0xC4,
    0x12, 0xD0, 0x0A, 0x8F, 0x48, 0x1A, 0x0E, 0x93, 0x8C, 0x40, 0x60, 0x8B, 0x5C, 0x31, 0xE4, 0xD7,
    0xCE, 0xD0, 0xA9, 0xB4, 0x53, 0x60, 0x06, 0xE3, 0x0B, 0xDC, 0x36, 0x95, 0xF5, 0xC0, 0xE1, 0xE9,
    0x82, 0x63, 0xC1, 0x9A, 0x52, 0xF8, 0x27, 0x0A, 0x43, 0x38, 0x5B, 0xAB, 0xE3, 0xDD, 0x57, 0xD8,
    0x73, 0x98, 0x5C, 0xDB, 0x23, 0x52, 0x18, 0xCE, 0x67, 0x78, 0xF7, 0x1A, 0x1D, 0x12, 0x7D, 0x1B,
    0xC6, 0x35, 0x72, 0x10, 0xB9, 0x6D, 0x3A, 0x25, 0x99, 0xE5, 0x55, 0x9E, 0x4F, 0x70, 0xA7, 0xDB,
    0x4C, 0x4E, 0x3C, 0x85, 0x47, 0xDA, 0x1D, 0xDC, 0x65, 0xBA, 0x78, 0x0F, 0x4E, 0x12, 0xBD, 0xA9,
    0x3A, 0x11, 0x83, 0x3F, 0x08, 0x10, 0x88, 0x1D, 0x91, 0x9E, 0x02, 0xA6, 0x93, 0x83, 0xB8, 0x3A,
    0x8D, 0xF5, 0xDA, 0x0E, 0x7C, 0xAF, 0xDB, 0x16, 0x9E, 0x3A, 0x29, 0x7C, 0x0B, 0xD3, 0x26, 0x8B,
    0xAE, 0x5E, 0x2D, 0xE2, 0x1F, 0x5E, 0xA9, 0x92, 0xD3, 0x6F, 0xD4, 0x29, 0x06, 0xCB, 0xF8, 0x17,
    0x2D, 0xB8, 0x72, 0xC3, 0xC4, 0xCC, 0xE2, 0x61, 0x07, 0x5C, 0x99, 0x63, 0xB4, 0xAF, 0x4E, 0xA0,
    0x8A, 0xB8, 0x33, 0x15, 0xF3, 0x1A, 0x02, 0xE6, 0xF8, 0xE1, 0xD5, 0x4A, 0x27, 0xA7, 0xAF, 0xE0,
    0x00, 0xF1, 0xE5, 0x46, 0x4B, 0x2E, 0x7E, 0x81, 0x13, 0x6C, 0xC3, 0x29, 0x5D, 0xB2, 0x15, 0x25,
    0x8E, 0x45, 0xD7, 0xD5, 0xDE, 0x5D, 0x4C, 0xEA, 0xC3, 0x49, 0x75, 0x50, 0xB7, 0x73, 0xDB, 0xC1,
    0x27, 0xE2, 0x7C, 0x15, 0x06, 0x94, 0xA9, 0xD0, 0xAB, 0x32, 0xC9, 0xF4, 0x79, 0x84, 0x97, 0xDE,
    0x96, 0x28, 0x3D, 0x8D, 0xE5, 0xA3, 0xBC, 0xDE, 0x5D, 0xF0, 0x3E, 0x4F, 0x47, 0x30, 0xED, 0x85,
    0xA4, 0x18, 0x0D, 0x92, 0x03, 0x9A, 0x60, 0x81, 0xDA, 0x59, 0x20, 0x7A, 0xEF, 0xC3, 0xF1, 0xF0,
    0x56, 0xA5, 0xCF, 0xA2, 0x58, 0xB4, 0x87, 0x77, 0x0A, 0x5B, 0xA6, 0x90, 0xD9, 0x86, 0xBF, 0x44,
    0xAC, 0x20, 0x4E, 0x7C, 0x18, 0x2F, 0xC6, 0x1D, 0x27, 0xE5, 0x8E, 0x58, 0x95, 0xAB, 0xE2, 0x24,
    0x76, 0xF0, 0x8C, 0x8C, 0xB3, 0x6D, 0x19, 0x23, 0x66, 0xED, 0xAD, 0x3A, 0x6D, 0x57, 0xD7, 0x5E,
    0x17, 0xF3, 0x24, 0x17, 0xD2, 0x4C, 0x0C, 0xEB, 0xF9, 0xE0, 0x80, 0x36, 0xB3, 0x1A, 0xE7, 0x0A,
    0x6F, 0x83, 0x09, 0xE8, 0xF8, 0x4D, 0x6C, 0x42, 0xDB, 0x0D, 0x58, 0x12, 0x87, 0xF0, 0x3F, 0x85,
    0x7D, 0x68, 0xEC, 0x01, 0x59, 0x28, 0xB7, 0x99, 0x96, 0xDB, 0x70, 0x8A, 0x9B, 0xD1, 0xE1, 0xAF,
    0x5A, 0xC0, 0x14, 0x4C, 0x63, 0x9C, 0x5F, 0x73, 0xC1, 0x24, 0x3F, 0x2F, 0xF4, 0x71, 0x6C, 0x49,
    0x73, 0x4F, 0x9A, 0x9B, 0xD2, 0xDC, 0xD5, 0x51, 0xAF, 0x0D, 0xDF, 0x40, 0x72, 0x41, 0xCE, 0xCA,
    0xC0, 0x13, 0x72, 0xA3, 0xBF, 0xE2, 0xD9, 0x08, 0xF5, 0xB4, 0xBF, 0x85, 0x54, 0x58, 0x84, 0x06,
    0xB1, 0xD2, 0xDB, 0x88, 0xC7, 0xAD, 0x97, 0xDE, 0x46, 0x9F, 0x9A, 0xAE, 0x34, 0x20, 0x27, 0x16,
    0xD1, 0x91, 0x86, 0x8C, 0x3A, 0xB2, 0xFE, 0xD4, 0x67, 0x3C, 0x15, 0x3F, 0xA7, 0x82, 0xFF, 0x11,
    0xB6, 0x06, 0x69, 0x8E, 0x5B, 0x52, 0x2D, 0x8E, 0x35, 0x76, 0xE6, 0x91, 0x54, 0x7B, 0x96, 0x54,
    0x97, 0x43, 0xE6, 0xC6, 0xC2, 0x8B, 0xC1, 0x5F, 0x8F, 0xAC, 0x17, 0x7A, 0x81, 0x45, 0xE9, 0x7D,
    0x8C, 0xEA, 0x75, 0x3D, 0x25, 0xA3, 0xDA, 0xBA, 0xA9, 0x12, 0xDC, 0x8A, 0x8F, 0xA8, 0x3A, 0x88,
    0x51, 0x2D, 0x0B, 0xAC, 0x85, 0x90, 0xF8, 0x45, 0xA7, 0xE9, 0x31, 0x98, 0xE3, 0xDE, 0x39, 0x2F,
    0x77, 0x39, 0x58, 0x5A, 0x8A, 0x39, 0x57, 0x0E, 0x99, 0xD3, 0x2B, 0xAF, 0x8B, 0x08, 0x16, 0x4D,
    0x6F, 0x94, 0x00, 0xE6, 0xB8, 0xDE, 0xC1, 0x11, 0x86, 0xF5, 0xB3, 0x6A, 0xA4, 0x32, 0x96, 0x7E,
    0xF4, 0x10, 0x56, 0x16, 0x28, 0x2C, 0xEA, 0xF4, 0xD7, 0x65, 0xC5, 0xFE, 0x1C, 0xB7, 0x32, 0x88,
    0x04, 0x1C, 0xF1, 0x92, 0x9A, 0xFA, 0x7B, 0xE9, 0x99, 0x00, 0x07, 0x64, 0xBB, 0x84, 0x93, 0xD4,
    0xFE, 0x80, 0x54, 0x0D, 0x36, 0x2D, 0x42, 0x16, 0x25, 0xFF, 0x95, 0x16, 0x2C, 0xE0, 0xD2, 0x8C,
    0x29, 0x20, 0x6A, 0x2E, 0x60, 0xD6, 0x1D, 0x4B, 0x70, 0xFC, 0x5B, 0x88, 0xAD, 0x3B, 0xAD, 0xE3,
    0x48, 0x88, 0x5E, 0x21, 0xE1, 0xAC, 0x12, 0x15, 0x20, 0x30, 0x1A, 0xFE, 0x87, 0x11, 0x79, 0x91,
    0x8C, 0x15, 0x53, 0x84, 0x3B, 0x0F, 0xDE, 0x83, 0x95, 0x3F, 0x02, 0x5A, 0xDF, 0xAD, 0x47, 0xB4,
    0x2E, 0xEC, 0xBD, 0x81, 0x34, 0x88, 0xE0, 0x4D, 0x8C, 0x57, 0xA4, 0x5D, 0xEE, 0xEF, 0xD3, 0xAC,
    0x9F, 0x4E, 0x32, 0x11, 0x5D, 0xA9, 0x84, 0xFF, 0xAE, 0xCD, 0xC1, 0x1F, 0x7B, 0x3F, 0x9E, 0xB1,
    0xE3, 0x58, 0x16, 0x12, 0x84, 0xDE, 0x37, 0x6E, 0x12, 0xF9, 0xA7, 0x2A, 0x84, 0x3D, 0x93, 0xCB,
    0x2A, 0x6A, 0x7A, 0x84, 0x5C, 0x6B, 0x2B, 0xC1, 0xD7, 0xF5, 0x38, 0x25, 0x2B, 0x45, 0xC0, 0xBB,
    0x84, 0xEB, 0xC4, 0xD5, 0xAA, 0xC4, 0x09, 0xB0, 0xEA, 0x79, 0x8E, 0xCB, 0x12, 0x6D, 0x67, 0x89,
    0x3B, 0x3B, 0x67, 0xD4, 0xDA, 0x15, 0x42, 0x77, 0xD8, 0xD0, 0xED, 0x91, 0x10, 0x0A, 0x96, 0x05,
    0xE4, 0x20, 0x6B, 0xB0, 0x2B, 0x8A, 0x00, 0xC7, 0x5B, 0x21, 0x8A, 0xEE, 0xE0, 0x4E, 0x18, 0x52,
    0x97, 0x54, 0xEE, 0x6E, 0xC9, 0x6F, 0x71, 0x5D, 0xA9, 0x8D, 0xB6, 0xF8, 0x8D, 0x86, 0xFA, 0x4A,
    0x8D, 0x27, 0xE1, 0xDB, 0x15, 0xDE, 0x06, 0xF0, 0xDB, 0x4B, 0xA0, 0x58, 0xBC, 0x64, 0x64, 0x20,
    0x5C, 0xA6, 0x18, 0xEC, 0x7C, 0xF6, 0x38, 0xBE, 0xD5, 0x93, 0x96, 0xBA, 0xB4, 0x6B, 0xE7, 0xC0,
    0xD7, 0xA8, 0xB0, 0xCF, 0x42, 0x43, 0xE6, 0x06, 0xDF, 0xB8, 0xF2, 0x43, 0x44, 0x6F, 0xD0, 0x4E,
    0x91, 0x86, 0x7A, 0xC1, 0xDA, 0x48, 0x58, 0xE1, 0x77, 0x3E, 0xE3, 0x3B, 0xF6, 0x61, 0x5F, 0x8E,
    0x11, 0x93, 0xEB, 0x6E, 0x8E, 0x13, 0xB6, 0x46, 0xC2, 0xCA, 0x2D, 0xB0, 0x07, 0x40, 0x78, 0x02,
    0x49, 0x13, 0x71, 0xA9, 0x47, 0xE1, 0xF7, 0xF2, 0x44, 0x89, 0x77, 0xBD, 0xED, 0xC3, 0xBE, 0x1C,
    0x23, 0xC4, 0x9A, 0x3B, 0x77, 0x46, 0x8B, 0x18, 0x6E, 0x0E, 0x51, 0x0F, 0xED, 0xFD, 0xE5, 0xC3,
    0xF6, 0x0E, 0x9C, 0x8D, 0xAC, 0xFE, 0x43, 0xAB, 0x7F, 0xDF, 0x71, 0xD2, 0x7C, 0x13, 0x26, 0xAD,
    0xB8, 0xDA, 0x07, 0xC5, 0xBF, 0x68, 0x9B, 0xF6, 0xE9, 0xBB, 0xBC, 0xAE, 0xDE, 0x8E, 0xD3, 0x0B,
    0xBA, 0xB7, 0x2C, 0xC2, 0x69, 0xEC, 0x01, 0xFD, 0x64, 0xC6, 0xDF, 0xE9, 0x1D, 0xF3, 0x96, 0x66,
    0x34, 0xC1, 0x8F, 0xBC, 0xF2, 0x6F, 0xB9, 0xA7, 0x94, 0x96, 0x91, 0xDC, 0xCE, 0x79, 0x52, 0x8A,
    0xCF, 0xDF, 0x98, 0x15, 0x05, 0x82, 0x2F, 0x82, 0x62, 0xF4, 0xD2, 0x50, 0x47, 0x28, 0x84, 0xFA,
    0xD8, 0x88, 0xFC, 0xEF, 0x56, 0xCA, 0x02, 0x0B, 0x27, 0x95, 0xAD, 0xAA, 0xB4, 0xB7, 0x36, 0x4F,
    0xFA, 0x50, 0xD3, 0x00, 0x49, 0x3F, 0xDF, 0x1A, 0xCA, 0x22, 0x35, 0xA5, 0x11, 0x61, 0x8F, 0x61,
    0x98, 0xBE, 0x1A, 0xD5, 0x17, 0x1F, 0x2B, 0xC4, 0xDE, 0xDF, 0x3E, 0xEE, 0xE1, 0x81, 0x7B, 0xE8,
    0x39, 0xF7, 0xE8, 0xC9, 0x3D, 0x86, 0x60, 0xCE, 0x3D, 0x42, 0x95, 0x5C, 0xB9, 0x19, 0x35, 0xF1,
    0xD5, 0xAB, 0xA7, 0xAB, 0xE8, 0xA6, 0xE5, 0x1E, 0x4F, 0x10, 0xD0, 0xE8, 0x40, 0x86, 0x38, 0xB9,
    0xB7, 0xC6, 0x97, 0x2F, 0x67, 0xCB, 0x54, 0x04, 0xBE, 0x12, 0x57, 0xB9, 0xAF, 0x47, 0x2A, 0x92,
    0x3E, 0xD1, 0x83, 0x8A, 0x5C, 0x19, 0x00, 0x27, 0x6F, 0xC3, 0x71, 0x43, 0x4B, 0x45, 0x7A, 0x50,
    0x11, 0x81, 0xC2, 0x00, 0x16, 0xDD, 0x75, 0xEE, 0x01, 0x96, 0x2A, 0x8B, 0x39, 0xC3, 0xB2, 0xA6,
    0x9D, 0x09, 0x7F, 0x97, 0xC2, 0xD1, 0xAD, 0x74, 0xF7, 0x2F, 0xD0, 0x1F, 0x4F, 0x4B, 0xBD, 0xD4,
    0xCB, 0xC9, 0x8A, 0xC9, 0x52, 0x53, 0xE5, 0x97, 0x68, 0xB4, 0x7E, 0x56, 0x04, 0xF5, 0x96, 0xC1,
    0x49, 0xBA, 0x2E, 0x6E, 0x62, 0xA1, 0x6A, 0x74, 0x4D, 0x20, 0xFB, 0xD5, 0xFE, 0xA9, 0xCA, 0xBF,
    0x9B, 0x71, 0xFD, 0xB4, 0x16, 0xDF, 0x7A, 0xF5, 0xC5, 0x57, 0x1E, 0xBE, 0xD0, 0x08, 0xA4, 0xC9,
    0x10, 0xD1, 0x75, 0x5C, 0xFC, 0x9E, 0x10, 0xBF, 0xEB, 0xCC, 0x78, 0xB4, 0x04, 0x09, 0x7E, 0x85,
    0xF4, 0xF1, 0x98, 0x01, 0xE4, 0x57, 0xAB, 0xA7, 0xAA, 0xED, 0x4E, 0x7D, 0xFD, 0x78, 0x1A, 0x7F,
    0x0B, 0x8C, 0xB2, 0xDC, 0x25, 0xF1, 0x55, 0x93, 0x79, 0x04, 0x7E, 0x96, 0x1E, 0x25, 0x1E, 0x7A,
    0x68, 0x76, 0x0B, 0x3E, 0x6E, 0x28, 0x29, 0x82, 0xA3, 0x42, 0x3C, 0xF6, 0xA2, 0x38, 0xE4, 0x8F,
    0x0C, 0xC8, 0xD3, 0x4F, 0x6D, 0xC2, 0x23, 0x9E, 0x38, 0xAC, 0x8F, 0xE7, 0xE6, 0xF9, 0x8C, 0x10,
    0x7F, 0xB4, 0x89, 0xD2, 0x48, 0x3C, 0xFC, 0xF0, 0xEC, 0x4D, 0x64, 0xD7, 0xFD, 0xE2, 0x57, 0xF6,
    0xFA, 0xFA, 0x2E, 0xFA, 0xAD, 0x33, 0x84, 0x70, 0x3B, 0xBF, 0x88, 0x85, 0x87, 0x23, 0x63, 0x86,
    0x4C, 0x28, 0x6B, 0x9E, 0xBF, 0x12, 0xE2, 0x29, 0x4C, 0xB2, 0xBC, 0x0A, 0xE3, 0xC6, 0xB3, 0x61,
    0x1E, 0x34, 0xA9, 0x8D, 0x72, 0xCF, 0x1E, 0xE7, 0xE0, 0x3D, 0x7D, 0x59, 0x88, 0xBF, 0x61, 0xF3,
    0x71, 0xB7, 0x5F, 0xC7, 0x4A, 0x41, 0xF5, 0x3B, 0x76, 0xC5, 0x23, 0xDC, 0x95, 0xED, 0xF1, 0x39,
    0xC8, 0x4A, 0xF6, 0x28, 0x71, 0x29, 0x67, 0x44, 0x62, 0x65, 0xCF, 0xA1, 0xC5, 0x9E, 0x97, 0x26,
    0xE4, 0x4A, 0x92, 0xAA, 0xA4, 0x32, 0x64, 0x39, 0x64, 0x04, 0x21, 0xF9, 0x0E, 0x08, 0x81, 0x20,
    0x42, 0x59, 0x0A, 0x00, 0x4F, 0x86, 0x1A, 0x58, 0x9F, 0x98, 0x96, 0xAA, 0x09, 0x4C, 0x6D, 0xE0,
    0xAC, 0x15, 0x29, 0x27, 0x0F, 0x1D, 0xF3, 0xCC, 0x69, 0x36, 0x0B, 0x75, 0x63, 0x63, 0x36, 0x7D,
    0x9C, 0x80, 0xA9, 0x1C, 0x4A, 0xD8, 0x25, 0xC1, 0x20, 0xE0, 0xDA, 0x28, 0x63, 0xC9, 0x53, 0x00,
    0x88, 0x64, 0x18, 0x88, 0x60, 0x64, 0x0A, 0xD3, 0x41, 0xC0, 0x35, 0x80, 0x5D, 0x28, 0x25, 0x64,
    0x87, 0x19, 0x58, 0xA4, 0xE0, 0x80, 0xFE, 0xC8, 0x83, 0xC3, 0x86, 0xD5, 0xE3, 0xC5, 0xB1, 0xE4,
    0xA1, 0x43, 0x5D, 0x84, 0xA7, 0x81, 0x1E, 0x68, 0x84, 0x14, 0x8A, 0x0B, 0x49, 0xBA, 0x59, 0xCA,
    0xAD, 0x5E, 0x62, 0xAE, 0x59, 0x7D, 0x6A, 0x09, 0x2B, 0xF8, 0x6A, 0xC5, 0xFA, 0x68, 0xDE, 0xAE,
    0x65, 0x20, 0x51, 0xAC, 0x55, 0x2B, 0x5B, 0x28, 0xBD, 0x5E, 0xB2, 0x6E, 0x32, 0x8D, 0xAD, 0xB9,
    0xAA, 0x61, 0xA2, 0x6C, 0xED, 0xA3, 0xF4, 0x5F, 0x2B, 0x9D, 0x23, 0x19, 0xD7, 0x20, 0x12, 0xC3,
    0xD9, 0x4A, 0xFB, 0xD9, 0xAC, 0xBA, 0x60, 0xEB, 0xCA, 0x62, 0xC0, 0x90, 0x4B, 0x2D, 0xEA, 0x89,
    0x9E, 0x08, 0xCB, 0xD6, 0xAF, 0xEA, 0x01, 0x7B, 0xDF, 0x6A, 0x99, 0xC1, 0x4B, 0xC0, 0xFB, 0x2B,
    0x8B, 0x43, 0x84, 0xFF, 0x22, 0x4F, 0x62, 0x9B, 0x4D, 0xF3, 0xC8, 0xF8, 0x6B, 0x8B, 0x1D, 0x0E,
    0x6B, 0xAE, 0x2C, 0x25, 0x6D, 0x1B, 0xD6, 0xB5, 0x58, 0xFE, 0xD8, 0xF3, 0x76, 0xF2, 0xE2, 0xDA,
    0x3C, 0xCE, 0xDC, 0x91, 0xF3, 0x8B, 0x99, 0xBC, 0x27, 0x04, 0xAD, 0xC5, 0x1A, 0x39, 0x7B, 0xE5,
    0x8C, 0x09, 0xAB, 0x2E, 0xF6, 0x99, 0x55, 0x1C, 0xC3, 0x7A, 0xB6, 0x2F, 0xE8, 0x1D, 0x77, 0x84,
    0x23, 0x3C, 0x8D, 0x65, 0x3D, 0x16, 0x56, 0xE5, 0x3C, 0x33, 0xCC, 0x44, 0x8C, 0x18, 0xEE, 0x5D,
    0x02, 0xC5, 0x33, 0xCC, 0x94, 0xC5, 0xB8, 0xC8, 0xB0, 0x3E, 0x9E, 0x06, 0xFC, 0x15, 0x33, 0x0D,
    0x65, 0x0D, 0x58, 0xA2, 0x99, 0x6D, 0xA3, 0x55, 0x22, 0xB5, 0x32, 0x41, 0x3A, 0x2A, 0x02, 0x40,
    0x7A, 0xC1, 0x72, 0x91, 0x84, 0x41, 0x93, 0x00, 0x21, 0x98, 0x81, 0x9C, 0xCC, 0xB8, 0x20, 0xEC,
    0x44, 0x44, 0x49, 0x5F, 0x4B, 0x4B, 0x66, 0x8A, 0xC4, 0xD8, 0x4C, 0x91, 0x73, 0xDD, 0xA9, 0x44,
    0x45, 0x02, 0xE2, 0x81, 0x6C, 0x0C, 0x90, 0xE5, 0x94, 0x0D, 0x6A, 0x3D, 0x45, 0xFA, 0x00, 0xE7,
    0xC2, 0x99, 0xA5, 0xCD, 0x01, 0xC1, 0x21, 0xDA, 0x7F, 0x51, 0x66, 0x3A, 0x24, 0x2F, 0x88, 0x6B,
    0xB8, 0x40, 0x5A, 0xF8, 0x9D, 0xC6, 0xB4, 0x7D, 0xAF, 0x49, 0xDD, 0x3B, 0xF7, 0x0D, 0xCF, 0x4A,
    0xEC, 0x49, 0xCB, 0x22, 0xAE, 0xE1, 0xC5, 0xA0, 0x0D, 0x91, 0xC9, 0xAD, 0x5F, 0xCF, 0xBC, 0x7F,
    0x41, 0x1D, 0x33, 0x05, 0x58, 0xEF, 0x2A, 0x8D, 0x61, 0x0F, 0x1F, 0xB6, 0x91, 0xA9, 0x23, 0xB3,
    0x79, 0x04, 0xC9, 0xDA, 0xB7, 0x4F, 0x7C, 0xFD, 0xF3, 0x09, 0xF8, 0x6E, 0x93, 0x0E, 0x19, 0x53,
    0x23, 0x72, 0xE4, 0x16, 0xE3, 0x87, 0x69, 0xAD, 0xC7, 0xA2, 0xC5, 0x77, 0x26, 0xF4, 0xD9, 0x23,
    0x79, 0x11, 0x0F, 0x08, 0xA6, 0x0C, 0x09, 0x0A, 0x3F, 0xBF, 0x57, 0x56, 0x25, 0xF0, 0x77, 0x57,
    0x88, 0x57, 0x98, 0x7F, 0xBD, 0x6D, 0xD4, 0x9C, 0x38, 0xB1, 0x73, 0x08, 0xFE, 0x07, 0x36, 0xD9,
    0xE2, 0x0C, 0xBB, 0x40, 0x02, 0x12, 0x43, 0x67, 0xCD, 0x2E, 0x78, 0x10, 0x9E, 0xC8, 0x16, 0x6F,
    0x30, 0x92, 0x0E, 0x51, 0xC8, 0x21, 0x82, 0xB5, 0xA5, 0x4F, 0xCB, 0x34, 0xF5, 0x68, 0xA1, 0x41,
    0x61, 0x98, 0x3C, 0xEC, 0x5C, 0xD6, 0x12, 0xE3, 0x3C, 0x44, 0xFC, 0x92, 0xB7, 0x51, 0xB9, 0x48,
    0x0E, 0x21, 0xBE, 0x19, 0x8F, 0xBD, 0x27, 0x1A, 0x9E, 0xA0, 0xBF, 0x81, 0x3D, 0xFD, 0x31, 0xE6,
    0x00, 0xBB, 0x83, 0xD1, 0xEC, 0xB8, 0x41, 0x3B, 0xD1, 0x03, 0xF7, 0x93, 0xB9, 0x79, 0x08, 0x45,
    0xDF, 0xEC, 0x98, 0x2D, 0x9D, 0x67, 0xF9, 0x1A, 0xC3, 0x30, 0x0A, 0x83, 0x30, 0x06, 0xDD, 0x87,
    0x9E, 0x83, 0xD1, 0x57, 0xCB, 0x46, 0x7F, 0xB3, 0x85, 0x0B, 0x4A, 0x38, 0x0A, 0x8A, 0x0A, 0x41,
    0xBE, 0x5C, 0xFE, 0x03, 0x58, 0x04, 0xCE, 0x2D, 0xB7, 0x2A, 0x9B, 0xF9, 0x25, 0x3C, 0x4F, 0x26,
    0x35, 0x9E, 0x29, 0x14, 0x54, 0x9D, 0x90, 0x5E, 0x3F, 0xF2, 0x06, 0x09, 0xE7, 0x22, 0x23, 0xB5,
    0xEE, 0x6F, 0x65, 0x72, 0x8D, 0x27, 0x06, 0x57, 0xAD, 0xA6, 0x64, 0x84, 0xAC, 0xC7, 0xC0, 0x6A,
    0x6B, 0x11, 0xDF, 0x04, 0x8A, 0xDC, 0x84, 0xC5, 0xAF, 0xA2, 0xEE, 0xBA, 0x0C, 0x34, 0x7B, 0x9D,
    0xE4, 0xB0, 0x84, 0xA4, 0x15, 0xF2, 0x62, 0x8F, 0xE4, 0x08, 0xD7, 0x7C, 0x44, 0x5B, 0xCF, 0xE4,
    0x84, 0xE0, 0xBB, 0x50, 0x74, 0xCB, 0xC1, 0x46, 0x8C, 0x0D, 0x1D, 0x9B, 0x66, 0xE9, 0x9E, 0x3A,
    0x65, 0x97, 0x18, 0x38, 0xCC, 0x4B, 0xB2, 0x27, 0xB5, 0xA0, 0x58, 0xE2, 0x67, 0x89, 0x3B, 0x7B,
    0x64, 0x7E, 0x67, 0x0C, 0x93, 0x76, 0xB4, 0xD1, 0xD4, 0x4D, 0xCB, 0xF9, 0xB9, 0x10, 0x56, 0x5C,
    0x0E, 0x3A, 0x0A, 0x0A, 0x3C, 0x31, 0x56, 0xB9, 0xE2, 0x80, 0xF7, 0x7A, 0x26, 0xCB, 0x89, 0x9C,
    0xB1, 0xB7, 0x28, 0xC3, 0x59, 0x25, 0x5C, 0x59, 0xB7, 0xF8, 0x7C, 0x74, 0x93, 0xE0, 0x5E, 0x37,
    0xC1, 0x9C, 0xC3, 0x28, 0xCF, 0x3F, 0xE0, 0x5E, 0xF6, 0x24, 0xC0, 0xC5, 0x59, 0xD9, 0x5D, 0x3B,
    0x7C, 0xED, 0x3D, 0x31, 0xC6, 0xC1, 0x10, 0x35, 0x91, 0xD0, 0x71, 0xAD, 0x65, 0x4D, 0x98, 0xD2,
    0x6E, 0x0E, 0x07, 0x55, 0x23, 0x58, 0x91, 0x5E, 0xEA, 0x71, 0xED, 0x65, 0x2D, 0x46, 0xE0, 0x72,
    0x54, 0x9B, 0xE0, 0x25, 0x2C, 0x7C, 0x89, 0x11, 0xC0, 0x94, 0x70, 0x8A, 0x3B, 0xB4, 0x5B, 0x99,
    0x29, 0x50, 0x74, 0x28, 0x78, 0x6D, 0x70, 0xA7, 0xE7, 0xB3, 0x92, 0x4A, 0x2E, 0xA8, 0x19, 0x14,
    0x90, 0x57, 0xFD, 0x39, 0x3D, 0x21, 0x67, 0x5E, 0x43, 0x2C, 0x78, 0xA8, 0x15, 0xC0, 0x7D, 0x51,
    0x01, 0xC2, 0x57, 0x1F, 0x07, 0xEB, 0x45, 0x2C, 0xF6, 0xF1, 0xCD, 0x06, 0x15, 0x81, 0x62, 0xFA,
    0xA5, 0xF4, 0xF8, 0x3E, 0x8D, 0xDE, 0xAA, 0xE5, 0x13, 0xA6, 0x4A, 0xEF, 0x1A, 0x72, 0xDC, 0xCE,
    0x2B, 0x6F, 0x62, 0x06, 0x6F, 0x2D, 0x44, 0x82, 0xC5, 0x91, 0x2E, 0x66, 0xD3, 0xB8, 0xED, 0x53,
    0xAD, 0x4F, 0x9E, 0xD0, 0x27, 0x4E, 0xF4, 0x27, 0x4F, 0x4C, 0xD3, 0xD7, 0xE4, 0x16, 0x99, 0x7D,
    0x38, 0x18, 0xB2, 0xA7, 0xF2, 0x3A, 0xD2, 0x7F, 0xB2, 0xBB, 0x8D, 0xD0, 0x2B, 0x17, 0xA8, 0x9A,
    0x63, 0x6B, 0xF0, 0x2D, 0xB8, 0x56, 0xBA, 0xBB, 0x1D, 0x19, 0xCD, 0xD2, 0x32, 0xB6, 0xF4, 0xE5,
    0x18, 0x6A, 0x40, 0x96, 0x81, 0x48, 0xDC, 0x09, 0x92, 0xF1, 0x5B, 0xD9, 0x32, 0xC7, 0x13, 0x99,
    0xFC, 0xA0, 0xC2, 0x2B, 0x90, 0x40, 0xF1, 0xEA, 0x88, 0x40, 0x80, 0x33, 0xF0, 0x11, 0x57, 0x8C,
    0xAE, 0x0F, 0x67, 0xEE, 0x97, 0xCF, 0x78, 0xC5, 0xB6, 0x05, 0x6A, 0x21, 0x21, 0x72, 0xE0, 0x93,
    0xFD, 0x99, 0x07, 0xEC, 0x5F, 0x8A, 0x94, 0x45, 0x61, 0x96, 0x82, 0x80, 0xDA, 0x82, 0xF0, 0xDD,
    0x0E, 0xC5, 0xA0, 0x72, 0xC5, 0x1F, 0xDD, 0x34, 0x2F, 0x96, 0xD1, 0x68, 0x2E, 0x1C, 0x27, 0x0B,
    0x96, 0x95, 0x1C, 0xDB, 0x8B, 0xE8, 0x1D, 0x20, 0xF3, 0x87, 0x6E, 0xBC, 0x7F, 0x97, 0x77, 0x5D,
    0x2F, 0xCC, 0x91, 0x1D, 0x38, 0x07, 0x46, 0xD7, 0x9C, 0x05, 0x75, 0x01, 0x48, 0xD6, 0x80, 0xF1,
    0x40, 0xE0, 0xDB, 0xED, 0xDE, 0xFA, 0x18, 0x77, 0xB4, 0xFC, 0x6F, 0x5C, 0xB1, 0xB1, 0xB2, 0x7F,
    0x2C, 0x46, 0x66, 0x39, 0x4E, 0xE0, 0xF6, 0x1E, 0xFF, 0x92, 0xEB, 0xB7, 0xF3, 0xF5, 0x3D, 0xB3,
    0x50, 0xD0, 0x62, 0x1E, 0x56, 0x9D, 0x94, 0x23, 0xF9, 0xF3, 0xF3, 0x39, 0x92, 0x0A, 0x10, 0x82,
    0xD2, 0xA1, 0x11, 0xAC, 0x4D, 0x98, 0xF4, 0xB0, 0xCF, 0x81, 0xC8, 0x63, 0x63, 0x3C, 0xA1, 0xEF,
    0x26, 0xCC, 0x6A, 0x96, 0x47, 0x4D, 0x67, 0x18, 0x84, 0xB4, 0x58, 0x20, 0x7B, 0x01, 0xB3, 0xE3,
    0x0A, 0x34, 0x2C, 0x2D, 0x0E, 0xCE, 0x5B, 0xD8, 0xE2, 0x20, 0xE4, 0xF7, 0xB1, 0xEC, 0x7F, 0xB0,
    0xAA, 0xC4, 0x22, 0xDC, 0x0E, 0x6E, 0x9B, 0x5C, 0x8E, 0x4E, 0x1F, 0xFF, 0xA7, 0x12, 0xC9, 0x65,
    0x38, 0xC7, 0xE3, 0x06, 0x78, 0x78, 0x2F, 0x2C, 0xE0, 0x2E, 0x19, 0x83, 0x50, 0xB8, 0x52, 0x3D,
    0x06, 0xE7, 0x83, 0xAA, 0xE1, 0x25, 0xF3, 0x63, 0x82, 0x87, 0x76, 0x6A, 0x84, 0xAA, 0x65, 0x75,
    0xC6, 0x98, 0xAB, 0x15, 0x65, 0xE3, 0xD6, 0xE9, 0x8A, 0x45, 0xD1, 0x81, 0x72, 0x6B, 0x72, 0x2D,
    0xC0, 0x2C, 0x94, 0x03, 0x9C, 0xE1, 0x6B, 0x87, 0x41, 0xD3, 0x00, 0x0B, 0x98, 0x9B, 0xA0, 0x46,
    0x18, 0x16, 0x0D, 0xFB, 0x86, 0xE9, 0x3D, 0x59, 0x82, 0x52, 0x71, 0xEF, 0x67, 0x58, 0x41, 0x66,
    0xC2, 0x19, 0x52, 0x00, 0xA4, 0x97, 0x59, 0xF8, 0x52, 0x7B, 0x12, 0xEC, 0x93, 0x7B, 0xF6, 0xF1,
    0x59, 0x27, 0x3D, 0xC4, 0xFC, 0xB3, 0x21, 0x03, 0xC4, 0x5E, 0x70, 0x89, 0xF8, 0x3D, 0x97, 0x79,
    0xA6, 0xD5, 0x7B, 0xED, 0x31, 0x3D, 0x7C, 0x43, 0x63, 0x55, 0xA0, 0xF2, 0x11, 0x30, 0xD0, 0xC7,
    0x6C, 0xB3, 0x49, 0x65, 0xFF, 0x86, 0x8F, 0x64, 0xC2, 0x19, 0x79, 0x10, 0x43, 0x56, 0xDE, 0x1F,
    0xAA, 0x17, 0x23, 0xB2, 0xCC, 0xC8, 0x8A, 0x5F, 0x50, 0x43, 0xA0, 0xFA, 0x60, 0x8F, 0xC3, 0x2D,
    0x36, 0xF8, 0xEE, 0x75, 0x41, 0xBC, 0x82, 0x17, 0xEE, 0x96, 0xD5, 0x8E, 0xCC, 0xA2, 0x1A, 0xFE,
    0x17, 0x36, 0xC6, 0xBC, 0xB4, 0xA5, 0x50, 0xDA, 0x19, 0x95, 0x52, 0x89, 0x0B, 0x73, 0xE8, 0xB5,
    0x9E, 0x97, 0x56, 0x28, 0x97, 0xE2, 0xDD, 0x2D, 0x10, 0x38, 0x52, 0x50, 0x31, 0x01, 0xC7, 0x89,
    0x7A, 0xD2, 0xAF, 0x42, 0x0C, 0x93, 0xFA, 0x37, 0x5D, 0xA4, 0x7E, 0xDB, 0x85, 0x8A, 0x43, 0x61,
    0x0E, 0xC5, 0x0A, 0xC8, 0xB3, 0x56, 0xFD, 0xFB, 0x1A, 0x7D, 0x6A, 0xAC, 0x98, 0x1D, 0xB8, 0xF4,
    0x85, 0x03, 0x96, 0x66, 0xB0, 0xB8, 0xF5, 0x19, 0x3B, 0x28, 0x47, 0xC3, 0x9A, 0xA1, 0x5A, 0xC3,
    0xC9, 0x59, 0xB1, 0xA4, 0xD7, 0x85, 0xF3, 0xE6, 0x25, 0xB5, 0xB8, 0x9D, 0x36, 0x6A, 0x7E, 0xDB,
    0xBA, 0xED, 0xC0, 0x53, 0x14, 0xCF, 0xCD, 0x2D, 0x89, 0xDE, 0x03, 0xDA, 0x62, 0x26, 0x60, 0x24,
    0x79, 0xD9, 0xE2, 0x45, 0x03, 0xE7, 0x74, 0x5A, 0xC7, 0xD5, 0xF2, 0x27, 0xAD, 0xF9, 0x06, 0x35,
    0xE3, 0x9F, 0xD9, 0x9A, 0x96, 0x87, 0x0A, 0x6C, 0x06, 0x12, 0xE5, 0xE6, 0xFE, 0xF2, 0x8F, 0x44,
    0x96, 0xE0, 0x05, 0xCF, 0x20, 0xC1, 0x05, 0x03, 0x41, 0x54, 0xEF, 0x91, 0xE3, 0xB2, 0xA4, 0x0D,
    0xA4, 0xF5, 0xF7, 0x9C, 0xC9, 0x50, 0x0C, 0x12, 0xC4, 0xC3, 0xC7, 0xDB, 0x66, 0xEC, 0x19, 0x29,
    0x32, 0x22, 0xCC, 0x40, 0x4E, 0x54, 0x90, 0x15, 0x59, 0x5E, 0x94, 0x89, 0x47, 0x3D, 0xAC, 0x95,
    0xFE, 0x00, 0x10, 0xC6, 0xD4, 0x84, 0xC8, 0xA7, 0x61, 0xCE, 0x70, 0x49, 0x50, 0x0F, 0xF2, 0xE2,
    0x2A, 0x6A, 0x40, 0x1E, 0x83, 0x96, 0x2C, 0xA5, 0x1F, 0x98, 0x0B, 0xC8, 0x07, 0xE9, 0x45, 0xA0,
    0x6B, 0x53, 0xCB, 0x8B, 0xB3, 0xB8, 0x01, 0x8F, 0x49, 0xD1, 0xB9, 0xC9, 0x33, 0x30, 0x1B, 0x5B,
    0xF6, 0x21, 0x3B, 0x58, 0xF2, 0x42, 0xD2, 0x49, 0x32, 0x33, 0x1D, 0x49, 0xA9, 0xD9, 0xB4, 0x83,
    0x87, 0x97, 0xC9, 0x14, 0xD0, 0x1D, 0x0E, 0x80, 0xCA, 0x94, 0x98, 0x68, 0xFF, 0xD3, 0x21, 0x70,
    0x8A, 0xCC, 0x31, 0x35, 0xD8, 0x04, 0x45, 0x2C, 0x48, 0xA9, 0x8E, 0xC1, 0xCE, 0x2B, 0xF8, 0x13,
    0x08, 0xAD, 0xD9, 0x15, 0xB6, 0x46, 0x6B, 0x75, 0xA0, 0xF5, 0xAC, 0x10, 0x73, 0xCC, 0xDA, 0xBB,
    0xD9, 0x12, 0x8E, 0x71, 0x88, 0x9C, 0xD1, 0x56, 0x52, 0x4D, 0x97, 0x33, 0x38, 0xE0, 0xD6, 0xAA,
    0x0E, 0xCA, 0x67, 0x75, 0x1B, 0x58, 0xC5, 0xBB, 0x0C, 0xA9, 0xCE, 0xB1, 0xD8, 0x2D, 0x59, 0xEC,
    0xE6, 0xE2, 0xC0, 0x62, 0xB7, 0x04, 0x5E, 0x1B, 0x2B, 0xFE, 0x2E, 0x72, 0x26, 0x72, 0x3E, 0x25,
    0x98, 0x09, 0xCA, 0xD6, 0xA8, 0x96, 0x62, 0x52, 0xC9, 0xE7, 0xCB, 0x42, 0xC2, 0x11, 0x2D, 0x70,
    0x30, 0x85, 0x2F, 0x14, 0xB7, 0xFE, 0xE6, 0x27, 0xE0, 0x74, 0x4B, 0x45, 0xD7, 0x54, 0xF8, 0x3F,
    0xEA, 0xE1, 0xBB, 0xCC, 0x41, 0x9B, 0x62, 0x31, 0x18, 0xC1, 0x5A, 0x5C, 0xBD, 0xB9, 0x1C, 0xA4,
    0xEE, 0x8C, 0x5B, 0x38, 0x61, 0xE5, 0x0F, 0xE2, 0x13, 0x6C, 0xA1, 0x5F, 0xA0, 0x95, 0x9D, 0xF3,
    0x7D, 0x1E, 0xC7, 0x16, 0x76, 0x1F, 0x87, 0x56, 0xC2, 0xA2, 0x31, 0x0C, 0x9A, 0xB0, 0xAA, 0x1B,
    0xF1, 0xEC, 0x3E, 0xB8, 0x6C, 0x0E, 0xC0, 0x65, 0x64, 0xB4, 0x3D, 0xD9, 0x9F, 0x8E, 0xF6, 0x61,
    0x23, 0x6A, 0x8E, 0x15, 0x62, 0x23, 0x00, 0x99, 0x78, 0x2C, 0xE7, 0x4D, 0xCC, 0x1B, 0x8C, 0x81,
    0x03, 0xE3, 0xC6, 0xC1, 0x03, 0x50, 0xD8, 0x98, 0x06, 0x89, 0x72, 0x50, 0x31, 0xBC, 0xAD, 0x8D,
    0xB1, 0x8B, 0xEE, 0x38, 0xD4, 0xF6, 0x49, 0xA8, 0x67, 0x4E, 0x40, 0x9D, 0x7C, 0x06, 0x6A, 0xB5,
    0x83, 0x4A, 0x5A, 0xA8, 0x58, 0xC1, 0x28, 0x71, 0x03, 0xAB, 0xE0, 0xD6, 0x99, 0x7A, 0x79, 0xCD,
    0xAE, 0xBE, 0x64, 0x88, 0x8A, 0xB8, 0x31, 0x15, 0xF2, 0x32, 0xF8, 0x1C, 0x54, 0x8D, 0x9A, 0x67,
    0x50, 0xB9, 0x12, 0xBD, 0xBA, 0x0D, 0x7B, 0xB4, 0xC8, 0xFF, 0x7A, 0x87, 0x2A, 0x7F, 0x8F, 0x05,
    0xD3, 0x9B, 0x50, 0x29, 0x92, 0xAC, 0x4E, 0x9E, 0x85, 0x8A, 0x4F, 0xD1, 0x4C, 0xD6, 0x4E, 0xD6,
    0x50, 0xB3, 0x54, 0x7D, 0x7F, 0x40, 0xF1, 0xD5, 0x79, 0x17, 0x39, 0x69, 0xB3, 0x80, 0x20, 0xE0,
    0x17, 0x39, 0x7E, 0x97, 0xD8, 0x51, 0x0F, 0x7F, 0xE9, 0x3A, 0x5C, 0x1D, 0xF8, 0x0B, 0xFA, 0x86,
    0xF4, 0x57, 0xC7, 0x59, 0x32, 0x90, 0x48, 0x5B, 0x14, 0xE1, 0x49, 0x03, 0xEC, 0x56, 0x03, 0x7A,
    0x1C, 0x7D, 0x7C, 0x33, 0x7E, 0x03, 0x16, 0xA9, 0x79, 0x69, 0x67, 0x88, 0x10, 0xA9, 0xA9, 0x3F,
    0xF7, 0x02, 0x7D, 0xC9, 0x3B, 0x0B, 0x60, 0x05, 0xC0, 0x32, 0x2F, 0xE0, 0x7E, 0xCD, 0x44, 0xE5,
    0x83, 0x4A, 0x1A, 0x25, 0x1E, 0x7E, 0xD8, 0x65, 0x9F, 0xED, 0x6E, 0x6F, 0x0B, 0xA8, 0xCC, 0xEC,
    0x96, 0x60, 0x01, 0x71, 0xBE, 0x75, 0xEF, 0xF4, 0x36, 0xB6, 0x72, 0xDE, 0x85, 0x8D, 0xB1, 0x6C,
    0xB7, 0xC0, 0x36, 0x78, 0x98, 0x3A, 0x2D, 0x80, 0x74, 0x59, 0x88, 0x5A, 0x2F, 0x68, 0xE3, 0xE7,
    0xAA, 0xF8, 0x6A, 0xE5, 0x79, 0x9C, 0x66, 0xC5, 0xAE, 0x1F, 0xDF, 0x7F, 0xFD, 0x90, 0x10, 0x13,
    0x51, 0xC5, 0x6F, 0xDF, 0x38, 0x23, 0xD2, 0xD3, 0xA4, 0x67, 0x74, 0x8E, 0x9D, 0xF8, 0xC6, 0x1A,
    0x0B, 0xD8, 0xCE, 0xEB, 0xA0, 0x82, 0xDD, 0x73, 0x15, 0xFB, 0x56, 0xEC, 0x0B, 0x72, 0xCE, 0x12,
    0x31, 0xCD, 0xE2, 0x1B, 0x67, 0x24, 0xD9, 0xD7, 0x94, 0x2A, 0x1A, 0xA2, 0x4E, 0x30, 0x7B, 0x88,
    0x2F, 0xBD, 0x30, 0x80, 0x9D, 0x61, 0x33, 0x95, 0xB7, 0x71, 0xEB, 0x5C, 0xC5, 0x67, 0x15, 0x73,
    0x4B, 0x35, 0x58, 0x58, 0x09, 0x71, 0x24, 0x33, 0x19, 0x36, 0xB2, 0x7C, 0x40, 0x31, 0x9A, 0xB4,
    0x11, 0xC2, 0x2B, 0x85, 0xD7, 0x8A, 0x64, 0x66, 0x03, 0x1C, 0x0E, 0x6D, 0x58, 0x1F, 0x93, 0x2A,
    0xBE, 0xD8, 0x30, 0xDB, 0x97, 0x69, 0xED, 0x43, 0x76, 0x4B, 0x4E, 0x29, 0x94, 0x03, 0xB1, 0x69,
    0x9C, 0xD5, 0x7D, 0xDE, 0x8D, 0x92, 0x97, 0xBA, 0xA9, 0xA7, 0x51, 0x08, 0x39, 0xEE, 0xAC, 0x1D,
    0x9D, 0x7F, 0xFF, 0xD5, 0xC4, 0xB4, 0xBE, 0x69, 0x56, 0x80, 0x7C, 0xD2, 0xF4, 0x22, 0xFF, 0xC7,
    0x32, 0xFB, 0xB2, 0x0D, 0x85, 0xB0, 0x11, 0x96, 0x68, 0x1B, 0x2B, 0xC3, 0xFA, 0x86, 0xDA, 0xC1,
    0xA5, 0x9E, 0x67, 0x0E, 0x01, 0xD4, 0xA6, 0x37, 0xCA, 0x22, 0x02, 0x13, 0xF0, 0x00, 0xB1, 0xC9,
    0x2E, 0x33, 0xDC, 0xF7, 0x26, 0x35, 0x7D, 0x36, 0x18, 0xC1, 0x63, 0xD8, 0x50, 0x3D, 0x2E, 0x60,
    0xAB, 0x4E, 0x4D, 0x11, 0x02, 0x68, 0x54, 0x67, 0x39, 0x8B, 0xC8, 0x1E, 0x9E, 0x5F, 0xEA, 0xFF,
    0xBD, 0xE6, 0x59, 0xAC, 0x19, 0x1C, 0xB8, 0xE6, 0x43, 0x1E, 0xEF, 0x24, 0xB5, 0xE0, 0x4A, 0x7C,
    0xDD, 0x05, 0x5E, 0x17, 0x3F, 0xBB, 0xEF, 0x16, 0xB0, 0x36, 0xE3, 0x80, 0xB4, 0x19, 0xD8, 0xF3,
    0x51, 0xB3, 0x3F, 0x4D, 0xA6, 0x48, 0x6C, 0xB8, 0xB4, 0x9A, 0xC0, 0x11, 0x22, 0xE1, 0xB5, 0xC2,
    0xEF, 0x64, 0x84, 0x4E, 0xBD, 0xBD, 0x7B, 0x59, 0x32, 0x41, 0xA6, 0x86, 0x05, 0x9F, 0x4B, 0x96,
    0xA5, 0x4C, 0x8B, 0x31, 0x89, 0x06, 0xE8, 0xA9, 0xC6, 0x51, 0x98, 0xC1, 0xD3, 0xB6, 0xDA, 0x18,
    0xC6, 0xD4, 0x2B, 0xA2, 0xAB, 0x04, 0xAC, 0xAB, 0x98, 0xC5, 0x79, 0x21, 0xFD, 0xB9, 0xD0, 0x60,
    0xE3, 0xB5, 0x26, 0xED, 0x44, 0x72, 0x44, 0x38, 0x5D, 0x60, 0x86, 0xD4, 0xCC, 0xC1, 0xAD, 0x4B,
    0x93, 0x48, 0x4E, 0xBD, 0xB0, 0xA9, 0x13, 0xF8, 0x98, 0x16, 0x4C, 0xA7, 0xB5, 0xC4, 0x30, 0x85,
    0xE9, 0xE6, 0x0E, 0x8D, 0xBF, 0x63, 0xA6, 0xC0, 0x98, 0x55, 0x14, 0xA1, 0x1E, 0x9B, 0xF7, 0xB4,
    0x0A, 0x71, 0x5C, 0x98, 0x36, 0xEC, 0x2C, 0xD9, 0x61, 0x6A, 0xFB, 0xF9, 0xA4, 0x2D, 0x4D, 0x93,
    0x0E, 0xD9, 0x43, 0x0F, 0x09, 0x29, 0x45, 0xBA, 0x3A, 0x3B, 0x74, 0xCF, 0x9B, 0xFB, 0xF6, 0x84,
    0xEE, 0x7B, 0x24, 0x2F, 0xE2, 0x1E, 0x5E, 0x9B, 0x31, 0x91, 0xC6, 0xD5, 0xF7, 0x4A, 0x38, 0x68,
    0x06, 0xBB, 0x4A, 0x30, 0x43, 0xA3, 0x1F, 0x39, 0xD7, 0x32, 0xB9, 0x96, 0x2C, 0xDC, 0xEC, 0xFC,
    0x4A, 0x1C, 0x9B, 0x39, 0x9E, 0xA7, 0xA7, 0x5B, 0x1D, 0x02, 0x09, 0xF3, 0x8F, 0x9D, 0x37, 0x3A,
    0xD8, 0x81, 0x0C, 0x01, 0x27, 0xE8, 0x58, 0x01, 0x04, 0xE8, 0x3F, 0xDF, 0x8F, 0xDD, 0xD2, 0x74,
    0xB6, 0x25, 0xBE, 0xA2, 0x78, 0xEB, 0x6B, 0xC2, 0xB1, 0xF5, 0x1C, 0xC9, 0x1C, 0x08, 0xE6, 0x8D,
    0x78, 0x1F, 0xBE, 0x8D, 0xA3, 0x5F, 0x05, 0xAC, 0x9D, 0xAE, 0x68, 0x6D, 0x7D, 0x1E, 0x02, 0xC3,
    0x01, 0x5E, 0x2B, 0x03, 0x96, 0x81, 0x78, 0xAE, 0x18, 0xF5, 0x06, 0xD0, 0x03, 0x1A, 0x82, 0x76,
    0x64, 0x3D, 0x63, 0x76, 0x0F, 0xD1, 0x4B, 0xEB, 0x44, 0xEB, 0x55, 0xAD, 0xB7, 0xB5, 0x6E, 0xF5,
    0xA0, 0xB4, 0xA9, 0x35, 0x66, 0x34, 0x99, 0x66, 0xE4, 0xC0, 0x1D, 0x6C, 0x0D, 0xF5, 0xA1, 0x9A,
    0x7B, 0xC1, 0xA7, 0x5A, 0x7C, 0x01, 0x68, 0xB8, 0x7E, 0x64, 0xD7, 0x4F, 0x67, 0xEB, 0x77, 0x76,
    0xFD, 0xC6, 0xAE, 0x5F, 0x70, 0xFD, 0x83, 0x42, 0xC2, 0x03, 0x19, 0xA5, 0x8B, 0xA7, 0xBF, 0x46,
    0xF6, 0xC7, 0x9C, 0x53, 0xB8, 0x7E, 0x6F, 0x7B, 0xED, 0x09, 0x7F, 0xF3, 0x39, 0xDF, 0xB3, 0x9F,
    0x0B, 0x89, 0xEB, 0x74, 0x2E, 0xAC, 0x8F, 0x5D, 0x8C, 0xD1, 0x35, 0x80, 0x4F, 0xD6, 0xF2, 0x92,
    0x9A, 0xFA, 0x5D, 0x3F, 0x63, 0x3A, 0xF8, 0x82, 0x9F, 0x78, 0x88, 0x57, 0xFE, 0x30, 0x2E, 0x87,
    0xC2, 0xEE, 0x46, 0x09, 0x87, 0x8D, 0x6B, 0x46, 0x38, 0xA3, 0x6E, 0x16, 0x81, 0x7B, 0xCB, 0xC1,
    0xB9, 0x33, 0xE0, 0xEA, 0xAF, 0xCB, 0x8A, 0xFD, 0x39, 0x6E, 0x71, 0xFE, 0xE1, 0xC9, 0x11, 0x55,
    0x96, 0xE6, 0x3F, 0xFC, 0x88, 0x9F, 0x6C, 0xCD, 0x43, 0x8F, 0x18, 0x2C, 0x6C, 0x01, 0xBE, 0x85,
    0x80, 0x7C, 0x61, 0xDC, 0x02, 0x83, 0x8F, 0xB1, 0x37, 0x8F, 0x17, 0x86, 0xCC, 0x90, 0xC1, 0xAD,
    0x95, 0x38, 0x7E, 0x89, 0x4C, 0xA4, 0xB7, 0x8C, 0xC8, 0x5B, 0x2F, 0x6D, 0x1A, 0x09, 0xF6, 0x55,
    0x7E, 0xA5, 0x7D, 0xBF, 0xFA, 0xB4, 0xB6, 0xFD, 0x39, 0x6E, 0x39, 0x82, 0x3A, 0x44, 0x50, 0xF6,
    0xD5, 0x12, 0x21, 0xD3, 0x1C, 0xD9, 0x50, 0x91, 0x61, 0x23, 0x08, 0xC5, 0xCD, 0x18, 0x41, 0x9D,
    0x4B, 0xA8, 0x94, 0xF5, 0x33, 0x23, 0x23, 0x0F, 0x54, 0x52, 0x31, 0xFE, 0x49, 0x90, 0x93, 0x82,
    0x19, 0x0C, 0x46, 0x83, 0xD7, 0xEC, 0x20, 0xC9, 0xB0, 0x58, 0xC4, 0x18, 0x24, 0x7C, 0xCC, 0x61,
    0x19, 0x6D, 0x0C, 0x14, 0x8F, 0x01, 0x3C, 0x31, 0xF9, 0xD2, 0x42, 0xB4, 0xE4, 0x04, 0x18, 0x40,
    0x4C, 0x5A, 0x4C, 0x1D, 0x09, 0xAE, 0x11, 0x9B, 0xEF, 0xB4, 0xCE, 0xA9, 0x6F, 0x63, 0x2C, 0x4A,
    0x0A, 0x41, 0x0E, 0x9A, 0x17, 0xAE, 0x68, 0x91, 0xEE, 0xB4, 0xDF, 0xE5, 0x12, 0x98, 0x4B, 0x16,
    0x0E, 0x07, 0x2D, 0x22, 0x5A, 0x6C, 0x74, 0x7F, 0x17, 0x6C, 0xB5, 0x20, 0xB3, 0x04, 0x73, 0x5B,
    0x17, 0xC4, 0xDC, 0xC1, 0x3B, 0x08, 0xDA, 0x0F, 0x31, 0xE8, 0xB6, 0xB2, 0xB4, 0x5A, 0x48, 0xB2,
    0x6D, 0x37, 0x6F, 0x82, 0xBD, 0xA5, 0x98, 0x33, 0x69, 0x1C, 0xC6, 0xDA, 0xF5, 0x17, 0xF0, 0xD5,
    0xED, 0xF1, 0x02, 0xE6, 0xEA, 0x2D, 0x51, 0x0F, 0xDF, 0x81, 0x57, 0x60, 0x2E, 0x9F, 0xEB, 0x72,
    0x9F, 0x25, 0x09, 0x46, 0xE5, 0x36, 0x94, 0x8E, 0xA4, 0x0E, 0x78, 0x48, 0x80, 0x49, 0x5B, 0x97,
    0xFC, 0x45, 0xF4, 0x16, 0xEA, 0xA3, 0x73, 0x99, 0x38, 0x71, 0x62, 0x61, 0xDE, 0x90, 0x76, 0xAC,
    0xF7, 0xD9, 0xB1, 0x5D, 0x5D, 0xB0, 0x63, 0xEB, 0xEC, 0x98, 0xDC, 0x6B, 0x47, 0xB1, 0xB3, 0x23,
    0xBC, 0x5B, 0xB0, 0xD5, 0x65, 0xE7, 0x4B, 0x53, 0x56, 0x34, 0xD4, 0x59, 0x4F, 0x70, 0x16, 0xF1,
    0xEB, 0x9D, 0x88, 0xC0, 0xA8, 0x02, 0x50, 0xAB, 0xE0, 0x76, 0x0D, 0x92, 0x8C, 0x7E, 0x64, 0x54,
    0x65, 0x36, 0xE3, 0xCF, 0xD6, 0x96, 0x7F, 0xA0, 0x1D, 0x29, 0xE1, 0xD6, 0x3D, 0x91, 0x21, 0xED,
    0x46, 0x97, 0x9B, 0x19, 0x96, 0xC8, 0xC5, 0x86, 0xDA, 0x09, 0x44, 0x14, 0x4C, 0x14, 0xC9, 0xDF,
    0xFF, 0x49, 0x2E, 0x16, 0x39, 0xA4, 0x90, 0xC8, 0x64, 0x80, 0x97, 0x87, 0x46, 0xF0, 0xD8, 0x23,
    0xDD, 0x3D, 0x92, 0xD9, 0xCB, 0xA8, 0x16, 0x55, 0x72, 0xD7, 0x12, 0xF0, 0x59, 0x33, 0x06, 0x05,
    0x6A, 0x33, 0x00, 0xE9, 0x84, 0x38, 0xAC, 0x91, 0x40, 0xDB, 0xB6, 0x30, 0x8E, 0x74, 0xD8, 0x80,
    0x04, 0x88, 0xBD, 0x0F, 0xC2, 0x4E, 0xB1, 0x18, 0x75, 0x9F, 0x39, 0xFD, 0xEA, 0xBA, 0x05, 0x54,
    0xB4, 0x4F, 0xF6, 0x09, 0x40, 0x07, 0xD1, 0x56, 0xE9, 0x61, 0xD2, 0x00, 0x6A, 0x95, 0xE6, 0x76,
    0xAD, 0x20, 0x5B, 0x99, 0xB2, 0xB1, 0xEF, 0xD8, 0xC7, 0x6F, 0xF6, 0x43, 0x80, 0x5E, 0x42, 0x33,
    0x33, 0xF0, 0x30, 0x97, 0xD5, 0x30, 0xF9, 0x48, 0xE9, 0xD0, 0xC9, 0x30, 0x79, 0xCF, 0x3E, 0xE3,
    0x3B, 0x69, 0x3A, 0xB6, 0x8B, 0x6B, 0x73, 0x5B, 0x61, 0x66, 0xB4, 0xFC, 0x62, 0xB6, 0x67, 0xBD,
    0x75, 0x21, 0x73, 0x36, 0xFE, 0xC8, 0xC5, 0x67, 0xC0, 0x47, 0x7B, 0xDE, 0xB2, 0x34, 0x0D, 0xDB,
    0xAC, 0xA7, 0x63, 0x4C, 0xF9, 0x45, 0x3B, 0xE4, 0xF9, 0xF1, 0x5E, 0x9C, 0xAD, 0x8E, 0xE0, 0xC6,
    0x3B, 0xC6, 0x1B, 0xEB, 0x51, 0x96, 0xA3, 0xAC, 0x46, 0x51, 0x0A, 0x09, 0xBF, 0xA7, 0x21, 0x5B,
    0x47, 0x80, 0x49, 0x84, 0x49, 0x82, 0xF1, 0x3B, 0xD8, 0x25, 0x4D, 0x28, 0x99, 0xEE, 0x51, 0x5B,
    0x26, 0x28, 0x2E, 0x63, 0xED, 0x2C, 0x45, 0xB1, 0x9E, 0xDB, 0xD1, 0xF1, 0x4A, 0xD2, 0x80, 0xEF,
    0xA3, 0x38, 0x7D, 0xA3, 0x15, 0xD1, 0xCD, 0xC6, 0xD6, 0x84, 0x1E, 0x10, 0x06, 0x9C, 0xCC, 0x7E,
    0x8F, 0x3F, 0x00, 0x7F, 0xBA, 0x7C, 0x2B, 0x93, 0x7F, 0x02, 0x42, 0x68, 0x83, 0x75, 0x56, 0x8A,
    0x4C, 0x46, 0x87, 0x03, 0xC6, 0x55, 0x20, 0x8E, 0x2A, 0x56, 0x41, 0x9B, 0x54, 0x9E, 0x46, 0xC0,
    0x0D, 0x80, 0x25, 0x6C, 0x1D, 0x6C, 0x57, 0x51, 0x8E, 0x96, 0xC3, 0x8B, 0x22, 0x87, 0x33, 0xF6,
    0xE0, 0xBB, 0x5A, 0x16, 0xA1, 0x42, 0x44, 0x34, 0x91, 0x92, 0x55, 0xC0, 0xA2, 0x17, 0xCB, 0x27,
    0x97, 0xDB, 0xE8, 0x03, 0xD6, 0x6D, 0x2E, 0x3F, 0x7F, 0xDE, 0xFC, 0x5B, 0x64, 0x1A, 0x3C, 0xC4,
    0x2B, 0x6C, 0xF0, 0x7F, 0x01, 0xAD, 0x96, 0x05, 0x6C, 0xE5, 0xCA, 0x15, 0x86, 0x3F, 0x7B, 0x94,
    0xB5, 0x14, 0x6B, 0x77, 0x04, 0x65, 0x72, 0x99, 0x1B, 0x97, 0x31, 0x9B, 0x71, 0x99, 0x19, 0x85,
    0xAD, 0x58, 0x2A, 0x33, 0x26, 0xB1, 0x9F, 0xA0, 0xCC, 0x28, 0x2E, 0x33, 0x33, 0x25, 0x6B, 0x8B,
    0xA5, 0xA2, 0x2B, 0xE6, 0x37, 0x65, 0x6E, 0x47, 0x95, 0x2B, 0xF9, 0xE5, 0x8D, 0x3D, 0x9D, 0x13,
    0xEA, 0xD5, 0xE6, 0xC1, 0xCD, 0xDB, 0x5C, 0xCF, 0xEF, 0xE1, 0x39, 0x9F, 0x7D, 0xCE, 0x8C, 0x2F,
    0x85, 0x05, 0xE3, 0xA2, 0x06, 0xD8, 0x1A, 0xC1, 0x7B, 0x18, 0xB7, 0x48, 0x87, 0x0D, 0x94, 0x33,
    0xA8, 0x10, 0xAA, 0x3C, 0x84, 0x4E, 0x47, 0x15, 0x9D, 0xEE, 0xCB, 0x26, 0x73, 0xA6, 0x52, 0xAE,
    0x46, 0x8D, 0x00, 0xE4, 0x1D, 0xE8, 0x4E, 0x72, 0xB2, 0x50, 0x95, 0xA1, 0xD7, 0xDF, 0x74, 0x28,
    0x97, 0xBC, 0xD0, 0x95, 0xC1, 0xB5, 0xC1, 0xCD, 0xCA, 0x79, 0xE5, 0xC2, 0x37, 0x5D, 0x3D, 0xBB,
    0xE2, 0xB7, 0x0E, 0x40, 0xAC, 0x20, 0xF7, 0x35, 0xC0, 0x74, 0xA0, 0xA2, 0xB2, 0x28, 0x5D, 0xC1,
    0x79, 0x80, 0xC3, 0xF6, 0xBA, 0x87, 0xD6, 0xC2, 0x9E, 0x23, 0xF9, 0xEF, 0x40, 0xEA, 0x46, 0xE2,
    0x6A, 0x64, 0x76, 0x97, 0x3C, 0xCC, 0x44, 0x26, 0x8A, 0x10, 0x8D, 0x56, 0x45, 0x63, 0x22, 0x44,
    0x8D, 0xEE, 0x67, 0x72, 0x97, 0x7A, 0x54, 0x00, 0x0D, 0xDB, 0xF0, 0x23, 0x60, 0x09, 0x32, 0xEB,
    0x40, 0x59, 0x6E, 0xF3, 0x8E, 0x0E, 0xF3, 0x47, 0x18, 0x06, 0x92, 0x0F, 0xDE, 0xF3, 0x90, 0xA4,
    0x87, 0xDA, 0x42, 0xEB, 0x60, 0x8A, 0xED, 0xE3, 0x48, 0x3A, 0x78, 0x94, 0xDB, 0x8A, 0x24, 0x86,
    0x3C, 0x04, 0x21, 0xA9, 0x22, 0x49, 0x67, 0x2A, 0xDD, 0xC5, 0x16, 0x5B, 0x93, 0xB9, 0x19, 0xE5,
    0x60, 0x05, 0xD8, 0x20, 0x9D, 0x5E, 0x4F, 0xF6, 0x6F, 0xB8, 0x90, 0x75, 0x1C, 0xF2, 0x10, 0x81,
    0x10, 0x22, 0x19, 0x16, 0x99, 0x88, 0x50, 0xB4, 0x51, 0x11, 0x0B, 0x1F, 0x15, 0xC1, 0x88, 0x64,
    0x08, 0xDA, 0x26, 0x50, 0xDC, 0xA6, 0x61, 0xA5, 0xB6, 0x67, 0xC6, 0x76, 0x33, 0x60, 0x0D, 0xC8,
    0x5F, 0xD5, 0xC3, 0xB6, 0x03, 0xB7, 0x0E, 0x00, 0xF5, 0x40, 0x1A, 0x26, 0xD8, 0x0B, 0x80, 0x81,
    0x9B, 0xD7, 0xA4, 0x21, 0x1C, 0xAC, 0x65, 0xE5, 0x3D, 0x47, 0xC5, 0xBE, 0x2C, 0xFC, 0x9B, 0x64,
    0xD6, 0x80, 0xB2, 0xC0, 0xB7, 0xD0, 0xFF, 0xE9, 0x29, 0x46, 0x58, 0xBF, 0x08, 0x2F, 0x59, 0x05,
    0x00, 0xED, 0x40, 0xDA, 0x4A, 0x0F, 0x66, 0x17, 0xB6, 0x37, 0xC0, 0x9B, 0xA8, 0xB2, 0x4A, 0x46,
    0xDD, 0xA8, 0xC8, 0x15, 0xD5, 0xC7, 0xB5, 0xAD, 0xEE, 0x95, 0xD3, 0x9D, 0x1A, 0xCA, 0x2E, 0xF5,
    0xA6, 0x49, 0x3C, 0x78, 0xB8, 0x1F, 0xDC, 0x3E, 0x9D, 0x5E, 0x9D, 0x5D, 0x8D, 0x56, 0xDD, 0xB2,
    0x8E, 0xDC, 0x78, 0x3A, 0xB4, 0x1E, 0x3E, 0xF4, 0x3D, 0x58, 0xFD, 0x20, 0x94, 0x03, 0x7C, 0xEF,
    0x7E, 0x00, 0x57, 0xFC, 0xD2, 0xD2, 0xE1, 0x53, 0x59, 0xE8, 0x57, 0xF3, 0x86, 0x96, 0x34, 0x34,
    0xF9, 0x55, 0x76, 0x59, 0x28, 0xDD, 0x83, 0x71, 0xE0, 0x77, 0xE0, 0x83, 0xB7, 0x06, 0xE0, 0x2C,
    0xF7, 0x5E, 0x32, 0xC5, 0x00, 0xAB, 0x8A, 0x27, 0xF6, 0xCB, 0xF2, 0x2C, 0xEE, 0x43, 0x51, 0x62,
    0xE1, 0x2D, 0x4F, 0x05, 0x33, 0x43, 0x3E, 0x72, 0xFC, 0xD3, 0xC3, 0x82, 0x07, 0xB7, 0x0E, 0x3C,
    0xB8, 0x7B, 0xEC, 0xC1, 0xEE, 0xC8, 0x83, 0x59, 0x08, 0xEE, 0xD0, 0x83, 0x63, 0xD1, 0x25, 0xD1,
    0x83, 0x78, 0x56, 0xE0, 0x22, 0x3C, 0x98, 0x0B, 0x69, 0x97, 0x87, 0x2E, 0x9D, 0xB9, 0x61, 0xB8,
    0xB9, 0x70, 0x75, 0x10, 0x38, 0x99, 0x85, 0x86, 0xE4, 0xB7, 0xF7, 0x85, 0x20, 0xC6, 0xED, 0x99,
    0x78, 0x2F, 0xA9, 0x48, 0x1C, 0xBC, 0xFA, 0xF4, 0x40, 0xBA, 0x81, 0xB4, 0x83, 0x4F, 0xBC, 0xE8,
    0x24, 0x50, 0x79, 0xE8, 0xC5, 0x5A, 0x80, 0x0E, 0xBC, 0x98, 0x8C, 0xBB, 0x28, 0xB7, 0x1D, 0x25,
    0x40, 0xA1, 0x8A, 0x40, 0x4D, 0x54, 0x57, 0x36, 0xBA, 0x37, 0x55, 0x6E, 0x0D, 0x99, 0x6B, 0x51,
    0x03, 0x23, 0xBC, 0x1C, 0xEE, 0x28, 0x40, 0x3A, 0x34, 0xA7, 0x01, 0x7A, 0x2C, 0x98, 0x00, 0xF7,
    0xDF, 0x84, 0x87, 0xE7, 0x27, 0xDD, 0x56, 0x38, 0x30, 0xA2, 0x11, 0xB6, 0x3C, 0xF8, 0xDD, 0xA8,
    0x6D, 0xD2, 0xC1, 0xA0, 0x5C, 0x59, 0xA9, 0x08, 0x74, 0x18, 0x5A, 0x7D, 0xD1, 0xE5, 0xB6, 0x6C,
    0x94, 0x84, 0xD6, 0x50, 0x93, 0xFA, 0x74, 0xF8, 0x56, 0x16, 0xFA, 0x73, 0x79, 0x93, 0x63, 0x55,
    0xE8, 0x09, 0xD5, 0xB2, 0x50, 0xCF, 0x5A, 0x01, 0x57, 0x40, 0x3B, 0x41, 0x39, 0xC2, 0x4A, 0x75,
    0x32, 0xCE, 0x77, 0x17, 0xE3, 0x5C, 0x60, 0x0C, 0xD9, 0x09, 0x98, 0xEC, 0x18, 0xE6, 0xF2, 0x38,
    0xD7, 0x89, 0xCB, 0x43, 0xC4, 0x6A, 0x78, 0x1E, 0xE7, 0xC4, 0xCB, 0xD7, 0xCF, 0x74, 0x22, 0xCE,
    0xA3, 0x99, 0x98, 0xE6, 0xE7, 0xE3, 0x91, 0x14, 0x0B, 0x21, 0x48, 0x92, 0x2A, 0x8B, 0x8D, 0x32,
    0x8C, 0x03, 0x73, 0x9D, 0xDC, 0x53, 0x31, 0xE4, 0xCC, 0x57, 0xC7, 0x4B, 0x89, 0x9F, 0x9F, 0xEF,
    0x43, 0x90, 0x34, 0xC1, 0x25, 0x30, 0x7F, 0xFA, 0x51, 0x11, 0xC6, 0x34, 0x58, 0x80, 0x1D, 0xF0,
    0x72, 0xCF, 0x1B, 0xB4, 0x03, 0x47, 0xE2, 0xC8, 0x7A, 0x54, 0x05, 0x9C, 0xCE, 0x7A, 0xE2, 0x49,
    0x02, 0x68, 0xD8, 0x80, 0x37, 0x03, 0x37, 0xCC, 0xF0, 0xBD, 0x22, 0x0C, 0x69, 0xE8, 0xCB, 0x27,
    0x56, 0x75, 0xE0, 0x27, 0x33, 0xCF, 0xBA, 0xD9, 0xA9, 0x2D, 0x66, 0xF6, 0x5B, 0x71, 0xFD, 0xB5,
    0xB6, 0xBF, 0xD9, 0xCA, 0x91, 0xAD, 0xBF, 0x8B, 0xAD, 0x89, 0xEB, 0x7B, 0xDE, 0xCD, 0xF4, 0x73,
    0x2E, 0x9F, 0xAA, 0x62, 0x8D, 0x7B, 0x9E, 0x03, 0x30, 0xC1, 0x4A, 0xFA, 0x58, 0x65, 0xC0, 0x80,
    0x14, 0x42, 0x27, 0x09, 0x0C, 0x2C, 0x34, 0xCA, 0x30, 0xD0, 0x0D, 0xAC, 0x91, 0x86, 0x9B, 0x91,
    0xFD, 0xBC, 0xE3, 0x42, 0x62, 0x01, 0xC4, 0x34, 0xD1, 0x36, 0xF1, 0x41, 0x89, 0xD6, 0x23, 0x9F,
    0x27, 0x84, 0x03, 0x4D, 0x08, 0x02, 0xC2, 0x40, 0x84, 0x40, 0x28, 0x2E, 0x02, 0x7A, 0xB5, 0x21,
    0xA9, 0x1D, 0xEC, 0xFC, 0x08, 0x3E, 0x75, 0x4F, 0x38, 0x7C, 0x78, 0x51, 0x5C, 0x00, 0x3C, 0x07,
    0x92, 0x72, 0x08, 0xA2, 0xA3, 0xB6, 0xCB, 0xFB, 0x1A, 0xD1, 0x45, 0xA0, 0x00, 0x92, 0xD2, 0xC1,
    0xE6, 0x0E, 0xD8, 0x3B, 0x00, 0x40, 0x39, 0x90, 0x84, 0x80, 0xDA, 0x6B, 0x9B, 0xDC, 0x16, 0x9D,
    0xFE, 0xE3, 0x8B, 0x25, 0x66, 0x0F, 0xD4, 0x43, 0x6E, 0x41, 0xCD, 0x2F, 0x6B, 0x12, 0x59, 0xA7,
    0x9C, 0x21, 0x75, 0xF0, 0x7A, 0x75, 0x8D, 0xD5, 0x9E, 0xB5, 0x82, 0xBB, 0xDE, 0x94, 0xB7, 0xB4,
    0x09, 0xE7, 0x63, 0x4A, 0xC3, 0xC3, 0xB3, 0xAB, 0x1B, 0x9D, 0x5A, 0x58, 0x2A, 0x1A, 0x8B, 0xF7,
    0x60, 0x66, 0xEE, 0xFF, 0x23, 0xD2, 0x4F, 0xA1, 0x47, 0x1E, 0x7E, 0x07, 0xE0, 0xD4, 0x21, 0x91,
    0x86, 0x21, 0x13, 0x06, 0x68, 0xAB, 0xE4, 0xDA, 0x3E, 0x6B, 0x86, 0x25, 0xAD, 0x6B, 0x47, 0x39,
    0xB2, 0xB5, 0xCD, 0xB3, 0x56, 0x81, 0x2B, 0xD8, 0x77, 0x13, 0x79, 0xA8, 0xCA, 0xDC, 0xC2, 0xA9,
    0xF7, 0xE0, 0x1A, 0xA6, 0x53, 0x5D, 0xD6, 0xE9, 0xEA, 0x02, 0x10, 0x47, 0xFB, 0xB2, 0xD7, 0xDD,
    0xE5, 0x57, 0xD9, 0x4B, 0x4F, 0x5D, 0xD5, 0x71, 0xAC, 0x6E, 0xEE, 0x00, 0x98, 0xEB, 0xB9, 0x6E,
    0x78, 0x05, 0x28, 0x31, 0x51, 0x3B, 0x7E, 0x07, 0xBF, 0xF0, 0x93, 0x06, 0xDA, 0x11, 0xF9, 0x08,
    0x94, 0xD7, 0xB4, 0xBD, 0x69, 0x72, 0x27, 0x07, 0xFF, 0x44, 0x3A, 0x4E, 0x24, 0xA3, 0x27, 0xF1,
    0x92, 0x4B, 0x5D, 0xDA, 0xA5, 0xBF, 0xDC, 0x6B, 0x7B, 0x19, 0x2F, 0xF3, 0x00, 0xD0, 0x4D, 0x54,
    0x27, 0x39, 0xE7, 0x66, 0x8A, 0xD0, 0x9B, 0xAF, 0xBA, 0x4B, 0x71, 0x7E, 0xE2, 0x3D, 0x92, 0x62,
    0x21, 0x56, 0x63, 0x63, 0xEC, 0x4A, 0x67, 0x16, 0x8F, 0x3C, 0xCA, 0x06, 0x8C, 0x85, 0xC4, 0x1D,
    0x28, 0xEF, 0xA3, 0x2A, 0x00, 0x92, 0xF6, 0x0F, 0xE4, 0x61, 0x26, 0xDA, 0x6B, 0x4C, 0x55, 0x74,
    0x97, 0xC8, 0xED, 0x44, 0xE6, 0x44, 0x1E, 0xE5, 0x8E, 0xCA, 0xD2, 0x2E, 0xFD, 0x32, 0x4E, 0xC6,
    0xCB, 0xBC, 0x93, 0xE7, 0xD3, 0x72, 0x64, 0xC9, 0xB3, 0x20, 0xEB, 0x30, 0xBF, 0x86, 0x60, 0x49,
    0x9C, 0x23, 0x6D, 0xEE, 0x79, 0xC5, 0x34, 0x50, 0x02, 0xEB, 0xA4, 0xD3, 0xB3, 0xC8, 0x3E, 0x50,
    0xC9, 0xD7, 0x94, 0x43, 0x26, 0x81, 0x22, 0x02, 0x10, 0x39, 0x88, 0x38, 0x1C, 0x5D, 0x52, 0x96,
    0x36, 0xE9, 0x93, 0x31, 0x82, 0xF7, 0x3C, 0x60, 0x1D, 0xD0, 0xA6, 0x83, 0x56, 0xF8, 0x86, 0x33,
    0xE1, 0xFB, 0xFF, 0x81, 0x62, 0xE1, 0xCD, 0x03, 0xD8, 0xFB, 0x02, 0xC0, 0xAB, 0x2C, 0x49, 0x98,
    0xE4, 0x40, 0x41, 0x3E, 0x7B, 0xBA, 0x2F, 0x8E, 0xE3, 0x4A, 0xCA, 0xD2, 0x26, 0x7D, 0x32, 0x06,
    0x99, 0x8B, 0xAE, 0x40, 0x35, 0x22, 0xCC, 0xAF, 0xA0, 0xED, 0xCF, 0xF0, 0x1D, 0x9E, 0xFC, 0xBB,
    0xBD, 0x9C, 0x53, 0x37, 0xCE, 0x43, 0xF0, 0xF0, 0x9B, 0x01, 0x56, 0x1B, 0x30, 0x0E, 0x86, 0x75,
    0x80, 0xEB, 0x81, 0xD2, 0x4B, 0x43, 0xA5, 0xC1, 0x66, 0xA1, 0x03, 0x68, 0x49, 0xAF, 0x6D, 0xB2,
    0xAB, 0xEC, 0xB2, 0x50, 0x47, 0x20, 0xD3, 0x88, 0x72, 0x06, 0x00, 0x80, 0x33, 0xDC, 0x8B, 0x8B,
    0x7F, 0xB9, 0x4F, 0xBF, 0x2F, 0xF9, 0x12, 0xA0, 0x46, 0x20, 0xEF, 0x81, 0xA2, 0xE2, 0xF8, 0x57,
    0x36, 0xB4, 0x7F, 0x28, 0xAB, 0x68, 0xB6, 0x26, 0xDA, 0xF7, 0x98, 0x4A, 0x3B, 0x5A, 0x72, 0xC7,
    0x84, 0x3A, 0xBC, 0x79, 0xD4, 0x62, 0x55, 0x7A, 0x65, 0x5C, 0x2F, 0x33, 0x3A, 0xE2, 0x5C, 0x0E,
    0xBC, 0xFA, 0x3F, 0xB5, 0xD4, 0x31, 0x8C, 0xDB, 0x54, 0x1C, 0x06, 0xF0, 0x9F, 0x6D, 0xDA, 0x0C,
    0x91, 0x6A, 0x06, 0x36, 0x54, 0xBC, 0xAB, 0x12, 0xD9, 0x25, 0xC4, 0xF3, 0xCE, 0x40, 0xF7, 0x7D,
    0x67, 0xE9, 0xC8, 0xDD, 0x99, 0x7D, 0xB9, 0x7D, 0x66, 0x40, 0xEA, 0x50, 0x86, 0x0E, 0x0C, 0xD7,
    0xD8, 0xA8, 0x03, 0x6B, 0x04, 0xBB, 0x94, 0x42, 0x25, 0xD6, 0x57, 0x38, 0x81, 0x45, 0x5F, 0x62,
    0xFC, 0x20, 0x57, 0x81, 0xDA, 0xC2, 0xA9, 0xBD, 0xD3, 0xDD, 0xF7, 0xF9, 0x29, 0xB1, 0x5F, 0x7E,
    0xF9, 0x5B, 0xB1, 0x7A, 0x43, 0xC0, 0x58, 0xDC, 0x65, 0xB1, 0xBD, 0xB9, 0xFF, 0x64, 0xD3, 0x4C,
    0xD3, 0x10, 0xEE, 0x4F, 0xD6, 0xE5, 0x68, 0x57, 0x24, 0x17, 0x7F, 0x79, 0x9D, 0x5F, 0x0B, 0xF7,
    0xA3, 0x66, 0xDA, 0x28, 0xF7, 0xAD, 0xE2, 0x4B, 0xD8, 0xC3, 0xAA, 0xC5, 0x62, 0x00, 0x60, 0xD5,
    0xE9, 0x9F, 0xAE, 0xDA, 0xE5, 0x34, 0x9D, 0x58, 0xFD, 0xD1, 0x27, 0xA1, 0xAD, 0xA3, 0xDE, 0x32,
    0xDA, 0xA9, 0x0E, 0x95, 0x0E, 0xAB, 0x43, 0xE5, 0x77, 0xF3, 0x79, 0x9B, 0x7C, 0xC5, 0x60, 0xBE,
    0x96, 0xA2, 0x7F, 0x4A, 0xBD, 0xA5, 0x1C, 0x71, 0xF4, 0x66, 0x50, 0x1F, 0x43, 0x18, 0x50, 0x0D,
    0x17, 0xD0, 0xA6, 0xC5, 0xAD, 0x6B, 0xD0, 0x96, 0x69, 0xCE, 0x84, 0x1A, 0xC7, 0xF8, 0xA6, 0x3C,
    0xCD, 0xEA, 0xF2, 0x85, 0x7A, 0x7F, 0x09, 0x35, 0xDE, 0xBB, 0x81, 0xFD, 0x6D, 0xCA, 0x29, 0x51,
    0x7D, 0x37, 0x52, 0xB8, 0x7B, 0xD5, 0xE0, 0x4C, 0x8B, 0xEA, 0x69, 0xEB, 0x83, 0x7E, 0x98, 0x3F,
    0xF3, 0xAF, 0xF1, 0x6E, 0x0F, 0xE3, 0x6D, 0xD7, 0x65, 0xFA, 0xFF, 0xF1, 0x5E, 0xB1, 0x07, 0xA8,
    0xBB, 0x5C, 0xC3, 0xC5, 0xCA, 0x22, 0xB2, 0x9C, 0x6D, 0x9F, 0x0E, 0xB3, 0xAD, 0x0B, 0xF7, 0x77,
    0x97, 0x1B, 0x22, 0x9C, 0x21, 0xE5, 0x23, 0x49, 0xB8, 0x54, 0x76, 0x82, 0x5E, 0x2F, 0x4C, 0x3B,
    0xCD, 0x34, 0x2A, 0xA7, 0xD3, 0x97, 0xF7, 0xAA, 0xE2, 0x2B, 0xFF, 0x77, 0x8B, 0x38, 0x7D, 0x16,
    0x4F, 0xF6, 0xB1, 0x79, 0x12, 0x61, 0x24, 0xE5, 0x2E, 0x46, 0x8A, 0x09, 0xCD, 0x21, 0x47, 0xB8,
    0x07, 0x6F, 0xE7, 0x2A, 0xD3, 0x7C, 0xA0, 0xE6, 0x98, 0x87, 0xFC, 0xA7, 0xAC, 0x9F, 0x65, 0x29,
    0x36, 0xDB, 0xE8, 0xE6, 0x29, 0xEA, 0x0D, 0x42, 0x8B, 0x33, 0xFF, 0xFC, 0xF5, 0x26, 0x61, 0xD5,
    0xCE, 0xD5, 0x9B, 0x2B, 0xE5, 0x3A, 0xCD, 0xE5, 0xF5, 0x95, 0x65, 0x99, 0x26, 0xDB, 0x64, 0x9C,
    0xAC, 0x93, 0x77, 0xE3, 0x88, 0x22, 0xFA, 0x0A, 0x29, 0x55, 0xBF, 0x8C, 0xA9, 0x9A, 0xE2, 0x9C,
    0x21, 0x55, 0xE7, 0x19, 0xFB, 0xAF, 0xCC, 0x48, 0xF3, 0xFC, 0xCC, 0x03, 0xD4, 0x3C, 0x39, 0x38,
    0xE7, 0xF3, 0x90, 0x60, 0x75, 0x5D, 0xD0, 0x7A, 0x43, 0x19, 0xF1, 0xF9, 0x9B, 0x41, 0x8B, 0x11,
    0xC5, 0x1E, 0x9A, 0x17, 0x75, 0x04, 0xF7, 0xAE, 0x5E, 0xFB, 0xF2, 0x63, 0xE6, 0xE1, 0x4B, 0xEA,
    0xEE, 0x75, 0xEA, 0x3E, 0xAB, 0x77, 0x51, 0xB3, 0x8D, 0xB4, 0xEF, 0x52, 0x8D, 0x5F, 0xB3, 0x9C,
    0x22, 0x75, 0xB3, 0xE1, 0x9D, 0xE2, 0x1A, 0xC0, 0xCB, 0xEF, 0x07, 0xCD, 0x34, 0xF8, 0xB0, 0x6F,
    0xE7, 0xC7, 0x4C, 0x86, 0x3E, 0x9B, 0x33, 0x9D, 0xCF, 0xD9, 0x5C, 0x62, 0xBC, 0x57, 0xEE, 0x01,
    0x46, 0x48, 0x2F, 0x56, 0xDE, 0xEC, 0xD6, 0x83, 0x11, 0x09, 0x23, 0x45, 0xC2, 0x09, 0xEA, 0x8E,
    0x72, 0x0E, 0x7A, 0xAB, 0x21, 0x08, 0xED, 0xAA, 0xEB, 0xD5, 0x43, 0xB2, 0x7C, 0x32, 0xAA, 0x7E,
    0x8D, 0x8A, 0x69, 0xCB, 0x34, 0x70, 0xD2, 0x11, 0xBC, 0x32, 0xE5, 0xC5, 0x7E, 0xCB, 0x0E, 0xAC,
    0x05, 0x21, 0x77, 0xBB, 0xD3, 0x74, 0x49, 0xFD, 0xED, 0x68, 0xF9, 0x43, 0x54, 0xFD, 0x34, 0xE7,
    0xF7, 0x8D, 0x62, 0x1A, 0x98, 0x3A, 0xFA, 0x96, 0x13, 0xAC, 0xB1, 0xE3, 0x4E, 0x22, 0x44, 0x42,
    0xF7, 0x76, 0x1E, 0xB0, 0x3A, 0xAC, 0x57, 0xAC, 0xAD, 0x83, 0x14, 0xDA, 0xD4, 0x7C, 0x71, 0x5E,
    0x3F, 0x8E, 0xCB, 0xC7, 0xB1, 0xFA, 0x79, 0x53, 0x3D, 0x1F, 0xB2, 0x63, 0x6A, 0xF5, 0x1C, 0xF3,
    0x88, 0x74, 0x76, 0x67, 0x4C, 0x21, 0x9E, 0x85, 0x8E, 0x63, 0xF4, 0x03, 0x8B, 0x43, 0x56, 0x2D,
    0xB7, 0x5D, 0x8C, 0xAA, 0x0B, 0xC2, 0xDC, 0xEB, 0xBF, 0x69, 0x3F, 0x5E, 0x9E, 0x26, 0xB4, 0x9C,
    0x0C, 0x54, 0x03, 0x75, 0xC7, 0x2D, 0x20, 0xB4, 0xF9, 0xAB, 0x06, 0xF5, 0x70, 0xAC, 0xDE, 0x3C,
    0xB2, 0xD8, 0x26, 0xD5, 0xB3, 0x51, 0xF9, 0x5B, 0x54, 0x3C, 0x8F, 0xE4, 0xBD, 0xF3, 0x75, 0xE1,
    0x60, 0x09, 0x38, 0xE6, 0xFD, 0xC4, 0x6A, 0xA4, 0xD9, 0x50, 0x8C, 0x1F, 0xA9, 0xA6, 0xD1, 0xE2,
    0x41, 0x54, 0x14, 0xED, 0xDB, 0xDF, 0xD6, 0xF3, 0x7B, 0x16, 0x53, 0x54, 0x3F, 0xD8, 0xBA, 0x51,
    0xB4, 0x57, 0x72, 0x5B, 0xFF, 0x04, 0x9D, 0x54, 0x01, 0x84, 0x1D, 0x47, 0x18, 0xFE, 0x76, 0x27,
    0xB1, 0x74, 0x34, 0x13, 0x84, 0x56, 0x25, 0x5D, 0x80, 0x28, 0xBD, 0x85, 0x43, 0xCB, 0xEE, 0xDB,
    0x8D, 0xA0, 0x08, 0x9A, 0x4A, 0x9F, 0xA2, 0x50, 0x00, 0x40, 0x11, 0x5C, 0x78, 0x97, 0x37, 0xED,
    0xA1, 0x08, 0x0A, 0x80, 0xA2, 0x45, 0x01, 0x48, 0x71, 0x58, 0xEC, 0xBD, 0x37, 0xFA, 0x44, 0x50,
    0xD8, 0xF4, 0xD4, 0x21, 0xB8, 0x55, 0x0A, 0x0E, 0x26, 0x79, 0x9B, 0x76, 0x93, 0x4E, 0xDE, 0xF4,
    0x9F, 0x79, 0x7B, 0x2F, 0xB9, 0x97, 0x4B, 0x55, 0xBF, 0xFF, 0x9F, 0xD9, 0xEF, 0xFF, 0xF7, 0xFF,
    0xE7, 0x7D, 0x6F, 0x67, 0x76, 0x87, 0x85, 0x55, 0x56, 0xF5, 0xF3, 0xF0, 0xBA, 0xB5, 0x9A, 0x7C,
    0x48, 0x31, 0x25, 0x28, 0x43, 0xF8, 0xD4, 0x12, 0x8C, 0x9F, 0xD6, 0x42, 0x2D, 0xFE, 0xAB, 0xD1,
    0x52, 0xF0, 0x58, 0x12, 0x81, 0x04, 0x03, 0xDC, 0xC6, 0x1E, 0x72, 0xB2, 0x01, 0x46, 0x28, 0x91,
    0x14, 0x09, 0xF1, 0x8C, 0xF8, 0x1E, 0xDD, 0x19, 0x20, 0x81, 0x80, 0x88, 0x54, 0x22, 0xE4, 0x20,
    0x2E, 0x6E, 0x27, 0xC5, 0x1E, 0x95, 0x0A, 0x95, 0xFB, 0x70, 0x94, 0xA0, 0xCC, 0x10, 0xDF, 0xA9,
    0x93, 0x8F, 0xFB, 0x4C, 0x1A, 0x83, 0x0A, 0xA8, 0x6C, 0x20, 0x0A, 0x6A, 0xA1, 0x46, 0x56, 0xC3,
    0xB9, 0x72, 0x6E, 0x6D, 0x61, 0xAD, 0xBC, 0xF1, 0x1B, 0xF1, 0xD7, 0x7A, 0x54, 0x33, 0xC5, 0xD4,
    0x8D, 0x7B, 0x96, 0x40, 0xCC, 0x9B, 0xE3, 0x37, 0xEE, 0x39, 0x16, 0xD5, 0x89, 0x9C, 0x36, 0x56,
    0x3B, 0x9B, 0x36, 0x89, 0x04, 0x24, 0x3A, 0xD0, 0xB2, 0x0D, 0x19, 0x5A, 0x8A, 0x2A, 0x53, 0x56,
    0x5C, 0x19, 0xA1, 0x4A, 0x2E, 0x89, 0x54, 0xC4, 0x0C, 0xD1, 0xB2, 0x34, 0x66, 0x2B, 0xAE, 0x03,
    0x0D, 0x60, 0xAC, 0x49, 0x11, 0x30, 0xE9, 0xB8, 0x04, 0xD0, 0x8E, 0x04, 0x08, 0x3A, 0xDD, 0x58,
    0x5E, 0x46, 0x20, 0x74, 0x55, 0x37, 0xC1, 0x04, 0xE3, 0x27, 0x8F, 0xED, 0xD7, 0x56, 0xE6, 0xF3,
    0xFD, 0x83, 0xD9, 0x81, 0x3A, 0x7B, 0x6D, 0x46, 0x50, 0x10, 0x57, 0xFD, 0x25, 0x61, 0xFE, 0xB2,
    0xCD, 0x8E, 0x66, 0x47, 0x0A, 0x5D, 0x60, 0xBF, 0xB2, 0x92, 0xD6, 0x77, 0x7D, 0x71, 0xCD, 0x34,
    0xE0, 0x7F, 0x2A, 0x52, 0x80, 0xFF, 0x31, 0x21, 0x3D, 0x31, 0x26, 0x46, 0x4F, 0x06, 0xC7, 0x64,
    0x84, 0xBE, 0xE6, 0x89, 0xBD, 0x42, 0x86, 0xF1, 0x9F, 0x73, 0x3B, 0x23, 0x53, 0xF1, 0xFE, 0xC3,
    0x83, 0x23, 0xB2, 0x06, 0xFC, 0xDB, 0x99, 0x4B, 0x69, 0x08, 0xD1, 0x93, 0x8D, 0x63, 0x92, 0xF2,
    0x23, 0x87, 0x06, 0x2D, 0x5B, 0x76, 0x79, 0x11, 0xCE, 0x42, 0xCD, 0x1A, 0xAE, 0x04, 0x36, 0xF0,
    0x36, 0xF1, 0x8E, 0xFD, 0xAA, 0xF9, 0x4E, 0x2D, 0xB8, 0xCC, 0x84, 0x0B, 0xB7, 0x29, 0xEE, 0xF8,
    0xCE, 0x03, 0x2D, 0xF8, 0x8E, 0xCA, 0x28, 0x5D, 0x61, 0x80, 0x18, 0x5C, 0x32, 0x15, 0xC8, 0x2A,
    0x07, 0x6D, 0xA7, 0xE0, 0x2A, 0x9A, 0xD5, 0xAC, 0xD6, 0x55, 0x1E, 0x17, 0x83, 0xF8, 0x9A, 0x12,
    0x7C, 0x56, 0x47, 0xB3, 0x07, 0x9A, 0x52, 0x65, 0xA8, 0xC0, 0x6A, 0x70, 0x8D, 0x73, 0x37, 0x71,
    0x31, 0x45, 0x7A, 0x09, 0x37, 0x05, 0x82, 0x22, 0x6A, 0x84, 0xCA, 0x8B, 0x09, 0x16, 0xC8, 0x0B,
    0xA1, 0xA2, 0x26, 0x94, 0x67, 0x91, 0x38, 0xA6, 0xC3, 0x2E, 0x34, 0x91, 0x16, 0x2A, 0x29, 0xDE,
    0x00, 0xB8, 0x3A, 0x9F, 0x09, 0xD5, 0x26, 0x77, 0xEE, 0x6B, 0x4E, 0x1B, 0x19, 0x98, 0x09, 0xCA,
    0xBC, 0x2D, 0x4D, 0x5C, 0x9B, 0x2A, 0xD7, 0x15, 0xF6, 0x0C, 0xC2, 0x76, 0x80, 0xA8, 0x8E, 0xA5,
    0x90, 0x51, 0x9D, 0xF3, 0x9F, 0x75, 0x2A, 0xD4, 0xEE, 0x79, 0xEA, 0x33, 0x42, 0xFD, 0x8B, 0xC3,
    0x63, 0x75, 0x06, 0xF8, 0x02, 0x63, 0x5B, 0xE7, 0x87, 0x9A, 0xDD, 0xF7, 0x7E, 0x58, 0x33, 0x5B,
    0x30, 0x03, 0xA6, 0xC1, 0x1A, 0x2C, 0x11, 0x6A, 0x17, 0x86, 0x0D, 0xFC, 0x6B, 0x65, 0xC8, 0x41,
    0xF8, 0x12, 0x0C, 0x97, 0xF1, 0x26, 0xF8, 0x95, 0x5D, 0x04, 0x53, 0xE9, 0x07, 0x71, 0x9F, 0x73,
    0xF7, 0x3C, 0x22, 0xE0, 0x1C, 0x70, 0x09, 0x48, 0x81, 0x4D, 0xE0, 0x27, 0xA0, 0xC6, 0x8B, 0x07,
    0xB3, 0xE9, 0x1F, 0xCC, 0x45, 0xDC, 0xA4, 0x1A, 0x70, 0x05, 0x37, 0xCB, 0xD5, 0xCC, 0x1E, 0x7E,
    0x57, 0x00, 0x91, 0xB5, 0x14, 0x04, 0x77, 0x9F, 0x11, 0x47, 0xA2, 0x41, 0xD8, 0x6E, 0x41, 0x30,
    0x15, 0x80, 0x1F, 0x36, 0x37, 0x2F, 0x03, 0x14, 0x8F, 0x00, 0x0D, 0xA4, 0xB8, 0xAE, 0xBF, 0xB8,
    0x90, 0x5E, 0x98, 0x5A, 0x9D, 0x93, 0x50, 0x3F, 0x33, 0x03, 0x58, 0x44, 0x0B, 0x84, 0x56, 0x8A,
    0xEF, 0x8B, 0xE8, 0xA0, 0x8E, 0x85, 0xA4, 0x6D, 0x0B, 0xCE, 0x00, 0x57, 0xB0, 0xFC, 0xA4, 0x00,
    0x2D, 0x42, 0xED, 0x65, 0x29, 0x08, 0x60, 0xE0, 0x17, 0xEC, 0x10, 0xAC, 0x72, 0x05, 0x12, 0x20,
    0x03, 0x4A, 0xC0, 0x4A, 0x2B, 0x9F, 0x42, 0xAF, 0xEC, 0xA9, 0xCF, 0xAC, 0xC7, 0x53, 0x3D, 0xD5,
    0x6F, 0x69, 0x76, 0x6C, 0xC4, 0xA7, 0xED, 0xB4, 0x3D, 0x11, 0x93, 0xF1, 0x45, 0x31, 0x6D, 0x91,
    0xDB, 0x7D, 0xBB, 0x40, 0x7E, 0xF7, 0xF1, 0x33, 0x0B, 0x30, 0x8D, 0x71, 0xD1, 0xCF, 0x5C, 0xC3,
    0x02, 0x89, 0x62, 0xCF, 0x81, 0xA9, 0x8B, 0xD0, 0x41, 0x28, 0x40, 0x3B, 0x41, 0xB8, 0x8E, 0xB3,
    0x78, 0xB1, 0x45, 0xB1, 0x6F, 0x4D, 0x24, 0xC2, 0xC6, 0x71, 0x5A, 0xD9, 0xE4, 0xB6, 0x36, 0x83,
    0xBB, 0xDA, 0x80, 0xF5, 0x43, 0x34, 0x06, 0xB9, 0x32, 0x58, 0xC0, 0xA0, 0xA5, 0xA1, 0x69, 0xBC,
    0x58, 0xA1, 0x63, 0x14, 0x53, 0x77, 0x69, 0xB8, 0x75, 0xCD, 0x8D, 0x89, 0xA9, 0xF9, 0xCC, 0x7A,
    0xF3, 0x04, 0x06, 0x9D, 0x6F, 0x3E, 0x46, 0xE5, 0x63, 0x83, 0x92, 0xAC, 0xFF, 0x34, 0x7F, 0xDE,
    0xF8, 0xC7, 0x26, 0x91, 0x03, 0xDB, 0x80, 0x3B, 0xAD, 0x4E, 0x1E, 0xAF, 0x11, 0xCB, 0xE5, 0x87,
    0xAE, 0xFE, 0xCB, 0xEA, 0xB9, 0x6D, 0x4F, 0x3A, 0x65, 0x9A, 0xB9, 0x95, 0x73, 0x85, 0x53, 0xFD,
    0x93, 0x02, 0xDC, 0x92, 0x32, 0x33, 0x7E, 0x3E, 0xB2, 0x26, 0x7D, 0xD9, 0xA7, 0x26, 0xA5, 0x7C,
    0x6C, 0x4D, 0xE0, 0x0E, 0xA9, 0x24, 0x0D, 0x4F, 0x6C, 0xAB, 0xAD, 0x39, 0xE9, 0x9D, 0x97, 0x57,
    0x0F, 0x87, 0x40, 0xE5, 0x7D, 0x0B, 0xD9, 0xAD, 0xDD, 0xB1, 0xED, 0xDE, 0xB3, 0x3F, 0x86, 0x16,
    0xD1, 0xA1, 0x14, 0xBF, 0xA8, 0xF0, 0x6A, 0x01, 0xBA, 0x63, 0xCC, 0x16, 0x3C, 0x4C, 0x95, 0x66,
    0x1B, 0xEB, 0xC7, 0xFB, 0xFF, 0x62, 0xFD, 0xB5, 0x59, 0xE9, 0xF8, 0xF0, 0xD6, 0x6E, 0xEE, 0x75,
    0x04, 0x16, 0xEC, 0xB0, 0x20, 0x1D, 0x91, 0xD7, 0xB1, 0x26, 0xF4, 0x9D, 0x57, 0x84, 0x26, 0x4C,
    0xE5, 0x5C, 0x26, 0x02, 0x88, 0x81, 0x0C, 0x48, 0x81, 0x12, 0xD0, 0xFD, 0xE1, 0x65, 0x0A, 0x5C,
    0x42, 0x70, 0x15, 0x0B, 0x95, 0x71, 0x85, 0x21, 0x10, 0x20, 0xB2, 0x4F, 0x21, 0x10, 0x5B, 0xFB,
    0x6C, 0x82, 0x2C, 0x98, 0x5A, 0x83, 0x0F, 0x48, 0x4C, 0x73, 0xFA, 0x3B, 0xAC, 0x71, 0xE1, 0x51,
    0x91, 0xCD, 0x55, 0x6C, 0x8B, 0x68, 0xD1, 0xEF, 0x2F, 0xB7, 0xD8, 0xF8, 0x5B, 0x5E, 0x7E, 0x2C,
    0xA1, 0xE1, 0x37, 0xDA, 0xFF, 0x0A, 0x7A, 0xB9, 0x06, 0x28, 0x71, 0x02, 0xAB, 0x9A, 0x50, 0x77,
    0x66, 0x9B, 0xED, 0x3F, 0xD2, 0x1D, 0xFF, 0x66, 0xF6, 0xBB, 0x16, 0xE2, 0xA3, 0x99, 0xCA, 0xDE,
    0x15, 0xBC, 0x70, 0x15, 0xAE, 0x64, 0xB5, 0x4E, 0xFF, 0xCF, 0x0D, 0x60, 0xCA, 0x57, 0xD7, 0xC3,
    0x4B, 0xF5, 0xAB, 0x3A, 0x77, 0x3D, 0xED, 0x7E, 0x8F, 0x53, 0xD7, 0xAD, 0xDC, 0xDC, 0xC3, 0xF1,
    0x0D, 0x00, 0x79, 0x3F, 0xDE, 0xC7, 0x0A, 0x25, 0x44, 0x61, 0x10, 0x2B, 0x1A, 0x72, 0x8B, 0x38,
    0xD6, 0x31, 0xE8, 0x7B, 0xA8, 0xDF, 0x3F, 0xF3, 0x1D, 0x55, 0x8A, 0x99, 0x32, 0x6E, 0xF0, 0xAB,
    0x6A, 0xD7, 0xE5, 0xDC, 0x18, 0x7E, 0xF6, 0xC7, 0xD0, 0xF6, 0xA0, 0xF8, 0xB5, 0xB5, 0x4B, 0x59,
    0xA5, 0x3F, 0x83, 0x14, 0x54, 0x14, 0x93, 0x3B, 0x06, 0x10, 0xF9, 0x07, 0x9D, 0x50, 0x21, 0xAC,
    0x14, 0x31, 0x10, 0x7D, 0xC7, 0x89, 0x4F, 0xB2, 0x09, 0x45, 0x62, 0xF8, 0x15, 0xE8, 0x9F, 0x6A,
    0x92, 0xDD, 0xDB, 0xC3, 0x9B, 0x13, 0xE0, 0x0D, 0x41, 0x21, 0xBF, 0x40, 0xDC, 0xFE, 0x5D, 0x2F,
    0xF1, 0xF2, 0xFB, 0x9C, 0x40, 0xAC, 0xD8, 0xA3, 0xEB, 0x55, 0xBD, 0xAA, 0xC0, 0x67, 0xD8, 0x94,
    0x64, 0x8E, 0xDF, 0xCD, 0xD0, 0x66, 0xC9, 0x05, 0x2E, 0x20, 0xE0, 0xBD, 0xC9, 0xB4, 0x9D, 0xBC,
    0xCC, 0x74, 0x1E, 0x60, 0x5C, 0x1B, 0x62, 0xE4, 0x21, 0x73, 0xE0, 0x36, 0x68, 0xB7, 0x23, 0xD0,
    0x02, 0xDC, 0xAF, 0xB9, 0xE0, 0x27, 0x5C, 0xF2, 0x27, 0x96, 0x28, 0x11, 0x8C, 0x7B, 0xC0, 0x92,
    0xA5, 0x03, 0xC4, 0xD9, 0xB0, 0xE2, 0x57, 0x41, 0xC8, 0x76, 0x05, 0xD5, 0x74, 0x84, 0x04, 0x49,
    0x7D, 0x62, 0x6C, 0x59, 0x7B, 0x20, 0xEB, 0xD1, 0x83, 0x1E, 0xF9, 0xB5, 0x2B, 0x46, 0xB5, 0xAD,
    0x01, 0x18, 0x9F, 0x15, 0x03, 0xE7, 0x99, 0x59, 0x69, 0xD9, 0x78, 0xE3, 0x6C, 0x9E, 0x9F, 0xD4,
    0x9B, 0x61, 0xC5, 0x35, 0xD5, 0x9D, 0x82, 0x82, 0x50, 0xCE, 0xF9, 0x7C, 0xB3, 0x13, 0x42, 0x42,
    0xCE, 0x37, 0xE5, 0xED, 0x21, 0xFF, 0xEB, 0x70, 0x5B, 0xDE, 0xA4, 0xB8, 0x56, 0x09, 0xD7, 0xA9,
    0x38, 0x91, 0xC4, 0xBC, 0xC3, 0xC2, 0x3F, 0xED, 0x74, 0xE5, 0x8D, 0xB7, 0xFE, 0x85, 0x5F, 0x9F,
    0x09, 0x14, 0x5C, 0xCF, 0x8F, 0x37, 0xA8, 0xC0, 0x6B, 0xAF, 0xBB, 0x5A, 0x6A, 0xD1, 0xA9, 0xF2,
    0xB4, 0x51, 0x41, 0x31, 0x9A, 0xDD, 0x9D, 0x8D, 0xE6, 0xCB, 0xBF, 0x38, 0xF0, 0x79, 0xFB, 0x7F,
    0x0E, 0x00, 0x3F, 0x3D, 0xC8, 0xEF, 0xB8, 0xE9, 0x57, 0xE1, 0xD2, 0x05, 0x5C, 0xF8, 0xF0, 0xFC,
    0x2F, 0x3E, 0x18, 0x7A, 0x39, 0xA0, 0x6C, 0xE3, 0x69, 0x7F, 0x8A, 0xED, 0x7B, 0xED, 0x1B, 0x0E,
    0xA5, 0xC4, 0x6F, 0xAF, 0x9B, 0xB7, 0x3A, 0x68, 0x7F, 0x64, 0x2A, 0x33, 0x1B, 0xD6, 0x7E, 0x5F,
    0x55, 0xBD, 0xA2, 0xC2, 0x29, 0xAA, 0x3E, 0xF4, 0x55, 0xEB, 0xDE, 0x05, 0xEC, 0x93, 0x72, 0x7F,
    0x0C, 0xC6, 0x31, 0x32, 0xBF, 0xFF, 0xE6, 0xE9, 0x52, 0xE3, 0x8A, 0xC3, 0x83, 0x93, 0x71, 0x26,
    0xEE, 0xD3, 0xFD, 0x8C, 0xE9, 0x2B, 0x8B, 0xCC, 0x71, 0x6E, 0x78, 0xA8, 0xCE, 0x31, 0x85, 0x5F,
    0x1B, 0x4C, 0x5E, 0x78, 0x59, 0x51, 0xF8, 0xC1, 0x33, 0x32, 0xDB, 0x91, 0xB6, 0xA7, 0x94, 0xAF,
    0xDC, 0x47, 0x27, 0xDD, 0x33, 0x94, 0x90, 0x71, 0xC0, 0xC2, 0xBB, 0xCE, 0x8C, 0x3F, 0x00, 0x6D,
    0x93, 0x01, 0x84, 0x1D, 0xD7, 0x1A, 0xC7, 0xFF, 0xF7, 0x4E, 0xEC, 0xE4, 0x99, 0xF7, 0x1C, 0x08,
    0x1E, 0xC8, 0x00, 0x10, 0x5E, 0xE6, 0x21, 0xB4, 0xB8, 0x9B, 0xEF, 0x00, 0x50, 0xB5, 0xC1, 0xDE,
    0x40, 0x51, 0x00, 0x04, 0xAB, 0x05, 0xA1, 0xED, 0xCE, 0x68, 0x01, 0xA8, 0x00, 0x50, 0x34, 0x28,
    0x68, 0x54, 0x96, 0xA6, 0x1A, 0x6C, 0xEE, 0x9C, 0x34, 0x08, 0x82, 0x9D, 0xAA, 0x05, 0x60, 0xA2,
    0x69, 0xE9, 0x2E, 0xF6, 0x84, 0xC1, 0xDC, 0xCD, 0x77, 0xCE, 0xD7, 0xEF, 0x64, 0xAE, 0x88, 0xCA,
    0xEC, 0xFF, 0xF7, 0xDF, 0xFF, 0x9C, 0x73, 0xBE, 0x73, 0xE6, 0xDE, 0x6F, 0x6E, 0x1E, 0x51, 0x09,
    0xEA, 0xEF, 0x11, 0x81, 0x40, 0xCC, 0xC4, 0x81, 0x76, 0x57, 0x35, 0x6A, 0x19, 0x4B, 0x19, 0x67,
    0xED, 0x0D, 0x10, 0x40, 0xBB, 0x20, 0x4E, 0xFA, 0xCF, 0x35, 0x5C, 0x3E, 0x98, 0x0B, 0x1B, 0x61,
    0x1A, 0x87, 0xFA, 0xFD, 0x6E, 0x75, 0xCD, 0x85, 0x4F, 0x1C, 0x7F, 0xEA, 0xF8, 0xC7, 0x26, 0xFC,
    0x6E, 0xDB, 0xDF, 0x40, 0x4F, 0x51, 0xC9, 0x58, 0xC8, 0x98, 0x49, 0x9F, 0x7D, 0x88, 0xF9, 0x45,
    0xA0, 0x7D, 0xA1, 0xB7, 0xD5, 0xF9, 0x01, 0x35, 0x68, 0x81, 0x70, 0xE9, 0x52, 0xB8, 0x3E, 0x6A,
    0x7D, 0xA0, 0x26, 0x90, 0x5D, 0x11, 0xEA, 0x1A, 0x24, 0xA3, 0xD1, 0xE3, 0xA4, 0x57, 0x4F, 0x3A,
    0xBE, 0x61, 0x1C, 0x36, 0x12, 0xAF, 0x9A, 0x46, 0x44, 0x92, 0xF6, 0x8E, 0x37, 0x53, 0xB3, 0xB6,
    0xCF, 0x65, 0x30, 0xE7, 0x07, 0xD3, 0xAD, 0x88, 0x53, 0xED, 0x1D, 0xDB, 0x29, 0x94, 0x0E, 0x95,
    0x45, 0xBB, 0xDC, 0x15, 0x61, 0x15, 0x30, 0xB7, 0x00, 0xF2, 0x46, 0xCD, 0x00, 0x63, 0xFB, 0x6D,
    0x80, 0xE8, 0xD5, 0xC8, 0xFD, 0xD8, 0xBA, 0x98, 0x8D, 0xC6, 0x85, 0x6C, 0x30, 0x8E, 0x33, 0xBF,
    0x31, 0xCE, 0x93, 0x99, 0x37, 0x56, 0x25, 0x23, 0x35, 0x3C, 0x00, 0x00, 0xAF, 0xE0, 0x8E, 0x42,
    0xD6, 0x53, 0xE3, 0xC9, 0x79, 0xEA, 0xFC, 0x75, 0xEF, 0x45, 0x64, 0x15, 0xCF, 0x17, 0xB7, 0x35,
    0xA4, 0x6B, 0x71, 0xD5, 0x2F, 0xCC, 0x6B, 0x15, 0x7E, 0x91, 0x79, 0x19, 0x01, 0x11, 0x40, 0xCF,
    0x04, 0x97, 0x4F, 0x74, 0xEB, 0xA7, 0xCA, 0x33, 0xDD, 0xFD, 0x48, 0x44, 0x6A, 0x91, 0x50, 0x1D,
    0x47, 0xFD, 0xAC, 0x8C, 0x37, 0xFC, 0xAA, 0x08, 0x63, 0x2E, 0x5A, 0x3B, 0x15, 0x6B, 0x75, 0x03,
    0x2D, 0x7F, 0x1C, 0xAD, 0xD6, 0x4A, 0xC3, 0xE5, 0xD1, 0xA9, 0x8D, 0xED, 0x4E, 0x07, 0x89, 0xC6,
    0x43, 0x38, 0x8F, 0xE0, 0x47, 0x10, 0xCB, 0x35, 0x2A, 0xC7, 0x84, 0xF4, 0xF4, 0x5F, 0xB7, 0x7A,
    0xD0, 0x91, 0x68, 0xC5, 0x69, 0xC0, 0x43, 0xE3, 0xC6, 0x43, 0xE5, 0xF3, 0xB2, 0x1B, 0x16, 0x97,
    0x3B, 0xBF, 0xFD, 0xBF, 0xE7, 0x7E, 0x7B, 0xF1, 0xD2, 0xB7, 0xAB, 0x57, 0xA3, 0x88, 0x70, 0x79,
    0xFB, 0xE7, 0x4E, 0x71, 0xE6, 0xC1, 0x67, 0xCE, 0x78, 0x4A, 0x34, 0x85, 0x92, 0xF7, 0x95, 0x15,
    0x69, 0x48, 0xC4, 0x53, 0xFC, 0x68, 0x20, 0x16, 0x26, 0x8E, 0x4A, 0x78, 0x27, 0x35, 0x33, 0x56,
    0x1C, 0x6E, 0x06, 0x16, 0x19, 0x95, 0x3B, 0x00, 0x6F, 0xBA, 0x78, 0x33, 0x14, 0x23, 0x57, 0xC2,
    0xF5, 0x7D, 0x5E, 0xCD, 0x39, 0xCC, 0x98, 0xA1, 0x4A, 0xA1, 0x9D, 0x73, 0x7D, 0x8F, 0x29, 0x72,
    0x31, 0x30, 0x90, 0x2E, 0x12, 0xAF, 0x8E, 0xBD, 0x61, 0x2E, 0x5C, 0x9C, 0x3F, 0x30, 0x0E, 0x55,
    0xB3, 0x69, 0x37, 0xD9, 0xCD, 0x7E, 0x65, 0x03, 0xD3, 0xA1, 0x38, 0xFF, 0x6E, 0x2E, 0xA3, 0xAE,
    0x24, 0x44, 0x9A, 0x31, 0x65, 0x9E, 0x4C, 0x47, 0x65, 0x43, 0x35, 0x44, 0x58, 0x45, 0xAD, 0xA5,
    0xD2, 0xA5, 0xC1, 0xDC, 0x53, 0x36, 0xA6, 0x35, 0x88, 0xD3, 0xD4, 0x32, 0xEE, 0x82, 0x2D, 0xA4,
    0x87, 0x58, 0x04, 0xE4, 0x7C, 0xA7, 0x94, 0xEE, 0xA2, 0x66, 0xD6, 0x8C, 0xCB, 0x8C, 0x0B, 0x0C,
    0xCD, 0x55, 0xB4, 0x40, 0x2B, 0x1E, 0xB8, 0xB2, 0xC7, 0x40, 0xFE, 0x3C, 0x02, 0x45, 0x57, 0x03,
    0xC6, 0xD1, 0xC6, 0xF4, 0xBC, 0x62, 0x28, 0x9B, 0x9A, 0x42, 0x65, 0xDB, 0xBA, 0xA5, 0x59, 0x38,
    0x34, 0x94, 0x33, 0x9B, 0xBA, 0xF5, 0x7C, 0xB5, 0x96, 0xC7, 0xC2, 0xED, 0x7A, 0xFE, 0xCA, 0x03,
    0x73, 0x05, 0xD9, 0x6B, 0xEB, 0xD5, 0xF2, 0x2E, 0x99, 0x03, 0x8A, 0x01, 0x75, 0x80, 0x08, 0x02,
    0x81, 0x09, 0xA1, 0xC6, 0xFE, 0x23, 0x10, 0xA3, 0xF2, 0x33, 0xD3, 0xE7, 0xC6, 0x9B, 0xFB, 0x63,
    0x15, 0x78, 0x7B, 0x0C, 0x0F, 0x0F, 0xF6, 0x81, 0x1A, 0x20, 0x6C, 0x09, 0xF2, 0x80, 0x7C, 0xA0,
    0xD4, 0x1E, 0x4F, 0xDF, 0x8C, 0x92, 0x2E, 0x21, 0xF0, 0x26, 0xDC, 0xD3, 0xA9, 0x9E, 0xA2, 0x25,
    0xE0, 0x8D, 0x60, 0x94, 0x7A, 0x8D, 0x5C, 0x04, 0xA5, 0xFC, 0x00, 0x3A, 0x02, 0x5A, 0x03, 0x44,
    0x25, 0x18, 0x01, 0x2B, 0xC1, 0xD4, 0x0A, 0xA1, 0x55, 0x68, 0x87, 0x50, 0x49, 0x8B, 0x42, 0x04,
    0xB3, 0x76, 0x3D, 0xD5, 0xFF, 0x4B, 0x29, 0x3B, 0xA0, 0xEA, 0x01, 0xF2, 0xC0, 0xFE, 0x00, 0x30,
    0xE3, 0x4A, 0x8C, 0x77, 0x49, 0xC4, 0x6B, 0x0F, 0x90, 0xFE, 0x27, 0x8C, 0x9B, 0xFE, 0xCA, 0xA6,
    0xE8, 0x2A, 0x9B, 0xF7, 0x84, 0xCC, 0x6F, 0x49, 0x7A, 0xE0, 0xF2, 0x1E, 0x63, 0x96, 0x24, 0x92,
    0x94, 0x4B, 0x33, 0x05, 0x02, 0x08, 0x17, 0xE8, 0xE4, 0xB0, 0x14, 0x9E, 0xCB, 0x0B, 0x18, 0xCC,
    0x64, 0x2C, 0x24, 0x54, 0x67, 0x87, 0xB4, 0x83, 0x95, 0x41, 0x48, 0x02, 0x6F, 0x42, 0x1A, 0xA9,
    0x77, 0x40, 0x72, 0x68, 0xD2, 0xFA, 0x01, 0x06, 0xAA, 0xCC, 0x1D, 0x22, 0x77, 0x8C, 0x52, 0xC4,
    0xD7, 0x4A, 0x79, 0x12, 0xA6, 0xDF, 0xD8, 0x3B, 0x89, 0x77, 0x8D, 0x6B, 0xBD, 0x71, 0x95, 0xC7,
    0x5C, 0x7A, 0x18, 0x19, 0x51, 0x9D, 0x78, 0x90, 0x05, 0x12, 0x55, 0x07, 0x98, 0x08, 0x64, 0xA2,
    0xA1, 0x1E, 0x80, 0x9C, 0xAF, 0xAF, 0xD6, 0xFC, 0xDE, 0xCE, 0x36, 0xD3, 0x0E, 0x8D, 0x45, 0xFA,
    0xC8, 0x7B, 0x62, 0x33, 0xB3, 0xC0, 0x6C, 0xEB, 0xBF, 0xD8, 0xBC, 0x5C, 0xCB, 0x5D, 0x00, 0x6F,
    0xBD, 0x68, 0x78, 0xA7, 0xA6, 0x97, 0x3A, 0xF3, 0x58, 0xAE, 0xAD, 0x86, 0x65, 0xB0, 0xD9, 0x00,
    0xE9, 0x11, 0x2D, 0xF6, 0x01, 0xB2, 0x28, 0x1D, 0x4C, 0x0F, 0x5D, 0x30, 0x67, 0x18, 0xCD, 0x8F,
    0x61, 0xCE, 0x6C, 0x19, 0x20, 0x1D, 0xCE, 0xCE, 0xAC, 0x89, 0x1A, 0x76, 0xCF, 0x9C, 0xFE, 0xB4,
    0x39, 0xE9, 0x97, 0xC1, 0x9C, 0xF5, 0x46, 0x1A, 0xB3, 0x4E, 0x55, 0xC0, 0xB5, 0xDB, 0xC9, 0x16,
    0x6A, 0x24, 0x32, 0xA2, 0x94, 0xD4, 0xC6, 0x2F, 0x96, 0xB7, 0x1A, 0xE8, 0xB3, 0x3A, 0x2C, 0x7E,
    0x72, 0x0E, 0x24, 0x2F, 0xD5, 0x3E, 0xAE, 0x91, 0x4E, 0xC4, 0x5C, 0xD4, 0x66, 0x1F, 0xFC, 0x75,
    0x00, 0x64, 0x32, 0x00, 0xA8, 0xBD, 0x26, 0xE5, 0x9F, 0x76, 0x2B, 0x5A, 0xE4, 0x22, 0x43, 0xDA,
    0x94, 0x41, 0x5F, 0xBD, 0x8C, 0x68, 0x33, 0x5F, 0x23, 0x68, 0xFB, 0x27, 0xE3, 0x64, 0x0C, 0xBC,
    0x6D, 0x46, 0x7A, 0x85, 0x61, 0xFE, 0x14, 0x18, 0x47, 0x1B, 0x6A, 0x94, 0x27, 0x5A, 0x2E, 0xAC,
    0xE8, 0xBC, 0x03, 0xCA, 0x3F, 0xA0, 0xD9, 0x22, 0x91, 0xEE, 0x13, 0x20, 0xB5, 0xF6, 0x05, 0x0A,
    0x89, 0xA8, 0x44, 0x1A, 0xAA, 0x8F, 0xBA, 0x15, 0x3D, 0xEB, 0x03, 0x3D, 0xF1, 0x9C, 0xB8, 0xF2,
    0xE5, 0xDD, 0x00, 0x60, 0xA5, 0x90, 0x52, 0x36, 0x40, 0xB1, 0x5E, 0x5A, 0x12, 0x71, 0x89, 0x7F,
    0xFF, 0x1F, 0x93, 0x64, 0x0D, 0x11, 0x1B, 0x5B, 0xC7, 0x65, 0x52, 0x6C, 0x1B, 0x89, 0x69, 0x84,
    0xAB, 0xE9, 0x5B, 0x9C, 0x06, 0x9D, 0x08, 0x64, 0xDC, 0x94, 0xCC, 0xA5, 0x29, 0xC5, 0xD1, 0x69,
    0xD3, 0x02, 0x61, 0xD3, 0xBB, 0x14, 0x5A, 0x80, 0x4E, 0x9D, 0x4E, 0x6D, 0x89, 0x05, 0xB0, 0x5C,
    0xDA, 0xA9, 0xA3, 0x7F, 0x03, 0x63, 0x60, 0x60, 0xB0, 0xFF, 0xFF, 0x07, 0x88, 0x00, 0x9D, 0x8E,
    0x01, 0x66, 0x03, 0x41, 0x18, 0x85, 0x9F, 0x2D, 0x5D, 0x14, 0xFF, 0x01, 0x8A, 0x1E, 0x21, 0x47,
    0x98, 0x34, 0x45, 0x01, 0xC9, 0x4D, 0xF6, 0x08, 0xB3, 0xF7, 0x28, 0x04, 0x80, 0xD2, 0x13, 0x94,
    0x0D, 0x7B, 0x85, 0x06, 0x80, 0x80, 0xD0, 0x05, 0x83, 0x22, 0xAD, 0x7F, 0xE7, 0xF5, 0x99, 0x51,
    0x40, 0xB5, 0xC9, 0xAE, 0xF9, 0xF8, 0x1F, 0xEF, 0xF3, 0x1A, 0xAE, 0xD8, 0x1B, 0xD7, 0xC2, 0x64,
    0xC7, 0xA5, 0xED, 0x6C, 0x87, 0xC8, 0x48, 0x50, 0x1F, 0xBA, 0x7D, 0xB7, 0x47, 0xC9, 0xFE, 0x8B,
    0x86, 0x1D, 0x8C, 0x11, 0x76, 0x5C, 0x40, 0xA7, 0x5C, 0x01, 0x64, 0x90, 0x29, 0xE8, 0xFE, 0xFB,
    0x35, 0xEA, 0xD6, 0x7E, 0xBD, 0xCF, 0xEF, 0xAF, 0xCA, 0x82, 0x35, 0xE5, 0x98, 0xEA, 0x8A, 0xBA,
    0xA3, 0x9A, 0xAA, 0xAB, 0xD8, 0x94, 0x9F, 0xCB, 0xEA, 0x0F, 0xC5, 0x2F, 0x4E, 0xF6, 0xFE, 0x93,
    0xCB, 0xEF, 0xC5, 0xEF, 0xC5, 0xFF, 0x76, 0xA9, 0xBF, 0x65, 0x8F, 0xC0, 0x13, 0x86, 0x67, 0xC7,
    0x0C, 0x87, 0x37, 0x4C, 0x6E, 0x7A, 0xD7, 0xF3, 0xC6, 0xF1, 0xDB, 0x9F, 0xB7, 0x8E, 0x21, 0x39,
    0x16, 0x07, 0xDC, 0xE4, 0x25, 0x10, 0x99, 0x00, 0x3E, 0x09, 0xAF, 0x57, 0x09, 0xB7, 0xF9, 0x91,
    0x29, 0x6A, 0x72, 0xCA, 0x2F, 0xED, 0xE7, 0x66, 0x86, 0xB2, 0xA1, 0x17, 0xC2, 0x2C, 0xB4, 0x7C,
    0x48, 0x6A, 0x8C, 0xC2, 0xDD, 0xF8, 0x81, 0xAF, 0x61, 0xCC, 0x5B, 0xF2, 0x5E, 0x8D, 0x13, 0xE2,
    0xE1, 0x1B, 0x25, 0xCC, 0x01, 0x06, 0x02, 0x41, 0x18, 0x06, 0xD0, 0xC7, 0x40, 0x48, 0xFF, 0x11,
    0x3A, 0x42, 0x17, 0x88, 0xB9, 0x58, 0x44, 0xF7, 0x8A, 0xB5, 0x5D, 0x24, 0x20, 0x80, 0x01, 0x84,
    0x69, 0xBF, 0xB0, 0xEF, 0x00, 0xCF, 0xEE, 0x08, 0x1D, 0xB2, 0xD0, 0x32, 0x38, 0xB9, 0x71, 0x75,
    0x66, 0x7B, 0xD6, 0xD2, 0xF2, 0xAB, 0x51, 0xF9, 0x5E, 0x66, 0xCF, 0xFB, 0xBE, 0x55, 0xD6, 0xCC,
    0x96, 0x57, 0x86, 0x24, 0x8B, 0xFE, 0x09, 0xF5, 0x98, 0xB4, 0x75, 0xD8, 0x17, 0x1D, 0x0E, 0xFC,
    0x01,
};

static const EpdGlyph notosans_10_boldGlyphs[] = {
    { 0, 0, 0, 0, 0, 0, 0 }, // U+0000
    { 0, 0, 87, 0, 0, 0, 0 }, // U+000D
    { 0, 0, 87, 0, 0, 0, 0 }, // U+0020
    { 4, 15, 94, 1, 15, 15, 0 }, // !
    { 8, 5, 160, 1, 15, 10, 15 }, // "
    { 13, 15, 215, 1, 15, 49, 25 }, // #
    { 11, 17, 191, 1, 16, 47, 74 }, // $
    { 18, 15, 301, 1, 15, 68, 121 }, // %
    { 15, 15, 250, 1, 15, 57, 189 }, // &
    { 4, 5, 89, 1, 15, 5, 246 }, // '
    { 7, 19, 113, 1, 15, 34, 251 }, // (
    { 7, 19, 113, 1, 15, 34, 285 }, // )
    { 11, 11, 181, 0, 16, 31, 319 }, // *
    { 10, 10, 191, 1, 12, 25, 350 }, // +
    { 5, 5, 95, 0, 2, 7, 375 }, // ,
    { 5, 3, 107, 1, 7, 4, 382 }, // -
    { 4, 3, 94, 1, 3, 3, 386 }, // .
    { 9, 15, 138, 0, 15, 34, 389 }, // /
    { 11, 15, 191, 1, 15, 42, 423 }, // 0
    { 9, 15, 191, 0, 15, 34, 465 }, // 1
    { 11, 15, 191, 0, 15, 42, 499 }, // 2
    { 11, 15, 191, 1, 15, 42, 541 }, // 3
    { 11, 15, 191, 1, 15, 42, 583 }, // 4
    { 11, 15, 191, 1, 15, 42, 625 }, // 5
    { 11, 15, 191, 1, 15, 42, 667 }, // 6
    { 11, 15, 191, 1, 15, 42, 709 }, // 7
    { 10, 15, 191, 1, 15, 38, 751 }, // 8
    { 12, 15, 191, 1, 15, 45, 789 }, // 9
    { 4, 12, 94, 1, 12, 12, 834 }, // :
    { 5, 15, 95, 0, 12, 19, 846 }, // ;
    { 10, 12, 191, 1, 14, 30, 865 }, // <
    { 10, 7, 191, 1, 11, 18, 895 }, // =
    { 10, 12, 191, 1, 14, 30, 913 }, // >
    { 11, 15, 159, 0, 15, 42, 943 }, // ?
    { 17, 17, 299, 1, 15, 73, 985 }, // @
    { 15, 15, 231, 0, 15, 57, 1058 }, // A
    { 11, 15, 222, 2, 15, 42, 1115 }, // B
    { 12, 15, 214, 1, 15, 45, 1157 }, // C
    { 13, 15, 244, 2, 15, 49, 1202 }, // D
    { 9, 15, 187, 2, 15, 34, 1251 }, // E
    { 9, 15, 183, 2, 15, 34, 1285 }, // F
    { 13, 15, 241, 1, 15, 49, 1319 }, // G
    { 13, 15, 255, 2, 15, 49, 1368 }, // H
    { 7, 15, 130, 1, 15, 27, 1417 }, // I
    { 8, 20, 110, -2, 15, 40, 1444 }, // J
    { 13, 15, 221, 2, 15, 49, 1484 }, // K
    { 9, 15, 186, 2, 15, 34, 1533 }, // L
    { 16, 15, 314, 2, 15, 60, 1567 }, // M
    { 14, 15, 271, 2, 15, 53, 1627 }, // N
    { 14, 15, 264, 1, 15, 53, 1680 }, // O
    { 11, 15, 207, 2, 15, 42, 1733 }, // P
    { 14, 19, 264, 1, 15, 67, 1775 }, // Q
    { 12, 15, 219, 2, 15, 45, 1842 }, // R
    { 10, 15, 184, 1, 15, 38, 1887 }, // S
    { 11, 15, 192, 1, 15, 42, 1925 }, // T
    { 13, 15, 252, 2, 15, 49, 1967 }, // U
    { 14, 15, 217, 0, 15, 53, 2016 }, // V
    { 21, 15, 322, 0, 15, 79, 2069 }, // W
    { 14, 15, 223, 0, 15, 53, 2148 }, // X
    { 14, 15, 209, 0, 15, 53, 2201 }, // Y
    { 11, 15, 193, 1, 15, 42, 2254 }, // Z
    { 5, 19, 110, 1, 15, 24, 2296 }, // [
    { 9, 15, 138, 0, 15, 34, 2320 }, // <backslash>
    { 7, 19, 110, 0, 15, 34, 2354 }, // ]
    { 12, 10, 191, 0, 15, 30, 2388 }, // ^
    { 9, 2, 137, 0, -2, 5, 2418 }, // _
    { 7, 4, 122, 0, 17, 7, 2423 }, // `
    { 11, 12, 200, 1, 12, 33, 2430 }, // a
    { 11, 16, 211, 2, 16, 44, 2463 }, // b
    { 10, 12, 172, 1, 12, 30, 2507 }, // c
    { 11, 16, 211, 1, 16, 44, 2537 }, // d
    { 12, 12, 199, 1, 12, 36, 2581 }, // e
    { 10, 16, 129, 1, 16, 40, 2617 }, // f
    { 11, 17, 211, 1, 12, 47, 2657 }, // g
    { 11, 16, 217, 2, 16, 44, 2704 }, // h
    { 4, 16, 100, 2, 16, 16, 2748 }, // i
    { 7, 21, 99, -1, 16, 37, 2764 }, // j
    { 12, 16, 207, 2, 16, 48, 2801 }, // k
    { 4, 16, 99, 2, 16, 16, 2849 }, // l
    { 18, 12, 325, 2, 12, 54, 2865 }, // m
    { 11, 12, 217, 2, 12, 33, 2919 }, // n
    { 11, 12, 208, 1, 12, 33, 2952 }, // o
    { 11, 17, 211, 2, 12, 47, 2985 }, // p
    { 11, 17, 211, 1, 12, 47, 3032 }, // q
    { 8, 12, 149, 2, 12, 24, 3079 }, // r
    { 9, 12, 167, 1, 12, 27, 3103 }, // s
    { 8, 15, 145, 1, 15, 30, 3130 }, // t
    { 11, 12, 217, 1, 12, 33, 3160 }, // u
    { 12, 12, 190, 0, 12, 36, 3193 }, // v
    { 19, 12, 285, -1, 12, 57, 3229 }, // w
    { 12, 12, 193, 0, 12, 36, 3286 }, // x
    { 13, 17, 190, 0, 12, 56, 3322 }, // y
    { 9, 12, 164, 1, 12, 27, 3378 }, // z
    { 8, 19, 131, 0, 15, 38, 3405 }, // {
    { 3, 21, 184, 5, 16, 16, 3443 }, // |
    { 8, 19, 131, 1, 15, 38, 3459 }, // }
    { 10, 5, 191, 1, 10, 13, 3497 }, // ~
    { 0, 0, 87, 0, 0, 0, 0 }, // U+00A0
    { 4, 16, 95, 1, 12, 16, 0 }, // U+00A1
    { 10, 15, 191, 1, 15, 38, 16 }, // U+00A2
    { 11, 15, 191, 1, 15, 42, 54 }, // U+00A3
    { 10, 11, 189, 1, 13, 28, 96 }, // U+00A4
    { 12, 15, 191, 0, 15, 45, 124 }, // U+00A5
    { 3, 21, 184, 5, 16, 16, 169 }, // U+00A6
    { 8, 16, 162, 1, 16, 32, 185 }, // U+00A7
    { 7, 3, 198, 3, 16, 6, 217 }, // U+00A8
    { 16, 17, 277, 0, 16, 68, 223 }, // U+00A9
    { 7, 8, 127, 1, 15, 14, 291 }, // U+00AA
    { 12, 10, 205, 1, 11, 30, 305 }, // U+00AB
    { 11, 7, 191, 1, 9, 20, 335 }, // U+00AC
    { 5, 3, 107, 1, 7, 4, 355 }, // U+00AD
    { 16, 17, 277, 0, 16, 68, 359 }, // U+00AE
    { 11, 3, 167, 0, 19, 9, 427 }, // U+00AF
    { 7, 8, 141, 1, 16, 14, 436 }, // U+00B0
    { 10, 13, 191, 1, 13, 33, 450 }, // U+00B1
    { 8, 10, 126, 0, 19, 20, 483 }, // U+00B2
    { 8, 9, 127, 0, 18, 18, 503 }, // U+00B3
    { 7, 4, 122, 0, 17, 7, 521 }, // U+00B4
    { 11, 17, 218, 2, 12, 47, 528 }, // U+00B5
    { 11, 20, 216, 1, 16, 55, 575 }, // U+00B6
    { 4, 4, 94, 1, 10, 4, 630 }, // U+00B7
    { 6, 5, 88, 0, 0, 8, 634 }, // U+00B8
    { 6, 9, 127, 0, 18, 14, 642 }, // U+00B9
    { 7, 8, 129, 1, 15, 14, 656 }, // U+00BA
    { 12, 10, 205, 0, 11, 30, 670 }, // U+00BB
    { 17, 15, 277, 0, 15, 64, 700 }, // U+00BC
    { 18, 15, 291, 0, 15, 68, 764 }, // U+00BD
    { 16, 16, 282, 1, 16, 64, 832 }, // U+00BE
    { 10, 17, 159, 1, 12, 43, 896 }, // U+00BF
    { 15, 20, 231, 0, 20, 75, 939 }, // U+00C0
    { 15, 20, 231, 0, 20, 75, 1014 }, // U+00C1
    { 15, 20, 231, 0, 20, 75, 1089 }, // U+00C2
    { 15, 20, 231, 0, 20, 75, 1164 }, // U+00C3
    { 15, 20, 231, 0, 20, 75, 1239 }, // U+00C4
    { 15, 19, 231, 0, 19, 72, 1314 }, // U+00C5
    { 19, 15, 317, 0, 15, 72, 1386 }, // U+00C6
    { 12, 20, 214, 1, 15, 60, 1458 }, // U+00C7
    { 9, 20, 187, 2, 20, 45, 1518 }, // U+00C8
    { 9, 20, 187, 2, 20, 45, 1563 }, // U+00C9
    { 9, 20, 187, 2, 20, 45, 1608 }, // U+00CA
    { 9, 20, 187, 2, 20, 45, 1653 }, // U+00CB
    { 8, 20, 130, 0, 20, 40, 1698 }, // U+00CC
    { 8, 20, 130, 1, 20, 40, 1738 }, // U+00CD
    { 9, 20, 130, 0, 20, 45, 1778 }, // U+00CE
    { 7, 20, 130, 1, 20, 35, 1823 }, // U+00CF
    { 14, 15, 244, 1, 15, 53, 1858 }, // U+00D0
    { 14, 20, 268, 2, 20, 70, 1911 }, // U+00D1
    { 14, 21, 264, 1, 21, 74, 1981 }, // U+00D2
    { 14, 21, 264, 1, 21, 74, 2055 }, // U+00D3
    { 14, 21, 264, 1, 21, 74, 2129 }, // U+00D4
    { 14, 21, 264, 1, 21, 74, 2203 }, // U+00D5
    { 14, 20, 264, 1, 20, 70, 2277 }, // U+00D6
    { 10, 11, 191, 1, 13, 28, 2347 }, // U+00D7
    { 14, 17, 264, 1, 16, 60, 2375 }, // U+00D8
    { 13, 21, 252, 2, 21, 69, 2435 }, // U+00D9
    { 13, 21, 252, 2, 21, 69, 2504 }, // U+00DA
    { 13, 21, 252, 2, 21, 69, 2573 }, // U+00DB
    { 13, 20, 252, 2, 20, 65, 2642 }, // U+00DC
    { 14, 20, 209, 0, 20, 70, 2707 }, // U+00DD
    { 11, 15, 209, 2, 15, 42, 2777 }, // U+00DE
    { 13, 16, 235, 2, 16, 52, 2819 }, // U+00DF
    { 11, 16, 200, 1, 16, 44, 2871 }, // U+00E0
    { 11, 16, 200, 1, 16, 44, 2915 }, // U+00E1
    { 11, 16, 200, 1, 16, 44, 2959 }, // U+00E2
    { 11, 16, 200, 1, 16, 44, 3003 }, // U+00E3
    { 11, 16, 200, 1, 16, 44, 3047 }, // U+00E4
    { 11, 18, 200, 1, 18, 50, 3091 }, // U+00E5
    { 18, 12, 306, 1, 12, 54, 3141 }, // U+00E6
    { 10, 17, 172, 1, 12, 43, 3195 }, // U+00E7
    { 12, 16, 199, 1, 16, 48, 3238 }, // U+00E8
    { 12, 16, 199, 1, 16, 48, 3286 }, // U+00E9
    { 12, 16, 199, 1, 16, 48, 3334 }, // U+00EA
    { 12, 16, 199, 1, 16, 48, 3382 }, // U+00EB
    { 7, 16, 100, 0, 16, 28, 3430 }, // U+00EC
    { 7, 16, 100, 1, 16, 28, 3458 }, // U+00ED
    { 9, 16, 100, -1, 16, 36, 3486 }, // U+00EE
    { 7, 16, 100, 0, 16, 28, 3522 }, // U+00EF
    { 11, 18, 209, 1, 18, 50, 3550 }, // U+00F0
    { 11, 16, 217, 2, 16, 44, 3600 }, // U+00F1
    { 11, 16, 208, 1, 16, 44, 3644 }, // U+00F2
    { 11, 16, 208, 1, 16, 44, 3688 }, // U+00F3
    { 11, 16, 208, 1, 16, 44, 3732 }, // U+00F4
    { 11, 16, 208, 1, 16, 44, 3776 }, // U+00F5
    { 11, 16, 208, 1, 16, 44, 3820 }, // U+00F6
    { 10, 10, 191, 1, 12, 25, 3864 }, // U+00F7
    { 11, 14, 206, 1, 13, 39, 3889 }, // U+00F8
    { 11, 16, 217, 1, 16, 44, 3928 }, // U+00F9
    { 11, 16, 217, 1, 16, 44, 3972 }, // U+00FA
    { 11, 16, 217, 1, 16, 44, 4016 }, // U+00FB
    { 11, 16, 217, 1, 16, 44, 4060 }, // U+00FC
    { 13, 21, 190, 0, 16, 69, 4104 }, // U+00FD
    { 11, 21, 211, 2, 16, 58, 4173 }, // U+00FE
    { 13, 21, 190, -1, 16, 69, 4231 }, // U+00FF
    { 15, 19, 231, 0, 19, 72, 0 }, // U+0100
    { 11, 15, 200, 1, 15, 42, 72 }, // U+0101
    { 16, 21, 231, -1, 21, 84, 114 }, // U+0102
    { 11, 16, 200, 1, 16, 44, 198 }, // U+0103
    { 16, 20, 231, -1, 15, 80, 242 }, // U+0104
    { 11, 17, 200, 1, 12, 47, 322 }, // U+0105
    { 12, 21, 214, 1, 21, 63, 369 }, // U+0106
    { 10, 16, 172, 1, 16, 40, 432 }, // U+0107
    { 12, 21, 214, 1, 21, 63, 472 }, // U+0108
    { 10, 16, 172, 1, 16, 40, 535 }, // U+0109
    { 12, 20, 214, 1, 20, 60, 575 }, // U+010A
    { 10, 16, 172, 1, 16, 40, 635 }, // U+010B
    { 12, 21, 214, 1, 21, 63, 675 }, // U+010C
    { 10, 16, 172, 1, 16, 40, 738 }, // U+010D
    { 13, 20, 244, 2, 20, 65, 778 }, // U+010E
    { 16, 16, 211, 1, 16, 64, 843 }, // U+010F
    { 14, 15, 244, 1, 15, 53, 907 }, // U+0110
    { 12, 16, 215, 1, 16, 48, 960 }, // U+0111
    { 9, 19, 187, 2, 19, 43, 1008 }, // U+0112
    { 12, 15, 199, 1, 15, 45, 1051 }, // U+0113
    { 9, 21, 187, 2, 21, 48, 1096 }, // U+0114
    { 12, 16, 199, 1, 16, 48, 1144 }, // U+0115
    { 9, 20, 187, 2, 20, 45, 1192 }, // U+0116
    { 12, 16, 199, 1, 16, 48, 1237 }, // U+0117
    { 9, 20, 187, 2, 15, 45, 1285 }, // U+0118
    { 12, 17, 197, 1, 12, 51, 1330 }, // U+0119
    { 9, 20, 187, 2, 20, 45, 1381 }, // U+011A
    { 12, 16, 199, 1, 16, 48, 1426 }, // U+011B
    { 13, 21, 241, 1, 21, 69, 1474 }, // U+011C
    { 11, 21, 211, 1, 16, 58, 1543 }, // U+011D
    { 13, 21, 241, 1, 21, 69, 1601 }, // U+011E
    { 11, 21, 211, 1, 16, 58, 1670 }, // U+011F
    { 13, 20, 241, 1, 20, 65, 1728 }, // U+0120
    { 11, 21, 211, 1, 16, 58, 1793 }, // U+0121
    { 13, 20, 241, 1, 15, 65, 1851 }, // U+0122
    { 11, 21, 211, 1, 16, 58, 1916 }, // U+0123
    { 13, 20, 255, 2, 20, 65, 1974 }, // U+0124
    { 14, 21, 217, -1, 21, 74, 2039 }, // U+0125
    { 16, 15, 255, 0, 15, 60, 2113 }, // U+0126
    { 13, 16, 219, 1, 16, 52, 2173 }, // U+0127
    { 10, 20, 130, -1, 20, 50, 2225 }, // U+0128
    { 9, 16, 100, -1, 16, 36, 2275 }, // U+0129
    { 7, 19, 130, 1, 19, 34, 2311 }, // U+012A
    { 7, 15, 100, 0, 15, 27, 2345 }, // U+012B
    { 8, 21, 130, 1, 21, 42, 2372 }, // U+012C
    { 8, 16, 100, -1, 16, 32, 2414 }, // U+012D
    { 7, 20, 130, 1, 15, 35, 2446 }, // U+012E
    { 4, 21, 100, 1, 16, 21, 2481 }, // U+012F
    { 7, 20, 130, 1, 20, 35, 2502 }, // U+0130
    { 4, 12, 100, 2, 12, 12, 2537 }, // U+0131
    { 13, 20, 241, 1, 15, 65, 2549 }, // U+0132
    { 10, 21, 203, 2, 16, 53, 2614 }, // U+0133
    { 10, 25, 110, -2, 20, 63, 2667 }, // U+0134
    { 9, 21, 99, -1, 16, 48, 2730 }, // U+0135
    { 12, 20, 220, 2, 15, 60, 2778 }, // U+0136
    { 12, 21, 207, 2, 16, 63, 2838 }, // U+0137
    { 12, 12, 207, 2, 12, 36, 2901 }, // U+0138
    { 10, 20, 186, 1, 20, 50, 2937 }, // U+0139
    { 7, 21, 99, 1, 21, 37, 2987 }, // U+013A
    { 9, 20, 186, 2, 15, 45, 3024 }, // U+013B
    { 5, 21, 99, 1, 16, 27, 3069 }, // U+013C
    { 10, 15, 186, 2, 15, 38, 3096 }, // U+013D
    { 8, 16, 99, 2, 16, 32, 3134 }, // U+013E
    { 9, 15, 186, 2, 15, 34, 3166 }, // U+013F
    { 7, 16, 123, 2, 16, 28, 3200 }, // U+0140
    { 11, 15, 188, 0, 15, 42, 3228 }, // U+0141
    { 8, 16, 102, 0, 16, 32, 3270 }, // U+0142
    { 14, 20, 268, 2, 20, 70, 3302 }, // U+0143
    { 11, 16, 217, 2, 16, 44, 3372 }, // U+0144
    { 14, 20, 268, 2, 15, 70, 3416 }, // U+0145
    { 11, 17, 217, 2, 12, 47, 3486 }, // U+0146
    { 14, 20, 268, 2, 20, 70, 3533 }, // U+0147
    { 11, 16, 217, 2, 16, 44, 0 }, // U+0148
    { 16, 15, 258, -1, 15, 60, 44 }, // U+0149
    { 14, 20, 271, 2, 15, 70, 104 }, // U+014A
    { 11, 17, 217, 2, 12, 47, 174 }, // U+014B
    { 14, 19, 264, 1, 19, 67, 221 }, // U+014C
    { 11, 15, 208, 1, 15, 42, 288 }, // U+014D
    { 14, 21, 264, 1, 21, 74, 330 }, // U+014E
    { 11, 16, 208, 1, 16, 44, 404 }, // U+014F
    { 14, 20, 264, 1, 20, 70, 448 }, // U+0150
    { 11, 16, 208, 1, 16, 44, 518 }, // U+0151
    { 18, 15, 324, 1, 15, 68, 562 }, // U+0152
    { 19, 12, 326, 1, 12, 57, 630 }, // U+0153
    { 12, 20, 219, 2, 20, 60, 687 }, // U+0154
    { 8, 16, 149, 2, 16, 32, 747 }, // U+0155
    { 12, 20, 219, 2, 15, 60, 779 }, // U+0156
    { 9, 17, 149, 1, 12, 39, 839 }, // U+0157
    { 12, 20, 219, 2, 20, 60, 878 }, // U+0158
    { 10, 16, 149, 1, 16, 40, 938 }, // U+0159
    { 10, 21, 184, 1, 21, 53, 978 }, // U+015A
    { 9, 16, 167, 1, 16, 36, 1031 }, // U+015B
    { 10, 21, 184, 1, 21, 53, 1067 }, // U+015C
    { 10, 16, 167, 0, 16, 40, 1120 }, // U+015D
    { 10, 20, 184, 1, 15, 50, 1160 }, // U+015E
    { 9, 17, 167, 1, 12, 39, 1210 }, // U+015F
    { 10, 21, 184, 1, 21, 53, 1249 }, // U+0160
    { 11, 16, 167, 0, 16, 44, 1302 }, // U+0161
    { 11, 20, 192, 1, 15, 55, 1346 }, // U+0162
    { 8, 20, 145, 1, 15, 40, 1401 }, // U+0163
    { 11, 20, 192, 1, 20, 55, 1441 }, // U+0164
    { 12, 16, 145, 1, 16, 48, 1496 }, // U+0165
    { 11, 15, 192, 1, 15, 42, 1544 }, // U+0166
    { 8, 15, 145, 1, 15, 30, 1586 }, // U+0167
    { 13, 21, 252, 2, 21, 69, 1616 }, // U+0168
    { 11, 16, 217, 1, 16, 44, 1685 }, // U+0169
    { 13, 19, 252, 2, 19, 62, 1729 }, // U+016A
    { 11, 15, 217, 1, 15, 42, 1791 }, // U+016B
    { 13, 21, 252, 2, 21, 69, 1833 }, // U+016C
    { 11, 16, 217, 1, 16, 44, 1902 }, // U+016D
    { 13, 22, 252, 2, 22, 72, 1946 }, // U+016E
    { 11, 18, 217, 1, 18, 50, 2018 }, // U+016F
    { 13, 20, 252, 2, 20, 65, 2068 }, // U+0170
    { 11, 16, 217, 1, 16, 44, 2133 }, // U+0171
    { 13, 20, 252, 2, 15, 65, 2177 }, // U+0172
    { 10, 17, 217, 1, 12, 43, 2242 }, // U+0173
    { 21, 20, 322, 0, 20, 105, 2285 }, // U+0174
    { 19, 16, 287, -1, 16, 76, 2390 }, // U+0175
    { 14, 20, 209, 0, 20, 70, 2466 }, // U+0176
    { 13, 21, 190, 0, 16, 69, 2536 }, // U+0177
    { 13, 20, 209, 0, 20, 65, 2605 }, // U+0178
    { 11, 20, 193, 1, 20, 55, 2670 }, // U+0179
    { 9, 16, 164, 1, 16, 36, 2725 }, // U+017A
    { 11, 20, 193, 1, 20, 55, 2761 }, // U+017B
    { 9, 16, 164, 1, 16, 36, 2816 }, // U+017C
    { 11, 20, 193, 1, 20, 55, 2852 }, // U+017D
    { 10, 16, 164, 1, 16, 40, 2907 }, // U+017E
    { 7, 16, 128, 2, 16, 28, 2947 }, // U+017F
    { 17, 16, 274, 1, 16, 68, 0 }, // U+01A0
    { 14, 14, 227, 1, 14, 49, 68 }, // U+01A1
    { 17, 16, 295, 2, 16, 68, 117 }, // U+01AF
    { 16, 14, 252, 1, 14, 56, 185 }, // U+01B0
    { 25, 20, 436, 2, 20, 125, 241 }, // U+01C4
    { 24, 16, 408, 2, 16, 96, 366 }, // U+01C5
    { 23, 16, 375, 1, 16, 92, 462 }, // U+01C6
    { 15, 20, 299, 2, 15, 75, 554 }, // U+01C7
    { 15, 21, 290, 2, 16, 79, 629 }, // U+01C8
    { 10, 21, 203, 2, 16, 53, 708 }, // U+01C9
    { 21, 20, 381, 2, 15, 105, 761 }, // U+01CA
    { 20, 21, 373, 2, 16, 105, 866 }, // U+01CB
    { 17, 21, 321, 2, 16, 90, 971 }, // U+01CC
    { 15, 20, 231, 0, 20, 75, 1061 }, // U+01CD
    { 11, 16, 200, 1, 16, 44, 1136 }, // U+01CE
    { 10, 20, 130, 0, 20, 50, 1180 }, // U+01CF
    { 10, 16, 100, -1, 16, 40, 1230 }, // U+01D0
    { 14, 21, 264, 1, 21, 74, 1270 }, // U+01D1
    { 11, 16, 208, 1, 16, 44, 1344 }, // U+01D2
    { 13, 21, 252, 2, 21, 69, 1388 }, // U+01D3
    { 11, 16, 217, 1, 16, 44, 1457 }, // U+01D4
    { 13, 23, 252, 2, 23, 75, 1501 }, // U+01D5
    { 11, 19, 217, 1, 19, 53, 1576 }, // U+01D6
    { 13, 23, 252, 2, 23, 75, 1629 }, // U+01D7
    { 11, 19, 217, 1, 19, 53, 1704 }, // U+01D8
    { 13, 23, 252, 2, 23, 75, 1757 }, // U+01D9
    { 11, 19, 217, 1, 19, 53, 1832 }, // U+01DA
    { 13, 23, 252, 2, 23, 75, 1885 }, // U+01DB
    { 11, 19, 217, 1, 19, 53, 1960 }, // U+01DC
    { 11, 12, 199, 1, 12, 33, 2013 }, // U+01DD
    { 15, 23, 231, 0, 23, 87, 2046 }, // U+01DE
    { 11, 19, 200, 1, 19, 53, 2133 }, // U+01DF
    { 15, 23, 231, 0, 23, 87, 2186 }, // U+01E0
    { 11, 19, 200, 1, 19, 53, 2273 }, // U+01E1
    { 20, 19, 317, -1, 19, 95, 2326 }, // U+01E2
    { 18, 15, 306, 1, 15, 68, 2421 }, // U+01E3
    { 14, 15, 241, 1, 15, 53, 2489 }, // U+01E4
    { 12, 17, 212, 1, 12, 51, 2542 }, // U+01E5
    { 13, 21, 241, 1, 21, 69, 2593 }, // U+01E6
    { 11, 21, 211, 1, 16, 58, 2662 }, // U+01E7
    { 13, 20, 220, 2, 20, 65, 2720 }, // U+01E8
    { 15, 21, 207, -1, 21, 79, 2785 }, // U+01E9
    { 14, 20, 264, 1, 15, 70, 2864 }, // U+01EA
    { 11, 17, 208, 1, 12, 47, 2934 }, // U+01EB
    { 14, 24, 264, 1, 19, 84, 2981 }, // U+01EC
    { 11, 20, 208, 1, 15, 55, 3065 }, // U+01ED
    { 12, 21, 197, 0, 21, 63, 3120 }, // U+01EE
    { 12, 21, 194, 0, 16, 63, 3183 }, // U+01EF
    { 10, 21, 99, -1, 16, 53, 3246 }, // U+01F0
    { 25, 15, 436, 2, 15, 94, 3299 }, // U+01F1
    { 23, 15, 408, 2, 15, 87, 3393 }, // U+01F2
    { 22, 16, 375, 1, 16, 88, 3480 }, // U+01F3
    { 13, 21, 241, 1, 21, 69, 3568 }, // U+01F4
    { 11, 21, 211, 1, 16, 58, 3637 }, // U+01F5
    { 19, 15, 349, 2, 15, 72, 3695 }, // U+01F6
    { 12, 20, 225, 2, 15, 60, 3767 }, // U+01F7
    { 14, 20, 268, 2, 20, 70, 3827 }, // U+01F8
    { 11, 16, 217, 2, 16, 44, 3897 }, // U+01F9
    { 15, 21, 230, 0, 21, 79, 3941 }, // U+01FA
    { 11, 21, 200, 1, 21, 58, 4020 }, // U+01FB
    { 19, 20, 317, 0, 20, 95, 4078 }, // U+01FC
    { 18, 16, 306, 1, 16, 72, 4173 }, // U+01FD
    { 14, 22, 264, 1, 21, 77, 4245 }, // U+01FE
    { 11, 17, 206, 1, 16, 47, 4322 }, // U+01FF
    { 15, 20, 231, 0, 20, 75, 4369 }, // U+0200
    { 12, 16, 200, 0, 16, 48, 4444 }, // U+0201
    { 16, 21, 231, -1, 21, 84, 4492 }, // U+0202
    { 11, 16, 200, 1, 16, 44, 4576 }, // U+0203
    { 11, 20, 187, 0, 20, 55, 4620 }, // U+0204
    { 13, 16, 199, 0, 16, 52, 4675 }, // U+0205
    { 9, 21, 187, 2, 21, 48, 4727 }, // U+0206
    { 12, 16, 199, 1, 16, 48, 4775 }, // U+0207
    { 10, 20, 130, -2, 20, 50, 4823 }, // U+0208
    { 9, 16, 100, -2, 16, 36, 4873 }, // U+0209
    { 9, 21, 130, 0, 21, 48, 4909 }, // U+020A
    { 9, 16, 100, -1, 16, 36, 4957 }, // U+020B
    { 14, 20, 264, 1, 20, 70, 4993 }, // U+020C
    { 11, 16, 208, 1, 16, 44, 5063 }, // U+020D
    { 14, 21, 264, 1, 21, 74, 5107 }, // U+020E
    { 11, 16, 208, 1, 16, 44, 5181 }, // U+020F
    { 13, 20, 219, 1, 20, 65, 5225 }, // U+0210
    { 10, 16, 149, 0, 16, 40, 5290 }, // U+0211
    { 12, 21, 219, 2, 21, 63, 5330 }, // U+0212
    { 9, 16, 149, 1, 16, 36, 5393 }, // U+0213
    { 13, 20, 252, 2, 20, 65, 5429 }, // U+0214
    { 12, 16, 217, 0, 16, 48, 5494 }, // U+0215
    { 13, 21, 252, 2, 21, 69, 5542 }, // U+0216
    { 11, 16, 217, 1, 16, 44, 5611 }, // U+0217
    { 10, 20, 184, 1, 15, 50, 5655 }, // U+0218
    { 9, 17, 167, 1, 12, 39, 5705 }, // U+0219
    { 11, 20, 192, 1, 15, 55, 5744 }, // U+021A
    { 8, 19, 145, 1, 14, 38, 5799 }, // U+021B
    { 12, 20, 210, 1, 15, 60, 5837 }, // U+021C
    { 10, 18, 169, 1, 12, 45, 5897 }, // U+021D
    { 13, 20, 255, 2, 20, 65, 5942 }, // U+021E
    { 14, 21, 217, -1, 21, 74, 6007 }, // U+021F
    { 7, 4, 0, -12, 17, 7, 0 }, // U+0300
    { 7, 4, 0, -8, 17, 7, 7 }, // U+0301
    { 10, 4, 0, -5, 17, 10, 14 }, // U+0302
    { 10, 4, 0, -12, 17, 10, 24 }, // U+0303
    { 7, 3, 0, -3, 16, 6, 34 }, // U+0304
    { 9, 3, 0, -4, 19, 7, 40 }, // U+0305
    { 8, 4, 0, -4, 17, 8, 47 }, // U+0306
    { 4, 3, 0, -2, 16, 3, 55 }, // U+0307
    { 7, 3, 0, -4, 16, 6, 58 }, // U+0308
    { 5, 6, 0, -9, 18, 8, 64 }, // U+0309
    { 5, 6, 0, -3, 18, 8, 72 }, // U+030A
    { 10, 3, 0, -4, 16, 8, 80 }, // U+030B
    { 10, 4, 0, -5, 17, 10, 88 }, // U+030C
    { 3, 4, 0, -1, 17, 3, 98 }, // U+030D
    { 6, 4, 0, -3, 17, 6, 101 }, // U+030E
    { 9, 3, 0, -12, 16, 7, 107 }, // U+030F
    { 8, 6, 0, -4, 19, 12, 114 }, // U+0310
    { 8, 5, 0, -4, 17, 10, 126 }, // U+0311
    { 5, 5, 0, -2, 15, 7, 136 }, // U+0312
    { 5, 5, 0, -2, 15, 7, 143 }, // U+0313
    { 5, 5, 0, -2, 15, 7, 150 }, // U+0314
    { 5, 5, 0, -2, 15, 7, 157 }, // U+0315
    { 7, 4, 0, -4, 0, 7, 164 }, // U+0316
    { 7, 4, 0, -3, 0, 7, 171 }, // U+0317
    { 4, 4, 0, -2, -1, 4, 178 }, // U+0318
    { 5, 4, 0, -3, -1, 5, 182 }, // U+0319
    { 5, 6, 100, 0, 16, 8, 187 }, // U+031A
    { 6, 5, 0, -2, 16, 8, 195 }, // U+031B
    { 3, 5, 0, -1, 0, 4, 203 }, // U+031C
    { 4, 5, 0, -2, 0, 5, 207 }, // U+031D
    { 4, 4, 0, -2, -1, 4, 212 }, // U+031E
    { 4, 4, 0, -2, -1, 4, 216 }, // U+031F
    { 4, 2, 0, -2, -2, 2, 220 }, // U+0320
    { 5, 7, 0, -5, 2, 9, 222 }, // U+0321
    { 5, 7, 0, 0, 2, 9, 231 }, // U+0322
    { 4, 3, 0, -9, -2, 3, 240 }, // U+0323
    { 7, 3, 0, -4, -1, 6, 243 }, // U+0324
    { 5, 6, 0, -3, 0, 8, 249 }, // U+0325
    { 4, 3, 0, -2, -2, 3, 257 }, // U+0326
    { 6, 5, 0, -3, 0, 8, 260 }, // U+0327
    { 4, 6, 0, -2, 1, 6, 268 }, // U+0328
    { 3, 4, 0, -1, -1, 3, 274 }, // U+0329
    { 8, 4, 0, -4, -1, 8, 277 }, // U+032A
    { 7, 3, 0, -4, -1, 6, 285 }, // U+032B
    { 10, 4, 0, -5, 0, 10, 291 }, // U+032C
    { 10, 4, 0, -5, 0, 10, 301 }, // U+032D
    { 8, 4, 0, -4, -1, 8, 311 }, // U+032E
    { 8, 5, 0, -4, 0, 10, 319 }, // U+032F
    { 10, 4, 0, -5, 0, 10, 329 }, // U+0330
    { 7, 3, 0, -3, -1, 6, 339 }, // U+0331
    { 10, 2, 0, -5, -2, 5, 345 }, // U+0332
    { 9, 5, 0, -5, -1, 12, 350 }, // U+0333
    { 10, 4, 0, -5, 8, 10, 362 }, // U+0334
    { 9, 3, 0, -4, 8, 7, 372 }, // U+0335
    { 15, 3, 0, -8, 8, 12, 379 }, // U+0336
    { 8, 6, 0, -4, 9, 12, 391 }, // U+0337
    { 10, 18, 0, -5, 17, 45, 403 }, // U+0338
    { 3, 5, 0, -1, 0, 4, 448 }, // U+0339
    { 8, 5, 0, -4, 0, 10, 452 }, // U+033A
    { 9, 5, 0, -5, -1, 12, 462 }, // U+033B
    { 8, 3, 0, -4, -1, 6, 474 }, // U+033C
    { 6, 5, 0, -3, 17, 8, 480 }, // U+033D
    { 3, 6, 0, -2, 18, 5, 488 }, // U+033E
    { 9, 5, 0, -5, 21, 12, 493 }, // U+033F
    { 7, 4, 0, -5, 17, 7, 505 }, // U+0340
    { 7, 4, 0, -2, 17, 7, 512 }, // U+0341
    { 10, 4, 0, -5, 17, 10, 519 }, // U+0342
    { 5, 5, 0, -3, 17, 7, 529 }, // U+0343
    { 11, 4, 0, -4, 17, 11, 536 }, // U+0344
    { 4, 4, 0, -1, -1, 4, 547 }, // U+0345
    { 10, 4, 0, -5, 16, 10, 551 }, // U+0346
    { 9, 5, 0, -5, -1, 12, 561 }, // U+0347
    { 6, 4, 0, -3, -1, 6, 573 }, // U+0348
    { 4, 4, 0, -2, -1, 4, 579 }, // U+0349
    { 8, 5, 0, -4, 17, 10, 583 }, // U+034A
    { 9, 9, 0, -4, 21, 21, 593 }, // U+034B
    { 8, 6, 0, -4, 19, 12, 614 }, // U+034C
    { 8, 5, 0, -4, 0, 10, 626 }, // U+034D
    { 5, 5, 0, -2, 0, 7, 636 }, // U+034E
    { 0, 0, 0, 0, 0, 0, 643 }, // U+034F
    { 4, 4, 0, -2, 17, 4, 643 }, // U+0350
    { 3, 5, 0, -1, 18, 4, 647 }, // U+0351
    { 8, 5, 0, -4, 18, 10, 651 }, // U+0352
    { 4, 5, 0, -2, 0, 5, 661 }, // U+0353
    { 4, 4, 0, -2, -1, 4, 666 }, // U+0354
    { 4, 4, 0, -2, -1, 4, 670 }, // U+0355
    { 8, 4, 0, -4, -1, 8, 674 }, // U+0356
    { 3, 5, 0, -1, 18, 4, 682 }, // U+0357
    { 4, 3, 0, 2, 16, 3, 686 }, // U+0358
    { 6, 5, 0, -3, -1, 8, 689 }, // U+0359
    { 7, 5, 0, -4, 0, 9, 697 }, // U+035A
    { 4, 5, 0, -2, 17, 5, 706 }, // U+035B
    { 18, 5, 0, -9, 0, 23, 711 }, // U+035C
    { 18, 5, 0, -9, 18, 23, 734 }, // U+035D
    { 13, 2, 0, -6, 15, 7, 757 }, // U+035E
    { 13, 2, 0, -6, -2, 7, 764 }, // U+035F
    { 18, 4, 0, -9, 17, 18, 771 }, // U+0360
    { 18, 5, 0, -9, 20, 23, 789 }, // U+0361
    { 17, 6, 0, -8, 0, 26, 812 }, // U+0362
    { 5, 5, 0, -3, 18, 7, 838 }, // U+0363
    { 5, 6, 0, -2, 19, 8, 845 }, // U+0364
    { 2, 7, 0, -1, 20, 4, 853 }, // U+0365
    { 6, 5, 0, -3, 18, 8, 857 }, // U+0366
    { 5, 6, 0, -3, 19, 8, 865 }, // U+0367
    { 5, 5, 0, -2, 18, 7, 873 }, // U+0368
    { 6, 7, 0, -3, 20, 11, 880 }, // U+0369
    { 5, 7, 0, -3, 20, 9, 891 }, // U+036A
    { 8, 5, 0, -4, 18, 10, 900 }, // U+036B
    { 4, 5, 0, -2, 18, 5, 910 }, // U+036C
    { 4, 7, 0, -2, 19, 7, 915 }, // U+036D
    { 6, 5, 0, -3, 18, 8, 922 }, // U+036E
    { 6, 5, 0, -3, 18, 8, 930 }, // U+036F
    { 9, 20, 187, 2, 20, 45, 0 }, // U+0400
    { 9, 20, 187, 2, 20, 45, 45 }, // U+0401
    { 15, 15, 255, 1, 15, 57, 90 }, // U+0402
    { 9, 20, 188, 2, 20, 45, 147 }, // U+0403
    { 12, 15, 217, 1, 15, 45, 192 }, // U+0404
    { 10, 15, 182, 1, 15, 38, 237 }, // U+0405
    { 4, 15, 108, 2, 15, 15, 275 }, // U+0406
    { 7, 20, 110, 1, 20, 35, 290 }, // U+0407
    { 8, 20, 110, -2, 15, 40, 325 }, // U+0408
    { 21, 15, 345, 1, 15, 79, 365 }, // U+0409
    { 20, 15, 354, 2, 15, 75, 444 }, // U+040A
    { 15, 15, 259, 1, 15, 57, 519 }, // U+040B
    { 13, 20, 228, 2, 20, 65, 576 }, // U+040C
    { 13, 20, 264, 2, 20, 65, 641 }, // U+040D
    { 15, 21, 215, -1, 21, 79, 706 }, // U+040E
    { 13, 18, 255, 2, 15, 59, 785 }, // U+040F
    { 15, 15, 231, 0, 15, 57, 844 }, // U+0410
    { 11, 15, 216, 2, 15, 42, 901 }, // U+0411
    { 11, 15, 221, 2, 15, 42, 943 }, // U+0412
    { 9, 15, 188, 2, 15, 34, 985 }, // U+0413
    { 16, 19, 259, 1, 15, 76, 1019 }, // U+0414
    { 9, 15, 187, 2, 15, 34, 1095 }, // U+0415
    { 21, 15, 332, 0, 15, 79, 1129 }, // U+0416
    { 12, 15, 198, 0, 15, 45, 1208 }, // U+0417
    { 13, 15, 264, 2, 15, 49, 1253 }, // U+0418
    { 13, 20, 264, 2, 20, 65, 1302 }, // U+0419
    { 13, 15, 231, 2, 15, 49, 1367 }, // U+041A
    { 14, 15, 244, 1, 15, 53, 1416 }, // U+041B
    { 16, 15, 314, 2, 15, 60, 1469 }, // U+041C
    { 13, 15, 257, 2, 15, 49, 1529 }, // U+041D
    { 14, 15, 259, 1, 15, 53, 1578 }, // U+041E
    { 13, 15, 254, 2, 15, 49, 1631 }, // U+041F
    { 11, 15, 208, 2, 15, 42, 1680 }, // U+0420
    { 12, 15, 215, 1, 15, 45, 1722 }, // U+0421
    { 11, 15, 192, 1, 15, 42, 1767 }, // U+0422
    { 15, 15, 215, -1, 15, 57, 1809 }, // U+0423
    { 17, 15, 301, 1, 15, 64, 1866 }, // U+0424
    { 15, 15, 222, 0, 15, 57, 1930 }, // U+0425
    { 15, 19, 259, 2, 15, 72, 1987 }, // U+0426
    { 12, 15, 240, 1, 15, 45, 2059 }, // U+0427
    { 19, 15, 356, 2, 15, 72, 2104 }, // U+0428
    { 21, 19, 358, 2, 15, 100, 2176 }, // U+0429
    { 15, 15, 251, 0, 15, 57, 2276 }, // U+042A
    { 16, 15, 307, 2, 15, 60, 2333 }, // U+042B
    { 11, 15, 215, 2, 15, 42, 2393 }, // U+042C
    { 13, 15, 219, 0, 15, 49, 2435 }, // U+042D
    { 19, 15, 339, 2, 15, 72, 2484 }, // U+042E
    { 13, 15, 227, 0, 15, 49, 2556 }, // U+042F
    { 11, 12, 199, 1, 12, 33, 2605 }, // U+0430
    { 12, 17, 208, 1, 17, 51, 2638 }, // U+0431
    { 10, 12, 199, 2, 12, 30, 2689 }, // U+0432
    { 8, 12, 158, 2, 12, 24, 2719 }, // U+0433
    { 14, 15, 212, 1, 12, 53, 2743 }, // U+0434
    { 11, 12, 195, 1, 12, 33, 2796 }, // U+0435
    { 19, 12, 289, 0, 12, 57, 2829 }, // U+0436
    { 11, 12, 172, 0, 12, 33, 2886 }, // U+0437
    { 11, 12, 225, 2, 12, 33, 2919 }, // U+0438
    { 11, 17, 225, 2, 17, 47, 2952 }, // U+0439
    { 12, 12, 205, 2, 12, 36, 2999 }, // U+043A
    { 12, 12, 208, 0, 12, 36, 3035 }, // U+043B
    { 15, 12, 279, 2, 12, 45, 3071 }, // U+043C
    { 11, 12, 219, 2, 12, 33, 3116 }, // U+043D
    { 12, 12, 207, 1, 12, 36, 3149 }, // U+043E
    { 11, 12, 217, 2, 12, 33, 3185 }, // U+043F
    { 11, 17, 212, 2, 12, 47, 3218 }, // U+0440
    { 10, 12, 175, 1, 12, 30, 3265 }, // U+0441
    { 10, 12, 168, 1, 12, 30, 3295 }, // U+0442
    { 13, 17, 190, 0, 12, 56, 3325 }, // U+0443
    { 16, 22, 270, 1, 17, 88, 3381 }, // U+0444
    { 13, 12, 192, 0, 12, 39, 3469 }, // U+0445
    { 12, 16, 217, 2, 12, 48, 3508 }, // U+0446
    { 11, 12, 212, 1, 12, 33, 3556 }, // U+0447
    { 17, 12, 318, 2, 12, 51, 3589 }, // U+0448
    { 19, 15, 318, 2, 12, 72, 3640 }, // U+0449
    { 13, 12, 224, 1, 12, 39, 3712 }, // U+044A
    { 15, 12, 285, 2, 12, 45, 3751 }, // U+044B
    { 10, 12, 197, 2, 12, 30, 3796 }, // U+044C
    { 11, 12, 175, 0, 12, 33, 3826 }, // U+044D
    { 16, 12, 284, 2, 12, 48, 3859 }, // U+044E
    { 11, 12, 202, 0, 12, 33, 3907 }, // U+044F
    { 11, 17, 195, 1, 17, 47, 3940 }, // U+0450
    { 11, 15, 195, 1, 15, 42, 3987 }, // U+0451
    { 12, 22, 218, 0, 17, 66, 4029 }, // U+0452
    { 8, 17, 160, 2, 17, 34, 4095 }, // U+0453
    { 10, 12, 175, 1, 12, 30, 4129 }, // U+0454
    { 9, 12, 166, 1, 12, 27, 4159 }, // U+0455
    { 4, 16, 103, 2, 16, 16, 4186 }, // U+0456
    { 6, 16, 100, 1, 16, 24, 4202 }, // U+0457
    { 7, 22, 99, -1, 17, 39, 4226 }, // U+0458
    { 19, 12, 299, 0, 12, 57, 4265 }, // U+0459
    { 17, 12, 309, 2, 12, 51, 4322 }, // U+045A
    { 12, 17, 218, 0, 17, 51, 4373 }, // U+045B
    { 12, 17, 205, 2, 17, 51, 4424 }, // U+045C
    { 11, 17, 225, 2, 17, 47, 4475 }, // U+045D
    { 13, 22, 190, 0, 17, 72, 4522 }, // U+045E
    { 11, 15, 217, 2, 12, 42, 4594 }, // U+045F
    { 19, 15, 318, 1, 15, 72, 4636 }, // U+0460
    { 18, 12, 295, 1, 12, 54, 4708 }, // U+0461
    { 13, 15, 224, 0, 15, 49, 4762 }, // U+0462
    { 13, 14, 222, 1, 14, 46, 4811 }, // U+0463
    { 18, 15, 317, 2, 15, 68, 4857 }, // U+0464
    { 15, 12, 268, 2, 12, 45, 4925 }, // U+0465
    { 17, 15, 243, -1, 15, 64, 4970 }, // U+0466
    { 15, 12, 213, -1, 12, 45, 5034 }, // U+0467
    { 20, 15, 335, 2, 15, 75, 5079 }, // U+0468
    { 18, 12, 301, 2, 12, 54, 5154 }, // U+0469
    { 17, 15, 268, 0, 15, 64, 5208 }, // U+046A
    { 13, 12, 208, 0, 12, 39, 5272 }, // U+046B
    { 21, 15, 358, 2, 15, 79, 5311 }, // U+046C
    { 17, 12, 293, 2, 12, 51, 5390 }, // U+046D
    { 12, 24, 211, 1, 19, 72, 5441 }, // U+046E
    { 11, 20, 185, 1, 15, 55, 5513 }, // U+046F
    { 15, 15, 294, 2, 15, 57, 5568 }, // U+0470
    { 15, 22, 281, 1, 17, 83, 5625 }, // U+0471
    { 15, 15, 264, 1, 15, 57, 5708 }, // U+0472
    { 11, 12, 206, 1, 12, 33, 5765 }, // U+0473
    { 15, 15, 239, 0, 15, 57, 5798 }, // U+0474
    { 13, 12, 202, 0, 12, 39, 5855 }, // U+0475
    { 15, 20, 239, 0, 20, 75, 5894 }, // U+0476
    { 13, 16, 202, 0, 16, 52, 5969 }, // U+0477
    { 27, 20, 440, 1, 15, 135, 6021 }, // U+0478
    { 24, 17, 392, 1, 12, 102, 6156 }, // U+0479
    { 15, 18, 277, 1, 17, 68, 6258 }, // U+047A
    { 13, 14, 228, 1, 13, 46, 6326 }, // U+047B
    { 21, 24, 363, 1, 24, 126, 6372 }, // U+047C
    { 18, 20, 319, 1, 20, 90, 6498 }, // U+047D
    { 19, 20, 319, 1, 20, 95, 6588 }, // U+047E
    { 18, 15, 295, 1, 15, 68, 6683 }, // U+047F
    { 13, 20, 226, 1, 15, 65, 6751 }, // U+0480
    { 10, 17, 175, 1, 12, 43, 6816 }, // U+0481
    { 11, 15, 203, 1, 14, 42, 6859 }, // U+0482
    { 8, 4, 0, -10, 16, 8, 6901 }, // U+0483
    { 9, 4, 0, -10, 17, 9, 6909 }, // U+0484
    { 4, 4, 0, -7, 17, 4, 6918 }, // U+0485
    { 4, 4, 0, -8, 17, 4, 6922 }, // U+0486
    { 9, 4, 0, -4, 20, 9, 6926 }, // U+0487
    { 24, 23, 0, -12, 17, 138, 6935 }, // U+0488
    { 23, 24, 0, -11, 18, 138, 7073 }, // U+0489
    { 18, 25, 305, 2, 21, 113, 7211 }, // U+048A
    { 16, 21, 267, 2, 17, 84, 7324 }, // U+048B
    { 12, 15, 213, 1, 15, 45, 7408 }, // U+048C
    { 12, 17, 205, 1, 17, 51, 7453 }, // U+048D
    { 11, 15, 209, 2, 15, 42, 7504 }, // U+048E
    { 11, 17, 211, 2, 12, 47, 7546 }, // U+048F
    { 10, 19, 193, 2, 19, 48, 7593 }, // U+0490
    { 8, 15, 171, 2, 15, 30, 7641 }, // U+0491
    { 11, 15, 186, 1, 15, 42, 7671 }, // U+0492
    { 10, 12, 164, 1, 12, 30, 7713 }, // U+0493
    { 13, 20, 245, 2, 15, 65, 7743 }, // U+0494
    { 11, 17, 201, 2, 12, 47, 7808 }, // U+0495
    { 22, 20, 343, -1, 15, 110, 7855 }, // U+0496
    { 20, 16, 312, 0, 12, 80, 7965 }, // U+0497
    { 11, 20, 198, 0, 15, 55, 8045 }, // U+0498
    { 10, 17, 172, 0, 12, 43, 8100 }, // U+0499
    { 14, 20, 252, 2, 15, 70, 8143 }, // U+049A
    { 13, 16, 219, 2, 12, 52, 8213 }, // U+049B
    { 13, 15, 223, 2, 15, 49, 8265 }, // U+049C
    { 12, 12, 206, 2, 12, 36, 8314 }, // U+049D
    { 14, 15, 231, 1, 15, 53, 8350 }, // U+049E
    { 14, 16, 209, 1, 16, 56, 8403 }, // U+049F
    { 17, 15, 244, 0, 15, 64, 8459 }, // U+04A0
    { 16, 12, 232, 0, 12, 48, 8523 }, // U+04A1
    { 16, 19, 280, 2, 15, 76, 8571 }, // U+04A2
    { 13, 16, 248, 2, 12, 52, 8647 }, // U+04A3
    { 16, 15, 278, 2, 15, 60, 8699 }, // U+04A4
    { 14, 12, 253, 2, 12, 42, 8759 }, // U+04A5
    { 21, 20, 375, 2, 15, 105, 8801 }, // U+04A6
    { 17, 17, 296, 2, 12, 73, 8906 }, // U+04A7
    { 15, 16, 259, 1, 15, 60, 8979 }, // U+04A8
    { 12, 13, 219, 1, 12, 39, 9039 }, // U+04A9
    { 12, 20, 214, 1, 15, 60, 9078 }, // U+04AA
    { 10, 17, 172, 1, 12, 43, 9138 }, // U+04AB
    { 11, 19, 193, 1, 15, 53, 9181 }, // U+04AC
    { 11, 16, 183, 1, 12, 44, 9234 }, // U+04AD
    { 14, 15, 209, 0, 15, 53, 9278 }, // U+04AE
    { 13, 17, 191, -1, 12, 56, 9331 }, // U+04AF
    { 14, 15, 209, 0, 15, 53, 9387 }, // U+04B0
    { 13, 17, 191, -1, 12, 56, 9440 }, // U+04B1
    { 17, 19, 248, -1, 15, 81, 9496 }, // U+04B2
    { 14, 16, 211, 0, 12, 56, 9577 }, // U+04B3
    { 19, 20, 310, 1, 15, 95, 9633 }, // U+04B4
    { 16, 17, 264, 1, 12, 68, 9728 }, // U+04B5
    { 16, 19, 268, 1, 15, 76, 9796 }, // U+04B6
    { 14, 16, 242, 1, 12, 56, 9872 }, // U+04B7
    { 13, 15, 245, 1, 15, 49, 9928 }, // U+04B8
    { 11, 12, 220, 1, 12, 33, 9977 }, // U+04B9
    { 13, 15, 245, 2, 15, 49, 10010 }, // U+04BA
    { 11, 16, 217, 2, 16, 44, 10059 }, // U+04BB
    { 18, 15, 316, 0, 15, 68, 10103 }, // U+04BC
    { 14, 12, 236, 0, 12, 42, 10171 }, // U+04BD
    { 18, 19, 316, 0, 15, 86, 10213 }, // U+04BE
    { 14, 16, 236, 0, 12, 56, 10299 }, // U+04BF
    { 7, 15, 130, 1, 15, 27, 10355 }, // U+04C0
    { 21, 21, 333, 0, 21, 111, 10382 }, // U+04C1
    { 19, 17, 289, 0, 17, 81, 10493 }, // U+04C2
    { 13, 20, 253, 2, 15, 65, 10574 }, // U+04C3
    { 12, 17, 218, 2, 12, 51, 10639 }, // U+04C4
    { 18, 19, 279, 0, 15, 86, 10690 }, // U+04C5
    { 16, 17, 242, 0, 12, 68, 10776 }, // U+04C6
    { 13, 20, 255, 2, 15, 65, 10844 }, // U+04C7
    { 11, 17, 221, 2, 12, 47, 10909 }, // U+04C8
    { 16, 19, 286, 2, 15, 76, 10956 }, // U+04C9
    { 14, 16, 248, 2, 12, 56, 11032 }, // U+04CA
    { 13, 19, 245, 1, 15, 62, 11088 }, // U+04CB
    { 11, 16, 219, 1, 12, 44, 11150 }, // U+04CC
    { 20, 19, 345, 2, 15, 95, 11194 }, // U+04CD
    { 18, 16, 309, 2, 12, 72, 11289 }, // U+04CE
    { 7, 15, 130, 1, 15, 27, 11361 }, // U+04CF
    { 15, 20, 231, 0, 20, 75, 11388 }, // U+04D0
    { 11, 17, 200, 1, 17, 47, 11463 }, // U+04D1
    { 15, 20, 231, -1, 20, 75, 11510 }, // U+04D2
    { 11, 16, 200, 1, 16, 44, 11585 }, // U+04D3
    { 19, 15, 317, 0, 15, 72, 11629 }, // U+04D4
    { 18, 12, 306, 1, 12, 54, 11701 }, // U+04D5
    { 9, 20, 187, 2, 20, 45, 11755 }, // U+04D6
    { 12, 17, 199, 1, 17, 51, 11800 }, // U+04D7
    { 14, 15, 272, 2, 15, 53, 11851 }, // U+04D8
    { 11, 12, 199, 1, 12, 33, 11904 }, // U+04D9
    { 14, 20, 272, 2, 20, 70, 11937 }, // U+04DA
    { 11, 17, 199, 1, 17, 47, 12007 }, // U+04DB
    { 21, 20, 333, 0, 20, 105, 12054 }, // U+04DC
    { 19, 16, 289, -1, 16, 76, 12159 }, // U+04DD
    { 11, 20, 198, 0, 20, 55, 12235 }, // U+04DE
    { 10, 17, 172, 0, 17, 43, 12290 }, // U+04DF
    { 12, 15, 197, 0, 15, 45, 12333 }, // U+04E0
    { 12, 17, 194, 0, 12, 51, 12378 }, // U+04E1
    { 13, 19, 264, 2, 19, 62, 12429 }, // U+04E2
    { 11, 15, 225, 2, 15, 42, 12491 }, // U+04E3
    { 13, 20, 264, 2, 20, 65, 12533 }, // U+04E4
    { 11, 16, 225, 2, 16, 44, 12598 }, // U+04E5
    { 14, 20, 264, 1, 20, 70, 12642 }, // U+04E6
    { 11, 17, 208, 1, 17, 47, 12712 }, // U+04E7
    { 15, 15, 264, 1, 15, 57, 12759 }, // U+04E8
    { 11, 12, 208, 1, 12, 33, 12816 }, // U+04E9
    { 15, 20, 264, 1, 20, 75, 12849 }, // U+04EA
    { 11, 17, 208, 1, 17, 47, 12924 }, // U+04EB
    { 13, 20, 217, 0, 20, 65, 12971 }, // U+04EC
    { 10, 17, 175, 0, 17, 43, 13036 }, // U+04ED
    { 15, 19, 215, -1, 19, 72, 13079 }, // U+04EE
    { 13, 20, 190, 0, 15, 65, 13151 }, // U+04EF
    { 13, 20, 215, 0, 20, 65, 13216 }, // U+04F0
    { 13, 22, 190, -1, 17, 72, 13281 }, // U+04F1
    { 15, 20, 215, -1, 20, 75, 13353 }, // U+04F2
    { 13, 21, 190, 0, 16, 69, 13428 }, // U+04F3
    { 12, 20, 240, 1, 20, 60, 13497 }, // U+04F4
    { 11, 16, 212, 1, 16, 44, 13557 }, // U+04F5
    { 10, 19, 187, 2, 15, 48, 13601 }, // U+04F6
    { 8, 16, 159, 2, 12, 32, 13649 }, // U+04F7
    { 16, 20, 307, 2, 20, 80, 13681 }, // U+04F8
    { 15, 16, 285, 2, 16, 60, 13761 }, // U+04F9
    { 11, 20, 186, 1, 15, 55, 13821 }, // U+04FA
    { 10, 17, 164, 1, 12, 43, 13876 }, // U+04FB
    { 16, 20, 243, 0, 15, 80, 13919 }, // U+04FC
    { 14, 17, 215, 0, 12, 60, 13999 }, // U+04FD
    { 16, 15, 223, -1, 15, 60, 14059 }, // U+04FE
    { 12, 12, 193, 0, 12, 36, 14119 }, // U+04FF
    { 15, 19, 231, -1, 15, 72, 0 }, // U+1EA0
    { 11, 16, 200, 1, 12, 44, 72 }, // U+1EA1
    { 14, 22, 231, 0, 22, 77, 116 }, // U+1EA2
    { 11, 18, 200, 1, 18, 50, 193 }, // U+1EA3
    { 15, 21, 231, 0, 21, 79, 243 }, // U+1EA4
    { 13, 18, 200, 1, 18, 59, 322 }, // U+1EA5
    { 15, 21, 231, 0, 21, 79, 381 }, // U+1EA6
    { 13, 18, 200, -1, 18, 59, 460 }, // U+1EA7
    { 16, 22, 231, -1, 22, 88, 519 }, // U+1EA8
    { 12, 19, 200, 1, 19, 57, 607 }, // U+1EA9
    { 15, 23, 231, 0, 23, 87, 664 }, // U+1EAA
    { 11, 19, 200, 1, 19, 53, 751 }, // U+1EAB
    { 15, 24, 231, -1, 20, 90, 804 }, // U+1EAC
    { 11, 20, 200, 1, 16, 55, 894 }, // U+1EAD
    { 16, 22, 231, -1, 22, 88, 949 }, // U+1EAE
    { 11, 19, 200, 1, 19, 53, 1037 }, // U+1EAF
    { 15, 22, 231, 0, 22, 83, 1090 }, // U+1EB0
    { 11, 19, 200, 1, 19, 53, 1173 }, // U+1EB1
    { 15, 22, 231, 0, 22, 83, 1226 }, // U+1EB2
    { 11, 19, 200, 1, 19, 53, 1309 }, // U+1EB3
    { 15, 23, 231, -1, 23, 87, 1362 }, // U+1EB4
    { 11, 19, 200, 1, 19, 53, 1449 }, // U+1EB5
    { 15, 25, 231, 0, 21, 94, 1502 }, // U+1EB6
    { 11, 20, 200, 1, 16, 55, 1596 }, // U+1EB7
    { 9, 19, 187, 2, 15, 43, 1651 }, // U+1EB8
    { 12, 16, 199, 1, 12, 48, 1694 }, // U+1EB9
    { 9, 22, 187, 2, 22, 50, 1742 }, // U+1EBA
    { 12, 18, 199, 1, 18, 54, 1792 }, // U+1EBB
    { 9, 20, 187, 2, 20, 45, 1846 }, // U+1EBC
    { 12, 16, 199, 1, 16, 48, 1891 }, // U+1EBD
    { 12, 21, 187, 1, 21, 63, 1939 }, // U+1EBE
    { 13, 18, 199, 1, 18, 59, 2002 }, // U+1EBF
    { 13, 21, 187, -2, 21, 69, 2061 }, // U+1EC0
    { 14, 18, 199, -1, 18, 63, 2130 }, // U+1EC1
    { 11, 22, 187, 1, 22, 61, 2193 }, // U+1EC2
    { 12, 19, 199, 1, 19, 57, 2254 }, // U+1EC3
    { 9, 23, 187, 2, 23, 52, 2311 }, // U+1EC4
    { 12, 19, 199, 1, 19, 57, 2363 }, // U+1EC5
    { 9, 24, 187, 2, 20, 54, 2420 }, // U+1EC6
    { 12, 20, 199, 1, 16, 60, 2474 }, // U+1EC7
    { 7, 22, 130, 1, 22, 39, 2534 }, // U+1EC8
    { 6, 18, 100, 1, 18, 27, 2573 }, // U+1EC9
    { 7, 19, 130, 1, 15, 34, 2600 }, // U+1ECA
    { 4, 20, 100, 2, 16, 20, 2634 }, // U+1ECB
    { 15, 19, 264, 1, 15, 72, 2654 }, // U+1ECC
    { 11, 16, 208, 1, 12, 44, 2726 }, // U+1ECD
    { 14, 22, 264, 1, 22, 77, 2770 }, // U+1ECE
    { 11, 18, 208, 1, 18, 50, 2847 }, // U+1ECF
    { 14, 22, 264, 1, 22, 77, 2897 }, // U+1ED0
    { 13, 18, 208, 1, 18, 59, 2974 }, // U+1ED1
    { 14, 22, 264, 1, 22, 77, 3033 }, // U+1ED2
    { 13, 18, 208, -1, 18, 59, 3110 }, // U+1ED3
    { 14, 23, 264, 1, 23, 81, 3169 }, // U+1ED4
    { 12, 19, 208, 1, 19, 57, 3250 }, // U+1ED5
    { 14, 23, 264, 1, 23, 81, 3307 }, // U+1ED6
    { 11, 19, 208, 1, 19, 53, 3388 }, // U+1ED7
    { 15, 25, 264, 1, 21, 94, 3441 }, // U+1ED8
    { 11, 20, 208, 1, 16, 55, 3535 }, // U+1ED9
    { 17, 21, 274, 1, 21, 90, 3590 }, // U+1EDA
    { 14, 16, 227, 1, 16, 56, 0 }, // U+1EDB
    { 17, 21, 274, 1, 21, 90, 56 }, // U+1EDC
    { 14, 16, 227, 1, 16, 56, 146 }, // U+1EDD
    { 17, 22, 274, 1, 22, 94, 202 }, // U+1EDE
    { 14, 18, 227, 1, 18, 63, 296 }, // U+1EDF
    { 17, 21, 274, 1, 21, 90, 359 }, // U+1EE0
    { 14, 16, 227, 1, 16, 56, 449 }, // U+1EE1
    { 17, 20, 274, 1, 16, 85, 505 }, // U+1EE2
    { 14, 18, 227, 1, 14, 63, 590 }, // U+1EE3
    { 13, 19, 252, 2, 15, 62, 653 }, // U+1EE4
    { 11, 16, 217, 1, 12, 44, 715 }, // U+1EE5
    { 13, 22, 252, 2, 22, 72, 759 }, // U+1EE6
    { 11, 18, 217, 1, 18, 50, 831 }, // U+1EE7
    { 17, 21, 295, 2, 21, 90, 881 }, // U+1EE8
    { 16, 16, 252, 1, 16, 64, 971 }, // U+1EE9
    { 17, 21, 295, 2, 21, 90, 1035 }, // U+1EEA
    { 16, 16, 252, 1, 16, 64, 1125 }, // U+1EEB
    { 17, 22, 295, 2, 22, 94, 1189 }, // U+1EEC
    { 16, 18, 252, 1, 18, 72, 1283 }, // U+1EED
    { 17, 21, 295, 2, 21, 90, 1355 }, // U+1EEE
    { 16, 16, 252, 1, 16, 64, 1445 }, // U+1EEF
    { 17, 20, 295, 2, 16, 85, 1509 }, // U+1EF0
    { 16, 18, 252, 1, 14, 72, 1594 }, // U+1EF1
    { 14, 20, 209, 0, 20, 70, 1666 }, // U+1EF2
    { 13, 21, 190, 0, 16, 69, 1736 }, // U+1EF3
    { 14, 19, 209, 0, 15, 67, 1805 }, // U+1EF4
    { 12, 17, 190, 0, 12, 51, 1872 }, // U+1EF5
    { 13, 22, 209, 0, 22, 72, 1923 }, // U+1EF6
    { 13, 23, 190, -1, 18, 75, 1995 }, // U+1EF7
    { 14, 20, 209, 0, 20, 70, 2070 }, // U+1EF8
    { 13, 21, 190, 0, 16, 69, 2140 }, // U+1EF9
    { 0, 0, 167, 0, 0, 0, 0 }, // U+2000
    { 0, 0, 333, 0, 0, 0, 0 }, // U+2001
    { 0, 0, 167, 0, 0, 0, 0 }, // U+2002
    { 0, 0, 333, 0, 0, 0, 0 }, // U+2003
    { 0, 0, 111, 0, 0, 0, 0 }, // U+2004
    { 0, 0, 83, 0, 0, 0, 0 }, // U+2005
    { 0, 0, 56, 0, 0, 0, 0 }, // U+2006
    { 0, 0, 191, 0, 0, 0, 0 }, // U+2007
    { 0, 0, 94, 0, 0, 0, 0 }, // U+2008
    { 0, 0, 55, 0, 0, 0, 0 }, // U+2009
    { 0, 0, 33, 0, 0, 0, 0 }, // U+200A
    { 0, 0, 0, 0, 0, 0, 0 }, // U+200B
    { 0, 0, 0, 0, 0, 0, 0 }, // U+200C
    { 0, 0, 0, 0, 0, 0, 0 }, // U+200D
    { 0, 0, 0, 0, 0, 0, 0 }, // U+200E
    { 0, 0, 0, 0, 0, 0, 0 }, // U+200F
    { 5, 3, 107, 1, 7, 4, 0 }, // U+2010
    { 5, 3, 107, 1, 7, 4, 4 }, // U+2011
    { 10, 3, 192, 1, 9, 8, 8 }, // U+2012
    { 9, 3, 167, 1, 8, 7, 16 }, // U+2013
    { 19, 3, 333, 1, 8, 15, 23 }, // U+2014
    { 19, 3, 333, 1, 8, 15, 38 }, // U+2015
    { 8, 21, 184, 2, 16, 42, 53 }, // U+2016
    { 9, 5, 137, 0, -1, 12, 95 }, // U+2017
    { 5, 5, 72, 0, 15, 7, 107 }, // U+2018
    { 5, 5, 72, 0, 15, 7, 114 }, // U+2019
    { 5, 5, 95, 0, 3, 7, 121 }, // U+201A
    { 5, 5, 72, 0, 15, 7, 128 }, // U+201B
    { 10, 5, 148, 0, 15, 13, 135 }, // U+201C
    { 10, 5, 148, 0, 15, 13, 148 }, // U+201D
    { 10, 5, 171, 0, 2, 13, 161 }, // U+201E
    { 10, 5, 148, 0, 15, 13, 174 }, // U+201F
    { 9, 16, 171, 1, 16, 36, 187 }, // U+2020
    { 8, 16, 173, 1, 16, 32, 223 }, // U+2021
    { 6, 7, 125, 1, 12, 11, 255 }, // U+2022
    { 7, 9, 125, 1, 13, 16, 266 }, // U+2023
    { 4, 3, 167, 3, 3, 3, 282 }, // U+2024
    { 10, 3, 192, 1, 3, 8, 285 }, // U+2025
    { 16, 3, 285, 1, 3, 12, 293 }, // U+2026
    { 4, 4, 94, 1, 8, 4, 305 }, // U+2027
    { 0, 0, 200, 0, 0, 0, 309 }, // U+2028
    { 0, 0, 200, 0, 0, 0, 309 }, // U+2029
    { 0, 0, 0, 0, 0, 0, 309 }, // U+202A
    { 0, 0, 0, 0, 0, 0, 309 }, // U+202B
    { 0, 0, 0, 0, 0, 0, 309 }, // U+202C
    { 0, 0, 0, 0, 0, 0, 309 }, // U+202D
    { 0, 0, 0, 0, 0, 0, 309 }, // U+202E
    { 0, 0, 55, 0, 0, 0, 309 }, // U+202F
    { 26, 15, 427, 1, 15, 98, 309 }, // U+2030
    { 34, 15, 556, 1, 15, 128, 407 }, // U+2031
    { 7, 6, 101, 0, 15, 11, 535 }, // U+2032
    { 12, 5, 175, 0, 15, 15, 546 }, // U+2033
    { 16, 5, 248, 0, 15, 20, 561 }, // U+2034
    { 6, 6, 141, 1, 15, 9, 581 }, // U+2035
    { 11, 5, 214, 1, 15, 14, 590 }, // U+2036
    { 15, 5, 288, 1, 15, 19, 604 }, // U+2037
    { 9, 7, 136, 0, 2, 16, 623 }, // U+2038
    { 7, 10, 122, 1, 11, 18, 639 }, // U+2039
    { 7, 10, 122, 0, 11, 18, 657 }, // U+203A
    { 16, 15, 283, 1, 15, 60, 675 }, // U+203B
    { 10, 15, 190, 1, 15, 38, 735 }, // U+203C
    { 10, 15, 159, 0, 15, 38, 773 }, // U+203D
    { 11, 3, 167, 0, 19, 9, 811 }, // U+203E
    { 13, 5, 203, 0, 0, 17, 820 }, // U+203F
    { 13, 5, 203, 0, 17, 17, 837 }, // U+2040
    { 9, 14, 141, 0, 9, 32, 854 }, // U+2041
    { 24, 20, 373, 0, 16, 120, 886 }, // U+2042
    { 5, 3, 107, 1, 7, 4, 1006 }, // U+2043
    { 11, 15, 43, -4, 15, 42, 1010 }, // U+2044
    { 5, 19, 110, 2, 15, 24, 1052 }, // U+2045
    { 7, 19, 110, 0, 15, 34, 1076 }, // U+2046
    { 21, 15, 316, 0, 15, 79, 1110 }, // U+2047
    { 15, 15, 254, 0, 15, 57, 1189 }, // U+2048
    { 15, 15, 254, 1, 15, 57, 1246 }, // U+2049
    { 10, 12, 196, 1, 12, 30, 1303 }, // U+204A
    { 11, 20, 216, 2, 16, 55, 1333 }, // U+204B
    { 11, 12, 218, 1, 12, 33, 1388 }, // U+204C
    { 11, 12, 218, 2, 12, 33, 1421 }, // U+204D
    { 11, 11, 181, 0, 6, 31, 1454 }, // U+204E
    { 4, 15, 95, 1, 12, 15, 1485 }, // U+204F
    { 13, 22, 200, 0, 17, 72, 1500 }, // U+2050
    { 11, 22, 181, 0, 16, 61, 1572 }, // U+2051
    { 10, 15, 141, 0, 15, 38, 1633 }, // U+2052
    { 21, 5, 333, 0, 9, 27, 1671 }, // U+2053
    { 13, 5, 200, 0, -1, 17, 1698 }, // U+2054
    { 10, 11, 187, 1, 11, 28, 1715 }, // U+2055
    { 10, 15, 193, 1, 15, 38, 1743 }, // U+2056
    { 20, 5, 312, 0, 15, 25, 1781 }, // U+2057
    { 16, 15, 291, 1, 15, 60, 1806 }, // U+2058
    { 16, 15, 291, 1, 15, 60, 1866 }, // U+2059
    { 4, 15, 95, 1, 15, 15, 1926 }, // U+205A
    { 13, 17, 231, 1, 17, 56, 1941 }, // U+205B
    { 16, 17, 284, 1, 16, 68, 1997 }, // U+205C
    { 4, 16, 94, 1, 16, 16, 2065 }, // U+205D
    { 4, 15, 95, 1, 15, 15, 2081 }, // U+205E
    { 0, 0, 74, 0, 0, 0, 2096 }, // U+205F
    { 0, 0, 0, 0, 0, 0, 2096 }, // U+2060
    { 0, 0, 0, 0, 0, 0, 2096 }, // U+2061
    { 0, 0, 0, 0, 0, 0, 2096 }, // U+2062
    { 0, 0, 0, 0, 0, 0, 2096 }, // U+2063
    { 0, 0, 0, 0, 0, 0, 2096 }, // U+2064
    { 0, 0, 0, 0, 0, 0, 2096 }, // U+2065
    { 0, 0, 0, 0, 0, 0, 2096 }, // U+2066
    { 0, 0, 0, 0, 0, 0, 2096 }, // U+2067
    { 0, 0, 0, 0, 0, 0, 2096 }, // U+2068
    { 0, 0, 0, 0, 0, 0, 2096 }, // U+2069
    { 0, 0, 0, 0, 0, 0, 2096 }, // U+206A
    { 0, 0, 0, 0, 0, 0, 2096 }, // U+206B
    { 0, 0, 0, 0, 0, 0, 2096 }, // U+206C
    { 0, 0, 0, 0, 0, 0, 2096 }, // U+206D
    { 0, 0, 0, 0, 0, 0, 2096 }, // U+206E
    { 0, 0, 0, 0, 0, 0, 2096 }, // U+206F
    { 7, 10, 126, 1, 18, 18, 0 }, // U+2070
    { 3, 10, 65, 1, 16, 8, 18 }, // U+2071
    { 7, 10, 127, 1, 18, 18, 26 }, // U+2074
    { 7, 10, 127, 1, 19, 18, 44 }, // U+2075
    { 7, 9, 127, 1, 17, 16, 62 }, // U+2076
    { 7, 10, 127, 1, 19, 18, 78 }, // U+2077
    { 7, 11, 127, 1, 19, 20, 96 }, // U+2078
    { 7, 9, 127, 1, 17, 16, 116 }, // U+2079
    { 6, 6, 120, 1, 15, 9, 132 }, // U+207A
    { 6, 2, 120, 1, 13, 3, 141 }, // U+207B
    { 6, 5, 120, 1, 15, 8, 144 }, // U+207C
    { 4, 12, 81, 1, 19, 12, 152 }, // U+207D
    { 4, 12, 81, 0, 19, 12, 164 }, // U+207E
    { 7, 7, 141, 1, 13, 13, 176 }, // U+207F
    { 7, 10, 127, 1, 7, 18, 189 }, // U+2080
    { 6, 9, 127, 0, 6, 14, 207 }, // U+2081
    { 8, 10, 127, 0, 7, 20, 221 }, // U+2082
    { 8, 9, 127, 0, 6, 18, 241 }, // U+2083
    { 7, 10, 127, 1, 7, 18, 259 }, // U+2084
    { 7, 10, 127, 1, 7, 18, 277 }, // U+2085
    { 7, 9, 127, 1, 6, 16, 295 }, // U+2086
    { 7, 10, 127, 1, 7, 18, 311 }, // U+2087
    { 7, 11, 127, 1, 8, 20, 329 }, // U+2088
    { 7, 11, 127, 1, 8, 20, 349 }, // U+2089
    { 6, 6, 120, 1, 5, 9, 369 }, // U+208A
    { 6, 3, 120, 1, 3, 5, 378 }, // U+208B
    { 6, 5, 120, 1, 4, 8, 383 }, // U+208C
    { 4, 12, 81, 1, 8, 12, 391 }, // U+208D
    { 4, 12, 81, 0, 8, 12, 403 }, // U+208E
    { 7, 7, 130, 1, 5, 13, 415 }, // U+2090
    { 7, 7, 129, 1, 5, 13, 428 }, // U+2091
    { 8, 7, 135, 1, 5, 14, 441 }, // U+2092
    { 8, 7, 125, 0, 5, 14, 455 }, // U+2093
    { 7, 7, 129, 1, 5, 13, 469 }, // U+2094
    { 7, 10, 141, 1, 8, 18, 482 }, // U+2095
    { 8, 10, 132, 1, 8, 20, 500 }, // U+2096
    { 3, 10, 65, 1, 8, 8, 520 }, // U+2097
    { 12, 7, 211, 1, 5, 21, 528 }, // U+2098
    { 7, 7, 141, 1, 5, 13, 549 }, // U+2099
    { 7, 10, 137, 1, 5, 18, 562 }, // U+209A
    { 6, 7, 109, 1, 5, 11, 580 }, // U+209B
    { 6, 9, 91, 1, 7, 14, 591 }, // U+209C
    { 11, 15, 191, 1, 15, 42, 0 }, // U+20A0
    { 12, 18, 203, 1, 16, 54, 42 }, // U+20A1
    { 11, 15, 191, 1, 15, 42, 96 }, // U+20A2
    { 11, 15, 191, 1, 15, 42, 138 }, // U+20A3
    { 11, 15, 191, 1, 15, 42, 180 }, // U+20A4
    { 18, 18, 325, 2, 15, 81, 222 }, // U+20A5
    { 12, 15, 191, 1, 15, 45, 303 }, // U+20A6
    { 16, 15, 297, 2, 15, 60, 348 }, // U+20A7
    { 17, 15, 306, 2, 15, 64, 408 }, // U+20A8
    { 15, 15, 246, 1, 15, 57, 472 }, // U+20A9
    { 16, 15, 306, 2, 15, 60, 529 }, // U+20AA
    { 12, 20, 215, 1, 16, 60, 589 }, // U+20AB
    { 12, 15, 191, 1, 15, 45, 649 }, // U+20AC
    { 12, 15, 191, 1, 15, 45, 694 }, // U+20AD
    { 11, 15, 191, 1, 15, 42, 739 }, // U+20AE
    { 20, 20, 337, 0, 15, 100, 781 }, // U+20AF
    { 12, 20, 203, 0, 15, 60, 881 }, // U+20B0
    { 12, 15, 191, 1, 15, 45, 941 }, // U+20B1
    { 13, 18, 245, 1, 16, 59, 986 }, // U+20B2
    { 15, 15, 217, 0, 15, 57, 1045 }, // U+20B3
    { 11, 15, 191, 1, 15, 42, 1102 }, // U+20B4
    { 12, 18, 212, 1, 16, 54, 1144 }, // U+20B5
    { 14, 14, 232, 0, 14, 49, 1198 }, // U+20B6
    { 15, 17, 244, 0, 15, 64, 1247 }, // U+20B7
    { 11, 15, 191, 1, 15, 42, 1311 }, // U+20B8
    { 9, 15, 191, 1, 15, 34, 1353 }, // U+20B9
    { 12, 15, 191, 1, 15, 45, 1387 }, // U+20BA
    { 17, 15, 271, 0, 15, 64, 1432 }, // U+20BB
    { 17, 15, 291, 1, 15, 64, 1496 }, // U+20BC
    { 13, 15, 200, 0, 15, 49, 1560 }, // U+20BD
    { 15, 16, 263, 1, 16, 60, 1609 }, // U+20BE
    { 10, 20, 191, 2, 18, 50, 1669 }, // U+20BF
    { 10, 16, 175, 1, 12, 40, 1719 }, // U+20C0
    { 12, 3, 194, 0, 9, 9, 0 }, // U+2212
    { 18, 16, 257, 1, 16, 72, 0 }, // U+FB00
    { 13, 16, 228, 1, 16, 52, 72 }, // U+FB01
    { 13, 16, 231, 1, 16, 52, 124 }, // U+FB02
    { 21, 16, 357, 1, 16, 84, 176 }, // U+FB03
    { 21, 16, 360, 1, 16, 84, 260 }, // U+FB04
    { 14, 16, 261, 2, 16, 56, 344 }, // U+FB05
    { 18, 16, 310, 1, 16, 72, 400 }, // U+FB06
    { 20, 20, 333, 0, 17, 100, 0 }, // U+FFFD
};


static const EpdFontGroup notosans_10_boldGroups[] = {
    { 0, 1941, 3946, 97, 2598, 0 },
    { 1941, 1953, 4803, 96, 3830, 97 },
    { 3894, 1365, 4062, 72, 2193, 193 },
    { 5259, 1222, 3379, 56, 1954, 265 },
    { 6481, 2653, 6786, 96, 3767, 321 },
    { 9134, 715, 1110, 112, 512, 417 },
    { 9849, 6892, 15630, 256, 3829, 529 },
    { 16741, 1358, 4064, 59, 2931, 785 },
    { 18099, 675, 2518, 31, 1127, 844 },
    { 18774, 1126, 2320, 112, 1435, 875 },
    { 19900, 355, 669, 42, 340, 987 },
    { 20255, 1094, 1896, 33, 987, 1029 },
    { 21349, 9, 9, 1, 3, 1062 },
    { 21358, 212, 544, 7, 179, 1063 },
    { 21570, 79, 100, 1, 70, 1070 },
};







static const int8_t notosans_10_boldKernSparseValues[] = {
     -23,    7,    7,    3,  -13,  -20,  -10,  -10,  -10,  -27,   23,    7,  -10,    7,  -23,  -20,
       7,   -3,  -13,  -23,    7,  -17,   10,    7,   10,   10,    7,  -20,   -7,  -20,   -7,  -10,
      30,   13,   33,  -10,   20,  -17,  -23,   -7,  -20,  -20,  -17,   20,   -7,  -13,  -27,  -13,
     -20,  -17,  -20,  -23,  -20,  -20,  -13,  -13,   -7,   -3,   -3,   -7,  -13,   -4,   -1,   -1,
      -1,   -1,  -23,   -7,   17,  -23,  -13,  -20,   -3,   -7,   -7,  -13,   -7,  -10,   -3,   -7,
      -3,   -3,   20,    7,  -20,    7,   -7,  -27,   -7,   -7,   -3,   -7,  -10,   -3,  -43,  -17,
      -7,   -3,   -7,  -10,   -3,   -7,  -20,  -13,    7,  -23,   -7,    7,  -27,  -23,  -23,  -17,
     -20,   -7,  -13,  -20,  -10,   -7,   -3,  -17,    7,  -13,   -3,   -7,   -7,   -3,   -3,   -3,
     -10,   -3,  -10,  -20,    7,  -20,   -7,  -17,  -17,  -17,  -10,  -13,   -7,  -27,  -10,   -3,
      -7,   32,   -3,   -3,   -7,   -3,    7,   20,   13,   -7,   13,  -53,   -7,   -7,   -3,   13,
     -13,    7,   -7,   17,   -7,   -3,  -10,  -10,   -3,  -10,  -10,   -3,   -3,  -20,  -10,   -7,
     -27,  -20,   -7,   -7,   -7,  -13,   33,  -13,  -10,  -13,   17,  -23,   -7,   37,  -23,  -13,
     -20,   39,   35,   48,   44,   10,   23,   31,   17,   39,   17,   44,   45,   54,   47,   31,
      -7,    7,   20,   23,   17,   20,    7,   13,   17,  -10,   -3,    7,   23,   23,   17,   20,
     -10,   -7,   -7,    7,   17,   17,   17,  -23,  -17,   -7,  -10,   -7,   -7,   -7,   -7,  -13,
     -20,  -17,   -7,  -10,    7,  -17,  -13,  -10,  -10,    7,   -7,   -8,  -23,   -8,  -12,  -13,
      -7,  -10,  -13,  -13,   -3,   -3,  -10,   -3,   -3,  -10,  -13,   -7,    3,   -7,   -7,  -10,
      -7,   -7,   -7,   -7,   -3,  -30,   -3,  -20,   -7,  -10,   -7,   -7,   -7,   -7,  -10,  -20,
       7,   -3,   -3,   -7,   -7,  -13,   -3,   -3,   -7,   -7,   -3,   -3,   -7,   -7,  -17,    7,
     -23,   -7,   -3,  -17,   -7,  -13,   -7,  -26,  -40,  -35,  -10,  -12,  -17,  -13,   -3,  -31,
     -24,  -10,   -7,  -17,   -7,  -17,   17,  -10,   -3,   -7,  -10,  -17,  -23,   -3,  -23,   -7,
      17,   -6,  -12,  -20,   -3,  -10,   -7,  -10,   -7,  -13,  -17,  -20,  -17,   -3,  -13,   -3,
      -3,   -3,   -3,   -5,   -3,   10,   30,   10,   13,   -3,   -8,   10,   10,   -3,   10,   -7,
      23,  -13,   -7,   -3,  -13,   -7,   -3,   -7,   -3,   -3,   -5,   -3,   -3,   -3,   -3,   -3,
      -7,  -43,   -3,   -3,   -7,   -3,  -20,   -7,  -17,  -20,   -7,   -3,   -8,  -17,   -3,  -13,
      -3,  -20,   -3,   -4,  -13,   -3,  -12,   -3,   -6,  -10,  -12,  -10,  -13,  -10,   -3,   -8,
      -5,   -5,   -3,   -7,   -3,  -13,  -11,   -7,   -3,   -3,   -2,  -20,  -12,   -3,  -10,   -7,
      -3,   -7,   -3,  -10,   -3,   -3,   -1,  -10,   -3,   -3,   -3,   -7,   -3,   -3,   10,  -13,
      -7,   -7,  -10,  -10,   -3,  -13,   -3,  -10,   13,   -3,    7,  -10,   33,    7,   10,   -5,
       7,    8,   -5,  -10,   20,   -2,  -13,  -12,   -3,   -7,   -7,   -3,   -7,   -3,  -10,   -3,
      -3,   -3,   -3,   -5,   -3,   -5,   -3,   -7,   -7,   -7,   -3,   -7,   10,  -10,   -1,    7,
      -7,   -3,   -3,    7,  -13,   -7,   -7,  -10,   -3,   -3,  -17,  -10,  -17,  -10,   13,  -27,
      -3,  -20,   -7,   -3,   -3,   -3,  -23,   -7,   -7,  -20,  -15,  -13,   -7,   -7,  -10,   -7,
     -10,   -3,  -13,   27,  -10,  -17,    7,   10,  -13,   -7,   -7,    8,  -10,  -10,   -3,  -13,
      -3,  -10,    8,    8,   13,   -7,  -10,   -3,   -7,   10,    7,   14,    5,   10,    7,   -3,
     -13,   13,  -10,  -17,  -13,   -7,  -13,  -13,  -13,   -7,  -10,   -7,  -10,  -23,   -7,  -17,
     -10,  -10,   -7,   -7,   -7,  -13,   -3,   -3,  -20,  -13,  -20,  -10,    7,   -7,  -13,  -23,
     -17,  -10,  -23,  -20,   -7,   -7,  -13,  -13,  -17,   -7,   -7,  -17,  -13,  -17,  -23,  -17,
     -27,  -17,   -7,  -10,   -3,  -13,   -3,  -10,  -17,   -7,    7,  -20,  -13,  -17,   -7,   -7,
     -17,    7,   -7,  -10,    7,   -7,  -10,  -13,  -10,   -7,  -10,   -7,  -17,   -7,  -17,   -7,
      -3,   -3,  -20,  -20,  -17,  -17,  -13,    7,   -7,  -10,  -13,  -13,  -13,   -3,  -13,   -3,
      -7,   -3,   -3,   -3,   -7,   -3,
};


static const EpdFontData notosans_10_bold = {
    notosans_10_boldBitmaps,
    notosans_10_boldGlyphs,
    epdSharedFontIntervals_cb6738f1a23b,
    19,
    28,
    23,
    -7,
    true,
    notosans_10_boldGroups,
    15,
    nullptr,
    nullptr,  // kernLeftClasses: built-in fonts use the split arrays below
    nullptr,  // kernRightClasses
    epdSharedFontKernLeftCodepoints_63dda1171fed,
    epdSharedFontKernLeftClassIds_a3a12d00c4f6,
    epdSharedFontKernRightCodepoints_dbaff3525670,
    epdSharedFontKernRightClassIds_d41c1eb3459f,
    nullptr,  // kernMatrix: built-in fonts use the sparse form below
    epdSharedFontKernRowOffsets_50d8fec22a76,
    epdSharedFontKernSparseCols_f5cf594115ef,
    notosans_10_boldKernSparseValues,
    478,
    474,
    88,
    76,
    epdSharedFontLigaturePairs_607bf6e70845,
    5,
};
