/**
 * generated by fontconvert.py
 * name: notosans_12_bold
 * size: 12
 * mode: 2-bit  compressed: zopfli
 * hinting: auto (FT_LOAD_FORCE_AUTOHINT — grid-fits stems to whole pixels)
 * Command used: fontconvert.py notosans_12_bold 12 ../builtinFonts/source/NotoSans/NotoSans-Bold.ttf --2bit --compress --zopfli
 */
#pragma once
#include "EpdFontData.h"
#include "shared_tables.h"

static const uint8_t notosans_12_boldBitmaps[25172] = {
    0xAD, 0x97, 0xC7, 0xB6, 0xE5, 0x4A, 0x52, 0x86, 0x3F, 0x49, 0x74, 0x69, 0x35, 0x1A, 0x24, 0xDE,
    0x83, 0xF0, 0x1E, 0x84, 0xF7, 0x54, 0x26, 0x7E, 0xD8, 0xBC, 0x01, 0x3D, 0xC3, 0x73, 0x5E, 0xA0,
    0x8B, 0x4C, 0xD6, 0x9D, 0x61, 0xCF, 0x63, 0x30, 0xEB, 0x07, 0xB8, 0x26, 0x13, 0x3F, 0x6C, 0xE1,
    0x87, 0x68, 0xAD, 0xF6, 0xA3, 0xCA, 0xEE, 0x2B, 0xB8, 0xBA, 0x54, 0x4A, 0x3F, 0x92, 0x76, 0x9D,
    0xAA, 0x73, 0xCA, 0xE2, 0x32, 0xFE, 0x3F, 0xB6, 0xA4, 0x88, 0x34, 0xB1, 0x15, 0x4A, 0xA3, 0x5B,
    0x05, 0x1E, 0x48, 0x0F, 0xBC, 0x19, 0x4F, 0x24, 0x7B, 0xE2, 0x7E, 0x97, 0x18, 0x4C, 0xE2, 0xBE,
    0x09, 0xFC, 0xAC, 0x71, 0x3C, 0xE8, 0xE1, 0x23, 0x03, 0x56, 0x2A, 0x07, 0xBF, 0x7B, 0x8B, 0x7F,
    0xCE, 0xFC, 0x80, 0x2A, 0xBF, 0x85, 0xA4, 0x7C, 0xC3, 0x66, 0x9C, 0x69, 0xFF, 0x3E, 0xD3, 0xFE,
    0x65, 0xA6, 0xFB, 0xAB, 0x8C, 0x79, 0x63, 0x82, 0x9F, 0x39, 0x70, 0x4F, 0x9F, 0x18, 0xB4, 0x79,
    0x15, 0x7D, 0xE4, 0x77, 0xF4, 0x33, 0xEC, 0x88, 0x05, 0x2B, 0xD7, 0x29, 0x9F, 0x57, 0x1B, 0x3F,
    0xA3, 0x1D, 0xF3, 0xCF, 0x4A, 0x5A, 0xA5, 0xE5, 0x6B, 0x15, 0x2E, 0x15, 0xBB, 0x05, 0x93, 0xB0,
    0xA2, 0x77, 0x78, 0x39, 0x0B, 0x6B, 0x1F, 0xDE, 0x82, 0x62, 0xD2, 0x72, 0xE8, 0xBF, 0xCC, 0x87,
    0xFE, 0xBB, 0xE9, 0x78, 0xFE, 0x67, 0x7F, 0xB9, 0xE0, 0xF5, 0x6B, 0x7F, 0x26, 0xAC, 0xEC, 0xF0,
    0x51, 0xD7, 0x2D, 0x6F, 0x5B, 0x93, 0xA0, 0x1C, 0xBA, 0x9E, 0x0F, 0xDD, 0xE4, 0x43, 0x9B, 0xF1,
    0xD0, 0x7D, 0xEA, 0x3F, 0x1A, 0xB0, 0xCE, 0x08, 0x3C, 0xF5, 0x42, 0x15, 0x27, 0x30, 0x2A, 0x30,
    0x48, 0x60, 0xC7, 0x43, 0x25, 0xC1, 0xF0, 0x0F, 0xDB, 0x61, 0x58, 0xA0, 0xD1, 0x08, 0x46, 0x6E,
    0x48, 0x56, 0xA3, 0x4D, 0xF1, 0xE1, 0xEC, 0x9D, 0xDA, 0x55, 0xA8, 0xD2, 0x86, 0xF0, 0x85, 0x18,
    0xEC, 0x82, 0x95, 0x56, 0x7A, 0x49, 0xAE, 0xD6, 0x27, 0xEC, 0xE4, 0x39, 0xC4, 0x62, 0xB9, 0x0F,
    0xA5, 0x99, 0xBB, 0x6C, 0xC6, 0x21, 0xD9, 0xE0, 0x5D, 0x44, 0xB7, 0x24, 0xE2, 0x9D, 0x0D, 0x43,
    0xEA, 0xC7, 0x2E, 0x37, 0x33, 0xC5, 0xD2, 0x27, 0x33, 0xED, 0xD7, 0x4B, 0x53, 0xEA, 0xB5, 0x5A,
    0xD9, 0x9E, 0xB8, 0x6E, 0xD5, 0x56, 0xAF, 0x4D, 0x69, 0x96, 0x36, 0x9B, 0xA9, 0x4F, 0x16, 0xAC,
    0x83, 0x81, 0x93, 0xDF, 0xDA, 0x57, 0xCE, 0x3E, 0x8C, 0xC1, 0x4A, 0xE1, 0x2B, 0xE2, 0x67, 0x1D,
    0x1A, 0xA9, 0x1F, 0x65, 0xDA, 0xCF, 0x17, 0xDA, 0xA9, 0x40, 0xF8, 0x55, 0xB0, 0x4F, 0xA1, 0x9B,
    0x82, 0xE5, 0x36, 0xCC, 0xD8, 0xA7, 0x3E, 0x0D, 0xE1, 0x18, 0xB7, 0xCA, 0x21, 0x47, 0xB2, 0xD0,
    0x66, 0xBA, 0x69, 0x37, 0xD2, 0x27, 0x6C, 0xC0, 0x42, 0x84, 0x95, 0xAA, 0x50, 0x2F, 0x34, 0xF3,
    0x61, 0x37, 0xA7, 0x7D, 0x38, 0xED, 0xFE, 0xB4, 0x57, 0xBA, 0xC6, 0x68, 0x61, 0xD0, 0x8A, 0x4D,
    0xC2, 0xBB, 0xE8, 0x22, 0x3E, 0x08, 0x7B, 0x30, 0x3D, 0xC3, 0x70, 0xD8, 0x0E, 0x9F, 0xE3, 0xEE,
    0xA8, 0xD3, 0x69, 0x39, 0xDB, 0xC0, 0x64, 0x7C, 0xAE, 0x94, 0x3B, 0x65, 0xFB, 0x30, 0xF7, 0x1F,
    0xCA, 0x1F, 0x34, 0x99, 0xD7, 0xA1, 0x8A, 0x9F, 0xA0, 0xD3, 0x86, 0x95, 0x9C, 0x09, 0x3E, 0x7D,
    0x00, 0x9B, 0x78, 0xC2, 0xE8, 0xA8, 0x04, 0xED, 0x0A, 0x66, 0x06, 0x3B, 0x82, 0x1C, 0xCD, 0xCD,
    0xAD, 0x94, 0x6E, 0xD8, 0xE9, 0x3A, 0x6A, 0xF1, 0x5A, 0xBF, 0xAB, 0x16, 0x08, 0x36, 0xEA, 0xD2,
    0x6A, 0x6A, 0x15, 0x5A, 0x2D, 0xB4, 0x1B, 0xE8, 0x82, 0xB1, 0xDE, 0xA4, 0x22, 0xCD, 0xC3, 0xE6,
    0x68, 0x0A, 0x74, 0x3B, 0xFB, 0x9D, 0x76, 0x67, 0xDC, 0xF9, 0x5E, 0xA1, 0x79, 0xB7, 0xD0, 0xFE,
    0x63, 0xC1, 0xBC, 0x51, 0xB0, 0x4D, 0xE1, 0xC1, 0x4E, 0x49, 0xE9, 0x86, 0x47, 0xBD, 0xDB, 0xB4,
    0x5A, 0x2E, 0xF0, 0xF0, 0x18, 0xD1, 0x45, 0xE5, 0xA8, 0xF2, 0x05, 0xED, 0x4A, 0x75, 0xD3, 0x7B,
    0xB5, 0x4D, 0xED, 0x2A, 0x2D, 0xD2, 0x74, 0xB5, 0x39, 0xFA, 0x95, 0x5A, 0xDB, 0x19, 0x7F, 0x3F,
    0x83, 0x0D, 0xE0, 0x81, 0xD8, 0x4F, 0x6C, 0x71, 0x45, 0x12, 0x4A, 0xBA, 0xF3, 0x26, 0xA2, 0xF3,
    0xC1, 0x26, 0xB9, 0x41, 0xA2, 0x53, 0xA1, 0x8A, 0xE3, 0xDD, 0x91, 0xE1, 0x1D, 0x08, 0xD8, 0xA0,
    0x2E, 0xD0, 0x2C, 0xD0, 0xCD, 0x60, 0x32, 0xF4, 0x23, 0xD8, 0xC3, 0x25, 0x80, 0xA0, 0xBA, 0x71,
    0x29, 0x17, 0x97, 0x5A, 0xD7, 0x0C, 0x5A, 0xF0, 0xDA, 0xD0, 0xCF, 0x89, 0x43, 0xA2, 0x13, 0xF6,
    0x1F, 0x57, 0x8C, 0x66, 0x6A, 0x25, 0x3A, 0xCD, 0xD8, 0x7F, 0xDD, 0x8E, 0xE7, 0x87, 0x25, 0x9D,
    0x0C, 0x31, 0x78, 0x5D, 0xB2, 0xA1, 0xD6, 0xB4, 0x33, 0x9C, 0xFE, 0x56, 0x2B, 0xF1, 0x0F, 0x84,
    0xF0, 0xEE, 0x69, 0x0C, 0x3E, 0xED, 0xCF, 0x92, 0x95, 0x42, 0xAF, 0x18, 0xEE, 0xAD, 0xD6, 0x81,
    0x07, 0x2E, 0xEF, 0x79, 0xD0, 0xB2, 0x73, 0x64, 0x78, 0xFF, 0x32, 0x01, 0x02, 0x5C, 0xAE, 0x7A,
    0x67, 0x93, 0x4D, 0xBD, 0xE3, 0x4E, 0x19, 0xC2, 0xE0, 0x2C, 0x96, 0x07, 0xBC, 0x05, 0x54, 0xD0,
    0x53, 0x89, 0x7E, 0xAD, 0x34, 0xF6, 0x2B, 0x1A, 0x51, 0xC0, 0xBF, 0xCF, 0xBD, 0xA3, 0xC9, 0xED,
    0x30, 0xD1, 0x43, 0xA5, 0x9B, 0xC2, 0x59, 0x74, 0x53, 0x1C, 0xCC, 0x20, 0x87, 0x9F, 0x69, 0x6F,
    0x7E, 0xA8, 0xC5, 0xD5, 0xDA, 0x2A, 0xC4, 0xE5, 0x30, 0xCD, 0xE0, 0xE0, 0x0B, 0x6F, 0xF2, 0xED,
    0x27, 0xAB, 0x9B, 0x7C, 0x6B, 0x56, 0xCC, 0x82, 0x1D, 0x89, 0x8E, 0x15, 0x0A, 0x97, 0x52, 0xCD,
    0x34, 0x65, 0xC7, 0x71, 0x71, 0xCC, 0xB7, 0xE0, 0x25, 0x57, 0x4B, 0x9A, 0xBA, 0x95, 0x7E, 0xE9,
    0xC7, 0xF8, 0xC9, 0x62, 0x7F, 0x45, 0xE5, 0x1D, 0x6F, 0xC6, 0x62, 0xDF, 0x1E, 0x5C, 0xB1, 0xC5,
    0xF2, 0x44, 0x55, 0xE5, 0x7E, 0x19, 0xDE, 0x28, 0x6F, 0x17, 0x23, 0x2D, 0x6F, 0xB7, 0x5B, 0x3F,
    0x79, 0x00, 0x9B, 0x80, 0xFE, 0x7D, 0x7E, 0x8F, 0x56, 0xDA, 0x40, 0x5A, 0xCF, 0x51, 0x81, 0x29,
    0x80, 0x59, 0x81, 0x41, 0x80, 0x8D, 0x80, 0xF7, 0x01, 0xE2, 0x90, 0x40, 0xFD, 0x48, 0xB5, 0x99,
    0x89, 0xBA, 0x98, 0x4C, 0x53, 0xBA, 0x99, 0x76, 0x69, 0x16, 0x3A, 0xA9, 0x60, 0x1E, 0x4F, 0x8F,
    0x1B, 0x76, 0x44, 0xD8, 0xC4, 0x91, 0x6F, 0xF8, 0x24, 0x87, 0x4D, 0xD2, 0x27, 0x38, 0x6C, 0x92,
    0x9C, 0x88, 0x4F, 0x66, 0x04, 0x11, 0x9D, 0xB4, 0x22, 0xCD, 0x17, 0x3B, 0xF1, 0xEE, 0xCC, 0x71,
    0xDC, 0x4B, 0x5C, 0x7C, 0x26, 0x18, 0x36, 0x57, 0x1F, 0xE1, 0x4B, 0x69, 0x98, 0xEB, 0x70, 0x93,
    0x92, 0x11, 0xD0, 0x0B, 0x18, 0xDD, 0x25, 0xDC, 0x61, 0xAE, 0x82, 0x91, 0x52, 0xB3, 0x93, 0xAB,
    0xCD, 0x49, 0xD7, 0x37, 0xE3, 0x09, 0xC2, 0x4F, 0xC2, 0x64, 0xD1, 0xCD, 0xA2, 0x5D, 0x44, 0x53,
    0x6E, 0x71, 0x39, 0x9E, 0x5D, 0x6C, 0x7D, 0x16, 0x71, 0x94, 0x74, 0x8E, 0xF9, 0xD2, 0xC6, 0x72,
    0x62, 0x16, 0x3C, 0x85, 0xF2, 0x63, 0xC0, 0x1D, 0x68, 0xBE, 0xF8, 0xDF, 0x75, 0x78, 0x7D, 0xC5,
    0x0B, 0xF8, 0x5A, 0x5D, 0x57, 0xD2, 0xD2, 0x49, 0xB9, 0x5F, 0xF8, 0xB0, 0x1D, 0x9F, 0x89, 0xBD,
    0x52, 0x79, 0x42, 0x9A, 0x12, 0x5D, 0x53, 0x6C, 0x6A, 0xCA, 0x30, 0x37, 0xC5, 0x48, 0xA5, 0xDE,
    0xC9, 0x95, 0xAE, 0x0F, 0xDB, 0x4B, 0x29, 0x3D, 0x25, 0xCD, 0xAB, 0x29, 0xC9, 0xAF, 0x26, 0xBF,
    0x58, 0xFC, 0x2A, 0x49, 0xFC, 0x77, 0x64, 0xAB, 0x57, 0x15, 0xCD, 0x0A, 0x97, 0x7F, 0xD8, 0x26,
    0x21, 0xA7, 0x7A, 0x43, 0x6D, 0x41, 0x26, 0x23, 0x3B, 0xA2, 0x18, 0x90, 0x1C, 0x52, 0x42, 0x0F,
    0x27, 0x64, 0xE6, 0x8B, 0xFD, 0xF0, 0x3B, 0xC5, 0x27, 0x61, 0xC7, 0xCB, 0x9B, 0xE4, 0x7F, 0x00,
    0x95, 0xC7, 0x98, 0x18, 0x8A, 0x32, 0xB6, 0x68, 0x3E, 0xD4, 0x82, 0x2F, 0x2A, 0xC4, 0xA2, 0xB7,
    0x78, 0x54, 0xF4, 0xA0, 0x7A, 0xAF, 0xE8, 0x7E, 0xFD, 0x6E, 0x91, 0x6D, 0x3E, 0x5E, 0x34, 0x34,
    0xFF, 0x58, 0xD4, 0xFF, 0xD1, 0x5F, 0x15, 0x99, 0x8F, 0x9D, 0xEA, 0x8D, 0xA2, 0x56, 0xBF, 0x50,
    0xD4, 0xA8, 0xD9, 0xD5, 0xB6, 0xAB, 0x7A, 0xDD, 0x55, 0x55, 0x76, 0x35, 0x22, 0x65, 0xA4, 0x05,
    0xA9, 0x3C, 0x4E, 0xBC, 0x88, 0x64, 0x83, 0x34, 0x24, 0xC9, 0x4C, 0x52, 0x97, 0xA5, 0x66, 0x91,
    0xEA, 0x22, 0xB1, 0x49, 0x78, 0x09, 0x2B, 0xD1, 0x4B, 0x18, 0x89, 0x56, 0x5C, 0x6D, 0x50, 0x4B,
    0xD3, 0x71, 0x5F, 0x18, 0xE6, 0x76, 0xC3, 0x26, 0x44, 0x74, 0x3B, 0x04, 0x3E, 0x08, 0x6C, 0x7A,
    0x5E, 0xF9, 0x70, 0xBA, 0x1C, 0xCE, 0x97, 0x6A, 0x67, 0x03, 0x8D, 0x34, 0x71, 0x36, 0x2A, 0x05,
    0x69, 0x96, 0x8A, 0xEA, 0x4D, 0xE8, 0x29, 0x9A, 0xCB, 0x8A, 0x97, 0x25, 0x27, 0x78, 0x06, 0xFF,
    0xDF, 0xE3, 0xA9, 0xA5, 0x0C, 0x57, 0x4A, 0x80, 0x9D, 0x00, 0xB3, 0x00, 0xCD, 0x0A, 0x54, 0x7A,
    0xFC, 0xCD, 0xAE, 0x48, 0x42, 0xE8, 0xF6, 0x3C, 0x11, 0xC4, 0x61, 0xDF, 0x90, 0x66, 0xA4, 0x8C,
    0xBA, 0x05, 0x35, 0x05, 0x55, 0x4F, 0x56, 0xA2, 0x24, 0x86, 0x49, 0x98, 0xB9, 0xD6, 0x27, 0xFA,
    0xCB, 0xC6, 0xD5, 0xFD, 0x86, 0xE0, 0xC0, 0x88, 0x5F, 0xE9, 0x35, 0xB6, 0x5A, 0x8E, 0xAB, 0x9B,
    0x25, 0x7F, 0xAE, 0x1F, 0x47, 0x3F, 0xC8, 0xDD, 0x59, 0x29, 0x6D, 0xE2, 0x7F, 0x4B, 0xD1, 0x94,
    0xFF, 0x29, 0xA3, 0x6B, 0x17, 0x3F, 0xF6, 0x79, 0xB8, 0xCC, 0x7C, 0xA1, 0x8A, 0x0B, 0x82, 0x88,
    0x77, 0x6C, 0xD8, 0x50, 0xAD, 0xD8, 0x54, 0x17, 0xFA, 0xD4, 0x2C, 0x98, 0xA9, 0x9D, 0x31, 0xB9,
    0xCB, 0x1C, 0xDB, 0x48, 0x9A, 0xB9, 0x1F, 0x69, 0xCA, 0x90, 0xA8, 0x8A, 0x0D, 0xB0, 0x5A, 0x07,
    0x9B, 0x07, 0xFC, 0x3B, 0x80, 0x5D, 0x0F, 0x55, 0x80, 0x7E, 0x01, 0xCC, 0x0C, 0xC2, 0x64, 0x22,
    0xF1, 0xB8, 0x11, 0xDE, 0xF5, 0xCB, 0xD9, 0xC9, 0x50, 0xCE, 0x6E, 0x6C, 0xA9, 0x0B, 0x43, 0xB2,
    0x6F, 0x37, 0x47, 0x7F, 0xBF, 0xFF, 0xCE, 0xD1, 0xE3, 0xF8, 0x8E, 0x3F, 0xFA, 0x9C, 0x56, 0xDB,
    0x65, 0xBA, 0x5C, 0xEC, 0x87, 0x32, 0xED, 0xE7, 0xCA, 0xF0, 0x67, 0x13, 0xCD, 0x7F, 0x2C, 0xFD,
    0xC7, 0x46, 0x9A, 0x47, 0xB3, 0xF9, 0xB7, 0x74, 0x6C, 0x58, 0xCD, 0xC3, 0x44, 0x75, 0x84, 0x11,
    0x40, 0x63, 0x2B, 0x07, 0x4A, 0x8D, 0x80, 0x78, 0xFE, 0xF8, 0x54, 0x89, 0x61, 0x6A, 0xD6, 0x23,
    0x86, 0x85, 0xB6, 0x98, 0x4C, 0xBD, 0x0E, 0x23, 0xC8, 0x27, 0xF0, 0x02, 0xEC, 0x06, 0x98, 0x02,
    0x0C, 0xE5, 0xE6, 0x56, 0x72, 0x54, 0x9B, 0x4D, 0x34, 0xA5, 0x9F, 0xE8, 0x66, 0x33, 0xD3, 0xE7,
    0xB6, 0x60, 0xC7, 0x7A, 0x23, 0x06, 0xE4, 0xA2, 0xAB, 0xD7, 0x73, 0x3E, 0x1C, 0x77, 0x6B, 0xDE,
    0x5B, 0x9F, 0x87, 0xF1, 0x98, 0x21, 0xAB, 0x35, 0x3A, 0xB4, 0x81, 0x2F, 0x60, 0x17, 0xE8, 0x33,
    0x98, 0x97, 0xF3, 0x4E, 0x26, 0x20, 0xA8, 0x37, 0x68, 0xCA, 0xC5, 0x3E, 0x4C, 0x60, 0x5F, 0xFA,
    0xF8, 0x4E, 0x5D, 0xE5, 0x43, 0x0A, 0xAF, 0x96, 0x8B, 0xD7, 0x3B, 0xE0, 0xC1, 0x3A, 0x86, 0x84,
    0xD9, 0x31, 0xD1, 0x66, 0x9A, 0xF9, 0x3C, 0xE2, 0x14, 0x58, 0x21, 0x82, 0xDD, 0x11, 0x4E, 0x8F,
    0xF1, 0xE2, 0x11, 0x77, 0xF1, 0xB9, 0x79, 0x8D, 0xF8, 0xD3, 0x8F, 0x0F, 0x02, 0x03, 0x67, 0x13,
    0xF8, 0x11, 0x94, 0xA9, 0xFE, 0x7D, 0xA6, 0xC9, 0x85, 0x76, 0x7C, 0x80, 0x49, 0x96, 0x3E, 0xF4,
    0x6E, 0xC0, 0xA4, 0xFB, 0xB4, 0xA3, 0x94, 0x77, 0xC4, 0x30, 0x8C, 0x6D, 0xA6, 0xD4, 0x9A, 0x7A,
    0x15, 0xA3, 0xED, 0x03, 0x95, 0x40, 0xF7, 0x24, 0x2B, 0xC5, 0x6B, 0x89, 0x13, 0xB5, 0xA2, 0x64,
    0xE5, 0xBB, 0xC5, 0x0A, 0x78, 0x8E, 0xFD, 0x84, 0x62, 0x41, 0x12, 0x0A, 0x72, 0xC2, 0xBF, 0xE0,
    0xFC, 0xE0, 0xC3, 0x69, 0x93, 0x90, 0x0A, 0xEB, 0xD5, 0x44, 0x15, 0x3F, 0x61, 0xB4, 0x58, 0x65,
    0x9F, 0xBE, 0x28, 0x3A, 0xC4, 0x53, 0x44, 0x87, 0x4F, 0x5F, 0x66, 0xB5, 0xEC, 0x0E, 0x95, 0xC6,
    0x17, 0x7D, 0x8A, 0x47, 0x36, 0xF4, 0x8A, 0xC9, 0x4A, 0xC9, 0xA7, 0x98, 0xE4, 0x6C, 0x12, 0xCF,
    0xD3, 0xA7, 0x8B, 0x4F, 0xAF, 0x8F, 0xEE, 0x75, 0xFA, 0x54, 0xC5, 0x11, 0xA3, 0xC2, 0x20, 0x9D,
    0xF3, 0x58, 0xC4, 0x86, 0x3B, 0xEF, 0x15, 0x88, 0x80, 0x1F, 0xEF, 0x9D, 0x3E, 0x9D, 0x44, 0x15,
    0x97, 0x9D, 0x53, 0xAB, 0x6C, 0x34, 0x99, 0xCC, 0x8E, 0x41, 0x49, 0x27, 0x5E, 0x7B, 0xD4, 0xA9,
    0xD7, 0xE1, 0xD6, 0x40, 0x95, 0x22, 0xAF, 0x1B, 0x68, 0x3C, 0x83, 0x83, 0x83, 0x3E, 0xFD, 0x48,
    0xA5, 0x60, 0x25, 0xAC, 0x56, 0xBE, 0x56, 0x23, 0x2F, 0x7E, 0x05, 0x33, 0xDB, 0xCD, 0x06, 0x2D,
    0xC5, 0x70, 0xF9, 0x33, 0x5E, 0xCF, 0x73, 0xA3, 0xAD, 0x3B, 0xA5, 0x9A, 0x9B, 0xD2, 0x94, 0x6A,
    0x86, 0xA6, 0xBC, 0x5A, 0xDA, 0x45, 0xB3, 0xB2, 0x82, 0x80, 0xE7, 0xE9, 0x93, 0xD0, 0x65, 0x16,
    0x37, 0x33, 0xB2, 0x23, 0x5B, 0x74, 0x48, 0x3C, 0xDD, 0x03, 0x74, 0xF3, 0xED, 0x59, 0x3E, 0x08,
    0x3B, 0xEA, 0xF9, 0x52, 0x86, 0x69, 0x98, 0xD8, 0xB4, 0x6A, 0x45, 0x47, 0x41, 0x7F, 0xB1, 0x0B,
    0x42, 0xEE, 0xD4, 0xC4, 0xFF, 0xB1, 0x2E, 0xC3, 0xCC, 0x2A, 0xFD, 0x8F, 0xFF, 0xAF, 0x2A, 0x5E,
    0x63, 0x54, 0xB0, 0xDA, 0xF0, 0x49, 0x67, 0xF2, 0x3C, 0xEB, 0x73, 0x3C, 0xF3, 0x77, 0x0E, 0x6A,
    0xD7, 0xAC, 0x97, 0x08, 0x5E, 0xFF, 0x89, 0xA4, 0xA7, 0x9F, 0x88, 0x86, 0x09, 0xC1, 0x0B, 0x59,
    0x6F, 0xCF, 0xE6, 0x94, 0x4F, 0x2F, 0x68, 0xEF, 0xB4, 0xDD, 0xCD, 0xA9, 0x17, 0xB3, 0xF4, 0xA9,
    0xF8, 0xB4, 0x5D, 0x72, 0x7A, 0x44, 0x0E, 0xF1, 0x62, 0xB4, 0xBA, 0xB6, 0x9A, 0xA5, 0x2C, 0x3E,
    0x2C, 0x47, 0x9C, 0x19, 0x14, 0xEE, 0x29, 0x33, 0x2C, 0x34, 0x65, 0x6C, 0x8B, 0x4E, 0xEB, 0xD5,
    0xE6, 0x9A, 0xCC, 0x8E, 0xEE, 0xF5, 0x9F, 0x0A, 0x9D, 0x52, 0xAB, 0x54, 0x5D, 0xF6, 0x04, 0xAF,
    0xA7, 0x4F, 0x0A, 0x4A, 0x51, 0x4A, 0x56, 0x0F, 0x53, 0xB7, 0x9A, 0x24, 0x4C, 0xF6, 0xCE, 0x4C,
    0x36, 0xF4, 0xE3, 0x90, 0x6C, 0xEA, 0x47, 0x1B, 0xCC, 0xE4, 0xE9, 0x72, 0xA4, 0x99, 0x57, 0x9A,
    0xF7, 0x0B, 0xD5, 0x56, 0x40, 0x33, 0xC4, 0x0C, 0x7E, 0x02, 0x3B, 0x12, 0xF1, 0x69, 0x48, 0xDE,
    0xC5, 0x64, 0x93, 0x0D, 0x1A, 0xAD, 0xB3, 0xE9, 0xD1, 0xE4, 0xE9, 0xFF, 0xE2, 0xBD, 0x1C, 0x31,
    0xFF, 0xF0, 0xF9, 0xBC, 0x61, 0x3E, 0xFE, 0xB9, 0x79, 0xA5, 0x7B, 0x77, 0xDA, 0xDB, 0x68, 0xDF,
    0x1B, 0xFF, 0xB3, 0xD0, 0x3C, 0x4A, 0xDB, 0x42, 0xA3, 0x14, 0x33, 0xB5, 0x82, 0xCF, 0x54, 0x72,
    0x76, 0x82, 0x5D, 0x8F, 0xF8, 0xD4, 0xE7, 0x61, 0xB4, 0xC9, 0xE4, 0x63, 0xDD, 0x17, 0x8D, 0x0A,
    0x68, 0x01, 0x9F, 0x21, 0x1E, 0xBE, 0x0B, 0xCD, 0xB6, 0x3E, 0x3E, 0x91, 0xF8, 0x60, 0x93, 0x1D,
    0x63, 0x38, 0xBC, 0xBB, 0xFD, 0xCE, 0x64, 0x9B, 0x8E, 0x18, 0x86, 0x74, 0x44, 0xD3, 0x65, 0xEB,
    0xDA, 0x23, 0x86, 0x65, 0xA3, 0x2E, 0x2B, 0x6C, 0xB7, 0xDA, 0xB2, 0x3B, 0x87, 0x71, 0x67, 0x02,
    0x1B, 0x40, 0x60, 0xB7, 0x9D, 0x65, 0xE7, 0x78, 0xEB, 0x34, 0x72, 0x38, 0xD9, 0x80, 0xA8, 0x0B,
    0xCD, 0x72, 0xCE, 0x5D, 0x09, 0xEB, 0x6E, 0x39, 0x5C, 0xB9, 0x4A, 0xA1, 0x91, 0x6B, 0x66, 0x9A,
    0x7C, 0x07, 0x26, 0xA3, 0x11, 0x71, 0xE8, 0xEE, 0xAE, 0xE9, 0x70, 0x96, 0xAB, 0x15, 0xB8, 0x0A,
    0xE5, 0x65, 0x65, 0x05, 0x05, 0x94, 0xE8, 0x13, 0xE6, 0x19, 0x1C, 0xF5, 0x03, 0x0A, 0xAD, 0x9C,
    0x99, 0xEE, 0x98, 0xFA, 0x84, 0x76, 0x04, 0x56, 0x00, 0xFC, 0x27, 0x6A, 0x9D, 0x25, 0x7C, 0xED,
    0x0A, 0xFC, 0x17, 0xB5, 0x96, 0x01, 0xA4, 0x1F, 0xC9, 0x1D, 0xC7, 0x3F, 0xBB, 0x9B, 0x66, 0xDB,
    0x2E, 0xE6, 0x70, 0x70, 0x39, 0xCD, 0x06, 0x07, 0x3D, 0x92, 0x01, 0xA0, 0x92, 0x9B, 0x8D, 0x20,
    0x28, 0xA0, 0x00, 0x68, 0x11, 0x68, 0xD1, 0x00, 0x14, 0x79, 0x6F, 0xA7, 0x29, 0xE0, 0xE0, 0x15,
    0x00, 0x38, 0x14, 0x05, 0x5A, 0x04, 0x90, 0xF7, 0x76, 0x22, 0x28, 0xE0, 0xB6, 0x57, 0x14, 0xD0,
    0x55, 0x47, 0x29, 0xDC, 0x94, 0xC5, 0x86, 0xD9, 0xFD, 0x75, 0x7E, 0xF6, 0xFE, 0x79, 0x4F, 0xEE,
    0xF1, 0x34, 0xFA, 0xF6, 0xFF, 0xFB, 0x7E, 0xEC, 0x6C, 0xBE, 0x33, 0xDF, 0x99, 0xCC, 0xAC, 0x7D,
    0x47, 0x22, 0x47, 0x20, 0x17, 0x2E, 0xEE, 0x93, 0xAB, 0x94, 0xAF, 0x8D, 0x2C, 0x4E, 0xE6, 0x7E,
    0xFC, 0x85, 0x74, 0x08, 0xE7, 0x35, 0x74, 0xF4, 0xE3, 0x27, 0x4E, 0x96, 0x6C, 0x28, 0x86, 0x71,
    0xF7, 0xF3, 0xF4, 0x0D, 0xA5, 0x08, 0xB5, 0x6C, 0x34, 0xF3, 0x0D, 0x4C, 0xE4, 0xAD, 0x44, 0xE2,
    0x41, 0xDA, 0x3E, 0xD7, 0x04, 0x2E, 0xA0, 0xE9, 0xE1, 0xA0, 0x0F, 0xF9, 0xE4, 0xF8, 0xEC, 0x74,
    0x90, 0xD5, 0xCA, 0x6C, 0x9F, 0xCF, 0x8E, 0x94, 0xCB, 0x3E, 0x5F, 0x72, 0xB3, 0x97, 0xF5, 0xF8,
    0xEC, 0xE5, 0x87, 0xDC, 0x71, 0xA1, 0x4A, 0x76, 0xAC, 0x17, 0x33, 0x99, 0x58, 0x47, 0x33, 0x56,
    0x8B, 0x0D, 0x45, 0x72, 0x1D, 0xDB, 0x00, 0xFD, 0x0A, 0x2E, 0x51, 0x89, 0x04, 0xD5, 0x21, 0xEC,
    0xDD, 0xB6, 0x2A, 0xBD, 0xBD, 0x00, 0x2E, 0x34, 0x9B, 0x15, 0x27, 0x5E, 0xA4, 0x4B, 0x25, 0x2B,
    0xF4, 0x1E, 0x9B, 0x38, 0xCE, 0x4D, 0x1B, 0x92, 0x09, 0x83, 0x09, 0x4E, 0xBA, 0x5A, 0xD0, 0x7F,
    0x30, 0xE1, 0xA4, 0x0D, 0xA2, 0x66, 0xEC, 0xC2, 0x51, 0xDB, 0x89, 0x0B, 0xA7, 0xAD, 0xE7, 0xE6,
    0x1B, 0x60, 0x90, 0x89, 0x6A, 0x2E, 0x12, 0xC6, 0x63, 0xB9, 0x57, 0x6C, 0x8D, 0xBF, 0xDF, 0xC8,
    0xA3, 0xF0, 0xA2, 0x2D, 0x8A, 0x29, 0x3E, 0x80, 0x18, 0xEF, 0x7F, 0x17, 0x2F, 0xEE, 0x52, 0x4C,
    0xCF, 0xDA, 0x87, 0xD5, 0xF8, 0xA0, 0x91, 0x3A, 0x98, 0x87, 0xA7, 0x2D, 0xF5, 0xD7, 0xC5, 0x0A,
    0x22, 0x11, 0x3E, 0xDE, 0xBA, 0x1C, 0xE5, 0xB6, 0x0F, 0xEC, 0x2D, 0x19, 0x64, 0x69, 0x17, 0x37,
    0xC8, 0xBD, 0x9F, 0xD2, 0xDD, 0xA0, 0x9C, 0x5B, 0x5F, 0xCF, 0xCE, 0x9B, 0x49, 0x70, 0xAF, 0x13,
    0x43, 0x33, 0x23, 0x26, 0xA2, 0xF7, 0xED, 0xB4, 0x51, 0xCF, 0xBD, 0x2F, 0x17, 0x1B, 0xF0, 0x3F,
    0xA0, 0x17, 0x09, 0xC3, 0xB7, 0x02, 0xF3, 0x8E, 0x7E, 0xD8, 0x49, 0xD2, 0xDF, 0xA5, 0xCB, 0x30,
    0x6F, 0xF2, 0x32, 0x8C, 0x2E, 0xC3, 0xD4, 0xAF, 0xA6, 0x68, 0xAA, 0x10, 0xA3, 0xA9, 0x15, 0x42,
    0xC6, 0xAA, 0xB8, 0x9D, 0x97, 0x61, 0x9A, 0x87, 0xD3, 0x33, 0x53, 0xBD, 0x1E, 0x1F, 0x98, 0xF2,
    0xEF, 0xC1, 0x74, 0xD8, 0x77, 0x97, 0x71, 0x71, 0xE3, 0x9B, 0x09, 0x97, 0x18, 0x36, 0x16, 0x4B,
    0x34, 0x2C, 0x2D, 0x83, 0xE8, 0x93, 0x26, 0x82, 0xBB, 0x58, 0xC8, 0xE1, 0xBA, 0xF8, 0x10, 0xCE,
    0x9F, 0xD7, 0x2B, 0x56, 0x7C, 0x3B, 0x84, 0x1B, 0x26, 0xD0, 0x7A, 0x7A, 0x8A, 0x44, 0x1D, 0xB1,
    0xFF, 0xF6, 0x4E, 0x42, 0xAE, 0xE2, 0x09, 0xAD, 0x74, 0x56, 0xC2, 0xF7, 0xD5, 0x10, 0xAA, 0x8D,
    0x5C, 0xE5, 0xA0, 0xBB, 0xF9, 0x93, 0x21, 0x1B, 0xFC, 0xC7, 0x2B, 0x75, 0x32, 0x93, 0xEB, 0x56,
    0x04, 0x17, 0xAE, 0x56, 0x1F, 0xC4, 0x1F, 0xD6, 0xF2, 0x4D, 0x90, 0x33, 0x13, 0x04, 0xB8, 0x4C,
    0x65, 0xF6, 0x98, 0x2C, 0x27, 0xAF, 0x55, 0xA1, 0xBF, 0x44, 0x2E, 0xCB, 0x66, 0x35, 0x59, 0xFC,
    0x2C, 0xAB, 0xBA, 0x5A, 0x00, 0xFA, 0x32, 0xDF, 0xC6, 0xF9, 0x7A, 0xAA, 0xA3, 0x8C, 0xD2, 0x15,
    0xA9, 0x4E, 0x36, 0x7D, 0x96, 0x6E, 0x24, 0x2E, 0xFC, 0x9A, 0x19, 0xB7, 0xF1, 0xB2, 0x65, 0x31,
    0xDD, 0x6C, 0xBA, 0xCC, 0x97, 0x16, 0xB7, 0x72, 0x73, 0xA2, 0xE0, 0x03, 0xEC, 0xC3, 0x05, 0xFB,
    0x6A, 0xC5, 0xC4, 0x81, 0x2A, 0xB9, 0x50, 0x6C, 0x66, 0x42, 0x4C, 0xD4, 0xFB, 0x26, 0x0E, 0x9D,
    0xFD, 0xEB, 0x8A, 0x7B, 0xBE, 0x70, 0x93, 0x3B, 0x90, 0x30, 0x1D, 0x75, 0xC2, 0x82, 0x4D, 0x1C,
    0xC1, 0x5D, 0x8D, 0x80, 0x54, 0xCC, 0xCA, 0x2A, 0x2A, 0xEB, 0x51, 0x69, 0x7C, 0xCA, 0xB4, 0xA5,
    0xF2, 0xB3, 0x5A, 0xF9, 0xD2, 0x64, 0xB2, 0xFC, 0x28, 0xB3, 0x8A, 0xF7, 0x33, 0xEB, 0xE9, 0x45,
    0xA6, 0x09, 0x22, 0xBA, 0x6F, 0x4A, 0x07, 0x09, 0x4E, 0x33, 0xB5, 0x5A, 0xAF, 0x59, 0x4E, 0xB3,
    0x38, 0x3B, 0xCF, 0x2A, 0x97, 0xF3, 0xAC, 0x66, 0xCF, 0xFA, 0xCB, 0xAA, 0x59, 0xBD, 0x78, 0x52,
    0xDF, 0x3E, 0x0D, 0xA4, 0xA4, 0x67, 0xA1, 0x58, 0x74, 0x88, 0x6C, 0xEC, 0x35, 0x4B, 0xBB, 0x19,
    0x3D, 0x77, 0xF9, 0xA1, 0xD3, 0x2C, 0x94, 0xA7, 0x4A, 0x3B, 0x63, 0xC2, 0xB0, 0xE1, 0xBA, 0x3B,
    0x8E, 0x63, 0x72, 0xE5, 0xF0, 0x59, 0xBB, 0x2F, 0x1A, 0x73, 0xAC, 0x29, 0xCE, 0xBC, 0x4A, 0x53,
    0xEF, 0x1E, 0x25, 0x59, 0x8F, 0x9B, 0xF4, 0x74, 0x4E, 0xB7, 0x53, 0x0E, 0xC8, 0xCB, 0xA8, 0xE2,
    0x9C, 0x68, 0xBE, 0x9A, 0x12, 0xE6, 0xB5, 0x08, 0xF6, 0x51, 0x46, 0x0F, 0x89, 0xA4, 0x38, 0x02,
    0xD1, 0xD2, 0x9B, 0xFD, 0x72, 0xD0, 0x53, 0x6C, 0x34, 0x09, 0x1B, 0xE9, 0x03, 0x02, 0x5A, 0xDD,
    0x9F, 0x07, 0x99, 0x9D, 0x2C, 0xB5, 0x78, 0x6E, 0x79, 0xA0, 0x9D, 0x80, 0x7A, 0x01, 0x58, 0x15,
    0x1F, 0xB1, 0x5F, 0x98, 0xA4, 0xD0, 0x67, 0x56, 0x00, 0x37, 0x00, 0x7D, 0xEF, 0x61, 0xB0, 0x01,
    0xA4, 0x1D, 0xD1, 0x4D, 0xA4, 0x4C, 0x26, 0x52, 0xE9, 0xFE, 0xD7, 0x4B, 0xB5, 0xD0, 0x88, 0x24,
    0x8C, 0xC8, 0x4A, 0x2B, 0xB2, 0xE1, 0x46, 0x04, 0x17, 0x18, 0xBA, 0xDE, 0xD3, 0x07, 0xE9, 0xB4,
    0xC1, 0xAD, 0x13, 0xD0, 0x1B, 0xD8, 0x80, 0x6A, 0x06, 0x4A, 0x7F, 0xFD, 0xB9, 0xE5, 0x1F, 0x0E,
    0x23, 0xEB, 0xA0, 0x9C, 0xB6, 0x01, 0xBE, 0x28, 0x4E, 0xAE, 0x3D, 0xD7, 0xFE, 0x3E, 0xC2, 0x20,
    0x13, 0x88, 0x04, 0x98, 0x7E, 0xCD, 0xF5, 0x47, 0x3E, 0x9E, 0xC0, 0x7D, 0x19, 0xA1, 0x7D, 0x3C,
    0x72, 0xE1, 0xAA, 0x04, 0xA8, 0x15, 0x8D, 0x78, 0x30, 0xDF, 0x04, 0x68, 0xFF, 0x31, 0x82, 0xFD,
    0x52, 0x7B, 0x7C, 0x1E, 0xA1, 0x7F, 0x3C, 0x83, 0x54, 0x69, 0x47, 0xB9, 0x95, 0x2B, 0x95, 0x88,
    0xEC, 0x68, 0x32, 0xBC, 0x89, 0x39, 0xA3, 0xCD, 0x18, 0xED, 0x48, 0x3B, 0xE5, 0x3C, 0x13, 0x29,
    0x17, 0xA0, 0xD9, 0x00, 0x63, 0x0E, 0xD8, 0x9B, 0x72, 0x40, 0xAB, 0x91, 0xEE, 0x4F, 0x21, 0xE3,
    0xE7, 0x19, 0x83, 0x99, 0x40, 0x4C, 0x84, 0xAD, 0x99, 0x29, 0xD7, 0x6A, 0xA1, 0x4A, 0x39, 0xB2,
    0x16, 0x59, 0x35, 0x68, 0xC3, 0x68, 0x64, 0x0E, 0x1A, 0xBA, 0x1C, 0xD4, 0xFB, 0x1C, 0xE4, 0x42,
    0xEF, 0xC9, 0x0D, 0x44, 0x64, 0xA1, 0x50, 0x52, 0x65, 0xCE, 0x54, 0x51, 0x34, 0x51, 0x89, 0x19,
    0x95, 0x36, 0x28, 0x9D, 0x17, 0x89, 0xF4, 0x9D, 0x52, 0xC8, 0x2C, 0x36, 0x04, 0xED, 0xF4, 0x96,
    0x8D, 0x12, 0x33, 0x21, 0xE8, 0xD8, 0x22, 0xB3, 0x0B, 0x99, 0x4B, 0xDF, 0x29, 0xB1, 0x5B, 0x57,
    0x8A, 0x4C, 0x8D, 0xE8, 0x3B, 0x5C, 0xEA, 0x2C, 0xE8, 0x3D, 0x0C, 0x80, 0x5C, 0xA2, 0xA1, 0x03,
    0xF5, 0xD8, 0xB9, 0xF0, 0xE6, 0xF0, 0x17, 0xC2, 0xD3, 0xAD, 0xA3, 0xF6, 0x3A, 0x3F, 0x28, 0xD2,
    0x2E, 0x37, 0x6B, 0x1C, 0x9F, 0x7A, 0xDA, 0x89, 0x7A, 0x81, 0x75, 0x7F, 0xFD, 0x34, 0x54, 0x4B,
    0x66, 0x81, 0xF3, 0x92, 0xF8, 0x6D, 0xC1, 0xC5, 0xCA, 0xB6, 0xDD, 0xAF, 0xAF, 0x95, 0xCE, 0x5B,
    0x77, 0xA2, 0x3C, 0x79, 0xFF, 0x71, 0x8A, 0x3F, 0x52, 0x0B, 0xAD, 0x04, 0xD7, 0x4C, 0x4F, 0x8A,
    0x2F, 0xDE, 0x7B, 0x9C, 0x7C, 0x06, 0xF3, 0x09, 0xDC, 0xCF, 0xDF, 0x7B, 0x0F, 0xF2, 0x69, 0x87,
    0x1D, 0x69, 0x22, 0x45, 0xDA, 0xFF, 0x73, 0xD8, 0xBF, 0xB6, 0xAD, 0x74, 0x55, 0xE2, 0xCA, 0xCA,
    0xB6, 0xDD, 0xCF, 0xAF, 0x28, 0x36, 0xAA, 0x19, 0x33, 0x72, 0x0B, 0x00, 0x11, 0xAD, 0x7E, 0xC5,
    0xC4, 0x2B, 0x4B, 0x6D, 0xBB, 0x9F, 0x5F, 0x52, 0x8A, 0x6F, 0x64, 0x6C, 0x7F, 0x37, 0x7F, 0xC4,
    0x13, 0xC0, 0x48, 0xCC, 0x55, 0xCB, 0x88, 0x70, 0x65, 0x65, 0xDB, 0xEE, 0x3F, 0x6D, 0xBD, 0xB8,
    0x70, 0xD4, 0x76, 0xBC, 0xFF, 0x64, 0x30, 0xF2, 0x26, 0x4B, 0x7C, 0x56, 0x34, 0xB1, 0x5D, 0xF4,
    0x7B, 0x6A, 0x62, 0xB1, 0x65, 0x8F, 0xA8, 0x44, 0xC2, 0x41, 0xDA, 0xCE, 0xCF, 0x8B, 0x75, 0xF7,
    0x64, 0xAF, 0xC8, 0xB4, 0xF7, 0x5D, 0xE0, 0x6E, 0xE5, 0x19, 0x3E, 0xF7, 0x88, 0x74, 0xC5, 0x3F,
    0x85, 0x22, 0xFC, 0x06, 0x00, 0x5D, 0x93, 0xC4, 0xAC, 0x25, 0x2B, 0x65, 0x6D, 0x59, 0x43, 0x96,
    0xF3, 0x22, 0x36, 0x88, 0x98, 0x49, 0xA4, 0x89, 0x22, 0xD5, 0x22, 0x52, 0x26, 0x11, 0xB6, 0xAC,
    0x3E, 0xCB, 0x65, 0xB5, 0x59, 0x26, 0xAB, 0x16, 0xFA, 0x00, 0xB4, 0x11, 0xA8, 0x2E, 0xF9, 0xD2,
    0x3C, 0xDD, 0x40, 0x5F, 0x30, 0x75, 0x27, 0xEC, 0x5C, 0x6F, 0xFB, 0x39, 0x1E, 0xBA, 0x5C, 0x02,
    0xBD, 0xCF, 0x70, 0xE1, 0xBB, 0xE8, 0xBD, 0x5A, 0x3A, 0x35, 0xEF, 0xDD, 0x74, 0x00, 0x2A, 0x91,
    0x69, 0x1F, 0x14, 0xDC, 0x08, 0x3A, 0x0E, 0x85, 0x46, 0x56, 0x11, 0xB8, 0xE9, 0xAF, 0x3F, 0xD7,
    0x2C, 0x40, 0xAB, 0x91, 0xFD, 0x00, 0xA4, 0x36, 0x50, 0x9C, 0x94, 0x27, 0xD7, 0x9E, 0x7B, 0x8F,
    0x09, 0x86, 0xAF, 0x32, 0x44, 0x46, 0x8A, 0xFF, 0x88, 0xA7, 0x18, 0xEF, 0x71, 0xED, 0xB9, 0xF9,
    0x34, 0x83, 0xB8, 0x00, 0x87, 0x13, 0x7D, 0xED, 0x91, 0x70, 0x97, 0xFB, 0xAE, 0x5B, 0xDB, 0xBF,
    0x2D, 0xB5, 0x4C, 0x85, 0x78, 0xA4, 0xAB, 0x64, 0x34, 0xFF, 0x9A, 0xDD, 0x6F, 0xD7, 0x7B, 0x3C,
    0xBB, 0xC1, 0x07, 0x90, 0x95, 0xDD, 0x47, 0x3A, 0x85, 0x74, 0x98, 0x42, 0xA3, 0x53, 0x30, 0x3A,
    0x05, 0x2B, 0x9D, 0x70, 0xAC, 0x53, 0x48, 0x39, 0xB3, 0x9C, 0x33, 0xEA, 0x29, 0xC3, 0x04, 0xE7,
    0xC5, 0x76, 0x79, 0x0A, 0x67, 0xD9, 0xD5, 0x27, 0x04, 0x37, 0xD7, 0xAB, 0x0E, 0xB0, 0x28, 0x26,
    0xAC, 0x4E, 0xE1, 0x7B, 0x00, 0xD5, 0x0A, 0x08, 0xE0, 0x3C, 0x34, 0x23, 0x14, 0xFB, 0x2E, 0x0B,
    0x55, 0xFA, 0x5F, 0x35, 0x74, 0xF5, 0xD2, 0x8F, 0x6D, 0xB4, 0xFB, 0xC7, 0xC6, 0x17, 0xC3, 0x02,
    0xE5, 0x06, 0xF5, 0x02, 0x66, 0x02, 0xD7, 0xC1, 0x8F, 0xF9, 0xBF, 0x8E, 0xFF, 0x5F, 0xAD, 0x96,
    0xB1, 0xAE, 0xDC, 0x44, 0x1F, 0xC5, 0x7F, 0xB6, 0xBF, 0xAC, 0xA5, 0xCF, 0x12, 0x43, 0x41, 0x15,
    0x09, 0xDC, 0x50, 0x45, 0x02, 0xBF, 0x00, 0x30, 0xF3, 0x30, 0x14, 0xA4, 0xE1, 0x0D, 0x2E, 0x9E,
    0x47, 0xB8, 0x8F, 0x41, 0xC3, 0x1B, 0x24, 0x9A, 0x11, 0x14, 0xB4, 0x4E, 0x41, 0x8D, 0x15, 0xD2,
    0x33, 0x52, 0x5C, 0x4C, 0xC4, 0xD8, 0x07, 0xDF, 0xB5, 0x12, 0x42, 0xB8, 0x11, 0xF7, 0x6A, 0xD9,
    0x3D, 0x67, 0xB5, 0xDA, 0xD5, 0xF9, 0xED, 0xFC, 0x7D, 0xFE, 0xB2, 0x16, 0x3B, 0x43, 0x48, 0x54,
    0x5B, 0xA1, 0x49, 0x23, 0x27, 0xF7, 0x7F, 0x00, 0x44, 0x53, 0xEE, 0xEB, 0xE0, 0xDA, 0x3C, 0x4E,
    0x7D, 0x1A, 0xA4, 0xB9, 0x93, 0x7C, 0x15, 0x32, 0xF5, 0xF2, 0xF4, 0xFC, 0x6D, 0xB5, 0x5C, 0x01,
    0xFC, 0xA7, 0x6C, 0x08, 0x1E, 0x36, 0x68, 0x32, 0x74, 0x13, 0x3C, 0x00, 0x80, 0xE0, 0xEA, 0xD5,
    0xC6, 0xA6, 0x0C, 0x53, 0xB7, 0x98, 0x64, 0x52, 0xB7, 0x0C, 0x53, 0x53, 0x6C, 0xAC, 0xD6, 0xE0,
    0xD0, 0x06, 0x63, 0x01, 0x9B, 0xA1, 0x4F, 0x60, 0xDE, 0x6F, 0xF1, 0x5A, 0xBA, 0x96, 0xB2, 0xB4,
    0xAA, 0xDE, 0x84, 0x0E, 0xDD, 0xBC, 0x57, 0x91, 0x16, 0xC9, 0x0B, 0xDE, 0xA8, 0xD6, 0x0B, 0x7A,
    0x6D, 0x8C, 0x92, 0x0F, 0x7E, 0x8C, 0xC2, 0xDE, 0xD8, 0xAB, 0x12, 0x6A, 0x0B, 0x32, 0xE9, 0x70,
    0xB7, 0xA1, 0x5A, 0x51, 0x8C, 0x49, 0x74, 0xF9, 0x3C, 0xE9, 0x47, 0x6D, 0x51, 0xAF, 0xBC, 0x3B,
    0xA9, 0x93, 0x6F, 0x0A, 0x08, 0x06, 0x4F, 0x3B, 0x01, 0xB5, 0xE6, 0x5E, 0xC5, 0x68, 0x7B, 0x50,
    0x09, 0x74, 0x92, 0xAC, 0x14, 0xAE, 0xDF, 0x1C, 0x48, 0x41, 0xB2, 0x1A, 0xBB, 0x6C, 0xD9, 0x93,
    0x26, 0xDD, 0x04, 0xAF, 0x78, 0x6F, 0x70, 0xBA, 0x2D, 0x28, 0x57, 0x6B, 0xEA, 0x7E, 0x5B, 0x7A,
    0xF7, 0xE4, 0x5E, 0xBF, 0x58, 0xE7, 0xCF, 0x3A, 0x15, 0xA3, 0xFC, 0x49, 0x3B, 0xDF, 0x2B, 0xD8,
    0x3D, 0xCB, 0xE6, 0x65, 0x69, 0x9F, 0x2D, 0xC0, 0x9D, 0x83, 0xB6, 0xCB, 0x03, 0xA3, 0xAB, 0x34,
    0x37, 0x31, 0x35, 0xCF, 0x52, 0xA5, 0x89, 0x6F, 0x1D, 0x70, 0xD2, 0x3C, 0xDC, 0x29, 0xDE, 0x9F,
    0xE4, 0xC3, 0xCC, 0xA0, 0x3F, 0xB4, 0x62, 0x24, 0x89, 0x07, 0x28, 0x06, 0x0F, 0xC2, 0xC6, 0x3D,
    0x28, 0x45, 0x7B, 0x7E, 0x0D, 0xBF, 0x48, 0x8A, 0x42, 0x80, 0x90, 0x03, 0xD5, 0x9A, 0x4E, 0x04,
    0x49, 0xC2, 0xEA, 0x27, 0x89, 0x6E, 0x25, 0xBC, 0xA2, 0x0A, 0x2F, 0x8C, 0xB2, 0x55, 0x1A, 0xE3,
    0x87, 0xC1, 0x21, 0xFE, 0x52, 0x70, 0x8C, 0xD3, 0xD7, 0x56, 0xD9, 0x28, 0x57, 0x9A, 0xF8, 0x02,
    0x46, 0x87, 0x89, 0xBB, 0x6A, 0xF9, 0x6A, 0xA3, 0x2D, 0x80, 0x38, 0xB7, 0x7D, 0xD4, 0xCD, 0xCE,
    0x9B, 0x30, 0x2A, 0x0C, 0x12, 0xA3, 0x0F, 0x2E, 0x60, 0xBD, 0xA4, 0xF8, 0xC6, 0x40, 0x80, 0x9D,
    0x7C, 0x62, 0x90, 0xE8, 0xA4, 0x3D, 0x93, 0xA1, 0x59, 0x8F, 0x2D, 0xB6, 0x1E, 0xAE, 0xB8, 0x8C,
    0x25, 0x4F, 0xA3, 0x89, 0x7D, 0x27, 0xE8, 0xDD, 0xD3, 0x8B, 0x58, 0x7B, 0xD7, 0xEC, 0x65, 0x73,
    0xB4, 0xCD, 0x05, 0xAC, 0x57, 0x04, 0xDF, 0xCF, 0xCD, 0xC2, 0x37, 0x60, 0xD2, 0xFB, 0x9F, 0xF5,
    0x46, 0xBB, 0xD0, 0x47, 0x1E, 0x01, 0x60, 0xE3, 0x5D, 0x55, 0xC9, 0xB5, 0x8A, 0xFD, 0xCF, 0xE9,
    0x11, 0xDF, 0x03, 0xE8, 0xAE, 0x7A, 0xDA, 0x7B, 0xD9, 0x78, 0xD5, 0x3B, 0x00, 0x30, 0xE9, 0xAE,
    0xE2, 0xFA, 0x53, 0xAA, 0xB5, 0x40, 0xC8, 0x30, 0xCE, 0xD4, 0x5A, 0xA8, 0x9E, 0x17, 0x60, 0xA3,
    0xDA, 0x46, 0x8C, 0xE4, 0xAC, 0xE4, 0xC7, 0xA8, 0x28, 0xEC, 0xBB, 0x3E, 0x6E, 0x35, 0xDA, 0x30,
    0xCA, 0x54, 0xBA, 0xA6, 0xCE, 0x9F, 0x63, 0xB4, 0xD2, 0xAB, 0xF0, 0x71, 0x3B, 0x03, 0x50, 0x86,
    0x85, 0x55, 0x42, 0x92, 0x53, 0x0C, 0x5E, 0xEE, 0xC8, 0xFF, 0x9B, 0x9B, 0x15, 0x08, 0xC0, 0x10,
    0xDF, 0x5A, 0xCE, 0xEB, 0x73, 0x71, 0x56, 0x1B, 0x63, 0xD4, 0x51, 0xDC, 0x3B, 0xB9, 0x70, 0x9C,
    0xCB, 0x1D, 0xC5, 0x95, 0x73, 0x86, 0xA6, 0x40, 0x97, 0x8E, 0x45, 0xFF, 0x92, 0xCB, 0x58, 0xC1,
    0x53, 0x69, 0xA6, 0x7D, 0xB9, 0x60, 0xFC, 0x93, 0x0B, 0x58, 0xC7, 0xF5, 0xEA, 0xB4, 0x9E, 0xB3,
    0x1F, 0x9C, 0xE6, 0x8B, 0x58, 0xEF, 0x2C, 0xFA, 0x45, 0x2C, 0xAE, 0x40, 0x67, 0x5D, 0xA1, 0xD7,
    0x0F, 0x78, 0xFB, 0xF3, 0x83, 0xAF, 0x1F, 0x30, 0xDA, 0x0E, 0xFE, 0x8F, 0x3B, 0xBF, 0x91, 0x57,
    0xA7, 0xA8, 0xDE, 0x46, 0x7D, 0xB5, 0xFB, 0xC9, 0xCE, 0x5F, 0x76, 0xFE, 0x7C, 0xF0, 0x7B, 0x15,
    0x86, 0x30, 0xF1, 0x3F, 0x8E, 0x4A, 0x10, 0xD0, 0x47, 0xA8, 0xAF, 0x01, 0xB8, 0xCB, 0x5E, 0x88,
    0x31, 0xCA, 0x2B, 0x06, 0x29, 0x5A, 0xFD, 0x1E, 0xBB, 0xD5, 0xC4, 0xBF, 0xDD, 0x7C, 0x1E, 0x73,
    0x19, 0x4B, 0x91, 0x5A, 0x33, 0xDD, 0xF3, 0xCC, 0x43, 0x1E, 0x5F, 0xC4, 0xBA, 0xAD, 0x93, 0xFB,
    0xB3, 0x7E, 0x3D, 0xB3, 0xA8, 0x04, 0x4D, 0x06, 0x33, 0xC1, 0x43, 0x00, 0x08, 0xAE, 0x4B, 0xA3,
    0x37, 0xC9, 0xC6, 0x7E, 0x1A, 0xE2, 0x10, 0xCD, 0x6C, 0x7D, 0x97, 0xAC, 0x6B, 0x53, 0xA0, 0xC9,
    0x1B, 0x75, 0x59, 0x61, 0x2B, 0xA0, 0x0C, 0x63, 0x02, 0xBB, 0x7B, 0x98, 0x76, 0xC7, 0xE3, 0x5A,
    0x09, 0xEC, 0xB6, 0xBB, 0xEC, 0x9E, 0x40, 0xDC, 0xE2, 0x7E, 0x46, 0xA1, 0x20, 0x09, 0x79, 0x39,
    0x31, 0xFA, 0x5B, 0xCE, 0xEB, 0x15, 0xE5, 0x24, 0x21, 0x15, 0x34, 0xCC, 0x08, 0x6E, 0x75, 0xBD,
    0x7C, 0xF7, 0x8F, 0xBF, 0x67, 0xC1, 0xB7, 0xD9, 0x46, 0x93, 0x6E, 0xDC, 0x4F, 0xFD, 0x64, 0xD2,
    0x10, 0xF7, 0x39, 0x7C, 0xB3, 0x8C, 0xAE, 0x2E, 0x81, 0xEA, 0xF5, 0x1C, 0x63, 0x06, 0xBB, 0xC0,
    0x90, 0xC0, 0xCC, 0xBB, 0xE3, 0x31, 0x4B, 0x70, 0x58, 0x71, 0xCC, 0x31, 0xC3, 0x9F, 0xB5, 0x95,
    0x37, 0xAF, 0xEC, 0xBA, 0x15, 0x85, 0x3F, 0x49, 0xF0, 0x19, 0xE0, 0xAA, 0xA0, 0x73, 0xB6, 0xE5,
    0x54, 0x5B, 0x4E, 0xDD, 0x0B, 0x24, 0xE0, 0xFF, 0xE1, 0x5C, 0x3B, 0xE7, 0x24, 0x01, 0xAF, 0x73,
    0x9C, 0x9F, 0xE0, 0xD2, 0x39, 0xE7, 0x44, 0x56, 0xCE, 0x41, 0x9D, 0x4B, 0x8F, 0x43, 0xFF, 0xF8,
    0x60, 0x15, 0xBA, 0xB0, 0x46, 0xCB, 0x24, 0x34, 0xF7, 0x0C, 0xEE, 0xB9, 0x27, 0xE3, 0x98, 0xDA,
    0xDF, 0x02, 0xC3, 0x1E, 0xCE, 0xDA, 0x8A, 0x58, 0x05, 0x8E, 0xB2, 0xB6, 0xCD, 0x1E, 0x30, 0x7A,
    0x20, 0x8D, 0x1C, 0xD8, 0xEF, 0xE4, 0x94, 0xB7, 0x27, 0xF1, 0x66, 0x07, 0x32, 0x11, 0x96, 0x3A,
    0x52, 0xEE, 0xAB, 0x89, 0x6A, 0xAE, 0x66, 0x2A, 0x69, 0x4F, 0x2D, 0x2D, 0x18, 0x49, 0x34, 0x11,
    0xEF, 0xDA, 0x81, 0xAE, 0xB7, 0x01, 0x1B, 0xBA, 0x24, 0x43, 0xA5, 0x79, 0x0D, 0xA0, 0xF0, 0x3B,
    0xA3, 0xB9, 0xD6, 0x52, 0x22, 0xD0, 0x89, 0x64, 0x25, 0xBF, 0x95, 0x50, 0x8E, 0x52, 0x3E, 0xCF,
    0xD8, 0x7A, 0x6A, 0x79, 0x31, 0xAF, 0x83, 0x27, 0xF9, 0x25, 0xB4, 0x1A, 0xC1, 0x68, 0x07, 0xC5,
    0xAF, 0x1D, 0x6B, 0xAB, 0xE4, 0x60, 0xA3, 0x1E, 0x6A, 0x05, 0x30, 0x4F, 0x0F, 0xD0, 0xFC, 0x3D,
    0x42, 0xFB, 0xC7, 0x24, 0xF6, 0xB7, 0x13, 0x74, 0x4F, 0xCD, 0xA0, 0x32, 0x4B, 0xB1, 0x90, 0x42,
    0x54, 0x92, 0x5C, 0x96, 0xBE, 0x4E, 0x12, 0x4C, 0xA4, 0x1D, 0x9A, 0x48, 0xB3, 0x4B, 0x96, 0x4D,
    0xB4, 0x81, 0x7A, 0x34, 0xCE, 0x26, 0x7B, 0xD9, 0x6D, 0xB7, 0x05, 0x4A, 0xED, 0x1A, 0xCD, 0x46,
    0xCB, 0xB3, 0x0A, 0x1D, 0x0D, 0x0F, 0x67, 0x0C, 0x77, 0xD9, 0x70, 0x25, 0xB2, 0x25, 0x77, 0x6A,
    0x29, 0x64, 0x4B, 0x03, 0xB4, 0x7F, 0xCD, 0x96, 0x3E, 0x9F, 0xA4, 0x7B, 0xEB, 0x04, 0xAA, 0x0E,
    0xBE, 0x8A, 0x7D, 0x32, 0x55, 0x49, 0x07, 0x5F, 0x75, 0xF6, 0x65, 0x22, 0x76, 0xF5, 0xD5, 0xEE,
    0x92, 0x2F, 0x1B, 0x48, 0x03, 0xA8, 0x03, 0xD0, 0x00, 0x3C, 0x09, 0x60, 0x9F, 0x0D, 0xB4, 0x11,
    0xA8, 0x63, 0x72, 0x48, 0xB2, 0x48, 0xF2, 0xC8, 0xBD, 0x42, 0xC0, 0x4A, 0x2D, 0x61, 0x13, 0x72,
    0x09, 0x84, 0xCA, 0x84, 0x44, 0xA7, 0x8E, 0x66, 0xB2, 0xC0, 0xE3, 0xC0, 0x0F, 0x81, 0x08, 0x8C,
    0x0E, 0x7C, 0x80, 0x36, 0xE1, 0x7B, 0x92, 0x31, 0xAA, 0x09, 0xCC, 0x00, 0xF7, 0x1C, 0x00, 0xB4,
    0x8B, 0x2B, 0xA5, 0x5D, 0x2D, 0x85, 0x76, 0x2C, 0xF3, 0x05, 0xA6, 0xEB, 0xC1, 0x03, 0x3A, 0x07,
    0xEF, 0x20, 0xE7, 0xB4, 0x63, 0xD1, 0x1B, 0x29, 0x54, 0x09, 0xDE, 0xB7, 0x38, 0xEA, 0x89, 0x66,
    0x87, 0x75, 0xFC, 0x14, 0xA0, 0xF0, 0xFF, 0x36, 0x9A, 0xAC, 0x62, 0x17, 0x9E, 0xED, 0x1D, 0xE2,
    0x18, 0x69, 0xD8, 0x85, 0xE7, 0x5B, 0x4D, 0x29, 0xA1, 0xD0, 0x40, 0x13, 0xC1, 0x4E, 0xB0, 0xEC,
    0x29, 0x47, 0x4B, 0xB9, 0x3D, 0x71, 0x77, 0x6A, 0x4C, 0x54, 0x0A, 0xE6, 0x6F, 0xF1, 0xF5, 0xFC,
    0xF4, 0x66, 0xC6, 0x36, 0x03, 0x98, 0xB8, 0x92, 0xFB, 0xC0, 0x9D, 0x1A, 0xFB, 0x0C, 0x28, 0x47,
    0xEA, 0xDC, 0xC8, 0x58, 0x15, 0xEB, 0x50, 0xCC, 0xD6, 0xD1, 0x2D, 0xD0, 0xCE, 0x70, 0xEF, 0x2B,
    0x77, 0x6A, 0xAC, 0x75, 0xBF, 0xAA, 0xFF, 0x35, 0x56, 0x1A, 0x50, 0x7F, 0x23, 0x63, 0x27, 0xEE,
    0xC4, 0x6D, 0x62, 0x47, 0xB1, 0xCC, 0xE0, 0x47, 0x78, 0xE9, 0x16, 0x00, 0x69, 0x9B, 0x58, 0x12,
    0xEA, 0x45, 0xB7, 0x13, 0x26, 0x8A, 0x7A, 0x14, 0x9B, 0x49, 0x54, 0xB3, 0x8E, 0x4C, 0xEB, 0x5C,
    0x5E, 0x6B, 0xA2, 0xF0, 0x83, 0x24, 0x27, 0xED, 0xF3, 0x1E, 0xE4, 0x37, 0x40, 0xCC, 0xB2, 0x4B,
    0xF2, 0xC7, 0x90, 0xE4, 0xAF, 0x6B, 0x09, 0xE5, 0x3E, 0x49, 0x23, 0x1F, 0xB0, 0x52, 0xA0, 0x0B,
    0x49, 0xE4, 0xBA, 0x24, 0xD8, 0x73, 0xA4, 0x5B, 0x53, 0xD6, 0xE4, 0x46, 0xDF, 0xC9, 0x1B, 0x34,
    0x01, 0xA3, 0xFB, 0x09, 0xF5, 0x89, 0x68, 0x62, 0x33, 0x99, 0x58, 0xCD, 0x26, 0x16, 0x8B, 0x89,
    0x28, 0x23, 0x85, 0x53, 0xD2, 0x38, 0xCD, 0x17, 0xFB, 0x35, 0x27, 0xE5, 0x4A, 0xBB, 0xF5, 0xB7,
    0x13, 0x60, 0xF3, 0xDE, 0xF3, 0x29, 0x79, 0x9C, 0x38, 0x49, 0x2E, 0xB3, 0x49, 0x2B, 0x05, 0xDF,
    0x2B, 0x88, 0x2E, 0x61, 0x1F, 0xC2, 0x07, 0x85, 0xBC, 0x9E, 0xF3, 0x36, 0xFB, 0x36, 0xF5, 0x0F,
    0x01, 0x48, 0x93, 0x72, 0x8C, 0x82, 0x63, 0x28, 0x1E, 0x02, 0x1E, 0x0A, 0x8D, 0x6B, 0xBE, 0x51,
    0xE4, 0x01, 0x00, 0x85, 0x1F, 0x30, 0x9A, 0x69, 0x25, 0xBA, 0xDE, 0x3B, 0x8F, 0xED, 0x1F, 0x2A,
    0x0D, 0xF0, 0x40, 0x37, 0x9C, 0xE4, 0x1C, 0xEA, 0x44, 0xE1, 0x27, 0xDE, 0xC3, 0x76, 0x2E, 0xA3,
    0xD7, 0x60, 0xD5, 0x9F, 0xDC, 0x87, 0x8B, 0xFE, 0x5A, 0xBB, 0x43, 0xC0, 0xB9, 0x3E, 0x8D, 0xEB,
    0xA8, 0xB5, 0x50, 0x69, 0x86, 0x6E, 0xFB, 0xA8, 0xA7, 0x70, 0xF0, 0xF4, 0x75, 0x7F, 0x9E, 0x27,
    0xD7, 0x4A, 0xAE, 0x4E, 0xE0, 0xEF, 0x53, 0x8C, 0x54, 0x73, 0x8A, 0xDC, 0x01, 0x6E, 0x7D, 0x8E,
    0xF8, 0x0C, 0xA0, 0x03, 0xB9, 0x7F, 0xFB, 0xF3, 0x74, 0xD1, 0x59, 0x19, 0x2E, 0x3F, 0x2B, 0xD4,
    0x81, 0x06, 0x9E, 0x04, 0xFB, 0x6C, 0xDA, 0x34, 0x8C, 0xB7, 0xFB, 0xFF, 0x3D, 0x14, 0x23, 0xEB,
    0xAB, 0x2B, 0x24, 0x86, 0xD4, 0x5F, 0xA0, 0x58, 0x78, 0x0F, 0xEF, 0xB1, 0xD5, 0xD8, 0x3C, 0x3D,
    0x6C, 0xE4, 0x8A, 0xAF, 0xDD, 0xFE, 0x5C, 0x35, 0x7D, 0x47, 0xFD, 0x9F, 0x99, 0x52, 0x11, 0x7C,
    0xB8, 0xD1, 0xF5, 0x3B, 0x7B, 0xAE, 0x30, 0x89, 0x66, 0x0F, 0x5D, 0x07, 0x73, 0x13, 0x8A, 0x6D,
    0xB9, 0x05, 0xE0, 0x65, 0xDA, 0x16, 0xD2, 0x54, 0x4B, 0xB1, 0x99, 0x78, 0x87, 0x1D, 0xCE, 0xBC,
    0xC9, 0x0A, 0xCD, 0xA7, 0x50, 0xCD, 0xDE, 0x55, 0xB3, 0x0D, 0xD5, 0xDC, 0x8E, 0xD5, 0x6C, 0xA4,
    0xB9, 0x4C, 0xF0, 0x3E, 0x6D, 0xF1, 0x3D, 0xA5, 0x76, 0xD4, 0xFF, 0x9A, 0x68, 0xDC, 0xAF, 0x00,
    0x28, 0xF7, 0xED, 0xE9, 0x53, 0xD8, 0x05, 0x05, 0x8F, 0x0D, 0x3A, 0x87, 0x54, 0xC7, 0xE9, 0x93,
    0x98, 0xDF, 0x2F, 0x90, 0xE9, 0xC2, 0x5B, 0x0A, 0xF5, 0x56, 0xC2, 0x6A, 0x9F, 0x6C, 0x0E, 0x30,
    0x96, 0x11, 0xAF, 0x1D, 0x56, 0x81, 0x7A, 0x01, 0xE0, 0x4C, 0x0D, 0xE3, 0x43, 0x35, 0xB8, 0x9B,
    0xD5, 0x60, 0x9C, 0x3D, 0xFB, 0xBC, 0x9C, 0xA9, 0xC1, 0x5F, 0x52, 0x83, 0xCE, 0xAD, 0xE1, 0x75,
    0x67, 0x6B, 0x28, 0x46, 0xA8, 0xE6, 0xCC, 0xDA, 0x07, 0xAE, 0x75, 0x1D, 0xD0, 0xBC, 0x72, 0x79,
    0x0D, 0x34, 0x0E, 0x6C, 0x58, 0xC9, 0xFD, 0xBB, 0xBF, 0x0E, 0x77, 0x77, 0xCF, 0x3C, 0x68, 0xD5,
    0x98, 0x38, 0x7C, 0xFA, 0xEB, 0xB0, 0x62, 0x7A, 0x68, 0x1D, 0x58, 0xFE, 0x3F, 0x35, 0xBC, 0xB4,
    0x87, 0x2E, 0x82, 0x66, 0xAA, 0xF8, 0x6B, 0x4E, 0xDC, 0x4B, 0x01, 0xC8, 0x7E, 0x2F, 0x44, 0x3A,
    0x42, 0x75, 0x29, 0x7C, 0x0D, 0x28, 0xD5, 0x43, 0xAD, 0x1D, 0x34, 0x4F, 0x8D, 0xF0, 0x12, 0xDE,
    0xC3, 0xA1, 0xE9, 0x42, 0x69, 0x46, 0x58, 0xB4, 0x80, 0x24, 0x87, 0x82, 0xEF, 0x91, 0xB3, 0x01,
    0x71, 0x7D, 0x31, 0xF1, 0x81, 0x28, 0xB5, 0xF9, 0x28, 0xC7, 0x05, 0x23, 0xE9, 0x28, 0xEB, 0xDC,
    0xF5, 0x84, 0x8C, 0x14, 0x4E, 0xC9, 0x63, 0xF3, 0x8C, 0x9C, 0xF9, 0xAF, 0xA2, 0x91, 0x46, 0x33,
    0xD7, 0x93, 0xC9, 0x97, 0x3A, 0x5E, 0x4E, 0xDD, 0x7F, 0xB8, 0x1D, 0xA3, 0x55, 0xFC, 0x78, 0x37,
    0x7C, 0xD7, 0x38, 0xC0, 0x28, 0xA6, 0xD8, 0x68, 0x40, 0x5C, 0x19, 0x29, 0xED, 0x90, 0x3F, 0x3E,
    0xDE, 0x68, 0xB6, 0x1A, 0x1F, 0x7F, 0xD9, 0x00, 0xA0, 0xEB, 0x86, 0x94, 0x1B, 0x64, 0xED, 0xF6,
    0x26, 0x9E, 0x7F, 0x74, 0x7B, 0x9D, 0x36, 0x30, 0xF1, 0xE2, 0xE3, 0x1D, 0x67, 0xBF, 0xDB, 0x58,
    0x85, 0x14, 0x8D, 0x5C, 0x35, 0x73, 0x65, 0xA4, 0xB4, 0x35, 0x3F, 0x6E, 0xA2, 0xD7, 0x2E, 0x75,
    0x36, 0x79, 0x13, 0x4C, 0xBC, 0x66, 0x5C, 0xAB, 0x10, 0x7E, 0x59, 0xC4, 0x6A, 0x57, 0x3D, 0x53,
    0x0A, 0xDF, 0x38, 0x1B, 0x6C, 0x58, 0xDF, 0x18, 0x17, 0x1F, 0x0D, 0x9F, 0x66, 0x66, 0x76, 0x3E,
    0xB4, 0x61, 0x33, 0xE4, 0x9D, 0x36, 0x03, 0xDC, 0xE4, 0xB4, 0x1D, 0x5B, 0x35, 0x67, 0xBA, 0x7D,
    0xBE, 0x03, 0x6E, 0x46, 0xFE, 0x8D, 0xB4, 0x02, 0x99, 0x7A, 0xA2, 0x54, 0x4C, 0x0C, 0x94, 0x8B,
    0xFB, 0x4C, 0x31, 0xA6, 0x95, 0x14, 0xA9, 0x03, 0xA4, 0xCE, 0x35, 0x83, 0xD3, 0xF0, 0x13, 0x3E,
    0xD2, 0xF5, 0xFF, 0x03, 0x62, 0x58, 0x09, 0xE8, 0xBD, 0x8C, 0x61, 0xE4, 0x06, 0xAA, 0x30, 0xFC,
    0x79, 0x2D, 0x9D, 0x25, 0x5C, 0x0C, 0x25, 0x08, 0x09, 0xD7, 0x49, 0xC1, 0x34, 0xB4, 0x61, 0xA6,
    0x6F, 0xD2, 0x40, 0x4F, 0x41, 0x41, 0x97, 0xBE, 0x00, 0x5B, 0xA2, 0xA0, 0x64, 0xFB, 0x2A, 0x25,
    0xA2, 0x2F, 0x73, 0xF1, 0x08, 0x4A, 0x1A, 0x37, 0xF4, 0x16, 0xA4, 0xCF, 0x08, 0x8C, 0x64, 0xA4,
    0xB1, 0x7F, 0xCE, 0x1E, 0xF6, 0x6E, 0x75, 0xDA, 0x84, 0xBB, 0xBD, 0xC0, 0xBB, 0xFF, 0xBD, 0x5B,
    0xF9, 0x8D, 0xFF, 0xF7, 0xBF, 0x67, 0x79, 0x76, 0x96, 0x52, 0xBE, 0xD6, 0x60, 0x7F, 0x33, 0xBD,
    0xE2, 0x17, 0x00, 0xBA, 0x0A, 0x2B, 0x87, 0x05, 0x25, 0x34, 0xA1, 0x8E, 0x6A, 0xC1, 0x08, 0xD7,
    0x84, 0xDF, 0x1F, 0xDE, 0x03, 0x65, 0x7A, 0x1E, 0xAA, 0x79, 0xE7, 0x89, 0xA8, 0x43, 0x34, 0x51,
    0xB8, 0x20, 0xE4, 0xB5, 0xD5, 0xD8, 0x92, 0x26, 0x22, 0x17, 0x50, 0xEF, 0x91, 0x36, 0x0F, 0xE8,
    0xF3, 0x98, 0xAF, 0x57, 0x09, 0x95, 0x0B, 0x42, 0x88, 0xBE, 0x13, 0x6E, 0xD8, 0x38, 0x38, 0x99,
    0xF3, 0xE0, 0x80, 0x5F, 0x01, 0x1F, 0x40, 0x5C, 0xF2, 0x36, 0xA8, 0x10, 0x2A, 0x13, 0xB9, 0xD6,
    0xC0, 0xBA, 0xD7, 0xE2, 0xAC, 0xD6, 0x94, 0xF3, 0x85, 0xD8, 0xB5, 0xE1, 0x02, 0x27, 0xEB, 0x81,
    0x5B, 0x20, 0x01, 0x13, 0x64, 0xFD, 0x62, 0xD7, 0x5F, 0x4F, 0xA8, 0x19, 0x91, 0xEB, 0x1E, 0xF8,
    0x34, 0xA2, 0xB7, 0xE7, 0x7C, 0x59, 0xF7, 0xF6, 0x74, 0x12, 0x26, 0x62, 0x3B, 0x5E, 0x65, 0xF1,
    0xE1, 0x39, 0x90, 0x32, 0x36, 0x9E, 0x85, 0xFA, 0x6A, 0x9E, 0x33, 0x88, 0xE7, 0x40, 0x29, 0x83,
    0x6C, 0x0B, 0x24, 0x8A, 0x89, 0x43, 0xC4, 0x85, 0xA7, 0xFC, 0x01, 0xD8, 0x60, 0x3B, 0xC7, 0x1B,
    0xC4, 0x2A, 0x92, 0x98, 0x55, 0xC4, 0xA7, 0x57, 0x56, 0x13, 0x64, 0x3B, 0x59, 0xB4, 0x31, 0xBC,
    0x0C, 0xD5, 0x20, 0x13, 0x37, 0x54, 0xC3, 0x17, 0xCB, 0xC1, 0x05, 0x34, 0x5E, 0x2E, 0x6C, 0x68,
    0xBC, 0xE0, 0x22, 0xCA, 0x74, 0xC9, 0x3D, 0xA5, 0x02, 0xA5, 0xE2, 0xFE, 0xBF, 0x59, 0xC0, 0x25,
    0x68, 0x12, 0x54, 0xE7, 0xEB, 0xA4, 0x78, 0xEF, 0x89, 0x0B, 0x58, 0x29, 0xD5, 0x95, 0x0A, 0x66,
    0xDD, 0x08, 0x6C, 0xA2, 0x7A, 0xBC, 0x06, 0x78, 0xED, 0x41, 0x70, 0x98, 0xA1, 0x1A, 0xE1, 0xC6,
    0x03, 0xA0, 0x01, 0x29, 0x22, 0xCD, 0x48, 0x09, 0x69, 0x45, 0xEA, 0x91, 0x5C, 0x27, 0xD9, 0x20,
    0x99, 0x51, 0xAA, 0xA3, 0x54, 0xCE, 0xD2, 0x21, 0x49, 0xAC, 0x12, 0xAD, 0x84, 0x93, 0x68, 0x24,
    0x8C, 0x44, 0x25, 0xCA, 0x05, 0x4C, 0x04, 0xDB, 0xE5, 0x77, 0x0F, 0x48, 0x76, 0x62, 0x91, 0x90,
    0xE4, 0x15, 0xFA, 0x4E, 0xDE, 0x05, 0xF1, 0x04, 0x3F, 0x69, 0x9A, 0x5E, 0xA8, 0x29, 0x5B, 0xEE,
    0xB7, 0x1A, 0xA0, 0x0E, 0x60, 0xFC, 0xD5, 0xBA, 0xBE, 0xB4, 0xC7, 0x14, 0xC7, 0x9B, 0x8E, 0x64,
    0x3B, 0xDC, 0xC7, 0xFC, 0xF4, 0x6E, 0xDE, 0x7F, 0xD3, 0xD9, 0x36, 0x5D, 0x4B, 0xF5, 0xF7, 0xC4,
    0x41, 0x11, 0xFA, 0xF0, 0xA2, 0xD9, 0x9A, 0x11, 0x30, 0x03, 0xD0, 0x84, 0x2D, 0x74, 0x80, 0x7D,
    0xFB, 0x47, 0x79, 0x67, 0x3E, 0x2B, 0x62, 0xA4, 0x09, 0x93, 0xEA, 0x19, 0x33, 0xED, 0x7B, 0xD3,
    0xD3, 0x83, 0x46, 0xA4, 0x48, 0xEE, 0x74, 0x41, 0x12, 0x52, 0xDF, 0x49, 0x6E, 0x90, 0x9A, 0x28,
    0xD5, 0xB3, 0x54, 0x26, 0xA9, 0xC8, 0xA9, 0xDC, 0xA5, 0xBD, 0xEF, 0x52, 0x1C, 0x24, 0x10, 0xBB,
    0x17, 0x02, 0x2D, 0xA0, 0x19, 0x74, 0xBC, 0xB6, 0x5B, 0xEE, 0xBD, 0xED, 0x30, 0xF2, 0x18, 0x81,
    0x99, 0xC1, 0x29, 0x9C, 0x85, 0x6C, 0xEF, 0x56, 0x38, 0x48, 0x23, 0x46, 0x4A, 0xD8, 0xA9, 0x5A,
    0x71, 0x01, 0xD1, 0xFB, 0x3B, 0x68, 0xA3, 0xD0, 0xC6, 0xF5, 0x38, 0x6C, 0x89, 0x7D, 0x89, 0x0B,
    0x28, 0xDF, 0xB6, 0x13, 0x94, 0xD2, 0x98, 0x49, 0x4B, 0xA5, 0x7B, 0x07, 0x28, 0xFA, 0x23, 0x46,
    0x09, 0xA7, 0x95, 0x36, 0xC8, 0xF7, 0xB8, 0xEE, 0xB1, 0xF2, 0xED, 0xDA, 0x96, 0xB3, 0x12, 0xB5,
    0xD2, 0x7E, 0x0F, 0x53, 0x19, 0xA1, 0xD7, 0x48, 0x56, 0x5D, 0xAF, 0x64, 0xFB, 0x1F, 0xEB, 0x37,
    0xDE, 0x51, 0x6B, 0xCD, 0xFA, 0xDB, 0xE3, 0xCB, 0x7A, 0x70, 0xBF, 0x1B, 0x61, 0x75, 0x1D, 0xC5,
    0xFC, 0x11, 0xCA, 0x61, 0xFA, 0xFF, 0xF4, 0x50, 0xCE, 0x0B, 0xF5, 0x3F, 0x66, 0xCC, 0x6F, 0x07,
    0x7E, 0x62, 0xFC, 0xCB, 0x7A, 0x78, 0x27, 0x69, 0x2C, 0xB5, 0x45, 0x23, 0x49, 0x83, 0x8D, 0x65,
    0x02, 0x17, 0xB6, 0xD8, 0xFB, 0x2D, 0x8A, 0xFF, 0x44, 0x29, 0x3C, 0x8A, 0xF7, 0xD9, 0xBC, 0x32,
    0xDF, 0x95, 0x19, 0x32, 0x5B, 0x66, 0xCE, 0x55, 0x0A, 0x75, 0x76, 0xC6, 0xE8, 0x9F, 0x12, 0x4E,
    0x92, 0x42, 0x1B, 0x14, 0xED, 0xD8, 0xE3, 0x82, 0x89, 0xC2, 0x49, 0x8F, 0x63, 0x80, 0x1E, 0x37,
    0xB0, 0xF5, 0x34, 0x15, 0x9D, 0x95, 0xA4, 0x50, 0xEB, 0x5F, 0x52, 0xB8, 0x53, 0x6F, 0x57, 0x9F,
    0xF7, 0xEA, 0x09, 0x6C, 0x80, 0x16, 0xF8, 0x29, 0x00, 0x48, 0xC7, 0x87, 0x57, 0x17, 0x9D, 0xCF,
    0xA2, 0x13, 0xF2, 0xD2, 0x8A, 0x34, 0x21, 0x45, 0x54, 0xCF, 0xE7, 0xE7, 0x19, 0x9F, 0xD7, 0xD9,
    0x51, 0x1B, 0xB1, 0x1B, 0x10, 0x87, 0x99, 0x6A, 0x00, 0x48, 0x4D, 0x48, 0x6D, 0x58, 0x15, 0xA4,
    0xA0, 0x01, 0x79, 0xC4, 0x65, 0x64, 0x01, 0xE9, 0x24, 0x60, 0x23, 0x3D, 0x13, 0xD1, 0x76, 0x2A,
    0x94, 0x05, 0x9E, 0x44, 0x54, 0x29, 0x1F, 0xBA, 0x10, 0xA2, 0x7D, 0x10, 0x70, 0x32, 0x17, 0x1E,
    0x36, 0xEB, 0x0F, 0xE0, 0xAA, 0xE8, 0x9A, 0xE8, 0xFA, 0xE8, 0x14, 0xDD, 0x2E, 0xD3, 0x85, 0xCB,
    0xC8, 0x66, 0x03, 0xB6, 0xC3, 0xC1, 0x1B, 0xB0, 0xBE, 0xC5, 0xFC, 0x35, 0x51, 0x6A, 0xA2, 0xD0,
    0x08, 0x3F, 0xF3, 0xDF, 0x74, 0x68, 0xBF, 0x2E, 0x52, 0xF3, 0xE7, 0x58, 0x2B, 0x1C, 0x04, 0xCF,
    0x92, 0x9A, 0x07, 0xDE, 0xFB, 0x22, 0x51, 0x1C, 0x01, 0x0E, 0xFA, 0xD4, 0x68, 0x6D, 0x95, 0xE4,
    0x7F, 0x29, 0xD8, 0x30, 0xD0, 0x2E, 0x34, 0x1A, 0x2A, 0xCD, 0xDB, 0xA7, 0x6A, 0x05, 0x81, 0xA6,
    0xC3, 0x2A, 0x25, 0x29, 0x5A, 0xF9, 0x9D, 0x27, 0xB0, 0x72, 0x98, 0x00, 0x2A, 0x1D, 0x9D, 0x26,
    0x29, 0x8A, 0x9F, 0xCB, 0xD3, 0x4F, 0x58, 0x75, 0x37, 0x8A, 0xD8, 0x99, 0x32, 0x0D, 0x55, 0xD2,
    0x9E, 0x7D, 0xB7, 0xFA, 0x42, 0x94, 0x0A, 0xE6, 0xF3, 0x98, 0x7F, 0x64, 0x5C, 0x2F, 0x40, 0x5D,
    0xA9, 0xC1, 0xFC, 0x6D, 0xB2, 0xFE, 0x16, 0x28, 0xF4, 0xC9, 0x68, 0x71, 0x4A, 0x2E, 0x7C, 0xCF,
    0x0D, 0xD8, 0x85, 0x5A, 0x63, 0xD1, 0x27, 0xEA, 0x15, 0xF4, 0xE3, 0x42, 0x6E, 0xCF, 0xFE, 0x40,
    0xC7, 0x2B, 0xCB, 0x45, 0x58, 0xC0, 0x81, 0xDB, 0xF2, 0xE5, 0x7C, 0xDE, 0xF2, 0xF1, 0xEB, 0x2D,
    0x13, 0x29, 0x12, 0x38, 0x68, 0xA9, 0x17, 0xEA, 0x19, 0xC7, 0x6D, 0xF3, 0xA7, 0xB9, 0x52, 0x2C,
    0x15, 0xF8, 0x83, 0xBF, 0x7A, 0x08, 0xD6, 0xB7, 0xD4, 0xE7, 0xDF, 0xF5, 0x79, 0x12, 0x18, 0x2D,
    0x38, 0x25, 0xEE, 0x86, 0x81, 0x1B, 0xC0, 0x2E, 0x6C, 0xF3, 0x60, 0x1B, 0xC8, 0x3E, 0x11, 0xC4,
    0xDD, 0x4C, 0x70, 0x79, 0x1D, 0x77, 0x63, 0x41, 0x52, 0x38, 0x39, 0x2E, 0x70, 0xB5, 0xFF, 0x10,
    0x70, 0x1D, 0xF9, 0x1C, 0x15, 0x41, 0x03, 0xC8, 0x53, 0x1C, 0x29, 0x23, 0x75, 0xC4, 0x2A, 0x6A,
    0x87, 0x89, 0x5C, 0xC0, 0xF4, 0xDD, 0x5A, 0xB1, 0x54, 0xA4, 0x1F, 0xF8, 0xD1, 0xCE, 0x58, 0xC5,
    0x0D, 0x1A, 0x91, 0xFF, 0x8E, 0xFF, 0x3E, 0xF5, 0x78, 0xCB, 0x61, 0x9D, 0xA1, 0x8F, 0xF0, 0xBA,
    0x03, 0xF8, 0x76, 0xE2, 0x69, 0x02, 0xD8, 0xAE, 0x38, 0x5A, 0xCA, 0xF8, 0x66, 0x93, 0x8B, 0x55,
    0x40, 0xD9, 0x37, 0x81, 0x5F, 0xF5, 0x5A, 0x81, 0x4A, 0x81, 0x42, 0xDD, 0x7F, 0xD5, 0x64, 0xA4,
    0x93, 0x7F, 0x55, 0x53, 0x1D, 0x30, 0x3B, 0x9C, 0x82, 0x76, 0xB8, 0x9D, 0x4F, 0xF2, 0x77, 0x68,
    0xFF, 0x82, 0x0B, 0x3B, 0x86, 0x4D, 0xA9, 0x51, 0x38, 0xA8, 0xFB, 0x37, 0xAD, 0x92, 0x31, 0x8C,
    0xE4, 0x34, 0x14, 0x86, 0xBF, 0xD8, 0x62, 0x47, 0xBA, 0x48, 0xB8, 0xBF, 0x62, 0x53, 0x43, 0x81,
    0xFB, 0x02, 0xD9, 0x12, 0xBD, 0xE8, 0x7B, 0xFA, 0xBE, 0xE0, 0x48, 0x7A, 0x0A, 0xB6, 0x6F, 0xA0,
    0xA0, 0xA1, 0xA2, 0x2F, 0x76, 0xF2, 0x10, 0xBD, 0x88, 0xE8, 0xA5, 0x8B, 0xA0, 0xD7, 0xF9, 0xC0,
    0xE2, 0x02, 0xE3, 0xE4, 0x21, 0x5F, 0x34, 0x62, 0x11, 0x77, 0xAC, 0x76, 0x6F, 0x2C, 0xFF, 0x89,
    0xF5, 0xE4, 0xF7, 0xEB, 0xF3, 0x6F, 0x37, 0xF9, 0x7D, 0x0E, 0xDB, 0x47, 0x38, 0x5D, 0x71, 0xAE,
    0x70, 0x6D, 0x66, 0x00, 0x14, 0x5B, 0x1E, 0xAA, 0x31, 0x1E, 0x96, 0x7E, 0xEA, 0x92, 0x57, 0x9D,
    0x5B, 0xD5, 0xA1, 0x19, 0x17, 0xCC, 0x72, 0x4D, 0xF5, 0xEE, 0xB4, 0x70, 0x7D, 0x38, 0x7B, 0x07,
    0xB9, 0x5F, 0xBD, 0xE8, 0xA0, 0x32, 0xAA, 0x4A, 0xD0, 0x17, 0xD2, 0xAE, 0x4E, 0xAC, 0x16, 0xCE,
    0xBA, 0x24, 0xA3, 0xD3, 0x74, 0xD6, 0x23, 0xF9, 0xBE, 0x97, 0x76, 0xF5, 0x62, 0xC5, 0x89, 0x51,
    0x1D, 0x50, 0x05, 0xBF, 0x00, 0x5C, 0x96, 0x33, 0x06, 0x5A, 0xDD, 0xF6, 0xF3, 0xF7, 0x37, 0x8F,
    0x64, 0x7D, 0xFE, 0x3A, 0x4B, 0x7C, 0x84, 0x71, 0x86, 0x94, 0x76, 0xD5, 0xB5, 0x1F, 0x2E, 0xCE,
    0xCC, 0x11, 0x8C, 0x0E, 0xD8, 0x1F, 0x85, 0xAA, 0x46, 0x07, 0x78, 0xC6, 0x23, 0xD9, 0xC7, 0xD7,
    0x39, 0xB3, 0xF5, 0xD1, 0x2E, 0x1B, 0x87, 0x5F, 0x32, 0xEE, 0x93, 0xE9, 0xE2, 0xCC, 0xD5, 0xDB,
    0xFD, 0xBA, 0xD0, 0x7D, 0x39, 0xF3, 0xB1, 0x8B, 0xEF, 0xF4, 0x66, 0x2F, 0xC3, 0xB4, 0x01, 0x05,
    0x4C, 0x02, 0x5B, 0x95, 0xD9, 0x83, 0xEC, 0xE3, 0xA3, 0xEE, 0x7F, 0x73, 0x02, 0x1E, 0xF8, 0x1C,
    0x58, 0x80, 0x12, 0x61, 0xAC, 0x35, 0x81, 0xAB, 0x1B, 0xE0, 0xFC, 0x7E, 0xE9, 0x57, 0x80, 0x66,
    0x09, 0x11, 0x68, 0x6E, 0xAE, 0x22, 0xE7, 0xA1, 0xB8, 0xC4, 0xC8, 0x88, 0xCB, 0x28, 0x7D, 0xEC,
    0x16, 0x36, 0xC2, 0xE0, 0x4B, 0xB3, 0x12, 0x24, 0x14, 0x53, 0xF0, 0x12, 0x6E, 0x6D, 0xA1, 0x93,
    0x2F, 0x8E, 0x76, 0xC1, 0x4D, 0xC7, 0xFE, 0x90, 0x71, 0xF3, 0x1A, 0xDA, 0x44, 0x9B, 0x4A, 0xF8,
    0x34, 0x71, 0x78, 0x59, 0xFC, 0x57, 0x33, 0xF6, 0x8F, 0xA5, 0xFB, 0x69, 0xC2, 0x9E, 0xB2, 0x7B,
    0x2E, 0x98, 0x53, 0x72, 0x2F, 0x84, 0xA6, 0x1E, 0x7F, 0x00, 0x9D, 0x0E, 0x1A, 0x41, 0xC5, 0x2A,
    0x30, 0xEE, 0x3F, 0x7A, 0x01, 0x1A, 0x4D, 0x50, 0x4D, 0x80, 0x27, 0xF1, 0x03, 0xF6, 0xC1, 0x48,
    0x2F, 0x5E, 0xFA, 0x38, 0x4A, 0x90, 0x30, 0xE8, 0x14, 0x62, 0x90, 0xD3, 0xDC, 0xD3, 0xFD, 0xF0,
    0x2A, 0x8D, 0xB8, 0x9F, 0x7F, 0x4B, 0xF5, 0x86, 0x5F, 0xE6, 0x95, 0xF6, 0xF7, 0xF9, 0xCF, 0xC2,
    0xE1, 0xD5, 0xF4, 0x57, 0xC1, 0x9E, 0x64, 0x5B, 0xB0, 0x2A, 0x63, 0xC2, 0xE8, 0xD0, 0x27, 0x1A,
    0x8D, 0x61, 0x06, 0x8D, 0x61, 0x82, 0x2E, 0x41, 0x28, 0xB0, 0x1D, 0x31, 0xD9, 0xC7, 0x26, 0xBE,
    0x17, 0x01, 0xC6, 0x68, 0xD6, 0x20, 0xB6, 0xF8, 0xA9, 0xCD, 0x2E, 0xB9, 0xD4, 0x66, 0x3F, 0xD9,
    0x12, 0xA4, 0x59, 0xC7, 0x88, 0x6E, 0xD0, 0x17, 0x08, 0xCB, 0xDE, 0xEF, 0xFE, 0x47, 0x61, 0x06,
    0xCD, 0xD8, 0xBC, 0x72, 0x35, 0x3C, 0x65, 0xF7, 0x6E, 0x53, 0x3F, 0xB8, 0x14, 0xA4, 0x9B, 0xBC,
    0x78, 0x71, 0x73, 0x18, 0xDA, 0x14, 0xE2, 0x21, 0x8D, 0xF5, 0x95, 0x62, 0xCA, 0x0A, 0x5B, 0x01,
    0x5D, 0xA0, 0xAF, 0x1E, 0x09, 0xFC, 0x04, 0x5E, 0x20, 0x0C, 0xA0, 0x10, 0xB6, 0x1D, 0x3B, 0x4C,
    0xC0, 0x6D, 0x57, 0x8B, 0x41, 0xE0, 0x59, 0x17, 0xF9, 0x67, 0x04, 0x41, 0xF1, 0x93, 0xD9, 0x70,
    0xC9, 0x16, 0xDA, 0xDC, 0x66, 0x6C, 0x71, 0x09, 0xB3, 0x56, 0x2B, 0xAD, 0x5E, 0xA3, 0x02, 0x61,
    0x05, 0x7C, 0x01, 0x5C, 0x06, 0x5C, 0xBA, 0xF7, 0x63, 0xBE, 0x85, 0x36, 0xEF, 0x58, 0x3D, 0xF0,
    0x19, 0x00, 0xA8, 0xAA, 0x9C, 0x05, 0x0A, 0x66, 0x03, 0x5B, 0xF6, 0x26, 0x3F, 0x43, 0x78, 0x7B,
    0xF9, 0x6E, 0x6F, 0x2D, 0xF6, 0xB1, 0x29, 0x98, 0x6F, 0x76, 0xDB, 0xB4, 0x4F, 0xFC, 0x44, 0x18,
    0x50, 0x4C, 0xC1, 0xE6, 0xDA, 0xEE, 0x85, 0x10, 0xEF, 0x6C, 0xE8, 0x22, 0x04, 0xD9, 0x55, 0xD7,
    0xDC, 0x07, 0x96, 0xEF, 0x10, 0xC4, 0x7F, 0x97, 0xD3, 0x7F, 0xC1, 0x9A, 0x9A, 0x60, 0x9D, 0x4D,
    0x7E, 0x33, 0x58, 0xB3, 0x62, 0x17, 0x5C, 0xA2, 0xDB, 0x0B, 0xE7, 0x0D, 0x4F, 0x78, 0x4A, 0x3B,
    0x1F, 0xB1, 0xA7, 0x05, 0x34, 0xC1, 0x87, 0xC3, 0x45, 0x13, 0xBB, 0x35, 0xC9, 0x7F, 0x2D, 0x4E,
    0xA3, 0xF9, 0xEE, 0xED, 0x89, 0x2D, 0x6F, 0x48, 0xAC, 0xDD, 0x08, 0xCA, 0xB8, 0xA1, 0x3C, 0x6C,
    0xFE, 0x0D, 0xC5, 0x57, 0xBF, 0xB3, 0xDD, 0x46, 0x15, 0x3E, 0x92, 0xF0, 0xD5, 0x10, 0x15, 0x6A,
    0x52, 0x80, 0x3D, 0x83, 0x1A, 0x17, 0x90, 0x22, 0x6A, 0x28, 0x21, 0xAB, 0x81, 0x3F, 0x20, 0x0D,
    0x1D, 0x45, 0x52, 0xA4, 0x60, 0x68, 0xFC, 0x0F, 0xF8, 0x59, 0x22, 0x2D, 0x85, 0xEF, 0x7F, 0x90,
    0x14, 0x14, 0x90, 0x19, 0xC6, 0x6D, 0x8A, 0xD8, 0x12, 0x31, 0x33, 0x29, 0x68, 0x94, 0x30, 0xD4,
    0x56, 0x98, 0xCC, 0x50, 0x7A, 0x93, 0x08, 0x46, 0x8C, 0x25, 0x2D, 0xDF, 0x77, 0x76, 0x75, 0xDF,
    0x7D, 0xF6, 0xB3, 0xFD, 0xEC, 0x3C, 0x0F, 0xF7, 0x69, 0xCF, 0x3E, 0x49, 0xAB, 0xDD, 0xF3, 0xFB,
    0x7C, 0x47, 0x44, 0xC4, 0x49, 0xB9, 0x56, 0x6B, 0xEC, 0xDC, 0xBF, 0x97, 0xDC, 0x39, 0x37, 0x95,
    0x63, 0xEA, 0xAC, 0xE9, 0xC4, 0x35, 0x6D, 0x25, 0x75, 0xE3, 0x44, 0x4C, 0xF7, 0x54, 0xA2, 0x4B,
    0xB8, 0x58, 0xF0, 0xD9, 0x2A, 0xD8, 0x60, 0x16, 0x6C, 0x35, 0x88, 0xDC, 0x58, 0x2B, 0x6C, 0x2E,
    0x35, 0x69, 0x2B, 0x51, 0xDB, 0x3B, 0xBC, 0x5D, 0x17, 0x31, 0xCE, 0x8D, 0x52, 0x77, 0xAE, 0xC1,
    0x53, 0xD3, 0xE0, 0x43, 0xFD, 0xFA, 0x0C, 0xD1, 0x17, 0x58, 0x52, 0x49, 0xE9, 0x70, 0x4A, 0x86,
    0x3D, 0xB1, 0xC1, 0x5E, 0xF4, 0xD7, 0x56, 0x4E, 0x92, 0xB9, 0x15, 0xD2, 0x95, 0x14, 0x6F, 0x49,
    0x2D, 0xE9, 0x22, 0xFA, 0xFC, 0x45, 0x68, 0x5B, 0xA5, 0x13, 0xD8, 0xEC, 0x0B, 0x2B, 0x3C, 0x6E,
    0xE0, 0x79, 0x60, 0x0E, 0x07, 0x4E, 0xFE, 0xC0, 0xDC, 0x92, 0x0C, 0xE0, 0xEC, 0x01, 0x64, 0x30,
    0xAE, 0x23, 0x21, 0xA3, 0xE3, 0xB9, 0xCC, 0x07, 0x52, 0x53, 0x81, 0x0E, 0xB2, 0x38, 0x10, 0xE3,
    0x3E, 0xE8, 0x24, 0x5B, 0xF2, 0x4E, 0x37, 0x8C, 0x9B, 0x9D, 0xAA, 0x26, 0x19, 0x8D, 0xCE, 0xB2,
    0xAE, 0xFE, 0x24, 0x13, 0x4E, 0xBC, 0xFA, 0xA1, 0x6C, 0x3F, 0xE7, 0xF6, 0xD4, 0x98, 0x75, 0x6E,
    0x0D, 0xB3, 0x6B, 0x74, 0x96, 0x7A, 0xF0, 0x46, 0x20, 0x7B, 0x2D, 0xAC, 0x94, 0x8D, 0x94, 0xC8,
    0x09, 0xA4, 0x49, 0x66, 0x2F, 0x5B, 0x36, 0xF9, 0x39, 0xB7, 0x7E, 0x56, 0xC6, 0x92, 0x09, 0xCB,
    0xFD, 0x3A, 0xC7, 0x2F, 0xB2, 0xD1, 0xEB, 0xA2, 0xB0, 0x58, 0x8E, 0xB9, 0xED, 0xB9, 0x23, 0xCE,
    0xA9, 0xFC, 0x79, 0x4B, 0x38, 0xD7, 0xF3, 0x41, 0x9E, 0xB2, 0xBE, 0x54, 0xBE, 0xE2, 0x05, 0xE7,
    0x80, 0x2F, 0x69, 0x2D, 0xD7, 0x37, 0x72, 0x75, 0x2F, 0x9E, 0x2F, 0xEE, 0x93, 0x5B, 0x38, 0x83,
    0xEE, 0xEF, 0xE7, 0x74, 0xF2, 0x33, 0x4E, 0x8B, 0x17, 0x3F, 0xA7, 0x67, 0xF8, 0x9B, 0x3C, 0x7F,
    0x69, 0xE0, 0x2F, 0x1B, 0x23, 0xE7, 0xF9, 0x4A, 0xE7, 0xC0, 0xD7, 0x78, 0xE0, 0x4B, 0x02, 0x5F,
    0x9B, 0x7E, 0xA8, 0xBC, 0xEE, 0x6E, 0x6C, 0x39, 0x95, 0xD0, 0x35, 0xA6, 0x1C, 0xEE, 0x83, 0x29,
    0x59, 0xF5, 0x1D, 0xD5, 0xBE, 0x42, 0x5D, 0xCE, 0x16, 0x30, 0x08, 0x26, 0xE3, 0xA7, 0xBA, 0x6B,
    0x3B, 0x29, 0x7B, 0x6C, 0xDA, 0xA9, 0xAF, 0x2B, 0x0B, 0x9C, 0x54, 0x87, 0xA6, 0x53, 0x15, 0x62,
    0x4F, 0xAB, 0x13, 0x8C, 0xCA, 0x0F, 0xB0, 0x33, 0x3E, 0xBF, 0xAF, 0x9B, 0xDD, 0xE1, 0x14, 0x2F,
    0xC5, 0x7D, 0x35, 0x0A, 0x44, 0xB9, 0x24, 0xE2, 0xE6, 0x63, 0xB2, 0xB9, 0x61, 0x09, 0xE5, 0xE6,
    0x70, 0x28, 0x51, 0xE9, 0x72, 0xF5, 0x97, 0xB4, 0x3F, 0xF3, 0xAD, 0xDE, 0x52, 0x61, 0x97, 0x79,
    0xAE, 0x92, 0x02, 0x87, 0x27, 0xAE, 0x27, 0x01, 0x07, 0x50, 0xAC, 0x8B, 0x46, 0x97, 0xCC, 0xBC,
    0xF0, 0x0F, 0x8E, 0xF4, 0xFF, 0x5F, 0xE0, 0x92, 0xC3, 0x85, 0x20, 0x83, 0xF7, 0x40, 0xF3, 0x3D,
    0xF5, 0xAE, 0x41, 0x8C, 0x14, 0xA4, 0x74, 0x56, 0xBA, 0x2A, 0x6D, 0x95, 0x9A, 0x86, 0xB4, 0xEC,
    0x48, 0x19, 0x90, 0xCE, 0x65, 0x96, 0x34, 0x99, 0x48, 0xE3, 0x99, 0x54, 0x56, 0xA5, 0xB5, 0x52,
    0xA3, 0xB4, 0x50, 0x9A, 0x2B, 0x4D, 0x69, 0xDD, 0xA0, 0x1F, 0xBA, 0x84, 0x66, 0x94, 0x59, 0xE9,
    0xA8, 0xD4, 0x67, 0x99, 0x93, 0x27, 0xF8, 0x39, 0x51, 0x7E, 0x24, 0xF0, 0x53, 0x1F, 0xF1, 0x53,
    0x1C, 0xF1, 0x93, 0x1E, 0xF1, 0x13, 0xBD, 0x38, 0x3F, 0x9E, 0x46, 0xCA, 0x95, 0x59, 0x94, 0x2A,
    0x6F, 0x46, 0x63, 0xEA, 0xE4, 0xB0, 0xC2, 0x1D, 0x6E, 0x65, 0x2E, 0x91, 0x86, 0x16, 0x8D, 0x04,
    0x84, 0x06, 0x9C, 0x1A, 0xB9, 0x80, 0xDE, 0xCC, 0xD3, 0x2E, 0x4E, 0xCE, 0xEE, 0x4C, 0x52, 0x92,
    0x89, 0x72, 0xF6, 0x66, 0x9F, 0x12, 0xD8, 0xBF, 0x2E, 0x7A, 0x66, 0x48, 0xFA, 0x1D, 0xDF, 0x45,
    0xBF, 0xDA, 0x72, 0x54, 0xCE, 0x55, 0x39, 0xD9, 0x2D, 0x35, 0x10, 0x5B, 0xA6, 0xFD, 0x1A, 0x29,
    0xB4, 0x2D, 0xE1, 0x27, 0x0E, 0x9F, 0x45, 0x6B, 0x3E, 0x48, 0x4C, 0x7F, 0x4A, 0x66, 0xE4, 0xA9,
    0x74, 0x42, 0xB0, 0x67, 0xB4, 0x70, 0xCE, 0x38, 0x2E, 0x34, 0xB9, 0xF5, 0x21, 0xF7, 0x57, 0x75,
    0xC8, 0xFD, 0xA6, 0x2B, 0x9A, 0x5B, 0xE9, 0x37, 0x53, 0x84, 0x9C, 0x8C, 0x8C, 0x00, 0x6B, 0xB9,
    0xA1, 0x80, 0x53, 0xBA, 0xF5, 0x8A, 0x66, 0x86, 0x1D, 0x0C, 0x00, 0xCF, 0xE8, 0x55, 0x76, 0xDA,
    0xDF, 0xB5, 0x7C, 0x52, 0x67, 0x93, 0xF9, 0x89, 0xFC, 0xB8, 0x7C, 0x7F, 0xCA, 0x1E, 0x59, 0x7A,
    0xEA, 0x47, 0xCA, 0xA3, 0x43, 0x3A, 0xB2, 0xA9, 0x9A, 0xF5, 0xB9, 0x17, 0x96, 0xF9, 0xF5, 0xA6,
    0xBA, 0x9B, 0xFF, 0x6B, 0xA4, 0xCF, 0x7F, 0x54, 0x05, 0xC5, 0x5C, 0xEC, 0x8A, 0x54, 0x63, 0xF7,
    0x0A, 0x66, 0xA2, 0x83, 0xC6, 0x76, 0x7F, 0xDC, 0x34, 0x76, 0x63, 0x15, 0x5F, 0x25, 0xB5, 0x5E,
    0x6A, 0xE5, 0xD4, 0xC4, 0x83, 0x6A, 0xCA, 0xF2, 0xF6, 0xF4, 0xAA, 0x5B, 0x37, 0xBA, 0xE4, 0xB1,
    0x82, 0x9B, 0x84, 0x82, 0x8B, 0x73, 0x9A, 0x5A, 0x92, 0xFF, 0xCC, 0x12, 0x31, 0x53, 0xD7, 0xBE,
    0xDC, 0xB0, 0x72, 0xE6, 0x58, 0x65, 0xA0, 0x65, 0x2A, 0x96, 0xD5, 0xD5, 0x1B, 0xFD, 0x74, 0xF0,
    0x19, 0xDF, 0xB1, 0xDE, 0xB2, 0xDC, 0xF2, 0x9B, 0xAC, 0x2F, 0x9A, 0x64, 0x82, 0x31, 0x59, 0x7E,
    0x6B, 0x44, 0xC7, 0xD5, 0x7D, 0xF0, 0x51, 0xC4, 0xF0, 0x0B, 0x0E, 0x16, 0x59, 0x96, 0x58, 0x16,
    0x58, 0x96, 0x57, 0x16, 0xD7, 0x02, 0xBC, 0xA6, 0x1B, 0xAF, 0xBF, 0x6D, 0xC2, 0xDE, 0x67, 0xF9,
    0x3A, 0x7F, 0x10, 0x3D, 0xC0, 0xD1, 0xE1, 0xEC, 0xC6, 0x3D, 0xEC, 0x58, 0x57, 0xA1, 0x01, 0xD9,
    0x46, 0x34, 0x9E, 0xE8, 0xA9, 0xF1, 0x78, 0xF7, 0xB4, 0x8C, 0x5E, 0x12, 0xCF, 0xB9, 0xFA, 0xAC,
    0x1F, 0x5A, 0x0A, 0xBF, 0x18, 0x25, 0xFF, 0x16, 0x95, 0xEC, 0xF3, 0xF1, 0x25, 0xF9, 0x7F, 0xA0,
    0xFC, 0x6B, 0x26, 0x42, 0x50, 0x48, 0x06, 0x43, 0x16, 0x8D, 0xC4, 0xC3, 0xC7, 0x92, 0xD8, 0x59,
    0xE7, 0xCB, 0x96, 0x81, 0xB0, 0x00, 0x78, 0x06, 0xD1, 0x0A, 0x9D, 0xDF, 0xF2, 0x7B, 0x67, 0xEF,
    0xC3, 0x17, 0xEF, 0x5B, 0x9D, 0x5F, 0x4E, 0x8E, 0x3B, 0x90, 0xA3, 0xEC, 0xE2, 0xEA, 0x0A, 0xF8,
    0xFE, 0x04, 0x1B, 0xB0, 0x14, 0xF7, 0xAF, 0x54, 0x8E, 0xEF, 0xCB, 0xEB, 0x92, 0x7D, 0x6A, 0x7D,
    0x35, 0x72, 0xD5, 0xA5, 0xCA, 0x41, 0x48, 0x18, 0xCF, 0x8A, 0x5C, 0x55, 0x4F, 0xAF, 0x52, 0x0E,
    0x96, 0xD5, 0xCC, 0x86, 0xF3, 0xEE, 0x5D, 0xAE, 0x3D, 0xAE, 0x01, 0x95, 0x19, 0xD4, 0x2F, 0xC6,
    0xFE, 0x75, 0x66, 0x4D, 0x61, 0x5E, 0x46, 0xFC, 0x2B, 0xFA, 0xD1, 0xC1, 0x5C, 0xD0, 0x10, 0x40,
    0x72, 0x4D, 0x81, 0xB5, 0x31, 0x20, 0x15, 0x6E, 0xEC, 0x31, 0xD1, 0xDF, 0x9B, 0x19, 0x0A, 0x80,
    0x21, 0x14, 0x78, 0x33, 0xED, 0xC3, 0xB3, 0xCC, 0xC9, 0x06, 0x46, 0x08, 0x9A, 0x4B, 0xDA, 0xC2,
    0xDC, 0xC1, 0xDB, 0xFA, 0x6D, 0x70, 0xDE, 0x2A, 0x94, 0x44, 0xC6, 0x8F, 0x56, 0xC2, 0xBE, 0x59,
    0x6B, 0x3E, 0x5C, 0x3D, 0x75, 0x9A, 0x67, 0x50, 0xA8, 0xD8, 0x71, 0x34, 0xD0, 0x00, 0x20, 0x56,
    0x0F, 0x1C, 0x86, 0xC4, 0x56, 0x00, 0x93, 0x29, 0x78, 0x9C, 0xFD, 0x45, 0x84, 0xF3, 0xE5, 0x84,
    0x20, 0xF3, 0x31, 0xB6, 0x73, 0x43, 0xF9, 0x64, 0x11, 0xD8, 0x3F, 0x56, 0x04, 0x4C, 0x36, 0x95,
    0x84, 0xEA, 0x72, 0x44, 0x7C, 0x32, 0x24, 0x64, 0x22, 0xE0, 0x45, 0x9A, 0xD8, 0x0C, 0x99, 0xAD,
    0x2A, 0x03, 0x4B, 0x1D, 0x05, 0x29, 0x29, 0x88, 0x21, 0x88, 0xAC, 0xDF, 0xEE, 0x29, 0xC3, 0x40,
    0x19, 0xAC, 0x44, 0x4B, 0x3A, 0x52, 0x06, 0xE2, 0x6B, 0xD8, 0x2A, 0x65, 0xE9, 0xCA, 0x58, 0xBA,
    0x28, 0x03, 0xAD, 0xD8, 0x56, 0x90, 0x41, 0xBB, 0x21, 0x45, 0x8A, 0xA6, 0x47, 0x6B, 0xE2, 0x2F,
    0x9E, 0x72, 0x4B, 0x4B, 0xC3, 0x89, 0xCF, 0xC8, 0x03, 0x04, 0xCB, 0xDC, 0x1A, 0xCB, 0xF3, 0x64,
    0x08, 0xAC, 0x1F, 0xD3, 0xD0, 0x06, 0x31, 0xF1, 0xB3, 0xE8, 0x6B, 0xBF, 0xC5, 0x22, 0x40, 0x08,
    0x26, 0x04, 0x20, 0xBE, 0x5B, 0x81, 0x34, 0xBD, 0xC7, 0xC5, 0x6C, 0xB8, 0x68, 0x72, 0x40, 0xAD,
    0x0D, 0x5C, 0x69, 0xF9, 0x71, 0x44, 0x72, 0xA4, 0x6A, 0x0E, 0x8F, 0xC2, 0xF1, 0x11, 0xA1, 0x17,
    0x0B, 0x0C, 0x68, 0x23, 0xBE, 0xBC, 0x50, 0x80, 0x63, 0xAA, 0xBF, 0x1D, 0x1A, 0xC4, 0x01, 0xDA,
    0x7A, 0x04, 0x3D, 0x50, 0x05, 0x4E, 0xAE, 0x08, 0xE1, 0x87, 0xF7, 0xD6, 0x1D, 0x9F, 0xC0, 0x0F,
    0x49, 0xDB, 0x7F, 0xA8, 0xAF, 0x29, 0xAE, 0x70, 0x1A, 0xAA, 0x90, 0xB1, 0xDF, 0x51, 0x06, 0x05,
    0x45, 0xF7, 0xE9, 0x0D, 0x8B, 0xB4, 0xFF, 0x15, 0xB9, 0xE6, 0xF6, 0x11, 0x78, 0xCC, 0x88, 0xAD,
    0x27, 0x79, 0xD7, 0xF4, 0xDE, 0x63, 0x5B, 0xFF, 0xE5, 0x7C, 0x3A, 0x12, 0x45, 0x57, 0xA8, 0x96,
    0x8E, 0x02, 0x96, 0x68, 0x62, 0x58, 0x0A, 0x63, 0xF2, 0x7B, 0xC3, 0xED, 0xE3, 0xB5, 0xE8, 0x0A,
    0x7F, 0x3E, 0x01, 0x91, 0x8F, 0x8D, 0xC7, 0x6B, 0x5E, 0xE3, 0xDF, 0x17, 0xAE, 0xED, 0x76, 0x8B,
    0xD1, 0xA6, 0x41, 0xBD, 0x1D, 0x03, 0xB1, 0xC2, 0x36, 0x0B, 0xFF, 0xCE, 0x60, 0x09, 0x79, 0x6C,
    0x4C, 0xAD, 0x96, 0x73, 0x56, 0x73, 0x42, 0x9D, 0xDD, 0x1F, 0xBC, 0x12, 0x9E, 0xC9, 0x2F, 0x46,
    0x04, 0x5E, 0xB7, 0xA1, 0xF1, 0x9F, 0xCC, 0xEC, 0x2D, 0x1E, 0xE7, 0x57, 0x6B, 0xE1, 0x37, 0xA1,
    0x16, 0xB6, 0xA1, 0x4D, 0x44, 0xFC, 0x92, 0x37, 0xF2, 0xC8, 0xAE, 0xA3, 0x7D, 0x4A, 0xDC, 0x43,
    0xB2, 0x83, 0x1C, 0xF1, 0x26, 0x07, 0xE4, 0xFD, 0xE9, 0x41, 0x86, 0x45, 0x65, 0x78, 0xAD, 0xBA,
    0x8A, 0xF2, 0x72, 0x0F, 0x96, 0x9F, 0x7C, 0x7E, 0x7E, 0x63, 0xAB, 0xB9, 0x85, 0xF5, 0x7B, 0x01,
    0x3F, 0x22, 0x38, 0x1D, 0xFA, 0x2D, 0x47, 0x67, 0x20, 0x24, 0x63, 0x2B, 0x06, 0x91, 0xD9, 0xC4,
    0xBA, 0x87, 0x03, 0x9E, 0x8F, 0xFE, 0x7D, 0xAC, 0x38, 0x58, 0x82, 0x5E, 0x7B, 0xB6, 0x7B, 0x00,
    0x5D, 0x08, 0x9E, 0xF7, 0xE1, 0x1F, 0x00, 0x5E, 0xA1, 0x49, 0x08, 0xB8, 0xE9, 0x49, 0x78, 0x79,
    0x86, 0xD4, 0xBE, 0xE9, 0x62, 0x03, 0x21, 0x7A, 0x84, 0x9E, 0x2D, 0x6B, 0x4B, 0x4F, 0x51, 0x35,
    0x6A, 0x8A, 0x7F, 0x38, 0xF8, 0x64, 0x12, 0xD6, 0xF9, 0xF6, 0x50, 0x7B, 0x45, 0xAC, 0x7E, 0x65,
    0x90, 0x0A, 0x39, 0x9F, 0x71, 0x45, 0x61, 0x72, 0x2A, 0x2C, 0xFF, 0x2B, 0x53, 0x06, 0xA3, 0x80,
    0x09, 0xFB, 0xE5, 0xC0, 0x15, 0x84, 0x7B, 0x13, 0x1B, 0xA0, 0x4E, 0x0A, 0xF3, 0xD1, 0x5C, 0x79,
    0xA3, 0x97, 0x67, 0xF2, 0xD5, 0x69, 0xB4, 0xFF, 0x9F, 0x64, 0x4B, 0x42, 0xEC, 0x6F, 0x31, 0xFF,
    0x9D, 0x64, 0xBD, 0xF9, 0xA4, 0xAC, 0x79, 0x57, 0x56, 0xE9, 0xB8, 0xC2, 0xE9, 0xB1, 0x7F, 0x4B,
    0x87, 0xF4, 0x00, 0xD3, 0x84, 0xC0, 0xC5, 0x68, 0xD8, 0x66, 0x6A, 0x9F, 0xCB, 0x16, 0x88, 0xB7,
    0x28, 0x4E, 0x04, 0x79, 0xB1, 0xBA, 0x44, 0xDD, 0xFB, 0xD6, 0x94, 0xA3, 0x18, 0xDE, 0xC3, 0x3D,
    0x8B, 0x5F, 0x0B, 0xFE, 0xAE, 0xB9, 0xAF, 0xCE, 0x82, 0xE1, 0x00, 0x30, 0x8F, 0xF6, 0xF6, 0xA0,
    0x8B, 0x60, 0xA8, 0x64, 0xA9, 0xAA, 0x3C, 0x06, 0x73, 0x04, 0x14, 0x8B, 0x44, 0xBF, 0xA6, 0xDF,
    0x31, 0x99, 0x6D, 0x01, 0xE5, 0x83, 0xEA, 0xBD, 0x08, 0x72, 0xE3, 0xFC, 0x56, 0x13, 0xC3, 0x5E,
    0xEE, 0xC6, 0x63, 0xF9, 0x01, 0xBA, 0x85, 0x2A, 0xFE, 0x93, 0xF8, 0xCA, 0xF2, 0x42, 0x17, 0x70,
    0x06, 0x92, 0x33, 0xDB, 0x4C, 0xC6, 0xD9, 0x9E, 0xEC, 0x59, 0xED, 0x86, 0x74, 0xD6, 0xF8, 0x45,
    0x6C, 0xD6, 0x83, 0xB7, 0x27, 0xC5, 0x64, 0xA5, 0xD6, 0x18, 0x60, 0x9F, 0xC2, 0x52, 0xA4, 0x38,
    0x84, 0x62, 0xE8, 0xAC, 0x49, 0x1C, 0xB3, 0x9A, 0x1C, 0xA5, 0x4A, 0xC3, 0x83, 0xA7, 0xF0, 0x8B,
    0x6C, 0xD4, 0xC0, 0x41, 0xBC, 0x53, 0x6A, 0x08, 0xD1, 0x6B, 0x7D, 0x66, 0xBF, 0xA8, 0xE7, 0x2D,
    0xE1, 0xDC, 0xFD, 0x61, 0xD6, 0xD8, 0x5B, 0xFD, 0xC4, 0xB2, 0x28, 0x9E, 0x19, 0x71, 0x5A, 0xA1,
    0x69, 0xE3, 0x51, 0xA7, 0x74, 0xD2, 0x89, 0x45, 0x7E, 0x71, 0x5E, 0xB0, 0xC0, 0x8E, 0x72, 0x41,
    0xE6, 0xD3, 0x29, 0xF0, 0x1E, 0x39, 0x65, 0x81, 0x59, 0x84, 0x1C, 0x8C, 0x1B, 0x03, 0xE1, 0xFC,
    0x70, 0xBC, 0x57, 0xB8, 0x3C, 0x6B, 0x8A, 0x57, 0xA6, 0x7E, 0x5B, 0x28, 0x8E, 0xB1, 0xC6, 0x4F,
    0xCC, 0x94, 0x00, 0x12, 0x8E, 0x4E, 0x5F, 0xAB, 0x7B, 0xAA, 0xAA, 0x98, 0x74, 0x75, 0x52, 0x45,
    0x01, 0x6D, 0x58, 0xF1, 0xB9, 0x53, 0xF8, 0x01, 0xBB, 0x4D, 0xC7, 0x32, 0x84, 0xCD, 0xEE, 0x70,
    0x8A, 0x97, 0x82, 0x93, 0xEF, 0xA1, 0x9C, 0x47, 0x0C, 0x84, 0xE6, 0xAF, 0x55, 0x97, 0x9A, 0xF6,
    0x25, 0x41, 0x29, 0x61, 0xBE, 0x23, 0x14, 0x3F, 0x91, 0x73, 0xD2, 0xBE, 0x7B, 0x46, 0xDA, 0x6F,
    0x2F, 0x94, 0xF6, 0xBD, 0xDB, 0x9C, 0x4F, 0x69, 0x9E, 0x23, 0x0A, 0x69, 0x1E, 0xA3, 0x4F, 0xAE,
    0x21, 0x1D, 0x68, 0x46, 0xE8, 0x98, 0xC0, 0xA1, 0xD3, 0x58, 0x64, 0x16, 0xBA, 0x31, 0xC9, 0x5C,
    0x8C, 0xB2, 0xB4, 0x0B, 0x2D, 0x2A, 0xAE, 0x87, 0xB9, 0x9B, 0x73, 0x61, 0x6A, 0xE3, 0x4B, 0x0D,
    0x28, 0x72, 0x8D, 0x2B, 0x61, 0x11, 0x24, 0x24, 0x2D, 0x33, 0x93, 0x06, 0x79, 0x00, 0x0A, 0x4F,
    0x0E, 0x79, 0x43, 0x7C, 0x96, 0xA4, 0x2D, 0x62, 0x02, 0xB8, 0xF7, 0x7C, 0x6D, 0x21, 0x68, 0xB1,
    0x1E, 0xDC, 0x40, 0xB3, 0x74, 0x59, 0x60, 0x03, 0x0C, 0xC2, 0x9E, 0x12, 0x6E, 0x01, 0x96, 0x01,
    0xE1, 0x9C, 0x4B, 0x26, 0xC0, 0xAB, 0x19, 0xDC, 0xAD, 0x18, 0xB5, 0x6A, 0x09, 0xBE, 0x88, 0x91,
    0xD3, 0x89, 0xB5, 0xAE, 0xE8, 0x41, 0x3C, 0x23, 0x60, 0x5C, 0x18, 0x4D, 0x16, 0xC5, 0x65, 0xE0,
    0x99, 0xA0, 0xA1, 0xBA, 0x08, 0x14, 0x57, 0x7B, 0xF4, 0xA1, 0x81, 0x50, 0xA8, 0x19, 0x4F, 0x07,
    0xA8, 0x99, 0x6F, 0xE4, 0x14, 0x79, 0x2A, 0xF1, 0xC8, 0xF3, 0x0E, 0xCD, 0xF8, 0xCE, 0x86, 0x3C,
    0xD7, 0x0D, 0x79, 0x26, 0x8A, 0x9E, 0x29, 0xDE, 0xD3, 0x41, 0x67, 0x03, 0xCF, 0x67, 0xBC, 0xE1,
    0x43, 0xA3, 0x9E, 0x0A, 0xBF, 0x02, 0x46, 0xB3, 0x96, 0x17, 0x32, 0x71, 0xC9, 0x87, 0xB1, 0x1B,
    0x72, 0x8F, 0xA0, 0x35, 0x2B, 0xA4, 0x1E, 0x7D, 0xF6, 0x1B, 0xFA, 0xFC, 0xC5, 0x31, 0xFA, 0x94,
    0xAB, 0x9A, 0x36, 0xE9, 0xDB, 0xE0, 0x42, 0x33, 0x9C, 0xC2, 0xE6, 0xDD, 0xA1, 0xAC, 0x6B, 0x66,
    0x98, 0x90, 0x63, 0x49, 0x09, 0x27, 0xC1, 0xA9, 0x62, 0xD0, 0xCC, 0x23, 0xD1, 0xDE, 0xAB, 0x53,
    0x91, 0x68, 0x43, 0x23, 0xD5, 0x95, 0x9A, 0x8A, 0x06, 0x8B, 0x56, 0x39, 0x60, 0x50, 0x4F, 0x33,
    0x8F, 0x44, 0x07, 0x3E, 0x2F, 0x69, 0xD4, 0x51, 0x91, 0xE8, 0x54, 0x57, 0x6A, 0x5C, 0xCD, 0xD6,
    0xA2, 0x1D, 0x13, 0x98, 0x52, 0x1E, 0x26, 0x79, 0xA5, 0x78, 0x34, 0x18, 0xB1, 0x0A, 0xE2, 0xAB,
    0xF4, 0x3B, 0x5F, 0x4A, 0x5E, 0x67, 0x0D, 0x3D, 0x11, 0x8D, 0xE5, 0x50, 0x98, 0x33, 0x16, 0xE6,
    0x9C, 0x85, 0xB9, 0x64, 0x48, 0xDC, 0xA2, 0xA7, 0x23, 0xF0, 0x5D, 0x0C, 0x31, 0x5C, 0x3A, 0x80,
    0xE4, 0x1D, 0xB4, 0x50, 0x56, 0x28, 0xCC, 0xF7, 0xB0, 0xAA, 0xD6, 0x9C, 0x34, 0xA6, 0xCA, 0xF0,
    0x44, 0x02, 0x01, 0x58, 0x98, 0xAF, 0xF8, 0xC6, 0x64, 0x52, 0x3C, 0xAE, 0xB6, 0x0C, 0x7D, 0x67,
    0xE4, 0xFE, 0x8C, 0x65, 0xAB, 0xAF, 0xC1, 0x9F, 0xA2, 0x16, 0x25, 0x68, 0xE0, 0x32, 0x08, 0x53,
    0x60, 0xF3, 0xB7, 0x30, 0x3E, 0x41, 0x0D, 0x1E, 0x51, 0x83, 0x07, 0x5F, 0x83, 0x0B, 0xF2, 0x05,
    0xCB, 0x7F, 0x8F, 0xB6, 0xF8, 0x76, 0xA2, 0x04, 0xF4, 0xF1, 0xF9, 0x2D, 0x90, 0x9F, 0xE7, 0x47,
    0x56, 0xC4, 0x6B, 0xBE, 0x20, 0xB6, 0x85, 0x0E, 0x29, 0x38, 0x3D, 0xB7, 0xD6, 0xAC, 0xC6, 0x68,
    0x70, 0x60, 0x24, 0x5A, 0x61, 0x99, 0x78, 0x46, 0xF6, 0x48, 0x66, 0xD4, 0xA0, 0x74, 0x82, 0xAB,
    0x65, 0x41, 0xFC, 0x85, 0x61, 0xB4, 0x52, 0x5D, 0xEA, 0xFC, 0x90, 0xAD, 0x51, 0x90, 0x80, 0x1B,
    0x73, 0x1B, 0xB5, 0xFE, 0xB3, 0x41, 0x92, 0x2F, 0xA1, 0xBD, 0xF1, 0x66, 0xE8, 0x5F, 0x26, 0x66,
    0x0F, 0x9A, 0xBD, 0x89, 0xAA, 0x5A, 0xB3, 0x57, 0xD4, 0x3A, 0x28, 0xCF, 0x75, 0x25, 0xB4, 0x75,
    0xFA, 0xD7, 0x76, 0x90, 0x03, 0xCF, 0x1F, 0x74, 0xF1, 0x9A, 0xA3, 0x66, 0x2F, 0x1A, 0x2D, 0x8A,
    0x8F, 0xE0, 0x06, 0x27, 0x91, 0x65, 0x12, 0xF8, 0x30, 0xC8, 0x90, 0xB8, 0xD3, 0x9E, 0x14, 0x9C,
    0x17, 0x0F, 0x89, 0x34, 0x1E, 0x70, 0xF1, 0xED, 0x81, 0xFD, 0x1C, 0x0B, 0x68, 0xAA, 0x08, 0x72,
    0xDA, 0x7A, 0x52, 0x6C, 0x98, 0x90, 0x73, 0x6D, 0x82, 0x72, 0xED, 0x49, 0xE1, 0xA4, 0xBE, 0x27,
    0x35, 0x87, 0x9E, 0x14, 0xB5, 0x0B, 0xD0, 0x80, 0x71, 0xA3, 0x48, 0x06, 0x31, 0x54, 0x3C, 0xBF,
    0x0B, 0xAD, 0xB3, 0xC9, 0x18, 0xF4, 0x90, 0xC5, 0x67, 0x96, 0x3D, 0xAC, 0x44, 0xD6, 0x0B, 0x8F,
    0x53, 0x9A, 0x30, 0xAA, 0x0D, 0xBE, 0x1C, 0x46, 0x48, 0x46, 0x3A, 0x1E, 0x7F, 0xE7, 0xDF, 0x57,
    0xDB, 0xF7, 0xE6, 0x9D, 0xCE, 0xEF, 0xFD, 0xCF, 0xF1, 0xB0, 0xB7, 0xDC, 0x18, 0x15, 0x20, 0x65,
    0x2C, 0x0D, 0x43, 0xD9, 0x97, 0x5D, 0x3E, 0x18, 0x5F, 0x1E, 0xFD, 0x08, 0x38, 0xB3, 0x18, 0xA3,
    0x86, 0x6B, 0x14, 0x48, 0xC1, 0xE5, 0x62, 0xFA, 0x20, 0xE2, 0xA3, 0x87, 0x46, 0xAF, 0xCB, 0x5E,
    0xE3, 0x7A, 0xD2, 0x6B, 0x54, 0xEC, 0xB0, 0x5D, 0xC4, 0x05, 0x7A, 0x1D, 0x3F, 0xE4, 0xF3, 0xD1,
    0xAF, 0x27, 0xE2, 0x48, 0x11, 0xE0, 0x39, 0xFE, 0x2D, 0xE4, 0x66, 0x00, 0x8E, 0xBD, 0x02, 0x47,
    0x3A, 0x24, 0x21, 0xA9, 0x02, 0x47, 0x2D, 0xD7, 0x61, 0x84, 0x3C, 0x59, 0x23, 0x06, 0x3D, 0x70,
    0x74, 0xF8, 0x66, 0x92, 0xBA, 0xEC, 0xCA, 0xDF, 0x0F, 0xD9, 0x17, 0x36, 0xB6, 0x1F, 0xFB, 0xDE,
    0x13, 0x57, 0xC4, 0x6E, 0xB6, 0x7B, 0xEE, 0x85, 0x65, 0x7E, 0x3D, 0xBC, 0xB7, 0xBC, 0xDD, 0x67,
    0xF7, 0x6D, 0x3C, 0x7C, 0x1C, 0xA0, 0xC3, 0xC5, 0xAE, 0x98, 0x2E, 0x0D, 0x8D, 0x0C, 0x77, 0x63,
    0xFB, 0xAE, 0x6A, 0xC4, 0xF0, 0x16, 0x05, 0xB7, 0xBA, 0x08, 0xB4, 0x2B, 0x08, 0x6A, 0xB8, 0x1E,
    0xB0, 0xBB, 0x44, 0x29, 0x77, 0xC3, 0x44, 0x5F, 0x7D, 0x01, 0x70, 0x98, 0xFF, 0x1D, 0x9E, 0x9A,
    0x7E, 0xCD, 0x2E, 0x63, 0xBA, 0x45, 0x08, 0x5D, 0x1C, 0x87, 0xEB, 0xAB, 0xEB, 0x0A, 0x1C, 0xF2,
    0x8D, 0x79, 0x3B, 0xC4, 0xEC, 0xE7, 0xF6, 0x3B, 0x60, 0xFF, 0x7D, 0xC8, 0xD8, 0xC6, 0x37, 0x71,
    0x88, 0xC8, 0x91, 0xCD, 0xC6, 0x3E, 0x6E, 0x5E, 0x79, 0x67, 0xD3, 0x36, 0x8A, 0xE5, 0xE9, 0x86,
    0x79, 0xF5, 0xB3, 0x90, 0x3B, 0xF7, 0x7A, 0x1F, 0x64, 0x80, 0xCB, 0x29, 0x40, 0x3C, 0x96, 0xA3,
    0xE1, 0x33, 0xBE, 0x2B, 0xB5, 0xC4, 0x4E, 0x2A, 0x43, 0x8D, 0xD4, 0x57, 0xFE, 0xCD, 0x4A, 0xF6,
    0xF9, 0x69, 0x08, 0x1B, 0xF4, 0x17, 0xC6, 0xE3, 0x56, 0x66, 0x29, 0xA4, 0xF6, 0xDC, 0x86, 0x31,
    0x30, 0x6F, 0x18, 0x05, 0xEF, 0x04, 0xB4, 0xD0, 0xD9, 0xA7, 0xEB, 0x01, 0xB3, 0x01, 0x79, 0xF6,
    0x7E, 0x1D, 0x72, 0x43, 0x97, 0x2C, 0xE7, 0xA5, 0x87, 0xC4, 0xA2, 0x6F, 0xF9, 0x1A, 0xB9, 0xF1,
    0x91, 0xE6, 0x47, 0x8C, 0x4A, 0x81, 0x22, 0xD1, 0xC9, 0xB3, 0x06, 0xB5, 0xB6, 0x85, 0x5E, 0x59,
    0x7D, 0x22, 0x3F, 0x90, 0xEB, 0xA1, 0x40, 0xEF, 0x03, 0x2C, 0x72, 0x5A, 0xEE, 0xDC, 0x41, 0x6E,
    0xCC, 0x44, 0xE3, 0x8E, 0x88, 0x6D, 0xF4, 0x10, 0x0A, 0x79, 0x9D, 0x30, 0xC8, 0x69, 0x6D, 0xD6,
    0xB5, 0xD4, 0xC6, 0xC0, 0x64, 0x84, 0xFE, 0x48, 0x03, 0xC2, 0xDE, 0x54, 0x47, 0x36, 0xA9, 0x35,
    0x85, 0x35, 0x2D, 0xD2, 0xCA, 0x60, 0x46, 0x66, 0xFE, 0xA7, 0xC6, 0xD2, 0xED, 0x27, 0x85, 0x54,
    0xC6, 0xC0, 0xF6, 0x8B, 0x8E, 0xB6, 0x4A, 0xA7, 0xBA, 0x2F, 0x2C, 0x9C, 0x6C, 0xC8, 0x58, 0x3C,
    0x90, 0x27, 0xCE, 0xEC, 0x1F, 0x0A, 0xCC, 0x91, 0x41, 0x9E, 0x31, 0xC0, 0xFF, 0x60, 0xB8, 0x17,
    0x52, 0xFB, 0x23, 0x1B, 0xBB, 0x5F, 0x5A, 0x6D, 0x06, 0xD5, 0x95, 0x50, 0x12, 0xFA, 0x42, 0xA2,
    0xEA, 0xCA, 0xA5, 0xF2, 0x7A, 0x5E, 0x7E, 0x0C, 0x4E, 0xF8, 0x8C, 0x41, 0x83, 0x01, 0x7A, 0xFE,
    0x0E, 0x10, 0x47, 0x1D, 0xEB, 0x4E, 0x93, 0x2D, 0x45, 0x13, 0xBB, 0xAF, 0x0A, 0xB7, 0xD6, 0xE8,
    0x31, 0xAA, 0xDF, 0x84, 0x34, 0x0C, 0x2C, 0xC8, 0xB4, 0xD5, 0xA7, 0xD8, 0x1E, 0xFF, 0xA5, 0xAB,
    0x7F, 0x3C, 0xC6, 0x00, 0xBC, 0xC0, 0xBD, 0x60, 0x65, 0xAB, 0xF9, 0x78, 0xB3, 0x10, 0x3E, 0xC1,
    0x96, 0xA9, 0xDB, 0x1B, 0xE6, 0x6F, 0x24, 0xF5, 0x77, 0xF1, 0xBE, 0x1D, 0x89, 0x44, 0x77, 0x60,
    0xB2, 0x64, 0x83, 0xD9, 0xA7, 0xB3, 0x66, 0x77, 0x7B, 0x63, 0xDD, 0xBE, 0x5D, 0x24, 0x9A, 0x89,
    0xBF, 0x13, 0xC2, 0xF6, 0xD3, 0x3C, 0x2E, 0x5B, 0x17, 0xF2, 0x32, 0x63, 0xFB, 0x15, 0x9D, 0x6F,
    0x87, 0x0C, 0x11, 0x0A, 0x83, 0x41, 0x52, 0x4B, 0xBF, 0xD3, 0x33, 0x60, 0x34, 0x39, 0xF7, 0x02,
    0x04, 0x4A, 0x1D, 0x92, 0xFE, 0x96, 0x58, 0xEE, 0x02, 0xE3, 0x04, 0xE9, 0xA8, 0xF5, 0x52, 0xB5,
    0xE6, 0xFA, 0x1F, 0x55, 0x34, 0xEF, 0x56, 0x4B, 0xE1, 0xB2, 0x00, 0x8D, 0x11, 0xDC, 0x3F, 0x62,
    0xF7, 0x31, 0x91, 0x8D, 0x7C, 0x38, 0x5B, 0x6F, 0xB9, 0x1E, 0x1D, 0x65, 0xEA, 0xAA, 0xA8, 0x65,
    0x38, 0x5B, 0x31, 0x50, 0x83, 0xD9, 0x2B, 0xFE, 0x93, 0x6B, 0x6B, 0xD5, 0xC2, 0xFB, 0xDD, 0x78,
    0x3D, 0x9D, 0x7D, 0xDB, 0x0B, 0xAC, 0xB0, 0x73, 0x7D, 0x86, 0xEB, 0xA1, 0x25, 0x14, 0x3F, 0xCD,
    0xE6, 0x30, 0x88, 0xA5, 0x1C, 0x2B, 0xAD, 0xF4, 0x15, 0x31, 0xF4, 0xAE, 0x4A, 0x46, 0xE4, 0xDA,
    0x15, 0x76, 0xA8, 0xE1, 0x19, 0x57, 0xF7, 0xCF, 0xF7, 0x34, 0xB5, 0x62, 0x18, 0xCF, 0xF1, 0xBE,
    0x1F, 0xCA, 0x0F, 0xA1, 0xCD, 0xBF, 0xB0, 0x73, 0x7D, 0x64, 0x99, 0x66, 0xA9, 0xE4, 0x8F, 0xAA,
    0xD3, 0xE0, 0x7B, 0x1A, 0x41, 0x13, 0x87, 0xFE, 0x68, 0x55, 0x64, 0x5F, 0x79, 0x08, 0xED, 0x7C,
    0xA6, 0xBD, 0x38, 0xF9, 0x1F, 0x75, 0x52, 0x01, 0x84, 0x24, 0x47, 0x14, 0x7D, 0x33, 0x8D, 0x76,
    0xDB, 0xA8, 0xC5, 0x89, 0x24, 0x1B, 0xA9, 0xC5, 0x22, 0xE2, 0xF6, 0x6A, 0x30, 0x89, 0xC5, 0xEC,
    0x56, 0x01, 0x00, 0x39, 0x00, 0x01, 0x10, 0x00, 0x2E, 0x88, 0xE0, 0xEC, 0x4C, 0x57, 0x00, 0x40,
    0x0E, 0x00, 0xC8, 0x21, 0x21, 0x80, 0x39, 0x16, 0x2B, 0x76, 0xB6, 0x3F, 0x10, 0x04, 0x2A, 0x02,
    0x08, 0xAE, 0xE2, 0x36, 0x20, 0xD8, 0x7F, 0x49, 0xA3, 0x49, 0xCF, 0xFE, 0x54, 0xE9, 0xD9, 0x64,
    0x76, 0xC9, 0x7B, 0x6F, 0x9E, 0x57, 0xF5, 0xA7, 0x8B, 0xFA, 0xF5, 0x6D, 0x50, 0x3C, 0xEE, 0xB1,
    0x18, 0xDF, 0xA0, 0xEC, 0xA0, 0x02, 0x2C, 0x30, 0x12, 0x14, 0x42, 0xEA, 0x57, 0xB6, 0xA3, 0xAE,
    0x8A, 0x67, 0x56, 0xDA, 0x5A, 0xF8, 0xDC, 0x78, 0xD9, 0x80, 0x07, 0xB5, 0x63, 0x6E, 0x24, 0x5A,
    0xA1, 0x6A, 0x8D, 0xB9, 0xC8, 0x7C, 0xAE, 0x9D, 0x58, 0x5A, 0x69, 0x0F, 0xD4, 0xBE, 0x89, 0x05,
    0x97, 0x51, 0x93, 0x86, 0x71, 0x4D, 0xE4, 0x84, 0x26, 0x1A, 0xAF, 0xFE, 0xEA, 0xCC, 0x4F, 0xD1,
    0x6A, 0xDF, 0x1D, 0xC3, 0xBA, 0x95, 0xFA, 0xA5, 0x2D, 0x24, 0x8E, 0xC4, 0xF7, 0x5B, 0xB0, 0x9F,
    0x04, 0xFD, 0x23, 0x97, 0xBF, 0xB5, 0x23, 0x3E, 0x1D, 0x47, 0x14, 0x8C, 0x2F, 0x5F, 0xD3, 0x5C,
    0x79, 0x2B, 0xA8, 0x3A, 0x8C, 0x6F, 0xA0, 0x84, 0xAC, 0xC4, 0xF9, 0x88, 0x0F, 0xF0, 0xA2, 0x0C,
    0x8A, 0x34, 0x19, 0x6F, 0x5D, 0xED, 0x74, 0x18, 0x92, 0xC5, 0x02, 0xB5, 0xB3, 0xCE, 0x78, 0x4D,
    0x8A, 0xCA, 0xB0, 0xBD, 0x6F, 0x22, 0xAA, 0x16, 0xA3, 0x1E, 0xB0, 0x28, 0xD6, 0x55, 0x6B, 0x68,
    0x81, 0x82, 0x0A, 0x6A, 0xA8, 0x4E, 0xCE, 0x60, 0x88, 0x17, 0xC7, 0xA8, 0xBB, 0xA6, 0xC7, 0x6C,
    0xC3, 0x03, 0xC5, 0x2A, 0x1A, 0x12, 0xBF, 0xC6, 0x13, 0xBC, 0x77, 0xC1, 0x7C, 0xF1, 0x48, 0x41,
    0x41, 0x68, 0x60, 0xCE, 0x0F, 0x70, 0xBB, 0x33, 0xF8, 0xF8, 0x45, 0xC1, 0x03, 0x6B, 0x6E, 0x42,
    0xED, 0xBE, 0x47, 0xBF, 0xA1, 0x84, 0x3A, 0xEA, 0x70, 0xA7, 0x5F, 0xDB, 0x1D, 0xB2, 0xCE, 0x62,
    0x8E, 0x0B, 0xBC, 0x0F, 0xEB, 0xCB, 0x58, 0xB2, 0x04, 0x71, 0x80, 0xC6, 0x29, 0x3A, 0xF4, 0xAE,
    0x21, 0x43, 0x7D, 0x82, 0x08, 0x25, 0x71, 0xB1, 0xD1, 0x64, 0x32, 0x99, 0x7E, 0xB1, 0xD4, 0xD7,
    0x04, 0x60, 0x3D, 0x6E, 0xED, 0xD7, 0x41, 0x89, 0x2F, 0x64, 0xFB, 0x21, 0xFB, 0xED, 0xD7, 0xBA,
    0xDF, 0xC4, 0xAB, 0x99, 0x96, 0xDE, 0x4A, 0x3B, 0xDB, 0x0B, 0x72, 0x07, 0x9C, 0x04, 0x60, 0x08,
    0x3A, 0xB0, 0x95, 0x7C, 0x08, 0xE7, 0x51, 0xE0, 0x5B, 0xDD, 0x31, 0x00, 0x28, 0x3D, 0x6A, 0x1A,
    0x8B, 0xD3, 0x1D, 0x2C, 0xE1, 0x10, 0x03, 0x3E, 0x00, 0x2E, 0x80, 0x16, 0x23, 0x46, 0x7E, 0xD5,
    0x80, 0x8A, 0xA0, 0x1C, 0x34, 0xF0, 0x18, 0x38, 0x06, 0x4E, 0x81, 0xEE, 0xBF, 0x62, 0x49, 0x50,
    0x1E, 0x0A, 0x30, 0xC8, 0xC5, 0xE9, 0xB1, 0x52, 0x27, 0x47, 0xCF, 0x47, 0x7E, 0xB8, 0xAF, 0x48,
    0x96, 0x15, 0x9E, 0xE0, 0xF3, 0x09, 0x26, 0x49, 0x29, 0x03, 0x50, 0xAF, 0xE8, 0xE8, 0x7C, 0xB9,
    0xBF, 0xBF, 0x0F, 0x3C, 0x0B, 0xC6, 0x1B, 0xF7, 0x2C, 0xEC, 0xBA, 0x0A, 0xC7, 0x98, 0xE1, 0x10,
    0x0A, 0x2A, 0x25, 0xE0, 0xDE, 0xAD, 0x2C, 0x29, 0x2E, 0x3A, 0xAC, 0xF2, 0x34, 0x68, 0x5A, 0xE0,
    0xF6, 0x96, 0x81, 0x9F, 0xBA, 0x1A, 0x0D, 0x29, 0xD2, 0xEE, 0x01, 0x56, 0xF6, 0x1B, 0x2F, 0xD6,
    0xD2, 0x7C, 0xA1, 0x1D, 0x4E, 0x81, 0x3E, 0x71, 0x0D, 0xF1, 0xB5, 0x13, 0xE9, 0x93, 0x18, 0xB3,
    0x41, 0xF7, 0x4E, 0xEF, 0x37, 0x10, 0x2F, 0x54, 0x64, 0x12, 0x0E, 0xA0, 0xDB, 0x60, 0x85, 0x5E,
    0x5E, 0xBB, 0xB1, 0x47, 0xC6, 0x39, 0xD0, 0x23, 0x3B, 0xA0, 0x7E, 0x67, 0x2B, 0x71, 0x66, 0xFC,
    0xBF, 0x9B, 0xFA, 0xE7, 0xFC, 0xE7, 0xE9, 0x63, 0x54, 0x5F, 0x51, 0x0E, 0xB5, 0x03, 0x50, 0xEC,
    0x40, 0x0B, 0x19, 0xA1, 0xB2, 0x02, 0x32, 0x14, 0x2C, 0x29, 0x64, 0x86, 0x4B, 0x7D, 0x19, 0x86,
    0x21, 0x05, 0x50, 0xAD, 0x61, 0x05, 0x17, 0x95, 0xFF, 0xF3, 0x35, 0x15, 0xB9, 0xB9, 0x00, 0x3E,
    0x22, 0x43, 0xDA, 0x59, 0xDA, 0x75, 0xE5, 0x65, 0x7B, 0x59, 0x86, 0xFC, 0x41, 0xD8, 0xC1, 0x4A,
    0x43, 0x1B, 0x77, 0xF9, 0x31, 0x85, 0x25, 0x4D, 0x4F, 0x72, 0xBF, 0xF3, 0x90, 0x2A, 0xD4, 0xE1,
    0xE9, 0x73, 0xE3, 0x3F, 0xF4, 0x80, 0x7E, 0x45, 0xD3, 0xB3, 0x65, 0x1A, 0xB6, 0xE4, 0xFA, 0x3A,
    0x00, 0x78, 0x88, 0x29, 0x2C, 0xBD, 0x45, 0x23, 0xB7, 0x02, 0xB0, 0xB0, 0x01, 0x65, 0xAF, 0x44,
    0x84, 0xC7, 0xC9, 0x3C, 0xF6, 0xE4, 0x0A, 0xFF, 0x5B, 0x48, 0xA1, 0xDF, 0xFE, 0x55, 0xF2, 0x1D,
    0xB4, 0x4D, 0xE9, 0xA6, 0xC9, 0xCB, 0x16, 0x9F, 0x4A, 0xC4, 0x8E, 0x7C, 0x8B, 0x51, 0x5A, 0xBA,
    0x2A, 0x19, 0x9B, 0x2B, 0xEC, 0xF5, 0x0B, 0x00, 0xAB, 0xCF, 0x00, 0xBC, 0x03, 0x00, 0x2E, 0x5B,
    0x94, 0x84, 0x2E, 0x5B, 0x8F, 0xBC, 0xDC, 0x14, 0x6C, 0x00, 0xD7, 0xCC, 0xFC, 0x37, 0x3F, 0xDC,
    0x35, 0xEE, 0x65, 0x90, 0xC0, 0xF8, 0x81, 0xDE, 0x75, 0x11, 0xE0, 0x0C, 0xE3, 0x97, 0x91, 0x13,
    0x96, 0xD1, 0xF8, 0x98, 0x53, 0x42, 0xC3, 0x80, 0xA1, 0x33, 0x70, 0xE2, 0x99, 0x33, 0x3E, 0x87,
    0x13, 0x7E, 0xC3, 0x19, 0x6F, 0x52, 0x62, 0x64, 0x4A, 0xE0, 0x0D, 0xAE, 0xAF, 0x03, 0x6F, 0xE1,
    0x0F, 0xB4, 0xE0, 0x4C, 0xBC, 0x8D, 0x47, 0x68, 0xDC, 0x0C, 0x99, 0xC6, 0x03, 0x4F, 0xF6, 0x97,
    0xCB, 0xA3, 0x78, 0x48, 0x9A, 0x94, 0x3B, 0x9C, 0x55, 0x5C, 0x04, 0xB5, 0x3C, 0x9C, 0xFD, 0x03,
    0xB5, 0x57, 0x3D, 0xB0, 0xDD, 0xD6, 0x71, 0x3E, 0x00, 0xE4, 0x07, 0x5B, 0x48, 0x02, 0x36, 0x99,
    0xB1, 0xF9, 0x92, 0x81, 0x0B, 0x15, 0xCA, 0x38, 0x11, 0x52, 0xB8, 0x48, 0x21, 0xF1, 0x40, 0x66,
    0xA1, 0x22, 0x85, 0xD8, 0xA7, 0x55, 0x61, 0xA5, 0x79, 0x29, 0x52, 0xB8, 0x30, 0x05, 0xC4, 0x2C,
    0x55, 0xE8, 0xCD, 0x64, 0x52, 0x9B, 0x85, 0x0B, 0x4D, 0x52, 0x30, 0x85, 0x0B, 0x15, 0x22, 0x01,
    0xE9, 0x15, 0x2A, 0x5C, 0x10, 0x0A, 0x27, 0xE3, 0x22, 0x85, 0x90, 0x11, 0x27, 0x29, 0x5C, 0x10,
    0x14, 0x11, 0x0B, 0x14, 0x01, 0x6C, 0xBE, 0x6F, 0x0F, 0xEE, 0xBD, 0xB8, 0xF7, 0xDD, 0xF7, 0x63,
    0x4A, 0x7A, 0xEF, 0x9E, 0xC5, 0xBD, 0xC0, 0xC1, 0x9E, 0x3D, 0x7B, 0x76, 0xBF, 0xFD, 0xF6, 0x6A,
    0x61, 0x92, 0xC6, 0x04, 0x9D, 0x31, 0x83, 0x31, 0xDF, 0x37, 0xF8, 0x13, 0xE9, 0xF5, 0xD3, 0x09,
    0xBE, 0xAF, 0x3F, 0xD2, 0xCE, 0x9F, 0xE5, 0x4D, 0xDE, 0xEF, 0xDC, 0xFC, 0xE4, 0x8D, 0xDA, 0xBE,
    0xD7, 0xE0, 0x93, 0x84, 0xD5, 0x73, 0x2B, 0x11, 0x91, 0xCA, 0x6C, 0x04, 0x9F, 0x9D, 0x16, 0x65,
    0xCF, 0x37, 0xF4, 0x35, 0x4E, 0xCC, 0x6C, 0x8D, 0x07, 0x71, 0x43, 0xD1, 0xAE, 0xBE, 0xA5, 0x10,
    0x31, 0x9F, 0xC6, 0x92, 0x41, 0xE0, 0x8D, 0x83, 0xDB, 0x7C, 0x62, 0x0B, 0x73, 0xCF, 0x98, 0xB7,
    0xDC, 0x36, 0x87, 0xF9, 0xB3, 0x63, 0xCC, 0xB9, 0x1F, 0x93, 0x4E, 0x99, 0x8F, 0x1D, 0x44, 0x22,
    0x75, 0xDA, 0x79, 0x85, 0x85, 0x95, 0x79, 0x66, 0x4C, 0xA9, 0x1A, 0x47, 0x8C, 0xC9, 0x8D, 0xD9,
    0xDC, 0x12, 0xCF, 0x38, 0x27, 0xED, 0xCC, 0x71, 0x2C, 0xD2, 0xE0, 0xDD, 0xC6, 0x1C, 0x51, 0xC7,
    0xC3, 0x44, 0xA6, 0x1C, 0xAB, 0x67, 0x3F, 0x9D, 0x95, 0xD7, 0x26, 0x1F, 0x4D, 0x2A, 0x75, 0x28,
    0x9D, 0xC9, 0x07, 0x13, 0x4E, 0x7A, 0x7B, 0x7A, 0xE8, 0x4F, 0x6A, 0x67, 0x9B, 0x4A, 0x26, 0xA7,
    0xFE, 0x6E, 0xDE, 0x9C, 0xF0, 0x77, 0xF3, 0x26, 0x77, 0x14, 0xB7, 0x17, 0xFF, 0x43, 0xE5, 0xC5,
    0xFF, 0x93, 0x3F, 0x62, 0xC5, 0x4E, 0x0A, 0xE7, 0x67, 0xB3, 0x7B, 0x31, 0xFB, 0x2F, 0x72, 0xEC,
    0x2E, 0x83, 0xBB, 0xE8, 0xB6, 0xC4, 0x93, 0xCC, 0xE3, 0x94, 0xBC, 0xD0, 0x8B, 0xAD, 0xFC, 0x69,
    0x73, 0xC9, 0x8B, 0x70, 0xE4, 0xA4, 0x0C, 0xEF, 0xF0, 0x05, 0xEC, 0x9C, 0xAF, 0xEB, 0xC2, 0xC7,
    0xEE, 0x40, 0x2F, 0x27, 0xC5, 0xF9, 0x1E, 0x7F, 0xB5, 0xCA, 0x96, 0xF7, 0xA3, 0x9E, 0x32, 0x18,
    0x76, 0xA5, 0xDE, 0x77, 0x73, 0x38, 0x1F, 0x72, 0x32, 0x97, 0x8A, 0xBC, 0x3B, 0x0F, 0x8D, 0x1E,
    0x2E, 0xE7, 0x20, 0xAC, 0xB2, 0xB2, 0xD0, 0xAD, 0x5C, 0x20, 0xFC, 0xF7, 0x8D, 0x89, 0x10, 0x81,
    0x49, 0x8D, 0x50, 0x80, 0x9A, 0x97, 0x8D, 0x71, 0x2A, 0x63, 0x58, 0x90, 0x62, 0xFD, 0xBC, 0x52,
    0xB7, 0xFB, 0xD8, 0x41, 0xD8, 0x23, 0x5A, 0x71, 0x48, 0x6A, 0x07, 0x07, 0x62, 0x3B, 0xC1, 0x6F,
    0xBC, 0x2F, 0xC1, 0x48, 0x6F, 0x62, 0x66, 0x89, 0xF9, 0x16, 0xEF, 0x25, 0x78, 0x3F, 0x1A, 0xCC,
    0xDB, 0xC6, 0x85, 0x60, 0x02, 0xB3, 0x43, 0x38, 0xC3, 0xDC, 0x5E, 0xE9, 0xC7, 0x6E, 0x13, 0x0C,
    0x8B, 0x91, 0x63, 0xE0, 0x4C, 0xBD, 0x67, 0x83, 0x04, 0x4F, 0x06, 0x09, 0x3F, 0x1F, 0x24, 0x7E,
    0x80, 0x71, 0x32, 0x48, 0x7A, 0x7D, 0x10, 0x0B, 0xCF, 0xDC, 0xC5, 0x18, 0x30, 0x3A, 0x0C, 0x7A,
    0xAA, 0xC1, 0xA8, 0x82, 0xC1, 0xBC, 0xEF, 0xE3, 0x5C, 0x27, 0x24, 0x8F, 0xC9, 0xE9, 0x99, 0x64,
    0x32, 0x8B, 0x3F, 0xEC, 0x2F, 0xCF, 0x52, 0x66, 0x60, 0xD2, 0x78, 0x23, 0xB6, 0xE4, 0x23, 0x72,
    0xBB, 0xA0, 0x37, 0xC1, 0x00, 0x5B, 0xBC, 0x91, 0xAF, 0x4D, 0x31, 0x76, 0x5E, 0xA6, 0x78, 0xD7,
    0x32, 0x1D, 0x52, 0x3A, 0x33, 0xA6, 0x16, 0x18, 0x0F, 0x93, 0x7B, 0x0D, 0x5D, 0x0C, 0x6C, 0x16,
    0xA2, 0x80, 0x78, 0xAA, 0xF6, 0xF3, 0xB4, 0x9E, 0x73, 0x68, 0xC6, 0xB8, 0xA1, 0xE9, 0xB7, 0x1A,
    0x57, 0xA9, 0x9D, 0xAB, 0xC6, 0xA3, 0x99, 0x2D, 0xB1, 0x4C, 0xDD, 0x3C, 0x2F, 0x66, 0x13, 0x05,
    0xC7, 0xE4, 0x71, 0xB7, 0xFE, 0x00, 0xA3, 0x82, 0x21, 0xEA, 0x60, 0x21, 0xF6, 0x13, 0x51, 0x55,
    0xCC, 0x30, 0x4B, 0x18, 0x02, 0x0A, 0x3A, 0xD0, 0x58, 0x66, 0x78, 0x13, 0x07, 0x98, 0xE1, 0xC7,
    0x3A, 0xF7, 0x17, 0xF9, 0xBF, 0x1E, 0x8C, 0xE7, 0x55, 0x94, 0x23, 0xC0, 0xF1, 0x32, 0x47, 0xE5,
    0xAE, 0x9A, 0xD9, 0xF3, 0x73, 0xCE, 0x6B, 0x66, 0x3D, 0xB8, 0x6F, 0xCA, 0xC5, 0xBC, 0x32, 0x73,
    0x71, 0xDE, 0xCD, 0x6B, 0xAC, 0x9F, 0xCD, 0x03, 0xBF, 0x55, 0xCF, 0x38, 0xEB, 0x78, 0x2E, 0x84,
    0xDB, 0x49, 0x85, 0x33, 0xE3, 0x7A, 0x5A, 0x8B, 0x11, 0xC2, 0xA3, 0xF0, 0xE9, 0x6D, 0x38, 0xCB,
    0x56, 0x51, 0xAB, 0x0E, 0x71, 0x67, 0xB0, 0x12, 0x46, 0x8F, 0x67, 0x4B, 0x98, 0xAF, 0x51, 0x71,
    0x10, 0xA0, 0xF0, 0x48, 0x84, 0x58, 0xF5, 0x26, 0xA8, 0xE2, 0x3F, 0x8E, 0x4E, 0x8F, 0xCC, 0x94,
    0xC1, 0x80, 0xB2, 0x66, 0xEC, 0xC9, 0xC0, 0x63, 0x4F, 0x1E, 0x0C, 0x8C, 0xBC, 0x48, 0x93, 0xD7,
    0x84, 0x0A, 0x51, 0x3C, 0x4C, 0xFE, 0x4A, 0x90, 0x0A, 0x99, 0xCE, 0xCC, 0x31, 0xB3, 0xBC, 0x3E,
    0xA0, 0x76, 0x78, 0x12, 0x0C, 0x71, 0xA7, 0x3A, 0xC3, 0x01, 0xC9, 0x8B, 0x2F, 0x13, 0xD2, 0x0D,
    0xFA, 0x99, 0x79, 0xB8, 0xE4, 0xD5, 0x01, 0x1C, 0x6C, 0xA1, 0x20, 0xC5, 0x21, 0x7D, 0x0F, 0x8E,
    0x9F, 0x63, 0xAC, 0xC0, 0xBB, 0x26, 0x80, 0xFE, 0x40, 0x1E, 0x62, 0x70, 0x81, 0xF5, 0x33, 0x1D,
    0x3F, 0xC6, 0xE1, 0x5B, 0x1C, 0x92, 0xC5, 0x9C, 0x43, 0xA9, 0x2F, 0x97, 0xA6, 0x09, 0xD2, 0xD4,
    0x22, 0x4D, 0xF3, 0x3D, 0x69, 0x5A, 0xBB, 0x34, 0xF5, 0x8F, 0xAF, 0xA2, 0x8A, 0xE7, 0xC6, 0xE7,
    0x9A, 0x79, 0xBF, 0x4E, 0xD0, 0x6F, 0x4A, 0xBF, 0x83, 0x2B, 0x06, 0x59, 0x9E, 0x69, 0x08, 0xD3,
    0x19, 0xF0, 0xF4, 0x06, 0xAE, 0x0A, 0x77, 0x25, 0x5C, 0xC5, 0xBD, 0x7B, 0xEE, 0xAD, 0x83, 0x1D,
    0xEF, 0xA5, 0x04, 0xDC, 0xEE, 0xD2, 0xE1, 0xB5, 0x1D, 0x68, 0xDE, 0x5A, 0xF8, 0x0C, 0xB4, 0x80,
    0x81, 0x96, 0x53, 0x94, 0x0C, 0x34, 0xE4, 0x20, 0x56, 0x68, 0x4C, 0x0A, 0x93, 0xB9, 0x4F, 0x15,
    0x3D, 0x77, 0x8B, 0x08, 0xA1, 0xC0, 0x7E, 0x6F, 0x7A, 0x5F, 0x0E, 0x72, 0xCD, 0x7F, 0x42, 0xB0,
    0x83, 0x48, 0x03, 0xEE, 0xFB, 0x5D, 0x6C, 0x3C, 0xBE, 0xAF, 0xE2, 0xD6, 0x20, 0x91, 0xC0, 0x07,
    0x01, 0x2C, 0x97, 0x00, 0x61, 0x04, 0x40, 0x86, 0xF0, 0x86, 0xCB, 0x43, 0xCD, 0x45, 0xB0, 0x04,
    0xF2, 0x60, 0x8C, 0x32, 0x00, 0xC4, 0x5E, 0x0F, 0x4E, 0x10, 0x8E, 0x6E, 0x93, 0x08, 0x4E, 0xA4,
    0x36, 0xCE, 0x0D, 0xAE, 0xD2, 0x44, 0x57, 0x87, 0xCD, 0xA2, 0xD0, 0x07, 0x3A, 0x45, 0x27, 0xEB,
    0x6B, 0xAA, 0x40, 0x55, 0xA9, 0xD2, 0x3F, 0xC4, 0x8A, 0xF3, 0x77, 0x53, 0x68, 0x7E, 0x61, 0xF3,
    0x13, 0x81, 0x64, 0xFD, 0x09, 0x46, 0x47, 0x42, 0x64, 0xCA, 0xF6, 0x92, 0xA2, 0xE2, 0x4C, 0x52,
    0xB4, 0x67, 0x2C, 0x48, 0xD1, 0x8D, 0x35, 0x29, 0x02, 0xB1, 0x62, 0x40, 0xAC, 0xC6, 0x16, 0x6C,
    0xFF, 0x81, 0xE3, 0xDB, 0x2B, 0x4A, 0x0B, 0x3A, 0x70, 0x24, 0x4F, 0x89, 0x24, 0xD8, 0x31, 0x44,
    0x87, 0x7A, 0x1C, 0x01, 0x63, 0x10, 0x33, 0x4A, 0xA0, 0x34, 0xEE, 0xD7, 0x62, 0xD2, 0x07, 0xB6,
    0xC1, 0x94, 0x84, 0x93, 0x43, 0xDD, 0x20, 0x15, 0x6C, 0xF4, 0xB9, 0xA3, 0x6D, 0x10, 0xE2, 0xA4,
    0x29, 0xAE, 0xF0, 0xF8, 0x6A, 0xA9, 0xA8, 0x3B, 0x65, 0x6D, 0x24, 0xED, 0x4B, 0x58, 0xBE, 0xAC,
    0xFA, 0x12, 0xF0, 0xE2, 0x4D, 0x28, 0x47, 0x01, 0xEB, 0x55, 0xD4, 0x81, 0x29, 0x00, 0xA8, 0x14,
    0x91, 0x59, 0x0F, 0xB4, 0x44, 0x28, 0x6E, 0x7D, 0x23, 0x62, 0x3E, 0x9D, 0x59, 0xB8, 0xFA, 0x7F,
    0x4A, 0xAC, 0xB8, 0xCD, 0xD9, 0xA3, 0xAC, 0x92, 0x16, 0x20, 0xD8, 0xC2, 0x1B, 0xAD, 0x2F, 0xBF,
    0x6C, 0x67, 0x5F, 0x9F, 0x1A, 0xA2, 0x95, 0xE4, 0x5B, 0x91, 0x8E, 0x25, 0x2E, 0x25, 0xEE, 0x2B,
    0x3F, 0xFE, 0xD6, 0x2F, 0xFA, 0x57, 0xB8, 0x4B, 0x35, 0x5F, 0x56, 0x64, 0xEA, 0xCC, 0x0B, 0x4E,
    0x9A, 0xB3, 0x54, 0xE4, 0x7B, 0x5D, 0x8F, 0x82, 0x63, 0x58, 0x59, 0x28, 0x98, 0x03, 0x79, 0x0D,
    0x81, 0x22, 0xA8, 0x8B, 0xCE, 0x42, 0x7F, 0x22, 0x58, 0xDC, 0x14, 0x37, 0xF9, 0xA1, 0xD9, 0x57,
    0x98, 0x17, 0x42, 0x8E, 0x29, 0x7A, 0xC5, 0x3A, 0x22, 0x22, 0x51, 0xD2, 0xE4, 0xB7, 0x58, 0x52,
    0x4E, 0x56, 0x82, 0x3F, 0xF5, 0x81, 0x4E, 0xD1, 0x02, 0xA2, 0xAF, 0x9D, 0x81, 0x00, 0x8E, 0xE6,
    0xF4, 0x8E, 0x0E, 0x79, 0xA4, 0x39, 0xF9, 0x82, 0xCA, 0xE4, 0xA7, 0x28, 0xD1, 0xA2, 0xDA, 0x16,
    0x3F, 0x30, 0x79, 0xED, 0x02, 0x24, 0x44, 0xA1, 0x0F, 0xFA, 0x80, 0xB6, 0x71, 0x49, 0x2D, 0xEB,
    0xC8, 0x72, 0xCD, 0x5E, 0x92, 0x80, 0xB8, 0x7D, 0x09, 0x73, 0xB1, 0xCD, 0x82, 0xEF, 0x1E, 0x92,
    0x12, 0x41, 0x13, 0x1B, 0x0B, 0xCB, 0xB5, 0xDD, 0xEA, 0xBE, 0x56, 0x28, 0x2D, 0x28, 0x02, 0x85,
    0x20, 0xE4, 0xE0, 0x2E, 0x71, 0x83, 0x88, 0x58, 0xC9, 0x76, 0x96, 0xEE, 0xBE, 0x93, 0x6E, 0xA6,
    0x7B, 0x8B, 0xAD, 0x4C, 0x31, 0x6B, 0x9B, 0x35, 0x73, 0x15, 0x18, 0x3B, 0x78, 0xB0, 0x89, 0x74,
    0x23, 0xEE, 0x99, 0x9E, 0x9B, 0xA1, 0x94, 0x82, 0xF6, 0x96, 0x24, 0xA8, 0x18, 0xF0, 0x1F, 0x4B,
    0x26, 0x4B, 0x4E, 0x38, 0xB8, 0x39, 0x29, 0xF8, 0x0D, 0x2B, 0xDD, 0x81, 0x60, 0x0B, 0x43, 0x2A,
    0xE3, 0x0B, 0x1E, 0xE1, 0xF6, 0x40, 0x04, 0x3B, 0x2A, 0x8F, 0x57, 0xC8, 0xEC, 0x4B, 0xC9, 0x3B,
    0x79, 0xD4, 0x5B, 0x0D, 0x93, 0xC3, 0x09, 0x14, 0x64, 0x22, 0xD7, 0x01, 0x55, 0xBF, 0x41, 0xA2,
    0x6A, 0x72, 0x46, 0x4F, 0xFA, 0x10, 0xB0, 0x34, 0x3A, 0x2B, 0x8B, 0x6D, 0xE2, 0x58, 0x32, 0x5A,
    0x50, 0x68, 0x2C, 0xAA, 0x0C, 0x3C, 0x8C, 0x77, 0x41, 0xA4, 0xCA, 0x9A, 0x24, 0x52, 0x51, 0x5F,
    0x4B, 0x81, 0xE7, 0xDA, 0x50, 0xBD, 0xE3, 0xAD, 0x8A, 0x83, 0xB8, 0x9B, 0xB5, 0xDE, 0x6F, 0xB4,
    0x9B, 0xBA, 0x80, 0x5E, 0x62, 0xD7, 0xED, 0x7A, 0x6C, 0xF9, 0x04, 0xA3, 0x8F, 0xDB, 0x10, 0x23,
    0xEA, 0x5C, 0xB3, 0xEA, 0xF4, 0xCF, 0x7F, 0x0C, 0x9A, 0x79, 0x70, 0x9B, 0xB4, 0x8F, 0x76, 0xD2,
    0x5E, 0x56, 0xC7, 0x92, 0x85, 0x72, 0x51, 0x3F, 0x14, 0x1B, 0xC9, 0xEC, 0xEB, 0x03, 0xE3, 0xF6,
    0x24, 0x78, 0x87, 0xD4, 0x14, 0x7B, 0xCD, 0x92, 0xDA, 0x56, 0xF0, 0x51, 0x6B, 0x3F, 0x26, 0xD4,
    0xDA, 0x13, 0x04, 0xCB, 0x68, 0x7F, 0xA3, 0x2D, 0x0E, 0x73, 0x8B, 0x21, 0xC3, 0x5C, 0xE3, 0xF7,
    0xC9, 0xDE, 0x6F, 0x38, 0xE7, 0x93, 0x0E, 0x44, 0x10, 0xB1, 0x8E, 0x48, 0xB0, 0x1F, 0xB1, 0x01,
    0x80, 0xEF, 0x40, 0xFE, 0xA9, 0x6F, 0x75, 0x42, 0xD3, 0x0B, 0xB0, 0x0D, 0x0C, 0x94, 0xF1, 0xD8,
    0x90, 0x04, 0x7A, 0x2C, 0xCD, 0x2F, 0x79, 0x38, 0x9E, 0x09, 0x13, 0x0E, 0xE5, 0xD8, 0x35, 0x6F,
    0xB0, 0xCE, 0xC7, 0x08, 0x30, 0x22, 0x8C, 0xF8, 0x4E, 0x25, 0x29, 0xB4, 0x5D, 0x83, 0x4D, 0x1F,
    0xE2, 0xDA, 0x63, 0xB4, 0xE4, 0x33, 0x18, 0xD0, 0x8E, 0xE8, 0xAD, 0x5E, 0x2C, 0xDE, 0x37, 0x71,
    0x85, 0xB5, 0xFF, 0x07, 0x95, 0x0C, 0xD1, 0xA8, 0xA4, 0x52, 0x73, 0xE9, 0xF9, 0xF4, 0xCD, 0x6D,
    0x07, 0x72, 0x0F, 0x11, 0x11, 0xCC, 0x4D, 0x67, 0x52, 0x2F, 0x98, 0x5C, 0xED, 0xEE, 0x81, 0xFE,
    0x6A, 0x7C, 0x1B, 0xCD, 0xD1, 0xEA, 0xDC, 0xD3, 0x5B, 0x9C, 0x60, 0x8C, 0x13, 0x14, 0x9E, 0x60,
    0x83, 0x91, 0xF1, 0xEA, 0xC1, 0xB0, 0x96, 0x16, 0x76, 0x14, 0x7D, 0x08, 0x31, 0xC4, 0x10, 0x37,
    0x63, 0xEC, 0xE0, 0x5A, 0x82, 0x16, 0xCA, 0x5A, 0xD8, 0x95, 0xBE, 0x03, 0x11, 0x8F, 0x14, 0x08,
    0x7E, 0xF4, 0xBD, 0x10, 0x41, 0x47, 0xD1, 0x2E, 0x1B, 0x9D, 0x9D, 0xB1, 0x75, 0xEE, 0xA7, 0x9F,
    0x33, 0x56, 0x62, 0x8D, 0x95, 0x69, 0x13, 0x2B, 0x3B, 0x73, 0x78, 0x2F, 0xAF, 0x40, 0xB1, 0x30,
    0x27, 0xD6, 0xF8, 0x3F, 0x36, 0xB2, 0x09, 0xBE, 0x0B, 0x3E, 0x6C, 0x1A, 0xA6, 0x55, 0x7B, 0x57,
    0xAC, 0xF1, 0x6C, 0xB9, 0x4A, 0xA1, 0xF7, 0x56, 0x38, 0xC1, 0xB9, 0x69, 0x63, 0xCE, 0xC2, 0x47,
    0xAF, 0x7C, 0x18, 0x49, 0x9F, 0x4A, 0x97, 0x57, 0x57, 0x40, 0x4F, 0x96, 0x09, 0x84, 0x9F, 0x44,
    0x76, 0xE9, 0x63, 0xE9, 0xBD, 0xB2, 0x59, 0x98, 0x78, 0x41, 0xEA, 0x95, 0x45, 0xD8, 0xB3, 0xF4,
    0xB1, 0x14, 0x24, 0x4D, 0x52, 0xC7, 0x6D, 0xCA, 0x5F, 0x05, 0xDC, 0x9B, 0x05, 0x43, 0x69, 0xBC,
    0x01, 0xD1, 0x3A, 0x01, 0x42, 0x4B, 0x0C, 0x8B, 0x8C, 0xB0, 0x88, 0x33, 0x36, 0x51, 0x88, 0x0B,
    0x2D, 0x31, 0x58, 0x99, 0x94, 0xC3, 0xF2, 0x31, 0x6E, 0xBB, 0xEE, 0x6D, 0x9F, 0x38, 0x02, 0xFA,
    0x69, 0xAF, 0x45, 0x6A, 0x54, 0xD8, 0x07, 0xE8, 0xAC, 0xD0, 0x57, 0x25, 0x0D, 0xBB, 0xAA, 0x76,
    0x47, 0xE8, 0x03, 0x9D, 0xA2, 0x93, 0x43, 0x36, 0xAF, 0xAA, 0xE0, 0x6C, 0xF5, 0x14, 0x6E, 0x13,
    0x69, 0x1D, 0x75, 0x56, 0x9B, 0x13, 0x42, 0x9E, 0x21, 0xFE, 0xD3, 0xE8, 0xBC, 0xD3, 0xEF, 0xFE,
    0x38, 0xA1, 0x14, 0x94, 0x08, 0x3F, 0x5B, 0xA5, 0x75, 0xD2, 0xE4, 0x55, 0xDC, 0x69, 0xD0, 0x5F,
    0xF6, 0xDF, 0x71, 0x03, 0x1D, 0xDB, 0xCC, 0xC4, 0x98, 0x33, 0x43, 0x11, 0x41, 0x44, 0x0C, 0x61,
    0x81, 0x3D, 0x98, 0xF2, 0x53, 0xDC, 0x74, 0x9B, 0x18, 0x5E, 0x5E, 0xEC, 0xFC, 0x99, 0xAF, 0xFD,
    0xCF, 0xBF, 0x66, 0xC9, 0x7F, 0x8C, 0x59, 0xED, 0x6D, 0x29, 0x89, 0x82, 0x6E, 0xE4, 0xFB, 0xEB,
    0x37, 0xF0, 0xC3, 0x9B, 0x9C, 0x4A, 0x5E, 0xB5, 0xC2, 0xF0, 0xFE, 0xF1, 0x76, 0x13, 0xB3, 0x14,
    0x72, 0x4C, 0xC1, 0xCC, 0x16, 0x26, 0x3A, 0xD8, 0x2B, 0xDD, 0xB2, 0xFA, 0xA6, 0xF7, 0xDC, 0xD3,
    0x63, 0x7D, 0x63, 0xEB, 0x03, 0xBD, 0xD2, 0x63, 0xCE, 0x5C, 0x82, 0x58, 0x94, 0x46, 0xBD, 0x73,
    0x8C, 0xBA, 0x97, 0x03, 0xE2, 0xB0, 0x38, 0x30, 0xCB, 0x9F, 0x22, 0xC1, 0x47, 0x88, 0xFA, 0xE8,
    0x1F, 0xFD, 0xF1, 0x46, 0x38, 0x94, 0xD2, 0x95, 0xD2, 0xA4, 0x34, 0xF6, 0x08, 0x9C, 0x27, 0x40,
    0xC4, 0xF0, 0x79, 0x01, 0x9C, 0x43, 0x29, 0x4F, 0x6B, 0x56, 0xFB, 0x8A, 0x45, 0x67, 0x2D, 0x52,
    0x8A, 0x84, 0x0F, 0x74, 0x4A, 0x24, 0x0A, 0xB4, 0xDC, 0xEB, 0x51, 0x47, 0x87, 0x28, 0x0C, 0xE2,
    0x6E, 0x1B, 0xAF, 0xFE, 0x01, 0x7B, 0x91, 0x72, 0x5A, 0xF8, 0xB3, 0xC4, 0xC0, 0x8B, 0xC1, 0x38,
    0x43, 0x22, 0xFE, 0x2D, 0x92, 0xEE, 0xE0, 0xF6, 0x1C, 0xC6, 0x6C, 0x36, 0x2C, 0x58, 0xFD, 0x41,
    0x66, 0xBE, 0x4E, 0x41, 0x0B, 0x3F, 0xED, 0x4C, 0xFC, 0x64, 0x30, 0xD1, 0xA7, 0xBD, 0x59, 0xFD,
    0x3D, 0xAF, 0x2E, 0x9E, 0x39, 0x4D, 0x5F, 0x8D, 0x75, 0xCC, 0x3F, 0x06, 0x88, 0xFF, 0x0E, 0x60,
    0x8E, 0xE6, 0x25, 0x06, 0x79, 0x89, 0xF7, 0x83, 0xFF, 0xD6, 0x70, 0xBB, 0xE4, 0x40, 0x4B, 0x12,
    0x40, 0x19, 0x6A, 0x22, 0x46, 0x66, 0x5E, 0x3C, 0x66, 0x2E, 0x10, 0x6F, 0x8C, 0x77, 0xAC, 0xB9,
    0x74, 0x69, 0xF2, 0xB0, 0x0B, 0x8B, 0xDC, 0x4D, 0xE5, 0xF6, 0x83, 0xED, 0xE4, 0xD5, 0x06, 0x16,
    0x23, 0x04, 0x0F, 0x1B, 0x59, 0xD0, 0xFA, 0x1B, 0x58, 0xB3, 0x04, 0x5D, 0x23, 0xB8, 0xB4, 0x26,
    0x65, 0x17, 0x78, 0x1C, 0xF6, 0xDA, 0xE6, 0x36, 0x47, 0x53, 0x76, 0x73, 0x9A, 0x6E, 0xEE, 0x24,
    0xD8, 0x07, 0x1F, 0x0C, 0xF8, 0xFB, 0xE0, 0x03, 0xA3, 0x6C, 0xE1, 0xAC, 0x7F, 0x0F, 0x1D, 0x65,
    0xD0, 0x7B, 0xE4, 0xA0, 0xC3, 0xF9, 0xFF, 0x58, 0xAD, 0x83, 0x25, 0x45, 0xA0, 0x69, 0xB6, 0x25,
    0xD9, 0xB4, 0x51, 0x82, 0x85, 0x53, 0x4E, 0x2A, 0x25, 0xE3, 0x7D, 0x54, 0xDB, 0x9E, 0xD0, 0xE5,
    0x24, 0x39, 0x11, 0x8A, 0x64, 0xCB, 0xA7, 0x3C, 0x08, 0x04, 0x6F, 0x16, 0x2B, 0x77, 0x57, 0xD7,
    0xEC, 0x11, 0xA2, 0xC9, 0xA2, 0xFC, 0xCC, 0x51, 0x38, 0x6F, 0x1B, 0x55, 0x1C, 0xAD, 0x1B, 0x28,
    0xEA, 0x6F, 0xF4, 0xE0, 0xBD, 0xF7, 0x1D, 0x05, 0x67, 0xF3, 0xCA, 0x00, 0xFF, 0x0B, 0x33, 0x73,
    0x95, 0x99, 0x73, 0xF8, 0x0B, 0xCE, 0x91, 0xD6, 0x33, 0xDF, 0x98, 0x39, 0x47, 0x82, 0x7B, 0x11,
    0xA9, 0xF0, 0x86, 0x73, 0x1C, 0xFC, 0x6A, 0x91, 0x30, 0xE9, 0x26, 0x61, 0x9E, 0x97, 0xFB, 0xF8,
    0xB7, 0xAF, 0x66, 0x41, 0x9F, 0x16, 0xFE, 0x98, 0x23, 0x84, 0xA0, 0x34, 0xED, 0x1C, 0xD0, 0x7D,
    0xC3, 0xF5, 0xF1, 0x42, 0xD2, 0xB0, 0xA7, 0x74, 0xFF, 0xBD, 0x16, 0x16, 0x16, 0xB4, 0x74, 0x25,
    0x7B, 0xC8, 0x3A, 0xE8, 0x4B, 0x2C, 0x13, 0xF4, 0x60, 0xAE, 0x4D, 0xD8, 0xE5, 0x45, 0xDA, 0x86,
    0x28, 0x7C, 0xB6, 0xA5, 0xB5, 0x79, 0x17, 0x01, 0x9D, 0xCA, 0x3E, 0x6E, 0x00, 0x54, 0x43, 0x5C,
    0xC7, 0x8F, 0xA7, 0x21, 0xA9, 0xC2, 0xDF, 0x3F, 0x05, 0x9A, 0x06, 0xCF, 0x3A, 0xB1, 0x99, 0x2F,
    0x2D, 0xD1, 0x1B, 0x8E, 0xC0, 0x0E, 0xCA, 0x3A, 0x71, 0xF5, 0xB3, 0xD3, 0x38, 0x29, 0x75, 0xAC,
    0x24, 0xFE, 0xE9, 0x73, 0x93, 0x43, 0x5A, 0xB0, 0xDB, 0x89, 0x67, 0xF6, 0x11, 0x80, 0xE4, 0x23,
    0x01, 0x53, 0x8E, 0x4F, 0xE4, 0x01, 0x40, 0xE2, 0x7F, 0x9F, 0x7D, 0xDE, 0x9A, 0xF0, 0xD9, 0x83,
    0x67, 0xCC, 0xE7, 0x8F, 0xC1, 0x18, 0xD9, 0xC0, 0x15, 0x7A, 0x20, 0x9B, 0xA4, 0x77, 0x2C, 0xC7,
    0x8D, 0x35, 0x18, 0xC8, 0x94, 0xCD, 0xEC, 0x91, 0x79, 0x81, 0x5E, 0xC7, 0x4C, 0x81, 0xF6, 0x3D,
    0xBC, 0x86, 0xE3, 0xDC, 0xC5, 0xB5, 0x9C, 0xE7, 0xFF, 0x6A, 0xA9, 0x6B, 0x58, 0x8F, 0x85, 0xAE,
    0x62, 0xEE, 0xFC, 0xA0, 0xC7, 0x9F, 0xF5, 0x80, 0x7C, 0x4F, 0x77, 0xC6, 0xF9, 0xFE, 0x31, 0x41,
    0xED, 0x29, 0xCC, 0x4A, 0x44, 0x23, 0xC9, 0x45, 0x7E, 0x71, 0x15, 0x13, 0x47, 0xC6, 0x8F, 0x06,
    0x15, 0x3B, 0x39, 0x97, 0x2C, 0xED, 0xB6, 0x8C, 0xF4, 0x3E, 0xE3, 0x78, 0x35, 0x33, 0x60, 0x00,
    0x22, 0x8B, 0x8A, 0x90, 0x5B, 0x55, 0x6D, 0x89, 0x4A, 0x4F, 0xB8, 0xCA, 0x21, 0xC9, 0x5D, 0xE9,
    0x4A, 0x84, 0x36, 0x94, 0x4E, 0xB7, 0xB8, 0x9A, 0xC8, 0x84, 0x55, 0xA1, 0xF7, 0xA8, 0x16, 0x56,
    0x78, 0x05, 0x93, 0xB2, 0x72, 0xAF, 0x99, 0x68, 0xCA, 0xB0, 0xAD, 0x82, 0x7B, 0x43, 0x34, 0x45,
    0xC2, 0x2E, 0xF7, 0xBF, 0x18, 0x63, 0x27, 0x10, 0xF6, 0x27, 0x78, 0xC5, 0x7A, 0x0C, 0x3F, 0x32,
    0x24, 0xAA, 0xF2, 0xE8, 0x5B, 0xBF, 0xC7, 0x01, 0x07, 0x9D, 0xE0, 0xC4, 0x5B, 0x89, 0x2B, 0xD6,
    0xAA, 0x26, 0x66, 0x0F, 0x9B, 0x2A, 0x71, 0x86, 0x21, 0x08, 0x1A, 0xF1, 0x71, 0x78, 0xB4, 0x3E,
    0x21, 0xF2, 0xA7, 0x08, 0x54, 0x63, 0x53, 0xAC, 0x71, 0x2F, 0xC6, 0x1A, 0x43, 0xD8, 0x50, 0x55,
    0x6B, 0x60, 0x77, 0x67, 0xB4, 0x2B, 0x8D, 0x9E, 0x0C, 0xA3, 0x89, 0x1F, 0x0C, 0xF7, 0xB0, 0xF6,
    0x80, 0xCE, 0xF0, 0xD6, 0x80, 0xE6, 0xF0, 0xFA, 0x00, 0x95, 0x6A, 0xA0, 0xA8, 0x85, 0xA2, 0x26,
    0x8A, 0xDA, 0x28, 0x6A, 0x24, 0x22, 0x15, 0x56, 0x8A, 0x9A, 0x29, 0xAB, 0x7D, 0xBB, 0x8D, 0xD3,
    0x4F, 0x6A, 0xAA, 0xA8, 0xAD, 0xA2, 0xC6, 0x4A, 0x44, 0x6B, 0x45, 0xCD, 0xE5, 0x4D, 0x3C, 0x52,
    0x83, 0x39, 0xCD, 0x47, 0xF4, 0xD3, 0x64, 0x48, 0x4D, 0x8D, 0x54, 0x69, 0xB0, 0x3D, 0xE2, 0xBA,
    0x79, 0x4C, 0xD4, 0x18, 0xA3, 0x66, 0x71, 0x62, 0x88, 0xE6, 0xE0, 0xC9, 0x80, 0x75, 0x43, 0xDA,
    0x2E, 0x11, 0x8D, 0x97, 0xF8, 0x64, 0xB0, 0xC0, 0x14, 0xC8, 0x42, 0xD2, 0x5B, 0xB0, 0x3F, 0xE6,
    0x7C, 0x15, 0x21, 0xEB, 0x20, 0xBA, 0x1F, 0x60, 0x40, 0xC9, 0x36, 0xCD, 0x9E, 0x10, 0xB1, 0x1E,
    0xD1, 0xDD, 0xA8, 0x53, 0x70, 0xF2, 0x44, 0x7F, 0x00, 0x89, 0x47, 0xC9, 0x01, 0xBE, 0xA4, 0x01,
    0xAD, 0x68, 0x8A, 0xA9, 0x6B, 0x43, 0xED, 0x49, 0x7A, 0xE8, 0xF5, 0x07, 0xF8, 0xD7, 0x1B, 0xA1,
    0x94, 0xC8, 0xCD, 0xF8, 0xED, 0x3C, 0xBA, 0xB4, 0x8C, 0x51, 0x8E, 0x48, 0xD6, 0xA5, 0x80, 0x77,
    0x9B, 0xE0, 0x19, 0xD6, 0xFC, 0x7C, 0xE8, 0xE1, 0xD5, 0x01, 0x66, 0x7D, 0x08, 0x73, 0x6E, 0xC2,
    0xA5, 0x16, 0xC8, 0xA5, 0xA1, 0x3D, 0x5F, 0x3C, 0xB7, 0x15, 0xA4, 0x21, 0xBB, 0x31, 0xD6, 0x1F,
    0xBA, 0x1B, 0xAB, 0xD2, 0x07, 0xE1, 0xEF, 0x5D, 0x62, 0x49, 0xEF, 0x2E, 0x92, 0xB9, 0x0B, 0x7D,
    0x22, 0xF9, 0x67, 0x2D, 0xA1, 0x95, 0x7D, 0xAA, 0xB0, 0xA5, 0xED, 0x19, 0x65, 0xEC, 0x6F, 0x61,
    0xB0, 0xFD, 0x68, 0x24, 0xDC, 0xB2, 0xE7, 0x15, 0xB0, 0x6D, 0x34, 0x3B, 0x00, 0x5E, 0x20, 0x47,
    0x26, 0x34, 0xD9, 0x89, 0x90, 0xC5, 0xD2, 0xEF, 0x70, 0x18, 0x06, 0xC0, 0xB8, 0x3E, 0xB7, 0xC2,
    0x11, 0xC5, 0xF0, 0xD1, 0x97, 0xAD, 0x44, 0xF7, 0xBF, 0xE8, 0x24, 0x7E, 0xEF, 0x31, 0xDE, 0x78,
    0xB3, 0x1D, 0x24, 0x89, 0xDB, 0xBB, 0x62, 0x51, 0x96, 0x0E, 0x8A, 0xA4, 0x08, 0xDA, 0xB2, 0x32,
    0x13, 0x69, 0x51, 0x83, 0xB8, 0x18, 0x99, 0x6D, 0x85, 0xFD, 0x4A, 0xEA, 0x3F, 0x37, 0x68, 0x73,
    0x5C, 0x2D, 0x69, 0x8C, 0x76, 0x90, 0xA8, 0x71, 0x2E, 0xCE, 0x32, 0x12, 0x90, 0x6D, 0x62, 0x9D,
    0x36, 0x07, 0x8E, 0x3C, 0xE3, 0x00, 0x1E, 0xAE, 0xD9, 0x26, 0x23, 0x9E, 0x7D, 0x59, 0x44, 0xB4,
    0xC6, 0xDF, 0x55, 0x20, 0x54, 0xFC, 0x29, 0xA2, 0x10, 0x08, 0x74, 0x88, 0xD3, 0xB2, 0xF0, 0x9C,
    0xFD, 0x9D, 0x98, 0x17, 0x8C, 0x25, 0xA7, 0x32, 0xDE, 0xBF, 0x8D, 0x38, 0xBC, 0x0E, 0x63, 0x52,
    0x5C, 0x9F, 0xE1, 0xB9, 0x80, 0x6E, 0xF4, 0x77, 0x23, 0xF4, 0x35, 0x86, 0x08, 0xA0, 0x59, 0x0D,
    0x67, 0xE6, 0x78, 0x3F, 0x61, 0xF3, 0xE0, 0x72, 0xFD, 0x54, 0x8F, 0xB2, 0x47, 0x34, 0x65, 0x30,
    0x24, 0x75, 0x7E, 0x32, 0xF7, 0x2D, 0x99, 0xB6, 0x3B, 0x1E, 0x15, 0x9F, 0xDF, 0xB7, 0xEC, 0x13,
    0x3C, 0x2E, 0x04, 0x13, 0xD3, 0x8B, 0x4A, 0x55, 0xFD, 0x5A, 0xEC, 0xAE, 0xCB, 0x79, 0x75, 0xFE,
    0x60, 0x28, 0xE9, 0x25, 0x29, 0xE2, 0xCB, 0xAE, 0x0B, 0xA6, 0xC3, 0x80, 0x6E, 0x0C, 0x0F, 0x1B,
    0x7E, 0xF6, 0x09, 0xED, 0x8A, 0xF8, 0x5A, 0x96, 0x95, 0x97, 0x3B, 0x76, 0xB8, 0x12, 0x6B, 0xC2,
    0xCE, 0xBA, 0x86, 0xBA, 0xC9, 0x24, 0x6C, 0x81, 0x81, 0xAA, 0x40, 0x55, 0xA9, 0x52, 0xAF, 0x3C,
    0xC6, 0xAD, 0x5E, 0x0F, 0x68, 0x3F, 0xD7, 0x64, 0xBC, 0x59, 0xF4, 0x45, 0x92, 0x39, 0xAE, 0x39,
    0xE8, 0x3B, 0x48, 0x3C, 0x44, 0x64, 0x81, 0x2A, 0x4A, 0x36, 0xD8, 0x22, 0xDC, 0xA1, 0xBA, 0x01,
    0x72, 0x28, 0x87, 0x08, 0xDB, 0x00, 0x31, 0xD2, 0x87, 0xAD, 0xA3, 0x48, 0xDE, 0x40, 0xA4, 0x1A,
    0x13, 0x1C, 0xA3, 0x10, 0xB8, 0x72, 0xF2, 0x0A, 0x4B, 0x0A, 0x6B, 0x15, 0xD6, 0x78, 0x9A, 0x31,
    0xB7, 0x19, 0xF7, 0x7A, 0xD8, 0x65, 0x52, 0xFB, 0xC8, 0xD6, 0x00, 0xB1, 0x1F, 0xA1, 0x54, 0xE2,
    0x5B, 0x8F, 0x3B, 0xF0, 0xB0, 0x37, 0xE0, 0xCD, 0x29, 0x47, 0x34, 0xDC, 0xC3, 0xC4, 0xD1, 0x55,
    0xEB, 0xA4, 0xD7, 0xE8, 0x8B, 0x9F, 0xE0, 0x1A, 0x74, 0x54, 0x33, 0x5C, 0x83, 0x78, 0x2D, 0x76,
    0x44, 0xE3, 0x5B, 0x34, 0x35, 0xFE, 0x6D, 0x67, 0xC2, 0xC7, 0x70, 0x48, 0x7F, 0xD3, 0x98, 0x9F,
    0x27, 0xBA, 0xDA, 0xF3, 0x9A, 0x6F, 0x8E, 0x9E, 0xEA, 0xFB, 0x01, 0x01, 0x81, 0xFA, 0xE7, 0xA6,
    0xCE, 0x36, 0x91, 0x86, 0x76, 0x0E, 0xC6, 0x03, 0x26, 0x31, 0xE0, 0x38, 0x27, 0x68, 0x1C, 0x08,
    0x29, 0x68, 0x4D, 0x3A, 0xD1, 0x42, 0x05, 0x04, 0x66, 0x24, 0xF6, 0x0E, 0x6A, 0x7C, 0xC6, 0x21,
    0x93, 0x6F, 0x4C, 0x5D, 0x0B, 0x36, 0xD9, 0x82, 0xEF, 0x99, 0x3C, 0xCF, 0xA8, 0x87, 0x1B, 0x52,
    0xBD, 0xE9, 0xE4, 0xD6, 0x01, 0xA7, 0xD0, 0x75, 0xB9, 0x33, 0xDA, 0x11, 0x39, 0x4E, 0x65, 0xA2,
    0xB9, 0x8B, 0x64, 0xF2, 0xCF, 0x9B, 0x73, 0xB6, 0x15, 0xEE, 0x3A, 0xCD, 0x8F, 0x3B, 0x92, 0xFB,
    0x63, 0x5C, 0x4A, 0x3C, 0x03, 0x61, 0x26, 0xF6, 0x09, 0x8A, 0x3A, 0x11, 0xBA, 0x92, 0x9F, 0x0C,
    0x28, 0x60, 0x0C, 0xA2, 0x29, 0xD0, 0x27, 0xC4, 0x5F, 0xBD, 0xE6, 0x51, 0xEB, 0x50, 0xF2, 0xBD,
    0x46, 0xAF, 0xE9, 0xFD, 0x5A, 0xE7, 0xC5, 0x8F, 0x2A, 0xBE, 0x97, 0x71, 0x1D, 0x06, 0x5D, 0x28,
    0x46, 0x03, 0x2F, 0xD0, 0x26, 0xE2, 0x18, 0x0D, 0xA1, 0x5B, 0x37, 0x18, 0xE6, 0xEB, 0xDC, 0x3B,
    0xCD, 0x4D, 0x2F, 0x5B, 0x15, 0x77, 0x75, 0xE6, 0x2A, 0x5F, 0x30, 0x1E, 0x1F, 0x1E, 0xE2, 0xAB,
    0x56, 0xCB, 0x88, 0xF5, 0x2D, 0x61, 0x61, 0xB3, 0xFF, 0xDD, 0x49, 0xC5, 0xE6, 0x83, 0x99, 0xA2,
    0x7E, 0x53, 0x27, 0xC6, 0xED, 0xB6, 0x68, 0xF4, 0xA9, 0xCE, 0xB3, 0x8F, 0x3B, 0x29, 0xF4, 0xDD,
    0x90, 0x5A, 0x54, 0x9F, 0x09, 0xC7, 0xD5, 0x1A, 0x11, 0x9C, 0x73, 0xD4, 0xE0, 0xD9, 0xC4, 0x05,
    0x98, 0xE8, 0x6D, 0xF9, 0xEE, 0x7B, 0x38, 0x28, 0x34, 0x12, 0x86, 0x84, 0x90, 0x87, 0xC7, 0x6B,
    0xD8, 0xE7, 0xB8, 0xCF, 0xE7, 0x9C, 0x17, 0xB0, 0xD9, 0xC5, 0x7B, 0xFA, 0xBE, 0xC9, 0xE7, 0xDE,
    0xAA, 0x52, 0x7B, 0x29, 0x1F, 0x1F, 0x71, 0x37, 0x8C, 0xCE, 0xD5, 0x46, 0x7D, 0xDD, 0x66, 0xA8,
    0x9B, 0xFC, 0x13, 0xE5, 0xC0, 0xC7, 0x07, 0x13, 0xD6, 0xED, 0x12, 0xA9, 0x13, 0x16, 0xCA, 0xCE,
    0xD6, 0x37, 0xBE, 0x13, 0x0E, 0x39, 0x14, 0xFA, 0x23, 0x63, 0xD8, 0x4C, 0xE2, 0xD4, 0x6E, 0xC9,
    0x17, 0x6F, 0x53, 0x92, 0xCF, 0x97, 0x94, 0x53, 0x9E, 0xC5, 0xAD, 0x37, 0x92, 0x48, 0x03, 0xAD,
    0xDA, 0xA4, 0x8B, 0xFB, 0x58, 0x2B, 0x75, 0xE0, 0xAA, 0x55, 0xDE, 0x31, 0x0B, 0xC2, 0x29, 0x53,
    0x46, 0xC2, 0x6D, 0xA7, 0x2A, 0x5F, 0xB9, 0xF7, 0xA1, 0x99, 0x79, 0xBE, 0x31, 0xD7, 0x54, 0xBE,
    0xA6, 0xB2, 0xD9, 0x74, 0xB6, 0x52, 0xE4, 0xC4, 0xB0, 0x8A, 0x90, 0x8F, 0x0A, 0xC3, 0xFE, 0x96,
    0xCC, 0x5B, 0xF3, 0x8B, 0x38, 0xA6, 0xA0, 0xF5, 0xA7, 0x99, 0x55, 0xDC, 0xD9, 0x96, 0x79, 0x55,
    0xD6, 0x65, 0x66, 0x95, 0x8C, 0xC4, 0xF2, 0x44, 0x58, 0x24, 0xA8, 0x8D, 0x11, 0x6C, 0x56, 0x32,
    0x7C, 0xE3, 0x8F, 0xB9, 0xCC, 0x7A, 0xC1, 0xFD, 0x84, 0xBC, 0x3A, 0x45, 0xC8, 0x21, 0x01, 0x92,
    0x8E, 0x90, 0xB7, 0x6C, 0x1D, 0x4A, 0xA4, 0x6D, 0xD2, 0x08, 0x12, 0x97, 0x84, 0x1C, 0xAD, 0xC4,
    0x17, 0x4F, 0x07, 0x25, 0xE4, 0x53, 0x49, 0x42, 0x5E, 0x92, 0x36, 0xB6, 0x4C, 0x61, 0xA9, 0xD3,
    0x15, 0x21, 0xD7, 0x4A, 0xB6, 0x92, 0x7F, 0xF6, 0x37, 0x3F, 0x56, 0x03, 0xAE, 0x6C, 0x2C, 0xD1,
    0xD0, 0xD7, 0x00, 0x77, 0x92, 0x74, 0x3D, 0x2F, 0x48, 0xD7, 0xF3, 0x8C, 0x74, 0x5D, 0x9F, 0x60,
    0x06, 0xE8, 0x7A, 0x35, 0x92, 0xAE, 0xFF, 0xC7, 0xA0, 0x74, 0xBD, 0x57, 0xBA, 0xDE, 0x2A, 0x5D,
    0x6F, 0x94, 0xAE, 0x57, 0x4A, 0xD7, 0xE1, 0xBA, 0x43, 0xA5, 0x27, 0x5D, 0xC4, 0x18, 0xEA, 0xBC,
    0xDB, 0xCC, 0x4F, 0xF5, 0xE8, 0x5C, 0x7A, 0x77, 0x87, 0x52, 0xC7, 0xCA, 0xF5, 0x4C, 0x70, 0x58,
    0xE5, 0xF3, 0x3C, 0x53, 0xAA, 0xB3, 0x7B, 0x87, 0x57, 0x3E, 0x44, 0x3E, 0x5B, 0xE9, 0xF3, 0xEA,
    0x4A, 0x69, 0x36, 0x8D, 0x8E, 0xA8, 0xAA, 0xBC, 0xBE, 0x62, 0x19, 0x66, 0xAD, 0x57, 0x6A, 0xCF,
    0xB9, 0xF3, 0x31, 0xDF, 0xC5, 0x8A, 0x7F, 0x65, 0xCC, 0xF1, 0xAB, 0x00, 0xD4, 0xCE, 0x28, 0x93,
    0x20, 0x7D, 0x8E, 0xF0, 0x6A, 0x1C, 0x15, 0xFF, 0x88, 0x47, 0xF9, 0xCF, 0x1D, 0xD6, 0x90, 0xC2,
    0x05, 0x9F, 0xD5, 0x26, 0xFA, 0x27, 0x60, 0x10, 0xDE, 0xFA, 0xDE, 0xCA, 0x69, 0x41, 0x55, 0x4A,
    0x0D, 0x23, 0x1D, 0x1E, 0x79, 0x65, 0x81, 0x5A, 0x59, 0x4A, 0x7B, 0xEF, 0xF5, 0xF6, 0x1D, 0xE9,
    0x3E, 0x48, 0xAE, 0x81, 0x4A, 0x24, 0xF8, 0xFF, 0x99, 0x49, 0x1F, 0x92, 0x17, 0xA0, 0xAC, 0x75,
    0x87, 0x0C, 0xB7, 0x57, 0x66, 0xEC, 0x9F, 0x11, 0xC0, 0xAB, 0xE6, 0x18, 0xCC, 0xAE, 0x98, 0xC5,
    0x1F, 0xDD, 0x94, 0x16, 0x88, 0x23, 0xBA, 0x0D, 0xFE, 0xCD, 0x90, 0x5C, 0xF5, 0x5F, 0x9B, 0x8B,
    0xFE, 0x12, 0xCD, 0xC1, 0x7B, 0xDA, 0x45, 0x32, 0x08, 0xFF, 0xE1, 0x65, 0x5A, 0xEA, 0x55, 0x17,
    0xBE, 0xF8, 0x0E, 0x5F, 0x2E, 0x70, 0x82, 0xF3, 0x7A, 0x05, 0xAE, 0xCD, 0xD6, 0x7A, 0x17, 0xD9,
    0xFD, 0x97, 0xEE, 0xF2, 0xAA, 0xBB, 0xFC, 0x8C, 0xE2, 0x86, 0xF9, 0x35, 0x2F, 0x2D, 0xFE, 0xBF,
    0xE3, 0x6E, 0xE5, 0x3A, 0x81, 0xA0, 0xF8, 0x0A, 0x3D, 0x68, 0xCC, 0x1F, 0x9D, 0x6D, 0x92, 0xC2,
    0xCC, 0xF7, 0x8C, 0x02, 0x7A, 0x5C, 0xB3, 0xEC, 0x99, 0x68, 0xF0, 0x14, 0xDE, 0xBF, 0x7F, 0xEE,
    0x5E, 0x3C, 0x5A, 0x07, 0xF7, 0x39, 0x18, 0x9A, 0xD4, 0x82, 0xA0, 0xC1, 0xC2, 0x3F, 0x73, 0x96,
    0xA9, 0xA5, 0xBF, 0x76, 0x73, 0xFF, 0xDD, 0xAC, 0x71, 0x20, 0x6A, 0x88, 0x60, 0x61, 0x4B, 0x19,
    0xF4, 0xA9, 0x83, 0x37, 0x6E, 0xFA, 0xA8, 0x5F, 0xE4, 0x6C, 0xA0, 0x31, 0x16, 0xA9, 0x4C, 0x54,
    0x5A, 0x95, 0xB9, 0xAB, 0x66, 0xAE, 0xC6, 0x69, 0xC5, 0xD3, 0xFA, 0xE7, 0xAA, 0x9F, 0xAB, 0x79,
    0xCA, 0x7A, 0x04, 0x14, 0x58, 0xA1, 0x8D, 0x72, 0x54, 0xD9, 0xEB, 0x4F, 0x60, 0x1C, 0x88, 0x71,
    0xA3, 0x37, 0x41, 0x89, 0xB4, 0x7E, 0x78, 0xC3, 0xA6, 0x86, 0x68, 0xC3, 0xA8, 0xF5, 0x0C, 0x27,
    0xD5, 0x9A, 0xAB, 0xD9, 0xD5, 0x0C, 0x70, 0x01, 0xF2, 0x90, 0x10, 0xFF, 0x95, 0xC1, 0x22, 0x27,
    0x36, 0xD8, 0xC2, 0xFA, 0x55, 0x52, 0x50, 0xB3, 0x4F, 0x11, 0x52, 0xC4, 0xBF, 0x83, 0x48, 0xEF,
    0x43, 0xD8, 0x37, 0x01, 0xA8, 0x25, 0xB1, 0x75, 0xA4, 0xE8, 0x29, 0x90, 0x32, 0x8D, 0x34, 0x31,
    0x02, 0x1B, 0x1D, 0x8D, 0x82, 0x7A, 0xE5, 0x02, 0x11, 0x29, 0x97, 0x29, 0x05, 0xD6, 0xD8, 0x5C,
    0xB1, 0x6A, 0xED, 0x10, 0xE6, 0xB1, 0x66, 0xDB, 0xD8, 0x0F, 0x12, 0x38, 0x63, 0x12, 0x03, 0xAE,
    0x9A, 0xB8, 0x5D, 0xFE, 0xE3, 0x37, 0xEF, 0xEB, 0xF3, 0x7E, 0xA1, 0xA7, 0x5D, 0x8F, 0x25, 0x6B,
    0xDF, 0xE8, 0xFC, 0x8A, 0x3A, 0xF9, 0x6E, 0x17, 0xB7, 0x51, 0x4F, 0xF8, 0x07, 0xC3, 0xE8, 0xE3,
    0xAF, 0xEE, 0x74, 0xEE, 0xFE, 0x94, 0x69, 0x47, 0xD1, 0xB1, 0xE1, 0xF0, 0x71, 0x0A, 0xF4, 0xA8,
    0x7C, 0x57, 0xE4, 0x9A, 0x48, 0x3A, 0xF1, 0x26, 0x1F, 0xE1, 0x2C, 0x70, 0x28, 0x57, 0x96, 0x58,
    0x31, 0x20, 0xF5, 0x27, 0xD1, 0xAE, 0x12, 0x91, 0x06, 0xFC, 0x02, 0x48, 0x89, 0xC2, 0xA0, 0x03,
    0x77, 0x89, 0xF0, 0x3B, 0xC1, 0x93, 0x77, 0xC5, 0xCD, 0xC1, 0xDC, 0x09, 0xDC, 0x44, 0x10, 0xC0,
    0xEC, 0x0B, 0x76, 0x61, 0x6C, 0x89, 0x44, 0x9B, 0xBF, 0x6D, 0x7C, 0x3A, 0xFF, 0xB3, 0x04, 0x2A,
    0x9A, 0xEC, 0x3E, 0x17, 0xBD, 0x35, 0x7B, 0xD5, 0x8D, 0x3D, 0x1E, 0xBC, 0xD0, 0xC3, 0x6B, 0x4F,
    0x4F, 0xFA, 0x19, 0xD7, 0x56, 0x28, 0xDB, 0xAE, 0x9C, 0xDA, 0xE5, 0x87, 0xFC, 0xC2, 0x8D, 0x61,
    0x2F, 0xA0, 0x0B, 0xFB, 0x2C, 0xF5, 0x18, 0x0B, 0x47, 0x8E, 0x2D, 0xC4, 0x2B, 0xA2, 0x31, 0x2C,
    0x87, 0xE3, 0x4A, 0x80, 0xDA, 0x2C, 0x6D, 0x01, 0x94, 0xA0, 0x59, 0x48, 0xBA, 0x9C, 0x39, 0xD1,
    0xCC, 0x9F, 0xF5, 0x36, 0x27, 0x77, 0xB3, 0x97, 0x70, 0x10, 0x6F, 0x75, 0xC8, 0xF3, 0xC3, 0xC9,
    0x0B, 0xC6, 0x40, 0x86, 0x40, 0x5A, 0xC0, 0x5E, 0x02, 0x16, 0x8A, 0xC4, 0x8F, 0x10, 0x26, 0xF8,
    0x42, 0x01, 0x74, 0xF7, 0x46, 0xB6, 0x39, 0x08, 0x5F, 0x36, 0x44, 0x08, 0xE5, 0x13, 0x52, 0x5E,
    0x93, 0x3C, 0x18, 0xEE, 0x31, 0xF9, 0x9F, 0x8C, 0xDA, 0xD1, 0x3C, 0x93, 0xCE, 0x5D, 0x98, 0x6D,
    0xB1, 0xBB, 0x99, 0xA2, 0x29, 0x62, 0xEC, 0xDF, 0xD2, 0x17, 0xD8, 0x4A, 0x55, 0x20, 0x2D, 0xAA,
    0x2C, 0xEC, 0x03, 0x2E, 0xC9, 0x78, 0x44, 0x8A, 0x91, 0x04, 0x1B, 0xC7, 0x8D, 0x57, 0x84, 0xEF,
    0x8C, 0x4B, 0xA2, 0x69, 0x11, 0x21, 0x98, 0xF9, 0x0E, 0x3A, 0xDD, 0x02, 0xD4, 0xB9, 0x45, 0x0A,
    0xE7, 0x6F, 0x7E, 0x81, 0x25, 0xD3, 0xFB, 0x5F, 0xEA, 0x59, 0x90, 0x2D, 0x26, 0x8F, 0xA8, 0xD1,
    0xDE, 0x67, 0x0F, 0x21, 0xF1, 0x63, 0x70, 0x0B, 0x9C, 0x4D, 0x89, 0x95, 0xD1, 0x39, 0x08, 0xB5,
    0x24, 0x62, 0x6B, 0xE8, 0x5A, 0x47, 0xDF, 0x7E, 0x79, 0x15, 0xBA, 0x72, 0x6D, 0x77, 0x25, 0x7B,
    0x79, 0xDD, 0xBA, 0x02, 0x3E, 0x14, 0xD3, 0x46, 0x70, 0x33, 0xC7, 0x0B, 0x59, 0xC4, 0x97, 0x75,
    0xF6, 0x2D, 0xA4, 0x45, 0x09, 0x2F, 0x97, 0x38, 0xE6, 0x43, 0x01, 0x26, 0xB3, 0x77, 0x09, 0x08,
    0x91, 0xAD, 0x56, 0x0A, 0x43, 0x9E, 0x03, 0xF3, 0x51, 0xEE, 0x73, 0xD0, 0x0E, 0xE9, 0x5F, 0x52,
    0x8F, 0xC3, 0x3E, 0xC0, 0x4D, 0x28, 0x75, 0xC8, 0xAE, 0x6C, 0xBA, 0xE2, 0x49, 0x29, 0x13, 0x74,
    0xFC, 0x08, 0x2A, 0x5E, 0x53, 0x25, 0x71, 0x85, 0x62, 0x03, 0xD6, 0x65, 0x98, 0x4C, 0xE0, 0x33,
    0x33, 0x03, 0x11, 0x10, 0x73, 0x21, 0x19, 0x67, 0x88, 0xA5, 0x35, 0x60, 0xAA, 0x50, 0x3A, 0xA8,
    0x83, 0xDF, 0x79, 0x8F, 0xCF, 0x38, 0x87, 0x73, 0x0D, 0xAD, 0xC3, 0xAE, 0x14, 0x8D, 0xF7, 0x44,
    0x21, 0xE9, 0x3A, 0x51, 0x10, 0x54, 0x5B, 0x22, 0xBC, 0x93, 0x34, 0x44, 0x62, 0xA7, 0x0F, 0x6E,
    0x80, 0xF3, 0x9C, 0xBE, 0x70, 0x20, 0x4C, 0x22, 0x24, 0x39, 0xEC, 0x1C, 0x96, 0xDB, 0x03, 0x6B,
    0xB4, 0x6A, 0xE7, 0xAB, 0x65, 0x26, 0xAF, 0xC1, 0x6E, 0x4C, 0x13, 0x94, 0x5A, 0xB1, 0x0B, 0x9D,
    0x70, 0x9F, 0x80, 0x8B, 0xBB, 0x7B, 0x9D, 0x9B, 0xF3, 0x1A, 0xB4, 0xBE, 0x5A, 0x12, 0x54, 0x6A,
    0x51, 0xD2, 0x3E, 0xDB, 0x74, 0x0D, 0x36, 0x59, 0xD8, 0x44, 0xB0, 0xE6, 0xFB, 0x00, 0x72, 0xD5,
    0xA1, 0xEF, 0xB7, 0xEE, 0xD9, 0x35, 0xAC, 0xF3, 0x2A, 0x81, 0x89, 0xA7, 0x6C, 0xF8, 0x3A, 0xBB,
    0x24, 0x6E, 0x9F, 0xC7, 0x0F, 0x01, 0x87, 0x68, 0x13, 0xE9, 0x9A, 0x01, 0xF2, 0xDD, 0x98, 0xD5,
    0xC3, 0x7D, 0x73, 0x5D, 0x42, 0xCE, 0xA7, 0x96, 0xF3, 0x34, 0x77, 0x23, 0x22, 0x2F, 0xFC, 0x01,
    0x2E, 0xAD, 0xE4, 0xBA, 0x2C, 0xF6, 0x03, 0x3A, 0xE3, 0x93, 0x91, 0x4A, 0xBE, 0x8D, 0x89, 0x5F,
    0xE0, 0x8D, 0x2F, 0x3B, 0x28, 0x26, 0x4F, 0x66, 0x57, 0x0B, 0x0E, 0xF8, 0x18, 0x6D, 0x5A, 0x5B,
    0x66, 0xD4, 0xEE, 0x00, 0x1E, 0xA9, 0xA9, 0x5B, 0x54, 0x3F, 0x09, 0xB9, 0x98, 0x90, 0x42, 0xD1,
    0x5E, 0xF5, 0xB3, 0xEB, 0x5D, 0x51, 0x05, 0x67, 0x96, 0xCF, 0x3D, 0xEB, 0xE6, 0x71, 0x32, 0x7C,
    0x1A, 0x71, 0x1E, 0xDB, 0xA2, 0x39, 0xB1, 0xE9, 0x0A, 0x43, 0x5F, 0x72, 0x1D, 0xA9, 0x92, 0x1A,
    0xC2, 0x22, 0xD4, 0x58, 0x4B, 0xED, 0xC7, 0xE4, 0xB7, 0x9F, 0x90, 0xDE, 0xA2, 0x3D, 0x23, 0x6D,
    0x87, 0x78, 0xC4, 0xB0, 0xBD, 0xCF, 0x94, 0x39, 0x81, 0x2A, 0xFB, 0xD1, 0x64, 0x5C, 0xFF, 0x44,
    0xA2, 0x6E, 0xDC, 0x4E, 0x98, 0xA5, 0xE7, 0x0B, 0x91, 0x2D, 0xB1, 0x7F, 0x1E, 0x61, 0x79, 0x4B,
    0x18, 0x97, 0x15, 0xA7, 0xC5, 0xBA, 0x9A, 0x2C, 0x87, 0xA2, 0xEA, 0x3C, 0xB6, 0x9F, 0xC9, 0x6A,
    0xCC, 0x15, 0x77, 0x6B, 0x70, 0xA5, 0x7E, 0x2D, 0xBA, 0xE7, 0x37, 0x7F, 0x8F, 0xB0, 0x6A, 0xCA,
    0x46, 0xA8, 0xEF, 0x2B, 0x85, 0xF0, 0xA5, 0xD8, 0x3C, 0xD8, 0x27, 0xB4, 0xE7, 0xDC, 0xBD, 0x38,
    0xE8, 0xBB, 0xE0, 0x82, 0x2A, 0xAE, 0x17, 0x69, 0xDD, 0x65, 0xD0, 0x67, 0xE1, 0xE4, 0xA6, 0x88,
    0xBB, 0xB0, 0x3E, 0x33, 0xEE, 0xE7, 0x4B, 0xB5, 0x75, 0x51, 0x76, 0xA8, 0x7D, 0x06, 0x35, 0x92,
    0xB1, 0xBC, 0xE0, 0x2B, 0x00, 0xC6, 0x8E, 0x50, 0xC5, 0x0A, 0xEF, 0x00, 0xBA, 0xC2, 0xB8, 0xB2,
    0xBC, 0x11, 0x66, 0x57, 0x3C, 0xA5, 0x00, 0x13, 0x32, 0xE4, 0x0E, 0x08, 0x4C, 0x42, 0x83, 0x3F,
    0x8A, 0x63, 0x79, 0x73, 0xE5, 0x91, 0x55, 0x5B, 0xC9, 0x18, 0x7F, 0x21, 0x1C, 0x1C, 0xFD, 0xD1,
    0x14, 0xD1, 0x36, 0x94, 0xD4, 0x31, 0x70, 0x77, 0x18, 0xA5, 0x8D, 0xB6, 0x91, 0x68, 0x71, 0x80,
    0x1F, 0x48, 0x7D, 0x8F, 0x3A, 0x82, 0x01, 0x3B, 0x0A, 0x06, 0xAB, 0xA2, 0x5A, 0x8B, 0xA2, 0x7C,
    0x7D, 0x40, 0xEF, 0x55, 0x61, 0xC1, 0xB4, 0x2B, 0x07, 0xBA, 0xA3, 0x03, 0xA3, 0xA7, 0xFF, 0x8F,
    0x44, 0xA9, 0xD9, 0x51, 0x41, 0xF4, 0x8C, 0x31, 0x2C, 0x2B, 0x66, 0x71, 0x0F, 0x95, 0x0D, 0xA7,
    0x16, 0xA1, 0x44, 0xC6, 0x0F, 0x5A, 0x89, 0x4F, 0x74, 0x94, 0xF1, 0x6F, 0x9B, 0xFC, 0x13, 0xA9,
    0xAD, 0xA3, 0x64, 0x3D, 0xD6, 0x84, 0x39, 0x07, 0x9D, 0x49, 0x27, 0x74, 0x8B, 0xD2, 0xA0, 0x3F,
    0x83, 0x41, 0x7E, 0xA1, 0xFD, 0x59, 0x76, 0x99, 0xFE, 0xCC, 0x2B, 0x48, 0x32, 0x02, 0xB5, 0x04,
    0x5B, 0x64, 0x2D, 0x30, 0xF4, 0x2A, 0x36, 0x9F, 0x70, 0xE0, 0x3B, 0x30, 0x56, 0xFB, 0xB3, 0xDE,
    0x4A, 0x77, 0x46, 0x7F, 0xF6, 0x16, 0x4A, 0x45, 0x4C, 0x73, 0x6A, 0xB6, 0x02, 0x5A, 0x0F, 0x94,
    0xF7, 0x6A, 0x3D, 0x58, 0xA4, 0xC6, 0x19, 0xED, 0xDF, 0x19, 0x43, 0xB6, 0xC7, 0xE9, 0xEC, 0xD9,
    0xD6, 0x2D, 0x67, 0x6C, 0x76, 0x51, 0x3D, 0xD6, 0x63, 0xCF, 0x84, 0x32, 0xF3, 0x47, 0x5B, 0x81,
    0x4E, 0xD4, 0x44, 0x4A, 0xE2, 0x25, 0xAB, 0xB9, 0x2D, 0xBC, 0xB1, 0x54, 0xB6, 0x62, 0x72, 0xE2,
    0x53, 0xAF, 0x7C, 0xFD, 0x3C, 0xD6, 0xE5, 0x74, 0x84, 0x7D, 0x32, 0x93, 0x65, 0xD5, 0xD3, 0xF3,
    0xEE, 0xAC, 0x8B, 0x6D, 0x45, 0x39, 0x6E, 0xF4, 0x21, 0x82, 0xCE, 0xD5, 0x07, 0x12, 0x55, 0x25,
    0xCC, 0x98, 0xA8, 0xF3, 0x27, 0xE5, 0x3F, 0x60, 0x0D, 0xE1, 0x0A, 0x81, 0x4B, 0x1C, 0x8F, 0xB1,
    0x25, 0x0F, 0x93, 0x29, 0x12, 0x73, 0x33, 0xD1, 0x68, 0xE6, 0x2A, 0xC7, 0xB4, 0xDB, 0x08, 0xBD,
    0xB7, 0x11, 0x40, 0xFA, 0xDE, 0x16, 0xAC, 0x08, 0x69, 0x93, 0xD6, 0xC0, 0xFC, 0x26, 0xAF, 0x88,
    0xFF, 0x21, 0x71, 0xE8, 0xE9, 0x64, 0xFC, 0x69, 0x04, 0x81, 0xC0, 0x44, 0x86, 0x7B, 0x39, 0xB3,
    0x03, 0x9C, 0xCC, 0x92, 0x9E, 0x2E, 0x4F, 0x0C, 0xB5, 0x4B, 0x8B, 0x8F, 0x28, 0x93, 0x5A, 0x1A,
    0x99, 0xDF, 0x51, 0xFB, 0x8A, 0xA5, 0x7D, 0xFA, 0x4D, 0x51, 0x3E, 0x3F, 0x42, 0xD4, 0x81, 0x31,
    0x19, 0x7F, 0x40, 0xC1, 0xC0, 0xBB, 0x32, 0xB0, 0x98, 0x0D, 0x24, 0x07, 0x48, 0x20, 0x75, 0xD4,
    0x8E, 0xE9, 0x2B, 0x91, 0xC3, 0x33, 0x6A, 0x7A, 0x5B, 0x16, 0xCA, 0x46, 0x59, 0x27, 0x99, 0x13,
    0x34, 0x17, 0x83, 0xE6, 0x07, 0x13, 0xC8, 0x63, 0xC7, 0x72, 0x9F, 0x83, 0x1F, 0x58, 0xF0, 0x84,
    0x78, 0x7F, 0x78, 0x88, 0x9C, 0x28, 0xC8, 0xAE, 0xA5, 0x43, 0xD2, 0x6F, 0x42, 0x8A, 0xA3, 0xEB,
    0x1B, 0xB9, 0x2A, 0x27, 0x67, 0x4A, 0x65, 0xF9, 0xB2, 0x10, 0x97, 0x85, 0xFD, 0x80, 0x65, 0x62,
    0x23, 0x8C, 0x4B, 0xE6, 0xFD, 0xE2, 0xF2, 0xD5, 0xA4, 0x38, 0x1C, 0xC8, 0xCD, 0x06, 0xD6, 0x32,
    0xF0, 0x41, 0xF9, 0xE7, 0x9D, 0x93, 0xE0, 0x96, 0x76, 0xC4, 0x39, 0xE5, 0xF3, 0x9C, 0x82, 0xF3,
    0x3A, 0x42, 0xB9, 0x64, 0x60, 0xA5, 0x14, 0x07, 0xEF, 0x33, 0xB6, 0x8C, 0x13, 0x52, 0x2D, 0x85,
    0xB1, 0x7B, 0xC5, 0x6E, 0x47, 0xA2, 0x23, 0x5E, 0x8C, 0x37, 0x0F, 0x07, 0x6E, 0x84, 0xFB, 0x38,
    0xE0, 0x36, 0x70, 0x6F, 0x6B, 0xAC, 0xE9, 0xE1, 0x4E, 0x85, 0x8F, 0xE7, 0xF1, 0x66, 0x5E, 0xD1,
    0x3E, 0xBC, 0x5F, 0x85, 0xA4, 0x3A, 0xF1, 0x62, 0xE8, 0xDC, 0x33, 0xD0, 0xE7, 0x47, 0xEC, 0x6A,
    0xD9, 0xF1, 0xA0, 0x00, 0x1D, 0x47, 0xFD, 0x5E, 0x3B, 0xB7, 0xC6, 0x69, 0x1D, 0x13, 0xE0, 0x78,
    0xD2, 0xC6, 0x09, 0x14, 0xB2, 0x02, 0x05, 0xCD, 0xF6, 0x30, 0x91, 0x3D, 0xC3, 0x90, 0xD0, 0xB3,
    0x19, 0x60, 0x66, 0x84, 0x5A, 0x21, 0xE3, 0x1E, 0xB9, 0xFA, 0x61, 0xDA, 0x98, 0xB4, 0x62, 0x8A,
    0xC5, 0xF5, 0x48, 0xD9, 0x68, 0x83, 0xDB, 0xE4, 0x1A, 0xA3, 0x87, 0xFA, 0x7D, 0xAE, 0xBF, 0xEA,
    0xDD, 0x59, 0x02, 0x8C, 0x3C, 0xD4, 0xAA, 0x11, 0xEF, 0x6A, 0xB4, 0xE1, 0x26, 0x3C, 0x82, 0x69,
    0x11, 0xBA, 0x44, 0xD4, 0x8A, 0x7A, 0xAE, 0xD0, 0x38, 0x41, 0xF3, 0xD3, 0xBC, 0x28, 0x33, 0x74,
    0x5C, 0xB6, 0x98, 0xE4, 0x5F, 0x4B, 0x02, 0x35, 0x2A, 0xD4, 0x1A, 0xAE, 0xB5, 0x40, 0x81, 0x15,
    0x1E, 0xB8, 0xC9, 0x50, 0x20, 0x54, 0xC0, 0x76, 0xED, 0x2C, 0x8B, 0x6B, 0xB5, 0xB8, 0xA0, 0xC5,
    0xA8, 0x70, 0xFB, 0x2D, 0xCE, 0xD4, 0xD6, 0x85, 0xDD, 0xD8, 0xA7, 0x57, 0xD1, 0xE2, 0xA3, 0x4A,
    0xB5, 0x55, 0xD4, 0xCC, 0x05, 0x12, 0x5A, 0xEC, 0x42, 0xF8, 0x2C, 0xA9, 0xFB, 0x89, 0xD6, 0xFB,
    0xB1, 0xE7, 0xEF, 0x87, 0x4B, 0xDB, 0x7A, 0xCF, 0x7E, 0xF6, 0x47, 0xAB, 0xA2, 0x41, 0x3E, 0xBA,
    0x4A, 0x71, 0xFA, 0x3F, 0x1F, 0x45, 0xF7, 0xFE, 0xB6, 0x7F, 0x5B, 0x1D, 0x15, 0x29, 0x34, 0x58,
    0x61, 0x95, 0x86, 0xF2, 0xCC, 0xEC, 0xFC, 0x25, 0x0D, 0x4C, 0x2E, 0xB3, 0x08, 0x1D, 0xAC, 0xE7,
    0x4A, 0x45, 0xC0, 0x86, 0x2D, 0x18, 0x22, 0x22, 0x38, 0x7A, 0x5D, 0x02, 0xF8, 0x09, 0x0F, 0xDC,
    0x24, 0x0F, 0x06, 0x1A, 0x0B, 0x0B, 0x27, 0xE5, 0x50, 0x8A, 0x14, 0xB1, 0xFB, 0x95, 0x7C, 0x3E,
    0x68, 0xDF, 0x78, 0x02, 0x7C, 0xC5, 0x7B, 0xD7, 0x07, 0xFA, 0x0F, 0x3C, 0x26, 0xEE, 0x54, 0x27,
    0x98, 0x51, 0x04, 0x80, 0x0F, 0x26, 0x44, 0x82, 0x63, 0x9A, 0x28, 0x94, 0xE4, 0xF6, 0x07, 0xC5,
    0xCB, 0x54, 0x52, 0xDF, 0xA5, 0xC6, 0xFF, 0x73, 0xB8, 0xA0, 0x14, 0xAD, 0x3C, 0x5E, 0x59, 0x48,
    0xE2, 0x9E, 0x67, 0x49, 0x6D, 0x2B, 0x80, 0x72, 0x4B, 0xCE, 0x8F, 0xBA, 0x78, 0x82, 0x49, 0xA3,
    0xFD, 0x0D, 0x7B, 0x4F, 0x71, 0xF9, 0xCD, 0xB3, 0x51, 0x14, 0x30, 0x93, 0xBD, 0xDF, 0x70, 0x0E,
    0x1A, 0x83, 0xA8, 0x87, 0x45, 0xEC, 0x7D, 0xD0, 0x06, 0x00, 0xC8, 0x2B, 0xC9, 0xF2, 0x82, 0xFA,
    0xC0, 0x16, 0x01, 0xEF, 0x29, 0xBA, 0x4E, 0x90, 0x2F, 0x4F, 0x59, 0xD8, 0xA6, 0xE3, 0xCC, 0xD9,
    0x85, 0xDD, 0x70, 0x29, 0xC3, 0xF4, 0xFB, 0x97, 0x12, 0xA9, 0x47, 0xFA, 0x47, 0xF6, 0xA7, 0xB5,
    0x78, 0xC5, 0x09, 0x26, 0x47, 0xFC, 0xF0, 0xF2, 0x95, 0x88, 0x38, 0xD7, 0xAA, 0xA3, 0x53, 0x12,
    0xD6, 0x9C, 0xC4, 0x31, 0xD3, 0xAE, 0x13, 0x3E, 0x50, 0xBD, 0xDA, 0xDD, 0x1D, 0x63, 0x8C, 0x4E,
    0xB7, 0xA7, 0x1C, 0x1B, 0xF3, 0x92, 0xC6, 0x75, 0x85, 0x5A, 0xBE, 0xB1, 0xA5, 0xA4, 0x66, 0x84,
    0x63, 0x67, 0x85, 0xC9, 0xC9, 0x22, 0x1E, 0x1A, 0x07, 0x6D, 0xB3, 0xB4, 0x4E, 0x2A, 0x65, 0xB3,
    0x99, 0x23, 0x6E, 0x2A, 0x35, 0x44, 0x4A, 0x95, 0x2E, 0x87, 0xA7, 0x8D, 0xF4, 0x46, 0x95, 0x03,
    0xA5, 0xAF, 0x52, 0x3B, 0xC8, 0xAA, 0xEC, 0x58, 0x51, 0x4B, 0x5A, 0x0E, 0xDF, 0x38, 0xD6, 0x44,
    0x55, 0x2B, 0x62, 0xCB, 0x17, 0xD7, 0xD1, 0x4D, 0x82, 0x5B, 0x6A, 0x79, 0x5F, 0x8B, 0x89, 0x4F,
    0xC6, 0xB5, 0xD0, 0xE8, 0x51, 0xBE, 0x41, 0x11, 0xB0, 0xA8, 0x87, 0x1D, 0x23, 0xAC, 0xC5, 0xB9,
    0x96, 0x35, 0x50, 0x3E, 0xCF, 0x1C, 0xD4, 0x87, 0x24, 0xC3, 0x51, 0xAD, 0xA7, 0xCF, 0x00, 0x62,
    0x74, 0xA7, 0xD5, 0xBA, 0xC4, 0x9C, 0x39, 0xB0, 0xEA, 0x7A, 0x5C, 0x00, 0x88, 0x58, 0x04, 0x79,
    0x84, 0x40, 0xCE, 0x48, 0x86, 0x70, 0x32, 0xF0, 0xBA, 0x41, 0x6A, 0xFD, 0x81, 0xED, 0xD8, 0x02,
    0x14, 0x89, 0x10, 0x44, 0x37, 0xC9, 0xC8, 0xDD, 0x95, 0xE9, 0x20, 0xD7, 0xBF, 0xB9, 0x8E, 0x72,
    0xD8, 0x6A, 0xEC, 0x9C, 0x9F, 0x28, 0x18, 0x15, 0x1A, 0x16, 0x0E, 0x05, 0xF2, 0xEA, 0xBC, 0xF6,
    0xEB, 0xFC, 0x5E, 0x0D, 0x81, 0xC7, 0x53, 0x9E, 0xDB, 0x4B, 0xF3, 0x0E, 0xC5, 0xDD, 0x55, 0x79,
    0xF7, 0x28, 0xFC, 0xC1, 0x5C, 0x58, 0x6A, 0x8A, 0x4D, 0x49, 0x74, 0x95, 0x3D, 0x58, 0x0C, 0x59,
    0x8E, 0x53, 0x45, 0xE9, 0xCC, 0xB2, 0x83, 0x3A, 0x5E, 0x3A, 0x6C, 0xAC, 0x5C, 0x11, 0x57, 0xE2,
    0xB8, 0x18, 0xA7, 0x99, 0x2E, 0xA0, 0x3B, 0x85, 0xB5, 0x88, 0xDE, 0x81, 0x94, 0x93, 0xB2, 0x27,
    0xF9, 0x13, 0xF7, 0xF9, 0xD0, 0x3C, 0x83, 0xBC, 0xE9, 0x7D, 0x09, 0x69, 0xFD, 0x27, 0x94, 0x01,
    0x65, 0xFA, 0xC6, 0x03, 0xC8, 0xE4, 0x5D, 0xD2, 0xB6, 0xF8, 0xBE, 0xCA, 0x47, 0xB7, 0x20, 0x23,
    0xB9, 0x0E, 0x19, 0x08, 0x0F, 0x22, 0x98, 0x78, 0x12, 0xFE, 0xC8, 0xA3, 0x40, 0x44, 0x3B, 0x02,
    0xA6, 0x87, 0xE1, 0x4E, 0x83, 0x4D, 0x8E, 0x22, 0xB7, 0xAB, 0x47, 0xD2, 0x78, 0x74, 0x37, 0xC2,
    0x1C, 0xB2, 0x53, 0xD9, 0x87, 0x94, 0x03, 0x4D, 0x97, 0x9B, 0x31, 0x48, 0x8A, 0x5C, 0x4B, 0x78,
    0x06, 0xD6, 0x52, 0xA6, 0xEF, 0x50, 0xC6, 0xA3, 0x4A, 0xE2, 0xAB, 0x00, 0xAC, 0x04, 0x5D, 0x60,
    0xC7, 0x23, 0x0A, 0xDA, 0x39, 0x13, 0xAD, 0xCA, 0x7B, 0x2A, 0x35, 0x13, 0xF5, 0x88, 0xF4, 0x8C,
    0x2E, 0x53, 0x07, 0xDE, 0xF7, 0x81, 0xA3, 0x53, 0xA4, 0x38, 0x49, 0x08, 0x9F, 0xB6, 0xC0, 0x3F,
    0x56, 0x04, 0xA7, 0xDA, 0x54, 0xA9, 0x35, 0x6B, 0x6B, 0xCE, 0xF8, 0x2E, 0x99, 0x89, 0x82, 0x80,
    0xF3, 0x26, 0x6C, 0xD6, 0x07, 0xB9, 0x36, 0x5A, 0x11, 0xC0, 0xB4, 0x7B, 0x16, 0x00, 0xED, 0x47,
    0x47, 0xD4, 0x42, 0x21, 0xAE, 0xBA, 0xD8, 0x2A, 0x89, 0x1F, 0x70, 0x44, 0x86, 0x1F, 0x07, 0xC5,
    0xDB, 0x51, 0x03, 0xD7, 0x0D, 0x9E, 0x34, 0x6E, 0x29, 0x5F, 0x9A, 0x84, 0xBE, 0x98, 0xBE, 0xA3,
    0x5D, 0xE0, 0x81, 0x08, 0x62, 0xA7, 0x3C, 0x16, 0x52, 0x55, 0x7C, 0x7C, 0x29, 0x79, 0x27, 0x87,
    0x0F, 0x4C, 0xFA, 0x06, 0x6B, 0xCE, 0x7D, 0xB8, 0x3A, 0x79, 0xA3, 0x5E, 0x9A, 0x1B, 0x88, 0xD6,
    0x1D, 0xAD, 0x41, 0x6C, 0x0C, 0x1E, 0x71, 0x47, 0x9F, 0x61, 0x4A, 0x7A, 0x9F, 0x6F, 0xBC, 0xCB,
    0xB6, 0xE1, 0x0D, 0x14, 0x06, 0xD1, 0x20, 0x24, 0x08, 0x4D, 0xAC, 0x69, 0xF4, 0x03, 0x45, 0x16,
    0xB1, 0x82, 0x6B, 0xBF, 0x95, 0xB0, 0x49, 0x02, 0x26, 0x27, 0x0D, 0x63, 0xAC, 0x8D, 0x3E, 0xED,
    0xE3, 0x27, 0x43, 0xF8, 0x69, 0xE7, 0xD6, 0x39, 0xB8, 0x94, 0xAD, 0x36, 0xEA, 0x53, 0xE5, 0xE9,
    0xBD, 0x52, 0x83, 0x5E, 0xD7, 0xE8, 0x94, 0xAE, 0xC2, 0x40, 0x95, 0x71, 0x2D, 0x8A, 0x6A, 0xEA,
    0xDC, 0x82, 0x24, 0x3E, 0xCF, 0x94, 0xD0, 0x93, 0x9F, 0x7B, 0x2C, 0x13, 0xCE, 0xBA, 0x59, 0x46,
    0x8E, 0xB5, 0x34, 0xBC, 0xCF, 0x82, 0x21, 0x9D, 0x26, 0x74, 0xAF, 0x05, 0xA9, 0x3F, 0x90, 0xE3,
    0x12, 0xE1, 0x2E, 0xCF, 0xE0, 0xF8, 0x58, 0x0F, 0x17, 0xE6, 0x55, 0x8A, 0x46, 0xF4, 0xF8, 0x9A,
    0x57, 0x00, 0xD3, 0xFF, 0xD3, 0xA1, 0xD8, 0x9C, 0x6F, 0xF0, 0x17, 0x6C, 0x06, 0xC3, 0x28, 0xF5,
    0x2D, 0x2B, 0x27, 0x90, 0x68, 0xA8, 0xCA, 0xA7, 0xE6, 0xA7, 0xDE, 0xED, 0x12, 0x35, 0x55, 0x9A,
    0x35, 0x33, 0xC0, 0x42, 0xFA, 0xE9, 0x44, 0xF3, 0x75, 0xFE, 0xA0, 0x9B, 0x70, 0x9F, 0xE5, 0x4D,
    0xDE, 0xEF, 0xDC, 0xFC, 0x17, 0x8B, 0xB7, 0x61, 0xF7, 0x88, 0xC3, 0x01, 0xFC, 0xAF, 0x8E, 0x7C,
    0x66, 0x42, 0x24, 0x76, 0xA4, 0x36, 0xA4, 0x75, 0xA5, 0xBA, 0x61, 0x89, 0xB4, 0x8E, 0xD0, 0x91,
    0xCF, 0x71, 0x0E, 0xD9, 0x0F, 0xC9, 0x8F, 0x07, 0xDB, 0x78, 0xA3, 0x66, 0xB1, 0x43, 0x9D, 0xCA,
    0xC2, 0xD1, 0xFC, 0xD0, 0x2C, 0x09, 0x53, 0x31, 0xBB, 0xD4, 0x29, 0x72, 0xA2, 0x10, 0xDE, 0x2B,
    0xB5, 0x1E, 0x66, 0x4A, 0x32, 0x42, 0x75, 0x95, 0x1E, 0x0D, 0x8C, 0x3A, 0x9A, 0x1C, 0x49, 0xB4,
    0x54, 0x89, 0xC8, 0xFD, 0xA1, 0x47, 0x85, 0xE4, 0x7E, 0x5B, 0x56, 0x41, 0x8D, 0xCD, 0x4A, 0x85,
    0x49, 0xF0, 0x15, 0xCC, 0xF5, 0x51, 0xB5, 0xCD, 0xDD, 0x94, 0x7E, 0x24, 0x2C, 0xDD, 0x4C, 0x96,
    0x2C, 0xEA, 0xEB, 0x9B, 0x5A, 0xD0, 0xD4, 0xE6, 0xB4, 0xA9, 0xC9, 0x2F, 0x3A, 0x12, 0x2A, 0x93,
    0xBC, 0xDE, 0xAD, 0x57, 0xA3, 0xF9, 0x39, 0x31, 0x0E, 0x41, 0x70, 0xE3, 0x4C, 0xF3, 0xF3, 0xD3,
    0xE6, 0x9B, 0xBB, 0x89, 0xB2, 0x5B, 0x71, 0xF4, 0x76, 0x7B, 0x0F, 0x33, 0xCF, 0x22, 0xA0, 0x22,
    0x25, 0xE2, 0xD6, 0x1F, 0x11, 0xC0, 0x71, 0x8B, 0xEA, 0x09, 0x06, 0x87, 0x2F, 0x20, 0x01, 0xE0,
    0x50, 0x48, 0xB4, 0x12, 0xC0, 0x02, 0x35, 0xF6, 0x3D, 0x0D, 0xEF, 0x84, 0x18, 0xA0, 0x14, 0x70,
    0xD8, 0xFC, 0xB2, 0xF7, 0x1F, 0xEB, 0xA9, 0xBE, 0xD9, 0xC2, 0x54, 0xC0, 0x07, 0xDF, 0xA3, 0x16,
    0xA4, 0x5C, 0xD4, 0x43, 0x59, 0x0F, 0x0A, 0x18, 0x93, 0x04, 0xDA, 0x3A, 0x6E, 0xB1, 0x83, 0x92,
    0x19, 0x89, 0xE8, 0xF3, 0xBA, 0x9B, 0xC6, 0xCC, 0x5D, 0x8C, 0xDF, 0xBD, 0xB3, 0xC3, 0x52, 0xC1,
    0xDD, 0x92, 0x1A, 0x91, 0x5A, 0xD9, 0x22, 0xE8, 0x59, 0x2F, 0xBC, 0xC1, 0x7E, 0x8C, 0xE5, 0x4A,
    0xFB, 0x49, 0xAF, 0x8C, 0xA8, 0xD5, 0x43, 0x68, 0x56, 0xDF, 0x4B, 0xFB, 0x1B, 0x44, 0xD1, 0x68,
    0x4F, 0x46, 0x32, 0x41, 0xCC, 0x8F, 0x90, 0x4B, 0x65, 0x91, 0x50, 0x43, 0x4D, 0x06, 0x98, 0x30,
    0xE9, 0x0D, 0xB2, 0xDE, 0xAC, 0xD3, 0x5E, 0xDD, 0x7B, 0xAC, 0xEE, 0xA5, 0xEB, 0x5E, 0xF2, 0x16,
    0x75, 0xCB, 0x67, 0x6C, 0x03, 0xFF, 0x70, 0xCC, 0x21, 0xB7, 0xE9, 0x29, 0xDB, 0x2D, 0xCC, 0xCC,
    0x0A, 0xDE, 0xC2, 0x6F, 0x64, 0x97, 0x92, 0x23, 0xEA, 0x38, 0x05, 0x28, 0xB5, 0x95, 0x21, 0x91,
    0xE9, 0x05, 0xE8, 0xF2, 0x26, 0x5F, 0x7A, 0xC0, 0xA1, 0xCF, 0x5C, 0xC1, 0x31, 0x0B, 0x16, 0xC2,
    0x7A, 0x98, 0x80, 0x37, 0xED, 0xDC, 0x27, 0x2A, 0x9F, 0x05, 0x5D, 0x66, 0x0F, 0x83, 0xE0, 0xC0,
    0x2C, 0xFC, 0x84, 0x62, 0x44, 0x07, 0xCE, 0x93, 0x50, 0x9E, 0xD7, 0xAE, 0x04, 0xB1, 0x12, 0x26,
    0xCD, 0x5B, 0xF8, 0xCD, 0xE2, 0x59, 0xC2, 0xF0, 0x43, 0xB8, 0x61, 0xA1, 0x07, 0x7C, 0x8F, 0xD8,
    0xD2, 0x6B, 0x4F, 0xC3, 0x90, 0xF4, 0x27, 0xC7, 0xB2, 0x03, 0x6C, 0xC4, 0xFB, 0x3B, 0x3D, 0xAC,
    0xD5, 0x46, 0xD6, 0x63, 0x77, 0x43, 0x6B, 0xCA, 0x2B, 0x32, 0x53, 0xB4, 0x18, 0x27, 0x95, 0xB0,
    0xE7, 0xC5, 0xC8, 0x31, 0x50, 0x32, 0xBD, 0x67, 0x83, 0xA0, 0xCA, 0x0A, 0x6A, 0xAC, 0x44, 0x0F,
    0x06, 0x89, 0x4F, 0x06, 0x49, 0xAF, 0x0F, 0x28, 0xBA, 0x83, 0xDC, 0xC5, 0x00, 0x25, 0x14, 0x30,
    0x42, 0x14, 0xC9, 0x41, 0xD0, 0x76, 0x48, 0x85, 0xB8, 0xC0, 0x61, 0xAD, 0x86, 0xD3, 0x5B, 0x12,
    0xB8, 0x2A, 0x00, 0x56, 0x85, 0x32, 0x5C, 0xA1, 0x24, 0x57, 0x82, 0xDA, 0x89, 0xA2, 0x59, 0x09,
    0x2A, 0xE6, 0xC4, 0xC3, 0x64, 0x00, 0xE0, 0x20, 0x05, 0xE0, 0x2D, 0x24, 0xF3, 0x60, 0xC2, 0x8C,
    0x18, 0xC6, 0x8E, 0x8B, 0x22, 0xB3, 0xB0, 0x31, 0x3D, 0x6D, 0x23, 0xED, 0x0B, 0x31, 0x62, 0xD8,
    0x98, 0xC0, 0x46, 0x0B, 0x1B, 0xF3, 0x85, 0x8D, 0xDD, 0xB6, 0x8D, 0x3C, 0x46, 0x06, 0x0A, 0x03,
    0x66, 0xA3, 0x1B, 0x76, 0x79, 0xBB, 0x76, 0xDE, 0xA9, 0x24, 0x85, 0x3D, 0xD7, 0x60, 0xE7, 0x87,
    0xB8, 0xD2, 0xD6, 0x6E, 0xB6, 0xB5, 0x76, 0xB6, 0xBA, 0x34, 0xDC, 0x03, 0x23, 0x9A, 0xF1, 0x3E,
    0x23, 0x58, 0x51, 0x20, 0x6D, 0xC3, 0xD1, 0x11, 0x36, 0x1C, 0x18, 0x93, 0x99, 0x8D, 0x8A, 0x26,
    0xBA, 0x51, 0xBA, 0x34, 0x8B, 0x42, 0x1F, 0xE8, 0x14, 0x9D, 0xAC, 0xAF, 0xED, 0xC0, 0xC8, 0xBE,
    0x38, 0xF7, 0xD0, 0x5E, 0x11, 0x97, 0x19, 0xE7, 0x2C, 0xD9, 0x8A, 0xCB, 0x3B, 0x7C, 0x8C, 0xF7,
    0xF8, 0xCC, 0xE1, 0xF2, 0xA0, 0xEF, 0x40, 0x61, 0xB6, 0xB6, 0x12, 0xB0, 0xDE, 0x20, 0x96, 0x90,
    0x05, 0x25, 0x41, 0x7C, 0x65, 0xDB, 0x16, 0xCE, 0x6D, 0x4C, 0xAD, 0x60, 0xA5, 0xF6, 0x2C, 0xB4,
    0x12, 0x91, 0xAD, 0x0A, 0xFC, 0xD9, 0xCA, 0x6C, 0xB6, 0xC8, 0x65, 0xDE, 0xFE, 0x4A, 0x71, 0x86,
    0x45, 0xE7, 0x38, 0xF4, 0x5B, 0x32, 0xF5, 0x6C, 0x87, 0x5E, 0x64, 0x7E, 0x5E, 0xE0, 0x14, 0xB7,
    0xCC, 0xDF, 0xA7, 0xEB, 0x40, 0xF3, 0x77, 0xD2, 0x9E, 0xF6, 0x07, 0x9A, 0xE7, 0xCC, 0xF1, 0x10,
    0x13, 0xD0, 0x4F, 0xE1, 0x6C, 0x31, 0x86, 0x40, 0x31, 0x17, 0x64, 0x6C, 0xD5, 0xE2, 0x60, 0xCE,
    0x4B, 0x98, 0xCB, 0x77, 0xEC, 0x8C, 0x01, 0xE0, 0x51, 0x60, 0x51, 0x6B, 0x0E, 0x75, 0x08, 0xCB,
    0x90, 0x32, 0x30, 0x32, 0x24, 0x33, 0x0A, 0x05, 0x1F, 0x09, 0x5D, 0x1B, 0xEB, 0x8F, 0x37, 0x42,
    0x10, 0xFA, 0xAE, 0x94, 0x26, 0x9D, 0x4E, 0x25, 0x3B, 0xDC, 0x31, 0x21, 0xC5, 0x10, 0xCE, 0x41,
    0x9F, 0x34, 0x61, 0x07, 0xC2, 0xD4, 0x42, 0xD6, 0xC1, 0x90, 0x54, 0xDE, 0x90, 0x16, 0x78, 0x8A,
    0x49, 0xF4, 0x2B, 0x90, 0x11, 0x7C, 0x5C, 0x41, 0x8B, 0x36, 0xA7, 0xE4, 0x2B, 0x95, 0x92, 0xCB,
    0xA4, 0x27, 0xE8, 0x0C, 0xEB, 0xA1, 0x7A, 0x31, 0x29, 0xCF, 0x88, 0xED, 0x29, 0xFE, 0x51, 0x7F,
    0x6A, 0x9B, 0xC5, 0x4D, 0x09, 0x96, 0x0D, 0xD6, 0xD6, 0x8D, 0xC6, 0x7F, 0x4A, 0x84, 0xC4, 0x8B,
    0x00, 0x2B, 0x74, 0x90, 0x0E, 0x08, 0xD7, 0x18, 0x95, 0x29, 0x30, 0x73, 0x49, 0xDB, 0xCF, 0x3C,
    0xFC, 0xAC, 0x58, 0xC0, 0x9D, 0x3C, 0x4B, 0x79, 0x9E, 0x20, 0x57, 0x38, 0xCF, 0xD6, 0xD7, 0xB6,
    0x94, 0xE5, 0x0D, 0x8C, 0xDE, 0x23, 0xBD, 0x35, 0x13, 0xDB, 0xD0, 0x9C, 0xBC, 0xD7, 0xB2, 0xA4,
    0x26, 0xCA, 0xDF, 0xA6, 0xB9, 0xE9, 0x55, 0x4F, 0xBB, 0xA6, 0x83, 0x51, 0x10, 0x2B, 0xFD, 0x7C,
    0xCA, 0x73, 0x07, 0xDE, 0x10, 0x77, 0x96, 0x15, 0xAB, 0x2C, 0xC2, 0x9E, 0xC5, 0x94, 0x05, 0x2E,
    0x69, 0x12, 0xC8, 0xB4, 0x42, 0xE9, 0x42, 0xE1, 0xCA, 0x33, 0x7F, 0x80, 0x9B, 0x06, 0xA8, 0x9D,
    0xA0, 0x15, 0x8D, 0x8A, 0xB1, 0xD8, 0x5A, 0xDA, 0xBA, 0x9E, 0x82, 0x16, 0xD0, 0x00, 0xAC, 0x4F,
    0xF6, 0x6F, 0x07, 0xB7, 0x63, 0xF0, 0x6F, 0xFC, 0x0A, 0x1F, 0xD3, 0xB1, 0x27, 0xF4, 0x6A, 0x54,
    0x9C, 0xDA, 0x5B, 0xAD, 0x95, 0xDB, 0x1B, 0x4F, 0xED, 0x6D, 0xA4, 0x62, 0xDD, 0x9B, 0x72, 0x7A,
    0x4B, 0x4A, 0x92, 0xAE, 0xF7, 0x16, 0x71, 0x6F, 0xE1, 0x66, 0x6F, 0xF5, 0x72, 0x6F, 0x28, 0xE5,
    0x8D, 0x7A, 0x64, 0x00, 0xB6, 0x36, 0xFD, 0x1C, 0x0A, 0x11, 0x18, 0x00, 0xF6, 0x86, 0x72, 0xCC,
    0x43, 0x8B, 0x1B, 0x5B, 0x60, 0x6F, 0x59, 0xD8, 0x96, 0xF0, 0x11, 0x02, 0x69, 0x18, 0xDD, 0xDE,
    0x10, 0x66, 0x26, 0xE7, 0x91, 0xB5, 0xCA, 0x65, 0x75, 0x5F, 0xB6, 0x70, 0x47, 0x36, 0xCD, 0x7B,
    0xC3, 0xED, 0xB0, 0xB9, 0x8B, 0xA5, 0xC5, 0x84, 0xF5, 0x16, 0x6E, 0xB7, 0xE7, 0x8D, 0x12, 0xC5,
    0x9B, 0x55, 0x3E, 0x21, 0x89, 0x2E, 0x7F, 0x79, 0xBA, 0x2B, 0x9C, 0x07, 0x79, 0x93, 0xF2, 0xA7,
    0x5F, 0x74, 0x0B, 0xDD, 0x67, 0x34, 0x9F, 0x00, 0x96, 0x7C, 0xAE, 0x97, 0x07, 0x53, 0x5E, 0xED,
    0xD6, 0x43, 0x34, 0x3A, 0xFA, 0x19, 0x77, 0x19, 0xF0, 0xE9, 0x8F, 0x6C, 0x3E, 0x3B, 0xCF, 0x80,
    0x20, 0xFA, 0xA9, 0xCF, 0x7C, 0x77, 0xD5, 0xB9, 0x9A, 0x9D, 0x4F, 0xFA, 0xB7, 0xF5, 0xDE, 0x96,
    0x48, 0x66, 0xC6, 0x74, 0x86, 0x90, 0x63, 0x0A, 0x96, 0x5C, 0x41, 0x3B, 0x84, 0x7A, 0x75, 0x9D,
    0x85, 0xF0, 0x16, 0x2B, 0xE2, 0xC9, 0x4A, 0xF0, 0xA7, 0x3E, 0xD0, 0x29, 0x5A, 0xFF, 0xF8, 0x9A,
    0xCB, 0x20, 0xCD, 0xA5, 0x99, 0x39, 0x6E, 0x96, 0x5C, 0x14, 0xA0, 0xA5, 0x00, 0x7B, 0x81, 0x60,
    0x71, 0x16, 0x74, 0xB5, 0xE2, 0x4D, 0x7C, 0x20, 0xAB, 0x6F, 0x7A, 0xCF, 0x3D, 0xC5, 0x3C, 0x40,
    0xEA, 0x66, 0xEC, 0x9C, 0x9C, 0x76, 0x48, 0xF3, 0xD8, 0x7B, 0xB2, 0x80, 0x94, 0xD5, 0xD0, 0xB8,
    0x4A, 0xDD, 0x31, 0x05, 0xCA, 0x91, 0xB8, 0x71, 0xCE, 0x99, 0xF4, 0x03, 0xDE, 0x6A, 0xDC, 0x47,
    0x81, 0xB8, 0x72, 0xCB, 0xF1, 0xF3, 0x15, 0xE6, 0xF0, 0x63, 0x62, 0xFD, 0x24, 0xC6, 0x2F, 0xC9,
    0x8C, 0x7C, 0xF2, 0x53, 0xD4, 0x44, 0x40, 0xAA, 0x64, 0xC1, 0x80, 0x3B, 0xDE, 0xA4, 0xED, 0x64,
    0x8C, 0x20, 0xB2, 0x9F, 0x35, 0x46, 0x11, 0x0D, 0x2F, 0x66, 0x6C, 0x45, 0x99, 0x42, 0x8E, 0x09,
    0x93, 0x41, 0xF1, 0x41, 0xF9, 0x1E, 0x77, 0x00, 0xB6, 0x15, 0x8C, 0x01, 0x40, 0xB5, 0xF7, 0x84,
    0xE8, 0x22, 0x03, 0xA0, 0xD0, 0x2A, 0x90, 0xAC, 0x85, 0xA6, 0x1D, 0x91, 0xCD, 0x28, 0xF7, 0x91,
    0x22, 0x6D, 0x40, 0x90, 0x01, 0xAE, 0xE1, 0x60, 0x6B, 0x7F, 0x04, 0xCF, 0x66, 0x04, 0xE5, 0x84,
    0xD4, 0xDE, 0x25, 0x4C, 0xE9, 0xA0, 0x99, 0x84, 0x36, 0xEC, 0x53, 0x01, 0x99, 0x16, 0xB4, 0x38,
    0xDA, 0x5C, 0x6E, 0xC6, 0x01, 0xC9, 0xDE, 0xC8, 0x7A, 0x81, 0x25, 0x49, 0xAE, 0x41, 0x63, 0xC3,
    0x21, 0x00, 0x9A, 0x8E, 0x5C, 0x51, 0xE8, 0xC1, 0xFC, 0x4E, 0xED, 0xF6, 0xC1, 0x3E, 0x72, 0x21,
    0xB0, 0x05, 0xEC, 0x23, 0x27, 0x0C, 0x08, 0xBC, 0xE0, 0x4F, 0xDC, 0x07, 0x22, 0xC2, 0xC4, 0x1D,
    0x38, 0x64, 0x42, 0x9E, 0x8E, 0xA4, 0xCD, 0x2B, 0xB5, 0x54, 0x1B, 0x84, 0xB4, 0x0E, 0x70, 0xAE,
    0x1E, 0xDF, 0x2D, 0xB5, 0x50, 0xB6, 0xAB, 0x41, 0x4B, 0xB9, 0x0B, 0xEE, 0x86, 0x73, 0x61, 0xE9,
    0xF0, 0xFF, 0xC5, 0x55, 0x3D, 0x8F, 0xDD, 0xC6, 0x15, 0xBD, 0x24, 0xA1, 0x25, 0xA0, 0x81, 0x35,
    0x8D, 0x9B, 0x40, 0xB0, 0xD8, 0xA4, 0x48, 0xB1, 0x5A, 0xB6, 0x2A, 0xBC, 0x22, 0xE3, 0x46, 0xA5,
    0x54, 0x28, 0x75, 0x54, 0xA8, 0x30, 0x0C, 0x04, 0x4A, 0xA1, 0x22, 0x85, 0x9F, 0x48, 0x28, 0x40,
    0x5C, 0xB8, 0xD8, 0xFD, 0x07, 0xDA, 0xC2, 0x45, 0x90, 0x46, 0x2E, 0x15, 0xC0, 0x2B, 0x12, 0x69,
    0x53, 0x88, 0xD1, 0x1F, 0x30, 0x0D, 0xFF, 0x00, 0x31, 0x00, 0x8D, 0xD0, 0x30, 0xC9, 0xC9, 0x39,
    0x33, 0xE4, 0xDB, 0xB7, 0xAB, 0xB7, 0x86, 0xF6, 0xED, 0xAE, 0xF4, 0xF6, 0xCD, 0xEC, 0xE3, 0x70,
    0xE6, 0xCE, 0x39, 0xF7, 0xE3, 0x5C, 0x09, 0x07, 0x11, 0xD1, 0x23, 0x27, 0x83, 0x29, 0x36, 0xA9,
    0x48, 0xF2, 0x3C, 0xC7, 0xF4, 0xC7, 0x52, 0xA4, 0xD0, 0x95, 0x88, 0xD1, 0xB5, 0x78, 0xA3, 0x6A,
    0xC4, 0x1F, 0xC2, 0x56, 0x82, 0x3E, 0xE8, 0x25, 0x34, 0xA6, 0x17, 0x65, 0xCC, 0x88, 0x53, 0xC6,
    0x48, 0x54, 0x8B, 0x91, 0xB8, 0x92, 0x22, 0x4F, 0x4A, 0x49, 0xCA, 0x2C, 0x97, 0x04, 0xE7, 0xF8,
    0xF1, 0x5A, 0x4C, 0x38, 0x30, 0x4D, 0x7C, 0xF4, 0x4D, 0x1D, 0x99, 0x5E, 0x9B, 0xF1, 0x8A, 0x87,
    0x1B, 0xCD, 0x96, 0x31, 0x89, 0x31, 0xC5, 0x3E, 0xCC, 0xD8, 0xAF, 0x6F, 0x0A, 0xAC, 0x8C, 0x85,
    0x6E, 0x13, 0x1A, 0x58, 0x60, 0x8B, 0xFD, 0x2E, 0x9C, 0x41, 0x09, 0x3B, 0x4C, 0x8A, 0x80, 0xC5,
    0x6E, 0x78, 0x42, 0xB3, 0x5C, 0xF3, 0x6A, 0x99, 0xB7, 0xF0, 0xAD, 0x32, 0x33, 0xA7, 0xC8, 0x90,
    0xCE, 0xF3, 0x92, 0x9C, 0x00, 0x2B, 0x03, 0x1D, 0x70, 0x6A, 0x44, 0x46, 0xD0, 0xF1, 0x87, 0xA0,
    0x73, 0x9C, 0x02, 0x63, 0x86, 0x15, 0x4E, 0xD8, 0x50, 0xA4, 0x71, 0x2D, 0x59, 0xE9, 0x38, 0x95,
    0x24, 0x28, 0x0E, 0x4D, 0x29, 0xDA, 0x7E, 0x01, 0xE0, 0x53, 0xAE, 0xBD, 0x13, 0x25, 0x93, 0xA9,
    0x8E, 0x88, 0xA3, 0x5C, 0xBC, 0xFB, 0xB7, 0x81, 0xAD, 0x7F, 0x01, 0x7F, 0x17, 0xE4, 0xA8, 0x01,
    0xF0, 0xC0, 0xCF, 0x27, 0xF8, 0x9A, 0x9E, 0xD2, 0x83, 0x8D, 0x06, 0x59, 0x72, 0x4B, 0x06, 0x9F,
    0x4A, 0x11, 0x83, 0x83, 0x89, 0x2A, 0x44, 0x03, 0x1C, 0xFC, 0x1E, 0x10, 0x83, 0x5E, 0xB5, 0x70,
    0x09, 0x38, 0x28, 0x86, 0x44, 0x93, 0x43, 0x44, 0x0E, 0x08, 0x80, 0x01, 0x6C, 0x70, 0xC0, 0xC9,
    0xAC, 0x44, 0x58, 0xF1, 0x20, 0x3E, 0x58, 0x87, 0x78, 0x73, 0x37, 0xF5, 0x7F, 0xA9, 0x24, 0xFC,
    0x57, 0x23, 0x57, 0xE5, 0xA1, 0x4C, 0x14, 0x70, 0x90, 0x16, 0x46, 0xB1, 0x2C, 0x70, 0x1C, 0x3C,
    0x04, 0x44, 0x04, 0x4C, 0x64, 0xF9, 0xE7, 0xE3, 0xD9, 0xAE, 0x67, 0x42, 0x3E, 0x74, 0xBF, 0x44,
    0xBF, 0xBF, 0x0F, 0xBB, 0xAF, 0x2C, 0xE4, 0x25, 0xA1, 0x07, 0x97, 0x4F, 0x88, 0x39, 0x11, 0x33,
    0xD6, 0xAF, 0x90, 0x00, 0xF1, 0x21, 0x2E, 0xC6, 0xD3, 0xC1, 0x96, 0xBB, 0x37, 0x1E, 0xC5, 0x33,
    0x08, 0x95, 0x01, 0xB3, 0x7B, 0x11, 0x88, 0xC3, 0xFA, 0x23, 0xD3, 0x20, 0xCC, 0x8D, 0xFA, 0x59,
    0x37, 0x47, 0x7F, 0x71, 0x83, 0xAB, 0xB0, 0xFE, 0x3F, 0x44, 0xFC, 0xAF, 0xD8, 0x27, 0x87, 0x3C,
    0x5E, 0x58, 0xE4, 0xA0, 0x35, 0xDC, 0x9A, 0xF2, 0xE8, 0x36, 0x22, 0x2E, 0x0F, 0xBD, 0xFD, 0x89,
    0x95, 0x1A, 0x8E, 0x12, 0xEC, 0xA8, 0x72, 0xB0, 0x25, 0x73, 0x95, 0x33, 0x65, 0x99, 0x37, 0x80,
    0x90, 0xDF, 0xCF, 0x59, 0x16, 0x92, 0x90, 0x5E, 0xAD, 0x9C, 0x22, 0x05, 0xB5, 0xCC, 0x55, 0x4E,
    0x91, 0xDB, 0x2C, 0x43, 0x8A, 0x08, 0xBC, 0x22, 0x3E, 0x38, 0xEF, 0x89, 0x0D, 0xD5, 0x6B, 0x86,
    0xEA, 0xF3, 0x73, 0x85, 0x0A, 0x07, 0x80, 0x29, 0x81, 0x4B, 0xDC, 0xC7, 0x27, 0x81, 0xD0, 0x12,
    0xD8, 0xC3, 0xDA, 0x2E, 0x93, 0xE3, 0x92, 0x13, 0x70, 0xF8, 0x28, 0x30, 0x7D, 0xF0, 0xB4, 0xB5,
    0xD5, 0x5B, 0xCA, 0xD8, 0x04, 0xD5, 0x54, 0xD7, 0x67, 0x28, 0x21, 0xEF, 0x9B, 0xD9, 0xFB, 0x11,
    0x7D, 0x9E, 0x1D, 0x0F, 0xCB, 0xFB, 0x17, 0x34, 0x31, 0xA9, 0x6F, 0x2A, 0xF5, 0x63, 0x1B, 0xA5,
    0xDF, 0x9D, 0x55, 0x0C, 0x8E, 0xEB, 0x5B, 0x04, 0xAC, 0xB2, 0x8B, 0xB1, 0xFD, 0xF8, 0x5B, 0x91,
    0x1D, 0x06, 0x44, 0x1B, 0xE6, 0x01, 0x49, 0xD8, 0x4F, 0x60, 0x6C, 0xCC, 0x52, 0xBE, 0x00, 0x27,
    0xFD, 0x06, 0x9C, 0xE2, 0x57, 0xD8, 0x92, 0xBC, 0x62, 0x6C, 0xBF, 0xC6, 0x89, 0xE2, 0x0E, 0x30,
    0x19, 0x04, 0xC4, 0x1B, 0x01, 0xD1, 0x1F, 0xBC, 0x81, 0xD2, 0x66, 0x48, 0xD1, 0x90, 0xA2, 0x49,
    0x11, 0xB6, 0xA4, 0x04, 0xC5, 0xA4, 0x04, 0xC5, 0xB8, 0x06, 0x45, 0xAC, 0x84, 0x98, 0x53, 0xF9,
    0x44, 0x54, 0xFA, 0x97, 0xD0, 0xB4, 0x52, 0x54, 0xBF, 0x16, 0x97, 0x6A, 0x1D, 0x9B, 0xC0, 0x0A,
    0x30, 0x93, 0x68, 0xFB, 0x16, 0xE0, 0xC7, 0xEF, 0x08, 0x3F, 0x5A, 0x0B, 0x1F, 0xCE, 0x1D, 0xFD,
    0xB5, 0xF0, 0x73, 0x07, 0xBF, 0x39, 0x0E, 0x1F, 0x87, 0xBE, 0x94, 0x73, 0xC1, 0xB7, 0xA1, 0xA4,
    0x11, 0x37, 0xDD, 0xFA, 0x01, 0x26, 0x76, 0x43, 0x56, 0x23, 0x2B, 0xC6, 0xF6, 0x94, 0xA3, 0xEE,
    0xA2, 0x5D, 0x77, 0x49, 0xE7, 0xEE, 0xF2, 0x8C, 0xDD, 0x65, 0x0F, 0x9B, 0x8B, 0xBB, 0xAC, 0x7B,
    0x75, 0xD4, 0x5D, 0xFA, 0x95, 0xBA, 0x57, 0xB6, 0xB1, 0xD8, 0x04, 0x83, 0xD6, 0xE4, 0x80, 0x9F,
    0x1C, 0x75, 0x97, 0x5A, 0xD0, 0x14, 0xAE, 0x23, 0xB3, 0x45, 0xFF, 0x89, 0x1C, 0x3C, 0xF3, 0x16,
    0x07, 0xE6, 0x49, 0x31, 0x73, 0x28, 0x58, 0xDD, 0xC7, 0x38, 0xC4, 0x12, 0xD6, 0x7F, 0x26, 0x2C,
    0xDC, 0xBE, 0x1D, 0xCD, 0x65, 0xBE, 0xCD, 0x90, 0x44, 0x9F, 0x2D, 0x83, 0x31, 0xA6, 0xC7, 0x04,
    0x6C, 0x5C, 0x0A, 0x58, 0xC1, 0x4A, 0x79, 0x34, 0x0B, 0x98, 0x61, 0xA5, 0x8C, 0x4E, 0xC0, 0x58,
    0xE6, 0xE1, 0x24, 0x60, 0x73, 0x99, 0x4F, 0x95, 0x02, 0xD8, 0x26, 0x05, 0x87, 0x2C, 0xCF, 0x26,
    0x01, 0x43, 0xA5, 0xFC, 0xF3, 0x23, 0x1F, 0x65, 0xFE, 0x37, 0x5B, 0x2A, 0xE5, 0x4D, 0xFC, 0x96,
    0xAC, 0x3E, 0x73, 0x99, 0x7F, 0xCC, 0xCE, 0xB4, 0xEB, 0xF5, 0xAC, 0xE1, 0x76, 0x12, 0x2F, 0xEF,
    0x65, 0xBA, 0x1A, 0x05, 0xB5, 0x12, 0x05, 0x16, 0x02, 0xD5, 0x37, 0x79, 0x86, 0x7D, 0xD9, 0x5D,
    0x66, 0x92, 0x6E, 0x19, 0x85, 0x1E, 0x0C, 0x58, 0x08, 0x7D, 0x30, 0x1E, 0x65, 0x52, 0xCA, 0x50,
    0x94, 0x60, 0x97, 0xD9, 0x42, 0xA8, 0x11, 0x8A, 0xA8, 0x61, 0x26, 0xB5, 0xA7, 0x96, 0xB9, 0x4E,
    0x13, 0x65, 0xC6, 0x80, 0x64, 0xF6, 0xCF, 0x92, 0x59, 0xF1, 0x89, 0x32, 0x37, 0xA6, 0xB3, 0xDF,
    0xD6, 0xCC, 0x6B, 0xFC, 0x9A, 0x66, 0xFA, 0xAE, 0x2E, 0x72, 0xBD, 0x75, 0xFB, 0x1D, 0x08, 0x9B,
    0x4D, 0xFC, 0xE1, 0x21, 0xC1, 0x35, 0xA0, 0xC4, 0xB8, 0x2C, 0xCB, 0x8B, 0xB4, 0x90, 0x24, 0x27,
    0xA3, 0xE5, 0x98, 0x3A, 0x58, 0x56, 0x6D, 0xD9, 0x3D, 0xA0, 0x8B, 0x33, 0x9D, 0x23, 0x47, 0x99,
    0x49, 0x4A, 0x37, 0xAC, 0xE4, 0x88, 0xEE, 0x6C, 0x22, 0x40, 0x91, 0x9E, 0x88, 0x0F, 0xE5, 0xB0,
    0xD1, 0xDA, 0x18, 0x28, 0xAE, 0x46, 0x4D, 0x30, 0x5E, 0x01, 0xC2, 0x10, 0xE2, 0x3F, 0xFB, 0xC6,
    0x8D, 0xC9, 0xB3, 0x1B, 0x22, 0x57, 0xF9, 0xE3, 0xA4, 0x6D, 0x33, 0xD3, 0xBC, 0xC8, 0xEA, 0x6F,
    0x75, 0xBE, 0x31, 0x3E, 0xBF, 0xDB, 0xC1, 0xFD, 0x6C, 0x52, 0xBD, 0xDC, 0x0C, 0xEB, 0xB7, 0x31,
    0x95, 0x13, 0xA6, 0x7F, 0x14, 0xEF, 0xE0, 0xCD, 0xB0, 0xF6, 0xFE, 0xA0, 0xF3, 0xC0, 0xDC, 0xB6,
    0x5A, 0x16, 0xDF, 0xA9, 0xE5, 0xB7, 0xF2, 0xC0, 0xDA, 0x4C, 0x50, 0x21, 0x6E, 0x0C, 0x4B, 0x67,
    0x2F, 0x07, 0xEE, 0x5A, 0x8E, 0x93, 0xEF, 0xEC, 0xFB, 0x61, 0x79, 0x1E, 0xE8, 0x3A, 0xEB, 0x48,
    0xB3, 0x97, 0xFB, 0xBF, 0xD4, 0x12, 0xFE, 0xA7, 0x95, 0xAB, 0xF2, 0xF9, 0xB9, 0x7C, 0xC9, 0x36,
    0x95, 0x5C, 0xB9, 0x27, 0xEA, 0x19, 0x92, 0x3B, 0x79, 0x29, 0xD2, 0x23, 0x0D, 0xF6, 0x7D, 0x57,
    0x5B, 0x8C, 0xA1, 0x1B, 0x2D, 0x1D, 0x77, 0x7C, 0x40, 0x5A, 0x96, 0xE3, 0xE4, 0x3B, 0xFB, 0xBE,
    0x9D, 0xCF, 0xB3, 0x9F, 0x31, 0xF5, 0xD5, 0x1E, 0x2B, 0x18, 0x77, 0x2C, 0x70, 0xC7, 0xC1, 0x56,
    0x6E, 0xEF, 0xB8, 0x3E, 0x70, 0x6F, 0xE9, 0xC3, 0x4E, 0xD8, 0xA9, 0x56, 0x35, 0x41, 0x07, 0x35,
    0xE9, 0x97, 0x03, 0x69, 0x43, 0x09, 0x0D, 0x07, 0x79, 0xC0, 0x3D, 0x10, 0xBA, 0x46, 0xAE, 0x53,
    0x68, 0x6F, 0x13, 0x39, 0x70, 0x86, 0x69, 0x60, 0x6E, 0x8A, 0x7A, 0x93, 0xC3, 0xE7, 0x95, 0xFC,
    0x4E, 0x0E, 0x2E, 0xD8, 0xE7, 0x4C, 0x30, 0x0A, 0xA0, 0x57, 0x89, 0xF9, 0x3A, 0xBD, 0x28, 0xBF,
    0x47, 0xA6, 0x4E, 0x28, 0x54, 0x12, 0xB0, 0x17, 0x48, 0xB4, 0x57, 0xEE, 0xFA, 0xCD, 0xE6, 0x95,
    0x36, 0x68, 0xA8, 0x10, 0x44, 0xED, 0xE9, 0x54, 0xD7, 0x09, 0x15, 0x1B, 0x22, 0x51, 0xED, 0xCC,
    0xBD, 0x6A, 0x63, 0xA4, 0xDE, 0xDF, 0x21, 0x93, 0xEC, 0x6D, 0x99, 0xAA, 0x1F, 0x7A, 0x07, 0xE7,
    0x51, 0x83, 0x55, 0xD9, 0x12, 0xC4, 0x10, 0xC2, 0x29, 0xEA, 0xC7, 0x16, 0xCA, 0x73, 0x78, 0x2E,
    0x88, 0xEB, 0xA4, 0x2C, 0xA9, 0x93, 0xCE, 0xEB, 0xBD, 0x4E, 0xD7, 0x8A, 0x0A, 0x84, 0x4F, 0x36,
    0xE8, 0x66, 0xFD, 0x5F, 0x36, 0xD8, 0xF7, 0x79, 0xD1, 0x04, 0x4D, 0xD8, 0x44, 0xF9, 0x35, 0x7A,
    0xB0, 0x3C, 0xFD, 0xEF, 0x5D, 0xAC, 0x11, 0x04, 0xF7, 0x46, 0xE9, 0xC2, 0x98, 0x85, 0x05, 0x70,
    0xF4, 0x11, 0xBB, 0xF6, 0x68, 0x64, 0xEF, 0x80, 0x0F, 0x98, 0xE8, 0x12, 0xB7, 0x68, 0x64, 0x00,
    0x6F, 0xA4, 0x48, 0xF1, 0x85, 0x81, 0x2C, 0x37, 0xC4, 0xF1, 0xF6, 0x44, 0xDF, 0x60, 0x8B, 0xDD,
    0x6C, 0x8F, 0x59, 0x03, 0x01, 0x4D, 0x59, 0xA3, 0xEE, 0x13, 0x56, 0xCC, 0xDE, 0x66, 0x9E, 0xF8,
    0xE8, 0x15, 0xFB, 0xD6, 0xC1, 0xCC, 0xEC, 0xAC, 0x34, 0xCE, 0xC1, 0xD6, 0xE6, 0xD1, 0xE0, 0x1A,
    0xDF, 0x39, 0x07, 0xF7, 0xF6, 0xCC, 0x29, 0xBD, 0xC2, 0xB5, 0x0B, 0xB1, 0x0D, 0xC3, 0xB6, 0x0C,
    0x40, 0xC3, 0xF0, 0x7B, 0x4E, 0xCD, 0x8C, 0xE3, 0x72, 0x69, 0xFE, 0x6A, 0x7F, 0xD9, 0x98, 0x2D,
    0xE4, 0xEA, 0xCA, 0xBD, 0x5D, 0xF0, 0xEC, 0x5B, 0x27, 0x8B, 0xF2, 0x5D, 0x0C, 0xCA, 0xB3, 0x68,
    0x5D, 0x2A, 0x29, 0xBF, 0xB5, 0xC1, 0x32, 0x7B, 0x10, 0x9B, 0x0A, 0x62, 0xD3, 0xAC, 0x88, 0xCD,
    0x66, 0x84, 0x16, 0x96, 0x12, 0x54, 0xDE, 0x49, 0xB0, 0x23, 0x74, 0x18, 0xBD, 0x1F, 0x42, 0x4F,
    0x26, 0xF5, 0x0F, 0xFF, 0x8D, 0x54, 0x89, 0x0F, 0x4F, 0xA8, 0xFF, 0xCF, 0x56, 0xFD, 0xB9, 0x3B,
    0xEC, 0xB5, 0x53, 0xFF, 0x26, 0xE8, 0x57, 0x07, 0xD7, 0xF8, 0x6E, 0x52, 0xFF, 0xD2, 0x9E, 0x11,
    0x69, 0x39, 0x91, 0x8C, 0xDC, 0xE4, 0xB4, 0xCD, 0x54, 0x44, 0x0A, 0x24, 0x03, 0xA9, 0xBD, 0xB7,
    0x58, 0x45, 0xB8, 0x23, 0x42, 0x61, 0xF9, 0x8C, 0x97, 0xD8, 0x78, 0xBD, 0x3E, 0x7F, 0xBC, 0xD0,
    0x6F, 0x6A, 0xB6, 0x21, 0x18, 0x7E, 0x1C, 0x93, 0xC5, 0x7D, 0xFA, 0x8F, 0x17, 0x46, 0xCF, 0xF1,
    0xB8, 0xF0, 0x6B, 0x59, 0xF9, 0x5C, 0x1E, 0xBD, 0xE1, 0x1A, 0x0C, 0x63, 0xE5, 0x69, 0x7B, 0xBC,
    0xAB, 0xD4, 0x8B, 0x95, 0xAE, 0xB2, 0x29, 0x45, 0xEA, 0x43, 0xCC, 0x00, 0x3E, 0xA1, 0xA4, 0xF7,
    0xA8, 0x5B, 0x6F, 0x7F, 0x6B, 0xFF, 0xBD, 0x68, 0xC6, 0x3A, 0x69, 0xB4, 0xB2, 0x86, 0x0C, 0x0B,
    0x7F, 0xEA, 0x44, 0xE7, 0x8B, 0xF3, 0x0A, 0xC8, 0x1A, 0xB9, 0xA4, 0xF7, 0x48, 0x40, 0x3C, 0xE6,
    0x68, 0x40, 0x9F, 0xCE, 0x29, 0x0A, 0xAC, 0x63, 0x3A, 0x82, 0xF0, 0x4F, 0x03, 0xF0, 0x9A, 0x0E,
    0xC8, 0x4D, 0x43, 0x0E, 0x64, 0x73, 0x2A, 0xD7, 0x69, 0xB2, 0x5B, 0x4E, 0x10, 0xF6, 0x27, 0xC2,
    0xB8, 0x2D, 0xE8, 0x67, 0x9A, 0x36, 0x95, 0x16, 0xF2, 0x05, 0xC1, 0x14, 0x00, 0x5A, 0x19, 0x6C,
    0x1E, 0x07, 0xD0, 0x33, 0x1D, 0xF9, 0x95, 0x42, 0x32, 0x62, 0x9C, 0xAB, 0x8F, 0x4D, 0xF6, 0x05,
    0x69, 0x0A, 0x79, 0x5A, 0xA2, 0x34, 0x40, 0xE8, 0xF9, 0x4C, 0x4D, 0x35, 0xB3, 0xF6, 0x4F, 0xE9,
    0x7F, 0x99, 0xB4, 0x14, 0xFB, 0x8E, 0x75, 0xA4, 0xEB, 0x3B, 0x2A, 0xBF, 0x58, 0x5A, 0x2E, 0x84,
    0x64, 0x14, 0xF5, 0x4B, 0xA5, 0xE1, 0x14, 0x72, 0x2D, 0x28, 0x2F, 0x3F, 0x6E, 0xEE, 0x02, 0x7A,
    0x97, 0x4B, 0xB6, 0xBF, 0xD9, 0x06, 0x67, 0x3B, 0x9C, 0xEC, 0x48, 0xC6, 0x3D, 0x19, 0xE0, 0xD6,
    0xC5, 0x92, 0x6F, 0x4B, 0x32, 0xF9, 0x59, 0xF9, 0x32, 0x61, 0x23, 0x81, 0xE9, 0xE2, 0x87, 0x9A,
    0x72, 0x5C, 0x89, 0xF7, 0x5F, 0x78, 0xCD, 0xAB, 0x76, 0x2E, 0x9D, 0xA5, 0xDF, 0xED, 0x10, 0x06,
    0xE2, 0xC8, 0x3A, 0x93, 0x6B, 0x5B, 0xF5, 0x17, 0x72, 0x4A, 0x18, 0xAB, 0x0D, 0xC3, 0x78, 0xE9,
    0x31, 0xF2, 0x58, 0xC9, 0xB6, 0xCA, 0xEC, 0xE4, 0x39, 0xB1, 0xCC, 0xD6, 0xA4, 0xE3, 0xE6, 0xE1,
    0x59, 0x2A, 0x8A, 0x95, 0x13, 0x37, 0xF1, 0xD1, 0xE0, 0xCE, 0xB3, 0x8E, 0x22, 0x0D, 0xBB, 0xAC,
    0x8A, 0x1A, 0xDC, 0x51, 0x2B, 0x63, 0x72, 0xAF, 0xE8, 0xD6, 0x2A, 0xD6, 0x49, 0xA5, 0x5B, 0x3F,
    0xC8, 0xC8, 0x94, 0x85, 0x31, 0x65, 0x62, 0xDE, 0x94, 0x6A, 0xD0, 0xAE, 0x34, 0x16, 0xD6, 0xF3,
    0x6E, 0xCC, 0xDD, 0xA2, 0xC8, 0x5D, 0x2E, 0x33, 0x95, 0x99, 0xC9, 0xD4, 0xA3, 0x1B, 0x73, 0x90,
    0x2E, 0x90, 0x87, 0xBD, 0x17, 0x30, 0x08, 0x25, 0x2A, 0x9D, 0x40, 0x7C, 0x3A, 0xBF, 0x3A, 0x2B,
    0xA7, 0x02, 0x9C, 0x58, 0x71, 0x34, 0xEA, 0x02, 0xEC, 0x84, 0xCE, 0x5A, 0x16, 0xF9, 0xCD, 0x1C,
    0x1C, 0xB6, 0x25, 0x60, 0xB2, 0x4C, 0x46, 0xCE, 0x08, 0x1E, 0xE7, 0x86, 0xF3, 0xE0, 0x18, 0x9E,
    0x65, 0x26, 0x3B, 0x64, 0x51, 0x45, 0x0D, 0x8A, 0x6D, 0xC6, 0x91, 0x23, 0xF3, 0xA1, 0x5B, 0x22,
    0xB1, 0xAA, 0x9E, 0xE4, 0x56, 0x70, 0x35, 0xA5, 0x41, 0xD7, 0x20, 0xF0, 0x3D, 0x32, 0x2E, 0x31,
    0xA4, 0x62, 0xC8, 0xB7, 0x5D, 0x9B, 0x6A, 0xD3, 0x94, 0xB1, 0x0E, 0xA8, 0x90, 0xE0, 0x8A, 0xFD,
    0xCF, 0x4A, 0xB1, 0x11, 0x74, 0x3C, 0x1D, 0x67, 0x77, 0x81, 0x68, 0x5B, 0x4E, 0xDE, 0xFE, 0x07,
    0xA1, 0x6B, 0xD5, 0xDE, 0x1F, 0x96, 0x75, 0x75, 0x35, 0xBF, 0x50, 0xBA, 0x2B, 0xF9, 0x89, 0xB9,
    0x96, 0x59, 0x6E, 0x9D, 0xDE, 0x3A, 0xC1, 0x85, 0x42, 0x7E, 0x98, 0x48, 0x9F, 0xDE, 0x07, 0xB8,
    0x76, 0xC3, 0x25, 0xC1, 0x79, 0x3D, 0xF1, 0xFD, 0xEC, 0x89, 0x17, 0x21, 0xFC, 0xEB, 0x9B, 0xBB,
    0x98, 0x03, 0x6A, 0x90, 0xA8, 0xAF, 0x46, 0xCE, 0xF2, 0xE2, 0x83, 0xB0, 0xB7, 0xFD, 0x41, 0xB3,
    0x3F, 0x44, 0x14, 0xC3, 0x4F, 0xC2, 0xFA, 0xEA, 0xFE, 0x29, 0x74, 0xBB, 0x0D, 0x03, 0xFF, 0x21,
    0xC2, 0xE9, 0xA4, 0xDC, 0xC9, 0xF8, 0x34, 0x47, 0x53, 0x3B, 0xB9, 0x90, 0x70, 0x1E, 0x4F, 0xEC,
    0xC5, 0xB2, 0x96, 0xCD, 0xF2, 0x91, 0xB9, 0x1E, 0x57, 0x4E, 0xCB, 0x3C, 0x56, 0xFB, 0xC7, 0x93,
    0x33, 0xFC, 0x21, 0x29, 0x83, 0x3E, 0xAE, 0x54, 0xAB, 0x1B, 0xDD, 0xA8, 0x36, 0xAE, 0x82, 0x3E,
    0x29, 0xBD, 0xA1, 0x40, 0x43, 0x40, 0x26, 0x64, 0xD8, 0x0B, 0x57, 0x0B, 0xD9, 0xE9, 0xD3, 0x87,
    0x67, 0x26, 0x62, 0x0A, 0xFC, 0xBD, 0x6F, 0x26, 0xDB, 0xAA, 0xC9, 0x72, 0xDD, 0x24, 0x65, 0x54,
    0xC5, 0x65, 0x5C, 0xEA, 0x3A, 0xC9, 0x55, 0x93, 0xA4, 0x61, 0x53, 0x48, 0xD0, 0x8D, 0xE2, 0xF7,
    0xF0, 0xF6, 0x48, 0x3F, 0xD2, 0x7F, 0xB0, 0x93, 0x34, 0x0E, 0x23, 0xEB, 0x8F, 0x22, 0x04, 0x9B,
    0x09, 0x20, 0x24, 0x84, 0x50, 0x5D, 0x1C, 0x56, 0xFB, 0x09, 0xAB, 0xA3, 0x67, 0xFC, 0x4E, 0xF2,
    0xB0, 0x4D, 0x4A, 0xD5, 0x44, 0x95, 0xAE, 0x75, 0x1D, 0xE1, 0x57, 0x5C, 0x86, 0xC0, 0x1A, 0x74,
    0x09, 0x70, 0x16, 0x22, 0x33, 0xD6, 0x0C, 0xF6, 0x11, 0x1A, 0x89, 0x71, 0x2E, 0xAA, 0x9D, 0x4C,
    0x12, 0x6F, 0x76, 0xA7, 0x8A, 0x8C, 0x6E, 0xE2, 0x1E, 0xA3, 0x86, 0x41, 0xBE, 0x8B, 0xE9, 0xE7,
    0x69, 0x84, 0xBC, 0x67, 0x4A, 0xC0, 0xDC, 0x1F, 0xC9, 0x23, 0xAA, 0x1D, 0x8F, 0xB0, 0x9B, 0x78,
    0x8C, 0x67, 0xE4, 0x11, 0xF3, 0x8E, 0xCE, 0xC5, 0xD3, 0xEB, 0x9C, 0xEF, 0xC3, 0xDC, 0x69, 0x78,
    0x49, 0x8B, 0x61, 0x1B, 0x55, 0x0A, 0x37, 0xE8, 0x9A, 0xCC, 0x82, 0x36, 0xE6, 0x6A, 0xEE, 0xF5,
    0x99, 0xC8, 0x00, 0x4E, 0x2F, 0x87, 0xC9, 0xB9, 0xBC, 0xAB, 0x9D, 0xEC, 0xD6, 0x13, 0x9F, 0x12,
    0x15, 0x88, 0x9F, 0x83, 0xA3, 0x29, 0xBB, 0x3E, 0x32, 0xEE, 0xAB, 0xD2, 0x47, 0x6A, 0x07, 0xAF,
    0x91, 0xF8, 0xE5, 0x97, 0x17, 0x9A, 0x3F, 0x32, 0xAA, 0x94, 0xFA, 0x13, 0xE2, 0x8C, 0xFA, 0xAC,
    0xBB, 0x94, 0xFC, 0xF9, 0x3F, 0xAD, 0x55, 0x05, 0x90, 0x24, 0x3D, 0x15, 0xFE, 0x7A, 0x72, 0xB7,
    0x4D, 0xD1, 0x55, 0x04, 0x77, 0x68, 0xDC, 0xA1, 0x71, 0xDD, 0xDD, 0xA4, 0x70, 0x87, 0x12, 0xDC,
    0xAD, 0x04, 0x77, 0xDD, 0xD9, 0x6E, 0xBC, 0xFC, 0xD0, 0x52, 0xDC, 0x9D, 0x72, 0x6C, 0x6E, 0x3B,
    0xBB, 0x8B, 0x6B, 0x5F, 0x51, 0x6E, 0x34, 0xEE, 0x90, 0xA3, 0x52, 0x5C, 0xAA, 0x2E, 0x33, 0x8F,
    0x97, 0xF4, 0xF4, 0xCE, 0x2E, 0xF3, 0xFB, 0xFF, 0xBF, 0xCE, 0xFB, 0xDE, 0xCB, 0xFB, 0xBE, 0x24,
    0x6F, 0x2C, 0x43, 0xE1, 0xD8, 0xB3, 0xB2, 0x30, 0x0E, 0xBA, 0x5C, 0x0C, 0xD2, 0x5C, 0x53, 0x83,
    0xC8, 0xF2, 0x00, 0x30, 0x24, 0xD2, 0x48, 0x53, 0x35, 0x4A, 0xD7, 0x68, 0x51, 0x99, 0xCA, 0x28,
    0xAD, 0xB0, 0x8B, 0x19, 0x64, 0x57, 0x2E, 0x67, 0xDB, 0xCC, 0xD4, 0x50, 0xBA, 0x6A, 0xA4, 0x89,
    0x8F, 0x97, 0x07, 0xAE, 0x7A, 0xB7, 0x53, 0x8F, 0xB1, 0x75, 0x61, 0x5B, 0xD9, 0x57, 0x87, 0xBE,
    0x3A, 0x74, 0xEA, 0x11, 0x56, 0xE5, 0xFD, 0x6E, 0xD1, 0xCD, 0x58, 0x73, 0x2E, 0x94, 0x07, 0xA1,
    0xE4, 0xFA, 0xBB, 0xAD, 0x12, 0x76, 0x3B, 0xEF, 0x58, 0xC6, 0x62, 0x5E, 0xC2, 0x0B, 0xE5, 0xBE,
    0xE3, 0x4D, 0xB2, 0x00, 0x0C, 0xC3, 0x03, 0xDF, 0x46, 0x4B, 0x9E, 0xC7, 0xCB, 0xE6, 0x2F, 0x45,
    0xC0, 0x65, 0x8F, 0x89, 0x47, 0xE6, 0xE2, 0x80, 0xC5, 0x97, 0xFF, 0xFB, 0xA9, 0xE5, 0xCB, 0xB1,
    0xB1, 0x32, 0x50, 0xB0, 0x18, 0x8A, 0xCC, 0x0E, 0xF5, 0x81, 0x2A, 0xBB, 0xDA, 0x8D, 0x9F, 0x42,
    0xED, 0xCA, 0x0E, 0x30, 0xF0, 0x20, 0x4D, 0x3D, 0xCD, 0xC9, 0x51, 0x13, 0xD0, 0x01, 0x98, 0x12,
    0x4D, 0xA7, 0x8C, 0x20, 0x1E, 0x9C, 0x4C, 0x33, 0x27, 0x7A, 0x12, 0xA1, 0xB0, 0x09, 0xD2, 0x34,
    0x6A, 0x0A, 0x0F, 0x69, 0x00, 0x28, 0x42, 0xA9, 0x01, 0xD4, 0xA4, 0x15, 0x00, 0xCC, 0xCB, 0x66,
    0x16, 0x63, 0x90, 0xC6, 0x0F, 0xF1, 0xC0, 0x0E, 0xF1, 0x47, 0xFD, 0xC0, 0x9F, 0x39, 0xF0, 0x68,
    0x9B, 0x9A, 0x5E, 0x70, 0x86, 0x04, 0x59, 0x45, 0xAA, 0xFA, 0xE6, 0x63, 0x2E, 0xB8, 0xC2, 0x9F,
    0x55, 0xF2, 0x57, 0xFB, 0x1E, 0x08, 0x1C, 0x4D, 0xC0, 0xC4, 0x0D, 0x51, 0xD8, 0x21, 0xCA, 0x2E,
    0x46, 0x8F, 0xD2, 0x94, 0xDF, 0x7C, 0xFF, 0xEF, 0x1C, 0x94, 0x96, 0x71, 0x3D, 0x6A, 0x4C, 0xE2,
    0x7E, 0x63, 0x3F, 0xAB, 0x8E, 0x52, 0x4F, 0xDB, 0xC0, 0x70, 0xAA, 0x99, 0x01, 0xAB, 0xBE, 0xC6,
    0xCE, 0xC6, 0xEC, 0xB0, 0x1F, 0x75, 0xBF, 0x4A, 0xDD, 0x15, 0xFD, 0x51, 0x7F, 0x21, 0x76, 0x48,
    0x8F, 0xB9, 0xE8, 0xDA, 0x79, 0xE1, 0xA7, 0xDC, 0xC3, 0xB9, 0x10, 0xD4, 0xD8, 0x25, 0x67, 0x13,
    0x37, 0x66, 0xC2, 0x8E, 0x59, 0xD1, 0x8D, 0xD9, 0xB2, 0xDB, 0xDD, 0xBD, 0xB1, 0x5F, 0x15, 0x8E,
    0x3A, 0xEE, 0x85, 0xCB, 0xAD, 0x34, 0x65, 0xA3, 0xB0, 0x83, 0x97, 0x42, 0xB8, 0x1A, 0x79, 0x3F,
    0x87, 0xDC, 0xF7, 0xA8, 0x1E, 0x61, 0xB1, 0x5D, 0x18, 0xCC, 0xA4, 0x8E, 0x75, 0xD9, 0x31, 0x51,
    0x1A, 0x66, 0x54, 0xA4, 0xA6, 0x91, 0xF3, 0x4C, 0x3E, 0xDC, 0xA2, 0x46, 0xA5, 0xA5, 0xC9, 0x3B,
    0x61, 0xE1, 0xF0, 0x52, 0x56, 0x46, 0x41, 0xDA, 0x23, 0xEF, 0x67, 0x98, 0xD8, 0x6D, 0xC0, 0x97,
    0xA8, 0xF9, 0x2B, 0x19, 0x89, 0xBD, 0xC8, 0xA8, 0x48, 0xC9, 0x86, 0xB9, 0xC2, 0x30, 0x29, 0xFA,
    0xE1, 0x5B, 0x22, 0x02, 0xF2, 0xAF, 0x43, 0x4A, 0xDC, 0xBA, 0xD0, 0x9B, 0xC2, 0xEC, 0x4C, 0x3A,
    0xE8, 0xCC, 0x0B, 0x2F, 0xAD, 0x32, 0xAD, 0x26, 0x28, 0x23, 0xFB, 0xDC, 0x4F, 0x02, 0x3E, 0x90,
    0xA1, 0xD2, 0x95, 0x91, 0x56, 0x84, 0x6C, 0x81, 0xF4, 0xB5, 0xA8, 0x3A, 0xD5, 0x6C, 0xE0, 0x14,
    0xEF, 0xA2, 0xEF, 0x29, 0xC2, 0xA4, 0x53, 0x8F, 0xE0, 0x62, 0x79, 0xCE, 0x29, 0x93, 0x7B, 0x10,
    0xB2, 0x45, 0x1E, 0x80, 0xFA, 0x93, 0x3D, 0xA6, 0x25, 0xBD, 0xD3, 0x51, 0xBE, 0x10, 0x21, 0x41,
    0x9A, 0x26, 0x22, 0x9B, 0xB3, 0x24, 0x77, 0x20, 0xA4, 0x65, 0x69, 0x83, 0x5B, 0xC5, 0xAD, 0x62,
    0x6B, 0xF1, 0x90, 0xCB, 0x1D, 0x48, 0xC6, 0x5F, 0xD0, 0x61, 0xCA, 0x49, 0xD6, 0xFE, 0x01, 0x15,
    0x2D, 0xD8, 0x49, 0x5F, 0x27, 0xD4, 0x0D, 0x82, 0x32, 0xEC, 0x1C, 0x09, 0xA0, 0x39, 0xBB, 0x65,
    0x6F, 0x80, 0x05, 0xA2, 0xAF, 0x6C, 0x0A, 0x80, 0x92, 0xA7, 0x9C, 0x88, 0xCC, 0xE8, 0xD7, 0x05,
    0xAE, 0xFB, 0x46, 0xE0, 0xFE, 0xF7, 0x00, 0xAC, 0x6C, 0x72, 0x33, 0x21, 0x02, 0x5E, 0xE3, 0x80,
    0xEA, 0x0F, 0x88, 0x79, 0xF1, 0x81, 0x5B, 0x98, 0x7B, 0x02, 0xF6, 0xFE, 0xAC, 0x89, 0x5A, 0xC0,
    0x62, 0xD2, 0x41, 0x18, 0x14, 0x1A, 0x12, 0xB8, 0x15, 0xB0, 0x09, 0xBC, 0x15, 0xAB, 0xF7, 0xFC,
    0xE3, 0xCB, 0xF7, 0xFC, 0x1E, 0xC2, 0x3C, 0x98, 0x95, 0xC0, 0x59, 0x00, 0xAB, 0xB0, 0x93, 0xF0,
    0x03, 0x3B, 0xA7, 0x63, 0xA0, 0xBD, 0x45, 0x0A, 0x44, 0x31, 0x3C, 0x9D, 0x3E, 0x1A, 0xC3, 0x84,
    0x9A, 0x18, 0xF2, 0x7F, 0x77, 0x31, 0xC8, 0x1F, 0xD9, 0x18, 0xCA, 0x77, 0xC7, 0xB0, 0x9B, 0x65,
    0x3A, 0x70, 0x00, 0xC0, 0x61, 0x2B, 0x85, 0xA7, 0x6E, 0x6D, 0xE0, 0x03, 0xB3, 0x9B, 0xB6, 0x7B,
    0x04, 0x5A, 0xCC, 0x89, 0x28, 0x23, 0x5A, 0x3C, 0x9B, 0x3E, 0x8F, 0xE7, 0xD0, 0xE7, 0x33, 0x6A,
    0x20, 0x08, 0xE2, 0x62, 0x87, 0xE2, 0x37, 0x46, 0xFE, 0xDA, 0xA2, 0xFC, 0x59, 0xCF, 0xF7, 0x1D,
    0xAA, 0x47, 0xF4, 0x99, 0x6E, 0x30, 0x99, 0x80, 0x42, 0x7C, 0x00, 0x69, 0x80, 0x0A, 0x47, 0x7B,
    0x67, 0x1E, 0x10, 0x16, 0xC8, 0xBB, 0x25, 0xA5, 0x01, 0xB5, 0x7C, 0x15, 0x23, 0xD5, 0x0F, 0x54,
    0xD9, 0xAC, 0x28, 0xB2, 0xF1, 0x09, 0x38, 0xFE, 0xAC, 0xD7, 0x86, 0x4A, 0xEB, 0x5A, 0x57, 0x3B,
    0x71, 0xE2, 0x59, 0xAF, 0xD5, 0xA9, 0x76, 0x6D, 0xFA, 0x40, 0x4E, 0x4D, 0x4B, 0xBE, 0x26, 0x5B,
    0xD3, 0x5C, 0x91, 0x7F, 0x48, 0x46, 0x77, 0xC9, 0x03, 0x40, 0x10, 0x8C, 0x8B, 0x88, 0x62, 0x0E,
    0xE9, 0x20, 0x3D, 0x54, 0x0F, 0xD5, 0x81, 0x1A, 0xB4, 0x7A, 0x32, 0x07, 0xE6, 0x10, 0x0E, 0x60,
    0xDE, 0xE2, 0xB8, 0x0D, 0x37, 0xA9, 0x08, 0xAB, 0x31, 0x54, 0x6E, 0x41, 0x1F, 0x50, 0x86, 0x8F,
    0x52, 0x26, 0x9E, 0x64, 0xF8, 0x20, 0x65, 0x80, 0x04, 0x0B, 0x06, 0xC1, 0x35, 0x94, 0xCC, 0x42,
    0x75, 0x0C, 0x04, 0x86, 0x30, 0xC2, 0x89, 0xDD, 0x4B, 0x2D, 0x62, 0x2D, 0x41, 0x9A, 0x52, 0xD6,
    0x3A, 0x90, 0x24, 0x02, 0x15, 0x44, 0x0D, 0x09, 0x5D, 0x1B, 0x02, 0xD4, 0x11, 0x90, 0x26, 0x88,
    0x05, 0x08, 0xD2, 0x33, 0x54, 0x1D, 0x83, 0xD2, 0x11, 0x70, 0xE2, 0xDB, 0x5C, 0xA6, 0x9A, 0x19,
    0x60, 0x98, 0x2E, 0x6D, 0xB1, 0xFC, 0x4B, 0x11, 0x16, 0xB2, 0x47, 0x69, 0xE2, 0xF2, 0x36, 0xBD,
    0x03, 0x1E, 0x79, 0xAA, 0x11, 0xFD, 0x01, 0x51, 0x67, 0x89, 0x34, 0x7B, 0xC3, 0x6E, 0xD6, 0x3D,
    0x71, 0xB0, 0xE4, 0x61, 0xCF, 0x6B, 0x58, 0x8B, 0xCB, 0xF5, 0x68, 0x1B, 0x44, 0xA6, 0x62, 0x57,
    0xEC, 0x2D, 0x1D, 0x1A, 0x5A, 0xF7, 0x54, 0x57, 0x4B, 0x5D, 0xD4, 0x8F, 0xFD, 0x10, 0x11, 0x2E,
    0xA3, 0x9F, 0x26, 0xF2, 0x51, 0x17, 0xF5, 0x50, 0x1A, 0xA8, 0x90, 0xFC, 0x0E, 0x65, 0xA6, 0xD5,
    0xBF, 0xDB, 0x46, 0xB1, 0xE6, 0xC6, 0xED, 0x5F, 0x35, 0xA8, 0xC3, 0xE4, 0xA2, 0x45, 0xFE, 0x9F,
    0x80, 0xBC, 0x0F, 0x40, 0xF3, 0x54, 0x4C, 0x41, 0x20, 0xC6, 0x93, 0x36, 0xC7, 0x1E, 0x6A, 0x28,
    0x54, 0x90, 0x3A, 0xFE, 0xE4, 0x05, 0x11, 0xE2, 0x15, 0x10, 0xAF, 0x82, 0xD7, 0xA6, 0x9F, 0xFB,
    0x55, 0xB7, 0xB8, 0xF6, 0xB5, 0xEB, 0xD7, 0xCA, 0xFF, 0x75, 0xBE, 0xA1, 0x15, 0x0D, 0x9D, 0xDF,
    0xA8, 0xFD, 0x23, 0x52, 0xE7, 0x17, 0x2C, 0xF2, 0xF3, 0xB1, 0x73, 0x0F, 0x68, 0x0D, 0xDC, 0x3C,
    0x6A, 0x57, 0x6B, 0xB6, 0x5F, 0x70, 0x8B, 0xA8, 0x4F, 0x8E, 0xD6, 0x00, 0xD4, 0x43, 0x5C, 0x70,
    0x28, 0x78, 0x4D, 0xD6, 0x39, 0x44, 0x2B, 0x75, 0x50, 0xFB, 0x4E, 0x1D, 0xD8, 0xF2, 0x11, 0x3D,
    0x0A, 0x03, 0x69, 0xB8, 0x04, 0xC5, 0x8B, 0x81, 0x19, 0xE0, 0xD3, 0xB7, 0xDE, 0x42, 0x30, 0xB9,
    0xEF, 0xE4, 0xBB, 0x43, 0xF9, 0x88, 0xA0, 0x32, 0xB7, 0x41, 0x7F, 0x7B, 0x2A, 0x76, 0x2A, 0x62,
    0xF3, 0xD3, 0xD3, 0x2D, 0x91, 0xB5, 0xC0, 0x2B, 0x16, 0xFA, 0x52, 0x2F, 0xC2, 0x4D, 0xE0, 0xD4,
    0xE6, 0x29, 0xDC, 0x6B, 0x73, 0x0B, 0xE5, 0x74, 0x8E, 0x82, 0x2C, 0x04, 0x75, 0x47, 0x97, 0x6B,
    0xCC, 0x25, 0x79, 0x54, 0x9B, 0x7B, 0xB8, 0xD6, 0xE6, 0x4D, 0x11, 0xF5, 0xAB, 0xDF, 0x1B, 0x27,
    0xE3, 0xCD, 0x4C, 0x71, 0xAC, 0x7D, 0x38, 0xC7, 0x94, 0xC2, 0xED, 0x95, 0x87, 0x36, 0xEF, 0x83,
    0x7A, 0x42, 0xBC, 0xBB, 0x76, 0xA5, 0xE1, 0xDB, 0x2B, 0x54, 0xD8, 0x96, 0xFB, 0x76, 0x0B, 0xB3,
    0x52, 0x74, 0x3E, 0xE9, 0xC1, 0xF2, 0x11, 0xC6, 0xFD, 0x8F, 0x4E, 0xC9, 0x3B, 0x02, 0xA4, 0x4D,
    0x90, 0xA6, 0xC0, 0xBA, 0xAD, 0xEF, 0x72, 0x39, 0x6B, 0x2F, 0xF3, 0xDC, 0xCB, 0xEB, 0x60, 0x4A,
    0xC4, 0x71, 0xB4, 0x34, 0x2B, 0x35, 0xA0, 0x4C, 0xF2, 0x98, 0xAF, 0xEF, 0x22, 0x7A, 0x42, 0x61,
    0xA3, 0xC7, 0x7C, 0x4D, 0xB0, 0xB6, 0x3E, 0x60, 0x80, 0xBC, 0x0B, 0x79, 0x27, 0x6D, 0x90, 0x36,
    0x41, 0x9A, 0xAE, 0xD8, 0x04, 0xC4, 0x16, 0x56, 0x70, 0x45, 0xD7, 0xA6, 0xBE, 0xC7, 0x30, 0xC4,
    0xD1, 0x71, 0x04, 0xFF, 0x03, 0xAD, 0x92, 0x41, 0x6E, 0x13, 0x31, 0x14, 0x86, 0xFF, 0x74, 0x4A,
    0x06, 0x69, 0x16, 0xDE, 0x13, 0x24, 0xEF, 0x11, 0xC2, 0x17, 0x08, 0xF1, 0x88, 0x5B, 0x70, 0x04,
    0xEE, 0x90, 0xE2, 0xB9, 0x01, 0x39, 0x02, 0x0B, 0x16, 0x55, 0x4E, 0xD0, 0x05, 0x89, 0x7D, 0x84,
    0x1E, 0x61, 0x16, 0xAC, 0xBA, 0xB2, 0x88, 0x51, 0x5D, 0xC9, 0xF6, 0xE3, 0x39, 0x65, 0x68, 0x01,
    0x51, 0x24, 0x54, 0xFF, 0xBF, 0xA3, 0xE7, 0xF7, 0x9C, 0x27, 0xCD, 0xFB, 0xDC, 0x8D, 0xD0, 0x09,
    0xB6, 0x20, 0x6B, 0xA4, 0xC9, 0x1C, 0x73, 0x86, 0xF3, 0x9D, 0x47, 0xF8, 0x88, 0x30, 0x2D, 0x58,
    0x80, 0xD0, 0x10, 0x3A, 0x03, 0xA9, 0xB1, 0xD4, 0x28, 0x76, 0x20, 0x72, 0x6C, 0x68, 0xB0, 0x4D,
    0xAE, 0xDE, 0x9F, 0xE3, 0x02, 0xB0, 0xA1, 0x36, 0x81, 0xA9, 0xF9, 0x2B, 0x02, 0x71, 0xE9, 0x0B,
    0xF0, 0x16, 0x1D, 0x41, 0x11, 0x4C, 0x8F, 0x3D, 0x90, 0x0B, 0x88, 0x86, 0x2C, 0x5C, 0x12, 0xCE,
    0x5A, 0xA7, 0xA9, 0xEF, 0x6E, 0xB0, 0xDD, 0x12, 0x2F, 0xAC, 0xB0, 0x46, 0x9A, 0x85, 0xC6, 0xB7,
    0x97, 0xC2, 0xC9, 0xE1, 0x19, 0x9E, 0x6C, 0xA0, 0x33, 0x88, 0x90, 0x34, 0x76, 0x1A, 0x2A, 0x41,
    0x15, 0xEC, 0xD4, 0xC0, 0xFF, 0x25, 0xEB, 0x0C, 0xF5, 0xF2, 0x06, 0xF3, 0x5E, 0x47, 0x9B, 0xB3,
    0x49, 0x3A, 0x19, 0x4B, 0xCA, 0x60, 0xFF, 0x22, 0xE9, 0xA8, 0x2F, 0x1B, 0xD7, 0x38, 0x4A, 0x94,
    0x1A, 0x37, 0x45, 0x55, 0x40, 0xFD, 0x15, 0x78, 0x8D, 0x35, 0x2E, 0x10, 0x58, 0xFE, 0xA8, 0xC0,
    0xA7, 0x35, 0x67, 0x25, 0x6F, 0x01, 0xD1, 0xB7, 0x43, 0xE3, 0x26, 0xB5, 0xAE, 0x1D, 0x44, 0x5F,
    0x2B, 0x87, 0x48, 0x25, 0x4A, 0x2F, 0x26, 0xCD, 0x37, 0x50, 0xB1, 0x7E, 0xFF, 0xEE, 0x3D, 0xD2,
    0xAF, 0xD3, 0x34, 0xB7, 0xD3, 0x1C, 0x31, 0x4B, 0x6D, 0x52, 0x69, 0x95, 0x4E, 0x13, 0xEE, 0xA9,
    0xCD, 0x50, 0x34, 0x48, 0xEB, 0x4E, 0x85, 0x83, 0x1C, 0x60, 0xF8, 0x1E, 0x5A, 0x0F, 0x75, 0x35,
    0x68, 0x72, 0xEC, 0xD9, 0x27, 0x48, 0xEA, 0x15, 0xB9, 0xA7, 0xC7, 0x0B, 0x4D, 0x01, 0xFB, 0xC4,
    0x0E, 0x10, 0x6E, 0x55, 0xC7, 0x36, 0x2C, 0x32, 0x1E, 0x01, 0xCE, 0xBB, 0xFF, 0x87, 0x33, 0xFF,
    0x17, 0x9C, 0xC5, 0x7D, 0x38, 0x99, 0xE1, 0xBC, 0xFA, 0x0B, 0x9C, 0xED, 0xF9, 0x43, 0x70, 0xC2,
    0x4F, 0x38, 0xE2, 0x41, 0x38, 0x32, 0xAA, 0x02, 0xA5, 0xC8, 0xDA, 0xA8, 0x88, 0xF4, 0x87, 0x2E,
    0x42, 0x13, 0xA2, 0xE8, 0x89, 0xFA, 0xB2, 0xED, 0x13, 0xEA, 0xB1, 0x2B, 0x58, 0x84, 0x0A, 0x27,
    0xC9, 0x5A, 0x62, 0x73, 0xA0, 0x0B, 0xBA, 0x80, 0x33, 0xE1, 0x94, 0x82, 0xC8, 0x68, 0x22, 0xDA,
    0x08, 0xB1, 0x83, 0x96, 0xF8, 0xCC, 0xC9, 0xD1, 0x54, 0x58, 0x54, 0xB8, 0xAF, 0xC9, 0x32, 0x78,
    0x54, 0x5D, 0x1F, 0x9F, 0x42, 0x10, 0x7E, 0x12, 0xF0, 0xC3, 0x1A, 0x3E, 0xE1, 0x30, 0x82, 0x1C,
    0x68, 0xC4, 0xB7, 0x00, 0x7F, 0x06, 0xAF, 0xE0, 0xEF, 0xD6, 0x21, 0x1A, 0xC6, 0x44, 0x63, 0x94,
    0x6F, 0xBC, 0x17, 0xB3, 0x3F, 0xF6, 0xEF, 0xCF, 0xEC, 0x6B, 0x1D, 0x73, 0x1F, 0xA5, 0xF3, 0xA2,
    0x9A, 0x03, 0x3E, 0x5E, 0x67, 0x78, 0xDC, 0x59, 0x46, 0x93, 0xD6, 0x50, 0x9B, 0x93, 0x88, 0xA5,
    0x4D, 0x66, 0x7C, 0x8E, 0x97, 0xB0, 0x9E, 0xFC, 0x12, 0xB7, 0xD2, 0xDC, 0xE8, 0x3B, 0x8D, 0x95,
    0x37, 0xB0, 0xE6, 0x48, 0x15, 0x85, 0x8F, 0x7E, 0xCD, 0x3E, 0x01, 0xAA, 0xDA, 0xC6, 0x7B, 0x50,
    0x8E, 0x53, 0x88, 0xFB, 0x6B, 0x6E, 0x53, 0x9B, 0xE3, 0x49, 0xF0, 0x79, 0x82, 0xF7, 0x46, 0xC2,
    0x67, 0xF8, 0x9C, 0x3C, 0xC0, 0x7B, 0xAB, 0x1E, 0x04, 0x09, 0xEE, 0xA9, 0x0A, 0xEF, 0x85, 0xF7,
    0xD0, 0xCB, 0x68, 0xEB, 0x69, 0x76, 0x5A, 0x3A, 0x7B, 0x75, 0xEB, 0xD9, 0xB5, 0xA3, 0xEE, 0xEF,
    0x2B, 0xDD, 0xEE, 0x23, 0x57, 0xA5, 0x96, 0x76, 0x1C, 0xE1, 0x18, 0x21, 0x1C, 0xD1, 0x04, 0x80,
    0x50, 0x1C, 0xC3, 0x19, 0x11, 0xDD, 0x87, 0xB6, 0x79, 0x86, 0x4A, 0xD9, 0x29, 0xD0, 0x31, 0x18,
    0x0C, 0xA7, 0xEC, 0xFA, 0x80, 0xBC, 0x6F, 0xF1, 0x2A, 0xB6, 0x39, 0x19, 0x1D, 0x39, 0x08, 0x5D,
    0x68, 0x0E, 0x6F, 0x46, 0xF7, 0x9C, 0xC7, 0x81, 0x37, 0x3F, 0x09, 0x7C, 0xDC, 0x1E, 0x7C, 0x92,
    0xB2, 0x7F, 0x9A, 0xF2, 0x7A, 0x74, 0xF3, 0x67, 0x20, 0x53, 0x44, 0xBD, 0x5E, 0x0F, 0x25, 0x19,
    0xB2, 0x8D, 0xBF, 0xFD, 0x19, 0xD9, 0x8F, 0x03, 0xB2, 0x77, 0x79, 0xE8, 0x04, 0xB6, 0xEB, 0x39,
    0xD2, 0xD7, 0xD3, 0x01, 0x24, 0x00, 0x4D, 0x0B, 0x74, 0x76, 0x8F, 0xDF, 0x0F, 0x74, 0xFF, 0x53,
    0xD8, 0xD2, 0x4D, 0xB0, 0xFB, 0x7C, 0x4E, 0x44, 0xB3, 0xDD, 0xEB, 0xEF, 0x23, 0x1C, 0xD9, 0x16,
    0x0A, 0x9A, 0xDB, 0x6D, 0xFF, 0x18, 0xAF, 0x31, 0x5C, 0x80, 0x3C, 0xE1, 0xC2, 0x38, 0x19, 0x8C,
    0xF3, 0x63, 0x78, 0xD5, 0x35, 0xEC, 0x48, 0x14, 0x5C, 0x51, 0x4E, 0x97, 0xCE, 0x65, 0xA3, 0x71,
    0xB7, 0xF5, 0x08, 0xBB, 0x6F, 0x92, 0xE1, 0x04, 0x00, 0x6F, 0x57, 0x80, 0xAF, 0x98, 0x23, 0x90,
    0xEA, 0x3F, 0x72, 0xC4, 0x4A, 0x72, 0x81, 0x8A, 0x04, 0xAF, 0x68, 0x03, 0x41, 0x6F, 0x46, 0x77,
    0x77, 0xCE, 0xCC, 0xB9, 0xB9, 0x30, 0xBB, 0x33, 0xE3, 0x29, 0x00, 0x80, 0xBD, 0xF9, 0x1B, 0x9B,
    0x64, 0x10, 0xC8, 0xA8, 0xC4, 0x63, 0x26, 0xE5, 0x1B, 0x02, 0x92, 0x71, 0x43, 0x9E, 0xA2, 0x75,
    0x75, 0xAE, 0x2E, 0x3B, 0x48, 0x41, 0x48, 0xAE, 0xEC, 0x94, 0x4C, 0x01, 0xC1, 0x15, 0x00, 0x39,
    0x6C, 0x9A, 0x54, 0xE5, 0xAC, 0xCA, 0x53, 0xB5, 0xA9, 0xDE, 0x24, 0xDB, 0x58, 0x97, 0xC8, 0xAB,
    0x54, 0xFD, 0x58, 0xB5, 0x82, 0x20, 0xEE, 0x56, 0x9A, 0x03, 0x64, 0x53, 0x35, 0x73, 0xF5, 0x00,
    0xC8, 0xD1, 0x3C, 0xE1, 0xF8, 0xE4, 0x76, 0xE2, 0x65, 0x33, 0xD9, 0x32, 0xBF, 0x9D, 0x04, 0xCB,
    0xA3, 0x94, 0x81, 0xFC, 0xD3, 0x02, 0xF5, 0xBB, 0xD8, 0xAA, 0x7D, 0x37, 0x83, 0xD2, 0x3A, 0x82,
    0x55, 0xC8, 0xD8, 0xD2, 0x0D, 0x90, 0xC0, 0xF2, 0xFF, 0xBE, 0x09, 0xCC, 0xAF, 0x92, 0x9E, 0xF9,
    0x75, 0x12, 0xCC, 0x16, 0x4E, 0xF8, 0xE6, 0x6E, 0x2E, 0xC6, 0x6F, 0xE6, 0xA9, 0x18, 0xDE, 0x99,
    0xA7, 0x72, 0xB8, 0xAC, 0x0A, 0x52, 0x2C, 0x2E, 0x48, 0xF9, 0x29, 0x93, 0x6B, 0x6B, 0xF7, 0x8A,
    0xAA, 0x25, 0xC9, 0x68, 0x72, 0x9F, 0x70, 0xAF, 0x82, 0xFB, 0xB4, 0x6B, 0x50, 0xFE, 0xB7, 0xFC,
    0x16, 0xCA, 0xB5, 0x5C, 0x51, 0x2C, 0xC5, 0x82, 0x3C, 0xE5, 0xE9, 0x9C, 0xC8, 0x29, 0x4F, 0x24,
    0x4D, 0x7D, 0x22, 0x9A, 0x1F, 0x27, 0xCA, 0xEF, 0xFF, 0xA4, 0x3A, 0xBC, 0x7A, 0x63, 0xFA, 0xEE,
    0x0B, 0x54, 0xA1, 0x9C, 0x28, 0xFF, 0xEC, 0x22, 0x85, 0x0C, 0xAA, 0x05, 0x80, 0x04, 0x08, 0xD3,
    0x09, 0x56, 0x2B, 0xBB, 0x55, 0x6C, 0x75, 0x8A, 0xD2, 0xB5, 0x0C, 0x44, 0xA3, 0xC8, 0x05, 0xBA,
    0x40, 0x9B, 0xAF, 0xD8, 0x85, 0x62, 0xA9, 0x03, 0x8E, 0x37, 0x47, 0x1A, 0x78, 0xCC, 0xEA, 0x41,
    0x86, 0x9C, 0xF4, 0xE5, 0x9C, 0xD9, 0xDB, 0x5B, 0x0D, 0x67, 0x6F, 0xB3, 0x04, 0x18, 0x64, 0x30,
    0x74, 0xCE, 0x32, 0x9A, 0xF5, 0x39, 0xD9, 0x42, 0xD1, 0x73, 0x68, 0xC6, 0x45, 0x09, 0x5B, 0x6B,
    0x5A, 0xBB, 0xF2, 0xB7, 0x13, 0xA4, 0x9F, 0x21, 0x87, 0xDB, 0xCA, 0x1C, 0x4E, 0x57, 0x42, 0xC3,
    0xDB, 0xBC, 0x7C, 0x7F, 0xD2, 0x39, 0x9D, 0xBF, 0xB2, 0xC0, 0xB2, 0x76, 0xCC, 0xD6, 0xAA, 0x78,
    0x61, 0xC5, 0xD8, 0xC5, 0x7F, 0xA0, 0x2C, 0xCA, 0x04, 0xAB, 0xBB, 0xEF, 0xA0, 0xE0, 0x7F, 0xE0,
    0xBA, 0x84, 0x9B, 0x64, 0xB4, 0xB1, 0x8C, 0x01, 0xA5, 0xE2, 0x2C, 0x6F, 0xE0, 0x31, 0x1C, 0x01,
    0x34, 0x5C, 0xD5, 0x42, 0x06, 0xE0, 0xA1, 0x68, 0x46, 0x20, 0x4F, 0x2E, 0xAA, 0xE7, 0x62, 0x56,
    0x4F, 0x79, 0x02, 0x8A, 0xB8, 0xB9, 0x34, 0xBB, 0x98, 0xCF, 0xF5, 0xE8, 0xC6, 0x62, 0x66, 0x72,
    0x83, 0xBB, 0x8D, 0x6B, 0x15, 0xAA, 0xAB, 0x93, 0xD4, 0x41, 0x7E, 0x1C, 0x45, 0xAE, 0xF0, 0x03,
    0xA3, 0x08, 0xD7, 0x72, 0xFA, 0x66, 0xC3, 0xC9, 0x31, 0x35, 0xAB, 0x77, 0xFF, 0x1B, 0x01, 0xB8,
    0xA0, 0x42, 0xD5, 0x6E, 0xAE, 0xCD, 0xE2, 0xCD, 0x38, 0xF1, 0x6E, 0x05, 0x1C, 0x03, 0x6A, 0x8E,
    0x90, 0x3E, 0x5E, 0xA0, 0xFE, 0xF9, 0x60, 0x73, 0x25, 0x5B, 0xE4, 0x04, 0xDE, 0xB5, 0x62, 0x77,
    0x85, 0xC8, 0xFF, 0x44, 0x5F, 0x92, 0xA1, 0xE2, 0xAB, 0xC2, 0x65, 0xA9, 0xC6, 0xB7, 0x3F, 0xD6,
    0x45, 0x5C, 0x52, 0x70, 0x02, 0x47, 0x25, 0x00, 0x2B, 0x84, 0xA3, 0xB2, 0x28, 0x84, 0x04, 0xFA,
    0xD3, 0xD5, 0x1C, 0x24, 0x9C, 0xED, 0xD3, 0x0B, 0xB7, 0x6C, 0x52, 0x3E, 0xAC, 0x39, 0xDC, 0x05,
    0xE4, 0xAA, 0xC7, 0xF0, 0xC3, 0x19, 0x39, 0x97, 0x64, 0xAC, 0xAE, 0x87, 0x57, 0xCA, 0x8F, 0x03,
    0x9A, 0xF7, 0x04, 0x74, 0x3A, 0x47, 0x83, 0xE9, 0x8C, 0x3E, 0x75, 0xB7, 0xF4, 0x49, 0xFA, 0x3E,
    0xD5, 0x47, 0x7D, 0x72, 0x64, 0xDA, 0x29, 0x78, 0x15, 0x3F, 0x0C, 0xCD, 0x1A, 0x45, 0x02, 0x50,
    0xAE, 0x2A, 0x47, 0x55, 0xB5, 0xA9, 0x66, 0x0B, 0xC8, 0xA7, 0x03, 0xD0, 0x3C, 0x27, 0x40, 0x48,
    0x06, 0x53, 0xB6, 0x14, 0xD3, 0xB9, 0x52, 0x8B, 0x05, 0x2E, 0x82, 0x70, 0x23, 0x3A, 0x54, 0x03,
    0x1A, 0x2F, 0x9A, 0x0F, 0xD2, 0xA2, 0x0E, 0x07, 0xFC, 0x33, 0x6A, 0xAE, 0x70, 0xA4, 0x7F, 0x00,
    0x9A, 0x16, 0xC7, 0x7F, 0x8B, 0x93, 0x27, 0xCE, 0x98, 0x50, 0x70, 0xC4, 0x49, 0x7D, 0xFA, 0xA4,
    0xC3, 0x41, 0x5B, 0x91, 0xA1, 0x54, 0xB2, 0xEE, 0x9A, 0xDD, 0x25, 0x9A, 0xD5, 0xE7, 0xE4, 0xE0,
    0xC8, 0x50, 0x1F, 0xFD, 0xBC, 0x95, 0x3E, 0xA0, 0xBB, 0xC5, 0x9E, 0xF8, 0xEE, 0xB0, 0xB9, 0x46,
    0x33, 0x72, 0xF4, 0x33, 0x5B, 0x85, 0x85, 0x82, 0x6E, 0xF5, 0x27, 0x4F, 0x9D, 0x47, 0x07, 0x55,
    0x05, 0x94, 0xB1, 0x06, 0x6A, 0x92, 0x2D, 0x4F, 0xE4, 0x5D, 0x24, 0x70, 0x9F, 0xF2, 0xAA, 0x8E,
    0xAD, 0x8B, 0xB2, 0xA9, 0xA4, 0xFD, 0x1D, 0x3D, 0x76, 0xE4, 0x08, 0xBB, 0x9E, 0x9B, 0x0E, 0xB6,
    0x0C, 0x70, 0xAC, 0x45, 0x55, 0x70, 0x00, 0x32, 0x6E, 0xBB, 0x0D, 0xDB, 0xE3, 0x1A, 0xCD, 0x28,
    0xCD, 0xAB, 0x5E, 0x11, 0xDF, 0xF4, 0xF3, 0xBF, 0x1D, 0xC6, 0x37, 0xF5, 0xFD, 0xE1, 0x58, 0xFF,
    0xB8, 0xB7, 0x9B, 0xA6, 0xCF, 0x7F, 0xCD, 0x3F, 0x23, 0xEF, 0xFB, 0x80, 0xDD, 0xB3, 0xDE, 0xD5,
    0xDE, 0xF9, 0xA7, 0x65, 0xDB, 0x5D, 0x97, 0xE5, 0x7D, 0x43, 0x26, 0xED, 0xBB, 0x15, 0xE8, 0xF0,
    0xA2, 0xEE, 0xE3, 0x64, 0x52, 0x83, 0x78, 0xC9, 0x0A, 0xCE, 0x60, 0x8B, 0xA6, 0xDD, 0x62, 0x2E,
    0xA2, 0x9C, 0x90, 0x27, 0x64, 0x04, 0xCE, 0xFD, 0xAA, 0x6F, 0x8D, 0x70, 0x8C, 0xA8, 0x56, 0x0F,
    0xC6, 0x07, 0xE2, 0x7F, 0x47, 0x5B, 0x3D, 0xA2, 0xB9, 0x06, 0xAD, 0x5D, 0xFC, 0xBD, 0xA2, 0x6D,
    0x74, 0xB1, 0x1E, 0x5C, 0x94, 0xE0, 0x6E, 0xA5, 0x77, 0xF6, 0x2A, 0x4C, 0x28, 0x57, 0x6F, 0x1F,
    0x2A, 0x7C, 0xE1, 0x0B, 0xAA, 0xB8, 0x57, 0x4D, 0x9B, 0x48, 0xF2, 0xC3, 0xA2, 0x9A, 0x4B, 0xD5,
    0x02, 0x1D, 0xBB, 0x8C, 0xFD, 0xFD, 0xE0, 0xB0, 0x7F, 0xC7, 0x9B, 0x1D, 0x2E, 0x73, 0x7D, 0x3C,
    0xE4, 0xFB, 0xFF, 0x4B, 0x90, 0xDD, 0xBB, 0xFF, 0x0C, 0x02, 0xC8, 0x7F, 0x3F, 0x64, 0x6A, 0x12,
    0x80, 0xA9, 0x5A, 0x55, 0xC4, 0xDD, 0xEB, 0x55, 0xBC, 0xB6, 0x65, 0x39, 0x38, 0x55, 0x94, 0x89,
    0x55, 0x6A, 0x02, 0xF3, 0xA5, 0xF3, 0xCC, 0x56, 0x82, 0x30, 0xF1, 0x58, 0xB8, 0x8B, 0x1C, 0x67,
    0x38, 0xB2, 0x55, 0xF4, 0x99, 0x6A, 0x7D, 0xB6, 0xF3, 0x4D, 0x46, 0x92, 0x41, 0xF1, 0xE4, 0x9F,
    0xCF, 0x3E, 0x01, 0x1C, 0x4E, 0x38, 0x19, 0x53, 0xED, 0x55, 0xF5, 0x0A, 0x7B, 0x53, 0xE0, 0xC8,
    0x84, 0x9A, 0xB2, 0x42, 0x0E, 0xF7, 0x44, 0xF7, 0x9C, 0x7D, 0xE3, 0xE9, 0xF6, 0xD2, 0x6E, 0x0A,
    0x26, 0x5E, 0xBA, 0x74, 0x93, 0x27, 0x00, 0x74, 0x5E, 0x25, 0xAD, 0xAA, 0x1A, 0x54, 0xE5, 0xAC,
    0x7A, 0x22, 0x49, 0xC8, 0xA9, 0x9C, 0xDB, 0xBA, 0xDD, 0xC7, 0x48, 0x4E, 0x2C, 0x13, 0x73, 0xEB,
    0xE5, 0x4C, 0x46, 0x72, 0xB0, 0xC1, 0xD9, 0x06, 0xAD, 0x17, 0x89, 0x9C, 0x2C, 0xEC, 0xED, 0x58,
    0x1C, 0xDC, 0x1F, 0x59, 0xF7, 0xE7, 0x92, 0xA9, 0xE6, 0xDC, 0x0C, 0x0F, 0xEC, 0x3C, 0x88, 0xB3,
    0xAE, 0x65, 0x33, 0x3C, 0x52, 0x98, 0x1C, 0x93, 0xC6, 0x60, 0x1B, 0x99, 0x68, 0xFD, 0x0E, 0xFB,
    0xFF, 0xFF, 0x3F, 0x03, 0x0C, 0x03, 0x00, 0xB5, 0x90, 0x81, 0x49, 0xC5, 0x30, 0x18, 0x84, 0xAF,
    0xAF, 0x40, 0x80, 0x07, 0x64, 0x00, 0x81, 0x8E, 0xD0, 0x11, 0x92, 0x8D, 0x1C, 0xA1, 0x6F, 0x04,
    0x37, 0xCA, 0x8F, 0x0E, 0x60, 0x47, 0x50, 0x9E, 0x03, 0x04, 0x2C, 0x20, 0x50, 0xFB, 0x99, 0x84,
    0x52, 0x40, 0x40, 0x44, 0x15, 0xB8, 0xEF, 0xE8, 0x95, 0xFC, 0x1C, 0xA7, 0xB4, 0xDC, 0x6C, 0x72,
    0xE4, 0x09, 0x79, 0x32, 0x9B, 0x7C, 0x16, 0xDA, 0x39, 0x72, 0xCF, 0x2A, 0x78, 0x3C, 0xD8, 0xF2,
    0x5F, 0xB1, 0x4B, 0xCF, 0x8B, 0xE3, 0x75, 0xF5, 0x5C, 0x57, 0x9F, 0xBB, 0xA5, 0xA4, 0x1A, 0x79,
    0x58, 0xD9, 0xE5, 0x73, 0xFF, 0x6D, 0x75, 0xE9, 0xBA, 0x1E, 0xB7, 0xF6, 0xEC, 0xA7, 0xB7, 0xDA,
    0x12, 0x43, 0x74, 0x2C, 0x13, 0xC1, 0xDA, 0x16, 0xC5, 0xB2, 0xD0, 0x10, 0x9B, 0xED, 0x73, 0x04,
    0x6B, 0x4B, 0x1C, 0xD6, 0xFE, 0xFD, 0x95, 0xB5, 0x12, 0xC1, 0x1C, 0xF9, 0x73, 0x89, 0xC3, 0xFE,
    0xBF, 0xC4, 0x89, 0x17, 0x0D, 0x10, 0x27, 0xB0, 0x74, 0x09, 0x86, 0xAA, 0x12, 0xF4, 0x34, 0xD5,
    0xEF, 0xAF, 0x35, 0x82, 0x86, 0x22, 0xB7, 0x49, 0xE9, 0x4D, 0x52, 0x0F, 0x51, 0x3A, 0x83, 0x49,
    0x7E, 0x0E, 0x95, 0x56, 0x78, 0x66, 0x0E, 0x58, 0x20, 0x83, 0xC1, 0x5C, 0xA9, 0x58, 0x72, 0xA2,
    0xDA, 0x16, 0x95, 0x81, 0x9A, 0x38, 0xDA, 0xAB, 0x29, 0x57, 0xFA, 0xCA, 0xBB, 0xC2, 0x59, 0xF0,
    0x34, 0x62, 0x60, 0x1E, 0xBB, 0x7D, 0xD7, 0x89, 0xCB, 0x07, 0x62, 0x80, 0x02, 0x76, 0x07, 0x40,
    0x05, 0x72, 0x6C, 0x84, 0x40, 0x08, 0x85, 0x61, 0xF0, 0x83, 0x84, 0x80, 0x1E, 0xA4, 0x04, 0x4A,
    0xF0, 0xC6, 0x86, 0xEC, 0xE0, 0xC0, 0xC6, 0x64, 0xEC, 0x80, 0x12, 0x48, 0xCD, 0x2E, 0x20, 0x20,
    0xC1, 0xDF, 0x79, 0xC9, 0x06, 0x6B, 0xA6, 0x6E, 0x96, 0x09, 0x38, 0x6D, 0xEB, 0x6F, 0x3B, 0xE0,
    0x46, 0xE8, 0x70, 0xE2, 0x27, 0x4E, 0xCF, 0xD7, 0x26, 0x48, 0x1F, 0x1D, 0x49, 0x7A, 0xA8, 0x17,
    0xED, 0xA0, 0xD9, 0x34, 0x93, 0x56, 0xD6, 0x55, 0x34, 0xA2, 0x46, 0x53, 0xF5, 0x92, 0x7E, 0xD0,
    0xA4, 0x05, 0xF9, 0x6A, 0x03, 0x62, 0xBF, 0x57, 0xF0, 0xE3, 0x04, 0x78, 0x2F, 0x33, 0x0F, 0x33,
    0x56, 0xD3, 0x01, 0x7F,
};

static const EpdGlyph notosans_12_boldGlyphs[] = {
    { 0, 0, 0, 0, 0, 0, 0 }, // U+0000
    { 0, 0, 104, 0, 0, 0, 0 }, // U+000D
    { 0, 0, 104, 0, 0, 0, 0 }, // U+0020
    { 4, 18, 113, 1, 18, 18, 0 }, // !
    { 10, 6, 192, 1, 18, 15, 18 }, // "
    { 15, 18, 258, 1, 18, 68, 33 }, // #
    { 12, 21, 229, 1, 19, 63, 101 }, // $
    { 21, 18, 361, 1, 18, 95, 164 }, // %
    { 18, 18, 300, 1, 18, 81, 259 }, // &
    { 5, 6, 106, 1, 18, 8, 340 }, // '
    { 8, 22, 136, 1, 18, 44, 348 }, // (
    { 8, 22, 136, 0, 18, 44, 392 }, // )
    { 13, 12, 217, 0, 19, 39, 436 }, // *
    { 12, 12, 229, 1, 15, 36, 475 }, // +
    { 6, 6, 114, 0, 3, 9, 511 }, // ,
    { 7, 3, 128, 1, 8, 6, 520 }, // -
    { 4, 4, 112, 1, 4, 4, 526 }, // .
    { 11, 18, 166, 0, 18, 50, 530 }, // /
    { 13, 18, 229, 1, 18, 59, 580 }, // 0
    { 10, 18, 229, 1, 18, 45, 639 }, // 1
    { 13, 18, 229, 0, 18, 59, 684 }, // 2
    { 12, 18, 229, 1, 18, 54, 743 }, // 3
    { 13, 18, 229, 1, 18, 59, 797 }, // 4
    { 12, 18, 229, 1, 18, 54, 856 }, // 5
    { 13, 18, 229, 1, 18, 59, 910 }, // 6
    { 13, 18, 229, 1, 18, 59, 969 }, // 7
    { 13, 18, 229, 1, 18, 59, 1028 }, // 8
    { 13, 18, 229, 1, 18, 59, 1087 }, // 9
    { 4, 14, 112, 1, 14, 14, 1146 }, // :
    { 5, 17, 114, 0, 14, 22, 1160 }, // ;
    { 12, 14, 229, 1, 16, 42, 1182 }, // <
    { 12, 8, 229, 1, 13, 24, 1224 }, // =
    { 12, 14, 229, 1, 16, 42, 1248 }, // >
    { 12, 18, 191, 0, 18, 54, 1290 }, // ?
    { 20, 20, 359, 1, 18, 100, 1344 }, // @
    { 18, 18, 277, 0, 18, 81, 1444 }, // A
    { 13, 18, 266, 2, 18, 59, 1525 }, // B
    { 14, 18, 257, 1, 18, 63, 1584 }, // C
    { 15, 18, 293, 2, 18, 68, 1647 }, // D
    { 11, 18, 224, 2, 18, 50, 1715 }, // E
    { 10, 18, 220, 2, 18, 45, 1765 }, // F
    { 15, 18, 290, 1, 18, 68, 1810 }, // G
    { 15, 18, 306, 2, 18, 68, 1878 }, // H
    { 8, 18, 156, 1, 18, 36, 1946 }, // I
    { 8, 23, 132, -2, 18, 46, 1982 }, // J
    { 15, 18, 266, 2, 18, 68, 2028 }, // K
    { 11, 18, 224, 2, 18, 50, 2096 }, // L
    { 19, 18, 377, 2, 18, 86, 2146 }, // M
    { 16, 18, 325, 2, 18, 72, 2232 }, // N
    { 17, 18, 316, 1, 18, 77, 2304 }, // O
    { 12, 18, 248, 2, 18, 54, 2381 }, // P
    { 17, 22, 316, 1, 18, 94, 2435 }, // Q
    { 15, 18, 262, 2, 18, 68, 2529 }, // R
    { 12, 18, 220, 1, 18, 54, 2597 }, // S
    { 13, 18, 231, 1, 18, 59, 2651 }, // T
    { 15, 18, 302, 2, 18, 68, 2710 }, // U
    { 17, 18, 260, 0, 18, 77, 2778 }, // V
    { 25, 18, 387, 0, 18, 113, 2855 }, // W
    { 17, 18, 268, 0, 18, 77, 2968 }, // X
    { 16, 18, 250, 0, 18, 72, 3045 }, // Y
    { 13, 18, 232, 1, 18, 59, 3117 }, // Z
    { 6, 22, 132, 2, 18, 33, 3176 }, // [
    { 11, 18, 166, 0, 18, 50, 3209 }, // <backslash>
    { 6, 22, 132, 0, 18, 33, 3259 }, // ]
    { 14, 12, 229, 0, 18, 42, 3292 }, // ^
    { 10, 2, 164, 0, -2, 5, 3334 }, // _
    { 8, 4, 146, 1, 19, 8, 3339 }, // `
    { 12, 14, 240, 1, 14, 42, 3347 }, // a
    { 13, 19, 253, 2, 19, 62, 3389 }, // b
    { 11, 14, 206, 1, 14, 39, 3451 }, // c
    { 13, 19, 253, 1, 19, 62, 3490 }, // d
    { 13, 14, 239, 1, 14, 46, 3552 }, // e
    { 11, 19, 155, 1, 19, 53, 3598 }, // f
    { 13, 20, 253, 1, 14, 65, 3651 }, // g
    { 13, 19, 260, 2, 19, 62, 3716 }, // h
    { 4, 19, 120, 2, 19, 19, 3778 }, // i
    { 7, 25, 119, -1, 19, 44, 3797 }, // j
    { 14, 19, 248, 2, 19, 67, 3841 }, // k
    { 4, 19, 119, 2, 19, 19, 3908 }, // l
    { 21, 14, 390, 2, 14, 74, 3927 }, // m
    { 13, 14, 260, 2, 14, 46, 4001 }, // n
    { 13, 14, 250, 1, 14, 46, 4047 }, // o
    { 13, 20, 253, 2, 14, 65, 4093 }, // p
    { 13, 20, 253, 1, 14, 65, 4158 }, // q
    { 10, 14, 179, 2, 14, 35, 4223 }, // r
    { 11, 14, 201, 1, 14, 39, 4258 }, // s
    { 9, 17, 174, 1, 17, 39, 4297 }, // t
    { 13, 14, 260, 2, 14, 46, 4336 }, // u
    { 15, 14, 228, 0, 14, 53, 4382 }, // v
    { 22, 14, 342, 0, 14, 77, 4435 }, // w
    { 15, 14, 231, 0, 14, 53, 4512 }, // x
    { 15, 20, 228, 0, 14, 75, 4565 }, // y
    { 10, 14, 197, 1, 14, 35, 4640 }, // z
    { 9, 22, 158, 1, 18, 50, 4675 }, // {
    { 3, 25, 220, 6, 19, 19, 4725 }, // |
    { 9, 22, 158, 1, 18, 50, 4744 }, // }
    { 12, 6, 229, 1, 12, 18, 4794 }, // ~
    { 0, 0, 104, 0, 0, 0, 0 }, // U+00A0
    { 4, 18, 114, 1, 14, 18, 0 }, // U+00A1
    { 11, 18, 229, 2, 18, 50, 18 }, // U+00A2
    { 13, 18, 229, 1, 18, 59, 68 }, // U+00A3
    { 12, 12, 227, 1, 15, 36, 127 }, // U+00A4
    { 16, 18, 229, -1, 18, 72, 163 }, // U+00A5
    { 3, 25, 220, 6, 19, 19, 235 }, // U+00A6
    { 9, 19, 194, 1, 19, 43, 254 }, // U+00A7
    { 9, 3, 237, 3, 19, 7, 297 }, // U+00A8
    { 18, 19, 333, 1, 19, 86, 304 }, // U+00A9
    { 8, 9, 152, 1, 18, 18, 390 }, // U+00AA
    { 14, 12, 246, 1, 13, 42, 408 }, // U+00AB
    { 13, 8, 229, 1, 11, 26, 450 }, // U+00AC
    { 7, 3, 128, 1, 8, 6, 476 }, // U+00AD
    { 18, 19, 333, 1, 19, 86, 482 }, // U+00AE
    { 13, 3, 200, 0, 22, 10, 568 }, // U+00AF
    { 9, 9, 170, 1, 19, 21, 578 }, // U+00B0
    { 12, 16, 229, 1, 16, 48, 599 }, // U+00B1
    { 9, 11, 152, 0, 21, 25, 647 }, // U+00B2
    { 10, 12, 152, 0, 22, 30, 672 }, // U+00B3
    { 8, 4, 146, 1, 19, 8, 702 }, // U+00B4
    { 13, 20, 261, 2, 14, 65, 710 }, // U+00B5
    { 13, 23, 259, 1, 19, 75, 775 }, // U+00B6
    { 4, 4, 112, 1, 11, 4, 850 }, // U+00B7
    { 6, 6, 105, 1, 0, 9, 854 }, // U+00B8
    { 8, 11, 152, 0, 21, 22, 863 }, // U+00B9
    { 9, 9, 154, 1, 18, 21, 885 }, // U+00BA
    { 14, 12, 246, 0, 13, 42, 906 }, // U+00BB
    { 21, 18, 332, 0, 18, 95, 948 }, // U+00BC
    { 21, 18, 350, 0, 18, 95, 1043 }, // U+00BD
    { 20, 18, 338, 1, 18, 90, 1138 }, // U+00BE
    { 11, 18, 191, 1, 14, 50, 1228 }, // U+00BF
    { 18, 24, 277, 0, 24, 108, 1278 }, // U+00C0
    { 18, 24, 277, 0, 24, 108, 1386 }, // U+00C1
    { 18, 24, 277, 0, 24, 108, 1494 }, // U+00C2
    { 18, 23, 277, 0, 23, 104, 1602 }, // U+00C3
    { 19, 23, 277, -1, 23, 110, 1706 }, // U+00C4
    { 18, 22, 277, 0, 22, 99, 1816 }, // U+00C5
    { 23, 18, 381, 0, 18, 104, 1915 }, // U+00C6
    { 14, 24, 257, 1, 18, 84, 2019 }, // U+00C7
    { 11, 24, 224, 2, 24, 66, 2103 }, // U+00C8
    { 11, 24, 224, 2, 24, 66, 2169 }, // U+00C9
    { 11, 24, 224, 2, 24, 66, 2235 }, // U+00CA
    { 11, 23, 224, 2, 23, 64, 2301 }, // U+00CB
    { 9, 24, 156, 0, 24, 54, 2365 }, // U+00CC
    { 9, 24, 156, 1, 24, 54, 2419 }, // U+00CD
    { 11, 24, 156, -1, 24, 66, 2473 }, // U+00CE
    { 9, 23, 156, 1, 23, 52, 2539 }, // U+00CF
    { 16, 18, 293, 1, 18, 72, 2591 }, // U+00D0
    { 16, 24, 322, 2, 24, 96, 2663 }, // U+00D1
    { 17, 24, 316, 1, 24, 102, 2759 }, // U+00D2
    { 17, 24, 316, 1, 24, 102, 2861 }, // U+00D3
    { 17, 24, 316, 1, 24, 102, 2963 }, // U+00D4
    { 17, 24, 316, 1, 24, 102, 3065 }, // U+00D5
    { 17, 23, 316, 1, 23, 98, 3167 }, // U+00D6
    { 12, 12, 229, 1, 15, 36, 3265 }, // U+00D7
    { 17, 20, 316, 1, 19, 85, 3301 }, // U+00D8
    { 15, 24, 302, 2, 24, 90, 3386 }, // U+00D9
    { 15, 24, 302, 2, 24, 90, 3476 }, // U+00DA
    { 15, 24, 302, 2, 24, 90, 0 }, // U+00DB
    { 15, 23, 302, 2, 23, 87, 90 }, // U+00DC
    { 16, 24, 250, 0, 24, 96, 177 }, // U+00DD
    { 12, 18, 251, 2, 18, 54, 273 }, // U+00DE
    { 15, 19, 282, 2, 19, 72, 327 }, // U+00DF
    { 12, 19, 240, 1, 19, 57, 399 }, // U+00E0
    { 12, 19, 240, 1, 19, 57, 456 }, // U+00E1
    { 12, 19, 240, 1, 19, 57, 513 }, // U+00E2
    { 12, 19, 240, 1, 19, 57, 570 }, // U+00E3
    { 12, 19, 240, 1, 19, 57, 627 }, // U+00E4
    { 12, 21, 240, 1, 21, 63, 684 }, // U+00E5
    { 21, 14, 367, 1, 14, 74, 747 }, // U+00E6
    { 11, 20, 206, 1, 14, 55, 821 }, // U+00E7
    { 13, 19, 239, 1, 19, 62, 876 }, // U+00E8
    { 13, 19, 239, 1, 19, 62, 938 }, // U+00E9
    { 13, 19, 239, 1, 19, 62, 1000 }, // U+00EA
    { 13, 19, 239, 1, 19, 62, 1062 }, // U+00EB
    { 8, 19, 120, 0, 19, 38, 1124 }, // U+00EC
    { 9, 19, 120, 1, 19, 43, 1162 }, // U+00ED
    { 11, 19, 120, -2, 19, 53, 1205 }, // U+00EE
    { 9, 19, 120, -1, 19, 43, 1258 }, // U+00EF
    { 13, 20, 251, 1, 20, 65, 1301 }, // U+00F0
    { 13, 19, 260, 2, 19, 62, 1366 }, // U+00F1
    { 13, 19, 250, 1, 19, 62, 1428 }, // U+00F2
    { 13, 19, 250, 1, 19, 62, 1490 }, // U+00F3
    { 13, 19, 250, 1, 19, 62, 1552 }, // U+00F4
    { 13, 19, 250, 1, 19, 62, 1614 }, // U+00F5
    { 13, 19, 250, 1, 19, 62, 1676 }, // U+00F6
    { 12, 12, 229, 1, 15, 36, 1738 }, // U+00F7
    { 13, 16, 248, 1, 15, 52, 1774 }, // U+00F8
    { 13, 19, 260, 2, 19, 62, 1826 }, // U+00F9
    { 13, 19, 260, 2, 19, 62, 1888 }, // U+00FA
    { 13, 19, 260, 2, 19, 62, 1950 }, // U+00FB
    { 13, 19, 260, 2, 19, 62, 2012 }, // U+00FC
    { 15, 25, 228, 0, 19, 94, 2074 }, // U+00FD
    { 13, 25, 253, 2, 19, 82, 2168 }, // U+00FE
    { 15, 25, 228, 0, 19, 94, 2250 }, // U+00FF
    { 18, 22, 277, -1, 22, 99, 0 }, // U+0100
    { 12, 18, 240, 1, 18, 54, 99 }, // U+0101
    { 19, 24, 277, -1, 24, 114, 153 }, // U+0102
    { 12, 19, 240, 1, 19, 57, 267 }, // U+0103
    { 19, 24, 277, -1, 18, 114, 324 }, // U+0104
    { 13, 20, 240, 1, 14, 65, 438 }, // U+0105
    { 14, 24, 257, 1, 24, 84, 503 }, // U+0106
    { 11, 19, 206, 1, 19, 53, 587 }, // U+0107
    { 14, 24, 257, 1, 24, 84, 640 }, // U+0108
    { 11, 19, 206, 1, 19, 53, 724 }, // U+0109
    { 14, 24, 257, 1, 24, 84, 777 }, // U+010A
    { 11, 19, 206, 1, 19, 53, 861 }, // U+010B
    { 14, 24, 257, 1, 24, 84, 914 }, // U+010C
    { 12, 19, 206, 1, 19, 57, 998 }, // U+010D
    { 15, 24, 293, 2, 24, 90, 1055 }, // U+010E
    { 19, 19, 253, 1, 19, 91, 1145 }, // U+010F
    { 16, 18, 293, 1, 18, 72, 1236 }, // U+0110
    { 15, 19, 258, 1, 19, 72, 1308 }, // U+0111
    { 11, 22, 224, 2, 22, 61, 1380 }, // U+0112
    { 13, 18, 239, 1, 18, 59, 1441 }, // U+0113
    { 10, 24, 224, 2, 24, 60, 1500 }, // U+0114
    { 13, 19, 239, 1, 19, 62, 1560 }, // U+0115
    { 11, 24, 224, 2, 24, 66, 1622 }, // U+0116
    { 13, 19, 239, 1, 19, 62, 1688 }, // U+0117
    { 10, 24, 224, 2, 18, 60, 1750 }, // U+0118
    { 13, 20, 236, 1, 14, 65, 1810 }, // U+0119
    { 11, 24, 224, 2, 24, 66, 1875 }, // U+011A
    { 13, 19, 239, 1, 19, 62, 1941 }, // U+011B
    { 15, 24, 290, 1, 24, 90, 2003 }, // U+011C
    { 13, 25, 253, 1, 19, 82, 2093 }, // U+011D
    { 15, 24, 290, 1, 24, 90, 2175 }, // U+011E
    { 13, 25, 253, 1, 19, 82, 2265 }, // U+011F
    { 15, 24, 290, 1, 24, 90, 2347 }, // U+0120
    { 13, 25, 253, 1, 19, 82, 2437 }, // U+0121
    { 15, 24, 290, 1, 18, 90, 2519 }, // U+0122
    { 13, 25, 253, 1, 19, 82, 2609 }, // U+0123
    { 15, 24, 306, 2, 24, 90, 2691 }, // U+0124
    { 17, 25, 260, -2, 25, 107, 2781 }, // U+0125
    { 19, 18, 306, 0, 18, 86, 2888 }, // U+0126
    { 15, 19, 263, 1, 19, 72, 2974 }, // U+0127
    { 11, 24, 156, -1, 24, 66, 3046 }, // U+0128
    { 12, 19, 120, -2, 19, 57, 3112 }, // U+0129
    { 8, 22, 156, 1, 22, 44, 3169 }, // U+012A
    { 8, 18, 120, 0, 18, 36, 3213 }, // U+012B
    { 10, 24, 156, 1, 24, 60, 3249 }, // U+012C
    { 10, 19, 120, -1, 19, 48, 3309 }, // U+012D
    { 8, 24, 156, 1, 18, 48, 3357 }, // U+012E
    { 5, 25, 120, 1, 19, 32, 3405 }, // U+012F
    { 8, 24, 156, 1, 24, 48, 3437 }, // U+0130
    { 4, 14, 120, 2, 14, 14, 3485 }, // U+0131
    { 15, 23, 289, 1, 18, 87, 3499 }, // U+0132
    { 11, 25, 244, 2, 19, 69, 3586 }, // U+0133
    { 11, 29, 132, -2, 24, 80, 0 }, // U+0134
    { 10, 25, 119, -1, 19, 63, 80 }, // U+0135
    { 15, 24, 264, 2, 18, 90, 143 }, // U+0136
    { 14, 25, 248, 2, 19, 88, 233 }, // U+0137
    { 14, 14, 248, 2, 14, 49, 321 }, // U+0138
    { 12, 24, 224, 1, 24, 72, 370 }, // U+0139
    { 9, 25, 119, 1, 25, 57, 442 }, // U+013A
    { 11, 24, 224, 2, 18, 66, 499 }, // U+013B
    { 6, 25, 119, 1, 19, 38, 565 }, // U+013C
    { 12, 18, 224, 2, 18, 54, 603 }, // U+013D
    { 10, 19, 119, 2, 19, 48, 657 }, // U+013E
    { 11, 18, 224, 2, 18, 50, 705 }, // U+013F
    { 9, 19, 148, 2, 19, 43, 755 }, // U+0140
    { 14, 18, 226, -1, 18, 63, 798 }, // U+0141
    { 10, 19, 122, -1, 19, 48, 861 }, // U+0142
    { 16, 24, 322, 2, 24, 96, 909 }, // U+0143
    { 13, 19, 260, 2, 19, 62, 1005 }, // U+0144
    { 16, 24, 322, 2, 18, 96, 1067 }, // U+0145
    { 13, 20, 260, 2, 14, 65, 1163 }, // U+0146
    { 16, 24, 322, 2, 24, 96, 1228 }, // U+0147
    { 13, 19, 260, 2, 19, 62, 1324 }, // U+0148
    { 19, 18, 310, -1, 18, 86, 1386 }, // U+0149
    { 16, 23, 325, 2, 18, 92, 1472 }, // U+014A
    { 13, 20, 260, 2, 14, 65, 1564 }, // U+014B
    { 17, 22, 316, 1, 22, 94, 1629 }, // U+014C
    { 13, 18, 250, 1, 18, 59, 1723 }, // U+014D
    { 17, 24, 316, 1, 24, 102, 1782 }, // U+014E
    { 13, 19, 250, 1, 19, 62, 1884 }, // U+014F
    { 17, 24, 316, 1, 24, 102, 1946 }, // U+0150
    { 13, 19, 250, 1, 19, 62, 2048 }, // U+0151
    { 22, 18, 389, 1, 18, 99, 2110 }, // U+0152
    { 22, 14, 391, 1, 14, 77, 2209 }, // U+0153
    { 15, 24, 262, 2, 24, 90, 2286 }, // U+0154
    { 10, 19, 179, 2, 19, 48, 2376 }, // U+0155
    { 15, 24, 262, 2, 18, 90, 2424 }, // U+0156
    { 11, 20, 179, 1, 14, 55, 2514 }, // U+0157
    { 15, 24, 262, 2, 24, 90, 2569 }, // U+0158
    { 11, 19, 179, 1, 19, 53, 2659 }, // U+0159
    { 12, 24, 220, 1, 24, 72, 2712 }, // U+015A
    { 11, 19, 201, 1, 19, 53, 2784 }, // U+015B
    { 12, 24, 220, 1, 24, 72, 2837 }, // U+015C
    { 12, 19, 201, 0, 19, 57, 2909 }, // U+015D
    { 12, 24, 220, 1, 18, 72, 2966 }, // U+015E
    { 11, 20, 201, 1, 14, 55, 3038 }, // U+015F
    { 12, 24, 220, 1, 24, 72, 3093 }, // U+0160
    { 13, 19, 201, 0, 19, 62, 3165 }, // U+0161
    { 13, 24, 231, 1, 18, 78, 3227 }, // U+0162
    { 10, 23, 174, 1, 17, 58, 3305 }, // U+0163
    { 13, 24, 231, 1, 24, 78, 3363 }, // U+0164
    { 14, 19, 174, 1, 19, 67, 3441 }, // U+0165
    { 13, 18, 231, 1, 18, 59, 3508 }, // U+0166
    { 9, 17, 174, 1, 17, 39, 3567 }, // U+0167
    { 15, 24, 302, 2, 24, 90, 0 }, // U+0168
    { 13, 19, 260, 2, 19, 62, 90 }, // U+0169
    { 15, 22, 302, 2, 22, 83, 152 }, // U+016A
    { 13, 18, 260, 2, 18, 59, 235 }, // U+016B
    { 15, 24, 302, 2, 24, 90, 294 }, // U+016C
    { 13, 19, 260, 2, 19, 62, 384 }, // U+016D
    { 15, 26, 302, 2, 26, 98, 446 }, // U+016E
    { 13, 21, 260, 2, 21, 69, 544 }, // U+016F
    { 15, 24, 302, 2, 24, 90, 613 }, // U+0170
    { 13, 19, 260, 2, 19, 62, 703 }, // U+0171
    { 15, 24, 302, 2, 18, 90, 765 }, // U+0172
    { 13, 20, 260, 2, 14, 65, 855 }, // U+0173
    { 25, 24, 387, 0, 24, 150, 920 }, // U+0174
    { 22, 19, 345, 0, 19, 105, 1070 }, // U+0175
    { 16, 24, 250, 0, 24, 96, 1175 }, // U+0176
    { 15, 25, 228, 0, 19, 94, 1271 }, // U+0177
    { 17, 23, 250, -1, 23, 98, 1365 }, // U+0178
    { 13, 24, 232, 1, 24, 78, 1463 }, // U+0179
    { 10, 19, 197, 1, 19, 48, 1541 }, // U+017A
    { 13, 24, 232, 1, 24, 78, 1589 }, // U+017B
    { 10, 19, 197, 1, 19, 48, 1667 }, // U+017C
    { 13, 24, 232, 1, 24, 78, 1715 }, // U+017D
    { 11, 19, 197, 1, 19, 53, 1793 }, // U+017E
    { 9, 19, 153, 2, 19, 43, 1846 }, // U+017F
    { 20, 19, 328, 1, 19, 95, 0 }, // U+01A0
    { 17, 16, 272, 1, 16, 68, 95 }, // U+01A1
    { 21, 19, 354, 2, 19, 100, 163 }, // U+01AF
    { 18, 16, 303, 2, 16, 72, 263 }, // U+01B0
    { 30, 24, 524, 2, 24, 180, 335 }, // U+01C4
    { 29, 19, 490, 2, 19, 138, 515 }, // U+01C5
    { 27, 19, 450, 1, 19, 129, 653 }, // U+01C6
    { 18, 23, 358, 2, 18, 104, 782 }, // U+01C7
    { 18, 25, 348, 2, 19, 113, 886 }, // U+01C8
    { 11, 25, 244, 2, 19, 69, 999 }, // U+01C9
    { 24, 23, 458, 2, 18, 138, 1068 }, // U+01CA
    { 24, 25, 447, 2, 19, 150, 1206 }, // U+01CB
    { 20, 25, 385, 2, 19, 125, 1356 }, // U+01CC
    { 18, 24, 277, 0, 24, 108, 1481 }, // U+01CD
    { 12, 19, 240, 1, 19, 57, 1589 }, // U+01CE
    { 12, 24, 156, -1, 24, 72, 1646 }, // U+01CF
    { 12, 19, 120, -2, 19, 57, 1718 }, // U+01D0
    { 17, 24, 316, 1, 24, 102, 1775 }, // U+01D1
    { 13, 19, 250, 1, 19, 62, 1877 }, // U+01D2
    { 15, 24, 302, 2, 24, 90, 1939 }, // U+01D3
    { 13, 19, 260, 2, 19, 62, 2029 }, // U+01D4
    { 15, 26, 302, 2, 26, 98, 2091 }, // U+01D5
    { 13, 22, 260, 2, 22, 72, 2189 }, // U+01D6
    { 15, 27, 302, 2, 27, 102, 2261 }, // U+01D7
    { 13, 23, 260, 2, 23, 75, 2363 }, // U+01D8
    { 15, 27, 302, 2, 27, 102, 2438 }, // U+01D9
    { 13, 23, 260, 2, 23, 75, 2540 }, // U+01DA
    { 15, 27, 302, 2, 27, 102, 2615 }, // U+01DB
    { 13, 23, 260, 2, 23, 75, 2717 }, // U+01DC
    { 13, 14, 239, 1, 14, 46, 2792 }, // U+01DD
    { 19, 26, 277, 0, 26, 124, 2838 }, // U+01DE
    { 12, 22, 240, 1, 22, 66, 2962 }, // U+01DF
    { 18, 26, 277, -1, 26, 117, 3028 }, // U+01E0
    { 12, 22, 240, 1, 22, 66, 3145 }, // U+01E1
    { 23, 22, 381, -1, 22, 127, 3211 }, // U+01E2
    { 21, 18, 367, 1, 18, 95, 3338 }, // U+01E3
    { 16, 18, 290, 1, 18, 72, 3433 }, // U+01E4
    { 14, 20, 254, 1, 14, 70, 3505 }, // U+01E5
    { 15, 24, 290, 1, 24, 90, 3575 }, // U+01E6
    { 13, 25, 253, 1, 19, 82, 3665 }, // U+01E7
    { 15, 24, 264, 2, 24, 90, 3747 }, // U+01E8
    { 18, 25, 248, -2, 25, 113, 3837 }, // U+01E9
    { 17, 24, 316, 1, 18, 102, 3950 }, // U+01EA
    { 13, 20, 250, 1, 14, 65, 4052 }, // U+01EB
    { 17, 28, 316, 1, 22, 119, 4117 }, // U+01EC
    { 13, 24, 250, 1, 18, 78, 4236 }, // U+01ED
    { 14, 24, 236, 0, 24, 84, 4314 }, // U+01EE
    { 13, 25, 232, 0, 19, 82, 4398 }, // U+01EF
    { 11, 25, 119, -1, 19, 69, 4480 }, // U+01F0
    { 30, 18, 524, 2, 18, 135, 4549 }, // U+01F1
    { 28, 18, 490, 2, 18, 126, 4684 }, // U+01F2
    { 26, 19, 450, 1, 19, 124, 4810 }, // U+01F3
    { 15, 24, 290, 1, 24, 90, 4934 }, // U+01F4
    { 13, 25, 253, 1, 19, 82, 5024 }, // U+01F5
    { 22, 18, 419, 2, 18, 99, 5106 }, // U+01F6
    { 13, 24, 270, 2, 18, 78, 5205 }, // U+01F7
    { 16, 24, 322, 2, 24, 96, 5283 }, // U+01F8
    { 13, 19, 260, 2, 19, 62, 5379 }, // U+01F9
    { 18, 24, 276, 0, 24, 108, 5441 }, // U+01FA
    { 12, 25, 240, 1, 25, 75, 5549 }, // U+01FB
    { 23, 24, 381, 0, 24, 138, 5624 }, // U+01FC
    { 21, 19, 367, 1, 19, 100, 5762 }, // U+01FD
    { 17, 25, 316, 1, 24, 107, 5862 }, // U+01FE
    { 13, 20, 248, 1, 19, 65, 5969 }, // U+01FF
    { 18, 24, 277, 0, 24, 108, 6034 }, // U+0200
    { 13, 19, 240, 0, 19, 62, 6142 }, // U+0201
    { 18, 24, 277, -1, 24, 108, 6204 }, // U+0202
    { 12, 19, 240, 1, 19, 57, 6312 }, // U+0203
    { 13, 23, 224, 0, 23, 75, 6369 }, // U+0204
    { 14, 19, 239, 0, 19, 67, 6444 }, // U+0205
    { 11, 24, 224, 2, 24, 66, 6511 }, // U+0206
    { 13, 19, 239, 1, 19, 62, 6577 }, // U+0207
    { 11, 23, 156, -2, 23, 64, 6639 }, // U+0208
    { 11, 19, 120, -3, 19, 53, 6703 }, // U+0209
    { 10, 24, 156, 0, 24, 60, 6756 }, // U+020A
    { 10, 19, 120, -1, 19, 48, 6816 }, // U+020B
    { 17, 24, 316, 1, 24, 102, 6864 }, // U+020C
    { 13, 19, 250, 1, 19, 62, 6966 }, // U+020D
    { 17, 24, 316, 1, 24, 102, 7028 }, // U+020E
    { 13, 19, 250, 1, 19, 62, 7130 }, // U+020F
    { 16, 23, 262, 1, 23, 92, 7192 }, // U+0210
    { 13, 19, 179, -1, 19, 62, 7284 }, // U+0211
    { 15, 24, 262, 2, 24, 90, 7346 }, // U+0212
    { 11, 19, 179, 1, 19, 53, 7436 }, // U+0213
    { 15, 24, 302, 2, 24, 90, 7489 }, // U+0214
    { 14, 19, 260, 1, 19, 67, 7579 }, // U+0215
    { 15, 24, 302, 2, 24, 90, 7646 }, // U+0216
    { 13, 19, 260, 2, 19, 62, 7736 }, // U+0217
    { 12, 24, 220, 1, 18, 72, 7798 }, // U+0218
    { 11, 20, 201, 1, 14, 55, 7870 }, // U+0219
    { 13, 24, 231, 1, 18, 78, 7925 }, // U+021A
    { 9, 22, 174, 1, 16, 50, 8003 }, // U+021B
    { 14, 23, 252, 0, 18, 81, 8053 }, // U+021C
    { 11, 20, 202, 1, 14, 55, 8134 }, // U+021D
    { 15, 24, 306, 2, 24, 90, 8189 }, // U+021E
    { 17, 25, 260, -2, 25, 107, 8279 }, // U+021F
    { 8, 4, 0, -14, 19, 8, 0 }, // U+0300
    { 9, 4, 0, -10, 19, 9, 8 }, // U+0301
    { 11, 4, 0, -6, 19, 11, 17 }, // U+0302
    { 11, 4, 0, -14, 19, 11, 28 }, // U+0303
    { 8, 3, 0, -4, 18, 6, 39 }, // U+0304
    { 10, 3, 0, -5, 22, 8, 45 }, // U+0305
    { 10, 4, 0, -4, 19, 10, 53 }, // U+0306
    { 4, 4, 0, -2, 19, 4, 63 }, // U+0307
    { 9, 3, 0, -4, 19, 7, 67 }, // U+0308
    { 6, 7, 0, -11, 22, 11, 74 }, // U+0309
    { 6, 6, 0, -3, 21, 9, 85 }, // U+030A
    { 11, 4, 0, -4, 19, 11, 94 }, // U+030B
    { 12, 4, 0, -6, 19, 12, 105 }, // U+030C
    { 3, 4, 0, -1, 19, 3, 117 }, // U+030D
    { 7, 4, 0, -3, 19, 7, 120 }, // U+030E
    { 12, 4, 0, -15, 19, 12, 127 }, // U+030F
    { 9, 6, 0, -5, 21, 14, 139 }, // U+0310
    { 11, 5, 0, -5, 20, 14, 153 }, // U+0311
    { 6, 6, 0, -3, 18, 9, 167 }, // U+0312
    { 6, 6, 0, -3, 18, 9, 176 }, // U+0313
    { 6, 6, 0, -3, 18, 9, 185 }, // U+0314
    { 6, 6, 0, -3, 18, 9, 194 }, // U+0315
    { 9, 4, 0, -5, -1, 9, 203 }, // U+0316
    { 8, 4, 0, -4, -1, 8, 212 }, // U+0317
    { 5, 5, 0, -3, 0, 7, 220 }, // U+0318
    { 5, 5, 0, -2, 0, 7, 227 }, // U+0319
    { 7, 7, 120, 0, 20, 13, 234 }, // U+031A
    { 6, 6, 0, -2, 19, 9, 247 }, // U+031B
    { 4, 6, 0, -1, 0, 6, 256 }, // U+031C
    { 5, 4, 0, -3, -1, 5, 262 }, // U+031D
    { 5, 5, 0, -3, -1, 7, 267 }, // U+031E
    { 5, 5, 0, -3, -1, 7, 274 }, // U+031F
    { 5, 2, 0, -3, -2, 3, 281 }, // U+0320
    { 6, 8, 0, -6, 2, 12, 284 }, // U+0321
    { 6, 8, 0, 0, 2, 12, 296 }, // U+0322
    { 4, 4, 0, -10, -1, 4, 308 }, // U+0323
    { 9, 3, 0, -4, -2, 7, 312 }, // U+0324
    { 6, 6, 0, -3, 0, 9, 319 }, // U+0325
    { 5, 4, 0, -2, -2, 5, 328 }, // U+0326
    { 6, 6, 0, -3, 0, 9, 333 }, // U+0327
    { 5, 7, 0, -2, 1, 9, 342 }, // U+0328
    { 3, 4, 0, -1, -1, 3, 351 }, // U+0329
    { 9, 5, 0, -4, -1, 12, 354 }, // U+032A
    { 10, 4, 0, -5, -1, 10, 366 }, // U+032B
    { 11, 4, 0, -5, -1, 11, 376 }, // U+032C
    { 11, 4, 0, -6, -1, 11, 387 }, // U+032D
    { 10, 4, 0, -5, -1, 10, 398 }, // U+032E
    { 11, 5, 0, -5, -1, 14, 408 }, // U+032F
    { 12, 4, 0, -6, -1, 12, 422 }, // U+0330
    { 8, 3, 0, -4, -1, 6, 434 }, // U+0331
    { 12, 2, 0, -6, -2, 6, 440 }, // U+0332
    { 10, 5, 0, -6, -1, 13, 446 }, // U+0333
    { 11, 4, 0, -5, 9, 11, 459 }, // U+0334
    { 10, 3, 0, -5, 9, 8, 470 }, // U+0335
    { 18, 3, 0, -9, 9, 14, 478 }, // U+0336
    { 10, 8, 0, -5, 11, 20, 492 }, // U+0337
    { 12, 21, 0, -6, 20, 63, 512 }, // U+0338
    { 4, 6, 0, -2, 0, 6, 575 }, // U+0339
    { 9, 5, 0, -4, 0, 12, 581 }, // U+033A
    { 10, 6, 0, -5, 0, 15, 593 }, // U+033B
    { 10, 3, 0, -5, -2, 8, 608 }, // U+033C
    { 6, 6, 0, -3, 20, 9, 616 }, // U+033D
    { 5, 8, 0, -2, 22, 10, 625 }, // U+033E
    { 10, 5, 0, -6, 24, 13, 635 }, // U+033F
    { 8, 4, 0, -6, 19, 8, 648 }, // U+0340
    { 8, 4, 0, -2, 19, 8, 656 }, // U+0341
    { 11, 4, 0, -5, 19, 11, 664 }, // U+0342
    { 5, 5, 0, -3, 20, 7, 675 }, // U+0343
    { 13, 4, 0, -5, 19, 13, 682 }, // U+0344
    { 5, 5, 0, -1, -1, 7, 695 }, // U+0345
    { 11, 5, 0, -5, 20, 14, 702 }, // U+0346
    { 10, 5, 0, -6, -1, 13, 716 }, // U+0347
    { 7, 4, 0, -3, -1, 7, 729 }, // U+0348
    { 5, 5, 0, -2, -1, 7, 736 }, // U+0349
    { 10, 6, 0, -5, 19, 15, 743 }, // U+034A
    { 10, 10, 0, -5, 24, 25, 758 }, // U+034B
    { 10, 6, 0, -5, 21, 15, 783 }, // U+034C
    { 10, 6, 0, -5, 0, 15, 798 }, // U+034D
    { 6, 6, 0, -3, 0, 9, 813 }, // U+034E
    { 0, 0, 0, 0, 0, 0, 822 }, // U+034F
    { 4, 5, 0, -2, 20, 5, 822 }, // U+0350
    { 4, 6, 0, -1, 21, 6, 827 }, // U+0351
    { 9, 7, 0, -4, 22, 16, 833 }, // U+0352
    { 6, 6, 0, -3, 0, 9, 849 }, // U+0353
    { 4, 5, 0, -2, -1, 5, 858 }, // U+0354
    { 4, 5, 0, -2, -1, 5, 863 }, // U+0355
    { 10, 5, 0, -4, -1, 13, 868 }, // U+0356
    { 4, 6, 0, -2, 21, 6, 881 }, // U+0357
    { 4, 4, 0, 2, 19, 4, 887 }, // U+0358
    { 6, 6, 0, -3, -1, 9, 891 }, // U+0359
    { 10, 6, 0, -6, -1, 15, 900 }, // U+035A
    { 6, 5, 0, -3, 20, 8, 915 }, // U+035B
    { 20, 5, 0, -10, -1, 25, 923 }, // U+035C
    { 20, 5, 0, -10, 20, 25, 948 }, // U+035D
    { 15, 2, 0, -7, 17, 8, 973 }, // U+035E
    { 15, 2, 0, -7, -1, 8, 981 }, // U+035F
    { 20, 4, 0, -10, 19, 20, 989 }, // U+0360
    { 20, 6, 0, -10, 22, 30, 1009 }, // U+0361
    { 20, 6, 0, -9, 0, 30, 1039 }, // U+0362
    { 6, 7, 0, -3, 22, 11, 1069 }, // U+0363
    { 6, 6, 0, -2, 21, 9, 1080 }, // U+0364
    { 2, 8, 0, 0, 24, 4, 1089 }, // U+0365
    { 6, 6, 0, -3, 22, 9, 1093 }, // U+0366
    { 6, 6, 0, -3, 21, 9, 1102 }, // U+0367
    { 6, 6, 0, -2, 22, 9, 1111 }, // U+0368
    { 6, 8, 0, -3, 24, 12, 1120 }, // U+0369
    { 6, 8, 0, -2, 24, 12, 1132 }, // U+036A
    { 10, 5, 0, -4, 21, 13, 1144 }, // U+036B
    { 5, 5, 0, -1, 21, 7, 1157 }, // U+036C
    { 5, 8, 0, -2, 23, 10, 1164 }, // U+036D
    { 7, 6, 0, -3, 22, 11, 1174 }, // U+036E
    { 8, 5, 0, -4, 21, 10, 1185 }, // U+036F
    { 11, 24, 224, 2, 24, 66, 0 }, // U+0400
    { 11, 23, 224, 2, 23, 64, 66 }, // U+0401
    { 18, 18, 306, 1, 18, 81, 130 }, // U+0402
    { 11, 24, 225, 2, 24, 66, 211 }, // U+0403
    { 15, 18, 260, 1, 18, 68, 277 }, // U+0404
    { 12, 18, 219, 1, 18, 54, 345 }, // U+0405
    { 4, 18, 129, 2, 18, 18, 399 }, // U+0406
    { 8, 24, 132, 1, 24, 48, 417 }, // U+0407
    { 8, 23, 132, -2, 18, 46, 465 }, // U+0408
    { 25, 18, 414, 1, 18, 113, 511 }, // U+0409
    { 23, 18, 425, 2, 18, 104, 624 }, // U+040A
    { 17, 18, 311, 1, 18, 77, 728 }, // U+040B
    { 16, 24, 274, 2, 24, 96, 805 }, // U+040C
    { 15, 24, 316, 2, 24, 90, 901 }, // U+040D
    { 17, 24, 258, 0, 24, 102, 991 }, // U+040E
    { 15, 22, 306, 2, 18, 83, 1093 }, // U+040F
    { 18, 18, 277, 0, 18, 81, 1176 }, // U+0410
    { 13, 18, 260, 2, 18, 59, 1257 }, // U+0411
    { 13, 18, 265, 2, 18, 59, 1316 }, // U+0412
    { 11, 18, 225, 2, 18, 50, 1375 }, // U+0413
    { 19, 23, 310, 1, 18, 110, 1425 }, // U+0414
    { 11, 18, 224, 2, 18, 50, 1535 }, // U+0415
    { 26, 18, 399, -1, 18, 117, 1585 }, // U+0416
    { 13, 18, 237, 0, 18, 59, 1702 }, // U+0417
    { 15, 18, 316, 2, 18, 68, 1761 }, // U+0418
    { 15, 24, 316, 2, 24, 90, 1829 }, // U+0419
    { 15, 18, 277, 2, 18, 68, 1919 }, // U+041A
    { 17, 18, 293, 0, 18, 77, 1987 }, // U+041B
    { 19, 18, 377, 2, 18, 86, 2064 }, // U+041C
    { 15, 18, 308, 2, 18, 68, 2150 }, // U+041D
    { 17, 18, 311, 1, 18, 77, 2218 }, // U+041E
    { 15, 18, 305, 2, 18, 68, 2295 }, // U+041F
    { 12, 18, 249, 2, 18, 54, 2363 }, // U+0420
    { 15, 18, 258, 1, 18, 68, 2417 }, // U+0421
    { 13, 18, 231, 1, 18, 59, 2485 }, // U+0422
    { 17, 18, 258, 0, 18, 77, 2544 }, // U+0423
    { 20, 18, 361, 1, 18, 90, 2621 }, // U+0424
    { 17, 18, 267, 0, 18, 77, 2711 }, // U+0425
    { 17, 23, 310, 2, 18, 98, 2788 }, // U+0426
    { 14, 18, 288, 2, 18, 63, 2886 }, // U+0427
    { 23, 18, 427, 2, 18, 104, 2949 }, // U+0428
    { 25, 23, 430, 2, 18, 144, 3053 }, // U+0429
    { 18, 18, 302, 0, 18, 81, 3197 }, // U+042A
    { 19, 18, 368, 2, 18, 86, 3278 }, // U+042B
    { 13, 18, 258, 2, 18, 59, 3364 }, // U+042C
    { 15, 18, 262, 0, 18, 68, 3423 }, // U+042D
    { 22, 18, 407, 2, 18, 99, 3491 }, // U+042E
    { 15, 18, 272, 0, 18, 68, 3590 }, // U+042F
    { 12, 14, 238, 1, 14, 42, 3658 }, // U+0430
    { 13, 20, 250, 1, 20, 65, 3700 }, // U+0431
    { 12, 14, 238, 2, 14, 42, 3765 }, // U+0432
    { 10, 14, 190, 2, 14, 35, 3807 }, // U+0433
    { 16, 18, 255, 1, 14, 72, 3842 }, // U+0434
    { 13, 14, 234, 1, 14, 46, 3914 }, // U+0435
    { 22, 14, 346, 0, 14, 77, 3960 }, // U+0436
    { 12, 14, 206, 0, 14, 42, 4037 }, // U+0437
    { 13, 14, 270, 2, 14, 46, 4079 }, // U+0438
    { 13, 20, 270, 2, 20, 65, 4125 }, // U+0439
    { 14, 14, 246, 2, 14, 49, 4190 }, // U+043A
    { 14, 14, 249, 1, 14, 49, 4239 }, // U+043B
    { 17, 14, 335, 2, 14, 60, 4288 }, // U+043C
    { 13, 14, 262, 2, 14, 46, 4348 }, // U+043D
    { 13, 14, 248, 1, 14, 46, 4394 }, // U+043E
    { 12, 14, 260, 2, 14, 42, 4440 }, // U+043F
    { 13, 20, 254, 2, 14, 65, 4482 }, // U+0440
    { 11, 14, 210, 1, 14, 39, 4547 }, // U+0441
    { 12, 14, 202, 1, 14, 42, 4586 }, // U+0442
    { 15, 20, 228, 0, 14, 75, 4628 }, // U+0443
    { 18, 25, 324, 1, 19, 113, 4703 }, // U+0444
    { 15, 14, 231, 0, 14, 53, 4816 }, // U+0445
    { 14, 18, 260, 2, 14, 63, 4869 }, // U+0446
    { 13, 14, 255, 1, 14, 46, 4932 }, // U+0447
    { 20, 14, 381, 2, 14, 70, 4978 }, // U+0448
    { 22, 18, 382, 2, 14, 99, 5048 }, // U+0449
    { 16, 14, 268, 0, 14, 56, 5147 }, // U+044A
    { 17, 14, 342, 2, 14, 60, 5203 }, // U+044B
    { 12, 14, 236, 2, 14, 42, 5263 }, // U+044C
    { 12, 14, 210, 0, 14, 42, 5305 }, // U+044D
    { 18, 14, 340, 2, 14, 63, 5347 }, // U+044E
    { 14, 14, 242, -1, 14, 49, 5410 }, // U+044F
    { 13, 20, 234, 1, 20, 65, 5459 }, // U+0450
    { 13, 19, 234, 1, 19, 62, 5524 }, // U+0451
    { 15, 25, 261, 0, 19, 94, 5586 }, // U+0452
    { 10, 20, 192, 2, 20, 50, 5680 }, // U+0453
    { 11, 14, 210, 1, 14, 39, 5730 }, // U+0454
    { 11, 14, 199, 1, 14, 39, 5769 }, // U+0455
    { 4, 19, 123, 2, 19, 19, 5808 }, // U+0456
    { 7, 19, 120, 1, 19, 34, 5827 }, // U+0457
    { 7, 25, 119, -1, 19, 44, 5861 }, // U+0458
    { 21, 14, 359, 1, 14, 74, 5905 }, // U+0459
    { 20, 14, 370, 2, 14, 70, 5979 }, // U+045A
    { 15, 19, 261, 0, 19, 72, 6049 }, // U+045B
    { 14, 20, 246, 2, 20, 70, 6121 }, // U+045C
    { 13, 20, 270, 2, 20, 65, 6191 }, // U+045D
    { 15, 26, 228, 0, 20, 98, 6256 }, // U+045E
    { 12, 18, 260, 2, 14, 54, 6354 }, // U+045F
    { 23, 18, 381, 1, 18, 104, 6408 }, // U+0460
    { 21, 14, 354, 1, 14, 74, 6512 }, // U+0461
    { 16, 18, 269, 0, 18, 72, 6586 }, // U+0462
    { 16, 17, 266, 1, 17, 68, 6658 }, // U+0463
    { 21, 18, 380, 2, 18, 95, 6726 }, // U+0464
    { 18, 14, 321, 2, 14, 63, 6821 }, // U+0465
    { 20, 18, 292, -1, 18, 90, 6884 }, // U+0466
    { 18, 14, 256, -1, 14, 63, 6974 }, // U+0467
    { 24, 18, 402, 2, 18, 108, 7037 }, // U+0468
    { 22, 14, 361, 2, 14, 77, 7145 }, // U+0469
    { 20, 18, 322, 0, 18, 90, 7222 }, // U+046A
    { 16, 14, 249, -1, 14, 56, 7312 }, // U+046B
    { 25, 18, 429, 2, 18, 113, 7368 }, // U+046C
    { 20, 14, 352, 2, 14, 70, 7481 }, // U+046D
    { 14, 28, 253, 1, 22, 98, 7551 }, // U+046E
    { 13, 23, 222, 1, 17, 75, 7649 }, // U+046F
    { 18, 18, 352, 2, 18, 81, 7724 }, // U+0470
    { 18, 25, 337, 2, 19, 113, 7805 }, // U+0471
    { 17, 18, 316, 1, 18, 77, 7918 }, // U+0472
    { 13, 14, 248, 1, 14, 46, 7995 }, // U+0473
    { 18, 18, 287, 0, 18, 81, 8041 }, // U+0474
    { 16, 14, 242, -1, 14, 56, 8122 }, // U+0475
    { 18, 23, 287, 0, 23, 104, 8178 }, // U+0476
    { 16, 19, 242, -1, 19, 76, 8282 }, // U+0477
    { 32, 24, 528, 1, 18, 192, 8358 }, // U+0478
    { 29, 20, 470, 1, 14, 145, 8550 }, // U+0479
    { 18, 21, 332, 1, 19, 95, 8695 }, // U+047A
    { 15, 17, 274, 1, 16, 64, 8790 }, // U+047B
    { 24, 27, 435, 1, 27, 162, 8854 }, // U+047C
    { 21, 23, 383, 1, 23, 121, 9016 }, // U+047D
    { 23, 23, 382, 1, 23, 133, 9137 }, // U+047E
    { 21, 19, 354, 1, 19, 100, 9270 }, // U+047F
    { 15, 24, 271, 1, 18, 90, 9370 }, // U+0480
    { 12, 20, 210, 1, 14, 60, 9460 }, // U+0481
    { 13, 17, 244, 1, 16, 56, 9520 }, // U+0482
    { 10, 5, 0, -12, 18, 13, 9576 }, // U+0483
    { 10, 4, 0, -12, 19, 10, 9589 }, // U+0484
    { 4, 5, 0, -8, 20, 5, 9599 }, // U+0485
    { 5, 5, 0, -9, 20, 7, 9604 }, // U+0486
    { 10, 4, 0, -5, 23, 10, 9611 }, // U+0487
    { 29, 27, 0, -15, 20, 196, 9621 }, // U+0488
    { 27, 28, 0, -14, 21, 189, 9817 }, // U+0489
    { 21, 29, 366, 2, 24, 153, 10006 }, // U+048A
    { 18, 25, 321, 2, 20, 113, 10159 }, // U+048B
    { 14, 18, 255, 1, 18, 63, 10272 }, // U+048C
    { 15, 19, 246, 1, 19, 72, 10335 }, // U+048D
    { 12, 18, 251, 2, 18, 54, 10407 }, // U+048E
    { 13, 20, 253, 2, 14, 65, 10461 }, // U+048F
    { 12, 22, 231, 2, 22, 66, 10526 }, // U+0490
    { 10, 18, 205, 2, 18, 45, 10592 }, // U+0491
    { 13, 18, 224, 1, 18, 59, 10637 }, // U+0492
    { 12, 14, 196, 1, 14, 42, 10696 }, // U+0493
    { 15, 24, 294, 2, 18, 90, 10738 }, // U+0494
    { 12, 20, 241, 2, 14, 60, 10828 }, // U+0495
    { 26, 23, 412, -1, 18, 150, 10888 }, // U+0496
    { 24, 19, 374, -1, 14, 114, 11038 }, // U+0497
    { 13, 24, 237, 1, 18, 78, 11152 }, // U+0498
    { 12, 20, 206, 0, 14, 60, 11230 }, // U+0499
    { 16, 23, 302, 2, 18, 92, 11290 }, // U+049A
    { 15, 19, 263, 2, 14, 72, 11382 }, // U+049B
    { 15, 18, 268, 2, 18, 68, 11454 }, // U+049C
    { 14, 14, 248, 2, 14, 49, 11522 }, // U+049D
    { 18, 18, 277, 0, 18, 81, 11571 }, // U+049E
    { 16, 19, 251, 1, 19, 76, 11652 }, // U+049F
    { 19, 18, 293, 0, 18, 86, 11728 }, // U+04A0
    { 19, 14, 278, 0, 14, 67, 11814 }, // U+04A1
    { 18, 23, 336, 2, 18, 104, 11881 }, // U+04A2
    { 16, 19, 297, 2, 14, 76, 11985 }, // U+04A3
    { 19, 18, 334, 2, 18, 86, 12061 }, // U+04A4
    { 17, 14, 303, 2, 14, 60, 12147 }, // U+04A5
    { 25, 24, 450, 2, 18, 150, 12207 }, // U+04A6
    { 20, 20, 356, 2, 14, 100, 12357 }, // U+04A7
    { 17, 19, 311, 1, 18, 81, 12457 }, // U+04A8
    { 15, 15, 262, 1, 14, 57, 12538 }, // U+04A9
    { 14, 24, 257, 1, 18, 84, 12595 }, // U+04AA
    { 11, 20, 206, 1, 14, 55, 12679 }, // U+04AB
    { 13, 23, 232, 1, 18, 75, 12734 }, // U+04AC
    { 13, 19, 220, 1, 14, 62, 12809 }, // U+04AD
    { 16, 18, 250, 0, 18, 72, 12871 }, // U+04AE
    { 16, 20, 230, -1, 14, 80, 12943 }, // U+04AF
    { 18, 18, 250, -1, 18, 81, 13023 }, // U+04B0
    { 15, 20, 230, 0, 14, 75, 13104 }, // U+04B1
    { 19, 23, 297, -1, 18, 110, 13179 }, // U+04B2
    { 16, 19, 254, 0, 14, 76, 13289 }, // U+04B3
    { 22, 24, 372, 1, 18, 132, 13365 }, // U+04B4
    { 19, 20, 316, 1, 14, 95, 13497 }, // U+04B5
    { 18, 23, 322, 1, 18, 104, 13592 }, // U+04B6
    { 17, 19, 290, 1, 14, 81, 13696 }, // U+04B7
    { 15, 18, 294, 2, 18, 68, 13777 }, // U+04B8
    { 13, 14, 264, 1, 14, 46, 13845 }, // U+04B9
    { 15, 18, 294, 2, 18, 68, 13891 }, // U+04BA
    { 13, 19, 260, 2, 19, 62, 13959 }, // U+04BB
    { 22, 18, 379, 0, 18, 99, 14021 }, // U+04BC
    { 17, 14, 283, 0, 14, 60, 14120 }, // U+04BD
    { 22, 23, 379, 0, 18, 127, 14180 }, // U+04BE
    { 17, 19, 283, 0, 14, 81, 14307 }, // U+04BF
    { 8, 18, 156, 1, 18, 36, 14388 }, // U+04C0
    { 26, 24, 400, -1, 24, 156, 14424 }, // U+04C1
    { 22, 20, 346, 0, 20, 110, 14580 }, // U+04C2
    { 16, 24, 304, 2, 18, 96, 14690 }, // U+04C3
    { 14, 20, 261, 2, 14, 70, 14786 }, // U+04C4
    { 21, 23, 335, 0, 18, 121, 14856 }, // U+04C5
    { 19, 20, 291, 0, 14, 95, 14977 }, // U+04C6
    { 15, 24, 306, 2, 18, 90, 15072 }, // U+04C7
    { 13, 20, 265, 2, 14, 65, 15162 }, // U+04C8
    { 19, 23, 343, 2, 18, 110, 15227 }, // U+04C9
    { 17, 19, 298, 2, 14, 81, 15337 }, // U+04CA
    { 15, 23, 294, 2, 18, 87, 15418 }, // U+04CB
    { 13, 19, 262, 1, 14, 62, 15505 }, // U+04CC
    { 24, 23, 414, 2, 18, 138, 15567 }, // U+04CD
    { 21, 19, 370, 2, 14, 100, 15705 }, // U+04CE
    { 8, 18, 156, 1, 18, 36, 15805 }, // U+04CF
    { 18, 24, 277, 0, 24, 108, 15841 }, // U+04D0
    { 12, 20, 240, 1, 20, 60, 15949 }, // U+04D1
    { 19, 23, 277, -1, 23, 110, 16009 }, // U+04D2
    { 12, 19, 240, 1, 19, 57, 16119 }, // U+04D3
    { 23, 18, 381, 0, 18, 104, 16176 }, // U+04D4
    { 21, 14, 367, 1, 14, 74, 16280 }, // U+04D5
    { 11, 24, 224, 2, 24, 66, 16354 }, // U+04D6
    { 13, 20, 239, 1, 20, 65, 16420 }, // U+04D7
    { 17, 18, 327, 2, 18, 77, 16485 }, // U+04D8
    { 13, 14, 239, 1, 14, 46, 16562 }, // U+04D9
    { 17, 23, 327, 2, 23, 98, 16608 }, // U+04DA
    { 13, 19, 239, 1, 19, 62, 16706 }, // U+04DB
    { 25, 23, 400, 0, 23, 144, 16768 }, // U+04DC
    { 23, 19, 346, -1, 19, 110, 16912 }, // U+04DD
    { 13, 23, 237, 1, 23, 75, 17022 }, // U+04DE
    { 12, 19, 206, 0, 19, 57, 17097 }, // U+04DF
    { 14, 18, 236, 0, 18, 63, 17154 }, // U+04E0
    { 13, 20, 232, 0, 14, 65, 17217 }, // U+04E1
    { 15, 22, 316, 2, 22, 83, 17282 }, // U+04E2
    { 13, 18, 270, 2, 18, 59, 17365 }, // U+04E3
    { 15, 23, 316, 2, 23, 87, 17424 }, // U+04E4
    { 13, 19, 270, 2, 19, 62, 17511 }, // U+04E5
    { 17, 23, 316, 1, 23, 98, 17573 }, // U+04E6
    { 13, 19, 250, 1, 19, 62, 17671 }, // U+04E7
    { 17, 18, 316, 1, 18, 77, 17733 }, // U+04E8
    { 13, 14, 250, 1, 14, 46, 17810 }, // U+04E9
    { 17, 23, 316, 1, 23, 98, 17856 }, // U+04EA
    { 13, 19, 250, 1, 19, 62, 17954 }, // U+04EB
    { 15, 23, 261, 0, 23, 87, 18016 }, // U+04EC
    { 12, 19, 210, 0, 19, 57, 18103 }, // U+04ED
    { 16, 22, 258, 0, 22, 88, 18160 }, // U+04EE
    { 14, 24, 228, 0, 18, 84, 18248 }, // U+04EF
    { 17, 23, 258, 0, 23, 98, 18332 }, // U+04F0
    { 15, 25, 228, 0, 19, 94, 18430 }, // U+04F1
    { 17, 24, 258, 0, 24, 102, 18524 }, // U+04F2
    { 15, 25, 228, 0, 19, 94, 18626 }, // U+04F3
    { 14, 23, 288, 2, 23, 81, 18720 }, // U+04F4
    { 13, 19, 255, 1, 19, 62, 18801 }, // U+04F5
    { 12, 23, 224, 2, 18, 69, 18863 }, // U+04F6
    { 10, 19, 191, 2, 14, 48, 18932 }, // U+04F7
    { 19, 23, 368, 2, 23, 110, 18980 }, // U+04F8
    { 17, 19, 342, 2, 19, 81, 19090 }, // U+04F9
    { 13, 24, 224, 1, 18, 78, 19171 }, // U+04FA
    { 12, 20, 196, 1, 14, 60, 19249 }, // U+04FB
    { 19, 24, 292, -1, 18, 114, 19309 }, // U+04FC
    { 16, 20, 258, -1, 14, 80, 19423 }, // U+04FD
    { 18, 18, 268, -1, 18, 81, 19503 }, // U+04FE
    { 16, 14, 231, -1, 14, 56, 19584 }, // U+04FF
    { 18, 23, 277, 0, 18, 104, 0 }, // U+1EA0
    { 12, 19, 240, 1, 14, 57, 104 }, // U+1EA1
    { 18, 26, 277, -1, 26, 117, 161 }, // U+1EA2
    { 12, 22, 240, 1, 22, 66, 278 }, // U+1EA3
    { 18, 25, 277, 0, 25, 113, 344 }, // U+1EA4
    { 15, 21, 240, 1, 21, 79, 457 }, // U+1EA5
    { 18, 25, 277, 0, 25, 113, 536 }, // U+1EA6
    { 14, 21, 240, -1, 21, 74, 649 }, // U+1EA7
    { 18, 26, 277, 0, 26, 117, 723 }, // U+1EA8
    { 14, 22, 240, 1, 22, 77, 840 }, // U+1EA9
    { 18, 26, 277, 0, 26, 117, 917 }, // U+1EAA
    { 12, 23, 240, 1, 23, 69, 1034 }, // U+1EAB
    { 18, 29, 277, 0, 24, 131, 1103 }, // U+1EAC
    { 12, 24, 240, 1, 19, 72, 1234 }, // U+1EAD
    { 19, 25, 277, -1, 25, 119, 1306 }, // U+1EAE
    { 12, 22, 240, 1, 22, 66, 1425 }, // U+1EAF
    { 19, 25, 277, -1, 25, 119, 1491 }, // U+1EB0
    { 12, 22, 240, 1, 22, 66, 1610 }, // U+1EB1
    { 18, 26, 277, 0, 26, 117, 1676 }, // U+1EB2
    { 12, 22, 240, 1, 22, 66, 1793 }, // U+1EB3
    { 18, 27, 277, 0, 27, 122, 1859 }, // U+1EB4
    { 12, 23, 240, 1, 23, 69, 1981 }, // U+1EB5
    { 19, 29, 277, -1, 24, 138, 2050 }, // U+1EB6
    { 12, 24, 240, 1, 19, 72, 2188 }, // U+1EB7
    { 11, 23, 224, 2, 18, 64, 2260 }, // U+1EB8
    { 13, 19, 239, 1, 14, 62, 2324 }, // U+1EB9
    { 11, 26, 224, 2, 26, 72, 2386 }, // U+1EBA
    { 13, 22, 239, 1, 22, 72, 2458 }, // U+1EBB
    { 11, 24, 224, 2, 24, 66, 2530 }, // U+1EBC
    { 13, 19, 239, 1, 19, 62, 2596 }, // U+1EBD
    { 14, 25, 224, 1, 25, 88, 2658 }, // U+1EBE
    { 15, 21, 239, 1, 21, 79, 2746 }, // U+1EBF
    { 15, 25, 224, -2, 25, 94, 2825 }, // U+1EC0
    { 15, 21, 239, -1, 21, 79, 2919 }, // U+1EC1
    { 13, 26, 224, 1, 26, 85, 2998 }, // U+1EC2
    { 14, 22, 239, 1, 22, 77, 3083 }, // U+1EC3
    { 11, 26, 224, 2, 26, 72, 3160 }, // U+1EC4
    { 13, 23, 239, 1, 23, 75, 3232 }, // U+1EC5
    { 11, 29, 224, 2, 24, 80, 3307 }, // U+1EC6
    { 13, 24, 239, 1, 19, 78, 3387 }, // U+1EC7
    { 8, 25, 156, 1, 25, 50, 3465 }, // U+1EC8
    { 6, 21, 120, 1, 21, 32, 3515 }, // U+1EC9
    { 8, 23, 156, 1, 18, 46, 3547 }, // U+1ECA
    { 4, 24, 120, 2, 19, 24, 3593 }, // U+1ECB
    { 17, 23, 316, 1, 18, 98, 3617 }, // U+1ECC
    { 13, 19, 250, 1, 14, 62, 3715 }, // U+1ECD
    { 17, 26, 316, 1, 26, 111, 3777 }, // U+1ECE
    { 13, 22, 250, 1, 22, 72, 3888 }, // U+1ECF
    { 17, 25, 316, 1, 25, 107, 3960 }, // U+1ED0
    { 15, 21, 250, 1, 21, 79, 4067 }, // U+1ED1
    { 17, 25, 316, 1, 25, 107, 4146 }, // U+1ED2
    { 15, 21, 250, -1, 21, 79, 4253 }, // U+1ED3
    { 17, 27, 316, 1, 27, 115, 4332 }, // U+1ED4
    { 14, 22, 250, 1, 22, 77, 4447 }, // U+1ED5
    { 17, 27, 316, 1, 27, 115, 4524 }, // U+1ED6
    { 13, 23, 250, 1, 23, 75, 4639 }, // U+1ED7
    { 17, 29, 316, 1, 24, 124, 4714 }, // U+1ED8
    { 13, 24, 250, 1, 19, 78, 4838 }, // U+1ED9
    { 20, 24, 328, 1, 24, 120, 4916 }, // U+1EDA
    { 17, 19, 272, 1, 19, 81, 5036 }, // U+1EDB
    { 20, 24, 328, 1, 24, 120, 5117 }, // U+1EDC
    { 17, 19, 272, 1, 19, 81, 5237 }, // U+1EDD
    { 20, 26, 328, 1, 26, 130, 5318 }, // U+1EDE
    { 17, 22, 272, 1, 22, 94, 5448 }, // U+1EDF
    { 20, 24, 328, 1, 24, 120, 5542 }, // U+1EE0
    { 17, 19, 272, 1, 19, 81, 5662 }, // U+1EE1
    { 20, 24, 328, 1, 19, 120, 5743 }, // U+1EE2
    { 17, 21, 272, 1, 16, 90, 5863 }, // U+1EE3
    { 15, 23, 302, 2, 18, 87, 5953 }, // U+1EE4
    { 13, 19, 260, 2, 14, 62, 6040 }, // U+1EE5
    { 15, 26, 302, 2, 26, 98, 6102 }, // U+1EE6
    { 13, 22, 260, 2, 22, 72, 6200 }, // U+1EE7
    { 21, 24, 354, 2, 24, 126, 6272 }, // U+1EE8
    { 18, 19, 303, 2, 19, 86, 6398 }, // U+1EE9
    { 21, 24, 354, 2, 24, 126, 6484 }, // U+1EEA
    { 18, 19, 303, 2, 19, 86, 6610 }, // U+1EEB
    { 21, 26, 354, 2, 26, 137, 6696 }, // U+1EEC
    { 18, 22, 303, 2, 22, 99, 6833 }, // U+1EED
    { 21, 24, 354, 2, 24, 126, 6932 }, // U+1EEE
    { 18, 19, 303, 2, 19, 86, 7058 }, // U+1EEF
    { 21, 24, 354, 2, 19, 126, 7144 }, // U+1EF0
    { 18, 21, 303, 2, 16, 95, 7270 }, // U+1EF1
    { 16, 24, 250, 0, 24, 96, 7365 }, // U+1EF2
    { 15, 25, 228, 0, 19, 94, 7461 }, // U+1EF3
    { 16, 23, 250, 0, 18, 92, 7555 }, // U+1EF4
    { 15, 20, 228, -1, 14, 75, 7647 }, // U+1EF5
    { 16, 25, 250, 0, 25, 100, 7722 }, // U+1EF6
    { 15, 27, 228, -1, 21, 102, 7822 }, // U+1EF7
    { 16, 24, 250, 0, 24, 96, 7924 }, // U+1EF8
    { 15, 25, 228, 0, 19, 94, 8020 }, // U+1EF9
    { 0, 0, 200, 0, 0, 0, 0 }, // U+2000
    { 0, 0, 400, 0, 0, 0, 0 }, // U+2001
    { 0, 0, 200, 0, 0, 0, 0 }, // U+2002
    { 0, 0, 400, 0, 0, 0, 0 }, // U+2003
    { 0, 0, 133, 0, 0, 0, 0 }, // U+2004
    { 0, 0, 100, 0, 0, 0, 0 }, // U+2005
    { 0, 0, 67, 0, 0, 0, 0 }, // U+2006
    { 0, 0, 229, 0, 0, 0, 0 }, // U+2007
    { 0, 0, 112, 0, 0, 0, 0 }, // U+2008
    { 0, 0, 66, 0, 0, 0, 0 }, // U+2009
    { 0, 0, 40, 0, 0, 0, 0 }, // U+200A
    { 0, 0, 0, 0, 0, 0, 0 }, // U+200B
    { 0, 0, 0, 0, 0, 0, 0 }, // U+200C
    { 0, 0, 0, 0, 0, 0, 0 }, // U+200D
    { 0, 0, 0, 0, 0, 0, 0 }, // U+200E
    { 0, 0, 0, 0, 0, 0, 0 }, // U+200F
    { 7, 3, 128, 1, 8, 6, 0 }, // U+2010
    { 7, 3, 128, 1, 8, 6, 6 }, // U+2011
    { 12, 3, 231, 1, 10, 9, 12 }, // U+2012
    { 11, 3, 200, 1, 8, 9, 21 }, // U+2013
    { 23, 3, 400, 1, 8, 18, 30 }, // U+2014
    { 23, 3, 400, 1, 8, 18, 48 }, // U+2015
    { 9, 25, 220, 2, 19, 57, 66 }, // U+2016
    { 10, 5, 164, 0, -1, 13, 123 }, // U+2017
    { 6, 6, 87, 0, 18, 9, 136 }, // U+2018
    { 6, 6, 87, 0, 18, 9, 145 }, // U+2019
    { 6, 6, 114, 0, 3, 9, 154 }, // U+201A
    { 6, 6, 87, 0, 18, 9, 163 }, // U+201B
    { 11, 6, 178, 0, 18, 17, 172 }, // U+201C
    { 11, 6, 178, 0, 18, 17, 189 }, // U+201D
    { 12, 6, 205, 0, 3, 18, 206 }, // U+201E
    { 11, 6, 178, 0, 18, 17, 224 }, // U+201F
    { 11, 19, 205, 1, 19, 53, 241 }, // U+2020
    { 10, 19, 208, 1, 19, 48, 294 }, // U+2021
    { 7, 8, 150, 1, 13, 14, 342 }, // U+2022
    { 8, 11, 150, 1, 15, 22, 356 }, // U+2023
    { 4, 4, 200, 4, 4, 4, 378 }, // U+2024
    { 12, 4, 230, 1, 4, 12, 382 }, // U+2025
    { 19, 4, 342, 1, 4, 19, 394 }, // U+2026
    { 4, 4, 112, 1, 9, 4, 413 }, // U+2027
    { 0, 0, 240, 0, 0, 0, 417 }, // U+2028
    { 0, 0, 240, 0, 0, 0, 417 }, // U+2029
    { 0, 0, 0, 0, 0, 0, 417 }, // U+202A
    { 0, 0, 0, 0, 0, 0, 417 }, // U+202B
    { 0, 0, 0, 0, 0, 0, 417 }, // U+202C
    { 0, 0, 0, 0, 0, 0, 417 }, // U+202D
    { 0, 0, 0, 0, 0, 0, 417 }, // U+202E
    { 0, 0, 66, 0, 0, 0, 417 }, // U+202F
    { 31, 18, 512, 1, 18, 140, 417 }, // U+2030
    { 40, 18, 667, 1, 18, 180, 557 }, // U+2031
    { 7, 7, 121, 1, 18, 13, 737 }, // U+2032
    { 13, 6, 210, 1, 18, 20, 750 }, // U+2033
    { 18, 6, 298, 1, 18, 27, 770 }, // U+2034
    { 7, 7, 169, 1, 18, 13, 797 }, // U+2035
    { 13, 6, 257, 1, 18, 20, 810 }, // U+2036
    { 18, 6, 346, 1, 18, 27, 830 }, // U+2037
    { 10, 8, 163, 0, 2, 20, 857 }, // U+2038
    { 8, 12, 146, 1, 13, 24, 877 }, // U+2039
    { 8, 12, 146, 0, 13, 24, 901 }, // U+203A
    { 19, 18, 340, 1, 18, 86, 925 }, // U+203B
    { 11, 18, 228, 1, 18, 50, 1011 }, // U+203C
    { 13, 18, 191, -1, 18, 59, 1061 }, // U+203D
    { 13, 3, 200, 0, 22, 10, 1120 }, // U+203E
    { 15, 6, 244, 0, 0, 23, 1130 }, // U+203F
    { 15, 6, 244, 0, 20, 23, 1153 }, // U+2040
    { 11, 16, 170, 0, 10, 44, 1176 }, // U+2041
    { 28, 23, 448, 0, 19, 161, 1220 }, // U+2042
    { 7, 3, 128, 1, 8, 6, 1381 }, // U+2043
    { 14, 18, 52, -5, 18, 63, 1387 }, // U+2044
    { 6, 22, 132, 2, 18, 33, 1450 }, // U+2045
    { 7, 22, 132, 0, 18, 39, 1483 }, // U+2046
    { 23, 18, 380, 0, 18, 104, 1522 }, // U+2047
    { 17, 18, 305, 0, 18, 77, 1626 }, // U+2048
    { 17, 18, 305, 1, 18, 77, 1703 }, // U+2049
    { 12, 14, 235, 1, 14, 42, 1780 }, // U+204A
    { 13, 23, 259, 2, 19, 75, 1822 }, // U+204B
    { 13, 13, 262, 1, 14, 43, 1897 }, // U+204C
    { 13, 13, 262, 2, 14, 43, 1940 }, // U+204D
    { 13, 12, 217, 0, 7, 39, 1983 }, // U+204E
    { 5, 17, 114, 1, 14, 22, 2022 }, // U+204F
    { 15, 26, 240, 0, 20, 98, 2044 }, // U+2050
    { 13, 25, 217, 0, 19, 82, 2142 }, // U+2051
    { 11, 18, 169, 0, 18, 50, 2224 }, // U+2052
    { 24, 4, 400, 1, 9, 24, 2274 }, // U+2053
    { 15, 6, 240, 0, 0, 23, 2298 }, // U+2054
    { 13, 13, 224, 1, 13, 43, 2321 }, // U+2055
    { 11, 18, 232, 1, 18, 50, 2364 }, // U+2056
    { 23, 6, 374, 1, 18, 35, 2414 }, // U+2057
    { 18, 18, 349, 1, 18, 81, 2449 }, // U+2058
    { 18, 18, 349, 1, 18, 81, 2530 }, // U+2059
    { 4, 18, 114, 1, 18, 18, 2611 }, // U+205A
    { 15, 20, 277, 1, 20, 75, 2629 }, // U+205B
    { 19, 20, 341, 1, 19, 95, 2704 }, // U+205C
    { 4, 19, 112, 1, 19, 19, 2799 }, // U+205D
    { 4, 18, 114, 1, 18, 18, 2818 }, // U+205E
    { 0, 0, 89, 0, 0, 0, 2836 }, // U+205F
    { 0, 0, 0, 0, 0, 0, 2836 }, // U+2060
    { 0, 0, 0, 0, 0, 0, 2836 }, // U+2061
    { 0, 0, 0, 0, 0, 0, 2836 }, // U+2062
    { 0, 0, 0, 0, 0, 0, 2836 }, // U+2063
    { 0, 0, 0, 0, 0, 0, 2836 }, // U+2064
    { 0, 0, 0, 0, 0, 0, 2836 }, // U+2065
    { 0, 0, 0, 0, 0, 0, 2836 }, // U+2066
    { 0, 0, 0, 0, 0, 0, 2836 }, // U+2067
    { 0, 0, 0, 0, 0, 0, 2836 }, // U+2068
    { 0, 0, 0, 0, 0, 0, 2836 }, // U+2069
    { 0, 0, 0, 0, 0, 0, 2836 }, // U+206A
    { 0, 0, 0, 0, 0, 0, 2836 }, // U+206B
    { 0, 0, 0, 0, 0, 0, 2836 }, // U+206C
    { 0, 0, 0, 0, 0, 0, 2836 }, // U+206D
    { 0, 0, 0, 0, 0, 0, 2836 }, // U+206E
    { 0, 0, 0, 0, 0, 0, 2836 }, // U+206F
    { 9, 11, 152, 1, 21, 25, 0 }, // U+2070
    { 3, 12, 78, 1, 19, 9, 25 }, // U+2071
    { 9, 11, 152, 1, 21, 25, 34 }, // U+2074
    { 9, 11, 152, 1, 21, 25, 59 }, // U+2075
    { 10, 12, 152, 1, 22, 30, 84 }, // U+2076
    { 8, 12, 152, 1, 22, 24, 114 }, // U+2077
    { 10, 12, 152, 1, 22, 30, 138 }, // U+2078
    { 8, 12, 152, 1, 22, 24, 168 }, // U+2079
    { 7, 7, 144, 1, 18, 13, 192 }, // U+207A
    { 7, 2, 144, 1, 16, 4, 205 }, // U+207B
    { 7, 5, 144, 1, 18, 9, 209 }, // U+207C
    { 5, 14, 97, 2, 23, 18, 218 }, // U+207D
    { 6, 14, 97, -1, 23, 21, 236 }, // U+207E
    { 8, 8, 169, 1, 15, 16, 257 }, // U+207F
    { 9, 12, 152, 1, 8, 27, 273 }, // U+2080
    { 8, 11, 152, 0, 8, 22, 300 }, // U+2081
    { 9, 11, 152, 0, 8, 25, 322 }, // U+2082
    { 10, 12, 152, 0, 9, 30, 347 }, // U+2083
    { 9, 11, 152, 1, 8, 25, 377 }, // U+2084
    { 9, 11, 152, 1, 8, 25, 402 }, // U+2085
    { 10, 12, 152, 1, 8, 30, 427 }, // U+2086
    { 8, 12, 152, 1, 8, 24, 457 }, // U+2087
    { 10, 12, 152, 1, 8, 30, 481 }, // U+2088
    { 8, 12, 152, 1, 8, 24, 511 }, // U+2089
    { 7, 7, 144, 1, 6, 13, 535 }, // U+208A
    { 7, 2, 144, 1, 3, 4, 548 }, // U+208B
    { 7, 5, 144, 1, 5, 9, 552 }, // U+208C
    { 5, 14, 97, 2, 9, 18, 561 }, // U+208D
    { 6, 14, 97, -1, 9, 21, 579 }, // U+208E
    { 8, 8, 156, 1, 6, 16, 600 }, // U+2090
    { 9, 8, 155, 1, 6, 18, 616 }, // U+2091
    { 9, 8, 162, 1, 6, 18, 634 }, // U+2092
    { 10, 8, 150, 0, 6, 20, 652 }, // U+2093
    { 8, 8, 155, 1, 6, 16, 672 }, // U+2094
    { 8, 11, 169, 1, 9, 22, 688 }, // U+2095
    { 9, 11, 158, 1, 9, 25, 710 }, // U+2096
    { 3, 11, 78, 1, 9, 9, 735 }, // U+2097
    { 14, 8, 254, 1, 6, 28, 744 }, // U+2098
    { 8, 8, 169, 1, 6, 16, 772 }, // U+2099
    { 10, 12, 164, 1, 6, 30, 788 }, // U+209A
    { 8, 8, 130, 0, 6, 16, 818 }, // U+209B
    { 6, 10, 110, 1, 8, 15, 834 }, // U+209C
    { 13, 18, 229, 1, 18, 59, 0 }, // U+20A0
    { 14, 21, 244, 1, 19, 74, 59 }, // U+20A1
    { 14, 18, 229, 1, 18, 63, 133 }, // U+20A2
    { 13, 18, 229, 1, 18, 59, 196 }, // U+20A3
    { 13, 18, 229, 1, 18, 59, 255 }, // U+20A4
    { 21, 20, 390, 2, 17, 105, 314 }, // U+20A5
    { 14, 18, 229, 1, 18, 63, 419 }, // U+20A6
    { 19, 18, 356, 2, 18, 86, 482 }, // U+20A7
    { 21, 18, 367, 2, 18, 95, 568 }, // U+20A8
    { 18, 18, 295, 1, 18, 81, 663 }, // U+20A9
    { 19, 18, 368, 2, 18, 86, 744 }, // U+20AA
    { 15, 23, 258, 1, 19, 87, 830 }, // U+20AB
    { 14, 18, 229, 1, 18, 63, 917 }, // U+20AC
    { 15, 18, 229, 1, 18, 68, 980 }, // U+20AD
    { 13, 18, 229, 1, 18, 59, 1048 }, // U+20AE
    { 24, 24, 404, 0, 18, 144, 1107 }, // U+20AF
    { 14, 24, 244, 0, 18, 84, 1251 }, // U+20B0
    { 14, 18, 229, 1, 18, 63, 1335 }, // U+20B1
    { 15, 21, 294, 1, 19, 79, 1398 }, // U+20B2
    { 18, 18, 260, 0, 18, 81, 1477 }, // U+20B3
    { 14, 18, 229, 1, 18, 63, 1558 }, // U+20B4
    { 14, 21, 255, 1, 19, 74, 1621 }, // U+20B5
    { 17, 17, 278, 1, 17, 73, 1695 }, // U+20B6
    { 18, 20, 292, 0, 18, 90, 1768 }, // U+20B7
    { 13, 18, 229, 1, 18, 59, 1858 }, // U+20B8
    { 11, 18, 229, 2, 18, 50, 1917 }, // U+20B9
    { 14, 18, 229, 1, 18, 63, 1967 }, // U+20BA
    { 20, 18, 325, 1, 18, 90, 2030 }, // U+20BB
    { 20, 18, 350, 1, 18, 90, 2120 }, // U+20BC
    { 14, 18, 240, 1, 18, 63, 2210 }, // U+20BD
    { 17, 19, 316, 1, 19, 81, 2273 }, // U+20BE
    { 11, 23, 229, 2, 20, 64, 2354 }, // U+20BF
    { 12, 19, 210, 1, 14, 57, 2418 }, // U+20C0
    { 13, 3, 232, 1, 10, 10, 0 }, // U+2212
    { 21, 19, 309, 1, 19, 100, 0 }, // U+FB00
    { 15, 19, 274, 1, 19, 72, 100 }, // U+FB01
    { 15, 19, 277, 1, 19, 72, 172 }, // U+FB02
    { 25, 19, 428, 1, 19, 119, 244 }, // U+FB03
    { 25, 19, 432, 1, 19, 119, 363 }, // U+FB04
    { 16, 19, 313, 2, 19, 76, 482 }, // U+FB05
    { 21, 19, 372, 1, 19, 100, 558 }, // U+FB06
    { 23, 24, 400, 1, 20, 138, 0 }, // U+FFFD
};


static const EpdFontGroup notosans_12_boldGroups[] = {
    { 0, 2195, 5420, 97, 3497, 0 },
    { 2195, 1467, 4011, 59, 2082, 97 },
    { 3662, 816, 2659, 37, 2463, 156 },
    { 4478, 1190, 4062, 52, 2043, 193 },
    { 5668, 1128, 4042, 52, 3173, 245 },
    { 6796, 662, 2149, 24, 704, 297 },
    { 7458, 3203, 9305, 96, 3831, 321 },
    { 10661, 795, 1407, 112, 677, 417 },
    { 11456, 7970, 21524, 256, 3832, 529 },
    { 19426, 2339, 8945, 90, 1762, 785 },
    { 21765, 1328, 3122, 112, 1619, 875 },
    { 23093, 473, 1018, 42, 615, 987 },
    { 23566, 1281, 2748, 33, 1963, 1029 },
    { 24847, 8, 12, 1, 4, 1062 },
    { 24855, 211, 722, 7, 271, 1063 },
    { 25066, 106, 144, 1, 23, 1070 },
};







static const int8_t notosans_12_boldKernSparseValues[] = {
     -28,    8,    8,    4,  -16,  -24,  -12,  -12,  -12,  -32,   28,    8,  -12,    8,  -28,  -24,
       8,   -4,  -16,  -28,    8,  -20,   12,    8,   12,   12,    8,  -24,   -8,  -24,   -8,  -12,
      36,   16,   40,  -12,   24,  -20,  -28,   -8,  -24,  -24,  -20,   24,   -8,  -16,  -32,  -16,
     -24,  -20,  -24,  -28,  -24,  -24,  -16,  -16,   -8,   -4,   -4,   -8,  -16,   -5,   -2,   -2,
      -2,   -2,  -28,   -8,   20,  -28,  -16,  -24,   -4,   -8,   -8,  -16,   -8,  -12,   -4,   -8,
      -4,   -4,   24,    8,  -24,    8,   -8,  -32,   -8,   -8,   -4,   -8,  -12,   -4,  -52,  -20,
      -8,   -4,   -8,  -12,   -4,   -8,  -24,  -16,    8,  -28,   -8,    8,  -32,  -28,  -28,  -20,
     -24,   -8,  -16,  -24,  -12,   -8,   -4,  -20,    8,  -16,   -4,   -8,   -8,   -4,   -4,   -4,
     -12,   -4,  -12,  -24,    8,  -24,   -8,  -20,  -20,  -20,  -12,  -16,   -8,  -32,  -12,   -4,
      -8,   38,   -4,   -4,   -8,   -4,    8,   24,   16,   -8,   16,  -64,   -8,   -8,   -4,   16,
     -16,    8,   -8,   20,   -8,   -4,  -12,  -12,   -4,  -12,  -12,   -4,   -4,  -24,  -12,   -8,
     -32,  -24,   -8,   -8,   -8,  -16,   40,  -16,  -12,  -16,   20,  -28,   -8,   44,  -28,  -16,
     -24,   47,   42,   58,   53,   12,   28,   37,   20,   47,   20,   52,   54,   65,   56,   38,
      -8,    8,   24,   28,   20,   24,    8,   16,   20,  -12,   -4,    8,   28,   28,   20,   24,
     -12,   -8,   -8,    8,   20,   20,   20,  -28,  -20,   -8,  -12,   -8,   -8,   -8,   -8,  -16,
     -24,  -20,   -8,  -12,    8,  -20,  -16,  -12,  -12,    8,   -8,  -10,  -28,  -10,  -14,  -16,
      -8,  -12,  -16,  -16,   -4,   -4,  -12,   -4,   -3,  -12,  -16,   -8,    4,   -8,   -8,  -12,
      -8,   -8,   -8,   -8,   -4,  -36,   -4,  -24,   -8,  -12,   -8,   -8,   -8,   -8,  -12,  -24,
       8,   -4,   -4,   -8,   -8,  -16,   -4,   -4,   -8,   -8,   -4,   -4,   -8,   -8,  -20,    8,
     -28,   -8,   -4,  -20,   -8,  -16,   -8,  -31,  -48,  -42,  -12,  -14,  -20,  -16,   -4,  -38,
     -29,  -12,   -8,  -20,   -8,  -20,   20,  -12,   -4,   -8,  -12,  -20,  -28,   -4,  -28,   -8,
      20,   -7,  -14,  -24,   -4,  -12,   -8,  -12,   -8,  -16,  -20,  -24,  -20,   -4,  -16,   -4,
      -4,   -4,   -4,   -6,   -4,   12,   36,   12,   16,   -4,  -10,   12,   12,   -4,   12,   -8,
      28,  -16,   -8,   -4,  -16,   -8,   -4,   -8,   -4,   -4,   -6,   -4,   -4,   -4,   -4,   -4,
      -8,  -52,   -4,   -4,   -8,   -4,  -24,   -8,  -20,  -24,   -8,   -4,  -10,  -20,   -4,  -16,
      -4,  -24,   -4,   -5,  -16,   -4,  -14,   -4,   -8,  -12,  -14,  -12,  -16,  -12,   -4,  -10,
      -6,   -6,   -4,   -8,   -4,  -16,  -14,   -8,   -4,   -4,   -2,  -24,  -15,   -4,  -12,   -8,
      -4,   -8,   -4,  -12,   -4,   -4,   -2,  -12,   -4,   -4,   -4,   -8,   -4,   -4,   12,  -16,
      -8,   -8,  -12,  -12,   -4,  -16,   -4,  -12,   16,   -4,    8,  -12,   40,    8,   12,   -6,
       8,   10,   -6,  -12,   24,   -2,  -16,  -15,   -4,   -8,   -8,   -4,   -8,   -4,  -12,   -4,
      -4,   -4,   -4,   -6,   -4,   -6,   -4,   -8,   -8,   -8,   -4,   -8,   12,  -12,   -1,    8,
      -8,   -4,   -4,    8,  -16,   -8,   -8,  -12,   -4,   -4,  -20,  -12,  -20,  -12,   16,  -32,
      -4,  -24,   -8,   -4,   -4,   -4,  -28,   -8,   -8,  -24,  -18,  -16,   -8,   -8,  -12,   -8,
     -12,   -4,  -16,   32,  -12,  -20,    8,   12,  -16,   -8,   -8,   10,  -12,  -12,   -4,  -16,
      -4,  -12,   10,   10,   16,   -8,  -12,   -4,   -8,   12,    8,   17,    6,   12,    8,   -4,
     -16,   16,  -12,  -20,  -16,   -8,  -16,  -16,  -16,   -8,  -12,   -8,  -12,  -28,   -8,  -20,
     -12,  -12,   -8,   -8,   -8,  -16,   -4,   -4,  -24,  -16,  -24,  -12,    8,   -8,  -16,  -28,
     -20,  -12,  -28,  -24,   -8,   -8,  -16,  -16,  -20,   -8,   -8,  -20,  -16,  -20,  -28,  -20,
     -32,  -20,   -8,  -12,   -4,  -16,   -4,  -12,  -20,   -8,    8,  -24,  -16,  -20,   -8,   -8,
     -20,    8,   -8,  -12,    8,   -8,  -12,  -16,  -12,   -8,  -12,   -8,  -20,   -8,  -20,   -8,
      -4,   -4,  -24,  -24,  -20,  -20,  -16,    8,   -8,  -12,  -16,  -16,  -16,   -4,  -16,   -4,
      -8,   -4,   -4,   -4,   -8,   -4,
};


static const EpdFontData notosans_12_bold = {
    notosans_12_boldBitmaps,
    notosans_12_boldGlyphs,
    epdSharedFontIntervals_cb6738f1a23b,
    19,
    34,
    27,
    -8,
    true,
    notosans_12_boldGroups,
    16,
    nullptr,
    nullptr,  // kernLeftClasses: built-in fonts use the split arrays below
    nullptr,  // kernRightClasses
    epdSharedFontKernLeftCodepoints_63dda1171fed,
    epdSharedFontKernLeftClassIds_a3a12d00c4f6,
    epdSharedFontKernRightCodepoints_dbaff3525670,
    epdSharedFontKernRightClassIds_d41c1eb3459f,
    nullptr,  // kernMatrix: built-in fonts use the sparse form below
    epdSharedFontKernRowOffsets_50d8fec22a76,
    epdSharedFontKernSparseCols_f5cf594115ef,
    notosans_12_boldKernSparseValues,
    478,
    474,
    88,
    76,
    epdSharedFontLigaturePairs_607bf6e70845,
    5,
};
